selection_order,cn_selection_rank,selection_score_sha256,mol_id,fold,metal,cn,graph_sha256,source_member,source_payload_sha256,candidate_count,repeated_payload_group_sizes,legal_ligand_group_sizes,donor_rank_orbit_sizes,in_general_n1000
1,1,0003d4910696381b72ed63abd85d106d80f0f784470234290bb9d7f7eac7578b,OHUYUL,0,Ir,6,6608432c12b441774f93b95bb5b2f8a264a806fecb93a2e348a988a0b95c26eb,xyz/OHUYUL.xyz,d11f1e1aea5ba45db0c3b8bfd36aaae9b7b556c1cebf78837b3cecc890896b4d,6,[3],[3],[],False
2,2,00050019c627930e5a88860482d8df02f0763da10c1e96fed35b57f10e6a2ce8,TOGCOH,3,Ni,6,eaa23ea3f23ed1e84bea11b4c93a0c58099aa389630fe2cff02650317d6ac6bd,xyz/TOGCOH.xyz,71f77d14fdd2d0b7325f09ecb080acf538413903e3f80ff9aa4f839168ac3b93,4,[2],[2],[2],False
3,3,00096f8e5fd772ee0dae4d357d4959e90560f77f32e68e84785eb94efe70ff9b,FAFZAO,3,Cr,6,214cdd5585f8a93e8a7d0dfc0f07cfab4a78b38e9e15b8292b73c3d2c622498a,xyz/FAFZAO.xyz,0dd9f045e9095cd27590a070f1ab5b931f774051cd4f82094b394d483817801a,120,[5],[5],[],True
4,1,00179622189993f3e4535d60fccbccb14a35c80ec9f3d60e01ca6a89b94d6359,UQAXES,4,Pt,4,d9cbc702045d79727c3e0755bfaf5ea7fdeb02e3cf371a1522ec263ae5ce6849,xyz/UQAXES.xyz,394243dffc7f133da59a8f9bf51dacd3e358b2adac4402c9fa4c255e111f1b70,4,"[2,2]","[2,2]",[],False
5,2,00440575314ef3d15875405d680c2188bfaf2283fcf5563d1da3614c2a6580f8,YEXVOM,1,Pt,4,eb25454ca4284efd2b57c3fff5350c7d4f6978d53e74db76f053d12f91fceab3,xyz/YEXVOM.xyz,24615d9a180376488e2c6d80da859264f757e44e43d807c0d5522cad1f273fdb,2,[2],[2],[],False
6,4,0049bcc5b1e3092cdb160b8da192467656d9d364e8de9322b697a2941aaa4861,COMQAZ,4,Pt,6,57d7883bd2c4b95e84e0296b2184768827d51a44110ad5945809131a99bf2f13,xyz/COMQAZ.xyz,888fc7c9040147a94c1bd6140d6c1a4cef0ef60c708a529c970449f8d8b402de,4,"[2,2]","[2,2]",[],False
7,3,00556a95a182bfa5f47a6451c456ef190771ac51e48b7a444ba18ac2b0064337,CEWBAK,3,Rh,4,00eeb824f8787342d34966b55111f7670ff7f3acbf0f707967e8dde3d3590a2e,xyz/CEWBAK.xyz,45681b161fc6363255f840d7706ca83ee3e084602590545307620aaa032eb241,2,[2],[2],[],False
8,4,0061a02388d183320aa3d2a043ebdaaa37d36a731a1a25cee0339f094fc4bc36,HAYJUO,1,Pd,4,e5262e378257e6ee9db9b801d1778a3a504786df7107a9fd96f5de83c781c387,xyz/HAYJUO.xyz,f5681ecb9c10dbc8bc6d26d9624774c9076e8d19cab43cf47f909efbb89d76cf,4,[2],[2],[2],True
9,5,00631a7479b790aac9a2718861def121f0bdeeac0c14d925c6677289f24da369,RIRKOV,4,Pt,4,30501e95c4f6be5d57939b2a1750527a6f3079da98a911e3af17c4820e45be54,xyz/RIRKOV.xyz,4f2eaab3dceda64fe4902f9ee649179bd6f2bfe056639f27b2a59864a20bdf86,4,[],[],"[2,2]",False
10,6,00744824b530839640cdb3fdbe905f54c32b458a029cef10e9e4519f7ca1c282,KITNAF,1,Zn,4,0eb953ba4461cbfb484eae09cfef56b6540848d9140e168562dea98e2fc75fb4,xyz/KITNAF.xyz,bf66a21edcc5d03ad6adfb08bcee493e037521df9d7e7b75ee8e68961cca26d7,2,[2],[2],[],False
11,7,007b198c1651089416e49d846ab77d366ed601a7c8dc954a9c99c84f635a4d3f,HUWXUS,3,Cu,4,e87287a4d6f02e2908958bbab3a62be185129c34961d6e0dfb1d293c0b32f8d8,xyz/HUWXUS.xyz,d082b717ff55632d5ba99961d52ad3d8ef2e7d0a4f6bbcfc505146c6563dd575,2,[2],[2],[],False
12,8,0080217547a05e3af2c11ffa192ce9c9613c482824f7a5cfcdbd26f10687fda3,BIGXUL,1,Pt,4,aa735a925f01961dae7a6f5c247f5cb9cd234d3c0bf541bfb7a516d14d2484b9,xyz/BIGXUL.xyz,330060eff58fdd8db0fa3b32e69aa003b9b11d96d5b145e7856c52c57e99d183,6,[3],[3],[],False
13,9,008228c7ed415d82626add534aa51b5f7923417a861dbd3edf2a39ef63fbd3df,NAKKEQ,0,Pd,4,c0c3b387bb1a164ccdaf7ecad4933055ede8ebeddbbb58a570e3d7922ec68bd7,xyz/NAKKEQ.xyz,b9706413cf1e9bb31a82bae53fb0ecd895e5813a0e4092e7aa75a673564ba932,2,[2],[2],[],False
14,10,009631b790f7630ff9bf349fa2f49800aaa0561f86627bf08de8e7fb45f79f08,VUZDOK,4,Pt,4,e6f10c0193a95ea5f5f53fcbee5978172eaac3f0ede2cca79d0a30394e0c6c1a,xyz/VUZDOK.xyz,e23042b124761c1b8ac149494878a37414478c365fc1551bb4318f8024f0f0c9,4,"[2,2]","[2,2]",[],False
15,11,00a1e6a328235bc4afaf8679b8cdd564e0b637ca1cbe89fc73fb881c198779db,JEPGOB,2,Pd,4,e60a11ba570c4797f214de79507d965b5c6d784282ac5742f281fe58195c79ac,xyz/JEPGOB.xyz,9cd87cd70870bf14d4ecec408a0d5c744c5c637657af8cfc6054da5359b23e47,2,[2],[2],[],False
16,1,00a8486b28ad955fd6a9db821a334819a816c1df1def6714ad1243e4faa3b209,NAQQAX,1,Fe,5,a74fb9638f7a1215f8604b2ead4600f5916dc1c62d1a4dc0f9f55672ff89c584,xyz/NAQQAX.xyz,f1f758c346344cc460148642ee9d2b6c5b26044e444f97f75c4ef872cbd8d6ef,24,[4],[4],[],True
17,12,00aa0d50d239c040e0fd1fc4b568a98f1d7ff455c54d70414f886055339c2af9,ZOJBUY,4,Zn,4,94cac00ffa2a86a0aea3be51a7d5c26c72e70b8db7088558091cbe6691d3054a,xyz/ZOJBUY.xyz,628aabb45812bc58b3eea29f01bfa817b741272a24a452ff4e6210dd7b34871a,6,[3],[3],[],False
18,5,00aee037e990ddbcce8d8d2918f3e4280fb417594247704fcc01b52033358e48,SIWRAS,1,Ir,6,bb6e6e7ff18a9b644d237cfeaf2732a88d96a4596b32ee058b7b2e9b9ba12398,xyz/SIWRAS.xyz,cff1a5fc7951000a1b1e1cb7f490068eaa75bfa3815b4987fe35b0d7d1906314,2,[2],[2],[],False
19,13,00ba92ceb089897f0f829e8b3a27ce8c40b2e2590bc018675eceb934406471ef,QULLIU,2,Pd,4,4fac6b12e4a5874bc9079d7c0a00d9edde60046d5740590b3631668323b7dbf3,xyz/QULLIU.xyz,202273a22c2f3d559cdc83880ec94e1b4362edfbd44f2661457d3c44b3afe87d,4,"[2,2]","[2,2]",[],False
20,6,00ca4fbd572d9368eef9488951c7c4fe87153f81780df7b4a2bcd68184bfe2a6,WOMVUQ,4,Pt,6,9aeb3e57b12a4e12c6074f0bf72c0efcd332b8436a3fe5899e1bc073b632ba6c,xyz/WOMVUQ.xyz,3a49df9fd262ec7b0d8c39ee0e336fa974be35395fbc640db45ace89d8f93a71,6,[3],[3],[],False
21,7,00d3ef0811e9156afd7295951f53afa7e192b46bcfb2b8990bbf88d41a532b93,AFOYUR,0,Zn,6,4dcb20370e4bc3cea57a6fa84613800be23020d1f36363876ea92c8f46f1f00d,xyz/AFOYUR.xyz,6572880e5eb7ca860e5e0fe892c73a6dedc3577a80cafb450123b0024abf7acd,2,[2],[2],[],False
22,14,00dc640d57d0ee447f95629c6afaebba22ceafc5d71dd3ef7f564f0920a2c54a,DUMXAN,4,Ni,4,3f60fb8777564372edd69828dde225fb1a7ad37fd943beb18354356d7d8eb2ee,xyz/DUMXAN.xyz,4414427f913f9170a0cae4e2347e41a4dcf7520089de9ffbeaf6ca7aa87275db,4,"[2,2]","[2,2]",[],False
23,15,00df6389af0112525b466312cc2d2b12f023e59e273c844e64ba5a420effd616,OGITIJ,2,Ni,4,3320405022b9ff393183a3f52f48e74f33fede1eecaea367ef307116c36fb762,xyz/OGITIJ.xyz,c0d02c99a890a0afcb8a0e9746ce4eb9ef3a265932d02ee3d51645562b76b2cf,2,[2],[2],[],False
24,16,00e6f4ba90666fdc54ddf6a3f397f142d2aa9bce916621f83199001ad7ef4266,XAFFET,4,Ni,4,42f41f3daf7b27df53804a36d7e5ec1a5460f89467cd06bb5b918e059c1d61dd,xyz/XAFFET.xyz,c96e1093f17d11e12a453582eab8cb366a24ca4a47b0be70e87294456687ec1e,4,"[2,2]","[2,2]",[],False
25,17,010422a6aba8e5213bf956c94d17f763fd5efa64f1983a6422a9ba669e81af3a,YUWNEK,0,Pt,4,db1ee5a36709beed46b795223d22f3a628021c858933f6ad9a8bb419e396fc4c,xyz/YUWNEK.xyz,2d7a471a7d9a0c7ab705884638d1d3fe1b3811f40e2b6b952a11e743c6fed6b2,2,[2],[2],[],False
26,18,010e246f8264a2b6caaf6125f4392896c7df2d34d1d5d094179b797bbdb22b76,XOMFUA,4,Pd,4,8b0ba37284f7cabdf55e828edbf42c3540e79ebd3b8704e051b6c46427591b65,xyz/XOMFUA.xyz,0c36118340177d7221fb47231c79684a565373a6903958411420540e8a09471d,2,[2],[2],[],False
27,8,011603c674ef2e22cad6f5b173e0255f126416af19c3d71583ac9091a9de89d3,JILSUS,4,Fe,6,48d884a962b908ed4fbb44bf64f5049aecff8c06503bf48412954d6aafb27764,xyz/JILSUS.xyz,0fe95716e3410aa8f8f7d6158c93d68874c61d53b0bb459780f1b410659dbd17,4,"[2,2]","[2,2]",[],False
28,19,01193e79670df807ef6c8d02c9054316535542ab58716340e4819387133ebb96,QIYVUP,3,Pd,4,f8665ecac762c28fc6aba887f0241d387b8a015adcea064c1965801869cc0f56,xyz/QIYVUP.xyz,c2c0e0b55d37c85070d6c0dcb2d5e37a1f21e664e45534d6da51634968d67fb3,2,[2],[2],[],False
29,20,011d330af021d0b495321e58593b00891c8540bd8eedaa2f2af6ba6d514dc18d,GUZTUQ,4,Pt,4,cfdd61c49bd4dd0318d744a0c0306b3c3887b6788da8cce619fef157db3d994a,xyz/GUZTUQ.xyz,110f351825dd273dffa07b421613e8031d9da88b8238d104d53518dd7e7f5adb,4,"[2,2]","[2,2]",[],False
30,21,011dfe910b869b0922155412c8b04b70250a7b0ad559da100d7a114a8a7a771b,KUFNOP,1,Pt,4,5d42df778af553290f86a586c95c3b57761bc99b071401a5865f32f3ae1f207b,xyz/KUFNOP.xyz,86521b6216dfc558adf955876df019561ca9dc5f8424d21d29506bc19fbbf653,2,[2],[2],[],False
31,22,0122ed79bbd5d03335e98b91c79d8f5baa6aa8255e22739322adb8c813fd6a55,QUNYED,0,Pd,4,748968c6d0055632b023434e12838655d09b9897888a4b9b4a376262d4f1b837,xyz/QUNYED.xyz,ca9cf606a5fe8910e3a3bd87d09bfe2cc761c778d699ecf6f0e8db71f1703b50,2,[2],[2],[],False
32,23,01499b3701e9221497dff5733a26e908333c85ede9bce13a9deddcebe4710103,DACDER,1,Rh,4,256118dbce5bbfb8630edc3b471ed3172107aa417d7dcc72c008c517d9c76614,xyz/DACDER.xyz,965cb7882848cb47c008753eda35a6f2c852c3821c9aa45682bb228042a9635c,2,[2],[2],[],True
33,24,015b914de9af50c76123121163121060343c45c44246f8601148ecee73ce201e,UGANOH,1,Pt,4,a7c85ff44b58a9fc0aab9cb7ae826360275c6c53e3934e8ce865cc3a9dea2a54,xyz/UGANOH.xyz,1e9e174145f0db854f09ff8c6e0fd9bbbc9a72f05c7bf951fde3fe0c203cee7a,2,[2],[2],[],False
34,9,01627e9b80d89a08194e416a939fb5682b074cf60ba3984c532dfe18d9abf7ac,INILUP,3,Zn,6,d7717254ef0906d55be628d3537b23d621b7ad978a5b7b37410f65c42d64c757,xyz/INILUP.xyz,934fa1d65b72645a7881938e3bbd49af7348ae2db992c06f2fcc614cc6343495,2,[2],[2],[],False
35,25,01698ff85120aa87375bfc04c7cee1066f91c44c79c06f7927b609f01ebc4e26,SOCDAP,0,Rh,4,56eee21258b4c25ed28f372054eb5bc6bc10292f61f8632871b980e8c22d9d89,xyz/SOCDAP.xyz,25761331e33aa609622a3596a05505f79234574818f56043daf50803df0d0cf2,6,[3],[3],[],False
36,26,016b4a73dcd57b6a189a7fc78ea04d0c178d02d9d7bcfacafcb339a4a5bdcc3d,XATXID,4,Pt,4,b993158c07239778f7549ba88c9331f93abe4d431a1d13761ec6cfe343e1b144,xyz/XATXID.xyz,3325df58c797ee4b6e5e121a02bef5477052c6cdf8f30359f6822feda1e2357d,4,[2],[2],[2],False
37,2,016c7c39f6784e478755ef98ca9acc3872bd2cc362a6fb308a2b171da6f8e9ee,PYZTCI,4,Fe,5,55cfd4471327bedd4e936bc228069d7e5bbbfb39b8ee84f0f45ed4dd44b92042,xyz/PYZTCI.xyz,8ed0175f282c8f1d050f4d37a1b8e770ac7ad20b53244fde1ee8a3d9f2c51e3e,24,[4],[4],[],True
38,27,0197713fb586b5ce2ee59d274416b829fe4219504b457f64681b380eb41dd882,ZOJYEC,0,Pd,4,10e272dec4287c74d01e54ea2b72cd88bac0db679af1195eccda0d1942c47e63,xyz/ZOJYEC.xyz,9316ddd79ef8db929f577094d082ced47886394d460931e1a4e629c5c1e3c59b,2,[2],[2],[],False
39,28,01a5721528355c38e406a5e869b032749e6133aa0c8465467f5f0faeb08ff113,SUNMIA,2,Pt,4,cd2856794ee33665212dfce5c1423383d0452d8b70bf5b482a061618b913c5bd,xyz/SUNMIA.xyz,7607ee57b4b891368d3a04acf46e564244bb22fe48703b3d4eed4e915da3990f,4,[2],[2],[2],False
40,3,01a6e24e80892e61c20e649aa5c0e52a4ef52baf2f5045829368cd7925dd06e8,BIYJIC,2,Ir,5,6992dce51bfbaf12f0d04f201308c2140ee3b0c0b8817c2a3dca3d955ec20c5a,xyz/BIYJIC.xyz,b02b4865c6ec4e5832e23a639b09321149b7611e2c391711a8eeccb13fe5ab88,6,[3],[3],[],True
41,29,01b1cb8334e145af992f7ddf5cfe5651b44e8b71d2dea38e53ebac4325d4f1f7,FUDKAR,3,Rh,4,1d554c4c38e998dbf1f7e82b0bbc2ed18f2f5428156c922ec5c5219501a994d2,xyz/FUDKAR.xyz,40c29a2eb58d47b14dc84b3bea4969b7f7d197274e7c47aa8bafd4fd4811f39e,2,[2],[2],[],False
42,30,01b49bafbbc843ad48f5ad79495a6fa174bc65634f2ab31fdefab6ac633bd6b2,MULQIU,4,Zn,4,053acd652c9567f69bb4fbd908674403e7ef04ca562c54e2aea90a87b65a1da7,xyz/MULQIU.xyz,d8690c4bfaf309d49db3d0ae0636c6d0b7aef5ebf8daafe651f31e3727ba168b,4,"[2,2]","[2,2]",[],False
43,4,01bb4b229be228b138046bf4684bfb3d3203b9dd8d4ccc1452ec4292affe27d6,MAHSOG,2,Zn,5,113fdb2280a0421233f40c58b6bea1e487121a770ee36d65ff3101d96b82452c,xyz/MAHSOG.xyz,48977e26f9189e23003f2aac6c2391efd2d29fd60c53d318b1eb3229b78917e0,2,[2],[2],[],True
44,31,01c73f3551603dc0751f4b4164062e4f1164ac05200d09b323243772d3aad616,ICAREJ,4,Pt,4,4a1526e0d24add2f3c3ee271fa7ce75a58e2c7074d03e3cd4ed181fe780a5e01,xyz/ICAREJ.xyz,1cc145899e1645621247af87889bcc1c55be271c63017915297edb6434fd7a87,2,[2],[2],[],False
45,10,01ce85857532291d3e984e73eaff2a23eb57821817c9d04ab2e37d38fa7ce5ad,WIXMAT,4,Ir,6,923aa82024fddee2202f6ae53e30e68dec101a46f0d7bf679e0c96835abf2247,xyz/WIXMAT.xyz,b008599a853b3f19b15ee58a0fad7ea862e50dad97925dbd380bb8ff3d9e5b97,6,[3],[3],[],False
46,32,01d3bbc3cb3ad52a9775509990a88e22963fd1e97b8600544bb66ae67867b1bc,HATTEB,3,Pd,4,f93037017e3594a2df06f70ea638773a16f680f3c53c6d33423af2962033b6e0,xyz/HATTEB.xyz,b7e4339d40932dd3553658620c9e6f88675f5c419559341214b7ff58baf9578e,4,"[2,2]","[2,2]",[],False
47,33,01f8bfafa67dd98e0ae72e932e09f15dcd2ae6b9b7497236f3ead1acd617147c,ZADROP,2,Zn,4,68dbe24d374c3e7c6daf0959afda8db47368c796f824ba526f2ad6113c3fd2aa,xyz/ZADROP.xyz,2093c1e1694db9deec4d6aca0f67f4f0f5650ed221506c223d481e69026f790b,4,"[2,2]","[2,2]",[],False
48,34,01f8f537255a36f31a4760ecc59208b4f48ec07baa8f53c83f6bddddf02c139e,MOBBEN,4,Ni,4,2d28fcf1bb2005dacff24603e24d9ac909ec8c5f0807269d4a5fc318598edeba,xyz/MOBBEN.xyz,b3fe3d2177d1d487a4b94c84f4f60b1e6751172d3d64b170abba539a420ed7a3,2,[2],[2],[],False
49,11,01f9da1287e806b986a774cfa574ad5d4a6e82f94ae461b1e5db1d2dcb2a560f,OPOGIK,1,Ir,6,6fa6f821d7ee5badb13967668e7f73e6dbb98029ff7025c31ae92de74bcafc3b,xyz/OPOGIK.xyz,740aef9e6c7c60cd57db9a5ed877c35eeec1a34fc84c9894e7a00ed50fbc9397,2,[2],[2],[],True
50,35,01fa26ed1800076d9473dcf69c2f7f9309d4d8b4daa2fe87eb932d6d3a1cf381,XOVFIZ,3,Pt,4,cd1c44af4b52811e4d655fa5d7a86a60943a8132841bfb936b6b429b65306184,xyz/XOVFIZ.xyz,887907c1d66bcb21b281f8bb7b352bffa3a729e15465966a77abcc50ff1554a4,4,[2],[2],[2],False
51,36,020697794af7e1ec155562b9e0faf714842bbff0712bcab6aced3c6198eea993,PIGLID,0,Ni,4,484eeeb0f8109ba9dfc23aff5cd8ab029619d2cdddb9827b996235bd4dea5503,xyz/PIGLID.xyz,a2e36f6258006bbd65147353dcea1185a091d816143b197708a60da141dbc672,2,[2],[2],[],False
52,37,020971b33da5a4b5c4a22d30911349c2d94ed9b1d5f9d76807c798455bc13550,PASPEF,3,Zn,4,621ab75211a690ba3a9f0b0e17b8b75577c773e292f9ecad4275b21547cd997f,xyz/PASPEF.xyz,972863a0d0ff59cc9a9f388e1c04994590c5fbb7ec6e139566390d0508624452,4,[2],[2],[2],False
53,12,020eb4ba565ba9ed2a28d60c1befd11d0384b0f26521432342ca44db3065e4af,ZAVVIE,0,Pt,6,135c3911d58076f0c10c0ab9ee2c3734ac103b78c6b89b6f67696a8b6b3dcd57,xyz/ZAVVIE.xyz,4ef699cc76aae94786390efb8116f30cbcde644c38d737173608fb2148a99faa,2,[2],[2],[],False
54,5,0212ebf858f9bb82dcca612684402db5e1cef5edfe448b6a7aa525bc062e2ea5,GOTYET,1,Fe,5,4cab1193bb802f307e85b1a0d8a5e33a296e2bca43d99d5001c23945a8d652da,xyz/GOTYET.xyz,82c57af80a3d89319ec5ec95ad22a923f673de603069072f3debf9489ba00d91,2,[2],[2],[],True
55,38,0216eca912226cf902d2daf834b847d7a40c40c834a29858731af8572260b96e,YIKDEC,3,Fe,4,912b486e2758ff35752db2a7e4d462453de0c85e4efc479b34e9f7f1efadc17a,xyz/YIKDEC.xyz,1f31a96a4860a6140d95146697ae8df729ec2b22d4e76a3f95aef123245a930a,4,"[2,2]","[2,2]",[],False
56,13,021f76fa6100da98e9d295f8b94a415b8a894cb7cb5369a170165f34983c2469,UGUCOO,2,Cr,6,0ed23c81955c6b68c3e07b26f378d9df023318163f6481040310ce1d16a7b8fb,xyz/UGUCOO.xyz,b0b7356565de752714d25792bccb733c8577cff49f7ad754ce3f635c6e150794,120,[5],[5],[],False
57,14,022f2da230982498ff05b8964ec99203a61ca4f329b20e44d6b97c407e41474f,OTAGIB,2,Fe,6,c289c7ba495b070a82a6c30f31739298ca4b24c825a5c7479d26614d853dd40d,xyz/OTAGIB.xyz,02a9a54792758bade8ea37624de1e97acfe0096c3a6635e781d53be555eae2d0,8,"[2,2,2]","[2,2,2]",[],False
58,39,026bb4794f9134d33b27cc4266ccedbf8375fe88e77abfdd74642ff367727ced,WECHAQ,4,Pd,4,6f2d29812920063a0ad8b53c4284ca2c10427f38841b224b3af1387ade139d27,xyz/WECHAQ.xyz,7514b1c033ffbba76467883763367b5bfcf97f019326a4c88b2f5bf89e3f12ba,2,[2],[2],[],False
59,40,02712430db3902f78da2165782420d5c99eb929493a25517cd7d1ddaed66fa5f,DUXHEL,4,Pt,4,142b909368828d5735ccc8aa3ef3d24470d47e7126df59a452e3eafff976c595,xyz/DUXHEL.xyz,db5e07dd18ca8a459b3ed02f8bd8f0b8f6ce230a222f849f59df1df24194f5a9,4,"[2,2]","[2,2]",[],False
60,41,0272c1d9632b9becb2ba74feb82bdab169a0a6c93069b9b338e6431caf025dd2,OKUZOL,2,Pt,4,7291fe092504bae7828a306521121b2eb952a11f45a4f33ee1fbfedc7441a1e4,xyz/OKUZOL.xyz,6192f6780998641dbba0c8b711906dcdb863ea9684b46ad3a63741b76e3500e0,4,[2],[2],[2],False
61,42,0275425a732124e722969db6f443bf6fbaaec292096377cf989a066d04775125,TEJWIQ,1,Zn,4,e672246ab12ec8b0e4c6c815e0d5d8ff012b468aa8e08479a19abcf9fbeb3954,xyz/TEJWIQ.xyz,9aea16cd38f98bc4c07318aa5d9d3862364c118a974c2026103292a724e4b1a9,2,[2],[2],[],False
62,43,02764c71f250cfd1531a0d668d113208d32ba29414a8c6db87558d59c17e1ccb,SAKBUF,0,Zn,4,2c532e834c1507f788fabd272948226a3b9611f79dd8937e2d3b8d76480879bc,xyz/SAKBUF.xyz,64715d7d754c52ccefac599c2ce37ee56c51844a42bf9d97631baef74972c3d8,2,[2],[2],[],False
63,44,027db72390b6b55f24b0ff52d4572bc9bfbdc9e87611866d71dceb2dfb8746b5,WIBQII,3,Ni,4,242430a1f97c9a960197769896198df2ff3e7e789d370493b3d8c39c284b28e5,xyz/WIBQII.xyz,15b38c391d2c44a28cfa3d99d504da7018254c5b14380140d3e8d3c1142d6420,2,[2],[2],[],False
64,45,0283e96acb741fddd4245b2c98c9a0eb730bb7002816baf7ec14422cab15b7d5,YEHTEL,2,Pd,4,98030d9fd69c45b309465cde05d2a391136d48f6ab9d220f8e9460c4aa3b62ce,xyz/YEHTEL.xyz,50a8fdb4acbdcad310b9293554541a1cbb80eed06f984483722636ace40b48ca,4,"[2,2]","[2,2]",[],False
65,46,0299e589d5d3da2edca0ebb90a59581f68c7073f44d4134e0817f7932ff69503,HAKKEK,4,Pd,4,e88f7efa13df1f69e26fd9e9136e7be3a2856c08950387088c9f5ce60c7cd931,xyz/HAKKEK.xyz,101b60f7e5997451c926636073f14f42c0680f2561908185c0f4875ee1c689fc,2,[2],[2],[],False
66,47,02a61d3e41d811314dff4700cd8769c00dac1cd035d7abf2747d54993e76f8ec,PAMFES,0,Pt,4,a2c06567e4114037d48525eebf677dcd2686ccdfc7c1776ce2035b2afdb0aa74,xyz/PAMFES.xyz,a391a67f9c59f8f8c02d486f90e12f7b8a22d04a5edbfc7f872c3b0b3acbb3f8,2,[2],[2],[],False
67,48,02a86798e3bc77daea6e4396fa8912746b9c65414cf9b383e05a2f89cf70e0f5,SERDOJ,2,Pt,4,5e10e0806fd8de8114805742464af2a6a7535a4b2712e94c126a644513bafb87,xyz/SERDOJ.xyz,783b41f5abffc2e4bb2141a539ac2b62fca1dec3bc8e75e472eab7eb19540aee,4,[2],[2],[2],False
68,49,02bc216d95e828f8863b13489c74d900dd7a71b00c029c34f3acf88ec9e201a8,MAQHAN,4,Pd,4,bf9f50bb0e1a5793c2e379cd0536b751bdc48d8a1838dcb6adae0586d15ce38d,xyz/MAQHAN.xyz,48a7cf7bb7d0bfe9165ff3460f12bb6c9bf0aec4d5fc2879caa49e9311a3e8ab,4,"[2,2]","[2,2]",[],False
69,15,02c11d4b1cdf28856b3e46603708b77353eb535525588cefc0ee19d224fa9164,AHUXIM,0,Ir,6,b6defbe2fdad2c3612fb9f9d7e6ea4689c0697829e9c28185f00dc1f537547b8,xyz/AHUXIM.xyz,1e988b26722d718298814b98106a70d3ad4248fdea11c88269b8d1375425d460,4,[2],[2],[2],False
70,50,02d78898e589fe9308bc33bb0c1082077b5d0aee97afd74271c1e7a9361fbf1c,ABEPAA,1,Ni,4,b16f0ff14a38a8ee9dceee5ecac8e0d6061892b4bae9783d9a3a5697dd9412bd,xyz/ABEPAA.xyz,b8344ea3233572587e60e6d493a77126ab6d4eacfe5245a04b38c7ca804a807b,2,[2],[2],[],False
71,6,02e5ba8b415cc539a136032575a8328b810132dc162d377543525b6d67f5e2a8,MICWII,4,Zn,5,5e43416440836c1ddab7453423b72da98bf905a3344ebe6bfd4f534628e292a7,xyz/MICWII.xyz,ce8153e7ceccaa6d5e8c6a5dfc1006365d643406b89d222ab88563763091939e,4,[2],[2],[2],False
72,51,02ec385627142df3481a8786156c6193cc48f84860d93afb92057c8c46b6d506,IDAMAB,0,Pt,4,c63abd9ebcd2b0995b069d1e3395f52b00df078f3d7c4fc14fe33f8a192e4008,xyz/IDAMAB.xyz,6e7048ba58dd2fb03ecfff8a1386deee6584d699f77b67ac7fc088c6a808fd8e,2,[2],[2],[],False
73,7,030e5af522e454ac3bff1f8f3f6e9879f1bf53efddfaab26ad2b8f0bb302bd2c,CUMXAK,0,Ni,5,cfecf1255e4313c265c0ccdac65220e51e4462fd2600f21e1914e780d0447c96,xyz/CUMXAK.xyz,6aeaa7603b2b3e6c92bef17ba30dd8f3ddb710c369ae77412df624bf6d570a06,2,[2],[2],[],True
74,52,0312ec79a34affa698b36edef27d9bd4681fdb49bc6333a2a713ab50bd9958e8,OJIWEL,1,Pt,4,c79868227d1285b1de76b56486a826b80bed90b538fb4f0f1a41df604befc21f,xyz/OJIWEL.xyz,b3fc63d8b96af7e2572b5dbe29d1f545b9535871216c65b1b7f0e0c77200aeff,2,[],[],[2],False
75,53,03206cca9055da7d833187b265d7c0427b80d705638052e73b4c72e6352e9b8c,NOZSON,2,Zn,4,1fc372118fda45e66160bf4b7f7a21487aed35b83da5b052b3be4066182aa7b9,xyz/NOZSON.xyz,cc692b459e90b890f29e05797f11d0f3d7676149e6548b6b9351953ba472bfa6,2,[2],[2],[],False
76,54,0323e5f3ff8adaa2460aba724dadeff19bc1e388e4da22c722dc29b551052bfe,FAYKID,2,Pt,4,f142c39224eb4bfefa2fe8495e98cc17d1f7cfd9f5af917bfdc003923786f029,xyz/FAYKID.xyz,c8a4d916c901d66017630174db510ecaf46c032179485c5f143800dcfc577ceb,2,[],[],[2],False
77,8,033250e5fc2d6235646190d491a36aed8f8add992fd0c704008942f5004691f2,UDIRIL,2,Zn,5,f1daec751d7f640abf2ae28d502567bb4a879d4649905427f5640dfa00d169c4,xyz/UDIRIL.xyz,c235f5d3102affed0e08de4748cc31c1fb1bf1804e18a18b0d7b9ec317d5be80,2,[2],[2],[],True
78,55,03394e86812bbcd7b4807ba9f81c8db097a6829cdbcf44087156da9838d1a155,ZAQYAR,0,Cu,4,50532dcdcd0cdb42373b56afbbcf19c5944d3c554d5857759962a96126355073,xyz/ZAQYAR.xyz,474e7b9378f34302e4811e6275878796474aa5adb603e15449fc286e4c51dff0,2,[2],[2],[],False
79,9,0343723641c7f9b8d22f3ba0b080dd47951211ebea1b5381c9148bcf90fc5222,TUGXIE,0,Fe,5,6ba6e4ccf913ddad8e19a062b94cf13186f624f4c25d63f163c729109c4653fe,xyz/TUGXIE.xyz,c096a7d3c1ee797b800233190a58b807c3b2863ffe473aec00af29969e694854,6,[3],[3],[],True
80,16,035566feb0f34ce425ea9c565aa76ed3a596f7d88455a18372759c9172119e87,SATRUC,2,Ir,6,58627d1ecedb167f61d772d577c94e39622671ebac064bfe9dab194346c6b52d,xyz/SATRUC.xyz,7b48d462b5563a81edf3b2298a8086c9ba591209cbe41b333905be451ddd7ab8,4,[2],[2],[2],True
81,17,035f01135e385b9c726ace899b2db45b06adafe0234cb47fc9a270d88e406581,XEYWII,1,Zn,6,94c84c7fc6578f1b2325d918974dc401f96a209c90f1d054f32c874a4f3f99c0,xyz/XEYWII.xyz,ca4f14794283e6271e46124fd2034110fe8117b1e07caa34b43d6859436f7298,4,"[2,2]","[2,2]",[],False
82,56,036993b27902f54c16bac1944a1f449604a17e347912b9d68decbdca6b014451,FAWSAX,1,Pd,4,4067709901c3c56fd2015dabf15d7c12794b876bdf960ee89b5e6c41bb93da57,xyz/FAWSAX.xyz,c46b65dce9431c328396593c896dbe7fa8f49a0d0db5e52865ca61ef949763ab,2,[2],[2],[],False
83,57,036d16716cf7d85224fb018464344073fdb56e653d713db92c71c6e89987475d,KEKTEZ,3,Pd,4,1fc535c71510ba4f7cf4415428fd38690be10ab7a69d5c0e74c908165571c684,xyz/KEKTEZ.xyz,50a84f12f43f406d6d69528c013187f247d748c4ca8fe487de4927820d0217cd,4,"[2,2]","[2,2]",[],False
84,58,0373276abe839c6157ac33d0c3a87f5c7e97fdb8c8e876c83d0e7ce06e0cd91b,DUPGEA,2,Pd,4,f4b87ff7ec399dc530a6be90331297940c51d0a9113e804207010cb7038e7625,xyz/DUPGEA.xyz,4116b04fb7134204de55ba04227552e0864362b3f86af631dfb5e70a6b6635ea,2,[2],[2],[],False
85,10,0377a69339bdf197b2dc9aba56cd7603ffb3928b3a924965ad649aae61af5f1f,JEYGEZ,0,Ir,5,44e93c1aeda6ce10296997ecac138a245a605e6d70dc57fe274f759a1d1d0ca5,xyz/JEYGEZ.xyz,98b7b255bc5419ce7afe1540b0635a139c41c67ea34724d623ae569e17bef2a7,6,[3],[3],[],True
86,59,03b2091ffe51d4776500516b49e90116f3f55cbbd44b49da2cc8351cbacfe35f,YABPAS,2,Pd,4,203220f3761208ebd5cd5b63f53132e03f6a2940b8c644a7f8097808706cc599,xyz/YABPAS.xyz,e3f51064e03bfa54bbf0808f852acd13149e249914fa4ee18087525aa76dce48,4,"[2,2]","[2,2]",[],True
87,11,03d59290905511c9810e8550d6c10a45ddd98afaacd402a7b69bf28ee5a3456a,DUZZIH,2,Zn,5,d46928916369c1d3e1ad559e5a39c4b7ed2ce1dd328293cc0bfb4fc637fdb6e9,xyz/DUZZIH.xyz,2b16ae01f519013a20223cfc1c92f37417a8acf45a6625c4fec73676e81ea4d6,4,"[2,2]","[2,2]",[],True
88,60,04093715b2765f46f15bd7e3eac355690de6cf886b45a13c6989ac3d7fcb76a2,TAYJIQ,0,Pt,4,f7beb96ee9dcca39fdf3dd78580702ceda672f001d558623dc1be9501deb37c9,xyz/TAYJIQ.xyz,9ca4f957ebdf7a25341877ab344b6f3eacefa220625cbc925692891565085142,2,[2],[2],[],False
89,61,040bdef25318be69176cc53a96f98ec4bbe44d0278702300dc5f9130f947255d,CEJGEF,2,Zn,4,2b28921d97c3e3a0a23da7cf07af3f0b726d66d4e698c183c3c45a635fcc8769,xyz/CEJGEF.xyz,25fe2385048ae80aab082baacce59462b7b6107a3d90faac30987d9a78e9936e,4,"[2,2]","[2,2]",[],False
90,62,0410a465c5adb8c4ec7784de16b35e341ecb096edd920b108a086bea9a82ad10,TIGXOY,3,Zn,4,3987f5bd943baf165693a52f560999870806fb42a15c012a5eeb608b41195cc7,xyz/TIGXOY.xyz,d5c85b9e197c8c0b0f2dcda94eb9e794351994655e58f96702202d2a936bf43d,4,"[2,2]","[2,2]",[],False
91,18,0426e6e6372b4968d8fa81610265c79aaf78812de7a70ec79a4f40e45679b9a7,NAGSIY,2,Zn,6,2aa1912b46fa472d57f05470c007d8a1cbde9189f42ce52f2bdc755ce8bef5b9,xyz/NAGSIY.xyz,ba7c92e2256f43db34aed324febf94fc9043c5db7d6a88476f88e55ac4ce9843,2,[2],[2],[],False
92,63,0433b6931cafbb20d922d2e17b6d0d60fe91d5ed07fc909e0b26ae89778df50f,BEFBEX,0,Pd,4,bab3ca799978dc2e464e80335a57ef71bac2d0cb73be72576b1f8a2741915263,xyz/BEFBEX.xyz,3ccb6a36eb71d7dd13a5c2710fab88b8e66d8a71f3a23db649b6dc5bc0107148,2,[2],[2],[],True
93,64,0433f280bb17dfb03445f7d6e41ff7801e011b534e3cf06784a46b4d766038c1,KUNJIM,2,Rh,4,8a8954881ce4d1467945878c831c0550cc656375a18fe7440e0740cb9aeb5f26,xyz/KUNJIM.xyz,4e0c97e84afb4e55145a63e406500e6e6cfcf1ed3b4180df57c9b385f933b792,24,[4],[4],[],True
94,65,04656fbbb336511036f663b62c49c89c72bd20b81b0ebc6b18d23f875eae75df,APIFAI,0,Pt,4,9c274c4ff6467508b7a17fd6f315dd1199e7a9c2c1665803427fb145e0e6799d,xyz/APIFAI.xyz,b4d9fb733e7a68ca57863eaed66f1571cdb8d71a733cf62f058dd75e2fd186e7,2,[2],[2],[],False
95,19,0479ce69d752cb7c844b16f3457f0c66849e5807e2010704845f769812d9e110,QOMBIF,0,Pt,6,0a7c8566fcf87ed730b9e8e90ed1fa50deff42d90345ad751258f93eb812ad5e,xyz/QOMBIF.xyz,cd1a6ef845160cab88124180d36ba7bd1fa92fcda91a112b46fbe6c8d83253de,12,"[3,2]","[3,2]",[],True
96,20,047eef638dd87be0fdf5fc5d9f4cd8534d5164bd82214c866aa2e31ec1f52a8c,MODXEL,4,Fe,6,cbba1b535c74ebff861184115ebbfa476cd65f875f55b0ee14c8af8c1212a0d3,xyz/MODXEL.xyz,d292f1b2320f90ed190499b8b45d489d554d8aecffc2d7d0092c18c28b86c308,6,[3],[3],[],False
97,66,0482fdcecc73c53cf050be814f732fc7f41f2614055f9c57fa933a78a5565aae,BELXEV,2,Pt,4,064803dcc274c7b65296501433120a25a405ee39393ff0eeced82e359f4c7151,xyz/BELXEV.xyz,4515b90d19878b5e18d519e11b83fcb1771c5d92e7b975cdff9d466e7ce566e7,2,[2],[2],[],False
98,67,0484d309a320f7503d36894acd0badb742bb5efad479034b6348458f3573dc3b,ZOFJEJ,2,Pt,4,aba02ec2f655a62e2fda6168d3e9c0602d62fbc28f73590183f1b40ac9893af6,xyz/ZOFJEJ.xyz,a70232048ac35ef479491e22089caedce8175f98eea6aa0962ff10f4d8b2cbbc,4,"[2,2]","[2,2]",[],False
99,68,048678cadb50e9a1125255f18094c3f95723750061be97afbeb6d53995cae70d,QEWDIG,1,Pt,4,6f6792e54bdfed40912b7706b6dd96893b1521e8fd7fbb41d332fdfa117988d1,xyz/QEWDIG.xyz,8f0fb71a344b6aad55f40328b06feacbf9aecc1f33eb28764de8dbb9447a971f,2,[],[],[2],False
100,69,04b1aa86d4f82af8e2fd39ba462d237f27fae4a7ed2db814cdc2b95b9cf1a039,FNCPPT,0,Pt,4,3864f52ef260bc9babf263067c57da24cca08f6e8c8714089cc0581725bf200a,xyz/FNCPPT.xyz,ae6d0ff574e652319c6b28001fa569e7d48e376f6c43e845af5fc83624afbe90,4,[2],[2],[2],False
101,21,04b8e925e2171a8dafc93516ed23e3ee6e14d055a4c0c18098e6c5b7886c4ab4,VEKJUT,2,Ir,6,3292683eefd092ca90b2be4941491630e4b4b20445ad13b6fa48cd2a6bc9fca3,xyz/VEKJUT.xyz,512129211a748b7f566e1697619c3c59253800f39284a5622ac48955786bc171,2,[2],[2],[],True
102,12,04ba4bef5e6d79cc4881182b750f5dda89ce9aa3f76b366ca575109ad06a3b8e,NEQFAQ,2,Ni,5,7eadff9a96e850e8ce8cc913d80e85c9b651b456dc814efed2222b95898d2b01,xyz/NEQFAQ.xyz,ad9795c08b0994bddb6d653f5131ccff6d7fb536b5098a24acb4b476f8eb7344,12,"[3,2]","[3,2]",[],True
103,70,04c225c526ec97bd4ee7c648c90edd0605b1374e8e57a6710328a5872bb242e1,SEKYUG,1,Pd,4,4381f95ec0c308821715eb925bc7b83bf52cef74dd12b903974d1abeecae6e40,xyz/SEKYUG.xyz,6b0c53f23cc4f2d0c5a2e17489b91c10696edb810c7e4d36bc2603b0bdd1b0d9,4,"[2,2]","[2,2]",[],False
104,71,04c999db63128ce7bfe074c9b0500d8ffd979baf1c1f41f88457732e66a41dae,IDARIQ,3,Zn,4,5803d9930e0788c36cb554ff7bbb4f4a78573439d0130ac087398da02adae0ee,xyz/IDARIQ.xyz,e49ca721bda7cd918e84e89ee9b7dfaeefff6d3c4681cecc4245b90eb0e6b929,2,[2],[2],[],False
105,72,04dcb1a42e4905bd88330feed7cc603ef3cd001956c832b5b32e4c4d9bedcb37,WINHUY,0,Ni,4,da33219db397c903c952f5f2ae3d5db235790a425ca785f246bd7ab4b5da3c02,xyz/WINHUY.xyz,9eda9cf8c4b437290a03e30f556d4681eae425ad22f588c99780afcc5dd673e6,2,[2],[2],[],False
106,73,04e3d0980b9021dc09649d332c439fe8ff4803a8efa8bf4d4a25f0893ad2753a,LUVVOP,0,Cu,4,2bc5343ba907643a16f9dc0ff2bd1d7e6df982e4b8e3a315cc700543e4990963,xyz/LUVVOP.xyz,34ab2a616aedca700443446f761b3195e2ac420223542d933ba7e546ea90b196,2,[],[],[2],False
107,74,04f6e130d1dfe7951d6faaf153b29315702e759eb99aea154ae9c69d63787430,CENQAN,4,Pt,4,1052c73599a0e70eff2f44902981ab2cc70154834a6778ce7c479d5f94c8a489,xyz/CENQAN.xyz,82f1384bdb119fadc9fd05ccbaac6d530fab7ae77ab6f11c869f3bca9bdbb73d,6,[3],[3],[],False
108,75,0500d74706b4abf78178a6396000236970bc04a5d91a2f1d7bd70e7d9a3d332c,RAXBOK,4,Ir,4,38a414854f4c705bdb3a78157f6c9417c4ad7d031cb21bd198903c744cf08d39,xyz/RAXBOK.xyz,ca0147a58d11d413b7af3885f4eb86cf659f443bcb53ff5a6a536fbe7d9a3cb3,2,[2],[2],[],True
109,22,05012bc27dd9ed48c6a1783eb166fe407605027739b9435306156ecea7f48476,POWXUU,1,Rh,6,f0bf6595a17312efdaeacfd6aaf76ada843d96a0287a51d00a1c6c5a98dfd43d,xyz/POWXUU.xyz,220475c92311098ec39c07623df5b1b6b9c574b4a51c0b19bb555c210373c288,4,"[2,2]","[2,2]",[],False
110,76,0503d4df142d6abc697bfa5c93df4583e555dd2cc11b5f5b6757cbe007ebcc0b,YATPEQ,0,Pd,4,e3fd5df7fa0cc648f9d9e66aa6c80def58a3ffe8b7f12cb323bcfeb20cc9c9c9,xyz/YATPEQ.xyz,63a8d352312312ed782ca037a5303b6aad80e04c8d6c04e4ba3a4efb99676c8b,2,[2],[2],[],True
111,77,050a7a3b6b0cda26e0e3ded4708751112532b9db1fdee166606922ba6829ee54,BAYSUR,3,Ag,4,ff5fd76e07c48841cab31cd011e2862b95caea95518a1e5736b77fbd7c46817f,xyz/BAYSUR.xyz,a6752d69b1db34e2bb9e04e9b88ac2417f998858c212ad293730b5bc30ab49f5,2,[],[],[2],False
112,78,0515f910e8b937d6d321057a514dfd90b4a5d853dc6ab0cffa7d02a3007bee45,HAKGUY,0,Pd,4,85081b614f4e3652c72d6273e3e084c2f52e8f471fcd4bcc9924affc126a3f3f,xyz/HAKGUY.xyz,964642649810ff779f59fd37320a68a94fe7a0c2f4d9e85e929b44ee81755d54,2,[2],[2],[],False
113,79,05395b768688c9c08f04bf6363689d078e5fef18a09ea4727f64041d73d3e722,JAXXEM,0,Ni,4,7ddf0c2bab5429b45a8e026b9faacea9b4da7384f72a66b73b215b2bad564dab,xyz/JAXXEM.xyz,b8b77b11e0c7409fabed4f8623ba790d0364a735f46e371c6fef511305f6137c,2,[2],[2],[],False
114,80,0554a17b7f6aa3abec0ae40996b9292f4625e2fe55fcd5ffab87ad36a136b3f1,CEXCOY,3,Cu,4,c62308e14f4e1369d86db5f55eb4972422ec95ee530d9017cb3364c21279b0b7,xyz/CEXCOY.xyz,61e0ad286160cb89e5b40c66f44d0b54efe148862696bce36c2794fcd2dd7170,24,[4],[4],[],False
115,23,056c5bb093d9b58d51c126976e60afa907ce73fac9a5728d011f817e22fe008d,YIGGAX,1,Rh,6,fa1f564667c122a25a1035e540a272608d9596ae44221ba6d05c44b2a8529f56,xyz/YIGGAX.xyz,34128dae3ef661a96e4e26cdaa8236a6f8ca40cbf694d711903c221e4f0c0353,36,"[3,3]","[3,3]",[],False
116,81,056e83095982c2143b387b319940d3eefe46bb0665e0082b0bdbbef982567e48,LATFAO,1,Cu,4,c806758ddec2bd4f575d6206986e277a8bb1e86c999c3485d81c4eff473f22db,xyz/LATFAO.xyz,acd265468224888fdc07a790dc473eb6b289375b2ca9fb09fc179e2800bc27f2,8,[2],[2],"[2,2]",False
117,24,0573656f89c3f1492a1867cfab83aee8992c39dcd0e91a203fc60019914088e0,JUDKUQ,4,Ir,6,bba3582c36b09665b82ead0c005759c0716d1a1716beaeefd5d1823fd262d13e,xyz/JUDKUQ.xyz,45c64c439c20092139119faf2d4064bfea045d3a9f7064aa155e7e13321fee14,2,[2],[2],[],False
118,82,057620d8a11f6642c572b10215ac3e77e7c1c563cc3ee432a21db88fa6cfe48b,GAPMOZ,0,Pd,4,2afadf6727ad48c5c4955fd667bc46a0ae55146007b35d387fc0f4a61bb11f9a,xyz/GAPMOZ.xyz,f6b0baded1bf497978336c78a952500c38c27ca5e01702184b0fbf6fdb694df4,2,[2],[2],[],False
119,83,057c48fb4c0cc4772310cfc8afb77a179d6f0be37bfac3dc076a179170503847,FAMDAZ,2,Pd,4,5d8130e72f1672e1f7b3d0a6ed913eb5c1b964e575994c03c5102c779302d850,xyz/FAMDAZ.xyz,d0abefb31c1780dc0b3d9cca28a4580321947dffad033dab21892577252d8783,2,[2],[2],[],True
120,25,0595ba36ffd5645e2eb3339d7a370d3c5d9dbf5b274f55b177f776035d3c415c,UGAVAB,3,Pt,6,cc5d1200ac18d7d20c05f330176fc133009c864012bcf9f2b1453561970e7c1f,xyz/UGAVAB.xyz,c3d288165551a68da17d7e8ba595ee89955e5c5c1ef0c50ff3718dc9453b1ba8,24,[4],[4],[],False
121,26,0597bb3b4a34ea9a2951b7a4d547728fd4cb86ad8afc72b422cf0142c21c6047,XETGIM,2,Pt,6,31e518746af39ddd70ec950e41b3987905369509fc124bdbf9b32f737fd992c4,xyz/XETGIM.xyz,c662c696f6e18f8888edc3fdeb4331671981ee7899a5dd854ab6767adeeafcd2,6,[3],[3],[],False
122,84,05d3861485498aafbd8173b63e88a897821779ca2146f908af16bdf8b5641d6d,HAFHEC,2,Cu,4,70a178d79864447247dc55adfce6ca1aa9fdca126d0bcc0a65e6f14a257c09da,xyz/HAFHEC.xyz,20b679489a4f642ee3396b74483b52d20c836c633269f76e4620027ea5b99ccc,2,[2],[2],[],False
123,85,05d756efe3766d1edb2535c652ce53d8d803626a34c5293b75026cc70baabaa7,RAHVON,3,Pd,4,70f9b7730db7a1389bdc2ffa4948477f61b984449082370e241d54bbe9269e8c,xyz/RAHVON.xyz,5001426a7baef01bcce0ad236a2b1c401575cf169e69e16a20344b9e9616fd38,4,"[2,2]","[2,2]",[],False
124,27,05df4fe5c884204415164510cd40fe9409231b18b9ecfb49f5fafe55dacf4478,QAVCAS,3,Pd,6,9d32c4f9d09d340b601ed7088d0e7fc6265e0701dace2c3911742ff6f962e690,xyz/QAVCAS.xyz,d414df42f26d33d20a260888c3b2cb4ce0da5de67795f668912f22a6d6921e35,4,"[2,2]","[2,2]",[],True
125,86,05eaa662198f01652e09e1afe5a4912168e3e66fcd4c41a209ad0515a0378df5,KOJZEQ,4,Pd,4,19776bcc2112d2996046a62373ba46c4baed47b8a967ee6b6e8b50dc9939b823,xyz/KOJZEQ.xyz,803346a9e5a1b4ec55fda9a926fd5f95c321c90923cb4b630e041512ab515c5a,4,"[2,2]","[2,2]",[],False
126,28,05fce365b2b2ea9fc3eb41ba80bd6070ba7fa7fedf79f8c2cd617372dfc4879a,EXAHER,0,Pt,6,b1908d128775fe23a24fcc6a45312523e0b98bc6c96fb5d9796a563a324377bf,xyz/EXAHER.xyz,f4d6f7b6096ab279da3508c917464a3f612d513c7b2a999200ba538a7a1628c6,120,[5],[5],[],True
127,29,060745db4fd498e009c4af72cfc7e6f4049d701ccd95e0d9f9c25bcba11886e5,JAFWIX,1,Rh,6,18bfc36c5f14677eb976b022d6f0e7441da22c6da423bc79cb1d8232a3229721,xyz/JAFWIX.xyz,cc91db51bfd9a55669615540a3ec95a823b5fe5c0a559b1f529d1c142668b866,12,"[3,2]","[3,2]",[],False
128,87,0611e17434dd87410940e78177496d08e201a61f4699f2b0d7b87d373b01e746,XOZBEW,1,Pt,4,b25c8be17e2d9ddb22c74e96fa7a63dafef6132692ab4896218146d708cfe319,xyz/XOZBEW.xyz,f6031782a41f8ec66a089d883f255f0cc140b5c7fb995fbb1844d55ba051047f,2,[2],[2],[],False
129,88,06184a66231505b2bb4c27f1a496e911cebdacdf3dfe5ca81a7cfe918accac64,LOFTIM,3,Pd,4,93ac57a34b4f0698b8812dca334f7762934978f09cc0b7437eb1e48f41ed5603,xyz/LOFTIM.xyz,c0858595e3bb7787eaab8c2f78aeae6da95bf26609341b2dbe12a317900b5289,4,"[2,2]","[2,2]",[],False
130,89,062120540d1b68eff8e6d4c19e391b22cce9bf741b2d41d65cfb87bb764dc3a3,OEPHNI,2,Ni,4,e02c471530b74471a4ec94f009de5dc30efc90ba67b0001ea9307b2dda218a8c,xyz/OEPHNI.xyz,e03b0982e50a4c9a51ff2c40d2cda8a7d59b4d4d853de2c25715a99b0c4bcd31,4,"[2,2]","[2,2]",[],False
131,90,064b1d096a050b2e0e9e1634697d7623449d2f117a09c10026cb4ba6d08c9d96,IGOJEU,3,Pt,4,368a8cf62c0d4d01264d25b241eea3eae945cc3d95d75ea630f120c2f64126b3,xyz/IGOJEU.xyz,a7550d0b4c9cc5d16d4a793baeba5e5e3565954c79658380847dcb2082ef4a7b,4,"[2,2]","[2,2]",[],False
132,91,066aca190f3d8d0602d5dab207d5e55f6f8a8eeaf4bd8b672d8e38c61cb723d4,LIDMIV,1,Pd,4,c8ca619b904efa4533313387776bf4ef2109f7162b4622d28980ecf8ea927dd8,xyz/LIDMIV.xyz,b85dc497728ce8d1f242fa3d60dd22547dd5430ac1170d01836eab99b89b1a79,2,[2],[2],[],False
133,30,066cb2b5020de630404a2b8bb91d479149c3fd0fe90dd7c08cec4d2f5e68f557,SIVRIB,1,Ir,6,894e29d1736686b21ea5dc3a9e4ed18801c0765b63e5a5a59706dad60d1716f5,xyz/SIVRIB.xyz,6bf756006e651478c77eec2c748796e050a70d1855d059da94a7ad4d090f72a4,4,"[2,2]","[2,2]",[],False
134,92,0676084aca812f802d36f5ade95c7a589c8f9f58bdc71305436f56843d98ebf6,AVUCAY,2,Pd,4,9b6f6712c42347e9680cb45d619050fcd2a77184c8890aad0d74cf718835cdbe,xyz/AVUCAY.xyz,c17e6f0712672a53801748e74b56164ea692b74466357e8dd4b1cb0c6e136924,4,[2],[2],[2],False
135,93,068a26235a8cf061805f406b672634f90e720af4e425d7055c1c75487aebb8e4,MOWWUS,2,Rh,4,53ec2f499493f691d6a12ff28f783d20295477f3f0fbee2adb6bf418278c526a,xyz/MOWWUS.xyz,ec28f68daad837c8dc3179e3ef4a370e1473a340f5ca5bf6c2cbb84108b0777a,2,[2],[2],[],False
136,13,068f9b31413fcf036d8c79e9754f6a52cca05eb7d30cfc4fa0cdd6b0d109ec50,NAPYOS,3,Ir,5,c9722ecf4c6e6e8893e8395207346da6d86a824fade19f3f4096561d6a25c231,xyz/NAPYOS.xyz,ebb37a8c824e4205e6086d14964e631ac31ea5e3fc6ae27e72da2ebab5c9f3a3,2,[2],[2],[],True
137,31,069e7b89b6da428847ca74b9bb394027ad2967f5769ca14c9edd2ed1b86390b7,QIYGUC,4,Zn,6,4ea42c4531223be1138e90525335601881ce2b33953cfc4aa7af6487c3d1b1f0,xyz/QIYGUC.xyz,886579be2ee0c081f55bb74d7e1025e7fa267e6c5a1bdc50b8a5e7e2ff63623a,2,[2],[2],[],False
138,32,06a59c4f2d5aab98e4d62d850fe9e7dcdd541930310098958e8acff6f17b70c4,IWOSOD,4,Ir,6,e73ecfef978f93794def709deab606ec9a046ddb6bfcbbfb2c15778cafc47a9a,xyz/IWOSOD.xyz,faf4f0b2cf220dd02685d9e59586756bf679de15d9b4a70155e1fc96d85567e2,2,[2],[2],[],True
139,94,06bbb366f584bed2ebecfb096c44350dc3224ce89d603ebb5f5e98742408938e,TIMXIA,4,Ni,4,6dbfb9f4eaaea216e9c613eda1f55cf4e2969405a3286c7783996ca620438481,xyz/TIMXIA.xyz,51830e6c07f6a40f0a1b9e4d22f1fcf3c98382d56f93a136f0e754837842fb7a,4,"[2,2]","[2,2]",[],False
140,95,06d87f629a9b236b6a4d3adb140b16d2d8fb4d19c82052f3a7477c0cb6d58cfd,XEVXEF,3,Cu,4,cd806f96e89897597817f1ccdf641b8480196c52f3086fe43dd35dbe2385e183,xyz/XEVXEF.xyz,01301851fe643cffa375379781285019b3a3eae60ced4a53373429c67ead3d7e,2,[2],[2],[],False
141,96,06da816d66bd9c11b0ae600a8e1534467f45b9b7e19daff30676e0e6ae5ccb6f,FELXUP,3,Ni,4,d10edac7860daf41d2589aae1f2974a3a74bb499f74fd8b04c2efd8ec4f69b75,xyz/FELXUP.xyz,b113b811f845fde017afd5aadf4c0939477cb21d100ad2eb1395c8bad023bdd2,2,[2],[2],[],False
142,33,06deaa1da12cf383bc0fe1255fb6eae0b56f19010eb4872a688104ca6a130128,ZAWVAU,2,Fe,6,ce3044119bf8457e9a1688b34bc73e6a9bb56969623a5219f3230daceea73f34,xyz/ZAWVAU.xyz,ea000ec06ed11e0d033488d52f54feb63171337c5d1c905cc6cbdfa14bfda4a5,24,[4],[4],[],False
143,97,06e30e2668e0bbfdeb1eb46d771608522b021441a840b85174885f037064bdd3,GADFUO,4,Zn,4,c9c26622cbfff72371d3ea53a62b4982d21fa156c9277243206e1014926ed8bf,xyz/GADFUO.xyz,c072ba57f4e6d24f9d87d05edef423f3e6bf8e6c175101e1400c422a52c694dd,2,[2],[2],[],False
144,98,06f5063c3d2b45e44f29aaecae83663bfe8e99493837d3696d48887f0ddccb86,DURQUF,4,Pt,4,6502ba49c5250c87192880de131ac04aef97dbf1697bc8506e22e6eb8ec3120f,xyz/DURQUF.xyz,35d1ddbcc88246f5dae936abd9a5118dc064502e76495d9651635a45d5f36c4a,4,"[2,2]","[2,2]",[],False
145,99,06fd60687f7cd54a77cdc3f68735abd09d02b6cb0f81a5559502eeba692177f2,HIZJUW,1,Pd,4,cf09a4aba4b3475a3829de53f26256c0e16ad12f90be0023f808308923d00fc3,xyz/HIZJUW.xyz,c00c53f8d1f396541800386a195d03033fc9da9dc392d0bdd2c17d855f3bedba,4,"[2,2]","[2,2]",[],True
146,100,0708ae6649632ee6328439bf4dc52b3e69b8992319aa098b20b28d2e1fec2700,DIXHOK,2,Ni,4,d50696e2c901b3460452cd72afbbd15dec63f44da65ad68464bba987fc48e0a8,xyz/DIXHOK.xyz,93ff616ab840fc604279d69628f47aa3c818c54d7280c5ec1ed84f908a5a002e,4,"[2,2]","[2,2]",[],False
147,101,0728a0378c45743b69e99b55370f40626084cac142d6aa40fd75f065e17ef7a4,ECEHUP,0,Pd,4,7fa49c9a302b9204c1607a6e6231a1ed3f082c0d44116b0bbf7e1f6933b1a3ea,xyz/ECEHUP.xyz,0b9df707072f2df3fd5932a1de80e9b77c62ed633a617834a41b819b7650a5fc,4,"[2,2]","[2,2]",[],True
148,102,0732a1fa8cb807102aa2147c7b1b3e9751c55109bf7aea4250802bc2fe7078b4,SEQRAH,0,Pt,4,ea07b26febb76e3fca029ff12096df7c009818e53f1df0e07dd6cfc095ffcb96,xyz/SEQRAH.xyz,636d4d946f95857a42ea3cdb7e4c19897597247044c7a5a76587973f3566d5d5,4,"[2,2]","[2,2]",[],False
149,103,073552096cc07313cbb62d76d88d9131947344a01b0207617f78d25d2d5957ff,VUJHOZ,4,Zn,4,06b29333c35ef7a22324da015199c9448c455dec65d2daa5c9037f6e0a232ea2,xyz/VUJHOZ.xyz,3479d2d66f186003a05ecfa6b943de3e4f1b344a70be1ce01ac47b78e71e9a45,2,[2],[2],[],False
150,104,0740b8da93b7022fc6ceb3c4dbea5b0fb625277f2b1ed4c5b2d5e5d6c010b2e1,SAVMAD,1,Ir,4,e6ddd6db057f60fbb010f56c1a94b37457ddde71132b90f6e97595918c5f1ee1,xyz/SAVMAD.xyz,1ecb54afe2d1a53627f4c9b1377dd2a4cbc874f62aeab040876f025d170fe3c3,2,[2],[2],[],False
151,14,07540b31d3928df66e3f735cd425cd39454a6361e48ecc8b4a22aee3a68f49d4,UGANOG,3,Zn,5,f59184508c1c6079e5c9a22f0d7ec43ea5c133a93ca69a1d1690c630f6b0a068,xyz/UGANOG.xyz,8c4c77a0f597f40dde035af66cd89eaf81793852d59935c780e10096be9cc420,4,[2],[2],[2],False
152,105,0761463d794c4ee620ba08aa85283741f9ceae47640f12ec23fab767d9718649,SIWXEC,2,Pt,4,f930b18d19021ee51eea07e48b5bced14947936603fb75f7360b67681ed4e77b,xyz/SIWXEC.xyz,65648c278c496ed4667c2ad858cf3eaac5a788e51a6cf9ecd1989b3b19c41227,4,"[2,2]","[2,2]",[],False
153,106,076de1bb6885777bd6b454efe153f93db4161ff765783f9faa674620707f50ba,ATUWAQ,2,Pd,4,8032733eebe0b821d8f38708c335f11a4e2cd70e479268b32a440a0a864d1772,xyz/ATUWAQ.xyz,2d16c6604d377ff4fe58a34ca809e3e2eebc038caba59cb3e29333f71d393860,4,[],[],"[2,2]",False
154,107,076f52b7f09c41e5f1e97728b0852ebb83dd6b7909bbcdeda201e8d9ab080a8b,MUCGAS,2,Pt,4,23aeeb9d2d9033a62aacdf72f918f5cede9d1c7de00a716b2247d7fb56f791fa,xyz/MUCGAS.xyz,f0fe2038b796e456fccb414cc7a4398dc9aa93c9cfc71aace4b83ad061babf4c,2,[],[],[2],False
155,108,07735328e04b35c2cef9bdebc211eb2a4e8b488563bf4ae0f5636c71ca92c66e,UROGIS,3,Pd,4,6c65d128a56882849dc6d6a13f534da1fa27a43782e5b3fc0685562c22a48159,xyz/UROGIS.xyz,93014ce2ce5350f752c9e8f2b656f6a6cf7bc5a2402c2edda4cec730900c29c5,2,[2],[2],[],False
156,109,0775f7b273b561379a9ae6ad174604d06dbc7b9e80dbe382efb3f2941b22c38c,DAFDAS,1,Pt,4,05861b1575d857502f86fc53297f844a0da2431c286f854f7fa31b05ea4b8060,xyz/DAFDAS.xyz,250d61dd517e7f8817e995400a62e03ebf5544b1e35b003649331721735c31eb,2,[2],[2],[],False
157,110,07a00bb99f1e125dd9bf29285b03bcbaf80618339e3db0986e4a7b64ed36b3c4,USESES,1,Rh,4,704bbe4e24948eeebbbefb9f359d2dbed79a8bbc7e0720c663fe5b2c9f53389a,xyz/USESES.xyz,a3f3ebd84788e0d8361dcdd52a22103d508d502651f266577e2bbe2dd00378cf,2,[2],[2],[],False
158,34,07b696b035ebe963b47571c5ab6a702ab03c4e539866b77217268cc7e872371c,SOQHOW,2,Pt,6,3dae4b4a37cdbb2c3a6a5a130b7baffe9791d938c460dbd3b8e450dbd36272aa,xyz/SOQHOW.xyz,9b9e4e6e784408178e4d6305c3aa00899e199801ad8efeae60613f36ed58a913,8,"[2,2,2]","[2,2,2]",[],False
159,111,07be975877cc4d1a93d399144c91fc1e213c585941add423cb828c7a89fb8da5,MAQPUS,1,Pt,4,43b8ae4f6e32d5eea24a0210fff20d6c4bbbb530575a32de324bd40dcbfc21b7,xyz/MAQPUS.xyz,ef2381499f28dfa93a95c785b262a89d1a3bd63142aa575db025fd8446c1bfcc,4,"[2,2]","[2,2]",[],False
160,112,07cafc9c7169942ee94760c4892623b16607cbe7ce6a5dc614bbe2cff9534346,LUTDIQ,3,Ni,4,d22dcf8bcd6f58c6f6f386a380ad84b78956f5214ca94ac104119c067fb1f456,xyz/LUTDIQ.xyz,9ac26f8a87bf1b03e98a657728eb020e3630829eddb3c032c97e106a88ee370d,2,[2],[2],[],False
161,113,07d9e269b6fc34e0b8abfd34c29ed9241587fca0ee91971dc765bee46bb2012a,LAMTEY,1,Rh,4,32969a4e3a1b20e059fe2dcc5df1f988193d3f3364847c4c26230238822aee48,xyz/LAMTEY.xyz,c9cb118f40b6a3e371b37a4d9b9585124d66917629d0b3d73e08cc2610b84db1,2,[2],[2],[],True
162,114,07f110dcdf4992c0dd2fbf4d10b143eb25e2f3593f19edc685b1ea368048cef8,QABGIL,1,Pt,4,fa81777cb038dc4c0b9a8ac59b3f8d98f4c7d71e84ee479b47a2c75dfd984032,xyz/QABGIL.xyz,95b6a918ea22c680f006c249cf370e72cca439b87c6aa861ecdfb3d34283414d,4,"[2,2]","[2,2]",[],False
163,115,080e964bba4a146846010abd31d6e540ca04b2f79c4f1b15efc9c56e2c1db6a8,DEWKOI,3,Ni,4,dfc6041bc193b59213cc34cc451070a0be7972591d6d055463c4ca65f9ddd778,xyz/DEWKOI.xyz,955910a08103fe5d91db10458876e6031635e56af84599bc570f67c8de9fdfd6,2,[2],[2],[],False
164,116,081d6c378a0abb169e2557025b3000754722699cd3682f687fd6b7fa36285c00,KASDUE,4,Ni,4,a58fdad99029e05dca23f018f586e2472eea5b3a320e40f64e8f3851d3b034a4,xyz/KASDUE.xyz,dc21c1b84bf71f1ceb431eb593f4b8bffcd690e73dd4819aa34d0453f7860d0d,4,"[2,2]","[2,2]",[],False
165,15,0832e2e30c365298f4a7f1856a56f059e83e3632823583ce613716ecc788fa7d,WOVWUB,4,Zn,5,4ee4e3d28882a1e12071b2fa52cb494ef293aa2b5d0b3d532a69044a0d5382c4,xyz/WOVWUB.xyz,cbd631485acc300ff1ccb0d60e172f141dd47679fcc9972356458c761c3104e3,2,[2],[2],[],True
166,35,083929666ec7849c030271c11273e1d08bd7276de2ce44feeba38f3cb753dcf4,LONMOQ,0,Cr,6,dcc30961062d3e5e8208d86d39dcd40878cae7804fc1fd3dfb11dc3c1beff20c,xyz/LONMOQ.xyz,ee135c351a9d6b90b9e215eafce20cedebc4da8193564095000c9eed93eaa6c1,120,[5],[5],[],False
167,16,084bbac66cdf3723e16d979454096d9993b89931a362d8a5ff68784029463e0e,ZURDEV,4,Fe,5,e1d2662c176d0792c31982fda270c9d14cdb57a53b32daf07f8090a8b2dec6ad,xyz/ZURDEV.xyz,9be6d241c7a1b78a87ee256b60a14d29f5a966e0af5ba5b66eda9705af7da558,12,"[3,2]","[3,2]",[],False
168,117,084d68f83bc6d943855fe1732a4a3a3a7920e9ea6dc1a47a933e1f7b4e71ac1f,WUMBOY,3,Pd,4,f1c203f0ff319e6489ff246395c21da1b155a4d3c20129fa07c9b49ad9c52d90,xyz/WUMBOY.xyz,bca19dff1f29b63a2cb463d2692412b5d00048d906d7aae61ed6159e60543c0d,4,"[2,2]","[2,2]",[],False
169,118,0854be902512b05516f234cad393379a4d32d74c8ad4ffdeb0133933210d044d,BENKIP,0,Pt,4,105328dacdb815ca2a7ffc34c0d9489e57e6d9377db58ae8e8786711ec32894c,xyz/BENKIP.xyz,7ed3930fb4b96d1a503515fed5d6f2040233c3ecfcf5b953904492c1767e2c1f,2,[2],[2],[],False
170,119,0856910be2a4b9aefc2a174d346878b4d313990b3e15d1fe6dda747b7a0feea8,TIGXIS,0,Zn,4,bfae70bcd49dfd14e5800c7ad5e0505fab6debb5459b76681e8f2cba474ea36a,xyz/TIGXIS.xyz,46c4a1c6ae94810146668af8c82b0e78f3243f3202cf7f89ca743b48ca07203f,4,"[2,2]","[2,2]",[],False
171,17,086451206cafb1fde90eca600588ce5579469799a99d1cd3bfe0b349c41ab847,QIDTUW,1,Zn,5,065482eea8ada9d4aff41a68d2a73254644cffb6c3a305f01d4308a8e5cb7ecc,xyz/QIDTUW.xyz,6f239ea6b9136f5eaf694b4e42c22ca84d2352baa1d69d505af89bdd83e4a989,2,[2],[2],[],False
172,120,087a7ac9321defe0e6e12768c035da6aa1221e9382ec1ed82b5c88c1f4b7cdcf,QUQGEO,2,Zn,4,679958e76337d9dedfac35d20efad3d100edc1469e787f254c7a5fd2ac6a4fd0,xyz/QUQGEO.xyz,335f7047e5d07dc014794234d6b176097c2fb5868f48206619964b581f58faf3,2,[2],[2],[],False
173,36,087f7c83d60379a32d1ac4a2a09e6f668132821070f47caba76e852fd09ccdcd,JEFLEL,2,Cr,6,341ab79102b164c03e1b9181aa1a93168079de80134a5b80f31dbc0ad176838e,xyz/JEFLEL.xyz,63b1cc657225f2b728acb8ec9e726bda8bc301373eb54413945c3120e07e79dc,120,[5],[5],[],False
174,121,08afce38b6cdeed7397b2651f9c53adafbc195ca376a1f711d2a00122797b0e4,CUXMOZ,2,Pd,4,2bbce4a9edec8aea4950f09abedd303f0319c0052f77a95a9a4cf9a768259275,xyz/CUXMOZ.xyz,5208011912d423ec1cd982bd2f0b2eb029f8a65d6f6f4fc299ef8adf8f7190ce,2,[2],[2],[],False
175,37,08b0a740136a993036303a74575b0859b3c114318c58cf89511ae0d658201ea3,NECQOF,2,Ir,6,7a319352ddf3f7fb781a343c397b1c4fe4f7017623158dee709efdd908f87f16,xyz/NECQOF.xyz,0b4e4a66e16ef6055f66883d3bef4133884495fb47fc63f34f823f7963fcd056,4,"[2,2]","[2,2]",[],True
176,122,08c5a35932525f0a3a1cfb2f2b0f034ed58e413f8d77a8f2ef9ac7a10ec89729,YUDWOK,0,Pt,4,58eb8583a76e1e04c2eb750c4d1f080ba8ce67e58c0710e486200f7f380fcfa2,xyz/YUDWOK.xyz,5b6893a6cf241b095550c090a76f5fc4ba5399b8d66724d2afe9e0e597a33f70,4,"[2,2]","[2,2]",[],False
177,123,08d91f6014ea9636ffb451967059bbcbe929e9abd0979b78d3472469e1e50fdd,YEJTOX,2,Pd,4,576da6d16d05b1b970659526e4df43fdd9e1d96b0babb98e6d7e1e4e5609b47d,xyz/YEJTOX.xyz,5c2d8d5bc9e80651fc275c6e46336c1d92aac66094ca1451a8ff9af38476ba4d,2,[2],[2],[],False
178,124,08f014631250ec278a2c30d2e0be17a34b31a2112358126f11d46d32cef87f6a,ANIZOP,1,Pd,4,74324414dbd2cd380265b3b2a8c32c1682360a69750df0bdb63e8ba1eba60315,xyz/ANIZOP.xyz,b01bd35df3ac8d7323970fc427386ca7738c9e3ac41b40e0a3ef34175955c4fe,2,[2],[2],[],False
179,125,08faef8d38a09b3c4a1e24457ddaabee06f4922d67d6ad3695c472e45f66ba58,VOGNIP,3,Ni,4,fd8d519feb147e31d0d8f69ef8da9591267b34aa6abeedff577b3ce5abccf67d,xyz/VOGNIP.xyz,b2c5a22c6ae07623eb993ae154f0d01d2deedc66e907f9dc43bbec20d45a3be0,2,[2],[2],[],False
180,38,08fdfc57bef24ef60484e876ea061b389204a8e10490d8b6157220760050f7c1,VADZOP,1,Cr,6,2dab70b3ffc2aa507a629bdd8a18710629334aad3be109f3e2b420f6437bf769,xyz/VADZOP.xyz,352849cd2ff2991cd938e4b98fd0c47ca7174bf9d665e60867c76794c259cf98,48,[4],[4],[2],False
181,18,090d45a9a73e3167eba73bf407a93cff4fa13f1a5e431e46acfeb114a1377298,AFIBID,0,Zn,5,6ef22a5a2529fafd71520b4bf89f6f5d0b443678c5d5606b3245c11fee537069,xyz/AFIBID.xyz,8d528b9ea8e8956f2f0ea44ef49d0d4c6f44dacb288acb37b2ec9f884faed42d,2,[2],[2],[],True
182,126,0913334e2b1f495ec868f6e69acca914c01d962188ccd883d1c85bab623cb0f5,MOSRIY,1,Pt,4,47d5defc99e3c0a44d081112db6b4313c05acfedad19b2892526897290ecc146,xyz/MOSRIY.xyz,85c4c0b709d56c0d11269e9fe99ea8420a012570e8fc5bb8f2b559a7ff17d708,2,[2],[2],[],False
183,127,091677243ccfd6bcf8da685109cf3fce95097c4a4d15015b13c835f1d194ba69,CAZTEF,1,Pd,4,e815445000165b4498945a969cd3f84f5757f56b2889e45ccdfdf9a45f6d7eb6,xyz/CAZTEF.xyz,4c527117761dbbb7b05c59e04d6cf3d6d00596e2d4ccb8f666cc72f96c28f6ce,4,"[2,2]","[2,2]",[],False
184,128,092e6d4bc44d3b80cecf293382365ff25f4003d17c41f2d27612fcd2f01e8ddd,TOTQEA,2,Pd,4,f7f6181740fb6a7e81d1b558f2b75cb24d3156527c12e681222beab4f146f881,xyz/TOTQEA.xyz,525d894790b447ca824cfed75e191a2fd39ab1108d9e9cd780947ed4894a87aa,2,[2],[2],[],False
185,129,093176802ee0e83c1b713dc390daba3a8001ece54d9333bbda5ae6a40e2e928e,IBEKUV,0,Pd,4,aa3e7e46f5cc5e59bf5264835d750a3553882cfb069d74a813dfc91d1140e7a8,xyz/IBEKUV.xyz,32d71262663da673fe415756ea040320e81d1fda4b9adb3710979f3a43f724d5,2,[2],[2],[],False
186,19,093d8b5998bd52294554a21632451712900999d02535bc59c24dd2c7909a133c,SOPROE,2,Fe,5,3aa1eaa54627c0a40756e9782a2f6c4c1f72f414a76debf207306274ca770d14,xyz/SOPROE.xyz,0a8acd204ac3b2f9ee4bb730e117e32f4c5a1147d3d8962d1d0f04e2b7bf636f,24,[4],[4],[],True
187,130,094bc94dcfe85b70ae076d8e84909f64dd175fa2e136cfaec77e1d29a09ba3a0,NEMDAL,2,Pt,4,c62f82f477362b041ffddcfceb631b59010a11f495f9208c99a3fede1dfaec10,xyz/NEMDAL.xyz,20b66816193f06234841714de0fdf806c7058faa0b34d8fb33820048a50b8f73,4,"[2,2]","[2,2]",[],False
188,131,0957600d5a86a3dfc123d44292debc77efb7a3d20535733862ed26daa1e0a419,XEYBOT,4,Pd,4,257cff2f0dd86573e5e12d2b33b5ed12039af7625e62b339649f3ef49a5043ec,xyz/XEYBOT.xyz,cea74b32f2610ef758f13af93b1c3a511d36399e6e1d04ca095a02949ea71ad4,2,[2],[2],[],False
189,39,095b85800d2178edce5fd23e2ad095cd9d6d73a644190032a17eac105cf37000,FEHKAG,1,Ir,6,a124154f72aa7d5b93e58c9e3b71f2460ce56be3a87db929bc8f5894f4a4d6d9,xyz/FEHKAG.xyz,2d5c924285c257bef72da3b506a74131f8718e38fbfce0d8edc82815bb43786c,6,[3],[3],[],True
190,132,095ef679ca2e8ad85bfa0bf06c394a2f65e8138630c272222b8849bb98a1a907,GIQPOM,2,Pt,4,d848b741b7cede0f8e037b5af33b86ea80e5f9d0900c3a4b62100ebed25af509,xyz/GIQPOM.xyz,ccb73ccce8dc4359e3b0194a8df988b2aea9dffae05d357016317d0a819e126a,24,[4],[4],[],False
191,133,0963aaec3a646cd85d361c7ad650738133681d0e2c0da6a81fb4b2aa6b686fa4,XIQRIA,3,Rh,4,dffe1460e313e0e246df97af6157fa0c253d6133a1594d4a71a8e4c645452657,xyz/XIQRIA.xyz,86806533bc0bf2882234e80c292e6afbb88a406711628cd50143603f3c8f7b39,2,[2],[2],[],False
192,134,096ec2e2a0b9fc6cd55d5b735a0a810577d3146e8fb84bd8e88e29c436e3792f,SEBHOX,2,Pt,4,6f8e9ecda387a48e2c4842dea05d05a7c86e44c95eac401d7c36dd69bab3c30e,xyz/SEBHOX.xyz,8c4e6f379d679bf4b57a750dfd6f8016aee20d9e9aa016a5473bc4c8d584ff0c,2,[2],[2],[],False
193,135,09743959540de68f7ba87266c180c5bdcdc7f1a3741242cc825f69c52c97490e,CISZOU,1,Pt,4,2c3d0da7ed7fe5296c36af576f3bd22300929c2ad56f845e1c24cf557e4624ee,xyz/CISZOU.xyz,34559c337e0d27db00c2f3fc361c797dd5d5d06a204334ce8d53800b05cf047b,4,"[2,2]","[2,2]",[],False
194,40,097dd7792b6c3c9ceb9c1927565f0aa198c6273d984c8bd2dc8e36e7bd605d7b,VONTEA,3,Zn,6,bb3ad81cbd30cf60d745db0733b451f88ccfea1715a58486f5588a733dfbbfce,xyz/VONTEA.xyz,113399fdbffb02e16b968ca468d2b83abfb9e16286e7abc703282d236a746825,8,[2],[2],"[2,2]",False
195,136,0991c26e2c41e7f564ad6eea45976cb44579abcda3463bf1258e641bcd21d4d1,EWEYEN,2,Pd,4,39a668fc1415ad5043942f04bbc53c0d731e761f71f5c05e08a5e83866a4d03d,xyz/EWEYEN.xyz,8b163e271bf7ab620d11611c6daf913de39911674cfe60439958e325ad2f8c41,2,[2],[2],[],False
196,137,099291f33b03215ef858dfb2cddcab40a4ef5eb99ebb2464fa01daa3c9390a8e,TAPTAH,3,Pt,4,fbcdfbbc859cea026d8413762bd4fccd9d1a2183f6019f9a0c9e3143a5c8cc14,xyz/TAPTAH.xyz,b54bd54b3be65d6e0104921fa2914162d4e31c45b0ba379e32b15c5329648d6d,4,"[2,2]","[2,2]",[],False
197,41,09a0b67ab97692bab83ddf8549fd97ed709e7ab8b46dafaa529fc2d82e63346b,NAQLID,1,Pt,6,fcb494cb200703219f7be6da29916c4a22fb0065b3aa2d95f60aa4cbf6d1b5f9,xyz/NAQLID.xyz,723734455f5191e064d2bc2bd11382a801d1373b857ddbe20313360079243bb8,2,[2],[2],[],False
198,138,09ab3b72521fd67c85244e4afb3eb423e889594764329ccb6f4ed481334df707,JUFNON,3,Pt,4,f6a70e0e962cb8c8967559fe9150fe772c8961b06f6ad14b45fc60f4bc2e6f8a,xyz/JUFNON.xyz,8598ecf189bfca5f6dc6e52d5d359e1baa575168676771b34375f2572b8c51a4,2,[2],[2],[],False
199,20,09ac8882501a9ad9e225ae708d14a72d6612ddc3f7be95815b68068561d1708e,ICICOP,0,Cu,5,31f70a9a201cb3b7e7001baf57f4cf3fc8c8bdfb568e30bc4ca5027aeec2dbac,xyz/ICICOP.xyz,252d374a8379172d6b337029a14159b462216df5ee0b0a60a3d17c4e8c85df61,2,[2],[2],[],True
200,139,09b175251bfd020b8af281594afbe8d1f22fddf0510f3f0359486c9af2f37ac8,AXUCAZ,2,Ni,4,f44ccb6ca00134acf72e21cf30e49e866369ccbcd05ef4408881552b81467704,xyz/AXUCAZ.xyz,2de1bf970604ec88d981a02c6002087b41a6fad988b41bbcb7f7268ed271cb8a,2,[2],[2],[],False
201,140,09bb7ab5478bb260664125cdf3680ab646c49bd20d37013dd23beac524d66bb9,IWACOZ,0,Pt,4,032a759ea3a4751aa41ecc12bbe11bd31be67f823c39e802579f621f10252b35,xyz/IWACOZ.xyz,1439ef8b296a3691d966a02b183ed57bd0b6a3def024f10040673a2146dd95fb,2,[2],[2],[],False
202,141,09bd6b60129684c9bf22fd1d51a2b25eac89af2095f8e6bba58c389cef1d28f8,HAMQOB,1,Pt,4,9b4be9b3267530e48119e79f1d4fe49861b7ccdfce9755946414dc71b3c1860b,xyz/HAMQOB.xyz,088332ccc69d7cf4bf4138f7e8f390844b21e9d9b6027f6d1e7cead1f4441037,2,[2],[2],[],False
203,142,09c635eaee821c89e10da75a0cce7f36532aa551443ab667d91f2dd9a9e8f543,NOPNIQ,1,Cu,4,f1fd41df7665485db52ffbf8b28665706c57262ff4ae0d2e663f3082aee944a5,xyz/NOPNIQ.xyz,24812043b9303dd54f4023951ee4c32a72430afad135505ed85d579021421a2c,4,"[2,2]","[2,2]",[],False
204,42,09c8bcb68e0c739d7128f1a9e485b06e2f9ec9f72e93986dc2b62b9bb8cdbad9,WEWCUW,1,Fe,6,b7f6d53099dd07aeca3ca1380474dcf309ade92946a470296b5b16113079b3d3,xyz/WEWCUW.xyz,4978b06ac64da468b9210f7a3c1233241770e81aad4b7c356a7979ebe60d7d1e,48,"[4,2]","[4,2]",[],False
205,43,09d0fe52cf6c24d625f8a5055e429b11a4b36e68c5de752f2d29ca7e61c4d623,KUFYUG,0,Ir,6,583b2b1ffa86408a284d07cba5e66a61f38c66857148abea39a23929476717f4,xyz/KUFYUG.xyz,bab55410af66e6d9ce9fe175395e4777e47ac72bdf4b68dde55eeddc67ecaaf2,4,"[2,2]","[2,2]",[],False
206,143,09dfcfcd70c10307a66235f130d80e5a189b0ad7711076534bea79aff53c939a,CEQTAT,1,Ni,4,95ecf78c07cb400806aa4fb3e5a0a638c2609f8e2a27e08ff54ee14bbc42e35c,xyz/CEQTAT.xyz,810a759dccfbe2ebf24e5b85c42ec77eebeeee662173a1d4709516cd1ab180dd,4,"[2,2]","[2,2]",[],False
207,44,0a045873a486cc3a4b2be706697354061ae39efc1c9468b261998ea1495a282c,GARZAA,2,Ir,6,8c8013c68c658b96ec5472ce82ea618ed0e5030de09f5f94031303dd0821d33d,xyz/GARZAA.xyz,7c85af7ff32597deec6c9d8f13cf1c8bd605a74acae40169fbf85b1ae6a5a89a,4,"[2,2]","[2,2]",[],True
208,45,0a07a25c7707496180fcbf50da104325a6709ae3926f5223a9b8b14768a52eb2,WETVAT,2,Ir,6,afc3a6be34692ecf212f70ad09c13cf2adbe8dddc2df01483002911faafdee15,xyz/WETVAT.xyz,7590a19baa9d2c3aa44f14b0c660a5c6fe23e80d7c3f2bb1fbbbd9ffbc0a19fb,2,[2],[2],[],False
209,21,0a269cec032eb88729d89257439b9d31d9e418ff65ccbffa601695ba731bd198,KULVIW,3,Fe,5,54d2dbd9c18280cb01106b68282a983ba1baabf67c6ba0ae421caf603e3de111,xyz/KULVIW.xyz,a804e16f4b4d33dc2d3b839b34833f7db1d783ec97d58be191150ff0a18f51e0,12,"[3,2]","[3,2]",[],True
210,144,0a38e88dcb7e56d1ecbff8ce92de87bf10eb409987be05c2c3f55a6b3b16bd45,OFOQIK,2,Pt,4,d004a1a2c8874113f1e773ed511aedc74f09ab2701b79e689133a1790e755519,xyz/OFOQIK.xyz,acbb6dbad9f2584000fe8c5d12335be28e63bd5016bf720bc4f61a8121612d18,2,[2],[2],[],False
211,46,0a4e5d46d211e2d1ee6dd05a17d1253b619492b89fa5594614ba62bbb57693fd,JOMBEU,0,Ir,6,f5ecbaab7b756abb8b3d69b9c1b41c37cd089e5fef1543c6a5faa0cc2c2e2c0f,xyz/JOMBEU.xyz,8f094f0e3de4f5fb94b1b0bc52051e6ac47c48a582323829b8ac952347025cdf,6,[3],[3],[],False
212,47,0a5ca688bf90258e5ca0ede97459d974d796be47bd32223f1f07126acd0985c4,CAFREG,3,Ir,6,1993ad0be3aae881b5d6b801251d46d1b7cdacc7676e21a1619601f139816755,xyz/CAFREG.xyz,26242eb3074050350f03f67aa2b3a6397756aadaa40fd2bdfddca91810b8e34d,12,"[3,2]","[3,2]",[],True
213,145,0a7d4b93cb8a819113777b33e221ec395dea77943379a8029c23dfc2f6caeb2e,JOBZEG,0,Zn,4,7853fc47abfdd9a6f871af803f8c324265775b4a30f3d4e4b6b681c6cc5fb635,xyz/JOBZEG.xyz,a32b0fb287d3fbfe4e1614c39ea7bc130573480734238bc436f6c1cb91612429,2,[2],[2],[],False
214,22,0a8953fb334300985d8b21d65ffb980d9157d3190ccff302e0394d1b6d1c1c46,CIPKES,2,Fe,5,c8459a4ca5bcbde9821a3f430f487174d17302e8267fe7d9df428d6357f51f8c,xyz/CIPKES.xyz,e9ff39b5c9920c18e2c6d726fb3307433a0524d133a6f659cecd169216c63834,6,[3],[3],[],True
215,48,0a9e00cb20dbd9361e98bb7b6adb9b557c020617dc84f0ab34814f752fdcd7ad,UZIWIM,2,Zn,6,323d12318ec65ca5963b0561d60e2b967daaa1ff3c0ed4e0e746d07f3a852731,xyz/UZIWIM.xyz,f1418581fbb915eacd7e5c208667ea20c0964ce844a0869557302ebb019d159b,48,"[4,2]","[4,2]",[],False
216,146,0aa4cd1ae96128c9a2d4a9527b90adf9a00c81b2a702fe27c6adb5b9bb48ad63,YILMEM,2,Pt,4,40197301785a5605bd55dce33f9e9307498cfd82d4b8ea72440784cd24312703,xyz/YILMEM.xyz,4b01650991a4cec1eb801fdb9fbac47d15e0220a91a72de6cad4af9051fe674c,4,"[2,2]","[2,2]",[],False
217,147,0abc60ac4d99b3a2245e4684a9b66ce5a6b88a05d8619396351d80df0cb078ee,RECYAC,3,Ni,4,f56df63b37495cfdbe6c46cdd0d06cf9319a998153e238209f95e46f8f074ab7,xyz/RECYAC.xyz,2d512aedb471854706118448ace22b865c3aef9286becf00e09ab38f4e7655c0,2,[2],[2],[],False
218,148,0ae10e826b1b49e4e0dc90f0774683c9d45c282fffea9004a2c64539e69f7441,QAGGUA,3,Pt,4,611c2e1525ca52c01d9d8147404c2c52c471536b20fffdfc812a76503dbd47f9,xyz/QAGGUA.xyz,d9e769696b111327be408e59280186d353b39a09808644b31d054bb309b417c3,4,"[2,2]","[2,2]",[],True
219,49,0ae700852c8cd21172ef32afbdd954c1fcbf3e68ea619545bc827c1dc05a23dd,EFAJOO,2,Fe,6,8e294f0cce83ff5ab0bd93ae86d22ced05dd22cd9a2367c336a9adb1836ec532,xyz/EFAJOO.xyz,1b642dafc2b394a1dc430c265fc4744ee48c57e26c7e637c9cc7bec883a00875,4,"[2,2]","[2,2]",[],False
220,149,0aecbf43fb1ac7254dab9c7d84ba99eb5781b1969788e6d17fff4f76670d0eef,WEPVEV,2,Pd,4,4f4ee4ca937345bd23b8f58341e8913a90d498d83fbbe24d4bdac90abb37f1f0,xyz/WEPVEV.xyz,f69b1d6e1348ecd0c402a1c830e2939fb1910add1337ddbc3163daa39345f099,4,[],[],"[2,2]",False
221,150,0b0cb6bb19546db5c7d4058c98099b60557cc1c90df5a6270313cbb4365b678f,TEYDUZ,3,Zn,4,14e35c90d738627e2edbf244b7548fd756fde2ded1ae2cbb4d2f5cb7e6430957,xyz/TEYDUZ.xyz,b64097e7afdc12c783504cecc2b079e51b55358992af810e6fd605dc92cff66c,2,[2],[2],[],False
222,151,0b149e762ceef95a4cb3a7ff3f54fcd0f2307d2ecd681682c3b7d2165f11c4d7,JUJLOR,0,Pt,4,d61c437c04e1411a62d601b6ee49d6e739ef5db8025639efecfb50ec455d0913,xyz/JUJLOR.xyz,429e1428bc12110d9831b4b02b30e8283a7585aad677db50a6c0570e69e47556,2,[2],[2],[],False
223,50,0b2727d4d8279c043c3f04f20d72928edc93495310be57520cdae94eaf7da363,HECYOE,2,Cr,6,d5c180040fca747fd766534ff74b313fbfdd572132d8bc7b215c55cb4efa0b42,xyz/HECYOE.xyz,21e76a66a8d25f9bda12694bc70ae903d67bd73231154f158e60532c467ed52e,120,[5],[5],[],False
224,152,0b2b51f21cbf3c33e1209dd4db1587d166c3172f5e8d057d5552e520565f54de,VIWFAK,0,Pd,4,1dc37a0281154e73de1178d0a600461512e80c4a66f2e70d070aacb8e226d771,xyz/VIWFAK.xyz,91927535b032f5a549a624fb481e2dc5c39384c0f57c5dd9568263c667d9f5f3,4,"[2,2]","[2,2]",[],False
225,51,0b41b240814bc04b4048201ccd41c7b64af218c587ccb9210e1afd92e06515a8,IMODOE,3,Ir,6,61c8e086727886ba7f9ae523905acd61bd4b428d2d0dbbbff6de06657152fe3a,xyz/IMODOE.xyz,c3b5bcbdd231cf3d4a2d137f52438f4985058147fe5e923f9d4ba7a02683aab4,4,"[2,2]","[2,2]",[],True
226,153,0b4476ea8360b8ec9f743822acd574bbdc86f1adf3366488299ea1dfdc7afbbc,YALCEW,3,Zn,4,cb86361677b24bffef5cf1f6f46fe18fc2508ab80d61d49939a4b271edbb9c2f,xyz/YALCEW.xyz,3d04bac27378e7dfed80aeeba51272d4a3e5177637f0841dd66e9c8384ca565b,4,"[2,2]","[2,2]",[],False
227,154,0b48d3cbc32bf17307c7ca55e6e1dac2cc1bdb92708c969d07a3bfd1dfc360a4,AVUBEZ,2,Zn,4,04142f6eb40a2ac9d1d547a0e0a06f26fcbf7e63d3a0075cdd70a7ef9837357b,xyz/AVUBEZ.xyz,151d6bfd9e90e8bc0fc5f0fbe6b330160f88b64bedbc5208d35933f49221e1ba,4,[],[],"[2,2]",False
228,23,0b4989636855917177c771ac241c4d126521922324ccf8cbdaa59da9ccd492f5,DELTIY,2,Zn,5,8f6cfde394e1c59bfad06259bad510c48fb4534f9b26be0737d8e8cb2d5cd7e7,xyz/DELTIY.xyz,f2421172bdc2428fc4eada0e634c9e0b2f501c1ca2e60e51a0c3940b311eda4a,2,[2],[2],[],True
229,155,0b6bfdd58e96ffa7614556be2459733a6fec96a0293c927bb6030049679f1242,JOVFOS,4,Pd,4,54533250b872a8e1bb6451be51ba80a8510e54ae65703086dbd3a19e16127905,xyz/JOVFOS.xyz,a9f65543045a234cf630049985f0fac2857d41150e81040a5fe939f7e2970c1d,2,[2],[2],[],True
230,156,0b7705890373fb0631f7fe8a7492c499b4a675adb3d96d41c2e18a276d4caa0d,RUCQAK,0,Zn,4,1b240cae360d123409bee830e61bcf00737671a1fd2c160236763b36b50b2d52,xyz/RUCQAK.xyz,a4ed0c38c85ffadf5d482c6673999621474b915dfa4688691b2449cc0bd5d2b1,4,"[2,2]","[2,2]",[],False
231,157,0b81cdf0bf5d0a40fba9a724cab0370fd705cd9695c75be1b8d36760f06b7c49,TEVJEM,2,Zn,4,d65ddf764bace899de0bff0088399fa8bf1b047d9ac4a3612bfde44f0c96a9f1,xyz/TEVJEM.xyz,c20ed67fb09ec34de31a181826d6ade745af350402096d4fd7d2bba747f0f206,2,[2],[2],[],False
232,158,0b842eceb5429eaac242a26f19b03913cd9c3125d90b1fdd804e35160919b67f,HAGBAT,1,Ni,4,bb6e0cbbf94ba66b17988750056302aacb0ee5027bd993f68981b98294537336,xyz/HAGBAT.xyz,328225423b5ee0c8b0457d24b516eb28425ca240dbd04ba08dbda373886639c7,4,"[2,2]","[2,2]",[],False
233,52,0b984156adb21e328c4f164ee179cee6e700510f14958ffcd418c4e2a91f4d74,EQUVUJ,1,Ir,6,e93cf59cf2e95531d90f9228dbb430d1621f6c5a8971fcb43219d4e632db6db0,xyz/EQUVUJ.xyz,642460f22123f9f9572b228aae78b586217c547af04f2e95a34b97284b7ba0ff,2,[2],[2],[],True
234,159,0baeff3f9f9bd546991c7cea27636e3c56234516cca4e136622a72e2a1ee9b6a,HIZLOS,3,Pd,4,ac9e337e66c91262b4b4bc35434eb0592e785af83313d4fce5be8d3cd19d56e9,xyz/HIZLOS.xyz,fc9cdfb9f01c941769b71662c7e76bfced6a24edb183f43b3d872b9409eebaea,4,"[2,2]","[2,2]",[],False
235,53,0bd3ee3a15438e495782a673c9cf4f5a9b2dae53faeca98602b06ff86616cd91,AGIZEX,3,Fe,6,bba2ddd491cf424f641b527b3d35b501eeab10c18693dc8c58f28a036b515947,xyz/AGIZEX.xyz,4ab501d308f7953340174badfe0381f9d15de94a0efea418c237e9daeec090ea,4,"[2,2]","[2,2]",[],False
236,160,0be06f8042e34e777558d8dd1ae82f22e62b539a1435cf0bae832c3b35bc0f34,VOPROI,4,Pt,4,59b4009162b42ce34e704965ef304c4b460bc31dd68a5d0a94cfe80c2f2d082c,xyz/VOPROI.xyz,6534d3843b7159bdd88698d272476a23c0064c31e0459752129bef0e44d78827,4,"[2,2]","[2,2]",[],False
237,54,0be611ae1a219e9e5029b1ebb3b7e6fcc0c3f67bb0da9d06d256d9b2b73d61d9,GEBQOV,2,Ir,6,54a6ddd74b504f0db2ab4ec3f380e4c382462f1fb55ceb0790ba3d0c651e49f7,xyz/GEBQOV.xyz,09509dd3430066e4dda2737048ce57fbd9fc330d5960db43a0b713b5b8b933fd,2,[2],[2],[],False
238,161,0be93413e2f5c43cc31d8794912257e3213237e1061cfb41e0445d3fd69b3c7a,WAPQUD,4,Zn,4,52029462e798d325ca313169c8603150b639d0013ccf4fe38db213222da87f03,xyz/WAPQUD.xyz,e41041457b6fdf0bfbca7cbd339fbaf48691136c0cd0a5c29f41ba2c7fd52b44,2,[2],[2],[],False
239,55,0bf2c3135bb93cbc8e903a01a62b929920eaed49535b488fbf46aa3ec8a73373,FOBFEK,1,Zn,6,4d05d9fc0087a0de0060681a6e70d05989d21143b06ea4ddc638f281c820c3eb,xyz/FOBFEK.xyz,564c170043bcba31da1589fac012a2a8bfb171ff5c91bf9bb46e34b176edd295,4,"[2,2]","[2,2]",[],False
240,162,0bf641188d4d8eb377e3e911a1d66466431200f3879a5d70a2caa806d1ffe02c,HIZKOR,2,Pd,4,77b6b58b5fdee0865cc62b2285108a401a8c90b62ddbd9ca7aed74766edb9d90,xyz/HIZKOR.xyz,2ed45ced5ecf5c04e81406bca3227a626d4ba52f4a1391798fd916bbf3a0ba7d,4,"[2,2]","[2,2]",[],False
241,163,0bf8181269826d0363cb5b64dccc327fa31d647184a50e1b4b6f09a700b12e1f,FALFUV,2,Ni,4,d88aec1e184db9453f42b2bd1814186cfdbc6c1359dc3ae3f2531569ad43290d,xyz/FALFUV.xyz,cde94bbaa43d0044f8f6f89af0ccfe5e05ab1fca648ad415f7c5e3f48adae158,2,[2],[2],[],False
242,164,0c06a5a9c4bc438a7bf9ed0f73d4d55f19d4ecfb0aab2735c9acf3f433fd88b2,NUCJEC,2,Rh,4,be225c87893e15be5f5a7853f12562a5bcfa69f95eea095ea84ced9bc367e4e0,xyz/NUCJEC.xyz,6745d092230ff37b1aafe75660933f4ee97b1631e31aeda5d214a66f7b781a00,2,[2],[2],[],False
243,165,0c13febe2d60b44540beb180985b9af880e61db2cbbf09e0319f745aefd69d04,PAXROZ,4,Zn,4,bbe35e3e7076683d5eda85864913bbf9a6499c3a4387dd2453d70f5326823f83,xyz/PAXROZ.xyz,96cc0bacf718ca39ba4ed0973d10341c07826661576a528acce93446aa7741c5,4,"[2,2]","[2,2]",[],False
244,166,0c45f3ad377a24ba5b09707e85d34afa1608ef126e0968da5e0ced483f0a0ef6,RISKEK,0,Zn,4,43e94a94c74a4a01266a8a9c6cd8cc6001b698f245763c74deebf40d570ed6a2,xyz/RISKEK.xyz,a17b2f5ebb3f1d8a0468ce4da4bc198e0621785bc240f511041e9b1069d16bb4,4,"[2,2]","[2,2]",[],False
245,167,0c50dc2ef93cfca9cdfa4cb3bb77702200780887eda3dde0bb102b1d99abb4bb,TAWJUY,3,Pd,4,2d9ba6aff10df2e08f79028bc4b3f2c531b11e14370fe11bc474e900943d3887,xyz/TAWJUY.xyz,b8483ef499f6e16b74aa6ae6afc57dd2e20fe06fff740c4ade5d84e3bdd810cf,2,[2],[2],[],False
246,168,0c52fcd8ce0333f17bd06e2b6e28ee5f9e8fdc0a498da017c78214aeda88de0b,MOSWEW,1,Ni,4,ce36d51f2b5e1faa42256643b70849704b4b493b79413be9a153286b2db04c05,xyz/MOSWEW.xyz,23e24c391768b443ba56183891faac1dda26778fb6a60d7f593cdee91ecca43e,2,[2],[2],[],False
247,169,0c5bee7e0b543fe8c68085de6ca6e203728014498f3a5a65a90f9213581cdd2f,ATODAR,4,Pd,4,d2fd54918ef144e7e1da520a63f6c06da4694768a8b4f3c6645546281c3c48ea,xyz/ATODAR.xyz,aa5e2917adf8bbe930493e8bc61fea714521e778ee94a2a674edb7c24d6c5d05,4,"[2,2]","[2,2]",[],False
248,24,0c702d11b73f31afd2ac988913814c4f01c9833b6bb4ab8cd7aa1467bd952d99,ALOYUX,4,Zn,5,7c38f920e4098bdd3257e6d94d26a52610a5ab0d87d78970067da49a4ff70a45,xyz/ALOYUX.xyz,2ea468aa98bdda1002eba427e1bdba738162e3fa4cda029342686e4caa8a4fa4,2,[2],[2],[],False
249,170,0c70d94e5cf727b7f21433b2b0be37b96c5e361182c55cac81f4cecee002c90d,EABHCP,3,Pt,4,518c26ed89a3367ae2b113b51a9c86d15d4a40faf368b6c34b4bc2f19f16f1b6,xyz/EABHCP.xyz,0dfca1708291be2ccdfe5ccb4690a0db548ab7b33973d744899c6b9acec0a9be,6,[3],[3],[],False
250,56,0c745073939a5c31d0cc446cb938f12bae34f1e63b9069384fe7c3d0f094d5fa,CIMMIY,1,Pt,6,198ddaafe6021f1d2701a40d7cd7ff0a112f00c0a41bd5eb8a69b5928defe15b,xyz/CIMMIY.xyz,c86f87cb8ee0b22e13579b332d96aa56d7c69fc7084d663e8b4f8b29025a87c8,2,[2],[2],[],False
251,171,0c795034be97c7b9b7308e581f6f080b393868a2d7bcd6e5a4f92e45ce2cf396,QAJDUD,2,Pt,4,5b5ef35b04f4a318d79fe0270be7d69ea9ef14b4900ce592c38dcd6e19488c50,xyz/QAJDUD.xyz,4dcc7707525b009c58390b85214fa5cc0456ccc60b710d27a2d19abcd5ffa806,2,[2],[2],[],False
252,57,0c825828904d46cf615ca09509b1c8d105f7a8294e642eb251ef31ba733cf014,GOLLEZ,4,Cr,6,a7ff47d21eb3a72c1b17a53c3eb6d03ee2a568c74b573a7a8603c91281397f25,xyz/GOLLEZ.xyz,fba8c2546d487781b60b280900967de74c9399d64b804faf88000f6be0a1e723,48,"[4,2]","[4,2]",[],True
253,172,0c8d7d84df7cb0f2203935e593e976c9ea3b4ddd8c94f23483098279705efcf4,WIXQID,4,Pt,4,febdbd38adfb1cbf6956442b65884809f456368941f7e9f2a0807ee1eb493433,xyz/WIXQID.xyz,654c31f9c240af11ea0c4e2632325e5d4818b3a258bce8780b3c1cc2604e9507,4,"[2,2]","[2,2]",[],False
254,173,0c8eab6cffa85b14338fcbc0e3464c80a14635bd56de61f98037fb68ed347b17,ADUKER,2,Pd,4,7454e3883e2e06e2ef79126cf273ef1bcbc7885e36708ebfcc9846a80930b60b,xyz/ADUKER.xyz,88a76c9ddea6b9fac5b33d99731361be73cc5eb253dd17fee209e9502317beeb,2,[2],[2],[],False
255,174,0c91dfa5c40646821cfa235b4f41e82be51c6d6f3935b080650ffa025654a742,YONWIJ,0,Pt,4,bee925a347bd3abeb20cbe0877a7ab69691ff3bc92046b681f537a023a90211b,xyz/YONWIJ.xyz,a5cd36051bd6328908e3586c93da535a2f30cf67fd046a032ccce285e753c0c4,2,[2],[2],[],True
256,58,0c93cda5125f67adc58f3acedfceb20c3fb0c56bd25bdd2ac1eb090f8db0a244,TIRLUC,2,Rh,6,f0ab1d53853a239d7684672d27d45142dfb1caf6bfdfe4a208ad73d5901aefd2,xyz/TIRLUC.xyz,7e2f77f10929fa0923958342b6336ef9c7fd90c8790db357f9052f2e9536491e,6,[3],[3],[],False
257,175,0c970fb7975faf1ba60eea4b5efbc562b2648ea352c211126185324ca3daafc8,PETKAB,3,Pt,4,69fe9ced0f50c711f472b943cc124f0df7f912ed4902383da5033a976b0e4774,xyz/PETKAB.xyz,aca05f7b60816da3bb20f5e5fe25de2e89f047a1b2efac6643865847b4235333,6,[3],[3],[],True
258,176,0ca0336e7bff7d03cb50d51690300c93e22b95cc721d45dc9dc3be3a8a077ae0,LUHGEB,1,Ni,4,d80aa5db9dc8028ddc0176b7b3d701582626226e742498a3d295a0abd710b9a4,xyz/LUHGEB.xyz,5e8a89ece13591ac015c0218d3db1eefa1f6dd1c384e83e4f6bf18ed71f55df6,2,[],[],[2],False
259,177,0cbf81fb01ecc03891636ad1e1140cf4eb9d8483bfc27bd42cd38cfa1ef43770,DCAZPD,4,Pd,4,ffe2a3875d4ef35d5425e2e95c49f160b718a5a82bf46e3a39fa8ec73e5e4a74,xyz/DCAZPD.xyz,9ce1522b5f2824d4396d4eaf3fb13b8c07202b667070e154366723af230d06ab,4,"[2,2]","[2,2]",[],False
260,178,0cd2fec6b8052f98245a1d4beb1652cf4176f6935bacfff45cc945c85b4e11da,JIJWAD,2,Ni,4,ab95ca792d91527281ef7597367a7c9eb145bfb02a1d086e3a2889fff34675d5,xyz/JIJWAD.xyz,ac3d2ce0cc7602435bed5e3d62cb0c1029680894c9097e6960a922773a25ff1a,6,[3],[3],[],False
261,59,0cd9f33f77a8f2a5a648561657226c5b8fe5e8f66dce4165f0b1966ff64e0697,VIPLEO,4,Ir,6,347d7efc88e4f967ba782841a2e4c3ee99dabe91a1eaecb7e14a7f368630ee86,xyz/VIPLEO.xyz,9903f70119f084893260592f7cf58a006a74eb2968a68537e71aa0a2fcb4601a,2,[2],[2],[],True
262,179,0cdf6d6a432eb7794b83a0f06687f937d37a82ffeea4b6165270a8faddff5912,DEVBIT,4,Pd,4,3e166767638fad33c66f8d43714a949a5057fa1e216034de84398c07f66867fa,xyz/DEVBIT.xyz,397ad6d7542c42bb91163e1d6639be2d6420bf328ce2a1c0890c8f9741a56622,2,[2],[2],[],False
263,180,0cf50380be330670bc0d63ead5c7d44dea25e2ec9b77c1ba794ffa1e2ba51c69,MIBLOC,1,Pd,4,e8bf805a4f661d00decb37cab3fdff3d230dd606785c8c59379e009767146e78,xyz/MIBLOC.xyz,f1d81502a08fa327ba2ebfcef174790b2591b2d2b54d97098c61fe02c3df9224,2,[2],[2],[],False
264,60,0d0b9fa024a02ebf9cbd5362715869189678fd22638eae08c44aed9595a41ed7,OHEYUX,2,Fe,6,d2e1629496c2727a0e61f846385d4aa6e5b379900ae1d5b4d7ff9419585ace87,xyz/OHEYUX.xyz,ecded96a63cf982448a2fe95d887d9080665c1527bdadc148b7f8855a1a01611,48,"[4,2]","[4,2]",[],False
265,181,0d0c8a59ea96718c21ffaa05cff2282089a31da054a14ec3c2b5901a8926b5e5,JIMYIN,1,Pt,4,9aa77248eedd256e95e0ad5d5f5698c517aec4ce9701d89894d40a1405dbda32,xyz/JIMYIN.xyz,35d01f805eebff9f7a0923ad6038d2fc9bd33face20e19b57cab833b72e8368b,4,"[2,2]","[2,2]",[],False
266,182,0d0d9b5c2ecd9670a26d75b89cf2c8b1a7fb07cb9681e13156b3fe0bcef686b3,TIHZAL,2,Pt,4,5ea10d931eecca2ae838a62e5c6cc4e49d32b37b2b1898bee949c5851032e6d6,xyz/TIHZAL.xyz,069e4ab697d7cb49253d3f29324de308e73fb94740f7b62f09a642a88664089c,2,[2],[2],[],False
267,183,0d100e856abf131e1dfe82c64f24362ea0dd201f4935b9c692d798fe34892343,NOKQIP,2,Pt,4,f29a15269311da47dea11e6c455f9ae6934b46cfb2a365c5150146d4806ae746,xyz/NOKQIP.xyz,13696855df0fece62deb8a0d2a3fa888230c8e63fd6ecaab608b1d8530620586,4,"[2,2]","[2,2]",[],False
268,184,0d1189861a032898a6f92ce6f6b40da099236bc24595fb6a36621baafeecea80,HUCKUO,3,Pd,4,aed48a0ad01b31e57eedfcffa70b2970d35db21576962f95ab887fee0ebb4101,xyz/HUCKUO.xyz,075c2aed75b14b573dfc993c0556c68a91a91176a4bc88482365ddc3c6928e33,4,"[2,2]","[2,2]",[],False
269,185,0d20cf59fc738cf842e54c585f4ae6f207f474ecf0611b60fe53e95dbfe7bd1c,EMIJIV,3,Rh,4,4eb36ce53f4d8cc710629e63be9a32839a799668e75d4c67306d2cef00a1ad95,xyz/EMIJIV.xyz,2110ecc67eeda88a0334409c5ba55444c51bc2c047458261a895df84acad9889,2,[],[],[2],False
270,186,0d216c226448b88017aa2ae515d33b59af7d28bbb1521ee456113174d50a91c7,ENEJIS,0,Pt,4,266b9528bb8ae6b37deec9eb6ad66bc533ecf68e85074b14c93c24efb5bdc71f,xyz/ENEJIS.xyz,b44bcd003f55ef8bee36d6cd675548685dae726e8cb34944f1f03a483f250fe6,2,[2],[2],[],True
271,187,0d249896adc92ddb5a6cec5dc52d64a4a9382e69eadeb181662009835cfc3c9c,LALNIV,3,Pt,4,203ef2420b568155083754508f0e693d621d75e211adbc4eda7436432fbbfe51,xyz/LALNIV.xyz,21725e364e3543e32e967778fb2df9429622d6907fee9caec4e4e36d08f436e5,4,"[2,2]","[2,2]",[],False
272,188,0d2c0bb78802c9d20f3d6ecbe07fe062f6acc60bc730a92e102382c53ef48d74,COSWUC,1,Pd,4,23de371425cbd1784845a416367894db429cb45bcdbac5e10da6a6e654416637,xyz/COSWUC.xyz,fee7ebf11414861636cfafba8f3ea02655526ca630e6fdc1daa1f7fe2b81f2bf,4,"[2,2]","[2,2]",[],False
273,189,0d2c95c634ea9ea6ab252dc6c1220e02ebdd6d718f6a653d21650aec5aad3e52,AYIKEY,2,Zn,4,bf1d133b93899cdc44dcefc330ee5cc0507af1096c72d04a76821a45599043dd,xyz/AYIKEY.xyz,412fff0df723c8cf33dd389f9b9e3b19804761d528ed60641515f6a283ad6346,2,[2],[2],[],False
274,61,0d35c9564f1f92c4dc2d643b376a34bba78a25f11e48fb62896a79dcbc0c6ce2,RUWJAV,4,Ir,6,db819fdcd05d40baf8c1e344b0bcd705bedbc0a6da9326f2833558ed2eead4e2,xyz/RUWJAV.xyz,ec52d6bd0b0d2f05f9585197954ccb4635011e4a95c2480125684dd3e9c86cec,2,[2],[2],[],False
275,62,0d3b5b9f84b920b25a19c8dc7178b9f96d2bff88ec6adceff5fb330c0d749a47,OWESAM,3,Ir,6,9c5333e2cf1937142afb571433d11824afc3bd32e04785c818b73ffc93cc46ec,xyz/OWESAM.xyz,47c702747f29d61d9e7fa3e4acbbf1fb5d9818c64c543d12eb6ff735d58b70ef,2,[2],[2],[],False
276,190,0d3bfca0125ed734c40ddd210497f295ae895a187bf03a8880393fcaa8d3f978,YILYAX,1,Ni,4,a859b7960cbeac655bae031dda9c9adc4d88f048e2d947c82c490cbae79e0cde,xyz/YILYAX.xyz,2abf4066e2a8f667a25a6b1b8951eb22274249cc238b4f7376c2b5595c34c746,2,[2],[2],[],False
277,63,0d4a854f0e5dd4b9d3f3480d9d4bb951650ef4ca293232080c9b753ad80beb74,MAJNIW,3,Ir,6,fee57d8ef51fb7e77060fa045628ff062806cbfad65297e809557c3f536d4723,xyz/MAJNIW.xyz,956f84faf450bd9997409f4b84e9c53a1bcc11357960de82705cbb4707c958bb,4,"[2,2]","[2,2]",[],True
278,191,0d53df06674e084e6bdbb6a72f1d032edb351f2f8ee629a31f2e1341defc5de3,MEDGEK,2,Ir,4,2a19951312a7acab2b917390792d33b58b1392304207d981cbdde90af61aad14,xyz/MEDGEK.xyz,bc1c96803d95b3465886ff74a4d90d279cbc83912cc61100f80aa984c240114c,2,[2],[2],[],False
279,192,0d5711d84b066026661431d53cda1741cece29712fe9e9fca16d03ecb980b7da,GUXVIG,2,Ni,4,e842a332dafad6dfdfd1d89e65d62796be3e36f62de09dd851d734a455f15740,xyz/GUXVIG.xyz,9eb824b24fa588a0e5a57f9c8e55872250266421b287c2e08e20f39591c4c535,2,[2],[2],[],False
280,193,0d682fe6aad429207c92ba83951a67d95984bbf966afc9b21be36988bc9924a9,NAHLEO,0,Ni,4,1aaffe9b29463874450911e5779c5a09bae7a7099a83a4adb2a72800b996742e,xyz/NAHLEO.xyz,36819309c05d8680c169ea2015667c5c5254ca2e74cc43d08af783fb6af551b6,4,"[2,2]","[2,2]",[],False
281,64,0d8f8ea731fb38fbd49d3966cba4a99923bdf90ac73a4e0879f20afbee35e767,WIXMIB,2,Ir,6,2a782fee861874aa703d5e1e13d978e02ae323b86fb668a0613b291a6190e2cc,xyz/WIXMIB.xyz,ceb9192381b2564af6bf4e1f40e4bf8909cb03308f1dbb548d956d96c617841b,6,[3],[3],[],False
282,25,0d96f62515f561e9d7306922acc6d9268d5559d5ca7a36782540c030d7c19b8c,WIXBIO,3,Ir,5,3314ecdab956a512db00b4264810309766a317cfb4a0c9d1a0bdfa7341985e49,xyz/WIXBIO.xyz,08e88bc99b2d338d5c5c8e6052e9f882fbd6bbd219f916b08fd116a5842d6539,12,"[3,2]","[3,2]",[],True
283,194,0da17595983edf17212288da7aa3b35c02646d6ed42e850ac9bab58145123d99,PADZUR,3,Ni,4,126ef18b32267b8d996f2018e1ce2b97a1686bfa003ebbd313315e9042e39129,xyz/PADZUR.xyz,eaa650565e0894046c3eed15fcd219c957ae9cf3c914bfa4d5bcdd980df1a1e4,2,[2],[2],[],False
284,195,0da7126adf0ea0fc7a2a242598f69a54648330e48d641bdd06cfe66e43188a6c,FOCHOV,3,Pd,4,8aa94f205c01b7b8c485278a0c8d3047bd4aa621ebfe26ccdbcd07787b5e137c,xyz/FOCHOV.xyz,b8f15051515887515a1ffb13d5cb371d1e4004510b869fd3d9108491df02a1c6,2,[2],[2],[],False
285,26,0da7692939a1c5bba2f85bd7a46660d17f518a559f343993b1ee9f1a6f5e444e,DODTOG,0,Fe,5,e5a7e93e56f05a42a119190b76a3d92483238b00cb2e676731ed4c03d36917cb,xyz/DODTOG.xyz,359f2f0688f1662e02997d00ff665c46a948fc752b45c5e9e89c353b93c16adb,24,[4],[4],[],True
286,65,0daf2f1b611c2f63e4ec73a354a360d07fb1ec206991ccfc640eb8011359ced4,FAHLOS,3,Cr,6,4732860642d6cc6c5af81758470f2dc4bd250e04541cb01cb6273515bbe767b2,xyz/FAHLOS.xyz,6fc73dcf8227985a3e1cdfd7e19ac2023c8719cf8a143a14bde12d717b866354,120,[5],[5],[],False
287,66,0db0c6f36c69a5f062be1a1f40822a13dea61a561aa98ed7224b363a1bce06dc,COMPUS,3,Pt,6,85937efe21eec4df500b5220659a506778af337935a7207ff650be12f5fde4db,xyz/COMPUS.xyz,3c3dc1ebbbf495b42cc67d9da8a978fb97f653dcf0f366b609c7d295bc580b50,4,"[2,2]","[2,2]",[],False
288,67,0db5c1b6610db3dd268d0d0579c949421b7221b207205bde85ab869278be4d34,TUTNUT,2,Fe,6,585e2a57b5b767cd5858c48c293bae81f9f1f12501e923a25fee87942c37e280,xyz/TUTNUT.xyz,f861dc8a381d4198e84e10661c862e601d511efcd550a72b3fca7438bac7417e,4,[2],[2],[2],False
289,196,0dbfe5c532155dedb78651f6cfb04375eb19a9f72e2129e5703ac2d7f21d0810,LAYXUG,3,Ni,4,284b3160b07b968ab721e9644be55f581036a7dd3df594d7f5c6e366a61a6bf4,xyz/LAYXUG.xyz,d544260a306bd18cd9320056f7cc7deb23b52bd9ad2b6ee6fc9c56a250efc120,2,[2],[2],[],True
290,68,0dc171030b2c0cb5bad8c8cbee2f1682c8efed8c67fa053a511c3d9305fc5c31,CTMTCR,4,Cr,6,49febe0ab0a4074029cccbdcbc27456f610f00ecc67a3b45d810ac5e1a46270e,xyz/CTMTCR.xyz,ba18f80a6e72ce5f488afe88e217a3ab426cd5fbfb4b0cf333d6c664b262a70e,120,[5],[5],[],False
291,197,0dcf2799410fcb3c20fc6420a4858230b35a0dc44c1f2529329787e646d50b0c,WIPZON,1,Ni,4,dabbd26af25e17d8cce409b2d6f3d54eeb11a878e29146d595a48af1eba008e7,xyz/WIPZON.xyz,2a54de388a355c3ee4a05ec99eb8a3b89f8b7dcd84eeece933af09ba224a7d9a,2,[2],[2],[],False
292,198,0ddf22ea3adf5668983b83536db64a8be4f8b1fa9efa8f051e5a91ddbbfb57f0,PAMZOV,0,Rh,4,666bb7ab975b54bce1bc0cc9a82ca36b27556a39df02ab86ed7047160041de0a,xyz/PAMZOV.xyz,9c134a2fea744d547620e298961c0dccbc0d02ab540e4eb487efcf19534c5f41,2,[2],[2],[],False
293,69,0ded2912fe11f0c992b2b71baf4a01227f79f57d27c88dd86832d700d9d25add,REKDOB,0,Rh,6,9b351d32c81fd7573777b4c3c1f37afbcd548bc36a9adbd33e1a6ef1b1750495,xyz/REKDOB.xyz,c2b69512f85fdae36f87fb9fe68f6faaad19edb3f38b59ad40ab171aacbdca04,4,"[2,2]","[2,2]",[],False
294,199,0df57eda2403321db88b3794fae815b9da44325553b50fc68f266a35701b32e6,ISUYAX,1,Zn,4,4be61cffff47a395fa955160d101bbeaebb837fdf9ab4692476b5dff1b731ab0,xyz/ISUYAX.xyz,0b56f02d5e1847d52f302e1fe70f63df04b3470d6a09db7397c729f4788dd789,2,[2],[2],[],False
295,200,0e07305a9724ea32ec215c4d833efd63914049e6fd177d1d71e72cfb568de288,EPAWOI,4,Zn,4,184597df78426a89df83ba5ac3ce68946620824b71ce9bba6fe090a5b8ad7483,xyz/EPAWOI.xyz,9acac369fffc0af8c4b326a751543b77799b6dd93faaa606916dec8809a16af1,4,[2],[2],[2],False
296,201,0e0eaabb54b034259706243fc7cd330fb00aec0ae9b618e90ae2319c83437227,OFAHEM,1,Ni,4,b23b966bffcf5f4e985226ac96cc5b7cb1da0522777eb256fdce622f21f23cae,xyz/OFAHEM.xyz,828fb9131146a2bd7ff52850dd2a5f4fb776c3f8d99c22a424437f80a4f7815f,4,"[2,2]","[2,2]",[],False
297,70,0e0f8232ec2ed868bdb458b272b36e3ec864beedccd422438fb3fe36c09996f3,JUMJEJ,2,Ir,6,16f00219528ef4d3e402247021a7b28aad8cb6d6824ca182103b6566e272941f,xyz/JUMJEJ.xyz,b5a0f7fd6100a2a6cfe508a9e067f0b3508955cd0ccc5ccfa95fcfbb8a9d4150,4,"[2,2]","[2,2]",[],False
298,202,0e16e47291990fb22cd93623e1d7337bc45593bd297fa9f95f0d2ad6be0dd3af,RESDUO,0,Pd,4,5e0b97d0a4b8e18773872627703a601dc09ec992f3fe19663941094fc91f4120,xyz/RESDUO.xyz,05165f56ee82fd7ef4eddafbb848c92d2550bb8425d17b00a310c9cc42c3ffbd,4,[2],[2],[2],False
299,203,0e1a41e4358aa05367ef06f07225e16f1ffd66405e315c1209f13d4565b38b24,VIHZET,0,Pd,4,20c4a5080e9e85c0707f466786911137d01b05ab0e892c2ff8f37ef913cc1d6a,xyz/VIHZET.xyz,eba230c7df14045dc672e4ec0395a51b61517e8f96b8dc3388d77d2e7ade113f,4,"[2,2]","[2,2]",[],False
300,204,0e3db88e41a1b600c38e2a808c40cb65badc128f0397db89876ccad55bb7a189,BEGYER,4,Pt,4,3c4d5a58f043d4d4d649c9a979b78663f72eb9b7d19d259fc4ac4fd937c45147,xyz/BEGYER.xyz,55633f5a49c84da6426fea35cfd4413e4fb39f3793be3842fca2e8be510613fb,4,"[2,2]","[2,2]",[],False
301,27,0e41a724f3624fea08c4fbbbf26c2569eadfe22e80660a2a751ceaa05fc2eda3,HIJRUN,1,Zn,5,3e8a57eb6f8792d86476ba03471326e33b7f06ac1d3239abc5ff94cf2f4535d9,xyz/HIJRUN.xyz,1e192e137eac9e90697a4529e95bc5f151e8394403f280b69ee307d110346aed,2,[2],[2],[],True
302,205,0e4fecbea04530e320976f8a7ae5bb457592d904c2ef0615ef1e2a186dda5183,TUYLOR,3,Ni,4,7c3716441c7cc882fac95ad7f7f36fc8cdd5ccead125751cad4e42ba8a1267bf,xyz/TUYLOR.xyz,91dadda33401da649df5b8e07596e2c52625e45ad63e472ae7e450a1dbca5ba5,4,"[2,2]","[2,2]",[],False
303,71,0e50505c00f031a96047d1fafdfc999ef210410f27b9b7c6c21775092bff3fd8,DUGYIQ,2,Ir,6,e4bc9a77c781613155e86d086226552ca9a3a89052f687035394a83d7a9b911c,xyz/DUGYIQ.xyz,6f878b316ca8a4724ae6c126432c0002787e0a2e686e9a97587c2956900b3b85,2,[2],[2],[],False
304,206,0e609fc20f57b8d4012e2d446428596a21c98a99aa89e39690a20b82e55f138c,SAFMOE,1,Pd,4,359109f06865f3c38c1e23b04395198cc9299482c0b104012e9645b354f34aca,xyz/SAFMOE.xyz,1da4292a7c6fe0c77e1b626adc9ea39c5fe0ae3a03108415e2e89fe74c5ab957,2,[2],[2],[],False
305,207,0e6b266bd23a8b263e85010014795cbc45279a67f9bf5a0579191cdc9801f1bc,GARREY,4,Pd,4,0f8340f221b576e452e1f029029473d608c23600f07c5920d5f3ef3557a2ccc1,xyz/GARREY.xyz,686d2fb8d81159d95d5e275716421a65225044150bed9af5ce1cbd8b45f9be85,2,[2],[2],[],False
306,208,0e87f74e9099534d949bf2fad7984c1c5b8b421bdea70e2b4ad5032205ffc045,CAWZUV,1,Rh,4,1d8e5e44a2881468bb0f2f0c958e15332e1fe713ad898fe455a413969fc05ac8,xyz/CAWZUV.xyz,56ee274257791f92c13c89f55278199692d210244bf4dbe50120a87afbd71900,2,[2],[2],[],False
307,72,0e8e2df9a6984d2de7550c95e085b0b1153747a823632e2a7936accf68729ec9,SEPMOT,3,Ir,6,7d25c7a0d47c7c3cec19b4b81b4fa956475c387bc4a3be3a4c4fc91ee224a4b1,xyz/SEPMOT.xyz,dfac86c2e1ba7ad87817ec0d80b2e9a87ffbc4f60299392bd3e932aabf26d65d,2,[2],[2],[],False
308,209,0e9202416c306d08e77e6c304815b4e16472ad59330157e80eaa06a01bd91e52,REFPOI,0,Pt,4,574771a7f13b4727781b1e6e3bf2aa8ffbfcd708d476b2f4c394f0bd48ab92fe,xyz/REFPOI.xyz,069fad4a13434dfade5f13897756a077efc5143b822d74f86c0cd498af329c2a,2,[],[],[2],False
309,210,0e939f29ba5afa9d6d4729bacb306bbea1bb55e4350cddb204773ed4bfcdeb93,IVERIK,1,Cu,4,a901043c884becc5df9bf84a53cd88db3f93eb057c42b41a15387f8f50c678cb,xyz/IVERIK.xyz,46c87b944bb7e6519213950b722c1f9968d4e142994a9244c322b963f73d3a94,2,[2],[2],[],False
310,211,0ea03d45c245b414c8d1dee22cb4402c677cb25c2f006b217d99182514d824e0,SIMLOR,0,Rh,4,ef6777c3ed920a37c79d3068a79f8c3fdcbfe88e7dbcbb670db550648759bd03,xyz/SIMLOR.xyz,6d09ebe041db4088b5c4fde1d763a66e8afeeadef42aa2c52c051bf2bb386666,6,[3],[3],[],False
311,28,0ea34a029f8a397cebe3ed170bd2a2a0039f33a27c25950c921f8ba1e23b5e24,VEHMAY,4,Zn,5,f2d05011b68c4c8b893c2724ac346508e43371acb13cc31b6d055d34515e9628,xyz/VEHMAY.xyz,fac9a97dd7b3c9b393f20ed5ddf5c8c6231549bbf65ffb67fd569c92c4193006,2,[2],[2],[],False
312,212,0ea568185c836b66a0104b94abcee26fb51a7bfb1a9149da0b4aeda780837ec0,BUGDAK,0,Pd,4,7e5b1f576792747aaadc909051700ea8c8959847e131bf3b8eb30ed92793f501,xyz/BUGDAK.xyz,21962475ba7c5da3529f1a75ca799dd90d7b0f894ebbc935526657cd0b8101e7,2,[2],[2],[],False
313,213,0eb0a0ef7f64c744c4fd75cbd29b0932f86dc66a2df6d0d2a72f24a016203ae1,SIYZUY,2,Pd,4,2c5da9811a40162e7249e0ef1f7b235874bcf855759953fc66fff88ae1e4ac4c,xyz/SIYZUY.xyz,d024ed9d85a9eb0c254b7a960cdd24119c70d2549194f11b489bd9bece6b1d17,2,[2],[2],[],False
314,214,0ec4abfd9b9685e2e28a55543debe7292fed7ef6bbccfda2106100d4ee8826b8,QANTOP,3,Zn,4,2182f1f1c145b262c829972ea4c76967d2b3ba0b27e7d07ceef82905c6ae7d8b,xyz/QANTOP.xyz,5d6f780161f2f192110a3d3ff2e5048afa87f980a25cda58ae767da608bbdfe1,4,"[2,2]","[2,2]",[],False
315,215,0ecb21d9d159f1af0a4261a24dc44afe7b4520b93253d8ddeddbc7121a56031e,WUPREE,0,Rh,4,a9513003fd5ada76180ccaff96c7ff5477e1dbdf9bae158767c6d3d8043df23c,xyz/WUPREE.xyz,9ec4ecaac159ad489ef54188df3fdd8c057b6d44fdd613de89594a80d2471945,2,[2],[2],[],True
316,216,0edccfba50198ae7fbf2ee7f5c536e7d90ecb20a0e7d772be377db265d6eacb3,ELISUO,3,Zn,4,ae16edefa52d082fce696c46f866e6ab4fd6d2b04c6596997b8e6172acfcfb8f,xyz/ELISUO.xyz,de99757f7fa73f15dcf87e2c6f4721cdd768e45de2d0e23eff3ae1e42bd5d81d,2,[2],[2],[],False
317,217,0ee32c4e4fc79c90bf2c556d934133a36fcfcda3dee232c9ae6066483f976d9f,OJIMEB,3,Pt,4,039329874c93d40f5bfc0b4194d01a7f6d0040d5a6cd251b996d70a9bbbaec3d,xyz/OJIMEB.xyz,3f1cf7ffe6520adb3247cd016b141cb5634b0b15280bb5cbb38f38c7839eb2c0,4,"[2,2]","[2,2]",[],False
318,218,0f01bd1837c18e62832782354a791e4357bd814d18544dabdee5ab3118a531c8,VEBKOD,2,Ag,4,ac61fb3ba1285cd36b27dc0028ce365b936f290ab4189475e94222321d87422d,xyz/VEBKOD.xyz,1093b16612f5bde9ef10ae4d69fd5fd9a707697ed368471b7dad4778a5e51ece,24,[4],[4],[],False
319,219,0f0599b5f9b00b440d1aae4fc9651d89b624d113092821d4cd04b06b876a941f,DUBREY,3,Pd,4,ad34cd1bacbdafe802b35ae623512fffd94d512807aeec4676e262c30859fea6,xyz/DUBREY.xyz,ca10c633ae96b56daaf5bf61fa7635068bf5454443b11f5ed60d7800ae9786ca,4,"[2,2]","[2,2]",[],True
320,73,0f37ecc202127e0f701190140cb199d3732e53cc61db6415379f9d40213426e6,XATXUN,0,Fe,6,b4242eadeb0389a6e4b63f65d311d86304fa061049d77a0d39f7726b2d5b4a73,xyz/XATXUN.xyz,d67f0d2850a9ad243532cc0ec8996dfc265edb6c0b5f592f66d5194907653cd0,6,[3],[3],[],True
321,220,0f4c70086cd5c1acf4bbbca2cb1a39af20b06512184f08b53b9d3ad35fbae0c2,KONBEW,4,Pt,4,4f7298ba580c11e7f6769ce285de1d3074307faa2ec096a1ca0da1c9f7a43210,xyz/KONBEW.xyz,b741b21bfb3b3190fe99c69a80e733d564a90e8bb34ef456ac079c49ed8c352a,2,[2],[2],[],False
322,29,0f4f58484c6666c68d9c9ab506704ce7bd95c90e5cd8c5fd3d869e6db38dfd7f,JOTZID,0,Fe,5,abee2153ee21ff20e273822369ec0e74f757a34c97c851b280d5b3dad9603c51,xyz/JOTZID.xyz,f73780289b6bc20703378544388e5ccabb2cc9014284a0fdf65eef5e8dd0feb3,2,[2],[2],[],True
323,221,0f5b5f1a4a39d47417766f1cf6771a015fa5d41b149873c0ea9bcc805e94e5b6,LAGZAW,0,Pt,4,0f47e1253cd6b4917cad06bcb60fe80dfe24f1e11247689d9ad2fe6e8d489c50,xyz/LAGZAW.xyz,71172fe242e7a43058e466d8abf59656cc2d50285719460f293ae3751f3bdf78,2,[2],[2],[],False
324,222,0f6633476172e89ffc3fcaee442551b5c673998c79369fc7ba297f6ba0da305f,WAPVEQ,0,Pd,4,aa857de6aecec6a9586398a57853c5df479ab124abca5aef65127ddd15d9e374,xyz/WAPVEQ.xyz,ae7bcac7dffbb9e695854fe4c908181ffde24d1c7f3929aa4f7f4a6f7d8a59e2,4,"[2,2]","[2,2]",[],False
325,223,0fb5b5f2229998a622d342eccb5ada2b3a935485b5db24ef10d90f1438a100dd,DAXHOA,3,Zn,4,725fc664e71c7eca4c541117522775361903192b4f1de92fde1babe0f6ace9dc,xyz/DAXHOA.xyz,1064c5e9ccc69942462ad838af7dabc33b638636b2e10c57ba098e2a9529d014,4,"[2,2]","[2,2]",[],False
326,224,0fdadbcc1f50db027487e2a16d49767d658f334072fc3af082739931df464f49,QONDOO,4,Fe,4,b5218bd7a417fe0bc837316bf9922a12a9a8fe62744873ee82cbbe997dae5158,xyz/QONDOO.xyz,6575eed25ff027bc334010d7cac3eb9e636d5e08c060943d01802d2b7d6afc5f,4,"[2,2]","[2,2]",[],False
327,30,0fea83fc536a7bf0f9ddfa398c841325220525e192303b0f34e5cfc86462726a,YENSEQ,1,Zn,5,c4e0b759fe9a3abe972ea2e097f32be7eaf60b845459942087e0460cf2d279c1,xyz/YENSEQ.xyz,494884d6cd88368d4674fc21266e9450644a98c26c4913e0bbc6b629c990930e,2,[2],[2],[],True
328,74,0ff2f42b11da127307e1b72df761dfc77d62f37ae277e54d29f644f5751ff64d,VOFFEC,4,Fe,6,5152925b2bc5bc7f6c2e4e1cbb65cedd419752bf71c33faaedf5093ef922650f,xyz/VOFFEC.xyz,d02d380701d8fb4f1e8cf00f8f53d29a97e5fefa807b8f57b1b9da858cc0f351,4,"[2,2]","[2,2]",[],True
329,31,10051ce0be69d3aa42523280382c11a6e6d233141d11a733ce39bb8e30a8a125,ZOWFEY,3,Ir,5,0604bd6aa37a60b0865dff17c137903e5dc0a29812254aff1cf5d431ad7fd0af,xyz/ZOWFEY.xyz,84d8b37334098d08a7c5341292d90de5029ebbaa79fb86e7ccc28f5b704a4171,2,[2],[2],[],True
330,75,1030031098a64ac80fcb2c44d6ba62440106fec453360807f751b7120e792ddc,KUNRES,2,Ir,6,6a5bc469d31c7d19168ec5e86f731f235d2a5ba07e0bd35abf916272cd8ee43c,xyz/KUNRES.xyz,191e39fd63a9cdb6102620ef5e05a472bd059fc96dfd4843256256fd3f5375ed,2,[2],[2],[],False
331,225,10364e6fd2d3a1a8aae313665cea84de7afa8256b05df6b9c30cbb73512acc0e,FEWYUE,0,Pd,4,062e1bee868e156a170ae8e8ea5b40ef6110afa34154758e80366804b78aacd4,xyz/FEWYUE.xyz,b88a2b7e029903c53b19fc7ebc45a40a40e041f6929690bb8cc95e4181d33384,2,[2],[2],[],False
332,76,1061b0be9179ca79034e05249932691ba146f58e3ed87108d85f676d422b1597,DOZGUW,2,Ir,6,ffcd22083546c776e5a8df296aa38ca70c70d5eceab834d1c2321fde07242c29,xyz/DOZGUW.xyz,bb90580bdb5a5faa4fa28bdb3c695d314d31b2c1e414cda476da28089000e726,2,[2],[2],[],False
333,226,10681596b53145aa8e1ff1313e1f7c8cb0cb949f0f5366581b77c71bef17aaa7,WELWOZ,1,Pt,4,9bed1447ed3a48170282e02420642986ad260c9a9b74534b58acfde8bb299cf8,xyz/WELWOZ.xyz,8c03c5ac36a10487c13d42783013faecac28b03b74146f6b925fc8257bfa8793,2,[2],[2],[],False
334,227,1069d0b2ad8f22a02af8795a6dfa84d54d4826a1e4d82e2f22b0b011fd15c38f,FALFOP,3,Ni,4,77d910bc56d5c7f351859691863931f30c34c9a6d847dfbb2f0e1531e6a2fe3d,xyz/FALFOP.xyz,5ae4a960fde1f699803df2b2bc52338d53fe75a3da9592806a9d9ac7c56f431b,4,"[2,2]","[2,2]",[],False
335,228,1084210f4fb09405aab1465134f2bde8c47d2d9f3c0d56ff55b283bbed13af67,OJIXEL,4,Pt,4,1c8360c0772fbdcb7d7ea115f8c8e7eafc3d496abc2937a0bb10085bbdcb5727,xyz/OJIXEL.xyz,65647d5bd5baddd358e24a1711980386e341b38a2deadca2f825d8d23f6b4e8b,2,[],[],[2],False
336,229,10946c45dc5182bb4e1856a2864297fe71f86d202c61520bec6ba7cdf47d78af,PUCKIJ,3,Pt,4,3b7faa2a3c3327956dace1c1fe3978f278c19d88e54a327779546cc9ba5b1b6e,xyz/PUCKIJ.xyz,389dbd0af2c17361f34494beca8e945a1f3628c7a8a8c2c11557a56c32b3d64f,4,"[2,2]","[2,2]",[],False
337,230,109bc0a2b443dbb589b0f303568bcddb84530c12e5fe7c9c405e1e04c7594093,OGUYAS,1,Ir,4,1fe48c4a2cbb4d48e58e3cddfccdf29c75969fc59eee24341eb47a714d9a9406,xyz/OGUYAS.xyz,c7385a13d0ef07512da7586b66a1c0227116f7beb0a2109105ef1fe7c5340ac0,2,[2],[2],[],False
338,231,10aaaa372e1ba4f85f1d64c7726f93ddbd1fdb44e9755f206d1eaf631e1cd253,XATRUJ,4,Pd,4,48835aaab2b752062391c4d1814f0a8a0b538ea056f45ae16e02380c32889c23,xyz/XATRUJ.xyz,1f4d3237779192bd73d14d5e048e7394c6b4c8e0348e5f73c6caa294c707654f,2,[2],[2],[],False
339,232,10aeac9300a89411cb1924d2f97a26073dfd84efeb4df9415dd658bf64986dcf,ODUDIE,3,Zn,4,a23dd8710fb92f37ec4f083932aef315de8e328173fd9e66665be1cf74f8c584,xyz/ODUDIE.xyz,dd51b536835bff9b6c9831622ee71cc8f37223c386259dfcb9e327fd06af7602,2,[2],[2],[],False
340,233,10b14c7c94315f222cc8abf201a7daf86265b4ea9837fe714dafa252a3130d15,YODXUL,2,Pd,4,c2e407fcc4de8ff0196dbbbe5719eb4ab08286f04575e25cc77e24be814fb39d,xyz/YODXUL.xyz,e32511eb8ebe69fdc8b7c3eadeda32c3b323102bb164e1b6398c8ec37cdc2b7f,4,"[2,2]","[2,2]",[],False
341,234,10bd0470a463ab89676f19193e093dfa45938632f9d3f649ef3e7b0fae7b4624,XEGPIJ,1,Ni,4,b8f0551c9ebf103e34b0fdbf8a9b3ffade54e39ed079fc6f3ace52c055cb4abb,xyz/XEGPIJ.xyz,99d664c047ba40ef0915d6f70c5247f9f8fee5aad2390a8337fd274cc6d5efac,2,[2],[2],[],False
342,235,10e1db1a78fe9df08cde9bb44956c3cefbf34403ae500eaa0cca0e0f67fe2b90,DEPJAJ,2,Pt,4,c51e88e93cc51acbd1724ec8a419a47d394b5a47ead034cee9517710b50b7348,xyz/DEPJAJ.xyz,608aeb981aec38fb544991f732551ab25c834c1bdfda14062041637bae270618,4,"[2,2]","[2,2]",[],False
343,77,10e4c5943ad790cfc27f2e0a20e8e086d9f2bf0ea44c38f6e9618b4ec052aa41,CICDIE,3,Fe,6,7ee7a336ee1f356137a1343eaf3032670a6c30cd3e2f58075385b923a23bddd9,xyz/CICDIE.xyz,4db730aa556a0312a0f36c58ec188482268296ab2d5b7b9748e845bceaba316a,2,[2],[2],[],False
344,236,1109968b1c8a313feabb5a41b165e4a901a36f0917d47ff4589ab92c93076a9d,YUGZAC,1,Pt,4,0f391980f0affcbb88330a7e5d13c2783e54dad9d80bc5cd4b453ace60a7b766,xyz/YUGZAC.xyz,80d72e0677cf1f3286cb5755c608d56297ba6318757c4eb2ca5ee8a396d72165,2,[2],[2],[],False
345,237,1115b9667e3b541bd1c7e7fbecfcfd786901968cc38c4f2b3e297e0c87aa986c,KAKVAT,1,Zn,4,22d36d7a797cc740a201e7ccf647750b80b736e9519210194d7c2a144a46fa5c,xyz/KAKVAT.xyz,ddd503968ec4d757bbf540827bd587e01b02f464af70411da75b32d3b99ba79b,2,[2],[2],[],False
346,238,111a787cf087108b08d12931a777a5b7d5c50ea8dc59f1872fca1c0e61e7c50e,EFOJIV,4,Pd,4,c7995a2ea20dea49ea6871a376939988ac10bbbdcfeef8f5f2c8ede8d20da236,xyz/EFOJIV.xyz,58c5fb1b335ed28c096aa9cd1ed2e960a768c81aed3bf6e4ff6a42208598178f,4,[2],[2],[2],False
347,239,111e5e51c62284454f00357112d87bff3b204b529f6879812be57e7bb99ba7f8,DIBROW,2,Pt,4,cee1aa060432469a3394e9fad0978ed85b67f29692de4c8e596f77ae045d1985,xyz/DIBROW.xyz,65db9c73c715f0ea05d592121d85afd28f606ac2608a64e19bf8da99c61f85e3,4,"[2,2]","[2,2]",[],False
348,240,1135be02bb828e5f596c56d85e88e15ec9c41a0977e0ccc4daa82865dfdda043,XUYKUX,2,Ni,4,13b61742536d4cafbf1ce01f2ba1277984c0a524751d938abe21d14fe922487d,xyz/XUYKUX.xyz,037ced75c4363fc38209f11a7e085f87812ac89c7a4858801bca62e7004f8b17,8,[2],[2],"[2,2]",False
349,78,1143a60e8366fb9f0f45e5e86914c752b55fa3e05bd8fdb3b47abd315e5f68c1,ROBJIB,2,Cr,6,cf662b4621f8b772a1d7b1bfe44cdb31045aa570e0f2460fc88dd0c62f5e58e9,xyz/ROBJIB.xyz,934d66d22f4732bde9a1fa3656ac2a724daf52408e1ccd21c30d76bfe48f27f2,24,[4],[4],[],True
350,241,1145bccaa5d30f4dc381a59f6f19d54d0d80d077ba6d0e780d43398952056bd7,XOCMUX,1,Ni,4,1ddb8325eda2b1cc23e02c32c88da7d32bb010441ea89afb0a10af344e233d25,xyz/XOCMUX.xyz,abcad746ae5ef3f79a5dc5db9e4ae43a6360bb19295eb800e602ab9f146ad28d,2,[2],[2],[],False
351,242,115423ad8acc72a389dc33e69033e6655dc2133972d428e0cf1a5d264bb56078,WELWIT,4,Pt,4,3813aa1b0ec0b2bf0e5c9236a7d77457c9fa242c26fa169d04fecbfc9e8b3da3,xyz/WELWIT.xyz,d0345eaa0835107bc6a2af7e34b3e046a4c9a7c5cd3273f64c6d7e013457c390,2,[2],[2],[],False
352,243,11637a2b6d3b42bb62ed8d054dc2d9a270c2227f8e0e103ea643ea139f92ed4b,PUVLEZ,0,Zn,4,749b73e2e218f08359ae62855fa193a9f390f630ce481fdcfb88be61636644c7,xyz/PUVLEZ.xyz,9acbe656c34dc9f22ddc9713d494ec503ca197ec8c4213c486ae94db85663474,4,"[2,2]","[2,2]",[],True
353,244,117333434fe5a617ae039e19457a876417c81a1d297d7c466f80a1dad4a814b3,VUPXIO,2,Pt,4,b3b3ead63cdccdc283113496ec4b0c1d7166ace87947bc3c96a54750a6e827ff,xyz/VUPXIO.xyz,70b9ad5b8b8009d939059c0d78ca4358c8e4e1fb3d224bb3708504ae197a5ed8,4,"[2,2]","[2,2]",[],False
354,245,11741acb55a64a4b00e34c72d47d55f97f0db59f8bb0c2f8d64a3cfbda882af6,QOCWAG,3,Pd,4,e5c2ebc00932587417b91781f2936a8d555cda2344ee69bc1259763f36773f0c,xyz/QOCWAG.xyz,47ccd2d2d705c86990d7953dbdb1308b6c3751f7afc1f3afb03aa5cc5dd8b74f,4,[],[],"[2,2]",False
355,246,11748721ece7d6876cf3b7e748060929b4c282f0760a93fe0a2ef8da3fd5f21a,LIDXEB,2,Pt,4,5a3ce25d20a5618e3efea75fb8120cb1d6d8f5e0d3301a0e1f0e0a060709e970,xyz/LIDXEB.xyz,6cfac4cac46f404772fee5e543dbc813762fb1a6fc6ce3b1b58e7f32ccaa4254,4,[2],[2],[2],False
356,247,118f053c8d5b336dbf94ad4423cefdbd10771f2acb2abd854e1b37d5bb2c89f1,SEVLOV,3,Pd,4,79a0b39dbbb9d65dfd4a9f639c61665fca390fa4cc2b298d41cf8d48116cdc4a,xyz/SEVLOV.xyz,2d1d76fcc215f3d681a8551565662f5566cd0586e781cbb29a99a1779099c1e7,2,[2],[2],[],True
357,248,119e2ea6162d50ad47709dd3d22b79bee1055ee1237947f06dc3e629ba6e3bd6,WULNAU,0,Pt,4,7efddc32c970ece6b44139637d942d308448789717efb288bf030f017aa6473c,xyz/WULNAU.xyz,5e1abe9501f683ced8ff982df8de0b60e94d41c3ff7a2a72ab6f7e0fb14c114d,4,"[2,2]","[2,2]",[],False
358,79,11a0212cbacdf63a9ec975746b75b02f64b45bad964896d3e713cf89ac164d2d,QIMWIS,1,Fe,6,2d5f96b6173ef5f67dc5ec9304453ffd243726670cf0feb2b2098bd8b9120da8,xyz/QIMWIS.xyz,01e7144954a90d220effcc1d25a214dadf6cb0766b17ccd1f6773f625756116e,24,[4],[4],[],False
359,249,11a4fc072854a6204cc66164bf6bf6fee2d443e891120401f4728c7c09810ae7,YOGVUN,0,Pd,4,e17c47b88f00f44f453b27a91acba2c4e56f0ed5113c51a658e3fdef47669a78,xyz/YOGVUN.xyz,1d8c57ff24f8eff3f45694992a2548e80b3fad7ee1f7fa5e4508161dcc8271ad,4,"[2,2]","[2,2]",[],False
360,250,11a99807e3393e65475b4910a22dfb5f4ee8998d71c56d23d25303e7463628d9,WARHUU,1,Cu,4,96dd14e93aea0cd6632373b4e528ccf2d06709f1594695cea6cf2f6b8f35cef5,xyz/WARHUU.xyz,3e38646db17eb27f95302c1f58a0d8d9855b3c361f8f91f4ba0e7e778adfaf58,2,[2],[2],[],False
361,251,11bb7f22a1433590541e79f6cca2da0297e789aff481a35abea9b90c0bf86ff9,INUDAW,2,Pt,4,8b69c2cfa63e348fd2617ceeb827c86f76092f59146098265552620ec2b8d160,xyz/INUDAW.xyz,2290c4c6982c9455a64c01fbcb4191ba51b740f4c8149a06479ad1dee19e8e5d,2,[2],[2],[],True
362,252,11cacb019e3db6a2f6b0e26674af15c7980701ca8b89526f4bd5a650b600d7a6,DURSUG,4,Pd,4,6e0021219d76b73a3c0be3388b432fa71b81d3691f610cc26f597d390acf869d,xyz/DURSUG.xyz,21e418affc4d7d2dbff8fa0b293db812bee29dc29042ce8fa6856e87375a26de,6,[3],[3],[],False
363,253,11fe334d5097475524e050bbab21197c67247b34557d734e8b593442352bb1dc,TEMMEG,3,Pt,4,ab1d615e3cedbff2edeb1f934e87ac99b29640d081fa12109dabf2312fe25f71,xyz/TEMMEG.xyz,1f37ded86282fec9b2ce912408a5745c71b475d34b1ffcc17acf0da3ec15c402,4,"[2,2]","[2,2]",[],False
364,254,1202133a8f54b972e73673f584066efcb7295b5058367b77d78b6c133e8bd13a,AYIKUO,2,Zn,4,84852f308fbd1be529f809d0f1d42709ad210ffd9aeba8ed1659038720bd621c,xyz/AYIKUO.xyz,ce2518ff93f92d2e3484257c7219a844777eef6c8dbe472e75962016f748e496,2,[2],[2],[],False
365,255,12067eacb00946ec22eadf6c3a4321c039f101764ba37a3bfc89a75f6c1be29c,WUMKAR,3,Pd,4,3ef8243f4a35f39924bd2534dd37039693d8ab4a79265c4fda65f22815be2f51,xyz/WUMKAR.xyz,4feaaec15e240998b735eb4d2bd7c818c1833cef24c5b59a3d6fc5c8b2931be3,4,"[2,2]","[2,2]",[],True
366,80,12158d88ad10e51c1d2e01fb4d77f241e0953fa3ed9b7b586b0803d68c918c4d,MAXWOY,2,Ir,6,79bb02c99ced144d411072107b73487eac3aaee648b69cc2eb4cbe1c8a5ce00e,xyz/MAXWOY.xyz,9c8d196182d81f1ff7c4d09aed1329d4291b1c5b5223e93a26cf2daca32affad,2,[2],[2],[],True
367,256,1227b327e38e3ef26dc8e84d84a13a2ed7e0907e0ac5559c7d7a36694eea9b22,NEMLUQ,2,Pt,4,68bb2bc7e71351cb99dae7b7d9b4a1f1f5babd816ce8ae9be5ec3bc9dc177e03,xyz/NEMLUQ.xyz,15594a24ca85430e55efcb17e575237e23b5db90eff831300abbb4136e28cd26,2,[2],[2],[],False
368,257,122cbd00a5282b1f210e7f8b2c65d28c5357098a7713805497453a64b2f0e645,REZCOS,2,Pd,4,4863e587d094cd3f87dbbf0543d35300912865711f6d1748d73d171105f300c3,xyz/REZCOS.xyz,cc994b9bf57f3c8e5c8ec934e1e0207e259eaec5d5c95f608a136835bbb83e90,2,[2],[2],[],False
369,258,123126a767ce416754e8e34a73c6474dbb3ccb145296992186c30707f076cdbe,ALAQUA,1,Pd,4,1824f35f3660b2a9565ddfcdef35a95fac9d77015436d43151d3ccafd5af92f9,xyz/ALAQUA.xyz,a0be56610e36551967cd5da11384e37ee7c3ed62ebbba037cc400aed0f1986e2,4,"[2,2]","[2,2]",[],False
370,259,1238b3637b1b3ad985f7f13109967f7d296671de8fba4aa6c209e385ab9a6d2a,TUKGUE,2,Pd,4,42df4eb0dfe541d9991abb4ca20543647670951261fce990bccdebbdb19d8297,xyz/TUKGUE.xyz,ed8c6e6baa87a762d0d7ed1f9928f7e201361855a8781954c373697339277af2,2,[2],[2],[],False
371,81,1253b20617e1689ccb1ea13d31f1fba4438de36da78617145f3d5267510bf4a2,YEVGOY,1,Ir,6,a12681a1eba58aed0a4c3b6723c88e714b86cebebd20c25a5b4117a2328a48a2,xyz/YEVGOY.xyz,66087356632cf0e226069e09f5dd64f4a0716686114dc3207e2abfe7054b48ca,4,[2],[2],[2],True
372,260,1283ae14a3146ab0f4afe416fa9fa313743f8057b52dd8c3d8550acc382c1dc2,FEVTIM,4,Ni,4,a1ac3f5be3e1acc6fbab0e7ef5264f531ec8e6758428c033ed60de38863ca690,xyz/FEVTIM.xyz,e9bf09ab9d3adc9a7d669a049096dea9b1eaff0d48b5334f7b3228bb98da5ccb,2,[2],[2],[],False
373,261,128e8ce64582d31d027b186dddcaab7986248d9889396b68044e668a0d7c7312,ERACEF,3,Pd,4,c8be965d2d33d9f981a725eebc5d0f81e7373ceabf37b01c43c7d3edc6ff6fed,xyz/ERACEF.xyz,3a32af3e9ae6c499c2c502c49cefa47d50749d3850a5da88f0e5b04480a596e3,4,"[2,2]","[2,2]",[],False
374,262,129645c395b828d674d23e00c683900c3c76cf6ff94130345f7fda28850e8330,LULVUJ,3,Cu,4,ab12b993f31c24a0b23aade98ba1c3fbe147ca5c59641d7667571e1f7c08c960,xyz/LULVUJ.xyz,f901f8215880592933ef6cf2b815cec35091bfd851b58ebdf4c65fcd13b1fb20,2,[2],[2],[],False
375,82,12c48cb8e791808684bf8c9ea32d55a716e90e642b47af02e493101e50d32d7b,MIVQIT,1,Fe,6,f6e82101a39de19b96758d2d93e47c60b7cd803c85e662c63fbc91068d6e51d5,xyz/MIVQIT.xyz,ccd9ba8105ef8ad53d1a4e1df54da1eb4a59048ad9d0d52eaed726ac70553930,8,"[2,2,2]","[2,2,2]",[],True
376,263,12c816501489d7ce56ebd011b84e7acf3a28efda5ced43c8832a318abe1ac3b3,BATNOA,0,Pt,4,f186bc92140b41ac8781875dc87f38bb46552427b39b102d554394ac3ab16814,xyz/BATNOA.xyz,6aec0c07f7dc619a16ac75b0571aa29b92b3254cc81314f33344dc3b52485e8a,4,"[2,2]","[2,2]",[],False
377,264,12dda1b2a5b69db3c4418929593021c9d0c2306e3fe0d260a79afc2a38abc557,GUDCEN,2,Pt,4,2d3b5718ed3164046dfdbc95654f48b4e86ccbc8f540d65c19f86966335fe4a4,xyz/GUDCEN.xyz,4199f8c13d3642db1bb06be0abf697ceefaad15ae65d28bbf77814896fc34ed3,2,[],[],[2],False
378,32,12edf5719419439a55ee45700dad5080a0590388144e55a973d16eedb99e0068,REXNUG,2,Zn,5,7122702bdb686136f609bc2984abe1a71589e15f80ee4d39d018cda6754fd064,xyz/REXNUG.xyz,2f274bdcd73d47a694086c217357ae68ffdecf6226158189c5db9b7fbe478f8f,2,[2],[2],[],True
379,265,12f159c1fc193318b0cb8fcbc681a1f66479a7709ab174b1baa2ae31684d4bb0,FAKYEY,3,Ni,4,cd5e01a6e4e9fbf37618de54ed096b61f2dec55215292b61a3dfb61e27224532,xyz/FAKYEY.xyz,c57e8cb3e054c7112cd04faff0a6548f698e0e247ee3c99bd026a4ecf5e1d158,2,[],[],[2],False
380,266,12fb52d7519bda721c7d157b8d28911d937d650377bbcf4e1d65d564a96ab5ac,LUBRUV,4,Pd,4,925192ee27ca790f35cbabe822de9ac4cc4296815e2f2942186df75a607a1a8c,xyz/LUBRUV.xyz,2dea175c88893ce7713b4854fd2c5b9d28559d242d421fe3101d9e06fa8cd128,2,[2],[2],[],False
381,83,1305b58970edb56f2fc4c892f0dfcd2443a83eb556a4a5a9b8e246bd06fd96fc,DIYCOD,3,Fe,6,180d65b7cef0428d1a2b2564b4687efd57cb9a712f30a0e814f65379af0027c6,xyz/DIYCOD.xyz,c711e5481cf07b4f091de46f6ad9265521d1f33a73c9694d58e9f58f9a11aa48,6,[3],[3],[],False
382,267,1328999484919606bc0be8b1b29cf31427ffb71c0ae961ce322703a5996c4c67,TEMKOL,1,Ni,4,2c19651ff06163f65f8dc8bfd6b13e0b25174aa2979f86b4fabbf8a5c3801cb5,xyz/TEMKOL.xyz,13fb6c8bf7b1d5d4a99984b1a16853ae8fe45468e08cb3484476a5ec57380c8f,24,[],[],[4],False
383,84,132e7d903a5c30429eb824ca89ca853a7fea2de02c370be74d76ce925586f026,WIFRAH,0,Pt,6,221f4549311c041aa0fa42c79163d7e0e6e7c27f197016b416bfd1639b3a83c4,xyz/WIFRAH.xyz,761bf2501b1e58259b03983b915b167fce0493fd4c0bbe2508d03a845a6b1979,4,"[2,2]","[2,2]",[],False
384,268,132f0ac875cf2ab019739e8d2e843133800962ca059308478320f7ba7a09b2f2,JEVHOL,0,Pd,4,e479c315355ce477acec8627a33e5332e9d9117fccb9a5cd8789070433f9e243,xyz/JEVHOL.xyz,4c0d9c1efbb71432c8e65ad548bdf79d28316ec845f413038761f609bc107b07,2,[2],[2],[],False
385,269,1336122ddf6fb5c3c76fbc2345a493bf13cc1ef6f7b79a11810451b833163615,QABGOR,3,Pt,4,d799384b799fc1965ac6fcc49546f8871598ee2058353d3b9d559d4c9af9cf40,xyz/QABGOR.xyz,f0a02a5fda551041d92c4a8c733bade94e305a965277f960214256e5504dd547,4,"[2,2]","[2,2]",[],False
386,33,1338ab8bb12ee68cb9bcae004ac99a7bb6c1da9b8f045a7bb0f6ebda093e4ce7,MOJGAT,4,Rh,5,c773bd7434f111c0343748e94cdd1e52b8e0a2df2a9d5883b8668a661e073279,xyz/MOJGAT.xyz,14db95af0eea1509c40cb511203fb1cf9a615613ab56eeea5d1a4be7f65fffb5,4,"[2,2]","[2,2]",[],True
387,270,13408417373cea4cc989641615075b2e2acd07fcef50c814989c25d205aeb97e,NOPPAK,4,Zn,4,359cd5effea7ca24a862af7d0ae082f7b29d36a7c270688d227b9b39f3db60e1,xyz/NOPPAK.xyz,d4bd2fbcc985397128989d4073eea13fb7956b5c0dc82df5f76679003ac0bb5d,2,[2],[2],[],True
388,85,137143b52d38b9aed886924a124ea562ca7970797a126bc8eac0163f0d3aa23c,QOKSOY,0,Fe,6,34ad96a4e8fcd7e64d6fb332343f5e76b4d64e8d762b130f1ae316b93eadafd6,xyz/QOKSOY.xyz,13864355fad08125ea7b10d935dc76bef60d5ab7407ac276d083c36bb9190977,6,[3],[3],[],False
389,86,1380c1fb7b28d2198fd876cf962c64cc72b5c880cdc668b04449f7d76ca5d790,SEFSIJ,3,Zn,6,232422a0617491135dbb4c3d266de18a6b1e1aa380b21dadc60a0c6d762ff37c,xyz/SEFSIJ.xyz,4674e7fe1e8a0d102f68af321c9861ed25a501a6c2ad5a80eb4c43c1f6a9126d,4,"[2,2]","[2,2]",[],False
390,271,1381506729678207eee1f0ad723779edaf2a1f357d3619f05616ed3d361b2b6b,QASDAR,2,Pt,4,0546cd15d29c278ad6b088e6f8251444455e81b6d030272cb06e523c91defabb,xyz/QASDAR.xyz,97c100b99e09de2674a3a43beadcaa01cd279d3be64afc41ca54ea9a08c73a6a,4,"[2,2]","[2,2]",[],False
391,272,139c5abd9789e5032735df07e3ff7cfcec4609c071eb6a351c4a61cd9f37d782,SONPUI,2,Pd,4,55593099c5a6bdc7797fae045a1d6f8e74ca123e12e34299baf029c4fde347ff,xyz/SONPUI.xyz,03616f9ce1f1de4a729ceffd14fe24d51c7e1a020e470186e68ce9783d7e38a4,2,[2],[2],[],False
392,273,139dbbaa9549f3d8c7f1f44e61a26266daee88df3c00b5edb477964eb2743ea3,XUXJOR,4,Ni,4,aae587eee81748b07914b4864c314c87b3636392f82d03a4cbfae345d892affe,xyz/XUXJOR.xyz,d665940988fa408b12fe581f1e4026a09a057fc4a1aa276dcd3605af59d50e4d,2,[2],[2],[],False
393,274,13ac4abfd3f66906d2ff4628fca04291d894b17d4fe058a6ec681c63d1917cd2,UBOCET,3,Zn,4,4fa47ffa70cd494b2346bb2c57036fc89c9b31883f6b1fd86a9a2dc06a16d8e6,xyz/UBOCET.xyz,bf5d8668ce27a65b6105c43a97047dc31c83659184567aa07554470084ee44b6,4,"[2,2]","[2,2]",[],False
394,87,13b89b226bf3a10adafb74c7e934976882a3fae4b8f010840f64b22b9899152a,IWOSIX,4,Ir,6,6dcb67562bd3a9eb19fcec39961b8c7b1abb7d04ce588dc3f3c71c287b8b30d8,xyz/IWOSIX.xyz,9e62cf5533614de948162473e67a35d5346915f03368609ecb8bcde290ee53c3,2,[2],[2],[],False
395,275,13cbcec2f59765b52d90c7050daa18c76e6d76609a5af53ccc1dfb3142730067,RASQAD,3,Pt,4,fe7fdd8e480b2a16b8055edb7baa65f55513008d520adf494a322131d614d929,xyz/RASQAD.xyz,01e7bfc05365b9eae7b4dc2ad33158743abf0fc27aa4f0c1d95f9f8ce21f596b,2,[2],[2],[],False
396,88,13d91fd8e58ff523bac29f6ba4bd90a1e051e5d381890ed698b7dc2c6378fafb,EHAFIC,1,Pt,6,9d2805de2341acfa26e632b24ea4b0acecdf2596f1c8e15767097a2a5e37eef2,xyz/EHAFIC.xyz,4528c1b03b8adc2dbcb8cd8a24f4240e6357e6d6d5723de1dd487fc0a7deffb6,24,[4],[4],[],False
397,276,13e1779d6388d0f914705eb39ca7cf6a226992e97b52ab0d9a21773d06322490,WOFSUF,1,Fe,4,5190b979d607d2a555077cced10395cd75ba6843484cb5a864798613ff3e4bd0,xyz/WOFSUF.xyz,ac7b020be6f8672be9c1517141bba82e86a3b701f02c0c48cc6ffef7d7e1ba2d,4,"[2,2]","[2,2]",[],False
398,277,13f99ef224fac835158437ff98e97b58f69f51bd0af6e3a8d3f0bb35abdebaf9,HUQDUU,0,Ag,4,24952c3eb081f1d92389bdf65475f02881932329ca4af52e5e4424d5dd3b3783,xyz/HUQDUU.xyz,85079e6783230ada8d86c19ed535eb7cb68ec69955bf3dac7a102b1a51f0bea8,4,[],[],"[2,2]",False
399,278,1402b977bcf862cb10a030546b4512391ec5f66fcc76c05a32d078cd5d000d7b,MEJXOO,4,Pt,4,2cc4aba703200b81201ae79f244fc7adf5935906bd0dbd082f36a7f17181c8f8,xyz/MEJXOO.xyz,8bd089a6a41b2987ffba1c5d9571ae56fb37b255803637a8394e457c4c7658e5,2,[2],[2],[],False
400,89,1404643f843dd5e0ee0eb34e6de2011ccce05e427d32d5d3f5af227ac77ab90b,ZUCFEL,3,Pt,6,689bf341b4fce2b597a3bf7244fd7bb4d0b8f6412e852ed19ea2bbcbfed9d9a1,xyz/ZUCFEL.xyz,7f272eff44da15395f51bba6a84cce58eafffb8ffbbae0dfc2ad0aea43014eb0,2,[2],[2],[],True
401,279,140d5e414d57dde6f6c4effcd0bae6506de698d812a50eb343d4bd531cc5e1d9,PIQBIC,4,Pt,4,4374f977650991733809b4f353618998fc9bd5a347d83763a35c0acbc25ec87c,xyz/PIQBIC.xyz,b3202182c35b24d2dbb5a769b93533e21703afa5774564a73e00219ee18d6693,4,[2],[2],[2],False
402,280,143c69d530479115c9ae2f97cdc9c26736a4446523f438fb0cc29b0a8709160a,TESGAA,1,Rh,4,696aeccce0f32e9ca44b8df61a79fa0e1f04042680a932524f19f023e51b6f28,xyz/TESGAA.xyz,918d9044bce0659fb51f01570770598414b6498b22b11deb31310b6eefae6688,2,[2],[2],[],False
403,281,14429432cae221c57fa8c8905f42cd2f5c5967e41ce6c12c62c84bc552b5c054,MAQDOZ,4,Pd,4,9777b9947c4315c9dfa8d90734fd9e6e7660d854a342866029eaa8f2ae9dcf59,xyz/MAQDOZ.xyz,6abdca06498cb1e593de5d7a1fd292698b3fe547965eae7ad523884e6c571b77,6,[3],[3],[],False
404,282,14458dc5e0a7f496e763c270b8c3ed8f99045f7094d345b3c4b6a40721bc447e,GUTMEQ,2,Ir,4,a5d67026d38eeba4badfcd6084bb69ce25ff2db37a703af981088fe165a22c05,xyz/GUTMEQ.xyz,7014bad00f3fcc939b9d76d3748d090e8b0e4f7cf38df41380bc192318e5c6df,2,[],[],[2],False
405,283,1468dd64041fe067cb24ed538c1b34888caedc5d2d70afda9a91c77da0a9849a,SIWWIF,2,Pt,4,573b6d419da7a9341cd75da55e02936606606ba5da968a248daa7a61208c5c3b,xyz/SIWWIF.xyz,8025d9f4976bc3bc062a09ab9a58609f68958b098b56a7177323ec90a0c0aa9c,6,[3],[3],[],False
406,284,14729dfee3ef818a7a9df3e9949bbc63eba8f409717932968f55285b078a5c70,AQIYEH,4,Ni,4,35248aeed01aae0aee028ac6c2f578aca640f9c7cd09d75cc8b8150d8f231472,xyz/AQIYEH.xyz,d26a40e8063a330829d52aa9a747b8bafa2495a4858f67bd9cec2db21fbc1cdf,2,[2],[2],[],False
407,285,1493836a0a0c72de2ed150fdae6a70fa999bd6034a6f44933309db1ea1b6df95,QOKRAJ,0,Pt,4,de2e41ba78e8246c0a2a53a5f84c84050d4c0778abfe8ffd10ae0fb0623a84f5,xyz/QOKRAJ.xyz,14c5b2d78980595c4b67dbd311ea35e54893e68b6e4adfead79c4498f23f6039,4,"[2,2]","[2,2]",[],False
408,286,149686600cba9a032ef6db80693f7f2681585f5799b195331aedf4345c3c9b81,CEQFIQ,1,Pt,4,c4b655ec5efc7503af0d77ea8a92a7735aced9fe632462ba08a76f6a965fab1f,xyz/CEQFIQ.xyz,294d303007e384ff175715066109c37e14486b4e801267975a3c6e2320e1a143,2,[2],[2],[],False
409,287,149fc4a109c91519d1c6cc4f624b81edf9900d23a673b8ceb91737b22268a348,VEKGEB,1,Pd,4,78932dde626e53ee5bbcadfc6912a6d3f0b316ddcfa71ffe9efe280fc46ec92d,xyz/VEKGEB.xyz,83f4e60b9a97b3bbd1b3903cac88ca3f88b97db939ef2e6d09aa4211e53ece43,2,[2],[2],[],False
410,288,14af7bd74f3e27a9e58efdb85a75fd6049922e67b6c43bc1b415b646d8e0f7fc,CUYPUK,3,Pd,4,68d627f5539f9b12c92f3ff0bdfd589b6d05aca977f0ee3e4d8be43b3192fe60,xyz/CUYPUK.xyz,27f19727807307ec56db0aee68ceaf168de8f8a8ae05ed3f78aab172b7260063,2,[2],[2],[],False
411,289,14c1f2b111b9d0f625927bbfd17d510fc46f26ecb15d5263d22f9c050b831a2c,AGELAA,1,Pd,4,66595ecbc242f6c895dba70c6f146108022a838ee6625f62e051969ff1648fea,xyz/AGELAA.xyz,ccf3b78a58e554aec977b92d1b16e201ef2b4d4ee48c8ecf3c73ce0ee4113f78,2,[2],[2],[],False
412,290,14c6a5d3b7e89149eb60675d67e7875a5b1c46737cd5530a42c919051302d118,GICXUM,3,Ni,4,2f3a8fb2eb284c41542ab879fae71ecbbd01a1f7145af21dd98c454eafe264f3,xyz/GICXUM.xyz,2e076067e88c746e7bca1dc66c02ea65e80cf08b585182e14c022731732074a1,4,"[2,2]","[2,2]",[],True
413,34,14d0d6466ec161ae2095e9610031ae44997f7d767ed004f9b152089c732ae474,GUBPEY,3,Fe,5,093c8753bdf16c9d9c2028b7a9da4df67ffa509f8e8c5fda8980a2b7a8e3cd01,xyz/GUBPEY.xyz,f44926bac9db707a553f73390ed4d6f6ad99b95fb885791281e01f4392845f57,24,[4],[4],[],True
414,291,14dfe4cebbeb2af6bbe3b988f8b972c75d78e315ec5afce08e64c730c80880b0,TUMFAK,1,Pd,4,31a3b62c59e477ecbce6e3420f60b1468eb542dce3e1eb0a6f269cd2aa63527e,xyz/TUMFAK.xyz,15f19ff0cd595bf89f73ec5526cee5dcdb296784e526afcd16fd6122eae3005a,2,[],[],[2],False
415,292,14ed545d0a5219c49501bd6dae4f0e101b029577fbe07134a7e06174e8db8777,FAVVEH,3,Pd,4,e82b30cee2cb28258df998f77d5d60b116edfee91bd9e88505edd42680bd2a57,xyz/FAVVEH.xyz,fb519b73136a206ee499086b1b06c30403501fa5aa9330af1c6a03d64864aed6,2,[2],[2],[],False
416,35,14f048ff64f07ff70fa965866bdfc4811f6f5c185c7aaac04b7a7c3e5d8c48f9,WIXLUK,4,Fe,5,007db7375fa6957b3c20f0dd3204a308e8749fb6374bd12e3c2d822f442eba53,xyz/WIXLUK.xyz,7ec504891546049623240d2312236b0152b7e45eb8f73471976b8522fcb0021e,24,[4],[4],[],True
417,293,14f2b84efa4ed74af182e5985890ff4ebfbb3b95214f226d3ae87f6c971c1693,WICXOZ,2,Pt,4,d150a6709457fb38ff08f3c1fe17354a114c00bb408cfa2563a57182c4c305e7,xyz/WICXOZ.xyz,e0e4eac2917fdaefb03b92bf049214bd8c4abaa2db4fafc65e4fbc1e7c610076,2,[],[],[2],False
418,294,15025a90952e9d56e1e3f2dd4a40fc1743ae5d598aa6ac6ad2026b1c88e6447c,HOXMAL,0,Pt,4,7985071206c2104715e6eb09af3bbe63ee22a00c861f5eb1aa42d28e5e903859,xyz/HOXMAL.xyz,14a1419833e6469f01859018c51b7d52480bab250baa9b093938e0cbe9c13933,2,[2],[2],[],False
419,295,150b0029237810f9655e9355300fe70ed7a3fc89e0ddb3ca1040d442de2373a6,TUXGEY,2,Pt,4,0bfedd876c5104f5a59ba25f7e43b82b1349581e9d70048ec5561e84a476ffc7,xyz/TUXGEY.xyz,9b5866e79008db84c17e13726a9e829b08fedbe7660964ec65d971a428cd32f7,2,[2],[2],[],False
420,90,1511bc76342d464132821fe5fe1fc04c00f0dd2d0758aa9f5fbf9301fe636f61,EBAYAL,4,Zn,6,bec01c2f2d269ec37e6c248d6ec9168e4e0091b6ffda260551e45404ed4b450a,xyz/EBAYAL.xyz,78ca086ac37e5091f4b8b9b473aec5713bc8680c44f9c08de5c0b61d804c497c,2,[2],[2],[],False
421,296,152196e5406e53bade9b93dfa6be8d93d752628962f68ecf726a92e423988723,APUMON,3,Pt,4,02cb150a0d5f25f3513f99ef2a91775ac8acfc497988725c7c6ce8b6468918aa,xyz/APUMON.xyz,33cb00c916c1cd4154927ff21f26b742d88e02b9e3d7bd740b88b92c29da709a,4,"[2,2]","[2,2]",[],False
422,297,152abe636b18febbbdd0ee6868ad7289743434503aa59a6726138d1669c97e42,IQUJEL,4,Zn,4,a5f77617648b6a679af6aa6bfb358064342c8dcf9155150387ba3e94957c0ae6,xyz/IQUJEL.xyz,12b1f3fb38d00882a2e46321352ba9505d2a21a42ab15485916b00b192b8aef8,2,[2],[2],[],False
423,298,1530902556cc1080a71fb6f0978e306d417f13af61ee3abd0e142d07918a7188,VIMZAV,0,Pt,4,d38dee4777d245992e7a68d969237d71288777eab2e74c8fa530519abda79b54,xyz/VIMZAV.xyz,30c6e3c9172ff459f09b1f8ff9d2f28bdf01b354513e938a0fed8db0fdc06449,4,[],[],"[2,2]",False
424,299,1530d81e00b43be35efbbe7e1c6dcb08a2b3d536b51754e36fd78bc4c0867703,QAHXEE,4,Pd,4,68916b579a24348c693de10e4b5bc290c39a2dd54ae217bb9bd23361a8f98227,xyz/QAHXEE.xyz,bae0e5d7d8eb17a6bddae7239d1d6b7ab16e93a358ae0f49961e75355349b1b8,2,[2],[2],[],False
425,300,154f8bab8e5f6999c106a0968a1cce26c0f7102652bd7a7984e83f0ea25debf9,YEDYAL,4,Zn,4,f4912d6dd4a66c96546508e2a83769cc36b9e1419f7e1e1b00e147afc570f2e5,xyz/YEDYAL.xyz,79638bd4bfc8c58e69a33fb3c178eab85aacd0b27942afa2e18e42b98dfcf446,4,"[2,2]","[2,2]",[],False
426,301,15555a50c9a42f587072ba80628317ae587734c70e921fe311af0e82e8c9fb49,TILDEA,1,Ni,4,2e8697c5cf44d586b002828e3c945318aae052f89a8a048ff9b9e85c51467bfd,xyz/TILDEA.xyz,b942f602b186f5b3cf98dcb2aa166066a3c4e8a25d74979c32e5333cd273d912,4,"[2,2]","[2,2]",[],False
427,302,157c3aec876495331c20d9f6bdf2c7a57967ec0dc4dfead1fb9a557882bef170,QAQCOA,4,Pd,4,e8500c0570f881c049ff26f6b2d884d75fbd93081ecd9cbcbcea36d096134e2e,xyz/QAQCOA.xyz,8186823e2950da1b4b32405525459a1561f4552ddb5538953a1fff958d7c7e90,4,"[2,2]","[2,2]",[],False
428,91,157f3770aa7cb9d8f0f73ec521c84a8d8afd923c4ab3d5b9ff5b76f7bbe01a75,UKIHIF,2,Ir,6,19e8a7e7116d6661cb4d9becd55a842fddb923f22e15304d414523586cce2699,xyz/UKIHIF.xyz,8ed9ced18ce5ddc5c18565764596fda9a7c6e7043afa09a007b88bd825c48c8d,2,[2],[2],[],True
429,303,15804c52ef4335551330436f2e64b0bf60faab09cb8c3befd30d26485a21ac2a,LEXVUF,3,Ni,4,fcc3a61c20c0b832b1e283292decc60c24616a1ff324f7119b0c9092efe6e3e9,xyz/LEXVUF.xyz,132654fb1a5c4c4f1f80bee942fc9fe2d45cd89a11befcc1f5f868698af6665a,2,[2],[2],[],False
430,92,1583af01d18227c33a1198def3e594321ac9c4739dc7d430abc69ebf363b8faf,MUFGEA,4,Cu,6,5dbba6dcafbb9bf6951c307e2f90be64d04ae424757323bcb3a6d4ea015f69b5,xyz/MUFGEA.xyz,0ef355b9eedfdfdb7347c44da460213471b7c6aac231b62fb327c6444fbeb719,4,"[2,2]","[2,2]",[],True
431,304,1584f8232a050bc54f814bceaea8b8ac19457970df50e397841f37ed273ad2be,SEYWOM,0,Pt,4,cd82c4f1723bad48fc74cf4993cd17a5993c160a25f2ff582cdbff73fb79cb5e,xyz/SEYWOM.xyz,3ab4838b723745bb2a181696abc729c73c26b11743d4f12eaf18cebb13796795,2,[2],[2],[],False
432,305,158ca0f9ced20ed6e6506032cb3424c92ae9e43d41479c617ed6fb852eb0d527,DUPNEI,4,Pd,4,0249bbe2354a8e47190b2be32a76249f2e2241a50278dc09f946dbe4bb86c388,xyz/DUPNEI.xyz,853ad4e23bd57a86070cd4b1b13fa3b5a66a2f08efdfe1d662d9456f31d45494,4,[2],[2],[2],False
433,306,15a73c756792e8aea65946b3d6e2da16bd6a9a8221b473e9687107fe8930b1af,KAQGUH,1,Zn,4,da517c9b73d309f6f3e91d29ae675c71e5469e955954a5336bae1420d41e5362,xyz/KAQGUH.xyz,167950707c672fce8ade453becc97623416bdaba32d1968fa0d6a41ba24abbdb,2,[2],[2],[],False
434,307,15aaf9f030ddd2290f3824321ac4a9523af1c8490646d01abc1f87b2dcff4f11,RIYYIJ,0,Pd,4,bd4a5b5c146295cf88fb757469756d2506c5ef2fcc5a5434c195fe331b7a53bf,xyz/RIYYIJ.xyz,d50074f371eaf54f0528017d50af2410dc82e4354999a27c6f9892d66c7cb3c3,2,[2],[2],[],False
435,308,15b3ceb490e13fba7912ee4209b414382f8ade980b9541611cb0f9edce48ed0b,DEJBEA,0,Pt,4,b512bcb88c70be1f29450a268f6c87b88421dde4d69a06371ccdc962390323a6,xyz/DEJBEA.xyz,4c5e46b9b6d57981b67685550e5d2d5826157e11d5925ea0a0c5239743ab525d,4,"[2,2]","[2,2]",[],False
436,309,15b432a4b5e169e8b2a3552c7503f3ce3a265bf20fddc327f34fade5683d1893,KILLUQ,0,Pd,4,041b4401c4cc2944613a797cb94c430baf36bbbdeb2303ec9512efef019447ec,xyz/KILLUQ.xyz,ea7e5ed2002c629da6aa24c2f3baef180589f3fc3d9495d379463bee003894c8,2,[],[],[2],False
437,310,15bb15a2c118d3d20fde6cfd8fd130c70f1d53a71bff3ef4bc81034f8f9a3c66,ZINGUC,1,Pd,4,0f68bc5e159710dc2ac4d8e98ee8b4a1cb34faadd4d0ef88b50bcf09ef04e530,xyz/ZINGUC.xyz,be71b182b4611df878641cbf9c5024ee0bec662b4b1fa70d7a8f8b8b46d86c6e,4,"[2,2]","[2,2]",[],False
438,311,15ca0072c28a39fea8123fc5d3f4f3f744cb5581870061ccfa31b29938a7abb5,NEBKUE,1,Pd,4,324ad84409c564b8e5eaed229f75d0001823b7499d798f2dbc636a8e28385473,xyz/NEBKUE.xyz,165331aaa63c3b9007147e588fda3225c3747b358923d385b9d49b0998225431,4,"[2,2]","[2,2]",[],False
439,312,15e29b5f1b24db096849b5fe33855ccf183ca9b5145b6b55e1e8b567ea9d7ada,LALXUS,1,Pt,4,491fd08f717e711cfb0f82a8713ffb0bf1923ee7b2568513bbcdd8181e356af9,xyz/LALXUS.xyz,3da779fc6c7fc95d19496364a8e545a15877e1239c2daad918d66fd0c550007f,4,"[2,2]","[2,2]",[],False
440,313,15ee20344836743bff8337387017decd4d7217f8088825f1994cdb3e79e5e211,TIDSOO,3,Rh,4,7ea24474d2b010ceeb612322e3ea68d81232e9cdc95c24941815fabcb6821555,xyz/TIDSOO.xyz,1a34f160a756633a77cc2ca07eed7ca68a27746cf1d801a07c9a7aee42fec673,2,[2],[2],[],False
441,314,15f58d6cea6fee490a30948abacb2bb17caace43b813aa84f9b8a8a8ae7b803b,ANIZEF,2,Zn,4,c7c6454569ecfc6162cbb544ce9fd88d08dc9c6a4a68e1432b652315ead6ddb9,xyz/ANIZEF.xyz,23c8d3ebd026a2af290c42403e6fc4a43a23e68837d373f66235db2c408b8af4,2,[2],[2],[],False
442,315,15f5fd5ff90ad8b4c4fbc7f92b3caf10fc79f4b39ad237d96e49c3995af0e6e6,BABROO,4,Ni,4,e994798bf49df802868a3fe3a261e6bbd2e705a4fbad1594a71246fd1246725f,xyz/BABROO.xyz,87d75255542162c047daa379c7898b410e16e4b762daf885daf6ec331314f53d,2,[2],[2],[],False
443,316,15f709a3e94dc791564526fd2ad5a7e00187335b8953c4f62bb7465a6673147c,GIHPIW,2,Pt,4,83b1908eb6127177401672ae744b6bee7c28a7fbb07b74671140f24619fa6848,xyz/GIHPIW.xyz,cdbe2f38b4132d68f336cd2aa0169efd2a3d55942beee864d77d66eb787562ca,2,[2],[2],[],False
444,317,15fa36b40bd11875b1c958b6e6d17db5b8693c16aadf6f32ef81fd61d674ca46,CIGLEL,4,Pt,4,ff0857891b9e51965073b4751364f03a2a6b05ba57d87274260bfca8c4e627c9,xyz/CIGLEL.xyz,1d0394fb7118ee4495fb8259c8c9ae94093e0acbe385e4584b8b18bb5c464b7d,2,[2],[2],[],False
445,318,1601715f8e0e13ca96d19e330cad09c0062601b838d4735bd690989992a509d1,HURGAC,0,Cu,4,866c59c9fad13d43d3e8dd71d60a879f4e52162f925d432c6c7f5f7a64f1ce36,xyz/HURGAC.xyz,eeeab510bed00b7bd1b503c632ffb5ca0bf0dec0208abff1e4cc96cc97c30cdf,2,[2],[2],[],False
446,319,160900f8454a162e6fac8aae4483ee7d5e0527f1a8204ce3812c49d014f1dde2,ROSFUA,1,Ni,4,826fd9613cc14954bdb23d5e866a3f5d5671120396884c929bb5e6a08d3b127e,xyz/ROSFUA.xyz,76d010046df4022d634818244ac1d98016e842f14f029283ae630f2ef5aa2d25,2,[2],[2],[],True
447,320,161f160c963d49dde74b54a41c647916816aa1011099a0b1c02d9e38bd16d894,MIMXAH,3,Rh,4,17d9dd04fd341c48b0b65c6e01723f67fce1ab15095c65dc692c30b23ffb8e2e,xyz/MIMXAH.xyz,3d4ec349107158be11d947d5f19c5df5ca90f3c8251b9f06f887657236a5c5a4,6,[3],[3],[],False
448,321,163586ccaffbcbcdd1e0b4457efe5fdb3fdbe47efba9deff479b8b486eb388e4,BOHXAA,0,Pt,4,deebed658389668a8c7d37264d848316df37ed7850043ee9e72c7e520d087e14,xyz/BOHXAA.xyz,8126fa0c406611f8c23f0dcc1a0bb4d4d52d64f387b10c525bb8fd8bd53587f0,2,[2],[2],[],False
449,322,163e7b391d0ecc310dbec24c13d0356ab5970461e3e545df9728c6ba6673b95d,AFAMEB,1,Pd,4,ac2adac5c03ae40cf2ea173d2a25b2ead2268ae752b94642739f618a15b6b7f3,xyz/AFAMEB.xyz,07da0bfdd5bd361547886e28b0c7369d325c14ee0943ea7ece831d53286bb666,2,[2],[2],[],False
450,323,1654f2d0ef1c045f8b219fdd1895cdce3ec9357ff22579d7e262c58d63cf50d0,DOTMOP,0,Pt,4,3bde896d1947fc0e0fd2cd4124fc327314ce1ec56d76ea5befa9546bdd410711,xyz/DOTMOP.xyz,25389cd336187beea33950102c14e91642f96e574ecbbcd540750ff586044b13,2,[2],[2],[],False
451,324,166041fe7c642fc35a0887a7ceac07276a23f31f512242928890ab094950ac6a,HOFBIN,1,Pt,4,7599be00f99a771c37ed446100250297bb55a2e63337cce88f8adac21d5ee8f0,xyz/HOFBIN.xyz,aba4ec80efc007615043d2d51cc6d29271c33e44dab771a9af15b3d96fa7b2d9,2,[2],[2],[],True
452,325,1663b05fc9610e50cb97537c473d33f090279fb449b700d4682317f5392da989,ZELPUE,4,Pd,4,f9ea3ccc609a4e62b60a8efde50b35d62c80b07f2ba1a3107cabbb6bc7fc6fea,xyz/ZELPUE.xyz,87baca9110a13903df5ab63d06a4bfec25b9170fe5cae91ee93a9d45585375f5,4,"[2,2]","[2,2]",[],False
453,326,1673aae7a5ad91c8bec3ad294ef018b1ffc541b46a74008389c324446bc7db4b,DIDMUB,1,Pd,4,a77a8b482245a51f0df3c47dfb723a1acba658e013442784c7935b79cf4bf1eb,xyz/DIDMUB.xyz,67590cd592570c61fba6f50389ac14a3063f36526737fedc71d8cdd480dbf5b4,2,[2],[2],[],False
454,327,167e2fd9d37531d9002848ecdbe5428e365a1071af734e329762e73908b5ea07,MECROE,3,Pt,4,c3178187442dbea7b1cc8b2a5af47a78b94bde082f4280d2c53ab81c63b0319e,xyz/MECROE.xyz,93ed069605e6e311bd19309e942147c890d2f686e8ec155880f25776699cd6a5,2,[2],[2],[],False
455,328,16a76448270b99d07cca44b113b6d5ec7a32406b48344a938ead74017db0bfdc,NENTAD,0,Ni,4,51b32186950e479892b5e045e721a787d2e830aec820a163e6d28efe818f0004,xyz/NENTAD.xyz,cb2b4c392321273e36de81281b0dd6d0b575a5b15c7b9b2e5803c1dbb1d8cc6b,4,"[2,2]","[2,2]",[],False
456,93,16ace1d47bab261c5d3e1efd2fcd08c946eb51b3acf7b70c6d07086b2bee3151,NOYZAE,3,Fe,6,2345c8319de454cbb3f4c7e0d80ba62bd17d6a78dcb6a517fd08be0a68c0f6d5,xyz/NOYZAE.xyz,650c6b6adc4ebc2edf3ab253c52ef667aafbae318d2ecf11f171d0bae0954b52,6,[3],[3],[],False
457,329,16ad1edcd1ea3f41b19bd596a400bc75e9fd8e938019b43abb745e4498320ce7,ATASOF,3,Ni,4,234ed1e507bf3c2c7e0de92d9af244171b0c7cbd938019d86414fefb6d7785e2,xyz/ATASOF.xyz,10984cae00edc32935ce35e873bb8dd59bd28673b447d4b5a81f62ab2a98c2d2,2,[2],[2],[],True
458,330,16bf302a029715cc5a63edc32d3790abcef015914cd29e64c6e8804154bec262,YIVRIH,1,Pt,4,5b5e8bf5f2f75671824e67ba21d69fdc0345716424e04536e3334f0820408fc5,xyz/YIVRIH.xyz,cfdb2fd21d9804173c52d36fa909e6beb17964ee2235cf12f851ac18cd4074f9,2,[2],[2],[],False
459,331,16c297dde24716313ec9c1fc066003f60a7f4930cfef78403940ca69d82e4aff,IBUGET,4,Cu,4,596d99945efb977954c4423075a3f59f063159c8a9251378dfb6d23ff708cd19,xyz/IBUGET.xyz,def3e7295808370e24295dba9083dc5fdb025771bae03d226a910184fdfe58e6,2,[2],[2],[],False
460,94,16c71cac8002210b927b8f1e4aa7c2aea60975f55a58d6cb0c9569aa74f7b367,NETGEA,1,Fe,6,6ea5ef33ca16a430837311d0392f54c30a527c27ad6e922e31fd73772570f195,xyz/NETGEA.xyz,6e09e771f70ac01675c384fbab4638e06ed296369aa221df4ae209409532c2f9,8,"[2,2]","[2,2]",[2],False
461,332,16d1ff6632561ef7d1cb16f6087e51e73332d908c33311aeb5cf235dad59f4bb,NAYKIJ,3,Cu,4,8107fb99a68bed1d2a11d299aafab69f1db30812e164219ba57cb3d50dc5a0a5,xyz/NAYKIJ.xyz,b2631dd4ffff196c4cbe13ba2923a17d4d0286835b34c93312091b52deba0705,2,[],[],[2],False
462,333,16e711cf7adae37751bac5be53b939a1ee5f02b21491b40e6939a133801cf16e,KEZWAP,1,Ni,4,802fcc5d3139702df2c010f4199c50536bad56f0f66ec51e6a68d94e63329683,xyz/KEZWAP.xyz,83da46c0300d79853067975097e623cdbb5e0e65fae8a9c8ccac41662ed46f25,2,[2],[2],[],False
463,95,16eab86bbafaefc664af46f0848908f8f5682e5673da836792a67433f884e9b9,TEPSAK,1,Ir,6,d707b025b4b3e47aff6396fe5c85b71b98f124c423824ead5ec69a9076cf6e14,xyz/TEPSAK.xyz,ab52b3406fab2574f963db50f19427c19f5f5464861e8a8dafa56e0a72503312,2,[2],[2],[],True
464,334,16fd85e7420af614764c41a80869c7aefc6dd2091d160e64e7753bd7161a6a18,XAWVEA,2,Pd,4,d751644680fe1b01707dc0bd9b1e50ed8089ec7938ee34f300fb8399fec49199,xyz/XAWVEA.xyz,c8768e07b16224a88ac5f78cf636c707ce625d3a7c2a12aa187d13ec49fbb80c,2,[2],[2],[],False
465,335,1701f47782c99a49f87ab6d26aa0246721b9808fe22895f9851935d114e0f290,PEVSUF,4,Cu,4,3585c753a577332ee5fd982b1708d8cac3cc9b4aaa17ebb9755638c631011291,xyz/PEVSUF.xyz,2437e86e79593f756d31f6b0a6d0abb5c776aa861aa5ad4eb9c721f7d13d9c59,6,[3],[3],[],True
466,336,1710c4ec51984ba534fd92b7bc57d770498afe60e595e2fc085fdba35da42e40,SIHSOT,1,Pt,4,375e510afc0f4666edada8c897742cc97cfb8b347840697ef5f29dd55d8d3d03,xyz/SIHSOT.xyz,2561b5d2d0fad7127de248fcb545b3fb89d4c44606dd659170ac895b92dd85da,2,[2],[2],[],True
467,96,1716470682a4a11e332e9adf026c100d2a77fe0a4388b334058f22040261766a,IMIXUX,1,Ir,6,11c5ac90a49e600d731713229d5c73e302a4d896d8ac53410035dd25cc49678e,xyz/IMIXUX.xyz,963ff784ffd4cb4fa4939b181bf9e1c891e216c5aa1b6c5360e9d04d3dbce5ae,48,[4],[4],[2],True
468,337,171b1d0ed9047f0aff4c552a1b81932caca488ab423a60b09117cc59a927f735,GARBIN,2,Zn,4,61936a8fef6a7c73d4772ca9fb688f0635310b3c0f262196493e228a4939c6e4,xyz/GARBIN.xyz,2c217b09a85bc30784dfaec5113b366a5012c9e2668b2a87e6be4528cb05a613,4,"[2,2]","[2,2]",[],False
469,338,172666d182d956ba095747659162880ffa1ab63283f0f53982f83cdb03ef78c0,KIWYUM,4,Ni,4,7e89831b1aff544975da508af2536ea4d3d772ac7a77b7058e92de9267aec6ab,xyz/KIWYUM.xyz,4d2a22b7755128e06fd9b820fd810680a1e62d7c70c6482f776284fb028b930f,4,"[2,2]","[2,2]",[],False
470,339,1729842ecd3a14dd164ba2062859d82ecd143dd680cba4ac162f45c180753507,OCUDOF,4,Ni,4,ec4aa51e5153a76c0b23b9a0c49df5cf67302bb67ab54c6784e0c46870aa9b5c,xyz/OCUDOF.xyz,93cba885379649c2e764bd897617958182f262ebe191ab3442b59c6efd262a86,2,[2],[2],[],False
471,340,172d9d7b21426b44c0bc9668d6d0cdc7d268c7707cc2550aab1da8a64741deb7,IYUGUE,3,Pt,4,e4cbcde52c0d46156e7842c89f51fe021514f2e25d6ba5ad43da601e91dde1fa,xyz/IYUGUE.xyz,f1730ec9a3861e9a210b3ff096975b96e1c28ee7275e58530652cd5033d90ca6,4,"[2,2]","[2,2]",[],False
472,341,1740c2a5bd7868d1c57b6697ed94528b7d03b58e9aa8903a489c430d65ffe102,SUTRAA,3,Pt,4,825511d492aff70fbf807fffef2f996b4fc669e3c707f7a07b57fa4de1f9b74d,xyz/SUTRAA.xyz,c558dbfd44012756da9842857b972e2228b010c27e1032f0e248579279c00530,2,[2],[2],[],False
473,342,174715acf89c34bf71d03f14e34089548a86df185f19ad1e4eee92f7900798a8,TEJDOE,2,Pd,4,1d6418a0780d882f58af19813ad169499397a8d31aadb7a466e097c0c1bbaef6,xyz/TEJDOE.xyz,d1917c596ebc5384b818201299d15f99ec6293b65f3fd1d6d77c52d664f69884,2,[2],[2],[],True
474,343,1751061b1042fcd208b2a111474a5ec05ae28b29a0211b567bd82124d3f2f9a5,SAKNAV,4,Rh,4,41bab68eea6f886ddfc04669c3f63ec4962d9f6dfb048007b6b407e4a2e0085b,xyz/SAKNAV.xyz,26b6699640f78803e78d0c1d8ff6e64f8c734bf099eb42ee28cfe621508b2b21,2,[2],[2],[],False
475,344,175624dba5dbe7a0d56ba93a3111c7d4415de1477759565137b5cce3063935f8,VABYED,1,Pt,4,e1fa85971130fc575d83867988d4e478d132de7b03cea052e4a5d4a9f9585759,xyz/VABYED.xyz,69df6853fc9e25f390be9c1b099d11afeec50a35991ea79fd81ac49273d83823,2,[2],[2],[],False
476,345,1757d11d0bc8b4d5b297fc52312966ef75d39cad41439e1572acaa1f89b558f0,RANSIJ,0,Pt,4,a6ebc0b0ee66a2e67b0ef61407600863837531925e2138fcf891adebc7c39836,xyz/RANSIJ.xyz,9e60c4a2dd9a92547acdd6080c888e35219e0e07f61e89dced9faba77c0bdded,4,"[2,2]","[2,2]",[],False
477,346,1775965b7294090b8206163e2eb2d3535c4e804e690d37037a1f5a0be5ee629c,MIXJEL,3,Pt,4,092393db7bb2162ca4dc6dd95c1aac8c4ee9cb3594f141fd7b6191b28551c358,xyz/MIXJEL.xyz,ccb12def3897630a5b7aa5b432585eaf452cdd96ef63fb1b92d0c856d2eb1c65,2,[2],[2],[],False
478,97,177a920c8bd6e8e0008970cab04a503c20afffbb5463329296efaed9197bea9a,FOFTIE,1,Cr,6,22dd04faac3401e4c39eb3829c530604b0e51e8ed0bcda4c69cbc289d819ddfb,xyz/FOFTIE.xyz,7db38a3dcedee28a0a0197d3c138ab97ed2977d25b6db473598b0a537a5d2f79,120,[5],[5],[],False
479,347,177ea1ffc57ed968effbd22f16ad02575657602104947fa54d11825fb1b9dd40,GASKIW,4,Pt,4,d03cd5699c3df0efceb23af5e7aecbb313977650852d67996a5b28590bc5cd83,xyz/GASKIW.xyz,d209d891b2c4526f6f632ef13438faea549ce79ecd2ec684cd6e0035b775835b,2,[2],[2],[],False
480,348,179755a5a29a68400df99454f25c0285d5141c7f4aa8371d688240ed6f118ee4,QOKDUQ,3,Ir,4,b7914266a0a2418f4145cc6085b7cea125185ab14f2812319644e3cad79f394a,xyz/QOKDUQ.xyz,3340e3b4647ba2c82e25e3534e46b3e14dcc4aebe1a6a4d520a6bbae5932171c,2,[2],[2],[],False
481,98,179a982d8d80445eb6d43cdbdd54a4e76553adae314b39c62810184115d79e84,FIRPEB,1,Pt,6,e6992ad8411d702e171e2f03647aeaabbe61b561119999bb0162f2081904b2ad,xyz/FIRPEB.xyz,f814fe81bc4d53795157fe4ff7f8e0c6df3799a7df0f1893bdde566d696cd8e0,6,[3],[3],[],False
482,349,179caae3e271bb1ea20cdd2aec3aba3f58c7a0bd8214df83f5403e1b765f51ee,JUCLIE,3,Ni,4,bb747a4e09bd17ba33ba1e0ac3286308e6a86c32e3d80efb6ca47e38fe0f1703,xyz/JUCLIE.xyz,5450c61e707db2f6a6a99b1e269bb30ff6faeb2836d451aaa52f5b8019faa7a6,2,[],[],[2],False
483,99,17beda705c4a05ea9f39e19be9252a6daf2581149cd58db2e2143ff58bf2fb1a,JAKPEU,1,Rh,6,d51428fc93c185cc90d76d0bac694ab8556d52bee5877f53ca9985dd3cfef83f,xyz/JAKPEU.xyz,252310ba6bc40c497eafff7eabee9db32d3a939fb7c2ba3aa64ecf4d06789d3c,2,[2],[2],[],False
484,100,17cfdf2ca2c6557da1c9d5867f2c1651185620addb4e5cb7011e86622d8350b6,UJOMEN,4,Cr,6,1d521127055d0ba5ac5112b9e1e67ee9f45dc85ccef4eb09211ea9d3f2666a58,xyz/UJOMEN.xyz,cc46589848d787a3fffd3e57e1923021de874941fb21f9be239253db9d46ca27,48,"[4,2]","[4,2]",[],False
485,350,17e0a31142f9e7c76f784e28a159ed4a0d67cc58a04eb6ae525da428b9f83496,DEBNAB,1,Pd,4,163cb249e9614e4be7a4fe0a2910f06fbc64951553860035806aad0b94b98085,xyz/DEBNAB.xyz,54f4cacb17e9a63883234d3cfc1871a7fe7174db13b9b78aa568afe79d488cb1,4,"[2,2]","[2,2]",[],False
486,101,180246814a4e736fc70d73e73156ea2863065f1bd2112c14019055cd411ad511,OVOMAO,1,Fe,6,95f38392f1d7f9c3ab39b3d4beb0751140253b4abe1f1c5c75fa147fba58946f,xyz/OVOMAO.xyz,4e782103460347936df1ec6d22be733ef84b65c3f106573cfd066de28c5d3ebc,4,"[2,2]","[2,2]",[],False
487,351,182c500f0456b0a47565b4185610280031f1f72bc78f8ae2c5990240e0d3cb58,AVUBIF,0,Pd,4,7761308664f4b34eeac6bb1d541a950178da82757afd61b9941102d02dca28bd,xyz/AVUBIF.xyz,c73b3cfd4b150b19f91b28306a3d7372756243f73d6736ba60b5f3bd0a4d82c0,2,[2],[2],[],False
488,352,182d42602775dac129d2dbdb1a3e3424b78538a8bbd6ef9e0ecc588a273b8b94,GULXOC,4,Rh,4,7e1d5d82ec274c50c1bcc237a361672b093c7fca5e89ece5f1aafeb3c498e11d,xyz/GULXOC.xyz,51235f9766abdedda87de4d5436bee56e97e5e84718559e046bcce9900abe917,6,[3],[3],[],False
489,36,184238db615db9c1d130c000b0ba5516463b60fb114ab66c98206fa4a18683b9,TEFZEJ,1,Rh,5,1d9cadccd27605f09b554bf71ba619e4e949fb9ce86b58c364112d127f8b60fa,xyz/TEFZEJ.xyz,0b9a65e2360486ca9f615695712bba0fdece1d31abd1a3f56cc1068db329aa3d,12,"[3,2]","[3,2]",[],True
490,102,184bdc8a9a279862275ec25ec0ff9fb764b59fe483733e8141777a7d2857e82a,APIKUH,4,Fe,6,f3d7fcaba11bd3b8c3495d2368f430e875633565dabc6ff2047a8d6dd81d9ecc,xyz/APIKUH.xyz,aa8fb885b27c1bf2661d4a2dae9c3c6a523983cb57a88c90230e06347249f256,6,[3],[3],[],False
491,353,1860fe4cf0b35a08ce59f3935f9b598d05e7ccc5b0dbccde08bc003d95d319cc,USEWAR,1,Pd,4,165797c5d3c2c351f66753a1c5e5534b81173d2e0c06839d730ddbc3fcde01cb,xyz/USEWAR.xyz,6fb7cc67762ddb34e7f54fa4cdf3567d04a195ae7c04837bc8990e364db5a7a9,2,[2],[2],[],False
492,354,18926177911d9e9b0d8b96577b5e516cc63837d2cab75328074af2419029a2e6,DAPRES,3,Pd,4,467730b966192807c99b73649ef1dd4ff3f5dfd85af504d2d6fd36aff92242bd,xyz/DAPRES.xyz,14d90758363d5f9787d68270766cbff838e5798de84589241b68a15b25a15098,2,[2],[2],[],False
493,37,189ddbc963ff540c21d4d406f83af6e6ca24ea9ededec94436ab169d438ea33a,QASYES,3,Zn,5,0c106deb082575e27ddbf6d8b08a371f073a464937af5ed5d89c130867846740,xyz/QASYES.xyz,9edb194b74214e5d5b1189ddedcb31d25815dd58f8463bc1c10fe6735b31ffa6,2,[2],[2],[],True
494,103,18b71a1c92e44219c4a21a2b8fce1dd165962d85c627a974d1fdf806162a3c60,HEKCAE,2,Ir,6,ad18f03af67d5d0755d09b9a8b6a541a9277283402cb4ad69b377e9bda8c86b8,xyz/HEKCAE.xyz,38ee032cfbe78cacc42bc29301c47e6770a221d5071538c836bfeeb8aab19926,2,[2],[2],[],False
495,355,18d8717e5d57f681e6a9e4383aaf3b61491020a79dd98ff13a12b6e0c269467c,MIRXUI,0,Zn,4,0d670bbff20c3296943fd1080e289fd1d73fbbc67fbdd5d503d35c964c94ae07,xyz/MIRXUI.xyz,8ea614ad65ecde3e9dcde71c87ecdcba0704dc8ff96b29c00f58c53fe98a7318,4,"[2,2]","[2,2]",[],False
496,356,18da948d678bf77799ed6f222c4c147aa1b57baeeaf1a8c4233071ac508a8d2e,SADHAG,1,Pt,4,6057cae77afef5964b561ca984fabcbf0684fd27efc8e4394788a11b42bd1912,xyz/SADHAG.xyz,52acd99fe44c2b966751d64e6601604b6f23c167463c4bcf4445ad9253b4daff,2,[2],[2],[],False
497,357,18e0c9944e5a463c961ac36a9feeb0bb26ef825a0b06ab3d22be2fbd97515c64,YIRMOF,2,Zn,4,39f56a5f3b99f035d978407a4054b1e20c34937a0e5f9492c9b1b4feda68deb9,xyz/YIRMOF.xyz,036786402a6e413cd3b8b49b223e97e55f71b431543674ac0cbeaa95a4ddb1c6,2,[2],[2],[],False
498,104,18ed41c8ebc19b10152c383880443937b3c97dce08daed6fa312d7bbdd9bb4c7,XENGOQ,0,Ir,6,446d6b687d5038027e39f5bf4d214b0ea779959a73a0c51d2bb5142ee8fe3cb2,xyz/XENGOQ.xyz,2a8d5fd497da383da5d8fb95a97432f6e1e8dedfe5208f000d9460634bb0103b,2,[2],[2],[],False
499,105,18f5bcebab14605b75aae4cdd891f4838425cb28828f03a7c2194ead72149ff1,HIJSAU,3,Zn,6,e62362c19634410247bade45970dba76d2d90259db5f6f0f3b94f32199a7f71f,xyz/HIJSAU.xyz,d32207c59bdfd7b3eccf875b0111adbaf3ea975341eee50a9cd4f0d9712298e3,4,"[2,2]","[2,2]",[],False
500,358,18fd8218b9633e82406c25a5165e7167ee93ba741a72ab564cb3a610e362b60e,PITPEO,1,Pd,4,9a36ab6144d16c11e71e8970af06503c2f54cd6a42c51d3d2b385e8400d7cbcb,xyz/PITPEO.xyz,5382cef1ddef1461b3c916dc9c4a81b37c1b03860ac4ae406835b36886ef86af,2,[2],[2],[],False
501,38,18feb96ba6183bda01d10a48ec1017dea06f60c4bdfb19ab78da92c33c695c51,IYICEB,3,Fe,5,33bf8e82cc37e7442d0b6d909914ab43b6bdce352fbb764d949a92498debb373,xyz/IYICEB.xyz,1000da0660b1dd9662815ac7bee8041f802952012f66bd0cc78e32365abbde7f,24,[4],[4],[],True
502,359,19356e8df3cf950b3a5770cdc6a5b65591e91b560cf6b42400355cbc21dbc883,LAPKAS,1,Zn,4,90748074275339e3cd640929a395bf191b7a7e5c56df8acfb4eed922bde0d86f,xyz/LAPKAS.xyz,58bb9c87fff970a8a2a7af271dd97ea6a65485065060c1a93523f81470be17b8,2,[2],[2],[],False
503,106,1946334f29a36ea88dd3c5d4525dd39abf49be292a11097793cc47194eecdf5e,AJEJIL,0,Ir,6,d1400c55c2c89ad74cf03d705c196e950f3eecb33893d3349a1e0f83dbc9ae93,xyz/AJEJIL.xyz,e67e4c4b8ae0e6e04353675b9c139a85d6c2795d2bdbedd6ec9855854f50a445,2,[2],[2],[],False
504,360,194774ddc2913a5c408dab3c53b5bcabf4f36ba2ba7a55321ab99f592ae9dad1,RIXDOR,0,Pd,4,54e5b34bebfd9cc156adecfcf1b8505106319a1af45bf232551627623a19869c,xyz/RIXDOR.xyz,e1fe0b2f934cc446debabb97effe0d9b58ae7b8064241d8171296137fd6e25a6,4,"[2,2]","[2,2]",[],False
505,107,194eaaadad157b11f980f9025cbf7ff596398b2632755f8c9a6d14ed78344444,ARUFID,3,Ir,6,c84ff2ac4b12c3895f23d0c89c2393c92479fedc8a07132086a805ae90809d0f,xyz/ARUFID.xyz,f04a21aa9c93619286df94c55cd34d09dabce893379ba3f78c9d19881b1fd296,4,[2],[2],[2],False
506,361,1953011d7f58b389af13abe7b1383d316ef59881531878e469ced46a8365aca9,WICCOE,4,Pd,4,9fc5092f7205cba0a03061071d87e8dc93d02225577443d424555cf1f46e80b5,xyz/WICCOE.xyz,5fe7f205c702af839d887dfc768f28f0e37975fedd05bf471e3cd96cf82f0ffa,4,[],[],"[2,2]",False
507,362,19609658f7a04f49505faebc44a878009f81a0a98d57b75c918e4d7a396341ed,OCUTUC,4,Pd,4,c7a4d9f3630b774374972888e37984be9f7a8d938dbcb9781c0c49bcb95f5873,xyz/OCUTUC.xyz,a762b2803ba3b7a0d8a6edc6601653b562a83c07a8a4d9f720aa5e192ff631e9,2,[2],[2],[],False
508,39,196e6965d28b0a113f7d171f9b37e24a5d08aaff3f1130c5442aa5967a46f30a,YUCKUE,3,Ir,5,ffbab0c1a6729780c22c7d5e6902b8391581b1f784d81b0b743edc0003d3bbdf,xyz/YUCKUE.xyz,aa3d972cbf2f02e88775dd4607771af6bce747ff83ee8117cdb8faad3f014238,6,[3],[3],[],False
509,108,1971f995422049683c3145ca19bea7e67cc946c1e027da028609e6495d0355a7,GIXBEX,1,Rh,6,6b54600ba0e8b14e23ca11c65eeaff02a3516b74a99f9b6d5affd3574bfb44e7,xyz/GIXBEX.xyz,fd14b76945d19b1fef8483747029e16caafc8910d9eb970d039f86d00ad4ad24,4,"[2,2]","[2,2]",[],True
510,109,1978671f2d9c77535cfa545f277a0b908c977edb5a1695c78101d3dae7a94523,FURLAF,1,Rh,6,d60db2b1d836a39860c0142539c7cfc670299ea9dbc61fb6ced9bf0c07b26338,xyz/FURLAF.xyz,0e46e110580c99df89be895005fd8f6944b65c32d573e4a6cde478ed1f83de91,12,"[3,2]","[3,2]",[],False
511,363,19789daca9e58cc2305eeaf21fba30fe10dae9d07dbae631c979b22f499bb82e,JERXUA,4,Zn,4,308f5e66cda127f6134b4c9cc659675b0b4a06a27655516bf8bc875ed216e0ec,xyz/JERXUA.xyz,bb00bc64399f6e7f68c379fba5fc4b6435f46cf96643bf91a9c4c7683734e845,4,"[2,2]","[2,2]",[],False
512,364,1982b22d63ae20015468f540ab065fe6b8099ec3f3fd0d6707aac95bc713f7cc,LIPDEU,3,Pt,4,68b1be0569728567cb10ae5b1f0fc0d1bd86b2359741c181eb9b21d90c65ecb0,xyz/LIPDEU.xyz,3d8455cf0a526738cfecd86c6c1ad754b0f51015c29491e707e1f2c62eff29c7,6,[3],[3],[],False
513,365,19834f0a40f5d188dab5045bfe8989c21ec8fffcfe278fc718814b00c19ebd70,ZOGJEK,0,Ag,4,e06c4ca6e86603b087bbbc69d328535e1b06f64432db597d1ad95954699511f6,xyz/ZOGJEK.xyz,57bf0556500908761b9d7eee8d3e3759a09aa30dd0c2058ac56fb3638ae911de,2,[2],[2],[],False
514,366,198c65e92f92656e29ab799a838d610795c3ead1da521f5fb638799fbd78dc04,ASUCEW,1,Zn,4,ddfaa511d52d5591be425f77fb4777a8237639292c725a24bf81036ed7f494bc,xyz/ASUCEW.xyz,c1c03044bdb0b4b4e31bbd916db7d3406e62a3ade5bacb4459483f8b63f85067,4,"[2,2]","[2,2]",[],False
515,367,198fc76ef3c2d3a828d1669b4be83c2e1e7a5d3564ec5f2d01c232887f0dfec1,DUBVUU,0,Pt,4,c78026333ff5305d821be8473db6a967a681d8c816580f6958fbeaa55d8b762c,xyz/DUBVUU.xyz,2ac7f249ba9e444a3ba64bbfbe43137f1e5b09324f4cbaf0977b166d0b100dde,2,[],[],[2],False
516,368,1992ddce894bf050959e1efec1a666977beaf0f9d572ab75155e126cab7780b5,BEAMNI,1,Ni,4,84d2a343f11a198a13433d86e90de74ccb88ea462b0f8afc72b31c2ee94899f3,xyz/BEAMNI.xyz,ff11daf5f271a25946c4be39d114c7121d0e5351feda6ec1ff979178baf60870,2,[2],[2],[],False
517,369,19b7b6f1fc12beb26f9ef44d83255bbf02e7764fb159cee70bc4784702242281,MUBBOA,2,Pt,4,92477fce6c8bb6719c691f5fbba185869ae52a5643d6723c09a3b8efd07a5361,xyz/MUBBOA.xyz,eb660677f7280c6195e4c7dc820adee4a47d70adcbaed7be0cebde2f6efc9271,2,[2],[2],[],False
518,370,19bda2849241b1e163a721f78e800f38a16dbaa5ce1b078c218ebbeb03fe541d,OLANUL,3,Pd,4,5059e469ee6ccb78e0f3b11418f6653e4088c126e4f4d823eb4b41b4e4bfb20f,xyz/OLANUL.xyz,b754e9fffd7c30e514a497ca82070b9aa90048ab147333db588f062ee26a4a43,4,"[2,2]","[2,2]",[],False
519,371,19c8a29265bcb11e3c965e7bcfbc65af7397fe35d11ea2b1bfbbed86cada6026,DAKNEI,1,Ni,4,bea3424e6a519f08a55556c98d98f132e90ea042d2a09f1da1686c4154962d5a,xyz/DAKNEI.xyz,8207d524b455a78f46dc1c68dcc00dc925662f94745dad21f312f9aacd9127f9,4,[2],[2],[2],False
520,372,19cbd80d973d13da84d62f51cf87a80c80a7890916f3bea30390c1883b597266,KEHKEQ,1,Pd,4,dddda8b5a9c00341b5d8cf07fdfe4379bcac50b71ce8fe96f8f84efe4904e8cc,xyz/KEHKEQ.xyz,8e2403b0b5724c1af9fa74d7356ffc47df12d5a0829fcd54bf41a30a28f8e247,4,"[2,2]","[2,2]",[],False
521,373,19d4e4578209057bac7928824f7da27817540cb2ba9f86659c0738bfc91e34d0,EGEXOE,4,Pt,4,163e7c3749e2912e3172e9080cacbbb9a7d902bb3a2a8617a1915b5c98e6ce24,xyz/EGEXOE.xyz,c7fc54ecd8babdff66045e303b477d6006fad7af1ac29623e49ed6a407a8411d,2,[2],[2],[],False
522,374,19fdb62b49f7df07c52207fae5a70a92c6dc5562651b35e1914d84a8a3a43fdd,MEMBIP,0,Pt,4,4d68fda7144d4befb6a42f5c1099eae587783cc5665183a23a65ee6cde358f3d,xyz/MEMBIP.xyz,1f08a153497d0f90df65b4b400655f6c5dd69e133a72eba89b4112c810753d4f,4,"[2,2]","[2,2]",[],False
523,375,1a27838880c5f123dda3c4fb249d8ce405ba0908b756def73c663f69b925e5c1,AKOGIR,1,Zn,4,18e9a245c5bd196a8530f4088b92b1fa2883a38c233deff3960fe6fc3b921643,xyz/AKOGIR.xyz,12246ff8d8aa6cff4006c3839972128acce68ea96c06232aaec1e114e3446d56,6,[3],[3],[],False
524,376,1a2912604ed1d087aec431dc56870d8b84371137d701e1794bb8a0d9e739c23f,OGAPUJ,0,Pt,4,87769adc39f208a904b924682c8530c2bdeb8eec6f82ea3df428869d41407edd,xyz/OGAPUJ.xyz,9ea6277434e17ab823ccd4497bc7b124061667dcb7cfe30f76d130d7b2900ceb,2,[2],[2],[],False
525,377,1a292e6a3584098d515602d35bb898e1eda8fd1b58227ed962a4246a75d6c74c,MIBDOS,3,Pt,4,eda6e57fdc368a4cf73125e9edbab988b67f8635715b92576d0f0340c41a5044,xyz/MIBDOS.xyz,dbd196f92d410691c61e1ee4dad1343bcc5266f8c26061eea60e3745daf8e851,2,[2],[2],[],False
526,110,1a30c036c0252ede587e65276266bd37edb1ce9325522ac566e9cbd1e8177c5f,CIWXAH,3,Cr,6,eed0a8ab2397b1d7bdc6fb66531a374986036b498ee5a99cf0810afd753fe1ad,xyz/CIWXAH.xyz,aa2720cc2ef1c7954bb109e36e61abb3bb93a0d36e4a311f9c4b7217d9bde891,48,"[4,2]","[4,2]",[],False
527,378,1a3170f939198ca37970bd8915dad8ddcdad478574f7797745c582b0e1ab7ad1,QEZCEE,0,Pd,4,b94decb7a5e4346967b9c6b8202c85d6d04e4cc6ae0612c50369baff7b70e82c,xyz/QEZCEE.xyz,9272b6a939fe71d544176f82d0cb24946c4ae558586548613b9c8ec133e7a2f5,4,"[2,2]","[2,2]",[],False
528,379,1a34d7b4ef3328d681c719108ef220c889759e32b0d793d662d59387e5952f3d,EVAGEN,4,Rh,4,0f26c1e7d6644836e972d56184af0393b23b9f3e95ef71aedbd1e662947efd4c,xyz/EVAGEN.xyz,1267539be0f25d41e1f11d017f5426599dbcde826ebbac682b52b4fc524ceeae,2,[2],[2],[],False
529,111,1a38b6dabf9759f84498e4cf701607e0659bce40f627d2500a7ae8dfa9615bf7,DUJTEK,0,Zn,6,c3ab237ba774272e7c0c916aabefd751b97ae286060b792f1c1bb38a2f6a27ce,xyz/DUJTEK.xyz,8523d4128c3f194c896858497589502e78a3ecaaa32ee1ea2d8afe0f9f789534,6,[3],[3],[],False
530,380,1a68e23e3b8d26befb30758046eb4c29b0879e8f1cb7f113d0aae8766b8726ac,HIXLOS,4,Pt,4,6a28180277a6432e20fc8d8fb4a780f9556c2adb673e64135e679500c9e8d274,xyz/HIXLOS.xyz,6e7f9a340105dc44763224b5080798a1c3b0162503239a4005acfa19d1d27504,2,[2],[2],[],False
531,381,1a73c0838680bdc388e9fb0c1c7e0e883f9c70017bed02b37935610097c20824,BUFMEX,0,Ir,4,e2ea6ff7501ee4615dc1fd39840ebb299845110f8cc1e39492c3c20038a0df31,xyz/BUFMEX.xyz,b899b13e46610b6ebcf259c30b95e7ba5ed8dcf74e1a69b35f5e7ebce4e49a7c,6,[3],[3],[],False
532,40,1a7d20d7b2e6dee5bae9fc70fec409448795ec5978e679441f46c158f74b7bf6,TUGXOK,4,Fe,5,a655214d850ccaba0d2820ffcd2b402c8643eb233b4954714e843e66d808f065,xyz/TUGXOK.xyz,e3288627703b403766c84e0d6c7936de948b6c3bfd5fe97b8036eaecf90069f7,6,[3],[3],[],True
533,382,1a8fbb712dba0f4fb18a269a048477d94bfec041b233bc779ab9b1d2beb3efcf,BERLOC,1,Pd,4,ab88b0c80579c829772b9b1de194d698609fecd2ef40e6208e6a0caa7169edbd,xyz/BERLOC.xyz,33491b946116bf13fcb5fa6226c24e3580bf0150d292f7a3c1764d80b8193a79,2,[],[],[2],False
534,383,1a91db51c452e4e5d82f104a36477e0886a8578ead40953bd8a3cd551c5156b6,HOVRAO,2,Pd,4,8c8112f45cc67b6b8989aa05e8571f0fe69e116f994761a56723b6d44b74e1dd,xyz/HOVRAO.xyz,4ff55806d935dfd236f1064bf02e4c56a32f1a38a8c1dda24c71d3a236063f11,2,[2],[2],[],False
535,384,1a9aa7ced0ad961c36472e6682f604b38bb2f25e50d5720e7ad9d130b669532b,NUVPOK,2,Cu,4,040e9a43313ecfae242cdd200756ecd941d20c54e260914b3caa923d4d1d22e4,xyz/NUVPOK.xyz,95085c390451a4ee2ac432c7cb853c81c39654952460bd7850595d22688fda2a,24,[4],[4],[],False
536,385,1abf4c30df9881480cba9804efe2a5c7224add3f8bc1c8b9e95742d7359ed5ee,FEHDOM,2,Pd,4,f41ec465b11cbe7c3fe8ec220062b09aa8046de66faf516eb8d52a9c9f91bbe6,xyz/FEHDOM.xyz,f76e92a27dafdeec931ffd3c486d58a42453fa9457054f63bf232cf6c0e4e0f7,2,[],[],[2],False
537,112,1ad829d47e817c68466562a5201c0ee4368ef17f0f83475ac9108f72fa6f6014,KUKNIO,2,Ir,6,94045c3a9b1e1d23cc797b42b91829d22351a45c19cb326a3c2cf5780062aaff,xyz/KUKNIO.xyz,af684659bc6b87230217fc072ede8df1127ac9edfa354b4a8501f4f87bc93f11,24,[4],[4],[],False
538,41,1ada451ee1e27372f14b25362771d74fccd3761b686db12ad853289436a00ea1,WABKOZ,4,Rh,5,41ab7c4f6ff3677c21aaee43dd3841d75f9863b82171d13f4905b4d9faeeef2d,xyz/WABKOZ.xyz,1669169a2f446c97499502f73039430757de2a60caa3fef3318e9b940081a352,4,"[2,2]","[2,2]",[],True
539,386,1ae134bbbf878168de0a7022dcf0a1d7f4999e2cbf27179ae4adeff95befa174,VILGOO,1,Ni,4,beb0ef5f878e13a8995f783b6ebe22ef55d679344e9226103017700d71ad01cf,xyz/VILGOO.xyz,d9f4d17ded6acdabd5e2a9e57ac41989db998666d11f8d916e4a8f207cb56918,2,[2],[2],[],False
540,387,1aeb3c1a3fa8a019abc02d7937073d0674bd0b5ab52d4dc5224243c955b33666,LUDREJ,1,Pt,4,2801517b3968f828ecc423fafd890ea5f802e4c9ef9012a97f827ad159852bea,xyz/LUDREJ.xyz,4d306195a5abb797300f3918e9057522e5c8d676455fb0bc3e2787c5c49a6287,6,[3],[3],[],False
541,388,1af4c95794f94ef2315e3bb62daafd30ab17e06a9a98fb6d66a753abdf0eaee2,MAQVOQ,3,Pt,4,0a3efb9909fc503e6312620031ef6f35301e5fa26b91fb3e8ca731aeeb00f053,xyz/MAQVOQ.xyz,ee9a77557aa7a8d3c9433188467afacbf0c7120295e94662be293b57a10ed0dc,2,[2],[2],[],False
542,389,1afcb937c703892413c32245bba2351e699ec68f86a88e9de046e294f4241553,YATXIC,4,Pt,4,de6e45ddf4ddd48aad366b35374c7fea7efa7b86d33914ba10731b5746de7bed,xyz/YATXIC.xyz,5a0308481d2e24e3b45144e1fed30a34ba1aa6cacc97c703fcaecf7db9b9955e,2,[2],[2],[],False
543,390,1b0fae237328bbaa7dae1b6ce72c823d39637354caec843e118a4ada2570f375,PEQWAM,4,Pd,4,945de965d84245fbf6b2c92fa8cb795150a95706a3bda141d5c3bab8a35f2c2c,xyz/PEQWAM.xyz,972a89f35591a169414270e907bed9465c8748344de3c5915d72172d66beac4d,2,[2],[2],[],False
544,391,1b14a9a98fc38c38162d3c77c04ad09908aa422a29e4b1a938a8b8521c189366,JOPHON,0,Pd,4,9f66af4793dd5b480ac317dd89b22d3727e9d7ff3736b08212ba0c97f37e7366,xyz/JOPHON.xyz,101389e8a3623d150295e3365f92f2f646265e1e661e4205c984521f14329291,4,"[2,2]","[2,2]",[],False
545,113,1b17a050f480affef55200ca6b4ca38d513489120d58d1b614e27e6a8e15081c,GOVPOZ,4,Ir,6,09c6e617920aa3c20fd33f4ec82111c449fad5b377a39e5ed623d2ff6fa700f8,xyz/GOVPOZ.xyz,f88836c21533ef14ceba7d48b42e859acfbd4339495907be73e30771deb64d3a,2,[2],[2],[],False
546,114,1b288b37f671ab6692f1263eebd071cad32804414b0cecb648d4ba78e88b58e0,GOFTUQ,1,Rh,6,c63a33ae67f57faf8b163a727bb5372ec4ee8514b5a3b44914a99ca3898a7474,xyz/GOFTUQ.xyz,ba642007e68c9e96a5884cd1dd5dd1e9396b0b7ac85bb92d475313a5f6f4af38,24,[4],[4],[],False
547,392,1b29b0b99d30a10f9b9dbc638d55765509911105bc435382cbf1826f49a7668f,GOFTEC,2,Pt,4,02b8508bbf482bdb125872d67b738e7978c26c523c8cfc33ac712324187ac702,xyz/GOFTEC.xyz,badaf52025c3c82dd4f18b2342789caecfe84a3d0de5c5d15d1262bb41f6be36,2,[2],[2],[],False
548,115,1b2f661f25ba9aed3b7b983e145c86c2d0a8d0f0814779c5964f385f4877d1da,XUJKAR,2,Ir,6,ae85229d397681b1994cb6fdb4f06fb85c1f763074277c80bc14869b72cba2ef,xyz/XUJKAR.xyz,2f0297ed7a7e0377818319ec6659ed1daae7341f1f30ad6ce1c4776338811447,2,[2],[2],[],True
549,42,1b336f3a6a25041234b8ed2c76d671063b00f4c165cd7845c31cf9ba7e137be6,CIKLIS,2,Zn,5,03631f57bdd08388e4f7743cdd4fb0892535fa2f9f88112a261689743f876082,xyz/CIKLIS.xyz,36c4b1394242e0228af0697d957a23f75d61656957b1af27463ec8fc6cc0efa1,2,[2],[2],[],True
550,393,1b44b8598ed0fe07aff078468066655c9517861a5fd1f858096db9ca22958199,FORNUV,0,Pt,4,44bd59e7176ae4d3f495cf55b88a4fc4959200e1f32609e4ff940bf11333ab79,xyz/FORNUV.xyz,4951ed15df50067640c73d2ceea7aa9dade85008730b0606fe47c55cf52d5de8,4,"[2,2]","[2,2]",[],False
551,394,1b4c206d1c70dca0a500a673d1a73a635d165d021a7863a2c856ec812f0b3a49,JECLOW,0,Zn,4,e1645a9a3108472860c3f168b060de151d1e5b4c39a7798ed8ef31c5a43d0e55,xyz/JECLOW.xyz,db1f5d67277e159e5379c2f0c74507a12d98b8f89e5835b8186dab844f92b7a6,2,[2],[2],[],False
552,116,1b60f69e3fb3a29cdf20808083a4772f0605f330717e826fea7374049fc3e787,OLOSOA,4,Ir,6,e7b23f6677b70ca7a99620000e81803784f9231e70efd7c8a9d1f492635bfd5b,xyz/OLOSOA.xyz,5e27388a805f1a242c2e6b1e7b080cfb8a2e76b6f42edf67103bcf162757eaa0,2,[2],[2],[],False
553,395,1b610872d0b53951f3cd8feb259b5e3bde89b67bceeabe7b18e709544a65d886,ZEMPUF,2,Pt,4,c6656054a031e277463434ff85650178046469b82b999d6ba5d91606334c31b8,xyz/ZEMPUF.xyz,daf2edad860de95c7956f0209286ca8d8b2c3e5ae5969e3128caa15888ab4414,2,[2],[2],[],False
554,396,1b6143ac57a1bcc069103143317f4716d397591ed7911aa1d8198c470a2d9dba,LIRZOD,1,Pt,4,ae51ef79f1e177d4c167ba9c0f5b6ac70af81c6e95f2988a2b6ca639c23f7654,xyz/LIRZOD.xyz,39f91a96d775ebff20f3814e9ca4682460e1d8ff7e262137bd5dccc9b55abc9b,4,"[2,2]","[2,2]",[],False
555,397,1b79b2338f0e566af9400c031bb3dda910e166bc8761ff850fd5d4509bab175e,LITXAQ,1,Pt,4,f4549f6c7ad8c1a934378bc29ea1b3d5962adfdd1e16e72ad17639bd93197fa2,xyz/LITXAQ.xyz,14be1e34c9eda9833f148bf6d5e9ab7469130e736c092727c9594cf11474f64b,2,[2],[2],[],False
556,398,1b7e8f29fac89d8e8d029e9b20068b722f573e27a6e7e16c2ea9bd488bed793d,IRIJOI,2,Pd,4,9e13aa90becd2d8a2933b37da952b12f16c3685f27c4ba9890fd30adbc09363d,xyz/IRIJOI.xyz,cd3016d7d176cd5b99f756f994ed05f216572e50da22dcf62f989f7ba7a11b92,2,[2],[2],[],False
557,399,1b82d83a207daa2b0ec950c47dc41ae5820283bfa1fbfdf9edd56a4786ca0ef0,RILZET,4,Ni,4,334ff21533826327e583d27c74912697459d8b8d520615215a3cb855cb7a0b09,xyz/RILZET.xyz,485f92b344172fb45bbac166e5368e937c40942b2f4c9783a164c5cbc215e0f1,2,[2],[2],[],False
558,400,1b874c5a4236f0f639a52b1167fa52dd1e2fe5e81e14a23c1a48d424e2d841fe,RUZCAR,1,Pd,4,0b7ac3205d015eeea142d154d63a95708e244a63fa1d860c06ecdd4922c1fd84,xyz/RUZCAR.xyz,6e6a09eef5577985c7146f4f7fdba2a81fc8c1605a1b80de8094faee0e64628f,4,"[2,2]","[2,2]",[],False
559,401,1ba5d9c57ca608462b40c5343292bcbcada19e1ddfd72fb83521aab14e8532ce,BAZZUY,1,Pt,4,9f56f28003696a8ed268dd54f871bae6079a9e7ba8fc743781a900debfcd90d6,xyz/BAZZUY.xyz,167ade72866c6ceab4f7655a4a01d78ea6f90d5346e486d608cb8e0940fe4925,6,[3],[3],[],False
560,402,1ba98b97517ed86daa9cbff3d404544af1e3180f3915680be5ae170370206a66,DEFPIN,4,Pt,4,854e78e3508a8533d35a6b85a7db12cb550d666ae206f2436ba64e2370b44952,xyz/DEFPIN.xyz,fbf179c61baf842ebcfefcfa7dd99012e1a3698b82343c286bd5498ee52bbcbd,4,"[2,2]","[2,2]",[],False
561,403,1baa311d6388b9cb688825285f55ae898cc5b370bc1840a9c86673df215117a9,RANQUU,1,Pd,4,a3c55ab14a44c41e415222db278accc46b9914f2ec54e49f4b268db7b2eace17,xyz/RANQUU.xyz,20ae6af1137111b6c300a170aff36534b5ebb48177f55c326ac1aef9bb11c439,2,[2],[2],[],False
562,404,1bab1b2b10c6303776caeb8239653faf24f24f29b22fc50b56e3e4b67dfdc968,XIKNOV,0,Pt,4,bc1b5b251f6e0b15a6fc33feda9d0c47c56260dec503e2e4802dff60515a46f8,xyz/XIKNOV.xyz,035c56983d0ebfc5f4e25f8734b4c111851bc4d55c97e7ac8ac88a91b2e81488,4,[2],[2],[2],False
563,405,1bb37222e27a0658f71c580483a61b8b6afcd71bea94ad444bbfc73439c38412,LIGKAO,4,Pt,4,2aa4347cad011fa2072e5a6bcd85988e2b6ed97f6af97bb6c0110003a03914b5,xyz/LIGKAO.xyz,eb91f9d451abe00a98937cff38f0986bc465864bc12203b14337e2de2d6ec1c8,4,"[2,2]","[2,2]",[],False
564,406,1bb4ad4eaf8e748fe801304bae42a97cad690360772bfa181fc93414e93b324d,EYEDIW,3,Pd,4,0bbbe582e52fc767dea3aa6a39d57ae461e038294e5443cc0718bb2ee982ef2d,xyz/EYEDIW.xyz,0894d2cf58cb4ac69aac2dc7474b4f8604d240e6d8cac0a7681d9cf0c793cde8,2,[2],[2],[],False
565,407,1bcd8babbcaafaa884027f8f37d8f2aeff9b656a3f049fc1b932188ff205d616,NOMXOE,0,Pt,4,d82162cdee09dd7b8eb676e57d8bdd64595401098d99fb3f610ece832e37972c,xyz/NOMXOE.xyz,643da04a5675f53833330f1bf56137d82ad0eaf0d6ccecb6b6947f8ea05997f8,6,[3],[3],[],False
566,408,1be14b2f294cb22f70defb874ef4ddde0029cb2ce3d62da668c25ee1388e7646,ZOLMUI,3,Ni,4,cab09fc432e4d60913cd85982513f3f520697ee21b0b9e28f40bdc0a3621afbe,xyz/ZOLMUI.xyz,d73183be1e61b153aed0731fa91972e8f181aeebe381d672bc21a3653e7f2b2d,4,[2],[2],[2],False
567,409,1be74d6b1397b62b9d7648fbe72e1263675a593f1ba18228c952cf23144c313e,QOFFIA,4,Pd,4,ddd587513c625384db8838ac153ff4424d639e07415cbf9597ac6f66cc5c5616,xyz/QOFFIA.xyz,f73501df87df1853b1da23cfacdfbbeacb9a35236abdd91a6e5ac3986cc32f42,2,[2],[2],[],True
568,410,1bea407bc07b60dfe5ee879bc6f6bd984ead7b2ebbc6327a52271c9e0ca68438,WUWBAT,2,Pt,4,fec7439ef249c7752398c52cc5c1c2329b2a531d83cdb7f64a737d06f0f07854,xyz/WUWBAT.xyz,f72e6b66b2e18fd27afb072411e4de101c801067be4a18d3c16a77e1369462d0,4,"[2,2]","[2,2]",[],True
569,411,1bfe911ee50dacf947556dadb3cceae851768aba05b36e0dd9246a1b09662ae7,OCAVAT,3,Pt,4,61d1f0cae4f14ec7df7de5c29213fa2987111762fa7a862bb7616fba321018dd,xyz/OCAVAT.xyz,034e08157aed08a6c9ac223ec5dd50313b423623e72e381c8c29015ca14b9696,2,[2],[2],[],False
570,412,1c00501bc00dec56ac9a89dad56d05272c24265740ad231d2d96948a2de3eb12,PENDUI,0,Pd,4,19746b7570d24e7541f9d888b95370cb2f81cd851a6c4d15c97bc515692ede9f,xyz/PENDUI.xyz,6577833070668455bb03abee59e73519f4dd4939df4881c2a12a2ca91a406b78,8,[2],[2],"[2,2]",False
571,43,1c018d91e61624bc900fc7a7b164707367a75cf03b23f83e4caacca326caa187,UNONIX,3,Ir,5,9c3b3e1931979813322084704757dcd83d79cb334eaa20048d63951310d7b5b0,xyz/UNONIX.xyz,d415b6cdffaea1702851e85d019bf260928bdb4f44826239618aa6a462239c31,2,[2],[2],[],True
572,413,1c12f43348f6c4805de3b9b7340af5d8a0c1bab6a6ed98b714142dcf3d8facbe,KAFNUC,1,Pd,4,c92ef0c330c6443cd9657a69b7c9d0d28949588c0598eb5fa412cabee73769bb,xyz/KAFNUC.xyz,64c79df63c5e20b5d111af49c518d20d7fd64d2de4a00f9e10e86049225f2aed,2,[2],[2],[],False
573,414,1c29f8f5a103b5a477f3b1571fb018c5165651b83da3f80f24df9d617f8457cf,CALDIF,1,Pd,4,ab90590612e5f668a60d5aa971f66f6fac0bfd1aefd2e5128f001e6f79cbd799,xyz/CALDIF.xyz,50e540b9d2fb0c64879fca2665f4cdebe38c3995e9be4fea5f325f27cb8ac8ed,2,[2],[2],[],False
574,117,1c3333f72f71e9407d6f99bf6054bc422b4e7154c4b71685d2ae6ebae60e1d9e,KIJSUR,2,Cr,6,22f32b30607429917729d4cc35e85edbca267604cf822881d53dbfd9d95619a6,xyz/KIJSUR.xyz,69064e6c4d3796ea930371323e43f293c4ee2b09b91be3c9612267e742738028,24,[4],[4],[],False
575,118,1c3767a4207f037edfaa81902fd836820c8f29d9ca7879fb94d544b862dffdab,SAGLIZ,4,Pt,6,173ef068ed3e8836ffabf929cdd8b32a878882748d11a1b6988a18b8b3a7b160,xyz/SAGLIZ.xyz,0538111a4b919bd17a4971396afd4ec5e216724f75e88f869a4d1ff153e175b4,2,[2],[2],[],True
576,415,1c394ca4950bf2caacd03e63aef42b6518c6168fcb2f43dd823cdce71d127002,OZIPOF,1,Pd,4,ca901ae84912831210be10fe8b6d4a2eff10f6e4ac3dbd68de6b0fa97cc21441,xyz/OZIPOF.xyz,e38ddd12332c7487150c0b2dac000d245886ae88f7d8c31e25afacdd28d74714,4,"[2,2]","[2,2]",[],False
577,416,1c3982e4a9a9308139adc5ee1ef19c2898a0ff370a074c85eba58e657a4214a9,SIWYOP,3,Zn,4,ad187789ef68fddf42f0fc04fa78368d2e3b3231ecd435883e597313ded5fe78,xyz/SIWYOP.xyz,d54544c87562c041c2594fd721376de001e23dbd003dba47c8989fe43a1d716a,4,"[2,2]","[2,2]",[],False
578,417,1c4e53561ba72d083daef8c502c87bd3d999552de3ef128efb9fb9fe3eec84a1,OGABIK,3,Pt,4,f5649efc09a280de5d447f1a5bbbcd2513fe8c0b9aa9e7cce71be8060930984e,xyz/OGABIK.xyz,9a3ccf0657f7385216de0859697d5b5f1a2bbedbb5b2e82715fff804fcd6b359,4,"[2,2]","[2,2]",[],False
579,119,1c623a8cadff6243f19ce44c5089b0368d8f718f1688071add30c70e958f1c8f,ODADEF,1,Ir,6,7cf0e6063f83df34ba75917f1be77feb4a69d94117c390d87a26c460831b40ad,xyz/ODADEF.xyz,87335b0947ee32f1fe8e6ac21deb4544bd85a7ffc389f9050ff69e5b10bf54a3,2,[2],[2],[],False
580,44,1c6af00bbef2b1271152930ea2e53aab8047f84a08f6badc16bc6c10c42f7dc6,VEKFUQ,0,Zn,5,6e3813db759d84c9523c1fe47d3f7f81f9dd67a632d68e717e0ea158eda1f17a,xyz/VEKFUQ.xyz,669888c6cd4536c7411c36d2fe9872409a3e22575f6db01766df5779d62c9602,2,[2],[2],[],True
581,418,1c6e8c807f0d0753cef3e6c7436e7ca77f3b394b21b4460bd1774686fbdae201,FEGRAN,4,Fe,4,a98b0895538c9f44a5e33ae578d0c8b499378a3fc4a16c889d08043133d707bf,xyz/FEGRAN.xyz,bdf7cb73c5c849e3a3a4cbbf640b1cb307dea3334e24ee4983f135ce511c33d6,4,"[2,2]","[2,2]",[],True
582,419,1c71111b37e465d19c8327cb16809eacab62828944ad85d6147a1f6a22c0d309,BATTIZ,2,Pd,4,a242f20301f0d3f21d54810b00dd13270e2b3c087b7de123aa2b7fadfc5a73c8,xyz/BATTIZ.xyz,457a94d3fe328ba2a933eda6686d6cada5757bc203545bcc316de00839bab450,2,[2],[2],[],False
583,45,1c79190dca5ec1ae4085d659367919e4113a36a980777c4f16a5a027a66a26e0,LANMIW,4,Ir,5,973bc251c4cec500b93b521c4b27363820277b51a95a810bc9004d0fb4c89a8a,xyz/LANMIW.xyz,3cf0cc155bec50b6704c58ee823c7eda393d9fa57e3ddb3f3b1f275eb4cd3531,6,[3],[3],[],True
584,420,1c7c21e1368a15d22a8efed21edc38666f6c74e8f24ba514c6062481e3e25280,GUQWOE,0,Pd,4,391304c254a9fa102ecb2cd9c38b1813732b3e0b0b9cc636bc1b6735dc8d6f62,xyz/GUQWOE.xyz,d71e1111e95cdfdc927655ff96fc273162d59706fde49078ece2d510b727f6d4,2,[2],[2],[],False
585,421,1c80581c3097b7026db2260f7fdd689c32f9f7b001cdf84073804a2da5e8c3a0,IKUPEK,1,Ni,4,b1dc7b261a9bd8c1bd59deaa789c33139b3d4dcc95f11c599272fad179f89a76,xyz/IKUPEK.xyz,7447443019e11e93a803dd59ee358555577a742fa58a63b5f42454ad81efce6f,2,[2],[2],[],False
586,120,1c90274e6ae963e2c52dade6975ac76f34bdf2b3f92cdc3169a96853df542f68,DOQGUN,4,Zn,6,a16ccf9a5ccb9efc240538b4088a86ad82b48f9cf7411e4aa975370b78f25dad,xyz/DOQGUN.xyz,46d32781e811f8c25860974536fd35861e6c641a698ea04f45c526df038952ed,2,[2],[2],[],True
587,422,1c9462ef266341cc50c3e18011a4a72e05ca49ff5498f0aac994ddf6ab8e0558,WUCCIJ,0,Pt,4,0a576ef143180d1e093f779f8fdeb6c91b2507ad6047dca964f9a5b60d86c676,xyz/WUCCIJ.xyz,e747d76c6010aa1ed5f98ba6fcdeba799acf78c44e4d0f278f5959a3e15de64e,4,"[2,2]","[2,2]",[],False
588,46,1ca1d1977f72c029d77d3ce3975af2dac158e3df4d0fd78b8ac9c061910b4992,LONFUR,2,Ni,5,6a62cb70b746e808cfc6cc75b3f3ddd00ad58a6f9ba15dfe078673d130a02a0d,xyz/LONFUR.xyz,60d348931d61186a4fc80d6860f4297bf5e43d8753d8a58697edc7c4241fb0cf,6,[3],[3],[],True
589,423,1cb3d082dffff1a7e06bd4d71eab4bf280d0f0e5ff0e6f89967557e913078816,WIPZED,1,Pt,4,3f4760b52f277477da9786fc7b308da4022c40a2ad6717c5e9e71b58cc327f92,xyz/WIPZED.xyz,2ef8dba2e7df2e122dfa3b95852b579c5cf49a3b3e1726d12a32de5e61ff4822,2,[2],[2],[],False
590,424,1ce72d2642bcbe7692305f9884e9f7790b687ce84aee6371d9254e798cfaddda,YOZFAV,1,Ni,4,5d2e09ddae1667b97ab17fa086c912b1c7614a4bbd1cc6a04e49e2d30f394086,xyz/YOZFAV.xyz,ea53ba2adc490be3fe112cd682621de175cfe90623812e3890e917a2f0279479,2,[],[],[2],False
591,47,1ceb390ed015fc5f298810c1fa22188507a2a66029ad723540e65a75a739ec31,JACCUP,2,Fe,5,fdd946842409661dc2dcc0644ca7b213e5e69dd475146997b6c7df2fb5c9f1e9,xyz/JACCUP.xyz,d42898de35ef5d0776b0cc0e8f99de2952b526264728c01f9fa1ccccc7dbad1f,24,[4],[4],[],True
592,425,1ceba05a80df398c764613b8f36cf25f289c6895b0552fdf5933a41aa58a9717,BIDQOY,4,Pt,4,b888f4c01ede31ffc5971c80194ddd191ac7858c290c38e64f9ca8c6fbf62a13,xyz/BIDQOY.xyz,d18c21d16bb07608ddad229419a48258fd78493d38c4da849b89e923f9b95624,6,[3],[3],[],True
593,426,1cf9a23c84dcd735dab66af03bd44bd7318d195daa2285308efebe989fd6bea3,BANSIU,1,Pd,4,d709c4dae361475d13a1d5de0a45591df85438cb4f8cf7941aab0e7c3aa82ae5,xyz/BANSIU.xyz,88a8b1d46d6f03cc0c97841edaeff6b1a7e4087e43a6dbff7e4c3906d883a751,2,[2],[2],[],False
594,48,1d0d87221d4dae62a39a9da4f6ff4e6b805ebab19f2f17159208ef01e33e4147,BISNUO,4,Ni,5,cb73abcaaa9e95ab62646b4f5a6b487d238963c0cc421f30c951a5f2a099807a,xyz/BISNUO.xyz,4e454a4f1ebdfcf923395ef9fc50849fb19e2d7c8ffbbd55bab5912d4449ef2b,4,"[2,2]","[2,2]",[],False
595,427,1d101207c2fab810a56d0d37f101c84606a9e97faaf777e531fa8c9e2f66988d,FUFBUD,3,Pd,4,769b865507e6dea4c3347289151a6eb4de72804d23f7def0ea64480da656f32a,xyz/FUFBUD.xyz,44255b63f25f382c73eb39b331087eeb8e253b6451f34747b655aaf31a3f6237,4,"[2,2]","[2,2]",[],False
596,428,1d110072935b82b0fba453544819e1fefd7e834c6610076f9e84de1521b445c3,WAJGOF,4,Pd,4,492f46d1f87fc0671660267bad485312612af1a452c7031aa59e16680c251420,xyz/WAJGOF.xyz,ab7aaafda98996c4fecbe601c67ac09671b58d02066db2706edeb700ec39618a,4,"[2,2]","[2,2]",[],False
597,429,1d2093a88ed587b49abba4e75562716f36c99584a7e3a838d618c9651510bea0,EMUQAG,3,Pd,4,4adc71346a3bf22158eb0b8aa21680172aec846e1c89ab181d16b2e162b6c22a,xyz/EMUQAG.xyz,036636eaca3e39b7e66fadc0fc2a242701f7692a657a488e65115242a72c71aa,2,[2],[2],[],False
598,430,1d20e26b3c57dccb5679233d58b0bb41e12fd728c390ab2845aa36528c9a209b,KAHQEQ,4,Zn,4,4aacc35ae56b8d8d6676dafc3ba3b3cb687497b33503c58cebf6e9155832c123,xyz/KAHQEQ.xyz,31ed1e4520b49151d538fb09da6aeec45ff2454933438a016de7499449f1a35d,2,[2],[2],[],False
599,431,1d2351adb40943f7a8cdf9d1d9525a79d36f7059ef8903929bb4230fa751760d,AGUFIT,4,Pd,4,e38f032f820a4de2a04d7beff451d86cbe1e40bd4f1d8d23fa13e43a80255bbf,xyz/AGUFIT.xyz,d1bd5e819d483fcdee7cba1e14036ac92453d4019f9a287cb16982da273273f3,2,[2],[2],[],False
600,432,1d25ac1f74cbe659128691a8cbe7e85a672b3afefccc4b80cac00e19e307e595,RUZBUK,1,Pd,4,ab39398c895902f636452e86f28e4c14572ea2c2b80ede32fc3d25fa5ce05485,xyz/RUZBUK.xyz,b54d629c1693c96750732168917f3a01d8e77025d769b30d592542b11b614f1e,4,"[2,2]","[2,2]",[],False
601,433,1d26b83ea2b778ddedcd96f6744d764c2f442937ca259608762a11e271962936,EZAHOC,3,Zn,4,5ce27e032f04064ff013c46fdf36cd220391824c03682be659f8c39e498a6c12,xyz/EZAHOC.xyz,1b24be9da0bfba14f95bc071b3c480776e754b3651e15cfa01087cbe21aca1f4,4,"[2,2]","[2,2]",[],False
602,434,1d5701fcc9c75e4b527b976e1169f2dd4a33842c1f89a430bad78a6c22076629,SURFUJ,4,Pd,4,47fc983693606e75e4f147de4a5ecce7857c669529f3e6a7a49f4add76074a00,xyz/SURFUJ.xyz,a1ab2539998794453979f50b7dab48cc960d07e1622814e58c1da0c23891e748,2,[],[],[2],False
603,435,1d8290e7d8f2cf2d1965a06b4c898254ab6bfbd5170eb8bfff18a61442b34643,CEHTIV,4,Pd,4,967b682f79149ce2a1aeb94559e1c75f36f79f3a8457ef54d9ee575440a2d53d,xyz/CEHTIV.xyz,f5b1da0ad1f32069fea812b90f9cc9af7ca8f93e1970e992e793a3a204cd6cae,4,"[2,2]","[2,2]",[],False
604,436,1d904d51c7890d3443dd52f92202ff15009d3bab8fe9a20cc51fb3af5121baad,KEXVEQ,4,Ni,4,e77606189ad2655f20beb73d3888c051a237dbe7559c32026fb6866aa40bd1e1,xyz/KEXVEQ.xyz,f50552f6921d406051ad0ab971290dded44fabb162ca5643edde5148e0a80ca1,6,[3],[3],[],False
605,437,1d936b2183845d2c67c0cbce75b71559d53e191f6e48268e0785f82f3af983a3,WENJII,2,Pt,4,81a2dd557feddd626cf32dcf26d9d18a2daf8b77a44e23dfa4092912a60af5d8,xyz/WENJII.xyz,5b7d0270dad123fe2dc00fd683fffe69c35d0b8070a4ee95846606b74827a661,2,[2],[2],[],False
606,438,1d9757405883a83d25f73baead7d17ee7f40f48b890843d161d50e3fdd1675c8,IKIDOX,2,Ir,4,578e4cee288cc7c78bcf4b9bee24d5762b67187de30140aa504d94a62d1b018f,xyz/IKIDOX.xyz,13cf36b0a0daa3b72cb096eadf5685d7b6efaae8ef53c03e95423efca6ce94a2,2,[],[],[2],False
607,439,1d9fdd087d986a5aeeba3d8542095d8cc5f6f09ffc10cd21ae210de3578fec65,SICWOR,4,Ni,4,df65b77c55b66b983ba9aa2869ac3b96e7826ff6c9ea3993d937f6b8cefdca52,xyz/SICWOR.xyz,6bb866bde098715ffac6b95f019c2f43b4df19b53ced37d8b901a36ef7b14db7,4,[2],[2],[2],False
608,121,1daa0b9d74f25a2f965d46fce7089e2f77469142bbc211e31d298bc9329a1315,MESBES,0,Cr,6,24e55ca88f159b3f6a7110c5b84e426d8b230db74d10676c36a373bbc7aa315a,xyz/MESBES.xyz,bc7514efcaad9c320b601c6f1fba38d70661eca945a078837df51f4cb78af554,120,[5],[5],[],False
609,440,1daa58fd7fa61f9c4ee5ec7f32c4c2218f70e58e825741922836574d35a015de,TAHVIH,1,Pd,4,139429289505fdafe6722552a8fa28196f788770e9a8cb32ca471a2e3fbc3dff,xyz/TAHVIH.xyz,137e44ad512dd2edaa3abbe16bd848082a3f822fb06c15ac5d9a1f3e538d1d73,2,[2],[2],[],False
610,441,1dbbe007f18d4334b0839ba74ad1b3f86a08a9d224e9a042f16e91c9f7aa9db9,HAGBEX,2,Ni,4,8857d0d81048cdf2767de4086dce1cf85b388790f7bb8445cd22b446d2cb856e,xyz/HAGBEX.xyz,52a8c62d7c2d166d875addff793f4a0cd3733489903886c206cd6e843dab491a,4,"[2,2]","[2,2]",[],False
611,442,1dcc8b3b8dbda30d5cb59f703a15c3ed618d09bc931bf55054b4c70922cc7c86,IRUPAM,0,Ni,4,bc8711fb3ecb98217cb594da0be744a60d672b265bfa281a2c1cad938d56ac41,xyz/IRUPAM.xyz,be8c6a55024eeac75b958993b99af35d020901bd402886cf0fae31119355a2ec,4,[2],[2],[2],False
612,443,1dce276e4cc55e4b9e7ca8bb057e28a0d2505b2e78578e7f6ddd30d6fef3a92f,HAZFAS,1,Ni,4,a169b29e1598b28750309a635f27f8e907517ab54d756d65df6b43a5091181e0,xyz/HAZFAS.xyz,384091271bf938c217edc9a415fb5796be83f1286f4ac246d00182db667d8aa6,4,"[2,2]","[2,2]",[],False
613,122,1dd20368903695274eeafbe0dd914783e75860312944c9130e1537f2af10b6cb,ITIXOZ,2,Ir,6,da398f00bbacaae21ca787aa3d31da4e4f325bfc21edf483994beec581761477,xyz/ITIXOZ.xyz,ba427429cef498d452b122c1f11382be20ee2310ff561b1fe64681d8db00a03c,2,[2],[2],[],False
614,444,1dda54192a9e968a694b6ee9d608d0245ac615dc57a09da77f9a9bf063262048,ZANFOJ,1,Pd,4,c5c28b7b161fe6f733502c388af9bf71ea29de023cd873ac0296ab41e57cbab0,xyz/ZANFOJ.xyz,5a1ceb3dda7e97ebd93d38bbda1a01fa4d61abbb608b32946890aa51f6716091,2,[2],[2],[],False
615,445,1de0d7067403020c02dcdd380c9c1a1e0116ec9f8729f9b974ec46b406ba06f2,HAKYOL,0,Cu,4,edd42eaf134f0b8ddb1c364bbe6eadcc9aadf917ea29583a1bb966c5d48309c5,xyz/HAKYOL.xyz,440d4dbf1644c49ab19a404b6f6942a15da86cceb6890966d59bf3f6d7bc1a8b,2,[2],[2],[],False
616,123,1dfdbc894a51376511b6c1cd01c9cce89b19966b85b417388dd4cad522d47aaa,EFAKEF,1,Fe,6,ed357498bf42f3e1b8e1d9072349865bb97562615a089bbcd58810e7c388d92e,xyz/EFAKEF.xyz,aef8abf5353e93dd8b12b964a014df0e95d5ed3228eabb73b7d5f5438e40e031,4,"[2,2]","[2,2]",[],False
617,446,1e08ba442e23abf0e16d6164860e41fabaf067fa238d16225d0d58a12a9e37c8,IWIDOI,3,Ir,4,68b0ef73bd18164c5a94cb4f01cfe3371f6e4754b1184ff5e5061a296f08d442,xyz/IWIDOI.xyz,2453827f798b661b41bd72564d6c5e91decf8cd9a89b42f284d4e95409c0e860,2,[2],[2],[],False
618,447,1e0e3c41f1f3797b8d579aba640d2739d31e1fec3dce8262cbbadf83e866c299,JIQRUW,4,Pt,4,f289327e9e61d7c720f77230e32df88178bbd7d95c77e11ebd58fbacbc072776,xyz/JIQRUW.xyz,73d9b89ea0e6798662ad18a8e3e54cfcf624f6beff09f6233d942e3576e1148a,6,[3],[3],[],False
619,49,1e164a98f2b497b32de745b5760df615a47bd8126aae4873cbcaeb4b19f14c94,YUYJEI,4,Zn,5,df613bcef1c0952ed7902e761976459cd66096920db7191d2412be498d98c1a3,xyz/YUYJEI.xyz,188c8c229a8281101850dc06e56e332f7d8b04235e4b978931f8aa609fc5bc54,4,"[2,2]","[2,2]",[],True
620,448,1e1b364fbbc1e9c59a6dfb6dabc46023eb97d5b99b615c2940e948a75a11642c,UREPOZ,2,Zn,4,723c4f65be63bcade0d7497f515aad01ec70d5c661dde97d34d3acd284dc8ba0,xyz/UREPOZ.xyz,9d54e156550b535f6220570033b9142aa28b22e369b93b973a76a8d25ed71b40,2,[2],[2],[],False
621,449,1e1d4f989d58a4676165a7bb46eb16f6cfa38f772381c460c0df474ad78a83e6,VINPZN,2,Zn,4,e480a52d7288e41c441fc165c36f5037a0637f29dc7b765d9e168f6bb841d65a,xyz/VINPZN.xyz,8dfea7fe349a8e69435ec93d269498dcaab72301e76eba12e10a81fb89f31a25,4,"[2,2]","[2,2]",[],False
622,450,1e29543b9c99c63269c8058b85c4c379328eedcfdf898d23fc625ec445898ffd,CEGRUC,0,Pt,4,3d68dc6056c1e05e1c88be3cd29c0121cea85392da582229ccddde75b15ef17b,xyz/CEGRUC.xyz,1e74ff5d8f08a637e0ae2abf98d8c22b90509d91c8366f0897ba28585694956d,4,"[2,2]","[2,2]",[],True
623,451,1e3132d7421fa8141259e9b6b18f5685874ee9d32f67057b11152420c6b01b29,TINDUQ,4,Ni,4,0f8c8f12584158796551bb85646c3e901d01a3ca50c991f6849b3ae1a82839a8,xyz/TINDUQ.xyz,a81a441aa9a59a3b3a4afaea2beaf323ad8b3ef7115432b557992432c7efff8a,8,[2],[2],"[2,2]",False
624,452,1e33fa2e8ecf7b80ddd6a2a1661f06fb01aa0e0a37f8216cc901ff631da34bb3,TOTBEL,1,Pd,4,90ba12bf65f7071831f1b0c12a6e74967dbedc17e994b2c9c591e0730a824435,xyz/TOTBEL.xyz,6708b9551b9fa8c4a8cd9e3069731c381fbe6a198390d21e7486bc3bc9d8f302,2,[2],[2],[],False
625,124,1e38e6c4ced77d704821363984344587993c0d5c8b8351a316d2f98922ffbb2c,ECIBOH,1,Zn,6,4be222114fef907ebfa27ac3b2a2032cebc0b9a6d49032de3a97ec0f74815d24,xyz/ECIBOH.xyz,1a2b54c72da3673c9d446b0cee9a732f48aa306b65ce0fd447b6a546ab0591a4,24,[4],[4],[],True
626,453,1e3910803f846d5553260a678da9390a8410cf01016a2cf3f4b17105bbd68145,OCEHUD,2,Ag,4,8617e94a61b80ab829ea1952e6165a3c23f2c40d6e78f4626f213480fd162e2f,xyz/OCEHUD.xyz,b9441aa5581d7dbb949fefa2fa0f4e3f6a5e72222729b469a3a11a3e06777edb,6,[3],[3],[],False
627,125,1e3f81d7c586d0cd09172717a79cfd93297c4bbc23abb244322083cc91c0a271,QOVKIX,4,Ni,6,d6f8ce2878add8cdbf1727deaf5f7a2443aa3105765a597f1517b3b6f1bdc5c1,xyz/QOVKIX.xyz,a509ac227ecf14f96cddfe27bb1121e276a12b78a53ee609e882827a86fab98c,2,[2],[2],[],False
628,454,1e4706a96466c1ed09e657118a40f2287bd64d3c37f7546de7994ab31477df7d,BAFSUZ,4,Pd,4,97f51983177f4e09f4d1ff9a116bef92959927b420cb308b64f2cf8f54adeb87,xyz/BAFSUZ.xyz,b28e851d71c9bb880dc090012573cfeb9784fb75368b73cba16de7cb9b67e292,2,[2],[2],[],False
629,126,1e493eb42f25ee5ea228e441b833539685378317f9613367f37e402885a9bad5,AMEMOX,2,Rh,6,5aeda476a1b429e834ee8ffea5f85d57a7106ad4e825c3572a1849a2b4d2bcb9,xyz/AMEMOX.xyz,a4240b831c72a42935a511caa98431f46180e6d790a5f3c646a0f9001881626e,12,"[3,2]","[3,2]",[],False
630,455,1e4edbdf0460f39e72de2753ad71d6ab8af5dfe3c955b27aebe26482d4dbf78a,QIGDAN,0,Pd,4,e775761529a08902e4f3fd187e9d5c1051a254ba59a72406be82ef776318d35e,xyz/QIGDAN.xyz,8e79c630659294693edc40286759f0e22b8c1c886aba5f7b15d73e3ac07e40d6,4,"[2,2]","[2,2]",[],False
631,456,1e5087d13aa9f1c5af91fc5ec4e5cc4caae9e392400f958652124d037e804a47,YOGWAV,0,Ni,4,9c8994dcc43d3a92f6bf827d992b5431ff44bae524013d3e8ee9df8c73ee959e,xyz/YOGWAV.xyz,b672d1acd1a5f18feb312036aa3da7f18bb781f16a1b05acd9ca37ece501db6e,2,[2],[2],[],False
632,457,1e6056011f487508b7cf020aefca19463e4a1ce6e71bebbba5331bc4d38ed4cd,GERYIO,1,Pd,4,73c96d883bf229e2c28f40d58caa5adc4bd6584270ee00253b705b23020e81aa,xyz/GERYIO.xyz,234bdbd5c808cbef692c25c8f1fc43fad82f60452ebd2d081f08fd0b9521098a,2,[2],[2],[],False
633,458,1e642650fc8184899e40b2119b2ef84a1c53774ac100a996629f6b6d25045672,FIWNOQ,4,Pt,4,76b921adf7e87e10f95594d95d32be7ac0abe17d50944aed92d7df151f3cccf6,xyz/FIWNOQ.xyz,5ac9b1d249c586e8eec7267d6796eb990267f7a592414ed09ae4edaaf11da14a,2,[2],[2],[],False
634,127,1e74dd457b7d44c1f7e735ba46eee4d6c84b54b853c86d50358d95ccbffdfd38,GENZII,2,Cr,6,792a1ff51ac34081e039998058bee5275c95b3283f525af705b5edbbb8cb6fa3,xyz/GENZII.xyz,61afccd828c2feb3872256326207ed4df14de9117c55990d69229317767c7ba5,4,"[2,2]","[2,2]",[],True
635,459,1e78b98415ec25a6754862effd65a16766c6222d8bc23f16d0bbafc009ee3f7d,ZUHCOU,4,Pd,4,783e62f27a81e439d0b3a97062f0d034fa744cf5562187f336042daa5ebac9dd,xyz/ZUHCOU.xyz,cda49928648391dd8643dfd22b00b6203732e4bf3c1d67a04a95ae861d9abe4b,4,"[2,2]","[2,2]",[],False
636,460,1e8eb8cff830a48744baecd31a75e40bec8eb1f605748b802d7eee6be8919a87,NERBAR,4,Pt,4,e783da7bdde68deb6bbd761aefb865ebb82919128de654d44aa95ab2dd533d1a,xyz/NERBAR.xyz,335b0c9723fe5bc7ed1c96ede6e960abdbf4c2a62285708770187c8858712910,4,"[2,2]","[2,2]",[],False
637,461,1e946e5baed285d8fb4194809630c0c8c2f7584eb675f079f34e7d18dd9d208c,FERRAY,1,Pt,4,5023494f8cb58bad74e5b8607b23aaeccded76f374ff3c7ef99989e9f85ce0a6,xyz/FERRAY.xyz,dcdde3d9e16089bc1a0da61226020fe7d90b5b952c9b69705fb0190d7e68e6ae,2,[2],[2],[],False
638,462,1e95d5f66d00596b15a2f3c0eb355c7b0db8a6997d78fe3b8cd82c99b4e610ed,JARKIW,3,Cu,4,91840063348e7305fbd8b7bf44f91ca3c51152f1dd48e040cb1c24f2476a8077,xyz/JARKIW.xyz,cae40a27765150eceb3ec2655e6a5f1d6d43ef78b53ed5811845603ded067094,2,[2],[2],[],True
639,463,1e963ae1322d2c20b53f3718b23d78ecf2cb8824d3a008f04dc75ec74bf48fe0,UGATON,1,Pt,4,5405425ba5440b397bedfac71bbb9c82ba54e0e6e800ec5ee9bc408eee88cd98,xyz/UGATON.xyz,69afa5032feafba9dc1854339f2c178ffb25e432cff805be71a21ec219dd3f7f,2,[2],[2],[],False
640,464,1ea96481bb829f99ce606e772166d0eb597382de089cec394e8e5d43daf3fac7,MIPTEN,3,Cu,4,05a4cc6dc4e53e9e1d47368fc5f8e1f46ae1ef0ba7a3a047c9b4b05bb6daacd2,xyz/MIPTEN.xyz,f0933e62377d344498229f782b2e4e4e8b295de5272d790dc2529c0ec0d35694,6,[3],[3],[],False
641,465,1ea983f145f65fcc10bfc98aa8a7785ae8ef00688498f45b4293731e789eba26,BUPNIK,4,Fe,4,a239f95a224fd78c1cdd0c45c5e2945aa1ba0f04a8ce6897db325beb91ede1cf,xyz/BUPNIK.xyz,707d8888f11f51c2530189bfa3f33610612b9354522fb75fea27aeb4bfd760bb,2,[2],[2],[],False
642,128,1ead5bdab5d92c2bcc2ea442eb4eed071583d404bc1c2e415f4c3e0001feb67c,MURMIW,0,Ir,6,6e57d2e7e2b83d03ff96b305b18910a40785bd91e8ba4c4f9ff2b3337b515e28,xyz/MURMIW.xyz,039c77afff204a97d981ee094de0d7653d09e2afef4df49c2ca78052353f9d8d,2,[2],[2],[],True
643,466,1eb942b49479125cf143b331ee8742e3ca931002fbd18b14478d7afa6bde7654,XOXPAD,2,Fe,4,a3c1b65dc1d496a3261fe7db9e006213fd36aeaa3b4fb9828eefdb349344e11b,xyz/XOXPAD.xyz,41ce8373c69733723ae991181fd6d044f2fa6eb8799ed27d59d5b15614312c31,4,"[2,2]","[2,2]",[],False
644,467,1ec0d21ad165f8ad3728cc74ba636e3ca2c51e28b8bc55668cf4ea44ba08d452,KILCAJ,1,Cu,4,d3c4ffe89f815d13a5bae22e17e6e86ed777e25f08c0cc76135760c0ef0ffa14,xyz/KILCAJ.xyz,378832c9f937ad1749577cecf4a58b2feecb2af2cd90550d07cec84ac2f68482,6,[3],[3],[],False
645,468,1edbdede6fa52011f266d4d89363f1d354a69eb28fcd1af57ddc7f4ac3a760dd,PUQDAG,1,Cu,4,d05732d95a9ba84577990b07ee048160ddea7203b78c911208fe96894f5cb87d,xyz/PUQDAG.xyz,f988399bd5be52c286ad36f9992f6a58e55cd53d42098b76dc3181ed3f9ce868,2,[2],[2],[],False
646,469,1eddd5da4c2d15b857a9e8b20b367868e76e930feaab676e664767b9cf410382,CAWKIW,4,Zn,4,a4c075000ee77ab31508edaafc70cc145b4e716b9bc3d08fa0c8c7eeb74e97dd,xyz/CAWKIW.xyz,3f5d4ac9cface724092b0405450c85a44c2137f0c43b6bbd49fdcc566454b8af,2,[2],[2],[],False
647,470,1ef9038a096c5d554e2a8020ce5332cd4dd2958c353a192dbb6e8a2884272fe3,ZIZGEX,4,Zn,4,a9daa68ab7747543ce102fca455a9cb559449e68c1a6ddf1b6483136384e5263,xyz/ZIZGEX.xyz,3a45883e2e9b18a3ee04a822b178347b7c51046d6983fbdd0b9f175cedd61a7c,4,"[2,2]","[2,2]",[],True
648,471,1f048ed0b93ee234571568a8070e8f0be848ecd963b50aae1ff5001b63d87266,WERFOR,3,Pd,4,f78914100285ec91122674875ad487f1fff521214b844644dfce0a52792fcc34,xyz/WERFOR.xyz,d482a5cd6074c07057dd6137db885c66bf2427a322e4d70bf0961b95da8286c1,4,"[2,2]","[2,2]",[],True
649,129,1f08dab6b154bbea78f1ff438c8cdf4b77438a2a082045cdfb3994eb802e5ecd,ZAHVEN,2,Pt,6,f9695011f1098052bba79eef39a3ec2bb23c00cc35b38a2604a23c75e1be530c,xyz/ZAHVEN.xyz,ca1ac8848134465c08a526f7b4bff73817534a42e78be3ac4c7507398b1c216c,120,[5],[5],[],True
650,472,1f17e97e7dfa8d52f8f320ec9bd7bd707d8a55364010886d162840534a9e789d,PIVMEO,1,Rh,4,3f37583f8d0af8fe5a564c0c9d2016cf7ee8038d50588dc1dbaed6c833f965ef,xyz/PIVMEO.xyz,372ef09e782426bc604304a39bbd5eca9d73de3dd26de3a083f1edde04127a29,2,[2],[2],[],False
651,50,1f2303d010f6b633cc88af9111b61235b47d3ee5f8390e0b3b3202d18943904c,ZASVUN,3,Zn,5,ecd82456c184cd2949ed66128a3711c99b6ceb79560db6cbe71d47e9e3acf64e,xyz/ZASVUN.xyz,fd9de7eb6b2e0eb0d1f8bd474d636ad6f9aebc682804800e2caf163a2f27f6b7,2,[2],[2],[],True
652,473,1f474d1b2062351f42350a522d8e7ff2f6e9b9a7bb600ac1b708dcd3f90edda3,SIPPUC,3,Pt,4,1367edcfe43e821b5a142db3b3a01e2d58427d13d7a81c527a10e7b8e8eb5543,xyz/SIPPUC.xyz,57fce7fc9298b0d56020b03f3b61d37baea816ff50bd6d2b40aed52f7705cc95,2,[2],[2],[],False
653,474,1f561ead8823bd19f0ca3cedad81d15259d0afeee579cb08615cb772f78ea9b4,LIDMES,3,Pd,4,0db4e07a6a4d83ca661e52428d0fd60f63cfe222dbae38fc15296c94f5d96aeb,xyz/LIDMES.xyz,df771c53503a7de4ca86153663b72120361657f5a02eb326da34c1179f9b1cd4,2,[2],[2],[],False
654,475,1f5b6a5d4a62f7a7a6d5734bef287670de9d182a34d96f1b5e7a7919cf031741,ELANIO,3,Pt,4,e1f854e86eb2eb0299cbab9c8016601acde7181c1234a30851c591a8c9defa09,xyz/ELANIO.xyz,50025977d7be6fafb16e8731a11f4f4aafeeb38bbb28851f65dc547b17b1a843,4,"[2,2]","[2,2]",[],False
655,130,1f6973087708f5fa5391d6949d468f378e1f201d237a3428075022b0819ab65c,WIWLUK,2,Rh,6,ce4ff1673e0b3936b3832ab5b4dff764090bad3860db9ea46e7b539bf67ecb50,xyz/WIWLUK.xyz,252e8510e51f610caa18ad8d51d312d6e667995aba0f8f7eaa4710c1285e093f,2,[2],[2],[],False
656,476,1f6a1f9e926d60e19b3b75f757214337e49f0dc49d161ecc081103e40d2c67ac,REJYAI,0,Pt,4,cdfd433a2cc1ebb8e932801c67081b4dbf0045d973ae4cc5bbc1a44da6a88731,xyz/REJYAI.xyz,e0fa65de59304fbcea1b78ad7b080a7bbe0c72ce5646b256f23992884a55d6b5,2,[],[],[2],True
657,131,1f6c536e76a6852288ca521b7e2484f5b1971b8ea036f659a6b4c3b060236501,OCEZOO,1,Pt,6,2d3cfbad364a70df0003687d6d681b1a74e9aa81b389d18beab3a95dd47a18d5,xyz/OCEZOO.xyz,cfe6ee186f07363cd1a5cea05317b48e5b2dadb23c165ddf96e1cf63493a3745,2,[2],[2],[],True
658,51,1f740a85cbe1f78f17d7a852907716a36b4f303b43679070cde03fa93031b556,DECKON,1,Fe,5,a3f19951e6f48a3b9f61dfbc794e5fb7b6d69f1a7f8574e1c72c76e7c3bc16f2,xyz/DECKON.xyz,2f2c579febb4bba0ec73b074e195f71219569e2ad1ab7a1b15ba4776396a2a42,2,[2],[2],[],True
659,132,1f7931f2b2a66a8f0df0547de6f012578ce9312bc2a05ab93d83165d9016ced3,PAXFIG,4,Ir,6,78cfb7a2a433076ede3a9b98d8654b7c062cdf0d95ac36a32d2d144d3eb4b83b,xyz/PAXFIG.xyz,ebd2ddae916fdecb35e9866e6441bd7ccc6ca13b4ee31c03b10efb1b9d9e94e4,4,[2],[2],[2],False
660,477,1f7f6ce2dccd9ad5ccf53341c639bcb1971fad2b80a96e6d4e891099ca9e1186,SECXEE,1,Ni,4,7fc772006ef0086ab9ed6b1be57e819bf4b7d6c12518ad8fdaa4e40fc8653bcd,xyz/SECXEE.xyz,3b6b3a956843bc1f0776ea62cda01e04a5f06f90e4093aa5377dea2870a31b0d,4,[2],[2],[2],False
661,478,1fa12b0fa8d761e0af298b343ae9d64fa1a821335dea6440445270465c9440fc,DEJBOK,2,Pd,4,6bfd60b99e10f1a07782441b510f488734048ef79e97a10128da108d0dac241f,xyz/DEJBOK.xyz,327d947a2718d7556c4d12ad7b3bdd19d3958348190db69c3ee598b384bce322,4,"[2,2]","[2,2]",[],False
662,479,1fa2c7dae7d3e71a9d998cbd48820ebe999754c0278ff338dcb9628b57dcfa18,YILZOM,2,Ni,4,916453d427da3f6fc33236a4486f25df35db8b5702d5ee498cfdfa91522e4837,xyz/YILZOM.xyz,066b16f20247e8e60f1e25598664d44f736ae15149815391f3d8175e829cc86f,2,[2],[2],[],False
663,133,1fa5152deac138e89b2a10c15cb09f667e5b642eb31a64e7e107fa5750197bd9,SAJQEA,3,Cr,6,ca638962c62055c6bbf1d502f5d20893e9b30c99d6c0717dd9406243949b4bad,xyz/SAJQEA.xyz,03c4c6e2d39f28848a8ef9e0059565454408a781143ebc0e29148569d11468c5,120,[5],[5],[],True
664,52,1fbb5cd5a8fa7f66bb8418a2d500ac95d1e4b18a5481715df7c15360ef433340,DPPFEO,0,Fe,5,ead46b186a94f94f9fa391beeea6d0095022efb644f7c5d5a843ed58704574a9,xyz/DPPFEO.xyz,e83212894bc7b392f045d1f3803b9d1f50ba6db9d22aa7abeaf192dbcd06e023,24,[4],[4],[],True
665,480,1fbf279265a5a5b291eaf114f93893a3ed37da03fd82b161f34bc8c7bc2cd6ea,UHIKOO,1,Pd,4,2ab60292ea753b2d2b48671c4d87584d185da02b3affa9d299938b4600c61d16,xyz/UHIKOO.xyz,30850d31cbd8dd024f18ba17df87ec662fe3c979c6647721004e105161a26b6e,2,[2],[2],[],False
666,134,1fc0bc5282c2649841c69568a660db8bcfee84632c6e25dd60f4e717c8ac3d40,HUQHAF,3,Fe,6,6c5a7b65267129809e0d924c1a997646897632f7abf9e22d41dcb472c44fe6c5,xyz/HUQHAF.xyz,43464bb02f9feabb15b4f7afdd6c8482530fff9cfa5a36fbf65e1569f6fc96cf,24,[4],[4],[],True
667,135,1fc7196505d5f4c6e64ace3b43785c12bd90a878a65bc8b96918133787d28ea1,HEHKIO,0,Fe,6,fb697a47074ed0ceea514be884f804c1604deac0884299d914a7cd32efdc24d3,xyz/HEHKIO.xyz,36c36af470e2d14adf34727643e145b45bad61e9a2d4775950b70f668a8df110,24,[4],[4],[],True
668,136,1fd10ccd67a16fcfa1710fccd80fed09a76a2afe060d026bf8c7d42ec8992dfd,DILTIE,2,Zn,6,3293944b85303be31e5c9aacc103cabbaaf31591743d8f89c9a71d9804de0530,xyz/DILTIE.xyz,c1e58185e502a0d849496d3f800d02663a3761eae2dc77823dd8130f615f0158,2,[2],[2],[],False
669,481,2013abbb68e60bde6716bd68543fd5b3e9552c0239e1874243354d081475d796,UKOHIO,0,Zn,4,d86aae342529a465adc6cfc65a24b17417659b539a057713513c13636db97b16,xyz/UKOHIO.xyz,a56410be9e2441de32f7fcaade2b51483f2fb9f19c95eea90ba7b9a1da46a6bd,4,"[2,2]","[2,2]",[],False
670,482,203ca498f43b9304bbee053dd4b469ccf638477d1724fa98cccc4ccc1e72e07b,CUQHOO,2,Pt,4,e335392282940f3fa48870bcacb2fbcbf0c3575733135266f2059c55cf9096ad,xyz/CUQHOO.xyz,c4c713b16883a1c452f7b63832bcff3d2b1d8b66ff6b692665d2fd0096301a34,2,[2],[2],[],False
671,483,2050d78263b692a495ae1bd892deabe032e7f90d1ef9dc4ae1db618191f585a5,WIBCOA,3,Pt,4,a9da8622375613e86c9b154a75a089cd6cfcca34faba87c7fc3185d2643fe6cf,xyz/WIBCOA.xyz,3c2589d732cbe6be4a3ccd9e263b8a12c519bfa10f079313ec7b2205cb90e7d0,2,[2],[2],[],False
672,53,2066f7b14bd8a14380b03dd2c2a3ce7417f602f179109d1cdb939b4feee77624,FONPUT,3,Fe,5,427cce59855e8971dcaa710ea7c6e5bb7f3a5cd2a219d04843988661f00b0adf,xyz/FONPUT.xyz,8a328ba142a2dcb6b1d8f3c6bf5516c16ff464ed26acf42bc31511d8bbe303a9,12,"[3,2]","[3,2]",[],True
673,484,206c84e10ebdcb5fd3fb65ae4582d373ceda112c909f0a1c1541d03e9b04257e,COVFIC,2,Pd,4,64cf4026d7c037dee28c6b0c965bd6de6caaec5ca4961a805c621fca366d4673,xyz/COVFIC.xyz,03671ebfe55087aaf0574e74f4d90d9cd9293a068505562a03bf4ddaae755de1,2,[2],[2],[],False
674,485,208217405c8286eb67dad100f5683b40273db681dd5a01fe89f87b3c250ceddf,VIKQAI,0,Pt,4,7e243dea39cb9065994af5148e1f8f04c8f1d18077ca1d40f72766ee28adef72,xyz/VIKQAI.xyz,66fb2f2ea47fd4ee0f046fa24c94a76d9e6f916dd13cae29d5d29cd840365797,2,[2],[2],[],False
675,486,208b44cb26ac7940eb143f388ce27545d4441412fbbc0a44a8afedcc1b9b8b32,ATERUP,0,Pd,4,7f76bc994ff1d7151ed1c3ccfebf3b9532037a182a4774783dba71fe5e9971a6,xyz/ATERUP.xyz,cca8f2bf66fbd66c9d02ac7158937e7a161cd8267e84d7fbb90c151060488e89,4,"[2,2]","[2,2]",[],False
676,487,209e85fed646f8e9d8ad70435a79cbbb9c45c8edd4ce1a4f1c0bc73a299c8382,HAWDAK,1,Rh,4,74939173cd781bf409d617dcc7b213371a61c4efb9dfcb30f264d1ab88685eed,xyz/HAWDAK.xyz,5dd333239875b1f84019f86ce0d95e655441e773b012a5ec9a1e67423d51ecce,4,"[2,2]","[2,2]",[],False
677,488,20a36ff11cc223dc8698317f4c5739201d10c4b91d509bf5823f80ec77f20ba7,EYASON,0,Zn,4,0471cda1d5e00589d1316e4bca47f467f9612fa6bb1a9ced4a5072dafcfebc90,xyz/EYASON.xyz,57da6e5d35df222799ffd044f616b3fd1d9fb830d2d47cc5aa40d96c71e801a5,2,[2],[2],[],False
678,489,20a633981da7229847404973b98cfc1788acb5c1213ea7d4197923dfea240988,RANSOP,1,Pt,4,fd0318fa4c26e5ce443f8a53bcef3ee1e4d5741ed8aa5deb6b196d15402c5e4b,xyz/RANSOP.xyz,e5a8bb491260af7726b0cf0bcc4669def6e8ab1aa4763e431324aa4fafbb528a,4,"[2,2]","[2,2]",[],False
679,490,20c9ceeef0af879abc169b28026482b73aa3690f486cde3a4bd2724fc1c7a4b2,ZEKHAB,0,Ni,4,ac96f281dbb8b46cfdb10dcf6cb47dfd8f554a515b64998ec762f66c1bc7aa12,xyz/ZEKHAB.xyz,4e22ceab5d01348119a68b375508a11e0ed39ffec730321ec39a1988f291f938,2,[2],[2],[],False
680,137,20d1387e0b9616e4e025d494d9fad4d9176c2ed44419e5d552b421a4aca57081,EHEGED,4,Rh,6,e6324e7b7f4d053f59454b8182bd003ff9977a283263ef9534743b1b10c3900e,xyz/EHEGED.xyz,e305cac9e2a1e4415d9ead0836a8eddb66a7cb9b422d57f6316ab68fb284aa4b,2,[2],[2],[],True
681,491,20d2f58493e78be94d4747c8d746db4d7541069369cf916bcd8571d0abbf0701,BENCUT,0,Zn,4,6e7a3d13594d0cd367f0503a64f116b88915af4ecf511bc03a8b3d8c71ab7820,xyz/BENCUT.xyz,4c7a4ae944670005e86e0d4b60f25b95aeea37f02b45a41f9042b16a7081a8f0,4,"[2,2]","[2,2]",[],False
682,492,20dbd5a17597d4ac769c47589a330ca0f3bf2481e72463ecaa6b56970eb27778,HIHSAU,0,Pd,4,6621ee9d2eb13c36e142fa82c9c293a7bde49bf69b2203c48134c82e14e81691,xyz/HIHSAU.xyz,63f331c29ad40ecca5775d41abb8938fc0155b8e982162372a16a095cd53e08f,2,[2],[2],[],False
683,54,20e640256c0fc2baea120113e92c09ed40e11eb2d5badbcb6a375e3c46aa1712,UPUDUG,0,Zn,5,7c51893faad2d298754937f2fc34fcef1171fb3478dae00d73bdf96d5f96f2e9,xyz/UPUDUG.xyz,c82db417a8f6c64263ccb72a4bc21064268168327936432261426de0a1c5bf4d,2,[2],[2],[],False
684,138,20e7ee859bdcffbb85d1c5d023f0a10fefc47874ebb907418dff8ed1bbde9953,JOPVUI,3,Ir,6,1a91b2935aa5f06942bb2c72b027325ce3417ba875072e6481f7a65ac05ba29e,xyz/JOPVUI.xyz,6402a9d1cf37bcbc224523ab341d8fb2bb9e5194f60f8c3ecb83b6e1df71f9c6,2,[2],[2],[],False
685,493,2104cbf041f46cfceb51e45968a178cff2b3b6343437f7d2a9393d03894f9c13,QUDTNI,2,Ni,4,d85d5a9b668b8fd8c2a1e17d2344fa8408a3675929bd46dd75051c69711d6e06,xyz/QUDTNI.xyz,c47083b64a5380484f5d9cd2405edbd85da9c33b057fec93fd274b733d272c6d,2,[2],[2],[],False
686,494,210808065a98f37cda11a8f0069f788ee748c06fd09b3aa541007fa0c7492c59,ETUDUT,0,Zn,4,1a834f5dfde6454e60223ba8746f271a20db7608c1669cd7812b277bfb261d7a,xyz/ETUDUT.xyz,67328578bb8e3192bbf98e05bc8859df94c142058c6d9d53a7e6a33545466dc7,4,"[2,2]","[2,2]",[],False
687,495,2124971e7b446644ca68ded50e0fd2dea8a2fb21850cb6d3835ded172196c762,EGUZUE,3,Ag,4,41d8565aee96f203ae5ff75be04c9f9cfc27c53ddeb5e1060ba065a1d40d0575,xyz/EGUZUE.xyz,570e70a39493ab229a7b28ce36df6557659cbb84713e002b294cc20b5d44de31,2,[2],[2],[],False
688,139,2128b870c93ff3ddf3399ab9a504d46ca1af416f04653ca10e251e9ec9dcbab5,TIPFEE,2,Pt,6,03296225309aa8d5e726e69b33141f04e389a0925c79f8bba6c2740fc92cf2f8,xyz/TIPFEE.xyz,09447d14a53486e7a63075924c764fda54752e499613a714be22545ef38f296a,48,"[4,2]","[4,2]",[],False
689,55,2147cf380688c78472a9ff29da9dd61e547449450ce49d5779ce27dc43e7d96e,HISWAH,1,Pd,5,722829304dfb57c99ea296a24031d226c512ddc9772555824cac481829079793,xyz/HISWAH.xyz,19b0f10568ae1dfd41dc531680ce12455718b0a70467682efd82da89ab02e957,2,[2],[2],[],False
690,496,215cf6b2dbb258f097858bac42646e12945780cdd3aa633506ffbae9d00cb8c1,FOSWEQ,4,Pd,4,d890d89ee0a15949db50918734cd1f54d29d0d66bebc994ff6ba950930be99c5,xyz/FOSWEQ.xyz,8abb9a5154023fede205e2554f69ea0b06d2c79b1c250315a8b53293623f08d9,4,"[2,2]","[2,2]",[],False
691,497,215e143ec52f77dc241e2d991d493a6be4c40f767e141e2925d0440c480998a6,EHONIB,0,Zn,4,edea92d2e9c33a1ddf9b0ea88720b7883437e76f7e28f0479a665b8aca2b849a,xyz/EHONIB.xyz,3b59fda918b274aeac7433e5bd1f86faea9206adcf0d2984ca437b546fe32967,4,"[2,2]","[2,2]",[],False
692,498,21923706246f3bfe10304fb7b1406a31a74105f0693a8f4d3f7b3cff9b7b1a18,NEZRAM,3,Pd,4,a459caac1be9a4bfff2b5a765b9b2bdc2362d837defb5bd414e7d6fe518ac626,xyz/NEZRAM.xyz,2159ec793d03f20c23c279098773988d95dd314869817e08e8910eaffb66ad2c,4,"[2,2]","[2,2]",[],False
693,499,219e982d6b3978257410327dd74e1656354a09c67cdaa0285ab60236e9a37130,XUDXUQ,0,Pt,4,da0906ecdc68465ac0ac259ebbdd51fa8e8b89acfe26b7272692635a9a87e1d9,xyz/XUDXUQ.xyz,343933c8583524dcee86e1db14210b32e4404cd90049260e8d0d7cb8bf97cbfc,4,[2],[2],[2],False
694,140,21ae01c880273f992e0eb73fbb685837fe93d2e54296f43fec2f2492bbd1eef6,NILKUO,2,Cr,6,a6431128fad6974a11c4aeb515b7b82804ac877adf7f82bb45ca7f048b0f8663,xyz/NILKUO.xyz,d3d5fded9d4e71fcde6fa637bc861b1f7ca35d52d3513c55205197a6e4cdc5f2,120,[5],[5],[],False
695,141,21afb6b9c7f8f9ab95f813285717c89a6b1a25fc3cfdc76678b8dfc9295356cd,MUFFIE,0,Ir,6,6c7b7a77f5d28dba0f8d6b983b63be9eff146a2d89649302751a8abeccdd5485,xyz/MUFFIE.xyz,125e11d627f2daecb239ba79822575f41fcea7db5528c9576a4a7229d5230bd5,48,"[4,2]","[4,2]",[],False
696,142,21b2d9632ad7ead35ab8682868d95ba434f6c181caad22074d5ace748d608a1c,BAWBAE,4,Ir,6,df088746cd9ffd0a5004f6bab5e35020a7d4ad068b2c98821fb4f07c27d5616f,xyz/BAWBAE.xyz,85e0d588a3daeff41a16ccbe3f6d20e53327cb97d8b7be3e5185f360a305b176,2,[2],[2],[],True
697,500,21b949a105f63d7afb4c62a39945c04bc9c98ad94187ff87885b3b02ce0bd288,EDUREC,2,Pd,4,71a0b7ad2c916b060cd9c0f6cdc5df5701825ff21a4b1f87a48fc59566e60696,xyz/EDUREC.xyz,863ce85713a9b1c8b283d25930fbb433700a716f218303ebbb3fc8eeb219667c,2,[2],[2],[],True
698,501,21bd65ce5eabd526bf914b7c2b10e40674e6161ee987ad7a67751bff5427a18b,CIBKOP,0,Pd,4,6c61e01db2a352385cd336168b3280761ed7e7cdc71e2c2d82daad78745b7269,xyz/CIBKOP.xyz,4f2c414de9d6a1e58c400de31c1921f1874d6f1b929e95bbcbfe37dc268403d3,4,[2],[2],[2],False
699,502,21c106ca5c8de6352e4386f83f4242acb49fb7ef751e626929570c6abf8a1f3f,WAJGIZ,1,Pd,4,9b5d714886e1337fdd1053731816878eb8464abd80a48ce0187fa00046df7f6a,xyz/WAJGIZ.xyz,241d99e2f869e445a314998799dd877c49cc4d43d00913226f0cd70ba966098f,4,"[2,2]","[2,2]",[],False
700,503,21c209f4ba161b9a0739c96a266f6d267cb6b2100008345c40ddae204bb70abc,EZICUL,1,Pd,4,4043410ad5341524363621e3e735affbd6215b155c0ba9712a028961a2996260,xyz/EZICUL.xyz,45545338d7e7b9eb320432c96346800e9fe2ba6014c153bedfafed41f467dd18,4,"[2,2]","[2,2]",[],False
701,504,21c2c5b9232c03b843beb05f81f332041092cfa7422ceae5df9b2524c00702f3,EBAZIT,1,Pt,4,ea44b823392ea450e0922d71d8e40a9e91b79c403ea8afe444c80f08b375ef3e,xyz/EBAZIT.xyz,8e6e14df8158206fb81f63e9de949da871389122339d4bb696b3831669055dca,4,"[2,2]","[2,2]",[],False
702,505,21d533f9701cec43c1fedf045991ba4d81c592df367c15f344842e2a3a5b53f1,BAVCEH,3,Ni,4,e99f6d9bb9aca41c4846002760266089eaaed2d9bfc9f9e5c0213cb19a3fdc3d,xyz/BAVCEH.xyz,75e2660d26fb26eb3568e0959809036f7b457a95ed761a7bb328ddb14ebc39ff,4,"[2,2]","[2,2]",[],True
703,143,21f1cca20e420dcc792c9da045dfa6cb465d41307af83a6bf6157504487669a5,QIWCII,0,Fe,6,7502e40f91a939cb6a1cb3913a1b6a2daab61e9ea1551579debcc7f646fd7919,xyz/QIWCII.xyz,d75f0bc3d13a03efac9fd49e682209b2510eeafafaeb762b0d2b4b5e00f12b56,2,[2],[2],[],False
704,144,21f1d4a2e9cd9ad7b4ae6bd4d068ac644ced93bb0c933557002321f09927b030,PIFXUX,0,Rh,6,9d7a360d123286b276fc0db014f1b69aa45d5cee9595b696bf331d32885530c6,xyz/PIFXUX.xyz,18d541d5f9752960b50325c326267e8f7237c74ed10e111b4df65c66142d4dcd,12,"[3,2]","[3,2]",[],False
705,56,2207259fb8c4fb11a84f9ee02fe451450c760f3a14dc9755fbdf9d54aca0e014,YAYBEI,0,Zn,5,5b6a48c3c861b7e24326bed88671fe9288b52e15dd219331f5860967bfa5c1d8,xyz/YAYBEI.xyz,39673c37216f54d34da7d58f598223e9e06302b8173edba55c8009d3b1fbbb5b,2,[2],[2],[],False
706,506,22088a14e9705488d9cd5332dfea388467cffce4007968dbd14133b7f52980eb,ETOGEB,3,Pd,4,74686f9d7c6e3e27cc6b1f38c25d0b31fa0b60cc644e070782f31a3c67f1e624,xyz/ETOGEB.xyz,cc5290774d6d56646b5f752b610a12e351de489bb5b01d4326dec6123a23330c,4,"[2,2]","[2,2]",[],True
707,507,222e37581d72ce252c2e308c61a7ff794f90ae6523bd7ff500bf7bb0211abad9,COZQAJ,3,Pt,4,3e1cff0c2012691953c894d351358db4234af94b63e0998245d0dd268b95180e,xyz/COZQAJ.xyz,171b8b88096a035e30cc58fd037923bcf4635aa9302c2fdc060241541e23ff96,4,"[2,2]","[2,2]",[],False
708,508,222fc52903cffe6259c0097a8b03a56948dedd92184816be18c52b74a363eca4,ENEJEO,0,Cu,4,e02687e4fd715f41f4febbb69f7b547e2698fc2a167805cc25b95be8b340d7b1,xyz/ENEJEO.xyz,383c6189bba9cf05885e35abf7e073ec1f4470a4554e757cb7c1df67c6cb6816,2,[2],[2],[],False
709,509,22310fcb224c24a6b1187acc2187bbf5e0fecd769230143b068a618c9d843ef9,OVOJOB,4,Cu,4,dcea3d55373241212a0d78e52d8715264c42c8ccc73267624c764d90b24ca674,xyz/OVOJOB.xyz,7cee5db63ae512ce2b5240a5cceaf31509d8efb9c3f6d9e920707ea457d3d578,2,[2],[2],[],False
710,145,2236d7af530c9c0a5c651a9101d119a4b9eb2315fb48f3d09b8000193d3e0d17,TCEPRH,0,Rh,6,37aa9f4dcf3810ce5d488bc520864bd89833731900322df7f10c7e1247cc4a35,xyz/TCEPRH.xyz,f16b9ec23293435d70a84e0c45984c08928832058a4c0c30d422dd85435b2133,36,"[3,3]","[3,3]",[],False
711,146,22484ea697c39df676c810aab3e9c1a9b1836d841837a4b022783fd47a4e21bb,ICITET,0,Pt,6,23fa4bcac06dfa1bf2c68cda15a53cbc989261bec389fa84f5a2d715d72ff04d,xyz/ICITET.xyz,dfa36411a4fbab985799e342038114a12b6208d5e41b7bc4c324ca067ddf2182,6,[3],[3],[],False
712,510,2263709d85f85b15056b20223b7cc68b6cda7b8448d95c0a0b82f8bc731cc65c,CAQRAO,0,Pd,4,71e0ecc774430067be5a3919748cb83d911d5778cb6b5473c6f7341931e87d6c,xyz/CAQRAO.xyz,db605520e3fd36adf74865ca94833caf3a4828453c3e09e14aff5318cd5742ce,4,"[2,2]","[2,2]",[],False
713,511,2263a3cf49c7cf297aa32854b6f4acc17d6b7d1ce246ef4bc844f232e50f5074,UFUKOV,4,Ni,4,80c0772aff9fa4e1d06889dfc67ee08d346f88430ae0442f08bb6486b1285cf6,xyz/UFUKOV.xyz,d70e6456fa1693635b5bdac2bb5754876d2077eb29d52ef0fe56554f88f2286a,4,"[2,2]","[2,2]",[],False
714,512,2263d30df94c446f0e8228200a04b4ab99cd477a781dc9272a4dada87484a9e6,VELPUB,1,Zn,4,9100b754b130a77932fef337af00cedda0a6e3290b7627069b25890c9d344693,xyz/VELPUB.xyz,9cd565ad34a579bf7ec911219dd11a4aea76377c5b9123c04deeecb2c6138f96,2,[2],[2],[],False
715,57,2266f342b9f5119e0dda3fb7bf3e0ca963d6fdf12e5e743fac86aa2d9beaa978,GOPDEX,4,Zn,5,873775fbcdeaf3f16d05544ae51a7eef2fc6cf250337adde46f93babc8aa848a,xyz/GOPDEX.xyz,b3507d4b6ba0b423f9b1ed714a585c570c9318b817071f34b9eb61009fce103e,2,[2],[2],[],False
716,513,2275fb58c4499060ba0622085f88dc0fa4a3acb623b961e03de53d092fa5c252,KIQGOG,2,Ni,4,f6f37de1775b9c32bfd08bc5880e0259d2b2164583d2c5113b012ad18315be1e,xyz/KIQGOG.xyz,62199b4fb11b37729c98b6f5a9fa0b47e692b9405c260a9bf575c866aa64e41d,2,[2],[2],[],False
717,514,227e0c5a3358e6c820a41a59e8026fab62ae192866fa4e3a6253d0c7e2a9aaec,ZECZOA,4,Zn,4,7cd0e54a4fb781bd4c34ffe037bbe23f3a3c20eee1e1f5d66c8e2a50434e8f22,xyz/ZECZOA.xyz,3d985aa28a044619fa6650f8c1f60ef5f568375da6790355e5f835d9f1b33556,2,[2],[2],[],False
718,515,2287ebf998cc68c98fe05cfda66ff26d17ddb80fffab35e22c30e3fee24a9fe5,XIHWOE,1,Ni,4,8018397ae5575906fb9bc4faccf2cdb294ef81f3cbdff2155b7a28ef0bb1da69,xyz/XIHWOE.xyz,e199ac000da081f11abc15cdf2d814d8283e3446ecf66f0765dab52a90895855,2,[2],[2],[],False
719,516,2294f7a579f83e85a64487e650d5b47b251c9e39fb2cc6b3d0e8d4ec5c25d159,SUYWIV,4,Pt,4,403f30fc86ac14f7119d961569bc79e938ec6258fd13c7a2c792f210da478c73,xyz/SUYWIV.xyz,99dcf3a7b335e91ccbd3213c345264f4751d5dbea9895fa661455cabd3abc5eb,2,[2],[2],[],False
720,517,229b420cde8b6fe6c484a41dc549ce06c7d9a3fcc56c72239423c8c6fa379ffe,AZAVAA,1,Pt,4,6fadeff9daf99baa60bd0ddd9c430d868854183a259840c7c1af2cca24278d76,xyz/AZAVAA.xyz,ec87b2e8874172723616f0b8fe524891be438a702b8bc192269e0cd0a6676400,2,[2],[2],[],False
721,147,22a01673f1aa984e3b86f7adc655ecb030d33e00af4aaa6f0983776fb2d74c84,CIDDAX,3,Ir,6,18804c7728b045e6119e0584e99fc09f441d95752421360a4be635e8ca35828f,xyz/CIDDAX.xyz,714858f249c8c7f1c24e7ba58ced4608701029dc5b42779a3519b281701b03c2,2,[2],[2],[],False
722,518,22bb24e3a20751042eef6710f073e26c89f230dfcfea6d51607a126521dd8828,JUTPAR,4,Pd,4,c1baac9f79d772a9b6bd9c9fe6068874c56a8b011469f9f363a57990af9f2836,xyz/JUTPAR.xyz,fc7df4bb24653f68995cd553d45ffa4bfc7c960e5ea95fa05e9cc2e8a182c990,4,"[2,2]","[2,2]",[],False
723,519,22c9ebc69cbf689f9e6e7ce532da41ce0325d33213941771b71cf745c16ca59d,WECGOA,2,Pd,4,a8d672d352910f95e69fc1f0407b8ae4a6cd8b149de7606ba6df4990789293be,xyz/WECGOA.xyz,8100f960b11de0dbd25269acd2ae7de11ca9b44c1032160df38cb54d8d894a5d,2,[2],[2],[],False
724,520,22d371633edb84081e0e2925662b207591f87acf70016c2e53fcb6dd9afe8876,QIDHES,1,Pt,4,2e3e5b8ff7a90d07e92fb8ccab50160165c51205f4c8d3275b03e95999811f24,xyz/QIDHES.xyz,8b979c2c274650a093c5465d66da47e7cbd24f0ff932277e5eddcc7d75794397,4,"[2,2]","[2,2]",[],False
725,521,22d5ac000c76e029c8f91d1102164831a6fea274bc2a45fdc3432944d10093f9,BOZWOF,2,Pd,4,75c361fe4ac839da0f844d8f0fd846932f74e4551f80cdb62322baf72308859c,xyz/BOZWOF.xyz,8ad77af4010984c7bf9145466b7df9b9e6d392684e2fc4e58c8fdc5f109a3bc7,2,[2],[2],[],False
726,522,22d8300130b45a23df2681066543e147f00e4122fbdeed154ce929dced123af9,EHACUN,0,Ni,4,941f8d53653fe307e312c0730e5153c45a94298d2559f09a58f31bf49da5c212,xyz/EHACUN.xyz,f4436300ab03efec9e0b62cd930357661d820ada255758815cdacf45258d45c5,4,"[2,2]","[2,2]",[],False
727,58,22e31c742f8c0854136fad1865e18b126d2df926a0fffb13c358c9839bbc8a18,ZANJUT,4,Ir,5,e82a860474ea8d0d4394795a0023a16d118c2e0116842d099f02f18a67900e04,xyz/ZANJUT.xyz,559cfccb463719a6639fb8a05d8c0f5c8054568fdefe87af5c9c330d10fd6fde,6,[3],[3],[],True
728,59,22e3de24f0e6ee0f7e223243849711198001f82ac1d72ce8895e29553dc0279c,NEQCIV,4,Fe,5,45dec1575986f2d7ab4d174fa18d8808e7353e13a4464ed45efc6b57f2ed1045,xyz/NEQCIV.xyz,2a64cc53b4eb81494a6d01dd4013764020548cff36a5acc04bfb927b5dbc47eb,24,[4],[4],[],True
729,523,22ec43d8d92edf5e7e7e5b09509f5da893098301ff6f28e8624193a44f5ca0c3,AWIPII,3,Pd,4,d3b2f7457e4ab36e0e4f3f668393c089df54e2a9c055906a72545d7f5d528f01,xyz/AWIPII.xyz,8a90f1d846efa566903550b01bc592c5a5fd390249e02af474423102773ceb1a,2,[2],[2],[],False
730,524,22f497fdb2048d6d340721f66f766973a23521e7a3c46c7314fe86be3bf2e0a5,AXAVUQ,4,Pt,4,817993cab47610ebb8526b95186e75b5723ea006ee0124b027e22a58fe2a85a3,xyz/AXAVUQ.xyz,e47084ddb68e77df4cd12eee06f67d9779bedad51111cfcd38a5dd97b2c479bf,2,[2],[2],[],False
731,60,22f5926c89c08180b602767dd796b3a91693656d158309b1774611a652fc7045,LUNXEY,1,Zn,5,2410abe79cc3bfe86253850c8e78e51705347e29880c20a80016ca39b2624d6f,xyz/LUNXEY.xyz,dff14018cf9d4aa06a188f280b10260919b8bcfccd6c457f527cf40694345d9c,2,[2],[2],[],True
732,525,22f8db08ff1d6ca457fcab0e9f2f0c6a63f72d05f2eb108c9075ee76fdafea90,AHOCIL,0,Pd,4,1c140bd3b34bd0d2bf4d53c89bc6a02eda4bc78186352aec6764c6c0db5134a2,xyz/AHOCIL.xyz,572b3900fba370b3c6bd1f7c4fe57d87b95dcde4b2b3ec38abf87f4d7bf3baf9,4,"[2,2]","[2,2]",[],False
733,526,231b28d61ec79213a1f1d4524511533da6ab8f2e91fa66326449750eb9b7f311,UBONII,2,Pd,4,e3a47848f42f1ab93629071f26c2cd07b622d70fcb4add2eaa3d88f88604b488,xyz/UBONII.xyz,5dcb6d3e41ac79e9be6cb85b5e5f0f03728d6bc76853caaaa702de643344a620,4,[2],[2],[2],False
734,148,232537bbe2df2e6dab0a03125b1702db89e79884a73392cdd7f70da43906c56c,QEQHUQ,4,Zn,6,a52a271364dddb354e73d13b4ae67fe21526c0f20f8518da3e2827c9788dfaed,xyz/QEQHUQ.xyz,87d59c652a78fe185718ed04ec8a6333ede4a7bf6cb789edddebd83fa2dfc3e8,4,"[2,2]","[2,2]",[],False
735,527,23256155afe9e4b7d303bba5eae281ecefbf98b883b6dbf7ab72399b2a9737f2,LIYFEG,3,Zn,4,5226ca113145927ef7ec2cf8e9de68a8b5580847e4c56a4e176e57363a948204,xyz/LIYFEG.xyz,6e16c3deec55bdef1ea6a38139322243077f3e6dce6acc6ab513c4d9ed813cea,2,[2],[2],[],False
736,528,233119de80339dba918ed32e6076b2a51e583102ab0af8374485b9eb41f373dc,LEMQOK,4,Pd,4,fb8074ae61bbe9b54ce88902d42273d0965abfba6a7868df298a2fffe47c0759,xyz/LEMQOK.xyz,6b6d2f07f42d9f9fc6575c4eb0142cc69836cb60d888209369619f8a3a39f3cd,2,[2],[2],[],True
737,149,233738cf9fcc35f9602f4b939f6239b3274a715b4f92a3f3c629fe78df8c06e6,MUVGUI,3,Ir,6,7ea3b86685109faf6b64bfbfe6e749975a9f22b39904efe5cbd576be9a943acd,xyz/MUVGUI.xyz,d1b0cfb12de352888344fbed402cebe47603af549d095b05dc98767fe79ed149,2,[2],[2],[],False
738,529,23379c85bd54f45bfdcb885d7a90349bcf0c677b62345a0c996ed4bafa6bdd23,NOMQAH,0,Rh,4,bfb90ef9d1af0e607039c1c1c36263190e68c03aafb640914d881cca81770ed7,xyz/NOMQAH.xyz,cf2cde99689729eaf7fa3d316c8c6773e5e963ef984a16b38cd9656ee562273b,2,[2],[2],[],False
739,530,2345024bb4248dad71e782b20809c1f93ccba7b1db1f1c843b462d34a1d20342,RINTOX,3,Pd,4,1e6177a4ef57cb188c9c88c5fb07831dd1d5e2d77229d237f3dd4a3b8b036d6f,xyz/RINTOX.xyz,6c431077b4e63d589fe340ec9120ee402874724f4b8f33c2c7e4500d15a29752,4,"[2,2]","[2,2]",[],False
740,531,234614da2a31e16c510b53f2b16ae359bc02fea75b8413e55c998ff01e86863d,UJEKUP,4,Pt,4,20f9a5897a24a8cdd20241bef6f3cc11c192edf0206a7c8729471b7785457506,xyz/UJEKUP.xyz,0785da251659ffa00e72bbfc5a9332a36344631ad7e0bc0a1aa578094d90f6b7,2,[2],[2],[],False
741,150,235acb30397a64de039d31f17751a619c43066439ae33ed1733d9a0c99c56f89,QODLED,1,Zn,6,1dde80db403fcd3ac71fb666ec7e0b335dcbd01fe5da1b8851ccce71d05f259b,xyz/QODLED.xyz,1a1e7f1e41dc007e1f6c39244feb13432b9ec5d5c952dd6b82b8385f4394ec2e,4,"[2,2]","[2,2]",[],False
742,61,236f69f9b06be84e8b8ecb6783c9834dc6c4c40d5e2ccb1366a1448cac3ffa67,GAVKEV,1,Fe,5,70216ae3dccc78cd69757b7cecc537a84f5a7ba002b96af7368fc8bd925d4d34,xyz/GAVKEV.xyz,db9e0f4aafc05d361c2c433089f28efde8b392667df4866e2d7b17413f8a99ac,4,[2],[2],[2],True
743,532,23732f0d86996d8d9ff0910fd069db23e1eb79612e63feaed318123955460404,SUJMOC,2,Zn,4,908d60b2470df00a7bd75eeabda5dbf36cdcb60de5d62a665bb6e396de698eb2,xyz/SUJMOC.xyz,edc2c6559b1f42bdcf9a17bf06245ad6f17d2265980e1ccc93dc3343bac91af3,2,[2],[2],[],False
744,533,2381b5d666c051e9049760beed11998764405f609865887e14d622b5e976d560,LOQXOG,3,Pd,4,0c268fe44aefec0cf9e4d5264b6bc878c9b01473ad16de2b0e2d015f3741d693,xyz/LOQXOG.xyz,c1ba7043a5de56a2a4d6bfb28a7f8959128b309e446705395652c2ac4917a837,2,[2],[2],[],True
745,534,23908487c3ab7e176c84bbded299f2f3f75a3e7d9705f28e094012e9f9d4dc75,LALXEC,4,Pt,4,1ec146a3f2b861fde5e8e4975a0c2cdf01328689b3b5724e5c30ef65b8323917,xyz/LALXEC.xyz,b51049a74614e48dec65b2d8ea4882bd9224a703c2699943318234c569a5324d,4,"[2,2]","[2,2]",[],False
746,535,239aee2486eea101faf734a710025703e84949e659175312d40e9fe7e6299bcd,XIQPET,1,Rh,4,c22eedbf98562248ee67c433aeca664198ea86ecf45082d8f83d10fa869ccb02,xyz/XIQPET.xyz,ac916abb247a488a790f0ad4d405cbd1ec1a21e8f60164ab8c157138c15f450f,2,[2],[2],[],False
747,536,23a04e65c017b2729262711f91991087bc97745bd41789fccb06c1c7677abb18,BODTAQ,3,Pd,4,02967af8a0e5e3e4043b35483a1e11e2a871ea713d7d09311b0ae049f6b5c207,xyz/BODTAQ.xyz,869d518019bb304e2025d7f3e047d0f566c38c1a3bf9386acc4eb43d2daf7437,4,"[2,2]","[2,2]",[],False
748,537,23a6488d6f4aefee69764678cd31ca3211e0a1190a16bb36042c6f1b824e9b91,JEKCAE,0,Pd,4,ad4d140a065e451038b762be4a151dcbaeeab9a21c79d1993f16d7749861c8e6,xyz/JEKCAE.xyz,225812d620227829c99f65c1947792dfe513f62cc46ee383bbd4a7d905c30c8e,6,[3],[3],[],False
749,538,23b002c92d0ee932b709cd85da08989cf583dae3528084bc2d135319b20d59ef,HOXDAA,1,Ni,4,cfa49f874667004792341058e038508a39a62d3c69cef12755a1f4dd97430dfa,xyz/HOXDAA.xyz,ccf9847aec5fa4acad303f2c7caba2eb260240bd47b0b2e9c048b003dfff7a42,4,"[2,2]","[2,2]",[],False
750,539,23c858c91c6a08ad09b73554ef14f5a50430a6cb272a7ffc0a8a03261f9e9f38,TOXQUS,4,Pt,4,42a59d396f40c4eedf3141487f2cadce97d73d2c69442df2a5c3afa6aa6873b8,xyz/TOXQUS.xyz,675d3d25dc50dc74354aa9a4bb0f92725c4be7be3438f44e581c188ce2411762,2,[2],[2],[],False
751,151,23d0dd705b1cb0040b2dd1742d1aa78d55a7158043cc05414885063126d492a3,SIKQEL,1,Cr,6,d32a6e5d6c3067b475fd301e90d2f4a95249bc2415833e49c39d2390a55ada05,xyz/SIKQEL.xyz,9d4e67492bd73fece756d9d56d92e91f4f365be2561c37421b3d9e77914e858a,24,[4],[4],[],False
752,152,23d73081c37148d0ef59cab4c3a9e2face43751e3d540e572aa3916056c35c8c,NAVRUA,2,Ir,6,69fe37a7271b448a61f582a7cdf0a00ae42d6005efc5b79187b05bfed6a05335,xyz/NAVRUA.xyz,399865d45c49ca1940171d421a84950820f07f8ac74d9bf17df4406e53ac59f5,2,[2],[2],[],True
753,540,23d795b7656fab4120ed571ee59713838ad210aa81639e8aad14d8e993012afa,MIMCOB,1,Ag,4,b8b271d4cb13855ffd6413af59a1862fb31e291e7f94dc203c520f11b9c1b3b9,xyz/MIMCOB.xyz,cabcb0a83df5ce203268b0732ee8c930723368c5b078e5667ca070f62d5532ec,2,[2],[2],[],False
754,153,23e55a302c1da54bd1a2767397d673c1a191b5d1f878999678406785a807b97a,EGADUN,3,Ir,6,cfc443a66430fddcf45fade20fdad7a13e15b85e505a1cc4278e384646aac8d3,xyz/EGADUN.xyz,66b4ad5be68152e7327fa5dcba1f19e71adf87ee4e3ed671c8099fb08b673e36,2,[2],[2],[],False
755,154,23e72db18e9b9a213b21aedbe8982f63d97ffe4ca3222c368fadd257d04589f1,ZIGBIE,4,Pt,6,804f0b667d848e08607c2710e061e50f9e28e5270a6a58af0b2db5a8a0957eb9,xyz/ZIGBIE.xyz,29fcd79acc238abe38d319b5314b049b63104b73f72c2d124dae40b9b12b61eb,4,"[2,2]","[2,2]",[],False
756,541,23f8ad24b2056a4ef0580968914fbb21ebc867e8e60695ee937acd4ef96d8c11,QIJRIM,2,Zn,4,dd834c201b7b1ca8cdc9170bc95b984654fdf9ff9e64878fdca2a6362f30997b,xyz/QIJRIM.xyz,edaf7cd12db153a9fdab781df427a34ebc8122282cc62c73f8718d9b3db9ac14,2,[2],[2],[],False
757,542,23f9eddaeb74c8995d578e11e76794508f2fba0bd6bd9b74d9d913afa2297b39,BESXOP,1,Zn,4,c6e5e0bd519ae71ef09abdb9b4c18df6d651f9d1f573d51e5ab99c122d956d89,xyz/BESXOP.xyz,99c155055a02899ed24470e73fb748f47c11509bc1328a3b2f852e8cd05a0f9c,4,"[2,2]","[2,2]",[],True
758,543,24002037752a13901eb3d71272a5b58ce1e06dbec1afedbd01b7d7d23cdcef9d,RABGUZ,2,Pd,4,49da0f602865dff5d32a0d445befc4252efa0b33f0579bb8aa9ef058a3a2cd83,xyz/RABGUZ.xyz,0cb4365cbe148e004535c31f7f7603094a01cada86f4e4478ba2c446da24a48d,4,"[2,2]","[2,2]",[],True
759,544,2413210ef1547abec695f435ed786f6f90dcdf17cb3d2f7ba28a8f4cf39bd90e,KIKZUD,4,Pd,4,e4a52436f353f838d7ea517ee46f47edf10b43bc5cb12e6050572b4673ad9b15,xyz/KIKZUD.xyz,f7c5e9baa07362011b9f99301bcb87dab4bba28bf57d57502e431a2b06c3afe7,2,[2],[2],[],False
760,545,24330f5f48cee2623412baa881ba5ede55cadf2e6b51a9166b05dea87ba04929,JEZLUV,2,Pt,4,d200d8af5248fe2b471c3aee76c0b9e013d200931ac1a9138a26773c39ce086b,xyz/JEZLUV.xyz,bb40384bd9c72221b00b860d6e51444d89c309b3bc0ec75868b0f514f9a153a6,2,[2],[2],[],False
761,546,2443a90d264cf48a31aa72adeaa8798729b8ff54c032394dcf0838a34cbb942c,MEDBUT,2,Ni,4,2d8e838129a53b9db78f04ccd631b69bfc26e5d180b66b5545ecb9c24b626c1b,xyz/MEDBUT.xyz,fb5937660e79ced80d45de98c7404e2a2d774664656e922154f15abf67556ae7,4,"[2,2]","[2,2]",[],True
762,547,244f84279bd33fa80c9869fdfdb155311485520bbd947aec19f4c807bea79567,CABVOS,1,Ni,4,7564dc99338128042adcbbf0edf39ffa3512c56f1310deeb2539f0830d2a4379,xyz/CABVOS.xyz,70920a4783fc103be28874f6d3b1bb95ee6ede280e7a5f1cda8edd9f2b5f611f,8,[2],[2],"[2,2]",False
763,155,245eb22e25f4fc1016472084505f66ca5b0de0a275d738c41901db9693c2ddb1,MEGLUH,0,Ir,6,b34601290c730e4b5f70562087f8aba6c38b7572f22e998117ea0bbd0789027d,xyz/MEGLUH.xyz,14c3bbed4de2188fe70225a714b75e100d28687e299a0058bacb2963ccc28a58,2,[2],[2],[],False
764,548,246488f28f3428e39f2f156083581596963a4365c621e57e288f6a417f122c42,IQOHEB,3,Pt,4,d13df02607b75c46a5b988fbd5ae7e22b3d215ea6c7a1cb71d1726cc8b6bf123,xyz/IQOHEB.xyz,889a08ddf6f0d7c8f44e88147e676f6927bfb46378233096c7e22224c9a45313,2,[2],[2],[],False
765,549,24663804e866410565d3ea1b822abf9bf688a7cca8a50428e8c63b487a848128,TUXRUZ,4,Pd,4,b17753d45b6b68715d149d059583c1343c1aa02dd9ed9915192be3dda1d7e482,xyz/TUXRUZ.xyz,248c0937b310b567e21b91a59633c3f7b341a48bd48f077bbbe54c070a96b9ce,2,[2],[2],[],False
766,156,247099c9317c935360728cefc130ae81233cb3980298345f27e00c230ba75e37,SEHCEO,4,Pt,6,c69fd69d64bdee873a97c9e6030af4bbf64e84655b7d50285c62e1534f236c43,xyz/SEHCEO.xyz,f1595d57dc2ad8ba888167b427d8813637054eeb95ae135b3c4ee0532b6901e4,48,[4],[4],[2],True
767,157,247162705ce616b41744c85e2c27bcd30bdd5fa193c8189f3708ccaf210c4b04,EKABOJ,4,Ir,6,02525f358cdc1a18fdf27a0f3507743373f654433dca72f03033d2368bac284b,xyz/EKABOJ.xyz,47bf166f59cb18bfc743aa02356ee50f51eaa0ce110a1224e4889bf2b8445edf,2,[2],[2],[],False
768,158,247a64163fb5bba43153190515fa015189dee21685db034f7964b30f3d2fb80e,TITLEP,2,Pt,6,60ea95ab7efe2c75da62ac059ea9ecd96c3ae0bc719abe45327191aa47caffdf,xyz/TITLEP.xyz,888c726f520bea8d8a3f1f110a2a7985437070aa57b95c584db1b32f60fc867c,4,"[2,2]","[2,2]",[],False
769,550,24b50fab0058dc5b19760deeacbafb41d633bfb753ec32116cb6ba9621336b11,OVEKOR,3,Pt,4,3a77c77829c8cb8eed12f4f3f0ee0e2c7ce83b0d1ebe0dcd7971fd1b6d8b53f5,xyz/OVEKOR.xyz,90a882b289d67905180b471a2b252bcf946d9cc7c91edc31efe7fb84610a68f4,2,[2],[2],[],False
770,551,24c13969077b6800933ef3f32c53675c55bf4385acc18412fa4f04a28762cc48,QEWZOH,4,Pd,4,5567b63a7d28a63ef068d4e3ab0f894bf264d87f6a669e316480039ab9401337,xyz/QEWZOH.xyz,9dc7ef9d1dd55f2be330699a8db30d7e551a07057018219fa452999c510f3c41,4,"[2,2]","[2,2]",[],False
771,552,24c148a4e8ea68afa75d6a24fb0f7e5bdb253780e77e60bdcc4f43a52870c6cc,DURYEX,4,Pt,4,1402b8208ba34e32230949ec0ed6095a7c64d083c51fb7b4d2d655895467e10d,xyz/DURYEX.xyz,2e8cf762bffac83540aef0004714a8ff4740d0eaf94be4cbfe3a880db2555cd8,2,[2],[2],[],False
772,553,24dde4bf0037800e281f17e1a69d9593d62b9b15f637dc90e2a4ca99c6470c94,NEYFII,2,Zn,4,0c206bed656df6ba1374cd85cb77ee3f5047fb3eb24354778866ecb11350e40a,xyz/NEYFII.xyz,4dcfef0e92a04d7400e38c3fc6d391baa3c840e5e0fba97de6caabad201fa672,2,[2],[2],[],False
773,554,24e348d1dee7a6775d8898a4ce3f84dc4d3b39473047ac7f4821b7b58ad9d5c6,BAWMES,1,Ni,4,244a0de60a851c63441f041d14175967ac2aada49633aa7ae8b02eb3bf112735,xyz/BAWMES.xyz,5be15ff17ac2b43c0d6f2fb878dfc03632c641f5358530ecf9a5edc4cea9bef0,4,"[2,2]","[2,2]",[],True
774,555,24ecacfdbacc37017ac38f251b19b6748c03909ec3f50c2ff412aedf4e4728de,LIDMER,1,Pd,4,2116c40094ce8962b855144b6ef07a69954dd5c1d818192c1c3cbed203a5fbae,xyz/LIDMER.xyz,92ea13a89cd5d44712ed0b1022ec4b29ba28400e74abce573557e98fdfe2d223,2,[2],[2],[],False
775,159,251a599b9880c5f01215baca8f3af0697f5c63c791389b82ba53ab9596be8779,FISTOR,4,Rh,6,f85d81f7c7328040497ba78000e1ed977269b0034b36ec1839c981fd07c4b519,xyz/FISTOR.xyz,93e5ba9573f4495ffdaee0f5dbe4c35db578100c272abe396ecf39f49b49dea1,6,[3],[3],[],False
776,556,252b33606f7c6eca3d31ace60e9f695b3654ce75b18b6d8c4f18196f390e1fc0,PIGWOT,0,Pt,4,dc1eb2d2bf8f0f0209bd3aa48d8d0028a1fccfd6e8fa7a8d805d674df21f2f95,xyz/PIGWOT.xyz,217b66769210b2120248dd4f7682adc031f55a20cdebeca1ad39554b07b29edc,2,[],[],[2],False
777,62,252d0dce1a0c68cb53dd292bf0a9480d00986e0a755404df2302fb911d422146,KICLEQ,3,Zn,5,33b66e07c77726290146135d89fd0bd52da94dbcc8dc996690000914a3557274,xyz/KICLEQ.xyz,a7559ebcb863d223e6bfdbc6f64e1e4614de404f72805b8533493143a428c3f5,2,[2],[2],[],False
778,557,253c06e2e864d2604a97f916071d6be0a2cae4483d02e55031441f0512910964,VUJJIV,3,Zn,4,78f28e056559387f6355352b8b4c8d2ffa4b3b3ff045115392f12260c35afecc,xyz/VUJJIV.xyz,09b03d3aa29601418469adcc4c893d9dd4ea4d84c738daf454fc27ff28e07683,2,[2],[2],[],False
779,558,25455c5e4930dd5ee12cfae2a086c47959d092bae99fed1f354b0bb478904069,NOVJIU,0,Pd,4,f740ac5b6a0cb4e85c1f04b781b4a14f660dae540ed6e3ea1e25774063c425f7,xyz/NOVJIU.xyz,d256884ba26d0fa6f11ef730c10987f5f9c9a2d60b1945c5f473282352fbf102,2,[2],[2],[],False
780,559,2549d7364cbdfa25a00ff0f03ed48ead2b2242a538bb8f1749730d15fa343280,YEFKOJ,4,Ni,4,f723de6bb4bcb3c8ac37f632939c25600e30af02ead1a604093cc36cc7edeff0,xyz/YEFKOJ.xyz,36632b69f1cea18c3eaf45336f022f3a31ff3476f5597373723fb93d3a023d03,2,[2],[2],[],False
781,560,25691ae32b70a13416dd7a148b29f7aa10e068b20c54787c9734c46949ff550d,QEZCII,4,Pt,4,ecbb9ca1aa498b9926395de1c4d1c926c76ef0fe8f90da1abad9b6e9c3185e89,xyz/QEZCII.xyz,ce8129d662b2a962023601c38d8410e2d7e7e57f77a70ba2edda2054fe139072,4,"[2,2]","[2,2]",[],False
782,561,256a5eeaea67515abba80926ee645c04903cd98d3fbe3255084703d4d2e039eb,XEZWEI,2,Fe,4,97748ed4cb7e8d1a47e148b65f9f92a21cc2fe7c15ffe672a2ad0028ef11555a,xyz/XEZWEI.xyz,be91cd53d497ec0f94fcee171b8003cc391934970a9a8ecc980399c98aeff389,6,[3],[3],[],False
783,562,258501109e8b5311cf535654007cd2ed6c8c9a1e50f27d11100a25b4c0fde556,UZEBIL,1,Pd,4,2c6fcb9369c65c9e1ec9a759e59c77eeabb79f8301a6f771fc2c362d48f7e84b,xyz/UZEBIL.xyz,73bb1ad369d602da9e403ec72980e206454eb6346b852c4bd3897cb560bd4453,4,"[2,2]","[2,2]",[],True
784,563,2593856cc5b02ca2bb2fe633b0558d0f8f5b1cfb6902e16e888d59b31f0692cc,CINMEU,1,Ni,4,5822cb0bd8c187bb81ca3d15c7977c0b468763e87aea3b891fd34c6606f32c6e,xyz/CINMEU.xyz,557336fe06e32fdaf1fc48ae83861cce226582eb3b966a0b161b85c09a638df7,2,[2],[2],[],False
785,564,259c83008d465cdb43459d19d13565de4c3af7ac16d68b73519787366d4762c3,EFUZAG,0,Pd,4,d35df00293f138b4c56b6b955717f3f4716d0b812b86198f54a25f328b8539a9,xyz/EFUZAG.xyz,d0e4d72e5c1e1e0090a17e6a9575bfc8e781c342cdc4abee1b79e4b139afcdd7,2,[2],[2],[],False
786,565,259f13f5b675436a0160586104d736900b5d2a6159d79823156772a6feb9cafe,HAVBOW,1,Zn,4,5124c2b24a3ae3cd94c09fc8351a1027527fe9bbdbcd96fadff97b2e6281541b,xyz/HAVBOW.xyz,2054bfd41798b4b3de4f6911a380d751fc7c3bdcfb1c1e6396839bb12a72aa76,2,[2],[2],[],False
787,566,25b6a6ad9f884760852f083eb7c95d5b479cd0ddc6aa476fd4c730f0b6200634,JIBHOV,3,Ni,4,749fc833d7d361daf0ca1fca36977ee741628d6d7bff0699ccbc69cc943a41fd,xyz/JIBHOV.xyz,275f30d240460e7664bf70c3238e6f476f940e82b6aee340300e700617563d9c,2,[2],[2],[],False
788,160,25bd246646f5d2c004d190ac602e33e1b6cdf3c2307281bcbeca80226945aca4,JUKNOS,2,Fe,6,9cead4be794bbcd60f8352b2d9f36983c08853e6660948eeab5c737fbc51b91e,xyz/JUKNOS.xyz,c42cc883aabc33ec50ac30b46996436847d0248399b24672fdc669ca9e544d44,48,"[4,2]","[4,2]",[],True
789,567,25c33a967913920bfdd796a3d51a4bc5c216d98932947d2c3bcb4501b8099ad0,USOKOF,0,Pd,4,49e4f43cfae01a07eec07781623223b4917abfbd23be7351b61e664cf700a27e,xyz/USOKOF.xyz,4da008fdedf8adf3b438dff9169777510cc723794c80614226cec1b931227cfc,2,[],[],[2],False
790,161,25c86ee32f6fd991c7d597e9f8eb5846e3bbea7941b38d05cf38162b2be4755d,YUCHEL,2,Ir,6,8ab64afb45f45af5020bbf3798813a0226edb35a00a763465764608b0c55708b,xyz/YUCHEL.xyz,6498e940cbe82961517b9882bb36b05fef013b5f7736af26aa204ce12d887f5b,2,[2],[2],[],True
791,568,25cee4e233496101080440fd918615a7538aef7f3ea049e0862288f344436be0,EMUKEC,3,Zn,4,611e66c008fd28ccc6bf532e49b74953225a9e45dcfab5cea08171a9222ece0f,xyz/EMUKEC.xyz,c000f12c31cea0d0cde14f5857c4c6de7622e10e102391ed4e5c0b470222519e,4,[2],[2],[2],False
792,569,25d7cd0a12451432bf51514b3b690de851080e267d7b11d4bd030b4a4573d6b7,DUFYAE,2,Pd,4,f1a0d5e945b7c1aaa183900247aa5e17101a801b1b2c030bd45dca8fb0e6d1bc,xyz/DUFYAE.xyz,e38778c4b6bae18a23e3d7b126a11c3ab2c9cd530ebeb6e95884ce462012ad53,4,"[2,2]","[2,2]",[],False
793,570,25d8739e11368f2ada7e815a309b469aaca7a62e4171b11a3f6a6b7ddbf7c419,TAYXEA,3,Zn,4,cef27b23e132c45275f530a3b899e286a087993e86e89d419d4fd5d8dd49ee72,xyz/TAYXEA.xyz,b9c7d20500b024102b8cac831e84c341e3b0252631da94dd9d78aabb7442b550,2,[2],[2],[],False
794,162,25d9559818a770c4a98d5bee68de7abcc65b6d97443517b9996fabf6db38f5bf,ZEPQAP,4,Zn,6,f0497ead82ba24edf6d347121468f6189125c7b65fee1d9184ecc1a9e6e7b00d,xyz/ZEPQAP.xyz,be03f04853167401624ac71473c0846091f05af1f1b6bbcf6ab699a757dbf8d1,4,[2],[2],[2],False
795,571,25e8bae2dde11b7cf63a69acb5cd74688309250000ee7fb8ec7a2f2164a7d6d2,VIFNIJ,1,Zn,4,3a1df86429c576633fafb54eeee6ad1cda2822901907d9513285c80f63f2da56,xyz/VIFNIJ.xyz,904e09623373080f0b1f3eda876c4ba56a14ec290f26d1d7e2b082ce0a39ca37,2,[2],[2],[],False
796,572,25f31b461e317844a489827d5bc34ec17ae21a3905fba80d7952cf08e32bffff,FOQPOQ,0,Pt,4,5e17ce5e2af75adb0457f2a3156499c5bbcd96ece4acebe239cffc7ea9eeadd9,xyz/FOQPOQ.xyz,7bc110c03079c9dad90812162b3fc75c87cdca3c68f3dad6bc86e7249a811f06,4,"[2,2]","[2,2]",[],False
797,573,25f3b97e938fe27efaa33e6e5732bf65df2a93d2b333756f6ba4dbe2a11f5904,CAHCOE,3,Pt,4,bcdfa8ce854a37f8dcfe7c6d094abf5bf8036f54cb62198eba93a9585b9ce72d,xyz/CAHCOE.xyz,de70c2fe06fe9fad8ebbb0217a56215004affb8e142116cb35c727af60ba01cc,6,[3],[3],[],False
798,574,25f5ee786f391e5e62850da095e36987bcd6e46c492186ba7bb74576dace4ad3,FOKTAC,2,Pt,4,659323c2d5decc45548637d5e00b03249a966848e3e4ef85a670015f7e19c51c,xyz/FOKTAC.xyz,a8f12d31496aeba2dfbf2d460616fa506730a8707a02992b2cae2cb0b0639be0,2,[2],[2],[],False
799,163,26095de868aa31e2bf9e8aa8576d81512df8c770db5a1ac157e11c2cc8db12ad,WOBQOV,0,Ir,6,a4011debc10e919f0646abc7795d0a179ae5a4c7d90ecf12f8acf5b140f0ef40,xyz/WOBQOV.xyz,79e7fbb78bf919f5138af02b65c493aa1e08b5567e0f2779788da66174a2ce0b,2,[2],[2],[],True
800,575,260b378de37a395721a55056be73967e3bef3cabbb446630ccf33cba53ef111f,FUZSEZ,1,Pd,4,68edd885d6417656c9b33a1b9f9295e0a2f4835935caca9014d58c2a4a9a6cd6,xyz/FUZSEZ.xyz,fa80751abb0190a56f7d846564751acea8cf989ba994870a2c4cad3280ea943c,4,"[2,2]","[2,2]",[],False
801,576,260e65668d296b37e8e024ecf9dd89c0d4668f58b9510a8a5f191c80d2ffb075,MOBJUK,2,Ni,4,67e16c9ce3f5abecd5befb06f9a18a5a4fa486a2cceecb94592c52f1d2e9f043,xyz/MOBJUK.xyz,debd8e837dc526cbb97eb48ac41cb919a088108d763a8e67acfa4c4d4c7b2a5f,2,[2],[2],[],False
802,577,261af2903f646a6379b98b37541d4ab3b60a08c5a2a36e109318a7ea3f5982f1,NOQFUX,4,Pt,4,7f981cad1a245091c02234f3f1d1e9df842acb9a47f1cc024f8539635cf254d8,xyz/NOQFUX.xyz,72e5ff3a11b2c377ae96563b33d4e780a94be3808be8cf02a6dd05e49603d7b8,4,"[2,2]","[2,2]",[],False
803,578,26232ec739489a23f0429f92b723b4386125db0150acdded823bbd00e40442dd,YOCZEW,0,Cu,4,20cbe056fc4c31399e66ec280446a8109ffbe247f9088fe5d50867573b3cc15b,xyz/YOCZEW.xyz,ef246112fc562786228b9ac7af76290b5a0928d85adb9630d49f06a21486154b,2,[2],[2],[],False
804,579,26322b15bdb3187c223bf05ef4067462ab3a8c3d248817ae335e5984b83bc31e,WECGOD,2,Pd,4,5523dd169fe8b03e07c67f37c515ee796ccd51f4a03775c519344267020a64d9,xyz/WECGOD.xyz,0f2eb76130603009fa107b19e07e0e0feca94cbdee011b01f5927cdf5b30a092,2,[2],[2],[],False
805,580,26355260defca4811072b978f66ae0f683bf9955f2f7953334864d6d0ff3eac6,LEKVOO,3,Ni,4,dadb7db61bcc62af74ec95e6e1b6c7272f6a5e9760c35b7d1c826a0132b496f5,xyz/LEKVOO.xyz,7e0a9d76f3d8937ae7c2a04af8d45e8763eaaa7cd6394b871ba86b908838c125,4,"[2,2]","[2,2]",[],False
806,581,263fc9e8e590e82a8deeabe76fa14b90455fe9d70e4acf1b6f13ff1f8d49b316,XOXMAY,2,Pd,4,b27185abe50230fcf0a90168d2adf505bf9ab82768d141df4b6e3b562fa324e6,xyz/XOXMAY.xyz,10ea8404fe6858896fcf80b82f8788df53ef54fcc908d222f4b945b6d0dec29c,4,"[2,2]","[2,2]",[],False
807,582,2646af4d042fb6b1419649aca4328199295cf694f8aba057f2a798552868a50a,IYURAW,1,Pt,4,bda0f0cd5cd0bf10d527f34c412a5eea538d34b7c5d9d76affe31567a4926e8c,xyz/IYURAW.xyz,26ce085fdaba31dc6daf95b5eda41258436e17724529391295f14116c8335f97,2,[],[],[2],False
808,583,264c711200ae78265ddfd3f86b832aa27421b2d31aba118c0095636e3bb44406,OKEXUZ,2,Zn,4,fc3f68604b9d00eedae607ee7f3108a3bfeba0c298b7fb96f39d53f6f61c4a1d,xyz/OKEXUZ.xyz,b15f95f2e35367ec5f8a584e50689a51d3f8b0e1ff48815f335133b6ddd2e498,2,[2],[2],[],False
809,584,264d48f58d0d33d5127fd4fc439a68f6d8f5d6ce80fc62e72b33d9c1a1464279,ONEQUU,3,Pd,4,07f0f73df31dcfd15e352b40f94cf31b76757f69b5b595e388032e2c741ae52e,xyz/ONEQUU.xyz,6edbfe53d184f5de25752301403465d38ef8117aca0d6e0e059b9b03c8f9c460,2,[2],[2],[],False
810,585,2650f52f412dae3d578611c5105ee8b9d3a277ff16665d5266f21bf8540e8f32,ROLZIC,0,Ni,4,5f955bbcab90fed7fceed26f9a7a7c1461d4c2937cfdb12496048568ca798fa0,xyz/ROLZIC.xyz,160c74a97b9ecb3c9b7a6433231755a68167f5538538e426950c65a25828adc8,2,[2],[2],[],False
811,586,2655a6748f9dcec22e6e3856bbd313486e9259a24992b94c5597a2d851a78f2c,UBIHEU,2,Pd,4,416efb8f661ac7243142e780f81f93f553c30eab4023bece950c17c7048e766b,xyz/UBIHEU.xyz,320ab1f8aa7a2bcac7573b39074120d7d6f31c38d11ad0e715afd340d4112e33,2,[2],[2],[],False
812,587,2656cb3b8bf44359cc8da02061e0d82887134dc3d267ca1b283c9133926f8de3,CEQJAK,2,Pd,4,c7ba6ae8d75b0ba2746d8d3f9cefac36cb05423d24d0d942006fb3c8874672f9,xyz/CEQJAK.xyz,c6f427dbe8cc2a37dacdc2e0494b5dd722efb9becc71e3944bbd1f12bf8394bc,4,"[2,2]","[2,2]",[],False
813,588,265850a03016b5d3964de93b62d8a5f9b68588fbf65ee06f8e2d74f56623609b,RIVWOT,1,Pd,4,0d0991851429df38e29160f17b0e977c62d7251fa4b99e746079ff55b453a849,xyz/RIVWOT.xyz,b5d934e0a7edc4ba2541efbc877a50eaa7ba5267ced701478f005498d53cb505,4,"[2,2]","[2,2]",[],False
814,589,2665cdfc101ee621624fd1d9533d1924c8b6056d61b17d0e5d119522a37dff7f,HAHVER,2,Zn,4,1ca1d6f610b70ed8ed1599f48c7c208c0cb3370ce4c08faa77b6fd6311cbbda0,xyz/HAHVER.xyz,06cd91c4320a91fa49828488ca7561785ecd3bae14e65a0fb911ab845a81918c,2,[2],[2],[],False
815,164,268fdd34e601ff84ea5a532df4ef03781a3b965528bb11fe9411323f7a2dd3f2,TUCDUR,2,Ir,6,a1ad0b4a1138bb6b3bd5271ba6aa89171e848450fdb36db52f82827330e3797b,xyz/TUCDUR.xyz,9bec74fa9938f360c5550ab315331e6e71dc188b37a615ebad25f59c50ec1131,2,[2],[2],[],False
816,590,26a69d9af9c33a70cf34a315c0e449f7e9fbb12791c9c9a00665d1e3bcde8228,HIQBEO,0,Zn,4,63fba0b1eaa11ee99dc91f3ae69b76bfba44b22e17ffe8079fc54e8754c8193d,xyz/HIQBEO.xyz,0b5a4997b78e05896e0d1dc572427ae8f6878a13798fd611cfbe68bbd44c62cc,2,[2],[2],[],False
817,165,26b3e9e147513bfb5fcc51b3e288fa79f400f21e8c2c4ef6f43601a5eaf2a1b4,NEPRAF,2,Zn,6,97eca5fd3c8a27dfa1f141f0ff7951c5792d23edde2dc6764d131c6102e85b94,xyz/NEPRAF.xyz,1ac502affdbab58be63973ff45576b00013daf17ba5394a30f24c18a357bc452,48,"[4,2]","[4,2]",[],True
818,591,26c06eb73b5ba4e0822282fc5db9056f9fa8e42666d9642a50ce5edbe3c89c86,WOXPOQ,1,Pd,4,211852ee19e16d9de3e3fbac2b3bf7653ba87511da3301fc654758fc1ea350ca,xyz/WOXPOQ.xyz,f0651db54c40f86be1c0483e5adf65d4da63251d851ab03066a28c481500b319,4,"[2,2]","[2,2]",[],False
819,592,26cf0f7619c192246eb8be8d558d9f035ff7eb5976ea7cc162c5266adf175540,ROMVIY,2,Pt,4,39fbb5b983930ee583cafd561ea1c26325cf8963abd06dfd3c232966398aa6e9,xyz/ROMVIY.xyz,540af1b7cd0dc43f9e6ba9e9f9cd6df3a3adfead85b74c89422cbf9aeb4fb85d,2,[2],[2],[],False
820,593,26da12df7f23eac7bcf57acdebff16be82b96cb6912a7edbdbd1fef08296219f,LITWUJ,3,Pt,4,30f97e18ed1e49e768bb111dd713628c7409f990c4a17f26f33c09fcd8575de2,xyz/LITWUJ.xyz,95382a7b565f79b69d8accbe902ab911290ac2c8670b345d5c0031935ffb302b,4,"[2,2]","[2,2]",[],False
821,594,26e20de5175fced9dcc25893669d7775d0c04609579d3e791c420085e6dc5976,ECEKUT,1,Pt,4,b7cffe360756650a7cf229ff05b3d345e3275ad1b3c21ba4a4b822b6770867af,xyz/ECEKUT.xyz,9c41e4b53320e0da7ead8838d74a30686aaf472e631a62d3bf1f7c8f1577396b,4,"[2,2]","[2,2]",[],False
822,595,26f0b467402e3aa64937e35ff6722743268658fc17273f20ac1cd0cc91ad4047,TUJCUZ,1,Rh,4,20aebb12f1c4c6c3406c6cd1fcbc70b9b71669d4e866d4bbe4e3200111b4ff0e,xyz/TUJCUZ.xyz,200c7de98e9a9690f64eeac4ddf6e59a09b63dbf8d0c2186b3f9bfd2ef7ffc51,2,[2],[2],[],True
823,596,26fb62647a1214b5112186aa0fb33b664a134ac15ebeff8b119ee51a55b63051,YIPPUJ,1,Pt,4,152e76d231d51fcc17e401ebcb42222af15fb2b4a5b2da0c2c928774a0f4d1af,xyz/YIPPUJ.xyz,5eba44324b3f7edc4e85123bd85072f672ec94e194c50637f54cfbce06838997,2,[2],[2],[],False
824,597,270785a508d5bdbd4f05ad40ef9f7d6ca733ca6eea0eb1b0ec9f7d54700be0db,DAHXOB,2,Pd,4,c122d762fc166af7f0d1d2a8bca28775a8e5df9a88cd2d0e6fe23b73b58838b5,xyz/DAHXOB.xyz,502a30622db04672f0163b4c90d556fab6cad2378b6fa6d0689315b37c9d0d5a,2,[2],[2],[],False
825,598,270d25364f4d1a018a9d1bd00b179a765a2d5a5df01593542864c51cc623f59c,CABVUY,3,Ni,4,a956f01635c39cc207cb2479b49b7335d5921ca1cf2094695407970fc890970b,xyz/CABVUY.xyz,1619427cf545ba16ab46811d4df6e2a682bd8000ae80166545c1acd76d831568,2,[2],[2],[],False
826,599,2723687fc9b4b22af2ef56c81b2a2912c96eed1e1de59b84f170c9d03626cfc8,YEFKUP,4,Ni,4,2871d584659360c267baa6af0ae17075b1825a32531209110b6017ce5041f2e9,xyz/YEFKUP.xyz,3cbe2f5683aaf691211907c5993a7629b03465058ec66d18e9118c2910b6d5d2,2,[2],[2],[],False
827,600,27274607f61189ab87713533e16c0767c5304ceb03c6e50de41d7bae151ad00b,TIZRAW,2,Cu,4,4d7366222ae48e198d75878d5e4ea07620cf60f1084e066980205256f5b4fea7,xyz/TIZRAW.xyz,db30ea1136f9230ef7385bcfccf11de0d846b5976ba1019f36ed262bb833988b,2,[2],[2],[],False
828,601,27353e38caac69a947bccd594fda842d5557b7c4e58d7c96414a123f80a75dfa,HIQBIS,1,Zn,4,8b19d8bdc35eb705eeb113b1893a85d243671efc5aa696e3e86af6e473893d6c,xyz/HIQBIS.xyz,137bbe82d6faf3dedb6476dbf8518ce56486dcd38ac23102c0e6276fa78cd45b,2,[2],[2],[],False
829,602,273c257706a312d1bee7f6acb3094a605a28df0cfbbaa3216da5f13b80b8470d,QEJNUP,3,Ni,4,b2c83fa88704a7bd7db40e6ee9ef4a6d384178c22f55485340af4ecbed239fe1,xyz/QEJNUP.xyz,bc850417844abfbb670fdaeb7a13e22d1028bbbedafd0de820a5d5b625559639,2,[2],[2],[],False
830,603,274882f0bbbd78b1c8cc74c303689c269ed87912e086f174ddcd4e8f54a810e8,LALXOM,0,Pt,4,0cafbccd549f5fd9b567dc45017b76ff31a89691f8655ef1ed0e5ae62b25eba1,xyz/LALXOM.xyz,be2d6a41bd7e0984193bb4b1c6583b30d151efc327224c018a0d3afaff112520,4,"[2,2]","[2,2]",[],True
831,166,274f1ddd149cb17814de9de6370802fbd688e6fba861ea4f19a631fa1968883b,IKOZUE,3,Cr,6,f5c3b2e06c735697e8e6eb447af5971581c7f364cf08bc1fc6407638d8d3bb55,xyz/IKOZUE.xyz,cba3c0cbccecbe629772eedec2451447fe07205ceee6624183afb87e44849114,120,[5],[5],[],False
832,604,275b9d6b57b779f07003171c8ff63a87a6f64b8c05d2aa90b47d1f718f93edde,LUFLAZ,0,Pt,4,03bc2c9a82510a9aa824b9db01f7df8da74a2812f7639eee11231218c12c84f4,xyz/LUFLAZ.xyz,8eaad8e0b5852001419d650306f0bf7b17d82eedb34286af9a4ff368955c2b0d,2,[2],[2],[],False
833,605,275f3760bbddf11a8378cc1458b43a7187508c13375846bf1f7081d5672b0d06,HADJEB,3,Rh,4,e59284e3466b17c476ffa9166b9d0c8c71600b5469cc871d4ece5c1ce69c49d7,xyz/HADJEB.xyz,c703ca3e33e04993e67ae3c0608edf65b9c13c77b983422bea1696fa3193103d,2,[2],[2],[],False
834,167,27614ee83c7c31c81ab0cdf6b19aad97883cef926e78c51cc847668a52c81874,BATYEE,3,Fe,6,e431f2d2ff164a69d9082e1bc11775e76e97c585884c80d69e2827754d918860,xyz/BATYEE.xyz,d959be435b4fe471505b2342a15dc55a454cf7bb5dd175a39076d77c7c58e7bb,2,[2],[2],[],False
835,606,276369a8d1965d1a174705cf5a50d59295f5858e395d88ba991f6e8b43b59573,IKISUR,3,Pt,4,bc52c0634cf5fc325d1a031f45ad081b4f0b016130ea664d93b39d023d4befa5,xyz/IKISUR.xyz,51bdde7661424797934b52e85bd0395541671af4c897519d13d1f69f9e7f16cc,4,"[2,2]","[2,2]",[],False
836,607,2770169b95af309c57a49c469548264dd41ac9915ac24ddc6a3b6155d725b6e3,RELWEL,4,Pd,4,75798a67dd7f4966de66f8a0837974982dd84834e816159e33b15524e8464fe3,xyz/RELWEL.xyz,cdc40ca7e5dbaa8a5e272df462e8a020c6f8a86c19a4a9ef3dae2762d2a906bc,4,"[2,2]","[2,2]",[],False
837,608,2776603e21e3c706255789f9c3497321bd8db10e44cf856a11272dd33773b6da,XONVAZ,3,Pt,4,3d2b98b64519b0bf3079c6adb2440084e226dd3b5de75d69573443d41c5361d0,xyz/XONVAZ.xyz,f7e5ca26eebefa88caf7a072047932ce87791e3797e5377c39dca658969e081f,4,"[2,2]","[2,2]",[],False
838,168,277a7b3f1b6ad3af21b6456fa54226fc4a06958859a5558851d16070c3b05c87,YIBGUM,1,Ir,6,289bbafcdd617319d737c2250be77e18605d7f2983a90d7be29dd588ae0bd972,xyz/YIBGUM.xyz,8a5a5a7132af7dd96c6f0cc7d9ebf24558674457b32813b0bac22e8a90234555,2,[2],[2],[],False
839,63,2785a0b12113b4437ab30f291dc147981626d7b6a7303a374cd16542cf493d04,PERMOP,4,Fe,5,cbc3db563a6df306dcdf5e12bdb0435105c9500804261c483a86c70c20af219a,xyz/PERMOP.xyz,9b229afa480ca06f6dac05bafd3acc733731cc9bdcfe70204588d40861970939,24,[4],[4],[],True
840,609,278754ca4d25ef3322786962a254611a83cd075b57433e33538077c504ab4979,AFEDEV,1,Zn,4,3e85b5383d81eb20e354ebd8278df029765b89c1912197ad460b6cf6a25f8c3e,xyz/AFEDEV.xyz,c96ced1de53b77a40f77d840b62648cbd02e0a9b0c003a8cfa7717acc53ad206,2,[2],[2],[],False
841,610,27a795a235e1a7ab8d67173528086aae303fd766c8bc4635ce76117e03fa5301,CUFLOE,3,Pd,4,908c195ba792730b3a99eb52898fc7e5b2a46c6493385014dc4bcce152c6308d,xyz/CUFLOE.xyz,23adc01fa34e90733bb94b59c73b0bbd06e6739e10e95a2e82871a72db78cb78,4,[2],[2],[2],False
842,611,27bcfbe256a966932ac49eed2cb3a5c727da6f12bdffad845bc0070d47ebb7ba,IWAZUE,2,Pd,4,b48a50c1943d1105ac766f9b83d80f2872594ba60e26a01d8bda66bd660c0f26,xyz/IWAZUE.xyz,5c68d5e2c7d6510939382e6b953c1cfe7ab7d62b91ed7882066c91341efff9f3,2,[2],[2],[],False
843,612,27c04245af0dbb1e25f0e32f60aa4b676e272a9c0e4342e4ee61fbb089a5a8ed,MODVIK,2,Pd,4,8a77f7755fe7b2fede6a2607026be410d71fcaa274f5c0a66a72e9209a02c8b6,xyz/MODVIK.xyz,5183f44c61115b81255d8efc76482253a1802dfd5f035157138f4e00efc55494,2,[2],[2],[],False
844,613,27d70869db0ee69bde96535bdf474a98216bf4b97edbeb115357e2138007de7c,VEQQAM,4,Rh,4,ee76609d83c22862bab354440402a47c8bf3a98f861990767493f5ee97fbf45e,xyz/VEQQAM.xyz,a12e8f7a45d995b3dcc9f52f9817ad39702d33af557135b1db141694f72e6727,2,[2],[2],[],False
845,614,27e38860c5c664dfb455e525cd6f1f9833b35d1a383071384d3dae5442cbf89f,OXEXUL,3,Ni,4,58c6fb47fe4a112548aab216210f05523c74da6cb0874297fe4b7c3800f6259f,xyz/OXEXUL.xyz,e019e7347d71a7e671cd259cd966a3e3bf78e930b946329a0298fd0367e9bda3,2,[2],[2],[],True
846,615,27e8b18894bc9eab557bc81f67506ef851ceac490d7693545617a18dbe3d5efa,TUNLAP,4,Cu,4,4fc11c9a6d2d0fd1dbbc7185fd7821aa199b0e5178ce89220edb725339d026a2,xyz/TUNLAP.xyz,991fb6c95625711bba9e7aac4ed4919c2f3a1b4a3baa7fbd4da117f94f85402a,2,[2],[2],[],False
847,169,27f16cc6258afd082300e48df6c8c02370c2d3a82a461f257e71d523c1699c84,YABBIO,4,Ir,6,ec82e202d0352d07af4ce6c0329218b58f6f79346f9c8b443a66d14da128db0e,xyz/YABBIO.xyz,3367b230025b3f99ceaaad07040fd3db14b6e1da05975213cbce928ad02e5805,4,"[2,2]","[2,2]",[],True
848,616,2803501dd6d8993e036f99ffb26ee0b739925d41ff57646ad0224960d3e5b3dd,FABBAM,0,Pt,4,8d2aa2b6e7d0254b7be865503159c3aa4e4d51755fd5facccd046cc9556fe18a,xyz/FABBAM.xyz,2f1e3d08b4b7cb34ce1b7afed65dbba4f9e4131f0ae7e8b70812c24792a54ec5,4,"[2,2]","[2,2]",[],False
849,170,281b2f7d4e58e029b05d98542bf7fc858284eb2f73adca092c33396a25d528b3,QUGFUV,4,Fe,6,b3a073fbcad926716739c4487ce2d5f6c7ea13eff5a92402d913be7c190fe945,xyz/QUGFUV.xyz,6af33c8eb8759fcba09ca8c80ab9010742909ff64d70a1d178595154d37340ed,2,[2],[2],[],True
850,617,281f079be7ee7cd980dbfe84573eda0cc2ad0f71ad0aec240b5eb6d454223172,VUKWEG,3,Pd,4,9923dfd102364592807ffbe197a0dc58bb7b0bf2fcc1880cb138c83ca5f4cd21,xyz/VUKWEG.xyz,93275d9f0bf48eb3be4709961fd53a35739f16cd7bf72ed01b61a25f4acff88d,2,[2],[2],[],False
851,64,282386432ddea08b78a1507893e4ba4ad2164f6f97ad0b3222c9e422121484e7,TOLBEB,2,Ni,5,4f8845145ea5ce4ee8c2a4c146abb6ebb0bbae1de3cd80d86979b080f7756b9e,xyz/TOLBEB.xyz,efc69e04d2c874cf722aceff6acf772d0607321b3f3719631e916e5d16c735c8,6,[3],[3],[],True
852,618,282b519dd3eb9a69c812dc5aa6bd77688f6c32bb5737aab0e19fba22203a89fd,PIXROE,2,Pd,4,4c0a261b06f79f4d7c991ccfb34a31338ec7fb1b63fa72d2cf209d4246016067,xyz/PIXROE.xyz,4c7615c8777291f5e2694eb1915ab257e01d8ad0f8fcd89073df5e461616424d,2,[2],[2],[],False
853,619,282db1d6029f8638677a210f862a982702e3219849a2b5360a9b992c3dae61bb,FUVNAM,1,Pd,4,aed4f73e6394012a9f5e214656c0814d26edb440db85df9b8573b91251429425,xyz/FUVNAM.xyz,28f942a7e76adc0ca968d349e6779cbf66970c946a9d42c0c2992cc04711d14a,2,[2],[2],[],False
854,620,285164a72804b47a1ec03fe31dbf2a01eaeebf898d3aa695f567ea29cf5a8459,VAJBUH,0,Ni,4,6597dc66ad5a263206f23034230223d226721ee0f67195c6df839e85fd600ce5,xyz/VAJBUH.xyz,d3093af51ccf7c03858a641a74c3071b3a4433f01978d2fbade2ef8637263ea3,2,[2],[2],[],False
855,621,2852a1dcdc110636fb18776c23496c932e99a5ac7bea50e62e62d311a9185b0e,LIMVAE,1,Pd,4,213a2aadbe57ca29786b940172fbb1d286862243bb73f18a4aa4c5fccf83fb45,xyz/LIMVAE.xyz,c440c3d9c82298fee47cc96a5cc2a6771ac52df1d1f7070f127e591598c6ec4f,4,"[2,2]","[2,2]",[],False
856,622,285dbb9de4800cf87d409c6caf6c202c8d299a7afed38a602319e638713108ea,IZAYAK,1,Pt,4,73433a58e00db50ea4fe8cf6dbc26093f985d809b89a3f4442a88ba384823b14,xyz/IZAYAK.xyz,a926e341ed44d1e35af4ab43455477d01e64a7627aa081385dfd2d36e0aaf943,2,[2],[2],[],False
857,623,2860a05b6bab05b35c815a5c29815cd4883bf98e77c93826a2b350e092deb06e,YOSKEX,3,Pd,4,36adbf4792ecba397711a71f5617ed9cf37ea276249a46dd7ec0ad03f2874c81,xyz/YOSKEX.xyz,fcf82e762808509f280d62521acb4a5f4a2a7aa97f2bfc73ce2199764391f304,4,"[2,2]","[2,2]",[],False
858,624,2887f2d81b9fc6cfb43c191185745d5610c3c969b5572d06f99cabefb14f9f30,HOKZOX,3,Pd,4,b9053e4e9412408544be324947ab8e5ed60a1f780dcc5d66e94544c9e09e5550,xyz/HOKZOX.xyz,c5b6380b10aa3627aaf71e9bdf74b5300745889da9b8e2fdbd8115ba7f0fd4ab,4,"[2,2]","[2,2]",[],False
859,625,28909f232333f234247416a621ac542b4dabee7061ef22e1db49e8d4d5a9e19b,IYUGOY,4,Pt,4,b8b9cf94bcbceac59441c7c1716c85760690a4c17ae59edcbb918be82c1c9074,xyz/IYUGOY.xyz,6af146f1c3499c0ecd3947c89d1e0d43c7d7216b422a4b1a98a65c76686e6d89,4,"[2,2]","[2,2]",[],False
860,171,2896b6991dddf280122c9eb76a0d75b61e8d1da9aa5135caf36262a0dde0c4a7,NEXLEJ,0,Fe,6,feef2ac20ed944035e7980a0eeca689b49e89018eab8cdc866bab0278f25e5e1,xyz/NEXLEJ.xyz,63c5cd063c057f02b586c97062468166ebd37d5c0a3c67c11197058fb4de8c41,8,"[2,2,2]","[2,2,2]",[],False
861,626,28a49ab55e7258a78194661e7138141c6272b1a2643fc713dbf1e2a30045845e,KAKYUQ,0,Zn,4,7c8675c1f1859e8c2ccea3a243197b9c93e8b1ab316645a4695b9cb85d7787fb,xyz/KAKYUQ.xyz,a9e9e0a3807f968ae542ef114921c2a93307d54eb93b4d86abc41e9e82649972,2,[2],[2],[],False
862,172,28abeba144e89680d5e4938164e8e6c58a9bc7820d3ecaaa07e0bd4fb3f25b3b,KIGCIQ,4,Pt,6,e4a007d57abebb0ac7bd1c053507dbc4fe7e2c9b32aa205add5fe006db3ca09f,xyz/KIGCIQ.xyz,7ede9e1167220e374d8e947a56aef3cf70290e09ebfb516456cf336f51b5d390,6,[3],[3],[],True
863,627,28ae5a9c9341d110f828886a0bca4234afda6ffaf981072329ef0d405ca024b3,NIFZOU,0,Pd,4,fa22ea0beb9e2cae2d05fae3db9297a55ccac18d20d5e5ba4392ecb1cc9c024b,xyz/NIFZOU.xyz,013602fdf2ee236c84e79609a89e6329841937979c803a54278cd0ae73fbbcf8,2,[2],[2],[],False
864,65,28b167540773cb1e20c9ea75cebd48222a66afd95a703e0a1c04743560192ef1,FOYPUG,0,Pd,5,fdd520ec544df2915ba455875c20b25dba4974f25f7c08b688de875abf53ca4a,xyz/FOYPUG.xyz,d1a8c0283cbacdd59b8fcffacda60965e9e1c61a3d2520c92a8b60559054af14,2,[2],[2],[],True
865,628,28b3cfb2b4a0502fb7f928c0d54047e5e9b19e26e7ba3745d87a59ce5b3476e5,SIBSEB,1,Pt,4,75db39f511707b09610bc64a3649a75634a1a50573295bb253201d46a45eafa2,xyz/SIBSEB.xyz,9d0d87f27fb2dd9b7adbf1389cda527b914748781648050494576ba881904d38,4,[2],[2],[2],False
866,629,28b4242954a25da8f6c75ccff510992bbfc9e48dcc5ac3f21421a383f8c32c46,COJQIC,2,Pd,4,cc2db71ef92c6ae94dd1b89481a4125c4ca883c294466669a5a77e1d9644743c,xyz/COJQIC.xyz,b272a68090d40c6adaf82f82f72fc227253838a1118ebd95cb453114b82abe6f,2,[2],[2],[],True
867,173,28d031fa609ed05641c61c596c13979df9c635c62498e9ae265be66e97a11e42,ERAPUI,3,Pt,6,d4f072770338537e0977f18c6cf323cd0adc8700387d3c489d1b94cc32bb2246,xyz/ERAPUI.xyz,5b11d7c0ae25e8c23960fb3d81911aa2d27220c8bb0345b9fab7081e10b68af3,48,[4],[4],[2],True
868,630,28dc3e4ba92e6c51aa50c149b062b81a0e37e4c634ff97bdd4e18e50e62c94d4,UMIPEM,0,Pt,4,be4ce37240305e315cad1a74a3e1597839bca6b7ffe2c31adab5f27582858574,xyz/UMIPEM.xyz,18cd069e69aa662a9e5feeec3d26976978f4eba1ecd4238cfd54fed4430d53ea,4,"[2,2]","[2,2]",[],False
869,631,28ef81fc9e81d6fb47e27bc762f22771d488315a1a5075a0fdc4b97c3f1bb234,ZOYROW,0,Ni,4,0af73323f8bf2febf3c06881bec9937c56318a66e511184ba76a385e33f09e33,xyz/ZOYROW.xyz,93dedd1637406ecd4fc871be4435113c6a1c482ddcc47f176bab0c95505dec14,2,[2],[2],[],False
870,632,29069f2aacb0471e2e48afe77cd3f33a9540672d4067ecbf4db05cdd2f9061aa,FASREX,4,Ni,4,2caec007d2873ea200815944d232a1eb5fb075118786c97ef59eb54035bdfe1e,xyz/FASREX.xyz,f678221798018422dee1fddfc102ed4a2757c9d3fbab78b80186e44df36e9a0e,2,[2],[2],[],False
871,66,2918b901af176b466718ab08d1f6ab64bb586c277fa50b5d9b5d9c0633d1471d,XUPWAG,2,Fe,5,2e3c43eef7c2f5f7b6f03ccb7e5a52cd205765ad9c890635b0406aecdce8395c,xyz/XUPWAG.xyz,f99ccc24700a907f9800612134c33e4e26126deb321929a731e91c8e282a1048,6,[3],[3],[],False
872,633,2929737b48b34a0c8ab5d396f436d687c765092cbd789770eaebc4c9df205f14,PEHREB,0,Pt,4,1888cb99831b2b71dbe2de2fb516e5f5b60e9a2b87a5af73f2ea6180a79e799d,xyz/PEHREB.xyz,1418cb37b3a5824948c521c40ef37f3e888ae647bce3a039c6e1aaf87edc8ff7,2,[2],[2],[],False
873,634,292f34d1d01c7a7517690da2bc3867f5811e050df795124fd4144cce2064744c,VOGPAK,4,Pd,4,73c6f7a1f4beb73564d8550c5f07c1432ea30e807e5683e143726b2198e8f236,xyz/VOGPAK.xyz,5ab79fbccc81e9a3abba1eeee3694e9ad93a5093287fc21808b843597bbd5022,2,[2],[2],[],False
874,174,294a26fe23c058af4bb7c57f6eea9f9e62dc63015776fcc278163ddb3d6b08f1,DICQUE,1,Ir,6,2ba01f35e77f119812620423aaf69f0d98874f8f3f25b7bb6d970ff4e02efe87,xyz/DICQUE.xyz,fd67fd887f7e0d8aff60ae46ebb15c8fce8035919175a352a3ccc354288efea6,2,[2],[2],[],False
875,175,2951738e183aaabcd8686a0ae5b3c98a76a5676a0bf3f029dfee37bfb869c150,FEPSAX,3,Zn,6,8f460af68fdc920910bc227d3137f885585e5792101b1995e2b507160f522674,xyz/FEPSAX.xyz,ba39dee6c143756755836ae2207fed47c1f54435a23e7fd151d68a4f93b57567,2,[2],[2],[],False
876,635,2952fb4afc3d2bbf6910fcf4a446c23c3242ec8b66f7f557471f7ecbbb150d78,FOQQAD,2,Pd,4,7c49027b3cfc685883cc40b62bae9737deb0283873eb82abe116b6ad627ebff2,xyz/FOQQAD.xyz,be4fcfb5ef7374ca7515f8accb5ec8460b21bc97d145cbcc36de3c76d9f5f8b9,4,"[2,2]","[2,2]",[],False
877,636,296c0eea40e1993ae465bb9975f1626fe23601e8a8f935c24737a4a4537ae8bc,QOJNUY,4,Pt,4,77bc575a830a9b855c669f13f13550e7ee59c6084eb6e964c3e2fe9dda5bf8f6,xyz/QOJNUY.xyz,7493b90e0cf3b499fd0768ba0082a920c9bd56aaf917a83174475b3b993c89ef,2,[2],[2],[],True
878,637,29734cc3ef6e028c9f2c6fd855dc5413a92f07e3372d2adb9944f5f569e40ae9,FIRCER,3,Pd,4,d25d4e37cbbdd031a5cc556fd31330dc542f8663aee8889caecde9278e0577b6,xyz/FIRCER.xyz,792c1db5cfe072d3b41c9cf26dccff63122e186662f16cb7572f03f040343b61,2,[],[],[2],True
879,638,29c2ca2d7a01ec2a27b2e5e2eaa08570dd9f33c6f9f4b83358e06e3dfe75fa5c,LAVQOO,4,Ni,4,3afdfdcbc5637fbcf0e13683b7d355015895168b467836bde03a242ae40afbfb,xyz/LAVQOO.xyz,944a350b8583303d4ceb55a8610032c4a8bf99cdb752dd1b1fe09c0b762c5375,2,[2],[2],[],False
880,639,29dc122311e28673932112ecaea1b95177d3b0a313258a1ab8ef776942e74e6f,GEQCUE,4,Zn,4,7909291c6feb23019a903abaab05da2870358337eefb898dd267fa0421b90e1a,xyz/GEQCUE.xyz,83fe387ba80b5667b3ec55a8c27e508eb08b112eca2333dd450af4d8e915671a,2,[2],[2],[],False
881,67,29e917dc55d388e3dd1928d0836bfd82b22dbff40ab56311aa5ff449dc079560,ZEHMAE,3,Zn,5,ff6ab16419191cad9aa12306c7930d65e9abf1f8b9262444eed6c9b101ad9e55,xyz/ZEHMAE.xyz,39f206591cce0de4cff506f7c903a1d9f4f1c5b0befe8c10a9ea6d22e85e1858,2,[2],[2],[],True
882,640,29f5c467cc58640c2c571871b25a0c2efd1a8f1c4ac6dac7003a8b171d4ca5d9,UNOPUK,3,Pd,4,0050525a8fc50a5316a5c3147a1fc794053c644798f60a1c5480d3161df08c8b,xyz/UNOPUK.xyz,c454e3ebb7ef1d2b0e2578f7dc4571c9701b4bc3f62140af07e55dc19c9ec5b9,4,"[2,2]","[2,2]",[],False
883,641,2a2348d9d73fd69458fa51f4401281b4df1dd05a2f6a0276cb1bdd527dcd7e15,OPUFIQ,2,Cu,4,1624bbff624fccd9c3eddabe16160f5e461b24ed17127e4e27c40c535a2d2890,xyz/OPUFIQ.xyz,a02a2e97ac2f17a24587d8a5c2173f215557f8a147727d8f22d36beee8f1b0ac,2,[2],[2],[],False
884,176,2a43c78a4970ffdbfc0e18aa445c183143e74c561f10b5b8906457fef8d9f821,LADVIY,0,Ir,6,c7d5b60a1315c260ca602af27263e8c655940e16fcf49bc83e2f9c7ead5676a1,xyz/LADVIY.xyz,727bb3e6ef8950cfe9cc1ec6734252b00417fa59e46e15b1fdbf66caa726f82b,2,[2],[2],[],True
885,642,2a4744ced9db3c22ed92c4e8d911be00510ed0ae2a92f10b1758c8cf1311f957,VUPDOZ,0,Pd,4,c74b09a7933974c5d2a041c07cb70d9af966cfef4ff1dc0df92220b21cd5a2d1,xyz/VUPDOZ.xyz,c0a94aed7cc8fa1ce123e9d471ebdcdb6c760ef500e4d4f48b38686f9d30da2e,2,[2],[2],[],False
886,643,2a4d3d00b0cb26d42158250ebfbabeec9baef52f08ecc7ff09525fb84017c7cf,QOCWIO,1,Pd,4,9d833383f981c63f0dfc3339b29b474ea4d5847e944552250da818468901cc19,xyz/QOCWIO.xyz,ca755674f4a2eda5868b75eca4005668b4151cecdf9240e87b129f8b26e0786d,2,[2],[2],[],True
887,177,2a61fa1947f0452cceaed27e097566b6576c25e1acb18c974b0c890f562efaba,IWUDOU,0,Ir,6,37d10a4e606e3725283de48cfc58b6394003e6cc60c4b70101d33de13fb2725a,xyz/IWUDOU.xyz,4935baa2eecfac7ef32ba5b6038d6c875c18761b309df667ac5d4e386770d4bf,2,[2],[2],[],False
888,644,2a8daeca2f283732d6d7a959bddc5ff46c8ed5168fd58ee1732ef762878b2949,EQIPEA,4,Zn,4,eae74e95b21b3325b5545e4763e7fea8a7ee4c069ef7b1e9abdf47932c876748,xyz/EQIPEA.xyz,4950c76afdbb33f9f13f24dfeccef446661e5e40b65c35fae6db13c25eb35ff5,2,[2],[2],[],False
889,645,2a9e7ade6b63071ae85e9f3866ff14d3b6c9a54d914377a29d2a7acf39430316,WUPLOL,4,Pd,4,a6a6c24214afbf9faf5e51c038ffd8e246cf621a27513385df290d8138814304,xyz/WUPLOL.xyz,a77dabaf383d87c08c82968e38ff7ae2edfee3ed58610f9b541940f0779eb790,4,[2],[2],[2],False
890,646,2aa68adb00c1183c83f3441959434ab29d615c24de5e7752ed8678ab8f2f16a9,TOJFOP,2,Ni,4,19ae0b1848e37c9a74f5d750f2b67920da00a98022dce29c2cae55b03104995a,xyz/TOJFOP.xyz,77e4432d0bbc2279d0c654059af4f28fdf6d1f0b209a9fbb7d40336b47acdee8,2,[2],[2],[],False
891,178,2aab32286f37cb9635b461e94423a457569997df5d3edba2146db1c1242af5e9,WANZIY,4,Fe,6,f0455d311fe90bbdfcafc4445a3830b0d175179d807ab21fdc43c012758cb2d8,xyz/WANZIY.xyz,1d056a868a4612660c679f4ff21d627fb504a070cf376d503260de8eea1c11f9,24,[4],[4],[],True
892,179,2ac3aed307b1e57adadd9cccb4c244e463d05b069fc00b0183632559fa87154a,LIYXIA,1,Zn,6,1162220a018a487962d14a421d99103a082f98a97a6473e57108e0d145bae86d,xyz/LIYXIA.xyz,3cdc87b3e863346a32005810f7679a952ad2769669a2478d7af54b15fb2b6a29,4,"[2,2]","[2,2]",[],False
893,647,2ae25552910b3a315b21a2363f8571dca23cba8dbe95612801c81c1506fc88a4,KUNXUM,0,Ag,4,9baed36b4dbe0911e50e11304b0318ced676eebae86b290955b7759cc60c9408,xyz/KUNXUM.xyz,68d6f28b1b95b3532ed450999e6ff15c594fbf16d0e40d322910ec193eca6d99,2,[2],[2],[],False
894,648,2ae545ff51953ede5bbafbd3dd6932432875335f6707b1f1ce3bd14750ab56e3,NORHIL,4,Pd,4,86b4b662aa8595aa6fdfdc619d05cdc383b5c6cff61eb292f7f3c163c1ebc323,xyz/NORHIL.xyz,f3b3750844b875377d308d1e267626497bd22aa33acbb03812db705a03811391,2,[2],[2],[],False
895,649,2aeb0c5589f7f3f455f7bb1e65ab5edc3b2228d92e428c6fc7243e850369884f,TIFXUC,4,Ni,4,94a7029d7a126ea89ddc3aa001894d98e3fd40d073d74250dc7d836fa7a38db7,xyz/TIFXUC.xyz,3e142c811926ec3d7cbc2508534959e53047220000ecaa28fddf5280e168ce12,4,"[2,2]","[2,2]",[],False
896,650,2af2b91ffe0d6a36322b22bd4bd42560779d6f16a42c82eb3c16adb665bcdc41,OGIVEH,3,Pt,4,36b7d2b09c146c50d30d472f160cdfbb4a67809edccc76baf2ae88c62165d2ab,xyz/OGIVEH.xyz,033b2a8939c11fa4f35bf45908ddbd2dd832d1113c88f3a07811dcf3274c3019,2,[2],[2],[],False
897,180,2afac27cc434b2a6d574d2994b60908412a173d626b48455c6e7d95c4d6b7fb6,RAPJAW,3,Pt,6,9fc4e881d5fc725e6a0c916860fc4772325b4e30706c560dd42b40fdd126a785,xyz/RAPJAW.xyz,a71f153df4153e04f55c17a8c6a0c058d0c239fd99acfe6898ac7e3e37439992,48,"[4,2]","[4,2]",[],False
898,651,2b0399dcb1138a103792b32a4abc252977c59f1fcbf6ebc7ee73180561fee3b7,TUKPEV,4,Pt,4,2db0580adbf05f176e356245eb5e29b3ef15c0aa23c729930d2ee3d07e474888,xyz/TUKPEV.xyz,64490e200ea178d08be3fd3bf8ebaa6fd7a8e83385f64f4e965ca499749f194d,4,"[2,2]","[2,2]",[],False
899,652,2b162e5ecc5424e6474c34821929ecc1e33139692ad8376f0acb657c9dd0db73,BIYYAK,0,Zn,4,0a4b8900bb2559638f05c4f455d8e8be6f81d2b49fe029ab1ad33cc810930278,xyz/BIYYAK.xyz,3af34f9490d5dd49c4599cad616517209b54e75ab520be90ee84e699ac9e5d66,4,"[2,2]","[2,2]",[],False
900,653,2b1dd7d48951d0b599b1a7a475b466061f2be80383ffe7347d44353f10a29bce,VADTEA,2,Pd,4,a72b5a19321ac5b9ab2ff45c71731bc74d23efc0d6226295658c51c5cf9f7f6b,xyz/VADTEA.xyz,24c7deb4dac19126600accdfb87bd3b5a4d533642f35177970318bf2e3543d55,4,"[2,2]","[2,2]",[],False
901,654,2b20c137fc80e53bd3a0a9081e7623ee176e6b38c93cc776c1921dcc72238ebc,PIYVIF,2,Pt,4,96d8bf330d4638f5e6e3b1267b5be8e677e39520f361b551ccb335903ff56ac0,xyz/PIYVIF.xyz,da58fde4eeff99ba6943ebcf95c37d5278f2b9e1d4e30a93d8291fb14fa96a8f,4,"[2,2]","[2,2]",[],False
902,655,2b21c7663392261f3552613e504204cb7e2cc7020727d11968332fc98322d5ff,LOQXIA,3,Pd,4,19ed6f35f5e9a141a6d61bd9ca768775ecb311d813b9c6255de8fd0a9619aa7a,xyz/LOQXIA.xyz,48ce5078f7470c72649d81e45a89f9022341fbfdfc0265eb2f9e3ef87cee0307,2,[2],[2],[],False
903,656,2b35811e5a8ce2022a8aadd0597962fe7c4f8423a484f4b1def458758830423c,HUFPEG,2,Pd,4,e281c4f96e5f484f5b617d062bf95b5d31750c990fa5bb100c15a3580cb1b4a9,xyz/HUFPEG.xyz,919dfef5c43f05f9e2ce586bcb1892ff98ec6089800a928118cae2cdab0356f1,4,"[2,2]","[2,2]",[],False
904,657,2b4571f389e23c0ec079cc0de90dfc63ee60344d7ccf8087c078d2187fae49a3,XOQSUT,4,Pd,4,9966c85d8040f74781e3e88e47b472fb19176cb5e4db88e9f01e32ce7bc2dc90,xyz/XOQSUT.xyz,d7d43a087a11f9c2e16fcd3f099caa025d81999c78d653af48d7a236aef54297,2,[2],[2],[],False
905,658,2b4a3bce1d3119ded72bb1c3b0b94daf6b3405348996975c537edce1c4299372,CITBEN,1,Pt,4,c669ed17cc0a4d1a2c9da4041599f3723916ed817d2673be76bd201f3d13e41f,xyz/CITBEN.xyz,7e02f85b0ae4b12afe99de17374182142fadf8f6dbdde5e5e078d675072a11c9,4,"[2,2]","[2,2]",[],False
906,659,2b81979490b0b8e9da8ddef12393986cf54773ec7313d7f773710dad473a836f,KOLTIQ,4,Ni,4,b7243fde5d1cf95299a3a3dfc9f3b3be455cf6c5a4e5a3fbb7eb72ea7c48e116,xyz/KOLTIQ.xyz,74665c55da55c86587b2f2d0240dd3486e183bec42710822b4844f7e853ca831,2,[2],[2],[],False
907,660,2b8b10184f902472fc82f1a0b22d1b16157ddaa85ae1098e7d038db2134186d4,JUMJOT,3,Pd,4,610b63396d24ac0bbe3b7288a60c7b9f262e14c4c2ce46f993994e0f799eebc8,xyz/JUMJOT.xyz,150b72237525e02a2ebda47b164949986180a2004c77c346d7b93bf243f96a17,2,[2],[2],[],False
908,661,2b90e4382be8a0b3ea866d2da9b3ba7f0b8a32a45bd61b300649bc4a56d2b83c,MIDLIX,3,Pd,4,cd13459cc5de9684d8548a1cc3167e8bb23b98fc4a4c2ec1908c631176f9d69e,xyz/MIDLIX.xyz,9864d946df74eac1a20323c98c342c932ab7b63d5aff84c382283fd0db51317e,2,[2],[2],[],False
909,662,2b95f749e1cea1a73f9d5526cb886f0abb9d1008277da15837be45dc72af637f,GOYQES,1,Pt,4,f4d9405a728c71f9bc5f2e4ebe5629fc2eecb474faf4c504830d21ac064da903,xyz/GOYQES.xyz,fe401858aca1929f063816eae3e9d77e78ef693a9dbb2fc8ee6b693a8df639cf,2,[2],[2],[],False
910,663,2b981eca2d3666d75e56d91195d536961c179dcdec5472e42577d2cde7886353,ITADOY,0,Cu,4,15b913332efea50048006ec9723456a322488bf9a54fc004725a958152663c8f,xyz/ITADOY.xyz,68d91309920567fbbbc2c43ee784c996b175b0aae85effc2271fef32a62b63e2,6,[3],[3],[],False
911,664,2bb3c9a227ffb63e017e33abd9ba5ed7ab3ef8d605dec088ce739a1e3dbdb200,XOVPEG,1,Pt,4,6dda3af2d6e978084625d1faeec87187ab3c4abe2ca6dfca0921232f15d17777,xyz/XOVPEG.xyz,67b7a49553d8e025793cc7086fefe513e46c1d2c13ccd08392b66a35454d13cf,4,"[2,2]","[2,2]",[],False
912,181,2bd6c364f8384ba37b5481bb7ccd4ec5826d740a47a402792047e6e7f524f1a1,IFIJAK,2,Pd,6,81b69f0c1904371a4d83c64ba883a5e3a400d2a84fe72b43e2aa25bf9e2644f0,xyz/IFIJAK.xyz,1b92abaf69661dc3d08be93b9fa919f9195790d6b4c1c0c8ed77b935b151c796,2,[2],[2],[],True
913,182,2be38b8de1c38b1099ec4bb0ec4250fc539477adaec6f45119857c180dcf4004,CEMBOP,1,Zn,6,10131eb9efa008bfae97784e185fd69f5ba9cb36234c5f8de60b4153b9716ee0,xyz/CEMBOP.xyz,069f62150833d1eae5c6f1e569b0f08931422fd3de48e9a458211af5538a5b36,2,[2],[2],[],True
914,183,2bf9c582f32dd548b8c7d8a9b79b2588a2819d1dc7830f82eccb7743378c4687,UDUMUF,2,Pt,6,70d76d2e92489cd3bd728fab7a3ec8bb8a7b2dd0f59bc714bed4fb2727ca03d2,xyz/UDUMUF.xyz,b2b0ec6ffe3328e56369535ca2061f18dee20926da73fc9d3e890338fac802da,2,[2],[2],[],False
915,665,2bfa3356d797c9d5b88aac5cc090c0ec0479c5835da0bd6d11dd9cfcba0d771b,MIGCIP,1,Pt,4,5e8813f284615d74bd7f0009d6632e947ca9fabf235f21b1925a05759a361b27,xyz/MIGCIP.xyz,6aff6f9c78f4b00c6001691d02f4d4038495dcdfbee552bc8f32445d16783284,4,"[2,2]","[2,2]",[],False
916,666,2c00d19c608d7e1a9db2dbcafebe7f130c3bf16a1f2bca48c56205f95deab63b,YAFYOU,2,Zn,4,a97187e09d12940ff7155773e4832159a3e4331b534ad91648d897b4cd8ffb1d,xyz/YAFYOU.xyz,92c9b5cde8057967e86c226d3ef18444bddc02e33beb30c1c9f628d05e7e3ab9,4,"[2,2]","[2,2]",[],False
917,667,2c0879776cf945942e88e1f563712cdd40017a4b5d03538fd5d7a65e744f490a,HIQFUI,2,Pd,4,e0ea5f736e507e849783d2ef06aa7726293b0aab72b163460d400da01ac47852,xyz/HIQFUI.xyz,29ab0d0d2920034db49fc42556549f055e14716a1e4ac0d8619553e4ea249894,2,[2],[2],[],True
918,668,2c11fde4e97ec8fa81926421178a012d45f1ae155e6fb82e0f2a911a1a7b3288,BDPAPD,1,Pd,4,001b333d9043b12a29b09c79826472ffc1728dfbd99beff0c19d674b7a9c0291,xyz/BDPAPD.xyz,5575f48a117f4912c344ec9dbdfe636a57c4b8cecfe6a4c32bf40b4951550d77,4,"[2,2]","[2,2]",[],False
919,669,2c12fc351a6b92c99d928ad1a77181e9cf3e09cfb4466041400a8924e69a2723,GOSQOW,2,Ni,4,87037953efe0c381e299aaa3355625ec980a03a44f4ff312b78c380d389980a4,xyz/GOSQOW.xyz,2acad271e9d189a6be04d6b2401c5bd7925b727c8aea8ad8b37f51963ed1243f,4,"[2,2]","[2,2]",[],False
920,670,2c1b6751e85fd3b394bd3d9193e5615e7930d4e902b81001241a98f9d455b3c6,KEWBOG,1,Zn,4,c7dd37deca2b47565da76b5ae193ac4dcf2bacd966a6d75ea7d2bf83b5394e2d,xyz/KEWBOG.xyz,3fdc6303b03e109841668a93a2abfe584d7a4a00f63241905ee533b955624304,4,"[2,2]","[2,2]",[],False
921,671,2c23895e2b49a37ee26fb6e58b19bf6e088eecb5be53247f35bf4c32247a7404,YIZKAV,3,Pt,4,a80abae030b4295574dee50ee51fbba53df282339089532d671eaa3b071b3e47,xyz/YIZKAV.xyz,376de9bf78f5abca612711a15bd62dfefbb2461c669c51d7b171278e6288ae58,2,[2],[2],[],False
922,672,2c30943e675000ac602a39ce3e76c8a9b4d677021acafe253f9eb48ec94636b6,EBUHUI,2,Zn,4,3050e956f42302b793757ab0cf38ffa3d4d97b6dd7a49864a33125f7b2e1d7aa,xyz/EBUHUI.xyz,50bbc44ca76259a00fe4ac9e96f421d5d3d5343d181d51a59e5f6d084377cea9,2,[2],[2],[],False
923,673,2c348a0ae287708e44a6af6b59dcb5857c570baeb997f0ccc68cbd6f79e643d0,NODKOI,2,Fe,4,35b85271b256cc9d180ce919a1f50d37c9347d8e3be95d9d4ca5133e0eec86b9,xyz/NODKOI.xyz,887c8aa8ac847b50e627244fb9e0acfaec4f43939ba8ff074fd67e03e7324bac,4,"[2,2]","[2,2]",[],False
924,674,2c3fa5575f3945d023bc52a6958326df82396c3bf73e733d0854bba2ff15d9bd,OFOCOD,4,Ni,4,ed40374002d0c0ca9511601536f83de011d3c336f23689e091481546cdc78175,xyz/OFOCOD.xyz,990a24a2e52a9542c835e8b1abdb07215affc1f0b8e73e6b6923ccf11c6ec980,2,[2],[2],[],False
925,675,2c46b03bf7c38b030094d0ecb60a5f554a57cfd550c477a31a579c364210c1dc,YOGWOJ,4,Pt,4,b9946309bfcdbcab491131090cd31dec04377e3c3073927bcb0bdad0fbb08308,xyz/YOGWOJ.xyz,9b1689edd7348490108737c6c5564c544d0ea199b6204480d69c55acc104860a,2,[2],[2],[],False
926,676,2c51715ea20abcc2ce97e961f09056e7db638866daf7465284b56a2378d486af,ROLROB,4,Pd,4,51e4e520ab3328c483fdb7602be7a54cf7e0381e65517a4d25a8b332b70a7678,xyz/ROLROB.xyz,da7b637fb46898d32336c74d86efef5b1ab5de5aece70b6f9347adb3717253d3,4,"[2,2]","[2,2]",[],False
927,184,2c5b23f981db0546b3659b506f28d81741229bf8f7322ab557cbe362f52be881,CEMBEF,1,Zn,6,603f9c4606c94ceefad4d3a3d67e051d3497573f893c734976427e88eab17542,xyz/CEMBEF.xyz,25a1562b6d66e4aa5c0bbaeba03b07b15cf757154867ce2005c4ce8709c2d4ae,2,[2],[2],[],False
928,677,2c7647027ca2ba401528b8df9b7fe9ab58ae01f032a0629e0ba44b79283c79be,CEJYAT,2,Pd,4,b64207106d392b8ce951cebfe77d9e02257307458b4366b7de70b145e3d1c357,xyz/CEJYAT.xyz,bde73990ba4720bbeeaba0ad2c5916c0965aa8392cec45f89a857912c4860e3a,4,[2],[2],[2],False
929,678,2c7e61a8f153c0d56ad03d596a0f5343153e4e5410a15045eec41ee8ba4fd78c,QAKQIC,1,Rh,4,05c78b65d8ae2ddbff90895ef09b1546f083355364be273c2e8312725b7b5338,xyz/QAKQIC.xyz,da75b7eeaa482a64cb8b8606d012a46fa922ed866d598c700820cbe6a7a656e0,2,[2],[2],[],False
930,679,2c8034d01ac86740fff6fcf273be9e139e923baa57600892ed5a67c8dc48a929,QIXFIM,2,Rh,4,f237d03c92a6edd5fcb3e192d6d5f332002621fb33868b4e6003702ddd99ff1b,xyz/QIXFIM.xyz,4b8d9bc220ac9aa0d81acb7988d3f4b3218ae85a255918e4500715fdaa9cc981,24,[4],[4],[],False
931,185,2c8d592cf3794d9a3cb510a6a712787d95d9f5a2a79a5f0838156340b59a9283,MOFCAO,3,Rh,6,7c86665837e669a9d2bf936c48cf88dc936796ca27ff076c7f2067c0a536cbd8,xyz/MOFCAO.xyz,4b631bfb55d19947655db6662a8052517525930322145fce3fa65ee571900e47,2,[2],[2],[],False
932,680,2c9bf2a5f7b2abada10ff0c78270427e9d091d8697561c48833c3e116b39abf5,DPPNFE,2,Fe,4,5928c1353d8d093239bb6a227d6d94ca701d33260690a6f1f6a979ede4d5e93b,xyz/DPPNFE.xyz,2941a9805bb5ebc3c8acd94e6f0f6cf34921afa01385a8b6aff93e13581d6226,4,"[2,2]","[2,2]",[],False
933,186,2ca53496fb8d63b833412fe85b24ec1294e773b0c0d126bcbc8f618d62d3c2ff,MERJOJ,4,Cr,6,f8ff53b84710878c4e5d1c8d8f2ffffc7a90d2ef8f397f5f8a36d97919049702,xyz/MERJOJ.xyz,e95e7d9bebc88720c890220e7fe77ac41ce0de20717f037d61cd6c989ad3067c,120,[5],[5],[],False
934,187,2ca7e197b7c6c42170720a0afeda76675aa4f3b98084a24f07e17b068a37baef,QOLJAE,1,Ir,6,733d401a5ac8f33979d2c53d03ec5d33d7ec8bbd7b6993d8b921222f6c026c4d,xyz/QOLJAE.xyz,cedf4850bca6f8bc6a0182fa1bebca60555aa62582cc5b8baea93f7c4d58490e,2,[2],[2],[],False
935,188,2cd20f527ad2878288336234677618e95f1cf53125f3523528a85e689d562956,ZIJZOH,2,Cr,6,65750b18cc29c5f5d26896ec10d29ec0668ca3b05c1cf947b0750f20f4f521dc,xyz/ZIJZOH.xyz,89d8838558ecbcff34851cea4c3f203fbe36b6df226b571428a4a460fc548ccf,120,[5],[5],[],False
936,189,2cd9407762614173a5cd9bf2b0dce765c8396d807b1989dc9c56a55f01282ff7,DENPOC,4,Cr,6,c19c025bf492fdbd83db130c761969afe75205f24b6922b68681889df9b12bb9,xyz/DENPOC.xyz,9976634ee825f54590454a4dc6656b3e9fdad95d45b7cd42e18d5b61bcdd10d1,48,"[4,2]","[4,2]",[],False
937,681,2cd95b759df45d6b19c42e9c0e17b07a76d14775547bd7f5ad9585481bcd46d2,IKUYAO,1,Ir,4,d3ddd2074b4d89d7af2f0841033c9df1a0b871e23111ee311ce4fca0e5e36aec,xyz/IKUYAO.xyz,9c44c3ec1aa13e0a921f1c4e26b215f3172fe28d7bb99f1a8784ead7ecd20f8e,6,[3],[3],[],False
938,68,2cdc60c4c45196645e7897db113c85fe0adec4b96f741ca7e4b2e349e88e6b30,NUXPAY,3,Ir,5,000c6e50abe90703a6c0ce40cc4ab30885dd948aa05df260dc9aa668ed821263,xyz/NUXPAY.xyz,946ec0c4715086ab6d997edd4b80eb4cab861720503707e5eb0f509384ceaa42,2,[2],[2],[],False
939,69,2cdd7b7a9256e3b5cf0d33818879436aa7a94626c8a658867c075ef30aab40c9,KIWYOG,4,Ir,5,67b27ca20dd7ef89bb3b6e94d9dd6093792acddffb08ef1dfdc19444364f4414,xyz/KIWYOG.xyz,1f744ca9d1b85f119f89a350d1f0362d5bd4ca6eae463a3572d753e05a18962c,2,[2],[2],[],False
940,682,2cdeb1deb037750dcb32a16244d6f90c6c0509d692cb21a0ed8b3814b96e9b79,YABNUK,3,Ni,4,74d45713bb512824179e56d7cfeb539612bd4391ac09002ca23bf804c4c7c708,xyz/YABNUK.xyz,68362a50bb78fb34416be25e0806934ec618a72a5aa37226c4e1cddb0a684097,4,"[2,2]","[2,2]",[],False
941,70,2cfea0d60a150e3ee8e60b22489af5826d144997ffd78e75dffd53692bd32142,ISIYAK,1,Fe,5,6ee00f25fa977a3e1914288eb1fd02be409848df9381bdcc1b5d78b2f6d04550,xyz/ISIYAK.xyz,14dac6fca7e90e6bc36e9e20f026c0426d6364d8ed813bac2267b332b1a27c58,12,"[3,2]","[3,2]",[],True
942,190,2d314f1e3e3bb4c24b3dd8d297cf58e079475fb585bf48d3fb2040b82c35fe75,POTCDR,2,Cr,6,ba32b664f1a2bc19b33ab7f68909eb249e91b94933dd4427ff30acdfb8406d32,xyz/POTCDR.xyz,4bdf614867bdf0d1799964b026c16e65098b2f03c08eaa6a63f925e64777f7b6,48,"[4,2]","[4,2]",[],False
943,683,2d31823c657dcf1ab7589eba2aec5f8902c6187d573e8f52fc6a023564e3d505,CAZRUR,1,Pd,4,c3e1ed7ec97b9845932998e85710c75937b678bb756e3bcef50ed3dd4216c777,xyz/CAZRUR.xyz,3735d8b1e8bdc495ef607c315a1c9df28703d7516598da3af9091c6d9bde955b,2,[2],[2],[],False
944,684,2d33ea39f9924de0d919c2e6eb38b5b4099c70518ad78c4c62cd1fca2dbae34a,YELKAE,4,Pt,4,ba7b01fb9ac10a6bef03866601234b03396203178a612b2c9fa0aa4604e77b21,xyz/YELKAE.xyz,099f5dfa64063e27c4e1d42ff5efa010a2d2c97eab3048fa7ac4f9268bd5a149,4,"[2,2]","[2,2]",[],False
945,685,2d37addbfa9d3c814c9ff65a4adf070c9dbee2d7c3a283755e856096e6f36c6c,NEHXEE,1,Ni,4,74a8cc46520546ac4e8f6478ead170a65928aa8b1e885df811a9f282ba5402c8,xyz/NEHXEE.xyz,671370d08b861ecc67217598b01de1246fefe750f460c5c9ed47c28db700561e,6,[3],[3],[],False
946,191,2d3f4d542bf6492bd3ed3b4ae3583040b7c0f51736dd3f58137923852dba9c87,DUXPOC,2,Ir,6,8a40cf417f45c3417c07f43da3e197d2852b2945c02bd9a8d5eeb6f9b677d65f,xyz/DUXPOC.xyz,fd6b2050c092e7ae7629d0c562e6ccf08019d057f712599fbc744631003720f2,2,[2],[2],[],False
947,686,2d61dd6fdacb5329cdf95d7459701eaa9367f646085e395f692fcbb82a49daa4,MAWHUO,1,Pt,4,ef78b261c50948d759b6962825d6272857ee20f650991021474954def91a723e,xyz/MAWHUO.xyz,78ed7e802c0a324c685b4a24f8f177e8dcf2b6ab6af1ce5d805ec68e6c9e589d,4,"[2,2]","[2,2]",[],False
948,687,2d69327e582f9cc63c26739f5bec5853f6bbcdd38071779cf18567c8e5dbbab0,MUDCOF,4,Pt,4,dfa1600aaf63c04c9c3d539a0a25ed46725a16d9b01a54905ab04de3c9ca056f,xyz/MUDCOF.xyz,13e0b4e4403608641783a5c66d09866448e3035e857d25ee620ba541088f73c8,2,[2],[2],[],False
949,688,2d70db9b045f6e809aa25fd133b9087314fd9313657e2eab586c9883851984e4,GEHWOI,2,Pt,4,c3a372f08eb94ad3bb9544a16f6ca8e5ae51f8703fc97b1a9e344f6617f05718,xyz/GEHWOI.xyz,8b7def56aa197f0cb3d5099a31db64b546209d1fc599111d6aded66f187d5d28,4,"[2,2]","[2,2]",[],True
950,689,2d8ecd1141f7d8ce52f8663eb1f0d33162adfd0258e252c990473bfcfe8fd87c,VUJKES,3,Zn,4,78fdf28ccb611acdf948938e0ec31eda4a6b8d20c56ab383e11281ef8a1b28d2,xyz/VUJKES.xyz,3a2da09e25e3829621f2afc24067bb834fee189d252259ddbf8b502ddb5cbf82,2,[2],[2],[],False
951,192,2d94742885a216c2b392da32ac9e46a89fdedfb94f4ee6f701450e22d5b89d9c,HIGTUM,1,Cr,6,b916fae3eb9cd149afd376b75e56890fb40ed34e478c16735fd65bc0702a9592,xyz/HIGTUM.xyz,6becfdfee0111c87558e1db3811b86ad70e36f1519f2c3d41dfe61c4c9801bc1,120,[5],[5],[],False
952,193,2da2c7aca3fe323aaa075518afb4751588983a829a19a9f1df9b3105e462ecfc,HIRMEC,3,Ir,6,bbf80ee72d1f603658de9e7da0b6a217150c79ef190c5f9c6acd931cc39d98c9,xyz/HIRMEC.xyz,113fece3e60f527803529f2a8e2dbb1c10c97a6e83bc18d247c499a17f6a4744,2,[2],[2],[],False
953,71,2db0642299ee6c56a7f21d31dbae7ef9c0fbe05696af0ee50e2116d280334e17,COYVET,3,Zn,5,81292ce86b6098e51f83960828148d21806f9668cd89190059ba54e0f3ca758d,xyz/COYVET.xyz,a2b679d4d5160fa526bf0ff68361abea9306ec0bd2747478461b1f1cfea678bb,2,[2],[2],[],False
954,194,2db08a9e8e1850243b4168e69ff6521dfd990396ffaf84122d64c7a5b2f1e6e9,HOMFAT,2,Rh,6,abe615b7d6eb37c0227786da042e5cbfbf8d51e3a21a17c65a28458f91f4ca5e,xyz/HOMFAT.xyz,ccce26ec75a4c17893bbc766e986956d78e6d29ee0254c85af5738068c0286ab,4,[2],[2],[2],False
955,690,2db8b0f1e954f22081149c5aea8f7cf331e43a259bfe428b95a9096a5b1e1e27,PEJNEY,3,Zn,4,2e094b74ffb6f3f1d325832249e233ebac43b4c8cfeffebcc1a76a4968ed7037,xyz/PEJNEY.xyz,5a9af1ecee245e1f50abfa51627533bfb986862d03c2b6ad66fded2ff69195f9,4,[2],[2],[2],False
956,691,2dc718cae2178c97b5b28327618a6f28b3246e695534e8671069a0ca43d2a7b8,IPEKIA,2,Pt,4,cbc04dcd9521c94a3c247e5b58ee242114b789a819a17bbd4aca04a610f392f3,xyz/IPEKIA.xyz,72e84946ce1a2650d5a456a3c74c90fe4e5648ba1f3e229d5441fbe1509bc208,2,[2],[2],[],False
957,692,2dc83c94307ae4aac4b622654a5fac90dc12cf7211e9f8ec53f12db066a28f38,HOXKEK,2,Pt,4,9aa09c59ea4b37753e0b41a55a3a25b6bf4b791a115f816af302cbc205cb6d34,xyz/HOXKEK.xyz,d7229262b9298367c2d306d77c202500837a7af2eb6ab7834e71d0d90d08d050,2,[2],[2],[],False
958,72,2dcb154865cb72f22ddebd678c893256bd2ed2824de992e2845e742d6e48356b,ICICUV,3,Cu,5,d98c7890c631a475a53959c09abf688e74195c709b16bbe6b5764b35070147a7,xyz/ICICUV.xyz,104cb57e066f0d22f49bbc32857e43c988fef2151e3d8907ca4e30eb29106a67,2,[2],[2],[],False
959,195,2df4e2ee11e30f741dd2cdcaf7b4ab2c2977427d8d8c46522e1053a92d58410b,NOWBIK,0,Fe,6,91ac1e56d951ce58a40270a226065627fd6044409b00a0946542130b0a1cb729,xyz/NOWBIK.xyz,cc7711cd01620dca157967bed330a0e8e3bc881ab3596ade43465ed005a98b89,4,"[2,2]","[2,2]",[],False
960,693,2e02d56521b055768e95d420e2bd6c8ddca35dedc29974c85a79d7fe5f82f838,SACZEF,0,Cu,4,884439f0190f349ebdabd7ee7982e082003aadbb84c6c98c7f4d534f32cb6736,xyz/SACZEF.xyz,e6c5ae15514ec05a80009bdf0cae52472e3f89b0da754ab7113dd24e4e32fb61,2,[2],[2],[],False
961,694,2e2b2428747a3b1f01db5c008150f7a07aa4d1c1a4d39451c9f358acd3bd6e55,BOFJOW,3,Pt,4,ea2ed2c5f7c823ad5bfa3f199e417d6540dfd37faf275e9dfe20edec55474bed,xyz/BOFJOW.xyz,7b61a26873514f99fc1cc238690fbd20194f17bc67e26880e18b5346a3a80386,4,"[2,2]","[2,2]",[],False
962,196,2e4dc19b933ed49eafc8c1f13c8664d2d2188cf102f9bc243eb913e25d34cc93,CIKFUY,4,Pt,6,3846417f7d95a8bb5065619970982211c93af6d3a0e4290876660e45b73c7036,xyz/CIKFUY.xyz,41a651bd734fe68775f86c6e081799f02420b2db18aa918018cdeb1aabcc5110,8,"[2,2]","[2,2]",[2],False
963,695,2e70ce5abfc566bfb36353c5ef1b603a13c4ed4ba1c4f98d0d3b4f31b2bd7a07,MACGON,3,Pd,4,f51290437c1e5f8c56d0e8003b304286294197549c82424e0e5336f426242dcc,xyz/MACGON.xyz,bdd788b54395daed7a5a6f6e2d4df7b64d12e60e1dd0888c67a9c7954e284874,2,[2],[2],[],False
964,197,2e732b6895e48598f053a20bc1a3d2546fecf7f3dc94e772d9172a5ea8c5be13,FEYQAE,4,Ir,6,25dc7271118368a3dbc0291e44c22da5374a1cef38a7ab8e9819b36c9450e805,xyz/FEYQAE.xyz,409f040dcf0369708ad0ccb93cb5c0eed4b015d842a4b30230401c129a072735,2,[],[],[2],False
965,696,2e803d0257dacc4d2f4191608df3acaaedafccde51f963e1a2ebaad1c6bbf575,SOYWUA,0,Zn,4,f970c4ef5b7e8bf7cadb2bfd1820d71e1ff622578601e364d539da418eeffc71,xyz/SOYWUA.xyz,1729cc84d2ddcef6b1d0242e75f073caf598b210b0d9debbe691620e309f84f0,4,"[2,2]","[2,2]",[],True
966,198,2e8bd7523424c5dfff238514947f11a03b9a2db58efac3dbcb880af2fb6709cc,YEJWAM,4,Cr,6,bb114a78ddc53cb451bdc8aa4f7c93a997dbb606ecc8e72259b105ef7168e5e1,xyz/YEJWAM.xyz,e59a689cc583bf39fab581b08834de0c28ccaa0bfa8cfa63dc0df971087230ef,120,[5],[5],[],False
967,697,2e97d58f9ab9746945de61b6b6755439ac6556bae2e419f9e5e8e072a5f93151,YAHTOT,4,Pt,4,1d57c671b318b8cc6a670368fb818ef15589f513d3d0ba32da44456a52bb6722,xyz/YAHTOT.xyz,dc80cd0f2a85699665bdbb67ea41b3fa7b34690f89ca700791cf2b9e932f9cb2,4,"[2,2]","[2,2]",[],False
968,698,2ea47a3a4042a78d042d0ac0891e966df89483436b020ebb55a741a7b25d1060,CEHXAP,4,Pd,4,7aaad35f75e224d896de8d3144107de4c735c47d5fc8581f79ea3502aa273c68,xyz/CEHXAP.xyz,e991542983d91ddfe1a3e89ad58c8dc3a3a7412ac3d7c86c9fcfa070eb607af7,4,"[2,2]","[2,2]",[],False
969,699,2ee9c9784f883b1d2d800aae4f73dab9ba25396a73ea50c8471ce6decae753be,JISXAK,4,Pt,4,a2340284bfe13ad86abdf3f265f6bd4e42cefb26439ef4a3bec99d947e060f48,xyz/JISXAK.xyz,d82354805222248d3c7d5a8f830f534b7824f5ea6c89320c7dd4d0fb9d853824,4,"[2,2]","[2,2]",[],False
970,700,2eef856cdc148bcae0f8fdcd75f9745b71bdc6b6a29d56f4755e6b15b0428def,XOVPUW,1,Pt,4,23c24e7ca788b1b94a139c82f01d156caa2bbb6b05a9c8cad99b18d38a04a215,xyz/XOVPUW.xyz,6a8ce2c7c23d3bde9c3c226c44e98d94915c8bdbc6f5703996e182532e2d6cf2,4,"[2,2]","[2,2]",[],False
971,701,2f054eeef63c8f7081018cf1ae254bc54754b482b8d407636c4a976f00816362,XOQTAA,4,Pd,4,ec703e94c886cae795d1e606efc21f2ce4beaae93df964f85095112d2f2a54d3,xyz/XOQTAA.xyz,564e3e1a48ebbf6a76c1710246fe0b5f39b26e1e894412b430c710590b29b2f8,6,[3],[3],[],False
972,702,2f11e953de4d8ac74ba0f7cc0ca997c3c8a04692ad46ba053558c54766cf863c,ALUBAL,3,Ni,4,46eabbea2a6846aaa436ebaa890c8c219e269d7ea17536c350063ef7e767f516,xyz/ALUBAL.xyz,4dfd2d7631dd31add62e713ca8612709712b83dedfaba15556e78109712a3d24,2,[2],[2],[],False
973,703,2f23610fb1d3798f24a214141fa43ab4e9ebd97990e8e96ef39fb127b0a3b47c,CISYIN,4,Pd,4,785b9cdf7f5c033f74e0f116500c151104285be8e8d7f0b44295259694946933,xyz/CISYIN.xyz,9ea4c9818e3c8b9eb8f1092bc650e0a8e5be69e2c708f0692e8e62bc43ae71ba,4,"[2,2]","[2,2]",[],False
974,199,2f2480d4e4869135da0523825de3cb833f95e0c1e31a1ab59fd438ba51364b77,YAKCAR,0,Fe,6,31af884527b491c89afb3366efd076335cedc8a915b2ccee1663eec4bf350f85,xyz/YAKCAR.xyz,85660f7b545c53a1d0e33dd7fd8cb3539173b6e42c4f7de75c305bc5bb421115,6,[3],[3],[],False
975,704,2f26ca8be604120bc29a373bbd52af06864d3e15325fc18a648e1fdd39b2a0ac,DAGLED,3,Ni,4,3bb974c1355f14074a01e7fa718fd94964ec2a3ebfb41839482201501f2e4eb0,xyz/DAGLED.xyz,bc47ff5b302d9705f7f6007956eae8efb9c89b011da5e7b8eed39d9a59b11969,4,"[2,2]","[2,2]",[],False
976,200,2f2c102b91c3ec89badad8b4d2506ab6206d476ab8f29e751163abf25038904a,XAHXIP,3,Ir,6,476c78ce644500d9af1b70f02f90340624dd29d77ab96a30bd24e5379c1e83b4,xyz/XAHXIP.xyz,f16c8e67729c421c19275212743b1d91e4717572f62234a17513b1fc8b97449e,2,[2],[2],[],False
977,705,2f33147f3c07fbbc6756fba99e25cac37bc39c92334319329623fc1a6104c87d,SAPSIM,1,Ni,4,30e46a1f6e88de0a86a520e8a73753e4afcff5bcd93a57dc4e49014675b5dd54,xyz/SAPSIM.xyz,54c33104b63190797a56bdc6a956ba4b08a65811b307c03bca13bb590d4419b4,2,[2],[2],[],False
978,706,2f395043feee2aabd22554ab01ea9d892ddc6fecb05f4df33a26864e703f9e4c,QAGCAE,0,Pd,4,18ca2861cd96b640a049320d777a59ec0c6504e86e06d7262785d8035d5fa554,xyz/QAGCAE.xyz,9d37f40f40dc3602bb3cb0645f456966f467a19aa4fcadbf677d021a07fc133d,4,"[2,2]","[2,2]",[],False
979,707,2f45c7c89e65a42d1f0f3ab96a111b22806f3fc724f5b1d53595151ab45ec187,ZUJWIM,0,Ir,4,d5d45ffa186eb7db2158926c5c5ba44110aa8d8ad3b714088e776891179226b7,xyz/ZUJWIM.xyz,af6403280325f328d6d42ad4a71a248fe5b042ff51e5f19cc540566e3016d609,2,[2],[2],[],False
980,708,2f4afe8ba976d7e68fc2e2e47afc556f367e32c9bd318fd9c58270374f509a5f,XUTRUC,1,Pd,4,dc6ce4e5f886a893ca86f179b718e094da7262cbdb4a922dbe816746e44e7ac9,xyz/XUTRUC.xyz,5cc6b6516e53068d4f6c81dc73e1a08c5da39f56598430ec8a746b36c36d793c,4,"[2,2]","[2,2]",[],False
981,709,2f5862b210c974a9b53cce74eadf074ca101add40a91df8027e2f4172c4f433c,YIYVEK,2,Pt,4,153ed58fbd2f29555f616fe9b7fa49a7fae0f4b9dc57c1f9e462251958355bad,xyz/YIYVEK.xyz,9fe02d3d518d840d12a6f07f7541a7dffb356670d62e330f8cd00fb9e7432298,2,[2],[2],[],False
982,710,2f6a4058807fd695c045161fa61d16c8044bce1b617014b6847321b2d317196e,VELBUN,3,Ir,4,2d258c8d894ffaa50f62d5515359860bda712b183479b29172c83407f9437068,xyz/VELBUN.xyz,a73fbe8639248e25b5c884b64c71dd7768fe2a6dbd4e67b78f55924cc4d23dd3,2,[],[],[2],False
983,201,2f74c4b456dc8dd6cbdd990667eb4456e8c90b9b4fe978420f7d4cb416add6c5,MIMXUD,3,Ir,6,d3c9aed22ee92c75dd177bcb6d05642bde5e4fd6b11dbd38db0222cc399e6825,xyz/MIMXUD.xyz,291f4dc0ab116db5ee5f40d3bf99aa4a1a89ba08dc5603d16662d5e9fc76e098,2,[2],[2],[],True
984,711,2f7855df3920fb31114d7612104cd164effc04103a5afbf46c38fd84ca1db6c1,DACCUG,1,Rh,4,ae9377054865c79950418bd38f4676690118c46a0432cebeac5a86415ef00a9d,xyz/DACCUG.xyz,0c170579ec3a48cfd3434e2a224e9119aff8ce937d103544f8046f12d1d45b95,2,[2],[2],[],False
985,712,2f801fba3fc4f46d5f25cdc63dbcad4b1b6088c322b530c54d5157a90db1d0d5,LORFAB,0,Zn,4,73da9a04e7bafd7f0e4a0366d6e4e67ec442605e1620fc5cdeefb0a2a4f9a38d,xyz/LORFAB.xyz,4cd01ee44ef880e04220d77d9f714694fd21c098e38300f9de3eddbb6a37b0cd,2,[2],[2],[],False
986,713,2f8695ed0eafb0b281ef0d40d46246c7ba864ddef75965dd5e72952252ba7b32,BENQOB,3,Pt,4,58933e3f17957a5244767d8d5c64771581f4fa723bc7bcdba38cef3dd9992781,xyz/BENQOB.xyz,a5c6af71bc3b94b902708265f996292467b7c0fa71abac6de3a91a390d0aba6f,2,[2],[2],[],False
987,714,2f87a02814b94188c17f6992eb48b18841756e24dd8ff333b73c3465324199fa,SUYYOD,1,Pt,4,3de11e2e932dccd2ce5b75f1e50753cc23ac84a5de7d9beb0804caa3f897bac6,xyz/SUYYOD.xyz,87b3bf8ca8273c8ed9debf54f9dda71e52c520fa35a1446336bb002d6db987e1,2,[2],[2],[],False
988,715,2f8b29321341aa0e979f37b1bb2819a4710faa36f405d5e87cd8c0f56930ff44,RIWDOQ,2,Ni,4,2242a180a60a14481e76c6d5a47b218491aaeda45df57e25f7ab614f026e4dd6,xyz/RIWDOQ.xyz,9aa1efe7e84e5005919ff4c6fadc2ddf02b8eb1a5cb32bf5d7f0d085b10ce9c0,2,[2],[2],[],False
989,716,2fa6500460bcb70846fd7426fe7558453eaedcbd4fb50909900fd700d1c34aa4,DIXHIE,3,Pd,4,710f3a60628c08c111678a5f3d4f10925f4fccd4f0a254619e617fb2a3b9a25f,xyz/DIXHIE.xyz,ca75da16892e8aca529d0d177c3879b03452093fa58616f8bddd499df65b7d93,4,"[2,2]","[2,2]",[],False
990,73,2fc313f46315fefc88ff23b88d162e01b24c23183a2d0ec3e0a3eafa27fcbe57,WEMWIW,3,Fe,5,d6ebce5b66ea048fe15475b1c04384a0e13a850c20cb843bf5ab9782a91eb10d,xyz/WEMWIW.xyz,532dcdad6193d1e5ff291590e60be431d5c7758f75f661b10e3359fda3aaa124,6,[3],[3],[],True
991,202,305e8bf841bc75335facec9d9b44d24919e633381aed2a1a13f0841fdaef45c3,TUKBUY,1,Cr,6,c14fdf4e789c910009e7619abc03b7b826c89d6b2b367e3870a2726cf6059725,xyz/TUKBUY.xyz,e71a16e17ef95241a7ed9ad39c634a58533e5241b4cd619e1fd1b681712af3c1,24,[4],[4],[],False
992,74,307f972e6cd35eff3ede9a87ba83176c6f3b3260df6335c8884f293799514df5,NAMJAO,1,Fe,5,f222ee8e29e55edd9da120b4c3a90c4b6c4f06c633bd3d09d59b94b7338ebbc8,xyz/NAMJAO.xyz,66b1d8d94c4785abd0ceb567ebfb500b2cb70e34c6353485740a94ae537986be,6,[3],[3],[],False
993,203,3080ecee558edb3345a7dcd487f42dfa987d1f46c705a52b1280b52b2df540c2,SAFROK,1,Zn,6,e9ae5791c91f1227d0c54a1e6ad3e13d71bbbab08a537e11108482aa7ab03c71,xyz/SAFROK.xyz,43400e2da955aacbf396ea448172128f3ce50dd40d30c3e99ac305c229f9caac,2,[2],[2],[],False
994,204,3162b9b167fb1649eaa5407fce40ab75b1e5d86f2800668c941c1adefd8a003c,XEZVOR,0,Fe,6,a084131d860b8fe70c739d67c2e02fbc8b5482b168140a7e666445395082d7b6,xyz/XEZVOR.xyz,fdbe1ccaf89fef44da2fa9dda88d99286d132d53e9c314515752ce5aa6b53822,12,"[3,2]","[3,2]",[],False
995,205,322045b1c05618c440d13e76cece5d2d4c796044795207102524afcf4c6dbe54,LUBJIE,1,Ir,6,af8f839061b8a8f61a43a1ed94e103361db9b7cdcb024e75a61390e8b2714af8,xyz/LUBJIE.xyz,55a09f81086d58f37d898a98227b5e2741d585dbd795d414d31eebe93f7fcfac,2,[2],[2],[],True
996,206,322ce492b7bc0952debe470b26beb2ea4ea3424e9b348826a34d274ace96cac7,PECKER,4,Fe,6,94421fd575fda2ebdcf586e3f9f85e535bc07bec09d28d7ad0187a38eb271810,xyz/PECKER.xyz,0bdc2249f05e9fd7bfc43ba80f7675b561d61a3384d31c6ba403964fad30db8c,4,"[2,2]","[2,2]",[],False
997,207,3274ec4352323a3e00f256cfd172e2f1b899b9c204ec2a8f31534e709f5ea7d4,BONRAY,3,Ir,6,396cb09e3e72004a16a948e2496d9d70c159310e183874104865ee821e6d9a57,xyz/BONRAY.xyz,7da56b6e817d5c4e7968820d94ea536c85dbe39d0441ed11cdd0e1c55f2a81ec,12,[3],[3],[2],False
998,208,3283d4e9ab10028caa084609ac06faf47ef7e769f9f282577286bc136c22a7b5,CICDAX,4,Zn,6,1e94c6f77e4adcd006e9114ea9a6d81879def9db8b16f4eae9e69e77fdfcf018,xyz/CICDAX.xyz,d45fc21543596cf742c9a10f1be02805a847655e8492079260f61de7297ba02c,6,[3],[3],[],False
999,209,32a73bed2d25995f5e9df98df350efd9fb35f2b56f5430bff61c62962966ed95,JUYNEY,4,Fe,6,ed7a8d23a03e69307321638e7876ccd549111ce7c18a28b1562372f0ae778de0,xyz/JUYNEY.xyz,5846f7d3ce5827887e7385d0b07bf088ea7fbaeebee46f1c7d7716983c3ad643,48,"[4,2]","[4,2]",[],False
1000,210,3346309f9d6ba7bbdd7cc91533a2406cd8aec9d043c8111af2459df0b0f9dc40,KINXEK,3,Cr,6,7eff0bee3292f6b94897c2d1c6eb70e5b8fb3659a1419511baf9215c3d3b9116,xyz/KINXEK.xyz,700373de1483918ccbe81af38415afe536c7b62dc89ee0bf51073d955a5a2036,120,[5],[5],[],True
