selection_order,mol_id,fold,metal,cn,graph_sha256,candidate_count,k,signature_matches,exact_matches,signature_fully_collapsed,exact_fully_collapsed,signature_roundtrip_passes,exact_roundtrip_passes,signature_roundtrip_all,exact_roundtrip_all,candidate_count_matches,candidate_count_stable,variant_errors,signature_reference_sha256,exact_reference_sha256,encode_median_seconds,signature_median_seconds,exact_median_seconds,error_examples_json,fatal_error
1,OHUYUL,0,Ir,6,6608432c12b441774f93b95bb5b2f8a264a806fecb93a2e348a988a0b95c26eb,6,100,62,100,False,True,100,100,True,True,100,True,0,3a54c6cd363ad94a5c501cb451bf59db56205e16e7bc417dedc16ae4f42c3552,31413e7355d3153ffb43345b30cf4895399656c8f21e9412f25ab2428bd10d49,0.007802849999279715,0.00021699999342672527,0.0020909000013489276,[],
2,TOGCOH,3,Ni,6,eaa23ea3f23ed1e84bea11b4c93a0c58099aa389630fe2cff02650317d6ac6bd,4,100,42,100,False,True,100,100,True,True,100,True,0,0f68def6a6a2464baa12a9b7f4e10eec02d9e0598bf3ddb066f4274970193209,0f68def6a6a2464baa12a9b7f4e10eec02d9e0598bf3ddb066f4274970193209,0.009674200002336875,0.0003315999929327518,0.0020182000007480383,[],
3,FAFZAO,3,Cr,6,214cdd5585f8a93e8a7d0dfc0f07cfab4a78b38e9e15b8292b73c3d2c622498a,120,100,3,100,False,True,100,100,True,True,100,True,0,59fcf6c6054084c869b9401bdc9984550d025a71782dc81de8c67fa926b6fa99,752cae2a437634690d9bbce4fee8c006e02f2c3d9844cf36b3e350236bb32d3c,0.005680699992808513,0.0002514999941922724,0.043580700003076345,[],
4,UQAXES,4,Pt,4,d9cbc702045d79727c3e0755bfaf5ea7fdeb02e3cf371a1522ec263ae5ce6849,4,100,51,100,False,True,100,100,True,True,100,True,0,07e2a8044aa9bc4a7e4abb50869d08a0b95c05cf9e6a25f494678f815125e26c,1e93971b60d931c1445fee0ce52087e4e7908f222a74c9fca3c723c62225a258,0.007446550007443875,0.00017179999849759042,0.0007104999967850745,[],
5,YEXVOM,1,Pt,4,eb25454ca4284efd2b57c3fff5350c7d4f6978d53e74db76f053d12f91fceab3,2,100,100,100,True,True,100,100,True,True,100,True,0,d58de220be6486691a951de8e838e1093b8ddc2f97e159f449f418ea899b7242,d58de220be6486691a951de8e838e1093b8ddc2f97e159f449f418ea899b7242,0.0070368500018958,0.00023600002168677747,0.0006952999974600971,[],
6,COMQAZ,4,Pt,6,57d7883bd2c4b95e84e0296b2184768827d51a44110ad5945809131a99bf2f13,4,100,48,100,False,True,100,100,True,True,100,True,0,1bae33db82b13688949d9151b987a1d7b7bc0d4ad9e4f486fb5c59fdeb8acee6,9cb9cc5ced5fb5930716c3687bf7f25e1a53ec879622281b42c664937ea96bf7,0.007054650006466545,0.0003471999953035265,0.0016119999927468598,[],
7,CEWBAK,3,Rh,4,00eeb824f8787342d34966b55111f7670ff7f3acbf0f707967e8dde3d3590a2e,2,100,100,100,True,True,100,100,True,True,100,True,0,c4f73b826cc1c053a6cd0a3a8fc32150eda2a1ecb754e35bb36f359ff2fd8824,c4f73b826cc1c053a6cd0a3a8fc32150eda2a1ecb754e35bb36f359ff2fd8824,0.005983849987387657,0.0002629999944474548,0.0007807000074535608,[],
8,HAYJUO,1,Pd,4,e5262e378257e6ee9db9b801d1778a3a504786df7107a9fd96f5de83c781c387,4,100,56,100,False,True,100,100,True,True,100,True,0,0c9595579be343cd753d72eaec2411b552a0b486d8fc81a326748d8807102794,a807bc01e33e177844468df077eeb56639e87b0080f176e64e11f07c9c77dcf6,0.004067250003572553,0.00025060001644305885,0.00126090002595447,[],
9,RIRKOV,4,Pt,4,30501e95c4f6be5d57939b2a1750527a6f3079da98a911e3af17c4820e45be54,4,100,100,100,True,True,100,100,True,True,100,True,0,74e2fa4ffdb05751f4ad939004b180df0b42cc0e3628e52786b09198eec847c1,74e2fa4ffdb05751f4ad939004b180df0b42cc0e3628e52786b09198eec847c1,0.012193349990411662,0.00022039999021217227,0.000812700018286705,[],
10,KITNAF,1,Zn,4,0eb953ba4461cbfb484eae09cfef56b6540848d9140e168562dea98e2fc75fb4,2,100,100,100,True,True,100,100,True,True,100,True,0,2c05624f6c16d8429e2b544780962392885fdfc5b168e53f0aa46be0306eb4bd,2c05624f6c16d8429e2b544780962392885fdfc5b168e53f0aa46be0306eb4bd,0.005371649982407689,0.00019859999883919954,0.0005086000019218773,[],
11,HUWXUS,3,Cu,4,e87287a4d6f02e2908958bbab3a62be185129c34961d6e0dfb1d293c0b32f8d8,2,100,100,100,True,True,100,100,True,True,100,True,0,987033fc406f8aab33dceb5bdfa5b3d711dfa696a575414b5c85aa8f6b2f9692,987033fc406f8aab33dceb5bdfa5b3d711dfa696a575414b5c85aa8f6b2f9692,0.004729150008643046,0.0001936999906320125,0.0004940000071655959,[],
12,BIGXUL,1,Pt,4,aa735a925f01961dae7a6f5c247f5cb9cd234d3c0bf541bfb7a516d14d2484b9,6,100,29,100,False,True,100,100,True,True,100,True,0,5c35aa366ac249f2db73471d8542f8a6226d34553ff55ddc914dcd5d8a781341,92c46da48fdeff9337ab309bdcf087376640d943a7a6e3acc76a47d93b473b44,0.007825499997125007,0.00026229998911730945,0.0013011000119149685,[],
13,NAKKEQ,0,Pd,4,c0c3b387bb1a164ccdaf7ecad4933055ede8ebeddbbb58a570e3d7922ec68bd7,2,100,100,100,True,True,100,100,True,True,100,True,0,c3867d8176f0a3c844eedfb4c769c67dbca4f92f177d9b1f51ed180c8cb9a1e1,c3867d8176f0a3c844eedfb4c769c67dbca4f92f177d9b1f51ed180c8cb9a1e1,0.005837150005390868,0.00016500000492669642,0.000447300000814721,[],
14,VUZDOK,4,Pt,4,e6f10c0193a95ea5f5f53fcbee5978172eaac3f0ede2cca79d0a30394e0c6c1a,4,100,47,100,False,True,100,100,True,True,100,True,0,3dbf798122cb8a72ceea775cce070ad29f5bfd6caced85c8c67370fec1205bf6,0d26265e5c9b9f03c5aeccc1cb697c2db8626a81fadbce9578b5c9df3ac88861,0.003472600001259707,0.00017220000154338777,0.0008108000038191676,[],
15,JEPGOB,2,Pd,4,e60a11ba570c4797f214de79507d965b5c6d784282ac5742f281fe58195c79ac,2,100,100,100,True,True,100,100,True,True,100,True,0,a48fbbe9bc90a0d66b55d09fbf492dccbdf7be6cd33a4829b1f09bb33dd42c47,a48fbbe9bc90a0d66b55d09fbf492dccbdf7be6cd33a4829b1f09bb33dd42c47,0.007442600006470457,0.0001674999948590994,0.00046339997788891196,[],
16,NAQQAX,1,Fe,5,a74fb9638f7a1215f8604b2ead4600f5916dc1c62d1a4dc0f9f55672ff89c584,24,100,33,100,False,True,100,100,True,True,100,True,0,868d512a8947d2ae6b32d638fcbc41f8c47a41051eddbb4e440b4f6f6ebb7427,2d3a21830da4636235c7753d79c3b56e7485bce24667e4c8ce17a7df56b3a57c,0.009976000001188368,0.0003249000001233071,0.007426299998769537,[],
17,ZOJBUY,4,Zn,4,94cac00ffa2a86a0aea3be51a7d5c26c72e70b8db7088558091cbe6691d3054a,6,100,39,100,False,True,100,100,True,True,100,True,0,44a2f1b69a4af608b94e119288d3869fd00e497e07800c597d6882fc0a7e4375,3a1d1edbaac8c82fec6811f7b04fc155929d8d5fd58b645d96ae8087d38a3755,0.0008688499947311357,0.00013489997945725918,0.0007533999742008746,[],
18,SIWRAS,1,Ir,6,bb6e6e7ff18a9b644d237cfeaf2732a88d96a4596b32ee058b7b2e9b9ba12398,2,100,41,100,False,True,100,100,True,True,100,True,0,aa80cbcb56b407beb864d9d090eac263a2ff8fc5d357518f20750f60fcb071bd,aa80cbcb56b407beb864d9d090eac263a2ff8fc5d357518f20750f60fcb071bd,0.010190300003159791,0.00022759998682886362,0.0007711999933235347,[],
19,QULLIU,2,Pd,4,4fac6b12e4a5874bc9079d7c0a00d9edde60046d5740590b3631668323b7dbf3,4,100,47,100,False,True,100,100,True,True,100,True,0,3d9c21c4da032b9cc7db6cc9dafcf9e8b1e6d2f831094b32c0451a18a30e460c,3d9c21c4da032b9cc7db6cc9dafcf9e8b1e6d2f831094b32c0451a18a30e460c,0.006486849990324117,0.00016610001330263913,0.0007393999840132892,[],
20,WOMVUQ,4,Pt,6,9aeb3e57b12a4e12c6074f0bf72c0efcd332b8436a3fe5899e1bc073b632ba6c,6,100,34,100,False,True,100,100,True,True,100,True,0,17b4619cccd6cd32587b725d7a651f5d1d4534cef47af88254339bf3a936d188,17b4619cccd6cd32587b725d7a651f5d1d4534cef47af88254339bf3a936d188,0.005849049994139932,0.00025949999690055847,0.0023683000181335956,[],
21,AFOYUR,0,Zn,6,4dcb20370e4bc3cea57a6fa84613800be23020d1f36363876ea92c8f46f1f00d,2,100,100,100,True,True,100,100,True,True,100,True,0,f49f805c404b5513a9740a8cf307056b5a74af292c7b348529271c0d278b5105,f49f805c404b5513a9740a8cf307056b5a74af292c7b348529271c0d278b5105,0.008912550008972175,0.00021739999647252262,0.0008785999962128699,[],
22,DUMXAN,4,Ni,4,3f60fb8777564372edd69828dde225fb1a7ad37fd943beb18354356d7d8eb2ee,4,100,47,100,False,True,100,100,True,True,100,True,0,6e31f66e9915e5153de0a2e1ef19fc285fed5d9b1a61583d4d7c2fc45eb8b8ad,6e31f66e9915e5153de0a2e1ef19fc285fed5d9b1a61583d4d7c2fc45eb8b8ad,0.009757749998243526,0.0002480999974068254,0.0011636999843176454,[],
23,OGITIJ,2,Ni,4,3320405022b9ff393183a3f52f48e74f33fede1eecaea367ef307116c36fb762,2,100,100,100,True,True,100,100,True,True,100,True,0,993581a865613ba657c7018740e69400782b1c7be151fb266a555e97a4bfb2c7,993581a865613ba657c7018740e69400782b1c7be151fb266a555e97a4bfb2c7,0.003981349989771843,0.00020360000780783594,0.0005424999981187284,[],
24,XAFFET,4,Ni,4,42f41f3daf7b27df53804a36d7e5ec1a5460f89467cd06bb5b918e059c1d61dd,4,100,31,100,False,True,100,100,True,True,100,True,0,4dc33e1ab06a4bee00ed1d303c54bb605b8bdd261810e038fa74f329cfc16bba,5f1767f0b74a4fb856b45f53681e8b8b11ca40cb5fd457facb73167d6ad34421,0.005551099995500408,0.00017129999469034374,0.0007448999967891723,[],
25,YUWNEK,0,Pt,4,db1ee5a36709beed46b795223d22f3a628021c858933f6ad9a8bb419e396fc4c,2,100,54,100,False,True,100,100,True,True,100,True,0,0575a67b08dcfc721de832784b3e7f9c502a35a23febf740ff14bfe55470fcc4,46ab6cc56effca76f77402fd5a4aa04408421be5680543cba03e18a2ddf63b6e,0.0064557500154478475,0.00024049999774433672,0.0006908999930601567,[],
26,XOMFUA,4,Pd,4,8b0ba37284f7cabdf55e828edbf42c3540e79ebd3b8704e051b6c46427591b65,2,100,40,100,False,True,100,100,True,True,100,True,0,ad32effce4c8456294e7b66f0f92b4084d7c638d2b938664f00323e52a495282,3dfadf217962ad393ce7f222525188e7bfd59ad642b910a85da8edac8ab94222,0.005576900002779439,0.00017450001905672252,0.00047640001866966486,[],
27,JILSUS,4,Fe,6,48d884a962b908ed4fbb44bf64f5049aecff8c06503bf48412954d6aafb27764,4,100,42,100,False,True,100,100,True,True,100,True,0,c6909478dcaea8e258c13049f0a9ffb68afea912f90ed6e235cad55ea7fa111b,7ddaa5d6ed7d057144cd829cd62513c6ba869cc734a7e09cc80fd04a2a6f8ae7,0.00506334999226965,0.0002330999996047467,0.0013609000016003847,[],
28,QIYVUP,3,Pd,4,f8665ecac762c28fc6aba887f0241d387b8a015adcea064c1965801869cc0f56,2,100,51,100,False,True,100,100,True,True,100,True,0,17244829f1bcb7e75cd9b99e1bd3462c13eefbf5108e9bd4dc50a2f147c335b8,5a497a922ad2c7ddf5eb68d2175f9d49fffc0a67e01b1260cfcfb2353d72c3cd,0.0027597000007517636,0.00017889999435283244,0.0005881999968551099,[],
29,GUZTUQ,4,Pt,4,cfdd61c49bd4dd0318d744a0c0306b3c3887b6788da8cce619fef157db3d994a,4,100,58,100,False,True,100,100,True,True,100,True,0,54533bab2c99f96a1b597a27b86fd8e22d8483bd99ea3befee4670f8c5fd1ae5,e391bed8ccc0b9ebc408111dfcbe82f77a6caddb9a62ef9431e3c24c089333cf,0.002511500002583489,0.0001684999733697623,0.0007933000160846859,[],
30,KUFNOP,1,Pt,4,5d42df778af553290f86a586c95c3b57761bc99b071401a5865f32f3ae1f207b,2,100,49,100,False,True,100,100,True,True,100,True,0,507bbfb2589d47503fb3bfdd08a823f5f0f5ce7ca87ebfa874e0e5992324f758,031b9ed42b7df8214ce104a8cdab16e0f7d63b6b7d1dd04c8cbfbaf8b6f7d644,0.003872350003803149,0.00018900001305155456,0.0006151999987196177,[],
31,QUNYED,0,Pd,4,748968c6d0055632b023434e12838655d09b9897888a4b9b4a376262d4f1b837,2,100,47,100,False,True,100,100,True,True,100,True,0,6b4db3ef47b32495c6d79073235e8f606486d63e17551c32083e256aca3db6d3,69dc39831f6a1b147c622a01859053f4c8515a66ac4a056154a76d57646b4f55,0.0070913500094320625,0.00017159999697469175,0.0004769999941345304,[],
32,DACDER,1,Rh,4,256118dbce5bbfb8630edc3b471ed3172107aa417d7dcc72c008c517d9c76614,2,100,100,100,True,True,100,100,True,True,100,True,0,e976832a9f09d57213728c4dab4df289e9cf457a121b65b2c81463b695b8db16,e976832a9f09d57213728c4dab4df289e9cf457a121b65b2c81463b695b8db16,0.003153450001263991,0.0001762000028975308,0.0004867999814450741,[],
33,UGANOH,1,Pt,4,a7c85ff44b58a9fc0aab9cb7ae826360275c6c53e3934e8ce865cc3a9dea2a54,2,100,51,100,False,True,100,100,True,True,100,True,0,a01e6297b7ece02d12a219aa6c2186ba6afa11e197df7e612be58e64a699e2c0,a01e6297b7ece02d12a219aa6c2186ba6afa11e197df7e612be58e64a699e2c0,0.005289800013997592,0.0002590999938547611,0.0007910999993328005,[],
34,INILUP,3,Zn,6,d7717254ef0906d55be628d3537b23d621b7ad978a5b7b37410f65c42d64c757,2,100,100,100,True,True,100,100,True,True,100,True,0,32b5996e95db121da6f721147c212c550c1bc3aab51a97bb00e34c036bb3d2c1,32b5996e95db121da6f721147c212c550c1bc3aab51a97bb00e34c036bb3d2c1,0.011178300017490983,0.00030070001957938075,0.0008941999985836446,[],
35,SOCDAP,0,Rh,4,56eee21258b4c25ed28f372054eb5bc6bc10292f61f8632871b980e8c22d9d89,6,100,12,100,False,True,100,100,True,True,100,True,0,233775b469de92ff9e187d426f528647137d8fd1ac38407940ae935548109451,e998824eb6ad328cb1f22927c28cc71e5f95a273020896809502d0287dcfdc19,0.005106449985760264,0.00016920000780373812,0.001119799999287352,[],
36,XATXID,4,Pt,4,b993158c07239778f7549ba88c9331f93abe4d431a1d13761ec6cfe343e1b144,4,100,56,100,False,True,100,100,True,True,100,True,0,376c2008b36124389e734999a139c261e900dcf45dae96ece8b44722fc2b5383,657e62e405c83a9e97f678ac43cfbfb617b8932839fda037abc7c0832a3ae1b9,0.002334100005100481,0.000221800000872463,0.000977999996393919,[],
37,PYZTCI,4,Fe,5,55cfd4471327bedd4e936bc228069d7e5bbbfb39b8ee84f0f45ed4dd44b92042,24,100,33,100,False,True,100,100,True,True,100,True,0,5e7f03b75909ba06c1e39dcc31f855ffac76cd5369d47bb4b6ce901e20d2c232,5e7f03b75909ba06c1e39dcc31f855ffac76cd5369d47bb4b6ce901e20d2c232,0.002784399999654852,0.00028500001644715667,0.006768499995814636,[],
38,ZOJYEC,0,Pd,4,10e272dec4287c74d01e54ea2b72cd88bac0db679af1195eccda0d1942c47e63,2,100,62,100,False,True,100,100,True,True,100,True,0,b1db6a205f9c5fcbd53108c62fcc9b269f55925d44ceb19aa0ead88d3bb78c55,f74d6189d9ca644caac652b59a716f55d06427383c7e42cc4049be9e7d249ab4,0.005350049992557615,0.00024330001906491816,0.000745700002880767,[],
39,SUNMIA,2,Pt,4,cd2856794ee33665212dfce5c1423383d0452d8b70bf5b482a061618b913c5bd,4,100,46,100,False,True,100,100,True,True,100,True,0,0f12f7a9f1d05f2be1aa6fa16eaa5f32ac05a4c0e35a3261e59edbc9bcefce59,5fe4dfc487a72ae20859a6bd6c65bedc7f99b0c3896ddab86f375f36cd61095d,0.0063424000109080225,0.0001576000067871064,0.0007170000171754509,[],
40,BIYJIC,2,Ir,5,6992dce51bfbaf12f0d04f201308c2140ee3b0c0b8817c2a3dca3d955ec20c5a,6,100,29,100,False,True,100,100,True,True,100,True,0,5200e8561f5f938546f687e1764c0a60cf81b783115bb9307ecf7195a5d69984,5200e8561f5f938546f687e1764c0a60cf81b783115bb9307ecf7195a5d69984,0.004333649994805455,0.00028840001323260367,0.0019218999950680882,[],
41,FUDKAR,3,Rh,4,1d554c4c38e998dbf1f7e82b0bbc2ed18f2f5428156c922ec5c5219501a994d2,2,100,100,100,True,True,100,100,True,True,100,True,0,4812325aff7e12d17080ab606bc75c066d3eb429c3ea537351a2d440912453a8,4812325aff7e12d17080ab606bc75c066d3eb429c3ea537351a2d440912453a8,0.005702049995306879,0.0001619999820832163,0.0004461999924387783,[],
42,MULQIU,4,Zn,4,053acd652c9567f69bb4fbd908674403e7ef04ca562c54e2aea90a87b65a1da7,4,100,100,100,True,True,100,100,True,True,100,True,0,778ab96e6ccb4ad77c8e2df61d6fc403774f067beaba71d5df4378609a7d9222,778ab96e6ccb4ad77c8e2df61d6fc403774f067beaba71d5df4378609a7d9222,0.006015949998982251,0.0001702000154182315,0.0007187000010162592,[],
43,MAHSOG,2,Zn,5,113fdb2280a0421233f40c58b6bea1e487121a770ee36d65ff3101d96b82452c,2,100,50,100,False,True,100,100,True,True,100,True,0,da35e4a467b0802f055275e8d1b89d2a8a976c88ee7726d14f8033a2158cfe0a,e99254191ed0e405b78c94486e72a6d791e7649b1d5470efe7c2cabf4d172fd2,0.002632550007547252,0.00015159999020397663,0.0004101000085938722,[],
44,ICAREJ,4,Pt,4,4a1526e0d24add2f3c3ee271fa7ce75a58e2c7074d03e3cd4ed181fe780a5e01,2,100,45,100,False,True,100,100,True,True,100,True,0,0f35e70f36b608ca90d312621e5519eb79e397e86572a83a41e4961f72f0948b,0f35e70f36b608ca90d312621e5519eb79e397e86572a83a41e4961f72f0948b,0.007514349985285662,0.00026709999656304717,0.0007963000098243356,[],
45,WIXMAT,4,Ir,6,923aa82024fddee2202f6ae53e30e68dec101a46f0d7bf679e0c96835abf2247,6,100,32,100,False,True,100,100,True,True,100,True,0,104eba4a3ffd870b36caf524aa92d30bd31a9ad671df0fde6ab72e198229939f,a56e26879a60b0ac70501cb69c83866a0e0391551fb93df46752d5a74923cc59,0.005774099990958348,0.00023040000814944506,0.0017751999839674681,[],
46,HATTEB,3,Pd,4,f93037017e3594a2df06f70ea638773a16f680f3c53c6d33423af2962033b6e0,4,100,53,100,False,True,100,100,True,True,100,True,0,a0c731024ee4a5dbb45ed07a7913a4ae55d1f966ebcf5348481f56f7f5fd1e6a,0d35fe35af8056a1e83c2124ac5d7dcbdaa014ec4c48ec466e087535488d8b37,0.007765650007058866,0.00017939999816007912,0.0008491000044159591,[],
47,ZADROP,2,Zn,4,68dbe24d374c3e7c6daf0959afda8db47368c796f824ba526f2ad6113c3fd2aa,4,100,21,100,False,True,100,100,True,True,100,True,0,a2ce6590bd50c93f8cfbaea48d8c2b13b4b3ac40ad537a8d2878d08f31c0dc68,189215f6e9b0266510808889c89abec9385bf40d15b708e50289f172e019c7ae,0.008264199990662746,0.00022650000755675137,0.0009529000089969486,[],
48,MOBBEN,4,Ni,4,2d28fcf1bb2005dacff24603e24d9ac909ec8c5f0807269d4a5fc318598edeba,2,100,100,100,True,True,100,100,True,True,100,True,0,9604ab6a6826c64c18908eab639e17f8c45918d38f91ea1620124384474c7231,9604ab6a6826c64c18908eab639e17f8c45918d38f91ea1620124384474c7231,0.005185350004467182,0.00014260000898502767,0.0003630999999586493,[],
49,OPOGIK,1,Ir,6,6fa6f821d7ee5badb13967668e7f73e6dbb98029ff7025c31ae92de74bcafc3b,2,100,51,100,False,True,100,100,True,True,100,True,0,093cfcec81f3e67803f52477e26a573943b6549217de46c05114dbc44493ccdb,03854ebdd63a85e71c8bf4d4c4d0cd84491d25d70fce3bed874fe6c70746f24d,0.00853024999378249,0.00022879999596625566,0.0007028999971225858,[],
50,XOVFIZ,3,Pt,4,cd1c44af4b52811e4d655fa5d7a86a60943a8132841bfb936b6b429b65306184,4,100,57,100,False,True,100,100,True,True,100,True,0,2b560991ec9f0b8fc354b3786762e89c6fea78d4e8020d0b3550361733549397,2b560991ec9f0b8fc354b3786762e89c6fea78d4e8020d0b3550361733549397,0.0016885499935597181,0.0001548999862279743,0.0007987999997567385,[],
51,PIGLID,0,Ni,4,484eeeb0f8109ba9dfc23aff5cd8ab029619d2cdddb9827b996235bd4dea5503,2,100,100,100,True,True,100,100,True,True,100,True,0,f88f2ef6a07a1471479f3348ee84e671337573cdf83e4c1952461def75c0c3fc,f88f2ef6a07a1471479f3348ee84e671337573cdf83e4c1952461def75c0c3fc,0.0065968000126304105,0.0001866999955382198,0.0005784999812021852,[],
52,PASPEF,3,Zn,4,621ab75211a690ba3a9f0b0e17b8b75577c773e292f9ecad4275b21547cd997f,4,100,46,100,False,True,100,100,True,True,100,True,0,ff76bebf9393be6cca2c83aa790e409c6f711b5f0f8a9d4431d29f7fe772d397,ff76bebf9393be6cca2c83aa790e409c6f711b5f0f8a9d4431d29f7fe772d397,0.0027622000052360818,0.0002179000002797693,0.0010180000099353492,[],
53,ZAVVIE,0,Pt,6,135c3911d58076f0c10c0ab9ee2c3734ac103b78c6b89b6f67696a8b6b3dcd57,2,100,53,100,False,True,100,100,True,True,100,True,0,fd791c1f0fef57def8a7ec5613f77a8412e8e2b67434e0d51a2d1b28efc9f641,fd791c1f0fef57def8a7ec5613f77a8412e8e2b67434e0d51a2d1b28efc9f641,0.011515049991430715,0.0003453000099398196,0.0009299000084865838,[],
54,GOTYET,1,Fe,5,4cab1193bb802f307e85b1a0d8a5e33a296e2bca43d99d5001c23945a8d652da,2,100,46,100,False,True,100,100,True,True,100,True,0,fd4233170484605ef29dbf848a7e1c49e2063bcc89b7a3d9ace24ae326ac8737,fd4233170484605ef29dbf848a7e1c49e2063bcc89b7a3d9ace24ae326ac8737,0.002325549998204224,0.00015639999764971435,0.00041439998312853277,[],
55,YIKDEC,3,Fe,4,912b486e2758ff35752db2a7e4d462453de0c85e4efc479b34e9f7f1efadc17a,4,100,100,100,True,True,100,100,True,True,100,True,0,f094e6bfdcf02e6300c8cc3409ad862a78387f760ef913bb94d7261cd4016845,f094e6bfdcf02e6300c8cc3409ad862a78387f760ef913bb94d7261cd4016845,0.001868899998953566,0.00014019999071024358,0.0005816000048071146,[],
56,UGUCOO,2,Cr,6,0ed23c81955c6b68c3e07b26f378d9df023318163f6481040310ce1d16a7b8fb,120,100,3,100,False,True,100,100,True,True,100,True,0,8d36c7be865d5302730673f42acf8d2c3ca243b4e8fe4f8c4a4914449c63aa07,9d06df1c7e1f4d3c2402eba9561505d533c3058c3787b7f40791b99bd220380b,0.007622649995028041,0.0002840000088326633,0.04395170000498183,[],
57,OTAGIB,2,Fe,6,c289c7ba495b070a82a6c30f31739298ca4b24c825a5c7479d26614d853dd40d,8,100,53,100,False,True,100,100,True,True,100,True,0,0a1f5ff5723711f96034beed0061e0fe48022098666efc6dcb516a96781eec06,c11658a711b2d2459e8dabbd93d482a274991beb425b0807df5c6a11cab386a0,0.007796149991918355,0.00039190001552924514,0.0040271999896503985,[],
58,WECHAQ,4,Pd,4,6f2d29812920063a0ad8b53c4284ca2c10427f38841b224b3af1387ade139d27,2,100,100,100,True,True,100,100,True,True,100,True,0,bebfb3994981e965cdf05d7e0be0f3a3a583e8aebe956e3adb013a081f696f77,bebfb3994981e965cdf05d7e0be0f3a3a583e8aebe956e3adb013a081f696f77,0.009331950001069345,0.00024389999452978373,0.0006907999922987074,[],
59,DUXHEL,4,Pt,4,142b909368828d5735ccc8aa3ef3d24470d47e7126df59a452e3eafff976c595,4,100,51,100,False,True,100,100,True,True,100,True,0,841379b0420494830b8780e913c96e335aa601264bf108baaedda508664151e0,841379b0420494830b8780e913c96e335aa601264bf108baaedda508664151e0,0.007729949997155927,0.0001714999962132424,0.0007772000099066645,[],
60,OKUZOL,2,Pt,4,7291fe092504bae7828a306521121b2eb952a11f45a4f33ee1fbfedc7441a1e4,4,100,55,100,False,True,100,100,True,True,100,True,0,30bc7322207f0f55443df006696ea012819321a30c543306fd09254dac2f0c42,30bc7322207f0f55443df006696ea012819321a30c543306fd09254dac2f0c42,0.003260400000726804,0.00024040002608671784,0.0012364000140223652,[],
61,TEJWIQ,1,Zn,4,e672246ab12ec8b0e4c6c815e0d5d8ff012b468aa8e08479a19abcf9fbeb3954,2,100,51,100,False,True,100,100,True,True,100,True,0,770ce69d698195618676e151b11672c756196bffb42bdb31f32dde4b792b67e7,f33caf228cd763db16e5f5c19b558e38ce2cb8135a83fec4446c25cf885079fe,0.005001600002287887,0.00014789999113418162,0.00035439999192021787,[],
62,SAKBUF,0,Zn,4,2c532e834c1507f788fabd272948226a3b9611f79dd8937e2d3b8d76480879bc,2,100,60,100,False,True,100,100,True,True,100,True,0,b467248c8510ec84e65fd6050179ca06bfae4682983ff7ee41ebc553d431ad84,b467248c8510ec84e65fd6050179ca06bfae4682983ff7ee41ebc553d431ad84,0.0077006999927107245,0.0001453000004403293,0.0003499000158626586,[],
63,WIBQII,3,Ni,4,242430a1f97c9a960197769896198df2ff3e7e789d370493b3d8c39c284b28e5,2,100,100,100,True,True,100,100,True,True,100,True,0,cf11d0707f943f01cac107e8fa3300e233c2386fc2c57fa7a7daeab53526fe27,cf11d0707f943f01cac107e8fa3300e233c2386fc2c57fa7a7daeab53526fe27,0.0017337000026600435,0.00013800000306218863,0.0003960999893024564,[],
64,YEHTEL,2,Pd,4,98030d9fd69c45b309465cde05d2a391136d48f6ab9d220f8e9460c4aa3b62ce,4,100,48,100,False,True,100,100,True,True,100,True,0,4fa095347692ab7885e33a736fb0091ebff233384b46ef51bd94af36f62b3352,4fa095347692ab7885e33a736fb0091ebff233384b46ef51bd94af36f62b3352,0.00784735000343062,0.00021920001017861068,0.0008887999865692109,[],
65,HAKKEK,4,Pd,4,e88f7efa13df1f69e26fd9e9136e7be3a2856c08950387088c9f5ce60c7cd931,2,100,53,100,False,True,100,100,True,True,100,True,0,3a84545d99513e385b648dac0c1326abd43bad7929404e677788737c3d5d85d1,2f68a3f37cfbf15f504713910955183e952f1489a0fb159de589582eb24a545b,0.0037500000034924597,0.00015750000602565706,0.0004406000080052763,[],
66,PAMFES,0,Pt,4,a2c06567e4114037d48525eebf677dcd2686ccdfc7c1776ce2035b2afdb0aa74,2,100,52,100,False,True,100,100,True,True,100,True,0,c99511fa3fddd7553e6b3f55d6b369a22d8d8d61366b09b7afe22b6184a7b403,c99511fa3fddd7553e6b3f55d6b369a22d8d8d61366b09b7afe22b6184a7b403,0.0042491499916650355,0.00023830001009628177,0.0007340000011026859,[],
67,SERDOJ,2,Pt,4,5e10e0806fd8de8114805742464af2a6a7535a4b2712e94c126a644513bafb87,4,100,51,100,False,True,100,100,True,True,100,True,0,67e94d873020a8ecbd8b5d5b24b742d519d094feff7ed4a6b0a16244c5b00a5a,a5fbe48e2067dfa850ff43081f79c96bad7e4589fc26065b65d6b2f5d18e8241,0.0031790999928489327,0.00016150000737980008,0.0008615999831818044,[],
68,MAQHAN,4,Pd,4,bf9f50bb0e1a5793c2e379cd0536b751bdc48d8a1838dcb6adae0586d15ce38d,4,100,100,100,True,True,100,100,True,True,100,True,0,aa7f85b65d955d859e8f3b64a4a8e23ec026136a04acb10668e09b84a436b5e7,aa7f85b65d955d859e8f3b64a4a8e23ec026136a04acb10668e09b84a436b5e7,0.003578949996153824,0.000166199984960258,0.0007616000075358897,[],
69,AHUXIM,0,Ir,6,b6defbe2fdad2c3612fb9f9d7e6ea4689c0697829e9c28185f00dc1f537547b8,4,100,56,100,False,True,100,100,True,True,100,True,0,e9a3568c7e8727eb53b8ff289c6eca79c9c705104f4a0e502f4efdf5b567c439,a6242012269150999cc89e67b5b5b1a0a41b29d3ccf5d42b5377734a236a720f,0.01232930000696797,0.00022830002126283944,0.0013586999848484993,[],
70,ABEPAA,1,Ni,4,b16f0ff14a38a8ee9dceee5ecac8e0d6061892b4bae9783d9a3a5697dd9412bd,2,100,100,100,True,True,100,100,True,True,100,True,0,7ade8d3281e539e2f2ef70abc05b46d946ff962e3fddbbfa4b7f5831eda8dfe5,7ade8d3281e539e2f2ef70abc05b46d946ff962e3fddbbfa4b7f5831eda8dfe5,0.007220500003313646,0.0002662999904714525,0.0007896999886725098,[],
71,MICWII,4,Zn,5,5e43416440836c1ddab7453423b72da98bf905a3344ebe6bfd4f534628e292a7,4,100,100,100,True,True,100,100,True,True,100,True,0,7088048617dfec673b03f48d44394a7c3405b3972444d5b0ce49a97a887eef6c,7088048617dfec673b03f48d44394a7c3405b3972444d5b0ce49a97a887eef6c,0.004090499991434626,0.0002271000121254474,0.0010212000051978976,[],
72,IDAMAB,0,Pt,4,c63abd9ebcd2b0995b069d1e3395f52b00df078f3d7c4fc14fe33f8a192e4008,2,100,47,100,False,True,100,100,True,True,100,True,0,e0cfdb6b0b283fe956af283cb3f9a1be0e445ae79cec427ebd3c2cd11cfe5dc8,e0cfdb6b0b283fe956af283cb3f9a1be0e445ae79cec427ebd3c2cd11cfe5dc8,0.006255400003283285,0.00023029997828416526,0.000662900012684986,[],
73,CUMXAK,0,Ni,5,cfecf1255e4313c265c0ccdac65220e51e4462fd2600f21e1914e780d0447c96,2,100,59,100,False,True,100,100,True,True,100,True,0,d1475fe3c68ede5108c39935a9a46cc4ae6da1bd1b63b7fd158ab9870abb5722,cd260d5f60b78f91a20ceda21a9e89f8c663a3e141212574dc10621d7cb5b4d8,0.009550949995173141,0.0003268000145908445,0.000989099993603304,[],
74,OJIWEL,1,Pt,4,c79868227d1285b1de76b56486a826b80bed90b538fb4f0f1a41df604befc21f,2,100,100,100,True,True,100,100,True,True,100,True,0,34cb64bc62d98a9a200dd5d9b5db6c054e001882e4e28a5574fe353e230079c5,34cb64bc62d98a9a200dd5d9b5db6c054e001882e4e28a5574fe353e230079c5,0.006181799995829351,0.000228599994443357,0.0006603000219911337,[],
75,NOZSON,2,Zn,4,1fc372118fda45e66160bf4b7f7a21487aed35b83da5b052b3be4066182aa7b9,2,100,100,100,True,True,100,100,True,True,100,True,0,899bd60998ec1b8730972a9cd69429464ab4273a823819e0c3a9307aedde7f16,899bd60998ec1b8730972a9cd69429464ab4273a823819e0c3a9307aedde7f16,0.0071050999977160245,0.0001886000100057572,0.000423500023316592,[],
76,FAYKID,2,Pt,4,f142c39224eb4bfefa2fe8495e98cc17d1f7cfd9f5af917bfdc003923786f029,2,100,100,100,True,True,100,100,True,True,100,True,0,cfbeb06946525f26c6dfffcfd032667f3fb2a760e621bfb22dafaca7810c266d,cfbeb06946525f26c6dfffcfd032667f3fb2a760e621bfb22dafaca7810c266d,0.005202350002946332,0.0002285000227857381,0.0006683999963570386,[],
77,UDIRIL,2,Zn,5,f1daec751d7f640abf2ae28d502567bb4a879d4649905427f5640dfa00d169c4,2,100,40,100,False,True,100,100,True,True,100,True,0,476dadaf072690f8881fce636ebb5e1724db7253bfd8374b76c598d4f061fa49,476dadaf072690f8881fce636ebb5e1724db7253bfd8374b76c598d4f061fa49,0.0052584500081138685,0.00024850000045262277,0.0006301999965216964,[],
78,ZAQYAR,0,Cu,4,50532dcdcd0cdb42373b56afbbcf19c5944d3c554d5857759962a96126355073,2,100,50,100,False,True,100,100,True,True,100,True,0,5e959c4cfdf682eb060c8c294b50960a0ead67b1c1d8a1b45340c05083e21373,8ae28a28471b0949df89abb23fba785cfeb4073136d2fb55e88f0366f7e04e44,0.011146699995151721,0.000205100019229576,0.0004944000102113932,[],
79,TUGXIE,0,Fe,5,6ba6e4ccf913ddad8e19a062b94cf13186f624f4c25d63f163c729109c4653fe,6,100,30,100,False,True,100,100,True,True,100,True,0,62ed2a371a7685e185f7f57841b0b54c6b665c44178fe02e320aa159b900a225,137af001ca1d8d7e50c8370f63ac81928efb9c4a40809c353af54ba533254ce7,0.006893550002132542,0.0002901000261772424,0.0018378999957349151,[],
80,SATRUC,2,Ir,6,58627d1ecedb167f61d772d577c94e39622671ebac064bfe9dab194346c6b52d,4,100,48,100,False,True,100,100,True,True,100,True,0,8f715a482a96918d85f30d4173ec93fdcc024301537d34041eb9273f3aad89b0,8f715a482a96918d85f30d4173ec93fdcc024301537d34041eb9273f3aad89b0,0.012562849995447323,0.0003546999942045659,0.0021437999967020005,[],
81,XEYWII,1,Zn,6,94c84c7fc6578f1b2325d918974dc401f96a209c90f1d054f32c874a4f3f99c0,4,100,52,100,False,True,100,100,True,True,100,True,0,9716f1e88775b631cfde7eb5cbdedbbf94dc314807f10bc1b3c7928be3935338,2c9f093aa21b6fa95ca2980789943aca6991e8dd1944fd1ed508c9fc76a55f64,0.010800350006320514,0.00020790001144632697,0.0012176000163890421,[],
82,FAWSAX,1,Pd,4,4067709901c3c56fd2015dabf15d7c12794b876bdf960ee89b5e6c41bb93da57,2,100,100,100,True,True,100,100,True,True,100,True,0,a56fdbf7869bd1545ce54681d5ea515b6e682707280f2c138f8663869e950f1e,a56fdbf7869bd1545ce54681d5ea515b6e682707280f2c138f8663869e950f1e,0.008515899986377917,0.00025209999876096845,0.0007248999900184572,[],
83,KEKTEZ,3,Pd,4,1fc535c71510ba4f7cf4415428fd38690be10ab7a69d5c0e74c908165571c684,4,100,46,100,False,True,100,100,True,True,100,True,0,d5b926c4d2727970b8fb4cd52edda9166fb5b9b47d17ef6473bf08bb2283cc2f,d5b926c4d2727970b8fb4cd52edda9166fb5b9b47d17ef6473bf08bb2283cc2f,0.0033785499981604517,0.00015460001304745674,0.0007350000087171793,[],
84,DUPGEA,2,Pd,4,f4b87ff7ec399dc530a6be90331297940c51d0a9113e804207010cb7038e7625,2,100,100,100,True,True,100,100,True,True,100,True,0,dbe801726fbf31e2f6f9d37163a8fb9e2e300318c904529d9770f188af807edd,dbe801726fbf31e2f6f9d37163a8fb9e2e300318c904529d9770f188af807edd,0.0027107999922009185,0.00015440001152455807,0.0004454999871086329,[],
85,JEYGEZ,0,Ir,5,44e93c1aeda6ce10296997ecac138a245a605e6d70dc57fe274f759a1d1d0ca5,6,100,34,100,False,True,100,100,True,True,100,True,0,b562dc270f61176d8f87c9a26b7483abc9b33aee9a3ad3343576528094b227f2,96cb374e011feaf106527d285531f05fb5fac5c03c4882c06d70c88802b01697,0.004144449994782917,0.00019520000205375254,0.0013692000065930188,[],
86,YABPAS,2,Pd,4,203220f3761208ebd5cd5b63f53132e03f6a2940b8c644a7f8097808706cc599,4,100,100,100,True,True,100,100,True,True,100,True,0,6cb658d625c865837c0c40d165276045d354a04450e3d7dcf584394cf0264e5f,6cb658d625c865837c0c40d165276045d354a04450e3d7dcf584394cf0264e5f,0.004458649986190721,0.0001598999951966107,0.0007307000050786883,[],
87,DUZZIH,2,Zn,5,d46928916369c1d3e1ad559e5a39c4b7ed2ce1dd328293cc0bfb4fc637fdb6e9,4,100,100,100,True,True,100,100,True,True,100,True,0,0446349e4ab39694e998eb5d4f34dbf1541c819d8cde0ed33d805f8ac4ab3cff,0446349e4ab39694e998eb5d4f34dbf1541c819d8cde0ed33d805f8ac4ab3cff,0.0025942500069504604,0.00018279999494552612,0.0008726000087335706,[],
88,TAYJIQ,0,Pt,4,f7beb96ee9dcca39fdf3dd78580702ceda672f001d558623dc1be9501deb37c9,2,100,56,100,False,True,100,100,True,True,100,True,0,2a85fe4b26218fb8b83f25459eaaad27568c1b1724f6ccf94cc686eae52fd9b4,b23bc8c83f849fc881f561e93f55cf4d8a140147bdcebf4f9f9155d975f436d8,0.0024415999941993505,0.00015360000543296337,0.0004344999906606972,[],
89,CEJGEF,2,Zn,4,2b28921d97c3e3a0a23da7cf07af3f0b726d66d4e698c183c3c45a635fcc8769,4,100,100,100,True,True,100,100,True,True,100,True,0,eea57f9e4a39830944193cde79ac15daeda192b0810df6159ee317b90cc51dca,eea57f9e4a39830944193cde79ac15daeda192b0810df6159ee317b90cc51dca,0.0029969500174047425,0.00016299998969770968,0.0006995000003371388,[],
90,TIGXOY,3,Zn,4,3987f5bd943baf165693a52f560999870806fb42a15c012a5eeb608b41195cc7,4,100,100,100,True,True,100,100,True,True,100,True,0,4e908fa4466fc7edfd4626e0cd94f3ecbd716862c5b0eda5bc25d4198a9a2e72,4e908fa4466fc7edfd4626e0cd94f3ecbd716862c5b0eda5bc25d4198a9a2e72,0.0032477499917149544,0.00026020000223070383,0.001262500009033829,[],
91,NAGSIY,2,Zn,6,2aa1912b46fa472d57f05470c007d8a1cbde9189f42ce52f2bdc755ce8bef5b9,2,100,53,100,False,True,100,100,True,True,100,True,0,b00227b20c990e27ae9d73532a7cf3cc342004b974056c5e0c16f68fc7b717f0,b00227b20c990e27ae9d73532a7cf3cc342004b974056c5e0c16f68fc7b717f0,0.009680400005890988,0.0003161000204272568,0.001072499988367781,[],
92,BEFBEX,0,Pd,4,bab3ca799978dc2e464e80335a57ef71bac2d0cb73be72576b1f8a2741915263,2,100,49,100,False,True,100,100,True,True,100,True,0,48448a8680d87d45929e9e577223a3191e51e9de3b935def208c4887f5d56971,48448a8680d87d45929e9e577223a3191e51e9de3b935def208c4887f5d56971,0.003970249992562458,0.0001666999887675047,0.0004650999908335507,[],
93,KUNJIM,2,Rh,4,8a8954881ce4d1467945878c831c0550cc656375a18fe7440e0740cb9aeb5f26,24,100,35,100,False,True,100,100,True,True,100,True,0,48decaa458ae5c189b633aa3f4451cd8bccdd566044ea73f3e5701df1915bfa6,48decaa458ae5c189b633aa3f4451cd8bccdd566044ea73f3e5701df1915bfa6,0.007208099996205419,0.00015949999215081334,0.0033758000063244253,[],
94,APIFAI,0,Pt,4,9c274c4ff6467508b7a17fd6f315dd1199e7a9c2c1665803427fb145e0e6799d,2,100,100,100,True,True,100,100,True,True,100,True,0,aa3fbb934814e9192b32e7dec56dba6480e5bec527da5f0e6568da171219cbc4,aa3fbb934814e9192b32e7dec56dba6480e5bec527da5f0e6568da171219cbc4,0.005892449989914894,0.00013669999316334724,0.00030629997490905225,[],
95,QOMBIF,0,Pt,6,0a7c8566fcf87ed730b9e8e90ed1fa50deff42d90345ad751258f93eb812ad5e,12,100,41,100,False,True,100,100,True,True,100,True,0,bf2f381346502e9f8841831be561082b257fc6f85923f872b2e972ebbcf05835,bf2f381346502e9f8841831be561082b257fc6f85923f872b2e972ebbcf05835,0.01316484998096712,0.00040679998346604407,0.005903599987505004,[],
96,MODXEL,4,Fe,6,cbba1b535c74ebff861184115ebbfa476cd65f875f55b0ee14c8af8c1212a0d3,6,100,29,100,False,True,100,100,True,True,100,True,0,eb3b4046f5f4b11e347d55761c4424da6ed5154ee7705c6637c7beae5212ff68,1cfdbb06f940110596b0984c6471f6a9a372fab43c24c6e9dbcfc19776535678,0.008676850004121661,0.00024850000045262277,0.0020838000054936856,[],
97,BELXEV,2,Pt,4,064803dcc274c7b65296501433120a25a405ee39393ff0eeced82e359f4c7151,2,100,56,100,False,True,100,100,True,True,100,True,0,199993199fe141f88158c96f5226cae5c1a20b116a39c44df61dabae1281a331,199993199fe141f88158c96f5226cae5c1a20b116a39c44df61dabae1281a331,0.0029345500079216436,0.0001571999746374786,0.00045479999971576035,[],
98,ZOFJEJ,2,Pt,4,aba02ec2f655a62e2fda6168d3e9c0602d62fbc28f73590183f1b40ac9893af6,4,100,48,100,False,True,100,100,True,True,100,True,0,56c576d57677129d1fd43f710163d93770b32ddbc771452b374c123c13bb6d0d,56c576d57677129d1fd43f710163d93770b32ddbc771452b374c123c13bb6d0d,0.004384899992146529,0.0001700999855529517,0.000830000004498288,[],
99,QEWDIG,1,Pt,4,6f6792e54bdfed40912b7706b6dd96893b1521e8fd7fbb41d332fdfa117988d1,2,100,100,100,True,True,100,100,True,True,100,True,0,d72c11d9097f3d725324d902e77155fa868b32bb1cdeac1759d9711949f28b2d,d72c11d9097f3d725324d902e77155fa868b32bb1cdeac1759d9711949f28b2d,0.003646500001195818,0.000145500001963228,0.00042589998338371515,[],
100,FNCPPT,0,Pt,4,3864f52ef260bc9babf263067c57da24cca08f6e8c8714089cc0581725bf200a,4,100,100,100,True,True,100,100,True,True,100,True,0,1ada8374cc78088caaa8341f2b927e7751325afb77e9c2b3d5308d427a7cd2a3,1ada8374cc78088caaa8341f2b927e7751325afb77e9c2b3d5308d427a7cd2a3,0.010679099999833852,0.00020750000840052962,0.0008453000045847148,[],
101,VEKJUT,2,Ir,6,3292683eefd092ca90b2be4941491630e4b4b20445ad13b6fa48cd2a6bc9fca3,2,100,50,100,False,True,100,100,True,True,100,True,0,501900e9b5b1ffd01fb868c0b42b0b3438dd402bca096588412b7e9e658c883f,501900e9b5b1ffd01fb868c0b42b0b3438dd402bca096588412b7e9e658c883f,0.011070499997003935,0.00022610000451095402,0.0007211999909486622,[],
102,NEQFAQ,2,Ni,5,7eadff9a96e850e8ce8cc913d80e85c9b651b456dc814efed2222b95898d2b01,12,100,11,100,False,True,100,100,True,True,100,True,0,1783782f6e836479fdb60770860a0f155671fb4f2e62cd60394ca6f8d531b52f,e57b02a6c02efc8e162bece3430f5a896804b18a6ab9d3737819a3e619ea4f12,0.008207349994336255,0.00028750000637955964,0.003055400011362508,[],
103,SEKYUG,1,Pd,4,4381f95ec0c308821715eb925bc7b83bf52cef74dd12b903974d1abeecae6e40,4,100,100,100,True,True,100,100,True,True,100,True,0,dceec6150da1f2047f46b2c6458ed77f21b4d446af7db6631b0cd5819c1140c0,dceec6150da1f2047f46b2c6458ed77f21b4d446af7db6631b0cd5819c1140c0,0.0026941999967675656,0.00016870000399649143,0.0007879000040702522,[],
104,IDARIQ,3,Zn,4,5803d9930e0788c36cb554ff7bbb4f4a78573439d0130ac087398da02adae0ee,2,100,53,100,False,True,100,100,True,True,100,True,0,f13cf33a0dbfcbe4eb9f87a78ac2cb8038b3f742f8410e168bd7375d95b66f57,f13cf33a0dbfcbe4eb9f87a78ac2cb8038b3f742f8410e168bd7375d95b66f57,0.004639049991965294,0.0001680999994277954,0.0004054000019095838,[],
105,WINHUY,0,Ni,4,da33219db397c903c952f5f2ae3d5db235790a425ca785f246bd7ab4b5da3c02,2,100,53,100,False,True,100,100,True,True,100,True,0,3357557c07c3ede6b7bdf8409ff4c7db8bb00db03eb940e3ea21db83ef0553ac,3357557c07c3ede6b7bdf8409ff4c7db8bb00db03eb940e3ea21db83ef0553ac,0.004503850010223687,0.0001598999951966107,0.00041629999759607017,[],
106,LUVVOP,0,Cu,4,2bc5343ba907643a16f9dc0ff2bd1d7e6df982e4b8e3a315cc700543e4990963,2,100,100,100,True,True,100,100,True,True,100,True,0,ea0f46194aa0e2ea7271ec365d386475d6512bbf8291a09f645be228c6075bdf,eec60ecdc4760e20c501e3979e9e182bc31a58459f930db1f74770005dd37c90,0.011277099998551421,0.00023849998251534998,0.0007138999935705215,[],
107,CENQAN,4,Pt,4,1052c73599a0e70eff2f44902981ab2cc70154834a6778ce7c479d5f94c8a489,6,100,29,100,False,True,100,100,True,True,100,True,0,436321e82d78d76d0e6793865a2878b3251faf262efc503c324d6f9eaf2d5621,c902d4cecc94103ffbcc0f4e48f3f44732638235f62ab958f72f9f43c9d4f0a3,0.0068502499925671145,0.00021809997269883752,0.001280399999814108,[],
108,RAXBOK,4,Ir,4,38a414854f4c705bdb3a78157f6c9417c4ad7d031cb21bd198903c744cf08d39,2,100,43,100,False,True,100,100,True,True,100,True,0,32bf145a2004a42ae80c00a35387687d6af9e19c61a0269b0e010a662b744759,32bf145a2004a42ae80c00a35387687d6af9e19c61a0269b0e010a662b744759,0.0022583499958273023,0.00016179998056031764,0.000461499992525205,[],
109,POWXUU,1,Rh,6,f0bf6595a17312efdaeacfd6aaf76ada843d96a0287a51d00a1c6c5a98dfd43d,4,100,100,100,True,True,100,100,True,True,100,True,0,b1af6a9a04bceb332c7573d33394ba9197e0e611980d60c3cc79b2a45c974d21,b1af6a9a04bceb332c7573d33394ba9197e0e611980d60c3cc79b2a45c974d21,0.009175300001516007,0.00022739998530596495,0.0015424000157509,[],
110,YATPEQ,0,Pd,4,e3fd5df7fa0cc648f9d9e66aa6c80def58a3ffe8b7f12cb323bcfeb20cc9c9c9,2,100,65,100,False,True,100,100,True,True,100,True,0,acf28592ac97c826bf19c895e9f326de428c0d3f0f3615e2ab8dbeefaa94f00a,7a90a60501f4cb2912a234ff3926b26f8b64f6e675567cf6b1d9df1753edbff5,0.003817949997028336,0.0002480999974068254,0.0007500999781768769,[],
111,BAYSUR,3,Ag,4,ff5fd76e07c48841cab31cd011e2862b95caea95518a1e5736b77fbd7c46817f,2,100,100,100,True,True,100,100,True,True,100,True,0,67579c612d1d78c08c613006c7b79e597612f010055fc849c9d9f64ea0406fe1,4756be9c98a07881a4ff67bb613eb799eced1c0e5ec9dbc5fe4e0fc303f4b654,0.007398549991194159,0.0001568000006955117,0.00042619998566806316,[],
112,HAKGUY,0,Pd,4,85081b614f4e3652c72d6273e3e084c2f52e8f471fcd4bcc9924affc126a3f3f,2,100,100,100,True,True,100,100,True,True,100,True,0,eeb03e81256e164bc2178e6814fda4b9ddb76b6fd1dab40dea2a8b5ecf0a1d52,eeb03e81256e164bc2178e6814fda4b9ddb76b6fd1dab40dea2a8b5ecf0a1d52,0.008234000008087605,0.00017259997548535466,0.00046839998685754836,[],
113,JAXXEM,0,Ni,4,7ddf0c2bab5429b45a8e026b9faacea9b4da7384f72a66b73b215b2bad564dab,2,100,100,100,True,True,100,100,True,True,100,True,0,232eaccb94ad062ee822a5acbb24a2538cb5100bace5cdeba17561a2d4df0b16,232eaccb94ad062ee822a5acbb24a2538cb5100bace5cdeba17561a2d4df0b16,0.005598099989583716,0.00022829999215900898,0.0006883999740239233,[],
114,CEXCOY,3,Cu,4,c62308e14f4e1369d86db5f55eb4972422ec95ee530d9017cb3364c21279b0b7,24,100,19,100,False,True,100,100,True,True,100,True,0,f8a9652ed4c05accb7bd087b7ab7f5a270a7fb2dad4242092e68401fb2960548,64bede91aa8317282eee60cf8bc35265d0648fd140186c96dde3ace08fb83328,0.0038949000008869916,0.00014249997911974788,0.0030227999959606677,[],
115,YIGGAX,1,Rh,6,fa1f564667c122a25a1035e540a272608d9596ae44221ba6d05c44b2a8529f56,36,100,22,100,False,True,100,100,True,True,100,True,0,659b26bf104d4e6dbae7e31015591df0440ced3ae86d03b0bddbfbdefc7ce629,659b26bf104d4e6dbae7e31015591df0440ced3ae86d03b0bddbfbdefc7ce629,0.005794049997348338,0.0003853999951388687,0.013959999982034788,[],
116,LATFAO,1,Cu,4,c806758ddec2bd4f575d6206986e277a8bb1e86c999c3485d81c4eff473f22db,8,100,100,100,True,True,100,100,True,True,100,True,0,160ba75ba9a8d5ac2479b183de06f941b6cf567705e1945bbc2645010bd8be62,7d06aaf0cc2c0b4ec4ab3f47637720069069ded038916467b239eb298d6e2fe7,0.0024213500000769272,0.00023460001102648675,0.0021863000001758337,[],
117,JUDKUQ,4,Ir,6,bba3582c36b09665b82ead0c005759c0716d1a1716beaeefd5d1823fd262d13e,2,100,44,100,False,True,100,100,True,True,100,True,0,29a41f6bd2cd06b2c305cc4ddf7aec5dd6c94962236770c54cbd729daf58b035,c39e6c64b6a8d51dc6f4ff50e7a322d804afc5a5bfe13be5b2643efa0bd159bb,0.009064799989573658,0.00033840001560747623,0.0011134000087622553,[],
118,GAPMOZ,0,Pd,4,2afadf6727ad48c5c4955fd667bc46a0ae55146007b35d387fc0f4a61bb11f9a,2,100,100,100,True,True,100,100,True,True,100,True,0,7cc1170e276621e2fadb900bf92482d03a4a789eb2c6a0c47d63f7559df3c0b3,7cc1170e276621e2fadb900bf92482d03a4a789eb2c6a0c47d63f7559df3c0b3,0.00391815000330098,0.00016589998267591,0.0005344999954104424,[],
119,FAMDAZ,2,Pd,4,5d8130e72f1672e1f7b3d0a6ed913eb5c1b964e575994c03c5102c779302d850,2,100,100,100,True,True,100,100,True,True,100,True,0,95828389cba3e8a9a9db98d6c28eb0477141dc0a2edb3f428b2738bea9cbf9d2,95828389cba3e8a9a9db98d6c28eb0477141dc0a2edb3f428b2738bea9cbf9d2,0.006083999993279576,0.00017129999469034374,0.0004981000092811882,[],
120,UGAVAB,3,Pt,6,cc5d1200ac18d7d20c05f330176fc133009c864012bcf9f2b1453561970e7c1f,24,100,10,100,False,True,100,100,True,True,100,True,0,ed55ebed553a8b9ff18b0c61c4d2940ec808fe0936488f8ab738753a0762d5c6,56da60906a7a5d3c5d30a73b5597cf00161009b01d85ba39b618700a2643f333,0.005015500006265938,0.00023589999182149768,0.007529299997258931,[],
121,XETGIM,2,Pt,6,31e518746af39ddd70ec950e41b3987905369509fc124bdbf9b32f737fd992c4,6,100,32,100,False,True,100,100,True,True,100,True,0,837c8c33e6f81bedbd7b7cf453dcf39726394f99f135d00fe4c793893b34844f,0081a88224e813854aae3a8f491bd99b5cad3a7f2594d728fae41b71015c95a5,0.007112450010026805,0.0003711999743245542,0.002993600006448105,[],
122,HAFHEC,2,Cu,4,70a178d79864447247dc55adfce6ca1aa9fdca126d0bcc0a65e6f14a257c09da,2,100,100,100,True,True,100,100,True,True,100,True,0,32a66dbaf4d9d591c8f5d05a195cc240e279162c4b3dd10fa043718b580b536d,32a66dbaf4d9d591c8f5d05a195cc240e279162c4b3dd10fa043718b580b536d,0.0038617500104010105,0.00020519999088719487,0.0005683999916072935,[],
123,RAHVON,3,Pd,4,70f9b7730db7a1389bdc2ffa4948477f61b984449082370e241d54bbe9269e8c,4,100,100,100,True,True,100,100,True,True,100,True,0,e2699668fec5532782fb2d14ff890bdca47d0e9c0b930d71f49832aecad9089f,e2699668fec5532782fb2d14ff890bdca47d0e9c0b930d71f49832aecad9089f,0.004040500003611669,0.0001674000232014805,0.0008341000066138804,[],
124,QAVCAS,3,Pd,6,9d32c4f9d09d340b601ed7088d0e7fc6265e0701dace2c3911742ff6f962e690,4,100,22,100,False,True,100,100,True,True,100,True,0,0d186471251b0f6dab86d018c5d01a8f403bdd10f7c16aea5947d8879ede122a,8411cb3427e2bf0ed37659016fc398e57b65c20bc2367303cac9a6e58f62b447,0.010263300006045029,0.00023370000417344272,0.0013169999874662608,[],
125,KOJZEQ,4,Pd,4,19776bcc2112d2996046a62373ba46c4baed47b8a967ee6b6e8b50dc9939b823,4,100,51,100,False,True,100,100,True,True,100,True,0,e1863bba3a4c5b77c37b64b2264ddcda112a793152d1321ff023216c7bdfefee,e1863bba3a4c5b77c37b64b2264ddcda112a793152d1321ff023216c7bdfefee,0.003043050004635006,0.000215300009585917,0.000967800006037578,[],
126,EXAHER,0,Pt,6,b1908d128775fe23a24fcc6a45312523e0b98bc6c96fb5d9796a563a324377bf,120,100,9,100,False,True,100,100,True,True,100,True,0,651b1eec721f3f50543d51c19852d04da7fbc928c3bcde1f5f6ce7aa490bc592,8c554151489ca98f094423bde932cce8abc2c06c19d72eed3375fd0b056b90e0,0.004657700003008358,0.00025270000332966447,0.04071179998572916,[],
127,JAFWIX,1,Rh,6,18bfc36c5f14677eb976b022d6f0e7441da22c6da423bc79cb1d8232a3229721,12,100,16,100,False,True,100,100,True,True,100,True,0,bd9134579d92580147bdce46755b110fb550d1126dd965ef29285c8a814743b3,b32c99a24bcbe6e2509178967842d034ceb00bd37bc403ca8559d0ad7390753b,0.005769450013758615,0.0003735999925993383,0.0048414000193588436,[],
128,XOZBEW,1,Pt,4,b25c8be17e2d9ddb22c74e96fa7a63dafef6132692ab4896218146d708cfe319,2,100,49,100,False,True,100,100,True,True,100,True,0,1ece312ab473b1725d7e804a83599058c04c32b2a5d042b5592dafd629619d01,1ece312ab473b1725d7e804a83599058c04c32b2a5d042b5592dafd629619d01,0.0036063000006834045,0.00015360000543296337,0.00043559999903663993,[],
129,LOFTIM,3,Pd,4,93ac57a34b4f0698b8812dca334f7762934978f09cc0b7437eb1e48f41ed5603,4,100,100,100,True,True,100,100,True,True,100,True,0,53dfa694506e69a9c9776d2925cb91069e00b65023f1478effdd26249abfb96b,53dfa694506e69a9c9776d2925cb91069e00b65023f1478effdd26249abfb96b,0.0026121499977307394,0.00016769999638199806,0.000829099997645244,[],
130,OEPHNI,2,Ni,4,e02c471530b74471a4ec94f009de5dc30efc90ba67b0001ea9307b2dda218a8c,4,100,100,100,True,True,100,100,True,True,100,True,0,20cdfbf97101fe3d5b010da3cd13dd7be8ce2e502a193af672b75d1a31e8ec5b,20cdfbf97101fe3d5b010da3cd13dd7be8ce2e502a193af672b75d1a31e8ec5b,0.004861499983235262,0.00016240001423284411,0.0006827000179328024,[],
131,IGOJEU,3,Pt,4,368a8cf62c0d4d01264d25b241eea3eae945cc3d95d75ea630f120c2f64126b3,4,100,49,100,False,True,100,100,True,True,100,True,0,f5733e9872bcd68c64dd8082640c49b48d702a4b82fd0da9d9f91eb958c88827,f5733e9872bcd68c64dd8082640c49b48d702a4b82fd0da9d9f91eb958c88827,0.006396599987056106,0.00017240000306628644,0.0007502000080421567,[],
132,LIDMIV,1,Pd,4,c8ca619b904efa4533313387776bf4ef2109f7162b4622d28980ecf8ea927dd8,2,100,100,100,True,True,100,100,True,True,100,True,0,d1c91eae4ce2d543e8900b21015c0d917fdd482f1aa451fbb16f8a9222b1f273,d1c91eae4ce2d543e8900b21015c0d917fdd482f1aa451fbb16f8a9222b1f273,0.009382450021803379,0.0002403000253252685,0.0007105999975465238,[],
133,SIVRIB,1,Ir,6,894e29d1736686b21ea5dc3a9e4ed18801c0765b63e5a5a59706dad60d1716f5,4,100,48,100,False,True,100,100,True,True,100,True,0,cfe40bbca066e9a709c1bd952d80f222c7eddd239e3979295dea9e82ee70c96b,01aa28876a43c5cf4fd6581ef7fb49d7d97f4481de2a08f07d41e4cbeb26b985,0.00787179998587817,0.0002164000179618597,0.0011947000166401267,[],
134,AVUCAY,2,Pd,4,9b6f6712c42347e9680cb45d619050fcd2a77184c8890aad0d74cf718835cdbe,4,100,100,100,True,True,100,100,True,True,100,True,0,b97c4fbcab2bdfd18511d0d19e0be259c4f003c9399a20fe38c2a5adb7fa4755,b97c4fbcab2bdfd18511d0d19e0be259c4f003c9399a20fe38c2a5adb7fa4755,0.00670360001095105,0.00013570001465268433,0.0004978999786544591,[],
135,MOWWUS,2,Rh,4,53ec2f499493f691d6a12ff28f783d20295477f3f0fbee2adb6bf418278c526a,2,100,100,100,True,True,100,100,True,True,100,True,0,309b3fd950b92e87ece6804740e112f84a9780ad1cbbdfacf2f3fd387be63ff3,309b3fd950b92e87ece6804740e112f84a9780ad1cbbdfacf2f3fd387be63ff3,0.004927850008243695,0.00016640001558698714,0.000458099995739758,[],
136,NAPYOS,3,Ir,5,c9722ecf4c6e6e8893e8395207346da6d86a824fade19f3f4096561d6a25c231,2,100,100,100,True,True,100,100,True,True,100,True,0,0155397d48bf39d5688e265c9d44725e8d2202898c2b603d548e29a6331b896b,0155397d48bf39d5688e265c9d44725e8d2202898c2b603d548e29a6331b896b,0.00603610000689514,0.0001999999803956598,0.0006040000007487833,[],
137,QIYGUC,4,Zn,6,4ea42c4531223be1138e90525335601881ce2b33953cfc4aa7af6487c3d1b1f0,2,100,100,100,True,True,100,100,True,True,100,True,0,4d81bb7c45ed736ca089fcca3dc10e750a84cab1f639c768f0384f9429cbbc34,4d81bb7c45ed736ca089fcca3dc10e750a84cab1f639c768f0384f9429cbbc34,0.011584249994484708,0.0002699000178836286,0.0008541999850422144,[],
138,IWOSOD,4,Ir,6,e73ecfef978f93794def709deab606ec9a046ddb6bfcbbfb2c15778cafc47a9a,2,100,45,100,False,True,100,100,True,True,100,True,0,80ae25a7b923db0abc045eda565d3102e07cff48bee55d621139504037cfc733,4df328d02e6be748d9b56002d85f7a0fc4e8b1b9ef0598a9f4be87666aa71fae,0.008953899989137426,0.00022069999249652028,0.0006887999770697206,[],
139,TIMXIA,4,Ni,4,6dbfb9f4eaaea216e9c613eda1f55cf4e2969405a3286c7783996ca620438481,4,100,48,100,False,True,100,100,True,True,100,True,0,f69c855a64fa29cb34316c522419dbdaad6d6bca62274d3747ba8ecd0d0ec71e,9a951c08cdcaf8d3968dc03c03a598ebeb69828b9bdbfea2a6b8522e4516fe48,0.004117899996344931,0.00015400000847876072,0.0007141999958548695,[],
140,XEVXEF,3,Cu,4,cd806f96e89897597817f1ccdf641b8480196c52f3086fe43dd35dbe2385e183,2,100,100,100,True,True,100,100,True,True,100,True,0,4e5778895293b062ed57418882592cdca63a6f5c14563d2203592585af43e914,4e5778895293b062ed57418882592cdca63a6f5c14563d2203592585af43e914,0.010092399999848567,0.0002300000051036477,0.0005975999811198562,[],
141,FELXUP,3,Ni,4,d10edac7860daf41d2589aae1f2974a3a74bb499f74fd8b04c2efd8ec4f69b75,2,100,48,100,False,True,100,100,True,True,100,True,0,823c8ba52a4d2b813fe0dc079d5d2f31e16044d7e0c139f6b341781f582d8e25,823c8ba52a4d2b813fe0dc079d5d2f31e16044d7e0c139f6b341781f582d8e25,0.009082799995667301,0.00019109999993816018,0.0007637999951839447,[],
142,ZAWVAU,2,Fe,6,ce3044119bf8457e9a1688b34bc73e6a9bb56969623a5219f3230daceea73f34,24,100,9,100,False,True,100,100,True,True,100,True,0,a0fb5fd7ce70a5768269c1363600abdbc99de93002e9cec1137417cedad85039,1d3fecd5f59b900138b3ac3b3019e7cdf1e2df9bb678975f3a3e3ee63a88605c,0.005976950007607229,0.00020959999528713524,0.006288599979598075,[],
143,GADFUO,4,Zn,4,c9c26622cbfff72371d3ea53a62b4982d21fa156c9277243206e1014926ed8bf,2,100,100,100,True,True,100,100,True,True,100,True,0,b3711007c1b6242b4bfb823fc35c9fe77090082d48088f627d868cae3dfdac3e,b3711007c1b6242b4bfb823fc35c9fe77090082d48088f627d868cae3dfdac3e,0.0036899000115226954,0.00012710000737570226,0.000308599992422387,[],
144,DURQUF,4,Pt,4,6502ba49c5250c87192880de131ac04aef97dbf1697bc8506e22e6eb8ec3120f,4,100,100,100,True,True,100,100,True,True,100,True,0,0e3cfdf5cfb35c4fdadb93997e89d1baa5c9b174ce4258a80b07c75454f953bf,0e3cfdf5cfb35c4fdadb93997e89d1baa5c9b174ce4258a80b07c75454f953bf,0.009447100004763342,0.0002613999822642654,0.0012999000027775764,[],
145,HIZJUW,1,Pd,4,cf09a4aba4b3475a3829de53f26256c0e16ad12f90be0023f808308923d00fc3,4,100,100,100,True,True,100,100,True,True,100,True,0,a49405b985b8e82a58bb1a1aa0d56bb97b05a8cec108b516b0065a399463459e,a49405b985b8e82a58bb1a1aa0d56bb97b05a8cec108b516b0065a399463459e,0.007534749995102175,0.00016269998741336167,0.0007181999972090125,[],
146,DIXHOK,2,Ni,4,d50696e2c901b3460452cd72afbbd15dec63f44da65ad68464bba987fc48e0a8,4,100,50,100,False,True,100,100,True,True,100,True,0,08fec05bc588ec24a4669ba50456ec951e1c9d0c31f0821bf8526aa8ba0c5b0a,27f95e38d611b49287a1c72034c49f2167a7551174277edf3d10028c4ca28e2b,0.007322649995330721,0.00016689999029040337,0.0007465000089723617,[],
147,ECEHUP,0,Pd,4,7fa49c9a302b9204c1607a6e6231a1ed3f082c0d44116b0bbf7e1f6933b1a3ea,4,100,47,100,False,True,100,100,True,True,100,True,0,fb23867ab018f1f609810f2faa41daeaaf40216d0036a1c94aa8726b18f4fad2,fb23867ab018f1f609810f2faa41daeaaf40216d0036a1c94aa8726b18f4fad2,0.0060333500150591135,0.0001677999971434474,0.0007334000256378204,[],
148,SEQRAH,0,Pt,4,ea07b26febb76e3fca029ff12096df7c009818e53f1df0e07dd6cfc095ffcb96,4,100,50,100,False,True,100,100,True,True,100,True,0,ae3205379d71d480fa6839d8c609973e967594fb550c7a2e212e60686cd1d921,ae3205379d71d480fa6839d8c609973e967594fb550c7a2e212e60686cd1d921,0.00537675000668969,0.0002477999951224774,0.0012664000096265227,[],
149,VUJHOZ,4,Zn,4,06b29333c35ef7a22324da015199c9448c455dec65d2daa5c9037f6e0a232ea2,2,100,41,100,False,True,100,100,True,True,100,True,0,23ede4edb7ad729e0aded1088f55442426de2c8ac466728b51c6e080dbd2ea82,d0cf1ac52f904b4571a97d4eec0e8afdc6e53a84723d098fdece334d8369dd86,0.007079300004988909,0.00021979998564347625,0.0005851000023540109,[],
150,SAVMAD,1,Ir,4,e6ddd6db057f60fbb010f56c1a94b37457ddde71132b90f6e97595918c5f1ee1,2,100,100,100,True,True,100,100,True,True,100,True,0,5bb7efa55bd1f4e5e0f22d2fdc1a0b8b8839b545d2ce6bb56254bde703799bb9,5bb7efa55bd1f4e5e0f22d2fdc1a0b8b8839b545d2ce6bb56254bde703799bb9,0.011724799987860024,0.00027019999106414616,0.0007916000031400472,[],
151,UGANOG,3,Zn,5,f59184508c1c6079e5c9a22f0d7ec43ea5c133a93ca69a1d1690c630f6b0a068,4,100,46,100,False,True,100,100,True,True,100,True,0,3fd2716d51092f96f7e88381e2574eaab6e2b736e5101ef478526c9b2dce76bf,03b5c331e54a076f20bdf6a76c363de1951b4e98f15d18e6ee0a8b3d1239a2c7,0.0023998499964363873,0.000155999994603917,0.0006886000046506524,[],
152,SIWXEC,2,Pt,4,f930b18d19021ee51eea07e48b5bced14947936603fb75f7360b67681ed4e77b,4,100,57,100,False,True,100,100,True,True,100,True,0,18babaea95da7287e1cb01d63a49f02e9492d5f6b6b7af4fd2f47c32284f329d,de7fafbc093a20c5ca4216daa5c8d4e5169a06acbce3133b05f69db79c784eff,0.0038148999883560464,0.000159399991389364,0.0007425000076182187,[],
153,ATUWAQ,2,Pd,4,8032733eebe0b821d8f38708c335f11a4e2cd70e479268b32a440a0a864d1772,4,100,60,100,False,True,100,100,True,True,100,True,0,8ffeb69c546551dfb82b7b3e47c3ab59c905eda93fb0f292c8221db20e3950e1,dc7d7b94a6b8f4459a1869f1854b88981b5b174e75fb6112f0eead1cad5566c2,0.007385549994069152,0.0002170999941881746,0.0011288000096101314,[],
154,MUCGAS,2,Pt,4,23aeeb9d2d9033a62aacdf72f918f5cede9d1c7de00a716b2247d7fb56f791fa,2,100,100,100,True,True,100,100,True,True,100,True,0,145e816ac1e2d97e3aa16eae7e552de2e5c8f26f2724e4cb00e2b412bd56bbd5,145e816ac1e2d97e3aa16eae7e552de2e5c8f26f2724e4cb00e2b412bd56bbd5,0.002870149997761473,0.0001446999958716333,0.0004186000151094049,[],
155,UROGIS,3,Pd,4,6c65d128a56882849dc6d6a13f534da1fa27a43782e5b3fc0685562c22a48159,2,100,100,100,True,True,100,100,True,True,100,True,0,cf492ae0d3a9b1326c7433aac0a7c9a9636e92b978cb12213bc5ab590a314c4b,cf492ae0d3a9b1326c7433aac0a7c9a9636e92b978cb12213bc5ab590a314c4b,0.004663050000090152,0.0001621000119484961,0.00045670001418329775,[],
156,DAFDAS,1,Pt,4,05861b1575d857502f86fc53297f844a0da2431c286f854f7fa31b05ea4b8060,2,100,48,100,False,True,100,100,True,True,100,True,0,a7a5b35a8c4cb89ac8cb3a15e2bd006dfe212127e315eca9855436eabcc37382,a7a5b35a8c4cb89ac8cb3a15e2bd006dfe212127e315eca9855436eabcc37382,0.003500599996186793,0.00016499997582286596,0.00046609999844804406,[],
157,USESES,1,Rh,4,704bbe4e24948eeebbbefb9f359d2dbed79a8bbc7e0720c663fe5b2c9f53389a,2,100,100,100,True,True,100,100,True,True,100,True,0,3a8004dd04725d736bf22b33f6a53492308f4cf8f6759631b020e05f5070a2ee,3a8004dd04725d736bf22b33f6a53492308f4cf8f6759631b020e05f5070a2ee,0.008470900007523596,0.00017189999925903976,0.000463999982457608,[],
158,SOQHOW,2,Pt,6,3dae4b4a37cdbb2c3a6a5a130b7baffe9791d938c460dbd3b8e450dbd36272aa,8,100,63,100,False,True,100,100,True,True,100,True,0,a08cf16475049107d15da004b178410a4155b285b389e0b562f1a37460d7a873,89d8d0a389dae3e253ba54ad70675f5f067e17ec5e3263a8a2cf3aa043dce2bf,0.005231000002822839,0.0002462000120431185,0.002343600004678592,[],
159,MAQPUS,1,Pt,4,43b8ae4f6e32d5eea24a0210fff20d6c4bbbb530575a32de324bd40dcbfc21b7,4,100,52,100,False,True,100,100,True,True,100,True,0,9f57873f60bc66fef7cc4264009e7863c3b38852e17b530ff8ceaa537652ebe2,9f57873f60bc66fef7cc4264009e7863c3b38852e17b530ff8ceaa537652ebe2,0.001962100010132417,0.00015510001685470343,0.0007363999902736396,[],
160,LUTDIQ,3,Ni,4,d22dcf8bcd6f58c6f6f386a380ad84b78956f5214ca94ac104119c067fb1f456,2,100,100,100,True,True,100,100,True,True,100,True,0,f17d9a064522e2d4ff66d7949e5babc71294753c94ce2ba4cfef162b8b56bb5b,f17d9a064522e2d4ff66d7949e5babc71294753c94ce2ba4cfef162b8b56bb5b,0.0020075999927939847,0.00014429999282583594,0.00046419998398050666,[],
161,LAMTEY,1,Rh,4,32969a4e3a1b20e059fe2dcc5df1f988193d3f3364847c4c26230238822aee48,2,100,100,100,True,True,100,100,True,True,100,True,0,c03655023e11c52a123aeccb2c916f4cc56a7b55fec752e13cad4fa0149316b3,c03655023e11c52a123aeccb2c916f4cc56a7b55fec752e13cad4fa0149316b3,0.0040133000002242625,0.0002542000147514045,0.0007626000151503831,[],
162,QABGIL,1,Pt,4,fa81777cb038dc4c0b9a8ac59b3f8d98f4c7d71e84ee479b47a2c75dfd984032,4,100,55,100,False,True,100,100,True,True,100,True,0,c1d0553687399ef0c865f955fb0f562cac165b496bd5fd0feb62e57c623545b4,c1d0553687399ef0c865f955fb0f562cac165b496bd5fd0feb62e57c623545b4,0.00447155001165811,0.0001702000154182315,0.0008713999995961785,[],
163,DEWKOI,3,Ni,4,dfc6041bc193b59213cc34cc451070a0be7972591d6d055463c4ca65f9ddd778,2,100,100,100,True,True,100,100,True,True,100,True,0,0afa275eb784ad1c861b4391708d71cbd0dc4b165a42c93916f8b3e09af61521,0afa275eb784ad1c861b4391708d71cbd0dc4b165a42c93916f8b3e09af61521,0.003154949998133816,0.00013930001296103,0.0003964999923482537,[],
164,KASDUE,4,Ni,4,a58fdad99029e05dca23f018f586e2472eea5b3a320e40f64e8f3851d3b034a4,4,100,53,100,False,True,100,100,True,True,100,True,0,6be4d4afd5f3782c4c2cf21ffcf9809a651d385bef4009509b576fa223f4efd7,6dd9c92ce8d24c55c5a64da76ab1d4661c3f27d410a14f6ef1a7e882fe05f829,0.00793629999679979,0.00017139999545179307,0.0007100999937392771,[],
165,WOVWUB,4,Zn,5,4ee4e3d28882a1e12071b2fa52cb494ef293aa2b5d0b3d532a69044a0d5382c4,2,100,54,100,False,True,100,100,True,True,100,True,0,5b52435943d6e40e547b15d32dc30ebec93c2e39f901b482cd40b65605968399,01a7d64ccfff846bf39ede4f517a7c32c49c23aa08899b56f455e2137da73cbb,0.003067650002776645,0.00015770000754855573,0.0004194999928586185,[],
166,LONMOQ,0,Cr,6,dcc30961062d3e5e8208d86d39dcd40878cae7804fc1fd3dfb11dc3c1beff20c,120,100,8,100,False,True,100,100,True,True,100,True,0,742bbee633eafaccf6667ee40238fa9c93433ab8970223dad6b15d21e16b0dcd,48339039918aec2946f2edbab66ee63b820dfc95cc7b05d5e5a51706486ced9a,0.007890799999586307,0.00025069998810067773,0.04129220001050271,[],
167,ZURDEV,4,Fe,5,e1d2662c176d0792c31982fda270c9d14cdb57a53b32daf07f8090a8b2dec6ad,12,100,100,100,True,True,100,100,True,True,100,True,0,f7171ddbd957e68d73e47727c8138be5b45997d9f3a50cf0fa2852f38a366e45,f7171ddbd957e68d73e47727c8138be5b45997d9f3a50cf0fa2852f38a366e45,0.006125350002548657,0.00020400001085363328,0.0029503999976441264,[],
168,WUMBOY,3,Pd,4,f1c203f0ff319e6489ff246395c21da1b155a4d3c20129fa07c9b49ad9c52d90,4,100,55,100,False,True,100,100,True,True,100,True,0,f6cba4a58be97acb3c7fe6f49e8c5bb0deb6459ae4e80f1cf96a2bdc90d552e1,1e75c3380c1a004cc3bc6e5fb561a2317b43e6f7b11102207dec90907d8d962b,0.002359749996685423,0.00016010002582333982,0.0007397000154014677,[],
169,BENKIP,0,Pt,4,105328dacdb815ca2a7ffc34c0d9489e57e6d9377db58ae8e8786711ec32894c,2,100,46,100,False,True,100,100,True,True,100,True,0,92bc73a4b1bc2c7bbdbfc2c0493fcc851873adfc3ba2ed2b5bc8498018e62bd1,2487e508a4a87206c02e9344af9b65b870e5994237d2ac77b7f6e4246f9084af,0.0031745500018587336,0.00014960000407882035,0.00042180001037195325,[],
170,TIGXIS,0,Zn,4,bfae70bcd49dfd14e5800c7ad5e0505fab6debb5459b76681e8f2cba474ea36a,4,100,100,100,True,True,100,100,True,True,100,True,0,cad49e3c94689b4885bb764554c44db735895c854ea15ef87d8d312295d2634e,cad49e3c94689b4885bb764554c44db735895c854ea15ef87d8d312295d2634e,0.002114549992256798,0.00016560000949539244,0.0007938000198919326,[],
171,QIDTUW,1,Zn,5,065482eea8ada9d4aff41a68d2a73254644cffb6c3a305f01d4308a8e5cb7ecc,2,100,100,100,True,True,100,100,True,True,100,True,0,98ed984d0113e5c87151bc8c361c3fe0545c73d8be4fc4b24351c05830b24d81,98ed984d0113e5c87151bc8c361c3fe0545c73d8be4fc4b24351c05830b24d81,0.003872599991154857,0.00015750000602565706,0.00040630000876262784,[],
172,QUQGEO,2,Zn,4,679958e76337d9dedfac35d20efad3d100edc1469e787f254c7a5fd2ac6a4fd0,2,100,100,100,True,True,100,100,True,True,100,True,0,82e9cb2c20094e252e6befad252a85b1ab13845bd00c53305f6b66d6c5a52ca3,82e9cb2c20094e252e6befad252a85b1ab13845bd00c53305f6b66d6c5a52ca3,0.0025677000085124746,0.00014310001279227436,0.0003428999916650355,[],
173,JEFLEL,2,Cr,6,341ab79102b164c03e1b9181aa1a93168079de80134a5b80f31dbc0ad176838e,120,100,6,100,False,True,100,100,True,True,100,True,0,276ddfc0a6d28d30bc21020d405ee9dd4bf5abf4ac90235c6166ebcb4ea4d579,1b6d2a2cec1be6fb792c77436a37800f579ce411893178da751ec27667886add,0.004327449991251342,0.0002429999876767397,0.0381659000122454,[],
174,CUXMOZ,2,Pd,4,2bbce4a9edec8aea4950f09abedd303f0319c0052f77a95a9a4cf9a768259275,2,100,47,100,False,True,100,100,True,True,100,True,0,20ca554120f94db3242d269b3958235395282d0c60a3dd86faf6b5058fbd0998,d2f52b19fa2d941e7ebf57cecfc60b31910612cde04f1f574f7d1eff481dc3e5,0.0036825000133831054,0.00023949999012984335,0.0007398999878205359,[],
175,NECQOF,2,Ir,6,7a319352ddf3f7fb781a343c397b1c4fe4f7017623158dee709efdd908f87f16,4,100,56,100,False,True,100,100,True,True,100,True,0,98554c1488c5a672c50540b67ae54ffa08a5e6a72c41b82e64bb54d6b7f3142f,c88c2fa05db20dbaf6c91dfc2493307911cb3eab75666d52e14a1eac84a5f1a5,0.008183799989637919,0.00023529998725280166,0.0012681999942287803,[],
176,YUDWOK,0,Pt,4,58eb8583a76e1e04c2eb750c4d1f080ba8ce67e58c0710e486200f7f380fcfa2,4,100,56,100,False,True,100,100,True,True,100,True,0,ad1c690f7def42b55689ee20ae135bcad4ff506ac53b99133d23adab82f1154c,790544682f8e2168935b48f1b6a575b0296939cdc660c2b8b666dea5b1fd2b16,0.005179300002055243,0.00017240000306628644,0.0007643999997526407,[],
177,YEJTOX,2,Pd,4,576da6d16d05b1b970659526e4df43fdd9e1d96b0babb98e6d7e1e4e5609b47d,2,100,46,100,False,True,100,100,True,True,100,True,0,18f778beafa10008c88a8e1bc36460d7187d5c3aa90ce0f5ab3781494c92e5b8,b2db24b669fb027075edd4fc86e1433738181884a0106eede994ae10c1bda8e5,0.00480414999765344,0.00015549999079667032,0.00042189998202957213,[],
178,ANIZOP,1,Pd,4,74324414dbd2cd380265b3b2a8c32c1682360a69750df0bdb63e8ba1eba60315,2,100,100,100,True,True,100,100,True,True,100,True,0,3116b1a266e5abd19fb34656889395755bcb1cff9281ba11b8cebb516bb2a718,3116b1a266e5abd19fb34656889395755bcb1cff9281ba11b8cebb516bb2a718,0.009483750007348135,0.0002634999982547015,0.0007755999977234751,[],
179,VOGNIP,3,Ni,4,fd8d519feb147e31d0d8f69ef8da9591267b34aa6abeedff577b3ce5abccf67d,2,100,47,100,False,True,100,100,True,True,100,True,0,892e55344f5ee5ff3b7e362ac06e8d897261b31bd14d7042d029ed6c7394a9ec,892e55344f5ee5ff3b7e362ac06e8d897261b31bd14d7042d029ed6c7394a9ec,0.006095899996580556,0.00014230000670067966,0.00033229999826289713,[],
180,VADZOP,1,Cr,6,2dab70b3ffc2aa507a629bdd8a18710629334aad3be109f3e2b420f6437bf769,48,100,8,100,False,True,100,100,True,True,100,True,0,597648fa5f3200ef64a7bbd946d4b79ce29d99e0f1e60af819e5ff86efb38b32,a582784b8e82ef3fd6feee4d39152fda24289dcc37b9c5de42e361723d6fd85c,0.004157000003033318,0.0002300000051036477,0.015333799994550645,[],
181,AFIBID,0,Zn,5,6ef22a5a2529fafd71520b4bf89f6f5d0b443678c5d5606b3245c11fee537069,2,100,55,100,False,True,100,100,True,True,100,True,0,a1fb3df77c9501b71ebe59e29a42e844578164be458dbb17a5a277f986547dce,a1fb3df77c9501b71ebe59e29a42e844578164be458dbb17a5a277f986547dce,0.0038415500021073967,0.00024759999359957874,0.0007183000270742923,[],
182,MOSRIY,1,Pt,4,47d5defc99e3c0a44d081112db6b4313c05acfedad19b2892526897290ecc146,2,100,49,100,False,True,100,100,True,True,100,True,0,f17d39a0431502d30b88db0261cb69ccb3fa5a50c167161b62dc964a8ed7b8ed,47059dc1c1870515c71d8b7d22733ac7878347f858903201653fbaec0ea45f97,0.004077849996974692,0.00018010000349022448,0.0006569000252056867,[],
183,CAZTEF,1,Pd,4,e815445000165b4498945a969cd3f84f5757f56b2889e45ccdfdf9a45f6d7eb6,4,100,100,100,True,True,100,100,True,True,100,True,0,37e73af9bda79da63a71c555e173797a9c472c7ac426daa457c322aa32bd8805,37e73af9bda79da63a71c555e173797a9c472c7ac426daa457c322aa32bd8805,0.002233799998066388,0.0001638999965507537,0.0007736000115983188,[],
184,TOTQEA,2,Pd,4,f7f6181740fb6a7e81d1b558f2b75cb24d3156527c12e681222beab4f146f881,2,100,100,100,True,True,100,100,True,True,100,True,0,629cb7180d890058b72cdcda840ac4a3d5c394e25ec45cf3fc9e7b91d549d51f,629cb7180d890058b72cdcda840ac4a3d5c394e25ec45cf3fc9e7b91d549d51f,0.004509750011493452,0.0002162999880965799,0.0004875999875366688,[],
185,IBEKUV,0,Pd,4,aa3e7e46f5cc5e59bf5264835d750a3553882cfb069d74a813dfc91d1140e7a8,2,100,50,100,False,True,100,100,True,True,100,True,0,558de6e032c52773e5611fd4abcb42e21e4cae2ea85cad52bf48cae6eb8c3606,49ba973e803874527175b36ada3956a197024bd9359397f78602a63d5a12e78b,0.005086899996967986,0.0001708999916445464,0.0005290000117383897,[],
186,SOPROE,2,Fe,5,3aa1eaa54627c0a40756e9782a2f6c4c1f72f414a76debf207306274ca770d14,24,100,22,100,False,True,100,100,True,True,100,True,0,1f6ec464523aea51c8b60ca4491ae60824fcc166f2147a2af665d5037d49c552,1f6ec464523aea51c8b60ca4491ae60824fcc166f2147a2af665d5037d49c552,0.004590800002915785,0.0001860999909695238,0.004266000003553927,[],
187,NEMDAL,2,Pt,4,c62f82f477362b041ffddcfceb631b59010a11f495f9208c99a3fede1dfaec10,4,100,100,100,True,True,100,100,True,True,100,True,0,bd21e5185b66efb1a9a603ff551279fa6f0966b09aa05a4cd98b30a369655111,bd21e5185b66efb1a9a603ff551279fa6f0966b09aa05a4cd98b30a369655111,0.003374949999852106,0.00025460001779720187,0.0012864999880548567,[],
188,XEYBOT,4,Pd,4,257cff2f0dd86573e5e12d2b33b5ed12039af7625e62b339649f3ef49a5043ec,2,100,57,100,False,True,100,100,True,True,100,True,0,554ded058632927495ee7ad4f369c0278f7553424cd35e800eec016468ee0909,554ded058632927495ee7ad4f369c0278f7553424cd35e800eec016468ee0909,0.011164299998199567,0.0002598999999463558,0.0007710999925620854,[],
189,FEHKAG,1,Ir,6,a124154f72aa7d5b93e58c9e3b71f2460ce56be3a87db929bc8f5894f4a4d6d9,6,100,65,100,False,True,100,100,True,True,100,True,0,3c8112303f3f14b9ff3c816baafb85226eebcaf96510c08b6fda59ae6b6e4616,13bcd8b04263f0ad808fa11dd34d85f82ac2e211c21d954577361967540bc3bc,0.010353500008932315,0.00021779999951831996,0.0018912999948952347,[],
190,GIQPOM,2,Pt,4,d848b741b7cede0f8e037b5af33b86ea80e5f9d0900c3a4b62100ebed25af509,24,100,37,100,False,True,100,100,True,True,100,True,0,bd4c0d8891267b7bde6aaa54e35358048ea908c6281dff521c6c03fb44609b78,e03db07b49c2530426e1b79f5a79f05ab6b78566b221d5d30406f95efa59efd2,0.003811549991951324,0.0002445999998599291,0.0049838999984785914,[],
191,XIQRIA,3,Rh,4,dffe1460e313e0e246df97af6157fa0c253d6133a1594d4a71a8e4c645452657,2,100,100,100,True,True,100,100,True,True,100,True,0,558262551609a34a795cf2d949751967d1a6732f603e0b193a9ef1464f2e4ec2,558262551609a34a795cf2d949751967d1a6732f603e0b193a9ef1464f2e4ec2,0.005370649989345111,0.0001568000006955117,0.0004268999909982085,[],
192,SEBHOX,2,Pt,4,6f8e9ecda387a48e2c4842dea05d05a7c86e44c95eac401d7c36dd69bab3c30e,2,100,50,100,False,True,100,100,True,True,100,True,0,e8fdb8526813a5c3158adbf826a64f1123ce9095bd2e21f5b5437cf90c33d0b6,e8fdb8526813a5c3158adbf826a64f1123ce9095bd2e21f5b5437cf90c33d0b6,0.003671099999337457,0.0001551999885123223,0.00043559999903663993,[],
193,CISZOU,1,Pt,4,2c3d0da7ed7fe5296c36af576f3bd22300929c2ad56f845e1c24cf557e4624ee,4,100,100,100,True,True,100,100,True,True,100,True,0,03e2dcaee6ef76e2797a6b85992aab4a7ca815fc60a6a88694365e8f802a559a,03e2dcaee6ef76e2797a6b85992aab4a7ca815fc60a6a88694365e8f802a559a,0.0037253999907989055,0.00015940002049319446,0.0007427000091411173,[],
194,VONTEA,3,Zn,6,bb3ad81cbd30cf60d745db0733b451f88ccfea1715a58486f5588a733dfbbfce,8,100,48,100,False,True,100,100,True,True,100,True,0,8acdeeab3522cdee124645224b2403ad1725406ebad63ed291036d5ce8589f48,8acdeeab3522cdee124645224b2403ad1725406ebad63ed291036d5ce8589f48,0.01202460000058636,0.00019810002413578331,0.0017171000072266906,[],
195,EWEYEN,2,Pd,4,39a668fc1415ad5043942f04bbc53c0d731e761f71f5c05e08a5e83866a4d03d,2,100,51,100,False,True,100,100,True,True,100,True,0,777a7fdca766e294f63df204ed4760febca3a5886546799d3a2b482f6a127c2e,777a7fdca766e294f63df204ed4760febca3a5886546799d3a2b482f6a127c2e,0.0072498499939683825,0.00018160001491196454,0.0005259999888949096,[],
196,TAPTAH,3,Pt,4,fbcdfbbc859cea026d8413762bd4fccd9d1a2183f6019f9a0c9e3143a5c8cc14,4,100,100,100,True,True,100,100,True,True,100,True,0,40a96b0821de7ba02e9ea0bc34fa86a748de1cedfb0d0d5d13c4195bdacc1082,40a96b0821de7ba02e9ea0bc34fa86a748de1cedfb0d0d5d13c4195bdacc1082,0.007564849991467781,0.0001804000057745725,0.0008883999835234135,[],
197,NAQLID,1,Pt,6,fcb494cb200703219f7be6da29916c4a22fb0065b3aa2d95f60aa4cbf6d1b5f9,2,100,53,100,False,True,100,100,True,True,100,True,0,64639f88c682a53a38c1fab81f83db0502f940ff51ed45dcbfd3f7a47aa056c0,7910983c16deb7a5ddd6f9daabd2627212f8b0f40d375655b20e758ae1170e65,0.007166050010710023,0.00021689999266527593,0.0006720999954268336,[],
198,JUFNON,3,Pt,4,f6a70e0e962cb8c8967559fe9150fe772c8961b06f6ad14b45fc60f4bc2e6f8a,2,100,100,100,True,True,100,100,True,True,100,True,0,b498c8910794a24638ffd9a0aab643a544cb3e1b6d1b24d6bdcec6339feb32b8,b498c8910794a24638ffd9a0aab643a544cb3e1b6d1b24d6bdcec6339feb32b8,0.004357099984190427,0.0001660000125411898,0.00047140000970102847,[],
199,ICICOP,0,Cu,5,31f70a9a201cb3b7e7001baf57f4cf3fc8c8bdfb568e30bc4ca5027aeec2dbac,2,100,100,100,True,True,100,100,True,True,100,True,0,f6ea3ccf3f9237448eb286fd9315820790390eaca1f05e7d22225fdc2260296c,f6ea3ccf3f9237448eb286fd9315820790390eaca1f05e7d22225fdc2260296c,0.008149050016072579,0.00015629999688826501,0.0003935999993700534,[],
200,AXUCAZ,2,Ni,4,f44ccb6ca00134acf72e21cf30e49e866369ccbcd05ef4408881552b81467704,2,100,50,100,False,True,100,100,True,True,100,True,0,2e60212ddcb72ea76f9e2c2684552a148c1aa5a7c9b18c062c31663072923d20,77906079db3e7474dca7c3891b2dd2f4035a06461f7d69a5f6f82f665f9cbc3e,0.005308750012773089,0.00023669999791309237,0.0006202000076882541,[],
201,IWACOZ,0,Pt,4,032a759ea3a4751aa41ecc12bbe11bd31be67f823c39e802579f621f10252b35,2,100,54,100,False,True,100,100,True,True,100,True,0,273e7322e3e9eaf04a31a176e90ef9a30703914b3465371a2771f2a21359f2e0,273e7322e3e9eaf04a31a176e90ef9a30703914b3465371a2771f2a21359f2e0,0.005031700013205409,0.000169599981745705,0.0004591000033542514,[],
202,HAMQOB,1,Pt,4,9b4be9b3267530e48119e79f1d4fe49861b7ccdfce9755946414dc71b3c1860b,2,100,50,100,False,True,100,100,True,True,100,True,0,7b3fcb6070c776e9254b7eeca25c76e8e035a26100069eff9d662b1626e0b132,7ab975f9cf3b3ecb09e53a7baeacf22e16b0040988f7c2d6875042df2d2eddf9,0.004958800011081621,0.00017100002150982618,0.0004751000087708235,[],
203,NOPNIQ,1,Cu,4,f1fd41df7665485db52ffbf8b28665706c57262ff4ae0d2e663f3082aee944a5,4,100,44,100,False,True,100,100,True,True,100,True,0,be7dd60b79acf63eb4564a0b2cda6ed26cdfdf91312a7b19218d3d901ced07ff,f1fdb2c17128f3eaa944358e1d08ee3cae841c594393188a8fa6084fbd201cbf,0.00863329999265261,0.00017370001296512783,0.0006526000215671957,[],
204,WEWCUW,1,Fe,6,b7f6d53099dd07aeca3ca1380474dcf309ade92946a470296b5b16113079b3d3,48,100,40,100,False,True,100,100,True,True,100,True,0,79a0e4d39256aec67ea1cbfe165db61a045734ae8886e094c9a395790c4bf8fa,656b294b91e412ae8442428091aee7c2a1139bcd77b52f238280ecb14f46241a,0.008229250001022592,0.0002657000150065869,0.0157271999923978,[],
205,KUFYUG,0,Ir,6,583b2b1ffa86408a284d07cba5e66a61f38c66857148abea39a23929476717f4,4,100,52,100,False,True,100,100,True,True,100,True,0,6b221c8d40376ba57f94929ed0dd80df4d4274465cecb544a3464fc09931fb3b,7240be8ab71a8f44eeb1fbcea68b2d76224f15012c2a747cc5e7758a99c006d7,0.00953714999195654,0.0003619000199250877,0.002138799987733364,[],
206,CEQTAT,1,Ni,4,95ecf78c07cb400806aa4fb3e5a0a638c2609f8e2a27e08ff54ee14bbc42e35c,4,100,100,100,True,True,100,100,True,True,100,True,0,4fe879f4cb32c742590ca146dd1fec6d6e32dba138ee01cf3bd3906de4c0bc3f,4fe879f4cb32c742590ca146dd1fec6d6e32dba138ee01cf3bd3906de4c0bc3f,0.004140400007599965,0.00016910000704228878,0.000763299991376698,[],
207,GARZAA,2,Ir,6,8c8013c68c658b96ec5472ce82ea618ed0e5030de09f5f94031303dd0821d33d,4,100,58,100,False,True,100,100,True,True,100,True,0,fef82bac005c288c9324138e4714fba64bc4b2fcd282a4071dda2e2265a12e81,fef82bac005c288c9324138e4714fba64bc4b2fcd282a4071dda2e2265a12e81,0.00975490000564605,0.0004064000095240772,0.002268599986564368,[],
208,WETVAT,2,Ir,6,afc3a6be34692ecf212f70ad09c13cf2adbe8dddc2df01483002911faafdee15,2,100,56,100,False,True,100,100,True,True,100,True,0,97a7c7e247f98ec28368ff0ee5f45bafbe052fe28b49fea802a88c897d4f623f,97a7c7e247f98ec28368ff0ee5f45bafbe052fe28b49fea802a88c897d4f623f,0.010168649998377077,0.00022300001000985503,0.0006935999845154583,[],
209,KULVIW,3,Fe,5,54d2dbd9c18280cb01106b68282a983ba1baabf67c6ba0ae421caf603e3de111,12,100,17,100,False,True,100,100,True,True,100,True,0,707b32a3aa2e9ac71a3d802d5db42031f01aa5d2118641f84fee93fe11d9c95b,3a65a8238981beb68dd13337811e439ee76cb4c276c0983bfc975e9ff6d17d19,0.006198449991643429,0.00019019999308511615,0.0023110000183805823,[],
210,OFOQIK,2,Pt,4,d004a1a2c8874113f1e773ed511aedc74f09ab2701b79e689133a1790e755519,2,100,100,100,True,True,100,100,True,True,100,True,0,45baf1b1037d87485d7edec12c39a97489c91955ddedeec16801d3b4ba6d53c4,45baf1b1037d87485d7edec12c39a97489c91955ddedeec16801d3b4ba6d53c4,0.004684600004111417,0.00026599998818710446,0.0007979999936651438,[],
211,JOMBEU,0,Ir,6,f5ecbaab7b756abb8b3d69b9c1b41c37cd089e5fef1543c6a5faa0cc2c2e2c0f,6,100,31,100,False,True,100,100,True,True,100,True,0,8ab1321821831d6b720ba1e7f0fee0ba261b42781436f507dba71394dd5564f0,908617243dc0e9891d72502211291216001ed10e6ddaedaf4e2207595cf811e1,0.006382050007232465,0.00021019999985583127,0.0015138000017032027,[],
212,CAFREG,3,Ir,6,1993ad0be3aae881b5d6b801251d46d1b7cdacc7676e21a1619601f139816755,12,100,34,100,False,True,100,100,True,True,100,True,0,be4c830847c4bb61f0451ae936f0b8d4c31eb8bdeba20f2d760c1531d502ceeb,c56b8cba867a8d12883d9695fde514c07b7a7e1c407459e83130be9a685cfe11,0.010100049985339865,0.00025110002025030553,0.004292800003895536,[],
213,JOBZEG,0,Zn,4,7853fc47abfdd9a6f871af803f8c324265775b4a30f3d4e4b6b681c6cc5fb635,2,100,38,100,False,True,100,100,True,True,100,True,0,de49903beaedc1cf60e14e2110003964c9fa2ac82d602e0bed5a6ca51da0af20,f79373d8e2ee872c63e750873c233d2b11f11ea389e2fd7a4f10beea12109eb1,0.002893900003982708,0.00021609998657368124,0.000600200000917539,[],
214,CIPKES,2,Fe,5,c8459a4ca5bcbde9821a3f430f487174d17302e8267fe7d9df428d6357f51f8c,6,100,36,100,False,True,100,100,True,True,100,True,0,5d0855c46bd5fbb14631e10d9331c991bc277387a37ff261ac01b37c7f5218ca,5d0855c46bd5fbb14631e10d9331c991bc277387a37ff261ac01b37c7f5218ca,0.009341149998363107,0.000308899994706735,0.0021902000007685274,[],
215,UZIWIM,2,Zn,6,323d12318ec65ca5963b0561d60e2b967daaa1ff3c0ed4e0e746d07f3a852731,48,100,31,100,False,True,100,100,True,True,100,True,0,fe5e87db924ff7af320585fcf425145cf70f162f2a7067d7c95905f3b46b321a,95aade02a3d9df81f16cf0b37204f45d1fdfdded9c2e6df123aa62bce48e57a2,0.005914900000789203,0.00024280001525767148,0.01526059999014251,[],
216,YILMEM,2,Pt,4,40197301785a5605bd55dce33f9e9307498cfd82d4b8ea72440784cd24312703,4,100,50,100,False,True,100,100,True,True,100,True,0,4a1077d1aa14bff5b827d9ef6ec0619e21a86feaaa32576f568eb155244331f5,a8751c27459e1824c8c3cbaa2a29aad2b039cd8be4d63d8a7cea0730face3eee,0.00972604998969473,0.00020989999757148325,0.0009415000095032156,[],
217,RECYAC,3,Ni,4,f56df63b37495cfdbe6c46cdd0d06cf9319a998153e238209f95e46f8f074ab7,2,100,100,100,True,True,100,100,True,True,100,True,0,7b59414d939a8445187770cc6498091e8feee77f4e3fbabb54fde8c8d69b8ff6,7b59414d939a8445187770cc6498091e8feee77f4e3fbabb54fde8c8d69b8ff6,0.004000249988166615,0.0001443000219296664,0.0003938000008929521,[],
218,QAGGUA,3,Pt,4,611c2e1525ca52c01d9d8147404c2c52c471536b20fffdfc812a76503dbd47f9,4,100,48,100,False,True,100,100,True,True,100,True,0,453090b96f39c0e608787d888c4e2937332afde0523fcfd744bbc40463dfc7ad,47c7dfa0154ed6cc2d343f033e322b6e0606a23a7b75b845de9b2f0366bf87fd,0.007837450015358627,0.0001687999756541103,0.0007723000016994774,[],
219,EFAJOO,2,Fe,6,8e294f0cce83ff5ab0bd93ae86d22ced05dd22cd9a2367c336a9adb1836ec532,4,100,100,100,True,True,100,100,True,True,100,True,0,ba4fe7d14d68393a54116a9fd08f6cc16ad5e273eacbada0da9c9874e4cbcc5a,ba4fe7d14d68393a54116a9fd08f6cc16ad5e273eacbada0da9c9874e4cbcc5a,0.006469550004112534,0.0002196999848820269,0.0011885999992955476,[],
220,WEPVEV,2,Pd,4,4f4ee4ca937345bd23b8f58341e8913a90d498d83fbbe24d4bdac90abb37f1f0,4,100,53,100,False,True,100,100,True,True,100,True,0,ead6f19fa32f67a277d15992cf2893be622db4c0670688dbd42e2b977b0ad2a9,ead6f19fa32f67a277d15992cf2893be622db4c0670688dbd42e2b977b0ad2a9,0.0062043000070843846,0.00016010002582333982,0.000728700018953532,[],
221,TEYDUZ,3,Zn,4,14e35c90d738627e2edbf244b7548fd756fde2ded1ae2cbb4d2f5cb7e6430957,2,100,100,100,True,True,100,100,True,True,100,True,0,df7727306aff4fbef26c5cfedcbabf5e6c0a3879eff9762e6d7395f01531c17e,df7727306aff4fbef26c5cfedcbabf5e6c0a3879eff9762e6d7395f01531c17e,0.006091249990276992,0.00015559999155811965,0.00036689999978989363,[],
222,JUJLOR,0,Pt,4,d61c437c04e1411a62d601b6ee49d6e739ef5db8025639efecfb50ec455d0913,2,100,44,100,False,True,100,100,True,True,100,True,0,9523f648cd8af0ee9a2a3c1b33a14bd29c919507113ad5b4bac9c0a89800efd2,9523f648cd8af0ee9a2a3c1b33a14bd29c919507113ad5b4bac9c0a89800efd2,0.006955099990591407,0.000155699992319569,0.00042169998050667346,[],
223,HECYOE,2,Cr,6,d5c180040fca747fd766534ff74b313fbfdd572132d8bc7b215c55cb4efa0b42,120,100,9,100,False,True,100,100,True,True,100,True,0,2b84878eca7cced696c588546272d7a8244ff43a88ee582d85b144c30a1918cd,fb6dc43e85906c4ecac0f6d2d7d05dc346dd15317ff410243130992cef66730f,0.005640600007609464,0.00025630000163801014,0.04469229999813251,[],
224,VIWFAK,0,Pd,4,1dc37a0281154e73de1178d0a600461512e80c4a66f2e70d070aacb8e226d771,4,100,58,100,False,True,100,100,True,True,100,True,0,3fae178aeb53f5e4ec63ba1a4372f2982f148af88f09787d6fb9ba07a61c7667,09c09b6292c622dbf4f6826c71261b85cc66c55fd407cd218acf941b4d71bac3,0.009093050000956282,0.00026030000299215317,0.0012913999962620437,[],
225,IMODOE,3,Ir,6,61c8e086727886ba7f9ae523905acd61bd4b428d2d0dbbbff6de06657152fe3a,4,100,45,100,False,True,100,100,True,True,100,True,0,d5393082caa6ac11728093f94686bae5b1352e679010fd422b380bd259a78a32,d5393082caa6ac11728093f94686bae5b1352e679010fd422b380bd259a78a32,0.00746584999433253,0.00024349999148398638,0.0012974999845027924,[],
226,YALCEW,3,Zn,4,cb86361677b24bffef5cf1f6f46fe18fc2508ab80d61d49939a4b271edbb9c2f,4,100,54,100,False,True,100,100,True,True,100,True,0,1fc5842d3b6d7a435928443bf9530850118a7a0afd93c83ee42d22d9d6e2e97c,c1011e552d8fa722ec25141bfb9fd49fe8254639bdfc20f5c30f1eff96dc0f90,0.005290650005917996,0.00015839998377487063,0.0006400999845936894,[],
227,AVUBEZ,2,Zn,4,04142f6eb40a2ac9d1d547a0e0a06f26fcbf7e63d3a0075cdd70a7ef9837357b,4,100,100,100,True,True,100,100,True,True,100,True,0,68dfee51f9d73936ec36772b6e0ed6926c58e3c92568ba463c7cf20d40cddc6e,68dfee51f9d73936ec36772b6e0ed6926c58e3c92568ba463c7cf20d40cddc6e,0.010741149977548048,0.00015529998927377164,0.0007470999844372272,[],
228,DELTIY,2,Zn,5,8f6cfde394e1c59bfad06259bad510c48fb4534f9b26be0737d8e8cb2d5cd7e7,2,100,100,100,True,True,100,100,True,True,100,True,0,cd1cdec11e4fab1be1bd11c726f66a767a510b19bd576d9ea62f5a4a9bfc6e0c,cd1cdec11e4fab1be1bd11c726f66a767a510b19bd576d9ea62f5a4a9bfc6e0c,0.005484950001118705,0.0002696000155992806,0.000843899993924424,[],
229,JOVFOS,4,Pd,4,54533250b872a8e1bb6451be51ba80a8510e54ae65703086dbd3a19e16127905,2,100,100,100,True,True,100,100,True,True,100,True,0,9b9a3197e0607733c69a7dafceb28cf3a57b6f50f56411a12faf2aaf92f99c46,9b9a3197e0607733c69a7dafceb28cf3a57b6f50f56411a12faf2aaf92f99c46,0.0015852500073378906,0.00013380000018514693,0.00038800001493655145,[],
230,RUCQAK,0,Zn,4,1b240cae360d123409bee830e61bcf00737671a1fd2c160236763b36b50b2d52,4,100,100,100,True,True,100,100,True,True,100,True,0,a115d13f1df935ba992506ced709442c2c83b24898002398264fcbaa88016724,a115d13f1df935ba992506ced709442c2c83b24898002398264fcbaa88016724,0.0031830500083742663,0.00025499999173916876,0.001247400010470301,[],
231,TEVJEM,2,Zn,4,d65ddf764bace899de0bff0088399fa8bf1b047d9ac4a3612bfde44f0c96a9f1,2,100,51,100,False,True,100,100,True,True,100,True,0,f3c516b34d8e9e42d28f723f9079e6cf4c87fd1d755c51aba124206f2d5904b2,f3c516b34d8e9e42d28f723f9079e6cf4c87fd1d755c51aba124206f2d5904b2,0.003704800008563325,0.00015010000788606703,0.0005212999822106212,[],
232,HAGBAT,1,Ni,4,bb6e0cbbf94ba66b17988750056302aacb0ee5027bd993f68981b98294537336,4,100,25,100,False,True,100,100,True,True,100,True,0,4d8c6f921c011e3dce3b10ca25582c8e042b82d81a56d357d0a0cbbaf9c3ddd0,4d8c6f921c011e3dce3b10ca25582c8e042b82d81a56d357d0a0cbbaf9c3ddd0,0.003957149994676001,0.00016399999731220305,0.0006985999934840947,[],
233,EQUVUJ,1,Ir,6,e93cf59cf2e95531d90f9228dbb430d1621f6c5a8971fcb43219d4e632db6db0,2,100,53,100,False,True,100,100,True,True,100,True,0,9ddb5d10f84634aa7d52aad77afb563fc0c7c45d925d8d96db7dbef74eb640e4,185e33a4d83ac121789f783888105d710320c3438d8df601c728faf51304d0c8,0.007663149983272888,0.00021040000137872994,0.0006739000091329217,[],
234,HIZLOS,3,Pd,4,ac9e337e66c91262b4b4bc35434eb0592e785af83313d4fce5be8d3cd19d56e9,4,100,100,100,True,True,100,100,True,True,100,True,0,a5da2d5d1b2d16ee12548c9f44f5647710a4f60b10194ddcaf2b5ed997318c40,a5da2d5d1b2d16ee12548c9f44f5647710a4f60b10194ddcaf2b5ed997318c40,0.01002755000081379,0.0002646000066306442,0.0012882000009994954,[],
235,AGIZEX,3,Fe,6,bba2ddd491cf424f641b527b3d35b501eeab10c18693dc8c58f28a036b515947,4,100,47,100,False,True,100,100,True,True,100,True,0,1d7e0888ea8054a4154618f6e4ff3373396b9dd19fc6a5edd44e1fccd6d5e495,adbd6a487562f858ac2f95776e904a0069517398ba01e296b4e09b7d134a5c62,0.00980455000535585,0.00031629999284632504,0.00146229998790659,[],
236,VOPROI,4,Pt,4,59b4009162b42ce34e704965ef304c4b460bc31dd68a5d0a94cfe80c2f2d082c,4,100,51,100,False,True,100,100,True,True,100,True,0,22eb5118cb4e3681e5e89e750bf05f3960675c4c1f54a0ca8d41b48a3acf4fa5,4f95416e132de29038dd5c274d725f2cda645e7f13cb19dc603103c79b4d615f,0.002634150005178526,0.00015740000526420772,0.000734600005671382,[],
237,GEBQOV,2,Ir,6,54a6ddd74b504f0db2ab4ec3f380e4c382462f1fb55ceb0790ba3d0c651e49f7,2,100,51,100,False,True,100,100,True,True,100,True,0,fdebc322c2862a85fceaf0560bb0d76fbd5c36d8641d567c3260ff31334792f9,fdebc322c2862a85fceaf0560bb0d76fbd5c36d8641d567c3260ff31334792f9,0.010235400011879392,0.00022340001305565238,0.0007251999923028052,[],
238,WAPQUD,4,Zn,4,52029462e798d325ca313169c8603150b639d0013ccf4fe38db213222da87f03,2,100,100,100,True,True,100,100,True,True,100,True,0,fd5266e69bd6a8bc0a5f9f55969bcb9e745ea87b0f4faa304a6c3dec842487d1,fd5266e69bd6a8bc0a5f9f55969bcb9e745ea87b0f4faa304a6c3dec842487d1,0.005385950018535368,0.00014150000060908496,0.00033299997448921204,[],
239,FOBFEK,1,Zn,6,4d05d9fc0087a0de0060681a6e70d05989d21143b06ea4ddc638f281c820c3eb,4,100,60,100,False,True,100,100,True,True,100,True,0,8312293e2beaecbcf55ac73adfb442647ecf4919c7136d82e863456cf5a42c23,a40eb90c109e143ae9aac11195b71e2bad40b83faf996be010111cadd75919e3,0.0078125,0.0002694000140763819,0.0013317999837454408,[],
240,HIZKOR,2,Pd,4,77b6b58b5fdee0865cc62b2285108a401a8c90b62ddbd9ca7aed74766edb9d90,4,100,100,100,True,True,100,100,True,True,100,True,0,022da470020c9f8ef54ef5a7eab88335e947e4678bc6a6027aa96078c6338031,022da470020c9f8ef54ef5a7eab88335e947e4678bc6a6027aa96078c6338031,0.007105149998096749,0.0001799000019673258,0.0007786999922245741,[],
241,FALFUV,2,Ni,4,d88aec1e184db9453f42b2bd1814186cfdbc6c1359dc3ae3f2531569ad43290d,2,100,100,100,True,True,100,100,True,True,100,True,0,1e49be6c927a43111d4058148becb5d354b37441ac0e9638016f02c889adf9ed,1e49be6c927a43111d4058148becb5d354b37441ac0e9638016f02c889adf9ed,0.006208199993125163,0.0001883000077214092,0.000586600013775751,[],
242,NUCJEC,2,Rh,4,be225c87893e15be5f5a7853f12562a5bcfa69f95eea095ea84ced9bc367e4e0,2,100,43,100,False,True,100,100,True,True,100,True,0,064a1e94db97c2325c66d8191856b46d5d5cc59860337d9608194a1be11de85b,800a894641d4b255993a0d6c158a4500709ab929faf3eed3a4d643db3a82f4a9,0.006990050009335391,0.0002690000110305846,0.0007960999791976064,[],
243,PAXROZ,4,Zn,4,bbe35e3e7076683d5eda85864913bbf9a6499c3a4387dd2453d70f5326823f83,4,100,44,100,False,True,100,100,True,True,100,True,0,e6d705382b55a85dcc032ef24738ddd6f532b1dbe0de09b7980fee3331689583,8187a8ba00eaef58a3156d896f3b07d30f4699168fe20f9cafbed3b666899751,0.00217650001286529,0.0001553000183776021,0.0006129000103101134,[],
244,RISKEK,0,Zn,4,43e94a94c74a4a01266a8a9c6cd8cc6001b698f245763c74deebf40d570ed6a2,4,100,25,100,False,True,100,100,True,True,100,True,0,51f65fe6d93c38613eb4abc09fe89bdb4bb0e68e71a4d0a7ca00c1cccc9380af,51f65fe6d93c38613eb4abc09fe89bdb4bb0e68e71a4d0a7ca00c1cccc9380af,0.0018876499962061644,0.00016170000890269876,0.0006782999844290316,[],
245,TAWJUY,3,Pd,4,2d9ba6aff10df2e08f79028bc4b3f2c531b11e14370fe11bc474e900943d3887,2,100,45,100,False,True,100,100,True,True,100,True,0,ebe6e0392c7d9928dcd8eeb430f5296e7cd4c86377938d7d0c6875fff91c8f67,ebe6e0392c7d9928dcd8eeb430f5296e7cd4c86377938d7d0c6875fff91c8f67,0.00665314999059774,0.00017040001694113016,0.0004653999931178987,[],
246,MOSWEW,1,Ni,4,ce36d51f2b5e1faa42256643b70849704b4b493b79413be9a153286b2db04c05,2,100,100,100,True,True,100,100,True,True,100,True,0,1ef04278a4c39b8156d25ab046b47dbc281b94826a09186a13288645eb848303,1ef04278a4c39b8156d25ab046b47dbc281b94826a09186a13288645eb848303,0.005258749995846301,0.0001416000013705343,0.0003127999952994287,[],
247,ATODAR,4,Pd,4,d2fd54918ef144e7e1da520a63f6c06da4694768a8b4f3c6645546281c3c48ea,4,100,100,100,True,True,100,100,True,True,100,True,0,915eba4e910579df972bc60dca58d30e80632cafc12154ab27f32125f13b9346,915eba4e910579df972bc60dca58d30e80632cafc12154ab27f32125f13b9346,0.006867400006740354,0.0001714999962132424,0.0007352999818976969,[],
248,ALOYUX,4,Zn,5,7c38f920e4098bdd3257e6d94d26a52610a5ab0d87d78970067da49a4ff70a45,2,100,100,100,True,True,100,100,True,True,100,True,0,f7da4b177f3196ee38ba75d38380d4ab155b484777a46cf56a28d556f461cf4a,f7da4b177f3196ee38ba75d38380d4ab155b484777a46cf56a28d556f461cf4a,0.00698135000129696,0.00015850001364015043,0.0004036999889649451,[],
249,EABHCP,3,Pt,4,518c26ed89a3367ae2b113b51a9c86d15d4a40faf368b6c34b4bc2f19f16f1b6,6,100,37,100,False,True,100,100,True,True,100,True,0,f02f068cec3e421ee4db6970d53f84e72b516653cf6db38554cb961f82d31082,8f18e26cbd1acbf5d7890ccf4ef241a896919bff4739e39826ea73438964ec87,0.0007256499957293272,0.00015139998868107796,0.001000199990812689,[],
250,CIMMIY,1,Pt,6,198ddaafe6021f1d2701a40d7cd7ff0a112f00c0a41bd5eb8a69b5928defe15b,2,100,56,100,False,True,100,100,True,True,100,True,0,b4142fad54269d7e2eadb489948cac9b4a6adb70d97b919999120a9bd51a2c14,847a2eb2dec22d12135c17a9e29e8f075352d10e717e1e07278102c101cb625f,0.0076605499925790355,0.00022409998928196728,0.0007156000065151602,[],
251,QAJDUD,2,Pt,4,5b5ef35b04f4a318d79fe0270be7d69ea9ef14b4900ce592c38dcd6e19488c50,2,100,51,100,False,True,100,100,True,True,100,True,0,3051bd9f7e49c3ec357a89b3d5a5ee7798dc7a6bc8d1a7c2ab22444306cedf6a,282a5d64d30a328fdd94fa2303c9c77e7902ea461109c0cfd3e83772c978b9ea,0.007238350008265115,0.00018010000349022448,0.0004995999915990978,[],
252,GOLLEZ,4,Cr,6,a7ff47d21eb3a72c1b17a53c3eb6d03ee2a568c74b573a7a8603c91281397f25,48,100,8,100,False,True,100,100,True,True,100,True,0,40dbf5459f3d12762f7ed263559b26fda899b4600866464bdff20355398f7f70,a7491e87e0526950024d7f00e06442fff7a36aeffe0dbf565d157aea3a4226be,0.007695650012465194,0.0002440999960526824,0.013895200012484565,[],
253,WIXQID,4,Pt,4,febdbd38adfb1cbf6956442b65884809f456368941f7e9f2a0807ee1eb493433,4,100,49,100,False,True,100,100,True,True,100,True,0,051a3a5788eae26c5bd25e6dbf34921e5e695a01f0db2bc282dd487df2465a9a,051a3a5788eae26c5bd25e6dbf34921e5e695a01f0db2bc282dd487df2465a9a,0.006406100001186132,0.0001635999942664057,0.000728400016669184,[],
254,ADUKER,2,Pd,4,7454e3883e2e06e2ef79126cf273ef1bcbc7885e36708ebfcc9846a80930b60b,2,100,100,100,True,True,100,100,True,True,100,True,0,d482b191f2e4c066be4e37f26e7ca1463ba70b746619abcf5bcb9c1214bfdef0,d482b191f2e4c066be4e37f26e7ca1463ba70b746619abcf5bcb9c1214bfdef0,0.007304599988856353,0.0001605999714229256,0.00041290000081062317,[],
255,YONWIJ,0,Pt,4,bee925a347bd3abeb20cbe0877a7ab69691ff3bc92046b681f537a023a90211b,2,100,49,100,False,True,100,100,True,True,100,True,0,d34e3da68e43084c2cff1e6c4ed7c35db3351dc052cdd1a500c9ff3115f7b565,d34e3da68e43084c2cff1e6c4ed7c35db3351dc052cdd1a500c9ff3115f7b565,0.0026949499879265204,0.00015200002235360444,0.0004327000060584396,[],
256,TIRLUC,2,Rh,6,f0ab1d53853a239d7684672d27d45142dfb1caf6bfdfe4a208ad73d5901aefd2,6,100,21,100,False,True,100,100,True,True,100,True,0,6960433aff0ef44717135df56de8ed46d4446aa8aa4dcdb900cffd35e5177478,3d89bce10236f28d2dce337520c1a7e25fbf2b0cac2503b0dcac79496a515d12,0.004855100007262081,0.00019550000433810055,0.0015853999939281493,[],
257,PETKAB,3,Pt,4,69fe9ced0f50c711f472b943cc124f0df7f912ed4902383da5033a976b0e4774,6,100,24,100,False,True,100,100,True,True,100,True,0,3f0902840d204bb34ff57b693b577419c862ef093489a0a0bddf4ccfe281cdc1,21f1fdfacddee10c1f8bade365528b228b584d5996779b49a37e1aead5f034f9,0.002184299999498762,0.00015669999993406236,0.0009987999801523983,[],
258,LUHGEB,1,Ni,4,d80aa5db9dc8028ddc0176b7b3d701582626226e742498a3d295a0abd710b9a4,2,100,100,100,True,True,100,100,True,True,100,True,0,205f3add2b524d38db52aa4d0e13c3f27c5b4dc103fcf68e50424531e0be2df7,205f3add2b524d38db52aa4d0e13c3f27c5b4dc103fcf68e50424531e0be2df7,0.008013550002942793,0.00015049998182803392,0.0004135000053793192,[],
259,DCAZPD,4,Pd,4,ffe2a3875d4ef35d5425e2e95c49f160b718a5a82bf46e3a39fa8ec73e5e4a74,4,100,100,100,True,True,100,100,True,True,100,True,0,617d6c32f04688d798da1b6e4a4b21c7456f7c49e051adc99278b742536ab894,617d6c32f04688d798da1b6e4a4b21c7456f7c49e051adc99278b742536ab894,0.0040342999855056405,0.00017069999012164772,0.0007764000038150698,[],
260,JIJWAD,2,Ni,4,ab95ca792d91527281ef7597367a7c9eb145bfb02a1d086e3a2889fff34675d5,6,100,37,100,False,True,100,100,True,True,100,True,0,90b37ba466771848bc662a1055ffdb8ecbf738c2adc0f510115941339fae3e90,5103f652cb6628e4a99c89c8da8931565bf43f0a7d4e29e5d64f68ab2ae66efb,0.0034758000110741705,0.00015259999781847,0.0009854999952949584,[],
261,VIPLEO,4,Ir,6,347d7efc88e4f967ba782841a2e4c3ee99dabe91a1eaecb7e14a7f368630ee86,2,100,57,100,False,True,100,100,True,True,100,True,0,d4fce280bc92a8277a1b90314de124e62608f8df044806e99929af3edf1e5943,d4fce280bc92a8277a1b90314de124e62608f8df044806e99929af3edf1e5943,0.014939699991373345,0.0003625999961514026,0.0012295999913476408,[],
262,DEVBIT,4,Pd,4,3e166767638fad33c66f8d43714a949a5057fa1e216034de84398c07f66867fa,2,100,56,100,False,True,100,100,True,True,100,True,0,66649f14705feaddc4012f47d935415415b77bda89744578f6e722ad900e7f93,66649f14705feaddc4012f47d935415415b77bda89744578f6e722ad900e7f93,0.00717909999366384,0.0001689000055193901,0.0004616999940481037,[],
263,MIBLOC,1,Pd,4,e8bf805a4f661d00decb37cab3fdff3d230dd606785c8c59379e009767146e78,2,100,100,100,True,True,100,100,True,True,100,True,0,cb8087944c28ec18bb10b657eecb2dd2c9b4c7ee36807ce505958621d0cfc785,cb8087944c28ec18bb10b657eecb2dd2c9b4c7ee36807ce505958621d0cfc785,0.006307500007096678,0.00016460000188089907,0.0004535000189207494,[],
264,OHEYUX,2,Fe,6,d2e1629496c2727a0e61f846385d4aa6e5b379900ae1d5b4d7ff9419585ace87,48,100,40,100,False,True,100,100,True,True,100,True,0,9b89905a64fa8b4f8be851dd388573d55fae3a6dcdb489fdbb3ee94e9b2f9d57,ce6fefed21a0dbc7a22934f6ab4c24c5d8f2d304feafd575a41877d7923be138,0.006563000017195009,0.0002553999947849661,0.016945799987297505,[],
265,JIMYIN,1,Pt,4,9aa77248eedd256e95e0ad5d5f5698c517aec4ce9701d89894d40a1405dbda32,4,100,53,100,False,True,100,100,True,True,100,True,0,b131ab3803a066a60f813cbe07f8533cf454321a0cd25dd99eef851b8cd9deb6,b131ab3803a066a60f813cbe07f8533cf454321a0cd25dd99eef851b8cd9deb6,0.005503900014446117,0.00017610000213608146,0.0007959000067785382,[],
266,TIHZAL,2,Pt,4,5ea10d931eecca2ae838a62e5c6cc4e49d32b37b2b1898bee949c5851032e6d6,2,100,50,100,False,True,100,100,True,True,100,True,0,b1f09a1691590bb891a209a78ba073eba9e011fc703200fb18a767c6747738d5,b1f09a1691590bb891a209a78ba073eba9e011fc703200fb18a767c6747738d5,0.004987750013242476,0.00016590001177974045,0.000450999999884516,[],
267,NOKQIP,2,Pt,4,f29a15269311da47dea11e6c455f9ae6934b46cfb2a365c5150146d4806ae746,4,100,100,100,True,True,100,100,True,True,100,True,0,e3caa8e74c207e6adc864523c6d6f9ad168d3183c5b0ad2371b6b6b412d044f7,e3caa8e74c207e6adc864523c6d6f9ad168d3183c5b0ad2371b6b6b412d044f7,0.0048017999943112954,0.00025469998945482075,0.0012746999855153263,[],
268,HUCKUO,3,Pd,4,aed48a0ad01b31e57eedfcffa70b2970d35db21576962f95ab887fee0ebb4101,4,100,51,100,False,True,100,100,True,True,100,True,0,6868d7c57bec48dd293f5aca1042607b544feefbd754854881c41f3a56fff9a3,6021887a559a1b2d3b992fb694d91eae25ebe7f91754f4ed0b2dcaf42b79fd91,0.00826075000804849,0.00017179999849759042,0.0008184000034816563,[],
269,EMIJIV,3,Rh,4,4eb36ce53f4d8cc710629e63be9a32839a799668e75d4c67306d2cef00a1ad95,2,100,100,100,True,True,100,100,True,True,100,True,0,cfd8c376da43915ce095205232dfb4b431612ef8dc296e92bd18f9170f0f7a53,cfd8c376da43915ce095205232dfb4b431612ef8dc296e92bd18f9170f0f7a53,0.008616749997599982,0.0002308000111952424,0.0007012999849393964,[],
270,ENEJIS,0,Pt,4,266b9528bb8ae6b37deec9eb6ad66bc533ecf68e85074b14c93c24efb5bdc71f,2,100,61,100,False,True,100,100,True,True,100,True,0,394b8addc732ab7351acbc92dd33c3e58781130919efc88e6548387376456a7f,394b8addc732ab7351acbc92dd33c3e58781130919efc88e6548387376456a7f,0.002396350013441406,0.0001517999917268753,0.00043070001993328333,[],
271,LALNIV,3,Pt,4,203ef2420b568155083754508f0e693d621d75e211adbc4eda7436432fbbfe51,4,100,45,100,False,True,100,100,True,True,100,True,0,67220e64a72b5a74da1fb2fb7aeeb1583a9301248b14a3d91d37fdfa2149af99,67220e64a72b5a74da1fb2fb7aeeb1583a9301248b14a3d91d37fdfa2149af99,0.002508050005417317,0.00024049999774433672,0.0010577999928500503,[],
272,COSWUC,1,Pd,4,23de371425cbd1784845a416367894db429cb45bcdbac5e10da6a6e654416637,4,100,100,100,True,True,100,100,True,True,100,True,0,dae18567ec0418a0d28be6976f2e9dada0599e39cc6e532519eab8042196b6f4,dae18567ec0418a0d28be6976f2e9dada0599e39cc6e532519eab8042196b6f4,0.009752849990036339,0.0002463000128045678,0.001147299975855276,[],
273,AYIKEY,2,Zn,4,bf1d133b93899cdc44dcefc330ee5cc0507af1096c72d04a76821a45599043dd,2,100,48,100,False,True,100,100,True,True,100,True,0,55d57682c008229e6c1b16afef7affbe1a9fb608e667147a03e840d83ffb6922,55d57682c008229e6c1b16afef7affbe1a9fb608e667147a03e840d83ffb6922,0.0025236000074073672,0.0001453000004403293,0.00036570001975633204,[],
274,RUWJAV,4,Ir,6,db819fdcd05d40baf8c1e344b0bcd705bedbc0a6da9326f2833558ed2eead4e2,2,100,57,100,False,True,100,100,True,True,100,True,0,683eee2fd33f4cfc80fec0ae301d2cd4fc8930271e0df096f8a5f044e45bb9a2,acc883e58cf074ad919e8d20298a745341bdb37bb4cfefddaf27c214d8141b68,0.012381350010400638,0.00035230000503361225,0.0012137999874539673,[],
275,OWESAM,3,Ir,6,9c5333e2cf1937142afb571433d11824afc3bd32e04785c818b73ffc93cc46ec,2,100,56,100,False,True,100,100,True,True,100,True,0,9d6f1bfffd9d76f60eb89d36e63d541302bdf123210a3a0aba3099c70420a761,9d6f1bfffd9d76f60eb89d36e63d541302bdf123210a3a0aba3099c70420a761,0.009780199994565919,0.00021940001170150936,0.0007037000032141805,[],
276,YILYAX,1,Ni,4,a859b7960cbeac655bae031dda9c9adc4d88f048e2d947c82c490cbae79e0cde,2,100,100,100,True,True,100,100,True,True,100,True,0,9f1cc4d9339facf81a0c8f6ff8ddf5bdab7649dfc1d7ceaecad032b985fb69d5,9f1cc4d9339facf81a0c8f6ff8ddf5bdab7649dfc1d7ceaecad032b985fb69d5,0.00591165000514593,0.0001847999810706824,0.0004715000104624778,[],
277,MAJNIW,3,Ir,6,fee57d8ef51fb7e77060fa045628ff062806cbfad65297e809557c3f536d4723,4,100,47,100,False,True,100,100,True,True,100,True,0,4d3c27022e3aabc291bf2c6c4ecb76d2e7deb9bba217eddc2b699559a9ad1267,4273c7de517d07423afeb750d9e0e6b2f000d0117930112619f381403dc531f4,0.008143400002154522,0.0003378999826963991,0.0020034000044688582,[],
278,MEDGEK,2,Ir,4,2a19951312a7acab2b917390792d33b58b1392304207d981cbdde90af61aad14,2,100,100,100,True,True,100,100,True,True,100,True,0,4c449036c766edc896d7bf23170120f0d991ccbd21fc7bb9773b03f4aa972afd,4c449036c766edc896d7bf23170120f0d991ccbd21fc7bb9773b03f4aa972afd,0.010566600001766346,0.00023259999579750001,0.0006985000218264759,[],
279,GUXVIG,2,Ni,4,e842a332dafad6dfdfd1d89e65d62796be3e36f62de09dd851d734a455f15740,2,100,100,100,True,True,100,100,True,True,100,True,0,de4042d97967e5cff6a0575f2126a104f58e1fefa0ff466f37bc92b68e18ae50,de4042d97967e5cff6a0575f2126a104f58e1fefa0ff466f37bc92b68e18ae50,0.0073502000159351155,0.00015089998487383127,0.0003766999871004373,[],
280,NAHLEO,0,Ni,4,1aaffe9b29463874450911e5779c5a09bae7a7099a83a4adb2a72800b996742e,4,100,100,100,True,True,100,100,True,True,100,True,0,0f2de466dd6dc92471cd3814d88789813855e1705c308f3d58af9dc8dc6e4431,0f2de466dd6dc92471cd3814d88789813855e1705c308f3d58af9dc8dc6e4431,0.006183400008012541,0.00026369999977760017,0.0013309000059962273,[],
281,WIXMIB,2,Ir,6,2a782fee861874aa703d5e1e13d978e02ae323b86fb668a0613b291a6190e2cc,6,100,28,100,False,True,100,100,True,True,100,True,0,8205ec05ebfe8608a15c8fc27caf1bb5379f7661e42f2df83e7f1117fc301c4c,1c6c4d3c7b817042283a279fec7fdeb782cd3d23008a8acf91e422822a752bba,0.007222999993246049,0.0003567000094335526,0.0028808999923057854,[],
282,WIXBIO,3,Ir,5,3314ecdab956a512db00b4264810309766a317cfb4a0c9d1a0bdfa7341985e49,12,100,28,100,False,True,100,100,True,True,100,True,0,1f935dfe6f6726e676e1354ec5e3c8225b5aa804b22fbf9dd132ccb290e299db,9ae3ea5a74d0d8b5d77942ec400bd8c021646b6757af91dbab0fedb6a3d59cdd,0.00887920000241138,0.00032980000833049417,0.0044766000064555556,[],
283,PADZUR,3,Ni,4,126ef18b32267b8d996f2018e1ce2b97a1686bfa003ebbd313315e9042e39129,2,100,100,100,True,True,100,100,True,True,100,True,0,f17bddab970bd2a934801336d6ac199b0374c701c0b26da237ce46fb8b8b7466,f17bddab970bd2a934801336d6ac199b0374c701c0b26da237ce46fb8b8b7466,0.005207499998505227,0.0001511000155005604,0.00041710000368766487,[],
284,FOCHOV,3,Pd,4,8aa94f205c01b7b8c485278a0c8d3047bd4aa621ebfe26ccdbcd07787b5e137c,2,100,47,100,False,True,100,100,True,True,100,True,0,dcfce5ca0eab0f450938be847dbbead9db627d3bf4b50b3e7f9027d4ffa89e46,bc55c244aa810dcbe5b3fe7b3f0f40ae4dd2f43b4fd4326201137a313280f7a1,0.0032146000012289733,0.0001509999856352806,0.0004312999953981489,[],
285,DODTOG,0,Fe,5,e5a7e93e56f05a42a119190b76a3d92483238b00cb2e676731ed4c03d36917cb,24,100,33,100,False,True,100,100,True,True,100,True,0,7ca91ed9a2b28783b0763b0c6371b6fb13cb0162be2d2caf4ecab019c4c06cd8,7ebba8366b0a452fbc5076657561e95ddee752a7ea6362f180083e2ce54383aa,0.006996550000621937,0.0001962000096682459,0.004743299999972805,[],
286,FAHLOS,3,Cr,6,4732860642d6cc6c5af81758470f2dc4bd250e04541cb01cb6273515bbe767b2,120,100,3,100,False,True,100,100,True,True,100,True,0,c816211a7765133da69609a472026c2c48d94db2511ac4571ba7ad6b8b822b52,c5201e69b58bee731fd33428d2bf2ad0cf0f5460031ebd80768ca2c46b44e802,0.0101691000018036,0.0003974999999627471,0.04713710001669824,[],
287,COMPUS,3,Pt,6,85937efe21eec4df500b5220659a506778af337935a7207ff650be12f5fde4db,4,100,50,100,False,True,100,100,True,True,100,True,0,a9376b0dab6a0ec148469a159a44d1ef16ae381a6825d3f7c698589cf8186cc8,0eb462987a30ae470fee539cec58e350301b801ecb8264cf2cbf2a469a3681fc,0.006743500009179115,0.0002224999770987779,0.0014681000029668212,[],
288,TUTNUT,2,Fe,6,585e2a57b5b767cd5858c48c293bae81f9f1f12501e923a25fee87942c37e280,4,100,100,100,True,True,100,100,True,True,100,True,0,6640c0d1113e2497782981014c629cf5b341dd91ad61a48b889a78edb253b2c2,6640c0d1113e2497782981014c629cf5b341dd91ad61a48b889a78edb253b2c2,0.008581200003391132,0.00022410001838579774,0.0012554999848362058,[],
289,LAYXUG,3,Ni,4,284b3160b07b968ab721e9644be55f581036a7dd3df594d7f5c6e366a61a6bf4,2,100,100,100,True,True,100,100,True,True,100,True,0,77e1226a78e42eb42756864e07754603f1adada7b7c218524b6d4e2b3bf3356e,77e1226a78e42eb42756864e07754603f1adada7b7c218524b6d4e2b3bf3356e,0.007480049986043014,0.00022539999918080866,0.0006467000057455152,[],
290,CTMTCR,4,Cr,6,49febe0ab0a4074029cccbdcbc27456f610f00ecc67a3b45d810ac5e1a46270e,120,100,6,100,False,True,100,100,True,True,100,True,0,00728f3f853379fb17a141e657ce492274f189f22bd2bc6f709ac3fed74852c7,bc4781b9f8ccc4d081758a8104a6f7ed0ec4dc1f74722e351faba086288fce12,0.005643099997541867,0.0003525000065565109,0.04358100000536069,[],
291,WIPZON,1,Ni,4,dabbd26af25e17d8cce409b2d6f3d54eeb11a878e29146d595a48af1eba008e7,2,100,100,100,True,True,100,100,True,True,100,True,0,969db9a1636d654a7a647f8631a402205a21ae928a3d3029576f0e3a0d237316,969db9a1636d654a7a647f8631a402205a21ae928a3d3029576f0e3a0d237316,0.011195099985343404,0.0002285000227857381,0.0006333999917842448,[],
292,PAMZOV,0,Rh,4,666bb7ab975b54bce1bc0cc9a82ca36b27556a39df02ab86ed7047160041de0a,2,100,44,100,False,True,100,100,True,True,100,True,0,edb949a079fb4514ca1eb8fda3378db9a48f0aaccdb3bfeac4f8cce7b8123c94,edb949a079fb4514ca1eb8fda3378db9a48f0aaccdb3bfeac4f8cce7b8123c94,0.002747500009718351,0.00016379999578930438,0.00047060000360943377,[],
293,REKDOB,0,Rh,6,9b351d32c81fd7573777b4c3c1f37afbcd548bc36a9adbd33e1a6ef1b1750495,4,100,35,100,False,True,100,100,True,True,100,True,0,5adabe2ecc6001debbf4dcc002f5f6bd95630df1bb3716aa2bb202d8cf1d79c0,5adabe2ecc6001debbf4dcc002f5f6bd95630df1bb3716aa2bb202d8cf1d79c0,0.013590299990028143,0.00036429997999221087,0.00220459999400191,[],
294,ISUYAX,1,Zn,4,4be61cffff47a395fa955160d101bbeaebb837fdf9ab4692476b5dff1b731ab0,2,100,100,100,True,True,100,100,True,True,100,True,0,5667af8f8cc3951d38e446cdac48354e5340c0581a55f162babcbf98dd916e94,5667af8f8cc3951d38e446cdac48354e5340c0581a55f162babcbf98dd916e94,0.003895300003932789,0.00020229999790899456,0.0006218999915290624,[],
295,EPAWOI,4,Zn,4,184597df78426a89df83ba5ac3ce68946620824b71ce9bba6fe090a5b8ad7483,4,100,100,100,True,True,100,100,True,True,100,True,0,5ca83e35283b30495c8ed7fc0cff3418c6d942e277b4c304df2bdc1ad1d0e646,5ca83e35283b30495c8ed7fc0cff3418c6d942e277b4c304df2bdc1ad1d0e646,0.005226099994615652,0.00023169998894445598,0.000905399996554479,[],
296,OFAHEM,1,Ni,4,b23b966bffcf5f4e985226ac96cc5b7cb1da0522777eb256fdce622f21f23cae,4,100,58,100,False,True,100,100,True,True,100,True,0,41673bcb035e7af7fdb27f78bfefc9dc27d0356348a8ae19a7a137e32635f00e,41673bcb035e7af7fdb27f78bfefc9dc27d0356348a8ae19a7a137e32635f00e,0.009268599998904392,0.0002521999995224178,0.0012605999945662916,[],
297,JUMJEJ,2,Ir,6,16f00219528ef4d3e402247021a7b28aad8cb6d6824ca182103b6566e272941f,4,100,58,100,False,True,100,100,True,True,100,True,0,9d9782775521e15788ae3be45d60ddb7840225656905c66abb10e0a420d5d97e,c7024ba20e941f2b62783e12258a71d945288c544efd4761bc048696acc6710a,0.0064031500078272074,0.0002416999777778983,0.0013344000035431236,[],
298,RESDUO,0,Pd,4,5e0b97d0a4b8e18773872627703a601dc09ec992f3fe19663941094fc91f4120,4,100,40,100,False,True,100,100,True,True,100,True,0,d113731d3c2bc1cbe6ee7be3ebc8f0e28c134efd3d5c8eb600a7afabc5c74927,d113731d3c2bc1cbe6ee7be3ebc8f0e28c134efd3d5c8eb600a7afabc5c74927,0.00242094999703113,0.0002266000083182007,0.0010497999901417643,[],
299,VIHZET,0,Pd,4,20c4a5080e9e85c0707f466786911137d01b05ab0e892c2ff8f37ef913cc1d6a,4,100,100,100,True,True,100,100,True,True,100,True,0,911f8bafe44c8a58e56327f5e23d1111e00db114e4d37b0aeca1f89a489f23b6,911f8bafe44c8a58e56327f5e23d1111e00db114e4d37b0aeca1f89a489f23b6,0.0039819000085117295,0.0001689000055193901,0.0008681000035721809,[],
300,BEGYER,4,Pt,4,3c4d5a58f043d4d4d649c9a979b78663f72eb9b7d19d259fc4ac4fd937c45147,4,100,55,100,False,True,100,100,True,True,100,True,0,432b41e2b3bb086b7e6822a2a671984a3dcdc5c6417dfcac3b80a61a3a908a59,432b41e2b3bb086b7e6822a2a671984a3dcdc5c6417dfcac3b80a61a3a908a59,0.002671900001587346,0.0002503999858163297,0.0011720999900717288,[],
301,HIJRUN,1,Zn,5,3e8a57eb6f8792d86476ba03471326e33b7f06ac1d3239abc5ff94cf2f4535d9,2,100,49,100,False,True,100,100,True,True,100,True,0,cdf07bb37771b0aaa022b44001eec1775e9526047dc7f63541781274faed965a,b112aae950847f59736296c06be68e8440432befe96547e159be5cc34372d28d,0.003076300010434352,0.00016379999578930438,0.0005901000113226473,[],
302,TUYLOR,3,Ni,4,7c3716441c7cc882fac95ad7f7f36fc8cdd5ccead125751cad4e42ba8a1267bf,4,100,100,100,True,True,100,100,True,True,100,True,0,4d5a035c70e2184d011c1836ad95c2c15f83aa1e2861640c68754dda2d28f0ff,4d5a035c70e2184d011c1836ad95c2c15f83aa1e2861640c68754dda2d28f0ff,0.007536649995017797,0.00015890001668594778,0.0005662999756168574,[],
303,DUGYIQ,2,Ir,6,e4bc9a77c781613155e86d086226552ca9a3a89052f687035394a83d7a9b911c,2,100,51,100,False,True,100,100,True,True,100,True,0,57b39b366d8a4ef6d1e371ae8f8fbb035a8b48cecef6119cb1232b032b24644a,57b39b366d8a4ef6d1e371ae8f8fbb035a8b48cecef6119cb1232b032b24644a,0.00744210000266321,0.00022390001686289907,0.0007346999773290008,[],
304,SAFMOE,1,Pd,4,359109f06865f3c38c1e23b04395198cc9299482c0b104012e9645b354f34aca,2,100,100,100,True,True,100,100,True,True,100,True,0,3732f43810dc99de00a7f8265f8d61a356d55a3c49d88ba6f6b941a4154e111e,3732f43810dc99de00a7f8265f8d61a356d55a3c49d88ba6f6b941a4154e111e,0.0052618500048993155,0.0001618000096641481,0.0004526000120677054,[],
305,GARREY,4,Pd,4,0f8340f221b576e452e1f029029473d608c23600f07c5920d5f3ef3557a2ccc1,2,100,55,100,False,True,100,100,True,True,100,True,0,6b679c05b55d6f55884d34b1df1ce113a43c214ad4066f3951f814db6a1e1005,6b679c05b55d6f55884d34b1df1ce113a43c214ad4066f3951f814db6a1e1005,0.0037542999925790355,0.00022590000298805535,0.0007122999813873321,[],
306,CAWZUV,1,Rh,4,1d8e5e44a2881468bb0f2f0c958e15332e1fe713ad898fe455a413969fc05ac8,2,100,52,100,False,True,100,100,True,True,100,True,0,c98147dff52799939765e1daed28337227b002b46cfc6ba1c7e09b90b3825f62,c98147dff52799939765e1daed28337227b002b46cfc6ba1c7e09b90b3825f62,0.0011470499885035679,0.0001577999792061746,0.0004918999911751598,[],
307,SEPMOT,3,Ir,6,7d25c7a0d47c7c3cec19b4b81b4fa956475c387bc4a3be3a4c4fc91ee224a4b1,2,100,47,100,False,True,100,100,True,True,100,True,0,a77b21a05d9d5a6c175519d7cabc689f4d076cf27740f5748395f6d885f97f2a,a77b21a05d9d5a6c175519d7cabc689f4d076cf27740f5748395f6d885f97f2a,0.01086449998547323,0.0003614999877754599,0.0012416999961715192,[],
308,REFPOI,0,Pt,4,574771a7f13b4727781b1e6e3bf2aa8ffbfcd708d476b2f4c394f0bd48ab92fe,2,100,100,100,True,True,100,100,True,True,100,True,0,dc282038f5268f0ee282dbe1bc5f8d1a3d9e121a9348ba2c1a6e16ffbc68316b,dc282038f5268f0ee282dbe1bc5f8d1a3d9e121a9348ba2c1a6e16ffbc68316b,0.004332850003265776,0.0001453000004403293,0.0004017000028397888,[],
309,IVERIK,1,Cu,4,a901043c884becc5df9bf84a53cd88db3f93eb057c42b41a15387f8f50c678cb,2,100,52,100,False,True,100,100,True,True,100,True,0,108df403c3448fffc4a111a71a3c0c1f21b8553b2b30577eccbe7b7d8fb765b3,3c32c0ddbc5c8f55de6ff6a7099f86c3c04a663d1ac0fa8ee7926c6f81c491ed,0.006707500011543743,0.00016259998665191233,0.00042180001037195325,[],
310,SIMLOR,0,Rh,4,ef6777c3ed920a37c79d3068a79f8c3fdcbfe88e7dbcbb670db550648759bd03,6,100,43,100,False,True,100,100,True,True,100,True,0,07c2823be2fe68a2d6d6577a123ec136e4fa9b16be31c2b7432c06f3198c43b5,168cbed0a7fc0c4e1b8ecf873156f7724a7ce7c846d10f8bdb36baad71c0f55f,0.007218699989607558,0.00016530000721104443,0.0010554000036790967,[],
311,VEHMAY,4,Zn,5,f2d05011b68c4c8b893c2724ac346508e43371acb13cc31b6d055d34515e9628,2,100,48,100,False,True,100,100,True,True,100,True,0,8299099eec6dfa853f016e826b300daa8ca43db0268a51aeff2dbe0916445cb1,8299099eec6dfa853f016e826b300daa8ca43db0268a51aeff2dbe0916445cb1,0.0073075999825960025,0.00016910000704228878,0.0004430999979376793,[],
312,BUGDAK,0,Pd,4,7e5b1f576792747aaadc909051700ea8c8959847e131bf3b8eb30ed92793f501,2,100,41,100,False,True,100,100,True,True,100,True,0,95d9dd53303188e017acb501aefc036ba01254b5c19c59c27dbbbf40e34caa77,5322139350b847575d0329b588a325c3b694cc6900546cbbc79aa3cd9e86818d,0.005252199989627115,0.00015969999367371202,0.0005666000070050359,[],
313,SIYZUY,2,Pd,4,2c5da9811a40162e7249e0ef1f7b235874bcf855759953fc66fff88ae1e4ac4c,2,100,49,100,False,True,100,100,True,True,100,True,0,143db866039fa3ae97a89acd67f2f6b96950c0f487aeae85eb8d63951d63e3e5,143db866039fa3ae97a89acd67f2f6b96950c0f487aeae85eb8d63951d63e3e5,0.0041080999944824725,0.0002416999777778983,0.0007359999872278422,[],
314,QANTOP,3,Zn,4,2182f1f1c145b262c829972ea4c76967d2b3ba0b27e7d07ceef82905c6ae7d8b,4,100,39,100,False,True,100,100,True,True,100,True,0,dee4d7727633930ed747f215a2342d70e33d09999fca87b3cc8d967462b86d71,551b414c1f1bfa629dd971096953ec6dd3244908a68b8c02eb348df090a193f4,0.006660900005954318,0.00025090001872740686,0.0010881999915000051,[],
315,WUPREE,0,Rh,4,a9513003fd5ada76180ccaff96c7ff5477e1dbdf9bae158767c6d3d8043df23c,2,100,100,100,True,True,100,100,True,True,100,True,0,594a1cf1e300339e4427e4f4e7da2516d4ccfeedd4fe7097b9de1fb740fbbc18,594a1cf1e300339e4427e4f4e7da2516d4ccfeedd4fe7097b9de1fb740fbbc18,0.010258049995172769,0.0002652999828569591,0.0007628999883309007,[],
316,ELISUO,3,Zn,4,ae16edefa52d082fce696c46f866e6ab4fd6d2b04c6596997b8e6172acfcfb8f,2,100,100,100,True,True,100,100,True,True,100,True,0,37eebfb1cad006bddeb08edce255a33c72ab84eabbfe01a82b36e02b9b9dfddf,37eebfb1cad006bddeb08edce255a33c72ab84eabbfe01a82b36e02b9b9dfddf,0.007715999992797151,0.00014319998444989324,0.0003233000170439482,[],
317,OJIMEB,3,Pt,4,039329874c93d40f5bfc0b4194d01a7f6d0040d5a6cd251b996d70a9bbbaec3d,4,100,100,100,True,True,100,100,True,True,100,True,0,0cc7f30b1cbd04384942805367fceb27b05f2ead4c48353eb73ff115095c01ef,0cc7f30b1cbd04384942805367fceb27b05f2ead4c48353eb73ff115095c01ef,0.001491349990828894,0.00015259999781847,0.0007317000126931816,[],
318,VEBKOD,2,Ag,4,ac61fb3ba1285cd36b27dc0028ce365b936f290ab4189475e94222321d87422d,24,100,33,100,False,True,100,100,True,True,100,True,0,e38801f9c1052dcf1f7e44349860ee633c928fcc7b4effb9230605c7ae0f63c5,be8b658431ac1d6f23b02ccfdc924f39b13cd9f80ffe43f857292488ac9d4d92,0.0046820499846944585,0.00014600000577047467,0.0025784999888855964,[],
319,DUBREY,3,Pd,4,ad34cd1bacbdafe802b35ae623512fffd94d512807aeec4676e262c30859fea6,4,100,45,100,False,True,100,100,True,True,100,True,0,6614454a35907aaea0eb0fed44d072bb4298488257c124a2ce3fe75fa0602ae6,7d069d697466a104c84ad36f1270aed6ec194720f13c131ce15ba328cc94709c,0.006115199998021126,0.00023870001314207911,0.0010591999744065106,[],
320,XATXUN,0,Fe,6,b4242eadeb0389a6e4b63f65d311d86304fa061049d77a0d39f7726b2d5b4a73,6,100,16,100,False,True,100,100,True,True,100,True,0,c590c16c0e4d4304c7b5ac8e5700d083d5e777f27b4902b316a1ad95bf550144,addd1f6cf769547802fd86582c448d54fa844c152e755fb87c1c46653d52708b,0.009963050004444085,0.0003932999970857054,0.0030568999936804175,[],
321,KONBEW,4,Pt,4,4f7298ba580c11e7f6769ce285de1d3074307faa2ec096a1ca0da1c9f7a43210,2,100,44,100,False,True,100,100,True,True,100,True,0,240848e311fcffacc6f28b2731269d1c36114be3b4f55399ddb7155f5a2fa09e,fa739f5a1e0fa3f391907d2341d61bf5c14225ee050ced807d444e530ecf0197,0.003737499995622784,0.00022529999841935933,0.000540899985935539,[],
322,JOTZID,0,Fe,5,abee2153ee21ff20e273822369ec0e74f757a34c97c851b280d5b3dad9603c51,2,100,54,100,False,True,100,100,True,True,100,True,0,113a8596465cb92ddc8292982e529095917d67fa6dd91930f23148bc27d6c515,113a8596465cb92ddc8292982e529095917d67fa6dd91930f23148bc27d6c515,0.005848149987286888,0.00026259999140165746,0.0008194999827537686,[],
323,LAGZAW,0,Pt,4,0f47e1253cd6b4917cad06bcb60fe80dfe24f1e11247689d9ad2fe6e8d489c50,2,100,100,100,True,True,100,100,True,True,100,True,0,255b111eabc1a1b76c9e35c251117dcdf7fc5fe5c2d7bea7f58251081a1f7a33,255b111eabc1a1b76c9e35c251117dcdf7fc5fe5c2d7bea7f58251081a1f7a33,0.007544599982793443,0.0001398000167682767,0.00031079998007044196,[],
324,WAPVEQ,0,Pd,4,aa857de6aecec6a9586398a57853c5df479ab124abca5aef65127ddd15d9e374,4,100,56,100,False,True,100,100,True,True,100,True,0,1310391aa7e0c8a9058e2ffd67c0794aa8455e2e14d5c9e0f7af3a59e577724a,573eda3f06d9fe0cec61e77a7132c2f266a44e5e09353968d9788a700b21d60d,0.009044949998497032,0.00026050000451505184,0.0012509000080171973,[],
325,DAXHOA,3,Zn,4,725fc664e71c7eca4c541117522775361903192b4f1de92fde1babe0f6ace9dc,4,100,23,100,False,True,100,100,True,True,100,True,0,be88b845577928e97d80ad5c82f600e4bd2ab77269658000e6caab2d487290c3,e28a12871b8ed83ef80be5e3ba84460570fb7514960577ea8c3356bb83905109,0.005840700003318489,0.00025460001779720187,0.0011639999866019934,[],
326,QONDOO,4,Fe,4,b5218bd7a417fe0bc837316bf9922a12a9a8fe62744873ee82cbbe997dae5158,4,100,27,100,False,True,100,100,True,True,100,True,0,fde30a535495cfb2bf81913bf21169ec763e6d32311c773035cb2fb3801cde0d,41dde9a01ace53278601c767a71c13f82745bd42ffa133ff663c6e73a5257600,0.005602300007012673,0.00015780000831000507,0.0006287999858614057,[],
327,YENSEQ,1,Zn,5,c4e0b759fe9a3abe972ea2e097f32be7eaf60b845459942087e0460cf2d279c1,2,100,52,100,False,True,100,100,True,True,100,True,0,8645ca5f341280c4859f8d54aaf212328a8f834c260bb676560407139855d20e,e75d049a07274c38ef9e2b7be3db9da0388bd3d33f215071feb5f7dd60df424e,0.004493450003792532,0.000169599981745705,0.0004397000011522323,[],
328,VOFFEC,4,Fe,6,5152925b2bc5bc7f6c2e4e1cbb65cedd419752bf71c33faaedf5093ef922650f,4,100,47,100,False,True,100,100,True,True,100,True,0,1458df0dd876acdad19ba2a735ffa58455b47d0cb06a600a5b61d6ffdf616077,1458df0dd876acdad19ba2a735ffa58455b47d0cb06a600a5b61d6ffdf616077,0.004908599992631935,0.0002311999851372093,0.0012604999938048422,[],
329,ZOWFEY,3,Ir,5,0604bd6aa37a60b0865dff17c137903e5dc0a29812254aff1cf5d431ad7fd0af,2,100,100,100,True,True,100,100,True,True,100,True,0,f57da995fc43f26cc6c9555d855543277aa8b1c90e949c311984a4e96f63ad84,f57da995fc43f26cc6c9555d855543277aa8b1c90e949c311984a4e96f63ad84,0.00826279999455437,0.00021150000975467265,0.0006188999977894127,[],
330,KUNRES,2,Ir,6,6a5bc469d31c7d19168ec5e86f731f235d2a5ba07e0bd35abf916272cd8ee43c,2,100,56,100,False,True,100,100,True,True,100,True,0,4242460e6cf63a41c343c55ba145094b619cf1a8f9a192dbd90cdf5596292327,0d48705ed856e55c0de640ac8176c1dce127fbca86f93be5aa8cc5f2931d0403,0.00787990000389982,0.00021470000501722097,0.0006890000076964498,[],
331,FEWYUE,0,Pd,4,062e1bee868e156a170ae8e8ea5b40ef6110afa34154758e80366804b78aacd4,2,100,50,100,False,True,100,100,True,True,100,True,0,50ebce7a108f7bd7424c10c8bb55e64f3fc32a741285961013c87b88cd1726b5,50ebce7a108f7bd7424c10c8bb55e64f3fc32a741285961013c87b88cd1726b5,0.008638200000859797,0.00013830000534653664,0.00031109998235478997,[],
332,DOZGUW,2,Ir,6,ffcd22083546c776e5a8df296aa38ca70c70d5eceab834d1c2321fde07242c29,2,100,45,100,False,True,100,100,True,True,100,True,0,6057892c843e77ba5bbf330c0314dab128bbbfd5350b7c58ed4e9eb71d7ab463,6057892c843e77ba5bbf330c0314dab128bbbfd5350b7c58ed4e9eb71d7ab463,0.010093350007082336,0.00021949998335912824,0.0006992999988142401,[],
333,WELWOZ,1,Pt,4,9bed1447ed3a48170282e02420642986ad260c9a9b74534b58acfde8bb299cf8,2,100,57,100,False,True,100,100,True,True,100,True,0,cd6eaccae91a9bfe77075e3ff8f3a43da30691d7c7731c49c9f92379e6f65466,7f39ffa0f5fcd86ded5caddce1efcd811de370c739dacfd17c869caf377e65cb,0.004377599994768389,0.00014869999722577631,0.0004182000120636076,[],
334,FALFOP,3,Ni,4,77d910bc56d5c7f351859691863931f30c34c9a6d847dfbb2f0e1531e6a2fe3d,4,100,100,100,True,True,100,100,True,True,100,True,0,ab3dc3029c07d5ddc111a27bf77b9794f6a65d6983d9c1a073087990eb3b3f6a,ab3dc3029c07d5ddc111a27bf77b9794f6a65d6983d9c1a073087990eb3b3f6a,0.0034345000167377293,0.00016250001499429345,0.0008274000138044357,[],
335,OJIXEL,4,Pt,4,1c8360c0772fbdcb7d7ea115f8c8e7eafc3d496abc2937a0bb10085bbdcb5727,2,100,100,100,True,True,100,100,True,True,100,True,0,1c8b4f3b39da24248ebfb5635b65abfa7e4d371188741e4359b96c2d56f22d27,1c8b4f3b39da24248ebfb5635b65abfa7e4d371188741e4359b96c2d56f22d27,0.00279349998163525,0.00021040000137872994,0.0006648999988101423,[],
336,PUCKIJ,3,Pt,4,3b7faa2a3c3327956dace1c1fe3978f278c19d88e54a327779546cc9ba5b1b6e,4,100,100,100,True,True,100,100,True,True,100,True,0,30ae2cc842538272921e98ec9e2830dd61f96414a606981af5957c763f711173,30ae2cc842538272921e98ec9e2830dd61f96414a606981af5957c763f711173,0.007999800000106916,0.0001734999823383987,0.0008546000171918422,[],
337,OGUYAS,1,Ir,4,1fe48c4a2cbb4d48e58e3cddfccdf29c75969fc59eee24341eb47a714d9a9406,2,100,100,100,True,True,100,100,True,True,100,True,0,fc0caf89eff8ef6d8eccbe2de3b9547dbd4a71ee1eb49a92f4e8dc65599932be,fc0caf89eff8ef6d8eccbe2de3b9547dbd4a71ee1eb49a92f4e8dc65599932be,0.006248549994779751,0.00016399999731220305,0.00045330001739785075,[],
338,XATRUJ,4,Pd,4,48835aaab2b752062391c4d1814f0a8a0b538ea056f45ae16e02380c32889c23,2,100,100,100,True,True,100,100,True,True,100,True,0,5326ca149c69e5eca7feed44aa0265aaa76f4cde6a574a6c0f36b8a01a126a4b,5326ca149c69e5eca7feed44aa0265aaa76f4cde6a574a6c0f36b8a01a126a4b,0.003916000001481734,0.00016840000171214342,0.00046859998838044703,[],
339,ODUDIE,3,Zn,4,a23dd8710fb92f37ec4f083932aef315de8e328173fd9e66665be1cf74f8c584,2,100,100,100,True,True,100,100,True,True,100,True,0,ad0f34018aa415a810be574e89ac0f5e48409774cc793798b57d7c127f77bfe7,ad0f34018aa415a810be574e89ac0f5e48409774cc793798b57d7c127f77bfe7,0.002490399987436831,0.00012649997370317578,0.00031040000612847507,[],
340,YODXUL,2,Pd,4,c2e407fcc4de8ff0196dbbbe5719eb4ab08286f04575e25cc77e24be814fb39d,4,100,51,100,False,True,100,100,True,True,100,True,0,d4fcea6a06e570b4451a9653748d6eb2b4669ecde791f66f6e1cc4782a9a6507,d4fcea6a06e570b4451a9653748d6eb2b4669ecde791f66f6e1cc4782a9a6507,0.006757899987860583,0.00018030000501312315,0.0007792999967932701,[],
341,XEGPIJ,1,Ni,4,b8f0551c9ebf103e34b0fdbf8a9b3ffade54e39ed079fc6f3ace52c055cb4abb,2,100,44,100,False,True,100,100,True,True,100,True,0,307251e39ddaf930a9438b402c0d12fa24134f38e43771a9533d9a3473e2303c,307251e39ddaf930a9438b402c0d12fa24134f38e43771a9533d9a3473e2303c,0.007974199994350784,0.00026580001576803625,0.000683899997966364,[],
342,DEPJAJ,2,Pt,4,c51e88e93cc51acbd1724ec8a419a47d394b5a47ead034cee9517710b50b7348,4,100,51,100,False,True,100,100,True,True,100,True,0,5d2d678fea9bca4822403b58b34ba627c09f50268cbe9e7562b41a67ad780d87,5d2d678fea9bca4822403b58b34ba627c09f50268cbe9e7562b41a67ad780d87,0.0011335999879520386,0.00015390000771731138,0.0007419000030495226,[],
343,CICDIE,3,Fe,6,7ee7a336ee1f356137a1343eaf3032670a6c30cd3e2f58075385b923a23bddd9,2,100,100,100,True,True,100,100,True,True,100,True,0,eb3d6aa51ccfa8165f096bed583899196bbbc334eddeec27baa6a9bed7cfdf46,eb3d6aa51ccfa8165f096bed583899196bbbc334eddeec27baa6a9bed7cfdf46,0.006340350009850226,0.00021109997760504484,0.0006981000187806785,[],
344,YUGZAC,1,Pt,4,0f391980f0affcbb88330a7e5d13c2783e54dad9d80bc5cd4b453ace60a7b766,2,100,46,100,False,True,100,100,True,True,100,True,0,0669a832eaeef99ab630be93d1307c1e97bdf0c75ecb5a6e363aa39ce65fb4e4,d82febc82b81fd487cab2530e0d425449716410161c35261537169bec7600c8b,0.003861050005070865,0.000149500003317371,0.0004191000189166516,[],
345,KAKVAT,1,Zn,4,22d36d7a797cc740a201e7ccf647750b80b736e9519210194d7c2a144a46fa5c,2,100,47,100,False,True,100,100,True,True,100,True,0,e549bf6d5926c16ad7e32752f26e8a70867735298c65cccc2969572a1effe7cf,e549bf6d5926c16ad7e32752f26e8a70867735298c65cccc2969572a1effe7cf,0.0033160500024678186,0.00013940001372247934,0.0003376999811735004,[],
346,EFOJIV,4,Pd,4,c7995a2ea20dea49ea6871a376939988ac10bbbdcfeef8f5f2c8ede8d20da236,4,100,53,100,False,True,100,100,True,True,100,True,0,484fe95875c9005891480a7ea9b9ecd45be372cc2ada561f9dc0f6b68e5ddc29,872cd5f8946b911d2cae880f16a55e86ec3c189f9ddf63ac3fe13b06ff3c619a,0.0015899499994702637,0.0001582999830134213,0.0007648000027984381,[],
347,DIBROW,2,Pt,4,cee1aa060432469a3394e9fad0978ed85b67f29692de4c8e596f77ae045d1985,4,100,45,100,False,True,100,100,True,True,100,True,0,ad46f939559700a72abd944a7ac6d50922f76f7d06c9b640f1547d8b79a5ecd8,fc7baccc372629a2f1643b7f23fbfd9f4fb2a95e34bbba87237f532418258ad4,0.009979850015952252,0.0002641000028233975,0.0013099999923724681,[],
348,XUYKUX,2,Ni,4,13b61742536d4cafbf1ce01f2ba1277984c0a524751d938abe21d14fe922487d,8,100,100,100,True,True,100,100,True,True,100,True,0,c5409461234583b117b13af5367af2886ebe6aa150a0ba4b768f30eda614f36c,c5409461234583b117b13af5367af2886ebe6aa150a0ba4b768f30eda614f36c,0.0017508000019006431,0.000142400007462129,0.0012120000028517097,[],
349,ROBJIB,2,Cr,6,cf662b4621f8b772a1d7b1bfe44cdb31045aa570e0f2460fc88dd0c62f5e58e9,24,100,4,100,False,True,100,100,True,True,100,True,0,ea05feff3e02a98ae8c66b118a8a76e97c51be68bd81e9062f338b7716016e55,6c3a711ef93e00792478acbf871cb733340cc984de2811525253ac44fa02eb52,0.004651699986425228,0.00022600000374950469,0.00628790000337176,[],
350,XOCMUX,1,Ni,4,1ddb8325eda2b1cc23e02c32c88da7d32bb010441ea89afb0a10af344e233d25,2,100,44,100,False,True,100,100,True,True,100,True,0,7e1fdc9b45e7c15fa84ac207c91681a8d7235231be44fa781f300b136d172f22,7e1fdc9b45e7c15fa84ac207c91681a8d7235231be44fa781f300b136d172f22,0.004716499985079281,0.0001647000026423484,0.00046359997941181064,[],
351,WELWIT,4,Pt,4,3813aa1b0ec0b2bf0e5c9236a7d77457c9fa242c26fa169d04fecbfc9e8b3da3,2,100,60,100,False,True,100,100,True,True,100,True,0,b1e174c27770eb5b85e078f296bc716f736ea5e97d10225c3abc8046fbf94a89,a94959c7feba45b38d1f8143fd4655ea1d0f61e5e8e26de160e9b7af7681f7ba,0.00392999999166932,0.00014439999358728528,0.00041409998084418476,[],
352,PUVLEZ,0,Zn,4,749b73e2e218f08359ae62855fa193a9f390f630ce481fdcfb88be61636644c7,4,100,100,100,True,True,100,100,True,True,100,True,0,255769d447d52e0863de9c95f4d13069665496136b9ba5516e9f0bc9de78b3fe,255769d447d52e0863de9c95f4d13069665496136b9ba5516e9f0bc9de78b3fe,0.005479450002894737,0.0001702000154182315,0.0006843000010121614,[],
353,VUPXIO,2,Pt,4,b3b3ead63cdccdc283113496ec4b0c1d7166ace87947bc3c96a54750a6e827ff,4,100,53,100,False,True,100,100,True,True,100,True,0,47ec08b7f1f27f42d664f11c365d8e781cb9e7cfe6ecb3669d25ae0c679edcbe,47ec08b7f1f27f42d664f11c365d8e781cb9e7cfe6ecb3669d25ae0c679edcbe,0.002704550002817996,0.00024640001356601715,0.001268699998036027,[],
354,QOCWAG,3,Pd,4,e5c2ebc00932587417b91781f2936a8d555cda2344ee69bc1259763f36773f0c,4,100,100,100,True,True,100,100,True,True,100,True,0,e0ae8602c6a12f96d0123ea2ac1b693e29c314aab091715eea163e2adff9aced,f2d6f636cf150c26bec1a1453d686d08c9593000457d743fba8cc8300e3670e5,0.0022677000088151544,0.00014630000805482268,0.000694699992891401,[],
355,LIDXEB,2,Pt,4,5a3ce25d20a5618e3efea75fb8120cb1d6d8f5e0d3301a0e1f0e0a060709e970,4,100,52,100,False,True,100,100,True,True,100,True,0,fc7cb722066d118a15e004369827ff32cc1972f488c65eafbb5ef6abb0fda23a,4a7c6da3d823e589b935c3f4708aeaa741bb58cff9b27cae45fe92517c87374a,0.007795900004566647,0.00015999999595806003,0.0007365000201389194,[],
356,SEVLOV,3,Pd,4,79a0b39dbbb9d65dfd4a9f639c61665fca390fa4cc2b298d41cf8d48116cdc4a,2,100,53,100,False,True,100,100,True,True,100,True,0,bf0bac77993b369282a840f69485bff46a79b461358c74b1f4fce47e7f7068dc,8dff75cc7acc96707330e4c285edd09fb0f93428dd54046b5556645f872e94bc,0.0048141000006580725,0.00023589999182149768,0.0007001000049058348,[],
357,WULNAU,0,Pt,4,7efddc32c970ece6b44139637d942d308448789717efb288bf030f017aa6473c,4,100,51,100,False,True,100,100,True,True,100,True,0,a34137a97e3d00357fb3a3f48775f35fe03a14208cbbd5ea99e37e5b48412924,a34137a97e3d00357fb3a3f48775f35fe03a14208cbbd5ea99e37e5b48412924,0.00312695000320673,0.0001613000058569014,0.0007545999833382666,[],
358,QIMWIS,1,Fe,6,2d5f96b6173ef5f67dc5ec9304453ffd243726670cf0feb2b2098bd8b9120da8,24,100,14,100,False,True,100,100,True,True,100,True,0,096cec55ee8fce9d3ac161f0cfe7f5bbe64565c85db52cb908e83ad511e59008,906c66a31efac74750dcd30400bafe56844c65491f26839ac047a2d706dfe259,0.007086650002747774,0.00020360000780783594,0.005285899998852983,[],
359,YOGVUN,0,Pd,4,e17c47b88f00f44f453b27a91acba2c4e56f0ed5113c51a658e3fdef47669a78,4,100,100,100,True,True,100,100,True,True,100,True,0,716de84e2abc0ce5118901b20db0ddfa51e6622019c48e432695b34bbde1e64c,716de84e2abc0ce5118901b20db0ddfa51e6622019c48e432695b34bbde1e64c,0.007488150004064664,0.0001776000135578215,0.0007710999925620854,[],
360,WARHUU,1,Cu,4,96dd14e93aea0cd6632373b4e528ccf2d06709f1594695cea6cf2f6b8f35cef5,2,100,53,100,False,True,100,100,True,True,100,True,0,7a5ae9e3782587e25667192104bc9a05861f10ad9a5a65c80c93b88fcbb46ef9,7a5ae9e3782587e25667192104bc9a05861f10ad9a5a65c80c93b88fcbb46ef9,0.011600050012930296,0.00024720001965761185,0.000681799981975928,[],
361,INUDAW,2,Pt,4,8b69c2cfa63e348fd2617ceeb827c86f76092f59146098265552620ec2b8d160,2,100,45,100,False,True,100,100,True,True,100,True,0,6b47afd3518442529e9c846e67963425d304af85aebd0f627fc7ffb7650e78d1,6b47afd3518442529e9c846e67963425d304af85aebd0f627fc7ffb7650e78d1,0.005305950006004423,0.0001711999939288944,0.0004741000011563301,[],
362,DURSUG,4,Pd,4,6e0021219d76b73a3c0be3388b432fa71b81d3691f610cc26f597d390acf869d,6,100,37,100,False,True,100,100,True,True,100,True,0,5ddd580e4681ea5079bc3199facd131688e82bb77fafe69768f5d468a56a1945,4be08683c5a3b00c405585f6ebc15678718dd14cf94bf9e2b16bd706cef4e872,0.007614999994984828,0.0002445999998599291,0.0015996000147424638,[],
363,TEMMEG,3,Pt,4,ab1d615e3cedbff2edeb1f934e87ac99b29640d081fa12109dabf2312fe25f71,4,100,100,100,True,True,100,100,True,True,100,True,0,61cd6c0a4b89bf00ee3c94dbae973adfa7fdcc2547a154a74f873182b9b6c57d,61cd6c0a4b89bf00ee3c94dbae973adfa7fdcc2547a154a74f873182b9b6c57d,0.006511100000352599,0.00016820000018924475,0.000751299987314269,[],
364,AYIKUO,2,Zn,4,84852f308fbd1be529f809d0f1d42709ad210ffd9aeba8ed1659038720bd621c,2,100,60,100,False,True,100,100,True,True,100,True,0,cd35cc78c07b44adcf1c1bf139542363c0b2c3dcf6e6962641fb76b2019ea5f9,07543b75d366e4a12386ca9221c350193f31db76de65d74bceb72f922874d150,0.002461649986798875,0.00013799997395835817,0.0003583999932743609,[],
365,WUMKAR,3,Pd,4,3ef8243f4a35f39924bd2534dd37039693d8ab4a79265c4fda65f22815be2f51,4,100,43,100,False,True,100,100,True,True,100,True,0,0928fb2362b73433d6d9e39788bf16e40c16fd8faa3d29649335df67da4d048a,97431011a9877121edf41667455a70f0b7f8b960a99752a55334c1c1716962e5,0.004620800013071857,0.00016280001727864146,0.000738600007025525,[],
366,MAXWOY,2,Ir,6,79bb02c99ced144d411072107b73487eac3aaee648b69cc2eb4cbe1c8a5ce00e,2,100,55,100,False,True,100,100,True,True,100,True,0,30f119356d86ba97bb6fda414e846b3c151dd1241b5ddd5f7ce103e77949aeb4,30f119356d86ba97bb6fda414e846b3c151dd1241b5ddd5f7ce103e77949aeb4,0.007163649992435239,0.00021710002329200506,0.0006984999927226454,[],
367,NEMLUQ,2,Pt,4,68bb2bc7e71351cb99dae7b7d9b4a1f1f5babd816ce8ae9be5ec3bc9dc177e03,2,100,100,100,True,True,100,100,True,True,100,True,0,f781a20a8768301ac95ec80a408db0e4d51a17227239cf42eb43fcc370c3cbc4,f781a20a8768301ac95ec80a408db0e4d51a17227239cf42eb43fcc370c3cbc4,0.003140649976558052,0.00016070000128820539,0.0004589999734889716,[],
368,REZCOS,2,Pd,4,4863e587d094cd3f87dbbf0543d35300912865711f6d1748d73d171105f300c3,2,100,54,100,False,True,100,100,True,True,100,True,0,6796f1f218fb972b99382c209f21b74bcfd553b300338996d8c3ccf6e13673e9,3a629a4d05fce4aea6cbffbe4361320d2205cbf8a4135cce97c64f9c6ac53d6f,0.004617449987563305,0.00015449998318217695,0.00040580000495538116,[],
369,ALAQUA,1,Pd,4,1824f35f3660b2a9565ddfcdef35a95fac9d77015436d43151d3ccafd5af92f9,4,100,100,100,True,True,100,100,True,True,100,True,0,2e97cf04dc1b5dab5d4ef18c9eb0aa26950c154e4c3b8b250665b1a95f6132b3,2e97cf04dc1b5dab5d4ef18c9eb0aa26950c154e4c3b8b250665b1a95f6132b3,0.004453000001376495,0.0001745999907143414,0.0008496000082232058,[],
370,TUKGUE,2,Pd,4,42df4eb0dfe541d9991abb4ca20543647670951261fce990bccdebbdb19d8297,2,100,52,100,False,True,100,100,True,True,100,True,0,76d7f9cd2946449aae2e84e9cdf97785fc8515bac88491816fe6c8ab2042e056,76d7f9cd2946449aae2e84e9cdf97785fc8515bac88491816fe6c8ab2042e056,0.0047878499899525195,0.00016850000247359276,0.0004659999976865947,[],
371,YEVGOY,1,Ir,6,a12681a1eba58aed0a4c3b6723c88e714b86cebebd20c25a5b4117a2328a48a2,4,100,48,100,False,True,100,100,True,True,100,True,0,fc5e2d8ebd21271206677040391fde1859fd96c91cca42d3f49c0b832ee1b270,70075af72a06125ca77d17b38c669d8f742788b1f6ae8dfd29cfe9f73fbd85ab,0.007442650021403097,0.00021739999647252262,0.0012566999939735979,[],
372,FEVTIM,4,Ni,4,a1ac3f5be3e1acc6fbab0e7ef5264f531ec8e6758428c033ed60de38863ca690,2,100,53,100,False,True,100,100,True,True,100,True,0,c279faca4c2d699632ea9f512c1c11dbdecfa6c995eb87a4a20315a46a122ce0,c279faca4c2d699632ea9f512c1c11dbdecfa6c995eb87a4a20315a46a122ce0,0.004178699993644841,0.00014299998292699456,0.0003301000106148422,[],
373,ERACEF,3,Pd,4,c8be965d2d33d9f981a725eebc5d0f81e7373ceabf37b01c43c7d3edc6ff6fed,4,100,47,100,False,True,100,100,True,True,100,True,0,82e3543a2a8cbda2dba48069839b17da613a3c3f87979dde9c0ecab1930b4f33,82e3543a2a8cbda2dba48069839b17da613a3c3f87979dde9c0ecab1930b4f33,0.007001750011113472,0.00016949998098425567,0.0007689000049140304,[],
374,LULVUJ,3,Cu,4,ab12b993f31c24a0b23aade98ba1c3fbe147ca5c59641d7667571e1f7c08c960,2,100,43,100,False,True,100,100,True,True,100,True,0,dd705d07f683dad498077f38375527cdb149a1c3a694b89d3ac5fed07c1fdca9,dcecd848b94006fe7dccbf85ae53a9a5e2fc085336178d73416b7514cc736cd9,0.007276350006577559,0.00022110002464614809,0.0005860999808646739,[],
375,MIVQIT,1,Fe,6,f6e82101a39de19b96758d2d93e47c60b7cd803c85e662c63fbc91068d6e51d5,8,100,15,100,False,True,100,100,True,True,100,True,0,046906b6ffb9069baf22d9b6c176f35d9b1447027405d5e9cd792d89bec65c59,fca44683cdecacf79dddf7e37e42456cb26c6b2a9b689bdfda98a7512a52cbb4,0.007457500003511086,0.0002592999953776598,0.002482300013070926,[],
376,BATNOA,0,Pt,4,f186bc92140b41ac8781875dc87f38bb46552427b39b102d554394ac3ab16814,4,100,52,100,False,True,100,100,True,True,100,True,0,28af9df5a4d5f7c847425a7abca795ccf94563a4dc3ab9e752a547c187d07eb1,5a4c3339189edd2767b70bfa10acb41f4d2f7923fdae6ba2a04bb3e235ed0b1d,0.005134249993716367,0.00017479999223724008,0.0010529000137466937,[],
377,GUDCEN,2,Pt,4,2d3b5718ed3164046dfdbc95654f48b4e86ccbc8f540d65c19f86966335fe4a4,2,100,100,100,True,True,100,100,True,True,100,True,0,d703bbde0d56df13da66e2b4ac374df55e677a20d4950b322ec7399daeacb3b7,d703bbde0d56df13da66e2b4ac374df55e677a20d4950b322ec7399daeacb3b7,0.003070050006499514,0.0002010999887716025,0.000527600001078099,[],
378,REXNUG,2,Zn,5,7122702bdb686136f609bc2984abe1a71589e15f80ee4d39d018cda6754fd064,2,100,54,100,False,True,100,100,True,True,100,True,0,65936f798089dbcfe84551759b5d6a40b8407d9870e3070bbc3add349255dfdc,65936f798089dbcfe84551759b5d6a40b8407d9870e3070bbc3add349255dfdc,0.0036162500036880374,0.0001608999737072736,0.00043379998533055186,[],
379,FAKYEY,3,Ni,4,cd5e01a6e4e9fbf37618de54ed096b61f2dec55215292b61a3dfb61e27224532,2,100,100,100,True,True,100,100,True,True,100,True,0,8ee09f8a03c7d4dc38fab6ea4c8a975b00019ce048f566f85ead760876a2a954,8ee09f8a03c7d4dc38fab6ea4c8a975b00019ce048f566f85ead760876a2a954,0.0035280500014778227,0.00022819999139755964,0.0007100999937392771,[],
380,LUBRUV,4,Pd,4,925192ee27ca790f35cbabe822de9ac4cc4296815e2f2942186df75a607a1a8c,2,100,49,100,False,True,100,100,True,True,100,True,0,4cba4348afc6ad9d553818b34a4bdff24f16d3f46fbdc61cffc4bd2a0b16d03e,a452eb2b2b063b7bf97cecbb7d89caa8f32a8d9ea365af01bacaf974e687b240,0.0028411000093910843,0.0002347000117879361,0.0007353000110015273,[],
381,DIYCOD,3,Fe,6,180d65b7cef0428d1a2b2564b4687efd57cb9a712f30a0e814f65379af0027c6,6,100,21,100,False,True,100,100,True,True,100,True,0,fd61ed799bef28f21ab9fdd0828bebad1e108dfaae5493338de0bdd70231d06e,bb09c9470e7aebec622bfc5e877008ce0cc6f5e6b6a4bd48cf59246fde4377a0,0.005248949993983842,0.0002106000029016286,0.0015832000062800944,[],
382,TEMKOL,1,Ni,4,2c19651ff06163f65f8dc8bfd6b13e0b25174aa2979f86b4fabbf8a5c3801cb5,24,100,33,100,False,True,100,100,True,True,100,True,0,b81b8436894e78b7755ebcb4653fbff98da6aa87045f49a54ef1422970528923,3360487540507592b9a54a60a5e69f2c7fa98fa25758385f9cfdf3df15fe2ddd,0.00351885000418406,0.00014930000179447234,0.003895600006217137,[],
383,WIFRAH,0,Pt,6,221f4549311c041aa0fa42c79163d7e0e6e7c27f197016b416bfd1639b3a83c4,4,100,55,100,False,True,100,100,True,True,100,True,0,db1c2e74bfdb44407ac548d8b35797d48616508857ecf2a363e8eef04780125a,83053ef7720781800e54da81dfa5783459e85d4e45519a857b135ac3338268ff,0.004954149990226142,0.00023999999393709004,0.0012836999958381057,[],
384,JEVHOL,0,Pd,4,e479c315355ce477acec8627a33e5332e9d9117fccb9a5cd8789070433f9e243,2,100,100,100,True,True,100,100,True,True,100,True,0,474f6fa3d29790e9a91bf1af0d51e8de1ba01723f0fe32047af0bedabe11922a,474f6fa3d29790e9a91bf1af0d51e8de1ba01723f0fe32047af0bedabe11922a,0.006252500010305084,0.000155699992319569,0.000430900021456182,[],
385,QABGOR,3,Pt,4,d799384b799fc1965ac6fcc49546f8871598ee2058353d3b9d559d4c9af9cf40,4,100,43,100,False,True,100,100,True,True,100,True,0,a6d13da3a432a39359f7cf5b75b84524b7dedee10d16872869af553f1a947bef,a6d13da3a432a39359f7cf5b75b84524b7dedee10d16872869af553f1a947bef,0.0038642500003334135,0.0001700999855529517,0.0007862999918870628,[],
386,MOJGAT,4,Rh,5,c773bd7434f111c0343748e94cdd1e52b8e0a2df2a9d5883b8668a661e073279,4,100,41,100,False,True,100,100,True,True,100,True,0,ef15461fa56b284f0c91cb0ed565fb324193f4c9bbc10823a0f177d8932533a6,ef15461fa56b284f0c91cb0ed565fb324193f4c9bbc10823a0f177d8932533a6,0.007055000009131618,0.00021379999816417694,0.00104599999031052,[],
387,NOPPAK,4,Zn,4,359cd5effea7ca24a862af7d0ae082f7b29d36a7c270688d227b9b39f3db60e1,2,100,52,100,False,True,100,100,True,True,100,True,0,c7c752dd50b573e90a1c1e45ae1eed4ea394bb3790d139abff0b8522b0115f5c,c7c752dd50b573e90a1c1e45ae1eed4ea394bb3790d139abff0b8522b0115f5c,0.0038521999958902597,0.00022849999368190765,0.0005644999910145998,[],
388,QOKSOY,0,Fe,6,34ad96a4e8fcd7e64d6fb332343f5e76b4d64e8d762b130f1ae316b93eadafd6,6,100,24,100,False,True,100,100,True,True,100,True,0,8209910156d167926f73ce661a5abca37c2070c50038352e755a63c90b557fb5,456e6654d6e908f6c0b81e29c760bf9540de870f2fedf203729017910eec59d2,0.010010200014221482,0.00025350000942125916,0.0019672999915201217,[],
389,SEFSIJ,3,Zn,6,232422a0617491135dbb4c3d266de18a6b1e1aa380b21dadc60a0c6d762ff37c,4,100,48,100,False,True,100,100,True,True,100,True,0,d37fcab6de079e239233deaf05d095414d787ede0fbb6050bd28365e033eb565,c08e703931e4b41616b78ab72055e39ea26d5c3075ca034e0264238e193cc58e,0.008041549997869879,0.00022990000434219837,0.0013359000149648637,[],
390,QASDAR,2,Pt,4,0546cd15d29c278ad6b088e6f8251444455e81b6d030272cb06e523c91defabb,4,100,48,100,False,True,100,100,True,True,100,True,0,73f38115d3a86eee5c3cf09da644cbddaf45ab02c2652702b55dc6bbf2c6bc95,2e9d569b494e17c761d0fc4879cb9dfe17324663c5d449ef58c4034c6f552b50,0.007207900009234436,0.0001947999990079552,0.0008249999955296516,[],
391,SONPUI,2,Pd,4,55593099c5a6bdc7797fae045a1d6f8e74ca123e12e34299baf029c4fde347ff,2,100,100,100,True,True,100,100,True,True,100,True,0,cfe794e598645e99daa6f215b1fbb9372b95e18d8899dff9e0b78d998717e2d1,cfe794e598645e99daa6f215b1fbb9372b95e18d8899dff9e0b78d998717e2d1,0.005943600001046434,0.0001509999856352806,0.00041649999911896884,[],
392,XUXJOR,4,Ni,4,aae587eee81748b07914b4864c314c87b3636392f82d03a4cbfae345d892affe,2,100,100,100,True,True,100,100,True,True,100,True,0,7795515c5de3799a86035f7a507baf126a34d579ee8e533a5c56246a771a017b,7795515c5de3799a86035f7a507baf126a34d579ee8e533a5c56246a771a017b,0.005108299985295162,0.000162799988174811,0.00044139998499304056,[],
393,UBOCET,3,Zn,4,4fa47ffa70cd494b2346bb2c57036fc89c9b31883f6b1fd86a9a2dc06a16d8e6,4,100,100,100,True,True,100,100,True,True,100,True,0,c704d1e0141c53bcea1327d5b223e3fa81d2314ff56b778eea532f2bd43d87be,c704d1e0141c53bcea1327d5b223e3fa81d2314ff56b778eea532f2bd43d87be,0.0014844499964965507,0.00015300000086426735,0.0007039000047370791,[],
394,IWOSIX,4,Ir,6,6dcb67562bd3a9eb19fcec39961b8c7b1abb7d04ce588dc3f3c71c287b8b30d8,2,100,51,100,False,True,100,100,True,True,100,True,0,b3646be4cbd4f02713200a60ae83fb38c852c42c99c69e4f989598f3008d0e56,fd4f286a78797d0fe0e8b785788dda8eda8689ee0b091fb6af9f7d2176397379,0.007231049996335059,0.0002069000038318336,0.0006740999815519899,[],
395,RASQAD,3,Pt,4,fe7fdd8e480b2a16b8055edb7baa65f55513008d520adf494a322131d614d929,2,100,100,100,True,True,100,100,True,True,100,True,0,cf9cc03e2d3794c0b28e9efa110ebee59b9e2e7395d140c629d4ac516aa4d015,cf9cc03e2d3794c0b28e9efa110ebee59b9e2e7395d140c629d4ac516aa4d015,0.0023415499890688807,0.00014119999832473695,0.00039859997923485935,[],
396,EHAFIC,1,Pt,6,9d2805de2341acfa26e632b24ea4b0acecdf2596f1c8e15767097a2a5e37eef2,24,100,13,100,False,True,100,100,True,True,100,True,0,b1834840515beaca268f48bc6baba873dc606a694fcf06f378dd9984e1c5be77,b1834840515beaca268f48bc6baba873dc606a694fcf06f378dd9984e1c5be77,0.0045370500010903925,0.00022340001305565238,0.007679300004383549,[],
397,WOFSUF,1,Fe,4,5190b979d607d2a555077cced10395cd75ba6843484cb5a864798613ff3e4bd0,4,100,50,100,False,True,100,100,True,True,100,True,0,5ba1306a99bc10ac18acd0d42b7c86f9513d07f5c76f8c38d9a14912f6813cdf,dbcdadb662f838f0eebb7c5aef04ebb2ddb07029e645b89c5f788a3592d78cec,0.004750200008857064,0.00014899999951012433,0.0005596000119112432,[],
398,HUQDUU,0,Ag,4,24952c3eb081f1d92389bdf65475f02881932329ca4af52e5e4424d5dd3b3783,4,100,100,100,True,True,100,100,True,True,100,True,0,52a776fa7f123ddea11d821f4ea748bfa9192bbbacf858b41312265202374671,52a776fa7f123ddea11d821f4ea748bfa9192bbbacf858b41312265202374671,0.007355249996180646,0.00012459998833946884,0.0004560000088531524,[],
399,MEJXOO,4,Pt,4,2cc4aba703200b81201ae79f244fc7adf5935906bd0dbd082f36a7f17181c8f8,2,100,100,100,True,True,100,100,True,True,100,True,0,5256f83e2ded428b7d935b4645c284fe6b3239309ad102680f66aec31cd66062,5256f83e2ded428b7d935b4645c284fe6b3239309ad102680f66aec31cd66062,0.003991200006566942,0.000159399991389364,0.00042860000394284725,[],
400,ZUCFEL,3,Pt,6,689bf341b4fce2b597a3bf7244fd7bb4d0b8f6412e852ed19ea2bbcbfed9d9a1,2,100,100,100,True,True,100,100,True,True,100,True,0,3e85c1026f79dc7f533e81b19623eff9f1c8d04b681bf871c8301bd5a3f74037,3e85c1026f79dc7f533e81b19623eff9f1c8d04b681bf871c8301bd5a3f74037,0.010954099998343736,0.00021189998369663954,0.0006840000278316438,[],
401,PIQBIC,4,Pt,4,4374f977650991733809b4f353618998fc9bd5a347d83763a35c0acbc25ec87c,4,100,52,100,False,True,100,100,True,True,100,True,0,4fc14ba1cae0f5fb8449728e3d0796f1a7db78d03b39c947192da7163bc5ade8,0ff61f997aef51fd417e96e57072809b7069fb1658d74bc1fa13a8e08f830a34,0.0016457500023534521,0.000149200001033023,0.0007295999967027456,[],
402,TESGAA,1,Rh,4,696aeccce0f32e9ca44b8df61a79fa0e1f04042680a932524f19f023e51b6f28,2,100,49,100,False,True,100,100,True,True,100,True,0,378bb729a2cafc9b7c99324886e0f9549dabe1c2ce6848b82f35b4061515728f,378bb729a2cafc9b7c99324886e0f9549dabe1c2ce6848b82f35b4061515728f,0.0021111999958520755,0.00016219998360611498,0.0004655999946407974,[],
403,MAQDOZ,4,Pd,4,9777b9947c4315c9dfa8d90734fd9e6e7660d854a342866029eaa8f2ae9dcf59,6,100,21,100,False,True,100,100,True,True,100,True,0,8a58d5bce36a1a2bbbe22561a047cae8e0ad18cb3139f53a92ed8b7b253062a9,9af0ca9bdf78014a2ad9c5e018c9b5ed827b7ba865a7fe8ed2e3099f07da802e,0.007398249988909811,0.00016920000780373812,0.000986900005955249,[],
404,GUTMEQ,2,Ir,4,a5d67026d38eeba4badfcd6084bb69ce25ff2db37a703af981088fe165a22c05,2,100,100,100,True,True,100,100,True,True,100,True,0,cb904b0509b23d5b78f4876db8507e39713aaa2843122d7f66b4b27347172469,cb904b0509b23d5b78f4876db8507e39713aaa2843122d7f66b4b27347172469,0.005308699997840449,0.00014300001203082502,0.00038759998278692365,[],
405,SIWWIF,2,Pt,4,573b6d419da7a9341cd75da55e02936606606ba5da968a248daa7a61208c5c3b,6,100,41,100,False,True,100,100,True,True,100,True,0,338098c699a832b8a7b26c7c71290665f972c59c285cc9dd392f21003cc4c3a0,3aa8cfa99bfe5f7de21f4275c37f630fbc3ce90624dd3e0359562ff510c840ba,0.0013425499928416684,0.00015279999934136868,0.00101940002059564,[],
406,AQIYEH,4,Ni,4,35248aeed01aae0aee028ac6c2f578aca640f9c7cd09d75cc8b8150d8f231472,2,100,100,100,True,True,100,100,True,True,100,True,0,f4ac7ddf5aad3f13b60dbc1cc05d1cb8cdf3751d87965365566cf773cec20765,f4ac7ddf5aad3f13b60dbc1cc05d1cb8cdf3751d87965365566cf773cec20765,0.005113599981996231,0.00014009998994879425,0.0003612999862525612,[],
407,QOKRAJ,0,Pt,4,de2e41ba78e8246c0a2a53a5f84c84050d4c0778abfe8ffd10ae0fb0623a84f5,4,100,52,100,False,True,100,100,True,True,100,True,0,a75906eb5acf588fd5124282131fba33215e4c76f8a6318872759c5eac1cc48f,a75906eb5acf588fd5124282131fba33215e4c76f8a6318872759c5eac1cc48f,0.007001499994657934,0.0001635999942664057,0.000731500011170283,[],
408,CEQFIQ,1,Pt,4,c4b655ec5efc7503af0d77ea8a92a7735aced9fe632462ba08a76f6a965fab1f,2,100,100,100,True,True,100,100,True,True,100,True,0,c76354d3f0edd0b2ffb6c70fcbaf7e641ededb42f52b5432e8651aae23cda2f6,c76354d3f0edd0b2ffb6c70fcbaf7e641ededb42f52b5432e8651aae23cda2f6,0.004193900007521734,0.00014829999417997897,0.0004144999838899821,[],
409,VEKGEB,1,Pd,4,78932dde626e53ee5bbcadfc6912a6d3f0b316ddcfa71ffe9efe280fc46ec92d,2,100,58,100,False,True,100,100,True,True,100,True,0,ccf3ac818fad80f8d335ed303b4ab048a6c64a497453f2cc9f0ea81ee229e054,23e2b61c3527c22dfeebf25bbd4d8c402df4bb3fecdb0372861e3ef75d477ed6,0.00783995000529103,0.00014739998732693493,0.0003691999881993979,[],
410,CUYPUK,3,Pd,4,68d627f5539f9b12c92f3ff0bdfd589b6d05aca977f0ee3e4d8be43b3192fe60,2,100,52,100,False,True,100,100,True,True,100,True,0,f8159df8f64437c4ca3833d895c4ef086e8508c41cc403b70c2cecd15f97a3df,dc5ac41035cb0bd708060086dda562ff551afc139a719bd2bcb695caac1229f6,0.004619149985956028,0.0002565000031609088,0.0007876000017859042,[],
411,AGELAA,1,Pd,4,66595ecbc242f6c895dba70c6f146108022a838ee6625f62e051969ff1648fea,2,100,100,100,True,True,100,100,True,True,100,True,0,25fd9121ee3db2d60b16c8fe84ced6d38f5963603e2be449d418df6114f38be0,25fd9121ee3db2d60b16c8fe84ced6d38f5963603e2be449d418df6114f38be0,0.006305150003754534,0.00017520002438686788,0.00048420001985505223,[],
412,GICXUM,3,Ni,4,2f3a8fb2eb284c41542ab879fae71ecbbd01a1f7145af21dd98c454eafe264f3,4,100,44,100,False,True,100,100,True,True,100,True,0,31dac33a74446414f55e20e73ba15d914996989b1fa697bcd940e4ebe082240b,0821751a6017dfd4065c3560fdf787928107dc3f024c7b965dbe2ccbe90ec93b,0.006944900014786981,0.0002471999905537814,0.0012427000037860125,[],
413,GUBPEY,3,Fe,5,093c8753bdf16c9d9c2028b7a9da4df67ffa509f8e8c5fda8980a2b7a8e3cd01,24,100,40,100,False,True,100,100,True,True,100,True,0,f34879fa5f3b655413e28495683728fbc598e5cc422a8c588fbf1d6741f9a813,c46324ced68cd8a7fae5c956a508c3a6b5d3922b880e38e82d2a32ee5d1e6623,0.003621899988502264,0.00019500000053085387,0.004711900022812188,[],
414,TUMFAK,1,Pd,4,31a3b62c59e477ecbce6e3420f60b1468eb542dce3e1eb0a6f269cd2aa63527e,2,100,100,100,True,True,100,100,True,True,100,True,0,b87fceb48b2830ee55f3f25d65944de25e6bf3236222df8af891debf9b99aa32,b87fceb48b2830ee55f3f25d65944de25e6bf3236222df8af891debf9b99aa32,0.002878450002754107,0.00014039999223314226,0.00039000000106170774,[],
415,FAVVEH,3,Pd,4,e82b30cee2cb28258df998f77d5d60b116edfee91bd9e88505edd42680bd2a57,2,100,100,100,True,True,100,100,True,True,100,True,0,ad93ca95b1cd4e4944d938e9cad93527de2f2c720fcf991ce1828e05bd942fdc,ad93ca95b1cd4e4944d938e9cad93527de2f2c720fcf991ce1828e05bd942fdc,0.01062519998231437,0.000238799984799698,0.000697199982823804,[],
416,WIXLUK,4,Fe,5,007db7375fa6957b3c20f0dd3204a308e8749fb6374bd12e3c2d822f442eba53,24,100,17,100,False,True,100,100,True,True,100,True,0,5a37ed9f3ecb6450932bf69e3d26fd44579b5ee06e3f452f57821996addfe554,903a01cc0a2b4379f8e41f6efbe7704a6db48529ef48385bbecc8bb1880db690,0.0024656000023242086,0.00018169998656958342,0.004020799999125302,[],
417,WICXOZ,2,Pt,4,d150a6709457fb38ff08f3c1fe17354a114c00bb408cfa2563a57182c4c305e7,2,100,100,100,True,True,100,100,True,True,100,True,0,db29c3d7c391a1df5ca4a80ad1dcb26ad6b75e15db34836a2ae196f45523278c,db29c3d7c391a1df5ca4a80ad1dcb26ad6b75e15db34836a2ae196f45523278c,0.004244550000294112,0.00015259999781847,0.00041420001070946455,[],
418,HOXMAL,0,Pt,4,7985071206c2104715e6eb09af3bbe63ee22a00c861f5eb1aa42d28e5e903859,2,100,54,100,False,True,100,100,True,True,100,True,0,4808c1d0510703c07ce9cfde786fc30d0189b52530d55747abe45a089d6b4d1a,4808c1d0510703c07ce9cfde786fc30d0189b52530d55747abe45a089d6b4d1a,0.002465700017637573,0.0001686000032350421,0.0004780000017490238,[],
419,TUXGEY,2,Pt,4,0bfedd876c5104f5a59ba25f7e43b82b1349581e9d70048ec5561e84a476ffc7,2,100,57,100,False,True,100,100,True,True,100,True,0,91a8b1345f7cc4dc744f5ffc80c0a3a354f20f9483c00ba931c60302870b3f40,e4f86df657e47e9fa7c12b45ff0b037bba6cb1e0ce5728d5c1b477246d49d811,0.00405000000318978,0.00015999999595806003,0.0004434000002220273,[],
420,EBAYAL,4,Zn,6,bec01c2f2d269ec37e6c248d6ec9168e4e0091b6ffda260551e45404ed4b450a,2,100,100,100,True,True,100,100,True,True,100,True,0,4855dfc7b6cbd9498dd8b065b66dd036741ce7ab818c5c19010049c2ecfd8460,4855dfc7b6cbd9498dd8b065b66dd036741ce7ab818c5c19010049c2ecfd8460,0.008406449996982701,0.00019439999596215785,0.0006236000044737011,[],
421,APUMON,3,Pt,4,02cb150a0d5f25f3513f99ef2a91775ac8acfc497988725c7c6ce8b6468918aa,4,100,47,100,False,True,100,100,True,True,100,True,0,beb23d67ec2102c75c84861032d5f3e9aaa7bedcdf4def8f922443824853a8bf,1d02b48c76614ad26239b5c29cf0a03a72ec1e61588bf1d36363fc5c718946ab,0.006719950004480779,0.00025129999266937375,0.0012051000085193664,[],
422,IQUJEL,4,Zn,4,a5f77617648b6a679af6aa6bfb358064342c8dcf9155150387ba3e94957c0ae6,2,100,56,100,False,True,100,100,True,True,100,True,0,a4247e26112cd9f22ad58e870addd35ddeac2fc50ee7e8fdd273430a23800ada,a4247e26112cd9f22ad58e870addd35ddeac2fc50ee7e8fdd273430a23800ada,0.0030234500009100884,0.00015200002235360444,0.0003789000038523227,[],
423,VIMZAV,0,Pt,4,d38dee4777d245992e7a68d969237d71288777eab2e74c8fa530519abda79b54,4,100,50,100,False,True,100,100,True,True,100,True,0,e896fe65e2c4c605b1903949ddd20debda9b8c5d5754e71d111441375865e8db,4ff9d2446e80fe364792c155f1425edde0850ce46d65c12558f4fdb1c8db2d23,0.009393100001034327,0.00015619999612681568,0.0006921000021975487,[],
424,QAHXEE,4,Pd,4,68916b579a24348c693de10e4b5bc290c39a2dd54ae217bb9bd23361a8f98227,2,100,100,100,True,True,100,100,True,True,100,True,0,3a482b493b3e57ef3edd877544f2ea8967f75b30afc8e830ce548dc116c56c04,3a482b493b3e57ef3edd877544f2ea8967f75b30afc8e830ce548dc116c56c04,0.009072750006453134,0.00023189999046735466,0.0006770000036340207,[],
425,YEDYAL,4,Zn,4,f4912d6dd4a66c96546508e2a83769cc36b9e1419f7e1e1b00e147afc570f2e5,4,100,28,100,False,True,100,100,True,True,100,True,0,a9392f05a8af5cb694017511c00231512ef5e5fa78a6adedf2a5cc991d976c84,bbacdc61b17c5d4bdce002d11d5eac66f7da0bc30e40f192844d9c2ccfb76126,0.0025787999911699444,0.00015770000754855573,0.000683599995682016,[],
426,TILDEA,1,Ni,4,2e8697c5cf44d586b002828e3c945318aae052f89a8a048ff9b9e85c51467bfd,4,100,54,100,False,True,100,100,True,True,100,True,0,654a552269fd33a66708604c61904ea5f8a26d42f0bf74a5dfdaf1187ca712e9,654a552269fd33a66708604c61904ea5f8a26d42f0bf74a5dfdaf1187ca712e9,0.007924649995402433,0.00017069999012164772,0.0007461000059265643,[],
427,QAQCOA,4,Pd,4,e8500c0570f881c049ff26f6b2d884d75fbd93081ecd9cbcbcea36d096134e2e,4,100,51,100,False,True,100,100,True,True,100,True,0,84f8fab11df4917ac343910133407b52965cd4277d67b357393aa51873962583,84f8fab11df4917ac343910133407b52965cd4277d67b357393aa51873962583,0.004084250016603619,0.0001601999974809587,0.0007236000092234462,[],
428,UKIHIF,2,Ir,6,19e8a7e7116d6661cb4d9becd55a842fddb923f22e15304d414523586cce2699,2,100,50,100,False,True,100,100,True,True,100,True,0,aae0e7012882f84695565a0510835d9a7c9bf81e4ed1f392483f17552eda122a,aae0e7012882f84695565a0510835d9a7c9bf81e4ed1f392483f17552eda122a,0.007109300000593066,0.00020830001449212432,0.0006541000038851053,[],
429,LEXVUF,3,Ni,4,fcc3a61c20c0b832b1e283292decc60c24616a1ff324f7119b0c9092efe6e3e9,2,100,100,100,True,True,100,100,True,True,100,True,0,ee28ac089d11aa8e1b01424092f5699b00250d2e9e07253261c95bcaf06aa46a,ee28ac089d11aa8e1b01424092f5699b00250d2e9e07253261c95bcaf06aa46a,0.0026216499973088503,0.00014239997835829854,0.0004048999981023371,[],
430,MUFGEA,4,Cu,6,5dbba6dcafbb9bf6951c307e2f90be64d04ae424757323bcb3a6d4ea015f69b5,4,100,100,100,True,True,100,100,True,True,100,True,0,a162817f17d2c38c93f5e065d9f2bb70a6802c8af7243c690918db1bb3877649,a162817f17d2c38c93f5e065d9f2bb70a6802c8af7243c690918db1bb3877649,0.0062406000070041046,0.00021669999114237726,0.001209999987622723,[],
431,SEYWOM,0,Pt,4,cd82c4f1723bad48fc74cf4993cd17a5993c160a25f2ff582cdbff73fb79cb5e,2,100,52,100,False,True,100,100,True,True,100,True,0,b1d0529c6f6a9f0dd0c12fb5616bfcd6ca18916b75a0b307a31c4a1353477005,ac139db77aae45653e895594f34cb30a5501b0b00a6a2754e1c479b0dfe92eae,0.004394100018544123,0.00016830000095069408,0.00046549999387934804,[],
432,DUPNEI,4,Pd,4,0249bbe2354a8e47190b2be32a76249f2e2241a50278dc09f946dbe4bb86c388,4,100,52,100,False,True,100,100,True,True,100,True,0,7e244f6f025721eeaa358bdbe85ba0b213298bc4a15fb31934f43bc61c47ab9e,db121bf88c3f3fd0f91eee34d147a423539eca2b123a5987c2bbdcd7dc5194aa,0.0018794499919749796,0.00015239999629557133,0.0007616000075358897,[],
433,KAQGUH,1,Zn,4,da517c9b73d309f6f3e91d29ae675c71e5469e955954a5336bae1420d41e5362,2,100,100,100,True,True,100,100,True,True,100,True,0,8f70eae0a46ffe7f6b4891d0a386299b16c6ff4b9403fa65c8f46f2c645c7f66,8f70eae0a46ffe7f6b4891d0a386299b16c6ff4b9403fa65c8f46f2c645c7f66,0.0067303999967407435,0.0001438999897800386,0.0003319999959785491,[],
434,RIYYIJ,0,Pd,4,bd4a5b5c146295cf88fb757469756d2506c5ef2fcc5a5434c195fe331b7a53bf,2,100,100,100,True,True,100,100,True,True,100,True,0,6c7f9bc6fbfc5d8c455f89cf76a27934f173cea03ccf77452a8d7681f79d7455,6c7f9bc6fbfc5d8c455f89cf76a27934f173cea03ccf77452a8d7681f79d7455,0.005729099997552112,0.00017289997776970267,0.000470499973744154,[],
435,DEJBEA,0,Pt,4,b512bcb88c70be1f29450a268f6c87b88421dde4d69a06371ccdc962390323a6,4,100,100,100,True,True,100,100,True,True,100,True,0,7ff0163ba7b79747df7450634f612c20add029c0c9028e2edf245343d5508ab7,7ff0163ba7b79747df7450634f612c20add029c0c9028e2edf245343d5508ab7,0.0019139000069117174,0.00016979998326860368,0.0008420000085607171,[],
436,KILLUQ,0,Pd,4,041b4401c4cc2944613a797cb94c430baf36bbbdeb2303ec9512efef019447ec,2,100,100,100,True,True,100,100,True,True,100,True,0,a2da83ca292da19b979e55ecf842e6715723e8c2178bb612314639ee2549ce35,a2da83ca292da19b979e55ecf842e6715723e8c2178bb612314639ee2549ce35,0.0069849499996053055,0.0002373000024817884,0.0006872000230941921,[],
437,ZINGUC,1,Pd,4,0f68bc5e159710dc2ac4d8e98ee8b4a1cb34faadd4d0ef88b50bcf09ef04e530,4,100,49,100,False,True,100,100,True,True,100,True,0,26b2751d681a65a2deca62cf1254c9ae95116e7f85b1ff8ef0f00608d253f049,4b0b5c373ccff42ebcd807a2953ad854d9321395aa793f639a7ba891abb1ae7b,0.008560950009268709,0.0002468000166118145,0.0012344999995548278,[],
438,NEBKUE,1,Pd,4,324ad84409c564b8e5eaed229f75d0001823b7499d798f2dbc636a8e28385473,4,100,100,100,True,True,100,100,True,True,100,True,0,3e6e8e266d73ba49c522cc440506482f36b75be5cf7aed0539a0fa57b43c934d,3e6e8e266d73ba49c522cc440506482f36b75be5cf7aed0539a0fa57b43c934d,0.006288499993388541,0.00016590001177974045,0.0007419000030495226,[],
439,LALXUS,1,Pt,4,491fd08f717e711cfb0f82a8713ffb0bf1923ee7b2568513bbcdd8181e356af9,4,100,50,100,False,True,100,100,True,True,100,True,0,78bf643a0dcfc3812fdfab68e5e416e10043ee1237854a3a76f9df286b64ea18,78bf643a0dcfc3812fdfab68e5e416e10043ee1237854a3a76f9df286b64ea18,0.0073119500011671335,0.00017270000535063446,0.000828499993076548,[],
440,TIDSOO,3,Rh,4,7ea24474d2b010ceeb612322e3ea68d81232e9cdc95c24941815fabcb6821555,2,100,100,100,True,True,100,100,True,True,100,True,0,c9e3e910f3a61bb374b828a51b9f626d665e56a91be4694275b82e85c7264549,c9e3e910f3a61bb374b828a51b9f626d665e56a91be4694275b82e85c7264549,0.007209250004962087,0.00017410001601092517,0.0005047000013291836,[],
441,ANIZEF,2,Zn,4,c7c6454569ecfc6162cbb544ce9fd88d08dc9c6a4a68e1432b652315ead6ddb9,2,100,100,100,True,True,100,100,True,True,100,True,0,2d68579be308cb96fd6d1c3f9ed93234e8393c045946eb1d994f236be4659b9e,2d68579be308cb96fd6d1c3f9ed93234e8393c045946eb1d994f236be4659b9e,0.009889699998893775,0.0002106999745592475,0.0005335999885573983,[],
442,BABROO,4,Ni,4,e994798bf49df802868a3fe3a261e6bbd2e705a4fbad1594a71246fd1246725f,2,100,100,100,True,True,100,100,True,True,100,True,0,5f70ccd2292cf7ee2f187fd5e5210572fa6013477fc94291e84448f2446ca559,5f70ccd2292cf7ee2f187fd5e5210572fa6013477fc94291e84448f2446ca559,0.004708199994638562,0.00014779999037273228,0.0004099000070709735,[],
443,GIHPIW,2,Pt,4,83b1908eb6127177401672ae744b6bee7c28a7fbb07b74671140f24619fa6848,2,100,49,100,False,True,100,100,True,True,100,True,0,0d241ae074cd75474037af69ce4a3c67902df6075653c2aa198e9baafe012063,a2d7f6ead21db331d1d3ac52cfcd2cb5bdc9806237c15c782df6a0e9c36c1b4f,0.006033700003172271,0.0001632999919820577,0.0004310999938752502,[],
444,CIGLEL,4,Pt,4,ff0857891b9e51965073b4751364f03a2a6b05ba57d87274260bfca8c4e627c9,2,100,50,100,False,True,100,100,True,True,100,True,0,7cd4359059a066cbebdafd8c443d12548f61bd8c6e5008ff324cb90697b2bd5f,412effde92d27b489cc7411fa1c0007a016b1ca37e2a8a01951c121b9912fa1a,0.007817749996320345,0.0002629999944474548,0.000765499979024753,[],
445,HURGAC,0,Cu,4,866c59c9fad13d43d3e8dd71d60a879f4e52162f925d432c6c7f5f7a64f1ce36,2,100,100,100,True,True,100,100,True,True,100,True,0,c3732045d96180c334086cf25d0588d892c633e96f8e899693c0a826d3399073,c3732045d96180c334086cf25d0588d892c633e96f8e899693c0a826d3399073,0.005555049981921911,0.00019379999139346182,0.0004951000155415386,[],
446,ROSFUA,1,Ni,4,826fd9613cc14954bdb23d5e866a3f5d5671120396884c929bb5e6a08d3b127e,2,100,100,100,True,True,100,100,True,True,100,True,0,0418cc92876b42414096e049eec2c1bca070e72207d2dee4d276a4a517f49891,0418cc92876b42414096e049eec2c1bca070e72207d2dee4d276a4a517f49891,0.0024778999941190705,0.00013860000763088465,0.00037349999183788896,[],
447,MIMXAH,3,Rh,4,17d9dd04fd341c48b0b65c6e01723f67fce1ab15095c65dc692c30b23ffb8e2e,6,100,31,100,False,True,100,100,True,True,100,True,0,6d077e451da6d70b5dd49c94db267a2aa9de2a894071e54a78983017490fe8f7,9dc50ba51fe28c0aadfeda5c737a486615942d3019f20b3866c7e87d0c288bb0,0.0019078000041190535,0.00016719999257475138,0.001126500021200627,[],
448,BOHXAA,0,Pt,4,deebed658389668a8c7d37264d848316df37ed7850043ee9e72c7e520d087e14,2,100,46,100,False,True,100,100,True,True,100,True,0,98b667d477a3850e499b181627e3f31452a4f47936a5394621b63d1fd5967c7e,98b667d477a3850e499b181627e3f31452a4f47936a5394621b63d1fd5967c7e,0.008046300004934892,0.0002576000115368515,0.0007830999966245145,[],
449,AFAMEB,1,Pd,4,ac2adac5c03ae40cf2ea173d2a25b2ead2268ae752b94642739f618a15b6b7f3,2,100,100,100,True,True,100,100,True,True,100,True,0,eca9863eab436c44eb083a317b34835e46272ec4dd6771c3fb435f3dbcca78f2,eca9863eab436c44eb083a317b34835e46272ec4dd6771c3fb435f3dbcca78f2,0.004017849991214462,0.00017270000535063446,0.0004752000095322728,[],
450,DOTMOP,0,Pt,4,3bde896d1947fc0e0fd2cd4124fc327314ce1ec56d76ea5befa9546bdd410711,2,100,100,100,True,True,100,100,True,True,100,True,0,28585388dce3ac083291305b06778c628ace24464b452b489fc28277a75b431d,28585388dce3ac083291305b06778c628ace24464b452b489fc28277a75b431d,0.007658649992663413,0.00020730000687763095,0.0005594000103883445,[],
451,HOFBIN,1,Pt,4,7599be00f99a771c37ed446100250297bb55a2e63337cce88f8adac21d5ee8f0,2,100,55,100,False,True,100,100,True,True,100,True,0,c5507db972d5cc824d90578a428f7da0bcea235c811898532c0c33762559eea6,c5507db972d5cc824d90578a428f7da0bcea235c811898532c0c33762559eea6,0.007198749983217567,0.00015669999993406236,0.0004329000075813383,[],
452,ZELPUE,4,Pd,4,f9ea3ccc609a4e62b60a8efde50b35d62c80b07f2ba1a3107cabbb6bc7fc6fea,4,100,51,100,False,True,100,100,True,True,100,True,0,a1cacd5b895f6f6f7afb4078cf5bde730d1bc2cbd37c98317ab81225e5bcd460,0ef2fad347d7fc31bc620d576ce43801d3a7c25806e662a6ecc4f075faa4f48a,0.00627835001796484,0.00016839997260831296,0.0007397999870590866,[],
453,DIDMUB,1,Pd,4,a77a8b482245a51f0df3c47dfb723a1acba658e013442784c7935b79cf4bf1eb,2,100,48,100,False,True,100,100,True,True,100,True,0,68f244b8a0fd24a5baff31cfc43cae6546aea83dbd4feecbacaec27390401dc2,68f244b8a0fd24a5baff31cfc43cae6546aea83dbd4feecbacaec27390401dc2,0.005204600005527027,0.00016570001025684178,0.00045429999590851367,[],
454,MECROE,3,Pt,4,c3178187442dbea7b1cc8b2a5af47a78b94bde082f4280d2c53ab81c63b0319e,2,100,100,100,True,True,100,100,True,True,100,True,0,2c7e8930d7b3fdeff01c1c4475ec89bfddaa9d081c3f7c294de06f3c4622b492,2c7e8930d7b3fdeff01c1c4475ec89bfddaa9d081c3f7c294de06f3c4622b492,0.005608699997537769,0.00024670001585036516,0.0007048000115901232,[],
455,NENTAD,0,Ni,4,51b32186950e479892b5e045e721a787d2e830aec820a163e6d28efe818f0004,4,100,100,100,True,True,100,100,True,True,100,True,0,3a63e11bd66cb638298f96c5f3c4d748d35198d1d5609944a2fb6b78f2db0bc1,3a63e11bd66cb638298f96c5f3c4d748d35198d1d5609944a2fb6b78f2db0bc1,0.005092049992526881,0.00015180002083070576,0.0007214000215753913,[],
456,NOYZAE,3,Fe,6,2345c8319de454cbb3f4c7e0d80ba62bd17d6a78dcb6a517fd08be0a68c0f6d5,6,100,13,100,False,True,100,100,True,True,100,True,0,4a3ace3e56666116cba8557bec8324432cc4bab515722bfdccbe15f14bb00083,a604525d54980ae65db8c4d6f37e5bb38a0dc692893c9d04513b5dc2766e0ce5,0.007216500001959503,0.0003869999782182276,0.0031521999917458743,[],
457,ATASOF,3,Ni,4,234ed1e507bf3c2c7e0de92d9af244171b0c7cbd938019d86414fefb6d7785e2,2,100,52,100,False,True,100,100,True,True,100,True,0,5386f9cfa65ad1fb01627ab7757bc48d2c4a4e13ae361d9a54c71681b2963265,5386f9cfa65ad1fb01627ab7757bc48d2c4a4e13ae361d9a54c71681b2963265,0.003337500005727634,0.00014039999223314226,0.000375300005543977,[],
458,YIVRIH,1,Pt,4,5b5e8bf5f2f75671824e67ba21d69fdc0345716424e04536e3334f0820408fc5,2,100,100,100,True,True,100,100,True,True,100,True,0,913962d3146dd4724f9e218f557f4a19fc4e1173cfdfb6062daba00f6b871cf8,913962d3146dd4724f9e218f557f4a19fc4e1173cfdfb6062daba00f6b871cf8,0.00524190001306124,0.00016649998724460602,0.00046029998338781297,[],
459,IBUGET,4,Cu,4,596d99945efb977954c4423075a3f59f063159c8a9251378dfb6d23ff708cd19,2,100,54,100,False,True,100,100,True,True,100,True,0,fa8175017a812501c4cee15e4ab5909c82a80e1a92de915ce6e2b192b6195a98,fa8175017a812501c4cee15e4ab5909c82a80e1a92de915ce6e2b192b6195a98,0.008002600006875582,0.00014750001719221473,0.0003367000026628375,[],
460,NETGEA,1,Fe,6,6ea5ef33ca16a430837311d0392f54c30a527c27ad6e922e31fd73772570f195,8,100,100,100,True,True,100,100,True,True,100,True,0,44d562ce7bf20c85bf95e25bffb09234c37b6296b6a9315676c41904ae53e3af,44d562ce7bf20c85bf95e25bffb09234c37b6296b6a9315676c41904ae53e3af,0.008556750006391667,0.00023100001271814108,0.0023954999924171716,[],
461,NAYKIJ,3,Cu,4,8107fb99a68bed1d2a11d299aafab69f1db30812e164219ba57cb3d50dc5a0a5,2,100,100,100,True,True,100,100,True,True,100,True,0,53b19467e9f7c9e538369f7962a95200a3b99951e3997830bc7e96892ac1443b,53b19467e9f7c9e538369f7962a95200a3b99951e3997830bc7e96892ac1443b,0.008957199985161424,0.0001592000189702958,0.0003761000116355717,[],
462,KEZWAP,1,Ni,4,802fcc5d3139702df2c010f4199c50536bad56f0f66ec51e6a68d94e63329683,2,100,100,100,True,True,100,100,True,True,100,True,0,6fe3ac174eed8d188cdd16ca48622634b3428e9d316ad93aaff081feb4968165,6fe3ac174eed8d188cdd16ca48622634b3428e9d316ad93aaff081feb4968165,0.0045946499885758385,0.00015159999020397663,0.00041849998524412513,[],
463,TEPSAK,1,Ir,6,d707b025b4b3e47aff6396fe5c85b71b98f124c423824ead5ec69a9076cf6e14,2,100,48,100,False,True,100,100,True,True,100,True,0,84fdeb5bfc964876553731f6b36166e88ab75776bfa8748eaafda121fda11056,f098f2e81a6a231c31b23fd335e33857cdcb5483084be80fcdf1200de89f50f0,0.010527300008106977,0.00023700000019744039,0.0007525999972131103,[],
464,XAWVEA,2,Pd,4,d751644680fe1b01707dc0bd9b1e50ed8089ec7938ee34f300fb8399fec49199,2,100,50,100,False,True,100,100,True,True,100,True,0,4600d784c36f753ebbbf62e3fc772cf12f313474bef93911633414304017d58e,4600d784c36f753ebbbf62e3fc772cf12f313474bef93911633414304017d58e,0.008056649996433407,0.00024399999529123306,0.0005100999842397869,[],
465,PEVSUF,4,Cu,4,3585c753a577332ee5fd982b1708d8cac3cc9b4aaa17ebb9755638c631011291,6,100,40,100,False,True,100,100,True,True,100,True,0,e5acf16b8f697e9984705519c7da225c52cc2391a603ec74eb2860245d5c0420,e5acf16b8f697e9984705519c7da225c52cc2391a603ec74eb2860245d5c0420,0.005855450013768859,0.00017919999663718045,0.0011301000195089728,[],
466,SIHSOT,1,Pt,4,375e510afc0f4666edada8c897742cc97cfb8b347840697ef5f29dd55d8d3d03,2,100,46,100,False,True,100,100,True,True,100,True,0,e5ad475af9c070ac2e5721229937c26235b6b403b942ca1950e2e836734e7250,98b94da246ffefec3d82b4339b3f46ecb285a852df1f35242938cf0c8e261c8c,0.008723449995159172,0.00018699999782256782,0.0005713999853469431,[],
467,IMIXUX,1,Ir,6,11c5ac90a49e600d731713229d5c73e302a4d896d8ac53410035dd25cc49678e,48,100,9,100,False,True,100,100,True,True,100,True,0,977a78e6b79ea1bcb1b880c1adbd9766fc6466a8197522feeb742c165bf799e8,874145a28692f873cd5e323787af4e867d3e2e827edff442f4c269c9a58ca7b5,0.00364844998694025,0.00025049998657777905,0.01700729998992756,[],
468,GARBIN,2,Zn,4,61936a8fef6a7c73d4772ca9fb688f0635310b3c0f262196493e228a4939c6e4,4,100,100,100,True,True,100,100,True,True,100,True,0,fa447e3d5e4e6189d78f41f3d76d084c5d430682554dc1ec1de5068481633acc,fa447e3d5e4e6189d78f41f3d76d084c5d430682554dc1ec1de5068481633acc,0.0045524500019382685,0.0001807000080589205,0.0007891000132076442,[],
469,KIWYUM,4,Ni,4,7e89831b1aff544975da508af2536ea4d3d772ac7a77b7058e92de9267aec6ab,4,100,100,100,True,True,100,100,True,True,100,True,0,7425eca0fab910cc0633f8c5f1d9f2c2143bfd05f47d6bd32b13201302cec058,7425eca0fab910cc0633f8c5f1d9f2c2143bfd05f47d6bd32b13201302cec058,0.003706250005052425,0.00014540000120177865,0.0005421999958343804,[],
470,OCUDOF,4,Ni,4,ec4aa51e5153a76c0b23b9a0c49df5cf67302bb67ab54c6784e0c46870aa9b5c,2,100,100,100,True,True,100,100,True,True,100,True,0,daecea289f6c3f1cc81663eef0463eb5f22a4bf4b8e88401ebd1e169e9680356,daecea289f6c3f1cc81663eef0463eb5f22a4bf4b8e88401ebd1e169e9680356,0.00831030000699684,0.00022869999520480633,0.0006351000047288835,[],
471,IYUGUE,3,Pt,4,e4cbcde52c0d46156e7842c89f51fe021514f2e25d6ba5ad43da601e91dde1fa,4,100,100,100,True,True,100,100,True,True,100,True,0,f170b2b257245ed3c11d4aaa995aa5f5bcc7cdea91dddbdeb6f5f67a3f16a98b,f170b2b257245ed3c11d4aaa995aa5f5bcc7cdea91dddbdeb6f5f67a3f16a98b,0.003996100014774129,0.0001629000180400908,0.000738300004741177,[],
472,SUTRAA,3,Pt,4,825511d492aff70fbf807fffef2f996b4fc669e3c707f7a07b57fa4de1f9b74d,2,100,100,100,True,True,100,100,True,True,100,True,0,23736fd613652b7c83a7631532fb14151cc53a7c5f36ab3be058ee592dbaada3,23736fd613652b7c83a7631532fb14151cc53a7c5f36ab3be058ee592dbaada3,0.006914900019182824,0.00017469999147579074,0.00046609999844804406,[],
473,TEJDOE,2,Pd,4,1d6418a0780d882f58af19813ad169499397a8d31aadb7a466e097c0c1bbaef6,2,100,100,100,True,True,100,100,True,True,100,True,0,5666c54f8b529b15cb7b079b0ca7b9d04582cc9c5c96535fbfa7cf6f3f511167,5666c54f8b529b15cb7b079b0ca7b9d04582cc9c5c96535fbfa7cf6f3f511167,0.006683850006083958,0.00016869997489266098,0.00045739999040961266,[],
474,SAKNAV,4,Rh,4,41bab68eea6f886ddfc04669c3f63ec4962d9f6dfb048007b6b407e4a2e0085b,2,100,49,100,False,True,100,100,True,True,100,True,0,25e1817659c720d1a3eb5e44d436a67205b82d47daf9a3d505c9d7457c2002fd,579c6fa99b43e58c40e70cfc505001390b9170240c7c90575e8e25fc0655d5cc,0.005189749994315207,0.0002652999828569591,0.0007956000044941902,[],
475,VABYED,1,Pt,4,e1fa85971130fc575d83867988d4e478d132de7b03cea052e4a5d4a9f9585759,2,100,100,100,True,True,100,100,True,True,100,True,0,a9675898790b38f3f0d65865c22038fedf5ed733f1083b67646b02b0282ab9bc,a9675898790b38f3f0d65865c22038fedf5ed733f1083b67646b02b0282ab9bc,0.008191050015739165,0.00013839997700415552,0.0003425999893806875,[],
476,RANSIJ,0,Pt,4,a6ebc0b0ee66a2e67b0ef61407600863837531925e2138fcf891adebc7c39836,4,100,100,100,True,True,100,100,True,True,100,True,0,e33f205c4d40489d580813118b8986bf565ed607507328faedb08462d199d184,e33f205c4d40489d580813118b8986bf565ed607507328faedb08462d199d184,0.0015998000017134473,0.00015410000924021006,0.000742600008379668,[],
477,MIXJEL,3,Pt,4,092393db7bb2162ca4dc6dd95c1aac8c4ee9cb3594f141fd7b6191b28551c358,2,100,44,100,False,True,100,100,True,True,100,True,0,56efbdb53a7ff8859a83191ba9725da6e91a0f36ff4f2f320431ac5580b6075c,56efbdb53a7ff8859a83191ba9725da6e91a0f36ff4f2f320431ac5580b6075c,0.005968900004518218,0.00016739999409765005,0.00046079998719505966,[],
478,FOFTIE,1,Cr,6,22dd04faac3401e4c39eb3829c530604b0e51e8ed0bcda4c69cbc289d819ddfb,120,100,7,100,False,True,100,100,True,True,100,True,0,b19f4001428d2de825349cff098caa831c2f1a41695b3e7f7cf31c5fac0287e6,d500c96abad3ecf29f296527f8dbf62df6209c8f285eaf84ce7d9969915d4daf,0.005652049992932007,0.0003347999881953001,0.044484600017312914,[],
479,GASKIW,4,Pt,4,d03cd5699c3df0efceb23af5e7aecbb313977650852d67996a5b28590bc5cd83,2,100,48,100,False,True,100,100,True,True,100,True,0,19ae3163a13ab0067893f4d98022fc2bcd6e7cf005e7bfaf1f21ca974afe26ae,32bdd239f04870131574bd01bca3212bf8c0e08dd8b3e9457dcf54f3a2c36989,0.0049085000064224005,0.00015559999155811965,0.00047039997298270464,[],
480,QOKDUQ,3,Ir,4,b7914266a0a2418f4145cc6085b7cea125185ab14f2812319644e3cad79f394a,2,100,100,100,True,True,100,100,True,True,100,True,0,cd9c96687b2657a2ba8fb789f8105d94a697d525951a8843ed2dd9c4fa1d584f,cd9c96687b2657a2ba8fb789f8105d94a697d525951a8843ed2dd9c4fa1d584f,0.007222700005513616,0.0001723000023048371,0.00047279999125748873,[],
481,FIRPEB,1,Pt,6,e6992ad8411d702e171e2f03647aeaabbe61b561119999bb0162f2081904b2ad,6,100,18,100,False,True,100,100,True,True,100,True,0,1506bbb41d16caaa1bd1444a27a844179cdb45f3a455ee98ae435982548a6d79,a488ac2730054e139a118cbbd16f03ab42d43242c9409a2799c0fc62180e0cd7,0.004780199989909306,0.00021359999664127827,0.00165049999486655,[],
482,JUCLIE,3,Ni,4,bb747a4e09bd17ba33ba1e0ac3286308e6a86c32e3d80efb6ca47e38fe0f1703,2,100,100,100,True,True,100,100,True,True,100,True,0,80f4ce251d09ff31f59706f8e9882abc3a958e596b1e594b9dc36bd9cff91c19,80f4ce251d09ff31f59706f8e9882abc3a958e596b1e594b9dc36bd9cff91c19,0.005659899994498119,0.00014509999891743064,0.0004115999909117818,[],
483,JAKPEU,1,Rh,6,d51428fc93c185cc90d76d0bac694ab8556d52bee5877f53ca9985dd3cfef83f,2,100,47,100,False,True,100,100,True,True,100,True,0,1d7e8ba4bb84609358b8fd80573a2242bea4923e514958b9b58adb9742f7628c,1d7e8ba4bb84609358b8fd80573a2242bea4923e514958b9b58adb9742f7628c,0.010246550009469502,0.00022339998395182192,0.0008742999925743788,[],
484,UJOMEN,4,Cr,6,1d521127055d0ba5ac5112b9e1e67ee9f45dc85ccef4eb09211ea9d3f2666a58,48,100,32,100,False,True,100,100,True,True,100,True,0,36e20e154a1b75c11b1ea92d66d97b30c5325d071ab779ba56f0efa9f6d389fd,88d27ef6660991bdb647e19cd0a29d218e56181529a62ac8844232d8c5e321fa,0.007935249988804571,0.0002477999951224774,0.015925199986668304,[],
485,DEBNAB,1,Pd,4,163cb249e9614e4be7a4fe0a2910f06fbc64951553860035806aad0b94b98085,4,100,57,100,False,True,100,100,True,True,100,True,0,5e363fa431ce52cd2bc1b1f03f042794a4a4759ceba292e8ed5018f31be372cc,5e363fa431ce52cd2bc1b1f03f042794a4a4759ceba292e8ed5018f31be372cc,0.006585249997442588,0.00020589999621734023,0.0008073000062722713,[],
486,OVOMAO,1,Fe,6,95f38392f1d7f9c3ab39b3d4beb0751140253b4abe1f1c5c75fa147fba58946f,4,100,52,100,False,True,100,100,True,True,100,True,0,6a925ab986061e97912f88a8a5722801461206dd3e10397f93fc40f5c10ebd99,9a3e69e5c7e7ef08af0715f95c4bcb49432c63e512e11a80385bc02f74d93843,0.008835699991323054,0.0002148000057786703,0.0011569000198505819,[],
487,AVUBIF,0,Pd,4,7761308664f4b34eeac6bb1d541a950178da82757afd61b9941102d02dca28bd,2,100,100,100,True,True,100,100,True,True,100,True,0,064254f50dc1c398cd5229e181eb7df2e2319cde9b1bf7aade3d326967c4a7ca,064254f50dc1c398cd5229e181eb7df2e2319cde9b1bf7aade3d326967c4a7ca,0.00788059999467805,0.00012170002446509898,0.0002640000020619482,[],
488,GULXOC,4,Rh,4,7e1d5d82ec274c50c1bcc237a361672b093c7fca5e89ece5f1aafeb3c498e11d,6,100,33,100,False,True,100,100,True,True,100,True,0,f4ec7c76eca14b2511697a4d32845649f447d58228a2de133bde026aa3105d22,286c9dc0e4dfc5b81c8c67a32fe81bbef92db1dd797bbd767e53e7c29ab9b493,0.0065676000085659325,0.00015730000450275838,0.000884100008988753,[],
489,TEFZEJ,1,Rh,5,1d9cadccd27605f09b554bf71ba619e4e949fb9ce86b58c364112d127f8b60fa,12,100,19,100,False,True,100,100,True,True,100,True,0,7a0d6ceb0518582d2dbd7a8512f82e71b5b5acbe3d9d34484e63a614e0b05b7b,30015244ca8237a6fae6c81e6c330b72879e6bd453bd41306568f82c2af43922,0.007864550017984584,0.00020650000078603625,0.00270690000616014,[],
490,APIKUH,4,Fe,6,f3d7fcaba11bd3b8c3495d2368f430e875633565dabc6ff2047a8d6dd81d9ecc,6,100,27,100,False,True,100,100,True,True,100,True,0,c734bc92ec10dc4e9fb4a06504e613f9c588f2b1f17432fe96cb37790633c7a9,34c282ef569a5995965845aa344b4cf71519470b1fb0744817586a5f7324a6ee,0.007754249993013218,0.000235399988014251,0.0017178999842144549,[],
491,USEWAR,1,Pd,4,165797c5d3c2c351f66753a1c5e5534b81173d2e0c06839d730ddbc3fcde01cb,2,100,59,100,False,True,100,100,True,True,100,True,0,262f954a32c4ded8c1f2a190ab1aa97d6c5220a31ec8d30fd84837a40b928e5a,9ab4aa5c4af62f936e7795e4bd7fa2f1434b945902af6b57976296cd81a1880b,0.0053211500053294,0.0001753999968059361,0.00047160001122392714,[],
492,DAPRES,3,Pd,4,467730b966192807c99b73649ef1dd4ff3f5dfd85af504d2d6fd36aff92242bd,2,100,100,100,True,True,100,100,True,True,100,True,0,e9d5d0f4d3178866580b5acbc01054ba330aa581e4d4be0477bce4a24e1d39ab,e9d5d0f4d3178866580b5acbc01054ba330aa581e4d4be0477bce4a24e1d39ab,0.008534200009307824,0.00017519999528303742,0.0005518000107258558,[],
493,QASYES,3,Zn,5,0c106deb082575e27ddbf6d8b08a371f073a464937af5ed5d89c130867846740,2,100,45,100,False,True,100,100,True,True,100,True,0,d9007d2d6e2b25799408c6a1f46204ad0846383494acda623aec950774a3b365,d9007d2d6e2b25799408c6a1f46204ad0846383494acda623aec950774a3b365,0.0034920500038424507,0.00015550001990050077,0.00041890001739375293,[],
494,HEKCAE,2,Ir,6,ad18f03af67d5d0755d09b9a8b6a541a9277283402cb4ad69b377e9bda8c86b8,2,100,49,100,False,True,100,100,True,True,100,True,0,55aba5b4aa4c205456fc0c36e249d9f5f1fa08ab0114160e64c76572a3da6e76,918087e63e4cf7e5b53cb51d23c6f58803a3183cb744c163edca806a6468a22c,0.010744299986981787,0.0003353999927639961,0.0010913999867625535,[],
495,MIRXUI,0,Zn,4,0d670bbff20c3296943fd1080e289fd1d73fbbc67fbdd5d503d35c964c94ae07,4,100,100,100,True,True,100,100,True,True,100,True,0,8fed9d270c75d2072246a64bae2b0778b02aec6eb08417ce00b0763034011e79,8fed9d270c75d2072246a64bae2b0778b02aec6eb08417ce00b0763034011e79,0.005495399993378669,0.0001776000135578215,0.000885300018126145,[],
496,SADHAG,1,Pt,4,6057cae77afef5964b561ca984fabcbf0684fd27efc8e4394788a11b42bd1912,2,100,100,100,True,True,100,100,True,True,100,True,0,27dc704649224c40aa907734173ac809284a8ecf0cc9acf7dc9696ad24e4e86e,27dc704649224c40aa907734173ac809284a8ecf0cc9acf7dc9696ad24e4e86e,0.004869450014666654,0.00017660000594332814,0.0005871000175829977,[],
497,YIRMOF,2,Zn,4,39f56a5f3b99f035d978407a4054b1e20c34937a0e5f9492c9b1b4feda68deb9,2,100,100,100,True,True,100,100,True,True,100,True,0,0d9071f46ccca7a29c84472298bd3e30d578db4e52fa4e85d8a691002fc06238,0d9071f46ccca7a29c84472298bd3e30d578db4e52fa4e85d8a691002fc06238,0.006022950008627959,0.00019970000721514225,0.0005027999868616462,[],
498,XENGOQ,0,Ir,6,446d6b687d5038027e39f5bf4d214b0ea779959a73a0c51d2bb5142ee8fe3cb2,2,100,53,100,False,True,100,100,True,True,100,True,0,f30d79f5f6062b27ecb533b29bb6c1d8107d868cd1e1f0b2e82546a8257f7133,f30d79f5f6062b27ecb533b29bb6c1d8107d868cd1e1f0b2e82546a8257f7133,0.01575970000703819,0.0003270000161137432,0.0010823000047821552,[],
499,HIJSAU,3,Zn,6,e62362c19634410247bade45970dba76d2d90259db5f6f0f3b94f32199a7f71f,4,100,48,100,False,True,100,100,True,True,100,True,0,36e1c2331c14be9a4365af47efdf9851efc855156b82c2a4c96870ea9f9ba2c0,bcef5288dfeb0cefbaaefa6cb5cb12aff9353e6a66048de285013d75687d4e76,0.005302849996951409,0.00019880000036209822,0.0012245000107213855,[],
500,PITPEO,1,Pd,4,9a36ab6144d16c11e71e8970af06503c2f54cd6a42c51d3d2b385e8400d7cbcb,2,100,100,100,True,True,100,100,True,True,100,True,0,396bddde473f0e9d6e0a1f524dacdbddbd2f4368c800b3a38899af48f45f8cc3,396bddde473f0e9d6e0a1f524dacdbddbd2f4368c800b3a38899af48f45f8cc3,0.007695750013226643,0.00013440000475384295,0.00030640000477433205,[],
501,IYICEB,3,Fe,5,33bf8e82cc37e7442d0b6d909914ab43b6bdce352fbb764d949a92498debb373,24,100,17,100,False,True,100,100,True,True,100,True,0,c4282d4637268fd26eac146f0a01e643c71281cd01e9a0d41d4af7d4b1587b8a,60638357bd869df6fe3f355225d4d1ba8db93fa85ef0252b7dcd3311a7a4ec0a,0.0064445000170962885,0.00029719999292865396,0.005744299996877089,[],
502,LAPKAS,1,Zn,4,90748074275339e3cd640929a395bf191b7a7e5c56df8acfb4eed922bde0d86f,2,100,54,100,False,True,100,100,True,True,100,True,0,789e3e721ecb1b8c189ed818b67e31f8838fe073ee6e66b00aafbf55211adfd1,789e3e721ecb1b8c189ed818b67e31f8838fe073ee6e66b00aafbf55211adfd1,0.0017807999975048006,0.00013059997581876814,0.00032950000604614615,[],
503,AJEJIL,0,Ir,6,d1400c55c2c89ad74cf03d705c196e950f3eecb33893d3349a1e0f83dbc9ae93,2,100,59,100,False,True,100,100,True,True,100,True,0,a2fc939b3c9f8776ed531afc6c0e5eddc02f498dc9b2d694c50e7f6d544f1d11,00a8274ef83cf3aac53aa07b46148bfa91e59acaf773dd9e0897c4c7c93850bf,0.006711399997584522,0.00021379999816417694,0.000679599994327873,[],
504,RIXDOR,0,Pd,4,54e5b34bebfd9cc156adecfcf1b8505106319a1af45bf232551627623a19869c,4,100,100,100,True,True,100,100,True,True,100,True,0,bff09334d5fc4f52f9ca8de8fa9ca7b7baa2d379610fcf5baa2f6e8846c724e8,bff09334d5fc4f52f9ca8de8fa9ca7b7baa2d379610fcf5baa2f6e8846c724e8,0.0021720499935327098,0.00015210002311505377,0.0007191000040620565,[],
505,ARUFID,3,Ir,6,c84ff2ac4b12c3895f23d0c89c2393c92479fedc8a07132086a805ae90809d0f,4,100,41,100,False,True,100,100,True,True,100,True,0,5ec9f71aeb4c36ec2aebe2e0ed6833b2fbef227322a84e848e8112811be5a4d7,5ec9f71aeb4c36ec2aebe2e0ed6833b2fbef227322a84e848e8112811be5a4d7,0.00790205001248978,0.0002238999877590686,0.001297099981456995,[],
506,WICCOE,4,Pd,4,9fc5092f7205cba0a03061071d87e8dc93d02225577443d424555cf1f46e80b5,4,100,47,100,False,True,100,100,True,True,100,True,0,eac11447d4716bd5aa352811780626e587d61e2935c68eaff99aab358277ab1f,eac11447d4716bd5aa352811780626e587d61e2935c68eaff99aab358277ab1f,0.0030468499899143353,0.00013639999087899923,0.0006442000158131123,[],
507,OCUTUC,4,Pd,4,c7a4d9f3630b774374972888e37984be9f7a8d938dbcb9781c0c49bcb95f5873,2,100,52,100,False,True,100,100,True,True,100,True,0,4b4ca09c5cb43aed1bd9f14a09454d4595647aa47e96659e87e6b253d155e527,65b1e07c8c226884a349bc85ef68b49325df7e72cfbf9d941308d82bb3644c52,0.0030431499908445403,0.00016840000171214342,0.0004653999931178987,[],
508,YUCKUE,3,Ir,5,ffbab0c1a6729780c22c7d5e6902b8391581b1f784d81b0b743edc0003d3bbdf,6,100,38,100,False,True,100,100,True,True,100,True,0,18c85097a982a112398a54db41c1837ba198608f67a90ad57683b6b0852f675d,45b930f1e98ebe25c4c13176d4ae9c67bfc5a9399404fc9f6e4ed4771ffd9302,0.003756150006665848,0.0001978000218514353,0.0013854999851901084,[],
509,GIXBEX,1,Rh,6,6b54600ba0e8b14e23ca11c65eeaff02a3516b74a99f9b6d5affd3574bfb44e7,4,100,53,100,False,True,100,100,True,True,100,True,0,ba0e17b066863d98ba7a8d09182074235b46105da806bce69febc99f67edef99,74c33141c584a67ff20733c3b7eebcbd1282fb1592cc6f2106365080eb6e8ed2,0.005626500002108514,0.00021269998978823423,0.0012029000208713114,[],
510,FURLAF,1,Rh,6,d60db2b1d836a39860c0142539c7cfc670299ea9dbc61fb6ced9bf0c07b26338,12,100,22,100,False,True,100,100,True,True,100,True,0,db72ce2bec0aacc7fc2c878136465c1bf427f514ebb9b6d550b62b1c1f6e5cc6,d5fe63891b59af6e931bcb8a6179fa64052888c0fceacb73ca1c45cfb0f757e2,0.0058065999910468236,0.0002660000172909349,0.004012799996417016,[],
511,JERXUA,4,Zn,4,308f5e66cda127f6134b4c9cc659675b0b4a06a27655516bf8bc875ed216e0ec,4,100,100,100,True,True,100,100,True,True,100,True,0,786e1ad719afb79eb5b87215894a95b010a5e86b2abfc778b82f581e43875e36,786e1ad719afb79eb5b87215894a95b010a5e86b2abfc778b82f581e43875e36,0.007534649994340725,0.0002271000121254474,0.0008767000108491629,[],
512,LIPDEU,3,Pt,4,68b1be0569728567cb10ae5b1f0fc0d1bd86b2359741c181eb9b21d90c65ecb0,6,100,30,100,False,True,100,100,True,True,100,True,0,eb917a437b662fb5e31d5b643ae2f0dff5a256f4045972cc5c2969dacb911345,eaafc1ff0ababd5a9321d7c587983045d955bb137e1ecc97d08adab19eb6e65f,0.01070225000148639,0.00025919999461621046,0.0017532000201754272,[],
513,ZOGJEK,0,Ag,4,e06c4ca6e86603b087bbbc69d328535e1b06f64432db597d1ad95954699511f6,2,100,100,100,True,True,100,100,True,True,100,True,0,388c473efda19ea83406af54d74f46b925b93bc2810e61dad69d83efc7e9d5ff,388c473efda19ea83406af54d74f46b925b93bc2810e61dad69d83efc7e9d5ff,0.00393659999826923,0.00013830000534653664,0.00037799999699927866,[],
514,ASUCEW,1,Zn,4,ddfaa511d52d5591be425f77fb4777a8237639292c725a24bf81036ed7f494bc,4,100,48,100,False,True,100,100,True,True,100,True,0,d596993ad0263d703070ad029171dcdd004b4435fab08b902df8695f1f21eda2,d596993ad0263d703070ad029171dcdd004b4435fab08b902df8695f1f21eda2,0.0022552000009454787,0.00014970000484026968,0.0006267999997362494,[],
515,DUBVUU,0,Pt,4,c78026333ff5305d821be8473db6a967a681d8c816580f6958fbeaa55d8b762c,2,100,100,100,True,True,100,100,True,True,100,True,0,9bd492b565fa6739a420c77af4a8db2ecd7f7d22500b6c1dee0def78eb7ec0c8,9bd492b565fa6739a420c77af4a8db2ecd7f7d22500b6c1dee0def78eb7ec0c8,0.0022374499967554584,0.00014029999147169292,0.00038759998278692365,[],
516,BEAMNI,1,Ni,4,84d2a343f11a198a13433d86e90de74ccb88ea462b0f8afc72b31c2ee94899f3,2,100,100,100,True,True,100,100,True,True,100,True,0,18dd20b2957e6daa82cbbb8f553685a2691e52c9ae6a515c9e630e6f6dca8437,18dd20b2957e6daa82cbbb8f553685a2691e52c9ae6a515c9e630e6f6dca8437,0.004442899997229688,0.00014859999646432698,0.0004083000239916146,[],
517,MUBBOA,2,Pt,4,92477fce6c8bb6719c691f5fbba185869ae52a5643d6723c09a3b8efd07a5361,2,100,42,100,False,True,100,100,True,True,100,True,0,a1d030e3eda30a3dd68fbb3539a9784b14c9205c9c0c5a78153642be8ebc72c8,63485daafc7fe5edca661ee06161bd9033f108a30febece0ca436a348595bd10,0.00823110000055749,0.00016299998969770968,0.00043089999235235155,[],
518,OLANUL,3,Pd,4,5059e469ee6ccb78e0f3b11418f6653e4088c126e4f4d823eb4b41b4e4bfb20f,4,100,51,100,False,True,100,100,True,True,100,True,0,6bd0c844fcf0840fcb12714062ebc01c66152e3aa37142fb528c73cc1d2140c4,e747a0a5d01e1153cba75e98111671c46349e5c6725b11a4542cbddf65e1b29a,0.004686600004788488,0.00016500000492669642,0.0007270000060088933,[],
519,DAKNEI,1,Ni,4,bea3424e6a519f08a55556c98d98f132e90ea042d2a09f1da1686c4154962d5a,4,100,100,100,True,True,100,100,True,True,100,True,0,bf4674af152e993914ddabb640d8fcbe717b7e68a5946f411bd1d128364d1a35,bf4674af152e993914ddabb640d8fcbe717b7e68a5946f411bd1d128364d1a35,0.003960900008678436,0.0001407999952789396,0.0005157999985385686,[],
520,KEHKEQ,1,Pd,4,dddda8b5a9c00341b5d8cf07fdfe4379bcac50b71ce8fe96f8f84efe4904e8cc,4,100,50,100,False,True,100,100,True,True,100,True,0,752f658f696dc5891c04195f818596c29db4aa3d12bb3e05588578f0c39d111a,752f658f696dc5891c04195f818596c29db4aa3d12bb3e05588578f0c39d111a,0.006181700009619817,0.00016269998741336167,0.0007291999936569482,[],
521,EGEXOE,4,Pt,4,163e7c3749e2912e3172e9080cacbbb9a7d902bb3a2a8617a1915b5c98e6ce24,2,100,49,100,False,True,100,100,True,True,100,True,0,d780a3fccd01d7667a595cca697e939cc0b0c43490a09b22f9a1365c79e5b74e,d780a3fccd01d7667a595cca697e939cc0b0c43490a09b22f9a1365c79e5b74e,0.00414699999964796,0.00017529999604448676,0.0005501999985426664,[],
522,MEMBIP,0,Pt,4,4d68fda7144d4befb6a42f5c1099eae587783cc5665183a23a65ee6cde358f3d,4,100,100,100,True,True,100,100,True,True,100,True,0,a56d4889d7cc63955309d912ec63be14503986302b5a8af4084f7c0dbcd10672,a56d4889d7cc63955309d912ec63be14503986302b5a8af4084f7c0dbcd10672,0.0052028499922016636,0.00016599998343735933,0.0007288999913726002,[],
523,AKOGIR,1,Zn,4,18e9a245c5bd196a8530f4088b92b1fa2883a38c233deff3960fe6fc3b921643,6,100,100,100,True,True,100,100,True,True,100,True,0,724a43d35826889125d632cd6e6bf73fdc0fa90ba36c31c3a3269cd8fd2f80e9,724a43d35826889125d632cd6e6bf73fdc0fa90ba36c31c3a3269cd8fd2f80e9,0.0010405999928480014,0.00014409999130293727,0.0008275000145658851,[],
524,OGAPUJ,0,Pt,4,87769adc39f208a904b924682c8530c2bdeb8eec6f82ea3df428869d41407edd,2,100,100,100,True,True,100,100,True,True,100,True,0,54e3f617dd0431296fc951bb4082961a90e3bf05d0c4bf0ebd15b055808f70df,54e3f617dd0431296fc951bb4082961a90e3bf05d0c4bf0ebd15b055808f70df,0.0033441999985370785,0.00014289998216554523,0.0003992999845650047,[],
525,MIBDOS,3,Pt,4,eda6e57fdc368a4cf73125e9edbab988b67f8635715b92576d0f0340c41a5044,2,100,100,100,True,True,100,100,True,True,100,True,0,8f3d498329cd2a75066e319f20437ef61b24d9d62085d7503a65e91826a514bf,8f3d498329cd2a75066e319f20437ef61b24d9d62085d7503a65e91826a514bf,0.008647200011182576,0.00017809998826123774,0.0005357000045478344,[],
526,CIWXAH,3,Cr,6,eed0a8ab2397b1d7bdc6fb66531a374986036b498ee5a99cf0810afd753fe1ad,48,100,29,100,False,True,100,100,True,True,100,True,0,67113cddb7aabcfc83aee286cc6d3b9663566f3839c5b556f1dfb6ad1de99a9d,74fc209981c7376a814e7f7a5f5f095da289bb35bd848d9c7eee8d3981d0939a,0.006380200007697567,0.0002564000023994595,0.01574360000086017,[],
527,QEZCEE,0,Pd,4,b94decb7a5e4346967b9c6b8202c85d6d04e4cc6ae0612c50369baff7b70e82c,4,100,51,100,False,True,100,100,True,True,100,True,0,7ab5b4f3ff570894a9ece3edd710eb8d2abba342c87194d0987557dadb52824a,7ab5b4f3ff570894a9ece3edd710eb8d2abba342c87194d0987557dadb52824a,0.0038105999992694706,0.00016570001025684178,0.0009563000057823956,[],
528,EVAGEN,4,Rh,4,0f26c1e7d6644836e972d56184af0393b23b9f3e95ef71aedbd1e662947efd4c,2,100,49,100,False,True,100,100,True,True,100,True,0,2ab681bfad3fce2e3cf22ae95bebd249ee0b1a6e96fb445b9524748c622b9ad5,6043928c82a072957e9bb317eab9f2855af26521ea64682ec1bb1efdf736ceb9,0.004073249991051853,0.00016670001787133515,0.0004626000009011477,[],
529,DUJTEK,0,Zn,6,c3ab237ba774272e7c0c916aabefd751b97ae286060b792f1c1bb38a2f6a27ce,6,100,13,100,False,True,100,100,True,True,100,True,0,8eb71c3287bbf066d9a0f3c669ca6b3476ba916f1063bd8600865f5dbc9d4071,00a95a1b6f0490647e8a3b9d5e063178172789e7be05ee9d7e1f93e82de13f8d,0.008885999995982274,0.00020740000763908029,0.0016058000037446618,[],
530,HIXLOS,4,Pt,4,6a28180277a6432e20fc8d8fb4a780f9556c2adb673e64135e679500c9e8d274,2,100,53,100,False,True,100,100,True,True,100,True,0,618517bc43a5bb216c73568db3db7d2394dca7cb4e630274abf535d6ef2efa1c,618517bc43a5bb216c73568db3db7d2394dca7cb4e630274abf535d6ef2efa1c,0.0017786999960662797,0.00014699998428113759,0.0004206000012345612,[],
531,BUFMEX,0,Ir,4,e2ea6ff7501ee4615dc1fd39840ebb299845110f8cc1e39492c3c20038a0df31,6,100,23,100,False,True,100,100,True,True,100,True,0,abc4514a0aadd65a26c5c8905483bcf182c2232feead4850a760e18a81c1ad5d,36797966bf9e70cc58796ddd7788fd17725a66416f794dd0a2ec35eeafb54341,0.007682199997361749,0.00017699997988529503,0.0011450000165496022,[],
532,TUGXOK,4,Fe,5,a655214d850ccaba0d2820ffcd2b402c8643eb233b4954714e843e66d808f065,6,100,33,100,False,True,100,100,True,True,100,True,0,c023f6d902349df474ba890faf8af82d64d45ef1cb7b5af3d573120a67cb86dd,fa493745a3094a6537fbdc8101d4a1f13330ad99520f74894094a87242e58f4c,0.005760250001912937,0.00019099999917671084,0.0013174999912735075,[],
533,BERLOC,1,Pd,4,ab88b0c80579c829772b9b1de194d698609fecd2ef40e6208e6a0caa7169edbd,2,100,100,100,True,True,100,100,True,True,100,True,0,4654bb3d5c5b0db4719fcdaeb458e6246ed7bc7ea8e68dd488635a47c3ef5283,f51c0931100f42283ac272930a34937e768f9eadf2bea729059bf479537e2a70,0.004779950002557598,0.0001638999965507537,0.000521100009791553,[],
534,HOVRAO,2,Pd,4,8c8112f45cc67b6b8989aa05e8571f0fe69e116f994761a56723b6d44b74e1dd,2,100,43,100,False,True,100,100,True,True,100,True,0,b28ff772a7c6e389601c98dc938821445170eeaa2d4d59b5aa0907b3095dda8f,66bf2a6d3b97a0e66cce0ac2dff3ff763c7774af3a24401a2eac5733dd780e4c,0.0017047499859472737,0.0001543999824207276,0.00044650002382695675,[],
535,NUVPOK,2,Cu,4,040e9a43313ecfae242cdd200756ecd941d20c54e260914b3caa923d4d1d22e4,24,100,100,100,True,True,100,100,True,True,100,True,0,a4a49f1e507f860486832b252205efffd1ae483e79390290b34a653ed6a52593,a4a49f1e507f860486832b252205efffd1ae483e79390290b34a653ed6a52593,0.00781700000516139,0.00014980000560171902,0.0030260000203270465,[],
536,FEHDOM,2,Pd,4,f41ec465b11cbe7c3fe8ec220062b09aa8046de66faf516eb8d52a9c9f91bbe6,2,100,100,100,True,True,100,100,True,True,100,True,0,fafe5c9da3842eae33442340a6edf382f9ecff67cf626de2037c081749bc5940,fafe5c9da3842eae33442340a6edf382f9ecff67cf626de2037c081749bc5940,0.0036628999951062724,0.00022950000129640102,0.0006894000107422471,[],
537,KUKNIO,2,Ir,6,94045c3a9b1e1d23cc797b42b91829d22351a45c19cb326a3c2cf5780062aaff,24,100,13,100,False,True,100,100,True,True,100,True,0,1646fe15ed8199c26955159de5c4c8f9a7d1b619b7c08363bf006ae3b7cc4b18,6d5d48c03b54b50b0511c117ccbd80cc8b5dee51f86ffe1b1688220c9d94a97a,0.006207350001204759,0.00021280001965351403,0.004949599999235943,[],
538,WABKOZ,4,Rh,5,41ab7c4f6ff3677c21aaee43dd3841d75f9863b82171d13f4905b4d9faeeef2d,4,100,100,100,True,True,100,100,True,True,100,True,0,07260aa9b8c4e46c971eb0a861a8b7a20d62babb12278e8536c9cdd6f53db268,07260aa9b8c4e46c971eb0a861a8b7a20d62babb12278e8536c9cdd6f53db268,0.0075926999998046085,0.0002007999864872545,0.000977399991825223,[],
539,VILGOO,1,Ni,4,beb0ef5f878e13a8995f783b6ebe22ef55d679344e9226103017700d71ad01cf,2,100,55,100,False,True,100,100,True,True,100,True,0,968e0d97f65012c0db872a26ae301e802263e5819aa54b697d904d17ed9725b2,968e0d97f65012c0db872a26ae301e802263e5819aa54b697d904d17ed9725b2,0.006818500012741424,0.0001734999823383987,0.0004791000101249665,[],
540,LUDREJ,1,Pt,4,2801517b3968f828ecc423fafd890ea5f802e4c9ef9012a97f827ad159852bea,6,100,34,100,False,True,100,100,True,True,100,True,0,9289e0f7e5a409d06bed92c6d8b5811795d136b7b8aa0a022a83834d84e50625,4826b8790bad92470e19cabcfdb7a3499d436ac45f596098437fbb83f98abb48,0.0014101499982643872,0.00018339999951422215,0.0014014000189490616,[],
541,MAQVOQ,3,Pt,4,0a3efb9909fc503e6312620031ef6f35301e5fa26b91fb3e8ca731aeeb00f053,2,100,100,100,True,True,100,100,True,True,100,True,0,328ec508b2f015438146dbc7e77ef45849741d4ddd36066a0f9b39fa0f095991,328ec508b2f015438146dbc7e77ef45849741d4ddd36066a0f9b39fa0f095991,0.005706799987819977,0.00012550002429634333,0.0002795000036712736,[],
542,YATXIC,4,Pt,4,de6e45ddf4ddd48aad366b35374c7fea7efa7b86d33914ba10731b5746de7bed,2,100,53,100,False,True,100,100,True,True,100,True,0,1459b2fcd0ca85c2b2a7f6eb53117836c27b65fcd0a3d56fa8eef1d774b88d98,6c562c481c650c3cca3c2e147cd95ff87d26a52a531c3657c95530c09ba46536,0.0021066000044811517,0.0001576000067871064,0.00045510000200010836,[],
543,PEQWAM,4,Pd,4,945de965d84245fbf6b2c92fa8cb795150a95706a3bda141d5c3bab8a35f2c2c,2,100,46,100,False,True,100,100,True,True,100,True,0,ce1940ee58a6f60d23b1d090f0542908da902f0cda778285722f1c2dcab59b6b,ce1940ee58a6f60d23b1d090f0542908da902f0cda778285722f1c2dcab59b6b,0.0044343499903334305,0.0001592000189702958,0.0004369000089354813,[],
544,JOPHON,0,Pd,4,9f66af4793dd5b480ac317dd89b22d3727e9d7ff3736b08212ba0c97f37e7366,4,100,100,100,True,True,100,100,True,True,100,True,0,6b8a0b5cab91426de7b4f9ad9f31ad2c05820b87d3f69f3497a24c27f0360af7,6b8a0b5cab91426de7b4f9ad9f31ad2c05820b87d3f69f3497a24c27f0360af7,0.005716300001950003,0.0001638999965507537,0.0007621000113431364,[],
545,GOVPOZ,4,Ir,6,09c6e617920aa3c20fd33f4ec82111c449fad5b377a39e5ed623d2ff6fa700f8,2,100,45,100,False,True,100,100,True,True,100,True,0,84570f855036f2c9273ec5ea3ad544310f1cdbd48e46fc2ee06cc2b01fc34dcf,022866dc6801f0f02a7432faa7330baf861a8964f64e3b4828b52939eee329f8,0.007045600010314956,0.00022020001779310405,0.0007094000175129622,[],
546,GOFTUQ,1,Rh,6,c63a33ae67f57faf8b163a727bb5372ec4ee8514b5a3b44914a99ca3898a7474,24,100,6,100,False,True,100,100,True,True,100,True,0,b5095843de6a63be98d7fa3b08f28e411c9497acb9175e720d7f155929b7ee83,68ac0e7c1166cf2fb6bfd0812683a4302d244b5168c0449dada36c04e486a9cc,0.0056834999995771796,0.00038529999437741935,0.008500299998559058,[],
547,GOFTEC,2,Pt,4,02b8508bbf482bdb125872d67b738e7978c26c523c8cfc33ac712324187ac702,2,100,45,100,False,True,100,100,True,True,100,True,0,308651ebb776d8dca5f9b8c247aad61dee1a2bc8e84cc0bcad96e74949ad5263,308651ebb776d8dca5f9b8c247aad61dee1a2bc8e84cc0bcad96e74949ad5263,0.003534649993525818,0.0002364999963901937,0.0007320000149775296,[],
548,XUJKAR,2,Ir,6,ae85229d397681b1994cb6fdb4f06fb85c1f763074277c80bc14869b72cba2ef,2,100,50,100,False,True,100,100,True,True,100,True,0,651ffbf4fc7f0deab7ff94b8bb1403bdff0fedff9447419a8dbfbb2b564453a0,651ffbf4fc7f0deab7ff94b8bb1403bdff0fedff9447419a8dbfbb2b564453a0,0.00658950001525227,0.00022280000848695636,0.0007113000028766692,[],
549,CIKLIS,2,Zn,5,03631f57bdd08388e4f7743cdd4fb0892535fa2f9f88112a261689743f876082,2,100,100,100,True,True,100,100,True,True,100,True,0,9a567e3a0914993541b34fc6ecb9b69ec4180a7326e07d38c1de253bed328b0d,9a567e3a0914993541b34fc6ecb9b69ec4180a7326e07d38c1de253bed328b0d,0.005337400012649596,0.00017259997548535466,0.00048480002442374825,[],
550,FORNUV,0,Pt,4,44bd59e7176ae4d3f495cf55b88a4fc4959200e1f32609e4ff940bf11333ab79,4,100,58,100,False,True,100,100,True,True,100,True,0,761a134e92c201b4d6118cb5f5fa701930518c9eb71040ad84323de298ecf7fb,acaa3cec4dba242724992806086d5b43059cbd2f06670cb12c04b293e30cfa2e,0.004343000007793307,0.00016339999274350703,0.0006921000021975487,[],
551,JECLOW,0,Zn,4,e1645a9a3108472860c3f168b060de151d1e5b4c39a7798ed8ef31c5a43d0e55,2,100,100,100,True,True,100,100,True,True,100,True,0,d0ca614bf0318c2bcdc57953c2660b42b34be499320d70eb3c94083643a5877a,d0ca614bf0318c2bcdc57953c2660b42b34be499320d70eb3c94083643a5877a,0.0017692499968688935,0.00014409999130293727,0.00036669999826699495,[],
552,OLOSOA,4,Ir,6,e7b23f6677b70ca7a99620000e81803784f9231e70efd7c8a9d1f492635bfd5b,2,100,47,100,False,True,100,100,True,True,100,True,0,ee5b04f962c0131be56626bb1063614e160e8e382e8bc1caae35df06ad5085dc,ee5b04f962c0131be56626bb1063614e160e8e382e8bc1caae35df06ad5085dc,0.01101349999953527,0.00021949998335912824,0.0006976999866310507,[],
553,ZEMPUF,2,Pt,4,c6656054a031e277463434ff85650178046469b82b999d6ba5d91606334c31b8,2,100,42,100,False,True,100,100,True,True,100,True,0,8c3f79dd09d505b0648f54c14136eb0820d6b8dc8e550c177a25ca323a157d48,af81f6c4846a0944f09adc54421e3508da1c7fb8a5a0b7a703c6999dc157a541,0.008969150003395043,0.00026300002355128527,0.0007810000097379088,[],
554,LIRZOD,1,Pt,4,ae51ef79f1e177d4c167ba9c0f5b6ac70af81c6e95f2988a2b6ca639c23f7654,4,100,100,100,True,True,100,100,True,True,100,True,0,3c0dec032f082c671dd39a134b334902285433c6ade880370bb50171aaf2fbc2,3c0dec032f082c671dd39a134b334902285433c6ade880370bb50171aaf2fbc2,0.005945749988313764,0.00017189999925903976,0.0007614000060129911,[],
555,LITXAQ,1,Pt,4,f4549f6c7ad8c1a934378bc29ea1b3d5962adfdd1e16e72ad17639bd93197fa2,2,100,100,100,True,True,100,100,True,True,100,True,0,a221171b7c9266834a51b427b5090810e660a7eea57f4e93ad1b2b18b8813eef,a221171b7c9266834a51b427b5090810e660a7eea57f4e93ad1b2b18b8813eef,0.00503664999268949,0.00016090000281110406,0.00043200000072829425,[],
556,IRIJOI,2,Pd,4,9e13aa90becd2d8a2933b37da952b12f16c3685f27c4ba9890fd30adbc09363d,2,100,56,100,False,True,100,100,True,True,100,True,0,115a681760ea6f1f70317eaa7cb3934a28860b00d47d4c0c98b15da691f0226b,156fe1635c0a8c6b6f609b6bac1ccf42fed279b680a573926e979930b570bc5e,0.0066217999992659315,0.00016230001347139478,0.0004445999802555889,[],
557,RILZET,4,Ni,4,334ff21533826327e583d27c74912697459d8b8d520615215a3cb855cb7a0b09,2,100,53,100,False,True,100,100,True,True,100,True,0,f4e1b09c566b6d1f1534710574183bb423b109c111efccffcad0b7d1e5b69751,0b03f453322682950abb407e1c791d7816cbc1dd24b21d164b86a8b4d596ae0c,0.00794369999493938,0.00022749998606741428,0.000529499986441806,[],
558,RUZCAR,1,Pd,4,0b7ac3205d015eeea142d154d63a95708e244a63fa1d860c06ecdd4922c1fd84,4,100,100,100,True,True,100,100,True,True,100,True,0,7ac3d45828cac0e189b3b5901d8a382bd3b9f71c5cfda76b0beb347a4a247e2d,7ac3d45828cac0e189b3b5901d8a382bd3b9f71c5cfda76b0beb347a4a247e2d,0.0028477500018198043,0.0001655000087339431,0.0007764000038150698,[],
559,BAZZUY,1,Pt,4,9f56f28003696a8ed268dd54f871bae6079a9e7ba8fc743781a900debfcd90d6,6,100,36,100,False,True,100,100,True,True,100,True,0,312eebc9dbd3a51fb70192ecdfb112f0792f602bbc7c3062296634d6ea387b2b,d4e44d3b30b330c4c54312446263f953d1c7990a0d496683342be7151d35aa53,0.0020818499906454235,0.00023940001847222447,0.0013685999729204923,[],
560,DEFPIN,4,Pt,4,854e78e3508a8533d35a6b85a7db12cb550d666ae206f2436ba64e2370b44952,4,100,51,100,False,True,100,100,True,True,100,True,0,0f6b4a20ecfec1fecb0970a30f594300730ce601db9d3fe76535cbf5ffa80c25,4db9f34399493f911e0fccba6ce78f301c2bf10fe79980c79fe215b410f7620a,0.0019534000020939857,0.00017499999376013875,0.0008323000220116228,[],
561,RANQUU,1,Pd,4,a3c55ab14a44c41e415222db278accc46b9914f2ec54e49f4b268db7b2eace17,2,100,100,100,True,True,100,100,True,True,100,True,0,88cb45b50ae55d71dc2ed0d7aef4e071dbc08bf88ab7a66a015e77c30179a26e,88cb45b50ae55d71dc2ed0d7aef4e071dbc08bf88ab7a66a015e77c30179a26e,0.003201749990694225,0.00016880000475794077,0.0004621999978553504,[],
562,XIKNOV,0,Pt,4,bc1b5b251f6e0b15a6fc33feda9d0c47c56260dec503e2e4802dff60515a46f8,4,100,100,100,True,True,100,100,True,True,100,True,0,e3977d0a53aff72faf5dab2db17b68ba1d627c827921c3644296ba586820184d,e3977d0a53aff72faf5dab2db17b68ba1d627c827921c3644296ba586820184d,0.007811299990862608,0.00013780000153928995,0.0005036000220570713,[],
563,LIGKAO,4,Pt,4,2aa4347cad011fa2072e5a6bcd85988e2b6ed97f6af97bb6c0110003a03914b5,4,100,58,100,False,True,100,100,True,True,100,True,0,c0f4afd05b7e0caae3a717bc8e4738db50e1e8638ce1e386cf0cbc104a7993a0,9b936269fc38b55377352324d8eb6c1ff7c3f5eaeba560be5f086324f56a7037,0.005151200006366707,0.0001705000177025795,0.0008291999984066933,[],
564,EYEDIW,3,Pd,4,0bbbe582e52fc767dea3aa6a39d57ae461e038294e5443cc0718bb2ee982ef2d,2,100,50,100,False,True,100,100,True,True,100,True,0,a8437d7cdf0e231c7e5bd490623804a9f6c3d32ed0799edfffa1d460454b85f9,a8437d7cdf0e231c7e5bd490623804a9f6c3d32ed0799edfffa1d460454b85f9,0.001688000003923662,0.000142700009746477,0.00041710000368766487,[],
565,NOMXOE,0,Pt,4,d82162cdee09dd7b8eb676e57d8bdd64595401098d99fb3f610ece832e37972c,6,100,39,100,False,True,100,100,True,True,100,True,0,77a31adbd8c6c83d57e109aef55aba58030f91f903229f71011e487a81971b44,62627a7cdee308f9cdfde3c344412d3423a612e12d67822437cf8c8117115c8e,0.008632199998828582,0.00018319999799132347,0.0013242999848444015,[],
566,ZOLMUI,3,Ni,4,cab09fc432e4d60913cd85982513f3f520697ee21b0b9e28f40bdc0a3621afbe,4,100,100,100,True,True,100,100,True,True,100,True,0,7c127089131cf4503da52b74f50fe1a98cee1d503f67d48b0ce2d7d361827701,7c127089131cf4503da52b74f50fe1a98cee1d503f67d48b0ce2d7d361827701,0.008641050008009188,0.00015360000543296337,0.0005762999935541302,[],
567,QOFFIA,4,Pd,4,ddd587513c625384db8838ac153ff4424d639e07415cbf9597ac6f66cc5c5616,2,100,100,100,True,True,100,100,True,True,100,True,0,e296c5454e22dc8dda04f4ac5bd82da62b59d6fb421c88ccdc8d4393a674953c,e296c5454e22dc8dda04f4ac5bd82da62b59d6fb421c88ccdc8d4393a674953c,0.005573550006374717,0.00022339998395182192,0.0006732000038027763,[],
568,WUWBAT,2,Pt,4,fec7439ef249c7752398c52cc5c1c2329b2a531d83cdb7f64a737d06f0f07854,4,100,100,100,True,True,100,100,True,True,100,True,0,a97f4c62067770be12a119f15384c9028ab930384ccd7c039a7c4f3a7bcd5f86,a97f4c62067770be12a119f15384c9028ab930384ccd7c039a7c4f3a7bcd5f86,0.0028462500049499795,0.0001742999884299934,0.0011257999867666513,[],
569,OCAVAT,3,Pt,4,61d1f0cae4f14ec7df7de5c29213fa2987111762fa7a862bb7616fba321018dd,2,100,100,100,True,True,100,100,True,True,100,True,0,d1598a5538aab8669e28e823bb054a2e7013cb8b7801299c6cf6ae4a4641c526,d1598a5538aab8669e28e823bb054a2e7013cb8b7801299c6cf6ae4a4641c526,0.010505600002943538,0.0001855999871622771,0.000512500002514571,[],
570,PENDUI,0,Pd,4,19746b7570d24e7541f9d888b95370cb2f81cd851a6c4d15c97bc515692ede9f,8,100,100,100,True,True,100,100,True,True,100,True,0,ed0afd693ae15628df67cb9f4bf5cd14f243bd2e81d40b77a84244a62fcfe13d,ed0afd693ae15628df67cb9f4bf5cd14f243bd2e81d40b77a84244a62fcfe13d,0.004282750000129454,0.00015259999781847,0.0012486999912653118,[],
571,UNONIX,3,Ir,5,9c3b3e1931979813322084704757dcd83d79cb334eaa20048d63951310d7b5b0,2,100,100,100,True,True,100,100,True,True,100,True,0,d7df3ad7851ff774fadb6703dc548760ab50697dd031b44bd59a5dcbae0ffd19,d7df3ad7851ff774fadb6703dc548760ab50697dd031b44bd59a5dcbae0ffd19,0.009285849999287166,0.0002502999850548804,0.0006423000013455749,[],
572,KAFNUC,1,Pd,4,c92ef0c330c6443cd9657a69b7c9d0d28949588c0598eb5fa412cabee73769bb,2,100,100,100,True,True,100,100,True,True,100,True,0,cf027c301fc9872b96b6936aac34625c376ac28107d021f721cd5279cc01d7e2,cf027c301fc9872b96b6936aac34625c376ac28107d021f721cd5279cc01d7e2,0.008364850000361912,0.0001841000048443675,0.0007373999978881329,[],
573,CALDIF,1,Pd,4,ab90590612e5f668a60d5aa971f66f6fac0bfd1aefd2e5128f001e6f79cbd799,2,100,43,100,False,True,100,100,True,True,100,True,0,cb391a3f0f10f94ea70e3ec270ad5166754c0b14ef39b88ca11803232eadb969,cb391a3f0f10f94ea70e3ec270ad5166754c0b14ef39b88ca11803232eadb969,0.0015859999984968454,0.00013749999925494194,0.00039250002009794116,[],
574,KIJSUR,2,Cr,6,22f32b30607429917729d4cc35e85edbca267604cf822881d53dbfd9d95619a6,24,100,10,100,False,True,100,100,True,True,100,True,0,669545835c93b2e0f81b78b2e5fdb2318db5a93057cd96ba7406cd19900c2db0,777fc540c9faa228a577daaaa6a406024316c7c4211273ad94bf4e096c66b461,0.007540750011685304,0.0002452000044286251,0.007466499984730035,[],
575,SAGLIZ,4,Pt,6,173ef068ed3e8836ffabf929cdd8b32a878882748d11a1b6988a18b8b3a7b160,2,100,100,100,True,True,100,100,True,True,100,True,0,9ac6c0afb9dfa953aad3b1834393a507c83eec40b5afac91de3f8f895f583fc0,9ac6c0afb9dfa953aad3b1834393a507c83eec40b5afac91de3f8f895f583fc0,0.007475200007320382,0.000225800002226606,0.0007473999867215753,[],
576,OZIPOF,1,Pd,4,ca901ae84912831210be10fe8b6d4a2eff10f6e4ac3dbd68de6b0fa97cc21441,4,100,48,100,False,True,100,100,True,True,100,True,0,fd893f3b29d7d63db5ea24c331e4122bd455a7ccf20c0d7ff001db9773052da0,27cc9b77b5b0a5b7b221bddba211b2302bf3bb34dcd633abb870c2a5cd960b1e,0.0018757500074570999,0.00015999999595806003,0.000767599995015189,[],
577,SIWYOP,3,Zn,4,ad187789ef68fddf42f0fc04fa78368d2e3b3231ecd435883e597313ded5fe78,4,100,48,100,False,True,100,100,True,True,100,True,0,7075f445180d32780b1631f0030c4fe0eadb8deb89db5c7de61adb5cd1ccb599,7075f445180d32780b1631f0030c4fe0eadb8deb89db5c7de61adb5cd1ccb599,0.0044323000038275495,0.0001736000122036785,0.0009330000029876828,[],
578,OGABIK,3,Pt,4,f5649efc09a280de5d447f1a5bbbcd2513fe8c0b9aa9e7cce71be8060930984e,4,100,51,100,False,True,100,100,True,True,100,True,0,13ca1ea883af8e8be89c35f47a32504752a113c9e3da1a302671e9fb3205ab10,cada63e9c06a33bb167870b096900d4aa23e44299dc718d560731a52f06a4d4d,0.01045200000226032,0.0002595999976620078,0.001265900005819276,[],
579,ODADEF,1,Ir,6,7cf0e6063f83df34ba75917f1be77feb4a69d94117c390d87a26c460831b40ad,2,100,49,100,False,True,100,100,True,True,100,True,0,b18ef22ff3f79c9e33d2af8141aea38de69269b71dd48bda66194f13a66d74b9,0cfd646ae572db0eaf79eef4b803c53979647e7a96cf15412ac3dceaed6b2e64,0.008911249999073334,0.00023010000586509705,0.0007156000065151602,[],
580,VEKFUQ,0,Zn,5,6e3813db759d84c9523c1fe47d3f7f81f9dd67a632d68e717e0ea158eda1f17a,2,100,50,100,False,True,100,100,True,True,100,True,0,a71a770307f809887605267e39435153b0a5205d7db687d8bc420ecb6717e619,a71a770307f809887605267e39435153b0a5205d7db687d8bc420ecb6717e619,0.0027535999979590997,0.00015549999079667032,0.00041959999362006783,[],
581,FEGRAN,4,Fe,4,a98b0895538c9f44a5e33ae578d0c8b499378a3fc4a16c889d08043133d707bf,4,100,47,100,False,True,100,100,True,True,100,True,0,c72d66e7d190862ba7b76f7f9c7fa4390abd56cc8b830635ecfa4537a165d4aa,25537066e3fcde000e573a002608c0b5c39aab63a319f399edc9c7be1cdaf80a,0.005373450010665692,0.00014799999189563096,0.0006009000062476844,[],
582,BATTIZ,2,Pd,4,a242f20301f0d3f21d54810b00dd13270e2b3c087b7de123aa2b7fadfc5a73c8,2,100,45,100,False,True,100,100,True,True,100,True,0,ab74bd7d51768868b16b46e8e1f56e06fbf6840c83a84c9e46a268fb941e0a33,e0c66cf4b7dae9fb898354e88cda5b5d06b27f82b068b1fd853033660d78e58f,0.0018080499867210165,0.0001495999749749899,0.0004257999826222658,[],
583,LANMIW,4,Ir,5,973bc251c4cec500b93b521c4b27363820277b51a95a810bc9004d0fb4c89a8a,6,100,37,100,False,True,100,100,True,True,100,True,0,3e9ba7210f91fbd8d1401b8fee7bcc61169e68541fb2fdda52656c96cd84fb5e,1abcb2caf92d34da903d8874525c5e5e053b81d58f866e11dedaed55040b87b1,0.0033005000004777685,0.0001860999909695238,0.0013290000206325203,[],
584,GUQWOE,0,Pd,4,391304c254a9fa102ecb2cd9c38b1813732b3e0b0b9cc636bc1b6735dc8d6f62,2,100,100,100,True,True,100,100,True,True,100,True,0,9a25d8170ede7a363cab7de7834dbe95d8ad0bab62c5df772c913dd9640b53e6,9a25d8170ede7a363cab7de7834dbe95d8ad0bab62c5df772c913dd9640b53e6,0.0068028499954380095,0.00016640001558698714,0.0004852999991271645,[],
585,IKUPEK,1,Ni,4,b1dc7b261a9bd8c1bd59deaa789c33139b3d4dcc95f11c599272fad179f89a76,2,100,45,100,False,True,100,100,True,True,100,True,0,9273aa5b80cc4c560d705423eb39bfd5e64559e057fc9195d0f6abdf489f5cc6,9273aa5b80cc4c560d705423eb39bfd5e64559e057fc9195d0f6abdf489f5cc6,0.005088399993837811,0.0001686000032350421,0.00046820001443848014,[],
586,DOQGUN,4,Zn,6,a16ccf9a5ccb9efc240538b4088a86ad82b48f9cf7411e4aa975370b78f25dad,2,100,100,100,True,True,100,100,True,True,100,True,0,277f7bf1d5c78593b457a58ed5cba8165111787c91f428785e7833b18f62502f,277f7bf1d5c78593b457a58ed5cba8165111787c91f428785e7833b18f62502f,0.009883649996481836,0.0003006000188179314,0.0010312999947927892,[],
587,WUCCIJ,0,Pt,4,0a576ef143180d1e093f779f8fdeb6c91b2507ad6047dca964f9a5b60d86c676,4,100,100,100,True,True,100,100,True,True,100,True,0,21b0d961d728c28ad40de6b17e1aef44de3373a9fd837c6df4efe2cbc9074cd7,21b0d961d728c28ad40de6b17e1aef44de3373a9fd837c6df4efe2cbc9074cd7,0.007717699991189875,0.00017219997243955731,0.0007612999761477113,[],
588,LONFUR,2,Ni,5,6a62cb70b746e808cfc6cc75b3f3ddd00ad58a6f9ba15dfe078673d130a02a0d,6,100,42,100,False,True,100,100,True,True,100,True,0,baf7c2720499a7c4a545cc9869bc13ec1ac012ca2f47c9090d1fe78af76da28c,32131d8055de6e6662e680e4b65e82d5c7b10c0fcfcc2f0d911f2b2ba297c59f,0.006949700022232719,0.00016910000704228878,0.0009451000078115612,[],
589,WIPZED,1,Pt,4,3f4760b52f277477da9786fc7b308da4022c40a2ad6717c5e9e71b58cc327f92,2,100,54,100,False,True,100,100,True,True,100,True,0,7be0632b5c01345d5e97c6d7ddbc19f031ff7da8caeb248cf6cff8647fe5a391,7be0632b5c01345d5e97c6d7ddbc19f031ff7da8caeb248cf6cff8647fe5a391,0.0021919499995419756,0.00014799999189563096,0.00042130000656470656,[],
590,YOZFAV,1,Ni,4,5d2e09ddae1667b97ab17fa086c912b1c7614a4bbd1cc6a04e49e2d30f394086,2,100,100,100,True,True,100,100,True,True,100,True,0,d788fb943450c86ee04d944dd9a4ce89705343bab97f2bfc1f3353b14b9321f1,d788fb943450c86ee04d944dd9a4ce89705343bab97f2bfc1f3353b14b9321f1,0.003940750000765547,0.0001466000103391707,0.0004158999945502728,[],
591,JACCUP,2,Fe,5,fdd946842409661dc2dcc0644ca7b213e5e69dd475146997b6c7df2fb5c9f1e9,24,100,27,100,False,True,100,100,True,True,100,True,0,492e2943893f9dc1c274cc39828867d56dc2005208b3772a93306227cf03636e,421a2c8569b5fef6a02a773a0f2cc45547bdf1b974c0f9c40608284fdcc364da,0.007736499988823198,0.00019949997658841312,0.005547500011743978,[],
592,BIDQOY,4,Pt,4,b888f4c01ede31ffc5971c80194ddd191ac7858c290c38e64f9ca8c6fbf62a13,6,100,36,100,False,True,100,100,True,True,100,True,0,f773b1ccad3d82985cbff16e322dbbcf7903515a1e95283fdca67dea15a2cbb5,8a00fd2eb86d25925e5889d668ef24d03a120d8297e1ed7a41facbaf014b9fcc,0.0013088499836158007,0.00015410000924021006,0.0010156999924220145,[],
593,BANSIU,1,Pd,4,d709c4dae361475d13a1d5de0a45591df85438cb4f8cf7941aab0e7c3aa82ae5,2,100,100,100,True,True,100,100,True,True,100,True,0,4915445b948f5d3ed519d9afed889a609c74f4971608bc2e3a3460fc55a24edd,4915445b948f5d3ed519d9afed889a609c74f4971608bc2e3a3460fc55a24edd,0.005089050013339147,0.00018239999189972878,0.0004940999788232148,[],
594,BISNUO,4,Ni,5,cb73abcaaa9e95ab62646b4f5a6b487d238963c0cc421f30c951a5f2a099807a,4,100,51,100,False,True,100,100,True,True,100,True,0,4b5f1f2da3c86b00f6eb34e123f43fa28e806e688e26313e5d53a3150e59433e,e985a367133768eb4c99d40c3f448f47c2d2465ae2ed6d62a89c0b43469240a9,0.006305849994532764,0.00019699998665601015,0.0009476000268477947,[],
595,FUFBUD,3,Pd,4,769b865507e6dea4c3347289151a6eb4de72804d23f7def0ea64480da656f32a,4,100,100,100,True,True,100,100,True,True,100,True,0,8de21834c32aa8862f03862843d5f4ead49a01945de6f138f546c1d5185e0df4,8de21834c32aa8862f03862843d5f4ead49a01945de6f138f546c1d5185e0df4,0.003184300003340468,0.00015860001440159976,0.0007322000165004283,[],
596,WAJGOF,4,Pd,4,492f46d1f87fc0671660267bad485312612af1a452c7031aa59e16680c251420,4,100,43,100,False,True,100,100,True,True,100,True,0,7784ce1b73f9bf76f903f9f59a64486a160a62b40048f815bc511ea99d760c2c,c663916d966392860536a9b45ba22ee973d6f8d83af466e320a352dd2cca55cd,0.008227650003391318,0.0002671999973244965,0.0012949999945703894,[],
597,EMUQAG,3,Pd,4,4adc71346a3bf22158eb0b8aa21680172aec846e1c89ab181d16b2e162b6c22a,2,100,44,100,False,True,100,100,True,True,100,True,0,739db39e27b54e255d0eda3c262302b04bb2951f1b6e2f9da133200b4c832e3e,006976225f5b8863438ed8ef36f668ab3d7fadac9afaa928eb94747a59e4a524,0.004299749998608604,0.0002581999870017171,0.0007795999990776181,[],
598,KAHQEQ,4,Zn,4,4aacc35ae56b8d8d6676dafc3ba3b3cb687497b33503c58cebf6e9155832c123,2,100,100,100,True,True,100,100,True,True,100,True,0,ec0ab8dd473301b846cbda272cfb7c14247897dd9d5c769fd639940fb0b27a1b,ec0ab8dd473301b846cbda272cfb7c14247897dd9d5c769fd639940fb0b27a1b,0.008385850000195205,0.00014519999967887998,0.0003355999942868948,[],
599,AGUFIT,4,Pd,4,e38f032f820a4de2a04d7beff451d86cbe1e40bd4f1d8d23fa13e43a80255bbf,2,100,100,100,True,True,100,100,True,True,100,True,0,72cfc99fb12ad261ecad2a399998dd8382d1dbc5102c05a8b12eedb7e2dc2175,72cfc99fb12ad261ecad2a399998dd8382d1dbc5102c05a8b12eedb7e2dc2175,0.0032002999942051247,0.00016239998512901366,0.000467699981527403,[],
600,RUZBUK,1,Pd,4,ab39398c895902f636452e86f28e4c14572ea2c2b80ede32fc3d25fa5ce05485,4,100,51,100,False,True,100,100,True,True,100,True,0,f2b408dbb15c10b57c2266e3e57d813b3ffa1825411aadc0f8a1548ed9cebfd3,f2b408dbb15c10b57c2266e3e57d813b3ffa1825411aadc0f8a1548ed9cebfd3,0.002400049997959286,0.0001516000193078071,0.0007249999907799065,[],
601,EZAHOC,3,Zn,4,5ce27e032f04064ff013c46fdf36cd220391824c03682be659f8c39e498a6c12,4,100,45,100,False,True,100,100,True,True,100,True,0,918016b2a30782454e017bdc9f588d4f5923509210bbc86c75b748ad97bd5fb6,250fbfdb8ec678b943da60b0d4c9c890a28b4d3e47d751f54bac2fe02d767e03,0.004967700006091036,0.0001571000029798597,0.0005990000208839774,[],
602,SURFUJ,4,Pd,4,47fc983693606e75e4f147de4a5ecce7857c669529f3e6a7a49f4add76074a00,2,100,100,100,True,True,100,100,True,True,100,True,0,da04decaaa2a5294f1d956ae9a1bd63078f385dc73e77bf353f8878799db158a,da04decaaa2a5294f1d956ae9a1bd63078f385dc73e77bf353f8878799db158a,0.002862999986973591,0.00014169997302815318,0.00039840000681579113,[],
603,CEHTIV,4,Pd,4,967b682f79149ce2a1aeb94559e1c75f36f79f3a8457ef54d9ee575440a2d53d,4,100,50,100,False,True,100,100,True,True,100,True,0,64923a6f4ec34b026c7b411deedd1d56478cb452d92254a65758bde31cce8a26,a4526968d2958545f78619314cecee4fce8e4983a8440a4187fda223756c3d70,0.007926999998744577,0.00025690000620670617,0.001273600006243214,[],
604,KEXVEQ,4,Ni,4,e77606189ad2655f20beb73d3888c051a237dbe7559c32026fb6866aa40bd1e1,6,100,34,100,False,True,100,100,True,True,100,True,0,ac7b85db42f66821a66337deab18676b3e8b336a3d35dbe4c51751b56562ef1e,c5b90e135b7fc9dade121c0b3b09898aed09d720ccb7d8f80aa919f61e4d4170,0.0010694999946281314,0.00012630000128410757,0.0006791999912820756,[],
605,WENJII,2,Pt,4,81a2dd557feddd626cf32dcf26d9d18a2daf8b77a44e23dfa4092912a60af5d8,2,100,51,100,False,True,100,100,True,True,100,True,0,72dd4a89a6e69623ca39e7542ae440077dda1d97e6ca6c83d3f9af675d6b560f,003a3d3fa07b6be0837984a32a413058ddbd5608f8b2048e3f84011df2a142c9,0.0027810500032501295,0.0002486000012140721,0.000748799997381866,[],
606,IKIDOX,2,Ir,4,578e4cee288cc7c78bcf4b9bee24d5762b67187de30140aa504d94a62d1b018f,2,100,100,100,True,True,100,100,True,True,100,True,0,854981466c297a8b7be2a3bcbc23e334c1af2b7e32359d6e58bf96e2b8e1c88f,854981466c297a8b7be2a3bcbc23e334c1af2b7e32359d6e58bf96e2b8e1c88f,0.006645500005106442,0.00014869999722577631,0.0005022000113967806,[],
607,SICWOR,4,Ni,4,df65b77c55b66b983ba9aa2869ac3b96e7826ff6c9ea3993d937f6b8cefdca52,4,100,100,100,True,True,100,100,True,True,100,True,0,f6a88a27ca079bbf7944e7c774266a31ad087cf5fcb09220fff5dd0b001550b6,dc52c07287617e70627d580ee70ac09d48273bc3fece71aa5d1dd3970af7c2a2,0.009262999999918975,0.00023410000721924007,0.0012101999891456217,[],
608,MESBES,0,Cr,6,24e55ca88f159b3f6a7110c5b84e426d8b230db74d10676c36a373bbc7aa315a,120,100,4,100,False,True,100,100,True,True,100,True,0,2281be37708327c691aa17c62fc997eb04211a3933a439ad65ea4988f931ae7b,de32ac29d6f6b2483ada25ad1d412bc74856a868698c978f5771a95c754c0e56,0.005460700005642138,0.00024239998310804367,0.039252799993846565,[],
609,TAHVIH,1,Pd,4,139429289505fdafe6722552a8fa28196f788770e9a8cb32ca471a2e3fbc3dff,2,100,100,100,True,True,100,100,True,True,100,True,0,6915e4d23db40c13ca1a33f166b29ccc28b152f73414b7ce3db86b5e1165c1ac,6915e4d23db40c13ca1a33f166b29ccc28b152f73414b7ce3db86b5e1165c1ac,0.004351699986727908,0.00014540000120177865,0.0004045999958179891,[],
610,HAGBEX,2,Ni,4,8857d0d81048cdf2767de4086dce1cf85b388790f7bb8445cd22b446d2cb856e,4,100,26,100,False,True,100,100,True,True,100,True,0,fd17523daa0e9f97b1bf2f6ea9e4b56b2aaf6f64dddda92eaa2c65ddb9210738,fd17523daa0e9f97b1bf2f6ea9e4b56b2aaf6f64dddda92eaa2c65ddb9210738,0.006588949996512383,0.0001404999929945916,0.0005105000163894147,[],
611,IRUPAM,0,Ni,4,bc8711fb3ecb98217cb594da0be744a60d672b265bfa281a2c1cad938d56ac41,4,100,100,100,True,True,100,100,True,True,100,True,0,209a0d8d4f38ec207a09362b12e41ce6329e19a9b079c52a853e007e7e3bd5ab,585a763b73145eff032a3f43243a8a11d15b6caec8d17b39e973765bb83559fe,0.0054157499835127965,0.00022250000620260835,0.0010375000128988177,[],
612,HAZFAS,1,Ni,4,a169b29e1598b28750309a635f27f8e907517ab54d756d65df6b43a5091181e0,4,100,100,100,True,True,100,100,True,True,100,True,0,afcd6a1d2cbfb273fb74cbe07853ff49a0d497972da0e432d63001ca43017eac,afcd6a1d2cbfb273fb74cbe07853ff49a0d497972da0e432d63001ca43017eac,0.005289649998303503,0.00017600000137463212,0.0007696999819017947,[],
613,ITIXOZ,2,Ir,6,da398f00bbacaae21ca787aa3d31da4e4f325bfc21edf483994beec581761477,2,100,48,100,False,True,100,100,True,True,100,True,0,5241c2128b4cd623f65cf779b39c385bc76436f9d130ab3ced233e06c7949b78,7cf4aa790bbbd498f5a5c7fea0bb0aeee33c4ad66b87e1ee099f2e196755c5db,0.011914750008145347,0.00035370001569390297,0.0012152000272180885,[],
614,ZANFOJ,1,Pd,4,c5c28b7b161fe6f733502c388af9bf71ea29de023cd873ac0296ab41e57cbab0,2,100,100,100,True,True,100,100,True,True,100,True,0,6fd5e9c596cbdd76bd215e77eaad402ef295ece0a3915363adb8f852ae092cdc,6fd5e9c596cbdd76bd215e77eaad402ef295ece0a3915363adb8f852ae092cdc,0.00579975001164712,0.0001753999968059361,0.0004728000203613192,[],
615,HAKYOL,0,Cu,4,edd42eaf134f0b8ddb1c364bbe6eadcc9aadf917ea29583a1bb966c5d48309c5,2,100,50,100,False,True,100,100,True,True,100,True,0,b4f5a13a93b573cf3e8a74b52670db30f376df4ed136e86b494eebe7a6112f11,b4f5a13a93b573cf3e8a74b52670db30f376df4ed136e86b494eebe7a6112f11,0.006994299998041242,0.00015259999781847,0.000374700000975281,[],
616,EFAKEF,1,Fe,6,ed357498bf42f3e1b8e1d9072349865bb97562615a089bbcd58810e7c388d92e,4,100,100,100,True,True,100,100,True,True,100,True,0,94e3825141b9a9facae1dc90ba240a3c577a3717701839decda8906832a4b208,94e3825141b9a9facae1dc90ba240a3c577a3717701839decda8906832a4b208,0.009076450005522929,0.00022760001593269408,0.0012867999903392047,[],
617,IWIDOI,3,Ir,4,68b0ef73bd18164c5a94cb4f01cfe3371f6e4754b1184ff5e5061a296f08d442,2,100,56,100,False,True,100,100,True,True,100,True,0,1a9422e3679c3ef0c7c488bcb67856e2773664c55251d530d0067acf0933fd43,1a9422e3679c3ef0c7c488bcb67856e2773664c55251d530d0067acf0933fd43,0.00528640000266023,0.00017830001888796687,0.0004825000069104135,[],
618,JIQRUW,4,Pt,4,f289327e9e61d7c720f77230e32df88178bbd7d95c77e11ebd58fbacbc072776,6,100,35,100,False,True,100,100,True,True,100,True,0,90c951c8e5bcd7d600379bbb9688c5a0e617fcdd4f1c8d1f17c61aae504b3de3,90c951c8e5bcd7d600379bbb9688c5a0e617fcdd4f1c8d1f17c61aae504b3de3,0.0010576000204309821,0.0001640999980736524,0.0010834000131580979,[],
619,YUYJEI,4,Zn,5,df613bcef1c0952ed7902e761976459cd66096920db7191d2412be498d98c1a3,4,100,48,100,False,True,100,100,True,True,100,True,0,a4789737d3244547d648fff80f07889a1b603b98dfc12775598fb17862aabbd6,4cbb8ab27f5289cee5f5a61dfe33aa68c359554674a95bde5ee90221e4662f58,0.008290700003271922,0.0002035000070463866,0.0010163999977521598,[],
620,UREPOZ,2,Zn,4,723c4f65be63bcade0d7497f515aad01ec70d5c661dde97d34d3acd284dc8ba0,2,100,50,100,False,True,100,100,True,True,100,True,0,add02d96ce41100682f097a3bc78a421a514eb67630d8cf535aa3f61dc69b496,10ebf01319c722522dc1cf09a79f0fc60c03a7d44e2e2204066a5bbee4c5d812,0.006329850002657622,0.0002248000237159431,0.0006334999925456941,[],
621,VINPZN,2,Zn,4,e480a52d7288e41c441fc165c36f5037a0637f29dc7b765d9e168f6bb841d65a,4,100,100,100,True,True,100,100,True,True,100,True,0,8acfe5f39b76770ff0e8ae3cb5543a77c4e289a1b395fb405b04e5c83a8d9728,8acfe5f39b76770ff0e8ae3cb5543a77c4e289a1b395fb405b04e5c83a8d9728,0.002208950012573041,0.00016029999824240804,0.0007440000190399587,[],
622,CEGRUC,0,Pt,4,3d68dc6056c1e05e1c88be3cd29c0121cea85392da582229ccddde75b15ef17b,4,100,56,100,False,True,100,100,True,True,100,True,0,39cb7c5642fbcbb155e353e0300d66f69f8b7f447ecce93c4f2d9897a81e7e56,111d23bc681985a09d78b94fa2c0bbe8b0b1fdc2131cdd34323af3503fd2fd96,0.007824699991033413,0.0001689000055193901,0.0007617000082973391,[],
623,TINDUQ,4,Ni,4,0f8c8f12584158796551bb85646c3e901d01a3ca50c991f6849b3ae1a82839a8,8,100,53,100,False,True,100,100,True,True,100,True,0,33ec09b8e0d16c73c1d00c21216aa441e10eadedb40fe959539c6b691d6ef6d3,33ec09b8e0d16c73c1d00c21216aa441e10eadedb40fe959539c6b691d6ef6d3,0.003507799992803484,0.00015850001364015043,0.0013766000047326088,[],
624,TOTBEL,1,Pd,4,90ba12bf65f7071831f1b0c12a6e74967dbedc17e994b2c9c591e0730a824435,2,100,51,100,False,True,100,100,True,True,100,True,0,9c24e2ccbfaa6932d305d1887523224d3c777cf304cc052c88ddd7d6f13a4a57,e1d6eeb84cd6fb767fb47f2d182247ebf35623a02b113a55b688a4b3ff82ceb1,0.0021161500044399872,0.00022059999173507094,0.0006939999875612557,[],
625,ECIBOH,1,Zn,6,4be222114fef907ebfa27ac3b2a2032cebc0b9a6d49032de3a97ec0f74815d24,24,100,5,100,False,True,100,100,True,True,100,True,0,4eaa1ce6942d20afc25802c011927e3c6369978aa66507a21ac0cf85f0df1252,466f85a03e82e06b13bc54148aec139710f160f418c06b26ed5f2183c34fe447,0.009477099985815585,0.00021520000882446766,0.005806100001791492,[],
626,OCEHUD,2,Ag,4,8617e94a61b80ab829ea1952e6165a3c23f2c40d6e78f4626f213480fd162e2f,6,100,39,100,False,True,100,100,True,True,100,True,0,7f10c5d7a57be23457669cc6e5f91806ab83b854e9713e7e63d7e3a79c27d3b9,9d8926d5689aa79e9de1a525911cfe12133cee0e1bf494c5578325fab30d8b59,0.0016617500077700242,0.0001574999769218266,0.001018500013742596,[],
627,QOVKIX,4,Ni,6,d6f8ce2878add8cdbf1727deaf5f7a2443aa3105765a597f1517b3b6f1bdc5c1,2,100,100,100,True,True,100,100,True,True,100,True,0,5ed97e578946404916f99189bc9d70837d2265c33bfc13ebdec32c3ca85b5600,5ed97e578946404916f99189bc9d70837d2265c33bfc13ebdec32c3ca85b5600,0.010489149994100444,0.00019600000814534724,0.0006608999974559993,[],
628,BAFSUZ,4,Pd,4,97f51983177f4e09f4d1ff9a116bef92959927b420cb308b64f2cf8f54adeb87,2,100,42,100,False,True,100,100,True,True,100,True,0,d909bbf7b24d0986268414e7955d6a37a30bdd7c1d48142dfc2604eab94d2f93,d909bbf7b24d0986268414e7955d6a37a30bdd7c1d48142dfc2604eab94d2f93,0.004026650000014342,0.00023439998039975762,0.0007189000025391579,[],
629,AMEMOX,2,Rh,6,5aeda476a1b429e834ee8ffea5f85d57a7106ad4e825c3572a1849a2b4d2bcb9,12,100,31,100,False,True,100,100,True,True,100,True,0,71e6f95c346b8922e3d4332ffcbe0919ed994768b8fa591b80901e25add94d20,96ce9afdf16bc71a3c2c84dcec6af0355598f8e04e8f8fd94f629e37c7b135a3,0.010799750001751818,0.0003433000238146633,0.004511200007982552,[],
630,QIGDAN,0,Pd,4,e775761529a08902e4f3fd187e9d5c1051a254ba59a72406be82ef776318d35e,4,100,50,100,False,True,100,100,True,True,100,True,0,4a00b8b1d1cc44ac6abaf7bc86055333c60ba63ca9a5a69fac9dc69ad8658e75,c5d8dd68eb8644be0498cd14ed4be1451614cf986f17b24bf220a044b718183e,0.0033910500205820426,0.00016460000188089907,0.0007716999971307814,[],
631,YOGWAV,0,Ni,4,9c8994dcc43d3a92f6bf827d992b5431ff44bae524013d3e8ee9df8c73ee959e,2,100,100,100,True,True,100,100,True,True,100,True,0,66dc4d3345ded40c2eba8b2d33ca85520901738c74ab1ddc121a9c9b785e62b9,66dc4d3345ded40c2eba8b2d33ca85520901738c74ab1ddc121a9c9b785e62b9,0.0015538000006927177,0.00013719999697059393,0.00039829997695051134,[],
632,GERYIO,1,Pd,4,73c96d883bf229e2c28f40d58caa5adc4bd6584270ee00253b705b23020e81aa,2,100,100,100,True,True,100,100,True,True,100,True,0,1ba520083c1aa1665a9e02a3b455b7a9141cb99a70bcdc1b5e93f3287c3322d6,1ba520083c1aa1665a9e02a3b455b7a9141cb99a70bcdc1b5e93f3287c3322d6,0.004543599992757663,0.00014250000822357833,0.0004017000028397888,[],
633,FIWNOQ,4,Pt,4,76b921adf7e87e10f95594d95d32be7ac0abe17d50944aed92d7df151f3cccf6,2,100,100,100,True,True,100,100,True,True,100,True,0,7abba527b976cad4b2031492c5210242105909bfc0bad031c26178097d8facf1,7abba527b976cad4b2031492c5210242105909bfc0bad031c26178097d8facf1,0.0025974500022130087,0.00017770001431927085,0.0005378999921958894,[],
634,GENZII,2,Cr,6,792a1ff51ac34081e039998058bee5275c95b3283f525af705b5edbbb8cb6fa3,4,100,43,100,False,True,100,100,True,True,100,True,0,e6708d4f41510d9c04063db6bc0c372125aba4cea4833fbe2a87f6f1b3dad610,b1253b3e4bf680e6897f02440c5069070063430a4d6cce63b406b24049fcb7f0,0.0065364499896531925,0.00019749999046325684,0.0010498000192455947,[],
635,ZUHCOU,4,Pd,4,783e62f27a81e439d0b3a97062f0d034fa744cf5562187f336042daa5ebac9dd,4,100,58,100,False,True,100,100,True,True,100,True,0,6e720d0b5eb5131da7cbed9f2088bad845c1edcbf88d994b9de477fb480d3177,f89035cb4bd5ca92ef65796d1831848cdd9be70eb6239f708e050c2c1480e634,0.0015020499849924818,0.00015899998834356666,0.0008093999931588769,[],
636,NERBAR,4,Pt,4,e783da7bdde68deb6bbd761aefb865ebb82919128de654d44aa95ab2dd533d1a,4,100,56,100,False,True,100,100,True,True,100,True,0,0ac2faf53269dddc184270460d0c9f482abb239e9c3e036109b70107940c69e8,5a2fbf6dc1d6ae0dfa646d5fd1c746a00e0696ae4fb0ac4fa7f3eb0fbf2eaf4d,0.006152949994429946,0.00016789999790489674,0.0007397999870590866,[],
637,FERRAY,1,Pt,4,5023494f8cb58bad74e5b8607b23aaeccded76f374ff3c7ef99989e9f85ce0a6,2,100,51,100,False,True,100,100,True,True,100,True,0,277a98a1a235b29fcb4023bba33d55bb1d595511b893a21e008fb68cb0762ca5,277a98a1a235b29fcb4023bba33d55bb1d595511b893a21e008fb68cb0762ca5,0.003790550006669946,0.0001626000157557428,0.00045789999421685934,[],
638,JARKIW,3,Cu,4,91840063348e7305fbd8b7bf44f91ca3c51152f1dd48e040cb1c24f2476a8077,2,100,100,100,True,True,100,100,True,True,100,True,0,609708afd72b7af93af61f442071063b01bd45bb569293eaddcec8fb4ceea73a,609708afd72b7af93af61f442071063b01bd45bb569293eaddcec8fb4ceea73a,0.0041629500046838075,0.0001340000017080456,0.0003129999968223274,[],
639,UGATON,1,Pt,4,5405425ba5440b397bedfac71bbb9c82ba54e0e6e800ec5ee9bc408eee88cd98,2,100,49,100,False,True,100,100,True,True,100,True,0,4576415c68a433f8ee14dc25a4152e7f149ac7fb9860e503039e4996a9e0a591,4576415c68a433f8ee14dc25a4152e7f149ac7fb9860e503039e4996a9e0a591,0.0030154499982018024,0.00023350000265054405,0.0007155000057537109,[],
640,MIPTEN,3,Cu,4,05a4cc6dc4e53e9e1d47368fc5f8e1f46ae1ef0ba7a3a047c9b4b05bb6daacd2,6,100,100,100,True,True,100,100,True,True,100,True,0,2b5f16e8b00ca5c256de05ceb330612a21646216bbec27c8ee070db4c3d8af98,2b5f16e8b00ca5c256de05ceb330612a21646216bbec27c8ee070db4c3d8af98,0.004885600006673485,0.0002133999951183796,0.0012602000206243247,[],
641,BUPNIK,4,Fe,4,a239f95a224fd78c1cdd0c45c5e2945aa1ba0f04a8ce6897db325beb91ede1cf,2,100,100,100,True,True,100,100,True,True,100,True,0,b31df1110d3f52db0001da472968c65a231f5fcb5793c034263805d8733819ca,b31df1110d3f52db0001da472968c65a231f5fcb5793c034263805d8733819ca,0.0023626500042155385,0.00016360002337023616,0.0004249999765306711,[],
642,MURMIW,0,Ir,6,6e57d2e7e2b83d03ff96b305b18910a40785bd91e8ba4c4f9ff2b3337b515e28,2,100,50,100,False,True,100,100,True,True,100,True,0,4b5ff7c6f39bdda44c042e681432a3e771d28e5d77ca0e4408a4922688302560,4bd7e21e2fe079ddd56c52cf7a57e02ecd5804c098d6d8329fd7d443548e64a4,0.012315849991864525,0.00022319998242892325,0.0007347999780904502,[],
643,XOXPAD,2,Fe,4,a3c1b65dc1d496a3261fe7db9e006213fd36aeaa3b4fb9828eefdb349344e11b,4,100,100,100,True,True,100,100,True,True,100,True,0,3db8aa4662685e865f997b80275775251a0cfb6d2c26345ffe7a0fe4704f389f,3db8aa4662685e865f997b80275775251a0cfb6d2c26345ffe7a0fe4704f389f,0.001401000001351349,0.0001485000248067081,0.0006932000105734915,[],
644,KILCAJ,1,Cu,4,d3c4ffe89f815d13a5bae22e17e6e86ed777e25f08c0cc76135760c0ef0ffa14,6,100,11,100,False,True,100,100,True,True,100,True,0,ed12a733f7910d4e754ac57ddce573a70c675819afefc4f94e043e201e307a16,f7413ac751914da8ce56605f5af447d7df82e677ce4b22c4e3d002fed4adcc86,0.006326399990939535,0.00023659999715164304,0.0014130000199656934,[],
645,PUQDAG,1,Cu,4,d05732d95a9ba84577990b07ee048160ddea7203b78c911208fe96894f5cb87d,2,100,100,100,True,True,100,100,True,True,100,True,0,2221555c8efd3100570cc14ef26bbf8962facf8aebc3cdfd283b41a2039d7ac1,2221555c8efd3100570cc14ef26bbf8962facf8aebc3cdfd283b41a2039d7ac1,0.001959900007932447,0.00016070000128820539,0.0004634000069927424,[],
646,CAWKIW,4,Zn,4,a4c075000ee77ab31508edaafc70cc145b4e716b9bc3d08fa0c8c7eeb74e97dd,2,100,100,100,True,True,100,100,True,True,100,True,0,3c016931a1a10fbf38db22cd6f3103c4511198572f8ed24a89d67b73985f6fca,3c016931a1a10fbf38db22cd6f3103c4511198572f8ed24a89d67b73985f6fca,0.004758549985126592,0.0001297999988310039,0.00031040000612847507,[],
647,ZIZGEX,4,Zn,4,a9daa68ab7747543ce102fca455a9cb559449e68c1a6ddf1b6483136384e5263,4,100,50,100,False,True,100,100,True,True,100,True,0,0d66c82a32f686f2692d5dae239a1672d9febaed4b5ae1e7887c77e39ba968ac,0d66c82a32f686f2692d5dae239a1672d9febaed4b5ae1e7887c77e39ba968ac,0.005594199988991022,0.00022690001060254872,0.000899500009836629,[],
648,WERFOR,3,Pd,4,f78914100285ec91122674875ad487f1fff521214b844644dfce0a52792fcc34,4,100,100,100,True,True,100,100,True,True,100,True,0,6d328fab325f7e71104d72e8b4c461316a377e877a7be1e74fe813e83cc0a7fb,6d328fab325f7e71104d72e8b4c461316a377e877a7be1e74fe813e83cc0a7fb,0.005301800003508106,0.0001644000003580004,0.000741700001526624,[],
649,ZAHVEN,2,Pt,6,f9695011f1098052bba79eef39a3ec2bb23c00cc35b38a2604a23c75e1be530c,120,100,8,100,False,True,100,100,True,True,100,True,0,2ee1fca91944494bbc00b86d173c3e025521cf97f18b8ed666da640b84f36da3,a551f1f806ad74e29753e77928dbdcbaf631d3c7bb7fd0bb2aa085f086e0cb1c,0.004457949995412491,0.00027970000519417226,0.04258290000143461,[],
650,PIVMEO,1,Rh,4,3f37583f8d0af8fe5a564c0c9d2016cf7ee8038d50588dc1dbaed6c833f965ef,2,100,45,100,False,True,100,100,True,True,100,True,0,d69ffdf0436d9e31cd257c0e6a42134f6ac0b26feee13510b34a85564c776a5f,d69ffdf0436d9e31cd257c0e6a42134f6ac0b26feee13510b34a85564c776a5f,0.0055261499946936965,0.00016070000128820539,0.00043620000360533595,[],
651,ZASVUN,3,Zn,5,ecd82456c184cd2949ed66128a3711c99b6ceb79560db6cbe71d47e9e3acf64e,2,100,54,100,False,True,100,100,True,True,100,True,0,6c0caff2baaa0e876dead8dcbe68c9ef95b4e9b8f5f33280a4c4af32b6bade1a,6c0caff2baaa0e876dead8dcbe68c9ef95b4e9b8f5f33280a4c4af32b6bade1a,0.0035617999965325,0.00015730000450275838,0.00041619999683462083,[],
652,SIPPUC,3,Pt,4,1367edcfe43e821b5a142db3b3a01e2d58427d13d7a81c527a10e7b8e8eb5543,2,100,100,100,True,True,100,100,True,True,100,True,0,72ec1e020274e41180bb296ff81acb3aa55d1cd57cd91a32d8efb487ca935558,72ec1e020274e41180bb296ff81acb3aa55d1cd57cd91a32d8efb487ca935558,0.008157999996910803,0.00015899998834356666,0.00040679998346604407,[],
653,LIDMES,3,Pd,4,0db4e07a6a4d83ca661e52428d0fd60f63cfe222dbae38fc15296c94f5d96aeb,2,100,100,100,True,True,100,100,True,True,100,True,0,d5e5966ba34a0ab609818f748205098dc92a24266c4427eba6bc09d99e264cc3,d5e5966ba34a0ab609818f748205098dc92a24266c4427eba6bc09d99e264cc3,0.005123699986143038,0.00015380000695586205,0.0004253000079188496,[],
654,ELANIO,3,Pt,4,e1f854e86eb2eb0299cbab9c8016601acde7181c1234a30851c591a8c9defa09,4,100,45,100,False,True,100,100,True,True,100,True,0,9237b5de70396007633140c3f1c87bcdf840b2756d764bbcb01ae3a47edaceb3,8cb517197536ad97b25187d8b273a543f222dcd7510f1650e9d43ed49709da4a,0.0024491499934811145,0.00016579998191446066,0.0008086999878287315,[],
655,WIWLUK,2,Rh,6,ce4ff1673e0b3936b3832ab5b4dff764090bad3860db9ea46e7b539bf67ecb50,2,100,100,100,True,True,100,100,True,True,100,True,0,b41dec33b9628a560b01e268a32041df2799556627913a617b2a8a6867e55a40,b41dec33b9628a560b01e268a32041df2799556627913a617b2a8a6867e55a40,0.010856299995793961,0.0002209999947808683,0.0006922000029589981,[],
656,REJYAI,0,Pt,4,cdfd433a2cc1ebb8e932801c67081b4dbf0045d973ae4cc5bbc1a44da6a88731,2,100,100,100,True,True,100,100,True,True,100,True,0,215b1b51e0e2731726f6a2a2787fab896f7aacb1157a034d05e988612cd6336e,215b1b51e0e2731726f6a2a2787fab896f7aacb1157a034d05e988612cd6336e,0.005320099997334182,0.00022770001669414341,0.0006993999995756894,[],
657,OCEZOO,1,Pt,6,2d3cfbad364a70df0003687d6d681b1a74e9aa81b389d18beab3a95dd47a18d5,2,100,100,100,True,True,100,100,True,True,100,True,0,804c77fb09af87ffa50e1d0f95afb44c43dc2974b01c0052fffebe8151ed0a4b,804c77fb09af87ffa50e1d0f95afb44c43dc2974b01c0052fffebe8151ed0a4b,0.007000300000072457,0.0002209999947808683,0.0007226000016089529,[],
658,DECKON,1,Fe,5,a3f19951e6f48a3b9f61dfbc794e5fb7b6d69f1a7f8574e1c72c76e7c3bc16f2,2,100,100,100,True,True,100,100,True,True,100,True,0,83f3ce92c22e9f594dbaa5aa4ac21ec9d0e9fca0560967248b95b7ad91a14edf,83f3ce92c22e9f594dbaa5aa4ac21ec9d0e9fca0560967248b95b7ad91a14edf,0.00605675000406336,0.00017770001431927085,0.0005342000222299248,[],
659,PAXFIG,4,Ir,6,78cfb7a2a433076ede3a9b98d8654b7c062cdf0d95ac36a32d2d144d3eb4b83b,4,100,53,100,False,True,100,100,True,True,100,True,0,78e12280d498f9d0f81d50e39894700f5f3a8779093b760a464da84205c96268,1a24e4e83adf3493e8e89c0810a4e95a3444071ae475af9c47bdc767d027555b,0.0061277000058908015,0.00021160001051612198,0.0011705000069923699,[],
660,SECXEE,1,Ni,4,7fc772006ef0086ab9ed6b1be57e819bf4b7d6c12518ad8fdaa4e40fc8653bcd,4,100,100,100,True,True,100,100,True,True,100,True,0,90c98a80f504cce2cb8816c6741ad26ecfa9d68da03df74a247d10393445830c,90c98a80f504cce2cb8816c6741ad26ecfa9d68da03df74a247d10393445830c,0.007043450008495711,0.00015259999781847,0.0007242000137921423,[],
661,DEJBOK,2,Pd,4,6bfd60b99e10f1a07782441b510f488734048ef79e97a10128da108d0dac241f,4,100,100,100,True,True,100,100,True,True,100,True,0,e1a524cfcad2902325f717504a5f0ffae15c54f3609eec77022d5e6983ccad94,e1a524cfcad2902325f717504a5f0ffae15c54f3609eec77022d5e6983ccad94,0.0019283000001451,0.00016289998893626034,0.0007895999879110605,[],
662,YILZOM,2,Ni,4,916453d427da3f6fc33236a4486f25df35db8b5702d5ee498cfdfa91522e4837,2,100,51,100,False,True,100,100,True,True,100,True,0,4feb396bfd160c3c4bf9aa0401c731cfce4b9771a2c58b287ef362276513541d,5d62457d17c650c46cc648811a5f95dd904628b0a9ce8795f3715c98cf879b1d,0.0044102500105509534,0.0001686000032350421,0.0004715999821200967,[],
663,SAJQEA,3,Cr,6,ca638962c62055c6bbf1d502f5d20893e9b30c99d6c0717dd9406243949b4bad,120,100,3,100,False,True,100,100,True,True,100,True,0,c6712b5ff431dc3e7de4add695472c9db31a26b81a3fbd5b4640d5bcb410cc3f,b20b6408b084b73caab708ba72ab2e2536024e27d56e0452d7d2ec1c36da155d,0.006188800005475059,0.00024530000519007444,0.04149969998979941,[],
664,DPPFEO,0,Fe,5,ead46b186a94f94f9fa391beeea6d0095022efb644f7c5d5a843ed58704574a9,24,100,27,100,False,True,100,100,True,True,100,True,0,3c532a4c7174c6168486f0783c5aa20e044aecd75cfa6e78d72cce1dd6226a94,fc988e5d72eed0eb75f2ddd77f11f63d72d0074eef06202d11dc232a8483f4ac,0.0025591000012354925,0.00019390002125874162,0.004438800009666011,[],
665,UHIKOO,1,Pd,4,2ab60292ea753b2d2b48671c4d87584d185da02b3affa9d299938b4600c61d16,2,100,56,100,False,True,100,100,True,True,100,True,0,3e3ef4370fb8cbf5974e2cf0230bd406f312eeebaaf032a58937ac4b625ff177,247517d029f007bbd36ba8759bcfb1e457dc1b9a7b7b217310c41efaea0ef3d4,0.00356544999522157,0.0001644000003580004,0.0005167999770492315,[],
666,HUQHAF,3,Fe,6,6c5a7b65267129809e0d924c1a997646897632f7abf9e22d41dcb472c44fe6c5,24,100,5,100,False,True,100,100,True,True,100,True,0,9ce093fb2bccda5f0870ebd29711791630d6e933e8bf823b0f4529fe495885b7,cf8616f2a35cdd3f7fc43c2320e4e24b5ed5c97de233ae4292a150a0bdd98e8e,0.00718349999806378,0.00031709999893791974,0.006225999997695908,[],
667,HEHKIO,0,Fe,6,fb697a47074ed0ceea514be884f804c1604deac0884299d914a7cd32efdc24d3,24,100,6,100,False,True,100,100,True,True,100,True,0,19bd85cedfc2d4f778b088f5ff7c64a2d733598b97a4d2c2f4a33a8ba4898814,adae11fa468243aa8b64ab0f12b8fcf0d7ca64cc392f29d41e44410de9c9e1b7,0.01088529999833554,0.00021970001398585737,0.006355100020300597,[],
668,DILTIE,2,Zn,6,3293944b85303be31e5c9aacc103cabbaaf31591743d8f89c9a71d9804de0530,2,100,100,100,True,True,100,100,True,True,100,True,0,45eab1f01b57ec89681f36243abb1449f0dddfb6368bad4114a23a5fd05b76ea,45eab1f01b57ec89681f36243abb1449f0dddfb6368bad4114a23a5fd05b76ea,0.010330599994631484,0.00017030001617968082,0.0004532000166364014,[],
669,UKOHIO,0,Zn,4,d86aae342529a465adc6cfc65a24b17417659b539a057713513c13636db97b16,4,100,54,100,False,True,100,100,True,True,100,True,0,2613fcc7be5fe9568c95e0789d30b40bbf2b500505afcf21ade417f2b84b0819,4f2d96ebc49f36849139da51dd325d01ba352e5104af1cb4771336d520859c41,0.0031956999882822856,0.0001545000122860074,0.0006412999937310815,[],
670,CUQHOO,2,Pt,4,e335392282940f3fa48870bcacb2fbcbf0c3575733135266f2059c55cf9096ad,2,100,100,100,True,True,100,100,True,True,100,True,0,b1ecd7be965d916d1f378070b7c4ebea44dab76edce098260ca0d46cf9fac199,b1ecd7be965d916d1f378070b7c4ebea44dab76edce098260ca0d46cf9fac199,0.0039162500033853576,0.00013550001312978566,0.0003887000202666968,[],
671,WIBCOA,3,Pt,4,a9da8622375613e86c9b154a75a089cd6cfcca34faba87c7fc3185d2643fe6cf,2,100,100,100,True,True,100,100,True,True,100,True,0,4110733d1165e920cb88d20afb081bfbc71e3d8628264453cc3fe20368872261,4110733d1165e920cb88d20afb081bfbc71e3d8628264453cc3fe20368872261,0.005723299997043796,0.0001430999836884439,0.00037190000875853,[],
672,FONPUT,3,Fe,5,427cce59855e8971dcaa710ea7c6e5bb7f3a5cd2a219d04843988661f00b0adf,12,100,16,100,False,True,100,100,True,True,100,True,0,7aa0aa830113d70dc59cd43cc539c83d871e520ee6f9b9ffe32c2e30a238d79c,80d3f6d9ee432811e0e39ce3ea3b391ada498f6eaa96147a1eda0b94a93cef38,0.004571749988826923,0.00019260001135990024,0.002438900002744049,[],
673,COVFIC,2,Pd,4,64cf4026d7c037dee28c6b0c965bd6de6caaec5ca4961a805c621fca366d4673,2,100,100,100,True,True,100,100,True,True,100,True,0,211737693c1100b8d8fb1bfb012f13affeebbebe51e3aa9ac11ea24f746567f4,211737693c1100b8d8fb1bfb012f13affeebbebe51e3aa9ac11ea24f746567f4,0.008302750007715076,0.00019419999443925917,0.0005669999809470028,[],
674,VIKQAI,0,Pt,4,7e243dea39cb9065994af5148e1f8f04c8f1d18077ca1d40f72766ee28adef72,2,100,51,100,False,True,100,100,True,True,100,True,0,8d26717b4517458361e641ef0fd4f7529edf0a2c927ed073dcef7df1616a07a5,dd25c04f506c6fa5cedee17dbd41eb89fc16da4f6d279f51acaac192b2f2fc7a,0.005277300006127916,0.00015259999781847,0.0004186999867670238,[],
675,ATERUP,0,Pd,4,7f76bc994ff1d7151ed1c3ccfebf3b9532037a182a4774783dba71fe5e9971a6,4,100,51,100,False,True,100,100,True,True,100,True,0,da6000e766a1012db4194812748d490f0c504c391471ed6717c74e9048f6f5af,a5e59ccad0d89cc8bef729d22b265f804648ba939005f2de8e84e9abbaff7b3c,0.006059799998183735,0.00016719999257475138,0.0007519000209867954,[],
676,HAWDAK,1,Rh,4,74939173cd781bf409d617dcc7b213371a61c4efb9dfcb30f264d1ab88685eed,4,100,100,100,True,True,100,100,True,True,100,True,0,133a4bbaab7860e71e8ae84bdd04fd6ceea764972f2f6ad0c463158b630e7ed8,133a4bbaab7860e71e8ae84bdd04fd6ceea764972f2f6ad0c463158b630e7ed8,0.007469850010238588,0.00025359998107887805,0.00119859998812899,[],
677,EYASON,0,Zn,4,0471cda1d5e00589d1316e4bca47f467f9612fa6bb1a9ced4a5072dafcfebc90,2,100,55,100,False,True,100,100,True,True,100,True,0,273e209b5cfd4fcd93461947166009885fad54325a10315d66572fb95b94d9d1,b0dba7aea8c1da9defe6cea3bef2f38aac2a475bec9201017b5e7bdd9d195e67,0.00252615001227241,0.00020979999681003392,0.0005979000125080347,[],
678,RANSOP,1,Pt,4,fd0318fa4c26e5ce443f8a53bcef3ee1e4d5741ed8aa5deb6b196d15402c5e4b,4,100,100,100,True,True,100,100,True,True,100,True,0,d59d4433e1355b4a627c63ac3aad31751c178b5d682a5a215728af1e98805b3f,d59d4433e1355b4a627c63ac3aad31751c178b5d682a5a215728af1e98805b3f,0.0027798500086646527,0.0002601000014692545,0.0013218999956734478,[],
679,ZEKHAB,0,Ni,4,ac96f281dbb8b46cfdb10dcf6cb47dfd8f554a515b64998ec762f66c1bc7aa12,2,100,100,100,True,True,100,100,True,True,100,True,0,321a3d6eaf1c624735eef1ccc72d7153e799c7ebd07af08bf5b049d508139062,321a3d6eaf1c624735eef1ccc72d7153e799c7ebd07af08bf5b049d508139062,0.008872250007698312,0.0002018999948631972,0.0004952000163029879,[],
680,EHEGED,4,Rh,6,e6324e7b7f4d053f59454b8182bd003ff9977a283263ef9534743b1b10c3900e,2,100,52,100,False,True,100,100,True,True,100,True,0,b659eae3f000b657c0575c1bfb20b443664f77e1c68476dc232b844118d9cc2d,b659eae3f000b657c0575c1bfb20b443664f77e1c68476dc232b844118d9cc2d,0.010132999988854863,0.00032279998413287103,0.0010302999871782959,[],
681,BENCUT,0,Zn,4,6e7a3d13594d0cd367f0503a64f116b88915af4ecf511bc03a8b3d8c71ab7820,4,100,100,100,True,True,100,100,True,True,100,True,0,cec7a5505accff84a0c8caaefcf1681af107a2768382a0a9bc865fb835258355,cec7a5505accff84a0c8caaefcf1681af107a2768382a0a9bc865fb835258355,0.0026600500132190064,0.00017499999376013875,0.0008682000043336302,[],
682,HIHSAU,0,Pd,4,6621ee9d2eb13c36e142fa82c9c293a7bde49bf69b2203c48134c82e14e81691,2,100,53,100,False,True,100,100,True,True,100,True,0,effa62e78eff9ea86fd3b97f011e9c6e27845982f16252ca1d951990bb1f0b75,effa62e78eff9ea86fd3b97f011e9c6e27845982f16252ca1d951990bb1f0b75,0.004910350005957298,0.00017880002269521356,0.0005069999897386879,[],
683,UPUDUG,0,Zn,5,7c51893faad2d298754937f2fc34fcef1171fb3478dae00d73bdf96d5f96f2e9,2,100,50,100,False,True,100,100,True,True,100,True,0,3ba1b8d2fb4d7e388ce1a31c64b957efdef1a97a1fb3ea07865e21da85ec8a0a,84d5c6fac5fedc440afee314e769f01eef7b9da04f05d91f317b427a4dcee2e0,0.010626399991451763,0.00026259999140165746,0.0007441999914590269,[],
684,JOPVUI,3,Ir,6,1a91b2935aa5f06942bb2c72b027325ce3417ba875072e6481f7a65ac05ba29e,2,100,47,100,False,True,100,100,True,True,100,True,0,44faab3055c576694cc8143bbee9caaea278f9a2229f6de471e9c21f567b065c,44faab3055c576694cc8143bbee9caaea278f9a2229f6de471e9c21f567b065c,0.011853250005515292,0.0003433000238146633,0.001145099988207221,[],
685,QUDTNI,2,Ni,4,d85d5a9b668b8fd8c2a1e17d2344fa8408a3675929bd46dd75051c69711d6e06,2,100,100,100,True,True,100,100,True,True,100,True,0,3d3d3401509b807e1ab7e5db73e5555b9bc848d7e85996b2b01656766e682ac6,3d3d3401509b807e1ab7e5db73e5555b9bc848d7e85996b2b01656766e682ac6,0.00277654999808874,0.00014910000027157366,0.00042279998888261616,[],
686,ETUDUT,0,Zn,4,1a834f5dfde6454e60223ba8746f271a20db7608c1669cd7812b277bfb261d7a,4,100,100,100,True,True,100,100,True,True,100,True,0,9904791f5da740147d074f0f85b7629a015a10526f641a39cfa6cd793bb40f43,9904791f5da740147d074f0f85b7629a015a10526f641a39cfa6cd793bb40f43,0.0027874000079464167,0.00025660000392235816,0.001250800007255748,[],
687,EGUZUE,3,Ag,4,41d8565aee96f203ae5ff75be04c9f9cfc27c53ddeb5e1060ba065a1d40d0575,2,100,40,100,False,True,100,100,True,True,100,True,0,6820640cd8ef021dcd508652d42a87333a3129c48c4a096566d81e6f4b56e166,9373dd454ef7129a1d7141352251e6a3f46242441822c3a3fcb146f8a7a2aa48,0.009290750007494353,0.0001748999929986894,0.00044450000859797,[],
688,TIPFEE,2,Pt,6,03296225309aa8d5e726e69b33141f04e389a0925c79f8bba6c2740fc92cf2f8,48,100,28,100,False,True,100,100,True,True,100,True,0,92428ae187c83c2b94e10f1021398dee6a0bf60df99a9f70a2da696fc349688b,2f19926eb45cc02c6e3eba86fecbd959eefc12a64da32f951f3af40501c92adf,0.005837899996549822,0.0003949000092688948,0.020727300026919693,[],
689,HISWAH,1,Pd,5,722829304dfb57c99ea296a24031d226c512ddc9772555824cac481829079793,2,100,51,100,False,True,100,100,True,True,100,True,0,ad60dc0c16f5d9ac66aede6ed158e2fffd40d82e2a4101285a9b647bccc2878f,ad60dc0c16f5d9ac66aede6ed158e2fffd40d82e2a4101285a9b647bccc2878f,0.005630649990052916,0.00018210001871921122,0.00048820002120919526,[],
690,FOSWEQ,4,Pd,4,d890d89ee0a15949db50918734cd1f54d29d0d66bebc994ff6ba950930be99c5,4,100,100,100,True,True,100,100,True,True,100,True,0,e4dcaa0a719f24ddd324f3daa26ce7d8775fb5f39b94b86f971ae1df55c7e6d4,e4dcaa0a719f24ddd324f3daa26ce7d8775fb5f39b94b86f971ae1df55c7e6d4,0.00880005001090467,0.00017790001584216952,0.0009511999960523099,[],
691,EHONIB,0,Zn,4,edea92d2e9c33a1ddf9b0ea88720b7883437e76f7e28f0479a665b8aca2b849a,4,100,47,100,False,True,100,100,True,True,100,True,0,0abffec05d833c8f1d55a6f0c1fdbe5dbbeddd9818792d95578d8f80c7a16196,0abffec05d833c8f1d55a6f0c1fdbe5dbbeddd9818792d95578d8f80c7a16196,0.0076245499949436635,0.00024839999969117343,0.0011057999799959362,[],
692,NEZRAM,3,Pd,4,a459caac1be9a4bfff2b5a765b9b2bdc2362d837defb5bd414e7d6fe518ac626,4,100,100,100,True,True,100,100,True,True,100,True,0,8a1b06a7ec5e3169b6e5bb6b257a16c1ca304ce6cb36ace427c6d3fd92c32339,8a1b06a7ec5e3169b6e5bb6b257a16c1ca304ce6cb36ace427c6d3fd92c32339,0.011063099998864345,0.0002595999976620078,0.0012240000069141388,[],
693,XUDXUQ,0,Pt,4,da0906ecdc68465ac0ac259ebbdd51fa8e8b89acfe26b7272692635a9a87e1d9,4,100,47,100,False,True,100,100,True,True,100,True,0,ebe214b1a7bb023985b094e65f03df668fad9bae3b8d4372724ac1c9209963bd,ebe214b1a7bb023985b094e65f03df668fad9bae3b8d4372724ac1c9209963bd,0.008753599991905503,0.0002632999967318028,0.0013073000009171665,[],
694,NILKUO,2,Cr,6,a6431128fad6974a11c4aeb515b7b82804ac877adf7f82bb45ca7f048b0f8663,120,100,12,100,False,True,100,100,True,True,100,True,0,2cb8169372ca51ed61515fb670063b3efa44b8f1f7548bea4b3a3208c5048e78,aa973e7008a579da1bd0701963e0bb37119f83f224cc55621eba3546c1e0bef1,0.006935249999514781,0.0004031000135000795,0.04662070001359098,[],
695,MUFFIE,0,Ir,6,6c7b7a77f5d28dba0f8d6b983b63be9eff146a2d89649302751a8abeccdd5485,48,100,34,100,False,True,100,100,True,True,100,True,0,920152d364757a6cdd468fe2edf06e9044c01db9780baebee73fd000d9d4a226,8c8585f70650188f39d98d0a1c9a973e73b12602a91bbf81cd81f1209a6a3011,0.005935599998338148,0.0003923000185750425,0.019886900001438335,[],
696,BAWBAE,4,Ir,6,df088746cd9ffd0a5004f6bab5e35020a7d4ad068b2c98821fb4f07c27d5616f,2,100,46,100,False,True,100,100,True,True,100,True,0,be43ed3e574c16154aec70520c72657c53ef7419c4420c101a761d33871a6efd,be43ed3e574c16154aec70520c72657c53ef7419c4420c101a761d33871a6efd,0.013154550004401244,0.00035659997956827283,0.0012224999954923987,[],
697,EDUREC,2,Pd,4,71a0b7ad2c916b060cd9c0f6cdc5df5701825ff21a4b1f87a48fc59566e60696,2,100,100,100,True,True,100,100,True,True,100,True,0,fc103b077b381b0dc19ec47ee7c5b8f66dd5bbe7fcfbd3c8f5f8b340667eeffd,fc103b077b381b0dc19ec47ee7c5b8f66dd5bbe7fcfbd3c8f5f8b340667eeffd,0.004793350017280318,0.0002238999877590686,0.000609499984420836,[],
698,CIBKOP,0,Pd,4,6c61e01db2a352385cd336168b3280761ed7e7cdc71e2c2d82daad78745b7269,4,100,49,100,False,True,100,100,True,True,100,True,0,c846b0780e4e3d7e99f17a363214f46129bfb1d8589478c92a4f2d4b70b1984b,c846b0780e4e3d7e99f17a363214f46129bfb1d8589478c92a4f2d4b70b1984b,0.0029525999998440966,0.0002510999911464751,0.001297699986025691,[],
699,WAJGIZ,1,Pd,4,9b5d714886e1337fdd1053731816878eb8464abd80a48ce0187fa00046df7f6a,4,100,54,100,False,True,100,100,True,True,100,True,0,8e0bfb0bb017df6243b1da0afefc780b33091c8b16f222c8ff7abae684790a1f,0e3a89a0a829c151a4e16609999400e27bc0cb7957c1cb1e2054b94d548b041f,0.004716700001154095,0.00016369999502785504,0.0007660000119358301,[],
700,EZICUL,1,Pd,4,4043410ad5341524363621e3e735affbd6215b155c0ba9712a028961a2996260,4,100,47,100,False,True,100,100,True,True,100,True,0,f358fc8f19f4df014600a04295e0d378196da9a85fba03625d531f576d849aa2,f358fc8f19f4df014600a04295e0d378196da9a85fba03625d531f576d849aa2,0.007486150003387593,0.0002516999957151711,0.0012864000163972378,[],
701,EBAZIT,1,Pt,4,ea44b823392ea450e0922d71d8e40a9e91b79c403ea8afe444c80f08b375ef3e,4,100,48,100,False,True,100,100,True,True,100,True,0,ab56763a888f623372abb93f8afa4757959cd7ab03ca77ead647a083cfad975a,fcec80231d33275d19c7ffd64a9e25ea3be329a6eb8bcb82a22fdb375ce004ae,0.008277249988168478,0.00025209999876096845,0.0009974999993573874,[],
702,BAVCEH,3,Ni,4,e99f6d9bb9aca41c4846002760266089eaaed2d9bfc9f9e5c0213cb19a3fdc3d,4,100,100,100,True,True,100,100,True,True,100,True,0,75707f9802ab9a6d5657c0b8edd410a6642807a3aa938c331814f45c5eae095b,75707f9802ab9a6d5657c0b8edd410a6642807a3aa938c331814f45c5eae095b,0.007313400012208149,0.0002136999974027276,0.0007808000082150102,[],
703,QIWCII,0,Fe,6,7502e40f91a939cb6a1cb3913a1b6a2daab61e9ea1551579debcc7f646fd7919,2,100,49,100,False,True,100,100,True,True,100,True,0,2a974ddc2fdf2bb28c28a6a9e3bdac04f54e05ab034b08e9b2d18aeba066440e,2a974ddc2fdf2bb28c28a6a9e3bdac04f54e05ab034b08e9b2d18aeba066440e,0.011669749990687706,0.00032199997804127634,0.000994600006379187,[],
704,PIFXUX,0,Rh,6,9d7a360d123286b276fc0db014f1b69aa45d5cee9595b696bf331d32885530c6,12,100,36,100,False,True,100,100,True,True,100,True,0,ef32e11adb657b51ac0b6031c031e277dbf8407cafe6df588cf36b6ca5c94dc8,16af678c089bd2372b2720edef0679a077952cbf89766f1a5ef9fe7d79fe6eb2,0.006647349990089424,0.0003971999976783991,0.004974700015736744,[],
705,YAYBEI,0,Zn,5,5b6a48c3c861b7e24326bed88671fe9288b52e15dd219331f5860967bfa5c1d8,2,100,48,100,False,True,100,100,True,True,100,True,0,07f27d1e70271a9d25f9d23aa3c2153cdb405f62c0af396804d85255b20cef53,929d01aefd978c59d06ea10d64830e0a6683a83b459091bf49bd0a5cbfb24c65,0.0048340000212192535,0.00024339999072253704,0.0006965000065974891,[],
706,ETOGEB,3,Pd,4,74686f9d7c6e3e27cc6b1f38c25d0b31fa0b60cc644e070782f31a3c67f1e624,4,100,100,100,True,True,100,100,True,True,100,True,0,845b2620b616072de8d612c64b0aad4768cd3fe046a2352092923da080b8029c,845b2620b616072de8d612c64b0aad4768cd3fe046a2352092923da080b8029c,0.008400199993047863,0.0002573000092525035,0.0011498999956529588,[],
707,COZQAJ,3,Pt,4,3e1cff0c2012691953c894d351358db4234af94b63e0998245d0dd268b95180e,4,100,100,100,True,True,100,100,True,True,100,True,0,28157f7d58a2804d92cf8f632dc960b5da40634d4111107351c69ba1b545822c,28157f7d58a2804d92cf8f632dc960b5da40634d4111107351c69ba1b545822c,0.004855799998040311,0.0001700999855529517,0.000772899977164343,[],
708,ENEJEO,0,Cu,4,e02687e4fd715f41f4febbb69f7b547e2698fc2a167805cc25b95be8b340d7b1,2,100,100,100,True,True,100,100,True,True,100,True,0,3ce4f31b9f3b183c01ab7ea462f1db86f3e368a4f890594c71d0cb2467f6b39f,3ce4f31b9f3b183c01ab7ea462f1db86f3e368a4f890594c71d0cb2467f6b39f,0.007060750009259209,0.0002044999855570495,0.0005311999993864447,[],
709,OVOJOB,4,Cu,4,dcea3d55373241212a0d78e52d8715264c42c8ccc73267624c764d90b24ca674,2,100,46,100,False,True,100,100,True,True,100,True,0,9ac7190afa92dc98e71ab9cb3b4f117cef1dd9a38d3dcfe9f033fa8698f95c88,9ac7190afa92dc98e71ab9cb3b4f117cef1dd9a38d3dcfe9f033fa8698f95c88,0.011599899997236207,0.0002376000047661364,0.0006359999824780971,[],
710,TCEPRH,0,Rh,6,37aa9f4dcf3810ce5d488bc520864bd89833731900322df7f10c7e1247cc4a35,36,100,9,100,False,True,100,100,True,True,100,True,0,68d9f5ee1fc89f30e85de85629173d5e1961f77567a87161a614a63889319e2a,b79266dd56220b8fb30691d75b8479ab1a3717fb0dba024d9a1ac0b01e5a0579,0.011750300021958537,0.00040099999750964344,0.014482500002486631,[],
711,ICITET,0,Pt,6,23fa4bcac06dfa1bf2c68cda15a53cbc989261bec389fa84f5a2d715d72ff04d,6,100,36,100,False,True,100,100,True,True,100,True,0,1f7b35e4cfe22fd17c2e9b270e05ceb7086e855b7fdc3aabce9ece20253f61ea,263e6806292f24c3c764fec95bacff05154ccf1a255039ebb05b21a35319a4e8,0.006207349986652844,0.0003578999894671142,0.002297200000612065,[],
712,CAQRAO,0,Pd,4,71e0ecc774430067be5a3919748cb83d911d5778cb6b5473c6f7341931e87d6c,4,100,37,100,False,True,100,100,True,True,100,True,0,0c28ba3477d027059d08b0cca53699bb9d505443dee1b125f6f6947eba708dd5,472b0cf59f9a0d370ef694c9076eaf18a0515d4e2178372b1a1014a2abadaf26,0.0046535000001313165,0.00016719999257475138,0.0007405999931506813,[],
713,UFUKOV,4,Ni,4,80c0772aff9fa4e1d06889dfc67ee08d346f88430ae0442f08bb6486b1285cf6,4,100,100,100,True,True,100,100,True,True,100,True,0,0f54d765e6eab9383c95607fbbb63a5baa71b79da679d9909885671f5562aa27,0f54d765e6eab9383c95607fbbb63a5baa71b79da679d9909885671f5562aa27,0.0058146500086877495,0.0001694000093266368,0.0007107999990694225,[],
714,VELPUB,1,Zn,4,9100b754b130a77932fef337af00cedda0a6e3290b7627069b25890c9d344693,2,100,43,100,False,True,100,100,True,True,100,True,0,2455c83a500b77befa97f56a31022d542fbcb70f89d153d94d72f70e2fe9724d,2455c83a500b77befa97f56a31022d542fbcb70f89d153d94d72f70e2fe9724d,0.009955050001735799,0.00022590000298805535,0.0005855000053998083,[],
715,GOPDEX,4,Zn,5,873775fbcdeaf3f16d05544ae51a7eef2fc6cf250337adde46f93babc8aa848a,2,100,49,100,False,True,100,100,True,True,100,True,0,4fcae6f7aae7ab1dc017f7518292f14f2cc10bc1919d7e13649c1d1df8e55162,066dbebe39cc5780240c0b7d4105d24487956c81b311de8dede0d001033d1211,0.004469899999094196,0.00024279998615384102,0.0005438999796751887,[],
716,KIQGOG,2,Ni,4,f6f37de1775b9c32bfd08bc5880e0259d2b2164583d2c5113b012ad18315be1e,2,100,100,100,True,True,100,100,True,True,100,True,0,69f8faf86ffba96cde2d5a3650d92d1cfa8bdb0a8af136e98c273b141a4ca943,69f8faf86ffba96cde2d5a3650d92d1cfa8bdb0a8af136e98c273b141a4ca943,0.0036857999803032726,0.00025680000544525683,0.0007957000052556396,[],
717,ZECZOA,4,Zn,4,7cd0e54a4fb781bd4c34ffe037bbe23f3a3c20eee1e1f5d66c8e2a50434e8f22,2,100,51,100,False,True,100,100,True,True,100,True,0,442dc52554ff9fa070ff3489c026956e84f8a5bcc40d80372b9f92feec807cfa,365281e32321b509040450533ec9e916bb8595b1455a03bb0b833d7c0d83ca7b,0.003660749993287027,0.00020920002134516835,0.0005940999835729599,[],
718,XIHWOE,1,Ni,4,8018397ae5575906fb9bc4faccf2cdb294ef81f3cbdff2155b7a28ef0bb1da69,2,100,100,100,True,True,100,100,True,True,100,True,0,4143c01d510c0542bede7d02d26df0da295b97a88602726fdfe0c7504d5d7e91,4143c01d510c0542bede7d02d26df0da295b97a88602726fdfe0c7504d5d7e91,0.009028349988511764,0.00022190000163391232,0.0006518999871332198,[],
719,SUYWIV,4,Pt,4,403f30fc86ac14f7119d961569bc79e938ec6258fd13c7a2c792f210da478c73,2,100,100,100,True,True,100,100,True,True,100,True,0,41d3dd1aa1d4129f4b89911b8186420f30ac110dcd1cad63837f351b59bfc7b8,41d3dd1aa1d4129f4b89911b8186420f30ac110dcd1cad63837f351b59bfc7b8,0.006951450006454252,0.00021840000408701599,0.00046949999523349106,[],
720,AZAVAA,1,Pt,4,6fadeff9daf99baa60bd0ddd9c430d868854183a259840c7c1af2cca24278d76,2,100,54,100,False,True,100,100,True,True,100,True,0,bb6981ad27806c832d27a579b9e77efbcb5c8434d0b5b9a2ee96a7bfbee05fbd,bb6981ad27806c832d27a579b9e77efbcb5c8434d0b5b9a2ee96a7bfbee05fbd,0.00499969998782035,0.00014930000179447234,0.00038380001205950975,[],
721,CIDDAX,3,Ir,6,18804c7728b045e6119e0584e99fc09f441d95752421360a4be635e8ca35828f,2,100,45,100,False,True,100,100,True,True,100,True,0,2f240a7ca6b88dbeb7f0a84d04ee7d54c00e21520e377dc6a22cc2297b864923,a5fa2b7e3ab24baa68de57f1ab105faa7cfec1a5bc2791d8e917ffbdf095b6f3,0.010809300001710653,0.0002179000002797693,0.0007016000163275748,[],
722,JUTPAR,4,Pd,4,c1baac9f79d772a9b6bd9c9fe6068874c56a8b011469f9f363a57990af9f2836,4,100,45,100,False,True,100,100,True,True,100,True,0,138986f8c6783746163fe4b5a24b99376e58c779fc5bd90b395ae61550c6b41f,6bdf1a261212ab711f062489fafc93cbafb6f03c21bdc392ce5663c75ed92388,0.006759349998901598,0.00025770001229830086,0.0012701000086963177,[],
723,WECGOA,2,Pd,4,a8d672d352910f95e69fc1f0407b8ae4a6cd8b149de7606ba6df4990789293be,2,100,100,100,True,True,100,100,True,True,100,True,0,c5679548a3437cd417fc698b1214c31baa6f3d984730fb600aaa77f342040a00,c5679548a3437cd417fc698b1214c31baa6f3d984730fb600aaa77f342040a00,0.004808950005099177,0.00025290000485256314,0.0007588999869767576,[],
724,QIDHES,1,Pt,4,2e3e5b8ff7a90d07e92fb8ccab50160165c51205f4c8d3275b03e95999811f24,4,100,47,100,False,True,100,100,True,True,100,True,0,f099175c6a27e01b5d783c6645fff3eebcde6dab6034036eb6145ec8199b863e,f099175c6a27e01b5d783c6645fff3eebcde6dab6034036eb6145ec8199b863e,0.008213100009015761,0.0002663999912329018,0.0012937999854329973,[],
725,BOZWOF,2,Pd,4,75c361fe4ac839da0f844d8f0fd846932f74e4551f80cdb62322baf72308859c,2,100,100,100,True,True,100,100,True,True,100,True,0,72eaa0b3d5ce6e0b88dd6ed171297054437d76794edb558f0d42db7a2c4f4135,72eaa0b3d5ce6e0b88dd6ed171297054437d76794edb558f0d42db7a2c4f4135,0.006275049992837012,0.00024670001585036516,0.000738300004741177,[],
726,EHACUN,0,Ni,4,941f8d53653fe307e312c0730e5153c45a94298d2559f09a58f31bf49da5c212,4,100,50,100,False,True,100,100,True,True,100,True,0,97c85ebb0030663260e47e8f1154c792aaaa185f362baa40e29f427e5cca9284,5cb82408bd130b46b823907f1d15719e1953db1a95dc24e810f39246780f3f55,0.005702499998733401,0.0002466999867465347,0.0012374999932944775,[],
727,ZANJUT,4,Ir,5,e82a860474ea8d0d4394795a0023a16d118c2e0116842d099f02f18a67900e04,6,100,22,100,False,True,100,100,True,True,100,True,0,c01f2571afa15d71c3c5a616f906540465c5d4693f489dc3595e6a4cb2487e3c,c01f2571afa15d71c3c5a616f906540465c5d4693f489dc3595e6a4cb2487e3c,0.005439400003524497,0.0002738999901339412,0.002037800004472956,[],
728,NEQCIV,4,Fe,5,45dec1575986f2d7ab4d174fa18d8808e7353e13a4464ed45efc6b57f2ed1045,24,100,27,100,False,True,100,100,True,True,100,True,0,5771f156e335fdfdfcd4ddb365aaffaac7f10bfb556bf5c791dc26e6211c34ea,5771f156e335fdfdfcd4ddb365aaffaac7f10bfb556bf5c791dc26e6211c34ea,0.0043800999847007915,0.0002770000137388706,0.005896899994695559,[],
729,AWIPII,3,Pd,4,d3b2f7457e4ab36e0e4f3f668393c089df54e2a9c055906a72545d7f5d528f01,2,100,100,100,True,True,100,100,True,True,100,True,0,b2f30596eac326bde4d1e244c51920610870b04ff0c8140dba0413391b4b6985,b2f30596eac326bde4d1e244c51920610870b04ff0c8140dba0413391b4b6985,0.004820100002689287,0.00025579999783076346,0.0007696000102441758,[],
730,AXAVUQ,4,Pt,4,817993cab47610ebb8526b95186e75b5723ea006ee0124b027e22a58fe2a85a3,2,100,100,100,True,True,100,100,True,True,100,True,0,eefc72d1d06cadfbb4d5053920968180d7434179aaa599887c56b50274856e92,eefc72d1d06cadfbb4d5053920968180d7434179aaa599887c56b50274856e92,0.008689349997439422,0.00026030000299215317,0.0007730000070296228,[],
731,LUNXEY,1,Zn,5,2410abe79cc3bfe86253850c8e78e51705347e29880c20a80016ca39b2624d6f,2,100,59,100,False,True,100,100,True,True,100,True,0,84992e49440ed7e96c5cd490b542c9b393750feb32aefa732a56302e47888657,20e4217f0b4dca3609106c3fd1b0043c5309ba2430f991d80c18578f3a366c3a,0.003348999991430901,0.00021349999587982893,0.0006105999927967787,[],
732,AHOCIL,0,Pd,4,1c140bd3b34bd0d2bf4d53c89bc6a02eda4bc78186352aec6764c6c0db5134a2,4,100,100,100,True,True,100,100,True,True,100,True,0,5084dfef113006c887a4c5e9388a112e52b914959cc98c8aba5bbed184603cb2,5084dfef113006c887a4c5e9388a112e52b914959cc98c8aba5bbed184603cb2,0.008077499995124526,0.00026610001805238426,0.0012980000174138695,[],
733,UBONII,2,Pd,4,e3a47848f42f1ab93629071f26c2cd07b622d70fcb4add2eaa3d88f88604b488,4,100,100,100,True,True,100,100,True,True,100,True,0,4bf7d1dc7c61f67a8b958169b9eda6279bca16df788ff40b1cc58b8bbc83511f,4bf7d1dc7c61f67a8b958169b9eda6279bca16df788ff40b1cc58b8bbc83511f,0.0043146499956492335,0.0002536999818403274,0.0012523999903351068,[],
734,QEQHUQ,4,Zn,6,a52a271364dddb354e73d13b4ae67fe21526c0f20f8518da3e2827c9788dfaed,4,100,100,100,True,True,100,100,True,True,100,True,0,f22ee182ec62ce5910f1ca4202a1d9b4e2a1702363dfa2f0508b226e21fb2396,f22ee182ec62ce5910f1ca4202a1d9b4e2a1702363dfa2f0508b226e21fb2396,0.009181700006593019,0.00035089999437332153,0.0018614000000525266,[],
735,LIYFEG,3,Zn,4,5226ca113145927ef7ec2cf8e9de68a8b5580847e4c56a4e176e57363a948204,2,100,100,100,True,True,100,100,True,True,100,True,0,fbc4211491a2948606ab6c1838274fd9993a0f198bb405db7ec4661aa853d887,fbc4211491a2948606ab6c1838274fd9993a0f198bb405db7ec4661aa853d887,0.00802280000061728,0.00021139997988939285,0.0005611999949906021,[],
736,LEMQOK,4,Pd,4,fb8074ae61bbe9b54ce88902d42273d0965abfba6a7868df298a2fffe47c0759,2,100,54,100,False,True,100,100,True,True,100,True,0,c0acdbf88360a3b6c7e7c3361638abca50f51c12f86458ccb47072bfd6488d4c,f866ec11aa1c8eea5ba6258f91f290f3443a734eb80972d943b61f3d27e16352,0.0027352500037522987,0.00022750001517124474,0.0007092999876476824,[],
737,MUVGUI,3,Ir,6,7ea3b86685109faf6b64bfbfe6e749975a9f22b39904efe5cbd576be9a943acd,2,100,54,100,False,True,100,100,True,True,100,True,0,91be7b252e5f550741dba11914a0ff41fedcdf9db14699d7feb842d4923116fa,95bd948c6de24e52b66d255720893e22fa1680d2419476d6b23433bd4e151463,0.006982650011195801,0.00021460000425577164,0.0006862999871373177,[],
738,NOMQAH,0,Rh,4,bfb90ef9d1af0e607039c1c1c36263190e68c03aafb640914d881cca81770ed7,2,100,50,100,False,True,100,100,True,True,100,True,0,d4e2a076135c0735a96d0c5f2e61a7e9f6e62d76c06bc35c27bb87e18bdb5cd0,37bcce78094c3308e40e0bf42648cb9d660aa6c31cadb71c6c015f2b4806ef11,0.0012329999881330878,0.0001750000228639692,0.0004952000163029879,[],
739,RINTOX,3,Pd,4,1e6177a4ef57cb188c9c88c5fb07831dd1d5e2d77229d237f3dd4a3b8b036d6f,4,100,100,100,True,True,100,100,True,True,100,True,0,56fb5faa7c8a45caccc6a5d1636964e9c0300d36f122b51c83958faa6d648d78,56fb5faa7c8a45caccc6a5d1636964e9c0300d36f122b51c83958faa6d648d78,0.002256899999338202,0.0002361999941058457,0.0010745999752543867,[],
740,UJEKUP,4,Pt,4,20f9a5897a24a8cdd20241bef6f3cc11c192edf0206a7c8729471b7785457506,2,100,49,100,False,True,100,100,True,True,100,True,0,ee00163d796db99c1b7fcbe7eb6d9d56227f22c0ebd14f05bac95d602d88f0e1,2f152aa7941d9263baa06edf4858c70f140313f4a7a51f79c6b070b555a706e0,0.0026213499950245023,0.00023490001331083477,0.0007203000131994486,[],
741,QODLED,1,Zn,6,1dde80db403fcd3ac71fb666ec7e0b335dcbd01fe5da1b8851ccce71d05f259b,4,100,100,100,True,True,100,100,True,True,100,True,0,654d05096526406133d840107f55b1d1682d48ae98ec78d0abe33d8f2a167a27,654d05096526406133d840107f55b1d1682d48ae98ec78d0abe33d8f2a167a27,0.008532099993317388,0.00021160001051612198,0.0010429999965708703,[],
742,GAVKEV,1,Fe,5,70216ae3dccc78cd69757b7cecc537a84f5a7ba002b96af7368fc8bd925d4d34,4,100,47,100,False,True,100,100,True,True,100,True,0,78e92843d44a157daf06baff7042981996402d271fe77a3f62359a1eecddc5cb,8c52eef883081f0ec86443183f9f52e70f38830162b9024996aa218b637c19ab,0.004338700004154816,0.00017370001296512783,0.0008712999988347292,[],
743,SUJMOC,2,Zn,4,908d60b2470df00a7bd75eeabda5dbf36cdcb60de5d62a665bb6e396de698eb2,2,100,100,100,True,True,100,100,True,True,100,True,0,4879f01a26b81d9f734bdd2c8df9acb04d2b81af86d7e0311a2d28868a80f316,4879f01a26b81d9f734bdd2c8df9acb04d2b81af86d7e0311a2d28868a80f316,0.0036132499808445573,0.00012710000737570226,0.00030529999639838934,[],
744,LOQXOG,3,Pd,4,0c268fe44aefec0cf9e4d5264b6bc878c9b01473ad16de2b0e2d015f3741d693,2,100,50,100,False,True,100,100,True,True,100,True,0,c866153203e2bde6cc7eab43423cde0313e28cc8c192769958d245a69aa6f46a,559bc7d5c3e440d4efe0f2dc6bd1a31519ffd0fb4fbb75d50ff4ce0b7c0343e9,0.00520554999820888,0.00016590001177974045,0.0004731999943032861,[],
745,LALXEC,4,Pt,4,1ec146a3f2b861fde5e8e4975a0c2cdf01328689b3b5724e5c30ef65b8323917,4,100,52,100,False,True,100,100,True,True,100,True,0,00924da63f78c2f973db2e4c29105fa7bcc0428b515b2cc9ce1c9e29aae113ed,18dd4b510a5686d954e870d027e577870442fa2360a06d7a19ff5e762c167f3d,0.008511500011081807,0.00017670000670477748,0.0007689000049140304,[],
746,XIQPET,1,Rh,4,c22eedbf98562248ee67c433aeca664198ea86ecf45082d8f83d10fa869ccb02,2,100,100,100,True,True,100,100,True,True,100,True,0,3048eaadb7e61af34ae92e723ed8bb0b6b48a0cbe5bfd418e571af8a4982efe2,3048eaadb7e61af34ae92e723ed8bb0b6b48a0cbe5bfd418e571af8a4982efe2,0.005929200007813051,0.00016450000111944973,0.0004478000046219677,[],
747,BODTAQ,3,Pd,4,02967af8a0e5e3e4043b35483a1e11e2a871ea713d7d09311b0ae049f6b5c207,4,100,50,100,False,True,100,100,True,True,100,True,0,837f178ba65e728453616446b242669ef756d41b79d19a35b2f853ca62910047,187cd03db7e707ca25dd8368ffa5e127b668eedcf02df2f284946dd8919c56c9,0.006758049989002757,0.00016640001558698714,0.0007328999927267432,[],
748,JEKCAE,0,Pd,4,ad4d140a065e451038b762be4a151dcbaeeab9a21c79d1993f16d7749861c8e6,6,100,18,100,False,True,100,100,True,True,100,True,0,cc2a0db04a65c2515befadb778f847af0a96719a3bc0fae374c91c51c4498b25,cc2a0db04a65c2515befadb778f847af0a96719a3bc0fae374c91c51c4498b25,0.0062627000152133405,0.00014780001947656274,0.0007641000265721232,[],
749,HOXDAA,1,Ni,4,cfa49f874667004792341058e038508a39a62d3c69cef12755a1f4dd97430dfa,4,100,52,100,False,True,100,100,True,True,100,True,0,364c0ef6aa685361fc470c6ae5657c2767a1a04c8fcbb2d1eb1ab8bba44fe36b,7ab3f3b4388c9c3b1b2773f1ef942c3ab620feb50306a6684058a52af30e529d,0.005618750001303852,0.00016700002015568316,0.0008303999784402549,[],
750,TOXQUS,4,Pt,4,42a59d396f40c4eedf3141487f2cadce97d73d2c69442df2a5c3afa6aa6873b8,2,100,100,100,True,True,100,100,True,True,100,True,0,f91b513776e380bdf4d522b517d4676e2c3467c9788b33d62c9659f7560e2472,f91b513776e380bdf4d522b517d4676e2c3467c9788b33d62c9659f7560e2472,0.0021105500200064853,0.0001399999891873449,0.0003968999953940511,[],
751,SIKQEL,1,Cr,6,d32a6e5d6c3067b475fd301e90d2f4a95249bc2415833e49c39d2390a55ada05,24,100,6,100,False,True,100,100,True,True,100,True,0,d9917c3754ae4292deedc83f6ab8b6a105c2d0e37545525b110e85e2c8b8b323,34bfda6742e92a32750b6f43232e8b385c5708ea36d2ed2c156801f48ca74a22,0.007458849984686822,0.00022220000391826034,0.006095799995819107,[],
752,NAVRUA,2,Ir,6,69fe37a7271b448a61f582a7cdf0a00ae42d6005efc5b79187b05bfed6a05335,2,100,51,100,False,True,100,100,True,True,100,True,0,90c4dfca760f881a4aa092f0ed220a4125a79717b5822bd9eab15bb42bfdfc6d,90c4dfca760f881a4aa092f0ed220a4125a79717b5822bd9eab15bb42bfdfc6d,0.013622950005810708,0.00034279999090358615,0.001201999984914437,[],
753,MIMCOB,1,Ag,4,b8b271d4cb13855ffd6413af59a1862fb31e291e7f94dc203c520f11b9c1b3b9,2,100,100,100,True,True,100,100,True,True,100,True,0,94defe58316878602999bc37bfe0efb9d5b792b72c9312a9147c3f325016b9e2,94defe58316878602999bc37bfe0efb9d5b792b72c9312a9147c3f325016b9e2,0.006246250006370246,0.00015140001778490841,0.00041859998600557446,[],
754,EGADUN,3,Ir,6,cfc443a66430fddcf45fade20fdad7a13e15b85e505a1cc4278e384646aac8d3,2,100,51,100,False,True,100,100,True,True,100,True,0,6fb4d1055c0c53c863f7e6d09f04603a783a0fee05138899ebf223ba140022d2,6fb4d1055c0c53c863f7e6d09f04603a783a0fee05138899ebf223ba140022d2,0.00963850000698585,0.00022170000011101365,0.0007009000109974295,[],
755,ZIGBIE,4,Pt,6,804f0b667d848e08607c2710e061e50f9e28e5270a6a58af0b2db5a8a0957eb9,4,100,50,100,False,True,100,100,True,True,100,True,0,1555cc007b5d1c8e8896c1404dfed4c8ca256761e4f7134c9353f99e1832443b,1555cc007b5d1c8e8896c1404dfed4c8ca256761e4f7134c9353f99e1832443b,0.008361000000149943,0.00023269999655894935,0.0012564999924506992,[],
756,QIJRIM,2,Zn,4,dd834c201b7b1ca8cdc9170bc95b984654fdf9ff9e64878fdca2a6362f30997b,2,100,100,100,True,True,100,100,True,True,100,True,0,10c57362b291ce01071b2f63ebe7392a9627ced0c5f150ec3730386334db808c,10c57362b291ce01071b2f63ebe7392a9627ced0c5f150ec3730386334db808c,0.005426049989182502,0.0001998000079765916,0.0005084000003989786,[],
757,BESXOP,1,Zn,4,c6e5e0bd519ae71ef09abdb9b4c18df6d651f9d1f573d51e5ab99c122d956d89,4,100,100,100,True,True,100,100,True,True,100,True,0,0f4e5f3caa9315867d745c4c1ec948d41e26c990d85a95c7571a7af6a5189f50,0f4e5f3caa9315867d745c4c1ec948d41e26c990d85a95c7571a7af6a5189f50,0.00825765001354739,0.00017819998902268708,0.000755899993237108,[],
758,RABGUZ,2,Pd,4,49da0f602865dff5d32a0d445befc4252efa0b33f0579bb8aa9ef058a3a2cd83,4,100,56,100,False,True,100,100,True,True,100,True,0,2a41115f9ee1578ac965e16559083348b46448299de8c88a73cd49b567ab27e0,af9077d87c22179f34d955a7bae38b1790e7e0dfd1577757c5ceba08d0a66d8e,0.004059200015035458,0.00015700000221841037,0.0007297999982256442,[],
759,KIKZUD,4,Pd,4,e4a52436f353f838d7ea517ee46f47edf10b43bc5cb12e6050572b4673ad9b15,2,100,100,100,True,True,100,100,True,True,100,True,0,883f232163ce4df816941111fee8565098d9421f4463083ef6038738c64f6a1c,883f232163ce4df816941111fee8565098d9421f4463083ef6038738c64f6a1c,0.003767150003113784,0.0001404999929945916,0.00039480000850744545,[],
760,JEZLUV,2,Pt,4,d200d8af5248fe2b471c3aee76c0b9e013d200931ac1a9138a26773c39ce086b,2,100,45,100,False,True,100,100,True,True,100,True,0,6194a95c85cb21fe461bcce0d192d532117d77a6dadea4564463421b60e28bd1,6194a95c85cb21fe461bcce0d192d532117d77a6dadea4564463421b60e28bd1,0.0012470999790821224,0.00021430000197142363,0.0006882999732624739,[],
761,MEDBUT,2,Ni,4,2d8e838129a53b9db78f04ccd631b69bfc26e5d180b66b5545ecb9c24b626c1b,4,100,100,100,True,True,100,100,True,True,100,True,0,3021a9988ac5cd21a212dd6fe01b4b2b2a80e30089efb25619814b3ab3598d92,3021a9988ac5cd21a212dd6fe01b4b2b2a80e30089efb25619814b3ab3598d92,0.00942969998868648,0.0002547999902162701,0.001137399987783283,[],
762,CABVOS,1,Ni,4,7564dc99338128042adcbbf0edf39ffa3512c56f1310deeb2539f0830d2a4379,8,100,100,100,True,True,100,100,True,True,100,True,0,7b1ea7abef150c04a7370c2dab9d3eda212a06ff16d7ed949c5110ed2e4c2785,7b1ea7abef150c04a7370c2dab9d3eda212a06ff16d7ed949c5110ed2e4c2785,0.006077099998947233,0.0001585999852977693,0.0013761000009253621,[],
763,MEGLUH,0,Ir,6,b34601290c730e4b5f70562087f8aba6c38b7572f22e998117ea0bbd0789027d,2,100,55,100,False,True,100,100,True,True,100,True,0,1d855cefd82643f572c2001d1752a0d613048b6183cc0850d007da323fcc2d0f,1d855cefd82643f572c2001d1752a0d613048b6183cc0850d007da323fcc2d0f,0.011751950005418621,0.0003102999762631953,0.0011480999819468707,[],
764,IQOHEB,3,Pt,4,d13df02607b75c46a5b988fbd5ae7e22b3d215ea6c7a1cb71d1726cc8b6bf123,2,100,100,100,True,True,100,100,True,True,100,True,0,bcebb0a041b14bd3cc79d1c2c6bf17028efb8c456beea472005c0560de25907e,bcebb0a041b14bd3cc79d1c2c6bf17028efb8c456beea472005c0560de25907e,0.0012589499820023775,0.0001564999984111637,0.00045209997915662825,[],
765,TUXRUZ,4,Pd,4,b17753d45b6b68715d149d059583c1343c1aa02dd9ed9915192be3dda1d7e482,2,100,49,100,False,True,100,100,True,True,100,True,0,16c7fdcde84425ec42c27de3eedbf26c2e986df9057fb63d84b6c7d7e8b699df,16c7fdcde84425ec42c27de3eedbf26c2e986df9057fb63d84b6c7d7e8b699df,0.0035680500004673377,0.00015310000162571669,0.00044269999489188194,[],
766,SEHCEO,4,Pt,6,c69fd69d64bdee873a97c9e6030af4bbf64e84655b7d50285c62e1534f236c43,48,100,10,100,False,True,100,100,True,True,100,True,0,2b04fe983dd21b27e1190eb0ab91ddb4ed7e94061604ab1cb7c3d7ea5216f8be,7d0dc05468f89f683094516d7dc2e7b9fad50245044a84777dcce4faefe3a0f9,0.004205600009299815,0.00023220002185553312,0.013161899987608194,[],
767,EKABOJ,4,Ir,6,02525f358cdc1a18fdf27a0f3507743373f654433dca72f03033d2368bac284b,2,100,52,100,False,True,100,100,True,True,100,True,0,31564fc71cf5bd94576933eef7049d050f19b208b433df4843ae438429e98795,31564fc71cf5bd94576933eef7049d050f19b208b433df4843ae438429e98795,0.008440500008873641,0.00021800000104121864,0.0007039000047370791,[],
768,TITLEP,2,Pt,6,60ea95ab7efe2c75da62ac059ea9ecd96c3ae0bc719abe45327191aa47caffdf,4,100,46,100,False,True,100,100,True,True,100,True,0,956801bfb149d07e13b2892c95ad8faddac14a1135f6ff1236ec2573c215ce63,956801bfb149d07e13b2892c95ad8faddac14a1135f6ff1236ec2573c215ce63,0.010141250008018687,0.0002793000021483749,0.0016228999884333462,[],
769,OVEKOR,3,Pt,4,3a77c77829c8cb8eed12f4f3f0ee0e2c7ce83b0d1ebe0dcd7971fd1b6d8b53f5,2,100,100,100,True,True,100,100,True,True,100,True,0,35555bfc987ce2f749bf56f0ec392a528d6e7479ffe787d77e1432af6afdf7d8,35555bfc987ce2f749bf56f0ec392a528d6e7479ffe787d77e1432af6afdf7d8,0.008415150005021133,0.00018569998792372644,0.0005144999886397272,[],
770,QEWZOH,4,Pd,4,5567b63a7d28a63ef068d4e3ab0f894bf264d87f6a669e316480039ab9401337,4,100,100,100,True,True,100,100,True,True,100,True,0,a242603795e5d2b791a474a650d97cc78cc58a61395b32c4ca98d25c9a6ef8f8,a242603795e5d2b791a474a650d97cc78cc58a61395b32c4ca98d25c9a6ef8f8,0.007783400011248887,0.00019730001804418862,0.0009881000150926411,[],
771,DURYEX,4,Pt,4,1402b8208ba34e32230949ec0ed6095a7c64d083c51fb7b4d2d655895467e10d,2,100,46,100,False,True,100,100,True,True,100,True,0,70919311fcff4f1bd68104ea9e9a39f027ac8b8b7bd140d699059379b24c6679,4eb4fd745da0f66b727fdf7f9fababc6642e85582e5a2e72469884b8b78e0c41,0.0037320499977795407,0.0001790999958757311,0.0005564999883063138,[],
772,NEYFII,2,Zn,4,0c206bed656df6ba1374cd85cb77ee3f5047fb3eb24354778866ecb11350e40a,2,100,100,100,True,True,100,100,True,True,100,True,0,94584c21f548fadb6b661a3bf82a92fd00d6d9d2eb2b39b86c5cfaa6c449a4f5,94584c21f548fadb6b661a3bf82a92fd00d6d9d2eb2b39b86c5cfaa6c449a4f5,0.005059400005848147,0.00015589999384246767,0.00040600000647827983,[],
773,BAWMES,1,Ni,4,244a0de60a851c63441f041d14175967ac2aada49633aa7ae8b02eb3bf112735,4,100,52,100,False,True,100,100,True,True,100,True,0,16f2357460bd5010378eedd6718ad22e88cb818d2070c370221c86413e4e4116,16f2357460bd5010378eedd6718ad22e88cb818d2070c370221c86413e4e4116,0.004569700002321042,0.00017980000120587647,0.0008480999968014657,[],
774,LIDMER,1,Pd,4,2116c40094ce8962b855144b6ef07a69954dd5c1d818192c1c3cbed203a5fbae,2,100,100,100,True,True,100,100,True,True,100,True,0,19c40fcd8fab13e943f89f3d225f828a53e86c24eef33b93ed7e2e4497fc7977,19c40fcd8fab13e943f89f3d225f828a53e86c24eef33b93ed7e2e4497fc7977,0.005216449993895367,0.00016310001956298947,0.00046449998626485467,[],
775,FISTOR,4,Rh,6,f85d81f7c7328040497ba78000e1ed977269b0034b36ec1839c981fd07c4b519,6,100,20,100,False,True,100,100,True,True,100,True,0,15550320ba2995f4ca4608464d713fd5dd3b5fb66452cf99478c407d1a2cea77,9828b80c6746b45dd4e42bcd5544021c7e38739ab38ef5811ec5890786d620e7,0.006879799999296665,0.0003218000056222081,0.002374300005612895,[],
776,PIGWOT,0,Pt,4,dc1eb2d2bf8f0f0209bd3aa48d8d0028a1fccfd6e8fa7a8d805d674df21f2f95,2,100,100,100,True,True,100,100,True,True,100,True,0,390e5be105a03b40276bbb900245410d88861888e955346ad5b6443d85e83687,390e5be105a03b40276bbb900245410d88861888e955346ad5b6443d85e83687,0.0036723499797517434,0.0001818000164348632,0.000535300001502037,[],
777,KICLEQ,3,Zn,5,33b66e07c77726290146135d89fd0bd52da94dbcc8dc996690000914a3557274,2,100,52,100,False,True,100,100,True,True,100,True,0,ddde064e3ddb6fa75341154396070db47f0b462719fc526b6450fd7e725b5c1d,ddde064e3ddb6fa75341154396070db47f0b462719fc526b6450fd7e725b5c1d,0.00864744998398237,0.00018319999799132347,0.0005985000170767307,[],
778,VUJJIV,3,Zn,4,78f28e056559387f6355352b8b4c8d2ffa4b3b3ff045115392f12260c35afecc,2,100,48,100,False,True,100,100,True,True,100,True,0,518704c0d120392a9c43c8268a98a225b5b41e4106195e63617328816050817d,710bf438d46ab1c3c9e8a7ea8f29a5499931f29daa31086a367ebe4168334faf,0.0057175499823642895,0.0001475999888498336,0.0003806999884545803,[],
779,NOVJIU,0,Pd,4,f740ac5b6a0cb4e85c1f04b781b4a14f660dae540ed6e3ea1e25774063c425f7,2,100,100,100,True,True,100,100,True,True,100,True,0,4ca0e4377ca442bafcaef9e62db63eb98dc6e941f47916d7314f1b5f87b2101f,4ca0e4377ca442bafcaef9e62db63eb98dc6e941f47916d7314f1b5f87b2101f,0.00695239998458419,0.00017710000975057483,0.0005265999934636056,[],
780,YEFKOJ,4,Ni,4,f723de6bb4bcb3c8ac37f632939c25600e30af02ead1a604093cc36cc7edeff0,2,100,100,100,True,True,100,100,True,True,100,True,0,da5a4810ba92d4b37b1f2d2e872afef72796b67557a1e3e383bfd2a99a9c2f05,da5a4810ba92d4b37b1f2d2e872afef72796b67557a1e3e383bfd2a99a9c2f05,0.005806749992188998,0.00017739998293109238,0.000505700008943677,[],
781,QEZCII,4,Pt,4,ecbb9ca1aa498b9926395de1c4d1c926c76ef0fe8f90da1abad9b6e9c3185e89,4,100,54,100,False,True,100,100,True,True,100,True,0,ad067921b6d2756d9b9ecd863cbcd4fb2f076d090cf3c7115c4afe41df9a768f,ad067921b6d2756d9b9ecd863cbcd4fb2f076d090cf3c7115c4afe41df9a768f,0.004019899992272258,0.00018690002616494894,0.0010827000078279525,[],
782,XEZWEI,2,Fe,4,97748ed4cb7e8d1a47e148b65f9f92a21cc2fe7c15ffe672a2ad0028ef11555a,6,100,36,100,False,True,100,100,True,True,100,True,0,de6997522b3d0661a4402cfc805b8dcdf9d20718d752b1ac9dde1252c3743256,de6997522b3d0661a4402cfc805b8dcdf9d20718d752b1ac9dde1252c3743256,0.0054663500195601955,0.00015820001135580242,0.0008891000179573894,[],
783,UZEBIL,1,Pd,4,2c6fcb9369c65c9e1ec9a759e59c77eeabb79f8301a6f771fc2c362d48f7e84b,4,100,100,100,True,True,100,100,True,True,100,True,0,d585a23b29209dcf9ef4f9e15f92d3e3c0db528490abcca988383ca00e997134,d585a23b29209dcf9ef4f9e15f92d3e3c0db528490abcca988383ca00e997134,0.007681299990508705,0.00018649999401532114,0.0009361999982502311,[],
784,CINMEU,1,Ni,4,5822cb0bd8c187bb81ca3d15c7977c0b468763e87aea3b891fd34c6606f32c6e,2,100,100,100,True,True,100,100,True,True,100,True,0,e0adbe4f7b1cb34c86bae127e0d4707d5a5ae490708eaf862038a7fe059fe5d2,e0adbe4f7b1cb34c86bae127e0d4707d5a5ae490708eaf862038a7fe059fe5d2,0.005991899990476668,0.00016930000856518745,0.00046060001477599144,[],
785,EFUZAG,0,Pd,4,d35df00293f138b4c56b6b955717f3f4716d0b812b86198f54a25f328b8539a9,2,100,49,100,False,True,100,100,True,True,100,True,0,bac69c0e4b86877437d5715e4070598517b54b9e52af1b9d4226f396dcfbd70e,bac69c0e4b86877437d5715e4070598517b54b9e52af1b9d4226f396dcfbd70e,0.01122539998323191,0.0002716000017244369,0.0007865999941714108,[],
786,HAVBOW,1,Zn,4,5124c2b24a3ae3cd94c09fc8351a1027527fe9bbdbcd96fadff97b2e6281541b,2,100,100,100,True,True,100,100,True,True,100,True,0,82bb6118e58d724195f68a6136db7ba621582b781c614d249182285900f7c830,82bb6118e58d724195f68a6136db7ba621582b781c614d249182285900f7c830,0.003733949997695163,0.00013160001253709197,0.0003121000190731138,[],
787,JIBHOV,3,Ni,4,749fc833d7d361daf0ca1fca36977ee741628d6d7bff0699ccbc69cc943a41fd,2,100,100,100,True,True,100,100,True,True,100,True,0,8266b05b60f6488590352932d79c572f7ae39ce043da9b94426ae11bf3eaa27d,8266b05b60f6488590352932d79c572f7ae39ce043da9b94426ae11bf3eaa27d,0.0039920999988680705,0.00014099999680183828,0.0003555000002961606,[],
788,JUKNOS,2,Fe,6,9cead4be794bbcd60f8352b2d9f36983c08853e6660948eeab5c737fbc51b91e,48,100,35,100,False,True,100,100,True,True,100,True,0,5077211711ba578839c0c2c191604a5d650a7575721ca89d4da2a4204eafd17b,ddb8c88a6280b2feebd97bd588c637bc8f399b83ea5f2fcefeaf574eb2f6ff6d,0.007193600002210587,0.00039629999082535505,0.01761310000438243,[],
789,USOKOF,0,Pd,4,49e4f43cfae01a07eec07781623223b4917abfbd23be7351b61e664cf700a27e,2,100,100,100,True,True,100,100,True,True,100,True,0,dfa14ec9b199bdb22eb600ae3cd7330d1d75fe573d1cb44414d0840932a3c9da,dfa14ec9b199bdb22eb600ae3cd7330d1d75fe573d1cb44414d0840932a3c9da,0.0025852999824564904,0.00014630000805482268,0.00040240000816993415,[],
790,YUCHEL,2,Ir,6,8ab64afb45f45af5020bbf3798813a0226edb35a00a763465764608b0c55708b,2,100,57,100,False,True,100,100,True,True,100,True,0,e2935396d6e86eee1675661d17443b7eac6765e485fd9f3f2efca5ca9e9ae174,e2935396d6e86eee1675661d17443b7eac6765e485fd9f3f2efca5ca9e9ae174,0.010673700002371334,0.0002280999906361103,0.0007818999874871224,[],
791,EMUKEC,3,Zn,4,611e66c008fd28ccc6bf532e49b74953225a9e45dcfab5cea08171a9222ece0f,4,100,100,100,True,True,100,100,True,True,100,True,0,f372f56eda31da5c3225e549be8b83f2cb80e3c5eb667382f3b9a7578adaa083,f372f56eda31da5c3225e549be8b83f2cb80e3c5eb667382f3b9a7578adaa083,0.006064200002583675,0.0002066000015474856,0.00068450000253506,[],
792,DUFYAE,2,Pd,4,f1a0d5e945b7c1aaa183900247aa5e17101a801b1b2c030bd45dca8fb0e6d1bc,4,100,100,100,True,True,100,100,True,True,100,True,0,9124b59722874040155592ba63528f2c7ecb51244924743bc2bb7299c5634733,9124b59722874040155592ba63528f2c7ecb51244924743bc2bb7299c5634733,0.0035173000069335103,0.00017250000382773578,0.0008453000045847148,[],
793,TAYXEA,3,Zn,4,cef27b23e132c45275f530a3b899e286a087993e86e89d419d4fd5d8dd49ee72,2,100,53,100,False,True,100,100,True,True,100,True,0,475416991b3a50c87c1fdfddf568688dd6b39e4f1df26801f4779b66b534ca9f,84467b0ed4fcf5be0bd776a960f0b5a7c17bfa01bf17e83e232af568f1cd111d,0.005215900018811226,0.0001509999856352806,0.0003552999987732619,[],
794,ZEPQAP,4,Zn,6,f0497ead82ba24edf6d347121468f6189125c7b65fee1d9184ecc1a9e6e7b00d,4,100,41,100,False,True,100,100,True,True,100,True,0,58b53b9293828342bd621c5f8fb38be10f68b6259631388843de732fb9c0e4d6,b9b2015f872f58fe575707388747f5ad1dc4546b10bb7e8c08fee0b65ccf4919,0.00936290000390727,0.00022230000467970967,0.0012367000163067132,[],
795,VIFNIJ,1,Zn,4,3a1df86429c576633fafb54eeee6ad1cda2822901907d9513285c80f63f2da56,2,100,42,100,False,True,100,100,True,True,100,True,0,a9fba2f29f5f508ad5d848b7cc8b78875b7e720f3da8be7dbd61bc900c8c2fbe,27b3f38e17a1f214a8322cff879c3755358c719c3d79d2dd646942c11686be1b,0.003085150005063042,0.0001432000135537237,0.00036639999598264694,[],
796,FOQPOQ,0,Pt,4,5e17ce5e2af75adb0457f2a3156499c5bbcd96ece4acebe239cffc7ea9eeadd9,4,100,53,100,False,True,100,100,True,True,100,True,0,30488967a56584f315ee346c496d52e4fc8046cd9cc773deeff3a95fd545a49b,0f562807e0ee82516ab4df669c686272666d48f8f64ce26e28dc6bcf9c1d87c3,0.009726999996928498,0.00025749998167157173,0.0012798999960068613,[],
797,CAHCOE,3,Pt,4,bcdfa8ce854a37f8dcfe7c6d094abf5bf8036f54cb62198eba93a9585b9ce72d,6,100,30,100,False,True,100,100,True,True,100,True,0,76fe7eab4f3502be6da9286dca2a5dcb25d885764c69e41c091c9ae4633855c9,a73918830ada2b62ba162b52a3d1ac7339e1d4d503a0b8802d47968d43c38ff2,0.003537899989169091,0.00015300000086426735,0.0010062000073958188,[],
798,FOKTAC,2,Pt,4,659323c2d5decc45548637d5e00b03249a966848e3e4ef85a670015f7e19c51c,2,100,44,100,False,True,100,100,True,True,100,True,0,6d33e408501b9cae90ef1f28d45b2ce983009fcf71a2da270a0f7fcf97aa74f8,425d3ef24cbf845fbf9e58f5369a875c4c1a00fe1e4b96ec7ae2e40954611bd2,0.002649400004884228,0.00023820000933483243,0.0007241000130306929,[],
799,WOBQOV,0,Ir,6,a4011debc10e919f0646abc7795d0a179ae5a4c7d90ecf12f8acf5b140f0ef40,2,100,56,100,False,True,100,100,True,True,100,True,0,b1be70e6aac232041dd4666690aa98a71072424ca09c8537e3260b457830ef0f,54363e7183d2bcdad1aa1dd9dc6cf5ed8c3b2f3247deb5bf5e237ec5a56e65f2,0.010114499993505888,0.00023020000662654638,0.0007145999989006668,[],
800,FUZSEZ,1,Pd,4,68edd885d6417656c9b33a1b9f9295e0a2f4835935caca9014d58c2a4a9a6cd6,4,100,100,100,True,True,100,100,True,True,100,True,0,ada013d4e8c7cedc97e1440ce48c47e9860c422fde710a28fb4084abb0419aef,ada013d4e8c7cedc97e1440ce48c47e9860c422fde710a28fb4084abb0419aef,0.007954999993671663,0.00016649998724460602,0.0007395999855361879,[],
801,MOBJUK,2,Ni,4,67e16c9ce3f5abecd5befb06f9a18a5a4fa486a2cceecb94592c52f1d2e9f043,2,100,100,100,True,True,100,100,True,True,100,True,0,04fb21607d21d3eb1d1a06f19e7ad75ee833d710091646af85d255c25bee15e9,04fb21607d21d3eb1d1a06f19e7ad75ee833d710091646af85d255c25bee15e9,0.002218100009486079,0.00016029999824240804,0.0004569999873638153,[],
802,NOQFUX,4,Pt,4,7f981cad1a245091c02234f3f1d1e9df842acb9a47f1cc024f8539635cf254d8,4,100,100,100,True,True,100,100,True,True,100,True,0,b5b2c26ba6c2cc83311355312c6fa2b79f2be2e5c755f49c9edffd57a4545156,b5b2c26ba6c2cc83311355312c6fa2b79f2be2e5c755f49c9edffd57a4545156,0.006651950010564178,0.0001708999916445464,0.0007470000127796084,[],
803,YOCZEW,0,Cu,4,20cbe056fc4c31399e66ec280446a8109ffbe247f9088fe5d50867573b3cc15b,2,100,100,100,True,True,100,100,True,True,100,True,0,a55fd86ae271ef9016a1166ff93dc2b8cb4e694e33e0853e527040da70d88b71,a55fd86ae271ef9016a1166ff93dc2b8cb4e694e33e0853e527040da70d88b71,0.006131549991550855,0.00019779999274760485,0.000523299997439608,[],
804,WECGOD,2,Pd,4,5523dd169fe8b03e07c67f37c515ee796ccd51f4a03775c519344267020a64d9,2,100,100,100,True,True,100,100,True,True,100,True,0,6da3c19be50053ceb91765c6d219c204beb62bec965a31df5d9313ec15efd300,6da3c19be50053ceb91765c6d219c204beb62bec965a31df5d9313ec15efd300,0.0030204500071704388,0.00025340000865980983,0.0006226999976206571,[],
805,LEKVOO,3,Ni,4,dadb7db61bcc62af74ec95e6e1b6c7272f6a5e9760c35b7d1c826a0132b496f5,4,100,100,100,True,True,100,100,True,True,100,True,0,4643a39059159877a1c77f7b7700cf1ca54e71f136e302c8e506abe8ea035c9b,4643a39059159877a1c77f7b7700cf1ca54e71f136e302c8e506abe8ea035c9b,0.0042055999947478995,0.0001514999894425273,0.0007182999979704618,[],
806,XOXMAY,2,Pd,4,b27185abe50230fcf0a90168d2adf505bf9ab82768d141df4b6e3b562fa324e6,4,100,58,100,False,True,100,100,True,True,100,True,0,de051f25c4b0e86de4e74722288a0267b487492baa461da8960d3560ce4664c2,7aa54bb34b095cfd08443702c88f5b5ded7f213bfd724cba8adaca64e61b6ad4,0.00877924999804236,0.0002640000020619482,0.0012892999802716076,[],
807,IYURAW,1,Pt,4,bda0f0cd5cd0bf10d527f34c412a5eea538d34b7c5d9d76affe31567a4926e8c,2,100,100,100,True,True,100,100,True,True,100,True,0,15ab5d762359c4f00ca0bef96f9f184fbd051053d20fad757334707244ef445a,15ab5d762359c4f00ca0bef96f9f184fbd051053d20fad757334707244ef445a,0.002297200000612065,0.00014519999967887998,0.00040060002356767654,[],
808,OKEXUZ,2,Zn,4,fc3f68604b9d00eedae607ee7f3108a3bfeba0c298b7fb96f39d53f6f61c4a1d,2,100,41,100,False,True,100,100,True,True,100,True,0,f1b0013515d76b8d2e9be0149cf15f070ae2e790c59f6ddfbb177216a9586642,f1b0013515d76b8d2e9be0149cf15f070ae2e790c59f6ddfbb177216a9586642,0.004297549996408634,0.00020889998995698988,0.0005587000050581992,[],
809,ONEQUU,3,Pd,4,07f0f73df31dcfd15e352b40f94cf31b76757f69b5b595e388032e2c741ae52e,2,100,53,100,False,True,100,100,True,True,100,True,0,54e9680d40a7a955e3b73834c5f51148d107df1c302f0037a2f1b8afe07a2f51,143e7040a6b299c33a2263544d289ab56b8e1ed2d006bc487a6286ebfa78d39d,0.00376325000252109,0.00017260000458918512,0.00048809999134391546,[],
810,ROLZIC,0,Ni,4,5f955bbcab90fed7fceed26f9a7a7c1461d4c2937cfdb12496048568ca798fa0,2,100,100,100,True,True,100,100,True,True,100,True,0,afb3ff52083b02213b99282185cc9213198256b43fbafb54ea6fd7e55f552d5d,afb3ff52083b02213b99282185cc9213198256b43fbafb54ea6fd7e55f552d5d,0.006392249997588806,0.00014979997649788857,0.00041359997703693807,[],
811,UBIHEU,2,Pd,4,416efb8f661ac7243142e780f81f93f553c30eab4023bece950c17c7048e766b,2,100,41,100,False,True,100,100,True,True,100,True,0,6eea44a22075dc2bba07a55af85eebd23d1e36add26f1c1a97d1652e69c8608a,6eea44a22075dc2bba07a55af85eebd23d1e36add26f1c1a97d1652e69c8608a,0.003337650006869808,0.00021230001584626734,0.0004940000071655959,[],
812,CEQJAK,2,Pd,4,c7ba6ae8d75b0ba2746d8d3f9cefac36cb05423d24d0d942006fb3c8874672f9,4,100,100,100,True,True,100,100,True,True,100,True,0,436d63a2e39dfcd7c1b42e9a5ba1c64609b1648784c5f2de5eb033dad214aaa7,436d63a2e39dfcd7c1b42e9a5ba1c64609b1648784c5f2de5eb033dad214aaa7,0.006434800015995279,0.0001610000035725534,0.0006957000005058944,[],
813,RIVWOT,1,Pd,4,0d0991851429df38e29160f17b0e977c62d7251fa4b99e746079ff55b453a849,4,100,54,100,False,True,100,100,True,True,100,True,0,006a301a95e3c0f748eba047e658001eea3d330cc315068a24d80b3d2433b003,ab75487436f567f05d55cf5241daf2c965637918194d27d229f40cf34b224ada,0.003100850008195266,0.00015690000145696104,0.0007347000064328313,[],
814,HAHVER,2,Zn,4,1ca1d6f610b70ed8ed1599f48c7c208c0cb3370ce4c08faa77b6fd6311cbbda0,2,100,41,100,False,True,100,100,True,True,100,True,0,b2dea37f87de5b7b594492691a47000fb27d73b873d2e5899598e4ac302dac72,80a0af2b8d461daae0c38c473ca41ca2b96aa429ca7b2cef3d7df3d3533181cb,0.002552349993493408,0.00020050001330673695,0.0005707000091206282,[],
815,TUCDUR,2,Ir,6,a1ad0b4a1138bb6b3bd5271ba6aa89171e848450fdb36db52f82827330e3797b,2,100,50,100,False,True,100,100,True,True,100,True,0,72545ef4d326c25fbc65966f56d2421e0ae303cfe3159c17242417494eb69a1f,72545ef4d326c25fbc65966f56d2421e0ae303cfe3159c17242417494eb69a1f,0.008627549992525019,0.00021040000137872994,0.0006899999862071127,[],
816,HIQBEO,0,Zn,4,63fba0b1eaa11ee99dc91f3ae69b76bfba44b22e17ffe8079fc54e8754c8193d,2,100,100,100,True,True,100,100,True,True,100,True,0,cdce0fb97a41ffa9e85e52a2272241afa6ed6226e541369259594277c0d7fe8d,cdce0fb97a41ffa9e85e52a2272241afa6ed6226e541369259594277c0d7fe8d,0.00437075000081677,0.0001354999840259552,0.00031839997973293066,[],
817,NEPRAF,2,Zn,6,97eca5fd3c8a27dfa1f141f0ff7951c5792d23edde2dc6764d131c6102e85b94,48,100,25,100,False,True,100,100,True,True,100,True,0,ff3d7627f91a4464d527bb0c1fbc20816903651236bf5101deb45f6cf5e99b0b,09279d4e084e4a9c905088a4c950d60bbbae2b6c33e4bb752424cbfcbed282e9,0.01246245001675561,0.0003065000055357814,0.018638899986399338,[],
818,WOXPOQ,1,Pd,4,211852ee19e16d9de3e3fbac2b3bf7653ba87511da3301fc654758fc1ea350ca,4,100,100,100,True,True,100,100,True,True,100,True,0,bb4080a06aa326a77a985577f5fd917d6de844082d70a740794774cc05e6f22d,bb4080a06aa326a77a985577f5fd917d6de844082d70a740794774cc05e6f22d,0.0073961000016424805,0.00020599999697878957,0.000842699984787032,[],
819,ROMVIY,2,Pt,4,39fbb5b983930ee583cafd561ea1c26325cf8963abd06dfd3c232966398aa6e9,2,100,53,100,False,True,100,100,True,True,100,True,0,82fbd477c84504948b6c6cf8c431cb6e9e6c29fa3f16c53a6eb7c0f64727ef14,9fbb00f5718efe5893cf23c33ccdc32f9449672d1e428d12568554e2206826d6,0.005824200008646585,0.00026550001348368824,0.000742900010664016,[],
820,LITWUJ,3,Pt,4,30f97e18ed1e49e768bb111dd713628c7409f990c4a17f26f33c09fcd8575de2,4,100,50,100,False,True,100,100,True,True,100,True,0,5ffb7ba1fa8378865b31d96325be7df79b216a1140b7d21f2724efc6eb5a9024,6d3f51d7c0c8bb10c359e9ccc20c73f3f9c3cfdb838f64876df7d4f84a2590b9,0.004829650002648123,0.00016590001177974045,0.0007366000209003687,[],
821,ECEKUT,1,Pt,4,b7cffe360756650a7cf229ff05b3d345e3275ad1b3c21ba4a4b822b6770867af,4,100,53,100,False,True,100,100,True,True,100,True,0,28b9521cf3430810c1511aa25e65330ed997b27da8bf34fe20e09cee864903f9,0a12a94f8c5a7b0152dfe7ea07675112b4361cb4bba52d61920835495373912c,0.005712250014767051,0.00016220001270994544,0.0007388000085484236,[],
822,TUJCUZ,1,Rh,4,20aebb12f1c4c6c3406c6cd1fcbc70b9b71669d4e866d4bbe4e3200111b4ff0e,2,100,100,100,True,True,100,100,True,True,100,True,0,63cff023773b0a1ad38d545b6534b85035db1d550d2581338d1e46e6d6c41a01,63cff023773b0a1ad38d545b6534b85035db1d550d2581338d1e46e6d6c41a01,0.00971795000077691,0.0002646000066306442,0.0007767999777570367,[],
823,YIPPUJ,1,Pt,4,152e76d231d51fcc17e401ebcb42222af15fb2b4a5b2da0c2c928774a0f4d1af,2,100,51,100,False,True,100,100,True,True,100,True,0,f02364a3ef563e590916b939cf95408a9a8267d5aba3d6616e68c4c7e77d3068,e4ed7646be694de5bfd5a1b4fd9602f34cb242409e00aa1d17e8f4964690aaae,0.007555999996839091,0.0001626000157557428,0.0004608000162988901,[],
824,DAHXOB,2,Pd,4,c122d762fc166af7f0d1d2a8bca28775a8e5df9a88cd2d0e6fe23b73b58838b5,2,100,100,100,True,True,100,100,True,True,100,True,0,181690019d0c8bab51ae12c48b8340c2f3d3aacaee5d4ff6bd6408cb39999d6d,181690019d0c8bab51ae12c48b8340c2f3d3aacaee5d4ff6bd6408cb39999d6d,0.008497899994836189,0.0001844999787863344,0.0006630000134464353,[],
825,CABVUY,3,Ni,4,a956f01635c39cc207cb2479b49b7335d5921ca1cf2094695407970fc890970b,2,100,100,100,True,True,100,100,True,True,100,True,0,c05d15dee2b6df25a4dd60f8b862d160bf05afa0c63c9ec5a4f139b33b457973,c05d15dee2b6df25a4dd60f8b862d160bf05afa0c63c9ec5a4f139b33b457973,0.004843899994739331,0.00014750001719221473,0.0004034999874420464,[],
826,YEFKUP,4,Ni,4,2871d584659360c267baa6af0ae17075b1825a32531209110b6017ce5041f2e9,2,100,100,100,True,True,100,100,True,True,100,True,0,9121e19c90879b6c8ee57288d4edf48f634deab82312d245a3fdad73e20b3fc3,9121e19c90879b6c8ee57288d4edf48f634deab82312d245a3fdad73e20b3fc3,0.0036130000080447644,0.00015330000314861536,0.00044430000707507133,[],
827,TIZRAW,2,Cu,4,4d7366222ae48e198d75878d5e4ea07620cf60f1084e066980205256f5b4fea7,2,100,47,100,False,True,100,100,True,True,100,True,0,29f716b9dee60b161dc54c4457907672b9b88954602b60dfb6091e7ba2f41493,29f716b9dee60b161dc54c4457907672b9b88954602b60dfb6091e7ba2f41493,0.00922960000752937,0.00015490001533180475,0.00034339999547228217,[],
828,HIQBIS,1,Zn,4,8b19d8bdc35eb705eeb113b1893a85d243671efc5aa696e3e86af6e473893d6c,2,100,100,100,True,True,100,100,True,True,100,True,0,412247f42796c8e12ccc181df0bf1a04d58b0fb9bdc87d1982f399f892f9baea,412247f42796c8e12ccc181df0bf1a04d58b0fb9bdc87d1982f399f892f9baea,0.007136650005122647,0.0002080000122077763,0.0005324999801814556,[],
829,QEJNUP,3,Ni,4,b2c83fa88704a7bd7db40e6ee9ef4a6d384178c22f55485340af4ecbed239fe1,2,100,100,100,True,True,100,100,True,True,100,True,0,e5a2d82ef287004136c752b9df0fe3a6b839c4b337312bb22bca1b1d293a3c43,e5a2d82ef287004136c752b9df0fe3a6b839c4b337312bb22bca1b1d293a3c43,0.006342099994071759,0.00014329998521134257,0.0003662999952211976,[],
830,LALXOM,0,Pt,4,0cafbccd549f5fd9b567dc45017b76ff31a89691f8655ef1ed0e5ae62b25eba1,4,100,53,100,False,True,100,100,True,True,100,True,0,61572b7d90e9967fe57092e9936cb613d2812770cdb4ce2da08d88a8083f0aa9,64c0add4508cc9a8adb7a395e8d7d18e30fb91aa55b13f8ca569b24318ad196f,0.0037736999947810546,0.0001514999894425273,0.0007206999871414155,[],
831,IKOZUE,3,Cr,6,f5c3b2e06c735697e8e6eb447af5971581c7f364cf08bc1fc6407638d8d3bb55,120,100,4,100,False,True,100,100,True,True,100,True,0,68ee401168d75c81a972be28006f803935f5a686e95d2116b2912851d33fb3f3,2a48c6879557b850f9d724409f35e9611bbb280c24d6c8917b00b4307829b2a6,0.006286999981966801,0.0002589999930933118,0.042358399980003014,[],
832,LUFLAZ,0,Pt,4,03bc2c9a82510a9aa824b9db01f7df8da74a2812f7639eee11231218c12c84f4,2,100,46,100,False,True,100,100,True,True,100,True,0,7dcfd76366bac8374514e5d55928bb13cbc4a62bddb7956df2c2926ca8a98660,afb109f1ee7b19a1be2c727ad7ba003a5b378fe3fdbcf85ac518322b7d063f3b,0.005833549992530607,0.00015390000771731138,0.0004064000095240772,[],
833,HADJEB,3,Rh,4,e59284e3466b17c476ffa9166b9d0c8c71600b5469cc871d4ece5c1ce69c49d7,2,100,100,100,True,True,100,100,True,True,100,True,0,c9c0596f64a32a12ec41d5e46c525dcdb4c7fbf81e36bab36c42196f81812c06,c9c0596f64a32a12ec41d5e46c525dcdb4c7fbf81e36bab36c42196f81812c06,0.008018549997359514,0.00025660000392235816,0.0006714000192005187,[],
834,BATYEE,3,Fe,6,e431f2d2ff164a69d9082e1bc11775e76e97c585884c80d69e2827754d918860,2,100,100,100,True,True,100,100,True,True,100,True,0,8439a045c587f14fa7f6c22eac6c603d530451b28b3a008e57295b3aafeecbb4,8439a045c587f14fa7f6c22eac6c603d530451b28b3a008e57295b3aafeecbb4,0.01220330000796821,0.00032380002085119486,0.0010818000009749085,[],
835,IKISUR,3,Pt,4,bc52c0634cf5fc325d1a031f45ad081b4f0b016130ea664d93b39d023d4befa5,4,100,57,100,False,True,100,100,True,True,100,True,0,4922945302382239966502c15d1ba76a2a1bba5e7e5aebee5b7579d8ca6255a1,0ea63f8664956ca275cab2ff6da2c2dc68e06cce536b2543222a2591098c66e9,0.0046539500035578385,0.0001579000090714544,0.0007292000227607787,[],
836,RELWEL,4,Pd,4,75798a67dd7f4966de66f8a0837974982dd84834e816159e33b15524e8464fe3,4,100,45,100,False,True,100,100,True,True,100,True,0,4791d337023fdcd9a9acd0ece936c0ddbe4b2876b8f5d441196988770a4991ff,4791d337023fdcd9a9acd0ece936c0ddbe4b2876b8f5d441196988770a4991ff,0.0067588499950943515,0.00017070001922547817,0.0007662999851163477,[],
837,XONVAZ,3,Pt,4,3d2b98b64519b0bf3079c6adb2440084e226dd3b5de75d69573443d41c5361d0,4,100,58,100,False,True,100,100,True,True,100,True,0,693d029adb5b56d68f37d329cee6f94704847f6e1494f807d4d5edf0335f78df,fc85ebfa2af18ffb592f95d2e002ae0a85aeb8d89275c4d1e9b397fee3be5167,0.006763699988368899,0.0001841000048443675,0.0009578999888617545,[],
838,YIBGUM,1,Ir,6,289bbafcdd617319d737c2250be77e18605d7f2983a90d7be29dd588ae0bd972,2,100,44,100,False,True,100,100,True,True,100,True,0,0fca6a6f4bdc1b5ac804c47025fe15d2b939250597e859ea5dcc4e1a8a749a50,0fca6a6f4bdc1b5ac804c47025fe15d2b939250597e859ea5dcc4e1a8a749a50,0.009086949998163618,0.00021710002329200506,0.0007377000001724809,[],
839,PERMOP,4,Fe,5,cbc3db563a6df306dcdf5e12bdb0435105c9500804261c483a86c70c20af219a,24,100,37,100,False,True,100,100,True,True,100,True,0,a74a425a4ef4ba6e504e129670daa084211d546779b9589ee1c98ff564f74960,ad6ff3f956dd7d43915db7f521901cd981e3e4a3b4caf5871cb689183bcc01c9,0.006771350002964027,0.0001959000073838979,0.005580500001087785,[],
840,AFEDEV,1,Zn,4,3e85b5383d81eb20e354ebd8278df029765b89c1912197ad460b6cf6a25f8c3e,2,100,48,100,False,True,100,100,True,True,100,True,0,4731a97cb6311c0a228a53e380df3abb3d9689637280791b8d4289f120057821,4731a97cb6311c0a228a53e380df3abb3d9689637280791b8d4289f120057821,0.004802899988135323,0.00022299998090602458,0.0006160999764688313,[],
841,CUFLOE,3,Pd,4,908c195ba792730b3a99eb52898fc7e5b2a46c6493385014dc4bcce152c6308d,4,100,49,100,False,True,100,100,True,True,100,True,0,1267f20129ee6eb56d695b62e036400ec9c9436ea87f55ce1f872b028c0f87e7,1267f20129ee6eb56d695b62e036400ec9c9436ea87f55ce1f872b028c0f87e7,0.003150449992972426,0.00023839998175390065,0.0012058999855071306,[],
842,IWAZUE,2,Pd,4,b48a50c1943d1105ac766f9b83d80f2872594ba60e26a01d8bda66bd660c0f26,2,100,100,100,True,True,100,100,True,True,100,True,0,b8bde429b0834a162efffa170843cc480e3fd128b3d30c0ee94b59d2124e51a2,b8bde429b0834a162efffa170843cc480e3fd128b3d30c0ee94b59d2124e51a2,0.01000664998719003,0.0001962000096682459,0.0004889999981969595,[],
843,MODVIK,2,Pd,4,8a77f7755fe7b2fede6a2607026be410d71fcaa274f5c0a66a72e9209a02c8b6,2,100,43,100,False,True,100,100,True,True,100,True,0,fef8f6155031ecef7f93a996fd09a831ff394110ebba0ab60af36a7d19540200,a7e4826ec33d5ca0c4cd829cf9ab785b5e76124c301e571017e2bd5324d41c5b,0.0034102499921573326,0.0001598999951966107,0.00044669999624602497,[],
844,VEQQAM,4,Rh,4,ee76609d83c22862bab354440402a47c8bf3a98f861990767493f5ee97fbf45e,2,100,100,100,True,True,100,100,True,True,100,True,0,66e8a20abff3f076a006afeadae9dc501f33dcb2a37101d0e1b9e3a8e591de20,66e8a20abff3f076a006afeadae9dc501f33dcb2a37101d0e1b9e3a8e591de20,0.010707800000091083,0.0002690000110305846,0.000809900026069954,[],
845,OXEXUL,3,Ni,4,58c6fb47fe4a112548aab216210f05523c74da6cb0874297fe4b7c3800f6259f,2,100,100,100,True,True,100,100,True,True,100,True,0,f52d5a64b837dc8573b6291d6950ac887f2bc884974bc8614124273adfdb08a8,f52d5a64b837dc8573b6291d6950ac887f2bc884974bc8614124273adfdb08a8,0.005630949992337264,0.00013990001752972603,0.00031949998810887337,[],
846,TUNLAP,4,Cu,4,4fc11c9a6d2d0fd1dbbc7185fd7821aa199b0e5178ce89220edb725339d026a2,2,100,54,100,False,True,100,100,True,True,100,True,0,7ff750346a3a538f3c25e4c630a0cf648067790b14591760c555b728b205c2b3,7ff750346a3a538f3c25e4c630a0cf648067790b14591760c555b728b205c2b3,0.005954399995971471,0.0001571000029798597,0.0004123999970033765,[],
847,YABBIO,4,Ir,6,ec82e202d0352d07af4ce6c0329218b58f6f79346f9c8b443a66d14da128db0e,4,100,53,100,False,True,100,100,True,True,100,True,0,d81ca600465861ba81788559514d3a44143478a72e2ddc354acc409f4aa96afe,d81ca600465861ba81788559514d3a44143478a72e2ddc354acc409f4aa96afe,0.01006825000513345,0.0002528000040911138,0.0013310000067576766,[],
848,FABBAM,0,Pt,4,8d2aa2b6e7d0254b7be865503159c3aa4e4d51755fd5facccd046cc9556fe18a,4,100,100,100,True,True,100,100,True,True,100,True,0,8a8487edb7eaef89d89f62ede7f794e92a894b2aa7bc88863ab9223ddbfad08d,8a8487edb7eaef89d89f62ede7f794e92a894b2aa7bc88863ab9223ddbfad08d,0.007755550002912059,0.00019099999917671084,0.0008553000225219876,[],
849,QUGFUV,4,Fe,6,b3a073fbcad926716739c4487ce2d5f6c7ea13eff5a92402d913be7c190fe945,2,100,100,100,True,True,100,100,True,True,100,True,0,96bbfa6e71c4a0522cc71d04d41e6a96288ec130688deeec5533373d62d50ec6,96bbfa6e71c4a0522cc71d04d41e6a96288ec130688deeec5533373d62d50ec6,0.008238449998316355,0.00020559999393299222,0.000674300012178719,[],
850,VUKWEG,3,Pd,4,9923dfd102364592807ffbe197a0dc58bb7b0bf2fcc1880cb138c83ca5f4cd21,2,100,61,100,False,True,100,100,True,True,100,True,0,682cb08aa3aead219e99f7c1384fef39a065332cde71760891886c814e045a20,971c57599373a91d6d04b76f824f1bc19760c60e20848700613854aadbe12e4c,0.007004250001045875,0.000228599994443357,0.0006531999970320612,[],
851,TOLBEB,2,Ni,5,4f8845145ea5ce4ee8c2a4c146abb6ebb0bbae1de3cd80d86979b080f7756b9e,6,100,100,100,True,True,100,100,True,True,100,True,0,ec8721170e70a4e1e3e64f6ed3faec35b70065c674e4014ebb7265d6af78462c,ec8721170e70a4e1e3e64f6ed3faec35b70065c674e4014ebb7265d6af78462c,0.00815614998282399,0.00020440001389943063,0.0014626000192947686,[],
852,PIXROE,2,Pd,4,4c0a261b06f79f4d7c991ccfb34a31338ec7fb1b63fa72d2cf209d4246016067,2,100,100,100,True,True,100,100,True,True,100,True,0,516875ba6785b53374c3ed6ff3372fd9e51b8787dd3d40b17eca4c8ef31cd5f0,516875ba6785b53374c3ed6ff3372fd9e51b8787dd3d40b17eca4c8ef31cd5f0,0.004247200005920604,0.00016659998800605536,0.0004698999982792884,[],
853,FUVNAM,1,Pd,4,aed4f73e6394012a9f5e214656c0814d26edb440db85df9b8573b91251429425,2,100,49,100,False,True,100,100,True,True,100,True,0,20319b508b635fec1d7d7b75096c93645b3774cd117445823969bc97bfb350fd,b2efb6157a008bd498a9a82a0f2e014a375c3e93a09342ec12730f3fa9db54dc,0.004463750010472722,0.00016739999409765005,0.00047099997755140066,[],
854,VAJBUH,0,Ni,4,6597dc66ad5a263206f23034230223d226721ee0f67195c6df839e85fd600ce5,2,100,100,100,True,True,100,100,True,True,100,True,0,6f48c4a819464eed539b3a75a10f7a08594b8149aa9faec1b47149da708064c2,6f48c4a819464eed539b3a75a10f7a08594b8149aa9faec1b47149da708064c2,0.0061845499876653776,0.00015239999629557133,0.0004120999947190285,[],
855,LIMVAE,1,Pd,4,213a2aadbe57ca29786b940172fbb1d286862243bb73f18a4aa4c5fccf83fb45,4,100,52,100,False,True,100,100,True,True,100,True,0,0e4ce6241e05466a7657353be4aa8919189c3f497e8feb4e9d30a8998eb03bf3,0e4ce6241e05466a7657353be4aa8919189c3f497e8feb4e9d30a8998eb03bf3,0.003843900005449541,0.00016140000661835074,0.0007436000159941614,[],
856,IZAYAK,1,Pt,4,73433a58e00db50ea4fe8cf6dbc26093f985d809b89a3f4442a88ba384823b14,2,100,50,100,False,True,100,100,True,True,100,True,0,65df9f1f6ec58e916f3eef1eaf3f22b1de9b6edba6e116f979cce06123706bfc,65df9f1f6ec58e916f3eef1eaf3f22b1de9b6edba6e116f979cce06123706bfc,0.0056903500080807135,0.00024360002134926617,0.0007277000113390386,[],
857,YOSKEX,3,Pd,4,36adbf4792ecba397711a71f5617ed9cf37ea276249a46dd7ec0ad03f2874c81,4,100,50,100,False,True,100,100,True,True,100,True,0,9f61fe7622c353e5c3dd93dbb003ae8b1671bf61444df464c2da0fd8ac85f9a9,caa72d9b01b6a2d728715d530de5c6bc11915c4b3667fcd7cecfc3ab4941288d,0.005685900003300048,0.00017740001203492284,0.0007685000018682331,[],
858,HOKZOX,3,Pd,4,b9053e4e9412408544be324947ab8e5ed60a1f780dcc5d66e94544c9e09e5550,4,100,46,100,False,True,100,100,True,True,100,True,0,6a2beb71a3bf29d4d7f9820d18ea7fd4143bf0b61a66b2efcc88923c545426da,f4aeabdb39be9ecb293471b675624c8de4dc0a391118354a4641fd7c74476737,0.007632699984242208,0.0001626000157557428,0.0006679999933112413,[],
859,IYUGOY,4,Pt,4,b8b9cf94bcbceac59441c7c1716c85760690a4c17ae59edcbb918be82c1c9074,4,100,100,100,True,True,100,100,True,True,100,True,0,49a273630e5c9444465a40164bbb1b71135e381581328a08b35120fc6cf72e7a,49a273630e5c9444465a40164bbb1b71135e381581328a08b35120fc6cf72e7a,0.00545675000466872,0.00017019998631440103,0.0007577999786008149,[],
860,NEXLEJ,0,Fe,6,feef2ac20ed944035e7980a0eeca689b49e89018eab8cdc866bab0278f25e5e1,8,100,100,100,True,True,100,100,True,True,100,True,0,446886bfa656538b42e181252f2fbdc238ca18a262c62d54ee84e5cc016aa66a,446886bfa656538b42e181252f2fbdc238ca18a262c62d54ee84e5cc016aa66a,0.008627200004411861,0.0002565000031609088,0.002767800004221499,[],
861,KAKYUQ,0,Zn,4,7c8675c1f1859e8c2ccea3a243197b9c93e8b1ab316645a4695b9cb85d7787fb,2,100,55,100,False,True,100,100,True,True,100,True,0,3fa5f6f049e34f2aac4ef7ae38fa22727f0e62f7c08495b430985494d48ef4c0,3fa5f6f049e34f2aac4ef7ae38fa22727f0e62f7c08495b430985494d48ef4c0,0.003338350012199953,0.00013880000915378332,0.00033660000190138817,[],
862,KIGCIQ,4,Pt,6,e4a007d57abebb0ac7bd1c053507dbc4fe7e2c9b32aa205add5fe006db3ca09f,6,100,24,100,False,True,100,100,True,True,100,True,0,cbe79c93611e2cc1dfde9a7a8d7a13f3c673e740b1a1f0e8089298bf92c5f84e,237804b5fa2ead10b1b9e70c6c17f1826b649814ed55ab62bcefca99d7bb282a,0.005202100001042709,0.0002083999861497432,0.001596999994944781,[],
863,NIFZOU,0,Pd,4,fa22ea0beb9e2cae2d05fae3db9297a55ccac18d20d5e5ba4392ecb1cc9c024b,2,100,53,100,False,True,100,100,True,True,100,True,0,cb9b63d3e7bb8c82fecb4ca21ddbc20fdfa89f6a8605f1a719772911be603007,cb9b63d3e7bb8c82fecb4ca21ddbc20fdfa89f6a8605f1a719772911be603007,0.006920900006662123,0.00017510002362541854,0.0004731999943032861,[],
864,FOYPUG,0,Pd,5,fdd520ec544df2915ba455875c20b25dba4974f25f7c08b688de875abf53ca4a,2,100,52,100,False,True,100,100,True,True,100,True,0,09e9def8c744ea532f3362794358a39d4236b92490917ae43db942dc38fa6349,cd7109ec403c10a0d90e954783e6c0eb4151e2ea76173733d56d2dec04d1b10e,0.006293550002737902,0.00017040001694113016,0.0005088000034447759,[],
865,SIBSEB,1,Pt,4,75db39f511707b09610bc64a3649a75634a1a50573295bb253201d46a45eafa2,4,100,43,100,False,True,100,100,True,True,100,True,0,3273d4c4b30b525f85491cf971d3760107bf63134947f4bf12eda777ca278b1b,71f055d349f2489d71bdf26816176a013a13f8137ddfeed598a4cbe02b0120a0,0.0025638499937485904,0.00024300001678057015,0.0012669000134337693,[],
866,COJQIC,2,Pd,4,cc2db71ef92c6ae94dd1b89481a4125c4ca883c294466669a5a77e1d9644743c,2,100,54,100,False,True,100,100,True,True,100,True,0,f4fe0d6f3e0fda5c2235e370ffce57192228b76deca137dd187223a8548075e7,71571cc62b78141a2b0c17680c8ec4c3b942564b4a6e7a6f119addd966752c98,0.002520199996070005,0.00016029999824240804,0.0005645999917760491,[],
867,ERAPUI,3,Pt,6,d4f072770338537e0977f18c6cf323cd0adc8700387d3c489d1b94cc32bb2246,48,100,7,100,False,True,100,100,True,True,100,True,0,3fe21a6abfdef9cdf8c9146619edd340443aaef955bcb60745dfb5fb21b8ab76,6ae7e29b9db2dfd8b5ad6109c01532800010a836e620f8bae6542d8c89962a23,0.004140250006457791,0.0002401999954599887,0.014369099983014166,[],
868,UMIPEM,0,Pt,4,be4ce37240305e315cad1a74a3e1597839bca6b7ffe2c31adab5f27582858574,4,100,50,100,False,True,100,100,True,True,100,True,0,0109efa7230169b37855101212bed7ed08b86031176f15e86acab758badb3f59,0109efa7230169b37855101212bed7ed08b86031176f15e86acab758badb3f59,0.009178149994113483,0.0002066000015474856,0.0008430000161752105,[],
869,ZOYROW,0,Ni,4,0af73323f8bf2febf3c06881bec9937c56318a66e511184ba76a385e33f09e33,2,100,100,100,True,True,100,100,True,True,100,True,0,8f74f9243d8cfd46f0764144a11e3a264fcba7f4f1bfdc558b015094687c909b,8f74f9243d8cfd46f0764144a11e3a264fcba7f4f1bfdc558b015094687c909b,0.006228850019397214,0.00017740001203492284,0.0005286000086925924,[],
870,FASREX,4,Ni,4,2caec007d2873ea200815944d232a1eb5fb075118786c97ef59eb54035bdfe1e,2,100,100,100,True,True,100,100,True,True,100,True,0,95503ff2a3bc4923512a6ae7b105c827c39f97f421674750e2bf3ac7fddeaf30,95503ff2a3bc4923512a6ae7b105c827c39f97f421674750e2bf3ac7fddeaf30,0.005865749990334734,0.00017499999376013875,0.00046239999937824905,[],
871,XUPWAG,2,Fe,5,2e3c43eef7c2f5f7b6f03ccb7e5a52cd205765ad9c890635b0406aecdce8395c,6,100,30,100,False,True,100,100,True,True,100,True,0,40768fd8965708ea708e5abc8ea7d675b01563bfc7f423fc52dca52d358da06b,b61789d7e916714451363a31cdce14a4a9cbc85b10d66850e3c19a23dbb943d4,0.0023154000227805227,0.00017869999282993376,0.0011983999866060913,[],
872,PEHREB,0,Pt,4,1888cb99831b2b71dbe2de2fb516e5f5b60e9a2b87a5af73f2ea6180a79e799d,2,100,100,100,True,True,100,100,True,True,100,True,0,e7dbc0c336f1031b615be17560fdb9fbbed7be016b7bcf3ed1d4f541a011a307,e7dbc0c336f1031b615be17560fdb9fbbed7be016b7bcf3ed1d4f541a011a307,0.0030145499913487583,0.00014429999282583594,0.00040419999277219176,[],
873,VOGPAK,4,Pd,4,73c6f7a1f4beb73564d8550c5f07c1432ea30e807e5683e143726b2198e8f236,2,100,100,100,True,True,100,100,True,True,100,True,0,896b355f4403c452a50887347eb9848225db3853bd06bc2befab1c0c49f0eaff,896b355f4403c452a50887347eb9848225db3853bd06bc2befab1c0c49f0eaff,0.005009899992728606,0.00018709999858401716,0.0004743000026792288,[],
874,DICQUE,1,Ir,6,2ba01f35e77f119812620423aaf69f0d98874f8f3f25b7bb6d970ff4e02efe87,2,100,46,100,False,True,100,100,True,True,100,True,0,50b39046ad1936f18ef642d9d8bc0401d890fb066fe6234bb90bbb541ffbc387,50b39046ad1936f18ef642d9d8bc0401d890fb066fe6234bb90bbb541ffbc387,0.01019924999854993,0.00023609999334439635,0.0011454999912530184,[],
875,FEPSAX,3,Zn,6,8f460af68fdc920910bc227d3137f885585e5792101b1995e2b507160f522674,2,100,100,100,True,True,100,100,True,True,100,True,0,267855811905166398183b57a48342ae52a5eeb82e40f9e05d50145a44ea2205,267855811905166398183b57a48342ae52a5eeb82e40f9e05d50145a44ea2205,0.008691949988133274,0.00017640000442042947,0.0005085000011604279,[],
876,FOQQAD,2,Pd,4,7c49027b3cfc685883cc40b62bae9737deb0283873eb82abe116b6ad627ebff2,4,100,44,100,False,True,100,100,True,True,100,True,0,41bede840d9b59c98cce2d93c36c754c783c5e9d3c3d0d7c2a53dcc95e9f67fa,3edf3936c3320679bbd96f6afea636e32024243f42710d5d8d5078f0888ec170,0.00618489999033045,0.00017220000154338777,0.0007539999787695706,[],
877,QOJNUY,4,Pt,4,77bc575a830a9b855c669f13f13550e7ee59c6084eb6e964c3e2fe9dda5bf8f6,2,100,49,100,False,True,100,100,True,True,100,True,0,a80f7f0f9e8534b597e57f54b670a6201f1e99a832bd72400c65c6cec3a4865b,811659b521fe653e97405a024363946e597551a72194ff062003e51bcfd36317,0.004603199995472096,0.00023589999182149768,0.0007018999895080924,[],
878,FIRCER,3,Pd,4,d25d4e37cbbdd031a5cc556fd31330dc542f8663aee8889caecde9278e0577b6,2,100,100,100,True,True,100,100,True,True,100,True,0,e1c530901e0e079bf273b765eb03f49f8a1f21337a21e521d9e4adc95f824c9f,e1c530901e0e079bf273b765eb03f49f8a1f21337a21e521d9e4adc95f824c9f,0.008261250011855736,0.000149200001033023,0.0003905000048689544,[],
879,LAVQOO,4,Ni,4,3afdfdcbc5637fbcf0e13683b7d355015895168b467836bde03a242ae40afbfb,2,100,100,100,True,True,100,100,True,True,100,True,0,cd373707e4561d772e95af049470a4ac5f8d9754fcad074ec92aa029ae21ff4d,cd373707e4561d772e95af049470a4ac5f8d9754fcad074ec92aa029ae21ff4d,0.004262449991074391,0.00014459999511018395,0.00036949999048374593,[],
880,GEQCUE,4,Zn,4,7909291c6feb23019a903abaab05da2870358337eefb898dd267fa0421b90e1a,2,100,55,100,False,True,100,100,True,True,100,True,0,a41ff3f1d88d058777a51dc19ab09b0eb0eabf2d53d2fdd882cb316926467501,46d5ab77d9e046c8adf4d5ef8b78bb2d26ffd2d35b0673d9aadabd40fa8e4193,0.0035325000062584877,0.00014139999984763563,0.00035149999894201756,[],
881,ZEHMAE,3,Zn,5,ff6ab16419191cad9aa12306c7930d65e9abf1f8b9262444eed6c9b101ad9e55,2,100,48,100,False,True,100,100,True,True,100,True,0,1bfd372882fe9e6f78e4c02703f9beccc8bb25d417de2e835bc209f144096195,b31d85c91e69ecfec4dd63730400bc196e83ce806f4e56ba55baa6f6795ebba0,0.005939399983617477,0.00017859999206848443,0.000519900000654161,[],
882,UNOPUK,3,Pd,4,0050525a8fc50a5316a5c3147a1fc794053c644798f60a1c5480d3161df08c8b,4,100,45,100,False,True,100,100,True,True,100,True,0,d75286fd05da9b51278bc596cfbcbf0269acb25d8f99654685c4a777cda9a234,d75286fd05da9b51278bc596cfbcbf0269acb25d8f99654685c4a777cda9a234,0.0027314999897498637,0.000245599978370592,0.001274500013096258,[],
883,OPUFIQ,2,Cu,4,1624bbff624fccd9c3eddabe16160f5e461b24ed17127e4e27c40c535a2d2890,2,100,53,100,False,True,100,100,True,True,100,True,0,b5476cbecf424a0ca23b4ad2f9565c1ed35d1d5e22ad70bd3c9a39250678a8f9,8479487c238fea1b285c90e494e8090efae2aa52c3746cfb0a0269a48509a7f2,0.007907249993877485,0.00014600000577047467,0.0003628999984357506,[],
884,LADVIY,0,Ir,6,c7d5b60a1315c260ca602af27263e8c655940e16fcf49bc83e2f9c7ead5676a1,2,100,44,100,False,True,100,100,True,True,100,True,0,740950af5e48a6026b7e4eb35bbd19febca326eb26c25d8a4e75df0575e746a5,740950af5e48a6026b7e4eb35bbd19febca326eb26c25d8a4e75df0575e746a5,0.010405099994386546,0.00023780000628903508,0.0009457000123802572,[],
885,VUPDOZ,0,Pd,4,c74b09a7933974c5d2a041c07cb70d9af966cfef4ff1dc0df92220b21cd5a2d1,2,100,50,100,False,True,100,100,True,True,100,True,0,102f48c766feef89638a08a1de76ffb235d5d149aae19b632b878436a5ffe468,102f48c766feef89638a08a1de76ffb235d5d149aae19b632b878436a5ffe468,0.005498950005858205,0.00016649998724460602,0.00046049998491071165,[],
886,QOCWIO,1,Pd,4,9d833383f981c63f0dfc3339b29b474ea4d5847e944552250da818468901cc19,2,100,56,100,False,True,100,100,True,True,100,True,0,6cdda2b62ac5c59f03cf3f8c36786fb07a994180c7f95c6d749d7973810d9323,9709278c50cc5f80239d89cb02459b8c2ae3fc4410978edf8e6f244a6bf96276,0.003241600003093481,0.00022720001288689673,0.0006982999911997467,[],
887,IWUDOU,0,Ir,6,37d10a4e606e3725283de48cfc58b6394003e6cc60c4b70101d33de13fb2725a,2,100,40,100,False,True,100,100,True,True,100,True,0,539e75bd1d4bc1a958d9c6d8331296fe205b3da2846293c2b0d00c23f56da80e,44eba88aa71f9dfd0e0235489d9ba2d85fdda9f92be95e5ae6cae4ac2b5946de,0.010465300001669675,0.0003360999980941415,0.0009297000069636852,[],
888,EQIPEA,4,Zn,4,eae74e95b21b3325b5545e4763e7fea8a7ee4c069ef7b1e9abdf47932c876748,2,100,100,100,True,True,100,100,True,True,100,True,0,950e718e16bc4fe08b71a947bce365a039c7890e28f37703f58cd801ee625282,950e718e16bc4fe08b71a947bce365a039c7890e28f37703f58cd801ee625282,0.0025295000086771324,0.0001770000089891255,0.00048489999608136714,[],
889,WUPLOL,4,Pd,4,a6a6c24214afbf9faf5e51c038ffd8e246cf621a27513385df290d8138814304,4,100,42,100,False,True,100,100,True,True,100,True,0,414107030fc29a0f73e80a67d787bf2fec1ae72f6d7a1cdc1e902fbd979b9b96,91fa33467ec79a7b3930747b6049ee5db7d3b17ed93412bfd04f2830211ebf7b,0.004130399989662692,0.0001663000148255378,0.000753700005589053,[],
890,TOJFOP,2,Ni,4,19ae0b1848e37c9a74f5d750f2b67920da00a98022dce29c2cae55b03104995a,2,100,100,100,True,True,100,100,True,True,100,True,0,8831bc8e3d1cc8713ed95bbc3f3e855b95d13a2f3c7588a50fe2035816eda362,8831bc8e3d1cc8713ed95bbc3f3e855b95d13a2f3c7588a50fe2035816eda362,0.006303700007265434,0.00014849999570287764,0.00039670002297498286,[],
891,WANZIY,4,Fe,6,f0455d311fe90bbdfcafc4445a3830b0d175179d807ab21fdc43c012758cb2d8,24,100,6,100,False,True,100,100,True,True,100,True,0,2ac67dc1888260cd0697be36baf26054ab2fb3d550684dacad1e38fdbfe05aae,617b71ede8fe71da8d388b0002c4ab36de2eca7d776990763e6d8cc467fd13f3,0.007310650005820207,0.00022300001000985503,0.0062883999780751765,[],
892,LIYXIA,1,Zn,6,1162220a018a487962d14a421d99103a082f98a97a6473e57108e0d145bae86d,4,100,52,100,False,True,100,100,True,True,100,True,0,00779112b4407b4ec053fb8f22e440dbb8f697068fc0ca08030f15a3d830697a,00779112b4407b4ec053fb8f22e440dbb8f697068fc0ca08030f15a3d830697a,0.009975649998523295,0.0003293000045232475,0.0018808000022545457,[],
893,KUNXUM,0,Ag,4,9baed36b4dbe0911e50e11304b0318ced676eebae86b290955b7759cc60c9408,2,100,100,100,True,True,100,100,True,True,100,True,0,70990c3ffec37532fe6bdd06d4d077192e8f46b08d4947fb2ae48b6d9a8eb0bd,70990c3ffec37532fe6bdd06d4d077192e8f46b08d4947fb2ae48b6d9a8eb0bd,0.0025496000016573817,0.00019420002354308963,0.0005096000095363706,[],
894,NORHIL,4,Pd,4,86b4b662aa8595aa6fdfdc619d05cdc383b5c6cff61eb292f7f3c163c1ebc323,2,100,49,100,False,True,100,100,True,True,100,True,0,5e97e78d490b689b95cde27207ba1cedd762b6dc5e902bd2bac5bfd7ebbd42d8,5e97e78d490b689b95cde27207ba1cedd762b6dc5e902bd2bac5bfd7ebbd42d8,0.0031929999822750688,0.00017099999240599573,0.0004875000158790499,[],
895,TIFXUC,4,Ni,4,94a7029d7a126ea89ddc3aa001894d98e3fd40d073d74250dc7d836fa7a38db7,4,100,24,100,False,True,100,100,True,True,100,True,0,6405cd75826aa466dc6e704efe2c0483df56b66dfac20c5739dc424f926e618e,137fb13934aec7776a351e4fd72176d2d6bdf5f2b4469499ff3082d63e294b67,0.004124050014070235,0.00015780000831000507,0.000693199981469661,[],
896,OGIVEH,3,Pt,4,36b7d2b09c146c50d30d472f160cdfbb4a67809edccc76baf2ae88c62165d2ab,2,100,100,100,True,True,100,100,True,True,100,True,0,99f922a8e5c8d224d07a4087c31bad4bb7d8d72021777e9828109dc481ab1a5c,99f922a8e5c8d224d07a4087c31bad4bb7d8d72021777e9828109dc481ab1a5c,0.004121550009585917,0.00013880000915378332,0.0003981000045314431,[],
897,RAPJAW,3,Pt,6,9fc4e881d5fc725e6a0c916860fc4772325b4e30706c560dd42b40fdd126a785,48,100,9,100,False,True,100,100,True,True,100,True,0,4eec3eeb06e1aedf3ddade75219a3119e8fd3d7c6918d77f1b2de1c24900f3a5,4eec3eeb06e1aedf3ddade75219a3119e8fd3d7c6918d77f1b2de1c24900f3a5,0.0049512999976286665,0.00037689998862333596,0.016373499995097518,[],
898,TUKPEV,4,Pt,4,2db0580adbf05f176e356245eb5e29b3ef15c0aa23c729930d2ee3d07e474888,4,100,53,100,False,True,100,100,True,True,100,True,0,408e2e4d6d07ca0d81f9447b2a374a85c55f80e5ca08c72d47ec8a32d53f7a05,9f07b076fe2f6695209eee65831acd34948717a0e1c1fcf76f57ef220989939b,0.005571500005316921,0.0001674999948590994,0.0008155999821610749,[],
899,BIYYAK,0,Zn,4,0a4b8900bb2559638f05c4f455d8e8be6f81d2b49fe029ab1ad33cc810930278,4,100,53,100,False,True,100,100,True,True,100,True,0,b55b21af2873e89e1123b5267f9b52ef90417f620de6af1a25914549ea5267e1,8955305b506c2608b577b3a254c2924e924cbf412be6cf557b83869d5023090f,0.005543899998883717,0.0002466000150889158,0.001068499987013638,[],
900,VADTEA,2,Pd,4,a72b5a19321ac5b9ab2ff45c71731bc74d23efc0d6226295658c51c5cf9f7f6b,4,100,100,100,True,True,100,100,True,True,100,True,0,316ade0412c1c150fe47fe30a3f0a0e7cfbaa7707c5003efd1347c2233c91767,316ade0412c1c150fe47fe30a3f0a0e7cfbaa7707c5003efd1347c2233c91767,0.008111300005111843,0.00018099998123943806,0.0008445999992545694,[],
901,PIYVIF,2,Pt,4,96d8bf330d4638f5e6e3b1267b5be8e677e39520f361b551ccb335903ff56ac0,4,100,57,100,False,True,100,100,True,True,100,True,0,0b3f8c07dde7bbc720b04a56805134a37f51c41e5fbe43abcfc0f16e34c7e995,8e3273a10aed28288bd4490a9874ac7bd57b52f522f830b746a5a78a41091d05,0.007591650006361306,0.00016909997793845832,0.0007461000059265643,[],
902,LOQXIA,3,Pd,4,19ed6f35f5e9a141a6d61bd9ca768775ecb311d813b9c6255de8fd0a9619aa7a,2,100,53,100,False,True,100,100,True,True,100,True,0,0e7f8994b9d169627be2a1e01e6f92a976a74d1c7df3d4a990eedac9c1a32aae,56defb09196f59debaff37b36346f2162a17686226b64e3b9761d56587114e6f,0.0029597499960800633,0.00016009999671950936,0.0007074000022839755,[],
903,HUFPEG,2,Pd,4,e281c4f96e5f484f5b617d062bf95b5d31750c990fa5bb100c15a3580cb1b4a9,4,100,100,100,True,True,100,100,True,True,100,True,0,a5171734e0346d3c18763870395957636498bcdcb415e045ca29d816f1c72d47,a5171734e0346d3c18763870395957636498bcdcb415e045ca29d816f1c72d47,0.0063853500032564625,0.00016419999883510172,0.0007411999977193773,[],
904,XOQSUT,4,Pd,4,9966c85d8040f74781e3e88e47b472fb19176cb5e4db88e9f01e32ce7bc2dc90,2,100,100,100,True,True,100,100,True,True,100,True,0,734918941fdbda9a0daa51d88c392d45163dea9c9ffb54755f572894d01d40fb,734918941fdbda9a0daa51d88c392d45163dea9c9ffb54755f572894d01d40fb,0.0046919999876990914,0.00016029999824240804,0.0004419999895617366,[],
905,CITBEN,1,Pt,4,c669ed17cc0a4d1a2c9da4041599f3723916ed817d2673be76bd201f3d13e41f,4,100,43,100,False,True,100,100,True,True,100,True,0,67bee8a84525a20fa40e26d3618f0c3288c29aacad635a549232caec2d70ed6f,780e8399d853f572ff037e89714cc863af9b787b102a4d5c5011bdbe95ecb4eb,0.002580349988420494,0.0001500000071246177,0.0007256999961100519,[],
906,KOLTIQ,4,Ni,4,b7243fde5d1cf95299a3a3dfc9f3b3be455cf6c5a4e5a3fbb7eb72ea7c48e116,2,100,100,100,True,True,100,100,True,True,100,True,0,c82672532a800de55dcba459f4384cbb20ef41f2378eb33f11675661eecac9fd,c82672532a800de55dcba459f4384cbb20ef41f2378eb33f11675661eecac9fd,0.007212650016299449,0.00018599999020807445,0.00048049999168142676,[],
907,JUMJOT,3,Pd,4,610b63396d24ac0bbe3b7288a60c7b9f262e14c4c2ce46f993994e0f799eebc8,2,100,54,100,False,True,100,100,True,True,100,True,0,0c85936cbe557d60ceecf3be47d443f792ea706af20d7d6763f00a440cdf70d9,fb71b46626253c413544e46a95f2a0b10f3e2fdcd9579e926ede0d3de60b7244,0.002109950000885874,0.00015629999688826501,0.0004464999947231263,[],
908,MIDLIX,3,Pd,4,cd13459cc5de9684d8548a1cc3167e8bb23b98fc4a4c2ec1908c631176f9d69e,2,100,100,100,True,True,100,100,True,True,100,True,0,4cc70f0b44c16c1019f1f3cbdc98d6f0e7000818b0651df3b73cc064296c3ed6,4cc70f0b44c16c1019f1f3cbdc98d6f0e7000818b0651df3b73cc064296c3ed6,0.0032429999992018566,0.00016490000416524708,0.00045960000716149807,[],
909,GOYQES,1,Pt,4,f4d9405a728c71f9bc5f2e4ebe5629fc2eecb474faf4c504830d21ac064da903,2,100,53,100,False,True,100,100,True,True,100,True,0,076062ebce8fb527cd6ef8bbb9d62d654d5d9f27e451f11fc54f1ff7f6f43dde,3bd2db58ff4483ce412b4cb4462135f626b6bb283cedadb3156098f742b2f5a3,0.004257849985151552,0.00014899999951012433,0.00041700000292621553,[],
910,ITADOY,0,Cu,4,15b913332efea50048006ec9723456a322488bf9a54fc004725a958152663c8f,6,100,39,100,False,True,100,100,True,True,100,True,0,5e551b46c331681795826da44c052ae09b7c24702747a8491dd8ce1228cfa0fd,bca61baa9720111e8cfb0a7b244572293a24cc7095820af45f45d4d80f37d35c,0.008280249996460043,0.00015060001169331372,0.0009183000074699521,[],
911,XOVPEG,1,Pt,4,6dda3af2d6e978084625d1faeec87187ab3c4abe2ca6dfca0921232f15d17777,4,100,100,100,True,True,100,100,True,True,100,True,0,affaf454b1140e22d0f219477c8a8bbed5a08684dc19315dd90971c476538145,affaf454b1140e22d0f219477c8a8bbed5a08684dc19315dd90971c476538145,0.001833299989812076,0.000162499985890463,0.0007541000086348504,[],
912,IFIJAK,2,Pd,6,81b69f0c1904371a4d83c64ba883a5e3a400d2a84fe72b43e2aa25bf9e2644f0,2,100,64,100,False,True,100,100,True,True,100,True,0,3f701c1a6e94e6e42ca3cdabe4d429b1a64c15050e0cc08d133ca1779661a96c,3f701c1a6e94e6e42ca3cdabe4d429b1a64c15050e0cc08d133ca1779661a96c,0.00751174999459181,0.0002277999883517623,0.0007274000090546906,[],
913,CEMBOP,1,Zn,6,10131eb9efa008bfae97784e185fd69f5ba9cb36234c5f8de60b4153b9716ee0,2,100,53,100,False,True,100,100,True,True,100,True,0,ebce3d6dbbb9a15885ee3669b241abb828733af1f7b783362a6005897463512b,4df98810c0c31f6b54fec12c430cc549f647c9f075a5f46ddc8c93b0c7165341,0.006859900007839315,0.0001703999878372997,0.0004992999893147498,[],
914,UDUMUF,2,Pt,6,70d76d2e92489cd3bd728fab7a3ec8bb8a7b2dd0f59bc714bed4fb2727ca03d2,2,100,51,100,False,True,100,100,True,True,100,True,0,954ebfc1e144e1e59a9ffa211f6cc3289960e9293402c13b3503c5ce446cfb9c,954ebfc1e144e1e59a9ffa211f6cc3289960e9293402c13b3503c5ce446cfb9c,0.011615199997322634,0.000212200015084818,0.0006969000096432865,[],
915,MIGCIP,1,Pt,4,5e8813f284615d74bd7f0009d6632e947ca9fabf235f21b1925a05759a361b27,4,100,55,100,False,True,100,100,True,True,100,True,0,6ece4e5472238b2f7fbe1a2ec0bbeb957335f412a15efe168f880a26388544bf,6ece4e5472238b2f7fbe1a2ec0bbeb957335f412a15efe168f880a26388544bf,0.004065400004037656,0.00016060000052675605,0.0007337999995797873,[],
916,YAFYOU,2,Zn,4,a97187e09d12940ff7155773e4832159a3e4331b534ad91648d897b4cd8ffb1d,4,100,52,100,False,True,100,100,True,True,100,True,0,4e52096bd0d329d5e0424ee1f843a5dc03484dd8b52fbec08f21c531c62a8a7d,000b6a586457bfde498f68849a45e437ad88e39547f64bd14f45d0b1a1384d70,0.00245649999123998,0.00023750000400468707,0.0010489000123925507,[],
917,HIQFUI,2,Pd,4,e0ea5f736e507e849783d2ef06aa7726293b0aab72b163460d400da01ac47852,2,100,45,100,False,True,100,100,True,True,100,True,0,d5f6f8514f0852b813cf0ab8e02ffa26f850c0249af121e58d53634272b3a45a,d5f6f8514f0852b813cf0ab8e02ffa26f850c0249af121e58d53634272b3a45a,0.0049883500032592565,0.00021260001813061535,0.0006036999984644353,[],
918,BDPAPD,1,Pd,4,001b333d9043b12a29b09c79826472ffc1728dfbd99beff0c19d674b7a9c0291,4,100,100,100,True,True,100,100,True,True,100,True,0,8dd3266f5654073ec574ddecef2d6f96e38a6f68ced3b39ce693529c46a4223d,8dd3266f5654073ec574ddecef2d6f96e38a6f68ced3b39ce693529c46a4223d,0.005156800005352125,0.00017610000213608146,0.0007681999995838851,[],
919,GOSQOW,2,Ni,4,87037953efe0c381e299aaa3355625ec980a03a44f4ff312b78c380d389980a4,4,100,44,100,False,True,100,100,True,True,100,True,0,0385e187eb2f7b3bcd0d2e03f84be79b3ca717ee5784617d14f9d33c41b0a61a,0385e187eb2f7b3bcd0d2e03f84be79b3ca717ee5784617d14f9d33c41b0a61a,0.004100299993297085,0.00016219998360611498,0.0007947999984025955,[],
920,KEWBOG,1,Zn,4,c7dd37deca2b47565da76b5ae193ac4dcf2bacd966a6d75ea7d2bf83b5394e2d,4,100,58,100,False,True,100,100,True,True,100,True,0,545080387fe0ad8bebe3ea849a7dd451d71111ac6930a8fe1ffee0bb8b5f6850,545080387fe0ad8bebe3ea849a7dd451d71111ac6930a8fe1ffee0bb8b5f6850,0.0030304000101750717,0.00015120001626200974,0.0006315000064205378,[],
921,YIZKAV,3,Pt,4,a80abae030b4295574dee50ee51fbba53df282339089532d671eaa3b071b3e47,2,100,35,100,False,True,100,100,True,True,100,True,0,885163172f641b93e22ac6c52d9afc2de1a7e9223314c9db8254468a0c2bd431,c8eadf3bab5449124039fac966e92afa3c021f3b1004d5b66e04a381b866a8db,0.0030804999987594783,0.00014859999646432698,0.0004216000088490546,[],
922,EBUHUI,2,Zn,4,3050e956f42302b793757ab0cf38ffa3d4d97b6dd7a49864a33125f7b2e1d7aa,2,100,100,100,True,True,100,100,True,True,100,True,0,bde358038154048f181f8ced60f10a69f5f8c29479263c942b2000a1962e8dc2,bde358038154048f181f8ced60f10a69f5f8c29479263c942b2000a1962e8dc2,0.00617985001008492,0.00014449999434873462,0.000347200024407357,[],
923,NODKOI,2,Fe,4,35b85271b256cc9d180ce919a1f50d37c9347d8e3be95d9d4ca5133e0eec86b9,4,100,24,100,False,True,100,100,True,True,100,True,0,ee300bff06002d85e798fcd7dd8da718bd95ac1379a0b4238c09789ad59c1380,edf85d27900003d28b721d90992e9c499483a61b598762bda78efed92366207b,0.003644849988631904,0.0001435000158380717,0.0005587000050581992,[],
924,OFOCOD,4,Ni,4,ed40374002d0c0ca9511601536f83de011d3c336f23689e091481546cdc78175,2,100,100,100,True,True,100,100,True,True,100,True,0,1ffa547868b34328a00e0b5a8f156bdcfc6d202711a01695a27c036f4ecd7edc,1ffa547868b34328a00e0b5a8f156bdcfc6d202711a01695a27c036f4ecd7edc,0.002254400009405799,0.00012739998055621982,0.0003756999794859439,[],
925,YOGWOJ,4,Pt,4,b9946309bfcdbcab491131090cd31dec04377e3c3073927bcb0bdad0fbb08308,2,100,100,100,True,True,100,100,True,True,100,True,0,28b7c477475850c8aa9cba0fefa2291e16e2f94060da979768f486732754c8d3,28b7c477475850c8aa9cba0fefa2291e16e2f94060da979768f486732754c8d3,0.002543149996199645,0.00021800000104121864,0.000679599994327873,[],
926,ROLROB,4,Pd,4,51e4e520ab3328c483fdb7602be7a54cf7e0381e65517a4d25a8b332b70a7678,4,100,100,100,True,True,100,100,True,True,100,True,0,7a242ce21e3183db929eff0d137b9f084d69c7156cb820a5c3cc1edd37971d23,7a242ce21e3183db929eff0d137b9f084d69c7156cb820a5c3cc1edd37971d23,0.006314400015980937,0.0002691999834496528,0.0013336999982129782,[],
927,CEMBEF,1,Zn,6,603f9c4606c94ceefad4d3a3d67e051d3497573f893c734976427e88eab17542,2,100,100,100,True,True,100,100,True,True,100,True,0,4a80ab83dbb181be1ccdd8319b029aba07611bc97dba6056e35e75875f31628a,4a80ab83dbb181be1ccdd8319b029aba07611bc97dba6056e35e75875f31628a,0.006482950004283339,0.00017450001905672252,0.0005120999994687736,[],
928,CEJYAT,2,Pd,4,b64207106d392b8ce951cebfe77d9e02257307458b4366b7de70b145e3d1c357,4,100,100,100,True,True,100,100,True,True,100,True,0,1c63d091a6e4d262ccbc63500374bbd345c4c2b711f4cb867ebb90d0ba40cfdf,1c63d091a6e4d262ccbc63500374bbd345c4c2b711f4cb867ebb90d0ba40cfdf,0.006329249983537011,0.00017680000746622682,0.0007581000099889934,[],
929,QAKQIC,1,Rh,4,05c78b65d8ae2ddbff90895ef09b1546f083355364be273c2e8312725b7b5338,2,100,100,100,True,True,100,100,True,True,100,True,0,79c7f1b5ec59414200988cadd75ac6421ec566f5aaa57ab64d74ce1c19d33e43,79c7f1b5ec59414200988cadd75ac6421ec566f5aaa57ab64d74ce1c19d33e43,0.006201549986144528,0.00016419999883510172,0.00046159999328665435,[],
930,QIXFIM,2,Rh,4,f237d03c92a6edd5fcb3e192d6d5f332002621fb33868b4e6003702ddd99ff1b,24,100,46,100,False,True,100,100,True,True,100,True,0,1cc756d9ff13bf6134aa4ded2b0c40445ccc3652b3c299865d3203f00cb9c98c,f930bf58a19cf7e64a79445824cea4140513e7278a02cf48b16fa2823d517d0f,0.008358250022865832,0.0002193999825976789,0.003189200011547655,[],
931,MOFCAO,3,Rh,6,7c86665837e669a9d2bf936c48cf88dc936796ca27ff076c7f2067c0a536cbd8,2,100,52,100,False,True,100,100,True,True,100,True,0,007005a82a59fb1a8fa2cbcc8e2d68ba79e9334adfe339a64b81d74d58dc4dc4,24d52540cb410788df3259069b99e1235d00348f966edd10a3f58ed45552fc84,0.010595200001262128,0.0002280999906361103,0.0007276999822352082,[],
932,DPPNFE,2,Fe,4,5928c1353d8d093239bb6a227d6d94ca701d33260690a6f1f6a979ede4d5e93b,4,100,47,100,False,True,100,100,True,True,100,True,0,6a0a82e7bd995a2af881377ed3ebe5ac837377c33b404662cbc993f1605b64ef,207293276b863b9320bd7461eac90f5abd9aedc619f0504c9e94674911ff3360,0.005394300009356812,0.00015400000847876072,0.0006365000153891742,[],
933,MERJOJ,4,Cr,6,f8ff53b84710878c4e5d1c8d8f2ffffc7a90d2ef8f397f5f8a36d97919049702,120,100,8,100,False,True,100,100,True,True,100,True,0,1da27b917e87d3d902662b3637363e2b1fa34f6f08cbc10881d7f89cfda3eccd,3bcd74b510951f75dca41bcd4e47d9e522335c9c564d913baef652f99220d79a,0.004629100003512576,0.00026210001669824123,0.04245269999955781,[],
934,QOLJAE,1,Ir,6,733d401a5ac8f33979d2c53d03ec5d33d7ec8bbd7b6993d8b921222f6c026c4d,2,100,46,100,False,True,100,100,True,True,100,True,0,9a9c556f25f8d26adf7768c2e9e3dcb339eb961e6d1f1168ae67fd9bb07fb9a5,9a9c556f25f8d26adf7768c2e9e3dcb339eb961e6d1f1168ae67fd9bb07fb9a5,0.007715050000115298,0.00023350000265054405,0.0008254999993368983,[],
935,ZIJZOH,2,Cr,6,65750b18cc29c5f5d26896ec10d29ec0668ca3b05c1cf947b0750f20f4f521dc,120,100,6,100,False,True,100,100,True,True,100,True,0,fc6d78589624f1d8f4a9afbd30e520b72dd0d3a929499fd5e0e6d30bc503358d,caf1d07e48171e67fa3df73404f0a473ef29e8d955c3c57d597cd050d6a5be66,0.003638099995441735,0.00023939998936839402,0.040127099986420944,[],
936,DENPOC,4,Cr,6,c19c025bf492fdbd83db130c761969afe75205f24b6922b68681889df9b12bb9,48,100,8,100,False,True,100,100,True,True,100,True,0,56249a82d0c644580805102e6b6409b14104c58d1214db900358d1df922079b1,442b50afd3b70d6991b0066cdd917a1c84df15b1024df1ed1cb05e468580feb4,0.008644250003271736,0.00024349999148398638,0.01650200001313351,[],
937,IKUYAO,1,Ir,4,d3ddd2074b4d89d7af2f0841033c9df1a0b871e23111ee311ce4fca0e5e36aec,6,100,34,100,False,True,100,100,True,True,100,True,0,16b060396b1ed48116f7501b1f78de2dbb43dccd96af8632451043e9f560ede6,2f4ed18db65fcc44c8a22f2b8c72b160de01350eedf5400a35c6085b93d733b4,0.007983650008100085,0.00017389998538419604,0.0011393000022508204,[],
938,NUXPAY,3,Ir,5,000c6e50abe90703a6c0ce40cc4ab30885dd948aa05df260dc9aa668ed821263,2,100,100,100,True,True,100,100,True,True,100,True,0,6e02446c4ab29fbf78717a80f284c4b9a8d2f6728c056a2ec4a05410075fcaa3,6e02446c4ab29fbf78717a80f284c4b9a8d2f6728c056a2ec4a05410075fcaa3,0.007994000014150515,0.00020549999317154288,0.0006173000147100538,[],
939,KIWYOG,4,Ir,5,67b27ca20dd7ef89bb3b6e94d9dd6093792acddffb08ef1dfdc19444364f4414,2,100,55,100,False,True,100,100,True,True,100,True,0,81b4611262d57f4ce1138f7d183e3ea24b6d6bf92c57738068d2b4c5e2007f19,32ab44149f9afaf9d99d1c4e51cf9fa436557a5c6328d929fbbdf7e071315f4c,0.0032674499962013215,0.00016640001558698714,0.0005130999779794365,[],
940,YABNUK,3,Ni,4,74d45713bb512824179e56d7cfeb539612bd4391ac09002ca23bf804c4c7c708,4,100,100,100,True,True,100,100,True,True,100,True,0,814224b58163db0d80d38f9e3d780c708570a941c401244d6233d88588394fcc,814224b58163db0d80d38f9e3d780c708570a941c401244d6233d88588394fcc,0.005186649999814108,0.00016769999638199806,0.0007617000082973391,[],
941,ISIYAK,1,Fe,5,6ee00f25fa977a3e1914288eb1fd02be409848df9381bdcc1b5d78b2f6d04550,12,100,36,100,False,True,100,100,True,True,100,True,0,15be3fe0b29f5ab02b9d73d91b2cec3886a1324ce4c71bae37bba54f17a349c6,33c9b99c8f37110242cddb39755e2d03d15212cb5e8f592e5be0aefc1eb5ed36,0.0032866999972611666,0.00018200001795776188,0.002208299993071705,[],
942,POTCDR,2,Cr,6,ba32b664f1a2bc19b33ab7f68909eb249e91b94933dd4427ff30acdfb8406d32,48,100,32,100,False,True,100,100,True,True,100,True,0,ee91eb89256378d56da80d0ba79f8eac673c838606df7d82100df751b761ca35,95fc55548e01e0910cfd3937e823d56d6f95361e43e97fa7df441a51f5462ef5,0.013853400014340878,0.0003617999900598079,0.01844899999559857,[],
943,CAZRUR,1,Pd,4,c3e1ed7ec97b9845932998e85710c75937b678bb756e3bcef50ed3dd4216c777,2,100,57,100,False,True,100,100,True,True,100,True,0,55f1d11a606335aa1ecf15f4bf3a7469897cb25fea4324a296c8434ef3d3fcbd,2a9a0f0a1d5c045047768c0dff503b5d9c05b5656b11c542da8b2954c8944637,0.004611950003891252,0.00018179998733103275,0.00047810000251047313,[],
944,YELKAE,4,Pt,4,ba7b01fb9ac10a6bef03866601234b03396203178a612b2c9fa0aa4604e77b21,4,100,100,100,True,True,100,100,True,True,100,True,0,9d41260d78a4f5831491699d4f45518bd92ee78e472e3bcc5b87c75d97869f13,9d41260d78a4f5831491699d4f45518bd92ee78e472e3bcc5b87c75d97869f13,0.0019963999948231503,0.00016759999562054873,0.0007908999978099018,[],
945,NEHXEE,1,Ni,4,74a8cc46520546ac4e8f6478ead170a65928aa8b1e885df811a9f282ba5402c8,6,100,17,100,False,True,100,100,True,True,100,True,0,31995b54ecacebabc8317d94cab5f946313d7d1e1221e304908c1de1df361145,31995b54ecacebabc8317d94cab5f946313d7d1e1221e304908c1de1df361145,0.007207600006950088,0.00023800000781193376,0.0014091999910306185,[],
946,DUXPOC,2,Ir,6,8a40cf417f45c3417c07f43da3e197d2852b2945c02bd9a8d5eeb6f9b677d65f,2,100,53,100,False,True,100,100,True,True,100,True,0,08a58ab65de9192138dc1be23cf268df2e851a8cb6585fd021f982431153d5d4,08a58ab65de9192138dc1be23cf268df2e851a8cb6585fd021f982431153d5d4,0.013517600003979169,0.00034410000080242753,0.0011691999970935285,[],
947,MAWHUO,1,Pt,4,ef78b261c50948d759b6962825d6272857ee20f650991021474954def91a723e,4,100,54,100,False,True,100,100,True,True,100,True,0,d70ca07033f1d89908fd0b053071eeeebc6114ceb0c4ffc8cd90b59cce4ab2f9,d70ca07033f1d89908fd0b053071eeeebc6114ceb0c4ffc8cd90b59cce4ab2f9,0.005974349987809546,0.00016080000204965472,0.0006862000154796988,[],
948,MUDCOF,4,Pt,4,dfa1600aaf63c04c9c3d539a0a25ed46725a16d9b01a54905ab04de3c9ca056f,2,100,43,100,False,True,100,100,True,True,100,True,0,f1d57168b14729ffa0453a3e60d5147e72b4f10814227c8dc53dd013b81799a5,825de44c9ae63df09480fc795e32fbb4126d9ca759550ef6e51db550619fe249,0.005731049997848459,0.00017210000078193843,0.000454099994385615,[],
949,GEHWOI,2,Pt,4,c3a372f08eb94ad3bb9544a16f6ca8e5ae51f8703fc97b1a9e344f6617f05718,4,100,100,100,True,True,100,100,True,True,100,True,0,eb3cdc81cd229a30c30d5e90f3abe271d066e4f249b30ea01573accf1c061cdc,eb3cdc81cd229a30c30d5e90f3abe271d066e4f249b30ea01573accf1c061cdc,0.005480800013174303,0.0001666999887675047,0.0007495000027120113,[],
950,VUJKES,3,Zn,4,78fdf28ccb611acdf948938e0ec31eda4a6b8d20c56ab383e11281ef8a1b28d2,2,100,49,100,False,True,100,100,True,True,100,True,0,571957104b2a9761259f6e2673081fcb89660503f057232c3fb0ff4a05822d63,571957104b2a9761259f6e2673081fcb89660503f057232c3fb0ff4a05822d63,0.0044873000151710585,0.00019729998894035816,0.0005901000113226473,[],
951,HIGTUM,1,Cr,6,b916fae3eb9cd149afd376b75e56890fb40ed34e478c16735fd65bc0702a9592,120,100,6,100,False,True,100,100,True,True,100,True,0,8ab9635dd1b93196ab6fabd1eaf873473efda3e1fd6d93a6e0e869269b57f9cd,cde0fc9333f2806aba6500bfb2e929d7125f43f39f312752e12e7daec50569f9,0.006416300006094389,0.00028450001263991,0.03986799999256618,[],
952,HIRMEC,3,Ir,6,bbf80ee72d1f603658de9e7da0b6a217150c79ef190c5f9c6acd931cc39d98c9,2,100,45,100,False,True,100,100,True,True,100,True,0,a621e8dc29676e18f5064e43bcff8efe26d3a654e8c7d509a34f8fbc83fd47df,e3b718606e22b8a42eb6f835f40028be2c06ba97ec8ced1ca27118c566121ad2,0.012893049992271699,0.0002834000042639673,0.0009950000094249845,[],
953,COYVET,3,Zn,5,81292ce86b6098e51f83960828148d21806f9668cd89190059ba54e0f3ca758d,2,100,46,100,False,True,100,100,True,True,100,True,0,4121d1b3c3d6941b86b497698d7a098274b2d8311236e5efd61d664b64b1ffe7,4121d1b3c3d6941b86b497698d7a098274b2d8311236e5efd61d664b64b1ffe7,0.012150099995778874,0.00026840000646188855,0.0007496000034734607,[],
954,HOMFAT,2,Rh,6,abe615b7d6eb37c0227786da042e5cbfbf8d51e3a21a17c65a28458f91f4ca5e,4,100,48,100,False,True,100,100,True,True,100,True,0,8d5162a8c828d78db622230733808e5203d0cac7a0caa6fb4d8b7393444c87da,43e06934e13b40cd419360763219cb1d18076eb358c6a95633980592a506660b,0.016736750010750256,0.00035000001662410796,0.0021023000008426607,[],
955,PEJNEY,3,Zn,4,2e094b74ffb6f3f1d325832249e233ebac43b4c8cfeffebcc1a76a4968ed7037,4,100,60,100,False,True,100,100,True,True,100,True,0,b54f1f425aa7791bcec31b8fb43148a7d360c69e2a438444f87e9c1349de86bf,f4c8c640e6fe944135fa70bb23cb18b7209551d7adb31ef390e8c1a557b0d88d,0.004898950006463565,0.00018080000882036984,0.0009193000150844455,[],
956,IPEKIA,2,Pt,4,cbc04dcd9521c94a3c247e5b58ee242114b789a819a17bbd4aca04a610f392f3,2,100,44,100,False,True,100,100,True,True,100,True,0,8185e5e6fa0cc37357549f8567c95739de1389c41b31c37f1da483290651a88e,8185e5e6fa0cc37357549f8567c95739de1389c41b31c37f1da483290651a88e,0.0017155500099761412,0.00014639997971244156,0.0004250000056345016,[],
957,HOXKEK,2,Pt,4,9aa09c59ea4b37753e0b41a55a3a25b6bf4b791a115f816af302cbc205cb6d34,2,100,100,100,True,True,100,100,True,True,100,True,0,e0b5d0a6359cc8598810cf29185974ed3266fa99281ae08667ea48d112ef77c1,e0b5d0a6359cc8598810cf29185974ed3266fa99281ae08667ea48d112ef77c1,0.005223500003921799,0.00018229999113827944,0.0005528999899979681,[],
958,ICICUV,3,Cu,5,d98c7890c631a475a53959c09abf688e74195c709b16bbe6b5764b35070147a7,2,100,56,100,False,True,100,100,True,True,100,True,0,42348f725893a858082e75c8d5ff1455c5c6d0881fb15b3b9b561f581c99a345,42348f725893a858082e75c8d5ff1455c5c6d0881fb15b3b9b561f581c99a345,0.008213349981815554,0.00016429999959655106,0.0004212000058032572,[],
959,NOWBIK,0,Fe,6,91ac1e56d951ce58a40270a226065627fd6044409b00a0946542130b0a1cb729,4,100,55,100,False,True,100,100,True,True,100,True,0,43cf34c41e9314f8788b0244657076a099007489744bd041b03445d75555439e,d6cb82f17e96930e5c7cd7b0d488869e7546f8f00e203da5948e577f494225ab,0.01065559999551624,0.00021290002041496336,0.0010894000006373972,[],
960,SACZEF,0,Cu,4,884439f0190f349ebdabd7ee7982e082003aadbb84c6c98c7f4d534f32cb6736,2,100,100,100,True,True,100,100,True,True,100,True,0,fe09211486589c139045b5cffa26007455a1752c68928e510d7d81707cf4aad3,fe09211486589c139045b5cffa26007455a1752c68928e510d7d81707cf4aad3,0.0016237499949056655,0.0001227000029757619,0.0003009999927598983,[],
961,BOFJOW,3,Pt,4,ea2ed2c5f7c823ad5bfa3f199e417d6540dfd37faf275e9dfe20edec55474bed,4,100,58,100,False,True,100,100,True,True,100,True,0,693c5cf90d1a1d3c4cdb4ccc1fd62b5f8641a661be649f399a3656f30dd1bacf,693c5cf90d1a1d3c4cdb4ccc1fd62b5f8641a661be649f399a3656f30dd1bacf,0.004706849998910911,0.00024590000975877047,0.0009304000122938305,[],
962,CIKFUY,4,Pt,6,3846417f7d95a8bb5065619970982211c93af6d3a0e4290876660e45b73c7036,8,100,45,100,False,True,100,100,True,True,100,True,0,f05daa8c63f992ab6d41b39d8a7ffe4a027c8b1702714acf7807a8df5ca00eff,f05daa8c63f992ab6d41b39d8a7ffe4a027c8b1702714acf7807a8df5ca00eff,0.004435900002135895,0.00024199998006224632,0.002411900000879541,[],
963,MACGON,3,Pd,4,f51290437c1e5f8c56d0e8003b304286294197549c82424e0e5336f426242dcc,2,100,47,100,False,True,100,100,True,True,100,True,0,13150e034cd3c56f50c2ecfd0913249b94be9da58a0b73b57a701f0d131b9195,2a94a769d2e0a1360a03a46116839ec63ad51d28c49fa6c7d1d17227605e492b,0.0022251499904086813,0.0001674999948590994,0.000597400008700788,[],
964,FEYQAE,4,Ir,6,25dc7271118368a3dbc0291e44c22da5374a1cef38a7ab8e9819b36c9450e805,2,100,100,100,True,True,100,100,True,True,100,True,0,cfe3a212a876bd146fbf3d9140b7d0877ac176cf0fa2ed6f4a363a8907a2f1d1,cfe3a212a876bd146fbf3d9140b7d0877ac176cf0fa2ed6f4a363a8907a2f1d1,0.007545349988504313,0.00019650001195259392,0.0006201000069268048,[],
965,SOYWUA,0,Zn,4,f970c4ef5b7e8bf7cadb2bfd1820d71e1ff622578601e364d539da418eeffc71,4,100,100,100,True,True,100,100,True,True,100,True,0,e616d25bce29b767c5ba308b6d6a21bcdf7a879bec855d90a02a04c99bf17d17,e616d25bce29b767c5ba308b6d6a21bcdf7a879bec855d90a02a04c99bf17d17,0.0025159499928122386,0.00014799999189563096,0.000551999983144924,[],
966,YEJWAM,4,Cr,6,bb114a78ddc53cb451bdc8aa4f7c93a997dbb606ecc8e72259b105ef7168e5e1,120,100,6,100,False,True,100,100,True,True,100,True,0,a2bc74b7ec24f4729f93c759b9d8c422f7f65fa7f65694cd2b00a905ea82e52a,5d82220efa630fe4b23f119cd4ad1ac9b1d7ece2a1c3b18c4b2987589e4472b0,0.0038515500054927543,0.00023859998327679932,0.04136910001398064,[],
967,YAHTOT,4,Pt,4,1d57c671b318b8cc6a670368fb818ef15589f513d3d0ba32da44456a52bb6722,4,100,62,100,False,True,100,100,True,True,100,True,0,cb6c13a3d1ec353e687bfa5f563aae908559f2bcd6fc624628a8788ca013f9c7,e52a770ab6a32f8c8e3555e18097b36d7d9ef3aa3d96be75c6ff20f690b72752,0.007960050003021024,0.0002591000229585916,0.001266200008103624,[],
968,CEHXAP,4,Pd,4,7aaad35f75e224d896de8d3144107de4c735c47d5fc8581f79ea3502aa273c68,4,100,51,100,False,True,100,100,True,True,100,True,0,471ba4039427d72a8e548cc04e0854e4f227f02da7aa000f16ddc33cd8cf40cd,fa551fb062ed8eee975796d45f0c866ca57fdcf457ac6b47c5f9a61c71f038a6,0.0028311000060057268,0.0001587000151630491,0.000735500012524426,[],
969,JISXAK,4,Pt,4,a2340284bfe13ad86abdf3f265f6bd4e42cefb26439ef4a3bec99d947e060f48,4,100,42,100,False,True,100,100,True,True,100,True,0,2e64a01cfdf76930acc77c103758b7055c8b8b14ae0e570ae00f1fe3287c461b,2e64a01cfdf76930acc77c103758b7055c8b8b14ae0e570ae00f1fe3287c461b,0.002456899994285777,0.00015570002142339945,0.0007557999924756587,[],
970,XOVPUW,1,Pt,4,23c24e7ca788b1b94a139c82f01d156caa2bbb6b05a9c8cad99b18d38a04a215,4,100,100,100,True,True,100,100,True,True,100,True,0,1e29bf80a73a13747d9f95c3a55fbfef13ea647754feedf7b6de8e6686941d8d,1e29bf80a73a13747d9f95c3a55fbfef13ea647754feedf7b6de8e6686941d8d,0.003123350004898384,0.0002548999909777194,0.0012974000128451735,[],
971,XOQTAA,4,Pd,4,ec703e94c886cae795d1e606efc21f2ce4beaae93df964f85095112d2f2a54d3,6,100,27,100,False,True,100,100,True,True,100,True,0,959bbc38f8581190165113206e0749448f5aa383cc7f6b25775407a0e453d129,420d2ab9c7a440923405ca60d3cc53f997aa7231ac7eb012fa9e419b8f9e2a1d,0.008644800007459708,0.00020410001161508262,0.0013990000006742775,[],
972,ALUBAL,3,Ni,4,46eabbea2a6846aaa436ebaa890c8c219e269d7ea17536c350063ef7e767f516,2,100,100,100,True,True,100,100,True,True,100,True,0,1d3845f12d69ce46c9dff9177ee8801cc55d73f85bac5dfdc4f23464e1359101,1d3845f12d69ce46c9dff9177ee8801cc55d73f85bac5dfdc4f23464e1359101,0.006752700006472878,0.00016120000509545207,0.0004325999761931598,[],
973,CISYIN,4,Pd,4,785b9cdf7f5c033f74e0f116500c151104285be8e8d7f0b44295259694946933,4,100,100,100,True,True,100,100,True,True,100,True,0,da4b85aafada295e145d1c6012c4eed9ffea89d6bc920daba3ccb037cf27c5b3,da4b85aafada295e145d1c6012c4eed9ffea89d6bc920daba3ccb037cf27c5b3,0.006143749997136183,0.0002592999953776598,0.0012946000206284225,[],
974,YAKCAR,0,Fe,6,31af884527b491c89afb3366efd076335cedc8a915b2ccee1663eec4bf350f85,6,100,31,100,False,True,100,100,True,True,100,True,0,8cae46e20d3ead241b684038efe5249bfc7cda8488381dc89d32bcb0db4cdf61,8cae46e20d3ead241b684038efe5249bfc7cda8488381dc89d32bcb0db4cdf61,0.007318000003579073,0.00022600000374950469,0.0017065000138245523,[],
975,DAGLED,3,Ni,4,3bb974c1355f14074a01e7fa718fd94964ec2a3ebfb41839482201501f2e4eb0,4,100,54,100,False,True,100,100,True,True,100,True,0,5ae839e3c56c918e18f80f0fea674bf1d9f99fcec2c1512b30bd0f012957f5e2,52727aae9416d4944d2a35c3cb6fcd6b4c409cffef57e4ecb28d5a7f2fb9c587,0.003124850001768209,0.00015609999536536634,0.0007397999870590866,[],
976,XAHXIP,3,Ir,6,476c78ce644500d9af1b70f02f90340624dd29d77ab96a30bd24e5379c1e83b4,2,100,46,100,False,True,100,100,True,True,100,True,0,023c703be6f279893cd0200b25596a2932f0676b66e63a034ff2d47a43383beb,1a36136f03a5fa11f6cec256b8ad6c6ff2f1f1ba35d383f83f019ecb2cc868a1,0.006993750008405186,0.00021290002041496336,0.0006861000147182494,[],
977,SAPSIM,1,Ni,4,30e46a1f6e88de0a86a520e8a73753e4afcff5bcd93a57dc4e49014675b5dd54,2,100,100,100,True,True,100,100,True,True,100,True,0,5755e6a31f890a0988d73090f6c1fd2a660c4161490dd1644851c82ec87580c7,5755e6a31f890a0988d73090f6c1fd2a660c4161490dd1644851c82ec87580c7,0.006338549996144138,0.00017240000306628644,0.0005268999957479537,[],
978,QAGCAE,0,Pd,4,18ca2861cd96b640a049320d777a59ec0c6504e86e06d7262785d8035d5fa554,4,100,44,100,False,True,100,100,True,True,100,True,0,aa09a5a0b94455c97a1af10d11837278dbf10dd8aae995285e8d3db71b772516,aa09a5a0b94455c97a1af10d11837278dbf10dd8aae995285e8d3db71b772516,0.004724600003100932,0.00016529997810721397,0.0007391000108327717,[],
979,ZUJWIM,0,Ir,4,d5d45ffa186eb7db2158926c5c5ba44110aa8d8ad3b714088e776891179226b7,2,100,100,100,True,True,100,100,True,True,100,True,0,391af483be17db67874fc8d7931db8eef197e507d33035360742168ad9ed9a1d,391af483be17db67874fc8d7931db8eef197e507d33035360742168ad9ed9a1d,0.006194049987243488,0.0001666999887675047,0.000455000001238659,[],
980,XUTRUC,1,Pd,4,dc6ce4e5f886a893ca86f179b718e094da7262cbdb4a922dbe816746e44e7ac9,4,100,100,100,True,True,100,100,True,True,100,True,0,21a9e2cdb62eaa98d62c99ddd59753d6654d7aea3e32006412d0482a29cc5b0d,21a9e2cdb62eaa98d62c99ddd59753d6654d7aea3e32006412d0482a29cc5b0d,0.006892100005643442,0.0001640999980736524,0.0007074000022839755,[],
981,YIYVEK,2,Pt,4,153ed58fbd2f29555f616fe9b7fa49a7fae0f4b9dc57c1f9e462251958355bad,2,100,40,100,False,True,100,100,True,True,100,True,0,fd604cc31b1967111e4540dd8443175407341d2cdd2d627f7427f0c77d0f900c,d8aef84a0409f2c63a1a7f0fd90f57324b11e3271e17b77da7b9bec3df8a5536,0.0014729499962413684,0.00014489999739453197,0.00042150000808760524,[],
982,VELBUN,3,Ir,4,2d258c8d894ffaa50f62d5515359860bda712b183479b29172c83407f9437068,2,100,100,100,True,True,100,100,True,True,100,True,0,3d426a7ca56126658f4efa02f1e4cb5c34e8d26131019307fd31a95d69fb7580,3d426a7ca56126658f4efa02f1e4cb5c34e8d26131019307fd31a95d69fb7580,0.00545669998973608,0.00020080001559108496,0.0006017000123392791,[],
983,MIMXUD,3,Ir,6,d3c9aed22ee92c75dd177bcb6d05642bde5e4fd6b11dbd38db0222cc399e6825,2,100,49,100,False,True,100,100,True,True,100,True,0,026e469a6cae35cb1d8c439874d73ca0036846e7b44e4b0d9cc1f8d1e83f8ed2,026e469a6cae35cb1d8c439874d73ca0036846e7b44e4b0d9cc1f8d1e83f8ed2,0.013134950000676326,0.00034080000477842987,0.001149399991845712,[],
984,DACCUG,1,Rh,4,ae9377054865c79950418bd38f4676690118c46a0432cebeac5a86415ef00a9d,2,100,100,100,True,True,100,100,True,True,100,True,0,d572466ad8fa5b25625dd49f0d0b2095acde1dbbfa497d889d304e7ace17a965,d572466ad8fa5b25625dd49f0d0b2095acde1dbbfa497d889d304e7ace17a965,0.006741899996995926,0.0001700999855529517,0.00046060001477599144,[],
985,LORFAB,0,Zn,4,73da9a04e7bafd7f0e4a0366d6e4e67ec442605e1620fc5cdeefb0a2a4f9a38d,2,100,55,100,False,True,100,100,True,True,100,True,0,887324f25b5dd63492be5fe68cd49f9766e11513b7bc896019de610eee1ea45d,887324f25b5dd63492be5fe68cd49f9766e11513b7bc896019de610eee1ea45d,0.006872100013424642,0.00022879999596625566,0.000624599982984364,[],
986,BENQOB,3,Pt,4,58933e3f17957a5244767d8d5c64771581f4fa723bc7bcdba38cef3dd9992781,2,100,50,100,False,True,100,100,True,True,100,True,0,0086aaa4e0dc7902be28b9351f8e79961145cdbe3f79c3663ce8981497404dae,0086aaa4e0dc7902be28b9351f8e79961145cdbe3f79c3663ce8981497404dae,0.0042678000027081,0.00014670001110062003,0.0003952000115532428,[],
987,SUYYOD,1,Pt,4,3de11e2e932dccd2ce5b75f1e50753cc23ac84a5de7d9beb0804caa3f897bac6,2,100,100,100,True,True,100,100,True,True,100,True,0,4a353eb1a54fcf28e8e0155a06d1cc6f0a178705601a73af189016a81dfefd73,4a353eb1a54fcf28e8e0155a06d1cc6f0a178705601a73af189016a81dfefd73,0.007602350000524893,0.00017949999892152846,0.00046549999387934804,[],
988,RIWDOQ,2,Ni,4,2242a180a60a14481e76c6d5a47b218491aaeda45df57e25f7ab614f026e4dd6,2,100,100,100,True,True,100,100,True,True,100,True,0,198976e8a0a061f6937f347cbfdc417543d3976681fa1887fb0a144745cdcde6,198976e8a0a061f6937f347cbfdc417543d3976681fa1887fb0a144745cdcde6,0.006722349993651733,0.00015590002294629812,0.00041969999438151717,[],
989,DIXHIE,3,Pd,4,710f3a60628c08c111678a5f3d4f10925f4fccd4f0a254619e617fb2a3b9a25f,4,100,48,100,False,True,100,100,True,True,100,True,0,d8d67fa7629a891f8541946db4b1dca2a63f98670880fef95ceac00c02174b31,7329e54d638a340fcf6b10fcde737cc228473579a8f7f8dca8899b08076b1332,0.006289099997957237,0.0001694000093266368,0.0007750999939162284,[],
990,WEMWIW,3,Fe,5,d6ebce5b66ea048fe15475b1c04384a0e13a850c20cb843bf5ab9782a91eb10d,6,100,31,100,False,True,100,100,True,True,100,True,0,91f696a33b1557a6de2a892bb099ae54b5dc9f1e52afa3a98dbdf9b2a6eb1d4e,91f696a33b1557a6de2a892bb099ae54b5dc9f1e52afa3a98dbdf9b2a6eb1d4e,0.006394550000550225,0.0002018999948631972,0.0016434999997727573,[],
991,TUKBUY,1,Cr,6,c14fdf4e789c910009e7619abc03b7b826c89d6b2b367e3870a2726cf6059725,24,100,6,100,False,True,100,100,True,True,100,True,0,6c7e5b56549a0e069c66f77a9639a210a80d3d5ecfc94e2d3073975509f9d638,d0dbc6562f27176348e3a03bd20310d410b21fd8a643df58a7e5bc0f5383b975,0.005604499994660728,0.000225800002226606,0.006155600014608353,[],
992,NAMJAO,1,Fe,5,f222ee8e29e55edd9da120b4c3a90c4b6c4f06c633bd3d09d59b94b7338ebbc8,6,100,15,100,False,True,100,100,True,True,100,True,0,dd0422f666d33ef91f15dc67879ff70ef24803abf46fba4df71ed42287266b4d,1287c19a39e8f73cbc17db7538a1f587265c307f3fffd554eebf2ad47c0bef5d,0.009162599992123432,0.0002077000099234283,0.0014521999983116984,[],
993,SAFROK,1,Zn,6,e9ae5791c91f1227d0c54a1e6ad3e13d71bbbab08a537e11108482aa7ab03c71,2,100,55,100,False,True,100,100,True,True,100,True,0,b7f250399804328b9394e1e5d53fb6f3c84bd3209bb038d2044cc730c9c881cf,b7f250399804328b9394e1e5d53fb6f3c84bd3209bb038d2044cc730c9c881cf,0.00880809998488985,0.00022059999173507094,0.0006824000156484544,[],
994,XEZVOR,0,Fe,6,a084131d860b8fe70c739d67c2e02fbc8b5482b168140a7e666445395082d7b6,12,100,34,100,False,True,100,100,True,True,100,True,0,cd6902d58af619620e592274a31984c4fa88d1f585778549d4e09858038bf9b9,ad94893ac0973d0ddec7d186d37a3836996119bcbd30309e2b3413d513017114,0.008467949999612756,0.00023779997718520463,0.0033122999884653836,[],
995,LUBJIE,1,Ir,6,af8f839061b8a8f61a43a1ed94e103361db9b7cdcb024e75a61390e8b2714af8,2,100,50,100,False,True,100,100,True,True,100,True,0,89c05e8908f4ed4134c5df9c8d31173ebc1b8af7e22a118ff12f426ef14cf4a3,89c05e8908f4ed4134c5df9c8d31173ebc1b8af7e22a118ff12f426ef14cf4a3,0.009180499997455627,0.00023410000721924007,0.000729300023522228,[],
996,PECKER,4,Fe,6,94421fd575fda2ebdcf586e3f9f85e535bc07bec09d28d7ad0187a38eb271810,4,100,44,100,False,True,100,100,True,True,100,True,0,e6d0234b80178901fad1f9f18ae7544ca60ed02cfec9e270f34d69d1e43910af,e6d0234b80178901fad1f9f18ae7544ca60ed02cfec9e270f34d69d1e43910af,0.007882749996497296,0.00022460002219304442,0.0012072999961674213,[],
997,BONRAY,3,Ir,6,396cb09e3e72004a16a948e2496d9d70c159310e183874104865ee821e6d9a57,12,100,42,100,False,True,100,100,True,True,100,True,0,1967728e92abbc16192d031001f22525cbc226e392f16856b42cb2357a45b092,9816c279e7c10c526396f94e8f8a38bfa122f707420df96ece5bd75a20dba5e7,0.0042746499966597185,0.00020889998995698988,0.003047799982596189,[],
998,CICDAX,4,Zn,6,1e94c6f77e4adcd006e9114ea9a6d81879def9db8b16f4eae9e69e77fdfcf018,6,100,13,100,False,True,100,100,True,True,100,True,0,0e40a2f623106a9dec3e675a335ca9fd1c1604d627763699f1e27e74d3941a44,53f61266b84da169af00dcbf851b828b807dcc0627c605b88357a7dff3c22ca7,0.004696799995144829,0.0001936999906320125,0.0015626000240445137,[],
999,JUYNEY,4,Fe,6,ed7a8d23a03e69307321638e7876ccd549111ce7c18a28b1562372f0ae778de0,48,100,4,100,False,True,100,100,True,True,100,True,0,7644645554067709ff34f2a10014f0943d3f853e1f83b103671049458ada726b,eb32857a9ee01afffae044b9ff8aff28c0961b5f454448093ced4567dd90bb7a,0.007115899978089146,0.00022849999368190765,0.011865599983138964,[],
1000,KINXEK,3,Cr,6,7eff0bee3292f6b94897c2d1c6eb70e5b8fb3659a1419511baf9215c3d3b9116,120,100,9,100,False,True,100,100,True,True,100,True,0,787df94b61e23fb6d2e234b22baadbb04cf3bca221b19f937bd3d6131f74fe19,665db82cdc4dba084d70282a956b756ea0c63f7fe6dfb33e7c6f826e66b9c3d9,0.0030558500002371147,0.00022650000755675137,0.02938039999571629,[],
