node_id,source_database,source_id,metal_count,metals_str,cn_list,shape_best_list,donor_set,bridge_types,haptic_modes,periodic_truncated,parse_valid,roundtrip_valid,L0,L1,L2,L3
MOF_ABACUF,CSD_MOF,ABACUF,1,Cu,6,OC,"O,O,O,O,O,O",,,True,True,True,Cu|CN:6,Cu|CN:6|Shape:OC,Cu|CN:6|Shape:OC|Donors:O+O+O+O+O+O|Bridges:0,4c65f208b165
MOF_ABACUF01,CSD_MOF,ABACUF01,1,Cu,6,OC,"O,O,O,O,O,O",,,True,True,True,Cu|CN:6,Cu|CN:6|Shape:OC,Cu|CN:6|Shape:OC|Donors:O+O+O+O+O+O|Bridges:0,4c65f208b165
MOF_ABADUG,CSD_MOF,ABADUG,6,Zn+Zn+Zn+Zn+Zn+Zn,"5,5,5,5,5,5","TBPY,TBPY,TBPY,TBPY,TBPY,TBPY","N,N,N,N,N,N,O,O,O,O,O,O,O,O,O,O,O,O,O,O,O,O,O,O,O,O,O,O,O,O",,,True,True,True,Zn+Zn+Zn+Zn+Zn+Zn|CN:5+5+5+5+5+5,Zn+Zn+Zn+Zn+Zn+Zn|CN:5+5+5+5+5+5|Shape:TBPY+TBPY+TBPY+TBPY+TBPY+TBPY,Zn+Zn+Zn+Zn+Zn+Zn|CN:5+5+5+5+5+5|Shape:TBPY+TBPY+TBPY+TBPY+TBPY+TBPY|Donors:N+N+N+N+N+N+O+O+O+O+O+O+O+O+O+O+O+O+O+O+O+O+O+O+O+O+O+O+O+O|Bridges:0,6e7fecf72cf0
MOF_ABAFUH,CSD_MOF,ABAFUH,2,Cu+Cu,"3,3","TP,TP","O,O,O,O",,,True,True,True,Cu+Cu|CN:3+3,Cu+Cu|CN:3+3|Shape:TP+TP,Cu+Cu|CN:3+3|Shape:TP+TP|Donors:O+O+O+O|Bridges:0,4b965bbd2987
MOF_ABAGAO,CSD_MOF,ABAGAO,1,Cu,6,OC,"N,N,N,O,O,O",,,True,True,True,Cu|CN:6,Cu|CN:6|Shape:OC,Cu|CN:6|Shape:OC|Donors:N+N+N+O+O+O|Bridges:0,ff2341764124
MOF_ABALOF,CSD_MOF,ABALOF,3,Cu+Cu+Cu,"4,4,4","SP,SP,SP","I,I,I,I,S","mu2-I,mu3-I",,True,True,True,Cu+Cu+Cu|CN:4+4+4,Cu+Cu+Cu|CN:4+4+4|Shape:SP+SP+SP,Cu+Cu+Cu|CN:4+4+4|Shape:SP+SP+SP|Donors:I+I+I+I+S|Bridges:4,15252baa878d
MOF_ABALUO,CSD_MOF,ABALUO,1,Cu,6,OC,"N,N,O,O,O,O",,,True,True,True,Cu|CN:6,Cu|CN:6|Shape:OC,Cu|CN:6|Shape:OC|Donors:N+N+O+O+O+O|Bridges:0,29772fb9f834
MOF_ABAMIC,CSD_MOF,ABAMIC,2,V+V,"6,5","OC,TBPY","O,O,O,O,O,O,O,O,O,O,O",,,True,True,True,V+V|CN:6+5,V+V|CN:6+5|Shape:OC+TBPY,V+V|CN:6+5|Shape:OC+TBPY|Donors:O+O+O+O+O+O+O+O+O+O+O|Bridges:0,85e6c956fa4f
MOF_ABAMOI,CSD_MOF,ABAMOI,1,Cu,6,OC,"N,O,O,O,O",,,True,True,True,Cu|CN:6,Cu|CN:6|Shape:OC,Cu|CN:6|Shape:OC|Donors:N+O+O+O+O|Bridges:0,1e71129b44ef
MOF_ABANAW,CSD_MOF,ABANAW,5,Mo+Mo+Mo+Mo+Ni,"4,6,4,6,6","SP,OC,SP,OC,OC","O,O,O,O,O,O,O,O,O,O,O,O,O,O,O,O,O,O","mu2-O,mu3-O",,True,True,True,Mo+Mo+Mo+Mo+Ni|CN:4+6+4+6+6,Mo+Mo+Mo+Mo+Ni|CN:4+6+4+6+6|Shape:SP+OC+SP+OC+OC,Mo+Mo+Mo+Mo+Ni|CN:4+6+4+6+6|Shape:SP+OC+SP+OC+OC|Donors:O+O+O+O+O+O+O+O+O+O+O+O+O+O+O+O+O+O|Bridges:7,2e2caed81c9c
MOF_ABAPUS,CSD_MOF,ABAPUS,3,Cu+Cu+Cu,"6,6,6","OC,OC,OC","N,N,N,N,N,N,O,O,O,O,O,O,O,O,O",mu2-O,,True,True,True,Cu+Cu+Cu|CN:6+6+6,Cu+Cu+Cu|CN:6+6+6|Shape:OC+OC+OC,Cu+Cu+Cu|CN:6+6+6|Shape:OC+OC+OC|Donors:N+N+N+N+N+N+O+O+O+O+O+O+O+O+O|Bridges:3,abab243c920c
MOF_ABAVIJ,CSD_MOF,ABAVIJ,6,Co+Co+Co+Co+Co+Co,"6,6,1,1,2,1","OC,OC,CN1,CN1,L,CN1","N,N,N,N,N,O,O,O,O,O,O,O,O,O,O,O,O",,,True,True,True,Co+Co+Co+Co+Co+Co|CN:6+6+1+1+2+1,Co+Co+Co+Co+Co+Co|CN:6+6+1+1+2+1|Shape:OC+OC+CN1+CN1+L+CN1,Co+Co+Co+Co+Co+Co|CN:6+6+1+1+2+1|Shape:OC+OC+CN1+CN1+L+CN1|Donors:N+N+N+N+N+O+O+O+O+O+O+O+O+O+O+O+O|Bridges:0,6cde70d5ae67
MOF_ABAVIM,CSD_MOF,ABAVIM,1,Ni,6,OC,"O,O,O,O,O",,,True,True,True,Ni|CN:6,Ni|CN:6|Shape:OC,Ni|CN:6|Shape:OC|Donors:O+O+O+O+O|Bridges:0,d66e89ad72e3
MOF_ABAVIM01,CSD_MOF,ABAVIM01,1,Ni,6,OC,"O,O,O,O,O",,,True,True,True,Ni|CN:6,Ni|CN:6|Shape:OC,Ni|CN:6|Shape:OC|Donors:O+O+O+O+O|Bridges:0,d66e89ad72e3
MOF_ABAVOP,CSD_MOF,ABAVOP,4,Co+Co+Co+Co,"6,6,1,1","OC,OC,CN1,CN1","N,N,N,N,O,O,O,O,O,O,O,O,O,O",,,True,True,True,Co+Co+Co+Co|CN:6+6+1+1,Co+Co+Co+Co|CN:6+6+1+1|Shape:OC+OC+CN1+CN1,Co+Co+Co+Co|CN:6+6+1+1|Shape:OC+OC+CN1+CN1|Donors:N+N+N+N+O+O+O+O+O+O+O+O+O+O|Bridges:0,d64f0129ac78
MOF_ABAVOS,CSD_MOF,ABAVOS,1,Co,6,OC,"O,O,O,O,O",,,True,True,True,Co|CN:6,Co|CN:6|Shape:OC,Co|CN:6|Shape:OC|Donors:O+O+O+O+O|Bridges:0,2bcfc8e4a682
MOF_ABAVUV,CSD_MOF,ABAVUV,2,Co+Co,"6,1","OC,CN1","N,N,O,O,O,O,O",,,True,True,True,Co+Co|CN:6+1,Co+Co|CN:6+1|Shape:OC+CN1,Co+Co|CN:6+1|Shape:OC+CN1|Donors:N+N+O+O+O+O+O|Bridges:0,4b6285d80d65
MOF_ABAVUY,CSD_MOF,ABAVUY,4,Cd+Cd+Cd+Cd,"6,7,6,7","OC,PBPY,OC,PBPY","N,N,N,N,N,O,O,O,O,O,O,O,O,O,O,O","mu2-N,mu2-O",,True,True,True,Cd+Cd+Cd+Cd|CN:6+7+6+7,Cd+Cd+Cd+Cd|CN:6+7+6+7|Shape:OC+PBPY+OC+PBPY,Cd+Cd+Cd+Cd|CN:6+7+6+7|Shape:OC+PBPY+OC+PBPY|Donors:N+N+N+N+N+O+O+O+O+O+O+O+O+O+O+O|Bridges:8,0847a84d0009
MOF_ABAWOT,CSD_MOF,ABAWOT,3,Cu+Cu+Cu,"5,6,5","TBPY,OC,TBPY","N,O,O,O,O,O,O,O,O","mu2-N,mu2-O,mu3-O",,True,True,True,Cu+Cu+Cu|CN:5+6+5,Cu+Cu+Cu|CN:5+6+5|Shape:TBPY+OC+TBPY,Cu+Cu+Cu|CN:5+6+5|Shape:TBPY+OC+TBPY|Donors:N+O+O+O+O+O+O+O+O|Bridges:4,a6ece1b7d8ce
MOF_ABAXIN,CSD_MOF,ABAXIN,2,Zn+Zn,"5,5","TBPY,TBPY","N,O,O,O,O,O,O,O,O,O",,,True,True,True,Zn+Zn|CN:5+5,Zn+Zn|CN:5+5|Shape:TBPY+TBPY,Zn+Zn|CN:5+5|Shape:TBPY+TBPY|Donors:N+O+O+O+O+O+O+O+O+O|Bridges:0,ffdb31a348aa
MOF_ABAXOT,CSD_MOF,ABAXOT,2,Zn+Zn,"4,5","SP,TBPY","N,N,O,O,O,O,O,O,O",,,True,True,True,Zn+Zn|CN:4+5,Zn+Zn|CN:4+5|Shape:SP+TBPY,Zn+Zn|CN:4+5|Shape:SP+TBPY|Donors:N+N+O+O+O+O+O+O+O|Bridges:0,e42185f35884
MOF_ABAXUZ,CSD_MOF,ABAXUZ,2,Zn+Zn,"5,5","TBPY,TBPY","N,N,O,O,O,O,O,O,O,O",,,True,True,True,Zn+Zn|CN:5+5,Zn+Zn|CN:5+5|Shape:TBPY+TBPY,Zn+Zn|CN:5+5|Shape:TBPY+TBPY|Donors:N+N+O+O+O+O+O+O+O+O|Bridges:0,f504dddcba11
MOF_ABAYAE,CSD_MOF,ABAYAE,3,Cu+Cu+Cu,"5,5,1","TBPY,TBPY,CN1","N,N,N,N,O,O,O,O,O,O,O",,,True,True,True,Cu+Cu+Cu|CN:5+5+1,Cu+Cu+Cu|CN:5+5+1|Shape:TBPY+TBPY+CN1,Cu+Cu+Cu|CN:5+5+1|Shape:TBPY+TBPY+CN1|Donors:N+N+N+N+O+O+O+O+O+O+O|Bridges:0,800af1a637ac
MOF_ABAYAG,CSD_MOF,ABAYAG,2,Zn+Zn,"5,5","TBPY,TBPY","N,N,O,O,O,O,O,O,O,O",,,True,True,True,Zn+Zn|CN:5+5,Zn+Zn|CN:5+5|Shape:TBPY+TBPY,Zn+Zn|CN:5+5|Shape:TBPY+TBPY|Donors:N+N+O+O+O+O+O+O+O+O|Bridges:0,f504dddcba11
MOF_ABAYEI,CSD_MOF,ABAYEI,4,Ag+Ag+Ag+Ag,"2,2,3,1","L,L,TP,CN1","N,N,O,O,O,O,O,O",,,True,True,True,Ag+Ag+Ag+Ag|CN:2+2+3+1,Ag+Ag+Ag+Ag|CN:2+2+3+1|Shape:L+L+TP+CN1,Ag+Ag+Ag+Ag|CN:2+2+3+1|Shape:L+L+TP+CN1|Donors:N+N+O+O+O+O+O+O|Bridges:0,19e099cfb5c1
MOF_ABAYIM,CSD_MOF,ABAYIM,7,Ag+Ag+Ag+Ag+Ag+Ag+Ag,"4,3,0,1,0,1,1","SP,TP,CN0,CN1,CN0,CN1,CN1","N,N,N,O,O,O,O,O,O",mu2-O,,True,True,True,Ag+Ag+Ag+Ag+Ag+Ag+Ag|CN:4+3+0+1+0+1+1,Ag+Ag+Ag+Ag+Ag+Ag+Ag|CN:4+3+0+1+0+1+1|Shape:SP+TP+CN0+CN1+CN0+CN1+CN1,Ag+Ag+Ag+Ag+Ag+Ag+Ag|CN:4+3+0+1+0+1+1|Shape:SP+TP+CN0+CN1+CN0+CN1+CN1|Donors:N+N+N+O+O+O+O+O+O|Bridges:1,c157fdbe4fa2
MOF_ABAYIO,CSD_MOF,ABAYIO,3,Mn+Mn+Mn,"5,5,5","TBPY,TBPY,TBPY","Cl,Cl,Cl,O,O,O,O",mu3-O,,True,True,True,Mn+Mn+Mn|CN:5+5+5,Mn+Mn+Mn|CN:5+5+5|Shape:TBPY+TBPY+TBPY,Mn+Mn+Mn|CN:5+5+5|Shape:TBPY+TBPY+TBPY|Donors:Cl+Cl+Cl+O+O+O+O|Bridges:1,232033e4139c
MOF_ABAYOS,CSD_MOF,ABAYOS,5,Ag+Ag+Ag+Ag+Ag,"4,3,0,0,1","SP,TP,CN0,CN0,CN1","N,N,O,O,O,O,O,O",,,True,True,True,Ag+Ag+Ag+Ag+Ag|CN:4+3+0+0+1,Ag+Ag+Ag+Ag+Ag|CN:4+3+0+0+1|Shape:SP+TP+CN0+CN0+CN1,Ag+Ag+Ag+Ag+Ag|CN:4+3+0+0+1|Shape:SP+TP+CN0+CN0+CN1|Donors:N+N+O+O+O+O+O+O|Bridges:0,76e927aa7cf4
MOF_ABAYOS01,CSD_MOF,ABAYOS01,2,Ag+Ag,"3,4","TP,SP","N,N,O,O,O,O",mu2-O,,True,True,True,Ag+Ag|CN:3+4,Ag+Ag|CN:3+4|Shape:TP+SP,Ag+Ag|CN:3+4|Shape:TP+SP|Donors:N+N+O+O+O+O|Bridges:1,39a5475b1bc8
MOF_ABAYOU,CSD_MOF,ABAYOU,3,Co+Co+Co,"5,5,5","TBPY,TBPY,TBPY","Cl,Cl,Cl,O,O,O,O",mu3-O,,True,True,True,Co+Co+Co|CN:5+5+5,Co+Co+Co|CN:5+5+5|Shape:TBPY+TBPY+TBPY,Co+Co+Co|CN:5+5+5|Shape:TBPY+TBPY+TBPY|Donors:Cl+Cl+Cl+O+O+O+O|Bridges:1,776ca689aac6
MOF_ABAYOV,CSD_MOF,ABAYOV,3,Cd+Cd+Cd,"6,7,7","OC,PBPY,PBPY","N,N,N,N,N,N,N,N,O,O,O,O,O,O,O,O",mu2-O,,True,True,True,Cd+Cd+Cd|CN:6+7+7,Cd+Cd+Cd|CN:6+7+7|Shape:OC+PBPY+PBPY,Cd+Cd+Cd|CN:6+7+7|Shape:OC+PBPY+PBPY|Donors:N+N+N+N+N+N+N+N+O+O+O+O+O+O+O+O|Bridges:4,ce67a0b46419
MOF_ABAYUY,CSD_MOF,ABAYUY,3,Zn+Zn+Zn,"5,2,1","TBPY,L,CN1","N,N,N,O,O,O,O,O",,,True,True,True,Zn+Zn+Zn|CN:5+2+1,Zn+Zn+Zn|CN:5+2+1|Shape:TBPY+L+CN1,Zn+Zn+Zn|CN:5+2+1|Shape:TBPY+L+CN1|Donors:N+N+N+O+O+O+O+O|Bridges:0,48415144e286
MOF_ABAZAF,CSD_MOF,ABAZAF,2,Zn+Zn,"5,5","TBPY,TBPY","N,N,N,N,O,O,O,O,O,O",,,True,True,True,Zn+Zn|CN:5+5,Zn+Zn|CN:5+5|Shape:TBPY+TBPY,Zn+Zn|CN:5+5|Shape:TBPY+TBPY|Donors:N+N+N+N+O+O+O+O+O+O|Bridges:0,e03f94b4df81
MOF_ABAZEJ,CSD_MOF,ABAZEJ,2,Zn+Zn,"4,1","SP,CN1","N,N,O,O,O",,,True,True,True,Zn+Zn|CN:4+1,Zn+Zn|CN:4+1|Shape:SP+CN1,Zn+Zn|CN:4+1|Shape:SP+CN1|Donors:N+N+O+O+O|Bridges:0,bf96ea9d0825
MOF_ABECIX,CSD_MOF,ABECIX,5,Ag+Ag+Co+Co+Co,"6,6,6,2,2","OC,OC,OC,L,L","F,N,N,O,O,O,O,O,O,O,O,O,P,P","mu2-P,mu3-F",,True,True,True,Ag+Ag+Co+Co+Co|CN:6+6+6+2+2,Ag+Ag+Co+Co+Co|CN:6+6+6+2+2|Shape:OC+OC+OC+L+L,Ag+Ag+Co+Co+Co|CN:6+6+6+2+2|Shape:OC+OC+OC+L+L|Donors:F+N+N+O+O+O+O+O+O+O+O+O+P+P|Bridges:3,c4eaeb7f9ecd
MOF_ABECOD,CSD_MOF,ABECOD,5,Ag+Ag+Co+Co+Co,"4,6,6,6,4","SP,OC,OC,OC,SP","F,N,N,O,O,O,O,O,O,O,O,O,O,O,P,P","mu2-P,mu3-F",,True,True,True,Ag+Ag+Co+Co+Co|CN:4+6+6+6+4,Ag+Ag+Co+Co+Co|CN:4+6+6+6+4|Shape:SP+OC+OC+OC+SP,Ag+Ag+Co+Co+Co|CN:4+6+6+6+4|Shape:SP+OC+OC+OC+SP|Donors:F+N+N+O+O+O+O+O+O+O+O+O+O+O+P+P|Bridges:3,914a21d450a7
MOF_ABECUI,CSD_MOF,ABECUI,1,Co,6,OC,"N,N,O,O,O,O",,,True,True,True,Co|CN:6,Co|CN:6|Shape:OC,Co|CN:6|Shape:OC|Donors:N+N+O+O+O+O|Bridges:0,e91f36cfed65
MOF_ABECUJ,CSD_MOF,ABECUJ,12,Au+Co+Co+Co+Co+Co+Co+Co+Co+Co+Co+Co,"2,6,6,6,1,1,1,2,1,1,1,1","L,OC,OC,OC,CN1,CN1,CN1,L,CN1,CN1,CN1,CN1","F,N,N,N,O,O,O,O,O,O,O,O,O,O,O,O,O,O,O,O,O,O,O,O,O,P,P",mu3-F,,True,True,True,Au+Co+Co+Co+Co+Co+Co+Co+Co+Co+Co+Co|CN:2+1+1+1+6+6+6+1+1+1+2+1,Au+Co+Co+Co+Co+Co+Co+Co+Co+Co+Co+Co|CN:2+1+1+1+6+6+6+1+1+1+2+1|Shape:L+CN1+CN1+CN1+OC+OC+OC+CN1+CN1+CN1+L+CN1,Au+Co+Co+Co+Co+Co+Co+Co+Co+Co+Co+Co|CN:2+1+1+1+6+6+6+1+1+1+2+1|Shape:L+CN1+CN1+CN1+OC+OC+OC+CN1+CN1+CN1+L+CN1|Donors:F+N+N+N+O+O+O+O+O+O+O+O+O+O+O+O+O+O+O+O+O+O+O+O+O+P+P|Bridges:1,c286b8fff207
MOF_ABEDAP,CSD_MOF,ABEDAP,1,Co,6,OC,"N,N,O,O,O,O",,,True,True,True,Co|CN:6,Co|CN:6|Shape:OC,Co|CN:6|Shape:OC|Donors:N+N+O+O+O+O|Bridges:0,e91f36cfed65
MOF_ABEDAQ,CSD_MOF,ABEDAQ,3,Co+Co+Co,"6,6,6","OC,OC,OC","F,N,N,O,O,O,O,O,O,O,O,O,O,O,O,O",mu3-F,,True,True,True,Co+Co+Co|CN:6+6+6,Co+Co+Co|CN:6+6+6|Shape:OC+OC+OC,Co+Co+Co|CN:6+6+6|Shape:OC+OC+OC|Donors:F+N+N+O+O+O+O+O+O+O+O+O+O+O+O+O|Bridges:1,7091091ec661
MOF_ABEDET,CSD_MOF,ABEDET,3,Co+Co+Co,"6,2,1","OC,L,CN1","N,N,O,O,O,O,O,O,O",,,True,True,True,Co+Co+Co|CN:6+2+1,Co+Co+Co|CN:6+2+1|Shape:OC+L+CN1,Co+Co+Co|CN:6+2+1|Shape:OC+L+CN1|Donors:N+N+O+O+O+O+O+O+O|Bridges:0,9f1631b5fd33
MOF_ABEDET01,CSD_MOF,ABEDET01,2,Co+Co,"6,1","OC,CN1","N,N,O,O,O,O,O",,,True,True,True,Co+Co|CN:6+1,Co+Co|CN:6+1|Shape:OC+CN1,Co+Co|CN:6+1|Shape:OC+CN1|Donors:N+N+O+O+O+O+O|Bridges:0,4b6285d80d65
MOF_ABEDEU,CSD_MOF,ABEDEU,4,Au+Co+Co+Co,"2,6,6,6","L,OC,OC,OC","F,N,N,O,O,O,O,O,O,O,O,O,P,P",mu3-F,,True,True,True,Au+Co+Co+Co|CN:2+6+6+6,Au+Co+Co+Co|CN:2+6+6+6|Shape:L+OC+OC+OC,Au+Co+Co+Co|CN:2+6+6+6|Shape:L+OC+OC+OC|Donors:F+N+N+O+O+O+O+O+O+O+O+O+P+P|Bridges:1,2b75e56e3a4e
MOF_ABEDIX,CSD_MOF,ABEDIX,1,Co,6,OC,"N,N,O,O,O,O",,,True,True,True,Co|CN:6,Co|CN:6|Shape:OC,Co|CN:6|Shape:OC|Donors:N+N+O+O+O+O|Bridges:0,e91f36cfed65
MOF_ABEDIY,CSD_MOF,ABEDIY,5,Co+Co+Co+Cu+Cu,"6,6,6,4,4","OC,OC,OC,SP,SP","F,N,N,O,O,O,O,O,O,O,O,O,O,O,O,P,P","mu2-O,mu2-P,mu3-F",,True,True,True,Co+Co+Co+Cu+Cu|CN:6+6+6+4+4,Co+Co+Co+Cu+Cu|CN:6+6+6+4+4|Shape:OC+OC+OC+SP+SP,Co+Co+Co+Cu+Cu|CN:6+6+6+4+4|Shape:OC+OC+OC+SP+SP|Donors:F+N+N+O+O+O+O+O+O+O+O+O+O+O+O+P+P|Bridges:4,8b09a213437e
MOF_ABEHOH,CSD_MOF,ABEHOH,1,Ni,6,OC,"N,N,O,O,O,O",,,True,True,True,Ni|CN:6,Ni|CN:6|Shape:OC,Ni|CN:6|Shape:OC|Donors:N+N+O+O+O+O|Bridges:0,96636951ed39
MOF_ABEKOL,CSD_MOF,ABEKOL,4,Cu+Cu+Cu+Cu,"5,5,5,5","TBPY,TBPY,TBPY,TBPY","I,I,I,I,I,N,N,N,N,N,N","mu3-N,mu4-I",,True,True,True,Cu+Cu+Cu+Cu|CN:5+5+5+5,Cu+Cu+Cu+Cu|CN:5+5+5+5|Shape:TBPY+TBPY+TBPY+TBPY,Cu+Cu+Cu+Cu|CN:5+5+5+5|Shape:TBPY+TBPY+TBPY+TBPY|Donors:I+I+I+I+I+N+N+N+N+N+N|Bridges:3,40de72b8f4ab
MOF_ABELAY,CSD_MOF,ABELAY,4,Cu+Cu+Cu+Cu,"4,4,4,4","SP,SP,SP,SP","I,I,I,I,N,N,N,N,N","mu2-I,mu2-N,mu3-N,mu4-I",,True,True,True,Cu+Cu+Cu+Cu|CN:4+4+4+4,Cu+Cu+Cu+Cu|CN:4+4+4+4|Shape:SP+SP+SP+SP,Cu+Cu+Cu+Cu|CN:4+4+4+4|Shape:SP+SP+SP+SP|Donors:I+I+I+I+N+N+N+N+N|Bridges:4,5ce6efe10247
MOF_ABELEC,CSD_MOF,ABELEC,4,Cu+Cu+Cu+Cu,"4,4,4,4","SP,SP,SP,SP","I,I,I,I,N,N,N,N,N","mu2-I,mu2-N,mu3-N,mu4-I",,True,True,True,Cu+Cu+Cu+Cu|CN:4+4+4+4,Cu+Cu+Cu+Cu|CN:4+4+4+4|Shape:SP+SP+SP+SP,Cu+Cu+Cu+Cu|CN:4+4+4+4|Shape:SP+SP+SP+SP|Donors:I+I+I+I+N+N+N+N+N|Bridges:4,5ce6efe10247
MOF_ABELIG,CSD_MOF,ABELIG,9,Cu+Cu+Cu+Cu+Cu+Cu+Cu+Cu+Cu,"4,4,4,4,1,1,1,1,1","SP,SP,SP,SP,CN1,CN1,CN1,CN1,CN1","I,I,I,I,I,N,N,N,N,N,N,N,N,N,N,N,N","mu2-I,mu3-I",,True,True,True,Cu+Cu+Cu+Cu+Cu+Cu+Cu+Cu+Cu|CN:4+4+4+4+1+1+1+1+1,Cu+Cu+Cu+Cu+Cu+Cu+Cu+Cu+Cu|CN:4+4+4+4+1+1+1+1+1|Shape:SP+SP+SP+SP+CN1+CN1+CN1+CN1+CN1,Cu+Cu+Cu+Cu+Cu+Cu+Cu+Cu+Cu|CN:4+4+4+4+1+1+1+1+1|Shape:SP+SP+SP+SP+CN1+CN1+CN1+CN1+CN1|Donors:I+I+I+I+I+N+N+N+N+N+N+N+N+N+N+N+N|Bridges:3,ed41569fb41b
MOF_ABELOM,CSD_MOF,ABELOM,6,Cu+Cu+Cu+Cu+Cu+Cu,"4,4,4,4,4,4","SP,SP,SP,SP,SP,SP","I,I,I,I,I,I,N,N,N,N,N,N,N,N,N,N","mu2-I,mu2-N,mu3-I",,True,True,True,Cu+Cu+Cu+Cu+Cu+Cu|CN:4+4+4+4+4+4,Cu+Cu+Cu+Cu+Cu+Cu|CN:4+4+4+4+4+4|Shape:SP+SP+SP+SP+SP+SP,Cu+Cu+Cu+Cu+Cu+Cu|CN:4+4+4+4+4+4|Shape:SP+SP+SP+SP+SP+SP|Donors:I+I+I+I+I+I+N+N+N+N+N+N+N+N+N+N|Bridges:5,5cc6a356ccfb
MOF_ABELOM01,CSD_MOF,ABELOM01,6,Cu+Cu+Cu+Cu+Cu+Cu,"4,4,4,4,4,4","SP,SP,SP,SP,SP,SP","I,I,I,I,I,I,N,N,N,N,N,N,N,N,N,N","mu2-I,mu2-N,mu3-I",,True,True,True,Cu+Cu+Cu+Cu+Cu+Cu|CN:4+4+4+4+4+4,Cu+Cu+Cu+Cu+Cu+Cu|CN:4+4+4+4+4+4|Shape:SP+SP+SP+SP+SP+SP,Cu+Cu+Cu+Cu+Cu+Cu|CN:4+4+4+4+4+4|Shape:SP+SP+SP+SP+SP+SP|Donors:I+I+I+I+I+I+N+N+N+N+N+N+N+N+N+N|Bridges:5,5cc6a356ccfb
MOF_ABEMIF,CSD_MOF,ABEMIF,12,Cu+Cu+Cu+Cu+Cu+Cu+Cu+Cu+Cu+Cu+Cu+Cu,"5,5,5,5,5,5,5,5,5,5,5,5","TBPY,TBPY,TBPY,TBPY,TBPY,TBPY,TBPY,TBPY,TBPY,TBPY,TBPY,TBPY","Cl,Cl,Cl,Cl,O,O,O,O,O,O,O,O,O,O,O,O,O,O,O,O,O,O,O,O,O,O,O,O,O,O,O","mu2-O,mu3-Cl,mu3-O,mu6-O,mu7-Cl",,True,True,True,Cu+Cu+Cu+Cu+Cu+Cu+Cu+Cu+Cu+Cu+Cu+Cu|CN:5+5+5+5+5+5+5+5+5+5+5+5,Cu+Cu+Cu+Cu+Cu+Cu+Cu+Cu+Cu+Cu+Cu+Cu|CN:5+5+5+5+5+5+5+5+5+5+5+5|Shape:TBPY+TBPY+TBPY+TBPY+TBPY+TBPY+TBPY+TBPY+TBPY+TBPY+TBPY+TBPY,Cu+Cu+Cu+Cu+Cu+Cu+Cu+Cu+Cu+Cu+Cu+Cu|CN:5+5+5+5+5+5+5+5+5+5+5+5|Shape:TBPY+TBPY+TBPY+TBPY+TBPY+TBPY+TBPY+TBPY+TBPY+TBPY+TBPY+TBPY|Donors:Cl+Cl+Cl+Cl+O+O+O+O+O+O+O+O+O+O+O+O+O+O+O+O+O+O+O+O+O+O+O+O+O+O+O|Bridges:11,283b15535d6e
MOF_ABEMUR,CSD_MOF,ABEMUR,2,Ag+Ag,"2,2","L,L","N,N,N,N",,,True,True,True,Ag+Ag|CN:2+2,Ag+Ag|CN:2+2|Shape:L+L,Ag+Ag|CN:2+2|Shape:L+L|Donors:N+N+N+N|Bridges:0,5ef112afa3f4
MOF_ABENAY,CSD_MOF,ABENAY,1,Ag,3,TP,"N,N,O",,,True,True,True,Ag|CN:3,Ag|CN:3|Shape:TP,Ag|CN:3|Shape:TP|Donors:N+N+O|Bridges:0,3f2045027035
MOF_ABERAE,CSD_MOF,ABERAE,1,Zn,4,SP,"N,O,O,O",,,True,True,True,Zn|CN:4,Zn|CN:4|Shape:SP,Zn|CN:4|Shape:SP|Donors:N+O+O+O|Bridges:0,b193eada45f0
MOF_ABEREH,CSD_MOF,ABEREH,1,Cu,4,SP,"O,O,O",,,True,True,True,Cu|CN:4,Cu|CN:4|Shape:SP,Cu|CN:4|Shape:SP|Donors:O+O+O|Bridges:0,179576632916
MOF_ABEREH01,CSD_MOF,ABEREH01,1,Cu,4,SP,"O,O,O",,,True,True,True,Cu|CN:4,Cu|CN:4|Shape:SP,Cu|CN:4|Shape:SP|Donors:O+O+O|Bridges:0,179576632916
MOF_ABEREH02,CSD_MOF,ABEREH02,1,Cu,4,SP,"O,O,O",,,True,True,True,Cu|CN:4,Cu|CN:4|Shape:SP,Cu|CN:4|Shape:SP|Donors:O+O+O|Bridges:0,179576632916
MOF_ABETEJ,CSD_MOF,ABETEJ,2,Cu+Cu,"5,5","TBPY,TBPY","O,O,O,O,O,O,O,O,O,O",,,True,True,True,Cu+Cu|CN:5+5,Cu+Cu|CN:5+5|Shape:TBPY+TBPY,Cu+Cu|CN:5+5|Shape:TBPY+TBPY|Donors:O+O+O+O+O+O+O+O+O+O|Bridges:0,bff0aacc973f
MOF_ABEVOV,CSD_MOF,ABEVOV,1,Mo,6,OC,"C,C,C,C,C,N",,,True,True,True,Mo|CN:6,Mo|CN:6|Shape:OC,Mo|CN:6|Shape:OC|Donors:C+C+C+C+C+N|Bridges:0,76bdc3ab3d6f
MOF_ABEVUB,CSD_MOF,ABEVUB,1,Mo,6,OC,"C,C,C,C,C,N",,,True,True,True,Mo|CN:6,Mo|CN:6|Shape:OC,Mo|CN:6|Shape:OC|Donors:C+C+C+C+C+N|Bridges:0,76bdc3ab3d6f
MOF_ABEWEN,CSD_MOF,ABEWEN,4,Co+Co+Co+Co,"6,6,6,6","OC,OC,OC,OC","N,N,O,O,O,O,O,O,O,O,O,O,O,O,O,O,O,O,O,O,O,O,O,O",,,True,True,True,Co+Co+Co+Co|CN:6+6+6+6,Co+Co+Co+Co|CN:6+6+6+6|Shape:OC+OC+OC+OC,Co+Co+Co+Co|CN:6+6+6+6|Shape:OC+OC+OC+OC|Donors:N+N+O+O+O+O+O+O+O+O+O+O+O+O+O+O+O+O+O+O+O+O+O+O|Bridges:0,a1ee4be9d326
MOF_ABEXEM,CSD_MOF,ABEXEM,5,La+La+La+La+La,"9,9,2,1,1","CN9,CN9,L,CN1,CN1","N,N,N,N,O,O,O,O,O,O,O,O,O,O,O,O,O,O,O,O,O,O",,,True,True,True,La+La+La+La+La|CN:9+9+2+1+1,La+La+La+La+La|CN:9+9+2+1+1|Shape:CN9+CN9+L+CN1+CN1,La+La+La+La+La|CN:9+9+2+1+1|Shape:CN9+CN9+L+CN1+CN1|Donors:N+N+N+N+O+O+O+O+O+O+O+O+O+O+O+O+O+O+O+O+O+O|Bridges:0,f5d4b42abd13
MOF_ABEXUD,CSD_MOF,ABEXUD,1,Cu,6,OC,"Cl,Cl,N,N",,,True,True,True,Cu|CN:6,Cu|CN:6|Shape:OC,Cu|CN:6|Shape:OC|Donors:Cl+Cl+N+N|Bridges:0,e1cf97c6f907
MOF_ABEYOX,CSD_MOF,ABEYOX,4,La+La+La+La,"9,9,2,2","CN9,CN9,L,L","N,N,N,N,N,N,O,O,O,O,O,O,O,O,O,O,O,O,O,O,O,O",,,True,True,True,La+La+La+La|CN:9+9+2+2,La+La+La+La|CN:9+9+2+2|Shape:CN9+CN9+L+L,La+La+La+La|CN:9+9+2+2|Shape:CN9+CN9+L+L|Donors:N+N+N+N+N+N+O+O+O+O+O+O+O+O+O+O+O+O+O+O+O+O|Bridges:0,72ae18f30ee1
MOF_ABIBAS,CSD_MOF,ABIBAS,5,Co+Co+Co+Co+Co,"6,6,1,2,1","OC,OC,CN1,L,CN1","N,N,N,O,O,O,O,O,O,O,O,O,O,O,O",mu2-O,,True,True,True,Co+Co+Co+Co+Co|CN:6+6+1+2+1,Co+Co+Co+Co+Co|CN:6+6+1+2+1|Shape:OC+OC+CN1+L+CN1,Co+Co+Co+Co+Co|CN:6+6+1+2+1|Shape:OC+OC+CN1+L+CN1|Donors:N+N+N+O+O+O+O+O+O+O+O+O+O+O+O|Bridges:1,20b960a11120
MOF_ABIFAT,CSD_MOF,ABIFAT,1,Mn,6,OC,"N,N,O,O,O,O",,,True,True,True,Mn|CN:6,Mn|CN:6|Shape:OC,Mn|CN:6|Shape:OC|Donors:N+N+O+O+O+O|Bridges:0,103628d47c32
MOF_ABIFAT01,CSD_MOF,ABIFAT01,1,Mn,6,OC,"N,N,O,O,O,O",,,True,True,True,Mn|CN:6,Mn|CN:6|Shape:OC,Mn|CN:6|Shape:OC|Donors:N+N+O+O+O+O|Bridges:0,103628d47c32
MOF_ABIFEX,CSD_MOF,ABIFEX,2,Mn+Mn,"6,1","OC,CN1","N,N,N,O,O,O,O",,,True,True,True,Mn+Mn|CN:6+1,Mn+Mn|CN:6+1|Shape:OC+CN1,Mn+Mn|CN:6+1|Shape:OC+CN1|Donors:N+N+N+O+O+O+O|Bridges:0,5e3165d70eb1
MOF_ABIGEZ,CSD_MOF,ABIGEZ,1,Co,6,OC,"N,N,S,S",,,True,True,True,Co|CN:6,Co|CN:6|Shape:OC,Co|CN:6|Shape:OC|Donors:N+N+S+S|Bridges:0,60f23af29f38
MOF_ABIGEZ01,CSD_MOF,ABIGEZ01,1,Co,6,OC,"N,N,S,S",,,True,True,True,Co|CN:6,Co|CN:6|Shape:OC,Co|CN:6|Shape:OC|Donors:N+N+S+S|Bridges:0,60f23af29f38
MOF_ABIGEZ02,CSD_MOF,ABIGEZ02,1,Co,6,OC,"N,N,S,S",,,True,True,True,Co|CN:6,Co|CN:6|Shape:OC,Co|CN:6|Shape:OC|Donors:N+N+S+S|Bridges:0,60f23af29f38
MOF_ABIGEZ03,CSD_MOF,ABIGEZ03,1,Co,6,OC,"N,N,S,S",,,True,True,True,Co|CN:6,Co|CN:6|Shape:OC,Co|CN:6|Shape:OC|Donors:N+N+S+S|Bridges:0,60f23af29f38
MOF_ABIGEZ04,CSD_MOF,ABIGEZ04,1,Co,6,OC,"N,N,S,S",,,True,True,True,Co|CN:6,Co|CN:6|Shape:OC,Co|CN:6|Shape:OC|Donors:N+N+S+S|Bridges:0,60f23af29f38
MOF_ABIGEZ05,CSD_MOF,ABIGEZ05,1,Co,6,OC,"N,N,S,S",,,True,True,True,Co|CN:6,Co|CN:6|Shape:OC,Co|CN:6|Shape:OC|Donors:N+N+S+S|Bridges:0,60f23af29f38
MOF_ABIGEZ06,CSD_MOF,ABIGEZ06,1,Co,6,OC,"N,N,S,S",,,True,True,True,Co|CN:6,Co|CN:6|Shape:OC,Co|CN:6|Shape:OC|Donors:N+N+S+S|Bridges:0,60f23af29f38
MOF_ABIHEC,CSD_MOF,ABIHEC,1,Zn,6,OC,"N,N,O,O,O,O",,,True,True,True,Zn|CN:6,Zn|CN:6|Shape:OC,Zn|CN:6|Shape:OC|Donors:N+N+O+O+O+O|Bridges:0,9243618fdff2
MOF_ABIJUS,CSD_MOF,ABIJUS,4,Fe+Fe+Mn+Mo,"8,6,6,6","CU,OC,OC,OC","C,C,C,C,C,C,C,C,N,N,N,N,N,N,N,N,N,N,N,N,N,N,N,N,O,O",,,True,True,True,Fe+Fe+Mn+Mo|CN:8+6+6+6,Fe+Fe+Mn+Mo|CN:8+6+6+6|Shape:CU+OC+OC+OC,Fe+Fe+Mn+Mo|CN:8+6+6+6|Shape:CU+OC+OC+OC|Donors:C+C+C+C+C+C+C+C+N+N+N+N+N+N+N+N+N+N+N+N+N+N+N+N+O+O|Bridges:0,e0519a5f02d2
MOF_ABIKAZ,CSD_MOF,ABIKAZ,4,Cd+Cd+Mn+Mo,"8,6,6,6","CU,OC,OC,OC","C,C,C,C,C,C,C,C,N,N,N,N,N,N,N,N,N,N,N,N,N,N,N,N,O,O",,,True,True,True,Cd+Cd+Mn+Mo|CN:8+6+6+6,Cd+Cd+Mn+Mo|CN:8+6+6+6|Shape:CU+OC+OC+OC,Cd+Cd+Mn+Mo|CN:8+6+6+6|Shape:CU+OC+OC+OC|Donors:C+C+C+C+C+C+C+C+N+N+N+N+N+N+N+N+N+N+N+N+N+N+N+N+O+O|Bridges:0,8ba5a2dc1417
MOF_ABINEF,CSD_MOF,ABINEF,12,Cu+Cu+Cu+Cu+Cu+Cu+Cu+Cu+Cu+Cu+Cu+Cu,"3,3,3,3,4,3,3,3,3,1,4,1","TP,TP,TP,TP,SP,TP,TP,TP,TP,CN1,SP,CN1","N,N,N,N,N,N,N,N,N,N,S,S,S,S,S,S,S,S,S,S,S,S",mu2-S,,True,True,True,Cu+Cu+Cu+Cu+Cu+Cu+Cu+Cu+Cu+Cu+Cu+Cu|CN:3+1+4+1+3+3+3+4+3+3+3+3,Cu+Cu+Cu+Cu+Cu+Cu+Cu+Cu+Cu+Cu+Cu+Cu|CN:3+1+4+1+3+3+3+4+3+3+3+3|Shape:TP+CN1+SP+CN1+TP+TP+TP+SP+TP+TP+TP+TP,Cu+Cu+Cu+Cu+Cu+Cu+Cu+Cu+Cu+Cu+Cu+Cu|CN:3+1+4+1+3+3+3+4+3+3+3+3|Shape:TP+CN1+SP+CN1+TP+TP+TP+SP+TP+TP+TP+TP|Donors:N+N+N+N+N+N+N+N+N+N+S+S+S+S+S+S+S+S+S+S+S+S|Bridges:12,7ba771287f31
MOF_ABINIK,CSD_MOF,ABINIK,9,Zn+Zn+Zn+Zn+Zn+Zn+Zn+Zn+Zn,"4,4,4,4,4,4,4,4,1","SP,SP,SP,SP,SP,SP,SP,SP,CN1","N,N,N,S,S,S,S,S,S,S,S,S,S,S,S,S,S,S","mu2-S,mu4-S",,True,True,True,Zn+Zn+Zn+Zn+Zn+Zn+Zn+Zn+Zn|CN:4+4+4+4+4+4+4+4+1,Zn+Zn+Zn+Zn+Zn+Zn+Zn+Zn+Zn|CN:4+4+4+4+4+4+4+4+1|Shape:SP+SP+SP+SP+SP+SP+SP+SP+CN1,Zn+Zn+Zn+Zn+Zn+Zn+Zn+Zn+Zn|CN:4+4+4+4+4+4+4+4+1|Shape:SP+SP+SP+SP+SP+SP+SP+SP+CN1|Donors:N+N+N+S+S+S+S+S+S+S+S+S+S+S+S+S+S+S|Bridges:13,d18ec61122f9
MOF_ABINIK01,CSD_MOF,ABINIK01,9,Zn+Zn+Zn+Zn+Zn+Zn+Zn+Zn+Zn,"4,4,4,4,4,4,4,4,1","SP,SP,SP,SP,SP,SP,SP,SP,CN1","N,N,N,S,S,S,S,S,S,S,S,S,S,S,S,S,S,S","mu2-S,mu4-S",,True,True,True,Zn+Zn+Zn+Zn+Zn+Zn+Zn+Zn+Zn|CN:4+4+4+4+4+4+4+4+1,Zn+Zn+Zn+Zn+Zn+Zn+Zn+Zn+Zn|CN:4+4+4+4+4+4+4+4+1|Shape:SP+SP+SP+SP+SP+SP+SP+SP+CN1,Zn+Zn+Zn+Zn+Zn+Zn+Zn+Zn+Zn|CN:4+4+4+4+4+4+4+4+1|Shape:SP+SP+SP+SP+SP+SP+SP+SP+CN1|Donors:N+N+N+S+S+S+S+S+S+S+S+S+S+S+S+S+S+S|Bridges:13,d18ec61122f9
MOF_ABINIM,CSD_MOF,ABINIM,6,Zn+Zn+Zn+Zn+Zn+Zn,"5,5,1,1,1,1","TBPY,TBPY,CN1,CN1,CN1,CN1","O,O,O,O,O,O,O,O,O,O,O,O,O,O",,,True,True,True,Zn+Zn+Zn+Zn+Zn+Zn|CN:5+5+1+1+1+1,Zn+Zn+Zn+Zn+Zn+Zn|CN:5+5+1+1+1+1|Shape:TBPY+TBPY+CN1+CN1+CN1+CN1,Zn+Zn+Zn+Zn+Zn+Zn|CN:5+5+1+1+1+1|Shape:TBPY+TBPY+CN1+CN1+CN1+CN1|Donors:O+O+O+O+O+O+O+O+O+O+O+O+O+O|Bridges:0,a271513b3784
MOF_ABINOQ,CSD_MOF,ABINOQ,3,Zn+Zn+Zn,"4,4,1","SP,SP,CN1","N,N,N,S,S,S,S,S",mu2-S,,True,True,True,Zn+Zn+Zn|CN:4+4+1,Zn+Zn+Zn|CN:4+4+1|Shape:SP+SP+CN1,Zn+Zn+Zn|CN:4+4+1|Shape:SP+SP+CN1|Donors:N+N+N+S+S+S+S+S|Bridges:1,910b1eb6aee2
MOF_ABIQAE,CSD_MOF,ABIQAE,2,Cd+Cd,"6,1","OC,CN1","N,N,N,N,N,S,S",,,True,True,True,Cd+Cd|CN:6+1,Cd+Cd|CN:6+1|Shape:OC+CN1,Cd+Cd|CN:6+1|Shape:OC+CN1|Donors:N+N+N+N+N+S+S|Bridges:0,a70744fe7cb5
MOF_ABIRAF,CSD_MOF,ABIRAF,2,Ag+Ag,"3,1","TP,CN1","N,N,N,N",,,True,True,True,Ag+Ag|CN:3+1,Ag+Ag|CN:3+1|Shape:TP+CN1,Ag+Ag|CN:3+1|Shape:TP+CN1|Donors:N+N+N+N|Bridges:0,f3378b7c1aa8
MOF_ABIREJ,CSD_MOF,ABIREJ,2,Ag+Ag,"3,1","TP,CN1","N,N,N,N",,,True,True,True,Ag+Ag|CN:3+1,Ag+Ag|CN:3+1|Shape:TP+CN1,Ag+Ag|CN:3+1|Shape:TP+CN1|Donors:N+N+N+N|Bridges:0,f3378b7c1aa8
MOF_ABIRIN,CSD_MOF,ABIRIN,2,Ag+Ag,"3,1","TP,CN1","N,N,N,N",,,True,True,True,Ag+Ag|CN:3+1,Ag+Ag|CN:3+1|Shape:TP+CN1,Ag+Ag|CN:3+1|Shape:TP+CN1|Donors:N+N+N+N|Bridges:0,f3378b7c1aa8
MOF_ABITEL,CSD_MOF,ABITEL,4,Ag+Ag+Au+Au,"2,3,1,0","L,TP,CN1,CN0","C,C,N,N,N,N",,,True,True,True,Ag+Ag+Au+Au|CN:2+3+1+0,Ag+Ag+Au+Au|CN:2+3+1+0|Shape:L+TP+CN1+CN0,Ag+Ag+Au+Au|CN:2+3+1+0|Shape:L+TP+CN1+CN0|Donors:C+C+N+N+N+N|Bridges:0,13078bd55544
MOF_ABITIP,CSD_MOF,ABITIP,4,Ag+Ag+Au+Au,"2,3,1,0","L,TP,CN1,CN0","C,C,N,N,N,N",,,True,True,True,Ag+Ag+Au+Au|CN:2+3+1+0,Ag+Ag+Au+Au|CN:2+3+1+0|Shape:L+TP+CN1+CN0,Ag+Ag+Au+Au|CN:2+3+1+0|Shape:L+TP+CN1+CN0|Donors:C+C+N+N+N+N|Bridges:0,13078bd55544
MOF_ABIVEO,CSD_MOF,ABIVEO,2,Co+Co,"5,1","TBPY,CN1","Cl,N,O,O,O,O",,,True,True,True,Co+Co|CN:5+1,Co+Co|CN:5+1|Shape:TBPY+CN1,Co+Co|CN:5+1|Shape:TBPY+CN1|Donors:Cl+N+O+O+O+O|Bridges:0,75b87b2af294
MOF_ABIVUC,CSD_MOF,ABIVUC,4,Fe+Fe+Fe+Fe,"6,6,1,1","OC,OC,CN1,CN1","N,N,N,N,O,O,O,O,O,O,O,O,O,O",,,True,True,True,Fe+Fe+Fe+Fe|CN:6+6+1+1,Fe+Fe+Fe+Fe|CN:6+6+1+1|Shape:OC+OC+CN1+CN1,Fe+Fe+Fe+Fe|CN:6+6+1+1|Shape:OC+OC+CN1+CN1|Donors:N+N+N+N+O+O+O+O+O+O+O+O+O+O|Bridges:0,3442d431d188
MOF_ABIWAL,CSD_MOF,ABIWAL,1,Cd,6,OC,"N,N,N,N,O,O",,,True,True,True,Cd|CN:6,Cd|CN:6|Shape:OC,Cd|CN:6|Shape:OC|Donors:N+N+N+N+O+O|Bridges:0,d32e4a19d8fb
MOF_ABIWEN,CSD_MOF,ABIWEN,4,Cu+Cu+Cu+Cu,"5,5,1,1","TBPY,TBPY,CN1,CN1","N,N,N,N,O,O,O,O,O,O,O,O",,,True,True,True,Cu+Cu+Cu+Cu|CN:5+5+1+1,Cu+Cu+Cu+Cu|CN:5+5+1+1|Shape:TBPY+TBPY+CN1+CN1,Cu+Cu+Cu+Cu|CN:5+5+1+1|Shape:TBPY+TBPY+CN1+CN1|Donors:N+N+N+N+O+O+O+O+O+O+O+O|Bridges:0,81b326cb0700
MOF_ABIWOB,CSD_MOF,ABIWOB,1,Hg,4,SP,"Cl,N,O,O",,,True,True,True,Hg|CN:4,Hg|CN:4|Shape:SP,Hg|CN:4|Shape:SP|Donors:Cl+N+O+O|Bridges:0,5c673b4910c7
MOF_ABIWOX,CSD_MOF,ABIWOX,3,Co+Co+Co,"6,2,1","OC,L,CN1","N,O,O,O,O,O,O,O,O",,,True,True,True,Co+Co+Co|CN:6+2+1,Co+Co+Co|CN:6+2+1|Shape:OC+L+CN1,Co+Co+Co|CN:6+2+1|Shape:OC+L+CN1|Donors:N+O+O+O+O+O+O+O+O|Bridges:0,8f05fe0c7e55
MOF_ABIWOY,CSD_MOF,ABIWOY,2,Cu+Cu,"5,4","TBPY,SP","N,N,N,O,O,O,O,O",mu2-O,,True,True,True,Cu+Cu|CN:5+4,Cu+Cu|CN:5+4|Shape:TBPY+SP,Cu+Cu|CN:5+4|Shape:TBPY+SP|Donors:N+N+N+O+O+O+O+O|Bridges:1,fe38aaf6c51a
MOF_ABIWUF,CSD_MOF,ABIWUF,1,Cd,4,SP,"I,I,N,N",,,True,True,True,Cd|CN:4,Cd|CN:4|Shape:SP,Cd|CN:4|Shape:SP|Donors:I+I+N+N|Bridges:0,d56c77a04c6a
MOF_ABIXAM,CSD_MOF,ABIXAM,1,Hg,4,SP,"I,I,N,N",,,True,True,True,Hg|CN:4,Hg|CN:4|Shape:SP,Hg|CN:4|Shape:SP|Donors:I+I+N+N|Bridges:0,82c95ebae8d3
MOF_ABIXEQ,CSD_MOF,ABIXEQ,1,Co,4,SP,"N,N,O,O",,,True,True,True,Co|CN:4,Co|CN:4|Shape:SP,Co|CN:4|Shape:SP|Donors:N+N+O+O|Bridges:0,0d5b26f17542
MOF_ABIXIU,CSD_MOF,ABIXIU,2,Cu+Cu,"5,5","TBPY,TBPY","N,N,N,N,O,O,O,O,O,O",,,True,True,True,Cu+Cu|CN:5+5,Cu+Cu|CN:5+5|Shape:TBPY+TBPY,Cu+Cu|CN:5+5|Shape:TBPY+TBPY|Donors:N+N+N+N+O+O+O+O+O+O|Bridges:0,fd75a0c1ad4f
MOF_ABIYET,CSD_MOF,ABIYET,1,Zn,6,OC,"N,N,O,O,O,O",,,True,True,True,Zn|CN:6,Zn|CN:6|Shape:OC,Zn|CN:6|Shape:OC|Donors:N+N+O+O+O+O|Bridges:0,9243618fdff2
MOF_ABIYIV,CSD_MOF,ABIYIV,7,Co+Co+Co+Co+Co+Co+Co,"6,6,6,2,1,2,1","OC,OC,OC,L,CN1,L,CN1","N,N,N,N,N,N,N,N,N,N,N,N,N,N,O,O,O,O,O,O,O,O,O,O",,,True,True,True,Co+Co+Co+Co+Co+Co+Co|CN:6+6+6+2+1+2+1,Co+Co+Co+Co+Co+Co+Co|CN:6+6+6+2+1+2+1|Shape:OC+OC+OC+L+CN1+L+CN1,Co+Co+Co+Co+Co+Co+Co|CN:6+6+6+2+1+2+1|Shape:OC+OC+OC+L+CN1+L+CN1|Donors:N+N+N+N+N+N+N+N+N+N+N+N+N+N+O+O+O+O+O+O+O+O+O+O|Bridges:0,e36b7e283d4b
MOF_ABIYIX,CSD_MOF,ABIYIX,1,Zn,6,OC,"N,N,O,O,O,O",,,True,True,True,Zn|CN:6,Zn|CN:6|Shape:OC,Zn|CN:6|Shape:OC|Donors:N+N+O+O+O+O|Bridges:0,9243618fdff2
MOF_ABIYOD,CSD_MOF,ABIYOD,1,Zn,6,OC,"N,N,O,O,O,O",,,True,True,True,Zn|CN:6,Zn|CN:6|Shape:OC,Zn|CN:6|Shape:OC|Donors:N+N+O+O+O+O|Bridges:0,9243618fdff2
MOF_ABIYUJ,CSD_MOF,ABIYUJ,2,Zn+Zn,"4,4","SP,SP","N,N,N,N,O,O,O,O",,,True,True,True,Zn+Zn|CN:4+4,Zn+Zn|CN:4+4|Shape:SP+SP,Zn+Zn|CN:4+4|Shape:SP+SP|Donors:N+N+N+N+O+O+O+O|Bridges:0,acb5ad63853b
MOF_ABIZAQ,CSD_MOF,ABIZAQ,1,Zn,6,OC,"N,N,O,O,O,O",,,True,True,True,Zn|CN:6,Zn|CN:6|Shape:OC,Zn|CN:6|Shape:OC|Donors:N+N+O+O+O+O|Bridges:0,9243618fdff2
MOF_ABIZEU,CSD_MOF,ABIZEU,1,Zn,6,OC,"N,N,O,O,O,O",,,True,True,True,Zn|CN:6,Zn|CN:6|Shape:OC,Zn|CN:6|Shape:OC|Donors:N+N+O+O+O+O|Bridges:0,9243618fdff2
MOF_ABIZIY,CSD_MOF,ABIZIY,1,Co,6,OC,"N,N,O,O,O,O",,,True,True,True,Co|CN:6,Co|CN:6|Shape:OC,Co|CN:6|Shape:OC|Donors:N+N+O+O+O+O|Bridges:0,e91f36cfed65
MOF_ABIZOE,CSD_MOF,ABIZOE,1,Co,6,OC,"N,N,O,O,O,O",,,True,True,True,Co|CN:6,Co|CN:6|Shape:OC,Co|CN:6|Shape:OC|Donors:N+N+O+O+O+O|Bridges:0,e91f36cfed65
MOF_ABIZUK,CSD_MOF,ABIZUK,1,Co,6,OC,"N,N,O,O,O,O",,,True,True,True,Co|CN:6,Co|CN:6|Shape:OC,Co|CN:6|Shape:OC|Donors:N+N+O+O+O+O|Bridges:0,e91f36cfed65
MOF_ABOBAY,CSD_MOF,ABOBAY,1,Co,6,OC,"N,N,O,O,O,O",,,True,True,True,Co|CN:6,Co|CN:6|Shape:OC,Co|CN:6|Shape:OC|Donors:N+N+O+O+O+O|Bridges:0,e91f36cfed65
MOF_ABOBIC,CSD_MOF,ABOBIC,2,Ni+Ni,"6,1","OC,CN1","N,N,N,N,N,S,S",,,True,True,True,Ni+Ni|CN:6+1,Ni+Ni|CN:6+1|Shape:OC+CN1,Ni+Ni|CN:6+1|Shape:OC+CN1|Donors:N+N+N+N+N+S+S|Bridges:0,24ddf91ea68c
MOF_ABOBUQ,CSD_MOF,ABOBUQ,2,Ag+Ag,"2,1","L,CN1","N,N,N",,,True,True,True,Ag+Ag|CN:2+1,Ag+Ag|CN:2+1|Shape:L+CN1,Ag+Ag|CN:2+1|Shape:L+CN1|Donors:N+N+N|Bridges:0,42eb51d967db
MOF_ABOCAV,CSD_MOF,ABOCAV,3,Ag+Ag+Ag,"3,3,1","TP,TP,CN1","N,N,O,O,O,P,P",,,True,True,True,Ag+Ag+Ag|CN:3+3+1,Ag+Ag+Ag|CN:3+3+1|Shape:TP+TP+CN1,Ag+Ag+Ag|CN:3+3+1|Shape:TP+TP+CN1|Donors:N+N+O+O+O+P+P|Bridges:0,0d9f45df9348
MOF_ABOCIF,CSD_MOF,ABOCIF,7,Mn+Mn+Mn+Mn+Mn+Mn+Mn,"6,6,6,6,6,6,1","OC,OC,OC,OC,OC,OC,CN1","O,O,O,O,O,O,O,O,O,O,O,O,O,O,O,O,O,O,O,O,O,O,O,O,O,O,O","mu2-O,mu4-O",,True,True,True,Mn+Mn+Mn+Mn+Mn+Mn+Mn|CN:6+6+6+6+6+6+1,Mn+Mn+Mn+Mn+Mn+Mn+Mn|CN:6+6+6+6+6+6+1|Shape:OC+OC+OC+OC+OC+OC+CN1,Mn+Mn+Mn+Mn+Mn+Mn+Mn|CN:6+6+6+6+6+6+1|Shape:OC+OC+OC+OC+OC+OC+CN1|Donors:O+O+O+O+O+O+O+O+O+O+O+O+O+O+O+O+O+O+O+O+O+O+O+O+O+O+O|Bridges:6,4492c3f17002
MOF_ABOCUP,CSD_MOF,ABOCUP,2,Cu+Cu,"6,6","OC,OC","N,N,N,N,O,O,O,O,O,O",,,True,True,True,Cu+Cu|CN:6+6,Cu+Cu|CN:6+6|Shape:OC+OC,Cu+Cu|CN:6+6|Shape:OC+OC|Donors:N+N+N+N+O+O+O+O+O+O|Bridges:0,6bdf8ff71602
MOF_ABOGAD,CSD_MOF,ABOGAD,2,Ag+Ag,"2,2","L,L","C,N,N",,,True,True,True,Ag+Ag|CN:2+2,Ag+Ag|CN:2+2|Shape:L+L,Ag+Ag|CN:2+2|Shape:L+L|Donors:C+N+N|Bridges:0,401aab97d4e5
MOF_ABOGUX,CSD_MOF,ABOGUX,10,Co+Co+Mo+Mo+Mo+Mo+Mo+Mo+Mo+Mo,"6,6,6,6,6,6,6,6,6,1","OC,OC,OC,OC,OC,OC,OC,OC,OC,CN1","N,O,O,O,O,O,O,O,O,O,O,O,O,O,O,O,O,O,O,O,O,O,O,O,O,O,O,O,O,O,O,O","mu2-O,mu3-O,mu4-O",,True,True,True,Co+Co+Mo+Mo+Mo+Mo+Mo+Mo+Mo+Mo|CN:6+1+6+6+6+6+6+6+6+6,Co+Co+Mo+Mo+Mo+Mo+Mo+Mo+Mo+Mo|CN:6+1+6+6+6+6+6+6+6+6|Shape:OC+CN1+OC+OC+OC+OC+OC+OC+OC+OC,Co+Co+Mo+Mo+Mo+Mo+Mo+Mo+Mo+Mo|CN:6+1+6+6+6+6+6+6+6+6|Shape:OC+CN1+OC+OC+OC+OC+OC+OC+OC+OC|Donors:N+O+O+O+O+O+O+O+O+O+O+O+O+O+O+O+O+O+O+O+O+O+O+O+O+O+O+O+O+O+O+O|Bridges:15,3c5f2dc68dba
MOF_ABOHIM,CSD_MOF,ABOHIM,10,Cd+Cd+Mo+Mo+Mo+Mo+Mo+Mo+Mo+Mo,"6,6,6,6,6,6,6,6,6,1","OC,OC,OC,OC,OC,OC,OC,OC,OC,CN1","N,O,O,O,O,O,O,O,O,O,O,O,O,O,O,O,O,O,O,O,O,O,O,O,O,O,O,O,O,O,O,O","mu2-O,mu3-O,mu4-O",,True,True,True,Cd+Cd+Mo+Mo+Mo+Mo+Mo+Mo+Mo+Mo|CN:6+1+6+6+6+6+6+6+6+6,Cd+Cd+Mo+Mo+Mo+Mo+Mo+Mo+Mo+Mo|CN:6+1+6+6+6+6+6+6+6+6|Shape:OC+CN1+OC+OC+OC+OC+OC+OC+OC+OC,Cd+Cd+Mo+Mo+Mo+Mo+Mo+Mo+Mo+Mo|CN:6+1+6+6+6+6+6+6+6+6|Shape:OC+CN1+OC+OC+OC+OC+OC+OC+OC+OC|Donors:N+O+O+O+O+O+O+O+O+O+O+O+O+O+O+O+O+O+O+O+O+O+O+O+O+O+O+O+O+O+O+O|Bridges:15,03dde9fc5417
MOF_ABOHOS,CSD_MOF,ABOHOS,10,Cu+Cu+Mo+Mo+Mo+Mo+Mo+Mo+Mo+Mo,"6,6,6,6,6,6,6,6,6,1","OC,OC,OC,OC,OC,OC,OC,OC,OC,CN1","N,O,O,O,O,O,O,O,O,O,O,O,O,O,O,O,O,O,O,O,O,O,O,O,O,O,O,O,O,O,O,O","mu2-O,mu3-O,mu4-O",,True,True,True,Cu+Cu+Mo+Mo+Mo+Mo+Mo+Mo+Mo+Mo|CN:6+1+6+6+6+6+6+6+6+6,Cu+Cu+Mo+Mo+Mo+Mo+Mo+Mo+Mo+Mo|CN:6+1+6+6+6+6+6+6+6+6|Shape:OC+CN1+OC+OC+OC+OC+OC+OC+OC+OC,Cu+Cu+Mo+Mo+Mo+Mo+Mo+Mo+Mo+Mo|CN:6+1+6+6+6+6+6+6+6+6|Shape:OC+CN1+OC+OC+OC+OC+OC+OC+OC+OC|Donors:N+O+O+O+O+O+O+O+O+O+O+O+O+O+O+O+O+O+O+O+O+O+O+O+O+O+O+O+O+O+O+O|Bridges:15,479b2366ead2
MOF_ABOHUY,CSD_MOF,ABOHUY,10,Mo+Mo+Mo+Mo+Mo+Mo+Mo+Mo+Zn+Zn,"6,6,6,6,6,6,6,6,6,1","OC,OC,OC,OC,OC,OC,OC,OC,OC,CN1","N,O,O,O,O,O,O,O,O,O,O,O,O,O,O,O,O,O,O,O,O,O,O,O,O,O,O,O,O,O,O,O","mu2-O,mu3-O,mu4-O",,True,True,True,Mo+Mo+Mo+Mo+Mo+Mo+Mo+Mo+Zn+Zn|CN:6+1+6+6+6+6+6+6+6+6,Mo+Mo+Mo+Mo+Mo+Mo+Mo+Mo+Zn+Zn|CN:6+1+6+6+6+6+6+6+6+6|Shape:OC+CN1+OC+OC+OC+OC+OC+OC+OC+OC,Mo+Mo+Mo+Mo+Mo+Mo+Mo+Mo+Zn+Zn|CN:6+1+6+6+6+6+6+6+6+6|Shape:OC+CN1+OC+OC+OC+OC+OC+OC+OC+OC|Donors:N+O+O+O+O+O+O+O+O+O+O+O+O+O+O+O+O+O+O+O+O+O+O+O+O+O+O+O+O+O+O+O|Bridges:15,a4e1ec78d58b
MOF_ABOJAG,CSD_MOF,ABOJAG,10,Mo+Mo+Mo+Mo+Mo+Mo+Mo+Mo+Ni+Ni,"6,6,6,6,6,6,6,6,1,6","OC,OC,OC,OC,OC,OC,OC,OC,CN1,OC","N,O,O,O,O,O,O,O,O,O,O,O,O,O,O,O,O,O,O,O,O,O,O,O,O,O,O,O,O,O,O,O","mu2-O,mu3-O,mu4-O",,True,True,True,Mo+Mo+Mo+Mo+Mo+Mo+Mo+Mo+Ni+Ni|CN:6+6+6+6+6+6+6+6+6+1,Mo+Mo+Mo+Mo+Mo+Mo+Mo+Mo+Ni+Ni|CN:6+6+6+6+6+6+6+6+6+1|Shape:OC+OC+OC+OC+OC+OC+OC+OC+OC+CN1,Mo+Mo+Mo+Mo+Mo+Mo+Mo+Mo+Ni+Ni|CN:6+6+6+6+6+6+6+6+6+1|Shape:OC+OC+OC+OC+OC+OC+OC+OC+OC+CN1|Donors:N+O+O+O+O+O+O+O+O+O+O+O+O+O+O+O+O+O+O+O+O+O+O+O+O+O+O+O+O+O+O+O|Bridges:15,99a9b2da1d94
MOF_ABOJEK,CSD_MOF,ABOJEK,10,Fe+Fe+Mo+Mo+Mo+Mo+Mo+Mo+Mo+Mo,"6,6,6,6,6,6,6,6,6,1","OC,OC,OC,OC,OC,OC,OC,OC,OC,CN1","N,O,O,O,O,O,O,O,O,O,O,O,O,O,O,O,O,O,O,O,O,O,O,O,O,O,O,O,O,O,O,O","mu2-O,mu3-O,mu4-O",,True,True,True,Fe+Fe+Mo+Mo+Mo+Mo+Mo+Mo+Mo+Mo|CN:6+1+6+6+6+6+6+6+6+6,Fe+Fe+Mo+Mo+Mo+Mo+Mo+Mo+Mo+Mo|CN:6+1+6+6+6+6+6+6+6+6|Shape:OC+CN1+OC+OC+OC+OC+OC+OC+OC+OC,Fe+Fe+Mo+Mo+Mo+Mo+Mo+Mo+Mo+Mo|CN:6+1+6+6+6+6+6+6+6+6|Shape:OC+CN1+OC+OC+OC+OC+OC+OC+OC+OC|Donors:N+O+O+O+O+O+O+O+O+O+O+O+O+O+O+O+O+O+O+O+O+O+O+O+O+O+O+O+O+O+O+O|Bridges:15,a55ca0fa0f9b
MOF_ABOKAD,CSD_MOF,ABOKAD,2,Ag+Ag,"2,1","L,CN1","N,N,N",,,True,True,True,Ag+Ag|CN:2+1,Ag+Ag|CN:2+1|Shape:L+CN1,Ag+Ag|CN:2+1|Shape:L+CN1|Donors:N+N+N|Bridges:0,42eb51d967db
MOF_ABOKEL,CSD_MOF,ABOKEL,9,Co+Co+Co+Mo+Mo+Mo+Mo+Mo+Mo,"6,6,6,6,6,6,1,2,6","OC,OC,OC,OC,OC,OC,CN1,L,OC","N,N,O,O,O,O,O,O,O,O,O,O,O,O,O,O,O,O,O,O,O,O,O,O,O,O,O,O,O,O",mu2-O,,True,True,True,Co+Co+Co+Mo+Mo+Mo+Mo+Mo+Mo|CN:6+6+6+6+6+6+1+2+6,Co+Co+Co+Mo+Mo+Mo+Mo+Mo+Mo|CN:6+6+6+6+6+6+1+2+6|Shape:OC+OC+OC+OC+OC+OC+CN1+L+OC,Co+Co+Co+Mo+Mo+Mo+Mo+Mo+Mo|CN:6+6+6+6+6+6+1+2+6|Shape:OC+OC+OC+OC+OC+OC+CN1+L+OC|Donors:N+N+O+O+O+O+O+O+O+O+O+O+O+O+O+O+O+O+O+O+O+O+O+O+O+O+O+O+O+O|Bridges:15,733db2fe623e
MOF_ABOSET,CSD_MOF,ABOSET,2,Cu+Cu,"6,1","OC,CN1","N,N,O,O,O,O,O",,,True,True,True,Cu+Cu|CN:6+1,Cu+Cu|CN:6+1|Shape:OC+CN1,Cu+Cu|CN:6+1|Shape:OC+CN1|Donors:N+N+O+O+O+O+O|Bridges:0,a41f0cf8a48c
MOF_ABOSIX,CSD_MOF,ABOSIX,2,Cu+Cu,"5,5","TBPY,TBPY","N,N,N,N,O,O,O,O",mu2-O,,True,True,True,Cu+Cu|CN:5+5,Cu+Cu|CN:5+5|Shape:TBPY+TBPY,Cu+Cu|CN:5+5|Shape:TBPY+TBPY|Donors:N+N+N+N+O+O+O+O|Bridges:2,fca8f550ee1e
MOF_ABOSOC,CSD_MOF,ABOSOC,3,Cu+Cu+Cu,"5,6,5","TBPY,OC,TBPY","N,N,N,N,N,N,N,N,N,N,N,N,S,S,S,S",,,True,True,True,Cu+Cu+Cu|CN:5+6+5,Cu+Cu+Cu|CN:5+6+5|Shape:TBPY+OC+TBPY,Cu+Cu+Cu|CN:5+6+5|Shape:TBPY+OC+TBPY|Donors:N+N+N+N+N+N+N+N+N+N+N+N+S+S+S+S|Bridges:0,b1ac547e17ca
MOF_ABOSOD,CSD_MOF,ABOSOD,12,Cu+Cu+Cu+Cu+Cu+Cu+Cu+Cu+Cu+Cu+Cu+Cu,"5,5,5,5,5,5,5,5,5,5,5,5","TBPY,TBPY,TBPY,TBPY,TBPY,TBPY,TBPY,TBPY,TBPY,TBPY,TBPY,TBPY","N,N,N,N,N,N,N,N,N,N,N,N,N,N,N,N,N,N,N,N,N,N,N,N,N,N,N,N,N,N,N,N,N,N,N,N,O,O,O,O,O,O,O,O,O,O,O,O,O,O,O,O,O,O,O,O,O,O,O,O",,,True,True,True,Cu+Cu+Cu+Cu+Cu+Cu+Cu+Cu+Cu+Cu+Cu+Cu|CN:5+5+5+5+5+5+5+5+5+5+5+5,Cu+Cu+Cu+Cu+Cu+Cu+Cu+Cu+Cu+Cu+Cu+Cu|CN:5+5+5+5+5+5+5+5+5+5+5+5|Shape:TBPY+TBPY+TBPY+TBPY+TBPY+TBPY+TBPY+TBPY+TBPY+TBPY+TBPY+TBPY,Cu+Cu+Cu+Cu+Cu+Cu+Cu+Cu+Cu+Cu+Cu+Cu|CN:5+5+5+5+5+5+5+5+5+5+5+5|Shape:TBPY+TBPY+TBPY+TBPY+TBPY+TBPY+TBPY+TBPY+TBPY+TBPY+TBPY+TBPY|Donors:N+N+N+N+N+N+N+N+N+N+N+N+N+N+N+N+N+N+N+N+N+N+N+N+N+N+N+N+N+N+N+N+N+N+N+N+O+O+O+O+O+O+O+O+O+O+O+O+O+O+O+O+O+O+O+O+O+O+O+O|Bridges:0,2def5f89fa68
MOF_ABOSUJ,CSD_MOF,ABOSUJ,2,Cu+Cu,"6,6","OC,OC","N,N,N,N,O,O,O,O,O,O,O",mu2-O,,True,True,True,Cu+Cu|CN:6+6,Cu+Cu|CN:6+6|Shape:OC+OC,Cu+Cu|CN:6+6|Shape:OC+OC|Donors:N+N+N+N+O+O+O+O+O+O+O|Bridges:1,5df231201c03
MOF_ABOTUG,CSD_MOF,ABOTUG,4,Co+Co+Co+Co,"6,6,1,1","OC,OC,CN1,CN1","N,N,N,N,O,O,O,O,O,O,O,O,O,O",,,True,True,True,Co+Co+Co+Co|CN:6+6+1+1,Co+Co+Co+Co|CN:6+6+1+1|Shape:OC+OC+CN1+CN1,Co+Co+Co+Co|CN:6+6+1+1|Shape:OC+OC+CN1+CN1|Donors:N+N+N+N+O+O+O+O+O+O+O+O+O+O|Bridges:0,d64f0129ac78
MOF_ABOTUG01,CSD_MOF,ABOTUG01,2,Co+Co,"6,6","OC,OC","N,N,N,N,O,O,O,O,O,O,O,O",,,True,True,True,Co+Co|CN:6+6,Co+Co|CN:6+6|Shape:OC+OC,Co+Co|CN:6+6|Shape:OC+OC|Donors:N+N+N+N+O+O+O+O+O+O+O+O|Bridges:0,a8933921a2d8
MOF_ABOTUG02,CSD_MOF,ABOTUG02,4,Co+Co+Co+Co,"6,6,2,2","OC,OC,L,L","N,N,N,N,O,O,O,O,O,O,O,O,O,O,O,O",,,True,True,True,Co+Co+Co+Co|CN:6+6+2+2,Co+Co+Co+Co|CN:6+6+2+2|Shape:OC+OC+L+L,Co+Co+Co+Co|CN:6+6+2+2|Shape:OC+OC+L+L|Donors:N+N+N+N+O+O+O+O+O+O+O+O+O+O+O+O|Bridges:0,be88171e1ade
MOF_ABOTUG03,CSD_MOF,ABOTUG03,2,Co+Co,"6,6","OC,OC","N,N,N,N,O,O,O,O,O,O",mu2-O,,True,True,True,Co+Co|CN:6+6,Co+Co|CN:6+6|Shape:OC+OC,Co+Co|CN:6+6|Shape:OC+OC|Donors:N+N+N+N+O+O+O+O+O+O|Bridges:2,0fc03c9a632e
MOF_ABOTUJ,CSD_MOF,ABOTUJ,1,Cu,5,TBPY,"N,N,O,S",,,True,True,True,Cu|CN:5,Cu|CN:5|Shape:TBPY,Cu|CN:5|Shape:TBPY|Donors:N+N+O+S|Bridges:0,62f7c5b9dcfc
MOF_ABOVOF,CSD_MOF,ABOVOF,1,Cu,6,OC,"N,N,N,N,S,S",,,True,True,True,Cu|CN:6,Cu|CN:6|Shape:OC,Cu|CN:6|Shape:OC|Donors:N+N+N+N+S+S|Bridges:0,41a1e03ddb8a
MOF_ABOVUL,CSD_MOF,ABOVUL,1,Cu,6,OC,"N,N,N,N,S,S",,,True,True,True,Cu|CN:6,Cu|CN:6|Shape:OC,Cu|CN:6|Shape:OC|Donors:N+N+N+N+S+S|Bridges:0,41a1e03ddb8a
MOF_ABOWEW,CSD_MOF,ABOWEW,1,Cu,5,TBPY,"N,N,N,N,S",,,True,True,True,Cu|CN:5,Cu|CN:5|Shape:TBPY,Cu|CN:5|Shape:TBPY|Donors:N+N+N+N+S|Bridges:0,6fb8dddc859c
MOF_ABOWIA,CSD_MOF,ABOWIA,2,Cu+Cu,"4,4","SP,SP","N,N,N,N,N,N,N,N",,,True,True,True,Cu+Cu|CN:4+4,Cu+Cu|CN:4+4|Shape:SP+SP,Cu+Cu|CN:4+4|Shape:SP+SP|Donors:N+N+N+N+N+N+N+N|Bridges:0,144844df372e
MOF_ABOWIY,CSD_MOF,ABOWIY,1,Mo,4,SP,"C,C,C,In",,,True,True,True,Mo|CN:4,Mo|CN:4|Shape:SP,Mo|CN:4|Shape:SP|Donors:C+C+C+In|Bridges:0,858cdacaa27c
MOF_ABPENC,CSD_MOF,ABPENC,2,Cd+Cd,"6,6","OC,OC","Br,Br,O,O,O,O,O,O,S,S",mu2-Br,,True,True,True,Cd+Cd|CN:6+6,Cd+Cd|CN:6+6|Shape:OC+OC,Cd+Cd|CN:6+6|Shape:OC+OC|Donors:Br+Br+O+O+O+O+O+O+S+S|Bridges:2,bd54a92d5dad
MOF_ABPZCU,CSD_MOF,ABPZCU,1,Cu,6,OC,"N,N,O,O,O,O",,,True,True,True,Cu|CN:6,Cu|CN:6|Shape:OC,Cu|CN:6|Shape:OC|Donors:N+N+O+O+O+O|Bridges:0,29772fb9f834
MOF_ABPZCU01,CSD_MOF,ABPZCU01,1,Cu,6,OC,"N,N,O,O,O,O",,,True,True,True,Cu|CN:6,Cu|CN:6|Shape:OC,Cu|CN:6|Shape:OC|Donors:N+N+O+O+O+O|Bridges:0,29772fb9f834
MOF_ABPZCU02,CSD_MOF,ABPZCU02,1,Cu,6,OC,"N,N,O,O,O,O",,,True,True,True,Cu|CN:6,Cu|CN:6|Shape:OC,Cu|CN:6|Shape:OC|Donors:N+N+O+O+O+O|Bridges:0,29772fb9f834
MOF_ABPZCU03,CSD_MOF,ABPZCU03,1,Cu,6,OC,"N,N,O,O,O,O",,,True,True,True,Cu|CN:6,Cu|CN:6|Shape:OC,Cu|CN:6|Shape:OC|Donors:N+N+O+O+O+O|Bridges:0,29772fb9f834
MOF_ABPZCU04,CSD_MOF,ABPZCU04,1,Cu,6,OC,"N,N,O,O,O,O",,,True,True,True,Cu|CN:6,Cu|CN:6|Shape:OC,Cu|CN:6|Shape:OC|Donors:N+N+O+O+O+O|Bridges:0,29772fb9f834
MOF_ABPZCU07,CSD_MOF,ABPZCU07,1,Cu,6,OC,"N,N,O,O,O,O",,,True,True,True,Cu|CN:6,Cu|CN:6|Shape:OC,Cu|CN:6|Shape:OC|Donors:N+N+O+O+O+O|Bridges:0,29772fb9f834
MOF_ABPZCU08,CSD_MOF,ABPZCU08,1,Cu,6,OC,"N,N,O,O,O,O",,,True,True,True,Cu|CN:6,Cu|CN:6|Shape:OC,Cu|CN:6|Shape:OC|Donors:N+N+O+O+O+O|Bridges:0,29772fb9f834
MOF_ABPZCU10,CSD_MOF,ABPZCU10,1,Cu,6,OC,"N,N,O,O,O,O",,,True,True,True,Cu|CN:6,Cu|CN:6|Shape:OC,Cu|CN:6|Shape:OC|Donors:N+N+O+O+O+O|Bridges:0,29772fb9f834
MOF_ABPZCU11,CSD_MOF,ABPZCU11,1,Cu,6,OC,"N,N,O,O,O,O",,,True,True,True,Cu|CN:6,Cu|CN:6|Shape:OC,Cu|CN:6|Shape:OC|Donors:N+N+O+O+O+O|Bridges:0,29772fb9f834
MOF_ABPZCU12,CSD_MOF,ABPZCU12,1,Cu,6,OC,"N,N,O,O,O,O",,,True,True,True,Cu|CN:6,Cu|CN:6|Shape:OC,Cu|CN:6|Shape:OC|Donors:N+N+O+O+O+O|Bridges:0,29772fb9f834
MOF_ABUBIM,CSD_MOF,ABUBIM,2,Hg+Hg,"5,5","TBPY,TBPY","Br,Br,Br,Br,N,N",mu2-Br,,True,True,True,Hg+Hg|CN:5+5,Hg+Hg|CN:5+5|Shape:TBPY+TBPY,Hg+Hg|CN:5+5|Shape:TBPY+TBPY|Donors:Br+Br+Br+Br+N+N|Bridges:4,113751924bdf
MOF_ABUBUY,CSD_MOF,ABUBUY,4,Zn+Zn+Zn+Zn,"5,5,5,5","TBPY,TBPY,TBPY,TBPY","N,N,N,N,N,N,O,O,O,O,O,O,O,O,O,O,O,O,O,O",,,True,True,True,Zn+Zn+Zn+Zn|CN:5+5+5+5,Zn+Zn+Zn+Zn|CN:5+5+5+5|Shape:TBPY+TBPY+TBPY+TBPY,Zn+Zn+Zn+Zn|CN:5+5+5+5|Shape:TBPY+TBPY+TBPY+TBPY|Donors:N+N+N+N+N+N+O+O+O+O+O+O+O+O+O+O+O+O+O+O|Bridges:0,92ed1dc42cf2
MOF_ABUCIK,CSD_MOF,ABUCIK,4,Cd+Cd+Cd+Cd,"7,7,2,2","PBPY,PBPY,L,L","N,N,N,N,O,O,O,O,O,O,O,O,O,O",mu2-O,,True,True,True,Cd+Cd+Cd+Cd|CN:7+7+2+2,Cd+Cd+Cd+Cd|CN:7+7+2+2|Shape:PBPY+PBPY+L+L,Cd+Cd+Cd+Cd|CN:7+7+2+2|Shape:PBPY+PBPY+L+L|Donors:N+N+N+N+O+O+O+O+O+O+O+O+O+O|Bridges:4,6da7a72011ce
MOF_ABUCOQ,CSD_MOF,ABUCOQ,4,Cd+Cd+Cd+Cd,"6,6,6,6","OC,OC,OC,OC","N,N,N,N,N,N,N,N,O,O,O,O,O,O,O,O,O,O,O,O,O,O",mu2-O,,True,True,True,Cd+Cd+Cd+Cd|CN:6+6+6+6,Cd+Cd+Cd+Cd|CN:6+6+6+6|Shape:OC+OC+OC+OC,Cd+Cd+Cd+Cd|CN:6+6+6+6|Shape:OC+OC+OC+OC|Donors:N+N+N+N+N+N+N+N+O+O+O+O+O+O+O+O+O+O+O+O+O+O|Bridges:2,3ee36e3a98f6
MOF_ABUFOU,CSD_MOF,ABUFOU,2,Mn+Mn,"6,1","OC,CN1","O,O,O,O,O,O,O",,,True,True,True,Mn+Mn|CN:6+1,Mn+Mn|CN:6+1|Shape:OC+CN1,Mn+Mn|CN:6+1|Shape:OC+CN1|Donors:O+O+O+O+O+O+O|Bridges:0,1a26dac92a87
MOF_ABUFUA,CSD_MOF,ABUFUA,2,Fe+Fe,"6,1","OC,CN1","O,O,O,O,O,O,O",,,True,True,True,Fe+Fe|CN:6+1,Fe+Fe|CN:6+1|Shape:OC+CN1,Fe+Fe|CN:6+1|Shape:OC+CN1|Donors:O+O+O+O+O+O+O|Bridges:0,bacc43683f1a
MOF_ABUGUC,CSD_MOF,ABUGUC,4,Mn+Mn+Mn+Mn,"6,6,6,6","OC,OC,OC,OC","N,O,O,O,O,O,O,O,O,O,O,O,O,O,O","mu2-N,mu2-O,mu4-O",,True,True,True,Mn+Mn+Mn+Mn|CN:6+6+6+6,Mn+Mn+Mn+Mn|CN:6+6+6+6|Shape:OC+OC+OC+OC,Mn+Mn+Mn+Mn|CN:6+6+6+6|Shape:OC+OC+OC+OC|Donors:N+O+O+O+O+O+O+O+O+O+O+O+O+O+O|Bridges:7,d1d412410210
MOF_ABUHAJ,CSD_MOF,ABUHAJ,4,Mn+Mn+Mn+Mn,"6,6,5,6","OC,OC,TBPY,OC","N,N,N,N,N,N,O,O,O,O,O,O,O,O,O,O,O,O,O,O,O,O,O",,,True,True,True,Mn+Mn+Mn+Mn|CN:6+6+5+6,Mn+Mn+Mn+Mn|CN:6+6+5+6|Shape:OC+OC+TBPY+OC,Mn+Mn+Mn+Mn|CN:6+6+5+6|Shape:OC+OC+TBPY+OC|Donors:N+N+N+N+N+N+O+O+O+O+O+O+O+O+O+O+O+O+O+O+O+O+O|Bridges:0,477789e3d88a
MOF_ABULAL,CSD_MOF,ABULAL,6,Ag+Ag+Ag+Ag+Cr+Cr,"3,3,1,1,4,4","TP,TP,CN1,CN1,SP,SP","N,N,N,N,N,N,N,N,O,O,O,O,O,O,O",mu2-O,,True,True,True,Ag+Ag+Ag+Ag+Cr+Cr|CN:3+3+1+1+4+4,Ag+Ag+Ag+Ag+Cr+Cr|CN:3+3+1+1+4+4|Shape:TP+TP+CN1+CN1+SP+SP,Ag+Ag+Ag+Ag+Cr+Cr|CN:3+3+1+1+4+4|Shape:TP+TP+CN1+CN1+SP+SP|Donors:N+N+N+N+N+N+N+N+O+O+O+O+O+O+O|Bridges:1,7ae2bc93b42c
MOF_ABULEP,CSD_MOF,ABULEP,4,Ag+Ag+Ag+Ag,"4,4,1,1","SP,SP,CN1,CN1","N,N,N,N,N,N,O,O","mu2-N,mu2-O",,True,True,True,Ag+Ag+Ag+Ag|CN:4+4+1+1,Ag+Ag+Ag+Ag|CN:4+4+1+1|Shape:SP+SP+CN1+CN1,Ag+Ag+Ag+Ag|CN:4+4+1+1|Shape:SP+SP+CN1+CN1|Donors:N+N+N+N+N+N+O+O|Bridges:2,4300c9cbaca4
MOF_ABULUG,CSD_MOF,ABULUG,2,Cd+Cd,"6,6","OC,OC","N,N,N,N,O,O,O,O,O,O,O,O",,,True,True,True,Cd+Cd|CN:6+6,Cd+Cd|CN:6+6|Shape:OC+OC,Cd+Cd|CN:6+6|Shape:OC+OC|Donors:N+N+N+N+O+O+O+O+O+O+O+O|Bridges:0,8ec8f0743185
MOF_ABUMUJ,CSD_MOF,ABUMUJ,2,Y+Y,"8,8","CU,CU","O,O,O,O,O,O,O,O,O,O,O,O,O,O,O,O",,,True,True,True,Y+Y|CN:8+8,Y+Y|CN:8+8|Shape:CU+CU,Y+Y|CN:8+8|Shape:CU+CU|Donors:O+O+O+O+O+O+O+O+O+O+O+O+O+O+O+O|Bridges:0,8bfbaf47bae4
MOF_ABUQEU,CSD_MOF,ABUQEU,2,Ti+Ti,"5,2","TBPY,L","O,O,O,O,O,O,O",,,True,True,True,Ti+Ti|CN:5+2,Ti+Ti|CN:5+2|Shape:TBPY+L,Ti+Ti|CN:5+2|Shape:TBPY+L|Donors:O+O+O+O+O+O+O|Bridges:0,a54d2936cbad
MOF_ABUQIY,CSD_MOF,ABUQIY,1,Ti,5,TBPY,"O,O,O,O,O",,,True,True,True,Ti|CN:5,Ti|CN:5|Shape:TBPY,Ti|CN:5|Shape:TBPY|Donors:O+O+O+O+O|Bridges:0,3741f103a177
MOF_ABUREX,CSD_MOF,ABUREX,1,Zr,5,TBPY,"B,B,B,C,C",,,True,True,True,Zr|CN:5,Zr|CN:5|Shape:TBPY,Zr|CN:5|Shape:TBPY|Donors:B+B+B+C+C|Bridges:0,ba87d52148ed
MOF_ABUSOG,CSD_MOF,ABUSOG,1,Mn,6,OC,"N,N,N,N,N,N",,,True,True,True,Mn|CN:6,Mn|CN:6|Shape:OC,Mn|CN:6|Shape:OC|Donors:N+N+N+N+N+N|Bridges:0,1092bf4cedde
MOF_ABUWOJ,CSD_MOF,ABUWOJ,6,Zn+Zn+Zn+Zn+Zn+Zn,"6,4,6,1,4,1","OC,SP,OC,CN1,SP,CN1","O,O,O,O,O,O,O,O,O,O,O,O,O,O,O,O,O,O",mu3-O,,True,True,True,Zn+Zn+Zn+Zn+Zn+Zn|CN:6+4+6+1+4+1,Zn+Zn+Zn+Zn+Zn+Zn|CN:6+4+6+1+4+1|Shape:OC+SP+OC+CN1+SP+CN1,Zn+Zn+Zn+Zn+Zn+Zn|CN:6+4+6+1+4+1|Shape:OC+SP+OC+CN1+SP+CN1|Donors:O+O+O+O+O+O+O+O+O+O+O+O+O+O+O+O+O+O|Bridges:2,af0b5f85e843
MOF_ABUXEB,CSD_MOF,ABUXEB,10,Co+Co+V+V+V+V+V+V+V+V,"6,4,4,4,4,4,6,4,1,1","OC,SP,SP,SP,SP,SP,OC,SP,CN1,CN1","N,N,N,N,N,N,N,N,O,O,O,O,O,O,O,O,O,O,O,O,O,O,O,O,O,O,O",mu2-O,,True,True,True,Co+Co+V+V+V+V+V+V+V+V|CN:6+1+4+4+4+4+4+6+4+1,Co+Co+V+V+V+V+V+V+V+V|CN:6+1+4+4+4+4+4+6+4+1|Shape:OC+CN1+SP+SP+SP+SP+SP+OC+SP+CN1,Co+Co+V+V+V+V+V+V+V+V|CN:6+1+4+4+4+4+4+6+4+1|Shape:OC+CN1+SP+SP+SP+SP+SP+OC+SP+CN1|Donors:N+N+N+N+N+N+N+N+O+O+O+O+O+O+O+O+O+O+O+O+O+O+O+O+O+O+O|Bridges:11,57d5ab8ca821
MOF_ABUXED,CSD_MOF,ABUXED,1,Cu,6,OC,"N,N,O,O,O,O",,,True,True,True,Cu|CN:6,Cu|CN:6|Shape:OC,Cu|CN:6|Shape:OC|Donors:N+N+O+O+O+O|Bridges:0,29772fb9f834
MOF_ABUXIH,CSD_MOF,ABUXIH,1,Cu,5,TBPY,"N,N,O,O,O",,,True,True,True,Cu|CN:5,Cu|CN:5|Shape:TBPY,Cu|CN:5|Shape:TBPY|Donors:N+N+O+O+O|Bridges:0,52d546eb788f
MOF_ABUXON,CSD_MOF,ABUXON,4,Ni+Ni+Ni+Ni,"6,6,6,6","OC,OC,OC,OC","N,N,N,N,N,N,N,N,O,O,O,O,O,O,O,O,O,O,O","mu2-O,mu3-O",,True,True,True,Ni+Ni+Ni+Ni|CN:6+6+6+6,Ni+Ni+Ni+Ni|CN:6+6+6+6|Shape:OC+OC+OC+OC,Ni+Ni+Ni+Ni|CN:6+6+6+6|Shape:OC+OC+OC+OC|Donors:N+N+N+N+N+N+N+N+O+O+O+O+O+O+O+O+O+O+O|Bridges:4,422c27b48d7c
MOF_ABUXUT,CSD_MOF,ABUXUT,3,Cu+Cu+Cu,"5,6,5","TBPY,OC,TBPY","N,N,O,O,O,O,O,O",mu3-O,,True,True,True,Cu+Cu+Cu|CN:5+6+5,Cu+Cu+Cu|CN:5+6+5|Shape:TBPY+OC+TBPY,Cu+Cu+Cu|CN:5+6+5|Shape:TBPY+OC+TBPY|Donors:N+N+O+O+O+O+O+O|Bridges:3,360db98a4b49
MOF_ABUYAA,CSD_MOF,ABUYAA,2,Co+Co,"6,6","OC,OC","N,N,O,O,O,O,O,O,O,O,O",mu2-O,,True,True,True,Co+Co|CN:6+6,Co+Co|CN:6+6|Shape:OC+OC,Co+Co|CN:6+6|Shape:OC+OC|Donors:N+N+O+O+O+O+O+O+O+O+O|Bridges:1,34bdb8412138
MOF_ABUZIJ,CSD_MOF,ABUZIJ,2,Cu+La,"9,5","CN9,TBPY","N,O,O,O,O,O,O,O,O,O,O,O,O,O",,,True,True,True,Cu+La|CN:9+5,Cu+La|CN:9+5|Shape:CN9+TBPY,Cu+La|CN:9+5|Shape:CN9+TBPY|Donors:N+O+O+O+O+O+O+O+O+O+O+O+O+O|Bridges:0,7d532004a1ed
MOF_ABUZON,CSD_MOF,ABUZON,3,Cd+Cd+Cd,"6,7,7","OC,PBPY,PBPY","N,N,N,N,N,N,N,N,O,O,O,O,O,O,O,O,O,O,O,O",,,True,True,True,Cd+Cd+Cd|CN:6+7+7,Cd+Cd+Cd|CN:6+7+7|Shape:OC+PBPY+PBPY,Cd+Cd+Cd|CN:6+7+7|Shape:OC+PBPY+PBPY|Donors:N+N+N+N+N+N+N+N+O+O+O+O+O+O+O+O+O+O+O+O|Bridges:0,aaa82b62bbbf
MOF_ABUZOP,CSD_MOF,ABUZOP,1,Cu,5,TBPY,"N,O,O,O,O",,,True,True,True,Cu|CN:5,Cu|CN:5|Shape:TBPY,Cu|CN:5|Shape:TBPY|Donors:N+O+O+O+O|Bridges:0,181c72acab20
MOF_ABZCUH,CSD_MOF,ABZCUH,2,Cd+Cd,"7,1","PBPY,CN1","N,N,N,O,O,O,O,O",,,True,True,True,Cd+Cd|CN:7+1,Cd+Cd|CN:7+1|Shape:PBPY+CN1,Cd+Cd|CN:7+1|Shape:PBPY+CN1|Donors:N+N+N+O+O+O+O+O|Bridges:0,9f2182a3fbe4
MOF_ABZCUH01,CSD_MOF,ABZCUH01,2,Cd+Cd,"7,1","PBPY,CN1","N,N,N,O,O,O,O,O",,,True,True,True,Cd+Cd|CN:7+1,Cd+Cd|CN:7+1|Shape:PBPY+CN1,Cd+Cd|CN:7+1|Shape:PBPY+CN1|Donors:N+N+N+O+O+O+O+O|Bridges:0,9f2182a3fbe4
MOF_ABZCUH02,CSD_MOF,ABZCUH02,2,Cd+Cd,"7,1","PBPY,CN1","N,N,N,O,O,O,O,O",,,True,True,True,Cd+Cd|CN:7+1,Cd+Cd|CN:7+1|Shape:PBPY+CN1,Cd+Cd|CN:7+1|Shape:PBPY+CN1|Donors:N+N+N+O+O+O+O+O|Bridges:0,9f2182a3fbe4
MOF_ABZCUH03,CSD_MOF,ABZCUH03,2,Cd+Cd,"7,1","PBPY,CN1","N,N,N,O,O,O,O,O",,,True,True,True,Cd+Cd|CN:7+1,Cd+Cd|CN:7+1|Shape:PBPY+CN1,Cd+Cd|CN:7+1|Shape:PBPY+CN1|Donors:N+N+N+O+O+O+O+O|Bridges:0,9f2182a3fbe4
MOF_ABZCUH04,CSD_MOF,ABZCUH04,1,Cd,7,PBPY,"N,N,O,O,O",,,True,True,True,Cd|CN:7,Cd|CN:7|Shape:PBPY,Cd|CN:7|Shape:PBPY|Donors:N+N+O+O+O|Bridges:0,8e892c7e53fc
MOF_ABZCUH05,CSD_MOF,ABZCUH05,1,Cd,7,PBPY,"N,O,O,O,O,O",,,True,True,True,Cd|CN:7,Cd|CN:7|Shape:PBPY,Cd|CN:7|Shape:PBPY|Donors:N+O+O+O+O+O|Bridges:0,a2ad97140181
MOF_ACABEM,CSD_MOF,ACABEM,3,Cu+Cu+Cu,"6,4,2","OC,SP,L","N,N,N,N,N,N,N,O,O,O,O,O",,,True,True,True,Cu+Cu+Cu|CN:6+4+2,Cu+Cu+Cu|CN:6+4+2|Shape:OC+SP+L,Cu+Cu+Cu|CN:6+4+2|Shape:OC+SP+L|Donors:N+N+N+N+N+N+N+O+O+O+O+O|Bridges:0,935a9eb0a078
MOF_ACABEO,CSD_MOF,ACABEO,1,Cu,6,OC,"N,O,O,O,O",,,True,True,True,Cu|CN:6,Cu|CN:6|Shape:OC,Cu|CN:6|Shape:OC|Donors:N+O+O+O+O|Bridges:0,1e71129b44ef
MOF_ACABIS,CSD_MOF,ACABIS,1,Cu,6,OC,"N,O,O,O,O",,,True,True,True,Cu|CN:6,Cu|CN:6|Shape:OC,Cu|CN:6|Shape:OC|Donors:N+O+O+O+O|Bridges:0,1e71129b44ef
MOF_ACABOY,CSD_MOF,ACABOY,1,Cu,6,OC,"N,O,O,O,O",,,True,True,True,Cu|CN:6,Cu|CN:6|Shape:OC,Cu|CN:6|Shape:OC|Donors:N+O+O+O+O|Bridges:0,1e71129b44ef
MOF_ACACAL,CSD_MOF,ACACAL,1,Co,6,OC,"N,N,N,N,N,N",,,True,True,True,Co|CN:6,Co|CN:6|Shape:OC,Co|CN:6|Shape:OC|Donors:N+N+N+N+N+N|Bridges:0,cb4c33f79d9f
MOF_ACACCD,CSD_MOF,ACACCD,2,Cd+Cd,"6,2","OC,L","O,O,O,O,O,O",mu2-O,,True,True,True,Cd+Cd|CN:6+2,Cd+Cd|CN:6+2|Shape:OC+L,Cd+Cd|CN:6+2|Shape:OC+L|Donors:O+O+O+O+O+O|Bridges:2,a91a518061b4
MOF_ACACIT,CSD_MOF,ACACIT,1,Co,5,TBPY,"Br,N,N,N,N",,,True,True,True,Co|CN:5,Co|CN:5|Shape:TBPY,Co|CN:5|Shape:TBPY|Donors:Br+N+N+N+N|Bridges:0,f23bd2444148
MOF_ACACUF,CSD_MOF,ACACUF,1,Co,6,OC,"N,N,N,N,N,N",,,True,True,True,Co|CN:6,Co|CN:6|Shape:OC,Co|CN:6|Shape:OC|Donors:N+N+N+N+N+N|Bridges:0,cb4c33f79d9f
MOF_ACADAM,CSD_MOF,ACADAM,1,Mn,6,OC,"O,O,O,O,O,O",,,True,True,True,Mn|CN:6,Mn|CN:6|Shape:OC,Mn|CN:6|Shape:OC|Donors:O+O+O+O+O+O|Bridges:0,a14c47aa3c30
MOF_ACADAN,CSD_MOF,ACADAN,4,Ag+Ag+Au+Au,"0,0,2,2","CN0,CN0,L,L","C,C,P,P",,,True,True,True,Ag+Ag+Au+Au|CN:0+0+2+2,Ag+Ag+Au+Au|CN:0+0+2+2|Shape:CN0+CN0+L+L,Ag+Ag+Au+Au|CN:0+0+2+2|Shape:CN0+CN0+L+L|Donors:C+C+P+P|Bridges:0,ccbe9829a3bd
MOF_ACADEO,CSD_MOF,ACADEO,4,V+V+V+V,"6,6,6,6","OC,OC,OC,OC","O,O,O,O,O,O,O,O,O,O,O,O,O,O,O,O,O,O,O,O,O,O,O,O",,,True,True,True,V+V+V+V|CN:6+6+6+6,V+V+V+V|CN:6+6+6+6|Shape:OC+OC+OC+OC,V+V+V+V|CN:6+6+6+6|Shape:OC+OC+OC+OC|Donors:O+O+O+O+O+O+O+O+O+O+O+O+O+O+O+O+O+O+O+O+O+O+O+O|Bridges:0,e98c188c1e8b
MOF_ACADEQ,CSD_MOF,ACADEQ,1,Zn,5,TBPY,"O,O,O,O",,,True,True,True,Zn|CN:5,Zn|CN:5|Shape:TBPY,Zn|CN:5|Shape:TBPY|Donors:O+O+O+O|Bridges:0,9857a29ce872
MOF_ACADOA,CSD_MOF,ACADOA,3,Mn+Mn+Mn,"6,6,6","OC,OC,OC","O,O,O,O,O,O,O,O,O,O,O,O,O,O,O,O",mu2-O,,True,True,True,Mn+Mn+Mn|CN:6+6+6,Mn+Mn+Mn|CN:6+6+6|Shape:OC+OC+OC,Mn+Mn+Mn|CN:6+6+6|Shape:OC+OC+OC|Donors:O+O+O+O+O+O+O+O+O+O+O+O+O+O+O+O|Bridges:2,af3818bbbbdd
MOF_ACAFAN,CSD_MOF,ACAFAN,3,Ag+Ag+Ag,"3,3,3","TP,TP,TP","N,N,N,N,N,N,N,N,O",,,True,True,True,Ag+Ag+Ag|CN:3+3+3,Ag+Ag+Ag|CN:3+3+3|Shape:TP+TP+TP,Ag+Ag+Ag|CN:3+3+3|Shape:TP+TP+TP|Donors:N+N+N+N+N+N+N+N+O|Bridges:0,0bd84b91ec33
MOF_ACAFER,CSD_MOF,ACAFER,6,Ag+Ag+Ag+Ag+Ag+Ag,"3,3,4,3,3,1","TP,TP,SP,TP,TP,CN1","F,N,N,N,N,N,N,N,N,N,N,N,N,N,N,N,N",,,True,True,True,Ag+Ag+Ag+Ag+Ag+Ag|CN:3+3+4+3+3+1,Ag+Ag+Ag+Ag+Ag+Ag|CN:3+3+4+3+3+1|Shape:TP+TP+SP+TP+TP+CN1,Ag+Ag+Ag+Ag+Ag+Ag|CN:3+3+4+3+3+1|Shape:TP+TP+SP+TP+TP+CN1|Donors:F+N+N+N+N+N+N+N+N+N+N+N+N+N+N+N+N|Bridges:0,53938467d22c
MOF_ACAFIT,CSD_MOF,ACAFIT,2,Cu+Cu,"4,2","SP,L","I,I,N,N",mu2-I,,True,True,True,Cu+Cu|CN:4+2,Cu+Cu|CN:4+2|Shape:SP+L,Cu+Cu|CN:4+2|Shape:SP+L|Donors:I+I+N+N|Bridges:2,905e6ba3846b
MOF_ACAFIV,CSD_MOF,ACAFIV,9,Ag+Ag+Ag+Ag+Ag+Ag+Ag+Ag+Ag,"3,3,4,3,1,1,3,2,2","TP,TP,SP,TP,CN1,CN1,TP,L,L","N,N,N,N,N,N,N,N,N,N,N,N,N,N,N,N,N,N,N,N,N,N",,,True,True,True,Ag+Ag+Ag+Ag+Ag+Ag+Ag+Ag+Ag|CN:3+3+4+3+1+1+3+2+2,Ag+Ag+Ag+Ag+Ag+Ag+Ag+Ag+Ag|CN:3+3+4+3+1+1+3+2+2|Shape:TP+TP+SP+TP+CN1+CN1+TP+L+L,Ag+Ag+Ag+Ag+Ag+Ag+Ag+Ag+Ag|CN:3+3+4+3+1+1+3+2+2|Shape:TP+TP+SP+TP+CN1+CN1+TP+L+L|Donors:N+N+N+N+N+N+N+N+N+N+N+N+N+N+N+N+N+N+N+N+N+N|Bridges:0,3609abba8da5
MOF_ACAFOB,CSD_MOF,ACAFOB,9,Ag+Ag+Ag+Ag+Ag+Ag+Ag+Ag+Ag,"3,3,4,3,1,1,3,2,2","TP,TP,SP,TP,CN1,CN1,TP,L,L","N,N,N,N,N,N,N,N,N,N,N,N,N,N,N,N,N,N,N,N,N,N",,,True,True,True,Ag+Ag+Ag+Ag+Ag+Ag+Ag+Ag+Ag|CN:3+3+4+3+1+1+3+2+2,Ag+Ag+Ag+Ag+Ag+Ag+Ag+Ag+Ag|CN:3+3+4+3+1+1+3+2+2|Shape:TP+TP+SP+TP+CN1+CN1+TP+L+L,Ag+Ag+Ag+Ag+Ag+Ag+Ag+Ag+Ag|CN:3+3+4+3+1+1+3+2+2|Shape:TP+TP+SP+TP+CN1+CN1+TP+L+L|Donors:N+N+N+N+N+N+N+N+N+N+N+N+N+N+N+N+N+N+N+N+N+N|Bridges:0,3609abba8da5
MOF_ACAFOZ,CSD_MOF,ACAFOZ,2,Cu+Cu,"4,2","SP,L","I,I,N,N",mu2-I,,True,True,True,Cu+Cu|CN:4+2,Cu+Cu|CN:4+2|Shape:SP+L,Cu+Cu|CN:4+2|Shape:SP+L|Donors:I+I+N+N|Bridges:2,905e6ba3846b
MOF_ACAFUF,CSD_MOF,ACAFUF,6,Cu+Cu+Cu+Cu+Cu+Cu,"4,4,4,4,1,1","SP,SP,SP,SP,CN1,CN1","I,I,I,I,N,N,N,N,N,N",mu3-I,,True,True,True,Cu+Cu+Cu+Cu+Cu+Cu|CN:4+4+4+4+1+1,Cu+Cu+Cu+Cu+Cu+Cu|CN:4+4+4+4+1+1|Shape:SP+SP+SP+SP+CN1+CN1,Cu+Cu+Cu+Cu+Cu+Cu|CN:4+4+4+4+1+1|Shape:SP+SP+SP+SP+CN1+CN1|Donors:I+I+I+I+N+N+N+N+N+N|Bridges:4,1bd3e3ad346f
MOF_ACAGAM,CSD_MOF,ACAGAM,5,Cu+Cu+Cu+Cu+Cu,"4,4,4,4,1","SP,SP,SP,SP,CN1","I,I,I,I,N,N,N,N,N",mu3-I,,True,True,True,Cu+Cu+Cu+Cu+Cu|CN:4+4+4+4+1,Cu+Cu+Cu+Cu+Cu|CN:4+4+4+4+1|Shape:SP+SP+SP+SP+CN1,Cu+Cu+Cu+Cu+Cu|CN:4+4+4+4+1|Shape:SP+SP+SP+SP+CN1|Donors:I+I+I+I+N+N+N+N+N|Bridges:4,fe5ea82475fd
MOF_ACAGEQ,CSD_MOF,ACAGEQ,2,Ni+Ni,"6,1","OC,CN1","N,N,N,N,N,N,N",,,True,True,True,Ni+Ni|CN:6+1,Ni+Ni|CN:6+1|Shape:OC+CN1,Ni+Ni|CN:6+1|Shape:OC+CN1|Donors:N+N+N+N+N+N+N|Bridges:0,0a29edbb80d5
MOF_ACAGOB,CSD_MOF,ACAGOB,2,Cd+Cd,"6,1","OC,CN1","O,O,O,O,O,O,O",,,True,True,True,Cd+Cd|CN:6+1,Cd+Cd|CN:6+1|Shape:OC+CN1,Cd+Cd|CN:6+1|Shape:OC+CN1|Donors:O+O+O+O+O+O+O|Bridges:0,448f3ec7ada6
MOF_ACAHAN,CSD_MOF,ACAHAN,12,Mn+Mn+Mn+Mn+Mn+Mn+Re+Re+Re+Re+Re+Re,"5,5,5,6,5,1,5,5,5,1,5,6","TBPY,TBPY,TBPY,OC,TBPY,CN1,TBPY,TBPY,TBPY,CN1,TBPY,OC","C,C,C,C,C,C,N,N,N,N,N,N,N,N,N,N,N,N,N,N,N,N,O,O,O,O,O,O,O,O,Te,Te,Te,Te,Te,Te,Te,Te",mu3-Te,,True,True,True,Mn+Mn+Mn+Mn+Mn+Mn+Re+Re+Re+Re+Re+Re|CN:5+1+5+6+5+5+6+5+1+5+5+5,Mn+Mn+Mn+Mn+Mn+Mn+Re+Re+Re+Re+Re+Re|CN:5+1+5+6+5+5+6+5+1+5+5+5|Shape:TBPY+CN1+TBPY+OC+TBPY+TBPY+OC+TBPY+CN1+TBPY+TBPY+TBPY,Mn+Mn+Mn+Mn+Mn+Mn+Re+Re+Re+Re+Re+Re|CN:5+1+5+6+5+5+6+5+1+5+5+5|Shape:TBPY+CN1+TBPY+OC+TBPY+TBPY+OC+TBPY+CN1+TBPY+TBPY+TBPY|Donors:C+C+C+C+C+C+N+N+N+N+N+N+N+N+N+N+N+N+N+N+N+N+O+O+O+O+O+O+O+O+Te+Te+Te+Te+Te+Te+Te+Te|Bridges:8,1ec3acca97a5
MOF_ACAHIW,CSD_MOF,ACAHIW,2,Cr+Mn,"6,6","OC,OC","O,O,O,O,O,O,O,O,O,O,O,O",,,True,True,True,Cr+Mn|CN:6+6,Cr+Mn|CN:6+6|Shape:OC+OC,Cr+Mn|CN:6+6|Shape:OC+OC|Donors:O+O+O+O+O+O+O+O+O+O+O+O|Bridges:0,22cbef2506c0
MOF_ACAJEU,CSD_MOF,ACAJEU,2,Cu+Cu,"6,2","OC,L","N,N,N,N,N,N,N,N",,,True,True,True,Cu+Cu|CN:6+2,Cu+Cu|CN:6+2|Shape:OC+L,Cu+Cu|CN:6+2|Shape:OC+L|Donors:N+N+N+N+N+N+N+N|Bridges:0,3c4e5c70ea2f
MOF_ACAJIY,CSD_MOF,ACAJIY,3,Zn+Zn+Zn,"6,6,1","OC,OC,CN1","N,N,N,N,N,N,N,N,N,N,N,N,N",,,True,True,True,Zn+Zn+Zn|CN:6+6+1,Zn+Zn+Zn|CN:6+6+1|Shape:OC+OC+CN1,Zn+Zn+Zn|CN:6+6+1|Shape:OC+OC+CN1|Donors:N+N+N+N+N+N+N+N+N+N+N+N+N|Bridges:0,f614091d23db
MOF_ACAJIZ,CSD_MOF,ACAJIZ,5,Cu+Cu+Cu+Cu+Cu,"5,5,1,1,1","TBPY,TBPY,CN1,CN1,CN1","N,N,N,O,O,O,O,O,O,O,O,O,O",,,True,True,True,Cu+Cu+Cu+Cu+Cu|CN:5+5+1+1+1,Cu+Cu+Cu+Cu+Cu|CN:5+5+1+1+1|Shape:TBPY+TBPY+CN1+CN1+CN1,Cu+Cu+Cu+Cu+Cu|CN:5+5+1+1+1|Shape:TBPY+TBPY+CN1+CN1+CN1|Donors:N+N+N+O+O+O+O+O+O+O+O+O+O|Bridges:0,0287be4bdde0
MOF_ACAJOF,CSD_MOF,ACAJOF,5,Cu+Cu+Cu+Cu+Cu,"5,5,1,1,1","TBPY,TBPY,CN1,CN1,CN1","N,N,N,O,O,O,O,O,O,O,O,O,O",,,True,True,True,Cu+Cu+Cu+Cu+Cu|CN:5+5+1+1+1,Cu+Cu+Cu+Cu+Cu|CN:5+5+1+1+1|Shape:TBPY+TBPY+CN1+CN1+CN1,Cu+Cu+Cu+Cu+Cu|CN:5+5+1+1+1|Shape:TBPY+TBPY+CN1+CN1+CN1|Donors:N+N+N+O+O+O+O+O+O+O+O+O+O|Bridges:0,0287be4bdde0
MOF_ACAJOG,CSD_MOF,ACAJOG,3,Cu+Cu+Cu,"5,5,5","TBPY,TBPY,TBPY","N,N,N,N,N,N,O,O,O,O,O,O,O,O,O",,,True,True,True,Cu+Cu+Cu|CN:5+5+5,Cu+Cu+Cu|CN:5+5+5|Shape:TBPY+TBPY+TBPY,Cu+Cu+Cu|CN:5+5+5|Shape:TBPY+TBPY+TBPY|Donors:N+N+N+N+N+N+O+O+O+O+O+O+O+O+O|Bridges:0,9f0b8335cc19
MOF_ACAKAT,CSD_MOF,ACAKAT,1,Cu,5,TBPY,"N,O,O,O,O",,,True,True,True,Cu|CN:5,Cu|CN:5|Shape:TBPY,Cu|CN:5|Shape:TBPY|Donors:N+O+O+O+O|Bridges:0,181c72acab20
MOF_ACAKEX,CSD_MOF,ACAKEX,2,Cu+Cu,"6,6","OC,OC","N,N,N,O,O,O,O,O,O,O",,,True,True,True,Cu+Cu|CN:6+6,Cu+Cu|CN:6+6|Shape:OC+OC,Cu+Cu|CN:6+6|Shape:OC+OC|Donors:N+N+N+O+O+O+O+O+O+O|Bridges:0,71308a5bfcf2
MOF_ACAKEY,CSD_MOF,ACAKEY,1,Ni,6,OC,"N,N,O,O,O,O",,,True,True,True,Ni|CN:6,Ni|CN:6|Shape:OC,Ni|CN:6|Shape:OC|Donors:N+N+O+O+O+O|Bridges:0,96636951ed39
MOF_ACAKOI,CSD_MOF,ACAKOI,2,Cd+Cd,"7,2","PBPY,L","N,N,O,O,O,O,O",mu2-O,,True,True,True,Cd+Cd|CN:7+2,Cd+Cd|CN:7+2|Shape:PBPY+L,Cd+Cd|CN:7+2|Shape:PBPY+L|Donors:N+N+O+O+O+O+O|Bridges:2,a78ce4478056
MOF_ACAKUM,CSD_MOF,ACAKUM,4,La+La+La+La,"9,9,1,1","CN9,CN9,CN1,CN1","O,O,O,O,O,O,O,O,O,O,O,O,O,O,O,O,O,O,O,O",,,True,True,True,La+La+La+La|CN:9+9+1+1,La+La+La+La|CN:9+9+1+1|Shape:CN9+CN9+CN1+CN1,La+La+La+La|CN:9+9+1+1|Shape:CN9+CN9+CN1+CN1|Donors:O+O+O+O+O+O+O+O+O+O+O+O+O+O+O+O+O+O+O+O|Bridges:0,20e924853cbb
MOF_ACAKUO,CSD_MOF,ACAKUO,2,Cd+Cd,"6,1","OC,CN1","N,N,O,O,O,O",mu2-O,,True,True,True,Cd+Cd|CN:6+1,Cd+Cd|CN:6+1|Shape:OC+CN1,Cd+Cd|CN:6+1|Shape:OC+CN1|Donors:N+N+O+O+O+O|Bridges:1,3e9a1a89caf4
MOF_ACALAV,CSD_MOF,ACALAV,1,Cd,7,PBPY,"N,N,O,O,O,O,O",,,True,True,True,Cd|CN:7,Cd|CN:7|Shape:PBPY,Cd|CN:7|Shape:PBPY|Donors:N+N+O+O+O+O+O|Bridges:0,0ac95d6bcc56
MOF_ACALEZ,CSD_MOF,ACALEZ,2,Cd+Cd,"7,1","PBPY,CN1","N,N,O,O,O,O,O",mu2-N,,True,True,True,Cd+Cd|CN:7+1,Cd+Cd|CN:7+1|Shape:PBPY+CN1,Cd+Cd|CN:7+1|Shape:PBPY+CN1|Donors:N+N+O+O+O+O+O|Bridges:1,86bc87ee972d
MOF_ACALID,CSD_MOF,ACALID,2,Cd+Cd,"7,7","PBPY,PBPY","N,N,N,N,O,O,O,O,O,O,O,O,O,O",,,True,True,True,Cd+Cd|CN:7+7,Cd+Cd|CN:7+7|Shape:PBPY+PBPY,Cd+Cd|CN:7+7|Shape:PBPY+PBPY|Donors:N+N+N+N+O+O+O+O+O+O+O+O+O+O|Bridges:0,adf6f125e184
MOF_ACALOJ,CSD_MOF,ACALOJ,6,Cd+Cd+Cd+Cd+Cd+Cd,"7,7,7,7,7,7","PBPY,PBPY,PBPY,PBPY,PBPY,PBPY","N,N,N,N,N,N,N,N,N,N,N,N,O,O,O,O,O,O,O,O,O,O,O,O,O,O,O,O,O,O,O,O,O,O,O,O,O,O,O,O,O,O",,,True,True,True,Cd+Cd+Cd+Cd+Cd+Cd|CN:7+7+7+7+7+7,Cd+Cd+Cd+Cd+Cd+Cd|CN:7+7+7+7+7+7|Shape:PBPY+PBPY+PBPY+PBPY+PBPY+PBPY,Cd+Cd+Cd+Cd+Cd+Cd|CN:7+7+7+7+7+7|Shape:PBPY+PBPY+PBPY+PBPY+PBPY+PBPY|Donors:N+N+N+N+N+N+N+N+N+N+N+N+O+O+O+O+O+O+O+O+O+O+O+O+O+O+O+O+O+O+O+O+O+O+O+O+O+O+O+O+O+O|Bridges:0,6bff48b608d7
MOF_ACALUP,CSD_MOF,ACALUP,1,Cd,7,PBPY,"N,N,O,O,O,O,O",,,True,True,True,Cd|CN:7,Cd|CN:7|Shape:PBPY,Cd|CN:7|Shape:PBPY|Donors:N+N+O+O+O+O+O|Bridges:0,0ac95d6bcc56
MOF_ACAMAW,CSD_MOF,ACAMAW,2,Cd+Cd,"7,1","PBPY,CN1","N,N,O,O,O,O,O",mu2-N,,True,True,True,Cd+Cd|CN:7+1,Cd+Cd|CN:7+1|Shape:PBPY+CN1,Cd+Cd|CN:7+1|Shape:PBPY+CN1|Donors:N+N+O+O+O+O+O|Bridges:1,86bc87ee972d
MOF_ACAQAA,CSD_MOF,ACAQAA,1,Ag,6,OC,"Br,Br,Br,Br,Br,Br",,,True,True,True,Ag|CN:6,Ag|CN:6|Shape:OC,Ag|CN:6|Shape:OC|Donors:Br+Br+Br+Br+Br+Br|Bridges:0,54766b4b89c2
MOF_ACAQII,CSD_MOF,ACAQII,2,Cd+Cd,"7,7","PBPY,PBPY","N,N,N,N,O,O,O,O,O,O,O,O,O,O",,,True,True,True,Cd+Cd|CN:7+7,Cd+Cd|CN:7+7|Shape:PBPY+PBPY,Cd+Cd|CN:7+7|Shape:PBPY+PBPY|Donors:N+N+N+N+O+O+O+O+O+O+O+O+O+O|Bridges:0,adf6f125e184
MOF_ACASUT,CSD_MOF,ACASUT,4,Cu+Cu+Cu+Cu,"5,1,1,1","TBPY,CN1,CN1,CN1","O,O,O,O,O,O,O,O",,,True,True,True,Cu+Cu+Cu+Cu|CN:5+1+1+1,Cu+Cu+Cu+Cu|CN:5+1+1+1|Shape:TBPY+CN1+CN1+CN1,Cu+Cu+Cu+Cu|CN:5+1+1+1|Shape:TBPY+CN1+CN1+CN1|Donors:O+O+O+O+O+O+O+O|Bridges:0,1b5df6f2fe65
MOF_ACASUU,CSD_MOF,ACASUU,5,Ag+Ag+Ag+Ag+Ag,"3,3,3,1,3","TP,TP,TP,CN1,TP","N,N,N,N,N,N,N,N,O,O,O,O",mu2-O,,True,True,True,Ag+Ag+Ag+Ag+Ag|CN:3+3+3+1+3,Ag+Ag+Ag+Ag+Ag|CN:3+3+3+1+3|Shape:TP+TP+TP+CN1+TP,Ag+Ag+Ag+Ag+Ag|CN:3+3+3+1+3|Shape:TP+TP+TP+CN1+TP|Donors:N+N+N+N+N+N+N+N+O+O+O+O|Bridges:1,e6f158389e70
MOF_ACATAB,CSD_MOF,ACATAB,6,Ag+Ag+Ag+Ag+Ag+Ag,"3,3,1,3,3,1","TP,TP,CN1,TP,TP,CN1","N,N,N,N,N,N,N,N,O,O,O,O,O,O",,,True,True,True,Ag+Ag+Ag+Ag+Ag+Ag|CN:3+3+1+3+3+1,Ag+Ag+Ag+Ag+Ag+Ag|CN:3+3+1+3+3+1|Shape:TP+TP+CN1+TP+TP+CN1,Ag+Ag+Ag+Ag+Ag+Ag|CN:3+3+1+3+3+1|Shape:TP+TP+CN1+TP+TP+CN1|Donors:N+N+N+N+N+N+N+N+O+O+O+O+O+O|Bridges:0,53bfb5254109
MOF_ACATEF,CSD_MOF,ACATEF,3,Ag+Ag+Ag,"3,3,1","TP,TP,CN1","N,N,N,N,O,O",mu2-O,,True,True,True,Ag+Ag+Ag|CN:3+3+1,Ag+Ag+Ag|CN:3+3+1|Shape:TP+TP+CN1,Ag+Ag+Ag|CN:3+3+1|Shape:TP+TP+CN1|Donors:N+N+N+N+O+O|Bridges:1,d8e327613151
MOF_ACATEH,CSD_MOF,ACATEH,2,Ag+Ag,"4,3","SP,TP","S,S,S,S",mu2-S,,True,True,True,Ag+Ag|CN:4+3,Ag+Ag|CN:4+3|Shape:SP+TP,Ag+Ag|CN:4+3|Shape:SP+TP|Donors:S+S+S+S|Bridges:2,a05c6cb431a9
MOF_ACATIJ,CSD_MOF,ACATIJ,2,Ag+Ag,"3,3","TP,TP","N,N,N,N,O,O",,,True,True,True,Ag+Ag|CN:3+3,Ag+Ag|CN:3+3|Shape:TP+TP,Ag+Ag|CN:3+3|Shape:TP+TP|Donors:N+N+N+N+O+O|Bridges:0,d63584b23a3a
MOF_ACATIL,CSD_MOF,ACATIL,2,Ag+Ag,"5,3","TBPY,TP","O,O,O,S,S",mu2-S,,True,True,True,Ag+Ag|CN:5+3,Ag+Ag|CN:5+3|Shape:TBPY+TP,Ag+Ag|CN:5+3|Shape:TBPY+TP|Donors:O+O+O+S+S|Bridges:2,be49a782400a
MOF_ACATOR,CSD_MOF,ACATOR,3,Ag+Ag+Ag,"5,4,5","TBPY,SP,TBPY","S,S,S,S,S,S",mu2-S,,True,True,True,Ag+Ag+Ag|CN:5+4+5,Ag+Ag+Ag|CN:5+4+5|Shape:TBPY+SP+TBPY,Ag+Ag+Ag|CN:5+4+5|Shape:TBPY+SP+TBPY|Donors:S+S+S+S+S+S|Bridges:6,c61d62873549
MOF_ACATUX,CSD_MOF,ACATUX,2,Ag+Ag,"5,4","TBPY,SP","O,O,O,O,S,S",mu2-S,,True,True,True,Ag+Ag|CN:5+4,Ag+Ag|CN:5+4|Shape:TBPY+SP,Ag+Ag|CN:5+4|Shape:TBPY+SP|Donors:O+O+O+O+S+S|Bridges:2,2cbbc7be959a
MOF_ACAVIN,CSD_MOF,ACAVIN,2,Co+Co,"6,4","OC,SP","O,O,O,O,O,O,O,O",mu2-O,,True,True,True,Co+Co|CN:6+4,Co+Co|CN:6+4|Shape:OC+SP,Co+Co|CN:6+4|Shape:OC+SP|Donors:O+O+O+O+O+O+O+O|Bridges:1,4e16040a6d52
MOF_ACAVOT,CSD_MOF,ACAVOT,3,Co+Co+Co,"6,4,4","OC,SP,SP","N,N,O,O,O,O,O,O,O,O,O,O",mu2-O,,True,True,True,Co+Co+Co|CN:6+4+4,Co+Co+Co|CN:6+4+4|Shape:OC+SP+SP,Co+Co+Co|CN:6+4+4|Shape:OC+SP+SP|Donors:N+N+O+O+O+O+O+O+O+O+O+O|Bridges:2,85a7b4228165
MOF_ACAVUV,CSD_MOF,ACAVUV,2,La+La,"7,7","PBPY,PBPY","O,O,O,O,O,O,O,O,O,O,O,O,O,O",,,True,True,True,La+La|CN:7+7,La+La|CN:7+7|Shape:PBPY+PBPY,La+La|CN:7+7|Shape:PBPY+PBPY|Donors:O+O+O+O+O+O+O+O+O+O+O+O+O+O|Bridges:0,06148e5e34ab
MOF_ACAVUZ,CSD_MOF,ACAVUZ,1,Cu,5,TBPY,"N,N,N,O",,,True,True,True,Cu|CN:5,Cu|CN:5|Shape:TBPY,Cu|CN:5|Shape:TBPY|Donors:N+N+N+O|Bridges:0,846d1bde57e3
MOF_ACAWAG,CSD_MOF,ACAWAG,1,Co,6,OC,"N,N,O,O,O,O",,,True,True,True,Co|CN:6,Co|CN:6|Shape:OC,Co|CN:6|Shape:OC|Donors:N+N+O+O+O+O|Bridges:0,e91f36cfed65
MOF_ACAZAG,CSD_MOF,ACAZAG,3,Ag+Ag+Ag,"4,2,1","SP,L,CN1","Br,Br,N,N,N",mu2-Br,,True,True,True,Ag+Ag+Ag|CN:4+2+1,Ag+Ag+Ag|CN:4+2+1|Shape:SP+L+CN1,Ag+Ag+Ag|CN:4+2+1|Shape:SP+L+CN1|Donors:Br+Br+N+N+N|Bridges:2,f206a6b74238
MOF_ACAZEK,CSD_MOF,ACAZEK,6,Ag+Ag+Ag+Ag+Ag+Ag,"4,4,1,2,1,2","SP,SP,CN1,L,CN1,L","Br,Br,Br,Br,Br,N,N,N","mu2-Br,mu3-Br",,True,True,True,Ag+Ag+Ag+Ag+Ag+Ag|CN:4+4+1+2+1+2,Ag+Ag+Ag+Ag+Ag+Ag|CN:4+4+1+2+1+2|Shape:SP+SP+CN1+L+CN1+L,Ag+Ag+Ag+Ag+Ag+Ag|CN:4+4+1+2+1+2|Shape:SP+SP+CN1+L+CN1+L|Donors:Br+Br+Br+Br+Br+N+N+N|Bridges:4,2f5539e28a24
MOF_ACAZIR,CSD_MOF,ACAZIR,1,Cu,6,OC,"N,N,N,O,O",,,True,True,True,Cu|CN:6,Cu|CN:6|Shape:OC,Cu|CN:6|Shape:OC|Donors:N+N+N+O+O|Bridges:0,61abe4b046c2
MOF_ACBACU,CSD_MOF,ACBACU,2,Cu+Cu,"5,5","TBPY,TBPY","Br,Br,N,N,N,N,O,O,O,O",,,True,True,True,Cu+Cu|CN:5+5,Cu+Cu|CN:5+5|Shape:TBPY+TBPY,Cu+Cu|CN:5+5|Shape:TBPY+TBPY|Donors:Br+Br+N+N+N+N+O+O+O+O|Bridges:0,4ecc580305e0
MOF_ACBZNM,CSD_MOF,ACBZNM,4,Zn+Zn+Zn+Zn,"5,6,2,2","TBPY,OC,L,L","O,O,O,O,O,O,O,O,O,O","mu2-O,mu3-O",,True,True,True,Zn+Zn+Zn+Zn|CN:5+6+2+2,Zn+Zn+Zn+Zn|CN:5+6+2+2|Shape:TBPY+OC+L+L,Zn+Zn+Zn+Zn|CN:5+6+2+2|Shape:TBPY+OC+L+L|Donors:O+O+O+O+O+O+O+O+O+O|Bridges:4,4254104d4c24
MOF_ACDMAL,CSD_MOF,ACDMAL,1,Cd,7,PBPY,"O,O,O,O,O",,,True,True,True,Cd|CN:7,Cd|CN:7|Shape:PBPY,Cd|CN:7|Shape:PBPY|Donors:O+O+O+O+O|Bridges:0,7923efcd35bf
MOF_ACDOXY10,CSD_MOF,ACDOXY10,2,Cd+Cd,"8,2","CU,L","O,O,O,O,O,O,O,O,O",mu2-O,,True,True,True,Cd+Cd|CN:8+2,Cd+Cd|CN:8+2|Shape:CU+L,Cd+Cd|CN:8+2|Shape:CU+L|Donors:O+O+O+O+O+O+O+O+O|Bridges:1,451bdd980b24
MOF_ACEBOA,CSD_MOF,ACEBOA,2,Cd+Cd,"6,1","OC,CN1","N,N,N,N,O,O,O",,,True,True,True,Cd+Cd|CN:6+1,Cd+Cd|CN:6+1|Shape:OC+CN1,Cd+Cd|CN:6+1|Shape:OC+CN1|Donors:N+N+N+N+O+O+O|Bridges:0,9dc8d98b90c7
MOF_ACEDUJ,CSD_MOF,ACEDUJ,2,Cu+Cu,"6,6","OC,OC","O,O,O,O,O,O,O,O,O,O,O,O",,,True,True,True,Cu+Cu|CN:6+6,Cu+Cu|CN:6+6|Shape:OC+OC,Cu+Cu|CN:6+6|Shape:OC+OC|Donors:O+O+O+O+O+O+O+O+O+O+O+O|Bridges:0,03f6d76ee0bf
MOF_ACEFOF,CSD_MOF,ACEFOF,6,Ag+Ag+Ag+Ag+Ag+Ag,"3,4,3,1,4,1","TP,SP,TP,CN1,SP,CN1","N,N,N,N,O,O,O,O,O,O,O,O,S,S",mu2-O,,True,True,True,Ag+Ag+Ag+Ag+Ag+Ag|CN:3+4+3+1+4+1,Ag+Ag+Ag+Ag+Ag+Ag|CN:3+4+3+1+4+1|Shape:TP+SP+TP+CN1+SP+CN1,Ag+Ag+Ag+Ag+Ag+Ag|CN:3+4+3+1+4+1|Shape:TP+SP+TP+CN1+SP+CN1|Donors:N+N+N+N+O+O+O+O+O+O+O+O+S+S|Bridges:2,7aa19e6579b3
MOF_ACEFUL,CSD_MOF,ACEFUL,3,Cd+Cd+Cd,"5,6,1","TBPY,OC,CN1","N,N,N,N,O,O,O,O,O,O,O,S",,,True,True,True,Cd+Cd+Cd|CN:5+6+1,Cd+Cd+Cd|CN:5+6+1|Shape:TBPY+OC+CN1,Cd+Cd+Cd|CN:5+6+1|Shape:TBPY+OC+CN1|Donors:N+N+N+N+O+O+O+O+O+O+O+S|Bridges:0,567e90a3b706
MOF_ACEGEW,CSD_MOF,ACEGEW,3,Mn+Mn+Mn,"6,6,6","OC,OC,OC","N,N,N,N,N,N,O,O,O,O,O,O,O,O",mu2-N,,True,True,True,Mn+Mn+Mn|CN:6+6+6,Mn+Mn+Mn|CN:6+6+6|Shape:OC+OC+OC,Mn+Mn+Mn|CN:6+6+6|Shape:OC+OC+OC|Donors:N+N+N+N+N+N+O+O+O+O+O+O+O+O|Bridges:4,b9f9c8fff381
MOF_ACEGIA,CSD_MOF,ACEGIA,2,Cd+Cd,"5,5","TBPY,TBPY","Cl,Cl,Cl,Cl,N,N,N,N",mu2-Cl,,True,True,True,Cd+Cd|CN:5+5,Cd+Cd|CN:5+5|Shape:TBPY+TBPY,Cd+Cd|CN:5+5|Shape:TBPY+TBPY|Donors:Cl+Cl+Cl+Cl+N+N+N+N|Bridges:2,2c9383eb3125
MOF_ACEGOG,CSD_MOF,ACEGOG,2,Cd+Cd,"5,2","TBPY,L","Cl,Cl,Cl,N,N",mu2-Cl,,True,True,True,Cd+Cd|CN:5+2,Cd+Cd|CN:5+2|Shape:TBPY+L,Cd+Cd|CN:5+2|Shape:TBPY+L|Donors:Cl+Cl+Cl+N+N|Bridges:2,26dac64b924d
MOF_ACEHOG,CSD_MOF,ACEHOG,3,Ag+Ag+Ag,"3,3,1","TP,TP,CN1","S,S,S,S,S,S",mu2-S,,True,True,True,Ag+Ag+Ag|CN:3+3+1,Ag+Ag+Ag|CN:3+3+1|Shape:TP+TP+CN1,Ag+Ag+Ag|CN:3+3+1|Shape:TP+TP+CN1|Donors:S+S+S+S+S+S|Bridges:1,08c33a82c5b0
MOF_ACEJUR,CSD_MOF,ACEJUR,3,Y+Y+Y,"8,9,8","CU,CN9,CU","O,O,O,O,O,O,O,O,O,O,O,O,O,O","mu2-O,mu3-O",,True,True,True,Y+Y+Y|CN:8+9+8,Y+Y+Y|CN:8+9+8|Shape:CU+CN9+CU,Y+Y+Y|CN:8+9+8|Shape:CU+CN9+CU|Donors:O+O+O+O+O+O+O+O+O+O+O+O+O+O|Bridges:6,ae6332ab00dc
MOF_ACEKEZ,CSD_MOF,ACEKEZ,2,Mn+Mn,"7,7","PBPY,PBPY","N,N,O,O,O,O,O,O,O,O,O",mu2-O,,True,True,True,Mn+Mn|CN:7+7,Mn+Mn|CN:7+7|Shape:PBPY+PBPY,Mn+Mn|CN:7+7|Shape:PBPY+PBPY|Donors:N+N+O+O+O+O+O+O+O+O+O|Bridges:1,48916a5a859c
MOF_ACEKIE,CSD_MOF,ACEKIE,1,Cd,6,OC,"N,N,O,O,O,O",,,True,True,True,Cd|CN:6,Cd|CN:6|Shape:OC,Cd|CN:6|Shape:OC|Donors:N+N+O+O+O+O|Bridges:0,94b67e609967
MOF_ACEKOK,CSD_MOF,ACEKOK,2,Cd+Cd,"6,6","OC,OC","N,N,N,N,O,O,O,O,O,O,O,O",,,True,True,True,Cd+Cd|CN:6+6,Cd+Cd|CN:6+6|Shape:OC+OC,Cd+Cd|CN:6+6|Shape:OC+OC|Donors:N+N+N+N+O+O+O+O+O+O+O+O|Bridges:0,8ec8f0743185
MOF_ACEKUQ,CSD_MOF,ACEKUQ,2,Cd+Cd,"4,1","SP,CN1","I,I,N,N,N",,,True,True,True,Cd+Cd|CN:4+1,Cd+Cd|CN:4+1|Shape:SP+CN1,Cd+Cd|CN:4+1|Shape:SP+CN1|Donors:I+I+N+N+N|Bridges:0,c13f1f84d099
MOF_ACELAX,CSD_MOF,ACELAX,2,Cd+Cd,"4,1","SP,CN1","Br,Br,N,N,N",,,True,True,True,Cd+Cd|CN:4+1,Cd+Cd|CN:4+1|Shape:SP+CN1,Cd+Cd|CN:4+1|Shape:SP+CN1|Donors:Br+Br+N+N+N|Bridges:0,00ad72b2cf03
MOF_ACELIF,CSD_MOF,ACELIF,2,Ni+Ni,"6,6","OC,OC","N,N,N,N,O,O,O,O,O,O,O,O",,,True,True,True,Ni+Ni|CN:6+6,Ni+Ni|CN:6+6|Shape:OC+OC,Ni+Ni|CN:6+6|Shape:OC+OC|Donors:N+N+N+N+O+O+O+O+O+O+O+O|Bridges:0,4c53042eb9a6
MOF_ACEMAA,CSD_MOF,ACEMAA,3,Cu+Cu+Cu,"4,2,2","SP,L,L","N,N,N,N,N",,,True,True,True,Cu+Cu+Cu|CN:4+2+2,Cu+Cu+Cu|CN:4+2+2|Shape:SP+L+L,Cu+Cu+Cu|CN:4+2+2|Shape:SP+L+L|Donors:N+N+N+N+N|Bridges:0,d0e62dc4e163
MOF_ACEMAY,CSD_MOF,ACEMAY,2,Zn+Zn,"4,1","SP,CN1","O,O,O,O,O",,,True,True,True,Zn+Zn|CN:4+1,Zn+Zn|CN:4+1|Shape:SP+CN1,Zn+Zn|CN:4+1|Shape:SP+CN1|Donors:O+O+O+O+O|Bridges:0,020094bea5eb
MOF_ACEMEE,CSD_MOF,ACEMEE,3,Cu+Cu+Cu,"4,2,2","SP,L,L","N,N,N,N,N,N",,,True,True,True,Cu+Cu+Cu|CN:4+2+2,Cu+Cu+Cu|CN:4+2+2|Shape:SP+L+L,Cu+Cu+Cu|CN:4+2+2|Shape:SP+L+L|Donors:N+N+N+N+N+N|Bridges:0,1bb5884c3b07
MOF_ACEMII,CSD_MOF,ACEMII,2,Cu+Cu,"5,6","TBPY,OC","O,O,O,O,O,O,O,O,O,O,O",,,True,True,True,Cu+Cu|CN:5+6,Cu+Cu|CN:5+6|Shape:TBPY+OC,Cu+Cu|CN:5+6|Shape:TBPY+OC|Donors:O+O+O+O+O+O+O+O+O+O+O|Bridges:0,74bbd28e5b29
MOF_ACENAG,CSD_MOF,ACENAG,2,Ag+Ag,"2,2","L,L","O,O,O",mu2-O,,True,True,True,Ag+Ag|CN:2+2,Ag+Ag|CN:2+2|Shape:L+L,Ag+Ag|CN:2+2|Shape:L+L|Donors:O+O+O|Bridges:1,6fa85418cad0
MOF_ACENIF,CSD_MOF,ACENIF,8,Zn+Zn+Zn+Zn+Zn+Zn+Zn+Zn,"4,5,5,4,5,5,1,1","SP,TBPY,TBPY,SP,TBPY,TBPY,CN1,CN1","N,N,N,N,O,O,O,O,O,O,O,O,O,O,O,O,O,O,O,O,O,O,O,O,O,O",mu2-O,,True,True,True,Zn+Zn+Zn+Zn+Zn+Zn+Zn+Zn|CN:4+5+5+4+5+5+1+1,Zn+Zn+Zn+Zn+Zn+Zn+Zn+Zn|CN:4+5+5+4+5+5+1+1|Shape:SP+TBPY+TBPY+SP+TBPY+TBPY+CN1+CN1,Zn+Zn+Zn+Zn+Zn+Zn+Zn+Zn|CN:4+5+5+4+5+5+1+1|Shape:SP+TBPY+TBPY+SP+TBPY+TBPY+CN1+CN1|Donors:N+N+N+N+O+O+O+O+O+O+O+O+O+O+O+O+O+O+O+O+O+O+O+O+O+O|Bridges:4,0234411bdd9b
MOF_ACEPAD,CSD_MOF,ACEPAD,2,Ni+Ni,"6,6","OC,OC","O,O,O,O,O,O,O,O,O,O",mu2-O,,True,True,True,Ni+Ni|CN:6+6,Ni+Ni|CN:6+6|Shape:OC+OC,Ni+Ni|CN:6+6|Shape:OC+OC|Donors:O+O+O+O+O+O+O+O+O+O|Bridges:2,92b813ede401
MOF_ACEPED,CSD_MOF,ACEPED,1,Cu,6,OC,"O,O,O,O,O,O",,,True,True,True,Cu|CN:6,Cu|CN:6|Shape:OC,Cu|CN:6|Shape:OC|Donors:O+O+O+O+O+O|Bridges:0,4c65f208b165
MOF_ACEPIH,CSD_MOF,ACEPIH,2,Cu+Cu,"6,6","OC,OC","O,O,O,O,O,O,O,O,O,O,O,O",,,True,True,True,Cu+Cu|CN:6+6,Cu+Cu|CN:6+6|Shape:OC+OC,Cu+Cu|CN:6+6|Shape:OC+OC|Donors:O+O+O+O+O+O+O+O+O+O+O+O|Bridges:0,03f6d76ee0bf
MOF_ACEPIL,CSD_MOF,ACEPIL,1,Zn,5,TBPY,"N,O,O,O",,,True,True,True,Zn|CN:5,Zn|CN:5|Shape:TBPY,Zn|CN:5|Shape:TBPY|Donors:N+O+O+O|Bridges:0,1f2ebd708513
MOF_ACEPON,CSD_MOF,ACEPON,1,Cu,6,OC,"O,O,O,O,O,O",,,True,True,True,Cu|CN:6,Cu|CN:6|Shape:OC,Cu|CN:6|Shape:OC|Donors:O+O+O+O+O+O|Bridges:0,4c65f208b165
MOF_ACEPOR,CSD_MOF,ACEPOR,1,Zn,6,OC,"N,N,O,O,O,O",,,True,True,True,Zn|CN:6,Zn|CN:6|Shape:OC,Zn|CN:6|Shape:OC|Donors:N+N+O+O+O+O|Bridges:0,9243618fdff2
MOF_ACEPUW,CSD_MOF,ACEPUW,6,Zn+Zn+Zn+Zn+Zn+Zn,"5,6,5,5,6,5","TBPY,OC,TBPY,TBPY,OC,TBPY","N,N,N,N,N,N,N,N,N,N,N,N,N,O,O,O,O,O,O,O,O,O,O,O,O,O","mu2-N,mu2-O",,True,True,True,Zn+Zn+Zn+Zn+Zn+Zn|CN:5+6+5+5+6+5,Zn+Zn+Zn+Zn+Zn+Zn|CN:5+6+5+5+6+5|Shape:TBPY+OC+TBPY+TBPY+OC+TBPY,Zn+Zn+Zn+Zn+Zn+Zn|CN:5+6+5+5+6+5|Shape:TBPY+OC+TBPY+TBPY+OC+TBPY|Donors:N+N+N+N+N+N+N+N+N+N+N+N+N+O+O+O+O+O+O+O+O+O+O+O+O+O|Bridges:6,c4675ba4e9ac
MOF_ACESAG,CSD_MOF,ACESAG,2,Cd+Cd,"6,6","OC,OC","N,N,N,N,O,O,O,O,O,O,O,O",,,True,True,True,Cd+Cd|CN:6+6,Cd+Cd|CN:6+6|Shape:OC+OC,Cd+Cd|CN:6+6|Shape:OC+OC|Donors:N+N+N+N+O+O+O+O+O+O+O+O|Bridges:0,8ec8f0743185
MOF_ACESMN,CSD_MOF,ACESMN,1,Mn,6,OC,"N,N,O,O,O,O",,,True,True,True,Mn|CN:6,Mn|CN:6|Shape:OC,Mn|CN:6|Shape:OC|Donors:N+N+O+O+O+O|Bridges:0,103628d47c32
MOF_ACETCO,CSD_MOF,ACETCO,1,Co,6,OC,"O,O,O,O,O,O",,,True,True,True,Co|CN:6,Co|CN:6|Shape:OC,Co|CN:6|Shape:OC|Donors:O+O+O+O+O+O|Bridges:0,62bac718689b
MOF_ACETIP,CSD_MOF,ACETIP,2,Ag+Ag,"4,4","SP,SP","N,N,N,N,N,N,N,N",,,True,True,True,Ag+Ag|CN:4+4,Ag+Ag|CN:4+4|Shape:SP+SP,Ag+Ag|CN:4+4|Shape:SP+SP|Donors:N+N+N+N+N+N+N+N|Bridges:0,133b9fe80470
MOF_ACETOV,CSD_MOF,ACETOV,2,Ag+Ag,"4,4","SP,SP","N,N,N,N,N,N,N,N",,,True,True,True,Ag+Ag|CN:4+4,Ag+Ag|CN:4+4|Shape:SP+SP,Ag+Ag|CN:4+4|Shape:SP+SP|Donors:N+N+N+N+N+N+N+N|Bridges:0,133b9fe80470
MOF_ACETUB,CSD_MOF,ACETUB,1,Ag,4,SP,"N,N,N,N",,,True,True,True,Ag|CN:4,Ag|CN:4|Shape:SP,Ag|CN:4|Shape:SP|Donors:N+N+N+N|Bridges:0,f0e5194ad6f1
MOF_ACEVAF,CSD_MOF,ACEVAF,1,Ni,6,OC,"N,N,O,O,O,O",,,True,True,True,Ni|CN:6,Ni|CN:6|Shape:OC,Ni|CN:6|Shape:OC|Donors:N+N+O+O+O+O|Bridges:0,96636951ed39
MOF_ACEVAJ,CSD_MOF,ACEVAJ,1,Ag,4,SP,"N,N,N,N",,,True,True,True,Ag|CN:4,Ag|CN:4|Shape:SP,Ag|CN:4|Shape:SP|Donors:N+N+N+N|Bridges:0,f0e5194ad6f1
MOF_ACEVEN,CSD_MOF,ACEVEN,6,Ag+Ag+Ag+Ag+Ag+Ag,"4,4,4,4,4,4","SP,SP,SP,SP,SP,SP","N,N,N,N,N,N,N,N,N,N,N,N,N,N,N,N,N,N,N,N,N,N,N,N",,,True,True,True,Ag+Ag+Ag+Ag+Ag+Ag|CN:4+4+4+4+4+4,Ag+Ag+Ag+Ag+Ag+Ag|CN:4+4+4+4+4+4|Shape:SP+SP+SP+SP+SP+SP,Ag+Ag+Ag+Ag+Ag+Ag|CN:4+4+4+4+4+4|Shape:SP+SP+SP+SP+SP+SP|Donors:N+N+N+N+N+N+N+N+N+N+N+N+N+N+N+N+N+N+N+N+N+N+N+N|Bridges:0,b5c2828f61f5
MOF_ACEVIR,CSD_MOF,ACEVIR,2,Ag+Ag,"4,4","SP,SP","N,N,N,N,N,N,N,N",,,True,True,True,Ag+Ag|CN:4+4,Ag+Ag|CN:4+4|Shape:SP+SP,Ag+Ag|CN:4+4|Shape:SP+SP|Donors:N+N+N+N+N+N+N+N|Bridges:0,133b9fe80470
MOF_ACEVOX,CSD_MOF,ACEVOX,2,Ag+Ag,"3,3","TP,TP","N,N,N,N,O,O",,,True,True,True,Ag+Ag|CN:3+3,Ag+Ag|CN:3+3|Shape:TP+TP,Ag+Ag|CN:3+3|Shape:TP+TP|Donors:N+N+N+N+O+O|Bridges:0,d63584b23a3a
MOF_ACEWAJ,CSD_MOF,ACEWAJ,2,Zn+Zn,"6,6","OC,OC","N,N,O,O,O,O,O",mu2-O,,True,True,True,Zn+Zn|CN:6+6,Zn+Zn|CN:6+6|Shape:OC+OC,Zn+Zn|CN:6+6|Shape:OC+OC|Donors:N+N+O+O+O+O+O|Bridges:2,74c5f3ebf4fc
MOF_ACEWEN,CSD_MOF,ACEWEN,2,Zn+Zn,"6,6","OC,OC","N,N,O,O,O,O,O",mu2-O,,True,True,True,Zn+Zn|CN:6+6,Zn+Zn|CN:6+6|Shape:OC+OC,Zn+Zn|CN:6+6|Shape:OC+OC|Donors:N+N+O+O+O+O+O|Bridges:3,e8e4cf045cff
MOF_ACEWIR,CSD_MOF,ACEWIR,2,Zn+Zn,"6,6","OC,OC","N,N,O,O,O,O,O",mu2-O,,True,True,True,Zn+Zn|CN:6+6,Zn+Zn|CN:6+6|Shape:OC+OC,Zn+Zn|CN:6+6|Shape:OC+OC|Donors:N+N+O+O+O+O+O|Bridges:2,74c5f3ebf4fc
MOF_ACIBEU,CSD_MOF,ACIBEU,6,Co+Co+Co+Co+Co+Co,"6,6,6,2,3,2","OC,OC,OC,L,TP,L","O,O,O,O,O,O,O,O,O,O,O,O,O,O,O,O,O,O,O,O,O",mu2-O,,True,True,True,Co+Co+Co+Co+Co+Co|CN:6+6+6+2+3+2,Co+Co+Co+Co+Co+Co|CN:6+6+6+2+3+2|Shape:OC+OC+OC+L+TP+L,Co+Co+Co+Co+Co+Co|CN:6+6+6+2+3+2|Shape:OC+OC+OC+L+TP+L|Donors:O+O+O+O+O+O+O+O+O+O+O+O+O+O+O+O+O+O+O+O+O|Bridges:4,d2f6f17a39e6
MOF_ACIBEU01,CSD_MOF,ACIBEU01,3,Co+Co+Co,"6,2,6","OC,L,OC","O,O,O,O,O,O,O,O,O","mu2-O,mu3-O",,True,True,True,Co+Co+Co|CN:6+2+6,Co+Co+Co|CN:6+2+6|Shape:OC+L+OC,Co+Co+Co|CN:6+2+6|Shape:OC+L+OC|Donors:O+O+O+O+O+O+O+O+O|Bridges:3,cc1acdc6ba18
MOF_ACIBEU02,CSD_MOF,ACIBEU02,3,Co+Co+Co,"6,2,6","OC,L,OC","O,O,O,O,O,O,O,O,O","mu2-O,mu3-O",,True,True,True,Co+Co+Co|CN:6+2+6,Co+Co+Co|CN:6+2+6|Shape:OC+L+OC,Co+Co+Co|CN:6+2+6|Shape:OC+L+OC|Donors:O+O+O+O+O+O+O+O+O|Bridges:3,cc1acdc6ba18
MOF_ACIBOE,CSD_MOF,ACIBOE,8,Zn+Zn+Zn+Zn+Zn+Zn+Zn+Zn,"6,6,1,1,5,1,1,1","OC,OC,CN1,CN1,TBPY,CN1,CN1,CN1","H,O,O,O,O,O,O,O,O,O,O,O,O,O,O,O,O,O,O,O",mu3-O,,True,True,True,Zn+Zn+Zn+Zn+Zn+Zn+Zn+Zn|CN:6+6+1+1+5+1+1+1,Zn+Zn+Zn+Zn+Zn+Zn+Zn+Zn|CN:6+6+1+1+5+1+1+1|Shape:OC+OC+CN1+CN1+TBPY+CN1+CN1+CN1,Zn+Zn+Zn+Zn+Zn+Zn+Zn+Zn|CN:6+6+1+1+5+1+1+1|Shape:OC+OC+CN1+CN1+TBPY+CN1+CN1+CN1|Donors:H+O+O+O+O+O+O+O+O+O+O+O+O+O+O+O+O+O+O+O|Bridges:1,c7e755da1def
MOF_ACICEY,CSD_MOF,ACICEY,4,Ag+Ag+Ag+Ag,"6,4,6,4","OC,SP,OC,SP","N,N,N,N,N,N,N,N,N,N,N,N,N,N,N,N,O,O,O,O",,,True,True,True,Ag+Ag+Ag+Ag|CN:6+4+6+4,Ag+Ag+Ag+Ag|CN:6+4+6+4|Shape:OC+SP+OC+SP,Ag+Ag+Ag+Ag|CN:6+4+6+4|Shape:OC+SP+OC+SP|Donors:N+N+N+N+N+N+N+N+N+N+N+N+N+N+N+N+O+O+O+O|Bridges:0,97d6d4d524a2
MOF_ACICIC,CSD_MOF,ACICIC,1,Ag,6,OC,"Br,Br,O,O,O",,,True,True,True,Ag|CN:6,Ag|CN:6|Shape:OC,Ag|CN:6|Shape:OC|Donors:Br+Br+O+O+O|Bridges:0,e9d5595ddceb
MOF_ACICOF,CSD_MOF,ACICOF,2,Zn+Zn,"6,1","OC,CN1","N,N,N,O,O,O,O",,,True,True,True,Zn+Zn|CN:6+1,Zn+Zn|CN:6+1|Shape:OC+CN1,Zn+Zn|CN:6+1|Shape:OC+CN1|Donors:N+N+N+O+O+O+O|Bridges:0,9b0adc066740
MOF_ACICOH,CSD_MOF,ACICOH,1,Ni,6,OC,"N,N,O,O,O,O",,,True,True,True,Ni|CN:6,Ni|CN:6|Shape:OC,Ni|CN:6|Shape:OC|Donors:N+N+O+O+O+O|Bridges:0,96636951ed39
MOF_ACICOI,CSD_MOF,ACICOI,4,Ag+Ag+Ag+Ag,"6,5,6,5","OC,TBPY,OC,TBPY","Br,Br,N,N,N,N,N,N,N,N,N,N,N,N,N,N,N,N,O,O,O,O",,,True,True,True,Ag+Ag+Ag+Ag|CN:6+5+6+5,Ag+Ag+Ag+Ag|CN:6+5+6+5|Shape:OC+TBPY+OC+TBPY,Ag+Ag+Ag+Ag|CN:6+5+6+5|Shape:OC+TBPY+OC+TBPY|Donors:Br+Br+N+N+N+N+N+N+N+N+N+N+N+N+N+N+N+N+O+O+O+O|Bridges:0,39184c905b65
MOF_ACICUL,CSD_MOF,ACICUL,1,Zn,4,SP,"N,O,O,O",,,True,True,True,Zn|CN:4,Zn|CN:4|Shape:SP,Zn|CN:4|Shape:SP|Donors:N+O+O+O|Bridges:0,b193eada45f0
MOF_ACICUO,CSD_MOF,ACICUO,2,Ag+Ag,"5,5","TBPY,TBPY","N,N,N,N,N,N,N,O,O",mu2-N,,True,True,True,Ag+Ag|CN:5+5,Ag+Ag|CN:5+5|Shape:TBPY+TBPY,Ag+Ag|CN:5+5|Shape:TBPY+TBPY|Donors:N+N+N+N+N+N+N+O+O|Bridges:1,8da1c8012f3d
MOF_ACIDAT,CSD_MOF,ACIDAT,2,Cu+Cu,"5,1","TBPY,CN1","N,N,O,O,O,O",,,True,True,True,Cu+Cu|CN:5+1,Cu+Cu|CN:5+1|Shape:TBPY+CN1,Cu+Cu|CN:5+1|Shape:TBPY+CN1|Donors:N+N+O+O+O+O|Bridges:0,25cbc1fc2ecf
MOF_ACIFOI,CSD_MOF,ACIFOI,1,Cu,6,OC,"N,N,O,O,O,O",,,True,True,True,Cu|CN:6,Cu|CN:6|Shape:OC,Cu|CN:6|Shape:OC|Donors:N+N+O+O+O+O|Bridges:0,29772fb9f834
MOF_ACIGAX,CSD_MOF,ACIGAX,2,Cu+Cu,"4,4","SP,SP","I,I,N,N",mu2-I,,True,True,True,Cu+Cu|CN:4+4,Cu+Cu|CN:4+4|Shape:SP+SP,Cu+Cu|CN:4+4|Shape:SP+SP|Donors:I+I+N+N|Bridges:2,3e7e16531ff2
MOF_ACIGEB,CSD_MOF,ACIGEB,1,Cu,4,SP,"I,N,N",,,True,True,True,Cu|CN:4,Cu|CN:4|Shape:SP,Cu|CN:4|Shape:SP|Donors:I+N+N|Bridges:0,0f1d41b13b42
MOF_ACIGIF,CSD_MOF,ACIGIF,4,Cu+Cu+Cu+Cu,"4,4,4,4","SP,SP,SP,SP","I,I,I,I,N,N,N,N,N,N,N,N",mu2-I,,True,True,True,Cu+Cu+Cu+Cu|CN:4+4+4+4,Cu+Cu+Cu+Cu|CN:4+4+4+4|Shape:SP+SP+SP+SP,Cu+Cu+Cu+Cu|CN:4+4+4+4|Shape:SP+SP+SP+SP|Donors:I+I+I+I+N+N+N+N+N+N+N+N|Bridges:4,773235c6d55e
MOF_ACIJAX,CSD_MOF,ACIJAX,2,Cu+Cu,"6,6","OC,OC","N,N,N,N,N,N,N,N,O,O,O,O",,,True,True,True,Cu+Cu|CN:6+6,Cu+Cu|CN:6+6|Shape:OC+OC,Cu+Cu|CN:6+6|Shape:OC+OC|Donors:N+N+N+N+N+N+N+N+O+O+O+O|Bridges:0,497ac5aa05a4
MOF_ACIJEB,CSD_MOF,ACIJEB,2,Ni+Ni,"6,1","OC,CN1","N,N,N,N,N,N,N",,,True,True,True,Ni+Ni|CN:6+1,Ni+Ni|CN:6+1|Shape:OC+CN1,Ni+Ni|CN:6+1|Shape:OC+CN1|Donors:N+N+N+N+N+N+N|Bridges:0,0a29edbb80d5
MOF_ACIJEF,CSD_MOF,ACIJEF,6,Cu+Cu+Cu+Cu+Cu+Cu,"5,6,5,6,5,5","TBPY,OC,TBPY,OC,TBPY,TBPY","N,N,N,N,N,N,N,N,N,O,O,O,O,O,O,O,O,O,O,O,O,O","mu2-N,mu2-O,mu3-N,mu4-O",,True,True,True,Cu+Cu+Cu+Cu+Cu+Cu|CN:5+6+5+6+5+5,Cu+Cu+Cu+Cu+Cu+Cu|CN:5+6+5+6+5+5|Shape:TBPY+OC+TBPY+OC+TBPY+TBPY,Cu+Cu+Cu+Cu+Cu+Cu|CN:5+6+5+6+5+5|Shape:TBPY+OC+TBPY+OC+TBPY+TBPY|Donors:N+N+N+N+N+N+N+N+N+O+O+O+O+O+O+O+O+O+O+O+O+O|Bridges:4,d19b225590b1
MOF_ACIJIH,CSD_MOF,ACIJIH,2,Cu+Cu,"5,1","TBPY,CN1","Cl,Cl,Cl,N,O",mu2-Cl,,True,True,True,Cu+Cu|CN:5+1,Cu+Cu|CN:5+1|Shape:TBPY+CN1,Cu+Cu|CN:5+1|Shape:TBPY+CN1|Donors:Cl+Cl+Cl+N+O|Bridges:1,fe00228f15f6
MOF_ACIJIJ,CSD_MOF,ACIJIJ,6,Cu+Cu+Cu+Cu+Cu+Cu,"5,5,5,5,6,6","TBPY,TBPY,TBPY,TBPY,OC,OC","Cl,N,N,N,N,N,N,N,N,N,N,O,O,O,O,O,O,O,O,O,O,O,O","mu2-N,mu4-Cl,mu4-O",,True,True,True,Cu+Cu+Cu+Cu+Cu+Cu|CN:5+5+5+5+6+6,Cu+Cu+Cu+Cu+Cu+Cu|CN:5+5+5+5+6+6|Shape:TBPY+TBPY+TBPY+TBPY+OC+OC,Cu+Cu+Cu+Cu+Cu+Cu|CN:5+5+5+5+6+6|Shape:TBPY+TBPY+TBPY+TBPY+OC+OC|Donors:Cl+N+N+N+N+N+N+N+N+N+N+O+O+O+O+O+O+O+O+O+O+O+O|Bridges:3,1f438799247d
MOF_ACIJON,CSD_MOF,ACIJON,1,Zn,6,OC,"O,O,O,O,O,O",,,True,True,True,Zn|CN:6,Zn|CN:6|Shape:OC,Zn|CN:6|Shape:OC|Donors:O+O+O+O+O+O|Bridges:0,2f2268d6d759
MOF_ACIJUT,CSD_MOF,ACIJUT,1,Zn,5,TBPY,"Br,Br,O,O,O",,,True,True,True,Zn|CN:5,Zn|CN:5|Shape:TBPY,Zn|CN:5|Shape:TBPY|Donors:Br+Br+O+O+O|Bridges:0,545865944287
MOF_ACIKAA,CSD_MOF,ACIKAA,1,Zn,5,TBPY,"N,N,O,O,O",,,True,True,True,Zn|CN:5,Zn|CN:5|Shape:TBPY,Zn|CN:5|Shape:TBPY|Donors:N+N+O+O+O|Bridges:0,9856b9b06972
MOF_ACIPAF,CSD_MOF,ACIPAF,4,Cu+Cu+Ni+Ni,"6,4,6,4","OC,SP,OC,SP","C,C,C,C,C,C,C,C,N,N,N,N,N,N,N,N,N,N,N,N",,,True,True,True,Cu+Cu+Ni+Ni|CN:6+4+6+4,Cu+Cu+Ni+Ni|CN:6+4+6+4|Shape:OC+SP+OC+SP,Cu+Cu+Ni+Ni|CN:6+4+6+4|Shape:OC+SP+OC+SP|Donors:C+C+C+C+C+C+C+C+N+N+N+N+N+N+N+N+N+N+N+N|Bridges:0,902fd2072704
MOF_ACIPEJ,CSD_MOF,ACIPEJ,2,Cu+Pd,"4,6","SP,OC","C,C,C,C,N,N,N,N,N,N",,,True,True,True,Cu+Pd|CN:4+6,Cu+Pd|CN:4+6|Shape:SP+OC,Cu+Pd|CN:4+6|Shape:SP+OC|Donors:C+C+C+C+N+N+N+N+N+N|Bridges:0,0d44adc54a90
MOF_ACIQEJ,CSD_MOF,ACIQEJ,1,Mn,6,OC,"N,N,O,O,O,O",,,True,True,True,Mn|CN:6,Mn|CN:6|Shape:OC,Mn|CN:6|Shape:OC|Donors:N+N+O+O+O+O|Bridges:0,103628d47c32
MOF_ACIQIN,CSD_MOF,ACIQIN,2,Mn+Mn,"6,6","OC,OC","N,N,N,N,O,O,O,O,O,O,O,O",,,True,True,True,Mn+Mn|CN:6+6,Mn+Mn|CN:6+6|Shape:OC+OC,Mn+Mn|CN:6+6|Shape:OC+OC|Donors:N+N+N+N+O+O+O+O+O+O+O+O|Bridges:0,6ab2f22c76e9
MOF_ACIQUZ,CSD_MOF,ACIQUZ,2,Co+Co,"6,1","OC,CN1","O,O,O,O,O,O",mu2-O,,True,True,True,Co+Co|CN:6+1,Co+Co|CN:6+1|Shape:OC+CN1,Co+Co|CN:6+1|Shape:OC+CN1|Donors:O+O+O+O+O+O|Bridges:1,81d0149cf9a4
MOF_ACIRIP,CSD_MOF,ACIRIP,2,Cd+Cd,"5,5","TBPY,TBPY","N,N,N,N,N,N,S,S,S,S",,,True,True,True,Cd+Cd|CN:5+5,Cd+Cd|CN:5+5|Shape:TBPY+TBPY,Cd+Cd|CN:5+5|Shape:TBPY+TBPY|Donors:N+N+N+N+N+N+S+S+S+S|Bridges:0,c34ccf98eab1
MOF_ACIROV,CSD_MOF,ACIROV,2,Ag+Ag,"4,1","SP,CN1","N,N,N,O,O",,,True,True,True,Ag+Ag|CN:4+1,Ag+Ag|CN:4+1|Shape:SP+CN1,Ag+Ag|CN:4+1|Shape:SP+CN1|Donors:N+N+N+O+O|Bridges:0,ab95c75d6332
MOF_ACISAK,CSD_MOF,ACISAK,2,Cd+Cd,"7,7","PBPY,PBPY","N,N,O,O,O,O,O,O,O,O,O,O,O,O",,,True,True,True,Cd+Cd|CN:7+7,Cd+Cd|CN:7+7|Shape:PBPY+PBPY,Cd+Cd|CN:7+7|Shape:PBPY+PBPY|Donors:N+N+O+O+O+O+O+O+O+O+O+O+O+O|Bridges:0,4b310cf10cd4
MOF_ACISEM,CSD_MOF,ACISEM,2,Cu+Cu,"4,4","SP,SP","Cl,Cl,Cl,Cl,N,N,N,N",,,True,True,True,Cu+Cu|CN:4+4,Cu+Cu|CN:4+4|Shape:SP+SP,Cu+Cu|CN:4+4|Shape:SP+SP|Donors:Cl+Cl+Cl+Cl+N+N+N+N|Bridges:0,c4897d4d8602
MOF_ACISIQ,CSD_MOF,ACISIQ,2,Cu+Cu,"4,1","SP,CN1","Cl,Cl,N,N,N",,,True,True,True,Cu+Cu|CN:4+1,Cu+Cu|CN:4+1|Shape:SP+CN1,Cu+Cu|CN:4+1|Shape:SP+CN1|Donors:Cl+Cl+N+N+N|Bridges:0,7677a4e92f5b
MOF_ACISOW,CSD_MOF,ACISOW,2,Zn+Zn,"4,4","SP,SP","N,N,N,N,N,N,N,N",,,True,True,True,Zn+Zn|CN:4+4,Zn+Zn|CN:4+4|Shape:SP+SP,Zn+Zn|CN:4+4|Shape:SP+SP|Donors:N+N+N+N+N+N+N+N|Bridges:0,264a71e30076
MOF_ACITAK,CSD_MOF,ACITAK,2,Cu+Cu,"3,3","TP,TP","I,I,N,N,N,N",,,True,True,True,Cu+Cu|CN:3+3,Cu+Cu|CN:3+3|Shape:TP+TP,Cu+Cu|CN:3+3|Shape:TP+TP|Donors:I+I+N+N+N+N|Bridges:0,c0b787b63d7b
MOF_ACITOV,CSD_MOF,ACITOV,4,Cu+Cu+Cu+Cu,"4,4,4,4","SP,SP,SP,SP","N,N,N,N,N,N,N,N,O,O,O,O,O,O,O,O",,,True,True,True,Cu+Cu+Cu+Cu|CN:4+4+4+4,Cu+Cu+Cu+Cu|CN:4+4+4+4|Shape:SP+SP+SP+SP,Cu+Cu+Cu+Cu|CN:4+4+4+4|Shape:SP+SP+SP+SP|Donors:N+N+N+N+N+N+N+N+O+O+O+O+O+O+O+O|Bridges:0,54356275cbb3
MOF_ACIWUF,CSD_MOF,ACIWUF,2,Hg+Hg,"4,1","SP,CN1","Cl,Cl,N,N,N",,,True,True,True,Hg+Hg|CN:4+1,Hg+Hg|CN:4+1|Shape:SP+CN1,Hg+Hg|CN:4+1|Shape:SP+CN1|Donors:Cl+Cl+N+N+N|Bridges:0,49cb5dc13556
MOF_ACIXAM,CSD_MOF,ACIXAM,1,Hg,6,OC,"Cl,Cl,N,N,O,O",,,True,True,True,Hg|CN:6,Hg|CN:6|Shape:OC,Hg|CN:6|Shape:OC|Donors:Cl+Cl+N+N+O+O|Bridges:0,0793c7545832
MOF_ACIYER,CSD_MOF,ACIYER,2,Rh+Rh,"5,5","TBPY,TBPY","N,N,O,O,O,O,O,O,O,O",,,True,True,True,Rh+Rh|CN:5+5,Rh+Rh|CN:5+5|Shape:TBPY+TBPY,Rh+Rh|CN:5+5|Shape:TBPY+TBPY|Donors:N+N+O+O+O+O+O+O+O+O|Bridges:0,cacbffe23bc7
MOF_ACIYER01,CSD_MOF,ACIYER01,2,Rh+Rh,"5,5","TBPY,TBPY","N,N,O,O,O,O,O,O,O,O",,,True,True,True,Rh+Rh|CN:5+5,Rh+Rh|CN:5+5|Shape:TBPY+TBPY,Rh+Rh|CN:5+5|Shape:TBPY+TBPY|Donors:N+N+O+O+O+O+O+O+O+O|Bridges:0,cacbffe23bc7
MOF_ACIYER02,CSD_MOF,ACIYER02,2,Rh+Rh,"5,5","TBPY,TBPY","N,N,O,O,O,O,O,O,O,O",,,True,True,True,Rh+Rh|CN:5+5,Rh+Rh|CN:5+5|Shape:TBPY+TBPY,Rh+Rh|CN:5+5|Shape:TBPY+TBPY|Donors:N+N+O+O+O+O+O+O+O+O|Bridges:0,cacbffe23bc7
MOF_ACIYER07,CSD_MOF,ACIYER07,2,Rh+Rh,"5,5","TBPY,TBPY","N,N,O,O,O,O,O,O,O,O",,,True,True,True,Rh+Rh|CN:5+5,Rh+Rh|CN:5+5|Shape:TBPY+TBPY,Rh+Rh|CN:5+5|Shape:TBPY+TBPY|Donors:N+N+O+O+O+O+O+O+O+O|Bridges:0,cacbffe23bc7
MOF_ACIYIV,CSD_MOF,ACIYIV,2,Rh+Rh,"5,5","TBPY,TBPY","N,N,O,O,O,O,O,O,O,O",,,True,True,True,Rh+Rh|CN:5+5,Rh+Rh|CN:5+5|Shape:TBPY+TBPY,Rh+Rh|CN:5+5|Shape:TBPY+TBPY|Donors:N+N+O+O+O+O+O+O+O+O|Bridges:0,cacbffe23bc7
MOF_ACIZIY,CSD_MOF,ACIZIY,6,Zn+Zn+Zn+Zn+Zn+Zn,"6,5,5,6,5,5","OC,TBPY,TBPY,OC,TBPY,TBPY","N,N,N,N,N,N,N,N,N,N,N,N,N,O,O,O,O,O,O,O,O,O,O,O,O,O","mu2-N,mu2-O",,True,True,True,Zn+Zn+Zn+Zn+Zn+Zn|CN:6+5+5+6+5+5,Zn+Zn+Zn+Zn+Zn+Zn|CN:6+5+5+6+5+5|Shape:OC+TBPY+TBPY+OC+TBPY+TBPY,Zn+Zn+Zn+Zn+Zn+Zn|CN:6+5+5+6+5+5|Shape:OC+TBPY+TBPY+OC+TBPY+TBPY|Donors:N+N+N+N+N+N+N+N+N+N+N+N+N+O+O+O+O+O+O+O+O+O+O+O+O+O|Bridges:6,0e58af137618
MOF_ACMCRU,CSD_MOF,ACMCRU,2,Cr+Cr,"4,4","SP,SP","O,O,O,O,O,O,O,O",,,True,True,True,Cr+Cr|CN:4+4,Cr+Cr|CN:4+4|Shape:SP+SP,Cr+Cr|CN:4+4|Shape:SP+SP|Donors:O+O+O+O+O+O+O+O|Bridges:0,fb1a087c20a5
MOF_ACMCRU01,CSD_MOF,ACMCRU01,2,Cr+Cr,"4,4","SP,SP","O,O,O,O,O,O,O,O",,,True,True,True,Cr+Cr|CN:4+4,Cr+Cr|CN:4+4|Shape:SP+SP,Cr+Cr|CN:4+4|Shape:SP+SP|Donors:O+O+O+O+O+O+O+O|Bridges:0,fb1a087c20a5
MOF_ACMONA,CSD_MOF,ACMONA,2,Mo+Mo,"5,5","TBPY,TBPY","O,O,O,O,O,O,O,O,O,O",,,True,True,True,Mo+Mo|CN:5+5,Mo+Mo|CN:5+5|Shape:TBPY+TBPY,Mo+Mo|CN:5+5|Shape:TBPY+TBPY|Donors:O+O+O+O+O+O+O+O+O+O|Bridges:0,d1a1e704c5b4
MOF_ACMPCD,CSD_MOF,ACMPCD,5,Cd+Cd+Cd+Cd+Cd,"7,7,1,1,2","PBPY,PBPY,CN1,CN1,L","N,N,O,O,O,O,O,O,O,O,O,O,O,O,O,O",mu2-O,,True,True,True,Cd+Cd+Cd+Cd+Cd|CN:7+7+1+1+2,Cd+Cd+Cd+Cd+Cd|CN:7+7+1+1+2|Shape:PBPY+PBPY+CN1+CN1+L,Cd+Cd+Cd+Cd+Cd|CN:7+7+1+1+2|Shape:PBPY+PBPY+CN1+CN1+L|Donors:N+N+O+O+O+O+O+O+O+O+O+O+O+O+O+O|Bridges:2,64d069d2a22a
MOF_ACNBPC,CSD_MOF,ACNBPC,2,Ni+Ni,"6,4","OC,SP","C,C,C,C,N,N,N,N,N,N",,,True,True,True,Ni+Ni|CN:6+4,Ni+Ni|CN:6+4|Shape:OC+SP,Ni+Ni|CN:6+4|Shape:OC+SP|Donors:C+C+C+C+N+N+N+N+N+N|Bridges:0,f9cbf8ef90f4
MOF_ACNCUB,CSD_MOF,ACNCUB,2,Cu+Cu,"4,4","SP,SP","Br,Br,N,N",mu2-Br,,True,True,True,Cu+Cu|CN:4+4,Cu+Cu|CN:4+4|Shape:SP+SP,Cu+Cu|CN:4+4|Shape:SP+SP|Donors:Br+Br+N+N|Bridges:2,e019b04e30bd
MOF_ACNCUB01,CSD_MOF,ACNCUB01,2,Cu+Cu,"4,4","SP,SP","Br,Br,N,N",mu2-Br,,True,True,True,Cu+Cu|CN:4+4,Cu+Cu|CN:4+4|Shape:SP+SP,Cu+Cu|CN:4+4|Shape:SP+SP|Donors:Br+Br+N+N|Bridges:2,e019b04e30bd
MOF_ACNCUB02,CSD_MOF,ACNCUB02,2,Cu+Cu,"4,2","SP,L","Br,Br,N",mu2-Br,,True,True,True,Cu+Cu|CN:4+2,Cu+Cu|CN:4+2|Shape:SP+L,Cu+Cu|CN:4+2|Shape:SP+L|Donors:Br+Br+N|Bridges:2,db8c0b9a16f3
MOF_ACNCUB03,CSD_MOF,ACNCUB03,1,Cu,4,SP,"Br,N",,,True,True,True,Cu|CN:4,Cu|CN:4|Shape:SP,Cu|CN:4|Shape:SP|Donors:Br+N|Bridges:0,679da2e8cead
MOF_ACNCUB04,CSD_MOF,ACNCUB04,1,Cu,4,SP,"Br,N",,,True,True,True,Cu|CN:4,Cu|CN:4|Shape:SP,Cu|CN:4|Shape:SP|Donors:Br+N|Bridges:0,679da2e8cead
MOF_ACOBEC,CSD_MOF,ACOBEC,8,Sc+Sc+Sc+Sc+Sc+Sc+Sc+Sc,"6,6,6,6,6,6,6,6","OC,OC,OC,OC,OC,OC,OC,OC","O,O,O,O,O,O,O,O,O,O,O,O,O,O,O,O,O,O,O,O,O,O,O,O,O,O,O,O,O,O,O,O,O,O,O,O,O,O,O,O",mu2-O,,True,True,True,Sc+Sc+Sc+Sc+Sc+Sc+Sc+Sc|CN:6+6+6+6+6+6+6+6,Sc+Sc+Sc+Sc+Sc+Sc+Sc+Sc|CN:6+6+6+6+6+6+6+6|Shape:OC+OC+OC+OC+OC+OC+OC+OC,Sc+Sc+Sc+Sc+Sc+Sc+Sc+Sc|CN:6+6+6+6+6+6+6+6|Shape:OC+OC+OC+OC+OC+OC+OC+OC|Donors:O+O+O+O+O+O+O+O+O+O+O+O+O+O+O+O+O+O+O+O+O+O+O+O+O+O+O+O+O+O+O+O+O+O+O+O+O+O+O+O|Bridges:8,7ddfe4d34738
MOF_ACODAA,CSD_MOF,ACODAA,1,Fe,4,SP,"N,N",,,True,True,True,Fe|CN:4,Fe|CN:4|Shape:SP,Fe|CN:4|Shape:SP|Donors:N+N|Bridges:0,405dcb1105ae
MOF_ACODED,CSD_MOF,ACODED,5,Cu+Cu+Cu+Cu+Cu,"5,1,1,1,1","TBPY,CN1,CN1,CN1,CN1","O,O,O,O,O,O,O,O,O",,,True,True,True,Cu+Cu+Cu+Cu+Cu|CN:5+1+1+1+1,Cu+Cu+Cu+Cu+Cu|CN:5+1+1+1+1|Shape:TBPY+CN1+CN1+CN1+CN1,Cu+Cu+Cu+Cu+Cu|CN:5+1+1+1+1|Shape:TBPY+CN1+CN1+CN1+CN1|Donors:O+O+O+O+O+O+O+O+O|Bridges:0,652f6776a571
MOF_ACODEE,CSD_MOF,ACODEE,1,Fe,6,OC,"N,N,O,O,O",,,True,True,True,Fe|CN:6,Fe|CN:6|Shape:OC,Fe|CN:6|Shape:OC|Donors:N+N+O+O+O|Bridges:0,66340a377000
MOF_ACOFUU,CSD_MOF,ACOFUU,4,Zn+Zn+Zn+Zn,"4,4,1,1","SP,SP,CN1,CN1","Br,Br,Br,Br,N,N,N,N,N,N",,,True,True,True,Zn+Zn+Zn+Zn|CN:4+4+1+1,Zn+Zn+Zn+Zn|CN:4+4+1+1|Shape:SP+SP+CN1+CN1,Zn+Zn+Zn+Zn|CN:4+4+1+1|Shape:SP+SP+CN1+CN1|Donors:Br+Br+Br+Br+N+N+N+N+N+N|Bridges:0,21d2fa73afea
MOF_ACOGAB,CSD_MOF,ACOGAB,1,Cd,6,OC,"Br,Br,N,N",,,True,True,True,Cd|CN:6,Cd|CN:6|Shape:OC,Cd|CN:6|Shape:OC|Donors:Br+Br+N+N|Bridges:0,cf4ac3d04eb8
MOF_ACOGEF,CSD_MOF,ACOGEF,1,Cd,6,OC,"I,I,N,N",,,True,True,True,Cd|CN:6,Cd|CN:6|Shape:OC,Cd|CN:6|Shape:OC|Donors:I+I+N+N|Bridges:0,6642a3154a86
MOF_ACOGUV,CSD_MOF,ACOGUV,4,Zn+Zn+Zn+Zn,"7,6,3,2","PBPY,OC,TP,L","N,N,O,O,O,O,O,O,O,O,O,O,O,O,O,O",mu2-O,,True,True,True,Zn+Zn+Zn+Zn|CN:7+6+3+2,Zn+Zn+Zn+Zn|CN:7+6+3+2|Shape:PBPY+OC+TP+L,Zn+Zn+Zn+Zn|CN:7+6+3+2|Shape:PBPY+OC+TP+L|Donors:N+N+O+O+O+O+O+O+O+O+O+O+O+O+O+O|Bridges:2,58959bbbf8fe
MOF_ACOHAB,CSD_MOF,ACOHAB,3,Ag+Ag+Ag,"4,2,1","SP,L,CN1","N,N,N,O,O",mu2-O,,True,True,True,Ag+Ag+Ag|CN:4+2+1,Ag+Ag+Ag|CN:4+2+1|Shape:SP+L+CN1,Ag+Ag+Ag|CN:4+2+1|Shape:SP+L+CN1|Donors:N+N+N+O+O|Bridges:2,dc1189419435
MOF_ACOHAE,CSD_MOF,ACOHAE,1,Cd,7,PBPY,"N,N,O,O,O,O,O",,,True,True,True,Cd|CN:7,Cd|CN:7|Shape:PBPY,Cd|CN:7|Shape:PBPY|Donors:N+N+O+O+O+O+O|Bridges:0,0ac95d6bcc56
MOF_ACOHEF,CSD_MOF,ACOHEF,2,Ag+Ag,"4,4","SP,SP","N,N,N,N,O,O",mu2-O,,True,True,True,Ag+Ag|CN:4+4,Ag+Ag|CN:4+4|Shape:SP+SP,Ag+Ag|CN:4+4|Shape:SP+SP|Donors:N+N+N+N+O+O|Bridges:2,f8d808353b44
MOF_ACOHIJ,CSD_MOF,ACOHIJ,1,Ag,4,SP,"N,O,O",,,True,True,True,Ag|CN:4,Ag|CN:4|Shape:SP,Ag|CN:4|Shape:SP|Donors:N+O+O|Bridges:0,a41c47b86491
MOF_ACOHIJ01,CSD_MOF,ACOHIJ01,1,Ag,4,SP,"N,O,O",,,True,True,True,Ag|CN:4,Ag|CN:4|Shape:SP,Ag|CN:4|Shape:SP|Donors:N+O+O|Bridges:0,a41c47b86491
MOF_ACOHUW,CSD_MOF,ACOHUW,2,Mn+Mn,"6,1","OC,CN1","N,O,O,O,O,O,O",,,True,True,True,Mn+Mn|CN:6+1,Mn+Mn|CN:6+1|Shape:OC+CN1,Mn+Mn|CN:6+1|Shape:OC+CN1|Donors:N+O+O+O+O+O+O|Bridges:0,a581b025ddc3
MOF_ACOHUW01,CSD_MOF,ACOHUW01,2,Mn+Mn,"6,1","OC,CN1","N,O,O,O,O,O,O",,,True,True,True,Mn+Mn|CN:6+1,Mn+Mn|CN:6+1|Shape:OC+CN1,Mn+Mn|CN:6+1|Shape:OC+CN1|Donors:N+O+O+O+O+O+O|Bridges:0,a581b025ddc3
MOF_ACOHUW02,CSD_MOF,ACOHUW02,2,Mn+Mn,"6,1","OC,CN1","N,O,O,O,O,O,O",,,True,True,True,Mn+Mn|CN:6+1,Mn+Mn|CN:6+1|Shape:OC+CN1,Mn+Mn|CN:6+1|Shape:OC+CN1|Donors:N+O+O+O+O+O+O|Bridges:0,a581b025ddc3
MOF_ACOHUW03,CSD_MOF,ACOHUW03,2,Mn+Mn,"6,1","OC,CN1","N,O,O,O,O,O,O",,,True,True,True,Mn+Mn|CN:6+1,Mn+Mn|CN:6+1|Shape:OC+CN1,Mn+Mn|CN:6+1|Shape:OC+CN1|Donors:N+O+O+O+O+O+O|Bridges:0,a581b025ddc3
MOF_ACOLAG,CSD_MOF,ACOLAG,2,Fe+Fe,"6,2","OC,L","Cl,Cl,O,O,O,O,O,O",,,True,True,True,Fe+Fe|CN:6+2,Fe+Fe|CN:6+2|Shape:OC+L,Fe+Fe|CN:6+2|Shape:OC+L|Donors:Cl+Cl+O+O+O+O+O+O|Bridges:0,16a111e2d7f0
MOF_ACOLIP,CSD_MOF,ACOLIP,3,Zn+Zn+Zn,"4,1,1","SP,CN1,CN1","N,N,N,O,O,O",,,True,True,True,Zn+Zn+Zn|CN:4+1+1,Zn+Zn+Zn|CN:4+1+1|Shape:SP+CN1+CN1,Zn+Zn+Zn|CN:4+1+1|Shape:SP+CN1+CN1|Donors:N+N+N+O+O+O|Bridges:0,3383be220373
MOF_ACOLOV,CSD_MOF,ACOLOV,9,Cd+Cd+Cd+Cd+Cd+Cd+Cd+Cd+Cd,"6,6,7,1,1,2,2,3,2","OC,OC,PBPY,CN1,CN1,L,L,TP,L","O,O,O,O,O,O,O,O,O,O,O,O,O,O,O,O,O,O,O,O,O,O,O,O",mu2-O,,True,True,True,Cd+Cd+Cd+Cd+Cd+Cd+Cd+Cd+Cd|CN:6+6+7+1+1+2+2+3+2,Cd+Cd+Cd+Cd+Cd+Cd+Cd+Cd+Cd|CN:6+6+7+1+1+2+2+3+2|Shape:OC+OC+PBPY+CN1+CN1+L+L+TP+L,Cd+Cd+Cd+Cd+Cd+Cd+Cd+Cd+Cd|CN:6+6+7+1+1+2+2+3+2|Shape:OC+OC+PBPY+CN1+CN1+L+L+TP+L|Donors:O+O+O+O+O+O+O+O+O+O+O+O+O+O+O+O+O+O+O+O+O+O+O+O|Bridges:6,52e70ab35f00
MOF_ACOLUB,CSD_MOF,ACOLUB,6,Cd+Cd+Cd+Cd+Cd+Cd,"6,6,4,6,2,1","OC,OC,SP,OC,L,CN1","N,N,N,O,O,O,O,O,O,O,O,O,O,O,O,O,O,O,O,O",mu2-O,,True,True,True,Cd+Cd+Cd+Cd+Cd+Cd|CN:6+6+4+6+2+1,Cd+Cd+Cd+Cd+Cd+Cd|CN:6+6+4+6+2+1|Shape:OC+OC+SP+OC+L+CN1,Cd+Cd+Cd+Cd+Cd+Cd|CN:6+6+4+6+2+1|Shape:OC+OC+SP+OC+L+CN1|Donors:N+N+N+O+O+O+O+O+O+O+O+O+O+O+O+O+O+O+O+O|Bridges:5,3cc4f39d85e0
MOF_ACOLUC,CSD_MOF,ACOLUC,3,Ag+Ag+Ag,"3,1,1","TP,CN1,CN1","N,N,N,S,S",,,True,True,True,Ag+Ag+Ag|CN:3+1+1,Ag+Ag+Ag|CN:3+1+1|Shape:TP+CN1+CN1,Ag+Ag+Ag|CN:3+1+1|Shape:TP+CN1+CN1|Donors:N+N+N+S+S|Bridges:0,cff196976201
MOF_ACOMEL,CSD_MOF,ACOMEL,2,Fe+Fe,"6,1","OC,CN1","F,F,F,O,O,O,O",,,True,True,True,Fe+Fe|CN:6+1,Fe+Fe|CN:6+1|Shape:OC+CN1,Fe+Fe|CN:6+1|Shape:OC+CN1|Donors:F+F+F+O+O+O+O|Bridges:0,c7013d89afdc
MOF_ACOMOX,CSD_MOF,ACOMOX,1,Hg,5,TBPY,"Cl,Cl,N",,,True,True,True,Hg|CN:5,Hg|CN:5|Shape:TBPY,Hg|CN:5|Shape:TBPY|Donors:Cl+Cl+N|Bridges:0,a9e1c4dfd0e1
MOF_ACONAK,CSD_MOF,ACONAK,1,Hg,4,SP,"Br,Br,N",,,True,True,True,Hg|CN:4,Hg|CN:4|Shape:SP,Hg|CN:4|Shape:SP|Donors:Br+Br+N|Bridges:0,c3273f4052b7
MOF_ACONIS,CSD_MOF,ACONIS,1,Hg,4,SP,"I,I,N",,,True,True,True,Hg|CN:4,Hg|CN:4|Shape:SP,Hg|CN:4|Shape:SP|Donors:I+I+N|Bridges:0,7a0f9fc63f2e
MOF_ACONOY,CSD_MOF,ACONOY,4,Hg+Hg+Hg+Hg,"4,4,1,1","SP,SP,CN1,CN1","Br,Br,Br,Br,Br,N,N,N,N",mu2-Br,,True,True,True,Hg+Hg+Hg+Hg|CN:4+4+1+1,Hg+Hg+Hg+Hg|CN:4+4+1+1|Shape:SP+SP+CN1+CN1,Hg+Hg+Hg+Hg|CN:4+4+1+1|Shape:SP+SP+CN1+CN1|Donors:Br+Br+Br+Br+Br+N+N+N+N|Bridges:1,0196d9c182fc
MOF_ACONUE,CSD_MOF,ACONUE,3,Hg+Hg+Hg,"4,4,4","SP,SP,SP","I,I,I,I,I,I,N,N,N,N,N",mu2-N,,True,True,True,Hg+Hg+Hg|CN:4+4+4,Hg+Hg+Hg|CN:4+4+4|Shape:SP+SP+SP,Hg+Hg+Hg|CN:4+4+4|Shape:SP+SP+SP|Donors:I+I+I+I+I+I+N+N+N+N+N|Bridges:1,222f2a49d1b0
MOF_ACOPOY,CSD_MOF,ACOPOY,1,Ni,4,SP,"S,S,S,S",,,True,True,True,Ni|CN:4,Ni|CN:4|Shape:SP,Ni|CN:4|Shape:SP|Donors:S+S+S+S|Bridges:0,fed8734da144
MOF_ACOPUE,CSD_MOF,ACOPUE,1,Cu,6,OC,"N,N,N,O,O,O",,,True,True,True,Cu|CN:6,Cu|CN:6|Shape:OC,Cu|CN:6|Shape:OC|Donors:N+N+N+O+O+O|Bridges:0,ff2341764124
MOF_ACOQIT,CSD_MOF,ACOQIT,1,Pd,4,SP,"Se,Se,Se,Se",,,True,True,True,Pd|CN:4,Pd|CN:4|Shape:SP,Pd|CN:4|Shape:SP|Donors:Se+Se+Se+Se|Bridges:0,41099b27495a
MOF_ACORUJ,CSD_MOF,ACORUJ,2,Cd+Cd,"7,5","PBPY,TBPY","O,O,O,O,O,O,O,O,O",,,True,True,True,Cd+Cd|CN:7+5,Cd+Cd|CN:7+5|Shape:PBPY+TBPY,Cd+Cd|CN:7+5|Shape:PBPY+TBPY|Donors:O+O+O+O+O+O+O+O+O|Bridges:0,c8003e4a10a9
MOF_ACOVAT01,CSD_MOF,ACOVAT01,2,Cr+Cr,"6,6","OC,OC","C,C,C,C,C,C,C,C,C,C,C,C",,,True,True,True,Cr+Cr|CN:6+6,Cr+Cr|CN:6+6|Shape:OC+OC,Cr+Cr|CN:6+6|Shape:OC+OC|Donors:C+C+C+C+C+C+C+C+C+C+C+C|Bridges:0,ccc61ae69a36
MOF_ACOVEU,CSD_MOF,ACOVEU,4,Co+Co+Co+Co,"6,2,2,1","OC,L,L,CN1","O,O,O,O,O,O,O,O,O,O,O",,,True,True,True,Co+Co+Co+Co|CN:6+2+2+1,Co+Co+Co+Co|CN:6+2+2+1|Shape:OC+L+L+CN1,Co+Co+Co+Co|CN:6+2+2+1|Shape:OC+L+L+CN1|Donors:O+O+O+O+O+O+O+O+O+O+O|Bridges:0,f1b5e0f54d1b
MOF_ACOVIB,CSD_MOF,ACOVIB,1,Fe,24,CN24,"C,C,C,C,C,C,C,C,C,C,C,C,C,C,C,C,C,C,C,C,C,C,C,C",,,True,True,True,Fe|CN:24,Fe|CN:24|Shape:CN24,Fe|CN:24|Shape:CN24|Donors:C+C+C+C+C+C+C+C+C+C+C+C+C+C+C+C+C+C+C+C+C+C+C+C|Bridges:0,17e12686b02a
MOF_ACOVIB01,CSD_MOF,ACOVIB01,1,Fe,6,OC,"C,C,C,C,C,C",,,True,True,True,Fe|CN:6,Fe|CN:6|Shape:OC,Fe|CN:6|Shape:OC|Donors:C+C+C+C+C+C|Bridges:0,e509712213b1
MOF_ACOVIB02,CSD_MOF,ACOVIB02,1,Fe,6,OC,"C,C,C,C,C,C",,,True,True,True,Fe|CN:6,Fe|CN:6|Shape:OC,Fe|CN:6|Shape:OC|Donors:C+C+C+C+C+C|Bridges:0,e509712213b1
MOF_ACOVIX,CSD_MOF,ACOVIX,6,Rh+Rh+Rh+Rh+Rh+Rh,"5,5,5,5,2,2","TBPY,TBPY,TBPY,TBPY,L,L","Cl,Cl,Cl,Cl,O,O,O,O,O,O,O,O,O,O,O,O","mu2-Cl,mu2-O",,True,True,True,Rh+Rh+Rh+Rh+Rh+Rh|CN:5+5+5+5+2+2,Rh+Rh+Rh+Rh+Rh+Rh|CN:5+5+5+5+2+2|Shape:TBPY+TBPY+TBPY+TBPY+L+L,Rh+Rh+Rh+Rh+Rh+Rh|CN:5+5+5+5+2+2|Shape:TBPY+TBPY+TBPY+TBPY+L+L|Donors:Cl+Cl+Cl+Cl+O+O+O+O+O+O+O+O+O+O+O+O|Bridges:8,97bcdc76521d
MOF_ACOVOH,CSD_MOF,ACOVOH,3,La+La+La,"9,2,2","CN9,L,L","O,O,O,O,O,O,O,O,O,O,O,O,O",,,True,True,True,La+La+La|CN:9+2+2,La+La+La|CN:9+2+2|Shape:CN9+L+L,La+La+La|CN:9+2+2|Shape:CN9+L+L|Donors:O+O+O+O+O+O+O+O+O+O+O+O+O|Bridges:0,e7b22e98bd64
MOF_ACOYAU,CSD_MOF,ACOYAU,6,Cu+Cu+Mo+Mo+Mo+Mo,"6,5,6,6,5,6","OC,TBPY,OC,OC,TBPY,OC","N,N,N,N,O,O,O,O,O,O,O,O,O,O,O,O,O,O,O,O,O,O","mu2-O,mu3-O",,True,True,True,Cu+Cu+Mo+Mo+Mo+Mo|CN:6+5+6+6+5+6,Cu+Cu+Mo+Mo+Mo+Mo|CN:6+5+6+6+5+6|Shape:OC+TBPY+OC+OC+TBPY+OC,Cu+Cu+Mo+Mo+Mo+Mo|CN:6+5+6+6+5+6|Shape:OC+TBPY+OC+OC+TBPY+OC|Donors:N+N+N+N+O+O+O+O+O+O+O+O+O+O+O+O+O+O+O+O+O+O|Bridges:8,b13dc3053c71
MOF_ACOYEY,CSD_MOF,ACOYEY,2,Zn+Zn,"4,1","SP,CN1","N,N,N,O,O",,,True,True,True,Zn+Zn|CN:4+1,Zn+Zn|CN:4+1|Shape:SP+CN1,Zn+Zn|CN:4+1|Shape:SP+CN1|Donors:N+N+N+O+O|Bridges:0,91e404e8048a
MOF_ACOZAW,CSD_MOF,ACOZAW,7,Cu+Cu+Cu+Cu+Cu+Cu+Ni,"3,3,2,3,3,3,6","TP,TP,L,TP,TP,TP,OC","C,C,C,C,C,C,C,N,N,N,N,N,N,N,N,N,N,N,N,N,N,S",mu2-S,,True,True,True,Cu+Cu+Cu+Cu+Cu+Cu+Ni|CN:3+3+2+3+3+3+6,Cu+Cu+Cu+Cu+Cu+Cu+Ni|CN:3+3+2+3+3+3+6|Shape:TP+TP+L+TP+TP+TP+OC,Cu+Cu+Cu+Cu+Cu+Cu+Ni|CN:3+3+2+3+3+3+6|Shape:TP+TP+L+TP+TP+TP+OC|Donors:C+C+C+C+C+C+C+N+N+N+N+N+N+N+N+N+N+N+N+N+N+S|Bridges:1,eea6c928372b
MOF_ACOZEA,CSD_MOF,ACOZEA,7,Cu+Cu+Cu+Cu+Cu+Cu+Ni,"3,3,3,3,1,1,6","TP,TP,TP,TP,CN1,CN1,OC","C,C,C,C,C,C,N,N,N,N,N,N,N,N,N,N,N,N",mu3-N,,True,True,True,Cu+Cu+Cu+Cu+Cu+Cu+Ni|CN:3+3+3+3+1+1+6,Cu+Cu+Cu+Cu+Cu+Cu+Ni|CN:3+3+3+3+1+1+6|Shape:TP+TP+TP+TP+CN1+CN1+OC,Cu+Cu+Cu+Cu+Cu+Cu+Ni|CN:3+3+3+3+1+1+6|Shape:TP+TP+TP+TP+CN1+CN1+OC|Donors:C+C+C+C+C+C+N+N+N+N+N+N+N+N+N+N+N+N|Bridges:1,098613c34664
MOF_ACOZOH,CSD_MOF,ACOZOH,2,Hg+Hg,"4,1","SP,CN1","Cl,Cl,N,N,N",,,True,True,True,Hg+Hg|CN:4+1,Hg+Hg|CN:4+1|Shape:SP+CN1,Hg+Hg|CN:4+1|Shape:SP+CN1|Donors:Cl+Cl+N+N+N|Bridges:0,49cb5dc13556
MOF_ACOZUN,CSD_MOF,ACOZUN,2,Hg+Hg,"4,1","SP,CN1","Br,Br,N,N,N",,,True,True,True,Hg+Hg|CN:4+1,Hg+Hg|CN:4+1|Shape:SP+CN1,Hg+Hg|CN:4+1|Shape:SP+CN1|Donors:Br+Br+N+N+N|Bridges:0,f0a6b4ba3a84
MOF_ACPCRB,CSD_MOF,ACPCRB,2,Cr+Cr,"5,5","TBPY,TBPY","N,N,O,O,O,O,O,O,O,O",,,True,True,True,Cr+Cr|CN:5+5,Cr+Cr|CN:5+5|Shape:TBPY+TBPY,Cr+Cr|CN:5+5|Shape:TBPY+TBPY|Donors:N+N+O+O+O+O+O+O+O+O|Bridges:0,b14da1b3523c
MOF_ACPCRB01,CSD_MOF,ACPCRB01,2,Cr+Cr,"5,5","TBPY,TBPY","N,N,O,O,O,O,O,O,O,O",,,True,True,True,Cr+Cr|CN:5+5,Cr+Cr|CN:5+5|Shape:TBPY+TBPY,Cr+Cr|CN:5+5|Shape:TBPY+TBPY|Donors:N+N+O+O+O+O+O+O+O+O|Bridges:0,b14da1b3523c
MOF_ACPRCU,CSD_MOF,ACPRCU,1,Cu,5,TBPY,"N,N,N,O,O",,,True,True,True,Cu|CN:5,Cu|CN:5|Shape:TBPY,Cu|CN:5|Shape:TBPY|Donors:N+N+N+O+O|Bridges:0,69cd401a68d3
MOF_ACRNCU,CSD_MOF,ACRNCU,6,Cu+Cu+Cu+Cu+Cu+Cu,"5,4,1,2,1,1","TBPY,SP,CN1,L,CN1,CN1","C,C,C,C,Cl,Cl,Cl,Cl,Cl,N",mu3-Cl,,True,True,True,Cu+Cu+Cu+Cu+Cu+Cu|CN:5+4+1+2+1+1,Cu+Cu+Cu+Cu+Cu+Cu|CN:5+4+1+2+1+1|Shape:TBPY+SP+CN1+L+CN1+CN1,Cu+Cu+Cu+Cu+Cu+Cu|CN:5+4+1+2+1+1|Shape:TBPY+SP+CN1+L+CN1+CN1|Donors:C+C+C+C+Cl+Cl+Cl+Cl+Cl+N|Bridges:2,b5fed79aa54c
MOF_ACRNCU01,CSD_MOF,ACRNCU01,6,Cu+Cu+Cu+Cu+Cu+Cu,"4,5,1,1,1,2","SP,TBPY,CN1,CN1,CN1,L","C,C,C,C,Cl,Cl,Cl,Cl,Cl,N",mu3-Cl,,True,True,True,Cu+Cu+Cu+Cu+Cu+Cu|CN:4+5+1+1+1+2,Cu+Cu+Cu+Cu+Cu+Cu|CN:4+5+1+1+1+2|Shape:SP+TBPY+CN1+CN1+CN1+L,Cu+Cu+Cu+Cu+Cu+Cu|CN:4+5+1+1+1+2|Shape:SP+TBPY+CN1+CN1+CN1+L|Donors:C+C+C+C+Cl+Cl+Cl+Cl+Cl+N|Bridges:2,1b7b1adbeaa7
MOF_ACUBOP,CSD_MOF,ACUBOP,4,Cd+Cd+Cd+Cd,"7,2,1,1","PBPY,L,CN1,CN1","N,N,N,N,O,O,O,O,O",mu2-O,,True,True,True,Cd+Cd+Cd+Cd|CN:7+2+1+1,Cd+Cd+Cd+Cd|CN:7+2+1+1|Shape:PBPY+L+CN1+CN1,Cd+Cd+Cd+Cd|CN:7+2+1+1|Shape:PBPY+L+CN1+CN1|Donors:N+N+N+N+O+O+O+O+O|Bridges:2,6bba468bef2c
MOF_ACUBOP01,CSD_MOF,ACUBOP01,4,Cd+Cd+Cd+Cd,"7,2,1,1","PBPY,L,CN1,CN1","N,N,N,N,O,O,O,O,O",mu2-O,,True,True,True,Cd+Cd+Cd+Cd|CN:7+2+1+1,Cd+Cd+Cd+Cd|CN:7+2+1+1|Shape:PBPY+L+CN1+CN1,Cd+Cd+Cd+Cd|CN:7+2+1+1|Shape:PBPY+L+CN1+CN1|Donors:N+N+N+N+O+O+O+O+O|Bridges:2,6bba468bef2c
MOF_ACUBOP02,CSD_MOF,ACUBOP02,1,Cd,7,PBPY,"N,N,O,O,O,O",,,True,True,True,Cd|CN:7,Cd|CN:7|Shape:PBPY,Cd|CN:7|Shape:PBPY|Donors:N+N+O+O+O+O|Bridges:0,013f51f852fa
MOF_ACUBOP04,CSD_MOF,ACUBOP04,1,Cd,6,OC,"N,N,O,O,O,O",,,True,True,True,Cd|CN:6,Cd|CN:6|Shape:OC,Cd|CN:6|Shape:OC|Donors:N+N+O+O+O+O|Bridges:0,94b67e609967
MOF_ACUCAC,CSD_MOF,ACUCAC,8,Zn+Zn+Zn+Zn+Zn+Zn+Zn+Zn,"6,1,6,2,6,2,6,2","OC,CN1,OC,L,OC,L,OC,L","N,N,N,N,N,N,N,N,N,O,O,O,O,O,O,O,O,O,O,O,O,O,O,O,O,O,O,O,O,O,O",,,True,True,True,Zn+Zn+Zn+Zn+Zn+Zn+Zn+Zn|CN:6+1+6+2+6+2+6+2,Zn+Zn+Zn+Zn+Zn+Zn+Zn+Zn|CN:6+1+6+2+6+2+6+2|Shape:OC+CN1+OC+L+OC+L+OC+L,Zn+Zn+Zn+Zn+Zn+Zn+Zn+Zn|CN:6+1+6+2+6+2+6+2|Shape:OC+CN1+OC+L+OC+L+OC+L|Donors:N+N+N+N+N+N+N+N+N+O+O+O+O+O+O+O+O+O+O+O+O+O+O+O+O+O+O+O+O+O+O|Bridges:0,6e0c5922b61d
MOF_ACUCEG,CSD_MOF,ACUCEG,2,Zn+Zn,"4,1","SP,CN1","N,N,N,O,O",,,True,True,True,Zn+Zn|CN:4+1,Zn+Zn|CN:4+1|Shape:SP+CN1,Zn+Zn|CN:4+1|Shape:SP+CN1|Donors:N+N+N+O+O|Bridges:0,91e404e8048a
MOF_ACUCIK,CSD_MOF,ACUCIK,2,Zn+Zn,"4,1","SP,CN1","N,N,N,O,O",,,True,True,True,Zn+Zn|CN:4+1,Zn+Zn|CN:4+1|Shape:SP+CN1,Zn+Zn|CN:4+1|Shape:SP+CN1|Donors:N+N+N+O+O|Bridges:0,91e404e8048a
MOF_ACUDAD,CSD_MOF,ACUDAD,2,Ag+Ag,"4,4","SP,SP","N,N,N,N,N,N,N,N",,,True,True,True,Ag+Ag|CN:4+4,Ag+Ag|CN:4+4|Shape:SP+SP,Ag+Ag|CN:4+4|Shape:SP+SP|Donors:N+N+N+N+N+N+N+N|Bridges:0,133b9fe80470
MOF_ACUDEJ,CSD_MOF,ACUDEJ,2,Cu+Cu,"6,1","OC,CN1","N,N,N,N,N,O,O",,,True,True,True,Cu+Cu|CN:6+1,Cu+Cu|CN:6+1|Shape:OC+CN1,Cu+Cu|CN:6+1|Shape:OC+CN1|Donors:N+N+N+N+N+O+O|Bridges:0,abbe03d4b170
MOF_ACUDUZ,CSD_MOF,ACUDUZ,3,Ag+Ag+W,"4,4,2","SP,SP,L","S,S,S,S,S,S",mu2-S,,True,True,True,Ag+Ag+W|CN:4+4+2,Ag+Ag+W|CN:4+4+2|Shape:SP+SP+L,Ag+Ag+W|CN:4+4+2|Shape:SP+SP+L|Donors:S+S+S+S+S+S|Bridges:4,aa3d9454d1d2
MOF_ACUFAH,CSD_MOF,ACUFAH,2,Ag+Ag,"3,3","TP,TP","N,N,N,N,N,N",,,True,True,True,Ag+Ag|CN:3+3,Ag+Ag|CN:3+3|Shape:TP+TP,Ag+Ag|CN:3+3|Shape:TP+TP|Donors:N+N+N+N+N+N|Bridges:0,6f039441721a
MOF_ACUFEK,CSD_MOF,ACUFEK,12,Cu+Cu+Cu+Cu+Cu+Cu+Cu+Cu+Cu+Cu+Cu+Cu,"5,5,5,5,5,5,5,5,5,5,5,5","TBPY,TBPY,TBPY,TBPY,TBPY,TBPY,TBPY,TBPY,TBPY,TBPY,TBPY,TBPY","O,O,O,O,O,O,O,O,O,O,O,O,O,O,O,O,O,O,O,O,O,O,O,O,O,O,O,O,O,O,O,O,O,O,O,O,O,O,O,O,O,O,O,O,O,O,O,O,O,O,O,O,O,O,O",mu6-O,,True,True,True,Cu+Cu+Cu+Cu+Cu+Cu+Cu+Cu+Cu+Cu+Cu+Cu|CN:5+5+5+5+5+5+5+5+5+5+5+5,Cu+Cu+Cu+Cu+Cu+Cu+Cu+Cu+Cu+Cu+Cu+Cu|CN:5+5+5+5+5+5+5+5+5+5+5+5|Shape:TBPY+TBPY+TBPY+TBPY+TBPY+TBPY+TBPY+TBPY+TBPY+TBPY+TBPY+TBPY,Cu+Cu+Cu+Cu+Cu+Cu+Cu+Cu+Cu+Cu+Cu+Cu|CN:5+5+5+5+5+5+5+5+5+5+5+5|Shape:TBPY+TBPY+TBPY+TBPY+TBPY+TBPY+TBPY+TBPY+TBPY+TBPY+TBPY+TBPY|Donors:O+O+O+O+O+O+O+O+O+O+O+O+O+O+O+O+O+O+O+O+O+O+O+O+O+O+O+O+O+O+O+O+O+O+O+O+O+O+O+O+O+O+O+O+O+O+O+O+O+O+O+O+O+O+O|Bridges:1,03bdf4972ed0
MOF_ACUFEL,CSD_MOF,ACUFEL,2,Cd+Cd,"6,2","OC,L","Br,Br,Br,Br,N,N",mu2-Br,,True,True,True,Cd+Cd|CN:6+2,Cd+Cd|CN:6+2|Shape:OC+L,Cd+Cd|CN:6+2|Shape:OC+L|Donors:Br+Br+Br+Br+N+N|Bridges:2,fe4348e94fb2
MOF_ACUFOV,CSD_MOF,ACUFOV,2,Zn+Zn,"6,1","OC,CN1","N,N,O,O,O,O,O",,,True,True,True,Zn+Zn|CN:6+1,Zn+Zn|CN:6+1|Shape:OC+CN1,Zn+Zn|CN:6+1|Shape:OC+CN1|Donors:N+N+O+O+O+O+O|Bridges:0,f7cf77928bb1
MOF_ACUFUB,CSD_MOF,ACUFUB,3,Ag+Ag+Ag,"3,1,1","TP,CN1,CN1","N,N,O,O,O",,,True,True,True,Ag+Ag+Ag|CN:3+1+1,Ag+Ag+Ag|CN:3+1+1|Shape:TP+CN1+CN1,Ag+Ag+Ag|CN:3+1+1|Shape:TP+CN1+CN1|Donors:N+N+O+O+O|Bridges:0,35bd1f9a1934
MOF_ACUFUR,CSD_MOF,ACUFUR,2,Cu+Cu,"6,6","OC,OC","O,O,O,O,O,O,O,O,O,O,O,O",,,True,True,True,Cu+Cu|CN:6+6,Cu+Cu|CN:6+6|Shape:OC+OC,Cu+Cu|CN:6+6|Shape:OC+OC|Donors:O+O+O+O+O+O+O+O+O+O+O+O|Bridges:0,03f6d76ee0bf
MOF_ACUFUR01,CSD_MOF,ACUFUR01,2,Cu+Cu,"6,6","OC,OC","O,O,O,O,O,O,O,O,O,O,O,O",,,True,True,True,Cu+Cu|CN:6+6,Cu+Cu|CN:6+6|Shape:OC+OC,Cu+Cu|CN:6+6|Shape:OC+OC|Donors:O+O+O+O+O+O+O+O+O+O+O+O|Bridges:0,03f6d76ee0bf
MOF_ACUGEM,CSD_MOF,ACUGEM,1,Cd,6,OC,"N,N,N,N,O,O",,,True,True,True,Cd|CN:6,Cd|CN:6|Shape:OC,Cd|CN:6|Shape:OC|Donors:N+N+N+N+O+O|Bridges:0,d32e4a19d8fb
MOF_ACUGUD,CSD_MOF,ACUGUD,1,Zn,5,TBPY,"N,N,N,N,N",,,True,True,True,Zn|CN:5,Zn|CN:5|Shape:TBPY,Zn|CN:5|Shape:TBPY|Donors:N+N+N+N+N|Bridges:0,2cc8937e92ef
MOF_ACUHEO,CSD_MOF,ACUHEO,3,Ni+Ni+Ni,"6,6,5","OC,OC,TBPY","O,O,O,O,O,O,O,O,O,O,O,O","mu2-O,mu3-O",,True,True,True,Ni+Ni+Ni|CN:6+6+5,Ni+Ni+Ni|CN:6+6+5|Shape:OC+OC+TBPY,Ni+Ni+Ni|CN:6+6+5|Shape:OC+OC+TBPY|Donors:O+O+O+O+O+O+O+O+O+O+O+O|Bridges:3,1c20d2d5e6aa
MOF_ACUPEW,CSD_MOF,ACUPEW,2,Cu+Cu,"2,2","L,L","N,N,N",,,True,True,True,Cu+Cu|CN:2+2,Cu+Cu|CN:2+2|Shape:L+L,Cu+Cu|CN:2+2|Shape:L+L|Donors:N+N+N|Bridges:0,77d573c1b7d7
MOF_ACUQEX,CSD_MOF,ACUQEX,2,Pt+Pt,"4,4","SP,SP","Cl,Cl,Cl,Cl,Cl,Cl,N,N",,,True,True,True,Pt+Pt|CN:4+4,Pt+Pt|CN:4+4|Shape:SP+SP,Pt+Pt|CN:4+4|Shape:SP+SP|Donors:Cl+Cl+Cl+Cl+Cl+Cl+N+N|Bridges:0,fc0e1e991a4e
MOF_ACUQUK,CSD_MOF,ACUQUK,2,Ag+Ag,"2,1","L,CN1","N,N,N",,,True,True,True,Ag+Ag|CN:2+1,Ag+Ag|CN:2+1|Shape:L+CN1,Ag+Ag|CN:2+1|Shape:L+CN1|Donors:N+N+N|Bridges:0,42eb51d967db
MOF_ACUQUK01,CSD_MOF,ACUQUK01,2,Ag+Ag,"2,1","L,CN1","N,N,N",,,True,True,True,Ag+Ag|CN:2+1,Ag+Ag|CN:2+1|Shape:L+CN1,Ag+Ag|CN:2+1|Shape:L+CN1|Donors:N+N+N|Bridges:0,42eb51d967db
MOF_ACUQUO,CSD_MOF,ACUQUO,2,Mn+Mn,"6,6","OC,OC","N,N,N,N,O,O,O,O,S,S,S,S",,,True,True,True,Mn+Mn|CN:6+6,Mn+Mn|CN:6+6|Shape:OC+OC,Mn+Mn|CN:6+6|Shape:OC+OC|Donors:N+N+N+N+O+O+O+O+S+S+S+S|Bridges:0,7fe158507d7c
MOF_ACURAR,CSD_MOF,ACURAR,2,Ag+Ag,"3,3","TP,TP","N,N,N,N,O,O",,,True,True,True,Ag+Ag|CN:3+3,Ag+Ag|CN:3+3|Shape:TP+TP,Ag+Ag|CN:3+3|Shape:TP+TP|Donors:N+N+N+N+O+O|Bridges:0,d63584b23a3a
MOF_ACUREV,CSD_MOF,ACUREV,2,Ag+Ag,"2,2","L,L","N,N,N,N",,,True,True,True,Ag+Ag|CN:2+2,Ag+Ag|CN:2+2|Shape:L+L,Ag+Ag|CN:2+2|Shape:L+L|Donors:N+N+N+N|Bridges:0,5ef112afa3f4
MOF_ACUREY,CSD_MOF,ACUREY,1,Ni,6,OC,"N,N,O,O,O,O",,,True,True,True,Ni|CN:6,Ni|CN:6|Shape:OC,Ni|CN:6|Shape:OC|Donors:N+N+O+O+O+O|Bridges:0,96636951ed39
MOF_ACURIC,CSD_MOF,ACURIC,4,Cd+Cd+Cd+Cd,"6,6,6,6","OC,OC,OC,OC","N,N,N,N,N,N,N,N,N,N,O,O,O,O,O,O,O,O,O,O,O,O,O,O",,,True,True,True,Cd+Cd+Cd+Cd|CN:6+6+6+6,Cd+Cd+Cd+Cd|CN:6+6+6+6|Shape:OC+OC+OC+OC,Cd+Cd+Cd+Cd|CN:6+6+6+6|Shape:OC+OC+OC+OC|Donors:N+N+N+N+N+N+N+N+N+N+O+O+O+O+O+O+O+O+O+O+O+O+O+O|Bridges:0,cff691db2d49
MOF_ACURIZ,CSD_MOF,ACURIZ,1,Zn,6,OC,"N,N,N,N,O,O",,,True,True,True,Zn|CN:6,Zn|CN:6|Shape:OC,Zn|CN:6|Shape:OC|Donors:N+N+N+N+O+O|Bridges:0,f1fcdd2ba39a
MOF_ACUROF,CSD_MOF,ACUROF,2,Cd+Cd,"5,1","TBPY,CN1","N,N,N,O,O,O",,,True,True,True,Cd+Cd|CN:5+1,Cd+Cd|CN:5+1|Shape:TBPY+CN1,Cd+Cd|CN:5+1|Shape:TBPY+CN1|Donors:N+N+N+O+O+O|Bridges:0,88b1408d16ee
MOF_ACURUL,CSD_MOF,ACURUL,1,Ag,4,SP,"N,N,O,O",,,True,True,True,Ag|CN:4,Ag|CN:4|Shape:SP,Ag|CN:4|Shape:SP|Donors:N+N+O+O|Bridges:0,0d448d704df1
MOF_ACURUO,CSD_MOF,ACURUO,4,Cd+Cd+Cd+Cd,"7,7,7,7","PBPY,PBPY,PBPY,PBPY","N,N,N,O,O,O,O,O,O,O,O,O,O,O,O,O,O,O,O,O,O,O,O","mu2-N,mu2-O",,True,True,True,Cd+Cd+Cd+Cd|CN:7+7+7+7,Cd+Cd+Cd+Cd|CN:7+7+7+7|Shape:PBPY+PBPY+PBPY+PBPY,Cd+Cd+Cd+Cd|CN:7+7+7+7|Shape:PBPY+PBPY+PBPY+PBPY|Donors:N+N+N+O+O+O+O+O+O+O+O+O+O+O+O+O+O+O+O+O+O+O+O|Bridges:5,70e6b2141b2b
MOF_ACUSAV,CSD_MOF,ACUSAV,6,Cd+Cd+Cd+Cd+Cd+Cd,"7,7,7,7,1,1","PBPY,PBPY,PBPY,PBPY,CN1,CN1","N,N,N,N,N,N,O,O,O,O,O,O,O,O,O,O,O,O,O,O,O,O,O,O,O,O",mu2-O,,True,True,True,Cd+Cd+Cd+Cd+Cd+Cd|CN:7+7+7+7+1+1,Cd+Cd+Cd+Cd+Cd+Cd|CN:7+7+7+7+1+1|Shape:PBPY+PBPY+PBPY+PBPY+CN1+CN1,Cd+Cd+Cd+Cd+Cd+Cd|CN:7+7+7+7+1+1|Shape:PBPY+PBPY+PBPY+PBPY+CN1+CN1|Donors:N+N+N+N+N+N+O+O+O+O+O+O+O+O+O+O+O+O+O+O+O+O+O+O+O+O|Bridges:4,ec730e1011d9
MOF_ACUSEZ,CSD_MOF,ACUSEZ,2,Zn+Zn,"4,4","SP,SP","N,N,O,O,O,O",mu2-N,,True,True,True,Zn+Zn|CN:4+4,Zn+Zn|CN:4+4|Shape:SP+SP,Zn+Zn|CN:4+4|Shape:SP+SP|Donors:N+N+O+O+O+O|Bridges:1,45017ed5b245
MOF_ACUSID,CSD_MOF,ACUSID,4,Cd+Cd+Cd+Cd,"7,7,7,7","PBPY,PBPY,PBPY,PBPY","N,N,N,N,N,N,N,O,O,O,O,O,O,O,O,O,O","mu2-N,mu4-N,mu4-O",,True,True,True,Cd+Cd+Cd+Cd|CN:7+7+7+7,Cd+Cd+Cd+Cd|CN:7+7+7+7|Shape:PBPY+PBPY+PBPY+PBPY,Cd+Cd+Cd+Cd|CN:7+7+7+7|Shape:PBPY+PBPY+PBPY+PBPY|Donors:N+N+N+N+N+N+N+O+O+O+O+O+O+O+O+O+O|Bridges:5,4a82c20c4958
MOF_ACUTOI,CSD_MOF,ACUTOI,5,Cd+Cd+Cd+Cd+Cd,"7,7,3,1,3","PBPY,PBPY,TP,CN1,TP","N,N,N,O,O,O,O,O,O,O,O,O,O,O,O,O,O,O,O,O,O",,,True,True,True,Cd+Cd+Cd+Cd+Cd|CN:7+7+3+1+3,Cd+Cd+Cd+Cd+Cd|CN:7+7+3+1+3|Shape:PBPY+PBPY+TP+CN1+TP,Cd+Cd+Cd+Cd+Cd|CN:7+7+3+1+3|Shape:PBPY+PBPY+TP+CN1+TP|Donors:N+N+N+O+O+O+O+O+O+O+O+O+O+O+O+O+O+O+O+O+O|Bridges:0,b91a01a5f895
MOF_ACUWEA,CSD_MOF,ACUWEA,1,Cu,6,OC,"Cl,Cl,N,N,O,O",,,True,True,True,Cu|CN:6,Cu|CN:6|Shape:OC,Cu|CN:6|Shape:OC|Donors:Cl+Cl+N+N+O+O|Bridges:0,19df10fa53dd
MOF_ACUWIE,CSD_MOF,ACUWIE,2,Cu+Cu,"6,2","OC,L","Br,Br,N,N,N,O,O,O",,,True,True,True,Cu+Cu|CN:6+2,Cu+Cu|CN:6+2|Shape:OC+L,Cu+Cu|CN:6+2|Shape:OC+L|Donors:Br+Br+N+N+N+O+O+O|Bridges:0,12ebd31c6884
MOF_ACUWIH,CSD_MOF,ACUWIH,2,Mn+Mn,"6,6","OC,OC","N,N,O,O,O,O,O,O",mu2-N,,True,True,True,Mn+Mn|CN:6+6,Mn+Mn|CN:6+6|Shape:OC+OC,Mn+Mn|CN:6+6|Shape:OC+OC|Donors:N+N+O+O+O+O+O+O|Bridges:1,b60228479788
MOF_ACUWON,CSD_MOF,ACUWON,3,Co+Co+Co,"6,6,6","OC,OC,OC","N,N,N,N,O,O,O,O,O,O,O,O","mu2-N,mu2-O",,True,True,True,Co+Co+Co|CN:6+6+6,Co+Co+Co|CN:6+6+6|Shape:OC+OC+OC,Co+Co+Co|CN:6+6+6|Shape:OC+OC+OC|Donors:N+N+N+N+O+O+O+O+O+O+O+O|Bridges:6,1e0c0d6b7f0a
MOF_ACUXAY,CSD_MOF,ACUXAY,7,Mn+Mn+Mn+Mn+Mn+Mn+Mn,"6,6,1,2,1,2,6","OC,OC,CN1,L,CN1,L,OC","N,N,N,N,O,O,O,O,O,O,O,O,O,O,O,O,O,O,O,O,O,O",mu2-O,,True,True,True,Mn+Mn+Mn+Mn+Mn+Mn+Mn|CN:6+6+1+2+1+2+6,Mn+Mn+Mn+Mn+Mn+Mn+Mn|CN:6+6+1+2+1+2+6|Shape:OC+OC+CN1+L+CN1+L+OC,Mn+Mn+Mn+Mn+Mn+Mn+Mn|CN:6+6+1+2+1+2+6|Shape:OC+OC+CN1+L+CN1+L+OC|Donors:N+N+N+N+O+O+O+O+O+O+O+O+O+O+O+O+O+O+O+O+O+O|Bridges:2,258dfed7e477
MOF_ACUXAY01,CSD_MOF,ACUXAY01,3,Mn+Mn+Mn,"6,6,6","OC,OC,OC","N,N,N,O,O,O,O,O,O,O,O,O,O,O","mu2-N,mu2-O",,True,True,True,Mn+Mn+Mn|CN:6+6+6,Mn+Mn+Mn|CN:6+6+6|Shape:OC+OC+OC,Mn+Mn+Mn|CN:6+6+6|Shape:OC+OC+OC|Donors:N+N+N+O+O+O+O+O+O+O+O+O+O+O|Bridges:3,7ae673bb5c68
MOF_ACUXEF,CSD_MOF,ACUXEF,11,W+W+W+W+W+W+W+W+W+W+W,"6,6,6,6,6,6,6,6,6,6,6","OC,OC,OC,OC,OC,OC,OC,OC,OC,OC,OC","O,O,O,O,O,O,O,O,O,O,O,O,O,O,O,O,O,O,O,O,O,O,O,O,O,O,O,O,O,O,O,O,O,O,O,O,O,O,O","mu2-O,mu3-O",,True,True,True,W+W+W+W+W+W+W+W+W+W+W|CN:6+6+6+6+6+6+6+6+6+6+6,W+W+W+W+W+W+W+W+W+W+W|CN:6+6+6+6+6+6+6+6+6+6+6|Shape:OC+OC+OC+OC+OC+OC+OC+OC+OC+OC+OC,W+W+W+W+W+W+W+W+W+W+W|CN:6+6+6+6+6+6+6+6+6+6+6|Shape:OC+OC+OC+OC+OC+OC+OC+OC+OC+OC+OC|Donors:O+O+O+O+O+O+O+O+O+O+O+O+O+O+O+O+O+O+O+O+O+O+O+O+O+O+O+O+O+O+O+O+O+O+O+O+O+O+O|Bridges:24,2f16fee72f8a
MOF_ACUXUU,CSD_MOF,ACUXUU,4,Ag+Ag+Ag+Ag,"4,4,4,4","SP,SP,SP,SP","O,O,O,O,O,O,O,O,O","mu2-O,mu4-O",,True,True,True,Ag+Ag+Ag+Ag|CN:4+4+4+4,Ag+Ag+Ag+Ag|CN:4+4+4+4|Shape:SP+SP+SP+SP,Ag+Ag+Ag+Ag|CN:4+4+4+4|Shape:SP+SP+SP+SP|Donors:O+O+O+O+O+O+O+O+O|Bridges:5,378ed7034728
MOF_ACUYAB,CSD_MOF,ACUYAB,12,Ag+Ag+Ag+Ag+Ag+Ag+Ag+Ag+Ag+Ag+Ag+Ag,"1,3,3,3,3,1,1,1,1,1,1,1","CN1,TP,TP,TP,TP,CN1,CN1,CN1,CN1,CN1,CN1,CN1","O,O,O,O,O,O,O,O,O,O,O,O,O,O",mu2-O,,True,True,True,Ag+Ag+Ag+Ag+Ag+Ag+Ag+Ag+Ag+Ag+Ag+Ag|CN:1+1+1+1+3+3+3+3+1+1+1+1,Ag+Ag+Ag+Ag+Ag+Ag+Ag+Ag+Ag+Ag+Ag+Ag|CN:1+1+1+1+3+3+3+3+1+1+1+1|Shape:CN1+CN1+CN1+CN1+TP+TP+TP+TP+CN1+CN1+CN1+CN1,Ag+Ag+Ag+Ag+Ag+Ag+Ag+Ag+Ag+Ag+Ag+Ag|CN:1+1+1+1+3+3+3+3+1+1+1+1|Shape:CN1+CN1+CN1+CN1+TP+TP+TP+TP+CN1+CN1+CN1+CN1|Donors:O+O+O+O+O+O+O+O+O+O+O+O+O+O|Bridges:6,a83ad281dc9d
MOF_ACYLAG,CSD_MOF,ACYLAG,2,Ag+Ag,"2,2","L,L","O,O,O,O",,,True,True,True,Ag+Ag|CN:2+2,Ag+Ag|CN:2+2|Shape:L+L,Ag+Ag|CN:2+2|Shape:L+L|Donors:O+O+O+O|Bridges:0,4fbe75dec7a5
MOF_ADABAK,CSD_MOF,ADABAK,6,Cu+Cu+Cu+Cu+Cu+Cu,"5,5,2,2,1,1","TBPY,TBPY,L,L,CN1,CN1","N,N,N,N,N,N,N,N,N,N,N,N,O,O,O,O",,,True,True,True,Cu+Cu+Cu+Cu+Cu+Cu|CN:5+5+2+2+1+1,Cu+Cu+Cu+Cu+Cu+Cu|CN:5+5+2+2+1+1|Shape:TBPY+TBPY+L+L+CN1+CN1,Cu+Cu+Cu+Cu+Cu+Cu|CN:5+5+2+2+1+1|Shape:TBPY+TBPY+L+L+CN1+CN1|Donors:N+N+N+N+N+N+N+N+N+N+N+N+O+O+O+O|Bridges:0,1736cb5712ca
MOF_ADABAK01,CSD_MOF,ADABAK01,5,Cu+Cu+Cu+Cu+Cu,"5,5,1,1,1","TBPY,TBPY,CN1,CN1,CN1","N,N,N,N,N,N,N,N,N,N,N,O,O",,,True,True,True,Cu+Cu+Cu+Cu+Cu|CN:5+5+1+1+1,Cu+Cu+Cu+Cu+Cu|CN:5+5+1+1+1|Shape:TBPY+TBPY+CN1+CN1+CN1,Cu+Cu+Cu+Cu+Cu|CN:5+5+1+1+1|Shape:TBPY+TBPY+CN1+CN1+CN1|Donors:N+N+N+N+N+N+N+N+N+N+N+O+O|Bridges:0,011b4e67548a
MOF_ADABEO,CSD_MOF,ADABEO,5,Cu+Cu+Cu+Cu+Cu,"5,5,1,1,1","TBPY,TBPY,CN1,CN1,CN1","N,N,N,N,N,N,N,N,N,N,N,O,O",,,True,True,True,Cu+Cu+Cu+Cu+Cu|CN:5+5+1+1+1,Cu+Cu+Cu+Cu+Cu|CN:5+5+1+1+1|Shape:TBPY+TBPY+CN1+CN1+CN1,Cu+Cu+Cu+Cu+Cu|CN:5+5+1+1+1|Shape:TBPY+TBPY+CN1+CN1+CN1|Donors:N+N+N+N+N+N+N+N+N+N+N+O+O|Bridges:0,011b4e67548a
MOF_ADABIS,CSD_MOF,ADABIS,6,Cu+Cu+Cu+Cu+Cu+Cu,"5,5,2,2,1,1","TBPY,TBPY,L,L,CN1,CN1","N,N,N,N,N,N,N,N,N,N,N,N,O,O,O,O",,,True,True,True,Cu+Cu+Cu+Cu+Cu+Cu|CN:5+5+2+2+1+1,Cu+Cu+Cu+Cu+Cu+Cu|CN:5+5+2+2+1+1|Shape:TBPY+TBPY+L+L+CN1+CN1,Cu+Cu+Cu+Cu+Cu+Cu|CN:5+5+2+2+1+1|Shape:TBPY+TBPY+L+L+CN1+CN1|Donors:N+N+N+N+N+N+N+N+N+N+N+N+O+O+O+O|Bridges:0,1736cb5712ca
MOF_ADABIU,CSD_MOF,ADABIU,3,Zr+Zr+Zr,"8,8,8","CU,CU,CU","O,O,O,O,O,O,O,O,O","mu2-O,mu3-O",,True,True,True,Zr+Zr+Zr|CN:8+8+8,Zr+Zr+Zr|CN:8+8+8|Shape:CU+CU+CU,Zr+Zr+Zr|CN:8+8+8|Shape:CU+CU+CU|Donors:O+O+O+O+O+O+O+O+O|Bridges:3,f368a9d2ef83
MOF_ADABOA,CSD_MOF,ADABOA,3,Zr+Zr+Zr,"8,8,8","CU,CU,CU","O,O,O,O,O,O,O,O,O,O","mu2-O,mu3-O",,True,True,True,Zr+Zr+Zr|CN:8+8+8,Zr+Zr+Zr|CN:8+8+8|Shape:CU+CU+CU,Zr+Zr+Zr|CN:8+8+8|Shape:CU+CU+CU|Donors:O+O+O+O+O+O+O+O+O+O|Bridges:4,66c1c28a6179
MOF_ADABUE,CSD_MOF,ADABUE,6,Cu+Cu+Cu+Cu+Cu+Cu,"5,5,2,2,1,1","TBPY,TBPY,L,L,CN1,CN1","N,N,N,N,N,N,N,N,N,N,N,N,O,O,O,O",,,True,True,True,Cu+Cu+Cu+Cu+Cu+Cu|CN:5+5+2+2+1+1,Cu+Cu+Cu+Cu+Cu+Cu|CN:5+5+2+2+1+1|Shape:TBPY+TBPY+L+L+CN1+CN1,Cu+Cu+Cu+Cu+Cu+Cu|CN:5+5+2+2+1+1|Shape:TBPY+TBPY+L+L+CN1+CN1|Donors:N+N+N+N+N+N+N+N+N+N+N+N+O+O+O+O|Bridges:0,1736cb5712ca
MOF_ADABUG,CSD_MOF,ADABUG,3,Zr+Zr+Zr,"8,8,8","CU,CU,CU","O,O,O,O,O,O,O,O,O","mu2-O,mu3-O",,True,True,True,Zr+Zr+Zr|CN:8+8+8,Zr+Zr+Zr|CN:8+8+8|Shape:CU+CU+CU,Zr+Zr+Zr|CN:8+8+8|Shape:CU+CU+CU|Donors:O+O+O+O+O+O+O+O+O|Bridges:3,f368a9d2ef83
MOF_ADADEP,CSD_MOF,ADADEP,1,Ni,6,OC,"N,N,N,N,N,N",,,True,True,True,Ni|CN:6,Ni|CN:6|Shape:OC,Ni|CN:6|Shape:OC|Donors:N+N+N+N+N+N|Bridges:0,355266bd863c
MOF_ADADIT,CSD_MOF,ADADIT,1,Ni,6,OC,"N,N,N,N,N,N",,,True,True,True,Ni|CN:6,Ni|CN:6|Shape:OC,Ni|CN:6|Shape:OC|Donors:N+N+N+N+N+N|Bridges:0,355266bd863c
MOF_ADADOZ,CSD_MOF,ADADOZ,1,Ag,4,SP,"N,N,N,N",,,True,True,True,Ag|CN:4,Ag|CN:4|Shape:SP,Ag|CN:4|Shape:SP|Donors:N+N+N+N|Bridges:0,f0e5194ad6f1
MOF_ADAFAN,CSD_MOF,ADAFAN,2,Zn+Zn,"6,6","OC,OC","N,N,N,N,N,N,N,N,O,O,O,O",,,True,True,True,Zn+Zn|CN:6+6,Zn+Zn|CN:6+6|Shape:OC+OC,Zn+Zn|CN:6+6|Shape:OC+OC|Donors:N+N+N+N+N+N+N+N+O+O+O+O|Bridges:0,aaf420ce3b5d
MOF_ADAFAN01,CSD_MOF,ADAFAN01,2,Zn+Zn,"6,6","OC,OC","N,N,N,N,N,N,N,N,O,O,O,O",,,True,True,True,Zn+Zn|CN:6+6,Zn+Zn|CN:6+6|Shape:OC+OC,Zn+Zn|CN:6+6|Shape:OC+OC|Donors:N+N+N+N+N+N+N+N+O+O+O+O|Bridges:0,aaf420ce3b5d
MOF_ADAFER,CSD_MOF,ADAFER,5,Pt+Rh+Rh+Rh+Rh,"4,5,5,5,5","SP,TBPY,TBPY,TBPY,TBPY","Cl,Cl,Cl,Cl,N,N,N,N,N,N,N,N,O,O,O,O,O,O,O,O,O,O",mu2-Cl,,True,True,True,Pt+Rh+Rh+Rh+Rh|CN:4+5+5+5+5,Pt+Rh+Rh+Rh+Rh|CN:4+5+5+5+5|Shape:SP+TBPY+TBPY+TBPY+TBPY,Pt+Rh+Rh+Rh+Rh|CN:4+5+5+5+5|Shape:SP+TBPY+TBPY+TBPY+TBPY|Donors:Cl+Cl+Cl+Cl+N+N+N+N+N+N+N+N+O+O+O+O+O+O+O+O+O+O|Bridges:2,eb303429569a
MOF_ADAFIV,CSD_MOF,ADAFIV,5,Pd+Rh+Rh+Rh+Rh,"4,5,5,5,5","SP,TBPY,TBPY,TBPY,TBPY","Cl,Cl,Cl,Cl,N,N,N,N,N,N,N,N,O,O,O,O,O,O,O,O,O,O",mu2-Cl,,True,True,True,Pd+Rh+Rh+Rh+Rh|CN:4+5+5+5+5,Pd+Rh+Rh+Rh+Rh|CN:4+5+5+5+5|Shape:SP+TBPY+TBPY+TBPY+TBPY,Pd+Rh+Rh+Rh+Rh|CN:4+5+5+5+5|Shape:SP+TBPY+TBPY+TBPY+TBPY|Donors:Cl+Cl+Cl+Cl+N+N+N+N+N+N+N+N+O+O+O+O+O+O+O+O+O+O|Bridges:2,b6dc14e75287
MOF_ADAFOB,CSD_MOF,ADAFOB,5,Pd+Rh+Rh+Rh+Rh,"4,5,5,0,4","SP,TBPY,TBPY,CN0,SP","Cl,Cl,Cl,N,N,N,N,N,N,O,O,O,O,O,O,O",mu2-Cl,,True,True,True,Pd+Rh+Rh+Rh+Rh|CN:4+5+5+0+4,Pd+Rh+Rh+Rh+Rh|CN:4+5+5+0+4|Shape:SP+TBPY+TBPY+CN0+SP,Pd+Rh+Rh+Rh+Rh|CN:4+5+5+0+4|Shape:SP+TBPY+TBPY+CN0+SP|Donors:Cl+Cl+Cl+N+N+N+N+N+N+O+O+O+O+O+O+O|Bridges:2,9d0cb003d126
MOF_ADALID,CSD_MOF,ADALID,6,Cu+Cu+Cu+Cu+Cu+Cu,"5,5,5,5,5,5","TBPY,TBPY,TBPY,TBPY,TBPY,TBPY","O,O,O,O,O,O,O,O,O,O,O,O,O,O",mu3-O,,True,True,True,Cu+Cu+Cu+Cu+Cu+Cu|CN:5+5+5+5+5+5,Cu+Cu+Cu+Cu+Cu+Cu|CN:5+5+5+5+5+5|Shape:TBPY+TBPY+TBPY+TBPY+TBPY+TBPY,Cu+Cu+Cu+Cu+Cu+Cu|CN:5+5+5+5+5+5|Shape:TBPY+TBPY+TBPY+TBPY+TBPY+TBPY|Donors:O+O+O+O+O+O+O+O+O+O+O+O+O+O|Bridges:2,a223dc018f57
MOF_ADAMIC,CSD_MOF,ADAMIC,2,Cu+Cu,"6,2","OC,L","N,N,O,O,O,O,O,O",,,True,True,True,Cu+Cu|CN:6+2,Cu+Cu|CN:6+2|Shape:OC+L,Cu+Cu|CN:6+2|Shape:OC+L|Donors:N+N+O+O+O+O+O+O|Bridges:0,332665ce1675
MOF_ADAQAA,CSD_MOF,ADAQAA,3,Zr+Zr+Zr,"8,8,8","CU,CU,CU","O,O,O,O,O,O,O,O,O,O,O,O","mu2-O,mu3-O",,True,True,True,Zr+Zr+Zr|CN:8+8+8,Zr+Zr+Zr|CN:8+8+8|Shape:CU+CU+CU,Zr+Zr+Zr|CN:8+8+8|Shape:CU+CU+CU|Donors:O+O+O+O+O+O+O+O+O+O+O+O|Bridges:6,1eb6678704d8
MOF_ADAQEB,CSD_MOF,ADAQEB,2,Cu+Cu,"6,1","OC,CN1","N,N,N,O,O,O,O",,,True,True,True,Cu+Cu|CN:6+1,Cu+Cu|CN:6+1|Shape:OC+CN1,Cu+Cu|CN:6+1|Shape:OC+CN1|Donors:N+N+N+O+O+O+O|Bridges:0,07187d062158
MOF_ADAQEB01,CSD_MOF,ADAQEB01,2,Cu+Cu,"6,1","OC,CN1","N,N,N,O,O,O,O",,,True,True,True,Cu+Cu|CN:6+1,Cu+Cu|CN:6+1|Shape:OC+CN1,Cu+Cu|CN:6+1|Shape:OC+CN1|Donors:N+N+N+O+O+O+O|Bridges:0,07187d062158
MOF_ADAQII,CSD_MOF,ADAQII,1,Ag,4,SP,"N,O,O",,,True,True,True,Ag|CN:4,Ag|CN:4|Shape:SP,Ag|CN:4|Shape:SP|Donors:N+O+O|Bridges:0,a41c47b86491
MOF_ADARAA,CSD_MOF,ADARAA,8,Co+Co+Co+Co+Co+Co+Co+Co,"6,6,5,2,1,1,1,1","OC,OC,TBPY,L,CN1,CN1,CN1,CN1","N,N,N,N,O,O,O,O,O,O,O,O,O,O,O,O,O,O,O,O,O",mu2-O,,True,True,True,Co+Co+Co+Co+Co+Co+Co+Co|CN:6+6+5+2+1+1+1+1,Co+Co+Co+Co+Co+Co+Co+Co|CN:6+6+5+2+1+1+1+1|Shape:OC+OC+TBPY+L+CN1+CN1+CN1+CN1,Co+Co+Co+Co+Co+Co+Co+Co|CN:6+6+5+2+1+1+1+1|Shape:OC+OC+TBPY+L+CN1+CN1+CN1+CN1|Donors:N+N+N+N+O+O+O+O+O+O+O+O+O+O+O+O+O+O+O+O+O|Bridges:2,88af936d02a1
MOF_ADARAC,CSD_MOF,ADARAC,9,Cu+Cu+Cu+Mo+Mo+Mo+Mo+Mo+Mo,"6,6,6,6,6,6,6,6,6","OC,OC,OC,OC,OC,OC,OC,OC,OC","N,O,O,O,O,O,O,O,O,O,O,O,O,O,O,O,O,O,O,O,O,O,O,O,O,O,O,O,O,O,O,O,O,O,O,O,O,O",mu2-O,,True,True,True,Cu+Cu+Cu+Mo+Mo+Mo+Mo+Mo+Mo|CN:6+6+6+6+6+6+6+6+6,Cu+Cu+Cu+Mo+Mo+Mo+Mo+Mo+Mo|CN:6+6+6+6+6+6+6+6+6|Shape:OC+OC+OC+OC+OC+OC+OC+OC+OC,Cu+Cu+Cu+Mo+Mo+Mo+Mo+Mo+Mo|CN:6+6+6+6+6+6+6+6+6|Shape:OC+OC+OC+OC+OC+OC+OC+OC+OC|Donors:N+O+O+O+O+O+O+O+O+O+O+O+O+O+O+O+O+O+O+O+O+O+O+O+O+O+O+O+O+O+O+O+O+O+O+O+O+O|Bridges:14,b4e663a9f044
MOF_ADASEF,CSD_MOF,ADASEF,12,Cu+Cu+Cu+Cu+Cu+Cu+Cu+Cu+Cu+Cu+Cu+Cu,"5,5,4,5,5,4,4,5,5,4,4,4","TBPY,TBPY,SP,TBPY,TBPY,SP,SP,TBPY,TBPY,SP,SP,SP","N,N,N,N,N,N,O,O,O,O,O,O,O,O,O,O,O,O,O,O,O,O,O,O,O,O,O,O,O,O,O,O,O,O,O,O,O,O","mu3-O,mu5-O,mu6-N",,True,True,True,Cu+Cu+Cu+Cu+Cu+Cu+Cu+Cu+Cu+Cu+Cu+Cu|CN:5+4+4+4+5+4+5+5+4+4+5+5,Cu+Cu+Cu+Cu+Cu+Cu+Cu+Cu+Cu+Cu+Cu+Cu|CN:5+4+4+4+5+4+5+5+4+4+5+5|Shape:TBPY+SP+SP+SP+TBPY+SP+TBPY+TBPY+SP+SP+TBPY+TBPY,Cu+Cu+Cu+Cu+Cu+Cu+Cu+Cu+Cu+Cu+Cu+Cu|CN:5+4+4+4+5+4+5+5+4+4+5+5|Shape:TBPY+SP+SP+SP+TBPY+SP+TBPY+TBPY+SP+SP+TBPY+TBPY|Donors:N+N+N+N+N+N+O+O+O+O+O+O+O+O+O+O+O+O+O+O+O+O+O+O+O+O+O+O+O+O+O+O+O+O+O+O+O+O|Bridges:4,556636d684bd
MOF_ADASUW,CSD_MOF,ADASUW,1,Ag,4,SP,"N,N,N,O",,,True,True,True,Ag|CN:4,Ag|CN:4|Shape:SP,Ag|CN:4|Shape:SP|Donors:N+N+N+O|Bridges:0,d0456e949337
MOF_ADATAD,CSD_MOF,ADATAD,1,Ag,3,TP,"N,N,N",,,True,True,True,Ag|CN:3,Ag|CN:3|Shape:TP,Ag|CN:3|Shape:TP|Donors:N+N+N|Bridges:0,712360d0c76b
MOF_ADATEH,CSD_MOF,ADATEH,1,Ag,3,TP,"N,N,N",,,True,True,True,Ag|CN:3,Ag|CN:3|Shape:TP,Ag|CN:3|Shape:TP|Donors:N+N+N|Bridges:0,712360d0c76b
MOF_ADATOQ,CSD_MOF,ADATOQ,3,Ag+Ag+Ag,"4,4,4","SP,SP,SP","N,N,N,N,N,N,N,N",mu2-N,,True,True,True,Ag+Ag+Ag|CN:4+4+4,Ag+Ag+Ag|CN:4+4+4|Shape:SP+SP+SP,Ag+Ag+Ag|CN:4+4+4|Shape:SP+SP+SP|Donors:N+N+N+N+N+N+N+N|Bridges:2,122f29c57e1a
MOF_ADATUW,CSD_MOF,ADATUW,3,Ag+Ag+Ag,"4,2,2","SP,L,L","N,N,N,N,N,N,N,N",,,True,True,True,Ag+Ag+Ag|CN:4+2+2,Ag+Ag+Ag|CN:4+2+2|Shape:SP+L+L,Ag+Ag+Ag|CN:4+2+2|Shape:SP+L+L|Donors:N+N+N+N+N+N+N+N|Bridges:0,f65548dbd859
MOF_ADAVAD,CSD_MOF,ADAVAD,5,Cu+Cu+Cu+Cu+Cu,"6,5,6,1,5","OC,TBPY,OC,CN1,TBPY","N,N,N,N,O,O,O,O,O,O,O,O,O,O,O,O,O,O,O,O,O",mu2-O,,True,True,True,Cu+Cu+Cu+Cu+Cu|CN:6+5+6+1+5,Cu+Cu+Cu+Cu+Cu|CN:6+5+6+1+5|Shape:OC+TBPY+OC+CN1+TBPY,Cu+Cu+Cu+Cu+Cu|CN:6+5+6+1+5|Shape:OC+TBPY+OC+CN1+TBPY|Donors:N+N+N+N+O+O+O+O+O+O+O+O+O+O+O+O+O+O+O+O+O|Bridges:2,e479e2c5ffb7
MOF_ADAVAE,CSD_MOF,ADAVAE,3,Ag+Ag+Ag,"4,2,2","SP,L,L","N,N,N,N,N,N,N,N",,,True,True,True,Ag+Ag+Ag|CN:4+2+2,Ag+Ag+Ag|CN:4+2+2|Shape:SP+L+L,Ag+Ag+Ag|CN:4+2+2|Shape:SP+L+L|Donors:N+N+N+N+N+N+N+N|Bridges:0,f65548dbd859
MOF_ADAVEI,CSD_MOF,ADAVEI,3,Ag+Ag+Ag,"4,4,4","SP,SP,SP","N,N,N,N,N,N,N,N",mu2-N,,True,True,True,Ag+Ag+Ag|CN:4+4+4,Ag+Ag+Ag|CN:4+4+4|Shape:SP+SP+SP,Ag+Ag+Ag|CN:4+4+4|Shape:SP+SP+SP|Donors:N+N+N+N+N+N+N+N|Bridges:2,122f29c57e1a
MOF_ADAVIM,CSD_MOF,ADAVIM,3,Ag+Ag+Ag,"4,4,4","SP,SP,SP","N,N,N,N,N,N,N,N",mu2-N,,True,True,True,Ag+Ag+Ag|CN:4+4+4,Ag+Ag+Ag|CN:4+4+4|Shape:SP+SP+SP,Ag+Ag+Ag|CN:4+4+4|Shape:SP+SP+SP|Donors:N+N+N+N+N+N+N+N|Bridges:2,122f29c57e1a
MOF_ADAWOS,CSD_MOF,ADAWOS,2,Ag+Ag,"2,2","L,L","N,N,N,N",,,True,True,True,Ag+Ag|CN:2+2,Ag+Ag|CN:2+2|Shape:L+L,Ag+Ag|CN:2+2|Shape:L+L|Donors:N+N+N+N|Bridges:0,5ef112afa3f4
MOF_ADAXEK,CSD_MOF,ADAXEK,4,Co+Co+Co+Co,"6,6,1,1","OC,OC,CN1,CN1","O,O,O,O,O,O,O,O,O,O,O",mu2-O,,True,True,True,Co+Co+Co+Co|CN:6+6+1+1,Co+Co+Co+Co|CN:6+6+1+1|Shape:OC+OC+CN1+CN1,Co+Co+Co+Co|CN:6+6+1+1|Shape:OC+OC+CN1+CN1|Donors:O+O+O+O+O+O+O+O+O+O+O|Bridges:3,266cadd406f9
MOF_ADAXIO,CSD_MOF,ADAXIO,9,Co+Co+Co+Co+Co+Co+Co+Co+Co,"6,6,1,1,1,1,1,1,2","OC,OC,CN1,CN1,CN1,CN1,CN1,CN1,L","O,O,O,O,O,O,O,O,O,O,O,O,O,O,O,O,O",mu2-O,,True,True,True,Co+Co+Co+Co+Co+Co+Co+Co+Co|CN:6+6+1+1+1+1+1+1+2,Co+Co+Co+Co+Co+Co+Co+Co+Co|CN:6+6+1+1+1+1+1+1+2|Shape:OC+OC+CN1+CN1+CN1+CN1+CN1+CN1+L,Co+Co+Co+Co+Co+Co+Co+Co+Co|CN:6+6+1+1+1+1+1+1+2|Shape:OC+OC+CN1+CN1+CN1+CN1+CN1+CN1+L|Donors:O+O+O+O+O+O+O+O+O+O+O+O+O+O+O+O+O|Bridges:3,419a29687dc9
MOF_ADAXIP,CSD_MOF,ADAXIP,2,Cu+Cu,"5,5","TBPY,TBPY","N,N,N,N,O,O,O,O,O,O",,,True,True,True,Cu+Cu|CN:5+5,Cu+Cu|CN:5+5|Shape:TBPY+TBPY,Cu+Cu|CN:5+5|Shape:TBPY+TBPY|Donors:N+N+N+N+O+O+O+O+O+O|Bridges:0,fd75a0c1ad4f
MOF_ADAXOV,CSD_MOF,ADAXOV,1,Cu,6,OC,"N,N,O,O,O,O",,,True,True,True,Cu|CN:6,Cu|CN:6|Shape:OC,Cu|CN:6|Shape:OC|Donors:N+N+O+O+O+O|Bridges:0,29772fb9f834
MOF_ADAXUB,CSD_MOF,ADAXUB,1,Co,6,OC,"N,N,N,N,O,O",,,True,True,True,Co|CN:6,Co|CN:6|Shape:OC,Co|CN:6|Shape:OC|Donors:N+N+N+N+O+O|Bridges:0,fb08fb86261f
MOF_ADAYAG,CSD_MOF,ADAYAG,4,Cd+Cd+Cd+Cd,"6,1,6,1","OC,CN1,OC,CN1","N,N,N,N,N,N,S,S,S,S,S,S,S,S",,,True,True,True,Cd+Cd+Cd+Cd|CN:6+1+6+1,Cd+Cd+Cd+Cd|CN:6+1+6+1|Shape:OC+CN1+OC+CN1,Cd+Cd+Cd+Cd|CN:6+1+6+1|Shape:OC+CN1+OC+CN1|Donors:N+N+N+N+N+N+S+S+S+S+S+S+S+S|Bridges:0,4590ff4bb6bc
MOF_ADECAQ,CSD_MOF,ADECAQ,2,Zn+Zn,"6,6","OC,OC","N,N,O,O,O,O,O,O,O,O,O,O",,,True,True,True,Zn+Zn|CN:6+6,Zn+Zn|CN:6+6|Shape:OC+OC,Zn+Zn|CN:6+6|Shape:OC+OC|Donors:N+N+O+O+O+O+O+O+O+O+O+O|Bridges:0,e83425c612a7
MOF_ADECEU,CSD_MOF,ADECEU,4,Zn+Zn+Zn+Zn,"4,4,4,4","SP,SP,SP,SP","N,N,N,N,N,N,N,N,O,O,O,O,O,O,O,O",,,True,True,True,Zn+Zn+Zn+Zn|CN:4+4+4+4,Zn+Zn+Zn+Zn|CN:4+4+4+4|Shape:SP+SP+SP+SP,Zn+Zn+Zn+Zn|CN:4+4+4+4|Shape:SP+SP+SP+SP|Donors:N+N+N+N+N+N+N+N+O+O+O+O+O+O+O+O|Bridges:0,eb2947ee4062
MOF_ADEDET,CSD_MOF,ADEDET,3,Cd+Cd+Cd,"6,1,2","OC,CN1,L","N,N,O,O,O,O,O,O,O",,,True,True,True,Cd+Cd+Cd|CN:6+1+2,Cd+Cd+Cd|CN:6+1+2|Shape:OC+CN1+L,Cd+Cd+Cd|CN:6+1+2|Shape:OC+CN1+L|Donors:N+N+O+O+O+O+O+O+O|Bridges:0,a87cda1e34f2
MOF_ADEFAS,CSD_MOF,ADEFAS,2,Cu+Cu,"5,5","TBPY,TBPY","N,N,N,N,N,N,N,N,O,O",,,True,True,True,Cu+Cu|CN:5+5,Cu+Cu|CN:5+5|Shape:TBPY+TBPY,Cu+Cu|CN:5+5|Shape:TBPY+TBPY|Donors:N+N+N+N+N+N+N+N+O+O|Bridges:0,b471e8529b41
MOF_ADEFEW,CSD_MOF,ADEFEW,2,Cu+Cu,"5,5","TBPY,TBPY","N,N,N,N,N,N,N,N,O,O",,,True,True,True,Cu+Cu|CN:5+5,Cu+Cu|CN:5+5|Shape:TBPY+TBPY,Cu+Cu|CN:5+5|Shape:TBPY+TBPY|Donors:N+N+N+N+N+N+N+N+O+O|Bridges:0,b471e8529b41
MOF_ADEFOG,CSD_MOF,ADEFOG,2,Cu+Cu,"5,5","TBPY,TBPY","N,N,N,N,N,N,N,N,O,O",,,True,True,True,Cu+Cu|CN:5+5,Cu+Cu|CN:5+5|Shape:TBPY+TBPY,Cu+Cu|CN:5+5|Shape:TBPY+TBPY|Donors:N+N+N+N+N+N+N+N+O+O|Bridges:0,b471e8529b41
MOF_ADEGAU,CSD_MOF,ADEGAU,2,Mn+Ni,"4,6","SP,OC","C,C,C,C,N,N,N,N,O,O",,,True,True,True,Mn+Ni|CN:4+6,Mn+Ni|CN:4+6|Shape:SP+OC,Mn+Ni|CN:4+6|Shape:SP+OC|Donors:C+C+C+C+N+N+N+N+O+O|Bridges:0,364bc4037a11
MOF_ADEGEY,CSD_MOF,ADEGEY,2,Cd+Cd,"7,7","PBPY,PBPY","Cl,Cl,O,O,O,O,O,O,O,O,O,O,O,O",,,True,True,True,Cd+Cd|CN:7+7,Cd+Cd|CN:7+7|Shape:PBPY+PBPY,Cd+Cd|CN:7+7|Shape:PBPY+PBPY|Donors:Cl+Cl+O+O+O+O+O+O+O+O+O+O+O+O|Bridges:0,1b9867e4a785
MOF_ADEGOG,CSD_MOF,ADEGOG,2,Zn+Zn,"6,1","OC,CN1","N,N,N,O,O,O,O",,,True,True,True,Zn+Zn|CN:6+1,Zn+Zn|CN:6+1|Shape:OC+CN1,Zn+Zn|CN:6+1|Shape:OC+CN1|Donors:N+N+N+O+O+O+O|Bridges:0,9b0adc066740
MOF_ADEHID,CSD_MOF,ADEHID,2,Mn+Mn,"6,3","OC,TP","Cl,Cl,Cl,Cl,Cl,Cl",mu2-Cl,,True,True,True,Mn+Mn|CN:6+3,Mn+Mn|CN:6+3|Shape:OC+TP,Mn+Mn|CN:6+3|Shape:OC+TP|Donors:Cl+Cl+Cl+Cl+Cl+Cl|Bridges:3,6f8c01cbf651
MOF_ADEHID01,CSD_MOF,ADEHID01,2,Mn+Mn,"6,6","OC,OC","Cl,Cl,Cl,Cl,Cl,Cl",mu2-Cl,,True,True,True,Mn+Mn|CN:6+6,Mn+Mn|CN:6+6|Shape:OC+OC,Mn+Mn|CN:6+6|Shape:OC+OC|Donors:Cl+Cl+Cl+Cl+Cl+Cl|Bridges:6,b23118d63c8b
MOF_ADEJEA,CSD_MOF,ADEJEA,3,Cu+Cu+Cu,"5,5,1","TBPY,TBPY,CN1","N,N,N,O,O,O,O,O,O,O,O",,,True,True,True,Cu+Cu+Cu|CN:5+5+1,Cu+Cu+Cu|CN:5+5+1|Shape:TBPY+TBPY+CN1,Cu+Cu+Cu|CN:5+5+1|Shape:TBPY+TBPY+CN1|Donors:N+N+N+O+O+O+O+O+O+O+O|Bridges:0,e404439dd2f0
MOF_ADEJEZ,CSD_MOF,ADEJEZ,2,Hg+Hg,"5,2","TBPY,L","Cl,Cl,Cl,Cl",mu2-Cl,,True,True,True,Hg+Hg|CN:5+2,Hg+Hg|CN:5+2|Shape:TBPY+L,Hg+Hg|CN:5+2|Shape:TBPY+L|Donors:Cl+Cl+Cl+Cl|Bridges:2,0b8ac32ded77
MOF_ADENUV,CSD_MOF,ADENUV,1,Co,6,OC,"N,O,O,O,O",,,True,True,True,Co|CN:6,Co|CN:6|Shape:OC,Co|CN:6|Shape:OC|Donors:N+O+O+O+O|Bridges:0,69989b9b2b14
MOF_ADEPAD,CSD_MOF,ADEPAD,1,Co,6,OC,"N,O,O,O,O",,,True,True,True,Co|CN:6,Co|CN:6|Shape:OC,Co|CN:6|Shape:OC|Donors:N+O+O+O+O|Bridges:0,69989b9b2b14
