mof_node_id,mof_source_id,molecular_record_id,molecular_refcode,match_rank,homology_score,metal_score,donor_set_score,CN_score,shape_similarity,bridge_or_haptic_score,topology_score,stereo_or_relation_score,match_level
MOF_ABACUF,ABACUF,MONO_ACUEAC,ACUEAC,1,1.0,1.0,1.0,1.0,1.0,1.0,1.0,1.0,L3_collision
MOF_ABACUF,ABACUF,MONO_AFEXUG,AFEXUG,2,1.0,1.0,1.0,1.0,1.0,1.0,1.0,1.0,L3_collision
MOF_ABACUF,ABACUF,MONO_ABCOPD,ABCOPD,3,0.85,1.0,0.5,1.0,1.0,1.0,1.0,0.5,weak_match
MOF_ABACUF,ABACUF,MONO_ACAJUM,ACAJUM,4,0.85,1.0,0.5,1.0,1.0,1.0,1.0,0.5,weak_match
MOF_ABACUF,ABACUF,MONO_ACARAX,ACARAX,5,0.85,1.0,0.5,1.0,1.0,1.0,1.0,0.5,weak_match
MOF_ABACUF01,ABACUF01,MONO_ACUEAC,ACUEAC,1,1.0,1.0,1.0,1.0,1.0,1.0,1.0,1.0,L3_collision
MOF_ABACUF01,ABACUF01,MONO_AFEXUG,AFEXUG,2,1.0,1.0,1.0,1.0,1.0,1.0,1.0,1.0,L3_collision
MOF_ABACUF01,ABACUF01,MONO_ABCOPD,ABCOPD,3,0.85,1.0,0.5,1.0,1.0,1.0,1.0,0.5,weak_match
MOF_ABACUF01,ABACUF01,MONO_ACAJUM,ACAJUM,4,0.85,1.0,0.5,1.0,1.0,1.0,1.0,0.5,weak_match
MOF_ABACUF01,ABACUF01,MONO_ACARAX,ACARAX,5,0.85,1.0,0.5,1.0,1.0,1.0,1.0,0.5,weak_match
MOF_ABADUG,ABADUG,MULTI_ACENOL,ACENOL,1,0.7222,1.0,0.8667,0.8611,0.1667,0.0,0.5,0.5,relaxed_donor_geometry_match
MOF_ABADUG,ABADUG,MULTI_ACOQOY,ACOQOY,2,0.6663,1.0,0.125,0.8,0.0,1.0,1.0,0.5,weak_match
MOF_ABADUG,ABADUG,MULTI_ACEXUB,ACEXUB,3,0.585,0.8,0.6,0.5,0.0,1.0,0.1,0.5,relaxed_donor_geometry_match
MOF_ABADUG,ABADUG,MULTI_ADONIR,ADONIR,4,0.5821,0.0,0.4286,1.0,1.0,1.0,1.0,0.5,weak_match
MOF_ABADUG,ABADUG,MULTI_ACACCR08,ACACCR08,5,0.5345,0.0,0.5714,0.8333,0.0,1.0,1.0,0.5,weak_match
MOF_ABAFUH,ABAFUH,MONO_ACACCU,ACACCU,1,0.77,0.8,1.0,0.5,0.0,1.0,0.7,1.0,bridge_topology_match
MOF_ABAFUH,ABAFUH,MONO_ACACCU01,ACACCU01,2,0.77,0.8,1.0,0.5,0.0,1.0,0.7,1.0,bridge_topology_match
MOF_ABAFUH,ABAFUH,MONO_ACACCU02,ACACCU02,3,0.77,0.8,1.0,0.5,0.0,1.0,0.7,1.0,bridge_topology_match
MOF_ABAFUH,ABAFUH,MONO_ACACCU03,ACACCU03,4,0.77,0.8,1.0,0.5,0.0,1.0,0.7,1.0,bridge_topology_match
MOF_ABAFUH,ABAFUH,MONO_ACACCU04,ACACCU04,5,0.77,0.8,1.0,0.5,0.0,1.0,0.7,1.0,bridge_topology_match
MOF_ABAGAO,ABAGAO,MONO_ABUWOK,ABUWOK,1,1.0,1.0,1.0,1.0,1.0,1.0,1.0,1.0,L3_collision
MOF_ABAGAO,ABAGAO,MONO_ABASOM,ABASOM,2,0.9036,1.0,0.7143,1.0,1.0,1.0,1.0,0.5,bridge_topology_match
MOF_ABAGAO,ABAGAO,MONO_ABATAZ,ABATAZ,3,0.9036,1.0,0.7143,1.0,1.0,1.0,1.0,0.5,bridge_topology_match
MOF_ABAGAO,ABAGAO,MONO_ABCOPD,ABCOPD,4,0.9036,1.0,0.7143,1.0,1.0,1.0,1.0,0.5,bridge_topology_match
MOF_ABAGAO,ABAGAO,MONO_ABIPOS,ABIPOS,5,0.9036,1.0,0.7143,1.0,1.0,1.0,1.0,0.5,bridge_topology_match
MOF_ABALOF,ABALOF,MULTI_ACAROM,ACAROM,1,0.6345,1.0,0.0714,1.0,1.0,0.25,0.6667,0.5,weak_match
MOF_ABALOF,ABALOF,MULTI_ACURAV,ACURAV,2,0.63,0.8,0.8,0.5,0.0,0.35,0.7,0.5,relaxed_donor_geometry_match
MOF_ABALOF,ABALOF,MULTI_ACURAV01,ACURAV01,3,0.63,0.8,0.8,0.5,0.0,0.35,0.7,0.5,relaxed_donor_geometry_match
MOF_ABALOF,ABALOF,MULTI_ACIPIN,ACIPIN,4,0.5904,0.8,0.375,0.6667,0.6667,0.35,0.7,0.5,weak_match
MOF_ABALOF,ABALOF,MULTI_ADIGUS,ADIGUS,5,0.5804,0.8,0.375,0.6667,0.6667,0.25,0.7,0.5,weak_match
MOF_ABALUO,ABALUO,MONO_ABCOPD,ABCOPD,1,1.0,1.0,1.0,1.0,1.0,1.0,1.0,1.0,L3_collision
MOF_ABALUO,ABALUO,MONO_ACAJUM,ACAJUM,2,1.0,1.0,1.0,1.0,1.0,1.0,1.0,1.0,L3_collision
MOF_ABALUO,ABALUO,MONO_ACARAX,ACARAX,3,1.0,1.0,1.0,1.0,1.0,1.0,1.0,1.0,L3_collision
MOF_ABALUO,ABALUO,MONO_ACEJAU,ACEJAU,4,1.0,1.0,1.0,1.0,1.0,1.0,1.0,1.0,L3_collision
MOF_ABALUO,ABALUO,MONO_ACEJAU01,ACEJAU01,5,1.0,1.0,1.0,1.0,1.0,1.0,1.0,1.0,L3_collision
MOF_ABAMIC,ABAMIC,MULTI_ADIFOI,ADIFOI,1,0.8417,1.0,0.4667,1.0,1.0,1.0,1.0,0.5,weak_match
MOF_ABAMIC,ABAMIC,MULTI_ABOZUP,ABOZUP,2,0.8167,1.0,0.5333,0.9167,0.5,1.0,1.0,0.5,weak_match
MOF_ABAMIC,ABAMIC,MULTI_ADUQAU,ADUQAU,3,0.7716,1.0,0.3529,0.9167,0.5,1.0,1.0,0.5,weak_match
MOF_ABAMIC,ABAMIC,MULTI_ACELIH,ACELIH,4,0.736,1.0,0.2105,0.9167,0.5,1.0,1.0,0.5,weak_match
MOF_ABAMIC,ABAMIC,MULTI_ADIVER,ADIVER,5,0.7096,1.0,0.1053,0.9167,0.5,1.0,1.0,0.5,weak_match
MOF_ABAMOI,ABAMOI,MONO_ABCOPD,ABCOPD,1,0.9333,1.0,0.8333,1.0,1.0,1.0,1.0,0.5,bridge_topology_match
MOF_ABAMOI,ABAMOI,MONO_ACAJUM,ACAJUM,2,0.9333,1.0,0.8333,1.0,1.0,1.0,1.0,0.5,bridge_topology_match
MOF_ABAMOI,ABAMOI,MONO_ACARAX,ACARAX,3,0.9333,1.0,0.8333,1.0,1.0,1.0,1.0,0.5,bridge_topology_match
MOF_ABAMOI,ABAMOI,MONO_ACEJAU,ACEJAU,4,0.9333,1.0,0.8333,1.0,1.0,1.0,1.0,0.5,bridge_topology_match
MOF_ABAMOI,ABAMOI,MONO_ACEJAU01,ACEJAU01,5,0.9333,1.0,0.8333,1.0,1.0,1.0,1.0,0.5,bridge_topology_match
MOF_ABANAW,ABANAW,MULTI_ABIXOA,ABIXOA,1,0.6365,0.3,0.8571,0.8667,0.6,0.6889,0.5,0.5,weak_match
MOF_ABANAW,ABANAW,MULTI_ADAJUL,ADAJUL,2,0.619,0.0,1.0,0.6667,0.6,0.8571,0.7,1.0,weak_match
MOF_ABANAW,ABANAW,MULTI_ACUZOO,ACUZOO,3,0.6047,0.2,0.8889,0.6667,0.6,0.7411,0.7,0.5,weak_match
MOF_ABANAW,ABANAW,MULTI_ACACCO,ACACCO,4,0.5576,0.0,0.8889,0.6667,0.6,0.7708,0.7,0.5,weak_match
MOF_ABANAW,ABANAW,MULTI_ACACCO01,ACACCO01,5,0.5576,0.0,0.8889,0.6667,0.6,0.7708,0.7,0.5,weak_match
MOF_ABAPUS,ABAPUS,MULTI_ACUBUX,ACUBUX,1,0.8333,1.0,0.8333,1.0,1.0,0.0,1.0,0.5,relaxed_donor_geometry_match
MOF_ABAPUS,ABAPUS,MULTI_ACUBUX01,ACUBUX01,2,0.8333,1.0,0.8333,1.0,1.0,0.0,1.0,0.5,relaxed_donor_geometry_match
MOF_ABAPUS,ABAPUS,MULTI_ADUQEX,ADUQEX,3,0.8333,1.0,0.8333,1.0,1.0,0.0,1.0,0.5,relaxed_donor_geometry_match
MOF_ABAPUS,ABAPUS,MULTI_ADUQIB,ADUQIB,4,0.8333,1.0,0.8333,1.0,1.0,0.0,1.0,0.5,relaxed_donor_geometry_match
MOF_ABAPUS,ABAPUS,MULTI_ACAFIW,ACAFIW,5,0.7694,1.0,0.9333,0.8889,0.3333,0.1667,0.5,0.5,relaxed_donor_geometry_match
MOF_ABAVIJ,ABAVIJ,MULTI_ACADCO,ACADCO,1,0.6267,0.8,0.9444,0.1944,0.3333,1.0,0.1,0.5,bridge_topology_match
MOF_ABAVIJ,ABAVIJ,MULTI_ABOLOU,ABOLOU,2,0.5792,0.8,0.7059,0.3056,0.3333,1.0,0,0.5,bridge_topology_match
MOF_ABAVIJ,ABAVIJ,MULTI_ADEGUN,ADEGUN,3,0.5792,0.8,0.7059,0.3056,0.3333,1.0,0,0.5,bridge_topology_match
MOF_ABAVIJ,ABAVIJ,MULTI_ACAQIE,ACAQIE,4,0.5556,0.8,0.6111,0.3056,0.3333,1.0,0,0.5,relaxed_donor_geometry_match
MOF_ABAVIJ,ABAVIJ,MULTI_ACEYEO,ACEYEO,5,0.5556,0.8,0.6111,0.3056,0.3333,1.0,0,0.5,relaxed_donor_geometry_match
MOF_ABAVIM,ABAVIM,MONO_ABESEI,ABESEI,1,0.9333,1.0,0.8333,1.0,1.0,1.0,1.0,0.5,bridge_topology_match
MOF_ABAVIM,ABAVIM,MONO_ABUZUT,ABUZUT,2,0.9333,1.0,0.8333,1.0,1.0,1.0,1.0,0.5,bridge_topology_match
MOF_ABAVIM,ABAVIM,MONO_ACAMNI,ACAMNI,3,0.9333,1.0,0.8333,1.0,1.0,1.0,1.0,0.5,bridge_topology_match
MOF_ABAVIM,ABAVIM,MONO_ACLBNI,ACLBNI,4,0.9333,1.0,0.8333,1.0,1.0,1.0,1.0,0.5,bridge_topology_match
MOF_ABAVIM,ABAVIM,MONO_ACLBNI01,ACLBNI01,5,0.9333,1.0,0.8333,1.0,1.0,1.0,1.0,0.5,bridge_topology_match
MOF_ABAVIM01,ABAVIM01,MONO_ABESEI,ABESEI,1,0.9333,1.0,0.8333,1.0,1.0,1.0,1.0,0.5,bridge_topology_match
MOF_ABAVIM01,ABAVIM01,MONO_ABUZUT,ABUZUT,2,0.9333,1.0,0.8333,1.0,1.0,1.0,1.0,0.5,bridge_topology_match
MOF_ABAVIM01,ABAVIM01,MONO_ACAMNI,ACAMNI,3,0.9333,1.0,0.8333,1.0,1.0,1.0,1.0,0.5,bridge_topology_match
MOF_ABAVIM01,ABAVIM01,MONO_ACLBNI,ACLBNI,4,0.9333,1.0,0.8333,1.0,1.0,1.0,1.0,0.5,bridge_topology_match
MOF_ABAVIM01,ABAVIM01,MONO_ACLBNI01,ACLBNI01,5,0.9333,1.0,0.8333,1.0,1.0,1.0,1.0,0.5,bridge_topology_match
MOF_ABAVOP,ABAVOP,MULTI_ACADCO,ACADCO,1,0.6811,0.8,0.7778,0.3333,0.5,1.0,0.7,0.5,bridge_topology_match
MOF_ABAVOP,ABAVOP,MULTI_ADAWUA,ADAWUA,2,0.6778,1.0,0.7778,0.6667,0.5,0.0,0.5,0.5,relaxed_donor_geometry_match
MOF_ABAVOP,ABAVOP,MULTI_ADUWEE,ADUWEE,3,0.644,1.0,0.1429,0.6667,0.0,1.0,1.0,0.5,weak_match
MOF_ABAVOP,ABAVOP,MULTI_ABECUI01,ABECUI01,4,0.6363,1.0,0.4286,0.8333,0.75,0.0,0.5,0.5,weak_match
MOF_ABAVOP,ABAVOP,MULTI_ABOLOU,ABOLOU,5,0.621,0.8,0.8571,0.0833,0.5,1.0,0.4,0.5,bridge_topology_match
MOF_ABAVOS,ABAVOS,MONO_ABEDAO,ABEDAO,1,0.9333,1.0,0.8333,1.0,1.0,1.0,1.0,0.5,bridge_topology_match
MOF_ABAVOS,ABAVOS,MONO_ABZACO10,ABZACO10,2,0.9333,1.0,0.8333,1.0,1.0,1.0,1.0,0.5,bridge_topology_match
MOF_ABAVOS,ABAVOS,MONO_ABZACO11,ABZACO11,3,0.9333,1.0,0.8333,1.0,1.0,1.0,1.0,0.5,bridge_topology_match
MOF_ABAVOS,ABAVOS,MONO_ACONPB,ACONPB,4,0.9333,1.0,0.8333,1.0,1.0,1.0,1.0,0.5,bridge_topology_match
MOF_ABAVOS,ABAVOS,MONO_ACOSEU,ACOSEU,5,0.9333,1.0,0.8333,1.0,1.0,1.0,1.0,0.5,bridge_topology_match
MOF_ABAVUV,ABAVUV,MULTI_ACUTAT,ACUTAT,1,0.7864,1.0,0.5455,0.75,0.5,1.0,1.0,0.5,weak_match
MOF_ABAVUV,ABAVUV,MULTI_ACOMGP,ACOMGP,2,0.7803,1.0,0.4545,0.8333,0.5,1.0,1.0,0.5,weak_match
MOF_ABAVUV,ABAVUV,MULTI_ABOLOU,ABOLOU,3,0.7625,1.0,0.5833,0.5833,0.5,1.0,1.0,0.5,weak_match
MOF_ABAVUV,ABAVUV,MULTI_ACAQIE,ACAQIE,4,0.7625,1.0,0.5833,0.5833,0.5,1.0,1.0,0.5,weak_match
MOF_ABAVUV,ABAVUV,MULTI_ACEYEO,ACEYEO,5,0.7625,1.0,0.5833,0.5833,0.5,1.0,1.0,0.5,weak_match
MOF_ABAVUY,ABAVUY,MULTI_ADCDNO10,ADCDNO10,1,0.5963,0.8,0.875,0.4375,0.0,0.25,0.4,0.5,relaxed_donor_geometry_match
MOF_ABAVUY,ABAVUY,MULTI_ABOKIL,ABOKIL,2,0.5829,0.0,0.8889,0.9286,0.5,0.75,0.5,0.5,weak_match
MOF_ABAVUY,ABAVUY,MULTI_ABOKOR,ABOKOR,3,0.5829,0.0,0.8889,0.9286,0.5,0.75,0.5,0.5,weak_match
MOF_ABAVUY,ABAVUY,MULTI_ABOLUA,ABOLUA,4,0.5775,0.8,0.75,0.5,0.5,0.0,0.4,0.5,relaxed_donor_geometry_match
MOF_ABAVUY,ABAVUY,MULTI_ACISEO,ACISEO,5,0.5762,0.8,0.7647,0.1905,0.3333,0.6528,0.4,0.5,bridge_topology_match
MOF_ABAWOT,ABAWOT,MULTI_ADARAY,ADARAY,1,0.7656,1.0,0.5625,1.0,1.0,0.0,1.0,0.5,weak_match
MOF_ABAWOT,ABAWOT,MULTI_ADARAY01,ADARAY01,2,0.7656,1.0,0.5625,1.0,1.0,0.0,1.0,0.5,weak_match
MOF_ABAWOT,ABAWOT,MULTI_ACAFIW,ACAFIW,3,0.7607,1.0,0.6429,1.0,1.0,0.25,0.5,0.5,relaxed_donor_geometry_match
MOF_ABAWOT,ABAWOT,MULTI_ACUBUX,ACUBUX,4,0.6944,1.0,0.5,0.8889,0.3333,0.0,1.0,0.5,weak_match
MOF_ABAWOT,ABAWOT,MULTI_ACUBUX01,ACUBUX01,5,0.6944,1.0,0.5,0.8889,0.3333,0.0,1.0,0.5,weak_match
MOF_ABAXIN,ABAXIN,MULTI_ABOWUL,ABOWUL,1,0.9295,1.0,0.8182,1.0,1.0,1.0,1.0,0.5,bridge_topology_match
MOF_ABAXIN,ABAXIN,MULTI_ABUQEW,ABUQEW,2,0.9295,1.0,0.8182,1.0,1.0,1.0,1.0,0.5,bridge_topology_match
MOF_ABAXIN,ABAXIN,MULTI_ABUYEC,ABUYEC,3,0.8596,1.0,0.5385,1.0,1.0,1.0,1.0,0.5,weak_match
MOF_ABAXIN,ABAXIN,MULTI_ACOGOP,ACOGOP,4,0.8596,1.0,0.5385,1.0,1.0,1.0,1.0,0.5,weak_match
MOF_ABAXIN,ABAXIN,MULTI_ADOMAL,ADOMAL,5,0.8596,1.0,0.5385,1.0,1.0,1.0,1.0,0.5,weak_match
MOF_ABAXOT,ABAXOT,MULTI_ABOWUL,ABOWUL,1,0.905,1.0,0.9,0.9,0.5,1.0,1.0,0.5,bridge_topology_match
MOF_ABAXOT,ABAXOT,MULTI_ABUYEC,ABUYEC,2,0.8618,1.0,0.7273,0.9,0.5,1.0,1.0,0.5,bridge_topology_match
MOF_ABAXOT,ABAXOT,MULTI_ACOGOP,ACOGOP,3,0.8618,1.0,0.7273,0.9,0.5,1.0,1.0,0.5,bridge_topology_match
MOF_ABAXOT,ABAXOT,MULTI_ADOMAL,ADOMAL,4,0.8618,1.0,0.7273,0.9,0.5,1.0,1.0,0.5,bridge_topology_match
MOF_ABAXOT,ABAXOT,MULTI_ADOTOE,ADOTOE,5,0.8618,1.0,0.7273,0.9,0.5,1.0,1.0,0.5,bridge_topology_match
MOF_ABAXUZ,ABAXUZ,MULTI_ABOWUL,ABOWUL,1,1.0,1.0,1.0,1.0,1.0,1.0,1.0,1.0,L3_collision
MOF_ABAXUZ,ABAXUZ,MULTI_ABUQEW,ABUQEW,2,0.8917,1.0,0.6667,1.0,1.0,1.0,1.0,0.5,relaxed_donor_geometry_match
MOF_ABAXUZ,ABAXUZ,MULTI_ABUYEC,ABUYEC,3,0.8917,1.0,0.6667,1.0,1.0,1.0,1.0,0.5,relaxed_donor_geometry_match
MOF_ABAXUZ,ABAXUZ,MULTI_ACOGOP,ACOGOP,4,0.8917,1.0,0.6667,1.0,1.0,1.0,1.0,0.5,relaxed_donor_geometry_match
MOF_ABAXUZ,ABAXUZ,MULTI_ADOMAL,ADOMAL,5,0.8917,1.0,0.6667,1.0,1.0,1.0,1.0,0.5,relaxed_donor_geometry_match
MOF_ABAYAE,ABAYAE,MULTI_ADARAY,ADARAY,1,0.8247,1.0,0.6875,0.7222,0.6667,1.0,1.0,0.5,relaxed_donor_geometry_match
MOF_ABAYAE,ABAYAE,MULTI_ADARAY01,ADARAY01,2,0.8247,1.0,0.6875,0.7222,0.6667,1.0,1.0,0.5,relaxed_donor_geometry_match
MOF_ABAYAE,ABAYAE,MULTI_ACUBUX,ACUBUX,3,0.75,1.0,0.6111,0.6111,0.0,1.0,1.0,0.5,relaxed_donor_geometry_match
MOF_ABAYAE,ABAYAE,MULTI_ACUBUX01,ACUBUX01,4,0.75,1.0,0.6111,0.6111,0.0,1.0,1.0,0.5,relaxed_donor_geometry_match
MOF_ABAYAE,ABAYAE,MULTI_ADUQEX,ADUQEX,5,0.75,1.0,0.6111,0.6111,0.0,1.0,1.0,0.5,relaxed_donor_geometry_match
MOF_ABAYAG,ABAYAG,MULTI_ABOWUL,ABOWUL,1,1.0,1.0,1.0,1.0,1.0,1.0,1.0,1.0,L3_collision
MOF_ABAYAG,ABAYAG,MULTI_ABUQEW,ABUQEW,2,0.8917,1.0,0.6667,1.0,1.0,1.0,1.0,0.5,relaxed_donor_geometry_match
MOF_ABAYAG,ABAYAG,MULTI_ABUYEC,ABUYEC,3,0.8917,1.0,0.6667,1.0,1.0,1.0,1.0,0.5,relaxed_donor_geometry_match
MOF_ABAYAG,ABAYAG,MULTI_ACOGOP,ACOGOP,4,0.8917,1.0,0.6667,1.0,1.0,1.0,1.0,0.5,relaxed_donor_geometry_match
MOF_ABAYAG,ABAYAG,MULTI_ADOMAL,ADOMAL,5,0.8917,1.0,0.6667,1.0,1.0,1.0,1.0,0.5,relaxed_donor_geometry_match
MOF_ABAYEI,ABAYEI,MULTI_ACOCAX,ACOCAX,1,0.6208,1.0,0.5,0.6667,0.25,0.0,0.75,0.5,weak_match
MOF_ABAYEI,ABAYEI,MULTI_AFAWAH,AFAWAH,2,0.5958,1.0,0.2,0.8333,0.75,0.0,0.6667,0.5,weak_match
MOF_ABAYEI,ABAYEI,MULTI_ACUWAW,ACUWAW,3,0.595,0.8,0.1667,0.6667,0.5,1.0,0.7,0.5,weak_match
MOF_ABAYEI,ABAYEI,MULTI_ADUSIB,ADUSIB,4,0.59,0.8,0.6,0.375,0.0,1.0,0.4,0.5,relaxed_donor_geometry_match
MOF_ABAYEI,ABAYEI,MULTI_ACTPAG,ACTPAG,5,0.5863,1.0,0.4286,0.625,0.25,0.0,0.6667,0.5,weak_match
MOF_ABAYIM,ABAYIM,MULTI_ACOCAX,ACOCAX,1,0.479,0.8,0.4615,0.3571,0.1429,0.5,0.1,0.5,no_match
MOF_ABAYIM,ABAYIM,MONO_AFURIF,AFURIF,2,0.4782,0.8,0.5556,0.5714,0.0,0.0,0,0.5,no_match
MOF_ABAYIM,ABAYIM,MONO_AFUSAY,AFUSAY,3,0.4782,0.8,0.5556,0.5714,0.0,0.0,0,0.5,no_match
MOF_ABAYIM,ABAYIM,MULTI_AFAWAH,AFAWAH,4,0.4636,0.8,0.3,0.5714,0.2857,0.25,0.1,0.5,no_match
MOF_ABAYIM,ABAYIM,MULTI_ACTPAG,ACTPAG,5,0.4564,0.8,0.4,0.2857,0.2857,0.5,0.1,0.5,no_match
MOF_ABAYIO,ABAYIO,MULTI_ACPYMN,ACPYMN,1,0.6443,1.0,0.2105,0.8333,0.0,1.0,0.5,0.5,weak_match
MOF_ABAYIO,ABAYIO,MULTI_ABOLEK,ABOLEK,2,0.5386,0.8,0.3077,0.6667,0.6667,0.0,0.7,0.5,weak_match
MOF_ABAYIO,ABAYIO,MULTI_AFEPEJ,AFEPEJ,3,0.5386,0.8,0.3077,0.6667,0.6667,0.0,0.7,0.5,weak_match
MOF_ABAYIO,ABAYIO,MULTI_ABULAN,ABULAN,4,0.5191,0.8,0.3077,0.6111,0.0,0.25,0.7,0.5,weak_match
MOF_ABAYIO,ABAYIO,MULTI_ACSLMN,ACSLMN,5,0.5191,0.8,0.3077,0.6111,0.0,0.25,0.7,0.5,weak_match
MOF_ABAYOS,ABAYOS,MONO_ABZSGA,ABZSGA,1,0.54,0.8,0.5,0.4,0.2,1.0,0,0.5,weak_match
MOF_ABAYOS,ABAYOS,MULTI_ADUSIB,ADUSIB,2,0.535,0.8,0.6,0.2,0.2,1.0,0.1,0.5,relaxed_donor_geometry_match
MOF_ABAYOS,ABAYOS,MONO_AFURIF,AFURIF,3,0.5321,0.8,0.4444,0.48,0.0,1.0,0,0.5,weak_match
MOF_ABAYOS,ABAYOS,MONO_AFUSAY,AFUSAY,4,0.5321,0.8,0.4444,0.48,0.0,1.0,0,0.5,weak_match
MOF_ABAYOS,ABAYOS,MULTI_ACOCAX,ACOCAX,5,0.51,0.8,0.5,0.4,0.2,0.0,0.7,0.5,weak_match
MOF_ABAYOS01,ABAYOS01,MULTI_ADUSIB,ADUSIB,1,0.7625,1.0,0.75,0.875,0.5,0.0,1.0,0.5,relaxed_donor_geometry_match
MOF_ABAYOS01,ABAYOS01,MULTI_ACUFIQ,ACUFIQ,2,0.675,1.0,0.4,0.875,0.5,0.0,1.0,0.5,weak_match
MOF_ABAYOS01,ABAYOS01,MULTI_ACUFIQ01,ACUFIQ01,3,0.675,1.0,0.4,0.875,0.5,0.0,1.0,0.5,weak_match
MOF_ABAYOS01,ABAYOS01,MULTI_AFERUB,AFERUB,4,0.675,1.0,0.4,0.875,0.5,0.0,1.0,0.5,weak_match
MOF_ABAYOS01,ABAYOS01,MULTI_AFERUB01,AFERUB01,5,0.675,1.0,0.4,0.875,0.5,0.0,1.0,0.5,weak_match
MOF_ABAYOU,ABAYOU,MULTI_ADAWOU,ADAWOU,1,0.6625,1.0,0.25,1.0,1.0,0.25,0.5,0.5,weak_match
MOF_ABAYOU,ABAYOU,MULTI_ACICUM,ACICUM,2,0.6264,1.0,0.2667,0.9444,0.6667,0.125,0.5,0.5,weak_match
MOF_ABAYOU,ABAYOU,MULTI_ACIMIK,ACIMIK,3,0.595,1.0,0.0,0.9333,0.6667,0.0,1.0,0.5,weak_match
MOF_ABAYOU,ABAYOU,MULTI_ACADCO,ACADCO,4,0.5893,1.0,0.1905,0.8333,0.0,0.0,1.0,0.5,weak_match
MOF_ABAYOU,ABAYOU,MULTI_ADUWEC,ADUWEC,5,0.5742,0.8,0.2667,0.75,0.75,0.25,0.7,0.5,weak_match
MOF_ABAYOV,ABAYOV,MULTI_ADCDNO10,ADCDNO10,1,0.6283,0.8,0.6667,0.5833,0.0,0.5,0.7,0.5,relaxed_donor_geometry_match
MOF_ABAYOV,ABAYOV,MULTI_ABOJUW,ABOJUW,2,0.623,0.8,0.75,0.619,0.3333,0.0,0.7,0.5,relaxed_donor_geometry_match
MOF_ABAYOV,ABAYOV,MULTI_ABOLUA,ABOLUA,3,0.623,0.8,0.75,0.619,0.3333,0.0,0.7,0.5,relaxed_donor_geometry_match
MOF_ABAYOV,ABAYOV,MULTI_AFEGEZ,AFEGEZ,4,0.5771,0.8,0.5,0.619,0.6667,0.0,0.7,0.5,weak_match
MOF_ABAYOV,ABAYOV,MULTI_ABARUT,ABARUT,5,0.5744,0.8,0.5556,0.619,0.3333,0.0,0.7,0.5,weak_match
MOF_ABAYUY,ABAYUY,MULTI_AFEBAQ,AFEBAQ,1,0.7347,1.0,0.75,0.9444,0.6667,0.0,0.5,0.5,relaxed_donor_geometry_match
MOF_ABAYUY,ABAYUY,MULTI_ACEXUB,ACEXUB,2,0.675,1.0,0.4444,0.4444,0.0,1.0,1.0,0.5,weak_match
MOF_ABAYUY,ABAYUY,MULTI_AFEGAV,AFEGAV,3,0.6713,1.0,0.625,0.8667,0.3333,0.0,0.5,0.5,relaxed_donor_geometry_match
MOF_ABAYUY,ABAYUY,MONO_ACAFUI,ACAFUI,4,0.6599,0.8,0.875,0.381,0.0,1.0,0.4,0.5,bridge_topology_match
MOF_ABAYUY,ABAYUY,MULTI_ABUYEC,ABUYEC,5,0.6517,0.8,0.8,0.2,0.3333,1.0,0.7,0.5,bridge_topology_match
MOF_ABAZAF,ABAZAF,MULTI_ABUYEC,ABUYEC,1,1.0,1.0,1.0,1.0,1.0,1.0,1.0,1.0,L3_collision
MOF_ABAZAF,ABAZAF,MULTI_ACOGOP,ACOGOP,2,1.0,1.0,1.0,1.0,1.0,1.0,1.0,1.0,L3_collision
MOF_ABAZAF,ABAZAF,MULTI_ADOMAL,ADOMAL,3,1.0,1.0,1.0,1.0,1.0,1.0,1.0,1.0,L3_collision
MOF_ABAZAF,ABAZAF,MULTI_ADOTOE,ADOTOE,4,1.0,1.0,1.0,1.0,1.0,1.0,1.0,1.0,L3_collision
MOF_ABAZAF,ABAZAF,MULTI_ADOTUK,ADOTUK,5,1.0,1.0,1.0,1.0,1.0,1.0,1.0,1.0,L3_collision
MOF_ABAZEJ,ABAZEJ,MULTI_ABIFEA,ABIFEA,1,0.7361,1.0,0.4444,0.625,0.5,1.0,1.0,0.5,weak_match
MOF_ABAZEJ,ABAZEJ,MONO_ABEGOG,ABEGOG,2,0.71,0.8,1.0,0.2,0.0,1.0,0.7,1.0,bridge_topology_match
MOF_ABAZEJ,ABAZEJ,MONO_ABOXOI,ABOXOI,3,0.71,0.8,1.0,0.2,0.0,1.0,0.7,1.0,bridge_topology_match
MOF_ABAZEJ,ABAZEJ,MONO_ABOXUO,ABOXUO,4,0.71,0.8,1.0,0.2,0.0,1.0,0.7,1.0,bridge_topology_match
MOF_ABAZEJ,ABAZEJ,MONO_ADONIQ,ADONIQ,5,0.71,0.8,1.0,0.2,0.0,1.0,0.7,1.0,bridge_topology_match
MOF_ABECIX,ABECIX,MULTI_ACTPAG,ACTPAG,1,0.4796,0.3,0.625,0.6,0.0,0.3333,0.7,0.5,no_match
MOF_ABECIX,ABECIX,MULTI_ADAWUA,ADAWUA,2,0.4785,0.3,0.5238,0.6,0.4,0.375,0.7,0.5,no_match
MOF_ABECIX,ABECIX,MULTI_ABECUI01,ABECUI01,3,0.4546,0.3,0.4286,0.6,0.4,0.375,0.7,0.5,no_match
MOF_ABECIX,ABECIX,MULTI_ACABEL,ACABEL,4,0.4513,0.3,0.4286,0.5333,0.6,0.375,0.7,0.5,no_match
MOF_ABECIX,ABECIX,MULTI_ADUWEC,ADUWEC,5,0.4465,0.3,0.5294,0.5333,0.0,0.375,0.7,0.5,no_match
MOF_ABECOD,ABECOD,MULTI_ADAWUA,ADAWUA,1,0.5289,0.3,0.619,0.7333,0.4,0.375,0.7,0.5,weak_match
MOF_ABECOD,ABECOD,MULTI_ADUWEC,ADUWEC,2,0.5026,0.3,0.6471,0.6667,0.0,0.375,0.7,0.5,weak_match
MOF_ABECOD,ABECOD,MULTI_ADUWEC01,ADUWEC01,3,0.5026,0.3,0.6471,0.6667,0.0,0.375,0.7,0.5,weak_match
MOF_ABECOD,ABECOD,MULTI_ACABEL,ACABEL,4,0.5018,0.3,0.5238,0.6667,0.6,0.375,0.7,0.5,weak_match
MOF_ABECOD,ABECOD,MULTI_ACACCO,ACACCO,5,0.483,0.3,0.5238,0.6667,0.6,0.1875,0.7,0.5,no_match
MOF_ABECUI,ABECUI,MONO_ABIYOA,ABIYOA,1,1.0,1.0,1.0,1.0,1.0,1.0,1.0,1.0,L3_collision
MOF_ABECUI,ABECUI,MONO_ABIYUG,ABIYUG,2,1.0,1.0,1.0,1.0,1.0,1.0,1.0,1.0,L3_collision
MOF_ABECUI,ABECUI,MONO_ABIZER,ABIZER,3,1.0,1.0,1.0,1.0,1.0,1.0,1.0,1.0,L3_collision
MOF_ABECUI,ABECUI,MONO_ABOBEZ,ABOBEZ,4,1.0,1.0,1.0,1.0,1.0,1.0,1.0,1.0,L3_collision
MOF_ABECUI,ABECUI,MONO_ABOQAJ,ABOQAJ,5,1.0,1.0,1.0,1.0,1.0,1.0,1.0,1.0,L3_collision
MOF_ABECUJ,ABECUJ,MULTI_ADERAD,ADERAD,1,0.4206,0.8,0.0714,0.5972,0.1667,0.5,0,0.5,no_match
MOF_ABECUJ,ABECUJ,MULTI_ACACOH,ACACOH,2,0.3852,0.3,0.7407,0.375,0.25,0.125,0,0.5,no_match
MOF_ABECUJ,ABECUJ,MULTI_ADUVAY,ADUVAY,3,0.3661,0.0,0.7037,0.4861,0.4167,0.0714,0.4,0.5,no_match
MOF_ABECUJ,ABECUJ,MULTI_ACALOH,ACALOH,4,0.3612,0.3,0.5952,0.2639,0.25,0.0714,0.4,0.5,no_match
MOF_ABECUJ,ABECUJ,MULTI_ACANID,ACANID,5,0.3557,0.3,0.5952,0.2361,0.25,0.0714,0.4,0.5,no_match
MOF_ABEDAP,ABEDAP,MONO_ABIYOA,ABIYOA,1,1.0,1.0,1.0,1.0,1.0,1.0,1.0,1.0,L3_collision
MOF_ABEDAP,ABEDAP,MONO_ABIYUG,ABIYUG,2,1.0,1.0,1.0,1.0,1.0,1.0,1.0,1.0,L3_collision
MOF_ABEDAP,ABEDAP,MONO_ABIZER,ABIZER,3,1.0,1.0,1.0,1.0,1.0,1.0,1.0,1.0,L3_collision
MOF_ABEDAP,ABEDAP,MONO_ABOBEZ,ABOBEZ,4,1.0,1.0,1.0,1.0,1.0,1.0,1.0,1.0,L3_collision
MOF_ABEDAP,ABEDAP,MONO_ABOQAJ,ABOQAJ,5,1.0,1.0,1.0,1.0,1.0,1.0,1.0,1.0,L3_collision
MOF_ABEDAQ,ABEDAQ,MULTI_ACADCO,ACADCO,1,0.8,1.0,0.7,1.0,1.0,0.0,1.0,0.5,relaxed_donor_geometry_match
MOF_ABEDAQ,ABEDAQ,MULTI_ACICUM,ACICUM,2,0.6708,1.0,0.5556,0.8889,0.3333,0.125,0.5,0.5,weak_match
MOF_ABEDAQ,ABEDAQ,MULTI_ADAWOU,ADAWOU,3,0.6694,1.0,0.6111,0.8333,0.0,0.25,0.5,0.5,relaxed_donor_geometry_match
MOF_ABEDAQ,ABEDAQ,MULTI_ACABEL,ACABEL,4,0.6661,0.8,0.6842,0.75,0.75,0.125,0.7,0.5,relaxed_donor_geometry_match
MOF_ABEDAQ,ABEDAQ,MULTI_ADAWUA,ADAWUA,5,0.6632,0.8,0.7895,0.6667,0.5,0.125,0.7,0.5,relaxed_donor_geometry_match
MOF_ABEDET,ABEDET,MULTI_ACADCO,ACADCO,1,0.7167,1.0,0.5,0.5,0.3333,1.0,1.0,0.5,weak_match
MOF_ABEDET,ABEDET,MULTI_AFEPOT,AFEPOT,2,0.6756,0.8,0.9,0.2778,0.0,1.0,0.7,0.5,bridge_topology_match
MOF_ABEDET,ABEDET,MULTI_ACICUM,ACICUM,3,0.6514,1.0,0.75,0.6111,0.3333,0.0,0.5,0.5,relaxed_donor_geometry_match
MOF_ABEDET,ABEDET,MULTI_ABOLOU,ABOLOU,4,0.6325,0.8,0.75,0.1667,0.3333,1.0,0.7,0.5,bridge_topology_match
MOF_ABEDET,ABEDET,MULTI_ADEGUN,ADEGUN,5,0.6325,0.8,0.75,0.1667,0.3333,1.0,0.7,0.5,bridge_topology_match
MOF_ABEDET01,ABEDET01,MULTI_ACUTAT,ACUTAT,1,0.7864,1.0,0.5455,0.75,0.5,1.0,1.0,0.5,weak_match
MOF_ABEDET01,ABEDET01,MULTI_ACOMGP,ACOMGP,2,0.7803,1.0,0.4545,0.8333,0.5,1.0,1.0,0.5,weak_match
MOF_ABEDET01,ABEDET01,MULTI_ABOLOU,ABOLOU,3,0.7625,1.0,0.5833,0.5833,0.5,1.0,1.0,0.5,weak_match
MOF_ABEDET01,ABEDET01,MULTI_ACAQIE,ACAQIE,4,0.7625,1.0,0.5833,0.5833,0.5,1.0,1.0,0.5,weak_match
MOF_ABEDET01,ABEDET01,MULTI_ACEYEO,ACEYEO,5,0.7625,1.0,0.5833,0.5833,0.5,1.0,1.0,0.5,weak_match
MOF_ABEDEU,ABEDEU,MULTI_ADAWUA,ADAWUA,1,0.4851,0.3,0.5238,0.8333,0.5,0.125,0.5,0.5,no_match
MOF_ABEDEU,ABEDEU,MULTI_ADAWOU,ADAWOU,2,0.4752,0.3,0.6875,0.5417,0.0,0.25,0.7,0.5,no_match
MOF_ABEDEU,ABEDEU,MULTI_ACABEL,ACABEL,3,0.4738,0.3,0.4286,0.8333,0.75,0.125,0.5,0.5,no_match
MOF_ABEDEU,ABEDEU,MULTI_ACICUM,ACICUM,4,0.4679,0.3,0.625,0.5833,0.25,0.125,0.7,0.5,no_match
MOF_ABEDEU,ABEDEU,MULTI_ACACCO,ACACCO,5,0.4676,0.3,0.4286,0.8333,0.75,0.0625,0.5,0.5,no_match
MOF_ABEDIX,ABEDIX,MONO_ABIYOA,ABIYOA,1,1.0,1.0,1.0,1.0,1.0,1.0,1.0,1.0,L3_collision
MOF_ABEDIX,ABEDIX,MONO_ABIYUG,ABIYUG,2,1.0,1.0,1.0,1.0,1.0,1.0,1.0,1.0,L3_collision
MOF_ABEDIX,ABEDIX,MONO_ABIZER,ABIZER,3,1.0,1.0,1.0,1.0,1.0,1.0,1.0,1.0,L3_collision
MOF_ABEDIX,ABEDIX,MONO_ABOBEZ,ABOBEZ,4,1.0,1.0,1.0,1.0,1.0,1.0,1.0,1.0,L3_collision
MOF_ABEDIX,ABEDIX,MONO_ABOQAJ,ABOQAJ,5,1.0,1.0,1.0,1.0,1.0,1.0,1.0,1.0,L3_collision
MOF_ABEDIY,ABEDIY,MULTI_ADAWUA,ADAWUA,1,0.5605,0.3,0.6667,0.7333,0.4,0.5714,0.7,0.5,weak_match
MOF_ABEDIY,ABEDIY,MULTI_ABOZOI,ABOZOI,2,0.5333,0.3,0.56,0.8667,0.4,0.0,1.0,0.5,weak_match
MOF_ABEDIY,ABEDIY,MULTI_ACETCU,ACETCU,3,0.5319,0.3,0.5789,0.7,0.4,0.5714,0.7,0.5,weak_match
MOF_ABEDIY,ABEDIY,MULTI_ADUWEC,ADUWEC,4,0.5298,0.3,0.7059,0.6667,0.0,0.5,0.7,0.5,weak_match
MOF_ABEDIY,ABEDIY,MULTI_ADUWEC01,ADUWEC01,5,0.5298,0.3,0.7059,0.6667,0.0,0.5,0.7,0.5,weak_match
MOF_ABEHOH,ABEHOH,MONO_ABIZAN,ABIZAN,1,1.0,1.0,1.0,1.0,1.0,1.0,1.0,1.0,L3_collision
MOF_ABEHOH,ABEHOH,MONO_ABOBAV,ABOBAV,2,1.0,1.0,1.0,1.0,1.0,1.0,1.0,1.0,L3_collision
MOF_ABEHOH,ABEHOH,MONO_ABUVUO,ABUVUO,3,1.0,1.0,1.0,1.0,1.0,1.0,1.0,1.0,L3_collision
MOF_ABEHOH,ABEHOH,MONO_ACANPI,ACANPI,4,1.0,1.0,1.0,1.0,1.0,1.0,1.0,1.0,L3_collision
MOF_ABEHOH,ABEHOH,MONO_ACAPNI,ACAPNI,5,1.0,1.0,1.0,1.0,1.0,1.0,1.0,1.0,L3_collision
MOF_ABEKOL,ABEKOL,MULTI_ADIMAB,ADIMAB,1,0.685,1.0,0.24,1.0,1.0,0.0,1.0,0.5,weak_match
MOF_ABEKOL,ABEKOL,MULTI_ADOLIR,ADOLIR,2,0.685,1.0,0.24,1.0,1.0,0.0,1.0,0.5,weak_match
MOF_ABEKOL,ABEKOL,MULTI_AFAJUN,AFAJUN,3,0.685,1.0,0.24,1.0,1.0,0.0,1.0,0.5,weak_match
MOF_ABEKOL,ABEKOL,MULTI_AFAKAU,AFAKAU,4,0.685,1.0,0.24,1.0,1.0,0.0,1.0,0.5,weak_match
MOF_ABEKOL,ABEKOL,MULTI_ADIZIX,ADIZIX,5,0.6736,1.0,0.2609,1.0,1.0,0.3333,0.5,0.5,weak_match
MOF_ABELAY,ABELAY,MULTI_ABOBEY,ABOBEY,1,0.6875,1.0,0.25,1.0,1.0,0.0,1.0,0.5,weak_match
MOF_ABELAY,ABELAY,MULTI_ACETCU,ACETCU,2,0.6581,1.0,0.2222,0.95,0.75,0.5,0.5,0.5,weak_match
MOF_ABELAY,ABELAY,MULTI_ACHISC10,ACHISC10,3,0.6368,1.0,0.2273,0.9,0.5,0.0,1.0,0.5,weak_match
MOF_ABELAY,ABELAY,MULTI_ABAZUC,ABAZUC,4,0.625,1.0,0.0,1.0,1.0,0.5,0.5,0.5,weak_match
MOF_ABELAY,ABELAY,MULTI_ABOJAE,ABOJAE,5,0.625,1.0,0.0,1.0,1.0,0.5,0.5,0.5,weak_match
MOF_ABELEC,ABELEC,MULTI_ABOBEY,ABOBEY,1,0.6875,1.0,0.25,1.0,1.0,0.0,1.0,0.5,weak_match
MOF_ABELEC,ABELEC,MULTI_ACETCU,ACETCU,2,0.6581,1.0,0.2222,0.95,0.75,0.5,0.5,0.5,weak_match
MOF_ABELEC,ABELEC,MULTI_ACHISC10,ACHISC10,3,0.6368,1.0,0.2273,0.9,0.5,0.0,1.0,0.5,weak_match
MOF_ABELEC,ABELEC,MULTI_ABAZUC,ABAZUC,4,0.625,1.0,0.0,1.0,1.0,0.5,0.5,0.5,weak_match
MOF_ABELEC,ABELEC,MULTI_ABOJAE,ABOJAE,5,0.625,1.0,0.0,1.0,1.0,0.5,0.5,0.5,weak_match
MOF_ABELIG,ABELIG,MULTI_ACIFAU,ACIFAU,1,0.5979,0.8,0.65,0.4722,0.4444,0.2375,0.7,0.5,relaxed_donor_geometry_match
MOF_ABELIG,ABELIG,MULTI_ABOJIK,ABOJIK,2,0.4941,0.8,0.7059,0.463,0.0,0.0,0,0.5,relaxed_donor_geometry_match
MOF_ABELIG,ABELIG,MULTI_ACADIS,ACADIS,3,0.4941,0.8,0.7059,0.463,0.0,0.0,0,0.5,relaxed_donor_geometry_match
MOF_ABELIG,ABELIG,MULTI_ABASAZ,ABASAZ,4,0.4563,0.3,0.4583,0.6833,0.2,0.25,0.7,0.5,no_match
MOF_ABELIG,ABELIG,MULTI_ACUXUR,ACUXUR,5,0.4521,0.8,0.5882,0.4,0.0,0.0,0,0.5,no_match
MOF_ABELOM,ABELOM,MULTI_ACIFAU,ACIFAU,1,0.6873,0.8,0.7778,0.75,0.75,0.4034,0.4,0.5,relaxed_donor_geometry_match
MOF_ABELOM,ABELOM,MULTI_ABUNER,ABUNER,2,0.6044,1.0,0.2778,0.8,0.0,0.0,1.0,0.5,weak_match
MOF_ABELOM,ABELOM,MULTI_ADONIR,ADONIR,3,0.6044,1.0,0.2778,0.8,0.0,0.0,1.0,0.5,weak_match
MOF_ABELOM,ABELOM,MULTI_ABOZOI,ABOZOI,4,0.5693,0.8,0.3571,0.8,0.5,0.0,0.7,0.5,weak_match
MOF_ABELOM,ABELOM,MULTI_ABOFII,ABOFII,5,0.5667,1.0,0.0,0.875,0.5,0.4167,0.5,0.5,weak_match
MOF_ABELOM01,ABELOM01,MULTI_ACIFAU,ACIFAU,1,0.6873,0.8,0.7778,0.75,0.75,0.4034,0.4,0.5,relaxed_donor_geometry_match
MOF_ABELOM01,ABELOM01,MULTI_ABUNER,ABUNER,2,0.6044,1.0,0.2778,0.8,0.0,0.0,1.0,0.5,weak_match
MOF_ABELOM01,ABELOM01,MULTI_ADONIR,ADONIR,3,0.6044,1.0,0.2778,0.8,0.0,0.0,1.0,0.5,weak_match
MOF_ABELOM01,ABELOM01,MULTI_ABOZOI,ABOZOI,4,0.5693,0.8,0.3571,0.8,0.5,0.0,0.7,0.5,weak_match
MOF_ABELOM01,ABELOM01,MULTI_ABOFII,ABOFII,5,0.5667,1.0,0.0,0.875,0.5,0.4167,0.5,0.5,weak_match
MOF_ABEMIF,ABEMIF,MULTI_ADELAY01,ADELAY01,1,0.5334,0.3,0.675,0.8333,0.0,0.4795,0.5,0.5,weak_match
MOF_ABEMIF,ABEMIF,MULTI_ADAJUL,ADAJUL,2,0.496,0.8,0.5806,0.3889,0.0,0.4811,0,0.5,no_match
MOF_ABEMIF,ABEMIF,MULTI_ADUVAY,ADUVAY,3,0.4713,0.3,0.6129,0.6389,0.0833,0.461,0.4,0.5,no_match
MOF_ABEMIF,ABEMIF,MULTI_ABUWIE,ABUWIE,4,0.4683,0.0,0.8438,0.7222,0.0,0.4795,0.4,0.5,no_match
MOF_ABEMIF,ABEMIF,MULTI_ACUJUH,ACUJUH,5,0.4683,0.0,0.8438,0.7222,0.0,0.4795,0.4,0.5,no_match
MOF_ABEMUR,ABEMUR,MULTI_ADAGPC,ADAGPC,1,1.0,1.0,1.0,1.0,1.0,1.0,1.0,1.0,L3_collision
MOF_ABEMUR,ABEMUR,MULTI_ADIXIV,ADIXIV,2,1.0,1.0,1.0,1.0,1.0,1.0,1.0,1.0,L3_collision
MOF_ABEMUR,ABEMUR,MULTI_AFATOQ,AFATOQ,3,1.0,1.0,1.0,1.0,1.0,1.0,1.0,1.0,L3_collision
MOF_ABEMUR,ABEMUR,MULTI_ADECAO,ADECAO,4,0.95,1.0,1.0,1.0,1.0,1.0,0.5,1.0,L3_collision
MOF_ABEMUR,ABEMUR,MONO_ABOSOZ,ABOSOZ,5,0.77,0.8,1.0,0.5,0.0,1.0,0.7,1.0,bridge_topology_match
MOF_ABENAY,ABENAY,MONO_ABEFEV,ABEFEV,1,0.85,1.0,0.5,1.0,1.0,1.0,1.0,0.5,weak_match
MOF_ABENAY,ABENAY,MONO_ABEFIZ,ABEFIZ,2,0.85,1.0,0.5,1.0,1.0,1.0,1.0,0.5,weak_match
MOF_ABENAY,ABENAY,MONO_ABEFOF,ABEFOF,3,0.85,1.0,0.5,1.0,1.0,1.0,1.0,0.5,weak_match
MOF_ABENAY,ABENAY,MONO_ABEGEW,ABEGEW,4,0.85,1.0,0.5,1.0,1.0,1.0,1.0,0.5,weak_match
MOF_ABENAY,ABENAY,MONO_ABEHAT,ABEHAT,5,0.85,1.0,0.5,1.0,1.0,1.0,1.0,0.5,weak_match
MOF_ABERAE,ABERAE,MONO_ABIFAW,ABIFAW,1,0.875,1.0,0.6,1.0,1.0,1.0,1.0,0.5,relaxed_donor_geometry_match
MOF_ABERAE,ABERAE,MONO_ABIZOC,ABIZOC,2,0.875,1.0,0.6,1.0,1.0,1.0,1.0,0.5,relaxed_donor_geometry_match
MOF_ABERAE,ABERAE,MONO_ADERUW,ADERUW,3,0.875,1.0,0.6,1.0,1.0,1.0,1.0,0.5,relaxed_donor_geometry_match
MOF_ABERAE,ABERAE,MONO_ADERUW01,ADERUW01,4,0.875,1.0,0.6,1.0,1.0,1.0,1.0,0.5,relaxed_donor_geometry_match
MOF_ABERAE,ABERAE,MONO_ADOVEV,ADOVEV,5,0.875,1.0,0.6,1.0,1.0,1.0,1.0,0.5,relaxed_donor_geometry_match
MOF_ABEREH,ABEREH,MONO_ACACCU,ACACCU,1,0.9125,1.0,0.75,1.0,1.0,1.0,1.0,0.5,bridge_topology_match
MOF_ABEREH,ABEREH,MONO_ACACCU01,ACACCU01,2,0.9125,1.0,0.75,1.0,1.0,1.0,1.0,0.5,bridge_topology_match
MOF_ABEREH,ABEREH,MONO_ACACCU02,ACACCU02,3,0.9125,1.0,0.75,1.0,1.0,1.0,1.0,0.5,bridge_topology_match
MOF_ABEREH,ABEREH,MONO_ACACCU03,ACACCU03,4,0.9125,1.0,0.75,1.0,1.0,1.0,1.0,0.5,bridge_topology_match
MOF_ABEREH,ABEREH,MONO_ACACCU04,ACACCU04,5,0.9125,1.0,0.75,1.0,1.0,1.0,1.0,0.5,bridge_topology_match
MOF_ABEREH01,ABEREH01,MONO_ACACCU,ACACCU,1,0.9125,1.0,0.75,1.0,1.0,1.0,1.0,0.5,bridge_topology_match
MOF_ABEREH01,ABEREH01,MONO_ACACCU01,ACACCU01,2,0.9125,1.0,0.75,1.0,1.0,1.0,1.0,0.5,bridge_topology_match
MOF_ABEREH01,ABEREH01,MONO_ACACCU02,ACACCU02,3,0.9125,1.0,0.75,1.0,1.0,1.0,1.0,0.5,bridge_topology_match
MOF_ABEREH01,ABEREH01,MONO_ACACCU03,ACACCU03,4,0.9125,1.0,0.75,1.0,1.0,1.0,1.0,0.5,bridge_topology_match
MOF_ABEREH01,ABEREH01,MONO_ACACCU04,ACACCU04,5,0.9125,1.0,0.75,1.0,1.0,1.0,1.0,0.5,bridge_topology_match
MOF_ABEREH02,ABEREH02,MONO_ACACCU,ACACCU,1,0.9125,1.0,0.75,1.0,1.0,1.0,1.0,0.5,bridge_topology_match
MOF_ABEREH02,ABEREH02,MONO_ACACCU01,ACACCU01,2,0.9125,1.0,0.75,1.0,1.0,1.0,1.0,0.5,bridge_topology_match
MOF_ABEREH02,ABEREH02,MONO_ACACCU02,ACACCU02,3,0.9125,1.0,0.75,1.0,1.0,1.0,1.0,0.5,bridge_topology_match
MOF_ABEREH02,ABEREH02,MONO_ACACCU03,ACACCU03,4,0.9125,1.0,0.75,1.0,1.0,1.0,1.0,0.5,bridge_topology_match
MOF_ABEREH02,ABEREH02,MONO_ACACCU04,ACACCU04,5,0.9125,1.0,0.75,1.0,1.0,1.0,1.0,0.5,bridge_topology_match
MOF_ABETEJ,ABETEJ,MULTI_ACACCV10,ACACCV10,1,1.0,1.0,1.0,1.0,1.0,1.0,1.0,1.0,L3_collision
MOF_ABETEJ,ABETEJ,MULTI_ACACCV11,ACACCV11,2,1.0,1.0,1.0,1.0,1.0,1.0,1.0,1.0,L3_collision
MOF_ABETEJ,ABETEJ,MULTI_ACACCV12,ACACCV12,3,1.0,1.0,1.0,1.0,1.0,1.0,1.0,1.0,L3_collision
MOF_ABETEJ,ABETEJ,MULTI_ACGLCV,ACGLCV,4,1.0,1.0,1.0,1.0,1.0,1.0,1.0,1.0,L3_collision
MOF_ABETEJ,ABETEJ,MULTI_ACURCU01,ACURCU01,5,1.0,1.0,1.0,1.0,1.0,1.0,1.0,1.0,L3_collision
MOF_ABEVOV,ABEVOV,MONO_ABILUW,ABILUW,1,0.9036,1.0,0.7143,1.0,1.0,1.0,1.0,0.5,bridge_topology_match
MOF_ABEVOV,ABEVOV,MONO_ACESEG,ACESEG,2,0.9036,1.0,0.7143,1.0,1.0,1.0,1.0,0.5,bridge_topology_match
MOF_ABEVOV,ABEVOV,MONO_ABIPAE,ABIPAE,3,0.85,1.0,0.5,1.0,1.0,1.0,1.0,0.5,weak_match
MOF_ABEVOV,ABEVOV,MONO_ACESIK,ACESIK,4,0.85,1.0,0.5,1.0,1.0,1.0,1.0,0.5,weak_match
MOF_ABEVOV,ABEVOV,MONO_ACIHUP,ACIHUP,5,0.8083,1.0,0.3333,1.0,1.0,1.0,1.0,0.5,weak_match
MOF_ABEVUB,ABEVUB,MONO_ABILUW,ABILUW,1,0.9036,1.0,0.7143,1.0,1.0,1.0,1.0,0.5,bridge_topology_match
MOF_ABEVUB,ABEVUB,MONO_ACESEG,ACESEG,2,0.9036,1.0,0.7143,1.0,1.0,1.0,1.0,0.5,bridge_topology_match
MOF_ABEVUB,ABEVUB,MONO_ABIPAE,ABIPAE,3,0.85,1.0,0.5,1.0,1.0,1.0,1.0,0.5,weak_match
MOF_ABEVUB,ABEVUB,MONO_ACESIK,ACESIK,4,0.85,1.0,0.5,1.0,1.0,1.0,1.0,0.5,weak_match
MOF_ABEVUB,ABEVUB,MONO_ACIHUP,ACIHUP,5,0.8083,1.0,0.3333,1.0,1.0,1.0,1.0,0.5,weak_match
MOF_ABEWEN,ABEWEN,MULTI_ACACOH,ACACOH,1,0.7833,1.0,0.8333,1.0,1.0,0.0,0.5,0.5,relaxed_donor_geometry_match
MOF_ABEWEN,ABEWEN,MULTI_ACABEL,ACABEL,2,0.7417,1.0,0.6667,1.0,1.0,0.0,0.5,0.5,relaxed_donor_geometry_match
MOF_ABEWEN,ABEWEN,MULTI_ACACCO,ACACCO,3,0.7417,1.0,0.6667,1.0,1.0,0.0,0.5,0.5,relaxed_donor_geometry_match
MOF_ABEWEN,ABEWEN,MULTI_ACACCO01,ACACCO01,4,0.7417,1.0,0.6667,1.0,1.0,0.0,0.5,0.5,relaxed_donor_geometry_match
MOF_ABEWEN,ABEWEN,MULTI_ACADCO,ACADCO,5,0.7075,0.8,0.5,0.75,0.75,1.0,0.7,0.5,weak_match
MOF_ABEXEM,ABEXEM,MONO_ACUGIP,ACUGIP,1,0.5373,0.8,0.5,0.4364,0.0,1.0,0,0.5,weak_match
MOF_ABEXEM,ABEXEM,MONO_ABXALA,ABXALA,2,0.5186,0.8,0.4545,0.4,0.0,1.0,0,0.5,weak_match
MOF_ABEXEM,ABEXEM,MONO_ABXALA01,ABXALA01,3,0.5186,0.8,0.4545,0.4,0.0,1.0,0,0.5,weak_match
MOF_ABEXEM,ABEXEM,MONO_ACUGOV,ACUGOV,4,0.5186,0.8,0.4545,0.4,0.0,1.0,0,0.5,weak_match
MOF_ABEXEM,ABEXEM,MONO_ACUHAI,ACUHAI,5,0.5186,0.8,0.4545,0.4,0.0,1.0,0,0.5,weak_match
MOF_ABEXUD,ABEXUD,MONO_ACIGEA,ACIGEA,1,0.8917,1.0,0.6667,1.0,1.0,1.0,1.0,0.5,relaxed_donor_geometry_match
MOF_ABEXUD,ABEXUD,MONO_ACXACU,ACXACU,2,0.8917,1.0,0.6667,1.0,1.0,1.0,1.0,0.5,relaxed_donor_geometry_match
MOF_ABEXUD,ABEXUD,MONO_ACINIL,ACINIL,3,0.8833,1.0,1.0,0.6667,0.0,1.0,1.0,1.0,bridge_topology_match
MOF_ABEXUD,ABEXUD,MONO_ADEKOJ,ADEKOJ,4,0.8833,1.0,1.0,0.6667,0.0,1.0,1.0,1.0,bridge_topology_match
MOF_ABEXUD,ABEXUD,MONO_AEPYCC01,AEPYCC01,5,0.8833,1.0,1.0,0.6667,0.0,1.0,1.0,1.0,bridge_topology_match
MOF_ABEYOX,ABEYOX,MULTI_ABIDIZ,ABIDIZ,1,0.5764,0.0,0.9167,0.6111,0.0,1.0,1.0,0.5,weak_match
MOF_ABEYOX,ABEYOX,MULTI_ABUQUM,ABUQUM,2,0.5745,0.0,0.9091,0.6111,0.0,1.0,1.0,0.5,weak_match
MOF_ABEYOX,ABEYOX,MULTI_ADOLIR,ADOLIR,3,0.5347,0.0,0.75,0.6111,0.0,1.0,1.0,0.5,weak_match
MOF_ABEYOX,ABEYOX,MONO_ACUGIP,ACUGIP,4,0.5282,0.8,0.5,0.3409,0.0,1.0,0.1,0.5,weak_match
MOF_ABEYOX,ABEYOX,MONO_ABXALA,ABXALA,5,0.5086,0.8,0.4545,0.3,0.0,1.0,0.1,0.5,weak_match
MOF_ABIBAS,ABIBAS,MULTI_ADAWUA,ADAWUA,1,0.6283,0.8,0.8333,0.4,0.4,0.25,0.7,0.5,relaxed_donor_geometry_match
MOF_ABIBAS,ABIBAS,MULTI_ABECUI01,ABECUI01,2,0.62,0.8,0.4,0.8,0.8,0.25,0.7,0.5,weak_match
MOF_ABIBAS,ABIBAS,MULTI_ADUWEC,ADUWEC,3,0.5875,0.8,0.8,0.4,0.0,0.125,0.7,0.5,relaxed_donor_geometry_match
MOF_ABIBAS,ABIBAS,MULTI_ADUWEC01,ADUWEC01,4,0.5875,0.8,0.8,0.4,0.0,0.125,0.7,0.5,relaxed_donor_geometry_match
MOF_ABIBAS,ABIBAS,MULTI_ACACEP,ACACEP,5,0.5625,1.0,0.0833,0.7333,0.4,0.0,1.0,0.5,weak_match
MOF_ABIFAT,ABIFAT,MONO_ABUKUG,ABUKUG,1,1.0,1.0,1.0,1.0,1.0,1.0,1.0,1.0,L3_collision
MOF_ABIFAT,ABIFAT,MONO_ABUMAN,ABUMAN,2,1.0,1.0,1.0,1.0,1.0,1.0,1.0,1.0,L3_collision
MOF_ABIFAT,ABIFAT,MONO_ACAGUH,ACAGUH,3,1.0,1.0,1.0,1.0,1.0,1.0,1.0,1.0,L3_collision
MOF_ABIFAT,ABIFAT,MONO_AFAYEL,AFAYEL,4,1.0,1.0,1.0,1.0,1.0,1.0,1.0,1.0,L3_collision
MOF_ABIFAT,ABIFAT,MONO_AFOLEN,AFOLEN,5,1.0,1.0,1.0,1.0,1.0,1.0,1.0,1.0,L3_collision
MOF_ABIFAT01,ABIFAT01,MONO_ABUKUG,ABUKUG,1,1.0,1.0,1.0,1.0,1.0,1.0,1.0,1.0,L3_collision
MOF_ABIFAT01,ABIFAT01,MONO_ABUMAN,ABUMAN,2,1.0,1.0,1.0,1.0,1.0,1.0,1.0,1.0,L3_collision
MOF_ABIFAT01,ABIFAT01,MONO_ACAGUH,ACAGUH,3,1.0,1.0,1.0,1.0,1.0,1.0,1.0,1.0,L3_collision
MOF_ABIFAT01,ABIFAT01,MONO_AFAYEL,AFAYEL,4,1.0,1.0,1.0,1.0,1.0,1.0,1.0,1.0,L3_collision
MOF_ABIFAT01,ABIFAT01,MONO_AFOLEN,AFOLEN,5,1.0,1.0,1.0,1.0,1.0,1.0,1.0,1.0,L3_collision
MOF_ABIFEX,ABIFEX,MULTI_ABIDAR,ABIDAR,1,0.7625,1.0,0.5833,0.5833,0.5,1.0,1.0,0.5,weak_match
MOF_ABIFEX,ABIFEX,MULTI_ABIDAR01,ABIDAR01,2,0.7625,1.0,0.5833,0.5833,0.5,1.0,1.0,0.5,weak_match
MOF_ABIFEX,ABIFEX,MULTI_ABIDEV,ABIDEV,3,0.7625,1.0,0.5833,0.5833,0.5,1.0,1.0,0.5,weak_match
MOF_ABIFEX,ABIFEX,MULTI_AFEJOL,AFEJOL,4,0.7625,1.0,0.5833,0.5833,0.5,1.0,1.0,0.5,weak_match
MOF_ABIFEX,ABIFEX,MULTI_AFEPAG,AFEPAG,5,0.7625,1.0,0.5833,0.5833,0.5,1.0,1.0,0.5,weak_match
MOF_ABIGEZ,ABIGEZ,MONO_ADMGCO10,ADMGCO10,1,0.8917,1.0,0.6667,1.0,1.0,1.0,1.0,0.5,relaxed_donor_geometry_match
MOF_ABIGEZ,ABIGEZ,MONO_ACTSCO10,ACTSCO10,2,0.8417,1.0,0.8,0.8333,0.0,1.0,1.0,0.5,bridge_topology_match
MOF_ABIGEZ,ABIGEZ,MONO_AAZDCO,AAZDCO,3,0.7875,1.0,0.25,1.0,1.0,1.0,1.0,0.5,weak_match
MOF_ABIGEZ,ABIGEZ,MONO_ABASEE,ABASEE,4,0.7875,1.0,0.25,1.0,1.0,1.0,1.0,0.5,weak_match
MOF_ABIGEZ,ABIGEZ,MONO_ABDSCT,ABDSCT,5,0.7875,1.0,0.25,1.0,1.0,1.0,1.0,0.5,weak_match
MOF_ABIGEZ01,ABIGEZ01,MONO_ADMGCO10,ADMGCO10,1,0.8917,1.0,0.6667,1.0,1.0,1.0,1.0,0.5,relaxed_donor_geometry_match
MOF_ABIGEZ01,ABIGEZ01,MONO_ACTSCO10,ACTSCO10,2,0.8417,1.0,0.8,0.8333,0.0,1.0,1.0,0.5,bridge_topology_match
MOF_ABIGEZ01,ABIGEZ01,MONO_AAZDCO,AAZDCO,3,0.7875,1.0,0.25,1.0,1.0,1.0,1.0,0.5,weak_match
MOF_ABIGEZ01,ABIGEZ01,MONO_ABASEE,ABASEE,4,0.7875,1.0,0.25,1.0,1.0,1.0,1.0,0.5,weak_match
MOF_ABIGEZ01,ABIGEZ01,MONO_ABDSCT,ABDSCT,5,0.7875,1.0,0.25,1.0,1.0,1.0,1.0,0.5,weak_match
MOF_ABIGEZ02,ABIGEZ02,MONO_ADMGCO10,ADMGCO10,1,0.8917,1.0,0.6667,1.0,1.0,1.0,1.0,0.5,relaxed_donor_geometry_match
MOF_ABIGEZ02,ABIGEZ02,MONO_ACTSCO10,ACTSCO10,2,0.8417,1.0,0.8,0.8333,0.0,1.0,1.0,0.5,bridge_topology_match
MOF_ABIGEZ02,ABIGEZ02,MONO_AAZDCO,AAZDCO,3,0.7875,1.0,0.25,1.0,1.0,1.0,1.0,0.5,weak_match
MOF_ABIGEZ02,ABIGEZ02,MONO_ABASEE,ABASEE,4,0.7875,1.0,0.25,1.0,1.0,1.0,1.0,0.5,weak_match
MOF_ABIGEZ02,ABIGEZ02,MONO_ABDSCT,ABDSCT,5,0.7875,1.0,0.25,1.0,1.0,1.0,1.0,0.5,weak_match
MOF_ABIGEZ03,ABIGEZ03,MONO_ADMGCO10,ADMGCO10,1,0.8917,1.0,0.6667,1.0,1.0,1.0,1.0,0.5,relaxed_donor_geometry_match
MOF_ABIGEZ03,ABIGEZ03,MONO_ACTSCO10,ACTSCO10,2,0.8417,1.0,0.8,0.8333,0.0,1.0,1.0,0.5,bridge_topology_match
MOF_ABIGEZ03,ABIGEZ03,MONO_AAZDCO,AAZDCO,3,0.7875,1.0,0.25,1.0,1.0,1.0,1.0,0.5,weak_match
MOF_ABIGEZ03,ABIGEZ03,MONO_ABASEE,ABASEE,4,0.7875,1.0,0.25,1.0,1.0,1.0,1.0,0.5,weak_match
MOF_ABIGEZ03,ABIGEZ03,MONO_ABDSCT,ABDSCT,5,0.7875,1.0,0.25,1.0,1.0,1.0,1.0,0.5,weak_match
MOF_ABIGEZ04,ABIGEZ04,MONO_ADMGCO10,ADMGCO10,1,0.8917,1.0,0.6667,1.0,1.0,1.0,1.0,0.5,relaxed_donor_geometry_match
MOF_ABIGEZ04,ABIGEZ04,MONO_ACTSCO10,ACTSCO10,2,0.8417,1.0,0.8,0.8333,0.0,1.0,1.0,0.5,bridge_topology_match
MOF_ABIGEZ04,ABIGEZ04,MONO_AAZDCO,AAZDCO,3,0.7875,1.0,0.25,1.0,1.0,1.0,1.0,0.5,weak_match
MOF_ABIGEZ04,ABIGEZ04,MONO_ABASEE,ABASEE,4,0.7875,1.0,0.25,1.0,1.0,1.0,1.0,0.5,weak_match
MOF_ABIGEZ04,ABIGEZ04,MONO_ABDSCT,ABDSCT,5,0.7875,1.0,0.25,1.0,1.0,1.0,1.0,0.5,weak_match
MOF_ABIGEZ05,ABIGEZ05,MONO_ADMGCO10,ADMGCO10,1,0.8917,1.0,0.6667,1.0,1.0,1.0,1.0,0.5,relaxed_donor_geometry_match
MOF_ABIGEZ05,ABIGEZ05,MONO_ACTSCO10,ACTSCO10,2,0.8417,1.0,0.8,0.8333,0.0,1.0,1.0,0.5,bridge_topology_match
MOF_ABIGEZ05,ABIGEZ05,MONO_AAZDCO,AAZDCO,3,0.7875,1.0,0.25,1.0,1.0,1.0,1.0,0.5,weak_match
MOF_ABIGEZ05,ABIGEZ05,MONO_ABASEE,ABASEE,4,0.7875,1.0,0.25,1.0,1.0,1.0,1.0,0.5,weak_match
MOF_ABIGEZ05,ABIGEZ05,MONO_ABDSCT,ABDSCT,5,0.7875,1.0,0.25,1.0,1.0,1.0,1.0,0.5,weak_match
MOF_ABIGEZ06,ABIGEZ06,MONO_ADMGCO10,ADMGCO10,1,0.8917,1.0,0.6667,1.0,1.0,1.0,1.0,0.5,relaxed_donor_geometry_match
MOF_ABIGEZ06,ABIGEZ06,MONO_ACTSCO10,ACTSCO10,2,0.8417,1.0,0.8,0.8333,0.0,1.0,1.0,0.5,bridge_topology_match
MOF_ABIGEZ06,ABIGEZ06,MONO_AAZDCO,AAZDCO,3,0.7875,1.0,0.25,1.0,1.0,1.0,1.0,0.5,weak_match
MOF_ABIGEZ06,ABIGEZ06,MONO_ABASEE,ABASEE,4,0.7875,1.0,0.25,1.0,1.0,1.0,1.0,0.5,weak_match
MOF_ABIGEZ06,ABIGEZ06,MONO_ABDSCT,ABDSCT,5,0.7875,1.0,0.25,1.0,1.0,1.0,1.0,0.5,weak_match
MOF_ABIHEC,ABIHEC,MONO_ACICIZ,ACICIZ,1,1.0,1.0,1.0,1.0,1.0,1.0,1.0,1.0,L3_collision
MOF_ABIHEC,ABIHEC,MONO_ACIFEA,ACIFEA,2,1.0,1.0,1.0,1.0,1.0,1.0,1.0,1.0,L3_collision
MOF_ABIHEC,ABIHEC,MONO_ACIFEA01,ACIFEA01,3,1.0,1.0,1.0,1.0,1.0,1.0,1.0,1.0,L3_collision
MOF_ABIHEC,ABIHEC,MONO_ADOPER,ADOPER,4,1.0,1.0,1.0,1.0,1.0,1.0,1.0,1.0,L3_collision
MOF_ABIHEC,ABIHEC,MONO_AFICIF,AFICIF,5,1.0,1.0,1.0,1.0,1.0,1.0,1.0,1.0,L3_collision
MOF_ABIJUS,ABIJUS,MULTI_ADIZAO,ADIZAO,1,0.6667,0.2,0.6667,0.9375,0.75,1.0,1.0,0.5,weak_match
MOF_ABIJUS,ABIJUS,MULTI_ABIDUL,ABIDUL,2,0.6406,0.2,0.5625,0.9375,0.75,1.0,1.0,0.5,weak_match
MOF_ABIJUS,ABIJUS,MULTI_ABEVUZ,ABEVUZ,3,0.6167,0.0,0.6667,0.9375,0.75,1.0,1.0,0.5,weak_match
MOF_ABIJUS,ABIJUS,MULTI_ABEZEO,ABEZEO,4,0.6167,0.0,0.6667,0.9375,0.75,1.0,1.0,0.5,weak_match
MOF_ABIJUS,ABIJUS,MULTI_ABIVAK,ABIVAK,5,0.5754,0.2,0.5714,0.75,0.75,1.0,0.7,0.5,weak_match
MOF_ABIKAZ,ABIKAZ,MULTI_ADIZAO,ADIZAO,1,0.6667,0.2,0.6667,0.9375,0.75,1.0,1.0,0.5,weak_match
MOF_ABIKAZ,ABIKAZ,MULTI_ABIDUL,ABIDUL,2,0.6406,0.2,0.5625,0.9375,0.75,1.0,1.0,0.5,weak_match
MOF_ABIKAZ,ABIKAZ,MULTI_ABEVUZ,ABEVUZ,3,0.6167,0.0,0.6667,0.9375,0.75,1.0,1.0,0.5,weak_match
MOF_ABIKAZ,ABIKAZ,MULTI_ABEZEO,ABEZEO,4,0.6167,0.0,0.6667,0.9375,0.75,1.0,1.0,0.5,weak_match
MOF_ABIKAZ,ABIKAZ,MULTI_ABATIG,ABATIG,5,0.5676,0.0,0.4706,0.9375,0.75,1.0,1.0,0.5,weak_match
MOF_ABINEF,ABINEF,MULTI_ABASAZ,ABASAZ,1,0.4749,0.3,0.4286,0.7222,0.6667,0.5,0.4,0.5,no_match
MOF_ABINEF,ABINEF,MULTI_ABOGEF,ABOGEF,2,0.4306,0.8,0.2308,0.4583,0.5,0.3125,0,0.5,no_match
MOF_ABINEF,ABINEF,MULTI_ACIFAU,ACIFAU,3,0.425,0.8,0.2667,0.4583,0.1667,0.3333,0,0.5,no_match
MOF_ABINEF,ABINEF,MULTI_ABOFII,ABOFII,4,0.4201,0.8,0.2222,0.4375,0.4167,0.3125,0,0.5,no_match
MOF_ABINEF,ABINEF,MULTI_ABOJIK,ABOJIK,5,0.4125,0.8,0.4167,0.4167,0.0,0.0,0,0.5,no_match
MOF_ABINIK,ABINIK,MULTI_ABIJIF,ABIJIF,1,0.4508,0.0,0.3548,0.8056,0.8889,0.6154,0.7,0.5,no_match
MOF_ABINIK,ABINIK,MULTI_AFACUG,AFACUG,2,0.444,0.0,0.6667,0.5833,0.6667,0.9231,0.1,0.5,no_match
MOF_ABINIK,ABINIK,MULTI_ABAROM,ABAROM,3,0.4136,0.0,0.3333,0.8704,0.7778,0.4231,0.5,0.5,no_match
MOF_ABINIK,ABINIK,MULTI_ACOQOY,ACOQOY,4,0.4042,0.8,0.0769,0.5833,0.6667,0.0,0.1,0.5,no_match
MOF_ABINIK,ABINIK,MULTI_ACENOL,ACENOL,5,0.4022,0.8,0.0732,0.5926,0.2222,0.1923,0.1,0.5,no_match
MOF_ABINIK01,ABINIK01,MULTI_ABIJIF,ABIJIF,1,0.4508,0.0,0.3548,0.8056,0.8889,0.6154,0.7,0.5,no_match
MOF_ABINIK01,ABINIK01,MULTI_AFACUG,AFACUG,2,0.444,0.0,0.6667,0.5833,0.6667,0.9231,0.1,0.5,no_match
MOF_ABINIK01,ABINIK01,MULTI_ABAROM,ABAROM,3,0.4136,0.0,0.3333,0.8704,0.7778,0.4231,0.5,0.5,no_match
MOF_ABINIK01,ABINIK01,MULTI_ACOQOY,ACOQOY,4,0.4042,0.8,0.0769,0.5833,0.6667,0.0,0.1,0.5,no_match
MOF_ABINIK01,ABINIK01,MULTI_ACENOL,ACENOL,5,0.4022,0.8,0.0732,0.5926,0.2222,0.1923,0.1,0.5,no_match
MOF_ABINIM,ABINIM,MULTI_ABUQEW,ABUQEW,1,0.5869,0.8,0.7143,0.3333,0.3333,1.0,0,0.5,bridge_topology_match
MOF_ABINIM,ABINIM,MULTI_ACOQOY,ACOQOY,2,0.5817,1.0,0.0,0.5333,0.0,1.0,1.0,0.5,weak_match
MOF_ABINIM,ABINIM,MULTI_ACENOL,ACENOL,3,0.5735,1.0,0.5385,0.5278,0.1667,0.0,0.5,0.5,weak_match
MOF_ABINIM,ABINIM,MULTI_ACEXUB,ACEXUB,4,0.5406,0.8,0.6,0.2778,0.0,1.0,0.1,0.5,relaxed_donor_geometry_match
MOF_ABINIM,ABINIM,MULTI_ABOWUL,ABOWUL,5,0.5333,0.8,0.5,0.3333,0.3333,1.0,0,0.5,weak_match
MOF_ABINOQ,ABINOQ,MULTI_ADIROW,ADIROW,1,0.6061,0.8,0.7778,0.4167,0.6667,0.0,0.7,0.5,relaxed_donor_geometry_match
MOF_ABINOQ,ABINOQ,MULTI_ACOQUE,ACOQUE,2,0.6025,1.0,0.1765,0.75,0.6667,0.0,1.0,0.5,weak_match
MOF_ABINOQ,ABINOQ,MULTI_ABAZAF01,ABAZAF01,3,0.5833,1.0,0.2,0.75,0.6667,0.25,0.5,0.5,weak_match
MOF_ABINOQ,ABINOQ,MULTI_AFEGAV,AFEGAV,4,0.5583,1.0,0.0,0.75,0.6667,0.5,0.5,0.5,weak_match
MOF_ABINOQ,ABINOQ,MULTI_AFEBAQ,AFEBAQ,5,0.5556,1.0,0.1667,0.7778,0.3333,0.1667,0.5,0.5,weak_match
MOF_ABIQAE,ABIQAE,MULTI_ADISEN,ADISEN,1,0.7583,1.0,0.6667,0.5833,0.0,1.0,1.0,0.5,relaxed_donor_geometry_match
MOF_ABIQAE,ABIQAE,MULTI_ABARUT,ABARUT,2,0.706,1.0,0.3571,0.5833,0.5,1.0,1.0,0.5,weak_match
MOF_ABIQAE,ABIQAE,MULTI_ABOJUW,ABOJUW,3,0.706,1.0,0.3571,0.5833,0.5,1.0,1.0,0.5,weak_match
MOF_ABIQAE,ABIQAE,MULTI_AFAVUB,AFAVUB,4,0.706,1.0,0.3571,0.5833,0.5,1.0,1.0,0.5,weak_match
MOF_ABIQAE,ABIQAE,MULTI_ABOLUA,ABOLUA,5,0.6833,1.0,0.2667,0.5833,0.5,1.0,1.0,0.5,weak_match
MOF_ABIRAF,ABIRAF,MULTI_ADAGPC,ADAGPC,1,0.8833,1.0,1.0,0.6667,0.0,1.0,1.0,1.0,bridge_topology_match
MOF_ABIRAF,ABIRAF,MULTI_ADIXIV,ADIXIV,2,0.8833,1.0,1.0,0.6667,0.0,1.0,1.0,1.0,bridge_topology_match
MOF_ABIRAF,ABIRAF,MULTI_AFATOQ,AFATOQ,3,0.8833,1.0,1.0,0.6667,0.0,1.0,1.0,1.0,bridge_topology_match
MOF_ABIRAF,ABIRAF,MULTI_ADECAO,ADECAO,4,0.8333,1.0,1.0,0.6667,0.0,1.0,0.5,1.0,bridge_topology_match
MOF_ABIRAF,ABIRAF,MULTI_ADAGPC01,ADAGPC01,5,0.75,1.0,0.6667,0.6667,0.5,1.0,0.5,0.5,relaxed_donor_geometry_match
MOF_ABIREJ,ABIREJ,MULTI_ADAGPC,ADAGPC,1,0.8833,1.0,1.0,0.6667,0.0,1.0,1.0,1.0,bridge_topology_match
MOF_ABIREJ,ABIREJ,MULTI_ADIXIV,ADIXIV,2,0.8833,1.0,1.0,0.6667,0.0,1.0,1.0,1.0,bridge_topology_match
MOF_ABIREJ,ABIREJ,MULTI_AFATOQ,AFATOQ,3,0.8833,1.0,1.0,0.6667,0.0,1.0,1.0,1.0,bridge_topology_match
MOF_ABIREJ,ABIREJ,MULTI_ADECAO,ADECAO,4,0.8333,1.0,1.0,0.6667,0.0,1.0,0.5,1.0,bridge_topology_match
MOF_ABIREJ,ABIREJ,MULTI_ADAGPC01,ADAGPC01,5,0.75,1.0,0.6667,0.6667,0.5,1.0,0.5,0.5,relaxed_donor_geometry_match
MOF_ABIRIN,ABIRIN,MULTI_ADAGPC,ADAGPC,1,0.8833,1.0,1.0,0.6667,0.0,1.0,1.0,1.0,bridge_topology_match
MOF_ABIRIN,ABIRIN,MULTI_ADIXIV,ADIXIV,2,0.8833,1.0,1.0,0.6667,0.0,1.0,1.0,1.0,bridge_topology_match
MOF_ABIRIN,ABIRIN,MULTI_AFATOQ,AFATOQ,3,0.8833,1.0,1.0,0.6667,0.0,1.0,1.0,1.0,bridge_topology_match
MOF_ABIRIN,ABIRIN,MULTI_ADECAO,ADECAO,4,0.8333,1.0,1.0,0.6667,0.0,1.0,0.5,1.0,bridge_topology_match
MOF_ABIRIN,ABIRIN,MULTI_ADAGPC01,ADAGPC01,5,0.75,1.0,0.6667,0.6667,0.5,1.0,0.5,0.5,relaxed_donor_geometry_match
MOF_ABITEL,ABITEL,MULTI_AFARUW,AFARUW,1,0.6625,1.0,0.1667,0.6667,0.25,1.0,1.0,0.5,weak_match
MOF_ABITEL,ABITEL,MULTI_AFAWAH,AFAWAH,2,0.5583,0.3,0.6667,0.8333,0.5,0.0,1.0,0.5,weak_match
MOF_ABITEL,ABITEL,MULTI_ACACOA,ACACOA,3,0.5333,1.0,0.0,0.8333,0.5,0.0,0.6667,0.5,weak_match
MOF_ABITEL,ABITEL,MONO_ABIQUX,ABIQUX,4,0.51,0.0,1.0,0.5,0.0,1.0,0.1,1.0,weak_match
MOF_ABITEL,ABITEL,MONO_ACELOM,ACELOM,5,0.51,0.0,1.0,0.5,0.0,1.0,0.1,1.0,weak_match
MOF_ABITIP,ABITIP,MULTI_AFARUW,AFARUW,1,0.6625,1.0,0.1667,0.6667,0.25,1.0,1.0,0.5,weak_match
MOF_ABITIP,ABITIP,MULTI_AFAWAH,AFAWAH,2,0.5583,0.3,0.6667,0.8333,0.5,0.0,1.0,0.5,weak_match
MOF_ABITIP,ABITIP,MULTI_ACACOA,ACACOA,3,0.5333,1.0,0.0,0.8333,0.5,0.0,0.6667,0.5,weak_match
MOF_ABITIP,ABITIP,MONO_ABIQUX,ABIQUX,4,0.51,0.0,1.0,0.5,0.0,1.0,0.1,1.0,weak_match
MOF_ABITIP,ABITIP,MONO_ACELOM,ACELOM,5,0.51,0.0,1.0,0.5,0.0,1.0,0.1,1.0,weak_match
MOF_ABIVEO,ABIVEO,MULTI_ADEREJ,ADEREJ,1,0.7339,1.0,0.5556,0.6,0.0,1.0,1.0,0.5,weak_match
MOF_ABIVEO,ABIVEO,MULTI_ADEKID,ADEKID,2,0.7336,1.0,0.4545,0.6,0.5,1.0,1.0,0.5,weak_match
MOF_ABIVEO,ABIVEO,MULTI_ACUTAT,ACUTAT,3,0.722,1.0,0.4545,0.6667,0.0,1.0,1.0,0.5,weak_match
MOF_ABIVEO,ABIVEO,MULTI_ACOMGP,ACOMGP,4,0.7159,1.0,0.3636,0.75,0.0,1.0,1.0,0.5,weak_match
MOF_ABIVEO,ABIVEO,MULTI_AFEPOT,AFEPOT,5,0.6836,1.0,0.4545,0.6,0.5,1.0,0.5,0.5,weak_match
MOF_ABIVUC,ABIVUC,MULTI_ADODOM,ADODOM,1,0.706,1.0,0.3571,0.5833,0.5,1.0,1.0,0.5,weak_match
MOF_ABIVUC,ABIVUC,MULTI_ABOKIL,ABOKIL,2,0.6611,1.0,0.7778,0.5833,0.5,0.0,0.5,0.5,relaxed_donor_geometry_match
MOF_ABIVUC,ABIVUC,MULTI_ACUZEE,ACUZEE,3,0.6167,1.0,0.0,0.5833,0.5,1.0,1.0,0.5,weak_match
MOF_ABIVUC,ABIVUC,MULTI_ADIFUO,ADIFUO,4,0.5769,0.8,0.7143,0.1667,0.0,1.0,0.4,0.5,bridge_topology_match
MOF_ABIVUC,ABIVUC,MULTI_ADIGEZ,ADIGEZ,5,0.5769,0.8,0.7143,0.1667,0.0,1.0,0.4,0.5,bridge_topology_match
MOF_ABIWAL,ABIWAL,MONO_AFAPUS,AFAPUS,1,1.0,1.0,1.0,1.0,1.0,1.0,1.0,1.0,L3_collision
MOF_ABIWAL,ABIWAL,MONO_AFAQAZ,AFAQAZ,2,1.0,1.0,1.0,1.0,1.0,1.0,1.0,1.0,L3_collision
MOF_ABIWAL,ABIWAL,MONO_AFAQAZ01,AFAQAZ01,3,1.0,1.0,1.0,1.0,1.0,1.0,1.0,1.0,L3_collision
MOF_ABIWAL,ABIWAL,MONO_AFAQAZ02,AFAQAZ02,4,1.0,1.0,1.0,1.0,1.0,1.0,1.0,1.0,L3_collision
MOF_ABIWAL,ABIWAL,MONO_AFIBOH,AFIBOH,5,0.9036,1.0,0.7143,1.0,1.0,1.0,1.0,0.5,bridge_topology_match
MOF_ABIWEN,ABIWEN,MULTI_ABOBEY,ABOBEY,1,0.7825,1.0,0.75,0.6,0.0,1.0,1.0,0.5,bridge_topology_match
MOF_ABIWEN,ABIWEN,MULTI_ABUQUM,ABUQUM,2,0.77,1.0,0.6,0.6,0.5,1.0,1.0,0.5,relaxed_donor_geometry_match
MOF_ABIWEN,ABIWEN,MULTI_ADOLIR,ADOLIR,3,0.77,1.0,0.6,0.6,0.5,1.0,1.0,0.5,relaxed_donor_geometry_match
MOF_ABIWEN,ABIWEN,MULTI_ACHISC10,ACHISC10,4,0.765,1.0,0.5,0.7,0.5,1.0,1.0,0.5,weak_match
MOF_ABIWEN,ABIWEN,MULTI_ABABOY,ABABOY,5,0.7617,1.0,0.6667,0.6,0.0,1.0,1.0,0.5,relaxed_donor_geometry_match
MOF_ABIWOB,ABIWOB,MONO_ABIWUH,ABIWUH,1,0.835,1.0,0.8,0.8,0.0,1.0,1.0,0.5,bridge_topology_match
MOF_ABIWOB,ABIWOB,MONO_ACOMUD,ACOMUD,2,0.8083,1.0,0.3333,1.0,1.0,1.0,1.0,0.5,weak_match
MOF_ABIWOB,ABIWOB,MONO_AGEXES,AGEXES,3,0.8083,1.0,0.3333,1.0,1.0,1.0,1.0,0.5,weak_match
MOF_ABIWOB,ABIWOB,MONO_AGEYAP,AGEYAP,4,0.8083,1.0,0.3333,1.0,1.0,1.0,1.0,0.5,weak_match
MOF_ABIWOB,ABIWOB,MONO_ACONEO,ACONEO,5,0.7607,1.0,0.1429,1.0,1.0,1.0,1.0,0.5,weak_match
MOF_ABIWOX,ABIWOX,MULTI_ACADCO,ACADCO,1,0.7167,1.0,0.5,0.5,0.3333,1.0,1.0,0.5,weak_match
MOF_ABIWOX,ABIWOX,MULTI_AFEPOT,AFEPOT,2,0.6756,0.8,0.9,0.2778,0.0,1.0,0.7,0.5,bridge_topology_match
MOF_ABIWOX,ABIWOX,MULTI_ACICUM,ACICUM,3,0.6514,1.0,0.75,0.6111,0.3333,0.0,0.5,0.5,relaxed_donor_geometry_match
MOF_ABIWOX,ABIWOX,MULTI_ABOLOU,ABOLOU,4,0.6325,0.8,0.75,0.1667,0.3333,1.0,0.7,0.5,bridge_topology_match
MOF_ABIWOX,ABIWOX,MULTI_ADEGUN,ADEGUN,5,0.6325,0.8,0.75,0.1667,0.3333,1.0,0.7,0.5,bridge_topology_match
MOF_ABIWOY,ABIWOY,MULTI_ABIWIS,ABIWIS,1,0.8488,1.0,0.875,0.9,0.5,1.0,0.5,0.5,bridge_topology_match
MOF_ABIWOY,ABIWOY,MULTI_ACIDEX,ACIDEX,2,0.78,1.0,0.8,0.9,0.5,0.0,1.0,0.5,relaxed_donor_geometry_match
MOF_ABIWOY,ABIWOY,MULTI_ABAWUX,ABAWUX,3,0.7744,1.0,0.7778,0.9,0.5,0.0,1.0,0.5,relaxed_donor_geometry_match
MOF_ABIWOY,ABIWOY,MULTI_ABAXAE,ABAXAE,4,0.7744,1.0,0.7778,0.9,0.5,0.0,1.0,0.5,relaxed_donor_geometry_match
MOF_ABIWOY,ABIWOY,MULTI_ABOFAY,ABOFAY,5,0.7744,1.0,0.7778,0.9,0.5,0.0,1.0,0.5,relaxed_donor_geometry_match
MOF_ABIWUF,ABIWUF,MONO_ABIZIW,ABIZIW,1,0.835,1.0,0.8,0.8,0.0,1.0,1.0,0.5,bridge_topology_match
MOF_ABIWUF,ABIWUF,MONO_ADABUC,ADABUC,2,0.835,1.0,0.8,0.8,0.0,1.0,1.0,0.5,bridge_topology_match
MOF_ABIWUF,ABIWUF,MONO_ACACDC,ACACDC,3,0.8083,1.0,0.3333,1.0,1.0,1.0,1.0,0.5,weak_match
MOF_ABIWUF,ABIWUF,MONO_ACUJEP,ACUJEP,4,0.8083,1.0,0.3333,1.0,1.0,1.0,1.0,0.5,weak_match
MOF_ABIWUF,ABIWUF,MONO_ADEBIV,ADEBIV,5,0.775,1.0,0.6667,0.6667,0.0,1.0,1.0,0.5,relaxed_donor_geometry_match
MOF_ABIXAM,ABIXAM,MONO_ACUFOW,ACUFOW,1,1.0,1.0,1.0,1.0,1.0,1.0,1.0,1.0,L3_collision
MOF_ABIXAM,ABIXAM,MONO_ADOLEL,ADOLEL,2,1.0,1.0,1.0,1.0,1.0,1.0,1.0,1.0,L3_collision
MOF_ABIXAM,ABIXAM,MONO_AGEYET,AGEYET,3,0.875,1.0,0.6,1.0,1.0,1.0,1.0,0.5,relaxed_donor_geometry_match
MOF_ABIXAM,ABIXAM,MONO_ACOMUD,ACOMUD,4,0.8083,1.0,0.3333,1.0,1.0,1.0,1.0,0.5,weak_match
MOF_ABIXAM,ABIXAM,MONO_ACONEO,ACONEO,5,0.8083,1.0,0.3333,1.0,1.0,1.0,1.0,0.5,weak_match
MOF_ABIXEQ,ABIXEQ,MONO_ABECUH,ABECUH,1,1.0,1.0,1.0,1.0,1.0,1.0,1.0,1.0,L3_collision
MOF_ABIXEQ,ABIXEQ,MONO_ABUWEA,ABUWEA,2,1.0,1.0,1.0,1.0,1.0,1.0,1.0,1.0,L3_collision
MOF_ABIXEQ,ABIXEQ,MONO_ADEQOS,ADEQOS,3,1.0,1.0,1.0,1.0,1.0,1.0,1.0,1.0,L3_collision
MOF_ABIXEQ,ABIXEQ,MONO_ADEQOS01,ADEQOS01,4,1.0,1.0,1.0,1.0,1.0,1.0,1.0,1.0,L3_collision
MOF_ABIXEQ,ABIXEQ,MONO_ADEQUY,ADEQUY,5,1.0,1.0,1.0,1.0,1.0,1.0,1.0,1.0,L3_collision
MOF_ABIXIU,ABIXIU,MULTI_ACIDEX,ACIDEX,1,1.0,1.0,1.0,1.0,1.0,1.0,1.0,1.0,L3_collision
MOF_ABIXIU,ABIXIU,MULTI_ABOLIO,ABOLIO,2,0.8917,1.0,0.6667,1.0,1.0,1.0,1.0,0.5,relaxed_donor_geometry_match
MOF_ABIXIU,ABIXIU,MULTI_ABUVIC,ABUVIC,3,0.8917,1.0,0.6667,1.0,1.0,1.0,1.0,0.5,relaxed_donor_geometry_match
MOF_ABIXIU,ABIXIU,MULTI_ACAPCU01,ACAPCU01,4,0.8917,1.0,0.6667,1.0,1.0,1.0,1.0,0.5,relaxed_donor_geometry_match
MOF_ABIXIU,ABIXIU,MULTI_ADILEE,ADILEE,5,0.8917,1.0,0.6667,1.0,1.0,1.0,1.0,0.5,relaxed_donor_geometry_match
MOF_ABIYET,ABIYET,MONO_ACICIZ,ACICIZ,1,1.0,1.0,1.0,1.0,1.0,1.0,1.0,1.0,L3_collision
MOF_ABIYET,ABIYET,MONO_ACIFEA,ACIFEA,2,1.0,1.0,1.0,1.0,1.0,1.0,1.0,1.0,L3_collision
MOF_ABIYET,ABIYET,MONO_ACIFEA01,ACIFEA01,3,1.0,1.0,1.0,1.0,1.0,1.0,1.0,1.0,L3_collision
MOF_ABIYET,ABIYET,MONO_ADOPER,ADOPER,4,1.0,1.0,1.0,1.0,1.0,1.0,1.0,1.0,L3_collision
MOF_ABIYET,ABIYET,MONO_AFICIF,AFICIF,5,1.0,1.0,1.0,1.0,1.0,1.0,1.0,1.0,L3_collision
MOF_ABIYIV,ABIYIV,MULTI_ADUWII,ADUWII,1,0.5798,0.8,0.2727,0.5833,0.0,1.0,0.7,0.5,weak_match
MOF_ABIYIV,ABIYIV,MULTI_ADIDAW,ADIDAW,2,0.5755,0.8,0.6471,0.5,0.375,0.0,0.7,0.5,relaxed_donor_geometry_match
MOF_ABIYIV,ABIYIV,MULTI_ACACEP,ACACEP,3,0.5679,0.8,0.4118,0.4286,0.2857,1.0,0.4,0.5,weak_match
MOF_ABIYIV,ABIYIV,MULTI_ACADCO,ACADCO,4,0.5384,0.8,0.6154,0.1905,0.4286,1.0,0,0.5,relaxed_donor_geometry_match
MOF_ABIYIV,ABIYIV,MULTI_ACIMIK,ACIMIK,5,0.528,0.8,0.5833,0.2857,0.0,1.0,0,0.5,weak_match
MOF_ABIYIX,ABIYIX,MONO_ACICIZ,ACICIZ,1,1.0,1.0,1.0,1.0,1.0,1.0,1.0,1.0,L3_collision
MOF_ABIYIX,ABIYIX,MONO_ACIFEA,ACIFEA,2,1.0,1.0,1.0,1.0,1.0,1.0,1.0,1.0,L3_collision
MOF_ABIYIX,ABIYIX,MONO_ACIFEA01,ACIFEA01,3,1.0,1.0,1.0,1.0,1.0,1.0,1.0,1.0,L3_collision
MOF_ABIYIX,ABIYIX,MONO_ADOPER,ADOPER,4,1.0,1.0,1.0,1.0,1.0,1.0,1.0,1.0,L3_collision
MOF_ABIYIX,ABIYIX,MONO_AFICIF,AFICIF,5,1.0,1.0,1.0,1.0,1.0,1.0,1.0,1.0,L3_collision
MOF_ABIYOD,ABIYOD,MONO_ACICIZ,ACICIZ,1,1.0,1.0,1.0,1.0,1.0,1.0,1.0,1.0,L3_collision
MOF_ABIYOD,ABIYOD,MONO_ACIFEA,ACIFEA,2,1.0,1.0,1.0,1.0,1.0,1.0,1.0,1.0,L3_collision
MOF_ABIYOD,ABIYOD,MONO_ACIFEA01,ACIFEA01,3,1.0,1.0,1.0,1.0,1.0,1.0,1.0,1.0,L3_collision
MOF_ABIYOD,ABIYOD,MONO_ADOPER,ADOPER,4,1.0,1.0,1.0,1.0,1.0,1.0,1.0,1.0,L3_collision
MOF_ABIYOD,ABIYOD,MONO_AFICIF,AFICIF,5,1.0,1.0,1.0,1.0,1.0,1.0,1.0,1.0,L3_collision
MOF_ABIYUJ,ABIYUJ,MULTI_ABUYEC,ABUYEC,1,0.835,1.0,0.8,0.8,0.0,1.0,1.0,0.5,bridge_topology_match
MOF_ABIYUJ,ABIYUJ,MULTI_ACOGOP,ACOGOP,2,0.835,1.0,0.8,0.8,0.0,1.0,1.0,0.5,bridge_topology_match
MOF_ABIYUJ,ABIYUJ,MULTI_ADEVOV,ADEVOV,3,0.835,1.0,0.8,0.8,0.0,1.0,1.0,0.5,bridge_topology_match
MOF_ABIYUJ,ABIYUJ,MULTI_ADIGUQ,ADIGUQ,4,0.835,1.0,0.8,0.8,0.0,1.0,1.0,0.5,bridge_topology_match
MOF_ABIYUJ,ABIYUJ,MULTI_ADINOQ,ADINOQ,5,0.835,1.0,0.8,0.8,0.0,1.0,1.0,0.5,bridge_topology_match
MOF_ABIZAQ,ABIZAQ,MONO_ACICIZ,ACICIZ,1,1.0,1.0,1.0,1.0,1.0,1.0,1.0,1.0,L3_collision
MOF_ABIZAQ,ABIZAQ,MONO_ACIFEA,ACIFEA,2,1.0,1.0,1.0,1.0,1.0,1.0,1.0,1.0,L3_collision
MOF_ABIZAQ,ABIZAQ,MONO_ACIFEA01,ACIFEA01,3,1.0,1.0,1.0,1.0,1.0,1.0,1.0,1.0,L3_collision
MOF_ABIZAQ,ABIZAQ,MONO_ADOPER,ADOPER,4,1.0,1.0,1.0,1.0,1.0,1.0,1.0,1.0,L3_collision
MOF_ABIZAQ,ABIZAQ,MONO_AFICIF,AFICIF,5,1.0,1.0,1.0,1.0,1.0,1.0,1.0,1.0,L3_collision
MOF_ABIZEU,ABIZEU,MONO_ACICIZ,ACICIZ,1,1.0,1.0,1.0,1.0,1.0,1.0,1.0,1.0,L3_collision
MOF_ABIZEU,ABIZEU,MONO_ACIFEA,ACIFEA,2,1.0,1.0,1.0,1.0,1.0,1.0,1.0,1.0,L3_collision
MOF_ABIZEU,ABIZEU,MONO_ACIFEA01,ACIFEA01,3,1.0,1.0,1.0,1.0,1.0,1.0,1.0,1.0,L3_collision
MOF_ABIZEU,ABIZEU,MONO_ADOPER,ADOPER,4,1.0,1.0,1.0,1.0,1.0,1.0,1.0,1.0,L3_collision
MOF_ABIZEU,ABIZEU,MONO_AFICIF,AFICIF,5,1.0,1.0,1.0,1.0,1.0,1.0,1.0,1.0,L3_collision
MOF_ABIZIY,ABIZIY,MONO_ABIYOA,ABIYOA,1,1.0,1.0,1.0,1.0,1.0,1.0,1.0,1.0,L3_collision
MOF_ABIZIY,ABIZIY,MONO_ABIYUG,ABIYUG,2,1.0,1.0,1.0,1.0,1.0,1.0,1.0,1.0,L3_collision
MOF_ABIZIY,ABIZIY,MONO_ABIZER,ABIZER,3,1.0,1.0,1.0,1.0,1.0,1.0,1.0,1.0,L3_collision
MOF_ABIZIY,ABIZIY,MONO_ABOBEZ,ABOBEZ,4,1.0,1.0,1.0,1.0,1.0,1.0,1.0,1.0,L3_collision
MOF_ABIZIY,ABIZIY,MONO_ABOQAJ,ABOQAJ,5,1.0,1.0,1.0,1.0,1.0,1.0,1.0,1.0,L3_collision
MOF_ABIZOE,ABIZOE,MONO_ABIYOA,ABIYOA,1,1.0,1.0,1.0,1.0,1.0,1.0,1.0,1.0,L3_collision
MOF_ABIZOE,ABIZOE,MONO_ABIYUG,ABIYUG,2,1.0,1.0,1.0,1.0,1.0,1.0,1.0,1.0,L3_collision
MOF_ABIZOE,ABIZOE,MONO_ABIZER,ABIZER,3,1.0,1.0,1.0,1.0,1.0,1.0,1.0,1.0,L3_collision
MOF_ABIZOE,ABIZOE,MONO_ABOBEZ,ABOBEZ,4,1.0,1.0,1.0,1.0,1.0,1.0,1.0,1.0,L3_collision
MOF_ABIZOE,ABIZOE,MONO_ABOQAJ,ABOQAJ,5,1.0,1.0,1.0,1.0,1.0,1.0,1.0,1.0,L3_collision
MOF_ABIZUK,ABIZUK,MONO_ABIYOA,ABIYOA,1,1.0,1.0,1.0,1.0,1.0,1.0,1.0,1.0,L3_collision
MOF_ABIZUK,ABIZUK,MONO_ABIYUG,ABIYUG,2,1.0,1.0,1.0,1.0,1.0,1.0,1.0,1.0,L3_collision
MOF_ABIZUK,ABIZUK,MONO_ABIZER,ABIZER,3,1.0,1.0,1.0,1.0,1.0,1.0,1.0,1.0,L3_collision
MOF_ABIZUK,ABIZUK,MONO_ABOBEZ,ABOBEZ,4,1.0,1.0,1.0,1.0,1.0,1.0,1.0,1.0,L3_collision
MOF_ABIZUK,ABIZUK,MONO_ABOQAJ,ABOQAJ,5,1.0,1.0,1.0,1.0,1.0,1.0,1.0,1.0,L3_collision
MOF_ABOBAY,ABOBAY,MONO_ABIYOA,ABIYOA,1,1.0,1.0,1.0,1.0,1.0,1.0,1.0,1.0,L3_collision
MOF_ABOBAY,ABOBAY,MONO_ABIYUG,ABIYUG,2,1.0,1.0,1.0,1.0,1.0,1.0,1.0,1.0,L3_collision
MOF_ABOBAY,ABOBAY,MONO_ABIZER,ABIZER,3,1.0,1.0,1.0,1.0,1.0,1.0,1.0,1.0,L3_collision
MOF_ABOBAY,ABOBAY,MONO_ABOBEZ,ABOBEZ,4,1.0,1.0,1.0,1.0,1.0,1.0,1.0,1.0,L3_collision
MOF_ABOBAY,ABOBAY,MONO_ABOQAJ,ABOQAJ,5,1.0,1.0,1.0,1.0,1.0,1.0,1.0,1.0,L3_collision
MOF_ABOBIC,ABOBIC,MULTI_ABECOA,ABECOA,1,0.7583,1.0,0.6667,0.5833,0.0,1.0,1.0,0.5,relaxed_donor_geometry_match
MOF_ABOBIC,ABOBIC,MULTI_ABIFUQ,ABIFUQ,2,0.7583,1.0,0.6667,0.5833,0.0,1.0,1.0,0.5,relaxed_donor_geometry_match
MOF_ABOBIC,ABOBIC,MULTI_ACNICP,ACNICP,3,0.7269,1.0,0.3077,0.75,0.5,1.0,1.0,0.5,weak_match
MOF_ABOBIC,ABOBIC,MULTI_ADOJUB,ADOJUB,4,0.7167,1.0,0.5,0.5833,0.0,1.0,1.0,0.5,weak_match
MOF_ABOBIC,ABOBIC,MULTI_ADOJUB01,ADOJUB01,5,0.7167,1.0,0.5,0.5833,0.0,1.0,1.0,0.5,weak_match
MOF_ABOBUQ,ABOBUQ,MULTI_ADAGPC,ADAGPC,1,0.8375,1.0,0.75,0.75,0.5,1.0,1.0,0.5,bridge_topology_match
MOF_ABOBUQ,ABOBUQ,MULTI_ADIXIV,ADIXIV,2,0.8375,1.0,0.75,0.75,0.5,1.0,1.0,0.5,bridge_topology_match
MOF_ABOBUQ,ABOBUQ,MULTI_AFATOQ,AFATOQ,3,0.8375,1.0,0.75,0.75,0.5,1.0,1.0,0.5,bridge_topology_match
MOF_ABOBUQ,ABOBUQ,MULTI_ADECAO,ADECAO,4,0.7875,1.0,0.75,0.75,0.5,1.0,0.5,0.5,bridge_topology_match
MOF_ABOBUQ,ABOBUQ,MONO_ABEFEV,ABEFEV,5,0.7367,0.8,1.0,0.3333,0.0,1.0,0.7,1.0,bridge_topology_match
MOF_ABOCAV,ABOCAV,MULTI_ADUSIB,ADUSIB,1,0.6971,0.8,0.875,0.4167,0.0,1.0,0.7,0.5,bridge_topology_match
MOF_ABOCAV,ABOCAV,MULTI_ADAGPC01,ADAGPC01,2,0.6283,0.8,0.4444,0.4444,0.6667,1.0,0.7,0.5,weak_match
MOF_ABOCAV,ABOCAV,MULTI_AFENOR,AFENOR,3,0.6267,0.8,0.5714,0.4444,0.0,1.0,0.7,0.5,weak_match
MOF_ABOCAV,ABOCAV,MULTI_ACOCAX,ACOCAX,4,0.6117,0.8,0.7,0.5833,0.5,0.0,0.7,0.5,relaxed_donor_geometry_match
MOF_ABOCAV,ABOCAV,MULTI_ACUWAW,ACUWAW,5,0.6038,1.0,0.1818,0.6667,0.0,1.0,0.5,0.5,weak_match
MOF_ABOCIF,ABOCIF,MULTI_ADOXEY,ADOXEY,1,0.6837,0.8,0.6667,0.7381,0.5714,0.4583,0.7,0.5,relaxed_donor_geometry_match
MOF_ABOCIF,ABOCIF,MULTI_ACACMN23,ACACMN23,2,0.5763,0.8,0.8889,0.4524,0.5714,0.0,0.1,0.5,relaxed_donor_geometry_match
MOF_ABOCIF,ABOCIF,MULTI_ACACMN24,ACACMN24,3,0.5763,0.8,0.8889,0.4524,0.5714,0.0,0.1,0.5,relaxed_donor_geometry_match
MOF_ABOCIF,ABOCIF,MULTI_ACINUW,ACINUW,4,0.567,0.8,0.5517,0.4524,0.5714,0.75,0.1,0.5,weak_match
MOF_ABOCIF,ABOCIF,MULTI_ACIPAE,ACIPAE,5,0.567,0.8,0.5517,0.4524,0.5714,0.75,0.1,0.5,weak_match
MOF_ABOCUP,ABOCUP,MULTI_ADIECU,ADIECU,1,0.9333,1.0,0.8333,1.0,1.0,1.0,1.0,0.5,bridge_topology_match
MOF_ABOCUP,ABOCUP,MULTI_AFEGEY01,AFEGEY01,2,0.9333,1.0,0.8333,1.0,1.0,1.0,1.0,0.5,bridge_topology_match
MOF_ABOCUP,ABOCUP,MULTI_ACIDEX,ACIDEX,3,0.9167,1.0,1.0,0.8333,0.0,1.0,1.0,1.0,bridge_topology_match
MOF_ABOCUP,ABOCUP,MULTI_ACAGIV,ACAGIV,4,0.8679,1.0,0.5714,1.0,1.0,1.0,1.0,0.5,weak_match
MOF_ABOCUP,ABOCUP,MULTI_ACAGIV01,ACAGIV01,5,0.8679,1.0,0.5714,1.0,1.0,1.0,1.0,0.5,weak_match
MOF_ABOGAD,ABOGAD,MULTI_ADAGPC,ADAGPC,1,0.825,1.0,0.4,1.0,1.0,1.0,1.0,0.5,weak_match
MOF_ABOGAD,ABOGAD,MULTI_ADIXIV,ADIXIV,2,0.825,1.0,0.4,1.0,1.0,1.0,1.0,0.5,weak_match
MOF_ABOGAD,ABOGAD,MULTI_AFATOQ,AFATOQ,3,0.825,1.0,0.4,1.0,1.0,1.0,1.0,0.5,weak_match
MOF_ABOGAD,ABOGAD,MULTI_ADECAO,ADECAO,4,0.775,1.0,0.4,1.0,1.0,1.0,0.5,0.5,weak_match
MOF_ABOGAD,ABOGAD,MULTI_ADIFEZ,ADIFEZ,5,0.7667,1.0,0.1667,1.0,1.0,1.0,1.0,0.5,weak_match
MOF_ABOGUX,ABOGUX,MULTI_ABOZOK,ABOZOK,1,0.7227,0.3,1.0,0.8167,0.9,0.6941,0.7,1.0,weak_match
MOF_ABOGUX,ABOGUX,MULTI_ABOZUQ,ABOZUQ,2,0.7227,0.3,1.0,0.8167,0.9,0.6941,0.7,1.0,weak_match
MOF_ABOGUX,ABOGUX,MULTI_ABOYEZ,ABOYEZ,3,0.6583,0.3,0.8421,0.9167,0.9,0.6941,0.5,0.5,weak_match
MOF_ABOGUX,ABOGUX,MULTI_ABOYID,ABOYID,4,0.6583,0.3,0.8421,0.9167,0.9,0.6941,0.5,0.5,weak_match
MOF_ABOGUX,ABOGUX,MULTI_ACALOH,ACALOH,5,0.6506,0.3,0.8,0.9167,0.8,0.7722,0.5,0.5,weak_match
MOF_ABOHIM,ABOHIM,MULTI_ABOZOK,ABOZOK,1,0.7227,0.3,1.0,0.8167,0.9,0.6941,0.7,1.0,weak_match
MOF_ABOHIM,ABOHIM,MULTI_ABOZUQ,ABOZUQ,2,0.7227,0.3,1.0,0.8167,0.9,0.6941,0.7,1.0,weak_match
MOF_ABOHIM,ABOHIM,MULTI_ABOYEZ,ABOYEZ,3,0.6583,0.3,0.8421,0.9167,0.9,0.6941,0.5,0.5,weak_match
MOF_ABOHIM,ABOHIM,MULTI_ABOYID,ABOYID,4,0.6583,0.3,0.8421,0.9167,0.9,0.6941,0.5,0.5,weak_match
MOF_ABOHIM,ABOHIM,MULTI_ABOYUP,ABOYUP,5,0.6069,0.3,0.8485,0.7167,0.8,0.7143,0.4,0.5,weak_match
MOF_ABOHOS,ABOHOS,MULTI_ABOZOK,ABOZOK,1,0.7227,0.3,1.0,0.8167,0.9,0.6941,0.7,1.0,weak_match
MOF_ABOHOS,ABOHOS,MULTI_ABOZUQ,ABOZUQ,2,0.7227,0.3,1.0,0.8167,0.9,0.6941,0.7,1.0,weak_match
MOF_ABOHOS,ABOHOS,MULTI_ADUVAY,ADUVAY,3,0.6895,1.0,0.5938,0.7833,0.5,0.3444,0.5,0.5,weak_match
MOF_ABOHOS,ABOHOS,MULTI_ABOYEZ,ABOYEZ,4,0.6583,0.3,0.8421,0.9167,0.9,0.6941,0.5,0.5,weak_match
MOF_ABOHOS,ABOHOS,MULTI_ABOYID,ABOYID,5,0.6583,0.3,0.8421,0.9167,0.9,0.6941,0.5,0.5,weak_match
MOF_ABOHUY,ABOHUY,MULTI_ABOZOK,ABOZOK,1,0.7227,0.3,1.0,0.8167,0.9,0.6941,0.7,1.0,weak_match
MOF_ABOHUY,ABOHUY,MULTI_ABOZUQ,ABOZUQ,2,0.7227,0.3,1.0,0.8167,0.9,0.6941,0.7,1.0,weak_match
MOF_ABOHUY,ABOHUY,MULTI_ABOYEZ,ABOYEZ,3,0.6583,0.3,0.8421,0.9167,0.9,0.6941,0.5,0.5,weak_match
MOF_ABOHUY,ABOHUY,MULTI_ABOYID,ABOYID,4,0.6583,0.3,0.8421,0.9167,0.9,0.6941,0.5,0.5,weak_match
MOF_ABOHUY,ABOHUY,MULTI_ABOYUP,ABOYUP,5,0.6069,0.3,0.8485,0.7167,0.8,0.7143,0.4,0.5,weak_match
MOF_ABOJAG,ABOJAG,MULTI_ABOZOK,ABOZOK,1,0.7227,0.3,1.0,0.8167,0.9,0.6941,0.7,1.0,weak_match
MOF_ABOJAG,ABOJAG,MULTI_ABOZUQ,ABOZUQ,2,0.7227,0.3,1.0,0.8167,0.9,0.6941,0.7,1.0,weak_match
MOF_ABOJAG,ABOJAG,MULTI_ABOYEZ,ABOYEZ,3,0.6583,0.3,0.8421,0.9167,0.9,0.6941,0.5,0.5,weak_match
MOF_ABOJAG,ABOJAG,MULTI_ABOYID,ABOYID,4,0.6583,0.3,0.8421,0.9167,0.9,0.6941,0.5,0.5,weak_match
MOF_ABOJAG,ABOJAG,MULTI_ABOYUP,ABOYUP,5,0.6069,0.3,0.8485,0.7167,0.8,0.7143,0.4,0.5,weak_match
MOF_ABOJEK,ABOJEK,MULTI_ABOZOK,ABOZOK,1,0.7227,0.3,1.0,0.8167,0.9,0.6941,0.7,1.0,weak_match
MOF_ABOJEK,ABOJEK,MULTI_ABOZUQ,ABOZUQ,2,0.7227,0.3,1.0,0.8167,0.9,0.6941,0.7,1.0,weak_match
MOF_ABOJEK,ABOJEK,MULTI_ABOYEZ,ABOYEZ,3,0.6583,0.3,0.8421,0.9167,0.9,0.6941,0.5,0.5,weak_match
MOF_ABOJEK,ABOJEK,MULTI_ABOYID,ABOYID,4,0.6583,0.3,0.8421,0.9167,0.9,0.6941,0.5,0.5,weak_match
MOF_ABOJEK,ABOJEK,MULTI_ABOYUP,ABOYUP,5,0.6069,0.3,0.8485,0.7167,0.8,0.7143,0.4,0.5,weak_match
MOF_ABOKAD,ABOKAD,MULTI_ADAGPC,ADAGPC,1,0.8375,1.0,0.75,0.75,0.5,1.0,1.0,0.5,bridge_topology_match
MOF_ABOKAD,ABOKAD,MULTI_ADIXIV,ADIXIV,2,0.8375,1.0,0.75,0.75,0.5,1.0,1.0,0.5,bridge_topology_match
MOF_ABOKAD,ABOKAD,MULTI_AFATOQ,AFATOQ,3,0.8375,1.0,0.75,0.75,0.5,1.0,1.0,0.5,bridge_topology_match
MOF_ABOKAD,ABOKAD,MULTI_ADECAO,ADECAO,4,0.7875,1.0,0.75,0.75,0.5,1.0,0.5,0.5,bridge_topology_match
MOF_ABOKAD,ABOKAD,MONO_ABEFEV,ABEFEV,5,0.7367,0.8,1.0,0.3333,0.0,1.0,0.7,1.0,bridge_topology_match
MOF_ABOKEL,ABOKEL,MULTI_ABOYUP,ABOYUP,1,0.6887,0.3,0.9667,0.7222,0.7778,0.9375,0.7,0.5,weak_match
MOF_ABOKEL,ABOKEL,MULTI_ACANOJ,ACANOJ,2,0.6453,0.3,0.8286,0.8519,0.7778,0.7895,0.5,0.5,weak_match
MOF_ABOKEL,ABOKEL,MULTI_ACAPEB,ACAPEB,3,0.6312,0.3,0.75,0.75,0.6,0.9375,0.7,0.5,weak_match
MOF_ABOKEL,ABOKEL,MULTI_ACAPIF,ACAPIF,4,0.6312,0.3,0.75,0.75,0.6,0.9375,0.7,0.5,weak_match
MOF_ABOKEL,ABOKEL,MULTI_ABOZOK,ABOZOK,5,0.6295,0.3,0.8788,0.8333,0.7778,0.5429,0.5,0.5,weak_match
MOF_ABOSET,ABOSET,MULTI_ABOLIO,ABOLIO,1,0.7667,1.0,0.7,0.5833,0.0,1.0,1.0,0.5,bridge_topology_match
MOF_ABOSET,ABOSET,MULTI_ACAPCU01,ACAPCU01,2,0.7667,1.0,0.7,0.5833,0.0,1.0,1.0,0.5,bridge_topology_match
MOF_ABOSET,ABOSET,MULTI_ACIDEX,ACIDEX,3,0.7667,1.0,0.7,0.5833,0.0,1.0,1.0,0.5,bridge_topology_match
MOF_ABOSET,ABOSET,MULTI_AFAVAE,AFAVAE,4,0.7667,1.0,0.7,0.5833,0.0,1.0,1.0,0.5,bridge_topology_match
MOF_ABOSET,ABOSET,MULTI_AFEQAG,AFEQAG,5,0.7667,1.0,0.7,0.5833,0.0,1.0,1.0,0.5,bridge_topology_match
MOF_ABOSIX,ABOSIX,MULTI_ACUCEI,ACUCEI,1,0.95,1.0,1.0,1.0,1.0,1.0,0.5,1.0,L3_collision
MOF_ABOSIX,ABOSIX,MULTI_ACUCEI01,ACUCEI01,2,0.95,1.0,1.0,1.0,1.0,1.0,0.5,1.0,L3_collision
MOF_ABOSIX,ABOSIX,MULTI_ADADAL,ADADAL,3,0.95,1.0,1.0,1.0,1.0,1.0,0.5,1.0,L3_collision
MOF_ABOSIX,ABOSIX,MULTI_AFEGOI,AFEGOI,4,0.95,1.0,1.0,1.0,1.0,1.0,0.5,1.0,L3_collision
MOF_ABOSIX,ABOSIX,MULTI_ABUVIC,ABUVIC,5,0.825,1.0,0.8,1.0,1.0,0.0,1.0,0.5,relaxed_donor_geometry_match
MOF_ABOSOC,ABOSOC,MULTI_ABUNOD,ABUNOD,1,0.8551,1.0,0.6316,0.9444,0.6667,1.0,1.0,0.5,relaxed_donor_geometry_match
MOF_ABOSOC,ABOSOC,MULTI_ADARAY,ADARAY,2,0.7607,1.0,0.1429,1.0,1.0,1.0,1.0,0.5,weak_match
MOF_ABOSOC,ABOSOC,MULTI_ADARAY01,ADARAY01,3,0.7607,1.0,0.1429,1.0,1.0,1.0,1.0,0.5,weak_match
MOF_ABOSOC,ABOSOC,MULTI_ACUBUX,ACUBUX,4,0.7464,1.0,0.3077,0.8889,0.3333,1.0,1.0,0.5,weak_match
MOF_ABOSOC,ABOSOC,MULTI_ACUBUX01,ACUBUX01,5,0.7464,1.0,0.3077,0.8889,0.3333,1.0,1.0,0.5,weak_match
MOF_ABOSOD,ABOSOD,MULTI_ADONIR,ADONIR,1,0.575,0.8,0.5,0.5,0.5,1.0,0,0.5,weak_match
MOF_ABOSOD,ABOSOD,MULTI_ABUNER,ABUNER,2,0.5409,0.8,0.3636,0.5,0.5,1.0,0,0.5,weak_match
MOF_ABOSOD,ABOSOD,MULTI_ABOZOI,ABOZOI,3,0.4983,0.8,0.3667,0.3667,0.1667,1.0,0,0.5,no_match
MOF_ABOSOD,ABOSOD,MULTI_ABUQUM,ABUQUM,4,0.4917,0.8,0.3333,0.3333,0.3333,1.0,0,0.5,no_match
MOF_ABOSOD,ABOSOD,MULTI_ADIMAB,ADIMAB,5,0.4917,0.8,0.3333,0.3333,0.3333,1.0,0,0.5,no_match
MOF_ABOSUJ,ABOSUJ,MULTI_ADIECU,ADIECU,1,0.8542,1.0,0.9167,1.0,1.0,0.0,1.0,0.5,relaxed_donor_geometry_match
MOF_ABOSUJ,ABOSUJ,MULTI_AFEGEY01,AFEGEY01,2,0.8173,1.0,0.7692,1.0,1.0,0.0,1.0,0.5,relaxed_donor_geometry_match
MOF_ABOSUJ,ABOSUJ,MULTI_ACAGIV,ACAGIV,3,0.7857,1.0,0.6429,1.0,1.0,0.0,1.0,0.5,relaxed_donor_geometry_match
MOF_ABOSUJ,ABOSUJ,MULTI_ACAGIV01,ACAGIV01,4,0.7857,1.0,0.6429,1.0,1.0,0.0,1.0,0.5,relaxed_donor_geometry_match
MOF_ABOSUJ,ABOSUJ,MULTI_ACAGIV02,ACAGIV02,5,0.7857,1.0,0.6429,1.0,1.0,0.0,1.0,0.5,relaxed_donor_geometry_match
MOF_ABOTUG,ABOTUG,MULTI_ACADCO,ACADCO,1,0.6811,0.8,0.7778,0.3333,0.5,1.0,0.7,0.5,bridge_topology_match
MOF_ABOTUG,ABOTUG,MULTI_ADAWUA,ADAWUA,2,0.6778,1.0,0.7778,0.6667,0.5,0.0,0.5,0.5,relaxed_donor_geometry_match
MOF_ABOTUG,ABOTUG,MULTI_ADUWEE,ADUWEE,3,0.644,1.0,0.1429,0.6667,0.0,1.0,1.0,0.5,weak_match
MOF_ABOTUG,ABOTUG,MULTI_ABECUI01,ABECUI01,4,0.6363,1.0,0.4286,0.8333,0.75,0.0,0.5,0.5,weak_match
MOF_ABOTUG,ABOTUG,MULTI_ABOLOU,ABOLOU,5,0.621,0.8,0.8571,0.0833,0.5,1.0,0.4,0.5,bridge_topology_match
MOF_ABOTUG01,ABOTUG01,MULTI_ABOLOU,ABOLOU,1,1.0,1.0,1.0,1.0,1.0,1.0,1.0,1.0,L3_collision
MOF_ABOTUG01,ABOTUG01,MULTI_ADEGUN,ADEGUN,2,1.0,1.0,1.0,1.0,1.0,1.0,1.0,1.0,L3_collision
MOF_ABOTUG01,ABOTUG01,MULTI_ACAQIE,ACAQIE,3,0.9036,1.0,0.7143,1.0,1.0,1.0,1.0,0.5,bridge_topology_match
MOF_ABOTUG01,ABOTUG01,MULTI_ACEYEO,ACEYEO,4,0.9036,1.0,0.7143,1.0,1.0,1.0,1.0,0.5,bridge_topology_match
MOF_ABOTUG01,ABOTUG01,MULTI_ACUSUM,ACUSUM,5,0.85,1.0,0.5,1.0,1.0,1.0,1.0,0.5,weak_match
MOF_ABOTUG02,ABOTUG02,MULTI_ACADCO,ACADCO,1,0.7256,0.8,0.8889,0.4167,0.5,1.0,0.7,0.5,bridge_topology_match
MOF_ABOTUG02,ABOTUG02,MULTI_ADAWUA,ADAWUA,2,0.7222,1.0,0.8889,0.75,0.5,0.0,0.5,0.5,relaxed_donor_geometry_match
MOF_ABOTUG02,ABOTUG02,MULTI_ADUWEE,ADUWEE,3,0.6583,1.0,0.1333,0.75,0.0,1.0,1.0,0.5,weak_match
MOF_ABOTUG02,ABOTUG02,MULTI_ADUWEC,ADUWEC,4,0.6458,1.0,0.75,0.6667,0.0,0.0,0.5,0.5,relaxed_donor_geometry_match
MOF_ABOTUG02,ABOTUG02,MULTI_ADUWEC01,ADUWEC01,5,0.6458,1.0,0.75,0.6667,0.0,0.0,0.5,0.5,relaxed_donor_geometry_match
MOF_ABOTUG03,ABOTUG03,MULTI_ACHACO,ACHACO,1,0.8417,1.0,0.6667,1.0,1.0,1.0,0.5,0.5,relaxed_donor_geometry_match
MOF_ABOTUG03,ABOTUG03,MULTI_ABOLOU,ABOLOU,2,0.8333,1.0,0.8333,1.0,1.0,0.0,1.0,0.5,relaxed_donor_geometry_match
MOF_ABOTUG03,ABOTUG03,MULTI_ACAQIE,ACAQIE,3,0.8333,1.0,0.8333,1.0,1.0,0.0,1.0,0.5,relaxed_donor_geometry_match
MOF_ABOTUG03,ABOTUG03,MULTI_ACEYEO,ACEYEO,4,0.8333,1.0,0.8333,1.0,1.0,0.0,1.0,0.5,relaxed_donor_geometry_match
MOF_ABOTUG03,ABOTUG03,MULTI_ADEGUN,ADEGUN,5,0.8333,1.0,0.8333,1.0,1.0,0.0,1.0,0.5,relaxed_donor_geometry_match
MOF_ABOTUJ,ABOTUJ,MONO_ABSZCU10,ABSZCU10,1,0.925,1.0,0.8,1.0,1.0,1.0,1.0,0.5,bridge_topology_match
MOF_ABOTUJ,ABOTUJ,MONO_AGIGED,AGIGED,2,0.925,1.0,0.8,1.0,1.0,1.0,1.0,0.5,bridge_topology_match
MOF_ABOTUJ,ABOTUJ,MONO_ABAMOJ,ABAMOJ,3,0.85,1.0,0.5,1.0,1.0,1.0,1.0,0.5,weak_match
MOF_ABOTUJ,ABOTUJ,MONO_ABAMUP,ABAMUP,4,0.85,1.0,0.5,1.0,1.0,1.0,1.0,0.5,weak_match
MOF_ABOTUJ,ABOTUJ,MONO_ABOCUQ,ABOCUQ,5,0.85,1.0,0.5,1.0,1.0,1.0,1.0,0.5,weak_match
MOF_ABOVOF,ABOVOF,MONO_ABASOM,ABASOM,1,0.85,1.0,0.5,1.0,1.0,1.0,1.0,0.5,weak_match
MOF_ABOVOF,ABOVOF,MONO_ABATAZ,ABATAZ,2,0.85,1.0,0.5,1.0,1.0,1.0,1.0,0.5,weak_match
MOF_ABOVOF,ABOVOF,MONO_ABIPOS,ABIPOS,3,0.85,1.0,0.5,1.0,1.0,1.0,1.0,0.5,weak_match
MOF_ABOVOF,ABOVOF,MONO_ABOTIX,ABOTIX,4,0.85,1.0,0.5,1.0,1.0,1.0,1.0,0.5,weak_match
MOF_ABOVOF,ABOVOF,MONO_ABOVAR,ABOVAR,5,0.85,1.0,0.5,1.0,1.0,1.0,1.0,0.5,weak_match
MOF_ABOVUL,ABOVUL,MONO_ABASOM,ABASOM,1,0.85,1.0,0.5,1.0,1.0,1.0,1.0,0.5,weak_match
MOF_ABOVUL,ABOVUL,MONO_ABATAZ,ABATAZ,2,0.85,1.0,0.5,1.0,1.0,1.0,1.0,0.5,weak_match
MOF_ABOVUL,ABOVUL,MONO_ABIPOS,ABIPOS,3,0.85,1.0,0.5,1.0,1.0,1.0,1.0,0.5,weak_match
MOF_ABOVUL,ABOVUL,MONO_ABOTIX,ABOTIX,4,0.85,1.0,0.5,1.0,1.0,1.0,1.0,0.5,weak_match
MOF_ABOVUL,ABOVUL,MONO_ABOVAR,ABOVAR,5,0.85,1.0,0.5,1.0,1.0,1.0,1.0,0.5,weak_match
MOF_ABOWEW,ABOWEW,MONO_AGAYOZ,AGAYOZ,1,1.0,1.0,1.0,1.0,1.0,1.0,1.0,1.0,L3_collision
MOF_ABOWEW,ABOWEW,MONO_ABIPUY,ABIPUY,2,0.8917,1.0,0.6667,1.0,1.0,1.0,1.0,0.5,relaxed_donor_geometry_match
MOF_ABOWEW,ABOWEW,MONO_ABOSIW,ABOSIW,3,0.8917,1.0,0.6667,1.0,1.0,1.0,1.0,0.5,relaxed_donor_geometry_match
MOF_ABOWEW,ABOWEW,MONO_ABPYCU,ABPYCU,4,0.8917,1.0,0.6667,1.0,1.0,1.0,1.0,0.5,relaxed_donor_geometry_match
MOF_ABOWEW,ABOWEW,MONO_ABUMUG,ABUMUG,5,0.8917,1.0,0.6667,1.0,1.0,1.0,1.0,0.5,relaxed_donor_geometry_match
MOF_ABOWIA,ABOWIA,MULTI_ACIFEZ,ACIFEZ,1,1.0,1.0,1.0,1.0,1.0,1.0,1.0,1.0,L3_collision
MOF_ABOWIA,ABOWIA,MULTI_ABTCCU,ABTCCU,2,0.875,1.0,0.6,1.0,1.0,1.0,1.0,0.5,relaxed_donor_geometry_match
MOF_ABOWIA,ABOWIA,MULTI_ABOTAP,ABOTAP,3,0.835,1.0,0.8,0.8,0.0,1.0,1.0,0.5,bridge_topology_match
MOF_ABOWIA,ABOWIA,MULTI_ABUBOR,ABUBOR,4,0.835,1.0,0.8,0.8,0.0,1.0,1.0,0.5,bridge_topology_match
MOF_ABOWIA,ABOWIA,MULTI_ABUNIV,ABUNIV,5,0.835,1.0,0.8,0.8,0.0,1.0,1.0,0.5,bridge_topology_match
MOF_ABOWIY,ABOWIY,MONO_AFUQOJ,AFUQOJ,1,0.875,1.0,0.6,1.0,1.0,1.0,1.0,0.5,relaxed_donor_geometry_match
MOF_ABOWIY,ABOWIY,MONO_ACEVEJ,ACEVEJ,2,0.8125,1.0,0.75,0.75,0.0,1.0,1.0,0.5,bridge_topology_match
MOF_ABOWIY,ABOWIY,MONO_ACEVEJ01,ACEVEJ01,3,0.8125,1.0,0.75,0.75,0.0,1.0,1.0,0.5,bridge_topology_match
MOF_ABOWIY,ABOWIY,MONO_ACEHUL,ACEHUL,4,0.7607,1.0,0.1429,1.0,1.0,1.0,1.0,0.5,weak_match
MOF_ABOWIY,ABOWIY,MONO_AFOXAU,AFOXAU,5,0.76,1.0,0.5,0.8,0.0,1.0,1.0,0.5,weak_match
MOF_ABPENC,ABPENC,MULTI_ABOLUA,ABOLUA,1,0.7188,1.0,0.375,1.0,1.0,0.0,1.0,0.5,weak_match
MOF_ABPENC,ABPENC,MULTI_ADAWEK,ADAWEK,2,0.7028,1.0,0.1111,1.0,1.0,1.0,0.5,0.5,weak_match
MOF_ABPENC,ABPENC,MULTI_ABOJUW,ABOJUW,3,0.6806,1.0,0.2222,1.0,1.0,0.0,1.0,0.5,weak_match
MOF_ABPENC,ABPENC,MULTI_ABARUT,ABARUT,4,0.65,1.0,0.1,1.0,1.0,0.0,1.0,0.5,weak_match
MOF_ABPENC,ABPENC,MULTI_AFEGEZ,AFEGEZ,5,0.6298,1.0,0.3333,0.8571,0.0,0.0,1.0,0.5,weak_match
MOF_ABPZCU,ABPZCU,MONO_ABCOPD,ABCOPD,1,1.0,1.0,1.0,1.0,1.0,1.0,1.0,1.0,L3_collision
MOF_ABPZCU,ABPZCU,MONO_ACAJUM,ACAJUM,2,1.0,1.0,1.0,1.0,1.0,1.0,1.0,1.0,L3_collision
MOF_ABPZCU,ABPZCU,MONO_ACARAX,ACARAX,3,1.0,1.0,1.0,1.0,1.0,1.0,1.0,1.0,L3_collision
MOF_ABPZCU,ABPZCU,MONO_ACEJAU,ACEJAU,4,1.0,1.0,1.0,1.0,1.0,1.0,1.0,1.0,L3_collision
MOF_ABPZCU,ABPZCU,MONO_ACEJAU01,ACEJAU01,5,1.0,1.0,1.0,1.0,1.0,1.0,1.0,1.0,L3_collision
MOF_ABPZCU01,ABPZCU01,MONO_ABCOPD,ABCOPD,1,1.0,1.0,1.0,1.0,1.0,1.0,1.0,1.0,L3_collision
MOF_ABPZCU01,ABPZCU01,MONO_ACAJUM,ACAJUM,2,1.0,1.0,1.0,1.0,1.0,1.0,1.0,1.0,L3_collision
MOF_ABPZCU01,ABPZCU01,MONO_ACARAX,ACARAX,3,1.0,1.0,1.0,1.0,1.0,1.0,1.0,1.0,L3_collision
MOF_ABPZCU01,ABPZCU01,MONO_ACEJAU,ACEJAU,4,1.0,1.0,1.0,1.0,1.0,1.0,1.0,1.0,L3_collision
MOF_ABPZCU01,ABPZCU01,MONO_ACEJAU01,ACEJAU01,5,1.0,1.0,1.0,1.0,1.0,1.0,1.0,1.0,L3_collision
MOF_ABPZCU02,ABPZCU02,MONO_ABCOPD,ABCOPD,1,1.0,1.0,1.0,1.0,1.0,1.0,1.0,1.0,L3_collision
MOF_ABPZCU02,ABPZCU02,MONO_ACAJUM,ACAJUM,2,1.0,1.0,1.0,1.0,1.0,1.0,1.0,1.0,L3_collision
MOF_ABPZCU02,ABPZCU02,MONO_ACARAX,ACARAX,3,1.0,1.0,1.0,1.0,1.0,1.0,1.0,1.0,L3_collision
MOF_ABPZCU02,ABPZCU02,MONO_ACEJAU,ACEJAU,4,1.0,1.0,1.0,1.0,1.0,1.0,1.0,1.0,L3_collision
MOF_ABPZCU02,ABPZCU02,MONO_ACEJAU01,ACEJAU01,5,1.0,1.0,1.0,1.0,1.0,1.0,1.0,1.0,L3_collision
MOF_ABPZCU03,ABPZCU03,MONO_ABCOPD,ABCOPD,1,1.0,1.0,1.0,1.0,1.0,1.0,1.0,1.0,L3_collision
MOF_ABPZCU03,ABPZCU03,MONO_ACAJUM,ACAJUM,2,1.0,1.0,1.0,1.0,1.0,1.0,1.0,1.0,L3_collision
MOF_ABPZCU03,ABPZCU03,MONO_ACARAX,ACARAX,3,1.0,1.0,1.0,1.0,1.0,1.0,1.0,1.0,L3_collision
MOF_ABPZCU03,ABPZCU03,MONO_ACEJAU,ACEJAU,4,1.0,1.0,1.0,1.0,1.0,1.0,1.0,1.0,L3_collision
MOF_ABPZCU03,ABPZCU03,MONO_ACEJAU01,ACEJAU01,5,1.0,1.0,1.0,1.0,1.0,1.0,1.0,1.0,L3_collision
MOF_ABPZCU04,ABPZCU04,MONO_ABCOPD,ABCOPD,1,1.0,1.0,1.0,1.0,1.0,1.0,1.0,1.0,L3_collision
MOF_ABPZCU04,ABPZCU04,MONO_ACAJUM,ACAJUM,2,1.0,1.0,1.0,1.0,1.0,1.0,1.0,1.0,L3_collision
MOF_ABPZCU04,ABPZCU04,MONO_ACARAX,ACARAX,3,1.0,1.0,1.0,1.0,1.0,1.0,1.0,1.0,L3_collision
MOF_ABPZCU04,ABPZCU04,MONO_ACEJAU,ACEJAU,4,1.0,1.0,1.0,1.0,1.0,1.0,1.0,1.0,L3_collision
MOF_ABPZCU04,ABPZCU04,MONO_ACEJAU01,ACEJAU01,5,1.0,1.0,1.0,1.0,1.0,1.0,1.0,1.0,L3_collision
MOF_ABPZCU07,ABPZCU07,MONO_ABCOPD,ABCOPD,1,1.0,1.0,1.0,1.0,1.0,1.0,1.0,1.0,L3_collision
MOF_ABPZCU07,ABPZCU07,MONO_ACAJUM,ACAJUM,2,1.0,1.0,1.0,1.0,1.0,1.0,1.0,1.0,L3_collision
MOF_ABPZCU07,ABPZCU07,MONO_ACARAX,ACARAX,3,1.0,1.0,1.0,1.0,1.0,1.0,1.0,1.0,L3_collision
MOF_ABPZCU07,ABPZCU07,MONO_ACEJAU,ACEJAU,4,1.0,1.0,1.0,1.0,1.0,1.0,1.0,1.0,L3_collision
MOF_ABPZCU07,ABPZCU07,MONO_ACEJAU01,ACEJAU01,5,1.0,1.0,1.0,1.0,1.0,1.0,1.0,1.0,L3_collision
MOF_ABPZCU08,ABPZCU08,MONO_ABCOPD,ABCOPD,1,1.0,1.0,1.0,1.0,1.0,1.0,1.0,1.0,L3_collision
MOF_ABPZCU08,ABPZCU08,MONO_ACAJUM,ACAJUM,2,1.0,1.0,1.0,1.0,1.0,1.0,1.0,1.0,L3_collision
MOF_ABPZCU08,ABPZCU08,MONO_ACARAX,ACARAX,3,1.0,1.0,1.0,1.0,1.0,1.0,1.0,1.0,L3_collision
MOF_ABPZCU08,ABPZCU08,MONO_ACEJAU,ACEJAU,4,1.0,1.0,1.0,1.0,1.0,1.0,1.0,1.0,L3_collision
MOF_ABPZCU08,ABPZCU08,MONO_ACEJAU01,ACEJAU01,5,1.0,1.0,1.0,1.0,1.0,1.0,1.0,1.0,L3_collision
MOF_ABPZCU10,ABPZCU10,MONO_ABCOPD,ABCOPD,1,1.0,1.0,1.0,1.0,1.0,1.0,1.0,1.0,L3_collision
MOF_ABPZCU10,ABPZCU10,MONO_ACAJUM,ACAJUM,2,1.0,1.0,1.0,1.0,1.0,1.0,1.0,1.0,L3_collision
MOF_ABPZCU10,ABPZCU10,MONO_ACARAX,ACARAX,3,1.0,1.0,1.0,1.0,1.0,1.0,1.0,1.0,L3_collision
MOF_ABPZCU10,ABPZCU10,MONO_ACEJAU,ACEJAU,4,1.0,1.0,1.0,1.0,1.0,1.0,1.0,1.0,L3_collision
MOF_ABPZCU10,ABPZCU10,MONO_ACEJAU01,ACEJAU01,5,1.0,1.0,1.0,1.0,1.0,1.0,1.0,1.0,L3_collision
MOF_ABPZCU11,ABPZCU11,MONO_ABCOPD,ABCOPD,1,1.0,1.0,1.0,1.0,1.0,1.0,1.0,1.0,L3_collision
MOF_ABPZCU11,ABPZCU11,MONO_ACAJUM,ACAJUM,2,1.0,1.0,1.0,1.0,1.0,1.0,1.0,1.0,L3_collision
MOF_ABPZCU11,ABPZCU11,MONO_ACARAX,ACARAX,3,1.0,1.0,1.0,1.0,1.0,1.0,1.0,1.0,L3_collision
MOF_ABPZCU11,ABPZCU11,MONO_ACEJAU,ACEJAU,4,1.0,1.0,1.0,1.0,1.0,1.0,1.0,1.0,L3_collision
MOF_ABPZCU11,ABPZCU11,MONO_ACEJAU01,ACEJAU01,5,1.0,1.0,1.0,1.0,1.0,1.0,1.0,1.0,L3_collision
MOF_ABPZCU12,ABPZCU12,MONO_ABCOPD,ABCOPD,1,1.0,1.0,1.0,1.0,1.0,1.0,1.0,1.0,L3_collision
MOF_ABPZCU12,ABPZCU12,MONO_ACAJUM,ACAJUM,2,1.0,1.0,1.0,1.0,1.0,1.0,1.0,1.0,L3_collision
MOF_ABPZCU12,ABPZCU12,MONO_ACARAX,ACARAX,3,1.0,1.0,1.0,1.0,1.0,1.0,1.0,1.0,L3_collision
MOF_ABPZCU12,ABPZCU12,MONO_ACEJAU,ACEJAU,4,1.0,1.0,1.0,1.0,1.0,1.0,1.0,1.0,L3_collision
MOF_ABPZCU12,ABPZCU12,MONO_ACEJAU01,ACEJAU01,5,1.0,1.0,1.0,1.0,1.0,1.0,1.0,1.0,L3_collision
MOF_ABUBIM,ABUBIM,MULTI_ACNHGB,ACNHGB,1,0.6217,1.0,0.6667,0.4,0.0,0.0,1.0,0.5,relaxed_donor_geometry_match
MOF_ABUBIM,ABUBIM,MULTI_ACEVUC,ACEVUC,2,0.5625,0.0,0.75,1.0,1.0,0.5,0.5,0.5,weak_match
MOF_ABUBIM,ABUBIM,MONO_ACONEO,ACONEO,3,0.5417,0.8,0.6667,0.4,0.0,0.0,0.7,0.5,relaxed_donor_geometry_match
MOF_ABUBIM,ABUBIM,MONO_ACUCAF,ACUCAF,4,0.5417,0.8,0.6667,0.4,0.0,0.0,0.7,0.5,relaxed_donor_geometry_match
MOF_ABUBIM,ABUBIM,MONO_ADOKIO,ADOKIO,5,0.5417,0.8,0.6667,0.4,0.0,0.0,0.7,0.5,relaxed_donor_geometry_match
MOF_ABUBUY,ABUBUY,MULTI_ACEXUB,ACEXUB,1,0.7533,0.8,0.9,0.6667,0.0,1.0,0.7,0.5,bridge_topology_match
MOF_ABUBUY,ABUBUY,MULTI_ABOJOQ,ABOJOQ,2,0.6858,1.0,0.1765,0.8333,0.0,1.0,1.0,0.5,weak_match
MOF_ABUBUY,ABUBUY,MULTI_ABUQUM,ABUQUM,3,0.6795,0.0,0.8182,1.0,1.0,1.0,1.0,0.5,weak_match
MOF_ABUBUY,ABUBUY,MULTI_ADOLIR,ADOLIR,4,0.6795,0.0,0.8182,1.0,1.0,1.0,1.0,0.5,weak_match
MOF_ABUBUY,ABUBUY,MULTI_ABOKOT,ABOKOT,5,0.615,0.8,0.6,0.5,0.0,1.0,0.4,0.5,relaxed_donor_geometry_match
MOF_ABUCIK,ABUCIK,MULTI_ACISEO,ACISEO,1,0.6287,0.8,0.75,0.381,0.6667,0.6667,0.4,0.5,bridge_topology_match
MOF_ABUCIK,ABUCIK,MULTI_ADCDNO10,ADCDNO10,2,0.6275,0.8,1.0,0.1875,0.0,0.5,0.4,1.0,bridge_topology_match
MOF_ABUCIK,ABUCIK,MULTI_AFENUW,AFENUW,3,0.5657,0.8,0.4286,0.6429,0.0,0.35,0.7,0.5,weak_match
MOF_ABUCIK,ABUCIK,MULTI_ABUXAW,ABUXAW,4,0.5557,0.0,1.0,0.4286,0.0,1.0,0.7,1.0,weak_match
MOF_ABUCIK,ABUCIK,MULTI_ACETCU,ACETCU,5,0.5429,0.0,0.9286,0.6786,0.0,1.0,0.5,0.5,weak_match
MOF_ABUCOQ,ABUCOQ,MULTI_ADCDNO10,ADCDNO10,1,0.6241,0.8,0.6364,0.5,0.0,1.0,0.4,0.5,relaxed_donor_geometry_match
MOF_ABUCOQ,ABUCOQ,MULTI_ABIDIZ,ABIDIZ,2,0.6042,0.0,0.9167,1.0,1.0,0.0,1.0,0.5,weak_match
MOF_ABUCOQ,ABUCOQ,MULTI_ABOKIL,ABOKIL,3,0.5629,0.0,0.8182,1.0,1.0,0.3333,0.5,0.5,weak_match
MOF_ABUCOQ,ABUCOQ,MULTI_ABOKOR,ABOKOR,4,0.5629,0.0,0.8182,1.0,1.0,0.3333,0.5,0.5,weak_match
MOF_ABUCOQ,ABUCOQ,MULTI_AENNIC10,AENNIC10,5,0.5497,0.0,0.6154,0.9167,0.75,1.0,0.5,0.5,weak_match
MOF_ABUFOU,ABUFOU,MULTI_ABOLEK,ABOLEK,1,0.7667,1.0,0.7,0.5833,0.0,1.0,1.0,0.5,bridge_topology_match
MOF_ABUFOU,ABUFOU,MULTI_ACACMN22,ACACMN22,2,0.7625,1.0,0.5833,0.5833,0.5,1.0,1.0,0.5,weak_match
MOF_ABUFOU,ABUFOU,MULTI_ACACMN26,ACACMN26,3,0.7625,1.0,0.5833,0.5833,0.5,1.0,1.0,0.5,weak_match
MOF_ABUFOU,ABUFOU,MULTI_ACACMN27,ACACMN27,4,0.7625,1.0,0.5833,0.5833,0.5,1.0,1.0,0.5,weak_match
MOF_ABUFOU,ABUFOU,MULTI_ACACMN28,ACACMN28,5,0.7625,1.0,0.5833,0.5833,0.5,1.0,1.0,0.5,weak_match
MOF_ABUFUA,ABUFUA,MULTI_ADIFUO,ADIFUO,1,0.7667,1.0,0.7,0.5833,0.0,1.0,1.0,0.5,bridge_topology_match
MOF_ABUFUA,ABUFUA,MULTI_ABOXOE,ABOXOE,2,0.7321,1.0,0.4615,0.5833,0.5,1.0,1.0,0.5,weak_match
MOF_ABUFUA,ABUFUA,MULTI_ADIGEZ,ADIGEZ,3,0.728,1.0,0.5455,0.5833,0.0,1.0,1.0,0.5,weak_match
MOF_ABUFUA,ABUFUA,MULTI_AFEPIN,AFEPIN,4,0.7167,1.0,0.7,0.5833,0.0,1.0,0.5,0.5,bridge_topology_match
MOF_ABUFUA,ABUFUA,MULTI_ACUYAZ,ACUYAZ,5,0.6833,1.0,0.2667,0.5833,0.5,1.0,1.0,0.5,weak_match
MOF_ABUGUC,ABUGUC,MULTI_ACINUW,ACINUW,1,0.8574,1.0,0.8333,1.0,1.0,0.7411,0.5,0.5,bridge_topology_match
MOF_ABUGUC,ABUGUC,MULTI_ACIPAE,ACIPAE,2,0.8574,1.0,0.8333,1.0,1.0,0.7411,0.5,0.5,bridge_topology_match
MOF_ABUGUC,ABUGUC,MULTI_ACINOQ,ACINOQ,3,0.844,1.0,0.8333,1.0,1.0,0.6071,0.5,0.5,bridge_topology_match
MOF_ABUGUC,ABUGUC,MULTI_ACINOQ01,ACINOQ01,4,0.844,1.0,0.8333,1.0,1.0,0.6071,0.5,0.5,bridge_topology_match
MOF_ABUGUC,ABUGUC,MULTI_ABIDIZ,ABIDIZ,5,0.7812,1.0,0.625,1.0,1.0,0.0,1.0,0.5,relaxed_donor_geometry_match
MOF_ABUHAJ,ABUHAJ,MULTI_ABIDIZ,ABIDIZ,1,0.9242,1.0,0.88,0.9583,0.75,1.0,1.0,0.5,bridge_topology_match
MOF_ABUHAJ,ABUHAJ,MULTI_ACACMN23,ACACMN23,2,0.8458,1.0,0.5667,0.9583,0.75,1.0,1.0,0.5,weak_match
MOF_ABUHAJ,ABUHAJ,MULTI_ACACMN24,ACACMN24,3,0.8458,1.0,0.5667,0.9583,0.75,1.0,1.0,0.5,weak_match
MOF_ABUHAJ,ABUHAJ,MULTI_ABIDUL,ABIDUL,4,0.8102,1.0,0.4242,0.9583,0.75,1.0,1.0,0.5,weak_match
MOF_ABUHAJ,ABUHAJ,MULTI_ACINOQ,ACINOQ,5,0.7498,1.0,0.7826,0.9583,0.75,0.0,0.5,0.5,relaxed_donor_geometry_match
MOF_ABULAL,ABULAL,MULTI_ACABAH,ACABAH,1,0.515,0.2,0.7333,0.5,0.3333,1.0,0.4,0.5,weak_match
MOF_ABULAL,ABULAL,MULTI_ADACAJ,ADACAJ,2,0.4317,0.0,0.9333,0.3333,0.3333,0.5,0.4,0.5,no_match
MOF_ABULAL,ABULAL,MULTI_AFARUU,AFARUU,3,0.4083,0.2,0.7333,0.3667,0.3333,0.5,0.1,0.5,no_match
MOF_ABULAL,ABULAL,MULTI_ACTPAG,ACTPAG,4,0.3942,0.3,0.35,0.4167,0.6667,0.5,0.4,0.5,no_match
MOF_ABULAL,ABULAL,MULTI_ABOZOI,ABOZOI,5,0.3888,0.0,0.6818,0.5333,0.3333,0.0,0.7,0.5,no_match
MOF_ABULEP,ABULEP,MULTI_AFAWAH,AFAWAH,1,0.6917,1.0,0.5,0.75,0.5,0.6667,0.5,0.5,weak_match
MOF_ABULEP,ABULEP,MULTI_ACTPAG,ACTPAG,2,0.5944,1.0,0.1111,0.75,0.5,0.6667,0.5,0.5,weak_match
MOF_ABULEP,ABULEP,MULTI_ACUFIQ,ACUFIQ,3,0.59,0.8,1.0,0.125,0.5,0.0,0.4,1.0,relaxed_donor_geometry_match
MOF_ABULEP,ABULEP,MULTI_ACUFIQ01,ACUFIQ01,4,0.59,0.8,1.0,0.125,0.5,0.0,0.4,1.0,relaxed_donor_geometry_match
MOF_ABULEP,ABULEP,MULTI_ACOCAX,ACOCAX,5,0.5881,1.0,0.2857,0.625,0.0,0.6667,0.5,0.5,weak_match
MOF_ABULUG,ABULUG,MULTI_ABOLUA,ABOLUA,1,1.0,1.0,1.0,1.0,1.0,1.0,1.0,1.0,L3_collision
MOF_ABULUG,ABULUG,MULTI_ABOJUW,ABOJUW,2,0.85,1.0,0.5,1.0,1.0,1.0,1.0,0.5,weak_match
MOF_ABULUG,ABULUG,MULTI_ABARUT,ABARUT,3,0.8083,1.0,0.3333,1.0,1.0,1.0,1.0,0.5,weak_match
MOF_ABULUG,ABULUG,MULTI_AFEGEZ,AFEGEZ,4,0.8027,1.0,0.625,0.8571,0.0,1.0,1.0,0.5,relaxed_donor_geometry_match
MOF_ABULUG,ABULUG,MULTI_AFAVUB,AFAVUB,5,0.775,1.0,0.2,1.0,1.0,1.0,1.0,0.5,weak_match
MOF_ABUMUJ,ABUMUJ,MULTI_ADEDUK,ADEDUK,1,1.0,1.0,1.0,1.0,1.0,1.0,1.0,1.0,L3_collision
MOF_ABUMUJ,ABUMUJ,MULTI_ADEDEU,ADEDEU,2,0.875,1.0,0.8889,0.8889,0.0,1.0,1.0,0.5,bridge_topology_match
MOF_ABUMUJ,ABUMUJ,MULTI_ABEZOW,ABEZOW,3,0.625,1.0,0.0,0.75,0.0,1.0,1.0,0.5,weak_match
MOF_ABUMUJ,ABUMUJ,MONO_ACUGUB,ACUGUB,4,0.5871,0.8,0.3684,0.5,0.0,1.0,0.7,0.5,weak_match
MOF_ABUMUJ,ABUMUJ,MONO_ABUPET,ABUPET,5,0.5739,0.8,0.3158,0.5,0.0,1.0,0.7,0.5,weak_match
MOF_ABUQEU,ABUQEU,MULTI_ABUQAQ,ABUQAQ,1,0.815,1.0,0.7,0.7,0.5,1.0,1.0,0.5,bridge_topology_match
MOF_ABUQEU,ABUQEU,MULTI_ADACUH,ADACUH,2,0.6956,1.0,0.2222,0.7,0.5,1.0,1.0,0.5,weak_match
MOF_ABUQEU,ABUQEU,MONO_ACIPTI,ACIPTI,3,0.6593,0.8,0.8571,0.25,0.0,1.0,0.7,0.5,bridge_topology_match
MOF_ABUQEU,ABUQEU,MONO_AFIRIR,AFIRIR,4,0.6593,0.8,0.8571,0.25,0.0,1.0,0.7,0.5,bridge_topology_match
MOF_ABUQEU,ABUQEU,MULTI_ACEKUP,ACEKUP,5,0.6583,1.0,0.2667,0.5833,0.0,1.0,1.0,0.5,weak_match
MOF_ABUQIY,ABUQIY,MONO_ACIPTI,ACIPTI,1,0.85,1.0,0.8333,0.8333,0.0,1.0,1.0,0.5,bridge_topology_match
MOF_ABUQIY,ABUQIY,MONO_AFIRIR,AFIRIR,2,0.85,1.0,0.8333,0.8333,0.0,1.0,1.0,0.5,bridge_topology_match
MOF_ABUQIY,ABUQIY,MONO_ABUPIX,ABUPIX,3,0.835,1.0,0.8,0.8,0.0,1.0,1.0,0.5,bridge_topology_match
MOF_ABUQIY,ABUQIY,MONO_ADEPIJ,ADEPIJ,4,0.7845,1.0,0.5714,0.8333,0.0,1.0,1.0,0.5,weak_match
MOF_ABUQIY,ABUQIY,MONO_ABERUW,ABERUW,5,0.7528,1.0,0.1111,1.0,1.0,1.0,1.0,0.5,weak_match
MOF_ABUREX,ABUREX,MONO_ABENAW,ABENAW,1,0.7875,1.0,0.25,1.0,1.0,1.0,1.0,0.5,weak_match
MOF_ABUREX,ABUREX,MONO_ABENAW01,ABENAW01,2,0.7875,1.0,0.25,1.0,1.0,1.0,1.0,0.5,weak_match
MOF_ABUREX,ABUREX,MONO_ACEFOD,ACEFOD,3,0.7875,1.0,0.25,1.0,1.0,1.0,1.0,0.5,weak_match
MOF_ABUREX,ABUREX,MONO_AGIVOC,AGIVOC,4,0.7562,1.0,0.625,0.625,0.0,1.0,1.0,0.5,relaxed_donor_geometry_match
MOF_ABUREX,ABUREX,MONO_ACEFUJ,ACEFUJ,5,0.7528,1.0,0.1111,1.0,1.0,1.0,1.0,0.5,weak_match
MOF_ABUSOG,ABUSOG,MONO_ABIZES,ABIZES,1,1.0,1.0,1.0,1.0,1.0,1.0,1.0,1.0,L3_collision
MOF_ABUSOG,ABUSOG,MONO_AGAGOH,AGAGOH,2,1.0,1.0,1.0,1.0,1.0,1.0,1.0,1.0,L3_collision
MOF_ABUSOG,ABUSOG,MONO_AFEWOA,AFEWOA,3,0.9036,1.0,0.7143,1.0,1.0,1.0,1.0,0.5,bridge_topology_match
MOF_ABUSOG,ABUSOG,MONO_ACATMN,ACATMN,4,0.85,1.0,0.5,1.0,1.0,1.0,1.0,0.5,weak_match
MOF_ABUSOG,ABUSOG,MONO_ADAZEL,ADAZEL,5,0.85,1.0,0.5,1.0,1.0,1.0,1.0,0.5,weak_match
MOF_ABUWOJ,ABUWOJ,MULTI_ACENOL,ACENOL,1,0.7014,1.0,0.6923,0.75,0.6667,0.2,0.5,0.5,relaxed_donor_geometry_match
MOF_ABUWOJ,ABUWOJ,MULTI_ACOQOY,ACOQOY,2,0.5361,1.0,0.0,0.7222,0.3333,0.0,1.0,0.5,weak_match
MOF_ABUWOJ,ABUWOJ,MULTI_AFEGAV,AFEGAV,3,0.4656,0.8,0.2778,0.5556,0.5,0.25,0.1,0.5,no_match
MOF_ABUWOJ,ABUWOJ,MULTI_AFAXEN,AFAXEN,4,0.4622,0.0,0.9,0.2778,0.3333,1.0,0.4,0.5,no_match
MOF_ABUWOJ,ABUWOJ,MULTI_ABEREE,ABEREE,5,0.4584,0.0,0.9474,0.6111,0.3333,0.0769,0.5,0.5,no_match
MOF_ABUXEB,ABUXEB,MULTI_ACIMEG,ACIMEG,1,0.6352,0.8,0.8889,0.4167,0.2,0.8462,0.1,0.5,bridge_topology_match
MOF_ABUXEB,ABUXEB,MULTI_ACANOJ,ACANOJ,2,0.549,0.3,0.7429,0.55,0.2,0.7333,0.7,0.5,weak_match
MOF_ABUXEB,ABUXEB,MULTI_ACAPEB,ACAPEB,3,0.5375,0.3,0.675,0.7,0.2,0.6875,0.5,0.5,weak_match
MOF_ABUXEB,ABUXEB,MULTI_ACAPIF,ACAPIF,4,0.5375,0.3,0.675,0.7,0.2,0.6875,0.5,0.5,weak_match
MOF_ABUXEB,ABUXEB,MULTI_ADIDAW,ADIDAW,5,0.5201,0.3,0.8438,0.4333,0.2,0.725,0.4,0.5,weak_match
MOF_ABUXED,ABUXED,MONO_ABCOPD,ABCOPD,1,1.0,1.0,1.0,1.0,1.0,1.0,1.0,1.0,L3_collision
MOF_ABUXED,ABUXED,MONO_ACAJUM,ACAJUM,2,1.0,1.0,1.0,1.0,1.0,1.0,1.0,1.0,L3_collision
MOF_ABUXED,ABUXED,MONO_ACARAX,ACARAX,3,1.0,1.0,1.0,1.0,1.0,1.0,1.0,1.0,L3_collision
MOF_ABUXED,ABUXED,MONO_ACEJAU,ACEJAU,4,1.0,1.0,1.0,1.0,1.0,1.0,1.0,1.0,L3_collision
MOF_ABUXED,ABUXED,MONO_ACEJAU01,ACEJAU01,5,1.0,1.0,1.0,1.0,1.0,1.0,1.0,1.0,L3_collision
MOF_ABUXIH,ABUXIH,MONO_ACIFIC,ACIFIC,1,1.0,1.0,1.0,1.0,1.0,1.0,1.0,1.0,L3_collision
MOF_ABUXIH,ABUXIH,MONO_ACIMCU10,ACIMCU10,2,1.0,1.0,1.0,1.0,1.0,1.0,1.0,1.0,L3_collision
MOF_ABUXIH,ABUXIH,MONO_ACUTAN10,ACUTAN10,3,1.0,1.0,1.0,1.0,1.0,1.0,1.0,1.0,L3_collision
MOF_ABUXIH,ABUXIH,MONO_ACUVOK,ACUVOK,4,1.0,1.0,1.0,1.0,1.0,1.0,1.0,1.0,L3_collision
MOF_ABUXIH,ABUXIH,MONO_ADORES,ADORES,5,1.0,1.0,1.0,1.0,1.0,1.0,1.0,1.0,L3_collision
MOF_ABUXON,ABUXON,MULTI_ACULAO,ACULAO,1,0.7626,1.0,0.5217,1.0,1.0,0.5714,0.5,0.5,weak_match
MOF_ABUXON,ABUXON,MULTI_ADACAJ,ADACAJ,2,0.6925,1.0,0.7368,0.6667,0.0,0.5,0.5,0.5,bridge_topology_match
MOF_ABUXON,ABUXON,MULTI_ACACNI,ACACNI,3,0.6748,0.8,0.55,0.75,0.75,0.5476,0.7,0.5,weak_match
MOF_ABUXON,ABUXON,MULTI_ACACNI01,ACACNI01,4,0.6748,0.8,0.55,0.75,0.75,0.5476,0.7,0.5,weak_match
MOF_ABUXON,ABUXON,MULTI_ADERIK01,ADERIK01,5,0.6748,0.8,0.55,0.75,0.75,0.5476,0.7,0.5,weak_match
MOF_ABUXUT,ABUXUT,MULTI_ACUZUT,ACUZUT,1,0.77,0.8,1.0,0.6667,0.6667,0.3333,0.7,1.0,relaxed_donor_geometry_match
MOF_ABUXUT,ABUXUT,MULTI_ACAFIW,ACAFIW,2,0.7512,1.0,0.5714,1.0,1.0,0.3333,0.5,0.5,weak_match
MOF_ABUXUT,ABUXUT,MULTI_ADARAY,ADARAY,3,0.75,1.0,0.5,1.0,1.0,0.0,1.0,0.5,weak_match
MOF_ABUXUT,ABUXUT,MULTI_ADARAY01,ADARAY01,4,0.75,1.0,0.5,1.0,1.0,0.0,1.0,0.5,weak_match
MOF_ABUXUT,ABUXUT,MULTI_ACUBUX,ACUBUX,5,0.6806,1.0,0.4444,0.8889,0.3333,0.0,1.0,0.5,weak_match
MOF_ABUYAA,ABUYAA,MULTI_ACHACO,ACHACO,1,0.8523,1.0,0.9091,1.0,1.0,0.5,0.5,0.5,bridge_topology_match
MOF_ABUYAA,ABUYAA,MULTI_ABOLOU,ABOLOU,2,0.8173,1.0,0.7692,1.0,1.0,0.0,1.0,0.5,relaxed_donor_geometry_match
MOF_ABUYAA,ABUYAA,MULTI_ADEGUN,ADEGUN,3,0.8173,1.0,0.7692,1.0,1.0,0.0,1.0,0.5,relaxed_donor_geometry_match
MOF_ABUYAA,ABUYAA,MULTI_ACAQIE,ACAQIE,4,0.7583,1.0,0.5333,1.0,1.0,0.0,1.0,0.5,weak_match
MOF_ABUYAA,ABUYAA,MULTI_ACEYEO,ACEYEO,5,0.7583,1.0,0.5333,1.0,1.0,0.0,1.0,0.5,weak_match
MOF_ABUZIJ,ABUZIJ,MULTI_ACAGIV,ACAGIV,1,0.6389,0.3,0.7333,0.7778,0.0,1.0,1.0,0.5,weak_match
MOF_ABUZIJ,ABUZIJ,MULTI_ACAGIV01,ACAGIV01,2,0.6389,0.3,0.7333,0.7778,0.0,1.0,1.0,0.5,weak_match
MOF_ABUZIJ,ABUZIJ,MULTI_ACAGIV02,ACAGIV02,3,0.6389,0.3,0.7333,0.7778,0.0,1.0,1.0,0.5,weak_match
MOF_ABUZIJ,ABUZIJ,MULTI_ABOLIO,ABOLIO,4,0.6306,0.3,0.6,0.7778,0.5,1.0,1.0,0.5,weak_match
MOF_ABUZIJ,ABUZIJ,MULTI_ACAPCU01,ACAPCU01,5,0.6306,0.3,0.6,0.7778,0.5,1.0,1.0,0.5,weak_match
MOF_ABUZON,ABUZON,MULTI_AFEGEZ,AFEGEZ,1,0.7271,0.8,0.7,0.619,0.6667,1.0,0.7,0.5,bridge_topology_match
MOF_ABUZON,ABUZON,MULTI_ABOJUW,ABOJUW,2,0.6855,0.8,0.6,0.619,0.3333,1.0,0.7,0.5,relaxed_donor_geometry_match
MOF_ABUZON,ABUZON,MULTI_ABOLUA,ABOLUA,3,0.6855,0.8,0.6,0.619,0.3333,1.0,0.7,0.5,relaxed_donor_geometry_match
MOF_ABUZON,ABUZON,MULTI_ABARUT,ABARUT,4,0.6491,0.8,0.4545,0.619,0.3333,1.0,0.7,0.5,weak_match
MOF_ABUZON,ABUZON,MULTI_ACADCO,ACADCO,5,0.6476,0.0,0.9,0.9048,0.3333,1.0,1.0,0.5,weak_match
MOF_ABUZOP,ABUZOP,MONO_ABAMUO,ABAMUO,1,1.0,1.0,1.0,1.0,1.0,1.0,1.0,1.0,L3_collision
MOF_ABUZOP,ABUZOP,MONO_ABUZEF,ABUZEF,2,1.0,1.0,1.0,1.0,1.0,1.0,1.0,1.0,L3_collision
MOF_ABUZOP,ABUZOP,MONO_ABUZUV,ABUZUV,3,1.0,1.0,1.0,1.0,1.0,1.0,1.0,1.0,L3_collision
MOF_ABUZOP,ABUZOP,MONO_ADAHIX,ADAHIX,4,1.0,1.0,1.0,1.0,1.0,1.0,1.0,1.0,L3_collision
MOF_ABUZOP,ABUZOP,MONO_ACIFIC,ACIFIC,5,0.8917,1.0,0.6667,1.0,1.0,1.0,1.0,0.5,relaxed_donor_geometry_match
MOF_ABZCUH,ABZCUH,MULTI_ABOLUA,ABOLUA,1,0.756,1.0,0.6667,0.5714,0.0,1.0,1.0,0.5,relaxed_donor_geometry_match
MOF_ABZCUH,ABZCUH,MULTI_AFEGEZ,AFEGEZ,2,0.731,1.0,0.4667,0.5714,0.5,1.0,1.0,0.5,weak_match
MOF_ABZCUH,ABZCUH,MULTI_ABOJUW,ABOJUW,3,0.7239,1.0,0.5385,0.5714,0.0,1.0,1.0,0.5,weak_match
MOF_ABZCUH,ABZCUH,MULTI_AFAVUA,AFAVUA,4,0.7232,1.0,0.75,0.9286,0.5,0.0,0.5,0.5,relaxed_donor_geometry_match
MOF_ABZCUH,ABZCUH,MULTI_ABARUT,ABARUT,5,0.6726,1.0,0.3333,0.5714,0.0,1.0,1.0,0.5,weak_match
MOF_ABZCUH01,ABZCUH01,MULTI_ABOLUA,ABOLUA,1,0.756,1.0,0.6667,0.5714,0.0,1.0,1.0,0.5,relaxed_donor_geometry_match
MOF_ABZCUH01,ABZCUH01,MULTI_AFEGEZ,AFEGEZ,2,0.731,1.0,0.4667,0.5714,0.5,1.0,1.0,0.5,weak_match
MOF_ABZCUH01,ABZCUH01,MULTI_ABOJUW,ABOJUW,3,0.7239,1.0,0.5385,0.5714,0.0,1.0,1.0,0.5,weak_match
MOF_ABZCUH01,ABZCUH01,MULTI_AFAVUA,AFAVUA,4,0.7232,1.0,0.75,0.9286,0.5,0.0,0.5,0.5,relaxed_donor_geometry_match
MOF_ABZCUH01,ABZCUH01,MULTI_ABARUT,ABARUT,5,0.6726,1.0,0.3333,0.5714,0.0,1.0,1.0,0.5,weak_match
MOF_ABZCUH02,ABZCUH02,MULTI_ABOLUA,ABOLUA,1,0.756,1.0,0.6667,0.5714,0.0,1.0,1.0,0.5,relaxed_donor_geometry_match
MOF_ABZCUH02,ABZCUH02,MULTI_AFEGEZ,AFEGEZ,2,0.731,1.0,0.4667,0.5714,0.5,1.0,1.0,0.5,weak_match
MOF_ABZCUH02,ABZCUH02,MULTI_ABOJUW,ABOJUW,3,0.7239,1.0,0.5385,0.5714,0.0,1.0,1.0,0.5,weak_match
MOF_ABZCUH02,ABZCUH02,MULTI_AFAVUA,AFAVUA,4,0.7232,1.0,0.75,0.9286,0.5,0.0,0.5,0.5,relaxed_donor_geometry_match
MOF_ABZCUH02,ABZCUH02,MULTI_ABARUT,ABARUT,5,0.6726,1.0,0.3333,0.5714,0.0,1.0,1.0,0.5,weak_match
MOF_ABZCUH03,ABZCUH03,MULTI_ABOLUA,ABOLUA,1,0.756,1.0,0.6667,0.5714,0.0,1.0,1.0,0.5,relaxed_donor_geometry_match
MOF_ABZCUH03,ABZCUH03,MULTI_AFEGEZ,AFEGEZ,2,0.731,1.0,0.4667,0.5714,0.5,1.0,1.0,0.5,weak_match
MOF_ABZCUH03,ABZCUH03,MULTI_ABOJUW,ABOJUW,3,0.7239,1.0,0.5385,0.5714,0.0,1.0,1.0,0.5,weak_match
MOF_ABZCUH03,ABZCUH03,MULTI_AFAVUA,AFAVUA,4,0.7232,1.0,0.75,0.9286,0.5,0.0,0.5,0.5,relaxed_donor_geometry_match
MOF_ABZCUH03,ABZCUH03,MULTI_ABARUT,ABARUT,5,0.6726,1.0,0.3333,0.5714,0.0,1.0,1.0,0.5,weak_match
MOF_ABZCUH04,ABZCUH04,MONO_ACAQOK,ACAQOK,1,0.9036,1.0,0.7143,1.0,1.0,1.0,1.0,0.5,bridge_topology_match
MOF_ABZCUH04,ABZCUH04,MONO_ACENEF,ACENEF,2,0.9036,1.0,0.7143,1.0,1.0,1.0,1.0,0.5,bridge_topology_match
MOF_ABZCUH04,ABZCUH04,MONO_AGIQEQ,AGIQEQ,3,0.9036,1.0,0.7143,1.0,1.0,1.0,1.0,0.5,bridge_topology_match
MOF_ABZCUH04,ABZCUH04,MONO_ACUHUD,ACUHUD,4,0.8548,1.0,0.8333,0.8571,0.0,1.0,1.0,0.5,bridge_topology_match
MOF_ABZCUH04,ABZCUH04,MONO_AFIBOH,AFIBOH,5,0.8548,1.0,0.8333,0.8571,0.0,1.0,1.0,0.5,bridge_topology_match
MOF_ABZCUH05,ABZCUH05,MONO_ACAQOK,ACAQOK,1,0.9393,1.0,0.8571,1.0,1.0,1.0,1.0,0.5,bridge_topology_match
MOF_ABZCUH05,ABZCUH05,MONO_AGIQEQ,AGIQEQ,2,0.9393,1.0,0.8571,1.0,1.0,1.0,1.0,0.5,bridge_topology_match
MOF_ABZCUH05,ABZCUH05,MONO_ACENEF,ACENEF,3,0.8361,1.0,0.4444,1.0,1.0,1.0,1.0,0.5,weak_match
MOF_ABZCUH05,ABZCUH05,MONO_ACUHUD,ACUHUD,4,0.825,1.0,0.7143,0.8571,0.0,1.0,1.0,0.5,bridge_topology_match
MOF_ABZCUH05,ABZCUH05,MONO_AFNICD,AFNICD,5,0.825,1.0,0.7143,0.8571,0.0,1.0,1.0,0.5,bridge_topology_match
MOF_ACABEM,ACABEM,MULTI_ADUXOP,ADUXOP,1,0.7985,1.0,0.5385,0.7778,0.6667,1.0,1.0,0.5,weak_match
MOF_ACABEM,ACABEM,MULTI_AFAFEV,AFAFEV,2,0.7985,1.0,0.5385,0.7778,0.6667,1.0,1.0,0.5,weak_match
MOF_ACABEM,ACABEM,MULTI_ACUBUX,ACUBUX,3,0.7917,1.0,0.6667,0.6667,0.3333,1.0,1.0,0.5,relaxed_donor_geometry_match
MOF_ACABEM,ACABEM,MULTI_ACUBUX01,ACUBUX01,4,0.7917,1.0,0.6667,0.6667,0.3333,1.0,1.0,0.5,relaxed_donor_geometry_match
MOF_ACABEM,ACABEM,MULTI_ADUQEX,ADUQEX,5,0.7697,1.0,0.5789,0.6667,0.3333,1.0,1.0,0.5,weak_match
MOF_ACABEO,ACABEO,MONO_ABCOPD,ABCOPD,1,0.9333,1.0,0.8333,1.0,1.0,1.0,1.0,0.5,bridge_topology_match
MOF_ACABEO,ACABEO,MONO_ACAJUM,ACAJUM,2,0.9333,1.0,0.8333,1.0,1.0,1.0,1.0,0.5,bridge_topology_match
MOF_ACABEO,ACABEO,MONO_ACARAX,ACARAX,3,0.9333,1.0,0.8333,1.0,1.0,1.0,1.0,0.5,bridge_topology_match
MOF_ACABEO,ACABEO,MONO_ACEJAU,ACEJAU,4,0.9333,1.0,0.8333,1.0,1.0,1.0,1.0,0.5,bridge_topology_match
MOF_ACABEO,ACABEO,MONO_ACEJAU01,ACEJAU01,5,0.9333,1.0,0.8333,1.0,1.0,1.0,1.0,0.5,bridge_topology_match
MOF_ACABIS,ACABIS,MONO_ABCOPD,ABCOPD,1,0.9333,1.0,0.8333,1.0,1.0,1.0,1.0,0.5,bridge_topology_match
MOF_ACABIS,ACABIS,MONO_ACAJUM,ACAJUM,2,0.9333,1.0,0.8333,1.0,1.0,1.0,1.0,0.5,bridge_topology_match
MOF_ACABIS,ACABIS,MONO_ACARAX,ACARAX,3,0.9333,1.0,0.8333,1.0,1.0,1.0,1.0,0.5,bridge_topology_match
MOF_ACABIS,ACABIS,MONO_ACEJAU,ACEJAU,4,0.9333,1.0,0.8333,1.0,1.0,1.0,1.0,0.5,bridge_topology_match
MOF_ACABIS,ACABIS,MONO_ACEJAU01,ACEJAU01,5,0.9333,1.0,0.8333,1.0,1.0,1.0,1.0,0.5,bridge_topology_match
MOF_ACABOY,ACABOY,MONO_ABCOPD,ABCOPD,1,0.9333,1.0,0.8333,1.0,1.0,1.0,1.0,0.5,bridge_topology_match
MOF_ACABOY,ACABOY,MONO_ACAJUM,ACAJUM,2,0.9333,1.0,0.8333,1.0,1.0,1.0,1.0,0.5,bridge_topology_match
MOF_ACABOY,ACABOY,MONO_ACARAX,ACARAX,3,0.9333,1.0,0.8333,1.0,1.0,1.0,1.0,0.5,bridge_topology_match
MOF_ACABOY,ACABOY,MONO_ACEJAU,ACEJAU,4,0.9333,1.0,0.8333,1.0,1.0,1.0,1.0,0.5,bridge_topology_match
MOF_ACABOY,ACABOY,MONO_ACEJAU01,ACEJAU01,5,0.9333,1.0,0.8333,1.0,1.0,1.0,1.0,0.5,bridge_topology_match
MOF_ACACAL,ACACAL,MONO_AAZDCO,AAZDCO,1,1.0,1.0,1.0,1.0,1.0,1.0,1.0,1.0,L3_collision
MOF_ACACAL,ACACAL,MONO_ABASEE,ABASEE,2,1.0,1.0,1.0,1.0,1.0,1.0,1.0,1.0,L3_collision
MOF_ACACAL,ACACAL,MONO_ABOBAW,ABOBAW,3,1.0,1.0,1.0,1.0,1.0,1.0,1.0,1.0,L3_collision
MOF_ACACAL,ACACAL,MONO_ABOBEA,ABOBEA,4,1.0,1.0,1.0,1.0,1.0,1.0,1.0,1.0,L3_collision
MOF_ACACAL,ACACAL,MONO_ABOSUH,ABOSUH,5,1.0,1.0,1.0,1.0,1.0,1.0,1.0,1.0,L3_collision
MOF_ACACCD,ACACCD,MULTI_AFAVUA,AFAVUA,1,0.7619,1.0,0.7143,0.9167,0.5,0.5,0.5,0.5,bridge_topology_match
MOF_ACACCD,ACACCD,MULTI_ABOLUA,ABOLUA,2,0.6583,1.0,0.5,0.6667,0.5,0.0,1.0,0.5,weak_match
MOF_ACACCD,ACACCD,MULTI_ADCDNO10,ADCDNO10,3,0.6321,1.0,0.4286,0.5,0.0,1.0,0.5,0.5,weak_match
MOF_ACACCD,ACACCD,MULTI_ABOJUW,ABOJUW,4,0.6048,1.0,0.2857,0.6667,0.5,0.0,1.0,0.5,weak_match
MOF_ACACCD,ACACCD,MULTI_AFEGEZ,AFEGEZ,5,0.5964,1.0,0.4286,0.5714,0.0,0.0,1.0,0.5,weak_match
MOF_ACACIT,ACACIT,MONO_ABAKAQ,ABAKAQ,1,1.0,1.0,1.0,1.0,1.0,1.0,1.0,1.0,L3_collision
MOF_ACACIT,ACACIT,MONO_AAMTCO,AAMTCO,2,0.8917,1.0,0.6667,1.0,1.0,1.0,1.0,0.5,relaxed_donor_geometry_match
MOF_ACACIT,ACACIT,MONO_AAMTCO10,AAMTCO10,3,0.8917,1.0,0.6667,1.0,1.0,1.0,1.0,0.5,relaxed_donor_geometry_match
MOF_ACACIT,ACACIT,MONO_ABAHUH,ABAHUH,4,0.8917,1.0,0.6667,1.0,1.0,1.0,1.0,0.5,relaxed_donor_geometry_match
MOF_ACACIT,ACACIT,MONO_ABAJIX,ABAJIX,5,0.8917,1.0,0.6667,1.0,1.0,1.0,1.0,0.5,relaxed_donor_geometry_match
MOF_ACACUF,ACACUF,MONO_AAZDCO,AAZDCO,1,1.0,1.0,1.0,1.0,1.0,1.0,1.0,1.0,L3_collision
MOF_ACACUF,ACACUF,MONO_ABASEE,ABASEE,2,1.0,1.0,1.0,1.0,1.0,1.0,1.0,1.0,L3_collision
MOF_ACACUF,ACACUF,MONO_ABOBAW,ABOBAW,3,1.0,1.0,1.0,1.0,1.0,1.0,1.0,1.0,L3_collision
MOF_ACACUF,ACACUF,MONO_ABOBEA,ABOBEA,4,1.0,1.0,1.0,1.0,1.0,1.0,1.0,1.0,L3_collision
MOF_ACACUF,ACACUF,MONO_ABOSUH,ABOSUH,5,1.0,1.0,1.0,1.0,1.0,1.0,1.0,1.0,L3_collision
MOF_ACADAM,ACADAM,MONO_ABZAMN,ABZAMN,1,1.0,1.0,1.0,1.0,1.0,1.0,1.0,1.0,L3_collision
MOF_ACADAM,ACADAM,MONO_ACACMN,ACACMN,2,1.0,1.0,1.0,1.0,1.0,1.0,1.0,1.0,L3_collision
MOF_ACADAM,ACADAM,MONO_ACACMN02,ACACMN02,3,1.0,1.0,1.0,1.0,1.0,1.0,1.0,1.0,L3_collision
MOF_ACADAM,ACADAM,MONO_ACACMN21,ACACMN21,4,1.0,1.0,1.0,1.0,1.0,1.0,1.0,1.0,L3_collision
MOF_ACADAM,ACADAM,MONO_ACACMN25,ACACMN25,5,1.0,1.0,1.0,1.0,1.0,1.0,1.0,1.0,L3_collision
MOF_ACADAN,ACADAN,MULTI_AFARUW,AFARUW,1,0.675,1.0,0.5,0.5,0.5,1.0,0.5,0.5,weak_match
MOF_ACADAN,ACADAN,MULTI_ACACOA,ACACOA,2,0.5833,1.0,0.3333,0.75,0.5,0.0,0.5,0.5,weak_match
MOF_ACADAN,ACADAN,MULTI_ACUDOV,ACUDOV,3,0.54,0.3,1.0,0,0.5,1.0,0.4,1.0,weak_match
MOF_ACADAN,ACADAN,MULTI_ADOQES,ADOQES,4,0.54,0.3,1.0,0,0.5,1.0,0.4,1.0,weak_match
MOF_ACADAN,ACADAN,MULTI_ADOQIW,ADOQIW,5,0.54,0.3,1.0,0,0.5,1.0,0.4,1.0,weak_match
MOF_ACADEO,ACADEO,MULTI_ACACMN23,ACACMN23,1,0.75,0.0,1.0,1.0,1.0,1.0,1.0,1.0,weak_match
MOF_ACADEO,ACADEO,MULTI_ACACMN24,ACACMN24,2,0.75,0.0,1.0,1.0,1.0,1.0,1.0,1.0,weak_match
MOF_ACADEO,ACADEO,MULTI_ACACRS01,ACACRS01,3,0.75,0.0,1.0,1.0,1.0,1.0,1.0,1.0,weak_match
MOF_ACADEO,ACADEO,MULTI_ADODOM,ADODOM,4,0.75,0.0,1.0,1.0,1.0,1.0,1.0,1.0,weak_match
MOF_ACADEO,ACADEO,MULTI_ABIDIZ,ABIDIZ,5,0.6,0.0,0.5,1.0,1.0,1.0,1.0,0.5,weak_match
MOF_ACADEQ,ACADEQ,MONO_ABOWOF,ABOWOF,1,0.925,1.0,0.8,1.0,1.0,1.0,1.0,0.5,bridge_topology_match
MOF_ACADEQ,ACADEQ,MONO_ACACZM,ACACZM,2,0.925,1.0,0.8,1.0,1.0,1.0,1.0,0.5,bridge_topology_match
MOF_ACADEQ,ACADEQ,MONO_ACACZM01,ACACZM01,3,0.925,1.0,0.8,1.0,1.0,1.0,1.0,0.5,bridge_topology_match
MOF_ACADEQ,ACADEQ,MONO_ACACZM02,ACACZM02,4,0.925,1.0,0.8,1.0,1.0,1.0,1.0,0.5,bridge_topology_match
MOF_ACADEQ,ACADEQ,MONO_ACOCIF,ACOCIF,5,0.925,1.0,0.8,1.0,1.0,1.0,1.0,0.5,bridge_topology_match
MOF_ACADOA,ACADOA,MULTI_ACPYMN,ACPYMN,1,0.7711,1.0,0.6842,1.0,1.0,0.25,0.5,0.5,relaxed_donor_geometry_match
MOF_ACADOA,ACADOA,MULTI_ACINOQ,ACINOQ,2,0.7447,0.8,0.8889,0.75,0.75,0.4,0.7,0.5,relaxed_donor_geometry_match
MOF_ACADOA,ACADOA,MULTI_ACINOQ01,ACINOQ01,3,0.7447,0.8,0.8889,0.75,0.75,0.4,0.7,0.5,relaxed_donor_geometry_match
MOF_ACADOA,ACADOA,MULTI_ACINUW,ACINUW,4,0.7381,0.8,0.8889,0.75,0.75,0.3333,0.7,0.5,relaxed_donor_geometry_match
MOF_ACADOA,ACADOA,MULTI_ACIPAE,ACIPAE,5,0.7381,0.8,0.8889,0.75,0.75,0.3333,0.7,0.5,relaxed_donor_geometry_match
MOF_ACAFAN,ACAFAN,MULTI_ACIMAB,ACIMAB,1,0.7339,0.8,0.8889,0.5833,0.0,1.0,0.7,0.5,bridge_topology_match
MOF_ACAFAN,ACAFAN,MULTI_AFAGUN,AFAGUN,2,0.7339,0.8,0.8889,0.5833,0.0,1.0,0.7,0.5,bridge_topology_match
MOF_ACAFAN,ACAFAN,MULTI_ACUWAW,ACUWAW,3,0.725,1.0,0.6667,0.6667,0.0,1.0,0.5,0.5,relaxed_donor_geometry_match
MOF_ACAFAN,ACAFAN,MULTI_ACUFIQ,ACUFIQ,4,0.6867,0.8,0.7,0.5833,0.0,1.0,0.7,0.5,bridge_topology_match
MOF_ACAFAN,ACAFAN,MULTI_ACUFIQ01,ACUFIQ01,5,0.6867,0.8,0.7,0.5833,0.0,1.0,0.7,0.5,bridge_topology_match
MOF_ACAFER,ACAFER,MULTI_ABAXIL,ABAXIL,1,0.535,0.0,0.64,0.7083,0.1667,1.0,1.0,0.5,weak_match
MOF_ACAFER,ACAFER,MULTI_ACUWAW,ACUWAW,2,0.5149,0.8,0.3529,0.4583,0.0,1.0,0.1,0.5,weak_match
MOF_ACAFER,ACAFER,MULTI_ACIMAB,ACIMAB,3,0.5093,0.8,0.4706,0.2917,0.1667,1.0,0,0.5,weak_match
MOF_ACAFER,ACAFER,MULTI_AFAGUN,AFAGUN,4,0.5093,0.8,0.4706,0.2917,0.1667,1.0,0,0.5,weak_match
MOF_ACAFER,ACAFER,MULTI_ADENUW,ADENUW,5,0.4851,0.0,0.2069,0.875,0.6667,1.0,1.0,0.5,no_match
MOF_ACAFIT,ACAFIT,MULTI_ACIPIN,ACIPIN,1,0.6625,1.0,0.25,0.75,0.5,1.0,0.5,0.5,weak_match
MOF_ACAFIT,ACAFIT,MULTI_ACURAV,ACURAV,2,0.6583,1.0,0.3333,0.75,0.0,1.0,0.5,0.5,weak_match
MOF_ACAFIT,ACAFIT,MULTI_ACURAV01,ACURAV01,3,0.6583,1.0,0.3333,0.75,0.0,1.0,0.5,0.5,weak_match
MOF_ACAFIT,ACAFIT,MULTI_ABOBUO,ABOBUO,4,0.6306,1.0,0.2222,0.875,0.5,0.0,1.0,0.5,weak_match
MOF_ACAFIT,ACAFIT,MULTI_ACEMUQ,ACEMUQ,5,0.6125,1.0,0.25,0.75,0.5,0.5,0.5,0.5,weak_match
MOF_ACAFIV,ACAFIV,MULTI_ACUWAW,ACUWAW,1,0.4932,0.8,0.2727,0.4444,0.2222,1.0,0,0.5,no_match
MOF_ACAFIV,ACAFIV,MULTI_ACIMAB,ACIMAB,2,0.477,0.8,0.3636,0.2778,0.1111,1.0,0,0.5,no_match
MOF_ACAFIV,ACAFIV,MULTI_AFAGUN,AFAGUN,3,0.477,0.8,0.3636,0.2778,0.1111,1.0,0,0.5,no_match
MOF_ACAFIV,ACAFIV,MULTI_ADAGPC,ADAGPC,4,0.4593,0.8,0.1818,0.3889,0.2222,1.0,0,0.5,no_match
MOF_ACAFIV,ACAFIV,MULTI_ADECAO,ADECAO,5,0.4593,0.8,0.1818,0.3889,0.2222,1.0,0,0.5,no_match
MOF_ACAFOB,ACAFOB,MULTI_ACUWAW,ACUWAW,1,0.4932,0.8,0.2727,0.4444,0.2222,1.0,0,0.5,no_match
MOF_ACAFOB,ACAFOB,MULTI_ACIMAB,ACIMAB,2,0.477,0.8,0.3636,0.2778,0.1111,1.0,0,0.5,no_match
MOF_ACAFOB,ACAFOB,MULTI_AFAGUN,AFAGUN,3,0.477,0.8,0.3636,0.2778,0.1111,1.0,0,0.5,no_match
MOF_ACAFOB,ACAFOB,MULTI_ADAGPC,ADAGPC,4,0.4593,0.8,0.1818,0.3889,0.2222,1.0,0,0.5,no_match
MOF_ACAFOB,ACAFOB,MULTI_ADECAO,ADECAO,5,0.4593,0.8,0.1818,0.3889,0.2222,1.0,0,0.5,no_match
MOF_ACAFOZ,ACAFOZ,MULTI_ACIPIN,ACIPIN,1,0.6625,1.0,0.25,0.75,0.5,1.0,0.5,0.5,weak_match
MOF_ACAFOZ,ACAFOZ,MULTI_ACURAV,ACURAV,2,0.6583,1.0,0.3333,0.75,0.0,1.0,0.5,0.5,weak_match
MOF_ACAFOZ,ACAFOZ,MULTI_ACURAV01,ACURAV01,3,0.6583,1.0,0.3333,0.75,0.0,1.0,0.5,0.5,weak_match
MOF_ACAFOZ,ACAFOZ,MULTI_ABOBUO,ABOBUO,4,0.6306,1.0,0.2222,0.875,0.5,0.0,1.0,0.5,weak_match
MOF_ACAFOZ,ACAFOZ,MULTI_ACEMUQ,ACEMUQ,5,0.6125,1.0,0.25,0.75,0.5,0.5,0.5,0.5,weak_match
MOF_ACAFUF,ACAFUF,MULTI_ACIFAU,ACIFAU,1,0.6088,0.8,0.625,0.5625,0.5,0.5,0.4,0.5,relaxed_donor_geometry_match
MOF_ACAFUF,ACAFUF,MULTI_ABOFII,ABOFII,2,0.5417,1.0,0.0,0.7917,0.5,0.3333,0.5,0.5,weak_match
MOF_ACAFUF,ACAFUF,MULTI_ABUNER,ABUNER,3,0.5391,1.0,0.1765,0.6,0.0,0.0,1.0,0.5,weak_match
MOF_ACAFUF,ACAFUF,MULTI_ADONIR,ADONIR,4,0.5391,1.0,0.1765,0.6,0.0,0.0,1.0,0.5,weak_match
MOF_ACAFUF,ACAFUF,MULTI_ABOGEF,ABOGEF,5,0.525,1.0,0.0,0.75,0.3333,0.3333,0.5,0.5,weak_match
MOF_ACAGAM,ACAGAM,MULTI_ABOZOI,ABOZOI,1,0.6131,1.0,0.1923,0.8,0.6,0.0,1.0,0.5,weak_match
MOF_ACAGAM,ACAGAM,MULTI_ACETCU,ACETCU,2,0.5666,0.8,0.2222,0.68,0.6,0.5,0.7,0.5,weak_match
MOF_ACAGAM,ACAGAM,MULTI_ACIFAU,ACIFAU,3,0.5569,0.8,0.5625,0.5312,0.5,0.5,0.1,0.5,weak_match
MOF_ACAGAM,ACAGAM,MULTI_ABOBEY,ABOBEY,4,0.5275,0.8,0.25,0.65,0.8,0.0,0.7,0.5,weak_match
MOF_ACAGAM,ACAGAM,MULTI_ACIGAW,ACIGAW,5,0.5272,0.8,0.2222,0.6333,0.2,0.4,0.7,0.5,weak_match
MOF_ACAGEQ,ACAGEQ,MULTI_ADOJUB,ADOJUB,1,0.8104,1.0,0.875,0.5833,0.0,1.0,1.0,0.5,bridge_topology_match
MOF_ACAGEQ,ACAGEQ,MULTI_ADOJUB01,ADOJUB01,2,0.8104,1.0,0.875,0.5833,0.0,1.0,1.0,0.5,bridge_topology_match
MOF_ACAGEQ,ACAGEQ,MULTI_ABEQAB,ABEQAB,3,0.7625,1.0,0.5833,0.5833,0.5,1.0,1.0,0.5,weak_match
MOF_ACAGEQ,ACAGEQ,MULTI_ABEQIJ,ABEQIJ,4,0.7625,1.0,0.5833,0.5833,0.5,1.0,1.0,0.5,weak_match
MOF_ACAGEQ,ACAGEQ,MULTI_ACNICP,ACNICP,5,0.7269,1.0,0.3077,0.75,0.5,1.0,1.0,0.5,weak_match
MOF_ACAGOB,ACAGOB,MULTI_ABOLUA,ABOLUA,1,0.7625,1.0,0.5833,0.5833,0.5,1.0,1.0,0.5,weak_match
MOF_ACAGOB,ACAGOB,MULTI_AFAVUA,AFAVUA,2,0.7313,1.0,0.625,1.0,1.0,0.0,0.5,0.5,relaxed_donor_geometry_match
MOF_ACAGOB,ACAGOB,MULTI_AFEGEZ,AFEGEZ,3,0.7,1.0,0.5,0.5,0.0,1.0,1.0,0.5,weak_match
MOF_ACAGOB,ACAGOB,MULTI_ABOJUW,ABOJUW,4,0.6833,1.0,0.2667,0.5833,0.5,1.0,1.0,0.5,weak_match
MOF_ACAGOB,ACAGOB,MULTI_ABARUT,ABARUT,5,0.6461,1.0,0.1176,0.5833,0.5,1.0,1.0,0.5,weak_match
MOF_ACAHAN,ACAHAN,MULTI_ACAHAN01,ACAHAN01,1,0.4386,1.0,0.0263,0.4167,0.1667,0.0625,0.5909,0.5,no_match
MOF_ACAHAN,ACAHAN,MULTI_ADEKUR,ADEKUR,2,0.3528,0.0,0.2759,0.8056,0.1667,0.2,0.6935,0.5,no_match
MOF_ACAHAN,ACAHAN,MULTI_ADELAY01,ADELAY01,3,0.3528,0.0,0.2759,0.8056,0.1667,0.2,0.6935,0.5,no_match
MOF_ACAHAN,ACAHAN,MULTI_ACALAS,ACALAS,4,0.3308,0.2,0.2188,0.6389,0.1667,0.25,0.4,0.5,no_match
MOF_ACAHAN,ACAHAN,MULTI_ACAPEB,ACAPEB,5,0.3178,0.0,0.3,0.6389,0.5,0.25,0.4,0.5,no_match
MOF_ACAHIW,ACAHIW,MULTI_ACUBEH,ACUBEH,1,0.8279,1.0,0.4118,1.0,1.0,1.0,1.0,0.5,weak_match
MOF_ACAHIW,ACAHIW,MULTI_ACACCT,ACACCT,2,0.825,0.3,1.0,1.0,1.0,1.0,1.0,1.0,weak_match
MOF_ACAHIW,ACAHIW,MULTI_ACACMN22,ACACMN22,3,0.825,0.3,1.0,1.0,1.0,1.0,1.0,1.0,weak_match
MOF_ACAHIW,ACAHIW,MULTI_ACACMN26,ACACMN26,4,0.825,0.3,1.0,1.0,1.0,1.0,1.0,1.0,weak_match
MOF_ACAHIW,ACAHIW,MULTI_ACACMN27,ACACMN27,5,0.825,0.3,1.0,1.0,1.0,1.0,1.0,1.0,weak_match
MOF_ACAJEU,ACAJEU,MULTI_ACIFEZ,ACIFEZ,1,0.8833,1.0,1.0,0.6667,0.0,1.0,1.0,1.0,bridge_topology_match
MOF_ACAJEU,ACAJEU,MULTI_ABOTAP,ABOTAP,2,0.8083,1.0,0.8,0.6667,0.0,1.0,1.0,0.5,bridge_topology_match
MOF_ACAJEU,ACAJEU,MULTI_ABUBOR,ABUBOR,3,0.8083,1.0,0.8,0.6667,0.0,1.0,1.0,0.5,bridge_topology_match
MOF_ACAJEU,ACAJEU,MULTI_ABUNIV,ABUNIV,4,0.8083,1.0,0.8,0.6667,0.0,1.0,1.0,0.5,bridge_topology_match
MOF_ACAJEU,ACAJEU,MULTI_ACOYID,ACOYID,5,0.8083,1.0,0.8,0.6667,0.0,1.0,1.0,0.5,bridge_topology_match
MOF_ACAJIY,ACAJIY,MULTI_ACOVET,ACOVET,1,0.7369,0.8,0.9231,0.3889,0.6667,1.0,0.7,0.5,bridge_topology_match
MOF_ACAJIY,ACAJIY,MULTI_ACEXUB,ACEXUB,2,0.7128,1.0,0.24,0.7222,0.6667,1.0,1.0,0.5,weak_match
MOF_ACAJIY,ACAJIY,MULTI_ACOQUE,ACOQUE,3,0.6762,1.0,0.3158,0.6111,0.0,1.0,1.0,0.5,weak_match
MOF_ACAJIY,ACAJIY,MULTI_ABOJOQ,ABOJOQ,4,0.6712,0.8,0.5714,0.5417,0.5,1.0,0.7,0.5,weak_match
MOF_ACAJIY,ACAJIY,MULTI_ADEBUI,ADEBUI,5,0.6651,0.8,0.7692,0.3889,0.0,1.0,0.7,0.5,bridge_topology_match
MOF_ACAJIZ,ACAJIZ,MULTI_ABOZOI,ABOZOI,1,0.7707,1.0,0.5909,0.64,0.4,1.0,1.0,0.5,weak_match
MOF_ACAJIZ,ACAJIZ,MULTI_ABAFOB,ABAFOB,2,0.6608,0.8,0.6154,0.56,0.0,1.0,0.7,0.5,relaxed_donor_geometry_match
MOF_ACAJIZ,ACAJIZ,MULTI_ABUQUM,ABUQUM,3,0.6415,0.8,0.65,0.32,0.4,1.0,0.7,0.5,relaxed_donor_geometry_match
MOF_ACAJIZ,ACAJIZ,MULTI_ADOLIR,ADOLIR,4,0.6415,0.8,0.65,0.32,0.4,1.0,0.7,0.5,relaxed_donor_geometry_match
MOF_ACAJIZ,ACAJIZ,MULTI_ADIFIF,ADIFIF,5,0.6357,0.8,0.9286,0.3429,0.0,1.0,0.1,0.5,bridge_topology_match
MOF_ACAJOF,ACAJOF,MULTI_ABOZOI,ABOZOI,1,0.7707,1.0,0.5909,0.64,0.4,1.0,1.0,0.5,weak_match
MOF_ACAJOF,ACAJOF,MULTI_ABAFOB,ABAFOB,2,0.6608,0.8,0.6154,0.56,0.0,1.0,0.7,0.5,relaxed_donor_geometry_match
MOF_ACAJOF,ACAJOF,MULTI_ABUQUM,ABUQUM,3,0.6415,0.8,0.65,0.32,0.4,1.0,0.7,0.5,relaxed_donor_geometry_match
MOF_ACAJOF,ACAJOF,MULTI_ADOLIR,ADOLIR,4,0.6415,0.8,0.65,0.32,0.4,1.0,0.7,0.5,relaxed_donor_geometry_match
MOF_ACAJOF,ACAJOF,MULTI_ADIFIF,ADIFIF,5,0.6357,0.8,0.9286,0.3429,0.0,1.0,0.1,0.5,bridge_topology_match
MOF_ACAJOG,ACAJOG,MULTI_ADARAY,ADARAY,1,0.8778,1.0,0.7222,0.9444,0.6667,1.0,1.0,0.5,bridge_topology_match
MOF_ACAJOG,ACAJOG,MULTI_ADARAY01,ADARAY01,2,0.8778,1.0,0.7222,0.9444,0.6667,1.0,1.0,0.5,bridge_topology_match
MOF_ACAJOG,ACAJOG,MULTI_ACUBUX,ACUBUX,3,0.85,1.0,0.8333,0.8333,0.0,1.0,1.0,0.5,bridge_topology_match
MOF_ACAJOG,ACAJOG,MULTI_ACUBUX01,ACUBUX01,4,0.85,1.0,0.8333,0.8333,0.0,1.0,1.0,0.5,bridge_topology_match
MOF_ACAJOG,ACAJOG,MULTI_ADUQEX,ADUQEX,5,0.85,1.0,0.8333,0.8333,0.0,1.0,1.0,0.5,bridge_topology_match
MOF_ACAKAT,ACAKAT,MONO_ABAMUO,ABAMUO,1,1.0,1.0,1.0,1.0,1.0,1.0,1.0,1.0,L3_collision
MOF_ACAKAT,ACAKAT,MONO_ABUZEF,ABUZEF,2,1.0,1.0,1.0,1.0,1.0,1.0,1.0,1.0,L3_collision
MOF_ACAKAT,ACAKAT,MONO_ABUZUV,ABUZUV,3,1.0,1.0,1.0,1.0,1.0,1.0,1.0,1.0,L3_collision
MOF_ACAKAT,ACAKAT,MONO_ADAHIX,ADAHIX,4,1.0,1.0,1.0,1.0,1.0,1.0,1.0,1.0,L3_collision
MOF_ACAKAT,ACAKAT,MONO_ACIFIC,ACIFIC,5,0.8917,1.0,0.6667,1.0,1.0,1.0,1.0,0.5,relaxed_donor_geometry_match
MOF_ACAKEX,ACAKEX,MULTI_ADIECU,ADIECU,1,0.9333,1.0,0.8333,1.0,1.0,1.0,1.0,0.5,bridge_topology_match
MOF_ACAKEX,ACAKEX,MULTI_ACAGIV,ACAGIV,2,0.8981,1.0,0.6923,1.0,1.0,1.0,1.0,0.5,relaxed_donor_geometry_match
MOF_ACAKEX,ACAKEX,MULTI_ACAGIV01,ACAGIV01,3,0.8981,1.0,0.6923,1.0,1.0,1.0,1.0,0.5,relaxed_donor_geometry_match
MOF_ACAKEX,ACAKEX,MULTI_ACAGIV02,ACAGIV02,4,0.8981,1.0,0.6923,1.0,1.0,1.0,1.0,0.5,relaxed_donor_geometry_match
MOF_ACAKEX,ACAKEX,MULTI_AFEGEY01,AFEGEY01,5,0.8981,1.0,0.6923,1.0,1.0,1.0,1.0,0.5,relaxed_donor_geometry_match
MOF_ACAKEY,ACAKEY,MONO_ABIZAN,ABIZAN,1,1.0,1.0,1.0,1.0,1.0,1.0,1.0,1.0,L3_collision
MOF_ACAKEY,ACAKEY,MONO_ABOBAV,ABOBAV,2,1.0,1.0,1.0,1.0,1.0,1.0,1.0,1.0,L3_collision
MOF_ACAKEY,ACAKEY,MONO_ABUVUO,ABUVUO,3,1.0,1.0,1.0,1.0,1.0,1.0,1.0,1.0,L3_collision
MOF_ACAKEY,ACAKEY,MONO_ACANPI,ACANPI,4,1.0,1.0,1.0,1.0,1.0,1.0,1.0,1.0,L3_collision
MOF_ACAKEY,ACAKEY,MONO_ACAPNI,ACAPNI,5,1.0,1.0,1.0,1.0,1.0,1.0,1.0,1.0,L3_collision
MOF_ACAKOI,ACAKOI,MULTI_AFAVUA,AFAVUA,1,0.7607,1.0,0.8571,0.8571,0.0,0.5,0.5,0.5,bridge_topology_match
MOF_ACAKOI,ACAKOI,MULTI_ADCDNO10,ADCDNO10,2,0.6625,1.0,0.5,0.5625,0.0,1.0,0.5,0.5,weak_match
MOF_ACAKOI,ACAKOI,MULTI_AFEGEZ,AFEGEZ,3,0.6536,1.0,0.5,0.6429,0.5,0.0,1.0,0.5,weak_match
MOF_ACAKOI,ACAKOI,MULTI_ABOLUA,ABOLUA,4,0.6494,1.0,0.5833,0.6429,0.0,0.0,1.0,0.5,weak_match
MOF_ACAKOI,ACAKOI,MONO_ACAQOK,ACAQOK,5,0.6236,0.8,1.0,0.1429,0.5,0.0,0.7,1.0,relaxed_donor_geometry_match
MOF_ACAKUM,ACAKUM,MULTI_ACRFOR,ACRFOR,1,0.5611,0.0,1.0,0.5556,0.0,1.0,0.5,1.0,weak_match
MOF_ACAKUM,ACAKUM,MULTI_ACACMN23,ACACMN23,2,0.5444,0.0,0.8333,0.5556,0.0,1.0,1.0,0.5,weak_match
MOF_ACAKUM,ACAKUM,MULTI_ACACMN24,ACACMN24,3,0.5444,0.0,0.8333,0.5556,0.0,1.0,1.0,0.5,weak_match
MOF_ACAKUM,ACAKUM,MULTI_ACACRS01,ACACRS01,4,0.5444,0.0,0.8333,0.5556,0.0,1.0,1.0,0.5,weak_match
MOF_ACAKUM,ACAKUM,MULTI_ADODOM,ADODOM,5,0.5444,0.0,0.8333,0.5556,0.0,1.0,1.0,0.5,weak_match
MOF_ACAKUO,ACAKUO,MULTI_AFAVUA,AFAVUA,1,0.8536,1.0,0.7143,1.0,1.0,1.0,0.5,0.5,bridge_topology_match
MOF_ACAKUO,ACAKUO,MULTI_ABOJUW,ABOJUW,2,0.6417,1.0,0.5,0.5833,0.5,0.0,1.0,0.5,weak_match
MOF_ACAKUO,ACAKUO,MULTI_ABOLUA,ABOLUA,3,0.6417,1.0,0.5,0.5833,0.5,0.0,1.0,0.5,weak_match
MOF_ACAKUO,ACAKUO,MULTI_AFENUW,AFENUW,4,0.6347,0.8,0.7143,0.3889,0.6667,0.5,0.7,0.5,bridge_topology_match
MOF_ACAKUO,ACAKUO,MONO_ACUHUD,ACUHUD,5,0.6117,0.8,1.0,0.0833,0.5,0.0,0.7,1.0,relaxed_donor_geometry_match
MOF_ACALAV,ACALAV,MONO_ACAQOK,ACAQOK,1,1.0,1.0,1.0,1.0,1.0,1.0,1.0,1.0,L3_collision
MOF_ACALAV,ACALAV,MONO_AGIQEQ,AGIQEQ,2,1.0,1.0,1.0,1.0,1.0,1.0,1.0,1.0,L3_collision
MOF_ACALAV,ACALAV,MONO_ACENEF,ACENEF,3,0.8639,1.0,0.5556,1.0,1.0,1.0,1.0,0.5,weak_match
MOF_ACALAV,ACALAV,MONO_ACUHUD,ACUHUD,4,0.8607,1.0,0.8571,0.8571,0.0,1.0,1.0,0.5,bridge_topology_match
MOF_ACALAV,ACALAV,MONO_AFNICD,AFNICD,5,0.8607,1.0,0.8571,0.8571,0.0,1.0,1.0,0.5,bridge_topology_match
MOF_ACALEZ,ACALEZ,MULTI_AFAVUA,AFAVUA,1,0.8,1.0,0.8571,0.9286,0.5,0.5,0.5,0.5,bridge_topology_match
MOF_ACALEZ,ACALEZ,MULTI_AFEGEZ,AFEGEZ,2,0.6393,1.0,0.5,0.5714,0.5,0.0,1.0,0.5,weak_match
MOF_ACALEZ,ACALEZ,MULTI_ABOLUA,ABOLUA,3,0.6351,1.0,0.5833,0.5714,0.0,0.0,1.0,0.5,weak_match
MOF_ACALEZ,ACALEZ,MONO_ACAQOK,ACAQOK,4,0.6093,0.8,1.0,0.0714,0.5,0.0,0.7,1.0,relaxed_donor_geometry_match
MOF_ACALEZ,ACALEZ,MONO_AGIQEQ,AGIQEQ,5,0.6093,0.8,1.0,0.0714,0.5,0.0,0.7,1.0,relaxed_donor_geometry_match
MOF_ACALID,ACALID,MULTI_AFEGEZ,AFEGEZ,1,0.9125,1.0,0.75,1.0,1.0,1.0,1.0,0.5,bridge_topology_match
MOF_ACALID,ACALID,MULTI_ABOLUA,ABOLUA,2,0.8607,1.0,0.8571,0.8571,0.0,1.0,1.0,0.5,bridge_topology_match
MOF_ACALID,ACALID,MULTI_ADCDNO10,ADCDNO10,3,0.775,1.0,1.0,0.875,0.0,0.0,0.5,1.0,relaxed_donor_geometry_match
MOF_ACALID,ACALID,MULTI_ABOJUW,ABOJUW,4,0.7575,1.0,0.4444,0.8571,0.0,1.0,1.0,0.5,weak_match
MOF_ACALID,ACALID,MULTI_ADIFIF,ADIFIF,5,0.75,0.0,1.0,1.0,1.0,1.0,1.0,1.0,weak_match
MOF_ACALOJ,ACALOJ,MULTI_ACACCR08,ACACCR08,1,0.5527,0.0,0.625,0.8571,0.0,1.0,1.0,0.5,weak_match
MOF_ACALOJ,ACALOJ,MULTI_ADODUS,ADODUS,2,0.5527,0.0,0.625,0.8571,0.0,1.0,1.0,0.5,weak_match
MOF_ACALOJ,ACALOJ,MULTI_ACISEO,ACISEO,3,0.5202,1.0,0.3333,0.4762,0.3333,0.0,0.5,0.5,weak_match
MOF_ACALOJ,ACALOJ,MULTI_ACAWEG,ACAWEG,4,0.5075,0.0,0.4444,0.8571,0.0,1.0,1.0,0.5,weak_match
MOF_ACALOJ,ACALOJ,MULTI_ADONIR,ADONIR,5,0.4929,0.0,0.5,0.7143,0.0,1.0,1.0,0.5,no_match
MOF_ACALUP,ACALUP,MONO_ACAQOK,ACAQOK,1,1.0,1.0,1.0,1.0,1.0,1.0,1.0,1.0,L3_collision
MOF_ACALUP,ACALUP,MONO_AGIQEQ,AGIQEQ,2,1.0,1.0,1.0,1.0,1.0,1.0,1.0,1.0,L3_collision
MOF_ACALUP,ACALUP,MONO_ACENEF,ACENEF,3,0.8639,1.0,0.5556,1.0,1.0,1.0,1.0,0.5,weak_match
MOF_ACALUP,ACALUP,MONO_ACUHUD,ACUHUD,4,0.8607,1.0,0.8571,0.8571,0.0,1.0,1.0,0.5,bridge_topology_match
MOF_ACALUP,ACALUP,MONO_AFNICD,AFNICD,5,0.8607,1.0,0.8571,0.8571,0.0,1.0,1.0,0.5,bridge_topology_match
MOF_ACAMAW,ACAMAW,MULTI_AFAVUA,AFAVUA,1,0.8,1.0,0.8571,0.9286,0.5,0.5,0.5,0.5,bridge_topology_match
MOF_ACAMAW,ACAMAW,MULTI_AFEGEZ,AFEGEZ,2,0.6393,1.0,0.5,0.5714,0.5,0.0,1.0,0.5,weak_match
MOF_ACAMAW,ACAMAW,MULTI_ABOLUA,ABOLUA,3,0.6351,1.0,0.5833,0.5714,0.0,0.0,1.0,0.5,weak_match
MOF_ACAMAW,ACAMAW,MONO_ACAQOK,ACAQOK,4,0.6093,0.8,1.0,0.0714,0.5,0.0,0.7,1.0,relaxed_donor_geometry_match
MOF_ACAMAW,ACAMAW,MONO_AGIQEQ,AGIQEQ,5,0.6093,0.8,1.0,0.0714,0.5,0.0,0.7,1.0,relaxed_donor_geometry_match
MOF_ACAQAA,ACAQAA,MONO_ACIGOI,ACIGOI,1,0.6536,0.0,0.7143,1.0,1.0,1.0,1.0,0.5,weak_match
MOF_ACAQAA,ACAQAA,MONO_AFURIF,AFURIF,2,0.6417,1.0,0.0,0.8333,0.0,1.0,1.0,0.5,weak_match
MOF_ACAQAA,ACAQAA,MONO_AFUSAY,AFUSAY,3,0.6417,1.0,0.0,0.8333,0.0,1.0,1.0,0.5,weak_match
MOF_ACAQAA,ACAQAA,MONO_ABOSOZ,ABOSOZ,4,0.6083,1.0,0.0,0.6667,0.0,1.0,1.0,0.5,weak_match
MOF_ACAQAA,ACAQAA,MONO_ABOSOZ01,ABOSOZ01,5,0.6083,1.0,0.0,0.6667,0.0,1.0,1.0,0.5,weak_match
MOF_ACAQII,ACAQII,MULTI_AFEGEZ,AFEGEZ,1,0.9125,1.0,0.75,1.0,1.0,1.0,1.0,0.5,bridge_topology_match
MOF_ACAQII,ACAQII,MULTI_ABOLUA,ABOLUA,2,0.8607,1.0,0.8571,0.8571,0.0,1.0,1.0,0.5,bridge_topology_match
MOF_ACAQII,ACAQII,MULTI_ADCDNO10,ADCDNO10,3,0.775,1.0,1.0,0.875,0.0,0.0,0.5,1.0,relaxed_donor_geometry_match
MOF_ACAQII,ACAQII,MULTI_ABOJUW,ABOJUW,4,0.7575,1.0,0.4444,0.8571,0.0,1.0,1.0,0.5,weak_match
MOF_ACAQII,ACAQII,MULTI_ADIFIF,ADIFIF,5,0.75,0.0,1.0,1.0,1.0,1.0,1.0,1.0,weak_match
MOF_ACASUT,ACASUT,MULTI_ABAFOB,ABAFOB,1,0.84,1.0,1.0,0.7,0.0,1.0,0.5,1.0,bridge_topology_match
MOF_ACASUT,ACASUT,MULTI_ABOBEY,ABOBEY,2,0.65,1.0,0.5,0.5,0.0,1.0,0.5,0.5,weak_match
MOF_ACASUT,ACASUT,MULTI_ABAYOR,ABAYOR,3,0.6486,1.0,0.4444,0.5,0.25,1.0,0.5,0.5,weak_match
MOF_ACASUT,ACASUT,MULTI_ABABOY,ABABOY,4,0.6483,1.0,0.3333,0.7,0.0,1.0,0.5,0.5,weak_match
MOF_ACASUT,ACASUT,MULTI_ABOLIO,ABOLIO,5,0.6375,0.8,0.8,0.3,0.25,1.0,0.4,0.5,bridge_topology_match
MOF_ACASUU,ACASUU,MULTI_ACOCAX,ACOCAX,1,0.6121,0.8,0.375,0.6667,0.8,0.5,0.7,0.5,weak_match
MOF_ACASUU,ACASUU,MULTI_ACTPAG,ACTPAG,2,0.545,0.8,0.2,0.65,0.4,0.5,0.7,0.5,weak_match
MOF_ACASUU,ACASUU,MULTI_AFAWAH,AFAWAH,3,0.52,0.8,0.3333,0.5333,0.2,0.25,0.7,0.5,weak_match
MOF_ACASUU,ACASUU,MULTI_ACIMAB,ACIMAB,4,0.4717,0.8,0.6667,0.35,0.0,0.0,0.1,0.5,relaxed_donor_geometry_match
MOF_ACASUU,ACASUU,MULTI_ACUFIQ,ACUFIQ,5,0.4717,0.8,0.6667,0.35,0.0,0.0,0.1,0.5,relaxed_donor_geometry_match
MOF_ACATAB,ACATAB,MULTI_ACIMAB,ACIMAB,1,0.5179,0.8,0.5714,0.25,0.0,1.0,0,0.5,weak_match
MOF_ACATAB,ACATAB,MULTI_ACUFIQ,ACUFIQ,2,0.5179,0.8,0.5714,0.25,0.0,1.0,0,0.5,weak_match
MOF_ACATAB,ACATAB,MULTI_ACUFIQ01,ACUFIQ01,3,0.5179,0.8,0.5714,0.25,0.0,1.0,0,0.5,weak_match
MOF_ACATAB,ACATAB,MULTI_AFAGUN,AFAGUN,4,0.5179,0.8,0.5714,0.25,0.0,1.0,0,0.5,weak_match
MOF_ACATAB,ACATAB,MULTI_ABUMAP,ABUMAP,5,0.51,0.0,1.0,0.5,0.0,1.0,0.1,1.0,weak_match
MOF_ACATEF,ACATEF,MULTI_ADAGPC01,ADAGPC01,1,0.6922,0.8,1.0,0.4444,0.6667,0.0,0.7,1.0,relaxed_donor_geometry_match
MOF_ACATEF,ACATEF,MULTI_AFAWAH,AFAWAH,2,0.6158,0.8,0.6667,0.5833,0.25,0.25,0.7,0.5,relaxed_donor_geometry_match
MOF_ACATEF,ACATEF,MULTI_ACUWAW,ACUWAW,3,0.5833,1.0,0.5,0.6667,0.0,0.0,0.5,0.5,weak_match
MOF_ACATEF,ACATEF,MULTI_ACOCAX,ACOCAX,4,0.57,0.8,0.3333,0.5833,0.5,0.5,0.7,0.5,weak_match
MOF_ACATEF,ACATEF,MULTI_ACUFIQ,ACUFIQ,5,0.5658,0.8,0.75,0.4167,0.0,0.0,0.7,0.5,relaxed_donor_geometry_match
MOF_ACATEH,ACATEH,MULTI_ABAMID,ABAMID,1,0.575,1.0,0.0,0.875,0.5,0.0,1.0,0.5,weak_match
MOF_ACATEH,ACATEH,MULTI_ABEPIK,ABEPIK,2,0.575,1.0,0.0,0.875,0.5,0.0,1.0,0.5,weak_match
MOF_ACATEH,ACATEH,MULTI_ACIMAB,ACIMAB,3,0.575,1.0,0.0,0.875,0.5,0.0,1.0,0.5,weak_match
MOF_ACATEH,ACATEH,MULTI_ACUFIQ,ACUFIQ,4,0.575,1.0,0.0,0.875,0.5,0.0,1.0,0.5,weak_match
MOF_ACATEH,ACATEH,MULTI_ACUFIQ01,ACUFIQ01,5,0.575,1.0,0.0,0.875,0.5,0.0,1.0,0.5,weak_match
MOF_ACATIJ,ACATIJ,MULTI_ADAGPC01,ADAGPC01,1,0.95,1.0,1.0,1.0,1.0,1.0,0.5,1.0,L3_collision
MOF_ACATIJ,ACATIJ,MULTI_ACUFIQ,ACUFIQ,2,0.8125,1.0,0.75,0.75,0.0,1.0,1.0,0.5,bridge_topology_match
MOF_ACATIJ,ACATIJ,MULTI_ACUFIQ01,ACUFIQ01,3,0.8125,1.0,0.75,0.75,0.0,1.0,1.0,0.5,bridge_topology_match
MOF_ACATIJ,ACATIJ,MULTI_ADAGPC,ADAGPC,4,0.775,1.0,0.6667,0.6667,0.0,1.0,1.0,0.5,relaxed_donor_geometry_match
MOF_ACATIJ,ACATIJ,MULTI_ADIXIV,ADIXIV,5,0.775,1.0,0.6667,0.6667,0.0,1.0,1.0,0.5,relaxed_donor_geometry_match
MOF_ACATIL,ACATIL,MULTI_ADUSIB,ADUSIB,1,0.61,1.0,0.3,0.8,0.0,0.0,1.0,0.5,weak_match
MOF_ACATIL,ACATIL,MULTI_AFERUB,AFERUB,2,0.61,1.0,0.3,0.8,0.0,0.0,1.0,0.5,weak_match
MOF_ACATIL,ACATIL,MULTI_AFERUB01,AFERUB01,3,0.61,1.0,0.3,0.8,0.0,0.0,1.0,0.5,weak_match
MOF_ACATIL,ACATIL,MULTI_ACUFIQ,ACUFIQ,4,0.5805,1.0,0.1818,0.8,0.0,0.0,1.0,0.5,weak_match
MOF_ACATIL,ACATIL,MULTI_ACUFIQ01,ACUFIQ01,5,0.5805,1.0,0.1818,0.8,0.0,0.0,1.0,0.5,weak_match
MOF_ACATOR,ACATOR,MULTI_AFASEF,AFASEF,1,0.6392,0.8,0.5,0.7,0.25,0.6667,0.7,0.5,weak_match
MOF_ACATOR,ACATOR,MULTI_ABADUF,ABADUF,2,0.54,0.0,1.0,0.6,0.3333,0.3333,0.7,1.0,weak_match
MOF_ACATOR,ACATOR,MULTI_ACAYAG,ACAYAG,3,0.5093,0.0,0.8571,0.6667,0.6667,0.3333,0.7,0.5,weak_match
MOF_ACATOR,ACATOR,MULTI_AFAVOS,AFAVOS,4,0.4692,0.0,0.75,0.6,0.6667,0.3333,0.7,0.5,no_match
MOF_ACATOR,ACATOR,MULTI_ACOJOS,ACOJOS,5,0.4633,0.0,1.0,0.4667,0.0,0.0,0.7,1.0,no_match
MOF_ACATUX,ACATUX,MULTI_ADUSIB,ADUSIB,1,0.63,1.0,0.4,0.9,0.5,0.0,0.5,0.5,weak_match
MOF_ACATUX,ACATUX,MULTI_AFERUB,AFERUB,2,0.63,1.0,0.4,0.9,0.5,0.0,0.5,0.5,weak_match
MOF_ACATUX,ACATUX,MULTI_AFERUB01,AFERUB01,3,0.63,1.0,0.4,0.9,0.5,0.0,0.5,0.5,weak_match
MOF_ACATUX,ACATUX,MONO_ADUQEV,ADUQEV,4,0.5867,0.8,0.6667,0.5,0.5,0.0,0.7,0.5,relaxed_donor_geometry_match
MOF_ACATUX,ACATUX,MULTI_ACUFIQ,ACUFIQ,5,0.5717,1.0,0.1667,0.9,0.5,0.0,0.5,0.5,weak_match
MOF_ACAVIN,ACAVIN,MULTI_ACHACO,ACHACO,1,0.7667,1.0,0.8,0.8333,0.5,0.5,0.5,0.5,bridge_topology_match
MOF_ACAVIN,ACAVIN,MULTI_ABOLOU,ABOLOU,2,0.7333,1.0,0.6667,0.8333,0.5,0.0,1.0,0.5,relaxed_donor_geometry_match
MOF_ACAVIN,ACAVIN,MULTI_ADEGUN,ADEGUN,3,0.7333,1.0,0.6667,0.8333,0.5,0.0,1.0,0.5,relaxed_donor_geometry_match
MOF_ACAVIN,ACAVIN,MULTI_ACUTAT,ACUTAT,4,0.6964,1.0,0.2857,1.0,1.0,0.0,1.0,0.5,weak_match
MOF_ACAVIN,ACAVIN,MULTI_AFEPOT,AFEPOT,5,0.6917,1.0,0.8,0.8333,0.0,0.0,0.5,0.5,relaxed_donor_geometry_match
MOF_ACAVOT,ACAVOT,MULTI_ADAWOU,ADAWOU,1,0.7881,1.0,0.7857,0.8333,0.0,1.0,0.5,0.5,bridge_topology_match
MOF_ACAVOT,ACAVOT,MULTI_ACICUM,ACICUM,2,0.748,1.0,0.7143,0.8889,0.3333,0.5,0.5,0.5,bridge_topology_match
MOF_ACAVOT,ACAVOT,MULTI_ACADCO,ACADCO,3,0.7139,1.0,0.6667,0.7778,0.3333,0.0,1.0,0.5,relaxed_donor_geometry_match
MOF_ACAVOT,ACAVOT,MULTI_ACHACO,ACHACO,4,0.7089,0.8,0.8333,0.4444,0.3333,1.0,0.7,0.5,bridge_topology_match
MOF_ACAVOT,ACAVOT,MULTI_ADAWUA,ADAWUA,5,0.6575,0.8,0.6667,0.6667,0.25,0.5,0.7,0.5,relaxed_donor_geometry_match
MOF_ACAVUV,ACAVUV,MONO_ABXALA,ABXALA,1,0.6736,0.8,0.7143,0.5,0.0,1.0,0.7,0.5,bridge_topology_match
MOF_ACAVUV,ACAVUV,MONO_ABXALA01,ABXALA01,2,0.6736,0.8,0.7143,0.5,0.0,1.0,0.7,0.5,bridge_topology_match
MOF_ACAVUV,ACAVUV,MULTI_AFEGEZ,AFEGEZ,3,0.6625,0.0,0.75,1.0,1.0,1.0,1.0,0.5,weak_match
MOF_ACAVUV,ACAVUV,MULTI_ADEDUK,ADEDUK,4,0.6188,0.0,0.875,0.875,0.0,1.0,1.0,0.5,weak_match
MOF_ACAVUV,ACAVUV,MULTI_ADIFIF,ADIFIF,5,0.6139,0.0,0.5556,1.0,1.0,1.0,1.0,0.5,weak_match
MOF_ACAVUZ,ACAVUZ,MONO_ABOCUQ,ABOCUQ,1,0.925,1.0,0.8,1.0,1.0,1.0,1.0,0.5,bridge_topology_match
MOF_ACAVUZ,ACAVUZ,MONO_ABOSIW,ABOSIW,2,0.925,1.0,0.8,1.0,1.0,1.0,1.0,0.5,bridge_topology_match
MOF_ACAVUZ,ACAVUZ,MONO_ABUVOI,ABUVOI,3,0.925,1.0,0.8,1.0,1.0,1.0,1.0,0.5,bridge_topology_match
MOF_ACAVUZ,ACAVUZ,MONO_ABYPCU,ABYPCU,4,0.925,1.0,0.8,1.0,1.0,1.0,1.0,0.5,bridge_topology_match
MOF_ACAVUZ,ACAVUZ,MONO_ACADEP,ACADEP,5,0.925,1.0,0.8,1.0,1.0,1.0,1.0,0.5,bridge_topology_match
MOF_ACAWAG,ACAWAG,MONO_ABIYOA,ABIYOA,1,1.0,1.0,1.0,1.0,1.0,1.0,1.0,1.0,L3_collision
MOF_ACAWAG,ACAWAG,MONO_ABIYUG,ABIYUG,2,1.0,1.0,1.0,1.0,1.0,1.0,1.0,1.0,L3_collision
MOF_ACAWAG,ACAWAG,MONO_ABIZER,ABIZER,3,1.0,1.0,1.0,1.0,1.0,1.0,1.0,1.0,L3_collision
MOF_ACAWAG,ACAWAG,MONO_ABOBEZ,ABOBEZ,4,1.0,1.0,1.0,1.0,1.0,1.0,1.0,1.0,L3_collision
MOF_ACAWAG,ACAWAG,MONO_ABOQAJ,ABOQAJ,5,1.0,1.0,1.0,1.0,1.0,1.0,1.0,1.0,L3_collision
MOF_ACAZAG,ACAZAG,MULTI_AFAVOU,AFAVOU,1,0.6333,1.0,0.4,0.75,0.6667,0.25,0.5,0.5,weak_match
MOF_ACAZAG,ACAZAG,MULTI_AFAWAH,AFAWAH,2,0.6325,0.8,0.5,0.6875,0.5,0.5,0.7,0.5,weak_match
MOF_ACAZAG,ACAZAG,MULTI_ACUWAW,ACUWAW,3,0.5854,1.0,0.375,0.75,0.3333,0.0,0.5,0.5,weak_match
MOF_ACAZAG,ACAZAG,MULTI_ADAGPC,ADAGPC,4,0.5533,0.8,0.5,0.5833,0.3333,0.0,0.7,0.5,weak_match
MOF_ACAZAG,ACAZAG,MULTI_ADECAO,ADECAO,5,0.5533,0.8,0.5,0.5833,0.3333,0.0,0.7,0.5,weak_match
MOF_ACAZEK,ACAZEK,MULTI_AFAWAH,AFAWAH,1,0.54,0.8,0.3333,0.6667,0.6667,0.25,0.4,0.5,weak_match
MOF_ACAZEK,ACAZEK,MULTI_AFAVOU,AFAVOU,2,0.4642,0.8,0.25,0.5833,0.5,0.25,0.1,0.5,no_match
MOF_ACAZEK,ACAZEK,MULTI_ACUWAW,ACUWAW,3,0.4198,0.8,0.2727,0.5,0.3333,0.0,0.1,0.5,no_match
MOF_ACAZEK,ACAZEK,MULTI_ADAGPC,ADAGPC,4,0.4083,0.8,0.3333,0.4167,0.3333,0.0,0,0.5,no_match
MOF_ACAZEK,ACAZEK,MULTI_ADECAO,ADECAO,5,0.4083,0.8,0.3333,0.4167,0.3333,0.0,0,0.5,no_match
MOF_ACAZIR,ACAZIR,MONO_ABASOM,ABASOM,1,0.9333,1.0,0.8333,1.0,1.0,1.0,1.0,0.5,bridge_topology_match
MOF_ACAZIR,ACAZIR,MONO_ABATAZ,ABATAZ,2,0.9333,1.0,0.8333,1.0,1.0,1.0,1.0,0.5,bridge_topology_match
MOF_ACAZIR,ACAZIR,MONO_ABIPOS,ABIPOS,3,0.9333,1.0,0.8333,1.0,1.0,1.0,1.0,0.5,bridge_topology_match
MOF_ACAZIR,ACAZIR,MONO_ABOTIX,ABOTIX,4,0.9333,1.0,0.8333,1.0,1.0,1.0,1.0,0.5,bridge_topology_match
MOF_ACAZIR,ACAZIR,MONO_ABOVAR,ABOVAR,5,0.9333,1.0,0.8333,1.0,1.0,1.0,1.0,0.5,bridge_topology_match
MOF_ACBACU,ACBACU,MULTI_ABUVIC,ABUVIC,1,0.8917,1.0,0.6667,1.0,1.0,1.0,1.0,0.5,relaxed_donor_geometry_match
MOF_ACBACU,ACBACU,MULTI_ACIDEX,ACIDEX,2,0.8917,1.0,0.6667,1.0,1.0,1.0,1.0,0.5,relaxed_donor_geometry_match
MOF_ACBACU,ACBACU,MULTI_ADILEE,ADILEE,3,0.8917,1.0,0.6667,1.0,1.0,1.0,1.0,0.5,relaxed_donor_geometry_match
MOF_ACBACU,ACBACU,MULTI_AEOXCU,AEOXCU,4,0.8917,1.0,0.6667,1.0,1.0,1.0,1.0,0.5,relaxed_donor_geometry_match
MOF_ACBACU,ACBACU,MULTI_AFEGEY,AFEGEY,5,0.8917,1.0,0.6667,1.0,1.0,1.0,1.0,0.5,relaxed_donor_geometry_match
MOF_ACBZNM,ACBZNM,MULTI_ABUQEW,ABUQEW,1,0.6108,0.8,1.0,0.2917,0.25,0.0,0.4,1.0,relaxed_donor_geometry_match
MOF_ACBZNM,ACBZNM,MULTI_ADESAD01,ADESAD01,2,0.5858,0.8,0.8,0.2917,0.25,0.5,0.4,0.5,bridge_topology_match
MOF_ACBZNM,ACBZNM,MULTI_AFEBAQ,AFEBAQ,3,0.5825,0.8,0.3333,0.6667,0.5,0.4583,0.7,0.5,weak_match
MOF_ACBZNM,ACBZNM,MULTI_AFEGAV,AFEGAV,4,0.57,0.8,0.5,0.625,0.0,0.25,0.7,0.5,weak_match
MOF_ACBZNM,ACBZNM,MULTI_ACENOL,ACENOL,5,0.5539,0.8,0.3846,0.5556,0.3333,0.65,0.4,0.5,weak_match
MOF_ACDMAL,ACDMAL,MONO_ACAQOK,ACAQOK,1,0.9036,1.0,0.7143,1.0,1.0,1.0,1.0,0.5,bridge_topology_match
MOF_ACDMAL,ACDMAL,MONO_AGIQEQ,AGIQEQ,2,0.9036,1.0,0.7143,1.0,1.0,1.0,1.0,0.5,bridge_topology_match
MOF_ACDMAL,ACDMAL,MONO_ACENEF,ACENEF,3,0.8083,1.0,0.3333,1.0,1.0,1.0,1.0,0.5,weak_match
MOF_ACDMAL,ACDMAL,MONO_ACCDSC10,ACCDSC10,4,0.7893,1.0,0.5714,0.8571,0.0,1.0,1.0,0.5,weak_match
MOF_ACDMAL,ACDMAL,MONO_ACUHUD,ACUHUD,5,0.7893,1.0,0.5714,0.8571,0.0,1.0,1.0,0.5,weak_match
MOF_ACDOXY10,ACDOXY10,MULTI_AFAVUA,AFAVUA,1,0.7125,1.0,0.5,0.8125,0.0,1.0,0.5,0.5,weak_match
MOF_ACDOXY10,ACDOXY10,MULTI_ADCDNO10,ADCDNO10,2,0.6857,1.0,0.6429,0.625,0.5,0.5,0.5,0.5,relaxed_donor_geometry_match
MOF_ACDOXY10,ACDOXY10,MULTI_AFEGEZ,AFEGEZ,3,0.6607,1.0,0.6429,0.625,0.0,0.0,1.0,0.5,relaxed_donor_geometry_match
MOF_ACDOXY10,ACDOXY10,MULTI_ABOLUA,ABOLUA,4,0.6538,1.0,0.6154,0.625,0.0,0.0,1.0,0.5,relaxed_donor_geometry_match
MOF_ACDOXY10,ACDOXY10,MULTI_ABOJUW,ABOJUW,5,0.5588,1.0,0.2353,0.625,0.0,0.0,1.0,0.5,weak_match
MOF_ACEBOA,ACEBOA,MULTI_ABOJUW,ABOJUW,1,0.7625,1.0,0.5833,0.5833,0.5,1.0,1.0,0.5,weak_match
MOF_ACEBOA,ACEBOA,MULTI_ABOLUA,ABOLUA,2,0.7625,1.0,0.5833,0.5833,0.5,1.0,1.0,0.5,weak_match
MOF_ACEBOA,ACEBOA,MULTI_ABARUT,ABARUT,3,0.7321,1.0,0.4615,0.5833,0.5,1.0,1.0,0.5,weak_match
MOF_ACEBOA,ACEBOA,MONO_ACENEF,ACENEF,4,0.6986,0.8,1.0,0.1429,0.0,1.0,0.7,1.0,bridge_topology_match
MOF_ACEBOA,ACEBOA,MULTI_AFAVUA,AFAVUA,5,0.6861,1.0,0.4444,1.0,1.0,0.0,0.5,0.5,weak_match
MOF_ACEDUJ,ACEDUJ,MULTI_ACAGIV,ACAGIV,1,0.9036,1.0,0.7143,1.0,1.0,1.0,1.0,0.5,bridge_topology_match
MOF_ACEDUJ,ACEDUJ,MULTI_ACAGIV01,ACAGIV01,2,0.9036,1.0,0.7143,1.0,1.0,1.0,1.0,0.5,bridge_topology_match
MOF_ACEDUJ,ACEDUJ,MULTI_ACAGIV02,ACAGIV02,3,0.9036,1.0,0.7143,1.0,1.0,1.0,1.0,0.5,bridge_topology_match
MOF_ACEDUJ,ACEDUJ,MULTI_ADIECU,ADIECU,4,0.85,1.0,0.5,1.0,1.0,1.0,1.0,0.5,weak_match
MOF_ACEDUJ,ACEDUJ,MULTI_AFEGEY01,AFEGEY01,5,0.8083,1.0,0.3333,1.0,1.0,1.0,1.0,0.5,weak_match
MOF_ACEFOF,ACEFOF,MULTI_ACTPAG,ACTPAG,1,0.5928,0.8,0.4444,0.4167,0.6667,1.0,0.4,0.5,weak_match
MOF_ACEFOF,ACEFOF,MULTI_ACOCAX,ACOCAX,2,0.565,0.8,0.3333,0.5,0.3333,1.0,0.4,0.5,weak_match
MOF_ACEFOF,ACEFOF,MULTI_AFAWAH,AFAWAH,3,0.5198,0.8,0.2857,0.5833,0.3333,0.5,0.4,0.5,weak_match
MOF_ACEFOF,ACEFOF,MULTI_ACABAH,ACABAH,4,0.4281,0.0,0.7857,0.5,0.3333,0.5,0.4,0.5,no_match
MOF_ACEFOF,ACEFOF,MULTI_ACISEO,ACISEO,5,0.4258,0.0,0.5556,0.8095,0.3333,0.3333,0.5,0.5,no_match
MOF_ACEFUL,ACEFUL,MULTI_ABOLUA,ABOLUA,1,0.6899,0.8,0.8462,0.3333,0.3333,1.0,0.7,0.5,bridge_topology_match
MOF_ACEFUL,ACEFUL,MULTI_AFENUW,AFENUW,2,0.6389,1.0,0.5,0.7778,0.6667,0.0,0.5,0.5,weak_match
MOF_ACEFUL,ACEFUL,MULTI_ABOJUW,ABOJUW,3,0.6033,0.8,0.5,0.3333,0.3333,1.0,0.7,0.5,weak_match
MOF_ACEFUL,ACEFUL,MULTI_AFEGEZ,AFEGEZ,4,0.594,0.8,0.5294,0.3333,0.0,1.0,0.7,0.5,weak_match
MOF_ACEFUL,ACEFUL,MULTI_ADARAY,ADARAY,5,0.5757,0.0,0.6471,0.7778,0.6667,1.0,1.0,0.5,weak_match
MOF_ACEGEW,ACEGEW,MULTI_ACPYMN,ACPYMN,1,0.7322,1.0,0.5789,1.0,1.0,0.125,0.5,0.5,weak_match
MOF_ACEGEW,ACEGEW,MULTI_ABULAN,ABULAN,2,0.6652,0.8,0.7143,0.6667,0.6667,0.25,0.7,0.5,relaxed_donor_geometry_match
MOF_ACEGEW,ACEGEW,MULTI_ACSLMN,ACSLMN,3,0.6652,0.8,0.7143,0.6667,0.6667,0.25,0.7,0.5,relaxed_donor_geometry_match
MOF_ACEGEW,ACEGEW,MULTI_ABINEG,ABINEG,4,0.6433,1.0,0.4286,0.5556,0.0,1.0,0.5,0.5,weak_match
MOF_ACEGEW,ACEGEW,MULTI_ACINOQ,ACINOQ,5,0.6361,0.8,0.4545,0.75,0.75,0.4,0.7,0.5,weak_match
MOF_ACEGIA,ACEGIA,MULTI_ACELEB,ACELEB,1,0.81,1.0,1.0,0.8,0.0,0.0,1.0,1.0,relaxed_donor_geometry_match
MOF_ACEGIA,ACEGIA,MULTI_ADAWAG,ADAWAG,2,0.7167,1.0,0.5,0.8333,0.0,1.0,0.5,0.5,weak_match
MOF_ACEGIA,ACEGIA,MULTI_ACEWUA,ACEWUA,3,0.7,0.0,1.0,1.0,1.0,1.0,0.5,1.0,weak_match
MOF_ACEGIA,ACEGIA,MULTI_ACEZEN,ACEZEN,4,0.7,0.0,1.0,1.0,1.0,1.0,0.5,1.0,weak_match
MOF_ACEGIA,ACEGIA,MULTI_ADUTOJ,ADUTOJ,5,0.7,0.0,1.0,1.0,1.0,1.0,0.5,1.0,weak_match
MOF_ACEGOG,ACEGOG,MULTI_ACELEB,ACELEB,1,0.6713,1.0,0.625,0.7,0.0,0.0,1.0,0.5,relaxed_donor_geometry_match
MOF_ACEGOG,ACEGOG,MULTI_ADAWAG,ADAWAG,2,0.6326,1.0,0.3636,0.5833,0.0,1.0,0.5,0.5,weak_match
MOF_ACEGOG,ACEGOG,MULTI_ADISEN,ADISEN,3,0.5605,1.0,0.1818,0.7,0.0,0.0,1.0,0.5,weak_match
MOF_ACEGOG,ACEGOG,MONO_ACACDC,ACACDC,4,0.555,0.8,0.8,0.3,0.0,0.0,0.7,0.5,relaxed_donor_geometry_match
MOF_ACEGOG,ACEGOG,MULTI_AFAVUA,AFAVUA,5,0.5417,1.0,0.1,0.8333,0.0,0.25,0.5,0.5,weak_match
MOF_ACEHOG,ACEHOG,MULTI_AFASEF,AFASEF,1,0.5325,0.8,0.5,0.4375,0.0,0.25,0.7,0.5,weak_match
MOF_ACEHOG,ACEHOG,MULTI_AFAVOU,AFAVOU,2,0.525,1.0,0.0,0.6667,0.3333,0.5,0.5,0.5,weak_match
MOF_ACEHOG,ACEHOG,MULTI_ABADUF,ABADUF,3,0.5033,0.0,1.0,0.4167,0.0,0.5,0.7,1.0,weak_match
MOF_ACEHOG,ACEHOG,MULTI_ACENAG01,ACENAG01,4,0.5028,1.0,0.0,0.5556,0.3333,0.5,0.5,0.5,weak_match
MOF_ACEHOG,ACEHOG,MULTI_ACOJOS,ACOJOS,5,0.4922,0.0,1.0,0.4444,0.6667,0.0,0.7,1.0,no_match
MOF_ACEJUR,ACEJUR,MULTI_ADEDUK,ADEDUK,1,0.6804,0.8,0.875,0.6667,0.6667,0.0,0.7,0.5,relaxed_donor_geometry_match
MOF_ACEJUR,ACEJUR,MULTI_ADEDEU,ADEDEU,2,0.6246,0.8,0.7778,0.5926,0.3333,0.0,0.7,0.5,relaxed_donor_geometry_match
MOF_ACEJUR,ACEJUR,MULTI_ACUZOO,ACUZOO,3,0.5272,0.0,0.875,0.6389,0.0,0.8571,0.7,0.5,weak_match
MOF_ACEJUR,ACEJUR,MULTI_ACACNI,ACACNI,4,0.5041,0.0,0.8571,0.7407,0.0,0.6667,0.5,0.5,weak_match
MOF_ACEJUR,ACEJUR,MULTI_ACACNI01,ACACNI01,5,0.5041,0.0,0.8571,0.7407,0.0,0.6667,0.5,0.5,weak_match
MOF_ACEKEZ,ACEKEZ,MULTI_ACSLMN,ACSLMN,1,0.7737,1.0,0.9091,0.8571,0.0,0.5,0.5,0.5,bridge_topology_match
MOF_ACEKEZ,ACEKEZ,MULTI_ABOLEK,ABOLEK,2,0.7451,1.0,0.9091,0.7143,0.0,0.0,1.0,0.5,relaxed_donor_geometry_match
MOF_ACEKEZ,ACEKEZ,MULTI_ACACMN22,ACACMN22,3,0.7071,1.0,0.6429,0.8571,0.0,0.0,1.0,0.5,relaxed_donor_geometry_match
MOF_ACEKEZ,ACEKEZ,MULTI_ACACMN26,ACACMN26,4,0.7071,1.0,0.6429,0.8571,0.0,0.0,1.0,0.5,relaxed_donor_geometry_match
MOF_ACEKEZ,ACEKEZ,MULTI_ACACMN27,ACACMN27,5,0.7071,1.0,0.6429,0.8571,0.0,0.0,1.0,0.5,relaxed_donor_geometry_match
MOF_ACEKIE,ACEKIE,MONO_ACUHUD,ACUHUD,1,1.0,1.0,1.0,1.0,1.0,1.0,1.0,1.0,L3_collision
MOF_ACEKIE,ACEKIE,MONO_AFNICD,AFNICD,2,1.0,1.0,1.0,1.0,1.0,1.0,1.0,1.0,L3_collision
MOF_ACEKIE,ACEKIE,MONO_AFNICD01,AFNICD01,3,1.0,1.0,1.0,1.0,1.0,1.0,1.0,1.0,L3_collision
MOF_ACEKIE,ACEKIE,MONO_AFIBOH,AFIBOH,4,0.9036,1.0,0.7143,1.0,1.0,1.0,1.0,0.5,bridge_topology_match
MOF_ACEKIE,ACEKIE,MONO_ACAQOK,ACAQOK,5,0.8607,1.0,0.8571,0.8571,0.0,1.0,1.0,0.5,bridge_topology_match
MOF_ACEKOK,ACEKOK,MULTI_ABOLUA,ABOLUA,1,1.0,1.0,1.0,1.0,1.0,1.0,1.0,1.0,L3_collision
MOF_ACEKOK,ACEKOK,MULTI_ABOJUW,ABOJUW,2,0.85,1.0,0.5,1.0,1.0,1.0,1.0,0.5,weak_match
MOF_ACEKOK,ACEKOK,MULTI_ABARUT,ABARUT,3,0.8083,1.0,0.3333,1.0,1.0,1.0,1.0,0.5,weak_match
MOF_ACEKOK,ACEKOK,MULTI_AFEGEZ,AFEGEZ,4,0.8027,1.0,0.625,0.8571,0.0,1.0,1.0,0.5,relaxed_donor_geometry_match
MOF_ACEKOK,ACEKOK,MULTI_AFAVUB,AFAVUB,5,0.775,1.0,0.2,1.0,1.0,1.0,1.0,0.5,weak_match
MOF_ACEKUQ,ACEKUQ,MONO_ABIZIW,ABIZIW,1,0.71,0.8,1.0,0.2,0.0,1.0,0.7,1.0,bridge_topology_match
MOF_ACEKUQ,ACEKUQ,MULTI_ACELEB,ACELEB,2,0.7,1.0,0.3,0.625,0.5,1.0,1.0,0.5,weak_match
MOF_ACEKUQ,ACEKUQ,MULTI_ADISEN,ADISEN,3,0.7,1.0,0.3,0.625,0.5,1.0,1.0,0.5,weak_match
MOF_ACEKUQ,ACEKUQ,MULTI_AFAVUB,AFAVUB,4,0.6625,1.0,0.4167,0.4167,0.0,1.0,1.0,0.5,weak_match
MOF_ACEKUQ,ACEKUQ,MONO_ADEBIV,ADEBIV,5,0.6533,0.8,0.8333,0.25,0.0,1.0,0.7,0.5,bridge_topology_match
MOF_ACELAX,ACELAX,MONO_ABUSAU,ABUSAU,1,0.71,0.8,1.0,0.2,0.0,1.0,0.7,1.0,bridge_topology_match
MOF_ACELAX,ACELAX,MULTI_ACELEB,ACELEB,2,0.7,1.0,0.3,0.625,0.5,1.0,1.0,0.5,weak_match
MOF_ACELAX,ACELAX,MULTI_ADISEN,ADISEN,3,0.7,1.0,0.3,0.625,0.5,1.0,1.0,0.5,weak_match
MOF_ACELAX,ACELAX,MONO_AFAVOV,AFAVOV,4,0.6533,0.8,0.8333,0.25,0.0,1.0,0.7,0.5,bridge_topology_match
MOF_ACELAX,ACELAX,MONO_ACUJEP,ACUJEP,5,0.645,0.8,0.8,0.125,0.5,1.0,0.7,0.5,bridge_topology_match
MOF_ACELIF,ACELIF,MULTI_ABOKEI,ABOKEI,1,1.0,1.0,1.0,1.0,1.0,1.0,1.0,1.0,L3_collision
MOF_ACELIF,ACELIF,MULTI_ACABAI,ACABAI,2,1.0,1.0,1.0,1.0,1.0,1.0,1.0,1.0,L3_collision
MOF_ACELIF,ACELIF,MULTI_AENNIA10,AENNIA10,3,1.0,1.0,1.0,1.0,1.0,1.0,1.0,1.0,L3_collision
MOF_ACELIF,ACELIF,MULTI_ABEQAB,ABEQAB,4,0.85,1.0,0.5,1.0,1.0,1.0,1.0,0.5,weak_match
MOF_ACELIF,ACELIF,MULTI_ABEQIJ,ABEQIJ,5,0.85,1.0,0.5,1.0,1.0,1.0,1.0,0.5,weak_match
MOF_ACEMAA,ACEMAA,MULTI_ADUXOP,ADUXOP,1,0.8812,1.0,0.625,1.0,1.0,1.0,1.0,0.5,relaxed_donor_geometry_match
MOF_ACEMAA,ACEMAA,MULTI_AFAFEV,AFAFEV,2,0.8812,1.0,0.625,1.0,1.0,1.0,1.0,0.5,relaxed_donor_geometry_match
MOF_ACEMAA,ACEMAA,MONO_ABPYCU,ABPYCU,3,0.72,0.8,1.0,0.4,0.0,1.0,0.4,1.0,bridge_topology_match
MOF_ACEMAA,ACEMAA,MONO_ABUNET,ABUNET,4,0.72,0.8,1.0,0.4,0.0,1.0,0.4,1.0,bridge_topology_match
MOF_ACEMAA,ACEMAA,MONO_ACOXNI10,ACOXNI10,5,0.72,0.8,1.0,0.4,0.0,1.0,0.4,1.0,bridge_topology_match
MOF_ACEMAY,ACEMAY,MONO_ACACZM,ACACZM,1,0.71,0.8,1.0,0.2,0.0,1.0,0.7,1.0,bridge_topology_match
MOF_ACEMAY,ACEMAY,MONO_ACACZM01,ACACZM01,2,0.71,0.8,1.0,0.2,0.0,1.0,0.7,1.0,bridge_topology_match
MOF_ACEMAY,ACEMAY,MONO_ACACZM02,ACACZM02,3,0.71,0.8,1.0,0.2,0.0,1.0,0.7,1.0,bridge_topology_match
MOF_ACEMAY,ACEMAY,MULTI_ABOWUL,ABOWUL,4,0.7,1.0,0.5,0.5,0.0,1.0,1.0,0.5,weak_match
MOF_ACEMAY,ACEMAY,MULTI_ABUQEW,ABUQEW,5,0.7,1.0,0.5,0.5,0.0,1.0,1.0,0.5,weak_match
MOF_ACEMEE,ACEMEE,MULTI_ADUXOP,ADUXOP,1,0.9125,1.0,0.75,1.0,1.0,1.0,1.0,0.5,bridge_topology_match
MOF_ACEMEE,ACEMEE,MULTI_AFAFEV,AFAFEV,2,0.9125,1.0,0.75,1.0,1.0,1.0,1.0,0.5,bridge_topology_match
MOF_ACEMEE,ACEMEE,MULTI_ABAWOP,ABAWOP,3,0.77,0.8,1.0,0.5,0.0,1.0,0.7,1.0,bridge_topology_match
MOF_ACEMEE,ACEMEE,MULTI_AFATIN,AFATIN,4,0.77,0.8,1.0,0.5,0.0,1.0,0.7,1.0,bridge_topology_match
MOF_ACEMEE,ACEMEE,MONO_AEPYCU,AEPYCU,5,0.7289,0.8,1.0,0.4444,0.0,1.0,0.4,1.0,bridge_topology_match
MOF_ACEMII,ACEMII,MULTI_ACAGIV,ACAGIV,1,0.8756,1.0,0.7692,0.9167,0.5,1.0,1.0,0.5,bridge_topology_match
MOF_ACEMII,ACEMII,MULTI_ACAGIV01,ACAGIV01,2,0.8756,1.0,0.7692,0.9167,0.5,1.0,1.0,0.5,bridge_topology_match
MOF_ACEMII,ACEMII,MULTI_ACAGIV02,ACAGIV02,3,0.8756,1.0,0.7692,0.9167,0.5,1.0,1.0,0.5,bridge_topology_match
MOF_ACEMII,ACEMII,MULTI_ACACCV10,ACACCV10,4,0.8606,1.0,0.9091,0.9167,0.5,1.0,0.5,0.5,bridge_topology_match
MOF_ACEMII,ACEMII,MULTI_ACACCV11,ACACCV11,5,0.8606,1.0,0.9091,0.9167,0.5,1.0,0.5,0.5,bridge_topology_match
MOF_ACENAG,ACENAG,MULTI_AFENOR,AFENOR,1,0.725,1.0,0.4,1.0,1.0,0.0,1.0,0.5,weak_match
MOF_ACENAG,ACENAG,MULTI_ACPTIO,ACPTIO,2,0.7,0.0,1.0,1.0,1.0,1.0,0.5,1.0,weak_match
MOF_ACENAG,ACENAG,MULTI_ADAGPC,ADAGPC,3,0.625,1.0,0.0,1.0,1.0,0.0,1.0,0.5,weak_match
MOF_ACENAG,ACENAG,MULTI_ADIFEZ,ADIFEZ,4,0.625,1.0,0.0,1.0,1.0,0.0,1.0,0.5,weak_match
MOF_ACENAG,ACENAG,MULTI_ADIXIV,ADIXIV,5,0.625,1.0,0.0,1.0,1.0,0.0,1.0,0.5,weak_match
MOF_ACENIF,ACENIF,MULTI_ACENOL,ACENOL,1,0.7513,0.8,1.0,0.5625,0.375,0.8,0.4,1.0,bridge_topology_match
MOF_ACENIF,ACENIF,MULTI_ADOXEY,ADOXEY,2,0.4763,0.0,0.9286,0.5,0.25,0.6667,0.4,0.5,no_match
MOF_ACENIF,ACENIF,MULTI_ACIMEG,ACIMEG,3,0.4575,0.0,0.8519,0.5625,0.125,0.3077,0.7,0.5,no_match
MOF_ACENIF,ACENIF,MULTI_ABOYOJ,ABOYOJ,4,0.4563,0.0,0.8889,0.5417,0.0,0.3077,0.7,0.5,no_match
MOF_ACENIF,ACENIF,MULTI_ABUBAE,ABUBAE,5,0.4563,0.0,0.8889,0.5417,0.0,0.3077,0.7,0.5,no_match
MOF_ACEPAD,ACEPAD,MULTI_ACNIPR10,ACNIPR10,1,0.95,1.0,1.0,1.0,1.0,1.0,0.5,1.0,L3_collision
MOF_ACEPAD,ACEPAD,MULTI_ACNIPR11,ACNIPR11,2,0.95,1.0,1.0,1.0,1.0,1.0,0.5,1.0,L3_collision
MOF_ACEPAD,ACEPAD,MULTI_ACNIAS10,ACNIAS10,3,0.8667,1.0,0.9,1.0,1.0,0.6667,0.5,0.5,bridge_topology_match
MOF_ACEPAD,ACEPAD,MULTI_AFEPUZ,AFEPUZ,4,0.8417,1.0,0.6667,1.0,1.0,1.0,0.5,0.5,relaxed_donor_geometry_match
MOF_ACEPAD,ACEPAD,MULTI_ACNIPC,ACNIPC,5,0.8333,1.0,0.8333,1.0,1.0,0.0,1.0,0.5,relaxed_donor_geometry_match
MOF_ACEPED,ACEPED,MONO_ACUEAC,ACUEAC,1,1.0,1.0,1.0,1.0,1.0,1.0,1.0,1.0,L3_collision
MOF_ACEPED,ACEPED,MONO_AFEXUG,AFEXUG,2,1.0,1.0,1.0,1.0,1.0,1.0,1.0,1.0,L3_collision
MOF_ACEPED,ACEPED,MONO_ABCOPD,ABCOPD,3,0.85,1.0,0.5,1.0,1.0,1.0,1.0,0.5,weak_match
MOF_ACEPED,ACEPED,MONO_ACAJUM,ACAJUM,4,0.85,1.0,0.5,1.0,1.0,1.0,1.0,0.5,weak_match
MOF_ACEPED,ACEPED,MONO_ACARAX,ACARAX,5,0.85,1.0,0.5,1.0,1.0,1.0,1.0,0.5,weak_match
MOF_ACEPIH,ACEPIH,MULTI_ACAGIV,ACAGIV,1,0.9036,1.0,0.7143,1.0,1.0,1.0,1.0,0.5,bridge_topology_match
MOF_ACEPIH,ACEPIH,MULTI_ACAGIV01,ACAGIV01,2,0.9036,1.0,0.7143,1.0,1.0,1.0,1.0,0.5,bridge_topology_match
MOF_ACEPIH,ACEPIH,MULTI_ACAGIV02,ACAGIV02,3,0.9036,1.0,0.7143,1.0,1.0,1.0,1.0,0.5,bridge_topology_match
MOF_ACEPIH,ACEPIH,MULTI_ADIECU,ADIECU,4,0.85,1.0,0.5,1.0,1.0,1.0,1.0,0.5,weak_match
MOF_ACEPIH,ACEPIH,MULTI_AFEGEY01,AFEGEY01,5,0.8083,1.0,0.3333,1.0,1.0,1.0,1.0,0.5,weak_match
MOF_ACEPIL,ACEPIL,MONO_ABEGOG,ABEGOG,1,0.925,1.0,0.8,1.0,1.0,1.0,1.0,0.5,bridge_topology_match
MOF_ACEPIL,ACEPIL,MONO_ABOWOF,ABOWOF,2,0.925,1.0,0.8,1.0,1.0,1.0,1.0,0.5,bridge_topology_match
MOF_ACEPIL,ACEPIL,MONO_ABOXOI,ABOXOI,3,0.925,1.0,0.8,1.0,1.0,1.0,1.0,0.5,bridge_topology_match
MOF_ACEPIL,ACEPIL,MONO_ABOXUO,ABOXUO,4,0.925,1.0,0.8,1.0,1.0,1.0,1.0,0.5,bridge_topology_match
MOF_ACEPIL,ACEPIL,MONO_ACOCIF,ACOCIF,5,0.925,1.0,0.8,1.0,1.0,1.0,1.0,0.5,bridge_topology_match
MOF_ACEPON,ACEPON,MONO_ACUEAC,ACUEAC,1,1.0,1.0,1.0,1.0,1.0,1.0,1.0,1.0,L3_collision
MOF_ACEPON,ACEPON,MONO_AFEXUG,AFEXUG,2,1.0,1.0,1.0,1.0,1.0,1.0,1.0,1.0,L3_collision
MOF_ACEPON,ACEPON,MONO_ABCOPD,ABCOPD,3,0.85,1.0,0.5,1.0,1.0,1.0,1.0,0.5,weak_match
MOF_ACEPON,ACEPON,MONO_ACAJUM,ACAJUM,4,0.85,1.0,0.5,1.0,1.0,1.0,1.0,0.5,weak_match
MOF_ACEPON,ACEPON,MONO_ACARAX,ACARAX,5,0.85,1.0,0.5,1.0,1.0,1.0,1.0,0.5,weak_match
MOF_ACEPOR,ACEPOR,MONO_ACICIZ,ACICIZ,1,1.0,1.0,1.0,1.0,1.0,1.0,1.0,1.0,L3_collision
MOF_ACEPOR,ACEPOR,MONO_ACIFEA,ACIFEA,2,1.0,1.0,1.0,1.0,1.0,1.0,1.0,1.0,L3_collision
MOF_ACEPOR,ACEPOR,MONO_ACIFEA01,ACIFEA01,3,1.0,1.0,1.0,1.0,1.0,1.0,1.0,1.0,L3_collision
MOF_ACEPOR,ACEPOR,MONO_ADOPER,ADOPER,4,1.0,1.0,1.0,1.0,1.0,1.0,1.0,1.0,L3_collision
MOF_ACEPOR,ACEPOR,MONO_AFICIF,AFICIF,5,1.0,1.0,1.0,1.0,1.0,1.0,1.0,1.0,L3_collision
MOF_ACEPUW,ACEPUW,MULTI_ACENOL,ACENOL,1,0.7152,1.0,0.4857,0.9167,0.5,0.6042,0.5,0.5,weak_match
MOF_ACEPUW,ACEPUW,MULTI_ACOQOY,ACOQOY,2,0.6095,1.0,0.3158,0.7778,0.0,0.0,1.0,0.5,weak_match
MOF_ACEPUW,ACEPUW,MULTI_ADONIR,ADONIR,3,0.5488,0.0,0.8065,0.9444,0.6667,0.0,1.0,0.5,weak_match
MOF_ACEPUW,ACEPUW,MULTI_ACEXUB,ACEXUB,4,0.5136,0.8,0.6923,0.4444,0.3333,0.0,0.1,0.5,relaxed_donor_geometry_match
MOF_ACEPUW,ACEPUW,MULTI_ACATIK,ACATIK,5,0.4975,0.8,0.2667,0.5556,0.0,0.5476,0.4,0.5,no_match
MOF_ACESAG,ACESAG,MULTI_ABOLUA,ABOLUA,1,1.0,1.0,1.0,1.0,1.0,1.0,1.0,1.0,L3_collision
MOF_ACESAG,ACESAG,MULTI_ABOJUW,ABOJUW,2,0.85,1.0,0.5,1.0,1.0,1.0,1.0,0.5,weak_match
MOF_ACESAG,ACESAG,MULTI_ABARUT,ABARUT,3,0.8083,1.0,0.3333,1.0,1.0,1.0,1.0,0.5,weak_match
MOF_ACESAG,ACESAG,MULTI_AFEGEZ,AFEGEZ,4,0.8027,1.0,0.625,0.8571,0.0,1.0,1.0,0.5,relaxed_donor_geometry_match
MOF_ACESAG,ACESAG,MULTI_AFAVUB,AFAVUB,5,0.775,1.0,0.2,1.0,1.0,1.0,1.0,0.5,weak_match
MOF_ACESMN,ACESMN,MONO_ABUKUG,ABUKUG,1,1.0,1.0,1.0,1.0,1.0,1.0,1.0,1.0,L3_collision
MOF_ACESMN,ACESMN,MONO_ABUMAN,ABUMAN,2,1.0,1.0,1.0,1.0,1.0,1.0,1.0,1.0,L3_collision
MOF_ACESMN,ACESMN,MONO_ACAGUH,ACAGUH,3,1.0,1.0,1.0,1.0,1.0,1.0,1.0,1.0,L3_collision
MOF_ACESMN,ACESMN,MONO_AFAYEL,AFAYEL,4,1.0,1.0,1.0,1.0,1.0,1.0,1.0,1.0,L3_collision
MOF_ACESMN,ACESMN,MONO_AFOLEN,AFOLEN,5,1.0,1.0,1.0,1.0,1.0,1.0,1.0,1.0,L3_collision
MOF_ACETCO,ACETCO,MONO_ABEDAO,ABEDAO,1,1.0,1.0,1.0,1.0,1.0,1.0,1.0,1.0,L3_collision
MOF_ACETCO,ACETCO,MONO_ABZACO10,ABZACO10,2,1.0,1.0,1.0,1.0,1.0,1.0,1.0,1.0,L3_collision
MOF_ACETCO,ACETCO,MONO_ABZACO11,ABZACO11,3,1.0,1.0,1.0,1.0,1.0,1.0,1.0,1.0,L3_collision
MOF_ACETCO,ACETCO,MONO_ACONPB,ACONPB,4,1.0,1.0,1.0,1.0,1.0,1.0,1.0,1.0,L3_collision
MOF_ACETCO,ACETCO,MONO_ACOSEU,ACOSEU,5,1.0,1.0,1.0,1.0,1.0,1.0,1.0,1.0,L3_collision
MOF_ACETIP,ACETIP,MULTI_ACIMAB,ACIMAB,1,1.0,1.0,1.0,1.0,1.0,1.0,1.0,1.0,L3_collision
MOF_ACETIP,ACETIP,MULTI_AFAGUN,AFAGUN,2,1.0,1.0,1.0,1.0,1.0,1.0,1.0,1.0,L3_collision
MOF_ACETIP,ACETIP,MULTI_ABAMID,ABAMID,3,0.875,1.0,0.6,1.0,1.0,1.0,1.0,0.5,relaxed_donor_geometry_match
MOF_ACETIP,ACETIP,MULTI_ABEPIK,ABEPIK,4,0.875,1.0,0.6,1.0,1.0,1.0,1.0,0.5,relaxed_donor_geometry_match
MOF_ACETIP,ACETIP,MULTI_ACUFIQ,ACUFIQ,5,0.875,1.0,0.6,1.0,1.0,1.0,1.0,0.5,relaxed_donor_geometry_match
MOF_ACETOV,ACETOV,MULTI_ACIMAB,ACIMAB,1,1.0,1.0,1.0,1.0,1.0,1.0,1.0,1.0,L3_collision
MOF_ACETOV,ACETOV,MULTI_AFAGUN,AFAGUN,2,1.0,1.0,1.0,1.0,1.0,1.0,1.0,1.0,L3_collision
MOF_ACETOV,ACETOV,MULTI_ABAMID,ABAMID,3,0.875,1.0,0.6,1.0,1.0,1.0,1.0,0.5,relaxed_donor_geometry_match
MOF_ACETOV,ACETOV,MULTI_ABEPIK,ABEPIK,4,0.875,1.0,0.6,1.0,1.0,1.0,1.0,0.5,relaxed_donor_geometry_match
MOF_ACETOV,ACETOV,MULTI_ACUFIQ,ACUFIQ,5,0.875,1.0,0.6,1.0,1.0,1.0,1.0,0.5,relaxed_donor_geometry_match
MOF_ACETUB,ACETUB,MONO_ABOSOZ,ABOSOZ,1,1.0,1.0,1.0,1.0,1.0,1.0,1.0,1.0,L3_collision
MOF_ACETUB,ACETUB,MONO_ABOSOZ01,ABOSOZ01,2,1.0,1.0,1.0,1.0,1.0,1.0,1.0,1.0,L3_collision
MOF_ACETUB,ACETUB,MONO_ADASOQ,ADASOQ,3,1.0,1.0,1.0,1.0,1.0,1.0,1.0,1.0,L3_collision
MOF_ACETUB,ACETUB,MONO_AFUREB,AFUREB,4,0.875,1.0,0.6,1.0,1.0,1.0,1.0,0.5,relaxed_donor_geometry_match
MOF_ACETUB,ACETUB,MONO_ABEFEV,ABEFEV,5,0.8125,1.0,0.75,0.75,0.0,1.0,1.0,0.5,bridge_topology_match
MOF_ACEVAF,ACEVAF,MONO_ABIZAN,ABIZAN,1,1.0,1.0,1.0,1.0,1.0,1.0,1.0,1.0,L3_collision
MOF_ACEVAF,ACEVAF,MONO_ABOBAV,ABOBAV,2,1.0,1.0,1.0,1.0,1.0,1.0,1.0,1.0,L3_collision
MOF_ACEVAF,ACEVAF,MONO_ABUVUO,ABUVUO,3,1.0,1.0,1.0,1.0,1.0,1.0,1.0,1.0,L3_collision
MOF_ACEVAF,ACEVAF,MONO_ACANPI,ACANPI,4,1.0,1.0,1.0,1.0,1.0,1.0,1.0,1.0,L3_collision
MOF_ACEVAF,ACEVAF,MONO_ACAPNI,ACAPNI,5,1.0,1.0,1.0,1.0,1.0,1.0,1.0,1.0,L3_collision
MOF_ACEVAJ,ACEVAJ,MONO_ABOSOZ,ABOSOZ,1,1.0,1.0,1.0,1.0,1.0,1.0,1.0,1.0,L3_collision
MOF_ACEVAJ,ACEVAJ,MONO_ABOSOZ01,ABOSOZ01,2,1.0,1.0,1.0,1.0,1.0,1.0,1.0,1.0,L3_collision
MOF_ACEVAJ,ACEVAJ,MONO_ADASOQ,ADASOQ,3,1.0,1.0,1.0,1.0,1.0,1.0,1.0,1.0,L3_collision
MOF_ACEVAJ,ACEVAJ,MONO_AFUREB,AFUREB,4,0.875,1.0,0.6,1.0,1.0,1.0,1.0,0.5,relaxed_donor_geometry_match
MOF_ACEVAJ,ACEVAJ,MONO_ABEFEV,ABEFEV,5,0.8125,1.0,0.75,0.75,0.0,1.0,1.0,0.5,bridge_topology_match
MOF_ACEVEN,ACEVEN,MULTI_ABAXIL,ABAXIL,1,0.625,0.0,0.6,1.0,1.0,1.0,1.0,0.5,weak_match
MOF_ACEVEN,ACEVEN,MULTI_ABUNER,ABUNER,2,0.585,0.0,0.8,0.8,0.0,1.0,1.0,0.5,weak_match
MOF_ACEVEN,ACEVEN,MULTI_ACOQOY,ACOQOY,3,0.5583,0.0,0.3333,1.0,1.0,1.0,1.0,0.5,weak_match
MOF_ACEVEN,ACEVEN,MULTI_ACACEP,ACACEP,4,0.5256,0.0,0.6,0.7778,0.5,1.0,0.7,0.5,weak_match
MOF_ACEVEN,ACEVEN,MULTI_ADONIR,ADONIR,5,0.51,0.0,0.5,0.8,0.0,1.0,1.0,0.5,weak_match
MOF_ACEVIR,ACEVIR,MULTI_ACIMAB,ACIMAB,1,1.0,1.0,1.0,1.0,1.0,1.0,1.0,1.0,L3_collision
MOF_ACEVIR,ACEVIR,MULTI_AFAGUN,AFAGUN,2,1.0,1.0,1.0,1.0,1.0,1.0,1.0,1.0,L3_collision
MOF_ACEVIR,ACEVIR,MULTI_ABAMID,ABAMID,3,0.875,1.0,0.6,1.0,1.0,1.0,1.0,0.5,relaxed_donor_geometry_match
MOF_ACEVIR,ACEVIR,MULTI_ABEPIK,ABEPIK,4,0.875,1.0,0.6,1.0,1.0,1.0,1.0,0.5,relaxed_donor_geometry_match
MOF_ACEVIR,ACEVIR,MULTI_ACUFIQ,ACUFIQ,5,0.875,1.0,0.6,1.0,1.0,1.0,1.0,0.5,relaxed_donor_geometry_match
MOF_ACEVOX,ACEVOX,MULTI_ADAGPC01,ADAGPC01,1,0.95,1.0,1.0,1.0,1.0,1.0,0.5,1.0,L3_collision
MOF_ACEVOX,ACEVOX,MULTI_ACUFIQ,ACUFIQ,2,0.8125,1.0,0.75,0.75,0.0,1.0,1.0,0.5,bridge_topology_match
MOF_ACEVOX,ACEVOX,MULTI_ACUFIQ01,ACUFIQ01,3,0.8125,1.0,0.75,0.75,0.0,1.0,1.0,0.5,bridge_topology_match
MOF_ACEVOX,ACEVOX,MULTI_ADAGPC,ADAGPC,4,0.775,1.0,0.6667,0.6667,0.0,1.0,1.0,0.5,relaxed_donor_geometry_match
MOF_ACEVOX,ACEVOX,MULTI_ADIXIV,ADIXIV,5,0.775,1.0,0.6667,0.6667,0.0,1.0,1.0,0.5,relaxed_donor_geometry_match
MOF_ACEWAJ,ACEWAJ,MULTI_ABANAV,ABANAV,1,0.8104,1.0,0.875,0.8333,0.0,1.0,0.5,0.5,bridge_topology_match
MOF_ACEWAJ,ACEWAJ,MULTI_ABOKOT,ABOKOT,2,0.7708,1.0,0.5833,1.0,1.0,0.0,1.0,0.5,weak_match
MOF_ACEWAJ,ACEWAJ,MULTI_ACHYZN,ACHYZN,3,0.7708,1.0,0.5833,1.0,1.0,0.0,1.0,0.5,weak_match
MOF_ACEWAJ,ACEWAJ,MULTI_ACOGIJ,ACOGIJ,4,0.7708,1.0,0.5833,1.0,1.0,0.0,1.0,0.5,weak_match
MOF_ACEWAJ,ACEWAJ,MULTI_ACOGIJ01,ACOGIJ01,5,0.7708,1.0,0.5833,1.0,1.0,0.0,1.0,0.5,weak_match
MOF_ACEWEN,ACEWEN,MULTI_ABANAV,ABANAV,1,0.7771,1.0,0.875,0.8333,0.0,0.6667,0.5,0.5,bridge_topology_match
MOF_ACEWEN,ACEWEN,MULTI_ABOKOT,ABOKOT,2,0.7708,1.0,0.5833,1.0,1.0,0.0,1.0,0.5,weak_match
MOF_ACEWEN,ACEWEN,MULTI_ACHYZN,ACHYZN,3,0.7708,1.0,0.5833,1.0,1.0,0.0,1.0,0.5,weak_match
MOF_ACEWEN,ACEWEN,MULTI_ACOGIJ,ACOGIJ,4,0.7708,1.0,0.5833,1.0,1.0,0.0,1.0,0.5,weak_match
MOF_ACEWEN,ACEWEN,MULTI_ACOGIJ01,ACOGIJ01,5,0.7708,1.0,0.5833,1.0,1.0,0.0,1.0,0.5,weak_match
MOF_ACEWIR,ACEWIR,MULTI_ABANAV,ABANAV,1,0.8104,1.0,0.875,0.8333,0.0,1.0,0.5,0.5,bridge_topology_match
MOF_ACEWIR,ACEWIR,MULTI_ABOKOT,ABOKOT,2,0.7708,1.0,0.5833,1.0,1.0,0.0,1.0,0.5,weak_match
MOF_ACEWIR,ACEWIR,MULTI_ACHYZN,ACHYZN,3,0.7708,1.0,0.5833,1.0,1.0,0.0,1.0,0.5,weak_match
MOF_ACEWIR,ACEWIR,MULTI_ACOGIJ,ACOGIJ,4,0.7708,1.0,0.5833,1.0,1.0,0.0,1.0,0.5,weak_match
MOF_ACEWIR,ACEWIR,MULTI_ACOGIJ01,ACOGIJ01,5,0.7708,1.0,0.5833,1.0,1.0,0.0,1.0,0.5,weak_match
MOF_ACIBEU,ACIBEU,MULTI_ACACOH,ACACOH,1,0.7003,0.8,0.9524,0.3611,0.5,1.0,0.4,0.5,bridge_topology_match
MOF_ACIBEU,ACIBEU,MULTI_ADAWUA,ADAWUA,2,0.605,0.8,0.56,0.4167,0.3333,1.0,0.4,0.5,weak_match
MOF_ACIBEU,ACIBEU,MULTI_ACABEL,ACABEL,3,0.6027,0.8,0.7619,0.3611,0.5,0.5,0.4,0.5,bridge_topology_match
MOF_ACIBEU,ACIBEU,MULTI_ACACCO,ACACCO,4,0.6027,0.8,0.7619,0.3611,0.5,0.5,0.4,0.5,bridge_topology_match
MOF_ACIBEU,ACIBEU,MULTI_ACACCO01,ACACCO01,5,0.6027,0.8,0.7619,0.3611,0.5,0.5,0.4,0.5,bridge_topology_match
MOF_ACIBEU01,ACIBEU01,MULTI_ADAWOU,ADAWOU,1,0.7092,1.0,0.6923,0.7222,0.0,0.6667,0.5,0.5,relaxed_donor_geometry_match
MOF_ACIBEU01,ACIBEU01,MULTI_ACICUM,ACICUM,2,0.7086,1.0,0.6154,0.7778,0.3333,0.575,0.5,0.5,relaxed_donor_geometry_match
MOF_ACIBEU01,ACIBEU01,MULTI_ACADCO,ACADCO,3,0.6889,1.0,0.5,0.7778,0.6667,0.0,1.0,0.5,weak_match
MOF_ACIBEU01,ACIBEU01,MULTI_ACHACO,ACHACO,4,0.6657,0.8,0.7273,0.4444,0.6667,0.6667,0.7,0.5,bridge_topology_match
MOF_ACIBEU01,ACIBEU01,MULTI_ADUWEC,ADUWEC,5,0.645,0.8,0.75,0.5833,0.0,0.4583,0.7,0.5,relaxed_donor_geometry_match
MOF_ACIBEU02,ACIBEU02,MULTI_ADAWOU,ADAWOU,1,0.7092,1.0,0.6923,0.7222,0.0,0.6667,0.5,0.5,relaxed_donor_geometry_match
MOF_ACIBEU02,ACIBEU02,MULTI_ACICUM,ACICUM,2,0.7086,1.0,0.6154,0.7778,0.3333,0.575,0.5,0.5,relaxed_donor_geometry_match
MOF_ACIBEU02,ACIBEU02,MULTI_ACADCO,ACADCO,3,0.6889,1.0,0.5,0.7778,0.6667,0.0,1.0,0.5,weak_match
MOF_ACIBEU02,ACIBEU02,MULTI_ACHACO,ACHACO,4,0.6657,0.8,0.7273,0.4444,0.6667,0.6667,0.7,0.5,bridge_topology_match
MOF_ACIBEU02,ACIBEU02,MULTI_ADUWEC,ADUWEC,5,0.645,0.8,0.75,0.5833,0.0,0.4583,0.7,0.5,relaxed_donor_geometry_match
MOF_ACIBOE,ACIBOE,MULTI_ACENOL,ACENOL,1,0.5322,0.8,0.7037,0.3125,0.375,0.1,0.4,0.5,relaxed_donor_geometry_match
MOF_ACIBOE,ACIBOE,MULTI_ADUVAY,ADUVAY,2,0.463,0.0,0.95,0.6667,0.4,0.0714,0.4,0.5,no_match
MOF_ACIBOE,ACIBOE,MULTI_AFEGAV,AFEGAV,3,0.4583,0.8,0.25,0.5417,0.25,0.5,0,0.5,no_match
MOF_ACIBOE,ACIBOE,MULTI_ACOQOY01,ACOQOY01,4,0.4458,0.8,0.0,0.75,0.4167,0.5,0,0.5,no_match
MOF_ACIBOE,ACIBOE,MULTI_ADUDAH,ADUDAH,5,0.4441,0.8,0.3182,0.4167,0.125,0.5,0,0.5,no_match
MOF_ACICEY,ACICEY,MULTI_ABIDUL,ABIDUL,1,0.625,0.0,0.8333,0.8333,0.5,1.0,1.0,0.5,weak_match
MOF_ACICEY,ACICEY,MULTI_ACHISC10,ACHISC10,2,0.6152,0.0,0.7273,0.9167,0.5,1.0,1.0,0.5,weak_match
MOF_ACICEY,ACICEY,MULTI_ADIMAB,ADIMAB,3,0.5962,0.0,0.8182,0.8333,0.0,1.0,1.0,0.5,weak_match
MOF_ACICEY,ACICEY,MULTI_ACIMAB,ACIMAB,4,0.59,0.8,0.4,0.5,0.5,1.0,0.4,0.5,weak_match
MOF_ACICEY,ACICEY,MULTI_ACUFIQ,ACUFIQ,5,0.59,0.8,0.4,0.5,0.5,1.0,0.4,0.5,weak_match
MOF_ACICIC,ACICIC,MONO_AFURIF,AFURIF,1,0.7042,1.0,0.25,0.8333,0.0,1.0,1.0,0.5,weak_match
MOF_ACICIC,ACICIC,MONO_AFUSAY,AFUSAY,2,0.7042,1.0,0.25,0.8333,0.0,1.0,1.0,0.5,weak_match
MOF_ACICIC,ACICIC,MONO_ABZSGA,ABZSGA,3,0.6798,1.0,0.2857,0.6667,0.0,1.0,1.0,0.5,weak_match
MOF_ACICIC,ACICIC,MONO_ACPSAG,ACPSAG,4,0.6798,1.0,0.2857,0.6667,0.0,1.0,1.0,0.5,weak_match
MOF_ACICIC,ACICIC,MONO_ADUQEV,ADUQEV,5,0.6798,1.0,0.2857,0.6667,0.0,1.0,1.0,0.5,weak_match
MOF_ACICOF,ACICOF,MULTI_ABUYEC,ABUYEC,1,0.7667,1.0,0.7,0.5833,0.0,1.0,1.0,0.5,bridge_topology_match
MOF_ACICOF,ACICOF,MULTI_ACOGOP,ACOGOP,2,0.7667,1.0,0.7,0.5833,0.0,1.0,1.0,0.5,bridge_topology_match
MOF_ACICOF,ACICOF,MULTI_ADEVOV,ADEVOV,3,0.7667,1.0,0.7,0.5833,0.0,1.0,1.0,0.5,bridge_topology_match
MOF_ACICOF,ACICOF,MULTI_ADIGUQ,ADIGUQ,4,0.7667,1.0,0.7,0.5833,0.0,1.0,1.0,0.5,bridge_topology_match
MOF_ACICOF,ACICOF,MULTI_ADINOQ,ADINOQ,5,0.7667,1.0,0.7,0.5833,0.0,1.0,1.0,0.5,bridge_topology_match
MOF_ACICOH,ACICOH,MONO_ABIZAN,ABIZAN,1,1.0,1.0,1.0,1.0,1.0,1.0,1.0,1.0,L3_collision
MOF_ACICOH,ACICOH,MONO_ABOBAV,ABOBAV,2,1.0,1.0,1.0,1.0,1.0,1.0,1.0,1.0,L3_collision
MOF_ACICOH,ACICOH,MONO_ABUVUO,ABUVUO,3,1.0,1.0,1.0,1.0,1.0,1.0,1.0,1.0,L3_collision
MOF_ACICOH,ACICOH,MONO_ACANPI,ACANPI,4,1.0,1.0,1.0,1.0,1.0,1.0,1.0,1.0,L3_collision
MOF_ACICOH,ACICOH,MONO_ACAPNI,ACAPNI,5,1.0,1.0,1.0,1.0,1.0,1.0,1.0,1.0,L3_collision
MOF_ACICOI,ACICOI,MULTI_ABIDUL,ABIDUL,1,0.6256,0.0,0.7692,0.9167,0.5,1.0,1.0,0.5,weak_match
MOF_ACICOI,ACICOI,MULTI_ADIMAB,ADIMAB,2,0.6208,0.0,0.75,0.9167,0.5,1.0,1.0,0.5,weak_match
MOF_ACICOI,ACICOI,MULTI_AFAJUN,AFAJUN,3,0.5872,0.0,0.6154,0.9167,0.5,1.0,1.0,0.5,weak_match
MOF_ACICOI,ACICOI,MULTI_AFAKAU,AFAKAU,4,0.5872,0.0,0.6154,0.9167,0.5,1.0,1.0,0.5,weak_match
MOF_ACICOI,ACICOI,MULTI_ACHISC10,ACHISC10,5,0.5833,0.0,0.6667,0.8333,0.5,1.0,1.0,0.5,weak_match
MOF_ACICUL,ACICUL,MONO_ABIFAW,ABIFAW,1,0.875,1.0,0.6,1.0,1.0,1.0,1.0,0.5,relaxed_donor_geometry_match
MOF_ACICUL,ACICUL,MONO_ABIZOC,ABIZOC,2,0.875,1.0,0.6,1.0,1.0,1.0,1.0,0.5,relaxed_donor_geometry_match
MOF_ACICUL,ACICUL,MONO_ADERUW,ADERUW,3,0.875,1.0,0.6,1.0,1.0,1.0,1.0,0.5,relaxed_donor_geometry_match
MOF_ACICUL,ACICUL,MONO_ADERUW01,ADERUW01,4,0.875,1.0,0.6,1.0,1.0,1.0,1.0,0.5,relaxed_donor_geometry_match
MOF_ACICUL,ACICUL,MONO_ADOVEV,ADOVEV,5,0.875,1.0,0.6,1.0,1.0,1.0,1.0,0.5,relaxed_donor_geometry_match
MOF_ACICUO,ACICUO,MULTI_ACUFIQ,ACUFIQ,1,0.7572,1.0,0.8889,0.8,0.0,0.0,1.0,0.5,relaxed_donor_geometry_match
MOF_ACICUO,ACICUO,MULTI_ACUFIQ01,ACUFIQ01,2,0.7572,1.0,0.8889,0.8,0.0,0.0,1.0,0.5,relaxed_donor_geometry_match
MOF_ACICUO,ACICUO,MULTI_ACIMAB,ACIMAB,3,0.71,1.0,0.7,0.8,0.0,0.0,1.0,0.5,relaxed_donor_geometry_match
MOF_ACICUO,ACICUO,MULTI_AFAGUN,AFAGUN,4,0.71,1.0,0.7,0.8,0.0,0.0,1.0,0.5,relaxed_donor_geometry_match
MOF_ACICUO,ACICUO,MULTI_ABAMID,ABAMID,5,0.6714,1.0,0.5455,0.8,0.0,0.0,1.0,0.5,weak_match
MOF_ACIDAT,ACIDAT,MULTI_ABAWUX,ABAWUX,1,0.7825,1.0,0.75,0.6,0.0,1.0,1.0,0.5,bridge_topology_match
MOF_ACIDAT,ACIDAT,MULTI_ABAXAE,ABAXAE,2,0.7825,1.0,0.75,0.6,0.0,1.0,1.0,0.5,bridge_topology_match
MOF_ACIDAT,ACIDAT,MULTI_ABOFAY,ABOFAY,3,0.7825,1.0,0.75,0.6,0.0,1.0,1.0,0.5,bridge_topology_match
MOF_ACIDAT,ACIDAT,MULTI_ACITEL,ACITEL,4,0.7825,1.0,0.75,0.6,0.0,1.0,1.0,0.5,bridge_topology_match
MOF_ACIDAT,ACIDAT,MULTI_ACITEL01,ACITEL01,5,0.7825,1.0,0.75,0.6,0.0,1.0,1.0,0.5,bridge_topology_match
MOF_ACIFOI,ACIFOI,MONO_ABCOPD,ABCOPD,1,1.0,1.0,1.0,1.0,1.0,1.0,1.0,1.0,L3_collision
MOF_ACIFOI,ACIFOI,MONO_ACAJUM,ACAJUM,2,1.0,1.0,1.0,1.0,1.0,1.0,1.0,1.0,L3_collision
MOF_ACIFOI,ACIFOI,MONO_ACARAX,ACARAX,3,1.0,1.0,1.0,1.0,1.0,1.0,1.0,1.0,L3_collision
MOF_ACIFOI,ACIFOI,MONO_ACEJAU,ACEJAU,4,1.0,1.0,1.0,1.0,1.0,1.0,1.0,1.0,L3_collision
MOF_ACIFOI,ACIFOI,MONO_ACEJAU01,ACEJAU01,5,1.0,1.0,1.0,1.0,1.0,1.0,1.0,1.0,L3_collision
MOF_ACIGAX,ACIGAX,MULTI_ACIPIN,ACIPIN,1,0.7375,1.0,0.25,1.0,1.0,1.0,0.5,0.5,weak_match
MOF_ACIGAX,ACIGAX,MULTI_ACEMUQ,ACEMUQ,2,0.6875,1.0,0.25,1.0,1.0,0.5,0.5,0.5,weak_match
MOF_ACIGAX,ACIGAX,MULTI_ACHANC,ACHANC,3,0.6875,1.0,0.25,1.0,1.0,0.5,0.5,0.5,weak_match
MOF_ACIGAX,ACIGAX,MULTI_ADIGUS,ADIGUS,4,0.6875,1.0,0.25,1.0,1.0,0.5,0.5,0.5,weak_match
MOF_ACIGAX,ACIGAX,MULTI_AEPRCU,AEPRCU,5,0.6875,1.0,0.25,1.0,1.0,0.5,0.5,0.5,weak_match
MOF_ACIGEB,ACIGEB,MONO_AGEQUA,AGEQUA,1,0.9125,1.0,0.75,1.0,1.0,1.0,1.0,0.5,bridge_topology_match
MOF_ACIGEB,ACIGEB,MONO_ABAFAN,ABAFAN,2,0.825,1.0,0.4,1.0,1.0,1.0,1.0,0.5,weak_match
MOF_ACIGEB,ACIGEB,MONO_ABAFER,ABAFER,3,0.825,1.0,0.4,1.0,1.0,1.0,1.0,0.5,weak_match
MOF_ACIGEB,ACIGEB,MONO_ABAPCU,ABAPCU,4,0.825,1.0,0.4,1.0,1.0,1.0,1.0,0.5,weak_match
MOF_ACIGEB,ACIGEB,MONO_ABAXEI,ABAXEI,5,0.825,1.0,0.4,1.0,1.0,1.0,1.0,0.5,weak_match
MOF_ACIGIF,ACIGIF,MULTI_ABOBEY,ABOBEY,1,0.725,1.0,0.4,1.0,1.0,0.0,1.0,0.5,weak_match
MOF_ACIGIF,ACIGIF,MULTI_ACHISC10,ACHISC10,2,0.6709,1.0,0.3636,0.9,0.5,0.0,1.0,0.5,weak_match
MOF_ACIGIF,ACIGIF,MULTI_ACETCU,ACETCU,3,0.6501,1.0,0.1905,0.95,0.75,0.5,0.5,0.5,weak_match
MOF_ACIGIF,ACIGIF,MULTI_ABAZUC,ABAZUC,4,0.625,1.0,0.0,1.0,1.0,0.5,0.5,0.5,weak_match
MOF_ACIGIF,ACIGIF,MULTI_ABOJAE,ABOJAE,5,0.625,1.0,0.0,1.0,1.0,0.5,0.5,0.5,weak_match
MOF_ACIJAX,ACIJAX,MULTI_AFEMOQ,AFEMOQ,1,1.0,1.0,1.0,1.0,1.0,1.0,1.0,1.0,L3_collision
MOF_ACIJAX,ACIJAX,MULTI_AFEGEY01,AFEGEY01,2,0.9036,1.0,0.7143,1.0,1.0,1.0,1.0,0.5,bridge_topology_match
MOF_ACIJAX,ACIJAX,MULTI_ABOJIK,ABOJIK,3,0.85,1.0,0.5,1.0,1.0,1.0,1.0,0.5,weak_match
MOF_ACIJAX,ACIJAX,MULTI_ABUBUX,ABUBUX,4,0.85,1.0,0.5,1.0,1.0,1.0,1.0,0.5,weak_match
MOF_ACIJAX,ACIJAX,MULTI_ABUVIC,ABUVIC,5,0.85,1.0,0.8333,0.8333,0.0,1.0,1.0,0.5,bridge_topology_match
MOF_ACIJEB,ACIJEB,MULTI_ADOJUB,ADOJUB,1,0.8104,1.0,0.875,0.5833,0.0,1.0,1.0,0.5,bridge_topology_match
MOF_ACIJEB,ACIJEB,MULTI_ADOJUB01,ADOJUB01,2,0.8104,1.0,0.875,0.5833,0.0,1.0,1.0,0.5,bridge_topology_match
MOF_ACIJEB,ACIJEB,MULTI_ABEQAB,ABEQAB,3,0.7625,1.0,0.5833,0.5833,0.5,1.0,1.0,0.5,weak_match
MOF_ACIJEB,ACIJEB,MULTI_ABEQIJ,ABEQIJ,4,0.7625,1.0,0.5833,0.5833,0.5,1.0,1.0,0.5,weak_match
MOF_ACIJEB,ACIJEB,MULTI_ACNICP,ACNICP,5,0.7269,1.0,0.3077,0.75,0.5,1.0,1.0,0.5,weak_match
MOF_ACIJEF,ACIJEF,MULTI_ADONIR,ADONIR,1,0.7666,1.0,0.6774,0.9444,0.6667,0.0,1.0,0.5,relaxed_donor_geometry_match
MOF_ACIJEF,ACIJEF,MULTI_ABOZOI,ABOZOI,2,0.6844,0.8,0.913,0.7222,0.3333,0.0,0.7,0.5,relaxed_donor_geometry_match
MOF_ACIJEF,ACIJEF,MULTI_ADOLIR,ADOLIR,3,0.6589,0.8,0.9091,0.6667,0.6667,0.0,0.4,0.5,relaxed_donor_geometry_match
MOF_ACIJEF,ACIJEF,MULTI_ABUNER,ABUNER,4,0.6495,1.0,0.2093,0.9444,0.6667,0.0,1.0,0.5,weak_match
MOF_ACIJEF,ACIJEF,MULTI_AEIBCU,AEIBCU,5,0.6167,0.8,0.6,0.6667,0.6667,0.35,0.4,0.5,relaxed_donor_geometry_match
MOF_ACIJIH,ACIJIH,MULTI_ACEVOW,ACEVOW,1,0.6763,1.0,0.625,0.6,0.5,0.5,0.5,0.5,relaxed_donor_geometry_match
MOF_ACIJIH,ACIJIH,MULTI_ACOLEM,ACOLEM,2,0.6763,1.0,0.625,0.6,0.5,0.5,0.5,0.5,relaxed_donor_geometry_match
MOF_ACIJIH,ACIJIH,MULTI_ACEWUA,ACEWUA,3,0.6311,1.0,0.4444,0.6,0.5,0.5,0.5,0.5,weak_match
MOF_ACIJIH,ACIJIH,MULTI_ACEZEN,ACEZEN,4,0.6311,1.0,0.4444,0.6,0.5,0.5,0.5,0.5,weak_match
MOF_ACIJIH,ACIJIH,MULTI_ADUTOJ,ADUTOJ,5,0.6311,1.0,0.4444,0.6,0.5,0.5,0.5,0.5,weak_match
MOF_ACIJIJ,ACIJIJ,MULTI_ADONIR,ADONIR,1,0.7746,1.0,0.7097,0.9444,0.6667,0.0,1.0,0.5,relaxed_donor_geometry_match
MOF_ACIJIJ,ACIJIJ,MULTI_ABOZOI,ABOZOI,2,0.6952,0.8,0.9565,0.7222,0.3333,0.0,0.7,0.5,relaxed_donor_geometry_match
MOF_ACIJIJ,ACIJIJ,MULTI_ABUNER,ABUNER,3,0.6627,1.0,0.2619,0.9444,0.6667,0.0,1.0,0.5,weak_match
MOF_ACIJIJ,ACIJIJ,MULTI_ADOLIR,ADOLIR,4,0.6491,0.8,0.8696,0.6667,0.6667,0.0,0.4,0.5,relaxed_donor_geometry_match
MOF_ACIJIJ,ACIJIJ,MULTI_AEIBCU,AEIBCU,5,0.625,0.8,0.64,0.6667,0.6667,0.3333,0.4,0.5,relaxed_donor_geometry_match
MOF_ACIJON,ACIJON,MONO_AFOLAJ,AFOLAJ,1,1.0,1.0,1.0,1.0,1.0,1.0,1.0,1.0,L3_collision
MOF_ACIJON,ACIJON,MONO_AGEVUD,AGEVUD,2,1.0,1.0,1.0,1.0,1.0,1.0,1.0,1.0,L3_collision
MOF_ACIJON,ACIJON,MONO_AFIYUN,AFIYUN,3,0.9036,1.0,0.7143,1.0,1.0,1.0,1.0,0.5,bridge_topology_match
MOF_ACIJON,ACIJON,MONO_ACACZM,ACACZM,4,0.85,1.0,0.8333,0.8333,0.0,1.0,1.0,0.5,bridge_topology_match
MOF_ACIJON,ACIJON,MONO_ACACZM01,ACACZM01,5,0.85,1.0,0.8333,0.8333,0.0,1.0,1.0,0.5,bridge_topology_match
MOF_ACIJUT,ACIJUT,MONO_ABEGOG,ABEGOG,1,0.8321,1.0,0.4286,1.0,1.0,1.0,1.0,0.5,weak_match
MOF_ACIJUT,ACIJUT,MONO_ABOWOF,ABOWOF,2,0.8321,1.0,0.4286,1.0,1.0,1.0,1.0,0.5,weak_match
MOF_ACIJUT,ACIJUT,MONO_ABOXOI,ABOXOI,3,0.8321,1.0,0.4286,1.0,1.0,1.0,1.0,0.5,weak_match
MOF_ACIJUT,ACIJUT,MONO_ABOXUO,ABOXUO,4,0.8321,1.0,0.4286,1.0,1.0,1.0,1.0,0.5,weak_match
MOF_ACIJUT,ACIJUT,MONO_ACACZM,ACACZM,5,0.8321,1.0,0.4286,1.0,1.0,1.0,1.0,0.5,weak_match
MOF_ACIKAA,ACIKAA,MONO_ABEGOG,ABEGOG,1,1.0,1.0,1.0,1.0,1.0,1.0,1.0,1.0,L3_collision
MOF_ACIKAA,ACIKAA,MONO_ABOXOI,ABOXOI,2,1.0,1.0,1.0,1.0,1.0,1.0,1.0,1.0,L3_collision
MOF_ACIKAA,ACIKAA,MONO_ABOXUO,ABOXUO,3,1.0,1.0,1.0,1.0,1.0,1.0,1.0,1.0,L3_collision
MOF_ACIKAA,ACIKAA,MONO_ADONIQ,ADONIQ,4,1.0,1.0,1.0,1.0,1.0,1.0,1.0,1.0,L3_collision
MOF_ACIKAA,ACIKAA,MONO_ADUROH,ADUROH,5,1.0,1.0,1.0,1.0,1.0,1.0,1.0,1.0,L3_collision
MOF_ACIPAF,ACIPAF,MULTI_ADUWEE,ADUWEE,1,0.6583,0.0,0.9,0.9167,0.5,1.0,1.0,0.5,weak_match
MOF_ACIPAF,ACIPAF,MULTI_AENNIC10,AENNIC10,2,0.653,1.0,0.4286,0.9167,0.75,0.0,0.5,0.5,weak_match
MOF_ACIPAF,ACIPAF,MULTI_ABOCAW,ABOCAW,3,0.637,0.8,0.3846,0.6667,0.25,1.0,0.7,0.5,weak_match
MOF_ACIPAF,ACIPAF,MULTI_ABEVUZ,ABEVUZ,4,0.625,0.0,0.8333,0.8333,0.5,1.0,1.0,0.5,weak_match
MOF_ACIPAF,ACIPAF,MULTI_ABEZEO,ABEZEO,5,0.625,0.0,0.8333,0.8333,0.5,1.0,1.0,0.5,weak_match
MOF_ACIPEJ,ACIPEJ,MULTI_ADITEO,ADITEO,1,0.6917,0.3,0.8,0.8333,0.5,1.0,1.0,0.5,weak_match
MOF_ACIPEJ,ACIPEJ,MULTI_ABETEG,ABETEG,2,0.6667,0.0,1.0,0.8333,0.0,1.0,1.0,1.0,weak_match
MOF_ACIPEJ,ACIPEJ,MULTI_ADUXAB,ADUXAB,3,0.6583,0.0,0.9,0.9167,0.5,1.0,1.0,0.5,weak_match
MOF_ACIPEJ,ACIPEJ,MULTI_ABAYUA,ABAYUA,4,0.625,0.0,0.8333,0.8333,0.5,1.0,1.0,0.5,weak_match
MOF_ACIPEJ,ACIPEJ,MULTI_ABAZIP,ABAZIP,5,0.625,0.0,0.8333,0.8333,0.5,1.0,1.0,0.5,weak_match
MOF_ACIQEJ,ACIQEJ,MONO_ABUKUG,ABUKUG,1,1.0,1.0,1.0,1.0,1.0,1.0,1.0,1.0,L3_collision
MOF_ACIQEJ,ACIQEJ,MONO_ABUMAN,ABUMAN,2,1.0,1.0,1.0,1.0,1.0,1.0,1.0,1.0,L3_collision
MOF_ACIQEJ,ACIQEJ,MONO_ACAGUH,ACAGUH,3,1.0,1.0,1.0,1.0,1.0,1.0,1.0,1.0,L3_collision
MOF_ACIQEJ,ACIQEJ,MONO_AFAYEL,AFAYEL,4,1.0,1.0,1.0,1.0,1.0,1.0,1.0,1.0,L3_collision
MOF_ACIQEJ,ACIQEJ,MONO_AFOLEN,AFOLEN,5,1.0,1.0,1.0,1.0,1.0,1.0,1.0,1.0,L3_collision
MOF_ACIQIN,ACIQIN,MULTI_ABIDAR,ABIDAR,1,0.85,1.0,0.5,1.0,1.0,1.0,1.0,0.5,weak_match
MOF_ACIQIN,ACIQIN,MULTI_ABIDAR01,ABIDAR01,2,0.85,1.0,0.5,1.0,1.0,1.0,1.0,0.5,weak_match
MOF_ACIQIN,ACIQIN,MULTI_ABIDEV,ABIDEV,3,0.85,1.0,0.5,1.0,1.0,1.0,1.0,0.5,weak_match
MOF_ACIQIN,ACIQIN,MULTI_ABOLEK,ABOLEK,4,0.85,1.0,0.8333,0.8333,0.0,1.0,1.0,0.5,bridge_topology_match
MOF_ACIQIN,ACIQIN,MULTI_ACACMN22,ACACMN22,5,0.85,1.0,0.5,1.0,1.0,1.0,1.0,0.5,weak_match
MOF_ACIQUZ,ACIQUZ,MULTI_ACHACO,ACHACO,1,0.6667,1.0,0.6,0.5833,0.5,0.5,0.5,0.5,relaxed_donor_geometry_match
MOF_ACIQUZ,ACIQUZ,MULTI_ABOLOU,ABOLOU,2,0.6417,1.0,0.5,0.5833,0.5,0.0,1.0,0.5,weak_match
MOF_ACIQUZ,ACIQUZ,MULTI_ACAQIE,ACAQIE,3,0.6417,1.0,0.5,0.5833,0.5,0.0,1.0,0.5,weak_match
MOF_ACIQUZ,ACIQUZ,MULTI_ACEYEO,ACEYEO,4,0.6417,1.0,0.5,0.5833,0.5,0.0,1.0,0.5,weak_match
MOF_ACIQUZ,ACIQUZ,MULTI_ADEGUN,ADEGUN,5,0.6417,1.0,0.5,0.5833,0.5,0.0,1.0,0.5,weak_match
MOF_ACIRIP,ACIRIP,MULTI_ADISEN,ADISEN,1,0.835,1.0,0.8,0.8,0.0,1.0,1.0,0.5,bridge_topology_match
MOF_ACIRIP,ACIRIP,MULTI_ABEGOD,ABEGOD,2,0.75,0.0,1.0,1.0,1.0,1.0,1.0,1.0,weak_match
MOF_ACIRIP,ACIRIP,MULTI_ABARUT,ABARUT,3,0.7354,1.0,0.375,0.8333,0.0,1.0,1.0,0.5,weak_match
MOF_ACIRIP,ACIRIP,MULTI_ABOJUW,ABOJUW,4,0.7354,1.0,0.375,0.8333,0.0,1.0,1.0,0.5,weak_match
MOF_ACIRIP,ACIRIP,MULTI_AFAVUB,AFAVUB,5,0.7354,1.0,0.375,0.8333,0.0,1.0,1.0,0.5,weak_match
MOF_ACIROV,ACIROV,MULTI_ACUFIQ,ACUFIQ,1,0.7812,1.0,0.625,0.625,0.5,1.0,1.0,0.5,relaxed_donor_geometry_match
MOF_ACIROV,ACIROV,MULTI_ACUFIQ01,ACUFIQ01,2,0.7812,1.0,0.625,0.625,0.5,1.0,1.0,0.5,relaxed_donor_geometry_match
MOF_ACIROV,ACIROV,MULTI_ADAGPC01,ADAGPC01,3,0.7583,1.0,0.8333,0.625,0.0,1.0,0.5,0.5,bridge_topology_match
MOF_ACIROV,ACIROV,MULTI_ADUSIB,ADUSIB,4,0.7361,1.0,0.4444,0.625,0.5,1.0,1.0,0.5,weak_match
MOF_ACIROV,ACIROV,MULTI_ADAGPC,ADAGPC,5,0.725,1.0,0.5,0.625,0.0,1.0,1.0,0.5,weak_match
MOF_ACISAK,ACISAK,MULTI_AFEGEZ,AFEGEZ,1,1.0,1.0,1.0,1.0,1.0,1.0,1.0,1.0,L3_collision
MOF_ACISAK,ACISAK,MULTI_ABOLUA,ABOLUA,2,0.8027,1.0,0.625,0.8571,0.0,1.0,1.0,0.5,relaxed_donor_geometry_match
MOF_ACISAK,ACISAK,MULTI_ABOJUW,ABOJUW,3,0.7214,1.0,0.3,0.8571,0.0,1.0,1.0,0.5,weak_match
MOF_ACISAK,ACISAK,MULTI_ABARUT,ABARUT,4,0.6919,1.0,0.1818,0.8571,0.0,1.0,1.0,0.5,weak_match
MOF_ACISAK,ACISAK,MULTI_ADCDNO10,ADCDNO10,5,0.6875,1.0,0.75,0.875,0.0,0.0,0.5,0.5,relaxed_donor_geometry_match
MOF_ACISEM,ACISEM,MULTI_ACANOK,ACANOK,1,1.0,1.0,1.0,1.0,1.0,1.0,1.0,1.0,L3_collision
MOF_ACISEM,ACISEM,MULTI_ACAPUS,ACAPUS,2,1.0,1.0,1.0,1.0,1.0,1.0,1.0,1.0,L3_collision
MOF_ACISEM,ACISEM,MULTI_ACASEF,ACASEF,3,1.0,1.0,1.0,1.0,1.0,1.0,1.0,1.0,L3_collision
MOF_ACISEM,ACISEM,MULTI_ACASIJ,ACASIJ,4,1.0,1.0,1.0,1.0,1.0,1.0,1.0,1.0,L3_collision
MOF_ACISEM,ACISEM,MULTI_ADEXUD,ADEXUD,5,0.875,1.0,0.6,1.0,1.0,1.0,1.0,0.5,relaxed_donor_geometry_match
MOF_ACISIQ,ACISIQ,MULTI_ACANOK,ACANOK,1,0.7812,1.0,0.625,0.625,0.5,1.0,1.0,0.5,relaxed_donor_geometry_match
MOF_ACISIQ,ACISIQ,MULTI_ACAPUS,ACAPUS,2,0.7812,1.0,0.625,0.625,0.5,1.0,1.0,0.5,relaxed_donor_geometry_match
MOF_ACISIQ,ACISIQ,MULTI_ACASEF,ACASEF,3,0.7812,1.0,0.625,0.625,0.5,1.0,1.0,0.5,relaxed_donor_geometry_match
MOF_ACISIQ,ACISIQ,MULTI_ACASIJ,ACASIJ,4,0.7812,1.0,0.625,0.625,0.5,1.0,1.0,0.5,relaxed_donor_geometry_match
MOF_ACISIQ,ACISIQ,MULTI_ADEXUD,ADEXUD,5,0.7812,1.0,0.625,0.625,0.5,1.0,1.0,0.5,relaxed_donor_geometry_match
MOF_ACISOW,ACISOW,MULTI_ADEBUI,ADEBUI,1,0.835,1.0,0.8,0.8,0.0,1.0,1.0,0.5,bridge_topology_match
MOF_ACISOW,ACISOW,MULTI_ADECET,ADECET,2,0.835,1.0,0.8,0.8,0.0,1.0,1.0,0.5,bridge_topology_match
MOF_ACISOW,ACISOW,MULTI_ABOZOH,ABOZOH,3,0.8083,1.0,0.3333,1.0,1.0,1.0,1.0,0.5,weak_match
MOF_ACISOW,ACISOW,MULTI_ACIFEY,ACIFEY,4,0.8083,1.0,0.3333,1.0,1.0,1.0,1.0,0.5,weak_match
MOF_ACISOW,ACISOW,MULTI_ADIROW,ADIROW,5,0.8083,1.0,0.3333,1.0,1.0,1.0,1.0,0.5,weak_match
MOF_ACITAK,ACITAK,MULTI_ABAWOP,ABAWOP,1,0.85,1.0,0.5,1.0,1.0,1.0,1.0,0.5,weak_match
MOF_ACITAK,ACITAK,MULTI_AFATIN,AFATIN,2,0.85,1.0,0.5,1.0,1.0,1.0,1.0,0.5,weak_match
MOF_ACITAK,ACITAK,MULTI_ABOBUO,ABOBUO,3,0.7861,1.0,0.4444,0.875,0.5,1.0,1.0,0.5,weak_match
MOF_ACITAK,ACITAK,MULTI_ABAWUX,ABAWUX,4,0.725,1.0,0.4,0.75,0.0,1.0,1.0,0.5,weak_match
MOF_ACITAK,ACITAK,MULTI_ABAXAE,ABAXAE,5,0.725,1.0,0.4,0.75,0.0,1.0,1.0,0.5,weak_match
MOF_ACITOV,ACITOV,MULTI_ABOBEY,ABOBEY,1,1.0,1.0,1.0,1.0,1.0,1.0,1.0,1.0,L3_collision
MOF_ACITOV,ACITOV,MULTI_ACHISC10,ACHISC10,2,0.855,1.0,0.7,0.9,0.5,1.0,1.0,0.5,bridge_topology_match
MOF_ACITOV,ACITOV,MULTI_ADOLIR,ADOLIR,3,0.835,1.0,0.8,0.8,0.0,1.0,1.0,0.5,bridge_topology_match
MOF_ACITOV,ACITOV,MULTI_ADIMAB,ADIMAB,4,0.7941,1.0,0.6364,0.8,0.0,1.0,1.0,0.5,relaxed_donor_geometry_match
MOF_ACITOV,ACITOV,MULTI_ABUQUM,ABUQUM,5,0.76,1.0,0.5,0.8,0.0,1.0,1.0,0.5,weak_match
MOF_ACIWUF,ACIWUF,MULTI_ACRIDM,ACRIDM,1,0.675,1.0,0.4,0.625,0.5,1.0,0.5,0.5,weak_match
MOF_ACIWUF,ACIWUF,MULTI_ADHGND10,ADHGND10,2,0.6714,1.0,0.2857,0.625,0.0,1.0,1.0,0.5,weak_match
MOF_ACIWUF,ACIWUF,MULTI_ADMEHI,ADMEHI,3,0.6714,1.0,0.2857,0.625,0.0,1.0,1.0,0.5,weak_match
MOF_ACIWUF,ACIWUF,MONO_ACOMUD,ACOMUD,4,0.645,0.8,0.8,0.125,0.5,1.0,0.7,0.5,bridge_topology_match
MOF_ACIWUF,ACIWUF,MONO_AGEXES,AGEXES,5,0.645,0.8,0.8,0.125,0.5,1.0,0.7,0.5,bridge_topology_match
MOF_ACIXAM,ACIXAM,MONO_ABIWUH,ABIWUH,1,0.85,1.0,0.8333,0.8333,0.0,1.0,1.0,0.5,bridge_topology_match
MOF_ACIXAM,ACIXAM,MONO_ABIXAO,ABIXAO,2,0.7845,1.0,0.5714,0.8333,0.0,1.0,1.0,0.5,weak_match
MOF_ACIXAM,ACIXAM,MONO_ACOMUD,ACOMUD,3,0.775,1.0,0.6667,0.6667,0.0,1.0,1.0,0.5,relaxed_donor_geometry_match
MOF_ACIXAM,ACIXAM,MONO_ABEFUI,ABEFUI,4,0.75,0.0,1.0,1.0,1.0,1.0,1.0,1.0,weak_match
MOF_ACIXAM,ACIXAM,MONO_ABEFUI01,ABEFUI01,5,0.75,0.0,1.0,1.0,1.0,1.0,1.0,1.0,weak_match
MOF_ACIYER,ACIYER,MULTI_ACAQRH10,ACAQRH10,1,0.8917,1.0,0.6667,1.0,1.0,1.0,1.0,0.5,relaxed_donor_geometry_match
MOF_ACIYER,ACIYER,MULTI_AFEPEK,AFEPEK,2,0.8917,1.0,0.6667,1.0,1.0,1.0,1.0,0.5,relaxed_donor_geometry_match
MOF_ACIYER,ACIYER,MULTI_AFEPIO,AFEPIO,3,0.8917,1.0,0.6667,1.0,1.0,1.0,1.0,0.5,relaxed_donor_geometry_match
MOF_ACIYER,ACIYER,MULTI_ACIYUK,ACIYUK,4,0.8321,1.0,0.4286,1.0,1.0,1.0,1.0,0.5,weak_match
MOF_ACIYER,ACIYER,MULTI_ACAPCU,ACAPCU,5,0.75,0.0,1.0,1.0,1.0,1.0,1.0,1.0,weak_match
MOF_ACIYER01,ACIYER01,MULTI_ACAQRH10,ACAQRH10,1,0.8917,1.0,0.6667,1.0,1.0,1.0,1.0,0.5,relaxed_donor_geometry_match
MOF_ACIYER01,ACIYER01,MULTI_AFEPEK,AFEPEK,2,0.8917,1.0,0.6667,1.0,1.0,1.0,1.0,0.5,relaxed_donor_geometry_match
MOF_ACIYER01,ACIYER01,MULTI_AFEPIO,AFEPIO,3,0.8917,1.0,0.6667,1.0,1.0,1.0,1.0,0.5,relaxed_donor_geometry_match
MOF_ACIYER01,ACIYER01,MULTI_ACIYUK,ACIYUK,4,0.8321,1.0,0.4286,1.0,1.0,1.0,1.0,0.5,weak_match
MOF_ACIYER01,ACIYER01,MULTI_ACAPCU,ACAPCU,5,0.75,0.0,1.0,1.0,1.0,1.0,1.0,1.0,weak_match
MOF_ACIYER02,ACIYER02,MULTI_ACAQRH10,ACAQRH10,1,0.8917,1.0,0.6667,1.0,1.0,1.0,1.0,0.5,relaxed_donor_geometry_match
MOF_ACIYER02,ACIYER02,MULTI_AFEPEK,AFEPEK,2,0.8917,1.0,0.6667,1.0,1.0,1.0,1.0,0.5,relaxed_donor_geometry_match
MOF_ACIYER02,ACIYER02,MULTI_AFEPIO,AFEPIO,3,0.8917,1.0,0.6667,1.0,1.0,1.0,1.0,0.5,relaxed_donor_geometry_match
MOF_ACIYER02,ACIYER02,MULTI_ACIYUK,ACIYUK,4,0.8321,1.0,0.4286,1.0,1.0,1.0,1.0,0.5,weak_match
MOF_ACIYER02,ACIYER02,MULTI_ACAPCU,ACAPCU,5,0.75,0.0,1.0,1.0,1.0,1.0,1.0,1.0,weak_match
MOF_ACIYER07,ACIYER07,MULTI_ACAQRH10,ACAQRH10,1,0.8917,1.0,0.6667,1.0,1.0,1.0,1.0,0.5,relaxed_donor_geometry_match
MOF_ACIYER07,ACIYER07,MULTI_AFEPEK,AFEPEK,2,0.8917,1.0,0.6667,1.0,1.0,1.0,1.0,0.5,relaxed_donor_geometry_match
MOF_ACIYER07,ACIYER07,MULTI_AFEPIO,AFEPIO,3,0.8917,1.0,0.6667,1.0,1.0,1.0,1.0,0.5,relaxed_donor_geometry_match
MOF_ACIYER07,ACIYER07,MULTI_ACIYUK,ACIYUK,4,0.8321,1.0,0.4286,1.0,1.0,1.0,1.0,0.5,weak_match
MOF_ACIYER07,ACIYER07,MULTI_ACAPCU,ACAPCU,5,0.75,0.0,1.0,1.0,1.0,1.0,1.0,1.0,weak_match
MOF_ACIYIV,ACIYIV,MULTI_ACAQRH10,ACAQRH10,1,0.8917,1.0,0.6667,1.0,1.0,1.0,1.0,0.5,relaxed_donor_geometry_match
MOF_ACIYIV,ACIYIV,MULTI_AFEPEK,AFEPEK,2,0.8917,1.0,0.6667,1.0,1.0,1.0,1.0,0.5,relaxed_donor_geometry_match
MOF_ACIYIV,ACIYIV,MULTI_AFEPIO,AFEPIO,3,0.8917,1.0,0.6667,1.0,1.0,1.0,1.0,0.5,relaxed_donor_geometry_match
MOF_ACIYIV,ACIYIV,MULTI_ACIYUK,ACIYUK,4,0.8321,1.0,0.4286,1.0,1.0,1.0,1.0,0.5,weak_match
MOF_ACIYIV,ACIYIV,MULTI_ACAPCU,ACAPCU,5,0.75,0.0,1.0,1.0,1.0,1.0,1.0,1.0,weak_match
MOF_ACIZIY,ACIZIY,MULTI_ACENOL,ACENOL,1,0.7152,1.0,0.4857,0.9167,0.5,0.6042,0.5,0.5,weak_match
MOF_ACIZIY,ACIZIY,MULTI_ACOQOY,ACOQOY,2,0.6095,1.0,0.3158,0.7778,0.0,0.0,1.0,0.5,weak_match
MOF_ACIZIY,ACIZIY,MULTI_ADONIR,ADONIR,3,0.5488,0.0,0.8065,0.9444,0.6667,0.0,1.0,0.5,weak_match
MOF_ACIZIY,ACIZIY,MULTI_ACEXUB,ACEXUB,4,0.5136,0.8,0.6923,0.4444,0.3333,0.0,0.1,0.5,relaxed_donor_geometry_match
MOF_ACIZIY,ACIZIY,MULTI_ACATIK,ACATIK,5,0.4975,0.8,0.2667,0.5556,0.0,0.5476,0.4,0.5,no_match
MOF_ACMCRU,ACMCRU,MULTI_ACETCR,ACETCR,1,0.785,1.0,0.8,0.8,0.0,1.0,0.5,0.5,bridge_topology_match
MOF_ACMCRU,ACMCRU,MULTI_ACPCRA,ACPCRA,2,0.785,1.0,0.8,0.8,0.0,1.0,0.5,0.5,bridge_topology_match
MOF_ACMCRU,ACMCRU,MULTI_ACACCT,ACACCT,3,0.775,1.0,0.6667,0.6667,0.0,1.0,1.0,0.5,relaxed_donor_geometry_match
MOF_ACMCRU,ACMCRU,MULTI_ACAGET,ACAGET,4,0.775,1.0,0.6667,0.6667,0.0,1.0,1.0,0.5,relaxed_donor_geometry_match
MOF_ACMCRU,ACMCRU,MULTI_ADOGIJ,ADOGIJ,5,0.775,1.0,0.6667,0.6667,0.0,1.0,1.0,0.5,relaxed_donor_geometry_match
MOF_ACMCRU01,ACMCRU01,MULTI_ACETCR,ACETCR,1,0.785,1.0,0.8,0.8,0.0,1.0,0.5,0.5,bridge_topology_match
MOF_ACMCRU01,ACMCRU01,MULTI_ACPCRA,ACPCRA,2,0.785,1.0,0.8,0.8,0.0,1.0,0.5,0.5,bridge_topology_match
MOF_ACMCRU01,ACMCRU01,MULTI_ACACCT,ACACCT,3,0.775,1.0,0.6667,0.6667,0.0,1.0,1.0,0.5,relaxed_donor_geometry_match
MOF_ACMCRU01,ACMCRU01,MULTI_ACAGET,ACAGET,4,0.775,1.0,0.6667,0.6667,0.0,1.0,1.0,0.5,relaxed_donor_geometry_match
MOF_ACMCRU01,ACMCRU01,MULTI_ADOGIJ,ADOGIJ,5,0.775,1.0,0.6667,0.6667,0.0,1.0,1.0,0.5,relaxed_donor_geometry_match
MOF_ACMONA,ACMONA,MULTI_ACOVOF,ACOVOF,1,1.0,1.0,1.0,1.0,1.0,1.0,1.0,1.0,L3_collision
MOF_ACMONA,ACMONA,MULTI_ABILON,ABILON,2,0.8167,1.0,1.0,0.8333,0.0,0.0,1.0,1.0,relaxed_donor_geometry_match
MOF_ACMONA,ACMONA,MULTI_ADABAJ,ADABAJ,3,0.8167,1.0,1.0,0.8333,0.0,0.0,1.0,1.0,relaxed_donor_geometry_match
MOF_ACMONA,ACMONA,MULTI_ACPIMO,ACPIMO,4,0.76,1.0,0.5,0.8,0.0,1.0,1.0,0.5,weak_match
MOF_ACMONA,ACMONA,MULTI_AACRUB,AACRUB,5,0.75,0.0,1.0,1.0,1.0,1.0,1.0,1.0,weak_match
MOF_ACMPCD,ACMPCD,MULTI_ACISEO,ACISEO,1,0.7316,0.8,0.875,0.7143,0.8333,0.3333,0.7,0.5,relaxed_donor_geometry_match
MOF_ACMPCD,ACMPCD,MULTI_ADCDNO10,ADCDNO10,2,0.5517,0.8,0.6667,0.25,0.0,1.0,0.1,0.5,relaxed_donor_geometry_match
MOF_ACMPCD,ACMPCD,MULTI_AFEJAY,AFEJAY,3,0.5342,0.8,0.1053,0.7143,0.4,0.5,0.7,0.5,weak_match
MOF_ACMPCD,ACMPCD,MULTI_AFENUW,AFENUW,4,0.5223,0.8,0.2941,0.4857,0.4,0.6667,0.4,0.5,weak_match
MOF_ACMPCD,ACMPCD,MULTI_AFEGEZ,AFEGEZ,5,0.5138,0.8,0.875,0.2,0.4,0.0,0.1,0.5,relaxed_donor_geometry_match
MOF_ACNBPC,ACNBPC,MULTI_ABOPOX,ABOPOX,1,0.7917,1.0,0.5,0.8333,0.5,1.0,1.0,0.5,weak_match
MOF_ACNBPC,ACNBPC,MULTI_ADOJUB,ADOJUB,2,0.7917,1.0,0.5,0.8333,0.5,1.0,1.0,0.5,weak_match
MOF_ACNBPC,ACNBPC,MULTI_ADOJUB01,ADOJUB01,3,0.7917,1.0,0.5,0.8333,0.5,1.0,1.0,0.5,weak_match
MOF_ACNBPC,ACNBPC,MULTI_ACNICP,ACNICP,4,0.7875,1.0,0.25,1.0,1.0,1.0,1.0,0.5,weak_match
MOF_ACNBPC,ACNBPC,MULTI_ABEQAB,ABEQAB,5,0.7604,1.0,0.375,0.8333,0.5,1.0,1.0,0.5,weak_match
MOF_ACNCUB,ACNCUB,MULTI_ACIPOT,ACIPOT,1,0.7375,1.0,0.25,1.0,1.0,1.0,0.5,0.5,weak_match
MOF_ACNCUB,ACNCUB,MULTI_ACIQAG,ACIQAG,2,0.7375,1.0,0.25,1.0,1.0,1.0,0.5,0.5,weak_match
MOF_ACNCUB,ACNCUB,MULTI_ADIGOM,ADIGOM,3,0.7375,1.0,0.25,1.0,1.0,1.0,0.5,0.5,weak_match
MOF_ACNCUB,ACNCUB,MULTI_ACEVUC,ACEVUC,4,0.71,1.0,0.5,0.8,0.0,1.0,0.5,0.5,weak_match
MOF_ACNCUB,ACNCUB,MULTI_ACEMUQ,ACEMUQ,5,0.6875,1.0,0.25,1.0,1.0,0.5,0.5,0.5,weak_match
MOF_ACNCUB01,ACNCUB01,MULTI_ACIPOT,ACIPOT,1,0.7375,1.0,0.25,1.0,1.0,1.0,0.5,0.5,weak_match
MOF_ACNCUB01,ACNCUB01,MULTI_ACIQAG,ACIQAG,2,0.7375,1.0,0.25,1.0,1.0,1.0,0.5,0.5,weak_match
MOF_ACNCUB01,ACNCUB01,MULTI_ADIGOM,ADIGOM,3,0.7375,1.0,0.25,1.0,1.0,1.0,0.5,0.5,weak_match
MOF_ACNCUB01,ACNCUB01,MULTI_ACEVUC,ACEVUC,4,0.71,1.0,0.5,0.8,0.0,1.0,0.5,0.5,weak_match
MOF_ACNCUB01,ACNCUB01,MULTI_ACEMUQ,ACEMUQ,5,0.6875,1.0,0.25,1.0,1.0,0.5,0.5,0.5,weak_match
MOF_ACNCUB02,ACNCUB02,MULTI_ACIPOT,ACIPOT,1,0.6714,1.0,0.2857,0.75,0.5,1.0,0.5,0.5,weak_match
MOF_ACNCUB02,ACNCUB02,MULTI_ACIQAG,ACIQAG,2,0.6714,1.0,0.2857,0.75,0.5,1.0,0.5,0.5,weak_match
MOF_ACNCUB02,ACNCUB02,MULTI_ADIGOM,ADIGOM,3,0.6714,1.0,0.2857,0.75,0.5,1.0,0.5,0.5,weak_match
MOF_ACNCUB02,ACNCUB02,MULTI_ACEVUC,ACEVUC,4,0.6388,1.0,0.375,0.6,0.0,1.0,0.5,0.5,weak_match
MOF_ACNCUB02,ACNCUB02,MULTI_ABOBUO,ABOBUO,5,0.6028,1.0,0.1111,0.875,0.5,0.0,1.0,0.5,weak_match
MOF_ACNCUB03,ACNCUB03,MONO_AGEQOU,AGEQOU,1,0.85,1.0,0.5,1.0,1.0,1.0,1.0,0.5,weak_match
MOF_ACNCUB03,ACNCUB03,MONO_ABAFAN,ABAFAN,2,0.775,1.0,0.2,1.0,1.0,1.0,1.0,0.5,weak_match
MOF_ACNCUB03,ACNCUB03,MONO_ABAFER,ABAFER,3,0.775,1.0,0.2,1.0,1.0,1.0,1.0,0.5,weak_match
MOF_ACNCUB03,ACNCUB03,MONO_ABAPCU,ABAPCU,4,0.775,1.0,0.2,1.0,1.0,1.0,1.0,0.5,weak_match
MOF_ACNCUB03,ACNCUB03,MONO_ABAXEI,ABAXEI,5,0.775,1.0,0.2,1.0,1.0,1.0,1.0,0.5,weak_match
MOF_ACNCUB04,ACNCUB04,MONO_AGEQOU,AGEQOU,1,0.85,1.0,0.5,1.0,1.0,1.0,1.0,0.5,weak_match
MOF_ACNCUB04,ACNCUB04,MONO_ABAFAN,ABAFAN,2,0.775,1.0,0.2,1.0,1.0,1.0,1.0,0.5,weak_match
MOF_ACNCUB04,ACNCUB04,MONO_ABAFER,ABAFER,3,0.775,1.0,0.2,1.0,1.0,1.0,1.0,0.5,weak_match
MOF_ACNCUB04,ACNCUB04,MONO_ABAPCU,ABAPCU,4,0.775,1.0,0.2,1.0,1.0,1.0,1.0,0.5,weak_match
MOF_ACNCUB04,ACNCUB04,MONO_ABAXEI,ABAXEI,5,0.775,1.0,0.2,1.0,1.0,1.0,1.0,0.5,weak_match
MOF_ACOBEC,ACOBEC,MULTI_ABOZOK,ABOZOK,1,0.561,0.0,0.7561,0.8889,0.8889,0.5476,0.7,0.5,weak_match
MOF_ACOBEC,ACOBEC,MULTI_ABOZUQ,ABOZUQ,2,0.561,0.0,0.7561,0.8889,0.8889,0.5476,0.7,0.5,weak_match
MOF_ACOBEC,ACOBEC,MULTI_ABOYUP,ABOYUP,3,0.539,0.0,0.6429,1.0,1.0,0.5333,0.5,0.5,weak_match
MOF_ACOBEC,ACOBEC,MULTI_ABOYEZ,ABOYEZ,4,0.534,0.0,0.8571,0.8,0.8,0.5476,0.4,0.5,weak_match
MOF_ACOBEC,ACOBEC,MULTI_ABOYID,ABOYID,5,0.534,0.0,0.8571,0.8,0.8,0.5476,0.4,0.5,weak_match
MOF_ACODAA,ACODAA,MONO_ADAREG,ADAREG,1,0.85,1.0,0.5,1.0,1.0,1.0,1.0,0.5,weak_match
MOF_ACODAA,ACODAA,MONO_ADAROQ,ADAROQ,2,0.85,1.0,0.5,1.0,1.0,1.0,1.0,0.5,weak_match
MOF_ACODAA,ACODAA,MONO_ADEZIW,ADEZIW,3,0.85,1.0,1.0,0.5,0.0,1.0,1.0,1.0,bridge_topology_match
MOF_ACODAA,ACODAA,MONO_AFIBAU,AFIBAU,4,0.85,1.0,0.5,1.0,1.0,1.0,1.0,0.5,weak_match
MOF_ACODAA,ACODAA,MONO_AFIBAU01,AFIBAU01,5,0.85,1.0,0.5,1.0,1.0,1.0,1.0,0.5,weak_match
MOF_ACODED,ACODED,MULTI_ABAFOB,ABAFOB,1,0.7452,0.8,0.8889,0.64,0.0,1.0,0.7,0.5,bridge_topology_match
MOF_ACODED,ACODED,MULTI_ABOZOI,ABOZOI,2,0.6833,1.0,0.4091,0.48,0.2,1.0,1.0,0.5,weak_match
MOF_ACODED,ACODED,MULTI_ACACCV10,ACACCV10,3,0.65,0.8,0.9,0.4,0.2,1.0,0.1,0.5,bridge_topology_match
MOF_ACODED,ACODED,MULTI_ACACCV11,ACACCV11,4,0.65,0.8,0.9,0.4,0.2,1.0,0.1,0.5,bridge_topology_match
MOF_ACODED,ACODED,MULTI_ACACCV12,ACACCV12,5,0.65,0.8,0.9,0.4,0.2,1.0,0.1,0.5,bridge_topology_match
MOF_ACODEE,ACODEE,MONO_ACPICF,ACPICF,1,0.9333,1.0,0.8333,1.0,1.0,1.0,1.0,0.5,bridge_topology_match
MOF_ACODEE,ACODEE,MONO_ACOREQ,ACOREQ,2,0.8679,1.0,0.5714,1.0,1.0,1.0,1.0,0.5,weak_match
MOF_ACODEE,ACODEE,MONO_ACOREQ01,ACOREQ01,3,0.8679,1.0,0.5714,1.0,1.0,1.0,1.0,0.5,weak_match
MOF_ACODEE,ACODEE,MONO_ACORIU01,ACORIU01,4,0.8679,1.0,0.5714,1.0,1.0,1.0,1.0,0.5,weak_match
MOF_ACODEE,ACODEE,MONO_ACOROA,ACOROA,5,0.8679,1.0,0.5714,1.0,1.0,1.0,1.0,0.5,weak_match
MOF_ACOFUU,ACOFUU,MULTI_ABOJOQ,ABOJOQ,1,0.7417,1.0,0.5,0.5833,0.5,1.0,1.0,0.5,weak_match
MOF_ACOFUU,ACOFUU,MULTI_ACIFEY,ACIFEY,2,0.615,0.8,0.8,0.125,0.5,1.0,0.4,0.5,bridge_topology_match
MOF_ACOFUU,ACOFUU,MULTI_ACOQUE,ACOQUE,3,0.5887,0.8,0.375,0.375,0.5,1.0,0.7,0.5,weak_match
MOF_ACOFUU,ACOFUU,MULTI_ACATIK,ACATIK,4,0.5688,1.0,0.375,0.625,0.5,0.0,0.5,0.5,weak_match
MOF_ACOFUU,ACOFUU,MONO_ACADOY,ACADOY,5,0.5683,0.8,0.6,0.4167,0.0,1.0,0.1,0.5,relaxed_donor_geometry_match
MOF_ACOGAB,ACOGAB,MONO_AFAVOV,AFAVOV,1,0.8917,1.0,0.6667,1.0,1.0,1.0,1.0,0.5,relaxed_donor_geometry_match
MOF_ACOGAB,ACOGAB,MONO_ACUJEP,ACUJEP,2,0.8833,1.0,1.0,0.6667,0.0,1.0,1.0,1.0,bridge_topology_match
MOF_ACOGAB,ACOGAB,MONO_ABUSAU,ABUSAU,3,0.8417,1.0,0.8,0.8333,0.0,1.0,1.0,0.5,bridge_topology_match
MOF_ACOGAB,ACOGAB,MONO_ACUDOT,ACUDOT,4,0.8417,1.0,0.8,0.8333,0.0,1.0,1.0,0.5,bridge_topology_match
MOF_ACOGAB,ACOGAB,MONO_ACITEO,ACITEO,5,0.7875,1.0,0.25,1.0,1.0,1.0,1.0,0.5,weak_match
MOF_ACOGEF,ACOGEF,MONO_ADEBIV,ADEBIV,1,0.8917,1.0,0.6667,1.0,1.0,1.0,1.0,0.5,relaxed_donor_geometry_match
MOF_ACOGEF,ACOGEF,MONO_ABIZIW,ABIZIW,2,0.8417,1.0,0.8,0.8333,0.0,1.0,1.0,0.5,bridge_topology_match
MOF_ACOGEF,ACOGEF,MONO_ADABUC,ADABUC,3,0.8417,1.0,0.8,0.8333,0.0,1.0,1.0,0.5,bridge_topology_match
MOF_ACOGEF,ACOGEF,MONO_ACITEO,ACITEO,4,0.7875,1.0,0.25,1.0,1.0,1.0,1.0,0.5,weak_match
MOF_ACOGEF,ACOGEF,MONO_ACUHIR,ACUHIR,5,0.7875,1.0,0.25,1.0,1.0,1.0,1.0,0.5,weak_match
MOF_ACOGUV,ACOGUV,MULTI_AFEBAQ,AFEBAQ,1,0.5953,0.8,0.375,0.6786,0.5,0.4583,0.7,0.5,weak_match
MOF_ACOGUV,ACOGUV,MULTI_ACENOL,ACENOL,2,0.5862,0.8,0.6154,0.5952,0.1667,0.4,0.4,0.5,relaxed_donor_geometry_match
MOF_ACOGUV,ACOGUV,MULTI_ACEXUB,ACEXUB,3,0.5825,0.8,0.7,0.5,0.25,0.0,0.7,0.5,relaxed_donor_geometry_match
MOF_ACOGUV,ACOGUV,MULTI_ABOJOQ,ABOJOQ,4,0.5736,1.0,0.0588,0.8571,0.25,0.0,1.0,0.5,weak_match
MOF_ACOGUV,ACOGUV,MULTI_ABANAV,ABANAV,5,0.5614,0.8,0.5,0.3571,0.0,1.0,0.4,0.5,weak_match
MOF_ACOHAB,ACOHAB,MULTI_AFAWAH,AFAWAH,1,0.6325,0.8,0.5,0.6875,0.5,0.5,0.7,0.5,weak_match
MOF_ACOHAB,ACOHAB,MONO_AFURIF,AFURIF,2,0.6067,0.8,1.0,0.3333,0.0,0.0,0.4,1.0,relaxed_donor_geometry_match
MOF_ACOHAB,ACOHAB,MONO_AFUSAY,AFUSAY,3,0.6067,0.8,1.0,0.3333,0.0,0.0,0.4,1.0,relaxed_donor_geometry_match
MOF_ACOHAB,ACOHAB,MULTI_ACOCAX,ACOCAX,4,0.5984,0.8,0.3636,0.5625,0.0,1.0,0.7,0.5,weak_match
MOF_ACOHAB,ACOHAB,MULTI_ADAGPC01,ADAGPC01,5,0.5867,0.8,0.8333,0.4167,0.0,0.0,0.7,0.5,relaxed_donor_geometry_match
MOF_ACOHAE,ACOHAE,MONO_ACAQOK,ACAQOK,1,1.0,1.0,1.0,1.0,1.0,1.0,1.0,1.0,L3_collision
MOF_ACOHAE,ACOHAE,MONO_AGIQEQ,AGIQEQ,2,1.0,1.0,1.0,1.0,1.0,1.0,1.0,1.0,L3_collision
MOF_ACOHAE,ACOHAE,MONO_ACENEF,ACENEF,3,0.8639,1.0,0.5556,1.0,1.0,1.0,1.0,0.5,weak_match
MOF_ACOHAE,ACOHAE,MONO_ACUHUD,ACUHUD,4,0.8607,1.0,0.8571,0.8571,0.0,1.0,1.0,0.5,bridge_topology_match
MOF_ACOHAE,ACOHAE,MONO_AFNICD,AFNICD,5,0.8607,1.0,0.8571,0.8571,0.0,1.0,1.0,0.5,bridge_topology_match
MOF_ACOHEF,ACOHEF,MULTI_ACUFIQ,ACUFIQ,1,0.8125,1.0,0.75,1.0,1.0,0.0,1.0,0.5,relaxed_donor_geometry_match
MOF_ACOHEF,ACOHEF,MULTI_ACUFIQ01,ACUFIQ01,2,0.8125,1.0,0.75,1.0,1.0,0.0,1.0,0.5,relaxed_donor_geometry_match
MOF_ACOHEF,ACOHEF,MULTI_ADAGPC01,ADAGPC01,3,0.75,1.0,1.0,0.75,0.0,0.0,0.5,1.0,relaxed_donor_geometry_match
MOF_ACOHEF,ACOHEF,MULTI_ABAMID,ABAMID,4,0.725,1.0,0.4,1.0,1.0,0.0,1.0,0.5,weak_match
MOF_ACOHEF,ACOHEF,MULTI_ABEPIK,ABEPIK,5,0.725,1.0,0.4,1.0,1.0,0.0,1.0,0.5,weak_match
MOF_ACOHIJ,ACOHIJ,MONO_ABZSGA,ABZSGA,1,0.9125,1.0,0.75,1.0,1.0,1.0,1.0,0.5,bridge_topology_match
MOF_ACOHIJ,ACOHIJ,MONO_ACPSAG,ACPSAG,2,0.825,1.0,0.4,1.0,1.0,1.0,1.0,0.5,weak_match
MOF_ACOHIJ,ACOHIJ,MONO_ADUQEV,ADUQEV,3,0.825,1.0,0.4,1.0,1.0,1.0,1.0,0.5,weak_match
MOF_ACOHIJ,ACOHIJ,MONO_ADUROG,ADUROG,4,0.825,1.0,0.4,1.0,1.0,1.0,1.0,0.5,weak_match
MOF_ACOHIJ,ACOHIJ,MONO_ADURUM,ADURUM,5,0.825,1.0,0.4,1.0,1.0,1.0,1.0,0.5,weak_match
MOF_ACOHIJ01,ACOHIJ01,MONO_ABZSGA,ABZSGA,1,0.9125,1.0,0.75,1.0,1.0,1.0,1.0,0.5,bridge_topology_match
MOF_ACOHIJ01,ACOHIJ01,MONO_ACPSAG,ACPSAG,2,0.825,1.0,0.4,1.0,1.0,1.0,1.0,0.5,weak_match
MOF_ACOHIJ01,ACOHIJ01,MONO_ADUQEV,ADUQEV,3,0.825,1.0,0.4,1.0,1.0,1.0,1.0,0.5,weak_match
MOF_ACOHIJ01,ACOHIJ01,MONO_ADUROG,ADUROG,4,0.825,1.0,0.4,1.0,1.0,1.0,1.0,0.5,weak_match
MOF_ACOHIJ01,ACOHIJ01,MONO_ADURUM,ADURUM,5,0.825,1.0,0.4,1.0,1.0,1.0,1.0,0.5,weak_match
MOF_ACOHUW,ACOHUW,MULTI_ABOLEK,ABOLEK,1,0.7667,1.0,0.7,0.5833,0.0,1.0,1.0,0.5,bridge_topology_match
MOF_ACOHUW,ACOHUW,MULTI_ACACMN22,ACACMN22,2,0.7321,1.0,0.4615,0.5833,0.5,1.0,1.0,0.5,weak_match
MOF_ACOHUW,ACOHUW,MULTI_ACACMN26,ACACMN26,3,0.7321,1.0,0.4615,0.5833,0.5,1.0,1.0,0.5,weak_match
MOF_ACOHUW,ACOHUW,MULTI_ACACMN27,ACACMN27,4,0.7321,1.0,0.4615,0.5833,0.5,1.0,1.0,0.5,weak_match
MOF_ACOHUW,ACOHUW,MULTI_ACACMN28,ACACMN28,5,0.7321,1.0,0.4615,0.5833,0.5,1.0,1.0,0.5,weak_match
MOF_ACOHUW01,ACOHUW01,MULTI_ABOLEK,ABOLEK,1,0.7667,1.0,0.7,0.5833,0.0,1.0,1.0,0.5,bridge_topology_match
MOF_ACOHUW01,ACOHUW01,MULTI_ACACMN22,ACACMN22,2,0.7321,1.0,0.4615,0.5833,0.5,1.0,1.0,0.5,weak_match
MOF_ACOHUW01,ACOHUW01,MULTI_ACACMN26,ACACMN26,3,0.7321,1.0,0.4615,0.5833,0.5,1.0,1.0,0.5,weak_match
MOF_ACOHUW01,ACOHUW01,MULTI_ACACMN27,ACACMN27,4,0.7321,1.0,0.4615,0.5833,0.5,1.0,1.0,0.5,weak_match
MOF_ACOHUW01,ACOHUW01,MULTI_ACACMN28,ACACMN28,5,0.7321,1.0,0.4615,0.5833,0.5,1.0,1.0,0.5,weak_match
MOF_ACOHUW02,ACOHUW02,MULTI_ABOLEK,ABOLEK,1,0.7667,1.0,0.7,0.5833,0.0,1.0,1.0,0.5,bridge_topology_match
MOF_ACOHUW02,ACOHUW02,MULTI_ACACMN22,ACACMN22,2,0.7321,1.0,0.4615,0.5833,0.5,1.0,1.0,0.5,weak_match
MOF_ACOHUW02,ACOHUW02,MULTI_ACACMN26,ACACMN26,3,0.7321,1.0,0.4615,0.5833,0.5,1.0,1.0,0.5,weak_match
MOF_ACOHUW02,ACOHUW02,MULTI_ACACMN27,ACACMN27,4,0.7321,1.0,0.4615,0.5833,0.5,1.0,1.0,0.5,weak_match
MOF_ACOHUW02,ACOHUW02,MULTI_ACACMN28,ACACMN28,5,0.7321,1.0,0.4615,0.5833,0.5,1.0,1.0,0.5,weak_match
MOF_ACOHUW03,ACOHUW03,MULTI_ABOLEK,ABOLEK,1,0.7667,1.0,0.7,0.5833,0.0,1.0,1.0,0.5,bridge_topology_match
MOF_ACOHUW03,ACOHUW03,MULTI_ACACMN22,ACACMN22,2,0.7321,1.0,0.4615,0.5833,0.5,1.0,1.0,0.5,weak_match
MOF_ACOHUW03,ACOHUW03,MULTI_ACACMN26,ACACMN26,3,0.7321,1.0,0.4615,0.5833,0.5,1.0,1.0,0.5,weak_match
MOF_ACOHUW03,ACOHUW03,MULTI_ACACMN27,ACACMN27,4,0.7321,1.0,0.4615,0.5833,0.5,1.0,1.0,0.5,weak_match
MOF_ACOHUW03,ACOHUW03,MULTI_ACACMN28,ACACMN28,5,0.7321,1.0,0.4615,0.5833,0.5,1.0,1.0,0.5,weak_match
MOF_ACOLAG,ACOLAG,MULTI_ABOXOE,ABOXOE,1,0.7405,1.0,0.4286,0.6667,0.5,1.0,1.0,0.5,weak_match
MOF_ACOLAG,ACOLAG,MULTI_ADIFUO,ADIFUO,2,0.7333,1.0,0.5,0.6667,0.0,1.0,1.0,0.5,weak_match
MOF_ACOLAG,ACOLAG,MULTI_ADIGEZ,ADIGEZ,3,0.7333,1.0,0.5,0.6667,0.0,1.0,1.0,0.5,weak_match
MOF_ACOLAG,ACOLAG,MULTI_ACUYAZ,ACUYAZ,4,0.6958,1.0,0.25,0.6667,0.5,1.0,1.0,0.5,weak_match
MOF_ACOLAG,ACOLAG,MULTI_ABECIT,ABECIT,5,0.6833,1.0,0.8,0.6667,0.5,0.0,0.5,0.5,relaxed_donor_geometry_match
MOF_ACOLIP,ACOLIP,MULTI_ABAZAF01,ABAZAF01,1,0.7417,1.0,0.6667,1.0,1.0,0.0,0.5,0.5,relaxed_donor_geometry_match
MOF_ACOLIP,ACOLIP,MONO_ACIBUK,ACIBUK,2,0.7289,0.8,1.0,0.4444,0.0,1.0,0.4,1.0,bridge_topology_match
MOF_ACOLIP,ACOLIP,MONO_ACIBUK01,ACIBUK01,3,0.7289,0.8,1.0,0.4444,0.0,1.0,0.4,1.0,bridge_topology_match
MOF_ACOLIP,ACOLIP,MONO_AGETOW,AGETOW,4,0.7289,0.8,1.0,0.4444,0.0,1.0,0.4,1.0,bridge_topology_match
MOF_ACOLIP,ACOLIP,MULTI_AFEBAQ,AFEBAQ,5,0.6869,1.0,0.7143,0.8333,0.3333,0.0,0.5,0.5,relaxed_donor_geometry_match
MOF_ACOLOV,ACOLOV,MULTI_ACISEO,ACISEO,1,0.5643,0.8,0.4615,0.5556,0.5556,0.75,0.1,0.5,weak_match
MOF_ACOLOV,ACOLOV,MULTI_ADUVAY,ADUVAY,2,0.5358,0.0,0.7917,0.8,0.5,0.5786,0.7,0.5,weak_match
MOF_ACOLOV,ACOLOV,MULTI_ABUWIE,ABUWIE,3,0.4579,0.0,0.8571,0.5429,0.2,0.3,0.7,0.5,no_match
MOF_ACOLOV,ACOLOV,MULTI_ACUJUH,ACUJUH,4,0.4579,0.0,0.8571,0.5429,0.2,0.3,0.7,0.5,no_match
MOF_ACOLOV,ACOLOV,MULTI_ABOYUP,ABOYUP,5,0.4514,0.0,0.8276,0.4921,0.2222,0.4,0.7,0.5,no_match
MOF_ACOLUB,ACOLUB,MULTI_ACISEO,ACISEO,1,0.744,1.0,0.7,0.7857,0.3333,0.7024,0.5,0.5,bridge_topology_match
MOF_ACOLUB,ACOLUB,MULTI_ACENOL,ACENOL,2,0.5673,0.0,0.7692,0.8333,0.6667,1.0,0.5,0.5,weak_match
MOF_ACOLUB,ACOLUB,MULTI_ACIMEG,ACIMEG,3,0.487,0.0,0.8333,0.619,0.4286,0.3846,0.7,0.5,no_match
MOF_ACOLUB,ACOLUB,MULTI_ADOXEY,ADOXEY,4,0.4829,0.0,0.7143,0.75,0.5,0.5429,0.5,0.5,no_match
MOF_ACOLUB,ACOLUB,MULTI_ABIXIT,ABIXIT,5,0.4796,0.0,0.7407,0.6944,0.5,0.5556,0.5,0.5,no_match
MOF_ACOLUC,ACOLUC,MULTI_ACUWAW,ACUWAW,1,0.6521,1.0,0.375,0.6667,0.0,1.0,0.5,0.5,weak_match
MOF_ACOLUC,ACOLUC,MULTI_ADAGPC,ADAGPC,2,0.6089,0.8,0.5,0.4444,0.0,1.0,0.7,0.5,weak_match
MOF_ACOLUC,ACOLUC,MULTI_ADECAO,ADECAO,3,0.6089,0.8,0.5,0.4444,0.0,1.0,0.7,0.5,weak_match
MOF_ACOLUC,ACOLUC,MULTI_ADIXIV,ADIXIV,4,0.6089,0.8,0.5,0.4444,0.0,1.0,0.7,0.5,weak_match
MOF_ACOLUC,ACOLUC,MULTI_AFATOQ,AFATOQ,5,0.6089,0.8,0.5,0.4444,0.0,1.0,0.7,0.5,weak_match
MOF_ACOMEL,ACOMEL,MULTI_ABOXOE,ABOXOE,1,0.6833,1.0,0.2667,0.5833,0.5,1.0,1.0,0.5,weak_match
MOF_ACOMEL,ACOMEL,MULTI_ACUYAZ,ACUYAZ,2,0.6833,1.0,0.2667,0.5833,0.5,1.0,1.0,0.5,weak_match
MOF_ACOMEL,ACOMEL,MULTI_ADIFUO,ADIFUO,3,0.6686,1.0,0.3077,0.5833,0.0,1.0,1.0,0.5,weak_match
MOF_ACOMEL,ACOMEL,MULTI_ADIGEZ,ADIGEZ,4,0.6686,1.0,0.3077,0.5833,0.0,1.0,1.0,0.5,weak_match
MOF_ACOMEL,ACOMEL,MULTI_ABAYAF,ABAYAF,5,0.65,1.0,0.0,0.75,0.5,1.0,1.0,0.5,weak_match
MOF_ACOMOX,ACOMOX,MONO_ACOMUD,ACOMUD,1,0.8225,1.0,0.75,0.8,0.0,1.0,1.0,0.5,bridge_topology_match
MOF_ACOMOX,ACOMOX,MONO_ABIWUH,ABIWUH,2,0.8083,1.0,0.3333,1.0,1.0,1.0,1.0,0.5,weak_match
MOF_ACOMOX,ACOMOX,MONO_ABIXAO,ABIXAO,3,0.7607,1.0,0.1429,1.0,1.0,1.0,1.0,0.5,weak_match
MOF_ACOMOX,ACOMOX,MONO_ABUBEI,ABUBEI,4,0.7607,1.0,0.1429,1.0,1.0,1.0,1.0,0.5,weak_match
MOF_ACOMOX,ACOMOX,MONO_AGEXES,AGEXES,5,0.735,1.0,0.4,0.8,0.0,1.0,1.0,0.5,weak_match
MOF_ACONAK,ACONAK,MONO_ACONEO,ACONEO,1,0.9125,1.0,0.75,1.0,1.0,1.0,1.0,0.5,bridge_topology_match
MOF_ACONAK,ACONAK,MONO_ACUCAF,ACUCAF,2,0.9125,1.0,0.75,1.0,1.0,1.0,1.0,0.5,bridge_topology_match
MOF_ACONAK,ACONAK,MONO_ADOKIO,ADOKIO,3,0.9125,1.0,0.75,1.0,1.0,1.0,1.0,0.5,bridge_topology_match
MOF_ACONAK,ACONAK,MONO_AGEWUF,AGEWUF,4,0.825,1.0,0.4,1.0,1.0,1.0,1.0,0.5,weak_match
MOF_ACONAK,ACONAK,MONO_AGEWUF01,AGEWUF01,5,0.825,1.0,0.4,1.0,1.0,1.0,1.0,0.5,weak_match
MOF_ACONIS,ACONIS,MONO_ACUFOW,ACUFOW,1,0.9125,1.0,0.75,1.0,1.0,1.0,1.0,0.5,bridge_topology_match
MOF_ACONIS,ACONIS,MONO_ADOLEL,ADOLEL,2,0.9125,1.0,0.75,1.0,1.0,1.0,1.0,0.5,bridge_topology_match
MOF_ACONIS,ACONIS,MONO_AGEYET,AGEYET,3,0.825,1.0,0.4,1.0,1.0,1.0,1.0,0.5,weak_match
MOF_ACONIS,ACONIS,MONO_ACOMUD,ACOMUD,4,0.7667,1.0,0.1667,1.0,1.0,1.0,1.0,0.5,weak_match
MOF_ACONIS,ACONIS,MONO_ACONEO,ACONEO,5,0.7667,1.0,0.1667,1.0,1.0,1.0,1.0,0.5,weak_match
MOF_ACONOY,ACONOY,MULTI_ADHGND,ADHGND,1,0.4678,0.8,0.1111,0.5,0.5,0.5,0.4,0.5,no_match
MOF_ACONOY,ACONOY,MULTI_ACABAH,ACABAH,2,0.4625,0.3,0.25,0.875,0.5,0.5,0.5,0.5,no_match
MOF_ACONOY,ACONOY,MULTI_ACNHGB,ACNHGB,3,0.4511,0.8,0.4444,0.375,0.0,0.0,0.4,0.5,no_match
MOF_ACONOY,ACONOY,MULTI_ACRIDM,ACRIDM,4,0.4456,0.8,0.2222,0.5,0.5,0.0,0.4,0.5,no_match
MOF_ACONOY,ACONOY,MULTI_ADMEHG,ADMEHG,5,0.4405,0.8,0.2353,0.5833,0.0,0.0,0.4,0.5,no_match
MOF_ACONUE,ACONUE,MULTI_ADIZES,ADIZES,1,0.5283,0.8,0.2667,0.6667,0.6667,0.0,0.7,0.5,weak_match
MOF_ACONUE,ACONUE,MULTI_ACERAB,ACERAB,2,0.475,1.0,0.0,0.5,0.0,0.0,1.0,0.5,no_match
MOF_ACONUE,ACONUE,MULTI_ACHPHG,ACHPHG,3,0.4617,0.8,0.0,0.6667,0.6667,0.0,0.7,0.5,no_match
MOF_ACONUE,ACONUE,MULTI_ADHGND,ADHGND,4,0.4511,0.8,0.0909,0.1667,0.0,1.0,0.7,0.5,no_match
MOF_ACONUE,ACONUE,MULTI_ACUGOX,ACUGOX,5,0.4506,0.3,0.2222,0.9333,0.6667,0.25,0.5,0.5,no_match
MOF_ACOPOY,ACOPOY,MONO_ACATOO,ACATOO,1,1.0,1.0,1.0,1.0,1.0,1.0,1.0,1.0,L3_collision
MOF_ACOPOY,ACOPOY,MONO_ACATUU,ACATUU,2,1.0,1.0,1.0,1.0,1.0,1.0,1.0,1.0,L3_collision
MOF_ACOPOY,ACOPOY,MONO_ACAVAC,ACAVAC,3,1.0,1.0,1.0,1.0,1.0,1.0,1.0,1.0,L3_collision
MOF_ACOPOY,ACOPOY,MONO_ACIFUP,ACIFUP,4,1.0,1.0,1.0,1.0,1.0,1.0,1.0,1.0,L3_collision
MOF_ACOPOY,ACOPOY,MONO_AFUXIK,AFUXIK,5,1.0,1.0,1.0,1.0,1.0,1.0,1.0,1.0,L3_collision
MOF_ACOPUE,ACOPUE,MONO_ABUWOK,ABUWOK,1,1.0,1.0,1.0,1.0,1.0,1.0,1.0,1.0,L3_collision
MOF_ACOPUE,ACOPUE,MONO_ABASOM,ABASOM,2,0.9036,1.0,0.7143,1.0,1.0,1.0,1.0,0.5,bridge_topology_match
MOF_ACOPUE,ACOPUE,MONO_ABATAZ,ABATAZ,3,0.9036,1.0,0.7143,1.0,1.0,1.0,1.0,0.5,bridge_topology_match
MOF_ACOPUE,ACOPUE,MONO_ABCOPD,ABCOPD,4,0.9036,1.0,0.7143,1.0,1.0,1.0,1.0,0.5,bridge_topology_match
MOF_ACOPUE,ACOPUE,MONO_ABIPOS,ABIPOS,5,0.9036,1.0,0.7143,1.0,1.0,1.0,1.0,0.5,bridge_topology_match
MOF_ACOQIT,ACOQIT,MONO_ADIMUW,ADIMUW,1,0.75,0.0,1.0,1.0,1.0,1.0,1.0,1.0,weak_match
MOF_ACOQIT,ACOQIT,MONO_ABAFOZ,ABAFOZ,2,0.725,1.0,0.0,1.0,1.0,1.0,1.0,0.5,weak_match
MOF_ACOQIT,ACOQIT,MONO_ABAKUM,ABAKUM,3,0.725,1.0,0.0,1.0,1.0,1.0,1.0,0.5,weak_match
MOF_ACOQIT,ACOQIT,MONO_ABATIK,ABATIK,4,0.725,1.0,0.0,1.0,1.0,1.0,1.0,0.5,weak_match
MOF_ACOQIT,ACOQIT,MONO_ABATOQ,ABATOQ,5,0.725,1.0,0.0,1.0,1.0,1.0,1.0,0.5,weak_match
MOF_ACORUJ,ACORUJ,MULTI_AFEGEZ,AFEGEZ,1,0.8321,1.0,0.6429,0.8571,0.5,1.0,1.0,0.5,relaxed_donor_geometry_match
MOF_ACORUJ,ACORUJ,MULTI_ABOLUA,ABOLUA,2,0.8003,1.0,0.6154,0.8571,0.0,1.0,1.0,0.5,relaxed_donor_geometry_match
MOF_ACORUJ,ACORUJ,MULTI_ABOJUW,ABOJUW,3,0.7053,1.0,0.2353,0.8571,0.0,1.0,1.0,0.5,weak_match
MOF_ACORUJ,ACORUJ,MULTI_ABARUT,ABARUT,4,0.6727,1.0,0.1053,0.8571,0.0,1.0,1.0,0.5,weak_match
MOF_ACORUJ,ACORUJ,MULTI_ABUQAQ,ABUQAQ,5,0.6464,0.0,0.9,0.8571,0.5,1.0,1.0,0.5,weak_match
MOF_ACOVAT01,ACOVAT01,MULTI_ACASCR,ACASCR,1,0.7673,1.0,0.7692,1.0,1.0,0.0,0.5,0.5,relaxed_donor_geometry_match
MOF_ACOVAT01,ACOVAT01,MULTI_ACACCT,ACACCT,2,0.725,1.0,0.0,1.0,1.0,1.0,1.0,0.5,weak_match
MOF_ACOVAT01,ACOVAT01,MULTI_ACAGET,ACAGET,3,0.725,1.0,0.0,1.0,1.0,1.0,1.0,0.5,weak_match
MOF_ACOVAT01,ACOVAT01,MULTI_ADOGIJ,ADOGIJ,4,0.725,1.0,0.0,1.0,1.0,1.0,1.0,0.5,weak_match
MOF_ACOVAT01,ACOVAT01,MULTI_ADOSOC,ADOSOC,5,0.725,1.0,0.0,1.0,1.0,1.0,1.0,0.5,weak_match
MOF_ACOVEU,ACOVEU,MULTI_ADUWEC,ADUWEC,1,0.6625,1.0,0.9167,0.5417,0.0,0.0,0.5,0.5,relaxed_donor_geometry_match
MOF_ACOVEU,ACOVEU,MULTI_ADUWEC01,ADUWEC01,2,0.6625,1.0,0.9167,0.5417,0.0,0.0,0.5,0.5,relaxed_donor_geometry_match
MOF_ACOVEU,ACOVEU,MULTI_ABECUI01,ABECUI01,3,0.6311,1.0,0.3077,0.9583,0.75,0.0,0.5,0.5,weak_match
MOF_ACOVEU,ACOVEU,MULTI_ACADCO,ACADCO,4,0.6019,0.8,0.6111,0.2083,0.25,1.0,0.7,0.5,relaxed_donor_geometry_match
MOF_ACOVEU,ACOVEU,MULTI_ACABEL,ACABEL,5,0.601,1.0,0.6875,0.4583,0.25,0.0,0.5,0.5,relaxed_donor_geometry_match
MOF_ACOVIB,ACOVIB,MULTI_ACUZEE,ACUZEE,1,0.735,0.8,1.0,0.625,0.0,1.0,0.1,1.0,bridge_topology_match
MOF_ACOVIB,ACOVIB,MONO_ACAKOF,ACAKOF,2,0.5875,1.0,0.25,0.25,0.0,1.0,1.0,0.5,weak_match
MOF_ACOVIB,ACOVIB,MONO_ACAKOF01,ACAKOF01,3,0.5875,1.0,0.25,0.25,0.0,1.0,1.0,0.5,weak_match
MOF_ACOVIB,ACOVIB,MONO_ACUZII,ACUZII,4,0.5875,1.0,0.25,0.25,0.0,1.0,1.0,0.5,weak_match
MOF_ACOVIB,ACOVIB,MONO_ACUZII01,ACUZII01,5,0.5875,1.0,0.25,0.25,0.0,1.0,1.0,0.5,weak_match
MOF_ACOVIB01,ACOVIB01,MONO_ACAKOF,ACAKOF,1,1.0,1.0,1.0,1.0,1.0,1.0,1.0,1.0,L3_collision
MOF_ACOVIB01,ACOVIB01,MONO_ACAKOF01,ACAKOF01,2,1.0,1.0,1.0,1.0,1.0,1.0,1.0,1.0,L3_collision
MOF_ACOVIB01,ACOVIB01,MONO_ACUZII,ACUZII,3,1.0,1.0,1.0,1.0,1.0,1.0,1.0,1.0,L3_collision
MOF_ACOVIB01,ACOVIB01,MONO_ACUZII01,ACUZII01,4,1.0,1.0,1.0,1.0,1.0,1.0,1.0,1.0,L3_collision
MOF_ACOVIB01,ACOVIB01,MONO_AGESOV,AGESOV,5,1.0,1.0,1.0,1.0,1.0,1.0,1.0,1.0,L3_collision
MOF_ACOVIB02,ACOVIB02,MONO_ACAKOF,ACAKOF,1,1.0,1.0,1.0,1.0,1.0,1.0,1.0,1.0,L3_collision
MOF_ACOVIB02,ACOVIB02,MONO_ACAKOF01,ACAKOF01,2,1.0,1.0,1.0,1.0,1.0,1.0,1.0,1.0,L3_collision
MOF_ACOVIB02,ACOVIB02,MONO_ACUZII,ACUZII,3,1.0,1.0,1.0,1.0,1.0,1.0,1.0,1.0,L3_collision
MOF_ACOVIB02,ACOVIB02,MONO_ACUZII01,ACUZII01,4,1.0,1.0,1.0,1.0,1.0,1.0,1.0,1.0,L3_collision
MOF_ACOVIB02,ACOVIB02,MONO_AGESOV,AGESOV,5,1.0,1.0,1.0,1.0,1.0,1.0,1.0,1.0,L3_collision
MOF_ACOVIX,ACOVIX,MULTI_ACISEO,ACISEO,1,0.4837,0.0,0.6667,0.7143,0.3333,0.575,0.75,0.5,no_match
MOF_ACOVIX,ACOVIX,MULTI_ABUHOY,ABUHOY,2,0.4767,0.0,0.5,0.8,0.6667,0.6667,0.6667,0.5,no_match
MOF_ACOVIX,ACOVIX,MULTI_ACAQRH10,ACAQRH10,3,0.4246,0.8,0.625,0.1333,0.3333,0.0,0,0.5,relaxed_donor_geometry_match
MOF_ACOVIX,ACOVIX,MULTI_AFEPEK,AFEPEK,4,0.4246,0.8,0.625,0.1333,0.3333,0.0,0,0.5,relaxed_donor_geometry_match
MOF_ACOVIX,ACOVIX,MULTI_AFEPIO,AFEPIO,5,0.4246,0.8,0.625,0.1333,0.3333,0.0,0,0.5,relaxed_donor_geometry_match
MOF_ACOVOH,ACOVOH,MONO_ABXALA,ABXALA,1,0.6306,0.8,0.7692,0.3667,0.0,1.0,0.4,0.5,bridge_topology_match
MOF_ACOVOH,ACOVOH,MONO_ABXALA01,ABXALA01,2,0.6306,0.8,0.7692,0.3667,0.0,1.0,0.4,0.5,bridge_topology_match
MOF_ACOVOH,ACOVOH,MONO_ACUGIP,ACUGIP,3,0.5688,0.8,0.5,0.3939,0.0,1.0,0.4,0.5,weak_match
MOF_ACOVOH,ACOVOH,MONO_ACUGOV,ACUGOV,4,0.5477,0.8,0.4375,0.3667,0.0,1.0,0.4,0.5,weak_match
MOF_ACOVOH,ACOVOH,MONO_ACUHAI,ACUHAI,5,0.5477,0.8,0.4375,0.3667,0.0,1.0,0.4,0.5,weak_match
MOF_ACOYAU,ACOYAU,MULTI_ABIXIT,ABIXIT,1,0.6108,0.2,0.8148,0.9444,0.6667,0.5983,0.5,0.5,weak_match
MOF_ACOYAU,ACOYAU,MULTI_ABIXOA,ABIXOA,2,0.5987,0.3,0.72,0.7778,0.6667,0.5983,0.7,0.5,weak_match
MOF_ACOYAU,ACOYAU,MULTI_ADOVEY,ADOVEY,3,0.598,0.2,0.88,0.8095,0.5714,0.4253,0.7,0.5,weak_match
MOF_ACOYAU,ACOYAU,MULTI_ABOYOJ,ABOYOJ,4,0.5882,0.3,0.7407,0.8095,0.5714,0.4253,0.7,0.5,weak_match
MOF_ACOYAU,ACOYAU,MULTI_ABUBAE,ABUBAE,5,0.5882,0.3,0.7407,0.8095,0.5714,0.4253,0.7,0.5,weak_match
MOF_ACOYEY,ACOYEY,MULTI_ABIFEA,ABIFEA,1,0.7361,1.0,0.4444,0.625,0.5,1.0,1.0,0.5,weak_match
MOF_ACOYEY,ACOYEY,MULTI_ABOZOH,ABOZOH,2,0.7,1.0,0.3,0.625,0.5,1.0,1.0,0.5,weak_match
MOF_ACOYEY,ACOYEY,MULTI_ABUYEC,ABUYEC,3,0.7,1.0,0.5,0.5,0.0,1.0,1.0,0.5,weak_match
MOF_ACOYEY,ACOYEY,MULTI_ACIFEY,ACIFEY,4,0.7,1.0,0.3,0.625,0.5,1.0,1.0,0.5,weak_match
MOF_ACOYEY,ACOYEY,MULTI_ACOGOP,ACOGOP,5,0.7,1.0,0.5,0.5,0.0,1.0,1.0,0.5,weak_match
MOF_ACOZAW,ACOZAW,MULTI_ABAXIL,ABAXIL,1,0.5004,0.3,0.7692,0.6905,0.0,0.0,0.7,0.5,weak_match
MOF_ACOZAW,ACOZAW,MULTI_AENNIC10,AENNIC10,2,0.4576,0.8,0.4,0.4524,0.1429,0.25,0.1,0.5,no_match
MOF_ACOZAW,ACOZAW,MULTI_AENNIB10,AENNIB10,3,0.4187,0.8,0.2222,0.4048,0.1429,0.5,0,0.5,no_match
MOF_ACOZAW,ACOZAW,MULTI_ABOCAW,ABOCAW,4,0.4119,0.8,0.3571,0.4524,0.1429,0.0,0,0.5,no_match
MOF_ACOZAW,ACOZAW,MULTI_AENNIC,AENNIC,5,0.4059,0.8,0.0455,0.5476,0.0,0.5,0.1,0.5,no_match
MOF_ACOZEA,ACOZEA,MULTI_ABAXIL,ABAXIL,1,0.4813,0.3,0.75,0.619,0.0,0.0,0.7,0.5,no_match
MOF_ACOZEA,ACOZEA,MULTI_AENNIC10,AENNIC10,2,0.4587,0.8,0.4615,0.381,0.1429,0.25,0.1,0.5,no_match
MOF_ACOZEA,ACOZEA,MULTI_AENNIC,AENNIC,3,0.437,0.8,0.0556,0.619,0.2857,0.5,0.1,0.5,no_match
MOF_ACOZEA,ACOZEA,MULTI_AENNIB,AENNIB,4,0.4175,0.8,0.0556,0.5714,0.2857,0.5,0,0.5,no_match
MOF_ACOZEA,ACOZEA,MULTI_AENNIB10,AENNIB10,5,0.414,0.8,0.2609,0.3333,0.1429,0.5,0,0.5,no_match
MOF_ACOZOH,ACOZOH,MULTI_ACRIDM,ACRIDM,1,0.675,1.0,0.4,0.625,0.5,1.0,0.5,0.5,weak_match
MOF_ACOZOH,ACOZOH,MULTI_ADHGND10,ADHGND10,2,0.6714,1.0,0.2857,0.625,0.0,1.0,1.0,0.5,weak_match
MOF_ACOZOH,ACOZOH,MULTI_ADMEHI,ADMEHI,3,0.6714,1.0,0.2857,0.625,0.0,1.0,1.0,0.5,weak_match
MOF_ACOZOH,ACOZOH,MONO_ACOMUD,ACOMUD,4,0.645,0.8,0.8,0.125,0.5,1.0,0.7,0.5,bridge_topology_match
MOF_ACOZOH,ACOZOH,MONO_AGEXES,AGEXES,5,0.645,0.8,0.8,0.125,0.5,1.0,0.7,0.5,bridge_topology_match
MOF_ACOZUN,ACOZUN,MULTI_ACRIDM,ACRIDM,1,0.675,1.0,0.4,0.625,0.5,1.0,0.5,0.5,weak_match
MOF_ACOZUN,ACOZUN,MULTI_ACNHGB,ACNHGB,2,0.6714,1.0,0.2857,0.625,0.0,1.0,1.0,0.5,weak_match
MOF_ACOZUN,ACOZUN,MULTI_ADHGND10,ADHGND10,3,0.6714,1.0,0.2857,0.625,0.0,1.0,1.0,0.5,weak_match
MOF_ACOZUN,ACOZUN,MULTI_ADMEHI,ADMEHI,4,0.6714,1.0,0.2857,0.625,0.0,1.0,1.0,0.5,weak_match
MOF_ACOZUN,ACOZUN,MONO_ACONEO,ACONEO,5,0.645,0.8,0.8,0.125,0.5,1.0,0.7,0.5,bridge_topology_match
MOF_ACPCRB,ACPCRB,MULTI_ACPCRA,ACPCRA,1,1.0,1.0,1.0,1.0,1.0,1.0,1.0,1.0,L3_collision
MOF_ACPCRB,ACPCRB,MULTI_ACETCR,ACETCR,2,0.8917,1.0,0.6667,1.0,1.0,1.0,1.0,0.5,relaxed_donor_geometry_match
MOF_ACPCRB,ACPCRB,MULTI_ACNCRF,ACNCRF,3,0.8321,1.0,0.4286,1.0,1.0,1.0,1.0,0.5,weak_match
MOF_ACPCRB,ACPCRB,MULTI_ACNCRA,ACNCRA,4,0.8258,1.0,0.5833,0.9,0.5,1.0,1.0,0.5,weak_match
MOF_ACPCRB,ACPCRB,MULTI_ACNCRC,ACNCRC,5,0.8258,1.0,0.5833,0.9,0.5,1.0,1.0,0.5,weak_match
MOF_ACPCRB01,ACPCRB01,MULTI_ACPCRA,ACPCRA,1,1.0,1.0,1.0,1.0,1.0,1.0,1.0,1.0,L3_collision
MOF_ACPCRB01,ACPCRB01,MULTI_ACETCR,ACETCR,2,0.8917,1.0,0.6667,1.0,1.0,1.0,1.0,0.5,relaxed_donor_geometry_match
MOF_ACPCRB01,ACPCRB01,MULTI_ACNCRF,ACNCRF,3,0.8321,1.0,0.4286,1.0,1.0,1.0,1.0,0.5,weak_match
MOF_ACPCRB01,ACPCRB01,MULTI_ACNCRA,ACNCRA,4,0.8258,1.0,0.5833,0.9,0.5,1.0,1.0,0.5,weak_match
MOF_ACPCRB01,ACPCRB01,MULTI_ACNCRC,ACNCRC,5,0.8258,1.0,0.5833,0.9,0.5,1.0,1.0,0.5,weak_match
MOF_ACPRCU,ACPRCU,MONO_ABOCUQ,ABOCUQ,1,1.0,1.0,1.0,1.0,1.0,1.0,1.0,1.0,L3_collision
MOF_ACPRCU,ACPRCU,MONO_ABUVOI,ABUVOI,2,1.0,1.0,1.0,1.0,1.0,1.0,1.0,1.0,L3_collision
MOF_ACPRCU,ACPRCU,MONO_ABYPCU,ABYPCU,3,1.0,1.0,1.0,1.0,1.0,1.0,1.0,1.0,L3_collision
MOF_ACPRCU,ACPRCU,MONO_ACADEP,ACADEP,4,1.0,1.0,1.0,1.0,1.0,1.0,1.0,1.0,L3_collision
MOF_ACPRCU,ACPRCU,MONO_ACADOZ,ACADOZ,5,1.0,1.0,1.0,1.0,1.0,1.0,1.0,1.0,L3_collision
MOF_ACRNCU,ACRNCU,MULTI_ABALUL,ABALUL,1,0.5667,1.0,0.3333,0.6667,0.0,0.25,0.5,0.5,weak_match
MOF_ACRNCU,ACRNCU,MULTI_ABUNER,ABUNER,2,0.5208,1.0,0.1765,0.4667,0.1667,0.0,1.0,0.5,weak_match
MOF_ACRNCU,ACRNCU,MULTI_ABOGIL,ABOGIL,3,0.5186,0.8,0.4545,0.5333,0.1667,0.25,0.4,0.5,weak_match
MOF_ACRNCU,ACRNCU,MULTI_ABOGEF,ABOGEF,4,0.4967,1.0,0.0,0.7333,0.1667,0.1667,0.5,0.5,no_match
MOF_ACRNCU,ACRNCU,MULTI_ABOFII,ABOFII,5,0.49,1.0,0.0,0.7,0.1667,0.1667,0.5,0.5,no_match
MOF_ACRNCU01,ACRNCU01,MULTI_ABALUL,ABALUL,1,0.5667,1.0,0.3333,0.6667,0.0,0.25,0.5,0.5,weak_match
MOF_ACRNCU01,ACRNCU01,MULTI_ABUNER,ABUNER,2,0.5208,1.0,0.1765,0.4667,0.1667,0.0,1.0,0.5,weak_match
MOF_ACRNCU01,ACRNCU01,MULTI_ABOGIL,ABOGIL,3,0.5186,0.8,0.4545,0.5333,0.1667,0.25,0.4,0.5,weak_match
MOF_ACRNCU01,ACRNCU01,MULTI_ABOGEF,ABOGEF,4,0.4967,1.0,0.0,0.7333,0.1667,0.1667,0.5,0.5,no_match
MOF_ACRNCU01,ACRNCU01,MULTI_ABOFII,ABOFII,5,0.49,1.0,0.0,0.7,0.1667,0.1667,0.5,0.5,no_match
MOF_ACUBOP,ACUBOP,MULTI_AFENUW,AFENUW,1,0.6748,0.8,0.6667,0.6071,0.5,0.6667,0.7,0.5,relaxed_donor_geometry_match
MOF_ACUBOP,ACUBOP,MULTI_AFEJAY,AFEJAY,2,0.6468,1.0,0.2727,0.8929,0.5,0.5,0.5,0.5,weak_match
MOF_ACUBOP,ACUBOP,MULTI_AFAVUA,AFAVUA,3,0.5942,0.8,0.6667,0.5,0.25,0.5,0.4,0.5,relaxed_donor_geometry_match
MOF_ACUBOP,ACUBOP,MULTI_ADCDNO10,ADCDNO10,4,0.582,0.8,0.6429,0.2812,0.0,1.0,0.4,0.5,relaxed_donor_geometry_match
MOF_ACUBOP,ACUBOP,MULTI_ACISEO,ACISEO,5,0.5506,0.8,0.4375,0.5476,0.6667,0.3333,0.4,0.5,weak_match
MOF_ACUBOP01,ACUBOP01,MULTI_AFENUW,AFENUW,1,0.6748,0.8,0.6667,0.6071,0.5,0.6667,0.7,0.5,relaxed_donor_geometry_match
MOF_ACUBOP01,ACUBOP01,MULTI_AFEJAY,AFEJAY,2,0.6468,1.0,0.2727,0.8929,0.5,0.5,0.5,0.5,weak_match
MOF_ACUBOP01,ACUBOP01,MULTI_AFAVUA,AFAVUA,3,0.5942,0.8,0.6667,0.5,0.25,0.5,0.4,0.5,relaxed_donor_geometry_match
MOF_ACUBOP01,ACUBOP01,MULTI_ADCDNO10,ADCDNO10,4,0.582,0.8,0.6429,0.2812,0.0,1.0,0.4,0.5,relaxed_donor_geometry_match
MOF_ACUBOP01,ACUBOP01,MULTI_ACISEO,ACISEO,5,0.5506,0.8,0.4375,0.5476,0.6667,0.3333,0.4,0.5,weak_match
MOF_ACUBOP02,ACUBOP02,MONO_ACAQOK,ACAQOK,1,0.9393,1.0,0.8571,1.0,1.0,1.0,1.0,0.5,bridge_topology_match
MOF_ACUBOP02,ACUBOP02,MONO_AGIQEQ,AGIQEQ,2,0.9393,1.0,0.8571,1.0,1.0,1.0,1.0,0.5,bridge_topology_match
MOF_ACUBOP02,ACUBOP02,MONO_ACUHUD,ACUHUD,3,0.9214,1.0,1.0,0.8571,0.0,1.0,1.0,1.0,bridge_topology_match
MOF_ACUBOP02,ACUBOP02,MONO_AFNICD,AFNICD,4,0.9214,1.0,1.0,0.8571,0.0,1.0,1.0,1.0,bridge_topology_match
MOF_ACUBOP02,ACUBOP02,MONO_AFNICD01,AFNICD01,5,0.9214,1.0,1.0,0.8571,0.0,1.0,1.0,1.0,bridge_topology_match
MOF_ACUBOP04,ACUBOP04,MONO_ACUHUD,ACUHUD,1,1.0,1.0,1.0,1.0,1.0,1.0,1.0,1.0,L3_collision
MOF_ACUBOP04,ACUBOP04,MONO_AFNICD,AFNICD,2,1.0,1.0,1.0,1.0,1.0,1.0,1.0,1.0,L3_collision
MOF_ACUBOP04,ACUBOP04,MONO_AFNICD01,AFNICD01,3,1.0,1.0,1.0,1.0,1.0,1.0,1.0,1.0,L3_collision
MOF_ACUBOP04,ACUBOP04,MONO_AFIBOH,AFIBOH,4,0.9036,1.0,0.7143,1.0,1.0,1.0,1.0,0.5,bridge_topology_match
MOF_ACUBOP04,ACUBOP04,MONO_ACAQOK,ACAQOK,5,0.8607,1.0,0.8571,0.8571,0.0,1.0,1.0,0.5,bridge_topology_match
MOF_ACUCAC,ACUCAC,MULTI_ACENOL,ACENOL,1,0.5934,0.8,0.8387,0.5,0.375,0.0,0.4,0.5,relaxed_donor_geometry_match
MOF_ACUCAC,ACUCAC,MULTI_ACEXUB,ACEXUB,2,0.5264,0.8,0.5806,0.1875,0.375,1.0,0,0.5,weak_match
MOF_ACUCAC,ACUCAC,MULTI_ACOQOY,ACOQOY,3,0.5097,0.8,0.1957,0.4792,0.0,1.0,0.4,0.5,weak_match
MOF_ACUCAC,ACUCAC,MULTI_ABIDOF,ABIDOF,4,0.4949,0.0,0.463,0.6458,0.5,1.0,1.0,0.5,no_match
MOF_ACUCAC,ACUCAC,MULTI_ABOKOT,ABOKOT,5,0.4801,0.8,0.3871,0.2292,0.25,1.0,0,0.5,no_match
MOF_ACUCEG,ACUCEG,MULTI_ABIFEA,ABIFEA,1,0.7361,1.0,0.4444,0.625,0.5,1.0,1.0,0.5,weak_match
MOF_ACUCEG,ACUCEG,MULTI_ABOZOH,ABOZOH,2,0.7,1.0,0.3,0.625,0.5,1.0,1.0,0.5,weak_match
MOF_ACUCEG,ACUCEG,MULTI_ABUYEC,ABUYEC,3,0.7,1.0,0.5,0.5,0.0,1.0,1.0,0.5,weak_match
MOF_ACUCEG,ACUCEG,MULTI_ACIFEY,ACIFEY,4,0.7,1.0,0.3,0.625,0.5,1.0,1.0,0.5,weak_match
MOF_ACUCEG,ACUCEG,MULTI_ACOGOP,ACOGOP,5,0.7,1.0,0.5,0.5,0.0,1.0,1.0,0.5,weak_match
MOF_ACUCIK,ACUCIK,MULTI_ABIFEA,ABIFEA,1,0.7361,1.0,0.4444,0.625,0.5,1.0,1.0,0.5,weak_match
MOF_ACUCIK,ACUCIK,MULTI_ABOZOH,ABOZOH,2,0.7,1.0,0.3,0.625,0.5,1.0,1.0,0.5,weak_match
MOF_ACUCIK,ACUCIK,MULTI_ABUYEC,ABUYEC,3,0.7,1.0,0.5,0.5,0.0,1.0,1.0,0.5,weak_match
MOF_ACUCIK,ACUCIK,MULTI_ACIFEY,ACIFEY,4,0.7,1.0,0.3,0.625,0.5,1.0,1.0,0.5,weak_match
MOF_ACUCIK,ACUCIK,MULTI_ACOGOP,ACOGOP,5,0.7,1.0,0.5,0.5,0.0,1.0,1.0,0.5,weak_match
MOF_ACUDAD,ACUDAD,MULTI_ACIMAB,ACIMAB,1,1.0,1.0,1.0,1.0,1.0,1.0,1.0,1.0,L3_collision
MOF_ACUDAD,ACUDAD,MULTI_AFAGUN,AFAGUN,2,1.0,1.0,1.0,1.0,1.0,1.0,1.0,1.0,L3_collision
MOF_ACUDAD,ACUDAD,MULTI_ABAMID,ABAMID,3,0.875,1.0,0.6,1.0,1.0,1.0,1.0,0.5,relaxed_donor_geometry_match
MOF_ACUDAD,ACUDAD,MULTI_ABEPIK,ABEPIK,4,0.875,1.0,0.6,1.0,1.0,1.0,1.0,0.5,relaxed_donor_geometry_match
MOF_ACUDAD,ACUDAD,MULTI_ACUFIQ,ACUFIQ,5,0.875,1.0,0.6,1.0,1.0,1.0,1.0,0.5,relaxed_donor_geometry_match
MOF_ACUDEJ,ACUDEJ,MULTI_ABUVIC,ABUVIC,1,0.7667,1.0,0.7,0.5833,0.0,1.0,1.0,0.5,bridge_topology_match
MOF_ACUDEJ,ACUDEJ,MULTI_ACOYID,ACOYID,2,0.7667,1.0,0.7,0.5833,0.0,1.0,1.0,0.5,bridge_topology_match
MOF_ACUDEJ,ACUDEJ,MULTI_ADAQCU,ADAQCU,3,0.7667,1.0,0.7,0.5833,0.0,1.0,1.0,0.5,bridge_topology_match
MOF_ACUDEJ,ACUDEJ,MULTI_ADILEE,ADILEE,4,0.7667,1.0,0.7,0.5833,0.0,1.0,1.0,0.5,bridge_topology_match
MOF_ACUDEJ,ACUDEJ,MULTI_ADILII,ADILII,5,0.7667,1.0,0.7,0.5833,0.0,1.0,1.0,0.5,bridge_topology_match
MOF_ACUDUZ,ACUDUZ,MULTI_ABADUF,ABADUF,1,0.5533,0.0,1.0,0.5,0.6667,0.5,0.7,1.0,weak_match
MOF_ACUDUZ,ACUDUZ,MULTI_AFASEF,AFASEF,2,0.545,0.3,0.5,0.625,0.5,1.0,0.7,0.5,weak_match
MOF_ACUDUZ,ACUDUZ,MULTI_ACAYAG,ACAYAG,3,0.4826,0.0,0.8571,0.5333,0.3333,0.5,0.7,0.5,no_match
MOF_ACUDUZ,ACUDUZ,MULTI_AETHNI,AETHNI,4,0.475,0.0,0.4,0.8333,0.6667,1.0,0.5,0.5,no_match
MOF_ACUDUZ,ACUDUZ,MULTI_ACOJOS,ACOJOS,5,0.47,0.0,1.0,0.5,0.0,0.0,0.7,1.0,no_match
MOF_ACUFAH,ACUFAH,MULTI_ABAMID,ABAMID,1,0.8125,1.0,0.75,0.75,0.0,1.0,1.0,0.5,bridge_topology_match
MOF_ACUFAH,ACUFAH,MULTI_ABEPIK,ABEPIK,2,0.8125,1.0,0.75,0.75,0.0,1.0,1.0,0.5,bridge_topology_match
MOF_ACUFAH,ACUFAH,MULTI_ACIMAB,ACIMAB,3,0.8125,1.0,0.75,0.75,0.0,1.0,1.0,0.5,bridge_topology_match
MOF_ACUFAH,ACUFAH,MULTI_ACUFIQ,ACUFIQ,4,0.8125,1.0,0.75,0.75,0.0,1.0,1.0,0.5,bridge_topology_match
MOF_ACUFAH,ACUFAH,MULTI_ACUFIQ01,ACUFIQ01,5,0.8125,1.0,0.75,0.75,0.0,1.0,1.0,0.5,bridge_topology_match
MOF_ACUFEK,ACUFEK,MULTI_ADELAY01,ADELAY01,1,0.4425,0.3,0.4444,0.8333,0.0,0.05,0.5968,0.5,no_match
MOF_ACUFEK,ACUFEK,MULTI_ABOCEA,ABOCEA,2,0.4378,0.0,0.7273,0.8333,0.0,0.0179,0.625,0.5,no_match
MOF_ACUFEK,ACUFEK,MULTI_ABOCIE,ABOCIE,3,0.4378,0.0,0.7273,0.8333,0.0,0.0179,0.625,0.5,no_match
MOF_ACUFEK,ACUFEK,MULTI_ADOSIZ,ADOSIZ,4,0.4378,0.0,0.7273,0.8333,0.0,0.0179,0.625,0.5,no_match
MOF_ACUFEK,ACUFEK,MULTI_ADOSOF,ADOSOF,5,0.4378,0.0,0.7273,0.8333,0.0,0.0179,0.625,0.5,no_match
MOF_ACUFEL,ACUFEL,MULTI_ADAWEK,ADAWEK,1,0.6667,1.0,0.3333,0.6667,0.5,1.0,0.5,0.5,weak_match
MOF_ACUFEL,ACUFEL,MULTI_AFAVUA,AFAVUA,2,0.5811,1.0,0.0909,0.9167,0.5,0.25,0.5,0.5,weak_match
MOF_ACUFEL,ACUFEL,MULTI_ADAWAG,ADAWAG,3,0.569,1.0,0.1429,0.6667,0.5,0.5,0.5,0.5,weak_match
MOF_ACUFEL,ACUFEL,MULTI_ADURIB,ADURIB,4,0.569,1.0,0.1429,0.6667,0.5,0.5,0.5,0.5,weak_match
MOF_ACUFEL,ACUFEL,MULTI_ABARUT,ABARUT,5,0.5646,1.0,0.125,0.6667,0.5,0.0,1.0,0.5,weak_match
MOF_ACUFOV,ACUFOV,MULTI_ABOWUL,ABOWUL,1,0.7667,1.0,0.7,0.5833,0.0,1.0,1.0,0.5,bridge_topology_match
MOF_ACUFOV,ACUFOV,MULTI_ABUYEC,ABUYEC,2,0.7667,1.0,0.7,0.5833,0.0,1.0,1.0,0.5,bridge_topology_match
MOF_ACUFOV,ACUFOV,MULTI_ACOGOP,ACOGOP,3,0.7667,1.0,0.7,0.5833,0.0,1.0,1.0,0.5,bridge_topology_match
MOF_ACUFOV,ACUFOV,MULTI_ADOMAL,ADOMAL,4,0.7667,1.0,0.7,0.5833,0.0,1.0,1.0,0.5,bridge_topology_match
MOF_ACUFOV,ACUFOV,MULTI_ADOTOE,ADOTOE,5,0.7667,1.0,0.7,0.5833,0.0,1.0,1.0,0.5,bridge_topology_match
MOF_ACUFUB,ACUFUB,MONO_ABZSGA,ABZSGA,1,0.6483,0.8,0.8,0.4167,0.0,1.0,0.4,0.5,bridge_topology_match
MOF_ACUFUB,ACUFUB,MONO_AFURIF,AFURIF,2,0.625,0.8,0.6667,0.4667,0.0,1.0,0.4,0.5,relaxed_donor_geometry_match
MOF_ACUFUB,ACUFUB,MONO_AFUSAY,AFUSAY,3,0.625,0.8,0.6667,0.4667,0.0,1.0,0.4,0.5,relaxed_donor_geometry_match
MOF_ACUFUB,ACUFUB,MULTI_ACUWAW,ACUWAW,4,0.6139,1.0,0.2222,0.6667,0.0,1.0,0.5,0.5,weak_match
MOF_ACUFUB,ACUFUB,MULTI_ADUSIB,ADUSIB,5,0.6012,0.8,0.625,0.25,0.0,1.0,0.7,0.5,relaxed_donor_geometry_match
MOF_ACUFUR,ACUFUR,MULTI_ACAGIV,ACAGIV,1,0.9036,1.0,0.7143,1.0,1.0,1.0,1.0,0.5,bridge_topology_match
MOF_ACUFUR,ACUFUR,MULTI_ACAGIV01,ACAGIV01,2,0.9036,1.0,0.7143,1.0,1.0,1.0,1.0,0.5,bridge_topology_match
MOF_ACUFUR,ACUFUR,MULTI_ACAGIV02,ACAGIV02,3,0.9036,1.0,0.7143,1.0,1.0,1.0,1.0,0.5,bridge_topology_match
MOF_ACUFUR,ACUFUR,MULTI_ADIECU,ADIECU,4,0.85,1.0,0.5,1.0,1.0,1.0,1.0,0.5,weak_match
MOF_ACUFUR,ACUFUR,MULTI_AFEGEY01,AFEGEY01,5,0.8083,1.0,0.3333,1.0,1.0,1.0,1.0,0.5,weak_match
MOF_ACUFUR01,ACUFUR01,MULTI_ACAGIV,ACAGIV,1,0.9036,1.0,0.7143,1.0,1.0,1.0,1.0,0.5,bridge_topology_match
MOF_ACUFUR01,ACUFUR01,MULTI_ACAGIV01,ACAGIV01,2,0.9036,1.0,0.7143,1.0,1.0,1.0,1.0,0.5,bridge_topology_match
MOF_ACUFUR01,ACUFUR01,MULTI_ACAGIV02,ACAGIV02,3,0.9036,1.0,0.7143,1.0,1.0,1.0,1.0,0.5,bridge_topology_match
MOF_ACUFUR01,ACUFUR01,MULTI_ADIECU,ADIECU,4,0.85,1.0,0.5,1.0,1.0,1.0,1.0,0.5,weak_match
MOF_ACUFUR01,ACUFUR01,MULTI_AFEGEY01,AFEGEY01,5,0.8083,1.0,0.3333,1.0,1.0,1.0,1.0,0.5,weak_match
MOF_ACUGEM,ACUGEM,MONO_AFAPUS,AFAPUS,1,1.0,1.0,1.0,1.0,1.0,1.0,1.0,1.0,L3_collision
MOF_ACUGEM,ACUGEM,MONO_AFAQAZ,AFAQAZ,2,1.0,1.0,1.0,1.0,1.0,1.0,1.0,1.0,L3_collision
MOF_ACUGEM,ACUGEM,MONO_AFAQAZ01,AFAQAZ01,3,1.0,1.0,1.0,1.0,1.0,1.0,1.0,1.0,L3_collision
MOF_ACUGEM,ACUGEM,MONO_AFAQAZ02,AFAQAZ02,4,1.0,1.0,1.0,1.0,1.0,1.0,1.0,1.0,L3_collision
MOF_ACUGEM,ACUGEM,MONO_AFIBOH,AFIBOH,5,0.9036,1.0,0.7143,1.0,1.0,1.0,1.0,0.5,bridge_topology_match
MOF_ACUGUD,ACUGUD,MONO_ABASAA,ABASAA,1,1.0,1.0,1.0,1.0,1.0,1.0,1.0,1.0,L3_collision
MOF_ACUGUD,ACUGUD,MONO_AEPYZN,AEPYZN,2,1.0,1.0,1.0,1.0,1.0,1.0,1.0,1.0,L3_collision
MOF_ACUGUD,ACUGUD,MONO_ABAJET,ABAJET,3,0.8917,1.0,0.6667,1.0,1.0,1.0,1.0,0.5,relaxed_donor_geometry_match
MOF_ACUGUD,ACUGUD,MONO_ADUGAK,ADUGAK,4,0.8917,1.0,0.6667,1.0,1.0,1.0,1.0,0.5,relaxed_donor_geometry_match
MOF_ACUGUD,ACUGUD,MONO_AEZNPB,AEZNPB,5,0.8917,1.0,0.6667,1.0,1.0,1.0,1.0,0.5,relaxed_donor_geometry_match
MOF_ACUHEO,ACUHEO,MULTI_ACACNI,ACACNI,1,0.8615,1.0,1.0,0.9444,0.6667,0.3929,0.5,1.0,relaxed_donor_geometry_match
MOF_ACUHEO,ACUHEO,MULTI_ACACNI01,ACACNI01,2,0.8615,1.0,1.0,0.9444,0.6667,0.3929,0.5,1.0,relaxed_donor_geometry_match
MOF_ACUHEO,ACUHEO,MULTI_ADERIK01,ADERIK01,3,0.8615,1.0,1.0,0.9444,0.6667,0.3929,0.5,1.0,relaxed_donor_geometry_match
MOF_ACUHEO,ACUHEO,MULTI_ACNIPC,ACNIPC,4,0.7256,0.8,1.0,0.6111,0.6667,0.0,0.7,1.0,relaxed_donor_geometry_match
MOF_ACUHEO,ACUHEO,MULTI_ACNIPC01,ACNIPC01,5,0.7256,0.8,1.0,0.6111,0.6667,0.0,0.7,1.0,relaxed_donor_geometry_match
MOF_ACUPEW,ACUPEW,MONO_ABUDOS,ABUDOS,1,0.77,0.8,1.0,0.5,0.0,1.0,0.7,1.0,bridge_topology_match
MOF_ACUPEW,ACUPEW,MONO_ADUGEO,ADUGEO,2,0.77,0.8,1.0,0.5,0.0,1.0,0.7,1.0,bridge_topology_match
MOF_ACUPEW,ACUPEW,MULTI_ABAWOP,ABAWOP,3,0.7333,1.0,0.5,0.6667,0.0,1.0,1.0,0.5,weak_match
MOF_ACUPEW,ACUPEW,MULTI_AFATIN,AFATIN,4,0.7333,1.0,0.5,0.6667,0.0,1.0,1.0,0.5,weak_match
MOF_ACUPEW,ACUPEW,MULTI_ABOBUO,ABOBUO,5,0.7071,1.0,0.4286,0.625,0.0,1.0,1.0,0.5,weak_match
MOF_ACUQEX,ACUQEX,MULTI_AFAJUP,AFAJUP,1,0.875,1.0,0.6,1.0,1.0,1.0,1.0,0.5,relaxed_donor_geometry_match
MOF_ACUQEX,ACUQEX,MULTI_AFAKEA,AFAKEA,2,0.875,1.0,0.6,1.0,1.0,1.0,1.0,0.5,relaxed_donor_geometry_match
MOF_ACUQEX,ACUQEX,MULTI_ADIXEQ,ADIXEQ,3,0.8083,1.0,0.3333,1.0,1.0,1.0,1.0,0.5,weak_match
MOF_ACUQEX,ACUQEX,MULTI_ABAJIZ,ABAJIZ,4,0.7607,1.0,0.1429,1.0,1.0,1.0,1.0,0.5,weak_match
MOF_ACUQEX,ACUQEX,MULTI_ABAKOG,ABAKOG,5,0.7607,1.0,0.1429,1.0,1.0,1.0,1.0,0.5,weak_match
MOF_ACUQUK,ACUQUK,MULTI_ADAGPC,ADAGPC,1,0.8375,1.0,0.75,0.75,0.5,1.0,1.0,0.5,bridge_topology_match
MOF_ACUQUK,ACUQUK,MULTI_ADIXIV,ADIXIV,2,0.8375,1.0,0.75,0.75,0.5,1.0,1.0,0.5,bridge_topology_match
MOF_ACUQUK,ACUQUK,MULTI_AFATOQ,AFATOQ,3,0.8375,1.0,0.75,0.75,0.5,1.0,1.0,0.5,bridge_topology_match
MOF_ACUQUK,ACUQUK,MULTI_ADECAO,ADECAO,4,0.7875,1.0,0.75,0.75,0.5,1.0,0.5,0.5,bridge_topology_match
MOF_ACUQUK,ACUQUK,MONO_ABEFEV,ABEFEV,5,0.7367,0.8,1.0,0.3333,0.0,1.0,0.7,1.0,bridge_topology_match
MOF_ACUQUK01,ACUQUK01,MULTI_ADAGPC,ADAGPC,1,0.8375,1.0,0.75,0.75,0.5,1.0,1.0,0.5,bridge_topology_match
MOF_ACUQUK01,ACUQUK01,MULTI_ADIXIV,ADIXIV,2,0.8375,1.0,0.75,0.75,0.5,1.0,1.0,0.5,bridge_topology_match
MOF_ACUQUK01,ACUQUK01,MULTI_AFATOQ,AFATOQ,3,0.8375,1.0,0.75,0.75,0.5,1.0,1.0,0.5,bridge_topology_match
MOF_ACUQUK01,ACUQUK01,MULTI_ADECAO,ADECAO,4,0.7875,1.0,0.75,0.75,0.5,1.0,0.5,0.5,bridge_topology_match
MOF_ACUQUK01,ACUQUK01,MONO_ABEFEV,ABEFEV,5,0.7367,0.8,1.0,0.3333,0.0,1.0,0.7,1.0,bridge_topology_match
MOF_ACUQUO,ACUQUO,MULTI_ABIDAR,ABIDAR,1,0.85,1.0,0.5,1.0,1.0,1.0,1.0,0.5,weak_match
MOF_ACUQUO,ACUQUO,MULTI_ABIDAR01,ABIDAR01,2,0.85,1.0,0.5,1.0,1.0,1.0,1.0,0.5,weak_match
MOF_ACUQUO,ACUQUO,MULTI_ABIDEV,ABIDEV,3,0.85,1.0,0.5,1.0,1.0,1.0,1.0,0.5,weak_match
MOF_ACUQUO,ACUQUO,MULTI_AFEJOL,AFEJOL,4,0.85,1.0,0.5,1.0,1.0,1.0,1.0,0.5,weak_match
MOF_ACUQUO,ACUQUO,MULTI_AFEPAG,AFEPAG,5,0.85,1.0,0.5,1.0,1.0,1.0,1.0,0.5,weak_match
MOF_ACURAR,ACURAR,MULTI_ADAGPC01,ADAGPC01,1,0.95,1.0,1.0,1.0,1.0,1.0,0.5,1.0,L3_collision
MOF_ACURAR,ACURAR,MULTI_ACUFIQ,ACUFIQ,2,0.8125,1.0,0.75,0.75,0.0,1.0,1.0,0.5,bridge_topology_match
MOF_ACURAR,ACURAR,MULTI_ACUFIQ01,ACUFIQ01,3,0.8125,1.0,0.75,0.75,0.0,1.0,1.0,0.5,bridge_topology_match
MOF_ACURAR,ACURAR,MULTI_ADAGPC,ADAGPC,4,0.775,1.0,0.6667,0.6667,0.0,1.0,1.0,0.5,relaxed_donor_geometry_match
MOF_ACURAR,ACURAR,MULTI_ADIXIV,ADIXIV,5,0.775,1.0,0.6667,0.6667,0.0,1.0,1.0,0.5,relaxed_donor_geometry_match
MOF_ACUREV,ACUREV,MULTI_ADAGPC,ADAGPC,1,1.0,1.0,1.0,1.0,1.0,1.0,1.0,1.0,L3_collision
MOF_ACUREV,ACUREV,MULTI_ADIXIV,ADIXIV,2,1.0,1.0,1.0,1.0,1.0,1.0,1.0,1.0,L3_collision
MOF_ACUREV,ACUREV,MULTI_AFATOQ,AFATOQ,3,1.0,1.0,1.0,1.0,1.0,1.0,1.0,1.0,L3_collision
MOF_ACUREV,ACUREV,MULTI_ADECAO,ADECAO,4,0.95,1.0,1.0,1.0,1.0,1.0,0.5,1.0,L3_collision
MOF_ACUREV,ACUREV,MONO_ABOSOZ,ABOSOZ,5,0.77,0.8,1.0,0.5,0.0,1.0,0.7,1.0,bridge_topology_match
MOF_ACUREY,ACUREY,MONO_ABIZAN,ABIZAN,1,1.0,1.0,1.0,1.0,1.0,1.0,1.0,1.0,L3_collision
MOF_ACUREY,ACUREY,MONO_ABOBAV,ABOBAV,2,1.0,1.0,1.0,1.0,1.0,1.0,1.0,1.0,L3_collision
MOF_ACUREY,ACUREY,MONO_ABUVUO,ABUVUO,3,1.0,1.0,1.0,1.0,1.0,1.0,1.0,1.0,L3_collision
MOF_ACUREY,ACUREY,MONO_ACANPI,ACANPI,4,1.0,1.0,1.0,1.0,1.0,1.0,1.0,1.0,L3_collision
MOF_ACUREY,ACUREY,MONO_ACAPNI,ACAPNI,5,1.0,1.0,1.0,1.0,1.0,1.0,1.0,1.0,L3_collision
MOF_ACURIC,ACURIC,MULTI_ABIDIZ,ABIDIZ,1,0.6865,0.0,0.8462,1.0,1.0,1.0,1.0,0.5,weak_match
MOF_ACURIC,ACURIC,MULTI_ABIDUL,ABIDUL,2,0.625,0.0,0.6,1.0,1.0,1.0,1.0,0.5,weak_match
MOF_ACURIC,ACURIC,MULTI_ABARUT,ABARUT,3,0.615,0.8,0.5,0.5,0.5,1.0,0.4,0.5,weak_match
MOF_ACURIC,ACURIC,MULTI_ABOJUW,ABOJUW,4,0.615,0.8,0.5,0.5,0.5,1.0,0.4,0.5,weak_match
MOF_ACURIC,ACURIC,MULTI_ABOLUA,ABOLUA,5,0.615,0.8,0.5,0.5,0.5,1.0,0.4,0.5,weak_match
MOF_ACURIZ,ACURIZ,MONO_ABOWOE,ABOWOE,1,1.0,1.0,1.0,1.0,1.0,1.0,1.0,1.0,L3_collision
MOF_ACURIZ,ACURIZ,MONO_ABUMUH,ABUMUH,2,1.0,1.0,1.0,1.0,1.0,1.0,1.0,1.0,L3_collision
MOF_ACURIZ,ACURIZ,MONO_AENAZN10,AENAZN10,3,1.0,1.0,1.0,1.0,1.0,1.0,1.0,1.0,L3_collision
MOF_ACURIZ,ACURIZ,MONO_AGIVIY,AGIVIY,4,1.0,1.0,1.0,1.0,1.0,1.0,1.0,1.0,L3_collision
MOF_ACURIZ,ACURIZ,MONO_ACIBUK,ACIBUK,5,0.9036,1.0,0.7143,1.0,1.0,1.0,1.0,0.5,bridge_topology_match
MOF_ACUROF,ACUROF,MONO_AFIBOH,AFIBOH,1,0.7033,0.8,1.0,0.1667,0.0,1.0,0.7,1.0,bridge_topology_match
MOF_ACUROF,ACUROF,MULTI_ABOJUW,ABOJUW,2,0.7,1.0,0.5,0.5,0.0,1.0,1.0,0.5,weak_match
MOF_ACUROF,ACUROF,MULTI_ABOLUA,ABOLUA,3,0.7,1.0,0.5,0.5,0.0,1.0,1.0,0.5,weak_match
MOF_ACUROF,ACUROF,MULTI_AFENUW,AFENUW,4,0.6756,0.8,1.0,0.4444,0.3333,0.0,0.7,1.0,relaxed_donor_geometry_match
MOF_ACUROF,ACUROF,MULTI_ABARUT,ABARUT,5,0.6712,1.0,0.3846,0.5,0.0,1.0,1.0,0.5,weak_match
MOF_ACURUL,ACURUL,MONO_ABZSGA,ABZSGA,1,1.0,1.0,1.0,1.0,1.0,1.0,1.0,1.0,L3_collision
MOF_ACURUL,ACURUL,MONO_AFUREB,AFUREB,2,0.875,1.0,0.6,1.0,1.0,1.0,1.0,0.5,relaxed_donor_geometry_match
MOF_ACURUL,ACURUL,MONO_AFURIF,AFURIF,3,0.835,1.0,0.8,0.8,0.0,1.0,1.0,0.5,bridge_topology_match
MOF_ACURUL,ACURUL,MONO_AFUSAY,AFUSAY,4,0.835,1.0,0.8,0.8,0.0,1.0,1.0,0.5,bridge_topology_match
MOF_ACURUL,ACURUL,MONO_ABOSOZ,ABOSOZ,5,0.8083,1.0,0.3333,1.0,1.0,1.0,1.0,0.5,weak_match
MOF_ACURUO,ACURUO,MULTI_ACISEO,ACISEO,1,0.5457,0.8,0.6087,0.1429,0.3333,0.8333,0.4,0.5,relaxed_donor_geometry_match
MOF_ACURUO,ACURUO,MULTI_ACACOH,ACACOH,2,0.5438,0.0,0.8696,0.8571,0.0,0.8,0.5,0.5,weak_match
MOF_ACURUO,ACURUO,MULTI_AFEGEZ,AFEGEZ,3,0.5422,0.8,0.6087,0.5,0.5,0.0,0.4,0.5,relaxed_donor_geometry_match
MOF_ACURUO,ACURUO,MULTI_ADCDNO10,ADCDNO10,4,0.5404,0.8,0.5417,0.5,0.0,0.4,0.4,0.5,weak_match
MOF_ACURUO,ACURUO,MULTI_ACINOQ,ACINOQ,5,0.5254,0.0,0.7826,0.8571,0.0,0.8333,0.5,0.5,weak_match
MOF_ACUSAV,ACUSAV,MULTI_ACISEO,ACISEO,1,0.712,1.0,0.5385,0.7619,0.6667,0.6667,0.5,0.5,weak_match
MOF_ACUSAV,ACUSAV,MULTI_ACENOL,ACENOL,2,0.5169,0.0,0.8571,0.7381,0.0,0.8,0.5,0.5,weak_match
MOF_ACUSAV,ACUSAV,MULTI_ADOXEY,ADOXEY,3,0.5167,0.0,0.9286,0.7143,0.0,0.6667,0.5,0.5,weak_match
MOF_ACUSAV,ACUSAV,MULTI_ABIXIT,ABIXIT,4,0.4935,0.0,0.963,0.6667,0.0,0.4444,0.5,0.5,no_match
MOF_ACUSAV,ACUSAV,MULTI_ADOVEY,ADOVEY,5,0.4845,0.0,0.9615,0.5918,0.0,0.3077,0.7,0.5,no_match
MOF_ACUSEZ,ACUSEZ,MULTI_ABIFEA,ABIFEA,1,0.725,1.0,0.4,1.0,1.0,0.0,1.0,0.5,weak_match
MOF_ACUSEZ,ACUSEZ,MULTI_ADUDAH,ADUDAH,2,0.7017,1.0,0.6667,0.8,0.0,0.5,0.5,0.5,relaxed_donor_geometry_match
MOF_ACUSEZ,ACUSEZ,MULTI_ABANAV,ABANAV,3,0.6975,1.0,0.75,0.8,0.0,0.25,0.5,0.5,relaxed_donor_geometry_match
MOF_ACUSEZ,ACUSEZ,MULTI_ACEQIL,ACEQIL,4,0.6975,1.0,0.75,0.8,0.0,0.25,0.5,0.5,relaxed_donor_geometry_match
MOF_ACUSEZ,ACUSEZ,MULTI_ABOWUL,ABOWUL,5,0.685,1.0,0.6,0.8,0.0,0.0,1.0,0.5,relaxed_donor_geometry_match
MOF_ACUSID,ACUSID,MULTI_ADCDNO10,ADCDNO10,1,0.5909,0.8,0.8235,0.5,0.0,0.2,0.4,0.5,relaxed_donor_geometry_match
MOF_ACUSID,ACUSID,MULTI_AFEGEZ,AFEGEZ,2,0.5479,0.8,0.6316,0.5,0.5,0.0,0.4,0.5,relaxed_donor_geometry_match
MOF_ACUSID,ACUSID,MULTI_ABOLUA,ABOLUA,3,0.5272,0.8,0.7059,0.4286,0.0,0.0,0.4,0.5,relaxed_donor_geometry_match
MOF_ACUSID,ACUSID,MULTI_ACISEO,ACISEO,4,0.5209,0.8,0.6316,0.1429,0.3333,0.5278,0.4,0.5,relaxed_donor_geometry_match
MOF_ACUSID,ACUSID,MULTI_ABOJUW,ABOJUW,5,0.5035,0.8,0.6111,0.4286,0.0,0.0,0.4,0.5,relaxed_donor_geometry_match
MOF_ACUTOI,ACUTOI,MULTI_ACISEO,ACISEO,1,0.6152,0.8,0.6667,0.6429,0.5,0.0,0.7,0.5,relaxed_donor_geometry_match
MOF_ACUTOI,ACUTOI,MULTI_AFEGEZ,AFEGEZ,2,0.5674,0.8,0.6667,0.2286,0.4,1.0,0.1,0.5,relaxed_donor_geometry_match
MOF_ACUTOI,ACUTOI,MULTI_ABOLUA,ABOLUA,3,0.5171,0.8,0.5,0.2857,0.0,1.0,0.1,0.5,weak_match
MOF_ACUTOI,ACUTOI,MULTI_ABUQUM,ABUQUM,4,0.5138,0.0,0.8636,0.5143,0.0,1.0,0.7,0.5,weak_match
MOF_ACUTOI,ACUTOI,MULTI_ABOZOI,ABOZOI,5,0.5075,0.0,0.5357,0.7429,0.0,1.0,1.0,0.5,weak_match
MOF_ACUWEA,ACUWEA,MONO_ACIGEA,ACIGEA,1,1.0,1.0,1.0,1.0,1.0,1.0,1.0,1.0,L3_collision
MOF_ACUWEA,ACUWEA,MONO_ABAMOJ,ABAMOJ,2,0.85,1.0,0.8333,0.8333,0.0,1.0,1.0,0.5,bridge_topology_match
MOF_ACUWEA,ACUWEA,MONO_ABASOM,ABASOM,3,0.85,1.0,0.5,1.0,1.0,1.0,1.0,0.5,weak_match
MOF_ACUWEA,ACUWEA,MONO_ABATAZ,ABATAZ,4,0.85,1.0,0.5,1.0,1.0,1.0,1.0,0.5,weak_match
MOF_ACUWEA,ACUWEA,MONO_ABCOPD,ABCOPD,5,0.85,1.0,0.5,1.0,1.0,1.0,1.0,0.5,weak_match
MOF_ACUWIE,ACUWIE,MULTI_ABAWUX,ABAWUX,1,0.7583,1.0,0.6,0.6667,0.0,1.0,1.0,0.5,relaxed_donor_geometry_match
MOF_ACUWIE,ACUWIE,MULTI_ABAXAE,ABAXAE,2,0.7583,1.0,0.6,0.6667,0.0,1.0,1.0,0.5,relaxed_donor_geometry_match
MOF_ACUWIE,ACUWIE,MULTI_ABOFAY,ABOFAY,3,0.7583,1.0,0.6,0.6667,0.0,1.0,1.0,0.5,relaxed_donor_geometry_match
MOF_ACUWIE,ACUWIE,MULTI_ACITEL,ACITEL,4,0.7583,1.0,0.6,0.6667,0.0,1.0,1.0,0.5,relaxed_donor_geometry_match
MOF_ACUWIE,ACUWIE,MULTI_ACITEL01,ACITEL01,5,0.7583,1.0,0.6,0.6667,0.0,1.0,1.0,0.5,relaxed_donor_geometry_match
MOF_ACUWIH,ACUWIH,MULTI_ABULAN,ABULAN,1,0.8,1.0,0.8,1.0,1.0,0.25,0.5,0.5,relaxed_donor_geometry_match
MOF_ACUWIH,ACUWIH,MULTI_ACSLMN,ACSLMN,2,0.8,1.0,0.8,1.0,1.0,0.25,0.5,0.5,relaxed_donor_geometry_match
MOF_ACUWIH,ACUWIH,MULTI_ABOLEK,ABOLEK,3,0.7417,1.0,0.8,0.8333,0.0,0.0,1.0,0.5,relaxed_donor_geometry_match
MOF_ACUWIH,ACUWIH,MULTI_ABIDAR,ABIDAR,4,0.7321,1.0,0.4286,1.0,1.0,0.0,1.0,0.5,weak_match
MOF_ACUWIH,ACUWIH,MULTI_ABIDAR01,ABIDAR01,5,0.7321,1.0,0.4286,1.0,1.0,0.0,1.0,0.5,weak_match
MOF_ACUWON,ACUWON,MULTI_ACICUM,ACICUM,1,0.8403,1.0,1.0,0.8889,0.3333,0.4583,0.5,1.0,relaxed_donor_geometry_match
MOF_ACUWON,ACUWON,MULTI_ACADCO,ACADCO,2,0.7917,1.0,0.6667,1.0,1.0,0.0,1.0,0.5,relaxed_donor_geometry_match
MOF_ACUWON,ACUWON,MULTI_ADAWOU,ADAWOU,3,0.7558,1.0,0.9231,0.8333,0.0,0.3333,0.5,0.5,relaxed_donor_geometry_match
MOF_ACUWON,ACUWON,MULTI_ABOLOU,ABOLOU,4,0.7367,0.8,1.0,0.6667,0.6667,0.0,0.7,1.0,relaxed_donor_geometry_match
MOF_ACUWON,ACUWON,MULTI_ADEGUN,ADEGUN,5,0.7367,0.8,1.0,0.6667,0.6667,0.0,0.7,1.0,relaxed_donor_geometry_match
MOF_ACUXAY,ACUXAY,MULTI_ADOXEY,ADOXEY,1,0.6581,0.8,0.7857,0.4762,0.4286,0.5,0.7,0.5,bridge_topology_match
MOF_ACUXAY,ACUXAY,MULTI_ACINOQ,ACINOQ,2,0.5295,0.8,0.8182,0.1429,0.4286,0.4,0.1,0.5,relaxed_donor_geometry_match
MOF_ACUXAY,ACUXAY,MULTI_ACINOQ01,ACINOQ01,3,0.5295,0.8,0.8182,0.1429,0.4286,0.4,0.1,0.5,relaxed_donor_geometry_match
MOF_ACUXAY,ACUXAY,MULTI_ACINUW,ACINUW,4,0.5229,0.8,0.8182,0.1429,0.4286,0.3333,0.1,0.5,relaxed_donor_geometry_match
MOF_ACUXAY,ACUXAY,MULTI_ACIPAE,ACIPAE,5,0.5229,0.8,0.8182,0.1429,0.4286,0.3333,0.1,0.5,relaxed_donor_geometry_match
MOF_ACUXAY01,ACUXAY01,MULTI_ACPYMN,ACPYMN,1,0.8104,1.0,0.875,1.0,1.0,0.1667,0.5,0.5,relaxed_donor_geometry_match
MOF_ACUXAY01,ACUXAY01,MULTI_ACSLMN,ACSLMN,2,0.7069,0.8,0.7143,0.6667,0.6667,0.6667,0.7,0.5,bridge_topology_match
MOF_ACUXAY01,ACUXAY01,MULTI_ACINOQ,ACINOQ,3,0.7002,0.8,0.6842,0.75,0.75,0.4667,0.7,0.5,relaxed_donor_geometry_match
MOF_ACUXAY01,ACUXAY01,MULTI_ACINOQ01,ACINOQ01,4,0.7002,0.8,0.6842,0.75,0.75,0.4667,0.7,0.5,relaxed_donor_geometry_match
MOF_ACUXAY01,ACUXAY01,MULTI_ACINUW,ACINUW,5,0.6928,0.8,0.6842,0.75,0.75,0.3929,0.7,0.5,relaxed_donor_geometry_match
MOF_ACUXEF,ACUXEF,MULTI_ABOCEA,ABOCEA,1,0.8536,0.8,0.975,0.9167,0.9167,0.8571,0.7,0.5,bridge_topology_match
MOF_ACUXEF,ACUXEF,MULTI_ABOCIE,ABOCIE,2,0.8536,0.8,0.975,0.9167,0.9167,0.8571,0.7,0.5,bridge_topology_match
MOF_ACUXEF,ACUXEF,MULTI_ADOSIZ,ADOSIZ,3,0.6536,0.0,0.975,0.9167,0.9167,0.8571,0.7,0.5,weak_match
MOF_ACUXEF,ACUXEF,MULTI_ADOSOF,ADOSOF,4,0.6536,0.0,0.975,0.9167,0.9167,0.8571,0.7,0.5,weak_match
MOF_ACUXEF,ACUXEF,MULTI_ACIJEE,ACIJEE,5,0.6501,0.0,0.9744,0.9167,0.9167,0.8236,0.7,0.5,weak_match
MOF_ACUXUU,ACUXUU,MULTI_ACTPAG,ACTPAG,1,0.7188,1.0,0.6154,0.875,0.5,0.4,0.5,0.5,relaxed_donor_geometry_match
MOF_ACUXUU,ACUXUU,MULTI_AFASEF,AFASEF,2,0.615,1.0,0.0,1.0,1.0,0.4,0.5,0.5,weak_match
MOF_ACUXUU,ACUXUU,MULTI_ACOCAX,ACOCAX,3,0.5817,1.0,0.2667,0.75,0.0,0.4,0.5,0.5,weak_match
MOF_ACUXUU,ACUXUU,MULTI_ACETCU,ACETCU,4,0.5556,0.0,0.6923,0.95,0.75,0.8,0.5,0.5,weak_match
MOF_ACUXUU,ACUXUU,MULTI_ACNSPT,ACNSPT,5,0.5057,0.0,0.6429,1.0,1.0,0.2,0.5,0.5,weak_match
MOF_ACUYAB,ACUYAB,MULTI_ACTPAG,ACTPAG,1,0.4694,0.8,0.4444,0.4583,0.1667,0.3333,0,0.5,no_match
MOF_ACUYAB,ACUYAB,MULTI_ACACNI,ACACNI,2,0.4504,0.0,0.8571,0.5556,0.0,1.0,0,0.5,no_match
MOF_ACUYAB,ACUYAB,MULTI_ACACNI01,ACACNI01,3,0.4504,0.0,0.8571,0.5556,0.0,1.0,0,0.5,no_match
MOF_ACUYAB,ACUYAB,MULTI_ADERIK01,ADERIK01,4,0.4504,0.0,0.8571,0.5556,0.0,1.0,0,0.5,no_match
MOF_ACUYAB,ACUYAB,MULTI_ACISEO,ACISEO,5,0.4292,0.0,0.75,0.6667,0.1667,0.75,0,0.5,no_match
MOF_ACYLAG,ACYLAG,MULTI_AFENOR,AFENOR,1,0.8083,1.0,0.3333,1.0,1.0,1.0,1.0,0.5,weak_match
MOF_ACYLAG,ACYLAG,MULTI_ACBDRH,ACBDRH,2,0.75,0.0,1.0,1.0,1.0,1.0,1.0,1.0,weak_match
MOF_ACYLAG,ACYLAG,MULTI_ACPMCR,ACPMCR,3,0.75,0.0,1.0,1.0,1.0,1.0,1.0,1.0,weak_match
MOF_ACYLAG,ACYLAG,MULTI_ADERIN,ADERIN,4,0.75,0.0,1.0,1.0,1.0,1.0,1.0,1.0,weak_match
MOF_ACYLAG,ACYLAG,MULTI_ADAGPC,ADAGPC,5,0.725,1.0,0.0,1.0,1.0,1.0,1.0,0.5,weak_match
MOF_ADABAK,ADABAK,MULTI_ADONIR,ADONIR,1,0.7317,1.0,0.5333,0.5333,0.3333,1.0,1.0,0.5,weak_match
MOF_ADABAK,ADABAK,MULTI_ABUNER,ABUNER,2,0.6866,1.0,0.3529,0.5333,0.3333,1.0,1.0,0.5,weak_match
MOF_ADABAK,ADABAK,MULTI_ACHISC10,ACHISC10,3,0.6572,0.8,0.8889,0.2667,0.3333,1.0,0.4,0.5,bridge_topology_match
MOF_ADABAK,ADABAK,MULTI_ABOZOI,ABOZOI,4,0.6508,0.8,0.5833,0.4667,0.3333,1.0,0.7,0.5,weak_match
MOF_ADABAK,ADABAK,MULTI_ABABOY,ABABOY,5,0.6267,0.8,0.5,0.6,0.3333,1.0,0.4,0.5,weak_match
MOF_ADABAK01,ADABAK01,MULTI_ABOZOI,ABOZOI,1,0.7534,1.0,0.5217,0.64,0.4,1.0,1.0,0.5,weak_match
MOF_ADABAK01,ADABAK01,MULTI_ACHISC10,ACHISC10,2,0.6756,0.8,0.7222,0.4,0.4,1.0,0.7,0.5,bridge_topology_match
MOF_ADABAK01,ADABAK01,MULTI_ADIMAB,ADIMAB,3,0.6415,0.8,0.65,0.32,0.4,1.0,0.7,0.5,relaxed_donor_geometry_match
MOF_ADABAK01,ADABAK01,MULTI_ABABOY,ABABOY,4,0.607,0.8,0.4,0.56,0.0,1.0,0.7,0.5,weak_match
MOF_ADABAK01,ADABAK01,MULTI_ADONIR,ADONIR,5,0.6067,0.8,0.4333,0.4333,0.3333,1.0,0.7,0.5,weak_match
MOF_ADABEO,ADABEO,MULTI_ABOZOI,ABOZOI,1,0.7534,1.0,0.5217,0.64,0.4,1.0,1.0,0.5,weak_match
MOF_ADABEO,ADABEO,MULTI_ACHISC10,ACHISC10,2,0.6756,0.8,0.7222,0.4,0.4,1.0,0.7,0.5,bridge_topology_match
MOF_ADABEO,ADABEO,MULTI_ADIMAB,ADIMAB,3,0.6415,0.8,0.65,0.32,0.4,1.0,0.7,0.5,relaxed_donor_geometry_match
MOF_ADABEO,ADABEO,MULTI_ABABOY,ABABOY,4,0.607,0.8,0.4,0.56,0.0,1.0,0.7,0.5,weak_match
MOF_ADABEO,ADABEO,MULTI_ADONIR,ADONIR,5,0.6067,0.8,0.4333,0.4333,0.3333,1.0,0.7,0.5,weak_match
MOF_ADABIS,ADABIS,MULTI_ADONIR,ADONIR,1,0.7317,1.0,0.5333,0.5333,0.3333,1.0,1.0,0.5,weak_match
MOF_ADABIS,ADABIS,MULTI_ABUNER,ABUNER,2,0.6866,1.0,0.3529,0.5333,0.3333,1.0,1.0,0.5,weak_match
MOF_ADABIS,ADABIS,MULTI_ACHISC10,ACHISC10,3,0.6572,0.8,0.8889,0.2667,0.3333,1.0,0.4,0.5,bridge_topology_match
MOF_ADABIS,ADABIS,MULTI_ABOZOI,ABOZOI,4,0.6508,0.8,0.5833,0.4667,0.3333,1.0,0.7,0.5,weak_match
MOF_ADABIS,ADABIS,MULTI_ABABOY,ABABOY,5,0.6267,0.8,0.5,0.6,0.3333,1.0,0.4,0.5,weak_match
MOF_ADABIU,ADABIU,MULTI_ACAJAQ,ACAJAQ,1,0.6658,0.8,0.9,0.5,0.0,0.4583,0.7,0.5,relaxed_donor_geometry_match
MOF_ADABIU,ADABIU,MONO_ACACZR,ACACZR,2,0.5706,0.8,0.8889,0.3333,0.3333,0.0,0.4,0.5,relaxed_donor_geometry_match
MOF_ADABIU,ADABIU,MONO_ACACZR01,ACACZR01,3,0.5706,0.8,0.8889,0.3333,0.3333,0.0,0.4,0.5,relaxed_donor_geometry_match
MOF_ADABIU,ADABIU,MONO_ACACZR03,ACACZR03,4,0.5706,0.8,0.8889,0.3333,0.3333,0.0,0.4,0.5,relaxed_donor_geometry_match
MOF_ADABIU,ADABIU,MONO_ACACZR04,ACACZR04,5,0.5706,0.8,0.8889,0.3333,0.3333,0.0,0.4,0.5,relaxed_donor_geometry_match
MOF_ADABOA,ADABOA,MULTI_ACAJAQ,ACAJAQ,1,0.72,0.8,1.0,0.5,0.0,0.5,0.7,1.0,bridge_topology_match
MOF_ADABOA,ADABOA,MULTI_ADOXOH,ADOXOH,2,0.55,1.0,0.0,0.875,0.0,0.0,1.0,0.5,weak_match
MOF_ADABOA,ADABOA,MONO_ACACZR,ACACZR,3,0.5483,0.8,0.8,0.3333,0.3333,0.0,0.4,0.5,relaxed_donor_geometry_match
MOF_ADABOA,ADABOA,MONO_ACACZR01,ACACZR01,4,0.5483,0.8,0.8,0.3333,0.3333,0.0,0.4,0.5,relaxed_donor_geometry_match
MOF_ADABOA,ADABOA,MONO_ACACZR03,ACACZR03,5,0.5483,0.8,0.8,0.3333,0.3333,0.0,0.4,0.5,relaxed_donor_geometry_match
MOF_ADABUE,ADABUE,MULTI_ADONIR,ADONIR,1,0.7317,1.0,0.5333,0.5333,0.3333,1.0,1.0,0.5,weak_match
MOF_ADABUE,ADABUE,MULTI_ABUNER,ABUNER,2,0.6866,1.0,0.3529,0.5333,0.3333,1.0,1.0,0.5,weak_match
MOF_ADABUE,ADABUE,MULTI_ACHISC10,ACHISC10,3,0.6572,0.8,0.8889,0.2667,0.3333,1.0,0.4,0.5,bridge_topology_match
MOF_ADABUE,ADABUE,MULTI_ABOZOI,ABOZOI,4,0.6508,0.8,0.5833,0.4667,0.3333,1.0,0.7,0.5,weak_match
MOF_ADABUE,ADABUE,MULTI_ABABOY,ABABOY,5,0.6267,0.8,0.5,0.6,0.3333,1.0,0.4,0.5,weak_match
MOF_ADABUG,ADABUG,MULTI_ACAJAQ,ACAJAQ,1,0.6658,0.8,0.9,0.5,0.0,0.4583,0.7,0.5,relaxed_donor_geometry_match
MOF_ADABUG,ADABUG,MONO_ACACZR,ACACZR,2,0.5706,0.8,0.8889,0.3333,0.3333,0.0,0.4,0.5,relaxed_donor_geometry_match
MOF_ADABUG,ADABUG,MONO_ACACZR01,ACACZR01,3,0.5706,0.8,0.8889,0.3333,0.3333,0.0,0.4,0.5,relaxed_donor_geometry_match
MOF_ADABUG,ADABUG,MONO_ACACZR03,ACACZR03,4,0.5706,0.8,0.8889,0.3333,0.3333,0.0,0.4,0.5,relaxed_donor_geometry_match
MOF_ADABUG,ADABUG,MONO_ACACZR04,ACACZR04,5,0.5706,0.8,0.8889,0.3333,0.3333,0.0,0.4,0.5,relaxed_donor_geometry_match
MOF_ADADEP,ADADEP,MONO_ABURAU01,ABURAU01,1,1.0,1.0,1.0,1.0,1.0,1.0,1.0,1.0,L3_collision
MOF_ADADEP,ADADEP,MONO_ABUSAV,ABUSAV,2,1.0,1.0,1.0,1.0,1.0,1.0,1.0,1.0,L3_collision
MOF_ADADEP,ADADEP,MONO_ABUVOM,ABUVOM,3,1.0,1.0,1.0,1.0,1.0,1.0,1.0,1.0,L3_collision
MOF_ADADEP,ADADEP,MONO_ACENNI,ACENNI,4,1.0,1.0,1.0,1.0,1.0,1.0,1.0,1.0,L3_collision
MOF_ADADEP,ADADEP,MONO_ACPXNI,ACPXNI,5,1.0,1.0,1.0,1.0,1.0,1.0,1.0,1.0,L3_collision
MOF_ADADIT,ADADIT,MONO_ABURAU01,ABURAU01,1,1.0,1.0,1.0,1.0,1.0,1.0,1.0,1.0,L3_collision
MOF_ADADIT,ADADIT,MONO_ABUSAV,ABUSAV,2,1.0,1.0,1.0,1.0,1.0,1.0,1.0,1.0,L3_collision
MOF_ADADIT,ADADIT,MONO_ABUVOM,ABUVOM,3,1.0,1.0,1.0,1.0,1.0,1.0,1.0,1.0,L3_collision
MOF_ADADIT,ADADIT,MONO_ACENNI,ACENNI,4,1.0,1.0,1.0,1.0,1.0,1.0,1.0,1.0,L3_collision
MOF_ADADIT,ADADIT,MONO_ACPXNI,ACPXNI,5,1.0,1.0,1.0,1.0,1.0,1.0,1.0,1.0,L3_collision
MOF_ADADOZ,ADADOZ,MONO_ABOSOZ,ABOSOZ,1,1.0,1.0,1.0,1.0,1.0,1.0,1.0,1.0,L3_collision
MOF_ADADOZ,ADADOZ,MONO_ABOSOZ01,ABOSOZ01,2,1.0,1.0,1.0,1.0,1.0,1.0,1.0,1.0,L3_collision
MOF_ADADOZ,ADADOZ,MONO_ADASOQ,ADASOQ,3,1.0,1.0,1.0,1.0,1.0,1.0,1.0,1.0,L3_collision
MOF_ADADOZ,ADADOZ,MONO_AFUREB,AFUREB,4,0.875,1.0,0.6,1.0,1.0,1.0,1.0,0.5,relaxed_donor_geometry_match
MOF_ADADOZ,ADADOZ,MONO_ABEFEV,ABEFEV,5,0.8125,1.0,0.75,0.75,0.0,1.0,1.0,0.5,bridge_topology_match
MOF_ADAFAN,ADAFAN,MULTI_ACHYZN,ACHYZN,1,0.9036,1.0,0.7143,1.0,1.0,1.0,1.0,0.5,bridge_topology_match
MOF_ADAFAN,ADAFAN,MULTI_ABOKOT,ABOKOT,2,0.85,1.0,0.5,1.0,1.0,1.0,1.0,0.5,weak_match
MOF_ADAFAN,ADAFAN,MULTI_ACOGIJ,ACOGIJ,3,0.85,1.0,0.5,1.0,1.0,1.0,1.0,0.5,weak_match
MOF_ADAFAN,ADAFAN,MULTI_ACOGIJ01,ACOGIJ01,4,0.85,1.0,0.5,1.0,1.0,1.0,1.0,0.5,weak_match
MOF_ADAFAN,ADAFAN,MULTI_ACOVET,ACOVET,5,0.85,1.0,0.5,1.0,1.0,1.0,1.0,0.5,weak_match
MOF_ADAFAN01,ADAFAN01,MULTI_ACHYZN,ACHYZN,1,0.9036,1.0,0.7143,1.0,1.0,1.0,1.0,0.5,bridge_topology_match
MOF_ADAFAN01,ADAFAN01,MULTI_ABOKOT,ABOKOT,2,0.85,1.0,0.5,1.0,1.0,1.0,1.0,0.5,weak_match
MOF_ADAFAN01,ADAFAN01,MULTI_ACOGIJ,ACOGIJ,3,0.85,1.0,0.5,1.0,1.0,1.0,1.0,0.5,weak_match
MOF_ADAFAN01,ADAFAN01,MULTI_ACOGIJ01,ACOGIJ01,4,0.85,1.0,0.5,1.0,1.0,1.0,1.0,0.5,weak_match
MOF_ADAFAN01,ADAFAN01,MULTI_ACOVET,ACOVET,5,0.85,1.0,0.5,1.0,1.0,1.0,1.0,0.5,weak_match
MOF_ADAFER,ADAFER,MULTI_ACNSPT,ACNSPT,1,0.491,0.3,0.5,0.68,0.2,0.5,0.7,0.5,no_match
MOF_ADAFER,ADAFER,MULTI_ADOLIR,ADOLIR,2,0.4745,0.0,0.75,0.76,0.8,0.0,0.7,0.5,no_match
MOF_ADAFER,ADAFER,MULTI_AEIBCU,AEIBCU,3,0.4716,0.0,0.5385,0.76,0.8,0.5,0.7,0.5,no_match
MOF_ADAFER,ADAFER,MULTI_ADIZIX,ADIZIX,4,0.4703,0.0,0.3333,0.76,0.8,1.0,0.7,0.5,no_match
MOF_ADAFER,ADAFER,MULTI_ABOZOI,ABOZOI,5,0.4621,0.0,0.6923,0.92,0.6,0.0,0.5,0.5,no_match
MOF_ADAFIV,ADAFIV,MULTI_ABUMAP,ABUMAP,1,0.5541,0.8,0.6364,0.6,0.2,0.0,0.4,0.5,relaxed_donor_geometry_match
MOF_ADAFIV,ADAFIV,MULTI_ADOLIR,ADOLIR,2,0.4745,0.0,0.75,0.76,0.8,0.0,0.7,0.5,no_match
MOF_ADAFIV,ADAFIV,MULTI_AEIBCU,AEIBCU,3,0.4716,0.0,0.5385,0.76,0.8,0.5,0.7,0.5,no_match
MOF_ADAFIV,ADAFIV,MULTI_ADIZIX,ADIZIX,4,0.4703,0.0,0.3333,0.76,0.8,1.0,0.7,0.5,no_match
MOF_ADAFIV,ADAFIV,MULTI_ABOZOI,ABOZOI,5,0.4621,0.0,0.6923,0.92,0.6,0.0,0.5,0.5,no_match
MOF_ADAFOB,ADAFOB,MULTI_ABUMAP,ABUMAP,1,0.545,0.8,0.6667,0.4667,0.4,0.0,0.4,0.5,relaxed_donor_geometry_match
MOF_ADAFOB,ADAFOB,MULTI_ADACAJ,ADACAJ,2,0.4517,0.0,0.6667,0.6,0.4,0.5,0.7,0.5,no_match
MOF_ADAFOB,ADAFOB,MULTI_ACABAH,ACABAH,3,0.4319,0.0,0.6875,0.6,0.4,0.25,0.7,0.5,no_match
MOF_ADAFOB,ADAFOB,MULTI_ACETCU,ACETCU,4,0.4308,0.0,0.6111,0.64,0.6,0.25,0.7,0.5,no_match
MOF_ADAFOB,ADAFOB,MULTI_ACIGAW,ACIGAW,5,0.4166,0.0,0.5263,0.6,0.6,0.4,0.7,0.5,no_match
MOF_ADALID,ADALID,MULTI_ADONIR,ADONIR,1,0.6688,1.0,0.375,1.0,1.0,0.0,0.5,0.5,weak_match
MOF_ADALID,ADALID,MULTI_ABUQUM,ABUQUM,2,0.6067,0.8,0.7,0.6667,0.6667,0.0,0.4,0.5,relaxed_donor_geometry_match
MOF_ADALID,ADALID,MULTI_ADAJUL,ADAJUL,3,0.5983,0.8,0.7778,0.6111,0.0,0.1667,0.4,0.5,relaxed_donor_geometry_match
MOF_ADALID,ADALID,MULTI_ABAYOR,ABAYOR,4,0.5961,0.8,0.7778,0.6,0.3333,0.0,0.4,0.5,relaxed_donor_geometry_match
MOF_ADALID,ADALID,MULTI_ABOZOI,ABOZOI,5,0.5833,0.8,0.5,0.7333,0.3333,0.0,0.7,0.5,weak_match
MOF_ADAMIC,ADAMIC,MULTI_ABOLIO,ABOLIO,1,0.8083,1.0,0.8,0.6667,0.0,1.0,1.0,0.5,bridge_topology_match
MOF_ADAMIC,ADAMIC,MULTI_ACAPCU01,ACAPCU01,2,0.8083,1.0,0.8,0.6667,0.0,1.0,1.0,0.5,bridge_topology_match
MOF_ADAMIC,ADAMIC,MULTI_ACIDEX,ACIDEX,3,0.8083,1.0,0.8,0.6667,0.0,1.0,1.0,0.5,bridge_topology_match
MOF_ADAMIC,ADAMIC,MULTI_AFAVAE,AFAVAE,4,0.8083,1.0,0.8,0.6667,0.0,1.0,1.0,0.5,bridge_topology_match
MOF_ADAMIC,ADAMIC,MULTI_AFEQAG,AFEQAG,5,0.8083,1.0,0.8,0.6667,0.0,1.0,1.0,0.5,bridge_topology_match
MOF_ADAQAA,ADAQAA,MULTI_ACAJAQ,ACAJAQ,1,0.6367,0.8,0.8333,0.5,0.0,0.3333,0.7,0.5,relaxed_donor_geometry_match
MOF_ADAQAA,ADAQAA,MULTI_ACACNI,ACACNI,2,0.56,0.0,1.0,0.75,0.0,0.6,0.5,1.0,weak_match
MOF_ADAQAA,ADAQAA,MULTI_ACACNI01,ACACNI01,3,0.56,0.0,1.0,0.75,0.0,0.6,0.5,1.0,weak_match
MOF_ADAQAA,ADAQAA,MULTI_ADERIK01,ADERIK01,4,0.56,0.0,1.0,0.75,0.0,0.6,0.5,1.0,weak_match
MOF_ADAQAA,ADAQAA,MULTI_ADOXOH,ADOXOH,5,0.55,1.0,0.0,0.875,0.0,0.0,1.0,0.5,weak_match
MOF_ADAQEB,ADAQEB,MULTI_ABAWUX,ABAWUX,1,0.8104,1.0,0.875,0.5833,0.0,1.0,1.0,0.5,bridge_topology_match
MOF_ADAQEB,ADAQEB,MULTI_ABAXAE,ABAXAE,2,0.8104,1.0,0.875,0.5833,0.0,1.0,1.0,0.5,bridge_topology_match
MOF_ADAQEB,ADAQEB,MULTI_ABOFAY,ABOFAY,3,0.8104,1.0,0.875,0.5833,0.0,1.0,1.0,0.5,bridge_topology_match
MOF_ADAQEB,ADAQEB,MULTI_ACITEL,ACITEL,4,0.8104,1.0,0.875,0.5833,0.0,1.0,1.0,0.5,bridge_topology_match
MOF_ADAQEB,ADAQEB,MULTI_ACITEL01,ACITEL01,5,0.8104,1.0,0.875,0.5833,0.0,1.0,1.0,0.5,bridge_topology_match
MOF_ADAQEB01,ADAQEB01,MULTI_ABAWUX,ABAWUX,1,0.8104,1.0,0.875,0.5833,0.0,1.0,1.0,0.5,bridge_topology_match
MOF_ADAQEB01,ADAQEB01,MULTI_ABAXAE,ABAXAE,2,0.8104,1.0,0.875,0.5833,0.0,1.0,1.0,0.5,bridge_topology_match
MOF_ADAQEB01,ADAQEB01,MULTI_ABOFAY,ABOFAY,3,0.8104,1.0,0.875,0.5833,0.0,1.0,1.0,0.5,bridge_topology_match
MOF_ADAQEB01,ADAQEB01,MULTI_ACITEL,ACITEL,4,0.8104,1.0,0.875,0.5833,0.0,1.0,1.0,0.5,bridge_topology_match
MOF_ADAQEB01,ADAQEB01,MULTI_ACITEL01,ACITEL01,5,0.8104,1.0,0.875,0.5833,0.0,1.0,1.0,0.5,bridge_topology_match
MOF_ADAQII,ADAQII,MONO_ABZSGA,ABZSGA,1,0.9125,1.0,0.75,1.0,1.0,1.0,1.0,0.5,bridge_topology_match
MOF_ADAQII,ADAQII,MONO_ACPSAG,ACPSAG,2,0.825,1.0,0.4,1.0,1.0,1.0,1.0,0.5,weak_match
MOF_ADAQII,ADAQII,MONO_ADUQEV,ADUQEV,3,0.825,1.0,0.4,1.0,1.0,1.0,1.0,0.5,weak_match
MOF_ADAQII,ADAQII,MONO_ADUROG,ADUROG,4,0.825,1.0,0.4,1.0,1.0,1.0,1.0,0.5,weak_match
MOF_ADAQII,ADAQII,MONO_ADURUM,ADURUM,5,0.825,1.0,0.4,1.0,1.0,1.0,1.0,0.5,weak_match
MOF_ADARAA,ADARAA,MULTI_ADIDAW,ADIDAW,1,0.6141,1.0,0.6562,0.4792,0.25,0.1667,0.5,0.5,relaxed_donor_geometry_match
MOF_ADARAA,ADARAA,MULTI_ACANOJ,ACANOJ,2,0.5683,0.8,0.6176,0.4444,0.3333,0.1333,0.7,0.5,relaxed_donor_geometry_match
MOF_ADARAA,ADARAA,MULTI_ADAWUA,ADAWUA,3,0.5539,0.8,0.8571,0.2292,0.375,0.5,0,0.5,bridge_topology_match
MOF_ADARAA,ADARAA,MULTI_ADAWOU,ADAWOU,4,0.5527,0.8,0.619,0.3333,0.125,1.0,0,0.5,relaxed_donor_geometry_match
MOF_ADARAA,ADARAA,MULTI_ACHACO,ACHACO,5,0.5274,0.8,0.4762,0.3542,0.25,1.0,0,0.5,weak_match
MOF_ADARAC,ADARAC,MULTI_ABOYEZ,ABOYEZ,1,0.69,0.3,0.9487,0.9,0.9,0.5786,0.7,0.5,weak_match
MOF_ADARAC,ADARAC,MULTI_ABOYID,ABOYID,2,0.69,0.3,0.9487,0.9,0.9,0.5786,0.7,0.5,weak_match
MOF_ADARAC,ADARAC,MULTI_ABOZOK,ABOZOK,3,0.6684,0.3,0.8421,1.0,1.0,0.5786,0.5,0.5,weak_match
MOF_ADARAC,ADARAC,MULTI_ABOZUQ,ABOZUQ,4,0.6684,0.3,0.8421,1.0,1.0,0.5786,0.5,0.5,weak_match
MOF_ADARAC,ADARAC,MULTI_ABOYUP,ABOYUP,5,0.665,0.3,0.7179,0.8889,0.8889,0.9333,0.7,0.5,weak_match
MOF_ADASEF,ADASEF,MULTI_ADELAY01,ADELAY01,1,0.5465,0.3,0.85,0.8056,0.1667,0.1455,0.5,0.5,weak_match
MOF_ADASEF,ADASEF,MULTI_ADEKUR,ADEKUR,2,0.4715,0.0,0.85,0.8056,0.1667,0.1455,0.5,0.5,no_match
MOF_ADASEF,ADASEF,MULTI_ACALOH,ACALOH,3,0.4647,0.0,0.95,0.6667,0.1667,0.2054,0.4,0.5,no_match
MOF_ADASEF,ADASEF,MULTI_ADAJUL,ADAJUL,4,0.449,0.8,0.4737,0.3611,0.0,0.3333,0,0.5,no_match
MOF_ADASEF,ADASEF,MULTI_ACAPEB,ACAPEB,5,0.4473,0.0,0.8571,0.6944,0.3333,0.125,0.4,0.5,no_match
MOF_ADASUW,ADASUW,MONO_AFUREB,AFUREB,1,1.0,1.0,1.0,1.0,1.0,1.0,1.0,1.0,L3_collision
MOF_ADASUW,ADASUW,MONO_ABOSOZ,ABOSOZ,2,0.875,1.0,0.6,1.0,1.0,1.0,1.0,0.5,relaxed_donor_geometry_match
MOF_ADASUW,ADASUW,MONO_ABOSOZ01,ABOSOZ01,3,0.875,1.0,0.6,1.0,1.0,1.0,1.0,0.5,relaxed_donor_geometry_match
MOF_ADASUW,ADASUW,MONO_ABZSGA,ABZSGA,4,0.875,1.0,0.6,1.0,1.0,1.0,1.0,0.5,relaxed_donor_geometry_match
MOF_ADASUW,ADASUW,MONO_ADASOQ,ADASOQ,5,0.875,1.0,0.6,1.0,1.0,1.0,1.0,0.5,relaxed_donor_geometry_match
MOF_ADATAD,ADATAD,MONO_ABEFEV,ABEFEV,1,1.0,1.0,1.0,1.0,1.0,1.0,1.0,1.0,L3_collision
MOF_ADATAD,ADATAD,MONO_ABEFIZ,ABEFIZ,2,1.0,1.0,1.0,1.0,1.0,1.0,1.0,1.0,L3_collision
MOF_ADATAD,ADATAD,MONO_ABEFOF,ABEFOF,3,1.0,1.0,1.0,1.0,1.0,1.0,1.0,1.0,L3_collision
MOF_ADATAD,ADATAD,MONO_ABEGEW,ABEGEW,4,1.0,1.0,1.0,1.0,1.0,1.0,1.0,1.0,L3_collision
MOF_ADATAD,ADATAD,MONO_ABEHAT,ABEHAT,5,1.0,1.0,1.0,1.0,1.0,1.0,1.0,1.0,L3_collision
MOF_ADATEH,ADATEH,MONO_ABEFEV,ABEFEV,1,1.0,1.0,1.0,1.0,1.0,1.0,1.0,1.0,L3_collision
MOF_ADATEH,ADATEH,MONO_ABEFIZ,ABEFIZ,2,1.0,1.0,1.0,1.0,1.0,1.0,1.0,1.0,L3_collision
MOF_ADATEH,ADATEH,MONO_ABEFOF,ABEFOF,3,1.0,1.0,1.0,1.0,1.0,1.0,1.0,1.0,L3_collision
MOF_ADATEH,ADATEH,MONO_ABEGEW,ABEGEW,4,1.0,1.0,1.0,1.0,1.0,1.0,1.0,1.0,L3_collision
MOF_ADATEH,ADATEH,MONO_ABEHAT,ABEHAT,5,1.0,1.0,1.0,1.0,1.0,1.0,1.0,1.0,L3_collision
MOF_ADATOQ,ADATOQ,MULTI_ACIMAB,ACIMAB,1,0.7367,0.8,1.0,0.6667,0.6667,0.0,0.7,1.0,relaxed_donor_geometry_match
MOF_ADATOQ,ADATOQ,MULTI_AFAGUN,AFAGUN,2,0.7367,0.8,1.0,0.6667,0.6667,0.0,0.7,1.0,relaxed_donor_geometry_match
MOF_ADATOQ,ADATOQ,MULTI_ACUWAW,ACUWAW,3,0.6125,1.0,0.75,0.5,0.0,0.0,0.5,0.5,relaxed_donor_geometry_match
MOF_ADATOQ,ADATOQ,MULTI_ABAMID,ABAMID,4,0.6117,0.8,0.6,0.6667,0.6667,0.0,0.7,0.5,relaxed_donor_geometry_match
MOF_ADATOQ,ADATOQ,MULTI_ABEPIK,ABEPIK,5,0.6117,0.8,0.6,0.6667,0.6667,0.0,0.7,0.5,relaxed_donor_geometry_match
MOF_ADATUW,ADATUW,MULTI_ACUWAW,ACUWAW,1,0.8125,1.0,0.75,0.8333,0.6667,1.0,0.5,0.5,bridge_topology_match
MOF_ADATUW,ADATUW,MULTI_ACIMAB,ACIMAB,2,0.7533,0.8,1.0,0.3333,0.3333,1.0,0.7,1.0,bridge_topology_match
MOF_ADATUW,ADATUW,MULTI_AFAGUN,AFAGUN,3,0.7533,0.8,1.0,0.3333,0.3333,1.0,0.7,1.0,bridge_topology_match
MOF_ADATUW,ADATUW,MULTI_ADUXOP,ADUXOP,4,0.75,0.0,1.0,1.0,1.0,1.0,1.0,1.0,weak_match
MOF_ADATUW,ADATUW,MULTI_AFAFEV,AFAFEV,5,0.75,0.0,1.0,1.0,1.0,1.0,1.0,1.0,weak_match
MOF_ADAVAD,ADAVAD,MULTI_ABOZOI,ABOZOI,1,0.6965,1.0,0.5926,0.7667,0.4,0.0,1.0,0.5,weak_match
MOF_ADAVAD,ADAVAD,MULTI_ABUQUM,ABUQUM,2,0.6798,0.8,0.9524,0.6333,0.4,0.0,0.7,0.5,relaxed_donor_geometry_match
MOF_ADAVAD,ADAVAD,MULTI_ADAJUL,ADAJUL,3,0.6548,0.8,0.7727,0.5667,0.4,0.3333,0.7,0.5,relaxed_donor_geometry_match
MOF_ADAVAD,ADAVAD,MULTI_ACETCU,ACETCU,4,0.6298,0.8,0.619,0.6,0.2,0.5,0.7,0.5,relaxed_donor_geometry_match
MOF_ADAVAD,ADAVAD,MULTI_AEIBCU,AEIBCU,5,0.6279,0.8,0.3448,0.6333,0.4,1.0,0.7,0.5,weak_match
MOF_ADAVAE,ADAVAE,MULTI_ACUWAW,ACUWAW,1,0.8125,1.0,0.75,0.8333,0.6667,1.0,0.5,0.5,bridge_topology_match
MOF_ADAVAE,ADAVAE,MULTI_ACIMAB,ACIMAB,2,0.7533,0.8,1.0,0.3333,0.3333,1.0,0.7,1.0,bridge_topology_match
MOF_ADAVAE,ADAVAE,MULTI_AFAGUN,AFAGUN,3,0.7533,0.8,1.0,0.3333,0.3333,1.0,0.7,1.0,bridge_topology_match
MOF_ADAVAE,ADAVAE,MULTI_ADUXOP,ADUXOP,4,0.75,0.0,1.0,1.0,1.0,1.0,1.0,1.0,weak_match
MOF_ADAVAE,ADAVAE,MULTI_AFAFEV,AFAFEV,5,0.75,0.0,1.0,1.0,1.0,1.0,1.0,1.0,weak_match
MOF_ADAVEI,ADAVEI,MULTI_ACIMAB,ACIMAB,1,0.7367,0.8,1.0,0.6667,0.6667,0.0,0.7,1.0,relaxed_donor_geometry_match
MOF_ADAVEI,ADAVEI,MULTI_AFAGUN,AFAGUN,2,0.7367,0.8,1.0,0.6667,0.6667,0.0,0.7,1.0,relaxed_donor_geometry_match
MOF_ADAVEI,ADAVEI,MULTI_ACUWAW,ACUWAW,3,0.6125,1.0,0.75,0.5,0.0,0.0,0.5,0.5,relaxed_donor_geometry_match
MOF_ADAVEI,ADAVEI,MULTI_ABAMID,ABAMID,4,0.6117,0.8,0.6,0.6667,0.6667,0.0,0.7,0.5,relaxed_donor_geometry_match
MOF_ADAVEI,ADAVEI,MULTI_ABEPIK,ABEPIK,5,0.6117,0.8,0.6,0.6667,0.6667,0.0,0.7,0.5,relaxed_donor_geometry_match
MOF_ADAVIM,ADAVIM,MULTI_ACIMAB,ACIMAB,1,0.7367,0.8,1.0,0.6667,0.6667,0.0,0.7,1.0,relaxed_donor_geometry_match
MOF_ADAVIM,ADAVIM,MULTI_AFAGUN,AFAGUN,2,0.7367,0.8,1.0,0.6667,0.6667,0.0,0.7,1.0,relaxed_donor_geometry_match
MOF_ADAVIM,ADAVIM,MULTI_ACUWAW,ACUWAW,3,0.6125,1.0,0.75,0.5,0.0,0.0,0.5,0.5,relaxed_donor_geometry_match
MOF_ADAVIM,ADAVIM,MULTI_ABAMID,ABAMID,4,0.6117,0.8,0.6,0.6667,0.6667,0.0,0.7,0.5,relaxed_donor_geometry_match
MOF_ADAVIM,ADAVIM,MULTI_ABEPIK,ABEPIK,5,0.6117,0.8,0.6,0.6667,0.6667,0.0,0.7,0.5,relaxed_donor_geometry_match
MOF_ADAWOS,ADAWOS,MULTI_ADECAO,ADECAO,1,1.0,1.0,1.0,1.0,1.0,1.0,1.0,1.0,L3_collision
MOF_ADAWOS,ADAWOS,MULTI_ADAGPC,ADAGPC,2,0.95,1.0,1.0,1.0,1.0,1.0,0.5,1.0,L3_collision
MOF_ADAWOS,ADAWOS,MULTI_ADIXIV,ADIXIV,3,0.95,1.0,1.0,1.0,1.0,1.0,0.5,1.0,L3_collision
MOF_ADAWOS,ADAWOS,MULTI_AFATOQ,AFATOQ,4,0.95,1.0,1.0,1.0,1.0,1.0,0.5,1.0,L3_collision
MOF_ADAWOS,ADAWOS,MULTI_ADAGPC01,ADAGPC01,5,0.775,1.0,0.6667,0.6667,0.0,1.0,1.0,0.5,relaxed_donor_geometry_match
MOF_ADAXEK,ADAXEK,MULTI_ADAWUA,ADAWUA,1,0.7111,1.0,0.6111,0.6667,0.5,0.75,0.5,0.5,relaxed_donor_geometry_match
MOF_ADAXEK,ADAXEK,MULTI_ADUWEC,ADUWEC,2,0.7083,1.0,0.9167,0.5833,0.0,0.375,0.5,0.5,relaxed_donor_geometry_match
MOF_ADAXEK,ADAXEK,MULTI_ADUWEC01,ADUWEC01,3,0.7083,1.0,0.9167,0.5833,0.0,0.375,0.5,0.5,relaxed_donor_geometry_match
MOF_ADAXEK,ADAXEK,MULTI_ABECUI01,ABECUI01,4,0.6811,1.0,0.3077,0.8333,0.75,0.75,0.5,0.5,weak_match
MOF_ADAXEK,ADAXEK,MULTI_ACACOH,ACACOH,5,0.6792,1.0,0.55,0.5833,0.5,0.75,0.5,0.5,weak_match
MOF_ADAXIO,ADAXIO,MULTI_ACACOH,ACACOH,1,0.5903,0.8,0.85,0.3333,0.2222,0.75,0,0.5,bridge_topology_match
MOF_ADAXIO,ADAXIO,MULTI_ACABEL,ACABEL,2,0.5756,0.8,0.9412,0.3333,0.2222,0.375,0,0.5,relaxed_donor_geometry_match
MOF_ADAXIO,ADAXIO,MULTI_ACACCO,ACACCO,3,0.5756,0.8,0.9412,0.3333,0.2222,0.375,0,0.5,relaxed_donor_geometry_match
MOF_ADAXIO,ADAXIO,MULTI_ACACCO01,ACACCO01,4,0.5756,0.8,0.9412,0.3333,0.2222,0.375,0,0.5,relaxed_donor_geometry_match
MOF_ADAXIO,ADAXIO,MULTI_ACANOJ,ACANOJ,5,0.5589,1.0,0.5,0.3889,0.2222,0.2,0.5,0.5,weak_match
MOF_ADAXIP,ADAXIP,MULTI_ACIDEX,ACIDEX,1,1.0,1.0,1.0,1.0,1.0,1.0,1.0,1.0,L3_collision
MOF_ADAXIP,ADAXIP,MULTI_ABOLIO,ABOLIO,2,0.8917,1.0,0.6667,1.0,1.0,1.0,1.0,0.5,relaxed_donor_geometry_match
MOF_ADAXIP,ADAXIP,MULTI_ABUVIC,ABUVIC,3,0.8917,1.0,0.6667,1.0,1.0,1.0,1.0,0.5,relaxed_donor_geometry_match
MOF_ADAXIP,ADAXIP,MULTI_ACAPCU01,ACAPCU01,4,0.8917,1.0,0.6667,1.0,1.0,1.0,1.0,0.5,relaxed_donor_geometry_match
MOF_ADAXIP,ADAXIP,MULTI_ADILEE,ADILEE,5,0.8917,1.0,0.6667,1.0,1.0,1.0,1.0,0.5,relaxed_donor_geometry_match
MOF_ADAXOV,ADAXOV,MONO_ABCOPD,ABCOPD,1,1.0,1.0,1.0,1.0,1.0,1.0,1.0,1.0,L3_collision
MOF_ADAXOV,ADAXOV,MONO_ACAJUM,ACAJUM,2,1.0,1.0,1.0,1.0,1.0,1.0,1.0,1.0,L3_collision
MOF_ADAXOV,ADAXOV,MONO_ACARAX,ACARAX,3,1.0,1.0,1.0,1.0,1.0,1.0,1.0,1.0,L3_collision
MOF_ADAXOV,ADAXOV,MONO_ACEJAU,ACEJAU,4,1.0,1.0,1.0,1.0,1.0,1.0,1.0,1.0,L3_collision
MOF_ADAXOV,ADAXOV,MONO_ACEJAU01,ACEJAU01,5,1.0,1.0,1.0,1.0,1.0,1.0,1.0,1.0,L3_collision
MOF_ADAXUB,ADAXUB,MONO_ABIZUH,ABIZUH,1,1.0,1.0,1.0,1.0,1.0,1.0,1.0,1.0,L3_collision
MOF_ADAXUB,ADAXUB,MONO_ACISUC,ACISUC,2,1.0,1.0,1.0,1.0,1.0,1.0,1.0,1.0,L3_collision
MOF_ADAXUB,ADAXUB,MONO_ACITAJ,ACITAJ,3,1.0,1.0,1.0,1.0,1.0,1.0,1.0,1.0,L3_collision
MOF_ADAXUB,ADAXUB,MONO_ACITEN,ACITEN,4,1.0,1.0,1.0,1.0,1.0,1.0,1.0,1.0,L3_collision
MOF_ADAXUB,ADAXUB,MONO_ACITIR,ACITIR,5,1.0,1.0,1.0,1.0,1.0,1.0,1.0,1.0,L3_collision
MOF_ADAYAG,ADAYAG,MULTI_AFEJAY,AFEJAY,1,0.5893,1.0,0.3571,0.75,0.5,0.0,0.5,0.5,weak_match
MOF_ADAYAG,ADAYAG,MULTI_ADISEN,ADISEN,2,0.5579,0.8,0.5714,0.25,0.0,1.0,0.4,0.5,weak_match
MOF_ADAYAG,ADAYAG,MULTI_AFENUW,AFENUW,3,0.5266,0.8,0.1765,0.75,0.75,0.0,0.7,0.5,weak_match
MOF_ADAYAG,ADAYAG,MONO_ACITEO,ACITEO,4,0.5046,0.8,0.4286,0.25,0.25,1.0,0.1,0.5,weak_match
MOF_ADAYAG,ADAYAG,MONO_ADAVUZ,ADAVUZ,5,0.5046,0.8,0.4286,0.25,0.25,1.0,0.1,0.5,weak_match
MOF_ADECAQ,ADECAQ,MULTI_ABOKOT,ABOKOT,1,0.9036,1.0,0.7143,1.0,1.0,1.0,1.0,0.5,bridge_topology_match
MOF_ADECAQ,ADECAQ,MULTI_ACOGIJ,ACOGIJ,2,0.9036,1.0,0.7143,1.0,1.0,1.0,1.0,0.5,bridge_topology_match
MOF_ADECAQ,ADECAQ,MULTI_ACOGIJ01,ACOGIJ01,3,0.9036,1.0,0.7143,1.0,1.0,1.0,1.0,0.5,bridge_topology_match
MOF_ADECAQ,ADECAQ,MULTI_ABOWUL,ABOWUL,4,0.85,1.0,0.8333,0.8333,0.0,1.0,1.0,0.5,bridge_topology_match
MOF_ADECAQ,ADECAQ,MULTI_ABUQEW,ABUQEW,5,0.85,1.0,0.8333,0.8333,0.0,1.0,1.0,0.5,bridge_topology_match
MOF_ADECEU,ADECEU,MULTI_ABOBEY,ABOBEY,1,0.75,0.0,1.0,1.0,1.0,1.0,1.0,1.0,weak_match
MOF_ADECEU,ADECEU,MULTI_ABOJOQ,ABOJOQ,2,0.7381,1.0,0.2857,0.8333,0.5,1.0,1.0,0.5,weak_match
MOF_ADECEU,ADECEU,MULTI_ACEXUB,ACEXUB,3,0.6867,0.8,0.7,0.5833,0.0,1.0,0.7,0.5,bridge_topology_match
MOF_ADECEU,ADECEU,MULTI_ACATIK,ACATIK,4,0.675,1.0,0.4,1.0,1.0,0.0,0.5,0.5,weak_match
MOF_ADECEU,ADECEU,MULTI_ABOKOT,ABOKOT,5,0.6525,0.8,0.75,0.5,0.0,1.0,0.4,0.5,bridge_topology_match
MOF_ADEDET,ADEDET,MULTI_AFENUW,AFENUW,1,0.6722,1.0,0.5,0.9444,0.6667,0.0,0.5,0.5,weak_match
MOF_ADEDET,ADEDET,MULTI_ABOLUA,ABOLUA,2,0.6325,0.8,0.75,0.1667,0.3333,1.0,0.7,0.5,bridge_topology_match
MOF_ADEDET,ADEDET,MONO_ACAQOK,ACAQOK,3,0.6261,0.8,0.7778,0.3333,0.0,1.0,0.4,0.5,bridge_topology_match
MOF_ADEDET,ADEDET,MONO_AGIQEQ,AGIQEQ,4,0.6261,0.8,0.7778,0.3333,0.0,1.0,0.4,0.5,bridge_topology_match
MOF_ADEDET,ADEDET,MONO_ACUHUD,ACUHUD,5,0.6039,0.8,0.6667,0.2778,0.3333,1.0,0.4,0.5,relaxed_donor_geometry_match
MOF_ADEFAS,ADEFAS,MULTI_ACOYID,ACOYID,1,1.0,1.0,1.0,1.0,1.0,1.0,1.0,1.0,L3_collision
MOF_ADEFAS,ADEFAS,MULTI_ADAQCU,ADAQCU,2,1.0,1.0,1.0,1.0,1.0,1.0,1.0,1.0,L3_collision
MOF_ADEFAS,ADEFAS,MULTI_ADILII,ADILII,3,1.0,1.0,1.0,1.0,1.0,1.0,1.0,1.0,L3_collision
MOF_ADEFAS,ADEFAS,MULTI_ABOTAP,ABOTAP,4,0.8917,1.0,0.6667,1.0,1.0,1.0,1.0,0.5,relaxed_donor_geometry_match
MOF_ADEFAS,ADEFAS,MULTI_ABUBOR,ABUBOR,5,0.8917,1.0,0.6667,1.0,1.0,1.0,1.0,0.5,relaxed_donor_geometry_match
MOF_ADEFEW,ADEFEW,MULTI_ACOYID,ACOYID,1,1.0,1.0,1.0,1.0,1.0,1.0,1.0,1.0,L3_collision
MOF_ADEFEW,ADEFEW,MULTI_ADAQCU,ADAQCU,2,1.0,1.0,1.0,1.0,1.0,1.0,1.0,1.0,L3_collision
MOF_ADEFEW,ADEFEW,MULTI_ADILII,ADILII,3,1.0,1.0,1.0,1.0,1.0,1.0,1.0,1.0,L3_collision
MOF_ADEFEW,ADEFEW,MULTI_ABOTAP,ABOTAP,4,0.8917,1.0,0.6667,1.0,1.0,1.0,1.0,0.5,relaxed_donor_geometry_match
MOF_ADEFEW,ADEFEW,MULTI_ABUBOR,ABUBOR,5,0.8917,1.0,0.6667,1.0,1.0,1.0,1.0,0.5,relaxed_donor_geometry_match
MOF_ADEFOG,ADEFOG,MULTI_ACOYID,ACOYID,1,1.0,1.0,1.0,1.0,1.0,1.0,1.0,1.0,L3_collision
MOF_ADEFOG,ADEFOG,MULTI_ADAQCU,ADAQCU,2,1.0,1.0,1.0,1.0,1.0,1.0,1.0,1.0,L3_collision
MOF_ADEFOG,ADEFOG,MULTI_ADILII,ADILII,3,1.0,1.0,1.0,1.0,1.0,1.0,1.0,1.0,L3_collision
MOF_ADEFOG,ADEFOG,MULTI_ABOTAP,ABOTAP,4,0.8917,1.0,0.6667,1.0,1.0,1.0,1.0,0.5,relaxed_donor_geometry_match
MOF_ADEFOG,ADEFOG,MULTI_ABUBOR,ABUBOR,5,0.8917,1.0,0.6667,1.0,1.0,1.0,1.0,0.5,relaxed_donor_geometry_match
MOF_ADEGAU,ADEGAU,MULTI_ACNICP,ACNICP,1,0.6571,0.3,0.4286,1.0,1.0,1.0,1.0,0.5,weak_match
MOF_ADEGAU,ADEGAU,MULTI_AFAVIP,AFAVIP,2,0.6434,0.8,0.5714,0.4444,0.3333,1.0,0.7,0.5,weak_match
MOF_ADEGAU,ADEGAU,MULTI_ABEYUD,ABEYUD,3,0.6417,0.0,0.6667,1.0,1.0,1.0,1.0,0.5,weak_match
MOF_ADEGAU,ADEGAU,MULTI_ADAKID,ADAKID,4,0.6345,0.3,0.5714,0.8333,0.5,1.0,1.0,0.5,weak_match
MOF_ADEGAU,ADEGAU,MULTI_ABAYUA,ABAYUA,5,0.625,0.0,0.8333,0.8333,0.5,1.0,1.0,0.5,weak_match
MOF_ADEGEY,ADEGEY,MULTI_AFEGEZ,AFEGEZ,1,0.9125,1.0,0.75,1.0,1.0,1.0,1.0,0.5,bridge_topology_match
MOF_ADEGEY,ADEGEY,MULTI_ABOLUA,ABOLUA,2,0.7575,1.0,0.4444,0.8571,0.0,1.0,1.0,0.5,weak_match
MOF_ADEGEY,ADEGEY,MULTI_ABOJUW,ABOJUW,3,0.6919,1.0,0.1818,0.8571,0.0,1.0,1.0,0.5,weak_match
MOF_ADEGEY,ADEGEY,MULTI_ABARUT,ABARUT,4,0.6673,1.0,0.0833,0.8571,0.0,1.0,1.0,0.5,weak_match
MOF_ADEGEY,ADEGEY,MULTI_AFAVUB,AFAVUB,5,0.6464,1.0,0.0,0.8571,0.0,1.0,1.0,0.5,weak_match
MOF_ADEGOG,ADEGOG,MULTI_ABUYEC,ABUYEC,1,0.7667,1.0,0.7,0.5833,0.0,1.0,1.0,0.5,bridge_topology_match
MOF_ADEGOG,ADEGOG,MULTI_ACOGOP,ACOGOP,2,0.7667,1.0,0.7,0.5833,0.0,1.0,1.0,0.5,bridge_topology_match
MOF_ADEGOG,ADEGOG,MULTI_ADEVOV,ADEVOV,3,0.7667,1.0,0.7,0.5833,0.0,1.0,1.0,0.5,bridge_topology_match
MOF_ADEGOG,ADEGOG,MULTI_ADIGUQ,ADIGUQ,4,0.7667,1.0,0.7,0.5833,0.0,1.0,1.0,0.5,bridge_topology_match
MOF_ADEGOG,ADEGOG,MULTI_ADINOQ,ADINOQ,5,0.7667,1.0,0.7,0.5833,0.0,1.0,1.0,0.5,bridge_topology_match
MOF_ADEHID,ADEHID,MULTI_ADUFUE02,ADUFUE02,1,0.725,1.0,0.5,0.75,0.5,1.0,0.5,0.5,weak_match
MOF_ADEHID,ADEHID,MULTI_ABOHUU,ABOHUU,2,0.6214,1.0,0.2857,0.75,0.5,0.0,1.0,0.5,weak_match
MOF_ADEHID,ADEHID,MULTI_ABEZEN,ABEZEN,3,0.55,1.0,0.0,0.75,0.5,0.5,0.5,0.5,weak_match
MOF_ADEHID,ADEHID,MULTI_ABIDAR,ABIDAR,4,0.55,1.0,0.0,0.75,0.5,0.0,1.0,0.5,weak_match
MOF_ADEHID,ADEHID,MULTI_ABIDAR01,ABIDAR01,5,0.55,1.0,0.0,0.75,0.5,0.0,1.0,0.5,weak_match
MOF_ADEHID01,ADEHID01,MULTI_ABOHUU,ABOHUU,1,0.6964,1.0,0.2857,1.0,1.0,0.0,1.0,0.5,weak_match
MOF_ADEHID01,ADEHID01,MULTI_ABIDAR,ABIDAR,2,0.625,1.0,0.0,1.0,1.0,0.0,1.0,0.5,weak_match
MOF_ADEHID01,ADEHID01,MULTI_ABIDAR01,ABIDAR01,3,0.625,1.0,0.0,1.0,1.0,0.0,1.0,0.5,weak_match
MOF_ADEHID01,ADEHID01,MULTI_ABIDEV,ABIDEV,4,0.625,1.0,0.0,1.0,1.0,0.0,1.0,0.5,weak_match
MOF_ADEHID01,ADEHID01,MULTI_ACACMN22,ACACMN22,5,0.625,1.0,0.0,1.0,1.0,0.0,1.0,0.5,weak_match
MOF_ADEJEA,ADEJEA,MULTI_ADARAY,ADARAY,1,0.8247,1.0,0.6875,0.7222,0.6667,1.0,1.0,0.5,relaxed_donor_geometry_match
MOF_ADEJEA,ADEJEA,MULTI_ADARAY01,ADARAY01,2,0.8247,1.0,0.6875,0.7222,0.6667,1.0,1.0,0.5,relaxed_donor_geometry_match
MOF_ADEJEA,ADEJEA,MULTI_ACUBUX,ACUBUX,3,0.75,1.0,0.6111,0.6111,0.0,1.0,1.0,0.5,relaxed_donor_geometry_match
MOF_ADEJEA,ADEJEA,MULTI_ACUBUX01,ACUBUX01,4,0.75,1.0,0.6111,0.6111,0.0,1.0,1.0,0.5,relaxed_donor_geometry_match
MOF_ADEJEA,ADEJEA,MULTI_ADUQEX,ADUQEX,5,0.75,1.0,0.6111,0.6111,0.0,1.0,1.0,0.5,relaxed_donor_geometry_match
MOF_ADEJEZ,ADEJEZ,MULTI_ACUXEB,ACUXEB,1,0.59,0.0,1.0,0.7,0.0,1.0,0.5,1.0,weak_match
MOF_ADEJEZ,ADEJEZ,MULTI_ACUXEB01,ACUXEB01,2,0.59,0.0,1.0,0.7,0.0,1.0,0.5,1.0,weak_match
MOF_ADEJEZ,ADEJEZ,MULTI_ADALUM,ADALUM,3,0.565,0.0,1.0,0.7,0.5,0.0,1.0,1.0,weak_match
MOF_ADEJEZ,ADEJEZ,MULTI_ACNHGB,ACNHGB,4,0.54,1.0,0.0,0.7,0.5,0.0,1.0,0.5,weak_match
MOF_ADEJEZ,ADEJEZ,MULTI_ADHGND10,ADHGND10,5,0.54,1.0,0.0,0.7,0.5,0.0,1.0,0.5,weak_match
MOF_ADENUV,ADENUV,MONO_ABIYOA,ABIYOA,1,0.9333,1.0,0.8333,1.0,1.0,1.0,1.0,0.5,bridge_topology_match
MOF_ADENUV,ADENUV,MONO_ABIYUG,ABIYUG,2,0.9333,1.0,0.8333,1.0,1.0,1.0,1.0,0.5,bridge_topology_match
MOF_ADENUV,ADENUV,MONO_ABIZER,ABIZER,3,0.9333,1.0,0.8333,1.0,1.0,1.0,1.0,0.5,bridge_topology_match
MOF_ADENUV,ADENUV,MONO_ABOBEZ,ABOBEZ,4,0.9333,1.0,0.8333,1.0,1.0,1.0,1.0,0.5,bridge_topology_match
MOF_ADENUV,ADENUV,MONO_ABOQAJ,ABOQAJ,5,0.9333,1.0,0.8333,1.0,1.0,1.0,1.0,0.5,bridge_topology_match
MOF_ADEPAD,ADEPAD,MONO_ABIYOA,ABIYOA,1,0.9333,1.0,0.8333,1.0,1.0,1.0,1.0,0.5,bridge_topology_match
MOF_ADEPAD,ADEPAD,MONO_ABIYUG,ABIYUG,2,0.9333,1.0,0.8333,1.0,1.0,1.0,1.0,0.5,bridge_topology_match
MOF_ADEPAD,ADEPAD,MONO_ABIZER,ABIZER,3,0.9333,1.0,0.8333,1.0,1.0,1.0,1.0,0.5,bridge_topology_match
MOF_ADEPAD,ADEPAD,MONO_ABOBEZ,ABOBEZ,4,0.9333,1.0,0.8333,1.0,1.0,1.0,1.0,0.5,bridge_topology_match
MOF_ADEPAD,ADEPAD,MONO_ABOQAJ,ABOQAJ,5,0.9333,1.0,0.8333,1.0,1.0,1.0,1.0,0.5,bridge_topology_match
MOF_ABUZOP,ABUZOP,MONO_AFEZAP,AFEZAP,1,0.8917,1.0,0.6667,1.0,1.0,1.0,1.0,0.5,relaxed_donor_geometry_match
MOF_ACAKAT,ACAKAT,MONO_AFEZAP,AFEZAP,2,0.8917,1.0,0.6667,1.0,1.0,1.0,1.0,0.5,relaxed_donor_geometry_match
MOF_ABUXIH,ABUXIH,MONO_AFEZAP,AFEZAP,3,0.8321,1.0,0.4286,1.0,1.0,1.0,1.0,0.5,weak_match
MOF_ABAMOI,ABAMOI,MONO_AFEZAP,AFEZAP,4,0.8083,1.0,0.6667,0.8333,0.0,1.0,1.0,0.5,relaxed_donor_geometry_match
MOF_ACABEO,ACABEO,MONO_AFEZAP,AFEZAP,5,0.8083,1.0,0.6667,0.8333,0.0,1.0,1.0,0.5,relaxed_donor_geometry_match
MOF_ABEREH,ABEREH,MONO_ACACCU31,ACACCU31,1,0.9125,1.0,0.75,1.0,1.0,1.0,1.0,0.5,bridge_topology_match
MOF_ABEREH01,ABEREH01,MONO_ACACCU31,ACACCU31,2,0.9125,1.0,0.75,1.0,1.0,1.0,1.0,0.5,bridge_topology_match
MOF_ABEREH02,ABEREH02,MONO_ACACCU31,ACACCU31,3,0.9125,1.0,0.75,1.0,1.0,1.0,1.0,0.5,bridge_topology_match
MOF_ABUZOP,ABUZOP,MONO_ACACCU31,ACACCU31,4,0.835,1.0,0.8,0.8,0.0,1.0,1.0,0.5,bridge_topology_match
MOF_ACAKAT,ACAKAT,MONO_ACACCU31,ACACCU31,5,0.835,1.0,0.8,0.8,0.0,1.0,1.0,0.5,bridge_topology_match
MOF_ABIXIU,ABIXIU,MULTI_ACITUC,ACITUC,1,0.835,1.0,0.8,0.8,0.0,1.0,1.0,0.5,bridge_topology_match
MOF_ACBACU,ACBACU,MULTI_ACITUC,ACITUC,2,0.835,1.0,0.8,0.8,0.0,1.0,1.0,0.5,bridge_topology_match
MOF_ADAXIP,ADAXIP,MULTI_ACITUC,ACITUC,3,0.835,1.0,0.8,0.8,0.0,1.0,1.0,0.5,bridge_topology_match
MOF_ADAQEB,ADAQEB,MULTI_ACITUC,ACITUC,4,0.8104,1.0,0.875,0.5833,0.0,1.0,1.0,0.5,bridge_topology_match
MOF_ADAQEB01,ADAQEB01,MULTI_ACITUC,ACITUC,5,0.8104,1.0,0.875,0.5833,0.0,1.0,1.0,0.5,bridge_topology_match
MOF_ABETEJ,ABETEJ,MULTI_ABEWIO,ABEWIO,1,0.45,0.3,0.0,1.0,1.0,0.0,1.0,0.5,no_match
MOF_ABOSIX,ABOSIX,MULTI_ABEWIO,ABEWIO,2,0.45,0.3,0.0,1.0,1.0,0.5,0.5,0.5,no_match
MOF_ABIXIU,ABIXIU,MULTI_ABEWIO,ABEWIO,3,0.4,0.3,0.0,1.0,1.0,0.0,0.5,0.5,no_match
MOF_ACBACU,ACBACU,MULTI_ABEWIO,ABEWIO,4,0.4,0.3,0.0,1.0,1.0,0.0,0.5,0.5,no_match
MOF_ADAXIP,ADAXIP,MULTI_ABEWIO,ABEWIO,5,0.4,0.3,0.0,1.0,1.0,0.0,0.5,0.5,no_match
MOF_ACIGEB,ACIGEB,MONO_ACIQEK,ACIQEK,1,0.675,1.0,0.2,0.75,0.0,1.0,1.0,0.5,weak_match
MOF_ABOVOF,ABOVOF,MONO_ACIQEK,ACIQEK,2,0.6464,1.0,0.2857,0.5,0.0,1.0,1.0,0.5,weak_match
MOF_ABOVUL,ABOVUL,MONO_ACIQEK,ACIQEK,3,0.6464,1.0,0.2857,0.5,0.0,1.0,1.0,0.5,weak_match
MOF_ABOTUJ,ABOTUJ,MONO_ACIQEK,ACIQEK,4,0.6367,1.0,0.1667,0.6,0.0,1.0,1.0,0.5,weak_match
MOF_ABOWEW,ABOWEW,MONO_ACIQEK,ACIQEK,5,0.6307,1.0,0.1429,0.6,0.0,1.0,1.0,0.5,weak_match
MOF_ABEREH,ABEREH,MONO_ACACCU40,ACACCU40,1,0.9125,1.0,0.75,1.0,1.0,1.0,1.0,0.5,bridge_topology_match
MOF_ABEREH01,ABEREH01,MONO_ACACCU40,ACACCU40,2,0.9125,1.0,0.75,1.0,1.0,1.0,1.0,0.5,bridge_topology_match
MOF_ABEREH02,ABEREH02,MONO_ACACCU40,ACACCU40,3,0.9125,1.0,0.75,1.0,1.0,1.0,1.0,0.5,bridge_topology_match
MOF_ABUZOP,ABUZOP,MONO_ACACCU40,ACACCU40,4,0.835,1.0,0.8,0.8,0.0,1.0,1.0,0.5,bridge_topology_match
MOF_ACAKAT,ACAKAT,MONO_ACACCU40,ACACCU40,5,0.835,1.0,0.8,0.8,0.0,1.0,1.0,0.5,bridge_topology_match
MOF_ABIXIU,ABIXIU,MULTI_ACITEL,ACITEL,1,0.835,1.0,0.8,0.8,0.0,1.0,1.0,0.5,bridge_topology_match
MOF_ACBACU,ACBACU,MULTI_ACITEL,ACITEL,2,0.835,1.0,0.8,0.8,0.0,1.0,1.0,0.5,bridge_topology_match
MOF_ADAXIP,ADAXIP,MULTI_ACITEL,ACITEL,3,0.835,1.0,0.8,0.8,0.0,1.0,1.0,0.5,bridge_topology_match
MOF_ADAQEB,ADAQEB,MULTI_ACITEL,ACITEL,4,0.8104,1.0,0.875,0.5833,0.0,1.0,1.0,0.5,bridge_topology_match
MOF_ADAQEB01,ADAQEB01,MULTI_ACITEL,ACITEL,5,0.8104,1.0,0.875,0.5833,0.0,1.0,1.0,0.5,bridge_topology_match
MOF_ABEREH,ABEREH,MONO_AEATCU10,AEATCU10,1,0.725,1.0,0.0,1.0,1.0,1.0,1.0,0.5,weak_match
MOF_ABEREH01,ABEREH01,MONO_AEATCU10,AEATCU10,2,0.725,1.0,0.0,1.0,1.0,1.0,1.0,0.5,weak_match
MOF_ABEREH02,ABEREH02,MONO_AEATCU10,AEATCU10,3,0.725,1.0,0.0,1.0,1.0,1.0,1.0,0.5,weak_match
MOF_ACIGEB,ACIGEB,MONO_AEATCU10,AEATCU10,4,0.725,1.0,0.0,1.0,1.0,1.0,1.0,0.5,weak_match
MOF_ACNCUB03,ACNCUB03,MONO_AEATCU10,AEATCU10,5,0.725,1.0,0.0,1.0,1.0,1.0,1.0,0.5,weak_match
MOF_ABERAE,ABERAE,MONO_ADUFUD,ADUFUD,1,0.7607,1.0,0.1429,1.0,1.0,1.0,1.0,0.5,weak_match
MOF_ACICUL,ACICUL,MONO_ADUFUD,ADUFUD,2,0.7607,1.0,0.1429,1.0,1.0,1.0,1.0,0.5,weak_match
MOF_ACIKAA,ACIKAA,MONO_ADUFUD,ADUFUD,3,0.7064,1.0,0.2857,0.8,0.0,1.0,1.0,0.5,weak_match
MOF_ACUGUD,ACUGUD,MONO_ADUFUD,ADUFUD,4,0.7064,1.0,0.2857,0.8,0.0,1.0,1.0,0.5,weak_match
MOF_ABIHEC,ABIHEC,MONO_ADUFUD,ADUFUD,5,0.6708,1.0,0.25,0.6667,0.0,1.0,1.0,0.5,weak_match
MOF_ACOVIB,ACOVIB,MULTI_ACIYEQ,ACIYEQ,1,0.3929,0.0,0.88,0.7396,0.0,0.0,0,0.5,no_match
MOF_ABINIK,ABINIK,MULTI_ACIYEQ,ACIYEQ,2,0.385,0.3,0.0,0.8611,0.7778,0.0385,0.7,0.5,no_match
MOF_ABINIK01,ABINIK01,MULTI_ACIYEQ,ACIYEQ,3,0.385,0.3,0.0,0.8611,0.7778,0.0385,0.7,0.5,no_match
MOF_ACOZAW,ACOZAW,MULTI_ACIYEQ,ACIYEQ,4,0.3515,0.0,0.1842,0.7708,0.125,0.5,0.7,0.5,no_match
MOF_ACENIF,ACENIF,MULTI_ACIYEQ,ACIYEQ,5,0.3513,0.3,0.0,0.85,0.375,0.125,0.5,0.5,no_match
MOF_ABIHEC,ABIHEC,MONO_ADOLOU01,ADOLOU01,1,0.775,1.0,0.2,1.0,1.0,1.0,1.0,0.5,weak_match
MOF_ABIYET,ABIYET,MONO_ADOLOU01,ADOLOU01,2,0.775,1.0,0.2,1.0,1.0,1.0,1.0,0.5,weak_match
MOF_ABIYIX,ABIYIX,MONO_ADOLOU01,ADOLOU01,3,0.775,1.0,0.2,1.0,1.0,1.0,1.0,0.5,weak_match
MOF_ABIYOD,ABIYOD,MONO_ADOLOU01,ADOLOU01,4,0.775,1.0,0.2,1.0,1.0,1.0,1.0,0.5,weak_match
MOF_ABIZAQ,ABIZAQ,MONO_ADOLOU01,ADOLOU01,5,0.775,1.0,0.2,1.0,1.0,1.0,1.0,0.5,weak_match
MOF_ABAZAF,ABAZAF,MULTI_ADOTUK,ADOTUK,1,1.0,1.0,1.0,1.0,1.0,1.0,1.0,1.0,L3_collision
MOF_ABAXUZ,ABAXUZ,MULTI_ADOTUK,ADOTUK,2,0.8917,1.0,0.6667,1.0,1.0,1.0,1.0,0.5,relaxed_donor_geometry_match
MOF_ABAYAG,ABAYAG,MULTI_ADOTUK,ADOTUK,3,0.8917,1.0,0.6667,1.0,1.0,1.0,1.0,0.5,relaxed_donor_geometry_match
MOF_ABAXOT,ABAXOT,MULTI_ADOTUK,ADOTUK,4,0.8618,1.0,0.7273,0.9,0.5,1.0,1.0,0.5,bridge_topology_match
MOF_ABAXIN,ABAXIN,MULTI_ADOTUK,ADOTUK,5,0.8596,1.0,0.5385,1.0,1.0,1.0,1.0,0.5,weak_match
MOF_ABAXIN,ABAXIN,MULTI_ABUQEW,ABUQEW,1,0.9295,1.0,0.8182,1.0,1.0,1.0,1.0,0.5,bridge_topology_match
MOF_ABAXUZ,ABAXUZ,MULTI_ABUQEW,ABUQEW,2,0.8917,1.0,0.6667,1.0,1.0,1.0,1.0,0.5,relaxed_donor_geometry_match
MOF_ABAYAG,ABAYAG,MULTI_ABUQEW,ABUQEW,3,0.8917,1.0,0.6667,1.0,1.0,1.0,1.0,0.5,relaxed_donor_geometry_match
MOF_ADECAQ,ADECAQ,MULTI_ABUQEW,ABUQEW,4,0.85,1.0,0.8333,0.8333,0.0,1.0,1.0,0.5,bridge_topology_match
MOF_ABAZAF,ABAZAF,MULTI_ABUQEW,ABUQEW,5,0.8321,1.0,0.4286,1.0,1.0,1.0,1.0,0.5,weak_match
MOF_ABERAE,ABERAE,MONO_AFIGAA,AFIGAA,1,0.7607,1.0,0.1429,1.0,1.0,1.0,1.0,0.5,weak_match
MOF_ACICUL,ACICUL,MONO_AFIGAA,AFIGAA,2,0.7607,1.0,0.1429,1.0,1.0,1.0,1.0,0.5,weak_match
MOF_ACEPIL,ACEPIL,MONO_AFIGAA,AFIGAA,3,0.6707,1.0,0.1429,0.8,0.0,1.0,1.0,0.5,weak_match
MOF_ACIKAA,ACIKAA,MONO_AFIGAA,AFIGAA,4,0.6663,1.0,0.125,0.8,0.0,1.0,1.0,0.5,weak_match
MOF_ACUGUD,ACUGUD,MONO_AFIGAA,AFIGAA,5,0.6663,1.0,0.125,0.8,0.0,1.0,1.0,0.5,weak_match
MOF_ABERAE,ABERAE,MONO_AGEJOM,AGEJOM,1,0.8083,1.0,0.3333,1.0,1.0,1.0,1.0,0.5,weak_match
MOF_ACICUL,ACICUL,MONO_AGEJOM,AGEJOM,2,0.8083,1.0,0.3333,1.0,1.0,1.0,1.0,0.5,weak_match
MOF_ACIKAA,ACIKAA,MONO_AGEJOM,AGEJOM,3,0.76,1.0,0.5,0.8,0.0,1.0,1.0,0.5,weak_match
MOF_ACEPIL,ACEPIL,MONO_AGEJOM,AGEJOM,4,0.7183,1.0,0.3333,0.8,0.0,1.0,1.0,0.5,weak_match
MOF_ABIHEC,ABIHEC,MONO_AGEJOM,AGEJOM,5,0.7155,1.0,0.4286,0.6667,0.0,1.0,1.0,0.5,weak_match
MOF_ADAFAN,ADAFAN,MULTI_ACHYZN,ACHYZN,1,0.9036,1.0,0.7143,1.0,1.0,1.0,1.0,0.5,bridge_topology_match
MOF_ADAFAN01,ADAFAN01,MULTI_ACHYZN,ACHYZN,2,0.9036,1.0,0.7143,1.0,1.0,1.0,1.0,0.5,bridge_topology_match
MOF_ABAZAF,ABAZAF,MULTI_ACHYZN,ACHYZN,3,0.85,1.0,0.8333,0.8333,0.0,1.0,1.0,0.5,bridge_topology_match
MOF_ADECAQ,ADECAQ,MULTI_ACHYZN,ACHYZN,4,0.85,1.0,0.5,1.0,1.0,1.0,1.0,0.5,weak_match
MOF_ABAXUZ,ABAXUZ,MULTI_ACHYZN,ACHYZN,5,0.7845,1.0,0.5714,0.8333,0.0,1.0,1.0,0.5,weak_match
MOF_ABIXEQ,ABIXEQ,MONO_ADULES,ADULES,1,0.725,1.0,0.4,0.75,0.0,1.0,1.0,0.5,weak_match
MOF_ACACIT,ACACIT,MONO_ADULES,ADULES,2,0.6783,1.0,0.3333,0.6,0.0,1.0,1.0,0.5,weak_match
MOF_ABIGEZ,ABIGEZ,MONO_ADULES,ADULES,3,0.675,1.0,0.4,0.5,0.0,1.0,1.0,0.5,weak_match
MOF_ABIGEZ01,ABIGEZ01,MONO_ADULES,ADULES,4,0.675,1.0,0.4,0.5,0.0,1.0,1.0,0.5,weak_match
MOF_ABIGEZ02,ABIGEZ02,MONO_ADULES,ADULES,5,0.675,1.0,0.4,0.5,0.0,1.0,1.0,0.5,weak_match
MOF_ACACIT,ACACIT,MONO_AGAVEM,AGAVEM,1,0.725,1.0,0.0,1.0,1.0,1.0,1.0,0.5,weak_match
MOF_ABAVOS,ABAVOS,MONO_AGAVEM,AGAVEM,2,0.6417,1.0,0.0,0.8333,0.0,1.0,1.0,0.5,weak_match
MOF_ABECUI,ABECUI,MONO_AGAVEM,AGAVEM,3,0.6417,1.0,0.0,0.8333,0.0,1.0,1.0,0.5,weak_match
MOF_ABEDAP,ABEDAP,MONO_AGAVEM,AGAVEM,4,0.6417,1.0,0.0,0.8333,0.0,1.0,1.0,0.5,weak_match
MOF_ABEDIX,ABEDIX,MONO_AGAVEM,AGAVEM,5,0.6417,1.0,0.0,0.8333,0.0,1.0,1.0,0.5,weak_match
MOF_ACIQUZ,ACIQUZ,MULTI_AFEPUA01,AFEPUA01,1,0.5167,1.0,0.0,0.5833,0.5,0.5,0.5,0.5,weak_match
MOF_ABIVEO,ABIVEO,MULTI_AFEPUA01,AFEPUA01,2,0.5117,1.0,0.1667,0.6,0.5,0.0,0.5,0.5,weak_match
MOF_ABAVUV,ABAVUV,MULTI_AFEPUA01,AFEPUA01,3,0.5024,1.0,0.1429,0.5833,0.5,0.0,0.5,0.5,weak_match
MOF_ABEDET01,ABEDET01,MULTI_AFEPUA01,AFEPUA01,4,0.5024,1.0,0.1429,0.5833,0.5,0.0,0.5,0.5,weak_match
MOF_ABEDET,ABEDET,MULTI_AFEPUA01,AFEPUA01,5,0.4617,0.8,0.1111,0.6111,0.3333,0.0,0.7,0.5,no_match
MOF_ABECUI,ABECUI,MONO_AGIVUJ01,AGIVUJ01,1,1.0,1.0,1.0,1.0,1.0,1.0,1.0,1.0,L3_collision
MOF_ABEDAP,ABEDAP,MONO_AGIVUJ01,AGIVUJ01,2,1.0,1.0,1.0,1.0,1.0,1.0,1.0,1.0,L3_collision
MOF_ABEDIX,ABEDIX,MONO_AGIVUJ01,AGIVUJ01,3,1.0,1.0,1.0,1.0,1.0,1.0,1.0,1.0,L3_collision
MOF_ABIZIY,ABIZIY,MONO_AGIVUJ01,AGIVUJ01,4,1.0,1.0,1.0,1.0,1.0,1.0,1.0,1.0,L3_collision
MOF_ABIZOE,ABIZOE,MONO_AGIVUJ01,AGIVUJ01,5,1.0,1.0,1.0,1.0,1.0,1.0,1.0,1.0,L3_collision
MOF_ACIBEU,ACIBEU,MULTI_AEBCCO,AEBCCO,1,0.4889,1.0,0.0,0.6944,0.0,0.25,0.5,0.5,no_match
MOF_ABAVIJ,ABAVIJ,MULTI_AEBCCO,AEBCCO,2,0.4417,1.0,0.0,0.5833,0.0,0.0,0.5,0.5,no_match
MOF_ABIBAS,ABIBAS,MULTI_AEBCCO,AEBCCO,3,0.4311,0.8,0.0,0.5556,0.0,0.25,0.7,0.5,no_match
MOF_ACAVOT,ACAVOT,MULTI_AEBCCO,AEBCCO,4,0.4239,0.8,0.0,0.6111,0.3333,0.5,0.1,0.5,no_match
MOF_ADARAA,ADARAA,MULTI_AEBCCO,AEBCCO,5,0.4025,0.8,0.0,0.4375,0.0,0.5,0.4,0.5,no_match
MOF_ACETCO,ACETCO,MONO_ABZACO11,ABZACO11,1,1.0,1.0,1.0,1.0,1.0,1.0,1.0,1.0,L3_collision
MOF_ABAVOS,ABAVOS,MONO_ABZACO11,ABZACO11,2,0.9333,1.0,0.8333,1.0,1.0,1.0,1.0,0.5,bridge_topology_match
MOF_ADENUV,ADENUV,MONO_ABZACO11,ABZACO11,3,0.8679,1.0,0.5714,1.0,1.0,1.0,1.0,0.5,weak_match
MOF_ADEPAD,ADEPAD,MONO_ABZACO11,ABZACO11,4,0.8679,1.0,0.5714,1.0,1.0,1.0,1.0,0.5,weak_match
MOF_ABECUI,ABECUI,MONO_ABZACO11,ABZACO11,5,0.85,1.0,0.5,1.0,1.0,1.0,1.0,0.5,weak_match
MOF_ABECUI,ABECUI,MONO_ADHCOS10,ADHCOS10,1,1.0,1.0,1.0,1.0,1.0,1.0,1.0,1.0,L3_collision
MOF_ABEDAP,ABEDAP,MONO_ADHCOS10,ADHCOS10,2,1.0,1.0,1.0,1.0,1.0,1.0,1.0,1.0,L3_collision
MOF_ABEDIX,ABEDIX,MONO_ADHCOS10,ADHCOS10,3,1.0,1.0,1.0,1.0,1.0,1.0,1.0,1.0,L3_collision
MOF_ABIZIY,ABIZIY,MONO_ADHCOS10,ADHCOS10,4,1.0,1.0,1.0,1.0,1.0,1.0,1.0,1.0,L3_collision
MOF_ABIZOE,ABIZOE,MONO_ADHCOS10,ADHCOS10,5,1.0,1.0,1.0,1.0,1.0,1.0,1.0,1.0,L3_collision
MOF_ABOTUG01,ABOTUG01,MULTI_ADIREM,ADIREM,1,0.6708,1.0,0.25,0.6667,0.0,1.0,1.0,0.5,weak_match
MOF_ABAVUV,ABAVUV,MULTI_ADIREM,ADIREM,2,0.6301,1.0,0.1538,0.5833,0.0,1.0,1.0,0.5,weak_match
MOF_ABEDET01,ABEDET01,MULTI_ADIREM,ADIREM,3,0.6301,1.0,0.1538,0.5833,0.0,1.0,1.0,0.5,weak_match
MOF_ABIGEZ,ABIGEZ,MULTI_ADIREM,ADIREM,4,0.62,0.8,0.5,0.5,0.0,1.0,0.7,0.5,weak_match
MOF_ABIGEZ01,ABIGEZ01,MULTI_ADIREM,ADIREM,5,0.62,0.8,0.5,0.5,0.0,1.0,0.7,0.5,weak_match
MOF_ABEVOV,ABEVOV,MULTI_ACOLEJ,ACOLEJ,1,0.4261,0.3,0.8333,0.3889,0.0,0.0,0.4,0.5,no_match
MOF_ABEVUB,ABEVUB,MULTI_ACOLEJ,ACOLEJ,2,0.4261,0.3,0.8333,0.3889,0.0,0.0,0.4,0.5,no_match
MOF_ACATEF,ACATEF,MULTI_ACOLEJ,ACOLEJ,3,0.375,0.0,0.0,1.0,1.0,0.5,0.5,0.5,no_match
MOF_ACEHOG,ACEHOG,MULTI_ACOLEJ,ACOLEJ,4,0.375,0.0,0.0,1.0,1.0,0.5,0.5,0.5,no_match
MOF_ACNBPC,ACNBPC,MULTI_ACOLEJ,ACOLEJ,5,0.3609,0.3,0.3636,0.5,0.0,0.0,0.7,0.5,no_match
MOF_ACOZEA,ACOZEA,MULTI_AENNIC,AENNIC,1,0.437,0.8,0.0556,0.619,0.2857,0.5,0.1,0.5,no_match
MOF_ACOZAW,ACOZAW,MULTI_AENNIC,AENNIC,2,0.4059,0.8,0.0455,0.5476,0.0,0.5,0.1,0.5,no_match
MOF_ACIPAF,ACIPAF,MULTI_AENNIC,AENNIC,3,0.4042,1.0,0.05,0.3333,0.0,0.0,0.5,0.5,no_match
MOF_ACIJIH,ACIJIH,MULTI_AENNIC,AENNIC,4,0.3925,0.3,0.2,0.7,0.25,0.5,0.4,0.5,no_match
MOF_ACNCUB02,ACNCUB02,MULTI_AENNIC,AENNIC,5,0.3733,0.3,0.3333,0.625,0.0,0.25,0.4,0.5,no_match
MOF_ACELIF,ACELIF,MULTI_ACLMEN,ACLMEN,1,0.8042,1.0,0.9167,1.0,1.0,0.0,0.5,0.5,relaxed_donor_geometry_match
MOF_ACEPAD,ACEPAD,MULTI_ACLMEN,ACLMEN,2,0.75,1.0,0.5,1.0,1.0,0.5,0.5,0.5,weak_match
MOF_ABOSUJ,ABOSUJ,MULTI_ACLMEN,ACLMEN,3,0.7,0.0,1.0,1.0,1.0,1.0,0.5,1.0,weak_match
MOF_ABOTUG03,ABOTUG03,MULTI_ACLMEN,ACLMEN,4,0.6023,0.0,0.9091,1.0,1.0,0.5,0.5,0.5,weak_match
MOF_ABUYAA,ABUYAA,MULTI_ACLMEN,ACLMEN,5,0.5981,0.0,0.6923,1.0,1.0,1.0,0.5,0.5,weak_match
MOF_ABEHOH,ABEHOH,MONO_ABUVUO,ABUVUO,1,1.0,1.0,1.0,1.0,1.0,1.0,1.0,1.0,L3_collision
MOF_ACAKEY,ACAKEY,MONO_ABUVUO,ABUVUO,2,1.0,1.0,1.0,1.0,1.0,1.0,1.0,1.0,L3_collision
MOF_ACEVAF,ACEVAF,MONO_ABUVUO,ABUVUO,3,1.0,1.0,1.0,1.0,1.0,1.0,1.0,1.0,L3_collision
MOF_ACICOH,ACICOH,MONO_ABUVUO,ABUVUO,4,1.0,1.0,1.0,1.0,1.0,1.0,1.0,1.0,L3_collision
MOF_ACUREY,ACUREY,MONO_ABUVUO,ABUVUO,5,1.0,1.0,1.0,1.0,1.0,1.0,1.0,1.0,L3_collision
MOF_ABEHOH,ABEHOH,MONO_AGILAD,AGILAD,1,0.625,1.0,0.3333,0.3333,0.0,1.0,1.0,0.5,weak_match
MOF_ACAKEY,ACAKEY,MONO_AGILAD,AGILAD,2,0.625,1.0,0.3333,0.3333,0.0,1.0,1.0,0.5,weak_match
MOF_ACEVAF,ACEVAF,MONO_AGILAD,AGILAD,3,0.625,1.0,0.3333,0.3333,0.0,1.0,1.0,0.5,weak_match
MOF_ACICOH,ACICOH,MONO_AGILAD,AGILAD,4,0.625,1.0,0.3333,0.3333,0.0,1.0,1.0,0.5,weak_match
MOF_ACUREY,ACUREY,MONO_AGILAD,AGILAD,5,0.625,1.0,0.3333,0.3333,0.0,1.0,1.0,0.5,weak_match
MOF_ACOPOY,ACOPOY,MONO_ACEJUP,ACEJUP,1,0.725,1.0,0.0,1.0,1.0,1.0,1.0,0.5,weak_match
MOF_ABAVIM,ABAVIM,MONO_ACEJUP,ACEJUP,2,0.6083,1.0,0.0,0.6667,0.0,1.0,1.0,0.5,weak_match
MOF_ABAVIM01,ABAVIM01,MONO_ACEJUP,ACEJUP,3,0.6083,1.0,0.0,0.6667,0.0,1.0,1.0,0.5,weak_match
MOF_ABEHOH,ABEHOH,MONO_ACEJUP,ACEJUP,4,0.6083,1.0,0.0,0.6667,0.0,1.0,1.0,0.5,weak_match
MOF_ACAKEY,ACAKEY,MONO_ACEJUP,ACEJUP,5,0.6083,1.0,0.0,0.6667,0.0,1.0,1.0,0.5,weak_match
MOF_ABEHOH,ABEHOH,MONO_AFATEG,AFATEG,1,0.9036,1.0,0.7143,1.0,1.0,1.0,1.0,0.5,bridge_topology_match
MOF_ACAKEY,ACAKEY,MONO_AFATEG,AFATEG,2,0.9036,1.0,0.7143,1.0,1.0,1.0,1.0,0.5,bridge_topology_match
MOF_ACEVAF,ACEVAF,MONO_AFATEG,AFATEG,3,0.9036,1.0,0.7143,1.0,1.0,1.0,1.0,0.5,bridge_topology_match
MOF_ACICOH,ACICOH,MONO_AFATEG,AFATEG,4,0.9036,1.0,0.7143,1.0,1.0,1.0,1.0,0.5,bridge_topology_match
MOF_ACUREY,ACUREY,MONO_AFATEG,AFATEG,5,0.9036,1.0,0.7143,1.0,1.0,1.0,1.0,0.5,bridge_topology_match
MOF_ACOPOY,ACOPOY,MONO_ABEPEE,ABEPEE,1,0.725,1.0,0.0,1.0,1.0,1.0,1.0,0.5,weak_match
MOF_ABAVIM,ABAVIM,MONO_ABEPEE,ABEPEE,2,0.6083,1.0,0.0,0.6667,0.0,1.0,1.0,0.5,weak_match
MOF_ABAVIM01,ABAVIM01,MONO_ABEPEE,ABEPEE,3,0.6083,1.0,0.0,0.6667,0.0,1.0,1.0,0.5,weak_match
MOF_ABEHOH,ABEHOH,MONO_ABEPEE,ABEPEE,4,0.6083,1.0,0.0,0.6667,0.0,1.0,1.0,0.5,weak_match
MOF_ACAKEY,ACAKEY,MONO_ABEPEE,ABEPEE,5,0.6083,1.0,0.0,0.6667,0.0,1.0,1.0,0.5,weak_match
MOF_ABIJUS,ABIJUS,MULTI_ADIVAK,ADIVAK,1,0.369,0.4,0.2759,0.525,0.0,0.0,0.7,0.5,no_match
MOF_ACOVIB,ACOVIB,MULTI_ADIVAK,ADIVAK,2,0.3249,0.3,0.3462,0.6917,0.0,0.0,0,0.5,no_match
MOF_ACOZAW,ACOZAW,MULTI_ADIVAK,ADIVAK,3,0.3218,0.0,0.32,0.7143,0.4286,0.125,0.4,0.5,no_match
MOF_ACRNCU,ACRNCU,MULTI_ADIVAK,ADIVAK,4,0.3172,0.0,0.2353,0.5667,0.5,0.25,0.7,0.5,no_match
MOF_ACRNCU01,ACRNCU01,MULTI_ADIVAK,ADIVAK,5,0.3172,0.0,0.2353,0.5667,0.5,0.25,0.7,0.5,no_match
MOF_ACODEE,ACODEE,MONO_AFOMAN,AFOMAN,1,0.8679,1.0,0.5714,1.0,1.0,1.0,1.0,0.5,weak_match
MOF_ABIWAL,ABIWAL,MONO_AFOMAN,AFOMAN,2,0.75,0.0,1.0,1.0,1.0,1.0,1.0,1.0,weak_match
MOF_ACUGEM,ACUGEM,MONO_AFOMAN,AFOMAN,3,0.75,0.0,1.0,1.0,1.0,1.0,1.0,1.0,weak_match
MOF_ACURIZ,ACURIZ,MONO_AFOMAN,AFOMAN,4,0.75,0.0,1.0,1.0,1.0,1.0,1.0,1.0,weak_match
MOF_ADAXUB,ADAXUB,MONO_AFOMAN,AFOMAN,5,0.75,0.0,1.0,1.0,1.0,1.0,1.0,1.0,weak_match
MOF_ABUFUA,ABUFUA,MULTI_ACICFE01,ACICFE01,1,0.445,0.8,0.0,0.6667,0.3333,0.0,0.7,0.5,no_match
MOF_ACOMEL,ACOMEL,MULTI_ACICFE01,ACICFE01,2,0.445,0.8,0.0,0.6667,0.3333,0.0,0.7,0.5,no_match
MOF_ACOVIB01,ACOVIB01,MULTI_ACICFE01,ACICFE01,3,0.4289,0.8,0.1667,0.6111,0.0,0.0,0.4,0.5,no_match
MOF_ACOVIB02,ACOVIB02,MULTI_ACICFE01,ACICFE01,4,0.4289,0.8,0.1667,0.6111,0.0,0.0,0.4,0.5,no_match
MOF_ABIVUC,ABIVUC,MULTI_ACICFE01,ACICFE01,5,0.4283,0.8,0.0,0.5417,0.5,0.0,0.7,0.5,no_match
MOF_ACODAA,ACODAA,MONO_AFUYAD,AFUYAD,1,0.85,1.0,0.5,1.0,1.0,1.0,1.0,0.5,weak_match
MOF_ACODEE,ACODEE,MONO_AFUYAD,AFUYAD,2,0.6798,1.0,0.2857,0.6667,0.0,1.0,1.0,0.5,weak_match
MOF_ABEXUD,ABEXUD,MONO_AFUYAD,AFUYAD,3,0.6333,0.0,1.0,0.6667,0.0,1.0,1.0,1.0,weak_match
MOF_ACOVIB01,ACOVIB01,MONO_AFUYAD,AFUYAD,4,0.6083,1.0,0.0,0.6667,0.0,1.0,1.0,0.5,weak_match
MOF_ACOVIB02,ACOVIB02,MONO_AFUYAD,AFUYAD,5,0.6083,1.0,0.0,0.6667,0.0,1.0,1.0,0.5,weak_match
MOF_ACOVIB01,ACOVIB01,MULTI_ABEMAV,ABEMAV,1,0.77,0.8,1.0,0.5,0.0,1.0,0.7,1.0,bridge_topology_match
MOF_ACOVIB02,ACOVIB02,MULTI_ABEMAV,ABEMAV,2,0.77,0.8,1.0,0.5,0.0,1.0,0.7,1.0,bridge_topology_match
MOF_ACOLAG,ACOLAG,MULTI_ABEMAV,ABEMAV,3,0.6083,1.0,0.0,0.6667,0.0,1.0,1.0,0.5,weak_match
MOF_ABUFUA,ABUFUA,MULTI_ABEMAV,ABEMAV,4,0.5917,1.0,0.0,0.5833,0.0,1.0,1.0,0.5,weak_match
MOF_ACOMEL,ACOMEL,MULTI_ABEMAV,ABEMAV,5,0.5917,1.0,0.0,0.5833,0.0,1.0,1.0,0.5,weak_match
MOF_ACODEE,ACODEE,MONO_ACOREQ01,ACOREQ01,1,0.8679,1.0,0.5714,1.0,1.0,1.0,1.0,0.5,weak_match
MOF_ABIWAL,ABIWAL,MONO_ACOREQ01,ACOREQ01,2,0.75,0.0,1.0,1.0,1.0,1.0,1.0,1.0,weak_match
MOF_ACUGEM,ACUGEM,MONO_ACOREQ01,ACOREQ01,3,0.75,0.0,1.0,1.0,1.0,1.0,1.0,1.0,weak_match
MOF_ACURIZ,ACURIZ,MONO_ACOREQ01,ACOREQ01,4,0.75,0.0,1.0,1.0,1.0,1.0,1.0,1.0,weak_match
MOF_ADAXUB,ADAXUB,MONO_ACOREQ01,ACOREQ01,5,0.75,0.0,1.0,1.0,1.0,1.0,1.0,1.0,weak_match
MOF_ACOVIB01,ACOVIB01,MULTI_ADEDAR,ADEDAR,1,0.5339,0.8,0.5556,0.5,0.0,0.0,0.7,0.5,weak_match
MOF_ACOVIB02,ACOVIB02,MULTI_ADEDAR,ADEDAR,2,0.5339,0.8,0.5556,0.5,0.0,0.0,0.7,0.5,weak_match
MOF_ACATUX,ACATUX,MULTI_ADEDAR,ADEDAR,3,0.4717,0.0,0.1667,0.9,0.5,1.0,1.0,0.5,no_match
MOF_ACOLAG,ACOLAG,MULTI_ADEDAR,ADEDAR,4,0.4583,1.0,0.0,0.6667,0.0,0.0,0.5,0.5,no_match
MOF_ABUFUA,ABUFUA,MULTI_ADEDAR,ADEDAR,5,0.4417,1.0,0.0,0.5833,0.0,0.0,0.5,0.5,no_match
MOF_ABUFUA,ABUFUA,MULTI_ADIFUO,ADIFUO,1,0.7667,1.0,0.7,0.5833,0.0,1.0,1.0,0.5,bridge_topology_match
MOF_ABAXUZ,ABAXUZ,MULTI_ADIFUO,ADIFUO,2,0.75,0.0,1.0,1.0,1.0,1.0,1.0,1.0,weak_match
MOF_ABAYAG,ABAYAG,MULTI_ADIFUO,ADIFUO,3,0.75,0.0,1.0,1.0,1.0,1.0,1.0,1.0,weak_match
MOF_ACOLAG,ACOLAG,MULTI_ADIFUO,ADIFUO,4,0.7333,1.0,0.5,0.6667,0.0,1.0,1.0,0.5,weak_match
MOF_ACIYER,ACIYER,MULTI_ADIFUO,ADIFUO,5,0.7,0.0,1.0,1.0,1.0,1.0,0.5,1.0,weak_match
MOF_ABIFAT,ABIFAT,MONO_ADINIO,ADINIO,1,0.775,1.0,0.2,1.0,1.0,1.0,1.0,0.5,weak_match
MOF_ABIFAT01,ABIFAT01,MONO_ADINIO,ADINIO,2,0.775,1.0,0.2,1.0,1.0,1.0,1.0,0.5,weak_match
MOF_ACESMN,ACESMN,MONO_ADINIO,ADINIO,3,0.775,1.0,0.2,1.0,1.0,1.0,1.0,0.5,weak_match
MOF_ACIQEJ,ACIQEJ,MONO_ADINIO,ADINIO,4,0.775,1.0,0.2,1.0,1.0,1.0,1.0,0.5,weak_match
MOF_ABUSOG,ABUSOG,MONO_ADINIO,ADINIO,5,0.7477,1.0,0.0909,1.0,1.0,1.0,1.0,0.5,weak_match
MOF_ACIQIN,ACIQIN,MULTI_ABIDEV,ABIDEV,1,0.85,1.0,0.5,1.0,1.0,1.0,1.0,0.5,weak_match
MOF_ACUQUO,ACUQUO,MULTI_ABIDEV,ABIDEV,2,0.85,1.0,0.5,1.0,1.0,1.0,1.0,0.5,weak_match
MOF_ABIFEX,ABIFEX,MULTI_ABIDEV,ABIDEV,3,0.7625,1.0,0.5833,0.5833,0.5,1.0,1.0,0.5,weak_match
MOF_ACIJAX,ACIJAX,MULTI_ABIDEV,ABIDEV,4,0.75,0.0,1.0,1.0,1.0,1.0,1.0,1.0,weak_match
MOF_ADAFAN,ADAFAN,MULTI_ABIDEV,ABIDEV,5,0.75,0.0,1.0,1.0,1.0,1.0,1.0,1.0,weak_match
MOF_ACIQIN,ACIQIN,MULTI_ACACMN29,ACACMN29,1,0.85,1.0,0.5,1.0,1.0,1.0,1.0,0.5,weak_match
MOF_ACAHIW,ACAHIW,MULTI_ACACMN29,ACACMN29,2,0.825,0.3,1.0,1.0,1.0,1.0,1.0,1.0,weak_match
MOF_ACUQUO,ACUQUO,MULTI_ACACMN29,ACACMN29,3,0.775,1.0,0.2,1.0,1.0,1.0,1.0,0.5,weak_match
MOF_ABUFOU,ABUFOU,MULTI_ACACMN29,ACACMN29,4,0.7625,1.0,0.5833,0.5833,0.5,1.0,1.0,0.5,weak_match
MOF_ACEDUJ,ACEDUJ,MULTI_ACACMN29,ACACMN29,5,0.75,0.0,1.0,1.0,1.0,1.0,1.0,1.0,weak_match
MOF_ABUHAJ,ABUHAJ,MULTI_ABIDIZ,ABIDIZ,1,0.9242,1.0,0.88,0.9583,0.75,1.0,1.0,0.5,bridge_topology_match
MOF_ABUGUC,ABUGUC,MULTI_ABIDIZ,ABIDIZ,2,0.7812,1.0,0.625,1.0,1.0,0.0,1.0,0.5,relaxed_donor_geometry_match
MOF_ACURIC,ACURIC,MULTI_ABIDIZ,ABIDIZ,3,0.6865,0.0,0.8462,1.0,1.0,1.0,1.0,0.5,weak_match
MOF_ACADOA,ACADOA,MULTI_ABIDIZ,ABIDIZ,4,0.6492,0.8,0.6667,0.75,0.75,0.0,0.7,0.5,relaxed_donor_geometry_match
MOF_ACEGEW,ACEGEW,MULTI_ABIDIZ,ABIDIZ,5,0.6283,0.8,0.5833,0.75,0.75,0.0,0.7,0.5,weak_match
MOF_ACIQIN,ACIQIN,MULTI_ABOHUU,ABOHUU,1,0.775,1.0,0.2,1.0,1.0,1.0,1.0,0.5,weak_match
MOF_ACUQUO,ACUQUO,MULTI_ABOHUU,ABOHUU,2,0.775,1.0,0.2,1.0,1.0,1.0,1.0,0.5,weak_match
MOF_ADEHID01,ADEHID01,MULTI_ABOHUU,ABOHUU,3,0.6964,1.0,0.2857,1.0,1.0,0.0,1.0,0.5,weak_match
MOF_ABIFEX,ABIFEX,MULTI_ABOHUU,ABOHUU,4,0.6635,1.0,0.1875,0.5833,0.5,1.0,1.0,0.5,weak_match
MOF_ACUWIH,ACUWIH,MULTI_ABOHUU,ABOHUU,5,0.6528,1.0,0.1111,1.0,1.0,0.0,1.0,0.5,weak_match
MOF_ABIFAT,ABIFAT,MONO_AFOLIQ,AFOLIQ,1,1.0,1.0,1.0,1.0,1.0,1.0,1.0,1.0,L3_collision
MOF_ABIFAT01,ABIFAT01,MONO_AFOLIQ,AFOLIQ,2,1.0,1.0,1.0,1.0,1.0,1.0,1.0,1.0,L3_collision
MOF_ACESMN,ACESMN,MONO_AFOLIQ,AFOLIQ,3,1.0,1.0,1.0,1.0,1.0,1.0,1.0,1.0,L3_collision
MOF_ACIQEJ,ACIQEJ,MONO_AFOLIQ,AFOLIQ,4,1.0,1.0,1.0,1.0,1.0,1.0,1.0,1.0,L3_collision
MOF_ACADAM,ACADAM,MONO_AFOLIQ,AFOLIQ,5,0.85,1.0,0.5,1.0,1.0,1.0,1.0,0.5,weak_match
MOF_ACUXAY01,ACUXAY01,MULTI_ACPYMN,ACPYMN,1,0.8104,1.0,0.875,1.0,1.0,0.1667,0.5,0.5,relaxed_donor_geometry_match
MOF_ACADOA,ACADOA,MULTI_ACPYMN,ACPYMN,2,0.7711,1.0,0.6842,1.0,1.0,0.25,0.5,0.5,relaxed_donor_geometry_match
MOF_ACEGEW,ACEGEW,MULTI_ACPYMN,ACPYMN,3,0.7322,1.0,0.5789,1.0,1.0,0.125,0.5,0.5,weak_match
MOF_ABUGUC,ABUGUC,MULTI_ACPYMN,ACPYMN,4,0.6955,0.8,0.8235,0.75,0.75,0.0714,0.7,0.5,relaxed_donor_geometry_match
MOF_ABUHAJ,ABUHAJ,MULTI_ACPYMN,ACPYMN,5,0.6481,0.8,0.6957,0.7083,0.75,0.0,0.7,0.5,relaxed_donor_geometry_match
MOF_ABUGUC,ABUGUC,MULTI_ACIPAE,ACIPAE,1,0.8574,1.0,0.8333,1.0,1.0,0.7411,0.5,0.5,bridge_topology_match
MOF_ABUHAJ,ABUHAJ,MULTI_ACIPAE,ACIPAE,2,0.7498,1.0,0.7826,0.9583,0.75,0.0,0.5,0.5,relaxed_donor_geometry_match
MOF_ACADOA,ACADOA,MULTI_ACIPAE,ACIPAE,3,0.7381,0.8,0.8889,0.75,0.75,0.3333,0.7,0.5,relaxed_donor_geometry_match
MOF_ACUXAY01,ACUXAY01,MULTI_ACIPAE,ACIPAE,4,0.6928,0.8,0.6842,0.75,0.75,0.3929,0.7,0.5,relaxed_donor_geometry_match
MOF_ACEGEW,ACEGEW,MULTI_ACIPAE,ACIPAE,5,0.6295,0.8,0.4545,0.75,0.75,0.3333,0.7,0.5,weak_match
MOF_ABOWIY,ABOWIY,MONO_ADUCUZ,ADUCUZ,1,0.5625,0.0,0.75,0.75,0.0,1.0,1.0,0.5,weak_match
MOF_ACOVAT01,ACOVAT01,MONO_ADUCUZ,ADUCUZ,2,0.5075,0.8,0.25,0.25,0.0,1.0,0.7,0.5,weak_match
MOF_ABENAY,ABENAY,MONO_ADUCUZ,ADUCUZ,3,0.475,0.0,0.0,1.0,1.0,1.0,1.0,0.5,no_match
MOF_ADATAD,ADATAD,MONO_ADUCUZ,ADUCUZ,4,0.475,0.0,0.0,1.0,1.0,1.0,1.0,0.5,no_match
MOF_ADATEH,ADATEH,MONO_ADUCUZ,ADUCUZ,5,0.475,0.0,0.0,1.0,1.0,1.0,1.0,0.5,no_match
MOF_ABOTUG03,ABOTUG03,MULTI_ACCOSN,ACCOSN,1,0.5417,1.0,0.0,0.8333,0.0,0.5,0.5,0.5,weak_match
MOF_ABUYAA,ABUYAA,MULTI_ACCOSN,ACCOSN,2,0.5167,1.0,0.0,0.8333,0.0,0.25,0.5,0.5,weak_match
MOF_ACAVIN,ACAVIN,MULTI_ACCOSN,ACCOSN,3,0.5167,1.0,0.0,0.8333,0.0,0.25,0.5,0.5,weak_match
MOF_ABOTUG01,ABOTUG01,MULTI_ACCOSN,ACCOSN,4,0.4917,1.0,0.0,0.8333,0.0,0.0,0.5,0.5,no_match
MOF_ABAYOU,ABAYOU,MULTI_ACCOSN,ACCOSN,5,0.4867,0.8,0.0,0.6667,0.6667,0.25,0.7,0.5,no_match
