refcode,metal,CN,S_SP,S_Td,log_S_SP,log_S_Td
XABLOD,Pd,4,2.9100,0.1200,0.4786,-0.6576
DUPGEA,Pd,4,8.4300,2.9100,0.9309,0.4786
AXEHOA,Ni,4,7.3000,2.6700,0.8692,0.4425
KAJLIR,Cu,4,2.6200,0.2000,0.4346,-0.5229
ITACEN,Cu,4,5.7400,1.1700,0.7664,0.1038
HUWLAN,Cu,4,5.1600,1.5600,0.7210,0.2201
FADJIH,Pd,4,7.1600,3.3700,0.8609,0.5403
DIYKAX,V,4,2.9700,0.0600,0.4871,-0.7959
YEHTAG,Ta,4,1.6100,5.0700,0.2330,0.7135
TEXCAA,Pd,4,10.3800,3.8400,1.0204,0.5955
DADDIA,Cu,4,1.7200,0.1800,0.2601,-0.5528
VEBLUN,Cu,4,2.7600,0.0500,0.4564,-0.8239
PATMON,Cu,4,1.0400,0.4600,0.0569,-0.2518
BAQSUJ,Pd,4,7.6400,3.7200,0.8887,0.5821
BAHGEZ,Ni,4,16.1000,15.8100,1.2095,1.2017
DEFVOA,Zn,4,2.7100,0.6000,0.4487,-0.1549
HUBYOV,Cu,4,5.3000,2.1400,0.7324,0.3502
IHOMAX,Pt,4,4.0900,1.4600,0.6222,0.1931
SAGJUF01,Cu,4,8.2200,2.6400,0.9201,0.4378
VODYUJ,Pd,4,3.0300,0.1600,0.4955,-0.5850
AYIMIE,Pt,4,2.9500,0.0600,0.4843,-0.7959
TUPCOY,Ir,4,8.7100,3.3000,0.9450,0.5315
HAQFIR,Cd,4,2.8100,0.2600,0.4639,-0.4437
ZUKCIR,Rh,4,8.4400,2.9900,0.9315,0.4900
XESLEN,Rh,4,6.3100,2.5800,0.8069,0.4281
ZEHQEI,Pd,4,2.9100,0.0300,0.4786,-0.8861
TEVMEO,Pd,4,9.2600,3.1800,0.9713,0.5159
PALKEU01,Pd,4,3.1300,0.3100,0.5092,-0.3872
HUKXIX,Zn,4,5.6500,1.1800,0.7597,0.1072
QARPAB01,Cu,4,9.2000,2.9000,0.9685,0.4771
VAWJOV,Cu,4,1.4300,0.2600,0.1847,-0.4437
KATZAG,Cu,4,2.6500,0.2900,0.4393,-0.4089
AFEGAU,Ni,4,5.8600,11.1000,0.7752,1.0492
FORBUK,Ni,4,9.0100,2.9000,0.9595,0.4771
ZALWER,Cu,4,6.4400,2.2000,0.8156,0.3617
PAXQEN,Pt,4,8.7600,2.9900,0.9474,0.4900
MENKEZ,Pd,4,3.2700,0.5200,0.5276,-0.2076
KATJEV,Pd,4,8.4500,2.9700,0.9320,0.4871
FITDIX,Pd,4,3.4800,0.7500,0.5539,-0.0706
HOPBUJ,Zn,4,3.1300,0.2400,0.5092,-0.4685
MAWZAM,Pt,4,8.2900,3.0300,0.9238,0.4955
DIXBOD,Ni,4,3.1600,0.3000,0.5132,-0.3979
DECKIH,Fe,4,2.5600,1.0300,0.4249,0.0531
NOGZOA,Cu,4,4.9500,1.0200,0.7033,0.0492
DEXCOA,Pd,4,8.4100,3.0100,0.9299,0.4928
MUWCEM,Ni,4,3.5000,0.1300,0.5563,-0.6383
MIGVUX,Co,4,2.8900,0.0000,0.4757,-1.0000
VOMGEL,Au,4,8.7100,3.3000,0.9450,0.5315
JOBWIJ,Pd,4,2.9200,0.0300,0.4800,-0.8861
BITTOR,Ni,4,2.9100,0.0300,0.4786,-0.8861
QIKQOT,Pt,4,8.5500,2.8700,0.9370,0.4728
TAKPIF,Au,4,2.9800,0.0900,0.4886,-0.7212
ELAZIB,Cu,4,19.6500,24.1900,1.2956,1.3854
NOBGOA,Mo,4,3.5300,0.1900,0.5599,-0.5376
CORQUW,Zn,4,2.6600,0.2000,0.4409,-0.5229
TIZHIU,Pd,4,11.7800,10.3700,1.0748,1.0199
KOKZOA,Pd,4,7.2900,3.5600,0.8686,0.5635
WODDAU,Hg,4,1.5500,0.3000,0.2175,-0.3979
WEHNUT,Zn,4,15.2700,7.5400,1.1867,0.8831
NAHLEO,Ni,4,3.3500,0.5900,0.5378,-0.1612
UPOYUW,Pt,4,7.9700,3.0400,0.9069,0.4969
GUNDAV,Pd,4,9.1900,3.3400,0.9680,0.5366
ZEYHET,Ni,4,19.6000,19.8000,1.2945,1.2989
CICKIM,Cd,4,3.3900,0.1200,0.5428,-0.6576
BOGQIX,Co,4,10.0400,2.2600,1.0060,0.3729
XORVEH,Pd,4,8.9900,3.1500,0.9586,0.5119
IDENOV02,Zn,4,2.5800,0.0200,0.4281,-0.9208
KITCUM,V,4,3.2100,0.1200,0.5198,-0.6576
COTUCL13,Co,4,3.8800,0.1000,0.5999,-0.6990
IHONUS,Pt,4,3.7200,1.0100,0.5821,0.0453
DIRGIY,Pt,4,8.1100,2.9700,0.9143,0.4871
NOHLON,Zn,4,4.2900,0.7000,0.6425,-0.0969
KATRON,Cu,4,3.3200,0.5500,0.5340,-0.1871
QELDOA,Pd,4,8.4100,3.0700,0.9299,0.5011
WULSUT,Rh,4,8.6000,2.9400,0.9395,0.4829
NAXREK,Pd,4,8.7000,3.2000,0.9445,0.5185
FUFDUH,Pt,4,9.0900,3.0100,0.9633,0.4928
NEVTIS,Pt,4,8.8500,3.1700,0.9518,0.5145
MUBXUC,Ti,4,2.8300,0.1100,0.4669,-0.6778
HINBOV01,Ru,4,3.0300,0.2400,0.4955,-0.4685
YADPAW,Co,4,2.9600,0.6700,0.4857,-0.1135
JOPDEZ,Au,4,2.9100,0.0300,0.4786,-0.8861
ZEJWOC,Ni,4,3.0000,0.1700,0.4914,-0.5686
YIMJIQ,Ni,4,2.9400,0.2900,0.4829,-0.4089
XEKHIE,Pt,4,9.7400,3.0300,0.9930,0.4955
CILGIO,Cr,4,8.7700,2.4900,0.9479,0.4133
VUPMIE,Pt,4,8.4600,3.0000,0.9325,0.4914
WUJMIB16,Pd,4,7.6700,3.0800,0.8904,0.5024
GAPRUN,Pt,4,8.8900,2.9700,0.9538,0.4871
TACTIE,Ni,4,2.7600,0.1200,0.4564,-0.6576
ISUROE,W,4,2.8600,2.7200,0.4713,0.4502
FUHKOK,Zn,4,2.1300,0.3000,0.3483,-0.3979
QIXKAK,Cu,4,3.9700,0.1300,0.6096,-0.6383
NOFTOT,Ni,4,11.6800,10.3700,1.0711,1.0199
JUJCEA,Zn,4,3.1300,0.0100,0.5092,-0.9586
XADKET01,Ni,4,2.8900,0.0100,0.4757,-0.9586
YOGBEC,Pt,4,9.8500,7.5600,0.9978,0.8842
TOWNUR,Pt,4,3.1900,0.3000,0.5172,-0.3979
HUHBIY,Ni,4,5.0600,0.7800,0.7126,-0.0555
YIRTAX,Cd,4,3.2700,0.0600,0.5276,-0.7959
LUBREF,Pd,4,9.3300,3.0700,0.9745,0.5011
BUXYAY,Pd,4,3.0000,0.1700,0.4914,-0.5686
IFAYIA,Co,4,8.5100,2.8800,0.9350,0.4742
BARTAS,Pt,4,9.3800,7.5300,0.9768,0.8825
LIHNUM,Pd,4,9.1700,3.0200,0.9671,0.4942
OJELOE,Zn,4,3.5600,0.2400,0.5635,-0.4685
JOTQIW,Pd,4,8.6500,2.9600,0.9420,0.4857
CEPPEV,Pd,4,7.1300,3.5000,0.8591,0.5563
HISVOY,Rh,4,8.4300,3.3700,0.9309,0.5403
UFIBOD,Pd,4,3.3000,0.5200,0.5315,-0.2076
ZUYVIB,Cu,4,22.0900,20.8800,1.3462,1.3218
LIDKUE,Zn,4,5.1800,2.0600,0.7226,0.3345
HIZYIZ,Co,4,2.0400,1.8300,0.3304,0.2856
XIRWIH,Cu,4,4.0300,1.4300,0.6160,0.1847
RUDSIT,Ni,4,8.7800,19.3200,0.9484,1.2882
ODOZEO,Ni,4,8.7700,3.1900,0.9479,0.5172
XAPLUW,Pd,4,2.9200,0.0500,0.4800,-0.8239
QIHYAJ,Pd,4,8.5700,2.8800,0.9380,0.4742
FAPCEI,Co,4,3.0600,0.0100,0.4997,-0.9586
JOCLIW01,Re,4,2.9200,0.0100,0.4800,-0.9586
FADLAB,Pd,4,2.9800,0.1200,0.4886,-0.6576
IVIXET,Ag,4,11.9200,5.2900,1.0799,0.7316
TUPXEJ,Pd,4,8.3500,3.3400,0.9269,0.5366
TAVQIT01,Hg,4,4.8400,2.9700,0.6937,0.4871
JITCIC,Cu,4,1.9300,0.1700,0.3075,-0.5686
UZOWAJ,Ir,4,3.3100,0.5300,0.5328,-0.2007
PEXZUP,Au,4,8.4600,2.7900,0.9325,0.4609
UYEQUL,Ni,4,13.3600,24.1200,1.1290,1.3842
OHEHEP,Zn,4,4.6100,0.7100,0.6730,-0.0915
NAKKUF,Pd,4,8.3600,2.8200,0.9274,0.4654
HUFVAJ,Au,4,8.7100,3.0900,0.9450,0.5038
EZEHOJ,Cu,4,2.9000,0.0300,0.4771,-0.8861
SAZNAL,Rh,4,8.4500,2.9100,0.9320,0.4786
RIZKES,Pd,4,3.2200,0.4300,0.5211,-0.2757
DAVGOY,Pt,4,3.2300,0.4500,0.5224,-0.2596
BOLNEV01,Ni,4,2.9100,0.0400,0.4786,-0.8539
DUGMIE,Mn,4,3.0600,0.4900,0.4997,-0.2291
FIHZIG,Fe,4,2.9600,0.0100,0.4857,-0.9586
WIXSUR,Pt,4,9.2600,3.0100,0.9713,0.4928
FORWOZ,Pt,4,2.9900,0.1300,0.4900,-0.6383
YICBEV,Pd,4,8.7600,2.9500,0.9474,0.4843
PAVNIK,Pt,4,2.8800,0.0000,0.4742,-1.0000
VIDXUE,Pd,4,2.8900,0.0000,0.4757,-1.0000
CECRAH,Pd,4,8.8200,3.1000,0.9504,0.5051
NOVJAM,Pd,4,8.6100,2.9100,0.9400,0.4786
NONHUU01,Pd,4,2.9600,0.2400,0.4857,-0.4685
VICMOK,Mn,4,2.3200,0.1100,0.3838,-0.6778
QOTTOM,Pd,4,2.9300,0.1000,0.4814,-0.6990
SUHDUV,Pd,4,3.0000,0.1800,0.4914,-0.5528
IZIFED,Zn,4,4.4100,1.3500,0.6542,0.1614
TOCRAG,Pd,4,3.0200,0.2000,0.4942,-0.5229
AJILOU,Ni,4,2.8800,0.0000,0.4742,-1.0000
YEZZIN,Mo,4,3.0000,2.6900,0.4914,0.4456
EBOHAE,Pd,4,2.9400,0.0600,0.4829,-0.7959
YIGPAF,Pd,4,7.8400,5.1800,0.8998,0.7226
TAMQED01,Zn,4,2.9100,0.0200,0.4786,-0.9208
JONKAC,Pt,4,2.9200,0.0500,0.4800,-0.8239
XAHYIS,Cd,4,3.3200,0.0300,0.5340,-0.8861
MENBAI,Co,4,3.2600,0.0200,0.5263,-0.9208
DUPXUL,Pd,4,7.2800,3.2400,0.8681,0.5237
KOMBOE,Pd,4,7.9500,2.9700,0.9058,0.4871
POHTOV,Zn,4,2.0100,1.0500,0.3243,0.0607
FOKQAX,Pd,4,3.2100,0.4100,0.5198,-0.2924
QELVAE,Pd,4,3.1600,0.3500,0.5132,-0.3468
ACIVOX,Pd,4,8.4700,2.9700,0.9330,0.4871
JIWCIC,Ag,4,9.1200,3.0100,0.9647,0.4928
RUKRAR,Ag,4,3.6100,0.1300,0.5694,-0.6383
GIBKEK,Pt,4,8.0300,3.2000,0.9101,0.5185
SAQMEF,Cu,4,2.6400,0.4500,0.4378,-0.2596
DOQTOT,Pd,4,8.5900,3.0300,0.9390,0.4955
WIKVIX,Ir,4,8.6800,3.0400,0.9435,0.4969
KUMXAT,Fe,4,3.3700,0.8600,0.5403,-0.0177
WUYXIB,Pd,4,3.2200,0.4000,0.5211,-0.3010
SAQLEE,Ni,4,3.0200,0.1800,0.4942,-0.5528
VUNNIE,Zn,4,5.2800,0.9900,0.7308,0.0374
HAQGOX,Pd,4,8.2400,2.9100,0.9212,0.4786
ZUZBAA09,Pt,4,3.1200,0.2100,0.5079,-0.5086
NIHQAX,Fe,4,3.4600,0.4200,0.5514,-0.2840
FOZGAE,Ni,4,8.4800,2.9200,0.9335,0.4800
TAWYIB,Pd,4,7.9300,2.9400,0.9047,0.4829
SULRIE,Pd,4,9.5900,3.0000,0.9863,0.4914
ABETIL,Cu,4,4.0600,0.3800,0.6191,-0.3188
VINVUL,Pd,4,8.7000,3.0700,0.9445,0.5011
LUBFEW,Ag,4,5.0900,2.0100,0.7152,0.3243
RIBZIL,Pd,4,2.8900,0.0100,0.4757,-0.9586
AREQET,Pd,4,9.6200,3.0000,0.9877,0.4914
DUQZOF,Cu,4,7.5400,9.0300,0.8831,0.9605
NANMUK,Cu,4,2.7900,1.0600,0.4609,0.0645
LAZDIZ,Zn,4,11.1600,2.8600,1.0515,0.4713
INIWUX,Pd,4,9.3900,3.0000,0.9773,0.4914
CAGPOU,Cu,4,4.5300,1.7500,0.6656,0.2672
IPONUW,Pt,4,2.9900,0.1500,0.4900,-0.6021
UFIYAM,Pd,4,9.1900,3.0100,0.9680,0.4928
CORQAC01,Zn,4,2.8800,0.0000,0.4742,-1.0000
CUXVAS,Pt,4,2.9400,0.1000,0.4829,-0.6990
REQCUO04,Ag,4,7.2200,2.0600,0.8645,0.3345
CIBHEB,Hg,4,3.7500,1.0700,0.5855,0.0682
SUWVOY,Hg,4,3.4200,0.1500,0.5465,-0.6021
ELUQEI,Cu,4,5.7700,1.1300,0.7686,0.0899
EPEFIP01,Co,4,3.5900,0.0900,0.5670,-0.7212
XOLCEI,Au,4,8.1700,3.0000,0.9175,0.4914
RABSEW,Fe,4,3.4000,0.7200,0.5441,-0.0862
TINREN02,Cu,4,3.3200,0.1600,0.5340,-0.5850
FUQHEI,Pt,4,3.0900,0.1900,0.5038,-0.5376
JODDIT,Hg,4,1.5600,1.0700,0.2201,0.0682
SOYFER,Cd,4,1.9200,0.3200,0.3054,-0.3768
VUDXEB,Pd,4,3.2600,0.3700,0.5263,-0.3279
PAYWOE,Pd,4,8.9800,3.0400,0.9581,0.4969
HIWMEF,Cu,4,8.7400,2.8900,0.9465,0.4757
TAWXAS,Pd,4,8.2500,2.9900,0.9217,0.4900
YONWUT,Mn,4,3.1400,0.5000,0.5105,-0.2218
HAZTOV,Zn,4,1.1200,0.7800,0.0864,-0.0555
ZOSRAA,Cu,4,2.0500,0.1100,0.3324,-0.6778
LETCOF,Cu,4,2.9600,0.1800,0.4857,-0.5528
OGULIN,Ni,4,2.7700,0.0200,0.4579,-0.9208
YAMHEC,Pt,4,7.6100,3.0800,0.8871,0.5024
ZZZNOO12,Cu,4,8.5500,16.5300,0.9370,1.2209
NIFXAF,Rh,4,8.7900,3.1300,0.9489,0.5092
POZFAO,Ni,4,2.9500,0.0800,0.4843,-0.7447
SIGXOX,Zn,4,4.2900,0.8800,0.6425,-0.0088
QEBDOQ,Ni,4,7.0700,2.5400,0.8555,0.4216
EHEPEP,Au,4,2.9400,0.0700,0.4829,-0.7696
IWOJEK,Pd,4,8.2000,2.9800,0.9191,0.4886
IBEYIZ,Pd,4,3.1000,0.4400,0.5051,-0.2676
CEFJOP,Cu,4,1.1700,0.3900,0.1038,-0.3098
MEDJOU,Pt,4,3.2400,0.3100,0.5237,-0.3872
ASOZAJ,Ni,4,2.9000,0.0200,0.4771,-0.9208
VASTAK01,Re,4,2.9800,0.1800,0.4886,-0.5528
TOGZOI,Ni,4,2.7500,1.0100,0.4548,0.0453
IFUROQ,Ni,4,15.3500,20.0500,1.1889,1.3043
VATGUU,Cu,4,2.9000,0.0200,0.4771,-0.9208
HUJYER,Pd,4,8.7300,2.9200,0.9460,0.4800
AFOSUM,Cr,4,8.7700,2.8600,0.9479,0.4713
CIJYIF,Cu,4,9.0100,3.0700,0.9595,0.5011
ZISDUE,Pt,4,8.8100,2.9000,0.9499,0.4771
WOQQEY,Pd,4,2.8800,0.0000,0.4742,-1.0000
CAMSAM,Pd,4,3.2300,0.3600,0.5224,-0.3372
IFACUN,Cu,4,15.3200,22.4000,1.1881,1.3522
CETDUD,Pd,4,9.6600,6.6300,0.9894,0.8280
BAPJUY,Pd,4,7.8400,3.1100,0.8998,0.5065
LUZBOZ,Pt,4,9.3000,3.8000,0.9731,0.5911
CIJNUF01,Hg,4,2.9100,0.3400,0.4786,-0.3565
SESQEO,Ru,4,6.2000,2.5100,0.7993,0.4166
IMIBUE,Cu,4,2.9500,0.0600,0.4843,-0.7959
KAVZAJ,Pt,4,9.1900,2.9900,0.9680,0.4900
XUYWIY,Pd,4,7.8900,2.6700,0.9025,0.4425
RENBIW,Ni,4,8.9800,21.7300,0.9581,1.3391
HOKSEF,Pd,4,9.8000,9.2100,0.9956,0.9689
TAWVIW,Cu,4,8.3800,2.9500,0.9284,0.4843
ESOVIS,Fe,4,3.7900,0.8900,0.5899,-0.0044
UJEHUM,Ti,4,4.7700,0.2500,0.6875,-0.4559
UNELUV,Co,4,2.8400,0.0100,0.4683,-0.9586
QUMQCO,Co,4,3.0700,0.2500,0.5011,-0.4559
IREZEN,Pd,4,3.2800,0.3800,0.5289,-0.3188
QUNFEM,Ni,4,2.9300,0.1900,0.4814,-0.5376
ONEZEO,Hg,4,1.5000,1.3900,0.2041,0.1732
GUFFUI,Cd,4,5.4700,1.1500,0.7459,0.0969
DEJROA,Mn,4,2.7400,0.0100,0.4533,-0.9586
DEXLOJ06,Pd,4,9.0500,3.4500,0.9614,0.5502
XOFSOC,Pd,4,8.2600,3.0100,0.9222,0.4928
PIMDUN,Cu,4,5.7300,1.1800,0.7657,0.1072
MOZSUQ,Cd,4,2.7600,0.1000,0.4564,-0.6990
PDDMSX14,Pd,4,2.9300,0.0400,0.4814,-0.8539
OTEVUH,Ag,4,3.0200,0.1200,0.4942,-0.6576
QOSTAT,Ni,4,9.1400,2.9900,0.9657,0.4900
BURCIA,Ni,4,9.6100,2.0100,0.9872,0.3243
YATLUC,Ni,4,3.8000,2.5100,0.5911,0.4166
XIKYEZ,Mn,4,2.7900,0.0400,0.4609,-0.8539
XECFAN01,Pd,4,2.8800,0.0000,0.4742,-1.0000
DIDGEE,Cu,4,8.1100,3.0600,0.9143,0.4997
CASWUR,Co,4,2.5000,0.0400,0.4150,-0.8539
OKAGOZ,Ni,4,3.0900,0.2400,0.5038,-0.4685
MEKCUB,Co,4,2.9300,0.0100,0.4814,-0.9586
DUDWEI,Mn,4,2.8900,0.0500,0.4757,-0.8239
IXEBIX,Pd,4,8.1500,2.8200,0.9165,0.4654
GUKGIC,Zn,4,3.0500,0.1800,0.4983,-0.5528
GUDPIH,Co,4,2.9000,0.3200,0.4771,-0.3768
TAKTOQ,Cu,4,6.8500,1.0100,0.8420,0.0453
QAPZEQ,Co,4,3.1500,0.3400,0.5119,-0.3565
FAFZAR,Pt,4,3.0800,0.2700,0.5024,-0.4318
PATGUN,Pd,4,8.3200,3.2100,0.9253,0.5198
GIZFIE,Rh,4,8.5200,2.9300,0.9355,0.4814
KAWBEP,Ni,4,8.7800,3.0200,0.9484,0.4942
QIYVEB,Ni,4,17.5400,15.7500,1.2465,1.2000
IYALEA,Cu,4,3.8000,0.2900,0.5911,-0.4089
COCTAR,Pd,4,9.8200,3.2300,0.9965,0.5224
PUVLEZ,Zn,4,0.7500,0.7400,-0.0706,-0.0757
TIQZEZ01,Pd,4,7.2300,3.5100,0.8651,0.5575
DIBRAI,Pt,4,8.2400,2.8400,0.9212,0.4683
BUCDAG,Cu,4,7.1600,1.9900,0.8609,0.3201
XIDKUR,Pt,4,8.5800,3.0100,0.9385,0.4928
TEBYEH,Pd,4,8.6400,3.1300,0.9415,0.5092
ALSACU12,Cu,4,2.9200,0.0500,0.4800,-0.8239
DEDVEP,Zn,4,9.6400,13.9900,0.9886,1.1489
ILEDOS,Pt,4,8.2500,2.9600,0.9217,0.4857
FUVMAM,Cr,4,9.6400,10.0300,0.9886,1.0056
OMOJIL,Cu,4,6.2000,1.5600,0.7993,0.2201
REPFEZ,Hg,4,4.4600,0.5300,0.6590,-0.2007
RAVGAW,Rh,4,7.1200,7.0800,0.8585,0.8561
HOHNIC,Ni,4,9.6900,3.1000,0.9908,0.5051
OJEFEQ,Rh,4,3.4400,0.5400,0.5490,-0.1938
CAMCOJ,Rh,4,3.2000,0.4300,0.5185,-0.2757
FUMXAO,Fe,4,4.7500,1.1100,0.6857,0.0828
NOCRON,Au,4,8.6500,2.9200,0.9420,0.4800
ACACCU36,Cu,4,2.9500,0.0600,0.4843,-0.7959
NUWQAX01,Pd,4,8.5400,2.8900,0.9365,0.4757
JODNEZ,Cd,4,5.7500,2.5500,0.7672,0.4232
QERTAJ,Zn,4,2.2700,0.3700,0.3747,-0.3279
KEZNIO01,Co,4,3.1200,0.5500,0.5079,-0.1871
PAYNEJ01,Pt,4,3.3100,0.4900,0.5328,-0.2291
YUZXUM,Ni,4,2.9200,0.0400,0.4800,-0.8539
TOQQOH,Zn,4,4.5900,3.9100,0.6712,0.6031
XOVFIX,Pd,4,3.2000,0.4100,0.5185,-0.2924
RESVIV,Cu,4,2.9800,0.2200,0.4886,-0.4949
FIRXAG,Au,4,3.1000,0.2700,0.5051,-0.4318
GUCDAM,Cu,4,10.7500,22.8400,1.0354,1.3606
KUFHUP,Pd,4,8.8800,3.2600,0.9533,0.5263
HOXMOY,Rh,4,8.8300,3.0600,0.9509,0.4997
CALQEN,Pt,4,8.6800,2.9600,0.9435,0.4857
USEDED,Zn,4,2.1500,0.4300,0.3522,-0.2757
TEJWIQ,Zn,4,1.4800,0.5000,0.1987,-0.2218
CATROF,Pt,4,8.9000,2.8900,0.9542,0.4757
LEZDEA,Ag,4,4.3100,3.0900,0.6444,0.5038
CADBAO,Cu,4,2.8800,0.0000,0.4742,-1.0000
BQDXPT07,Pt,4,3.3400,0.4000,0.5366,-0.3010
UZEVEC,Pd,4,10.2100,3.4200,1.0133,0.5465
RAFZEH,Co,4,3.1100,0.0100,0.5065,-0.9586
RUWSOU,Cr,4,7.9400,2.6500,0.9053,0.4393
SUQCOZ,Rh,4,2.9700,0.1300,0.4871,-0.6383
FOGPUM,Fe,4,3.3700,0.7700,0.5403,-0.0605
CABQUS,Ni,4,2.9300,0.0500,0.4814,-0.8239
SARSUB,Pd,4,8.8800,3.0800,0.9533,0.5024
COVLUX03,Ni,4,2.9100,0.0300,0.4786,-0.8861
GOLKUN,Co,4,2.5900,0.0200,0.4298,-0.9208
CEYROP,Zn,4,4.9400,0.7100,0.7024,-0.0915
VEYTEA,Fe,4,2.4800,0.1100,0.4116,-0.6778
CEVTED,Pd,4,8.9300,3.2500,0.9557,0.5250
YAZLUI,Pd,4,3.0900,0.2300,0.5038,-0.4815
IKICIS,Cu,4,9.0800,2.9500,0.9628,0.4843
OKUXEX,Cu,4,1.4100,0.3100,0.1790,-0.3872
EGIKIP,Pt,4,9.5600,3.0000,0.9850,0.4914
UHECIU,Pd,4,8.8400,3.0900,0.9513,0.5038
IVAMAV,Pd,4,3.1600,0.4200,0.5132,-0.2840
URUVEK,Cu,4,2.9000,0.0200,0.4771,-0.9208
VEWQAS,Ir,4,8.7400,4.0800,0.9465,0.6212
BEYXEL,Co,4,2.9000,0.0100,0.4771,-0.9586
WELMIJ,Co,4,3.3800,0.1100,0.5416,-0.6778
CUBRIA,Ni,4,3.0500,0.2600,0.4983,-0.4437
PAKWIJ,Cu,4,2.7300,0.0100,0.4518,-0.9586
XIYTOS,Au,4,8.1000,2.9600,0.9138,0.4857
UYOCER,Ni,4,2.9400,0.1700,0.4829,-0.5686
UCUGUU,Ir,4,8.6600,3.0600,0.9425,0.4997
SOGVUG02,Ni,4,3.1600,0.3100,0.5132,-0.3872
LILSEF,Ni,4,16.7400,14.0600,1.2263,1.1511
JIHHEN,Pt,4,8.1800,3.0600,0.9180,0.4997
HERDEN,Ni,4,3.2900,0.0400,0.5302,-0.8539
YABRAZ,Pt,4,3.2800,0.4500,0.5289,-0.2596
LIBMIV,Cu,4,3.2400,0.4600,0.5237,-0.2518
IMULOS,Zn,4,2.6400,0.1300,0.4378,-0.6383
JOGSED,Ni,4,12.3900,14.8400,1.0966,1.1744
ODUCAV,Pt,4,9.4500,2.9800,0.9800,0.4886
EREJUH,Zn,4,2.9800,0.1800,0.4886,-0.5528
ZUQXAM,Pd,4,10.3600,3.4700,1.0195,0.5527
XAYHUD01,Pd,4,3.4800,0.8700,0.5539,-0.0132
KUVPOK,Pt,4,8.0100,3.0000,0.9090,0.4914
QICLEU,Pt,4,10.0200,3.2600,1.0052,0.5263
LIKXAG,Pt,4,3.3800,0.4300,0.5416,-0.2757
CISJOF,Ni,4,18.5500,19.7600,1.2707,1.2980
AGUZUY,Ti,4,2.5600,0.1900,0.4249,-0.5376
QIGCAO,Pd,4,8.7200,3.0600,0.9455,0.4997
WEQZAT01,Zn,4,3.3200,0.8500,0.5340,-0.0223
TUWJOO,Zn,4,2.6500,0.2000,0.4393,-0.5229
DIJQOC,Rh,4,8.7300,3.0500,0.9460,0.4983
CIVJEZ,Pd,4,8.6100,2.8600,0.9400,0.4713
TAPNUW,Pd,4,8.9200,2.9700,0.9552,0.4871
HOCMET,Pt,4,3.1400,0.3300,0.5105,-0.3665
SAJCEM,Pt,4,2.9500,0.0800,0.4843,-0.7447
ZUGPUO,Pt,4,9.4100,2.9800,0.9782,0.4886
ESUVIY,Co,4,3.2100,0.2200,0.5198,-0.4949
MOCFUH,Au,4,2.9600,0.1100,0.4857,-0.6778
CEZQAC,Co,4,13.4200,10.4400,1.1310,1.0228
ISIROR,Zn,4,3.6500,0.0900,0.5740,-0.7212
NESNIK,Zn,4,3.0400,0.0100,0.4969,-0.9586
KEYKAB,Zn,4,3.6600,0.7900,0.5752,-0.0506
FOJBUB02,Ni,4,2.8800,0.0000,0.4742,-1.0000
POZVUW,Ni,4,8.4000,3.1800,0.9294,0.5159
TENGAX,Zn,4,1.7400,0.3700,0.2648,-0.3279
ZESVEA,Cd,4,6.1800,2.2600,0.7980,0.3729
LAFXEY01,Ni,4,8.8600,2.8000,0.9523,0.4624
WABWED,Zn,4,2.2300,0.2800,0.3674,-0.4202
XILYUM,Pd,4,3.1500,0.3500,0.5119,-0.3468
SUGVIC,Zn,4,3.5400,0.7700,0.5611,-0.0605
AGECAR,Pt,4,4.1200,1.5100,0.6253,0.2068
XUVDIE,Y,4,10.0700,2.3800,1.0073,0.3945
TOLDEF,Zn,4,15.5700,11.7400,1.1951,1.0734
KUSBIN,Pd,4,3.1600,0.4900,0.5132,-0.2291
XOZMUU,Pd,4,3.2200,0.4200,0.5211,-0.2840
DODHAG,Re,4,7.6500,3.3600,0.8893,0.5391
EVOBIA,Cu,4,12.0100,14.1100,1.0831,1.1526
JOBTOJ,Ag,4,3.9100,1.8200,0.6031,0.2833
ECIBIC,Pd,4,8.5300,3.5500,0.9360,0.5623
DOTREL,Pt,4,9.1300,13.7100,0.9652,1.1402
ZUXZUQ,Pd,4,3.1100,0.4300,0.5065,-0.2757
FISYOX,Pd,4,3.5000,0.8100,0.5563,-0.0410
JUWDEK02,Pd,4,2.9500,0.0900,0.4843,-0.7212
KEKNOE,Pd,4,8.5100,3.0700,0.9350,0.5011
VOSZEL,Ni,4,2.1300,0.1600,0.3483,-0.5850
HIRMEE,Ni,4,12.1600,9.3600,1.0885,0.9759
MICVAX,Ni,4,12.5100,23.3900,1.1007,1.3709
HENSUO,Cu,4,8.9600,8.2900,0.9571,0.9238
YOCGIK,Pd,4,2.9700,0.1000,0.4871,-0.6990
WUGSUQ,Pt,4,9.0600,3.5400,0.9619,0.5611
JIZBAW,Mn,4,2.4300,0.0300,0.4031,-0.8861
SAGLAC,Cu,4,11.9200,11.1000,1.0799,1.0492
RIBVAR,Cu,4,9.3600,13.0800,0.9759,1.1199
IZAYAK,Pt,4,9.2400,2.9800,0.9703,0.4886
BUCHOA,Mn,4,3.5300,0.0400,0.5599,-0.8539
DEBFOF01,Pd,4,16.3200,14.6000,1.2154,1.1673
WUGTUN,Co,4,2.9000,0.3300,0.4771,-0.3665
ZUKCAJ,Pd,4,8.0500,2.9800,0.9112,0.4886
KAPPAW,Pt,4,9.1700,3.1300,0.9671,0.5092
BIYCET,Pd,4,8.9900,3.0300,0.9586,0.4955
ACPHCU02,Cu,4,15.8400,17.0400,1.2025,1.2340
MAMKAN,Pt,4,10.3100,3.4000,1.0175,0.5441
EREDUB,Pt,4,3.0600,0.2300,0.4997,-0.4815
WURXOZ,Mn,4,2.7300,0.0100,0.4518,-0.9586
JIPBAL,Zn,4,2.0700,0.1400,0.3365,-0.6198
FOZHIP,Pt,4,3.8000,1.1100,0.5911,0.0828
PUPMEW,Pd,4,3.4800,0.7400,0.5539,-0.0757
TIXYIM,Au,4,8.2700,3.0000,0.9227,0.4914
ZIDRUZ,Pt,4,3.0200,0.1900,0.4942,-0.5376
PETKAB,Pt,4,8.7200,2.9000,0.9455,0.4771
TUMZIM,Pd,4,9.3600,3.0300,0.9759,0.4955
AHEFIC,Pd,4,2.9000,0.0500,0.4771,-0.8239
ZUTKII,Pd,4,7.6600,3.3400,0.8899,0.5366
COBWEW,Pd,4,7.6100,3.0400,0.8871,0.4969
YOSQOO,Cu,4,11.4800,3.6600,1.0637,0.5752
FEQJUG,Cu,4,7.1500,5.3300,0.8603,0.7348
TEXQIW,Co,4,0.7900,0.3900,-0.0506,-0.3098
BELVAS,Ni,4,2.9200,0.0400,0.4800,-0.8539
NESCAR,Zn,4,2.4400,1.4000,0.4048,0.1761
UWULEF,Pt,4,3.1800,0.3500,0.5159,-0.3468
TMPRHC11,Rh,4,2.6000,0.0200,0.4314,-0.9208
FEMJIU,Pd,4,9.0600,2.9600,0.9619,0.4857
PIFQAY,Pd,4,3.2900,0.4900,0.5302,-0.2291
ENEKAM,Co,4,5.1000,1.7300,0.7160,0.2625
BILKAM,Zn,4,2.7800,1.3300,0.4594,0.1553
LECJUZ,La,4,2.3900,0.1300,0.3962,-0.6383
NAWHUQ,Ni,4,12.4000,9.4600,1.0969,0.9805
BEZKOH,Zn,4,2.7300,0.0200,0.4518,-0.9208
MUQCOU,Cu,4,3.0700,1.3800,0.5011,0.1703
HIPSUV,Rh,4,3.3300,0.5800,0.5353,-0.1675
YIHZEV,Pd,4,8.7800,3.2800,0.9484,0.5289
IXUKER,Hg,4,5.0900,2.2300,0.7152,0.3674
XUQYOZ,Ni,4,3.0600,0.1500,0.4997,-0.6021
DIZVUE,Ni,4,3.2100,0.2800,0.5198,-0.4202
MOZGIU02,Zn,4,2.4200,0.6200,0.4014,-0.1427
TUJXIG01,Zn,4,3.0100,1.0300,0.4928,0.0531
OMOHUT,Zn,4,2.7100,0.0900,0.4487,-0.7212
WEPVIA,Ni,4,9.1600,13.0600,0.9666,1.1193
FIQTII,Zn,4,3.6700,0.6800,0.5763,-0.1079
ILETAW,Mn,4,6.6800,2.5500,0.8312,0.4232
FUDVIK,Zn,4,3.0100,0.5600,0.4928,-0.1805
GERZUZ,Rh,4,9.3700,3.2400,0.9763,0.5237
OVIXEZ,Mo,4,3.3800,0.2000,0.5416,-0.5229
AXADUY,Cu,4,0.9400,0.5500,0.0170,-0.1871
GIDPIU,Rh,4,12.9000,4.5300,1.1139,0.6656
MAHYAW,Cu,4,2.9300,0.0700,0.4814,-0.7696
OVADIA01,Cu,4,2.9000,0.0200,0.4771,-0.9208
YACXEF,Ti,4,11.5600,12.9200,1.0667,1.1146
IWUDUB,Pd,4,8.9900,3.0000,0.9586,0.4914
JONJOP,Rh,4,2.9500,0.2500,0.4843,-0.4559
FOPWAJ,Hg,4,15.0300,5.3500,1.1798,0.7364
ZEHJUV,Ni,4,15.8300,10.1900,1.2022,1.0124
DOZXUN,Au,4,9.2600,3.0900,0.9713,0.5038
NONWES60,Pd,4,8.3100,2.9100,0.9248,0.4786
BEVJAR,Ni,4,1.0900,0.7900,0.0755,-0.0506
QUDBID,Au,4,3.1800,0.3500,0.5159,-0.3468
HUSGAD,Co,4,1.8000,1.7800,0.2788,0.2742
HAVCUD,Cu,4,9.0100,15.8500,0.9595,1.2028
QIPKOS,V,4,2.7700,0.1100,0.4579,-0.6778
MOFGIZ,Ni,4,13.9700,9.4200,1.1483,0.9786
LAQFAL,Cu,4,2.9400,0.4200,0.4829,-0.2840
IDAVOB,Fe,4,7.0100,2.7400,0.8519,0.4533
HUVFIO,Pd,4,8.2900,2.7300,0.9238,0.4518
AWADUA,Ni,4,12.1500,10.3400,1.0881,1.0187
XOMMAN,V,4,3.4900,0.8300,0.5551,-0.0315
GUSLAK,Pt,4,2.9000,0.0200,0.4771,-0.9208
OGIXUX,Cu,4,2.9500,0.0700,0.4843,-0.7696
LURTAV,Pd,4,8.7300,3.1000,0.9460,0.5051
KAWCOB,Ni,4,8.9200,6.3100,0.9552,0.8069
CICBIZ,Au,4,8.6500,2.8800,0.9420,0.4742
KAYVAI,Ni,4,8.3500,2.8800,0.9269,0.4742
MONROY,Fe,4,2.8100,0.4800,0.4639,-0.2366
XAKJUQ,Ag,4,5.0200,2.0000,0.7093,0.3222
SAZFOR,Co,4,2.7600,0.0700,0.4564,-0.7696
OHERIC,Pt,4,2.9100,0.0400,0.4786,-0.8539
YEXCEM,Pt,4,2.8800,0.1600,0.4742,-0.5850
TAKPED,Fe,4,4.0300,0.4700,0.6160,-0.2441
MADGAA,Pt,4,2.8800,0.0000,0.4742,-1.0000
AZIKIF,Pd,4,8.0100,2.9600,0.9090,0.4857
ECEVEN,Pt,4,3.3800,0.4400,0.5416,-0.2676
JIKBEN,Pd,4,3.1500,0.3400,0.5119,-0.3565
GEZQOV01,Zn,4,3.3400,0.4800,0.5366,-0.2366
UTOGOA,Ni,4,8.4200,2.8400,0.9304,0.4683
JOGBEN,Cu,4,4.6700,6.3900,0.6785,0.8122
BETBUZ,Pd,4,8.5400,3.1900,0.9365,0.5172
DTOXNI,Ni,4,9.0400,2.8600,0.9609,0.4713
VIFMEG,Au,4,2.8800,0.0000,0.4742,-1.0000
POGPIL,Cu,4,8.0000,2.4900,0.9085,0.4133
MIPBEU,Cu,4,3.4900,1.1700,0.5551,0.1038
LEZFIG,Ag,4,9.1400,2.7500,0.9657,0.4548
POQWIB,Ag,4,3.6400,0.4400,0.5729,-0.2676
VUCTUJ,Zn,4,3.6100,0.9500,0.5694,0.0212
SEHHIX12,Co,4,3.2900,0.1200,0.5302,-0.6576
ECIQEM,Mn,4,3.3300,0.0400,0.5353,-0.8539
NOXJER,Pt,4,7.7800,3.1100,0.8965,0.5065
UNOJOX,Ni,4,2.9100,0.0300,0.4786,-0.8861
GUCROO,Zn,4,2.3700,0.0700,0.3927,-0.7696
JAQVEF,Cu,4,2.4200,0.1000,0.4014,-0.6990
BIZWUF,Co,4,3.1400,1.1200,0.5105,0.0864
ZIYCES,Zn,4,3.2300,0.7200,0.5224,-0.0862
PONQOY,Cu,4,13.5600,11.5500,1.1355,1.0663
ACACCU05,Cu,4,2.9400,0.0500,0.4829,-0.8239
SISWIA,Pt,4,2.9100,0.0300,0.4786,-0.8861
TASCAU,Au,4,8.6400,3.5000,0.9415,0.5563
YIZMIH,Cu,4,2.9600,0.1000,0.4857,-0.6990
YAFLEY,Cu,4,8.7200,16.1400,0.9455,1.2106
HAJBOM,Pd,4,9.6900,4.1600,0.9908,0.6294
NASTUA,Pt,4,7.5100,3.1000,0.8814,0.5051
PIMVIU,Ni,4,4.4500,1.2000,0.6580,0.1139
CIFBUS,Pt,4,7.8400,3.0500,0.8998,0.4983
XUCVUN,Ni,4,8.1100,2.9100,0.9143,0.4786
LUYSUV,Pd,4,9.6800,3.2100,0.9903,0.5198
WEZVEF,Mo,4,8.7900,2.8900,0.9489,0.4757
LEZYIA,Pd,4,12.4800,6.6100,1.0997,0.8267
ZOYDAS,Pd,4,2.9700,0.1200,0.4871,-0.6576
EKUSUY,Pd,4,2.9400,0.0700,0.4829,-0.7696
KUWWUY,Ag,4,6.0600,4.2800,0.7896,0.6415
SANCUF,Pd,4,3.0400,0.1900,0.4969,-0.5376
LEGKUH,Co,4,3.0400,0.4200,0.4969,-0.2840
XUQWIS,Pt,4,9.0200,2.8900,0.9600,0.4757
OPOKAG,Pd,4,3.6200,0.9000,0.5705,0.0000
LUJRIR,Ni,4,2.9300,0.0600,0.4814,-0.7959
OJUWOG,Ni,4,21.3000,18.6200,1.3304,1.2723
ZADHOE01,Zn,4,2.8500,0.0100,0.4698,-0.9586
KOZSEB01,Zn,4,2.1900,0.5500,0.3598,-0.1871
TOKMIR,Co,4,3.8400,0.4300,0.5955,-0.2757
ENEGIN,Pd,4,7.5700,3.1100,0.8848,0.5065
GULHAY,Au,4,9.3900,2.9600,0.9773,0.4857
PANLOI,Zn,4,5.6000,1.2000,0.7559,0.1139
XUGPUL,Fe,4,3.3100,0.0300,0.5328,-0.8861
NODJAS,Cr,4,6.5700,3.6800,0.8241,0.5775
YEKHAY,Pd,4,9.8000,13.5800,0.9956,1.1361
GEDTOB,Pd,4,2.8100,0.0400,0.4639,-0.8539
WAVTUL,Ni,4,2.9700,0.2200,0.4871,-0.4949
UGUBEH01,Zn,4,2.1600,0.1100,0.3541,-0.6778
KUYRAY,Pt,4,8.1600,2.9400,0.9170,0.4829
OMIKUS,Zn,4,3.9100,0.7300,0.6031,-0.0809
TIFXUC,Ni,4,9.1900,12.6200,0.9680,1.1045
ABEBUG,Co,4,3.7900,1.0500,0.5899,0.0607
LALMOC,Pd,4,8.4500,2.9100,0.9320,0.4786
KIHRAU,Zr,4,2.9300,0.0400,0.4814,-0.8539
HIPVEH02,Ag,4,10.9800,4.3400,1.0445,0.6474
PIFZEM,Co,4,3.9100,0.5000,0.6031,-0.2218
UTAQIS,Cu,4,2.1500,1.2400,0.3522,0.1271
VUFLAN,Rh,4,2.4500,0.0700,0.4065,-0.7696
XIPQES,Zn,4,3.0800,0.6500,0.5024,-0.1249
LOQFEG,La,4,2.3600,0.5300,0.3909,-0.2007
QOKKAF,Pd,4,7.8700,2.9600,0.9015,0.4857
PUPJAP,Cu,4,8.3800,2.8900,0.9284,0.4757
PUQQAX,Ni,4,6.7600,1.3100,0.8363,0.1492
YEBRON,Pt,4,8.6900,2.8900,0.9440,0.4757
HOHKUL,Pd,4,8.5800,2.8300,0.9385,0.4669
SEHGAR,Pd,4,2.8800,0.0000,0.4742,-1.0000
QUNZOR,Pt,4,9.8000,3.2200,0.9956,0.5211
GAKDAB,Pd,4,9.5200,3.2600,0.9832,0.5263
XODXET,Rh,4,6.4500,2.8300,0.8162,0.4669
CURMEI,W,4,2.8500,0.0000,0.4698,-1.0000
KESTOU,Zn,4,5.5800,0.6200,0.7543,-0.1427
SEYCIJ,Cu,4,14.8700,14.4400,1.1752,1.1626
XUBDOP,Zn,4,5.5800,1.1500,0.7543,0.0969
WUCCAB,Pt,4,3.0000,0.1000,0.4914,-0.6990
WELJIJ,Zn,4,5.4400,1.0000,0.7435,0.0414
MARRON,Pt,4,8.4800,3.1600,0.9335,0.5132
DEDZET,Rh,4,8.9600,3.3600,0.9571,0.5391
IKEDEJ,Pd,4,9.0500,2.9900,0.9614,0.4900
YARYUN,Co,4,3.5200,0.2300,0.5587,-0.4815
LEMDEM,Pd,4,3.0500,0.1900,0.4983,-0.5376
IBEWEU,Pd,4,8.9000,2.9700,0.9542,0.4871
HARXON,Pd,4,11.0500,3.3700,1.0473,0.5403
FEKMOA,Cr,4,2.9100,0.0600,0.4786,-0.7959
AWORUZ,Pd,4,8.3000,2.9100,0.9243,0.4786
BOHVAX,Ni,4,8.6800,3.0300,0.9435,0.4955
ISUYAW,Zn,4,2.2400,0.4100,0.3692,-0.2924
RABKEP,Pd,4,9.1600,2.9500,0.9666,0.4843
WABGUE,Pd,4,2.9200,0.0900,0.4800,-0.7212
CISYEJ,Rh,4,3.0500,0.2300,0.4983,-0.4815
QETXIX,Pd,4,3.0100,0.1700,0.4928,-0.5686
OXIFEH,Cu,4,9.2600,9.2800,0.9713,0.9722
WOKBUU,Pd,4,2.9800,0.0800,0.4886,-0.7447
UMUXOQ,Cu,4,0.8700,0.5900,-0.0132,-0.1612
GUXCEK,Zn,4,3.3100,0.2700,0.5328,-0.4318
YUYXIA,Co,4,3.7500,0.5200,0.5855,-0.2076
NOQZOK,Pd,4,2.9300,0.0400,0.4814,-0.8539
ROCYOB,Pt,4,3.1200,0.2900,0.5079,-0.4089
OHEREB,Cu,4,4.1900,1.5400,0.6325,0.2148
ISEFAN,Mo,4,3.1400,0.1500,0.5105,-0.6021
FEKYED,Pd,4,3.2400,0.4000,0.5237,-0.3010
XIVHOC,Pd,4,3.0500,0.2100,0.4983,-0.5086
YOCNIO,Zn,4,3.1500,0.5400,0.5119,-0.1938
ADUBUA,Pd,4,8.6000,2.8900,0.9395,0.4757
DORQUW,Zn,4,4.5900,0.3800,0.6712,-0.3188
PEHPUP01,Pt,4,3.0800,0.2600,0.5024,-0.4437
HUCMIC,Ni,4,5.4200,0.4900,0.7419,-0.2291
GEMYIK,Pd,4,2.9100,0.0400,0.4786,-0.8539
YUWMOT,Pt,4,8.2500,2.9900,0.9217,0.4900
SIHYOB,Ni,4,13.5400,15.2200,1.1348,1.1853
QOHXAO,Pd,4,8.6200,2.9000,0.9405,0.4771
BSALCU11,Cu,4,6.5000,1.4100,0.8195,0.1790
TOXYAG,Pt,4,9.8900,3.2100,0.9996,0.5198
IXIXOC,Pt,4,2.9200,0.0400,0.4800,-0.8539
EHIWEY,Zn,4,3.0700,0.0200,0.5011,-0.9208
QEYJUC,Pt,4,9.9400,3.3000,1.0017,0.5315
ETOSIR,V,4,2.9500,0.0200,0.4843,-0.9208
QOJDUQ,Pt,4,3.5800,0.8500,0.5658,-0.0223
XUTDAT,Co,4,5.1200,0.8800,0.7177,-0.0088
SUQDEQ,Rh,4,3.0100,0.1800,0.4928,-0.5528
TUDZOJ,Pd,4,8.1600,3.2700,0.9170,0.5276
VIBNAV,Cu,4,2.8900,0.0400,0.4757,-0.8539
LIPDOE,Ni,4,7.7500,4.2300,0.8949,0.6365
PUSWOR,Zn,4,5.5600,1.1000,0.7528,0.0792
WAHPUS,Ni,4,2.9300,0.0500,0.4814,-0.8239
SAENNI03,Ni,4,8.2700,12.8500,0.9227,1.1123
PEQNOP,Pd,4,2.8800,0.0000,0.4742,-1.0000
TIFVOX,Zn,4,4.6700,8.0500,0.6785,0.9112
QAFMOA,Pd,4,8.9000,2.9200,0.9542,0.4800
FOPMIJ,Pt,4,3.2100,0.3400,0.5198,-0.3565
QUXTOU,Ag,4,3.0100,1.7600,0.4928,0.2695
QATSAH,Cu,4,3.1500,1.4000,0.5119,0.1761
JEVSEJ,Zn,4,3.6600,0.8200,0.5752,-0.0362
IWAKOJ,Pd,4,7.7300,3.0400,0.8938,0.4969
WUTYIU,Ni,4,13.2500,11.0700,1.1255,1.0481
KARRED,Fe,4,5.4300,1.1100,0.7427,0.0828
SIZNUL01,Ni,4,8.1600,2.9000,0.9170,0.4771
REJNUQ,Hg,4,3.0100,1.0800,0.4928,0.0719
WITNOG,Cu,4,2.4000,0.5500,0.3979,-0.1871
INICIR,Pt,4,7.7700,3.3000,0.8960,0.5315
KAHKAG,Co,4,3.7900,0.3600,0.5899,-0.3372
PUHFIH,Cu,4,2.2800,0.1100,0.3766,-0.6778
COMQED,Pt,4,3.3600,0.5400,0.5391,-0.1938
KICDUW,Ni,4,9.4200,13.1000,0.9786,1.1206
IJOSIM,Au,4,8.0800,3.1800,0.9128,0.5159
JUSGAH,Ni,4,3.0100,0.2100,0.4928,-0.5086
MASYIO,Hg,4,2.9000,0.1400,0.4771,-0.6198
LIZGUA,Co,4,3.2500,0.5100,0.5250,-0.2147
TCHZCU,Cu,4,1.1200,6.3300,0.0864,0.8082
COXTOB,Ni,4,2.9000,0.0400,0.4771,-0.8539
EZEQEF,Pd,4,3.3500,0.6100,0.5378,-0.1487
FEXDER,Pd,4,10.4500,7.4700,1.0233,0.8791
IGOWOR,Pd,4,8.5300,2.9500,0.9360,0.4843
NONWES94,Pd,4,7.9500,2.9700,0.9058,0.4871
YUJMAT,Zn,4,1.0900,0.5700,0.0755,-0.1739
FIHTUN,Ni,4,3.3400,0.5700,0.5366,-0.1739
ZIJGAD,Pd,4,2.9300,0.0900,0.4814,-0.7212
HOJROO,Pt,4,3.0600,0.2300,0.4997,-0.4815
CEGFED,Sc,4,2.0600,0.2100,0.3345,-0.5086
OYAQOX01,Cu,4,2.8800,0.0000,0.4742,-1.0000
ONUJIS,Ag,4,6.3800,2.4900,0.8116,0.4133
MABNUZ,Cu,4,9.1200,9.8800,0.9647,0.9991
TELNOQ,Pt,4,9.2500,3.0100,0.9708,0.4928
QOPBIG,Ti,4,7.2100,5.7600,0.8639,0.7679
OYUNUU,Ni,4,8.2200,2.8100,0.9201,0.4639
CAZKAQ,Co,4,2.5000,0.0400,0.4150,-0.8539
HIDMAK,Pt,4,8.5400,2.9400,0.9365,0.4829
PAMZOW,Au,4,9.0600,3.4900,0.9619,0.5551
NUSGUF,Pd,4,9.8700,3.1600,0.9987,0.5132
UZEDOU,Ni,4,9.3800,9.0300,0.9768,0.9605
YUTXUK,Cu,4,3.6500,1.6100,0.5740,0.2330
ARIBAG,Fe,4,3.3100,0.5700,0.5328,-0.1739
UMUXUV,Cu,4,22.1100,24.0800,1.3465,1.3835
NOJHED,Cd,4,2.5700,0.0300,0.4265,-0.8861
RAGHAI,Pd,4,9.8400,3.2000,0.9974,0.5185
ADURUM,Ag,4,3.6200,1.9500,0.5705,0.3118
MORSOB,Pd,4,8.6100,3.0200,0.9400,0.4942
KUNJIM,Rh,4,7.3600,2.0600,0.8727,0.3345
NUTXOQ,W,4,2.9500,0.0000,0.4843,-1.0000
PAKDEM,Cu,4,2.0100,0.0800,0.3243,-0.7447
TARSIO,Fe,4,2.8800,0.0000,0.4742,-1.0000
TEZPUN,Pt,4,2.9800,0.1200,0.4886,-0.6576
VOKNOY,Ni,4,14.6900,17.9200,1.1700,1.2558
HULJIK,Pd,4,8.2000,2.8800,0.9191,0.4742
REZNAM,Cu,4,2.9100,0.0400,0.4786,-0.8539
HUGQEH,Fe,4,3.7300,0.1100,0.5832,-0.6778
JUYXAE01,Cu,4,9.0100,7.1700,0.9595,0.8615
POMLIQ,Zn,4,7.5700,7.3200,0.8848,0.8704
REPFOJ,Zn,4,4.0300,0.2800,0.6160,-0.4202
BACYUA,Cu,4,5.7200,1.0800,0.7649,0.0719
NUNVUO,Cu,4,2.3800,0.3200,0.3945,-0.3768
MAVJAU,Cr,4,6.5700,11.0300,0.8241,1.0465
XUYTOD,Mn,4,0.8600,5.0800,-0.0177,0.7143
YETJIQ,Rh,4,8.5800,3.0600,0.9385,0.4997
OLIBAO,Fe,4,4.8300,1.0400,0.6928,0.0569
FUQBOL,Cu,4,7.6700,2.2000,0.8904,0.3617
QOSZON23,Fe,4,2.5900,2.2000,0.4298,0.3617
ENOHAS,Pd,4,9.9700,14.5100,1.0030,1.1647
WEWNUK,Pd,4,8.4900,2.9600,0.9340,0.4857
TACSAU,Fe,4,3.5400,0.0700,0.5611,-0.7696
AYUHIN01,Ni,4,1.4600,0.7400,0.1931,-0.0757
OCOPEE,Pd,4,9.0000,12.2800,0.9590,1.0927
VEJNAA,Cd,4,4.0700,0.1400,0.6201,-0.6198
UBOYAO,Pd,4,7.9600,3.3400,0.9063,0.5366
XOYSIN,Rh,4,8.7300,3.5200,0.9460,0.5587
AZAPUO,Pd,4,13.9600,20.2100,1.1480,1.3077
CUMBOD,Ni,4,3.2400,0.4600,0.5237,-0.2518
XANYUI,Ni,4,14.8100,17.9200,1.1735,1.2558
PEYWIB,Pd,4,8.0800,3.0300,0.9128,0.4955
EWOZUM,Zn,4,2.2600,0.2800,0.3729,-0.4202
QIVRIZ,Cu,4,3.2700,0.3000,0.5276,-0.3979
GIRHAT,Mn,4,3.2300,0.5700,0.5224,-0.1739
BUACUM02,Cu,4,2.8800,0.0000,0.4742,-1.0000
JIBVOI,Hg,4,6.6300,2.7800,0.8280,0.4594
NODCEQ,Pd,4,9.1900,3.2100,0.9680,0.5198
LUMTOF,Pt,4,8.6400,2.8300,0.9415,0.4669
HIWDAT,Co,4,3.3100,0.5500,0.5328,-0.1871
QEQXOA,Pd,4,9.2700,3.6200,0.9717,0.5705
LULRAM,Co,4,2.1900,0.4400,0.3598,-0.2676
MEBMUC,Cu,4,2.9500,0.0600,0.4843,-0.7959
NODHUK,Cr,4,10.9200,15.8300,1.0422,1.2022
KATZIO02,Cu,4,4.3400,0.3700,0.6474,-0.3279
PASLIH,Pt,4,3.0200,0.1700,0.4942,-0.5686
JABGON,Pt,4,9.4700,7.3800,0.9809,0.8739
CUBKOZ,Ni,4,11.5000,12.7000,1.0645,1.1072
QUBPUC,Cu,4,3.1000,0.2800,0.5051,-0.4202
AREKUE,Ni,4,2.9800,0.1800,0.4886,-0.5528
TAWZAU,Pt,4,2.9400,0.0600,0.4829,-0.7959
BUJDOA,Pd,4,2.8900,0.0100,0.4757,-0.9586
MOHDUK,Pd,4,3.0300,0.1900,0.4955,-0.5376
IBALII,Pd,4,10.1000,3.2200,1.0086,0.5211
XETNUF,Pd,4,9.1600,3.0200,0.9666,0.4942
CEZHIY,Pd,4,10.7600,15.1700,1.0358,1.1838
XIBNEB,Pd,4,8.7700,3.0000,0.9479,0.4914
BIBJED,Zn,4,3.5600,1.1900,0.5635,0.1106
BAMXAQ,Ni,4,21.6400,12.9100,1.3373,1.1143
IWALEX,Pt,4,7.5700,3.0800,0.8848,0.5024
HATHIU,Zn,4,9.2600,9.6000,0.9713,0.9868
ASALNI11,Ni,4,2.9300,0.0500,0.4814,-0.8239
WERNIQ,Ni,4,8.4400,2.9900,0.9315,0.4900
FIFJIO,Pd,4,8.6400,2.9100,0.9415,0.4786
IMUHAA,Pd,4,15.4800,13.5600,1.1926,1.1355
EMEMIT,Cu,4,8.6300,17.5300,0.9410,1.2463
QURMIC,Hg,4,2.7000,1.3000,0.4472,0.1461
YABGAK02,Fe,4,6.1500,1.2200,0.7959,0.1206
EBEZUJ,Pt,4,8.3400,3.0300,0.9263,0.4955
UBEXOR,Ni,4,2.9300,0.0400,0.4814,-0.8539
HOYPAQ,Zn,4,3.2700,0.0400,0.5276,-0.8539
QOKPEP,Pd,4,3.3100,0.5300,0.5328,-0.2007
ZAVYIE,Rh,4,3.2000,0.4500,0.5185,-0.2596
JAZFIA,Pd,4,8.4100,2.9400,0.9299,0.4829
NEQWEO,Au,4,3.1500,0.3300,0.5119,-0.3665
GACLIG,Pd,4,8.1800,2.6200,0.9180,0.4346
VPYCOC02,Co,4,2.7300,0.2100,0.4518,-0.5086
VUGVIF,Ag,4,5.3000,0.9400,0.7324,0.0170
EBIXAQ,Ni,4,9.0200,2.9000,0.9600,0.4771
FUJGIE,Pt,4,2.8900,0.0100,0.4757,-0.9586
LEQLAY,Zn,4,2.4400,0.2600,0.4048,-0.4437
ZOSCIV,Ti,4,8.0800,6.1600,0.9128,0.7966
UROBAH,Au,4,8.5600,2.9200,0.9375,0.4800
AXUQAN,Co,4,2.8800,0.0000,0.4742,-1.0000
LETVEP,Pt,4,9.0000,13.1900,0.9590,1.1235
UMUZEH,Cu,4,19.8200,20.0800,1.2993,1.3049
YEKHOM,Pt,4,9.8300,10.1200,0.9969,1.0095
NINFEW,Hg,4,3.5000,0.5500,0.5563,-0.1871
OFEROI,Pd,4,9.2500,3.2700,0.9708,0.5276
HANREV,Pd,4,12.9100,10.3800,1.1143,1.0204
COFPEU,Pd,4,8.5700,2.9500,0.9380,0.4843
VEKDIZ,Zn,4,13.7200,9.4700,1.1405,0.9809
YOQMOK,Pt,4,3.0500,0.2200,0.4983,-0.4949
WIWGOZ,Ni,4,3.0000,0.1100,0.4914,-0.6778
IREVAE,Cu,4,9.2800,3.0400,0.9722,0.4969
DIWGIC,Cu,4,8.5700,2.8700,0.9380,0.4728
ZADHOE,Zn,4,2.7300,0.0100,0.4518,-0.9586
LABSAJ,Cu,4,8.0100,2.2500,0.9090,0.3711
YIQPAS,Cu,4,3.1500,1.4200,0.5119,0.1818
VIVBAF,Au,4,7.4200,7.0600,0.8762,0.8549
EHESIV,Pd,4,11.8400,15.2200,1.0770,1.1853
UDEMAT,Cu,4,2.8700,1.7600,0.4728,0.2695
BIFXAP,Zn,4,3.1000,0.2800,0.5051,-0.4202
MIVGIH,Ni,4,3.0200,0.0300,0.4942,-0.8861
SUWWEP,Co,4,2.6000,0.1200,0.4314,-0.6576
PEXHAD,Pt,4,9.2500,3.4500,0.9708,0.5502
XOSYIO,Pd,4,3.1400,0.2900,0.5105,-0.4089
NEWYAR,Pd,4,3.0800,0.2600,0.5024,-0.4437
CFPYPD,Pd,4,2.9100,0.0200,0.4786,-0.9208
SAJFOD,Zn,4,2.1100,0.1500,0.3444,-0.6021
XEHCOD,Au,4,9.4600,3.0200,0.9805,0.4942
MEVDOG,Pd,4,8.8700,2.9600,0.9528,0.4857
AKIBUR,Au,4,5.0100,0.8900,0.7084,-0.0044
PAMTCC01,Cu,4,2.8800,0.0000,0.4742,-1.0000
RIMDIE,Au,4,8.9500,3.1500,0.9566,0.5119
DOMMUN,Zn,4,2.3200,1.2400,0.3838,0.1271
PIZZOP,Cu,4,2.9400,0.0700,0.4829,-0.7696
NAKZUX,Pd,4,12.3800,15.7800,1.0962,1.2009
WULLEU,Pt,4,2.9800,0.1200,0.4886,-0.6576
QIMPAG,Ni,4,2.9100,0.0400,0.4786,-0.8539
ZIPHUD,Zn,4,3.7800,0.1700,0.5888,-0.5686
FIJMOE,Cu,4,3.0600,1.1500,0.4997,0.0969
POLPEN,Ni,4,2.8900,0.0100,0.4757,-0.9586
GENYOP,Ni,4,3.3400,0.6100,0.5366,-0.1487
SOCGIE,Ag,4,14.8900,16.6000,1.1758,1.2227
XEWJES,Pd,4,9.1600,3.0500,0.9666,0.4983
JUJLOR,Pt,4,7.3700,3.1900,0.8733,0.5172
WAYCII,Pt,4,9.2300,3.4300,0.9699,0.5478
TARNAB,Ag,4,5.8200,1.6500,0.7723,0.2430
REDYUU,Pt,4,8.2300,2.9100,0.9206,0.4786
QOKBUR,Cu,4,4.6400,0.6300,0.6758,-0.1367
POLZOF,Ir,4,6.0500,2.1100,0.7889,0.3444
VELTUE,Fe,4,2.0400,0.7600,0.3304,-0.0655
JOXMIV,Co,4,3.0800,0.3000,0.5024,-0.3979
LOQGUU,Zn,4,3.3800,0.4600,0.5416,-0.2518
ITIKUS,Cu,4,15.2100,18.5300,1.1850,1.2702
DACHIA,Pd,4,9.9100,3.0600,1.0004,0.4997
KAXTAI,Zn,4,4.2700,0.6300,0.6405,-0.1367
QAWVAO,Cu,4,3.7200,0.3500,0.5821,-0.3468
ISALCU02,Cu,4,1.1400,0.4800,0.0934,-0.2366
QOJQOZ,Ni,4,19.2700,18.3700,1.2871,1.2665
UHEREE,Ni,4,9.3400,10.1800,0.9750,1.0120
VUVQEM,Ni,4,2.9500,0.0700,0.4843,-0.7696
XUWGUR,Pd,4,8.1300,3.0600,0.9154,0.4997
NOCSAA,Au,4,9.1600,3.0000,0.9666,0.4914
MAWPEG,Pd,4,2.9300,0.0500,0.4814,-0.8239
BACFIY,Nb,4,3.3000,0.2100,0.5315,-0.5086
ROCTOW,Ni,4,16.8900,7.1600,1.2302,0.8609
LUFLEG,Cu,4,3.5100,1.3800,0.5575,0.1703
GIRRIL,Rh,4,3.0700,0.2300,0.5011,-0.4815
REWZAY,Cu,4,2.9300,0.0600,0.4814,-0.7959
HIXZET,Rh,4,7.3100,2.0600,0.8698,0.3345
MSLDNI17,Ni,4,2.9200,0.0400,0.4800,-0.8539
JEPZOW,Fe,4,3.3400,0.6000,0.5366,-0.1549
MENYEK,Cu,4,4.6800,1.1700,0.6794,0.1038
KAZYUJ,Ni,4,8.8400,21.5800,0.9513,1.3361
VIDGEV,Zn,4,2.7000,0.4500,0.4472,-0.2596
ZEHHED,Pd,4,9.4900,9.9700,0.9818,1.0030
KANPIZ01,Cu,4,3.0900,0.2600,0.5038,-0.4437
TOQSAU,Pt,4,3.1100,0.2900,0.5065,-0.4089
AHORUK,Co,4,3.0100,0.6800,0.4928,-0.1079
SICSED,Au,4,3.1100,0.2800,0.5065,-0.4202
GUHTEK,Cu,4,3.0300,0.1900,0.4955,-0.5376
CUXNEQ,Pd,4,8.9200,2.9500,0.9552,0.4843
IQAJAM,Zn,4,3.2000,0.1400,0.5185,-0.6198
OMOKIM,Cu,4,6.2500,4.4800,0.8028,0.6609
RIBYEG,Cu,4,2.9100,0.0400,0.4786,-0.8539
TONHOW,Ni,4,18.2100,15.8300,1.2627,1.2022
IPHCIR,Rh,4,19.4500,16.9400,1.2911,1.2315
YOQMIE,Pt,4,3.0500,0.2100,0.4983,-0.5086
RADPAO,Ni,4,3.0200,0.1800,0.4942,-0.5528
XAZTUQ,Ni,4,8.4700,12.8900,0.9330,1.1136
RIPNIO,Cu,4,2.3100,0.0500,0.3820,-0.8239
QANGAR,Pd,4,7.9400,3.0500,0.9053,0.4983
APEQOE,Pd,4,10.0300,3.4600,1.0056,0.5514
DEDGIG01,Mn,4,2.6700,0.0200,0.4425,-0.9208
KOSQOA,Cu,4,5.3300,2.1800,0.7348,0.3579
HUPVIX,Cu,4,4.8300,0.7700,0.6928,-0.0605
OLIFEX,Co,4,2.5300,0.0400,0.4200,-0.8539
YOXGEY,Pd,4,8.5100,3.0400,0.9350,0.4969
IRIWIR,Fe,4,2.6000,0.0100,0.4314,-0.9586
LATJAR,Pd,4,8.3200,3.0800,0.9253,0.5024
XUBLUF,Ni,4,2.9700,0.2000,0.4871,-0.5229
UVOWUY,Pd,4,2.8800,0.0000,0.4742,-1.0000
NERDOD,Cu,4,8.7100,12.3900,0.9450,1.0966
QUPVAC,Pd,4,2.8900,0.0000,0.4757,-1.0000
TOFREL,Pt,4,3.2300,0.3000,0.5224,-0.3979
SUPFAK,Cd,4,1.9600,1.5600,0.3139,0.2201
MIGFAK,Pd,4,3.3000,0.5900,0.5315,-0.1612
PEKMOI,Cu,4,7.6100,2.1100,0.8871,0.3444
TIRDIJ,Pt,4,9.8600,16.7000,0.9983,1.2253
LUZWAH,Cu,4,18.5700,14.8200,1.2711,1.1738
MOSBOL,Hg,4,4.8000,0.7200,0.6902,-0.0862
ZEPTIA,Zn,4,2.2400,0.0600,0.3692,-0.7959
QELVEI,Pd,4,3.1800,0.3500,0.5159,-0.3468
JUPZAX,Pt,4,2.9900,0.1600,0.4900,-0.5850
LAVPEG,Ni,4,14.3800,18.0600,1.1608,1.2591
IZIFAZ,Zn,4,10.2200,7.1900,1.0137,0.8627
IGIFEN,Pt,4,9.3600,3.7900,0.9759,0.5899
EHABAT,Ag,4,3.0900,0.1800,0.5038,-0.5528
GUPZIC,Cu,4,3.4500,0.3700,0.5502,-0.3279
LIHWEE,Rh,4,8.5200,3.0300,0.9355,0.4955
EGETOB,Ag,4,2.2700,1.5100,0.3747,0.2068
TAJRAZ,Pd,4,7.6100,3.0800,0.8871,0.5024
YOPVUV,Cu,4,13.5400,20.5300,1.1348,1.3145
GOHZEJ,Ni,4,8.7100,2.7500,0.9450,0.4548
GUKDIA,Pt,4,3.9800,1.3300,0.6107,0.1553
HOSXAR,Zn,4,2.6200,1.3800,0.4346,0.1703
REGZAE,Cu,4,5.4900,2.2800,0.7474,0.3766
KANZAA,Pd,4,3.1100,0.2500,0.5065,-0.4559
VAXSIA,Pt,4,8.5300,2.9900,0.9360,0.4900
SONPUI,Pd,4,8.2000,2.8900,0.9191,0.4757
VIGBUL,Hg,4,2.1100,0.1000,0.3444,-0.6990
KEPTAB,Pt,4,2.9700,0.0900,0.4871,-0.7212
DIMPUK10,Ni,4,2.9600,0.0800,0.4857,-0.7447
GUWLIT,Pd,4,3.2500,0.4700,0.5250,-0.2441
KUCTOS,Ni,4,9.0500,2.9800,0.9614,0.4886
IDAQUB,Pt,4,2.8700,0.0200,0.4728,-0.9208
NADTOB,Co,4,3.3300,0.2000,0.5353,-0.5229
GIDYOK,Ir,4,3.2900,0.5100,0.5302,-0.2147
LAFJAF,Cd,4,3.3800,0.0600,0.5416,-0.7959
ALETAN,Cr,4,2.9200,0.0400,0.4800,-0.8539
ZUZPIT,Ni,4,7.4000,2.7200,0.8751,0.4502
EMIXUV,Cu,4,9.0500,2.8900,0.9614,0.4757
KAGNOW01,Zn,4,2.3300,1.0200,0.3856,0.0492
BOFNOC01,Ni,4,3.8300,0.1100,0.5944,-0.6778
BUSJOS,Cu,4,2.5000,1.1600,0.4150,0.1004
TODJEE,Fe,4,7.2100,7.0800,0.8639,0.8561
KOFVIL,Ni,4,8.0900,2.8300,0.9133,0.4669
ZAFVIL,Mo,4,3.5700,1.2600,0.5647,0.1335
EMEPAO,Pd,4,7.5200,3.3000,0.8820,0.5315
WUVJAB,Zn,4,3.9200,0.6500,0.6042,-0.1249
RIPSEO,Co,4,10.5500,15.2100,1.0273,1.1850
DIYSIR,Pd,4,8.3900,2.8900,0.9289,0.4757
AJUVUY,Pt,4,9.7000,3.1200,0.9912,0.5079
ULUJUH,Rh,4,8.4800,3.2500,0.9335,0.5250
KEVVEP,Co,4,2.9300,0.0200,0.4814,-0.9208
QOYKAT,Zn,4,1.6300,2.1900,0.2380,0.3598
RAMFIW,Zn,4,1.8900,0.5000,0.2989,-0.2218
PUJVAT,Rh,4,3.1300,0.4400,0.5092,-0.2676
MERDUL,Cu,4,2.9400,0.0700,0.4829,-0.7696
GODSUO,Fe,4,6.2100,2.0500,0.8000,0.3324
BUFSAA,Pd,4,8.0500,2.6400,0.9112,0.4378
JACFUR,Cu,4,12.3500,10.7000,1.0952,1.0334
RAJHET,Ni,4,10.2600,7.3800,1.0154,0.8739
EBAZOW,Pd,4,3.0600,0.2300,0.4997,-0.4815
CEKHUX,Hg,4,3.2700,0.4900,0.5276,-0.2291
OJAGEO,Pd,4,3.0000,0.1500,0.4914,-0.6021
RITKUD,Zn,4,4.2200,0.8800,0.6355,-0.0088
CIYBAO,Pd,4,9.6500,3.0000,0.9890,0.4914
UPAVIT,Pt,4,9.1500,3.0800,0.9661,0.5024
WOJDUX,W,4,9.7600,4.4400,0.9939,0.6571
YIYJIA,Pd,4,9.7700,3.1500,0.9943,0.5119
BUPLAA01,Ni,4,2.9300,0.0400,0.4814,-0.8539
FIBTUJ,Zn,4,6.8700,6.6200,0.8432,0.8274
FEQTAY,Ni,4,12.4300,17.6900,1.0980,1.2502
TUVWUE,Pd,4,8.1900,2.9300,0.9186,0.4814
LALLAL,Cu,4,1.8000,0.5000,0.2788,-0.2218
CUTPOR05,Cu,4,8.5600,2.8700,0.9375,0.4728
IWUFIR,Pd,4,8.8000,3.0700,0.9494,0.5011
EFIWUP,Cd,4,3.2600,0.0300,0.5263,-0.8861
TTRPNI,Ni,4,2.8800,0.0000,0.4742,-1.0000
OZESIW,Pt,4,3.0500,0.2100,0.4983,-0.5086
VUDCUU,Pt,4,3.2700,0.4800,0.5276,-0.2366
VIDDUH,Pd,4,9.5300,6.7200,0.9836,0.8338
WEHLOM,Au,4,3.2000,0.3800,0.5185,-0.3188
ICAYES,Co,4,2.2200,0.1700,0.3655,-0.5686
SOGFOL03,Pd,4,8.6400,3.0300,0.9415,0.4955
ZOCFEF,Cu,4,1.8000,0.3400,0.2788,-0.3565
QAVYAR,Pd,4,8.4100,3.0500,0.9299,0.4983
PUTDIS,Rh,4,2.9600,0.0900,0.4857,-0.7212
KUHPUZ,Zn,4,5.4600,0.9600,0.7451,0.0253
VATPOZ,Co,4,2.5100,0.1100,0.4166,-0.6778
PHCVHG,Hg,4,4.4200,2.5100,0.6551,0.4166
LARFUH,Ni,4,4.1500,0.9000,0.6284,0.0000
UGEVOS,Ni,4,9.0000,2.9600,0.9590,0.4857
WEQQEO,Ti,4,2.8800,0.0000,0.4742,-1.0000
CAQZOJ,Pt,4,2.8900,0.0100,0.4757,-0.9586
VURZUH,Cu,4,9.9100,13.4500,1.0004,1.1319
DIGLUD,Pd,4,3.0200,0.3500,0.4942,-0.3468
HIHBOP01,Cu,4,1.3000,0.3200,0.1461,-0.3768
WILFOM,Pt,4,2.9800,0.1200,0.4886,-0.6576
HISYAM,Fe,4,2.8900,0.0100,0.4757,-0.9586
JOCBEJ,Mo,4,2.7500,0.0700,0.4548,-0.7696
XONWAC,Cu,4,2.4900,1.3100,0.4133,0.1492
COZQAJ,Pt,4,8.6600,2.9100,0.9425,0.4786
FODJAM,Zn,4,1.1800,0.6800,0.1072,-0.1079
IPABUW,Pd,4,8.6100,10.3700,0.9400,1.0199
GECGUQ,Pt,4,9.0600,3.0400,0.9619,0.4969
TIZFEO01,Zn,4,9.3100,7.5600,0.9736,0.8842
COBJAE,Cu,4,4.1300,1.7000,0.6263,0.2553
FOBQIA,Fe,4,2.5800,2.1900,0.4281,0.3598
ACACPD01,Pd,4,3.0000,0.1000,0.4914,-0.6990
OPUFIQ,Cu,4,4.0800,1.4300,0.6212,0.1847
ZIDBIA,Cu,4,2.9100,0.0300,0.4786,-0.8861
YOMBOT,Ni,4,9.1500,6.4100,0.9661,0.8136
VESDOQ,Pd,4,2.9000,0.0300,0.4771,-0.8861
QQQAYM05,Fe,4,3.2000,0.0300,0.5185,-0.8861
KIZXUO,Cr,4,11.6700,6.6400,1.0708,0.8287
BAVROI,Cu,4,2.9200,0.0500,0.4800,-0.8239
IGUHIE,Ni,4,9.7400,15.3000,0.9930,1.1875
KIMVEL,Cu,4,6.5000,1.6700,0.8195,0.2480
KENNUN,Pd,4,11.3600,9.5100,1.0592,0.9827
ZEQJEO,Ni,4,8.7100,2.9500,0.9450,0.4843
QEMXUE,Zn,4,3.1100,1.5400,0.5065,0.2148
CIKTIZ,Ni,4,2.8900,0.0100,0.4757,-0.9586
YOBWAN,Co,4,2.8900,0.0100,0.4757,-0.9586
IJANAM,Pt,4,9.7100,3.1200,0.9917,0.5079
JOBYOO,Ni,4,5.2900,1.1200,0.7316,0.0864
WIJWUH,Cu,4,2.8800,0.0000,0.4742,-1.0000
VAYHOV,Pt,4,3.2800,0.4900,0.5289,-0.2291
XORPED,Cu,4,8.0200,2.9200,0.9096,0.4800
HAMCAZ,Zn,4,2.8800,0.0000,0.4742,-1.0000
PEHPUP,Pt,4,8.7300,3.0700,0.9460,0.5011
EBUGUE,Pt,4,3.0800,0.1900,0.5024,-0.5376
TETJIM,Co,4,2.7800,0.0500,0.4594,-0.8239
IBIQET,Pt,4,7.6500,3.7900,0.8893,0.5899
XEHKAY,Hf,4,3.7700,0.1600,0.5877,-0.5850
FEQGOY,Ru,4,3.2500,0.4900,0.5250,-0.2291
JOGSIH,Ni,4,8.6200,2.9600,0.9405,0.4857
FANBEE,Pd,4,9.5800,2.9900,0.9859,0.4900
ZUZQIU,Ni,4,8.1900,2.9000,0.9186,0.4771
CAPRUG,Pd,4,8.9200,3.4700,0.9552,0.5527
FUTNEO,Pd,4,2.8900,0.0000,0.4757,-1.0000
LAZWEQ,Cu,4,2.0300,0.0800,0.3284,-0.7447
ZUDKAO,Zn,4,5.6400,1.1000,0.7589,0.0792
UGUWAU,Cu,4,7.4000,2.6300,0.8751,0.4362
KIQRAG,Pt,4,3.9100,1.2700,0.6031,0.1367
PUBXUG,Zn,4,5.6200,1.1000,0.7574,0.0792
EKOWIM,Pd,4,2.8900,0.0800,0.4757,-0.7447
QOWWOP,Cu,4,9.3200,3.1200,0.9741,0.5079
YOHPIV,Pd,4,8.3000,3.1000,0.9243,0.5051
LALXEC,Pt,4,8.4900,3.0800,0.9340,0.5024
ZAXPEV,Ni,4,6.9100,12.5300,0.8457,1.1014
OJUZAY,Mn,4,3.0000,0.0000,0.4914,-1.0000
JUVYUX,Ni,4,6.2300,0.9000,0.8014,0.0000
RUJWIE01,Pd,4,9.0000,2.9600,0.9590,0.4857
TAZPUJ,Pd,4,8.3200,3.1800,0.9253,0.5159
ROBHEV,Pt,4,8.3000,3.0900,0.9243,0.5038
POYBOY,Ni,4,16.8300,19.8200,1.2287,1.2993
COXKAF,Zn,4,3.4500,0.0500,0.5502,-0.8239
VILCUQ,Ni,4,8.0100,2.9400,0.9090,0.4829
BEZJUM,Zn,4,1.7000,0.1700,0.2553,-0.5686
PITBUS01,Cd,4,2.4000,0.0600,0.3979,-0.7959
LOQKOU,Cu,4,8.7000,2.9200,0.9445,0.4800
VOMGAH,Au,4,8.8200,3.2200,0.9504,0.5211
IYOGEL,Pd,4,2.9000,0.0500,0.4771,-0.8239
AXUTUK,Ni,4,14.4100,18.9900,1.1617,1.2808
DAWWAD,Pd,4,3.1600,0.3400,0.5132,-0.3565
IFABAT,Cu,4,8.3400,2.8900,0.9263,0.4757
YAVKOY,Ni,4,2.8900,0.0100,0.4757,-0.9586
UMOHUA,Pt,4,2.9200,0.0400,0.4800,-0.8539
VANFOH,Pd,4,3.0100,0.1900,0.4928,-0.5376
ASERAU,Cu,4,6.2100,0.7100,0.8000,-0.0915
YAPJOO,Ni,4,10.0300,15.1800,1.0056,1.1841
JUDZAN,Cu,4,3.2100,0.4100,0.5198,-0.2924
UNEPIN,Zn,4,3.4300,0.3300,0.5478,-0.3665
BIBGEY,Pt,4,3.1500,0.2300,0.5119,-0.4815
GEKVEX,Ni,4,3.2600,0.4500,0.5263,-0.2596
QUCCOI,Pd,4,9.7400,7.6000,0.9930,0.8865
SINJAC,Cd,4,2.3600,0.8500,0.3909,-0.0223
XEZYIM,Fe,4,3.1800,1.0300,0.5159,0.0531
PUQZIL,Fe,4,2.9000,0.0100,0.4771,-0.9586
KATWIP,Pt,4,7.9100,3.2400,0.9036,0.5237
GIQPUS,Pt,4,8.0000,2.9800,0.9085,0.4886
VAFFEN01,Pt,4,4.7900,1.9400,0.6893,0.3096
POMQUE01,Co,4,3.1400,0.4700,0.5105,-0.2441
WUJMIB04,Pd,4,7.6900,3.0700,0.8915,0.5011
RITJAH,Pt,4,9.6600,3.0900,0.9894,0.5038
DAWQUR,Pt,4,3.1900,0.3400,0.5172,-0.3565
QQQBXP01,Zn,4,2.6300,0.3000,0.4362,-0.3979
MIXLIQ,Pd,4,3.0700,0.2900,0.5011,-0.4089
OPIXIV,Cu,4,1.8300,0.1800,0.2856,-0.5528
MALWED,Ni,4,2.8200,0.0100,0.4654,-0.9586
LOJKIH01,Cu,4,2.6000,0.3500,0.4314,-0.3468
YADLUN,Pt,4,2.9800,0.0900,0.4886,-0.7212
DOJMAT,Pd,4,9.2600,3.1000,0.9713,0.5051
FOVZEZ,Pt,4,3.1400,0.3300,0.5105,-0.3665
LUXWIN,Co,4,10.7200,6.7900,1.0342,0.8382
OTUQAY,Zn,4,3.3900,0.1800,0.5428,-0.5528
YUHNOE02,Cu,4,2.8800,0.0000,0.4742,-1.0000
ROHREO,Pd,4,3.2200,0.4200,0.5211,-0.2840
KINWOV,Au,4,9.7900,3.1700,0.9952,0.5145
XOXRUB,Pt,4,3.1200,0.2800,0.5079,-0.4202
OHUPEQ,Pd,4,3.6000,0.9000,0.5682,0.0000
TIQQOD,Pd,4,3.0000,0.1300,0.4914,-0.6383
BENGAE01,Cu,4,4.4400,0.6800,0.6571,-0.1079
QERGON,Ni,4,2.9000,0.0200,0.4771,-0.9208
DAGNUX,Pt,4,3.8200,1.1400,0.5933,0.0934
LICPUL,Pd,4,9.5300,3.1000,0.9836,0.5051
JACCIA,Ni,4,2.3800,1.9900,0.3945,0.3201
LOWHUC,Pd,4,2.9100,0.0300,0.4786,-0.8861
ECOPEU,Pd,4,9.4100,3.6500,0.9782,0.5740
OLECAN,Co,4,2.2100,0.4300,0.3636,-0.2757
SEVFAB,Cu,4,9.7900,12.7000,0.9952,1.1072
ABORIV,Pd,4,3.2300,0.3900,0.5224,-0.3098
XIZSAA,Pd,4,3.1800,0.3800,0.5159,-0.3188
TELNOP,Mn,4,3.0900,0.4900,0.5038,-0.2291
QIWSEV,Zn,4,4.2500,1.0800,0.6385,0.0719
OWEVUI,Pd,4,3.7500,1.0700,0.5855,0.0682
BURCUM,Ni,4,2.8900,0.0100,0.4757,-0.9586
GOQZOD,Co,4,3.1000,0.1900,0.5051,-0.5376
SILJAZ,Cu,4,3.5400,1.1500,0.5611,0.0969
NAJKOY,Pt,4,9.2100,3.6000,0.9689,0.5682
WEXSEY,Cu,4,2.9800,0.3700,0.4886,-0.3279
RUBNUB,Zn,4,11.9700,12.9100,1.0817,1.1143
WIKZEX,Pd,4,8.9500,2.9000,0.9566,0.4771
PUQHUI,Ir,4,9.3900,13.2100,0.9773,1.1242
BUGFIT,Ni,4,14.4900,13.1600,1.1641,1.1225
HENSAV,Pd,4,2.9300,0.0400,0.4814,-0.8539
JOPFIG,Pt,4,8.4400,3.8300,0.9315,0.5944
TILCOJ,Co,4,3.3100,2.2800,0.5328,0.3766
ERIDIS,Pt,4,2.9400,0.0700,0.4829,-0.7696
KIMDOB,Pt,4,8.8600,3.1200,0.9523,0.5079
POZLOI,Co,4,3.0600,0.1800,0.4997,-0.5528
ZANFUP,Pt,4,2.9200,0.0500,0.4800,-0.8239
REJWEL,Zn,4,12.6000,15.7500,1.1038,1.2000
EHOBOU,Pd,4,9.9100,3.1600,1.0004,0.5132
BACJAR,Cu,4,0.8500,0.6500,-0.0223,-0.1249
WOKYIE,Pd,4,8.3300,3.0300,0.9258,0.4955
VUMWIK,Mo,4,2.9800,0.3300,0.4886,-0.3665
INIFOB,Cr,4,12.2200,15.4200,1.0906,1.1909
FOLZAI,Pd,4,2.8900,0.0100,0.4757,-0.9586
LENPUP,Pt,4,8.0200,2.9300,0.9096,0.4814
TISCIJ,Ni,4,14.6700,14.4800,1.1694,1.1638
ALAKON,Cd,4,5.7800,0.8800,0.7694,-0.0088
TIZYUX,Au,4,8.9300,2.9100,0.9557,0.4786
OPEFIA,Ag,4,3.0600,0.5600,0.4997,-0.1805
DEDROX,Cu,4,3.8000,1.3400,0.5911,0.1584
ZUQFUM,Pd,4,8.7300,2.9900,0.9460,0.4900
DUZTUP,Ni,4,3.4000,0.0400,0.5441,-0.8539
QITPEP,Ni,4,9.5300,10.0700,0.9836,1.0073
EDOXEC,Fe,4,4.6600,0.6500,0.6776,-0.1249
XEHSEL,Co,4,15.7600,9.3800,1.2003,0.9768
FIPHOE,Pd,4,3.0500,0.2200,0.4983,-0.4949
RUBDAW,Cu,4,2.0700,0.0800,0.3365,-0.7447
KODGEQ,Pd,4,3.0600,0.2300,0.4997,-0.4815
SAWKOQ,Pt,4,10.0200,3.6300,1.0052,0.5717
KACMEL,Ru,4,4.3800,11.4500,0.6513,1.0626
OYOJUJ,Au,4,2.8800,0.0000,0.4742,-1.0000
RAZPOZ,Pd,4,3.2900,0.5300,0.5302,-0.2007
QULMIT,Pt,4,2.9000,0.0100,0.4771,-0.9586
IRUPOC,Cu,4,12.8800,10.4500,1.1133,1.0233
QEZRET,Pd,4,8.9300,2.8900,0.9557,0.4757
TIWHIR,Pd,4,13.1900,16.5300,1.1235,1.2209
FAXNAU,Cd,4,3.5000,0.0500,0.5563,-0.8239
NOQDEF,Pt,4,7.9000,2.8900,0.9031,0.4757
GUFXUE,Pd,4,9.0200,12.8700,0.9600,1.1129
VIQVUQ,Au,4,8.4400,3.1300,0.9315,0.5092
SASWOB,Ni,4,3.2500,0.4700,0.5250,-0.2441
EXOBOI,Pd,4,9.5300,2.9800,0.9836,0.4886
CIDMOT,Hg,4,2.0700,0.1800,0.3365,-0.5528
KANPIZ,Cu,4,3.1000,0.2700,0.5051,-0.4318
OYATEO,Ni,4,7.9200,2.9500,0.9042,0.4843
MEMNEY,Pd,4,3.4000,0.6700,0.5441,-0.1135
SAQXIS,Pd,4,8.4800,2.8900,0.9335,0.4757
JOPKAC,Pd,4,9.2600,2.8800,0.9713,0.4742
ACACCU63,Cu,4,2.9400,0.0500,0.4829,-0.8239
KENZOT,Cu,4,2.8800,0.0000,0.4742,-1.0000
KUNCAY,Ni,4,2.9100,0.0300,0.4786,-0.8861
VAMKID,Ir,4,1.6400,1.4400,0.2405,0.1875
UTACAV,Zr,4,2.8300,9.6100,0.4669,0.9872
XOLYII01,Fe,4,3.2000,0.6700,0.5185,-0.1135
RIJSAI,Au,4,3.1300,0.2700,0.5092,-0.4318
FENVUQ06,Fe,4,2.4900,0.0300,0.4133,-0.8861
QAHMUI,Mo,4,3.0600,0.0000,0.4997,-1.0000
TASMIL,Cu,4,1.5900,0.2200,0.2279,-0.4949
REHRUV,Pd,4,7.4000,3.2600,0.8751,0.5263
MIMCAO,Zn,4,4.9800,0.9100,0.7059,0.0043
MAJKUG,Pd,4,9.2900,2.9900,0.9727,0.4900
TIYTEA,Mo,4,3.5100,0.2200,0.5575,-0.4949
TEPBEX,Cu,4,6.4300,0.7400,0.8149,-0.0757
NIVWOF,Fe,4,5.3600,1.4800,0.7372,0.1987
QETTAO,Co,4,2.6900,0.1000,0.4456,-0.6990
LOMROU,Zn,4,3.0200,0.0400,0.4942,-0.8539
GOWVAS,Cu,4,13.0400,17.0100,1.1186,1.2333
ZAGKIB,Cr,4,3.3200,0.4600,0.5340,-0.2518
IMUTAN,Cu,4,3.5200,0.0600,0.5587,-0.7959
UJUHOA,Hg,4,1.5200,1.1400,0.2095,0.0934
NONWES90,Pd,4,8.0200,2.9500,0.9096,0.4843
IJATAS,Ni,4,2.7500,0.0100,0.4548,-0.9586
OSUPOI,Ni,4,2.9200,0.0400,0.4800,-0.8539
BIVROO,Zn,4,3.2900,1.2900,0.5302,0.1430
LITJEG,Hg,4,6.3700,1.7600,0.8109,0.2695
ZULJOI,Ni,4,15.1000,16.4200,1.1818,1.2180
NOMDIE,Cu,4,2.1500,0.1100,0.3522,-0.6778
NOZJET,Pd,4,9.0600,2.9600,0.9619,0.4857
XOZSUC,Cu,4,2.4500,0.0900,0.4065,-0.7212
XICXIU,Zn,4,3.2100,0.4500,0.5198,-0.2596
FIDSUK,Pd,4,3.6400,0.9700,0.5729,0.0294
ROHBAT,Ni,4,3.2300,0.4100,0.5224,-0.2924
BEPGUB,Pd,4,8.5500,2.9600,0.9370,0.4857
EMEMOZ,Cu,4,8.2900,15.7700,0.9238,1.2006
RUTLUR,Cu,4,3.1500,0.3300,0.5119,-0.3665
VAZLAN,Zn,4,3.5300,0.6300,0.5599,-0.1367
MAHNAM01,Cu,4,9.0000,16.1200,0.9590,1.2101
DILQAQ,Pt,4,8.3100,2.9100,0.9248,0.4786
PUJJIR,Zn,4,3.2600,0.0300,0.5263,-0.8861
DIJBEE,Cu,4,2.2400,1.7800,0.3692,0.2742
SOSRIE,Ni,4,8.5300,3.0400,0.9360,0.4969
QIBFAM02,Mn,4,3.2400,0.0200,0.5237,-0.9208
AMAXUH,Pd,4,8.6100,3.0100,0.9400,0.4928
FAVZIM,Ni,4,9.2600,9.1600,0.9713,0.9666
OROVEX,Co,4,2.9300,0.5600,0.4814,-0.1805
XIPSUL,Co,4,2.8400,0.0200,0.4683,-0.9208
FIQMAW,Pd,4,8.4500,3.0600,0.9320,0.4997
CMAPPT,Pt,4,9.2000,3.1200,0.9685,0.5079
QOYSOQ,Ni,4,3.1300,0.2800,0.5092,-0.4202
JODCUE,Hg,4,1.7400,0.9500,0.2648,0.0212
MEFYEC,Hg,4,6.4400,2.4000,0.8156,0.3979
WEZYAD,Cu,4,4.2600,1.1100,0.6395,0.0828
YUBTEY,Pt,4,3.1600,0.3800,0.5132,-0.3188
OFUTEP,Pd,4,8.0300,2.9600,0.9101,0.4857
XESHAG,Fe,4,5.9200,1.3400,0.7796,0.1584
COXBAT,Pt,4,9.7000,3.0400,0.9912,0.4969
LUSRAW,Pt,4,2.8800,0.0000,0.4742,-1.0000
YAVLIR,Cu,4,9.1000,3.1200,0.9638,0.5079
SUZKUX,Ni,4,16.6800,18.7800,1.2248,1.2760
NOHDAP,Pd,4,7.7100,3.2500,0.8927,0.5250
LIMVUY,Co,4,3.6000,0.5200,0.5682,-0.2076
WIVDOU,Pd,4,4.4800,1.3800,0.6609,0.1703
REYJAG,Pt,4,8.3800,2.8900,0.9284,0.4757
TEDRIG,Pt,4,3.8200,0.8200,0.5933,-0.0362
BELLOX,Pd,4,3.1900,0.4800,0.5172,-0.2366
WECTIL,Fe,4,3.8500,0.5700,0.5966,-0.1739
CEYBIV,Ni,4,2.0400,0.5200,0.3304,-0.2076
IKAFOT,Fe,4,4.3700,1.0800,0.6503,0.0719
WOQXUZ,Pd,4,3.0100,0.2400,0.4928,-0.4685
YIQRUM,Ni,4,2.8900,0.0100,0.4757,-0.9586
KIKLUP,Ni,4,2.7600,1.9400,0.4564,0.3096
ZIHNOV,Au,4,8.8100,3.0100,0.9499,0.4928
DARVEY,Ag,4,3.2600,0.7400,0.5263,-0.0757
PODHEX,Pd,4,7.2800,3.2900,0.8681,0.5302
DIDHUU,Pt,4,9.2800,3.0100,0.9722,0.4928
WUFDUW,Pd,4,9.5700,3.2300,0.9854,0.5224
DIMLET,Co,4,8.9700,2.8700,0.9576,0.4728
PUXLEZ,Pt,4,8.7500,3.0800,0.9469,0.5024
FUVMOA,Cr,4,9.6800,12.4300,0.9903,1.0980
YUJZUY,Fe,4,13.7900,9.4900,1.1427,0.9818
KUSFIR,Pd,4,3.2100,0.4200,0.5198,-0.2840
BACSEE,Pd,4,8.4200,2.8900,0.9304,0.4757
BOHKOZ,Pd,4,2.9200,0.2000,0.4800,-0.5229
LUBYAM,Fe,4,3.4800,0.5000,0.5539,-0.2218
BUYWUO,Pd,4,8.4200,2.9800,0.9304,0.4886
KOLTOW,Ni,4,3.8500,0.7200,0.5966,-0.0862
MUSWIG,Pd,4,9.7100,3.1500,0.9917,0.5119
NILFAP,Au,4,8.5800,2.8800,0.9385,0.4742
PIKNII,Ru,4,8.2900,2.7200,0.9238,0.4502
FEBLAD,Pt,4,3.8700,0.8600,0.5988,-0.0177
ISIFIC,Ni,4,2.8300,0.0200,0.4669,-0.9208
SUQKOG,Pt,4,10.4800,3.2000,1.0245,0.5185
OVETEP,Pd,4,3.7400,0.8000,0.5843,-0.0458
ZISRIC,Ti,4,6.8500,2.3900,0.8420,0.3962
YIGXOC,Cu,4,4.5600,1.1300,0.6684,0.0899
GIHZEF,Pt,4,3.1900,0.3900,0.5172,-0.3098
GAKSUJ,Pd,4,8.9100,14.2500,0.9547,1.1569
GEKQOF,Pt,4,9.3200,3.1400,0.9741,0.5105
COSCAO,Co,4,3.6500,0.2100,0.5740,-0.5086
VURJUO,Pd,4,9.0500,3.1800,0.9614,0.5159
ZOSCER,Ti,4,4.8600,0.6000,0.6955,-0.1549
WEMROW,Zn,4,4.0600,0.8400,0.6191,-0.0269
YILLOY05,Cu,4,2.9500,0.0700,0.4843,-0.7696
IPOGUR02,Zn,4,2.3100,0.0800,0.3820,-0.7447
ROVFER,Cu,4,3.0400,0.2000,0.4969,-0.5229
UXUFOL,Cu,4,13.0000,13.8600,1.1173,1.1449
FAQPUK,Cu,4,5.4400,0.7500,0.7435,-0.0706
IHEXUR,Au,4,8.5000,2.9900,0.9345,0.4900
QISJEH,Pt,4,9.1900,2.9400,0.9680,0.4829
WUVLIL,Ni,4,16.4600,15.2500,1.2191,1.1861
JAKSOH,Ni,4,20.4300,23.1400,1.3124,1.3662
QILSAI,Cu,4,9.1700,12.2100,0.9671,1.0903
JATDAM,Ni,4,11.5500,15.1800,1.0663,1.1841
XUQMEB,Cd,4,2.6000,0.0300,0.4314,-0.8861
AHABUH,Ni,4,3.2400,0.4600,0.5237,-0.2518
QOKYEU,Cd,4,2.4500,0.0600,0.4065,-0.7959
KILLOK,Pd,4,3.5500,0.8100,0.5623,-0.0410
YELPEL,Cu,4,2.6000,0.1100,0.4314,-0.6778
THUCUA04,Cu,4,9.3800,3.0300,0.9768,0.4955
FOKDIS,Pd,4,3.3500,0.5800,0.5378,-0.1675
CIXREH,Pd,4,3.0500,0.2100,0.4983,-0.5086
PUPHOZ,Pt,4,3.0600,0.2000,0.4997,-0.5229
MINLUR,Cu,4,2.3900,0.0800,0.3962,-0.7447
VAPPEK,Pt,4,9.5600,3.0900,0.9850,0.5038
KURKEN,Pt,4,4.7200,0.2700,0.6830,-0.4318
WUYSES,Co,4,3.2700,0.6500,0.5276,-0.1249
PEDKES,Ni,4,16.1300,15.6400,1.2103,1.1970
YOQBOW,Zn,4,3.3300,0.2100,0.5353,-0.5086
IYIHAC,Pd,4,9.8800,3.2100,0.9991,0.5198
QEZYOJ,Fe,4,21.5100,12.5400,1.3347,1.1017
LADYEY,Zn,4,5.8100,4.7500,0.7716,0.6857
HASMEW,Pt,4,9.3100,7.5900,0.9736,0.8859
NOVCIN,Pd,4,3.0100,0.1800,0.4928,-0.5528
RECYOQ,Ni,4,14.4100,20.1900,1.1617,1.3073
DORSUA,Cu,4,9.2600,2.9300,0.9713,0.4814
ILOMAZ,Fe,4,6.9800,1.8800,0.8500,0.2967
NOMTUG,Pd,4,8.5500,3.0400,0.9370,0.4969
UJUSOI,Co,4,3.1300,0.8700,0.5092,-0.0132
MUVYAH,Fe,4,3.0100,0.9900,0.4928,0.0374
UMERAH,Cu,4,20.0000,15.9200,1.3032,1.2047
KUBPOO,Pt,4,3.1900,0.3700,0.5172,-0.3279
ZAVKAL,Cu,4,8.4200,2.5300,0.9304,0.4200
KOYBUZ,Zn,4,11.4000,12.0500,1.0607,1.0846
ATHCCO,Co,4,2.9800,0.1700,0.4886,-0.5686
XOBTEO,Zn,4,2.5700,0.4400,0.4265,-0.2676
ODUCEY,Cu,4,4.9100,0.7700,0.6998,-0.0605
KAHBEA,Pt,4,8.9900,2.9400,0.9586,0.4829
AGEWOY01,Pd,4,3.3600,0.6100,0.5391,-0.1487
ZEHBIZ,Pd,4,8.3500,2.9600,0.9269,0.4857
YIXKAR,Zn,4,2.8500,0.1500,0.4698,-0.6021
BOVNEG,Hg,4,4.1200,0.5400,0.6253,-0.1938
VUDMAI,Pd,4,3.0300,0.2400,0.4955,-0.4685
ROMVIY,Pt,4,9.0600,2.9400,0.9619,0.4829
KIDKUE,Pt,4,9.2200,3.5300,0.9694,0.5599
IGADUP,Ir,4,3.1000,0.4100,0.5051,-0.2924
VUGFIQ,Cu,4,3.3200,1.6000,0.5340,0.2304
MOVDAC,Rh,4,4.5400,3.1000,0.6665,0.5051
HUDYAK,Pd,4,7.9800,3.0600,0.9074,0.4997
WUPXOU,Pd,4,9.7200,3.2100,0.9921,0.5198
GUCZAJ,Cu,4,8.5200,2.8600,0.9355,0.4713
WEQFON01,Co,4,3.0000,0.0200,0.4914,-0.9208
IYUGOY,Pt,4,3.1000,0.1900,0.5051,-0.5376
YEMREO,Ni,4,2.8100,0.1000,0.4639,-0.6990
XOGZAX,Zn,4,1.9800,1.3200,0.3181,0.1523
YIDDOF,Pd,4,8.9000,2.9700,0.9542,0.4871
EXUDOR,Pt,4,8.3900,3.2500,0.9289,0.5250
WOBWEP,Pt,4,3.2800,0.5000,0.5289,-0.2218
DEYCAM,Cu,4,2.9100,0.0300,0.4786,-0.8861
WIXYOV,Cu,4,16.5700,14.4300,1.2219,1.1623
XECHUK,Cd,4,2.9500,2.4800,0.4843,0.4116
BEXPAY,Pd,4,3.2700,0.4800,0.5276,-0.2366
LEFGIN,Cu,4,3.3100,1.9600,0.5328,0.3139
PULKOW,Fe,4,3.7600,0.1600,0.5866,-0.5850
BAZKUI,Pt,4,8.0200,2.9100,0.9096,0.4786
USIVAV,Pt,4,2.8800,0.0000,0.4742,-1.0000
NAXRIP,Cu,4,2.8800,0.0000,0.4742,-1.0000
ESACEJ,Pt,4,3.2600,0.3500,0.5263,-0.3468
DAQXOI,Zn,4,3.1500,0.5400,0.5119,-0.1938
KOXRAS,Hg,4,2.7200,0.0800,0.4502,-0.7447
LULPAK,Pt,4,8.5800,2.9600,0.9385,0.4857
OYOMAT,Ru,4,3.1000,0.3500,0.5051,-0.3468
GEMJIS,Cu,4,2.6900,0.2200,0.4456,-0.4949
HAYQUV,Cu,4,8.3800,9.1700,0.9284,0.9671
ESOCOE,Ni,4,8.1100,2.8800,0.9143,0.4742
TAWYUN,Pd,4,8.8100,2.9500,0.9499,0.4843
NEDHOT01,Cu,4,8.1000,2.4000,0.9138,0.3979
SUNYIK,Cu,4,8.8800,2.9300,0.9533,0.4814
RUQJIW,Co,4,12.0800,8.7500,1.0856,0.9469
JUWQEX,Cu,4,8.1200,2.6400,0.9149,0.4378
FUMSAI,Pd,4,2.9200,0.0300,0.4800,-0.8861
JEFGIL,Zn,4,5.5000,0.7300,0.7482,-0.0809
RAXKIM,Cd,4,3.1400,0.0300,0.5105,-0.8861
KOXROG,Hg,4,3.5600,0.1300,0.5635,-0.6383
MEGTEY,Zn,4,3.1600,0.7500,0.5132,-0.0706
ECBIMC01,Zn,4,13.8400,11.9800,1.1443,1.0821
QOVJEU,Cu,4,3.0500,0.2100,0.4983,-0.5086
COCBIG,Pd,4,8.1000,2.9600,0.9138,0.4857
FAHSEP01,Fe,4,3.1800,0.8700,0.5159,-0.0132
ICAXAN,Ni,4,8.5000,3.0500,0.9345,0.4983
YEFNUT01,Pd,4,3.0000,0.1500,0.4914,-0.6021
YAVPAO,Pd,4,2.9000,0.0200,0.4771,-0.9208
OFULIL,Pt,4,8.9300,3.3400,0.9557,0.5366
TOXNIA,Ni,4,2.9100,0.0200,0.4786,-0.9208
NECVAV,Fe,4,3.6000,0.5700,0.5682,-0.1739
DARQOD,Zn,4,4.3000,0.6100,0.6435,-0.1487
ODALUB,Cu,4,2.8800,0.0000,0.4742,-1.0000
ALBPPT,Pt,4,2.8900,0.0500,0.4757,-0.8239
JOBQEW,Ag,4,4.4500,3.5800,0.6580,0.5658
TALQAC,Fe,4,1.3200,0.5100,0.1523,-0.2147
EKATEP,Pd,4,3.0600,0.2100,0.4997,-0.5086
QERBOI,Au,4,9.9200,3.0600,1.0009,0.4997
NEPNUU,Sc,4,7.2200,2.2300,0.8645,0.3674
YARZEY,Co,4,3.3100,0.5000,0.5328,-0.2218
YAPWAO,Pt,4,9.8600,3.1700,0.9983,0.5145
JIQLIH,Cu,4,8.5700,2.7800,0.9380,0.4594
UZOPIK,Au,4,8.3800,6.8300,0.9284,0.8407
NOKWEQ,Mo,4,3.6000,0.2100,0.5682,-0.5086
WUWWIU,Cu,4,15.9100,14.9900,1.2044,1.1787
NIBDIM,Cu,4,13.0500,15.9500,1.1189,1.2055
DTBUNI10,Ni,4,3.0600,0.1600,0.4997,-0.5850
YAYDOU,Pd,4,9.7000,12.2600,0.9912,1.0920
IJEVOJ,Ni,4,18.7600,19.3400,1.2755,1.2887
QUGZUQ,Pd,4,2.9700,0.1800,0.4871,-0.5528
AXEJAP,Pd,4,9.3100,3.0600,0.9736,0.4997
WELWIT,Pt,4,9.0300,2.8800,0.9605,0.4742
TUQLOG,Cu,4,2.9000,0.0200,0.4771,-0.9208
LUQWIH,Pd,4,2.9000,0.0200,0.4771,-0.9208
VUTPIL,Pd,4,3.2800,0.4800,0.5289,-0.2366
HUPHUW,Pt,4,2.9200,0.0500,0.4800,-0.8239
XEHKOL,Ni,4,2.9100,0.0300,0.4786,-0.8861
CEBNON,Pd,4,9.8600,6.1400,0.9983,0.7952
WUKPOI,W,4,2.8300,0.0000,0.4669,-1.0000
QOGBAQ,Pt,4,8.9000,3.0400,0.9542,0.4969
LAFGAE,Cd,4,4.9100,2.5200,0.6998,0.4183
XEPKIM,Ni,4,1.1100,0.7500,0.0828,-0.0706
OPIQIO,Cu,4,7.5200,2.1600,0.8820,0.3541
EDAGAR,Zn,4,3.2300,0.0200,0.5224,-0.9208
FADWUF,Rh,4,2.9400,0.0800,0.4829,-0.7447
BOFCOO,Au,4,9.4200,2.9600,0.9786,0.4857
BEPXOL,Co,4,2.8800,0.0000,0.4742,-1.0000
LAMROI,Ni,4,15.8200,23.3700,1.2019,1.3705
RIWYIF,Pd,4,9.1900,3.0900,0.9680,0.5038
ECOZUU,Zn,4,8.3100,9.6200,0.9248,0.9877
DEYDIW,Zn,4,2.4300,0.1600,0.4031,-0.5850
IKAJEL,Pd,4,8.5600,2.9200,0.9375,0.4800
TAPLEC,Ni,4,8.8200,2.8900,0.9504,0.4757
EWOYOF,Pt,4,3.0900,0.2500,0.5038,-0.4559
NUMVEA01,Re,4,2.8900,0.0000,0.4757,-1.0000
QELRUU,Pd,4,3.0700,0.1700,0.5011,-0.5686
NEYFAA,Zn,4,1.4300,0.5000,0.1847,-0.2218
YAFBOA,Ni,4,8.8200,2.9600,0.9504,0.4857
YUZJUB,Rh,4,8.7500,3.0200,0.9469,0.4942
TCMIPD,Pd,4,3.0700,0.2400,0.5011,-0.4685
PAKMAQ,Pd,4,8.5700,2.9300,0.9380,0.4814
VANVIS01,Pd,4,8.4600,3.1700,0.9325,0.5145
FIQTAA,Zn,4,3.9900,1.3900,0.6117,0.1732
OYASIT,Cu,4,2.8800,0.0000,0.4742,-1.0000
XIQFOT01,Cu,4,2.0800,0.0900,0.3385,-0.7212
DIFTEU,Sc,4,4.4500,0.7100,0.6580,-0.0915
RIHQII,Ni,4,7.4400,2.0100,0.8774,0.3243
WAWMEQ,Zn,4,2.4400,0.3500,0.4048,-0.3468
OPEREH,Pd,4,9.0900,3.5900,0.9633,0.5670
KEBDIE,Cu,4,3.4100,0.0600,0.5453,-0.7959
BAWLET,Au,4,3.2000,0.3700,0.5185,-0.3279
YOQBIQ,Zn,4,2.7000,0.1400,0.4472,-0.6198
NEWXOE,Pd,4,8.1100,2.9800,0.9143,0.4886
HOWCED,Zn,4,2.9300,0.0100,0.4814,-0.9586
PUWBIT,Zn,4,2.5300,0.1500,0.4200,-0.6021
PYRCUC06,Cu,4,3.0600,0.2300,0.4997,-0.4815
IKUVIV,Pt,4,2.9000,0.0300,0.4771,-0.8861
NAMMAT,Pd,4,8.4000,3.1200,0.9294,0.5079
DIGRUK,Ni,4,3.1400,0.3300,0.5105,-0.3665
YIWVOR,Pd,4,3.0600,0.3700,0.4997,-0.3279
NEKWIJ,Hg,4,3.6200,0.4500,0.5705,-0.2596
TETBID,Zn,4,3.5500,0.2700,0.5623,-0.4318
XAWYAX,Pt,4,3.0700,0.2400,0.5011,-0.4685
MUTYEG,Zn,4,4.5000,0.7300,0.6628,-0.0809
CASTOH,Pd,4,7.5700,3.2100,0.8848,0.5198
OGEWAY,Pt,4,3.3500,0.5800,0.5378,-0.1675
KAMKAN,Cu,4,3.6900,0.3000,0.5786,-0.3979
GUBQOK,Ni,4,9.7000,3.4500,0.9912,0.5502
EJALEG,Pt,4,10.8500,11.8000,1.0394,1.0755
QEQYAM,Cu,4,9.5300,10.7500,0.9836,1.0354
DAYFAK,Cu,4,12.6200,13.3600,1.1045,1.1290
XOXZIV,Ni,4,3.1600,0.4300,0.5132,-0.2757
HIXXER,Pd,4,7.3100,3.4000,0.8698,0.5441
XALLAY,Co,4,1.9700,0.9100,0.3160,0.0043
XABPAT,Co,4,2.5000,0.0200,0.4150,-0.9208
VIHXER,Pd,4,2.9400,0.0600,0.4829,-0.7959
ASUZUJ,Pt,4,8.6900,3.0800,0.9440,0.5024
BUCBAF,Zn,4,2.9700,0.0300,0.4871,-0.8861
MAMHAL,Au,4,8.6000,2.8800,0.9395,0.4742
IROMIL,Hg,4,2.2300,0.5300,0.3674,-0.2007
EMATUI,Pt,4,8.6800,3.0600,0.9435,0.4997
UCAPAR,Pd,4,3.1400,0.2800,0.5105,-0.4202
HEVNOM,Cu,4,1.7200,1.6700,0.2601,0.2480
ZIXVUA,Ni,4,7.1700,2.6600,0.8615,0.4409
TOKDUU,Ni,4,7.3300,2.6800,0.8710,0.4440
HIFQUM,Ni,4,3.2500,0.3800,0.5250,-0.3188
VAKWIN,Pd,4,3.1100,0.2900,0.5065,-0.4089
HORSAM,Pd,4,8.5600,12.2900,0.9375,1.0931
IHUDIZ,Ni,4,7.4500,2.5800,0.8779,0.4281
ZEJTOZ,Pt,4,3.0500,0.2100,0.4983,-0.5086
FEKXUS,Pd,4,3.2500,0.4100,0.5250,-0.2924
VICROR,Cu,4,3.4300,1.2100,0.5478,0.1173
ACATUU,Ni,4,2.8800,0.0200,0.4742,-0.9208
KARQOJ,Pt,4,8.6400,2.9900,0.9415,0.4900
FAXXIL,Pd,4,3.0000,0.1100,0.4914,-0.6778
EQIPAW08,Zn,4,6.0700,1.5500,0.7903,0.2175
TCMIPD10,Pd,4,3.0600,0.2300,0.4997,-0.4815
IYUGUE,Pt,4,3.0000,0.1000,0.4914,-0.6990
GEGYUQ,Ag,4,6.2700,3.0900,0.8041,0.5038
DUHJOG,Zn,4,7.9400,3.1800,0.9053,0.5159
XOQWUX,Ni,4,14.1700,19.7500,1.1544,1.2978
AXUSUI01,Cu,4,1.3500,0.3900,0.1614,-0.3098
ESEXEH,Zn,4,3.5200,1.0200,0.5587,0.0492
ALUMUR,Pt,4,2.8800,0.0100,0.4742,-0.9586
MUSKUJ02,Ni,4,8.0000,2.9400,0.9085,0.4829
IMETUS,Pd,4,3.0200,0.1700,0.4942,-0.5686
VAVKOS,Cu,4,2.9000,0.0200,0.4771,-0.9208
LOYSUP,Pt,4,9.7400,3.1100,0.9930,0.5065
AMIPER,Pd,4,9.3600,3.3800,0.9759,0.5416
GEFTIV,Fe,4,4.2200,1.0600,0.6355,0.0645
JOFYOT,Pd,4,9.0600,2.9100,0.9619,0.4786
BUJNEB,Zn,4,5.2000,1.0100,0.7243,0.0453
EMOKOI,Pd,4,3.8300,0.8200,0.5944,-0.0362
PAQPED,Pd,4,3.1000,0.4300,0.5051,-0.2757
SOTBIN,Zn,4,1.7300,0.4200,0.2625,-0.2840
EACICH01,Cu,4,9.2500,2.9200,0.9708,0.4800
CECTUC,Pd,4,8.6200,3.0300,0.9405,0.4955
RADTIZ,Cu,4,7.3500,2.2500,0.8722,0.3711
QANQOM,Ni,4,8.2500,12.6300,0.9217,1.1048
NAKMOF,Pd,4,8.3900,2.8900,0.9289,0.4757
SENHUO,Cu,4,8.8300,9.3900,0.9509,0.9773
VERVEW,Ag,4,3.8000,2.2300,0.5911,0.3674
DUDGER,Co,4,2.7200,0.0500,0.4502,-0.8239
QEDGIP,Pd,4,3.2000,0.4100,0.5185,-0.2924
SACJOY,Ni,4,3.1200,0.3200,0.5079,-0.3768
HUPTIW,Cu,4,3.1400,0.2700,0.5105,-0.4318
WASXAQ,Cd,4,2.6700,0.0800,0.4425,-0.7447
BITMUP,Hf,4,3.1000,0.3000,0.5051,-0.3979
XOFKEL,Pd,4,9.6700,3.1100,0.9899,0.5065
SIZXUU,Co,4,3.2400,0.0200,0.5237,-0.9208
LABYEU,Pt,4,8.4700,3.1100,0.9330,0.5065
QIDVUV,Ni,4,7.3900,2.7100,0.8745,0.4487
XARGIH,Ni,4,10.1900,9.0400,1.0124,0.9609
BANMAF,Pd,4,3.1800,0.4000,0.5159,-0.3010
CATJIR,Ni,4,2.8700,0.2500,0.4728,-0.4559
RAMSEH,Zn,4,3.7000,1.9800,0.5798,0.3181
OJILOL,Ir,4,3.0000,0.1700,0.4914,-0.5686
PEMJOI01,Pt,4,9.9400,3.2000,1.0017,0.5185
YIXSOP,Pd,4,3.0700,0.2200,0.5011,-0.4949
DOZQAL,Cu,4,3.1800,0.3800,0.5159,-0.3188
RIMQAF,Co,4,2.8500,0.0100,0.4698,-0.9586
PUXCOD,Nb,4,5.1900,1.3500,0.7235,0.1614
CIWNEF,Fe,4,2.7600,0.0000,0.4564,-1.0000
COXWEU,Ni,4,8.3900,2.9300,0.9289,0.4814
LOPJEI,Zn,4,9.3200,12.0600,0.9741,1.0849
VUKYUV,Pt,4,8.6200,3.0700,0.9405,0.5011
FENCOR,Ni,4,9.0000,2.9000,0.9590,0.4771
CEMSIZ,Cu,4,2.0700,1.3400,0.3365,0.1584
EMEMAL,Cu,4,10.9000,14.7400,1.0414,1.1714
KAJKUF,Ni,4,7.2200,4.9400,0.8645,0.7024
WIFWAK,Pt,4,3.0200,0.1800,0.4942,-0.5528
WUCLIS,Au,4,8.4100,2.9000,0.9299,0.4771
VAFLIX,Zn,4,2.8000,0.3000,0.4624,-0.3979
TIHPOP,Pt,4,9.3200,2.9200,0.9741,0.4800
LUFPAG,Pt,4,3.3900,0.5900,0.5428,-0.1612
NOKKEF,Zn,4,2.7900,0.0100,0.4609,-0.9586
VIJLOQ,Cu,4,9.4800,7.5700,0.9814,0.8848
SUMMOG,Pd,4,9.1900,13.4700,0.9680,1.1326
KOXJAL,Cu,4,3.4400,0.9600,0.5490,0.0253
QELTUW,Pt,4,8.7900,2.9000,0.9489,0.4771
SAHBIP,Ru,4,2.8800,0.0000,0.4742,-1.0000
VOWPII,Cu,4,3.2400,0.4600,0.5237,-0.2518
PIGZAI,Pd,4,7.4000,2.3200,0.8751,0.3838
DIGJIO,Cu,4,6.2400,2.1500,0.8021,0.3522
EBGUNI,Ni,4,8.9400,2.9000,0.9562,0.4771
XIPQUL,Cu,4,12.6400,6.1700,1.1052,0.7973
XEYBOT,Pd,4,2.9200,0.0700,0.4800,-0.7696
TIWWOL,Rh,4,5.2000,5.7000,0.7243,0.7634
HONKEB,Pd,4,3.2600,0.4900,0.5263,-0.2291
PIGQIH,Zn,4,5.5100,1.2100,0.7490,0.1173
QEBQOF,Pd,4,9.2600,3.2500,0.9713,0.5250
IDOWOP,Cd,4,3.4700,0.0400,0.5527,-0.8539
OWUVEK,Pd,4,3.1800,0.3600,0.5159,-0.3372
MEHHUF,Cu,4,8.7100,13.1500,0.9450,1.1222
QELLEZ,Ir,4,3.1700,0.3600,0.5145,-0.3372
OGOLEC,Pt,4,8.2900,2.9000,0.9238,0.4771
OZALIL,Pt,4,8.7200,3.0100,0.9455,0.4928
DEMZOL,Pt,4,7.7600,3.1000,0.8954,0.5051
LEWNOT,Co,4,7.8800,4.6500,0.9020,0.6767
PEQPAF,Pt,4,2.9500,0.0600,0.4843,-0.7959
LEWLIK,Cu,4,2.8800,0.0000,0.4742,-1.0000
XUHKIY,Pt,4,12.1500,4.4100,1.0881,0.6542
JARFIV,Pd,4,3.2300,0.4500,0.5224,-0.2596
NIJHEW,Pd,4,10.7800,3.3000,1.0366,0.5315
FIGKAH,Pt,4,8.4600,5.8400,0.9325,0.7738
YIZLOJ,Pd,4,9.2100,3.0000,0.9689,0.4914
QUVWOU,Pd,4,8.7100,2.8800,0.9450,0.4742
CESFUD,Pt,4,8.5200,2.9400,0.9355,0.4829
DAWQEA,Cu,4,5.6200,1.1000,0.7574,0.0792
CUVLOU01,Cu,4,1.2000,0.5900,0.1139,-0.1612
DEDSAH,Co,4,2.5500,0.1100,0.4232,-0.6778
PIQTOY01,Zn,4,2.8900,0.1900,0.4757,-0.5376
DEWKUL,Ni,4,2.9300,0.0500,0.4814,-0.8239
NIDCAR45,Ni,4,8.8700,21.6200,0.9528,1.3369
EQIRIF,Pd,4,7.5900,3.0900,0.8859,0.5038
TOTKUI,Pd,4,3.0300,0.1900,0.4955,-0.5376
CAQSAR,Pt,4,8.5800,2.8800,0.9385,0.4742
VAKYEN,Cu,4,7.5800,9.9500,0.8854,1.0022
TURKIA,Pd,4,8.3500,3.0700,0.9269,0.5011
TURNOK,Rh,4,8.9200,3.0900,0.9552,0.5038
LUXJOH,Pd,4,3.2700,0.4800,0.5276,-0.2366
YADDEQ,Pt,4,9.3800,3.0100,0.9768,0.4928
EJANOT,Au,4,8.8200,2.9900,0.9504,0.4900
OSUQEZ,Ni,4,8.0700,2.9000,0.9122,0.4771
MOYWIG,Pd,4,9.8200,3.2100,0.9965,0.5198
XUJGAO,Mn,4,2.4400,0.0300,0.4048,-0.8861
PAYKEH,Ni,4,8.7700,2.6700,0.9479,0.4425
BUFZIN,Au,4,3.1400,0.3000,0.5105,-0.3979
ZECYUF,Au,4,8.5500,3.0900,0.9370,0.5038
ZISROK,Fe,4,2.1200,0.7200,0.3464,-0.0862
LEWHOO,Pd,4,2.9900,0.1400,0.4900,-0.6198
MORKAH,Pd,4,9.6800,3.2300,0.9903,0.5224
DODJOW,Ni,4,2.6900,0.0400,0.4456,-0.8539
UQIZEC,Ni,4,7.7500,2.7400,0.8949,0.4533
SAPTEK,Pt,4,2.8800,0.0700,0.4742,-0.7696
HOBFUA,Co,4,12.5400,8.8700,1.1017,0.9528
FIRWAF,Au,4,8.5700,3.2400,0.9380,0.5237
XIXFUG,Pt,4,9.5900,3.0800,0.9863,0.5024
RAYTAP,Ni,4,8.4700,3.1100,0.9330,0.5065
IBAMAB,Pd,4,8.4100,2.8800,0.9299,0.4742
DPPNFE,Fe,4,2.5500,0.6700,0.4232,-0.1135
MOHNUU,Pt,4,3.8500,0.8400,0.5966,-0.0269
TOSXEI,Zn,4,3.4400,1.1400,0.5490,0.0934
NELDUF,Ni,4,8.2000,2.9700,0.9191,0.4871
EBUJUJ,Pd,4,9.5600,3.1900,0.9850,0.5172
KAWBOA01,Ni,4,2.9200,0.0400,0.4800,-0.8539
ULUNUK,Pd,4,3.0900,0.2900,0.5038,-0.4089
ICICOP,Cu,4,7.9600,1.4500,0.9063,0.1903
PICNIY,Au,4,9.1000,2.9300,0.9638,0.4814
TUNCAJ,Pt,4,2.8800,0.0000,0.4742,-1.0000
WETGEI,Ni,4,4.4400,1.1800,0.6571,0.1072
WALYAL,Pt,4,8.4300,2.9800,0.9309,0.4886
YAYYED,Zn,4,2.0700,0.3600,0.3365,-0.3372
XANWAL,Pt,4,10.0300,3.0900,1.0056,0.5038
TOVVOP,V,4,2.8900,0.2600,0.4757,-0.4437
AYENEX,Pt,4,3.0900,0.3700,0.5038,-0.3279
VUNQOL,Ni,4,2.8900,0.0100,0.4757,-0.9586
XIZWAI,Co,4,1.8600,0.4000,0.2923,-0.3010
YUGLOB,Cu,4,5.1800,2.4100,0.7226,0.3997
JOQZAS,Fe,4,2.3000,1.8200,0.3802,0.2833
ZEHPUA,Zn,4,2.7000,0.0400,0.4472,-0.8539
GIKTIE,Pt,4,2.8900,0.0100,0.4757,-0.9586
KABPUB,Pd,4,3.5000,0.8000,0.5563,-0.0458
LEFMUE,Zn,4,3.2800,0.4800,0.5289,-0.2366
MEMJAP,Ni,4,2.8800,0.0000,0.4742,-1.0000
MOMTIR,Pd,4,7.9600,3.1400,0.9063,0.5105
AFABUG,Pt,4,7.9300,2.9900,0.9047,0.4900
GIQPII,Zn,4,2.3900,0.0700,0.3962,-0.7696
FARFIP,Zn,4,3.1000,0.0300,0.5051,-0.8861
UDOPAE,Pd,4,8.4000,3.2200,0.9294,0.5211
XIYPOK,Ni,4,3.1300,0.3200,0.5092,-0.3768
OJAGUB,Pt,4,9.1000,3.0600,0.9638,0.4997
CICSIQ,Pd,4,9.1800,3.1000,0.9675,0.5051
FAMLOY,Ni,4,2.9500,0.0700,0.4843,-0.7696
WUCQIX,Rh,4,3.4400,0.7100,0.5490,-0.0915
BALJEH,Zn,4,12.9800,11.6700,1.1166,1.0708
DAYKUJ,Pd,4,3.0700,0.2400,0.5011,-0.4685
SULWUS,Ni,4,8.4800,2.9200,0.9335,0.4800
HONPAC,Pt,4,3.0600,0.2300,0.4997,-0.4815
NIRMAD,Cu,4,2.9200,0.0400,0.4800,-0.8539
PAMFIS,Cu,4,0.6600,0.5800,-0.1192,-0.1675
QELRUY,Pd,4,2.8900,0.0100,0.4757,-0.9586
MERZES,Pt,4,8.1800,2.9000,0.9180,0.4771
FOGMEV,Pd,4,3.1700,0.3800,0.5145,-0.3188
NEVBUN,Pd,4,9.7400,3.0600,0.9930,0.4997
LESREJ,Au,4,3.0100,0.1100,0.4928,-0.6778
ZEHLOR,Pd,4,9.4200,6.0800,0.9786,0.7910
UFOXEV,Co,4,2.7800,0.0400,0.4594,-0.8539
VIDMUQ,Pt,4,3.0100,0.1600,0.4928,-0.5850
CURXAS,Cd,4,2.2600,0.0800,0.3729,-0.7447
BUJYOV,Cu,4,7.4300,4.7200,0.8768,0.6830
FITJIF,Pd,4,9.1100,3.1500,0.9643,0.5119
FOGPAT,Pd,4,3.0400,0.1700,0.4969,-0.5686
WEFQAC,Hf,4,2.9200,0.0100,0.4800,-0.9586
BOZWIZ,Pd,4,2.9400,0.0800,0.4829,-0.7447
YAVCIJ,Pt,4,3.2600,0.4800,0.5263,-0.2366
CTPOCU01,Cu,4,5.5500,0.8000,0.7520,-0.0458
JUVTAV,Pd,4,2.9000,0.0100,0.4771,-0.9586
PUVJIZ,Zn,4,3.1600,0.1400,0.5132,-0.6198
XOVJAU,Ni,4,4.6700,1.2400,0.6785,0.1271
PEBZIH,Cu,4,3.2200,0.4300,0.5211,-0.2757
REPHIH,Zn,4,2.7500,0.1500,0.4548,-0.6021
VUGGEN,Rh,4,8.6400,3.1200,0.9415,0.5079
ZESCUY,Pt,4,2.9300,0.0600,0.4814,-0.7959
OXECOK,Pd,4,8.6800,3.2500,0.9435,0.5250
KABJUS,Pt,4,2.9700,0.1100,0.4871,-0.6778
HOQDOH,Ni,4,2.9000,0.0200,0.4771,-0.9208
SEKNEC,Pt,4,3.3900,0.6100,0.5428,-0.1487
EBAGAS,Hg,4,6.1900,1.9000,0.7987,0.3010
MIMFIX,V,4,2.4000,0.4800,0.3979,-0.2366
PIGBEP,Cu,4,2.9200,0.0500,0.4800,-0.8239
DUMDEW,Ru,4,4.6800,6.5100,0.6794,0.8202
KEQXIN,Cu,4,1.6300,0.6400,0.2380,-0.1308
YEPPIT,Ni,4,2.9100,0.0200,0.4786,-0.9208
YEQSIX,Pt,4,9.8200,3.2100,0.9965,0.5198
VEPMUZ,Pt,4,10.4300,3.3200,1.0224,0.5340
RESQAK,Pd,4,2.9200,0.0700,0.4800,-0.7696
SOWHIZ,Pd,4,2.8800,0.0000,0.4742,-1.0000
XURXAL,Fe,4,2.7900,0.0000,0.4609,-1.0000
LECQUG,Pt,4,8.7600,2.8800,0.9474,0.4742
BOFDUY,Pd,4,12.5500,9.3300,1.1021,0.9745
HULFEB,Pd,4,8.4200,2.9300,0.9304,0.4814
ODIZIL,Ni,4,2.9200,0.0600,0.4800,-0.7959
VIQRAP,Ru,4,1.6200,1.3200,0.2355,0.1523
BUTMAF01,Cu,4,2.9100,0.0600,0.4786,-0.7959
AGABEQ,Rh,4,3.1400,0.3500,0.5105,-0.3468
HERSON,Zn,4,11.7100,9.1000,1.0722,0.9638
LABGUT,Cd,4,4.0500,0.6200,0.6180,-0.1427
HITJUQ,Co,4,3.9400,0.4300,0.6064,-0.2757
EYEFIA,Ni,4,12.9500,20.3500,1.1156,1.3107
JAVVAE,Rh,4,3.0500,0.2700,0.4983,-0.4318
KITHAZ,Pt,4,8.9200,6.6400,0.9552,0.8287
LUQXEE,Pd,4,2.9000,0.0200,0.4771,-0.9208
EGIXID,Ni,4,11.4800,14.9200,1.0637,1.1767
AGAPOO,Pd,4,8.5900,2.8900,0.9390,0.4757
RORSAU,Zn,4,1.9300,0.4600,0.3075,-0.2518
PIKLIG,Pt,4,9.0100,2.9000,0.9595,0.4771
GEMLEQ,Cu,4,1.6400,1.3800,0.2405,0.1703
EPUBID,Ir,4,9.0200,3.0600,0.9600,0.4997
NOHVAH,Ni,4,3.2700,0.3400,0.5276,-0.3565
SUWHAU,Pd,4,2.8800,0.0000,0.4742,-1.0000
ZUNLIG,Ni,4,2.9000,0.0200,0.4771,-0.9208
RUJLOB,Pd,4,3.1000,0.2200,0.5051,-0.4949
TUDSAN,Pd,4,3.2100,0.4100,0.5198,-0.2924
XUVZAQ,Pt,4,10.2200,3.1400,1.0137,0.5105
MOZPIA,Pt,4,8.7800,3.0500,0.9484,0.4983
CIQKAO,Pd,4,9.4000,2.9500,0.9777,0.4843
OFOGOH01,Cu,4,7.6100,2.3500,0.8871,0.3892
BINLUH,Cu,4,16.0800,18.5900,1.2090,1.2716
POPSIZ,Ni,4,19.2200,17.4700,1.2860,1.2448
AQOYEM01,Pt,4,8.0400,3.1000,0.9106,0.5051
QIMPOT,Zn,4,2.4600,0.0700,0.4082,-0.7696
COPFUI02,Ni,4,2.9000,0.0200,0.4771,-0.9208
LEXZOE,Ag,4,11.9000,8.7700,1.0792,0.9479
UMUYIK,Cu,4,18.7300,24.0400,1.2749,1.3827
PIDFEP,Ni,4,9.4000,3.0300,0.9777,0.4955
ULAVAF,Cu,4,5.3300,0.7800,0.7348,-0.0555
OLIGEY,Cu,4,2.8800,0.0000,0.4742,-1.0000
XADQED,Ni,4,12.2200,11.4800,1.0906,1.0637
PAFQES,V,4,3.3400,0.5500,0.5366,-0.1871
KITJOO,Ni,4,2.8900,0.0200,0.4757,-0.9208
ECBIMC10,Zn,4,7.1800,17.3500,0.8621,1.2418
OLUKIP,Pd,4,2.9100,0.1100,0.4786,-0.6778
ASEXOL,Pt,4,8.8700,3.3200,0.9528,0.5340
LUDQOS,Pd,4,9.8400,3.2800,0.9974,0.5289
GASKOC,Pt,4,8.6000,2.9000,0.9395,0.4771
WEGPEG,Pd,4,2.9300,0.0800,0.4814,-0.7447
QINSEP,Ni,4,8.6900,2.8700,0.9440,0.4728
YOMYOQ,Hg,4,4.4800,3.9300,0.6609,0.6053
NAJVAY,Ni,4,15.7400,13.7900,1.1998,1.1427
DAGXEO,Co,4,19.3100,8.4300,1.2880,0.9309
POSBUX01,Pt,4,8.8700,3.1300,0.9528,0.5092
DONVAH,Pt,4,7.9700,3.0700,0.9069,0.5011
ZIMKOV,Ni,4,10.0200,7.8700,1.0052,0.9015
POMGEE,Rh,4,3.0000,0.1000,0.4914,-0.6990
VAVKOW,Zn,4,3.1700,0.5200,0.5145,-0.2076
OHUNUE,Pd,4,8.9200,3.2400,0.9552,0.5237
SOLVEY,Zn,4,2.7300,0.0300,0.4518,-0.8861
CORKUQ,Hg,4,4.8500,0.5100,0.6946,-0.2147
ODUBOG,Pd,4,3.3000,0.3600,0.5315,-0.3372
LELPEY,Hg,4,2.7500,2.2700,0.4548,0.3747
MELJIX,Pt,4,2.9100,0.0200,0.4786,-0.9208
HUPTOC,Ni,4,3.1200,0.2700,0.5079,-0.4318
MAKTUO,Ru,4,4.7900,2.8400,0.6893,0.4683
GADHUP,Cu,4,4.1400,0.3500,0.6274,-0.3468
COGWOO,Ni,4,2.8900,0.0100,0.4757,-0.9586
SEDNOI,Ni,4,10.7700,12.8600,1.0362,1.1126
WUCWAT,Zn,4,1.8800,0.3900,0.2967,-0.3098
EBAVUA,Zn,4,7.6500,11.9600,0.8893,1.0813
SUMREB,Pt,4,3.5800,0.6200,0.5658,-0.1427
SAZZID18,Co,4,3.0200,0.2100,0.4942,-0.5086
GUVMIV,Pt,4,9.7700,3.2300,0.9943,0.5224
MODTOQ,Cu,4,2.4200,0.1000,0.4014,-0.6990
MONNOS,Zr,4,5.3800,6.1800,0.7388,0.7980
XAYHEN,Pt,4,9.0300,3.3800,0.9605,0.5416
FELLAL01,Cu,4,3.8700,1.3000,0.5988,0.1461
ILATIZ,Ni,4,2.9400,0.0500,0.4829,-0.8239
DIZXOA,Pt,4,8.1200,2.9900,0.9149,0.4900
FEGJIL,Pt,4,9.1000,2.9300,0.9638,0.4814
JAXQOP01,Pt,4,6.6400,3.1100,0.8287,0.5065
HAKGIM,Pd,4,8.7500,3.0100,0.9469,0.4928
GAZTIM,Pt,4,10.1700,3.2300,1.0116,0.5224
VOFYUL,Pd,4,2.9600,0.0800,0.4857,-0.7447
FIJDAD,Zn,4,2.4000,0.0700,0.3979,-0.7696
XISBAD,Zn,4,2.9500,0.0100,0.4843,-0.9586
COCNOA,Pd,4,7.9100,3.1500,0.9036,0.5119
GESPAW,Co,4,3.9300,0.2900,0.6053,-0.4089
WOBHAA,Zn,4,6.8400,9.8500,0.8414,0.9978
ROCDIZ,Pt,4,2.9900,0.2100,0.4900,-0.5086
QODQIM,Pt,4,3.0000,0.1300,0.4914,-0.6383
TUZVIV,Cu,4,12.6500,17.2100,1.1055,1.2383
USEWAR,Pd,4,3.0300,0.1900,0.4955,-0.5376
QAQNAZ,Pd,4,9.7000,3.1500,0.9912,0.5119
YIDPAD,Zn,4,2.6400,0.0900,0.4378,-0.7212
UBUYOI,Ni,4,14.0700,8.7300,1.1514,0.9460
XAPWAO,Zn,4,10.1300,10.5300,1.0099,1.0265
WUKDEM,Cu,4,9.1500,2.8200,0.9661,0.4654
WIGZER,Pd,4,9.1000,3.1000,0.9638,0.5051
LOVZII,Ni,4,4.2700,1.3100,0.6405,0.1492
WIWGIU,Cu,4,9.0900,2.8300,0.9633,0.4669
LIKROM,Zn,4,9.6600,16.4900,0.9894,1.2198
FEYBUJ,Ni,4,17.8400,21.3200,1.2538,1.3308
PUFWUJ,Cu,4,13.3400,20.9100,1.1284,1.3224
CEXFAO,Pt,4,3.0700,0.0100,0.5011,-0.9586
QOXKIY,Ni,4,9.2600,9.1100,0.9713,0.9643
PUQTUT,Pd,4,3.7600,1.0700,0.5866,0.0682
WOSKEW,Ni,4,8.8100,3.3000,0.9499,0.5315
LAGWAW,Fe,4,7.3300,1.1200,0.8710,0.0864
KAHREV,Ni,4,2.9400,0.0600,0.4829,-0.7959
VEGMIH,Ir,4,14.7300,16.6000,1.1711,1.2227
BUZBIK,Cu,4,2.7900,1.1600,0.4609,0.1004
MOSQUK,Co,4,3.5000,0.2700,0.5563,-0.4318
SAPLUS01,Y,4,9.5700,3.8600,0.9854,0.5977
CIYSEI,Ni,4,8.9100,21.7000,0.9547,1.3385
LEMCUB,Ag,4,1.7200,1.6300,0.2601,0.2380
QIVVIB,Cu,4,2.0000,0.1100,0.3222,-0.6778
QEDBAF,Ni,4,9.1600,3.3100,0.9666,0.5328
BEQSEY,Zn,4,4.4100,0.6900,0.6542,-0.1024
CABSIM,Ni,4,8.7500,13.9700,0.9469,1.1483
NEPWEN,Au,4,3.0000,0.1600,0.4914,-0.5850
KIJKAQ,Pd,4,9.0100,3.6600,0.9595,0.5752
COJFAK,Cu,4,9.9200,14.1100,1.0009,1.1526
XAWROC,Ni,4,2.8100,0.0100,0.4639,-0.9586
DARQIX,Zn,4,3.9900,0.6800,0.6117,-0.1079
WASKUW,Pd,4,2.8800,0.0000,0.4742,-1.0000
VETTUL,Pt,4,8.5800,2.9700,0.9385,0.4871
SAMZUC,Pd,4,9.0000,2.9100,0.9590,0.4786
NOTBIK,Pt,4,8.3000,3.0100,0.9243,0.4928
QIYWUR,Pt,4,3.3600,0.6400,0.5391,-0.1308
UTENAK,Ni,4,4.2400,1.1800,0.6375,0.1072
TOKHAE,Pt,4,2.8900,0.0300,0.4757,-0.8861
BIFHEE,Co,4,3.2100,0.0200,0.5198,-0.9208
QASROR,Zn,4,3.7300,1.3600,0.5832,0.1644
UJOXUQ,Zn,4,2.8200,0.0000,0.4654,-1.0000
XIBSAE,Cu,4,3.2800,0.5100,0.5289,-0.2147
GOTVAQ,Pt,4,2.8900,0.0200,0.4757,-0.9208
LOLTEM,Pt,4,10.8700,3.3400,1.0402,0.5366
VOTFAN,Pd,4,8.6600,3.0300,0.9425,0.4955
RACDUY,Ni,4,13.4500,15.2800,1.1319,1.1870
RUNLAN,Ni,4,3.6300,0.9500,0.5717,0.0212
FEXDOC,Zn,4,5.6100,1.1100,0.7566,0.0828
CAXSEA,Pt,4,8.8700,2.9000,0.9528,0.4771
QAVYIZ,Pd,4,8.7500,3.0400,0.9469,0.4969
DODFAF,Ni,4,11.2900,22.8000,1.0565,1.3598
MIFDEL,Ag,4,4.3700,0.3000,0.6503,-0.3979
CUPROP02,Cu,4,2.9200,0.0300,0.4800,-0.8861
SADREZ,Cu,4,7.9500,8.6200,0.9058,0.9405
XECDAL,Pt,4,2.8800,0.0000,0.4742,-1.0000
GAVGIT,Pt,4,3.0000,0.1400,0.4914,-0.6198
BEWYEH,Zn,4,10.7800,6.8600,1.0366,0.8426
IWODEE,Ni,4,3.0300,0.1900,0.4955,-0.5376
ZEWBEI,Pt,4,7.6600,2.9900,0.8899,0.4900
PUDCEZ,Co,4,2.3100,0.0700,0.3820,-0.7696
SOMGAG,Au,4,2.9000,0.0200,0.4771,-0.9208
SOGVIU,Ni,4,3.0800,0.2900,0.5024,-0.4089
VUSXEO01,Cu,4,6.1300,6.7700,0.7945,0.8370
FONFET01,Pd,4,9.5000,2.8700,0.9823,0.4728
NARQAZ,Pt,4,8.5300,2.8800,0.9360,0.4742
NIDPDS03,Ni,4,2.8800,0.0000,0.4742,-1.0000
KEPKIA,Nb,4,2.6000,0.3100,0.4314,-0.3872
NUFXIX,Co,4,4.1500,0.4500,0.6284,-0.2596
OQEKOL,Pt,4,2.9100,0.0300,0.4786,-0.8861
MEFGEJ,Cu,4,17.9400,19.3900,1.2562,1.2898
YESTOJ01,Zn,4,3.2200,0.7300,0.5211,-0.0809
VIKYUK,Pt,4,3.2200,0.4300,0.5211,-0.2757
BUJMAW,Zn,4,5.3400,0.9500,0.7356,0.0212
WOPRUP,Ni,4,12.1300,13.1200,1.0874,1.1212
XEGGUO,Au,4,2.9500,0.0800,0.4843,-0.7447
MAQPIF,Ni,4,11.8500,8.5400,1.0774,0.9365
CENHUA,Ag,4,4.3800,1.7200,0.6513,0.2601
LUXKAR01,Co,4,3.5000,0.1300,0.5563,-0.6383
DEKMOV01,Cu,4,2.9200,0.0400,0.4800,-0.8539
TPRCBN,Rh,4,6.6100,6.3900,0.8267,0.8122
YEQNUD01,Ni,4,2.8900,0.0100,0.4757,-0.9586
NUBJID02,Au,4,2.8800,0.0000,0.4742,-1.0000
KEVDAR,Cd,4,4.5100,0.6600,0.6637,-0.1192
IZUHET,Ni,4,15.5900,13.3000,1.1956,1.1271
XIWVIK,Pd,4,2.9200,0.0400,0.4800,-0.8539
VOGWIZ,Ni,4,2.9900,0.1900,0.4900,-0.5376
FEWJAT,Mn,4,3.3100,0.0500,0.5328,-0.8239
MAMBOV,Pd,4,8.8500,2.7000,0.9518,0.4472
CTACZN,Zn,4,2.5300,0.0500,0.4200,-0.8239
UXENES02,Zn,4,3.4300,0.2200,0.5478,-0.4949
XOZQUA,Fe,4,1.9300,0.6300,0.3075,-0.1367
FAKFEC,Pt,4,2.9800,0.2000,0.4886,-0.5229
MOGPII,Pd,4,8.8000,2.9000,0.9494,0.4771
LELHEQ,Re,4,7.7200,2.4900,0.8932,0.4133
ZOJGOX,Co,4,2.0900,0.4600,0.3404,-0.2518
XOVSEJ,Fe,4,4.1500,0.9600,0.6284,0.0253
OBILEQ,Ti,4,5.8100,1.3900,0.7716,0.1732
EPOMOM,Pd,4,8.9300,3.4900,0.9557,0.5551
ZEYHUJ,Pd,4,9.6100,3.0300,0.9872,0.4955
CURBIC03,Fe,4,2.8400,0.0000,0.4683,-1.0000
LEHPET01,Pd,4,8.5900,2.8800,0.9390,0.4742
ZOGZUT,Pt,4,9.6100,3.0100,0.9872,0.4928
NITJEJ,Pt,4,2.9300,0.0400,0.4814,-0.8539
XARPUB,Pd,4,3.0300,0.2200,0.4955,-0.4949
LUSGUD,Pt,4,7.9100,3.0900,0.9036,0.5038
ENOZEO,Fe,4,3.7400,0.1700,0.5843,-0.5686
YADLOH,Pt,4,2.9700,0.0800,0.4871,-0.7447
YIVVOS,Fe,4,4.0800,0.5000,0.6212,-0.2218
SOTPAV,Pd,4,9.0200,3.0000,0.9600,0.4914
DEENCU01,Cu,4,6.4700,15.5600,0.8176,1.1948
XEBMEA,Pd,4,10.8800,8.0300,1.0406,0.9101
YAFBEQ,Ni,4,8.0400,7.1900,0.9106,0.8627
PBIUCU,Cu,4,18.5700,19.9400,1.2711,1.3019
SATXOA,Pd,4,3.0300,0.1900,0.4955,-0.5376
NAJQUK,Pt,4,12.5800,8.9800,1.1031,0.9581
AQEMIV,Pd,4,3.1100,0.3000,0.5065,-0.3979
NAMMAQ02,Ni,4,7.9900,2.9100,0.9079,0.4786
LEDZUS,Cu,4,2.9100,0.0400,0.4786,-0.8539
GIJZAA,Ni,4,13.1400,12.1300,1.1219,1.0874
HOKLOL,Co,4,1.7200,1.0100,0.2601,0.0453
MEXFOM,Zn,4,2.1400,0.1500,0.3502,-0.6021
RERJON,Pd,4,8.8600,3.1100,0.9523,0.5065
GULXUI,Rh,4,2.8200,0.2800,0.4654,-0.4202
ICONIZ01,Cu,4,5.4600,1.0500,0.7451,0.0607
EYIDEV,Au,4,8.4200,2.8800,0.9304,0.4742
FISJIA01,Cu,4,1.1000,0.4600,0.0792,-0.2518
COLSED,Pd,4,3.1000,0.2000,0.5051,-0.5229
KUBGAR,Pd,4,8.7600,3.0700,0.9474,0.5011
DIRLAU,Cd,4,2.9100,0.0100,0.4786,-0.9586
ZUWJAE,Cr,4,3.3800,0.6200,0.5416,-0.1427
TAYQUG,Zn,4,2.4900,1.2900,0.4133,0.1430
SOTZIL,Pd,4,3.2200,0.4300,0.5211,-0.2757
BERCAE,Pd,4,2.9500,0.0600,0.4843,-0.7959
YUQPIN,Pt,4,3.0300,0.1700,0.4955,-0.5686
MAXTAG,Ni,4,8.3400,2.8200,0.9263,0.4654
WEFZEM,V,4,2.9900,0.6900,0.4900,-0.1024
ERIFIV,Pd,4,3.5500,0.8100,0.5623,-0.0410
VIHZUH,Pd,4,3.0400,0.1600,0.4969,-0.5850
NITKUX,Pd,4,9.3900,3.0000,0.9773,0.4914
FIQBIQ,Zn,4,3.2200,1.1300,0.5211,0.0899
FUDKOF,Rh,4,8.4200,3.3300,0.9304,0.5353
GIMQOK,Cu,4,2.9100,0.0400,0.4786,-0.8539
WIHREK,Rh,4,10.0800,3.1400,1.0077,0.5105
FUSFEI01,Cu,4,2.8800,0.0000,0.4742,-1.0000
POXRAW,Ni,4,6.5000,0.7600,0.8195,-0.0655
BIWKEY,Cu,4,2.2900,1.8700,0.3784,0.2945
OTAGUM,Pd,4,3.2900,0.5600,0.5302,-0.1805
NATBOZ,Pd,4,3.1500,0.3000,0.5119,-0.3979
YEFREH,Pd,4,3.2600,0.4200,0.5263,-0.2840
IMALOX,Pt,4,7.6400,3.4100,0.8887,0.5453
PUYWUC,Pt,4,8.7900,2.8900,0.9489,0.4757
VUWZIW,Co,4,3.2900,0.1300,0.5302,-0.6383
KEYCIA,Pd,4,11.6300,4.3600,1.0693,0.6493
QAQTOS,Pt,4,3.0900,0.2600,0.5038,-0.4437
IJIBOS,Pt,4,3.3900,0.4400,0.5428,-0.2676
TACNIX,Cu,4,2.9200,0.0500,0.4800,-0.8239
INEJOB,Cu,4,1.9400,0.9500,0.3096,0.0212
LEHLAN,Ni,4,8.9900,2.9200,0.9586,0.4800
QOXNAU,Pd,4,4.9800,4.6000,0.7059,0.6721
GUWKAK,Pd,4,3.1300,0.2900,0.5092,-0.4089
NELWEI,Rh,4,3.9200,1.1600,0.6042,0.1004
YEPWEV,Pt,4,8.9000,2.8900,0.9542,0.4757
UHOVIX,Cu,4,6.3400,1.7300,0.8089,0.2625
PUKVEA,Cu,4,2.9300,0.0500,0.4814,-0.8239
QIVNUH,Pd,4,8.9800,3.0300,0.9581,0.4955
KEKQIB,Os,4,4.7900,0.4500,0.6893,-0.2596
NONWES02,Pd,4,8.2500,2.9200,0.9217,0.4800
RUXCEV,Cu,4,2.9300,0.0600,0.4814,-0.7959
SOXMUN,Zn,4,2.6700,0.1500,0.4425,-0.6021
PAJQEW,Pd,4,3.0300,0.1900,0.4955,-0.5376
FUBZIL01,Co,4,2.6500,0.0200,0.4393,-0.9208
HAVQAW,Pd,4,3.2600,0.4600,0.5263,-0.2518
VORRIH,Pd,4,9.3500,10.2100,0.9754,1.0133
EZEQOP,Pd,4,9.3400,3.2800,0.9750,0.5289
IYEYIV,Pd,4,3.1600,0.4000,0.5132,-0.3010
BUJFAO,Pd,4,2.8900,0.0100,0.4757,-0.9586
XAJPOP,Pd,4,8.8500,2.9200,0.9518,0.4800
RASPUZ,Zn,4,2.7900,0.2000,0.4609,-0.5229
NEZCEC,Pd,4,9.2900,3.2200,0.9727,0.5211
TOKYOJ,Ag,4,1.6400,0.4600,0.2405,-0.2518
ZIGJUX,Ni,4,2.9100,0.0300,0.4786,-0.8861
SEZLEO,Cu,4,5.4000,0.9100,0.7404,0.0043
ELABID01,Ti,4,3.0500,0.0000,0.4983,-1.0000
KEYVIU,Pd,4,8.2700,2.7700,0.9227,0.4579
CUKVIP,Pd,4,9.6800,12.2800,0.9903,1.0927
FOSTAM,Ni,4,15.3300,14.8600,1.1884,1.1749
JUXZOR,Ni,4,3.0900,0.2700,0.5038,-0.4318
QASCAQ,Pt,4,2.9400,0.0500,0.4829,-0.8239
SENZEU,Au,4,3.4800,0.7300,0.5539,-0.0809
ZOJXIF,Ni,4,3.0700,0.2300,0.5011,-0.4815
POWZOT,Co,4,1.7600,0.1400,0.2695,-0.6198
DAYGUF,Cu,4,3.3000,0.2700,0.5315,-0.4318
HUQSEU,Pd,4,9.5300,3.5800,0.9836,0.5658
QAYROA,Pd,4,8.4000,3.0200,0.9294,0.4942
MOFCOC,Cu,4,2.9300,0.0400,0.4814,-0.8539
AYIRUW,Cu,4,2.8900,0.0100,0.4757,-0.9586
OYASIT01,Cu,4,2.8800,0.0000,0.4742,-1.0000
BUNQAC,Pd,4,3.0500,0.1400,0.4983,-0.6198
OFAYAY,Pd,4,3.2600,0.4700,0.5263,-0.2441
RURHIX,Pd,4,10.5900,3.2300,1.0290,0.5224
NIHTEG,Zn,4,7.0100,1.1300,0.8519,0.0899
IKODIX,Rh,4,6.9500,2.9700,0.8482,0.4871
NOZNOJ,Mn,4,3.1800,0.0300,0.5159,-0.8861
CTPPAG01,Ag,4,3.3300,0.2200,0.5353,-0.4949
NILKIC,Pt,4,7.3400,5.5200,0.8716,0.7497
IBEPUA,Ir,4,3.0300,0.4400,0.4955,-0.2676
AZUVAS,Ni,4,11.7400,8.8800,1.0734,0.9533
LIVGED,Pt,4,2.8800,0.0000,0.4742,-1.0000
DIGCII,Pt,4,9.2100,2.9500,0.9689,0.4843
XESYUR,Rh,4,4.2500,1.2800,0.6385,0.1399
MARZAJ,Pd,4,3.1600,0.4000,0.5132,-0.3010
FEDPUC,Pd,4,3.1300,0.4000,0.5092,-0.3010
EYIHOL,Zn,4,1.6100,0.5600,0.2330,-0.1805
BETDCU11,Cu,4,0.7900,0.5800,-0.0506,-0.1675
KIHPUO,Pt,4,9.7600,3.1200,0.9939,0.5079
QUMGIR,Ni,4,2.9200,0.0400,0.4800,-0.8539
EZOSOC,Cu,4,14.3700,14.6900,1.1605,1.1700
QOXXAD,Pd,4,3.0700,0.2500,0.5011,-0.4559
QAPZAM,Co,4,3.2000,0.5500,0.5185,-0.1871
WAVKAI,Au,4,8.8400,3.0000,0.9513,0.4914
ADOKIO,Hg,4,2.8200,1.0800,0.4654,0.0719
COSXOX02,Cu,4,9.2900,2.9400,0.9727,0.4829
AQUZER,Ni,4,2.9400,0.0600,0.4829,-0.7959
JAXLAV,Ni,4,2.8500,0.0300,0.4698,-0.8861
HOQFOM,Zn,4,2.7600,0.0600,0.4564,-0.7959
FESJUM,Cu,4,17.7400,18.0600,1.2514,1.2591
TIJLEE,Pt,4,9.4200,7.3600,0.9786,0.8727
ZEQNIU,Au,4,7.6000,3.0900,0.8865,0.5038
SOYQAY01,Pt,4,3.1400,0.3100,0.5105,-0.3872
PAZJIK01,Pd,4,3.5200,0.8100,0.5587,-0.0410
DUNCAT,Au,4,7.6700,3.0600,0.8904,0.4997
ZEZMEY,Ir,4,4.7300,1.9000,0.6839,0.3010
IMCUCL,Cu,4,4.7400,0.6600,0.6848,-0.1192
KUZCIT01,Pd,4,3.1800,0.2600,0.5159,-0.4437
EHOTEE,Pd,4,3.2000,0.4100,0.5185,-0.2924
BONZIR,Pt,4,7.4200,2.9800,0.8762,0.4886
IMSAPD01,Pd,4,2.8900,0.0100,0.4757,-0.9586
PAMFES,Pt,4,9.8500,3.2200,0.9978,0.5211
ZUVRAJ,Cu,4,4.8300,1.8400,0.6928,0.2878
WEYGOX,Ni,4,8.1400,3.1200,0.9159,0.5079
QIBZEJ,Ir,4,1.9500,1.7700,0.3118,0.2718
CDMPRH,Rh,4,3.1600,0.3500,0.5132,-0.3468
DUMCOG,Au,4,2.9000,0.0100,0.4771,-0.9586
RUHDEH,Cu,4,5.6200,3.0100,0.7574,0.4928
VIFSUC,Mo,4,2.8800,0.0000,0.4742,-1.0000
TAKBEQ,Pt,4,8.7600,3.0300,0.9474,0.4955
ANAYEW,Zn,4,3.2100,0.4200,0.5198,-0.2840
WOWHAT,Zn,4,2.8800,1.0700,0.4742,0.0682
SEWZIF01,Au,4,2.9000,0.0200,0.4771,-0.9208
UMIQUG,Re,4,2.8400,0.0000,0.4683,-1.0000
IQIJAU,Hg,4,4.8700,0.9600,0.6964,0.0253
FASPAT,Pd,4,3.5100,0.8100,0.5575,-0.0410
KIZZUO,Pt,4,8.7300,3.0100,0.9460,0.4928
PICYIJ01,Co,4,2.6900,0.0200,0.4456,-0.9208
ABZLPT10,Pt,4,2.9500,0.0900,0.4843,-0.7212
WARHUT,Fe,4,12.1000,12.5400,1.0864,1.1017
MOWSUN,Pd,4,2.8900,0.0100,0.4757,-0.9586
IPIROP,Pd,4,2.9500,0.1400,0.4843,-0.6198
UHUPUI,Pt,4,9.3500,3.1500,0.9754,0.5119
OZOXOS,Ni,4,2.9100,0.0400,0.4786,-0.8539
GOPWAJ,W,4,2.8200,0.0200,0.4654,-0.9208
XUDLEO,Cu,4,15.8800,16.1500,1.2036,1.2109
XUWHIG,Pd,4,3.0000,0.1500,0.4914,-0.6021
ZINGOU,Co,4,3.8800,0.8500,0.5999,-0.0223
SOKBUP10,Ni,4,2.9200,0.0400,0.4800,-0.8539
NACYOK,Nb,4,3.2400,0.0700,0.5237,-0.7696
CEVJAP,Pd,4,9.1200,3.1300,0.9647,0.5092
SOSVAX10,Ni,4,9.2000,2.9100,0.9685,0.4786
TERJAC,Ti,4,3.2200,0.4700,0.5211,-0.2441
YUDBUU,Pt,4,3.2400,0.4500,0.5237,-0.2596
SAQKAA,Cu,4,17.9100,17.6000,1.2555,1.2480
TOJSUK,Pd,4,9.5400,3.1500,0.9841,0.5119
ASAFOQ,Pt,4,8.1900,2.9700,0.9186,0.4871
NUWSON,Pt,4,8.3100,3.7000,0.9248,0.5798
QQQGNG03,Zn,4,2.5400,0.0400,0.4216,-0.8539
BIVFOB,Ni,4,3.0500,0.2200,0.4983,-0.4949
WULSIH,Pd,4,3.0300,0.1900,0.4955,-0.5376
NUCSOV,Co,4,13.5200,13.1300,1.1342,1.1216
NIFORN,Ni,4,16.1100,15.8700,1.2098,1.2033
JAJGIL,Cu,4,2.9900,0.1000,0.4900,-0.6990
AMPCUC12,Cu,4,8.9900,13.3400,0.9586,1.1284
MUKWUL,Ni,4,6.0000,1.3900,0.7853,0.1732
CETVOP06,Mn,4,3.3600,0.0300,0.5391,-0.8861
MIKYUB,Pd,4,9.7100,3.1800,0.9917,0.5159
IPUJAG,Pd,4,8.5700,2.9800,0.9380,0.4886
XIYCOX,V,4,2.6000,0.0500,0.4314,-0.8239
WOBWIU,Pt,4,2.8800,0.0000,0.4742,-1.0000
DODPES,Cu,4,8.0500,2.8900,0.9112,0.4757
UWAVUL,Cu,4,5.4000,1.8600,0.7404,0.2923
MAJNAQ,Ni,4,4.7900,1.0100,0.6893,0.0453
ETUCEC,Ag,4,5.0400,3.1500,0.7110,0.5119
BIZKUT,Zn,4,3.2100,1.1900,0.5198,0.1106
MOVCUV,Rh,4,2.5200,2.0800,0.4183,0.3385
TEZDOV,Co,4,2.5000,0.0500,0.4150,-0.8239
ZEJWAO,Ni,4,3.2400,0.4700,0.5237,-0.2441
XAPFON,Pd,4,3.0100,0.1400,0.4928,-0.6198
GEKREU,Cu,4,4.4800,6.0100,0.6609,0.7860
YISBEH,Pt,4,3.5000,0.7800,0.5563,-0.0555
QOJDAW01,Ni,4,2.9400,0.9200,0.4829,0.0086
RALMUN,Pd,4,2.8900,0.0500,0.4757,-0.8239
WOVWAH,Cd,4,7.0700,1.6000,0.8555,0.2304
GITCUJ,Ni,4,2.5100,0.1200,0.4166,-0.6576
EWATIG,Pt,4,2.9000,0.0300,0.4771,-0.8861
CEBGIC01,Ni,4,3.2300,0.4300,0.5224,-0.2757
QIDGIV,Pt,4,2.9300,0.1300,0.4814,-0.6383
BEPCII,Pt,4,2.8800,0.0000,0.4742,-1.0000
KOLZOE,Fe,4,7.1900,2.8200,0.8627,0.4654
HECHIK,Pd,4,3.2100,0.4200,0.5198,-0.2840
BIXCIY,Mn,4,3.2700,0.0300,0.5276,-0.8861
HATROJ,Cu,4,0.8100,0.6400,-0.0410,-0.1308
BILQET,Ag,4,5.4500,2.6600,0.7443,0.4409
LIHYIL,Fe,4,3.1000,0.0100,0.5051,-0.9586
LEKTEC,Hg,4,6.6000,2.5200,0.8261,0.4183
SEWZIH,Pd,4,9.5700,12.2700,0.9854,1.0924
OGIBAK,Cu,4,8.4900,2.9400,0.9340,0.4829
TEMTEO,Pt,4,3.7800,1.1000,0.5888,0.0792
QUQTEE01,Cd,4,2.9500,0.0100,0.4843,-0.9586
JAGNAH,Zn,4,0.8700,1.7500,-0.0132,0.2672
BENCUT01,Zn,4,3.4300,0.5800,0.5478,-0.1675
XEDZOY,Cu,4,3.1500,0.2900,0.5119,-0.4089
GUJMIK,Zn,4,3.3800,0.6000,0.5416,-0.1549
KIDGOU,Fe,4,4.2500,1.1700,0.6385,0.1038
MUKCON,Ni,4,10.0800,11.7300,1.0077,1.0730
BOPFIZ,Pt,4,8.7100,2.8900,0.9450,0.4757
XISQEV,Pd,4,9.3500,13.5400,0.9754,1.1348
MAHLOY,Ag,4,6.3300,3.1900,0.8082,0.5172
KABNAG01,Pt,4,7.9500,4.7100,0.9058,0.6821
EKUFUM,Pd,4,2.8900,0.0200,0.4757,-0.9208
NEMWEK,Pt,4,8.8500,3.1100,0.9518,0.5065
POTBIN,Pd,4,13.5500,10.7400,1.1351,1.0350
OHOCOE,Hg,4,3.0900,0.0600,0.5038,-0.7959
PUFQUC01,Pt,4,10.1200,3.1300,1.0095,0.5092
NUBQIM,Ni,4,8.7000,3.2200,0.9445,0.5211
MEHZEF,Pt,4,3.0800,0.2500,0.5024,-0.4559
GONZOC23,Rh,4,3.0100,0.1800,0.4928,-0.5528
ROLRAM,Co,4,2.6600,0.0100,0.4409,-0.9586
ROSJEQ,Co,4,2.9100,0.0300,0.4786,-0.8861
NEKXEJ,Pd,4,8.6400,2.9600,0.9415,0.4857
SIPFIG,Ni,4,2.9100,0.0300,0.4786,-0.8861
JOMYER,Zn,4,2.6100,0.1100,0.4330,-0.6778
CUENFP,Cu,4,9.2300,2.8500,0.9699,0.4698
PEFDEL,Au,4,8.5700,2.8800,0.9380,0.4742
CORTOU,Pd,4,3.5600,0.8600,0.5635,-0.0177
PIKKUT,Pt,4,2.8500,0.0000,0.4698,-1.0000
VOGCUS,Pt,4,9.9500,3.1600,1.0022,0.5132
GIKVUS,Pd,4,3.1900,0.4200,0.5172,-0.2840
TEXGEK,Ni,4,8.3600,2.8900,0.9274,0.4757
KOPRUC,Hg,4,3.2900,0.1300,0.5302,-0.6383
LOKFIB,Cu,4,12.4700,18.3500,1.0993,1.2660
YOQLEX,Cu,4,7.3500,2.1900,0.8722,0.3598
COVLUX,Ni,4,8.0400,2.9200,0.9106,0.4800
LUQMOC,Pt,4,9.4600,3.1500,0.9805,0.5119
XOQTAA,Pd,4,3.2600,0.4900,0.5263,-0.2291
KOZQOI,Co,4,2.5300,0.0200,0.4200,-0.9208
LAVGUM,Cu,4,2.8900,0.0000,0.4757,-1.0000
ZOGMEP,Zn,4,3.1200,1.0300,0.5079,0.0531
VOGPOZ,Zn,4,1.9700,0.3700,0.3160,-0.3279
PELZAH,Co,4,2.9800,0.1000,0.4886,-0.6990
FUWMOB,Co,4,2.8800,0.0000,0.4742,-1.0000
PUXVIO,Cr,4,2.2400,1.8200,0.3692,0.2833
MOQPAJ,Pt,4,3.2200,0.4200,0.5211,-0.2840
QAKMIB,Cu,4,13.3200,8.4300,1.1278,0.9309
BINPUN,Zn,4,5.4100,1.4500,0.7412,0.1903
MOWDUY,Pt,4,9.1200,3.3300,0.9647,0.5353
WARJEF,Ni,4,11.2000,16.2500,1.0531,1.2135
POJJUV,Pd,4,9.3200,3.1500,0.9741,0.5119
KAHJOT,Mn,4,4.0400,0.6600,0.6170,-0.1192
XABNOE,Ni,4,2.9000,0.0200,0.4771,-0.9208
CADSEG,Zr,4,3.0900,0.1800,0.5038,-0.5528
CNSBZP,Pd,4,7.1500,9.0100,0.8603,0.9595
YAHYIQ,Ag,4,5.6600,2.7300,0.7604,0.4518
WUTHOJ,Cu,4,1.0400,0.4700,0.0569,-0.2441
OMISUY,Pd,4,17.3000,16.3400,1.2405,1.2159
NAPPAX,Pd,4,8.4200,2.9100,0.9304,0.4786
SEMREH,Zn,4,4.5400,0.8600,0.6665,-0.0177
YEWKOB01,Zn,4,2.0300,0.1700,0.3284,-0.5686
ZUYTUL,Cu,4,22.3500,20.8900,1.3512,1.3220
BANLOR,Fe,4,6.1700,1.9700,0.7973,0.3160
FAPBIH03,Pd,4,8.3800,2.9900,0.9284,0.4900
VUHWON,Au,4,8.6400,3.0600,0.9415,0.4997
YEPMUC,Pt,4,2.8800,0.0000,0.4742,-1.0000
ZOYTOY,Rh,4,8.7600,3.1500,0.9474,0.5119
BEHGOM,Cu,4,8.1000,2.8800,0.9138,0.4742
ZIWZEO02,Mn,4,2.2500,0.1100,0.3711,-0.6778
CESPAT,Zr,4,12.8900,10.5700,1.1136,1.0282
IKUPEK,Ni,4,8.8800,2.9700,0.9533,0.4871
XAXRAQ01,Ni,4,8.0500,2.9300,0.9112,0.4814
NEGFAH,Pd,4,9.1900,3.0200,0.9680,0.4942
NAKVUV,Pt,4,7.8600,2.9600,0.9009,0.4857
NONWES82,Pd,4,8.2100,2.9200,0.9196,0.4800
UFIFEV,V,4,3.8200,0.9100,0.5933,0.0043
BATNEQ,Pd,4,3.0200,0.1300,0.4942,-0.6383
VOTLUN,Cu,4,2.7100,1.2000,0.4487,0.1139
FIKYUV,Ni,4,11.1000,17.1800,1.0492,1.2375
YETFUZ,Zn,4,5.7000,1.2300,0.7634,0.1239
QATFAV,Pt,4,2.8200,0.1100,0.4654,-0.6778
NEYDOM,Zn,4,2.5700,0.4200,0.4265,-0.2840
NICHAL,Au,4,10.5500,3.5300,1.0273,0.5599
PUXXAL,Ir,4,8.5400,3.0200,0.9365,0.4942
COJWUV,Pt,4,8.5300,3.7200,0.9360,0.5821
ULOVOI,Fe,4,2.7100,0.3100,0.4487,-0.3872
EYIPUY,Cu,4,2.8500,0.0000,0.4698,-1.0000
SUHZEE,Cu,4,4.0500,1.2000,0.6180,0.1139
NEJKOD,Rh,4,8.3200,3.3000,0.9253,0.5315
OGEPIZ,Ni,4,2.9000,0.0200,0.4771,-0.9208
LIBXOM,Pd,4,10.4300,3.4700,1.0224,0.5527
XEQYOJ,Rh,4,8.9900,7.3600,0.9586,0.8727
KAWSOS,Pd,4,3.0500,0.2200,0.4983,-0.4949
IXUREY,Sc,4,4.0600,6.4600,0.6191,0.8169
DUZTIF,Zn,4,3.5900,0.3600,0.5670,-0.3372
AYACAF,Pd,4,9.7400,13.7200,0.9930,1.1405
GOLSEG,Au,4,2.8800,0.0000,0.4742,-1.0000
RUCXIA,Pd,4,9.9100,3.2300,1.0004,0.5224
SIHCUK,Cu,4,10.5900,12.5900,1.0290,1.1035
NUDGIC,Pt,4,8.4000,3.0000,0.9294,0.4914
TURMID,Zn,4,3.9900,0.2800,0.6117,-0.4202
EDUMUN,Ag,4,10.5500,4.5800,1.0273,0.6702
JIMXIN,Fe,4,4.5400,5.7600,0.6665,0.7679
JICCUT,Pt,4,15.5700,16.1000,1.1951,1.2095
QAGWII,Zn,4,3.0100,1.4100,0.4928,0.1790
HOMHEY,Ni,4,2.9100,0.0200,0.4786,-0.9208
WACNEW,Ni,4,8.1600,2.9100,0.9170,0.4786
KIBTAT,Cu,4,10.0700,10.3600,1.0073,1.0195
RIRKOV,Pt,4,2.8800,0.0000,0.4742,-1.0000
HAWXIO,Pd,4,2.9000,0.0200,0.4771,-0.9208
EJIBUX,Cu,4,16.9000,21.0300,1.2304,1.3249
EWUHUC,Y,4,6.5800,1.6400,0.8248,0.2405
CIXZAM01,Ni,4,17.3300,17.4900,1.2413,1.2453
QEFFIQ,Ir,4,3.2000,0.3900,0.5185,-0.3098
GAVSII,Zn,4,3.4600,0.8500,0.5514,-0.0223
QABSIY,Pd,4,2.9300,0.1900,0.4814,-0.5376
DAGGOL,Pt,4,3.0700,0.2600,0.5011,-0.4437
YIHMAD01,Zn,4,2.4600,0.7200,0.4082,-0.0862
LIYXEY,Ni,4,11.1500,23.4700,1.0512,1.3724
XUTZET,Pd,4,3.2100,0.6800,0.5198,-0.1079
MIVRIV01,Fe,4,3.8500,0.6500,0.5966,-0.1249
CEJJAE,Cu,4,2.8600,1.2900,0.4713,0.1430
TIPWUK,Pt,4,9.4900,3.2800,0.9818,0.5289
TEJTUZ,Cu,4,0.3600,6.0200,-0.3372,0.7868
KIWFOP01,Pt,4,3.4100,0.6500,0.5453,-0.1249
KUVMUJ,Au,4,1.3600,1.0500,0.1644,0.0607
FOGVII,Pt,4,7.5900,3.1200,0.8859,0.5079
WUTYOB,Cu,4,7.2300,1.9200,0.8651,0.3054
GEDYIB,Pd,4,9.8900,3.2300,0.9996,0.5224
NAGXOJ,Pd,4,3.2300,0.5200,0.5224,-0.2076
SAVZAQ,Cu,4,5.6900,1.2100,0.7627,0.1173
IBALOO,Pd,4,8.5800,2.8800,0.9385,0.4742
ZOHLUF,Pd,4,8.8400,3.4600,0.9513,0.5514
HAZCUH,Cu,4,9.0400,2.6900,0.9609,0.4456
EZOYIC,Mn,4,2.9900,0.0100,0.4900,-0.9586
ZOSREH,Pd,4,7.3100,3.2300,0.8698,0.5224
ROBQOQ,Nb,4,3.7300,4.1500,0.5832,0.6284
AYEPIG01,Mn,4,3.7500,0.0600,0.5855,-0.7959
NADYUQ,Co,4,7.7400,6.6300,0.8943,0.8280
TOHWIA,Pd,4,9.7000,3.1700,0.9912,0.5145
UKEDIB,Cu,4,8.5000,2.7500,0.9345,0.4548
NEQWIS,Au,4,3.1600,0.3300,0.5132,-0.3665
QOSZON24,Fe,4,2.5800,2.2000,0.4281,0.3617
TIXYAD,Co,4,3.3000,0.2400,0.5315,-0.4685
EQEWAB01,Fe,4,2.9400,0.0100,0.4829,-0.9586
WADHEP,Zn,4,2.8400,0.1500,0.4683,-0.6021
CYTCUC,Cu,4,5.8900,1.1900,0.7774,0.1106
CEMWAU,Ni,4,2.8900,0.0100,0.4757,-0.9586
ZOMXUY,Mn,4,2.4000,0.0300,0.3979,-0.8861
OGEWAY01,Pt,4,3.3800,0.6200,0.5416,-0.1427
RALYEK,Pd,4,9.7200,3.2200,0.9921,0.5211
SORXEG,Ni,4,15.7500,19.9800,1.2000,1.3028
OSUQAV,Ni,4,8.0800,2.9200,0.9128,0.4800
OQUWOP,Ni,4,5.0000,2.1500,0.7076,0.3522
UMIBOH01,Pd,4,3.0300,0.1700,0.4955,-0.5686
CIXJOL,Zn,4,2.4200,0.5500,0.4014,-0.1871
ELOCEO,Pd,4,2.8500,0.0400,0.4698,-0.8539
LINVOU,Ag,4,6.3900,1.3300,0.8122,0.1553
XAMYOC,Cu,4,19.8800,24.1800,1.3006,1.3852
CIYJUR,Re,4,3.0600,0.1200,0.4997,-0.6576
QATHEB,Y,4,2.4800,0.3400,0.4116,-0.3565
QONGOQ,Cu,4,4.0600,0.2500,0.6191,-0.4559
YEZPUQ,Pd,4,7.4900,3.3000,0.8802,0.5315
SIGHIA,Pd,4,3.1300,0.3100,0.5092,-0.3872
MIKDIW,Pt,4,9.6800,3.0800,0.9903,0.5024
EPECUY,Au,4,8.5600,2.8800,0.9375,0.4742
TIWSEY,Pd,4,2.9800,0.0800,0.4886,-0.7447
XACPUO,Ir,4,8.6800,3.1700,0.9435,0.5145
VAPYOC,Pd,4,9.5000,17.0900,0.9823,1.2353
GIRXOW,Co,4,3.1900,0.4500,0.5172,-0.2596
EPOWUC,Pd,4,8.1600,3.1800,0.9170,0.5159
PIWMIS,Mo,4,3.1700,0.2100,0.5145,-0.5086
RUWZIS,Rh,4,9.1700,2.9600,0.9671,0.4857
BUWWOF,Cu,4,0.4700,5.4300,-0.2441,0.7427
EKIPOG,Re,4,3.0300,0.0000,0.4955,-1.0000
SIJNOO,Cu,4,11.6600,10.6700,1.0704,1.0322
FIJNAR,Cu,4,3.0300,1.2400,0.4955,0.1271
LALYED,Pt,4,8.5800,3.0100,0.9385,0.4928
FUMXIV,Pd,4,2.9100,0.0300,0.4786,-0.8861
FUBYOQ,Co,4,3.5400,0.0800,0.5611,-0.7447
LORMIR,Pd,4,8.0400,3.0100,0.9106,0.4928
ICATIP,Ta,4,3.1100,2.3800,0.5065,0.3945
MIQXIU,Ni,4,2.9300,0.0500,0.4814,-0.8239
SINBID,Pt,4,7.2600,3.2700,0.8669,0.5276
KETTEL,Pt,4,6.9800,3.7100,0.8500,0.5809
CORSIO,Fe,4,4.3200,0.9700,0.6454,0.0294
IYUFUF,Co,4,3.2600,0.5200,0.5263,-0.2076
HAGBEX,Ni,4,3.0500,0.3500,0.4983,-0.3468
WUJQID,Pd,4,9.5000,3.0200,0.9823,0.4942
ZEQLIT,Cu,4,2.9100,0.0400,0.4786,-0.8539
KAGZIC,Cr,4,3.0000,2.3300,0.4914,0.3856
ELISAV,Pt,4,3.1000,0.2800,0.5051,-0.4202
WIJWIX,Cu,4,11.2400,10.9400,1.0546,1.0430
YUDLOC,Pt,4,9.0500,3.2000,0.9614,0.5185
WAPTOY,Pd,4,7.6900,2.5100,0.8915,0.4166
SUYXOB,Au,4,2.9500,0.1000,0.4843,-0.6990
DEDZOD,Rh,4,8.8700,3.5600,0.9528,0.5635
RUVFIB,Hg,4,2.7100,0.0300,0.4487,-0.8861
XAJBOZ,Pd,4,10.6500,3.3500,1.0314,0.5378
GAFXET,Au,4,2.8800,0.0000,0.4742,-1.0000
VEJFIA,Ir,4,8.8800,2.9000,0.9533,0.4771
UTOQAW,Ag,4,3.9100,1.7400,0.6031,0.2648
FIPYEJ,Pt,4,7.9100,3.0300,0.9036,0.4955
GAQCOT,Ni,4,19.6300,19.8600,1.2951,1.3002
XODJUZ,Ni,4,8.1900,2.9600,0.9186,0.4857
WIGWOB,Zn,4,2.9300,0.0600,0.4814,-0.7959
VOTXUZ,Hg,4,2.7900,0.0900,0.4609,-0.7212
MEBYUQ,Cu,4,9.0900,2.9100,0.9633,0.4786
TUZFAY,Ni,4,11.5600,12.0100,1.0667,1.0831
BIGNAH,Ni,4,10.5900,9.6300,1.0290,0.9881
BABMUQ01,Cu,4,3.0300,0.1900,0.4955,-0.5376
COZVES01,Cu,4,14.1600,6.9400,1.1541,0.8476
BOFJOW,Pt,4,8.1900,2.9400,0.9186,0.4829
XAKJEY,Ti,4,12.6200,5.7800,1.1045,0.7694
UNUBUD,Ni,4,8.9300,2.8900,0.9557,0.4757
JOCBIN,Mo,4,2.8000,0.0900,0.4624,-0.7212
XEYVEC03,Cu,4,1.8400,0.1200,0.2878,-0.6576
HISLIH,Os,4,8.6900,4.1400,0.9440,0.6274
UKAXEK,Pt,4,8.8200,2.9900,0.9504,0.4900
OZOZIN,Pd,4,2.9700,0.1100,0.4871,-0.6778
WEGNAB,Ni,4,20.4600,19.5600,1.3130,1.2936
WUZJOQ,Sc,4,2.3600,0.1400,0.3909,-0.6198
BAJZAO01,Cu,4,6.5100,2.0700,0.8202,0.3365
ROXXUZ,Cu,4,7.5100,15.5800,0.8814,1.1953
WIWGAN,Cu,4,2.9300,0.0500,0.4814,-0.8239
TEXLOY,Co,4,1.1600,0.6400,0.1004,-0.1308
KITMUY,Zn,4,4.0700,0.4500,0.6201,-0.2596
XAMGEX,Zn,4,2.8800,0.0000,0.4742,-1.0000
LADXOG,Pd,4,9.3800,3.1800,0.9768,0.5159
RECGIT07,Pd,4,2.9900,0.1200,0.4900,-0.6576
ISUYED,Ru,4,6.0000,2.0200,0.7853,0.3263
OMILAZ,Zn,4,2.7100,0.0100,0.4487,-0.9586
KUHVIT,Pd,4,8.0000,3.1600,0.9085,0.5132
QELQED,Pd,4,3.0900,0.3200,0.5038,-0.3768
CITFUI,Pd,4,9.0200,3.1600,0.9600,0.5132
CAQPUG,Pd,4,8.4700,3.1700,0.9330,0.5145
FOKJIZ,Pd,4,9.4400,3.2400,0.9795,0.5237
PUFHIL,Ni,4,8.8900,3.3100,0.9538,0.5328
OYOYIN,W,4,2.8700,0.0000,0.4728,-1.0000
REHFIW,Ni,4,12.4000,18.3100,1.0969,1.2651
QOHBAS,Ag,4,4.0000,0.2600,0.6128,-0.4437
HEQPEY,Cu,4,3.2800,1.4200,0.5289,0.1818
MENBAI01,Co,4,3.2700,0.0200,0.5276,-0.9208
ZOLNUL,Pd,4,8.4300,2.9900,0.9309,0.4900
FASSAU,Pd,4,3.2100,0.4200,0.5198,-0.2840
LEWPAG,Pd,4,9.1600,3.2000,0.9666,0.5185
LIYFAD,Pd,4,8.5000,3.0200,0.9345,0.4942
MIMRUX,Zn,4,1.6400,0.9900,0.2405,0.0374
OGOKUR,Pt,4,8.3200,2.6500,0.9253,0.4393
ERAYEE,Rh,4,3.2500,0.4300,0.5250,-0.2757
ZAQQAM,Pd,4,9.0200,3.2700,0.9600,0.5276
SEWCOO,Pd,4,3.1900,0.3800,0.5172,-0.3188
TURMEY,Ni,4,2.9700,0.0800,0.4871,-0.7447
DOQBOD,Ru,4,2.6800,0.6800,0.4440,-0.1079
LIXMAH,Ti,4,2.7300,0.0700,0.4518,-0.7696
IQEMIB,Pd,4,8.3800,2.9000,0.9284,0.4771
QORDAG,Zn,4,4.4300,1.2600,0.6561,0.1335
EJEMIP01,Cu,4,6.4500,1.6200,0.8162,0.2355
JORHOP,Pt,4,16.3000,25.3300,1.2148,1.4053
QASKEB,Pt,4,8.3200,2.8900,0.9253,0.4757
IWOLUB,Co,4,11.5500,13.2000,1.0663,1.1239
FAJHIL,Cu,4,3.0800,0.2500,0.5024,-0.4559
DEXGEU,Pd,4,10.3900,3.1800,1.0208,0.5159
BUCDAG01,Cu,4,7.1500,2.0000,0.8603,0.3222
KIWCOJ,Pd,4,10.3000,3.1800,1.0170,0.5159
NORJAF,Pd,4,7.4200,3.5200,0.8762,0.5587
WAVKOV,Ru,4,9.4500,2.8800,0.9800,0.4742
PAGMIV,Pd,4,3.9200,1.2800,0.6042,0.1399
IWUPUM,Ni,4,10.1800,8.7700,1.0120,0.9479
FORKAZ,Zn,4,4.4200,0.7300,0.6551,-0.0809
LUMYUR,Pt,4,9.0900,3.0500,0.9633,0.4983
UQENUC,Cd,4,2.0400,0.5700,0.3304,-0.1739
LEXDUP,Ni,4,2.8600,0.0000,0.4713,-1.0000
GUBQUQ,Ni,4,9.5600,3.4200,0.9850,0.5465
FOQGOH,Zn,4,3.7700,1.6600,0.5877,0.2455
ROZZIT,Fe,4,0.3400,6.0500,-0.3565,0.7889
SEVKUA,Pd,4,8.5900,3.1400,0.9390,0.5105
QOSHOW,Pd,4,3.2300,0.4300,0.5224,-0.2757
RUCDAY,Pd,4,15.6400,10.2900,1.1970,1.0166
LECYIC,Rh,4,8.3500,2.5400,0.9269,0.4216
RORREY,Pt,4,7.3900,3.1800,0.8745,0.5159
AVOBAO,Rh,4,7.5200,3.2300,0.8820,0.5224
DAQVUQ,Ni,4,17.3300,7.3600,1.2413,0.8727
OCEHUD,Ag,4,8.4100,2.9000,0.9299,0.4771
SAGLUK,Cu,4,2.8500,1.7700,0.4698,0.2718
QICLIY,Pt,4,9.9900,3.2700,1.0039,0.5276
IPOFUR,Co,4,8.8800,3.2000,0.9533,0.5185
HONQOS,Co,4,2.8900,0.0700,0.4757,-0.7696
UYAGIL,Zn,4,3.6000,0.2300,0.5682,-0.4815
MOWYAB,Pd,4,3.5100,0.7900,0.5575,-0.0506
BOSJIF01,Pd,4,3.0700,0.2300,0.5011,-0.4815
BUBZOQ,Zn,4,3.4800,0.2900,0.5539,-0.4089
KEJCEJ,Cu,4,2.9100,0.0400,0.4786,-0.8539
ROFXUI,Au,4,4.9700,4.5200,0.7050,0.6646
VIJWAO,Ni,4,12.8100,15.2000,1.1109,1.1847
XINDIL,Au,4,7.8100,3.1000,0.8982,0.5051
YAQHAA,Pt,4,9.4300,3.0100,0.9791,0.4928
QUCJIH,Ag,4,4.0100,1.6300,0.6138,0.2380
KICFEI,Zn,4,2.4900,0.0800,0.4133,-0.7447
TAMDUK,Cu,4,16.1600,12.4500,1.2111,1.0986
AGEWUF,Hg,4,3.4100,0.2000,0.5453,-0.5229
DOXCEZ,Cu,4,3.7900,3.3400,0.5899,0.5366
PILQAC,Mo,4,3.1600,0.3700,0.5132,-0.3279
EVACUZ,Ni,4,7.5000,11.5600,0.8808,1.0667
ZOXWUH,Pd,4,9.7800,3.2300,0.9948,0.5224
ZAVXUS,Hg,4,2.3900,0.2400,0.3962,-0.4685
OKOFOJ,Pd,4,8.5700,3.3000,0.9380,0.5315
NEDPAR,Zn,4,2.8600,0.2200,0.4713,-0.4949
BODQIY,Pt,4,3.0200,0.1700,0.4942,-0.5686
OHUTOB,Pd,4,3.2400,0.4500,0.5237,-0.2596
BUDLEU,Zn,4,3.5500,0.5400,0.5623,-0.1938
UHIYUG,Pd,4,8.8600,6.1600,0.9523,0.7966
TURXEN,Ag,4,11.1800,3.7400,1.0523,0.5843
GUXSOJ,Zn,4,5.9900,1.8700,0.7846,0.2945
NAMJIV,Co,4,4.1400,0.1600,0.6274,-0.5850
ZOXTIP,V,4,6.9700,11.1700,0.8494,1.0519
KIQRAF,Cu,4,8.5900,2.7600,0.9390,0.4564
CIWPOO,Pd,4,3.2200,0.3500,0.5211,-0.3468
NPTCNI10,Ni,4,8.9000,9.6700,0.9542,0.9899
SADHEK,Pt,4,8.2200,3.2300,0.9201,0.5224
QAVKEE,Zn,4,2.5000,0.4000,0.4150,-0.3010
TINTOB,Pd,4,3.0200,0.1800,0.4942,-0.5528
KEBBUO,Mo,4,3.5100,0.1300,0.5575,-0.6383
WEZXIK,Rh,4,3.4700,0.7600,0.5527,-0.0655
YIBKIE,Rh,4,8.5600,3.2100,0.9375,0.5198
VUZFON,Fe,4,3.5800,0.8400,0.5658,-0.0269
EFUTUV,Pt,4,6.8400,4.7400,0.8414,0.6848
EPIGES,Co,4,2.3000,0.0800,0.3802,-0.7447
DEWXOT,Ni,4,2.9100,0.0300,0.4786,-0.8861
OCMENH03,Ni,4,2.9300,0.0400,0.4814,-0.8539
NIFKAP,Ni,4,3.2600,0.3300,0.5263,-0.3665
MEJKUK,Hg,4,2.8700,1.6800,0.4728,0.2504
TPORCP12,Co,4,2.8800,0.0000,0.4742,-1.0000
NEBVOG,Pt,4,8.2500,2.8200,0.9217,0.4654
FAWJOD,Ni,4,9.5500,3.1500,0.9845,0.5119
HARKAQ,Cu,4,8.0200,3.1600,0.9096,0.5132
VOGDUQ,Co,4,12.8700,9.1800,1.1129,0.9675
SAYJEH,Pt,4,3.2800,0.4500,0.5289,-0.2596
OJEWIL,Pd,4,3.2300,0.3600,0.5224,-0.3372
RUHWUO,Ni,4,2.8900,0.0100,0.4757,-0.9586
ZIXVIO,Co,4,1.9600,0.1400,0.3139,-0.6198
BODWOH,Ni,4,6.0200,6.5100,0.7868,0.8202
BEVNOH,Ni,4,3.0300,0.1800,0.4955,-0.5528
EYAGOB,Pd,4,9.9900,10.1400,1.0039,1.0103
MAKTOI,Ru,4,5.7200,2.2400,0.7649,0.3692
QURXIN,Hg,4,2.8200,1.1100,0.4654,0.0828
SIPHAA,Co,4,3.0900,0.1100,0.5038,-0.6778
QIBKOC,Ni,4,4.1600,0.7700,0.6294,-0.0605
FEQGEN,Cr,4,4.5000,5.6300,0.6628,0.7582
VUCXIE,Ni,4,3.2000,0.4900,0.5185,-0.2291
SEYGAI,Pd,4,10.2100,16.3300,1.0133,1.2156
ZASFOS,Cu,4,2.8900,0.0100,0.4757,-0.9586
LUQSIC,W,4,2.8400,0.0000,0.4683,-1.0000
WAKDER,Pt,4,9.5000,3.0600,0.9823,0.4997
LIVBOH,Cu,4,8.3300,14.8000,0.9258,1.1732
ZOSRAD,Pd,4,7.5000,3.3400,0.8808,0.5366
OBUYAM,Pd,4,3.0400,0.2200,0.4969,-0.4949
WAZHOW,Pd,4,2.9300,0.0800,0.4814,-0.7447
KURPAP,Cu,4,8.6300,2.9000,0.9410,0.4771
VERYAV02,Ni,4,8.2700,2.8500,0.9227,0.4698
MAWPAC,Pd,4,3.0900,0.2800,0.5038,-0.4202
SAPLUS,Y,4,3.3700,2.4200,0.5403,0.4014
SAZZID02,Co,4,3.6700,0.1400,0.5763,-0.6198
SUVWOY,Ni,4,3.2700,0.5000,0.5276,-0.2218
RIKYIW,Zn,4,1.7600,1.4600,0.2695,0.1931
TUWGUQ,Pt,4,7.8600,3.1300,0.9009,0.5092
KUTQEZ,Pt,4,9.8400,3.2500,0.9974,0.5250
QUZYEQ,Pd,4,8.4200,2.9900,0.9304,0.4900
ANEPEQ,Cu,4,8.2700,12.3500,0.9227,1.0952
NENTAE,Cu,4,8.6100,2.8700,0.9400,0.4728
MADVAQ,Rh,4,2.8400,2.6600,0.4683,0.4409
YATYOL,Pd,4,3.0700,0.2400,0.5011,-0.4685
DUGHAQ,Pd,4,7.4300,3.2500,0.8768,0.5250
OZOVUV,Pt,4,7.9600,3.0200,0.9063,0.4942
UYOCOB,Pd,4,2.9700,0.1600,0.4871,-0.5850
LAZXAM,Ni,4,8.2900,2.9200,0.9238,0.4800
WOHFII,Zn,4,2.8300,0.0100,0.4669,-0.9586
AYIROP,Rh,4,8.8500,7.3700,0.9518,0.8733
VIGVOA,Pd,4,3.0800,0.2200,0.5024,-0.4949
QUXNAC,Cu,4,3.9200,0.5900,0.6042,-0.1612
JOGDOA,Ni,4,20.8400,15.2600,1.3210,1.1864
XISDUC,Au,4,3.3100,0.5200,0.5328,-0.2076
UREQAM,Zn,4,6.6600,1.8000,0.8299,0.2788
UQEKEJ,Au,4,9.0700,9.6300,0.9624,0.9881
IDATAJ,Pt,4,7.9300,3.0300,0.9047,0.4955
BUFRON,Pd,4,8.2600,2.7800,0.9222,0.4594
UYEQIZ,Ni,4,12.6700,19.8700,1.1062,1.3004
RASDAR,Pd,4,2.8800,0.0000,0.4742,-1.0000
GAMTOD,Rh,4,3.2100,0.4100,0.5198,-0.2924
SOMQAN,Sc,4,5.3600,0.5400,0.7372,-0.1938
WOGFEE,Zn,4,3.5400,0.4300,0.5611,-0.2757
WEMRUC01,Zn,4,3.4000,0.6900,0.5441,-0.1024
NOHTUZ,Pd,4,8.8600,3.4000,0.9523,0.5441
FELNUF,Pt,4,3.2100,0.4300,0.5198,-0.2757
YICPIM,Pd,4,8.8700,3.0300,0.9528,0.4955
IQOGOK,Hg,4,1.7700,0.1900,0.2718,-0.5376
BAPZOI,Cd,4,3.8100,1.1800,0.5922,0.1072
UKIFIG01,Ni,4,3.3100,0.5000,0.5328,-0.2218
DUHGAP01,Ni,4,2.9700,0.0700,0.4871,-0.7696
GUGZAJ,Hg,4,3.5300,0.1900,0.5599,-0.5376
AQUMII,Pt,4,9.8600,3.0600,0.9983,0.4997
PULSAS,Ni,4,2.9000,0.0200,0.4771,-0.9208
LEZFII,Ni,4,2.9300,0.0400,0.4814,-0.8539
PAJROL,Au,4,8.6600,3.1000,0.9425,0.5051
FEZMAC,Pd,4,9.3600,17.8100,0.9759,1.2531
OWEFUT,Cu,4,8.3700,2.7500,0.9279,0.4548
HEPVEH,Cu,4,2.9400,1.1900,0.4829,0.1106
OSELAA,Cu,4,1.7300,0.6400,0.2625,-0.1308
RUQLUN,Pt,4,3.0900,0.3000,0.5038,-0.3979
WABHIS,Zn,4,2.9300,0.0700,0.4814,-0.7696
QUHXOI,Pd,4,9.5100,12.5300,0.9827,1.1014
CAZPAV,Zn,4,2.8400,0.0400,0.4683,-0.8539
EYUNET,Ni,4,14.5500,20.3900,1.1658,1.3115
SIMBEX,Pd,4,3.1800,0.4600,0.5159,-0.2518
HIGFOT,Cu,4,2.9700,1.4100,0.4871,0.1790
TUMZEI,Pd,4,9.6500,3.0500,0.9890,0.4983
LUFLOQ,Cu,4,4.2800,1.5900,0.6415,0.2279
XOVZUD,Ni,4,3.5500,1.2300,0.5623,0.1239
RALCOY,Zn,4,3.5700,0.7400,0.5647,-0.0757
SOQSEA,Pd,4,2.8900,0.0100,0.4757,-0.9586
NITPPC23,Cu,4,18.6500,17.7800,1.2730,1.2524
LEZKOT,Pt,4,7.9500,3.4600,0.9058,0.5514
GAXNOM,Pd,4,2.8900,0.0100,0.4757,-0.9586
QIMFEB,Pt,4,2.8800,0.0000,0.4742,-1.0000
SUYBAQ,Co,4,1.6200,0.5200,0.2355,-0.2076
MHNAPC01,Cu,4,2.8800,0.0200,0.4742,-0.9208
TEZWED,Pd,4,9.3200,2.9900,0.9741,0.4900
MOZSIE,Zn,4,2.5700,1.2500,0.4265,0.1303
YEDCAN,Pt,4,7.4900,3.1200,0.8802,0.5079
YICROR,Cu,4,1.7500,6.0500,0.2672,0.7889
XARFON,Cu,4,3.3600,1.0400,0.5391,0.0569
JOBJUI,Mn,4,2.7400,0.7500,0.4533,-0.0706
VUTNOP,Ni,4,4.6500,0.2600,0.6767,-0.4437
REGYIP,Ag,4,3.3300,0.1100,0.5353,-0.6778
GUMXOD02,Co,4,2.2800,0.0800,0.3766,-0.7447
IVIQUB,Pd,4,9.6400,3.1600,0.9886,0.5132
KAYJID,Mo,4,2.5900,0.0100,0.4298,-0.9586
TUBCUO,Pd,4,9.1900,3.0100,0.9680,0.4928
KUNBOK01,Pd,4,3.0400,0.2000,0.4969,-0.5229
IBIXIA,Mn,4,2.8900,0.0100,0.4757,-0.9586
KUJLEH,Pd,4,8.9400,3.4300,0.9562,0.5478
KIRXOA,Pd,4,9.1100,3.0100,0.9643,0.4928
HIGBIJ,Pt,4,10.1700,3.3400,1.0116,0.5366
RIFRUU,Pd,4,9.8800,3.0100,0.9991,0.4928
LINVUA,Zn,4,2.7300,1.5900,0.4518,0.2279
RAPROR,Pt,4,9.9500,3.0600,1.0022,0.4997
MOBNEX,Fe,4,3.7600,0.7400,0.5866,-0.0757
TUMBEL,Pd,4,3.2700,0.5100,0.5276,-0.2147
KACMIL02,Cu,4,2.9200,0.0300,0.4800,-0.8861
KILQIH,Pt,4,2.8800,0.0000,0.4742,-1.0000
EHOWAZ,Ni,4,14.8100,14.3000,1.1735,1.1584
ULEHOM,Ag,4,2.2800,0.1500,0.3766,-0.6021
YEHFEA,Pt,4,9.5300,3.0100,0.9836,0.4928
TENFUQ,Zn,4,5.3600,0.4800,0.7372,-0.2366
NOGLIG04,Cu,4,2.8800,0.0000,0.4742,-1.0000
ODALAH,Ni,4,11.2000,10.0700,1.0531,1.0073
ZENCOK,Cu,4,2.8800,0.0000,0.4742,-1.0000
FEGKAE,Pt,4,8.8400,3.0300,0.9513,0.4955
KIWLIN,Ni,4,2.0900,1.2300,0.3404,0.1239
BIMDAF,Zn,4,2.8800,0.0000,0.4742,-1.0000
YUXQIU,Cu,4,3.0600,0.2300,0.4997,-0.4815
COSPEF01,Fe,4,2.8600,0.0100,0.4713,-0.9586
MIRQUZ,Pt,4,3.3200,0.5400,0.5340,-0.1938
PURVIJ,Ag,4,2.7900,0.2000,0.4609,-0.5229
XIVFUH,Pd,4,2.9000,0.0200,0.4771,-0.9208
JEBQUF01,Au,4,9.6100,3.1000,0.9872,0.5051
RAMWOT,Pd,4,9.3100,3.1400,0.9736,0.5105
HOJXIQ,Cu,4,2.9100,0.0300,0.4786,-0.8861
HEDTES,Ni,4,7.8900,2.9100,0.9025,0.4786
ZENCUT,Pd,4,9.6600,16.3900,0.9894,1.2172
JUQMER,Pd,4,3.4100,0.6600,0.5453,-0.1192
TUSNUU,Co,4,3.5600,1.8200,0.5635,0.2833
JUSCAF,Fe,4,3.3900,1.4400,0.5428,0.1875
EYEHOG,Zn,4,3.5800,1.3000,0.5658,0.1461
DUDVEH,Pd,4,8.2600,2.9900,0.9222,0.4900
WAWMOA,Zn,4,1.2100,1.0400,0.1173,0.0569
VALVUB,Au,4,3.0700,0.2500,0.5011,-0.4559
INIDIS,Pt,4,2.8900,0.0600,0.4757,-0.7959
IQUQIX,Zn,4,3.2200,0.0300,0.5211,-0.8861
BUCHAM,Mn,4,2.6600,0.0300,0.4409,-0.8861
YACLIZ,Pt,4,3.2900,0.5800,0.5302,-0.1675
SUPROO,Fe,4,3.1500,0.0100,0.5119,-0.9586
ICAYAO,Ni,4,2.9700,0.1100,0.4871,-0.6778
WUVNAD,Fe,4,4.1500,1.1500,0.6284,0.0969
IHOQAB,Pt,4,4.0900,1.4500,0.6222,0.1903
BUJSOP02,Cu,4,3.2200,0.3600,0.5211,-0.3372
DILDOS,Ni,4,8.0000,12.9100,0.9085,1.1143
OWEXAQ,Pd,4,9.3700,15.3000,0.9763,1.1875
LUYXIN,Mn,4,2.1100,1.6300,0.3444,0.2380
QUMCIK,Ir,4,2.3800,0.0600,0.3945,-0.7959
DIMRAS10,Ni,4,2.9300,0.0500,0.4814,-0.8239
EYEXOV,Pd,4,8.8800,3.2400,0.9533,0.5237
ADIYER,Pt,4,7.3200,3.4800,0.8704,0.5539
TIQZOJ,Cu,4,5.9300,1.3900,0.7803,0.1732
FOJWIM,Cu,4,9.3200,2.9500,0.9741,0.4843
ONEGOE,Fe,4,1.2200,0.6700,0.1206,-0.1135
XIJBEY,Ni,4,2.8900,0.0100,0.4757,-0.9586
RACJAJ01,Ni,4,5.1400,2.2900,0.7193,0.3784
RAHTUR,Pt,4,8.1500,3.3000,0.9165,0.5315
XEWQOG,Cu,4,11.1600,8.9400,1.0515,0.9562
HATRID,Co,4,13.1600,7.9200,1.1225,0.9042
KIJXAC01,Ni,4,3.1000,0.2700,0.5051,-0.4318
LOKFAV,Zn,4,3.0300,0.0100,0.4955,-0.9586
KIBLAI,Cu,4,2.9100,0.0300,0.4786,-0.8861
ZIMWEZ,Pd,4,3.5000,0.6900,0.5563,-0.1024
CANKEK,Cu,4,16.5600,13.8900,1.2217,1.1458
DANKEK,Pd,4,3.2600,0.3900,0.5263,-0.3098
XIFMAD,Co,4,6.9100,6.9500,0.8457,0.8482
ULUQOK,Fe,4,3.3800,0.3900,0.5416,-0.3098
IHIFAI,Cu,4,15.6500,18.9800,1.1973,1.2806
TAHDEN,Ni,4,18.8200,16.3700,1.2769,1.2167
BEQBAA01,Pt,4,8.8600,2.9400,0.9523,0.4829
ZEGTUC,Ni,4,8.1500,2.9500,0.9165,0.4843
PAGFAI,Zn,4,5.9100,0.5500,0.7789,-0.1871
GEMNAQ,Pd,4,9.0300,2.9600,0.9605,0.4857
BEMHUY,Ni,4,9.3600,15.1600,0.9759,1.1836
OFOCOD,Ni,4,2.9100,0.0300,0.4786,-0.8861
ROHJOQ,Pd,4,9.5200,3.1400,0.9832,0.5105
GONHEW,Ni,4,8.5600,2.8700,0.9375,0.4728
KITHIH,Ir,4,7.9000,3.1800,0.9031,0.5159
BEQLAO,Ni,4,2.7400,0.4800,0.4533,-0.2366
AGUZAG,Pt,4,9.5800,3.0200,0.9859,0.4942
KUMTOF,Cu,4,5.6200,1.6700,0.7574,0.2480
UFUVUM,Pd,4,8.4400,2.9700,0.9315,0.4871
VOGYEW,Pd,4,8.1400,2.9200,0.9159,0.4800
DOWFED,Ni,4,9.3400,3.0300,0.9750,0.4955
MARNAU,Pd,4,2.9000,0.0100,0.4771,-0.9586
KEWXOA,Ir,4,8.6300,3.1000,0.9410,0.5051
QENXEN,Cu,4,7.8900,2.8300,0.9025,0.4669
XAJWOX,Cu,4,2.3700,0.2200,0.3927,-0.4949
TENLIL,Cu,4,6.6000,1.3500,0.8261,0.1614
SOMVOF,Cr,4,19.7500,26.8300,1.2978,1.4302
ROBMUQ,Pt,4,9.1500,3.2000,0.9661,0.5185
EVEWIL,Pt,4,9.9500,3.2700,1.0022,0.5276
SADGIN10,Pt,4,8.6100,2.9100,0.9400,0.4786
QOTSIE,Co,4,4.0300,1.1200,0.6160,0.0864
JUYKUN,Pt,4,9.4100,13.0800,0.9782,1.1199
GURDIJ,Cu,4,3.9800,1.4700,0.6107,0.1959
DUTMIQ,Co,4,2.3200,0.0400,0.3838,-0.8539
LUZSEF,Pt,4,8.3900,2.9500,0.9289,0.4843
YILLOY02,Cu,4,2.9500,0.0600,0.4843,-0.7959
QIJLEE01,Ag,4,2.6500,0.0900,0.4393,-0.7212
XELFAV,Pt,4,2.9000,0.0200,0.4771,-0.9208
JEGPIX,Pt,4,7.4600,3.4800,0.8785,0.5539
GOMVEJ,Pt,4,9.2900,3.0100,0.9727,0.4928
ALESOA,Cr,4,3.1000,0.1900,0.5051,-0.5376
MAZROV,Ni,4,8.3500,2.9400,0.9269,0.4829
KOXNIY,Pd,4,8.5500,2.8900,0.9370,0.4757
UFUKOV,Ni,4,2.6500,0.1400,0.4393,-0.6198
ZAWHEM,Cu,4,2.2500,1.0700,0.3711,0.0682
GUSRIW01,Ag,4,5.6200,0.7600,0.7574,-0.0655
GELSAS,Ni,4,11.6100,18.8600,1.0686,1.2778
VUYPOV,Re,4,2.6800,0.0200,0.4440,-0.9208
WUXQOY,Hf,4,8.3000,7.3100,0.9243,0.8698
OMAXUV,Cu,4,4.4000,1.3000,0.6532,0.1461
PETPDC,Pd,4,8.2200,2.9400,0.9201,0.4829
SEWYUQ01,Au,4,8.3900,2.9200,0.9289,0.4800
LUQQIZ,Zn,4,2.0300,0.7100,0.3284,-0.0915
DACKIF,Pd,4,3.0600,0.2200,0.4997,-0.4949
OJAPAQ,Fe,4,4.7400,0.7400,0.6848,-0.0757
XUZTAO,Cu,4,8.0800,2.6900,0.9128,0.4456
DEPBUV,Fe,4,3.1600,0.1800,0.5132,-0.5528
GOGSAA,Cu,4,2.9400,0.0500,0.4829,-0.8239
FAHLOQ,Co,4,2.9700,0.4200,0.4871,-0.2840
YIDDUK02,Cu,4,7.3400,2.0800,0.8716,0.3385
LOXXED,Cu,4,17.0900,20.2100,1.2353,1.3077
IWUBIL,Zn,4,2.8400,0.4700,0.4683,-0.2441
AFIGAA,Zn,4,3.5700,0.1600,0.5647,-0.5850
JIHMEW,Cu,4,14.7200,7.6400,1.1708,0.8887
NOPZOK,Mn,4,2.8000,0.0300,0.4624,-0.8861
IKISEC,Pt,4,9.8200,3.1600,0.9965,0.5132
QAHZAC01,Zn,4,3.6800,0.6200,0.5775,-0.1427
JOPDID,Au,4,2.9000,0.0200,0.4771,-0.9208
LUXFER,Pd,4,3.0600,0.2300,0.4997,-0.4815
LADBEB,Au,4,8.8200,3.1300,0.9504,0.5092
UWUJIG,Pd,4,3.2700,0.4000,0.5276,-0.3010
UKUJAP,Ni,4,2.9400,0.0700,0.4829,-0.7696
AJIHEH,Pd,4,2.9500,0.0600,0.4843,-0.7959
JILZOW,Cu,4,7.8600,2.4100,0.9009,0.3997
XILGIJ,Zn,4,3.2900,0.4500,0.5302,-0.2596
MUYTEH,Ni,4,11.2400,7.3400,1.0546,0.8716
ILAZOK,Os,4,3.0700,0.2600,0.5011,-0.4437
CAYPAT,Pt,4,3.0200,0.1800,0.4942,-0.5528
XUTTUE,Co,4,14.0500,13.1300,1.1508,1.1216
EFEWOC,Cu,4,5.3500,1.8600,0.7364,0.2923
QOLKUY,Pt,4,3.0400,0.2000,0.4969,-0.5229
LAVYOW,Cu,4,1.4400,0.6000,0.1875,-0.1549
FORKEE,Pt,4,3.1200,0.3200,0.5079,-0.3768
OMASAX,Rh,4,8.7000,3.0300,0.9445,0.4955
RUVBIU,Pt,4,9.8200,3.1500,0.9965,0.5119
LEPYOV,Ni,4,8.9200,9.9700,0.9552,1.0030
EDONOC,Pd,4,3.0100,0.1700,0.4928,-0.5686
WUXQIP,Co,4,3.7900,0.2100,0.5899,-0.5086
KOXQAR,Au,4,2.9400,0.0800,0.4829,-0.7447
NELDIU,Ni,4,12.4800,11.7500,1.0997,1.0737
WAQVEP,Ni,4,2.9200,0.0400,0.4800,-0.8539
HUMMIN,Cu,4,2.8900,0.0200,0.4757,-0.9208
HUFJOH,Cu,4,8.5800,2.8800,0.9385,0.4742
ETUKIP,Pd,4,8.9400,3.1100,0.9562,0.5065
RAKRUT,Rh,4,8.4400,2.9900,0.9315,0.4900
FIKFAI,Mn,4,2.2700,0.0800,0.3747,-0.7447
QERREN,Ag,4,9.8100,9.3000,0.9961,0.9731
VOYSUZ,Pt,4,3.0100,0.1800,0.4928,-0.5528
NIGVOQ,Zn,4,2.7100,0.0100,0.4487,-0.9586
OYUPUW,Ni,4,8.5500,2.8000,0.9370,0.4624
TILCUP,Co,4,3.1400,2.8000,0.5105,0.4624
QUDXUJ,Ir,4,6.2000,2.4800,0.7993,0.4116
TAPKIF,Ni,4,8.4100,20.1600,0.9299,1.3066
XUCLEP,Pt,4,9.2700,3.1200,0.9717,0.5079
HUBLEW,Ni,4,8.6600,2.9800,0.9425,0.4886
IWEDUJ,Pd,4,8.6100,3.0300,0.9400,0.4955
VICLID,Ag,4,20.1800,19.2000,1.3071,1.2856
CUBGAJ,Pt,4,8.9200,2.9700,0.9552,0.4871
SOQYAY,Pt,4,2.9700,0.2100,0.4871,-0.5086
QAHZAD,Cu,4,3.2500,0.4700,0.5250,-0.2441
SUBGUU,Pd,4,3.1300,0.3100,0.5092,-0.3872
ZESHOX,Ni,4,8.7400,15.5700,0.9465,1.1951
COPTCY07,Co,4,2.8800,0.0000,0.4742,-1.0000
UBINAY,Rh,4,7.7500,3.3100,0.8949,0.5328
DURTIV,Ni,4,2.8500,0.1100,0.4698,-0.6778
CAXKUK,Pd,4,9.1400,2.9900,0.9657,0.4900
TIFJAX,Cu,4,8.5300,3.2400,0.9360,0.5237
SAGSUP,Cu,4,4.5800,0.7700,0.6702,-0.0605
HEDWUI,Pt,4,8.8200,3.1800,0.9504,0.5159
UKOHOR02,Pd,4,8.0000,7.5800,0.9085,0.8854
TALYAK,Pd,4,3.0000,0.1800,0.4914,-0.5528
FETXIP,Pt,4,2.9500,0.1200,0.4843,-0.6576
ZAXFUB,Pd,4,9.1200,2.9800,0.9647,0.4886
YUMZUD,Zn,4,2.7500,0.0100,0.4548,-0.9586
SIVTIE,Ni,4,8.5500,2.8800,0.9370,0.4742
ZOVVEN,Ni,4,3.1800,0.4100,0.5159,-0.2924
ECUGOY,Pt,4,2.9400,0.0800,0.4829,-0.7447
HEXGEY,Ir,4,3.2000,1.8100,0.5185,0.2810
ZEFCIW,Pt,4,7.8500,2.9800,0.9004,0.4886
RIDYUZ,Fe,4,3.4200,0.0300,0.5465,-0.8861
DAVMEU,Ni,4,2.9200,0.0300,0.4800,-0.8861
SEDCUA,Pd,4,12.8900,13.8800,1.1136,1.1455
QACVEY,Fe,4,3.0500,0.7400,0.4983,-0.0757
BUXDEF,Ni,4,2.9500,0.1300,0.4843,-0.6383
QELFUM,Au,4,2.9000,0.0200,0.4771,-0.9208
ESIKAS,Pt,4,18.1900,18.7800,1.2622,1.2760
SENLAB,Zn,4,4.0600,1.0200,0.6191,0.0492
OYOCEM,Zn,4,2.8700,0.0000,0.4728,-1.0000
QEZTAQ,Pd,4,2.8900,0.0100,0.4757,-0.9586
UBEWIJ,Zn,4,2.0900,0.2000,0.3404,-0.5229
CAFZUH,Ni,4,8.9400,2.9300,0.9562,0.4814
TUDTET,Pt,4,8.7600,3.0700,0.9474,0.5011
QIXXAA,Ni,4,13.6700,17.4200,1.1389,1.2435
YARNAI,Pt,4,3.1100,0.2800,0.5065,-0.4202
LECCII,Ni,4,8.4800,2.9800,0.9335,0.4886
ATECEJ,Mn,4,12.2700,11.2600,1.0924,1.0554
ODUGEB,Au,4,8.7600,3.1200,0.9474,0.5079
JAPPOF,Pt,4,5.7800,3.3000,0.7694,0.5315
ACEWIO,Ni,4,3.0800,0.2300,0.5024,-0.4815
HOYHOS,Fe,4,7.1400,1.9700,0.8597,0.3160
UQUYIP,Co,4,3.1000,0.0100,0.5051,-0.9586
CITKIA,Au,4,2.8800,0.0000,0.4742,-1.0000
BODTEU,Pd,4,8.4600,2.9400,0.9325,0.4829
PEBJAK,Ni,4,4.2800,1.0300,0.6415,0.0531
MIKDOC,Pt,4,9.5100,3.0300,0.9827,0.4955
CEDVIT,Cd,4,5.1800,1.1400,0.7226,0.0934
TEDYIK,Ni,4,2.9400,0.1200,0.4829,-0.6576
CARBNI01,Ni,4,13.8000,6.1100,1.1430,0.7931
CHSALC01,Cu,4,2.9300,0.0600,0.4814,-0.7959
QUKHEJ,Pd,4,3.5000,0.7800,0.5563,-0.0555
BAQSAO,Pd,4,8.9600,3.0500,0.9571,0.4983
KIJMIZ,Pt,4,2.9000,0.0200,0.4771,-0.9208
OQETEL,Ni,4,3.2500,0.4700,0.5250,-0.2441
GIHSIA,Zn,4,2.1000,2.0200,0.3424,0.3263
EWOPEM,Pd,4,7.8500,15.3900,0.9004,1.1901
XAKLEC,Ni,4,21.2700,22.2100,1.3298,1.3485
XAZTOH,Cu,4,4.3600,7.0500,0.6493,0.8543
PANKEU,Ni,4,2.8100,0.0000,0.4639,-1.0000
NIJXEN,Pd,4,3.2800,0.4700,0.5289,-0.2441
NONWES56,Pd,4,8.0500,2.9500,0.9112,0.4843
QAPSIK,Pt,4,3.0500,0.2000,0.4983,-0.5229
NIXDEF,V,4,3.9400,0.6900,0.6064,-0.1024
NIPLAD,Co,4,4.4000,0.8900,0.6532,-0.0044
COWKOS,Pd,4,8.8600,3.2100,0.9523,0.5198
XOTVOR,Pd,4,7.9200,3.1800,0.9042,0.5159
ZURCOI,Pt,4,8.1500,3.4000,0.9165,0.5441
ETEVIK,Cu,4,6.0400,1.5600,0.7882,0.2201
XILBED,Cu,4,2.9300,0.0600,0.4814,-0.7959
MIWPOY,Ni,4,7.4500,2.6900,0.8779,0.4456
EFOXEE,Cu,4,6.6600,6.9700,0.8299,0.8494
GEYZES,Co,4,2.8100,0.0100,0.4639,-0.9586
TANLUP,Rh,4,9.8800,14.6900,0.9991,1.1700
OCAVAT,Pt,4,8.2800,2.8900,0.9232,0.4757
SUFYEZ,Cu,4,2.9000,0.0200,0.4771,-0.9208
ENEHIR,Cu,4,9.3400,2.9500,0.9750,0.4843
HUSTEW,Zn,4,2.9600,0.8900,0.4857,-0.0044
ACOWIA,Pd,4,3.1300,0.3100,0.5092,-0.3872
AVEJIV,Cu,4,8.9300,2.9000,0.9557,0.4771
KUMQOZ02,Mn,4,2.8200,0.0100,0.4654,-0.9586
QIZTAX,Cu,4,3.7700,1.4100,0.5877,0.1790
YATPUH,Pt,4,3.4200,0.6600,0.5465,-0.1192
TESZEZ,Pd,4,9.1500,3.5300,0.9661,0.5599
PECJUE,Co,4,4.8300,0.6100,0.6928,-0.1487
SUTNIH,Pt,4,8.0200,2.8800,0.9096,0.4742
NOEPOR02,Ni,4,2.8800,0.0000,0.4742,-1.0000
IFOBAK,Ni,4,3.1700,0.3700,0.5145,-0.3279
IWEVIQ,Ni,4,8.8100,13.9300,0.9499,1.1471
QIQNEJ,Fe,4,3.8600,0.7200,0.5977,-0.0862
MIRJEF01,Pt,4,3.2100,0.3900,0.5198,-0.3098
FISNEE,Zn,4,3.1100,0.0100,0.5065,-0.9586
KAKWIC,Pt,4,3.0000,0.1500,0.4914,-0.6021
GOVSUJ,Au,4,3.0100,0.1600,0.4928,-0.5850
DUVNAN,Ni,4,2.7700,0.0000,0.4579,-1.0000
BASLIU,Pd,4,3.0600,0.2300,0.4997,-0.4815
XONCOT,Co,4,3.8600,1.0500,0.5977,0.0607
PAKWOP,Cu,4,2.7600,0.0000,0.4564,-1.0000
WARPOU,Fe,4,7.0700,1.9800,0.8555,0.3181
AMEPEO,Pt,4,2.8800,0.0000,0.4742,-1.0000
IPOBAR,Ni,4,5.4700,1.2000,0.7459,0.1139
HEZYIW,Fe,4,3.5800,0.2400,0.5658,-0.4685
CESREZ,Pd,4,7.6900,2.9600,0.8915,0.4857
DIQSIJ,Rh,4,3.1000,0.2800,0.5051,-0.4202
VETGOQ,Pd,4,7.1700,3.5000,0.8615,0.5563
BAZZUY,Pt,4,2.9100,0.0300,0.4786,-0.8861
QAHDIN,Pd,4,9.8400,3.2400,0.9974,0.5237
VIKQUC,Ni,4,10.8900,13.2700,1.0410,1.1261
YAMZIZ,Cd,4,5.1800,1.5900,0.7226,0.2279
BOSKAY,Pd,4,3.4300,0.6900,0.5478,-0.1024
ISUKUC,Ni,4,4.4200,0.8900,0.6551,-0.0044
BIZBIW,Zn,4,2.5800,0.0100,0.4281,-0.9586
OJUGOQ,Zn,4,2.8300,0.0200,0.4669,-0.9208
PUBHAZ,Ni,4,13.4000,20.9800,1.1303,1.3239
IJONAW,Pd,4,9.0000,2.9700,0.9590,0.4871
TAYQOD,Rh,4,8.2800,2.9000,0.9232,0.4771
ZAQNAK,Ni,4,15.5500,6.1300,1.1945,0.7945
BUZSIB,Ni,4,11.9900,14.0000,1.0824,1.1492
FAFMUY,Cr,4,12.3300,17.2000,1.0945,1.2380
SACMEQ,Ni,4,9.1400,9.8200,0.9657,0.9965
KISPAD,Pd,4,8.0700,6.9000,0.9122,0.8451
IJISOL,Pt,4,8.9200,2.9000,0.9552,0.4771
UNEHIE,Os,4,4.7700,0.4500,0.6875,-0.2596
LIWCED,Cr,4,3.0400,0.2100,0.4969,-0.5086
UQAMEF,Zn,4,3.6500,0.3900,0.5740,-0.3098
VIKZEV,Pt,4,3.0800,0.2600,0.5024,-0.4437
YAQHEE,Pt,4,2.9500,0.1300,0.4843,-0.6383
LOGXAK,Pt,4,3.0700,0.1900,0.5011,-0.5376
ILIJES,Zn,4,5.2200,0.9900,0.7259,0.0374
LACDAX,Pt,4,2.9400,0.0700,0.4829,-0.7696
ZOCFUV,Cu,4,1.9100,0.2700,0.3032,-0.4318
XONCOV,Au,4,9.0700,3.3500,0.9624,0.5378
SIZNIZ,Ni,4,12.0800,17.0200,1.0856,1.2335
HUNJAE01,Co,4,2.4900,0.2200,0.4133,-0.4949
OWOSOJ,Pt,4,3.2400,0.4300,0.5237,-0.2757
KUXLOG,Pd,4,8.4700,3.2900,0.9330,0.5302
KAJPUG,Cu,4,2.1400,0.1600,0.3502,-0.5850
ZUFLIX,Ag,4,5.7600,2.4000,0.7679,0.3979
TOVQON,Au,4,8.9200,2.9700,0.9552,0.4871
VEGZAL,Cu,4,3.0500,0.2100,0.4983,-0.5086
GEKTIA,Pd,4,3.5400,0.8000,0.5611,-0.0458
WIPYUS,Pt,4,3.1600,0.2500,0.5132,-0.4559
PERZEU,Pt,4,2.9800,0.1300,0.4886,-0.6383
TOQZUW,Ni,4,2.8900,0.0100,0.4757,-0.9586
ROJQOY,Ni,4,2.8900,0.0100,0.4757,-0.9586
BOKRAX,Au,4,2.8800,0.0000,0.4742,-1.0000
MIJPAZ,Ni,4,8.4100,9.9400,0.9299,1.0017
XARGED,Ni,4,8.3500,15.4000,0.9269,1.1903
YAKXAM,Pd,4,2.8900,0.0100,0.4757,-0.9586
NOLJEE,Zn,4,6.8400,6.8300,0.8414,0.8407
SONDOQ,Cr,4,2.6500,2.0000,0.4393,0.3222
LIVKOS,Hg,4,4.6600,1.1200,0.6776,0.0864
OZIQEU,Rh,4,9.2600,2.9400,0.9713,0.4829
OPIHUT,Cu,4,3.5700,0.8400,0.5647,-0.0269
FERFIS,Pd,4,7.6200,3.2400,0.8876,0.5237
KUVHEO,Pt,4,9.6400,3.0300,0.9886,0.4955
NISFEC,Pd,4,3.1800,0.3400,0.5159,-0.3565
GOBJOY,Ti,4,3.3700,4.3100,0.5403,0.6444
TAQPIN,Zn,4,2.5800,0.0500,0.4281,-0.8239
QURDUC,Pt,4,11.5400,14.9800,1.0660,1.1784
IPOXIV,Cu,4,9.3900,13.3200,0.9773,1.1278
ICAHIG07,Zn,4,2.3500,0.0300,0.3892,-0.8861
KUYHES,Co,4,2.7700,1.0800,0.4579,0.0719
FAWNOI,Pd,4,7.3300,3.2500,0.8710,0.5250
QIZTIE,Pd,4,8.5100,2.8900,0.9350,0.4757
CAFRUW,Zn,4,5.7800,1.2800,0.7694,0.1399
TUTQIM,Zr,4,4.1600,0.5800,0.6294,-0.1675
OWABEV,Co,4,2.1900,0.2000,0.3598,-0.5229
OZOQOL,Zn,4,3.2400,0.4300,0.5237,-0.2757
TOXLUQ,Pd,4,3.6400,0.9600,0.5729,0.0253
SUKMIY,Pd,4,8.1700,3.0500,0.9175,0.4983
EVEGIX,Pt,4,2.9000,0.0100,0.4771,-0.9586
NULSET,Zn,4,2.6000,0.0100,0.4314,-0.9586
ZITFEN,Rh,4,7.6700,9.4700,0.8904,0.9809
JARLOE,Cu,4,2.1100,0.0800,0.3444,-0.7447
HENLIW,Cd,4,3.2500,0.4700,0.5250,-0.2441
LUYTUW,Pd,4,8.4400,3.2200,0.9315,0.5211
XEDJOG,Cu,4,5.2600,1.6900,0.7292,0.2529
COSPOQ,Pd,4,7.9600,3.1700,0.9063,0.5145
QASWEQ,Fe,4,2.0600,0.0900,0.3345,-0.7212
NEYJAE,Ni,4,9.3700,3.0400,0.9763,0.4969
DEBNUV,Pt,4,8.5500,3.0800,0.9370,0.5024
TAHYAH,W,4,3.1400,0.1500,0.5105,-0.6021
GUFGUJ,Zn,4,2.9000,0.7200,0.4771,-0.0862
BUGDIR,Ni,4,2.5300,0.1100,0.4200,-0.6778
JOXXEC,Zn,4,3.5900,0.2400,0.5670,-0.4685
NIVVUK,Ni,4,8.0500,11.9500,0.9112,1.0810
YATVEW,Ni,4,9.4700,3.1200,0.9809,0.5079
VOTCUE,Ni,4,9.1100,12.4300,0.9643,1.0980
VOHLUB,Fe,4,3.3400,0.1800,0.5366,-0.5528
BEYDAO01,Ni,4,14.7600,16.3700,1.1720,1.2167
CISXOS,Cu,4,9.1000,2.9200,0.9638,0.4800
GOTNEL,Ni,4,15.4300,22.7400,1.1912,1.3587
ZEBTOS01,Zn,4,3.2400,0.3600,0.5237,-0.3372
YALCEW,Zn,4,3.1800,0.2000,0.5159,-0.5229
TUDVAQ,Fe,4,8.3100,2.0400,0.9248,0.3304
HOVPEN,Rh,4,3.1900,0.1400,0.5172,-0.6198
RANNOL,Cu,4,8.1900,2.5500,0.9186,0.4232
HILFIT,Zn,4,3.7200,1.0600,0.5821,0.0645
MAKGUC01,Cd,4,3.5200,0.0400,0.5587,-0.8539
LAJKEO01,Pd,4,8.0000,2.7200,0.9085,0.4502
AMAXOB,Pd,4,2.9700,0.1200,0.4871,-0.6576
HIWPIQ,Cu,4,9.1800,2.9200,0.9675,0.4800
GUCPUR,Co,4,0.9700,5.4900,0.0294,0.7474
EDOCOP,Cu,4,2.2000,1.2000,0.3617,0.1139
RAMQEB,Zn,4,4.8400,0.2600,0.6937,-0.4437
IRAVUT,Cu,4,5.9900,1.2600,0.7846,0.1335
VOQCAJ,Zn,4,4.9200,1.8000,0.7007,0.2788
HERWEJ,Pd,4,12.0400,8.8800,1.0842,0.9533
OFEQIC,Ni,4,14.5200,18.2900,1.1649,1.2646
INIGAO,Cr,4,7.9100,1.3500,0.9036,0.1614
TIZJAO,Pd,4,9.1700,2.9300,0.9671,0.4814
LOLWOC,Pt,4,10.0400,3.1100,1.0060,0.5065
KEQFOE,Ni,4,19.1200,17.0700,1.2838,1.2348
NOJVIT,Cu,4,7.6800,7.8900,0.8910,0.9025
QOQDAB01,Cu,4,2.9400,0.0800,0.4829,-0.7447
SUZPAG,Co,4,1.7600,0.4400,0.2695,-0.2676
XEMWIX,Co,4,2.4600,0.2100,0.4082,-0.5086
MUYBEN,Pt,4,8.5100,3.0400,0.9350,0.4969
YUPDAR,Pd,4,2.8800,0.0000,0.4742,-1.0000
YEXXEF,Ni,4,8.1700,2.5500,0.9175,0.4232
MUZDAM,Ag,4,17.7400,19.1200,1.2514,1.2838
SEMCUK,Ni,4,3.5000,0.8000,0.5563,-0.0458
ROQTIE,Zn,4,3.4400,0.7100,0.5490,-0.0915
QOPKOX,Pt,4,10.7600,3.3400,1.0358,0.5366
DIDSIT,Zn,4,2.6900,0.0200,0.4456,-0.9208
ZUZTIX,Pt,4,8.5700,2.8800,0.9380,0.4742
LOFBAK,Pd,4,2.9200,0.0400,0.4800,-0.8539
HELSOJ,Rh,4,8.8900,3.0300,0.9538,0.4955
NEXJEG,Pt,4,3.0200,0.1600,0.4942,-0.5850
LEXWIV,Pd,4,8.4300,2.9000,0.9309,0.4771
OXAFID,Pt,4,3.2300,0.4300,0.5224,-0.2757
BOFYUR,Pd,4,9.0400,3.1700,0.9609,0.5145
TUVLEC,Pt,4,2.8800,0.0100,0.4742,-0.9586
HUPGEI,Pd,4,3.2200,0.3500,0.5211,-0.3468
FEDDEA,Pd,4,3.1400,0.5000,0.5105,-0.2218
AMPCUC01,Cu,4,12.6200,7.4500,1.1045,0.8779
YEYNOG01,Zn,4,2.1200,0.0900,0.3464,-0.7212
TODDAR,Ni,4,2.9100,0.0300,0.4786,-0.8861
UZAZIF03,Zn,4,7.7400,13.5600,0.8943,1.1355
USECAX,Cu,4,7.2500,2.1600,0.8663,0.3541
PAFCOP,Pt,4,8.6200,3.0100,0.9405,0.4928
KOXYAA,Zn,4,4.6700,0.7100,0.6785,-0.0915
FIFJUA,Pt,4,9.5300,2.9400,0.9836,0.4829
HAFYIA,Zn,4,3.1300,0.2200,0.5092,-0.4949
LUXYUZ,Pd,4,3.2200,0.4000,0.5211,-0.3010
IFUCES,Cu,4,1.2900,0.4000,0.1430,-0.3010
NOGTIP,Cu,4,6.0300,0.6000,0.7875,-0.1549
UHEGIY,Pd,4,7.7600,3.0700,0.8954,0.5011
ITOQEP,Pt,4,8.3300,2.8300,0.9258,0.4669
RUDVOE,Pd,4,2.8900,0.0100,0.4757,-0.9586
TIRSOG,Pt,4,3.2900,0.5000,0.5302,-0.2218
XIPNAN,Sc,4,2.9400,0.0200,0.4829,-0.9208
MEBXIE,Cu,4,4.8900,0.6400,0.6981,-0.1308
JEGRIZ,Pt,4,3.0000,0.1000,0.4914,-0.6990
RICDOY,Ni,4,8.5400,2.9800,0.9365,0.4886
ZAMGUP,Zn,4,13.7700,19.6600,1.1421,1.2958
RINSOY,Pd,4,8.2000,3.0100,0.9191,0.4928
QIRJOS,Zn,4,3.4900,1.3100,0.5551,0.1492
GADLAC,Hg,4,1.4000,1.3300,0.1761,0.1553
MOTSAP,Pd,4,8.6200,2.9100,0.9405,0.4786
GAHWAQ,Cu,4,1.7200,1.5000,0.2601,0.2041
FAFBEU,Pd,4,9.4700,10.1700,0.9809,1.0116
THPDCU,Cu,4,2.8200,0.5200,0.4654,-0.2076
REZQIA01,Cu,4,3.0300,0.1900,0.4955,-0.5376
GOCFOT,Pd,4,8.2200,3.0000,0.9201,0.4914
TEJPIJ01,Cu,4,9.1900,2.9200,0.9680,0.4800
XALYEO,Pt,4,8.9800,2.9000,0.9581,0.4771
CAMPIT,Pt,4,3.2500,0.4100,0.5250,-0.2924
SOLTUL,Mn,4,2.8100,0.0000,0.4639,-1.0000
BEBTIN,Cu,4,2.4400,0.1700,0.4048,-0.5686
CIZHIE01,Pt,4,3.5600,0.8200,0.5635,-0.0362
YOLVAW,Ni,4,3.0800,0.0500,0.5024,-0.8239
BORXUF,Co,4,3.4500,0.0600,0.5502,-0.7959
AFATUW,Ni,4,3.2000,0.4100,0.5185,-0.2924
OVOPOG,Co,4,17.8200,21.1900,1.2533,1.3282
EYEYAI,Ni,4,3.0600,0.2300,0.4997,-0.4815
WOPFOW,Pd,4,8.8300,3.1500,0.9509,0.5119
IGUFOG,Cu,4,6.8400,4.6300,0.8414,0.6749
CEVWIJ10,Cu,4,2.3900,1.6200,0.3962,0.2355
FEYCIW,Hg,4,5.9100,0.9300,0.7789,0.0128
AGULOG,Ir,4,10.1500,2.8800,1.0107,0.4742
HUCGES,Co,4,4.4900,6.2800,0.6618,0.8048
SAHMOI,Au,4,2.8800,0.0000,0.4742,-1.0000
QEWLAH,Fe,4,2.7100,0.0200,0.4487,-0.9208
NIFKIY,Cu,4,3.0200,0.1700,0.4942,-0.5686
CASHEK,Ag,4,7.7800,2.8200,0.8965,0.4654
YURYEQ,Pd,4,3.0200,0.1800,0.4942,-0.5528
WUTZAO,Ni,4,8.6400,2.7000,0.9415,0.4472
XUQDUJ,Pt,4,3.5000,0.7900,0.5563,-0.0506
WAZJEO,Zn,4,2.8500,0.0100,0.4698,-0.9586
ZAZWOO,Pd,4,3.0500,0.2100,0.4983,-0.5086
XOHTOH,Ag,4,2.9600,0.0700,0.4857,-0.7696
REXYUR,Cu,4,2.8800,0.0000,0.4742,-1.0000
AMICUW,Cu,4,3.1700,0.9400,0.5145,0.0170
AFEMEE03,Zn,4,4.3600,0.4200,0.6493,-0.2840
SUVNOP,Zn,4,3.4600,0.2300,0.5514,-0.4815
YIYBIS,Ni,4,2.9300,0.0500,0.4814,-0.8239
OTIYOH07,Pd,4,2.8800,0.0000,0.4742,-1.0000
AJOKES,Cu,4,3.5000,2.0000,0.5563,0.3222
ANIHUB,Pt,4,9.6000,3.1200,0.9868,0.5079
SUHYED,Cu,4,2.7300,0.9900,0.4518,0.0374
KAHXEX,Ni,4,8.5600,3.0400,0.9375,0.4969
TAJBEO,Ti,4,2.8100,0.0600,0.4639,-0.7959
KIGXED01,Ni,4,8.3000,2.8000,0.9243,0.4624
APAZEZ,Pt,4,8.8100,3.0400,0.9499,0.4969
RUSMEY,Co,4,3.2700,0.2300,0.5276,-0.4815
YAVFEI,Pt,4,8.4600,2.9700,0.9325,0.4871
PIKKOL,Ir,4,3.3500,0.6000,0.5378,-0.1549
GIDMAJ,Pt,4,2.8800,0.0200,0.4742,-0.9208
DOTRAH,Pt,4,7.9300,3.0200,0.9047,0.4942
DETZEI02,Ni,4,2.8800,0.0000,0.4742,-1.0000
SONBAZ,Pd,4,9.2800,3.1400,0.9722,0.5105
FEQCOT03,Pd,4,3.1100,0.2900,0.5065,-0.4089
ZZZTZI05,Ni,4,19.5300,22.1400,1.2929,1.3471
GULSAH,Pd,4,8.6700,2.9600,0.9430,0.4857
WEMTOX,Hg,4,2.9400,0.0100,0.4829,-0.9586
SOTSON,Mn,4,2.9700,0.4200,0.4871,-0.2840
JACDEX,Ag,4,2.8500,0.2200,0.4698,-0.4949
MPEACU12,Cu,4,2.8800,0.0000,0.4742,-1.0000
JOQSOX,Pt,4,2.8800,0.0000,0.4742,-1.0000
OFIVOS,Cu,4,4.0000,0.3200,0.6128,-0.3768
COSPAD,Pd,4,9.7100,11.0600,0.9917,1.0477
NIDXIH03,Cu,4,5.5600,1.0900,0.7528,0.0755
OMIKIG,Hg,4,2.6500,0.0500,0.4393,-0.8239
QIJQEJ,Ir,4,3.2400,0.4600,0.5237,-0.2518
UCOMOR,Pd,4,3.2500,0.4700,0.5250,-0.2441
IRIQIM,Cu,4,4.2100,2.2200,0.6345,0.3655
ICEGIK,Ni,4,3.2100,0.4100,0.5198,-0.2924
KUVNUO,Pt,4,8.0800,2.9900,0.9128,0.4900
COXTUH,Ni,4,2.9100,0.0300,0.4786,-0.8861
XILLAJ,Rh,4,1.4800,0.7500,0.1987,-0.0706
XESPOB,Pt,4,3.0100,0.1900,0.4928,-0.5376
BAQMAL,Au,4,8.8000,2.8700,0.9494,0.4728
DEFFUS,Pd,4,3.0300,0.2000,0.4955,-0.5229
OLUXOJ,Ir,4,9.3500,2.9500,0.9754,0.4843
NOEPOR,Ni,4,8.5800,2.8800,0.9385,0.4742
YEFNUT,Pd,4,3.0000,0.1500,0.4914,-0.6021
TOBBOF,Pd,4,3.2100,0.3900,0.5198,-0.3098
RADLEO,Ni,4,14.4700,18.7600,1.1635,1.2755
ZOSCOB,Ti,4,4.0300,7.0000,0.6160,0.8513
WUQLIF,Ni,4,8.9800,8.2600,0.9581,0.9222
AHAJOI,Pd,4,8.2700,2.9700,0.9227,0.4871
GAQSAT,Pt,4,3.0400,0.2000,0.4969,-0.5229
CUFDEP,Cr,4,3.6200,0.9400,0.5705,0.0170
RUHMAL,Pd,4,3.0200,0.1900,0.4942,-0.5376
POCZAL,Pt,4,11.1900,3.4300,1.0527,0.5478
XAXCAD,Pt,4,8.3200,2.8800,0.9253,0.4742
MADWUM,Cu,4,3.2700,1.9400,0.5276,0.3096
UDARUN,Pd,4,8.7000,2.8800,0.9445,0.4742
DENZEC,Cu,4,1.6800,0.2300,0.2504,-0.4815
SUBGOO,Mn,4,3.6200,0.1700,0.5705,-0.5686
BIPNAP,Cu,4,5.6800,1.2900,0.7619,0.1430
IFOFOA,Ni,4,3.3200,0.3800,0.5340,-0.3188
HIVJAB,Zn,4,3.2100,0.1500,0.5198,-0.6021
UFABAF,Ag,4,3.9000,3.4300,0.6021,0.5478
RACCIL,Cu,4,8.0100,1.4800,0.9090,0.1987
JUQLOA,Pd,4,9.4800,3.0100,0.9814,0.4928
BOJQUN,Pd,4,9.8300,11.7100,0.9969,1.0722
CIZJAA,Mn,4,3.3200,0.0200,0.5340,-0.9208
KEFJOV,Rh,4,2.9400,0.0800,0.4829,-0.7447
YOGVUP01,Au,4,8.3100,3.0000,0.9248,0.4914
TUYHUQ,Cu,4,8.7700,2.9400,0.9479,0.4829
XOBJUU,Rh,4,3.1000,0.2900,0.5051,-0.4089
BAXBIO,Ag,4,3.6000,0.2300,0.5682,-0.4815
ZOSLIG,Ni,4,3.3100,0.5300,0.5328,-0.2007
LICLOB,Pd,4,8.6600,3.0400,0.9425,0.4969
AMESIY,Ag,4,8.8600,8.8400,0.9523,0.9513
ZALJOB01,Cu,4,2.8800,0.0000,0.4742,-1.0000
VAMYOX,Co,4,2.8800,0.0000,0.4742,-1.0000
FAVZUY,Ni,4,9.2500,12.9900,0.9708,1.1169
OGINOJ,Ni,4,9.1800,2.9200,0.9675,0.4800
COKDOV02,Ni,4,8.8900,14.4700,0.9538,1.1635
KURREX,Ir,4,17.9100,17.2000,1.2555,1.2380
FUDTII,Cu,4,2.5100,0.0900,0.4166,-0.7212
UBEXIL,Au,4,2.8900,0.0100,0.4757,-0.9586
IPIHAQ,Pt,4,8.8500,2.9800,0.9518,0.4886
UDURIU,Pd,4,4.1700,5.7600,0.6304,0.7679
NUQQIB,Pt,4,11.1200,3.4100,1.0500,0.5453
TEBWON,Pd,4,3.0100,0.1600,0.4928,-0.5850
MAGQOB,Pd,4,8.5900,2.8800,0.9390,0.4742
NOQQUF,Pt,4,9.2600,3.0400,0.9713,0.4969
FAFBAS05,Rh,4,2.9800,0.1200,0.4886,-0.6576
COQVUB,Zn,4,3.4500,0.7200,0.5502,-0.0862
RULTEZ,Ni,4,12.2900,11.6900,1.0931,1.0715
MIQMIL,Pd,4,5.2000,6.4200,0.7243,0.8142
BUPNIK,Fe,4,5.8400,0.5500,0.7738,-0.1871
DEZTEI,Pd,4,9.1000,3.0900,0.9638,0.5038
POTLEQ,Ir,4,4.1000,0.9700,0.6232,0.0294
IHEVUM,Cr,4,9.6300,7.5000,0.9881,0.8808
COFPIX,Pd,4,3.2100,0.4500,0.5198,-0.2596
MEQLAW,W,4,2.9300,0.0100,0.4814,-0.9586
VOTYOU,Pd,4,2.9200,0.0500,0.4800,-0.8239
WANDOG,Pd,4,7.9900,3.0100,0.9079,0.4928
VIBWUZ,Ni,4,6.9700,7.2300,0.8494,0.8651
OFEXAA,Ni,4,2.8800,0.0000,0.4742,-1.0000
LUKQOA,Zn,4,3.3000,0.0200,0.5315,-0.9208
BAGPEE01,Mo,4,2.9900,0.0100,0.4900,-0.9586
WUGKIU,Ru,4,8.8800,3.0500,0.9533,0.4983
KABROV,Pd,4,9.5200,12.3800,0.9832,1.0962
QAWBUO,Pt,4,7.9500,3.4000,0.9058,0.5441
RINSUD,Ru,4,3.3800,0.6300,0.5416,-0.1367
IDINUI,Mo,4,3.0900,0.2200,0.5038,-0.4949
MUDMIJ,Mn,4,3.2900,0.0500,0.5302,-0.8239
TOCCOH,Cu,4,2.8800,0.0000,0.4742,-1.0000
NINQEK,Pd,4,9.8200,3.0900,0.9965,0.5038
PIQSIR,Co,4,1.4900,0.6400,0.2014,-0.1308
GOKVOU,Ni,4,8.5600,3.0100,0.9375,0.4928
VAHSAY,Ni,4,9.1800,3.0400,0.9675,0.4969
XOPZIM,Pd,4,9.8100,13.6600,0.9961,1.1386
NOHJIF,Zn,4,2.3900,0.4600,0.3962,-0.2518
CUXWAV,Co,4,3.6000,0.8300,0.5682,-0.0315
WEHTUC,Pt,4,3.2400,0.4200,0.5237,-0.2840
KOYQAS,Cu,4,2.7700,0.0100,0.4579,-0.9586
IVEVEN,Cu,4,3.4700,0.2500,0.5527,-0.4559
CIWNOO,Fe,4,2.6700,0.0100,0.4425,-0.9586
CUCKOB01,Pd,4,3.2400,0.4500,0.5237,-0.2596
JOWBAB,Ni,4,2.8900,0.0100,0.4757,-0.9586
FIQBAI,Zn,4,3.1000,0.9600,0.5051,0.0253
NOHCUI,Pd,4,3.3500,0.4400,0.5378,-0.2676
WUFLAK,Pt,4,2.8900,0.0100,0.4757,-0.9586
FIQCOY,Pt,4,9.1800,3.5200,0.9675,0.5587
NUSZUX,Ni,4,2.2300,1.2000,0.3674,0.1139
LIMXEK,Zn,4,3.2700,0.0200,0.5276,-0.9208
NADFAZ,Pt,4,8.4800,3.1200,0.9335,0.5079
DORNIK,Pd,4,3.0300,0.1900,0.4955,-0.5376
DAXKUM01,Zn,4,1.9300,0.1300,0.3075,-0.6383
ADIYOF,Pd,4,8.8700,11.0400,0.9528,1.0469
ZOTDUH,Pd,4,3.0500,0.2100,0.4983,-0.5086
PYRDCU,Cu,4,5.2000,1.1700,0.7243,0.1038
MUZYUD,Pt,4,3.0800,0.2600,0.5024,-0.4437
JUGPUW,Ni,4,3.0400,0.2000,0.4969,-0.5229
DIXFOG,Co,4,2.3400,0.1100,0.3874,-0.6778
ESUXAU,Pt,4,3.2800,0.4900,0.5289,-0.2291
DADVIR,Ni,4,6.6700,4.0000,0.8306,0.6128
GOQFID,Ru,4,7.8300,2.6100,0.8993,0.4330
PILYER,Cu,4,9.1000,21.3300,0.9638,1.3310
QAQKUS,Pd,4,8.4400,3.2400,0.9315,0.5237
TOWXOV,Pt,4,3.7600,1.0900,0.5866,0.0755
TOLSAS,Ni,4,3.1100,0.2600,0.5065,-0.4437
SEKVIO,Cu,4,2.9000,0.0200,0.4771,-0.9208
OPEJEA,Pd,4,3.3100,0.5300,0.5328,-0.2007
DOBYIE,Mn,4,2.2800,1.7400,0.3766,0.2648
AYEPIG,Mn,4,3.7600,0.0600,0.5866,-0.7959
DAPGUA,Au,4,8.6400,3.1000,0.9415,0.5051
MOZGUG06,Zn,4,2.4300,0.6200,0.4031,-0.1427
TOKFII,Pd,4,8.7500,3.0100,0.9469,0.4928
DEDGUR,Pt,4,10.8900,3.3700,1.0410,0.5403
VIGYOA,Pd,4,9.0300,2.9500,0.9605,0.4843
VILDAV,Mn,4,1.8700,0.1600,0.2945,-0.5850
LUBYOZ,Cu,4,4.0800,1.2600,0.6212,0.1335
NOXMEU,Pd,4,8.9100,3.1700,0.9547,0.5145
AKAMIK,Cu,4,8.7300,3.4600,0.9460,0.5514
KODDEQ,Fe,4,2.8900,0.0100,0.4757,-0.9586
ZABBUD,Pd,4,3.1400,0.3100,0.5105,-0.3872
NUHYUO,Pd,4,8.3700,2.9900,0.9279,0.4900
CURBIC,Fe,4,2.8900,0.0000,0.4757,-1.0000
TUHLIS,Pd,4,3.0400,0.1400,0.4969,-0.6198
IREPAX,Pd,4,3.0000,0.1100,0.4914,-0.6778
UJUYAB,Nb,4,10.3000,15.1900,1.0170,1.1844
SIYYEG,Pt,4,8.6400,3.1400,0.9415,0.5105
GAJQOY,Pd,4,9.6000,3.2200,0.9868,0.5211
NOJYAP,Pt,4,8.7700,2.9800,0.9479,0.4886
GAJMUA,Pd,4,8.1900,3.1100,0.9186,0.5065
EZOTEU,Pt,4,8.2100,2.8700,0.9196,0.4728
JOZYEF,Pd,4,3.4600,0.7400,0.5514,-0.0757
KUZCEP,Pd,4,9.3300,21.2000,0.9745,1.3284
JOXPEU,Pd,4,9.2900,3.8300,0.9727,0.5944
RIYHIU,Pd,4,9.9200,10.4000,1.0009,1.0212
YEBLEA,Pd,4,8.7800,2.8900,0.9484,0.4757
CEBTEL,Pd,4,8.7900,3.0700,0.9489,0.5011
FUZLAQ,Zn,4,2.6700,0.3100,0.4425,-0.3872
POHKUW,Cu,4,9.3800,2.9500,0.9768,0.4843
KAMSOG,Ni,4,13.7800,23.1900,1.1424,1.3672
PAQYEO,Pd,4,3.5500,0.8500,0.5623,-0.0223
KUTKOC,Zn,4,3.1800,0.1100,0.5159,-0.6778
REHFEP,Zn,4,2.4600,1.5600,0.4082,0.2201
COKDOV,Ni,4,8.9000,13.9800,0.9542,1.1486
NAFXEC,Pt,4,3.1000,0.2600,0.5051,-0.4437
IZORAS,Cu,4,3.2100,0.2900,0.5198,-0.4089
IVISIR,Pd,4,9.6300,3.1500,0.9881,0.5119
WIJWOD,Rh,4,3.2800,0.5000,0.5289,-0.2218
ROKGUV,Fe,4,4.6600,1.4900,0.6776,0.2014
VESDEG,Pd,4,3.0100,0.1100,0.4928,-0.6778
WAZYEE,Ni,4,3.1400,0.2900,0.5105,-0.4089
HACRAF,Pt,4,9.3900,10.5400,0.9773,1.0269
QIDLEU,Pt,4,8.7900,2.8900,0.9489,0.4757
DOTNAC,Pt,4,3.1200,0.3000,0.5079,-0.3979
EWOQAK,Cu,4,2.8000,0.7900,0.4624,-0.0506
LANBEH,Pd,4,7.8500,7.3300,0.9004,0.8710
AFIBAU,Fe,4,3.4900,0.5200,0.5551,-0.2076
ODOZUE,Ni,4,8.6900,3.0800,0.9440,0.5024
MAHZUT,Pt,4,3.0500,0.2100,0.4983,-0.5086
WENQAL,Zn,4,2.6900,1.4600,0.4456,0.1931
NOGWEN,Zn,4,2.8800,0.0000,0.4742,-1.0000
LUWQAW,V,4,4.1300,0.1700,0.6263,-0.5686
PUHYEA,Au,4,13.6400,24.7200,1.1380,1.3948
MAQQAZ,Pt,4,8.6000,3.0700,0.9395,0.5011
YODXUL,Pd,4,8.8200,2.8900,0.9504,0.4757
XEYPAV,Ni,4,19.2600,22.7500,1.2869,1.3589
VEVXUT,Pd,4,3.2300,0.4400,0.5224,-0.2676
EXEDEQ,Ni,4,8.6700,2.9800,0.9430,0.4886
KUXJEV,Rh,4,8.9000,3.1500,0.9542,0.5119
YEJZEW,Re,4,2.9100,0.0000,0.4786,-1.0000
VOKMER,Cd,4,3.9400,1.8900,0.6064,0.2989
HAYRUW01,Co,4,2.8100,0.1600,0.4639,-0.5850
RAMTAB,Ni,4,8.1900,2.9000,0.9186,0.4771
ZUBCAD,Mn,4,2.8400,0.0100,0.4683,-0.9586
GEVMEZ,Cu,4,2.5000,1.6000,0.4150,0.2304
OGIHAN,Pt,4,9.3500,3.3900,0.9754,0.5428
LIXSIU,Co,4,3.1600,0.0900,0.5132,-0.7212
KOBTAX,Pd,4,9.4100,3.7800,0.9782,0.5888
WUBWOH,Cu,4,2.9400,0.0700,0.4829,-0.7696
RIQBAU,Ni,4,10.5700,18.7300,1.0282,1.2749
UNACIX,Co,4,13.4100,12.7000,1.1307,1.1072
IQUHAD,Pt,4,3.4100,0.6700,0.5453,-0.1135
LUHXIW,Zn,4,10.4500,11.7400,1.0233,1.0734
NIQYES,Pd,4,3.1800,0.4000,0.5159,-0.3010
KEFCEF,Ni,4,2.9000,0.0200,0.4771,-0.9208
OBUVIU,Cu,4,8.6800,12.8800,0.9435,1.1133
NAXXIV,Au,4,3.4200,0.6600,0.5465,-0.1192
EBAJID,Cu,4,8.0000,2.9000,0.9085,0.4771
UBAYUR,Pd,4,3.3000,0.5000,0.5315,-0.2218
HAVYEK,Pd,4,9.2000,3.2800,0.9685,0.5289
VEKGEZ,Pt,4,3.0700,0.2400,0.5011,-0.4685
TEXSIA,Pd,4,3.1000,0.2700,0.5051,-0.4318
GIHDUA,Cu,4,3.4800,1.3800,0.5539,0.1703
ZETCIN,Ag,4,1.9400,1.4000,0.3096,0.1761
AYUFOP,Co,4,7.1200,1.6000,0.8585,0.2304
QIVGEJ01,Pd,4,3.1500,0.3300,0.5119,-0.3665
HINJEU,Ni,4,16.1900,7.1000,1.2119,0.8573
PSALCU03,Cu,4,2.9300,0.0500,0.4814,-0.8239
KOBLEU,Pd,4,8.9700,3.2700,0.9576,0.5276
CIBDIA01,Co,4,3.7900,0.3500,0.5899,-0.3468
OQININ,Pt,4,2.8900,0.0200,0.4757,-0.9208
YAZQOJ01,Pd,4,2.9700,0.0800,0.4871,-0.7447
FABQEE,Pt,4,9.4900,13.1200,0.9818,1.1212
WUCXIF,Cu,4,2.2800,0.0700,0.3766,-0.7696
LAGWEY,Ir,4,3.3800,2.8700,0.5416,0.4728
IQIPUT,Pt,4,3.0000,0.1800,0.4914,-0.5528
JADBUO01,Zn,4,3.3800,0.1200,0.5416,-0.6576
XOCVET,Ni,4,11.0600,13.6400,1.0477,1.1380
FIPTAZ,Zn,4,4.7300,1.6200,0.6839,0.2355
ZURGUO,Pt,4,8.3300,2.9100,0.9258,0.4786
NIVGOO01,Cu,4,1.5100,0.3600,0.2068,-0.3372
CIXXUD,Ni,4,3.7700,0.8200,0.5877,-0.0362
QARDAO,Ni,4,2.9000,0.0200,0.4771,-0.9208
VIKZIZ,Pt,4,3.2000,0.4100,0.5185,-0.2924
RANHIB,Pd,4,9.0700,2.9100,0.9624,0.4786
UWIRIC01,Cu,4,2.7600,0.9600,0.4564,0.0253
OJAHEM,Pd,4,9.0500,3.0300,0.9614,0.4955
TADKOB,Ni,4,9.4000,6.5600,0.9777,0.8235
SALHIZ,Cu,4,7.9000,1.5000,0.9031,0.2041
PAGWEB,Pd,4,2.9800,0.1300,0.4886,-0.6383
TEQDIC,Pt,4,10.4700,11.0200,1.0241,1.0461
BENJOT,Hg,4,2.6500,0.8000,0.4393,-0.0458
MUYTAD,Ni,4,7.2600,4.5200,0.8669,0.6646
TAMMIF,Fe,4,3.5800,0.1700,0.5658,-0.5686
ZEZTAB,Pt,4,9.6500,3.1400,0.9890,0.5105
WUVSAH06,Au,4,2.8800,0.0000,0.4742,-1.0000
CUSALA04,Cu,4,2.9300,0.0400,0.4814,-0.8539
DUFHOB11,Hg,4,2.5000,0.0200,0.4150,-0.9208
IWUPOG,Ni,4,12.1000,7.9900,1.0864,0.9079
XIZJOH,Pd,4,9.7600,3.1600,0.9939,0.5132
XUFKAL,Cu,4,0.7200,0.5900,-0.0862,-0.1612
MUBJUS,Co,4,3.4700,0.2300,0.5527,-0.4815
FUVMIU,Cr,4,8.1500,2.2500,0.9165,0.3711
XEFPIK,Ni,4,8.4600,2.6700,0.9325,0.4425
WAHQED01,Ni,4,2.9200,0.0400,0.4800,-0.8539
BIZGOH,Cu,4,2.8800,0.0000,0.4742,-1.0000
TUWTOU,Pt,4,2.8800,0.0100,0.4742,-0.9586
XAXGUC,Pd,4,3.2000,0.4300,0.5185,-0.2757
XEDQOP,Co,4,2.3500,0.0400,0.3892,-0.8539
OHERAU,Pt,4,8.3200,2.8700,0.9253,0.4728
MAGGEK,Ni,4,9.5000,3.1000,0.9823,0.5051
PIJWEK,Zn,4,0.6800,0.5400,-0.1079,-0.1938
DOPPOQ,Hg,4,3.7000,0.8600,0.5798,-0.0177
AHUWEF02,Cu,4,6.1700,1.3800,0.7973,0.1703
YECCIT,Cu,4,3.9600,0.8600,0.6085,-0.0177
JESGAQ,Pd,4,2.9900,0.1400,0.4900,-0.6198
HUQQOC,Pd,4,9.2900,3.5300,0.9727,0.5599
SEFDEO,Ni,4,8.4600,2.9200,0.9325,0.4800
SIMFOL,Pt,4,9.1700,2.9300,0.9671,0.4814
TSALCP02,Co,4,1.4500,0.4300,0.1903,-0.2757
UTIWUR,Cu,4,1.9500,1.0900,0.3118,0.0755
UMOLEQ,Cu,4,2.9400,0.0600,0.4829,-0.7959
HUNJAE,Co,4,2.6000,0.2000,0.4314,-0.5229
QADTEY,Ni,4,2.9000,0.0200,0.4771,-0.9208
NIJBIR,Cu,4,8.4200,2.8700,0.9304,0.4728
NUZHUM,Co,4,2.8600,0.0100,0.4713,-0.9586
QOBCAO,Fe,4,3.9300,1.1400,0.6053,0.0934
VATTES,Co,4,9.9400,14.9400,1.0017,1.1772
ZEWTIE,Pd,4,1.8700,0.5500,0.2945,-0.1871
FEXBEQ,Cu,4,1.7600,1.1800,0.2695,0.1072
MILMID,Pt,4,8.1400,2.9200,0.9159,0.4800
AWUBAX,Au,4,8.2600,3.1200,0.9222,0.5079
REBWIF,Pd,4,9.0300,2.9100,0.9605,0.4786
DOHZEH,Pd,4,8.1400,2.9400,0.9159,0.4829
KOYXAZ,Zn,4,3.8100,1.1000,0.5922,0.0792
OZAKIL,Fe,4,2.0800,0.7200,0.3385,-0.0862
CUYPUK,Pd,4,8.8500,2.9100,0.9518,0.4786
ECOZAA,Zn,4,3.4100,0.1000,0.5453,-0.6990
FALJIL,Ni,4,2.9600,0.0800,0.4857,-0.7447
MIYZEC,Au,4,2.9400,0.0900,0.4829,-0.7212
LETRIM,Re,4,8.0500,3.8000,0.9112,0.5911
MIDJAN,Ni,4,2.9900,0.1000,0.4900,-0.6990
QETPIO,Fe,4,2.8600,0.0100,0.4713,-0.9586
HIDQEQ,Ni,4,8.8600,13.0100,0.9523,1.1176
YANKUX,Zn,4,1.9400,0.4200,0.3096,-0.2840
RECGIT06,Pd,4,2.9900,0.1200,0.4900,-0.6576
MIYYIF,Au,4,8.5100,2.8800,0.9350,0.4742
RADQEV,Ir,4,7.6100,9.0900,0.8871,0.9633
DEZPIJ,Pd,4,8.8300,3.0500,0.9509,0.4983
POZVIK,Ni,4,8.8500,3.3900,0.9518,0.5428
QEGMIB,Pd,4,9.0100,2.9800,0.9595,0.4886
LIWGIK,Ni,4,4.5600,6.1000,0.6684,0.7924
CESLUH,Pd,4,12.7000,8.6400,1.1072,0.9415
KUWVOP,Co,4,5.6600,1.4100,0.7604,0.1790
BOBTUL,Co,4,4.4200,0.8200,0.6551,-0.0362
ECAFIZ,Ni,4,8.5200,2.8800,0.9355,0.4742
AVAMEQ,Pd,4,9.9100,3.2700,1.0004,0.5276
ZOSHIC,Ni,4,7.8700,3.0000,0.9015,0.4914
XEKCEY,Zn,4,2.6200,0.0800,0.4346,-0.7447
YAFJEW,Ni,4,2.9300,0.0500,0.4814,-0.8239
FULYAN,Cu,4,3.1900,0.4000,0.5172,-0.3010
ISAWIJ,Cu,4,6.2600,1.5400,0.8035,0.2148
SEZTAV,Pd,4,9.9900,3.0800,1.0039,0.5024
GEGXUL,Ni,4,19.7300,19.0900,1.2973,1.2831
TIYTAX,Cu,4,5.6900,1.5200,0.7627,0.2095
FOSHUR,Ni,4,2.8900,0.0100,0.4757,-0.9586
MACDUR,Cu,4,4.3700,1.3900,0.6503,0.1732
TUJTIB,Pd,4,7.6900,3.1600,0.8915,0.5132
PENKIE,Pt,4,2.8800,0.0000,0.4742,-1.0000
QIWYOO,Pt,4,7.3900,3.2900,0.8745,0.5302
IHARES,Ni,4,3.3400,0.5900,0.5366,-0.1612
OLUKIQ,Zn,4,3.4800,0.3000,0.5539,-0.3979
WOJZUQ,Pt,4,8.3500,2.9100,0.9269,0.4786
GOFLAR,Co,4,2.7500,0.0100,0.4548,-0.9586
GONQAB,Ni,4,15.2100,15.6900,1.1850,1.1984
XAGCUF,Cu,4,2.9100,0.0300,0.4786,-0.8861
XIYPIE,Ni,4,2.9400,0.0800,0.4829,-0.7447
PITHUY,Sc,4,5.1900,0.7000,0.7235,-0.0969
ODOYAI,Pd,4,3.8200,0.8100,0.5933,-0.0410
BADTEF10,Ag,4,2.4900,0.0100,0.4133,-0.9586
WANYEP,Pt,4,8.5400,2.9700,0.9365,0.4871
HAKHAF,Pd,4,3.0000,0.1500,0.4914,-0.6021
QASKAY,Ir,4,3.3300,0.5500,0.5353,-0.1871
VEKFUN,Pt,4,8.1100,2.9400,0.9143,0.4829
PIFDUD04,Ni,4,8.4300,2.8900,0.9309,0.4757
NUNNEQ,Zn,4,3.1000,0.0200,0.5051,-0.9208
ADAREG,Fe,4,2.2300,1.7200,0.3674,0.2601
HOMXAK,Pt,4,3.9000,0.8800,0.6021,-0.0088
HEYZUI,Pt,4,3.9700,1.3100,0.6096,0.1492
KAVHUK,Pt,4,8.1600,2.9000,0.9170,0.4771
CBPEPT01,Pt,4,8.7900,2.8900,0.9489,0.4757
ZZZBEV02,Cd,4,3.1400,0.0300,0.5105,-0.8861
DIVCIY,Pd,4,8.7400,3.0900,0.9465,0.5038
TAMLUO,Pt,4,9.1600,2.9200,0.9666,0.4800
GONZOC32,Rh,4,3.0000,0.1600,0.4914,-0.5850
NECVUO,Co,4,11.1600,8.0100,1.0515,0.9090
LUJCOK,Cu,4,15.5600,19.6900,1.1948,1.2964
HAJJIM,Cu,4,2.8900,0.0000,0.4757,-1.0000
QIDBEL,Pd,4,2.9500,0.0800,0.4843,-0.7447
EBAKOJ,Fe,4,3.0000,0.1000,0.4914,-0.6990
JIRJIG,Au,4,2.8800,0.0000,0.4742,-1.0000
RIHXOV,Ni,4,8.3500,2.8700,0.9269,0.4728
SOYFER03,Cd,4,1.9000,0.3200,0.3010,-0.3768
WUZSIW,Cu,4,2.9100,0.0400,0.4786,-0.8539
LEYSIU,Cu,4,8.8800,8.2400,0.9533,0.9212
VIGZET,Pt,4,8.6300,2.9300,0.9410,0.4814
NUMVAW,Re,4,2.8500,0.0100,0.4698,-0.9586
WABGUE06,Pd,4,2.9200,0.0900,0.4800,-0.7212
OBOROM,Mo,4,2.6000,0.0600,0.4314,-0.7959
VAMTUB01,Pt,4,9.8900,3.2400,0.9996,0.5237
EBEKAB,Cu,4,3.1800,0.2300,0.5159,-0.4815
MIXJOV,Pd,4,8.6900,2.9600,0.9440,0.4857
MOSVIZ,Ni,4,9.0100,2.9900,0.9595,0.4900
YAMHUS,Pt,4,7.3800,3.0700,0.8739,0.5011
WECPIE,Pt,4,10.9200,3.3700,1.0422,0.5403
GAVFAL,Ni,4,2.8100,0.0300,0.4639,-0.8861
KUHZEV,Ag,4,2.8800,0.0000,0.4742,-1.0000
WAPWUF,Zn,4,4.3400,0.8100,0.6474,-0.0410
VAZKUG,Zn,4,3.0800,0.4900,0.5024,-0.2291
CURFUS,Ni,4,12.5200,22.3600,1.1011,1.3514
EVADUC,Cu,4,4.0400,1.4800,0.6170,0.1987
LEYGAZ,Pt,4,9.2500,3.3700,0.9708,0.5403
EDUTOO01,Cu,4,4.5800,1.5300,0.6702,0.2122
IMUJAE,Pd,4,2.9000,0.0200,0.4771,-0.9208
ZICGOL,Ni,4,8.7300,12.4100,0.9460,1.0973
EDCOPT,Cu,4,3.0000,0.1000,0.4914,-0.6990
GIXBAU,Zn,4,3.4800,0.4200,0.5539,-0.2840
YOKWOK01,Ni,4,8.8200,19.4100,0.9504,1.2903
FAJZIA,Zn,4,2.6400,0.2100,0.4378,-0.5086
SEFLOF,Cu,4,4.2700,1.1700,0.6405,0.1038
NULVOF01,Cd,4,4.2100,1.4500,0.6345,0.1903
PAGVAZ,Au,4,3.7900,0.7900,0.5899,-0.0506
VIDYAL,Pd,4,2.8900,0.0000,0.4757,-1.0000
EYIZET,Zn,4,3.7500,0.9000,0.5855,0.0000
ZAZSEC,Cu,4,6.9000,1.9400,0.8451,0.3096
NOQJOS,Cu,4,4.7400,1.5400,0.6848,0.2148
PAYSUG,Au,4,9.3700,3.0200,0.9763,0.4942
GOKVOV,Zn,4,2.7800,0.0200,0.4594,-0.9208
ZUFZUY,Zn,4,3.9100,0.4400,0.6031,-0.2676
WULJUL,Pt,4,3.3900,0.6300,0.5428,-0.1367
TANVEJ,Ni,4,3.1800,0.2600,0.5159,-0.4437
XAXWAU01,Cu,4,7.5000,2.1700,0.8808,0.3560
GAYWUB,Fe,4,2.9900,0.0100,0.4900,-0.9586
TOLZNC02,Zn,4,2.3600,0.0400,0.3909,-0.8539
FUXMAM,Zn,4,3.6800,0.2600,0.5775,-0.4437
ZENDII,Pt,4,9.7300,3.2200,0.9926,0.5211
KIRDIC,Pt,4,9.8700,3.0600,0.9987,0.4997
FAGSEP,Pd,4,8.5400,2.9500,0.9365,0.4843
GOPBIA,Rh,4,3.0100,0.2100,0.4928,-0.5086
LICQUK01,Mn,4,2.9200,0.0100,0.4800,-0.9586
QAYDAV,Pd,4,8.5200,3.1300,0.9355,0.5092
WELROX,Cu,4,2.7900,0.0600,0.4609,-0.7959
ZIDWES,Pd,4,8.6300,3.0500,0.9410,0.4983
MUWDOX,Hg,4,3.6400,2.7300,0.5729,0.4518
AHAWUB,Pd,4,2.9400,0.1000,0.4829,-0.6990
REJNUT,Cu,4,9.1000,2.1100,0.9638,0.3444
EXOCEA,Ni,4,9.1100,8.7400,0.9643,0.9465
HABCIA,Cu,4,4.6500,2.4700,0.6767,0.4099
NOQYAV,Zn,4,5.2100,1.0300,0.7251,0.0531
TURKEW,Pd,4,3.0900,0.3300,0.5038,-0.3665
YIPPOD,Pt,4,7.9700,2.9500,0.9069,0.4843
XIJJOP,Zn,4,4.3600,0.6200,0.6493,-0.1427
ROGCEV,Os,4,4.9500,1.2600,0.7033,0.1335
YAHBER,Cu,4,3.2000,0.3700,0.5185,-0.3279
ZETQUK,Ni,4,2.9100,0.0300,0.4786,-0.8861
YISPEX,Pd,4,8.5500,3.1200,0.9370,0.5079
PUXTAE,Pt,4,9.0500,2.9300,0.9614,0.4814
RIDCUG,Pd,4,22.4500,21.2200,1.3531,1.3288
FUZMOG,Ni,4,8.4300,2.9200,0.9309,0.4800
CUFBUD01,Zn,4,3.6400,1.2300,0.5729,0.1239
UCUMAI,Pd,4,10.1200,3.4100,1.0095,0.5453
BAMKAD,Pd,4,3.4600,0.5000,0.5514,-0.2218
HULHED,Pd,4,9.4700,3.1100,0.9809,0.5065
KOFPIF,Ni,4,3.4100,0.4600,0.5453,-0.2518
BAWDIO,Pt,4,2.6000,0.2000,0.4314,-0.5229
KAJCAZ,Pt,4,2.8800,0.0000,0.4742,-1.0000
IBIWID,Rh,4,8.0100,3.2000,0.9090,0.5185
TAPNIK,Pd,4,9.4500,3.1500,0.9800,0.5119
KIQSUY,Pd,4,2.9200,0.0400,0.4800,-0.8539
GADKUT,Pd,4,8.8000,3.0700,0.9494,0.5011
QICNUN,Au,4,7.7700,3.0700,0.8960,0.5011
UCUZUN,Cu,4,3.3200,0.5100,0.5340,-0.2147
ROGZUM,Pd,4,8.9100,3.1100,0.9547,0.5065
TINHAZ,Rh,4,3.0900,0.2700,0.5038,-0.4318
SEFLIZ,Cu,4,3.9600,1.1100,0.6085,0.0828
DUYCIL,Au,4,3.1900,0.3800,0.5172,-0.3188
UKOHUB,Pd,4,10.0400,3.2900,1.0060,0.5302
EBEHUS,Cu,4,2.9000,0.0200,0.4771,-0.9208
JOVFOS,Pd,4,8.0700,3.0500,0.9122,0.4983
TEMZUI,Zn,4,3.4300,0.1100,0.5478,-0.6778
NEHXOR05,Mn,4,3.1500,0.0200,0.5119,-0.9208
TEHYUB,Cu,4,7.3600,2.1400,0.8727,0.3502
BIJTAR,Ni,4,9.6100,3.0900,0.9872,0.5038
PUMYAX,Pt,4,8.5500,3.0800,0.9370,0.5024
TEZZOO,Pd,4,9.6800,4.2300,0.9903,0.6365
HUBPID,Pt,4,2.9400,0.0700,0.4829,-0.7696
ZOJBUY,Zn,4,3.4500,0.5800,0.5502,-0.1675
DIXZOA,Pd,4,3.1600,0.3400,0.5132,-0.3565
YEXXEE,Hg,4,2.8900,0.1300,0.4757,-0.6383
IWEZIU,Pt,4,8.5200,2.8700,0.9355,0.4728
KUJTUH,Ni,4,2.6900,0.3000,0.4456,-0.3979
BASNIV,Ru,4,2.0000,0.6200,0.3222,-0.1427
ZEJVOB,Ni,4,8.5400,10.0500,0.9365,1.0065
JITJOP,Pt,4,3.5500,0.8100,0.5623,-0.0410
MNPHCY02,Mn,4,2.8800,0.0000,0.4742,-1.0000
DADFAU,Cu,4,1.8000,0.1400,0.2788,-0.6198
PUBMOP,Cu,4,6.1000,12.0100,0.7924,1.0831
EDOMAP,Pt,4,3.1700,0.3100,0.5145,-0.3872
ILIKEV,Co,4,2.6800,0.0300,0.4440,-0.8861
HIPHUJ,Pd,4,8.6200,3.0000,0.9405,0.4914
VAQXIY,Cu,4,2.1900,0.4800,0.3598,-0.2366
MOLFUQ,Cu,4,2.9200,0.0400,0.4800,-0.8539
VUVNIK,Hg,4,2.7000,0.6300,0.4472,-0.1367
WUBKAJ08,Pd,4,8.8000,3.2600,0.9494,0.5263
PEWVAR,Zn,4,2.1000,0.1900,0.3424,-0.5376
FUTTET,Cu,4,3.7300,0.2200,0.5832,-0.4949
WAYJEN,Fe,4,2.8700,0.0000,0.4728,-1.0000
FABTOR,Ni,4,4.5700,5.9300,0.6693,0.7803
HICNOY,Cu,4,3.1400,1.9300,0.5105,0.3075
HIDYIF,Co,4,0.6900,1.4500,-0.1024,0.1903
CAPHUW,Pd,4,17.8000,19.4700,1.2529,1.2916
UHILIG,Ni,4,8.8800,2.8500,0.9533,0.4698
MOLPEK,Pt,4,3.3800,0.6100,0.5416,-0.1487
SUVWAK,Ni,4,8.9300,9.2100,0.9557,0.9689
KEHLAN,Cu,4,4.8400,1.5600,0.6937,0.2201
VIGREJ,Ni,4,9.8700,23.0900,0.9987,1.3653
TATBAR,Co,4,3.1400,0.1800,0.5105,-0.5528
GAFGUR,Cu,4,7.5100,2.4500,0.8814,0.4065
LOYGUB,Pt,4,8.5600,2.8800,0.9375,0.4742
KOHVOW,Pd,4,8.8100,3.2600,0.9499,0.5263
KISVUD,Pt,4,8.8600,3.1100,0.9523,0.5065
UKOPET,Zn,4,3.0500,0.0200,0.4983,-0.9208
JOQSUD,Pt,4,2.8900,0.0100,0.4757,-0.9586
SETJEI,Co,4,4.4200,0.2000,0.6551,-0.5229
DENJOZ,Ni,4,15.9400,18.2600,1.2052,1.2639
EWOVAQ,Ni,4,8.7100,3.0300,0.9450,0.4955
OTUPOL,Zn,4,3.3000,0.1100,0.5315,-0.6778
CANVOD03,Cu,4,4.6400,0.4500,0.6758,-0.2596
KARROK,Pt,4,3.0500,0.2100,0.4983,-0.5086
XITYOR,Pt,4,2.9300,0.0700,0.4814,-0.7696
EMOZIQ,Pt,4,9.2000,3.4100,0.9685,0.5453
ETAQOG,Pd,4,8.9700,2.9500,0.9576,0.4843
IXUTEC,Ag,4,7.1500,1.6500,0.8603,0.2430
FEFWEU,Pd,4,9.9200,7.5700,1.0009,0.8848
LOPJEG,Zn,4,3.3300,0.9200,0.5353,0.0086
IWIDAU,Ir,4,8.5700,3.0800,0.9380,0.5024
OBUCEX,Cd,4,3.5900,0.1200,0.5670,-0.6576
RIHXEL,Ni,4,2.8800,0.0000,0.4742,-1.0000
FAMYID,Pd,4,8.6700,2.9500,0.9430,0.4843
UQABUK,Pd,4,3.2300,0.3500,0.5224,-0.3468
WOYDIA,Au,4,8.6500,3.2400,0.9420,0.5237
JOZNIV,Au,4,2.9600,0.0800,0.4857,-0.7447
WIZPUR,Cu,4,2.9700,0.0900,0.4871,-0.7212
OXEDOL,Pd,4,3.4700,0.7300,0.5527,-0.0809
NIMWEO,Hg,4,12.8900,3.6200,1.1136,0.5705
QEDGEL,Pd,4,3.2100,0.2800,0.5198,-0.4202
CODBED,Mn,4,5.0700,5.7300,0.7135,0.7657
WUDYOL,Co,4,2.8800,0.0000,0.4742,-1.0000
DEDHAY01,Pt,4,10.8100,3.3500,1.0378,0.5378
OKAVII,Cu,4,3.0700,0.2400,0.5011,-0.4685
SEYJAL,Pd,4,10.4800,3.3300,1.0245,0.5353
KATZIO,Cu,4,4.3300,0.3800,0.6464,-0.3188
NERLAA,Pd,4,8.7100,3.0400,0.9450,0.4969
QEQXEQ,Pd,4,3.1800,0.3700,0.5159,-0.3279
REYROF,Co,4,3.2400,0.0600,0.5237,-0.7959
LUMTAP,Pd,4,3.1400,0.2700,0.5105,-0.4318
UWAYAT,Pd,4,9.1700,2.9400,0.9671,0.4829
ACACCU57,Cu,4,2.9300,0.0500,0.4814,-0.8239
DEDLED,Pd,4,2.8800,0.0000,0.4742,-1.0000
QIGKIE,Cu,4,8.3300,3.0200,0.9258,0.4942
WUJMIB07,Pd,4,7.6800,3.0700,0.8910,0.5011
XUCRAP,Pd,4,3.3900,0.4400,0.5428,-0.2676
MUSKUJ,Ni,4,9.2300,2.9300,0.9699,0.4814
CEBVAJ,Pd,4,8.7200,3.1000,0.9455,0.5051
TADTUN01,Cu,4,3.0100,0.2200,0.4928,-0.4949
OGAWUR,Pt,4,8.5300,2.9400,0.9360,0.4829
HOYFIK,Ni,4,2.5300,0.0700,0.4200,-0.7696
PIFKUK,Cu,4,9.0200,2.8700,0.9600,0.4728
HIXBOG,Pd,4,3.0400,0.2000,0.4969,-0.5229
ROFBUL,Fe,4,1.3700,0.5600,0.1673,-0.1805
JOYNEQ01,Co,4,4.4300,0.5100,0.6561,-0.2147
LOSKOT,Pd,4,6.6400,3.0100,0.8287,0.4928
KESDOD,Mn,4,2.7400,0.0100,0.4533,-0.9586
MECQIX,Pt,4,2.9100,0.2000,0.4786,-0.5229
TIDBOB,Au,4,9.8200,3.2200,0.9965,0.5211
UQOQIB,Ni,4,2.8100,0.0600,0.4639,-0.7959
ERADEJ,Pd,4,8.5300,3.1300,0.9360,0.5092
UDINEE,Mn,4,3.5200,0.0400,0.5587,-0.8539
REMTOT,Pt,4,7.6300,3.0700,0.8882,0.5011
MIGDAI,Fe,4,12.0400,18.1400,1.0842,1.2610
BORHEY,Pd,4,7.9700,3.1700,0.9069,0.5145
BOHJUH,Ni,4,8.6200,2.9200,0.9405,0.4800
DIHMEO,Mn,4,5.0100,1.4800,0.7084,0.1987
WIQZAZ,Au,4,9.6800,3.1500,0.9903,0.5119
QILSIQ,Cu,4,10.5400,7.9900,1.0269,0.9079
AMUJEB,Pd,4,8.9700,3.0000,0.9576,0.4914
EKIYAZ,Pd,4,8.8100,2.9700,0.9499,0.4871
ZECMAZ,Rh,4,2.9900,0.1900,0.4900,-0.5376
PUMTEZ,Zn,4,3.5500,0.4300,0.5623,-0.2757
QEYZAV,Ni,4,8.6000,2.9100,0.9395,0.4786
ABICUK,Rh,4,8.1900,3.5600,0.9186,0.5635
PEVFAY,Zn,4,10.4800,14.4800,1.0245,1.1638
HEFJEJ,Zn,4,3.1900,1.1600,0.5172,0.1004
ESIFAN01,Cu,4,2.8800,0.0000,0.4742,-1.0000
XETCOP,Cd,4,2.7000,0.0600,0.4472,-0.7959
LACPIQ,Zn,4,4.7400,0.6400,0.6848,-0.1308
FONYIQ10,Tc,4,3.0200,0.0500,0.4942,-0.8239
KAFFUV,Co,4,6.6200,11.9800,0.8274,1.0821
DEDXUJ,Ir,4,3.4300,0.6800,0.5478,-0.1079
XIPMUG,Sc,4,2.5300,0.0700,0.4200,-0.7696
NACMIS,Mn,4,3.0400,0.0100,0.4969,-0.9586
IYOJEN,Cu,4,2.9800,1.2300,0.4886,0.1239
CUDNEW,Pd,4,9.8200,3.0800,0.9965,0.5024
NICCUY,Pt,4,9.1700,2.9000,0.9671,0.4771
XUDXAW,Pt,4,9.5000,2.9900,0.9823,0.4900
XENLIP,Cu,4,8.5700,2.8700,0.9380,0.4728
FUSFAD,Zn,4,3.1600,0.6400,0.5132,-0.1308
BUGZOU,Cu,4,2.9300,0.0600,0.4814,-0.7959
OFARIW,Pd,4,7.8700,2.5200,0.9015,0.4183
WIMFIJ,Pt,4,3.1500,0.2800,0.5119,-0.4202
LARNEZ,Cu,4,20.2400,11.4100,1.3084,1.0611
IJIQOL,Ni,4,8.1000,2.9800,0.9138,0.4886
YOMGIR,Cu,4,6.4100,1.4300,0.8136,0.1847
XIRXAZ,Pd,4,8.5100,3.0200,0.9350,0.4942
DAWKOB,Cu,4,1.7700,1.7300,0.2718,0.2625
DENGAF,Ni,4,8.0600,2.8800,0.9117,0.4742
ABOMIP,Cu,4,3.0300,1.9400,0.4955,0.3096
HOGGOZ,Pd,4,8.9400,3.0100,0.9562,0.4928
RAFZON,Au,4,3.1200,0.2900,0.5079,-0.4089
COPLIC,Co,4,3.4700,0.5100,0.5527,-0.2147
XUQTIP,Pt,4,8.3600,2.9500,0.9274,0.4843
VERWAT,Ag,4,9.3100,2.0800,0.9736,0.3385
ICICUW,Pt,4,2.9200,0.0300,0.4800,-0.8861
SIQLUA,Ir,4,6.7200,3.2300,0.8338,0.5224
QABHAE,Pt,4,2.8800,0.0000,0.4742,-1.0000
AGUZOR,Ni,4,9.0200,2.9100,0.9600,0.4786
AGEWEO,Pd,4,8.7200,3.1700,0.9455,0.5145
MIFLES02,Cu,4,2.8800,0.0000,0.4742,-1.0000
EGUVOV,Ag,4,3.0800,0.0500,0.5024,-0.8239
PAWJAB,Co,4,2.7100,0.0100,0.4487,-0.9586
ESOJUR,Pt,4,7.7900,2.9900,0.8971,0.4900
RAJGUI,Ni,4,9.6800,7.3200,0.9903,0.8704
CIJNIW,Pd,4,9.5700,3.1600,0.9854,0.5132
IFAFAW,Ni,4,11.4700,19.1800,1.0633,1.2851
NONWES96,Pd,4,8.2900,2.9100,0.9238,0.4786
DAMNIR,Ni,4,18.0400,20.7300,1.2586,1.3187
DIXZUG,Pd,4,10.4500,3.1900,1.0233,0.5172
DOBKUE,Ir,4,7.3600,7.8300,0.8727,0.8993
LEYQIT,Pt,4,3.0500,0.2200,0.4983,-0.4949
YUWMIQ,Pd,4,8.2400,9.2200,0.9212,0.9694
KURPAP01,Cu,4,8.6400,2.9000,0.9415,0.4771
EYAZOW,Co,4,3.4800,0.2200,0.5539,-0.4949
NONWES72,Pd,4,8.2100,2.9100,0.9196,0.4786
ETIRIL,Co,4,2.8800,0.0000,0.4742,-1.0000
XAKYIU,Cu,4,2.8900,0.0100,0.4757,-0.9586
FAPCAC,Zn,4,2.8800,0.0000,0.4742,-1.0000
CEYBER,Ni,4,2.0200,0.6100,0.3263,-0.1487
SUMFAK,Co,4,2.7200,0.6800,0.4502,-0.1079
TUXDOI,Mn,4,2.9200,0.0200,0.4800,-0.9208
AGIDAW,Pd,4,3.0700,0.2400,0.5011,-0.4685
VUVPOV,Pd,4,2.9900,0.1300,0.4900,-0.6383
XETCOQ,Pt,4,3.5600,0.8400,0.5635,-0.0269
FULBUK,Zn,4,1.9200,0.1700,0.3054,-0.5686
PUHTAO,Zn,4,2.8200,0.0200,0.4654,-0.9208
MONWOB,Rh,4,3.3000,2.4300,0.5315,0.4031
HOBWUU,Cu,4,4.0100,0.9000,0.6138,0.0000
WOBKOQ,Ag,4,6.0200,2.1000,0.7868,0.3424
FEYWEM,Ni,4,19.5100,14.7300,1.2925,1.1711
OVADIA,Cu,4,2.9000,0.0200,0.4771,-0.9208
WAYHAI,Cr,4,3.5900,6.1400,0.5670,0.7952
PURVOO,Co,4,4.4100,0.6300,0.6542,-0.1367
HOVWOI,Pd,4,9.5600,3.1600,0.9850,0.5132
DACHPD,Pd,4,2.9800,0.0900,0.4886,-0.7212
DIMDEL,Co,4,4.3200,0.4500,0.6454,-0.2596
FAFCIZ,Pd,4,12.0000,23.4800,1.0828,1.3725
EJUGEW,Pd,4,9.3900,3.0800,0.9773,0.5024
VAXMUD,Pt,4,8.4800,2.9500,0.9335,0.4843
NORDUT,Zn,4,2.7200,0.2700,0.4502,-0.4318
YOCYOF,Zn,4,2.7200,1.2600,0.4502,0.1335
PIDZOS,Cu,4,3.2400,1.5500,0.5237,0.2175
LICMIU,Pt,4,14.1600,16.5700,1.1541,1.2219
FADXIU,Rh,4,2.9700,0.1200,0.4871,-0.6576
IWOFUW,Co,4,3.9400,0.7100,0.6064,-0.0915
KAQLAS,Ni,4,13.6000,10.1200,1.1367,1.0095
XAWPOB,Pt,4,7.7100,3.2300,0.8927,0.5224
CUPOCY14,Cu,4,2.8800,0.0000,0.4742,-1.0000
ZOSHAS,Rh,4,4.4600,1.2200,0.6590,0.1206
TODXAN,Zn,4,3.3300,0.9900,0.5353,0.0374
VIYFOZ,Pd,4,2.9400,0.0500,0.4829,-0.8239
VISNEQ,Cu,4,13.4900,15.1800,1.1332,1.1841
VUJFEN,Rh,4,13.4400,11.7600,1.1316,1.0741
KEYCAT,Pt,4,3.3800,0.5300,0.5416,-0.2007
AYOHAY,Pt,4,8.7300,3.1300,0.9460,0.5092
XOCJAB,Ni,4,8.6000,2.8800,0.9395,0.4742
LABYEX,Pt,4,10.0000,3.3500,1.0043,0.5378
HEXJAX,Pd,4,8.9300,3.1700,0.9557,0.5145
SIHKEA,Ni,4,20.6900,21.6700,1.3179,1.3379
VUFZED,Pd,4,8.7800,2.8300,0.9484,0.4669
ZUYZOL,Pt,4,3.0700,0.1700,0.5011,-0.5686
ZEMNAJ,Zn,4,2.9600,0.0500,0.4857,-0.8239
OBEXIF,Pd,4,7.8800,3.1100,0.9020,0.5065
KOZFIS,Pd,4,3.5300,0.7900,0.5599,-0.0506
XECFAN,Pd,4,2.8900,0.0100,0.4757,-0.9586
BUSMIM,Zn,4,3.7000,0.3700,0.5798,-0.3279
INIGIW,Cr,4,2.6400,0.0400,0.4378,-0.8539
ROFXUF,Pt,4,8.4000,2.9500,0.9294,0.4843
NOZBAH,Ru,4,2.1300,1.2400,0.3483,0.1271
DUTTIZ,Pd,4,7.2700,3.1100,0.8675,0.5065
IPUFUX,Au,4,8.4100,3.1100,0.9299,0.5065
RUGLAK,Ni,4,8.4800,2.9800,0.9335,0.4886
WUVRIR,Ni,4,3.6300,0.9500,0.5717,0.0212
VETBUT,Pt,4,2.8900,0.0100,0.4757,-0.9586
CIJZAY,Pt,4,8.9100,12.5100,0.9547,1.1007
SUBPUA,Pt,4,7.5600,3.2200,0.8842,0.5211
AJUDER,Pt,4,3.1300,0.3100,0.5092,-0.3872
NAFSET,Pd,4,2.8800,0.0000,0.4742,-1.0000
LIMCEQ,Cr,4,3.4200,0.6500,0.5465,-0.1249
ESILEY,Ni,4,5.4900,1.0800,0.7474,0.0719
NUCMIL,Pd,4,7.5300,3.7000,0.8825,0.5798
UGEGUJ,Co,4,11.8600,21.3800,1.0777,1.3320
PAQLAV,Cu,4,5.7200,1.0400,0.7649,0.0569
NDPECO,Co,4,9.5700,6.8900,0.9854,0.8445
TFAPDA11,Pd,4,4.5100,7.1000,0.6637,0.8573
GAWBOZ,Cu,4,1.8600,0.1600,0.2923,-0.5850
QUFPEN,Pt,4,8.2600,3.2000,0.9222,0.5185
CITGAO,Pt,4,10.6100,3.4400,1.0298,0.5490
ANIGEM,Fe,4,7.3000,1.7300,0.8692,0.2625
VANVUE,Pd,4,8.0000,3.1700,0.9085,0.5145
CETVOP04,Mn,4,2.9800,0.1200,0.4886,-0.6576
ALAVOY,Ni,4,4.8900,1.3000,0.6981,0.1461
JIQLII,Co,4,3.1500,1.0300,0.5119,0.0531
HOQPAI,Pd,4,8.2500,3.2200,0.9217,0.5211
BEZHUN,Zn,4,2.4000,0.2400,0.3979,-0.4685
CASMEO,Cd,4,3.3000,0.2000,0.5315,-0.5229
OGEMEV,Cu,4,2.8800,0.0000,0.4742,-1.0000
YAFNAW,Pd,4,9.8100,3.1800,0.9961,0.5159
KIFZUU,Pd,4,8.4600,2.8800,0.9325,0.4742
WODCAV,Pd,4,3.0200,0.1800,0.4942,-0.5528
RUMKIW,Zn,4,5.4000,1.7300,0.7404,0.2625
YERTAQ,Zn,4,3.3900,0.4100,0.5428,-0.2924
ZOWPAF,Mn,4,5.4700,7.4500,0.7459,0.8779
OJUGOQ01,Zn,4,2.9200,0.0100,0.4800,-0.9586
XULSAZ,Ni,4,8.9900,2.9000,0.9586,0.4771
XAGJOH,Ni,4,2.3100,0.1200,0.3820,-0.6576
ZAVSIA,Au,4,8.7300,3.0400,0.9460,0.4969
TAPPAE,Pd,4,8.5600,2.9900,0.9375,0.4900
WAYGEL,Ti,4,3.5600,4.1100,0.5635,0.6243
FIGNUF,Pd,4,8.6400,3.1700,0.9415,0.5145
KARYIM,Pt,4,2.8800,0.0100,0.4742,-0.9586
CUJZOX,Cu,4,2.8900,0.0100,0.4757,-0.9586
LEJXUU,Pt,4,9.8800,3.2200,0.9991,0.5211
YAVKEM,Cu,4,5.1700,6.1300,0.7218,0.7945
SEHHIX04,Co,4,3.4500,0.1200,0.5502,-0.6576
HEMJER,Co,4,7.3300,2.1900,0.8710,0.3598
FISWOV,Pd,4,8.2800,3.2700,0.9232,0.5276
TAKXEL,Cu,4,6.0000,3.8400,0.7853,0.5955
LULPAN01,Cu,4,1.9200,0.4200,0.3054,-0.2840
NUXRUT,Pd,4,3.2000,0.3600,0.5185,-0.3372
VAKXEN,Ag,4,5.7600,2.7800,0.7679,0.4594
WUGVAV,Co,4,4.1500,0.5900,0.6284,-0.1612
ZEJVER,Ni,4,8.8600,8.0600,0.9523,0.9117
XAQFOK,Pd,4,7.4200,3.2100,0.8762,0.5198
CEPGUZ,Zn,4,2.8000,0.2100,0.4624,-0.5086
LEKZOR,Zn,4,5.3700,1.0300,0.7380,0.0531
POXCAJ,Ni,4,13.6800,14.3100,1.1392,1.1587
IMULEI,Zn,4,3.3500,0.1900,0.5378,-0.5376
CAGPEK,Cu,4,5.3400,1.5700,0.7356,0.2227
ISORAL,Hg,4,7.4200,2.4500,0.8762,0.4065
YIXXOT,Pd,4,3.2300,0.4500,0.5224,-0.2596
POGKUR,Zn,4,2.1500,1.7300,0.3522,0.2625
ECOSOH,Fe,4,2.9100,0.8900,0.4786,-0.0044
QEKTIM,Ni,4,2.8600,0.0000,0.4713,-1.0000
WAGHUI,Pd,4,3.1800,0.3600,0.5159,-0.3372
VUMREC,Pd,4,4.6700,0.3000,0.6785,-0.3979
BUTWUK,Ni,4,2.9100,0.1600,0.4786,-0.5850
YIXXIO,Cu,4,7.5300,2.1700,0.8825,0.3560
XOBFEC,Pd,4,8.1500,2.9600,0.9165,0.4857
GEMKEQ,Pd,4,3.0300,0.1300,0.4955,-0.6383
EGAXIT,Pt,4,9.5500,2.9800,0.9845,0.4886
AKICIJ,Pt,4,7.5400,3.1200,0.8831,0.5079
EYEDIW,Pd,4,9.6400,3.1800,0.9886,0.5159
AJIDAY,Ni,4,8.7100,2.9200,0.9450,0.4800
FUJJAY,Au,4,3.1700,0.3000,0.5145,-0.3979
ROMBUT,Ni,4,2.8800,0.0000,0.4742,-1.0000
MISFAY,Zn,4,5.7500,1.3000,0.7672,0.1461
SOHLOS,Zn,4,3.0200,0.8900,0.4942,-0.0044
SIFNIF,Pt,4,7.9100,3.1900,0.9036,0.5172
JEWFIB,Pd,4,7.2800,3.2400,0.8681,0.5237
FUXSOK,Ni,4,8.7800,2.9400,0.9484,0.4829
NICDEJ,Fe,4,3.1800,0.3400,0.5159,-0.3565
EMUCIY,Cu,4,13.9700,19.4100,1.1483,1.2903
JOZQEU,Pt,4,3.8700,3.4400,0.5988,0.5490
EFAQEK,Cu,4,2.9900,0.1000,0.4900,-0.6990
BAFJUP,Hg,4,4.8400,0.8600,0.6937,-0.0177
MARJEU,Pt,4,7.8100,2.9900,0.8982,0.4900
PIDHOZ,Ni,4,15.1000,12.0200,1.1818,1.0835
JUTHUD,Zn,4,10.4000,17.7400,1.0212,1.2514
SOLHIK,Ag,4,1.5600,1.1300,0.2201,0.0899
CEFFEB,Cu,4,0.9300,0.5500,0.0128,-0.1871
JITZES,Pd,4,3.2500,0.4500,0.5250,-0.2596
UNONUH,Ni,4,9.4500,2.9300,0.9800,0.4814
WIYKUM,Hg,4,7.9400,1.6000,0.9053,0.2304
COLBEM,Cu,4,2.6400,0.3800,0.4378,-0.3188
ROLMUC01,Re,4,2.9300,0.0100,0.4814,-0.9586
QESWUJ,Zn,4,2.7900,0.2300,0.4609,-0.4815
SEFJIX,Cu,4,4.0800,0.2700,0.6212,-0.4318
NABGIK,Rh,4,8.5800,2.9300,0.9385,0.4814
BUWXEA,Zn,4,3.1300,0.4500,0.5092,-0.2596
RUGLUE,Ni,4,8.6100,11.9000,0.9400,1.0792
UFASOJ01,Pt,4,9.0900,15.7800,0.9633,1.2009
FUXMEQ,Zn,4,3.0600,1.3400,0.4997,0.1584
NELPUR,Pd,4,18.9200,24.2200,1.2792,1.3860
FOFVUT,Cu,4,3.2400,0.1500,0.5237,-0.6021
JARWEF,Pd,4,3.3000,0.5300,0.5315,-0.2007
DMDECO01,Co,4,3.0100,0.1600,0.4928,-0.5850
ULOVEY,Fe,4,2.3400,0.6300,0.3874,-0.1367
ECEVAK,Cu,4,6.9300,2.1600,0.8470,0.3541
IDORUQ01,Zn,4,3.2800,0.2400,0.5289,-0.4685
SAWGIJ,Ni,4,8.7800,3.1300,0.9484,0.5092
ZENLEM02,Co,4,2.6900,0.0300,0.4456,-0.8861
BIXWOX,Co,4,9.3000,3.1400,0.9731,0.5105
AJUWEJ,Pt,4,8.0000,3.1000,0.9085,0.5051
ISOSEQ,Hg,4,6.2700,2.1900,0.8041,0.3598
BOHKOC,Ni,4,2.6700,0.0300,0.4425,-0.8861
QUJPAQ,Pd,4,2.9500,0.1000,0.4843,-0.6990
NASFAS,Co,4,2.4000,0.0600,0.3979,-0.7959
ZEMDED,Cu,4,3.2600,0.0900,0.5263,-0.7212
FEVQUU,Pd,4,2.6500,0.0400,0.4393,-0.8539
GICKOU,Zn,4,3.0100,0.3300,0.4928,-0.3665
BEKBAX,Pd,4,9.6200,3.1700,0.9877,0.5145
TOBLUR,Hg,4,3.4100,0.8100,0.5453,-0.0410
XISHUF,Pd,4,9.0300,3.2200,0.9605,0.5211
PALDEN,Ni,4,8.4300,2.8000,0.9309,0.4624
IBEKUY,Pd,4,9.7000,3.1800,0.9912,0.5159
LOMSIQ,Pt,4,8.3600,2.9300,0.9274,0.4814
YIQSIA01,Cu,4,8.9700,2.9700,0.9576,0.4871
OZILEP01,Cu,4,1.6600,1.5300,0.2455,0.2122
LOBRUQ01,Cu,4,0.7300,0.7200,-0.0809,-0.0862
JUQXIF,Pd,4,8.7500,3.1300,0.9469,0.5092
COPGIX,Zn,4,3.2200,0.0200,0.5211,-0.9208
UJOMOX,Pd,4,2.8800,0.0000,0.4742,-1.0000
NIDLET,Pd,4,9.2100,9.0300,0.9689,0.9605
EGAVEQ,Co,4,3.1800,0.4100,0.5159,-0.2924
RURMUO,Ir,4,7.0300,3.7000,0.8531,0.5798
BUKCER,Pd,4,7.3500,3.2900,0.8722,0.5302
GIDPEQ,Rh,4,5.1900,2.3200,0.7235,0.3838
HUWJEP,Pt,4,8.4900,2.9200,0.9340,0.4800
SEZBIL,Pd,4,9.2300,2.9600,0.9699,0.4857
BOHJIV,Mn,4,2.5600,0.0300,0.4249,-0.8861
OJATAV,Pt,4,10.1300,3.1300,1.0099,0.5092
CEZYOW,Mn,4,1.3900,0.3000,0.1732,-0.3979
QOKRAJ,Pt,4,7.9800,2.9300,0.9074,0.4814
KELSIF,Fe,4,6.0400,1.5700,0.7882,0.2227
LENPED,Zn,4,3.0000,0.0000,0.4914,-1.0000
XUPKAV,Pd,4,2.9700,0.1500,0.4871,-0.6021
DABQAZ,Fe,4,4.2300,0.6000,0.6365,-0.1549
TOCHAU,Pd,4,8.3300,10.3200,0.9258,1.0179
QEZPOE,Pd,4,3.2600,0.4800,0.5263,-0.2366
AGEQOU,Cu,4,5.7000,1.3800,0.7634,0.1703
NEQWUE,Au,4,3.1400,0.3200,0.5105,-0.3768
HAYLEA,Fe,4,13.1500,15.8900,1.1222,1.2038
KOCCAJ,Sc,4,5.1300,0.7400,0.7185,-0.0757
UBAKIU,Zn,4,2.5200,0.1500,0.4183,-0.6021
LALNIV,Pt,4,8.8600,2.9200,0.9523,0.4800
WEXXAA,Co,4,2.1000,0.2800,0.3424,-0.4202
IRAVON,Ag,4,2.4600,1.7400,0.4082,0.2648
QODLIH,Zn,4,5.1800,0.9500,0.7226,0.0212
NENPIF,Pt,4,3.0300,0.3500,0.4955,-0.3468
VEHBAM,Pt,4,11.6900,10.1400,1.0715,1.0103
RIYXAC,Pd,4,3.1600,0.4000,0.5132,-0.3010
HACDAS,Zn,4,8.1100,2.9200,0.9143,0.4800
THPVAC,Cu,4,17.9200,13.5100,1.2558,1.1339
ITAQUP,Pt,4,7.8400,3.1600,0.8998,0.5132
FEWXEN,Co,4,3.0100,0.3400,0.4928,-0.3565
AFATIM,Cu,4,2.9200,0.0400,0.4800,-0.8539
OROWAV,Re,4,2.9500,0.0000,0.4843,-1.0000
AWICIV,Cu,4,2.9300,0.0600,0.4814,-0.7959
ZAKXIS,Au,4,8.5700,2.8800,0.9380,0.4742
TEGPEE,Pd,4,3.0700,0.2400,0.5011,-0.4685
MIRTUC,Ni,4,19.2600,20.1600,1.2869,1.3066
WUMJIY,Pd,4,8.1500,2.9000,0.9165,0.4771
ZIPKAN,Cu,4,2.9000,1.6500,0.4771,0.2430
ZIZKAX,Fe,4,3.2400,0.3800,0.5237,-0.3188
ABUVUP,Ni,4,2.9500,0.0700,0.4843,-0.7696
XUZZAT,Pt,4,3.0900,0.2000,0.5038,-0.5229
NIRXIX,Zn,4,4.2000,0.7000,0.6335,-0.0969
ZUTKAA,Pd,4,14.0300,7.8400,1.1501,0.8998
DOFPIB,Cd,4,3.4700,0.2800,0.5527,-0.4202
HEVNIG,Cu,4,2.2100,1.7100,0.3636,0.2577
SUKFOW,Ni,4,3.0700,0.2400,0.5011,-0.4685
IMIYOS,Pd,4,8.2800,3.0200,0.9232,0.4942
YONHES,Pt,4,2.8800,0.0000,0.4742,-1.0000
RIVFUB,Pt,4,11.2500,7.4400,1.0550,0.8774
CAQPOA,Pt,4,2.8900,0.0700,0.4757,-0.7696
FANMEN,Zn,4,3.7300,1.3800,0.5832,0.1703
KEBKEK,Pd,4,9.1700,3.2400,0.9671,0.5237
DEDFUN11,Co,4,2.7100,0.0100,0.4487,-0.9586
BIXREI,Ni,4,8.9100,3.2100,0.9547,0.5198
IGUHID,Zn,4,6.3200,1.1300,0.8075,0.0899
SIRYIF,Pt,4,3.0800,0.2000,0.5024,-0.5229
OWEQEP,Pd,4,8.8100,3.0500,0.9499,0.4983
NIDCAR25,Ni,4,8.8400,14.4000,0.9513,1.1614
QIGMAW,Pd,4,3.2100,0.4200,0.5198,-0.2840
CURVOC,Pt,4,9.1200,2.9900,0.9647,0.4900
UTUBER,Ni,4,3.8300,6.6100,0.5944,0.8267
DEPXAX,Pd,4,8.9100,3.0000,0.9547,0.4914
SAGLAR,Pt,4,7.4600,3.5300,0.8785,0.5599
ETUGEI,Zn,4,2.5000,0.2200,0.4150,-0.4949
WUSHAV,Cd,4,2.6900,0.0200,0.4456,-0.9208
OCUQUC,Cu,4,6.5200,1.4000,0.8209,0.1761
CMBZPD,Pd,4,3.0600,0.2300,0.4997,-0.4815
ZIZLUT,Cu,4,2.9800,0.0300,0.4886,-0.8861
UFUPAO,Pt,4,3.1100,0.2400,0.5065,-0.4685
YIJKOV,Zn,4,15.1900,17.6300,1.1844,1.2487
POJNUB,Rh,4,3.1000,0.2700,0.5051,-0.4318
ERAQOE,Pd,4,9.1300,3.0300,0.9652,0.4955
ILEZIL,Zn,4,5.5000,0.4300,0.7482,-0.2757
KOCRED,Cu,4,2.9600,0.1000,0.4857,-0.6990
JIJMIB,Pd,4,3.6100,0.8900,0.5694,-0.0044
LIFWOM,Pt,4,2.9400,0.1000,0.4829,-0.6990
YILLOY01,Cu,4,2.9600,0.0700,0.4857,-0.7696
LUKJIO,Pd,4,3.0700,0.2600,0.5011,-0.4437
LISWIT,Co,4,12.1700,23.0400,1.0888,1.3644
QEHKAQ,Pt,4,8.2100,3.0100,0.9196,0.4928
JUTHIT,Ni,4,7.7400,2.8000,0.8943,0.4624
IJAWEW,Zn,4,2.9100,0.0200,0.4786,-0.9208
CLTPNI05,Ni,4,1.6600,0.1800,0.2455,-0.5528
HEHSIA01,Cd,4,2.2200,0.0500,0.3655,-0.8239
EXEDAM,Ni,4,8.3800,2.9900,0.9284,0.4900
VABCOQ,Pt,4,6.5400,1.8600,0.8222,0.2923
DUCRID,Zn,4,5.8800,6.8700,0.7767,0.8432
FISYAI,Ni,4,9.2800,2.9800,0.9722,0.4886
DOMQOM,Pd,4,9.0300,15.7400,0.9605,1.1998
FULYER,Cu,4,3.0300,0.1900,0.4955,-0.5376
QASJAX,Ir,4,3.4200,0.6400,0.5465,-0.1308
QOPLIS,Pt,4,3.4400,0.4900,0.5490,-0.2291
LIBDOP,Ni,4,2.6300,0.1500,0.4362,-0.6021
OMUDEH,Zn,4,2.0900,0.3700,0.3404,-0.3279
EHADOI,Pd,4,9.4200,3.1900,0.9786,0.5172
TAJTEE,Ru,4,6.4300,1.6500,0.8149,0.2430
MUSNAS,Au,4,3.5900,0.8600,0.5670,-0.0177
HIGTIB,Ni,4,3.2100,0.4100,0.5198,-0.2924
YUCYIF,Co,4,1.7200,0.4900,0.2601,-0.2291
LECNEN,Cu,4,8.1200,2.5100,0.9149,0.4166
QOBSUX,Zn,4,4.2700,0.6400,0.6405,-0.1308
JODCIS,Pt,4,3.5500,0.8200,0.5623,-0.0362
EGINEN,Cr,4,2.8800,0.0000,0.4742,-1.0000
DARWOI,Hg,4,3.9300,2.8300,0.6053,0.4669
FOHMOF,Co,4,3.0600,0.0800,0.4997,-0.7447
LAMDUC,Pt,4,11.1100,14.4000,1.0496,1.1614
VOKVEX,Cu,4,3.3300,1.1500,0.5353,0.0969
BIBSEN,Re,4,2.9900,0.1000,0.4900,-0.6990
ZABHUJ,Pd,4,8.5200,3.0200,0.9355,0.4942
LUPTEV,Zn,4,4.4400,0.4500,0.6571,-0.2596
FENCEH,Cu,4,2.9200,0.0400,0.4800,-0.8539
DAWQAW,Cu,4,5.6500,1.0900,0.7597,0.0755
IWUNOE,Cu,4,1.4800,0.2400,0.1987,-0.4685
MUDDAS,Cu,4,3.1500,0.2900,0.5119,-0.4089
OFAHOW,Ni,4,1.9200,6.6200,0.3054,0.8274
SEPLIJ,Pt,4,8.3500,3.1200,0.9269,0.5079
BOTYOB,Ni,4,3.9700,1.4900,0.6096,0.2014
KUPJOV,Co,4,27.2400,13.0200,1.4368,1.1179
JIBXIF,Mn,4,2.8700,0.0200,0.4728,-0.9208
GECKAD,Ni,4,8.0200,10.9300,0.9096,1.0426
BAMXIZ,Pd,4,2.8900,0.0100,0.4757,-0.9586
ZIMNOB,Cu,4,2.9400,1.4000,0.4829,0.1761
QEFWON01,Ni,4,11.4000,5.2000,1.0607,0.7243
TORPIC,Zn,4,1.1700,0.6400,0.1038,-0.1308
TIQQUJ,Ni,4,2.9000,0.0300,0.4771,-0.8861
IYATIN,Zn,4,3.9600,0.3600,0.6085,-0.3372
DELPOA03,Co,4,2.9700,0.0900,0.4871,-0.7212
QIWWOL,Ni,4,1.9700,1.9100,0.3160,0.3032
ZISVEG,Ni,4,13.1900,18.5900,1.1235,1.2716
FADXAM,Rh,4,2.9800,0.1200,0.4886,-0.6576
EHOCOX,Au,4,3.3600,0.5900,0.5391,-0.1612
AJOXON,Au,4,3.0200,0.1300,0.4942,-0.6383
CAXBIQ,Zn,4,2.1600,1.1400,0.3541,0.0934
HURWOH,Ni,4,15.3600,19.7600,1.1892,1.2980
XORMEZ,Co,4,18.8400,18.5100,1.2774,1.2697
HAMNIT,Cd,4,1.8400,0.1600,0.2878,-0.5850
YIMXUQ,Cu,4,2.8200,0.1200,0.4654,-0.6576
NIDCAR,Ni,4,8.9100,21.7100,0.9547,1.3387
WOMRIC,Pd,4,3.1500,0.3200,0.5119,-0.3768
XAWTEY,Pd,4,9.5200,11.6500,0.9832,1.0700
CUMSUZ,Pd,4,9.5400,2.9900,0.9841,0.4900
UWOGOD,Pd,4,3.0300,0.2100,0.4955,-0.5086
VAJLAU,Re,4,2.9700,0.0200,0.4871,-0.9208
JESSIM,Cu,4,3.3700,0.0300,0.5403,-0.8861
CMTZZN,Zn,4,3.3100,0.3100,0.5328,-0.3872
ATEGAI,Pd,4,3.0200,0.1700,0.4942,-0.5686
CEGTUE,Rh,4,12.0900,6.9000,1.0860,0.8451
HALYAU,Zn,4,2.8800,0.0000,0.4742,-1.0000
XEBGET,Ni,4,9.7600,3.6600,0.9939,0.5752
PUWKIB,Pt,4,8.9500,3.0100,0.9566,0.4928
EPIHUH,Mn,4,3.1500,0.0300,0.5119,-0.8861
DAYYUZ,Ni,4,2.8900,0.0100,0.4757,-0.9586
MAGDII,Pd,4,8.2100,3.0700,0.9196,0.5011
YIRSIE,Pd,4,9.6800,14.6200,0.9903,1.1679
BIRFUF01,Zn,4,2.9600,0.0200,0.4857,-0.9208
QISDAA,Pd,4,8.4400,3.0400,0.9315,0.4969
BUCDAG03,Cu,4,7.1400,1.9900,0.8597,0.3201
GACXOY,Os,4,2.8200,1.3900,0.4654,0.1732
ULOPAO,Ti,4,3.3000,0.5600,0.5315,-0.1805
PIXYIF,Fe,4,2.7900,0.2300,0.4609,-0.4815
ODIGAK,Ni,4,18.8100,16.4700,1.2767,1.2193
ROLMUC,Re,4,3.0500,0.0100,0.4983,-0.9586
BAFWAG,Pd,4,8.5900,3.1000,0.9390,0.5051
XUHMOC,Pt,4,10.2900,3.1700,1.0166,0.5145
PEQMAA,Cu,4,2.8800,0.0000,0.4742,-1.0000
GAWHIW,Zn,4,3.9700,0.6200,0.6096,-0.1427
MOZGUG08,Zn,4,2.4700,0.6300,0.4099,-0.1367
HOMTAI,Pd,4,9.3000,3.0900,0.9731,0.5038
GOPHIE,V,4,2.7000,3.4400,0.4472,0.5490
KAJJUE,Ni,4,10.7200,7.9800,1.0342,0.9074
KEBRES,Zn,4,2.6000,0.0200,0.4314,-0.9208
QAFZOP,Au,4,2.8700,0.0200,0.4728,-0.9208
FENYUW,Pt,4,3.1400,0.3300,0.5105,-0.3665
BEGTAL,Zn,4,3.7100,0.2800,0.5809,-0.4202
XUZWUK,Zn,4,11.1300,12.0900,1.0504,1.0860
WELGED,Pd,4,8.4000,3.7000,0.9294,0.5798
WEBWOP,Au,4,2.8900,0.0100,0.4757,-0.9586
ITTNBU04,Ni,4,2.9000,0.0400,0.4771,-0.8539
XEGGUM,Ni,4,8.1600,2.9100,0.9170,0.4786
ZAXZIL,Zn,4,3.1800,0.2100,0.5159,-0.5086
RUCPIP,Pt,4,8.4400,2.9300,0.9315,0.4814
OVERUD02,Pt,4,3.7600,1.0800,0.5866,0.0719
TIRVIA,Zn,4,3.0500,0.1800,0.4983,-0.5528
RAMTEF,Ni,4,9.1000,2.9200,0.9638,0.4800
CATSOG,Pt,4,10.2900,3.1900,1.0166,0.5172
DAGFEW,Pd,4,8.6400,3.1100,0.9415,0.5065
KEBHUV,Cu,4,14.5800,18.6900,1.1667,1.2739
NONWES93,Pd,4,7.9400,2.9700,0.9053,0.4871
YUNGAQ,Zn,4,4.0500,0.4600,0.6180,-0.2518
ZUBYOK,Cu,4,2.8900,0.0100,0.4757,-0.9586
YIDDUK,Cu,4,7.3000,2.0600,0.8692,0.3345
XANQUY,Ni,4,12.8400,16.2700,1.1119,1.2140
SOSHAN,Co,4,3.4500,0.2700,0.5502,-0.4318
IXINOV01,Cr,4,3.7100,0.8800,0.5809,-0.0088
WOPKIY,Ni,4,9.5200,17.7200,0.9832,1.2509
TEQDID,Mn,4,3.4000,0.3500,0.5441,-0.3468
AREZUU01,Fe,4,8.9600,3.3000,0.9571,0.5315
NONWES57,Pd,4,8.0100,2.9600,0.9090,0.4857
MUXKEZ,Cu,4,2.8400,0.1400,0.4683,-0.6198
RAPHOH,Pd,4,3.6600,0.9700,0.5752,0.0294
TETGEE,Ni,4,7.3800,11.0700,0.8739,1.0481
REJQEG,Cu,4,3.4900,1.7600,0.5551,0.2695
MIHFUF,Pd,4,9.4400,3.2600,0.9795,0.5263
XUTSEK,Pd,4,9.0100,3.1600,0.9595,0.5132
RUTQIG,Ni,4,2.7500,0.0000,0.4548,-1.0000
LOLWAO,Pt,4,10.0200,3.3900,1.0052,0.5428
NULROC,Zn,4,2.6900,0.0100,0.4456,-0.9586
JULVIZ,Ag,4,13.4000,13.1100,1.1303,1.1209
GIGSUL,Pt,4,2.9300,0.0600,0.4814,-0.7959
AYANET01,Pt,4,8.5200,2.8800,0.9355,0.4742
LIVVUH,Zn,4,11.8700,16.6500,1.0781,1.2240
VIHVUF,Pd,4,3.1800,0.3400,0.5159,-0.3565
HUDYEO,Pd,4,8.2700,2.9900,0.9227,0.4900
BAEPYC,Cu,4,7.9300,2.6700,0.9047,0.4425
KEHHIR,Cu,4,2.4900,1.2100,0.4133,0.1173
CALZIB,Pt,4,3.2000,0.4500,0.5185,-0.2596
QUHZOM,Pd,4,8.5200,3.2200,0.9355,0.5211
SUHYON,Cu,4,4.3000,1.2500,0.6435,0.1303
MUMLAH,Pt,4,3.0100,0.1800,0.4928,-0.5528
UZASEV,Ni,4,12.1200,17.6000,1.0871,1.2480
IHONIG01,Pt,4,3.4800,0.7300,0.5539,-0.0809
FOQZOA,Pd,4,7.0300,3.4200,0.8531,0.5465
DILBIM,Fe,4,3.0900,0.1500,0.5038,-0.6021
IWOHOS,Pd,4,8.5500,2.9700,0.9370,0.4871
XIXSUT,Ni,4,4.9700,0.8600,0.7050,-0.0177
IPUNAI,Au,4,8.5400,2.8800,0.9365,0.4742
JOLZAP,Pd,4,7.1700,3.0400,0.8615,0.4969
SUZVUH,Co,4,2.3400,0.0500,0.3874,-0.8239
BUXVOG,Ni,4,2.8800,0.0000,0.4742,-1.0000
HUGMIF,Co,4,1.9600,1.8100,0.3139,0.2810
ZOCFIJ,Cu,4,1.9000,0.2900,0.3010,-0.4089
YEGMUS,Pd,4,3.4700,0.7300,0.5527,-0.0809
MSLDNI16,Ni,4,2.9500,0.0700,0.4843,-0.7696
GECCEA,Ni,4,5.7700,13.0900,0.7686,1.1202
GENYAB,Pd,4,3.3900,0.6700,0.5428,-0.1135
ILELOA,Co,4,27.3900,13.2300,1.4392,1.1248
VELZOC,Cu,4,4.5300,4.0000,0.6656,0.6128
LISVOC,Pd,4,8.7900,3.0000,0.9489,0.4914
MUVCIS,Zn,4,2.7000,0.5000,0.4472,-0.2218
VEGRAC,Zn,4,3.0800,0.5700,0.5024,-0.1739
AZUVEW,Ni,4,8.1900,2.9100,0.9186,0.4786
MORKIP,Pd,4,10.2500,3.1600,1.0149,0.5132
UFOYAS,Cd,4,2.8400,0.1100,0.4683,-0.6778
TUZDOK,Ni,4,9.4000,2.9500,0.9777,0.4843
FAMRIW,Pt,4,8.3500,3.0000,0.9269,0.4914
TUWNAD,Pt,4,7.1800,3.2000,0.8621,0.5185
YUBJEL,Rh,4,3.0600,0.2200,0.4997,-0.4949
RIVQET,Cu,4,3.0000,0.1600,0.4914,-0.5850
TEJNIG,Ni,4,9.1400,2.9200,0.9657,0.4800
LEFTOG,Cu,4,8.3200,2.8500,0.9253,0.4698
GELZAA,Zn,4,5.7000,0.5300,0.7634,-0.2007
RINGEE,Zn,4,2.3800,0.0300,0.3945,-0.8861
BESHAJ,Pt,4,9.2600,3.2000,0.9713,0.5185
DARQAR,Pd,4,10.8600,3.3800,1.0398,0.5416
YUDGUZ,Ni,4,9.4800,9.2900,0.9814,0.9727
IHOLUQ,Pt,4,4.1400,1.5100,0.6274,0.2068
VOBJUS,Hg,4,3.6000,1.4500,0.5682,0.1903
HUCKUO,Pd,4,8.3400,2.9200,0.9263,0.4800
AROTAE,Fe,4,8.2200,2.8500,0.9201,0.4698
YAVKUE,Ni,4,8.5900,2.7700,0.9390,0.4579
RAJXUX,Pd,4,3.1300,0.2800,0.5092,-0.4202
XULZIO,Ni,4,9.0600,2.9100,0.9619,0.4786
YATGUZ,Cu,4,4.4500,0.2300,0.6580,-0.4815
WANYIT,Pd,4,8.6600,3.0100,0.9425,0.4928
HEBVOZ,Pd,4,2.8800,0.0000,0.4742,-1.0000
EQOWOY,Cu,4,3.4500,0.4500,0.5502,-0.2596
MERNOQ,Fe,4,9.3400,3.8000,0.9750,0.5911
GEVCIV,Zn,4,4.9500,0.5100,0.7033,-0.2147
LOXWOK,Cu,4,4.7200,6.0100,0.6830,0.7860
CAPPOZ,Ni,4,2.9400,0.0500,0.4829,-0.8239
ATEWUT,Zn,4,2.8900,0.0100,0.4757,-0.9586
FELLUF,Pd,4,3.0600,0.2300,0.4997,-0.4815
VALDAP,Ni,4,11.6800,11.8700,1.0711,1.0781
FALJEH,Ni,4,2.9100,0.0300,0.4786,-0.8861
DUMFAT,Cr,4,3.4600,0.5500,0.5514,-0.1871
SOTJUJ,Cu,4,2.8800,0.0000,0.4742,-1.0000
NAXVEO,Zn,4,13.8600,10.1100,1.1449,1.0090
CISHIV,Ag,4,3.0800,0.5600,0.5024,-0.1805
NIGSAX,Ag,4,4.1400,3.6500,0.6274,0.5740
ODOYAK,Ag,4,3.4000,2.0000,0.5441,0.3222
VAJFOD,Zn,4,3.8200,0.4400,0.5933,-0.2676
DIRJOD,Cu,4,4.6800,1.0500,0.6794,0.0607
MAWSUC,Pd,4,3.3600,0.6000,0.5391,-0.1549
YEJYOF,Re,4,2.7500,0.0100,0.4548,-0.9586
LORFEF,Zn,4,5.3600,1.2600,0.7372,0.1335
EXIYIT,Pd,4,8.9600,3.5100,0.9571,0.5575
YIYNIE,Pd,4,8.5000,3.0200,0.9345,0.4942
POSWUT,Pd,4,3.1600,0.3100,0.5132,-0.3872
XABDAH,Pt,4,8.3400,3.4100,0.9263,0.5453
REVREQ,Re,4,2.8600,0.0000,0.4713,-1.0000
XEPHEG,Fe,4,3.4000,0.4800,0.5441,-0.2366
LIPDIY,Pd,4,12.3300,4.8000,1.0945,0.6902
GEFNIR,Pt,4,3.0400,0.2000,0.4969,-0.5229
TUSLUO,Co,4,3.5900,0.1800,0.5670,-0.5528
WAMQOS,Ni,4,3.3000,0.5300,0.5315,-0.2007
MUJRIS03,Ni,4,8.5100,2.7900,0.9350,0.4609
HUWMUI,Pd,4,11.3700,12.5700,1.0596,1.1028
VAVPAN,Ni,4,6.7800,5.0400,0.8376,0.7110
GELGIP,Co,4,2.6100,0.0200,0.4330,-0.9208
NIZRAP,Pd,4,8.2300,2.9000,0.9206,0.4771
LAWDAR,Cu,4,2.7500,0.7900,0.4548,-0.0506
KOTPUI,Zn,4,2.8800,0.0000,0.4742,-1.0000
YENXUL01,Cu,4,3.2600,0.4800,0.5263,-0.2366
GEVNIE05,Ir,4,5.1100,1.2200,0.7168,0.1206
ACACCU12,Cu,4,2.9400,0.0600,0.4829,-0.7959
UKOWEA,Ni,4,8.4000,8.0600,0.9294,0.9117
OBAWOF,Ni,4,8.4700,2.8000,0.9330,0.4624
UFOMUX,Pd,4,9.3000,3.0500,0.9731,0.4983
YOBMUB,Fe,4,2.8700,0.0200,0.4728,-0.9208
GISPIJ,Ru,4,7.2500,3.6600,0.8663,0.5752
YUVFUU,Ni,4,15.5300,14.1500,1.1940,1.1538
LITJOQ,Hg,4,3.7200,1.8300,0.5821,0.2856
WABHAL01,Pd,4,2.9600,0.0900,0.4857,-0.7212
HUMNOW,Cd,4,1.9500,0.3400,0.3118,-0.3565
XABZEG,Pd,4,12.1900,3.8200,1.0896,0.5933
UCUTIY,Pd,4,2.9800,0.0900,0.4886,-0.7212
DOFWOK,Ti,4,2.7900,0.0000,0.4609,-1.0000
ROLPOZ,Pd,4,18.6800,23.3800,1.2737,1.3707
FAHMAD,Zn,4,2.5000,0.3500,0.4150,-0.3468
MADGEE,Pt,4,2.8800,0.0000,0.4742,-1.0000
COPCAM,Cr,4,8.1400,2.4900,0.9159,0.4133
ZUMDAP,Co,4,4.2600,0.5200,0.6395,-0.2076
MISKAA,Zn,4,3.9000,0.6900,0.6021,-0.1024
LIYRET,Pt,4,3.4900,0.7400,0.5551,-0.0757
GACRAI,Zn,4,3.7900,0.4200,0.5899,-0.2840
WUNJEX,Co,4,14.8000,17.4700,1.1732,1.2448
DAKFII,Zn,4,3.1500,0.2400,0.5119,-0.4685
XUYWEU,Pt,4,3.2200,0.3900,0.5211,-0.3098
MASTEJ,Zn,4,1.2100,0.6700,0.1173,-0.1135
QAHVEC,Ni,4,2.9000,0.0200,0.4771,-0.9208
AJIFOO,Pt,4,3.4300,0.6600,0.5478,-0.1192
ZOZGEE,Ni,4,4.9700,0.9500,0.7050,0.0212
HINRAZ,Pt,4,2.8800,0.0000,0.4742,-1.0000
ZOTBER,Ni,4,3.2300,0.4400,0.5224,-0.2676
CEVMEY,Zn,4,5.8000,0.9900,0.7709,0.0374
MOJXOC,Ni,4,15.4200,27.0300,1.1909,1.4334
JECLIQ,Zn,4,2.0800,1.0500,0.3385,0.0607
DOZRAL02,Cu,4,2.8800,0.0000,0.4742,-1.0000
ABOWAS,Cu,4,2.9000,0.0300,0.4771,-0.8861
BOQKOI,Fe,4,6.2100,1.8300,0.8000,0.2856
NOZGES,Pd,4,7.9200,17.3700,0.9042,1.2423
POZZOV,Au,4,7.6100,3.1200,0.8871,0.5079
PALXEJ,Au,4,8.8200,2.9000,0.9504,0.4771
YAFCIT,Ni,4,9.7300,3.2900,0.9926,0.5302
OXATUF,Cu,4,2.6000,1.2600,0.4314,0.1335
RIYDAG,Pd,4,8.8300,3.0100,0.9509,0.4928
NOBPIG,Hg,4,2.3200,2.1400,0.3838,0.3502
MONXES,Rh,4,9.1200,3.2000,0.9647,0.5185
TEZDOV03,Co,4,2.5000,0.0500,0.4150,-0.8239
NINGOG,Co,4,2.6300,0.0500,0.4362,-0.8239
DISBEM,Pd,4,2.9100,0.0400,0.4786,-0.8539
RANSOP,Pt,4,3.0500,0.2200,0.4983,-0.4949
UQOYIJ,Cu,4,3.1300,0.2600,0.5092,-0.4437
XEYHOB,Cu,4,0.7700,0.6900,-0.0605,-0.1024
ICAWOA,Co,4,4.2500,0.2300,0.6385,-0.4815
ZUZXIE,Co,4,2.2400,0.5400,0.3692,-0.1938
QAZMOW,Ni,4,18.6000,14.0200,1.2718,1.1498
CIXHEY,Ni,4,8.7300,3.1500,0.9460,0.5119
BAZLOG,Pd,4,3.2400,0.4400,0.5237,-0.2676
KOXMET,Pd,4,2.8900,0.0100,0.4757,-0.9586
ARUGIE,Zn,4,5.6800,1.1600,0.7619,0.1004
LIVKIO,Pd,4,9.6900,3.2700,0.9908,0.5276
JIJWEH,Ni,4,12.1300,11.4900,1.0874,1.0641
DOJTIJ,Pd,4,11.0000,3.3400,1.0453,0.5366
YUDBOP,Pt,4,3.1400,0.2700,0.5105,-0.4318
MEXNUB,Zn,4,2.1000,0.2500,0.3424,-0.4559
GAKXUO,Rh,4,3.1200,1.3600,0.5079,0.1644
NINXAJ,Ni,4,13.2100,24.0700,1.1242,1.3833
FOWCUQ01,Cu,4,8.9300,2.8400,0.9557,0.4683
CNITSC,Ni,4,8.8100,2.9500,0.9499,0.4843
TICLOJ,Fe,4,3.7400,3.3400,0.5843,0.5366
XUPSIL,Ni,4,2.9000,0.0900,0.4771,-0.7212
MEDCOO,Ni,4,2.7500,0.1100,0.4548,-0.6778
VETRIY,Cu,4,2.9100,0.0300,0.4786,-0.8861
WAMNOR,Pt,4,9.0800,3.0400,0.9628,0.4969
REBTUR01,Zn,4,3.0400,0.0200,0.4969,-0.9208
BAMVUI,Ni,4,9.3400,3.2900,0.9750,0.5302
PIMZEQ,Ni,4,8.6100,2.9400,0.9400,0.4829
XILFAA,Zn,4,4.1400,1.4500,0.6274,0.1903
FUPRAL,Ir,4,8.2600,9.5700,0.9222,0.9854
VUGXIH,Ir,4,8.8300,3.1800,0.9509,0.5159
POFGIB01,Zn,4,3.0700,0.3600,0.5011,-0.3372
FODPET,Pd,4,11.4100,11.9700,1.0611,1.0817
BUPKIH,Mo,4,2.8700,0.0200,0.4728,-0.9208
DIRTED,Pd,4,2.9000,0.0200,0.4771,-0.9208
MACMAG,Pt,4,7.7300,3.0000,0.8938,0.4914
HEXRUB,Zn,4,1.0600,4.6600,0.0645,0.6776
GUCMEA,Ni,4,18.6600,21.4400,1.2732,1.3332
OQOGIL,Cu,4,4.5100,1.5600,0.6637,0.2201
TOJQOY01,Ni,4,9.1700,6.5800,0.9671,0.8248
TCBZCU,Cu,4,3.0800,0.2400,0.5024,-0.4685
JOFCOZ,Zn,4,4.3200,1.0300,0.6454,0.0531
KEJHAL,Pt,4,7.7700,3.0400,0.8960,0.4969
KUHSEM,Pd,4,3.0100,0.1600,0.4928,-0.5850
IMASEV,Zn,4,2.9100,0.0200,0.4786,-0.9208
DERTUT,Pt,4,9.0800,2.9000,0.9628,0.4771
BOYSEO,Ru,4,1.8200,1.7000,0.2833,0.2553
OBUTUE,Cu,4,15.7600,17.9600,1.2003,1.2567
UJUHEN,Cd,4,2.7200,0.5700,0.4502,-0.1739
TINCAX,Cu,4,3.7100,1.1500,0.5809,0.0969
RIPWIW,Cu,4,5.1700,0.7900,0.7218,-0.0506
FILHUE,Pd,4,2.9000,0.0300,0.4771,-0.8861
BUSJEI,Cu,4,2.9300,1.1300,0.4814,0.0899
NADSOC,Rh,4,9.0700,2.9100,0.9624,0.4786
ACUSAS,Pd,4,2.9300,0.0500,0.4814,-0.8239
PETHUU,Zn,4,4.6900,0.7600,0.6803,-0.0655
DAGBIY,Pd,4,8.7000,3.0200,0.9445,0.4942
KOVDOS,Zn,4,2.8600,0.0000,0.4713,-1.0000
WIJXES01,Pd,4,8.6700,2.8200,0.9430,0.4654
VITJUH,Pd,4,3.2000,0.4000,0.5185,-0.3010
RARYAM,Cu,4,2.5900,1.5100,0.4298,0.2068
HAVPIG,Pt,4,9.6700,3.1500,0.9899,0.5119
DEXPIF,Co,4,10.7800,6.8400,1.0366,0.8414
AXUROD,Cu,4,12.8200,22.7300,1.1113,1.3585
XUSKAZ,Cu,4,2.9200,0.1000,0.4800,-0.6990
GANQIW,Cu,4,5.1600,2.1000,0.7210,0.3424
WUVSAH07,Au,4,2.8900,0.0100,0.4757,-0.9586
KOCYIN,Hg,4,1.9300,1.2400,0.3075,0.1271
CUBPAS,Fe,4,3.2700,0.5800,0.5276,-0.1675
ZIWZEO,Mn,4,2.2800,0.1100,0.3766,-0.6778
ECIGEF,Hg,4,2.1900,0.2300,0.3598,-0.4815
LECNOW,Pt,4,7.9900,3.1700,0.9079,0.5145
OFUPAG,Co,4,24.1900,10.6700,1.3854,1.0322
QUFHEH,Hg,4,2.8300,0.3400,0.4669,-0.3565
RIFXAI,Pd,4,3.2400,0.3600,0.5237,-0.3372
XOQBOV,Pd,4,8.4700,2.9800,0.9330,0.4886
DAWHOZ,Ni,4,3.2800,0.9900,0.5289,0.0374
XAMDAT,Ni,4,2.0800,0.0800,0.3385,-0.7447
TERSOB,Pd,4,3.0900,0.2600,0.5038,-0.4437
NUGPAG,Ir,4,3.2900,0.6800,0.5302,-0.1079
GOHBUA01,Pt,4,8.5100,2.8700,0.9350,0.4728
NEYFEE,Zn,4,1.4500,0.7200,0.1903,-0.0862
NOMXOE,Pt,4,2.9000,0.0200,0.4771,-0.9208
NESJII,Ni,4,9.2000,12.9900,0.9685,1.1169
GONZOC07,Rh,4,3.0000,0.1700,0.4914,-0.5686
YADPIF,Zn,4,3.8800,0.4500,0.5999,-0.2596
BOBSAM,Pd,4,2.8300,0.0200,0.4669,-0.9208
JIVTUD,Zn,4,2.8800,0.0000,0.4742,-1.0000
YOGJOV,Cd,4,2.8500,0.0400,0.4698,-0.8539
QOKPUF,Pd,4,3.3000,0.5300,0.5315,-0.2007
JIWKIJ,Au,4,2.0600,1.2500,0.3345,0.1303
ICIHUX,Ni,4,9.1400,2.9100,0.9657,0.4786
JOYSAV,Rh,4,7.6700,4.0400,0.8904,0.6170
UBOBOC01,Zn,4,2.2500,0.4400,0.3711,-0.2676
CAWZUV01,Rh,4,8.7500,3.1100,0.9469,0.5065
FEYKAV,Ir,4,3.1700,0.4100,0.5145,-0.2924
DEWXUZ,Ni,4,2.9000,0.0200,0.4771,-0.9208
YASBEB,Co,4,3.5400,0.2100,0.5611,-0.5086
MIGJUI,Cu,4,8.2000,2.5900,0.9191,0.4298
TEGKOG,Pd,4,3.1100,0.2700,0.5065,-0.4318
OXAHAY02,Ni,4,3.1000,0.2500,0.5051,-0.4559
VAYHAH,Pt,4,3.2600,0.4700,0.5263,-0.2441
IDAREL,Pt,4,3.3100,0.4000,0.5328,-0.3010
TOGHAA,Rh,4,8.7800,3.0800,0.9484,0.5024
XOJSIB,Pt,4,7.2300,3.0400,0.8651,0.4969
NUDRUZ,Ni,4,3.1000,0.3000,0.5051,-0.3979
ZIDGIF,Zn,4,12.5200,9.6900,1.1011,0.9908
PAJQAS,Pd,4,8.3900,3.3600,0.9289,0.5391
TAHTAC,Fe,4,3.1400,0.3300,0.5105,-0.3665
QUZPAF,Pt,4,3.6700,0.6900,0.5763,-0.1024
XUTRUB,Pt,4,7.9600,2.9600,0.9063,0.4857
IKIYEH,Pd,4,12.8600,12.8600,1.1126,1.1126
RADTUL,Pd,4,7.9500,2.5400,0.9058,0.4216
KUPRAO,Pd,4,3.0600,0.2300,0.4997,-0.4815
COSALP11,Co,4,19.6200,19.6300,1.2949,1.2951
ODAYAU,Ni,4,8.0700,2.9200,0.9122,0.4800
BEGVAN,Zn,4,2.9800,0.0300,0.4886,-0.8861
RUSDAK,Zn,4,9.9900,2.5300,1.0039,0.4200
UJICOH,Pd,4,8.7900,3.0600,0.9489,0.4997
SIDDOC,Pt,4,11.3800,3.5100,1.0599,0.5575
UJOLOX,Pt,4,2.9600,0.0900,0.4857,-0.7212
WENWOB,Rh,4,3.1100,0.4800,0.5065,-0.2366
FEKRES,Zn,4,4.2400,0.7900,0.6375,-0.0506
EGUBIT,Ni,4,7.4400,2.7100,0.8774,0.4487
QARBIY,Pt,4,10.0100,3.2400,1.0048,0.5237
GAWKEY,Ag,4,6.8600,2.0800,0.8426,0.3385
FUZKOA,Mn,4,2.6000,2.3000,0.4314,0.3802
HIXDEZ,Pd,4,9.3400,3.0000,0.9750,0.4914
GUQFUU,Ni,4,4.1200,8.0300,0.6253,0.9101
EMELUE,Cu,4,8.6700,11.4400,0.9430,1.0622
BIRBIP,Cu,4,8.4100,2.8800,0.9299,0.4742
PAZYAQ,Pt,4,3.1300,0.2100,0.5092,-0.5086
COQQAB,Ag,4,8.3300,1.5300,0.9258,0.2122
POLKEK,Zn,4,4.6100,7.3600,0.6730,0.8727
HEDKUX01,Cu,4,2.9300,0.0500,0.4814,-0.8239
YUDXUR,Ir,4,3.1600,0.3500,0.5132,-0.3468
FELQET,Pd,4,8.1200,3.0600,0.9149,0.4997
VEYTEB,Ni,4,8.8200,2.9000,0.9504,0.4771
JELXOQ,Ag,4,5.4700,1.4600,0.7459,0.1931
LIZHOR,Cu,4,1.1200,0.9600,0.0864,0.0253
CERVUS,Pd,4,7.9800,3.4300,0.9074,0.5478
DADGAV,Au,4,2.8800,0.0000,0.4742,-1.0000
NUKYUQ,Pd,4,2.8900,0.0100,0.4757,-0.9586
TOTKOC,Pd,4,9.4300,10.6800,0.9791,1.0326
OFUHIH,Cu,4,4.9600,0.7900,0.7042,-0.0506
TIZHOA,Pt,4,11.8600,13.0500,1.0777,1.1189
LUJMUB,Co,4,2.8900,0.0100,0.4757,-0.9586
KANMIW,Fe,4,2.9800,0.0000,0.4886,-1.0000
SIRSIW,Pd,4,8.9800,3.0600,0.9581,0.4997
QIFBUF,Rh,4,8.9100,3.1800,0.9547,0.5159
AKAPAF,Zn,4,4.5200,0.6200,0.6646,-0.1427
WEZLES,Ni,4,8.0600,10.4500,0.9117,1.0233
YEFJUQ,Co,4,3.0400,0.5900,0.4969,-0.1612
SOGFOL02,Pd,4,8.5800,3.0300,0.9385,0.4955
PALRAW,Ti,4,4.2100,6.3700,0.6345,0.8109
DUSNIQ,Pd,4,8.2800,2.8900,0.9232,0.4757
ZOJLUI,W,4,3.1200,0.1300,0.5079,-0.6383
FESVUY,Pd,4,3.1900,0.4100,0.5172,-0.2924
FEMXEB,Ir,4,9.8400,2.9700,0.9974,0.4871
UDUCII,Ni,4,2.2900,0.1300,0.3784,-0.6383
XUSTAG,Zn,4,2.7600,1.1100,0.4564,0.0828
UXEHAJ,V,4,2.7500,0.5200,0.4548,-0.2076
YIDLOP03,Au,4,9.7300,3.1200,0.9926,0.5079
DOMQAY,Pt,4,8.1800,2.9700,0.9180,0.4871
TUVQUX,Ru,4,5.6700,1.2700,0.7612,0.1367
DIRFET,Cu,4,5.3800,0.7900,0.7388,-0.0506
KIDFUY,Cu,4,2.8900,0.0100,0.4757,-0.9586
YOSTIN,Pd,4,8.6800,3.0300,0.9435,0.4955
MIGTEE01,Ni,4,21.4000,22.3000,1.3324,1.3502
OTANII,Pt,4,2.8800,0.0000,0.4742,-1.0000
JIZQIU,Co,4,4.0800,0.6100,0.6212,-0.1487
NONWES95,Pd,4,8.3000,2.9100,0.9243,0.4786
REPBAS,Pd,4,8.0700,3.0500,0.9122,0.4983
UKAWOU02,Pt,4,3.1500,0.3400,0.5119,-0.3565
VUNMEY,Ni,4,3.1800,0.3800,0.5159,-0.3188
QUNHUE,Zn,4,2.7300,0.0200,0.4518,-0.9208
YICFOI,Cu,4,9.2200,3.1900,0.9694,0.5172
GATLES01,Pd,4,8.2700,2.9200,0.9227,0.4800
KAKCUW,Pd,4,7.6300,3.2800,0.8882,0.5289
OKEQAY,Pd,4,3.1400,0.3000,0.5105,-0.3979
FATLEV,Ni,4,3.2000,0.4100,0.5185,-0.2924
WEGZOB,Pd,4,2.9000,0.0200,0.4771,-0.9208
VUMDUD,Cu,4,1.6100,0.2000,0.2330,-0.5229
OJIMUT,Ni,4,8.8700,9.0200,0.9528,0.9600
BEVJUL,Ni,4,1.0900,0.8100,0.0755,-0.0410
ZOZYOG,Au,4,3.0400,0.1800,0.4969,-0.5528
MAGCIH,Pt,4,3.6900,1.0300,0.5786,0.0531
IMAXAX,Cu,4,2.8600,0.0900,0.4713,-0.7212
BOXPIO,Ni,4,7.9400,2.8900,0.9053,0.4757
RABQAO,Cu,4,2.8800,0.0000,0.4742,-1.0000
JOYWAV,Pd,4,3.4200,0.4700,0.5465,-0.2441
NIDCAR19,Ni,4,8.8900,13.9500,0.9538,1.1477
ASADOQ,Pt,4,2.9600,0.0900,0.4857,-0.7212
MECYEZ,Rh,4,2.9500,0.1200,0.4843,-0.6576
LAHWAS,Pt,4,2.9700,0.0900,0.4871,-0.7212
LEPXIQ,Zn,4,3.4000,0.5500,0.5441,-0.1871
KEFCUV,Pt,4,8.2400,2.9700,0.9212,0.4871
RISZUO,Ni,4,8.6100,2.8800,0.9400,0.4742
DICPPD,Pd,4,3.2000,0.3900,0.5185,-0.3098
IDEPIQ,Pt,4,9.0900,3.2300,0.9633,0.5224
EVOLEG,Pt,4,8.4700,3.1700,0.9330,0.5145
KUXLEW,Pd,4,9.1300,3.4900,0.9652,0.5551
YUQSIO,Pd,4,7.6400,3.1600,0.8887,0.5132
LOHLEB,Cd,4,3.4100,0.4900,0.5453,-0.2291
JUDTOU,Co,4,4.2200,0.1900,0.6355,-0.5376
OZUYUE,Pd,4,5.1000,8.8800,0.7160,0.9533
YEFLEC,Pd,4,3.2900,0.5900,0.5302,-0.1612
XAYJUF,Pd,4,3.2200,0.4700,0.5211,-0.2441
DAMLEK,Zn,4,2.6200,1.1300,0.4346,0.0899
GOSXOB,Co,4,2.6000,0.0600,0.4314,-0.7959
PUPHER,Co,4,3.3900,0.7100,0.5428,-0.0915
HIVHUP,Rh,4,3.1600,0.4100,0.5132,-0.2924
ONINUW,Hg,4,1.5900,1.0300,0.2279,0.0531
REJCUI,V,4,2.4200,0.2500,0.4014,-0.4559
SICNAV,Pd,4,3.0300,0.1900,0.4955,-0.5376
ZUVHUX,Hg,4,5.0400,2.1500,0.7110,0.3522
BUZCEE,Pt,4,8.7500,3.6900,0.9469,0.5786
SEWYUQ,Au,4,8.3900,2.9200,0.9289,0.4800
XULXAH,Pt,4,9.3200,3.5600,0.9741,0.5635
CEMKIP,Pd,4,2.8800,0.0000,0.4742,-1.0000
LEQRIJ,Hg,4,7.1400,2.3700,0.8597,0.3927
SALZUD,Pt,4,10.5900,3.1900,1.0290,0.5172
OKORIP,Cu,4,8.5600,2.8800,0.9375,0.4742
EWOXIY,Pt,4,8.4800,2.8900,0.9335,0.4757
SOMRAP,W,4,3.1700,2.2100,0.5145,0.3636
UGICUM,Ni,4,2.8800,0.0000,0.4742,-1.0000
YUVDOL,Cu,4,4.3600,1.5700,0.6493,0.2227
GECFOL,Ni,4,14.0500,20.7700,1.1508,1.3195
GUQWOE,Pd,4,2.9200,0.0700,0.4800,-0.7696
HAYPII,Fe,4,2.7300,0.0100,0.4518,-0.9586
YIGKEE,Pt,4,3.0300,0.1800,0.4955,-0.5528
IXUFOY,Zn,4,2.7000,0.5900,0.4472,-0.1612
BAXYOQ,Pd,4,8.7400,3.0400,0.9465,0.4969
QEYJOW,Pd,4,9.8400,3.2500,0.9974,0.5250
BUBZUW,Zn,4,2.9500,0.0800,0.4843,-0.7447
NACDEB,Pt,4,8.6100,2.8800,0.9400,0.4742
HARTAZ,Zn,4,3.7500,0.9400,0.5855,0.0170
KAFFED,Cd,4,5.8800,0.5500,0.7767,-0.1871
YILDON,Pd,4,7.7600,3.0000,0.8954,0.4914
QOFTEL,Pd,4,10.4200,3.4600,1.0220,0.5514
SAFKAN,Zn,4,3.3600,0.0700,0.5391,-0.7696
OFIWEJ,Cu,4,1.8400,0.1400,0.2878,-0.6198
WUKQEZ,Pt,4,3.1200,0.2900,0.5079,-0.4089
EKERUH,Cu,4,9.1100,2.9300,0.9643,0.4814
BALCIC,Cu,4,3.7900,1.1600,0.5899,0.1004
YOMNUK,Pd,4,3.0100,0.1600,0.4928,-0.5850
NIDCAR21,Ni,4,8.8500,14.0100,0.9518,1.1495
RIDVEJ,Y,4,3.4100,0.4100,0.5453,-0.2924
VETTOG,Pd,4,8.0500,3.1800,0.9112,0.5159
QAGGOV,Cu,4,15.3600,19.0700,1.1892,1.2826
GEVJID,Cd,4,3.0300,0.8200,0.4955,-0.0362
YIKWAS,Cu,4,3.3400,0.5600,0.5366,-0.1805
VAMBUK,Fe,4,2.1700,1.7200,0.3560,0.2601
ZABNOJ,Pt,4,8.1200,2.9100,0.9149,0.4786
MOGHOF,Cu,4,3.0400,0.1800,0.4969,-0.5528
MIJHUJ,Ni,4,9.0000,2.9100,0.9590,0.4786
FUHSEI,Cu,4,2.9800,0.1300,0.4886,-0.6383
JERYUE,Pd,4,13.0400,9.2100,1.1186,0.9689
ZEJHAB,Rh,4,2.9900,0.1400,0.4900,-0.6198
KEYZUK,Hg,4,2.4000,0.0400,0.3979,-0.8539
AZEWIO,Zn,4,8.0500,10.6500,0.9112,1.0314
YOXVAI02,Re,4,2.9800,0.0600,0.4886,-0.7959
BOYVEU,Au,4,10.1500,3.2100,1.0107,0.5198
FUFZIQ,Pd,4,2.9600,0.0700,0.4857,-0.7696
UKEDET,Cu,4,9.3400,14.8200,0.9750,1.1738
HOKVAG,Cu,4,2.7500,0.0300,0.4548,-0.8861
HUPHOQ,Pt,4,8.6700,2.9400,0.9430,0.4829
XEGLUR,Fe,4,2.8600,0.0000,0.4713,-1.0000
IBUDAO,Pt,4,2.9200,0.0300,0.4800,-0.8861
HICXEY,Pd,4,3.2300,0.4300,0.5224,-0.2757
JUBZIP,Ni,4,3.2200,0.4000,0.5211,-0.3010
XIBJOL,Mn,4,6.3600,1.4200,0.8102,0.1818
ORAMOK,Cr,4,2.5600,0.0900,0.4249,-0.7212
SENMED01,Ni,4,8.3700,9.1100,0.9279,0.9643
ARUGEA,Cu,4,5.3600,1.6900,0.7372,0.2529
AGUFIT,Pd,4,8.2700,2.9300,0.9227,0.4814
QUTMEA,Zn,4,4.9100,0.8400,0.6998,-0.0269
ZULREH,Pt,4,8.9300,2.9100,0.9557,0.4786
XIHRAI,Ag,4,4.3200,0.5200,0.6454,-0.2076
GAXXUB,Fe,4,2.2100,0.3000,0.3636,-0.3979
VIYLAS01,Ni,4,2.9000,0.0200,0.4771,-0.9208
AGICUP,Pd,4,8.8300,3.0000,0.9509,0.4914
HUXZUV01,Fe,4,4.9400,0.8800,0.7024,-0.0088
JACCEY,Pd,4,10.3200,3.4700,1.0179,0.5527
VUKZIO,Ni,4,11.6300,7.5800,1.0693,0.8854
LARMEY,Ni,4,9.0700,21.9100,0.9624,1.3426
XANWUF,Pt,4,9.9600,3.0600,1.0026,0.4997
KAKCIK,Pd,4,8.5900,3.1400,0.9390,0.5105
PEBQET,Cu,4,11.4400,7.8000,1.0622,0.8976
NISHOP,Pt,4,9.7600,3.1600,0.9939,0.5132
MOBBOV,Pd,4,8.9900,3.1000,0.9586,0.5051
YAVJOX,Ni,4,3.0400,0.2100,0.4969,-0.5086
YOXVAI,Re,4,2.9700,0.0900,0.4871,-0.7212
HPHEPW01,W,4,5.8300,1.0900,0.7731,0.0755
QOSBIL02,Pd,4,8.0300,2.9700,0.9101,0.4871
LADZIA,Pd,4,2.8900,0.1700,0.4757,-0.5686
SIWWUU,Cu,4,2.8000,0.0100,0.4624,-0.9586
WIBSIJ,Cu,4,5.4900,0.9400,0.7474,0.0170
OFOQIK,Pt,4,2.9400,0.1300,0.4829,-0.6383
UZOGOH,Pt,4,8.2100,3.0000,0.9196,0.4914
DIXXEN,Pd,4,3.0500,0.2100,0.4983,-0.5086
AFUBAF,Pt,4,3.1000,0.1900,0.5051,-0.5376
SEHHIX18,Co,4,3.0000,0.1500,0.4914,-0.6021
NIJCEP,Pt,4,9.4100,3.1700,0.9782,0.5145
TURDAL,Pd,4,3.0100,0.1600,0.4928,-0.5850
XEGKUQ,Ag,4,3.0700,0.4600,0.5011,-0.2518
VERYOG,Pd,4,9.1800,3.3200,0.9675,0.5340
VUNZAH,Au,4,8.5600,2.8800,0.9375,0.4742
KEMZEJ,Cu,4,0.9200,0.6800,0.0086,-0.1079
KUNBAZ,Cu,4,3.8400,1.3700,0.5955,0.1673
ZIWDAN,Ni,4,2.8900,0.0100,0.4757,-0.9586
RAXDUR01,Pt,4,3.5500,0.8200,0.5623,-0.0362
CEFBIA,Cu,4,7.6800,2.1600,0.8910,0.3541
MAWGAS,Pt,4,8.1600,3.1200,0.9170,0.5079
KANYUV,Ni,4,9.0500,14.5900,0.9614,1.1670
XAGTAD,Ni,4,2.8800,0.0000,0.4742,-1.0000
LUFNUX,Pt,4,8.6600,3.0300,0.9425,0.4955
KAQGUH,Zn,4,1.3000,0.5600,0.1461,-0.1805
JIJXIM,Fe,4,2.6000,0.3300,0.4314,-0.3665
XEZXUX,Pt,4,11.1700,3.4200,1.0519,0.5465
KUPGIM,Pt,4,8.9000,3.2000,0.9542,0.5185
GOVCAZ,Cu,4,2.9300,0.0600,0.4814,-0.7959
FEVFUI01,Cu,4,8.2100,3.3300,0.9196,0.5353
SIGBAP,Ni,4,6.5200,7.8700,0.8209,0.9015
IPEZOS01,Cu,4,2.9200,0.0400,0.4800,-0.8539
CABNIF,Cu,4,8.8000,2.7500,0.9494,0.4548
VISNER,Ag,4,4.9100,1.8600,0.6998,0.2923
OLAXUU,Co,4,2.8600,0.2000,0.4713,-0.5229
YIYXEK,Zn,4,3.5100,0.5700,0.5575,-0.1739
FAFBAS04,Rh,4,2.9700,0.1100,0.4871,-0.6778
AXOHAY,Cu,4,5.7700,7.5800,0.7686,0.8854
YIQGAI,Ni,4,15.7200,14.7300,1.1992,1.1711
KOZLOE,Pd,4,2.9200,0.0400,0.4800,-0.8539
JEWTEL,Fe,4,4.5300,0.9200,0.6656,0.0086
PAHZIL,Rh,4,3.2200,0.3600,0.5211,-0.3372
OLIWAJ,Cu,4,3.2600,0.5700,0.5263,-0.1739
NULQIV,Co,4,2.8300,0.0100,0.4669,-0.9586
BEJWIZ,Pd,4,3.0200,0.1800,0.4942,-0.5528
UXODOD,Pt,4,8.5500,3.0400,0.9370,0.4969
UKAWOU03,Pt,4,3.1400,0.3300,0.5105,-0.3665
GUCDIV,Pt,4,8.8400,2.8900,0.9513,0.4757
MIDNIW,Pd,4,7.3600,3.2400,0.8727,0.5237
HUSDEH,Ni,4,6.8900,1.2100,0.8445,0.1173
TAFRAU,Pt,4,9.6700,3.0000,0.9899,0.4914
WUWBAT,Pt,4,3.1300,0.3200,0.5092,-0.3768
RACJIR,Ni,4,3.4600,0.7400,0.5514,-0.0757
MUSXOO,Cu,4,2.7400,0.0400,0.4533,-0.8539
YILHOU,Zn,4,2.3500,0.0300,0.3892,-0.8861
KUWMUO,Cu,4,4.3300,0.4200,0.6464,-0.2840
ZEGVAK,Pt,4,8.5800,2.9300,0.9385,0.4814
TUBTUJ,Zn,4,3.4900,0.2800,0.5551,-0.4202
GINSEF,Pt,4,9.8900,3.3900,0.9996,0.5428
KOPSOZ,Pt,4,7.8200,3.0000,0.8987,0.4914
DEZJEA,Pt,4,8.8700,2.9300,0.9528,0.4814
QUDTNI,Ni,4,2.9000,0.0200,0.4771,-0.9208
ENUGAW01,Cu,4,3.0000,0.4200,0.4914,-0.2840
XIJGOO,Fe,4,2.9400,0.0600,0.4829,-0.7959
TUFGEH,Co,4,3.3100,0.0900,0.5328,-0.7212
GIXHAW,Ag,4,5.3400,1.5400,0.7356,0.2148
MASRED,Zn,4,8.2000,7.9500,0.9191,0.9058
DAMLIO,Zn,4,3.0300,0.9800,0.4955,0.0334
HURVOF,Cu,4,8.6600,2.8800,0.9425,0.4742
ZUZWID,Pd,4,8.1800,2.9700,0.9180,0.4871
HUWWAZ,Zn,4,3.5300,0.1800,0.5599,-0.5528
LAXHAW,Ni,4,2.8800,0.0000,0.4742,-1.0000
PANNEY,Cu,4,2.9100,0.0300,0.4786,-0.8861
MADZIC,Pt,4,2.8900,0.0100,0.4757,-0.9586
NIBQOI01,Zn,4,5.2100,1.0800,0.7251,0.0719
JIFYIJ,Rh,4,8.9800,2.9800,0.9581,0.4886
VAGNOH,Pd,4,8.5800,3.1100,0.9385,0.5065
KOQTUH,Ni,4,9.2400,15.3500,0.9703,1.1889
QOCZEN,Pt,4,8.7600,3.0300,0.9474,0.4955
EDUPEZ,Zn,4,1.2600,0.6000,0.1335,-0.1549
QUCGUR,Zn,4,4.8600,1.3300,0.6955,0.1553
BUPMOQ,Pd,4,3.2600,0.6500,0.5263,-0.1249
WUHCUY,Pd,4,8.7100,3.1000,0.9450,0.5051
UYESEY,Cu,4,2.1100,0.3800,0.3444,-0.3188
UTEMOX,Ni,4,8.4400,3.6200,0.9315,0.5705
ZOSYEP,Pt,4,2.9300,0.0400,0.4814,-0.8539
CIKXIE01,Pt,4,8.7100,2.8900,0.9450,0.4757
ZEPTEV,Pt,4,2.9300,0.0400,0.4814,-0.8539
GUXNOE,Ni,4,3.2200,0.4300,0.5211,-0.2757
RUJXEA,Zn,4,3.3300,0.1900,0.5353,-0.5376
EGIDAZ11,Cu,4,1.4000,0.6800,0.1761,-0.1079
NONPAI,Ni,4,9.1100,8.3500,0.9643,0.9269
SUKGEN,Ni,4,3.2800,0.5100,0.5289,-0.2147
YENPIR,Co,4,2.0200,0.3100,0.3263,-0.3872
OWERAM,Pt,4,7.8600,3.2600,0.9009,0.5263
BUQGIH,Co,4,2.4500,0.9200,0.4065,0.0086
FEXBEQ02,Cu,4,6.3200,2.0900,0.8075,0.3404
EYESEH,Cd,4,3.7900,0.6300,0.5899,-0.1367
HAXGOE03,Cr,4,3.4300,0.5700,0.5478,-0.1739
MIBZUW,Rh,4,9.6900,3.0000,0.9908,0.4914
OQITEQ,Cu,4,3.2900,0.5200,0.5302,-0.2076
UHACEL,Hg,4,6.4100,2.3300,0.8136,0.3856
QIDBOU,Cu,4,4.7800,1.6800,0.6884,0.2504
FAQZIJ,Cu,4,2.9400,0.0700,0.4829,-0.7696
LILVOS,Ni,4,15.1000,10.3400,1.1818,1.0187
GIKHIV,Pt,4,2.9600,0.1100,0.4857,-0.6778
COYBOI01,Pd,4,8.9500,3.1100,0.9566,0.5065
REXFIJ,Ni,4,3.3600,0.5500,0.5391,-0.1871
MAJTID,Cu,4,2.1100,0.0900,0.3444,-0.7212
WOQPIB,Pd,4,2.8800,0.0000,0.4742,-1.0000
GERBUE,Cu,4,2.5800,0.0400,0.4281,-0.8539
XUYWET,Pt,4,8.4500,3.3000,0.9320,0.5315
WUHJIW,Pt,4,7.7700,3.1700,0.8960,0.5145
CAHBIW,Pt,4,8.0600,3.0800,0.9117,0.5024
ADEMII,Fe,4,3.0900,0.6600,0.5038,-0.1192
YIZFIA,Cu,4,7.5500,11.3900,0.8837,1.0603
KACWIV,Fe,4,9.7200,2.5100,0.9921,0.4166
HIMQIF,Co,4,2.9800,0.0900,0.4886,-0.7212
GAFQEM,Au,4,8.4800,2.8800,0.9335,0.4742
UNIDAX,Ag,4,0.9700,0.8000,0.0294,-0.0458
FOMHUK10,Rh,4,3.1900,0.4300,0.5172,-0.2757
RIJDAR,Pd,4,8.8500,3.1700,0.9518,0.5145
DAGNEE02,Cu,4,9.5900,7.7800,0.9863,0.8965
EQADUW,Pt,4,8.8200,2.9000,0.9504,0.4771
XUYGOQ,Zn,4,2.6500,0.1700,0.4393,-0.5686
POBYAG,Cu,4,8.8400,2.9200,0.9513,0.4800
WUDPIW,Cu,4,15.8200,20.0900,1.2019,1.3051
PIDZUB,Pd,4,3.4600,0.7700,0.5514,-0.0605
XIKZUQ,Ni,4,11.8600,21.6500,1.0777,1.3375
PICDEK,V,4,3.0400,0.0900,0.4969,-0.7212
RAHLEU,Cd,4,3.2700,0.1200,0.5276,-0.6576
NOPHAC,Pt,4,3.1000,0.2500,0.5051,-0.4559
ADEKOJ,Cu,4,8.2800,2.6800,0.9232,0.4440
BERBUY,Hg,4,1.4600,0.3100,0.1931,-0.3872
TABPIV02,Fe,4,2.7600,0.0000,0.4564,-1.0000
HATNAR01,Cu,4,8.6000,2.8800,0.9395,0.4742
NIEPZF,Ni,4,1.3800,1.3800,0.1703,0.1703
ALESEQ,Ni,4,3.1700,0.2500,0.5145,-0.4559
LOPROX,Pt,4,5.1100,2.3200,0.7168,0.3838
SUPROK,Rh,4,8.9200,3.0800,0.9552,0.5024
GUFVIP,Pt,4,8.4300,2.9200,0.9309,0.4800
APUTOW,Pt,4,3.5600,0.8200,0.5635,-0.0362
ACUWUQ08,Pt,4,8.5700,3.0000,0.9380,0.4914
WITCAG,Pt,4,8.7600,2.8900,0.9474,0.4757
IXEHUP,Au,4,8.6200,2.9900,0.9405,0.4900
ICIHUX01,Ni,4,8.0700,2.9100,0.9122,0.4786
MIJMOI,Rh,4,8.7500,3.1300,0.9469,0.5092
LEVDIA,Co,4,2.8800,0.0000,0.4742,-1.0000
EPOLOL,Pd,4,8.3600,16.6300,0.9274,1.2235
DIZLEF01,Pt,4,3.5700,0.8300,0.5647,-0.0315
NOPYEW,Pd,4,2.8800,0.0000,0.4742,-1.0000
RUZBIB,Cr,4,7.0000,3.1700,0.8513,0.5145
VATZIA,Cu,4,8.1600,3.2600,0.9170,0.5263
LATFES,Cu,4,9.0600,2.9100,0.9619,0.4786
FUYREZ,Rh,4,2.9900,0.1000,0.4900,-0.6990
CEKFED,Pt,4,2.9800,0.0900,0.4886,-0.7212
YEBRIH,Pt,4,8.6700,2.8900,0.9430,0.4757
KUMCIH,Zn,4,4.6900,0.9200,0.6803,0.0086
KIYGEH01,Cu,4,3.0000,0.1600,0.4914,-0.5850
QEWGOQ,Pd,4,3.0500,0.2100,0.4983,-0.5086
SIVJUD,Fe,4,3.0400,0.0000,0.4969,-1.0000
VIDVUA,Ni,4,12.0300,13.8100,1.0839,1.1433
SOMHAH,Au,4,2.8900,0.0100,0.4757,-0.9586
MECSIZ,Rh,4,11.1400,3.4600,1.0508,0.5514
POBROR,Pt,4,3.5500,0.8100,0.5623,-0.0410
ETUVAQ,Zn,4,4.2800,0.9200,0.6415,0.0086
MICJIU,Pd,4,9.7000,3.1600,0.9912,0.5132
RIMDEA,Au,4,8.8600,3.1700,0.9523,0.5145
MUXZIR,Co,4,2.3300,0.4000,0.3856,-0.3010
GOVGAB,Pt,4,2.9300,0.0600,0.4814,-0.7959
FUNROW,Pd,4,2.9900,0.1300,0.4900,-0.6383
XEWMIZ,Pt,4,13.5500,5.2000,1.1351,0.7243
ARAROA,Zn,4,9.7400,16.5300,0.9930,1.2209
IDOSAX,Pd,4,8.9900,3.0600,0.9586,0.4997
IBAVIU,Ag,4,7.4700,5.5500,0.8791,0.7520
EROROU,Pt,4,8.4900,3.0000,0.9340,0.4914
HITHAW,Sc,4,2.1600,0.1100,0.3541,-0.6778
XOBKAB,Rh,4,8.9800,3.1200,0.9581,0.5079
VAYDAB,Ni,4,8.4600,2.7800,0.9325,0.4594
SADTAV,Cu,4,2.8900,0.0100,0.4757,-0.9586
GAGNEI,Pt,4,8.1600,3.0000,0.9170,0.4914
XUFYED,Hg,4,3.2600,3.2400,0.5263,0.5237
NEHGOX,Pt,4,9.6700,3.1500,0.9899,0.5119
BEQFIO,Pd,4,2.9700,0.1400,0.4871,-0.6198
NIMYAK,Pd,4,9.7300,3.1800,0.9926,0.5159
XAFFEP,Ag,4,6.4700,3.3200,0.8176,0.5340
JAWYUC,Pd,4,9.1900,3.4600,0.9680,0.5514
TAFXIM,Ni,4,3.1300,0.2800,0.5092,-0.4202
WEZQEX,Pd,4,8.9700,3.0300,0.9576,0.4955
BOSFIB,Pd,4,3.4600,0.7600,0.5514,-0.0655
XUCXAW,Pt,4,8.9400,3.2000,0.9562,0.5185
BOPSAD,Pd,4,2.8900,0.0100,0.4757,-0.9586
DOZYAT,Cu,4,9.5600,7.5500,0.9850,0.8837
ARITAZ,Zn,4,2.1500,0.4100,0.3522,-0.2924
BOQRIL,W,4,3.1400,0.1300,0.5105,-0.6383
ECOJOW,Cu,4,19.7000,15.6100,1.2967,1.1962
XILLOU,Pt,4,8.5300,2.8200,0.9360,0.4654
PUZVUD,Pd,4,3.5500,0.9100,0.5623,0.0043
NOHWIT,Cu,4,2.9100,0.0400,0.4786,-0.8539
ZAVROG,Pt,4,7.9400,3.1500,0.9053,0.5119
TIDBAK,Pt,4,8.1100,2.9100,0.9143,0.4786
JADHOO,Pd,4,3.2900,0.5000,0.5302,-0.2218
QUWFIY,Zn,4,2.0000,0.1000,0.3222,-0.6990
FIKCUY,Pd,4,3.0300,0.1900,0.4955,-0.5376
HEXJUR,Pd,4,8.7800,3.3100,0.9484,0.5328
WOMROI,Pd,4,3.1400,0.3200,0.5105,-0.3768
AGUZOR01,Ni,4,9.0200,2.9100,0.9600,0.4786
KUYYAG,Pd,4,3.1000,0.2700,0.5051,-0.4318
PAQLAV01,Cu,4,6.6400,1.5800,0.8287,0.2253
DIRFAP,Cu,4,5.4100,0.8500,0.7412,-0.0223
SIVMAN,Cu,4,4.0800,1.5300,0.6212,0.2122
JUJGUQ,Pd,4,8.7300,2.8800,0.9460,0.4742
WEYGIS,Pd,4,3.2300,0.4400,0.5224,-0.2676
VOXZOZ,Pd,4,3.0600,0.2900,0.4997,-0.4089
EYECOB,Zn,4,3.3200,0.0300,0.5340,-0.8861
PAJTUP,Pt,4,2.9300,0.0600,0.4814,-0.7959
DOKGET,Cu,4,3.0600,0.2300,0.4997,-0.4815
SEHVAC,Zn,4,3.2500,0.6100,0.5250,-0.1487
WEFFAO,Ni,4,2.9400,0.0600,0.4829,-0.7959
EDULUN,Pd,4,9.9900,3.0500,1.0039,0.4983
KENNOH,Pd,4,2.9800,0.1500,0.4886,-0.6021
EBARUW,Pd,4,9.4200,3.1600,0.9786,0.5132
DOQMEC,Pd,4,2.7500,0.3600,0.4548,-0.3372
ROVYUY,Cu,4,6.2200,1.3700,0.8007,0.1673
HAPKEO,Pd,4,3.0800,0.2800,0.5024,-0.4202
YUVPIQ,Zn,4,11.6700,11.4500,1.0708,1.0626
HAVREC,Ni,4,2.9000,0.0200,0.4771,-0.9208
JIVNAD,Zn,4,2.8800,0.0000,0.4742,-1.0000
SOHSUF,Pd,4,8.8900,7.2700,0.9538,0.8675
HECVOC,Cu,4,8.0900,13.1500,0.9133,1.1222
MURBEH,Pd,4,14.6200,13.8100,1.1679,1.1433
ORIGIG,Cu,4,13.2600,20.8300,1.1258,1.3208
KOYPUL,Cu,4,1.7400,0.1600,0.2648,-0.5850
FOSWOA,Pt,4,9.2900,3.0100,0.9727,0.4928
BEXMUP,Pd,4,13.8400,13.5000,1.1443,1.1335
TIGXOY,Zn,4,2.2500,0.0600,0.3711,-0.7959
ROLXAS,Ni,4,12.0400,16.9200,1.0842,1.2310
HIGZOM,Pd,4,8.0100,3.0300,0.9090,0.4955
RASWIT,Pd,4,2.9300,0.0400,0.4814,-0.8539
LUZPII,Pd,4,8.5400,2.9300,0.9365,0.4814
IJOSUY,Au,4,8.0500,3.2100,0.9112,0.5198
ACAPIH,Cu,4,2.5200,1.3800,0.4183,0.1703
AKILAJ,Ni,4,8.4700,2.8200,0.9330,0.4654
DALKAE,Ni,4,5.4200,0.4700,0.7419,-0.2441
DUKPEF,Pt,4,9.0000,8.8500,0.9590,0.9518
ULURUP,Pd,4,9.2400,3.1300,0.9703,0.5092
ROBXEM,Co,4,3.0200,0.0200,0.4942,-0.9208
FEQSEC,Pd,4,8.6400,3.0500,0.9415,0.4983
DAQWOH,Pd,4,3.4600,0.6700,0.5514,-0.1135
SEJLID,Ni,4,8.8800,10.4200,0.9533,1.0220
COBBUT,Co,4,10.9900,7.0300,1.0449,0.8531
DIRTII,Pt,4,3.1200,0.3000,0.5079,-0.3979
JAXJAT,Ni,4,8.1000,3.0400,0.9138,0.4969
XAVVEW,Ni,4,2.4500,0.0500,0.4065,-0.8239
IGOVOP,Pd,4,3.0900,0.2500,0.5038,-0.4559
XOVNIG,Pd,4,2.9200,0.0400,0.4800,-0.8539
KUCBIV,Re,4,2.8900,0.0000,0.4757,-1.0000
JIZNEM,Ni,4,8.0800,3.1400,0.9128,0.5105
ZASYUQ,Cu,4,4.5700,0.6900,0.6693,-0.1024
BQDXPT03,Pt,4,9.3800,9.6800,0.9768,0.9903
DIJMUH,Ni,4,3.0700,0.2500,0.5011,-0.4559
GEHSUL,Co,4,3.4500,0.3100,0.5502,-0.3872
BEXQIH,Pd,4,9.7300,12.5500,0.9926,1.1021
KIWQAK,Pt,4,8.7000,3.0700,0.9445,0.5011
NABYAQ,Pd,4,7.7900,3.0500,0.8971,0.4983
LEXDIC,Pd,4,8.9500,3.0300,0.9566,0.4955
PELPOP,Pd,4,3.3800,0.6000,0.5416,-0.1549
ECOPAN,Fe,4,2.5900,0.0100,0.4298,-0.9586
DEMSOG,Pd,4,9.3600,3.0300,0.9759,0.4955
BOHJEN,Pt,4,8.5700,2.9100,0.9380,0.4786
ZOVDEV01,Ni,4,3.5900,0.9000,0.5670,0.0000
EZEQIJ,Pd,4,9.3300,3.3300,0.9745,0.5353
XEGFIZ,Ni,4,11.9100,17.9000,1.0795,1.2553
YIKFOP,Pt,4,3.3300,0.6500,0.5353,-0.1249
LUSWEF,Cr,4,3.7500,0.9700,0.5855,0.0294
MUMWAS,Co,4,12.2900,8.5500,1.0931,0.9370
POXSUR,Pd,4,2.9600,0.1000,0.4857,-0.6990
WETKOX,Pt,4,2.9000,0.0200,0.4771,-0.9208
JOWXIF,Pd,4,9.4400,2.9700,0.9795,0.4871
DECZAN,Pt,4,8.2200,2.9300,0.9201,0.4814
NIDCAR43,Ni,4,8.8700,21.6200,0.9528,1.3369
MICJEQ,Pd,4,9.6100,3.1900,0.9872,0.5172
GIWLEE,Co,4,3.0600,0.0100,0.4997,-0.9586
EBAGEU,Cu,4,3.9300,0.9000,0.6053,0.0000
YUTXAQ,Cu,4,6.1100,1.3800,0.7931,0.1703
OHOPOR,Pt,4,3.0000,0.1500,0.4914,-0.6021
QEYZEZ,Ni,4,7.5500,5.6200,0.8837,0.7574
JUSJUF01,Cu,4,6.5500,1.7500,0.8228,0.2672
NOYKUJ,Rh,4,8.0500,3.0300,0.9112,0.4955
RAKWAE,Ru,4,3.0200,1.5900,0.4942,0.2279
PASVUB,Pt,4,2.9000,0.0100,0.4771,-0.9586
FUXGUE,Pt,4,9.9100,3.3100,1.0004,0.5328
DUXHIN,Co,4,16.5000,6.4800,1.2201,0.8182
ETACEK,Ni,4,9.2400,2.9300,0.9703,0.4814
CAMFIF,Pd,4,3.3400,0.5700,0.5366,-0.1739
FOQNOP,Fe,4,2.8800,0.0000,0.4742,-1.0000
DODSAS,Pt,4,7.9000,3.0100,0.9031,0.4928
OZASAM,Co,4,4.2400,1.5200,0.6375,0.2095
VECPIE,Pt,4,15.8600,19.3500,1.2030,1.2889
REBLUH,Cu,4,3.0600,1.1100,0.4997,0.0828
UGODAW,Ni,4,10.9500,11.1900,1.0434,1.0527
YABXIK,Co,4,7.3400,15.4300,0.8716,1.1912
GIQGUK,Pd,4,7.7700,3.1800,0.8960,0.5159
WABGUE07,Pd,4,2.9300,0.1000,0.4814,-0.6990
NOGSOU,Os,4,5.1500,3.5900,0.7202,0.5670
MUTQOI,Zn,4,5.6900,1.6400,0.7627,0.2405
WABHAK,Cu,4,2.9600,0.0700,0.4857,-0.7696
BACHIX01,Cu,4,4.8500,0.7100,0.6946,-0.0915
ERAGUB,Pt,4,9.0900,2.9100,0.9633,0.4786
RECTIC,Pd,4,2.9700,0.1100,0.4871,-0.6778
REYYEZ,Rh,4,8.7800,3.0800,0.9484,0.5024
DUWMER,Ni,4,8.0800,2.8600,0.9128,0.4713
OTIYOH03,Pd,4,2.8800,0.0000,0.4742,-1.0000
PULCOO,Pd,4,2.8900,0.0100,0.4757,-0.9586
BOHKIW,Ni,4,2.6100,0.1600,0.4330,-0.5850
XUNZAK07,Cu,4,0.7900,0.6800,-0.0506,-0.1079
JIMCIS,Ni,4,2.9000,0.0200,0.4771,-0.9208
LIBNAO,Cu,4,3.2400,0.4600,0.5237,-0.2518
YAZQEW,Pd,4,9.3100,3.6100,0.9736,0.5694
SONXOM,Ni,4,3.1100,0.3900,0.5065,-0.3098
XOYMIL,Pt,4,7.7200,3.2000,0.8932,0.5185
UCONAD,Pd,4,3.0800,0.2400,0.5024,-0.4685
HUYYAD,Cu,4,3.7700,1.2900,0.5877,0.1430
MEDXEA,Cu,4,3.6100,1.2500,0.5694,0.1303
SINSOX05,Zn,4,3.2000,0.0100,0.5185,-0.9586
SOHSIT,Pd,4,9.0600,11.6700,0.9619,1.0708
WEGYOZ,Zn,4,3.5400,0.6300,0.5611,-0.1367
DENJUF,Pd,4,3.3600,0.6000,0.5391,-0.1549
PIXLOB,Pd,4,9.4000,12.3500,0.9777,1.0952
IXALUP,Pt,4,2.1000,0.5100,0.3424,-0.2147
RAXXIX,Pd,4,9.4800,13.1300,0.9814,1.1216
MIPQEJ,Ni,4,3.5900,1.5700,0.5670,0.2227
XAKGAR,Rh,4,5.8900,2.6500,0.7774,0.4393
NOVLAO,Zn,4,3.3000,0.4800,0.5315,-0.2366
FENZEH,Pt,4,3.1300,0.3200,0.5092,-0.3768
TUCJIN,Co,4,2.7700,0.0300,0.4579,-0.8861
WAJJEX,Cu,4,4.7100,1.7900,0.6821,0.2765
XUDLIS,Cu,4,5.6100,1.2700,0.7566,0.1367
AJIVEX,Pd,4,7.9000,3.1700,0.9031,0.5145
XARLAE,Pd,4,8.7300,2.9900,0.9460,0.4900
FOCSIA,Pt,4,7.6300,3.4700,0.8882,0.5527
SAHDUA,Pt,4,2.8800,0.0000,0.4742,-1.0000
QOYGUI,Ru,4,2.2800,1.2300,0.3766,0.1239
ROKHAC,Fe,4,4.6800,1.5500,0.6794,0.2175
FURREP,Pt,4,9.1300,3.0600,0.9652,0.4997
CMEPDA,Pd,4,8.7700,2.9200,0.9479,0.4800
RITCUW,Co,4,3.1500,0.4700,0.5119,-0.2441
LOGRUY,Ni,4,3.2500,1.2100,0.5250,0.1173
IPOQIP,Pd,4,8.2800,2.9100,0.9232,0.4786
MABRAK,Cu,4,7.8500,1.4300,0.9004,0.1847
ZETSUO,Pd,4,9.7800,3.2000,0.9948,0.5185
BUBFAG,Rh,4,3.1600,0.5500,0.5132,-0.1871
SAMHUK,Ni,4,7.8500,13.8800,0.9004,1.1455
HUSXEA,Pt,4,7.2500,3.3000,0.8663,0.5315
TIRKUD,Pt,4,3.3600,0.4900,0.5391,-0.2291
YEJMUW,Pd,4,9.0500,3.3200,0.9614,0.5340
NOBJIY,Ag,4,2.6200,0.0600,0.4346,-0.7959
OKOHAX,Pd,4,8.7500,3.0300,0.9469,0.4955
IKENAO,Pd,4,3.3000,0.4300,0.5315,-0.2757
CORSAG,Fe,4,2.4900,1.3600,0.4133,0.1644
QIJTAH,Co,4,1.4900,0.6200,0.2014,-0.1427
PUYVUC,Au,4,8.6300,2.8800,0.9410,0.4742
UKUXEE,Zn,4,1.7700,0.4900,0.2718,-0.2291
QANFEQ,Cu,4,7.5900,9.7500,0.8859,0.9934
DAGMUV01,Zn,4,9.0000,9.7300,0.9590,0.9926
RUBMUA,Cu,4,5.3200,1.8000,0.7340,0.2788
QAKJER,Ni,4,8.7800,2.8900,0.9484,0.4757
LIKBIS,Zn,4,0.8800,0.7400,-0.0088,-0.0757
EFUKEV,Cu,4,3.4700,1.1000,0.5527,0.0792
XIBSAE01,Cu,4,3.2900,0.5100,0.5302,-0.2147
APUDIA,Zn,4,1.9900,0.5600,0.3201,-0.1805
DIYVEQ01,Zn,4,5.5300,1.3600,0.7505,0.1644
OKOWOC02,Cd,4,2.9500,0.0100,0.4843,-0.9586
OVOHEO,Co,4,2.1700,1.9200,0.3560,0.3054
BELGOQ,Zn,4,12.5400,15.7600,1.1017,1.2003
TOWZUD,Pt,4,3.6900,1.0200,0.5786,0.0492
TIKTAM,Ni,4,8.1900,2.8700,0.9186,0.4728
ABAMIA,Pt,4,2.9100,0.0400,0.4786,-0.8539
DAVDEM,Pt,4,3.3000,0.5400,0.5315,-0.1938
VOPMET,Pt,4,3.0700,0.2400,0.5011,-0.4685
WELCOG,Pt,4,2.9500,0.0900,0.4843,-0.7212
WUTHOJ01,Cu,4,1.0100,0.4900,0.0453,-0.2291
LAMXON,Mo,4,3.3400,0.3900,0.5366,-0.3098
SATLAC,Zn,4,1.0100,5.2500,0.0453,0.7284
TUTLUR,Hg,4,9.3700,3.8700,0.9763,0.5988
HIDPUJ,Pd,4,10.9200,3.3600,1.0422,0.5391
QEWZOH,Pd,4,3.0300,0.1700,0.4955,-0.5686
MERYEN01,Cu,4,4.7700,0.3600,0.6875,-0.3372
NAPPIE01,Pd,4,7.9100,3.1100,0.9036,0.5065
BURNIO,Pt,4,3.1200,0.3000,0.5079,-0.3979
ZORNUR,Ni,4,9.1500,2.6500,0.9661,0.4393
QEPPUY,Cu,4,14.5600,4.6000,1.1661,0.6721
MAHNAM,Cu,4,8.9500,16.0700,0.9566,1.2087
TULFUE,Co,4,5.7800,0.6700,0.7694,-0.1135
WEMRUE,Cu,4,3.4900,0.0900,0.5551,-0.7212
VISGAI,Zn,4,4.5300,0.6800,0.6656,-0.1079
QUNXUT,Pd,4,8.3200,3.0400,0.9253,0.4969
NAPNOL,Pt,4,2.9500,0.1200,0.4843,-0.6576
QEGVAA,Rh,4,8.8300,2.9200,0.9509,0.4800
YUHPAS,Pt,4,2.8800,0.0000,0.4742,-1.0000
DEYVUZ,Pd,4,8.2500,2.9800,0.9217,0.4886
HUPZUN,Pt,4,7.9900,2.9400,0.9079,0.4829
ACACCU38,Cu,4,2.9500,0.0600,0.4843,-0.7959
MEWCUO,Fe,4,3.0400,0.0100,0.4969,-0.9586
MUBMOP,Zn,4,3.5400,0.0400,0.5611,-0.8539
WUFCIN,Pd,4,7.9300,3.0100,0.9047,0.4928
KODZEK,Pt,4,7.6700,3.0600,0.8904,0.4997
TIFLUT,Zn,4,4.9400,1.4500,0.7024,0.1903
SOCRIL,Zn,4,9.9800,6.3200,1.0035,0.8075
NIHPOK,Fe,4,3.0400,0.3600,0.4969,-0.3372
DOQNUU02,Pt,4,3.1400,0.3300,0.5105,-0.3665
BOGHAH,Cu,4,2.3000,0.2400,0.3802,-0.4685
FULHIH,Cu,4,13.4600,19.1000,1.1323,1.2833
RIWDOQ,Ni,4,2.9100,0.0400,0.4786,-0.8539
FAHCIE,Au,4,2.9700,0.1100,0.4871,-0.6778
OQIZEW02,Zn,4,2.8600,0.0000,0.4713,-1.0000
DOTMUV,Pt,4,8.5000,2.9600,0.9345,0.4857
JAMTUN,Ag,4,8.2100,7.4000,0.9196,0.8751
VUYFAA,Rh,4,3.4700,0.8000,0.5527,-0.0458
HADXET,Zn,4,3.2400,0.3200,0.5237,-0.3768
GOQYOA01,Ni,4,8.7700,21.5200,0.9479,1.3349
EHADUP,Co,4,17.6800,22.0000,1.2499,1.3444
OBUTIS,Cu,4,8.6600,9.6100,0.9425,0.9872
HOQDOK,Ni,4,9.0600,2.9700,0.9619,0.4871
QIBPAU,Ni,4,5.7200,3.0300,0.7649,0.4955
XEVLUG,Pd,4,9.1000,3.1800,0.9638,0.5159
MEDCII,Ni,4,2.8000,0.1300,0.4624,-0.6383
DOYTIV,Pd,4,7.9900,2.9000,0.9079,0.4771
OXIPOC,Y,4,22.2400,20.0800,1.3491,1.3049
BOJLUK01,Cu,4,2.9200,0.0400,0.4800,-0.8539
WUCXAT,Pd,4,8.3100,2.9900,0.9248,0.4900
VAVGOP,Ni,4,2.9000,0.0200,0.4771,-0.9208
EJUKAX,Pd,4,14.3400,9.3200,1.1596,0.9741
ZEZTEF,Pt,4,9.5400,3.1200,0.9841,0.5079
QICTII,Cu,4,3.9200,1.3100,0.6042,0.1492
VAWKUZ,Pd,4,14.0300,14.5800,1.1501,1.1667
SADGIN,Pt,4,8.6100,2.9100,0.9400,0.4786
EWAGIU,Pd,4,8.4200,3.0800,0.9304,0.5024
RUCKUW,Cu,4,3.2800,1.2500,0.5289,0.1303
ADABUF,Co,4,4.6400,0.9600,0.6758,0.0253
ZUVCEB,Pd,4,3.3100,0.5400,0.5328,-0.1938
BOSFEX,Pd,4,3.4500,0.7800,0.5502,-0.0555
YIMVUL,Pd,4,8.5600,2.8900,0.9375,0.4757
PIXJAL,Ni,4,2.9100,0.0200,0.4786,-0.9208
VACZIN,Ni,4,3.1200,0.3000,0.5079,-0.3979
YACLOF,Pt,4,3.3200,0.6300,0.5340,-0.1367
XEDCUG,Cu,4,3.2400,1.5400,0.5237,0.2148
GETFAN,Cu,4,5.6200,1.6000,0.7574,0.2304
UREWEW,Zn,4,2.8400,0.0200,0.4683,-0.9208
GEBZUI01,Ni,4,3.3100,0.5400,0.5328,-0.1938
EPEFIP,Co,4,12.8700,11.0700,1.1129,1.0481
DODGAH,Cu,4,3.8800,1.9600,0.5999,0.3139
YOYWOB,Pd,4,3.0400,0.2000,0.4969,-0.5229
VIVZOQ,Pt,4,3.1500,0.3400,0.5119,-0.3565
VUCQOA,Pd,4,9.1100,3.1800,0.9643,0.5159
LONFOM,Pd,4,9.2000,2.9700,0.9685,0.4871
SACZEF,Cu,4,2.4700,0.7000,0.4099,-0.0969
NOTXAZ,Pt,4,8.6900,3.0700,0.9440,0.5011
YORFOD,Mn,4,7.1000,2.7200,0.8573,0.4502
XENMOS,Pd,4,2.9800,0.2100,0.4886,-0.5086
YAFHUK,Zn,4,2.9000,0.0200,0.4771,-0.9208
KADDOJ,Ag,4,10.2500,5.4500,1.0149,0.7443
OGAZAB,Co,4,3.0600,0.0100,0.4997,-0.9586
MICTOJ,Ni,4,8.5700,2.6700,0.9380,0.4425
KORCON,Cu,4,2.8800,0.0000,0.4742,-1.0000
QEHSOL,Pt,4,2.9500,0.0900,0.4843,-0.7212
ETOVAL,Ni,4,2.9400,0.0600,0.4829,-0.7959
EZAHES01,Cd,4,2.5900,0.0200,0.4298,-0.9208
OWAMUW,Co,4,2.9500,0.0200,0.4843,-0.9208
VOGLAG,Zn,4,3.0000,0.1300,0.4914,-0.6383
SEKKEA,Pd,4,3.2700,0.6300,0.5276,-0.1367
KUQBII01,Au,4,2.9200,0.0600,0.4800,-0.7959
TIFTEH,Zn,4,4.5000,0.3100,0.6628,-0.3872
ZONJIX,Pt,4,3.5700,0.8300,0.5647,-0.0315
TOGFEC,Pt,4,3.1600,0.3000,0.5132,-0.3979
WOZCAP,Ni,4,3.9300,0.9800,0.6053,0.0334
HOWQES,Mn,4,2.9600,0.0100,0.4857,-0.9586
HAYSEH,Zn,4,8.3000,5.4700,0.9243,0.7459
HINRIG,Ni,4,2.9300,0.0500,0.4814,-0.8239
WIDVAH,Ni,4,8.5000,12.5900,0.9345,1.1035
KIWQEO,Pt,4,8.7400,2.8900,0.9465,0.4757
MIMLUP,Pd,4,8.9200,3.3300,0.9552,0.5353
ETAQEW,Pt,4,8.6200,2.8800,0.9405,0.4742
GEWFIB,Pt,4,3.3100,0.5000,0.5328,-0.2218
YEKHEC,Pd,4,3.5000,0.8200,0.5563,-0.0362
TELBEV,Cu,4,3.0000,0.1500,0.4914,-0.6021
WURGIB,Zn,4,2.9900,0.4300,0.4900,-0.2757
LOQTUH,Pt,4,8.4500,3.1000,0.9320,0.5051
ECIBEY,Pd,4,9.4300,11.7100,0.9791,1.0722
MOTWIC,Ni,4,10.1400,10.9100,1.0103,1.0418
TUTFAR,Pd,4,8.6100,3.0700,0.9400,0.5011
RARZIV,Hg,4,2.9700,1.1100,0.4871,0.0828
UXEPUL,Mn,4,2.5800,0.0200,0.4281,-0.9208
UHUPIZ,Mo,4,2.8500,5.4800,0.4698,0.7466
PADWOJ,Pt,4,4.0900,1.4700,0.6222,0.1959
TABZOM,Cu,4,2.9400,0.0600,0.4829,-0.7959
KICSUM,Pd,4,8.2200,2.9800,0.9201,0.4886
PAWQEK,Pd,4,9.2700,13.3100,0.9717,1.1274
AKISEW,Zn,4,5.8900,1.1400,0.7774,0.0934
SOGVEQ01,Ni,4,7.6200,2.8700,0.8876,0.4728
DOQWEM,Mn,4,6.4600,1.8700,0.8169,0.2945
AXIKAV,Pt,4,8.4600,2.6700,0.9325,0.4425
NOKHUS,Zn,4,2.9100,0.4300,0.4786,-0.2757
FAZHIY,Pd,4,9.4900,2.9800,0.9818,0.4886
BULVOU,Pt,4,3.3700,0.5200,0.5403,-0.2076
BZQXPD04,Pd,4,3.2600,0.3300,0.5263,-0.3665
HAWDEP,Cu,4,4.5800,6.7000,0.6702,0.8325
ZUZTOD,Cd,4,3.3100,0.0700,0.5328,-0.7696
FOWJOQ,Cu,4,9.0100,2.8600,0.9595,0.4713
KIGSOJ,Pd,4,8.0300,3.0200,0.9101,0.4942
IYUFAL,Co,4,8.8300,3.2200,0.9509,0.5211
FEGHEF,Ir,4,3.1200,0.3800,0.5079,-0.3188
CAYGAN,Ni,4,3.3300,0.3900,0.5353,-0.3098
ZAXFEL,Pd,4,9.0300,3.0200,0.9605,0.4942
HEQJET,V,4,8.3200,6.7600,0.9253,0.8363
TEENCC10,Cu,4,8.8500,2.9200,0.9518,0.4800
BATDEI,Zn,4,1.6100,0.6800,0.2330,-0.1079
ZANWIY,Cu,4,3.3700,1.3000,0.5403,0.1461
QEGXOQ,Ir,4,9.8700,3.3500,0.9987,0.5378
DIYGUO,Zn,4,3.8400,1.3000,0.5955,0.1461
WAYHIQ,Cr,4,5.9400,13.4900,0.7810,1.1332
TUSCES,Zn,4,5.4500,0.5500,0.7443,-0.1871
IBAVAL,Cu,4,2.4000,0.0500,0.3979,-0.8239
TUPKAU,Ir,4,3.5200,0.8000,0.5587,-0.0458
NUNYAX,Zn,4,2.4000,0.3300,0.3979,-0.3665
IMBPNI,Ni,4,8.6700,2.9600,0.9430,0.4857
SEFTAB,Cu,4,11.0400,13.8400,1.0469,1.1443
YIGDEA,Zn,4,12.0700,12.4400,1.0853,1.0983
BOLDUC,Ni,4,2.9000,0.0300,0.4771,-0.8861
NONFON,Pd,4,12.5600,7.3700,1.1024,0.8733
NUGQAH,Pt,4,9.1200,2.9200,0.9647,0.4800
YOMBIN,Ni,4,9.3400,13.2700,0.9750,1.1261
LEWRUD,Ni,4,1.5500,1.2800,0.2175,0.1399
TIZJUK,Fe,4,8.4300,2.8800,0.9309,0.4742
BUPXUG,Cu,4,3.5400,0.0700,0.5611,-0.7696
AKOPAS,Ni,4,12.6300,14.9300,1.1048,1.1770
IZICUP,Zn,4,13.4200,12.4400,1.1310,1.0983
HELGEK,Pt,4,8.5600,3.1200,0.9375,0.5079
WEPPEQ,Ni,4,8.8600,9.1500,0.9523,0.9661
PUVHET,Pd,4,2.8800,0.0000,0.4742,-1.0000
ICAWEQ,Co,4,2.2500,0.1700,0.3711,-0.5686
WUFFEI,Pd,4,9.9600,3.2200,1.0026,0.5211
NELSAA,Ni,4,8.5600,2.9300,0.9375,0.4814
VASWES,Ru,4,16.7600,7.4400,1.2269,0.8774
THUPDC01,Pd,4,2.8800,0.0200,0.4742,-0.9208
VOLHUB,Pd,4,2.9500,0.0600,0.4843,-0.7959
HAGTAK,Pd,4,3.1300,0.2800,0.5092,-0.4202
GUTQUH,Ni,4,8.5500,2.8900,0.9370,0.4757
KORCON01,Cu,4,2.5700,0.0200,0.4265,-0.9208
QAQGEX,Pd,4,3.3200,0.5500,0.5340,-0.1871
GETWEI,Rh,4,8.5100,3.0300,0.9350,0.4955
CLPOZN,Zn,4,3.7300,0.4500,0.5832,-0.2596
GONZOC33,Rh,4,3.0000,0.1600,0.4914,-0.5850
GECGIE,Pt,4,9.4500,3.0800,0.9800,0.5024
SEQYOE,Cu,4,11.4600,8.4200,1.0630,0.9304
EGASOY,Ir,4,5.5900,1.7100,0.7551,0.2577
ZEMSES,Cu,4,2.8900,0.0100,0.4757,-0.9586
BICWER,Pd,4,3.1500,0.3500,0.5119,-0.3468
PEYLEM,Ni,4,18.3300,18.7700,1.2655,1.2758
KAYTOX,Pd,4,2.9400,0.0500,0.4829,-0.8239
TOTTAA,Pt,4,8.2800,3.0800,0.9232,0.5024
JIZXOF,Pt,4,10.1200,3.2200,1.0095,0.5211
EQIPEA03,Zn,4,4.4900,1.5300,0.6618,0.2122
FOWGOO,Ni,4,2.9400,0.0700,0.4829,-0.7696
ZAFDAL,Pd,4,3.1500,0.4200,0.5119,-0.2840
JARMAR,Ni,4,9.0800,2.9100,0.9628,0.4786
ADUGOW,Pd,4,2.9200,0.0300,0.4800,-0.8861
LUZMUR,Ni,4,8.5000,3.0000,0.9345,0.4914
QOQGUY,Ni,4,8.2500,2.7100,0.9217,0.4487
FIRXUB,Cu,4,2.8900,0.0100,0.4757,-0.9586
BEZNEA,Pt,4,3.2000,0.3900,0.5185,-0.3098
FIMDIP,Zn,4,2.4000,0.2200,0.3979,-0.4949
LORJUA,Fe,4,3.7200,0.8200,0.5821,-0.0362
VIGTAI,Pd,4,9.7900,3.2000,0.9952,0.5185
BUCQOG,Pd,4,11.8400,8.0300,1.0770,0.9101
WIKXIA,Pd,4,3.1000,0.2500,0.5051,-0.4559
WAWKAJ,Cr,4,8.5400,4.7300,0.9365,0.6839
YONNAQ,Ni,4,3.0200,0.1200,0.4942,-0.6576
RINNEH,Pt,4,8.3900,2.9700,0.9289,0.4871
UKOHIO,Zn,4,3.2700,0.2600,0.5276,-0.4437
TIQSEU,Ni,4,7.9000,2.8300,0.9031,0.4669
MURSEY,Cu,4,2.3200,1.4600,0.3838,0.1931
CISZOU,Pt,4,2.9000,0.0300,0.4771,-0.8861
LISKAA,Ag,4,5.5400,2.8800,0.7513,0.4742
SOQMEQ,Pd,4,3.1600,0.3600,0.5132,-0.3372
HUJFOH,Os,4,2.9800,0.3500,0.4886,-0.3468
YEHXUF,Ni,4,2.8900,0.0100,0.4757,-0.9586
SIWWIF,Pt,4,8.7400,2.8900,0.9465,0.4757
CEWMOK,Ag,4,2.4000,1.3000,0.3979,0.1461
SAFNAR,Pd,4,8.3200,3.1000,0.9253,0.5051
FOQMIH,Mo,4,3.0600,0.0000,0.4997,-1.0000
OZAFEC,Pt,4,2.9700,0.1200,0.4871,-0.6576
TEMYET,Pd,4,3.1300,0.3200,0.5092,-0.3768
TANBUJ,Cu,4,2.9000,1.2700,0.4771,0.1367
OKOWOC,Cd,4,2.9400,0.0100,0.4829,-0.9586
DAYTII,Ag,4,3.4700,0.0700,0.5527,-0.7696
MODVIK,Pd,4,3.0800,0.2500,0.5024,-0.4559
HUPFAA,Pd,4,8.5300,2.8900,0.9360,0.4757
HOFJEU,Cu,4,9.2400,2.9000,0.9703,0.4771
MAHGOT,Cu,4,3.9800,1.1600,0.6107,0.1004
MACKEK,Ir,4,2.9100,0.0300,0.4786,-0.8861
NADNOX,Y,4,2.3900,0.1000,0.3962,-0.6990
KOMMUW,Ru,4,3.5800,2.9200,0.5658,0.4800
HUBMEX,Ni,4,8.5300,2.9900,0.9360,0.4900
WEHHAW,Pt,4,3.3400,0.5700,0.5366,-0.1739
SUMBIN,Fe,4,5.6200,1.8500,0.7574,0.2900
QUZTUB,Pd,4,8.8200,2.9600,0.9504,0.4857
TUPTCL03,Pt,4,9.6600,3.0100,0.9894,0.4928
AGOTOH,Pd,4,8.5300,3.0300,0.9360,0.4955
EBOZAX,Ni,4,2.9100,0.0200,0.4786,-0.9208
MIQWOY,Ni,4,15.4600,22.9300,1.1920,1.3623
QADJEM,Pd,4,2.9500,0.0900,0.4843,-0.7212
IPIDEQ,Cu,4,3.1000,1.8500,0.5051,0.2900
XAMTAH,Pd,4,8.5200,2.9300,0.9355,0.4814
WAMQAE,Ni,4,3.3000,0.5200,0.5315,-0.2076
WEQYIB,Pt,4,9.2000,3.1600,0.9685,0.5132
ISAKOD,Pt,4,8.3800,3.0900,0.9284,0.5038
BEZJUP,Cd,4,2.9700,0.0700,0.4871,-0.7696
LOJBAQ,Cu,4,2.4900,1.1700,0.4133,0.1038
ZAZVIF,Ru,4,1.9400,1.4700,0.3096,0.1959
DUZDAF02,Au,4,9.5100,3.0000,0.9827,0.4914
NOYXUU,Pt,4,9.6500,3.1500,0.9890,0.5119
JEBYAU,Zn,4,5.5500,1.4600,0.7520,0.1931
TCMIPD11,Pd,4,3.0700,0.2400,0.5011,-0.4685
KENWUX,Zn,4,5.2300,1.0400,0.7267,0.0569
AWUNEN,Cu,4,3.1000,0.3900,0.5051,-0.3098
SIDHAS02,Cd,4,2.8800,0.0000,0.4742,-1.0000
NILTOR,Ni,4,8.9300,21.6400,0.9557,1.3373
SESYIA,Pt,4,8.3000,2.9900,0.9243,0.4900
SAVYIA,Ni,4,4.5000,1.9600,0.6628,0.3139
QACWAV,Au,4,8.1600,2.9600,0.9170,0.4857
RETFON,Pt,4,3.4300,0.7100,0.5478,-0.0915
BIXJIC,Pd,4,10.0300,3.3000,1.0056,0.5315
KUDKAV01,Ni,4,18.6800,20.8800,1.2737,1.3218
GUPTOD,Cu,4,9.0300,15.6100,0.9605,1.1962
LOFHEX,Zn,4,4.6200,0.4900,0.6739,-0.2291
SERDOI,Rh,4,3.1800,0.4000,0.5159,-0.3010
CUDHUF01,Pd,4,3.4400,0.7300,0.5490,-0.0809
DESJUJ,Ru,4,3.2200,0.4800,0.5211,-0.2366
FUZXOP,Zn,4,2.4500,0.0400,0.4065,-0.8539
TAQTUB,Ni,4,9.0800,3.0500,0.9628,0.4983
SUYKON,Cu,4,2.9000,0.0300,0.4771,-0.8861
AFOZUR,Pt,4,3.0400,0.1500,0.4969,-0.6021
WIVPUN,Cu,4,3.5300,1.0000,0.5599,0.0414
CELJEK,Zn,4,4.0200,0.2200,0.6149,-0.4949
HISJAU,Pt,4,2.9900,0.1400,0.4900,-0.6198
WOJJIS,Ni,4,8.5000,10.6200,0.9345,1.0302
HOCVAY,Pd,4,8.7800,2.9200,0.9484,0.4800
PECTAV,Pd,4,2.8900,0.0100,0.4757,-0.9586
DOFMOB,Cu,4,18.5900,17.5900,1.2716,1.2477
HEXXIS,Pt,4,3.0800,0.2400,0.5024,-0.4685
TAPVOY,Zn,4,7.4800,12.9600,0.8797,1.1159
POKSIS01,Pd,4,8.0600,3.0000,0.9117,0.4914
CIQYOT,Pd,4,3.0600,0.2300,0.4997,-0.4815
FIMKAP,Zn,4,2.2300,0.0500,0.3674,-0.8239
AWEMAQ,Cu,4,2.8900,1.0100,0.4757,0.0453
QIKBAP,Cu,4,8.9000,2.9000,0.9542,0.4771
MAGQER,Pd,4,10.4600,3.5900,1.0237,0.5670
BERTIC,Pt,4,5.5000,7.1000,0.7482,0.8573
DAFQOU,Pd,4,9.6200,3.1700,0.9877,0.5145
CIVJAV,Pd,4,8.4800,2.8500,0.9335,0.4698
XECYIP,Zn,4,4.0000,0.9700,0.6128,0.0294
GEXCOE,Au,4,8.5700,2.8900,0.9380,0.4757
IZOZEF,Co,4,2.2700,0.4400,0.3747,-0.2676
YIGYAS,Rh,4,8.9900,3.0600,0.9586,0.4997
CIGNEN,Zn,4,11.6300,17.5300,1.0693,1.2463
UMIJOS,Zn,4,2.8900,0.0100,0.4757,-0.9586
IDAYUJ,Zn,4,2.8800,0.1800,0.4742,-0.5528
JERYOY,Pd,4,9.1500,3.2600,0.9661,0.5263
ONUMIU02,Zn,4,6.2200,6.0800,0.8007,0.7910
NUKPUH,Zn,4,3.7800,0.3600,0.5888,-0.3372
QAYRIU,Pd,4,8.9300,3.0800,0.9557,0.5024
WOMFOV,Cu,4,2.9300,0.1700,0.4814,-0.5686
OLIHEZ,Cu,4,5.3900,1.0200,0.7396,0.0492
PIXWAX,Pd,4,3.1200,0.2000,0.5079,-0.5229
LILXAG,Pd,4,3.2200,0.4400,0.5211,-0.2676
ANOBIR,Pt,4,8.9200,2.9800,0.9552,0.4886
NUSQOH,Ni,4,9.2300,2.9300,0.9699,0.4814
EFIMIR,Pd,4,2.9600,0.0900,0.4857,-0.7212
TAGFUD,Ni,4,3.4300,0.6900,0.5478,-0.1024
ZOBXAR,Zn,4,5.9400,6.3200,0.7810,0.8075
XAKHAT,Pd,4,2.9200,0.0300,0.4800,-0.8861
WEHLAZ,Pd,4,8.5400,11.7900,0.9365,1.0752
CEBSUA,Cu,4,8.6400,3.0300,0.9415,0.4955
VAGTEC,Pd,4,8.6900,2.9500,0.9440,0.4843
ZIHDEB,Ir,4,2.9900,0.1300,0.4900,-0.6383
CISLEV,Ag,4,2.7100,0.6900,0.4487,-0.1024
MUPCAB,Cu,4,4.4200,0.9300,0.6551,0.0128
RUWSEJ,Zn,4,4.2400,1.4000,0.6375,0.1761
DOQBAP,Fe,4,3.8000,0.3300,0.5911,-0.3665
KITZES01,Pd,4,9.7200,14.1800,0.9921,1.1547
KUZSUV,Pt,4,2.8800,0.0000,0.4742,-1.0000
VUDWOK,Cu,4,19.4700,17.2500,1.2916,1.2393
DABZEO,Ni,4,2.9600,0.0800,0.4857,-0.7447
XIVTOO,Pd,4,2.9100,0.0400,0.4786,-0.8539
YOSWOU,Pd,4,9.1400,3.0900,0.9657,0.5038
NOMXEV,Ni,4,9.2100,3.1000,0.9689,0.5051
ODIMUK,Pd,4,3.0700,0.2300,0.5011,-0.4815
BAMCOM,Co,4,2.8900,0.0100,0.4757,-0.9586
QUSTAZ,Zn,4,4.5300,1.5200,0.6656,0.2095
FIYQIP,Zn,4,3.1900,0.2600,0.5172,-0.4437
SUYXIW,Pt,4,3.1300,0.3500,0.5092,-0.3468
HUHXUF,Ir,4,2.2700,2.0500,0.3747,0.3324
EXIQOR,Pt,4,9.9300,3.1900,1.0013,0.5172
NUYXIO,Pt,4,7.7900,3.0300,0.8971,0.4955
TEXZOM,Ag,4,3.5000,2.4100,0.5563,0.3997
KOXMUJ,Pd,4,2.8900,0.0200,0.4757,-0.9208
WUGDAH,Zn,4,2.9400,0.0100,0.4829,-0.9586
FAVQEC,Pd,4,3.3200,0.6400,0.5340,-0.1308
KULNEK,Pd,4,3.0800,0.4600,0.5024,-0.2518
NIETHP03,Ni,4,2.8900,0.0100,0.4757,-0.9586
AJEMIO,Pt,4,3.0300,0.1500,0.4955,-0.6021
TOFXUK,Pd,4,3.4200,0.4700,0.5465,-0.2441
TOMWOI,Mo,4,2.8800,2.6200,0.4742,0.4346
FAJZOG,Zn,4,2.5900,0.0200,0.4298,-0.9208
EJUMAB,Ni,4,10.3300,11.0200,1.0183,1.0461
BIKVEA,Pt,4,2.8900,0.0400,0.4757,-0.8539
ADIREN,Ni,4,3.7300,1.0800,0.5832,0.0719
XIRFEL,Au,4,3.2200,0.4000,0.5211,-0.3010
VIFNIL,Zn,4,5.4600,1.1200,0.7451,0.0864
OCOYOV,Pt,4,3.1000,0.2700,0.5051,-0.4318
TANDUI,Pd,4,3.0600,0.2300,0.4997,-0.4815
TIDXIP,Cu,4,4.0800,0.2400,0.6212,-0.4685
CUTPOR01,Cu,4,2.8700,0.0000,0.4728,-1.0000
LANBIN,Zn,4,2.2400,0.3600,0.3692,-0.3372
HIPRUT,Ni,4,8.2600,2.9300,0.9222,0.4814
MIGTEE,Ni,4,21.4200,22.0800,1.3328,1.3460
HIWJED,Cd,4,2.0400,0.2000,0.3304,-0.5229
OVUZOW,Co,4,2.7000,0.0600,0.4472,-0.7959
SEKYEQ,Pd,4,3.0600,0.2300,0.4997,-0.4815
FANSUK,Pd,4,8.8300,3.3900,0.9509,0.5428
FOWKEH,Pd,4,3.0600,0.2000,0.4997,-0.5229
GOCBEF,Co,4,27.1900,12.8400,1.4360,1.1119
HUMFOK01,Pd,4,5.1900,7.5900,0.7235,0.8859
WEBQUT,Ni,4,8.8400,2.8900,0.9513,0.4757
XEQBEB,Pt,4,3.0700,0.2400,0.5011,-0.4685
GUWXUU,Re,4,6.1000,1.0500,0.7924,0.0607
EBOPUJ,Zn,4,18.1400,13.2000,1.2610,1.1239
GIQPEE,Co,4,2.1400,0.0600,0.3502,-0.7959
UFIPUY,Rh,4,3.0600,0.2200,0.4997,-0.4949
BURXIV,Co,4,2.8300,0.0100,0.4669,-0.9586
TIJQIQ,Pd,4,10.1900,3.1500,1.0124,0.5119
QISXIZ,Ir,4,3.2700,0.3600,0.5276,-0.3372
XIVMUL,Pt,4,3.0600,0.2300,0.4997,-0.4815
CIVCUG,Pd,4,8.8700,3.0600,0.9528,0.4997
KIXMIO,Pt,4,9.3700,3.0500,0.9763,0.4983
CETCAM,Cu,4,16.3400,10.0500,1.2159,1.0065
IYUNEV,Co,4,2.7100,0.0800,0.4487,-0.7447
DICMEI,Hg,4,2.4900,0.4500,0.4133,-0.2596
HAKQES,Pd,4,8.6900,3.0400,0.9440,0.4969
ZOPYAG,Ni,4,13.0300,14.9000,1.1183,1.1761
REVQEP,Pd,4,8.4900,2.9500,0.9340,0.4843
MABKOQ,Mo,4,3.2700,0.5200,0.5276,-0.2076
MUKYID,Pt,4,12.8200,4.8700,1.1113,0.6964
EPATUL,Pd,4,9.4000,11.9000,0.9777,1.0792
IJOTAE01,Cd,4,4.8100,1.1200,0.6911,0.0864
DIKBUU,Pt,4,8.0600,2.9700,0.9117,0.4871
KEZBOI,Ni,4,8.0900,3.0100,0.9133,0.4928
WELWAM,Pd,4,8.9100,3.3200,0.9547,0.5340
CIDMAF,Hg,4,1.9600,0.1500,0.3139,-0.6021
XATRIV,Pd,4,2.9500,0.0600,0.4843,-0.7959
LIRZUJ,Pt,4,2.9200,0.0400,0.4800,-0.8539
REPYIY,Pd,4,5.8900,3.1300,0.7774,0.5092
QAWGIG,Zn,4,3.0400,0.0100,0.4969,-0.9586
LURZEF,Rh,4,9.1000,2.9800,0.9638,0.4886
WAYZAB,Pd,4,8.1700,11.4800,0.9175,1.0637
LARSOP,Zn,4,10.2400,20.9000,1.0145,1.3222
ZUFHUF,Hg,4,6.1200,3.3800,0.7938,0.5416
FIFJOU,Pd,4,2.8800,0.0100,0.4742,-0.9586
UCUTOE,Pd,4,2.9500,0.0800,0.4843,-0.7447
UFAPUO,Co,4,3.4500,0.0600,0.5502,-0.7959
NAVNOO,Cd,4,4.2600,0.3700,0.6395,-0.3279
LILRON,Pd,4,3.0100,0.1600,0.4928,-0.5850
PEXDAZ,Pt,4,3.1200,0.2500,0.5079,-0.4559
YIVYAE,Pd,4,3.3400,0.6400,0.5366,-0.1308
ADIBEX,Pd,4,3.0100,0.1500,0.4928,-0.6021
LEYLEI,Hg,4,1.9900,1.5400,0.3201,0.2148
IVAKIZ,Re,4,2.4100,0.0500,0.3997,-0.8239
HUPTAQ,Pd,4,14.5400,7.2800,1.1655,0.8681
POPCEF,Ni,4,19.5000,20.3400,1.2923,1.3105
ZOWPAC,Cr,4,2.7400,0.9400,0.4533,0.0170
MUYQUS01,Au,4,3.1900,0.3700,0.5172,-0.3279
EVOBOI,Pt,4,3.0700,0.2400,0.5011,-0.4685
MAGFAF,Hf,4,3.0900,0.0300,0.5038,-0.8861
RAPWUE,Ni,4,19.2000,16.1100,1.2856,1.2098
QIZJAM,Pd,4,9.2100,3.2600,0.9689,0.5263
QACHEI,Ru,4,8.7300,3.1200,0.9460,0.5079
MUVBUD,Zn,4,8.2900,6.0600,0.9238,0.7896
LARMOI,Ni,4,17.6600,21.7800,1.2494,1.3400
REVBEA,Pd,4,8.0100,2.9100,0.9090,0.4786
ZOVLOL,Pt,4,3.3100,0.5900,0.5328,-0.1612
DUCBOT,Zn,4,5.5400,1.1100,0.7513,0.0828
GEMMIU02,Cu,4,2.8800,0.0000,0.4742,-1.0000
VUFDUW,Cu,4,1.6600,0.6600,0.2455,-0.1192
ZUCGUC,Pd,4,8.9500,3.4200,0.9566,0.5465
KEGDAC,Zn,4,1.9500,1.6900,0.3118,0.2529
XUGHEQ,Fe,4,2.7500,0.6400,0.4548,-0.1308
TASMUX,Cu,4,2.9300,0.0600,0.4814,-0.7959
HAGSEQ,Cu,4,2.7700,0.0000,0.4579,-1.0000
JIVTEN,Zn,4,2.8800,0.0000,0.4742,-1.0000
WISXEB,Ir,4,8.8000,3.1100,0.9494,0.5065
COHBEJ,Ni,4,15.2600,14.0600,1.1864,1.1511
COCWUM,Pd,4,9.6900,10.5100,0.9908,1.0257
AQODUH,Ni,4,19.4600,16.0200,1.2914,1.2074
SANJOH,Co,4,3.4000,0.0600,0.5441,-0.7959
WOVJOG01,Pt,4,2.9500,0.0600,0.4843,-0.7959
BANVEU,Pd,4,10.5200,3.1500,1.0261,0.5119
UWAVOF,Zn,4,3.1600,1.2300,0.5132,0.1239
URUTAD,Cu,4,2.9700,0.1700,0.4871,-0.5686
OLUQAO,Au,4,8.6900,2.9900,0.9440,0.4900
VAZBUT10,Cu,4,2.9500,0.0700,0.4843,-0.7696
HOBGAG,Rh,4,3.0300,0.1900,0.4955,-0.5376
BENDOP,Ni,4,2.8900,0.0100,0.4757,-0.9586
TIXVOP,Co,4,3.4300,0.7800,0.5478,-0.0555
JIFZOQ,Zn,4,2.2800,0.3600,0.3766,-0.3372
TEPCUM,Ni,4,3.0900,0.2000,0.5038,-0.5229
TAYJEM,Pt,4,3.4900,0.7400,0.5551,-0.0757
QUKKIU,Pd,4,2.9200,0.0700,0.4800,-0.7696
XOKPEW,Pd,4,10.6700,3.1000,1.0322,0.5051
NEDHIO,Pd,4,9.4500,3.3000,0.9800,0.5315
OBOPEC,Ni,4,8.2500,15.5700,0.9217,1.1951
HUWVAX,Pd,4,2.8800,0.0000,0.4742,-1.0000
VAXSOG,Pt,4,2.9400,0.0500,0.4829,-0.8239
KIYZUQ,Cu,4,2.7100,1.5700,0.4487,0.2227
ETZMNI,Ni,4,9.3500,6.4100,0.9754,0.8136
QOJJOO,Pt,4,10.2600,3.1500,1.0154,0.5119
RUMZOP,Fe,4,5.4600,0.8600,0.7451,-0.0177
SEDHUI,Pt,4,8.4000,2.9900,0.9294,0.4900
DASFOU,Pt,4,8.7400,2.8800,0.9465,0.4742
OFIDOZ,Cu,4,5.1700,3.2700,0.7218,0.5276
NARNEB,Zn,4,18.0700,22.8200,1.2594,1.3602
RUSFOA,Cd,4,3.5600,3.1100,0.5635,0.5065
AHUWIJ01,Cu,4,5.4300,0.9300,0.7427,0.0128
IMUYIY,Pd,4,5.1200,2.3500,0.7177,0.3892
WANVAM,Pt,4,7.8200,3.1000,0.8987,0.5051
FUTKIR,Pd,4,8.8700,2.9500,0.9528,0.4843
SESNOV,Cu,4,2.1400,0.5000,0.3502,-0.2218
FAGTOY,Pd,4,3.7800,1.0700,0.5888,0.0682
QAGVOK,Zn,4,2.1800,1.6900,0.3579,0.2529
FOPXAM,Cu,4,4.8300,1.7600,0.6928,0.2695
GIDKIP,Pt,4,2.9400,0.0500,0.4829,-0.8239
UDOPEI,Pd,4,3.0500,0.2100,0.4983,-0.5086
UDAMUL,Cu,4,3.8600,0.2800,0.5977,-0.4202
FEFTOZ,Os,4,2.7500,0.0100,0.4548,-0.9586
ZIQZEE,Pd,4,8.4000,2.9600,0.9294,0.4857
MUVCOW,Pd,4,8.9800,2.9700,0.9581,0.4871
BICCIB,Ir,4,3.4200,0.6800,0.5465,-0.1079
HUCMEY,Fe,4,2.9200,0.0500,0.4800,-0.8239
REXJIN,Zn,4,2.6900,0.0200,0.4456,-0.9208
IGUXEQ,Pt,4,8.7300,3.0300,0.9460,0.4955
CDMSOP02,Pt,4,8.7000,2.8900,0.9445,0.4757
JOBJOB,Pd,4,8.8400,3.2800,0.9513,0.5289
NESJUQ,Ni,4,7.2500,15.7400,0.8663,1.1998
IJIDEM,Pd,4,3.1100,0.2800,0.5065,-0.4202
BIRQUQ,Co,4,2.9000,1.3000,0.4771,0.1461
HIDKUB,Pt,4,3.0700,0.2300,0.5011,-0.4815
SIHTIM,Y,4,7.2100,1.9200,0.8639,0.3054
NAGBUW,Pd,4,3.7700,1.0600,0.5877,0.0645
XIPRIY,Co,4,4.7900,0.5800,0.6893,-0.1675
QOZDIV,Ag,4,4.0200,0.2100,0.6149,-0.5086
QEQWUF,Pd,4,8.1600,3.0700,0.9170,0.5011
BOJJIW02,Pd,4,8.8000,3.1100,0.9494,0.5065
BEZLIB,Cu,4,4.3800,0.7800,0.6513,-0.0555
LOZWOP,V,4,4.2500,0.4100,0.6385,-0.2924
DOBNIR,Co,4,5.3500,0.6700,0.7364,-0.1135
SIZSUR,Pd,4,12.5200,17.8900,1.1011,1.2550
WUDTEV,Pd,4,2.9900,0.1400,0.4900,-0.6198
KACVAO,Pd,4,3.0600,0.2200,0.4997,-0.4949
JIVTUH,Ni,4,12.1000,12.6700,1.0864,1.1062
URISIZ,Pt,4,8.9600,2.8900,0.9571,0.4757
TESTUK,Zn,4,8.2200,8.0100,0.9201,0.9090
UHINUW,Cu,4,7.6900,1.3100,0.8915,0.1492
GECJIK,Ni,4,3.2800,0.3700,0.5289,-0.3279
NITHII,Ni,4,8.1900,2.7200,0.9186,0.4502
NOBGER,Pd,4,8.8700,2.9600,0.9528,0.4857
NAZPAH,Cu,4,4.1900,0.1900,0.6325,-0.5376
VAPWIW,Cu,4,8.3500,2.9500,0.9269,0.4843
COPDUH,Pd,4,8.5200,2.8600,0.9355,0.4713
SICWOR,Ni,4,8.7500,2.8700,0.9469,0.4728
IZIWUL,Hg,4,3.5400,0.3800,0.5611,-0.3188
NIRZUK,Fe,4,2.7000,0.0000,0.4472,-1.0000
HUTYON,Zn,4,3.4900,0.4200,0.5551,-0.2840
SIBYEJ,Ni,4,16.2900,19.8900,1.2146,1.3008
OMETUW,Pt,4,8.0800,3.0900,0.9128,0.5038
YIPHEO,Pd,4,8.8600,3.5000,0.9523,0.5563
MILWOT,Pd,4,7.7900,2.9900,0.8971,0.4900
RETHUW,Pt,4,3.5400,0.8000,0.5611,-0.0458
RAYPOZ,Rh,4,13.6800,14.3500,1.1392,1.1599
XEDFIV02,Pd,4,2.8800,0.0000,0.4742,-1.0000
AFEMEE02,Zn,4,4.3600,0.4200,0.6493,-0.2840
RUQMEW,Rh,4,9.2000,3.2700,0.9685,0.5276
EZUTAX,Pd,4,3.5000,0.7900,0.5563,-0.0506
PUHFIK,Hg,4,5.1600,0.8000,0.7210,-0.0458
FUSTEU,Pt,4,2.9600,0.1700,0.4857,-0.5686
IFOZEI,Pd,4,3.0600,0.2300,0.4997,-0.4815
COLGIV,Zn,4,8.5600,8.6700,0.9375,0.9430
SETNUD,Cu,4,8.0500,2.7400,0.9112,0.4533
KEGYOM,Pd,4,3.2500,0.4800,0.5250,-0.2366
HIVWAM,Cd,4,3.7500,0.4500,0.5855,-0.2596
FEVSIL,Ni,4,8.7500,3.1400,0.9469,0.5105
GONZOC29,Rh,4,3.0200,0.1900,0.4942,-0.5376
FOGCIN,Pd,4,9.3000,22.2000,0.9731,1.3483
NALBEK,Pd,4,8.4600,3.1200,0.9325,0.5079
VOFCIF,Ni,4,5.4900,4.3300,0.7474,0.6464
EFINAL,Pd,4,8.9000,3.1900,0.9542,0.5172
IGEJAJ,Cu,4,3.4300,1.3700,0.5478,0.1673
OXOYEI,Pd,4,9.6300,3.1900,0.9881,0.5172
LUYTEG,Pd,4,10.2500,3.2600,1.0149,0.5263
DUZCOS,Au,4,9.5300,3.0100,0.9836,0.4928
RAWPIO,Pd,4,9.0000,2.8100,0.9590,0.4639
RAMHET,Co,4,1.7200,0.4300,0.2601,-0.2757
XOJSOH,Pd,4,7.3900,3.2000,0.8745,0.5185
HIRVUC,Pt,4,8.7100,3.1800,0.9450,0.5159
VECQUT,Cu,4,8.7600,13.4700,0.9474,1.1326
FOYKAH,Ni,4,8.7900,3.3700,0.9489,0.5403
XINNIV,Cu,4,2.6900,1.2700,0.4456,0.1367
AUDETC,Au,4,3.1900,0.3300,0.5172,-0.3665
IRUFOS,Fe,4,2.5900,1.7400,0.4298,0.2648
BISWIM,Cu,4,3.3700,0.3000,0.5403,-0.3979
ENPDBN,Pd,4,9.2500,9.1600,0.9708,0.9666
ULEHUS,Ag,4,2.1900,0.1500,0.3598,-0.6021
VELCUO,Ir,4,3.2100,0.4600,0.5198,-0.2518
FOXGII,Pd,4,2.7900,0.0100,0.4609,-0.9586
EWAMUM,Pd,4,2.9600,0.1300,0.4857,-0.6383
WOJMIU,Zn,4,2.8700,0.0000,0.4728,-1.0000
SELBOE,Pd,4,2.8800,0.0000,0.4742,-1.0000
BEXFUJ,Ag,4,10.9200,4.3100,1.0422,0.6444
YIYDAM,Ni,4,19.9000,22.4900,1.3010,1.3539
FEHPPE01,Fe,4,2.0200,0.5000,0.3263,-0.2218
XODKEK,Ni,4,8.2800,13.5600,0.9232,1.1355
XIXVEH,Pt,4,7.9500,3.0800,0.9058,0.5024
JEPNIF,Fe,4,6.1800,1.0100,0.7980,0.0453
GIHTEZ,Ni,4,6.0900,7.7600,0.7917,0.8954
SICSIH,Au,4,8.6400,3.1300,0.9415,0.5092
OMATOL,Rh,4,3.2200,0.4500,0.5211,-0.2596
VIQVUM,Pd,4,9.5000,10.9100,0.9823,1.0418
XOCNOU,Cu,4,2.3400,0.3900,0.3874,-0.3098
WUTVEO,Cu,4,0.9100,0.5500,0.0043,-0.1871
XADQIH,Ni,4,11.4600,18.0000,1.0630,1.2577
KERYUC,Ni,4,8.9100,14.0000,0.9547,1.1492
CUXWID,Cu,4,4.3200,0.2600,0.6454,-0.4437
HOTBAV,Pd,4,2.8900,0.0100,0.4757,-0.9586
QARPAB,Cu,4,9.2300,2.9100,0.9699,0.4786
VUDSOD,Hg,4,3.4500,0.2300,0.5502,-0.4815
QUGTAR,Ir,4,8.5800,3.4800,0.9385,0.5539
RAWYAP,Cu,4,4.0100,0.6800,0.6138,-0.1079
GAMZEA,Fe,4,2.9900,0.1400,0.4900,-0.6198
HUFYUF,Pd,4,9.7300,3.2000,0.9926,0.5185
ZELWIW,Pd,4,9.0200,2.9800,0.9600,0.4886
VIXRAW,Pt,4,9.1800,3.6500,0.9675,0.5740
FAPBEH,Co,4,2.5300,0.0100,0.4200,-0.9586
UXALOV,Pd,4,4.5700,1.4600,0.6693,0.1931
GIRSEI,Rh,4,9.6600,3.0400,0.9894,0.4969
WEZWIH,Pt,4,9.8600,3.3600,0.9983,0.5391
XUTSAG,Pd,4,3.1800,0.4900,0.5159,-0.2291
ZZZFNQ01,Co,4,2.7200,0.4300,0.4502,-0.2757
GACCAQ,Rh,4,8.6500,3.1100,0.9420,0.5065
ZABNUP,Pt,4,3.0000,0.1600,0.4914,-0.5850
QELKOK,Zn,4,2.8500,0.0000,0.4698,-1.0000
VIFJOL,Pd,4,9.0400,2.9700,0.9609,0.4871
VEBZEL,Ni,4,9.0800,2.9100,0.9628,0.4786
CEZTUW,Hg,4,3.6900,0.1100,0.5786,-0.6778
IFOMAS,Ir,4,6.5400,1.7500,0.8222,0.2672
NIZCEI,Zn,4,1.9900,0.4300,0.3201,-0.2757
NOXWOQ,Pt,4,8.4500,3.0000,0.9320,0.4914
ESOKEC,Cu,4,8.0000,8.6500,0.9085,0.9420
DUBLAP,Pd,4,8.0400,3.2600,0.9106,0.5263
ANEFOR,Cu,4,15.4200,15.1000,1.1909,1.1818
HEFKUA,Co,4,3.6200,0.7500,0.5705,-0.0706
SOGVEQ,Ni,4,7.6300,2.8700,0.8882,0.4728
SADHOW02,Cu,4,1.2900,0.3200,0.1430,-0.3768
PAMCZN,Zn,4,2.6100,0.0100,0.4330,-0.9586
FESTAZ,Rh,4,9.0400,3.0800,0.9609,0.5024
VOXKAW,Cu,4,9.5600,3.1700,0.9850,0.5145
DETZEI01,Ni,4,2.8800,0.0000,0.4742,-1.0000
XATQIU,Pd,4,2.9000,0.0200,0.4771,-0.9208
RACPER,V,4,2.8600,0.1100,0.4713,-0.6778
WARDAY,Cu,4,3.0000,0.1400,0.4914,-0.6198
VIRXEA01,Pt,4,7.2400,3.4000,0.8657,0.5441
BEWGUI,Co,4,3.3700,0.1000,0.5403,-0.6990
SURBAL,Cu,4,9.3000,7.4700,0.9731,0.8791
XETKOW,Ni,4,9.8900,16.6700,0.9996,1.2245
EDOYUT,Cu,4,9.0300,2.8400,0.9605,0.4683
DEDRIO,Ni,4,19.4800,17.0000,1.2918,1.2330
RAYXUL,Ag,4,10.9700,5.5500,1.0441,0.7520
EQOFAT,Pd,4,3.3400,0.4800,0.5366,-0.2366
VOLQUM,Pt,4,9.2600,3.1800,0.9713,0.5159
TAWWUL,Ni,4,8.8500,2.9100,0.9518,0.4786
ABOSUI,Cu,4,2.8900,0.0100,0.4757,-0.9586
PINYUG,Co,4,2.8100,0.1800,0.4639,-0.5528
SODLAB,Co,4,2.7400,0.0200,0.4533,-0.9208
PAPXOX,Cu,4,5.3900,1.0700,0.7396,0.0682
NEWPAJ,Cu,4,8.9000,2.9700,0.9542,0.4871
BITTIL,Cu,4,2.8900,0.0100,0.4757,-0.9586
SUKGAJ,Ni,4,3.2500,0.4700,0.5250,-0.2441
PIBWIJ,Pd,4,9.8000,3.3200,0.9956,0.5340
IFITUP,Ag,4,5.0000,0.7700,0.7076,-0.0605
RAYQIU,Rh,4,11.3000,3.8700,1.0569,0.5988
ZELMIO,Pd,4,8.7200,3.0200,0.9455,0.4942
MOJXUI,Pd,4,3.1900,0.3100,0.5172,-0.3872
VAVVAS,Ni,4,1.9700,0.5000,0.3160,-0.2218
UNEHIG,Fe,4,2.3100,0.1400,0.3820,-0.6198
DIBDEA,Pt,4,10.1200,3.3500,1.0095,0.5378
PEKMAV,Pd,4,2.9400,0.0900,0.4829,-0.7212
XACYUY,Pd,4,3.5100,0.8100,0.5575,-0.0410
JAPYEI,Co,4,0.8300,2.0200,-0.0315,0.3263
RAGTAV,Pt,4,7.9700,3.0200,0.9069,0.4942
IHOGES,Pd,4,6.9700,3.1900,0.8494,0.5172
CUKPUX,Pd,4,9.7400,13.0700,0.9930,1.1196
KERDAN,Ni,4,2.9300,0.0400,0.4814,-0.8539
VILPUF,Mo,4,2.7000,3.5300,0.4472,0.5599
TEQGUS,Cu,4,2.6300,0.4300,0.4362,-0.2757
OQAXIQ,Fe,4,12.1900,16.0900,1.0896,1.2092
JELGIT,Zn,4,4.6100,1.2400,0.6730,0.1271
GOYLIP,Zn,4,5.6000,1.0000,0.7559,0.0414
ADOXIB,Pt,4,9.0200,2.8900,0.9600,0.4757
AFOHIM,Pd,4,9.0000,3.0000,0.9590,0.4914
UQOWED,Ni,4,7.0500,2.5400,0.8543,0.4216
SOGFOL01,Pd,4,8.6300,3.0100,0.9410,0.4928
EDUTII,Cu,4,2.2000,0.6200,0.3617,-0.1427
SIRYOL,Pt,4,7.2800,3.0000,0.8681,0.4914
ZUMQAZ,Cu,4,3.3900,0.0200,0.5428,-0.9208
NIMCES,Co,4,3.2100,0.3600,0.5198,-0.3372
HEXHOJ,Pd,4,9.5200,3.3300,0.9832,0.5353
LIJKOE,Ni,4,10.2200,14.6200,1.0137,1.1679
OQESOU,Ir,4,3.5200,0.8100,0.5587,-0.0410
NALFUF,Cu,4,6.5800,6.9400,0.8248,0.8476
ZOJBUY01,Zn,4,3.3800,0.5600,0.5416,-0.1805
FIRWUZ,Au,4,8.7000,3.0900,0.9445,0.5038
PELWEL,Ag,4,3.9000,2.0100,0.6021,0.3243
ZACPOL,Pt,4,8.8100,2.9900,0.9499,0.4900
JAJDEE,Ta,4,5.1500,0.8100,0.7202,-0.0410
JIKTIK,Pd,4,7.9100,3.0100,0.9036,0.4928
TAKCIV,Cu,4,0.8400,6.6600,-0.0269,0.8299
PDDMSX13,Pd,4,2.9200,0.0300,0.4800,-0.8861
UCEQOL,Zn,4,1.7900,0.4500,0.2765,-0.2596
NECGIM,Pt,4,3.0700,0.2100,0.5011,-0.5086
WACNOH,Cu,4,2.8700,1.4500,0.4728,0.1903
KAKVAT,Zn,4,3.4300,1.3700,0.5478,0.1673
OFUNUY,Co,4,24.1100,10.6100,1.3840,1.0298
HEPGIT,Pt,4,9.8300,3.1200,0.9969,0.5079
OWEVOC,Pd,4,9.5600,3.7400,0.9850,0.5843
TIZJAO01,Pd,4,9.1800,2.9300,0.9675,0.4814
TOZQEI,Ru,4,1.7800,0.2300,0.2742,-0.4815
RAZLEJ,Pd,4,7.2400,3.3000,0.8657,0.5315
GIBWEU,Pd,4,3.0700,0.2400,0.5011,-0.4685
NEVYOG,Au,4,4.7900,7.3500,0.6893,0.8722
TUFGUW,Pd,4,2.8900,0.0100,0.4757,-0.9586
XUWQAJ,Ir,4,8.6600,3.1800,0.9425,0.5159
REFJES,Os,4,3.2100,0.4100,0.5198,-0.2924
JAJREU,Co,4,0.8500,6.2500,-0.0223,0.8028
LAVQOO,Ni,4,7.4800,2.7000,0.8797,0.4472
UQEKOT,Au,4,7.8100,11.5100,0.8982,1.0648
XETVUN,Pt,4,8.9100,3.0900,0.9547,0.5038
OGEVUS,Fe,4,3.2300,0.3100,0.5224,-0.3872
EYOXIA,Cu,4,6.0200,1.6400,0.7868,0.2405
EGADIZ,Cu,4,2.2100,0.7200,0.3636,-0.0862
IFOGET,Rh,4,3.0300,0.1300,0.4955,-0.6383
QAHSEZ,Cu,4,7.7900,8.2300,0.8971,0.9206
FUBFUF,Cu,4,19.7000,21.1000,1.2967,1.3263
DILGOU,Zn,4,2.5900,0.4600,0.4298,-0.2518
HOLPIH,Ni,4,2.9600,0.0700,0.4857,-0.7696
XAYPIZ,Pd,4,8.5600,3.1600,0.9375,0.5132
OHUTIV,Pd,4,3.5300,0.8200,0.5599,-0.0362
MEFTUN,Pd,4,9.3100,3.3400,0.9736,0.5366
TIRSIA,Pt,4,2.9300,0.0700,0.4814,-0.7696
WANTEO,Pd,4,2.8800,0.0000,0.4742,-1.0000
BUJDIU,Pd,4,2.8800,0.0000,0.4742,-1.0000
FOVJOQ,Ni,4,13.1200,9.4700,1.1212,0.9809
NUQFIQ,Co,4,2.9000,0.0200,0.4771,-0.9208
WUMDUE,Zn,4,3.0500,0.6400,0.4983,-0.1308
ADOLOU,Zn,4,4.6000,4.9000,0.6721,0.6990
DAWBIN01,Pd,4,2.9600,0.1000,0.4857,-0.6990
XAWVEX,Ni,4,3.3300,0.5500,0.5353,-0.1871
QUHZAV,Cu,4,5.6800,1.4900,0.7619,0.2014
VITPET,Cu,4,1.7700,0.3200,0.2718,-0.3768
POLJAF,Cu,4,2.4000,0.6100,0.3979,-0.1487
DAGYOZ01,Pd,4,15.8900,13.9100,1.2038,1.1464
CEFMUY,Cu,4,9.7200,3.2700,0.9921,0.5276
JIVPUZ,Zn,4,2.8800,0.0000,0.4742,-1.0000
HUQCEB,Fe,4,2.8500,0.0000,0.4698,-1.0000
NEXZAU,Ni,4,2.9400,0.0500,0.4829,-0.8239
COVKIK,Pd,4,2.9800,0.1200,0.4886,-0.6576
VUNRUU,Co,4,3.5600,0.1400,0.5635,-0.6198
BERCEI,Pd,4,9.7900,2.8400,0.9952,0.4683
NOSKAK,Ni,4,8.2100,2.9500,0.9196,0.4843
OJABIL,Pt,4,3.4400,0.6900,0.5490,-0.1024
WANNAB,Pd,4,8.8900,11.6300,0.9538,1.0693
SIYMAQ,Pd,4,9.1200,3.0100,0.9647,0.4928
KIFZIM,Zn,4,3.0300,0.2200,0.4955,-0.4949
VIJSOX,Pd,4,3.0600,0.2200,0.4997,-0.4949
CADZIU,Pt,4,3.1900,0.3900,0.5172,-0.3098
GELBAA,Pd,4,3.1500,0.2300,0.5119,-0.4815
ROCYIV,Pt,4,9.1900,3.0500,0.9680,0.4983
PUBHED,Ni,4,9.1600,6.2100,0.9666,0.8000
AJADIZ,Ni,4,8.6200,2.9700,0.9405,0.4871
HECXEV,Pd,4,8.7600,12.3400,0.9474,1.0948
SIJQUZ,Pd,4,9.5500,2.9900,0.9845,0.4900
KICYOM,Hg,4,2.6700,0.0600,0.4425,-0.7959
GUYHEQ,Ni,4,14.1100,23.3100,1.1526,1.3694
BDAZCZ,Zn,4,3.5200,0.1000,0.5587,-0.6990
VIQZAW,Ni,4,11.2000,14.6700,1.0531,1.1694
SEDXAE,Ir,4,3.2600,0.3300,0.5263,-0.3665
SEZJUC11,Cu,4,2.8900,0.0100,0.4757,-0.9586
IGUWOW,Pd,4,8.6700,2.9100,0.9430,0.4786
WATMEL,Rh,4,8.1400,11.0700,0.9159,1.0481
GAJMOV,Pt,4,7.7800,3.0600,0.8965,0.4997
BELVIA,Ni,4,2.9200,0.0400,0.4800,-0.8539
MUZLUP,Pd,4,2.9700,0.0900,0.4871,-0.7212
ZOFHIL,Zn,4,4.6400,0.8600,0.6758,-0.0177
ABAXEH,Ni,4,4.0600,1.6900,0.6191,0.2529
FOGPUN,Pd,4,2.9500,0.1000,0.4843,-0.6990
DACYOW,Pd,4,3.0400,0.2000,0.4969,-0.5229
KAMQEU,Cd,4,2.8200,0.0200,0.4654,-0.9208
OHEHOZ,Zn,4,3.3700,0.6700,0.5403,-0.1135
MOXVON,Ni,4,3.2200,0.4500,0.5211,-0.2596
ODIQOL,Cd,4,2.9500,0.0400,0.4843,-0.8539
YAFLAU,Zn,4,2.9200,0.0300,0.4800,-0.8861
VAJHUK,Zn,4,4.7000,0.5400,0.6812,-0.1938
HAXKIE,Cu,4,3.0500,0.2100,0.4983,-0.5086
YIZTIL,Pt,4,9.1100,9.0200,0.9643,0.9600
AMAYAO,Pd,4,8.4500,3.0000,0.9320,0.4914
ZALRIN,Ni,4,9.8300,3.0400,0.9969,0.4969
DARFAG,Ni,4,8.4900,2.9200,0.9340,0.4800
TIMXIA,Ni,4,3.0000,0.1500,0.4914,-0.6021
KEWLUT,Os,4,3.0300,0.0900,0.4955,-0.7212
TUFNAK,Ni,4,2.8900,0.0100,0.4757,-0.9586
UXILET,Pd,4,9.5100,3.0500,0.9827,0.4983
MIYCEF,Pd,4,8.5500,2.8900,0.9370,0.4757
MIVRUH01,Fe,4,3.5300,0.6900,0.5599,-0.1024
KANZEG,Cu,4,4.4300,0.2800,0.6561,-0.4202
ICIKOX,Cr,4,3.2700,0.5000,0.5276,-0.2218
VUDJOT,Hg,4,4.8700,0.5300,0.6964,-0.2007
GUXNIY,Ni,4,8.9300,3.2300,0.9557,0.5224
QEQZOB01,Pd,4,7.3600,2.9200,0.8727,0.4800
OLAHES,Pt,4,3.6200,1.2800,0.5705,0.1399
UMIHIL,Pd,4,3.1900,0.4100,0.5172,-0.2924
ADEJUR,Co,4,8.4400,2.8500,0.9315,0.4698
JIJVOQ,Ni,4,11.6900,11.5200,1.0715,1.0652
GEKNUJ,Zn,4,3.4400,0.4700,0.5490,-0.2441
ONILEF,Ni,4,2.2300,4.3200,0.3674,0.6454
SAKPAW,Pt,4,2.8800,0.0000,0.4742,-1.0000
XAWXEA,Pt,4,3.5400,0.5700,0.5611,-0.1739
TUDQUH,Ni,4,19.3100,19.7400,1.2880,1.2975
CIRRIG,Pt,4,2.8900,0.0100,0.4757,-0.9586
RUYGAW,Ni,4,2.8900,0.0200,0.4757,-0.9208
KOSROB,Pd,4,2.8400,6.5800,0.4683,0.8248
MEMPUQ,Zn,4,4.4000,0.3200,0.6532,-0.3768
EDELOQ,Cu,4,5.4100,11.8500,0.7412,1.0774
XIGYES,Cu,4,4.1500,0.7200,0.6284,-0.0862
JEKQAS,Pd,4,15.3400,13.6400,1.1886,1.1380
TAQMEE,Ni,4,8.0800,11.6300,0.9128,1.0693
YIXWAD,Pt,4,7.9300,3.2200,0.9047,0.5211
IYINEM,Pt,4,3.0800,0.2100,0.5024,-0.5086
PUTKAT,Pd,4,9.0300,2.9800,0.9605,0.4886
NIVMOX,Pt,4,8.9000,3.0000,0.9542,0.4914
TUWSUB,Pd,4,3.5000,0.8100,0.5563,-0.0410
REFDEP,Cd,4,3.0100,0.0300,0.4928,-0.8861
IRIVIQ,Pd,4,8.7900,2.9900,0.9489,0.4900
MELQOK05,Pt,4,10.0300,3.3200,1.0056,0.5340
ZUZBAA01,Pt,4,3.1200,0.2100,0.5079,-0.5086
QIQXAR,Hg,4,2.0600,0.4800,0.3345,-0.2366
YIDTUE,Pd,4,9.4200,3.3500,0.9786,0.5378
AZEPUR,Cu,4,2.9300,0.0500,0.4814,-0.8239
RAYBOK,Pd,4,3.1100,0.3000,0.5065,-0.3979
ECULAT,Ni,4,9.0900,2.8700,0.9633,0.4728
JELMEV,Ag,4,10.1200,2.4300,1.0095,0.4031
YOKMIW,Ni,4,9.5500,3.0600,0.9845,0.4997
NONWES68,Pd,4,8.2100,2.9100,0.9196,0.4786
XECFOE,Pd,4,8.4500,3.0200,0.9320,0.4942
HUKSEL,Pd,4,9.4800,3.0000,0.9814,0.4914
IFOTIK,Pd,4,3.3400,0.5700,0.5366,-0.1739
LIJCIR,Pd,4,8.1200,9.5000,0.9149,0.9823
OVOQOH,Co,4,13.6600,14.3600,1.1386,1.1602
MOXREX,Co,4,1.7700,2.7400,0.2718,0.4533
XIWKIZ,Ni,4,15.5400,6.3400,1.1942,0.8089
TAHYIM,Zn,4,7.0400,10.1900,0.8537,1.0124
AHEPOT,Fe,4,2.5600,0.0200,0.4249,-0.9208
JIVVAP,Ni,4,12.1500,18.1200,1.0881,1.2605
IWUPOG01,Ni,4,12.1000,7.9900,1.0864,0.9079
KIKBEM,Ni,4,3.2100,0.4200,0.5198,-0.2840
DEDDAT,Pd,4,8.1400,3.0000,0.9159,0.4914
OGOVAH,Pd,4,3.2200,0.3300,0.5211,-0.3665
MEYLAF,Pd,4,2.9800,0.1300,0.4886,-0.6383
COFPOE,Pd,4,8.7600,2.9400,0.9474,0.4829
TOKZAX,Zn,4,2.9400,0.2500,0.4829,-0.4559
GEZCUM,Co,4,2.7900,0.0400,0.4609,-0.8539
RAFGUC,Hg,4,10.1400,2.2600,1.0103,0.3729
LEZTUH,Pt,4,8.5700,2.8800,0.9380,0.4742
MOYQIE,Zn,4,3.1900,0.3600,0.5172,-0.3372
HUBPOJ,Pt,4,3.0200,0.1800,0.4942,-0.5528
ULOGOS,Ag,4,3.9400,2.1300,0.6064,0.3483
XIHGOK,Pd,4,3.1600,0.3100,0.5132,-0.3872
GIWBOG,Cu,4,1.0400,0.4700,0.0569,-0.2441
GUDLOG,Fe,4,9.9600,3.0700,1.0026,0.5011
RUCRUG,Ni,4,8.0300,2.9000,0.9101,0.4771
YIFLEH,Pd,4,8.5700,2.8800,0.9380,0.4742
IKECIM,Pt,4,8.3200,2.9600,0.9253,0.4857
IQIRIK,Pd,4,8.5100,2.9300,0.9350,0.4814
JOFZAF,Pt,4,7.9400,4.2700,0.9053,0.6405
XABKUL,Zn,4,2.6700,0.5000,0.4425,-0.2218
IFEPAK,Pd,4,3.0700,0.2500,0.5011,-0.4559
HEJDOS,Pd,4,8.8300,2.9100,0.9509,0.4786
IYACUG,Ni,4,3.1300,0.3100,0.5092,-0.3872
WEHTOW,Pt,4,4.1200,1.5000,0.6253,0.2041
MUFLUX,Au,4,3.4000,0.6400,0.5441,-0.1308
FIWHOI,Ti,4,2.5000,0.1300,0.4150,-0.6383
DORWEM,Rh,4,9.5100,3.0900,0.9827,0.5038
ZUCSUP,Co,4,4.3500,1.1600,0.6484,0.1004
COQWOY,Pd,4,2.9100,0.0300,0.4786,-0.8861
RIWYUR,Pd,4,8.4700,3.1300,0.9330,0.5092
WAMSOV,Cu,4,7.1700,1.6800,0.8615,0.2504
AFEMEE04,Zn,4,4.3900,0.4300,0.6522,-0.2757
TEGNIC,Cu,4,3.5700,0.2000,0.5647,-0.5229
BINDUA,Pd,4,3.1400,0.3300,0.5105,-0.3665
RAZBED,Mn,4,0.9100,6.3400,0.0043,0.8089
NEZBIH,Pt,4,9.7600,3.2300,0.9939,0.5224
WEPWUL,Pd,4,8.9900,2.9600,0.9586,0.4857
LIHMEY,Cu,4,2.8500,0.0800,0.4698,-0.7447
RIVWOL,Cd,4,3.5800,0.0400,0.5658,-0.8539
UMASEH,Co,4,2.3300,1.6700,0.3856,0.2480
KAHXAU,Pt,4,8.5800,2.8600,0.9385,0.4713
RIPMEM,Cd,4,9.2700,4.2300,0.9717,0.6365
XEKKOP,Ni,4,9.1900,3.0000,0.9680,0.4914
SEGTEE,Hg,4,3.0200,0.0600,0.4942,-0.7959
KEDLUA,Pd,4,8.2500,2.9300,0.9217,0.4814
OGAZIF,Ni,4,2.7600,0.2600,0.4564,-0.4437
HURGAC,Cu,4,3.6600,1.6900,0.5752,0.2529
UNOPOD,Cu,4,8.9500,16.1200,0.9566,1.2101
EPAVIB,Pd,4,9.7600,3.0300,0.9939,0.4955
BUQZUI,Pt,4,3.4200,0.6500,0.5465,-0.1249
SOSGIR,Zn,4,2.6600,1.0400,0.4409,0.0569
PAYZUO,Cu,4,8.4300,15.4700,0.9309,1.1923
RAKZAH,Ir,4,9.3600,3.1000,0.9759,0.5051
TECLOE,Pd,4,8.3200,3.3100,0.9253,0.5328
BAVJUH,Pt,4,3.2500,0.3800,0.5250,-0.3188
RUTVUX,Pt,4,2.8800,0.0000,0.4742,-1.0000
MIVJUY,Pd,4,7.2900,3.2900,0.8686,0.5302
OCIQUP,Cu,4,7.4000,9.1300,0.8751,0.9652
GEJDUX,Pd,4,2.8800,0.0000,0.4742,-1.0000
QICKUJ,Co,4,3.6400,0.3800,0.5729,-0.3188
EGUDAN,Zn,4,2.5900,0.7700,0.4298,-0.0605
SIJWAL,Ni,4,3.1200,0.3100,0.5079,-0.3872
QINSAL,Ni,4,2.8900,0.0100,0.4757,-0.9586
LIJBUC,Pd,4,3.0800,0.2300,0.5024,-0.4815
AGICIC,Pt,4,8.5800,3.0200,0.9385,0.4942
AJOJUH,Os,4,1.9800,0.5300,0.3181,-0.2007
HISGOI,Cr,4,3.8700,1.1200,0.5988,0.0864
NOFTAG,Fe,4,8.8500,3.1900,0.9518,0.5172
UVAFON,Fe,4,3.8000,0.5700,0.5911,-0.1739
DIPREB,Pd,4,19.9000,19.1800,1.3010,1.2851
LUGNUW,Fe,4,3.6900,0.9200,0.5786,0.0086
NAHGEM,Fe,4,5.4800,1.1200,0.7466,0.0864
WAHYUD,Cu,4,8.2300,2.4500,0.9206,0.4065
JEXWEO,Pd,4,10.5600,3.1200,1.0278,0.5079
XOKREV,Ni,4,21.9800,20.8100,1.3440,1.3204
TIHYEO,Cu,4,3.6500,1.8800,0.5740,0.2967
JITMUU01,Mo,4,2.7200,0.3400,0.4502,-0.3565
ILOGOF,V,4,2.9900,0.0800,0.4900,-0.7447
JUDLUR,Cu,4,6.2500,2.4200,0.8028,0.4014
QUGPAK,Cu,4,3.4300,0.0900,0.5478,-0.7212
WAKDEV,Mn,4,3.0000,0.0400,0.4914,-0.8539
MIDKER,Fe,4,3.2800,0.1400,0.5289,-0.6198
NEDMEO,Pd,4,2.9400,0.0600,0.4829,-0.7959
GOBJOY02,Ti,4,3.3900,4.3500,0.5428,0.6484
RUCDOM,Pd,4,3.1200,0.3400,0.5079,-0.3565
PEBYEC,Cu,4,0.8400,0.6200,-0.0269,-0.1427
HIRJUR,Au,4,7.3800,3.2600,0.8739,0.5263
PAKLET,Pd,4,9.6100,3.1900,0.9872,0.5172
NIDCAR06,Ni,4,8.8700,21.6300,0.9528,1.3371
NAYNAE,Pd,4,9.2400,2.9600,0.9703,0.4857
OHUTUG,Zn,4,3.1300,0.2000,0.5092,-0.5229
KAZWOA,Fe,4,8.1700,3.3700,0.9175,0.5403
QAWMOS,Mo,4,7.9600,2.7000,0.9063,0.4472
GIGXOK01,Cu,4,2.8200,0.0000,0.4654,-1.0000
UJIYIW,Pd,4,8.0500,3.1900,0.9112,0.5172
ERIRIJ,Ni,4,8.6500,2.8800,0.9420,0.4742
UNADUI,Ni,4,2.6400,0.1600,0.4378,-0.5850
IDUCIV,Fe,4,4.5200,0.9700,0.6646,0.0294
DIJPAQ,Ni,4,8.6300,2.9900,0.9410,0.4900
ZUZMAM,Pt,4,9.0000,3.2100,0.9590,0.5198
IKODUJ,Rh,4,10.6600,3.0000,1.0318,0.4914
TOPDEL,Co,4,7.8700,2.9600,0.9015,0.4857
PITPUG,Cd,4,2.9700,0.0300,0.4871,-0.8861
NOKJAA,Zn,4,3.4200,1.0700,0.5465,0.0682
HAFKAE,Fe,4,5.7000,1.0400,0.7634,0.0569
FECXUK,Zn,4,1.5400,2.9100,0.2148,0.4786
FESTAC,Cu,4,3.1000,0.2700,0.5051,-0.4318
QUNFIQ,Ni,4,4.0100,0.2700,0.6138,-0.4318
AHEREN,Pt,4,8.4400,2.8900,0.9315,0.4757
GEQJAR,Re,4,2.7800,0.0000,0.4594,-1.0000
PARYUF,Pt,4,3.0400,0.1700,0.4969,-0.5686
RUGLOY,Ni,4,3.0000,0.1800,0.4914,-0.5528
EVUBOM,Ni,4,2.8500,0.0800,0.4698,-0.7447
WOPCOT,V,4,2.9300,0.0300,0.4814,-0.8861
SIDPEC,Zn,4,3.8600,3.9900,0.5977,0.6117
TACHOV,Pt,4,3.0700,0.2400,0.5011,-0.4685
WUHLEQ,Ni,4,19.4400,18.3300,1.2909,1.2655
YUPJEA,Zn,4,2.7200,0.0100,0.4502,-0.9586
KUVSUP,Pd,4,7.8100,3.1500,0.8982,0.5119
IZABAO,Pt,4,8.3900,3.3400,0.9289,0.5366
TUSSUX,Pt,4,8.4200,3.1500,0.9304,0.5119
UFUQAN,Ni,4,2.8800,0.0000,0.4742,-1.0000
BONZAG,Cu,4,6.0000,1.2400,0.7853,0.1271
OGITUV01,Ni,4,9.8900,3.2000,0.9996,0.5185
DIFSIX,Sc,4,3.1500,0.0500,0.5119,-0.8239
FUGYUD,Co,4,3.9600,0.2600,0.6085,-0.4437
CAQSIY,Pd,4,7.9100,3.0000,0.9036,0.4914
HOPVAN,Ni,4,2.8800,0.4000,0.4742,-0.3010
XEBWUZ,Co,4,5.7900,1.4700,0.7701,0.1959
RAFDUX,Ru,4,8.4700,2.9400,0.9330,0.4829
WOKFUX,Pd,4,8.1300,2.9200,0.9154,0.4800
WUTREJ,Pd,4,8.6100,2.8600,0.9400,0.4713
QASYEQ,Rh,4,3.4400,0.7500,0.5490,-0.0706
MAQPIG,Pt,4,3.0400,0.2100,0.4969,-0.5086
JEXZES,Pt,4,9.2600,3.0900,0.9713,0.5038
NAFGOT,Zn,4,21.3300,20.1000,1.3310,1.3054
NACCIE,Cd,4,3.3200,0.0400,0.5340,-0.8539
TULXOQ,Pd,4,3.2500,0.4700,0.5250,-0.2441
TOYVOU,Ni,4,4.6000,1.5300,0.6721,0.2122
JEKTEB,Ni,4,17.8100,20.8200,1.2531,1.3206
MIJBIQ,Co,4,3.8100,0.8500,0.5922,-0.0223
ARIZIK,Pd,4,8.9500,3.3200,0.9566,0.5340
OVAPUX,Zn,4,4.1300,0.5900,0.6263,-0.1612
EHIMIU,Pt,4,7.5200,3.1900,0.8820,0.5172
YUGYEI01,Mn,4,2.6200,0.0400,0.4346,-0.8539
VOXQEH,Cu,4,9.2500,14.7200,0.9708,1.1708
HAQNEV,Pd,4,8.3500,2.8600,0.9269,0.4713
UNUGOB,Cu,4,9.0600,2.9100,0.9619,0.4786
ZOLCEM,Fe,4,11.4300,9.5000,1.0618,0.9823
ZOPBEL,Pd,4,9.3200,6.3500,0.9741,0.8096
GEGZIF,Ag,4,6.4800,3.2100,0.8182,0.5198
KEXLAB,Ni,4,8.0600,2.9900,0.9117,0.4900
MUBMIJ,Cd,4,3.1400,0.0500,0.5105,-0.8239
LUFMOQ,Pd,4,3.0500,0.2100,0.4983,-0.5086
SEDKIV10,Pd,4,9.6100,3.0000,0.9872,0.4914
REWSUK,Ni,4,2.9200,0.0500,0.4800,-0.8239
QAJPAT,Fe,4,3.0600,0.7100,0.4997,-0.0915
COQVIP01,Zn,4,3.9200,0.6200,0.6042,-0.1427
NOLGED,Ag,4,7.8400,5.4700,0.8998,0.7459
WAMPAF,Pt,4,8.6500,3.1100,0.9420,0.5065
KIGHEO,Ag,4,2.8900,0.3800,0.4757,-0.3188
QOCZAJ,Pt,4,3.0800,0.2800,0.5024,-0.4202
WOVTIN,Au,4,7.9800,3.1200,0.9074,0.5079
FAYCEP07,Ni,4,9.0400,20.0300,0.9609,1.3038
GABRUW,Cr,4,2.6200,0.2400,0.4346,-0.4685
MEBFOS,Pd,4,2.9800,0.1200,0.4886,-0.6576
PATCOE,Pt,4,3.0700,0.2500,0.5011,-0.4559
WORQED,Pt,4,3.5500,0.8100,0.5623,-0.0410
WAGJAQ,Pd,4,9.0500,2.9700,0.9614,0.4871
UJOXAW,Zn,4,2.6400,0.0100,0.4378,-0.9586
OLOVEU,Cu,4,7.6600,5.7300,0.8899,0.7657
CILDEK,Co,4,3.1200,0.3200,0.5079,-0.3768
COSQOQ,Ni,4,2.8800,0.0000,0.4742,-1.0000
FUBZAD,Co,4,2.5600,0.0700,0.4249,-0.7696
MIFNUK,Cu,4,2.7900,0.0300,0.4609,-0.8861
IDOBOS,Pd,4,2.8900,0.0100,0.4757,-0.9586
LEYXUL,Pt,4,9.5000,3.0500,0.9823,0.4983
LINMOL,Pd,4,11.6100,13.5000,1.0686,1.1335
KOBMUJ,Pt,4,8.4400,2.9400,0.9315,0.4829
YIRMOF,Zn,4,1.7000,0.3600,0.2553,-0.3372
VOVYAJ,Pd,4,3.1700,0.3300,0.5145,-0.3665
ODOPEF,Hg,4,4.8600,3.1000,0.6955,0.5051
JUQVAV,Zn,4,2.9900,0.7100,0.4900,-0.0915
PYTOCU,Cu,4,3.7100,0.3200,0.5809,-0.3768
NAPMAU,Pd,4,12.6200,8.7800,1.1045,0.9484
VAMFOG,Zn,4,3.0900,0.2000,0.5038,-0.5229
SIYHEO,Ni,4,8.4700,2.8800,0.9330,0.4742
QAVHOL,Pt,4,8.2600,3.3200,0.9222,0.5340
XIRTOL,Co,4,2.5700,0.1600,0.4265,-0.5850
FUZSID,Cu,4,1.4500,0.3700,0.1903,-0.3279
GOBJOY01,Ti,4,3.3900,4.3500,0.5428,0.6484
AVIVOS,Pt,4,2.9500,0.1000,0.4843,-0.6990
ELENEO,Pd,4,7.9500,2.9300,0.9058,0.4814
IJUDUM,Pt,4,9.8100,3.0500,0.9961,0.4983
IZIYOG,Ni,4,8.9100,12.3000,0.9547,1.0934
YODNAG,Cu,4,2.9300,0.0400,0.4814,-0.8539
HIRLIH,Ni,4,2.9600,0.1200,0.4857,-0.6576
FUXNES,Pt,4,9.3800,2.9600,0.9768,0.4857
OFOFAU,Ag,4,4.8600,0.8700,0.6955,-0.0132
DMSOPD01,Pd,4,8.0600,3.0100,0.9117,0.4928
DEPXAA,Pd,4,3.0600,0.2300,0.4997,-0.4815
CEDYES,Cd,4,3.5800,0.0800,0.5658,-0.7447
ZOLHIT,Ni,4,7.8200,3.0100,0.8987,0.4928
TIHQIK,Pt,4,2.9600,0.1000,0.4857,-0.6990
BUPYER,Cu,4,2.3900,0.1200,0.3962,-0.6576
AYESAA,Cu,4,2.9900,0.4600,0.4900,-0.2518
OFODIW,Cu,4,7.3600,2.0900,0.8727,0.3404
SOLXUO,Pd,4,9.1000,3.0000,0.9638,0.4914
CUHNUQ,Zn,4,2.1100,0.3600,0.3444,-0.3372
DOFPEU,Pd,4,8.7200,2.9200,0.9455,0.4800
JISFEW,V,4,3.4600,0.6900,0.5514,-0.1024
WEGJIE,Pd,4,2.9200,0.0500,0.4800,-0.8239
FISVAG,Pd,4,3.6300,0.9100,0.5717,0.0043
CUPOCY19,Cu,4,2.8800,0.0000,0.4742,-1.0000
NUTLAQ,Cu,4,3.0200,0.1200,0.4942,-0.6576
LEGWEA,Ni,4,11.7700,22.6100,1.0745,1.3562
IFIJOY,Fe,4,7.0700,2.7100,0.8555,0.4487
IWASIK,Au,4,2.9700,0.1200,0.4871,-0.6576
KEVGIC,Pd,4,9.5100,3.1500,0.9827,0.5119
PUVNIG,Ni,4,3.0900,0.2400,0.5038,-0.4685
WISJEN,Pt,4,2.9100,0.0400,0.4786,-0.8539
EMERUK,Fe,4,4.5300,1.3300,0.6656,0.1553
ERUPOZ,Pd,4,3.5300,0.8300,0.5599,-0.0315
SOVVEH,Ti,4,4.4700,1.2400,0.6599,0.1271
GAMZIE01,Fe,4,5.2700,0.7000,0.7300,-0.0969
BABSIK,Cu,4,2.9200,0.0300,0.4800,-0.8861
BEJKUZ,Cu,4,2.9000,0.0200,0.4771,-0.9208
MUJWAT,Fe,4,2.9700,0.0000,0.4871,-1.0000
LUFQAE,Co,4,3.0100,0.3400,0.4928,-0.3565
YACLEV,Pt,4,3.1700,0.5200,0.5145,-0.2076
QOSZON08,Fe,4,2.5800,2.1900,0.4281,0.3598
ZUJFIT,Ni,4,4.7200,4.1200,0.6830,0.6253
JUWGUD,Fe,4,3.8500,1.1200,0.5966,0.0864
TIHXUH,Ni,4,2.8800,0.0000,0.4742,-1.0000
PYSCUA,Cu,4,2.6600,0.8700,0.4409,-0.0132
EWEYEK,Pt,4,3.0400,0.1900,0.4969,-0.5376
WUSXOZ,Pt,4,7.9900,3.1900,0.9079,0.5172
GERYIO,Pd,4,2.9000,0.0200,0.4771,-0.9208
VECTUU,Co,4,3.3500,0.2700,0.5378,-0.4318
VIKBEX,Pt,4,9.6400,3.2500,0.9886,0.5250
QEYZUS,Cu,4,3.8500,0.7400,0.5966,-0.0757
UBEYAF,Cu,4,2.8800,0.0000,0.4742,-1.0000
POJKIK,Pd,4,9.2700,3.1100,0.9717,0.5065
SOKBUP,Ni,4,2.9200,0.0400,0.4800,-0.8539
TABPIV03,Fe,4,3.0700,0.0000,0.5011,-1.0000
LEHSAU,Hg,4,5.4700,2.2000,0.7459,0.3617
MITZIZ,Pt,4,9.3000,3.1300,0.9731,0.5092
RAWXUI,Cu,4,3.6400,0.6600,0.5729,-0.1192
TAYGOQ,Pd,4,9.2100,3.5600,0.9689,0.5635
IDACUN,Pd,4,10.4100,3.3500,1.0216,0.5378
DANQOY,Pd,4,9.6400,13.2000,0.9886,1.1239
PUPPOH,Pd,4,9.1900,3.3000,0.9680,0.5315
LEBJOU,Pt,4,9.4500,13.2800,0.9800,1.1265
YINCEE,Co,4,4.1200,0.3300,0.6253,-0.3665
OVIFAB,Pt,4,2.9600,0.1200,0.4857,-0.6576
JEYBOE,Pt,4,2.8800,0.0000,0.4742,-1.0000
FITWAI,Cu,4,15.0900,16.1900,1.1816,1.2119
LAKCAD,Cu,4,8.3400,2.8100,0.9263,0.4639
YADQUS01,Zn,4,3.6400,0.7600,0.5729,-0.0655
ABAKAS,Pt,4,3.4900,0.7900,0.5551,-0.0506
SOJJEJ,Cu,4,7.6500,8.0500,0.8893,0.9112
EXIHOI,Cu,4,9.4100,10.2100,0.9782,1.0133
MIGTEE02,Ni,4,19.5500,16.3400,1.2934,1.2159
KIHDEO,Pd,4,9.3200,3.1200,0.9741,0.5079
QOYFET,Ni,4,11.1900,17.0600,1.0527,1.2345
TAHBEM,Pd,4,3.2500,0.4600,0.5250,-0.2518
AGEZES,Cu,4,8.2200,2.4600,0.9201,0.4082
RITZOK,Pt,4,9.4700,3.1700,0.9809,0.5145
RAGKUH,Zn,4,2.7700,1.2100,0.4579,0.1173
KUSPOG,Cu,4,2.9700,0.1800,0.4871,-0.5528
AGULIB,Ni,4,7.9100,5.4200,0.9036,0.7419
PIJQII,Pd,4,2.9900,0.1300,0.4900,-0.6383
KOJQEF,Pt,4,8.3600,2.8900,0.9274,0.4757
VIHHAW01,Cu,4,7.9500,2.5000,0.9058,0.4150
IGOWAD,Pd,4,3.3900,0.4900,0.5428,-0.2291
AFOVEW,Cu,4,6.4700,1.8800,0.8176,0.2967
TIHFAT,Pd,4,9.7700,3.1500,0.9943,0.5119
NIGVOQ03,Zn,4,2.6800,0.0100,0.4440,-0.9586
GOWQUE,Zn,4,4.3100,0.5100,0.6444,-0.2147
OVANIJ,Zn,4,11.7700,18.5200,1.0745,1.2700
TUMFIS,Co,4,3.9000,1.1800,0.6021,0.1072
POTLIU,Co,4,4.4400,1.4400,0.6571,0.1875
ODAXEX01,Ni,4,2.9100,0.0300,0.4786,-0.8861
IYAVAI,Pt,4,9.7900,3.3000,0.9952,0.5315
FUGVOU,Cu,4,4.8800,0.8600,0.6972,-0.0177
NUTBUA,Ni,4,3.9800,1.5100,0.6107,0.2068
NIZQUK,Pd,4,3.1400,0.3200,0.5105,-0.3768
HULNAD,Cu,4,8.4600,2.9100,0.9325,0.4786
JIVMUW,Zn,4,0.7400,0.3700,-0.0757,-0.3279
COSXOX01,Cu,4,9.2900,2.9400,0.9727,0.4829
PAVVUE,Hg,4,3.5800,3.4400,0.5658,0.5490
WIKWUK,Pt,4,8.6500,3.2600,0.9420,0.5263
INOKED,Pd,4,9.8100,9.9100,0.9961,1.0004
SICSAZ,Au,4,8.8200,3.1600,0.9504,0.5132
WAKJOK,Ni,4,2.9500,0.0600,0.4843,-0.7959
JUSKEQ,Cu,4,1.0700,0.5400,0.0682,-0.1938
KEXNOR,Zn,4,13.9500,13.0200,1.1477,1.1179
SUTNON,Pt,4,8.3700,2.8900,0.9279,0.4757
JOZVOJ,Pd,4,9.1300,3.1800,0.9652,0.5159
OWEFED02,Cu,4,2.8300,0.0200,0.4669,-0.9208
GOTCAW,Mn,4,2.9000,2.7300,0.4771,0.4518
CEYBUD01,Pd,4,8.3300,2.9100,0.9258,0.4786
GITWIP,Ni,4,3.0100,0.1600,0.4928,-0.5850
EXOQUE,Cu,4,18.9700,18.0100,1.2804,1.2579
KITKUW,Cd,4,2.9100,0.0500,0.4786,-0.8239
DUKKEB,Pd,4,8.5800,2.8800,0.9385,0.4742
ZEMRIS,Hg,4,1.0300,0.7300,0.0531,-0.0809
WEFFOG,Zn,4,2.9200,0.0100,0.4800,-0.9586
QEHKOH,Cu,4,2.8100,1.8900,0.4639,0.2989
JUVTUR,Pt,4,3.1700,0.3700,0.5145,-0.3279
WEXZUX,Ni,4,3.2300,0.4500,0.5224,-0.2596
RIVFEL,Pt,4,11.1200,7.4100,1.0500,0.8756
GOSHIF,Ni,4,18.6100,20.1700,1.2721,1.3069
XEFZOY,Pd,4,8.7700,3.2100,0.9479,0.5198
ARELAL,Ni,4,9.0300,3.1500,0.9605,0.5119
FIDWEV,Pd,4,7.7000,3.0200,0.8921,0.4942
XIVPIC,Os,4,3.5600,2.7100,0.5635,0.4487
TAGRIG,Pt,4,2.8800,0.0100,0.4742,-0.9586
ATOGEW,Pd,4,9.1500,7.3100,0.9661,0.8698
GOLPEC,Rh,4,3.4200,0.6700,0.5465,-0.1135
DIXHUQ,Ni,4,8.0700,2.9200,0.9122,0.4800
KELDOY,Zn,4,6.4100,1.7200,0.8136,0.2601
JUCJEZ,Mn,4,2.9300,0.0300,0.4814,-0.8861
WOTDIW,Pt,4,9.0100,2.9200,0.9595,0.4800
PSALCU,Cu,4,2.9200,0.0500,0.4800,-0.8239
AGEXAL,Re,4,3.8900,3.4800,0.6010,0.5539
IHOPAA,Pt,4,3.5700,0.8400,0.5647,-0.0269
DARNAN,Pd,4,9.0300,13.3200,0.9605,1.1278
FEWZEO,Zn,4,7.0900,1.8700,0.8567,0.2945
ALOZUX,Pd,4,8.6300,3.0600,0.9410,0.4997
RIZLOB,Hg,4,2.3600,0.0600,0.3909,-0.7959
HOVRIW,Pd,4,9.0700,3.0300,0.9624,0.4955
MEXWAP,Au,4,2.9700,0.1100,0.4871,-0.6778
PANFAN,Cu,4,3.1100,0.2800,0.5065,-0.4202
LESNED,Pd,4,15.9700,21.0900,1.2060,1.3261
RUBLUY,Cu,4,5.4700,0.8800,0.7459,-0.0088
NEZRIX,Pt,4,3.3600,0.5900,0.5391,-0.1612
QOCVUZ,Ni,4,19.8800,15.5900,1.3006,1.1956
YEQGAG,Ag,4,10.2800,4.2700,1.0162,0.6405
LUYTOQ,Pd,4,3.1800,0.3700,0.5159,-0.3279
COWKOO,Pt,4,3.2200,0.3400,0.5211,-0.3565
FEDSIU,Fe,4,3.1800,0.3600,0.5159,-0.3372
BUYKUB10,Fe,4,2.8800,0.0000,0.4742,-1.0000
JOLREJ01,Cu,4,4.3700,0.4400,0.6503,-0.2676
OBOMEZ,Co,4,3.0600,0.0100,0.4997,-0.9586
CILFOV,Pd,4,7.5200,3.1300,0.8820,0.5092
YIGKAA,Pt,4,2.9600,0.1400,0.4857,-0.6198
QQQGZV01,Cu,4,15.8000,19.8400,1.2014,1.2997
GIQYAI,Pd,4,3.1700,0.2500,0.5145,-0.4559
GUMQIR,Pd,4,3.2900,0.4600,0.5302,-0.2518
IYIFEC,Pt,4,10.3300,3.1700,1.0183,0.5145
XAVWIB,Pd,4,9.3400,7.0800,0.9750,0.8561
AKEVER,Cu,4,2.9500,0.0800,0.4843,-0.7447
EHUDES,Zn,4,2.8000,0.4900,0.4624,-0.2291
IXESAG,Pd,4,2.9100,0.0300,0.4786,-0.8861
NOVJIU,Pd,4,2.9800,0.1200,0.4886,-0.6576
PUTSUV,Cu,4,7.1300,1.5400,0.8591,0.2148
IWACUF,Pt,4,2.9400,0.0600,0.4829,-0.7959
BAZTOM,Pt,4,2.9100,0.0200,0.4786,-0.9208
HASKEU,Zn,4,18.2000,10.4800,1.2625,1.0245
QIRJUY,Zn,4,5.6600,1.1700,0.7604,0.1038
DEGWIZ,Fe,4,3.3400,0.6200,0.5366,-0.1427
SIYZIN,Cu,4,5.7600,1.0400,0.7679,0.0569
HIJNOG,Ni,4,15.6500,20.7600,1.1973,1.3193
QUNBOQ,Rh,4,8.5200,3.0700,0.9355,0.5011
NUQHAM,Pd,4,8.7900,3.0900,0.9489,0.5038
LEVFUO,Fe,4,3.1500,0.2700,0.5119,-0.4318
LOTWAS,Pt,4,9.9400,3.0700,1.0017,0.5011
FOMYOV,Ti,4,13.7400,16.3000,1.1411,1.2148
BINBOT,Cu,4,2.8900,0.0100,0.4757,-0.9586
TIMXAP,Cu,4,9.1700,8.8200,0.9671,0.9504
SIYBIO,Pd,4,8.8400,13.2000,0.9513,1.1239
EHUZOY,Ni,4,7.4400,4.7700,0.8774,0.6875
YOGVUN,Pd,4,2.9300,0.0500,0.4814,-0.8239
RAVCAS03,Pd,4,2.9300,0.0400,0.4814,-0.8539
KUPJIP,Co,4,27.2200,12.9800,1.4365,1.1166
HAPWOK,Pd,4,8.0200,2.9900,0.9096,0.4900
NACFEF,Cu,4,3.6400,2.0800,0.5729,0.3385
ZOPJEV,Pd,4,2.9300,0.0500,0.4814,-0.8239
HOXZID,Cd,4,3.1400,0.1400,0.5105,-0.6198
DUVXOH,Cu,4,2.8900,0.0100,0.4757,-0.9586
IKUMAG,Pd,4,3.0500,0.2200,0.4983,-0.4949
POFFOG01,Ni,4,19.5600,18.5400,1.2936,1.2704
LUCHOG,Co,4,4.5400,1.1900,0.6665,0.1106
AMAHEE,Ni,4,9.1400,3.0300,0.9657,0.4955
FUZSUR,Ru,4,1.6600,0.4400,0.2455,-0.2676
KAMYOP,Pt,4,3.1200,0.3800,0.5079,-0.3188
VABCEL,Cu,4,2.8900,0.0100,0.4757,-0.9586
EGICON,Rh,4,9.4800,3.0300,0.9814,0.4955
ZAZQUM,Zn,4,3.8900,0.4300,0.6010,-0.2757
IRIKUP,Pt,4,2.8900,0.0100,0.4757,-0.9586
AGUGUG,Pd,4,2.8900,0.0100,0.4757,-0.9586
BILVOL,Pd,4,9.1600,3.1200,0.9666,0.5079
UVAJOR,Cd,4,5.1500,0.6300,0.7202,-0.1367
RABSAS,Fe,4,3.9400,0.2900,0.6064,-0.4089
VIDJIE,Cu,4,7.8100,2.5800,0.8982,0.4281
FISKAU,Pd,4,8.4800,2.8900,0.9335,0.4757
WOHKIN,Rh,4,11.4000,7.6100,1.0607,0.8871
DANLOV,Pd,4,7.8200,11.0500,0.8987,1.0473
IXEDOH,Cu,4,5.6300,1.5200,0.7582,0.2095
FOHSAA,Hg,4,2.0700,0.0700,0.3365,-0.7696
RUHPUG,Pd,4,8.7900,3.0800,0.9489,0.5024
DAWXEI,Pd,4,9.0400,3.2800,0.9609,0.5289
WEHWAI,Fe,4,4.3500,0.4100,0.6484,-0.2924
MEFHUE,Cu,4,7.9700,2.8400,0.9069,0.4683
WIJYOE,Pd,4,2.9300,0.0500,0.4814,-0.8239
CAQSOE,Pd,4,8.1400,2.9600,0.9159,0.4857
CAQCEC,Zn,4,2.3700,1.5700,0.3927,0.2227
MUCJEC,Cr,4,6.6800,0.8400,0.8312,-0.0269
FINYIL,Pt,4,7.9000,3.0200,0.9031,0.4942
TAKVUY,Cu,4,7.0700,1.0300,0.8555,0.0531
DOWSIS,Cd,4,3.5400,0.0500,0.5611,-0.8239
EMAGEF,Co,4,2.6900,0.0100,0.4456,-0.9586
REXYUQ,W,4,2.7700,0.0000,0.4579,-1.0000
IHOMEB,Pt,4,3.5600,0.8200,0.5635,-0.0362
LINBEQ,Co,4,4.1200,0.4700,0.6253,-0.2441
TUCKIN,Cu,4,2.9100,0.0300,0.4786,-0.8861
MIVKIP,Pt,4,9.7000,23.4900,0.9912,1.3727
PTHCZN04,Zn,4,2.8800,0.0000,0.4742,-1.0000
GURLAJ,Zn,4,2.5200,0.9300,0.4183,0.0128
ZZZNOO02,Cu,4,8.4800,11.4700,0.9335,1.0633
NIYBEC,Pd,4,7.6600,3.0900,0.8899,0.5038
MUSKAN,Pd,4,8.3400,2.8900,0.9263,0.4757
WUWCUM,Pd,4,9.3200,3.1000,0.9741,0.5051
XAJCUK,Pd,4,8.7500,3.7100,0.9469,0.5809
BEXTII,Pd,4,3.2700,0.4600,0.5276,-0.2518
REMNEC,Cu,4,9.0700,2.7800,0.9624,0.4594
POXCIR,Ni,4,12.1000,6.0300,1.0864,0.7875
XEZXOR,Pt,4,11.0600,3.2900,1.0477,0.5302
KOWREV,Pd,4,3.0500,0.2100,0.4983,-0.5086
TELROU,Co,4,4.1200,0.2500,0.6253,-0.4559
RILNEJ,Ni,4,2.8800,0.0000,0.4742,-1.0000
GUBPOJ,Pt,4,4.4700,1.4000,0.6599,0.1761
UDUROC,Co,4,3.0300,0.3100,0.4955,-0.3872
GONZOC10,Rh,4,3.0100,0.1900,0.4928,-0.5376
TEQCOI,Mn,4,4.4600,1.4200,0.6590,0.1818
MIWBIF,Pd,4,2.8800,0.0000,0.4742,-1.0000
LOYGUE,Pt,4,2.9700,0.1300,0.4871,-0.6383
QOVLAR,Zn,4,3.9300,0.6800,0.6053,-0.1079
KAJXOM,Cu,4,4.1300,1.4600,0.6263,0.1931
VIMYEW,Ni,4,17.5200,18.5700,1.2460,1.2711
TOKYIB,Mo,4,3.4900,0.6200,0.5551,-0.1427
FOSWEQ,Pd,4,2.9400,0.0500,0.4829,-0.8239
CEZVUB,Pd,4,7.8000,5.4200,0.8976,0.7419
ZOHGOV,Pd,4,7.5600,3.4100,0.8842,0.5453
FISKUP01,Cu,4,6.3000,1.6000,0.8062,0.2304
QASCOE,Pt,4,7.9700,2.9700,0.9069,0.4871
KOZSOM,Fe,4,7.4200,9.7200,0.8762,0.9921
WUHFUB,Pd,4,3.0900,0.2200,0.5038,-0.4949
TEGVIK,Zn,4,2.8800,0.0000,0.4742,-1.0000
NEKHIV,Pd,4,2.9100,0.0500,0.4786,-0.8239
QENCIW,Pt,4,3.2000,0.3900,0.5185,-0.3098
ABIDIY,Co,4,3.7900,0.9400,0.5899,0.0170
ZISFOA,Pd,4,8.4400,2.8800,0.9315,0.4742
NOCZEK,Cr,4,10.9500,9.4300,1.0434,0.9791
GOJZIS,Pt,4,2.8900,0.0200,0.4757,-0.9208
AQOQAY,Co,4,3.6800,0.4400,0.5775,-0.2676
WEMRUC,Zn,4,3.3600,0.7100,0.5391,-0.0915
NASLEB,Pd,4,3.2400,0.4800,0.5237,-0.2366
WENQUC,Pt,4,9.0300,3.0600,0.9605,0.4997
IMUSUG,Cu,4,4.3900,0.3000,0.6522,-0.3979
LOGXIS,Pt,4,3.0700,0.2000,0.5011,-0.5229
CEBVIR,Au,4,9.1100,3.0000,0.9643,0.4914
TAVJUW,Rh,4,3.1000,0.5700,0.5051,-0.1739
NUGKEG,Pt,4,9.2100,3.3500,0.9689,0.5378
GUCBAJ,Fe,4,6.3200,1.9000,0.8075,0.3010
YOZFEZ,Ni,4,3.0900,0.2700,0.5038,-0.4318
ROSQIB,Pd,4,9.4900,2.9800,0.9818,0.4886
TIXQEX,Ni,4,12.6000,18.5100,1.1038,1.2697
YAFYOU,Zn,4,3.3100,0.3500,0.5328,-0.3468
WAJSOT,Mo,4,7.4900,3.7000,0.8802,0.5798
KEQNUS,Zn,4,1.1800,0.6600,0.1072,-0.1192
LORFEE,Pd,4,3.1700,0.4100,0.5145,-0.2924
ORIRAL,Co,4,4.5500,5.7400,0.6675,0.7664
LOPCAW,Ni,4,8.4800,2.8700,0.9335,0.4728
DUKPOR,Pt,4,9.2700,2.9500,0.9717,0.4843
DETWOP,Ni,4,3.0500,0.3100,0.4983,-0.3872
SOHTOA,Pd,4,3.3100,0.5400,0.5328,-0.1938
CEQXAY,Pd,4,14.9600,20.8900,1.1778,1.3220
BIWXEO,Pt,4,3.1000,0.2600,0.5051,-0.4437
YIYBAK,Ni,4,2.7100,0.0900,0.4487,-0.7212
GIBJAE,Mo,4,2.8200,0.0300,0.4654,-0.8861
BANYOE,Pd,4,8.8400,3.1700,0.9513,0.5145
HEDTUF,Hg,4,3.9300,0.9600,0.6053,0.0253
DOTRIP,Pt,4,3.0100,0.1400,0.4928,-0.6198
REMVAH,Pt,4,3.0500,0.1600,0.4983,-0.5850
GUKHED,Fe,4,1.6000,0.6500,0.2304,-0.1249
DIFBUR,Pd,4,2.9800,0.1400,0.4886,-0.6198
BAQZIF,Pd,4,9.1200,2.8700,0.9647,0.4728
UJEGEX,Fe,4,4.1700,1.1900,0.6304,0.1106
NUMNOA,Pd,4,8.2800,3.1000,0.9232,0.5051
RILDOI,Pd,4,2.9000,0.0400,0.4771,-0.8539
SOSHEQ,Cu,4,9.0100,2.8700,0.9595,0.4728
WICWOU,Hg,4,6.0800,3.5600,0.7910,0.5635
VAZZOM,Pd,4,7.9600,2.9800,0.9063,0.4886
JAXMUQ,Pt,4,8.3700,2.9000,0.9279,0.4771
BOVQEJ,Cu,4,8.9600,9.9800,0.9571,1.0035
NEGGAI,Ni,4,3.0200,0.4100,0.4942,-0.2924
HUMCOJ,Zn,4,3.7100,0.2800,0.5809,-0.4202
VUBJOR,Pt,4,2.9000,0.0200,0.4771,-0.9208
CIJNUF02,Hg,4,2.9500,0.3400,0.4843,-0.3565
AKOWAZ,Ni,4,2.8900,0.0200,0.4757,-0.9208
HIKJAO,Pd,4,3.0700,0.2400,0.5011,-0.4685
RISLEM,Cu,4,6.5700,1.1300,0.8241,0.0899
COVGEC,Hg,4,3.6000,0.0900,0.5682,-0.7212
ZUYGOP,Pt,4,8.4000,2.9100,0.9294,0.4786
CASZAZ,Pd,4,8.3000,2.9100,0.9243,0.4786
NAFCAB,Re,4,2.9000,0.0100,0.4771,-0.9586
TSCCUN,Cu,4,0.8700,0.8400,-0.0132,-0.0269
OZAGUT,Pt,4,9.5200,3.0500,0.9832,0.4983
XUPNAX,Ru,4,3.0900,0.6300,0.5038,-0.1367
CAJNUX,Pd,4,9.8200,9.5800,0.9965,0.9859
WEBSUR,Ni,4,8.7100,2.6700,0.9450,0.4425
JOHPIG,Zn,4,8.1800,15.8800,0.9180,1.2036
SUGYOK,Cu,4,2.2400,0.0700,0.3692,-0.7696
BICWIU,Ni,4,8.2700,8.6500,0.9227,0.9420
CIGKOU,Pt,4,8.5500,2.9100,0.9370,0.4786
LALNER,Pt,4,8.8900,3.1000,0.9538,0.5051
XUKMUM,Ir,4,2.2700,1.6400,0.3747,0.2405
HORLUZ,Pd,4,19.1500,20.6700,1.2844,1.3174
SIQMUD,Au,4,11.7700,3.6500,1.0745,0.5740
DEYBIT,Cu,4,2.8900,0.0100,0.4757,-0.9586
DIRPOJ,Ni,4,8.6900,2.8700,0.9440,0.4728
IGOPIF02,Cu,4,5.1600,1.6200,0.7210,0.2355
SURVUA,Au,4,8.8700,3.2100,0.9528,0.5198
NOXRID,Ni,4,2.8000,0.0000,0.4624,-1.0000
GOZWUR,Pd,4,3.2500,0.4700,0.5250,-0.2441
ZORBUG,Co,4,8.9000,15.8800,0.9542,1.2036
SOTDEK,Pt,4,3.0100,0.1700,0.4928,-0.5686
IXEHAV,Au,4,3.0800,0.2700,0.5024,-0.4318
UHIKOO,Pd,4,3.0800,0.2700,0.5024,-0.4318
WOKNIW,Cu,4,2.1700,0.4200,0.3560,-0.2840
GICFOP,Cu,4,5.5700,1.0200,0.7536,0.0492
TUCPUC,Pd,4,3.1000,0.2500,0.5051,-0.4559
TUBKAE,Pt,4,9.5800,3.1600,0.9859,0.5132
OYEROC,Mn,4,4.3200,1.4600,0.6454,0.1931
DOMMOH,Zn,4,2.7600,1.3800,0.4564,0.1703
UNOGOW,Pd,4,10.1300,12.4900,1.0099,1.1000
MURKAO,Pd,4,8.9900,3.2600,0.9586,0.5263
QIHKEZ,Pd,4,9.1300,2.9000,0.9652,0.4771
PERPAF,Pt,4,3.0200,0.1700,0.4942,-0.5686
XIYYAJ,Cu,4,3.4500,1.2700,0.5502,0.1367
FUXKOY,Ni,4,2.9100,0.0200,0.4786,-0.9208
GIKPIA,Cu,4,2.2000,0.1200,0.3617,-0.6576
TIPMIR,Pd,4,2.6200,0.0300,0.4346,-0.8861
OJIKOI,Pd,4,3.4400,0.7500,0.5490,-0.0706
SADYEE,Ni,4,3.2500,0.4600,0.5250,-0.2518
MEBNIQ,Cu,4,3.4800,0.0300,0.5539,-0.8861
FOKQOP,Zn,4,1.4200,0.2600,0.1818,-0.4437
XAWYUP,Pt,4,8.1000,2.9500,0.9138,0.4843
VISDEJ,Pt,4,9.6900,3.1100,0.9908,0.5065
PUTTAZ03,Pd,4,9.6100,13.1900,0.9872,1.1235
ZAZDAF,Nb,4,3.1500,0.2000,0.5119,-0.5229
LIGFOW,Pd,4,5.5700,6.3100,0.7536,0.8069
TIQPUE,Cu,4,19.0900,10.4500,1.2831,1.0233
LUCWEM,Pd,4,3.0300,0.2300,0.4955,-0.4815
NIBREW,Ni,4,9.6400,3.0100,0.9886,0.4928
YADZIM01,Pd,4,2.5200,0.3400,0.4183,-0.3565
PIKKON,Pt,4,2.8100,0.0100,0.4639,-0.9586
LOXDOV,Co,4,2.6200,0.4900,0.4346,-0.2291
VULDOZ,Ni,4,9.1800,6.9600,0.9675,0.8488
IPOFOL,Zn,4,3.6000,1.0500,0.5682,0.0607
TUWSOV,Pd,4,3.2800,0.5500,0.5289,-0.1871
YAHSEF,Zn,4,2.4900,0.6000,0.4133,-0.1549
HOJGUI,Rh,4,19.4100,20.5200,1.2903,1.3143
NIMNIG,Mo,4,3.2200,0.1100,0.5211,-0.6778
TIQWOI,Cu,4,2.9300,1.2400,0.4814,0.1271
JALNUG,Ni,4,2.9100,0.0300,0.4786,-0.8861
MXPEAD,Cu,4,5.0200,0.7400,0.7093,-0.0757
QEGKES,Pt,4,3.3600,0.5900,0.5391,-0.1612
QALPUR,Co,4,3.5800,0.0400,0.5658,-0.8539
OFOGOJ,Pt,4,10.0100,3.0800,1.0048,0.5024
ABANOH,Au,4,2.9500,0.0800,0.4843,-0.7447
BEGTEO,Ag,4,4.9400,1.6900,0.7024,0.2529
KEWJUR,Cu,4,2.9000,0.0200,0.4771,-0.9208
VICFIZ,Pt,4,2.9900,0.1300,0.4900,-0.6383
AMUNAZ,Pd,4,8.0800,3.2400,0.9128,0.5237
SIHBAQ,Cu,4,5.8800,1.3200,0.7767,0.1523
EWEVUZ,Ni,4,3.0600,0.2400,0.4997,-0.4685
LACNAG,Y,4,3.4700,0.6000,0.5527,-0.1549
AFELUU,Zn,4,2.8500,0.0200,0.4698,-0.9208
KUWXUZ,Pt,4,3.0800,0.3000,0.5024,-0.3979
HUQJIM,Pt,4,11.6800,19.0800,1.0711,1.2828
HONBUH,Ti,4,7.8400,12.1600,0.8998,1.0885
LIFGOY,Cu,4,7.5300,9.3200,0.8825,0.9741
ATAVUM,Cu,4,9.2400,2.9300,0.9703,0.4814
YAMSOV01,Ni,4,2.5500,0.2500,0.4232,-0.4559
TOGJEG,Pt,4,3.1700,0.3100,0.5145,-0.3872
SEHHIX02,Co,4,3.4200,0.1200,0.5465,-0.6576
TOTHER,Cu,4,4.6000,1.5000,0.6721,0.2041
ZEZTAZ,Pd,4,8.7200,3.3700,0.9455,0.5403
UJORAP,Pd,4,9.6900,3.1700,0.9908,0.5145
FIRTAB,Co,4,2.2800,0.6800,0.3766,-0.1079
DEJREQ,Co,4,3.9900,0.1500,0.6117,-0.6021
YOVBAQ,Au,4,9.6200,3.2500,0.9877,0.5250
QIPSAM,Zn,4,9.5600,14.4300,0.9850,1.1623
MUCXUF,Cu,4,2.8900,0.0100,0.4757,-0.9586
FIWWOB,Cu,4,1.1400,0.6400,0.0934,-0.1308
YOQTAA,Rh,4,9.8800,3.2900,0.9991,0.5302
JOCZEG,Zn,4,6.5600,1.5900,0.8235,0.2279
NEKHAN,Pd,4,9.4600,3.6000,0.9805,0.5682
UWILUI01,Ni,4,3.0700,0.2500,0.5011,-0.4559
XONQOH,Pd,4,9.0400,3.1800,0.9609,0.5159
XOTPIF,Hg,4,2.7700,0.2700,0.4579,-0.4318
ZIWMIF,Cu,4,3.1900,1.0300,0.5172,0.0531
KUWWAC,Co,4,6.0000,1.8700,0.7853,0.2945
DAYSAX,Co,4,3.3200,0.1400,0.5340,-0.6198
UHUDAC,Pd,4,2.9300,0.0700,0.4814,-0.7696
OHIJOE,Rh,4,8.7800,2.8900,0.9484,0.4757
UGUBED,Ni,4,8.0500,2.9200,0.9112,0.4800
HOWRAP,Mn,4,3.2800,0.0200,0.5289,-0.9208
COLTON,Cu,4,2.9300,0.0600,0.4814,-0.7959
LUCXUD,Pd,4,3.1600,0.3500,0.5132,-0.3468
RAZXUM,Pd,4,3.0500,0.2100,0.4983,-0.5086
GAWMAW,Co,4,2.8800,0.0000,0.4742,-1.0000
REZPUL01,Cu,4,3.0500,0.2200,0.4983,-0.4949
UNENOS,Fe,4,2.3100,0.1800,0.3820,-0.5528
YILDED,Pd,4,8.1500,3.1400,0.9165,0.5105
VEZSEY,Pt,4,8.3300,3.2500,0.9258,0.5250
KUWYOT,V,4,3.1400,0.2800,0.5105,-0.4202
BEQFOS,Ni,4,8.0000,2.9100,0.9085,0.4786
XEWTID,Ni,4,18.7900,15.7200,1.2762,1.1992
NONCOK,Pd,4,3.2100,0.4100,0.5198,-0.2924
WUFQUK,Pd,4,9.6300,8.6000,0.9881,0.9395
WUVVIV,Pt,4,3.8300,1.1500,0.5944,0.0969
MAQCAK,Pt,4,8.6600,3.1700,0.9425,0.5145
XUYPOW,Pd,4,8.4000,3.0000,0.9294,0.4914
POFRIP,Pd,4,3.0600,0.2200,0.4997,-0.4949
OZOQUR,Zn,4,2.3800,0.3700,0.3945,-0.3279
EGUMID,Pt,4,8.4900,2.8700,0.9340,0.4728
ICUCEQ,Pd,4,3.2200,0.4300,0.5211,-0.2757
VOFSAL,Pd,4,8.8100,3.1300,0.9499,0.5092
YEXYUX,Co,4,2.9600,1.0200,0.4857,0.0492
YUPMII,Ni,4,15.4600,16.6800,1.1920,1.2248
BUQYUJ,Cu,4,2.9000,0.0400,0.4771,-0.8539
LANMUM,Fe,4,17.6200,20.4400,1.2485,1.3126
SOMZUQ,Pd,4,3.0100,0.1600,0.4928,-0.5850
BIGLEJ,Pt,4,3.1000,0.2600,0.5051,-0.4437
YISDUZ,Ni,4,2.8900,0.0100,0.4757,-0.9586
TAZKAK,Ni,4,2.9100,0.0300,0.4786,-0.8861
UCOGUO,Pd,4,3.5400,0.6400,0.5611,-0.1308
FESTIH,Mo,4,2.8400,0.0000,0.4683,-1.0000
LULQOY,Ni,4,8.3200,2.4800,0.9253,0.4116
RUTQOM,Cu,4,2.8200,0.0100,0.4654,-0.9586
HUMFUQ,Ag,4,5.4600,2.3900,0.7451,0.3962
YEWCUZ,Pt,4,8.3600,3.0500,0.9274,0.4983
BUBVAX,Ag,4,7.4100,5.0400,0.8756,0.7110
OBUTIP,Ni,4,8.4600,2.8900,0.9325,0.4757
QADDUU,Pd,4,8.1800,3.0800,0.9180,0.5024
VEZCIN,Rh,4,7.3100,2.6900,0.8698,0.4456
UMOPIV01,Cu,4,2.4400,0.4700,0.4048,-0.2441
SADZUS,Pt,4,8.7600,3.1600,0.9474,0.5132
XEMRAL,Ni,4,2.9600,0.3000,0.4857,-0.3979
HURFIJ,Cu,4,1.9000,1.1500,0.3010,0.0969
PIRHOR01,Ni,4,2.8900,0.0100,0.4757,-0.9586
KITSOX,Pd,4,8.7800,2.8900,0.9484,0.4757
OCUMIK,Ni,4,3.0100,0.1300,0.4928,-0.6383
FEMCOS,Cu,4,1.8900,1.7700,0.2989,0.2718
ESOKAY,Cu,4,4.2600,1.2000,0.6395,0.1139
MAVKAW,Cu,4,1.6500,0.2000,0.2430,-0.5229
CUDWAD,Pd,4,3.8400,0.8300,0.5955,-0.0315
RACPAR,Pt,4,6.8600,3.3300,0.8426,0.5353
UJIZOD,Cu,4,8.8100,7.1900,0.9499,0.8627
BOXTIV,Mn,4,2.7200,0.0100,0.4502,-0.9586
TIGZUE,Pt,4,8.5900,2.9100,0.9390,0.4786
OHABUV,Pt,4,8.1000,3.0500,0.9138,0.4983
JISPAD01,Pt,4,7.8600,3.2200,0.9009,0.5211
CUSGEE,Zn,4,5.5600,1.6600,0.7528,0.2455
OGOBUL,Pd,4,3.1300,0.3100,0.5092,-0.3872
YIJMEK,Ag,4,5.5100,8.3500,0.7490,0.9269
ZONBOT,Cu,4,14.9000,17.4100,1.1761,1.2433
EQOMAB,Ni,4,8.2500,2.8500,0.9217,0.4698
EWAXEF,Co,4,2.5700,0.0200,0.4265,-0.9208
RATKOO,Pd,4,2.9500,0.1000,0.4843,-0.6990
TUGGEL,Pt,4,10.4700,3.2300,1.0241,0.5224
HAMMOX,Zn,4,2.8800,0.0000,0.4742,-1.0000
YAWXAW,Pd,4,8.3400,2.8700,0.9263,0.4728
ODODER,Ni,4,8.6500,3.0200,0.9420,0.4942
UJIMIK,Ni,4,11.7200,15.9600,1.0726,1.2057
HAFKOS,Fe,4,5.6800,1.0900,0.7619,0.0755
TUNLET,Cu,4,2.2500,0.4500,0.3711,-0.2596
WAYFEK,Cr,4,7.7000,14.4500,0.8921,1.1629
SOMQAO,Cr,4,2.8100,1.8700,0.4639,0.2945
IVANEB,Zn,4,5.0800,0.6800,0.7143,-0.1079
IQUDUT,Zn,4,2.7100,0.2700,0.4487,-0.4318
CINCOR,Pd,4,8.0500,2.6800,0.9112,0.4440
JOJTUZ,Ni,4,3.0800,0.2200,0.5024,-0.4949
PIGLOJ,Co,4,9.4100,3.3900,0.9782,0.5428
LOXDEL,Zn,4,2.5700,0.5100,0.4265,-0.2147
UNAVIO,Ni,4,8.2500,2.9800,0.9217,0.4886
DAPCIH,Ni,4,2.9100,0.0400,0.4786,-0.8539
XIPGAH,Ni,4,3.5700,0.8800,0.5647,-0.0088
OWOYAB,Cu,4,9.5000,3.1400,0.9823,0.5105
PDDMSX12,Pd,4,2.9500,0.0700,0.4843,-0.7696
NAZMAC,Ni,4,8.9500,14.4800,0.9566,1.1638
YIDSEL,Cu,4,12.8200,10.2100,1.1113,1.0133
YEFRAD,Pd,4,3.0400,0.2500,0.4969,-0.4559
LOGXUD,Cu,4,3.0300,0.1800,0.4955,-0.5528
YIXRII,Pd,4,3.0500,0.2400,0.4983,-0.4685
VESPUI,Cu,4,2.6600,0.0800,0.4409,-0.7447
AWODUL,Co,4,3.3500,0.5500,0.5378,-0.1871
LANWUX01,Zn,4,2.9300,0.0400,0.4814,-0.8539
YAZKES01,Pt,4,2.9600,0.1100,0.4857,-0.6778
MOGGOG,Ru,4,1.9400,0.7900,0.3096,-0.0506
WAYLEP,Co,4,1.4700,0.4700,0.1959,-0.2441
YUDQUN,Cr,4,5.2400,5.9100,0.7275,0.7789
WEZWAC,W,4,8.7800,2.8900,0.9484,0.4757
FECWOD,Zn,4,16.9700,20.6700,1.2322,1.3174
ZIGGEF,Pt,4,9.1900,3.6600,0.9680,0.5752
BOCKUA,Pd,4,8.6900,3.1100,0.9440,0.5065
IJANOA,Pt,4,9.8700,3.1500,0.9987,0.5119
HAVPOK,Pt,4,9.2000,3.0300,0.9685,0.4955
NIHJIY,Zn,4,6.2900,1.8900,0.8055,0.2989
WUGCUA,Zn,4,2.7200,0.0100,0.4502,-0.9586
CUXZEA,Hg,4,13.8500,5.2100,1.1446,0.7251
DURXIA,Ni,4,10.4900,22.0600,1.0249,1.3456
BUSJUY,Cu,4,2.5300,1.1500,0.4200,0.0969
IRIDUK,Rh,4,7.2400,2.0900,0.8657,0.3404
WEQQAK,Ti,4,2.8800,0.0000,0.4742,-1.0000
FELKIU,Pt,4,2.9000,0.0300,0.4771,-0.8861
KILMEB,Pd,4,3.5300,0.7900,0.5599,-0.0506
ALARAH,Pt,4,8.5900,2.9600,0.9390,0.4857
MIDTEC,Pt,4,2.9100,0.0200,0.4786,-0.9208
DUNWEQ,Ni,4,3.2400,0.3200,0.5237,-0.3768
LAPYOR,Zn,4,2.4800,0.0900,0.4116,-0.7212
ZOFSOG,Pd,4,7.5600,3.2500,0.8842,0.5250
QUGFAA,Co,4,5.3700,0.4800,0.7380,-0.2366
AVEKAO,Ni,4,3.1500,0.3100,0.5119,-0.3872
MAHGIN,Cu,4,4.5600,0.5900,0.6684,-0.1612
HILQIE,Pd,4,9.6500,3.1800,0.9890,0.5159
TAQVIU,Au,4,2.8800,0.0000,0.4742,-1.0000
HIXCOI,Ni,4,7.1300,2.7900,0.8591,0.4609
HEPPIF,Cu,4,3.3000,1.2000,0.5315,0.1139
TGLYPD10,Pd,4,3.0600,0.1500,0.4997,-0.6021
SOJGUV,Co,4,2.6500,0.0200,0.4393,-0.9208
XICYOB,Ni,4,7.9400,11.1700,0.9053,1.0519
YONWOP,Cu,4,9.2400,7.5100,0.9703,0.8814
RECNET,Pt,4,7.5200,3.1500,0.8820,0.5119
WEZFIR,Co,4,3.8400,0.8100,0.5955,-0.0410
FAJZEW,Zn,4,2.8100,0.1100,0.4639,-0.6778
AQIHOY,Co,4,2.0900,0.2800,0.3404,-0.4202
NITCIG,Co,4,4.9400,0.7800,0.7024,-0.0555
UXIWOQ,Pt,4,3.3000,0.4900,0.5315,-0.2291
SOVWAE,Ti,4,2.8900,0.0000,0.4757,-1.0000
BIVBOZ,Pd,4,14.0300,9.6400,1.1501,0.9886
JAVMAX,Pd,4,7.8000,3.1600,0.8976,0.5132
GAMBAB,Pd,4,3.1700,0.3400,0.5145,-0.3565
CAQVOG,Ni,4,8.5800,2.9000,0.9385,0.4771
KETSEL,Pt,4,2.8900,0.0100,0.4757,-0.9586
HAYNAX,Pt,4,3.5200,0.7800,0.5587,-0.0555
WEFSIK,Co,4,3.4400,0.4400,0.5490,-0.2676
JURCEG,Ni,4,3.3600,0.6200,0.5391,-0.1427
BULVUZ01,Cu,4,5.2200,0.8200,0.7259,-0.0362
QOKHOQ,Cu,4,7.6200,2.5900,0.8876,0.4298
AGEZIV,Hg,4,4.2000,0.3300,0.6335,-0.3665
CEQSUM,Pt,4,2.8400,0.0300,0.4683,-0.8861
ZARVOH,Pt,4,3.0400,0.2000,0.4969,-0.5229
JURFIN,Pd,4,9.9500,3.3000,1.0022,0.5315
XELMOR,Ni,4,14.3900,18.3700,1.1611,1.2665
DOZJOV,Cu,4,3.0400,1.1200,0.4969,0.0864
ARAMOW,Pd,4,8.6300,3.2100,0.9410,0.5198
KOHCAN,Pt,4,9.7300,3.1200,0.9926,0.5079
NUBJID,Au,4,2.8800,0.0000,0.4742,-1.0000
XELZAT,Au,4,15.9900,23.0500,1.2066,1.3646
NOJWEQ,Cu,4,9.3000,7.5100,0.9731,0.8814
SAVFON,Pt,4,2.9700,0.1000,0.4871,-0.6990
DIHPOZ,Pd,4,9.5900,3.1600,0.9863,0.5132
ZUZHUA,Ni,4,5.3400,1.8000,0.7356,0.2788
REJPOP,Cu,4,3.8800,2.0600,0.5999,0.3345
VIHVOZ,Pd,4,3.2100,0.4200,0.5198,-0.2840
SURRED,Fe,4,2.9800,0.0000,0.4886,-1.0000
XEDYIP,Ni,4,8.4800,3.0100,0.9335,0.4928
GONVIO,Pd,4,8.1700,2.8900,0.9175,0.4757
HAQGAJ,Rh,4,8.2700,3.2800,0.9227,0.5289
RULKUF,Pt,4,9.3000,3.0300,0.9731,0.4955
QIDNOI,Co,4,6.1600,16.1000,0.7966,1.2095
TUMLAO,Pd,4,2.9600,0.0700,0.4857,-0.7696
ATAPAO,Zn,4,10.6700,11.6300,1.0322,1.0693
BEZCAN,Ni,4,14.4200,7.2800,1.1620,0.8681
ZUMPAB,Co,4,3.3100,0.1200,0.5328,-0.6576
YAWCUY,Cu,4,2.7600,1.1400,0.4564,0.0934
LAPKAS,Zn,4,5.8000,1.3100,0.7709,0.1492
MAMKOB,Cu,4,2.8400,0.0300,0.4683,-0.8861
RILFUN,Pd,4,8.4000,2.8900,0.9294,0.4757
OCEWIC,V,4,4.6000,0.2100,0.6721,-0.5086
FODFAG01,Pt,4,2.8900,0.0400,0.4757,-0.8539
AQIHOA,Pt,4,3.8300,1.1500,0.5944,0.0969
MISJEE,Pd,4,3.1400,0.2800,0.5105,-0.4202
MOSQAO,Pt,4,3.0500,0.2100,0.4983,-0.5086
MUCCUI,Pd,4,8.7100,3.7200,0.9450,0.5821
LAFNOZ,Co,4,15.3800,20.0700,1.1898,1.3047
ILAGAE,Pt,4,8.8500,3.1300,0.9518,0.5092
RUNDOW,Ag,4,4.1400,0.2400,0.6274,-0.4685
KAMHUB,Ni,4,2.9400,0.0600,0.4829,-0.7959
CAYBOT,Hg,4,2.4800,0.3500,0.4116,-0.3468
JEKLOB,Ni,4,8.7500,2.8300,0.9469,0.4669
NUFFED,Co,4,2.8800,0.0000,0.4742,-1.0000
BAFVEM,Ni,4,12.5200,18.1700,1.1011,1.2617
TOMBOM,Cu,4,3.4400,0.6700,0.5490,-0.1135
KEDFUV,Ni,4,3.6000,0.9100,0.5682,0.0043
XIXSON,Ni,4,0.7900,5.9200,-0.0506,0.7796
FIBRIV,Pd,4,8.0800,3.1900,0.9128,0.5172
MEXLEI,Zn,4,3.5800,0.9000,0.5658,0.0000
OBUTEL,Pd,4,2.9000,0.0200,0.4771,-0.9208
EYEHIA,Zn,4,2.1800,1.3700,0.3579,0.1673
YIZBAN,Ir,4,9.6300,3.1200,0.9881,0.5079
NONWES38,Pd,4,8.2300,2.9100,0.9206,0.4786
SIWYAZ,Cu,4,11.8000,11.1600,1.0755,1.0515
WAGYIM,Re,4,3.2200,0.0500,0.5211,-0.8239
IDAQEJ,Cu,4,0.9300,0.8600,0.0128,-0.0177
PADKIQ01,Ni,4,8.9100,21.6800,0.9547,1.3381
IPIDEQ01,Cu,4,2.9300,1.8000,0.4814,0.2788
UKUJUG,Co,4,2.8700,0.2600,0.4728,-0.4437
FIHNAO,Ni,4,7.7000,3.2300,0.8921,0.5224
PEPDAP,Re,4,3.0100,0.0000,0.4928,-1.0000
LEWBIA,Cd,4,3.8300,0.7000,0.5944,-0.0969
VOVXEN,Fe,4,1.7600,0.8400,0.2695,-0.0269
LUVLIY,Pd,4,9.2400,3.0900,0.9703,0.5038
QARNON01,Cu,4,7.8200,2.2100,0.8987,0.3636
TEJYAJ,Pt,4,8.6700,2.8800,0.9430,0.4742
ESEWAB,Ni,4,8.8300,3.1900,0.9509,0.5172
HIDFAC,Cd,4,2.8600,0.1300,0.4713,-0.6383
EZIBAQ,Ni,4,9.0300,2.9300,0.9605,0.4814
UVAGIK,Au,4,8.1500,2.9600,0.9165,0.4857
TEGFIX,Pd,4,9.1300,2.9500,0.9652,0.4843
HEFJAF,Zn,4,17.1600,16.3100,1.2370,1.2151
EYUWEB,Zn,4,2.9500,0.0200,0.4843,-0.9208
LEFNEP,Pd,4,8.0900,2.9400,0.9133,0.4829
SOLGAE,Fe,4,2.5400,0.3300,0.4216,-0.3665
EWISEL,Cd,4,3.5500,0.0600,0.5623,-0.7959
WICVUC,Pd,4,3.5400,0.8100,0.5611,-0.0410
FAYSUV,Re,4,2.7900,0.0100,0.4609,-0.9586
UCNBOR,Ni,4,26.5800,12.2700,1.4262,1.0924
FOKFEQ,Pt,4,9.7700,9.8300,0.9943,0.9969
LIQNAC,Pd,4,3.2800,0.5000,0.5289,-0.2218
CEVMOI,Zn,4,6.7400,11.0700,0.8351,1.0481
TOXNIS10,Ni,4,2.9000,0.0200,0.4771,-0.9208
SUXTIP,Cu,4,2.9100,0.0300,0.4786,-0.8861
EFITET,Rh,4,9.0400,2.9800,0.9609,0.4886
GODFUB,Ni,4,8.3200,2.7200,0.9253,0.4502
LIQVUD,Pd,4,3.0500,0.2200,0.4983,-0.4949
FEBHOM,Cd,4,2.8300,0.0500,0.4669,-0.8239
XOLCIM,Au,4,7.8400,2.9900,0.8998,0.4900
YOPTOQ,Cr,4,5.2900,3.1200,0.7316,0.5079
OXAVAN,Cu,4,2.3800,1.2000,0.3945,0.1139
OTIYOH01,Pd,4,2.8800,0.0000,0.4742,-1.0000
LAJQEW,Ni,4,12.6400,12.7800,1.1052,1.1099
PUTTAZ02,Pd,4,9.6600,13.2500,0.9894,1.1255
KADQOX,Hg,4,2.8400,0.0200,0.4683,-0.9208
FIDBID,Pd,4,3.0800,0.1800,0.5024,-0.5528
XILJUY,Zn,4,2.9400,0.0300,0.4829,-0.8861
DORYER,Pt,4,3.1800,0.3200,0.5159,-0.3768
ESAWOL,Ir,4,1.7800,1.7800,0.2742,0.2742
GOGPUO01,Ni,4,18.8400,19.1400,1.2774,1.2842
AYEFUI,Pt,4,11.4300,7.5800,1.0618,0.8854
WADKOE,Ni,4,8.1600,2.8300,0.9170,0.4669
WEBTIJ,Zn,4,2.2100,0.5500,0.3636,-0.1871
JONMAC,Pt,4,3.0100,0.1300,0.4928,-0.6383
VOXQOR,Cu,4,9.1800,9.5200,0.9675,0.9832
UFEDUF,Pt,4,8.4000,2.9000,0.9294,0.4771
WAGPAV,Cu,4,3.4700,0.2400,0.5527,-0.4685
IGOLOH,Zn,4,4.1000,0.4500,0.6232,-0.2596
XESZIF,Co,4,3.2500,0.2300,0.5250,-0.4815
ZEDREI,Pt,4,8.5000,3.0200,0.9345,0.4942
WERHOU,Ni,4,9.3200,2.9200,0.9741,0.4800
AYANET02,Pt,4,8.5400,2.8800,0.9365,0.4742
YECRII,Fe,4,3.8400,1.2900,0.5955,0.1430
COTPHP03,Co,4,2.5300,0.3800,0.4200,-0.3188
RAFJAK,Fe,4,0.8200,4.9300,-0.0362,0.7016
YEGMUT,Cu,4,2.3700,1.0300,0.3927,0.0531
RUTMIC,Pt,4,8.4700,3.1800,0.9330,0.5159
VOSDEP,Ni,4,3.5300,0.8900,0.5599,-0.0044
QOWXIN,Pd,4,2.9800,0.1200,0.4886,-0.6576
YOQBAL,Zn,4,2.8600,0.4100,0.4713,-0.2924
GOBVOJ,Ni,4,2.8900,0.0100,0.4757,-0.9586
NUFZUL,Pd,4,9.8000,12.5900,0.9956,1.1035
RISQIW,Ni,4,8.7400,2.9300,0.9465,0.4814
QUSDUF,Pd,4,8.0800,7.1600,0.9128,0.8609
EYEYOZ,Zn,4,2.8800,0.0000,0.4742,-1.0000
FUJHEX,Rh,4,3.0200,0.1900,0.4942,-0.5376
GUSWAT,Pd,4,8.3900,2.8600,0.9289,0.4713
ICIJAF,Ni,4,8.1600,2.9100,0.9170,0.4786
XUSYAM,Pd,4,3.2700,0.5000,0.5276,-0.2218
OQAGOD,Ag,4,9.6000,3.6700,0.9868,0.5763
AMADEA,Ni,4,5.2300,1.8700,0.7267,0.2945
JUGWUD10,Ta,4,3.4100,0.6800,0.5453,-0.1079
OWEPUD,Ni,4,6.3700,4.2400,0.8109,0.6375
HUSNIT,Zn,4,1.8300,1.3300,0.2856,0.1553
HEJRUM,Co,4,4.4100,0.9900,0.6542,0.0374
HERYEJ,Pt,4,9.2500,3.0100,0.9708,0.4928
CEPMAL,Au,4,9.1000,2.9300,0.9638,0.4814
GESDEN,Cu,4,2.9000,0.0100,0.4771,-0.9586
PUCLUW,Pt,4,3.0000,0.1500,0.4914,-0.6021
WECDOX,Ni,4,7.8600,2.6500,0.9009,0.4393
WEXFIP,Pt,4,9.8000,3.1000,0.9956,0.5051
LUDYES,Cu,4,13.7400,17.7900,1.1411,1.2526
QIDBAH,Pd,4,3.0500,0.2100,0.4983,-0.5086
IVONUE,Au,4,2.8800,0.0000,0.4742,-1.0000
PETHEB,Ni,4,8.5700,2.8800,0.9380,0.4742
OLUDEE,Ni,4,8.8000,13.7200,0.9494,1.1405
ZOTKUO,Cu,4,13.0800,16.6000,1.1199,1.2227
VUJLOE,Cu,4,4.2800,1.2700,0.6415,0.1367
ZIDBOG,Ni,4,2.8900,0.0100,0.4757,-0.9586
LEXWER,Pd,4,8.4200,3.0000,0.9304,0.4914
OCUBIY,Pt,4,9.3800,13.0700,0.9768,1.1196
WABLUI,Zn,4,3.2500,1.4300,0.5250,0.1847
UJUWOM,Cu,4,2.0300,0.7000,0.3284,-0.0969
YAMMIK,Au,4,8.9900,3.2600,0.9586,0.5263
TAKLEA,Sc,4,4.5700,0.4500,0.6693,-0.2596
SOQCAE01,Ru,4,3.3400,0.5800,0.5366,-0.1675
BEVCIQ01,Hg,4,5.6500,2.4600,0.7597,0.4082
SIWXAY,Pt,4,8.5900,2.9000,0.9390,0.4771
DUDZAF,Co,4,2.5500,0.3200,0.4232,-0.3768
QEBSAT,Zn,4,2.5800,0.0500,0.4281,-0.8239
QIBBEM,Pd,4,3.3400,0.4700,0.5366,-0.2441
BIPBAE,Cu,4,14.2200,16.4500,1.1559,1.2188
ITOPEO,Pd,4,2.9600,0.4500,0.4857,-0.2596
SIMBIB,Pd,4,3.2000,0.4500,0.5185,-0.2596
TAPXUD,Zn,4,3.0000,0.0100,0.4914,-0.9586
ODOYIQ,Pd,4,2.8900,0.0100,0.4757,-0.9586
BEXJEW,Ni,4,2.8800,0.0100,0.4742,-0.9586
TOZZAM,Ni,4,8.1400,15.5100,0.9159,1.1934
NUFTIR,Pd,4,3.1800,0.3200,0.5159,-0.3768
SEZXAX,Zn,4,8.2300,9.8900,0.9206,0.9996
XIMGEG,Pt,4,3.7500,1.0600,0.5855,0.0645
GUBYIM,Ag,4,3.3500,0.0500,0.5378,-0.8239
KIZPEQ,Cu,4,1.0600,0.8800,0.0645,-0.0088
PUDMEH,Ni,4,2.9100,0.0400,0.4786,-0.8539
YOBGEE,Pt,4,9.4600,3.2800,0.9805,0.5289
LAMXAA,Ni,4,4.0700,0.1400,0.6201,-0.6198
KICSOG,Pd,4,3.0500,0.2200,0.4983,-0.4949
QITKIP,Ni,4,9.2800,2.9600,0.9722,0.4857
FUVQAQ,Cr,4,8.7200,4.3000,0.9455,0.6435
PAWXAQ,Ni,4,11.1500,13.7600,1.0512,1.1418
KOTJIP,Pt,4,2.9600,0.1100,0.4857,-0.6778
WAKHOI01,Co,4,2.7600,1.9800,0.4564,0.3181
WIBNUQ,Ag,4,2.3800,2.2700,0.3945,0.3747
SIDNUQ,Zn,4,2.8600,0.5900,0.4713,-0.1612
ZEYPUR,Cu,4,6.4500,1.5300,0.8162,0.2122
QOCNOL03,Ni,4,2.9100,0.0300,0.4786,-0.8861
QEBVUR,Fe,4,5.4500,1.1800,0.7443,0.1072
DASBAE,Cu,4,1.3400,1.2400,0.1584,0.1271
RULMIU,Ni,4,9.6200,15.6300,0.9877,1.1967
DUXXAW,Pd,4,3.0200,0.1800,0.4942,-0.5528
GIGMEO,Ni,4,6.1200,7.7100,0.7938,0.8927
VAFTIF01,Ag,4,7.1800,1.8000,0.8621,0.2788
TFTBCU05,Cu,4,2.9300,0.0400,0.4814,-0.8539
EWOCAU,Zn,4,2.2100,0.6100,0.3636,-0.1487
OCEBUT,Pt,4,7.7500,3.0700,0.8949,0.5011
YEJXOB,W,4,5.2100,0.9900,0.7251,0.0374
LOXDUB,Zn,4,2.6100,0.3500,0.4330,-0.3468
QAXMAE,Pd,4,3.1100,0.2800,0.5065,-0.4202
AXAWAX,Pt,4,2.9700,0.1100,0.4871,-0.6778
GICFAC,Ni,4,8.0300,2.8300,0.9101,0.4669
QELTIK,Pd,4,3.2100,0.3600,0.5198,-0.3372
VAZZUS,Pd,4,7.9000,2.9900,0.9031,0.4900
HEDKUX02,Cu,4,2.9300,0.0500,0.4814,-0.8239
XUPMUS,Pt,4,11.0000,3.2700,1.0453,0.5276
DARGEI,Mo,4,2.9200,0.1000,0.4800,-0.6990
WOGREQ,Zn,4,1.6500,0.5200,0.2430,-0.2076
XIZWEI,Pt,4,4.1200,1.5000,0.6253,0.2041
FUJTUB,Ni,4,6.0400,7.5900,0.7882,0.8859
EKAKIK,Pd,4,2.8500,0.0100,0.4698,-0.9586
XUKTUS,Rh,4,2.9800,0.1600,0.4886,-0.5850
EBEGAU,Pd,4,3.2300,0.4300,0.5224,-0.2757
QASCUI,Ni,4,4.5000,12.3200,0.6628,1.0941
NANJER,Cu,4,3.6300,0.7200,0.5717,-0.0862
CUVGOP01,Ni,4,2.9100,0.5600,0.4786,-0.1805
WETKEN,Pt,4,2.8800,0.0000,0.4742,-1.0000
NORHEH,Ni,4,9.1400,12.5800,0.9657,1.1031
SEJKEZ,Ru,4,7.7800,2.5800,0.8965,0.4281
WADVIK,Pt,4,2.8800,0.0400,0.4742,-0.8539
FORPEI,Pd,4,3.2500,0.4800,0.5250,-0.2366
NOBNIB,Ag,4,6.1400,2.5400,0.7952,0.4216
YIDGIE,Au,4,7.6400,3.0700,0.8887,0.5011
NOJRIR,Ni,4,2.9400,0.2600,0.4829,-0.4437
XOSSII,Ti,4,2.8600,0.0400,0.4713,-0.8539
GANQUL,Pd,4,9.1800,13.9900,0.9675,1.1489
MARTOO,Cu,4,11.7800,21.5900,1.0748,1.3363
UCUSIU,Ir,4,2.9500,2.3300,0.4843,0.3856
FEVQUV,Ni,4,3.1800,0.3800,0.5159,-0.3188
FUCXOQ,Au,4,3.0100,0.1500,0.4928,-0.6021
FAXLAS01,Cu,4,3.0200,1.8900,0.4942,0.2989
WENCIF,Co,4,6.6900,11.2400,0.8319,1.0546
BUFREB,Ni,4,2.8800,0.0000,0.4742,-1.0000
PALLUM,Cu,4,1.0500,0.4500,0.0607,-0.2596
LEBXAT,Ni,4,3.2600,0.4800,0.5263,-0.2366
LEHMAN,Ni,4,8.0600,2.9000,0.9117,0.4771
QAGWAW01,Ni,4,10.7400,12.8800,1.0350,1.1133
KIRCOG,Co,4,3.8700,1.5800,0.5988,0.2253
GIMDUB,Cu,4,4.8500,6.9700,0.6946,0.8494
EDOZEE,Co,4,6.0000,1.4100,0.7853,0.1790
ESAYAA,Ni,4,2.9100,0.0400,0.4786,-0.8539
HEJVUR,Pd,4,8.8300,3.1100,0.9509,0.5065
ACPHCU01,Cu,4,12.7500,17.0500,1.1089,1.2343
JAFWET,Rh,4,3.0900,0.2800,0.5038,-0.4202
AJUPUQ01,Ni,4,2.9100,0.0300,0.4786,-0.8861
QIHJIC,Pd,4,9.1600,3.0100,0.9666,0.4928
ROSTAX,Pt,4,8.4000,3.1500,0.9294,0.5119
RUBTOB,Ni,4,9.2100,11.1200,0.9689,1.0500
TEPMIO,Ag,4,5.2800,1.9900,0.7308,0.3201
ADUKIV,Pd,4,4.9000,1.0100,0.6990,0.0453
VUJPEX,Pd,4,3.2600,0.5500,0.5263,-0.1871
RIZFEP,Ni,4,18.1900,16.0500,1.2622,1.2082
IMEQOG,Fe,4,3.0000,0.0900,0.4914,-0.7212
HOVCIE,Au,4,2.9700,0.1200,0.4871,-0.6576
ZAHGAU,Au,4,3.5200,0.8200,0.5587,-0.0362
RACJEL,Pd,4,2.8100,0.0600,0.4639,-0.7959
ZIKREU,Pt,4,3.1000,0.2500,0.5051,-0.4559
ORUYAD,Ru,4,7.2100,1.7400,0.8639,0.2648
PUPPUN,Pd,4,8.7100,3.2900,0.9450,0.5302
COTMAD,Ru,4,7.7100,2.7400,0.8927,0.4533
VIYRIF,Pt,4,19.1500,24.4900,1.2844,1.3908
VISTEA,Cu,4,3.1400,0.0200,0.5105,-0.9208
WILVUK01,Pd,4,9.7400,3.1600,0.9930,0.5132
ISUKOZ,Pt,4,2.9700,0.1600,0.4871,-0.5850
TIDGOG,Pt,4,8.7400,3.0600,0.9465,0.4997
KATVAD,Zn,4,2.9800,0.0900,0.4886,-0.7212
TOYZEP,Fe,4,3.2500,0.1600,0.5250,-0.5850
XOQQEB,Fe,4,2.5300,0.5600,0.4200,-0.1805
BOTXUG,Ni,4,2.8800,0.0300,0.4742,-0.8861
GOGWIJ02,Cr,4,3.4500,0.5500,0.5502,-0.1871
FEMZIJ,Zn,4,1.8600,0.3400,0.2923,-0.3565
BUVFAZ,Pt,4,2.9800,0.1200,0.4886,-0.6576
MOCGAN,Cu,4,2.8600,0.0400,0.4713,-0.8539
BENJEJ,Hg,4,3.0300,0.1600,0.4955,-0.5850
FAZSIM,Ni,4,2.1500,0.3300,0.3522,-0.3665
BATTIB,Pd,4,3.5500,0.8500,0.5623,-0.0223
UQUFIW,Pd,4,3.0400,0.2000,0.4969,-0.5229
VOKQIV,Cu,4,2.9300,0.0400,0.4814,-0.8539
ZUVREN,Ag,4,6.2100,3.0500,0.8000,0.4983
MACXEW,Re,4,8.9500,4.1800,0.9566,0.6314
DAGCOF,Pd,4,3.0400,0.1400,0.4969,-0.6198
BOVLUU,Hg,4,7.4000,1.7300,0.8751,0.2625
DUCDIR,Pd,4,3.1700,0.4100,0.5145,-0.2924
PABKEI01,Rh,4,2.8900,0.0100,0.4757,-0.9586
GEXZIU,Pt,4,9.6400,3.3300,0.9886,0.5353
FOYRUK,Cd,4,2.0900,0.8800,0.3404,-0.0088
KEVZUJ,Cu,4,3.0000,0.1600,0.4914,-0.5850
VUZJEF,Cu,4,0.8900,0.6000,-0.0044,-0.1549
VEYHIR,Pd,4,3.0300,0.1900,0.4955,-0.5376
UKEDOD,Cu,4,9.2700,14.7400,0.9717,1.1714
TUSWOV,W,4,0.4300,5.9900,-0.2757,0.7846
WUTHOJ02,Cu,4,1.0400,0.4700,0.0569,-0.2441
WOJYUS,Zn,4,2.7400,0.0100,0.4533,-0.9586
USAFUS,Pt,4,3.3300,0.5300,0.5353,-0.2007
NABVIY,Zn,4,3.9100,0.3500,0.6031,-0.3468
XEDJUM,Ag,4,6.1100,2.8800,0.7931,0.4742
DEDKUW01,Mn,4,3.0900,0.0300,0.5038,-0.8861
KURTIB,Cu,4,2.9100,0.0300,0.4786,-0.8861
LOSBOL,Zn,4,2.7000,0.0600,0.4472,-0.7959
NEPNED,Pd,4,9.3500,3.1700,0.9754,0.5145
NOCPAZ,Rh,4,7.9800,3.1300,0.9074,0.5092
CEVDUC01,Co,4,14.2600,18.7000,1.1572,1.2742
PESJIJ,Zn,4,2.4000,0.0800,0.3979,-0.7447
TIRKAJ,Pt,4,3.4000,0.5000,0.5441,-0.2218
CEJHUX,Ag,4,4.6500,1.8800,0.6767,0.2967
KOJKUS,Rh,4,9.4100,3.1700,0.9782,0.5145
QUDVIU,Pd,4,2.8900,0.0100,0.4757,-0.9586
EVUKUE,Zn,4,4.0100,0.4200,0.6138,-0.2840
EHUHOF,Cu,4,1.9400,0.1300,0.3096,-0.6383
KAGVUN,Ag,4,3.4000,3.1600,0.5441,0.5132
LUVHAN,Cu,4,8.9200,3.0000,0.9552,0.4914
SOWQON,Zn,4,5.7100,1.4100,0.7642,0.1790
OWURUU,Fe,4,2.2400,0.4500,0.3692,-0.2596
SONQAP,Pd,4,8.3100,2.9200,0.9248,0.4800
HIPDOZ,Pd,4,9.0300,2.9100,0.9605,0.4786
HILWOS,Zn,4,3.5700,0.2700,0.5647,-0.4318
WADVEG,Pd,4,2.9300,0.0700,0.4814,-0.7696
CAHWEO01,Zn,4,3.6100,1.0700,0.5694,0.0682
DUDXEI,Zn,4,1.5900,0.3300,0.2279,-0.3665
UJITIR,Cu,4,3.8300,0.5300,0.5944,-0.2007
SUGWAS,Ni,4,0.8000,0.2600,-0.0458,-0.4437
DAGCAS,Pt,4,9.5200,3.0400,0.9832,0.4969
REFDUF,Ni,4,2.8900,0.0100,0.4757,-0.9586
VOSNOI,Pd,4,3.0700,0.3700,0.5011,-0.3279
KIJSEE,Zn,4,2.9100,0.3400,0.4786,-0.3565
PERNIT,Ni,4,2.8800,0.0000,0.4742,-1.0000
VUMSII,Fe,4,3.3000,0.0200,0.5315,-0.9208
LIMKAV,Pt,4,8.4600,3.0000,0.9325,0.4914
JEXKON,Co,4,1.5100,1.4700,0.2068,0.1959
XARWOF,Ni,4,2.9600,0.1000,0.4857,-0.6990
UMITIX,Au,4,8.6000,2.8800,0.9395,0.4742
MOZGUG02,Zn,4,2.4400,0.6300,0.4048,-0.1367
EQEPUO,Co,4,1.4500,0.9000,0.1903,0.0000
WAPKOO,Zn,4,3.4800,0.2600,0.5539,-0.4437
TUVQAF,V,4,3.1600,0.2900,0.5132,-0.4089
ROLZIC,Ni,4,9.8500,3.1000,0.9978,0.5051
SIRYAV,Pt,4,3.4800,0.7600,0.5539,-0.0655
XENNAF,Pt,4,8.5800,2.9300,0.9385,0.4814
RIWGEN,Pt,4,3.1800,0.3600,0.5159,-0.3372
GIGYII,Zn,4,12.7900,14.9200,1.1103,1.1767
VUQYEO,Pd,4,10.4700,3.4400,1.0241,0.5490
IHOMUR,Pt,4,4.0700,1.4300,0.6201,0.1847
KIWMEK01,Ni,4,2.6800,0.6900,0.4440,-0.1024
GUTRIW,Cu,4,0.9400,0.5400,0.0170,-0.1938
ACABRH02,Rh,4,8.6700,2.9600,0.9430,0.4857
EFEWIW,Cu,4,5.7200,2.0000,0.7649,0.3222
AWIKOJ,Ni,4,18.6200,22.7800,1.2723,1.3595
QOKDUQ,Ir,4,6.8000,2.4600,0.8388,0.4082
EDUYEL,Pt,4,9.4300,3.0400,0.9791,0.4969
HIGFIN,Cu,4,2.8100,1.2300,0.4639,0.1239
WAVJUA,Ru,4,1.7300,1.6300,0.2625,0.2380
OXUQOP02,Cu,4,2.0100,0.2100,0.3243,-0.5086
WESQEQ,Pt,4,12.2900,13.3000,1.0931,1.1271
BOFNOC,Ni,4,3.8300,0.1100,0.5944,-0.6778
MAMYUU,Pd,4,2.9300,0.0600,0.4814,-0.7959
MOFGEV,Ni,4,9.2300,15.0200,0.9699,1.1796
TULYIM,Zn,4,3.4400,0.3200,0.5490,-0.3768
HIZBOH,Pd,4,3.0500,0.2400,0.4983,-0.4685
AJEVUG,Cu,4,3.0300,0.1400,0.4955,-0.6198
HAZWOY,Cu,4,3.3900,0.2300,0.5428,-0.4815
KEJVIG,Au,4,2.8800,0.0000,0.4742,-1.0000
JANTAW,Os,4,5.1300,4.6000,0.7185,0.6721
CEVMOJ,Pd,4,8.6300,2.9500,0.9410,0.4843
LEBGOP,Ni,4,9.1100,2.9000,0.9643,0.4771
KUWVUV,Co,4,5.5000,1.1300,0.7482,0.0899
SALTUV,Zn,4,2.1000,0.0600,0.3424,-0.7959
YIYVEK,Pt,4,8.0200,3.2500,0.9096,0.5250
LOZBIL,Zn,4,3.6600,1.3600,0.5752,0.1644
AFADUI,Ru,4,2.7900,0.1500,0.4609,-0.6021
XEKKEF,Ni,4,3.1100,0.2700,0.5065,-0.4318
MALWAZ,Ni,4,10.2200,19.7600,1.0137,1.2980
XECHAQ,Hg,4,3.2300,2.6700,0.5224,0.4425
ODUNIM,Pd,4,8.6500,2.9800,0.9420,0.4886
UGOBEA,Cu,4,9.0400,2.8000,0.9609,0.4624
WIDGOH,Pd,4,3.2200,0.4900,0.5211,-0.2291
BADBIT,Pt,4,2.8800,0.0100,0.4742,-0.9586
ZAXTIE,Cu,4,1.8100,0.1600,0.2810,-0.5850
YORZOY,Pd,4,2.9600,0.0900,0.4857,-0.7212
LUZMIF,Ni,4,8.1600,2.8900,0.9170,0.4757
YOXSAG,Pt,4,2.9500,0.1900,0.4843,-0.5376
RANBIR,Cu,4,6.7400,1.1600,0.8351,0.1004
QUWWEL,Zn,4,3.1700,0.1000,0.5145,-0.6990
BEKTES,Rh,4,9.2300,2.9700,0.9699,0.4871
EWUJEM,Cu,4,3.0100,0.1600,0.4928,-0.5850
RAWKAE,Rh,4,9.3600,2.9900,0.9759,0.4900
FISXAI,Pd,4,7.9700,3.1400,0.9069,0.5105
YEMTOD,Cu,4,6.5700,2.1400,0.8241,0.3502
ZUXWEW,Pt,4,8.7900,3.0600,0.9489,0.4997
MARPII,Pt,4,3.5200,0.8000,0.5587,-0.0458
QIYCAD,Zn,4,4.2300,1.2100,0.6365,0.1173
OXAGEA,Pd,4,2.9700,0.1500,0.4871,-0.6021
BUYFIO,Cu,4,2.8900,0.0000,0.4757,-1.0000
SIYWOQ,Zn,4,2.9800,0.6600,0.4886,-0.1192
KURYIJ,Mn,4,6.0000,0.6800,0.7853,-0.1079
UCOHEB,Pt,4,2.9400,0.1700,0.4829,-0.5686
LIHQIE01,Ni,4,2.9300,0.0500,0.4814,-0.8239
ZIMXAW,Pt,4,3.1700,0.3500,0.5145,-0.3468
TAJSUT,Ru,4,2.2900,1.3700,0.3784,0.1673
ZUYVAT,Cu,4,18.9400,13.2500,1.2797,1.1255
HIJGIQ,Mn,4,2.9000,0.2800,0.4771,-0.4202
UPUDEP,Hg,4,4.8600,0.9800,0.6955,0.0334
XAMZIX,Cu,4,19.9300,20.8900,1.3017,1.3220
YUXZOH,Pt,4,3.0600,0.2300,0.4997,-0.4815
CEPREV,Ni,4,2.8900,0.0100,0.4757,-0.9586
FERMIA,Pt,4,3.0000,0.1400,0.4914,-0.6198
KEFNAL,Zn,4,5.2200,2.4600,0.7259,0.4082
BANSIU,Pd,4,8.4900,2.9200,0.9340,0.4800
MEJTII,Pd,4,8.1900,2.9700,0.9186,0.4871
NIMYUE,Pd,4,8.7300,3.0000,0.9460,0.4914
TACZUT,Ti,4,2.5200,0.0900,0.4183,-0.7212
FUTRER,Cu,4,2.2400,0.0500,0.3692,-0.8239
UJEBER,Ti,4,8.6600,14.5200,0.9425,1.1649
VOYPAC,Au,4,4.9600,3.1900,0.7042,0.5172
NUSVUV,Cu,4,2.8100,0.0000,0.4639,-1.0000
YAQGUT,Pt,4,7.8800,3.0000,0.9020,0.4914
VEZQID,Cd,4,3.9100,0.4100,0.6031,-0.2924
EDAWOX,Zn,4,3.9500,1.1500,0.6075,0.0969
LECNAJ,Cu,4,8.1300,2.5800,0.9154,0.4281
XUFROJ,Cu,4,2.1900,0.0800,0.3598,-0.7447
BAQHEH,Pd,4,8.8500,3.1000,0.9518,0.5051
JURHIN,Fe,4,3.2600,0.0400,0.5263,-0.8539
OWUZEN,Ni,4,15.5600,14.7200,1.1948,1.1708
DACRIJ,Pt,4,7.8900,3.1900,0.9025,0.5172
ROPZIF,Zn,4,3.8400,0.6800,0.5955,-0.1079
IMCUCL03,Cu,4,0.7000,0.5700,-0.0969,-0.1739
NIBPEV,Cu,4,2.9000,0.0300,0.4771,-0.8861
XOQDEN01,Hg,4,2.4500,1.1700,0.4065,0.1038
LAGBAZ,Cu,4,19.3300,15.1100,1.2885,1.1821
HOSHUU,Au,4,8.5100,2.9400,0.9350,0.4829
SOPHOV,Ni,4,9.7200,3.2500,0.9921,0.5250
LAFNEP,Cu,4,2.9600,0.1000,0.4857,-0.6990
GEKDIL,Zn,4,3.2600,0.3500,0.5263,-0.3468
DURTUG,Cu,4,9.0500,16.3000,0.9614,1.2148
NIJCAN,Ni,4,2.8900,0.0300,0.4757,-0.8861
BEQFUY,Ni,4,2.8100,0.0600,0.4639,-0.7959
HEDWES,Pt,4,8.8600,3.0000,0.9523,0.4914
DEBXEO,Zn,4,3.3400,0.2100,0.5366,-0.5086
PUXRAC,Fe,4,5.5100,1.2000,0.7490,0.1139
SAJNEZ,Pd,4,8.9000,3.1100,0.9542,0.5065
AXAXUS,Pt,4,3.1400,0.3000,0.5105,-0.3979
REBJUH,Cu,4,11.9200,8.3800,1.0799,0.9284
RUHVUN,Cu,4,3.5900,1.1200,0.5670,0.0864
FIPSAA01,Cu,4,2.4200,0.0400,0.4014,-0.8539
ZUJVEJ,Co,4,12.4600,8.6900,1.0990,0.9440
MEMVUW,Ni,4,8.1900,2.9100,0.9186,0.4786
REDYIL,Pd,4,9.5500,3.1200,0.9845,0.5079
SOKHUW,Ni,4,17.5600,7.7400,1.2470,0.8943
LELWAE,Co,4,2.1000,0.1300,0.3424,-0.6383
LUMTEV,Pd,4,3.0600,0.2400,0.4997,-0.4685
FARFIP02,Zn,4,3.1300,0.0300,0.5092,-0.8861
DICTOY,Pt,4,8.0600,2.9300,0.9117,0.4814
SEZXEB,Zn,4,3.2700,0.5300,0.5276,-0.2007
ETARAS,Hg,4,2.4500,1.6900,0.4065,0.2529
XOSZOV,Pd,4,3.0100,0.2500,0.4928,-0.4559
BENBED,Co,4,6.2100,1.3200,0.8000,0.1523
QIKQAG,Pt,4,2.9700,0.1000,0.4871,-0.6990
NUHFEF,Sc,4,5.5000,0.5600,0.7482,-0.1805
SOFGEA,Rh,4,8.9800,3.1200,0.9581,0.5079
ECOKEP,Pd,4,9.8100,7.7100,0.9961,0.8927
ACUWUQ07,Pt,4,8.7100,2.9800,0.9450,0.4886
YEXCEL,Ni,4,3.0500,0.2200,0.4983,-0.4949
BIXWAI,Pd,4,8.9500,11.1600,0.9566,1.0515
VEVKIQ,Cu,4,9.3800,13.0500,0.9768,1.1189
DADHIC,Cd,4,3.8300,1.0500,0.5944,0.0607
WECJUN,Ni,4,9.0400,2.9000,0.9609,0.4771
QOSPEU,Zn,4,3.4000,0.1600,0.5441,-0.5850
BOHSEY,Rh,4,2.7800,0.1300,0.4594,-0.6383
DMTOCO,Co,4,2.5000,0.0300,0.4150,-0.8861
SIWVAV,Fe,4,3.3100,0.0700,0.5328,-0.7696
LEWJIH01,Co,4,4.0100,1.1300,0.6138,0.0899
AVABIK,Ni,4,8.1200,6.7600,0.9149,0.8363
UQAXUI,Pt,4,8.3200,3.4300,0.9253,0.5478
LEVHAW,Ni,4,1.6200,0.5300,0.2355,-0.2007
WEGQIL,Pd,4,2.9000,0.0400,0.4771,-0.8539
LOHLOK,Cu,4,3.6900,0.8500,0.5786,-0.0223
HAXZAJ,Zn,4,2.7400,0.4500,0.4533,-0.2596
GUPXOG,Ni,4,9.6100,10.2300,0.9872,1.0141
KIGPEY,Au,4,3.2000,0.2900,0.5185,-0.4089
KAPNIB,Ir,4,3.3900,0.6400,0.5428,-0.1308
YUPDIY,Cu,4,2.9200,0.0400,0.4800,-0.8539
YAKXIR,Hg,4,2.4000,0.0400,0.3979,-0.8539
PUMDAC,Pd,4,3.0900,0.2800,0.5038,-0.4202
EDUGER,Zn,4,6.6300,1.8600,0.8280,0.2923
JUXDAK,Pd,4,3.3700,0.5800,0.5403,-0.1675
FERMUL,Ni,4,5.1900,6.0700,0.7235,0.7903
FOGQOI,Ni,4,4.8100,1.2200,0.6911,0.1206
KADGUS,Pd,4,9.3600,2.9800,0.9759,0.4886
EBICAV,Cu,4,5.1700,6.7000,0.7218,0.8325
AMASOX01,Pt,4,9.4900,3.1700,0.9818,0.5145
TUHXON,Pt,4,8.3900,2.8900,0.9289,0.4757
SESDOJ,Pt,4,8.6700,3.0600,0.9430,0.4997
DIXZIU,Pd,4,3.1700,0.3400,0.5145,-0.3565
HICNAK,Cu,4,2.5300,1.9300,0.4200,0.3075
TELDUJ,Pd,4,3.1100,0.2500,0.5065,-0.4559
MOJHEC,Co,4,8.5700,2.8800,0.9380,0.4742
TILTAL,Au,4,4.8900,0.9700,0.6981,0.0294
LITZEW,Zn,4,5.3600,1.0700,0.7372,0.0682
JUQKOX,Ni,4,8.9000,3.4200,0.9542,0.5465
FAKWUK,Pt,4,8.6300,2.8800,0.9410,0.4742
WURSEH,Cu,4,9.5500,15.0000,0.9845,1.1790
ULULAP,Zn,4,3.3600,0.2800,0.5391,-0.4202
ISURUK,Cr,4,2.6700,2.5200,0.4425,0.4183
GAQHEP,Fe,4,2.7800,0.0100,0.4594,-0.9586
CIKXIE02,Pt,4,8.7000,2.8900,0.9445,0.4757
LERQUV,Pd,4,2.9100,0.0700,0.4786,-0.7696
WAKSEH,Ni,4,4.1500,0.6500,0.6284,-0.1249
MEGTUO,Zn,4,1.8700,0.4200,0.2945,-0.2840
YOYKOM,Pd,4,8.9100,13.4300,0.9547,1.1313
PUXGUN,Au,4,9.0400,2.9900,0.9609,0.4900
BUCGOX,Pd,4,10.1600,3.2000,1.0111,0.5185
XASTIW,Ni,4,3.1300,0.2800,0.5092,-0.4202
BACYOU,Cu,4,0.8200,0.6600,-0.0362,-0.1192
QUDGEC,Pd,4,3.6200,0.9500,0.5705,0.0212
BUBKUF,Au,4,8.5200,3.0400,0.9355,0.4969
DOPKAY,Ni,4,4.9500,1.2400,0.7033,0.1271
NOQDOP,Pt,4,2.8900,0.0100,0.4757,-0.9586
XAVQAQ,Co,4,3.3000,1.0700,0.5315,0.0682
CUZWED,Co,4,1.9500,1.4000,0.3118,0.1761
WEVPIX,Pd,4,8.3400,2.9700,0.9263,0.4871
OBIKOZ,Ti,4,5.7700,1.3900,0.7686,0.1732
GICNIP,Cu,4,3.2400,0.4300,0.5237,-0.2757
ZIDNOT,Ni,4,12.1200,13.2000,1.0871,1.1239
VENFIH,Mn,4,2.9300,0.0200,0.4814,-0.9208
QAFFOT,Cu,4,4.7900,1.0800,0.6893,0.0719
MUCROV,Pd,4,3.2900,0.3600,0.5302,-0.3372
YUXJEI,Cu,4,3.9000,1.3700,0.6021,0.1673
MAJDAC01,Au,4,2.9600,0.1100,0.4857,-0.6778
HAMPAN,Zn,4,3.0600,0.5600,0.4997,-0.1805
YIWBOW,Pd,4,3.0600,0.1700,0.4997,-0.5686
COQZAM,Co,4,2.5000,0.0200,0.4150,-0.9208
QOMKAF,Pd,4,2.9800,0.1300,0.4886,-0.6383
YEZQON,Ni,4,15.3500,16.3900,1.1889,1.2172
ZAJJOJ,Ir,4,4.8600,1.1200,0.6955,0.0864
DECTEN,Au,4,3.1800,0.3600,0.5159,-0.3372
QOVGUH,Zn,4,2.9600,0.0100,0.4857,-0.9586
DEYFIY,Co,4,2.4100,0.2300,0.3997,-0.4815
QEVKEI,Ag,4,3.4300,0.1900,0.5478,-0.5376
LELXIN,Fe,4,4.1100,1.4900,0.6243,0.2014
YEXHIV,Ni,4,8.3700,2.9400,0.9279,0.4829
XEYYUW,Zn,4,4.1800,0.7200,0.6314,-0.0862
IGUWUD,Re,4,2.9600,0.0000,0.4857,-1.0000
HUYBAH,Pt,4,9.0700,12.5800,0.9624,1.1031
FASXON,Re,4,3.1500,0.0600,0.5119,-0.7959
JENCAJ,Ni,4,2.8800,0.0000,0.4742,-1.0000
NAPYCU10,Cu,4,5.9100,10.7400,0.7789,1.0350
OBIWOM,Ni,4,2.9600,0.0700,0.4857,-0.7696
GIYGUT,Ni,4,0.9400,0.9100,0.0170,0.0043
LUYXUZ,Fe,4,1.8700,1.4500,0.2945,0.1903
LUDPOR,Pd,4,3.0500,0.2200,0.4983,-0.4949
QEKNON,Pt,4,9.0800,3.1700,0.9628,0.5145
REWWEX,Pd,4,8.6700,3.0000,0.9430,0.4914
BAJZAO,Cu,4,2.8900,0.0100,0.4757,-0.9586
CEKJIO,Ni,4,14.8000,7.6500,1.1732,0.8893
RABWAX,Pt,4,6.6700,3.2200,0.8306,0.5211
DUVSIY,Zn,4,2.8900,0.0100,0.4757,-0.9586
MOQCOL,Pt,4,2.8800,0.0000,0.4742,-1.0000
RALXEH,Pt,4,8.6300,2.9400,0.9410,0.4829
QISWAR,Cu,4,9.0400,5.8300,0.9609,0.7731
GANNAL,Pd,4,9.3800,3.3100,0.9768,0.5328
KELREZ,Pd,4,9.7100,6.2400,0.9917,0.8021
MNPHCY11,Mn,4,2.8800,0.0000,0.4742,-1.0000
VOQCUA,Zn,4,2.7400,0.0100,0.4533,-0.9586
UMEHID,Ti,4,8.9400,5.6600,0.9562,0.7604
ENEJEO,Cu,4,1.9700,1.3100,0.3160,0.1492
SASBEW,Pt,4,3.0000,0.1100,0.4914,-0.6778
DMPCUC10,Cu,4,3.8200,4.2900,0.5933,0.6425
OMEGES,Pd,4,2.9200,0.0500,0.4800,-0.8239
DOTNAD,Ni,4,21.3600,16.3500,1.3316,1.2162
LUHWUH,Ni,4,9.6900,3.1100,0.9908,0.5065
TOSGIV,Pd,4,3.0500,0.2100,0.4983,-0.5086
CIJQOE,Zn,4,0.8500,0.7200,-0.0223,-0.0862
ZEBBEN,Pd,4,9.2200,8.2500,0.9694,0.9217
SUWWIT,Co,4,2.2400,0.2300,0.3692,-0.4815
QIRYOF,Cu,4,12.3000,18.6500,1.0934,1.2730
YAFPUS,Pd,4,3.0000,0.1600,0.4914,-0.5850
VEBVIL,Zn,4,6.9100,0.9400,0.8457,0.0170
OWIPOA,Pt,4,7.5800,3.4200,0.8854,0.5465
XUXKIN,Ni,4,2.9900,1.6600,0.4900,0.2455
IRUFUY,Fe,4,4.1300,0.1800,0.6263,-0.5528
TIGCIX,Zn,4,3.3300,0.0600,0.5353,-0.7959
FOPBUJ,Au,4,3.1700,0.3400,0.5145,-0.3565
RAZHAD,Ir,4,7.1200,3.3600,0.8585,0.5391
NOQPIV,Fe,4,4.0300,0.6600,0.6160,-0.1192
CENYEB,Pd,4,3.1900,0.4000,0.5172,-0.3010
MERECO,Co,4,1.2900,1.2200,0.1430,0.1206
HIJGEM,Zn,4,2.4100,0.4100,0.3997,-0.2924
VEDNAW,Cu,4,2.9400,0.0600,0.4829,-0.7959
PIMPEK,Cu,4,8.4600,12.2300,0.9325,1.0910
POLHUX,Cu,4,2.2000,0.5700,0.3617,-0.1739
UFICAQ,Pd,4,3.2500,0.4600,0.5250,-0.2518
MEZVAO,Cu,4,5.0300,6.1400,0.7101,0.7952
TETHAC,Co,4,0.7500,4.7500,-0.0706,0.6857
ILADII,Ni,4,2.9300,0.0500,0.4814,-0.8239
GAXDOY,Ni,4,2.7200,0.1300,0.4502,-0.6383
XOWJOM,Pd,4,9.2500,3.8400,0.9708,0.5955
ULUSIE,Pd,4,2.9900,0.1300,0.4900,-0.6383
WOZNUY,Pd,4,8.9500,3.2100,0.9566,0.5198
EBEWUD,Pd,4,3.3300,0.4800,0.5353,-0.2366
VEKFEY,Pt,4,3.0200,0.1700,0.4942,-0.5686
VICZOX01,Zn,4,2.8900,0.2300,0.4757,-0.4815
QIZPIA01,Co,4,2.5700,0.0400,0.4265,-0.8539
LUGLAC,Zn,4,3.3600,0.3200,0.5391,-0.3768
TOMYIG,Pd,4,7.8300,2.9800,0.8993,0.4886
DEZPUV,Pd,4,3.1600,0.3600,0.5132,-0.3372
QACBIF,Pd,4,3.0600,0.2500,0.4997,-0.4559
GEPCUC,Fe,4,9.1800,9.2300,0.9675,0.9699
LEBVUJ,Pd,4,2.8800,0.0000,0.4742,-1.0000
OMEMUO,Pd,4,8.8500,2.9000,0.9518,0.4771
CICSIQ01,Pd,4,3.0600,0.2700,0.4997,-0.4318
VILNOX,Mo,4,3.5700,0.2500,0.5647,-0.4559
DUBVIH,Cu,4,8.6900,12.6900,0.9440,1.1069
ZUYTAR,Pd,4,9.1700,2.9900,0.9671,0.4900
NOCNEY,Zn,4,1.5800,6.5700,0.2253,0.8241
LUMWUO,Ni,4,7.3600,1.9800,0.8727,0.3181
ZISBUB,Zn,4,2.8800,0.0000,0.4742,-1.0000
CAWJAP,Co,4,2.5500,0.0100,0.4232,-0.9586
DASDAE,Zn,4,4.3400,0.6900,0.6474,-0.1024
HOXCON,Ni,4,4.1200,1.0700,0.6253,0.0682
EZUMAP,Pd,4,8.6600,2.9200,0.9425,0.4800
XORWEG,Zn,4,4.8900,0.9000,0.6981,0.0000
WIMYAV,Fe,4,2.8500,0.0100,0.4698,-0.9586
FEHFOP,Ni,4,8.6400,3.1000,0.9415,0.5051
YEJBOE,Pd,4,3.1700,0.3500,0.5145,-0.3468
QEJLUM02,Zn,4,5.3500,1.3000,0.7364,0.1461
SUQPOM,Zn,4,3.4700,0.7900,0.5527,-0.0506
KOBTOL,Ni,4,8.6300,2.8800,0.9410,0.4742
NUTWUW,Pt,4,9.9600,3.2200,1.0026,0.5211
XUNMUQ,Ag,4,2.5300,1.3500,0.4200,0.1614
QAKPIE,Cu,4,3.5900,1.1900,0.5670,0.1106
HACWOZ,Ag,4,3.2300,0.2300,0.5224,-0.4815
HEYMOP,Cu,4,9.5100,6.9000,0.9827,0.8451
LIMTUW,Ni,4,3.0700,0.2400,0.5011,-0.4685
KUTDAE,Pt,4,3.2700,0.5000,0.5276,-0.2218
YIMXEA,Cu,4,8.8200,3.3700,0.9504,0.5403
LAMWON01,Zn,4,5.4800,1.1400,0.7466,0.0934
POHROX,Cu,4,9.3000,2.9400,0.9731,0.4829
MIJJEV,Pd,4,9.5000,3.1900,0.9823,0.5172
XILKAF,Ag,4,3.8300,0.2600,0.5944,-0.4437
UXEKUE,Pd,4,8.4900,2.9400,0.9340,0.4829
AGEWOY03,Pd,4,3.3000,0.5300,0.5315,-0.2007
WABHIS01,Zn,4,2.9100,0.0800,0.4786,-0.7447
SEDKIV,Pd,4,9.6100,3.0000,0.9872,0.4914
OLECIV,Co,4,2.2600,0.4500,0.3729,-0.2596
ENETUM,Cu,4,0.9600,6.5000,0.0253,0.8195
XATRER,Pd,4,8.0600,2.8300,0.9117,0.4669
CAZROL,Pd,4,8.1200,2.8400,0.9149,0.4683
NESDAR,Zn,4,4.8000,0.8900,0.6902,-0.0044
TIJRAF,Ni,4,9.1300,2.9100,0.9652,0.4786
BULZAJ01,Hg,4,2.9800,0.0500,0.4886,-0.8239
ABIMUV,Mn,4,1.4600,0.2400,0.1931,-0.4685
TUKGUE,Pd,4,8.9200,3.0800,0.9552,0.5024
XESLAJ,Rh,4,9.2000,2.9200,0.9685,0.4800
DUGNIC02,Re,4,2.5300,0.0200,0.4200,-0.9208
KELKUI,Ag,4,3.5100,1.9800,0.5575,0.3181
BANVET,Pt,4,9.7500,3.1400,0.9934,0.5105
IKIDEN,Ir,4,3.2100,0.4500,0.5198,-0.2596
PIQFOM02,Fe,4,2.6200,0.0200,0.4346,-0.9208
VAZKEO,Cu,4,7.7500,9.8800,0.8949,0.9991
OCUJAX,Pt,4,9.7200,3.3000,0.9921,0.5315
LITDIB,Pt,4,2.9000,0.0100,0.4771,-0.9586
NONWES76,Pd,4,8.2100,2.9100,0.9196,0.4786
YAVJUD,Ni,4,8.8800,3.2200,0.9533,0.5211
NONDED,Cu,4,6.1500,1.1800,0.7959,0.1072
POKSAK,Pd,4,3.0100,0.1600,0.4928,-0.5850
TEVVIA01,Zn,4,2.8600,0.3800,0.4713,-0.3188
HITJAW,Rh,4,13.5200,4.6000,1.1342,0.6721
GAZLAY,Pd,4,3.0200,0.1800,0.4942,-0.5528
QUZYAM,Ni,4,8.5200,2.9200,0.9355,0.4800
FABBUI,Fe,4,2.9700,0.0000,0.4871,-1.0000
GOTTUI,Pt,4,2.9000,0.0300,0.4771,-0.8861
TOPNUJ,Ni,4,3.1200,0.2600,0.5079,-0.4437
NOTHOX,Zn,4,4.5700,0.7400,0.6693,-0.0757
NACCAW04,Co,4,3.0400,0.3000,0.4969,-0.3979
PADFIO,Mn,4,2.4500,0.0400,0.4065,-0.8539
YARMIP,Pd,4,3.4200,0.6800,0.5465,-0.1079
KIQKON,Fe,4,3.4500,0.7900,0.5502,-0.0506
ELOTOO,Pd,4,8.3400,2.8900,0.9263,0.4757
ZOXZOE,Pd,4,2.9000,0.0200,0.4771,-0.9208
AJISAN02,Cu,4,6.7300,1.9800,0.8344,0.3181
CINTAX,Fe,4,2.8400,0.0100,0.4683,-0.9586
AMICAA,Pt,4,8.3400,2.7400,0.9263,0.4533
FAVCEK,Ni,4,14.7400,21.8000,1.1714,1.3404
RESYUJ,Co,4,3.6200,0.4100,0.5705,-0.2924
POSDAD,Pd,4,2.9500,0.0600,0.4843,-0.7959
EWUJOW,Cu,4,2.2500,0.0800,0.3711,-0.7447
CUQRAI,Rh,4,8.6500,3.1900,0.9420,0.5172
XOZBAS,Pt,4,9.2600,3.1500,0.9713,0.5119
OYUQAD,Pd,4,9.0300,2.8500,0.9605,0.4698
QEWLEL,Fe,4,3.2800,0.0200,0.5289,-0.9208
VOQCEN,Pd,4,7.9900,2.9700,0.9079,0.4871
PEKSOQ,Fe,4,35.5500,19.4400,1.5521,1.2909
GIGPAN01,Cu,4,1.6500,0.1700,0.2430,-0.5686
QENXUD,Cu,4,1.6300,0.3500,0.2380,-0.3468
SAZFUX,Co,4,2.5700,0.1300,0.4265,-0.6383
YENFOQ,Fe,4,19.4500,12.8600,1.2911,1.1126
XIPQAO,Co,4,3.0400,0.6600,0.4969,-0.1192
QATQUX,Fe,4,8.4200,2.8800,0.9304,0.4742
NOVCUZ,Pd,4,8.1300,3.0000,0.9154,0.4914
MUBZIW,Co,4,1.4500,0.4600,0.1903,-0.2518
ICECOJ,Zn,4,3.1200,0.7200,0.5079,-0.0862
GOLCIU01,Zn,4,1.7800,0.5900,0.2742,-0.1612
PEGSUT,Mn,4,2.5200,0.0200,0.4183,-0.9208
VORPAT,Hg,4,4.6700,0.5700,0.6785,-0.1739
AFUDAH,Ni,4,16.0800,22.5100,1.2090,1.3543
WALDUM,Pd,4,9.0200,3.2600,0.9600,0.5263
ROZNUS01,Pt,4,3.0200,0.1200,0.4942,-0.6576
ILETOI,Au,4,3.1200,0.2900,0.5079,-0.4089
RUPTOP,Cu,4,2.6100,1.3100,0.4330,0.1492
JUCLEA,Ni,4,3.1600,0.3500,0.5132,-0.3468
OTACIW,Cu,4,3.0300,0.1300,0.4955,-0.6383
TEZRIB,Ni,4,20.1800,19.0300,1.3071,1.2817
UNIPAI,Ni,4,11.5300,13.9300,1.0656,1.1471
NEJSUT,Pt,4,9.1100,3.5200,0.9643,0.5587
BAZSUR,Ni,4,3.2500,0.4700,0.5250,-0.2441
BERTEY,Pt,4,5.1900,1.1800,0.7235,0.1072
UGATUT,Pt,4,9.7700,3.2000,0.9943,0.5185
REDQOI,Pd,4,11.3400,8.6100,1.0584,0.9400
ZAVPIY,Sc,4,13.4100,16.6900,1.1307,1.2251
WENLIK,Pt,4,8.3400,2.9000,0.9263,0.4771
UTELUD,Pd,4,8.4500,2.8800,0.9320,0.4742
RAWQEM,Pd,4,9.3300,3.2200,0.9745,0.5211
WOSZOT,Co,4,2.8700,0.0000,0.4728,-1.0000
FAMRET,Cu,4,1.5900,1.0000,0.2279,0.0414
SOTPUN,Cu,4,2.9000,0.0200,0.4771,-0.9208
KAZQEJ,Zn,4,2.0000,0.2900,0.3222,-0.4089
QOKHIK,Cu,4,8.0000,2.9800,0.9085,0.4886
SIDNIE,Zn,4,3.4400,6.3100,0.5490,0.8069
COPZEP,Au,4,9.1600,7.3900,0.9666,0.8745
SOJKAE,Pd,4,3.2400,0.4600,0.5237,-0.2518
YIHMAD,Zn,4,2.4400,0.7200,0.4048,-0.0862
DAJLOP,Ni,4,21.3800,20.2700,1.3320,1.3090
ITEMOK,Pd,4,9.9300,14.2500,1.0013,1.1569
YOPNAS03,Cu,4,5.2900,0.8400,0.7316,-0.0269
COPTCY06,Co,4,2.8800,0.0000,0.4742,-1.0000
TAWQUH,Cu,4,9.0200,12.3300,0.9600,1.0945
USODUD,Zn,4,2.5200,0.0300,0.4183,-0.8861
LEWJIH02,Co,4,4.0100,1.1300,0.6138,0.0899
BUKQAD,Au,4,8.5800,2.8800,0.9385,0.4742
MIFLES,Cu,4,2.8800,0.0000,0.4742,-1.0000
TAGTAW,Pt,4,8.6700,2.8900,0.9430,0.4757
AJAKUS,Ni,4,12.7300,15.4700,1.1082,1.1923
QOXKAP,Cu,4,2.9300,0.5200,0.4814,-0.2076
ZEZKUM,Cu,4,3.2000,1.1500,0.5185,0.0969
SELGAS,Au,4,8.8800,2.9800,0.9533,0.4886
QOYFUG,Au,4,2.8800,0.0000,0.4742,-1.0000
ULOYUP,Ni,4,8.4600,2.9300,0.9325,0.4814
MAGCOQ,Ni,4,18.6800,19.5200,1.2737,1.2927
PAQQUV,Pt,4,3.4500,0.7300,0.5502,-0.0809
MOWYIJ,Pt,4,9.2700,3.5000,0.9717,0.5563
KOVVOJ,Au,4,8.6100,2.8800,0.9400,0.4742
KISMOP,Co,4,2.9700,0.0100,0.4871,-0.9586
GABMEE,Cu,4,5.8200,1.2700,0.7723,0.1367
BEJWUL,Pd,4,8.6100,2.9500,0.9400,0.4843
VIKGIH,Au,4,3.0100,0.1600,0.4928,-0.5850
LALSUM,Co,4,6.5900,7.0600,0.8254,0.8549
TUZVER,Ni,4,14.9000,18.2800,1.1761,1.2643
JIFLIX,Cu,4,8.0500,2.3500,0.9112,0.3892
CAVXUT,Pt,4,7.2400,3.2900,0.8657,0.5302
QUNZIL,Pt,4,10.1400,3.2500,1.0103,0.5250
UQUMEZ,Zn,4,6.2600,1.4100,0.8035,0.1790
GAGTOY,Ti,4,2.8700,0.0300,0.4728,-0.8861
UKOXOK,Ni,4,8.5300,3.1100,0.9360,0.5065
ZESCUX,Ni,4,2.9000,0.0100,0.4771,-0.9586
KOCXOS,Zn,4,2.4400,0.9700,0.4048,0.0294
AZEMOK,Pd,4,8.3500,2.9500,0.9269,0.4843
KIHJOA,Rh,4,13.6300,4.4500,1.1377,0.6580
REKBER,Cu,4,9.1400,3.0700,0.9657,0.5011
CUDSON,Co,4,3.8100,0.8900,0.5922,-0.0044
EMOVEJ,Cu,4,4.0500,1.0800,0.6180,0.0719
SAHFUH,Mn,4,3.1700,0.0100,0.5145,-0.9586
COJROJ,Rh,4,9.2700,2.9400,0.9717,0.4829
KATJAQ,Ti,4,2.8400,0.1500,0.4683,-0.6021
IZUNAU,Cu,4,2.8900,0.0100,0.4757,-0.9586
ETADIM,Pd,4,3.1200,0.2100,0.5079,-0.5086
KEHJEM,Pt,4,3.1400,0.3400,0.5105,-0.3565
KAJSIZ,Pd,4,2.9100,0.0300,0.4786,-0.8861
JEFFEG,Pt,4,2.8800,0.0000,0.4742,-1.0000
ALIFEG,Cu,4,6.0500,1.2200,0.7889,0.1206
ZUXRAL,Pt,4,9.1300,3.2900,0.9652,0.5302
VOMPOE,Hg,4,4.0600,0.4900,0.6191,-0.2291
GEHQAM,Pt,4,9.3900,3.0800,0.9773,0.5024
VEHWUA,Pt,4,8.4500,2.8700,0.9320,0.4728
XIRWOM,Pd,4,8.6300,3.0800,0.9410,0.5024
QAHWUT,Ni,4,19.6800,18.9800,1.2962,1.2806
NETFID,Ag,4,5.7800,0.6100,0.7694,-0.1487
GELKAJ10,Pt,4,8.5400,7.7300,0.9365,0.8938
JIKGUJ,Ag,4,14.9100,16.6100,1.1764,1.2230
WEWSIB,Zn,4,4.6900,0.8600,0.6803,-0.0177
REKQUU,Cu,4,3.6400,7.0200,0.5729,0.8525
GIMQAW,Cu,4,2.9400,0.0700,0.4829,-0.7696
SOXCIV,Co,4,8.6400,3.4300,0.9415,0.5478
BAXYOS,Co,4,4.5200,0.5400,0.6646,-0.1938
MICTID,Ni,4,8.4300,2.6000,0.9309,0.4314
CUPVIT,Cu,4,2.8800,0.0100,0.4742,-0.9586
FAYMOI,Cu,4,1.7600,0.5500,0.2695,-0.1871
VIBQON,Rh,4,3.0800,0.3000,0.5024,-0.3979
FIPVUV,Zn,4,3.5300,0.5900,0.5599,-0.1612
ROKKIL01,Cu,4,8.8700,16.2500,0.9528,1.2135
OWEFUS01,Pd,4,12.7400,9.3800,1.1086,0.9768
NONYIA,Pd,4,3.2500,0.4900,0.5250,-0.2291
IMEXIJ,Ni,4,7.9500,18.0300,0.9058,1.2584
PUHWOI,Zn,4,2.8200,0.0000,0.4654,-1.0000
FUZSEA,Ni,4,12.6700,19.1100,1.1062,1.2835
HISQAE,Cr,4,4.0900,6.5000,0.6222,0.8195
UQESIT,Co,4,2.9000,0.0200,0.4771,-0.9208
MILXAG,Pd,4,2.9500,0.0900,0.4843,-0.7212
BURVEQ,Zn,4,2.3200,0.1700,0.3838,-0.5686
JOBPEX,Pt,4,9.2400,13.5200,0.9703,1.1342
XOZLEH,Cr,4,2.2600,0.5100,0.3729,-0.2147
BUJWOS,Fe,4,6.5900,3.2100,0.8254,0.5198
GABSEI,Pd,4,3.5200,0.7700,0.5587,-0.0605
QODVOY,Pd,4,8.6500,2.9800,0.9420,0.4886
OGOLOM,Pd,4,8.0700,2.6000,0.9122,0.4314
RADTEV,Ni,4,7.6500,2.3300,0.8893,0.3856
KUZTEG,Pt,4,2.9000,0.0100,0.4771,-0.9586
XIQYAA,Pd,4,8.7600,3.0700,0.9474,0.5011
SUWCEW,Pt,4,2.9000,0.0100,0.4771,-0.9586
IJEGEM,Pt,4,9.5400,3.0600,0.9841,0.4997
NOGTEK,Cu,4,5.6500,0.7800,0.7597,-0.0555
NUVHUL,Ag,4,5.5500,4.2800,0.7520,0.6415
XUVZIY,Pt,4,7.8000,3.0400,0.8976,0.4969
JISREL,Pd,4,8.9500,3.0300,0.9566,0.4955
YUVXUL,Au,4,3.1600,0.3600,0.5132,-0.3372
SULVAW,Pd,4,8.5500,2.9400,0.9370,0.4829
WAKPAB,Cu,4,5.6600,1.7200,0.7604,0.2601
AJOKIW,Cu,4,2.3700,1.7800,0.3927,0.2742
KIRCUN,Pd,4,9.0600,3.0600,0.9619,0.4997
XATQUG,Pd,4,2.9200,0.0400,0.4800,-0.8539
NONWES11,Pd,4,8.2900,2.9100,0.9238,0.4786
LIJCAK,Pt,4,8.2100,2.9300,0.9196,0.4814
SULMAN,Au,4,2.8800,0.0100,0.4742,-0.9586
YUBTIC,Pt,4,3.1500,0.3600,0.5119,-0.3372
DEYKIE,Cu,4,3.0600,0.0400,0.4997,-0.8539
SUQSEE,Pt,4,2.8800,0.0000,0.4742,-1.0000
MOZGUG,Zn,4,2.4200,0.6300,0.4014,-0.1367
PIQMIL,Cu,4,1.1900,0.3700,0.1106,-0.3279
JUXCAJ,Pt,4,3.5400,0.8000,0.5611,-0.0458
MARFUJ,Pd,4,9.5300,3.2000,0.9836,0.5185
JUKVET,Pt,4,3.4200,0.4700,0.5465,-0.2441
JOPFUR,Ni,4,2.9400,0.0500,0.4829,-0.8239
DICTUE,Pt,4,19.7200,16.9200,1.2971,1.2310
JATHAR,Rh,4,2.6400,0.0700,0.4378,-0.7696
XAHJOJ,Pt,4,3.0100,0.1700,0.4928,-0.5686
NUZHUM01,Co,4,2.8600,0.0100,0.4713,-0.9586
QISHEG,Pd,4,9.5000,16.6900,0.9823,1.2251
IQEROL,Cu,4,2.1500,1.7100,0.3522,0.2577
VATZOF04,Pt,4,2.9200,0.0300,0.4800,-0.8861
GUZPAW,Pt,4,7.4100,3.2200,0.8756,0.5211
SITBAB,Pt,4,7.9200,3.2500,0.9042,0.5250
MEBGAB,Ti,4,3.0600,1.4300,0.4997,0.1847
YAHREI,Ag,4,3.5800,3.0900,0.5658,0.5038
LEYNOS,Au,4,2.8800,0.0000,0.4742,-1.0000
TIFCAP,Co,4,2.8800,0.0000,0.4742,-1.0000
AHUWIJ,Cu,4,5.4300,0.9300,0.7427,0.0128
XUHJOA,Ni,4,1.1500,0.8800,0.0969,-0.0088
ZUDGIO01,Pt,4,3.1800,0.2800,0.5159,-0.4202
XONDEM,Au,4,3.2100,0.4300,0.5198,-0.2757
WESPEP,Cd,4,6.0000,3.2100,0.7853,0.5198
DEZWUC,Zn,4,2.4600,0.3100,0.4082,-0.3872
SOQCAE03,Ru,4,3.3400,0.5900,0.5366,-0.1612
DOFMAM,Cu,4,19.8600,22.8400,1.3002,1.3606
QAFNOD,Cu,4,10.8400,10.9700,1.0390,1.0441
MOQMOW,Pd,4,8.2000,3.0100,0.9191,0.4928
XODKAG,Ni,4,6.7500,9.8800,0.8357,0.9991
KERJOI,Zn,4,0.9700,1.2600,0.0294,0.1335
IZOVAW,Mn,4,3.2300,0.5100,0.5224,-0.2147
GUSDII,Au,4,3.1900,0.3700,0.5172,-0.3279
BEDBIX,Pd,4,3.2000,0.4400,0.5185,-0.2676
AWAQUL,Fe,4,2.2700,0.6100,0.3747,-0.1487
XARGON,Ni,4,4.6200,1.5300,0.6739,0.2122
ZUDVIH,Cu,4,5.9800,1.5800,0.7839,0.2253
VETVEX,Pt,4,8.8200,2.9700,0.9504,0.4871
HOTXIX,Ni,4,9.9000,13.0200,1.0000,1.1179
VIQWAX,Au,4,8.5100,3.1300,0.9350,0.5092
EHORID,Pd,4,2.9400,0.0600,0.4829,-0.7959
EGIXAV,Cu,4,2.8200,0.0400,0.4654,-0.8539
XOVPAC,Pd,4,3.3200,0.5500,0.5340,-0.1871
VORSAW,Pd,4,3.4000,0.6500,0.5441,-0.1249
EQIPAW02,Zn,4,2.5000,1.5400,0.4150,0.2148
NIQLOP,Ni,4,8.9400,14.5100,0.9562,1.1647
UDIKUP01,Ni,4,9.1300,2.9100,0.9652,0.4786
GOGPUO02,Ni,4,18.8700,16.4700,1.2781,1.2193
DUMCIY,Ni,4,8.1100,8.8800,0.9143,0.9533
GODMOC,Ag,4,3.3200,1.3300,0.5340,0.1553
JAGNEL,Zn,4,0.6100,5.4200,-0.1487,0.7419
KOVFEJ,La,4,1.8100,0.2800,0.2810,-0.4202
QOSROF,Rh,4,9.6000,3.1600,0.9868,0.5132
CODSIY,Cu,4,3.8100,0.4200,0.5922,-0.2840
YERXEC,Pt,4,2.9800,0.1200,0.4886,-0.6576
KANVUQ,Zn,4,6.0200,1.7300,0.7868,0.2625
PERFOH,Pt,4,2.8900,0.0100,0.4757,-0.9586
LOXDAH,Zn,4,3.0900,0.4500,0.5038,-0.2596
YAZNUI,Cu,4,2.8200,0.5000,0.4654,-0.2218
YIXJOE,Zn,4,2.3100,0.1800,0.3820,-0.5528
CIXYIS,Ru,4,2.5800,2.3100,0.4281,0.3820
KARQOJ01,Pt,4,8.6700,2.9900,0.9430,0.4900
CAZQOJ,Hg,4,12.9900,3.7000,1.1169,0.5798
NONWES78,Pd,4,8.3300,2.9000,0.9258,0.4771
NUMLEM,Ni,4,16.4700,15.5900,1.2193,1.1956
MAJTOJ,Cu,4,2.2200,0.0800,0.3655,-0.7447
CAQTEU,Pd,4,12.1800,15.5700,1.0892,1.1951
JEPKUK01,Cu,4,2.8800,0.0000,0.4742,-1.0000
JOCBOT,Mo,4,2.6100,0.0800,0.4330,-0.7447
GEWSUZ,Fe,4,5.1700,1.1400,0.7218,0.0934
PUKVAW,Cu,4,8.4600,2.9000,0.9325,0.4771
CICBEY,Zn,4,2.9800,0.0500,0.4886,-0.8239
XUVYUJ,Pt,4,10.0000,3.0900,1.0043,0.5038
XOVMUR,Ni,4,3.3500,0.2500,0.5378,-0.4559
OBOSOP,Cd,4,2.2900,0.1100,0.3784,-0.6778
GEYXOZ,Ni,4,2.8200,1.4000,0.4654,0.1761
RIVGAI,Pt,4,11.4800,14.9100,1.0637,1.1764
DTOXNI11,Ni,4,2.9000,0.0200,0.4771,-0.9208
FATMAP,Cu,4,14.7000,15.8100,1.1703,1.2017
TECBEL,Pd,4,9.2700,3.1600,0.9717,0.5132
PIMVAL,Au,4,8.6300,2.9900,0.9410,0.4900
HUBKUN,Cu,4,5.7600,0.7000,0.7679,-0.0969
DOQMAY,Ni,4,2.4500,0.3100,0.4065,-0.3872
PUNTEZ,Zn,4,4.3100,1.1000,0.6444,0.0792
JEVCAS,Ag,4,2.1200,1.0600,0.3464,0.0645
YAPZAS,Pd,4,11.9000,23.7100,1.0792,1.3768
BEHNIM01,Zn,4,1.9000,0.2200,0.3010,-0.4949
CITBEN,Pt,4,8.1300,2.9400,0.9154,0.4829
CIGLAI,Rh,4,3.0100,0.1500,0.4928,-0.6021
UJINUW,Ni,4,8.9100,2.8600,0.9547,0.4713
YIWPIH,Pd,4,8.2500,2.9500,0.9217,0.4843
QAFMAL,Pt,4,2.9200,0.0300,0.4800,-0.8861
AQOYEM02,Pt,4,8.0900,3.1400,0.9133,0.5105
ROVYAF,Au,4,8.0100,3.2200,0.9090,0.5211
FEQCOT,Pd,4,3.1100,0.2900,0.5065,-0.4089
ABIPIK,Ni,4,8.5100,2.8800,0.9350,0.4742
BERLOC,Pd,4,2.9600,0.0800,0.4857,-0.7447
NUWXAH,Ni,4,8.1800,2.9100,0.9180,0.4786
JOKZUH,Zn,4,2.8400,0.0300,0.4683,-0.8861
FIBLOS,Pt,4,2.9800,0.0900,0.4886,-0.7212
LUXWOT,Co,4,11.0700,9.2000,1.0481,0.9685
NUZRUZ,Ni,4,21.5700,18.6000,1.3359,1.2718
UMECUK,Pd,4,7.6100,3.2000,0.8871,0.5185
ACUDIN,Cu,4,2.5400,0.3600,0.4216,-0.3372
YOGWAV,Ni,4,9.0000,2.9000,0.9590,0.4771
RINWUI,Pd,4,9.0500,3.0500,0.9614,0.4983
RAKLAR,Ir,4,3.0200,0.1800,0.4942,-0.5528
ZOPJAR,Pd,4,2.9200,0.0400,0.4800,-0.8539
OLADUC,Cr,4,2.8700,0.0500,0.4728,-0.8239
CIFJOR,Pd,4,9.9600,3.0800,1.0026,0.5024
XIVYIO,Pt,4,3.0100,0.1200,0.4928,-0.6576
YAVHAG,Rh,4,3.0500,0.2200,0.4983,-0.4949
ACOBEA,Pd,4,19.2600,7.9900,1.2869,0.9079
NOSWOJ,Fe,4,3.7300,0.0700,0.5832,-0.7696
RAYNOX,Ir,4,4.5300,2.9900,0.6656,0.4900
EHIMEP,Pd,4,9.2100,2.9200,0.9689,0.4800
YOBPAH,Pd,4,2.9100,0.0300,0.4786,-0.8861
TAHMOF01,Zn,4,2.8000,0.0100,0.4624,-0.9586
MUVTIG,Cu,4,8.9400,6.8500,0.9562,0.8420
MAMDAH,Pd,4,8.4400,2.8800,0.9315,0.4742
YAGDEQ,Zn,4,3.4500,0.0400,0.5502,-0.8539
OHUTUH,Pd,4,3.2300,0.4500,0.5224,-0.2596
BUVVAQ,Au,4,2.9400,0.0900,0.4829,-0.7212
DASNET,Ni,4,4.9000,1.3200,0.6990,0.1523
NAZSAL,Pd,4,8.4900,7.7800,0.9340,0.8965
XIBKID,Fe,4,3.0200,0.0100,0.4942,-0.9586
MEMVOP,Ni,4,4.4400,1.4000,0.6571,0.1761
COXLAG,Ni,4,7.5500,2.6800,0.8837,0.4440
QIMDID,Pt,4,8.1700,3.0900,0.9175,0.5038
KIVKIL,Pt,4,9.7400,3.0400,0.9930,0.4969
HELKES,Zn,4,2.1500,0.3700,0.3522,-0.3279
WUBBUQ,Zn,4,3.9500,0.6200,0.6075,-0.1427
TOKTIZ,Co,4,2.0600,0.4600,0.3345,-0.2518
BEXKUM,Zn,4,8.6200,2.8800,0.9405,0.4742
NORJEJ,Pt,4,3.5200,0.6200,0.5587,-0.1427
GUHNUV,Ni,4,16.5200,18.1700,1.2206,1.2617
KUPYON,Rh,4,2.9600,0.0900,0.4857,-0.7212
NUVLIA01,Cu,4,2.9100,0.0300,0.4786,-0.8861
WESFUW,Co,4,3.6000,1.2300,0.5682,0.1239
WERCIF,Pt,4,7.9100,3.0100,0.9036,0.4928
RESDEY,Re,4,3.0500,0.0100,0.4983,-0.9586
CURTIW,Zn,4,3.4200,0.0300,0.5465,-0.8861
POYRUS,Pd,4,7.7800,3.0500,0.8965,0.4983
WIRVUQ,Ni,4,9.1300,9.7600,0.9652,0.9939
YASVIB,Cu,4,4.2700,2.4600,0.6405,0.4082
BELDUS,Zn,4,4.8000,1.6700,0.6902,0.2480
GUSDOO,Au,4,8.3200,3.0800,0.9253,0.5024
AXINIG,Pt,4,2.7700,0.8600,0.4579,-0.0177
VENZAQ,Zn,4,2.8800,0.0000,0.4742,-1.0000
IMTOPD,Pd,4,8.9000,3.0500,0.9542,0.4983
RIGYIR01,Fe,4,2.8800,0.0000,0.4742,-1.0000
NUNHOV,Ag,4,2.9100,1.6200,0.4786,0.2355
CEBDOF,Cu,4,2.3200,0.1100,0.3838,-0.6778
TEBSCO10,Co,4,9.1800,2.8600,0.9675,0.4713
LAZYOA,Cu,4,2.8600,0.0100,0.4713,-0.9586
RUGROA,Co,4,4.5500,0.6500,0.6675,-0.1249
TACGOV,Pt,4,3.3100,0.5300,0.5328,-0.2007
QARWOV,Ni,4,8.0000,2.9400,0.9085,0.4829
ANAXIX,Ni,4,3.2700,0.5300,0.5276,-0.2007
BEPHAI,Pd,4,8.3900,3.0900,0.9289,0.5038
MEKCOV,Cu,4,5.4400,0.9600,0.7435,0.0253
BUYMOX01,Au,4,3.4500,0.6900,0.5502,-0.1024
MECHAD,Ti,4,2.9200,0.0300,0.4800,-0.8861
XABLAR,Co,4,4.0400,0.5900,0.6170,-0.1612
OMAYEG,Pd,4,8.1700,2.9100,0.9175,0.4786
EFESEQ,Ni,4,8.3000,2.8100,0.9243,0.4639
HIWDEX,Co,4,2.0700,1.9900,0.3365,0.3201
SOHSOZ,Pd,4,8.7000,17.2100,0.9445,1.2383
QIGDAN,Pd,4,8.2500,2.8700,0.9217,0.4728
XOZYAM,Pt,4,2.9000,0.0200,0.4771,-0.9208
FEQGEO,Au,4,8.3300,2.8900,0.9258,0.4757
USETAP,Rh,4,3.2900,0.5300,0.5302,-0.2007
IHUCOE,Pt,4,9.5100,3.0600,0.9827,0.4997
CIQGAO,Pt,4,8.9400,3.1800,0.9562,0.5159
BENPUG,Pt,4,4.3800,1.3000,0.6513,0.1461
FALFOP,Ni,4,3.3000,0.5300,0.5315,-0.2007
RIFHUL,Pt,4,10.2400,3.1500,1.0145,0.5119
ARAMIQ,Pd,4,8.9100,3.1700,0.9547,0.5145
QUGFED,Nb,4,1.4300,0.4600,0.1847,-0.2518
BOGKUF,Au,4,8.3600,3.0000,0.9274,0.4914
IREJEU,Cu,4,2.9100,0.0400,0.4786,-0.8539
EQOYEO,Pd,4,3.1200,0.2600,0.5079,-0.4437
ALIREU,Ni,4,2.7600,0.0000,0.4564,-1.0000
GATLES04,Pd,4,8.2100,2.9500,0.9196,0.4843
BPYCPT08,Pt,4,9.9200,3.2600,1.0009,0.5263
LAYLED,Cu,4,9.0600,3.0600,0.9619,0.4997
DEYGAR,Co,4,2.7500,0.0700,0.4548,-0.7696
QEWZIB,Pd,4,3.0900,0.2600,0.5038,-0.4437
GANFUX,Pt,4,8.8400,2.8700,0.9513,0.4728
VEDXIM,Fe,4,4.4400,2.0000,0.6571,0.3222
CEFGUR,Cu,4,3.6300,0.3100,0.5717,-0.3872
DOQSIM,Pd,4,8.7300,3.1400,0.9460,0.5105
EBEGEA,Zn,4,3.2300,0.2700,0.5224,-0.4318
ROQNEQ,Hg,4,5.5400,2.5100,0.7513,0.4166
VEYMER,Ni,4,18.6700,23.4900,1.2735,1.3727
HULMUW,Cu,4,2.9100,0.0400,0.4786,-0.8539
ZEXHEP,Zn,4,2.7200,0.2800,0.4502,-0.4202
HEHRAQ,Pt,4,2.8700,0.0000,0.4728,-1.0000
PEMFIY,Pd,4,2.4400,0.1200,0.4048,-0.6576
MDZXCU,Cu,4,7.7000,6.4300,0.8921,0.8149
OJONEH,Cu,4,2.3100,0.9700,0.3820,0.0294
LUBQEG,Cu,4,9.1600,10.1700,0.9666,1.0116
EHAPOT,Pt,4,3.0300,0.1600,0.4955,-0.5850
UNAROT,Pd,4,8.6000,6.9300,0.9395,0.8470
TEYJIS,Hg,4,2.7700,1.8300,0.4579,0.2856
EYEROQ,Cd,4,3.2000,0.3300,0.5185,-0.3665
LOLVAL,Cu,4,2.3600,1.3900,0.3909,0.1732
HODKOA,Cu,4,4.8500,0.7900,0.6946,-0.0506
BOFVIB,Pt,4,8.2800,2.9200,0.9232,0.4800
VEPKUX,Cu,4,3.0800,0.2600,0.5024,-0.4437
GAZRIM,Cu,4,2.6600,1.4100,0.4409,0.1790
MASLEB,Zn,4,1.1800,0.7000,0.1072,-0.0969
CEBQIM,Co,4,2.8200,0.0200,0.4654,-0.9208
XEBJUN,Cd,4,2.2300,0.0800,0.3674,-0.7447
KADYUJ01,Cu,4,1.9300,0.5200,0.3075,-0.2076
FAJVUL,Au,4,3.1300,0.3000,0.5092,-0.3979
OYERES,Mn,4,4.3400,0.7500,0.6474,-0.0706
GADDAV,Pd,4,10.5200,11.0000,1.0261,1.0453
NETMOO,Pd,4,2.8800,0.0000,0.4742,-1.0000
TOFCOI,Pd,4,14.8600,20.4600,1.1749,1.3130
XIWKEV,Ni,4,15.6100,6.3800,1.1962,0.8116
PTDETC01,Pt,4,3.8400,0.8300,0.5955,-0.0315
IRUCUT,Fe,4,2.4600,0.7800,0.4082,-0.0555
UWAYOH,Pd,4,9.8900,3.0600,0.9996,0.4997
BICXAQ,Au,4,9.5600,3.1600,0.9850,0.5132
XAXXID,Cu,4,3.0300,0.1300,0.4955,-0.6383
DIJQIY,Zr,4,13.3100,8.9400,1.1274,0.9562
NIRJIH,Hg,4,3.8100,0.0900,0.5922,-0.7212
ZOYWIX,Ni,4,3.2900,0.9800,0.5302,0.0334
AMEPEN,Pt,4,3.0300,0.2300,0.4955,-0.4815
RETZUM,Pd,4,8.5100,2.8900,0.9350,0.4757
COXVOA,W,4,2.8900,0.0600,0.4757,-0.7959
AFASUX,Ru,4,3.0500,0.2100,0.4983,-0.5086
XAMQEI,Pd,4,8.9900,2.9900,0.9586,0.4900
GIDYIB,Pd,4,2.9100,0.0200,0.4786,-0.9208
DAMFED,Pt,4,3.0600,0.2000,0.4997,-0.5229
YILKAI,Fe,4,2.8900,0.4600,0.4757,-0.2518
KESQEH,Cu,4,7.9000,2.5600,0.9031,0.4249
OZILAL,Cu,4,2.7400,1.5500,0.4533,0.2175
YURXEP,Rh,4,3.6600,0.5400,0.5752,-0.1938
EMTPNI10,Ni,4,2.9000,0.0200,0.4771,-0.9208
HIBDAY,Pd,4,2.9500,0.0600,0.4843,-0.7959
FAQMAO,Cu,4,14.1100,15.5900,1.1526,1.1956
JUPZOL,Pt,4,10.5900,13.9000,1.0290,1.1461
SOHSAL,Pt,4,8.3100,2.9700,0.9248,0.4871
QAVNOS,Pt,4,8.2600,3.0900,0.9222,0.5038
OVERUD04,Pt,4,3.7600,1.0800,0.5866,0.0719
XUWSUE,Zn,4,1.9700,0.6000,0.3160,-0.1549
GEGZUN,Co,4,2.1700,0.7300,0.3560,-0.0809
BEQSUN,Ag,4,6.6000,1.1600,0.8261,0.1004
VIDNEF,Pd,4,3.2200,0.3700,0.5211,-0.3279
GIHTAT,Zn,4,9.3400,1.8900,0.9750,0.2989
RUHPIU,Pd,4,3.0700,0.2500,0.5011,-0.4559
WEXSID,Fe,4,1.8800,0.6700,0.2967,-0.1135
KUZHUM,Ni,4,9.7400,7.8200,0.9930,0.8987
MIXFAB,Pt,4,9.8900,3.2100,0.9996,0.5198
YIJWOG,Pd,4,9.6500,3.0400,0.9890,0.4969
ADEBET,Pd,4,9.5400,3.1900,0.9841,0.5172
TPASAU,Au,4,8.5800,2.8800,0.9385,0.4742
IKIXOQ,Pd,4,3.6100,0.8700,0.5694,-0.0132
GULKAC,Ni,4,8.3200,9.0300,0.9253,0.9605
EDOYON,Ni,4,2.8900,0.0100,0.4757,-0.9586
SULBUW01,Rh,4,3.2200,0.4500,0.5211,-0.2596
DEQLOB,Ir,4,11.4300,11.3900,1.0618,1.0603
NAJVUS,Ni,4,15.7600,14.4300,1.2003,1.1623
TAYNOX,Cu,4,2.1600,0.1100,0.3541,-0.6778
SAQJAZ,Zn,4,9.4000,10.1700,0.9777,1.0116
HUFQAD,Pd,4,7.7100,3.0200,0.8927,0.4942
QOFMOR,Pt,4,9.0100,2.9700,0.9595,0.4871
HIHSAU,Pd,4,10.0600,3.2500,1.0069,0.5250
KANWUT,Zn,4,2.7200,0.0100,0.4502,-0.9586
XAWVAW,Cu,4,8.7900,2.8000,0.9489,0.4624
GUVDEH,Ni,4,2.9000,0.0200,0.4771,-0.9208
DUTQUG,Cu,4,7.3100,8.8100,0.8698,0.9499
WALJIF,Ni,4,2.8900,0.3600,0.4757,-0.3372
QUWGIZ,Co,4,1.9300,0.1900,0.3075,-0.5376
YOGCOM,Pt,4,3.1000,0.2600,0.5051,-0.4437
GEPKOE01,Hg,4,3.8600,0.2200,0.5977,-0.4949
FORMUW,Pt,4,8.0900,3.1300,0.9133,0.5092
BISNUM02,Zn,4,2.8200,0.2000,0.4654,-0.5229
BUQDOI,Pd,4,9.4600,3.5700,0.9805,0.5647
NASQEF,Co,4,6.5800,12.6700,0.8248,1.1062
YOQFOD,Zn,4,10.5800,19.7100,1.0286,1.2969
HINCOX,Pd,4,2.8000,0.0100,0.4624,-0.9586
YAMSOV02,Ni,4,2.5400,0.2500,0.4216,-0.4559
IZIFAY,Cd,4,4.4600,1.2600,0.6590,0.1335
MAPRUR01,Ag,4,13.3300,4.2000,1.1281,0.6335
QEKDUF01,Cu,4,7.7100,2.1300,0.8927,0.3483
BITKIC,Zn,4,1.3800,0.6100,0.1703,-0.1487
DOHNAQ,Hg,4,2.7500,1.8900,0.4548,0.2989
BUJQAA,Fe,4,4.2500,0.2300,0.6385,-0.4815
TANRAE,Zn,4,1.7600,0.6400,0.2695,-0.1308
ZOJBAE,Cd,4,2.3000,0.0400,0.3802,-0.8539
WETFAC,Cu,4,2.9500,0.1600,0.4843,-0.5850
BACZUC,Pt,4,3.0700,0.2500,0.5011,-0.4559
RELGEV,Pt,4,3.0700,0.2400,0.5011,-0.4685
SEVNIT,Cu,4,3.4100,0.0400,0.5453,-0.8539
YADBIO,Ag,4,6.2700,6.3100,0.8041,0.8069
ZUMDUJ,Co,4,4.6600,0.9700,0.6776,0.0294
IKIGUF,Fe,4,8.3400,2.0800,0.9263,0.3385
PYSALP01,Pd,4,2.9600,0.0700,0.4857,-0.7696
VEMYOE,Co,4,0.3800,0.5100,-0.3188,-0.2147
USUDOD,Pd,4,8.9700,10.4300,0.9576,1.0224
LUJCIF,Pd,4,9.4700,3.0000,0.9809,0.4914
PAKJIU,Pd,4,8.6700,2.9800,0.9430,0.4886
HAQBUY,Ir,4,8.5800,3.0200,0.9385,0.4942
LUHJEH,Au,4,8.5200,3.1100,0.9355,0.5065
IFUNIH,Co,4,5.9000,0.6900,0.7782,-0.1024
DUHTEF,Ni,4,2.9000,0.0200,0.4771,-0.9208
XIPPER,Pd,4,8.2500,2.8700,0.9217,0.4728
IDEDOM,Ag,4,14.4600,5.1300,1.1632,0.7185
DIBWOB01,Cu,4,4.9900,0.6000,0.7067,-0.1549
ILOBIU01,Pd,4,12.8000,18.7200,1.1106,1.2746
OVURAA,Pd,4,8.7500,3.0600,0.9469,0.4997
HAWGAO02,Ni,4,1.1000,0.7700,0.0792,-0.0605
NIPDEZ,Ni,4,2.2600,0.0900,0.3729,-0.7212
HULYIZ,Au,4,2.8900,0.0100,0.4757,-0.9586
YIMTIY,Cu,4,5.5600,1.1600,0.7528,0.1004
QUFNEM,Pd,4,7.9800,3.1300,0.9074,0.5092
VACYOS,Ni,4,3.0200,0.2500,0.4942,-0.4559
REHWEG,Pt,4,2.9600,0.1100,0.4857,-0.6778
BURVIU,Zn,4,2.6800,0.1700,0.4440,-0.5686
POMMIO,Cd,4,3.1700,0.0500,0.5145,-0.8239
FAYKID,Pt,4,3.5100,0.7700,0.5575,-0.0605
HOSMOV,Ni,4,2.7000,0.1900,0.4472,-0.5376
QERSUE,Pt,4,2.9600,0.0800,0.4857,-0.7447
GEXHEZ,Pt,4,3.4700,0.7500,0.5527,-0.0706
NUFPIO,Cu,4,7.6400,7.3100,0.8887,0.8698
NIGBEN,Pt,4,8.9700,3.0000,0.9576,0.4914
EXIRIP,Ni,4,7.0100,1.5300,0.8519,0.2122
QIDGOZ02,Cu,4,3.6900,0.5200,0.5786,-0.2076
GUWMAM,Pd,4,3.3200,0.4400,0.5340,-0.2676
MUTPUN,Ti,4,3.1700,0.1200,0.5145,-0.6576
JUGHAU,Ni,4,2.9100,0.0300,0.4786,-0.8861
HEDYAT,Cu,4,2.1800,1.3100,0.3579,0.1492
MATFIX,Ni,4,15.4700,9.5500,1.1923,0.9845
ENAWIA,Pt,4,9.2600,3.5300,0.9713,0.5599
ZUZJAI,Ni,4,4.5100,1.7000,0.6637,0.2553
XIKZIB,Cu,4,3.9300,1.3600,0.6053,0.1644
CAPTIW,Pd,4,9.0600,3.2400,0.9619,0.5237
KEFYUQ01,Mn,4,4.2300,0.6800,0.6365,-0.1079
EXOBIC,Ni,4,6.7200,6.2600,0.8338,0.8035
DUMYUJ,Ni,4,8.5900,6.5100,0.9390,0.8202
QOLSAN01,Zn,4,3.2200,0.6800,0.5211,-0.1079
QIGQUS,Zn,4,1.8600,0.6000,0.2923,-0.1549
PAGVAY,Cu,4,5.1300,0.7800,0.7185,-0.0555
YIVTAA,Cu,4,9.0100,2.8300,0.9595,0.4669
XUJRID,Cu,4,7.3800,3.0400,0.8739,0.4969
HUHXEP,Ag,4,4.2900,1.8200,0.6425,0.2833
KOXVUQ,Au,4,8.8200,2.9800,0.9504,0.4886
VOMDAD,Rh,4,7.7800,2.9200,0.8965,0.4800
FOCJIR,Pd,4,8.4800,3.1300,0.9335,0.5092
GAKSIX,Pd,4,9.2200,10.0800,0.9694,1.0077
UQUJEW,Zn,4,3.0000,0.1100,0.4914,-0.6778
TOBDIA,Pt,4,2.9600,0.1000,0.4857,-0.6990
IFOCAK,Au,4,9.5600,3.0200,0.9850,0.4942
DABRII,Fe,4,4.0500,0.4700,0.6180,-0.2441
OTUSII,Pd,4,3.1000,0.2800,0.5051,-0.4202
SOCGUP,Cu,4,8.0700,2.4000,0.9122,0.3979
RIGYIR,Fe,4,2.8800,0.0000,0.4742,-1.0000
HOSXUK,Ni,4,2.5500,0.6300,0.4232,-0.1367
VEGREG,Zn,4,2.9200,0.6000,0.4800,-0.1549
QUQYAC,Ni,4,8.6200,2.9200,0.9405,0.4800
QIYYED01,Zn,4,0.9100,0.7400,0.0043,-0.0757
KAZCET,Cu,4,5.6400,8.4700,0.7589,0.9330
ALOFOA,Cu,4,3.4400,1.4400,0.5490,0.1875
PEWLUB,Cu,4,7.7300,2.3400,0.8938,0.3874
IVOBAZ,Pd,4,9.0600,3.2200,0.9619,0.5211
IWOHIO,Y,4,9.8100,3.9500,0.9961,0.6075
XOVPEG,Pt,4,3.3700,0.6300,0.5403,-0.1367
POFNEF,Ag,4,3.7600,1.0700,0.5866,0.0682
USEVUK,Pd,4,8.6300,3.0900,0.9410,0.5038
HUSFIK,Ni,4,2.6700,1.7500,0.4425,0.2672
VUZDEZ,Au,4,2.8800,0.0000,0.4742,-1.0000
FEQGIS,Ni,4,2.9200,0.0400,0.4800,-0.8539
WUGTAW01,Fe,4,3.0200,0.0100,0.4942,-0.9586
ADIWAP,Pd,4,3.1300,0.2600,0.5092,-0.4437
PAFXIE,Ni,4,7.9800,3.1500,0.9074,0.5119
BIZBEV,Cu,4,6.6800,2.0000,0.8312,0.3222
BEZWUZ,Pd,4,9.7500,3.1100,0.9934,0.5065
QUCWET01,Mn,4,2.9900,0.0500,0.4900,-0.8239
YIBHUM,Mn,4,3.7000,0.1000,0.5798,-0.6990
BDPAPD,Pd,4,2.9300,0.0500,0.4814,-0.8239
WAGXEK,Cu,4,2.9200,0.0600,0.4800,-0.7959
ZUFBOU,Zn,4,4.6700,5.1500,0.6785,0.7202
WIGDOJ,Pd,4,8.3500,2.9400,0.9269,0.4829
RANHOF,Zn,4,1.6300,0.5800,0.2380,-0.1675
DIBWAN,Cu,4,5.1300,0.8300,0.7185,-0.0315
YABWEH,Cu,4,1.7000,0.8000,0.2553,-0.0458
ROGZAQ,Pd,4,7.9700,3.1100,0.9069,0.5065
IPIHEU,Pt,4,8.6700,2.8800,0.9430,0.4742
CUHGIY,Pd,4,8.1200,3.0400,0.9149,0.4969
TUCSOZ,Ni,4,8.7700,3.1000,0.9479,0.5051
AKAYES,Cu,4,3.6200,0.4600,0.5705,-0.2518
OMUQAR,Mn,4,3.2200,0.0900,0.5211,-0.7212
HOZFUX,Ti,4,2.8300,0.2600,0.4669,-0.4437
WAYGAG,Ni,4,3.1300,0.3500,0.5092,-0.3468
MUSWAC,Pd,4,8.3500,3.0800,0.9269,0.5024
KUBFOE,Pd,4,8.7500,3.0900,0.9469,0.5038
INAWAV,Cu,4,2.9100,0.0200,0.4786,-0.9208
DATHOZ,Pt,4,7.3100,3.0800,0.8698,0.5024
AMIWEB,Pt,4,2.9200,0.0600,0.4800,-0.7959
RAPRIL,Pt,4,7.8100,2.9900,0.8982,0.4900
LANYAD,Ni,4,9.2600,15.1800,0.9713,1.1841
WUPFAR,Pd,4,2.8900,0.0100,0.4757,-0.9586
QIKGEY,Ni,4,19.4900,18.6100,1.2920,1.2721
UHOKOT,Cd,4,4.0500,0.4000,0.6180,-0.3010
UYINOH,Pd,4,10.2100,3.4900,1.0133,0.5551
AWOPIN,Fe,4,2.7100,2.0400,0.4487,0.3304
QERGUT,Ni,4,2.9000,0.0100,0.4771,-0.9586
XEZMAQ,Cu,4,2.9000,0.0200,0.4771,-0.9208
EZICUL,Pd,4,8.2500,2.9700,0.9217,0.4871
OMAPID,Pd,4,7.9400,9.6500,0.9053,0.9890
GOHDIT,Cu,4,9.5700,8.9400,0.9854,0.9562
NEWPIR,Cu,4,4.4100,6.6200,0.6542,0.8274
QOGBOE,Ni,4,11.5400,15.0700,1.0660,1.1810
ABUPIX,Ti,4,3.0000,0.0000,0.4914,-1.0000
CIJDII,Pd,4,3.0500,0.2100,0.4983,-0.5086
XIFCEX,Ni,4,3.0300,0.5200,0.4955,-0.2076
MAKFEK,Co,4,4.2000,0.5300,0.6335,-0.2007
ZILSEU,Ni,4,0.5600,5.5900,-0.1805,0.7551
BAWLAP,Au,4,9.7800,3.3600,0.9948,0.5391
KUDWEM,Zn,4,3.2800,2.5700,0.5289,0.4265
PELDEP,Pd,4,7.3900,3.1600,0.8745,0.5132
JUGPUZ,Cd,4,3.3100,0.3800,0.5328,-0.3188
TEKXOY,Cu,4,2.2700,0.1600,0.3747,-0.5850
YADPOL,Zn,4,3.1600,0.7400,0.5132,-0.0757
HIFQIX,Cu,4,3.8300,1.9800,0.5944,0.3181
COYLOV,Ni,4,14.6700,19.7800,1.1694,1.2984
MASSOR,Ag,4,3.7700,1.9300,0.5877,0.3075
BUTMIN,Cu,4,2.9300,0.0600,0.4814,-0.7959
YIQPIY,Rh,4,3.0900,0.2500,0.5038,-0.4559
NASFEU,Cu,4,3.1700,1.2600,0.5145,0.1335
BUGDOX,Ni,4,5.1900,2.0800,0.7235,0.3385
DUMKUS,Hg,4,3.1500,0.5400,0.5119,-0.1938
NONWES89,Pd,4,8.0700,2.9300,0.9122,0.4814
NEBVEW,Pt,4,2.8700,0.1500,0.4728,-0.6021
QOLHEF,Cu,4,9.0200,10.0300,0.9600,1.0056
BIDLOS,Pd,4,3.5900,0.6200,0.5670,-0.1427
NEBTAP,Pd,4,8.9600,11.1500,0.9571,1.0512
NEGREX,Pt,4,2.8900,0.0100,0.4757,-0.9586
WULXUW,Zn,4,6.8400,17.5300,0.8414,1.2463
TUDSUI,Pt,4,8.1200,3.1700,0.9149,0.5145
XIPSIC,Zn,4,4.5700,0.7400,0.6693,-0.0757
TUMNIA,Ni,4,8.3600,12.9500,0.9274,1.1156
HESTIL,Pd,4,2.9100,0.0300,0.4786,-0.8861
WIKTOA,Rh,4,8.0900,9.5100,0.9133,0.9827
MAQXIM,Cu,4,1.4900,0.2700,0.2014,-0.4318
XOZPAF,Cu,4,2.6900,0.0800,0.4456,-0.7447
TAYDOP,Ni,4,16.5700,17.6800,1.2219,1.2499
DUZXIH,Mo,4,2.7800,0.3700,0.4594,-0.3279
RALMEX,Pd,4,8.9200,2.8900,0.9552,0.4757
UTAYEU,Ni,4,3.0900,0.2600,0.5038,-0.4437
HIPBEO,Cu,4,2.7100,0.3300,0.4487,-0.3665
ICASEK,Rh,4,11.0200,15.2500,1.0461,1.1861
LOFYIS,Zn,4,6.6100,2.0000,0.8267,0.3222
MOWPIY,Cu,4,1.9600,0.2200,0.3139,-0.4949
JOQYEW,Pd,4,2.9000,0.0200,0.4771,-0.9208
SABCUU,Cu,4,3.8400,0.0900,0.5955,-0.7212
YUXZIA,Rh,4,8.4900,2.9900,0.9340,0.4900
KAQTIG,Rh,4,3.0300,0.1900,0.4955,-0.5376
BUSICO,Co,4,14.9900,20.2600,1.1787,1.3088
CEBXUD,Fe,4,2.7500,0.0100,0.4548,-0.9586
XOWJAW,Cu,4,3.1100,0.2900,0.5065,-0.4089
MIMKAU,Co,4,2.0300,0.2600,0.3284,-0.4437
QEGKES01,Pt,4,3.3500,0.5800,0.5378,-0.1675
RERFUR,Pd,4,9.4200,3.5600,0.9786,0.5635
RUNWED,Cu,4,2.9300,0.0500,0.4814,-0.8239
SOVPAX,Pd,4,3.0500,0.2600,0.4983,-0.4437
EJIKUH,Cu,4,8.0400,2.3400,0.9106,0.3874
QUBGAY,Pt,4,13.2300,13.6100,1.1248,1.1370
SUTLOL,Pd,4,9.8900,3.0500,0.9996,0.4983
SUXJOK,Zn,4,3.6400,0.1700,0.5729,-0.5686
KOGGUK,Au,4,7.4500,3.1300,0.8779,0.5092
QEDFOU,Ni,4,3.1800,0.3800,0.5159,-0.3188
NENHIB02,Mn,4,3.5000,0.0400,0.5563,-0.8539
XILBIF,Ir,4,5.3800,7.5400,0.7388,0.8831
GOVBUO,Au,4,8.3000,2.9500,0.9243,0.4843
QIDLIB,Cu,4,9.0600,2.9400,0.9619,0.4829
YINXUP,Au,4,2.8800,0.0000,0.4742,-1.0000
COVXOD,Cu,4,6.7200,2.1000,0.8338,0.3424
NUXMEA,Pd,4,9.9500,3.2300,1.0022,0.5224
GIBZEY,Pd,4,8.0500,2.6500,0.9112,0.4393
KIPVOX,Cu,4,8.4300,2.9900,0.9309,0.4900
YATPER,Pt,4,3.4200,0.6500,0.5465,-0.1249
YABPUR01,Pt,4,3.2800,0.4700,0.5289,-0.2441
FUNNOR,Nb,4,3.5900,0.7000,0.5670,-0.0969
KAMSIB,Cu,4,1.9800,0.0900,0.3181,-0.7212
DURLOS,Zn,4,7.6400,6.9100,0.8887,0.8457
FELQOE,Pd,4,3.1700,0.3700,0.5145,-0.3279
ROLVOD,Ni,4,13.6200,11.7100,1.1374,1.0722
FEWVEL,Co,4,3.1600,0.4000,0.5132,-0.3010
ZUBGOU,Pd,4,16.5000,24.8000,1.2201,1.3962
SIWXON,Pt,4,9.6300,3.0900,0.9881,0.5038
AVAWUS,Pd,4,3.5200,0.8500,0.5587,-0.0223
ZZZDNU01,Zn,4,3.2900,0.5000,0.5302,-0.2218
YILBAX,Cu,4,2.9300,0.0600,0.4814,-0.7959
TEGKOF,Ni,4,14.4200,23.6300,1.1620,1.3753
ESITIM,Au,4,2.9400,0.0900,0.4829,-0.7212
QUSLUN,Ni,4,16.2700,15.1900,1.2140,1.1844
XOYZEQ,Cu,4,5.1600,1.9200,0.7210,0.3054
PAMZOV,Rh,4,3.0400,0.2100,0.4969,-0.5086
XUVWEU,Au,4,9.7500,3.1700,0.9934,0.5145
ATANIU,Zr,4,3.3700,0.7400,0.5403,-0.0757
KOBWIH,Zn,4,3.1000,0.4600,0.5051,-0.2518
GOYQES,Pt,4,7.8700,2.9600,0.9015,0.4857
CDMSOP08,Pt,4,8.7100,2.8900,0.9450,0.4757
ATOCUH,Cu,4,7.4200,2.2700,0.8762,0.3747
IHIQAV,Re,4,2.8300,0.0000,0.4669,-1.0000
SIRPER,Pd,4,9.1200,3.4700,0.9647,0.5527
YOBMOU,Ni,4,14.7900,18.6800,1.1729,1.2737
VOSKOF,Co,4,2.6400,0.4000,0.4378,-0.3010
UROGIS,Pd,4,3.1600,0.3600,0.5132,-0.3372
MICPEW,Ag,4,2.3700,0.1500,0.3927,-0.6021
LUKLEK,Pt,4,3.0000,0.1600,0.4914,-0.5850
RERCAV,Cu,4,2.7300,0.5400,0.4518,-0.1938
VEQQAM,Rh,4,3.2400,0.4600,0.5237,-0.2518
SUKYOQ01,Cu,4,2.8900,0.0100,0.4757,-0.9586
TIHQOQ,Pt,4,2.9200,0.0700,0.4800,-0.7696
QACFIL,Pd,4,8.7900,2.9200,0.9489,0.4800
QIDPEA,Co,4,7.6200,8.1600,0.8876,0.9170
ZEXGUE,Cu,4,0.9500,0.5300,0.0212,-0.2007
UFIFOF,V,4,3.5800,1.0100,0.5658,0.0453
YERWAX,Pt,4,3.0100,0.1500,0.4928,-0.6021
YODCUQ,Cu,4,2.9000,0.0200,0.4771,-0.9208
GARRIC,Pd,4,8.7200,2.9900,0.9455,0.4900
JEZMEG,Pt,4,8.6100,3.0700,0.9400,0.5011
ICUDAM,Zn,4,3.3000,0.3600,0.5315,-0.3372
YISPAT,Pd,4,3.0400,0.2100,0.4969,-0.5086
NICGAJ,Cu,4,4.0600,0.7100,0.6191,-0.0915
KIMXOT,Pd,4,3.1300,0.2400,0.5092,-0.4685
BOMFUE,Cu,4,13.3700,11.5700,1.1294,1.0671
ZACXUB,Ni,4,18.5000,18.6700,1.2695,1.2735
XIJYEU02,Ni,4,9.0300,2.9100,0.9605,0.4786
WEHROR,Pt,4,9.8300,3.2200,0.9969,0.5211
XULXEL,Pt,4,9.8400,3.6500,0.9974,0.5740
ZEHQOU01,Cu,4,19.4500,19.9300,1.2911,1.3017
FOVXIB,Fe,4,2.8300,0.2900,0.4669,-0.4089
TAHNEZ,Pd,4,8.7600,3.1100,0.9474,0.5065
KEZNIO,Co,4,3.1100,0.5400,0.5065,-0.1938
YOHQAN,Pd,4,2.9600,0.1600,0.4857,-0.5850
GELJOX,Zn,4,2.1900,0.6400,0.3598,-0.1308
FILBIN,Pd,4,8.1400,3.0600,0.9159,0.4997
WUWNOT,Co,4,5.3300,6.0400,0.7348,0.7882
IMESID,Ir,4,3.0600,2.8900,0.4997,0.4757
EDAYEP,Zn,4,3.5100,11.9100,0.5575,1.0795
BIFZOF,Pt,4,2.9100,0.0300,0.4786,-0.8861
LIMVAE01,Pd,4,8.6700,2.9300,0.9430,0.4814
UMATAH,Pd,4,3.2600,0.4800,0.5263,-0.2366
EMIMOD,Cu,4,6.0500,1.3600,0.7889,0.1644
PULPAQ,Cu,4,2.8100,0.8000,0.4639,-0.0458
JIDYOK,Cr,4,3.1500,0.2900,0.5119,-0.4089
NESXIU,Pd,4,2.9600,0.0700,0.4857,-0.7696
GOFROL,Zn,4,1.3800,6.5000,0.1703,0.8195
HEVMUU,Pd,4,3.0800,0.2600,0.5024,-0.4437
TUVFOH,Au,4,8.6400,3.1500,0.9415,0.5119
BEGTOY,Ag,4,11.6200,5.0800,1.0689,0.7143
LINMUR02,Pd,4,9.6400,15.0600,0.9886,1.1807
XAKDAR,Ni,4,21.4000,19.8100,1.3324,1.2991
FELQIY01,Pd,4,3.0500,0.2200,0.4983,-0.4949
NIDQOG,Pd,4,2.8900,0.0000,0.4757,-1.0000
QAPMAZ,Rh,4,3.0100,0.1700,0.4928,-0.5686
TAZAPD,Pd,4,3.0900,0.1800,0.5038,-0.5528
FUDZAH,Cd,4,3.6200,0.6200,0.5705,-0.1427
SUZMEJ,Ni,4,18.2800,19.3300,1.2643,1.2885
LABRUC,Cu,4,2.9000,0.0800,0.4771,-0.7447
EHOFAJ,Pd,4,8.8000,3.0500,0.9494,0.4983
AXAXOM,Pt,4,3.0600,0.2300,0.4997,-0.4815
OLIRAD,Ni,4,14.0500,6.2000,1.1508,0.7993
RUFNIT,Pt,4,3.1300,0.5800,0.5092,-0.1675
WEJDUL,Pd,4,3.1700,0.3700,0.5145,-0.3279
ZADSEC,Cu,4,16.4700,10.3100,1.2193,1.0175
LODYAH,Ni,4,2.9300,0.0600,0.4814,-0.7959
FIWQUA,Pt,4,3.0100,0.1500,0.4928,-0.6021
ACUXAX07,Pt,4,8.4700,3.1000,0.9330,0.5051
TEZQOG,Cu,4,2.9200,0.0400,0.4800,-0.8539
YUXBIC,Ti,4,3.3200,0.3200,0.5340,-0.3768
YATYUP01,Cu,4,2.8800,0.0000,0.4742,-1.0000
KOZKER,Pd,4,8.5900,3.2300,0.9390,0.5224
QUSPEA,Pt,4,2.8800,0.0000,0.4742,-1.0000
XAMFUN,Zn,4,8.3700,10.4200,0.9279,1.0220
ULOGUY,Ag,4,5.4100,4.0000,0.7412,0.6128
FEJMEN,Cu,4,2.8700,0.9700,0.4728,0.0294
UCUHEF,Pd,4,3.1300,0.3200,0.5092,-0.3768
PUQLIX,Fe,4,1.6000,0.6100,0.2304,-0.1487
MEGJAN,Zn,4,6.2900,1.4900,0.8055,0.2014
DURWET,Cd,4,2.0800,0.0900,0.3385,-0.7212
ZADJAS,Cu,4,3.1000,0.3400,0.5051,-0.3565
BEZXEK,Pd,4,7.7800,3.0600,0.8965,0.4997
FACUPZ,Cu,4,0.7500,0.5900,-0.0706,-0.1612
TITDOR,Pd,4,2.8600,0.0100,0.4713,-0.9586
EDAXEO,Zn,4,3.6700,1.0200,0.5763,0.0492
LEBZID,Ag,4,3.1300,0.2200,0.5092,-0.4949
AXANIZ,Fe,4,25.2300,11.3600,1.4036,1.0592
OJIMEA,Ni,4,3.3800,0.6200,0.5416,-0.1427
HUKNOU,Pd,4,3.7000,1.0300,0.5798,0.0531
QAFSUN,Pd,4,7.6800,3.2600,0.8910,0.5263
MUMGOU,Pt,4,3.0000,0.1300,0.4914,-0.6383
DEBPUY,Pd,4,8.7500,3.2400,0.9469,0.5237
LUKQIU,Cu,4,5.9600,1.2400,0.7825,0.1271
XOZDOJ,Ni,4,2.9800,0.3900,0.4886,-0.3098
HABDOG,Pt,4,8.2600,2.8900,0.9222,0.4757
UYAVUN,Cu,4,8.6000,2.8900,0.9395,0.4757
SOTSIH,Mn,4,2.5700,0.3200,0.4265,-0.3768
HURNAM,Ni,4,8.3900,2.8900,0.9289,0.4757
KATREE,Pd,4,10.0800,3.1700,1.0077,0.5145
HADBEW,Ni,4,3.3900,0.5300,0.5428,-0.2007
AVAJOZ,Cu,4,15.8300,19.0500,1.2022,1.2822
ZELLIN,Au,4,8.6600,9.5000,0.9425,0.9823
TASBIB01,Au,4,10.1100,3.5700,1.0090,0.5647
QACNOY,Pt,4,8.3500,3.3900,0.9269,0.5428
DAFLAY,Cu,4,3.4200,0.3700,0.5465,-0.3279
SEJMAX,Pt,4,3.8600,1.1900,0.5977,0.1106
OCUYES,Pt,4,7.7300,3.2800,0.8938,0.5289
GUXHOX,Pd,4,9.6000,3.1600,0.9868,0.5132
RINJOQ,Ni,4,8.3300,3.0100,0.9258,0.4928
LIRQIM,Ni,4,18.1900,19.4700,1.2622,1.2916
SEHPUS,Pd,4,7.5700,3.6600,0.8848,0.5752
VUJHUF,Zn,4,5.7500,1.0000,0.7672,0.0414
NAFLIP02,Pd,4,8.7500,3.1800,0.9469,0.5159
OGANAP,Cu,4,3.0500,1.4000,0.4983,0.1761
VOBLUX,Cu,4,3.6600,1.2200,0.5752,0.1206
PETJEG,Zn,4,4.7400,0.7800,0.6848,-0.0555
NESWEQ,Zn,4,8.5700,15.9700,0.9380,1.2060
NOZMOE,Ni,4,12.3000,23.1800,1.0934,1.3670
NIDNEV,Fe,4,2.6900,0.0300,0.4456,-0.8861
AJUPEA,Ni,4,8.0300,2.9100,0.9101,0.4786
KEXMEG,Cu,4,8.9000,2.9800,0.9542,0.4886
MILJIB,Pd,4,11.5600,26.4600,1.0667,1.4242
MOPWEV,Pd,4,10.4200,3.2100,1.0220,0.5198
VIYPEC,Cu,4,5.7000,2.3900,0.7634,0.3962
QACWEY,Co,4,2.9600,0.0400,0.4857,-0.8539
TUNGOZ,Ir,4,6.7900,1.9900,0.8382,0.3201
DAFZUG,Pt,4,10.6100,3.2500,1.0298,0.5250
HOQHEA,Fe,4,2.8800,0.0000,0.4742,-1.0000
PUYXAJ,Pd,4,8.3600,2.9400,0.9274,0.4829
OYORUQ,Pt,4,3.0500,0.2100,0.4983,-0.5086
PUSDEN,Pt,4,3.0500,0.2100,0.4983,-0.5086
KIQREK,Pt,4,3.5100,0.7800,0.5575,-0.0555
FUJHIB,Rh,4,8.6200,2.9900,0.9405,0.4900
PEBQUJ,Cu,4,3.5800,1.3300,0.5658,0.1553
OXECUQ,Pt,4,9.0400,3.2000,0.9609,0.5185
FADKAA,Ni,4,2.6300,0.2700,0.4362,-0.4318
VANJAX,Ni,4,4.7200,1.4400,0.6830,0.1875
YAFTAE,Ni,4,2.5300,1.1200,0.4200,0.0864
CUZSOF,Au,4,2.8800,0.0000,0.4742,-1.0000
FASREX,Ni,4,2.9800,0.2400,0.4886,-0.4685
ZIBLUR,Zn,4,3.5800,0.3100,0.5658,-0.3872
LAJMEP,Cu,4,2.1500,1.6900,0.3522,0.2529
QUXRAG,Zn,4,2.4700,0.4200,0.4099,-0.2840
SOQCAE06,Ru,4,3.3500,0.6000,0.5378,-0.1549
MASDAO,Pd,4,3.0200,0.3000,0.4942,-0.3979
XOZPOR,Pd,4,3.2600,0.5300,0.5263,-0.2007
VECGEQ,Cu,4,7.5900,2.0100,0.8859,0.3243
NIPXER,Rh,4,3.1000,0.2900,0.5051,-0.4089
WACFAL01,Ni,4,2.9100,0.0300,0.4786,-0.8861
YAWSIY,Co,4,2.5600,0.0200,0.4249,-0.9208
OQUXAC,Ni,4,4.9300,2.1200,0.7016,0.3464
YASGII,Zn,4,3.9200,0.7400,0.6042,-0.0757
OXIXAW,Co,4,2.9000,0.0300,0.4771,-0.8861
GEJVID,Pt,4,3.2900,0.5000,0.5302,-0.2218
TOQVOK,Pd,4,2.9600,0.1500,0.4857,-0.6021
QIXCAB,Pt,4,3.1300,0.3600,0.5092,-0.3372
UFUQAQ,Au,4,8.5200,2.9000,0.9355,0.4771
EYABOV,Fe,4,2.9300,0.7700,0.4814,-0.0605
HASQOH,Cu,4,4.0800,0.9900,0.6212,0.0374
GOLROP,Cu,4,2.9400,0.0700,0.4829,-0.7696
NONVAO,Os,4,15.1200,10.7300,1.1824,1.0346
YICHAU,Cu,4,8.7300,8.6800,0.9460,0.9435
TOGXIY,Ni,4,4.4500,0.3900,0.6580,-0.3098
YAZMIV01,Cu,4,7.2700,9.4700,0.8675,0.9809
BINCOT,Pd,4,8.3100,3.0700,0.9248,0.5011
LADHAA,Pd,4,3.6300,0.8700,0.5717,-0.0132
VADHOA,Pt,4,3.3300,0.5400,0.5353,-0.1938
XOVJAW,Ni,4,3.1800,0.3800,0.5159,-0.3188
XEMSOY,Pd,4,8.8600,3.2200,0.9523,0.5211
TUGCUU,Pd,4,4.3300,1.3100,0.6464,0.1492
QOBZEN,Co,4,2.5100,0.6600,0.4166,-0.1192
IBENIQ,Pt,4,9.7800,3.2100,0.9948,0.5198
AYOHOM,Ag,4,2.8800,0.0000,0.4742,-1.0000
ACACCU55,Cu,4,2.9400,0.0500,0.4829,-0.8239
FIPRON,Cu,4,2.4700,0.0400,0.4099,-0.8539
JISVIT,Pd,4,8.6300,3.0600,0.9410,0.4997
KUWMIC,Cu,4,2.4600,0.3400,0.4082,-0.3565
QUMMES,Pd,4,9.5900,3.0300,0.9863,0.4955
EKIREW,Pd,4,8.8300,2.9400,0.9509,0.4829
WIBJEY,Cd,4,3.5200,0.0500,0.5587,-0.8239
PACYOJ,Ni,4,9.1900,13.0800,0.9680,1.1199
GIDROB,Fe,4,2.7500,0.0200,0.4548,-0.9208
RITVOH,Pt,4,9.0800,3.5700,0.9628,0.5647
ISUNIU,Pd,4,9.2600,3.1800,0.9713,0.5159
BABNAX02,Cu,4,3.2500,0.4700,0.5250,-0.2441
EGATAH,Cu,4,9.0200,2.9000,0.9600,0.4771
KARHUJ,Cu,4,2.8800,0.0000,0.4742,-1.0000
RIYCEK,Co,4,3.9900,1.4100,0.6117,0.1790
CEQYEE,Pt,4,8.7900,3.2500,0.9489,0.5250
VINPZN08,Zn,4,2.7700,0.2300,0.4579,-0.4815
NAHYEE,Au,4,3.1300,0.3100,0.5092,-0.3872
UVAHUX,Au,4,8.1200,2.9600,0.9149,0.4857
RASMAB,Pd,4,9.1100,3.0700,0.9643,0.5011
UCUVAR,Ni,4,3.1300,0.4100,0.5092,-0.2924
PONQOY01,Cu,4,11.4500,10.8700,1.0626,1.0402
JELZEI01,Co,4,2.9000,0.0500,0.4771,-0.8239
RADLOY,Ni,4,15.2200,9.8400,1.1853,0.9974
EGEYOG,Pt,4,9.7400,3.0500,0.9930,0.4983
YAYCOR,Ni,4,3.0900,0.2700,0.5038,-0.4318
SEKXOV,Pt,4,3.0300,0.1900,0.4955,-0.5376
UMOQAP,Ni,4,8.5900,2.8600,0.9390,0.4713
APOFOC,Pd,4,9.7800,13.6300,0.9948,1.1377
JEXGAY,Pt,4,10.8300,3.3100,1.0386,0.5328
FUFVUX04,Co,4,2.8000,0.4600,0.4624,-0.2518
UVUPOT,Co,4,3.4200,0.0500,0.5465,-0.8239
CALROX,Pd,4,12.1900,10.2100,1.0896,1.0133
FEDVAN,Au,4,8.5800,2.8800,0.9385,0.4742
LIYZIF,Pd,4,2.9600,0.1200,0.4857,-0.6576
QISFED,Cu,4,0.9000,0.6400,0.0000,-0.1308
YAMHIG,Pt,4,7.8100,3.1100,0.8982,0.5065
MUMGOR,Zn,4,2.8800,0.0100,0.4742,-0.9586
FUGWIP,Pd,4,9.2400,2.9800,0.9703,0.4886
BULHAU,Mn,4,3.0000,0.6000,0.4914,-0.1549
JUXGUI,Pt,4,6.0100,1.2800,0.7860,0.1399
NAFZAW,Pd,4,8.4800,2.9100,0.9335,0.4786
ZZZNOO09,Cu,4,8.5400,18.7500,0.9365,1.2753
MUFJON,Pd,4,8.1900,3.2400,0.9186,0.5237
BOSPII04,Ni,4,11.6200,16.4900,1.0689,1.2198
KIVGED,Pd,4,12.1600,11.2000,1.0885,1.0531
KOCQOJ,Pd,4,2.9600,0.0700,0.4857,-0.7696
SUJMEP,Ni,4,8.5800,2.8300,0.9385,0.4669
COJQUN,Cu,4,2.9400,0.0500,0.4829,-0.8239
SERDEY,Rh,4,3.1200,0.3100,0.5079,-0.3872
GUVGUZ,Co,4,3.4800,2.6600,0.5539,0.4409
GIYBAT,Mo,4,8.3600,12.0300,0.9274,1.0839
YOXWIS01,Ni,4,8.7800,13.0300,0.9484,1.1183
VINHOQ,Cu,4,8.2100,2.9100,0.9196,0.4786
FUZKET,Hg,4,1.4500,0.2600,0.1903,-0.4437
TEQGIH,Cu,4,15.1100,6.4700,1.1821,0.8176
XIZXAG,Zn,4,4.8100,1.2900,0.6911,0.1430
LILGOD01,Ni,4,8.4500,2.9700,0.9320,0.4871
KUYXUA,Pt,4,3.1600,0.2800,0.5132,-0.4202
JURHEJ,Cu,4,6.9200,1.9300,0.8463,0.3075
YIMWUP,Cu,4,8.6800,3.2100,0.9435,0.5198
DERNOD06,Cu,4,2.9100,0.0300,0.4786,-0.8861
TADTEX01,Hg,4,5.4300,3.8100,0.7427,0.5922
UTATIV,Cu,4,6.7600,1.8000,0.8363,0.2788
MORJUA,Pd,4,16.5900,20.7300,1.2225,1.3187
WAQVIT,Ni,4,8.3100,2.9000,0.9248,0.4771
AKOGIR,Zn,4,2.8200,0.3000,0.4654,-0.3979
EYADAK,Rh,4,3.8000,1.1200,0.5911,0.0864
SIJSAG,Pd,4,3.0400,0.1700,0.4969,-0.5686
KEJDIO,Zn,4,1.8300,0.4500,0.2856,-0.2596
NIDVOL,Cu,4,7.8700,7.7900,0.9015,0.8971
REKMEA,Zn,4,8.3500,10.2300,0.9269,1.0141
XOJXEB,Pt,4,2.8800,0.0000,0.4742,-1.0000
MENMIF,Pt,4,7.1100,7.3400,0.8579,0.8716
FUGGOE,Au,4,8.6100,2.8800,0.9400,0.4742
XUHYUU,Co,4,5.1900,0.4000,0.7235,-0.3010
HOYGAD,Pd,4,8.7300,2.8500,0.9460,0.4698
ZOSTAF,Pt,4,7.9600,2.9700,0.9063,0.4871
RUZCAT,Pd,4,8.6500,3.6900,0.9420,0.5786
HUNPEO,Pd,4,8.1100,2.9000,0.9143,0.4771
XESHEK,Co,4,2.7400,1.1800,0.4533,0.1072
TUDRIU,Au,4,8.7800,3.0700,0.9484,0.5011
SORJOB,Ni,4,8.4600,2.9000,0.9325,0.4771
SUVBIX,Pt,4,8.6000,2.8900,0.9395,0.4757
TITSOH,Ni,4,8.5400,2.8900,0.9365,0.4757
XUYXUK,Pt,4,2.9200,0.0300,0.4800,-0.8861
PADMEM,Pd,4,3.0600,0.2100,0.4997,-0.5086
QIPYOH,Pt,4,10.6100,3.4500,1.0298,0.5502
COGWUU,Ni,4,2.8800,0.0100,0.4742,-0.9586
EDACEU,Pd,4,8.7900,3.1900,0.9489,0.5172
EROWIU,Cu,4,2.8900,0.0100,0.4757,-0.9586
APIBUZ,Ni,4,9.1600,2.9200,0.9666,0.4800
RANTAC,Pt,4,3.0500,0.2100,0.4983,-0.5086
MIYTUK,Ni,4,2.9200,0.0400,0.4800,-0.8539
WOHMEO,Cu,4,14.2500,7.8200,1.1569,0.8987
NAMMAQ,Ni,4,7.9900,2.9100,0.9079,0.4786
EZUYAZ,Pd,4,1.6200,6.5800,0.2355,0.8248
PUPVAB,Pt,4,3.1400,0.2600,0.5105,-0.4437
VIKHOO,Pd,4,8.6200,3.0100,0.9405,0.4928
VUJGUG,Pt,4,9.1500,3.1200,0.9661,0.5079
MEZBEY,Fe,4,7.9700,1.7600,0.9069,0.2695
XIMVOF,Pd,4,9.4500,3.4000,0.9800,0.5441
LANBIL,Pd,4,9.4300,3.1700,0.9791,0.5145
BACGOF,Nb,4,2.7500,0.2300,0.4548,-0.4815
EFOWIH,Cu,4,9.6400,7.6600,0.9886,0.8899
XIBKID01,Fe,4,2.4600,0.0200,0.4082,-0.9208
EPIGUG,Mn,4,2.5600,0.0400,0.4249,-0.8539
FANMEM,Co,4,12.8800,13.7600,1.1133,1.1418
ICONIZ03,Cu,4,1.0600,0.4800,0.0645,-0.2366
LAYQAF01,Au,4,8.4700,2.8800,0.9330,0.4742
ELOFEU,Pd,4,8.2400,3.0900,0.9212,0.5038
WAWQUG,Pd,4,8.9700,3.6000,0.9576,0.5682
EQIWEJ,Ni,4,16.3700,15.4300,1.2167,1.1912
CORHAS04,Cu,4,5.4100,6.3900,0.7412,0.8122
PEGTIH,Re,4,2.8500,0.0000,0.4698,-1.0000
DUQROA,Pd,4,2.8900,0.0100,0.4757,-0.9586
CONWIM,Zn,4,7.2100,3.2100,0.8639,0.5198
AQUCUN,Ti,4,2.9200,0.0700,0.4800,-0.7696
REHGES01,Co,4,2.7400,0.0100,0.4533,-0.9586
VUNPAW,Fe,4,3.7900,0.7300,0.5899,-0.0809
BIPKAN01,Cd,4,3.2200,0.0300,0.5211,-0.8861
HAGHAA,Ag,4,6.4100,1.5500,0.8136,0.2175
DOYVEV,Pd,4,9.2900,3.0700,0.9727,0.5011
BAWNUJ,Ni,4,13.6000,11.2900,1.1367,1.0565
