S_Oh,S_TPr
0.04676381423936888,13.159685549767216
0.9336401239672015,21.500567520639617
0.322188792429045,9.214234726534624
1.6346312684145246,6.486013001228365
4.986254327797995,16.304474901042703
0.9934501124734764,19.293672723235574
3.7280201333410536,22.00103237036289
0.00048180706558510083,12.468134600136366
0.3690831827984367,20.770643519590728
0.06179188331568095,5.124280033479906
0.7954319621413658,5.907462309659524
4.776059302276802,5.777164294394759
0.20395941540079898,14.975172833592818
1.8648899068012992,5.576968790423593
1.2011211913668007,10.48721786892757
5.5764027312028555,10.119989723801119
0.2614002774743013,7.9766704071649475
0.4765850660515731,21.34673909910559
0.05997424325407094,6.4948131553620305
1.1380936147551188,8.476632089830613
0.6509974516429458,16.903835339527816
4.078995009458454,5.24715742361112
1.8574393706004484,13.94114750706839
1.904306019254165,18.559867337766782
1.5181923652767073,26.53755326221814
0.19269217424641574,21.71895073148629
1.1776416603447393,8.078057441452716
15.222672236765632,12.062154084936168
3.6064008260394784,5.643552579647548
4.478451799614207,7.385846830282983
3.4657704613089395,5.791691633787296
0.21749179794921986,8.028879155104939
0.5161125748484957,21.647522976279273
0.0062530677473277155,8.411469436438406
0.7234040453270051,11.60243003290628
0.22994064536931152,9.544543125888929
1.2803253463053683,9.9134537051618
2.260995470283592,32.939149963435106
4.1509834256776985,7.809570896373162
2.7663358278337125,12.896377035172103
5.580221749802398,9.358681858229186
0.11081040053931977,5.50476391407945
0.024509234908452977,10.376266547628445
2.165506110539109,18.42787467048607
0.6831572527542507,5.831807074789342
0.5847220463271896,5.577055322754798
0.8036049107160804,6.334403672894377
0.6288628222136283,16.564962399957928
1.4325712687983614,15.298701514332523
1.1601672294456224,11.659600774302255
1.436636876009273,10.052299614595839
2.2338393711398994,22.537357656564133
0.9792065355728816,16.643366177902294
0.5788543542355395,18.36804951515097
0.36352471469121755,18.42440262260011
0.8599483926431527,13.233820218140838
2.708091758593627,9.900130080314053
2.826960421402307,21.0007706164904
2.198657410571706,25.830323429471083
0.5332197846059761,5.19275188914195
1.7738825722898737,5.423450751678645
1.6911504439874332,30.50353344170889
1.3243290688520395,7.5965458453139805
1.5969220007665859,21.531851243424654
1.3537235516112687,8.938584441353957
1.6669178320281473,6.014489858117451
2.51408591152356,5.670907714965658
0.23223228879145857,6.361637933502454
2.7695969781812537,7.300317405977274
0.29210149634684157,10.363548614375684
0.1379028841411261,14.671826503150053
7.466054464308241,39.38064657215312
6.292727519979429,9.660101875795664
0.12467984220164376,10.841559490957259
1.1712903084575237,10.902072470727017
0.41219173052674585,11.202399063450702
1.3285166116867402,10.834186030654285
3.545999983406775,5.07050783940539
6.016086476637185,5.0138104906253345
2.011624987862577,5.822167134161434
0.8736195197447852,5.856732579505662
1.849278798655658,14.763444180155737
0.7479366789280812,6.834460403427356
4.8119759594957605,23.008606536884
4.08661213683571,26.116368504834313
1.6339397126178365,34.802136326656424
0.7854894586674609,27.385721366931683
0.6945518655226325,7.538406708740515
0.06797827248093845,10.703156580614293
3.3836927186337924,6.543388190356318
1.1970679891588134,18.127827208461888
0.7864790769328205,22.54494692536944
1.2739509589356341,20.245994985369812
3.41562345576376,9.544346884761772
0.2661811686353259,16.372848677079496
3.8990170663473664,5.8213945211610305
4.555957360595683,5.3286159714042425
5.863934917070449,16.194596349267353
1.0132953684538382,9.432026380334708
0.4896038291435546,48.31748775511495
0.9356626000181596,5.818514310799286
0.809666903984009,20.482878170262264
0.3875431070751341,10.231151213172268
1.869248894617195,19.042657949408365
1.2949109012963673,18.59171919295204
4.015373128682059,24.814746102336862
0.06527280218166717,7.828865909132663
2.0649072538323923,28.933818984995387
2.8789589172491543,6.31585587890617
2.849958691249502,5.684191020831616
4.3444117506858,9.51965746579156
2.6115219562813805,19.097122335723867
5.256909201591838,10.130833274081894
0.8089010454107635,19.14215684900733
1.3991734067128156,15.465392109595525
0.028359444096199577,6.879992266530325
0.013963808341248466,28.788890043210355
0.5492069308786417,5.501654237377084
0.2125156076211151,23.284227706577564
0.6027815318604451,7.904343688489899
0.38970337086823365,10.54754712603722
0.057869245331919554,9.390322975905114
4.800487277036977,6.5083386725561425
0.01651425566714961,8.547166122625487
2.66423475409177,6.7148029620888
0.3300981067021239,6.82410787630926
4.866062431344212,6.656752647116906
4.4660423082054574,10.371357614214542
2.1220616811899453,17.793182995939617
2.23091159373756,11.732621312473565
0.010706892251010644,22.894872359279496
8.382358534044146,13.096787031846512
4.204726145765672,14.352452677107095
4.5096142290634,13.811503730548939
2.1531803528031417,9.77483358994641
0.8455895929626308,14.352419369174036
4.48201406985863,5.578051928741833
0.6892582261627256,20.720420030857554
1.6543244355219484,17.033856433862
0.21012328141497144,7.250737252531718
5.100955539142599,16.689262449019417
0.30343834481048104,5.10178559292409
0.5095182091934691,6.959500319744518
1.6334979363089712,5.538844318350009
2.888635240642151,17.12127763281169
1.9317567840835754,16.28057130236388
0.5282798533262424,18.440429249178756
0.0018869749437019187,5.035934129760618
2.83062739952948,10.564925425212245
8.427246429509712,14.761798512723887
3.320548099573922,6.351147783213024
1.2331376777197196,13.393795054319602
4.681971322217879,5.702872938280217
1.054749188500104,6.600553160014823
1.488603429122822,10.167007297406165
1.2968439338396625,13.48048407086306
1.1870521492943749,6.2613667984649855
2.9850061998915325,6.638729830820569
1.4963428833202999,6.829736104553875
0.7616926707079176,7.181830701415494
0.5972384449952722,7.0551938248304165
0.0769563970632691,9.022186493234443
1.75027436168829,13.485669944718762
0.5226293110421566,9.61047987446172
0.32065189994597926,16.967942040920665
2.1216503812290255,15.162852829190042
2.2864407441570798,6.082223692928485
2.789902586989149,5.400597546485081
1.4006533686128986,21.82604292252101
4.4896629220698525,5.665584019956171
5.508484219370235,6.284535446813774
3.2939778145282825,5.179055134481721
2.018970453682678,12.918128332348221
0.7240095404997601,11.985286035014816
8.142614534830653,39.68338374802214
0.640785679728363,22.438155011821404
0.4529404621409996,9.232503028917701
1.1673450886597645,8.716446727107705
0.11703988917224736,7.817503454123205
7.678889839717818,6.322836935155385
1.7755696102212206,6.188776499602625
1.6281547391133593,6.135123762362808
2.1330431746036034,5.969342876400246
1.3744242469222754,7.200886502190709
0.06517762138328545,7.929977817130185
1.8951051043843072,31.07320272070162
2.518786942244846,11.910976336888645
1.078275514986089,40.11774479488307
2.8318218439254914,8.727671492604712
0.5149558225992947,9.89440515954541
0.5001987105896646,8.139348593622067
0.35208340330048393,6.615829434990716
0.9304135365279552,6.236076559689023
3.7547920467150413,28.21490473304793
3.519499332491404,39.62678403335471
0.9652027629948868,5.367593399503447
1.7789020031064793,6.303407390062728
2.5517706997960223,9.406573846249447
0.5520519380846891,6.649637384148452
0.3681848538660325,8.61894938390443
7.157969976008256,6.105791424514716
1.9223529507979369,9.87797763326137
7.9708786311418836,7.536278683679857
0.8242423829261836,8.46974459577401
2.4282597595910844,5.792488979288935
0.5036098768001235,9.47072142033353
0.6054565249684973,37.71849207792735
1.4344786441437885,8.18989888449197
0.7702021166078173,21.727532907906394
0.3669361808424265,19.822229573936568
0.6100110602712295,29.30217645709595
0.07280603367030922,17.489354970179697
2.437656006753503,13.620996488900305
1.3550069954154806,20.536071028074225
0.19796858829756442,5.629269892125642
0.37674523871206606,9.971535075701238
0.2163612838738772,41.26744023322632
1.8965579282055225,16.743512054574246
0.19789637863411494,31.177237774551404
2.8071441948428832,17.09973675741971
0.04144837902204617,21.627981814003647
0.5737002718696151,14.807828853293701
4.426708087286613,16.433681850723744
2.5354681840446784,10.924896351931558
0.1515351063720717,25.64123585826011
3.442148431489475,18.945533409603698
1.358627102090597,19.85729715119046
3.7518004781940975,13.94258352130787
1.8362837606373443,7.905913786470592
2.2903579549908986,5.290240227310691
10.07238638355589,26.94798447376907
0.5288051001242732,12.057440360123026
1.9560427961843778,7.832204466420471
1.2335629667576522,6.292015413129366
0.08050255007881713,19.153246876232643
0.029152724748603358,19.488526477712732
0.25391427879464656,18.47794682191045
2.094460917469617,13.286963614064218
1.6747885367599795,8.645844763912757
1.6123162667120374,7.900052861012898
0.06475046011530385,5.068732577626337
1.2671280704332475,19.347249411487226
5.170501347348591,5.731947520591939
1.0136402108545157,12.970359146541487
1.9612450543004132,10.610643729396164
3.0266077407690193,10.984026876782924
3.064262002438511,25.906959427120572
1.46494094071239,5.2570044411565995
3.903179731939843,16.876276942211522
0.9931160940737073,5.427648406352414
4.390930118519236,5.311204116760831
0.5494715870684888,9.494393131723358
0.6576093548310205,5.52121782973371
0.10916713797419132,17.45263689559217
3.1751751245660222,11.032747424760828
1.0793256838895138,5.2357500194857405
0.5204363341352225,5.330749431940845
0.5273850141857126,12.587795521988912
4.633366842642646,18.12378932617546
3.590530419856884,9.607174294208829
1.61277010638127,11.469913034851539
1.9148026215603047,17.868684368408537
1.2861464265904303,12.543258119963795
0.994064196293572,7.036663413689945
4.941460373979956,12.595720230085178
0.2684637409930087,12.916903528583678
1.0841056119852321,15.597289878893225
0.8449028483118401,12.7590973602629
1.3789108878308873,32.852875179262064
1.2236206196742092,6.758077352029643
1.4633167426360654,29.142298390106113
0.3014573632911079,11.18340388492776
1.4395635112833842,13.916863692273052
0.5552491419101422,5.838099755759841
0.40749414284246116,8.831721363037143
0.1340629185985907,16.735841948744664
2.8764604291234717,14.818232106716707
1.1152822008275738,5.32773760854281
1.9704440853964258,11.327743110393337
2.600918535596214,5.739362972722934
2.274602278127506,48.88957876437726
1.2716469439915332,23.207279558500105
0.9817144156940993,5.1704482438218085
0.9430813306115042,20.652105725886145
2.0435736074944884,25.148991596072026
1.3655794293212293,8.490053390007242
3.782703280820505,15.169499635082676
4.154120507622715,9.6686580719247
0.3740099208709319,13.519079659514615
0.29290595356130145,8.32797180193587
1.990672889452807,8.115465313567315
0.7168550950238902,9.41920945128209
0.03749063916685267,6.258544606629224
4.39002210651168,19.22943341662379
0.5146957301625062,8.430253455941699
5.298072151418952,9.088599290762396
2.5276894460432042,22.958652254477368
2.8764682754871407,10.49134003073952
0.44994418363467825,11.286555546406202
0.5336539216044496,30.079609865953586
1.4732276457610387,22.423591992070367
0.37772545371358757,6.485498120857577
0.7289295339123635,10.127702720930138
0.7756309995184166,33.40581373097937
0.347825857018909,8.726388480963813
0.4592863397809329,8.716284639514154
3.1075508528397857,6.735604458290912
0.3659135679294845,5.971224668113289
0.05774030602820748,15.78597286202755
1.985020785997013,16.75846761159602
7.457996674454083,32.793490715789744
0.8045817465219736,16.87719439587442
0.2526138542297509,7.23086224005426
1.6897424657765427,5.327547500890979
4.736471634841372,38.834380859255184
3.0655258598665625,8.329588394085915
1.9484534934138977,7.991400633285069
0.7568378418414503,23.911872945364518
1.5612489973719013,12.037740056916073
0.19135914691288183,6.935259719343477
2.2722883049725695,22.592740042192197
2.582666803827605,45.1181767767241
6.706622275234839,5.725339132086214
0.6032844165635045,20.85861321381352
0.037257727699950845,8.961136683295932
1.5775920788985776,10.939917079020699
2.4537358467972203,24.703530973660165
3.125179989104028,34.008498041349114
0.430695368971014,7.432268638997094
0.6069532892664263,6.914699447631982
1.4373030386176593,5.671545946848338
0.8027494003993403,11.600599611780213
3.9395460444791435,5.109582265559357
1.2839963773741407,9.246843062332168
3.214666698183895,5.609728453521073
1.7379545554010076,9.156587300483949
2.9664048800010554,5.326010886665726
0.8089501562901705,19.425019229565855
3.560649652472016,6.883136005339506
0.6419877769418513,8.183651475397205
1.5797514868026241,21.32472081091144
0.48161507286683036,15.971752372158981
1.2907208359302973,6.977833991748826
0.7659651191650224,5.596921336014561
0.62041012449527,15.061064215971703
6.821587642783421,8.963589663970179
0.34888322370799885,16.622208789209196
3.095988075722161,9.714547421819267
8.29106008061859,8.397212936734403
0.04020437114832048,9.80024845786755
2.401472189865586,16.044374819359803
0.583144071934809,23.60030521836707
0.08266054802875655,5.408386145490961
1.0313064456417258,10.940574260152664
5.473449123435202,5.267092887351417
0.0236697015130841,10.055055260636497
1.7729090426829488,22.322284506571368
1.3918880906660624,8.590199889019322
4.133195386274872,26.559147585676943
0.17548157211433285,12.967185160180016
2.2884290675968173,26.76365604064439
2.27955429912863,16.323038177026632
2.2117573512318516,5.873477362056381
5.706192233474985,7.102889325871677
3.4642003657678564,9.009252885356453
0.08575806388420938,6.491666879936311
1.2738469539570494,10.464174599826254
1.0148397139631462,10.099704287301421
0.7425541361117205,30.035791431264233
1.200540736731377,9.549444352354573
0.9696472008302864,17.320295020809052
1.132443770025433,27.766169011667333
7.751562064854792,21.763840981141627
0.18561916226677636,6.872297623203162
5.108021422194246,10.481906613320323
1.3087635785268852,8.418493518154978
1.9549617063268743,9.08472114711224
3.546067391505226,8.580388511562248
0.8940216950285779,19.006132319408046
1.1257187637142991,9.813870195660808
1.0536338796374478,10.933563773574903
0.9391467157659037,37.34040595840288
5.194699620444357,5.494826824808921
3.5313636269606605,10.35478338065015
0.2308216802683932,16.89994685261224
0.22885488699021306,6.31109499472834
1.1167763854631463,12.56434749680971
0.2077396473224553,7.189862848847573
1.9304005565120979,21.16359377203694
0.31024939166446336,8.169264412299203
1.4778514770031104,8.192638105877418
0.014492273914552286,12.29428473256202
0.7613391921002886,6.622443324915327
2.261387211851374,7.682535989039516
1.3234479638121772,9.311494536033727
7.658075662024661,8.491162791146046
4.144594979651445,10.95345615952455
0.8896724957645568,12.323131971839485
0.09310707166861895,11.689998724390414
3.7367579868661034,13.49442458498995
4.843510162128941,7.942459349119761
3.436580071319831,6.081301570949653
0.27381689903756656,16.44389428099651
12.346101784268942,20.21868892917709
0.598387413058309,7.376540977733543
2.576194253439681,9.181727691322852
4.772691728823548,10.522317607786185
0.5375560748726703,11.097009150056422
4.777562070763156,13.618490301549027
0.7406252580022148,5.3399474026235065
7.494137988943194,15.226039478336718
0.6605112567333605,5.511795368399875
6.133847610268693,10.053234857931187
0.11006296837371804,19.066805001713497
2.4707343939324597,9.800392849310704
1.519048953455122,6.291588949461923
1.2997044687647872,38.61571168773637
0.5059026282965295,22.60640096518229
2.445603182397474,16.803230332464324
0.4234418063537916,9.241584548260816
1.609685646026895,6.625215053623763
0.5840372247685479,27.69769127836
6.229994904244488,11.080300279951217
0.0580981236639739,20.30358122754756
0.4456079182424238,8.349557949872434
0.5549634965570418,8.267215134867092
1.069102479470043,38.89121843551061
0.529833667867688,10.902362692322379
1.3519866664459266,6.213054794002677
4.118737090242678,6.984354934064081
2.4900300726459426,10.261379790142678
1.7348200985323814,5.347193421582925
0.18643174036691024,9.96711799672099
2.368288775569542,9.343221651626017
0.3640374876391186,17.08892238998261
3.086994992212809,8.507319909584329
0.5755155066580877,37.386757287274875
1.0793033563007517,6.595122446141217
0.8630131320907231,12.152060547032848
3.9153530092697673,5.751842329659064
0.27059609582774885,15.58998210016691
1.6677856722146085,47.00183949786789
0.3064459759000703,18.68019596510552
2.440176162224055,11.490105906261599
4.709402247145723,10.304690285972802
1.1404707417964064,19.415931240042084
1.339221732019759,26.987738809504805
5.2462099174748795,41.23050854434423
1.4720734079305966,9.040593925311997
1.3372933213224787,42.61122414961671
1.7270602668532706,6.356123274100314
2.337402683818881,7.339410746434277
0.22607621525252414,5.745840655328271
3.441974274545789,7.536760916977563
1.1436476029217644,16.68599015581094
0.1501983323815844,20.334466034677014
3.0852664457271888,17.07285541316154
0.9462569222990247,12.977095291591882
0.21153785385950086,10.771822025448335
2.009036821299358,14.867330716089352
4.242717495344601,8.965309844004892
4.3741160342312995,19.726338218250042
6.324210171641452,14.045533242023568
4.04544895358108,14.573454215171388
0.004286428779103453,11.141862323416127
0.956849709401425,22.31853042144885
3.4134685056608864,7.322975989068361
0.9122109345617037,8.83910856054669
1.8403390211378747,17.02775316278629
1.8644182567527459,10.429992992735698
0.9083402595269389,22.60123990092124
4.696712111990537,8.402069557459004
1.399249611841616,8.687782402585407
1.250170520046783,22.56678104194206
11.99395596591871,9.99449802041508
1.3604633481889599,10.807422486215955
0.39299898545427403,8.236888367413114
1.439267436284085,7.5911171958733785
3.364197170461227,13.535716290579833
2.999914733620053,6.021218571759859
3.107833903001898,21.913764069208085
2.462165864157793,17.08409736835057
0.5866434349709505,6.693161924946981
3.962222194434459,14.47388289269955
4.478159186283532,12.383158351848179
0.43172200864470395,6.631974708120653
0.2795718493936706,7.552870131411171
7.426751596239682,9.207331404120115
4.054821286263852,14.61161415167453
4.474271733535041,13.144891467627476
4.349727824944024,11.078311362311206
1.5604050764533273,16.70231245811502
2.0791877192317796,16.34848249248109
1.576511310804191,12.69572825350275
0.1051278851442428,17.37133245982156
2.736933132517304,8.254889154257409
1.4077370317983562,22.045846912440894
2.0865959053346597,12.634227428718226
1.3968815538036248,18.82412823422961
1.3538049752184527,11.322184305990543
0.3769749166574701,6.971688888919059
0.6534383082574942,11.254255788087743
0.34597695227178427,8.71041251134567
0.4354820814447807,14.565366518896681
7.222162002987539,10.166961158790702
0.3323770632770389,19.468615381998696
0.6274236503322729,14.067431618751423
1.7860746881548193,14.229899524924907
1.88413306501466,6.958567881308199
0.3344106806888742,38.20720070296464
3.157016661302018,19.744853746918
3.0761225359720497,17.447362362806224
0.5418274452417565,8.20639079828138
0.6812272481719047,11.136617520536586
5.560850389384363,6.179681312634582
3.493627037514715,11.185769371935951
2.393312822794528,6.261555245149148
0.17162394914385995,11.442250800973937
1.0834773629608412,13.369416040320342
1.638790310210317,8.95694104972674
0.4150603734368378,10.521929310259576
1.1892355836132742,21.677458817315397
1.8377174401137686,5.919365391326553
0.7931396180485003,17.551470838790163
3.036863225283384,6.497912714056778
3.670790608258219,5.299189409504354
0.781969323620794,6.642179587501266
3.6484474058283523,16.58682855069892
0.21868479032964339,9.155246270792336
3.636976219292884,21.478398750181906
0.3315199559754388,10.950599693124044
0.173136737558466,5.180013002251683
2.053190254788054,15.090375302723727
1.2770807536957236,5.934364365572079
4.769556564871806,17.461583813998132
0.9025653573162938,6.47236882188059
0.6769748691640596,8.390414245788776
1.3892361481640543,16.459424489943068
1.2174142275988016,29.673248667253247
0.8444944249848592,8.714513328118326
2.3666502102264086,19.147479477261783
2.850584656329574,6.693596923989863
3.834427287865244,18.16797580779558
7.213243059224906,13.571730209544485
0.6202812899003427,6.712910610256783
2.518220517408479,7.882067545807253
1.0026030298272275,6.130397167376724
2.260713542196468,8.862662318684478
1.2924573063798293,6.821718279236279
10.157754213660649,13.262550399340965
2.61055080149626,46.63148526192899
6.093684871920327,5.0966548452324965
3.60325054701936,11.228243083673233
4.66404863473606,11.820268831602013
3.368529794496698,24.646709772546036
1.2292603691581856,10.641844487807047
0.5801390492230063,11.276863218105357
0.9250876075648042,10.104013105125915
0.04088758017974195,7.505687339902039
1.4846461415758208,5.461279798442843
1.4066285829088687,9.202881690711457
1.4899358167920829,5.432199090030385
7.301720846311143,11.39682137660814
4.848466254020256,7.937192777700055
0.3527889812029539,11.10173434421882
0.9205265111401509,6.153706753875891
1.103143087718505,26.580439643721892
0.8942402672912627,22.99396565603749
3.2038917321073304,6.685733773585039
1.4848331325192143,8.365981756195422
1.6977306556462577,12.604837676658086
3.8348298689413736,5.8046309040693265
3.2790536905182632,8.502681134279866
0.28361456780825905,7.313329778796755
2.5029297114023876,24.769613897575233
1.1434035109448153,20.311993729901076
0.6981191805903767,11.936819295202962
0.10262621211957208,10.877527765288644
1.335932049171491,26.357461261904163
0.8783644316999625,26.556466969791742
0.5794029927031171,32.87579510379378
2.3727355695260357,6.071715974479671
2.934882045921734,6.400141345303299
0.5615175716866332,14.034304907743795
0.10142363575420389,11.237216714709147
3.777678074414697,5.149108224909818
0.020019342460239554,5.511829729971142
5.532815533015063,22.51979491276326
1.9756802046076187,21.252577186051695
0.7767636297070797,8.536255872945857
0.5659938885214015,22.734975040945475
0.01809292074862293,12.204817040739265
0.5369917329819373,18.115287060629406
0.29636972505268655,9.460977208648458
1.8943568701513505,5.962875760624031
0.36435254732124345,9.549432764295158
1.5042231721275916,9.889585805552976
1.7837642330898442,11.404864872607458
0.7077625521502331,5.892662788960702
0.07138896918164593,43.049677862935084
0.0759310741104973,7.239159192678066
0.053401285666167295,6.770685527203588
2.6874252752711913,10.985946521852302
0.7654797023458197,11.163823660263233
3.182215737397119,9.635987483723817
1.1303271805937536,16.82349375555122
1.2066060091834223,10.816186838037973
1.4385002446835822,12.526623682770285
2.4967653466478446,15.291487533912576
0.6390414813733567,5.202748428075299
0.2592776132311102,11.763754340069617
1.624119716404878,22.246743766728546
0.7919534012446147,5.140333623176042
1.1685543898094735,9.155999816718309
2.0822725311207138,25.854148564610373
1.3629342817103458,8.48518125092269
1.9366360495709423,9.910679012410352
1.5714023336154717,36.93779612488326
2.69258153926936,6.778389855702484
2.4479198977277656,5.539853731927661
1.5279544421118612,20.695975897634828
2.272024171556065,21.227879177331975
4.135968492115348,10.110451362472826
1.1322231874056075,10.775784247196661
1.064653833301902,19.453670996338186
2.889929564507039,15.732388380964924
1.7471993880098198,7.464700195403085
0.14730767720921514,5.136301403790763
4.453323544857073,10.22680018456174
0.06253371087801106,20.66699024881454
2.759800543575045,23.094207958260032
2.844209060890311,30.029757978387536
6.119947982846386,21.933043658166234
0.11130960157647843,11.940834209383766
1.8169271918816483,9.704614284864345
1.1166752075166235,16.92790200494823
0.8028454437225191,15.771102892009027
0.18932161404291328,11.180007126585636
1.6540618175635726,5.7310242452805715
1.3041668171309553,25.838320570677528
0.22086774490573727,9.864605354508203
1.8960247041924212,8.612078009522714
2.6784637217897336,12.944670032655502
2.9158239288671925,13.962887755757077
4.715628841815419,6.892747951377123
1.0534721930860333,19.509039706598045
6.11831429126904,7.739213699168337
4.011332696724463,6.653083759796878
0.703379271168658,9.17239471393895
0.3470004484537055,15.491278785369506
1.143237964255319,31.92467575962457
1.027990309372906,18.255644196731495
1.71472005411527,27.55387146660752
1.7511914060005833,6.212220490416661
2.772484599989991,5.590694953761377
1.4262506351930064,11.526221283223332
0.22146682758609498,7.743275095604498
3.9079639754813114,19.084643708331257
0.7414451115824038,13.917637550797672
7.101539338144307,33.24903562735436
0.25080925722612074,7.352739058382357
6.352167811009355,10.32089672579885
0.19084634751733992,10.565049744630667
0.5254226080198499,7.186834137919941
0.09539939626912268,12.13460759091407
2.4423270882888675,9.685628887271513
3.7982270957159576,9.735151110336986
1.1385735898257647,8.604578266974643
5.276733237609832,5.136594336511798
1.7846556575266788,10.90675045399357
1.988543117040856,8.266727944434809
3.7340767060110323,5.010565926228678
0.7042284484187811,7.944703834909069
0.8747343862895819,7.612806291433605
4.727898259106586,8.99972055237965
4.624533539858848,6.131144480115678
7.500044397339582,10.669073088275052
4.642278655123682,14.432689879964737
0.2724919441750517,12.958031497131532
3.471411907346127,18.027129065448456
1.05471802726696,9.811960929700064
9.377398382434944,10.85662987704303
1.2783825326351694,18.302791406492986
1.6141377329240518,9.464751963063797
1.5090875904137517,14.674545856274007
0.7764404093492656,9.561808185493291
0.1559708432781534,9.326653279305813
4.520032873269028,16.423787933982954
3.2458145622037944,6.537393871683577
0.30054557181253605,8.307002152124321
2.999089810256662,7.030598316504525
1.9661791635322199,8.559178837300077
1.052365174292417,7.09481331955927
0.5861160583485936,11.928691232210443
3.9283549394880324,17.802667974243327
2.40920106457218,17.357185178558844
1.586995686225867,8.626757649065237
1.881005656091698,40.90650037406203
0.19096599005282855,12.208347808635374
1.2846030641642818,9.078613007155173
0.4305995208275283,19.44066813497782
0.46735689548237425,15.470934471799003
2.165304435482711,16.067199211274588
4.8440023389435805,6.746634763115459
1.0342126471943627,10.05377260671316
0.46575472557456205,20.834055519366707
2.0924966775224965,10.61004786781673
4.098787797109173,14.202261909259366
2.759184152368387,12.092568803331833
4.061412937660943,19.779367596298265
1.5381337069830723,7.67886971771466
2.787655285286392,11.854280293854785
0.3017959231488457,6.052127222518726
0.8562639899758429,14.374905100749276
0.9871150403509568,15.533186396198762
1.4319955410410605,5.350255309338412
5.292302954554506,14.01093437789896
4.1476595975632495,9.284911367737656
0.2889547172577189,6.059998266619859
0.3793925309858992,9.356542300997614
0.8852144807338879,6.727684583216345
0.6870771132079949,9.29680283698422
1.9078343894526646,8.880470696162867
4.661476351394474,15.727253528089799
6.555741701751042,16.905396256480913
2.120339251630494,12.472148653528361
3.642284303276646,5.183585186323141
1.4897325005467237,26.391773692882882
0.4672135681797677,14.272843995414263
1.4875694309294079,5.278350354815012
1.6197332705077003,18.66668371879707
2.7131415465711677,6.787810400531448
0.49662271470729524,11.925183794169282
0.9187142327329234,10.028384839299491
0.9051998143273919,9.355594020872289
6.409925905630149,22.63740599696082
1.1737759948256592,9.600940660199917
2.8137613640002392,5.626669037471577
2.779090329517694,28.445360198927997
0.617250882957763,25.259532126346087
1.696655331310772,14.22706619624799
4.49435551882018,10.047278362026447
1.2894673916294566,5.779663238025353
5.80512175290572,17.513732627091457
0.48276329103821997,5.627826713830927
0.1541057591782063,5.568540046956958
4.441160128076599,11.166860816643709
3.7635591454859303,6.396048525488236
9.809816193486839,5.062082405875908
2.2750814548969527,9.400876954514054
5.51935847212494,6.180738691185772
3.508338150385873,6.399737320702387
3.721271835100295,5.640233864487456
1.683951425135737,6.836248803952715
0.9637139197767282,15.055731358734986
5.453184266641389,18.24081066287141
1.1316803532823043,9.819634155691638
1.5479309692764893,10.65073180368017
1.1815938881496204,5.265600875144202
1.6639833320717519,5.5746860811000065
1.2716634120803558,7.382589003691384
0.09831233529796879,11.28031786145165
4.274958187827868,15.762790283027856
1.1753910862044439,12.431018114671335
1.7780499312595082,8.982325655494149
0.2997578400330669,6.007445761623632
0.006787199467992425,17.14118902196384
0.5628436671198987,8.617763002831385
2.438755250833847,15.65608637666334
0.20893189872069978,10.755581688657456
4.791319235978257,15.73552716214995
0.4842006247704993,24.02619365648199
0.4578042358855594,25.309448938104072
0.4005832186124324,11.12758027339759
0.028160755738606727,10.73146344811732
2.9551136107486187,7.470466307111436
4.1594356596119075,26.965995553082596
1.9046790154914839,9.898721205235027
0.4170025040200711,6.091977620982052
0.6717232376069106,9.535005423001095
1.2922474278399654,6.087045774712952
6.173325985845132,10.585787290883871
0.5683135786551556,11.591069275291801
2.630895833058072,8.296966805958926
1.157667329618645,5.59477699013369
0.7072088922341757,27.988617762938024
1.2173030330629293,16.87489630924808
0.147738162238954,19.604900449983067
3.2057924215004463,8.65661576421735
0.5575819063355524,16.444679915857197
2.5849678703539913,10.314501670977187
0.1415926465612253,6.795990638375193
6.206570656169417,6.062980894783276
0.42890036032111606,8.385581675599429
4.286758587231575,6.183844408028327
3.315924924726298,55.872338047641016
6.875303113108181,5.403519712678632
1.299756502487609,9.654901799984202
2.599479665142885,9.813205343157913
0.9263282466840448,7.860624854273734
0.40758459590975654,11.776945572084776
1.1706527463671266,6.29993519562514
0.3624419622315103,17.256570464962905
8.03973128538137,8.233100536418513
0.20239724592295155,12.159024814520969
1.7793546788754586,15.060092411398502
1.9694810120199346,22.588836706599704
1.5447251468930794,19.452748569611437
2.1705189850173117,12.498256696732561
0.2470054677531291,8.933325236303483
1.6194452502199252,10.596617189751804
0.6771440784855774,16.713521171117232
5.632698837738745,21.80012875295106
2.871571431025173,5.8765720951106335
7.1881920740307415,8.887194551682255
0.07655893758513116,16.97303913024684
0.6713180252609764,9.520167632813028
0.43487618349014345,8.230465022064596
0.022434532523915095,9.2390169426635
0.5550034179547626,12.387424069695948
2.271233057195484,73.34600336323915
0.5255598992550724,10.433834742158137
1.4226363369768917,6.870547353685724
4.375267502758718,6.421983377274556
2.3667587596439286,5.346181188340852
1.0038278024632665,11.54636844877808
0.9319242189192196,11.29214274974954
1.2166410279907691,6.837659641196023
0.3896988664601852,14.508192857390405
2.010248084695928,15.810724726841348
0.9055940522505624,7.399097546792683
3.8260292665411484,8.373972647335217
2.8257092458376736,42.22788847290602
1.8858504233099145,8.750619758029911
0.9057494526856134,16.44369796701598
0.4712720964456949,9.822437121726232
2.993574843612747,17.61362967872022
1.3326564857349161,16.72350539449301
0.5091395404936017,13.815085728688429
0.43425987637159336,20.435952460116066
0.36160758915919267,27.40375782682398
3.002613243692123,11.93968684227158
0.5201005693507315,7.168895951353232
1.4958077249024408,9.06834533302128
1.2013050520704613,16.36065304332433
1.7331491323353339,13.418796471865006
4.193662139743898,6.5661566704152
4.04608294741348,5.420791412067792
1.1995908228350773,14.18985885139945
0.030971070224714993,7.3129744566260975
1.111798724815716,10.539903083207008
1.8637914042092154,15.986923133283932
1.6318266384954203,11.616478870346796
2.1072937493656427,5.695822654848415
0.3346508833452236,6.642234930156485
2.0799421758246273,6.980803419857683
0.40337971952995544,7.385784847817198
2.7767849668538758,11.666696127635408
0.8282679889102526,10.608882898796438
2.47502769289257,6.8168113705119255
0.09809815307151726,5.559559540408359
1.048024457575682,6.5044529297873535
2.441793908223399,38.274297380666695
0.5146174728853088,10.057123356885935
3.172292999177558,21.160058484482548
1.9927237675561644,20.110699926068065
1.7713376701746593,10.731646752389615
0.8725153016806453,14.81213916911339
1.3173039623961722,6.712994878344601
1.8193716893761613,14.328195122819661
1.2790691884973924,7.54386110869657
2.396732593342434,19.273287931544854
1.1372517804171947,5.699502359365889
0.4519781463034252,16.86733073552082
0.4814284886024286,5.84232331441871
0.011641352317007402,22.04178622099711
0.7160880916299075,7.901596077796719
2.7639485361763843,13.499632346007434
3.1613385420273405,10.347672112542469
0.4524654911697693,8.649476687961354
6.390513765760925,13.295062921456623
1.395928702959865,28.579039439996027
4.977317336070974,5.337164188109613
2.453563809733112,25.091929426282807
2.563388915069577,12.51405261741601
0.17775777680316726,18.17355935136852
0.4968999671800749,8.874442707025835
0.017707827531066846,10.106893146787673
2.518461160293932,21.251354440496623
0.84452567187171,9.28706867877154
3.089666125208402,11.119888213934296
0.8278099070473034,5.16321302565944
3.422207770421351,6.381485902210253
0.2801299601940227,13.210775997711869
0.38080380629716953,15.097814103898838
0.8336888338677386,11.989700229394625
1.0501445504400184,6.237433560973953
0.8575784583628445,9.716143472994418
2.8848579327758084,8.509215180599462
0.20395779650107881,10.47605840096532
0.8653140180268668,21.34204057633772
3.630957105743245,16.963926727604115
0.13826521377505846,5.701819624065126
5.706504844652124,22.680718080129306
8.583179130710398,10.105744727026588
0.1854769613333551,15.8963158632059
0.6885684037564542,6.206948068194812
0.9317066387312531,13.886763087547537
2.995715873428453,7.156914444065489
1.8123185186024848,9.615451294292727
2.0677046493723217,5.1360533369758015
2.8335881517861483,6.315324761480167
0.2510788261934016,5.772796424999531
3.582032973538932,7.192802302310447
2.445766328047521,5.8430449270948746
1.7223825748314496,14.418907338421137
4.409743511321029,5.235759243747805
2.4099890113955276,12.69324466617444
0.450541531039388,6.213170301865584
1.1233446360539479,28.226895968666973
1.3626066610953533,26.635741779971084
0.11360134173487683,7.044332999764026
6.186139601921233,12.624079614016676
0.27525614123234693,5.227239577959711
2.3910919349645012,26.48114190231635
1.4113751111743318,10.921697447065768
0.05193295949250885,5.353480742355369
5.17381166516995,8.354484034369648
3.818881939134245,5.639703689624329
1.4857588739139806,8.993079671631845
0.5199842344321849,13.867515550852163
0.25935853616767496,10.077364586643146
0.9032039011132434,8.872459216476166
0.5898921995865919,6.015007417688541
1.4132398677965519,7.247654390490826
6.787011841266851,5.844157895448228
1.7111133766990645,18.181220291835494
4.4132966897783374,6.16242454623288
2.1046724930604754,12.23832423834681
1.289653402253865,8.357409838717084
3.8566374570647404,7.049243831842139
1.274925899575077,13.161406236831633
4.059447166723141,9.885201696427625
0.6894271616089509,9.08854478907929
0.27579742818197367,12.188628282331326
3.8663852227684985,10.406665547362191
1.770626861640635,7.89331850755492
4.398115681956465,11.550795101740203
5.55567557276481,13.857154501940958
0.11023993009426503,5.216447123876388
1.390175331603898,10.016954086633703
0.9398938187471695,5.4753107597812125
1.9662418715310581,6.650344709834065
3.155793194141265,11.577099478514116
0.6586482951101205,21.0906103133663
1.6274609963766296,22.15137488202357
2.4669994628313074,5.580083923960186
0.28873656108165197,9.34548327916098
3.3647367587905985,11.997476832621537
1.8633651611938764,6.27262149004688
5.973047093208473,16.60008542776542
0.8296038793470234,15.907977882339575
0.22890554454751844,23.692528799723764
1.4124697076473405,5.068177786309298
0.1794353916314649,6.953755199189602
6.981797181771393,19.044348323306444
0.07890619347946942,13.883375207358526
2.800818223235521,22.98400663939951
1.4893121464468744,5.471036226533026
0.9196968248994435,12.26983444749656
0.13621973256304173,11.734042056926935
1.94660555847738,5.290610392232896
1.7600156278627115,10.764510059562507
0.6594631764350111,12.523034597223262
4.820823993382652,6.698550547668714
0.7251273753340622,7.554258008342474
1.1946757437445417,13.180932513017678
1.5694833502034682,10.053421125450928
0.2112363825428632,20.616195248520917
5.381257260003377,8.353045660290928
0.9385234968580813,7.481162972849143
0.16845787884940613,38.526459751363845
0.9797309074643457,24.365164648801912
1.833594455706084,5.235370712311941
1.4416644866004407,16.782791128723858
2.3718858087346915,5.935280299069138
0.11416518133771243,5.222959838236618
0.6696608789777659,7.558287620682718
3.421065930034479,7.510520719820901
0.166532117733394,18.688167345973376
3.8687571536345313,14.921422840787791
0.19279294177943695,36.967336805333176
3.5970149504894224,14.944839273221508
0.8950394773954459,9.333792180982202
1.8945778148078518,14.603237712176092
0.3318426354126785,65.17772380890324
0.13691900263361395,14.906909807513353
0.48653488067016765,16.473173282716104
0.2735964582204207,27.292205075470186
0.7491131654114719,5.965158364508469
1.4446710784737637,14.760391849546751
1.7771539777511174,20.22006019814009
3.1200397706308114,29.699027033152298
2.1356224579485,6.895600286731197
1.8768596312811148,10.608289863288435
1.0613153964431012,14.129357496159303
1.284179880910557,7.274491191160083
1.0706493439321005,12.33978871439947
3.692423243260481,7.382708146473277
0.5227307037195497,8.245205248948821
0.011474717506828118,9.660273098627343
2.1072007761757137,11.026406984939417
0.4524520536253423,9.773477633782402
4.416644310163359,10.437039923014169
3.9186480441557285,7.837287288160139
0.15966143280166115,6.384976916373179
0.22496811234081276,5.388061442119589
1.3670733881487904,6.74503636472599
1.879234702409491,11.977112212899609
0.6429144021204335,17.338551081961903
2.5231877093857036,6.483387837742271
1.807321755229917,5.9192955095745985
0.7855640878078148,16.06767859531582
0.051397787930126206,7.9125701847484144
2.7737913341242986,29.209439350263306
0.48351561785682123,15.02300697604028
3.597250893951851,8.165180235971432
1.0904554981543146,7.734771992359109
1.7211323924093551,10.9336318650405
4.126329152841141,5.659618659655748
3.984664352475112,6.001572196073356
0.9289007948183066,6.547298318510272
0.4686337134970262,16.92341725226224
2.9846086439418196,10.77002558958344
1.1350748756416398,5.084986810262442
0.42649038807626966,13.955007613406913
4.6956951621320595,9.408879028993335
0.44155319512408225,10.720727383472731
0.05229203133025606,6.927571118983656
0.0409768713034957,11.419808538716786
1.9473914157975212,35.96445381260061
2.16749697296937,5.610252306693418
0.7451490792729075,7.671678040625565
0.7713572832000314,7.227110765674885
0.8294978848706169,7.2859975070186325
2.2798597291800804,8.807611637175398
0.1197840863674089,18.634815894331744
5.293431032988093,24.521793797739065
0.5033974035224407,6.8073300081562085
16.052356471562042,11.263698792929901
0.376331667811003,13.104593358764895
2.952844807192781,10.902269434542887
0.5056920309430505,9.554369455742945
0.1686049387393117,6.7053032511189725
4.157816557390019,10.358873453468323
3.9144656472422112,9.102819112961802
1.0335881070875084,17.699977540774725
2.4239840284269554,16.537987467167937
1.6286687045144481,6.150950780509346
3.834048380644875,5.741476700078548
0.7568363021852907,24.101131195260372
1.48329885235954,11.134494248758166
1.3286233814567705,20.604218823462602
0.8736200120724631,5.479283540040022
4.441182080369067,10.981090783505444
0.36275102805721016,11.20226286840359
0.32388205072883697,20.769119915332887
1.7203385166327734,5.821667823185962
2.1429335493249373,7.200186284949255
0.43288027477426716,9.174260982795575
0.9909462976956067,21.069865271943502
5.858535328733862,27.359762994518835
0.5663642188211844,44.38607342204757
2.207414705686893,30.591308517516445
2.695296808503886,5.0476758264976
1.188880822188017,5.391071416732824
5.546009193713942,6.277659029919357
2.6685938170826495,8.432270610310601
1.224700271350021,19.17179829979079
1.6848504436129863,22.8537477430256
2.359298363023128,6.654564063042104
1.7939086835052462,12.733604840528493
4.218937088473819,24.946283800754046
0.8828748324083142,9.984966003604548
0.7130234575346918,5.874444715262839
0.4811870647212224,9.897164140821221
0.07703049767787173,8.770210259089625
0.08793295892866704,11.895518858475207
4.081290962115555,9.619409222173694
2.2688508619549905,5.139985040652843
2.1607536329452492,45.924944933607534
1.907169263511315,11.274037814561044
3.783855571345176,10.134018614003885
1.308879835574997,29.741007035240944
4.086772104490711,6.355498854580279
0.8908406635851313,6.678241940564613
5.226594107525802,18.20269382352274
2.3990121240532734,7.417830440215813
0.5945953383617922,17.84464713414722
1.6606156582386344,7.534508926739193
1.5229829312273535,5.270006685443686
0.2967652780471638,10.822152880253803
1.789268401918973,6.752081186121769
0.7560470632072847,16.34546081022599
0.10753748379295774,13.199913012728587
5.938420532373829,25.57446003677084
2.0515995095370902,17.222434189821325
4.189824100467086,6.595181385012715
2.2543692662202552,17.88183527127034
0.8831703858402348,13.21190440408367
1.437701704745083,13.843926535010683
2.252460929232608,19.282858580755516
6.450407870452763,11.823224278738177
0.5851733852479251,10.018928169832126
4.158516055025064,13.098912400247965
5.156092433923396,7.830089874284388
2.219845106457443,6.612985584441655
5.355040849594009,12.669157820958237
1.014592344154202,7.131001417966699
6.115903815171571,5.666314725972409
2.4265847079110636,5.0044347056183085
0.08582704259911393,12.498468566489368
4.747578640146951,8.5972018062437
1.325130460265707,16.164649869047903
1.2335837003918233,8.762287251065137
1.6715729044656291,10.324309777473257
0.32359025776513034,9.181633466910384
1.2666120316207614,13.411725878390282
3.557219218339679,8.522181330511714
0.031207128070568767,31.542423289708317
0.6374297213117907,27.00937202084771
0.004915207759731467,20.072466760804872
1.0747201692980328,25.23591270465536
2.6062277020335975,9.770192160363855
3.2066316724336668,11.15038989209171
5.807756523465342,15.841237154881116
1.8755630928648246,14.529661672526363
0.5877406717115972,22.707704570929685
5.157941070288824,15.079578476640426
2.986118425951622,54.268500180416346
1.7086445350874606,8.427894277847884
2.3790895528730105,19.317983577058612
5.162386384354503,14.568958369420091
2.4923277800877033,14.405323332326013
0.9189172715394194,8.154250186018185
2.4967426677331708,17.319361680019558
0.08222357871217002,23.45081923106198
0.976874781547622,6.972817135569544
1.0428398644032215,12.857240243553996
0.36505491859084294,8.982417440005765
0.04671224731055814,41.48778675985758
0.2863122364236674,10.213475182281375
2.126228699416784,7.073484383043432
3.2418959633673037,8.848291745262983
8.879903570273404,13.486796252145304
0.850407794396084,5.633119474065213
1.8294799810960352,12.40269056550788
5.5338485293124835,26.415291764788307
0.36554359148416593,20.196331990169714
2.5291844222396986,5.560577944602768
2.8128205374636206,45.1532262417113
0.1863710558654644,14.597905562385536
3.9501541905047315,6.41657877767503
3.354417138447254,5.099950502590972
0.06794726008604846,6.503008947190736
0.19100610954312439,19.56996371166396
0.10074931480506522,5.175015108267353
0.8151652924187095,7.123684381699746
1.4237998003783325,16.32761776837738
1.5200605353642707,12.057250685834756
0.6230392447946738,17.213125935222337
4.851696180104689,15.968109778662612
0.9185635561324753,5.41541227133577
0.09324036808770896,22.842965289505955
0.7139988832830818,7.0601393121129465
1.5147716961712725,11.448600098673062
1.0492468292675918,13.26907443474408
0.6399767436778793,6.477425476185192
0.28156840386685084,34.91507094569172
3.42033500254546,10.357882416609481
11.11689416354242,5.4749661782930215
0.7995888343932938,27.15030934436469
0.9613076246554924,12.060291830107513
1.9248658146785709,14.610296592546367
2.534829895973853,10.958485020140458
0.9952579503509212,19.40178329596654
4.706273471931605,5.269558478398826
1.6419792370805808,7.499934328887219
1.1970929644140804,10.073720111640213
2.0807212132335233,5.637573481755178
6.106885840834515,14.790864886004629
3.165127503002856,9.00256019801838
0.08167134450909887,7.546977768474143
0.8078623026632069,5.027076544018267
1.2718130166890163,15.178878639281068
0.7552648289145568,19.35695526555812
2.4091964052297454,9.02075059457932
3.5004960312955933,11.644904863781345
2.6286552094143176,7.066919090887595
9.08125461002166,12.78707275092534
0.6364135549340258,5.0976937501027155
4.158715010812709,10.365512455365153
2.910197345123548,13.267215287629352
0.8993944383134149,25.027019749334347
2.6494545781626653,8.841541352457853
0.21979928477768906,16.591835735565063
3.114957761632776,12.284199686267772
1.5199872969561923,25.939694256658296
0.691442235517299,9.06500319004904
2.1329329050669346,8.074663859576042
2.0523227988452777,22.452999008781806
0.47014438783955953,5.403985948684579
0.06173799485680714,6.173029330617089
1.136989230804287,5.687988367888209
1.685671053123242,19.817680634879743
4.1847338858076215,5.085312664941972
5.268209505921158,20.82416235472056
1.5049674417855305,9.801157952329334
2.8032504309769153,5.032267216760789
1.1571502240344154,9.108570814798117
2.7414890307191278,6.654233851758345
0.4583270826433008,12.833854635984647
0.9274538891895184,14.09946005268682
2.0114901745428293,10.348066922630565
0.03664968934842324,5.330906506718749
2.5635898666241044,13.539904984205172
3.610121090496142,19.76324593555659
1.0187921624112335,15.192995842208683
1.1882058428752311,19.173674696054373
3.8114096214469955,6.790245269300894
2.9891372158207092,22.57772827424844
0.6797746922433271,8.111146857554099
0.783053716481274,5.1079637586684825
2.271869778871342,19.832057222758362
1.656550974910239,27.75388349732624
0.35402233444134573,13.526641086366944
0.7419242114450396,7.105858085357411
4.604835751524335,7.320085872460464
2.3306226791628704,10.027762453482737
8.533730357765817,23.24902202520865
2.913541207207914,6.296365566254085
5.693743080920096,18.98838933586505
0.4871736309184349,7.7546154908244205
2.9523057549543723,18.22654034030282
0.04084938257725065,25.232994986357507
2.22193675364419,9.461854717367817
1.2670499926027061,8.633680428129528
0.851621585742133,17.964853168348945
3.966871968040237,11.031383510825075
3.8519677031322628,14.227480923758522
0.045108296514164196,12.800457933827722
1.8806808549132619,6.3273868794833374
0.9172009044380912,19.903828493004248
1.0745479753653073,6.743010693940889
3.568067648670973,26.53924306431329
0.7416629863426503,7.307552676844065
5.731121409961544,15.590492811112656
0.39600897038868355,7.679927082041258
2.1736980362574814,8.059288163718145
2.2301240963497735,7.968530932689472
0.581226492101494,16.02318975569068
0.7853463762988733,11.510146040581006
3.6011785862362555,22.16140053158845
2.869333366816403,7.938106070610228
0.7982580877933744,14.421049738133993
1.5269528045659446,16.185270923789915
0.12732910499216618,6.314112910677254
0.4682722032354151,9.094466949610652
1.3303659343504997,10.274875662186567
0.1797919438449809,8.516570009896025
3.7072572551900658,8.110192604671653
2.531740459889659,14.277603440084862
5.751766592131427,6.945406896011585
2.364859110836842,14.886205450530714
5.640245459418433,26.872385478610873
1.6171724316752023,11.66290738150563
1.8336748178595084,12.562342789583433
7.542006719566058,5.571389749892374
2.055166206193235,20.988905601463095
0.06254086434245036,7.688793666277972
2.573280182056469,12.637158808022374
4.717648398434086,35.94870859236077
3.175159600096268,12.240879772870802
1.7533386241127897,15.319426637621342
2.2252409724212505,9.714905758517851
9.249070825256807,5.498117397623933
0.1900770281381494,17.780049020725862
2.200696561060257,5.285007815049303
0.6664685138778904,14.649343799282873
2.043804761383048,5.18550685622929
1.871067268699093,20.861727222799026
0.33318816594326656,6.372344773254957
0.46322524005015936,10.77684355018248
1.9437632218713727,12.273541948067997
0.27445918176965517,9.893207178384557
0.6162617973335115,8.333383324938993
3.6065981632252755,10.046102265770546
0.7922918517895737,7.984940851765144
1.3390963071192485,9.611769217764383
5.665198460284114,8.556720734404676
0.5153382388391293,11.681462398775988
0.9873668467541237,7.173673629078831
1.8651338240731343,40.832921818803584
2.8157628238587056,10.559108821760566
4.6385143400992765,6.726981162401143
4.941368244035087,10.186411610384745
2.9979415847603432,21.10414615390859
0.5183987312378364,5.176384603326497
0.0502445363454865,14.104335001989341
0.9682827731986131,11.352014845253208
0.3052510059735542,6.486377464283979
2.4784239310138925,18.607008116745398
2.164280915380222,8.682132674425056
0.08993540558961374,7.782877346835934
3.623032051733849,19.08791141456206
0.5720156596667315,13.140500190836516
1.1320674419774408,23.282605864720658
2.204841475961412,12.951504066625013
1.122199530954147,15.801787532501695
1.1642415827218517,19.48489146924991
0.13576125623743096,5.450358975046109
1.0264688761288323,16.970622539178976
2.8950454226571427,12.609262310129388
4.934361464997105,5.576332654238793
1.0671554590162906,10.68361512689795
1.1018576522441705,5.688456068212938
2.425536786879354,15.652849618873654
5.7214240183832255,11.326110309613965
0.6213854373362071,29.55908534341783
1.1601520801793077,6.6182551306329085
3.179008269362341,12.451914225303064
1.881646257641424,6.9018163487854185
0.23438569362307315,12.616690223252206
1.9762864597660772,15.259791674623168
0.41342429010595727,15.249835797939465
1.4275813335977676,18.502395868325827
1.5062329218758572,20.36858209816257
4.178230155244255,5.643363859820491
1.2416317320738939,8.36382379971123
0.6554599062284806,14.295548831387105
0.5252410999733207,10.52258995992425
4.1469487880895075,6.692447054982641
0.37509643464010045,11.436377313454269
1.1097938417357252,9.186366471547057
0.41447425119472064,8.95487259229295
2.96829108608134,18.275486577375375
1.286325516647465,9.188563072161347
0.8650879796128632,5.2144857785542325
0.8960135377721519,5.478537963234305
3.823982792706129,20.517105208495163
1.61385925284048,30.872080172664123
2.5307594095982124,14.328519427088054
4.54680060973693,8.625087697172761
4.640310619177682,27.322804696630964
0.7965094937187228,13.696705646794227
6.092000109872666,19.880317573614597
0.050381031176940184,16.61442546724248
0.9458896960360333,8.81318850588429
4.522864370632937,10.21147047254175
0.6421657881776486,6.647658223709115
0.6378816878610638,7.762648810907872
0.7208561995412552,17.045152793625547
1.8951159172459207,22.95289884388267
1.1536914637856015,15.312192051572838
2.594625319580678,10.006506011597432
4.50588853509175,5.723856398705245
2.2429393285716643,5.4690704024751025
0.457485194008057,8.75140091546037
5.396652337066586,9.98630847180603
0.6143900989064569,12.514850106406954
0.3247891575843667,5.05208535901025
0.18854944564408405,41.62268985805665
1.6574011895168903,8.619684999857665
0.241540526544156,20.075981922513915
0.2988010224559411,11.125170201907435
0.713436977189279,6.118138520823522
0.6616051065058711,17.77871328850248
1.853892149557171,14.898225922673078
3.3937563570144462,10.996658169643585
2.86551158987999,10.781482809295284
0.608936225279535,5.732358751305986
0.5628977398649259,13.533396920026538
6.750564015769351,24.37501815252855
0.016540693649594148,5.783063180398872
4.235874705398327,7.446892724680908
0.44560851556755265,23.60748267799156
5.885684786188299,7.676444387119426
0.838034909905127,13.489229760052726
1.1608937205988712,11.122615253593576
2.4559888128083847,12.257213067647715
1.7718579579212905,9.299943132531617
0.7652733314423307,7.853302072717585
1.6141145728060793,5.398005989193326
2.6239096868169756,15.90940684980542
0.08651438504922332,15.966312328580795
0.022524979330779436,13.886914069602089
1.2252255779884778,13.254371134454122
0.28275070739510483,7.234718471878833
2.183338642675209,5.1807869133655675
0.48173045396573183,18.23194313058901
1.1342668229666049,10.404635774141122
0.4404729042353031,7.931933835500335
1.590287103711929,5.860075087329153
0.24671738518015607,5.518199301632029
0.046756002355797494,8.432327434418761
0.10497040486973583,18.067265942908918
6.169496036562507,25.079211398647704
0.3069696465434083,23.164922110558084
2.4652813453402214,25.20591262986704
0.14068657482538258,24.063885988996173
0.22893785928393304,10.993081322890266
1.4221182983065082,6.981699667659589
1.250494618269541,17.797745730225124
6.055697436475155,6.923467050149547
5.794869593815906,7.487139165946059
3.0247008309196364,7.124800900406713
1.8431183220508005,10.788560861305754
1.2137933496933027,8.106828885353611
0.8806676370607947,6.339363137695182
5.878233121864851,9.82898840315799
1.8471786610524779,21.565899542202498
1.730589469858694,11.762052853709573
0.5276736128500257,21.851911142162514
0.09564668094697884,6.743976389247967
5.807713416383337,6.461522185348384
0.7529836113054333,11.856199805739365
1.1689049429835305,9.978958813740192
0.24352174661312956,13.634540479043336
3.627081904426338,17.66341138740898
0.05604154691206979,16.132298110036444
3.5914236843371103,27.814603452525304
0.3023087097633048,9.063390825912089
4.353034941312421,6.849272138516394
2.616983180794738,11.404302754781842
0.3598574737620766,5.938953052332757
1.6685829230034932,7.72698784452696
0.7498416832558381,6.864420422329346
0.39259699891853717,9.040918582431484
3.9205768372242034,5.9432135165837865
1.033428409982056,5.258877744248163
1.0168028435901455,13.555395539953581
0.37238610226834007,12.537977196780314
0.9659854099312837,14.85785172679652
4.105472196544178,13.639575174499647
0.9023754022197394,5.970967847407577
6.056658146672162,7.752088126951653
5.849016024054227,6.109744710122895
0.31307057988650105,19.810669647613615
0.3903546873381289,15.991880430979705
3.9707962598751707,6.800433031629281
0.9976653843994193,8.340008894462374
0.008767152258557362,32.19718679966333
0.6400574457240364,12.21435762819371
1.820761426954348,17.921861248667675
3.2115489217491424,7.458628153841954
0.2863292692580724,6.886314586668624
0.23428455191112255,17.256738852478826
5.104470049353757,14.263649456141579
2.781796829637127,14.13995992933355
1.7821214092780973,11.435036224134222
2.9322930205330895,11.633171194024865
1.1202220856810143,15.64528814835925
2.8414051634401707,7.517713149133073
0.9298029070969758,8.480409523766436
0.5596780130348662,21.423130428049152
2.611371968790295,7.9553631688777084
1.0883246429595226,11.322721510466199
7.966727010112905,14.702479603906575
0.8599824047243778,80.96572971872938
5.095115871344951,9.571562494273977
5.405007678299298,9.470229380063872
0.5537558218434543,19.791128939803095
3.2011662796845783,18.09871289796997
1.1350547725196,15.506608219257517
4.990513509143875,9.977479248940368
1.1961259530642236,8.131777184483063
2.727529869352687,12.506869228838541
1.2583454213029694,21.714208701919844
0.5170253476032147,22.217987696463645
0.44466308452733805,5.91878388270332
1.1082708451144916,9.473830875799269
2.8170362352067593,9.999751672382889
1.8581010112003478,35.39504484583041
2.333542165549293,14.06558055691056
0.6634806814893089,9.183812078321125
1.3133811293879594,5.211227266419304
0.09082181701713528,11.666360525036449
3.402365486849047,5.808079727756653
9.188888280451097,19.387854058794463
1.0447139183333292,16.171360768477754
0.022048393807669382,9.937035783534832
0.37215955505589765,9.485882228233777
2.1141359260260413,23.210581164940518
1.8939087772353018,7.722570603630393
3.1010621853130123,7.29100966618161
0.5857484191578142,27.400986141127202
2.8847300182179163,18.254158267087448
2.329401758837676,18.74623999017333
0.7796200745432756,6.737230349018718
1.5770625776444553,6.237302407533203
0.318633555485663,5.210994515368925
1.2050212774527373,7.164413211440526
4.26058295598311,16.904508150621986
1.0935667823044233,7.195899183879725
3.659754078947817,15.448141208188183
1.7844325487006003,7.321837349153514
0.4260812986129986,9.024083244372328
1.7402759170234086,37.67307407921261
1.4103720314359984,7.246305586249708
1.0171274848200547,8.777592328615192
0.25482700914194206,7.865834129778471
1.0781369969822863,5.928900330644322
0.15109081990747766,10.385096082823381
0.20798745893542447,8.807409555157056
1.0754227666120395,14.496586883342225
0.7287849580679221,18.612186445518454
5.195102617365408,11.286481911792453
0.9422671119620276,5.26180902140121
2.8364629043733047,12.718017081659982
1.5110987497017894,5.455871263301552
2.435370575274828,12.664328665787355
0.6025236777450829,14.242221773773243
5.691350419617093,6.7628557756575
1.510421786628703,18.68938002088695
3.5595519730838068,24.360607212487768
0.908404481817326,18.416894552266037
0.21119075102720766,7.912004431831657
2.2399475447512858,12.067549461876087
0.015579822124613509,24.70345334692204
1.2898304455193437,8.09312397981937
0.4283723341290378,18.719624065440506
1.9743681614388724,5.076162447211728
7.76685876850749,5.029226945718174
1.2487461829386457,16.40732529206104
3.4019911054424097,16.46532969091597
1.4176760285157461,17.44631229524728
1.3697233253358447,26.277148070808444
5.330656628590443,6.003656049524532
4.413929354393612,7.111567961784722
3.0816945854335183,23.72436617768971
0.7026805495795334,6.560688924596134
1.5749527125976284,14.171400987566205
0.5069406725201255,11.048065410273018
1.1736743445933906,5.694872288547749
1.3241230338277463,7.68673249805001
3.563301947343375,10.87795941453176
4.527274321103177,20.30329168852553
1.070988353146235,14.835377675159817
0.03572608696055073,12.780416275544123
3.9577281863102587,10.48195416688336
0.38299589112245286,7.838373486781473
1.9450977345336773,6.015805472879045
0.050575925442161565,9.208543391526671
1.0200068412704966,5.23146437436767
8.531732797606598,6.8964783697432654
0.21226296133620767,9.531881891513365
1.1022300758190235,9.338601681451825
0.7338833630917675,5.362451535434668
4.709612864991173,12.114467473117857
4.070315150867211,11.382450308817123
0.5428269474695523,5.650585518642617
0.16934703194518322,27.94054943901744
1.9730959156826493,5.837399596370192
0.8200571454344355,20.43902724491746
2.2299979842709194,5.0024782391347395
0.06529382860994908,22.115645262228583
0.28635377424263275,5.159334085260342
2.319096901942087,16.344329012830286
0.4774553490690515,8.59145992993698
3.89805747427371,15.721908793672979
0.12075494110568719,9.109908303138083
0.48537148115785117,5.588379442075525
13.0865694787194,16.67115081415036
1.135060407984904,5.5913485942629615
2.4278150718021467,25.420733570818243
0.4034076884925811,5.418552969610671
1.882544039055208,10.221038125925505
2.590028716756206,15.270896636967338
0.7551453944297487,8.997060863414935
3.5309804381346788,6.959366456094461
1.8497427736086138,16.386686799326778
0.9857193302893381,17.27073741540447
1.6312733183729644,25.479971478919385
1.7196357744135349,8.774956365402264
0.3619296575967721,10.645835805431634
1.0307799487242124,8.609498246899706
0.8414537209392312,7.377354911605826
1.024662588702267,16.123478135463248
2.863509094925823,8.319904603958372
1.3176399478475174,9.47102067169321
5.637387737434431,9.135737659582839
0.6953636169489377,14.976746887212935
1.0746937069896008,24.988374144026075
3.092520732246547,13.791044068463844
1.5794245054361518,10.102950159087214
1.5838505776335274,17.08416903540621
0.10963090192622899,13.194824132694029
1.0169888952011115,5.500199445582823
0.6314327264217765,5.804430791194102
14.631816485626562,5.3092359625714876
0.7373651257990148,9.882462070379436
4.3169094953712035,18.982864023554704
2.2554668559462527,8.004336445881128
0.8338098151904499,8.878147094016176
1.5684837807581147,24.21722011240482
3.671872669444809,19.507303148246365
4.297468310985693,13.750147012189538
0.34964479185808917,7.482735370930362
0.8297377945456623,5.99581646995078
0.8166078079988379,5.1295133029054805
0.08590852420065218,5.905445196654266
1.8237896155036588,7.769231798662954
3.859562584271517,11.419948385985176
0.9611567314511318,5.529119127321749
2.694423814926311,6.1715694179856655
1.9761128180762288,6.598157900806009
0.9420842902110099,12.996989453005064
0.3041119493249176,12.65252382138441
2.471091055353468,11.401686078143374
3.8560543784191212,7.3068068984249495
2.315798000830508,8.71051462795894
0.03608046987569653,5.813513362744711
0.4872867238694553,7.054229422612315
0.14402338613022111,23.239173575945763
1.689736759289618,36.173823168396886
2.825093345308455,13.34525987569209
0.2343696001744242,24.894303380427814
3.6444928666914382,13.234374322838244
1.6216508461943133,5.270079964779407
2.342166051331102,50.86384082343442
7.108826399822641,5.833576667763295
0.1747814176668724,14.181793433102715
4.629801702683894,7.331766759151037
0.26958482272031814,8.98039466560554
0.9983172527295917,13.306179715901392
3.813515173213478,9.588523964369259
4.7343376140467885,7.307283329636364
1.4119448411364806,8.257086265811726
1.8033197646816972,8.342910647735598
2.4630123491908233,30.61691754748896
3.5766348212613432,17.82021542410218
0.2591041715288055,9.908018271717712
3.32219210704789,6.783357814331938
1.3127672386653813,18.328748056324308
1.1979422876990025,6.36803839569207
1.102947183515725,6.890460717919701
1.4234843424895331,8.645819580354111
5.802683338117247,21.98535508956475
1.5890480511266771,6.130542568449041
6.122784479112323,6.043003643083528
0.3976096383121697,10.449353445516461
2.5756944231999466,7.588248745097092
3.345176540193119,11.728129297146445
2.273431160268759,9.8065378204506
1.8674958528540864,9.566857378523423
1.663957904352616,5.950024782499518
3.9455626910786297,6.216353642358859
3.447976575643645,18.766468397371007
0.26087515808012235,22.364229931685667
3.775496831492379,7.139726785565408
1.069105188565732,5.963436791462618
0.5852467344532065,5.439170192830637
4.0768843304792695,12.498023570188003
1.1313550450823582,15.052049675512155
3.3043222823190175,8.73204589388835
0.6114303570688722,14.107375053983521
0.007874122975521203,14.985036589800275
1.3682131124828785,26.909182322226528
0.21122833263305701,5.5365888969961805
2.807906373087855,6.708434634046373
0.6461353421664795,5.567895903876109
1.1726997229698906,21.199259183015638
0.18211232516109463,17.584352607287627
0.6755921206308247,11.838594221806936
3.041849224329147,5.698972204220235
0.3287776165634997,7.554068384365404
2.083478677524318,7.827383021812711
4.988117270788222,11.58136849624126
2.277848575002304,7.387721551586225
3.332246057335293,5.606067340830241
0.23075802121701616,15.497285226590991
0.5773166336520568,7.842894584879723
4.498825323153079,9.817304240308179
2.5112734829831886,6.092669030389673
2.0408252874886275,17.97809038963092
2.1799002443148745,11.669061612642686
1.0695555816485192,23.548547283910704
0.09115957230110022,10.473048593654458
3.0690462794626012,27.69967011212849
2.270842419047755,22.79523572842059
1.2803675268366357,11.872855835516269
4.600368262586641,26.731898123930236
0.819427235471175,8.12172082979329
0.6971917474749718,8.641136573016531
4.123931475217131,5.372356290810971
3.188976975588601,12.117208065938986
1.4471295227637386,15.238885705749261
0.28021390452150563,16.880760502232985
0.48432522359400915,6.2984225503037505
2.1355532082988025,9.698185015582476
0.9724001336456845,6.557063085348652
3.6215566734798705,13.680689810028506
5.989665729574852,6.375292608459906
3.2760546996548574,23.760908671684575
0.9481692439463576,7.097514553049249
3.1088242625981275,7.7557382785406865
0.8660066771852476,20.225443681570276
0.36568359482880547,9.906819194170073
0.06792697932385432,5.194308309474433
0.974598154739827,10.459023044834588
4.677654011267731,5.706658009542867
0.5462085935519856,38.783636074588706
0.4626366602342316,12.09602214706255
7.001203689141457,7.371443075215984
0.050644052602973146,11.63572576970353
3.081523585890574,5.639856572070775
0.7753583074518683,17.871156651273786
0.07641740111053079,25.757206488947702
4.997261760380984,21.600051973572217
0.30081416217969215,8.345456239437024
1.6049389952683033,8.153449528794052
0.6405598656517928,5.285743764719099
0.1348299530037214,13.430649398979286
0.10242340735522942,11.124105033384582
0.24559374026983022,9.919811583422497
0.1480833632329486,24.05570679405584
2.8588890902083195,6.4702183773553195
1.3293768100711456,5.077706306456452
0.8398140589241608,5.609145151965035
1.0838377968700281,7.0223446709949
5.288650960000191,5.270816968807748
4.832668338640442,10.590806694501223
2.515285069334236,8.016076151131857
4.320130044581249,6.592321172016674
0.770290016470458,16.093045739807973
0.959653278067919,6.829785973546924
1.9023450890122835,14.307897516441152
1.954343618161641,8.437221128108018
1.3144014825000845,10.736695887512166
1.0238452786616972,26.72870412582798
8.56332201711854,5.304536632428067
3.442120720902874,10.549410683941195
1.1417890009282035,20.416398801699703
2.5987108065950997,12.093355421043494
0.6282210096353612,7.593335852190489
0.2110973472442515,9.055746384505877
0.8690599336777538,14.122117741443642
1.0315852113901294,22.717465151130952
0.03335077851624713,5.335467343268239
3.3725515399829518,5.593813683755167
0.8900551747679147,8.144951378371601
1.7369933929723482,7.11985020499726
0.15368258111829466,7.462326014716774
0.3847360974323158,7.000727117029507
4.408988934022475,6.743507460387181
1.8764977534623448,6.1198362235589405
6.002858950482033,26.73924644430443
13.369278482199928,6.24565010942289
0.9299847820666545,6.829307812524251
0.7099329914307807,7.261723137288291
3.908877601895817,26.62627737004111
13.158957409703323,16.275329246842567
1.9865662118575778,17.473739898910118
3.1708639736700044,5.885291968829647
3.0441902198839568,19.47824096226656
0.8780635606816669,9.196598792126258
1.7079016593127117,7.439418306902542
3.5802049807227214,11.85946057386887
2.330234291626392,18.815998542085808
0.04278195663949323,17.06415870265097
0.8210728979866094,22.658016222604168
0.31208155526192743,26.063414113665573
0.5304644978148889,7.175751478822062
4.718088202766344,9.411207497622762
0.07518212444635737,5.11789273074158
0.4964117888954207,21.917012912655636
0.740879497772473,6.343299601207125
1.918835302880502,20.81362487638219
1.5275757754762347,8.19650831720743
0.4924904101138719,8.672618269847085
0.35883013080601756,5.319348009711739
0.5404651672732942,8.16663888954926
1.3964385506316739,22.540070872365934
0.6326509057263154,5.207035221575069
5.8977928588002895,9.1714193045397
1.2467393939242213,5.255225334600964
0.12119077964474124,8.708018312051049
2.613239977956101,6.516129158579233
0.7975111991986126,7.325154505993662
2.1196810375009556,21.803580942618883
0.65588170266891,9.582306415188551
1.6914023995456948,7.559416432829204
2.9581575091254235,12.11988566082176
5.2624211617455465,6.226206792597124
0.6052588442732485,7.402266227455062
0.8155063003593386,11.32163531440813
1.2482365885105784,7.1694639181944595
5.239387496006051,14.093697367022877
4.6331014563811745,10.41018367151015
0.18835386056979106,16.826893709577874
0.28296544336778623,28.689802100055132
1.368411260593444,5.984620218321637
0.2254848854456923,8.259716966229988
0.8480145327056796,8.079996462145251
0.32124235266541534,6.3112925486249
2.0214245664767936,18.298623524580876
5.971382972362957,16.412888667786035
11.44823790901407,10.299787276115024
0.9407790313707908,11.173554871866923
1.8276507323473425,5.491124493609307
3.8796048279402666,11.486574118665963
0.24990702819381094,17.536451598486543
2.3395576842587533,11.823290062074529
1.0513495295806476,7.466413574103371
0.4617118312747316,13.810084875030013
1.0308511036216035,8.588923864193177
0.15800045757769174,11.297435221829703
2.3775586151458374,10.34865691366775
0.5826913337811545,8.839462095066548
0.7462058519382236,15.151731763421063
0.25812575008268024,22.22478126128365
3.9999172018207596,5.041809208362716
1.3602419001128305,26.698456296331106
1.6979506293911883,10.731574342372685
1.6853031964421692,14.651323089700915
1.0569377578111296,20.482705542945475
0.4276985431075958,10.035427347377954
2.734024903440825,19.413221490427848
0.27176835160218255,6.564419872829909
0.21934803372617087,6.386902780080078
2.4767492215025544,13.571200241544926
0.4685025800522974,21.330571813786296
0.7327948268410083,22.836623572033048
1.2895807615175863,13.256766114043861
1.193316543203534,10.963767712435736
2.4659735021693763,8.220471732607427
1.9533121772732127,36.296350284884966
2.067875966334799,8.081720490484512
2.503906907070273,15.906440642040675
0.6923539884134886,11.073984757830182
0.7781994444937972,12.502410322354706
1.1524988435863814,9.000147862663553
0.7347848372683321,31.778931087385917
8.391143128044458,11.783121039806781
3.364575637108198,27.217611454291536
0.3598201852390138,5.060963021113084
0.011219723546819401,11.801600761963641
0.08745088641715136,15.103751897701814
0.5595956725517577,15.934449439770399
0.24273429497003907,23.82908053855849
1.5243005965955163,5.035290596837576
3.9037891583634026,5.002641710192353
2.669303934289913,10.113264788688245
0.4856954777710619,5.237850666237598
1.019316797229391,34.36283405275702
1.4181231286513993,7.008900241735281
3.323630425164528,10.119349964468462
3.654212996351145,5.504691050795739
4.809641257600343,10.905966725455798
1.4236215356688935,8.823720300444087
2.3701368890414263,5.365504089172686
0.23711750817264488,8.26524098400403
1.6661474887572583,8.973225829214044
0.5718786757155232,41.778799769809275
1.130271085174612,6.8643983714990355
2.0105199118835873,11.29578892378043
0.5940806165418129,39.939027055925045
0.10719200885835087,17.562476395287963
0.020573164704425252,45.126188839578596
0.04481749306436762,32.61108347374224
0.016769583676059206,10.379536815652452
0.23386567161266805,14.53571752594713
0.5475286558117698,5.936254685492317
0.500057261300663,9.654976605635905
8.6545609319918,18.244631484627376
0.7305842312901393,10.631001296630863
0.27260367263134627,14.70408236609458
1.5773899715280337,15.955539800616707
3.9032573127565016,7.338546599500106
2.2667825131417576,21.68041788614676
0.7021870670168782,9.926858894619407
1.6493208097317629,6.887653354858147
2.5095217453577616,21.04452688974315
2.604674899224787,9.327788399915182
2.1964554570278234,16.100359169855725
4.092948756013605,11.353170163669628
4.082064751547059,8.848474579181847
1.7299435328154846,18.280647768842382
1.1237339317615278,12.025602405002754
2.0520454412760807,8.961745808211885
3.409828227113498,5.928656697734016
0.011336276859956466,23.06436024976517
9.655879868063675,5.288911304111718
0.40397234189065284,20.913142363042397
1.2706963341665503,8.569815896522613
4.111914691018089,13.158529314208252
0.5098887575729159,25.428882385073887
1.2955647005000954,6.316229845933643
0.284469007691651,11.695225460414875
1.0053059731525549,16.566074565423328
0.3899273569533895,16.33679464246036
0.9039431723787312,10.966173657354524
0.9350987804479128,12.84107776537904
9.973092438903686,16.33491912649933
10.52321086618662,19.71219931395539
0.24385234018020346,16.47759685007029
2.589026470056142,8.495707417697275
0.10626466280015755,50.774922442536734
0.06131436207208695,9.560397974933355
0.22260939301855615,5.198151486646581
6.732760604879662,8.603075777972744
5.655815515626378,6.093735845917744
0.43116397496700454,6.035792421972357
0.35269249446234524,7.645106744546184
0.5502823097488808,5.438822188715976
1.4494696947015366,14.331160557125935
1.6865668077213256,5.614952322451136
0.5010126166399285,6.8181117831907185
2.8262854536919995,5.7800181329242095
0.7408326208095707,5.522008169616281
5.105463063750971,7.493084542618371
2.1384334448766893,11.787168435112676
1.1466478127366824,31.747705863332328
3.120457593053889,21.671237773305982
3.406559228473747,21.695527967874508
0.6863377137348606,6.549328854373986
0.8301660562552073,7.462068163123573
5.4963434360472405,5.635751723919836
0.36002693703223054,17.05751811832809
0.086129049564855,5.578985496448351
1.2104752636630267,11.507990171830393
3.231011572035959,7.2788280510760615
2.9539100688369273,7.231847065642871
5.039757300698028,42.443509016971895
1.5237116036241038,16.31030481456868
0.21086475107166724,19.509064898712097
1.7768111944781217,11.78873303531924
3.0137230669599733,21.384429085956445
0.19594931734867171,13.296161964335665
0.37907280526084874,28.375945382285224
0.024733631940344277,7.642919556935615
1.8010935392961154,12.237260201876147
4.356039409306021,14.37285419450133
2.2213493917428813,8.992985653171678
8.039226186246863,21.942664098811548
0.1302158250863484,36.21783420920751
4.666110975340316,10.446105302235612
3.364751618335133,8.962777019962745
0.7544595678933557,10.108331541066374
7.263226008812501,20.324267587952182
0.6791798780972553,13.29566295461203
4.401948225039333,5.366444908150944
4.253042433985926,11.250057177642276
2.8348074905934926,5.139612148124273
1.657798525899473,17.059939126011777
0.2556729921588238,8.183693913869256
1.5184531770265484,10.109385328424326
0.8825874794046403,17.822801510012926
3.1425223453258884,5.380497412839443
2.838703213101491,6.380949004490274
4.829549020173557,9.059456127845877
0.029882457492289752,7.090140629251987
3.3120447984406236,8.298726643737059
5.5762025441731735,55.44825345354415
3.114644179358973,18.96272262737418
0.27897121881910275,22.226552185054587
0.16954581539050734,27.123905026258676
0.04213113815074539,8.33547560601448
1.981733458451091,7.820062909708463
1.9867358795581538,7.133237564495072
8.672380968060589,19.181158336740186
1.015139108052098,14.104278660140903
0.8066536464317755,7.155300984944784
1.9585938003119883,8.78559084227677
3.492906992849756,10.653292947582697
5.522077743329988,11.008584551538222
3.250364068260269,22.56620148142492
1.1126015096242987,8.831594685965461
2.0152459625068273,24.133431756915556
3.880045601128961,9.65810843179127
1.349081471365402,15.975114503856734
0.48844492687973595,26.303198363746805
0.37199285713789493,24.05092312622201
0.00031551404208248276,5.469112127510771
2.5333850364158,6.842395700840156
0.2355347914608541,10.183944004343129
0.5590021887158031,9.518795737527189
0.707291449099546,13.19304933409081
1.6436884868730337,28.161168412622764
1.014853736488389,5.953915166575276
2.2458549959105807,9.809776919586387
0.11449281988376626,6.70961648123491
0.2646395550291493,22.962654237102512
1.3831428595482018,31.723871138494506
0.8218543597399438,10.211462508415634
0.7014236964625735,5.878610872587269
0.13876034803819648,17.30790987042851
4.5213355522783765,14.555912684756143
2.3541333266341327,8.503957968225313
0.2593477575450571,22.471839534064706
0.13451580712305014,34.7817701955537
7.367587491061235,11.528918347866336
2.2862104660216054,11.672672071482552
1.0807013639089234,7.82503281856221
2.4195193034574283,12.02629753462245
2.8238955193719537,9.633439886360087
3.0279118801264664,7.878479129789207
1.2997053441539608,5.556388748608415
1.1238265036080963,7.330392684610228
0.02217868878893524,6.763723621766304
5.2224945032073915,11.247822147212865
1.8491896229497993,12.363796209260656
0.4541875292622436,12.503623873455513
5.041567267638038,8.93055034844855
4.928606375204254,9.374797254437727
9.053487912733033,19.37763877010275
4.143844773248089,10.173663951977005
12.224453068934908,40.23308657940607
0.5612439424393508,9.633081687228463
3.6934822961647917,13.389004316801058
3.46353099179756,5.413403772892302
0.5251735124077915,13.475284707537142
0.20725192839361012,20.253398264267723
7.766921017853191,27.841898855767
0.7020235955025333,52.37733387441073
4.0942087853236675,7.652276407909641
0.008271389766798306,11.85229784111248
0.04249795223707739,9.793146254476847
1.2542369482118794,11.637556005576464
0.5454941376611726,6.370606249208559
2.341342247216614,20.511849742482212
1.6674147805440127,24.22534018807715
0.1613050149366864,9.77777625528979
0.35497443329670486,7.63281020182955
0.9822070126840793,6.214339692316476
0.4106172466408464,14.210152934455344
3.1425734963573047,7.994427792247663
1.0759491394896892,24.222653648063783
0.19617818186092315,13.89388357117809
1.3246265473834835,13.300558790075462
0.19046436402757438,11.556981175491662
0.27608264943972055,5.374857519748244
0.547847197050745,26.49686057737875
3.9254900000530144,12.909547280474799
5.170228458190965,46.01104083396876
3.5003645617823302,11.166386352405421
0.8131631144647777,14.906054520105885
0.6361353243547665,5.462809013959729
1.5932664229483664,12.99164549492043
2.5592122104371726,16.57343888629859
10.033142200428903,17.059177825279324
0.2821382300278764,16.76129225923809
0.10109661554706754,7.052388988949394
2.3706677796263134,34.63957561593801
3.570272305833767,47.683371291298215
3.7461400988883153,5.6288475073018
2.2692887281104186,27.046975948640558
6.158915018668796,7.73371861632566
1.430805061909372,14.351009843149143
4.902513580968503,8.301258328527506
6.872331645377025,32.474970422465844
3.7566940364952175,5.856262935428851
0.7414276685472642,10.509207501911876
0.436848537259957,9.469598747514521
1.5886775298533644,8.156479714719033
1.206666885767738,13.297142572905448
4.2035107835017795,6.123810419235642
0.2107914127032535,15.088929787648476
0.5961115509609609,36.53661044688254
2.787032307354387,18.059962195420365
0.1996111569198931,20.729860217381656
0.7735745027930638,8.565757398905593
0.979287745645931,8.142996894561756
1.9488664177640194,10.822709948570541
0.344265627267583,5.3744406500102615
3.9408799863047212,28.25563937481963
1.1867565855901832,6.24187174579632
4.978352588656513,23.66542987142279
1.2617345925738783,5.698263430127641
0.6432783104854228,18.835909886161172
0.30590339805542155,6.3186436238822825
0.007504250274091491,5.311021205288636
1.5192470921466403,15.169151553946008
0.2266883719705846,7.630980858713432
0.9942654800874869,15.02799819692453
1.7796470054858398,11.478980714118258
0.6450602732449984,5.921557618335663
0.38528759829072556,26.521297986320743
2.9808368173443895,9.816427744417997
5.8670619236883,15.607535047876228
0.21169997722026296,10.561523284517374
0.3382350090108312,12.418034401248633
6.438384612522242,7.885160714736035
0.07703310363562624,6.788752262160473
7.600277918225935,11.257054848908059
0.009310604418084902,9.641676759079498
4.137694213267388,8.95585547866515
0.7343892531055082,13.931779366557771
5.580327994761926,14.382548921863258
0.7623606362656847,5.37606249918629
2.1244044368129353,8.308919756469834
0.1668340229704203,9.245023891576375
0.5550141909704824,5.815306478743726
2.9716049287937896,7.152461940821102
1.5044608599377922,5.424183976511933
5.261319109714832,49.67115696179725
1.119861604289118,15.671352189100652
4.0775570584949845,5.732100576052735
1.1918791947588203,5.163657670990854
7.750252163249482,15.16340267463692
6.429487815956114,9.627015787711581
0.798379793659543,17.364073207218702
4.341774993788168,25.5612108485123
3.7626425449515937,12.316345857459737
0.4731679341212189,6.657260318796811
1.9578775530221473,17.193205489210776
0.15091814099192466,29.95436966301228
3.624463861567812,11.94441122290114
0.3836431996962597,14.165566950520823
0.1468941995253284,8.293572205441244
1.022381699368419,8.844022922326891
1.7203980947403656,15.613780163957482
3.8608980018072003,26.023320112857032
7.3180608459846885,12.932175324660058
1.157825356150812,17.47939012076697
0.1247019335291993,6.506411371982206
2.7655258402156275,6.905642196444522
1.665615234804042,11.074888823813332
1.18802082605084,6.5540603099711685
0.7400092928260784,13.062755353974474
1.3959115580954977,7.75857163271111
0.8270336863757307,17.543781555420118
2.8294853506014572,18.206678352960207
1.5700587498194682,9.98579726993436
4.188668160625366,6.5955200560387155
1.568525564298788,13.32519936920813
0.5443063141356865,44.454982860010354
3.808851645050697,12.795404228313291
1.6293601786061465,5.291442306839318
0.4634632422453631,5.139562106765324
1.9537159510659259,8.089559456692147
0.8854517929592023,6.743097192077426
3.7210054732068265,18.4153642769452
1.2077091900497103,19.904617490455244
2.5924785346665535,7.393922458571984
0.20082601100438124,8.151986157910457
1.0084427806146448,7.1560863859661685
8.177691791956768,24.121067956554867
3.305320252408288,10.587679500308717
0.34856583251041046,13.540096679552564
0.6508067843983545,9.295742810552845
0.800405384447725,12.975976803706606
2.1017342577680593,8.900198686178951
2.829344539975876,8.320226776406804
2.7688051737706485,13.051475855337817
1.4261857859147433,12.153535316239793
3.330118358396083,7.779773158056443
1.1492287019429555,6.2940215527616
0.2645057127050635,8.678230333265258
1.6622538955137736,9.291850668157426
6.085705817572022,12.925621798737815
3.150011633171352,24.676603011565398
1.7288232947284423,5.2948456114699205
2.0814736725683876,7.2341248575474175
5.3346428004731905,6.7225533570436
1.1184315164383212,10.581972471124521
0.8051210777407871,9.492753247528302
7.565638866184128,15.446202408203975
3.9820282935854125,7.220965929743594
0.7802967743897413,12.22104300179662
1.2464237367669755,22.223482864769807
1.0725539890577538,24.32403639305393
0.32291117520167456,30.511547365616014
6.3315861461597915,16.871650987740416
1.036077925641338,23.91465478534127
4.164155348659236,7.138131151000067
0.4198531326907676,6.760994354395562
1.5875746456271211,5.052073783044326
0.048506257859681934,14.816412861519582
2.889716328425004,27.176510920170735
1.7393577734504981,6.655557169619044
1.9648054256732868,13.105576137611147
0.10621278475495101,15.977861822451063
0.4740750801247452,26.005964935915294
0.15447684348887827,13.32713067572634
0.6819246884179719,33.13117789499391
1.9747090336001003,8.380969171693964
1.6702787440454265,8.445383792738474
1.8942723042164962,11.264794101387478
1.5936904749718515,8.869600061322336
0.6377368222814364,5.011413964841346
0.5607708420082451,15.527344059285683
0.29481949700362853,16.145489771512498
3.781889845155396,15.99412334847913
1.9167236714825142,8.385212767373686
0.4128457792093334,10.910002581097626
0.3901070422965687,8.569965805084042
4.1276971175999035,5.129330996121309
2.7152650386625594,11.612494994629726
2.154087618727381,6.056928105028376
1.0446634905170393,5.667412219508544
0.6075566883921935,16.268289288506956
7.769862946346745,5.076413398154815
3.1914603388369156,30.55511340130381
0.7184398540002508,10.793064405204142
3.7620313337140394,37.60407131541053
2.8453520289144034,5.477979419329727
0.7050259478651671,12.007518124387648
1.112179014999216,8.437984979266666
0.41147544444140643,19.836699266057654
0.23543407551933115,8.585595630483718
2.565758108755412,7.414113604526247
0.62261625147149,20.59028936434014
3.430256584385033,8.755589839008714
10.856265180545185,5.135812884029362
0.1594284534395306,8.958162959680287
1.2812427673495324,13.502616738378018
3.239608508654837,7.348094003686349
3.111328909533203,9.524896129421306
2.85420903084522,5.467095693369445
0.8584757138593083,12.095657416961414
1.2097351537316174,16.294371912856548
1.8075801698130558,9.26610458833759
7.294752201968527,9.361026775497574
0.7936469226700998,5.739400752902287
5.13164055384193,6.804580637250915
0.6276603972700036,6.344275750234292
9.033305224610672,10.257419640878098
2.2189239898514397,11.027519055907131
1.2454202315166525,28.798051506786948
1.9006799064753064,5.608411836257112
0.636368249791686,12.327685753775512
0.6408895319838118,10.980802049420898
0.24107136507794197,10.809216764647879
0.24219019881537307,21.518585688726656
0.8544147594924526,6.84072572354618
2.8781710515851864,5.333022505684319
1.8728397797019796,13.92455824451071
0.21647276139496816,8.386883804075357
3.8242848506757157,5.141971657602317
1.8394313154355413,7.3161260988362224
6.480994626603524,7.9607077402050965
2.2184496099472755,12.674387088679548
0.3851677422367451,6.515598845722479
1.2840845846091555,9.26258439513327
2.091077465792362,10.269586436544191
0.057343675584622035,9.918199179837499
0.030045079157424725,34.17906501609144
0.2771521929135881,5.3725766050195505
0.5798075707129464,29.12228748378855
1.1226564389418328,11.976989215849876
1.336676851905861,17.706411556471217
0.2970640755233116,9.502463672197301
2.2379866305987632,9.838715412277763
1.813364392597899,21.91733375550347
0.697595242889777,23.101877878093944
0.02750807610727281,7.181705408501635
0.1616565155399371,6.777570786267553
0.9941570180407756,10.485165877045382
0.33441120412885783,23.44287366859135
0.9458384907266346,8.113054918615475
1.9787048351318448,13.444758385524477
1.5847748285071737,14.852168722026349
0.5257861046595309,17.064972443173886
0.8426478680965113,11.639518311936015
1.9039974755606528,9.11940786045841
3.9444778512880636,32.29385875190306
2.798462880747621,12.560212500836126
1.6121839993197173,15.432266869089764
0.8997526922656005,8.384750831300371
0.9084220707688115,13.8680691153405
4.230839079043532,7.385067043899367
0.08006872631771463,7.24932724448427
8.842806751529201,15.034334743692332
2.1835240757169805,10.895032842971073
2.285991855845592,14.197811792917577
0.07747716038997787,7.511534798074081
1.8604206980643319,12.304833336087421
1.3263150397410972,9.694941254280582
0.2236044533187601,12.269761424663624
0.6512442551957651,7.749841093716668
4.420275399814875,15.054797444087631
1.596963908058,18.116264753781483
1.0668807583725952,7.407937807907038
0.15091779645198364,7.860494809633771
2.504376958907744,13.65768278477176
2.427041976302074,14.514911596218944
1.9040617746611417,14.741861223931027
1.4277720885576528,14.183222944545973
1.1375607169612518,8.991278096480793
1.7992167832087564,9.018279917640328
0.5315683860184014,7.353010320671879
5.669236843471409,6.3647285493119
1.7773245208137962,14.436254909739532
0.745586713281414,5.782567950647643
1.1945101616083376,27.21821024225447
3.2765472777479356,19.02121642323869
0.35255824400851526,20.587628483892047
0.69298428010661,23.972807827839986
2.275796069748094,9.20216861287707
0.7581017318157305,20.002905693151067
3.1452640894013904,6.3763845646945985
0.27956690572094495,5.175035302588339
2.8767436769938355,17.29289789837535
0.1415998239401259,5.6219338050214045
0.02534514316937574,40.7404442580054
4.569952462685379,13.986431378269959
1.7413885478061832,16.20151432850131
0.8671949683570778,7.256822457932623
0.5294802252277813,13.963560645993537
1.9188442364597038,5.35345386747914
1.4226311966383427,19.552669752562466
9.558517580664045,6.4870142460621185
8.17465686430261,14.561639288015044
2.015850464324511,7.033777225628231
1.1699151630512599,5.567270526688241
1.3511685078069908,10.25442447665942
2.294423059421274,6.483759681166651
0.2142230828077339,15.458209079571139
0.7960419902277596,7.169913009659663
0.15651179877448756,8.354150209888076
0.15238191600908874,11.704260023756854
0.4359121637946846,7.683426961980621
1.3281605115239628,8.798368645229637
3.0721362647230013,18.52612831232089
1.3291034753355182,6.57990243672119
0.8173704057885914,5.686220070896096
0.17188496674566875,8.184235988773393
1.5983292602726944,9.41841553366582
0.6329000925016315,11.258612900504584
1.908681985716966,8.727120125181925
7.5609142604226705,17.48181889208051
0.2360233469085136,5.320907029086385
0.47683267444315697,9.521797442012893
1.281468271431626,8.853448069390964
6.922774924113787,13.343418803838839
2.955151366538763,32.11642398664273
4.570063971528853,10.712930539895094
0.8120750892647647,39.66701759820425
9.666269122294887,7.8791483149515535
0.21702610618156043,5.250836721782053
0.1088551518110754,6.4489446578540575
3.870372491167671,9.021866106992428
5.241861590587928,8.042285215058362
0.18990827299195717,5.816741384639954
0.24078458379143153,9.534373580172517
0.06747380168159045,8.301316959997443
0.22076300535840426,6.046513573132758
0.46997638790782187,7.809146523013324
7.018230255830966,22.403113694122837
2.20439876263645,7.8768494922785095
3.015144222032453,15.012860940140783
2.9934635175365933,12.574970288361499
1.5317529752981738,9.457486216156553
3.1939219257400606,7.185244879980789
1.8117282189809711,8.683781696245756
0.7553480578541607,12.17400733780396
1.647013429213926,8.455539039464192
1.5250313285943224,6.935517105195088
3.4683369072198014,5.990574600003616
8.004685229723174,21.94658588571341
1.058802730420177,9.643020294070318
2.8826898604968347,12.851079456164218
0.21019444295252665,10.39319605465591
2.999655204950777,21.481286105076087
0.9285741184029083,11.333754802073408
0.08037389842861253,10.243442595666084
0.9027443273355042,25.679689116967836
1.8865159574427586,15.17486163430229
0.25396330429133884,5.946214426438254
5.154951778964766,6.565243298293697
0.16170963678354258,17.376320808080482
5.3187120783150075,19.455861469445757
2.4561042492641354,11.303018820799604
0.8000961398200181,11.467660308040573
0.9910543143871839,12.995921529911154
2.700382889053708,9.625926128217788
1.8399505272705357,14.120453902081785
2.2273072173027275,5.91863054734901
0.9858555551466964,31.011035598457557
1.3381328538736115,16.09531078513637
9.18401124825122,12.97944675200116
0.48140072446411986,8.042146526578755
1.0820755191595357,6.403932157115661
0.6901229628040197,9.21215792855159
2.89728877992933,13.667663360671309
2.8879539479423793,13.034633672982686
0.6918811310126265,8.85843862248209
0.16978793141150164,12.600567165267979
0.02299706427490836,18.445250163593283
1.1153122849396087,5.2130911372198625
1.0564101992743076,9.791734534500247
8.91175606051491,16.368916170771026
1.2690098001365164,11.319810787697676
0.59255345402204,13.432387494972973
4.437029157788311,10.816550840558653
1.350881535431002,43.50202810589022
1.8284638813327463,5.449359529404112
0.20111902991743744,10.40316259840713
0.9655015636119505,5.766948317473306
5.772811546696421,6.392785092206868
1.7807849326311258,8.863587306223987
0.8447196118011184,6.352464140118544
1.9652199718535943,31.524672362271588
4.8250474685479965,28.468037874207187
0.640384634467402,8.27710618393156
1.406866678215368,13.167605544657825
6.37333301416077,11.104323439731523
0.3784413460364787,18.524618926190143
2.543532259659799,12.898977903258142
1.906329643660675,5.00201989090049
2.2768391659705385,16.523449703554604
0.8653220670491585,15.990125274293584
0.7534036526233766,10.702273127482147
2.305353600277127,23.657674573410457
0.4855277674708104,24.12662850802914
1.0882641701172175,10.937215110572396
0.41694008659945403,12.49170733747622
0.01667903688584505,50.29054834526536
7.016943457593333,7.839927870040475
1.1302221440757898,8.139805603146996
6.97022007315093,6.614715851855102
0.3023982925734905,23.096686131528262
1.7703923329129108,15.915899438872708
0.44872366821693843,5.893200685429269
3.1220015922362636,37.03633121421678
3.062205527567508,15.503212485339988
0.23893499246615657,20.204854299380223
4.862302303807355,5.394789189798112
0.43290608355048205,10.624948543183827
1.8985440776031424,14.594490467385187
8.485729060881441,11.263640097145819
4.280873555358632,13.788437499399404
6.2729300878741645,18.624454983231956
0.8389214971994051,8.751547937008304
0.22314988659537086,20.106269157684103
0.4173644278869552,6.422647842082809
1.3882749217578283,7.527402048549689
3.1522933172133225,5.3545048168693
0.32539940739965806,8.625824223414439
2.156040723905828,8.823119329117905
0.7818751039576315,18.089154896968353
0.8346768527823585,13.470457131168308
2.168932022433857,9.591863842530188
1.258465531522027,13.44704302109203
3.3429808447967413,5.4338194994105375
0.33901247302976045,6.590257080392891
3.120802888314683,12.888296566637706
0.13278233497751235,13.20364154751491
0.4314767752999106,16.90253033822941
2.1350978658438615,9.126702095954482
3.8610179084751617,15.257034460483048
0.5825226145262283,14.215606628787175
0.7925893878563021,31.460209088656608
1.5405781086893395,6.93789974796965
0.4754304245514136,11.417976342100717
3.3336707735611766,12.365692758243217
2.9712276106397275,57.848681577263484
0.31399010369489583,6.796998604541892
1.2466070076696352,10.925567660006031
2.981779376148525,8.399450502421132
0.8229548853573629,10.970577424731577
2.0053690867444924,7.113064084087815
0.1030353158631211,5.390265292342503
1.8765040535347752,11.799632886881884
0.3312899267925925,8.274029997977234
3.550788133257923,6.60657047152613
0.8784040957091298,8.131735128231076
0.6613290835920033,5.404287188780676
3.67630612151115,29.036930413840512
0.10288981822793351,11.961899523321172
1.0103790705683977,18.489198910956627
0.924082159145436,9.40094305515695
0.6703871568050859,23.69034855333676
4.855261344418024,10.282624876449159
2.7800296952429733,11.825500714460102
0.1321154326703597,10.414946900475968
2.5083400619319582,15.57239576625281
1.4985850146256297,11.689788705569978
4.622603836767857,7.535227626747135
0.7506836605667359,6.258280320126584
1.7073925716230107,12.453761018841814
1.389317744143986,10.373903408364114
1.3449679110062132,5.807192278124944
1.2179996000210034,9.028383573918376
0.4604105421678243,10.785164069598254
2.8187978351160026,19.03077383458814
1.2005382127265696,5.633220648852555
6.364908194802483,8.427765939001564
0.6043963182855522,18.837316973408804
2.296091509073792,13.362633446576606
5.650868070720062,7.739452871878761
2.1780665664622694,19.93195664233945
4.100121357020819,10.438587979775718
3.514495340763391,10.518851070375614
0.8929420999945359,35.03582674500744
1.833201259472558,28.51731167386177
0.33982495332426704,8.55197635663625
1.5336988878148914,6.211972175968367
0.523825859385987,8.152246622245741
2.723100592018216,5.247660305099129
1.501800152505085,5.167892578617475
1.0594303690163147,9.027121829654664
0.6261285750496659,27.644430955590934
13.288447762969442,21.405734443864798
0.1488233122742333,10.730390325087631
0.08907586467265202,11.663438398734243
0.4899027465997235,5.047609359052365
7.08592229802478,6.941681441186146
7.749277986723944,5.200689361053804
2.1280028389135928,16.2369549921863
4.242305649773588,6.259275299448231
0.48149959848092233,21.263340650641876
7.154110526884942,13.247426814036624
0.3081326837599235,7.084880667308358
0.2132230138238456,6.373145239280972
0.23804356848376607,12.90282451830691
1.7025417935136338,23.487920954376143
3.0371333285970947,15.137011172927345
0.913518419333028,8.42839593146358
7.623992277594455,12.08189535782648
1.1398075398209258,7.9773455798484525
0.32609355115205385,61.55811732922076
1.2545943452924895,16.053294892651486
2.272859885374739,12.623256821124663
3.570272270077059,9.402897874162857
1.2278155846080208,12.701867323718037
1.8008683584795024,8.343736209047407
0.6221599270127091,5.234316984922144
2.076445185061417,9.021385196813263
8.533391902312843,26.329220697744084
0.10059510184678506,12.874438976381988
4.352445410111365,5.701524451074943
1.6523631203690345,22.30214093172408
0.5809684150350047,7.50536503324037
6.197289798115907,7.235272367571618
1.3207958902524444,7.820222370959786
0.8060070356382399,11.886890510803681
0.4005579690438555,11.29418068759039
0.5606244869757131,10.4089637635782
3.5777158646184213,15.113657817763414
1.9059613487107765,8.044670619723597
4.889348731236241,17.188449844133636
0.5278489375171797,6.54209505495639
0.25825608630971936,17.20889547837347
0.01221227106918614,13.72063292574221
1.4179923808962744,14.196086792147218
12.762424111165513,10.255345923742016
2.3746592722639166,13.796939133260198
0.7374794112086125,5.665288253617531
4.1888437051005365,20.260116820417814
3.043974035649281,5.457196818219637
0.031070430127660455,6.288315582791302
3.3950140304117298,11.879088643503817
0.7148554751149387,15.758500586118657
0.3242696879093221,5.634524001558209
0.5132218765846908,25.282678501491283
1.2644044836308466,34.07744830486495
1.1063111450086702,12.450223305861787
0.6818487034361955,10.25056473100619
0.3780116670562085,15.81962696607766
2.872909560313967,8.184230833580168
9.232418533081605,10.438127821889768
3.0082790211878083,24.829904293091637
0.701774784549208,29.926119244723736
0.5615690609958212,25.94594465239332
0.49094672246424376,7.435350204569771
0.29397463662318823,7.116611694836578
1.602937706425782,7.826752618705488
1.8597672560052851,9.65730009950585
2.444970620882222,8.016973784081053
2.280202579511015,8.749959159733741
0.6915641495766459,12.754092979448618
0.8018837230496166,16.501566203456704
2.288356884385843,15.641072665223017
0.8598669870883038,18.47430755591644
0.47809670356322953,5.261709672338403
0.9378840776941131,5.391285204722585
0.6351396770728405,17.461710193152832
0.18491648756621704,11.092758559839892
3.5455484962658526,11.904666965334727
3.836161457616317,5.432160154218088
0.49628256507470336,7.358338871697095
0.13393028499330167,13.136722313723164
2.6851478611102393,20.68228977724941
0.4753183548804617,24.909717257845266
0.9998883818801869,10.551892195044811
0.1325686263986542,11.308005386610382
0.5130635335693738,19.320469622124563
3.1491290234998544,11.17102532278044
3.2633307129823947,10.819566083427546
0.464078060280376,23.83810709510559
0.8186867731546678,17.482619389197566
0.28829143811292834,24.181544665714416
0.15413497501811727,6.969732121458723
9.700023503765685,10.945012588463992
2.131867886828994,19.78522300048194
1.562193671691788,5.942594739279945
2.9005865925122403,17.664789028136777
3.6661276562311476,6.616668849705822
3.2871765905940866,18.20702891090044
0.03335550616181767,12.57401884596371
0.4135758195145586,6.7177926725342845
2.1278728260007074,10.129816187393846
0.9424386487801204,14.163245775867939
8.089127042393168,13.037760929366138
2.1896676280350253,9.458408499090545
6.272238624065532,23.37016289719989
0.44990657992204314,10.859486385227177
3.989568946823068,10.639609371261576
0.7753062917880257,5.514180152987696
9.125142723588986,25.42072882877144
0.343211169896303,6.559525816569069
1.452745447789082,11.012054743099633
3.1485714466885337,18.019495474770764
1.133531256585773,6.941193206767592
1.2625396199931358,10.995595189003502
8.58888085337119,7.202707586958594
1.1078425908100231,16.40677055981285
1.8530463130493458,11.647166696512933
0.1121666770755367,20.502194858485346
3.6929815045403958,22.996754140504567
2.089203258510151,13.369680274986743
1.035096684242475,15.339263261106632
0.03260338695282645,11.374208679678095
1.791353439216397,8.881636424040021
0.025477242587043973,13.355673344750938
0.0024086776679675907,24.112870760939305
1.9147388632086357,9.312160082560574
0.41901653978066433,8.01980428830394
0.42610811800695064,8.933897626704958
2.1184268318074486,9.573068527074184
0.11038532766960502,5.611256847060216
0.7520229960251027,10.520285656703411
0.3237016046465956,10.454718769594468
1.7358411679723973,12.102478094718222
2.1680296325359287,8.605625092644255
2.5540610924248575,12.596869202669684
0.5893629341072585,21.844070743762863
0.1869731407828495,29.892915225749697
0.1639036477943123,12.00910624148964
1.1107798784271794,5.34819642824789
5.831788123584577,32.85128011962618
0.4911081898697558,14.78965152839433
0.5934230345146235,8.275347078800646
0.21269712301961374,6.273445012938834
1.8606285772847424,6.238447536589342
2.2780741863273772,6.468925449434664
2.059653643076166,5.373148938759126
3.948437570865653,23.5948991434661
1.3327216594272113,11.225602055892681
0.2887965408707951,14.630700180184446
0.6833056313278122,19.087134952708237
2.1719646080657418,17.544103441175007
1.8992916265160638,22.137730200203634
1.514318367568113,32.35194778130351
2.2974825350389247,9.625282034899147
2.0288594951823176,29.019713725457116
4.262731366270942,15.278280527478197
1.7638577301312517,5.586315482164347
3.0155807911706263,14.16017695918433
0.57191952886278,14.285178056370627
2.2675418542939547,23.903825855202538
4.649541129026424,8.733604020259435
0.9746489955737228,12.0341082330354
3.0201282490934287,5.098099425706561
2.5804365944170877,8.22863799828511
0.12274296965100488,5.5141215978344285
1.7421964899645699,10.90303067553186
0.27895946756134604,18.605746404439607
6.841933359539697,6.849836159872366
3.3363333811911455,10.996742148202742
0.23244705744542885,6.825335544676102
0.25965252483255,6.028928220243955
1.8051398626681368,10.72308983253854
0.845901715847896,5.659652998860748
0.07105925407342532,12.081333807412365
1.5602073341109488,5.254711875032985
0.9815398468140293,5.902796548754629
0.21311466838954232,11.388016867420095
3.2381725395571412,12.160293911627058
4.932015102956715,5.2353228042224345
2.826048353716226,11.814832502415857
3.456694151551747,19.586126184964375
0.4879443560642694,15.250177127486081
0.6118901975825654,6.125001474962069
0.4677203906761068,12.181217069349195
2.8968794439553114,13.924094274871353
5.909836389214815,5.30353584721879
2.523466611007501,20.4673770459433
4.265123785157047,23.938473619548674
2.0360882713294144,20.20111756299336
0.9809348655654427,18.926924977175233
1.109421327756708,15.930842132094801
0.1566181921897127,13.028570570573876
0.06392520030717487,14.081222817572558
2.3780081548715444,18.135494345191443
1.1540337469655504,13.689481606893025
1.60688444891209,8.17672565216921
1.6313585647021396,8.772340610205223
0.64973197821247,23.188675134591964
1.292116967385998,5.138162909574117
1.2726273652991302,14.600392929722922
0.9834426282771516,29.76929350129587
3.43711522999092,14.799615209986468
1.1999112275463912,45.81146980324724
1.8508876099987208,14.306356142574733
4.517521531289645,5.279738576362764
4.023320909574624,19.03616644369687
4.422241028436301,7.679642116163745
0.6294351786714912,9.725551143946973
0.0712180619535598,7.9928003894083925
0.6050955088002349,7.501856218943031
0.6534206467756379,9.516704887131997
4.801726533826558,8.80819226454447
2.095321682583615,13.026531384659085
0.1704709125100656,18.41964440496155
0.2909271022227138,7.820196016604806
0.3384382409701599,6.923550256527937
1.990785566788556,13.794386692449457
2.6591780703148644,13.877063933059537
3.9271451792454624,23.51169566122591
5.648153150894584,5.128593494075003
0.45055304242213706,20.34079474804261
0.7414680069131755,10.888473744065152
0.5497235581169114,12.76813168627055
0.8887078431868188,5.766551150359234
4.922343701919371,9.5337366001774
1.7118620170539098,7.062940155258079
2.6802869522341024,7.346650985501807
1.3471567538508218,10.610969072847244
0.05856498231035419,18.38993223984224
0.13269735375809175,15.893779670552236
1.5440476055784162,12.152320183239981
2.5373002511339964,11.202118322564933
0.4849854080893136,9.459230494558025
2.559617889544896,33.80987180368079
3.3284828628471264,11.57134616891565
1.061707979509642,7.343877098526752
2.7441457971712904,7.091861462614835
1.0351297308168648,12.560671052387505
2.2685864761668473,10.919018203862759
2.88782194230279,5.0618206717646625
9.638365679262565,19.1787316657228
0.8474516354558592,14.742474152062195
1.05879666939264,13.673635607000802
0.3621328322097837,5.5700834467831735
0.4564957585235783,8.596036311395718
2.364390026518101,26.914130433840473
4.9789282021281736,20.878244804180074
1.0037481231685912,7.68985902725473
0.39652251546673506,6.3668653925708965
0.6712238118959855,9.769440915653142
1.214128720054089,8.518345603168601
0.6868133710884342,14.171328209121915
0.5320475206407865,32.15412610768908
2.6634948457075582,8.607903197442575
0.015751709041795257,5.5139547885836375
1.549714840710129,23.23204300762671
3.15749549143367,5.309508593710322
0.6191146310493263,29.421113034745563
1.8491071033414144,13.73896076625914
2.210670306844189,27.735744790749017
2.1285648965917763,6.781746000630607
1.1806384212966008,5.332409709802769
0.8510641835867152,10.358726815068604
3.6148519779051553,9.791768997341435
2.841324100771551,8.221658593397393
0.7750200594713087,30.295517981588603
0.21744163127717245,18.834052094827506
0.14903236264820177,13.667788194708907
0.19804126142020598,6.422095341847603
1.7487116474659372,15.603804242240384
0.10608897119113778,15.386632851588681
0.8217400014126834,9.42803046419488
2.7983515582973464,25.699333558030215
0.6972666336673558,6.461560681774602
2.881991774336703,7.488561639006123
2.736649870984368,5.522491586422694
0.5642673403743166,17.69558015149893
2.609961022526442,12.777797929200293
2.7548804559783915,8.025994396207514
1.0131822892384166,6.431230402371174
0.4725094662424899,5.327807467852162
1.4732404006049544,6.459329949021882
5.086705785994821,9.83061591376236
2.0411743634353954,7.271400779278613
0.37971374653504125,7.397844815413345
2.2961739999941635,21.67250510532278
1.1144478968174718,10.791122329181754
1.790667725057969,15.452533446137327
2.6489994647017947,5.290913471278006
1.4469956807154059,8.635100529767595
3.363844901544646,10.218642664417475
2.5613879195535922,6.650457210312485
1.9094049127902553,6.024408447479895
0.3269041785291999,21.34048256557289
3.6151571999422205,27.431859371842457
5.494796106652902,5.656683056498127
0.29460035195963596,8.434195051932171
1.3398034416037428,30.415276485932488
0.5992090383360161,5.694593554322201
2.8091065497030403,13.254541405137918
2.557605614709015,33.667906349902914
0.30370525940085147,35.61545290995399
4.191585331533961,10.097512895091983
0.3992766135082961,6.421052013246518
3.191652206242102,6.806018759847829
1.2212195791763059,22.62926225772254
0.795804438642863,24.414581707572047
0.3445189301330388,12.489491643049737
0.3669186223340375,16.625506334369028
2.1687712665036547,15.77447412397782
1.598929143074484,13.673453649160235
0.26041196250927684,19.048526899999132
0.23913944765327738,14.251794726699329
0.15011654660434867,11.108596742597914
2.7233388957771165,7.163520459546968
2.4887709127021456,15.897127943160964
0.12041527309972494,10.13108755653495
1.6431890974042564,7.794096289114245
0.17695469525617727,17.95373560363751
4.681524730108743,14.54462165239421
4.752838310747188,27.160200170610533
2.3962000976117057,6.446820834046969
5.212492885290752,13.380067787556863
3.336816255217897,7.240245677688041
3.526793940392988,23.712580735358365
1.6865817674294707,5.838435711213796
0.7307372442737893,13.540672798708671
0.4912873707720273,17.526650096032085
0.7926144061608568,8.50702072815114
1.9803882273184694,29.656960979540845
0.37907071358869376,20.216024948592455
0.5985385217945808,7.792129630380245
1.262452399871948,5.060557364145843
0.5306675945018401,7.815286780801358
1.776590912879866,7.642606585910408
5.132477116111819,22.655625719587302
2.7573617603427443,32.31941235547721
2.195784780607738,5.58435126381832
1.7480027136890743,10.098594674495693
1.3386578387709394,11.35846303244982
0.4129757105250738,5.780123496482772
4.502082313150113,8.792063764397444
0.5714639556134405,8.051048770997845
0.19150008373087132,11.143937499384531
2.772710159756036,13.658547650157013
0.3862365466796682,14.725262754045547
0.9300990407978332,6.176454097183151
0.05738530719262838,18.41093625985779
0.29483863863655957,14.07910779318611
0.3803936850483318,22.591201849446183
0.11189268556672852,9.77304451304149
2.138050410290902,22.946214007598236
3.628105812664224,21.065849952738805
0.9346238107451204,9.615856350859591
4.152118164792212,8.839052481866325
0.4799350036804185,26.602086733110973
0.7872423214527591,15.04675425402747
0.3267727124569791,26.076020547517455
1.938113353943541,17.7554005261215
1.0890047147761748,12.518469782296073
1.9001260329925984,5.985053506880824
2.8682391872824256,7.7566235269717065
1.5780082901925727,32.749578484727614
1.975736496905994,8.078503895216617
5.474452867850422,5.783150971413859
0.7106782719376026,14.83578433879166
0.8899632185427464,15.594199718827843
2.529593704160606,7.688904876136662
1.889923269665159,7.8268377456206375
0.39332679304910567,10.062333953309281
0.9436820244345194,5.176238675513669
1.2616146987589067,17.459433386029986
1.0873514498135957,8.051123390964234
0.39269851303144315,20.3802190657726
5.165394229019515,17.981418202465207
2.87364967573973,13.663534510292862
1.3130744839054782,8.142857785724903
2.2792500296707066,10.810597114163503
4.551548906318484,9.707836548646105
0.2927681683039517,8.310582124847057
0.5763591942786046,20.078174404084645
1.5648367515164037,10.285549501325207
3.209003942044554,19.304837941340285
0.07385686738732439,5.889405565537584
8.272603175838269,6.216121719387116
1.2135962562864284,35.290282025329574
0.8901729617693639,12.089360828165276
0.6926698528408156,10.703039553877638
0.3831848963825019,10.924528144243375
3.1363415597332436,6.939312057045201
6.220678131208229,15.146780830100322
1.0676589053642762,5.708731895654097
6.090714752019974,11.81383730860787
3.4722440645715746,11.766076556244851
1.311899824367781,24.64481091783868
2.241876409815731,10.975469656045016
1.1418030935190455,6.1793059152562835
1.6361668157527416,11.803148683591324
0.11959839131303654,5.766165557014928
2.3831892968815573,6.82317700634557
0.10854206687697367,5.252821850842284
3.397466849456765,10.760753411245929
3.4853321816146496,5.706564329313545
0.5411970942705204,10.069889942270308
0.7821269653983819,26.617941020903686
1.3128992132257589,15.176911538250936
1.8159652148958034,5.644577292428612
0.6775400017991663,7.030985375320298
1.795361967982612,13.958583292792014
0.7070372129173751,23.00767626833913
0.11417953583686667,5.267780764122489
0.005061498957267019,18.389726693651888
0.21328057491845978,11.60089222502986
3.1428464309523463,11.318874065728739
6.510629066708612,30.325179954109167
1.1136211499383413,16.0153353399265
1.4376848003303624,20.183302022005716
0.31763550186603146,8.495591335464509
1.6016044429468135,11.466023162436418
0.31250053619146045,12.644529662712767
1.8894541343089957,8.103956175759023
5.413861683063521,11.756378172836431
0.43556225792830305,7.160365476027882
2.8926299342665747,6.238046499701586
0.04756601958647445,8.746859198951366
0.9415990640138391,15.754761412027765
0.2347503802919883,24.833351351838235
0.8691971161803285,9.89569469121971
0.3812000651565885,13.23620598991514
0.9345905686434471,5.869926499209542
1.0809304928493548,23.7859968950842
0.7150395236249554,11.725834498195542
2.137846501309179,17.125331239875504
5.022962525430266,17.656185272553202
1.0236368131745321,7.37088257269175
0.42723601855747484,11.026141139982098
0.6314026300258069,30.84753695767772
3.8483085953515928,5.751273287940672
1.6955813388559584,14.192087396223734
1.2139794545776794,31.217142407408808
0.3241832686825363,7.859997792428271
1.1946826411553424,20.81207204232724
0.652823634943772,26.703401967767427
5.735140012710339,15.997652775350062
4.3095393242177495,7.104730677744515
0.17526504916706184,8.251733502092323
1.4540429380196864,5.291729412554765
0.5099350739957473,19.244336209013323
1.0579014222214886,20.156249989045964
4.18867179998384,13.01283516924981
1.4994965248867191,8.477435998947668
0.8135778480441139,5.639370626535113
0.466105860126971,16.188801664643158
3.222127060134394,15.372395468713895
1.9590895718622736,24.498310796677888
1.2624696862504612,15.490445696309871
0.49048272340888105,19.114474786935936
0.8136712161000509,15.961938866030653
6.429938268787155,12.968890127274179
1.468313125296618,9.454487320846926
1.0239835443831797,23.591884354260806
1.4738723209143052,13.420746471944582
3.0190811386255967,9.064705950038569
0.8313610257843381,5.697277680056867
0.39374856200082003,7.747868454792842
1.7586456777691428,11.277307065859423
2.188468393912932,7.579683046419387
2.4945819550757844,7.00037115347835
4.273930994093623,10.995937523438577
0.9278017640983119,6.488905207084335
0.15669057337858613,17.891922670689716
6.356839808975042,10.298897917894863
1.1419013171346633,11.823950861889934
1.952386748899182,6.275561197551021
2.195057690379792,8.139321072644869
1.5815804771048534,9.222278073310086
0.4594743071636767,18.210952112478147
2.814162233971262,16.762958314650582
3.256751965036819,7.018287512459574
1.6102841368987908,12.660633548198962
1.3410545435510008,7.23196046205944
0.24193712015002494,40.549279990165054
0.1753722888238333,29.31310718766513
0.8297126726341896,11.62742428175776
0.7445814925423108,14.602571081535855
6.143346352030442,17.932924167925066
3.0614636640063684,15.212302674042514
2.1571740503088943,14.627215500608848
1.4581626511129901,30.466912765370633
0.36632589507174385,12.259760118420747
7.675378248985259,13.091466185863938
0.9401374971005749,20.138054657015438
0.22617077929341378,13.866655805860592
1.3616424987116087,15.56203440338399
4.142915182613259,7.134346803678069
4.365892037727818,8.712387800096664
0.02205296983260491,6.274792571302453
4.3483089073927985,10.63796049115873
0.6334919784049838,9.866440447559969
0.07950422569650517,51.91954129271061
3.764991817882463,12.557699694620094
3.988242274985451,17.350880322662213
1.8138250889432752,8.25190109479214
1.7086693221123754,19.24870875300061
3.3545800762960463,12.637861289810045
3.086453638309825,14.5519773242963
4.41646844531815,7.790003158270343
1.6092636994537453,11.363891747951012
6.862102785834764,13.041783767515374
11.117718670147603,12.11513956645208
0.24782896171110474,24.739084649637277
3.78816599645877,23.283673810614086
1.385583518453538,33.31927897325748
0.9806292997144508,13.807191352294096
1.899034901305267,33.57990944449982
0.1151852551019375,19.293124745989466
1.412307273038524,7.526810506516936
4.094189879703715,9.46104145816416
0.48022725430379704,7.178590975662855
1.111610745287585,5.033647949071029
5.609592116587483,6.666519851554379
1.1192050083672447,5.032550822824249
0.8874795506851594,15.179111347369302
1.1615545098729516,9.434519068795066
1.465659509422232,7.998417194243634
1.9992976394159028,16.474500527411415
3.2258158611459438,19.293543786714707
1.203333032595754,34.607466859041025
3.4018012923124017,13.218081914573055
1.5259407705795047,9.952172481090695
0.8264316661530634,7.913790366628782
2.1456015496518046,7.011502781949096
2.529727560989482,6.9154635529404835
1.6331124152706438,9.210077951383905
0.11656155943449935,43.415668146650894
0.3723769477662165,5.006832496356679
0.6717784317143446,6.757256063322291
0.6643148144656429,6.6699121955864795
2.2381655753927916,15.101845446849977
0.03703817258916722,8.476903191723732
2.8185674219783,9.889011020371056
0.616701680953996,6.28721254477389
0.7421906861496298,9.153511174171937
1.5011705383023775,5.87137757987963
0.48650273274521655,11.092149753288979
4.316472825093787,5.82457944154271
0.17846866492687333,17.50457236815985
1.1753498465747252,11.688785222664182
3.786551692193666,15.297904165340421
1.9134125681171787,9.337379899125619
0.6915534229715039,8.843552080265603
1.0920774764542085,5.8269789604054365
2.453080286163509,10.936272993618296
7.243245014783634,10.78064360229308
4.4724474381395165,10.050428967313064
0.8384166551543819,15.792554786957435
12.637582268338342,19.294385575295408
0.007021638501968683,16.11566448109004
0.05603727477448372,6.242624580988216
3.472731060925016,12.784148221756084
0.4449442706114143,5.6698629796904685
0.12538821880088385,14.489646933818195
0.5413826673650508,8.848051950888465
1.1106007643478755,6.137108512084735
2.6228656405888993,20.84696152448707
1.9581177836589592,12.615516107827897
0.5426235139759679,8.504629174310283
1.3994191243262148,5.249673266962972
5.213175391410591,11.165588442852037
3.3748829850749296,25.535101240546066
0.7807287549407763,12.258248185789832
8.064380915611864,33.50519660801638
2.4662567920567855,6.1736381932961795
0.128969003949066,11.720289607150058
0.0715874675617479,17.800854582463927
0.3688265634761671,10.96463603770378
2.6028469123149023,5.76386549084252
0.40604206273717175,11.99516573567655
1.4327774466792753,12.568597336004562
0.19579932363948033,15.436513195009633
5.073734847385826,16.45741695669843
0.8430689031428819,16.784329118847367
4.7748062610019595,13.711935154671584
5.796327179837301,6.9448436318226126
0.012295009116749609,9.143282029293768
1.2477467292917506,16.97351704331369
0.0499302136262308,29.53387158797238
4.7870505290812355,5.65790128047749
1.4613141021746956,11.134981485874953
0.15580203297789919,7.997806756957324
0.23368959050547145,7.043205036506933
0.9674231895074344,10.6386928277382
5.634643137460482,12.453049184624359
2.361223303881152,5.078562344337015
4.044140279016137,17.120537106271996
0.9128536928487337,18.71315052848592
0.08835042795965609,31.93687807814935
7.323901590438111,6.593890300379455
0.03464431336843203,12.222112299253613
5.899669839288761,9.449727819439932
0.9198766657623767,8.261675215885766
0.02028331645436641,11.670932155193078
2.336936125783253,17.200152563484988
7.878819651491639,5.1865812355443275
6.740893502438369,32.89407158931297
0.35093899858594,18.280865342583397
0.39994762484481805,16.12735885466116
1.667297800256012,16.42985401687605
2.0283850794501794,8.942061486601375
2.68967471347601,16.142381321719892
0.39946537443529934,8.912124397384229
6.388712150261575,23.31789031437881
2.0363105992438384,6.560554603179727
3.755248127807894,7.766416143162628
1.553343318035554,11.411875515472266
1.069816074396915,8.076023296236428
7.560490626337337,9.416476698616178
1.7451284988664968,10.424849948062118
4.032912193870283,20.523190449118463
6.127696617703635,10.925135333895266
2.250043704855112,8.601104170939832
1.5923039618288544,7.277345366930184
0.0070340568216037905,9.203129220642891
0.08168490766535334,10.801002256327147
0.44841627569862696,15.966986463580309
0.41161054315739115,6.032206986900791
0.5880946963413571,7.004212417497126
0.7274987827225037,8.819823341338578
0.8927788830757599,8.575278435729711
1.0913093145257686,8.977329225840675
0.20820336876146142,17.62046278679962
0.0865707438573508,8.134325086213952
2.2413750210312866,10.575606126665686
1.541503300625849,12.823351304933823
1.174492749762555,7.113584480656348
2.012649387284936,15.146537322262738
3.516797250978202,11.336871381075724
1.1161591189843543,9.736013030814684
2.0495314352143814,18.276761208001673
6.139714749223352,7.232371831991866
3.6604746251072093,22.176691989647885
1.1102545893773423,11.58693509257819
2.069680334987886,12.515960647109921
0.38977051377163796,21.63930693058497
1.6443360814158747,18.611666341913274
7.961491591613722,12.361628392187132
1.4609302894200793,16.19301732687062
5.252156227792772,9.543676871228417
1.0462516591889668,11.341579154533202
13.527010645009899,5.512640843055011
1.7312904618498497,5.753236460744107
0.08637665548411526,19.148660526683642
1.7674282991741133,5.492209297956495
0.6419888249544452,6.484847160738651
0.0660410977505814,17.71052257709553
3.439100563849385,5.009172861853847
0.6451810534386068,7.654792005197184
3.184655794781698,12.017303604053915
0.6799660166253475,12.239838170627738
0.4321530480449685,17.01015543872511
7.294367773758942,10.640563924249685
0.8977224749796648,10.69703966294535
1.8394743854223696,15.336913481056065
1.8831221733249957,10.523199074951998
1.6441144546510762,12.501975971298268
4.923061851252958,23.24455918499528
2.244423586743554,9.105975189667191
1.0341334650800327,8.890691193647129
3.9665236186267854,5.0284424358114395
0.39949599595144636,12.603461151636093
1.5715636191749833,5.2417927049958
6.013601485109144,10.611830172247497
1.9637803238487859,18.046673063119883
3.3961934784471235,11.38665850202526
2.1200954596193076,7.513699721510836
3.6573141427418956,17.34053271950892
5.782307801809326,7.5145852345780195
0.6374422844544229,15.565005259411295
0.37184265140520806,12.538171721286822
1.323261175898212,6.490600931616407
2.420400488108598,23.84230872109141
0.5154473556037743,6.791587831023948
0.00821976889403324,41.517658987762175
0.8399450142687739,5.058698729819613
6.938481545311784,7.446587786107331
2.3746736430542437,6.78375150522179
1.0260742812060737,5.11273792803791
0.42781293305289025,15.545136026524785
0.8803916150681006,14.458363773293481
0.37227228609471835,17.57524762442074
0.22478328867511513,7.373228733890192
4.744778856669376,9.700719879953809
12.106967901513563,13.609646120846891
0.3585271294726051,9.635241558074636
0.11213050074641939,14.56078561139796
0.800152628983852,13.04039434948538
1.238526852767648,5.974158003628388
0.45837668631302525,17.151043747582374
0.7174252136961697,15.203073329536567
0.4484651273751263,13.533058448919002
2.976747805085153,6.3482354753057875
2.493607124895715,7.495759309281115
2.015450201379362,8.99614544418187
0.9794916022452862,7.627250592397176
4.794691556509499,7.068200173437724
6.982192201048261,18.09273288473394
0.38144786649792506,13.134022700623213
0.5046623965203922,11.667961577669285
1.4915396763202728,7.0489784813595335
0.19137175315998198,25.015761232618395
1.1469927541300649,6.697461128339077
1.7435492090777331,17.676047811272966
1.476596945699969,32.2110191921848
0.8036691621424558,15.388985671882311
1.5637198892403088,44.534967796587814
6.3786803690348215,13.422638675940535
0.46138747547536235,6.961685430012139
2.1274443302665134,6.823434817261065
0.0887329838301584,8.139178332412168
0.1374495387478591,5.057244482307104
1.6051573839691111,14.158049105438646
0.221727216150551,7.50309964382247
0.04520052244503719,18.507123116352716
0.3763082608151739,8.559961631902837
1.6641251493145046,10.230742435918376
2.430343589287398,31.978294757244054
0.4524931317295604,7.218391955084127
2.2068041058420125,15.219637244922867
0.40295084769207007,16.255823653766562
1.9010265320041975,6.99793494346173
1.0619195236573018,10.561142750369559
2.121474437898684,8.448748949465193
10.61784782694367,16.82398817116122
5.55534613875186,12.79312418613415
0.008581901623938992,10.169850057052539
4.333291579768818,17.08990130498943
0.13760891099407474,7.144662602592581
6.117198727441798,16.207102818709657
0.6620859052652193,21.042056269728278
0.9626463660030249,21.870738512825174
0.1922250545846035,17.247734947987873
0.23818148690730329,9.19418060099836
2.594667249082068,37.054196726047216
5.776708076662627,8.819044819542476
1.8870592034967222,13.142721464367142
2.5165061317640345,6.405063911216423
2.870714979697606,36.47778926722538
0.6098308331530354,14.738786116168386
0.09256883727958702,16.199173080018127
0.0037489993929705617,5.5443183500029845
0.8635646243494639,16.53167698269282
0.5527306401305697,16.92341142532629
0.12868822684354764,13.912392024922292
0.3957517021238953,7.761468234390858
0.265917737707529,10.38189581925203
4.927348457735649,5.936175944360766
0.3022673026811702,10.103017838672278
1.5428595535576435,7.235847445895117
1.7984049188054245,8.435157029295908
1.5682869709516751,6.41963130481323
0.2086253168506901,7.091482992725876
0.7677938505003056,5.637270480081074
0.10526276258628489,25.195971873527416
1.0072694609668793,11.0471741637636
0.4179856221388208,9.043282123423651
1.6493955104720865,11.126245588215305
2.3605672036189214,12.917199873172798
1.5190862548303437,25.395949817856625
1.1391589602769903,6.574865976834491
0.9798688151820645,7.8027317553574385
3.6864226230663193,34.7676967675075
0.49530302863648545,8.71144707504445
2.6501602651169587,5.182560471520557
2.8333613671823277,6.278003230406544
1.086697655980066,5.213534231076576
0.7056521470636149,41.78011050424472
1.2718009329663944,7.615496241007161
0.19569743529750602,25.568188868795552
0.09403653748852796,48.94741215666964
0.23667357666495628,12.32715090795692
0.4144051516604883,5.270078549477204
1.4030718168656613,5.680905121629663
3.782761454106339,10.25589617067935
0.5374388950632528,9.169324684664907
5.4717271869917,12.454835885165858
6.1980968245282675,9.622105010506493
6.383718407572451,26.75412478621951
3.63492682259825,11.121266225587853
0.9045633207756697,14.466202828198432
0.15092158191450694,23.14433106472187
1.6824534026957112,6.270764308708064
1.6359766299106713,7.088161747649721
3.793916890662803,5.908204835401576
11.038452306671918,6.203220096751334
1.4191926847895218,10.749097945954542
0.846863179286112,8.099185525192592
0.4113483455902255,9.401700847367238
0.009622761939351973,37.35978821161537
1.4230854618612856,6.363501344863045
1.6216944394829438,11.22636576722763
3.4852356458702323,5.8328562354993885
1.404686542134691,8.06762894498128
4.965059322116163,10.998179187786079
1.9781716985517581,28.444313628242963
3.6693703277125893,8.97049463279674
0.3210459274274279,5.536871716219338
3.8666847352474236,8.93029468103117
2.248745647399105,6.2601684669098905
0.3732207591728149,7.090810199947978
0.4208583407755075,12.700575455488522
5.220956590338345,5.558435887801076
0.06549139252393438,9.99977857510136
1.2417830637526415,12.521831545994225
0.752226120305109,9.383491555298964
2.1877118761080774,5.154493003948007
3.6605356292120623,38.87953984180198
0.8937561843209514,8.659742082861476
1.1133973991854405,17.06144979173907
8.025652785773515,8.152006506114885
3.064180833436427,10.155111479860869
4.550020221859745,8.934246956390057
1.1552212283045409,8.354961450908956
0.5333451943965835,5.176749235582188
1.0615923126288724,8.570558548489933
2.5182094950892293,22.621193420057846
0.23178805279764286,14.379620970622097
0.6307071236717124,6.257188035423347
0.09551678422799818,12.155353433438005
1.1324925262507624,22.82211145510502
3.5140870358950633,14.632690245175853
0.049945864763508666,6.287778818935708
2.2498521191156224,21.189481573741382
5.3911331293126645,7.871064907370014
0.5408054126199079,9.842206171279823
2.3659551150555984,10.974793467439119
7.385927655663751,20.20402450855985
6.5550267899598635,26.459936308319513
0.5355737826140039,26.234507224146416
0.21145684045742544,5.06388787629304
0.3210008487974156,25.396942410553542
2.4215629850671863,5.447374788688118
2.5874950859755286,7.471503427561407
2.243167620384954,10.788650772479293
0.8191823806065535,10.23026857484751
0.37212173403640764,12.425080678567673
1.738628670565908,10.222896714572133
1.3220588280305798,26.790471316395497
2.6100492841226246,7.2012742023567515
1.1645003225929496,7.561914228503518
0.8269129927856638,25.279965174466117
0.6948035102156016,5.63875093867425
0.4751704645197225,12.523864606006914
0.6178015470423722,14.158991210613634
0.19926598487743838,10.634340051707566
0.8519184022657607,14.479425905738951
0.07451050159591797,6.517231587271198
0.4126069080338356,20.31859198927316
2.746917736225625,6.20682209325885
0.7874752552661352,9.097444921695963
2.2066689431530975,5.62592054524345
2.5237983831212056,11.30337501727421
1.7406536046926038,13.86314112405628
6.373676184042737,27.671851484663538
0.04334607876472648,15.756190470907583
2.683809831568993,11.231434503334057
6.37798579791344,26.578902185715194
3.9649451764821286,10.207399167537037
0.3675877405634909,11.589795470013753
0.7914859617860964,12.252674489089319
0.37857594775877995,9.220787038149112
1.8391340050583898,19.585143703229743
2.4908954543281423,6.63826451943468
0.7627368661936466,11.474611450426153
1.5509133982835193,15.247788548199306
2.3483139606630714,23.745271269553797
1.0940797526273012,22.22769484949046
3.848510071828811,10.68625879144566
2.9528752554132227,13.243774749205974
0.13370221308739433,9.010141389822703
1.9410994660454077,10.051567889841671
0.5366101850814564,23.938336659473062
1.6307121829405435,26.354943970172016
6.2879283309029645,23.0619690778388
4.224954598081695,6.191442680145988
1.0367628713594543,20.181442272227002
0.6892495603235254,28.708247729788056
0.5342058840342503,8.585933274413463
1.520775475450132,10.84922331277635
0.24263757797388882,17.080189537273867
1.5937957991751872,11.60571824631042
0.002669059158794543,45.26736950373203
0.7826795759002777,9.866234148841762
0.4967542996130042,15.012505422064256
7.096065067917202,17.584506125311513
2.5983429908705586,10.451336636031954
0.8604995947963111,20.558379266884526
0.19488409160068815,11.319989185553485
1.454651726192393,9.243476994974412
0.4801925841763299,5.912731927067166
1.5375938019869169,8.999264520297386
3.608016611894396,15.59216085400359
1.9131452867257361,25.335515829949273
2.009088047869606,7.319390306939928
1.5575421206851516,8.51096137612338
5.241882555104553,6.337518513433849
5.373634970816719,14.388140972183939
1.4378458834896028,30.788781645356348
0.7298736364030667,13.194398456039549
1.2308432556207047,12.679361016129999
0.4129610875768013,11.450346614793446
2.0230955604294536,5.740921035770038
1.3866637383566094,15.459978612483779
0.2180689077634643,12.371422101807301
0.44041518372739946,13.665300474507847
1.3064378824459675,23.32612914425915
4.371186797955912,17.258362771123508
1.6712228566543088,17.146373180466924
2.288485401545562,25.95853114940994
0.8280892636178883,41.7894911803782
1.6945155565874295,11.964474918201036
1.1861687073122127,5.922223951440525
2.152507699445374,9.916609233987337
0.10379867404966764,17.394315098260908
1.3596731865194143,5.224935413988072
0.7019328944623793,5.4685571039695136
0.7895995548009331,5.556153643092046
6.484157462594647,15.505414710438941
0.4034854152405372,10.563865311778198
0.7457400514618466,8.682301534670252
1.426261357406498,5.892969876193892
3.975942148648847,15.541321252163034
1.0780047153500907,8.097306623345139
2.7241034527822774,7.46660630921626
3.8810865281696323,13.451763727828673
0.7421747715228291,11.549880828851332
0.99763002669123,8.600486736542289
0.8818412549243245,13.206333364918196
3.577796835299374,7.531083695925103
0.09072051615885128,17.671341202129078
0.7375560368995469,7.083845399492218
2.2751754631987926,6.383765180768758
1.6668586144155488,17.20222312185683
1.1464284150630237,14.845054297389316
1.5528324926269772,6.6133951321678515
0.44025766486914697,5.988610046194773
1.1267538800451502,19.581003938867216
1.3931179248540748,16.9902767861118
4.629095157229974,8.171139599758455
0.6044686570288269,13.58817540457236
4.047309947272686,6.060576528982962
2.067005740692852,10.658742248869935
0.041101109226100496,5.151263404502378
2.5792889720301577,8.97540648151055
0.07239847014004436,5.622333065370626
11.890022270657596,10.157099190799748
4.121423099548973,9.381046223552456
0.7057749581522403,9.70143774855666
0.5952257203216282,5.371127294631609
0.9607256647168776,8.590526643361049
0.8806316988056956,16.30057608421877
0.9315063692280537,8.682509805858407
0.7662623924338843,15.04695698630053
1.9411422656529584,8.689667031348
0.35888420573614555,9.402624601494084
3.7413624126460516,11.638924948831379
3.3469129672055384,29.075718973389467
1.2943723450014781,5.922033905911709
3.8309748129535595,5.267740907368243
0.5677654516510746,12.491073761455304
0.03544311807936528,28.82268132068122
1.9310035756187724,41.62287830891172
1.224644291376478,10.295734984566666
1.674795275487175,10.050121796026476
4.5920018131684595,13.284283523800134
7.008160176980133,11.48886748646143
2.0127215988146463,13.042900552819054
2.8883181038500685,21.571750502543924
0.1750596048515665,15.973017045727874
0.3504112739642504,10.495371075870434
2.6425479493434407,9.95715852485367
1.1290346591339118,13.164364838799562
1.1810558107980045,9.866130075876958
0.738095723637503,9.89665807519768
1.8697058134358842,5.131522448488604
0.40953939192453415,6.529905253350426
1.971904864564781,10.36347488483505
0.38183404148370526,18.83719681634205
0.13190791884314096,7.613900655308445
0.8020231457660949,10.915932381649995
0.5256936509882778,8.384497273267515
4.396299504371016,5.885700628676793
0.11304219507183126,30.417742189215836
0.3886595981898555,20.4301991317767
1.5913328311094386,5.653954248276347
1.3119617326621087,15.17764949918607
0.09387300511119845,8.41653284855535
0.014557709441151777,47.14976881022918
8.85705309641439,7.880858276678616
2.15077633894193,7.182226252540854
0.9095401218569834,11.712610899393592
1.2713883336320873,19.42059779103849
0.6199920285561943,6.710684758664771
0.845854730517824,14.886536471426425
2.0941915018312467,5.506983115472817
4.287948159673737,25.10000646442203
0.407000557451146,5.676405433216319
3.669686857443055,24.64881624821301
0.2592076700715236,10.399429194766707
0.48412330998393754,9.754978445933952
0.07576781329803636,33.9868551884896
0.30353472259400305,42.15476304633705
4.98514742461527,13.402649482922833
1.230294642136757,6.0876510269103745
0.161695430396764,10.64451299220669
6.424139976357333,11.02594825173451
4.223802326326928,10.779725229132751
2.81040414822674,11.742311977219053
5.42028854270204,5.151217926688248
0.49725459442769915,14.936922730808963
3.620286353777449,14.969318727430595
2.3423091660982163,5.981588754549996
4.0767412296513035,11.756216546290593
3.1882275161333387,11.721328887144324
0.8508103830230884,14.176970527679822
2.9779705490533384,5.7141275552121265
0.6088598846668122,12.878769033951261
0.7967570438434902,7.636391909994234
0.22836690761453352,10.658017366984005
5.469094823400495,16.873852964608528
0.6878089926525137,14.783775505149755
1.470533638193321,6.012700616109862
0.9929673803501252,12.155936218180056
6.4341609042047585,32.820273761065906
0.816084364641897,6.364118846456677
3.0150791592453827,20.33352668461724
3.867791389879267,14.700021458915414
1.1440071425227831,16.897879509680287
0.9501829068504536,7.649821371415024
2.7546361054412993,7.716171053396597
4.881304491716621,23.91733995584249
2.8124369334579877,8.568197497655849
0.5152794360074154,5.520707379023031
4.38401586929465,12.342268836823676
0.9806793600876993,6.066584288754864
1.7171260713858825,17.740498533743185
3.5608750416306316,13.212114256878257
0.41748244757440994,21.618047788355682
3.0696828077018923,17.290884475699563
1.8134868947173808,5.951292212345935
4.476248934048103,8.838113529793457
0.37741275734000246,16.91761871516818
1.0918082771026487,9.321231853352511
3.5776446880148303,33.70951788877714
0.038838076803405765,15.646588115701586
0.23802065216123905,5.124970370253209
9.326703300298561,21.96115445052181
0.6581033743059521,5.850040968859908
7.421693453004079,6.211456454751588
0.40308594292307764,15.608894526207017
0.8959972673227365,21.017981076412347
2.7956770344648763,11.148996153521946
2.144593639369535,7.7292223960777795
1.7403530513444023,8.462471062014245
1.5096161754405013,8.359222612639197
3.7086375794606927,8.16425410603975
0.5356244185793974,7.226181670253153
1.1684812562340388,12.509662922555108
0.33790810383202735,23.453172120520303
1.812391692892988,7.934753672497781
0.5768164701449524,6.653185777829535
0.8124569918591895,19.589849266532568
1.2744818078778661,15.831649949955672
0.05427088844235833,26.37031758196025
0.19288510041335888,6.447569486210659
2.3162738134360685,6.246228297635568
1.1206269950676095,11.237128050796567
4.001855591004875,12.624335993531599
2.372737364625877,10.234080520654828
0.01626786513518274,12.309685231594013
1.917938954258198,6.591313430219385
0.19682467838952267,10.22547170142282
3.0367569611837752,13.585721796585574
9.537188056298067,9.535027064284709
1.5151529374244284,14.101669578362433
2.2963163278535204,9.800042515944263
0.5418181535591562,8.246916473132181
1.1510758533523004,7.894706548088875
3.8772084561274207,9.233302604826745
0.3664590123015073,5.186882909419522
0.6172275210639763,13.833626437186204
1.1791377351943282,19.92009559310604
2.491318760561491,8.503415848795314
0.9428379160484717,5.3770107363060715
5.2547554390851055,39.60553178550917
0.1984411436535868,7.448922122119906
0.926625558122567,6.083086572153204
2.4685487455752124,8.693141538019953
0.5123326138200542,15.732313183107792
2.136630629901871,7.784175310002707
0.3587724379782519,11.83974408053903
0.11521645674860259,9.296809165279866
0.25797652343387534,6.002365410530654
5.318085353518272,8.20724828184478
1.6048122724937155,15.324107230689522
3.1826634021590814,12.574079872623887
0.8088947550584833,6.02065249740087
1.7962074841403974,6.42653183593033
1.3662041389119524,13.1895234755875
5.8278607293731115,18.4309648016171
2.7532793245893497,8.439798199758492
2.6226901770347557,12.237086359155434
0.09492395900662332,6.496842296887562
1.5955477932677313,7.984482916830766
1.2584356419790315,5.163827723278648
5.257801629121648,16.697664363357298
0.5950392408541606,9.10008059689622
0.6289652493689967,18.548017758954927
1.0598342541386678,14.858237415225993
0.5577610754446716,19.116778540825525
0.2766489629946446,7.69115501654706
3.895631780765822,6.637604689674379
1.634142427020293,33.57750362152332
3.9517884907968424,15.107738485865285
3.557308621196946,19.368177192900745
0.6626894032632961,5.1057630326783405
1.5869847848078726,8.501364905093418
0.17377048495908776,15.86372945683458
4.936143526840208,5.649531490257277
1.035911012371132,11.702423328314056
1.0006821712176794,9.483948128578744
0.7212379101513352,5.142188196816617
1.2348321046567676,7.153244185643337
0.5800613539856581,7.68145483372963
0.9395345873001598,5.9490066427815185
3.2183463808009587,12.98731787594572
3.594615709202403,7.220775470851164
0.7253356670475499,7.601626160578281
1.2660408685835043,23.280995231490728
4.140088094037587,10.035718597014913
0.10822258945679777,8.982329498177933
4.399063790219745,15.295098159284219
0.4948323899418608,24.229309148943027
2.269759617481477,5.202840612916772
1.7471891320674007,9.757120155030591
1.6101282775333279,12.548912213010492
3.923106886236743,8.068412954059564
0.21421773881954317,16.84159604632632
0.852442136860251,33.45637570612577
1.5454752152162212,27.97783930682624
3.3350755215269987,7.473779698718824
0.4878231516124453,7.052964425379145
3.2483909569785254,30.264227426937662
1.02044655207408,9.909196170174178
0.41876202312040495,6.868558966611451
2.8458041667084735,14.820578455861202
0.19059794297828173,7.677298631663856
1.4462537239082167,7.487572569702086
0.13201420352082743,21.91220049327358
0.8814112137609648,6.418472992819512
1.8379727186628838,5.532477642016364
1.6243819579800949,7.508775199017148
1.037229822990664,12.470454225022982
1.1209002506986114,6.050787732368054
0.5143563099338081,10.10313298910705
1.2171804506228165,12.896648394368079
6.126089788656298,20.109881491079577
3.800288009039433,7.089563331196402
0.31385241727060803,18.601307173122727
0.060466481128994706,7.142055345546935
5.421838005862813,14.035043474409376
1.496261920757681,9.506410570174872
1.5436788347068222,5.974460165756577
3.03479337338129,15.021480731234703
0.7557649820561537,6.964776221265554
1.3152032282007609,6.55473296327061
6.925905998731295,8.5493608469956
2.2303901743881567,13.474138314205238
0.33386916832458313,7.132548098984283
0.2859557362149944,6.6234098328903865
0.45697751887232807,5.0800279538945095
2.910960283174173,10.103866169359872
0.7001847528484748,9.477964341238176
0.04324180593302966,7.131203725667621
5.7710441594411765,5.441160689523738
0.3719687126710025,9.486514291124612
0.01920831757436302,17.417095821600853
0.5413394855238793,15.050052188028456
0.5358341521668366,20.774454567848025
1.0963809897183907,5.077031176870534
5.061226898632165,32.15043425786344
4.2269882969057,8.341260106104883
1.220903576362598,42.16610106482158
1.058318338355313,7.3294464000233255
1.6194028321379559,10.102250613684417
0.5579839141631757,8.494750605602643
0.10719186994854259,8.517480490571712
5.601125090652312,19.775578214875765
0.4133079713143917,15.976573941718994
0.4422929167792413,43.779396766054916
1.2790624209913237,12.605291204768665
1.3530259774276028,9.977881173707868
0.03721247430224039,5.7551348067124355
0.320231260118191,50.38157233709591
0.9501282433266001,11.415319562115116
2.302322385231506,14.644525102766291
0.5186258368878679,9.177012410958852
1.0998760992032208,11.347554661278094
1.6299294791671324,27.85858483817045
4.389121161076854,6.4561994104884
0.7892595528006481,7.766700582880651
0.28672082972231316,6.319560634970507
1.3438371248564882,17.570045899490772
2.746532013275674,5.51242866551151
0.23275250464911282,5.6812537276544415
1.1056698808074221,7.836207897236969
0.035890394950430185,10.77547146884373
0.06827043031935717,9.170709550953315
1.3192444039958129,5.366812897199864
0.7082059319115,30.264420675577558
3.7300453068550374,29.438682888802166
1.84338210541915,7.620883766792467
1.2100270601673404,15.51999816765569
1.0482789590808144,11.912915435904772
1.3753065203897512,7.168977656324698
0.08255842975215143,7.43235149070351
4.465994117155702,10.404865916546658
12.75797013419862,9.347299376007017
0.40053230425627895,7.7537860627902
0.25653730695044324,18.181754940920484
0.30998281432565156,10.253949882644855
2.16366998517558,13.510164480206438
2.1661128525516133,6.678596159432896
3.7667519003647194,11.100109474992728
2.787253462134388,8.061524029134747
1.1945458592721736,10.97936747192121
1.8979138261029924,17.143108672044395
2.331329825386294,16.71969540105993
1.4379003469583125,8.498379523397245
1.2911955123478944,14.480609589718767
2.071824043910686,27.68115491182718
1.6305145994979184,12.860925820859107
2.0653249951956605,6.285201868151617
1.897910790537208,14.10819331175765
2.5402007160450033,5.886597884149369
2.058938506096818,21.452703647875875
1.4668656646973093,10.81628772008638
2.2901302840473075,8.890895015155229
1.1937911251332243,5.469567917111825
0.5532764971096631,8.834405509024265
0.0028384535198940374,23.681417363998037
1.6417981432600082,5.16965014521028
1.7863950226184102,10.149496521633832
7.154602083261908,26.407540629278657
0.8971993431564596,9.018112361392994
1.0021903794846763,9.471387845553249
0.45079112373049696,11.91262393123712
0.14629073787478608,9.97312395226139
2.9638887345005998,6.477170290960689
0.574513830592655,5.149838822206756
1.8776088528419885,12.529005825368227
2.3280498109230923,25.286897223288573
1.2744287424791816,5.899655155340479
4.1806347478740875,6.895432280241878
1.1732361234967092,8.6991983133661
0.670689889024518,18.23306539625331
4.527027300454806,7.509583941904227
3.9546984146260193,22.100254512352684
0.3583489012466667,5.452206203136371
0.05260790783313865,27.63586297862647
0.18858961490785697,11.581439195212162
0.6752785506427683,13.60176835915175
7.169745434205261,8.666997949242312
1.6352276932163583,17.18587202627674
0.934452521906057,6.457608513238172
4.391341273684201,5.401188022689952
1.2071114850055138,9.02705310096346
0.7573697280829922,20.376533402307118
5.667891201533819,16.249587896389414
3.7878191700464465,10.824492781972278
3.711551458904048,11.791631794984543
1.436047066564876,6.1131110940655695
3.1159540529284295,19.694799918536837
0.39532532646374907,17.37019079460826
1.7029871019287066,13.54785585180941
8.251165611829219,10.021737999701012
0.6876822460468377,31.69660694257064
3.1631818212821217,21.897831989475623
1.348566093720597,13.27227625048123
0.08123920338547916,8.719186240758775
2.879553977040344,12.699143945856786
0.3692142800420619,11.853632982371101
1.9964856778845015,9.010197540174614
0.17911474485871662,7.930039448791675
5.869929112035855,9.180632636307397
0.6898425429128981,11.824863898217327
0.5135679250698704,9.470816463167072
0.2765398413392134,7.4475774902533765
5.83762370126509,16.449106053243693
2.4889212541068955,11.065198406005104
2.706964344588921,5.560591901679817
1.3839140237045475,8.674934482550727
1.287677293041388,22.296567101255746
0.2331153701411169,16.25970374590127
1.6412389417349516,8.12358878633726
0.5671583221218273,27.268634648269874
7.557199857374664,5.63756734826589
3.1849741857020972,31.001838902442728
1.0654338663373293,7.2557749073409195
0.32819625435221356,5.073086278330772
3.0773223832010905,9.550576801481846
0.2603398507115375,8.557437532735726
0.4197976857168142,11.196402595910136
0.4752977883062949,17.747448096067274
1.627877346405516,19.78312452621835
3.093458259654814,9.103021817948894
0.7546735270389326,9.494786637514586
0.17694084016986403,6.28301902069348
1.249252437967756,5.389721250462509
2.757527504213574,13.20025542779737
0.5011935396576926,5.532859684055284
0.49672926138801676,15.588964202066167
5.883512201785018,11.196422379631956
6.164922745975848,6.7709907276667725
9.305725638261253,11.203937980591299
3.2969771364736182,6.616907114154941
0.41696354773142563,9.62052837864741
0.4764674772737281,17.857935253055793
0.8317135544863402,9.95797374258543
0.7658399349823312,6.287919082514252
6.271264908555677,15.293871102383486
3.1124956735242426,6.653914873281806
2.5747725388603864,15.73209390268804
0.41149946942077154,10.221453158863891
4.805375784117079,9.837307570879307
3.519014956932008,20.25386368711941
0.3573966763572905,14.864563838445859
4.09852829983719,5.267716324644822
0.6355886221862305,7.80979647561359
0.16865486398630614,21.378624252031276
2.13901381830283,5.147969383963771
2.1215041899594635,11.304120319829533
0.1994904211046818,15.410499966675266
0.767950776966353,12.779843436712877
9.871369839197554,16.434690613776063
2.269059329837298,15.348025324235783
2.619223507139882,14.422041284503516
0.4788438704069243,18.787120105662417
0.16411729714369533,13.300679435726744
0.6484201812102945,9.118916745554072
0.5724286607399154,10.107894958216304
0.5345673518535323,15.090690836409683
0.42825444639542426,21.71955796037236
1.7101828594028343,7.5420386125113845
0.7953018644457828,8.349336525362698
3.4334340353449764,26.359032196129093
0.4065529743632159,11.911707833425645
1.2495834222502888,6.577485302867372
0.027503925394849152,13.71789764578894
1.3143338951733663,42.475573632208096
0.11491550265936532,18.873370771134745
7.608447001584993,15.955219068050763
3.1269427824701137,6.866022366437168
1.3471263175926451,21.70881316073398
0.181135075855587,10.968820629677731
1.7951609352649667,22.606730467824786
2.8439570762309274,8.201765028807014
0.4232138422738281,5.512478068590301
1.6796241548183697,10.16974187501065
3.36628622170115,7.515906483411811
2.9241729702759858,15.048567584389652
3.2490220652483006,30.192289695536594
4.22928248971267,14.394642818815546
5.5510132193747745,22.43826350637718
1.0401402967032651,9.826803024595717
1.6822232146457479,16.814681408854668
3.127586581033483,19.814289428894952
2.388968024259301,14.927186632507091
10.816366371447206,10.67059195459149
0.02754410390151275,12.865132399615481
0.8774230377821016,14.64531375647039
0.6598655248936708,7.334424718560326
0.6084790544917853,18.26815391032639
0.5034198822544516,29.01795367685132
2.469715344405921,10.007487602048418
0.17713675502744233,14.660291388110455
2.7065613894906093,15.685598022079459
2.364591203728062,13.683536327550838
0.5775096486244437,11.336938304474188
0.5829352122102323,22.072733282579232
1.9823550124400404,9.767099717150078
2.872407588937773,5.504395604847768
4.182795272958401,19.89177726296662
3.8229728982760807,13.966403619069537
6.698139538169308,20.13751735112355
1.741606771715063,6.1930823528984575
4.786235754979675,5.2498858898778975
3.3058735696568737,26.790332435197257
4.5012688913867995,6.278799305125103
0.023389437423222567,18.271224381721304
6.757091273084382,18.86233891530526
1.2831224768124772,14.86735574458784
3.200787762261398,6.125711505089285
0.272107128311295,13.806484614530953
1.0081671246312607,22.59204329618591
0.6334273151577127,9.434482124355316
0.6896586776515478,9.268890788159528
0.2630795999268784,9.67948552031049
3.2773610045450856,5.686832875503796
0.018570579537818814,22.80688664132176
0.7494027738118682,21.271638713733562
0.38331530941020076,54.362134107116
1.7785136299605668,12.039345287764164
0.5867361546701377,16.128578425064077
0.5995051360622793,6.811912192455729
1.3401826192367923,13.809616751946342
2.1150695202026526,13.392473011129454
0.2586341810015527,23.517968780696506
0.38598405454722373,19.21304658807643
0.5678442852958722,27.30538343612777
7.280042517314363,21.250300498571935
1.012182032602597,21.241792011290098
1.8275382806751401,5.526754040307748
0.5529378514201448,19.964445173336287
1.3484919783112175,12.481309579381703
0.15401950131850517,8.830023325562927
0.07072001407657807,5.465395315519925
1.2649831017763682,14.057528995687433
1.01718719158425,8.182377660396407
0.29440383626012095,10.0455305880899
2.3269508700741963,14.158802312827596
9.896304583599722,24.422878200868784
1.0071930376381852,18.963752700103303
1.9593059484240427,9.791386238579369
6.592374742530471,8.925349930620005
3.5620542046900807,7.1931765630417654
1.2455721247624807,8.72715906876062
2.6749282771049994,5.94168179208481
0.2742414594764771,33.35283442309568
1.43530542870287,11.824977263729522
0.6543994947667175,6.093945780101486
0.351479380705415,8.480873586419579
1.1112307723371349,11.33559653593011
0.28085780468434884,11.089449294990239
2.401191081907428,5.289191514818273
1.2184947739197922,29.10156826021268
1.514921886191146,7.5768155181965104
0.31652878265477224,5.130536569769344
0.30111482923963734,5.636190815988519
1.7513316027880805,11.943717846112454
8.400710288847648,6.186009786766643
0.2024063017246352,5.3409621573651185
0.6729924738026223,8.819468070635438
4.072137636095513,12.799014800043246
0.1500334116347392,5.948825218455541
4.173105071823893,8.007186355748706
1.485876821431502,9.32698958909867
1.0493987545911099,6.389686823072765
0.7412016766078788,10.642954920176754
0.7051301111605616,5.7125217267121045
0.7299977911961457,5.3810820199924185
4.322224551048258,10.869009990341379
2.5732255373894968,7.279055680767104
2.2156472127743,5.801867744087369
3.2064062677649434,9.411966975730635
0.5944271410797735,24.73408923043171
1.9248935003374334,15.30441541565745
1.2326176233693946,18.525874243262596
3.050576241088056,21.440426223242383
0.7399723227215008,33.785801905559914
2.0610398995493076,16.525888592061484
4.277744753580838,12.500276785617691
1.0288323782584983,8.638409461885107
0.13789021818546005,6.6036551706704
1.4515507652346284,14.283728110755666
0.8492117216727981,47.30691430054655
2.2308580851971316,10.03925628486824
6.033214280730242,15.289547021752089
1.3295405529576567,10.467039486075073
1.2554314794709305,9.524133237932604
2.1260162156873217,9.225206922957323
0.2185084026536947,10.619516699316875
0.584735905253392,8.65696031395827
5.026101832284505,16.051197176708506
2.2169774814851873,21.58907717685172
0.02707046673547357,22.15681231412907
0.4578843431259342,7.0670443000705525
2.296680560902899,23.09992876177154
2.891232885002991,8.342948493347425
3.6634083557777344,7.960486408710353
0.6911218775304888,15.379122561142307
5.34812659818726,7.907252864802125
1.610155770224079,5.435365695074437
2.385004502676876,8.742356054807466
1.8163418874189947,15.225709677425503
0.2619038552980863,8.167585348691272
6.599882160345154,12.944489938794385
0.2622128530809489,13.633288238006683
0.5884252507677527,15.586136201772868
3.3600199198587024,23.194350054891157
1.9277972382976292,9.533025529474937
3.642160283701188,6.456320707238776
1.45025091083356,8.072671177470212
0.9463958041882774,9.527426935666465
5.098135272824685,15.011072498176578
0.0738515175842022,5.105671850474799
3.877693393093118,8.035869149386915
0.5248547744076103,17.10729958148615
3.7774615822829607,13.890120872406015
0.2997783107095208,15.526388168340395
1.7360440915422248,18.36245821474626
4.380440869628678,17.231558223699103
1.2831585059908603,14.170240450731736
2.7453090071520565,9.633714170815091
3.2661462515557784,37.882976413357255
2.667359865875592,11.734536245246776
5.189346700194268,6.812888543346116
1.1841951168032354,7.771679562328704
0.38020455045476176,14.461930527110159
0.09798360276890548,25.69440573216852
0.5659460074479244,6.575130699941979
0.3090956930956043,5.687483247668966
1.632658868046292,22.064834892244416
0.40900019416915334,24.747037775141877
0.07942377868300796,7.587903852230607
0.07330686692228063,8.789339935961042
3.562464134951731,13.6349019849075
1.7902816106916826,8.202985004380102
0.8865997062256867,21.774896543332424
4.492939697893335,5.910535612232662
0.1455642506018503,5.309778777254799
7.856515428881202,6.870463784659112
1.9157457713932466,7.695962102900408
0.405369175889833,5.958620315444807
2.273058881269442,5.543579596538626
2.8826102484994993,16.271844905245942
1.121933141461441,6.4356603287027205
3.955685715629981,24.62002983735172
0.32676191315857617,8.670922793216246
0.6537818031399224,13.884000789424984
0.1963116451004886,7.0432899363860315
0.47366828398667304,7.198893050355375
0.5455312541190336,11.839856923907739
4.993145451322694,11.579542513341945
0.16265806155914414,16.713328654487903
1.1151885857251245,16.344371089420953
1.5202784838358372,13.885991477587154
4.57920059903451,9.770059676826055
12.14640689138568,22.704908950124768
2.7998789872599255,12.795141224221382
7.06655615028144,42.00175096571481
3.093876053328263,18.690428247121687
6.604658403820292,5.362571910286807
2.457014152859425,8.09229004165475
0.16624899149329028,11.78673394780672
1.0280621347398893,15.225822770557984
2.0802940664494973,11.394045989948989
0.8637778533141953,17.339111204069987
0.6387140527466543,7.657594340189064
1.7226548792318164,6.625865195791878
5.421163105615595,5.443397133636334
0.07121678779696473,11.813650405039791
2.9326779016161897,14.333403842614603
2.565507402712788,8.157978599755351
6.645886874942507,12.606729984154757
5.338944648640526,5.428533166505181
2.8729244689611124,5.836605223694553
1.4696422619606704,14.67871375199075
0.45698454358425855,8.671809471866826
1.5759521130516223,13.901706688650577
2.89933746839606,19.25706142015541
4.52037755937592,20.318060259976694
3.11855460608435,6.511556923715711
0.4344893061289588,10.328702049243962
1.8310136495595442,15.591868264567093
0.8074536182453869,16.897075409354493
0.018496602796141726,17.28489055169606
0.44683951838385283,7.0719000546478545
0.24031817481617943,6.71084274191286
3.6994440999721387,12.133028241358708
0.598177098393386,15.810068300493068
0.670100808693068,8.075182899575221
6.4345827514860785,5.884817450282942
0.9531277148859824,15.091300873599687
0.01926375622092836,7.84994694099242
0.6677205169852456,6.455655139729118
0.2540755139215812,6.27875446083345
0.21697203821988353,8.025635216249196
0.1613082510634833,12.185211306948721
1.7991596313990412,8.550349693375345
0.4198321518197826,5.167026353950334
0.896461712366118,5.815450635705408
3.9612599596396123,7.745594873078022
1.1044696778479282,13.623526949807733
4.946541620247326,5.829695655276312
1.3780635345863348,11.579796130752904
1.0177770517700966,6.021629501389979
2.7757025617069497,6.902153159799793
0.15198123763531315,6.511758726455866
0.18747527635388692,5.5567612989427975
2.1109545347122576,13.901604123984855
1.3347277435090208,9.98007161495823
3.125254176677726,19.225382659152533
4.960335886671409,5.833030995357854
0.9832452990906128,6.250732001202145
1.8147116673740131,7.927544730700832
1.3890828152671795,16.61489297734297
7.991967786237055,7.919486894229488
3.5567122812816776,9.199649364129211
4.854884619783081,7.871747046813979
0.5869713283904917,5.669003472783132
2.9614423862124393,27.432122985233782
0.617057661319546,11.36213016824749
0.46826373828571655,17.403059724249957
5.77433553990325,13.591913732791436
0.038986360464170915,10.776559999593061
6.727150332973528,5.751657422797851
0.3233018996347833,13.234187230460343
3.423363045753171,6.35085631001652
0.6457138428339788,9.280716607157544
0.8637280079940667,12.934865854697087
0.4886263889730081,17.19448983356054
1.7614323662029665,14.242608523115276
0.8557145461035301,13.906564107232441
2.142342753174133,6.291142009117522
0.03154205884054382,8.398755930354397
0.1330807986172567,5.3508817809514735
0.20996817909949,15.168793441157607
1.0859873070643997,29.390698729682228
3.3725965820014916,7.453401265269897
4.381692312378207,5.734262307593028
0.5615737714618386,10.163547734778257
1.7083684136566846,20.542420356454713
2.9251847810578226,11.423235587089453
0.6816859525810265,5.383252498881072
1.0519047051720918,34.281477879262255
1.4845664603617064,19.112372041621274
0.2897621925656608,6.128768163767889
0.0526515931570661,25.387655541031666
0.33165068359715366,9.792713746243574
1.9715690000074169,8.720421522519334
0.15293776944268694,9.945109251460307
0.4206924866954398,19.393751707440124
0.82453806185415,13.618243785570673
0.16213827454154287,5.488609635513851
0.4256422010997034,30.285680115369036
4.8443096999024196,6.279323358256863
0.038975583467242926,15.94977183653929
2.1193520252400813,13.087812522404871
0.9703447695642893,6.661391087389646
2.2334429865545045,6.497695894502441
1.7768245470817905,21.341951684185663
0.505914064430431,9.353610558094374
3.7573749912526972,13.503872956476648
1.3543129624425234,10.610580123531284
3.4579752282291913,15.39663405834671
1.041794129072342,10.219764453448036
8.35791741500581,7.710454728387324
2.9436117647408713,8.612701143091135
6.759862540537768,20.676372519554075
1.4444372962452716,10.049416032221359
1.283734075222411,6.9207850939718325
2.816702137990081,26.81852328332225
4.245387356767481,17.74066431766666
6.656588897348524,5.458204132163286
0.7847579308820651,59.81827682804119
3.2059633362356443,14.497625533687984
0.4730797596357438,6.39736653864505
1.5774419158860782,7.165736301126426
0.39653154200321766,14.432823285402586
0.8535737043123112,17.104337677243677
5.357712072601341,7.185353229659082
0.3158605933141816,7.376138526088807
2.001524647165989,7.935195662679161
1.7976594966415618,12.29079100063898
0.2573455217357737,6.508161138833942
0.7889881524440946,5.880690641416248
1.6555595220369563,14.087126775779774
0.4144877696454805,17.08028673741284
3.2251221329409034,10.560061752975342
7.162312150935693,8.618349728481853
0.483530222594408,9.525672503673558
0.41383178181244473,8.933516910603236
1.2137007141964136,30.747988815740698
2.754790370142382,16.69124403934694
0.6614592228622103,6.8664321039326195
0.0401603453591252,8.878523421003436
1.5583717111532094,11.282315396597587
6.2746178403147574,12.594352435875724
0.9927834424333771,10.051660148999016
1.0899183846527414,18.291183432756014
6.941205347982509,16.674569244984752
2.3723156199497875,10.628132758761645
2.540025243901328,20.41675196706027
1.6542808127508817,16.125296057473687
7.346737606271531,17.061618223758757
2.3350662968030855,30.06172804560134
4.508213795062048,7.479060899908921
2.4038089943852694,7.491953823943479
2.656925246820791,22.58236032988459
0.6861384801513927,16.83522407177623
0.7233138037989707,25.888717409367047
3.055574377325222,5.521687345268315
0.7039613561593627,12.905668957748432
1.6545921369693404,6.2497536979472486
0.573637719338858,10.607776897808147
3.3963566300263692,6.354423884438407
0.23419458192836023,6.096447138927466
3.5374141358933207,5.097943886520734
1.84627725308979,12.959183364815377
0.4138258046986209,8.558088849054517
1.561926717566241,5.889135656043836
0.6639614204619713,8.118755323761249
0.7815490936933758,6.480465662012078
0.8662730337301267,27.73651628853878
0.13082553323190205,8.085357326247644
8.531929718385134,8.25116660820665
0.06408510233789168,19.65355502857716
2.172361008146588,13.347443872085138
0.9279720158273835,14.90773024656059
2.0769748734836355,13.084850938970442
0.8808842267150356,28.37930194089381
2.240186602434522,6.855464847766774
2.6130117491281193,41.1074705359195
2.34593456677957,19.220778346186467
0.24199083773340588,12.112762983826425
2.1394272220441763,13.686475750667526
0.6569735493933669,13.37178480141301
0.05844853978029041,5.4813657032921705
1.071708047740619,6.967373092210546
1.1367085751169337,31.050728619103925
1.2591212248434462,11.114815895881831
2.4403681013725653,8.80307073509718
0.738778889566925,16.485169833996594
0.7574920655443877,10.94742588105252
0.1249261660147548,5.106001347839097
2.321962113197824,15.661652549000332
1.677854411082789,15.540643355153952
0.8597977299425397,6.444013346623777
2.4428414688356805,30.109450584967128
1.5416024001603896,7.027875028934743
1.2669093116523855,9.89621570097955
1.4321133966290283,5.974954636909234
2.023116514145212,12.396243067093451
2.1576346438295992,8.76580545563682
0.6820470496710995,8.485416982083883
0.3033752791183713,19.034640285866914
0.3407089326862429,5.07686175624091
17.793792846881253,1.4795793839906997
11.778756119101532,2.514533639559837
39.20607600554406,0.23361711625902384
12.121928336028965,0.6267754292876562
5.45577305717823,6.365020684432379
5.4157825296288795,0.6189011172146697
22.175118205081755,0.70343655532151
19.72159049329811,0.4402895663371702
8.395838891992101,0.2763957625190784
12.69935768891855,0.5312088841361671
10.38034890741148,2.0562716314489786
32.32985186905421,1.215288904864278
28.959604773446465,1.6137780492043168
38.00123900077075,0.2610485884259555
21.106161672493926,3.240153076561151
24.223805237101473,3.0658307920926067
6.959829485458304,0.04365276614944273
19.22317389122471,0.9674428817582222
14.871528899239157,0.1424992649102423
31.328671340306638,3.1414517670366338
11.775270952695273,2.6732543680447662
5.712111410048548,4.645332641771919
12.278472093199742,0.5394327434684684
14.281712766740252,1.218700165806874
6.990984154329541,0.40787798301320505
9.008499295397165,0.927995193560582
12.300449990988126,1.4773071410256375
8.748590652801067,0.10961109941676302
8.759359842610131,2.5096230053606536
6.1425298962933175,1.5674280412492785
27.607473550321583,3.5317041715199813
16.106190856081298,0.634305533755021
5.009953700621206,4.6727203109104325
16.60626316267787,13.281960022991099
15.770283751071188,5.033994705870552
5.078228922833572,3.0091873425444273
8.691260461939386,3.346553920507356
12.466430910103353,1.7054314864977111
9.822805869856513,0.42182200714467705
17.04012296622933,2.2604578478055704
9.433461250175158,2.4948256266866586
6.33659166281228,8.451432955990617
34.97736665360543,1.5587234938389474
7.2169972451995115,0.6331757371652856
15.118061643895766,2.301954556797353
6.235998168218018,7.762582177909924
8.192039525383125,0.39011804986083887
9.667566362390035,0.7890441596969796
6.707843168061322,1.5612524047648166
9.782108047558488,0.3731764157532934
6.367851893756066,0.044942474361156656
11.549801850221003,0.8219096655444872
13.718328542816732,4.01046191474042
5.515747412459721,0.08888290565208987
21.391740751211124,1.1204836742858888
6.637920366131335,2.8726570901013617
7.042880036669562,6.123000568606273
13.662301448819333,8.46382289361228
10.060196438858728,1.0962568739750207
10.53551287131653,6.006895699581159
6.09714884368456,0.07212288224971349
18.108290426757698,2.7401880993357652
12.678895476555827,2.0586167250755727
6.163740305443138,0.5740895047298298
8.747231173930635,1.4157847194408713
18.30312862701194,0.27749850748399635
11.721215154916642,4.105165398243348
5.920133935216492,0.8860164852697413
8.731625701625095,1.9672367872518213
7.223907249271003,0.34579529042488505
10.8296237548808,0.46175890435038225
19.83049845614788,9.64574980999098
9.585398263669848,2.7974335572116735
9.543995083460176,6.538858248032753
23.860631477394204,0.7015310642352216
11.86767370432126,0.3596003801120949
11.681209083054455,1.3986060317058464
7.429514912841288,1.3650803969456982
12.486291306141766,0.3846141258808948
11.862485474322082,2.642658633773034
9.04473435796151,0.8981367286280244
42.41811365931554,0.4124874006327947
22.089176442415166,0.8068844945726535
16.07712711332512,1.6586610857163673
11.166199318869287,2.5926947637832405
9.960063047492849,1.315138828456916
6.635530225870255,1.4913877405687002
7.919240883897263,0.2991959687141018
16.896374741129918,4.922948875017541
9.837412940685653,5.282396783885753
22.114858445089123,2.3004002449699867
6.2805156602220915,0.03557738747031956
10.679858329281991,1.5403770625439712
13.329520114955482,1.984287223773896
10.81939935587468,10.462896735459903
22.60216990369536,11.07668278695714
41.4994007791727,3.8983883657502783
5.984889566068481,0.13191850945922087
6.113681874260158,6.12701138255673
6.117077448538893,1.8969112769479335
14.144955923611311,3.2277632470111994
8.730338221059945,1.0457722862791181
15.573486577446165,0.7703530543854697
9.159892631609655,1.2444238698800707
12.902438259454852,0.31769725945988947
16.75247035150244,0.8834268393647546
11.356407133717491,3.8984763583744537
11.203601761347464,0.07737872011532168
5.738978060333043,0.32710491934074337
9.23166886909754,0.2673283106444518
11.313338795533916,1.0319294215647037
9.958888635441465,11.60957225107102
23.483486651502922,0.38076696644369884
23.960972100933176,0.3144369437843006
18.80406145904381,4.9315197638919335
8.76384530884422,4.274997712125471
15.106928108284286,0.06554307730650716
9.024029838485035,2.7862831814003903
7.117910080164339,2.1311232663671635
8.359384705148804,2.9198026640147554
5.588867769860642,1.3644241934146666
8.225072724390266,9.507159062330937
9.940492490340276,0.08967471292813269
29.894694809425285,0.5341166533687272
8.00815053119224,1.0101708836026666
23.619411948075022,1.1948666792598472
7.079064829318545,5.085937883192949
6.695343338969894,1.6419809409528479
10.855028502672116,0.09232034186387832
13.930415519370808,1.0480343803715186
5.3627597521432016,1.0773887922928433
6.9986302996212135,6.7330666709101745
9.865797645817125,1.8285709426129078
8.215821601321348,2.0192865495753223
14.975629224086479,2.4983101881757777
10.725770085683449,2.9396938448376515
6.398247881784934,2.015995707104234
22.989729773978596,0.54150399969594
7.772729654613341,4.143675675946703
15.508251296920898,2.634430829740994
17.109959869115038,2.708587648540001
31.40886915484931,11.342672719384282
10.521332480592267,3.2443021148110818
12.653475783706357,3.533955026488909
8.262257846271616,6.048490492989918
14.070085602829801,0.32770787538816776
9.979772527707684,1.3772244639144888
9.605080417734637,1.7377030720403057
20.474008677394718,0.7987942985952742
5.411768321456144,3.6577185978943447
22.09401837594482,2.8744985551756117
20.288119950456746,2.5522489943380555
10.647691525930338,11.720479455876623
10.389939085863826,0.6005389202831924
8.592920881843815,2.6595048427363968
46.16311091544197,1.6032672644305779
5.942788297197047,0.7508104817555039
12.13698577659158,0.3501045738822433
14.157624865621674,4.5244961037862925
26.784905631232366,1.8099869868576306
17.120425171244804,3.485182611770565
13.259163477015473,1.5764327084239695
5.993740393779581,0.49686395190659266
8.743834452005155,0.8236168079754196
6.195814950060947,0.9610417804213309
22.043368427463587,7.219013942254992
16.07824104320543,0.011298410270866286
16.33524222595863,8.490245095395885
13.450321528425087,7.870750632007013
10.658675352443787,11.119774968538099
6.299879059099048,1.2947734079331432
8.200178218236026,6.637887940876938
6.177944138507517,1.0070353898553284
15.325347096084313,0.05329264304498579
6.397006213172631,0.5081005280654082
14.688343247486593,5.811645847198643
14.427880215791582,0.027720610236964073
9.91919173054947,1.5792903269073613
6.162321176120871,0.15722423884457695
8.024365745727719,0.6748558058468602
8.086395322385508,0.18443420816379677
14.642059249744502,3.9255030398991124
5.965986596990178,1.7884260442195101
19.13194594350567,4.647749551472215
16.45057784308625,2.331769564466924
6.649376267477779,7.08292895912565
15.159886154863342,1.4262004697618642
13.83333786597849,2.0361518585618015
16.030445375381156,1.7175008758399448
6.675193074844439,1.3243066982770273
6.371910638480925,3.7410777009682836
7.158569439860118,2.068601474718259
8.644031872426947,3.2320417136450628
17.62603300435279,3.086962700032577
15.712964019104433,0.4240243725885506
25.770452772248944,2.100578938904033
5.483348396744423,0.4454073441038946
5.092988590143786,1.7508757712297396
14.608850790988653,2.2628992688076557
7.6201197369427405,11.781481069942318
8.252672617771083,0.06203620799765544
11.331409760657008,0.1913537611118418
5.864362916479081,0.16030993675340166
13.233311098281572,1.0161963142632462
8.146088406654506,3.4473236453118696
13.012940031792535,3.716520889114994
19.366473092105345,2.671047334008908
6.501355449776341,4.543689741496353
26.37448984464139,0.779754300631985
11.051902296669557,0.18456973870374777
25.50409745807347,0.11982493539520445
6.86282511942289,3.8228803234552817
12.422103586669309,2.6219010639602067
9.13860183509632,2.3987355542574997
16.90563128018876,0.8300503360472624
12.44938630231989,0.9557657821016143
10.457902548420426,6.345584779236095
24.533435457779074,0.13186243505385725
8.787173454545842,2.9720679578858094
6.987487850278875,0.7410648152527233
12.49401281790088,0.0796754132073166
12.825934153849232,2.7140157413596486
9.62562442870924,0.8036790340625425
10.333756590595701,2.5613298981840034
30.662184375589693,2.459637114361263
15.554641017136069,1.5305192919901807
5.937681361544319,3.0045162681722175
6.907378138444193,1.7399516580914824
34.69771999835362,0.6755293308704151
15.370621753122522,2.6493850536414403
24.725080474290824,1.7790046139582953
7.897652739692219,0.025617934741539203
15.834238247924464,4.63832707363502
15.014183508552454,1.5777468144264972
7.792942686883263,4.059433388613855
11.402587201344815,4.286669260937679
12.898323023344503,1.1774541781710302
10.248843190704907,1.4171714740823451
19.04397763876064,1.0748676310393135
19.311820744193405,1.1936269596748887
20.209053410511693,4.510394851760882
18.013631695729327,3.1036970926317884
10.356749669087971,0.2705530891834468
8.842866653238863,1.884796069727541
19.24068461854882,10.996778449354329
10.389917184643508,1.8104577866248965
7.262844827614668,3.0823591268211255
10.663545343661053,2.9312074448187424
6.223809296659676,0.8625430735803012
14.41162613100001,0.9299503549069161
8.27483667808947,2.575262684302382
7.415966059841805,1.3862284886240395
30.081563391768388,1.6905963647617255
17.000399988441615,2.495889721036812
17.37431576311701,3.0063308688322232
12.819415723515167,0.6335808191761038
19.619398781318964,0.3175079562180442
16.389062148498247,0.6900423606870572
12.305837456042877,1.4166772776875334
30.979108177200864,0.8375302773027699
6.7015363693947325,1.6803395261092036
27.971104290458893,0.10989619140663781
9.10580350145679,1.425681307011526
11.012975637472188,0.917684007385518
6.047608717318472,1.5300029478516635
11.214099037220084,1.0982091912615863
12.557660579496456,0.6687811912650584
53.60413385892205,4.689063469753673
34.57284533952684,0.40855769908635575
32.14518893025084,2.2874216766356557
8.426448627628195,5.171082369874163
42.92471143521013,1.5472831390891337
9.862777694282556,4.181546828289003
20.2754980565281,0.2667233361903123
6.950035725484653,1.3616024934331348
10.639057006374674,1.2213850343743038
32.054004689004564,0.016303888055888893
28.50444748597426,1.1713043180565832
14.209395383345298,0.9209931501060576
17.788550468002637,2.216105789220361
6.552821751027143,5.571908199056419
15.231253437557323,0.17939233000944252
12.699741482681596,0.7934361108611375
5.7681387128712664,1.1742068513457231
5.960716608721219,1.2146193707261224
5.91829279543143,2.9816190980447637
15.309187938890856,1.1718012861203106
6.222554475598008,0.05507397596678112
10.044869331546938,2.4764667346205957
8.532658075718635,4.322686668621139
11.397029096479873,1.4427012191744195
14.806380249873435,1.7402867885476017
14.234417549162533,0.35571054454161455
10.797431636916961,0.49857967318970264
9.99396861885035,0.5362040094471174
9.057532481479283,1.1268429528648507
20.8387940649852,5.266216307293502
8.213997808040471,1.4753887379932515
7.401987691000748,0.4266281515704564
15.879260399829533,0.6187315773372932
8.567340638492169,0.9690654293080843
20.018465645746417,1.9523945315229003
8.178650839220381,1.1597553975966084
14.68381325744849,0.9966246328208349
5.369264701786716,1.6635710706276834
8.896389459892543,0.5537084645460246
8.363373314385063,0.1643804478067396
18.572121137503373,0.049434571175050124
32.303424113040165,0.5787247359615847
9.942555731618711,0.1921233993671547
18.936273466399285,0.8199725419213897
14.623645266551346,2.965025061210068
32.38410605352995,2.5196359063648908
18.33266063017389,1.887979785999535
5.645153012936267,3.8278575132476487
14.994041251248989,0.6627597979432354
11.13434486459815,4.326581355088891
5.132581027634581,1.0191167530234277
7.315473745575485,1.0246311940054698
25.38330784724879,1.0395699907688993
25.836159134976317,0.20649076656978413
17.829653347496023,7.417388826786456
37.04170890721729,0.2981761810296322
18.141692102535828,0.8337167040614002
5.082052855271911,0.769268138225355
7.715557812138683,0.15523008478076264
5.248823211634255,0.33036289491450405
5.790681206660552,0.09179122085932945
6.975810643084591,0.6917653342827297
10.602317764219046,4.02965990685706
20.04640450980346,0.8293413161432489
20.842085803390354,0.26407492006375066
12.661108303482923,2.07518792195484
26.068285988534562,11.368496269580296
10.54617473208172,0.5287744713723295
22.588398818592935,0.6558168370631738
9.842046619772528,7.140206572409445
7.597258550762154,0.39391943777903604
24.854930348509896,1.4316613022396647
8.927335332835483,0.547958461415621
10.599829439152764,5.386871958941083
8.190227699446563,7.982242231180687
13.697524531666827,3.3715350440263667
47.43665559473943,0.7560417863134395
5.206757308261462,1.0333100812990417
23.408530456036985,0.5549505025648428
5.031470273460576,4.428378744465981
8.62332066829704,4.919841491658416
6.4772195098984024,1.0855638691829967
16.328810644186156,2.1373288906509917
5.415491931721266,0.36197252884676573
11.450257445232278,1.141632207173013
7.795621655766823,1.9966242862635943
6.147917343304602,0.9735774067196714
16.82090121900339,0.8850867560074985
6.961240640907703,0.001998983184586361
7.025474441572197,3.262278011881357
7.573516322171562,4.402542524651194
12.069944871446932,6.977667114231688
13.62262071929014,2.5407337189638226
5.142074324054354,1.5916550815122472
7.2151993928686,0.6274622299653433
9.510588822147987,14.527363758852132
8.227460826304421,1.7819910141337412
22.245098921629687,2.286094556468385
17.39836829079212,2.293963902839814
12.865647866419213,3.7319119434629826
8.300430380807525,0.01943924340791803
14.649731751577688,0.49755599944083573
19.844652234385975,2.190440098666874
12.227595825767498,4.510367725409289
17.27692462002569,2.312517434165397
16.0617648017311,1.0671355254714425
11.784148101617085,0.8974410465872649
7.993862240268081,2.678424706482535
15.956509870937696,2.7036907764740485
6.853402410844559,1.86818648325834
17.09443788018031,0.6891173553406763
18.059470100567,5.184667088287499
18.81428792225357,1.6053881922535087
10.123162362340153,3.1259901091947433
6.710307257330975,0.48238150905107996
5.840427614152532,0.8433133394750378
15.880686614823755,4.1521666358588245
22.39081847950696,0.10281192765843458
13.417762470462891,1.4361724231700057
6.245375254076393,1.314423253137211
26.85420941595286,2.782454527068325
41.15341861559555,0.6622755381323759
9.544511525466092,0.4945313843242883
12.227495363087503,5.2109738349826475
17.012870290491172,1.695907860247294
15.666269954920393,0.22116953953299204
32.483129115822116,0.428952844781432
5.976284337782099,13.49477850485748
11.953823444046318,0.4353396099009921
14.419462859162612,1.8856570872834724
22.66536063258904,1.0898960513636102
21.578750496070462,4.336092575831903
35.53362753672094,2.8143708742528912
10.740805218552055,1.8173962389964786
19.211540599537386,0.02159412168762586
9.458890563048547,4.237116773146392
9.389796792667886,1.1763763860268641
7.337252431953829,5.364111594914154
18.64042573912107,1.3685295438386156
39.04462136227972,2.3698081420885
7.369389295679598,0.1436207799339449
5.462148133144115,2.734173260905024
18.52268684055823,0.824967456132007
12.74551688798709,0.8657517922551147
30.6909923797603,0.2526141753599824
7.325377310067993,0.3176565523138104
5.589410499283986,0.41099791406441666
10.425158422768641,0.795607568001289
5.714725265339358,4.450691010489134
7.428215548059017,0.9185554779739035
6.0771965822152465,2.5773388634749166
7.030184863368077,0.17274498890590384
5.8976905676086755,1.788563430265172
29.616579814951283,1.3151401610452098
7.612078603794469,7.629606296302298
9.69442243071039,3.7443054851116195
23.310389125618357,1.2133143778778106
14.048792640722592,2.9845791700611266
12.699462334745402,0.42895923684872694
14.781526937613087,1.652609068653862
19.120422641461893,0.15509958886309258
21.808215863321223,0.8556945578257728
13.232085442888735,0.5120107226470385
22.658728391671882,2.5381594384721264
11.13258509373927,1.3470447899743603
7.5979874287338465,2.7811709403306564
21.967223850401936,1.448431446814606
11.237885799584564,0.18090974455282594
23.927402131900415,2.658827547497152
5.327974527993292,3.582270496042981
9.053550060767865,4.67707181518102
28.622151407416457,1.6972265284011447
7.2977251060815505,2.8014792588862862
27.714786457370916,2.7890106531046612
29.615965737250264,0.3386126704047376
22.106219481159417,0.35878136192228594
11.634815686872678,0.1470466064161218
13.328925635274924,0.771070963460188
21.298231953578775,1.2830405170806112
16.965199032191045,12.32959191731166
12.956047621556326,1.127726287627682
37.25519939564871,2.591025848544484
14.258664019056072,2.364403227091167
34.666779434248326,0.4575234832894187
5.472808298647899,0.12057705343549358
6.196917988808701,1.5793459045414449
9.803943776002562,2.4099839290831513
8.887496254549909,12.698325956411804
17.213093937274486,0.8882384467339589
6.400677106685447,4.533751885586639
34.869401036553484,0.9623150655732473
8.02746090886787,2.338574130296851
9.481859732703212,1.8238651375416757
7.569856052472749,0.10886758498185374
11.927892140925431,0.16326286315680671
5.483341099505398,0.04196538964201317
6.297116769939965,0.9267205611689038
15.956999085782746,2.739276091973427
6.6512805558186585,0.3793097051787415
7.148417256564127,1.8620625252133731
17.59960537315595,0.6816813126628792
5.783559551535415,3.1890259310439806
9.602540869520844,3.2029012815993276
5.186668066106977,2.986997729236842
8.40706596598696,1.4881800781941046
14.604665846364533,0.6697338398871889
5.7553934408556096,3.315618789251793
22.537988951885108,0.4118369221544947
24.21915882473174,0.6843035551259156
5.887366453719821,0.4065536809679001
42.44987806125565,2.243005538532508
7.82521558039626,2.3182285152517683
5.702799321228257,2.114038741223261
5.04063996683647,1.0743442182882172
9.20105843425764,0.21110108342645215
12.949910824168096,4.8420523418134795
8.22988383706588,1.417459781657354
19.498181004759452,1.0450279844644235
15.0873447665083,1.777472209457743
8.448251661571282,0.4283439228482269
15.603390468352032,0.28439199651553326
27.57258309047499,1.0401539768143404
5.781749410417428,0.5155235490439247
7.923465025554041,0.560195928055395
9.978914653785807,4.460742600361541
10.513083949252987,1.513278321684488
11.250506866978721,1.3212401947839296
7.860567407842293,2.339011318174534
13.803142486434627,6.054368016005241
13.287004447635887,0.23801433926425722
11.898616667622104,3.5859352027628844
5.966155419306035,1.754232250470631
10.18489938482982,0.31603545334271327
8.523271397756485,0.7052216237001004
10.403062756300955,1.3169559908441275
25.39468441221064,2.3499748997924885
10.239590428643353,0.555746056170572
5.112635549410094,1.5309145909010122
9.621947170716098,2.308281460969778
18.74724742059908,1.1911001477078274
17.115237557593403,3.975927736676882
10.762339593491276,4.0721374262381556
7.298993096116147,1.272366615703253
10.005234167151713,7.218341449990339
11.635442286192333,0.15718854786579542
76.67281129622614,0.006736087640382995
13.266599412666356,0.958228454161037
14.480290692447866,1.8380743065408174
10.409599102018422,1.984185739824101
8.501711048303768,1.2942291968884692
18.411162155062904,0.26679609043855734
10.46450277980835,0.3738583635172509
46.9055033556502,3.8230867926686964
9.886944286115387,4.048560677047149
5.563382149115891,2.2410934249649452
14.180188736066844,2.1825861131076776
5.382113712866601,1.8210255530469346
7.30680873633407,0.45361522584878217
8.492405406464933,1.1181093416917927
15.760715269786102,2.3807621927371523
10.453479809193261,1.5411464746525925
5.232513870481917,0.03751023372610637
12.674626667234412,6.1390507262118925
9.240560084261912,3.7262882162079403
25.391416262090466,0.6036837393821609
10.538177486080336,1.9166171696207441
14.874772850517061,5.134127158641544
6.976094076931448,0.20187620041161178
16.449448996105133,1.3984491442865046
15.211066660079496,1.2185057412633855
23.75406864456214,1.0559605380902604
5.2752546072902335,3.610767019575903
9.746424865976373,0.9581570329492247
14.094387150084648,0.13156036093595322
5.800011653957791,0.13621026449733295
9.229256873540255,0.08737010859405399
27.79874485904729,1.0523707051090212
9.580679066614536,2.534579895819335
38.81649151689458,0.4556149759823033
5.468146751800961,2.079565492994621
15.121958075597576,2.3236695737514177
11.959384878453356,0.5892848096331529
10.553816941972007,1.8353716894865684
33.28168981821841,2.3095295186242577
6.110882476264301,1.2570184142438077
23.106834399202796,0.8211058500927187
14.401538675798353,1.9307075122982587
7.397994836074494,7.619572587062781
23.55533937158506,1.1131856561637323
9.487061571055193,0.994289590009663
18.465852373586436,1.248238388436545
8.939126315142353,0.15855918363864496
20.226758682806,1.6111240600121433
13.09865003229943,0.7970705118423232
6.21632517355791,0.2589014536557325
13.39088157769638,1.2556806884943168
6.69906089474273,0.006779450413009841
9.247174036208609,1.0276109353977974
6.493486137793087,0.22350685351224048
5.178096698162594,0.04918527714542989
6.904905712156589,3.47994811908553
11.149382588936742,4.9598096384329615
10.255462745112936,0.46556634799106733
10.569166905520989,1.5500088770175087
7.276821253216643,0.6513443753127526
14.245556153005888,1.3607677135189848
14.746285623868332,1.14764203545317
8.544934884778092,0.6268233289256838
22.040496985796562,2.4105711955599225
13.26311812420086,0.27047359902678814
14.987279361424426,0.10906608852636475
7.598530533370744,2.9192397789387203
5.004894578245394,2.1928096411632327
21.04213352188318,1.3804075299074574
18.826870067301098,1.261433398828439
6.051736888441713,1.3759665907546463
8.748582953610386,1.149036831395309
13.66205266037704,0.9980981336225206
13.446971241467098,1.3850571554127813
20.74894707261778,1.5037367075981283
6.20907803371524,2.3546767684553056
9.49610574479877,2.4840913341125166
5.818250250304248,0.9484380595993922
8.949064117614409,1.067303411524739
5.121781804598642,0.9358425408770085
23.2837053158814,1.5380521569117316
10.990023290941076,1.2079060142283264
20.16642073369451,4.407226217684937
5.494192215564568,2.3838333245434113
7.064552366043096,4.578476790569864
7.402140794270592,2.4698057680523284
8.911097586047175,7.080377490162279
17.99098773993135,2.019757072042765
8.909354823932318,6.623635222032528
6.83181958000435,0.3443541103611714
5.53758666398179,0.10780957290023692
5.662634512313838,1.73083968309161
16.418504531924235,8.207966426237737
9.707458056942993,1.0812135838629051
15.362307362938651,0.4766244376040344
14.172857621507422,1.47437139005014
6.163559126439744,2.092791001763432
6.233492829574596,0.7571946882370099
16.263152200727752,2.508914315141932
15.220044681718875,7.3869405151482015
8.798917215156116,4.545336626379238
5.644669113823013,0.6894514521412461
5.097374387212213,0.7911989175557951
7.7191826120538325,0.9289696898166078
5.074120496212734,1.0035757695303922
7.0916726536309,0.21143115557713743
9.350934023777615,2.870656956756946
6.035547930203378,0.9093293925340277
5.880999293169916,4.237528932491776
23.140634904762866,5.232965573066465
12.044880005461929,0.049469411033293206
26.80023061693422,8.93135045905861
8.395057265885374,2.4759054871144732
14.044414230774443,1.4695732932087127
6.832203270802108,0.9870444180268266
12.705807603035133,1.4617734140804193
6.110288066122344,0.7849735562484396
5.016662453704586,1.9493647076460343
26.45108716534177,0.1951821663541588
11.475549344567597,1.941085233533081
25.93186663524749,0.6441187853014613
8.249701384146425,0.03558435048665855
8.177429117278031,1.6090773193359151
9.09534311754408,1.7276231221324665
14.794519380631742,1.1122353434593002
11.67415925608103,0.1500640680431991
25.76008393526375,4.47627351692492
5.206160932400559,1.8905680453185267
14.853381779221886,0.24594789434173223
8.20773419877414,1.430501658857913
6.589887364554665,1.375341670094841
10.713260855142561,0.12460603024657946
10.626611053163991,1.8671774850607366
6.178826939656875,3.3039226959353925
6.804131476338133,2.7646688580091197
9.196214663684884,0.4537244494454563
9.204961706482965,3.96524724623138
8.056623534460206,0.8387492945340668
6.286470449070355,5.856460481862974
5.0350661729228525,0.14890398559176662
33.1153933579388,1.3318762095286527
27.988008058910907,1.8182547858061604
10.287769465634932,0.5691075373332231
47.46977569691963,2.9513897357208565
13.958384994798006,1.9717944392990014
5.570743940654837,0.0365508402093812
6.001950174651235,1.8748683278456453
24.826071371315663,1.3524945218120386
12.95514696150757,0.4363846619790557
19.821438037514334,10.920838441140509
23.28343672082736,4.549204477942068
9.752817489583652,0.6920570517801199
5.397942936017751,1.5577191848071132
6.668802045585454,0.7610635072709125
5.55113113282483,2.9877212966176954
6.67333195346904,5.328012082730702
9.2282913236131,0.8889169477865111
6.006291112387956,3.2755127346285025
6.459211658818649,1.3799346541670297
9.72215160764437,1.010278846153148
8.326195946017375,5.5748964264831775
10.043754978623994,1.4283522489237712
9.485339114021407,1.2600086417752938
13.273345760475683,2.2321338892248863
27.141070401438615,0.605548648780095
5.913096568162066,0.7854715541790761
5.836310376303579,5.377843726841744
20.328036712898793,2.269701142909589
10.648185042107562,3.504736938506552
16.633332266089553,0.6324697345596757
6.940873300047847,1.5696049309657936
19.122307036471952,7.108436089662473
25.600046956814683,0.7675165282860642
13.073457056309856,0.34984156358689134
5.895313521821435,1.430319409317294
23.05285305463415,0.9814614010151907
17.580518366847336,0.34770043890668717
16.118493164615792,4.388383251435472
5.299357219994648,9.360630433754912
17.834111574348107,1.6813564802164607
6.187545420240365,2.980438645343774
7.012201987754787,3.9185351001567676
11.885615274450645,2.4145030537464383
7.4628689665175285,0.09032122108566841
13.662262854012166,0.3430819098583505
12.493385350881193,0.14726981061488786
5.915654969954823,0.0198574675897267
13.537248040322819,0.7305562875746661
25.61143058277244,0.9963320595674475
6.405404612395983,0.5515853507838019
12.27178101600235,0.1335720055844
8.346766133320163,1.5094626612086535
9.92373817220874,0.6385362551808116
7.706192877844186,3.179634866820078
8.497264152783188,0.016170438194959457
5.234704036669563,3.6970031793498834
36.94228087190116,6.1912678296290515
12.842366833238842,2.518513456853485
10.556474865610845,2.6458435282848782
8.872370617716921,5.422981574354493
11.201360466096968,0.4690948715128473
8.82565424983958,10.430000620141115
8.56914599747692,2.9698547004221942
9.988171098330717,2.5934244438162866
7.58352362172146,0.8959851716371813
6.588094353548207,1.5783361615170597
11.506370272433204,2.1221578520037734
19.800132410702986,1.9369734003469903
6.3268139606048095,2.4414557020814263
5.266256767417666,0.17194762524439505
7.267520607944814,0.8790215801627433
36.18521463403337,1.138322460199171
19.117423591181716,0.6039117142300499
12.248071242399797,0.37899996897814087
26.188699282590655,0.29915310071576484
9.714321639673855,0.9126224542183875
37.72948568928041,1.3602317187507273
7.811248450010347,0.13009370627899702
7.198713829132598,5.854581306003024
13.129953826893882,2.898411435361268
8.800502030263662,2.6249860441814956
12.875818755863989,0.3795638928231993
7.910695879622336,1.8516761663305439
12.696965647459873,1.5088750717923813
7.580907833528549,8.087551480085448
5.418536388646126,2.7540490786113287
24.45571198609877,1.714920772753504
22.17869396934124,3.8051049814573714
33.26818552514814,0.33706044199472557
15.085112160773267,0.03066697814600978
14.183794609537172,2.3438719066981064
11.549738921443637,0.2069722362939418
6.076872162534038,0.24531548547964213
6.678219328832773,2.7304809275031774
7.733949363104831,0.6308873531315894
22.669579219102967,1.98111936395461
6.5193098727759455,4.987658905945387
25.498433020094282,0.7609827236533646
3.302864947039513,6.420538071988539
2.6393773024463103,4.094624692697486
2.7827741685183565,7.666386170060849
2.3733361722730564,6.255572562677001
2.5258542729784406,4.530792915707186
4.592027532854924,4.558788801362329
3.925190270143818,7.512105067659785
6.239364885937988,5.458428160612351
7.221449949482011,6.23827525941825
6.708639218854306,4.502211347079024
5.183823539993913,3.342156588588285
2.6146526973959205,6.341355751966511
6.258603703649321,5.646942632848327
4.176972348361241,5.008057282548676
2.513902363492461,5.744125639966783
7.054798443275754,3.249713516385402
4.029299103095033,6.763632239191738
3.3094929950694283,7.688976830121835
7.228712387713059,7.346618865006216
7.412803210682029,3.9286144718421028
4.033825023149359,4.436034639692455
4.128808515688241,6.850413798785367
5.477771165498865,5.570702784947623
6.400648962863949,5.287486662059895
2.378895211441181,7.559851805200671
5.5600619431308305,5.216149765862305
7.716920370701489,5.089632077523859
3.5725633830797223,2.252111547598158
7.452963284581603,2.416501751540826
7.701010044578561,2.0445218472839013
3.6149218458265384,7.4794653547018015
6.525211195312103,4.450319960106204
3.43265004991736,4.811368256800475
6.425666970392796,7.072321685554773
6.7845198277329555,5.655477862254667
3.4832342222638966,5.657009578343486
6.29521726149941,3.7792065761288747
6.872627233184539,7.003450243547116
4.151473232641471,2.994979856236963
3.0062166559383616,2.3188975530376874
2.5517874039050814,3.149620145111194
5.452290221659651,3.6064233126473884
7.86858871589428,3.6938663471252404
6.937701920133296,6.0230815917126055
4.615037833607317,3.306947523971861
5.219725417129752,6.059949826969907
3.677167312470914,2.5467930394027984
2.9783952041603814,2.883214766587454
4.892486949393639,5.05292869094597
4.781009397003111,7.531374815459856
5.131579716822561,7.157405532866684
7.716827513383644,7.812520654656819
5.623371800868633,5.902874391669025
5.634631019734242,6.054889198496552
2.7681485771664605,5.750137993588952
7.978933197060923,5.736913537149183
6.637069665408012,2.882722070405508
7.263220064564029,5.262433736983572
4.4858024709859645,4.316407600710354
5.01276857471375,4.65522329466376
5.132502854973659,5.141603438355424
3.164567235737631,2.77037703081351
6.136934937961743,4.156926403112719
7.41786034170474,2.3806973652596213
2.982234908830514,7.878008782534394
2.517909640916987,2.7111681729207566
6.429313433242053,3.551148431269727
3.6392109900378924,7.3477575602203835
5.743175249703976,4.896260277434851
6.174550027953084,2.8138232091237816
3.931464581490931,4.305383228236094
6.890867584554706,2.695207965148315
5.299933892685301,3.201295982507011
7.213996447710817,2.31217908169907
6.579761315353685,4.6293649672946
7.211453792224723,6.839816730351559
2.1209682927073645,5.5158150721993735
3.4610375644315683,5.63807183290767
2.5400476426756318,3.2035041804994417
4.652498103136095,4.063363059514199
7.33976072969191,7.071452623044992
4.805241573601215,2.5271371059590875
7.098278267482365,7.1475839220112025
3.963069428115907,4.902140157588714
4.037420436831514,7.022884587950704
7.373370381961266,3.908038516366402
4.554902879070209,4.033057709498125
6.738592926767998,6.509629209938857
3.419861287291408,6.709977040353321
7.692804978065813,3.377868067940881
5.447469479183427,7.837227948931433
6.555941411470411,2.5069406254689737
2.5370941987693127,2.411017778612785
4.955985354983172,5.5730252917166165
7.40623098640414,6.336444606629729
7.262231774259828,7.765316775349843
2.280883743405365,4.429674684793169
3.8221908147736805,2.151748453937799
4.65992003887448,5.617378036678442
3.033588886134729,3.7381761235926314
6.379989865939822,4.597682727172414
3.1070719735922694,4.930816893499611
4.079838166219317,2.387075664428203
5.979683821146909,4.915890707384617
4.89253606714688,4.557918000825889
6.431426231809363,6.27526559171956
7.767247407337158,5.873995467274067
2.699280126291185,3.111294308903366
6.257406298388366,3.236833509262382
3.3820649337926874,3.5060370726462393
4.486860364445415,3.073702641783064
2.197176354770839,5.943279198010803
2.815444293756194,7.966581075201623
3.918663734293398,5.91265004309562
4.05191483172791,5.640089277147747
7.397511298772574,4.459567600106435
6.450877455599091,3.875481553158564
7.833097809122247,7.466442541438875
5.594429062011443,7.814011244852918
3.4502823925479076,4.980657053526366
3.965930179529857,3.7412029730393446
3.9190155397518023,6.620733246018606
3.95896596597951,2.7947407452012705
6.037785038670894,6.593529425862089
5.184847568542497,6.9136902458680325
4.312545068519865,2.749423667763004
2.8945386123722994,7.861168812779383
2.1328349776528754,7.91307374233087
3.3130080655261556,7.620316875964107
2.6448284238120876,4.9762088564375855
6.712670185113437,3.4764448536609707
2.6749877468833123,5.4920556852914775
6.345369423841017,4.519603030828614
4.313952138656496,3.2356918683031823
2.440270338462656,4.5420584577070855
6.876380296589515,5.983339014065543
5.47778342141968,2.425479864715946
3.4145690771814383,4.000508008676099
7.368087045996008,2.1067693400769514
2.271549883223309,6.496973032770054
3.2109176491865776,5.844147605700205
6.512281566835166,2.376032808211795
6.256267581859335,7.788425357611807
3.735630162346868,2.135729342762604
2.3721492521166985,5.539763878856531
7.148468433349663,6.658204770794335
3.8821858284194155,6.727377878268338
3.1742804895695915,2.2057108135592225
5.096370934165862,7.438490795842636
7.461363195694684,7.510710031562733
2.261279467060252,5.368342238926236
6.594824528185327,4.892499193322877
5.434839367632254,2.269204778375599
4.552694699310901,5.371724855059211
6.46448266463036,4.456274490621384
7.794946546649793,6.636838444451937
3.3752372669761463,4.423301401316527
2.8618841904327175,6.1014849999482585
7.4772904713361825,2.608448877425185
6.013718464743822,2.7977136245958016
4.627916129371796,2.8382611438949503
5.4395574215856985,2.2731529987984613
6.473683431057465,5.247973155618823
6.638191392234303,6.763806356261815
7.519365084913788,5.662467222161997
4.561056733373736,5.449729313317137
3.76046546011637,6.083743570416418
5.837985600739051,4.0378719384320885
4.494367395677182,4.171724429889373
5.5675907236938675,3.8856205893255353
4.519914790735701,6.272653597121454
2.917974720069047,2.9698420140246458
4.81656050995375,2.0781516818775465
6.145506931646197,5.577178680334955
6.795702846005899,7.654288188405232
4.959957660779281,5.656447501977828
2.9914273412624057,6.697529917645371
4.48812625789659,6.036744256796181
6.717763573050189,4.984619921138098
4.477155623702437,6.310354410703076
6.179184761625334,6.944624743131331
5.043282090068539,3.348389865030188
3.44733875065638,4.016782882898873
6.776903048138446,3.3423543950197034
2.5052807244241224,4.713037733542646
5.149341696530904,7.310387305500005
3.2533462054604296,4.071242605011994
2.4023937712482537,4.246801334783321
5.017603622499493,7.162203408031591
4.997372935609541,5.092245984468051
6.241405410054325,5.212693997884607
6.468504158311429,7.1648072199932775
6.366748932157381,4.94316042215284
4.4573523975005305,6.089345207776372
5.790138723359375,2.5138679952443646
5.461671455863762,3.071790278761312
4.529370536701517,4.426257204297474
5.58327616511596,4.969034406919249
7.683487260237575,7.794402207417377
3.157362462088264,7.82390979828674
7.434632574713158,7.10718252487257
2.3207330838991904,3.893593011713447
3.8503352774099637,7.784169744994638
3.728871491669169,6.136045188057276
5.758190647285434,4.357640766904402
2.787349710663742,6.210049501908598
7.2940856710385225,2.0991363787191597
6.971308450790247,2.8769280936452812
5.912394918111667,6.9781142693382066
4.750482990753186,5.873441821239027
7.597736252852471,4.185168207751304
6.984479328323335,5.003999841336313
4.9958908884874695,7.430852897874602
6.211240126725867,5.7894686568745195
5.401579713078108,4.388895703605981
5.527653430329587,2.72195994438521
3.9858564166248276,3.7624808097533657
4.7725076277493805,7.8700413967795
2.4687285847384652,4.624178377110665
4.144092149987555,4.831036783069165
6.174971092172912,4.991588194382093
7.719296183037118,7.304624137689267
7.7783846765781215,5.6235697063118595
5.33433721474935,6.162062218711533
5.639733510857493,4.336481255294624
3.114327113005805,2.174525711533846
6.171848648561184,7.585837485457066
2.4239527560463174,7.694766085498438
3.7081141147966674,7.6949183200883065
6.010180083712653,7.662122519880299
3.861860789260936,6.891451646417366
2.299081244686726,6.107576300697961
6.991222456105783,7.067059509603713
3.861980042807378,5.603277434006217
2.3786313491520703,2.8062176833521417
2.448728987017191,4.347308990248527
3.510552792732522,7.827769471837625
3.0680956833291573,4.106826881573938
6.645800706680905,7.206967482388217
3.9301042800022064,2.5592688246492177
6.828174710238995,4.005103054252817
3.043075986938917,4.1057199483642774
4.9572750772645024,2.309615258653881
6.128222801318772,2.71456598112053
5.911945123195129,3.158991266730626
5.606776459581613,7.026893544860678
7.548929611587019,2.3804119396388383
3.371150886240466,3.792205408066323
4.962315226772632,2.061050015535605
7.303955300434453,6.173766472418149
2.4673625935709422,5.721818540260279
2.3353296095184515,5.869893572318851
3.3998137253497482,4.246296708287712
5.798127317228111,3.2496069276054143
3.5592777586988413,6.3219212797162
3.1414393028527936,6.866707236444171
4.752813892149753,2.8316089885892106
5.681588412616469,4.920976567624528
3.4913462421004424,3.492294091873175
3.8041471203424524,3.008641167236802
5.6813558288690835,6.405951880969995
7.674430531936716,5.228581612837022
6.048450364628529,3.2971119942720066
6.6974248615073595,3.8600000672692705
4.200860568532812,7.7999220279664545
3.6335261563067967,7.09207738825134
4.725606459215735,7.27968045723877
6.842796972270042,4.7600725824842485
4.737797850743335,5.74284358352525
7.080352452739167,4.26060644122647
7.932631884170762,2.4662718541333435
2.432159994382018,4.406415863940695
2.272460936502222,5.563884519242868
2.8975382174801707,3.7228656246087883
4.306218054406077,7.087703448364494
2.7862532548725945,2.9066009550475918
7.223986865712536,4.2027745366215195
2.138877506162383,2.7494234319452175
3.894756298014935,4.428992803911352
3.108167776965232,2.2379678298456227
7.589235980945194,3.635296370369873
6.016886029340167,4.404411530682102
7.472181538708247,4.868992179660149
7.83397226186236,5.262178150850851
4.982589462064215,3.6499467787395137
3.4059146482881575,5.138248007689234
3.1623727171795357,5.0540277293723594
3.3375131701150433,3.8970683052572506
6.251559845732017,6.9812019839388695
2.2426743687380046,5.2738467595613905
2.308166438196289,3.9936183124792697
5.6488576542989,7.684031072484659
5.852342880424439,7.070674478426966
5.99157754593476,7.895526869310805
4.231283027531547,6.153403247872524
6.835669332284919,4.269337433036281
5.201747526359705,3.685164000074074
2.6327937800565167,5.979907062046886
6.7825958424040715,7.8848994949718225
7.7184067176227495,5.760290480623093
2.360217878014152,7.2896896459390295
4.34810803220348,3.974620586286612
4.925096269008486,4.4417226948455335
2.8788245604699014,7.43765143753612
7.206253686697263,6.541200211746913
3.704897869340264,7.888461922207434
6.698051239628961,6.648585258393451
6.025966892169896,4.69109424330939
5.588274934802141,5.186408118934178
3.1528570921793264,7.4030929547788205
3.324221123305434,5.309880416588287
2.284090428479416,3.5323842449866714
3.444274578693598,4.613718876619696
4.072661656763085,5.097895933094708
6.998871823174552,2.580319001306777
4.198356000288832,6.462576045517341
6.527730696593639,2.6561236001298383
4.636653687772926,4.429506280212834
6.70920987196333,6.827734649242427
7.857629602622239,4.805422169679781
3.4390493483454807,7.052093118311047
7.174049671783257,4.05128793233669
5.730944517834648,7.745817763990613
6.903765569531929,3.2568105908314133
5.909515413606831,2.229584869935808
4.543697043644901,7.234559257942511
3.368449636650742,6.513216295702449
2.42021135198699,3.391903022404237
5.213110186764302,7.9084496428200435
7.941956567161194,5.013680775611167
6.428250830085237,7.706392640864981
3.9640732483941,5.030172628321996
6.963228800520412,4.8312475206277465
6.613904001058439,4.6948312228667906
3.6898147601207407,4.0092516567977015
2.0858449387654083,5.20220898305931
2.7089758312036976,4.715327971691407
7.2638371418723455,2.220481259741325
7.01937821182923,3.562611400541015
3.7712540052701744,3.27873680063335
3.711172557706522,7.2046136139264
6.757189922614827,5.593219863361049
7.626424819372533,6.582098602698364
6.674823540785599,7.740956226495683
5.633472062184569,5.86423563515846
3.456028101990827,7.895659948428467
5.154487484571564,3.8705843099127777
3.401071151559588,3.117603093877363
6.848068520580641,4.419859327957469
4.321766477106424,4.824796489614848
7.002183301964157,7.372169257115511
4.289655307896352,5.359642634220058
6.944896431199348,3.7530859965081023
3.9999068909914515,6.455805697205125
4.640796227706019,5.034991622834426
5.692930516055945,2.972791671651021
2.421725684179512,5.460918725547513
7.689242370892787,7.468367220843703
5.441634716742819,7.0557357048549205
5.046920088144814,5.5208598358119865
7.036363826719473,4.262499043309929
7.194576379380965,2.521872506385267
5.1335624271740965,4.8178935399897425
7.563573954761824,6.5124766251774755
2.388426596458884,4.161642318398064
2.6793547535073055,3.4126809533099864
5.580729380086641,7.58827831562572
4.1243951707615025,6.929334202747954
4.785350997135193,5.829653716520868
3.9684753073829993,2.820700063523116
4.428351868669614,2.869453042437038
6.935878082877797,2.619317548734674
5.560857199125828,5.69778000135646
7.9840672957009895,2.6933767788400163
6.721275186925777,7.055763193175798
3.64199752461096,7.957790010915932
3.5860707063601773,4.198089108251992
4.0153896207020425,4.722019081802585
7.059556883886456,6.270003061914072
2.1637259039033934,7.622918037954594
3.3810876732275466,7.364562641338311
7.429510522065602,2.3455509724990913
5.839378616499512,3.01443081534059
3.3610825730063385,6.5275831913467535
3.314869809395482,6.133358648194684
7.175708610556583,2.79931156424074
7.362545049662279,5.012387492009406
3.5367865457726917,6.684887786511774
4.523062148459194,3.312684093576162
7.007574431769903,7.227725814407997
6.626044631659313,2.317830648922208
6.8834966393965065,6.693170510408443
5.1103891447278125,5.694913398739222
7.469294289831039,3.891196079926095
3.955709263726612,6.325595290051468
2.9400328060851084,6.694194770906958
6.2523939953891885,7.603393827823815
5.236126496041378,4.206648032925582
7.127514612856886,6.11610041587973
2.4869554947482895,5.615697661608145
7.062154420628401,5.151236416742531
3.7597679192529334,7.342498844930227
5.929134003009098,2.019003884830402
2.2407727344695347,3.692669636621586
5.657487777821604,5.2296634372689805
6.303630135124016,3.069759569819314
4.212501287033722,7.44719920239655
3.2924642315728416,5.885570705678092
5.225784059621271,4.86729796779194
6.999144826613879,6.888210554399928
3.941284149779905,4.7053171487906225
3.514815785127677,5.351918071580057
3.6736118518261263,2.016505973323526
7.694792917499987,4.194203181170441
4.155661494587358,2.8327428341058187
2.021625439329723,6.138132083973746
6.6900872477577185,4.874161753854403
6.1956487720123405,3.810545343501385
2.7714095876178133,4.806994036230455
7.909425494809475,3.257779327708077
5.648373711830667,7.550519794916843
5.004676945643609,2.3238357953054782
4.293315605737346,7.192502211776722
7.392036533381828,5.068152732400105
3.46378088851138,5.713678976832903
3.7146134013194114,3.815633725452223
2.7344648401194016,7.800185700765928
6.55471457350556,3.6911057511169387
5.57329568243512,5.533267982841826
5.65439701552699,7.960500230642773
3.3108225861167817,7.286566378300675
5.907010334762504,5.217978951716637
6.592750683481183,7.942247137803273
4.147331184354136,6.2082191703956875
6.808082863770274,3.252202496850856
4.092743531192125,4.433577262614838
6.548830769055726,4.006960004069306
2.202380644746314,4.064082249627135
5.306987608841916,6.562738636159198
7.81715936383932,5.505577563636762
7.887467604094344,2.2285562695371715
3.6905154700504434,7.2646909019058565
4.648394546482133,3.7807768428809876
2.3778674479197983,7.9824492614788625
7.240047845627599,7.725144382008715
5.411432918841285,7.643184300091791
4.310604073643102,6.8667656243838415
2.6766233509349187,3.3236799901012555
7.680603712981335,5.195796464172692
5.1813142869259625,3.3458157609498476
3.6975675744974232,3.558052733533695
4.101290780789057,5.665710616617664
3.624183085532886,2.2450012721183805
5.610858853141884,7.816751400924246
7.57978145468306,7.512039035467787
7.140162819959387,4.284605432946319
4.7622852525558645,5.092534688041479
6.958996173806047,4.796716515606554
4.538632887657979,7.293198671704818
3.513842844551828,6.131611257896666
7.900490691598567,3.6686674845461384
3.823325407824931,4.681047526791781
3.9423453859214503,4.573795854120583
7.938157206719133,7.756011009703512
2.8035649589939293,3.0518654630878377
6.56320392805817,2.5374580237665745
7.6148765508963585,7.283712992970141
5.070769965652512,7.380115937035225
2.01513057021692,7.230434527472989
4.250353664678638,5.065861493753339
2.6694139543089626,5.958466569616762
4.497125965602175,5.380178285365903
6.740160569853709,2.4166869563264055
4.632269293302803,5.575009381404334
4.591550728075536,2.0816848835366053
5.340736861513079,3.949924457342517
5.4901435084860815,7.593755455239002
7.137777852793828,3.8242716178148455
3.8501326353737086,7.638959855865487
6.930027586208096,3.5008037428954655
5.395602492152284,3.887373442769195
3.8031772983028818,5.770444978631321
3.7707562640364625,6.569761836735768
4.166825102634347,5.0083266080293045
5.736159455719853,7.2926941231649325
3.384870388159695,2.2414425296637157
7.522001370033605,7.533169031806223
5.449475505067403,3.177846799372448
7.5200946619760405,7.305432470507935
2.278426151474928,4.405179076918283
4.0556682227688405,6.996542335226226
2.1368459641257385,6.029993298822171
3.633510890587819,3.0556497948695727
7.172038833611529,7.508285419288691
2.219658295053205,3.4731043429307578
4.616882599494469,3.4648407121699947
2.7054024228393665,6.885073379824283
4.501043955562206,2.635239533435126
7.033109505586264,3.332215438222762
5.738426200415114,5.022065440526374
