S_TBP,S_SPY
0.2631438371228678,8.764143317637252
1.4619543472751453,12.884126511323366
0.5643212010594189,6.263497327930526
0.8867692519376058,18.85300592982138
9.113776184457235,7.143362875777701
2.3060160376435577,13.450887368844223
5.951101281159521,9.156202083187836
0.30760011101690216,12.251586531534265
0.9629850688540578,5.909386909169078
1.6181569782139775,5.136459637223455
0.15972791472624923,24.22494069244389
0.00839247104463667,7.5136322874649215
2.219959308891726,18.704044857270183
2.05343655321216,63.71200453500266
1.0579412054399708,6.90028556523832
1.345293813085144,7.464936861480609
1.0738019691807457,13.698050997821259
0.04859572296171013,31.922465680243295
0.8170544017175703,24.797846226563692
0.3897980582094168,10.591318572810735
0.20722229139925516,17.68226726514426
6.280149339327966,6.167107215419273
1.829382648428364,35.33197094544332
2.608737875791016,31.672774820270085
0.7577351876481495,6.430420043039527
0.9989378105342606,7.84680940723738
0.5407952756893024,5.844261999530098
0.20398941927636227,7.536531139224632
0.3945414110476706,18.54063420253753
3.1941695086596855,8.802581776284505
2.263588368822698,5.740405237279803
1.583412318337563,8.351145193853194
1.2890564349149425,36.86958472724544
5.113259498215055,12.947179926611653
0.15103165911722172,9.305039418383304
0.6586777563207812,6.457342278513565
0.8613746215431589,39.25125393969619
3.0504307866758915,18.7562104403029
9.789607031668986,7.64446387020324
0.550638982756573,5.581156495439682
4.147831022890391,5.466335993686275
3.551253729785318,6.026105433689444
0.5089005595057107,11.95465764092443
1.019427751304753,26.133990762985626
1.0541568738232674,10.493241243549196
7.653587712928802,19.80929830726133
0.399078430580872,9.723087647052274
3.2104732116383348,14.864015365429516
0.8135100218697903,15.530348402486068
2.6251240590719855,6.528932534737107
1.0894922970904337,8.585512017945149
1.7272056955616404,13.113481428007452
3.5748789078052865,5.586560116517699
3.2609713920670957,8.589572371102019
4.026157124852698,11.122293688394894
0.12293677172784434,49.633764899893386
2.3556392854516455,10.147751669462245
0.30161642322359905,18.545024252282907
1.0750873464017279,9.526018615217666
1.5907515009003133,17.73241942914448
1.0308037736291078,12.239143506076148
1.4663209868152987,22.41434952083896
11.325075007210891,9.2338525270109
0.29055406667915096,12.41688080224263
2.250668597004573,12.95442210221944
1.0083653620495725,9.321801243593944
0.2854552087000837,6.246796050546012
0.34570132734730624,5.785838282489957
5.962598120437668,5.134496680321654
4.233896354690996,21.542270968826134
4.751214149805556,7.158474367799005
9.543105097269025,6.9010514581025255
0.46718437237191945,15.65552221880002
0.8783726749397677,8.085489414475882
2.2125976889339727,10.642481890849753
1.3225318240263813,6.418777821325351
1.0839087133403467,30.700311853483218
0.8857460287055204,20.26174895433432
1.8017238997760014,20.948437587877983
1.7141267769584942,9.17743532618454
0.35218082328368844,16.496027702743916
1.276332769311519,6.24272188017857
1.6125053389743549,5.0692508880884315
1.6892751848263605,5.161400703044808
0.4717160599164801,12.066750675708581
2.7116963113171613,9.861554750009914
0.051044057304785444,10.838744077176973
0.8764886141589814,5.05992903193379
3.030189568652909,9.394960317861186
1.6597349437534448,15.128719549166009
0.6053543652284757,9.677122267975548
2.374579614228945,15.54069253730112
1.6758416643098868,7.122345626721289
3.181660325443592,18.419250662876188
2.656240999476924,12.10223342348383
1.8837706026463972,6.8935099919644784
1.339555472520325,7.161047727772802
0.2858527769504676,12.911546576532956
0.6058161854653805,19.17281256802892
1.086351493256763,9.297737117136961
1.8290809639429815,7.390488070502316
1.4418914294526213,21.139947396585168
0.679873133665769,13.85158225099029
0.012970684466760604,9.754896903718503
1.371307540439471,10.353885934752903
0.6726972564963659,6.827826727632003
2.653096867599448,12.885182858937856
0.048475276018500726,8.55459362480065
1.7581238645753365,48.49176990130754
5.676576474346846,10.234235549284975
0.3833122180336847,10.322475857900479
1.2759907444939356,11.674954396150312
0.19174906003761322,24.88783409804877
1.9652986821289526,17.908294405677275
1.5993798143798408,9.799150294803493
1.0463549367425338,15.14664763263298
1.473684185391598,12.059666437128161
4.5378105288617645,10.423973034981316
0.43704424893109267,6.708672837982204
0.045645971860001654,9.988017708127897
3.9561523316185414,7.256978713184698
1.7213198575291382,24.705989473025603
4.426557719206009,8.268641401119968
1.8173656084406764,29.33655802572387
3.323158816672084,11.09235538023582
1.1230920710735472,12.987480041642051
2.771468486336635,11.26353262539633
4.8846478097401205,6.108403088941104
1.6978388461896128,8.770547549185553
0.3988177962125471,5.835297610512564
0.6261299942546554,12.803105601962809
0.44290141221458934,9.737358465729162
0.5670003976291037,17.04008163019754
0.7317642558294747,6.992517776429011
1.619963372815338,6.438431988958667
1.7734232260072749,9.171483419834143
1.1119938033674175,25.893057795783964
1.9112109539649484,14.914639595115284
0.17018990307420442,9.342984608193895
0.1837662393060301,10.826418260884935
0.377072360106581,5.703771890431528
1.459943924349577,38.37459058226281
0.4815834329438416,13.782676042438252
0.6661523493254228,7.68830421402204
1.022694306721135,12.051412770542907
3.341202926503655,5.927618993341883
0.027918225128475253,32.01281917979099
2.096097796540102,6.536890446845666
2.210527910310044,13.353681903457522
3.2054786002018223,7.253117184861279
5.398763929908591,15.114352285734384
0.040686758809052856,16.998262275366294
0.3339605696223046,13.952636057801044
4.346121080061502,12.625701486908007
1.2268929846580694,22.839815796906105
1.6629372609793338,5.655120131763862
2.175506150204313,8.214750572468153
2.2730433360437945,7.2832105189251894
5.3688744881094,40.392102496351136
11.584845388072132,8.946371685126048
2.547056388928972,15.552456855934297
0.6771683160907346,14.234484199549557
4.2364046953911165,6.906882301473081
0.10094708104097906,7.184950982262817
0.5255389105660968,7.6423182115877974
4.553556299854095,9.236361686424033
0.5919433783320467,7.135980536007834
0.49859279934088235,5.158777125509367
0.2972907411076845,21.921747394132968
3.9195766206165024,31.95987641124931
1.3865274114618256,8.343181227689353
2.247203089288612,8.306045561738951
0.5464183152254719,5.056936633647877
2.8379691914966236,14.121743929917832
2.8542789198315823,18.963889277390738
0.7496720825838913,6.26829307600044
1.0575808340633541,6.391650102997725
0.47066071293658346,17.48835404238889
7.50670994469363,12.662961362839402
2.0746726637743262,5.367183489639926
5.452750590870811,12.794473568694976
0.7230463370161655,7.955971140896461
3.0455198845081783,8.680111531976905
2.903660520096544,16.748071238474367
2.3530762141996306,18.325323414285993
6.7416647177531575,9.091361428360354
1.0002835863761428,28.522824974259663
0.2801738346040231,9.173241997107183
2.227708880095066,16.82152611808042
2.6135605744365056,10.291285459304309
1.7116172920018629,23.225663286799087
0.4634048815041002,24.066999087012178
1.404198024502916,5.731808225798611
0.748484517960105,27.052882878887758
1.1153681583568626,18.968241777190258
2.072506771473119,17.535270436497225
2.7346684336244267,6.794267002189622
0.5285163098362362,18.082937874415183
1.039481695232684,20.18404219631519
0.6271257420216655,7.730354499195615
0.4428690597020424,29.335898396098738
3.059287886733093,5.4091687272467635
4.799352994087426,6.299297394484757
0.9248081524660026,11.17027336835865
2.7828463771877283,11.860259908751559
4.5459611149443555,13.288482790086357
3.743219127798344,5.136918038127955
0.4037755992063225,30.82469990249987
6.260442832817703,5.364901719863076
0.9453790755158131,6.235117225784762
0.8287311838440027,5.112909185161235
0.12893054583317326,11.693525284164878
1.3317398381273955,26.537440475565862
0.23085226586207666,13.771648905020754
0.5714741195715377,18.83737768146002
0.7623528276288257,5.106961499162438
3.3091459260172864,11.247355985759997
4.166716811507174,9.923017326524171
0.7204089521494758,10.528681570823228
3.913713386326608,5.599626385308879
3.8930538015922225,14.227133921869207
2.8933710986395695,10.596870735342508
0.3172767349377216,16.590426953502238
2.3444499315906584,10.313223004807433
5.801719454651589,6.294333657564728
2.2948099219144638,13.358834825016988
0.8057873813985313,6.513670835185977
1.388612974315788,21.470498416335282
2.0753639072735117,12.59704792337044
1.4290293308268887,6.368241639880535
0.25555979526784395,31.23284141326946
0.748119067077543,10.844557401721037
3.242980811157606,5.6055373960749275
3.9525868068256074,12.885831857686075
0.29537662164381406,7.335651230038891
6.089288491029816,18.024622564196463
0.79744364405191,18.62217161355351
2.1712760713197885,35.8858329130977
2.78724344925305,10.5751460030018
3.342054742139349,9.855122941464613
5.828293595307371,16.20235461352013
0.7506077747980845,6.136847537525966
3.911002356289164,11.333413336966647
0.28240583807033287,11.32162883559393
2.4418371957253604,5.749854888770164
2.7094187561452374,9.33005989707771
2.264689206442046,20.35409581295618
0.581546319580913,20.51207494616292
4.12781598105108,5.836110681718091
0.3699103555514436,5.760825378035841
0.11025345791138243,7.4380342357040945
2.5279056180729667,21.620574329481443
1.2905271028441665,6.104011726067277
3.78224958349641,15.183634053523152
0.9670602538356747,5.853251903765887
0.3685154723787983,12.807006545700247
3.6211775765160783,8.521288480610185
1.5921751724957949,17.44391576129081
0.4194573499266711,7.1293526165482355
2.5486760811956506,13.155492489422468
1.4312504121259626,7.15017636371789
1.8542634788377566,15.00461081422136
1.2357022279929832,21.551370799576226
3.5287826399321762,6.0847417175347385
3.5387757676884726,21.114966613190695
2.4715381254742197,12.202851958743771
0.22276025532631955,6.0875703657563465
3.6508872713246467,9.46252524820014
2.2234739670048786,6.4030245669176145
2.3882044648863947,14.641064854174186
0.9019173712626203,16.379290680299906
4.228555575794965,5.894575389984733
2.5846727373805884,10.644023235968511
0.23889739389120726,18.48299824603403
1.0477475449795832,27.011383762545925
4.349797835132439,10.764440824724986
0.09669359850486385,29.010659177955745
6.509867311808143,11.137605032227857
2.273641455002,9.009517518839703
1.9959561279710363,20.081696191486873
0.6309542864520044,10.433681394494627
0.5721448405788696,10.107794985897844
5.696633113701358,10.391659723112241
0.7084201234713695,20.00730501955914
2.987806330962544,19.26754715170007
0.9988543281631889,9.133676434007707
0.29991181224168706,8.243319193395532
0.021546239847182746,10.41705725182142
1.5716539286495155,11.803509148321584
7.441055524137776,7.178010838999507
0.9213305555735207,17.6372887887808
0.8838194384601997,10.331773502600543
0.8434683222949203,8.252272014411846
1.4702056235773444,5.90374609909454
1.162012984942744,7.183347785825292
4.239104690429634,28.851664572516047
1.4085003495115673,7.911895023821793
1.4175689695524123,6.479649372688471
0.2978623712492289,9.939462613502037
8.118673990418646,7.934815212831118
0.575291855193574,5.286337739593893
0.15238905567778177,8.122388241838443
2.17621283208722,11.284005665903397
1.8095464779207622,11.418561806696026
1.0727848878708444,8.527398557908853
1.0970281003938402,9.74355925634109
3.074829204503445,31.93852367189878
0.4355973216970655,8.790146161527288
3.4324134935578563,7.389694086334646
2.0924976833979017,7.232073464082214
1.0859049980151805,9.896440623335852
1.2250841541231596,16.400951771158105
0.5931690497306481,6.8452554917680715
2.789575316116947,14.883601191814986
1.4384679726237855,5.171013482337048
0.7738399032231565,9.343113379786796
1.8129289152578658,16.96405616801641
10.914369261267643,8.308780163002895
1.1427877347937054,11.636081912122044
5.068817434221933,6.835096339499407
0.8462915069717716,15.838222642944247
0.11257508333606396,5.429561862446485
0.4569205862621254,20.31373010243899
1.0849598989263114,6.767132575610757
0.4959868570636121,21.597098831670504
0.0004541279906669471,8.477453173903047
4.9302442276056935,15.260768754725728
3.7142531308341833,8.076190890590118
2.711858032418981,23.908170161655626
0.3674000424297356,6.083233165798898
0.2564932233318262,6.573179447909057
0.1399969312954665,10.434429564923812
2.574920350562439,5.68392664591007
5.284748548458483,6.745050913708358
1.1261187939093156,28.025924157125726
0.25371467777865797,35.00252002742735
1.436490315600569,8.776164710964984
0.8579749268688033,25.541370654848304
0.9394470948646102,11.296580848486148
1.9421836277527298,7.514864164639399
2.536795913644499,14.696005428705673
0.23442449463870083,13.604679087134969
0.07247800582298397,41.17054436615773
10.345239092782803,7.46359294760207
0.5298287336130884,13.919384780871598
0.11066715366031704,5.427406680712105
0.4211342569258183,5.965111226407182
0.07947401322443562,5.0314085751611435
0.9945388335703133,65.2016274882575
3.243039048666513,17.96697210706747
0.8348055074936674,17.361308461991094
1.1746338152728044,10.70232811241932
2.251474371170201,7.854166250024305
1.422190862436618,6.312059442008516
3.952985743076132,7.6801434321951
4.0203634923238445,8.772470343782732
0.0199202666945551,16.294870009736623
3.010573013258938,11.206350545133922
1.2350911640267435,5.645201233868956
8.990935654235571,5.145548094042901
1.3203227895247507,5.86364151606355
8.669667168640787,9.227827015871892
2.8094818040727696,26.64756937488183
0.5716472930930626,13.11569458809773
1.5460913741720839,17.948874728653735
9.690828105307721,10.024489392127137
3.897256187171888,8.591150015849239
0.20487822709239417,5.917904764013728
2.4508832161549785,21.695469724340324
0.848010597989943,17.2287652676628
0.014013503869448923,6.47251833971199
1.0332882671115646,10.743791664770917
0.5351169586353369,10.345682564588468
3.4170724922087556,12.848587386530228
0.8229581380848578,28.3779058829693
3.5149908163979378,11.93565223552456
0.0011962353430257713,11.216009761285946
0.7358160272318849,5.413066252652453
0.5519423978812442,5.519786053658231
0.5320169318002256,6.659606544267392
0.14124544029252567,5.264077155174315
0.41435407050233714,15.880426177709476
1.6218334970993258,15.279447340001099
0.6888183054948225,6.169980787552092
1.0804909573190713,19.466960554680675
0.9459902156296486,6.345323763825178
4.173414546591069,7.866846125798381
4.714061417470509,7.290550940691021
1.3583188209264163,8.725633940681494
0.8014207107108142,7.351358731713397
0.225891094392862,10.370317272179326
6.132433058149838,9.185991548407195
0.12423372722435766,39.48181082008837
0.7066476378093409,5.460408775583925
0.7078323661283407,6.226900769855769
0.7725055633641055,5.434178820360923
0.3589396774734222,12.864599674746625
3.0572042471916068,5.448409624873214
0.2613517742781785,19.484590222511837
2.0152044594901333,10.73851299389108
0.2644268697811425,10.989408081942557
0.14629362632262682,11.596888123184417
4.803253533429852,6.498483424889344
0.42176002943335594,6.762084719495653
3.4435359241561363,8.071398083630665
1.573293833285337,12.201300262933804
0.16210889777456494,6.886971424829927
6.222205059323763,5.989388349672607
0.5672769629041624,33.08369377026037
3.927165624308441,5.177816118848013
0.3697937540554233,17.98413372146868
3.847515031146406,17.410678543508993
0.026634186152748894,7.821624041419776
1.4339801804351155,6.166003569058023
2.9345106688607547,6.259114718285252
5.46045412460405,14.563583746709108
4.798239040309607,13.235823057911896
3.4254330773195676,17.21349282919074
4.38193269584141,27.178300207916806
0.44433726799383616,14.419357522103175
0.6686650827980435,6.355415162365375
0.6820771628239501,7.231815160389759
0.9465906611153572,19.77109714441802
0.9995098296115927,6.878754672443537
1.5729620576698071,5.602292369571809
0.3484205170773817,14.719732223463717
2.350425171093756,9.120360846050087
0.36680397482875743,25.209835412020198
0.7430217137454463,13.404409317898097
1.3997198437822864,5.7581696052041185
3.18359447156223,28.630056284359984
2.690068636387124,7.393258777145567
2.0742877056557782,8.290406708137622
0.3386683437281195,9.116800754121655
1.5839265184123035,5.420662868602526
0.1830171341590901,10.489617578747868
0.9475837569686868,6.052892098315094
1.0672215918468255,9.099553152086182
0.08125119312718007,8.455003954119643
0.6403777447540951,16.856808249853984
6.23126111653828,18.003339730593503
6.142317643496284,6.3323373410354336
0.868738846786406,8.65260866719872
0.08811300010484456,8.738977218169742
0.3946956297242957,6.313437228352391
0.9958773481472859,17.813881440399303
5.904567863827641,14.826898010839948
0.3044362450926456,6.6895398683139184
2.8837481310976556,8.654765043163438
0.23010923594385854,5.894651476686259
7.953931471564043,12.91533558010322
0.9612929247672664,6.035148745534883
2.9853956311125174,39.112053834317784
0.8388981070331176,17.137863105034306
1.9759434109241534,8.957499705539131
0.42642625503133375,11.912697528400678
0.31569739651275086,24.38373548047201
5.5633118771487835,11.461271628207129
4.993487535413324,6.5341134565258985
4.369052016892125,8.807572982642206
1.9639715773044701,19.81946085428789
3.303315633987162,13.267384693920054
0.14307135388085981,13.415151509996424
0.8153021167871524,21.12851870283495
0.752889964252741,22.95249633828001
2.0192549910306883,25.18511317755769
0.8799819717647553,5.7972296950026525
0.32152748652141094,11.284310621965615
1.8149943942258158,15.79228214142936
3.3681496561130078,16.315142656701425
0.9629333414324467,12.465790362665336
0.2837463837159826,6.459730955993739
0.4380246863178717,17.772985145290768
0.5422617517608701,15.186906996646357
0.7130573178336337,5.7205861209174005
2.0588912594014857,9.986131009021264
1.8373144823881058,6.529065155853802
2.3819806292228454,8.293600589932538
0.9004082298900202,5.145972421266673
3.4745158848839024,9.091004445083225
0.45653245256457403,11.385873800581276
1.2661399960139619,12.731889513413659
3.2282851394126926,13.713027506155749
0.3972888605735621,19.477333840429438
0.23276004659411556,6.941291407462699
4.302888751777288,6.027048375639722
0.8399284160453319,20.259365343076492
2.303204305416183,6.362633056870892
0.05135082950555548,34.434627710608126
2.3426684917530642,19.788580612158462
0.7598909772532582,10.559215448108741
0.11470926201078474,36.8859699176962
1.88225711294866,5.81960007885158
0.5509901162779062,7.888513772487897
0.9781518846299005,13.13384952355589
0.16802625201343388,8.446347864240781
0.3183742688866944,26.090215410021194
0.7075788948270115,5.543028696070289
0.1880928585793354,11.377612078290287
4.834337459820498,12.149705614398423
0.012130801184774685,13.461178406802311
1.322755313023651,7.362125761575523
0.26306098154613683,8.627581774224621
0.7354113746625787,19.84682783225029
5.208990744525223,6.7347352771492615
0.3527455000248111,19.029600695423
6.752950205462651,11.616271109205265
0.4608257604322921,16.4901822239774
2.7062307129804157,15.003132515360816
1.582301935286763,6.860618228427328
4.31660117865458,11.729702376063099
1.6148424097722456,21.182865803855858
1.5295408131807164,9.526708187679898
0.43496421606192315,32.19138461244208
0.3635938577944584,9.814980700187508
4.965557457609537,6.232538075354955
0.7945123838399571,8.946959976120617
0.9306922006654966,29.242988330520053
2.852763737786412,8.082016394990454
0.8274688570439317,21.20557814708981
6.075712173436884,22.04592461250348
2.678270244745008,8.448559342273676
1.8197688054499535,5.695430604345907
4.255502339802167,15.315022952538385
0.10175709418153679,7.986062595716879
0.5942872298591737,17.220047834818786
1.2511128976480546,9.676564551648688
0.5148969362601057,10.312851670362164
2.7244150819374386,17.037359221133016
5.031755425248586,8.85483927002441
1.1024972011245207,9.68334953875743
0.8375037757831614,8.775281564962333
6.516831249001762,8.662583523245026
1.1770426275602177,10.971482053432531
1.342960820772535,18.235458984322776
0.8666488161807586,8.59243131282106
4.805882370324289,10.942981561299888
1.683087814326118,13.886952587467276
2.8724368681677785,7.511545261874061
3.3405715008009804,7.600555386979549
0.8366419087816641,26.673982586538493
1.1372425917662587,15.285356040079257
3.773966727672802,11.88659609834145
0.9027731396626518,13.34663295620815
3.15912854720547,5.237897956463589
5.660175435370109,12.700834000513028
1.9521365320651216,10.69878472241456
2.706704228487857,11.312854934101201
3.2705097621734693,8.563097896416576
3.7291719882365952,5.679879650762217
1.0052299731690821,6.718816503370968
0.10524827318536731,29.08590856951682
1.0279152842937127,9.203448286984692
2.24022083130239,10.029116616665522
1.196948537647552,5.433198245076913
2.764311082609331,5.306320200828261
0.8831664585052856,15.103597940874634
2.0143143753940715,11.179162476723677
0.41262155358659103,10.685700162021636
2.7675505664846294,7.228452354072086
1.5779772657063342,15.924117506146365
0.4564739730869154,6.473657827888305
0.6903714639934428,6.685123769434006
2.761489247534796,9.940046765466533
1.3178827948925627,7.698114857781068
0.4867727239560832,7.274440713556428
6.838999121050817,13.290457079569439
2.511409721959483,13.420819206380392
6.299391460341037,18.92170803699127
1.1141058086194473,9.326273700387741
1.289096319568669,5.607148075673036
4.564687010091151,7.557966758440011
1.489088709087208,36.298369620671494
2.4570700821866014,12.255845149098125
0.5811668947327032,14.895745300676102
1.1838055362178272,5.059080255755405
0.2635227561877133,10.84190469042953
0.4612933486386267,5.306007898579761
0.001887721127805834,11.737451730897048
0.0801134324421848,25.28328790182972
7.569355945842468,32.641629898381574
0.5550772370288581,11.221847840619105
2.1771895211593257,9.902937747377454
3.6539407060259395,28.205863572619787
1.599952923035993,13.957294231078178
0.33245040221713373,5.536808264610238
2.604762765559322,10.014765380192
1.833838909455822,7.1980743231812285
2.627951784926269,10.076073086091899
2.9371498733338646,9.86259287975611
7.4108607509569575,11.980962597528947
1.704582587156467,8.530029461901401
0.8360101498043558,6.435601778960569
2.0908894779211513,10.604910848893297
0.14179088025243025,19.185207935786593
4.553782418741062,13.725444101916132
0.25426044514091534,8.304364529648844
0.7945261872182059,26.93157648717724
3.3828733539966342,24.46224011972592
1.8191882998802513,6.87918290067563
1.0005480440500165,5.321723970489547
1.282763500917089,15.81695881858673
3.8558099438128934,19.063979544885605
0.8310441790580774,32.50236794570219
4.075059441187644,22.646309533554636
0.18452540431865655,12.34102837492594
2.9993600934920934,11.041071604042905
3.761806159250693,5.2258876830658885
0.4013400978604373,7.26587127472547
1.1254541091223675,9.923783768576222
0.3618445317094126,12.921735304684274
2.4524649725810823,11.518033144646497
1.5329320830147914,15.858110509192267
2.0174883988342467,7.6254432980203495
0.43752374719074555,11.658402447219986
0.47586946206738917,5.738170157619455
0.0847658524266528,9.270918986953419
0.7774152108726404,16.095503199720042
1.640800810473627,14.457712768593659
3.9029399485212806,42.3728197134767
2.198789874467311,7.6046348514154385
1.1432625026334031,10.516258563157779
6.1203331477286955,8.198215497048773
2.5405471809986166,9.647168520113112
5.323245734224551,20.556495738772284
1.4998074724053108,14.221399317699875
0.5992509564292686,22.126532571490714
0.10854637839706188,6.820336769278221
2.5898737950044683,21.531325522964973
0.25863029670177057,5.492980287052996
0.7212945844751538,22.556971937906336
1.5205874061283877,8.19276882034256
1.6621379379017116,8.021877014642097
1.8354995764944992,10.740971193858126
0.3636561499915391,27.599844146047307
0.9552247000015246,5.39168489288198
1.9204550776807392,8.473768713449449
7.001076413056926,20.5353762636488
2.6011960399530594,9.034170236357319
5.1176340816604515,6.776721826000869
2.872752007616703,9.424218853771276
1.7915892827681374,8.896254330934193
0.42644428615548546,24.760100299266647
2.19733849193537,16.481671289167444
1.9530348099273842,10.627447916909448
1.8449655785943824,40.63372834338173
1.3458495493867908,10.008059333855535
1.504336744070725,5.480020084914288
0.8142605688443645,7.43346586607416
1.4650766178581305,9.582608001765635
0.4401861816030011,6.365382532441853
3.271300932043419,28.585467046829454
0.4110418781744449,16.64854822709214
0.17758874546879264,7.498937538572098
1.1462746791993639,12.148498591554615
2.1476877842757744,15.225237412212891
1.1514993715268136,27.679653233233527
0.6480120963509531,22.07188126667252
1.63366553158371,10.792022473297129
0.8523634522946468,16.920897242828477
5.402179665330414,11.606935291358253
5.118703735051414,11.436275722457216
1.3958042145436331,5.975008831791917
0.7946486508169145,6.078659353460381
2.6722096974216583,11.032246142622082
0.07480765183071454,7.505219457709862
1.2878342493375636,5.1700906495781815
0.8199205754235015,15.265259599037963
5.064899488328987,5.264208004991541
0.02415129056028017,12.236416031117564
1.6095652436463972,11.198221616683908
2.6992582906839346,32.742465175239595
1.3272466123190378,10.296493276679275
0.17854356173053743,5.525712618421547
7.184332520018512,11.418126308632035
1.4596656140496989,19.715648851180603
1.9048010483856337,51.08100511769676
0.5399719068159187,9.501769268540288
1.3213525659769436,8.088815236364363
1.121255821772323,23.971477822375938
0.15569788913576454,6.69804560804456
0.22445777256177626,12.645013045973327
3.63381636294305,9.163162462231645
0.5483999375359758,5.335600752645843
0.4337223325187647,8.41296012008099
1.4060372920966986,7.465565944664045
2.92848699549536,14.269221075215418
0.1278966303219529,28.77464137761606
1.719858224628267,7.496313845845708
0.25387309945995734,18.34781275409408
0.07428473453950273,5.455609461282913
0.10837168895391924,11.179618789617882
3.593513166563624,5.585298673398297
0.25106405152274686,26.748804220367393
0.09240489566028914,16.63149192412621
1.1521506163930602,13.582384753419374
3.7157148521653185,18.893461731319093
0.6087299264319618,13.34208652762053
1.0953686647224408,32.775808332868095
0.08148260505969776,15.012931548264586
1.192325947750277,25.685804973191317
1.7236670289740847,10.824093847716158
1.6921634512012989,5.99602423138666
0.8082121405602336,11.00922314191847
0.7582302194710838,6.085392491439564
0.22549461509759477,12.18158675526527
0.9139325976185806,10.26985875459312
0.20959838839631748,12.795075676799875
2.909968368878739,5.080782340723965
6.778990108439182,6.733718993441039
7.018085742403809,10.407653214788652
4.006014602637655,29.046836506334117
1.836546137510566,8.870990736170704
2.413725266684194,9.418349644167993
0.6715212272750013,15.033602500021646
1.9926733217074548,12.406542915486414
1.2163240579046013,7.841136385087708
1.3156270235115586,9.232139372875707
2.8357893491474666,6.964133785391665
0.6623440110623319,32.05620883611225
0.7655674089779979,6.119932060113461
5.171004833254026,8.719641992753052
0.11573348309165334,5.209429301933282
1.329641569647941,7.005962924567512
4.87912025419714,17.130172536745484
1.8850795251782,6.796909374184278
1.5811102447919352,5.667604216849658
0.5746820725007556,10.146527969913294
0.8409813241571871,5.080154082484897
3.8217403851069074,5.708605419406585
1.6384103115308866,18.186505655829833
1.4461499400157265,16.808819382064684
0.2097872794116864,24.73390831056156
0.03231599324588352,20.42148229385657
6.63105919156159,14.19525988623012
0.9463731140985362,5.43001562942865
1.8487116454215786,17.21728444556625
0.16614390765968892,19.941049265365024
2.2984281857889117,17.83887311912258
5.393232893793648,10.68200548635172
1.714465275183832,7.121124039227624
0.2696137196608614,19.931690454004254
1.7432157321100092,15.391040274980755
2.9078381645143123,36.60659899623302
1.043154891253761,6.353909040240804
4.237824697954126,7.046001152270126
2.0921323928561835,6.904008535629033
4.590204683258767,17.582524870927877
1.95370267748066,6.655281195425878
0.28148718368184666,5.551884370595725
0.7412339713489893,57.34937960987036
0.4507795149260442,5.201042800917933
4.789981938518604,19.42632042068397
2.8575693871468952,8.637665202029009
2.2564841067186956,19.741835230768864
0.7161127085267454,11.470628252229591
0.4067915864638257,23.552255185009653
2.8248749718984394,25.85041213487275
1.285508777346694,5.07311857997926
0.5118230918066684,5.627257891558739
1.9174675487768742,7.305283943768824
0.08233963529585459,13.852722219589785
0.7895556050868116,22.533517533747897
1.2643186408469937,9.928629180779982
0.3202396994422136,12.471018104205466
8.353863094461069,6.670965685036437
0.4691608185918849,18.076685217782256
0.2793360926665708,32.36992196183145
0.45514386900763654,7.502346514440848
2.9312044983965837,10.4628180703128
1.1085300650392804,5.720414009301186
1.666731777335055,11.552162641267369
0.042465979806594556,10.5898369367822
0.07007606736386808,6.247959554284323
1.1805514995878807,9.668119881148685
3.392773963111159,8.252982048431177
4.329805034313114,10.90232633372896
0.18139611274190656,12.048437719570884
1.5459532643861007,5.068254973883325
4.888981447279088,16.450534085005614
0.9819569570060966,14.98658289512094
3.5388123298035152,8.649265118860624
0.2870379876437126,5.435108305677412
5.478911145142548,16.249774068180336
2.7840077993678456,29.839942716805552
5.671803263285601,7.197090672386048
2.257837243837193,8.126873727804899
0.9032398814306208,6.624893185584966
5.5670946184237575,11.881856821563801
0.6447313805758969,6.345847764768674
0.8074508107230448,8.522862021416199
2.413342336620334,14.552523397386025
2.8990332537535135,11.569953476530738
5.30154896401161,8.908111974819514
0.4583293062832141,9.361260928095692
3.1989557099814614,11.606316458634327
2.6829942468069166,5.047055943520605
0.13184067081431353,5.654105688392735
0.9795088486805695,22.04642221945831
0.6647047496052972,5.6486305261100505
0.7262209994211712,14.815300595428607
8.142844149357277,25.209646475972928
2.058792399679602,7.525181022611891
2.529400980610554,8.702526582603054
7.511546544454928,11.73171881979345
0.9470654020657482,22.076858655944896
3.2373626877724084,27.765486288166688
1.1401994775582243,15.763161938568468
4.073280214166815,5.724824102867242
0.3985062800984595,13.848821910246606
5.9009892839167755,9.225181259708531
0.4937757301670222,10.089614307569484
0.7897047665833375,5.403178117811601
2.822750417803184,6.696265399546831
1.000942635398074,17.50477195325886
1.8740656221431098,9.840487269849817
1.1760379876267237,7.872419189981684
2.7124611754345755,8.876314241254777
0.5183998088380105,20.41511040545386
0.12047261731786105,16.058387401093825
0.7131481765441472,7.543100500369609
1.2860821076543123,5.9999886032267575
0.3678938792889803,7.322799388234388
0.8763814639187116,25.281834166876603
1.0215946426449123,11.970325507263354
0.11820922307277382,11.099638676882115
1.7508122699111237,12.258521060655939
4.31426013007785,8.646007269881341
0.32914304089827245,18.16495802641591
1.8216514515285644,10.926712572661641
2.185693114443944,5.993156946381535
1.087161460271869,6.105504600861478
2.4152762760188624,11.157792415555033
1.0577468312433034,27.06257425054864
1.404930066368124,7.949426393788765
0.014760422882694028,21.29358057740925
2.3534943766060223,16.554628671032635
2.1655330704036055,7.278156600816061
0.07831525512523473,5.296140161720975
0.9185234054202026,5.859321134256774
7.729500440141046,15.430166374035196
1.0919958359123716,6.7818464724385965
1.3940911594338155,8.712438650330917
4.814339778304967,10.572410400148195
2.526468332323109,15.341504502603412
1.7448832766855982,5.961368086138219
3.197042249393556,9.171943950779308
3.995594323932003,10.309839675931258
1.2208797017852966,11.226626983471188
1.2891268941796725,18.645856831142595
0.9756866227276091,6.50682837418857
6.804764567870974,18.19505949579272
2.3891426361759636,14.444092870356272
0.17378218562937103,11.49311839887139
3.9749593524651803,14.619202208576706
1.3100077137656883,9.248467998589696
0.14246340822651993,6.191690810741823
1.595759143339993,13.767293275586518
1.0796998289184865,10.950006657151377
4.2033645648792355,13.159328709058414
0.45629862755108447,8.299903053601058
3.5027474410482884,23.989777293595065
1.6314826524708477,12.081629222702587
0.11231611788152783,5.714169472170402
7.140082045423928,9.779845469653425
1.4374028293021897,16.296378881361743
0.6874521563101749,17.644260287369928
1.2675194643548529,10.45919402042145
3.9018543960944574,23.011149813586776
0.7274081075142634,7.492175303369748
0.4280613908200791,9.229183986899756
0.2763902089550304,23.309213764220406
0.7072432156353936,23.12668687233859
3.028692667952104,14.259583697886129
1.2759032077210986,20.670859475583068
0.5161989130096801,5.743708231969576
0.3634874466071704,21.019546303682986
0.8091194656992609,8.092596191012733
5.624302117115613,6.5713461205136605
0.840223839512816,7.188864212475385
8.86648423548463,9.329845782182517
1.3280719307871494,7.314181410113636
0.39486369266729987,8.091980117392952
4.4353869384035365,6.160007206128586
1.2336889089268963,7.809824334348665
2.473483398878105,11.794363371593384
8.234602100224643,9.665073432656433
0.10295578141717246,8.405980441523141
0.20338906449370395,15.977621063829915
2.5491964544197456,22.917631410578505
0.6620840232600429,16.310614529186022
0.40742070251068796,8.22774525216331
0.08031501364000024,15.914452367832393
0.044177770037457244,6.318810189914444
2.9787425556384566,6.11702110159536
0.28874197841340865,8.392622482491369
1.26117353907741,18.18968756788133
1.8622850271282125,7.26259907229125
1.1184630255481236,5.522739843078473
0.054961629320610446,6.129831867529398
3.060343343847066,20.657506308483836
0.02113775780329084,13.036240021094079
2.8700441672485537,7.335675400979147
4.475552475327412,11.482767951166684
1.134227377846188,10.999088474542294
1.5337703264500329,13.523802933801331
1.2962841226884407,7.12410429921564
0.9859996322453437,20.98454346540563
4.368262971026606,7.961191779554986
4.4873782473675154,14.476804090901622
0.8183932169327452,5.130048504768788
1.9093862807365065,8.730096364311033
5.232060733810963,8.46733496860541
6.5434195024900585,11.273059752691172
1.4224554678758092,5.604137973028641
1.2059724899914948,17.49018826559334
0.6533845183763852,6.964962184558242
6.382126081885484,14.041760292410249
0.3082014059222692,18.005031184892182
1.7341897573853986,11.602043889870469
0.6641047861241048,15.803811037022525
0.6542552803304643,13.67436953123466
1.0382821610086899,8.51461352516866
13.439128323047543,18.237931933895265
0.11306939597246707,7.793071816347441
1.728069438563821,11.774358360261392
0.17236269701234794,15.944421702857378
0.3357034944912859,8.810825607018655
1.1580766770690523,7.885092045924681
1.4285787452385,9.919806239455433
0.5989490845315081,18.628384252158114
0.7609318095535617,26.26514393370012
0.1819665532947585,11.301129614432432
0.7225704925510391,13.665050840406536
6.795911645225018,23.686953075133598
5.790231726990648,5.829977665578056
0.815570465444863,7.112542927991174
1.6919158862557113,14.872707597650248
4.806920059195192,18.886563328073812
0.012406043323879326,20.560909317178357
3.3286708657337143,9.29061325467201
5.927287436565269,5.748684482694617
0.19153718525268368,9.606917393885475
0.3521566194443919,7.098553862004831
6.475419284563655,7.753415026305399
1.5423910457138963,16.836670672106585
0.02859674141901827,5.628252212888579
0.5958204004436515,19.062631834873276
1.1954691911579085,9.464303468758782
2.3612217372879427,12.251989270732784
2.6422149364674303,5.751428711998622
10.7727733369941,8.292176254625527
0.6779821707924266,5.7518565843600085
1.545333824781773,31.065866738300862
1.524238166788931,18.171373646843133
1.040557863116872,9.924050288411422
0.3706406424155779,7.02472567938443
7.584622611356139,26.67902760063307
3.8389655117757178,8.380034788316287
1.3796375648322021,6.404208135130786
1.8488747652277786,11.62558663687948
0.5156280045162553,28.02702508793049
1.5695912551202036,5.030701158788114
2.374691165954207,7.175780584075672
1.4479016715718456,27.302936727549092
9.268203510460674,6.501110629518561
1.890109229971081,5.961478405448773
0.927164461547369,11.75524440546633
2.9581533204366126,20.834964147816287
0.3737739527569037,10.187070507484654
0.9706920522860667,46.71807202546819
0.8522305771075394,14.09479350786411
1.1305885932602338,5.615695527390534
3.044501506136853,44.50517579431639
1.3239678067749792,9.19256004773885
3.1598985191502313,7.710708652736228
1.718351124987836,11.52937675146858
0.8373117540410482,7.902781268834733
3.321238675458172,5.723403101467465
0.544377881303494,5.011434913068366
0.5081928225902078,9.776637979194813
1.404387652900328,19.505340228541087
0.6045067629872475,11.794950157684973
0.018257147777313115,62.120515082086015
2.089939417631036,7.704470387609337
1.4311693437344837,7.633090409431482
1.1794411996740766,6.392441359917418
6.820588139813656,6.433621850469432
1.693525532311585,7.6858699503059995
3.9818590566610577,17.594112447761912
0.3003676674956148,23.895012035542123
1.684252672868285,34.53897868348021
4.049598050715416,7.114742165970073
1.7498454078580858,22.049082402889407
2.5317969727081224,8.18301286130491
0.93056898083535,5.957844347204834
0.19401217156210385,21.323300653444164
1.2246106742608784,13.087133268223369
1.0033333599369643,6.440010607279444
4.035717504517641,9.494583380109603
0.5594153780048572,7.709082778296102
6.80645252901393,15.678563553154644
6.346759293384877,9.832541597732611
0.5690584772435664,41.28511202143637
0.8555808130910317,5.450404222810477
4.518203510760624,8.508229047158045
6.799729793395819,10.260698621642506
1.1719573707747815,10.595472086602348
0.7742596007771472,8.037628310715785
1.493492634304409,15.452187034689008
2.328025282892511,21.619361391461133
0.6389634359131852,27.338322903312047
2.667200224160431,18.08187752390743
0.10607880877436308,20.20796373534841
0.10110186162447521,11.397761681370774
0.9764580716124998,18.984462473167344
0.8722812307330801,7.893544786703209
0.7585225404775371,9.06634748781293
1.3506921792937874,8.049064548348575
0.7734837212997688,10.03968661723296
0.42702495488599046,7.690269737009764
0.7405904146117664,31.07996671334527
7.370115357637773,8.001558817775456
1.0590433448748782,5.825521097613815
1.1765395598567936,10.986187392466746
1.7186160083681676,5.47035255319022
8.189581533220137,5.937154414299624
0.5530920222135497,6.9814306495177
2.28689785301858,9.994198262210588
2.517454292586845,9.542709076841314
1.8695429920776057,17.86318726474577
0.1854992688015947,15.760440996577545
2.259415206094576,9.445444444901893
0.1324819892575126,8.248172594161513
1.8133871126365364,8.0438636251119
2.690928174330804,16.897588338471856
0.4739015948389249,5.427817260116728
3.6855414915235882,5.103236450310982
0.06164804398719881,17.699235219995963
3.7134007974683465,10.187629853587088
1.2335913563939878,6.122203068000875
0.4907474923650622,7.14895602171454
0.2872284392387655,26.565489977794257
6.128329215016036,20.70055175406006
0.15088206304784618,14.897067395479866
0.44402193569794857,10.265719511039245
0.8548765618147648,10.877148989612815
1.9364044817977946,34.589672141853505
1.5740415606941272,31.997326353773392
0.2685341661563596,6.939314827451296
0.684214521647208,18.332493423219724
0.545591573021044,6.7576224813410155
0.4804340911186651,6.921681672741821
1.0591483576150997,14.018391575250925
2.4350041781190717,9.153565758430716
0.4904024157113892,26.452560182919232
0.9135553728463964,5.7457845417951905
0.991602864707454,10.731746381917755
7.497813510733513,25.059331766819835
6.187411696775183,23.756734018246135
3.220252125831439,6.361840089321707
0.5532440440259808,8.653701334814398
0.14092500335415165,12.722196719388906
0.7622401490638577,6.389066169746884
0.6206586582047245,32.541699942092436
1.410139141881239,24.69727430949736
3.0077060345126205,6.461294636172131
3.9084100575952863,6.03317806753302
3.726907355936044,5.714221941475946
0.8915605909758006,24.214265000913887
2.324602140022015,6.721639265095781
0.7503593462375231,9.306738452437527
0.12567842379845262,9.766006019188978
2.4184080305836444,12.310571149876532
0.01975232339850701,5.595507175420079
1.052496511880298,7.0573120949622705
0.799103063543024,26.44624965288225
2.364276110682943,24.1234748380003
2.9069674862617174,17.160092701777707
0.7250831982315024,5.1567353602167625
3.3386626317882704,8.168160052709835
0.6960442909427753,12.910004034906558
1.1823597265391956,7.574768156936088
2.5967027012414303,24.226910750440457
2.3612954509774964,13.038559794619422
8.74311878572798,5.596984248916848
0.510200088796951,24.175657521026157
2.171300797434813,30.316362234292892
1.881586504979661,5.647185547372095
4.932525963887901,11.080456096563118
0.34006390848935697,7.891941183272337
2.787026014628955,8.991691281425021
1.6799033621046973,6.584205481600291
0.6422457220740379,11.903366699146474
1.2865624824775455,30.356753537416655
0.8122604497079458,10.594490724488342
1.7317342943941452,5.692437288026605
4.396461161039542,12.740700283351499
1.6847101196117045,8.326826971467323
1.9978366542547987,20.49938078064906
1.4627278397245456,9.562880488213581
0.10504179294545081,6.713863045588225
0.5301681675278442,6.696695440128561
1.3545544716066276,16.714537812058605
0.7428094609516299,7.46947642385643
0.40120796767998324,16.661752152922418
1.4028944291551646,6.844239214551125
0.7796061810100048,8.105164119710992
0.597102236001904,10.011193403641771
1.2471878240269452,27.945167097177187
0.2860884399080486,26.474445737344453
5.255127791907216,6.854164007546858
4.045398130550464,8.548065753969162
2.4594059125086147,6.294500617633699
0.22457742632922725,10.7065555036836
2.9911228121820077,9.938124154619896
3.300075364431818,23.481726056864055
2.9200076856710893,26.27469492376613
0.24199965399098233,8.870450196889118
2.065132067970618,10.414064833719575
3.595452016339211,23.12510872242589
1.7224378260131856,18.14841828348789
2.079219611963342,5.029304095912439
1.2263202575213132,8.086000632289746
1.5045519528712807,9.382327213460675
0.06996328680903927,7.087970954008691
2.037549787376217,6.780865716019661
0.16991180996684735,5.30813478227317
1.14191075771995,13.248445426447013
0.6924737856294044,7.436025152504174
1.57679770508331,5.4301365262137455
0.28639323996925514,7.101099243628615
2.352996759849504,17.952430088441012
3.1696031582544673,20.256779780222978
0.35670954915951975,10.278724372157797
0.22032870983885056,9.30380251560085
0.3145137914196958,35.480676367290755
4.193217100727833,6.790797000085378
1.5023547042144811,6.940234809077273
1.25944729661117,7.7609887986218995
0.22569207838803187,6.5172574298913934
2.0971087526162817,8.816104763053858
4.049900529393362,24.33806418943524
3.5226840441555867,12.643326681859932
1.9672915459299989,9.247499451954903
0.15652580434678837,26.794753183701026
0.23846147729172124,5.397424018245492
0.10113235362391897,6.888575895388271
0.5954088348821933,11.675632860347733
0.2915815330068519,12.647586886107863
0.6023400283026276,5.322889360417741
0.9724548303491272,9.12722471051581
5.7288040458218,13.379262383931835
1.8851465218053558,14.580495090061103
3.6033018861041675,13.131980903159702
2.4781743251522337,8.091928761096316
0.23870056998547717,5.785491586073047
2.663009460534665,9.4565265847585
0.6434400435732262,6.102651280205963
2.03835222084033,28.59440230477828
0.8339480860459548,10.157460227636303
12.12571768340296,8.05311964862096
0.6118318860122791,16.629875662934133
0.6545942323002407,10.512422074550802
5.337820200542134,7.968903942156713
0.049906322564929974,18.369133982745772
2.3859931144842346,21.14840638487131
2.5843435232263468,13.942560654052734
3.6203998369236383,5.384824350549992
7.333399359021609,11.683639882218227
7.42650160747506,16.527522136941887
0.13500958181322742,6.174118957023896
3.450138909396424,7.077119644553317
2.0786685362899324,22.130202298168413
2.08451382246539,5.162615368033957
0.27473445520332773,16.17810277547119
2.1007140576155563,10.13618525020139
8.089118997829152,9.735882823845664
4.856717754263669,5.056974661185926
1.1565346150939937,18.69168674187472
0.08153560299014384,8.56810837834182
0.8997542343026391,11.225556736389795
3.5018913391211512,14.048274454240728
2.4179646719741257,14.702213599425447
1.2299428497691083,29.984900313867772
0.1133556037469997,11.06302096280658
1.113371716131574,9.082866543422025
1.2660804525936897,29.58153317529921
5.277669629782799,13.220242072511581
2.049345524215989,7.83228864501487
0.7469241733004863,6.081649741437668
1.4902214598815384,19.78940737320991
0.13667611718063818,8.597613440272683
7.192107308362559,13.64153719995111
0.8927614075512592,10.091358991929532
1.2996672280360102,6.774453360656633
0.8778906585369609,12.364129344161542
2.294628813159515,5.5008186957321685
2.170792956916198,9.26651229070142
2.5127953056334813,11.328107933971204
0.6243409060704408,9.582274547175672
0.7586256042333176,16.047976938613935
0.26763711020906056,19.078596692331914
2.1313802695992985,16.800762382674172
0.08122138230871051,5.316689965411431
1.82102658454824,6.726650512484582
4.075768426488784,11.153446974621303
4.429737314543447,26.84507128652589
1.1921780055890858,19.412382960067465
1.22979500759876,19.7883915629509
0.16018531435935543,7.89014890111965
2.2219671495247337,9.48920628263268
3.4436396003666703,10.089689090979196
0.561161505506684,6.36983364037861
1.0939451877514177,5.252487835304194
3.6507070065738145,28.48506364801037
4.19310163087092,7.202999186005226
0.5572596169102206,7.194956928153085
1.5995531553320714,5.6964900405773395
0.4276074834731294,26.105330031632185
0.21490042653278407,11.934998773591058
4.840947549780638,13.797787817484192
3.4352437564694527,24.404975097695765
2.8545235807903167,8.39253851692781
0.09999105015780257,12.772468179007664
3.712324545842606,5.316577662706751
1.1526637180838029,6.6539553239637375
0.8383020387100849,19.234496726497632
1.5814157703046228,16.64578512383566
0.1915977323759571,8.454177290577022
2.826480726061713,8.783238704991877
1.7466304846432408,11.100911604042217
0.41304022121092526,5.001928269851445
0.4170818800432206,7.208603774216157
0.40729138103834867,6.867892941165852
0.11738305644063902,7.306609670902299
1.7724856973960565,18.11529511916939
3.669519889688536,7.624409540130605
0.03530623483166426,6.7008077813530456
0.10049220150150044,10.613685314657348
1.700866833425712,21.058159992863956
3.4240011956330187,7.209714805040185
0.7912440924576999,5.654334662882887
0.8603797187637013,8.525481778121822
1.8143968721981008,16.01556397213713
0.6409970857350588,11.400347348817458
0.05393755263266361,18.577125080938153
2.657776314954579,30.669849174348855
1.9651277154924844,17.58725813217417
1.7386043747977322,12.406751325449036
2.7071442733579976,10.439345969210319
2.2492812368697646,5.3271516964477375
0.46104639856186963,38.24396377519064
0.8692144294137516,8.869330692242382
0.26960186299015465,6.32115039675643
0.2781954568892848,13.789910902941248
2.2552322023733025,7.675822652028616
3.91232656422941,12.050830968528041
6.579271792141605,12.069967019097163
1.9795899440415385,9.720824185719918
0.40693020502669347,19.46889902687345
0.22331693559987512,7.462719732505164
3.35170007172965,9.76283111337484
1.7290883431642305,11.172193772058232
1.926162154351982,13.71622271849748
3.0415915453072553,17.258772464445833
2.429914005604045,9.017666647820118
3.5970637347414076,13.30872788067413
0.1157114665598596,6.305903650011769
2.752851526591807,26.582593389913384
3.8056425101974076,8.86385255891038
0.6741229392530576,15.46049902263628
2.0457888954885264,5.164406485082925
0.7542278476534532,6.837188735351729
6.338794009203831,10.341122814977371
0.06798981365697349,21.84644628858957
1.734014920665989,10.993595720844858
0.3642516648172799,26.259291948781524
2.4911193852248714,10.29003983737216
0.38690321349110857,10.393804184311236
0.5367611332831346,6.020365380471141
1.363903412996305,17.982464938918525
4.926328281074947,7.269152954067694
0.47578956581577286,23.38973980480757
0.3115306813237252,24.337166437074757
2.8457244334524696,27.96127539267985
1.3887740270062539,10.875595808301426
4.855959072712009,14.043146826304651
0.3170879324255411,17.059235082781445
2.0765093891309077,6.1234318099266165
0.5302218461609245,12.349492697107282
0.3410083446579894,5.279199030182784
2.3004180907636242,10.50632925542639
1.8012512453553273,6.345859946849
2.8115861294477327,6.616174805631725
0.7405702196813144,8.633641528580226
1.1883117737790936,9.531230530505912
1.0399738422883271,12.807740445253655
8.281547491183666,5.6187504503597046
0.6913257618775555,10.604464769269551
0.6985965467564998,6.613259619648693
0.8756095119189125,11.826061278698301
1.6629530730898376,13.115741605699643
0.5815677408175358,11.508235347693352
4.937041833434689,15.724314514966586
0.6176359127156219,8.271078520060927
4.5231882714533365,16.588987593237793
0.2184583421881955,9.535882151741223
2.1375014474382352,10.296049058618546
4.750000164467011,13.355314237964286
0.36964802280229786,5.148231923162512
6.904578872552523,13.49039842373061
1.2061865284386637,12.710941189122039
5.827018661848841,7.966737088088315
2.2590919408807117,5.717597293014193
0.7178889486757318,5.762713401032244
0.41725515174585365,25.534879137433837
0.7240500207543427,14.350887274889711
0.19526404677425832,6.08749817278659
0.3106613396178077,8.529440940397762
0.2211044727978594,12.181380915321506
1.0996303455835823,19.44224560812085
3.1751412698893997,5.357142013882716
0.30486593837925624,7.160132315959423
0.27926089833791107,22.639964851028562
2.062443517787545,5.073662498191879
0.4392569278778571,6.799151687039419
0.20541704418240977,30.558184352572997
0.365079748940435,12.602955908249509
5.146987809507346,7.426930006722116
3.4460112837130805,5.55472426442111
0.8741114438403883,5.2287707696929155
2.133185464168356,7.24559955085312
1.541247619423393,22.061781277199827
2.2609754928924137,9.301651638821454
2.295633337741702,15.193255914474918
1.981673065429394,25.03614502723949
0.6187687283583145,9.194535949887758
0.07957510273808632,6.698394218974052
1.2160199848281315,10.823862547256887
4.4323356709130985,24.095014062906756
1.6856031740024775,18.052421782951583
3.5722432837932727,5.544773414342301
9.564851503915131,14.436135743877012
0.35733537057230685,11.787141428422803
2.3538676113039734,24.04118896103852
2.243517672321738,6.0452571719022
7.819595701671619,11.109177152054436
8.481156085287223,21.92636781244108
2.321051631273393,9.221384475252265
0.558408996312196,10.262161803554186
3.2044860966175515,5.584529343139153
0.2264026474683906,7.607432862978149
3.0346229012226775,8.138495719677096
4.820254287266382,28.22120733237612
0.9652325336807255,7.657724909329555
1.9919415251375627,9.942369631201196
1.1247387133961406,13.9009860492653
1.151670929650264,6.415648191472664
0.7432026927065744,10.331144475951788
2.872058754825803,15.731762377287557
5.50326964653635,21.13054495219996
5.652008001838989,12.873543757883578
0.3842136370803944,13.846388754968226
4.154785677915301,6.07999436222075
2.6744861110702423,28.317126675085756
0.5829448955545912,6.137801301761342
0.13931035207049688,16.921618557794844
0.62394206252657,7.4610792691781285
4.865575191486424,26.695639762553338
2.005760804111597,15.182569472003786
2.5534788671034514,16.21333412251323
0.5945286077775367,6.978047182196127
2.5415658022768484,9.6820945037468
0.05704897758885169,12.69476616405446
16.756490185498546,2.7111502056826304
5.878156221212093,1.4256205160033812
31.238633752382054,1.0979059418306172
22.674264192367133,1.0152853170116485
7.521507040928784,0.05360582574224084
18.842015230852404,0.8176129736932666
10.843867442824118,7.4610833967982
9.956296670383441,4.135904810230442
8.020085270948469,0.7990994780088305
11.958475117045129,1.7724709264954317
15.471381832926962,3.758517508370036
9.233721506739242,1.1641933794155133
12.937153661676994,0.03624212588696951
14.613481281317242,0.15486490199285968
14.93400153515638,1.4283033627363837
5.426920127212331,6.976085770876506
20.71450471169961,2.3631806247620606
9.903654057674423,0.14711266100114806
7.435003277687324,0.4198646004271082
7.214090123531436,2.950890755451306
10.277917619334378,3.6832413890060955
22.43102215400797,1.9230709544403843
8.802993243453919,2.0680278678089294
16.08158359626382,0.05749341195176805
5.814656038663712,3.52669693730428
10.170974485825537,3.104935998776456
43.318650596790135,0.5996041655010604
16.77265019520404,2.4666434009617566
6.891132240742349,0.48377272720927317
10.568274333224128,0.0823319428710486
7.128666915980219,0.44913047934465283
9.215110622198042,0.3935604672200644
17.11607785320107,0.8242182517931801
16.800123870364917,1.0841149231384841
7.071206084805813,1.4207449414001905
25.431308895493697,1.2954066485855595
12.18305343975203,0.6312705797208689
8.823309576371155,0.05920918384234496
10.576206835692052,1.8582536373349174
12.432399350423621,1.0075174062425936
11.565854334029318,0.7095596455958719
10.330562648378555,4.03392592398881
10.624494210497662,2.746703421847497
6.552678122847622,3.9005570301903694
18.401754895831036,1.3663255608216547
11.242903302763658,0.2806660907384542
6.1240324690858685,2.3829125025755844
16.624846107059604,0.46152948777547165
26.558384602852076,1.1640334946065862
28.546165978538813,0.13441918697881744
8.683820151309783,3.4894663185903956
6.1649879387054085,0.2692139784223866
10.845124877794058,4.668100066742087
5.955758724240167,3.9935948745509413
26.7432794122106,1.2494179129627192
6.622607152909881,2.728034335817141
7.3310136197421825,1.9322495189042446
9.175585026155025,3.2498711904751514
8.865222818358305,1.130581573396564
17.664817784852374,3.0817694614736775
9.875108740001789,1.241492363727042
6.498044970391509,5.659276272126145
7.487167755031088,1.3325124145167948
10.692336839340314,1.2420968897522084
6.276224123842458,3.0749030931106955
12.566903191947961,3.447204040940413
11.673029370797554,1.6170671952498996
15.033777119250042,0.39640880041702203
27.206943512551508,1.2613148795715305
24.466523170782654,6.888575325455572
28.36138038728514,2.796622090579298
7.245287263841195,3.333737944420902
6.128503127016556,0.06675268714508853
7.879461390911366,1.261695313091615
23.03685141762697,2.0804290436797093
33.61969922237739,3.5442982341025697
20.69042132674594,0.10105802270044377
5.932429822667585,3.8270257087675685
28.56457266765335,1.5899210419645589
9.40426962456714,0.4395832769520413
5.074831219375587,0.763268318017181
9.672817554038728,0.6623751948188898
5.377312920506939,1.5137039782956836
11.279958308364407,0.10613854081246127
8.306615783141801,0.3452244707543529
10.13104297701248,3.3500130572165574
12.598167132089342,0.2845192968126334
21.248326038216003,0.5315705194003603
13.675345856142327,1.2079684602792922
9.553980356591435,1.455977885210488
18.692999027294178,2.884548648883858
23.880200024856375,1.1859971828494513
6.020485146285204,3.1200065884685078
11.073150263686651,1.9264832889969943
7.678323162790993,0.24004549758836757
5.38563674736198,0.3399911220608183
13.834146714802284,1.149071111489301
20.888820752722324,1.0113093427254443
6.422519298887417,2.7215984408908414
18.388128375146827,1.7385144088872106
20.3601470976295,0.982480945468228
24.65899579618767,0.37449200427352775
7.4661818505626165,0.5145310364353661
23.743346421736543,1.7136913449080224
8.093100763200031,1.1013475911131678
11.429734605292477,1.4469138658939358
5.414620935487013,0.374292197129334
5.358983912914634,2.1747884087233365
15.19439574026189,3.8283795751434875
9.70280501846155,0.5966490237930953
7.36885839225435,1.3526360799106307
6.689853204632997,7.420396508544623
13.868173581296153,0.8106554567425681
5.003212997325839,1.8079653006679
18.114690349518973,0.18905151552804583
5.6605303670891,1.8628848955363142
6.70049404127643,0.18781223319527515
8.905163468802282,6.399884175573184
10.306512992929054,2.5151878018692067
8.507979118668395,3.1038460122386295
8.09368264850276,2.4354969140000042
31.57524847818757,1.781874899910916
13.208391252232538,1.1953568669670782
5.1896949833948005,3.9091222387077273
9.499420616716982,6.285481524658795
21.63608913642918,1.3824427638185421
7.870059015992858,5.36286666232021
5.794641829083721,1.7509354426537163
16.363270267273553,1.5460446144364728
12.451515813897625,1.2120416411985293
11.757576775212444,0.46964234401142835
5.440521589357615,0.007453191918566619
6.211226416716217,0.552841379323477
12.79452455800359,1.4255701829877656
6.86377191599557,0.9559424197992296
10.610565216439419,1.190173311041222
11.297582905029447,7.889941703090776
7.66709653627394,0.8624040714195548
28.717769886884355,1.203627757434358
19.784815628581438,0.286622234615154
15.25182897042844,0.09829169295144329
5.649627223706392,2.9869531999275454
5.8975595988327045,1.6911202259596498
10.430504783024139,2.860114736060043
6.401623785345314,0.3247150588976369
35.630821929412946,1.696464192151551
6.380746486643165,0.5851010733404909
10.34713447894888,0.5177016117362403
8.62197659763932,0.023185906825466483
13.159586507982773,0.2793075606586327
6.105240834032847,0.7400070711451824
9.501393673724522,0.24858556765896694
7.569414844548156,8.517274656679415
22.49632268218636,0.7381679470008576
5.331458380193814,0.27926897841067283
24.601954544430377,0.4439941995518674
19.317810949570337,1.772023738757414
7.82568437451108,0.13237260688248018
17.458204843709062,3.9673048461323117
5.253688671102525,6.514177412440875
32.25745408957588,0.5667093534118818
10.982431190356241,1.1960204627578455
7.890985146457659,0.04476618777644879
8.602652320236464,2.047252085242771
5.549703457907344,1.0686186331352434
41.337198064097905,0.6295816771943918
5.320677673977246,0.46345333876467987
13.511533519309964,2.1227664091691523
9.6777284314289,1.0764519874097542
28.794305708259724,0.3960710476750345
7.258900532428354,2.3366263453174128
11.075780172086002,1.6651508592026265
10.267743477014719,3.913344475292397
14.708588463389557,0.24993836098526487
5.563467542772252,3.08044508288559
6.723279563297897,2.2387534920707592
6.932138763977242,0.24435998409683773
15.719890727890899,2.3737118082640003
6.6772660671255455,1.1651706705677765
11.816988810504029,5.800291011492512
6.93905767047979,0.3053966214937956
20.822300217786758,2.0591058273532634
27.804119060276538,0.9624690663016239
10.846675663255706,6.28450887683851
8.474730955495536,0.8008801951661846
7.133188291127446,6.550146962097857
5.408502369933631,4.635110194945274
7.501265301504434,0.6304717251349908
13.495985449137654,3.254610949982104
11.101983573805935,10.854212299321063
28.065127777657178,0.5824781212038119
9.037121842405128,1.1481598750736812
14.469789464199874,1.468691561002406
10.376139904617622,0.6989196024587799
10.748970728992159,0.030765093399778135
7.493331993258211,0.49725414143403024
9.85503336540953,0.6623956179616449
10.090883974616602,1.1725345642433667
14.810906810767328,0.37531749678404847
27.593077331295937,4.13114601884495
8.195720485371702,2.440957446057907
5.344934242403291,0.17810067774176316
10.486117991130353,2.100172611010994
11.290197399075469,2.120648307416954
6.475619895776907,6.2572099900087075
16.432432730571907,0.006050886796116876
38.55992085556122,0.5698582633612812
28.31686402755138,5.2563944517083545
6.756261016678106,5.380437719212369
21.658813530132438,2.550124453872449
14.752519259056161,2.9028464525580926
9.838842592375375,0.1918832657029103
11.222863367479956,1.4425824074334352
20.155664247314153,0.526845426204733
10.233488003095987,0.3998749241868558
8.737116202226106,3.324657586918614
10.437860372007318,0.2901397233404449
11.923446527717875,1.2646748439864381
6.676663840820709,5.579982204958164
23.493630763208305,0.4111772286326655
13.971452198204496,7.632827898604926
13.025011554440322,10.330367122272333
5.838407388564065,1.6221376477146612
12.414243216243321,0.3730031381962785
6.031405035528851,0.7599014361219086
5.655736315796638,1.1050071936340258
10.994539130021497,0.7401695513746324
9.123831925179765,0.6587744133072109
12.109604329711543,7.167577013150405
5.74765027355358,0.3329708121293001
9.51076063019033,2.64347099575491
6.536907190734947,0.0008207472618325259
39.8042770273674,1.8135853105172017
11.588784752132252,4.952520371751757
14.30359028179837,0.6791696147563441
8.149299642183301,0.41042548499098197
5.796255079451903,2.109266185215544
34.7946812449768,2.4937704040066357
7.697881416982183,2.3296998262217015
9.410517294967615,0.7693167937383288
13.395467239395375,0.5812458574922862
5.2000591380524535,6.2434437808329815
18.296767860258534,5.135694319092839
11.15294082386137,1.2224584088235544
7.608247987658906,3.744124681489393
5.508699929242244,1.2041409079525875
6.418656986511113,1.1046464501104396
23.032939568788372,0.3410143191200599
14.267515538739667,1.1116670969804385
7.300408345752045,1.5418582918755503
5.542811884454973,0.045522828338869954
14.385358661213587,1.1743805042146498
11.796681345657706,3.040622882956476
9.147093419103836,2.2791564394326462
8.615567785893532,2.016576248797002
6.955083324999199,4.806036169662655
13.859882458713356,0.036393135444642725
33.23261725049933,1.628585865495786
6.545913866634878,3.0962044837427483
12.272865108839293,1.5588720345312657
9.415751577949042,0.7828154137142334
9.73467636534982,0.29294511626283076
7.345816997714669,4.37072570584052
18.94992256223788,1.272635568478261
10.312678562062548,4.209357835819459
11.271682894978841,1.7630643534887032
7.907995857694265,2.242894772199142
6.605270561893693,3.2619478570221
5.718613350337352,2.152658096571311
15.01744105291993,1.0151778705925225
6.747579579209047,1.4415851708147664
14.371408712636619,3.249565333349544
8.95930909585379,0.9356928637335308
9.299750045923359,0.9824429498748259
10.066620649717898,0.20116637071693474
8.667238158783677,4.920453874875766
5.84839693291214,0.190900272075455
7.964241720142368,2.089437068276429
13.71883070560235,1.0661236475287748
13.76775191735752,1.0404708153419648
7.697492174385076,2.2760695045568395
9.931009653330836,0.13890109375845544
6.719887601746751,1.8013554185906948
6.889547469997057,2.957098143811851
5.186534600296021,3.5229970645952644
23.164549062097304,0.3739376116398851
6.892937972715128,4.554206073522862
7.065336998490162,2.1350767948324783
7.623605234899172,4.271681818886709
6.090298148016581,1.3282672173936974
13.156846353442424,1.5619178068150337
5.624928779109055,5.0275575838179005
6.152833171103365,4.603361870828895
13.279619575927427,1.1889974248876372
8.32001091785029,0.641547577742884
14.846582535948754,0.9990146183369004
11.521158083616928,0.9812759729878967
7.365941623760046,0.6761743297842283
13.41752399770482,0.6255337757306934
5.988862858958578,3.9474684576341845
11.150044515219557,0.14484446294736897
9.597909995784068,2.263993905765818
7.494416630902947,0.37946603135411067
12.410829506892718,0.8447319330077375
21.404257689558552,0.12703655634591363
59.53381411460454,0.6293492631903279
12.487107523706719,2.9256690361333657
9.14959733374584,4.325912832862129
7.041276091403712,0.5008423310381829
7.377508550928885,1.2455557801114616
10.223031178856491,1.270979741252593
8.66178927761963,4.13621690105182
24.610028731468642,2.8776952378629708
8.67466805013284,1.4392994554974163
8.740144533200334,2.2218588713032195
8.8700235134717,3.759281336347088
19.493422325332894,0.019169482509980455
13.416616080962953,1.0313079599130333
12.618843530237417,4.7555478240726
8.253443038620707,2.6965566761977855
18.62577783630127,1.5654496924006256
5.312953072980279,1.508533089381674
21.370974415561697,0.8547163363440141
10.751821879504877,1.470108417205436
9.06330874095741,2.1306444046865654
10.499981841871065,1.083817606499608
13.806891261140327,2.5045981769539023
5.10278083746898,3.949906885483221
21.417840066401833,0.336091520859105
9.735410937749716,1.2013074655644023
8.360162419482393,1.0485651653111872
6.190279422639789,2.3260763782135196
9.630914096261373,0.5750107501485091
10.486557082254294,2.0446969530363512
9.135375944607958,4.199112860506872
14.08204654682681,1.083021946605547
9.370192884553026,4.838590658143917
31.03966792685338,9.971028649009181
12.315889245285312,0.22430494651478408
18.180356094660674,0.5306756510032092
5.926482989058482,6.00671258461776
9.050570174808218,6.355836630167673
8.28600483147812,0.2056325663428165
11.742136365594671,0.030224230702894792
20.792786964917525,0.3513275937048176
5.652615626150415,11.049323762090152
5.602745060357232,0.3969009423520094
20.193922284155256,1.396510837731632
6.9146924866011314,3.7732534831434887
13.839133811872983,0.04122519627196969
11.262442038743988,1.8551532688177388
19.312996104795374,0.6487625128653397
6.069064072231189,3.965862948635099
6.112101070063959,0.6666456204894865
11.510204568223195,2.321543892896444
28.406464255598358,2.2430636876599284
9.289116799302061,0.500756002227649
8.167391365815785,0.07083823250288912
12.46524362560092,1.0527232828697692
26.325513913986804,0.6827090969701284
19.508499462981966,3.310730727102722
48.200339513277505,3.222521029283225
5.1826172114235005,1.221380141746189
5.958003059331318,1.8654105595460904
12.521958087291924,1.853993251920667
18.74404806098348,3.510756510675283
7.686516257485391,1.1067788733374526
7.187194736277043,0.6443998481142602
17.370796014384844,0.6158645771440798
5.464269606974367,1.5365704152919397
8.688448119496234,1.1925789529683068
10.638669178093382,1.1600683619690753
11.574186463384098,0.19112256865420962
15.433739038679569,2.5359828550646677
8.50612641846215,0.4809270801724361
12.588122172606624,0.43868564201968646
12.043054411281922,1.0646376474935884
11.34579299835038,0.5169672958246676
13.183957043339461,1.7534587463213194
7.4028880501076255,0.9287218444769263
5.707579292034488,1.1917205391634635
6.0160485472808265,1.5407879943814062
7.034828269364416,0.4551454976920604
10.54834503986515,0.33861708395075135
19.682819923292104,4.24757117726289
14.666346115051034,1.137346324694853
17.448716808007745,1.0623750876250455
8.458280028379763,0.07252346308848662
9.148896767141812,1.3782159088067347
9.002803920291164,1.6156338822303011
6.704290262255797,1.6366992635675106
5.505364473952379,2.4553781111308037
12.15067993574769,0.3907694229383436
41.238040803128364,0.5813013066104511
6.460137775003469,3.329166339918882
5.382477646960255,5.881375487760042
17.09601020927711,0.29220934902424944
7.329088315576813,1.376914608505409
19.15891017042753,0.48204550365041543
14.737455078588827,0.12390649084637526
28.301950589012968,0.7875771047691591
9.206529188861321,0.31024009111737993
13.676961240684145,2.4752872027325927
10.001737049491858,1.525961154684859
12.966756914023076,0.31058309304722675
9.776864037869498,0.018569113638924755
6.67227096568183,3.3021564106738928
10.672544641324881,0.387641413438923
11.016118199265101,1.8639087485223849
18.311315332800362,0.8217250351335802
15.639938508172024,1.761296761062297
13.720193155215824,0.7585821924654182
5.9627744143573675,0.18190640398718316
15.201353117937176,0.5045011832672948
10.550061436684702,0.41665413525487416
22.96204516715876,1.1173002422222522
25.192932967585207,2.14754932494831
5.453888556475112,0.6125234196642783
18.746952154111348,0.024286736913700417
5.307410518486336,1.4635155950609018
8.660422910646489,1.8615882456472896
11.252330224468544,6.586686631071671
6.28229653919677,1.7806164547786552
15.973258066854376,1.2741861990818135
5.06711840262733,1.7038245684908155
6.477144861038234,5.259419941359673
11.955196669051723,3.524923486807359
15.024955993403212,0.7801051870225187
24.8769913766899,0.5416613527100657
14.779719258496602,0.6093407529824687
13.912551523133335,1.4040571662905599
9.011507193606295,2.7255420440474283
5.010282008866208,1.3992128218234166
6.024114909791373,0.14040805748686422
11.118082909495719,2.571672729558887
13.99463860228245,3.2794863116979327
9.32269851578316,0.6835666533837763
15.49481076049791,2.18203682623164
10.902852023200765,1.1123152024141458
5.616570707684094,4.398601866036979
6.70570666597918,3.731572871710572
19.660562872676884,1.4907007177838723
15.325335573102155,2.352102825007216
23.012245630086092,4.2971494349683095
6.000490910432593,1.369235361092421
42.0213999329557,0.7515720645165179
6.879772963013,2.802135000387706
5.094798470153367,0.49709260987586884
52.68884557950375,0.9837825244043834
7.6399735035146925,4.01576400792924
13.821431229500178,2.5777716072238777
6.555305146250064,1.0343951137892249
11.944358720621869,0.48349227903214737
23.75017276939603,0.8800149430473078
8.087431511981556,0.6684411648332937
13.875460361690726,0.38738622819821056
6.665089702894307,2.719950834690748
12.842270387059369,0.5808914739810833
8.281212802431943,1.210886144410004
6.898023564486658,0.9750629261681788
8.005488124984225,8.043383201279264
6.576308843584977,0.9921769819367778
23.575456992290928,0.16672513736401579
9.049184462798802,0.18823843422262246
7.2512603083306395,1.786876311753706
9.759570785630299,1.829401751422319
8.091610179392763,1.0851795793944694
15.913735097793662,1.130717417054398
33.38457212696005,0.11088289394723155
9.610506545953012,1.4536003278733125
20.788173298361627,1.4053426850085895
11.675162367443445,0.32397771309769735
6.368543322680532,0.21927125099824155
14.385550778903028,0.2638025653222651
10.763069962899799,0.21300732981084178
13.412452410600855,1.8817212061210158
22.635497914426846,0.4375130079954086
9.64475852432182,0.5791815248508042
23.515449713744186,0.3812853085608323
16.111792042305847,6.332344012779187
10.364902786516375,3.8567736506075048
12.39502952444656,0.5240152332617387
8.151231167951796,0.793703501376338
37.8824744610446,0.4711734001356005
13.80534311295195,1.3540593738392566
5.35869746102027,0.0396107408473615
8.163586422820801,2.2256334447126176
12.810755850733742,1.4811407880987093
5.463857789512639,4.578132339663227
5.193392345382864,0.3591929886914543
9.783048588764366,3.2603963060146435
8.236006741604191,3.140059572790458
9.614279210517287,0.27205458493844736
7.438010721742874,1.0168544183399473
6.439884669092379,0.3730270001949683
14.347387423967852,0.5879919275782174
10.781779859594216,0.6110029308548264
6.786690671658384,1.6249265546243796
8.080471024839914,1.0600540316661806
12.168139206605588,5.902772664709677
5.599765754205466,0.2701969928026824
6.276215601985491,7.275774658761935
5.608533548960809,0.5243890223098862
18.384021458373333,2.964500138625988
16.16782423765695,0.8279118853923453
16.19707741019674,0.30882468408939373
15.079418184912472,3.9022962802670498
13.854416032275289,0.7388283438162697
10.185266854950118,2.1508977141009273
13.223996701068904,1.6714671673416526
5.312933884309076,1.2763951330119008
12.771561719193468,1.3696417717115903
17.036217382610445,2.635312863790731
10.550913266366766,0.1837326444618298
8.539273656494135,2.206329241399237
7.599491672135595,4.52311858533992
13.235721356254157,0.11905037150284849
14.442081436050396,0.3031657504675039
21.381533938404534,2.522017298663959
8.352465605577573,1.1499520786556345
16.749491934921856,1.033515101863492
11.592533824221784,0.29460385294506536
22.15347843382753,1.4135595296891874
11.003026375702394,0.27059804780663
10.83234775048032,1.294896746325118
11.899669849219418,2.8845894239285186
16.068476198128202,0.5975247535452334
31.74882103870292,1.3108789466142836
5.611276926016652,9.660623813837312
5.439321732590943,2.3208717067408133
27.18715556211867,3.682194885280652
11.038063941827648,1.0717659281380554
12.634080529621226,2.9208372352813115
10.2687850797614,0.08270504741304703
5.786703654132445,0.26229403511135396
16.691225866791726,0.45397835482944177
16.002032879560637,1.0281682692857301
7.9882825218914855,3.7382948260502085
7.9250248933454115,0.8501096315577401
19.553442340577796,2.1262269489809213
5.600868770660696,2.471025292713935
22.036126208879047,1.7646597420082477
7.372832064089641,0.8839738737479476
12.19123695551583,1.7210184224585323
26.990249973289796,0.8379081311970464
14.068673963024146,0.1752021675966949
9.281353815187492,9.868453862988218
14.35745245829267,0.2720574822557925
8.372507586553535,0.15019806059542123
7.597628344402537,4.2161882562518835
50.67022650806074,0.7185986575174549
16.11568233691203,2.1013419640583795
13.278792034682525,0.7979893620736549
8.511632978387397,0.9933664373414066
5.403282772553572,0.6079290894258735
5.252394915301926,0.8402764852776339
11.462742495339652,1.0576411338104919
16.484976784957784,2.5489054839840177
11.166780370303092,1.432979805687322
19.700001925929968,5.749339186990142
5.271983758947823,0.0855653178984613
8.655146152835595,1.3986054648399004
7.164716062015252,1.7552210450705994
9.74312810104778,5.056388013493555
5.601033796693157,0.10081584367300253
29.65583806783679,1.7042838777252753
7.021149473229115,3.8432342563786506
25.440000777517888,0.5539531047914477
9.439518071468715,4.179668292790172
38.8821790285946,0.03845414084119501
11.460537921201096,2.6369322326266356
26.369835560016995,5.409507914435743
5.042906766034422,2.1412025418568006
16.03419427475007,1.1561730062511242
23.668533070433647,0.09183871236236561
6.203984163142783,5.054304647583977
5.808521158394769,1.270874678847238
9.421137779510826,0.05885091559667259
26.705978196140183,2.3412119175010804
11.253843753077145,1.314931807564714
10.997003168172219,0.2655669275116374
6.217065501464465,0.48228871946398916
5.006318583369924,0.13332834243607544
18.29175038790776,1.7080104611454512
5.733191277806394,1.9458781476858114
13.03769358735516,1.4093964691301928
24.68481498059118,3.39765477155612
6.872138790351828,3.9466896210257283
13.755516124150205,1.9122701416354255
5.655744143954906,0.02567708445515775
12.405783481348518,2.376393511326946
6.432359965852644,1.0825669715078534
15.653042273329524,1.6673832808855487
7.867483882763302,2.094397434535899
9.979884682154843,0.8622940088124355
12.318944794919055,4.980204370600261
6.502919888363547,0.28768269722389717
15.827142997313931,2.2265087694405885
7.883631925961376,0.008738221270406207
13.68648133116025,5.171252048583411
6.37849188785548,0.2387028296261828
14.321034201107603,0.19938484194945397
6.097452465311261,0.8099533539768657
9.432043391786054,0.9354246279543846
7.271710071525984,0.48236066169867814
16.038531090337212,1.7595399211828782
7.430871096701667,1.170071656800162
22.077422489099334,0.06954646097062675
22.79168581401907,0.7703018770361735
6.749640480275961,3.326024598051478
12.612151063531158,2.340441307841068
5.734445867582473,2.581029336416415
8.974554698847445,2.3954310048295873
14.995157605903929,0.7449497050841543
13.616918125800133,0.20997433089399437
12.840250852000917,0.636192346191062
7.656314286479025,3.565028280811263
8.798842389426575,7.871688768070962
5.869115034980396,1.3618326259658908
15.15585459562961,0.019495419708923593
10.607641418949472,0.3017499964500638
14.869015590659924,0.7774536815068964
7.290195440329734,1.728276019617295
8.137685442934831,0.15612557060628668
8.25431191954641,5.741984276929747
5.208636351408336,0.9085241154470972
8.336835134223206,4.874158879358901
18.008790440743937,3.0330047611790936
23.20742812097728,2.816566897686181
10.842113636339878,1.8664647682197992
9.86312359971388,1.97119489655971
5.2504775313131455,2.0322400085155214
21.90923921031891,1.981605039700313
5.104764700411267,1.613654331795817
28.16710712283094,8.5974335773007
10.374471724831743,2.635706186921922
8.347606390193382,3.000686251240387
25.63920175713327,4.118694621003291
5.197547044228124,0.4857737556883447
11.96719153980561,0.1750502740908634
11.36910670069497,1.319016481575418
6.9807236651583775,1.4434254184734925
9.481351566095007,3.534310657101452
13.450493799106981,1.1731956291460113
15.390113391754111,1.6919116418570812
5.005736926181145,1.497619754906486
27.098373985798514,0.07790328892638976
6.438042394580796,1.9101405470197586
7.128204185536111,3.5210249906379167
7.4464799120223475,0.34276453458182116
5.30843102041349,1.8044390640160655
6.050461778757326,1.800886658069636
39.35208089800613,0.35869587849564033
8.02922316573486,0.2635540334119882
5.980063255462856,7.82924706538841
5.905271297878759,1.000823967685835
15.16831077158788,0.516043906604458
20.424409772071407,0.3758533791744234
7.375960291768715,2.202842742396706
5.1690496964490045,1.880374471688514
7.019446313448741,2.0631345147109768
5.465404357816289,0.18424379608616087
5.873118399807005,4.479870148505925
9.51814599061565,0.9861888324217871
7.090070063082071,0.7519176817660067
10.80446845830855,1.2411375592712244
7.338810351973054,0.9888092643688902
27.579248578508707,3.9839898981946456
23.91091670727965,5.297515761928237
11.6925588542124,0.7232406370543437
8.500898600216091,3.989257001267998
8.839098589498331,3.0421502520724197
9.246217147933944,5.341730589078804
15.4032623812587,0.5640636296909114
9.806571532997285,1.7205730655612013
20.5441915495782,0.6419113247160699
28.072781025777324,3.475616611733151
8.275136307878675,0.010676829167432813
11.58048132612648,1.663987233554991
5.799062470974702,0.8286184987832637
6.789840263751263,0.7792338347113545
9.268193950490938,2.070747295758262
6.847417280256356,3.8141312155953817
21.736032374915794,1.8790951322662208
6.3785223528789565,3.837000221152712
9.865461892984724,0.6146735656928114
12.44513049440259,1.4658638213040829
14.417709895822545,1.1976260049337542
8.863989536580823,0.023426464698819406
21.266515933513684,1.6275230854153497
11.720549915284625,2.1666060956830515
9.63151934262901,1.7925566669819075
5.5568642056901885,2.665733921867834
9.999266141274601,1.6941802300498914
18.751158490855598,0.13816486853249113
12.626563954313944,0.2476046598191091
19.278070031158165,1.8150315768183078
10.449933395089317,0.6431098476266134
6.00869468160092,0.16599190800687852
5.109869785269266,1.1228444391720414
7.890279247674286,1.6163198055376646
14.578373686185497,0.7972153135779959
17.49508922070756,2.5490316263517494
7.80500717802998,2.0643607927484715
10.47594065314449,0.8093858958761645
9.373265473725125,2.8119538271445403
9.228153680407498,2.0922012160675343
7.104943004169417,2.029160273279034
6.172896977264924,1.6123079348896752
6.752102339576661,0.0229100542208668
5.455377166469967,2.3847946750996165
6.766477633079432,0.9433437715736736
5.0739478986204505,5.7157603129879755
12.894958900069568,3.4073298400119243
8.04277082590494,1.7719812513176287
33.93834008065858,0.5811912436199945
6.722564355623953,0.45560224515297676
8.395086695718337,0.8321974028269089
8.543356715586938,1.2946960885159748
5.067899299706862,0.7021399623729702
19.621147061288262,1.4469220565702356
5.2601397498442894,0.36153455186064987
27.53129970386484,7.607486663616747
22.810501799927003,0.22840914068625257
11.134727231539678,5.374852870723001
11.275007723234083,4.897026275794334
13.485398949193451,1.4903993443169223
8.915775455298867,2.5813159006045385
13.335336947222586,1.145573331708217
5.3664115437784226,1.988691461056508
5.444504457866518,0.8327769147665054
9.888563157058119,0.7166641174920212
11.381349739067845,1.7265892604774165
22.50103616398904,1.378827015534065
5.884419620693358,1.7327945871185788
18.83694728138406,0.67559585752939
6.8862580475140405,0.9144364853077676
9.00810669028246,0.17525504763765445
8.045428016974148,0.10738470232703318
9.088675562931279,0.5846044704329963
6.304816307053158,0.1542953332531426
10.60250353777681,0.21912691271478293
17.941478189314076,3.352527753086699
9.660492466085447,0.07929889989024638
10.396386940431917,2.1514101120930937
20.11149964122702,0.6364413258044345
14.794985600154835,4.104363859482238
10.393887580281877,1.327146794055415
7.3839675381759555,0.729346430946071
22.297490955601962,1.4581246985679108
11.88345065636764,0.9623977869682928
6.99946990183626,1.661607578892744
7.5080452236048405,0.24327988165824435
18.001818855252928,11.611964523068961
5.361197112971731,1.108704899206723
43.71923219630139,0.8561290430387399
6.117331028908248,2.4771964656418146
17.719770003011508,0.9047971245221563
9.01724410126292,3.5828107242078593
10.421595837052035,1.2112645167291958
22.005598116975108,2.5427796452827733
9.260633401434571,0.22735269629927832
11.168761732395772,3.7431538167693517
5.404450948160779,2.661477028176835
5.01880186803089,0.47579567100806
7.246179967886182,0.3139767606606616
14.13006488577837,0.7604497262860668
6.03417427477591,7.46529373357045
5.966157559531393,0.5936651540032144
9.23409774536902,1.2180797988929064
13.349290016135244,0.06096011791416975
14.960358425422095,1.0124309655175967
6.572506396838713,1.694089190277588
5.663472345692652,6.12052505645797
27.560399521078086,1.4543845675879286
7.416048123749841,3.4197027717913095
20.357460809515246,1.5842899297589548
20.930944258772165,0.08328010273239429
16.84563479978312,0.7566970427237912
6.479402172017493,1.7139198125075639
18.798855622682403,6.015365430208766
16.731382633474293,3.9198407069898393
12.265052669617305,0.5184629504253158
8.29028051197709,0.49720435385942635
7.436006861106508,0.44922167228534077
6.039860089331967,5.114926202932435
10.70283383121373,3.8301083996873926
12.040844576795969,2.9822738641169213
8.562038466468053,0.9975803959557424
10.160329510582837,1.4038943919264006
8.614348600788144,1.248480472764516
13.195598107166546,0.5844463555197044
23.522056984462832,1.40650835381004
6.432250320953829,0.06194248711129137
8.842485284099041,0.28269024893780836
6.214667237815577,4.353484294709679
12.84543454938661,2.7860722076177082
15.441269979672064,1.0993699558394359
26.495720419465705,1.4560999657452884
7.61550819193767,0.924067382561252
28.999722701198834,2.7001552890583502
5.522818950644009,3.066687635012295
12.390831353747993,2.881798393250954
5.470637982952947,2.5646740777633212
22.93750517294307,0.4575797705283335
11.036931241814695,0.8248887509880147
13.85351901607991,1.2691733656921453
19.250066839188214,0.8033236737268501
6.303075476024206,2.8125060344678308
5.314847573700689,0.7990262852485858
21.88786360247298,0.2975385735620061
8.025911738467654,1.0184553092257604
6.104712691962844,7.815507541424634
10.055833221575185,0.512060407728499
12.296518901522042,1.8943178755789136
5.251682644210046,1.1346968904741033
7.571517718700037,0.14734597156196055
5.266798797559168,1.3383793581387327
9.362444799443885,2.4224267659839405
23.037984325321514,1.4398859073796162
37.434414185865805,4.113107963161012
13.107867637488969,0.6819885378713827
6.41043940492553,0.1803947220017492
23.90287635895804,5.5154983234313155
10.80946027842747,0.950261821122605
6.335517135032612,1.7179575415107664
25.38038672022847,3.1404644577317176
16.333007606911824,0.7840526208726917
15.525353392679174,2.51872113698996
14.880425439473019,0.2910202175298525
6.788547343422412,0.6886283005948393
6.895979515390769,0.3126308600702447
14.325533039393969,3.334457788620436
6.98484779103172,0.5037271915318446
9.619594671509498,2.5274707797251033
17.18614872409798,5.739905602751002
17.258056574676296,1.5005876038188009
9.830281211864499,1.5531845058980722
17.569046250036862,1.236203976974259
19.592036614906057,0.7887243787080396
13.508488614634846,1.2912109466817985
7.074580026544039,1.8466686208034024
7.561771925722919,8.536192285357618
8.024836621503738,5.553661311245407
5.993666035496048,3.9632212039512504
7.552387087194576,4.398803534076687
6.880911534474121,1.261656679527308
9.860583015852981,2.1426421722049014
24.125872020863284,4.50886117469613
5.882808620389439,0.998290758342876
15.191384041176955,6.5278760063773404
14.299653319216137,1.074976062327609
5.805232411325889,1.838002129987886
25.467296289294456,2.474402360252573
11.72338679290065,6.0152863784642205
8.61700190560335,0.5610588251162442
16.302374422352898,2.7418736146400335
7.380409791314284,1.4713395161045328
14.460556951109483,0.6254723517739434
5.32416971450865,2.9976440192607616
19.63110820881729,1.6069166615962742
9.756134288681192,2.163355898722411
13.100054691109781,0.7798757693205939
7.000396546440889,1.3127587614019811
14.042649554950279,1.9212913102512121
16.835712378771255,1.0380879853714655
10.12767473181751,0.4422225851225279
12.692960538305602,6.5215057262582645
9.875242690773007,1.4326987229659396
22.96142824571207,2.6479193103579477
10.511156773238227,1.0588184468473425
19.751602207319994,0.8774185367332782
17.929769264521262,1.0456759631116832
9.227909901969129,1.0525440950898475
7.091795998721459,1.5713150771961184
9.168113915858852,1.5682011577875186
18.999600374723705,1.3749419052633398
7.06635881866681,0.289556310431091
10.946036305193125,1.3706575621107637
18.123167561120162,0.3705010450681994
8.489177920974075,0.26966055458195803
13.222464338553191,5.395577580085977
7.254995213854231,1.8574859461890194
5.925796254952241,2.1546219118936407
17.653968177138967,1.0276391033086243
5.833721582355776,4.793371631100493
7.532838876558346,2.0318381357073623
20.45421164725267,2.9321464097549024
8.402925995503388,0.9195125274874978
33.90879549393975,6.438345778931312
36.19061754466293,3.4347288811792014
7.498815306037006,3.847591453020238
5.334731964361312,0.37795354923982627
14.767955747085665,0.6320621578691115
9.797058019478623,0.6726989674253347
5.8495788720158535,0.6319140648612701
14.834949031628732,3.8676808338767166
5.253369505150242,0.06480837114561283
21.33387982447269,0.1583028527571559
6.194058314514477,0.6401760258920017
6.089416291158587,0.4459695644609847
6.545497051943569,0.5275655362319106
30.804456455815398,3.1984127596031238
14.4516747654487,1.6562236287890608
17.930553693421505,0.011574751785455351
9.055133451428862,1.1218629861566045
8.279553724859236,1.048108565334397
7.13764137273671,0.24195311529790287
10.241387622904412,2.2548989562266177
11.420638627227582,2.4219759623442583
12.992485520076652,2.552321685940778
7.377749927412836,2.607372261633271
28.753358544585367,0.00010565665537666425
6.4883092359871695,6.15478741467397
31.969965509149826,3.366263278310376
5.11974063965372,4.686432890318862
10.248748847291044,0.03153388569999008
8.244134932979659,5.431926729089271
9.769955813131746,3.3192376376998305
11.764134387003075,3.6307008361376685
9.575782795441626,0.19585946205769098
9.287053373249563,2.6847695383710914
15.555770075398705,6.433590463711999
14.263746738365018,2.26980999567303
19.331097845859908,1.6905530309455197
7.30101905813315,5.8238736416832655
12.52320256560563,1.1701543161106036
12.039569850630915,1.8290524106867059
8.692954983637268,1.2938188028421764
10.32515175216608,5.401540171939713
8.012481010532408,0.1582698143568408
6.2237587294256205,1.3907781868405802
6.9243648470968635,2.3228003110578097
5.892045056385821,3.1395359313857254
14.192584074313329,1.7494275525493466
13.647610757093327,4.7919845399866885
29.063470739651713,5.69432962357706
15.465143745343237,0.1329618221919228
5.427593048115576,1.0295686968448658
22.25024714373311,0.04747713020524764
20.883248690593284,0.7992145695341569
9.686122293241837,1.5394872779618596
12.05246851225138,4.833634816325983
34.86376511713747,3.748817333744583
11.079500357894178,0.272784623271347
23.858174445079,0.1952926373360308
5.6935205879757245,1.7796254707765449
6.696163828605723,1.5190781854896942
9.64934014450597,0.6195217612562574
12.031127411025945,4.594261680099768
18.552468912582725,5.244655569123315
40.55946917065931,1.0303750405069452
8.939322395054951,4.420058444064146
5.388612839375366,0.9688507100622344
17.922501211579906,2.6698100645933094
12.418423536045658,1.2923066577702016
6.770590253480403,0.26154618676595437
10.46285774023793,5.260351411169122
15.847991357719721,1.2106264596713776
16.771743626092164,2.652183254292863
10.539074365025535,0.9151189658066367
7.913217260097009,0.038122796444192385
34.1184539268439,0.21189995358256472
13.709991398668565,1.371229161872084
9.197199517747523,2.342136022201122
7.6331811277781565,0.815140624730759
15.507414473002777,2.37809258331198
7.218511482289918,2.398870160319554
6.507135448472777,2.434358637598586
11.03735375182903,1.3566032622055402
7.739780418121519,4.927531016732848
12.930380599947261,1.3435406761020225
6.003949566170939,1.1966385740616785
13.512321320969937,0.44473974888528656
7.664744732519608,0.735342037725932
5.001943711582899,0.08651343819608404
6.085971851722358,2.007706122763254
26.698318745790218,0.5714632687257126
21.160609372877612,0.725257420640551
7.128502699287174,2.94644730839107
17.054036380827853,0.7926773117970283
12.503621193383003,0.5546607189485504
33.29743218725276,0.37038996016768494
8.742201354899347,2.982051502166086
14.152073168397548,0.27784897964996996
5.525151219455556,1.2093708326990757
9.03672543614418,1.4142087252129
31.5534732586256,2.325597184871577
11.194525998024321,2.006332321662977
7.7160651599987595,3.329062868095531
6.02513065256689,0.09156738751347844
14.726429180099288,0.7032062967571657
13.281856481909733,0.6573807208009912
8.746456088661377,0.31568776232961704
29.117910367110838,0.6826671785408337
5.179624045565915,0.741447229578918
7.896071459530347,1.4758057284987933
25.313499095833674,2.179529957141954
8.096312579736516,0.9596248002313649
7.325522970578808,2.542150864850918
11.112341915465318,0.8194443287944548
18.889163975791774,0.6857798686001976
5.870904346630125,1.5582297212485037
27.92053923428043,0.04800424069690636
17.680807048096945,0.16630484352626887
6.599814433254056,1.0824650040251118
14.958579538219546,5.72634760684168
8.8885271661232,2.5567590359445656
9.117259353493987,0.184508161772139
17.233565210508793,3.7457396594315147
31.32830570764668,2.635782414171953
6.083404893089648,1.8880769575025325
9.366515052355293,3.43285462588943
10.245911149094162,1.0353978743944006
8.776837937330725,0.5007752751067577
8.610260520051705,1.4349756055583065
5.429473771957028,1.5918742530118943
14.255152082106557,1.5457941409271985
9.58465017573209,1.6651577957392907
6.733255108634897,5.94032080702045
18.544012925439567,4.650594609219915
17.978594620263756,4.170388699733221
10.330353810314108,3.2330943560529497
7.835712388420895,5.744486023820116
13.130937988616068,0.20737858514636553
7.719128513970695,0.6161049929604526
7.153582958994782,1.3666152786362902
15.489930119817823,3.748558896215651
5.329286746392072,1.4070646864293588
5.7965162791277995,2.7569281110072734
5.054490547803086,0.2992284159669925
6.327900083195637,0.5818113599961321
5.571882159840957,2.6318663620032487
48.785877358296695,0.3600101052560003
7.72652490701063,0.8657422964951761
6.293265108152504,0.6154056683279994
7.205988571376034,0.8611403212144876
27.006689426312462,2.464223700133156
10.874424230165069,0.91724822415086
8.630750868837467,1.620545816316951
21.533242387818635,0.21056965272113273
9.020085914747751,3.2696929181431402
8.263849004510021,0.9237173810712274
6.858307131049938,2.0912855064059372
8.795908719344148,2.584803838293661
8.04638706165521,0.47058642617915747
14.048355594272728,4.320001838133101
7.735221933582726,1.9153937710838398
11.88684340183049,1.1197696443739686
5.545307139358575,0.4026055724589644
6.698510805250466,5.705028720774277
9.185956316921551,2.813550982808404
27.110523066509053,0.4664498024014465
8.788906507752724,0.824105844539014
13.726917937307674,3.318036487331402
7.355905156258684,2.379335641891592
6.086865474660754,2.90302552448783
5.4825584469007325,1.1639312481307273
7.915508579275555,2.5209188593244054
6.372582118020018,0.9771295664057039
6.529385235768719,0.47464448345523996
16.442281247475833,2.003027607713356
5.127718667366721,7.460563700635516
11.528127274906666,0.7438700678898783
8.81733949681403,1.2359665889486469
10.6506699374303,2.2417242067200416
11.619469489036748,1.5596173776923927
8.007650780723605,3.708476012257512
7.797695197611868,2.8688082479735257
15.576102464013356,0.12013111445184871
21.40073902308722,12.902223402937542
6.711306574587585,2.7919012964696077
5.821745504436561,3.988779472441017
23.246260549666015,2.106500055218306
8.444976830924682,3.879847996377213
11.41151619708714,0.23842981417994805
8.564588164809198,0.8546174103453087
6.075590152877955,4.181748389909082
12.11975449789319,0.4504294175288231
10.957896391700379,0.16294533942090608
6.8151401512691,3.103460398455975
9.809928407761436,3.60952110418972
17.75432585970922,0.3550315697291459
12.141103484626585,3.8530424293012
5.815529408962123,2.321620992775327
11.352965284179035,1.468282893238613
14.705139047908826,3.5468592964444774
17.58883751129588,1.0868672294525645
12.934961521184633,0.4313280760429696
6.325208655767961,0.6705334216287849
14.90777604447276,1.4070578428190426
14.049294905645855,1.5157161485111743
5.197841346477822,3.2754775248036743
9.244794291080513,3.1342202514387454
8.239125148704542,1.7415191603026818
13.85506069005083,3.0354090011572556
6.948156029009567,0.42582577271879185
12.14981620157876,0.10272243990107732
24.55373875335835,4.1371428344233765
17.788077635645777,0.15712234785966925
25.352947255429733,0.5665527296838319
35.71983931296485,2.376979572023992
5.085819688134649,1.053394961277942
12.798592458829074,4.18001787959433
9.259655185670557,0.7075861856763109
20.72059233103107,0.02388474757985067
7.320836856796852,0.715224024445202
36.71895651355758,1.725855644864095
12.60929311980059,0.94301231624476
17.621088060647303,1.530888534597568
5.715893419701508,4.1846178463565
6.621414301537878,4.871891382817883
16.36389612794546,0.6184218334663176
5.177854623171144,1.2403157112915264
18.580820836526073,1.593214629469461
5.1123777642844095,5.956274235912185
13.562970891336313,13.16746205956681
8.634225575243663,0.5368238766635269
12.563590881185384,2.596419510362378
14.526647163017643,0.9497302535432586
8.354182609519672,0.016282494175031123
5.9139763900623405,0.018591185802218184
5.577519823587915,1.234469702564491
12.112051309882096,1.340169989877207
10.882683426068528,0.04565658101407738
6.121564500645815,3.723981999365897
3.7640203315697187,2.9713736603141507
5.359358609215697,3.495772100027668
3.8055144389925126,3.3493206813531904
3.002805889215843,5.116692718347426
4.443042431593252,5.376132534744377
3.3936401887430048,7.669684524929027
5.208805861515009,3.1734238826091383
3.19297118171888,5.850054260968975
5.050435859867762,6.903555613925137
2.9442710892132054,5.361448782698315
6.02584825691471,3.5300219150064542
6.523626106648544,3.5753013801200013
2.6623654054996027,2.2355183184259992
4.806814472224035,3.83266535929089
2.4252302039292415,6.46762207402028
5.589094673252014,2.2851065432426623
3.5864257875778724,3.315771695028984
5.1657467410322475,6.237394991190691
5.104766056305747,6.6959093769372595
7.5461260771628025,4.73191046037157
5.294499335412337,6.188446030871893
5.497990878309894,4.327713011929352
4.409918754586282,2.959479470144765
7.694477619096901,4.388896961137439
6.663115456637658,5.479806921218858
3.712431741817049,7.688319691117342
7.065257514657392,2.412505712532064
4.59437816111054,5.044364563069763
6.972002861201563,3.9735186692643465
6.937328409761012,5.049870165660167
3.1332211205771263,2.14385268425919
6.206846788301462,3.878152128209488
3.7438578158391866,6.91920888516203
3.7849560199560095,5.323650403127825
3.7780884612834846,4.703494956896704
6.353409485359689,3.7131504302920373
3.378956250755216,3.7882551367481354
2.0054350114765414,4.298608601543506
6.291421120895799,7.013424259787362
3.0271084630107516,7.80327924084961
2.626894371847008,4.631932288102247
3.425096723564361,4.360117032486571
4.279403133936224,7.079304654919177
4.855437964839204,4.561431923817821
2.267420244275785,5.312109033773908
7.823439995764163,3.3856499875924664
6.2963783205173485,6.461015214674451
3.939164391946017,5.191929909624691
3.912183543712384,6.85420730144205
4.691255296210756,6.684396380172018
5.7574689365781975,3.2900286096201716
2.8782383995338066,6.293813303346575
3.133578882589714,6.800326447708228
7.156607497001305,4.076643444694371
3.5375295433344354,3.035654677413647
4.281169987851065,2.0157929334775293
7.227631105700702,4.705421918558889
5.978886976398935,4.11459638923305
4.05027127605013,5.329459002952453
6.102197274347724,3.128246555532715
2.1180992922884823,7.157993285998851
6.413855960068192,3.546531293768658
4.922096243097437,3.3585776305259
6.879092883706767,4.884284338906136
7.72782591203881,4.9931061424656455
7.55473129696741,3.290511372710557
7.455590260732045,3.631164360355495
5.073019735603323,3.0182314349314696
4.160852684833628,6.310761069939001
4.790211948384036,6.620534187524491
6.139376019880165,4.773970984755696
7.30398666122712,6.2845221361101045
3.2419178180007173,6.415612351624673
7.509158950770218,2.8296531660668514
6.891081391819334,7.79706814900722
7.873136091069408,6.926191682578586
7.281510639690123,3.226900767174941
3.67962397815144,3.1169902144764214
2.6357354680642864,2.7539668734774967
2.6734464319495315,2.8302713752515105
3.7473399114696564,6.488970794172177
5.685102343907236,4.817925541709741
6.825921956583035,6.697605036439203
7.395501841889388,6.4775293661012325
5.742520306215397,5.62767628103133
2.033787876488322,6.118199639472078
3.117900659111201,2.110134346274851
2.5983572231202077,3.8706658808301317
4.1799468534140605,5.826933075556461
5.0081059618024755,2.056069720917465
2.260383071471365,2.19786166209556
4.090867854773932,7.111327894822299
3.0750780477519353,6.10414917015243
5.882420997553243,3.5922183987220637
4.78563421594604,6.127777040712254
4.971905881603453,6.75474001483558
4.566150728200767,3.840765698660608
7.736118262919402,2.216224264995125
3.2884107507293794,7.596674748126407
5.099985559063246,4.071079029773783
6.416104210192016,2.6388905797082383
5.341066478807376,4.9511412283588845
7.574125314300806,6.610806773984803
4.267810133847705,3.329883887705355
4.782054834639068,3.61694030080018
2.5311338912883707,3.456289920791499
5.653994666311571,7.950038316990069
3.729271810688636,3.1844224023832552
2.961854237093413,5.4531213017967435
5.267187757427049,7.551587849941786
5.193861580279464,2.8813794132666755
2.4552298473442855,7.8251251872062015
6.1892927209668365,7.684863406373747
5.742633143905117,7.307431922349576
3.1341036964789835,3.2873391279800135
4.816609172924263,5.8043303360659
6.3219374988713595,6.565348837767441
5.176614443247659,7.916167569178578
4.3729344571014215,3.0825429324882228
3.934030748485662,6.596155397115779
5.662363199864322,4.032807019562678
7.634652189861443,3.053758793408014
6.0304690428649,4.52826164728313
2.448475421817893,6.7630154728916985
4.764109840892803,4.789098822224313
7.344944789063765,5.2251386012182905
2.5667745548065213,7.9709564612007275
7.93325427282526,4.394655797344556
7.694416361872528,5.692404528255439
2.469646884379255,4.191465209692231
7.60047992269733,4.356713877972229
4.178795541556774,6.173844520672448
7.068255002455175,7.627321856569301
4.510300026279629,5.2541537029539285
4.6451306762150955,6.610399573692679
5.805458545865256,2.535239352901783
6.6468645156559,3.2669482245915615
2.202734905689492,5.012789845517195
5.558935973162805,2.1200703417726485
3.120397964584226,3.517129872575353
4.075697107179217,5.104407738949797
4.087811996931299,2.0897671895378043
4.8143620413269215,3.5872777173562502
4.004818471257041,5.084184916855217
2.6441667107040066,5.438895487887474
2.873772431152709,7.554510158331833
2.200627913366586,5.872073739503647
4.821494511972526,4.488414815179962
7.726686169117931,7.582107062798407
2.6940513418886995,6.709297900326765
7.677586958018492,3.2000535266764856
6.400169088392561,2.785054168092919
5.824992817604979,6.0548698144563975
5.871666531941377,5.359298993461903
6.960365890377693,6.738041682756534
2.641519186278928,6.432830300472119
5.028525941393251,5.751269203145091
6.182546829564551,7.918293029773353
5.520922670441382,5.201538380662452
6.9966744261397675,2.678634539010319
2.4336302540681087,6.96964138889593
6.144206236994996,3.5111201740742537
5.204166382308307,6.66381288886351
4.274965183879661,7.742642576000309
4.041649893404185,6.180773083786048
5.724995796645157,5.576180965698807
7.345972247865589,4.762317054050244
4.977055556606691,4.18645919597242
6.948338984461521,4.118028505831018
4.412938291063805,5.818236234257544
2.6143667767590593,6.507638701626475
2.3690344187518315,6.071102416906486
2.3080062279420654,3.190460607161376
4.280900851746019,4.963923080860948
4.023426505015053,6.7498404330983774
6.307622141735417,4.854224469134337
6.456929009509195,5.219739678412963
2.3051238130024387,6.626816289024933
3.3267395773340898,5.967591837590549
3.645571100953398,4.456069525294356
5.285671904856857,7.372476267165314
2.8670913434417016,2.9754024119808715
2.803647316400002,7.973098691541948
7.662733335247748,2.7131154708574234
6.825217443786686,2.0896998266254334
3.083929412547022,7.340113406892588
4.439406847432946,3.4697210501957363
4.133731995545393,6.378197764680325
6.746024444392444,6.866092249592416
5.061277498868733,7.153918346192701
2.767098421960802,7.949565413985001
6.433952378937463,3.7642382602399946
4.381327869349514,6.261460051563555
3.577545485792882,2.6923991496849693
4.252991732124321,4.440855748141097
4.9865393816413786,7.087830159875542
4.058693098502056,4.2059482763546505
3.451434635550547,5.546572283213685
4.391012172823882,5.022640662347804
2.1150374644993892,5.87570918667227
6.634987076577883,7.83736633632617
3.025669361405515,2.3344131590084127
2.2634276817838233,5.443769105009778
5.922192157430475,7.178172675501709
6.643616772942034,4.8882962704905655
6.882974789557059,2.471163115649437
4.9610550959636,5.3632361145006255
3.232209108139912,3.992443344942923
6.42336606349896,2.929650712027615
6.198278462926023,7.094207079700838
3.477624404619039,5.1295970779467295
7.420446535176758,7.5996584742744
2.626228748496974,6.836099027618414
7.896129437547954,6.157830762642004
7.161486865864788,2.0301530201918716
6.127391872874451,4.5669407398295
7.632499329678997,3.1849176899121936
6.333867009942247,7.464787466293206
3.142741982180276,3.047503908058162
4.652936828676871,3.716360309955713
2.4290181459898124,5.101020606406995
4.337944533728693,3.5801817139884755
6.449618118423252,3.259188063674727
4.318660105584904,5.594595950616514
3.9817650528088047,2.533577136530143
5.572134335061872,2.349006552325548
7.23322717399337,4.233471771116428
2.285499155276675,6.323986727047174
4.312822608198412,5.328840549643688
2.9494444508915763,4.537258810800673
6.172125504391218,5.394509385347495
2.6343473625868095,4.192708907919641
5.988846551481467,7.616878012592677
3.7170852247874437,2.329429345464646
3.193500882423348,6.040348874179012
7.618115346949912,7.347695988966503
2.111147460475735,6.82330825241152
4.626663631337413,3.1042462089286804
2.1297619547707627,3.77555809388173
4.901558288625974,6.302287632242628
5.006284266766509,2.505623355084593
3.929974828368482,6.871170198995504
2.792970665150142,6.313441667628742
4.258325226406852,6.377639895412056
6.033577639595396,2.6014482216055486
6.694374851866755,6.306563268897385
5.184503614328854,6.07890875131982
5.539006366638533,6.9855349449311035
3.203698226747916,2.249575737538817
