refcode,metal,S_TBPY,S_SPY,delta,in_ridge
ABAHUH,Co,0.62,1.06,0.44,True
ABAJAP,Ni,7.83,9.03,1.2,False
ABAJET,Zn,3.68,5.77,2.09,False
ABAJIX,Co,4.33,11.28,6.95,False
ABAKOE,W,0.42,0.81,0.39,True
ABAMOJ,Cu,0.73,5.44,4.71,False
ABAMUO,Cu,4.69,5.94,1.25,False
ABAMUP,Cu,1.1,5.73,4.63,False
ABARON,Co,0.74,4.88,4.14,False
ABASAA,Zn,6.06,7.07,1.01,False
ABEGOG,Zn,0.08,0.74,0.66,True
ABEJAS,Rh,8.81,11.62,2.81,False
ABEJUM01,Ru,0.3,1.95,1.65,False
ABENAW01,Zr,0.62,0.88,0.26,True
ABERUW,Ti,11.9,6.65,5.25,False
ABEWIQ,Fe,0.16,1.17,1.01,False
ABEYIQ,Zr,0.51,5.5,4.99,False
ABEZAJ,Ti,7.11,8.63,1.52,False
ABIJEB,Fe,7.35,9.39,2.04,False
ABILUW,Mo,0.07,1.22,1.15,False
ABIWUH,Hg,6.21,6.77,0.56,True
ABIXAO,Hg,5.2,5.35,0.15,True
ABIZIW,Cd,3.75,5.58,1.83,False
ABOBOK,V,1.11,5.93,4.82,False
ABOFAC,Zn,0.69,0.85,0.16,True
ABOJOU,Ni,4.32,6.77,2.45,False
ABOMAH,Ni,5.12,5.67,0.55,True
ABOSIW,Cu,0.4,0.69,0.29,True
ABOWOF,Zn,0.17,5.63,5.46,False
ABOXOI,Zn,0.77,5.61,4.84,False
ABOXUO,Zn,0.59,0.92,0.33,True
ABOZOJ,Fe,0.3,1.07,0.77,True
ABUBEI,Hg,5.65,5.85,0.2,True
ABUFEJ,Ru,5.69,5.77,0.08,True
ABUMUG,Cu,0.66,2.01,1.35,False
ABUNET,Cu,10.97,7.99,2.98,False
ABUSAU,Cd,1.05,6.93,5.88,False
ABYPCU,Cu,10.27,6.28,3.99,False
ACACVO02,V,0.1,0.69,0.59,True
ACACVO03,V,5.18,5.95,0.77,True
ACACVO04,V,0.1,0.84,0.74,True
ACACVO05,V,0.1,0.69,0.59,True
ACACVO06,V,0.1,0.85,0.75,True
ACACVO07,V,5.17,5.95,0.78,True
ACACVO08,V,0.1,0.85,0.75,True
ACACVO09,V,5.18,5.95,0.77,True
ACACVO10,V,0.1,0.84,0.74,True
ACACVO11,V,5.17,5.95,0.78,True
ACACVO12,V,0.1,0.84,0.74,True
ACACVO13,V,5.17,5.95,0.78,True
ACACVO14,V,5.19,5.95,0.76,True
ACACVO15,V,0.1,0.84,0.74,True
ACACZM02,Zn,0.34,0.44,0.1,True
ACADAL,Cu,5.0,6.83,1.83,False
ACADEP,Cu,0.35,0.69,0.34,True
ACADOZ,Cu,4.44,5.69,1.25,False
ACADUF,Cu,4.92,6.64,1.72,False
ACAGAP,Cu,5.26,5.71,0.45,True
ACAJIB,Fe,0.72,5.85,5.13,False
ACAVOS,Co,5.39,5.93,0.54,True
ACEBER,Re,5.0,5.75,0.75,True
ACEFUJ,Zr,0.94,6.89,5.95,False
ACEGOH,Cr,0.57,0.93,0.36,True
ACERUV,Re,4.86,5.52,0.66,True
ACIFIC,Cu,4.93,6.18,1.25,False
ACILIH,V,4.12,5.76,1.64,False
ACIZEU,Ir,0.27,1.31,1.04,False
ACMCUA,Cu,8.21,10.5,2.29,False
ACOCIF,Zn,4.52,5.69,1.17,False
ACOCIF01,Zn,4.53,5.67,1.14,False
ACOLAI,Cu,1.23,3.37,2.14,False
ACONIQ,V,0.23,5.33,5.1,False
ACOSUG,Mo,0.14,0.85,0.71,True
ACOTIV,Fe,4.67,5.74,1.07,False
ACOTIV01,Fe,4.84,5.82,0.98,True
ACTHCU,Cu,5.2,6.08,0.88,True
ACUBOS,Cu,0.52,4.36,3.84,False
ACUBOS01,Cu,0.52,6.72,6.2,False
ACUDOT,Cd,2.47,4.54,2.07,False
ACUVOK,Cu,6.84,12.86,6.02,False
ACUWUQ01,Pt,1.05,4.6,3.55,False
ACUWUQ02,Pt,1.06,4.58,3.52,False
ACUWUQ03,Pt,4.61,6.32,1.71,False
ACUXAX08,Pt,0.93,4.79,3.86,False
ACUYEC,Cu,5.28,6.45,1.17,False
ADABOW,Zn,1.06,6.49,5.43,False
ADABOZ,Co,0.46,5.57,5.11,False
ADABUC,Cd,5.74,5.94,0.2,True
ADAFAQ,Ir,5.51,5.73,0.22,True
ADAHIX,Cu,0.07,3.8,3.73,False
ADAKEY,Co,0.26,5.73,5.47,False
ADALIB,Cu,9.84,11.41,1.57,False
ADASOR,Ru,5.66,5.86,0.2,True
ADASUX,Ru,5.66,5.87,0.21,True
ADASUX01,Ru,5.71,6.07,0.36,True
ADATAE,Ru,5.73,5.99,0.26,True
ADAWIO,Cd,3.86,9.2,5.34,False
ADEQUX,Cd,5.96,7.0,1.04,False
ADIDAS,V,5.1,6.07,0.97,True
ADIFEY,V,4.77,5.47,0.7,True
ADIPUB,Mn,0.07,0.76,0.69,True
ADIQAI,Mn,0.07,0.73,0.66,True
ADISIT,Fe,0.29,5.49,5.2,False
ADIZET,Cu,0.74,5.71,4.97,False
ADOROA,Mn,5.43,6.59,1.16,False
ADUGAK,Zn,0.61,7.46,6.85,False
ADUZOQ,Ru,5.73,6.23,0.5,True
AEPIPC01,Cu,4.99,5.91,0.92,True
AEPIPC02,Cu,5.0,5.91,0.91,True
AEPIPC03,Cu,4.81,5.85,1.04,False
AEPIPC04,Cu,4.82,5.84,1.02,False
AEPIPC05,Cu,4.81,5.85,1.04,False
AEPIPC06,Cu,4.84,5.87,1.03,False
AETCUB,Cu,5.32,16.12,10.8,False
AEZNPB,Zn,0.67,5.81,5.14,False
AFAFIA,Ru,6.82,6.82,0.0,True
AFAJOH,Cu,0.66,5.9,5.24,False
AFATAE,Mn,4.49,6.11,1.62,False
AFEDAS,Cd,1.05,3.83,2.78,False
AFEGUO,Cu,4.5,5.82,1.32,False
AFEHID,Zn,4.78,6.32,1.54,False
AFEJAX,Zn,5.45,5.98,0.53,True
AFEKOP,Fe,3.09,7.43,4.34,False
AFELED,Cu,4.64,6.63,1.99,False
AFELED01,Cu,4.64,5.05,0.41,True
AFEPUA,Co,0.37,1.19,0.82,True
AFEZAP,Cu,4.78,5.9,1.12,False
AFIBID,Zn,2.16,2.46,0.3,True
AFIDIF,Cu,5.36,6.61,1.25,False
AFIMEL,Mn,5.11,5.49,0.38,True
AFIMUB,Cu,7.36,7.15,0.21,True
AFIPUA,Cu,5.13,6.4,1.27,False
AFIPUE,Cu,4.15,6.77,2.62,False
AFIVUH,Co,0.46,1.08,0.62,True
AFOKOZ,Mo,1.21,6.21,5.0,False
AFOKUF,Mo,0.79,1.62,0.83,True
AFOLAM,Mo,5.77,6.03,0.26,True
AFOROF,Cr,1.0,1.55,0.55,True
AFUFAI,Y,1.57,5.33,3.76,False
AFUFOW,Sc,1.1,1.13,0.03,True
AFUPOK,Mn,5.62,5.94,0.32,True
AFURIF,Ag,6.15,8.56,2.41,False
AFUSAV,Mn,0.04,1.04,1.0,False
AFUSAY,Ag,3.34,3.83,0.49,True
AFUTEB,Fe,0.66,6.07,5.41,False
AGABUH,Cu,0.22,0.74,0.52,True
AGACUG,Ni,0.18,5.53,5.35,False
AGAGAQ,Tc,0.09,1.49,1.4,False
AGAHIA,V,0.11,3.34,3.23,False
AGAVEM,Co,4.18,12.36,8.18,False
AGAVIQ,Co,0.87,4.44,3.57,False
AGAYOZ,Cu,5.72,6.97,1.25,False
AGEGIC,V,0.35,0.46,0.11,True
AGIDEA,Ir,6.38,6.55,0.17,True
AGIFUU,Ru,3.51,4.17,0.66,True
AGIPUC,W,0.56,5.52,4.96,False
AGISER,Fe,5.47,6.67,1.2,False
AGIVIW,Zr,0.43,4.76,4.33,False
AGIVOC,Zr,6.37,7.55,1.18,False
AGIVUI,Ti,5.96,7.16,1.2,False
AGIWAP,Ti,7.65,7.72,0.07,True
AGOVOI,Cu,1.5,3.7,2.2,False
AGOVUN,Cu,5.17,5.96,0.79,True
AGOVUO,Cd,1.18,4.56,3.38,False
AGUDIR,Ru,0.15,1.41,1.26,False
AGUGOY,Fe,0.51,5.18,4.67,False
AGULUJ,Re,0.34,1.59,1.25,False
AGUMAQ,Re,3.99,5.93,1.94,False
AGUWIL,Fe,0.35,5.88,5.53,False
AHABIY,Mo,0.28,5.63,5.35,False
AHAJIE,Cu,5.14,6.51,1.37,False
AHAQUV,Fe,0.5,6.25,5.75,False
AHEHOK,Re,4.88,5.8,0.92,True
AHEHOL,Cu,0.41,1.13,0.72,True
AHEQOU,Cu,10.79,9.83,0.96,True
AHETOZ,Cu,12.05,7.27,4.78,False
AHETUF,Cu,12.17,10.94,1.23,False
AHIGOO,Ni,0.09,3.24,3.15,False
AHIGUU,Ni,0.1,5.44,5.34,False
AHIRIV,Fe,4.56,6.31,1.75,False
AHIROB,Mn,8.32,4.97,3.35,False
AHITUI,Zn,10.02,19.26,9.24,False
AHITUI01,Zn,7.0,9.03,2.03,False
AHOBOP,Fe,4.96,5.43,0.47,True
AHOBUV,Fe,5.81,5.85,0.04,True
AHOQEV,Cu,9.35,8.65,0.7,True
AHOTIE,Cu,1.34,5.13,3.79,False
AHOVOK,Cu,14.93,10.89,4.04,False
AHUGER,Co,0.87,1.18,0.31,True
AHUGUG,V,0.16,4.36,4.2,False
AHUQAV,Ni,1.07,4.82,3.75,False
AHUQEZ,Ni,0.95,4.99,4.04,False
AHUTED,Zn,9.09,14.35,5.26,False
AHUTON,Cu,5.33,6.64,1.31,False
AHUVIM,Fe,0.95,6.76,5.81,False
AHUVOS,Fe,0.85,3.66,2.81,False
AHUYOT,Nb,0.87,5.51,4.64,False
AJAHEB,Ni,0.9,5.1,4.2,False
AJAQOT,Cu,5.56,7.51,1.95,False
AJARAG,Cu,0.58,5.16,4.58,False
AJENAE,Zr,1.15,7.72,6.57,False
AJENEI,Hf,1.13,2.14,1.01,False
AJEZUK,Ir,4.71,7.23,2.52,False
AJIBIE,Ir,5.1,5.39,0.29,True
AJICEC,Cu,4.69,6.3,1.61,False
AJICON,Zn,0.94,6.35,5.41,False
AJICUT,Mn,1.81,4.53,2.72,False
AJIDIG,Zn,3.52,3.54,0.02,True
AJIJEJ,Cu,0.63,5.67,5.04,False
AJIMEM,Zn,6.37,10.88,4.51,False
AJIMIR,Fe,0.52,1.37,0.85,True
AJIQAM,Ni,5.14,5.68,0.54,True
AJISAP,Cu,0.8,4.13,3.33,False
AJOBAE,Ru,0.73,1.09,0.36,True
AJOBEI,Ru,4.91,6.1,1.19,False
AJOBIM,Ru,0.65,1.16,0.51,True
AJUFOC,Cu,7.72,15.19,7.47,False
AJUJOE,Fe,0.62,1.1,0.48,True
AJURII,Fe,5.87,6.07,0.2,True
AJURUU,Fe,4.87,5.9,1.03,False
AJUSAB,Fe,0.4,6.1,5.7,False
AJUSIJ,Fe,0.38,1.17,0.79,True
AKADOG,Co,0.67,1.31,0.64,True
AKAGID,Ti,5.2,5.54,0.34,True
AKAJUV,Cu,1.33,5.23,3.9,False
AKALII,Ti,4.33,5.0,0.67,True
AKECEC,Cu,4.87,7.07,2.2,False
AKECIG,Cu,6.4,15.05,8.65,False
AKEJIM,Fe,0.15,5.47,5.32,False
AKEYAQ,Cu,4.81,8.08,3.27,False
AKINAJ,Ta,0.37,0.67,0.3,True
AKIPOC,Y,0.97,4.18,3.21,False
AKISEV,Cu,8.78,12.95,4.17,False
AKISOF,Cu,7.06,7.74,0.68,True
AKITAQ,Nb,5.02,5.57,0.55,True
AKITIY,Nb,4.86,6.16,1.3,False
AKITOE,Nb,5.25,5.68,0.43,True
AKITUK,Nb,5.29,5.46,0.17,True
AKIVOF,Ir,0.74,1.93,1.19,False
AKODUA,Cu,13.58,15.65,2.07,False
AKOHUG,Co,4.84,6.05,1.21,False
AKOSEZ,Cr,5.68,6.02,0.34,True
AKOSID,W,0.07,1.21,1.14,False
AKOWOM,V,0.49,5.55,5.06,False
AKOZAE,Zn,4.63,5.95,1.32,False
AKOZEI,Zn,4.67,5.97,1.3,False
AKOZIM,Zn,4.84,5.92,1.08,False
AKOZOS,Zn,0.42,0.58,0.16,True
AKUMAV,Ru,5.5,5.86,0.36,True
ALALAA,Fe,0.1,0.68,0.58,True
ALAPEI,Cu,0.41,0.43,0.02,True
ALAPEI01,Cu,0.28,5.99,5.71,False
ALAPEI02,Cu,4.68,5.66,0.98,True
ALAZES,Ta,4.88,13.41,8.53,False
ALELAF,Cu,0.52,3.48,2.96,False
ALELEJ,Cu,0.49,6.36,5.87,False
ALELIN,Cu,0.48,1.5,1.02,False
ALERUE,Cu,0.58,0.64,0.06,True
ALESUH,Cu,3.56,6.66,3.1,False
ALEVIZ,Co,5.41,6.51,1.1,False
ALIFAD,Cu,4.58,5.55,0.97,True
ALIMUE,Co,4.78,6.14,1.36,False
ALISAQ,Cu,1.05,4.44,3.39,False
ALISEU,Cu,5.06,6.45,1.39,False
ALISOE,Cu,9.82,15.82,6.0,False
ALIVUO,Cu,0.52,4.52,4.0,False
ALIWAV,Cu,0.5,0.65,0.15,True
ALOBIM,W,5.65,6.0,0.35,True
ALODIQ,Cd,1.08,6.88,5.8,False
ALOGEP,Cu,9.04,14.19,5.15,False
ALOJAM,V,7.88,6.27,1.61,False
ALOKES,Zn,0.26,0.88,0.62,True
ALOPAS,Zn,0.38,6.17,5.79,False
ALOPAS02,Zn,0.38,4.87,4.49,False
ALOPEY,Co,5.43,5.98,0.55,True
ALOYUX,Zn,4.8,5.06,0.26,True
ALULIF,Cd,5.47,7.66,2.19,False
ALUNUR,Ag,0.98,6.12,5.14,False
ALUNUR01,Ag,0.9,2.06,1.16,False
AMABIA,Rh,6.03,6.16,0.13,True
AMACOG,Ir,5.75,6.0,0.25,True
AMADAT,Ir,5.14,5.76,0.62,True
AMADCS,Cu,6.41,5.67,0.74,True
AMAHAA,Ni,11.4,12.68,1.28,False
AMAHOO,Ni,0.41,6.05,5.64,False
AMALEG,Cu,0.39,0.39,0.0,True
AMAMIL,Cu,6.28,8.41,2.13,False
AMAVUF,Sc,0.19,5.24,5.05,False
AMEHUW,Cu,5.01,6.53,1.52,False
AMEYUO,Zn,0.3,1.3,1.0,False
AMICUV,Ru,0.14,1.69,1.55,False
AMIDEJ,Fe,0.31,0.68,0.37,True
AMIMOY,Cu,5.13,10.67,5.54,False
AMOGEO,Cu,4.99,5.11,0.12,True
AMOGEO01,Cu,1.95,5.03,3.08,False
AMOGEO02,Cu,1.96,5.08,3.12,False
AMOGIT,Cu,0.11,5.61,5.5,False
AMOHIT,Re,5.24,5.96,0.72,True
AMOKIW,Tc,5.01,5.78,0.77,True
AMOKOC,Re,0.46,5.01,4.55,False
AMOKUI,Re,0.51,5.07,4.56,False
AMOLIX,Re,0.38,0.69,0.31,True
AMOMAQ,Re,5.21,6.27,1.06,False
AMOMEU,Re,0.67,1.0,0.33,True
AMOMIY,Re,4.98,5.96,0.98,True
AMOMOE,Tc,4.97,5.65,0.68,True
AMONOF,Re,0.22,0.47,0.25,True
AMONUL,Re,0.14,1.1,0.96,True
AMOPAT,Re,0.19,0.47,0.28,True
AMOPIB01,Re,5.16,5.91,0.75,True
AMOQAU,Re,4.71,5.39,0.68,True
AMOQEY,Re,4.96,5.49,0.53,True
AMOQIC,Re,0.18,0.49,0.31,True
AMOSAW,Re,0.28,5.38,5.1,False
AMOSIE,Tc,0.24,0.6,0.36,True
AMOSUQ,Tc,12.16,8.48,3.68,False
AMOZEH,Tc,0.06,3.78,3.72,False
AMOZOR,Re,0.07,3.79,3.72,False
AMUGIA,Fe,1.89,3.99,2.1,False
AMUKOJ,Y,0.3,1.22,0.92,True
ANCAFC,Cu,5.14,5.85,0.71,True
ANEDUV,Mn,4.54,6.81,2.27,False
ANEMOX,Cu,0.49,0.64,0.15,True
ANESIY,Mn,5.66,6.0,0.34,True
ANEXAT,Fe,0.04,1.3,1.26,False
ANICAC,Zn,5.06,5.13,0.07,True
ANODEP,Cu,0.48,5.85,5.37,False
ANOFEP,Mn,0.32,6.2,5.88,False
ANOREB,Zn,0.79,6.53,5.74,False
ANUCOE,V,0.18,0.94,0.76,True
ANUFEX,Cu,2.76,4.08,1.32,False
ANUFIB,Cu,0.54,3.8,3.26,False
ANUJAV,Y,5.27,6.8,1.53,False
ANUZOZ,Mn,4.75,4.81,0.06,True
APACUN,Cu,0.73,5.63,4.9,False
APAICU01,Cu,0.35,1.08,0.73,True
APAICU02,Cu,0.35,1.01,0.66,True
APAJOT,Zn,1.11,1.78,0.67,True
APANUD,Zn,5.26,6.29,1.03,False
APASES,Rh,10.53,13.9,3.37,False
APBPCN,Cu,0.56,5.81,5.25,False
APEKUE,Fe,0.96,1.42,0.46,True
APELAL,Fe,4.81,5.64,0.83,True
APELUF,Zn,0.89,1.39,0.5,True
APENCU01,Cu,6.85,14.35,7.5,False
APENCU02,Cu,0.19,1.14,0.95,True
APENCU03,Cu,0.27,0.91,0.64,True
APENCU04,Cu,0.37,6.81,6.44,False
APENCU05,Cu,0.29,0.81,0.52,True
APENCU06,Cu,0.28,0.87,0.59,True
APENCU07,Cu,0.28,0.9,0.62,True
APENCU08,Cu,0.29,0.83,0.54,True
APEYUR,Hg,4.75,6.74,1.99,False
APIZIJ,Re,0.2,5.49,5.29,False
APOGUI,Cu,1.02,1.1,0.08,True
APQZCU,Cu,0.69,1.31,0.62,True
APSUCC,Cu,4.71,5.8,1.09,False
APUVEP,V,5.29,6.14,0.85,True
AQADOO,Fe,5.25,6.7,1.45,False
AQAHUY,Zn,4.57,5.5,0.93,True
AQAJEK,Cu,5.31,6.74,1.43,False
AQAPUE,Zn,3.61,4.93,1.32,False
AQAQIS,Cu,6.68,7.56,0.88,True
AQCBCU,Cu,5.37,5.58,0.21,True
AQERIY,Ru,6.15,6.43,0.28,True
AQESUL,Rh,0.44,1.27,0.83,True
AQEWIE,Cu,7.05,10.94,3.89,False
AQEYOK,Zn,5.31,5.98,0.67,True
AQEZAZ,Cu,7.05,8.26,1.21,False
AQIHEP,Ru,0.18,0.95,0.77,True
AQIJAN,Ir,0.8,1.77,0.97,True
AQIQAS,Co,0.29,6.14,5.85,False
AQOYAI,Zn,4.74,5.69,0.95,True
AQPYCU,Cu,0.44,0.69,0.25,True
AQUBOE,Cu,5.0,6.12,1.12,False
AQUDOG,Cu,0.36,1.11,0.75,True
AQUGAX,Ru,6.33,6.45,0.12,True
AQUJUU,Mn,4.89,6.14,1.25,False
ARAMIP,Cu,4.84,5.49,0.65,True
ARAQEP,Rh,0.36,4.79,4.43,False
AREFIP,Zn,4.97,5.13,0.16,True
AREJAI,Zn,0.76,0.96,0.2,True
AREVOI,Cu,0.29,0.86,0.57,True
AREYAY,V,8.88,12.14,3.26,False
AREYEC,V,0.62,5.71,5.09,False
AREYIG,V,0.63,0.66,0.03,True
AREYOM,V,0.69,4.48,3.79,False
ARINIA,Fe,0.92,1.46,0.54,True
ARIQEZ,Fe,0.36,5.24,4.88,False
ARIQID,Fe,4.54,4.78,0.24,True
ARIWUT,W,1.08,2.23,1.15,False
ARIXAA,W,0.79,0.82,0.03,True
AROJOG,V,5.54,6.06,0.52,True
AROKOJ,Ru,6.2,6.34,0.14,True
AROLAW,Ru,0.45,1.16,0.71,True
AROLUR,Cu,0.5,5.83,5.33,False
ARORIK,Nb,0.42,5.37,4.95,False
AROTEI,Fe,5.25,5.94,0.69,True
AROVEJ,Hg,0.5,5.49,4.99,False
AROYEO,Cu,8.21,7.35,0.86,True
ARUGAV,Cu,4.84,8.42,3.58,False
ARUQUC,Fe,5.48,6.1,0.62,True
ARURAJ,Fe,0.25,1.41,1.16,False
ARUSUE,Ir,5.61,7.23,1.62,False
ASABIH,Zn,0.84,1.43,0.59,True
ASABUS,Sc,0.49,1.24,0.75,True
ASABUT,Zn,1.03,5.61,4.58,False
ASALUC,Cu,0.43,2.07,1.64,False
ASAMIR,Cu,0.99,1.24,0.25,True
ASAMIR01,Cu,5.16,6.58,1.42,False
ASAVOH,Mn,9.87,9.08,0.79,True
ASECAF,Cu,4.82,5.66,0.84,True
ASEKIV,Zr,5.41,6.74,1.33,False
ASESOG,Rh,4.18,5.04,0.86,True
ASIJAN,Hf,0.23,0.99,0.76,True
ASISUQ01,Cu,5.11,6.33,1.22,False
ASOHAS,Os,5.57,5.85,0.28,True
ASOQUW,Cu,3.15,6.74,3.59,False
ASOZEP,Zn,12.04,15.5,3.46,False
ASPTCR,Re,5.88,5.89,0.01,True
ASTMEC,Cu,4.79,6.19,1.4,False
ATAWAU,Co,5.0,5.85,0.85,True
ATAWOJ,Hg,5.52,5.72,0.2,True
ATEFIQ,Zn,0.56,0.76,0.2,True
ATEWUR,Ti,4.84,5.88,1.04,False
ATIDEM,Ti,0.82,6.01,5.19,False
ATIFAM,Cu,0.7,2.27,1.57,False
ATIFEQ,Cu,5.21,5.36,0.15,True
ATIFUH,Ru,0.65,1.45,0.8,True
ATIJIW,Ru,4.8,5.64,0.84,True
ATIJIW01,Ru,5.9,6.58,0.68,True
ATIMIB,Cu,7.41,10.64,3.23,False
ATIVOP,Ir,5.45,6.07,0.62,True
ATIVUV,Ir,5.62,5.89,0.27,True
ATIWEG,Ir,5.21,6.02,0.81,True
ATIZUZ,Cu,1.09,5.23,4.14,False
ATOBUI,Cu,0.67,6.56,5.89,False
ATOCER,Cu,6.47,8.72,2.25,False
ATOCUI,Ni,4.67,5.71,1.04,False
ATOICU,Cu,0.88,4.26,3.38,False
ATOQUW,Ir,0.42,0.66,0.24,True
ATOREH,Ir,0.69,6.28,5.59,False
ATOROS,V,0.94,1.17,0.23,True
ATOSAE,Ir,0.62,6.09,5.47,False
ATSZNI10,Ni,0.27,5.28,5.01,False
ATUSEN,Cu,0.34,5.31,4.97,False
ATUTOZ,Rh,0.31,1.0,0.69,True
ATUWOE,Zn,0.8,4.98,4.18,False
ATUZEV,Zn,5.45,7.29,1.84,False
AUBQNL02,Au,0.84,1.44,0.6,True
AVALAL,Mn,0.26,1.08,0.82,True
AVALIT,Cu,0.42,3.69,3.27,False
AVECOU,Zr,0.48,1.16,0.68,True
AVEDIO,Ru,6.6,7.05,0.45,True
AVEDUB,Ti,1.07,3.6,2.53,False
AVEFAJ,Ti,0.67,1.04,0.37,True
AVEFEM,Ru,13.03,17.17,4.14,False
AVEGAJ,Ru,6.02,6.45,0.43,True
AVEZAD,Ru,0.35,1.68,1.33,False
AVEZOR,Ru,6.11,6.37,0.26,True
AVIXOU,Cu,3.51,6.51,3.0,False
AVOBUI,Zn,5.15,6.21,1.06,False
AVOGIC,Fe,0.22,1.43,1.21,False
AVOQOR,Cu,4.45,6.06,1.61,False
AVOWEO,Cu,0.25,5.82,5.57,False
AVUBOI,Zr,3.93,4.56,0.63,True
AVUHEH,V,0.04,1.5,1.46,False
AVUPEN,Cu,0.78,4.49,3.71,False
AVUVUI,Co,0.1,1.04,0.94,True
AWALOC,Ru,3.01,4.46,1.45,False
AWALUI,Ru,11.09,12.43,1.34,False
AWANOE,Mo,0.43,6.48,6.05,False
AWAPAS,Mo,0.45,1.11,0.66,True
AWAPEW,Mo,9.13,6.73,2.4,False
AWESAY,Co,0.65,5.92,5.27,False
AWETUU,Fe,0.37,0.95,0.58,True
AWEVUT,Cu,10.3,11.15,0.85,True
AWEYUZ,Cu,4.81,6.27,1.46,False
AWEZEH,Y,0.45,5.65,5.2,False
AWIGAO,Cu,0.72,4.07,3.35,False
AWIJOF,Zn,0.63,5.83,5.2,False
AWIYUD,Cu,4.84,5.72,0.88,True
AWOFAT,Zn,0.26,6.32,6.06,False
AWOFIB,Zn,0.53,1.69,1.16,False
AWOFUO,Co,0.3,4.83,4.53,False
AWOLOO,Mn,0.21,0.76,0.55,True
AWOXAN,Fe,4.38,6.0,1.62,False
AWUCUQ,Zn,0.21,1.27,1.06,False
AWUKUB,V,0.08,0.95,0.87,True
AWULAI,V,0.03,5.48,5.45,False
AWUMUD,Zn,0.62,0.99,0.37,True
AWUNAK,Cu,8.74,8.33,0.41,True
AXAHUC,Cu,0.29,5.73,5.44,False
AXARUP,Cu,5.13,6.0,0.87,True
AXAVAZ,Zn,0.1,5.27,5.17,False
AXEYOR,Rh,6.01,6.62,0.61,True
AXIHUK,Cu,4.2,6.16,1.96,False
AXIPEC,Cu,5.22,6.51,1.29,False
AXIQED,Cu,4.81,5.51,0.7,True
AXIRAB,Cu,5.14,6.68,1.54,False
AXISEF,Mn,0.99,1.27,0.28,True
AXIWIP,Ti,1.17,1.63,0.46,True
AXOJAY,Hg,5.73,6.3,0.57,True
AXOKAZ,Zn,0.8,1.37,0.57,True
AXOKED,Zn,0.74,6.56,5.82,False
AXOSOV,Ru,1.45,4.13,2.68,False
AXOSOY,Zn,4.91,6.28,1.37,False
AXOTEO,Fe,5.04,6.65,1.61,False
AXUDAA,Cd,1.09,4.82,3.73,False
AXUDEE,Cd,1.57,5.06,3.49,False
AXUFOQ,Hg,1.66,5.07,3.41,False
AXUQER,Zn,0.51,1.19,0.68,True
AXUYID,W,4.45,6.21,1.76,False
AYADEL,Re,0.85,5.96,5.11,False
AYEFUH,W,6.95,7.46,0.51,True
AYEHIY,Fe,5.2,6.0,0.8,True
AYEHUK,Fe,0.71,5.57,4.86,False
AYEJAS,Fe,5.32,5.96,0.64,True
AYENAT,Pt,1.64,6.18,4.54,False
AYESUU,Cu,4.96,5.86,0.9,True
AYIFOF,Cu,15.78,17.18,1.4,False
AYISAC,Rh,5.82,11.84,6.02,False
AYISEH,Zn,0.48,4.63,4.15,False
AYISEH01,Zn,0.48,4.6,4.12,False
AYIYUF,Fe,0.37,0.99,0.62,True
AYOCUN,Zn,4.17,7.38,3.21,False
AYOFOJ,Cu,3.74,4.63,0.89,True
AYOFUP,Cu,5.03,5.14,0.11,True
AYOGAW,Cu,5.52,6.44,0.92,True
AYOGEA,Cu,4.83,6.38,1.55,False
AYOLOQ,Cu,0.29,5.48,5.19,False
AYOLOQ01,Cu,0.3,5.93,5.63,False
AYOSOY,Fe,12.11,18.26,6.15,False
AYOYES,Ni,4.54,5.6,1.06,False
AYUBEB,Y,0.09,1.14,1.05,False
AYUXOJ,Cu,1.18,4.54,3.36,False
AYUYIE,Ru,7.21,9.44,2.23,False
AZADAJ,Cu,5.62,11.12,5.5,False
AZAQEX,Ir,5.79,6.15,0.36,True
AZAQIB,Ir,6.06,6.2,0.14,True
AZAQOJ,Zn,0.24,0.69,0.45,True
AZEFET,Cu,0.27,4.06,3.79,False
AZEMUQ,Ti,0.24,5.32,5.08,False
AZIJOI,Zn,0.3,0.71,0.41,True
AZIKEZ,Zn,13.74,8.01,5.73,False
AZIKOJ,Zn,0.87,4.94,4.07,False
AZIKUP,Zn,3.79,4.2,0.41,True
AZIMOM,V,4.71,5.91,1.2,False
AZIPAB,Cu,1.06,1.74,0.68,True
AZNIMO,Mo,5.64,5.75,0.11,True
AZOCNI11,Ni,0.05,1.11,1.06,False
AZOCNI12,Ni,0.02,1.05,1.03,False
AZOCNI13,Ni,0.03,3.86,3.83,False
AZOCNI14,Ni,0.04,3.53,3.49,False
AZOCNI15,Ni,0.06,5.64,5.58,False
AZOCNI16,Ni,0.06,1.07,1.01,False
AZOHIJ,Zn,7.07,10.84,3.77,False
AZOXIZ,Cu,4.93,6.05,1.12,False
AZUBOP,Cu,5.08,6.61,1.53,False
BABCOX,Mo,2.26,2.95,0.69,True
BABCUD,Mo,1.02,7.67,6.65,False
BABDAK,Mo,5.05,5.99,0.94,True
BABDOY,Ni,4.9,6.08,1.18,False
BABTIH,Cu,0.56,1.83,1.27,False
BABTIJ,Cu,6.77,9.98,3.21,False
BABVEH,Ti,10.64,14.93,4.29,False
BABVEJ,V,0.52,5.83,5.31,False
BABVIL,Ti,9.05,17.5,8.45,False
BABVOR,Zr,12.67,8.75,3.92,False
BABVOT,Mn,1.42,3.25,1.83,False
BABVUX,Ti,8.57,9.59,1.02,False
BABWAE,Zr,12.74,17.89,5.15,False
BABXOV,Hg,1.3,6.19,4.89,False
BACFOC,Ru,4.86,5.79,0.93,True
BACGEV,Nb,0.18,1.23,1.05,False
BACGEV01,Nb,0.18,1.23,1.05,False
BACKUN,Ru,4.61,6.06,1.45,False
BACLAU,Ru,6.52,6.57,0.05,True
BACLEY,Ru,5.34,6.1,0.76,True
BACLUO,Hf,12.95,17.3,4.35,False
BACMAV,Hf,12.56,15.41,2.85,False
BACMEC,Zn,0.7,2.16,1.46,False
BACMIG,Cu,0.93,1.17,0.24,True
BACNOK,Mn,6.89,8.33,1.44,False
BACWAI,Cu,4.92,11.15,6.23,False
BACWEM,Zn,0.74,6.38,5.64,False
BACWIQ,Zn,0.7,6.4,5.7,False
BACWOW,Cu,5.18,6.37,1.19,False
BACWUC,Cu,5.12,6.55,1.43,False
BACXAJ,Zn,0.71,1.34,0.63,True
BACXEN,Zn,0.65,4.73,4.08,False
BACXIR,Cu,5.12,6.54,1.42,False
BACXOX,Zn,0.72,1.35,0.63,True
BACXUD,Zn,0.95,6.64,5.69,False
BACYAK,Cu,5.12,6.4,1.28,False
BACYEO,Cu,11.59,11.56,0.03,True
BACYIS,Zn,0.78,6.41,5.63,False
BADLIC,Fe,0.34,5.63,5.29,False
BADPIH,Zn,1.18,1.91,0.73,True
BADQAB,W,0.23,0.56,0.33,True
BADRUU,Zn,4.82,5.89,1.07,False
BAEPCU,Cu,0.33,1.35,1.02,False
BAFHOK,Sc,1.15,4.24,3.09,False
BAFMOL,Mo,4.89,5.15,0.26,True
BAFMUR,Mo,7.16,7.63,0.47,True
BAFNAY,W,5.14,5.32,0.18,True
BAFNEC,W,6.61,7.85,1.24,False
BAFQAF,Cu,9.29,7.63,1.66,False
BAFROT,Co,0.77,1.18,0.41,True
BAFSAG,Co,0.77,6.11,5.34,False
BAFSOO,Ru,0.04,1.37,1.33,False
BAGGEZ,Zn,7.35,4.72,2.63,False
BAGGID,Zn,4.61,7.48,2.87,False
BAGPIJ,Cu,5.2,6.18,0.98,True
BAGRIK,Os,5.7,5.8,0.1,True
BAHGUQ,Ru,5.08,5.77,0.69,True
BAHJIH,Fe,4.59,6.33,1.74,False
BAHTIN,Cu,0.63,6.53,5.9,False
BAHTOT,Zn,0.76,1.27,0.51,True
BAHVAL,Ir,0.42,1.1,0.68,True
BAHWIU,Rh,5.35,5.95,0.6,True
BAHZIT,Cu,0.3,0.87,0.57,True
BAJHUT,Rh,5.2,5.8,0.6,True
BAJVUE,Ni,0.55,0.56,0.01,True
BAJXOD,Cu,7.33,7.86,0.53,True
BAKPOT,Sc,3.77,4.03,0.26,True
BAKPUZ,Sc,0.61,1.19,0.58,True
BAKQIQ,Co,0.85,1.76,0.91,True
BAKQUC,Co,0.63,1.61,0.98,True
BAKRAJ,Co,0.7,6.4,5.7,False
BALDUQ,Fe,0.41,0.82,0.41,True
BALFAY,Fe,4.85,6.2,1.35,False
BALFEC,Fe,0.44,0.65,0.21,True
BALKUX,Ni,0.39,6.54,6.15,False
BALNEL,Zn,4.06,5.74,1.68,False
BALVAM,Re,5.13,6.3,1.17,False
BALYUK,V,5.26,5.88,0.62,True
BALZAR,V,0.35,0.99,0.64,True
BAMPAG,Os,0.65,1.42,0.77,True
BAMTIT,Zr,0.68,6.28,5.6,False
BAMTOZ,Hf,0.85,6.32,5.47,False
BAMTUF,Hf,0.72,0.76,0.04,True
BAMZAR,Zn,5.08,7.16,2.08,False
BANQAK,Cu,0.44,5.46,5.02,False
BANTOB,Cu,1.1,3.68,2.58,False
BANTUH,Cu,4.88,5.76,0.88,True
BANVAP,Cu,0.19,5.99,5.8,False
BAPFOR,Pt,0.17,0.97,0.8,True
BAPKEI,Ni,0.29,4.42,4.13,False
BAPPUD01,Cu,5.39,6.65,1.26,False
BAPXEW,Re,3.93,4.43,0.5,True
BARDIL,Co,2.97,6.16,3.19,False
BARFEH,Fe,0.83,4.89,4.06,False
BARFUX,Co,0.74,4.73,3.99,False
BARSUM,Os,0.11,1.56,1.45,False
BASGIP,Fe,0.15,1.32,1.17,False
BASHEI01,Cu,3.26,4.59,1.33,False
BASHEI02,Cu,3.24,3.87,0.63,True
BASHIM01,Cu,4.36,5.86,1.5,False
BASHIM02,Cu,5.51,6.0,0.49,True
BASHUC,Cu,8.1,18.41,10.31,False
BASLOW,Cu,4.01,5.51,1.5,False
BASPAP,Ru,4.41,5.25,0.84,True
BASPET,Ru,0.2,1.16,0.96,True
BASRUL,Zn,0.39,5.46,5.07,False
BASRUL01,Zn,0.43,5.73,5.3,False
BASTIY,V,4.8,5.71,0.91,True
BATDOS,Y,1.36,3.79,2.43,False
BATFEK,Y,0.61,5.89,5.28,False
BATRIB,Cu,5.96,6.36,0.4,True
BATSIY,Ni,9.12,12.09,2.97,False
BAVSUP,Cu,10.49,12.24,1.75,False
BAVTAW,Cu,4.32,5.72,1.4,False
BAVVUS,Zn,0.32,1.27,0.95,True
BAWFOW,Pd,4.59,6.83,2.24,False
BAWKOC,Fe,0.62,0.84,0.22,True
BAWPIZ,Pt,5.2,5.61,0.41,True
BAXDEJ,Rh,0.75,1.05,0.3,True
BAXJAL,Co,0.76,1.23,0.47,True
BAXPOJ,Cu,0.68,0.98,0.3,True
BAXTAZ,Ni,6.06,6.99,0.93,True
BAYHUF,Fe,5.52,5.9,0.38,True
BAYKIX,Mn,6.46,8.7,2.24,False
BAYTUT,Zn,0.87,1.24,0.37,True
BAYVEG,V,0.5,5.6,5.1,False
BAZCIQ,Fe,0.58,6.01,5.43,False
BAZDOX,Cu,0.29,5.78,5.49,False
BAZDUD,Cu,0.97,4.49,3.52,False
BAZEAC01,Cu,4.89,7.87,2.98,False
BAZFOA,Zr,1.68,6.63,4.95,False
BAZNCU,Cu,1.76,6.81,5.05,False
BAZPEX,Mn,5.6,5.97,0.37,True
BEBDOE,Co,5.09,5.96,0.87,True
BEBLUT,Fe,0.31,1.16,0.85,True
BEBWOW,V,5.7,5.91,0.21,True
BEBWOW01,V,0.15,0.87,0.72,True
BEBWUC,V,5.73,5.82,0.09,True
BEBYUF,Fe,0.51,5.55,5.04,False
BECHUM,Pt,0.67,1.82,1.15,False
BECKAW,Pt,6.72,6.92,0.2,True
BEDWIU,Hg,2.37,2.67,0.3,True
BEFHUS,Zn,0.32,1.13,0.81,True
BEGHAX,V,4.68,5.65,0.97,True
BEGNAD,Y,0.22,5.88,5.66,False
BEGNIK,Cu,10.23,14.15,3.92,False
BEGSUE,V,0.08,5.5,5.42,False
BEGWET,Cu,5.2,6.22,1.02,False
BEGXOC,Ru,6.4,6.42,0.02,True
BEGYIZ,Ti,1.27,5.79,4.52,False
BEGYOF,V,1.12,1.15,0.03,True
BEGYUL,Sc,1.15,6.14,4.99,False
BEGZOG,Sc,1.35,2.29,0.94,True
BEGZUM,Ti,1.17,6.51,5.34,False
BEHBAV,V,0.94,6.32,5.38,False
BEHBEZ,Ti,0.99,6.13,5.14,False
BEHDEX,Cu,0.88,6.04,5.16,False
BEHFID,Cu,4.75,5.82,1.07,False
BEHQOV,Ta,4.87,5.77,0.9,True
BEHQUB,Ta,0.29,1.0,0.71,True
BEHRAI,Ta,5.08,5.91,0.83,True
BEJHUX,Ir,5.29,5.89,0.6,True
BEJKEH,Fe,4.86,5.78,0.92,True
BEJNIN,Cu,0.42,4.0,3.58,False
BEJPOW,Cu,0.27,5.59,5.32,False
BEJRIT,Ti,2.83,9.07,6.24,False
BEJROZ,Zr,0.39,6.22,5.83,False
BEJTIW,V,0.58,4.62,4.04,False
BEKZIA,Fe,4.56,5.58,1.02,False
BELBAX,Re,6.34,12.29,5.95,False
BELHAD,Zn,1.45,4.56,3.11,False
BELLUC,Cu,0.56,0.81,0.25,True
BELMEN,Cu,0.62,6.23,5.61,False
BELPEO,Ru,6.1,6.2,0.1,True
BEMBAZ,Cu,0.45,2.01,1.56,False
BEMJAF,Cu,1.02,6.14,5.12,False
BEMKEL,Cu,4.95,5.69,0.74,True
BEMKUB,Cu,4.92,5.86,0.94,True
BEMLAJ,Os,4.72,5.77,1.05,False
BEMWOI,Ru,3.08,5.73,2.65,False
BENDOO,Cd,1.86,4.13,2.27,False
BENHOU,Ru,7.66,11.69,4.03,False
BENMAM,Ni,1.65,8.82,7.17,False
BENNEP,Pd,4.76,6.32,1.56,False
BEPDAC,Cu,7.31,11.88,4.57,False
BEPJOY,Zn,0.1,5.36,5.26,False
BEPRET,Mn,0.77,0.97,0.2,True
BEPVUN,Mn,4.62,6.17,1.55,False
BEQLEP,Cu,2.73,5.12,2.39,False
BEQLEQ,Cr,5.87,6.21,0.34,True
BEQQET,Fe,1.13,3.99,2.86,False
BEQRAT,Fe,0.82,2.64,1.82,False
BEQSAU,Cu,5.16,6.33,1.17,False
BEQTEY,Cu,4.79,4.87,0.08,True
BEQTOI,Cu,7.93,11.08,3.15,False
BEQVOI,V,5.38,6.07,0.69,True
BEQYEC,Mo,5.82,6.1,0.28,True
BERBAF,Ru,6.05,6.18,0.13,True
BERJOY,Fe,5.39,8.45,3.06,False
BERKUH,Cd,0.74,6.66,5.92,False
BERLAO,Cd,4.63,7.13,2.5,False
BERMOC,Ru,6.38,6.45,0.07,True
BESBEI,Fe,0.55,5.93,5.38,False
BESBOU,Co,0.59,6.14,5.55,False
BESBUA,Co,5.19,5.94,0.75,True
BESCAH,Ir,6.62,7.35,0.73,True
BESCEL,Ir,1.58,7.57,5.99,False
BESCOV,Ir,6.34,6.87,0.53,True
BESCUB,Ir,4.67,5.32,0.65,True
BESDAI,Co,0.53,1.16,0.63,True
BESMIX,W,7.07,7.31,0.24,True
BESPAS,Co,0.61,6.11,5.5,False
BESPIA,Zn,0.63,6.16,5.53,False
BESPUM,Ir,0.6,1.6,1.0,False
BESRIE,Co,1.18,6.65,5.47,False
BETHOY,V,0.21,0.83,0.62,True
BETLOE,Ru,6.27,6.63,0.36,True
BETLUK,Ru,6.11,6.45,0.34,True
BETRIC,Fe,0.88,3.03,2.15,False
BETTOM,Cu,0.58,0.65,0.07,True
BETTUS,Cu,0.18,5.61,5.43,False
BETVAA,Cu,0.2,5.69,5.49,False
BEVDAJ,Hg,5.46,7.04,1.58,False
BEWDUF,Cu,4.91,5.96,1.05,False
BEWJOG,Cu,4.33,6.62,2.29,False
BEWTUS,Cu,11.17,13.44,2.27,False
BEWYUA,Co,0.5,6.42,5.92,False
BEXHUK,Fe,5.84,5.86,0.02,True
BEYGAR,Cu,5.14,6.48,1.34,False
BEYMAU,Cu,0.34,3.83,3.49,False
BEYWEK,V,0.39,0.46,0.07,True
BEZVEJ,Cu,4.89,4.89,0.0,True
BEZYOY,Cu,0.69,4.43,3.74,False
BEZYUE,Cu,5.08,6.35,1.27,False
BEZZIQ,Cu,6.0,5.4,0.6,True
BEZZOW,Cu,11.11,16.59,5.48,False
BEZZOZ,Zn,0.69,1.74,1.05,False
BEZZUC,Cu,7.44,13.71,6.27,False
BHEDCB,Cu,8.01,9.86,1.85,False
BIBCAU,Cu,8.49,12.0,3.51,False
BIBCEY,Cu,10.72,11.63,0.91,True
BIBDIA,Zn,0.84,5.31,4.47,False
BIBDUM,Ni,0.26,0.97,0.71,True
BIBFEY,Ni,0.19,5.41,5.22,False
BIBGOJ,Zn,6.61,5.12,1.49,False
BIBHEA,Cu,4.49,6.84,2.35,False
BIBHED,Cu,7.48,8.93,1.45,False
BIBSOX,Re,1.01,5.94,4.93,False
BICGOK,Cu,0.68,0.77,0.09,True
BICHIH,Ti,6.86,8.84,1.98,False
BICHON,Ti,4.78,5.36,0.58,True
BICKUU,V,0.45,5.44,4.99,False
BICLUV,Cu,5.74,9.33,3.59,False
BICVOC,Cu,4.49,5.72,1.23,False
BIDCEX,Cu,7.71,11.17,3.46,False
BIDGOL,W,8.15,8.27,0.12,True
BIDHAY,W,7.81,8.06,0.25,True
BIDKAC,V,0.19,1.13,0.94,True
BIDPAG,Hf,0.04,1.16,1.12,False
BIDPUD,Cd,4.73,6.24,1.51,False
BIDQUB,Ru,6.26,6.52,0.26,True
BIDRAI,Ru,0.37,1.42,1.05,False
BIDYET,Ir,0.25,1.1,0.85,True
BIFQUC,Cu,0.65,6.65,6.0,False
BIFSIT,Cu,4.78,5.86,1.08,False
BIFYOH,Cu,6.52,8.43,1.91,False
BIGKEI,Mo,0.27,1.28,1.01,False
BIGTOA,Cu,10.02,9.56,0.46,True
BIGYOF,Cu,0.61,5.78,5.17,False
BIHQUE,Ru,3.02,6.03,3.01,False
BIHYAU,Ru,4.8,5.89,1.09,False
BIHYOI,Ru,0.26,0.93,0.67,True
BIHYUO,Ru,0.7,0.84,0.14,True
BIHZAV,Ru,0.17,1.4,1.23,False
BIJGAE,Co,1.36,1.45,0.09,True
BIJGEI,Co,1.32,4.69,3.37,False
BIJHEI,Ti,0.33,5.59,5.26,False
BIJHIM,Ti,0.33,5.72,5.39,False
BIJQIW,Zn,6.59,9.2,2.61,False
BIJTOF,Cu,0.49,5.52,5.03,False
BIJVOH,Ru,6.1,6.28,0.18,True
BIJVUN,Ru,5.11,6.14,1.03,False
BIJWUM,Cu,5.03,6.25,1.22,False
BIJYEZ,Cu,4.7,5.78,1.08,False
BIKMUF,Cu,9.31,11.65,2.34,False
BIKWOI,Ru,4.93,5.55,0.62,True
BILNIV,Cu,0.87,1.29,0.42,True
BILSIZ,Cu,11.79,9.54,2.25,False
BIMDOT,Zn,4.78,5.87,1.09,False
BIMNUJ,Mo,4.59,5.92,1.33,False
BIMVOJ,Cu,6.24,10.36,4.12,False
BINCOR,Ni,10.75,10.89,0.14,True
BINFAH,Mo,0.05,1.03,0.98,True
BINPUM,Ru,0.84,1.66,0.82,True
BIPHOZ,Cr,0.06,0.96,0.9,True
BIPHUF,Mo,0.07,0.99,0.92,True
BIPKUK,Zn,0.33,5.23,4.9,False
BIPLEV,Co,5.91,6.25,0.34,True
BIPLIZ,Co,0.27,4.4,4.13,False
BIPMEU,Cu,0.9,4.03,3.13,False
BIPNIA,Ru,0.55,1.18,0.63,True
BIPQOJ,Fe,10.06,12.21,2.15,False
BIPRAW,Fe,0.81,5.16,4.35,False
BIPREA,Fe,0.78,0.8,0.02,True
BIPYAC,Ti,5.09,5.75,0.66,True
BIQCOV,Ta,1.24,5.36,4.12,False
BIQDEM,Ta,2.57,4.58,2.01,False
BIQJEU,Fe,1.16,6.5,5.34,False
BIQJIW,Fe,0.8,6.46,5.66,False
BIQKET,Co,0.51,0.84,0.33,True
BIQNOE,W,5.45,5.83,0.38,True
BIQZAC,Cu,4.84,6.03,1.19,False
BIQZUZ,Mo,0.07,5.51,5.44,False
BIRKEU,V,5.0,5.67,0.67,True
BIRVUT,Cu,7.18,13.1,5.92,False
BIRXOR,V,0.99,6.05,5.06,False
BIRXUX,V,0.59,2.72,2.13,False
BISJEW,Fe,3.27,4.9,1.63,False
BISWIN,Co,9.51,9.34,0.17,True
BISXAG,Co,6.05,7.51,1.46,False
BITMAV,Ni,8.11,7.59,0.52,True
BITSAY05,Ti,0.0,1.08,1.08,False
BITSAY06,Ti,0.14,0.72,0.58,True
BITSAY07,Ti,4.93,5.75,0.82,True
BITXEH,Re,0.2,1.02,0.82,True
BIWBER,Ru,5.8,6.55,0.75,True
BIWPOP,Fe,0.91,4.86,3.95,False
BIWQEE,Ti,0.82,1.35,0.53,True
BIWTUZ,Fe,5.34,5.98,0.64,True
BIWWAI,Cu,0.63,5.08,4.45,False
BIXBIU,Cu,2.01,4.12,2.11,False
BIXCIX,Zn,0.29,1.05,0.76,True
BIXDIW,Fe,4.94,6.07,1.13,False
BIXHAR10,Mo,5.6,6.29,0.69,True
BIXMEA,Cu,0.24,1.27,1.03,False
BIXWEN,Co,0.53,1.12,0.59,True
BIYJIC,Ir,4.84,5.74,0.9,True
BIYJIF,V,0.46,5.53,5.07,False
BIYNIH,Ta,0.01,1.08,1.07,False
BIYNUV,Fe,3.72,6.26,2.54,False
BIYPAD,Cu,5.12,5.23,0.11,True
BIYTEI,Fe,0.58,1.39,0.81,True
BIYVAH,Zn,1.11,5.19,4.08,False
BIZCOD,Cu,5.57,5.93,0.36,True
BIZGIB,Cu,7.43,8.41,0.98,True
BIZMUV,Mn,0.08,0.66,0.58,True
BIZRAE,Co,0.68,4.66,3.98,False
BIZVOV,Mo,0.18,0.84,0.66,True
BOBHAB,Cu,3.3,6.35,3.05,False
BOBHEF,Zn,0.74,4.75,4.01,False
BOBJUY,Sc,0.46,1.53,1.07,False
BOBPAL,Fe,0.47,0.87,0.4,True
BOBROD,Cu,0.56,0.7,0.14,True
BOCCUT,Zn,0.07,4.52,4.45,False
BOCDEE,Zn,0.04,0.73,0.69,True
BOCFIM,Ni,10.78,19.02,8.24,False
BOCGEG,Fe,4.94,5.74,0.8,True
BOCGUZ,Co,13.23,10.5,2.73,False
BOCKUZ,Fe,0.56,5.51,4.95,False
BOCQUF,Rh,0.32,4.77,4.45,False
BOCRAN,Re,0.06,5.43,5.37,False
BOCRES,Cu,5.16,5.68,0.52,True
BODHIN,Co,0.14,5.49,5.35,False
BODTOG,Cu,7.93,12.27,4.34,False
BODXAU,Cu,4.51,5.88,1.37,False
BODXEY,Cu,0.5,0.66,0.16,True
BODXUN,Mo,0.13,1.44,1.31,False
BOFMAN,Ru,0.86,6.22,5.36,False
BOFMIT,Ti,10.04,7.5,2.54,False
BOFMOZ,Ti,11.93,16.87,4.94,False
BOFNAN,Mn,5.55,6.15,0.6,True
BOFNAO,V,0.13,0.82,0.69,True
BOFNES,V,0.13,0.89,0.76,True
BOFPUJ,Cu,0.71,1.08,0.37,True
BOFVAU,Zn,0.49,5.67,5.18,False
BOGKOY,Cu,0.35,5.17,4.82,False
BOGLAM,Fe,5.06,6.04,0.98,True
BOGQAT,Ti,5.5,10.07,4.57,False
BOGXUS,Ru,0.33,0.87,0.54,True
BOHGIP,Ti,0.08,0.79,0.71,True
BOHGUB,Ti,0.18,1.64,1.46,False
BOHHEM,Ti,5.46,5.95,0.49,True
BOHHIQ,Ti,0.33,1.95,1.62,False
BOHYOO,Cu,0.79,4.33,3.54,False
BOHZEF,Cu,0.87,4.79,3.92,False
BOJBAE,Zn,0.97,3.54,2.57,False
BOJBEJ,Cu,0.73,3.67,2.94,False
BOJHUF,Mn,7.31,7.53,0.22,True
BOJKAN,V,0.27,5.46,5.19,False
BOJLIV,Tc,6.56,7.03,0.47,True
BOJNIY,Co,0.5,4.17,3.67,False
BOJSOK,Ti,10.6,10.41,0.19,True
BOJTON,Hg,1.51,6.72,5.21,False
BOJYUX,Ag,5.52,11.71,6.19,False
BOJZIJ,Re,0.68,0.97,0.29,True
BOKHEO,Ru,0.89,4.88,3.99,False
BOKPIC,V,4.93,5.83,0.9,True
BOKPOI,V,4.73,5.77,1.04,False
BOKPOI01,V,0.45,4.81,4.36,False
BOKPUO,V,4.83,5.8,0.97,True
BOKPUO01,V,4.83,5.83,1.0,False
BOKVIH,Fe,0.45,1.04,0.59,True
BOKWAZ,Cu,4.2,6.34,2.14,False
BOKZEH,Ni,5.14,6.66,1.52,False
BOKZIL,Ni,3.8,5.33,1.53,False
BOLGOA,V,4.64,5.95,1.31,False
BOLGUG,V,4.58,5.52,0.94,True
BOLSAX,Mo,5.07,6.31,1.24,False
BOLSEB,Mo,5.35,6.01,0.66,True
BOLYAE,Zn,0.42,6.22,5.8,False
BOMFOC,Co,0.07,0.77,0.7,True
BOMMOJ,V,0.21,0.59,0.38,True
BOMYUB,Mn,0.89,6.67,5.78,False
BOMZAI,Mn,0.88,4.96,4.08,False
BONHOE,Cu,1.83,6.67,4.84,False
BONJOE,Zn,0.29,0.59,0.3,True
BONQUQ,V,5.26,6.04,0.78,True
BONVOP10,Fe,7.61,15.32,7.71,False
BONWEG,Fe,3.37,6.09,2.72,False
BONWEG01,Fe,3.39,6.08,2.69,False
BONYOS,Cu,1.05,1.43,0.38,True
BOPCAL,Zn,0.63,1.32,0.69,True
BOPXUA,V,5.19,6.06,0.87,True
BOPZAK,Cu,5.62,10.52,4.9,False
BOPZOX,Zr,9.28,7.87,1.41,False
BOPZUB,Cu,5.06,5.31,0.25,True
BOQHOF,V,0.69,1.24,0.55,True
BOQHUL,V,1.0,2.02,1.02,False
BOQPAB,W,0.19,0.59,0.4,True
BOQPAY,Co,0.38,6.15,5.77,False
BOQPIG,Zn,0.2,0.7,0.5,True
BORBOB,Cd,4.07,4.64,0.57,True
BORJEY,Zn,0.31,0.69,0.38,True
BORJIC,Zn,4.81,5.78,0.97,True
BORJOI,Zn,4.8,5.81,1.01,False
BORVIQ,Cr,0.25,0.76,0.51,True
BOSKOJ,Cr,5.13,5.76,0.63,True
BOSLEE,Cu,11.99,12.53,0.54,True
BOSLII,Cu,8.01,8.71,0.7,True
BOSRAE,V,5.15,6.01,0.86,True
BOTBIW,Re,0.78,1.36,0.58,True
BOTBOC,Re,0.82,1.41,0.59,True
BOTBUI,Re,0.83,5.77,4.94,False
BOTCAP,Re,0.14,5.43,5.29,False
BOTHAW,Ti,4.66,6.53,1.87,False
BOTQAC,Os,0.32,0.64,0.32,True
BOTQEG,Os,4.79,5.88,1.09,False
BOTXIT,Cu,3.09,5.21,2.12,False
BOTXUF,Zn,0.71,5.2,4.49,False
BOTYAM,Cd,4.49,5.52,1.03,False
BOTYEQ,Hg,1.27,4.58,3.31,False
BOVDEZ,Ni,5.48,5.96,0.48,True
BOVNOP,Cu,4.84,6.25,1.41,False
BOWRUA,Mo,4.9,5.89,0.99,True
BOWVIU,Cu,4.88,6.09,1.21,False
BOWVIU01,Cu,4.88,6.09,1.21,False
BOWVOA,Zn,0.36,5.86,5.5,False
BOWVOA01,Zn,0.36,5.86,5.5,False
BOXBOG,Zr,0.61,6.13,5.52,False
BOXHII,V,4.67,5.74,1.07,False
BOXLAC,Ti,4.76,5.85,1.09,False
BOXPIQ,Re,7.22,6.56,0.66,True
BOXVAN,Mn,0.4,5.98,5.58,False
BOXZET,V,0.12,0.79,0.67,True
BOYCUN,Cu,4.95,4.95,0.0,True
BOYSAK,Ru,0.55,0.66,0.11,True
BOYSOY,Ru,5.53,6.08,0.55,True
BOZCEY,Fe,0.8,1.16,0.36,True
BOZMUY,Rh,5.69,9.79,4.1,False
BOZRIS,Rh,9.09,13.81,4.72,False
BPGLYC01,Cu,4.82,11.09,6.27,False
BPHMNC01,Mn,4.8,5.84,1.04,False
BPHMNC02,Mn,4.81,5.84,1.03,False
BPHMNC03,Mn,4.81,5.84,1.03,False
BPIMAC,Cu,7.17,9.54,2.37,False
BPYCUA,Cu,1.46,5.42,3.96,False
BPYCUA02,Cu,1.48,3.91,2.43,False
BPYCUB,Cu,0.5,5.31,4.81,False
BPYRCV,Cu,0.72,1.42,0.7,True
BRURMN,Mn,0.39,1.3,0.91,True
BRURMN10,Mn,0.39,1.3,0.91,True
BSMETC,Cu,5.46,7.46,2.0,False
BSTACU,Cu,1.47,5.16,3.69,False
BTCBZN,Zn,1.27,5.54,4.27,False
BUBFEK,Rh,5.34,13.94,8.6,False
BUBFIO,Rh,5.78,6.35,0.57,True
BUBYOO,Zn,5.5,6.2,0.7,True
BUCDEJ,Fe,1.72,4.61,2.89,False
BUCDIN,Co,0.71,6.13,5.42,False
BUCFIP,Y,0.7,6.02,5.32,False
BUCFOV,Y,0.65,6.7,6.05,False
BUCGAI,Mn,3.77,6.74,2.97,False
BUCLAN,Ir,0.86,5.39,4.53,False
BUCQEW,Re,0.17,5.5,5.33,False
BUCZOP,Cd,4.96,6.19,1.23,False
BUDDOV,Co,5.56,6.11,0.55,True
BUDFAJ,Co,0.46,1.2,0.74,True
BUDHAK,Cu,4.49,6.28,1.79,False
BUDHEN,Ni,4.53,4.85,0.32,True
BUDHEN10,Ni,4.53,4.85,0.32,True
BUDHIS,Cu,2.65,5.39,2.74,False
BUDKEU,Ta,0.51,6.25,5.74,False
BUDXIL,Ru,5.54,6.26,0.72,True
BUFJOE,Re,0.68,0.95,0.27,True
BUFJUJ,Mo,0.45,5.78,5.33,False
BUFKAQ,Ti,3.29,4.23,0.94,True
BUFKAR,Re,0.99,6.43,5.44,False
BUFKOF,Re,0.9,6.13,5.23,False
BUFMAT,Ir,8.3,17.27,8.97,False
BUFSEE,Cd,0.59,1.04,0.45,True
BUFXEJ,Ru,0.49,1.02,0.53,True
BUFXIN,Ru,0.58,1.49,0.91,True
BUGDAL,Cu,7.66,10.37,2.71,False
BUGDOZ,Cu,3.22,4.28,1.06,False
BUGFAN,Cu,0.44,2.32,1.88,False
BUGPEA,Cu,13.37,19.31,5.94,False
BUGSED,Cu,4.21,6.25,2.04,False
BUJCIW,Mo,6.03,6.1,0.07,True
BUJFIY,Sc,1.18,2.28,1.1,False
BUJFOE,Sc,6.5,6.53,0.03,True
BUJGAS,Ta,0.56,6.19,5.63,False
BUJLOH,Cu,0.66,5.09,4.43,False
BUJLUN,Zn,0.62,1.34,0.72,True
BUJPIH,Cr,5.37,6.57,1.2,False
BUJQEC,Rh,4.29,4.84,0.55,True
BUKCAM,Cu,5.17,6.31,1.14,False
BUKCES,Mo,1.28,6.0,4.72,False
BUKLID,W,0.09,0.78,0.69,True
BUKROP,Ag,1.06,1.55,0.49,True
BUKSAB,Fe,7.28,8.6,1.32,False
BULGEX,Cd,5.29,7.23,1.94,False
BULNEF,Ni,6.01,8.47,2.46,False
BULZOB,Ni,4.56,9.63,5.07,False
BULZUH,Ni,4.82,7.59,2.77,False
BUNJUP10,Ta,0.4,3.18,2.78,False
BUNKAW,Ta,0.35,5.37,5.02,False
BUNKAW10,Ta,0.35,5.37,5.02,False
BUNKOM,Cu,5.48,6.57,1.09,False
BUNNEF,Cd,6.13,6.58,0.45,True
BUNPAC,Cd,1.18,6.19,5.01,False
BUNQEH,Hg,2.35,5.95,3.6,False
BUNVIR,Cu,5.22,6.28,1.06,False
BUPCEV,Cu,0.43,0.84,0.41,True
BUPROX,Fe,0.43,0.99,0.56,True
BUPXAP,Ir,0.37,1.31,0.94,True
BUPXOD,Ir,0.37,1.15,0.78,True
BUQDEZ,Cd,0.79,1.8,1.01,False
BUQDID,Hg,0.82,2.04,1.22,False
BUQMAD,Cu,0.37,5.94,5.57,False
BUQMIL,Co,0.26,1.06,0.8,True
BUQVOA,Cu,4.96,6.5,1.54,False
BUQYUI,Cu,0.73,7.61,6.88,False
BURBUO,Cu,4.53,6.32,1.79,False
BURCIE,V,3.41,4.42,1.01,False
BURDOI,Cu,4.53,5.91,1.38,False
BURMIL,Mn,0.67,6.14,5.47,False
BURMOR,Mn,4.0,5.35,1.35,False
BURVOA,Cu,4.43,6.23,1.8,False
BUSFON,Zn,4.77,5.9,1.13,False
BUSRIR,Cd,12.89,11.5,1.39,False
BUSVOA,Mn,5.38,5.87,0.49,True
BUSYOG,Ir,0.7,4.86,4.16,False
BUTWOF,Co,6.1,6.91,0.81,True
BUTYOF,V,0.66,5.79,5.13,False
BUTYUL,V,10.56,13.59,3.03,False
BUVLAJ,Zn,1.02,6.48,5.46,False
BUVNEM,Ir,0.57,1.06,0.49,True
BUVWOH,Ru,0.95,4.29,3.34,False
BUVWUN,Ru,4.27,5.71,1.44,False
BUVXAU,Ru,5.16,6.68,1.52,False
BUVXEY,Ru,0.73,0.82,0.09,True
BUVZAX,Cu,0.79,6.49,5.7,False
BUVZEB,Zn,0.74,6.18,5.44,False
BUWGOQ,Cu,0.71,6.46,5.75,False
BUWGUW,Cu,1.43,5.05,3.62,False
BUWHAD,Cu,4.83,5.15,0.32,True
BUWHEH,Cu,0.68,6.5,5.82,False
BUWKEK,V,0.7,6.04,5.34,False
BUWPES,Y,5.7,6.68,0.98,True
BUWTUJ,Pd,10.28,16.22,5.94,False
BUWVOE,Cu,7.33,5.34,1.99,False
BUWZIF,Mo,4.63,5.98,1.35,False
BUWZOL,Mo,0.6,6.25,5.65,False
BUXBAA,Mo,5.11,6.05,0.94,True
BUXKOU,V,0.63,0.67,0.04,True
BUXTOH,Ru,5.44,7.06,1.62,False
BUXTUN,Ru,7.77,6.58,1.19,False
BUXVOH,Cu,5.2,5.95,0.75,True
BUXYIE,Mn,4.28,7.85,3.57,False
BUYBAZ,Zn,0.58,1.18,0.6,True
BUYBED,Zn,5.98,7.06,1.08,False
BUYKIP,Rh,1.87,2.27,0.4,True
BUYKIP10,Rh,1.87,2.27,0.4,True
BUYROD,Re,6.3,6.33,0.03,True
BUYWEZ,Cd,3.15,5.78,2.63,False
BUYXIC20,Zn,4.7,6.33,1.63,False
BUZMUF,Co,0.52,1.22,0.7,True
BUZTEZ,Ru,0.49,1.18,0.69,True
BZTCOV,V,5.94,6.03,0.09,True
CABCIV,Cu,0.61,5.51,4.9,False
CABNIC01,Mn,0.46,1.1,0.64,True
CABPAY,Cu,7.13,7.6,0.47,True
CABYOY,Ru,5.51,6.4,0.89,True
CABZAK,Fe,1.13,4.76,3.63,False
CACBEP,Cu,4.16,5.15,0.99,True
CACLEC,Cu,0.24,6.15,5.91,False
CADBUJ,Fe,0.07,5.51,5.44,False
CADFAR,Ni,0.44,0.45,0.01,True
CADFAS,Cu,0.53,5.94,5.41,False
CADFEW,Cu,8.26,16.73,8.47,False
CADLEZ,Cu,0.33,0.83,0.5,True
CADSAF,Ti,1.4,6.27,4.87,False
CADSEJ,Ti,1.38,1.92,0.54,True
CADSIN,Ti,0.3,5.61,5.31,False
CADXIP,Cu,4.41,6.31,1.9,False
CAFBIZ,Ir,0.8,1.5,0.7,True
CAFDEW,W,0.31,5.51,5.2,False
CAFKOJ,Ir,0.2,0.89,0.69,True
CAFSEJ,Zn,0.35,5.65,5.3,False
CAFTIM,Fe,0.03,0.9,0.87,True
CAFWEO,Cu,0.42,5.72,5.3,False
CAFXIR,Cu,6.68,7.45,0.77,True
CAGQUZ,Cu,5.05,6.22,1.17,False
CAGSAH,Zn,0.67,1.51,0.84,True
CAHCOH,Zn,4.85,5.79,0.94,True
CAHFOK,Zn,4.03,3.34,0.69,True
CAHGIE,Cr,5.23,6.54,1.31,False
CAHPEI,Fe,1.07,1.45,0.38,True
CAJBEX,V,1.01,6.05,5.04,False
CAJFAV,Fe,0.83,5.57,4.74,False
CAJHEB,Ru,3.62,9.28,5.66,False
CAJHIF,Ru,0.22,1.11,0.89,True
CAJPUY,Zr,1.38,5.5,4.12,False
CAJQEN,Cr,7.23,9.37,2.14,False
CAJVOY10,Cu,4.17,6.76,2.59,False
CAJWES,Cu,5.31,6.31,1.0,False
CAJZOC,Ru,0.4,5.56,5.16,False
CAJZOC10,Ru,0.4,5.56,5.16,False
CAKGAW,Zn,4.9,6.54,1.64,False
CAKMAC10,V,5.31,5.68,0.37,True
CAKMAC11,V,0.03,1.0,0.97,True
CAKSEO,Zn,0.33,5.48,5.15,False
CALGIF,Os,4.54,5.87,1.33,False
CAMCIF,Pd,2.06,4.41,2.35,False
CAMCOL,Pd,4.37,7.07,2.7,False
CAMNUD,Mn,1.23,1.79,0.56,True
CAMPEP,Mn,1.78,5.32,3.54,False
CAMTEP,Os,7.84,8.64,0.8,True
CAMYEV,Cu,0.47,1.11,0.64,True
CAMYEW,Zn,0.75,1.74,0.99,True
CANBEA,Ti,12.15,17.86,5.71,False
CANBIE,Ti,12.35,7.38,4.97,False
CANBOK,Ti,0.08,1.13,1.05,False
CANDIH,Ru,4.67,5.99,1.32,False
CANDIH01,Ru,0.58,5.05,4.47,False
CANFII,Cu,4.64,5.62,0.98,True
CANKUY,Cu,7.87,11.0,3.13,False
CANLAF,Cu,0.72,1.01,0.29,True
CANLEJ,Zn,0.35,0.63,0.28,True
CANLIN,Cu,0.38,5.76,5.38,False
CANMUD,Cu,0.67,4.34,3.67,False
CANTOC,Fe,0.08,0.9,0.82,True
CAPHEK,Zn,0.75,1.57,0.82,True
CAPKOW,Zn,1.03,2.51,1.48,False
CAPKUC,Co,1.07,2.64,1.57,False
CAPNAI,Cu,6.9,13.99,7.09,False
CAPXEA,Cu,5.32,6.63,1.31,False
CAQBUT,W,0.37,0.92,0.55,True
CAQMAM,Co,0.3,1.01,0.71,True
CARGIP,Cu,0.25,2.01,1.76,False
CARGOV,Cu,0.82,1.0,0.18,True
CARHEM,Cu,0.44,0.83,0.39,True
CARHIQ,Cu,0.34,0.72,0.38,True
CARHOW,Cu,5.03,5.73,0.7,True
CARHUC,Cu,3.49,6.32,2.83,False
CASHEK01,Ag,6.03,6.68,0.65,True
CASLOX,Ni,4.6,8.58,3.98,False
CASPAP,Cu,0.41,7.15,6.74,False
CASQUK,Cu,4.85,5.75,0.9,True
CASVAT,Cu,4.9,6.04,1.14,False
CATLAL,Cr,0.0,1.04,1.04,False
CATTEW,Cu,5.4,6.45,1.05,False
CAVJOZ,Nb,0.18,1.07,0.89,True
CAVLAQ,Co,0.23,0.92,0.69,True
CAVLUJ,Ru,6.18,6.27,0.09,True
CAVMEU,Ru,6.15,6.3,0.15,True
CAVNAP,Ru,4.35,6.02,1.67,False
CAVQAV,Cu,3.82,6.98,3.16,False
CAVROJ,W,11.09,10.2,0.89,True
CAWKUI,V,10.23,11.81,1.58,False
CAWKUI01,V,5.12,11.19,6.07,False
CAWPOG,Ni,0.19,0.7,0.51,True
CAWSIE,Fe,4.35,4.87,0.52,True
CAWWEC,Cu,0.31,0.61,0.3,True
CAWYUX,Mn,3.42,5.42,2.0,False
CAWZEH,Zn,4.55,5.82,1.27,False
CAXCEL,Y,0.79,5.11,4.32,False
CAXDIP,Mo,5.2,5.32,0.12,True
CAXLUJ,Mo,0.52,5.82,5.3,False
CAXNOH,Cu,0.27,5.9,5.63,False
CAXPUM02,Zn,1.46,2.63,1.17,False
CAXPUM05,Zn,1.46,2.63,1.17,False
CAYCAH,Fe,7.74,8.75,1.01,False
CAYQEY,V,8.39,15.22,6.83,False
CAYXAC,Re,0.03,5.63,5.6,False
CAYXAF,Cu,4.95,6.79,1.84,False
CAYXEJ,Cu,4.71,5.03,0.32,True
CAZDOW,Rh,5.76,11.68,5.92,False
CAZJIA,Mn,0.99,3.52,2.53,False
CAZNEZ,Ru,5.7,6.51,0.81,True
CAZPEC,Cu,5.05,6.41,1.36,False
CAZZUA,Fe,5.21,6.1,0.89,True
CBFMOP,Fe,0.51,1.12,0.61,True
CBXECU,Cu,7.28,10.8,3.52,False
CCSOPI01,Ir,4.74,5.52,0.78,True
CDMPAU01,Au,5.08,6.53,1.45,False
CEAMZN01,Zn,0.5,5.78,5.28,False
CEBCAN,Fe,0.31,1.12,0.81,True
CEBHEW,Ru,5.29,5.43,0.14,True
CEBNIJ,Mo,0.51,1.91,1.4,False
CEBPIJ,V,4.53,6.03,1.5,False
CEBVIS,Ru,0.83,0.84,0.01,True
CECFAS,Cu,0.5,1.28,0.78,True
CECJUT,Re,5.33,5.85,0.52,True
CEDQEI,Zn,0.78,6.43,5.65,False
CEDTOV,Re,0.06,0.84,0.78,True
CEDTUB,Re,0.04,0.76,0.72,True
CEDWIS,Fe,0.25,0.56,0.31,True
CEDZOD,Zn,0.34,4.91,4.57,False
CEDZUJ,Co,0.35,5.27,4.92,False
CEFBEW,Cu,0.56,1.21,0.65,True
CEFCIB,Co,12.89,13.91,1.02,False
CEFDUP,Cu,1.4,4.03,2.63,False
CEFFAX,Cu,5.13,6.57,1.44,False
CEFGEA,Ru,5.55,5.96,0.41,True
CEFJII,Cd,1.1,1.1,0.0,True
CEFKAD,V,0.31,5.72,5.41,False
CEFLAD,Zn,0.48,5.93,5.45,False
CEFMEI,Cu,5.99,9.53,3.54,False
CEGBOJ,Zn,0.9,7.01,6.11,False
CEGFIE,Zn,5.11,6.08,0.97,True
CEGSUD,Ir,5.84,6.15,0.31,True
CEGTIS,Rh,4.85,5.89,1.04,False
CEGTOY,Rh,5.13,6.14,1.01,False
CEGVOA,Cu,0.41,0.46,0.05,True
CEGWAP,Fe,0.03,0.87,0.84,True
CEGYAP,Cu,1.77,5.83,4.06,False
CEHCEX,Ru,6.15,10.65,4.5,False
CEHDIG,Cu,4.86,5.98,1.12,False
CEHDOL,Hg,3.85,3.92,0.07,True
CEHNEL,Zn,0.64,6.09,5.45,False
CEHSOY,Os,5.05,5.84,0.79,True
CEHXEW,Fe,0.72,1.36,0.64,True
CEJDEA,W,6.36,6.41,0.05,True
CEJLEJ,Cd,4.35,5.52,1.17,False
CEJNAJ,Ru,5.69,6.22,0.53,True
CEJZAW,Zn,6.16,3.36,2.8,False
CEKCIF,Mo,0.53,1.35,0.82,True
CEKSUG,V,0.48,0.69,0.21,True
CEKWIA,Mn,3.59,6.15,2.56,False
CELFEF,Zn,0.13,1.02,0.89,True
CELGUW,Cu,0.75,4.6,3.85,False
CELLEM,Mo,14.37,14.4,0.03,True
CELVEU,Fe,1.11,6.83,5.72,False
CEMBAB,Cu,6.26,15.17,8.91,False
CEMBOP,Zn,0.3,1.2,0.9,True
CEMBUU,Cd,0.51,1.52,1.01,False
CEMRAR,Mo,4.78,6.11,1.33,False
CEMWIC,Fe,1.63,2.02,0.39,True
CENLUD,Ti,0.94,1.41,0.47,True
CEPACO,Co,4.69,6.27,1.58,False
CEPCAB,Cu,0.9,6.45,5.55,False
CEPFEI,Ni,0.9,1.28,0.38,True
CEPFOU,W,0.43,1.77,1.34,False
CEPFUA,W,0.59,0.87,0.28,True
CEPHAI,Mo,0.7,5.59,4.89,False
CEPHEM,Mo,5.83,6.32,0.49,True
CEPKAN,Zn,0.81,6.6,5.79,False
CEPLUF,Zn,0.32,0.54,0.22,True
CEPMAN,Fe,0.5,6.27,5.77,False
CEPQAP,Ru,5.8,5.98,0.18,True
CEPQAP01,Ru,0.13,1.6,1.47,False
CEPQUJ,Cu,0.37,4.35,3.98,False
CEPQUJ01,Cu,4.38,5.55,1.17,False
CEPXEC,Ni,3.43,5.59,2.16,False
CEPYEF,Cu,0.2,0.86,0.66,True
CEQDIL,V,0.4,1.21,0.81,True
CEQHIQ,Rh,8.37,11.74,3.37,False
CEQNOD,Zr,0.76,4.95,4.19,False
CEQTEB,Hg,4.43,5.22,0.79,True
CEQTIB,Mo,0.39,6.13,5.74,False
CERBIO,V,4.97,5.64,0.67,True
CERDAF,Ru,6.08,6.21,0.13,True
CERDIO,Re,5.18,6.07,0.89,True
CERHOA,W,0.09,1.06,0.97,True
CERQIZ,Cu,7.65,11.47,3.82,False
CESFAI,V,0.44,5.29,4.85,False
CESGAL,Ru,5.59,5.98,0.39,True
CESHIS,Ru,0.12,1.25,1.13,False
CESPEX,Zr,7.08,11.62,4.54,False
CESQAV,Os,6.14,6.27,0.13,True
CESQEZ,Os,0.56,1.76,1.2,False
CESQOG,Ag,9.04,10.22,1.18,False
CETCOU,W,7.43,9.3,1.87,False
CETFAJ,Ru,5.68,5.86,0.18,True
CETHOC,V,5.05,5.56,0.51,True
CETKOB,Cu,4.88,5.89,1.01,False
CETXAA,Ni,0.47,0.99,0.52,True
CETXEH,Ru,0.39,1.54,1.15,False
CETYAC,Hg,4.12,5.98,1.86,False
CEVPEB,Fe,0.65,5.75,5.1,False
CEWBUC,Zn,4.56,5.34,0.78,True
CEWJUJ,Cr,0.04,1.08,1.04,False
CEXBIS,Ru,8.19,10.01,1.82,False
CEXGOC,Co,5.91,5.58,0.33,True
CEXLIC,Fe,0.84,0.88,0.04,True
CEXLUO,Fe,0.79,6.27,5.48,False
CEXMAT,Ni,4.97,5.25,0.28,True
CEXQUS,Cu,0.4,5.19,4.79,False
CEXSUU,V,5.38,6.13,0.75,True
CEXSUV,Cr,0.05,1.18,1.13,False
CEXTAB,Zn,0.39,0.59,0.2,True
CEXTEF,V,0.16,0.76,0.6,True
CEXXEM,Mn,0.47,4.95,4.48,False
CEXXOS,Cu,0.25,0.84,0.59,True
CEXYAF,Cu,4.7,5.26,0.56,True
CEYHUK,Ir,4.88,5.6,0.72,True
CEYJAS,Rh,5.69,6.29,0.6,True
CEYSEF,Zn,0.11,5.58,5.47,False
CEYVOT,Ta,0.18,0.91,0.73,True
CEZFOD,Ru,5.98,6.24,0.26,True
CEZGOE,Ru,6.02,6.08,0.06,True
CEZNIG,Cu,10.77,8.7,2.07,False
CEZRIM,Zn,0.77,6.38,5.61,False
CEZVIO,Zn,4.23,6.71,2.48,False
CEZYUC,Mn,6.63,7.81,1.18,False
CHPFBF,Fe,4.22,5.06,0.84,True
CHPTHC,Cu,0.44,1.2,0.76,True
CHXCUC,Cu,4.43,5.88,1.45,False
CIBGUS,Ru,8.55,10.63,2.08,False
CIBHAZ,Ru,12.43,15.29,2.86,False
CIBHED,Ru,8.42,17.84,9.42,False
CIBKEF,Cu,4.69,6.43,1.74,False
CIBTIS,Zn,4.92,5.8,0.88,True
CICXIW,Cd,1.82,1.89,0.07,True
CIDCUP,Ti,4.92,5.73,0.81,True
CIDDAW,V,5.07,5.72,0.65,True
CIDJEE,Rh,5.7,6.46,0.76,True
CIDPEO,Cu,8.82,13.94,5.12,False
CIFBIF,Nb,0.18,6.13,5.95,False
CIFBOL,Nb,0.15,0.91,0.76,True
CIFHIJ,Zn,4.82,5.76,0.94,True
CIFJUY,Rh,0.77,5.02,4.25,False
CIFWIZ,Ru,0.34,2.06,1.72,False
CIFZAV,Co,0.64,6.28,5.64,False
CIGBUQ,Ti,0.27,2.07,1.8,False
CIGJUZ,Rh,5.43,9.32,3.89,False
CIGVAR,Ni,9.53,16.24,6.71,False
CIGVEV,Ni,4.67,13.23,8.56,False
CIGVIZ,Ni,9.58,10.87,1.29,False
CIGVOF,Ni,4.76,8.57,3.81,False
CIHGAD,Hf,4.56,5.93,1.37,False
CIHGOR,Hf,6.13,11.3,5.17,False
CIHTUI10,Os,0.49,1.27,0.78,True
CIHXOI,Fe,5.7,9.14,3.44,False
CIHYEY,Mn,0.39,1.33,0.94,True
CIHYIC,Re,6.14,6.28,0.14,True
CIJDAA11,V,4.17,6.09,1.92,False
CIJGAG,Ir,0.63,1.67,1.04,False
CIJGIP,Re,0.08,3.86,3.78,False
CIJGOV,Re,0.09,5.47,5.38,False
CIJHAI,Re,0.28,3.62,3.34,False
CIJHEM,Re,0.19,4.82,4.63,False
CIJSEW,Ir,6.5,6.71,0.21,True
CIJTAU,Y,1.89,5.0,3.11,False
CIJTOH,Co,1.04,2.31,1.27,False
CIJTUN,Co,1.0,1.85,0.85,True
CIJWUO,Cu,0.55,5.16,4.61,False
CIJXAV,Cu,0.44,5.34,4.9,False
CIKGUY,Zn,5.46,7.44,1.98,False
CIKLIS,Zn,0.14,5.89,5.75,False
CIKSUK,Cu,0.5,6.09,5.59,False
CIKWOI,Fe,3.26,4.76,1.5,False
CILFAI,Co,0.7,6.12,5.42,False
CILMOD,Co,1.03,5.54,4.51,False
CILNET,Fe,0.35,5.49,5.14,False
CILNIX,Fe,5.56,5.81,0.25,True
CILXAX,Os,0.36,1.47,1.11,False
CILYIF,Fe,0.68,6.18,5.5,False
CIMBEG,Sc,0.36,6.41,6.05,False
CIMFUD,Ni,4.67,6.36,1.69,False
CIMMUH,Ni,0.65,0.97,0.32,True
CIMNAO,Ni,0.93,1.09,0.16,True
CIMNIW,Ni,5.31,5.47,0.16,True
CIMPAS,Ru,5.88,6.14,0.26,True
CIMREV10,Mo,1.06,1.13,0.07,True
CIMVIE,Ru,4.61,5.08,0.47,True
CIMXIJ,Mn,0.16,0.61,0.45,True
CINDEK,Cu,0.14,6.11,5.97,False
CINFOX,Cu,5.06,5.96,0.9,True
CINHOW,Zn,0.73,6.25,5.52,False
CINMES,W,4.83,5.77,0.94,True
CINPOG,Zn,0.54,0.66,0.12,True
CINPUM,Zn,0.57,0.65,0.08,True
CINQAT,Zn,4.76,5.99,1.23,False
CINVII,Ni,6.12,6.34,0.22,True
CIPKES,Fe,0.26,5.94,5.68,False
CIQKOC,Cu,0.77,5.62,4.85,False
CIQQAU,Cr,8.41,9.76,1.35,False
CIQWUU,Cu,5.33,10.58,5.25,False
CIRHOA,Co,0.42,5.49,5.07,False
CIRSIG,Zn,0.76,6.41,5.65,False
CISDAM,Mo,0.34,0.75,0.41,True
CISGUH,Mn,0.44,0.78,0.34,True
CISHAO,Mn,4.68,5.73,1.05,False
CISKEU,Ag,7.39,8.31,0.92,True
CISWAD,Zn,0.14,5.62,5.48,False
CITCOX,Fe,0.3,5.64,5.34,False
CITJAU,Cu,8.77,15.26,6.49,False
CITJEY,Cu,3.7,5.09,1.39,False
CITJIC,Cu,0.79,5.41,4.62,False
CITREE,Cu,4.06,5.43,1.37,False
CITSEH,Ru,5.88,6.16,0.28,True
CITSIL,Ru,6.07,6.54,0.47,True
CITTEI,Ru,5.83,6.1,0.27,True
CIVLID,Fe,0.88,1.63,0.75,True
CIVQAZ,Os,5.56,5.75,0.19,True
CIVYOZ,Zn,4.9,5.7,0.8,True
CIWDIZ,Zn,0.5,0.57,0.07,True
CIWRIJ,Fe,0.5,7.29,6.79,False
CIWSEH,Zr,1.17,1.87,0.7,True
CIWVAF,Fe,0.27,6.11,5.84,False
CIXGOH,Fe,4.85,5.96,1.11,False
CIXGUN,Fe,4.5,5.68,1.18,False
CIXHAU,Fe,5.24,5.75,0.51,True
CIXLUT,Nb,0.12,5.82,5.7,False
CIXMAA,Nb,0.13,1.21,1.08,False
CIXMEE,Nb,0.18,5.61,5.43,False
CIXMII,Nb,0.18,5.33,5.15,False
CIXWAK,Cu,4.98,6.5,1.52,False
CIXWOY,Cu,10.28,7.68,2.6,False
CIXXAL,Cu,0.59,1.1,0.51,True
CIXZIV,Zn,6.05,7.42,1.37,False
CIYBAN,Mo,0.06,0.85,0.79,True
CIYBIY,Cu,0.52,0.73,0.21,True
CIYFEX,Zn,0.57,0.97,0.4,True
CIYJIF,Fe,0.45,0.82,0.37,True
CIZDOF,Co,0.59,5.83,5.24,False
CIZDUL,Co,0.44,5.52,5.08,False
CIZFAT,Co,0.56,5.72,5.16,False
CLAZCU,Cu,5.6,6.28,0.68,True
CLFSAL10,Fe,0.35,1.27,0.92,True
CLPHOV,V,0.26,1.42,1.16,False
CLPLCU01,Cu,0.36,4.55,4.19,False
CLPLCU02,Cu,0.35,6.08,5.73,False
CLPLCU03,Cu,0.37,6.22,5.85,False
CMPOMN,Mn,3.6,6.5,2.9,False
CMPORC10,Co,0.85,3.69,2.84,False
CMTCUB01,Cu,0.51,6.44,5.93,False
CMTPCU01,Cu,0.77,6.44,5.67,False
CNTPCP,Co,0.43,1.91,1.48,False
COBHIL,Fe,1.52,5.41,3.89,False
COBHOR,Co,1.29,5.04,3.75,False
COBRAP,Ir,0.29,1.36,1.07,False
COBROE,Zn,0.35,4.88,4.53,False
COBRUK,Cd,4.91,5.12,0.21,True
COBYIF,Ni,7.92,10.45,2.53,False
COCBUT,Nb,0.81,4.55,3.74,False
COCCEE,Nb,4.55,5.27,0.72,True
COCFIJ,Cu,0.32,6.29,5.97,False
COCGAE,Nb,0.18,0.93,0.75,True
COCLEM,Cu,0.36,1.09,0.73,True
COCPIW,Cu,0.32,2.26,1.94,False
CODFUZ,Cu,5.01,5.96,0.95,True
CODKUD,Fe,0.86,5.72,4.86,False
CODLOY,Mn,0.59,1.06,0.47,True
COFBAB,Y,11.19,15.14,3.95,False
COFHOX,Co,0.76,1.32,0.56,True
COFKIU,Cd,0.48,6.75,6.27,False
COFVIC,Ni,3.74,4.12,0.38,True
COFWOJ10,Ni,5.13,6.51,1.38,False
COFZUS10,Mo,0.39,4.01,3.62,False
COGDEI,Ru,5.77,7.17,1.4,False
COGDOV,Cu,4.32,6.11,1.79,False
COGKEQ,Ru,5.82,6.03,0.21,True
COGKES,Y,0.73,5.05,4.32,False
COGKIU,Ru,0.2,1.57,1.37,False
COGQUM,Ni,0.51,5.33,4.82,False
COGXOP,Cu,0.42,3.9,3.48,False
COHCIP,Zn,0.78,1.4,0.62,True
COHCOV,Zn,0.98,6.34,5.36,False
COHDAI,Fe,0.85,5.91,5.06,False
COHDEM,Fe,0.81,6.25,5.44,False
COHDIQ,Fe,1.07,1.77,0.7,True
COHDUC,Zn,0.82,6.32,5.5,False
COHFEO,Zn,0.85,1.57,0.72,True
COHFIS,Zn,1.39,5.45,4.06,False
COHFOY,Zn,0.77,6.38,5.61,False
COHHIS,Ru,6.05,6.21,0.16,True
COHXAZ,V,0.23,0.66,0.43,True
COHXED,V,4.88,5.73,0.85,True
COHXIH,V,4.88,5.73,0.85,True
COJGUG,Mn,0.29,1.66,1.37,False
COJHAN,Mn,0.22,5.69,5.47,False
COJHER,Mn,0.32,1.74,1.42,False
COJNIA,Cu,9.99,14.3,4.31,False
COJQUQ,Sc,10.62,6.34,4.28,False
COJRAX,Sc,9.28,16.01,6.73,False
COJRUR,Sc,1.46,4.8,3.34,False
COJSIG,Sc,0.77,1.78,1.01,False
COJSUS,Sc,7.15,6.9,0.25,True
COJWAA,Rh,0.26,1.2,0.94,True
COKGAL,Cu,5.09,10.39,5.3,False
COKHIU,Cu,5.24,5.92,0.68,True
COKJAR,Mn,6.72,6.75,0.03,True
COKXIK,Zn,0.47,7.47,7.0,False
COKZAD,Tc,0.45,0.77,0.32,True
COLCUD,Zn,7.06,11.3,4.24,False
COLJEW,Cu,9.04,12.18,3.14,False
COLKEX,Mn,1.65,6.69,5.04,False
COLMEZ,Y,1.65,4.74,3.09,False
COLPUP,Cu,0.32,1.6,1.28,False
COLQOJ,Cu,4.16,5.62,1.46,False
COLVII,Ta,0.29,1.17,0.88,True
COLWAF,Ru,5.77,6.17,0.4,True
COLXEG,Cu,5.23,6.11,0.88,True
COMHOE,Co,0.27,1.02,0.75,True
COMKEX,V,0.02,0.94,0.92,True
COMYAH,Cu,0.51,0.85,0.34,True
CONKUN,Cu,3.48,6.4,2.92,False
CONTEF,Cu,4.76,5.71,0.95,True
CONXAH,Cu,5.1,6.66,1.56,False
CONXEL,Cu,1.42,5.17,3.75,False
CONXIP,Cu,1.32,5.29,3.97,False
CONXOV,Cu,5.22,6.55,1.33,False
CONYAI,Cu,5.22,6.56,1.34,False
COPDUK,Mo,3.99,6.09,2.1,False
COPHAV,V,5.8,5.92,0.12,True
COPHUK,Fe,0.27,5.85,5.58,False
COPMIH,Fe,0.81,1.92,1.11,False
COPMON,Fe,1.17,6.73,5.56,False
COPMUT,Fe,1.55,4.64,3.09,False
COPPED,Co,0.72,6.53,5.81,False
COPVOW,Mo,4.61,6.15,1.54,False
COQJAU,Co,0.25,1.05,0.8,True
CORBIW,Cu,11.56,8.56,3.0,False
CORBOC,Cu,6.09,16.1,10.01,False
CORCIX,Zn,0.1,0.82,0.72,True
CORHOH,Fe,1.0,4.47,3.47,False
CORHUN,Ni,4.47,6.93,2.46,False
CORLOM,Zn,5.27,4.37,0.9,True
CORNOO,Cu,0.61,4.61,4.0,False
CORPEE,Re,0.72,5.77,5.05,False
CORRIO,Hg,1.34,7.02,5.68,False
CORTOV,Re,5.74,6.01,0.27,True
CORVOX,Re,6.02,6.1,0.08,True
CORZOZ,Zn,0.62,0.98,0.36,True
CORZUF,Zn,0.66,1.58,0.92,True
COSBUH,Mn,5.04,5.61,0.57,True
COSFEV,Fe,0.79,5.79,5.0,False
COTMOO,Mn,4.6,5.73,1.13,False
COTMUU,V,0.17,0.65,0.48,True
COTWEN,Co,6.06,7.81,1.75,False
COVCUP,Fe,4.51,5.45,0.94,True
COVTEN01,Zn,5.21,5.53,0.32,True
COVWOC,Cu,7.44,6.69,0.75,True
COWHOL01,Mn,4.96,5.71,0.75,True
COWRAI,V,0.78,1.8,1.02,False
COWZIY,Y,0.72,6.22,5.5,False
COYROB,Cu,4.53,6.7,2.17,False
COYVET,Zn,0.68,4.95,4.27,False
COYWAO,W,5.36,5.71,0.35,True
COYWIZ,Cu,1.34,6.44,5.1,False
COZBEZ,Ni,0.4,5.49,5.09,False
COZGUT,Fe,0.36,4.85,4.49,False
COZJEH,Ru,8.54,9.2,0.66,True
COZRIT,Cd,1.49,2.23,0.74,True
COZROZ,Mn,1.46,2.25,0.79,True
COZZOJ,Cu,0.55,0.66,0.11,True
CPMZPW,W,3.87,10.47,6.6,False
CPSAVO01,V,0.57,5.66,5.09,False
CPXHQM,Mn,4.83,5.87,1.04,False
CPYQAU,Au,1.18,1.68,0.5,True
CRTPBI,Cr,5.56,5.91,0.35,True
CRTPSB,Cr,5.76,5.97,0.21,True
CSOXRE,Re,4.92,5.37,0.45,True
CTBENC,Cu,10.95,9.5,1.45,False
CTDGCU,Cu,5.56,6.08,0.52,True
CTPYCO01,Co,5.3,6.6,1.3,False
CTPYCO02,Co,1.12,6.62,5.5,False
CTRENB,Cu,0.35,5.82,5.47,False
CTZICU,Cu,5.16,6.42,1.26,False
CUBBOQ,Cr,0.32,0.69,0.37,True
CUBDOT,Ag,1.94,6.99,5.05,False
CUBGEL,Fe,0.43,5.51,5.08,False
CUBPIA,Fe,0.32,1.45,1.13,False
CUBXEG,Ir,0.52,1.49,0.97,True
CUBXIK,Ir,0.6,1.43,0.83,True
CUBXOQ,Ir,0.65,1.86,1.21,False
CUBZIK,Zr,0.61,1.73,1.12,False
CUCBAF,Zr,6.41,8.95,2.54,False
CUCBUZ,Zr,6.74,7.81,1.07,False
CUCCAG,Zr,5.97,3.3,2.67,False
CUCCEK,Zr,8.23,11.05,2.82,False
CUCCIO,Zr,10.93,9.05,1.88,False
CUCDUC,Ni,0.58,0.64,0.06,True
CUCSOK,Cu,3.28,4.27,0.99,True
CUCVUT,Fe,0.63,4.79,4.16,False
CUCWEE,Fe,0.84,6.36,5.52,False
CUCWOO,Fe,4.84,6.72,1.88,False
CUCWUU,Fe,3.95,6.39,2.44,False
CUDDAI,Co,0.13,5.46,5.33,False
CUDDEM,Co,0.18,5.08,4.9,False
CUDDEM01,Co,0.17,0.64,0.47,True
CUDDIQ,Co,0.17,5.08,4.91,False
CUDJES,Mo,6.14,6.33,0.19,True
CUDNOF,Ir,0.52,1.91,1.39,False
CUFDUG,Mn,4.69,5.87,1.18,False
CUFGIT,Co,0.39,0.88,0.49,True
CUFTOM10,Ni,0.52,1.1,0.58,True
CUGBOZ,Zn,5.66,7.02,1.36,False
CUGCIU,Zn,6.37,7.18,0.81,True
CUGQIH,Hf,5.33,6.72,1.39,False
CUGQUT,Hf,4.89,6.0,1.11,False
CUHCEO,Ru,5.72,5.81,0.09,True
CUHDEP,Re,0.6,1.46,0.86,True
CUHFOB,Cu,4.38,5.59,1.21,False
CUHGUK,Ni,3.66,5.47,1.81,False
CUHKUN,Zn,0.59,6.99,6.4,False
CUHMUQ,Mn,0.22,5.53,5.31,False
CUHXAE,Fe,5.09,5.71,0.62,True
CUJCEP,V,0.16,0.68,0.52,True
CUJCOZ,Cu,6.27,7.73,1.46,False
CUJFUI,Rh,1.13,1.26,0.13,True
CUJGOE,Ru,5.22,6.23,1.01,False
CUJGUJ,V,0.37,0.42,0.05,True
CUJHAR,Ru,5.33,6.48,1.15,False
CUJHEV,Ru,0.67,1.37,0.7,True
CUJJAT,Ru,1.82,5.48,3.66,False
CUJNIE,Cu,6.8,6.98,0.18,True
CUJXIR,Sc,0.22,0.95,0.73,True
CUJXOX,Sc,0.14,6.07,5.93,False
CUJXUD,Sc,0.11,1.31,1.2,False
CUJYOX,Ru,5.82,6.06,0.24,True
CUKFUL,Co,1.22,6.56,5.34,False
CUKFUL01,Co,1.23,2.09,0.86,True
CUKGAS,Co,0.37,1.17,0.8,True
CUKPIH,Cu,5.22,6.87,1.65,False
CUMVOY,Ni,4.51,4.77,0.26,True
CUMWIT,Ni,4.54,5.96,1.42,False
CUMWUF,Ni,5.6,5.8,0.2,True
CUMXAM,Ni,0.83,6.41,5.58,False
CUMXUG,Ni,0.82,2.76,1.94,False
CUMYOY,W,0.18,1.35,1.17,False
CUNMII,Cu,4.54,5.71,1.17,False
CUNYAN,Fe,0.53,5.72,5.19,False
CUPCIB,Cu,0.37,4.33,3.96,False
CUPVAN,Cu,1.01,4.93,3.92,False
CUQHUU,Ir,0.73,4.29,3.56,False
CUQHUU01,Ir,0.74,4.29,3.55,False
CUQSEN,Fe,5.07,5.85,0.78,True
CUQSOX,Ru,5.09,5.48,0.39,True
CUQSUD,Ru,5.24,6.31,1.07,False
CURMIO,Cu,11.72,7.91,3.81,False
CURVER,Sc,0.51,0.9,0.39,True
CURVIV,Sc,0.42,5.61,5.19,False
CURZUL,Hg,1.69,5.51,3.82,False
CUSALM01,Cu,7.19,13.72,6.53,False
CUSBAU,Hg,5.76,6.1,0.34,True
CUSBIC,Hg,4.94,5.79,0.85,True
CUSBOI,Hg,3.32,4.75,1.43,False
CUTBEY,Cu,4.79,5.8,1.01,False
CUTCUR,Ir,5.25,6.26,1.01,False
CUTDAY,Ir,4.75,6.07,1.32,False
CUTETS10,Cu,4.83,8.51,3.68,False
CUVSIZ,Cu,0.33,0.73,0.4,True
CUVSUL,Cu,5.06,5.46,0.4,True
CUVTAS,Cu,0.22,4.72,4.5,False
CUWMAJ,Cu,10.23,12.23,2.0,False
CUWNEP,Cu,0.58,0.58,0.0,True
CUXJIQ,Co,1.14,1.57,0.43,True
CUXKEN,Co,1.08,6.13,5.05,False
CUYBUU,Cu,0.4,0.71,0.31,True
CUYCUW,Zn,4.96,6.02,1.06,False
CUYGEJ,Ag,5.91,7.55,1.64,False
CUYGIN,Ag,3.78,7.97,4.19,False
CUYGUZ,Hg,2.49,8.56,6.07,False
CUYJEL,W,6.92,11.69,4.77,False
CUYNES,Fe,0.11,1.03,0.92,True
CUYNIW,Fe,0.24,0.34,0.1,True
CUYQUM01,Co,4.79,6.56,1.77,False
CUZBUU,Co,0.57,1.12,0.55,True
CUZCEF,Tc,5.63,5.78,0.15,True
CUZCEF01,Tc,5.57,5.76,0.19,True
CUZCEF02,Tc,5.6,5.77,0.17,True
CUZGUD,Ni,11.91,7.77,4.14,False
CUZJEM,Zn,4.93,5.28,0.35,True
CUZLUI,Sc,1.22,2.26,1.04,False
CUZMAP,Y,2.04,9.55,7.51,False
CUZMET,Sc,1.39,6.45,5.06,False
CUZMIX,Sc,1.37,5.3,3.93,False
CUZMOD,Y,1.57,2.02,0.45,True
CUZTEX,Cu,0.55,2.72,2.17,False
CYTREB,Cu,0.12,5.32,5.2,False
DABBUF,Mo,0.04,0.94,0.9,True
DABJOI,Re,4.74,5.61,0.87,True
DABXUD,Co,0.75,6.5,5.75,False
DACBAL,Cu,11.75,14.39,2.64,False
DACFEW,Rh,1.17,4.93,3.76,False
DACGEU,Rh,6.47,7.02,0.55,True
DACGIZ,Ir,0.4,5.15,4.75,False
DACNIF,Zn,0.31,0.69,0.38,True
DACVEI,W,0.18,5.74,5.56,False
DACZEP,Ru,5.33,5.68,0.35,True
DACZIR,Cu,4.55,12.94,8.39,False
DACZOX,Cu,0.66,2.98,2.32,False
DACZUD,Cu,0.47,5.56,5.09,False
DADFOG,Zn,0.54,6.05,5.51,False
DADGOI,Cu,4.11,4.82,0.71,True
DADGUO,Zn,4.94,6.19,1.25,False
DADJEX,Fe,5.11,6.46,1.35,False
DADLUR,Fe,0.94,6.38,5.44,False
DADMAY,Co,0.66,1.5,0.84,True
DADWAH,Cu,3.38,6.46,3.08,False
DAEAZN01,Zn,0.57,1.43,0.86,True
DAFBOC,Ru,5.42,5.75,0.33,True
DAFDOF,Co,1.4,4.06,2.66,False
DAFJIH,Zn,4.44,6.18,1.74,False
DAFKOO,Zn,6.98,12.38,5.4,False
DAFNIL,V,0.67,1.31,0.64,True
DAFPAF,V,0.15,0.77,0.62,True
DAFRIP,V,5.63,6.23,0.6,True
DAGJON,Fe,4.54,4.62,0.08,True
DAGKAY,Cu,4.99,7.8,2.81,False
DAGKEC,Cu,0.63,1.09,0.46,True
DAGLOQ,Fe,4.93,5.59,0.66,True
DAGNIL,Hf,0.77,4.97,4.2,False
DAGNUY,Fe,7.17,10.27,3.1,False
DAGPEK,Fe,0.41,5.73,5.32,False
DAGQAG,Ir,0.23,1.41,1.18,False
DAGZEU,Cu,0.81,1.33,0.52,True
DAHHAX,Cd,4.74,6.52,1.78,False
DAHSUB,Cd,0.76,0.99,0.23,True
DAHZES,Cu,4.96,5.98,1.02,False
DAJCEZ,Ru,4.71,6.13,1.42,False
DAJCID,Ru,5.25,5.99,0.74,True
DAJCOH,Cu,5.09,5.97,0.88,True
DAJCOJ,Ru,5.08,6.08,1.0,False
DAJCUO,Co,0.49,6.07,5.58,False
DAJFEB,Co,5.12,5.54,0.42,True
DAJKAD,Zn,0.28,1.13,0.85,True
DAJKEH,Zn,1.15,6.16,5.01,False
DAJKOR,Zn,1.62,6.34,4.72,False
DAJLAE,Zn,0.31,5.36,5.05,False
DAJLEI,Zn,0.24,1.21,0.97,True
DAJLIM,Zn,0.34,5.85,5.51,False
DAJLUY,Zn,0.33,5.49,5.16,False
DAJMAF,Zn,0.35,5.41,5.06,False
DAJMEJ,Zn,0.36,0.87,0.51,True
DAJPAH,Hf,0.44,6.5,6.06,False
DAJPIP,Zr,0.45,6.14,5.69,False
DAJWIX,Tc,0.58,0.85,0.27,True
DAJWOD,Re,0.59,1.1,0.51,True
DAJWUJ,Tc,4.94,5.92,0.98,True
DAJXAQ,Re,5.22,6.06,0.84,True
DAKGIG,Ir,5.04,6.5,1.46,False
DAKKEJ,V,4.9,6.15,1.25,False
DAKKIN,V,4.76,5.6,0.84,True
DAKKOT,V,0.32,4.55,4.23,False
DAKLUZ,Os,0.65,0.99,0.34,True
DAKMEL,Sc,0.83,2.15,1.32,False
DALBEZ,Ru,9.86,10.67,0.81,True
DALCUR,Mo,5.19,5.55,0.36,True
DALJIK,Ni,0.48,6.34,5.86,False
DALJOQ,Zn,0.4,3.99,3.59,False
DALWOE,Ru,3.55,4.37,0.82,True
DALWUK,Ru,0.71,2.63,1.92,False
DAMCAX,Ru,0.82,6.64,5.82,False
DAMFAA,Ru,0.37,1.72,1.35,False
DAMFEE,Ru,5.72,5.89,0.17,True
DAMJAF,V,0.08,1.32,1.24,False
DAMVAQ,Rh,16.75,17.22,0.47,True
DAMXIB,Mn,1.05,6.59,5.54,False
DAMYUL,Co,0.11,5.56,5.45,False
DANCII,Ru,5.48,5.65,0.17,True
DANCOK,Re,5.86,6.11,0.25,True
DANHUV,Cu,4.27,6.33,2.06,False
DANMEM,Ru,7.39,13.19,5.8,False
DANNAJ,Ru,5.44,7.64,2.2,False
DANNIP01,Tc,5.8,5.84,0.04,True
DANXAU,Zr,0.3,0.78,0.48,True
DANXEY,Y,0.27,0.93,0.66,True
DAPCIG,Fe,0.76,4.63,3.87,False
DAPDEE,V,0.24,1.65,1.41,False
DAPKOV01,Cu,0.61,4.6,3.99,False
DAPLAI,Cu,0.68,4.64,3.96,False
DAPMUC,Cr,5.41,5.97,0.56,True
DAPMUC01,Cr,5.56,6.08,0.52,True
DAPNAL,Zn,0.42,5.76,5.34,False
DAPPAM,Zn,4.47,6.44,1.97,False
DAPWUN,Cu,0.63,0.79,0.16,True
DAPXEY,Cu,4.08,4.7,0.62,True
DAPZIF,Pd,5.35,6.54,1.19,False
DAPZOL,Pd,5.38,13.3,7.92,False
DAQCUX,Cu,0.72,5.22,4.5,False
DAQDEG,Ru,7.63,10.4,2.77,False
DAQHAI,Fe,0.73,1.21,0.48,True
DAQHUA,Zn,5.63,7.75,2.12,False
DAQJAI,Zn,1.2,5.42,4.22,False
DAQJEK,Cu,6.64,9.85,3.21,False
DAQXAY,Ni,5.43,5.7,0.27,True
DAQXEY,Fe,0.12,0.98,0.86,True
DARVOI,Ag,0.55,1.28,0.73,True
DASRUM,Co,0.74,6.58,5.84,False
DASSIZ,Zn,0.58,5.58,5.0,False
DATZED,Fe,4.65,5.97,1.32,False
DAVLIY,Mn,5.39,5.97,0.58,True
DAVMOC,W,0.55,5.97,5.42,False
DAVTUR,Cu,5.24,6.33,1.09,False
DAWHAL,Ir,5.53,5.85,0.32,True
DAWHEP,Ir,0.73,2.7,1.97,False
DAWJIU,Cu,0.39,3.81,3.42,False
DAWKES,Fe,0.83,6.54,5.71,False
DAWLIX,Ti,0.98,5.96,4.98,False
DAWVUT,Co,0.45,4.01,3.56,False
DAXGUF,Zn,0.45,4.91,4.46,False
DAXXOR,Zn,0.29,6.66,6.37,False
DAYDEO,Zn,5.25,5.31,0.06,True
DAYDIS,Co,0.68,4.66,3.98,False
DAYQIF,Cu,4.43,5.65,1.22,False
DAYQOL,Cu,4.49,5.67,1.18,False
DAYQUR,Cu,0.67,0.7,0.03,True
DAYSAY,Zn,0.54,5.87,5.33,False
DAYSEB,Cu,4.14,5.04,0.9,True
DAYXAC,Cu,0.73,4.34,3.61,False
DAYXEG,Cu,0.54,0.75,0.21,True
DAYXUW,Cu,1.24,4.0,2.76,False
DAZCOX,Zn,0.51,0.86,0.35,True
DAZKEU,Cu,0.41,5.98,5.57,False
DAZNEY,Cu,7.55,6.57,0.98,True
DAZNEY01,Cu,7.86,16.24,8.38,False
DAZXUA,Cu,4.91,6.17,1.26,False
DEBDIB,Cu,0.35,6.53,6.18,False
DEBJEB,Co,0.14,5.58,5.44,False
DEBWUC,Ru,5.19,5.9,0.71,True
DEBXUF,V,5.57,5.97,0.4,True
DEBYAM,V,5.27,6.44,1.17,False
DECBET,Cu,0.65,1.69,1.04,False
DECFOI,Hg,2.33,4.9,2.57,False
DECKON,Fe,0.54,1.16,0.62,True
DECZAO,Ir,6.16,6.26,0.1,True
DECZES,Ir,0.36,1.66,1.3,False
DEDBAQ,Co,0.6,1.25,0.65,True
DEDBIY,Co,0.52,5.77,5.25,False
DEDBUK,Y,4.77,6.31,1.54,False
DEDCUL,Ti,0.21,6.18,5.97,False
DEDGEZ,Hf,0.53,5.04,4.51,False
DEDJEC,Zn,0.69,1.08,0.39,True
DEDPEJ,Cu,0.32,0.89,0.57,True
DEDROU,Ni,1.08,5.09,4.01,False
DEDRUD,Cu,0.6,1.14,0.54,True
DEFXOE,Mo,0.98,2.48,1.5,False
DEGLIL,Ru,0.16,5.45,5.29,False
DEGPIR,Cd,5.52,6.54,1.02,False
DEGPOX,Zn,0.61,6.19,5.58,False
DEGQUD,Zn,0.28,0.64,0.36,True
DEGVER,Ti,5.25,5.91,0.66,True
DEGWOB,Ti,0.12,5.28,5.16,False
DEGXIX,Hf,0.5,0.66,0.16,True
DEHFIH,Zn,0.39,3.38,2.99,False
DEHFON,Zn,4.27,5.54,1.27,False
DEHHOR,Rh,1.02,6.29,5.27,False
DEHPEN,Zn,0.42,5.32,4.9,False
DEHPIR,Cd,4.35,5.06,0.71,True
DEHPOX,Zn,0.26,6.28,6.02,False
DEHQAK,Cu,4.94,8.56,3.62,False
DEHSIU,Cu,0.59,0.82,0.23,True
DEHZAT,Cu,6.36,10.21,3.85,False
DEJHEF,Pt,5.75,6.73,0.98,True
DEKFOR,Ru,0.4,5.7,5.3,False
DEKFUX,Ru,0.1,3.37,3.27,False
DEKGAC,Ag,5.01,6.95,1.94,False
DEKROD,Fe,0.75,5.16,4.41,False
DEKWAU,Sc,0.8,4.91,4.11,False
DELDED,W,5.74,6.18,0.44,True
DELHIP,V,4.96,5.58,0.62,True
DELKOY,Zn,11.41,9.42,1.99,False
DELTIY,Zn,0.5,1.02,0.52,True
DELTIY01,Zn,0.35,6.16,5.81,False
DEMJIR,Zn,0.16,6.03,5.87,False
DEMKEL10,Cu,0.52,0.88,0.36,True
DEMKEO,Ag,11.07,12.52,1.45,False
DEMQUH,V,0.56,5.54,4.98,False
DEMRIZ,Cu,8.66,17.04,8.38,False
DEMSET,V,5.31,5.8,0.49,True
DENJAL,Co,0.13,0.98,0.85,True
DENQIX,Ru,5.72,5.97,0.25,True
DEPCUN01,Cu,0.28,0.82,0.54,True
DEPJOB,Zn,5.44,5.66,0.22,True
DEPKUF,Ni,1.01,1.26,0.25,True
DEPLAM,Ni,1.14,5.65,4.51,False
DEPLEQ,Ni,5.23,6.47,1.24,False
DEPLIU,Ni,1.25,5.47,4.22,False
DEPQUO,Fe,0.73,6.36,5.63,False
DEPRAS,Cu,0.55,1.17,0.62,True
DEPREW,Cu,4.33,5.63,1.3,False
DEPREZ,Fe,0.47,6.0,5.53,False
DEQCAG,Zr,1.26,7.3,6.04,False
DEQCIO,Hf,1.16,1.84,0.68,True
DEQGEM,Ir,4.5,6.3,1.8,False
DEQKIX,Ti,0.15,0.84,0.69,True
DEQMAQ,Cu,7.93,11.12,3.19,False
DEQPUO,Ti,0.64,1.35,0.71,True
DEQRIA,Cu,4.9,5.68,0.78,True
DEQSUR,Mn,5.91,6.09,0.18,True
DEQTAY,Mn,0.51,0.91,0.4,True
DEQTEC,Mn,5.94,7.08,1.14,False
DEQYOO,Cu,0.37,1.05,0.68,True
DEQZOO,Cu,5.98,7.6,1.62,False
DERGEM,Ta,0.36,4.13,3.77,False
DERLEU,Ru,6.39,6.76,0.37,True
DERLUK,Ru,4.83,6.99,2.16,False
DERMAO,Fe,0.55,1.13,0.58,True
DERMES,Fe,0.41,1.38,0.97,True
DERQEX,Mn,0.07,1.0,0.93,True
DERZUY,Cu,3.94,4.33,0.39,True
DESDEN,Pd,6.26,6.35,0.09,True
DESDIR,Pd,5.85,6.04,0.19,True
DESDOX,Pd,4.95,8.64,3.69,False
DESFEN,V,5.17,5.86,0.69,True
DESGUD,Tc,5.79,6.16,0.37,True
DESJIX,Pd,0.38,1.81,1.43,False
DESLAR,Ru,0.42,1.28,0.86,True
DESSAW,Fe,4.37,5.74,1.37,False
DESTUR,Ti,0.21,1.72,1.51,False
DESVAZ,Ti,4.95,5.37,0.42,True
DESVED,Ti,5.12,5.58,0.46,True
DESVIH,Ti,5.17,5.62,0.45,True
DETCEO,Cu,0.39,1.37,0.98,True
DETCOY,V,6.08,13.08,7.0,False
DEVLIA,Mn,4.85,5.59,0.74,True
DEVLOG,Mn,5.59,6.77,1.18,False
DEWHUI,V,0.2,0.78,0.58,True
DEWPIH,Ru,5.26,8.49,3.23,False
DEWWEI,Zn,0.71,4.73,4.02,False
DEXFOB,Fe,4.78,6.52,1.74,False
DEXPOP,Cu,5.06,6.13,1.07,False
DEXRII,Zn,7.69,11.43,3.74,False
DEXXAJ,V,0.38,0.62,0.24,True
DEXXEN,V,3.76,4.25,0.49,True
DEXXIR,V,4.83,5.61,0.78,True
DEXXOX,V,3.9,4.31,0.41,True
DEXYAH,Mn,8.12,9.36,1.24,False
DEYCIV,Ru,4.89,6.47,1.58,False
DEZBIW,Co,0.55,0.69,0.14,True
DEZFOG,Sc,6.28,3.37,2.91,False
DEZPAA,Cu,3.87,5.9,2.03,False
DEZXIQ,Cu,0.8,5.03,4.23,False
DIBLAD,V,0.76,0.88,0.12,True
DIBMIN,Ru,5.53,6.12,0.59,True
DIBPUB,Ru,0.5,0.82,0.32,True
DICCAU,Cu,7.33,15.73,8.4,False
DICCIC,Cu,0.35,0.9,0.55,True
DICKIK,Cu,0.36,0.84,0.48,True
DICTIU,Ru,5.57,6.15,0.58,True
DICTUG,Ru,0.69,0.92,0.23,True
DIDHAC,Zr,0.51,3.05,2.54,False
DIDHUX,Ru,9.59,7.85,1.74,False
DIDROZ,Sc,1.09,1.57,0.48,True
DIDSEQ,Sc,1.11,6.84,5.73,False
DIDSIV,Co,0.62,0.64,0.02,True
DIDTAO,Co,4.77,5.95,1.18,False
DIDTES,Co,0.6,5.91,5.31,False
DIDTIW,Co,0.45,1.02,0.57,True
DIDTOC,Co,4.55,5.84,1.29,False
DIFNEN,Cu,0.51,5.34,4.83,False
DIFNIR,Cu,5.02,6.58,1.56,False
DIFPIU,V,1.23,6.01,4.78,False
DIHNEO,Zn,0.88,5.94,5.06,False
DIHNEP,Pt,0.34,5.48,5.14,False
DIHNIT,Pt,0.51,5.58,5.07,False
DIHRIX,Cd,4.12,5.94,1.82,False
DIJBEF,Ti,0.2,5.26,5.06,False
DIJBIJ,Ti,0.22,5.34,5.12,False
DIJQOE,Zr,0.69,1.8,1.11,False
DIJTID,Cr,0.78,1.48,0.7,True
DIKFUY,Rh,17.62,13.5,4.12,False
DIKYAY,V,0.98,5.96,4.98,False
DILBIK,Zn,9.24,9.67,0.43,True
DILTEZ,Cu,4.62,6.26,1.64,False
DIMDAI,Cu,0.38,5.74,5.36,False
DINBIN,Cd,0.85,4.52,3.67,False
DINVEE,Cu,4.46,6.39,1.93,False
DIPHOB,Co,0.87,5.19,4.32,False
DIPKAR,Cu,7.22,14.12,6.9,False
DIPLIA,Cd,5.08,6.94,1.86,False
DIPLOG,Cd,5.35,6.92,1.57,False
DIPMAT,Cd,1.39,4.71,3.32,False
DIPPAV,Cu,0.49,0.76,0.27,True
DIPTEE,Cu,8.86,14.96,6.1,False
DIQMOJ,Fe,4.68,6.45,1.77,False
DIRFIW,Mo,0.51,5.5,4.99,False
DIRHIX,Fe,0.28,5.47,5.19,False
DISWOU,Zn,4.89,6.04,1.15,False
DISYAG,Cu,0.54,0.77,0.23,True
DISYEK,Cu,4.57,6.0,1.43,False
DITDAN,Cu,0.69,6.41,5.72,False
DITLAW,Co,0.49,5.83,5.34,False
DITPUS,Re,1.07,1.1,0.03,True
DITQED,Re,1.11,6.59,5.48,False
DITROO,Ru,5.82,5.9,0.08,True
DITSAB,Ru,5.57,6.09,0.52,True
DITWEL,Zn,5.93,8.57,2.64,False
DIVKEA,Zn,7.91,8.84,0.93,True
DIVVEM,W,4.86,5.53,0.67,True
DIVVIQ,Mo,5.13,5.78,0.65,True
DIVVOW,W,5.27,5.98,0.71,True
DIVVUC,Nb,0.76,6.13,5.37,False
DIVWAJ,Ta,0.74,5.65,4.91,False
DIVWEN,Nb,0.38,0.76,0.38,True
DIVWIR,Ta,4.8,5.52,0.72,True
DIVWOV,Rh,4.78,5.75,0.97,True
DIWQEI,Pt,5.85,6.94,1.09,False
DIXCEV,Mn,0.22,3.84,3.62,False
DIXCIZ,Mn,0.33,5.98,5.65,False
DIXNUU,Hg,1.3,6.74,5.44,False
DIXWIS,Ru,0.35,1.9,1.55,False
DIYKEF,Ru,4.74,5.78,1.04,False
DIYNOS,Ru,0.41,1.62,1.21,False
DIYQUX,Cd,2.19,7.17,4.98,False
DIYSEK,V,0.41,5.57,5.16,False
DIYSIO,V,0.43,5.62,5.19,False
DIYTIR,Cr,5.13,5.86,0.73,True
DIYVEM,Hg,5.76,7.11,1.35,False
DIYXAK,Zn,0.79,6.54,5.75,False
DIYXEO,Zn,4.91,5.26,0.35,True
DIYYIV,Mo,0.51,2.0,1.49,False
DIZCOG,Cu,4.05,5.18,1.13,False
DIZCUK,Mo,4.9,5.47,0.57,True
DIZMAA,Mo,4.76,6.52,1.76,False
DIZMEE,Mo,0.66,0.81,0.15,True
DIZNEH,Nb,0.37,3.74,3.37,False
DIZNUX,Nb,0.37,5.87,5.5,False
DIZQEJ,Co,0.23,1.09,0.86,True
DMAECO,Co,0.76,1.59,0.83,True
DMAECO01,Co,0.65,5.86,5.21,False
DMAECO02,Co,0.65,5.86,5.21,False
DMAECO03,Co,0.64,5.85,5.21,False
DMAECU01,Cu,0.38,1.38,1.0,True
DMAECU02,Cu,0.38,1.37,0.99,True
DMAECU03,Cu,0.38,1.37,0.99,True
DMAENI01,Ni,0.5,1.41,0.91,True
DMPMPW10,W,0.13,1.06,0.93,True
DOBCAC,Fe,0.47,0.58,0.11,True
DOBCUU,Co,0.26,5.64,5.38,False
DOBNAJ,Co,5.8,12.02,6.22,False
DOBNEN,Fe,5.68,7.77,2.09,False
DOBNUE,Os,5.37,6.06,0.69,True
DOBTIB,V,5.54,6.04,0.5,True
DOBTOH,V,4.79,5.67,0.88,True
DOBTUN,V,0.19,0.74,0.55,True
DOBVAV,V,4.47,5.69,1.22,False
DOBVUL,Co,0.89,5.25,4.36,False
DOBVUL01,Co,0.9,5.37,4.47,False
DOBWEX,Zr,0.66,5.64,4.98,False
DOBWIB,Zr,0.5,5.54,5.04,False
DOBXEY,Hf,0.41,1.27,0.86,True
DOBXUO,Zr,0.33,6.61,6.28,False
DOBYAV,Zr,0.45,5.47,5.02,False
DOBYEZ,Hf,0.3,5.6,5.3,False
DOBYID,Hf,0.31,6.38,6.07,False
DOCFUX02,Zn,0.2,3.77,3.57,False
DOCGUZ,Fe,5.55,5.98,0.43,True
DOCTEX,Re,0.32,1.26,0.94,True
DOCVOJ,Co,1.02,6.65,5.63,False
DOCYON,Fe,0.66,4.57,3.91,False
DODCAC,Zn,8.0,5.7,2.3,False
DODGUZ,Re,0.13,1.33,1.2,False
DODRAS,Cu,1.0,1.1,0.1,True
DODTOG,Fe,0.38,1.06,0.68,True
DOFRUO,Ti,7.41,8.03,0.62,True
DOFSIC,Mo,0.18,5.62,5.44,False
DOFWOM,Re,1.63,6.29,4.66,False
DOFYIG,Ni,0.3,1.06,0.76,True
DOGBEK,Co,0.63,4.86,4.23,False
DOGGEM,Zr,2.69,7.05,4.36,False
DOGGIQ,Zr,6.99,7.08,0.09,True
DOGHEO,Cu,0.46,1.5,1.04,False
DOGHOY,Fe,0.51,5.82,5.31,False
DOGKUF,Cr,9.42,13.06,3.64,False
DOGMAQ,Cu,0.61,1.24,0.63,True
DOGNAR,Ti,0.18,0.75,0.57,True
DOGYEE,Cu,0.17,0.65,0.48,True
DOHPEZ,Ru,6.16,6.46,0.3,True
DOHPUP,Zn,0.28,0.7,0.42,True
DOHQIC,Cd,3.98,5.86,1.88,False
DOHQUO,Cd,1.53,3.77,2.24,False
DOHTAY,Mn,5.24,6.08,0.84,True
DOHTIG,Mn,0.86,1.73,0.87,True
DOHTIG01,Mn,0.87,1.74,0.87,True
DOHXED,Ni,0.35,4.52,4.17,False
DOJCAG,Rh,6.03,11.52,5.49,False
DOJCOY,Cu,0.38,1.02,0.64,True
DOJPAV01,Ni,5.04,5.94,0.9,True
DOJPIF,Cu,0.95,1.57,0.62,True
DOJPOL,Cu,0.98,4.14,3.16,False
DOJWAC,Co,0.6,6.18,5.58,False
DOLBUB,Tc,0.25,0.74,0.49,True
DOLXEH01,Cu,4.43,4.96,0.53,True
DOMLEX,Zn,0.32,1.14,0.82,True
DOMNID,Fe,0.55,5.07,4.52,False
DOMZOV,Fe,12.93,16.74,3.81,False
DOMZUB,Fe,12.33,13.91,1.58,False
DONBEO,Ti,0.36,5.09,4.73,False
DONFES,Co,0.71,6.39,5.68,False
DONGIW,Cu,0.55,6.24,5.69,False
DONGIX,Mn,1.02,6.79,5.77,False
DONJUN,Ir,0.46,1.75,1.29,False
DONQED,Zr,0.31,5.09,4.78,False
DONQUV,Ni,6.64,7.36,0.72,True
DONSUV,Tc,5.45,6.22,0.77,True
DOPBOA,Fe,10.04,15.1,5.06,False
DOPDET,Ru,6.32,6.58,0.26,True
DOPDIX,Ru,6.34,6.7,0.36,True
DOPDOD,Ru,6.15,6.23,0.08,True
DOPDUJ,Ru,0.68,1.68,1.0,True
DOPZIS,Cu,4.92,10.79,5.87,False
DOQQUY,Zn,0.18,0.75,0.57,True
DOQRIL,Ru,5.37,6.04,0.67,True
DORMUS,Tc,4.28,5.31,1.03,False
DORNED,Tc,4.27,5.24,0.97,True
DORNIH,Tc,5.44,6.73,1.29,False
DORWIS,V,5.03,5.6,0.57,True
DOSGAV,Ru,0.43,2.38,1.95,False
DOSVAJ,Zn,0.12,5.78,5.66,False
DOTKIH,Cu,4.57,6.13,1.56,False
DOTKUT,Cu,0.65,4.49,3.84,False
DOTNUX,Cu,0.45,1.52,1.07,False
DOTPIN,Cu,7.45,8.88,1.43,False
DOTREM,Cu,4.7,4.97,0.27,True
DOVDEX,Cu,1.17,4.94,3.77,False
DOVDEZ,Cd,4.89,6.91,2.02,False
DOVKAB,Mn,0.76,1.09,0.33,True
DOVKUV,Mn,1.56,3.76,2.2,False
DOVPUC,Hg,1.38,7.2,5.82,False
DOVVAP,Cu,3.93,6.13,2.2,False
DOWLEK,Zn,0.62,6.72,6.1,False
DOWQAH,Zn,4.79,5.59,0.8,True
DOXCAU,Co,0.47,4.97,4.5,False
DOXCAU10,Co,0.47,4.97,4.5,False
DOXGEC,Cu,1.75,7.83,6.08,False
DOXGIG,Cu,5.47,6.79,1.32,False
DOYPEM,Cu,2.89,3.98,1.09,False
DPPFEO,Fe,0.34,5.64,5.3,False
DPPTFE,Fe,0.41,5.53,5.12,False
DUBBUZ,Ni,4.82,5.74,0.92,True
DUBCAG,Cu,0.43,0.46,0.03,True
DUBCIO,Cu,0.33,0.71,0.38,True
DUBCOW,Ir,5.6,6.07,0.47,True
DUBDOU,Cu,4.26,5.96,1.7,False
DUBMAR,Zn,0.33,1.29,0.96,True
DUBMEV,Zn,0.38,5.11,4.73,False
DUBMIZ,Zn,0.44,5.26,4.82,False
DUBMOF,Zn,0.42,0.94,0.52,True
DUBMUL,Zn,0.35,5.1,4.75,False
DUBWEE,V,0.57,5.54,4.97,False
DUBWII,V,0.6,6.08,5.48,False
DUCGIR,Cu,4.95,8.77,3.82,False
DUCMOD,Re,0.13,0.9,0.77,True
DUCMOD01,Re,5.16,5.79,0.63,True
DUCVAB,Co,0.44,1.84,1.4,False
DUDJEV,Fe,5.45,5.91,0.46,True
DUDNAV,Fe,0.9,1.03,0.13,True
DUDNOJ,Fe,0.9,5.25,4.35,False
DUDZAE,Re,6.09,6.1,0.01,True
DUDZEI,Re,5.72,6.01,0.29,True
DUDZOS,Re,0.42,1.74,1.32,False
DUFDAK,Cu,5.11,5.56,0.45,True
DUFHUK,Mo,7.43,8.2,0.77,True
DUFLEW,Fe,4.97,5.88,0.91,True
DUGBAL,V,0.22,0.88,0.66,True
DUGBEP,V,5.43,5.92,0.49,True
DUGCAJ,Fe,0.62,1.23,0.61,True
DUGDAO,Mn,0.05,0.86,0.81,True
DUGGIV,Mn,0.58,0.85,0.27,True
DUGJUK,Pt,2.62,4.68,2.06,False
DUGMAU,Rh,0.37,1.73,1.36,False
DUHCOZ,Cd,5.59,6.91,1.32,False
DUHGIX,Ni,4.79,6.26,1.47,False
DUHJAS,Cu,6.38,6.49,0.11,True
DUHJEV,Co,0.7,4.59,3.89,False
DUHJOJ,Cd,5.26,6.94,1.68,False
DUHVOV,Re,0.47,1.41,0.94,True
DUHVUB,Re,0.42,1.32,0.9,True
DUJDIY,V,4.99,5.59,0.6,True
DUJKEC,Co,13.14,11.93,1.21,False
DUJTUA,Zn,6.88,5.04,1.84,False
DUJVAI,Zn,0.49,0.75,0.26,True
DUJVOW,Zn,0.67,1.75,1.08,False
DUJWOX,Zn,6.8,12.05,5.25,False
DUKBAN,Cu,0.43,0.97,0.54,True
DUKBIV01,Zn,4.39,5.43,1.04,False
DUKCAO,Cu,8.53,6.19,2.34,False
DUKNIH,Co,1.46,3.93,2.47,False
DUKPII,Ru,5.23,6.11,0.88,True
DULFEV,Mo,0.67,5.96,5.29,False
DULHOL,Co,0.95,6.23,5.28,False
DULMEC,Os,0.36,5.78,5.42,False
DULPIN,Zn,0.52,5.82,5.3,False
DULPUW,Zn,0.08,5.36,5.28,False
DULQIL,Hg,0.98,2.0,1.02,False
DULSEI,Ni,9.63,12.86,3.23,False
DULSUZ,Cu,3.36,8.99,5.63,False
DULTIO,Cu,1.16,5.82,4.66,False
DULVAK,Hg,5.73,6.52,0.79,True
DUMBEV,Cu,0.81,1.18,0.37,True
DUMBUL,Rh,5.59,13.92,8.33,False
DUMHOI,V,8.42,5.24,3.18,False
DUMKAA,Ru,6.38,6.41,0.03,True
DUNTIT,Ti,0.22,1.22,1.0,False
DUNVER,Ti,0.21,5.72,5.51,False
DUPSOW,Ir,4.99,5.9,0.91,True
DUQKAE,Cu,4.77,5.98,1.21,False
DUQSIS,Ti,0.78,6.42,5.64,False
DUQXEW,Co,0.74,1.75,1.01,False
DUQXOG,Co,5.49,6.39,0.9,True
DUQYAT,Co,0.89,6.47,5.58,False
DURBAW,Ru,5.74,5.95,0.21,True
DURDUP,Mn,0.85,3.48,2.63,False
DURFOM,Cu,5.21,6.75,1.54,False
DURJAC,Zn,4.49,6.72,2.23,False
DURRAK,V,4.21,6.02,1.81,False
DURREO,V,10.46,5.19,5.27,False
DURREO01,V,10.48,5.21,5.27,False
DURVUH,Ta,0.31,6.15,5.84,False
DURVUH10,Ta,0.31,6.15,5.84,False
DURYUO,Fe,5.52,6.71,1.19,False
DUSNUA,Mo,0.09,0.58,0.49,True
DUSPAI,W,0.05,0.71,0.66,True
DUSTAO,Zn,0.77,5.99,5.22,False
DUSTES,Zn,0.59,6.23,5.64,False
DUSTIW,Zn,3.66,6.57,2.91,False
DUSTOC,Zn,5.23,6.38,1.15,False
DUSTUI,Zn,0.86,6.38,5.52,False
DUSVAQ,Zn,0.92,6.33,5.41,False
DUSVEU,Cu,5.05,5.1,0.05,True
DUSWAR,Zn,0.72,5.8,5.08,False
DUVHEJ,Zn,1.66,4.01,2.35,False
DUVHIN,Zn,0.66,4.88,4.22,False
DUVHOT,Zn,0.51,0.93,0.42,True
DUVKAK,Cu,0.72,6.56,5.84,False
DUVMUD,Zn,0.4,0.63,0.23,True
DUVVUP,Cu,0.75,2.91,2.16,False
DUVWAW,Cu,0.49,6.42,5.93,False
DUVWUQ,Cu,5.26,5.43,0.17,True
DUWJUC,Zn,0.33,0.72,0.39,True
DUWTIZ,Cu,10.04,15.57,5.53,False
DUWWEY,Co,12.1,11.81,0.29,True
DUXQUK,Ir,0.5,1.43,0.93,True
DUXRAR,Ir,5.9,6.04,0.14,True
DUXREU,Zn,0.68,1.55,0.87,True
DUXROE,Zn,0.75,1.59,0.84,True
DUYSUN,Fe,0.67,5.45,4.78,False
DUYTAU,Os,6.15,6.29,0.14,True
DUYTEY,Os,6.18,6.32,0.14,True
DUYYIG01,V,7.0,10.84,3.84,False
DUZCUZ,Cu,0.39,6.3,5.91,False
DUZNIV,Cr,0.05,1.24,1.19,False
DUZTOJ,Co,0.33,5.69,5.36,False
DUZVAX,Fe,4.74,6.06,1.32,False
DUZZIH,Zn,0.82,1.03,0.21,True
EACMCO,Co,0.14,0.89,0.75,True
EACWAG,Zn,4.89,5.86,0.97,True
EACYNF,Fe,5.1,5.65,0.55,True
EAEIOV10,V,4.77,5.42,0.65,True
EAEIOV11,V,4.72,5.37,0.65,True
EAMOSF,Mo,0.56,0.58,0.02,True
EAMOSF10,Mo,0.56,0.58,0.02,True
EBAKEA,Ni,3.82,4.26,0.44,True
EBASAF,Cu,0.37,0.51,0.14,True
EBAXAG,Cu,11.4,8.64,2.76,False
EBEZAQ,Zn,5.09,5.71,0.62,True
EBEZOE,Zn,4.9,6.17,1.27,False
EBEZUK,Zn,4.33,6.02,1.69,False
EBIHOP,Fe,5.42,6.5,1.08,False
EBILEK,Fe,12.62,13.66,1.04,False
EBIWOC,Cu,4.82,6.84,2.02,False
EBOLEN,Cr,0.48,5.72,5.24,False
EBOLIR,Mo,0.31,0.94,0.63,True
EBOLOX,W,5.28,5.84,0.56,True
EBOLUD,Mo,4.73,5.84,1.11,False
EBORIX,Cu,10.11,11.46,1.35,False
EBORUJ,Cu,10.36,7.9,2.46,False
EBOSOD,Pt,5.61,6.25,0.64,True
EBOWEX,V,4.94,5.57,0.63,True
EBOZOM,Fe,1.12,5.18,4.06,False
EBUFIQ,Cr,0.05,0.98,0.93,True
EBUZAC,V,4.42,5.75,1.33,False
EBUZEG,V,0.59,4.66,4.07,False
EBUZIK,V,4.44,6.07,1.63,False
ECADIX,Fe,0.15,0.55,0.4,True
ECADOC,Co,0.61,5.83,5.22,False
ECAFIX02,Cu,8.73,10.14,1.41,False
ECAFIX04,Cu,10.22,9.36,0.86,True
ECAFIX05,Cu,7.15,9.68,2.53,False
ECAFIX06,Cu,0.64,4.64,4.0,False
ECAFIX07,Cu,6.28,11.63,5.35,False
ECAFIX11,Cu,4.64,6.17,1.53,False
ECAFIX14,Cu,0.67,4.63,3.96,False
ECAFIX15,Cu,0.64,4.63,3.99,False
ECECEV01,Cu,5.01,6.59,1.58,False
ECERIP,Os,0.14,1.13,0.99,True
ECESAK,Fe,0.32,5.5,5.18,False
ECEWAL,Fe,0.2,0.71,0.51,True
ECEYUI,Fe,4.46,5.91,1.45,False
ECIGAZ,Zr,2.55,6.42,3.87,False
ECIJIM,Co,5.26,6.6,1.34,False
ECIVUI,Cu,0.67,6.47,5.8,False
ECOFOR,W,0.85,0.95,0.1,True
ECOPAO,Fe,0.78,6.42,5.64,False
ECOPES,Fe,0.71,6.4,5.69,False
ECOSAL,Co,0.11,0.91,0.8,True
ECOWOL,Zn,0.7,6.68,5.98,False
ECOWUR,Cd,0.95,4.45,3.5,False
ECOXAZ,Re,5.44,5.88,0.44,True
ECOZUV,Ti,1.03,1.35,0.32,True
ECUFIV,Ni,8.75,11.8,3.05,False
ECULEW,V,4.74,5.39,0.65,True
ECULIA,V,0.21,0.52,0.31,True
ECUQAV,Zn,0.61,2.11,1.5,False
ECURIF,Zn,4.69,5.77,1.08,False
ECUVII,Cu,4.09,12.42,8.33,False
ECUWUV,Cu,8.48,8.83,0.35,True
EDABIV,Re,0.1,1.74,1.64,False
EDAHAU,V,5.29,5.93,0.64,True
EDAVAI,Hf,0.21,0.96,0.75,True
EDAVUB,Cu,4.42,5.66,1.24,False
EDECEX,Fe,0.58,6.29,5.71,False
EDECEX01,Fe,0.58,1.72,1.14,False
EDECEX02,Fe,0.58,1.62,1.04,False
EDECEX03,Fe,0.59,1.57,0.98,True
EDECEX04,Fe,0.6,1.53,0.93,True
EDECEX05,Fe,0.61,1.49,0.88,True
EDEHAW,Pt,5.31,7.52,2.21,False
EDERIQ,Mo,5.29,5.97,0.68,True
EDEYAR,Ru,4.95,5.43,0.48,True
EDIDAZ,Fe,0.31,5.47,5.16,False
EDIDEC,Cu,0.23,5.68,5.45,False
EDIFON,Cu,7.39,7.53,0.14,True
EDIRAN,Fe,5.23,6.4,1.17,False
EDISOA,Fe,4.2,5.77,1.57,False
EDITEU,Hg,0.85,4.87,4.02,False
EDOBEG,Co,0.41,0.5,0.09,True
EDOFUA,Ru,5.84,6.45,0.61,True
EDOHAH,Cu,13.51,11.08,2.43,False
EDOHAJ,Zn,0.36,0.68,0.32,True
EDOHIR,Zn,4.92,5.89,0.97,True
EDOPOD,Ru,5.05,6.0,0.95,True
EDOWUQ,Re,4.91,5.51,0.6,True
EDOXAX,Re,0.32,5.42,5.1,False
EDOYII,Co,4.86,10.39,5.53,False
EDUFAM,Ru,5.89,6.34,0.45,True
EDUGAN,Cd,1.22,4.85,3.63,False
EDULIA,Cu,1.12,1.77,0.65,True
EDULIZ,Cu,11.2,17.28,6.08,False
EDUNEX,Cu,4.78,5.96,1.18,False
EDUPUQ,Fe,0.39,5.53,5.14,False
EDUVOQ,Cu,0.3,5.9,5.6,False
EDUYEH,Cu,4.85,5.7,0.85,True
EFAFID,Cu,0.67,0.83,0.16,True
EFAJIE,Cu,1.13,6.09,4.96,False
EFENAH,Co,0.24,1.2,0.96,True
EFICAZ,Ru,0.35,1.91,1.56,False
EFICED,Ru,5.2,5.5,0.3,True
EFIJEK,Hg,0.97,1.83,0.86,True
EFIPOC,Ag,5.0,5.82,0.82,True
EFITIY,Cu,4.97,6.0,1.03,False
EFOLOD,Ru,0.28,1.48,1.2,False
EFOPUK,Cd,1.95,4.56,2.61,False
EFOSUP,Cu,5.35,5.86,0.51,True
EFOVUS,Cu,2.12,5.43,3.31,False
EFOXAB,Zn,0.43,0.74,0.31,True
EFOXEF,Zn,0.37,0.54,0.17,True
EFOZEH,Ti,6.13,8.31,2.18,False
EFUDEQ,Cu,6.5,10.07,3.57,False
EFUGOB,Rh,2.99,4.88,1.89,False
EFUKIB,Hg,1.49,5.6,4.11,False
EGAFAV,Mn,0.05,3.7,3.65,False
EGAFAV01,Mn,0.07,5.31,5.24,False
EGALIL,Fe,4.73,5.51,0.78,True
EGANEG,Sc,1.24,1.35,0.11,True
EGEBUO,Nb,1.18,8.26,7.08,False
EGEHII,Zn,5.37,5.81,0.44,True
EGEJUX,Fe,5.5,5.82,0.32,True
EGEKIL,Sc,5.45,6.69,1.24,False
EGEKOR,Sc,5.8,6.67,0.87,True
EGELEI,Sc,1.22,2.4,1.18,False
EGELEK,Co,1.44,5.29,3.85,False
EGEMUY,Fe,5.13,5.99,0.86,True
EGETAL,Os,3.28,7.64,4.36,False
EGETEP,Os,2.21,5.46,3.25,False
EGEVIV,Ti,0.23,5.34,5.11,False
EGIDUU,Mo,4.66,5.8,1.14,False
EGIFAC,W,5.71,6.32,0.61,True
EGIFUW,W,0.72,4.2,3.48,False
EGIGAD,W,5.44,5.85,0.41,True
EGIHOR,Zn,0.41,4.11,3.7,False
EGILIR,Zn,0.35,5.68,5.33,False
EGILOX,Co,0.41,5.72,5.31,False
EGILUC,Fe,0.42,6.01,5.59,False
EGISAO,Ti,6.85,12.14,5.29,False
EGOMEW,Cu,4.49,5.76,1.27,False
EGOZUV,Sc,0.02,1.11,1.09,False
EGUBEN,Y,0.43,3.55,3.12,False
EGUBIR,Sc,2.88,4.59,1.71,False
EGUQEE,Mn,4.37,6.59,2.22,False
EHAJEG,V,5.19,5.62,0.43,True
EHAJIK,V,0.25,0.72,0.47,True
EHAJUW,V,0.28,4.79,4.51,False
EHAKIH,Ag,4.08,5.45,1.37,False
EHANOQ,Cu,5.01,5.65,0.64,True
EHAZAP,Cd,5.74,6.76,1.02,False
EHECUR,Ru,0.15,1.89,1.74,False
EHEQEQ,Co,0.45,0.62,0.17,True
EHERIV,Hg,5.33,5.74,0.41,True
EHEZEW,V,4.65,5.69,1.04,False
EHEZUM,Cu,4.43,6.55,2.12,False
EHIBAY,Cu,4.12,4.37,0.25,True
EHIJEM,Co,1.0,5.58,4.58,False
EHIWUO,Cu,5.39,6.36,0.97,True
EHIZAY,Zn,4.8,5.65,0.85,True
EHOCOU,Sc,5.78,6.78,1.0,False
EHOLUJ,Zn,0.34,1.14,0.8,True
EHOYOQ,Cu,6.74,9.61,2.87,False
EHUKEB,Zn,0.52,0.77,0.25,True
EHUWUC,Co,5.47,6.56,1.09,False
EHUYEN,Fe,2.78,5.15,2.37,False
EJAPAK,Cu,7.5,13.43,5.93,False
EJAXEW,Cu,8.17,4.46,3.71,False
EJAXOG,Cu,12.97,13.89,0.92,True
EJAYUK,Mn,4.37,4.78,0.41,True
EJECIF,Cu,4.06,5.43,1.37,False
EJECOL,Cu,4.21,7.48,3.27,False
EJEDUV,Fe,0.61,0.61,0.0,True
EJEFIK,Cu,12.8,12.77,0.03,True
EJEKOT,Cu,4.83,6.22,1.39,False
EJEYEY,Cu,5.23,6.58,1.35,False
EJIHUD,Zr,0.9,2.06,1.16,False
EJIPAP,Zn,0.53,5.84,5.31,False
EJIPAP01,Zn,0.51,5.87,5.36,False
EJOJOC,Fe,5.12,5.94,0.82,True
EJOROK,Nb,5.75,5.85,0.1,True
EJOSAB,Fe,0.67,6.69,6.02,False
EJOVEE,Co,6.34,7.81,1.47,False
EJUBOB,La,2.18,2.81,0.63,True
EJUBUH,Y,5.31,6.63,1.32,False
EJUCOB,V,5.27,5.87,0.6,True
EJUCUH,V,4.96,5.71,0.75,True
EJUDIX,Ru,4.84,6.16,1.32,False
EJUJUQ,Ru,6.22,6.43,0.21,True
EJUROR,Zr,0.17,5.38,5.21,False
EJURUX,Zr,0.13,5.55,5.42,False
EJUTEK,Mo,4.37,5.87,1.5,False
EJUTUY,Mo,0.05,5.27,5.22,False
EKACOJ,Fe,8.75,6.71,2.04,False
EKAQIU,Fe,4.74,5.45,0.71,True
EKAYOG,Mo,3.98,7.16,3.18,False
EKEDEG,Pd,1.2,1.6,0.4,True
EKEJAG,Hg,0.76,4.69,3.93,False
EKEJUZ,Cu,1.13,4.96,3.83,False
EKEVOG,Ru,5.17,6.1,0.93,True
EKIGEL,Cu,4.63,5.8,1.17,False
EKIHUC,Cu,0.2,3.52,3.32,False
EKIKEP,Zr,0.48,1.7,1.22,False
EKINAN,Fe,0.86,6.3,5.44,False
EKINER,Co,0.79,6.19,5.4,False
EKIVUS,Fe,0.7,1.13,0.43,True
EKIWAZ,Fe,0.51,2.23,1.72,False
EKIWED,Fe,0.61,0.78,0.17,True
EKOCAJ,Zn,0.28,5.1,4.82,False
EKOFIW,Cu,4.65,5.92,1.27,False
EKOMEZ,Cu,8.35,10.85,2.5,False
EKOQOL,V,0.6,4.51,3.91,False
EKORII,Mo,0.63,5.9,5.27,False
EKOXUX,Y,2.43,6.15,3.72,False
EKUHAX,Zn,0.12,0.75,0.63,True
EKUTIO,Cu,5.03,6.31,1.28,False
ELAJAC,Cu,7.11,12.84,5.73,False
ELAKOR,Ni,4.85,5.82,0.97,True
ELALAE,W,7.56,8.05,0.49,True
ELALUZ,Co,1.01,6.06,5.05,False
ELAZEZ,Cu,0.62,4.49,3.87,False
ELEBEF,Zn,0.9,1.4,0.5,True
ELENAM,Os,5.32,6.43,1.11,False
ELEWUR,Cu,10.62,10.83,0.21,True
ELILOD,Cu,0.41,4.76,4.35,False
ELIRUN,Fe,4.47,6.16,1.69,False
ELIWAZ,Re,0.2,1.86,1.66,False
ELOFES,Fe,5.31,6.41,1.1,False
ELOFIW,Co,5.22,6.54,1.32,False
ELUCIA,Cu,0.43,5.49,5.06,False
ELUHAU,Re,4.64,5.31,0.67,True
ELUSAG,Ir,0.96,1.66,0.7,True
ELUVAM,Cu,4.62,5.62,1.0,False
ELUXIU,Co,6.03,13.1,7.07,False
ELUXOA,Co,5.35,6.16,0.81,True
EMAKEK,Co,0.66,5.41,4.75,False
EMANAJ,Co,0.81,5.66,4.85,False
EMAQUF,Ru,5.41,6.22,0.81,True
EMAWUN,Hg,5.26,6.11,0.85,True
EMEJAH,Fe,5.64,6.88,1.24,False
EMIWEC,Re,0.53,5.89,5.36,False
EMOHOD,W,6.13,6.17,0.04,True
EMOSEF,Ru,6.78,6.87,0.09,True
EMOSOR,Cu,4.51,5.35,0.84,True
EMOTOS,Cu,6.57,9.87,3.3,False
EMUGAU,Zr,4.27,5.5,1.23,False
EMULUT,Fe,6.29,6.52,0.23,True
EMULUW,Fe,1.95,4.12,2.17,False
EMUMEE,V,0.16,0.73,0.57,True
EMUQAE,Cd,1.01,1.79,0.78,True
EMUVOB,Fe,5.18,5.36,0.18,True
EMUXIT,Cu,0.62,0.66,0.04,True
ENAYUO,Fe,5.89,6.34,0.45,True
ENCUTS01,Cu,3.5,7.28,3.78,False
ENEQUJ,Ti,5.24,5.91,0.67,True
ENERAQ,Ti,5.0,5.43,0.43,True
ENEYAA,Zn,0.08,5.08,5.0,False
ENEYEE,Zn,0.15,0.49,0.34,True
ENOMOK,Cu,1.52,4.29,2.77,False
ENOMUQ,Cu,0.7,5.33,4.63,False
ENOPUV,Mo,5.33,6.0,0.67,True
ENOQIK,Mo,5.34,6.02,0.68,True
ENORIJ,Co,4.02,5.25,1.23,False
ENORIJ01,Co,4.02,5.16,1.14,False
ENOROP,Zn,4.07,5.13,1.06,False
ENORUV,Hg,6.02,6.5,0.48,True
ENUREM,Ni,5.79,8.11,2.32,False
ENUSAJ,Ni,0.16,6.24,6.08,False
ENUSEN,Ni,9.26,9.69,0.43,True
EPEHOZ,Zn,0.48,0.48,0.0,True
EPEKEQ,Cu,4.93,8.72,3.79,False
EPELAP,Zn,0.72,4.87,4.15,False
EPELIW,Cu,0.98,1.2,0.22,True
EPIJOD,Cu,4.9,5.45,0.55,True
EPIKOE,Cu,4.57,5.58,1.01,False
EPIMEX,Fe,0.56,5.91,5.35,False
EPIMIB,Fe,0.69,4.93,4.24,False
EPIMOH,Fe,5.0,6.43,1.43,False
EPIMUN,Fe,3.59,3.79,0.2,True
EPINAU,Fe,0.32,0.51,0.19,True
EPITEF,Zn,4.89,5.95,1.06,False
EPONIH,Y,5.81,8.33,2.52,False
EPONON,Sc,6.84,12.43,5.59,False
EPOPZN10,Zn,4.87,5.85,0.98,True
EQACEF,Fe,0.33,0.34,0.01,True
EQAGUA,Ru,4.69,5.74,1.05,False
EQAHAH,Ru,5.57,6.01,0.44,True
EQAVUO,Ni,0.97,4.84,3.87,False
EQECOV,Zn,0.49,0.81,0.32,True
EQEDUA,Mn,0.87,1.6,0.73,True
EQEFIQ,Zn,0.62,1.33,0.71,True
EQETEA,Ti,0.06,5.72,5.66,False
EQIQOL,Cu,0.27,4.52,4.25,False
EQOGIB,Zn,0.25,0.58,0.33,True
EQOTAH,Fe,0.76,1.21,0.45,True
EQOVOX,Ir,4.93,6.04,1.11,False
EQUCUQ,Cu,0.21,1.05,0.84,True
EQUFON,Zn,4.74,5.78,1.04,False
EQULOS,Ti,0.31,1.18,0.87,True
EQULUY,Ti,5.35,5.77,0.42,True
EQUVET,Mn,0.85,5.19,4.34,False
ERAKOZ,Co,0.7,1.27,0.57,True
ERANOD,Mo,0.76,6.38,5.62,False
ERANUJ,Mo,0.86,5.35,4.49,False
ERASIB,Fe,0.58,1.19,0.61,True
ERASOH,Fe,0.63,1.23,0.6,True
ERAVAX,Cu,10.93,11.22,0.29,True
ERAZUU,Sc,0.07,0.76,0.69,True
ERECAI,Zn,0.52,4.19,3.67,False
ERECIQ,Zn,0.72,5.42,4.7,False
EREFOW,V,0.27,1.19,0.92,True
EREJOD,Zn,0.06,0.84,0.78,True
EREJUG,Ru,0.39,5.36,4.97,False
ERETUR,Cu,0.74,0.85,0.11,True
ERIHAP,Cu,11.11,13.18,2.07,False
ERIHOD,Cu,5.5,7.3,1.8,False
ERIKOG,Zn,0.14,0.86,0.72,True
ERIMAU,Hg,5.73,6.73,1.0,False
ERIMIC,Zn,4.75,5.99,1.24,False
ERIQED,Mo,0.38,1.4,1.02,False
ERIQIH,Mo,0.54,5.98,5.44,False
ERIREE,Mo,4.73,5.79,1.06,False
EROFUO,Cu,5.19,6.22,1.03,False
EROVAI,Ir,0.31,0.95,0.64,True
EROXUG,Cu,1.19,4.54,3.35,False
ERUKAE,Ru,5.46,5.77,0.31,True
ERUNEM,Cu,4.84,5.97,1.13,False
ERUPOX,Ti,12.32,12.56,0.24,True
ERUPOX01,Ti,10.33,11.33,1.0,False
ERUQAK,Zr,0.42,0.8,0.38,True
ERUQEO,Hf,0.4,5.44,5.04,False
ERUYUL,Cu,4.84,5.82,0.98,True
ERUZEW,Cu,5.93,13.15,7.22,False
ERUZIA,Cu,6.75,8.68,1.93,False
ESAHIP,Fe,0.47,1.51,1.04,False
ESAJEN,V,4.36,5.86,1.5,False
ESALOA,Os,6.39,6.41,0.02,True
ESAQOF,Ni,1.2,5.27,4.07,False
ESAVAW,Cu,1.05,4.58,3.53,False
ESAVEA,Cu,1.02,4.58,3.56,False
ESAVIE,Cu,5.24,6.26,1.02,False
ESAZUT,Re,0.26,5.62,5.36,False
ESERUR,Ru,5.83,6.04,0.21,True
ESEXIL,Zn,5.66,6.31,0.65,True
ESIFAO,Ru,10.75,15.36,4.61,False
ESIHEU,Y,10.03,12.61,2.58,False
ESIJOF,Cu,0.24,5.72,5.48,False
ESILIC,Co,0.72,6.5,5.78,False
ESIMAV,Co,0.68,1.39,0.71,True
ESIMEZ,Co,0.67,4.81,4.14,False
ESIMID,Co,0.67,4.79,4.12,False
ESIRII,Zn,5.46,3.85,1.61,False
ESISIK,Zn,0.5,5.29,4.79,False
ESISUU,Re,5.13,6.25,1.12,False
ESOTAH,Mo,3.81,5.02,1.21,False
ESOTEL,Mo,1.57,5.57,4.0,False
ESOWOY,Os,0.47,1.2,0.73,True
ESOXIV,Cu,0.54,2.46,1.92,False
ESUDIH,Co,0.32,5.78,5.46,False
ESUMIO,Ti,0.55,1.52,0.97,True
ESUVIX,Cu,0.44,1.02,0.58,True
ESUVOD,Cu,4.14,9.93,5.79,False
ETACUY,Cu,0.64,1.51,0.87,True
ETAFAI,Fe,0.88,6.66,5.78,False
ETAMCW,Cu,0.57,6.33,5.76,False
ETAWAX,Cu,5.07,6.16,1.09,False
ETCOXV01,V,0.3,1.34,1.04,False
ETEDIS,Re,0.53,0.71,0.18,True
ETEDOY,Re,5.02,6.16,1.14,False
ETELIA,Cu,0.55,0.65,0.1,True
ETENUN,Fe,0.03,1.03,1.0,False
ETEPAV,Fe,0.04,1.16,1.12,False
ETEPEZ,Fe,5.88,5.99,0.11,True
ETESOL,Cu,8.06,11.71,3.65,False
ETESOL01,Cu,4.74,13.8,9.06,False
ETEWIM,V,5.36,6.17,0.81,True
ETEZIP,Fe,5.55,5.8,0.25,True
ETEZOV,Fe,0.75,1.77,1.02,False
ETEZUB,Fe,3.23,5.36,2.13,False
ETINAX,Fe,4.85,6.73,1.88,False
ETINEB,Fe,5.18,6.14,0.96,True
ETINIF,Fe,5.33,6.65,1.32,False
ETIYIQ,Cu,11.87,10.19,1.68,False
ETOCIA,Zn,0.68,4.64,3.96,False
ETOCUM,Zn,0.69,1.66,0.97,True
ETODOG,Cu,3.87,4.41,0.54,True
ETOGIE,Cu,11.6,7.56,4.04,False
ETOGOK,Mn,4.57,6.33,1.76,False
ETOSOX,V,0.07,5.51,5.44,False
ETOXAN,Cu,8.8,5.73,3.07,False
ETOXIV,Cu,5.91,6.0,0.09,True
ETUBAZ,Cu,3.5,6.57,3.07,False
ETUBED,Cu,5.12,6.48,1.36,False
ETUBIH,Cu,5.27,6.51,1.24,False
ETUBON,Cu,3.56,6.62,3.06,False
ETUCOM,Zn,0.46,0.74,0.28,True
ETUDED,Co,4.96,5.61,0.65,True
ETUDUV,Cu,2.61,5.19,2.58,False
ETUFAD,Cu,5.31,6.71,1.4,False
ETUFUX,Cd,1.74,5.83,4.09,False
ETUKAI,Zn,0.95,1.12,0.17,True
ETUKEM,Co,0.76,0.99,0.23,True
ETURUG,Ta,0.5,0.59,0.09,True
ETUSAN,Ta,0.14,4.96,4.82,False
ETUXAT,Zn,5.36,6.2,0.84,True
ETUXEZ,Cu,1.11,4.04,2.93,False
ETUZID,Co,5.14,6.34,1.2,False
ETYMCU,Cu,4.8,6.09,1.29,False
EVABEI,Cu,1.11,4.48,3.37,False
EVAFEP,Zn,0.13,1.26,1.13,False
EVAFUF,Zn,5.78,8.66,2.88,False
EVALOE,Ru,6.22,6.23,0.01,True
EVAVAY,Zn,4.42,5.81,1.39,False
EVEHIY,Cu,7.18,10.8,3.62,False
EVEKUL,Rh,0.15,1.42,1.27,False
EVERIG,Cu,0.42,6.19,5.77,False
EVERIG01,Cu,0.43,6.18,5.75,False
EVEVAC,Cu,4.27,4.4,0.13,True
EVIGAU,Y,1.55,2.08,0.53,True
EVIKUR,Fe,0.67,6.32,5.65,False
EVILAY,Fe,0.63,5.26,4.63,False
EVILEC,Fe,0.95,4.78,3.83,False
EVILIG,Fe,4.72,5.53,0.81,True
EVILOM,Fe,0.49,0.96,0.47,True
EVILUS,Fe,0.77,0.88,0.11,True
EVIQUV,W,0.06,1.18,1.12,False
EVIXEO01,Mn,0.34,1.62,1.28,False
EVOKIJ,Cu,5.68,6.07,0.39,True
EVOVUH,V,0.56,6.14,5.58,False
EVOWAO,V,0.45,1.29,0.84,True
EVUHUZ,Zr,0.46,5.61,5.15,False
EVUWUN,Cu,11.65,13.46,1.81,False
EWALEU,Sc,0.26,5.54,5.28,False
EWALOE,Sc,0.82,4.36,3.54,False
EWAMAQ,Pd,4.69,5.61,0.92,True
EWAVUW,Cu,4.75,6.57,1.82,False
EWAWAD,Cu,5.4,7.1,1.7,False
EWAXEI,Ir,7.04,7.17,0.13,True
EWECIT,Fe,0.41,5.74,5.33,False
EWEDOA,Zn,5.29,6.05,0.76,True
EWEPUR,V,0.07,5.58,5.51,False
EWEZEN,Fe,0.61,6.37,5.76,False
EWIJOK,Co,0.29,0.84,0.55,True
EWIROS,W,0.86,3.59,2.73,False
EWIRUX,Ni,0.63,6.49,5.86,False
EWOBEX,Fe,0.76,0.93,0.17,True
EWOBUP02,Ni,4.53,4.88,0.35,True
EWOFAX,Ni,0.62,6.08,5.46,False
EWOFUU,Tc,0.47,1.34,0.87,True
EWOQAI,Fe,0.74,6.4,5.66,False
EWORAM,Tc,5.92,6.03,0.11,True
EWOSAK,V,5.0,5.75,0.75,True
EWUDAD,Zn,1.14,5.36,4.22,False
EWUKUC,Cu,7.62,5.26,2.36,False
EXACIR,V,0.22,1.07,0.85,True
EXACOV,Cd,3.38,5.17,1.79,False
EXACOX,V,9.75,6.8,2.95,False
EXAFAM,V,0.2,0.94,0.74,True
EXAPYZ,Zn,1.18,1.19,0.01,True
EXEBIT,Ti,6.03,6.17,0.14,True
EXEBOZ,Ti,1.33,6.43,5.1,False
EXEBUF,Ti,1.57,5.28,3.71,False
EXECIU,Ti,1.48,5.38,3.9,False
EXEJAS,Mo,4.88,6.2,1.32,False
EXEJEW,Mo,4.88,6.16,1.28,False
EXEMOL,Ni,0.9,6.23,5.33,False
EXEPUS,Cu,0.25,5.84,5.59,False
EXEPUS01,Cu,0.25,1.3,1.05,False
EXEPUS02,Cu,0.26,1.32,1.06,False
EXEVEJ,Ru,5.85,6.25,0.4,True
EXIFUN,Zn,0.25,0.99,0.74,True
EXOQIR,Fe,5.93,6.39,0.46,True
EXOWET,Fe,0.19,5.37,5.18,False
EXOXUK,Mn,4.92,6.82,1.9,False
EXUYUT,Y,4.81,5.18,0.37,True
EXUZEE,Y,6.4,9.15,2.75,False
EYADOZ,Cu,0.76,4.7,3.94,False
EYANUO,Cu,5.47,7.54,2.07,False
EYAZEK,Re,5.28,5.65,0.37,True
EYAZIO,Tc,5.47,5.69,0.22,True
EYEGOF,Cd,1.04,2.95,1.91,False
EYEHEW,Zn,0.61,5.96,5.35,False
EYIFUQ,V,0.36,4.79,4.43,False
EYIGIE,Cu,5.1,6.4,1.3,False
EYIKEC,Cu,11.42,9.39,2.03,False
EYILUT,Re,6.88,7.08,0.2,True
EYOQUE,Zr,7.23,7.89,0.66,True
EYOVOE,Cu,2.23,5.0,2.77,False
EYOWOE,Cu,3.34,5.75,2.41,False
EYUGEM,V,10.15,13.58,3.43,False
EYUMES,Zn,6.51,7.93,1.42,False
EYUPAR,Re,4.97,5.57,0.6,True
EYUPEV,Re,5.69,6.62,0.93,True
EYURUN,Zn,0.39,1.62,1.23,False
EYUTAV,Mn,5.15,5.81,0.66,True
EZACAK,Ni,1.03,1.15,0.12,True
EZAHUI,Pt,4.91,7.22,2.31,False
EZAHUI01,Pt,4.93,5.84,0.91,True
EZALEZ,Fe,0.76,1.21,0.45,True
EZALOJ,Mn,5.48,6.54,1.06,False
EZAPUR,Ni,5.25,5.88,0.63,True
EZAYOV,Fe,5.38,11.86,6.48,False
EZAZIP,V,4.67,5.43,0.76,True
EZEDUL,Co,0.43,0.58,0.15,True
EZEFOH,Cu,4.44,5.8,1.36,False
EZEGEY,Cu,4.39,5.92,1.53,False
EZEGIC,Zn,0.13,5.8,5.67,False
EZEHEZ,Zn,4.57,5.7,1.13,False
EZEJAX,Cu,1.25,3.27,2.02,False
EZESIM,Cu,0.75,4.32,3.57,False
EZEXOW,Re,0.63,0.83,0.2,True
EZEYEO,Cu,9.9,10.16,0.26,True
EZICOH,Co,5.35,6.95,1.6,False
EZICUN,Co,0.78,2.0,1.22,False
EZIDAU,Co,5.33,6.36,1.03,False
EZIDEY,Co,4.19,5.69,1.5,False
EZIGIG,Re,5.02,6.27,1.25,False
EZIGOM,Re,5.29,6.39,1.1,False
EZIQAF,Mo,0.77,5.91,5.14,False
EZOQAN,Ni,0.3,6.18,5.88,False
EZOXIC,Ru,0.32,1.94,1.62,False
EZUQUL,Cu,6.43,7.53,1.1,False
EZURIB,Hf,0.46,6.34,5.88,False
EZUROH,Hf,0.69,3.91,3.22,False
EZURUN,Hf,0.48,6.52,6.04,False
EZUWOL,Zn,4.35,5.97,1.62,False
EZUWOL01,Zn,4.33,5.98,1.65,False
FABBIX,Cu,0.38,6.34,5.96,False
FABZUF,Zn,1.07,7.07,6.0,False
FACFIZ,Cu,8.79,9.85,1.06,False
FACYEN,Mo,0.03,0.89,0.86,True
FADVOX,Cu,0.36,0.66,0.3,True
FADZUF,Cu,0.23,0.64,0.41,True
FAFROV,Fe,4.64,6.12,1.48,False
FAFSEN,Mn,0.36,0.75,0.39,True
FAGMOP,Ir,0.09,1.31,1.22,False
FAGPUC,Ti,7.66,7.64,0.02,True
FAGQIR,Ti,0.69,5.34,4.65,False
FAGREO,Ti,6.98,9.49,2.51,False
FAGRIS,Ti,5.97,8.73,2.76,False
FAGVUG,Ru,4.81,5.51,0.7,True
FAHGEE,Cu,0.12,5.83,5.71,False
FAHMIL,Cu,5.12,6.53,1.41,False
FAHVEP,Hg,1.94,2.83,0.89,True
FAHXOB,Fe,4.52,6.43,1.91,False
FAJCUQ,Rh,4.59,5.61,1.02,False
FAJDEB,Rh,4.67,5.99,1.32,False
FAJGON,Mo,5.18,5.71,0.53,True
FAJGUT,Mo,5.63,6.12,0.49,True
FAJKOS,W,0.88,6.03,5.15,False
FAJXOD,Co,1.24,8.54,7.3,False
FAKDOL,Os,0.03,0.76,0.73,True
FAKMUA,Ni,0.79,5.73,4.94,False
FAKWEW,Hg,5.63,5.93,0.3,True
FALFIK,Cu,0.42,0.52,0.1,True
FALFOQ,Cu,0.3,3.3,3.0,False
FALJIP,Mn,1.53,3.91,2.38,False
FALPIU,Mn,1.5,1.55,0.05,True
FALPUG,Mn,5.77,6.98,1.21,False
FALQAN,Mn,1.77,1.84,0.07,True
FALQER,Mn,4.72,6.66,1.94,False
FALQIV,Mn,1.84,7.04,5.2,False
FALRAO,Mn,1.47,4.17,2.7,False
FALTAR,Cu,9.36,10.22,0.86,True
FALWUN,Cu,6.29,7.52,1.23,False
FAMFOP,Ru,0.54,0.81,0.27,True
FAMGEG,Ru,0.91,6.37,5.46,False
FAMRES,Cu,5.99,3.18,2.81,False
FAMTAS,Rh,5.12,5.87,0.75,True
FAMTEW,Rh,0.08,0.93,0.85,True
FAMTIA,Rh,5.22,5.89,0.67,True
FAMTUM,Mo,6.03,6.1,0.07,True
FANBOP,Cu,5.95,6.37,0.42,True
FANCOO,Cu,0.31,0.85,0.54,True
FANKOU,Au,1.49,5.88,4.39,False
FANMEP,Ni,0.08,1.16,1.08,False
FANMIS,Cd,1.22,1.96,0.74,True
FANSAR,Fe,0.41,0.86,0.45,True
FANWOJ,V,0.1,5.83,5.73,False
FANWUN,Cu,0.64,1.39,0.75,True
FANWUP,V,0.11,1.13,1.02,False
FANXAU,Cu,5.07,6.01,0.94,True
FANXAW,V,0.14,6.1,5.96,False
FAPBIH07,Pd,1.11,4.46,3.35,False
FAPBIH08,Pd,0.96,4.68,3.72,False
FAPBIH09,Pd,4.61,6.29,1.68,False
FAPBIH10,Pd,0.91,4.68,3.77,False
FAPBIH11,Pd,0.98,4.55,3.57,False
FAPBIH12,Pd,4.56,6.78,2.22,False
FAPQIX,Mo,11.21,11.98,0.77,True
FAPQOC,Cu,7.07,6.28,0.79,True
FAPZED,Mn,0.92,6.66,5.74,False
FAPZIH,Mn,1.14,1.55,0.41,True
FAPZON,Mn,0.98,6.52,5.54,False
FAQHEO,Cu,5.2,6.45,1.25,False
FAQKEP,Cu,5.2,6.52,1.32,False
FAQKIT,Cu,4.98,7.58,2.6,False
FAQKIT01,Cu,5.44,10.15,4.71,False
FAQSEY,Ag,3.06,5.05,1.99,False
FAQYUU,Zn,0.17,0.68,0.51,True
FARBAC,Re,0.69,6.27,5.58,False
FARBEG,Re,0.45,5.99,5.54,False
FARJAN,Ni,3.84,5.4,1.56,False
FARSOJ,Ru,0.13,5.7,5.57,False
FARTAW,Ru,0.08,5.64,5.56,False
FARTIE,Ru,0.06,5.54,5.48,False
FARYEG,Mo,5.84,6.07,0.23,True
FASFIQ,Cu,0.22,5.74,5.52,False
FASFIQ01,Cu,4.66,5.83,1.17,False
FASGAJ,Ni,4.92,5.77,0.85,True
FASQIB,V,0.3,0.61,0.31,True
FASSEX,Fe,0.5,1.99,1.49,False
FASWEB,V,4.95,5.54,0.59,True
FATRAT10,V,1.63,8.31,6.68,False
FATTUR,Ru,0.58,1.78,1.2,False
FATVIH,Ru,0.58,1.76,1.18,False
FAVDIQ,Cu,8.03,11.4,3.37,False
FAVHIU,Zn,0.93,3.78,2.85,False
FAVHOB,V,0.15,0.87,0.72,True
FAVTOL,Mn,0.17,0.58,0.41,True
FAVTOL01,Mn,4.91,5.73,0.82,True
FAVTUR,Cd,1.18,2.49,1.31,False
FAWCIT,Cu,5.16,6.64,1.48,False
FAWCOZ,Cu,4.53,5.18,0.65,True
FAWHAM,Ir,0.61,1.74,1.13,False
FAWJAS,Mo,6.23,6.63,0.4,True
FAWJIA,Mo,5.37,6.07,0.7,True
FAWYUX,Co,5.44,6.04,0.6,True
FAXKAR,Cu,6.79,12.54,5.75,False
FAXKOF,Cu,5.57,6.42,0.85,True
FAXQEE,Fe,0.55,4.44,3.89,False
FAXXAH,Au,4.18,5.92,1.74,False
FAXXEK,Cu,0.35,3.04,2.69,False
FAXYEI,Co,1.42,5.49,4.07,False
FAXYIM,Co,0.23,5.45,5.22,False
FAXZIR,Zn,4.59,5.78,1.19,False
FAYBUG,Ti,2.52,3.26,0.74,True
FAYJOH,Cu,5.06,6.6,1.54,False
FAYLOJ,Re,6.45,6.56,0.11,True
FAYLUP,Mn,6.15,6.34,0.19,True
FAYROM01,Zn,0.34,0.76,0.42,True
FAZBUH,Cu,7.53,8.23,0.7,True
FAZMAU,Ti,2.98,6.64,3.66,False
FAZNIG,Cu,1.03,1.16,0.13,True
FAZNOM,Cu,0.17,0.81,0.64,True
FAZQUS,Co,0.36,4.16,3.8,False
FAZXIP,Zn,0.51,0.99,0.48,True
FAZXOV,Co,0.42,6.97,6.55,False
FAZXUB,Cu,4.44,8.12,3.68,False
FEBHAW,Cd,3.6,6.96,3.36,False
FEBLII,Re,6.09,6.34,0.25,True
FEBYIX,Tc,0.56,1.11,0.55,True
FEBZAR,Co,5.08,5.74,0.66,True
FEBZUI,Cu,0.27,1.37,1.1,False
FECBOH,Zn,0.45,1.52,1.07,False
FECCAU,Ni,5.17,5.25,0.08,True
FECCEY,Cu,5.06,6.24,1.18,False
FECCOI,Cu,0.36,0.85,0.49,True
FECFUO10,Fe,2.07,5.93,3.86,False
FECJOQ,Cu,8.13,8.56,0.43,True
FECSAK,Cu,5.24,6.63,1.39,False
FECSIS,Cu,5.26,6.64,1.38,False
FECSOY,Cu,5.13,5.42,0.29,True
FECSUE,Cu,3.38,6.56,3.18,False
FECTAL,Cu,5.25,6.66,1.41,False
FECTIU,Zn,12.01,9.24,2.77,False
FECWUJ,Zn,4.14,4.86,0.72,True
FEDMDT01,Fe,4.53,4.78,0.25,True
FEDWES,Cu,4.48,4.79,0.31,True
FEFRUG,Nb,6.01,6.39,0.38,True
FEFSAN,Nb,0.45,1.35,0.9,True
FEFSER,Nb,5.75,6.11,0.36,True
FEGCID,Ir,5.21,5.6,0.39,True
FEGHOP,Ru,6.07,6.11,0.04,True
FEGTUK,Fe,0.85,3.67,2.82,False
FEGWAT,Co,2.14,5.08,2.94,False
FEGWOH,Zn,0.3,0.61,0.31,True
FEGXIY,Ru,4.95,5.66,0.71,True
FEHFOO,Ni,9.83,8.66,1.17,False
FEHFUU,Ni,8.31,9.76,1.45,False
FEHGAB,Ni,11.22,14.47,3.25,False
FEHKUZ,Mn,0.68,2.19,1.51,False
FEHLAG,Mn,6.52,6.57,0.05,True
FEHSAQ,Sc,8.86,16.06,7.2,False
FEHTUI,W,5.08,5.81,0.73,True
FEHVAQ,W,6.72,7.08,0.36,True
FEHXOJ,V,4.73,6.0,1.27,False
FEHYIE,Mo,0.3,0.9,0.6,True
FEHZIF,Mo,5.08,5.79,0.71,True
FEJFUX,Co,3.69,6.67,2.98,False
FEJJOW,V,0.54,5.04,4.5,False
FEJNEP,Zn,0.7,1.05,0.35,True
FEJRUL,Cu,5.02,5.82,0.8,True
FEJZOJ,Ru,0.75,5.98,5.23,False
FEJZUP,Os,4.81,5.6,0.79,True
FEKGAE,Zn,0.25,5.53,5.28,False
FEKJOV,Cu,0.61,6.4,5.79,False
FEKJUB,Cu,0.86,3.44,2.58,False
FEKKAI,Cu,4.09,4.17,0.08,True
FEKKAJ,Ru,5.71,5.85,0.14,True
FEKKEM,Cu,0.2,3.4,3.2,False
FEKMUG,Cr,5.13,5.6,0.47,True
FEKNER,Cr,0.15,0.93,0.78,True
FEKNIT,Ti,0.51,1.38,0.87,True
FEKNOB,Cr,5.53,5.77,0.24,True
FEKNOZ,Ti,0.6,5.69,5.09,False
FEKPUG,Fe,0.11,0.87,0.76,True
FEKRAP,Zn,4.26,5.95,1.69,False
FEKTOF,W,0.09,1.27,1.18,False
FEKTUL,Cr,0.07,1.23,1.16,False
FEMBEE,Mo,5.36,5.69,0.33,True
FEMBEI,Cu,5.21,5.93,0.72,True
FEMBOP,Zr,0.96,2.18,1.22,False
FEMCIM,Cu,8.81,10.15,1.34,False
FEMFAH,Cd,1.78,3.8,2.02,False
FEMFAH01,Cd,3.82,6.0,2.18,False
FEMFOV,Cd,4.73,5.71,0.98,True
FEMJIS,Fe,5.01,6.52,1.51,False
FEMWAY,La,2.2,3.48,1.28,False
FENBUV,Cu,11.19,9.79,1.4,False
FENFEM,Fe,1.01,1.6,0.59,True
FENROH,Mo,0.45,5.52,5.07,False
FENVUP,Fe,0.68,5.74,5.06,False
FEPCIQ,Cr,0.92,6.43,5.51,False
FEPCOW,Cu,5.3,5.36,0.06,True
FEPFOW,Zr,6.1,7.78,1.68,False
FEPHOB,Cu,4.61,5.56,0.95,True
FEPJAL02,Cu,0.57,0.93,0.36,True
FEPKEU,Cu,4.63,6.41,1.78,False
FEQDOU,Re,0.37,5.89,5.52,False
FEQFAI,Re,0.48,1.05,0.57,True
FEQFAM,Cd,4.35,6.18,1.83,False
FEQFEM,Re,0.46,0.55,0.09,True
FEQLIX,Co,1.55,1.64,0.09,True
FEQMAQ,Fe,5.68,6.83,1.15,False
FEQSAX,Ir,0.59,5.3,4.71,False
FEQZUA,Cu,5.35,6.41,1.06,False
FERBAJ,Cu,5.47,5.59,0.12,True
FERVUT,Ru,5.11,5.18,0.07,True
FERYUY,Zn,0.44,0.6,0.16,True
FESBAH,Pd,4.01,6.02,2.01,False
FESGUF,V,6.21,8.44,2.23,False
FESJAP,Cu,7.67,8.5,0.83,True
FESQID,Re,4.13,5.74,1.61,False
FESSEC,Fe,4.8,5.76,0.96,True
FESSIG,Fe,4.99,5.74,0.75,True
FESSOM,Fe,0.12,0.76,0.64,True
FESXUA,Cd,5.11,6.74,1.63,False
FETJAQ,Cu,3.95,4.75,0.8,True
FETJOF,Ir,0.11,0.97,0.86,True
FETPIG,Zr,1.53,6.28,4.75,False
FEVSIJ,Co,10.46,15.38,4.92,False
FEVSOP,Co,0.51,1.14,0.63,True
FEVYIQ,Cu,0.91,1.41,0.5,True
FEVZEO,Ir,4.52,5.42,0.9,True
FEWLOM,Ta,4.62,6.99,2.37,False
FEWPEC,Mo,5.08,6.18,1.1,False
FEWTEH,Cu,0.27,0.45,0.18,True
FEWTOR,Cu,6.38,9.47,3.09,False
FEYLUS,Cu,0.7,4.64,3.94,False
FEYQAD,Zn,3.54,5.63,2.09,False
FEYQIM,Fe,4.41,5.98,1.57,False
FEYRAF,Fe,0.86,5.89,5.03,False
FEYROR,V,2.68,6.94,4.26,False
FEYVEL,Zn,0.65,1.31,0.66,True
FEYWEL,Cu,4.85,5.79,0.94,True
FEZFUN,Re,0.35,1.48,1.13,False
FEZGEY,Re,0.51,1.91,1.4,False
FEZGOI,Re,5.87,5.93,0.06,True
FEZGUO,Re,0.42,1.65,1.23,False
FEZTEM,Mn,5.82,7.92,2.1,False
FEZTIQ,Mn,2.16,5.21,3.05,False
FEZVIT,Ti,0.31,3.4,3.09,False
FEZXAN,Fe,0.65,5.56,4.91,False
FIBHIK,Cu,4.32,5.69,1.37,False
FIBJOQ,Fe,0.73,2.67,1.94,False
FIBQOW,V,0.23,0.69,0.46,True
FIBVUL,V,4.64,5.99,1.35,False
FIBWEW,V,0.31,4.77,4.46,False
FIBWIA,V,0.3,4.78,4.48,False
FIBXEU,Os,6.26,6.66,0.4,True
FIBZOF,Cu,9.63,12.89,3.26,False
FICJEH,Ti,0.4,6.1,5.7,False
FICMEJ,Re,0.18,0.43,0.25,True
FICMIN,Re,6.77,8.73,1.96,False
FICMOT,Re,0.38,1.68,1.3,False
FICXEY,Hf,1.3,2.22,0.92,True
FICXOI,Hf,7.57,8.78,1.21,False
FICYID,Hf,0.91,1.71,0.8,True
FIDLUD,Ir,6.73,8.18,1.45,False
FIDVIY,Mn,1.13,3.37,2.24,False
FIFDII,Ni,4.26,5.49,1.23,False
FIFPEQ,Ti,12.35,14.21,1.86,False
FIFQOB,Zr,4.6,7.11,2.51,False
FIFWIB,Zn,0.74,7.24,6.5,False
FIFWIB01,Zn,0.45,4.81,4.36,False
FIFYEC,Os,0.68,4.67,3.99,False
FIFZED,Os,6.22,6.49,0.27,True
FIFZOK,Cu,0.71,0.86,0.15,True
FIGGIM,Ru,5.73,6.07,0.34,True
FIGLAJ,Ti,5.14,6.35,1.21,False
FIGRUJ,Ag,6.42,7.7,1.28,False
FIGWEZ,Cu,5.27,5.96,0.69,True
FIGYIE,Ru,5.64,6.07,0.43,True
FIGZOL,Ru,6.32,6.35,0.03,True
FIGZUR,W,5.62,5.7,0.08,True
FIHDAE,Cu,1.24,5.62,4.38,False
FIHFIO,Fe,0.23,4.24,4.01,False
FIHFUA,Fe,0.24,0.9,0.66,True
FIHGOV,Rh,5.19,5.82,0.63,True
FIHSUO,Cu,5.27,6.63,1.36,False
FIHTAS,Cu,1.23,6.29,5.06,False
FIHTAS01,Cu,0.71,1.28,0.57,True
FIHTEW,Cu,0.76,4.57,3.81,False
FIHTEW01,Cu,4.58,6.34,1.76,False
FIHWAV,Cu,0.55,0.62,0.07,True
FIHXAW,Cu,6.85,8.1,1.25,False
FIHXIE,Cu,0.46,1.13,0.67,True
FIHXOK,Cu,0.42,0.65,0.23,True
FIJGIP,Ir,6.51,8.36,1.85,False
FIJKOB,Ru,0.8,1.16,0.36,True
FIJKOB01,Ru,5.17,6.12,0.95,True
FILDIR,Fe,1.01,1.07,0.06,True
FILDOW,Cu,0.63,0.72,0.09,True
FILDUD,Co,0.94,6.09,5.15,False
FILFAL,Mn,1.0,6.28,5.28,False
FILFOZ,Co,0.37,0.87,0.5,True
FILGOA,Co,0.55,0.93,0.38,True
FILNEX,Mn,1.07,4.84,3.77,False
FILPUM,Cu,0.49,0.64,0.15,True
FILQOH,Cu,4.7,6.22,1.52,False
FILVOM,Ir,0.36,1.09,0.73,True
FILVON,Ti,12.06,12.75,0.69,True
FILVUT,Ti,6.1,8.34,2.24,False
FILWAZ,Ir,0.34,4.66,4.32,False
FILWED,Ir,0.38,5.61,5.23,False
FILWEG,Zn,0.19,5.38,5.19,False
FILYEE,Cu,0.42,0.75,0.33,True
FILYII,Cu,0.24,5.7,5.46,False
FIMMOH,Ru,5.58,5.95,0.37,True
FIMTOL,Fe,0.44,0.77,0.33,True
FIMTUR,Fe,0.53,0.62,0.09,True
FIMWAA,Zn,1.64,5.3,3.66,False
FINBOT,Ru,5.7,5.79,0.09,True
FINGER,Fe,0.03,1.13,1.1,False
FINWEF,Re,5.51,6.05,0.54,True
FINWUV,Rh,5.75,6.15,0.4,True
FIPMID,Fe,0.36,5.6,5.24,False
FIPRUR,Zn,0.24,5.3,5.06,False
FIQFUG,Fe,1.53,3.79,2.26,False
FIQLEW,Re,5.14,5.7,0.56,True
FIQREE,Re,0.21,1.25,1.04,False
FIQXOV,Ir,7.84,11.18,3.34,False
FIRBIR,Fe,0.21,5.47,5.26,False
FIRBIR01,Fe,0.2,1.57,1.37,False
FIRCEO,Ir,5.34,6.07,0.73,True
FIRCEO01,Ir,5.04,5.44,0.4,True
FIRDIV,Ir,0.34,1.0,0.66,True
FIRFOC,W,0.28,2.03,1.75,False
FIRMIE,Cu,4.71,5.67,0.96,True
FIRNUQ,Cu,9.25,10.4,1.15,False
FIRNUS,Cu,11.37,13.85,2.48,False
FIRPOO,Zn,0.88,1.59,0.71,True
FIRZAL,Ru,0.32,1.32,1.0,False
FISCIT,Tc,5.02,5.58,0.56,True
FISGAS,Ni,0.25,0.41,0.16,True
FISREG,Ru,5.0,5.48,0.48,True
FISRIK,Ru,5.64,5.82,0.18,True
FISROQ,Ru,5.36,5.76,0.4,True
FITBIT,Fe,0.55,1.31,0.76,True
FITGAU,Cu,12.76,10.99,1.77,False
FITGEY,Cu,1.2,6.21,5.01,False
FITGOI,Cu,5.31,10.86,5.55,False
FITQAD,Fe,0.33,3.5,3.17,False
FITQUY,Cu,0.88,1.17,0.29,True
FITXOY,Mo,0.25,0.33,0.08,True
FITYAJ,Cu,0.23,0.62,0.39,True
FIVBIW,Fe,0.38,5.5,5.12,False
FIVXOY,Hf,5.13,6.55,1.42,False
FIVZUH,Cu,8.34,6.65,1.69,False
FIWKEB,Cu,1.25,5.44,4.19,False
FIWMIK,Cu,0.36,6.43,6.07,False
FIWMUW,Cu,0.3,6.37,6.07,False
FIWNIJ,Pt,0.53,4.44,3.91,False
FIWNOO,Cu,10.85,8.75,2.1,False
FIWTAG,Mo,3.35,5.04,1.69,False
FIWXOC,Cu,0.61,4.8,4.19,False
FIXDUM,Cu,5.1,6.35,1.25,False
FIXLOR,Cu,2.21,4.72,2.51,False
FIXRAG,Os,5.2,6.34,1.14,False
FIXROU,Os,0.69,1.33,0.64,True
FIYDIB,Cd,3.62,4.35,0.73,True
FIYFOJ,Ni,0.72,5.35,4.63,False
FIYHOL,V,0.3,0.92,0.62,True
FIYMOP,Co,0.8,1.57,0.77,True
FIYSAI,Zn,6.46,7.34,0.88,True
FIZDOK,Ru,5.65,6.32,0.67,True
FIZDUQ,Ru,6.19,6.52,0.33,True
FIZFOM,Ru,5.0,6.32,1.32,False
FIZFUS,Ru,5.24,6.13,0.89,True
FIZJEG,Cu,4.84,5.82,0.98,True
FIZMAD,Cu,6.92,8.27,1.35,False
FIZQOV,Mn,0.77,1.45,0.68,True
FIZQOV01,Mn,0.77,1.45,0.68,True
FIZRUF,Fe,4.32,5.94,1.62,False
FIZSIU,Fe,5.6,6.26,0.66,True
FIZVOB,Ru,5.16,5.46,0.3,True
FIZXUI,Fe,0.79,1.12,0.33,True
FMNBCU,Cu,5.49,7.25,1.76,False
FOBCUX,Ru,0.2,0.8,0.6,True
FOBFIO,Zn,0.66,1.29,0.63,True
FOBFIP,Ti,0.97,1.22,0.25,True
FOBFOV,Ti,1.01,1.27,0.26,True
FOBRIZ,Fe,0.29,5.29,5.0,False
FOBTEV,Co,0.41,5.21,4.8,False
FOCCEG,Cu,10.29,10.83,0.54,True
FOCGAJ,Co,0.2,1.96,1.76,False
FOCLER,Cu,4.69,5.7,1.01,False
FOCLOA,Co,5.58,5.95,0.37,True
FOCLOA01,Co,5.59,5.96,0.37,True
FOCLUG,Co,0.16,1.67,1.51,False
FOCMAN,Co,0.14,0.96,0.82,True
FOCMAO,Cu,0.79,0.98,0.19,True
FOCSOF,Mn,0.27,5.75,5.48,False
FOCSOF10,Mn,0.27,5.75,5.48,False
FOCSOH,Cu,4.54,4.71,0.17,True
FODBOP,Ir,5.61,5.79,0.18,True
FODGUA,Re,5.21,5.86,0.65,True
FODQIY,Os,5.95,6.12,0.17,True
FODVIF,Cu,9.0,8.59,0.41,True
FODXAX10,Ti,6.02,9.36,3.34,False
FODXIG,Cu,5.16,6.08,0.92,True
FODXIG01,Cu,5.18,6.08,0.9,True
FODYEE,Cu,9.93,10.06,0.13,True
FOFMOC,W,0.04,1.01,0.97,True
FOFVIF,Re,5.03,5.57,0.54,True
FOGKUL,Ru,0.48,5.2,4.72,False
FOGLOE,Rh,0.48,1.46,0.98,True
FOGLUK,Rh,0.43,1.98,1.55,False
FOGMAP,Co,5.08,6.22,1.14,False
FOGMAR,Ir,0.73,2.74,2.01,False
FOGNEV,Cr,5.49,6.23,0.74,True
FOGQEX,Cd,5.66,6.61,0.95,True
FOGWAB,Cu,9.26,8.25,1.01,False
FOGWOO,Cu,0.51,0.67,0.16,True
FOGZAC,W,0.25,0.4,0.15,True
FOHBAJ,Zr,0.55,1.4,0.85,True
FOHBIN,V,0.46,0.68,0.22,True
FOHJEV,Zr,0.4,5.13,4.73,False
FOHJIZ,Hf,0.42,1.51,1.09,False
FOHJUL,Ti,0.31,4.83,4.52,False
FOHKAS,Zr,0.33,1.03,0.7,True
FOHKEW,Zr,0.37,5.29,4.92,False
FOHKIA,Zr,0.37,5.09,4.72,False
FOHKUM,Zr,0.42,1.5,1.08,False
FOHLIB,Zr,0.39,6.01,5.62,False
FOHLOH,Zr,0.39,5.93,5.54,False
FOHXUZ,Os,11.45,7.75,3.7,False
FOJBOV,Fe,0.03,5.51,5.48,False
FOJBOV01,Fe,0.02,1.01,0.99,True
FOJBOV02,Fe,0.01,1.05,1.04,False
FOJBOV03,Fe,0.0,1.17,1.17,False
FOJBOV04,Fe,0.0,1.2,1.2,False
FOJBOV05,Fe,0.0,1.19,1.19,False
FOJBOV06,Fe,0.01,0.94,0.93,True
FOJBOV07,Fe,0.01,1.0,0.99,True
FOJBOV08,Fe,0.01,1.01,1.0,False
FOJBOV09,Fe,0.0,1.02,1.02,False
FOJFIW,Ru,0.7,1.08,0.38,True
FOJJUK,Cu,1.01,6.34,5.33,False
FOJNUP,Cd,3.15,5.18,2.03,False
FOJVEG,Ir,5.19,7.48,2.29,False
FOJWIK,Cd,3.65,5.82,2.17,False
FOJXOT,Co,0.33,1.21,0.88,True
FOJXUZ,Co,9.07,9.12,0.05,True
FOJZEJ,Hg,5.67,6.89,1.22,False
FOKCEN02,Mn,5.08,5.79,0.71,True
FOKHUJ,Ir,12.04,8.97,3.07,False
FOKNOL,Ru,5.91,6.25,0.34,True
FOKPAY,Fe,0.46,0.98,0.52,True
FOKXAG,Cu,5.03,6.46,1.43,False
FOKXEK,Cd,5.82,5.86,0.04,True
FOLDIX,Zn,3.37,6.21,2.84,False
FOLTIL,Cd,5.07,5.99,0.92,True
FOLTIL01,Cd,2.76,3.76,1.0,False
FOLYAH,Cu,10.08,10.26,0.18,True
FOMBOZ,Cr,0.33,1.21,0.88,True
FOMCUH,Zn,0.54,2.03,1.49,False
FOMLUO,Rh,0.65,0.97,0.32,True
FOMMEC,W,4.76,5.9,1.14,False
FONJEY,Cu,8.94,8.45,0.49,True
FONMOK,Ni,0.9,5.2,4.3,False
FONMUQ,Ni,5.29,5.61,0.32,True
FONMUR,Cu,0.48,5.03,4.55,False
FONNIF,Tc,4.51,5.76,1.25,False
FONPAZ,Zn,0.44,5.12,4.68,False
FONPUT,Fe,0.39,0.63,0.24,True
FONQEG,Cu,5.61,15.44,9.83,False
FONRAC,Y,1.2,2.05,0.85,True
FONTAD,Mn,0.02,1.01,0.99,True
FONVUZ,Cu,0.56,6.01,5.45,False
FONWOW,Fe,4.51,6.32,1.81,False
FOPFUM,Cd,3.53,4.69,1.16,False
FOPJAX,Cu,0.54,6.6,6.06,False
FOPKAY,Cu,1.01,5.66,4.65,False
FOPNED,Cu,5.06,5.1,0.04,True
FOPQEH,Cu,0.38,0.6,0.22,True
FOPSEJ,Zn,0.66,1.65,0.99,True
FOPSIN,Cd,4.67,6.85,2.18,False
FOPVIS,Cu,1.11,5.52,4.41,False
FOPWEP,Cu,0.26,1.42,1.16,False
FOPZOD,Ru,0.31,1.75,1.44,False
FOPZUF,Ni,0.28,0.49,0.21,True
FOQBOC,Fe,5.11,6.81,1.7,False
FOQDAQ,Cu,6.01,8.87,2.86,False
FOQFAW,Hf,0.44,1.09,0.65,True
FOQFEA,Hf,0.4,5.02,4.62,False
FOQHOK,Cu,0.6,3.16,2.56,False
FOQJAY,Cu,5.69,8.65,2.96,False
FOQJIF,Cu,3.79,4.77,0.98,True
FOQKUR,Cu,5.14,6.38,1.24,False
FOQLAY,Cu,1.09,5.28,4.19,False
FOQLEC,Cu,4.42,5.42,1.0,False
FOQLIG,Cu,12.33,7.78,4.55,False
FOQRIN,Cu,0.48,0.67,0.19,True
FOQSEL,Zn,0.67,6.5,5.83,False
FORQUA,Nb,0.07,0.85,0.78,True
FORTOY,Fe,7.43,15.69,8.26,False
FORTUE,Fe,0.59,1.15,0.56,True
FORVAM,Ir,0.69,2.6,1.91,False
FORVOA,Ir,0.44,1.66,1.22,False
FORXIV,Fe,0.68,4.83,4.15,False
FORXOB,Mn,0.93,6.02,5.09,False
FORZER,Fe,0.42,0.88,0.46,True
FOSDOK,Cu,0.23,3.9,3.67,False
FOTSIR,Ni,0.08,1.03,0.95,True
FOTVUH,Ru,5.94,6.23,0.29,True
FOVDUR,Zr,3.65,5.03,1.38,False
FOVDUS,Ru,6.12,6.4,0.28,True
FOVFAA,Ru,0.31,1.73,1.42,False
FOVFEE,Ru,10.93,14.1,3.17,False
FOVFIH,Hf,0.31,5.39,5.08,False
FOVFOO,Ru,6.44,13.45,7.01,False
FOVJAC,Zn,0.08,5.45,5.37,False
FOVJEG,Fe,0.99,4.71,3.72,False
FOVJUW,Ru,3.34,4.96,1.62,False
FOVTOC,Mn,0.65,4.64,3.99,False
FOVWIY,Ti,0.11,0.73,0.62,True
FOVXAR,V,0.06,0.78,0.72,True
FOVXIA,Cu,5.1,6.29,1.19,False
FOWGAA,Zn,5.34,5.53,0.19,True
FOWHOP,Cd,0.24,1.18,0.94,True
FOWJEH,Cu,0.85,1.02,0.17,True
FOWLEJ,Cd,0.07,5.48,5.41,False
FOWMUZ,Cu,0.38,0.89,0.51,True
FOWMUZ01,Cu,0.4,0.6,0.2,True
FOXGAB,Mn,0.46,7.09,6.63,False
FOXVAM,V,4.54,5.79,1.25,False
FOXXAV,Y,0.86,1.36,0.5,True
FOXXUP,Y,0.78,6.19,5.41,False
FOXZOK,Cu,0.19,0.79,0.6,True
FOYSAQ,Ru,5.87,5.96,0.09,True
FOYZUR,Ti,0.48,0.69,0.21,True
FOYZUR01,Ti,4.43,5.59,1.16,False
FOZDUX,Mn,0.96,2.09,1.13,False
FOZLAH,V,0.69,0.98,0.29,True
FOZPUF,Co,9.49,15.11,5.62,False
FOZSAR,Mo,4.73,5.82,1.09,False
FOZZON,V,5.12,5.66,0.54,True
FUBFOA,V,5.03,5.69,0.66,True
FUBFOA01,V,5.02,5.67,0.65,True
FUBNAV,Cu,5.08,5.12,0.04,True
FUBROK,Pt,6.7,6.95,0.25,True
FUBTAX01,W,3.34,4.35,1.01,False
FUBTIF,Zn,1.49,3.69,2.2,False
FUCSUR,Cu,0.15,5.88,5.73,False
FUDJAQ,Ru,5.92,6.41,0.49,True
FUDMEY,Y,7.01,7.21,0.2,True
FUDMIC,Y,1.29,3.1,1.81,False
FUDYOV,W,0.5,0.5,0.0,True
FUFKUP,Cu,1.06,5.85,4.79,False
FUFVIM,Zn,0.24,0.5,0.26,True
FUFVIM01,Zn,0.26,1.34,1.08,False
FUFVIM02,Zn,0.23,0.37,0.14,True
FUFXIP,Cd,4.69,6.32,1.63,False
FUFYUD,Ru,5.28,5.86,0.58,True
FUGFET,Zn,6.49,12.92,6.43,False
FUGHAR,Cu,0.68,0.84,0.16,True
FUGRAD,Ru,0.21,1.67,1.46,False
FUGREH,Ru,5.35,5.78,0.43,True
FUGZOY,Co,5.14,5.91,0.77,True
FUHKUQ,Mn,5.22,6.28,1.06,False
FUJMUS,Re,0.34,0.68,0.34,True
FUJNEH,Ru,5.74,5.78,0.04,True
FUJNOR,Ru,6.29,6.65,0.36,True
FUJNUX,Ru,0.38,2.03,1.65,False
FULFIE,Ru,0.59,1.66,1.07,False
FULFOK,Ru,6.06,6.06,0.0,True
FULMOP,Ni,0.15,4.1,3.95,False
FULMUV,Pd,2.53,4.63,2.1,False
FULMUV01,Pd,0.29,3.64,3.35,False
FULPAF,V,0.56,5.84,5.28,False
FULPIN,V,4.21,6.11,1.9,False
FULPUZ,V,0.68,5.88,5.2,False
FULQEK,V,4.09,6.0,1.91,False
FUMDEY,Cu,0.49,5.64,5.15,False
FUMJUW,Ru,5.3,6.05,0.75,True
FUMKAD,Ru,0.22,1.37,1.15,False
FUMKEH,Ru,5.29,6.02,0.73,True
FUMKIL,Ru,0.4,1.06,0.66,True
FUMKON,W,0.33,1.39,1.06,False
FUMNIK,Re,0.22,5.62,5.4,False
FUMXUJ,V,4.67,5.59,0.92,True
FUMZIZ,Cu,0.57,6.07,5.5,False
FUNCEW,V,0.29,5.68,5.39,False
FUNNEH,Cr,3.22,10.5,7.28,False
FUNNIO,V,0.62,5.88,5.26,False
FUNNIO01,V,0.62,5.86,5.24,False
FUNZAS,Co,5.07,5.47,0.4,True
FUPGED,Cu,7.13,12.27,5.14,False
FUPKEI,V,0.94,5.97,5.03,False
FUPMIN,Ir,0.4,1.32,0.92,True
FUPQOZ,Ru,0.35,2.04,1.69,False
FUPREP,Ir,6.48,6.53,0.05,True
FUPSIT,Ru,0.68,5.34,4.66,False
FUPYEV,Co,0.45,5.5,5.05,False
FUPYOF,Co,0.39,1.84,1.45,False
FUQHUV,Zn,0.76,5.83,5.07,False
FUQLOT,Cu,0.43,0.72,0.29,True
FUQLUZ,Cu,5.05,5.1,0.05,True
FUQQAM,Fe,0.72,1.47,0.75,True
FUQQIS,Zn,0.9,6.48,5.58,False
FUQSOC,Cu,0.68,0.76,0.08,True
FURBOL,V,4.51,5.99,1.48,False
FURHIJ,V,0.19,1.74,1.55,False
FURTIV,Re,4.82,5.78,0.96,True
FURZIF,Fe,6.01,6.13,0.12,True
FUSCED,Cu,11.97,10.61,1.36,False
FUSMOX,Ir,0.36,1.3,0.94,True
FUSNAK,Ir,5.87,6.09,0.22,True
FUSQUI,Rh,0.25,3.66,3.41,False
FUSWEY,Zn,0.52,4.47,3.95,False
FUTDAC,W,5.03,6.19,1.16,False
FUTDEG,W,5.63,6.05,0.42,True
FUTSUK,Cu,3.98,4.18,0.2,True
FUTTEW,Co,4.53,6.15,1.62,False
FUTTIA,Fe,3.4,4.25,0.85,True
FUTVEV01,Cu,10.41,7.0,3.41,False
FUTVEV02,Cu,12.95,8.53,4.42,False
FUTVIC,Fe,4.55,5.81,1.26,False
FUTWAT,Fe,0.27,3.4,3.13,False
FUTWIB,Fe,0.15,5.7,5.55,False
FUTWOH,Ru,0.14,3.55,3.41,False
FUVGIM,Re,0.91,2.41,1.5,False
FUVGOS,Re,1.03,2.4,1.37,False
FUVGUY,Re,0.04,0.78,0.74,True
FUVHAF,Re,4.82,5.49,0.67,True
FUVHIN,Rh,8.88,4.75,4.13,False
FUVQAS,Cd,1.95,4.32,2.37,False
FUVWUP,Cu,0.39,2.11,1.72,False
FUWFUZ,Cu,4.34,7.14,2.8,False
FUWGAF,Mn,4.94,5.85,0.91,True
FUWLAK,Re,0.68,0.87,0.19,True
FUWLOB,Cu,4.95,6.86,1.91,False
FUWWOJ,Cu,4.26,6.27,2.01,False
FUWYAX,V,5.85,6.33,0.48,True
FUXGIO,W,0.07,1.32,1.25,False
FUXGOU,W,0.08,1.24,1.16,False
FUXWEA,Re,0.04,0.86,0.82,True
FUXZAD,Cu,9.85,11.89,2.04,False
FUYRIC,Mn,0.59,2.1,1.51,False
FUYTAW,Cr,0.37,4.88,4.51,False
FUZCUZ,Cu,0.18,0.5,0.32,True
FUZDAG,Cu,4.65,6.14,1.49,False
FUZSIF,Ru,0.33,1.33,1.0,False
FUZSOL,Ru,4.86,5.62,0.76,True
FUZYEH,Zn,0.36,5.5,5.14,False
GABFIY,Mo,4.88,5.7,0.82,True
GABFIY01,Mo,4.88,5.7,0.82,True
GABROS,Cu,8.72,12.54,3.82,False
GABTEN,Co,5.51,6.3,0.79,True
GABWEN,Zn,5.01,5.74,0.73,True
GACJOO,Cu,5.35,6.08,0.73,True
GACMUU,Ni,5.4,5.48,0.08,True
GACWUG,Zn,4.95,5.86,0.91,True
GACYIV,Cd,4.2,4.49,0.29,True
GADFAX,Ni,11.92,7.92,4.0,False
GADTIS,Fe,0.39,5.25,4.86,False
GAFSEO,Ru,0.3,5.76,5.46,False
GAFSIS,Ru,0.24,1.39,1.15,False
GAFZIZ,Zn,4.57,6.19,1.62,False
GAFZUL,Re,5.6,6.83,1.23,False
GAGMEH,Zn,1.01,1.38,0.37,True
GAGMOT,Cu,7.95,10.8,2.85,False
GAGVUH,V,4.64,5.46,0.82,True
GAHJUW,Fe,0.34,0.53,0.19,True
GAHKIK,Mo,4.98,5.8,0.82,True
GAHKOQ,Mo,4.85,5.75,0.9,True
GAHRIT,Cd,5.23,6.19,0.96,True
GAHSUI,Fe,0.83,1.7,0.87,True
GAJCEE,Mn,0.93,1.81,0.88,True
GAJLAE,W,2.11,5.74,3.63,False
GAJLEI,W,2.43,5.9,3.47,False
GAJMIQ,Ru,0.38,1.27,0.89,True
GAJSAN,Cu,5.06,6.5,1.44,False
GAJSUK,Zn,0.51,6.23,5.72,False
GAJXOH,Ru,0.33,1.71,1.38,False
GAJYEY,Ru,0.27,1.78,1.51,False
GAKBEC,Fe,0.21,0.76,0.55,True
GAKKEL,Ni,0.89,4.87,3.98,False
GAKLUA,Cu,4.44,6.21,1.77,False
GAKMEK,Mn,0.06,0.81,0.75,True
GAKMOV,Cd,0.48,4.91,4.43,False
GAKMUA,Nb,4.92,5.53,0.61,True
GAKQIV,Zn,4.82,5.74,0.92,True
GAKTOE,Ir,0.9,1.04,0.14,True
GAKZUQ,Ru,5.46,6.99,1.53,False
GALGOQ,Ru,0.19,1.47,1.28,False
GALTIZ,Fe,5.36,6.96,1.6,False
GALWAS,Cd,1.47,5.98,4.51,False
GALWUP,Co,0.72,5.06,4.34,False
GALXIE,Ni,1.03,4.77,3.74,False
GALYID,Cu,4.83,6.17,1.34,False
GAMBOL,Zn,0.2,0.77,0.57,True
GAMCAY,Fe,5.55,5.82,0.27,True
GAMFOS,Ti,4.89,4.96,0.07,True
GAMJUD,Zn,0.98,5.96,4.98,False
GAMKAK,Fe,0.87,5.95,5.08,False
GAMKIS,Ni,4.65,6.43,1.78,False
GAMLUD,Zn,0.22,0.44,0.22,True
GAMMEO,Zn,0.42,4.52,4.1,False
GANCON,Co,0.51,5.75,5.24,False
GANGIM,Zn,0.21,5.67,5.46,False
GANQET,Cu,0.26,1.1,0.84,True
GANSUM,Cu,5.31,6.54,1.23,False
GANWEX,Pt,6.31,6.35,0.04,True
GAPKER,Ru,0.32,1.92,1.6,False
GAQDUY,W,8.22,11.52,3.3,False
GAQFEJ,Mn,0.43,0.53,0.1,True
GAQFEK,V,5.2,5.48,0.28,True
GAQKAN,Ir,8.95,9.62,0.67,True
GAQNAR,Re,0.83,2.02,1.19,False
GAQVON,Ru,0.5,1.78,1.28,False
GAQVUT,Ru,0.37,1.22,0.85,True
GAQYIG,Cu,2.42,4.75,2.33,False
GARMEU,Co,0.54,1.94,1.4,False
GARZOP,Ti,9.67,13.95,4.28,False
GASGEQ,Co,0.71,6.07,5.36,False
GASLOE,Co,0.77,7.33,6.56,False
GASNEV,Ta,0.36,0.74,0.38,True
GASQEW,Cu,10.29,6.78,3.51,False
GATDOW,Zn,5.06,5.84,0.78,True
GATLES06,Pd,0.75,1.52,0.77,True
GATLES07,Pd,0.75,5.55,4.8,False
GATLES08,Pd,0.75,1.46,0.71,True
GATLES09,Pd,3.05,4.4,1.35,False
GATLES10,Pd,3.05,4.4,1.35,False
GATLES16,Pd,0.75,1.52,0.77,True
GATLES17,Pd,0.75,5.55,4.8,False
GATLES18,Pd,0.75,1.46,0.71,True
GATMAP01,Cu,0.16,3.7,3.54,False
GATNOF,Fe,0.85,6.47,5.62,False
GATQAV,V,11.55,11.88,0.33,True
GATWIL,Co,0.7,5.62,4.92,False
GATZAE,Cu,0.73,5.25,4.52,False
GAVJIZ,Mn,0.21,0.83,0.62,True
GAVJUK,Fe,5.24,6.23,0.99,True
GAVKAR,Fe,0.66,2.19,1.53,False
GAWBOY,Cu,4.68,6.04,1.36,False
GAWCEP,Cu,9.74,11.94,2.2,False
GAWCIT,Cu,6.48,12.33,5.85,False
GAXGOB,Ir,5.48,5.92,0.44,True
GAXHOG,Cu,0.49,1.17,0.68,True
GAXLID,Zn,0.82,6.49,5.67,False
GAXLOJ,Zn,4.72,6.7,1.98,False
GAXLUP,Zn,3.13,4.88,1.75,False
GAXXIO,Ni,0.31,5.31,5.0,False
GAXXOU,Ni,0.39,6.58,6.19,False
GAXZUC,Ni,0.31,6.28,5.97,False
GAYMAU,Mn,1.26,3.6,2.34,False
GAYNEZ,Tc,0.24,6.07,5.83,False
GAYSAA,Cu,4.92,6.28,1.36,False
GAYXIN01,Mn,1.31,4.99,3.68,False
GAYZIP,Zn,0.63,1.02,0.39,True
GAYZIP01,Zn,0.6,6.25,5.65,False
GAYZOV,Zn,4.65,5.09,0.44,True
GAZQAZ,Cu,6.12,11.67,5.55,False
GAZWUD,Y,0.84,6.8,5.96,False
GEBCOJ,Ru,0.34,1.77,1.43,False
GEBCUP,Ru,0.36,2.0,1.64,False
GEBFOI,Tc,5.66,6.36,0.7,True
GEBFUO,Tc,0.24,1.61,1.37,False
GEBGED,Cu,0.62,4.54,3.92,False
GEBVEO,Cu,10.07,5.93,4.14,False
GEBVER,Fe,5.52,6.06,0.54,True
GEBVIS01,Cu,7.1,11.5,4.4,False
GEBVIS02,Cu,12.18,14.8,2.62,False
GEBZOC,Cu,4.89,6.04,1.15,False
GECCIE,Fe,5.15,5.99,0.84,True
GECKIM,W,5.04,5.71,0.67,True
GECPUC,V,7.02,13.02,6.0,False
GECREL,V,0.17,5.26,5.09,False
GECSEP,Fe,0.78,1.31,0.53,True
GECSIT,Fe,0.4,2.0,1.6,False
GECVAO,Zn,0.5,1.27,0.77,True
GECVUI,Zn,0.79,1.56,0.77,True
GECWAP,Zn,0.82,6.57,5.75,False
GECZEW,Fe,0.92,6.28,5.36,False
GECZOH,Cu,0.42,4.28,3.86,False
GEDBEY,Zn,4.3,6.08,1.78,False
GEDFOO,Ag,0.76,1.65,0.89,True
GEDHAC,W,0.6,0.7,0.1,True
GEDHIK,W,5.03,6.11,1.08,False
GEDHOQ,W,4.1,4.71,0.61,True
GEDJOS,W,1.11,6.25,5.14,False
GEDJUY,W,0.99,6.21,5.22,False
GEDKOT,W,0.46,0.75,0.29,True
GEDTOY,W,4.89,5.8,0.91,True
GEDWUK,V,0.74,0.82,0.08,True
GEFJAC,W,4.97,5.8,0.83,True
GEFJAC01,W,4.97,5.8,0.83,True
GEFLAE,Cr,5.7,6.22,0.52,True
GEFLUZ,Co,9.23,11.21,1.98,False
GEGBUQ,Ni,5.17,6.04,0.87,True
GEGCED,Fe,0.25,1.25,1.0,False
GEGROA,Re,1.04,5.83,4.79,False
GEHFAB,Mo,3.89,8.6,4.71,False
GEHXUO,Mn,0.17,0.76,0.59,True
GEHYEB,Zn,5.74,7.99,2.25,False
GEJTEW,Zn,0.9,6.47,5.57,False
GEJTIA,Zn,0.89,5.4,4.51,False
GEKGAE,Ru,4.04,4.69,0.65,True
GELBUU,W,0.05,1.19,1.14,False
GELCOP,Cr,5.27,5.37,0.1,True
GELGIO,Cu,0.62,4.44,3.82,False
GELZEF,Ru,4.33,6.52,2.19,False
GEMCIM,Cd,1.15,9.07,7.92,False
GEMPIZ,Cu,11.75,13.35,1.6,False
GEMROG,Ni,5.08,5.68,0.6,True
GEMWOL,Ti,7.0,5.47,1.53,False
GENNUJ,Cu,6.34,8.42,2.08,False
GENQUO,Co,0.88,5.01,4.13,False
GENTEY,Fe,1.02,5.29,4.27,False
GENWIG,Cu,4.39,6.21,1.82,False
GEPFEM,Mo,0.85,5.71,4.86,False
GEPGIT,Re,5.33,5.69,0.36,True
GEPGOZ,Tc,5.38,5.69,0.31,True
GEPSID,Cu,4.78,6.18,1.4,False
GEPVEF,Fe,0.04,5.48,5.44,False
GEQBOT,Rh,0.04,1.07,1.03,False
GEQXOQ,Zn,0.37,5.04,4.67,False
GEQXUW,Hg,4.78,5.15,0.37,True
GEQYAD,Fe,4.92,5.36,0.44,True
GERHUJ,Fe,0.4,5.27,4.87,False
GERJIZ,Rh,11.73,13.41,1.68,False
GERTAZ,Ru,4.82,6.95,2.13,False
GETZAH,Zn,0.77,1.34,0.57,True
GETZOW,Cd,4.17,4.61,0.44,True
GEVBIV,Cu,11.66,14.68,3.02,False
GEVFIW,Cr,5.31,5.92,0.61,True
GEVGEW,Cu,4.39,5.92,1.53,False
GEVROO,Ru,4.59,5.39,0.8,True
GEWLAV,Cu,0.55,2.44,1.89,False
GEWPON,Ni,5.43,5.97,0.54,True
GEWQAD,Cu,8.77,12.27,3.5,False
GEWQEH,Cu,6.82,8.64,1.82,False
GEXMII,Hg,1.12,7.13,6.01,False
GEXMOO,Hg,1.15,6.93,5.78,False
GEXNEE,Cu,0.55,0.91,0.36,True
GEXXEM,Cu,2.67,5.46,2.79,False
GEXXEM02,Cu,4.6,5.46,0.86,True
GEXXEM03,Cu,0.56,6.21,5.65,False
GEYDIA,Cu,5.16,6.57,1.41,False
GEZGEA,Ni,0.47,5.85,5.38,False
GEZGIE,Ni,0.54,0.8,0.26,True
GEZQIO,Ti,0.24,0.98,0.74,True
GEZYEP,Cu,3.98,5.38,1.4,False
GEZYUI,Ir,0.47,1.37,0.9,True
GIBBIC,Fe,3.77,6.35,2.58,False
GIBNUA,W,0.38,0.83,0.45,True
GIBQEP,Cu,8.34,15.62,7.28,False
GIBQOY,La,3.3,4.86,1.56,False
GICGUW,Co,0.36,5.56,5.2,False
GICHUX,Co,0.35,5.7,5.35,False
GICRAM,Pd,4.63,6.4,1.77,False
GICZUN,Cu,0.23,5.11,4.88,False
GIDCEC,V,5.17,5.67,0.5,True
GIDKEM,Fe,0.37,5.04,4.67,False
GIDPAM,Rh,5.48,12.27,6.79,False
GIDQES02,Cu,0.56,3.6,3.04,False
GIDQES03,Cu,0.59,3.77,3.18,False
GIFGAE,Ni,0.97,6.44,5.47,False
GIFGEI,Ni,1.04,6.51,5.47,False
GIFGIM,Ni,5.24,6.45,1.21,False
GIFHAF,Ru,0.32,1.27,0.95,True
GIFHEJ,Ru,5.61,6.03,0.42,True
GIFPUI,Ni,1.01,6.05,5.04,False
GIFTAT,Cu,0.39,6.53,6.14,False
GIGCIJ,Ru,5.58,5.77,0.19,True
GIGGIN,Fe,0.36,0.95,0.59,True
GIGHOU,Fe,1.42,5.38,3.96,False
GIGHUA,Co,4.83,5.17,0.34,True
GIGJAI,Co,1.08,2.0,0.92,True
GIGJEM,Co,5.26,6.54,1.28,False
GIGLAK,Y,0.89,5.04,4.15,False
GIGLAK02,Y,0.9,6.56,5.66,False
GIGNAO,Ru,5.29,6.48,1.19,False
GIGNIW,Ru,5.4,6.87,1.47,False
GIGNOC,Ru,0.98,0.99,0.01,True
GIGWIF,Fe,4.65,6.04,1.39,False
GIHBOP,Zn,0.68,4.62,3.94,False
GIHMUF,Ru,5.41,6.06,0.65,True
GIHNAP,Fe,8.29,12.89,4.6,False
GIHVAX,Mn,5.15,7.04,1.89,False
GIHWIE,Cu,1.23,6.19,4.96,False
GIHWOK,Cu,0.55,5.83,5.28,False
GIHZIH,Co,5.17,6.22,1.05,False
GIJBEH,Co,0.71,6.24,5.53,False
GIJBIL,Ti,0.33,5.67,5.34,False
GIJBOR,Ti,0.35,5.54,5.19,False
GIJCEI,Ru,5.78,5.83,0.05,True
GIJCIM,Ru,5.46,5.65,0.19,True
GIKGIT,Ru,0.33,1.3,0.97,True
GIKVUU,Ru,6.14,6.36,0.22,True
GIKZEF,Tc,5.43,6.11,0.68,True
GILMIY,Zr,0.56,4.93,4.37,False
GILQAV,V,0.24,1.11,0.87,True
GILTOM,Cu,5.39,6.22,0.83,True
GILVII,Zn,0.56,5.97,5.41,False
GILZIK,Ni,0.35,5.86,5.51,False
GIMDOW,Cu,7.29,6.28,1.01,False
GIMFEO,Cu,5.64,8.04,2.4,False
GIMMEX,Cu,13.85,7.35,6.5,False
GIMQIC,Re,5.24,6.13,0.89,True
GIMZIP,Ru,6.1,6.37,0.27,True
GINBOW,Fe,0.2,0.89,0.69,True
GINJUI,Ta,0.07,5.81,5.74,False
GINJUI10,Ta,0.07,5.81,5.74,False
GINWEF,Ir,8.16,10.07,1.91,False
GIPFIV,Cu,0.49,4.55,4.06,False
GIPLOH,Ru,6.06,6.09,0.03,True
GIPNAW,Cu,7.08,8.56,1.48,False
GIPPAZ,V,4.73,5.61,0.88,True
GIQHIZ,W,0.01,1.12,1.11,False
GIQNON,Zn,5.15,5.53,0.38,True
GIQNUT,Zn,5.4,6.38,0.98,True
GIQPAB,Zn,5.53,6.58,1.05,False
GIQTAF,Cu,0.48,5.46,4.98,False
GIQTOQ,Zn,0.68,6.46,5.78,False
GIQVOU,Fe,0.8,4.67,3.87,False
GIQWAG,Ni,0.79,1.28,0.49,True
GIQWEK,Ni,4.91,6.28,1.37,False
GIQWOU,Co,9.08,5.62,3.46,False
GIQXOX,W,7.26,3.33,3.93,False
GIQZIP,Zn,0.18,0.74,0.56,True
GIRBOC,Mo,5.28,6.13,0.85,True
GIRBUI,Mo,5.64,5.88,0.24,True
GIRCAP,Mo,5.13,5.91,0.78,True
GIRGOH,W,0.15,1.14,0.99,True
GIRGUN,W,5.55,5.9,0.35,True
GISDER,V,0.28,1.05,0.77,True
GISHIZ,Mn,4.86,5.82,0.96,True
GISHOF,Mn,0.6,0.93,0.33,True
GISJAU,Cu,4.87,6.05,1.18,False
GITBEQ,Cu,4.64,5.75,1.11,False
GITBUG,Cu,5.23,6.09,0.86,True
GITCAN,Cu,0.3,4.06,3.76,False
GITCER,Cu,4.39,6.79,2.4,False
GITHAU,Fe,5.34,7.19,1.85,False
GITHEY,Fe,4.76,5.98,1.22,False
GITHIC,Fe,3.69,6.79,3.1,False
GITHOI,Fe,4.9,6.09,1.19,False
GITHUP,Cu,5.13,11.01,5.88,False
GITNIJ,Zn,0.16,1.3,1.14,False
GITNOP,Zn,0.22,1.17,0.95,True
GITYIS,Ni,7.61,11.6,3.99,False
GITYOY,Ni,7.35,8.9,1.55,False
GIVBOF,Cu,9.41,10.92,1.51,False
GIVSEK,Fe,0.7,4.54,3.84,False
GIWGAV,Cu,5.24,6.56,1.32,False
GIWHAW,Zn,0.33,0.91,0.58,True
GIWHAW01,Zn,0.32,0.83,0.51,True
GIWHID,Cu,0.76,2.06,1.3,False
GIWHID01,Cu,4.52,5.31,0.79,True
GIWQIO,Pt,0.18,0.98,0.8,True
GIWWOB,Cu,4.79,6.26,1.47,False
GIWWOZ,Cu,1.51,4.64,3.13,False
GIWXOZ,W,0.92,1.65,0.73,True
GIXCUN,Cu,4.62,6.24,1.62,False
GIXDIB,Zn,0.84,5.2,4.36,False
GIXDOH,Zn,0.07,1.07,1.0,False
GIXHUQ,Pt,4.91,5.1,0.19,True
GIXJOM,Zn,4.81,5.85,1.04,False
GIXNIO,Cd,4.79,5.6,0.81,True
GIXNOU,Zn,0.8,1.78,0.98,True
GIXPIN,Ru,0.51,1.75,1.24,False
GIXQAF,Rh,5.4,5.89,0.49,True
GIXREN,V,6.3,7.34,1.04,False
GIXREN01,V,6.04,7.41,1.37,False
GIXRIR,V,6.02,5.43,0.59,True
GIXROX,V,0.21,5.28,5.07,False
GIXYIX,Cu,4.97,5.87,0.9,True
GIYBUN,Mo,5.18,5.34,0.16,True
GIYYOC,Cu,0.6,1.12,0.52,True
GIZBIE,Fe,0.1,5.18,5.08,False
GIZBUQ,Mn,0.02,0.88,0.86,True
GIZDOL,Cd,2.61,10.0,7.39,False
GIZQAJ,Hf,4.29,5.58,1.29,False
GIZQEN,Zr,0.6,2.86,2.26,False
GIZQIR,Hf,0.47,5.28,4.81,False
GIZVEQ,Mo,0.06,5.41,5.35,False
GLYPCU,Cu,4.34,6.26,1.92,False
GOBHAG,Mo,5.19,5.8,0.61,True
GOBHOV,Cu,0.13,1.24,1.11,False
GOBHUB,Cu,0.15,5.38,5.23,False
GOBPIY,Ir,0.49,1.17,0.68,True
GOBYUS,Cu,4.65,10.76,6.11,False
GOCBIN,Zn,0.6,6.41,5.81,False
GOCLUF,Ni,0.43,1.32,0.89,True
GOCQIZ,Cu,0.89,4.88,3.99,False
GOCQIZ01,Cu,0.75,4.96,4.21,False
GOCVEA,Cu,4.59,5.77,1.18,False
GOCVUQ01,Cu,0.47,5.22,4.75,False
GOCXEF,Zn,0.75,0.85,0.1,True
GODCUA,Zn,0.68,4.62,3.94,False
GODQAV,Zn,0.22,0.68,0.46,True
GODRIB,Mn,0.55,5.99,5.44,False
GOFBAE,Os,5.45,5.97,0.52,True
GOFBIM,Os,0.54,1.47,0.93,True
GOFLIY,V,5.98,7.52,1.54,False
GOFMAR,V,0.61,6.12,5.51,False
GOFMEV,V,0.29,0.74,0.45,True
GOFMOF,V,0.28,0.66,0.38,True
GOFPAT,Rh,5.0,5.63,0.63,True
GOGGAL,Cu,5.47,15.05,9.58,False
GOGNUO,Fe,0.24,5.35,5.11,False
GOGPEA,Fe,0.38,5.48,5.1,False
GOGQIC,Tc,0.01,5.41,5.4,False
GOGQUO,Mo,5.84,5.92,0.08,True
GOHCUC,Ni,0.24,1.17,0.93,True
GOHDAI,Re,11.36,11.97,0.61,True
GOHDAJ,Ni,0.16,4.77,4.61,False
GOHDEM,Re,11.47,10.11,1.36,False
GOHDUD,Zn,5.05,5.75,0.7,True
GOHGEP,V,5.51,5.97,0.46,True
GOHGOZ,V,5.55,5.69,0.14,True
GOHLIB,Re,1.68,6.56,4.88,False
GOHMAR,Re,4.97,5.72,0.75,True
GOHROO,Re,7.12,7.24,0.12,True
GOHTIG,Cu,6.63,15.09,8.46,False
GOJJUO,Ru,0.19,1.24,1.05,False
GOJZEM,Cu,6.03,7.39,1.36,False
GOKMAX,Ti,0.76,6.05,5.29,False
GOKMEB,Ti,0.76,1.44,0.68,True
GOKMOL,Ti,5.64,8.48,2.84,False
GOKXOT,Zn,0.36,1.06,0.7,True
GOLBIU,Cu,5.05,6.7,1.65,False
GOLHEW,Cu,0.59,4.68,4.09,False
GOLMAW,Co,0.38,5.63,5.25,False
GOLPON,Cu,9.98,7.48,2.5,False
GOLPON01,Cu,0.82,4.07,3.25,False
GOLQED,Cu,4.5,6.33,1.83,False
GOLQIH,Cu,4.99,6.25,1.26,False
GOLSEF,V,5.05,5.6,0.55,True
GOLVIO,Cu,4.39,7.51,3.12,False
GOLWOX,V,4.7,6.05,1.35,False
GOMMUR,Zn,4.36,5.01,0.65,True
GOMPIL,Ru,0.52,2.1,1.58,False
GOMPOR,Ru,5.69,5.83,0.14,True
GONJOL,Zn,5.07,6.9,1.83,False
GONQAF,Ru,0.74,0.9,0.16,True
GONRAC,W,0.08,0.91,0.83,True
GOPBUL,Zn,0.83,6.53,5.7,False
GOPDEX,Zn,1.11,3.2,2.09,False
GOPDIB,Zn,3.29,5.24,1.95,False
GOPDOH,Zn,3.25,5.15,1.9,False
GOPDUN,Zn,4.81,5.42,0.61,True
GOPFAV,Zn,4.67,7.03,2.36,False
GOPFEZ,Zn,1.02,6.79,5.77,False
GOPMAZ,Cu,3.4,5.74,2.34,False
GOPROV,Zn,5.27,6.2,0.93,True
GOQBAT,Cu,1.09,5.5,4.41,False
GOQZIX,Mn,0.05,5.31,5.26,False
GORQEJ,Cu,10.46,11.24,0.78,True
GORQIN,Cu,8.19,7.43,0.76,True
GORQIN01,Cu,4.94,7.42,2.48,False
GORRUD,Cu,0.28,6.09,5.81,False
GOSBEX,Zn,0.72,0.84,0.12,True
GOSTEP,Rh,6.09,6.39,0.3,True
GOSTOZ,Rh,0.37,1.82,1.45,False
GOSTUF,Rh,6.05,6.06,0.01,True
GOSVAN,Rh,6.23,6.54,0.31,True
GOSVER,Rh,6.2,6.42,0.22,True
GOSVIV,Rh,0.36,1.7,1.34,False
GOSVOB,Rh,5.51,6.0,0.49,True
GOSVUH,Rh,5.79,6.06,0.27,True
GOSWAP,Co,0.32,0.88,0.56,True
GOSXUH,Fe,4.03,6.43,2.4,False
GOTGAB,Zn,4.86,6.86,2.0,False
GOTHEG,Mn,1.37,5.32,3.95,False
GOTKEH,Nb,5.07,8.31,3.24,False
GOTNOV,Fe,5.03,5.82,0.79,True
GOTNUB,Fe,4.91,5.91,1.0,False
GOTQAJ,Fe,0.78,0.98,0.2,True
GOTVOA,Ru,5.23,6.06,0.83,True
GOTWAP,Zr,0.68,1.14,0.46,True
GOTWIX,Zr,1.15,3.49,2.34,False
GOTWOD,Zr,5.83,5.87,0.04,True
GOTYEV,Re,4.84,5.39,0.55,True
GOVBUQ,Re,4.81,5.45,0.64,True
GOVLOU,Zn,0.49,1.0,0.51,True
GOVMEL,Zn,0.48,0.94,0.46,True
GOWCOK,Cu,6.19,7.46,1.27,False
GOWFON,Cu,5.76,11.54,5.78,False
GOWQOY,Zn,11.17,12.9,1.73,False
GOWROZ,Zn,0.17,0.9,0.73,True
GOWSUI,Mn,0.29,0.6,0.31,True
GOWTAP,Mn,4.8,6.1,1.3,False
GOWTET,Mn,0.32,0.86,0.54,True
GOXDAY,Fe,5.03,5.7,0.67,True
GOXRAM,Cu,0.34,0.55,0.21,True
GOXREQ,Cu,0.36,0.69,0.33,True
GOXTUK,Pd,4.92,5.95,1.03,False
GOYNUH,Cu,0.84,6.22,5.38,False
GOZGOT,Zn,0.27,0.79,0.52,True
GOZPIU,Mo,4.49,5.92,1.43,False
GOZSIX,Pd,4.41,5.47,1.06,False
GOZXEY,Re,0.34,6.49,6.15,False
GUBFIV,Fe,0.17,0.87,0.7,True
GUBQUP,Ru,5.62,5.91,0.29,True
GUCBIR,Fe,0.25,1.57,1.32,False
GUCCUF,Cu,0.5,5.88,5.38,False
GUCFUI,Co,0.28,5.16,4.88,False
GUCHAQ,Cu,4.43,5.79,1.36,False
GUCNOL,Co,1.06,6.43,5.37,False
GUCXIL,Fe,0.9,6.37,5.47,False
GUCXOR,Fe,4.52,6.63,2.11,False
GUDPUQ,Mo,5.15,6.56,1.41,False
GUDXEI,Cu,7.02,12.57,5.55,False
GUFBER,Zn,6.34,8.6,2.26,False
GUFDOA,Mo,7.75,7.97,0.22,True
GUFPUU,Zn,4.78,6.23,1.45,False
GUGBER,Mn,6.21,7.47,1.26,False
GUGBOB,Mn,4.16,3.63,0.53,True
GUGBUH,Mn,6.59,7.32,0.73,True
GUGCEQ,Ni,0.11,1.3,1.19,False
GUGDAP,Cu,4.94,7.56,2.62,False
GUGKIC,V,5.16,6.02,0.86,True
GUGPOR,Cu,1.42,4.59,3.17,False
GUGPUX,Cu,5.28,5.4,0.12,True
GUGWIO,Cu,5.4,6.01,0.61,True
GUHDOG,Re,0.03,5.7,5.67,False
GUHDOG01,Re,5.96,8.62,2.66,False
GUHDOG02,Re,4.05,8.62,4.57,False
GUHDOG03,Re,3.81,5.7,1.89,False
GUHDOG04,Re,3.82,5.71,1.89,False
GUHDOG05,Re,5.94,5.73,0.21,True
GUHDOG06,Re,3.82,5.71,1.89,False
GUHDOG07,Re,3.78,8.74,4.96,False
GUHKOK,Cu,3.46,4.68,1.22,False
GUHYUH,Zn,0.81,4.54,3.73,False
GUJMIL,Cu,1.1,1.55,0.45,True
GUKCEY,Re,4.06,8.65,4.59,False
GUKCIC,Re,6.01,4.32,1.69,False
GUKCIC01,Re,5.75,7.02,1.27,False
GUKCIC02,Re,5.81,5.49,0.32,True
GUKCIC03,Re,5.99,12.91,6.92,False
GUKCIZ,Ti,0.71,4.73,4.02,False
GUKFEZ,Fe,0.21,0.73,0.52,True
GUKLAB,Fe,0.32,1.4,1.08,False
GUKLIJ,Fe,5.86,6.02,0.16,True
GUKMAC,Co,4.13,6.45,2.32,False
GUKNAD,Co,0.09,1.05,0.96,True
GUKRIN,Fe,0.68,1.31,0.63,True
GUKSEM,Ti,0.43,5.2,4.77,False
GULJOM,Rh,8.49,9.15,0.66,True
GULNEJ,V,5.16,5.87,0.71,True
GULNIN,V,0.28,0.54,0.26,True
GULNOT,V,0.12,1.25,1.13,False
GULNUZ,V,8.69,11.25,2.56,False
GULZAO,Ru,5.94,6.15,0.21,True
GUMCEX,V,1.12,6.61,5.49,False
GUMSOW,Zn,0.4,6.12,5.72,False
GUMSUE,Cu,5.21,5.98,0.77,True
GUMTAL,Cu,9.49,12.48,2.99,False
GUMTEP,Cu,3.77,7.72,3.95,False
GUMYAQ,Cu,1.36,4.12,2.76,False
GUMYAQ01,Cu,1.35,5.33,3.98,False
GUPDOM,V,4.86,5.73,0.87,True
GUPSEP,Cu,0.4,6.21,5.81,False
GUPSOZ,Cu,0.59,2.53,1.94,False
GUPTAM,Cu,0.65,2.72,2.07,False
GUPTEQ,Cu,3.94,4.73,0.79,True
GUPTOA,Cu,3.1,8.2,5.1,False
GUPTUG,Cu,3.42,4.97,1.55,False
GUQYOH,Fe,4.59,5.92,1.33,False
GURGUW,Zn,5.2,5.36,0.16,True
GURMIS,Os,5.64,6.1,0.46,True
GURROC,Cu,8.93,9.05,0.12,True
GUSFUZ,Zn,0.26,0.7,0.44,True
GUSQIU,Sc,0.34,2.84,2.5,False
GUTDOR,Fe,0.75,6.74,5.99,False
GUTDUV,Zn,0.54,1.53,0.99,True
GUTFAD,Re,5.85,5.95,0.1,True
GUTNEQ,Fe,5.26,5.98,0.72,True
GUTTEV,Fe,0.51,0.95,0.44,True
GUTTIZ,Fe,5.7,5.92,0.22,True
GUTTOF,Fe,0.21,0.8,0.59,True
GUTVOH,Cu,4.63,6.26,1.63,False
GUVFOT,Cu,0.49,0.51,0.02,True
GUVFUZ,Cu,0.71,5.86,5.15,False
GUWNOE,Cu,5.13,6.05,0.92,True
GUWVEC,Re,9.61,8.8,0.81,True
GUWVOM,Re,7.78,16.87,9.09,False
GUWVUS,Re,0.22,0.88,0.66,True
GUWWAW,Co,0.55,0.95,0.4,True
GUWWON,Re,5.88,6.22,0.34,True
GUWXEC,Cd,4.81,6.12,1.31,False
GUWYEF,Re,5.06,5.96,0.9,True
GUWYIJ,Re,0.53,4.73,4.2,False
GUXDIM,Cu,9.81,13.72,3.91,False
GUXDUZ,Sc,0.13,5.78,5.65,False
GUXFEL,Y,0.15,3.92,3.77,False
GUXTOK,Fe,0.16,0.92,0.76,True
GUXTUQ,Fe,0.3,5.39,5.09,False
GUYKIU,Ru,4.9,5.89,0.99,True
GUYRUN,Cu,0.25,0.63,0.38,True
GUYRUN02,Cu,0.22,0.84,0.62,True
GUYRUN03,Cu,0.24,0.66,0.42,True
GUYRUN04,Cu,0.23,0.68,0.45,True
GUZCUZ,Co,3.65,4.28,0.63,True
GUZDOY,Cu,0.36,6.1,5.74,False
GUZMAR,Ti,7.18,8.74,1.56,False
GUZMEV,Zr,0.69,5.23,4.54,False
GUZMIZ,Hf,0.65,5.67,5.02,False
GUZMOF,Zr,0.54,1.15,0.61,True
GUZMUL,Hf,0.55,5.93,5.38,False
GUZNAS,Hf,1.37,5.91,4.54,False
GUZNEW,Ti,1.04,6.53,5.49,False
GUZNIA,Hf,1.09,6.43,5.34,False
GUZNOG,Zr,0.87,6.29,5.42,False
GUZTIH,Co,4.85,5.33,0.48,True
GUZTUT,Co,10.55,11.48,0.93,True
HABMEG,Hg,4.91,5.88,0.97,True
HABRAG,Ni,5.54,5.59,0.05,True
HABWIQ,Zr,0.37,1.48,1.11,False
HACGAW,Fe,0.23,1.12,0.89,True
HACPUX,Re,0.31,0.45,0.14,True
HACQAE,Re,4.7,5.84,1.14,False
HACYEQ,Zn,4.91,5.77,0.86,True
HADHEB,Ru,0.23,1.55,1.32,False
HADZUH,Ir,5.13,5.88,0.75,True
HAFBAR,Ir,5.51,5.97,0.46,True
HAFHUS,Fe,5.23,5.34,0.11,True
HAFHUV,Fe,1.59,6.29,4.7,False
HAFJIJ,Cr,5.47,5.8,0.33,True
HAFJOQ,Ru,5.53,5.87,0.34,True
HAFKAD,Ru,1.08,5.46,4.38,False
HAFKUX,Ru,5.64,6.13,0.49,True
HAGJEG,Cr,0.03,1.04,1.01,False
HAGJIK,Zn,0.31,0.99,0.68,True
HAGKAE,Zn,0.23,6.06,5.83,False
HAGKEI,Zn,0.17,1.15,0.98,True
HAGMAG,Zn,3.92,4.4,0.48,True
HAGTUE,Cu,0.11,5.19,5.08,False
HAGVAM,Cu,4.84,5.81,0.97,True
HAGWOD,V,0.33,0.8,0.47,True
HAGXOD,Cu,0.07,3.58,3.51,False
HAGXOE,Ir,0.38,1.34,0.96,True
HAHCUQ,Ru,0.41,1.16,0.75,True
HAHVAQ,Cu,0.21,0.63,0.42,True
HAHXOE,Mn,1.16,3.77,2.61,False
HAHYAR,Mn,2.66,5.85,3.19,False
HAHYEV,Mn,0.83,1.38,0.55,True
HAJBAY,Mn,0.83,1.49,0.66,True
HAJHOS,Cu,4.28,6.91,2.63,False
HAJJEI,Cu,0.25,0.77,0.52,True
HAJTAP,Mo,0.07,0.89,0.82,True
HAKBIF,Zn,0.37,0.89,0.52,True
HAKDAY,Re,1.77,4.25,2.48,False
HAKMEO,Ir,6.29,6.88,0.59,True
HAKMIS,Ir,0.34,1.38,1.04,False
HAKMUE,Ir,5.05,5.53,0.48,True
HALBEB,Ni,5.36,5.81,0.45,True
HALBEB01,Ni,4.87,5.63,0.76,True
HALFEJ,Cu,0.38,6.1,5.72,False
HALTET,Mo,5.27,5.81,0.54,True
HALTOD,Zn,0.29,0.7,0.41,True
HALWAS,Zn,0.22,0.75,0.53,True
HALXAT,Zn,4.33,7.13,2.8,False
HALXIB,Cd,4.57,6.24,1.67,False
HAMBIG,Fe,4.81,5.82,1.01,False
HAMCUX,Mn,4.94,5.5,0.56,True
HAMDAA,Zn,5.01,5.8,0.79,True
HAMDII,Zn,0.31,0.61,0.3,True
HAMFUW,Zn,4.97,5.86,0.89,True
HAMGUA,Cu,5.19,6.65,1.46,False
HAMGUX,Zn,0.29,0.76,0.47,True
HAMHIM,Zn,4.92,5.88,0.96,True
HAMJAG,Zn,4.93,5.82,0.89,True
HAMKAL,Cu,6.55,10.62,4.07,False
HAMKUC,V,5.2,5.78,0.58,True
HAMLAI,Zn,0.36,0.73,0.37,True
HANFEJ,Co,3.65,5.22,1.57,False
HANFUX,Cu,0.77,1.04,0.27,True
HANPOD,Ta,0.16,5.59,5.43,False
HANPUJ,Ta,0.41,6.27,5.86,False
HANSAS,Cr,5.14,5.72,0.58,True
HANSEW,Mo,0.06,0.99,0.93,True
HANSOG,W,5.46,5.76,0.3,True
HANWAU,Ir,4.93,5.95,1.02,False
HANWAU01,Ir,4.92,5.94,1.02,False
HAPCIK,Ir,5.47,5.94,0.47,True
HAPGOW,Cu,8.86,17.95,9.09,False
HAPXOO,Fe,0.06,1.13,1.07,False
HAQFOX,Cd,1.09,5.59,4.5,False
HAQKEP,Ru,6.77,7.51,0.74,True
HAQLIW,Ni,5.01,5.31,0.3,True
HAQRAS,Ti,0.56,6.3,5.74,False
HAQSOH,Ni,5.43,7.42,1.99,False
HAQTEY,Co,8.33,13.46,5.13,False
HAQVIH,Co,0.8,6.27,5.47,False
HARDUC,Cu,4.15,4.7,0.55,True
HARPIZ,Re,0.42,0.76,0.34,True
HARXUT,Cu,11.01,11.28,0.27,True
HATCAJ,Zn,0.55,0.69,0.14,True
HATCEN,Zn,4.97,5.79,0.82,True
HATDEP,Co,4.91,5.5,0.59,True
HATDOZ,Co,1.48,5.17,3.69,False
HATDUF,Co,3.62,7.05,3.43,False
HATHET,Zn,0.65,0.71,0.06,True
HATPRU11,Ru,14.39,14.64,0.25,True
HATQIC,Ta,12.39,8.04,4.35,False
HATVOQ,Zn,0.62,5.99,5.37,False
HAVCIS,Hg,5.34,5.54,0.2,True
HAVGOB,Cu,0.28,5.43,5.15,False
HAVJAR01,V,5.17,5.65,0.48,True
HAVLEZ,Fe,1.58,2.64,1.06,False
HAVNOJ,W,5.06,5.7,0.64,True
HAVSEF,Fe,0.31,1.42,1.11,False
HAVSIJ,Fe,0.28,5.57,5.29,False
HAVZAH,Cu,1.02,5.93,4.91,False
HAVZEM,Ta,0.24,0.73,0.49,True
HAWCUE,Cu,5.31,6.15,0.84,True
HAWJUO,Co,5.25,6.7,1.45,False
HAWXAH,Co,0.49,1.35,0.86,True
HAWXEL,Co,1.11,1.69,0.58,True
HAWZOW,V,5.04,5.64,0.6,True
HAXBUH,Fe,0.81,1.14,0.33,True
HAXNID,Ir,5.64,6.78,1.14,False
HAXNID10,Ir,5.64,6.78,1.14,False
HAXPEB,V,4.57,6.13,1.56,False
HAYBOA,Cu,0.64,1.05,0.41,True
HAYROQ,Cu,0.39,1.45,1.06,False
HAZFUM,Ru,5.32,6.56,1.24,False
HAZQIJ,Zn,0.83,6.16,5.33,False
HAZTUX,Cu,0.17,5.69,5.52,False
HBACOV,V,4.67,5.4,0.73,True
HEBMUA,Cu,0.32,6.08,5.76,False
HEBPAJ,Cu,0.48,4.96,4.48,False
HEBWUK,Ni,9.24,12.82,3.58,False
HECHAC,Zn,0.32,5.96,5.64,False
HECKOR,Ir,0.91,6.48,5.57,False
HECQEM,Hg,0.9,2.37,1.47,False
HECQOV,Cr,0.1,5.23,5.13,False
HECSOY,Mo,5.22,5.83,0.61,True
HEDCOJ,Mo,0.05,5.12,5.07,False
HEDCUO,Rh,5.89,9.58,3.69,False
HEDCUP,Mo,0.06,5.09,5.03,False
HEDDAW,W,0.11,1.04,0.93,True
HEDDEA,W,0.11,5.11,5.0,False
HEDKOR,Cu,4.21,4.86,0.65,True
HEDKUW,Ta,6.99,8.01,1.02,False
HEDVAN,Cu,5.42,6.86,1.44,False
HEDVAR,Ni,0.32,4.36,4.04,False
HEDZIA,Re,0.51,1.58,1.07,False
HEDZOG,Re,3.58,4.05,0.47,True
HEFGEG,Ni,0.99,1.01,0.02,True
HEFMIO,Co,0.41,5.5,5.09,False
HEFNAH,Cu,0.59,0.72,0.13,True
HEFQIS,Zn,0.7,6.22,5.52,False
HEFRUF,Cu,5.04,6.15,1.11,False
HEFSIX,Cu,0.69,0.69,0.0,True
HEFTEV,Mn,5.42,6.16,0.74,True
HEGFAA,Ni,0.38,6.3,5.92,False
HEGKEJ,Mo,0.13,1.07,0.94,True
HEGPAM,Cu,0.7,5.74,5.04,False
HEGPEQ,Cu,0.58,4.83,4.25,False
HEGYUP,Cu,4.58,5.65,1.07,False
HEHJIP,Cu,0.37,1.19,0.82,True
HEHNUH,Ru,5.79,6.15,0.36,True
HEHPET,Ni,4.23,5.51,1.28,False
HEHPIT,Cu,4.93,6.1,1.17,False
HEHTIX,Cu,0.47,0.52,0.05,True
HEHYAX,Zn,0.56,4.69,4.13,False
HEJKEO,Co,2.91,6.04,3.13,False
HEJMUI,Zn,5.69,7.78,2.09,False
HEJVID,Pt,0.44,0.72,0.28,True
HEJVUN01,Zn,4.9,5.79,0.89,True
HEJWEA,Ru,5.76,6.28,0.52,True
HEKWIH,Cu,5.57,6.3,0.73,True
HELDEH,Cu,4.83,5.87,1.04,False
HELDIL,Cu,4.84,6.03,1.19,False
HELKIS,Cu,8.43,7.13,1.3,False
HELROI,Fe,4.76,6.46,1.7,False
HELSID,Rh,5.64,6.35,0.71,True
HENXIH,Os,0.2,5.52,5.32,False
HENXIH01,Os,0.21,1.03,0.82,True
HENYAE,Cu,5.81,6.26,0.45,True
HENZEJ,Cu,8.88,9.95,1.07,False
HEPBIN,Cd,4.48,4.55,0.07,True
HEPBOT,Zn,0.62,1.14,0.52,True
HEPLIB,Cu,7.69,15.74,8.05,False
HEPREC,Cu,5.39,9.18,3.79,False
HEPTEC,Co,0.88,1.38,0.5,True
HEPTEC01,Co,0.88,6.44,5.56,False
HEPTIG,Co,0.8,1.46,0.66,True
HEPVEE,Co,5.5,6.7,1.2,False
HEQBAJ,Co,0.41,1.15,0.74,True
HEQBOX,Co,0.23,0.53,0.3,True
HEQGIT,Zn,5.19,6.16,0.97,True
HEQGIT01,Zn,5.19,6.16,0.97,True
HEQHUH,V,0.03,0.83,0.8,True
HEQQUR,Zn,4.32,5.08,0.76,True
HEQWEF,Cu,0.2,1.23,1.03,False
HEQWIJ,Cu,0.48,5.92,5.44,False
HERMAV,Co,0.07,1.25,1.18,False
HERQAA,Cu,4.99,6.43,1.44,False
HERTEE,Zn,0.89,2.55,1.66,False
HERVEJ,Ti,1.18,1.32,0.14,True
HERVIN,Ti,0.95,1.32,0.37,True
HERVOT,Ti,5.86,6.3,0.44,True
HERVUZ,Ti,0.97,1.3,0.33,True
HESPOK,Zn,0.16,0.67,0.51,True
HESPOK10,Zn,0.16,0.67,0.51,True
HETLIF,Cu,4.62,6.31,1.69,False
HETMAU,W,8.4,7.92,0.48,True
HETMAY,Cu,0.62,4.81,4.19,False
HETVEI,V,0.22,0.79,0.57,True
HEVCUK,Cu,0.95,4.61,3.66,False
HEVDEU,Mn,0.29,2.04,1.75,False
HEVDIY,Cr,0.41,0.72,0.31,True
HEVJUO,Fe,0.58,1.91,1.33,False
HEVKID,Fe,13.57,13.71,0.14,True
HEVYUG,Ir,6.1,6.75,0.65,True
HEWCET,Cd,5.24,5.68,0.44,True
HEWCUJ,V,4.66,5.55,0.89,True
HEWGOF,Ti,1.38,6.39,5.01,False
HEWZEO,Mo,0.07,1.22,1.15,False
HEWZIS,W,5.64,5.92,0.28,True
HEWZIS01,W,0.07,1.19,1.12,False
HEWZUF,Cu,0.58,1.3,0.72,True
HEXGIC,Ir,0.89,1.03,0.14,True
HEXROV,Zn,1.09,5.53,4.44,False
HEXWEQ,Fe,0.74,1.54,0.8,True
HEXXEP,Ta,4.78,5.08,0.3,True
HEYNEG,Ni,5.18,13.68,8.5,False
HEYPEG,Fe,0.54,1.96,1.42,False
HEYROV,Cu,10.39,13.29,2.9,False
HEZTUE,Ru,0.32,1.9,1.58,False
HEZVAM,Ru,0.3,1.95,1.65,False
HEZVAM01,Ru,0.31,1.96,1.65,False
HEZVEQ,Ru,0.29,1.96,1.67,False
HIBNUB,Re,0.55,0.74,0.19,True
HICJAH,W,5.46,6.08,0.62,True
HICKAI,Cr,0.43,0.82,0.39,True
HICKOW,W,5.14,5.89,0.75,True
HICYIC,Cu,4.37,6.58,2.21,False
HIDMAL,Hg,2.37,5.68,3.31,False
HIDPAO,Cu,0.35,0.5,0.15,True
HIDQIU,Cu,0.54,4.58,4.04,False
HIDQIU01,Cu,0.54,4.72,4.18,False
HIDVIA,Cu,5.14,6.14,1.0,False
HIDVIA01,Cu,5.13,6.14,1.01,False
HIDWOI,Fe,0.18,1.13,0.95,True
HIDWOI01,Fe,0.19,1.21,1.02,False
HIFTID,Co,0.64,6.15,5.51,False
HIFTOJ,Co,0.71,6.17,5.46,False
HIGBIM,Cu,0.12,5.79,5.67,False
HIGDOT,Ru,0.33,1.24,0.91,True
HIGFIP,Ru,6.11,6.41,0.3,True
HIGFUB,Ru,5.85,6.12,0.27,True
HIGGOW,Ru,6.23,6.3,0.07,True
HIGMOC,Cu,5.99,6.12,0.13,True
HIGPIZ,Re,6.15,6.16,0.01,True
HIGVAV,Ni,0.66,5.19,4.53,False
HIGVOK,V,5.24,6.05,0.81,True
HIGWOM,Ru,0.15,3.65,3.5,False
HIGYAY,Cu,0.61,1.07,0.46,True
HIHJEO,Cu,5.49,6.36,0.87,True
HIHNAO,Cu,1.08,4.44,3.36,False
HIHPAQ,Cu,0.35,1.28,0.93,True
HIHTUP,Cu,4.46,6.21,1.75,False
HIHVUR,Cu,4.63,5.98,1.35,False
HIJDEL,Ru,5.86,6.25,0.39,True
HIJQUN,V,4.69,5.6,0.91,True
HIJSOI,Zn,0.75,6.36,5.61,False
HIJSUO,Zn,0.9,4.96,4.06,False
HIKCOU,W,1.74,5.63,3.89,False
HIKDAH,Mo,1.61,5.52,3.91,False
HIKRIF,Fe,0.39,5.63,5.24,False
HIKVUS,Cu,5.05,6.21,1.16,False
HIKYUW,Cr,5.7,5.85,0.15,True
HIKZAD,W,0.12,1.39,1.27,False
HILDAI,Ni,4.59,5.14,0.55,True
HILDEM,Ni,4.97,5.01,0.04,True
HILDIQ,Ni,4.65,5.36,0.71,True
HILGES,Fe,4.48,5.37,0.89,True
HILHAN,Rh,1.84,4.43,2.59,False
HILHIW,Fe,0.35,5.47,5.12,False
HILHUG,Ni,1.07,6.99,5.92,False
HILPEA,Hf,4.99,6.89,1.9,False
HILPIE,Hf,1.48,3.63,2.15,False
HILZIN,Ni,0.42,6.25,5.83,False
HILZUY,Ru,0.19,1.33,1.14,False
HILZUY01,Ru,5.34,5.92,0.58,True
HIMDEQ,Ru,6.6,11.54,4.94,False
HIMDOX,Sc,6.34,8.33,1.99,False
HIMDOZ,Hg,6.16,6.4,0.24,True
HIMDUF,Hg,4.99,6.82,1.83,False
HIMKEU,Ni,7.64,15.32,7.68,False
HIMKOE,Ni,5.85,10.27,4.42,False
HIMROM,Fe,2.78,6.05,3.27,False
HIMRUS,Fe,2.83,6.01,3.18,False
HIMSOO,Cu,0.55,4.9,4.35,False
HIMYAD,Ni,0.34,4.63,4.29,False
HINFES,Zn,0.5,5.77,5.27,False
HINFIU,Sc,1.17,1.9,0.73,True
HINLIC,Zn,0.51,6.04,5.53,False
HINNUN,Os,0.6,1.43,0.83,True
HINSAA,Co,0.59,1.14,0.55,True
HINVUY,Ni,0.25,1.1,0.85,True
HIPHOG,Fe,0.75,5.2,4.45,False
HIPJEY,Fe,5.48,6.9,1.42,False
HIPNIH,Cu,4.46,5.83,1.37,False
HIPPEC,Ta,1.03,2.36,1.33,False
HIPQII,Co,5.62,5.96,0.34,True
HIPREG,Co,4.94,5.51,0.57,True
HIQDAO,Ru,0.65,1.34,0.69,True
HIQGIZ,Cu,0.98,1.46,0.48,True
HIQGUJ,Cu,8.46,5.61,2.85,False
HIQZEM,Cu,0.5,4.5,4.0,False
HIRDAN,Mn,7.01,7.02,0.01,True
HIRGUK,Fe,0.53,0.85,0.32,True
HIRWEK,Hg,0.83,1.48,0.65,True
HIRWIS,Y,5.0,5.03,0.03,True
HIRXEP,Y,5.52,5.72,0.2,True
HISLIG,Zn,0.57,4.4,3.83,False
HISLON,Os,1.24,4.35,3.11,False
HISLUT,Os,0.49,6.19,5.7,False
HISVEK,Os,13.65,17.18,3.53,False
HISWAH,Pd,8.08,10.97,2.89,False
HISYIV,Cu,4.74,11.56,6.82,False
HISZUF,Rh,5.94,6.71,0.77,True
HITHOI,Fe,0.52,1.59,1.07,False
HITSUZ,Mo,0.16,0.82,0.66,True
HITVAK,Fe,0.43,1.37,0.94,True
HITVEO,Fe,0.35,5.36,5.01,False
HITWAI,Cr,5.45,6.09,0.64,True
HITYAN,Ti,0.2,1.04,0.84,True
HIVFOL,Zr,4.69,5.35,0.66,True
HIVFUR,Zr,5.13,5.77,0.64,True
HIVKIJ,Cu,0.58,0.61,0.03,True
HIVNIN,Fe,0.95,6.22,5.27,False
HIVNOT,Fe,0.81,1.07,0.26,True
HIVNUZ,Cu,5.51,11.92,6.41,False
HIVPAH,Zn,0.86,6.11,5.25,False
HIVPOS,Zn,0.72,6.34,5.62,False
HIVYAM,Re,0.98,5.95,4.97,False
HIWJII,Fe,4.89,6.08,1.19,False
HIXCOH,Ni,0.3,1.09,0.79,True
HIXQEL,Ru,5.42,5.54,0.12,True
HIXWOC,Mn,1.17,5.21,4.04,False
HIXYUI,Rh,4.66,5.18,0.52,True
HIXZAP,Rh,5.74,6.97,1.23,False
HIYJIJ,Fe,5.78,6.24,0.46,True
HIYJIK,Cu,4.93,5.81,0.88,True
HIYZOI,Zn,0.68,0.68,0.0,True
HIZCEA,Co,5.14,5.73,0.59,True
HIZFUT,Cu,4.11,5.89,1.78,False
HIZHOR,Mn,0.7,5.19,4.49,False
HIZKUA,W,4.74,5.88,1.14,False
HIZLAH,W,6.14,7.26,1.12,False
HIZMAE,Y,0.86,0.92,0.06,True
HIZQOW,Ru,5.38,5.41,0.03,True
HIZZAS,Zr,8.87,13.22,4.35,False
HMTCUM,Cu,2.82,4.93,2.11,False
HOBDUZ,Mn,5.12,5.16,0.04,True
HOBGEK,Zn,0.3,0.62,0.32,True
HOBGUA,Fe,0.43,5.23,4.8,False
HOBPIY,Fe,4.6,4.96,0.36,True
HOBPOE,Fe,0.83,4.67,3.84,False
HOBQAR,Fe,0.82,1.83,1.01,False
HOBQEV,Fe,0.93,6.68,5.75,False
HOBQOF,Fe,0.88,6.34,5.46,False
HOBQUL,Fe,1.16,5.69,4.53,False
HOCLIU,Cd,5.67,6.94,1.27,False
HOCLOA,Cd,4.88,5.86,0.98,True
HOCWEC,Cu,1.03,4.93,3.9,False
HODTUS,Cu,10.56,8.28,2.28,False
HODYAE,Y,0.47,5.34,4.87,False
HOFDEN,Fe,0.78,1.58,0.8,True
HOFKOE,Cu,1.31,6.3,4.99,False
HOFPEZ,Rh,5.07,7.15,2.08,False
HOFPIE,Fe,5.61,5.82,0.21,True
HOFTII,Ru,0.74,1.05,0.31,True
HOFWAC,V,0.4,5.57,5.17,False
HOFWOQ,V,0.44,1.39,0.95,True
HOFXAD,V,0.31,1.17,0.86,True
HOGFIS,Cu,0.37,0.93,0.56,True
HOGHEQ,Fe,8.59,11.91,3.32,False
HOGLOE,Mo,5.16,5.57,0.41,True
HOGNEX,Ru,5.67,5.72,0.05,True
HOGNIB,Ru,5.83,6.29,0.46,True
HOGNOH,Ru,5.7,5.74,0.04,True
HOGPIC,Rh,3.69,8.33,4.64,False
HOGPOI,Rh,8.63,11.73,3.1,False
HOHLEY,Cu,0.52,1.11,0.59,True
HOHRAB,V,4.48,5.61,1.13,False
HOHVAB,Zn,0.84,1.89,1.05,False
HOHVEH,Ru,5.86,6.06,0.2,True
HOHYUZ,Os,0.8,1.47,0.67,True
HOHZAG,Rh,0.09,1.05,0.96,True
HOHZEK,Rh,5.32,5.88,0.56,True
HOJDAL,Ta,0.88,5.77,4.89,False
HOJGOF,Cr,5.55,5.9,0.35,True
HOJKEW,Mn,1.28,6.3,5.02,False
HOJMIF,Ru,0.63,0.82,0.19,True
HOJSUX,Mn,1.1,6.12,5.02,False
HOJVEH,Ru,4.89,6.16,1.27,False
HOJVOT,Fe,5.12,6.26,1.14,False
HOJZIP,Cu,0.29,0.94,0.65,True
HOKFUI,Cd,4.7,5.8,1.1,False
HOKGAP,Zn,0.39,5.31,4.92,False
HOKKIB,W,5.22,9.34,4.12,False
HOKYUC,Fe,0.16,5.56,5.4,False
HOLCAM,Cu,5.67,11.55,5.88,False
HOLCAQ,Zn,2.53,4.58,2.05,False
HOLCUH,Cu,10.18,11.78,1.6,False
HOLCUH01,Cu,0.76,6.16,5.4,False
HOLHUN,Hg,2.48,4.73,2.25,False
HOLJAV,Zn,1.39,4.82,3.43,False
HOLNUU,Zn,0.83,5.98,5.15,False
HOLSIK,Os,0.9,5.83,4.93,False
HOMMUU,Cu,4.51,5.86,1.35,False
HONCUJ,Cu,2.89,5.18,2.29,False
HONJAV,Fe,0.47,1.09,0.62,True
HONZIT,Cr,5.27,5.73,0.46,True
HONZOZ,Cr,3.04,4.86,1.82,False
HONZUF,Cr,1.07,5.87,4.8,False
HOPCUN,Ru,4.96,5.88,0.92,True
HOPLIL,Zn,0.58,6.3,5.72,False
HOPLOR,Zn,0.54,6.32,5.78,False
HOPLUX,Zn,0.86,6.36,5.5,False
HOPMAD,Zn,1.11,5.43,4.32,False
HOPMIL,Zn,1.21,5.53,4.32,False
HOPQUC,Cu,4.45,5.7,1.25,False
HOPROW,Ti,1.17,5.06,3.89,False
HOPSAJ,Ti,0.28,1.49,1.21,False
HOPTIS,Zn,0.55,6.34,5.79,False
HOPWOZ,Cu,5.2,6.35,1.15,False
HOPWUF,Cu,0.2,0.87,0.67,True
HOQBIA,Cd,2.59,4.11,1.52,False
HOQHAX,Cu,0.53,4.31,3.78,False
HOQMAE,Cu,11.77,7.16,4.61,False
HOQYUH,Mn,5.29,5.63,0.34,True
HORRUD,Cu,12.59,7.26,5.33,False
HOSBAU,Zn,0.48,1.24,0.76,True
HOSGIF,Mo,10.66,13.45,2.79,False
HOSPAI,Hg,4.27,5.95,1.68,False
HOSPEM,Hg,2.26,4.86,2.6,False
HOSQAJ,Hg,5.08,5.13,0.05,True
HOSQUC,Cu,0.34,0.47,0.13,True
HOTJAD,Cu,2.99,3.96,0.97,True
HOTKUW,Zn,0.59,6.42,5.83,False
HOTSEP,Cd,0.8,1.89,1.09,False
HOVGUW,Zn,3.58,6.57,2.99,False
HOVQIU,Cu,13.5,14.34,0.84,True
HOVSES,Fe,0.25,0.96,0.71,True
HOVSIW,Fe,0.31,5.46,5.15,False
HOWFAD,Cu,0.45,4.56,4.11,False
HOWHOQ,Zn,0.89,0.97,0.08,True
HOWVUK,V,0.07,0.7,0.63,True
HOXLEL,Cd,0.51,0.96,0.45,True
HOXMIU,V,4.66,5.85,1.19,False
HOXNIU,Cu,4.32,5.38,1.06,False
HOXSOD,Cu,1.24,6.36,5.12,False
HOYBPC01,Co,0.62,4.65,4.03,False
HOYLUC,Pd,1.05,4.55,3.5,False
HOYSOH,Cd,4.08,4.62,0.54,True
HOZGOT,Zn,6.79,9.42,2.63,False
HOZGUZ,Zn,11.79,10.03,1.76,False
HOZSIC,Fe,0.29,5.71,5.42,False
HTEPOS,Os,0.35,1.64,1.29,False
HUBDEO,Hg,3.95,7.4,3.45,False
HUBDIS,Hg,1.13,4.91,3.78,False
HUBDOY,Hg,1.19,4.78,3.59,False
HUBDOZ,Cd,2.6,4.88,2.28,False
HUBGIW,Zn,0.36,1.12,0.76,True
HUBHER,Rh,6.09,6.52,0.43,True
HUBMEY,Hg,5.34,5.55,0.21,True
HUBZAG,Zn,4.9,5.84,0.94,True
HUCFET,Cu,6.26,7.09,0.83,True
HUCJAQ,Pt,5.62,6.26,0.64,True
HUCJOH,Cu,0.46,5.45,4.99,False
HUCLAS,Ir,6.17,6.19,0.02,True
HUCLOH,Zn,0.62,1.41,0.79,True
HUCNAU,Zn,4.76,5.88,1.12,False
HUDKOI,Cu,5.08,6.45,1.37,False
HUFFEV,Ir,0.65,1.17,0.52,True
HUFLIH,Y,1.18,5.23,4.05,False
HUGYUD,V,5.26,5.77,0.51,True
HUHGUQ,Fe,0.12,0.73,0.61,True
HUHSOU,W,1.07,2.26,1.19,False
HUHSUA,W,5.05,6.07,1.02,False
HUHTEL,W,0.87,5.98,5.11,False
HUJDAR,Ir,6.93,6.03,0.9,True
HUJFEX,Os,0.59,0.86,0.27,True
HUJFUN,Os,0.54,0.7,0.16,True
HUJGAU,Os,5.65,6.0,0.35,True
HUJVER,Cu,0.33,6.07,5.74,False
HUJXET,Cu,4.8,6.02,1.22,False
HUJZAN,Ir,6.08,6.44,0.36,True
HUKDAW,Cu,4.88,6.36,1.48,False
HUKDEW,Cu,0.33,0.63,0.3,True
HUKDIA,Cu,0.45,0.62,0.17,True
HUKJAA,Co,0.41,4.89,4.48,False
HUKSAJ,Cu,0.32,5.72,5.4,False
HUKXOC,Zn,4.64,6.85,2.21,False
HUKXUI,Zn,0.78,0.96,0.18,True
HULMIO,Mo,2.3,6.57,4.27,False
HUMBEA,Zn,0.38,1.72,1.34,False
HUMDAU,Cu,9.56,6.4,3.16,False
HUMFIE,Cu,10.55,10.94,0.39,True
HUMZAS,Cu,3.93,4.78,0.85,True
HUMZEW,Mn,0.97,1.27,0.3,True
HUMZIA,Ni,5.63,6.14,0.51,True
HUNBEZ,Fe,4.84,5.2,0.36,True
HUNDUP,Zr,1.0,5.65,4.65,False
HUNMEI,Zr,3.56,3.93,0.37,True
HUPBUP,Ag,4.42,5.81,1.39,False
HUPDUR,Zn,4.94,5.82,0.88,True
HUPFAZ,Zn,4.95,5.78,0.83,True
HUPKIP,Ru,11.32,11.49,0.17,True
HUPLIQ,Ni,1.06,6.04,4.98,False
HUPMIP,Ru,0.72,1.06,0.34,True
HUPMUD,Cu,5.2,6.6,1.4,False
HUPNAK,Cu,0.96,4.41,3.45,False
HUPQUI,Zn,0.67,1.91,1.24,False
HUPXEY,Re,0.18,0.55,0.37,True
HUPXOG,Zn,4.59,5.64,1.05,False
HUPXOI,Re,5.16,5.74,0.58,True
HUPYAT,Zn,5.02,6.2,1.18,False
HUQHUW,Cu,4.99,5.06,0.07,True
HURGOQ,Cu,6.46,5.55,0.91,True
HURGOS,Ru,5.5,5.64,0.14,True
HURGUW,Cu,4.43,4.59,0.16,True
HURHUX,Mn,0.95,4.92,3.97,False
HURJAF,Mn,5.33,6.44,1.11,False
HURRIW,Ru,0.36,1.43,1.07,False
HURTOE,Ti,4.86,6.44,1.58,False
HUSGOR,Ir,4.6,5.05,0.45,True
HUSQUJ,Ru,5.9,5.94,0.04,True
HUSZED,Cu,0.97,1.38,0.41,True
HUTMUH,Cu,4.66,6.47,1.81,False
HUTSEV,Re,0.53,0.62,0.09,True
HUTSIZ,Re,1.51,2.17,0.66,True
HUTYAZ,Zn,0.57,6.05,5.48,False
HUVRIA,Sc,0.62,0.98,0.36,True
HUVSAT,Y,5.1,6.62,1.52,False
HUVSIB,La,5.99,6.74,0.75,True
HUWHOZ,Cu,0.63,6.12,5.49,False
HUWKOD,Cu,8.59,5.95,2.64,False
HUWMER,Co,4.54,5.48,0.94,True
HUWPEU,Cu,0.35,1.01,0.66,True
HUWTAW,Ir,0.09,1.14,1.05,False
HUWTEA,Mn,4.67,6.06,1.39,False
HUWTIF,Ni,4.98,5.16,0.18,True
HUWYAZ,Cu,3.8,4.84,1.04,False
HUXHAK,Cu,7.83,8.01,0.18,True
HUXKUG,Cu,8.9,12.95,4.05,False
HUXSIC,Co,4.98,5.84,0.86,True
HUXTED,Cu,0.76,1.27,0.51,True
HUXTIH,Cu,11.12,7.0,4.12,False
HUXVAB,Zn,0.44,4.8,4.36,False
HUXWAC,Cu,0.53,0.6,0.07,True
HUXZOP,V,2.76,10.11,7.35,False
HUYHOY,V,5.18,5.84,0.66,True
HUYHUE,V,0.29,1.36,1.07,False
HUYROI,Tc,0.14,1.13,0.99,True
HUYSAV,Tc,0.06,3.65,3.59,False
HUYSEZ,Tc,0.07,3.84,3.77,False
HUZLEV,Fe,5.54,6.54,1.0,False
HUZREB,Fe,1.53,5.06,3.53,False
HUZYAC,V,1.94,6.24,4.3,False
HUZYUW,Os,0.12,0.8,0.68,True
IBAXUH,Os,5.21,5.95,0.74,True
IBAYAO,Os,0.56,1.19,0.63,True
IBEFUT,Ru,5.14,5.61,0.47,True
IBEGIH,Fe,0.29,6.16,5.87,False
IBEKOQ,Cu,5.63,11.13,5.5,False
IBEMAE,Cu,4.33,6.36,2.03,False
IBENIO,Ru,6.01,6.08,0.07,True
IBENOU,Ru,5.82,5.96,0.14,True
IBEWIW,Cd,5.63,6.84,1.21,False
IBEWOD,Cu,11.89,17.93,6.04,False
IBEWUJ,Cu,3.58,10.99,7.41,False
IBEXAQ,Cu,14.53,18.47,3.94,False
IBIBOL,Co,0.49,4.52,4.03,False
IBIPCI01,Cu,3.34,6.35,3.01,False
IBIZAV,Zn,0.17,0.76,0.59,True
IBOCAE,Zn,0.83,1.76,0.93,True
IBOCEI,Zn,0.88,6.07,5.19,False
IBOCIM,Zn,0.82,6.44,5.62,False
IBOCOS,Zn,0.8,2.18,1.38,False
IBONIX,Co,7.67,10.47,2.8,False
IBONOD,Zn,8.57,10.76,2.19,False
IBUDEP,Mo,4.72,5.93,1.21,False
IBUHIY,Zn,0.45,4.83,4.38,False
IBUHOG,Fe,0.74,1.49,0.75,True
IBUMID,Ta,0.18,1.5,1.32,False
IBUMOJ,Ta,0.47,1.05,0.58,True
IBURIH,Cu,0.35,3.4,3.05,False
IBUSAA,Cu,1.0,1.43,0.43,True
IBUSUT,Mn,1.43,6.42,4.99,False
IBUWIN,Zn,0.88,6.63,5.75,False
ICAJIH,Cd,0.85,6.23,5.38,False
ICAJON,Hg,0.93,1.12,0.19,True
ICAKEE,Cd,0.74,0.83,0.09,True
ICAQEK,Ru,5.67,5.93,0.26,True
ICASOV,Cr,0.51,6.4,5.89,False
ICATAH,Rh,12.99,14.2,1.21,False
ICATIS,Mn,0.83,4.18,3.35,False
ICATUE,Mn,0.75,4.52,3.77,False
ICECAV,Zn,4.83,6.05,1.22,False
ICEFAY,Ti,0.33,1.01,0.68,True
ICEFEC,Ti,1.07,2.65,1.58,False
ICEFIG,Ti,5.38,6.09,0.71,True
ICESAN,Cu,9.93,13.47,3.54,False
ICICOM,Ru,5.83,5.92,0.09,True
ICISET,Cu,0.64,6.3,5.66,False
ICISIX,Cu,0.67,4.32,3.65,False
ICITUJ,V,5.05,5.99,0.94,True
ICOHUD,Fe,4.7,5.98,1.28,False
ICOWAZ,Cu,8.8,9.91,1.11,False
ICOWED,Zn,0.28,1.38,1.1,False
ICUBUE,Zn,1.17,3.58,2.41,False
ICUDIU,Zn,3.66,7.14,3.48,False
ICUDOA,Zn,4.97,7.14,2.17,False
ICUFAO,Zn,1.46,4.94,3.48,False
ICUFIW,Zn,4.31,5.8,1.49,False
ICUFOC,Zn,4.63,5.89,1.26,False
ICUFUI,Zn,0.35,6.36,6.01,False
ICUGAP,Zn,0.53,6.4,5.87,False
ICUGIX,Zn,3.51,6.43,2.92,False
ICUPUV,Zn,5.12,6.13,1.01,False
IDAMIL,Hf,0.98,6.15,5.17,False
IDAMUX,Zr,4.54,6.62,2.08,False
IDANAC,Co,4.61,5.94,1.33,False
IDANEG,Cu,0.27,0.41,0.14,True
IDAPUA,Mn,5.19,7.11,1.92,False
IDASUD,Mn,4.58,6.85,2.27,False
IDATUG,Co,5.0,5.86,0.86,True
IDAVAN,Zn,4.03,5.45,1.42,False
IDEBEZ,Cu,0.07,1.28,1.21,False
IDEHEF01,Mn,0.33,0.61,0.28,True
IDELIN,Ru,6.21,7.12,0.91,True
IDEQAJ,Os,6.4,6.57,0.17,True
IDERIT,Ir,9.1,15.54,6.44,False
IDEROZ,Ir,13.06,13.34,0.28,True
IDERUF,Ir,9.24,16.1,6.86,False
IDESEP01,Cu,4.18,6.81,2.63,False
IDEVIZ,Fe,0.66,1.69,1.03,False
IDIDOO,Cu,0.34,0.64,0.3,True
IDIKIR,Cd,1.9,5.72,3.82,False
IDILEP,Co,0.62,1.73,1.11,False
IDILOZ,Fe,5.28,6.42,1.14,False
IDILUF,Fe,0.81,5.37,4.56,False
IDIMAM,Co,0.69,1.38,0.69,True
IDIRIA,Ru,0.78,2.27,1.49,False
IDOBEI,Cu,0.24,0.56,0.32,True
IDOHOZ01,Cu,0.68,6.63,5.95,False
IDOJUH,Co,0.5,0.52,0.02,True
IDOXUU,Zn,0.87,8.0,7.13,False
IDOZOQ,Ru,0.15,1.66,1.51,False
IDUDUH,Cu,0.29,6.29,6.0,False
IDUMID,Cu,0.4,0.53,0.13,True
IDUVIN,Cu,11.63,13.37,1.74,False
IFAWIV,Cd,5.84,7.02,1.18,False
IFAWUH,Hg,1.97,5.96,3.99,False
IFEBON,Cu,0.51,0.75,0.24,True
IFEGOR,Sc,0.29,5.38,5.09,False
IFEGUX,Sc,0.54,0.82,0.28,True
IFEHAE,Sc,0.6,5.81,5.21,False
IFENIR,Cu,4.76,5.93,1.17,False
IFEXIA,Cu,6.8,7.7,0.9,True
IFEYOH,Zn,5.17,5.9,0.73,True
IFEZUR,Zn,3.81,3.9,0.09,True
IFIBAA,Zn,0.56,6.03,5.47,False
IFIBAD,Zn,4.91,5.36,0.45,True
IFIBEG,Re,0.31,5.61,5.3,False
IFIKUD,Ru,5.63,5.79,0.16,True
IFIQIY,V,5.69,5.89,0.2,True
IFIRIZ,Zn,4.39,4.96,0.57,True
IFIWIG,Co,4.23,5.27,1.04,False
IFIWOM,Co,12.61,16.17,3.56,False
IFIXON,Co,7.0,11.87,4.87,False
IFIZON,Co,0.29,5.68,5.39,False
IFUSIL,V,0.65,2.67,2.02,False
IFUSIL01,V,4.43,5.87,1.44,False
IGAHON,Fe,4.59,5.06,0.47,True
IGALAD,Ru,5.0,5.85,0.85,True
IGALIL,Cu,0.42,0.7,0.28,True
IGAVIV,Zn,5.09,5.29,0.2,True
IGAVUK,V,1.0,1.09,0.09,True
IGAWAR,V,0.71,5.11,4.4,False
IGAWEV,V,5.94,6.29,0.35,True
IGAWIZ,V,1.29,6.13,4.84,False
IGAWUL,V,1.08,1.32,0.24,True
IGAXAS,V,1.0,6.35,5.35,False
IGAYAT,V,1.47,1.57,0.1,True
IGEMAJ,V,0.3,4.88,4.58,False
IGETUK,Zn,0.36,7.15,6.79,False
IGICOQ,Mo,5.58,5.91,0.33,True
IGICUW,W,5.18,5.69,0.51,True
IGIDIL,Cr,5.25,5.77,0.52,True
IGIGIQ,Fe,5.5,6.05,0.55,True
IGIGUC,Fe,0.97,6.3,5.33,False
IGIHUE,Ni,0.48,0.51,0.03,True
IGIJEO,Pd,4.4,6.53,2.13,False
IGINAN,W,5.48,5.7,0.22,True
IGIREW,Cu,0.42,1.24,0.82,True
IGITOI,Y,0.29,1.78,1.49,False
IGOFIV,Ti,4.97,5.29,0.32,True
IGOLUL,Ru,6.79,7.34,0.55,True
IGONUO,Cu,9.78,11.9,2.12,False
IGOPAW,Zn,0.19,0.83,0.64,True
IGUGUO,Zn,1.17,5.98,4.81,False
IGUHAV,Zn,0.76,1.99,1.23,False
IGUQAF,Zn,1.28,5.08,3.8,False
IGUQOT,Fe,4.74,6.38,1.64,False
IGUROR,Zn,3.59,4.97,1.38,False
IGUROT,Cu,8.04,12.34,4.3,False
IHAMAI,Zn,0.33,0.49,0.16,True
IHEBUU,Ru,6.59,6.93,0.34,True
IHECOO,Rh,0.48,1.37,0.89,True
IHEQAO,Ru,0.14,1.65,1.51,False
IHESEV,Fe,0.2,5.91,5.71,False
IHEWIC,Cd,1.18,4.52,3.34,False
IHEXEA,Fe,0.07,1.2,1.13,False
IHEXOJ,Zn,0.76,7.54,6.78,False
IHEYEA,Zn,0.76,4.32,3.56,False
IHIJOB,Zn,5.62,5.65,0.03,True
IHIKES,Cu,9.04,6.09,2.95,False
IHITIC,Cu,2.41,4.37,1.96,False
IHITOJ,Zn,4.5,5.79,1.29,False
IHITUP,Zn,4.7,5.72,1.02,False
IHOBOZ,Cu,5.45,6.31,0.86,True
IHODAM,Mo,5.79,5.86,0.07,True
IHODAN,Cu,0.79,4.61,3.82,False
IHODUH,Mn,0.47,4.36,3.89,False
IHOFAP,Co,0.36,5.08,4.72,False
IHOLIB,Pd,3.69,5.05,1.36,False
IHONOJ,V,5.06,5.52,0.46,True
IHONUP,Zr,4.41,5.82,1.41,False
IHOQIG,V,0.13,0.72,0.59,True
IHOQOM,V,0.1,1.61,1.51,False
IHOTEE,Ir,0.27,1.23,0.96,True
IHOYOW,V,0.22,0.73,0.51,True
IHUKEF,Mn,0.25,1.55,1.3,False
IHUWEN,Rh,5.54,5.92,0.38,True
IJADOM,Cu,0.91,1.45,0.54,True
IJAMOV,Fe,0.18,0.62,0.44,True
IJAZAV,Y,0.24,1.12,0.88,True
IJEDOR,Zn,0.1,5.95,5.85,False
IJIFIS,Cu,0.34,0.86,0.52,True
IJILAR,Cu,7.36,12.62,5.26,False
IJIPIC,Zn,4.78,5.65,0.87,True
IJOHEV,Cr,5.3,5.69,0.39,True
IJOMAY,Ru,5.68,5.9,0.22,True
IJOMOK,Zn,0.85,1.64,0.79,True
IJOMOK01,Zn,0.88,4.88,4.0,False
IJOMUQ,Cu,7.46,10.56,3.1,False
IJONUR,Fe,4.88,5.77,0.89,True
IJUDEW,Fe,6.02,10.52,4.5,False
IJUDUP,Hf,0.55,1.08,0.53,True
IJUGOJ,Zn,0.96,5.55,4.59,False
IJUMIM,Cu,9.3,5.53,3.77,False
IJUPAG,Mn,3.55,6.13,2.58,False
IJUPIO,Mn,3.49,6.45,2.96,False
IJURAI,Zn,4.97,5.8,0.83,True
IJUXOA,Cd,1.13,4.84,3.71,False
IKACAA,Zn,0.15,0.72,0.57,True
IKACEE,Zn,0.24,0.7,0.46,True
IKAGEI,V,6.26,5.38,0.88,True
IKAJAH,Cu,6.58,8.29,1.71,False
IKAKEN,Mo,0.32,0.7,0.38,True
IKAWUQ,Zn,4.71,5.79,1.08,False
IKAXAX,Zn,4.71,5.83,1.12,False
IKAXAX01,Zn,0.48,0.75,0.27,True
IKEGOX,Zn,10.56,8.58,1.98,False
IKILEX,Cr,0.39,1.17,0.78,True
IKIMUO,Cr,0.97,2.31,1.34,False
IKIQUP,Zr,9.11,4.7,4.41,False
IKIYOQ,Pt,0.1,1.06,0.96,True
IKOFET,Fe,6.31,6.45,0.14,True
IKOHIZ,Cu,0.19,0.67,0.48,True
IKOHOF,Cu,0.14,4.42,4.28,False
IKOKUP,Os,0.04,5.48,5.44,False
IKOLAW,Os,0.04,5.56,5.52,False
IKOLEA,Os,0.14,5.03,4.89,False
IKOLIE,Os,0.16,6.0,5.84,False
IKOLOK,Os,0.15,4.97,4.82,False
IKOLUQ,Os,0.15,5.04,4.89,False
IKOMAX,Os,0.14,5.1,4.96,False
IKOMEB,Os,0.13,0.95,0.82,True
IKOQUV,Ru,0.31,1.42,1.11,False
IKORIK,Ru,5.94,6.15,0.21,True
IKORIK01,Ru,0.13,1.63,1.5,False
IKORIK03,Ru,5.75,6.01,0.26,True
IKOROP,Zn,5.22,5.75,0.53,True
IKOSEH,Ru,0.48,1.45,0.97,True
IKOSIL,Ru,5.38,5.6,0.22,True
IKOVUA,Ru,3.11,4.0,0.89,True
IKOWAH,Ru,1.01,4.27,3.26,False
IKOXUD,Fe,0.73,1.07,0.34,True
IKOYAK,Fe,0.66,0.98,0.32,True
IKUGUU,Mn,5.05,5.82,0.77,True
IKUWIW,Zn,0.83,1.01,0.18,True
ILAGIO,Cu,0.58,1.18,0.6,True
ILAGOU,Cu,0.53,1.18,0.65,True
ILAKAI,Ru,0.7,1.86,1.16,False
ILAKEM,Ru,0.63,1.64,1.01,False
ILALAI,Cu,7.52,8.52,1.0,False
ILAMOX,Ir,1.2,4.99,3.79,False
ILAYAV,Y,2.19,3.32,1.13,False
ILAZIF,Cu,3.05,5.05,2.0,False
ILEBIL,Cu,0.34,3.24,2.9,False
ILEJEO,Pt,7.83,10.38,2.55,False
ILELOC,Co,1.0,6.08,5.08,False
ILELOC01,Co,5.32,6.08,0.76,True
ILENOG,Cu,0.35,5.67,5.32,False
ILERUP,Mo,0.33,1.42,1.09,False
ILIHES,Nb,0.13,1.38,1.25,False
ILIJUJ,Mo,6.25,6.38,0.13,True
ILIWAD,Fe,5.13,5.51,0.38,True
ILOCAO,Ni,0.26,5.4,5.14,False
ILOCAP,Fe,0.28,6.2,5.92,False
ILOCOC,Ni,4.53,5.19,0.66,True
ILOCUI,Ni,4.53,5.24,0.71,True
ILODOD,Ni,0.28,6.33,6.05,False
ILOHAS,W,0.43,5.61,5.18,False
ILONAA,Nb,6.12,6.26,0.14,True
ILONAY,Cu,5.18,5.78,0.6,True
ILONUV,Fe,5.12,5.67,0.55,True
ILOZIT,Fe,0.15,0.73,0.58,True
ILUTEP,Cu,0.47,1.52,1.05,False
ILUVOB,Cu,0.52,5.78,5.26,False
ILUWAO,Cu,0.74,5.91,5.17,False
ILUZOE,Ti,9.52,11.39,1.87,False
IMACAC,Fe,5.56,6.45,0.89,True
IMACEG,Fe,4.05,5.38,1.33,False
IMACIK,Fe,0.65,0.97,0.32,True
IMACOQ,Fe,1.2,4.03,2.83,False
IMAPOC,Fe,6.64,5.82,0.82,True
IMASIY,W,0.1,1.28,1.18,False
IMAWOK,Ru,5.91,5.93,0.02,True
IMAYAY,Ru,5.65,5.93,0.28,True
IMELOC,Hf,0.52,0.52,0.0,True
IMEMAP,Co,4.89,5.17,0.28,True
IMESUP,Ir,6.19,6.38,0.19,True
IMETNI01,Ni,0.81,1.62,0.81,True
IMETNI02,Ni,0.81,5.94,5.13,False
IMITUU,Cu,3.76,6.06,2.3,False
IMIWOT,Ir,2.25,6.32,4.07,False
IMOCOD,Mo,0.54,5.85,5.31,False
IMODAQ,Mo,0.91,3.46,2.55,False
IMODIY,Mo,0.08,0.71,0.63,True
IMOWAI,W,5.74,6.16,0.42,True
IMOWEM,W,5.98,6.09,0.11,True
IMOZIU,Pt,6.8,5.04,1.76,False
IMPCNI,Ni,0.51,5.01,4.5,False
IMPCUN,Cu,5.06,6.41,1.35,False
IMUDOK,Co,1.11,5.07,3.96,False
IMUDUS,Co,0.57,5.85,5.28,False
IMUFAZ,Cu,9.56,5.66,3.9,False
IMUGEG,Cu,5.2,6.46,1.26,False
IMUGOQ,Cu,0.3,0.63,0.33,True
IMUHAD,Cu,5.03,6.27,1.24,False
IMUVIW,Fe,0.29,6.28,5.99,False
IMUZUL,Ni,0.49,0.94,0.45,True
IMZCUP,Cu,0.34,0.71,0.37,True
INABAA,Cu,4.32,6.1,1.78,False
INABEE,Cu,4.54,6.11,1.57,False
INAFOU,Co,0.92,5.86,4.94,False
INATOI,Co,0.63,5.1,4.47,False
INAXAW,Co,1.47,3.49,2.02,False
INAXAY,Co,1.18,1.27,0.09,True
INELUJ,Cu,0.58,4.61,4.03,False
INEMAQ,Zn,0.6,5.41,4.81,False
INEWII,Cu,0.59,6.42,5.83,False
INIJOE,Ru,0.41,1.87,1.46,False
INIKAT,Zn,0.72,4.95,4.23,False
INIYOU,La,3.61,3.97,0.36,True
INOJIF,Y,13.86,13.83,0.03,True
IPAGUB,Cd,0.28,0.76,0.48,True
IPAPEU,Zn,4.13,5.05,0.92,True
IPEGEQ,Cu,6.07,5.91,0.16,True
IPEHIU,Zn,0.82,0.99,0.17,True
IPILID,Hg,2.63,8.02,5.39,False
IPISAC,Y,0.56,5.21,4.65,False
IPISOQ,Sc,0.41,6.62,6.21,False
IPISOQ01,Sc,0.4,6.62,6.22,False
IPIZAK,Ru,7.7,11.86,4.16,False
IPIZIS,Ru,2.88,6.21,3.33,False
IPIZOY,Ru,3.71,5.54,1.83,False
IPOBEW,Ru,7.4,8.02,0.62,True
IPOSEO,Zn,0.79,6.44,5.65,False
IPUJOT,Cu,11.02,10.22,0.8,True
IPUKIQ,Zn,0.64,6.31,5.67,False
IPUSAO,Ta,0.18,1.46,1.28,False
IPUXAV,Mo,11.55,8.92,2.63,False
IQEDOZ,Cu,8.73,14.05,5.32,False
IQEDOZ01,Cu,7.95,16.46,8.51,False
IQEFER,Cu,12.08,10.83,1.25,False
IQEGAM,V,0.64,5.81,5.17,False
IQEHER,Cu,4.75,6.09,1.34,False
IQETED,Co,0.5,5.72,5.22,False
IQETIH,Co,0.58,1.05,0.47,True
IQEZEM,Rh,5.48,6.1,0.62,True
IQIPEF,Cu,8.71,10.19,1.48,False
IQITOT,Os,0.3,5.5,5.2,False
IQIWAG,Ti,0.18,5.59,5.41,False
IQODOI,Ru,0.33,1.96,1.63,False
IQODOI01,Ru,5.56,5.73,0.17,True
IQORAK,Co,5.2,6.29,1.09,False
IQOYIW01,Cu,10.9,16.51,5.61,False
IQOYOC,Cu,7.83,14.16,6.33,False
IQUDEE,Zn,4.33,4.88,0.55,True
IRAKOB,Ir,5.74,6.12,0.38,True
IRALOC,Ta,0.45,0.74,0.29,True
IRAPUN,Cu,8.28,11.99,3.71,False
IRAQOJ,V,4.85,5.62,0.77,True
IRARID,Ir,5.79,6.6,0.81,True
IRAWUV,Ru,6.24,6.38,0.14,True
IRAXAC,Ru,5.94,6.84,0.9,True
IRAYAD,Pt,0.22,1.14,0.92,True
IRAYIL,Ni,9.06,11.62,2.56,False
IREDUE,Ru,5.44,5.75,0.31,True
IRESEE,Pd,7.58,7.06,0.52,True
IREWAE,Cu,4.76,12.55,7.79,False
IREZUB,Cu,5.34,6.03,0.69,True
IRIKEA,Co,0.84,6.05,5.21,False
IRINIH,Zn,0.38,0.83,0.45,True
IRIQEI,Zn,6.98,11.04,4.06,False
IROKEF,Cu,4.29,6.55,2.26,False
IROQIS,Mo,0.2,5.08,4.88,False
IROXIX,Rh,5.2,6.98,1.78,False
IRUCUU,V,0.47,5.48,5.01,False
IRUWUN,Cu,1.43,1.53,0.1,True
IRUXAU,Mn,4.79,5.34,0.55,True
ISAKAP,Ag,5.0,6.54,1.54,False
ISAXEG,Cr,0.07,0.96,0.89,True
ISAXEG01,Cr,0.1,5.36,5.26,False
ISEBUE,Zn,0.56,4.14,3.58,False
ISEBUE01,Zn,0.57,1.37,0.8,True
ISEHUK,Cu,12.39,12.32,0.07,True
ISERUU,Hg,1.94,4.66,2.72,False
ISEXOT,Fe,0.57,4.8,4.23,False
ISEXUA,Fe,4.91,5.76,0.85,True
ISINEF,Co,0.41,1.44,1.03,False
ISINOO,Rh,4.68,5.46,0.78,True
ISINUU,Ir,5.48,6.53,1.05,False
ISISUB,Co,0.2,0.76,0.56,True
ISIWOW,Co,0.67,4.9,4.23,False
ISIWUC,Co,5.18,6.5,1.32,False
ISIXOX,Ru,0.33,5.61,5.28,False
ISIXUD,Ru,0.35,0.98,0.63,True
ISIYAK,Fe,0.58,0.64,0.06,True
ISOVIV,Os,0.65,6.4,5.75,False
ISOWUK,Cd,4.79,6.99,2.2,False
ISUDOP,Cu,0.85,1.02,0.17,True
ISUFAD,Ir,5.39,6.0,0.61,True
ISUGAH,Cu,0.18,3.83,3.65,False
ISUJIS,Fe,0.85,1.78,0.93,True
ISULEO,Fe,0.54,1.15,0.61,True
ISULOY01,V,5.26,5.75,0.49,True
ISUQUL,Ru,0.25,1.38,1.13,False
ISUSOF,Cu,6.46,5.95,0.51,True
ISUXOM,Ru,6.0,6.17,0.17,True
ISUYAZ,Ru,0.23,0.93,0.7,True
ISUYIH,Ru,0.36,2.07,1.71,False
ITACIP,Ru,0.21,1.28,1.07,False
ITALEX,Mn,4.65,5.61,0.96,True
ITANUP,Hf,0.34,1.19,0.85,True
ITAWAB,Co,5.1,6.43,1.33,False
ITAWIJ,Co,5.75,6.01,0.26,True
ITAWOP,Co,0.16,0.86,0.7,True
ITAYAE,V,5.57,8.08,2.51,False
ITECOZ,Cu,0.54,0.81,0.27,True
ITEHIZ,Ru,0.17,1.59,1.42,False
ITEHOF,Ru,5.88,6.15,0.27,True
ITELIE,Zn,0.12,5.36,5.24,False
ITEMEA,Ir,8.81,9.13,0.32,True
ITEXAH,Ni,7.1,13.48,6.38,False
ITIHEZ,Cu,0.26,0.96,0.7,True
ITIKIH,Re,5.34,6.38,1.04,False
ITILIJ,Cu,0.25,0.68,0.43,True
ITINUX,Zn,5.87,6.17,0.3,True
ITIRUZ,W,0.05,1.04,0.99,True
ITISAG,W,5.56,5.89,0.33,True
ITISEK,W,5.25,5.66,0.41,True
ITODEB,Cu,5.23,5.93,0.7,True
ITOJUZ,Co,5.33,5.44,0.11,True
ITOYUN,Mn,1.28,5.27,3.99,False
ITUBOP,Zn,0.31,6.07,5.76,False
ITUKAL,Ni,3.72,4.17,0.45,True
IVACIU,Ru,6.07,6.22,0.15,True
IVAKIC,Cu,4.81,5.59,0.78,True
IVANUP,Cu,0.33,5.79,5.46,False
IVAWIL,Ti,12.36,8.02,4.34,False
IVEKAX,Zn,0.49,4.78,4.29,False
IVEKEB,Zn,0.46,5.2,4.74,False
IVEKIF,Zn,0.45,5.12,4.67,False
IVIBEU,Mo,0.71,1.42,0.71,True
IVIKOQ,Co,0.67,1.62,0.95,True
IVISUC,Os,0.12,0.54,0.42,True
IVITEN,Os,0.09,0.66,0.57,True
IVOGEI,Co,0.57,5.89,5.32,False
IVOHOQ,W,0.59,5.88,5.29,False
IVOQOA,Cu,0.33,3.17,2.84,False
IVOQOA01,Cu,0.32,5.52,5.2,False
IVUCEI,Ir,6.0,6.22,0.22,True
IVUTEY,Ni,13.48,14.72,1.24,False
IVUYUU,Ru,5.17,6.26,1.09,False
IWAGOD,Ru,0.26,1.49,1.23,False
IWAHOD,Cu,11.4,10.94,0.46,True
IWAWIP,Fe,4.51,6.59,2.08,False
IWAYOV,Zn,5.44,6.66,1.22,False
IWECIX,Rh,1.66,7.05,5.39,False
IWEDOE,Ru,5.32,5.8,0.48,True
IWEFUN,V,11.68,14.69,3.01,False
IWEGAU,V,5.56,6.13,0.57,True
IWELOL,Mo,0.01,1.11,1.1,False
IWELUT,Ru,5.27,6.27,1.0,False
IWEMAA,Ru,0.64,1.45,0.81,True
IWIDEX01,Zn,4.83,5.81,0.98,True
IWIDEX02,Zn,4.83,5.81,0.98,True
IWIHAX,Zn,0.9,6.53,5.63,False
IWIJON,Ti,0.18,0.98,0.8,True
IWIJUV,V,0.02,0.97,0.95,True
IWIJUV01,V,0.02,0.95,0.93,True
IWIKEG,Mo,0.02,1.04,1.02,False
IWIRUD,Co,5.92,13.0,7.08,False
IWISAK,Co,5.18,12.97,7.79,False
IWISEM,Cu,4.91,5.68,0.77,True
IWISIQ,Cu,4.95,6.38,1.43,False
IWISOW,Ni,7.78,13.42,5.64,False
IWISOW01,Ni,7.75,7.51,0.24,True
IWIWOA,W,5.24,5.45,0.21,True
IWOPUF,Zn,0.59,6.42,5.83,False
IWOQEQ,Zn,4.29,6.4,2.11,False
IWUFEO,Mn,2.06,5.41,3.35,False
IWUFIS,Zn,0.67,1.66,0.99,True
IWUMEU,Ti,2.08,2.93,0.85,True
IWUMIY,Ti,1.41,1.82,0.41,True
IWUNEW,Cu,5.63,5.75,0.12,True
IWUVUU,Ru,5.12,6.0,0.88,True
IWUWAB,Ru,0.48,0.83,0.35,True
IWUWIJ,Ru,0.23,1.5,1.27,False
IWUWON,Cu,0.53,3.81,3.28,False
IXACUF,Zn,0.27,6.36,6.09,False
IXADIU,Cd,5.53,5.9,0.37,True
IXAFIX,Co,0.31,4.89,4.58,False
IXAFUJ,Co,0.54,5.8,5.26,False
IXAQII,Fe,0.33,1.28,0.95,True
IXARAB,Fe,0.46,1.14,0.68,True
IXAREF,Fe,0.47,5.5,5.03,False
IXEJAX,V,5.35,5.95,0.6,True
IXEJEB,V,5.06,5.69,0.63,True
IXEJIF,V,5.21,5.79,0.58,True
IXETOU,V,4.6,5.34,0.74,True
IXETUA,V,0.21,0.65,0.44,True
IXEWUE,Cu,0.44,3.85,3.41,False
IXEZIV,Co,0.41,5.37,4.96,False
IXEZOB,Fe,0.35,1.17,0.82,True
IXEZOC,Cu,0.45,1.27,0.82,True
IXIFUQ,V,4.56,5.72,1.16,False
IXIFUQ01,V,0.33,0.66,0.33,True
IXIJIJ,Co,12.37,14.76,2.39,False
IXILEJ,Cu,4.76,6.16,1.4,False
IXILOT,Cu,4.95,6.11,1.16,False
IXIMUA,Cu,0.34,5.77,5.43,False
IXIZEU,Ni,4.56,5.34,0.78,True
IXIZOE,V,0.33,1.43,1.1,False
IXUFUE,V,0.53,4.61,4.08,False
IXUGAL,V,0.36,0.96,0.6,True
IXUGEP,V,4.95,5.89,0.94,True
IXUJAM,Co,3.89,4.08,0.19,True
IXUQUP02,Fe,0.23,1.36,1.13,False
IXURAW02,Fe,9.75,18.28,8.53,False
IXUSOM,Re,5.15,5.83,0.68,True
IXUTUS02,Fe,14.69,16.89,2.2,False
IXUXUU,Cu,4.32,10.95,6.63,False
IXUYAB,Cu,4.74,4.77,0.03,True
IXUYIM,Cu,4.06,5.48,1.42,False
IYADET02,Fe,0.48,0.92,0.44,True
IYAGEV,Cu,0.25,5.85,5.6,False
IYAKEY,Rh,4.55,6.37,1.82,False
IYARIJ,Cu,5.04,6.18,1.14,False
IYEFIC,La,2.33,2.36,0.03,True
IYELII,Cu,0.59,6.2,5.61,False
IYELOO,Cu,5.12,5.87,0.75,True
IYICEB,Fe,0.28,5.21,4.93,False
IYINUA,W,5.49,6.03,0.54,True
IYIPAI,W,5.51,5.81,0.3,True
IYIPEM,W,0.04,1.11,1.07,False
IYIPIQ,W,5.39,5.84,0.45,True
IYIRUD,Ru,0.42,1.27,0.85,True
IYOGEJ,Ru,5.9,6.04,0.14,True
IYOWUO,Cu,0.72,0.91,0.19,True
IYOXEZ,Cu,4.9,6.25,1.35,False
IYUBAF,Ni,0.71,5.0,4.29,False
IYUGAK,Zn,0.26,1.13,0.87,True
IYUGEO,Zn,0.36,5.8,5.44,False
IYUSOM,Zn,0.64,1.55,0.91,True
IYUVAB,Zn,0.32,0.46,0.14,True
IZABOA,Zn,4.89,5.83,0.94,True
IZACOB,Cu,0.2,1.69,1.49,False
IZAGAR,Cu,11.41,10.24,1.17,False
IZATAH,Fe,1.57,5.05,3.48,False
IZAVEK,Zn,7.0,13.5,6.5,False
IZAVEK01,Zn,10.98,6.47,4.51,False
IZEKAC,Rh,4.94,5.89,0.95,True
IZIFUS,Ru,5.55,5.94,0.39,True
IZIXUL,Ni,4.76,5.32,0.56,True
IZIYAS,Ni,5.76,6.25,0.49,True
IZODEJ,Co,0.19,5.86,5.67,False
IZODIN,Co,0.2,5.65,5.45,False
IZOSIC,V,6.1,6.05,0.05,True
IZUDEN,Ni,0.49,1.03,0.54,True
IZUKUK,Ru,4.97,5.15,0.18,True
IZUNOI,Cu,5.52,5.97,0.45,True
IZUQEB,Hg,4.98,5.31,0.33,True
IZUQIF,Hg,1.93,5.65,3.72,False
IZUQOL,Hg,1.36,5.32,3.96,False
IZUQOM,Fe,0.16,5.2,5.04,False
IZUQUR,Hg,5.43,5.45,0.02,True
IZUVOO,Ru,5.28,6.27,0.99,True
JABDID,Zn,0.87,1.19,0.32,True
JABLIM,Fe,0.25,1.29,1.04,False
JABPEM,Zn,0.22,0.77,0.55,True
JABTOY,Zn,4.19,5.27,1.08,False
JABYIV,Cu,5.31,8.67,3.36,False
JACCUP,Fe,5.74,6.51,0.77,True
JACKIL,Zn,0.59,1.59,1.0,False
JACKON,V,5.54,5.56,0.02,True
JACKOO,Ir,4.84,6.05,1.21,False
JACTIU,Fe,1.81,4.76,2.95,False
JACTOA,Fe,0.35,5.15,4.8,False
JACTUG,Fe,0.59,1.7,1.11,False
JACVIS,Ag,5.12,8.81,3.69,False
JADBAV,Co,4.99,5.94,0.95,True
JAFCUP,Fe,0.43,6.13,5.7,False
JAFLAG,Fe,4.52,5.67,1.15,False
JAFLEK,Co,5.99,6.8,0.81,True
JAFPOV,W,7.27,8.44,1.17,False
JAFPOV10,W,7.27,8.44,1.17,False
JAFTAO,Ru,0.34,1.48,1.14,False
JAFTES,Ru,6.0,6.83,0.83,True
JAFXOH,Ni,5.39,6.08,0.69,True
JAGBEY,Cu,9.83,9.94,0.11,True
JAGFAY,Co,0.39,5.44,5.05,False
JAGLAF,Cd,6.45,7.85,1.4,False
JAGLUZ,Hg,5.5,6.96,1.46,False
JAGRUI,Cu,0.45,4.18,3.73,False
JAGSAP,Cu,2.71,4.59,1.88,False
JAGXAR,Cu,0.27,6.22,5.95,False
JAHJIM,Co,0.55,5.9,5.35,False
JAHJOS,Co,0.78,5.83,5.05,False
JAHLEM,W,7.46,7.92,0.46,True
JAHNAI,Fe,0.63,1.14,0.51,True
JAHNOY,Zn,1.15,5.54,4.39,False
JAHQOC,Co,9.12,8.82,0.3,True
JAHSOB,Co,5.8,6.0,0.2,True
JAHSUH,Co,5.22,5.76,0.54,True
JAHTAO,Fe,5.61,6.4,0.79,True
JAHTIW,Co,5.05,6.06,1.01,False
JAHTOC,Co,0.88,5.14,4.26,False
JAHZEA,V,4.28,5.8,1.52,False
JAJBOO,Zn,0.31,0.52,0.21,True
JAJRIV,Mo,5.72,5.81,0.09,True
JAJSIX,Cu,4.76,6.2,1.44,False
JAJSOD,Cu,4.94,6.11,1.17,False
JAKBAY,Fe,0.13,5.52,5.39,False
JAKGEK,Hg,1.2,6.12,4.92,False
JALBIL,Zn,3.79,6.15,2.36,False
JALSEU,Ti,0.34,1.15,0.81,True
JALSEU10,Ti,0.34,1.15,0.81,True
JAMBIM,Mn,4.73,5.46,0.73,True
JAMCUZ,Cu,6.9,6.78,0.12,True
JAMFOV,Cu,1.39,5.77,4.38,False
JAMGIQ,Cu,4.31,6.24,1.93,False
JAMHEL,Zn,4.57,5.47,0.9,True
JAMHOV,Cd,2.66,4.92,2.26,False
JAMHUB,Cd,1.48,6.33,4.85,False
JAMTUM,Fe,0.4,5.63,5.23,False
JAMWID,Ir,4.89,6.08,1.19,False
JAMWID10,Ir,4.89,6.08,1.19,False
JANPAP,Ru,5.5,5.66,0.16,True
JANYUS,Mo,0.27,1.27,1.0,False
JANZAZ,W,0.25,1.53,1.28,False
JAPLUI,Cr,5.57,6.49,0.92,True
JAQMUM,Cu,10.72,14.28,3.56,False
JAQZUA,Cu,4.36,5.92,1.56,False
JARGOZ,Ir,0.58,1.87,1.29,False
JARGUF,Ir,5.3,5.95,0.65,True
JARHAL,Ir,0.48,1.56,1.08,False
JARHAL01,Ir,0.47,1.56,1.09,False
JARLUM,Zn,1.0,3.23,2.23,False
JASBOV,Fe,1.43,7.7,6.27,False
JASGAM,Co,0.94,1.63,0.69,True
JASLEU,Co,11.58,15.51,3.93,False
JASQON,Cu,0.83,4.87,4.04,False
JASRIF,Fe,0.26,5.52,5.26,False
JASROL,Fe,0.28,5.81,5.53,False
JASYEI,Ti,5.4,6.29,0.89,True
JATJIA,Zr,0.85,5.92,5.07,False
JATMOH,Mn,5.27,5.52,0.25,True
JATREE,Cu,0.34,6.19,5.85,False
JATRIF,Cu,4.85,6.03,1.18,False
JATRUU,Ru,5.97,6.19,0.22,True
JATSAY,Cu,5.0,9.7,4.7,False
JATTUT,Re,0.21,0.44,0.23,True
JAVBIU,Mo,0.16,1.34,1.18,False
JAVBOA,Mo,0.22,1.43,1.21,False
JAVBUG,Mo,5.69,6.01,0.32,True
JAVCEP,Zn,0.37,5.82,5.45,False
JAVLOK,Ni,3.87,4.19,0.32,True
JAVZAH,Tc,5.29,6.0,0.71,True
JAWBEO,Re,4.61,5.5,0.89,True
JAWDAM,Tc,1.14,5.03,3.89,False
JAWLAV,Ru,0.92,2.5,1.58,False
JAWQAD,Zn,5.43,6.35,0.92,True
JAWRAA,Os,0.52,1.16,0.64,True
JAWRAA10,Os,0.52,1.16,0.64,True
JAWXAJ,Ru,0.32,1.93,1.61,False
JAXPAC,Co,0.64,1.11,0.47,True
JAXPUX,Cu,4.25,6.08,1.83,False
JAXQAE,Cu,0.42,6.07,5.65,False
JAYFAU,Cd,5.23,5.45,0.22,True
JAYFEY,Cd,2.62,2.98,0.36,True
JAYTAI,Cu,1.0,6.63,5.63,False
JAYTUC,Cu,8.87,8.65,0.22,True
JAZDET,Ir,5.13,5.89,0.76,True
JAZZUI,Cu,0.92,6.69,5.77,False
JEBFOM,Cu,0.24,0.64,0.4,True
JEBHUT,Mo,6.94,7.12,0.18,True
JEBLUA,Cu,4.59,5.5,0.91,True
JEBMIP,Cu,4.91,5.71,0.8,True
JEBNIN,Co,0.05,1.1,1.05,False
JEBWUL,Fe,0.36,1.0,0.64,True
JEDFAA,Cu,0.29,5.7,5.41,False
JEDIUW,W,3.39,6.43,3.04,False
JEDMUD,Co,0.6,1.64,1.04,False
JEDNAK,Zn,0.64,1.8,1.16,False
JEDREQ,Cu,4.44,6.52,2.08,False
JEDSEU,Zn,0.5,1.1,0.6,True
JEDVAQ,Cu,0.4,1.27,0.87,True
JEDWOI,W,5.71,5.98,0.27,True
JEFJEN,Fe,0.56,1.15,0.59,True
JEFVUO,Ru,4.99,6.22,1.23,False
JEFWAV,Ru,5.65,5.94,0.29,True
JEFXAW,Ru,5.43,6.12,0.69,True
JEFYEY,Cu,5.71,7.96,2.25,False
JEFYIC,Ni,8.78,8.37,0.41,True
JEGBOM01,Co,7.12,10.88,3.76,False
JEGDOO,Tc,0.26,4.24,3.98,False
JEGMAK,Fe,4.88,5.7,0.82,True
JEGROF,Mn,9.94,14.13,4.19,False
JEHCEH,Co,3.39,6.18,2.79,False
JEHCIL,Co,0.87,1.14,0.27,True
JEHKOX,Re,0.45,1.53,1.08,False
JEHNET,Rh,0.36,3.41,3.05,False
JEHSIY,Cu,4.94,6.1,1.16,False
JEHSOE,Cu,4.76,6.09,1.33,False
JEHTAS,V,4.71,5.63,0.92,True
JEJLIW,Mo,5.33,5.52,0.19,True
JEJPEW,Cu,4.44,7.21,2.77,False
JEJYEF,Cu,4.95,6.34,1.39,False
JEJZII,Cu,7.03,8.59,1.56,False
JEKCEK,Zn,4.89,5.76,0.87,True
JEKQUP,V,0.23,1.07,0.84,True
JEKRAW,V,0.26,0.92,0.66,True
JEKRIE,V,0.29,5.78,5.49,False
JEKTIG,V,0.28,1.07,0.79,True
JELFIT,Ir,1.44,6.36,4.92,False
JELGIU,Re,0.73,1.04,0.31,True
JELHAN,Re,0.76,2.21,1.45,False
JELREY,Rh,0.69,1.63,0.94,True
JELRIC,Rh,6.15,6.24,0.09,True
JELZUY,Ni,0.27,1.43,1.16,False
JEMHUE,Cu,0.34,1.0,0.66,True
JEMVAZ,Ru,0.43,2.28,1.85,False
JEMVIK,Fe,4.42,5.37,0.95,True
JEMVON,Ru,0.38,1.7,1.32,False
JENYIN,W,0.87,0.99,0.12,True
JEPNOI,Co,0.61,5.22,4.61,False
JEPNUO,Co,0.7,4.95,4.25,False
JEPQUT,Ru,5.67,5.99,0.32,True
JEPVIM,Zn,8.78,9.2,0.42,True
JEQSIL,Zn,5.29,6.38,1.09,False
JERHAT,Hg,2.06,5.68,3.62,False
JESQAA,Zn,0.5,4.63,4.13,False
JESQAA01,Zn,0.5,4.63,4.13,False
JESREF,Zn,0.27,0.7,0.43,True
JESWIN,Mn,7.04,7.11,0.07,True
JESXAH01,Co,3.61,4.3,0.69,True
JESZIT,Ir,0.52,1.35,0.83,True
JETBOZ,Cr,5.18,6.15,0.97,True
JETFUN01,Zn,0.39,6.94,6.55,False
JETGIC,Zn,6.65,10.06,3.41,False
JETRUZ,Zn,0.61,7.0,6.39,False
JETSIO,Zn,6.02,15.32,9.3,False
JETSOU,Zn,6.68,11.25,4.57,False
JETSUW,Fe,0.51,5.62,5.11,False
JETWIP,Zn,4.3,6.07,1.77,False
JEVKUR,Zn,0.57,1.19,0.62,True
JEVMIG,Cu,0.54,5.86,5.32,False
JEVMOM,Cu,0.26,5.49,5.23,False
JEVWAL,V,5.22,5.98,0.76,True
JEVYIT,Cu,0.43,0.5,0.07,True
JEWLUS,Ti,0.54,6.04,5.5,False
JEWMAZ,V,0.21,5.88,5.67,False
JEXYIX,Cu,4.13,4.46,0.33,True
JEYGEZ,Ir,5.26,5.95,0.69,True
JEYGEZ01,Ir,5.25,5.95,0.7,True
JEYRAH,Re,0.73,5.02,4.29,False
JEYREL,Re,0.75,0.9,0.15,True
JEYZES,Ni,7.86,8.77,0.91,True
JEZBAR,W,0.04,5.43,5.39,False
JEZNUB,Cd,5.17,5.36,0.19,True
JEZTIR,Tc,4.64,5.87,1.23,False
JIBGAC,Cu,0.4,0.67,0.27,True
JIBYAY,Mo,5.12,5.73,0.61,True
JIBYIG,Mo,5.02,5.89,0.87,True
JICNOY,Zn,0.39,0.77,0.38,True
JIDNAP,Ru,5.12,6.13,1.01,False
JIDSAT,Zn,0.83,4.32,3.49,False
JIDSOH,Zn,5.73,7.15,1.42,False
JIDSUN,Zn,4.14,6.36,2.22,False
JIDTAU,Zn,7.25,14.79,7.54,False
JIDTIC,Zn,4.36,6.52,2.16,False
JIDTOI,Zn,0.42,5.21,4.79,False
JIDTUO,Zn,5.39,6.9,1.51,False
JIDVOK,Zn,0.6,0.73,0.13,True
JIDVUQ,Zn,0.8,5.74,4.94,False
JIDWAX,Zn,0.61,0.78,0.17,True
JIDWOL,Zn,4.72,5.83,1.11,False
JIFLAP,V,13.25,11.03,2.22,False
JIFTUN,Cu,0.91,8.02,7.11,False
JIGDOW,Co,0.77,1.73,0.96,True
JIHMIA,Cu,11.93,15.49,3.56,False
JIJTEE,Cu,0.24,4.67,4.43,False
JIJTEE01,Cu,0.24,4.68,4.44,False
JIJTUU,Ni,8.14,8.72,0.58,True
JIKVIL,Y,0.55,5.58,5.03,False
JIKYUB,Cu,0.49,0.6,0.11,True
JILCUC,Re,0.31,1.06,0.75,True
JILQUU,Zn,4.41,6.23,1.82,False
JILRAB,Zn,0.69,6.36,5.67,False
JILREF,Zn,5.85,6.15,0.3,True
JIMBIR,Fe,0.6,6.38,5.78,False
JIMGOE,Zn,0.6,0.83,0.23,True
JIMKAV,V,0.49,0.67,0.18,True
JIMKAV01,V,4.56,5.75,1.19,False
JIMMAU,Ru,5.35,5.41,0.06,True
JINPAY,Zr,0.91,1.65,0.74,True
JIPFIY,Cr,0.06,1.07,1.01,False
JIPPEG,Ru,5.35,6.01,0.66,True
JIPPIK,Ru,0.27,1.32,1.05,False
JIPSEJ,Cu,0.74,6.22,5.48,False
JIQNAY,Re,4.85,5.68,0.83,True
JIQPEE,Cu,4.23,6.16,1.93,False
JIQPII,Cu,0.16,1.05,0.89,True
JIRHIC,Cu,0.51,0.69,0.18,True
JIRMUT,Hg,5.14,5.21,0.07,True
JIRPAC,Tc,0.28,5.79,5.51,False
JIRPEG,Tc,0.28,0.39,0.11,True
JISHAV,Mn,0.65,5.03,4.38,False
JISNEF,Zn,4.53,6.96,2.43,False
JITBUN,Cu,7.24,16.31,9.07,False
JITCAU,Cd,4.41,6.97,2.56,False
JITCIZ,Zn,5.18,5.51,0.33,True
JITDOG,Cd,0.95,3.44,2.49,False
JITLIK,Cu,0.8,6.34,5.54,False
JITRUZ,W,5.02,5.68,0.66,True
JIVGON,Cu,4.19,5.22,1.03,False
JIVJUU,Rh,7.82,10.97,3.15,False
JIVMUA,Cu,0.33,0.63,0.3,True
JIVNUB,Zn,0.16,5.19,5.03,False
JIWFUQ,Fe,0.26,5.64,5.38,False
JIWLOQ,Fe,0.3,1.08,0.78,True
JIWMIL,Fe,0.21,0.83,0.62,True
JIWTIS,Mn,5.15,5.65,0.5,True
JIWYEU,Ti,0.21,0.8,0.59,True
JIWYIY,Ti,0.23,5.65,5.42,False
JIWYOE,Ti,10.62,7.08,3.54,False
JIWZAR,Ti,0.38,6.24,5.86,False
JIXLAE,Zn,0.07,5.49,5.42,False
JIXNOT,Ru,4.87,5.24,0.37,True
JIXPUB,Mn,7.05,12.88,5.83,False
JIXSAL,Cu,5.02,6.02,1.0,False
JIYLAH,Cu,0.37,0.48,0.11,True
JIYQEO,Fe,0.85,6.48,5.63,False
JIYQUE,Fe,0.87,6.38,5.51,False
JIYRAL,Fe,0.89,6.58,5.69,False
JIYSUJ,Cu,4.76,6.08,1.32,False
JIYTAQ,Cu,0.67,5.99,5.32,False
JIZGAB,Co,0.39,5.43,5.04,False
JIZGEF,Co,0.33,5.19,4.86,False
JIZLOU,Re,0.55,1.98,1.43,False
JIZMAG,Tc,4.73,4.79,0.06,True
JIZSIW,Fe,1.01,6.77,5.76,False
JIZTIW,Fe,0.84,6.33,5.49,False
JIZXAV,Ru,0.48,1.05,0.57,True
JIZZEY,Cu,0.71,1.13,0.42,True
JOBDIN,Cu,5.33,5.94,0.61,True
JOBKAN,Y,9.46,11.01,1.55,False
JOCCUC,Cu,4.52,10.76,6.24,False
JOCDUD,Sc,0.13,1.05,0.92,True
JOCFAL,Sc,0.18,6.21,6.03,False
JOCFEP,Sc,0.16,5.1,4.94,False
JOCQEZ,Ru,0.6,0.88,0.28,True
JOCSAV,Ir,5.28,6.6,1.32,False
JOCSIE,Cu,5.63,6.07,0.44,True
JODFOX,Fe,0.05,5.56,5.51,False
JODJOE,Zn,5.25,6.62,1.37,False
JOFJOD,Fe,0.44,5.75,5.31,False
JOFJOD01,Fe,0.41,1.48,1.07,False
JOFREC,Ru,0.36,2.14,1.78,False
JOFRIG,Ru,6.15,6.32,0.17,True
JOFXIL,Cu,0.7,0.94,0.24,True
JOFXUA,Cu,10.8,9.47,1.33,False
JOFYAH,V,0.28,0.93,0.65,True
JOGJIZ,Pt,5.7,13.35,7.65,False
JOGVUZ,Ir,5.29,6.2,0.91,True
JOGWAG,Ir,5.2,6.07,0.87,True
JOGYAH,Fe,0.43,0.97,0.54,True
JOHNOJ,Cr,1.13,2.99,1.86,False
JOHPAY,Mn,0.49,3.87,3.38,False
JOHPUT,Co,0.15,0.96,0.81,True
JOHXIN,Ta,0.41,5.96,5.55,False
JOJHOH,Zn,0.56,6.08,5.52,False
JOJLUT,Cu,3.58,6.65,3.07,False
JOJQUY,Mn,0.14,0.63,0.49,True
JOJSIK,Ru,5.13,5.15,0.02,True
JOJWIO,Ti,5.57,6.07,0.5,True
JOKBOB,Mn,4.65,5.78,1.13,False
JOKFEW,Ru,5.0,6.05,1.05,False
JOLKEC,Zn,0.23,0.7,0.47,True
JOLVEN,Co,5.33,6.77,1.44,False
JOLWEM,Mn,0.02,5.41,5.39,False
JOMTEN,Cu,5.27,6.14,0.87,True
JONJAZ,Cu,0.8,5.97,5.17,False
JONTIR,Mn,5.45,6.3,0.85,True
JONTOX,Mn,5.52,5.71,0.19,True
JONXIV,Zn,4.06,5.08,1.02,False
JOPDUQ,Cu,4.43,5.54,1.11,False
JOPREO,Ru,0.62,1.03,0.41,True
JOPRIS,Ru,0.64,0.87,0.23,True
JOPROY,Ru,0.65,1.04,0.39,True
JOPTAM,Cu,3.09,4.52,1.43,False
JOPZUM,Cu,0.34,5.56,5.22,False
JOQBAU,Cu,0.44,6.6,6.16,False
JOQBEA,Cu,0.87,1.26,0.39,True
JOQQOV,V,0.39,0.69,0.3,True
JORHIL,V,1.29,6.02,4.73,False
JORHUX,V,5.9,6.02,0.12,True
JORNEN,Fe,0.57,0.67,0.1,True
JORNIR,Mn,4.41,6.14,1.73,False
JORQIU,V,1.0,1.79,0.79,True
JORRAN,V,0.89,1.04,0.15,True
JORRER,V,0.64,1.23,0.59,True
JORSOA,Cu,9.61,9.59,0.02,True
JOSFUV,Cu,4.42,6.21,1.79,False
JOTGAD,Ti,0.83,2.26,1.43,False
JOTNIS,Mn,0.35,6.0,5.65,False
JOTNOY,Co,0.22,1.03,0.81,True
JOTWEW,Cu,4.56,6.24,1.68,False
JOTXAT,Cu,0.12,5.66,5.54,False
JOTZAT,Tc,0.34,0.53,0.19,True
JOTZID,Fe,0.96,1.03,0.07,True
JOVBAB,Cu,1.95,5.73,3.78,False
JOVMEO,Nb,8.48,8.33,0.15,True
JOVRIV10,Fe,0.57,0.62,0.05,True
JOVZIF,Ti,0.66,1.24,0.58,True
JOWKAK,Fe,0.7,0.94,0.24,True
JOWPUK,Cu,12.76,14.83,2.07,False
JOXKOW,V,4.88,5.73,0.85,True
JOXKOW01,V,4.91,5.73,0.82,True
JOXNIT01,Zn,5.07,5.15,0.08,True
JOXWAW,Mn,0.03,1.25,1.22,False
JOYSAT,Ru,0.31,1.48,1.17,False
JOZFAJ,Ti,1.58,8.11,6.53,False
JOZFIR,Ti,1.46,7.95,6.49,False
JOZLAP,Ti,1.16,2.26,1.1,False
JOZQEW,Ir,8.09,9.54,1.45,False
JOZQIA,Ir,4.07,6.76,2.69,False
JOZXUU,Co,0.4,3.35,2.95,False
JOZYEG,Hf,4.28,6.52,2.24,False
JOZYUW,Hf,0.22,1.06,0.84,True
JOZZAD,Hf,0.18,5.35,5.17,False
JUBBOB,Os,13.05,12.12,0.93,True
JUBBUH,Os,13.95,15.05,1.1,False
JUBHEX,Hf,5.43,6.33,0.9,True
JUCKIE,Zn,0.91,1.46,0.55,True
JUCKOK,Zn,0.76,1.91,1.15,False
JUCPUV,Ru,6.39,6.41,0.02,True
JUCPUV01,Ru,5.42,6.21,0.79,True
JUCSIM,V,4.24,5.95,1.71,False
JUCVIQ,Zn,4.87,6.49,1.62,False
JUDDAQ,V,0.14,5.52,5.38,False
JUDMAY,Cu,1.49,6.41,4.92,False
JUDMEC,Cu,1.5,6.6,5.1,False
JUDNIJ,Zn,0.71,6.2,5.49,False
JUDNOP,Cd,2.22,4.87,2.65,False
JUFCOE,Zn,0.26,1.23,0.97,True
JUFNAZ,Cu,3.53,4.19,0.66,True
JUFSAG,Zn,4.76,5.75,0.99,True
JUFZET,Hf,0.73,1.6,0.87,True
JUGGAW,Ni,4.02,5.63,1.61,False
JUGGEZ,Zr,0.53,5.28,4.75,False
JUGRIO,Zn,4.74,5.95,1.21,False
JUGRIO01,Zn,0.42,0.63,0.21,True
JUGRUA,Zn,0.46,0.62,0.16,True
JUHQAE,Zn,5.39,7.6,2.21,False
JUHQIM,Mn,5.17,5.95,0.78,True
JUJFOJ,Mo,0.06,0.66,0.6,True
JUJFUP,Mo,0.01,1.12,1.11,False
JUJSUC,Cd,4.64,6.69,2.05,False
JUJXOB,Ru,5.44,6.26,0.82,True
JUKCOH,Ru,1.49,5.15,3.66,False
JUKKUX,Cu,5.25,6.53,1.28,False
JUKPIO,Mn,0.67,4.7,4.03,False
JUKRIQ,Ti,4.75,5.71,0.96,True
JUKXAQ,Zn,0.7,6.51,5.81,False
JUKXEU,Zn,0.7,6.49,5.79,False
JULDEZ,Zn,0.32,1.06,0.74,True
JULDEZ01,Zn,0.35,6.58,6.23,False
JULKIN,Zn,0.57,6.16,5.59,False
JULLOV,Zn,0.9,6.37,5.47,False
JULSIW,Ir,5.17,6.24,1.07,False
JUMBOK,Co,0.4,1.27,0.87,True
JUMFII,Cu,0.56,0.63,0.07,True
JUPMOA,Zn,8.34,10.05,1.71,False
JUPNIU,Co,5.28,5.53,0.25,True
JUQJEM,Ru,5.52,6.1,0.58,True
JUQRAQ,Rh,4.76,5.66,0.9,True
JUQZIG,Cu,5.34,6.62,1.28,False
JUQZOM,Zn,0.86,4.56,3.7,False
JURLUG,Cu,0.53,5.63,5.1,False
JURROD,Rh,0.28,0.84,0.56,True
JUSCOS,Cu,4.66,10.68,6.02,False
JUTJIT,Ir,5.34,5.81,0.47,True
JUTJOZ,Ir,5.67,6.0,0.33,True
JUTNET,Co,1.1,1.72,0.62,True
JUTWAY,Rh,5.83,6.01,0.18,True
JUVKIU,Cu,4.43,6.1,1.67,False
JUVNUN,W,4.71,5.49,0.78,True
JUVPAV,W,4.92,5.49,0.57,True
JUVXAB,Zn,4.97,5.82,0.85,True
JUWHES,Sc,13.25,12.82,0.43,True
JUWPEZ,Cu,0.46,4.67,4.21,False
JUXNOF,Fe,4.69,6.18,1.49,False
JUYRON,Fe,0.81,6.43,5.62,False
JUYSEE,Fe,0.59,4.74,4.15,False
JUYVII,Re,1.0,5.86,4.86,False
JUZPAZ,Zn,4.03,8.41,4.38,False
JUZQIH,Ni,1.06,1.14,0.08,True
JUZQON,Ni,5.09,6.24,1.15,False
JUZRAA,Re,5.81,5.48,0.33,True
JUZXOT,Ru,0.25,1.58,1.33,False
JUZZUZ,Cu,0.31,0.38,0.07,True
KABNOQ,Cu,4.56,6.16,1.6,False
KABREN,Fe,0.43,1.12,0.69,True
KABXUK,Cu,4.69,4.8,0.11,True
KACGAB,Co,5.7,11.03,5.33,False
KACJAC,Ru,5.35,5.8,0.45,True
KADPEN,Fe,0.47,0.88,0.41,True
KADVUL,Cu,0.28,0.63,0.35,True
KADYEW,Nb,4.64,5.42,0.78,True
KADYOG,Nb,0.57,5.39,4.82,False
KADZUL,Cu,3.6,3.86,0.26,True
KAFBUS,Ag,5.66,9.72,4.06,False
KAFGIK,Mo,4.41,15.14,10.73,False
KAFLUA,Fe,0.55,6.26,5.71,False
KAFRAM,Cu,0.3,6.25,5.95,False
KAFTIV,Fe,4.7,6.28,1.58,False
KAFTOB,Zn,4.67,5.9,1.23,False
KAFTUH,Zn,4.69,5.72,1.03,False
KAFVAO,Cd,0.55,4.33,3.78,False
KAFWIY,Zn,0.9,6.49,5.59,False
KAFWUK,Cu,0.69,1.51,0.82,True
KAGCIH,Fe,0.3,1.4,1.1,False
KAGNOX,Ta,4.67,5.76,1.09,False
KAGRES,Fe,0.22,5.92,5.7,False
KAGRET,Zn,0.77,1.8,1.03,False
KAHBOO,Zn,0.66,2.11,1.45,False
KAHCEG,Ru,0.75,5.28,4.53,False
KAHCIH,Zn,4.85,5.86,1.01,False
KAHGAD,Cu,5.48,5.6,0.12,True
KAHLUD,Cu,0.33,0.54,0.21,True
KAHMAK,Cu,0.33,0.46,0.13,True
KAHMIS,Cu,0.29,0.45,0.16,True
KAHMOY,Cu,0.36,1.06,0.7,True
KAHPIV,Cu,8.11,17.03,8.92,False
KAHQES,Ir,5.52,6.17,0.65,True
KAHQOC,Ir,0.3,1.36,1.06,False
KAHXIB,Ni,0.76,5.39,4.63,False
KAJKOA,Cu,0.48,5.63,5.15,False
KAJLIV,Zn,4.74,6.15,1.41,False
KAJLUF,Cu,0.87,4.52,3.65,False
KAJMES,Cu,0.42,0.67,0.25,True
KAJNOZ,Mo,4.67,5.85,1.18,False
KAJPAN,W,0.53,0.94,0.41,True
KAJPIV,W,0.52,1.05,0.53,True
KAJTOE,Fe,0.02,3.91,3.89,False
KAJYAW,Ir,5.18,6.08,0.9,True
KAJYEA,Ir,4.76,5.42,0.66,True
KAKBIJ,Cu,5.01,6.27,1.26,False
KAKDIK,Ir,5.5,6.48,0.98,True
KAKFUZ,Ni,0.29,0.38,0.09,True
KAKGAG,Ni,5.0,5.72,0.72,True
KAKGUC,Ir,4.85,7.77,2.92,False
KAKHEN,Ir,4.9,5.54,0.64,True
KAKHIR,Ir,4.84,5.45,0.61,True
KAKSUM,Ru,4.39,6.15,1.76,False
KAKWOL,Cu,5.16,6.73,1.57,False
KAKZOM,Mn,5.05,6.26,1.21,False
KALCUX,Fe,0.65,6.3,5.65,False
KALDAE,Fe,0.61,1.22,0.61,True
KALDEI,Co,0.57,1.27,0.7,True
KALDIM,Co,0.58,5.74,5.16,False
KALDOS,Co,0.58,1.53,0.95,True
KALJIU,Zn,4.55,6.07,1.52,False
KALLEP,Zn,5.34,6.57,1.23,False
KALTUN,Mo,0.19,3.53,3.34,False
KALVAV,Mo,0.12,1.18,1.06,False
KALZOO,Cu,1.07,4.3,3.23,False
KAMFUA,Ni,1.09,5.04,3.95,False
KAMTOJ,Zn,0.62,4.92,4.3,False
KAMWAX,Ru,4.05,5.21,1.16,False
KANKAN,Fe,0.79,5.9,5.11,False
KANSIB,Zn,0.47,1.87,1.4,False
KANYUT,Fe,0.67,4.68,4.01,False
KAPBIQ,Ni,14.74,12.03,2.71,False
KAPJAM,Fe,5.32,5.49,0.17,True
KAPJAP,Mn,5.51,6.54,1.03,False
KAPPAU,Cu,5.46,6.48,1.02,False
KAPQAU,Re,0.48,1.83,1.35,False
KAPQEY,Mn,5.36,5.63,0.27,True
KAPQIC,Re,0.56,1.81,1.25,False
KAPYEI,Ru,0.3,1.94,1.64,False
KAQHER,Cu,8.64,12.17,3.53,False
KAQTUU,Cu,1.18,4.31,3.13,False
KAQVAC,Cu,5.17,6.82,1.65,False
KAQVEG,Cu,4.8,6.58,1.78,False
KAQVIK,Cu,4.73,5.85,1.12,False
KAQXIJ,Zn,2.49,5.24,2.75,False
KARDUC,V,0.62,2.26,1.64,False
KARFUF,Fe,8.83,11.33,2.5,False
KARGAM,Fe,10.54,9.98,0.56,True
KARKOE,Re,6.16,6.49,0.33,True
KARKUK,Re,0.19,0.73,0.54,True
KARLAR,Re,0.31,1.08,0.77,True
KARPAW,Ti,0.26,4.95,4.69,False
KARPEB,Mn,1.02,1.87,0.85,True
KARPEZ,Re,0.36,0.49,0.13,True
KARPID,Re,4.94,5.59,0.65,True
KARPOJ,Re,5.14,5.64,0.5,True
KARPUP,Re,5.41,5.94,0.53,True
KARQAW,Re,0.36,5.75,5.39,False
KARVII,Nb,0.03,5.55,5.52,False
KARXIN,Co,0.33,1.08,0.75,True
KASFUI,Fe,0.3,5.2,4.9,False
KASKUM,W,5.94,6.09,0.15,True
KASLEX,W,0.53,1.56,1.03,False
KATHUM,Zn,0.46,0.92,0.46,True
KATSIL,Ru,5.67,5.93,0.26,True
KATSOR,Ru,5.96,5.99,0.03,True
KATTAA,Re,5.2,5.83,0.63,True
KAVFAS,Ru,0.36,1.03,0.67,True
KAVFIA,Ru,5.67,6.12,0.45,True
KAVFOG,Ru,5.55,6.02,0.47,True
KAVFUM,Ru,0.42,1.22,0.8,True
KAVKIE01,Cu,4.48,5.96,1.48,False
KAVPIK,Ru,5.42,6.16,0.74,True
KAVPOQ,Ru,1.12,6.11,4.99,False
KAVPUW,Ru,4.9,6.21,1.31,False
KAVQAD,Ru,0.32,0.91,0.59,True
KAVQEE,W,5.59,5.94,0.35,True
KAVQII,Mo,5.47,5.89,0.42,True
KAVQOO,W,5.55,5.81,0.26,True
KAVSIJ,Co,5.28,6.26,0.98,True
KAVSIJ01,Co,5.31,6.24,0.93,True
KAVSIJ02,Co,4.55,5.13,0.58,True
KAVVEJ,Ni,0.72,0.97,0.25,True
KAWBUJ,Sc,0.72,5.81,5.09,False
KAWCIU,Mn,4.98,5.64,0.66,True
KAWTUY,Zn,0.34,0.71,0.37,True
KAXDES,W,5.84,8.0,2.16,False
KAXDES10,W,5.84,8.0,2.16,False
KAXVOX,Zn,0.26,0.63,0.37,True
KAXWAK,Zn,4.79,5.82,1.03,False
KAXXAJ,Fe,4.53,6.06,1.53,False
KAYQAC,Ni,7.32,16.83,9.51,False
KAYVUD,Cu,9.57,5.71,3.86,False
KAZFEA,Fe,0.37,0.84,0.47,True
KAZHOM,Mn,4.96,11.9,6.94,False
KAZMII,Ti,0.32,2.1,1.78,False
KAZNII,Re,0.99,5.7,4.71,False
KAZNIL,Co,0.6,5.56,4.96,False
KAZWUG,Fe,5.49,6.25,0.76,True
KEBDAX,Cu,7.51,5.38,2.13,False
KEBGOO,Re,4.81,5.41,0.6,True
KEBGUU,Re,5.31,6.15,0.84,True
KEBNIP,Zn,5.38,6.66,1.28,False
KEBREP,Cu,4.73,6.18,1.45,False
KEBZEV,Ti,7.38,10.44,3.06,False
KECFII,Ni,3.24,5.42,2.18,False
KECFOO,Ni,5.37,5.42,0.05,True
KECQES,Co,4.69,5.73,1.04,False
KECQIW,Cu,0.64,0.72,0.08,True
KECZIB,Cu,0.59,0.62,0.03,True
KEDGAC,Rh,6.94,10.23,3.29,False
KEDGEG,Rh,8.53,10.15,1.62,False
KEDGOQ,Ru,0.33,1.99,1.66,False
KEDGUW,Ru,5.83,5.94,0.11,True
KEDMOW,Ni,4.33,6.21,1.88,False
KEDMUC,Ni,2.99,5.24,2.25,False
KEDNEN,Cu,7.53,6.26,1.27,False
KEDQUJ,Y,0.61,5.4,4.79,False
KEDYEZ,Cu,7.75,4.4,3.35,False
KEFPOD,Co,13.27,7.67,5.6,False
KEFPUJ,Co,11.27,13.61,2.34,False
KEGBIJ,Ti,0.63,4.78,4.15,False
KEGCEE,Ru,0.22,0.77,0.55,True
KEGKEN,Zn,0.42,0.55,0.13,True
KEGSUK,Re,0.56,5.89,5.33,False
KEGTIZ,W,1.12,6.09,4.97,False
KEHCAC,Hg,0.79,5.22,4.43,False
KEHJAK,Co,5.74,6.06,0.32,True
KEHQOE,Fe,0.74,4.47,3.73,False
KEHQUK,Zn,0.74,6.39,5.65,False
KEHTAU,Cd,5.5,7.19,1.69,False
KEHVAW,Zn,4.8,5.87,1.07,False
KEJFAG,V,0.29,1.51,1.22,False
KEJKOB,Cu,4.56,9.1,4.54,False
KEJKUH,Cu,5.22,6.57,1.35,False
KEJMAN,Cu,8.05,8.11,0.06,True
KEJNOE,Ru,5.82,5.87,0.05,True
KEJTAV,Mn,0.5,0.7,0.2,True
KEJTOJ,V,0.52,0.59,0.07,True
KEJXON,Ti,5.37,5.98,0.61,True
KEKHEP,Zn,5.59,6.75,1.16,False
KEKQEX,Os,5.06,6.25,1.19,False
KELQUN,Ti,0.19,5.67,5.48,False
KELQUO,Rh,4.94,5.95,1.01,False
KELVON,Cu,0.55,0.55,0.0,True
KELXAA,Zn,5.71,6.59,0.88,True
KELZEG,Re,1.0,1.43,0.43,True
KEMJOD,W,0.18,1.21,1.03,False
KEMJUJ,W,5.92,6.23,0.31,True
KEMKAQ,Co,0.38,5.37,4.99,False
KEMKET,Zn,0.14,5.42,5.28,False
KEMSEA,Mn,0.41,0.53,0.12,True
KEMSEA10,Mn,0.41,0.53,0.12,True
KEMWAC,Cu,0.65,3.03,2.38,False
KENNAT,Y,5.08,6.89,1.81,False
KENTUU,Ru,5.83,5.98,0.15,True
KENWOS,Co,1.06,6.22,5.16,False
KENWUY,Co,1.32,2.01,0.69,True
KENYAF,Cu,4.66,6.17,1.51,False
KENYEJ,Cu,4.64,6.1,1.46,False
KEPHAR,Ru,6.2,6.48,0.28,True
KEPPAZ,Ru,6.39,7.64,1.25,False
KEPPEE,Zn,1.0,6.75,5.75,False
KEPPIH,Ru,4.57,10.96,6.39,False
KEPPII,Zn,1.03,1.2,0.17,True
KEPPOO,Zn,4.61,6.97,2.36,False
KEQDAM,Cu,4.78,6.25,1.47,False
KEQSAA,Os,0.77,2.16,1.39,False
KEQXAF,Cu,8.54,6.16,2.38,False
KERDUI,V,0.74,6.13,5.39,False
KERLEA,Cu,8.59,15.5,6.91,False
KERPEC,Cu,5.47,6.08,0.61,True
KERVEJ,Cu,5.16,14.78,9.62,False
KESCIY,Co,8.43,14.4,5.97,False
KESJOJ,V,4.73,5.64,0.91,True
KESLEB,Mn,4.93,6.7,1.77,False
KESLEB01,Mn,4.57,6.1,1.53,False
KESLIF,Fe,0.74,1.11,0.37,True
KESMAY,Co,0.22,1.35,1.13,False
KESVOU,Fe,0.38,6.5,6.12,False
KESVUZ,Cu,3.22,5.9,2.68,False
KETFUM,Cu,0.19,0.65,0.46,True
KETFUN,Ni,5.45,6.03,0.58,True
KETKEZ,Os,0.47,1.08,0.61,True
KETKID,Os,0.57,6.34,5.77,False
KETTIN,Zn,3.98,7.96,3.98,False
KETVAI,Ru,5.04,6.14,1.1,False
KEWPOT,Ir,5.12,5.55,0.43,True
KEWVAK,V,5.28,5.8,0.52,True
KEWVEO,V,4.99,5.91,0.92,True
KEWVIS,V,4.74,5.61,0.87,True
KEWVOY,V,3.6,10.72,7.12,False
KEWVUE,Cu,11.46,15.43,3.97,False
KEXQAH,Cu,0.29,5.53,5.24,False
KEXQOW,V,5.22,5.95,0.73,True
KEXSEM,Cu,0.48,1.49,1.01,False
KEYCAU,Cu,4.43,11.06,6.63,False
KEYDEA,Cu,10.67,6.02,4.65,False
KEYLEI,Cu,5.14,6.15,1.01,False
KEYVES,Zn,10.12,10.1,0.02,True
KEYVIW,Co,5.3,6.12,0.82,True
KEYVOC,Fe,5.19,6.4,1.21,False
KEYVUF,Ti,3.23,4.85,1.62,False
KEYVUF10,Ti,3.23,4.85,1.62,False
KEYVUI,Mn,0.55,6.51,5.96,False
KEZREN,Ni,11.12,18.33,7.21,False
KEZRIR,Ni,10.59,14.09,3.5,False
KEZRIS,Co,0.71,4.68,3.97,False
KEZRUE,Co,0.8,6.66,5.86,False
KEZSAK,Ni,0.25,0.58,0.33,True
KEZSAL,Co,0.65,4.73,4.08,False
KEZSEP,Co,0.73,6.08,5.35,False
KEZYIA,Rh,3.97,8.91,4.94,False
KICDEI,W,0.11,1.3,1.19,False
KICDIM,W,0.2,1.46,1.26,False
KICDOS,W,5.66,5.81,0.15,True
KICLEQ,Zn,0.88,6.41,5.53,False
KICNUG,Ru,6.29,6.42,0.13,True
KICPAO,Ru,0.57,1.57,1.0,False
KICQIY,Cu,1.39,5.27,3.88,False
KIDPUL,Zn,0.6,6.56,5.96,False
KIDWEB,Ru,0.5,0.86,0.36,True
KIDWIF,Ru,5.05,6.11,1.06,False
KIFBAC,Pd,5.29,7.43,2.14,False
KIFNEV,Zn,0.78,5.86,5.08,False
KIFVIE,Re,5.29,5.5,0.21,True
KIFVUQ,Re,4.91,5.73,0.82,True
KIFZAD,Co,5.11,6.71,1.6,False
KIGJAP,Zn,4.89,5.78,0.89,True
KIGKAO,Ru,0.32,1.15,0.83,True
KIGNEU,Cu,0.33,0.5,0.17,True
KIGRUQ,Y,4.31,5.06,0.75,True
KIGTUP,W,5.65,5.99,0.34,True
KIGWOM01,Ni,0.9,4.24,3.34,False
KIHDIO,Co,0.19,0.89,0.7,True
KIHDOU,Co,5.39,6.26,0.87,True
KIHKAP,Ru,5.56,6.2,0.64,True
KIHMET,Ta,0.29,0.76,0.47,True
KIHQEZ,Os,0.48,1.01,0.53,True
KIHTOM,Co,4.83,6.04,1.21,False
KIHTUS,Co,0.92,6.09,5.17,False
KIHXIL,Mo,0.31,0.87,0.56,True
KIJFIT,Ru,0.32,1.07,0.75,True
KIJFOZ,Ru,5.93,6.03,0.1,True
KIJFUF,Ru,5.97,6.01,0.04,True
KIJGAM,Ru,0.35,1.97,1.62,False
KIJGEQ,Ru,5.66,5.7,0.04,True
KIJRIE,Cu,0.14,5.23,5.09,False
KIJXAF,Co,0.33,6.15,5.82,False
KIJXIN,Co,5.04,6.15,1.11,False
KIKBOW,Cu,4.48,6.05,1.57,False
KIKNUQ,Fe,0.81,1.45,0.64,True
KIKREE,V,0.27,0.79,0.52,True
KIKRII,V,5.35,5.57,0.22,True
KIKVOT,Cu,4.85,5.53,0.68,True
KILFAP,Cu,0.88,1.18,0.3,True
KILFET,Cu,1.18,4.94,3.76,False
KILWAF,Ru,6.1,6.39,0.29,True
KILWEJ,Ru,4.82,5.83,1.01,False
KILWOT,Ru,4.47,5.22,0.75,True
KILXEK,Ru,5.21,7.08,1.87,False
KIMPAX,Zn,0.91,6.6,5.69,False
KIMREF,Au,4.95,6.36,1.41,False
KIMXUC,Co,0.82,1.56,0.74,True
KIMYAJ,Co,0.4,5.72,5.32,False
KIMZAK,Co,0.75,1.61,0.86,True
KINDEU,Fe,4.95,5.76,0.81,True
KINFEV,Cu,0.51,1.33,0.82,True
KINGAT,Fe,3.44,6.61,3.17,False
KINGIB,Fe,1.13,5.32,4.19,False
KINVUY,Re,1.06,5.88,4.82,False
KIPBAQ,Ir,1.09,2.34,1.25,False
KIPLIE,Zr,3.13,4.57,1.44,False
KIQFUN,Cu,7.34,13.5,6.16,False
KIQFUO,Mo,0.32,1.34,1.02,False
KIQREL,Co,0.64,5.07,4.43,False
KIRJEE,Cu,0.89,5.3,4.41,False
KIRMAC,Fe,0.39,0.44,0.05,True
KIRROW,Cd,1.08,1.35,0.27,True
KISBIX,Fe,2.59,2.65,0.06,True
KISBOD,Fe,3.19,5.32,2.13,False
KISCEU,Fe,2.22,5.58,3.36,False
KISGID,W,11.43,11.9,0.47,True
KISLOP,Cu,7.02,4.32,2.7,False
KISMAC,Cu,4.42,5.96,1.54,False
KISMEG,Cu,8.92,15.34,6.42,False
KISMUW,Ag,4.74,8.81,4.07,False
KISNUX,Co,0.43,5.35,4.92,False
KISPIN,Fe,4.55,6.59,2.04,False
KISQOW,Fe,0.43,0.62,0.19,True
KISXOZ,Re,0.5,5.76,5.26,False
KITFIF,Fe,0.77,5.02,4.25,False
KITKIH,Cu,0.55,1.45,0.9,True
KITLAC,V,7.39,13.51,6.12,False
KITLAC01,V,7.38,15.62,8.24,False
KITNOQ,Cu,7.12,7.13,0.01,True
KITXAM,V,4.82,5.39,0.57,True
KITXUG,Os,0.16,0.97,0.81,True
KITZOD,Zn,0.51,6.1,5.59,False
KIVFUQ,Ti,11.18,13.22,2.04,False
KIVMUA,Co,0.59,1.52,0.93,True
KIWGAA,Ti,0.31,6.09,5.78,False
KIWKOQ,Ru,5.35,6.02,0.67,True
KIWLOR,V,5.27,5.9,0.63,True
KIWQUE,Cr,4.53,6.34,1.81,False
KIWRAL,Cr,0.61,6.23,5.62,False
KIWROZ,Cr,5.91,6.27,0.36,True
KIWYOG,Ir,5.04,5.96,0.92,True
KIWZIB,Cr,5.61,6.38,0.77,True
KIXJIO,V,4.8,6.05,1.25,False
KIXMAH,W,5.51,5.83,0.32,True
KIXMIP,W,0.07,0.83,0.76,True
KIXXAU,Cd,5.45,6.6,1.15,False
KIYBED,Zn,4.82,5.48,0.66,True
KIYZIB,Ru,1.18,6.8,5.62,False
KIZJUB,Zn,5.05,5.71,0.66,True
KIZSAO,Ru,5.34,5.72,0.38,True
KIZSOC,Ru,0.02,1.02,1.0,False
KIZSUI,Ru,0.01,0.94,0.93,True
KIZZOJ,Co,1.32,5.27,3.95,False
KOBBAF,Ni,5.06,5.38,0.32,True
KOBBEJ,Ni,1.17,1.25,0.08,True
KOCBUC,Sc,0.16,0.83,0.67,True
KOCCEN,Y,0.29,0.99,0.7,True
KOCCIR,Y,0.33,1.1,0.77,True
KOCCUA,V,0.37,1.14,0.77,True
KOCDAH,Tc,0.16,1.77,1.61,False
KOCNUM,Ni,0.15,3.34,3.19,False
KOCROJ,Mn,0.07,0.83,0.76,True
KOCSEC,Ir,5.66,6.59,0.93,True
KOCSOM,Ir,0.51,2.31,1.8,False
KOCSUQ,Cu,8.64,7.83,0.81,True
KOCZAE,Fe,0.27,1.2,0.93,True
KOCZEI,Fe,0.29,4.94,4.65,False
KOCZIM,Fe,5.0,5.75,0.75,True
KODBEL,Fe,0.62,5.88,5.26,False
KODBUC,Ni,4.38,5.35,0.97,True
KODHIU,Mo,5.84,6.61,0.77,True
KODJIY,Zn,0.73,1.98,1.25,False
KODJOE,Fe,4.67,6.45,1.78,False
KODPOK,Cu,0.73,4.49,3.76,False
KODQAX,Cu,4.35,5.18,0.83,True
KODQOL,Cu,5.15,6.04,0.89,True
KODTAY,Pt,0.42,1.69,1.27,False
KOFLAV,Ru,4.31,6.62,2.31,False
KOFPEE,Cu,5.31,12.7,7.39,False
KOGFAO,Cu,5.06,5.94,0.88,True
KOGKUP,W,5.51,5.75,0.24,True
KOGLAW,W,5.43,6.0,0.57,True
KOGNOL,Cu,5.23,12.52,7.29,False
KOGRAD,Os,6.25,6.5,0.25,True
KOHMEA,Ni,5.13,6.07,0.94,True
KOHNAX,V,4.81,5.67,0.86,True
KOHNIF,V,0.24,0.71,0.47,True
KOHVAG,Ni,4.48,5.83,1.35,False
KOHWOT,Cu,7.04,17.03,9.99,False
KOHZIT,Cd,5.87,7.11,1.24,False
KOJBUG,Co,4.72,5.69,0.97,True
KOJRUW,Cu,4.36,6.53,2.17,False
KOJSOT,Cr,5.65,5.86,0.21,True
KOKVEM,Cu,0.4,0.64,0.24,True
KOLGUP,Fe,5.33,6.08,0.75,True
KOLQIP,Zn,0.75,1.02,0.27,True
KOLYOD,Fe,12.86,13.84,0.98,True
KOMBAT,Fe,0.13,1.44,1.31,False
KOMFEZ,Cu,0.81,1.09,0.28,True
KOMKAA,Cu,8.01,17.19,9.18,False
KOMKAY,Zn,0.68,0.94,0.26,True
KOMMOO,Ti,0.32,1.13,0.81,True
KOMMOO01,Ti,0.35,1.14,0.79,True
KOMRUB,Cu,10.04,11.5,1.46,False
KOMVUG,Cd,4.74,6.6,1.86,False
KONBIA,V,0.59,5.83,5.24,False
KOPTOY,Fe,0.78,1.76,0.98,True
KOQCIC,Mn,5.82,6.33,0.51,True
KOQCOI,V,5.32,6.13,0.81,True
KOQCUO,V,4.77,5.47,0.7,True
KOQDAV,V,0.21,0.62,0.41,True
KOQFAB,Ta,4.66,5.99,1.33,False
KOQFEB,Cu,4.06,12.0,7.94,False
KOQFEF,Y,0.34,5.72,5.38,False
KOQFIF,Cu,0.75,5.26,4.51,False
KOQFOP,Ta,4.67,5.86,1.19,False
KOQFUR,V,0.14,0.67,0.53,True
KOQFUV,Y,0.7,4.36,3.66,False
KOQGAC,Nb,4.64,5.84,1.2,False
KOQSIU,Cu,0.32,0.67,0.35,True
KOQZOI,W,5.95,6.18,0.23,True
KORBIF,Zr,0.47,5.54,5.07,False
KORBOL,Hf,7.37,7.04,0.33,True
KORCUR,Cu,1.09,6.4,5.31,False
KORCUR01,Cu,5.13,6.52,1.39,False
KORDIH,Zn,5.41,7.31,1.9,False
KORWEW,Y,1.22,7.14,5.92,False
KOSRAN,Cu,0.49,5.63,5.14,False
KOSVIB,V,0.22,1.27,1.05,False
KOSWAT,Cu,0.61,0.64,0.03,True
KOSWEX,Cu,0.48,0.63,0.15,True
KOTFAA,Au,4.81,5.51,0.7,True
KOTKAJ,Zn,0.86,5.06,4.2,False
KOTKEN,Mn,1.11,1.83,0.72,True
KOTVIY,Ti,6.32,6.76,0.44,True
KOWKOA,Ru,9.87,18.67,8.8,False
KOWQEU,Ru,0.48,1.4,0.92,True
KOWQIA,V,5.27,5.68,0.41,True
KOWQIY,Ru,0.47,1.28,0.81,True
KOWQUM,V,0.01,0.93,0.92,True
KOWSOH,Ru,5.45,5.96,0.51,True
KOWSUN,Ru,5.25,6.48,1.23,False
KOWTAU,Ru,1.79,2.62,0.83,True
KOWXUT,Pt,0.65,5.04,4.39,False
KOWYIH,Ru,0.59,1.74,1.15,False
KOWYII,Co,0.88,1.87,0.99,True
KOWYON,Ru,5.65,6.43,0.78,True
KOWYOO,Mn,0.7,4.7,4.0,False
KOWYUT,Ru,0.59,1.73,1.14,False
KOWZAA,Ru,5.91,6.29,0.38,True
KOWZIJ,Mn,4.64,6.05,1.41,False
KOXCOT,Co,5.23,6.18,0.95,True
KOXMOZ,Re,1.22,5.88,4.66,False
KOYBEH,Mo,0.34,0.76,0.42,True
KOYDEK,Cu,4.92,5.53,0.61,True
KOYNUJ,Cu,7.33,9.78,2.45,False
KOYTEX,Cu,0.29,4.72,4.43,False
KOZKAP,La,2.44,6.67,4.23,False
KOZKIX,La,2.15,7.9,5.75,False
KOZMOF,La,3.52,5.38,1.86,False
KOZNAS,La,2.04,5.47,3.43,False
KOZYIJ,Zn,0.74,0.9,0.16,True
KOZYOP,Zn,0.84,0.85,0.01,True
KUBHIZ,Ni,4.78,5.28,0.5,True
KUBQOP,Zn,6.86,9.76,2.9,False
KUBREF,Cu,7.18,5.55,1.63,False
KUCDIZ,Zn,8.52,7.07,1.45,False
KUCTEL,Cu,5.19,6.6,1.41,False
KUCXEP,Cr,0.42,1.04,0.62,True
KUCXOZ,Cr,0.39,0.97,0.58,True
KUCXUF,Cr,0.42,1.03,0.61,True
KUCZEN,Cu,1.06,1.74,0.68,True
KUDGEY,W,0.04,0.91,0.87,True
KUDVUD,V,0.26,1.1,0.84,True
KUDWAK,Zn,4.53,5.92,1.39,False
KUDXAL,Ru,1.06,5.95,4.89,False
KUFPOT,Co,5.04,5.14,0.1,True
KUGKAB,Ru,5.69,5.69,0.0,True
KUGKEF,Ru,0.29,1.31,1.02,False
KUGWUG,Cu,0.53,0.63,0.1,True
KUGXAN,Cu,10.73,6.21,4.52,False
KUGXER,Cu,0.48,6.04,5.56,False
KUGXOB,Cu,0.27,1.55,1.28,False
KUGYOC,Cu,5.44,11.82,6.38,False
KUHBOF,Y,2.8,6.09,3.29,False
KUHDIC,Cu,0.46,5.78,5.32,False
KUHZUI,Fe,0.83,1.62,0.79,True
KUJREM,Zn,0.82,6.58,5.76,False
KUJWAO,Zn,0.7,6.39,5.69,False
KUJXOF,Cu,5.15,6.63,1.48,False
KUKMEJ,Ir,5.06,5.81,0.75,True
KUKMIN,Ir,5.27,6.02,0.75,True
KUKNAG,Ir,5.09,5.97,0.88,True
KUKNIP,Cu,4.47,6.4,1.93,False
KUKNOX,Cu,5.34,6.56,1.22,False
KUKRAL,Cu,5.29,6.1,0.81,True
KUKXAS,Zn,0.19,0.71,0.52,True
KUKYIA,V,4.97,5.69,0.72,True
KULMEJ,Ni,1.01,3.06,2.05,False
KULPUF,Fe,5.29,5.85,0.56,True
KULQAM,Fe,0.83,5.19,4.36,False
KULVIW,Fe,0.77,5.41,4.64,False
KULXAR,Co,0.93,1.41,0.48,True
KULXEV,Co,0.71,6.56,5.85,False
KULXIZ,Co,5.2,6.62,1.42,False
KUMPAJ,Ir,6.03,6.06,0.03,True
KUMZEY,Cu,0.31,1.05,0.74,True
KUNGAE,Hg,4.96,5.61,0.65,True
KUNLUD,Cu,6.21,9.63,3.42,False
KUNMAK,Cu,5.13,9.42,4.29,False
KUNYUO,V,0.04,0.75,0.71,True
KUPDEF,Cu,4.02,5.49,1.47,False
KUPFUY,Hf,1.37,1.45,0.08,True
KUPGAF,Hf,1.01,3.44,2.43,False
KUPGAF01,Hf,1.01,3.29,2.28,False
KUPGAG,Cu,4.49,6.11,1.62,False
KUPGEJ,Hf,4.56,6.48,1.92,False
KUPGEJ01,Hf,4.56,6.48,1.92,False
KUPNUF01,Cu,4.67,5.65,0.98,True
KUPXUP,Cu,0.57,0.67,0.1,True
KUQCIK,Hf,0.36,6.47,6.11,False
KUQCOQ,Hf,0.46,1.25,0.79,True
KUQCUW,Hf,0.85,5.12,4.27,False
KUQJUE,Mn,0.23,0.64,0.41,True
KUQKIS,Ni,5.5,7.22,1.72,False
KURXIG,Mn,0.53,6.33,5.8,False
KURZED,Cu,0.63,0.98,0.35,True
KUSBUW,Cu,8.1,14.23,6.13,False
KUSCAD,V,0.15,0.88,0.73,True
KUSGEL,Os,0.12,1.03,0.91,True
KUTFEN,Cu,8.08,10.88,2.8,False
KUTFUD,Cu,4.37,5.44,1.07,False
KUTRUM,Cu,4.92,5.46,0.54,True
KUTYON,Tc,5.44,5.73,0.29,True
KUVLIZ,Mo,5.39,6.39,1.0,False
KUVLUL,Mo,5.66,6.06,0.4,True
KUVMAS,Mo,4.84,5.62,0.78,True
KUVMEW,Mo,5.28,5.57,0.29,True
KUVMUM,Cd,1.13,3.54,2.41,False
KUVNAT,Cd,1.06,2.07,1.01,False
KUVNEX,Cd,4.47,6.98,2.51,False
KUVNIB,Cd,4.46,6.63,2.17,False
KUVNUN,Cd,2.02,4.36,2.34,False
KUVPAV,Cd,2.0,4.64,2.64,False
KUVPOG,Cu,4.88,6.01,1.13,False
KUVRAX,Ru,5.62,6.96,1.34,False
KUVREB,Ru,5.74,6.92,1.18,False
KUVWII,Ti,0.22,5.16,4.94,False
KUVWOO,Ti,0.3,0.89,0.59,True
KUWCIP,Cu,7.65,15.89,8.24,False
KUWFEN,Cu,0.61,0.91,0.3,True
KUWFEN10,Cu,0.61,0.91,0.3,True
KUWVON,Zn,0.19,5.44,5.25,False
KUWWAB01,Fe,5.03,5.71,0.68,True
KUWYUZ,V,0.14,5.62,5.48,False
KUWZEK,V,0.06,1.1,1.04,False
KUXVUY,Ti,1.55,1.99,0.44,True
KUXWEJ,Ti,1.15,5.28,4.13,False
KUXWUX,Ru,10.01,12.35,2.34,False
KUYGER,Zn,4.25,5.79,1.54,False
KUYJUK,Cu,0.75,1.92,1.17,False
KUYKAR01,Mn,0.87,6.62,5.75,False
KUYKAR02,Mn,0.87,6.62,5.75,False
KUYKEV01,Fe,0.74,1.66,0.92,True
KUYNUO,Cu,0.48,3.39,2.91,False
KUYTAD,Nb,1.67,6.3,4.63,False
KUYTII,Cu,11.97,15.83,3.86,False
KUYVOS,Ti,0.63,5.29,4.66,False
KUYWUZ,Ti,0.87,1.02,0.15,True
KUYZEL,Fe,1.29,5.12,3.83,False
KUYZUB,Ni,4.02,6.85,2.83,False
KUZBAK,Zn,2.78,5.51,2.73,False
KUZMEX,Rh,0.42,5.3,4.88,False
KUZNUR,Cu,1.34,2.39,1.05,False
LABFON,Ru,0.13,1.16,1.03,False
LACGAA,Zn,0.41,4.48,4.07,False
LACGAA01,Zn,0.41,1.03,0.62,True
LACMIN,Y,0.3,0.35,0.05,True
LACYEY,Fe,0.9,6.22,5.32,False
LADFIF,Ti,9.07,8.05,1.02,False
LADFUR,Ti,11.05,15.07,4.02,False
LADJIK,Ta,7.59,9.13,1.54,False
LADKOQ,Ti,8.33,7.95,0.38,True
LADNEM,Ru,0.53,1.27,0.74,True
LADNOW,Ru,0.48,1.21,0.73,True
LADROZ,Cu,5.86,6.39,0.53,True
LADZEV,Tc,0.84,5.91,5.07,False
LAFFEE,Cu,0.39,1.13,0.74,True
LAFGEH,Zn,0.32,0.78,0.46,True
LAFMEO,Co,4.85,6.9,2.05,False
LAFMIS,Co,4.76,5.89,1.13,False
LAFMUB,Cu,0.24,6.25,6.01,False
LAFQAP,V,12.54,9.86,2.68,False
LAFQUJ,V,7.59,9.51,1.92,False
LAFREQ,Cu,9.91,10.77,0.86,True
LAFSUL,Ag,5.02,6.89,1.87,False
LAFTAS,Ag,0.84,8.06,7.22,False
LAGCOM,Cu,7.47,11.18,3.71,False
LAGDOR,Fe,0.58,6.27,5.69,False
LAGLEL01,V,8.88,15.8,6.92,False
LAGPUJ,Ru,7.34,5.01,2.33,False
LAGWIC,Ir,0.52,1.13,0.61,True
LAGYIG,Ru,5.86,6.16,0.3,True
LAGYOM,Ru,5.98,6.08,0.1,True
LAGYUS,Ru,0.36,1.5,1.14,False
LAGZED,Ru,5.25,7.41,2.16,False
LAHHOR,Fe,0.43,0.63,0.2,True
LAHHOR01,Fe,0.41,4.53,4.12,False
LAHMOY,Cu,0.97,5.36,4.39,False
LAJCAE,Cu,1.33,5.21,3.88,False
LAJCEF,Cd,2.83,5.42,2.59,False
LAJKEP,Fe,0.52,1.14,0.62,True
LAJPAP,Ir,5.31,6.11,0.8,True
LAJWEY,Ir,5.44,6.06,0.62,True
LAJWIC,Ir,0.36,1.25,0.89,True
LAKQIB,Cu,9.96,10.0,0.04,True
LAKZOM,Co,7.9,9.28,1.38,False
LALDEH,Mn,0.28,0.5,0.22,True
LALHUC,Zr,0.42,1.17,0.75,True
LALHUD,Zn,0.65,5.29,4.64,False
LALPET,Ni,4.67,5.68,1.01,False
LALSOI,Cd,1.35,6.63,5.28,False
LALWUS,Cu,3.17,4.14,0.97,True
LAMDUZ,Fe,0.55,6.0,5.45,False
LAMGAI,Ni,2.7,5.33,2.63,False
LAMLAO,Hg,1.0,4.88,3.88,False
LAMLES,V,5.13,5.68,0.55,True
LAMLES01,V,5.11,5.66,0.55,True
LAMPIA,Co,5.03,5.09,0.06,True
LAMSOK,V,7.31,9.43,2.12,False
LAMTAX,Co,7.4,6.09,1.31,False
LAMTOK,Zn,0.68,1.73,1.05,False
LAMTOK01,Zn,0.69,3.57,2.88,False
LAMXUU,Zn,1.12,1.48,0.36,True
LANMAO,Ir,0.33,0.74,0.41,True
LANMES,Ir,0.22,0.74,0.52,True
LANMIW,Ir,5.06,5.94,0.88,True
LANVAY,Cu,12.62,13.38,0.76,True
LANWUT01,Cu,0.21,0.68,0.47,True
LAPCEN,Hg,4.77,5.5,0.73,True
LAPCIR,Ag,4.22,5.66,1.44,False
LAPDEM,Rh,0.42,6.13,5.71,False
LAPHOC,Cu,4.88,6.37,1.49,False
LAPKIX,Ir,4.99,6.02,1.03,False
LAPTEB,La,5.31,6.42,1.11,False
LAPTEB10,La,5.36,5.46,0.1,True
LAQJAP,Fe,0.94,6.31,5.37,False
LAQJET,Fe,1.08,1.13,0.05,True
LAQLUK,Cu,0.23,5.62,5.39,False
LARJAR,Cu,0.44,1.82,1.38,False
LARKEV,Co,5.43,5.8,0.37,True
LARTUV,Ru,0.13,1.12,0.99,True
LARVAD,Ru,5.93,6.31,0.38,True
LARWIO,Y,0.51,6.47,5.96,False
LASCOZ,Cu,7.44,14.28,6.84,False
LASHIX,Ru,6.12,6.28,0.16,True
LASMOK,Zn,0.3,0.69,0.39,True
LASPOK,Os,4.79,5.97,1.18,False
LASVOR,Cu,4.42,6.61,2.19,False
LASXIM,Fe,0.34,0.76,0.42,True
LASXOS,Fe,0.66,5.68,5.02,False
LATBIS,W,0.16,1.14,0.98,True
LATJIZ,Fe,0.64,1.41,0.77,True
LATJUL,Fe,0.76,4.97,4.21,False
LATMOM,Os,0.38,1.07,0.69,True
LATNAZ,Os,0.35,1.03,0.68,True
LATNEA,V,0.25,5.17,4.92,False
LATPAX,Cu,6.43,7.68,1.25,False
LATXAJ,Ru,5.16,5.98,0.82,True
LATXEN,Ru,0.23,1.19,0.96,True
LATZOX,V,0.16,0.83,0.67,True
LAVFAQ,Os,5.85,7.67,1.82,False
LAVFEU,Os,1.01,1.16,0.15,True
LAVKEA,Co,0.42,5.88,5.46,False
LAVKUQ,Co,0.31,1.41,1.1,False
LAVLAX,Co,12.24,9.62,2.62,False
LAWBOE,Ti,6.9,9.06,2.16,False
LAWCAR,V,0.91,5.17,4.26,False
LAWFAQ,W,1.86,5.57,3.71,False
LAWJEZ,Ru,0.48,3.84,3.36,False
LAWLOK,W,1.7,5.76,4.06,False
LAWTIQ,Mn,5.09,5.43,0.34,True
LAXBER,Rh,0.04,1.03,0.99,True
LAXFAU,Cu,8.6,11.62,3.02,False
LAXPAE,Cu,5.24,6.15,0.91,True
LAYDUN,Ti,1.06,1.92,0.86,True
LAYKUT,Ru,0.74,1.46,0.72,True
LAYLAA,Ru,4.98,6.62,1.64,False
LAYPUY01,Au,4.72,4.86,0.14,True
LAYVOX,Fe,0.79,6.97,6.18,False
LAZGAX,Mn,0.16,5.66,5.5,False
LAZGEY,Zn,3.95,5.17,1.22,False
LAZGEY01,Zn,3.95,7.25,3.3,False
LAZKIG,Ru,7.41,7.66,0.25,True
LAZQAH,Zn,10.46,11.37,0.91,True
LAZQEJ,Ru,6.16,6.17,0.01,True
LAZZUI,Rh,0.83,6.84,6.01,False
LEBGIJ,Cu,0.49,0.66,0.17,True
LEBHUW,Cu,0.33,0.89,0.56,True
LEBMOX,Ir,0.46,1.15,0.69,True
LEBPUG,Mn,0.26,5.47,5.21,False
LEBVIA,Ir,0.57,0.73,0.16,True
LECCEC,Mn,0.86,1.36,0.5,True
LECFAB,Ir,5.89,6.12,0.23,True
LECFOR,Co,5.46,6.02,0.56,True
LECFUX,Ir,5.19,5.86,0.67,True
LECGAE,Co,0.78,1.95,1.17,False
LECHAG,Cu,0.9,1.34,0.44,True
LECKUC,Cu,12.59,19.12,6.53,False
LECTIX,Mn,0.9,1.87,0.97,True
LECTOD,Mn,4.8,6.78,1.98,False
LECTUJ,Mn,1.04,6.59,5.55,False
LECVAR,Mn,1.58,4.73,3.15,False
LECWOG,Zn,0.29,5.56,5.27,False
LECZEZ,Ru,5.47,6.61,1.14,False
LEDGIL,Cu,4.73,5.98,1.25,False
LEDQUH,Ni,5.07,5.58,0.51,True
LEDVOG,Rh,10.95,10.45,0.5,True
LEDVUM,Rh,5.94,6.51,0.57,True
LEFBEE,Rh,0.35,0.63,0.28,True
LEFWUS,Tc,0.33,1.03,0.7,True
LEFYIE,Fe,4.65,6.32,1.67,False
LEGQOE,Ti,5.21,5.62,0.41,True
LEGVUO,W,5.43,5.62,0.19,True
LEGZOP,Cr,0.09,0.81,0.72,True
LEHDEJ,Co,3.93,4.34,0.41,True
LEHJIR,Ru,5.52,6.49,0.97,True
LEHJOX,Ru,5.84,6.5,0.66,True
LEHJUD,Ru,4.96,6.14,1.18,False
LEHKIV,Ti,0.81,1.73,0.92,True
LEHKOB,Ti,1.07,6.88,5.81,False
LEHMIW,V,5.15,5.76,0.61,True
LEHNIV,Ag,4.87,6.99,2.12,False
LEHPUL,Cd,0.73,4.98,4.25,False
LEHTIB,Co,5.56,6.74,1.18,False
LEHTIB01,Co,0.51,0.75,0.24,True
LEJQAV,Zn,4.99,5.81,0.82,True
LEJWON,Fe,0.04,5.34,5.3,False
LEJWON01,Fe,0.04,5.48,5.44,False
LEKFEO,Mo,4.97,5.64,0.67,True
LEKFOW01,Cu,4.47,4.69,0.22,True
LELDUE,Co,0.97,1.86,0.89,True
LELFIU,Co,0.95,6.22,5.27,False
LELLAQ,Co,6.29,8.03,1.74,False
LELNOI,Cu,1.13,6.37,5.24,False
LELWEI,Co,0.28,1.12,0.84,True
LELXOT,Ni,5.2,5.41,0.21,True
LELXUZ,Co,1.67,6.91,5.24,False
LEMRAX,Ru,5.47,5.78,0.31,True
LEMREB,Ru,0.55,2.37,1.82,False
LEMRIF,Cr,5.03,6.09,1.06,False
LEMSEE,Cu,0.14,0.79,0.65,True
LEMVIJ,Cu,0.25,2.12,1.87,False
LEMZIQ,Cd,3.93,5.7,1.77,False
LENCUF,Cu,3.91,4.7,0.79,True
LENGEU,Fe,0.31,0.4,0.09,True
LENLAS,Cu,4.8,6.53,1.73,False
LENMOH01,Zn,11.69,9.87,1.82,False
LENPUR,Mo,5.9,5.91,0.01,True
LENQAY,Mo,5.43,5.55,0.12,True
LENQEC,Zr,0.56,6.09,5.53,False
LENQIE,Cu,0.98,1.4,0.42,True
LENTUV,Co,0.62,6.1,5.48,False
LEPPOM,Co,0.19,5.47,5.28,False
LEQJOH,Zn,11.94,12.86,0.92,True
LEQJUN,Co,11.93,10.41,1.52,False
LEQKID,Cu,5.07,6.64,1.57,False
LEQKOJ,Cu,4.21,5.96,1.75,False
LEQKUP,Cu,4.51,5.83,1.32,False
LEQRIL,Ir,0.52,2.15,1.63,False
LEQVOT,Ni,3.76,5.22,1.46,False
LERBUJ,Co,3.76,5.14,1.38,False
LERCAQ,Co,0.28,0.89,0.61,True
LERCEQ,Mo,0.2,3.73,3.53,False
LERCIU,W,0.16,5.78,5.62,False
LERCIY,Co,0.81,3.34,2.53,False
LERCOE,Co,4.89,5.56,0.67,True
LERMOK,Fe,0.17,0.59,0.42,True
LERNIH,Zr,0.2,5.76,5.56,False
LERPUW,Co,6.91,3.93,2.98,False
LERVOV,Zn,0.15,0.77,0.62,True
LESFAT,Zn,4.55,6.0,1.45,False
LESGEY,Zn,0.6,0.95,0.35,True
LESGIC,Zn,0.36,5.11,4.75,False
LESGOI,Zn,0.54,5.34,4.8,False
LESHEA,Cu,0.27,0.92,0.65,True
LESROR,Cu,4.12,6.17,2.05,False
LESTAE,V,5.68,6.29,0.61,True
LETLEC,Fe,0.61,1.09,0.48,True
LETMAZ,Cu,3.22,6.33,3.11,False
LEVBET,W,5.62,6.08,0.46,True
LEVCAU,Zn,4.41,6.08,1.67,False
LEVMEF,Ru,0.18,0.97,0.79,True
LEWFAV,Zn,0.24,1.31,1.07,False
LEWFUP,Cu,0.37,4.46,4.09,False
LEWSOX,Cu,4.49,6.68,2.19,False
LEWSUC,Ir,5.93,8.39,2.46,False
LEWVIW,V,5.03,5.64,0.61,True
LEWWUF,Re,0.07,3.76,3.69,False
LEWWUF10,Re,0.07,3.76,3.69,False
LEWXAM,Tc,0.16,5.54,5.38,False
LEWXAM10,Tc,0.16,5.54,5.38,False
LEWXIU,Re,0.15,5.49,5.34,False
LEWXIU10,Re,0.15,5.49,5.34,False
LEWZUL,Ir,5.45,5.94,0.49,True
LEXLIN,Co,5.28,6.78,1.5,False
LEXLOQ,Fe,0.82,0.88,0.06,True
LEXWAO,Zn,0.77,3.83,3.06,False
LEXWES,Zn,0.87,1.18,0.31,True
LEXYES,Cu,4.85,5.99,1.14,False
LEXYOD,Ag,2.92,8.9,5.98,False
LEXYUI,Fe,8.33,11.23,2.9,False
LEXZAQ,Ag,5.84,6.75,0.91,True
LEXZEU,Ag,2.93,6.07,3.14,False
LEXZIY,Ag,3.45,4.6,1.15,False
LEXZUK,Ag,2.97,4.97,2.0,False
LEYCOH,Cr,6.56,6.7,0.14,True
LEYDAV,Ag,2.48,2.89,0.41,True
LEYDID,Ag,4.84,6.87,2.03,False
LEYRIQ,Zn,12.12,9.93,2.19,False
LEZCUR,Zn,0.52,0.72,0.2,True
LEZNEL,Zn,0.51,7.16,6.65,False
LEZNIP,Zn,0.75,1.22,0.47,True
LEZPUE,Cd,2.29,5.28,2.99,False
LEZSOA,Cu,4.99,5.85,0.86,True
LIBBUT,Co,4.8,5.84,1.04,False
LIBJAL,V,4.74,5.44,0.7,True
LIBRUK,Ir,0.76,0.98,0.22,True
LIBVOH,Fe,0.66,5.48,4.82,False
LIBXIG,Fe,4.94,6.02,1.08,False
LIBZIH,Cu,0.43,0.44,0.01,True
LICDOQ,Re,5.49,5.89,0.4,True
LICLAO,Cu,4.82,5.79,0.97,True
LICMAO,Cu,5.31,6.63,1.32,False
LICMEQ,Zn,4.65,5.78,1.13,False
LICPET,Mn,0.48,0.84,0.36,True
LIDSIE,Mn,1.14,4.82,3.68,False
LIDSOI,Ru,5.96,5.98,0.02,True
LIFFUB,Cu,8.66,4.88,3.78,False
LIFHUE,Cu,13.12,15.27,2.15,False
LIFJUF,Os,0.01,0.95,0.94,True
LIFQOK,Cu,5.0,5.96,0.96,True
LIFTUT,Ni,9.81,17.38,7.57,False
LIFVEF,Ni,9.69,16.28,6.59,False
LIFVOM,Ni,1.44,6.11,4.67,False
LIGCOV,Ru,0.66,1.94,1.28,False
LIGLAO,Tc,5.0,5.64,0.64,True
LIGLIW,Tc,0.1,1.69,1.59,False
LIGYEG,Cu,0.57,0.67,0.1,True
LIHGEP,W,5.1,5.13,0.03,True
LIHQAV,Os,0.14,5.98,5.84,False
LIHQID,Os,0.09,5.51,5.42,False
LIHYAC,V,4.24,5.44,1.2,False
LIHZEH,Cu,0.13,1.36,1.23,False
LIJBEL,Cu,0.51,4.39,3.88,False
LIJLIZ,Cu,5.53,6.19,0.66,True
LIJLOF,Cu,9.64,11.27,1.63,False
LIJMAS,Cu,0.61,6.29,5.68,False
LIJZOU,Ag,8.94,11.95,3.01,False
LIKPIG,Cu,0.46,6.47,6.01,False
LIKRUU,Cu,0.65,0.92,0.27,True
LIKVOQ,Re,0.29,5.75,5.46,False
LIKXEI,Re,0.25,5.42,5.17,False
LIKXUZ,Cu,0.27,0.59,0.32,True
LIKZOX,Ru,0.33,1.08,0.75,True
LIKZUD,Ru,0.38,0.99,0.61,True
LILLAV,Mn,5.26,6.79,1.53,False
LILLEZ,Mn,3.53,5.9,2.37,False
LILPUT,Ru,0.69,4.46,3.77,False
LILQAA,Ru,12.84,12.36,0.48,True
LILTOS,Ru,6.17,6.43,0.26,True
LILVUA,Ru,0.56,1.59,1.03,False
LILWEJ,Fe,0.86,1.71,0.85,True
LILWIN,Fe,0.89,6.45,5.56,False
LILWOT,Co,0.9,1.29,0.39,True
LILWUZ,Co,0.75,5.06,4.31,False
LILYEM,Cu,1.16,6.2,5.04,False
LIMBAL,Zr,2.4,7.31,4.91,False
LIMGUL,Zn,4.58,6.06,1.48,False
LIMQUU,Fe,4.94,6.15,1.21,False
LIMRII,V,5.71,5.94,0.23,True
LIMRUU,Mo,5.32,5.67,0.35,True
LIMXEO,Cu,4.77,5.27,0.5,True
LIMXOY,Cu,5.19,6.52,1.33,False
LIMYAL,Cu,5.05,5.28,0.23,True
LINGUM,Re,4.03,6.01,1.98,False
LINHAT,Re,3.84,8.83,4.99,False
LINHEX,Re,5.81,13.17,7.36,False
LINJEZ,Re,3.94,4.24,0.3,True
LINJID,Re,5.76,4.02,1.74,False
LINJOJ,Tc,0.07,5.74,5.67,False
LINSEH,Ni,0.93,4.92,3.99,False
LINSIL,Ni,0.61,5.99,5.38,False
LINWUE,Zr,0.48,1.59,1.11,False
LINYAJ,Re,4.87,5.78,0.91,True
LINYEN,Re,4.6,5.7,1.1,False
LINYIR,Re,0.77,4.57,3.8,False
LINYUD,Tc,0.65,0.65,0.0,True
LINZEO,Tc,5.03,6.39,1.36,False
LIPMAA,Ir,5.89,5.9,0.01,True
LIPMAA01,Ir,0.52,1.53,1.01,False
LIQCAP,Cu,4.02,6.55,2.53,False
LIQCET,Cd,5.69,6.6,0.91,True
LIQLED,Cu,4.94,5.89,0.95,True
LIQSUZ,Co,0.96,8.2,7.24,False
LIQTEK,Co,0.51,6.02,5.51,False
LIQTEK01,Co,0.48,6.0,5.52,False
LIRBOE,Sc,6.51,7.75,1.24,False
LIRCEU,Ti,0.09,5.55,5.46,False
LIRCIY,Zr,0.11,6.02,5.91,False
LIRDAS,Zn,5.7,5.74,0.04,True
LIRDUL,Zr,4.73,6.23,1.5,False
LIRROT,Fe,4.95,6.01,1.06,False
LIRTOZ,Zn,4.87,6.55,1.68,False
LIRVAL,Co,0.89,1.4,0.51,True
LIRVEP,Co,0.71,6.48,5.77,False
LIRXUF,Zr,0.24,5.22,4.98,False
LIRYUI,Cu,0.21,5.27,5.06,False
LISCUP,Cu,0.24,0.92,0.68,True
LISJEC,Ni,0.19,5.96,5.77,False
LISSIR,Cu,0.47,0.93,0.46,True
LISTIS,Cu,5.09,6.02,0.93,True
LITXOB,Fe,5.02,6.7,1.68,False
LITYEV,Co,5.53,6.72,1.19,False
LITZIA,Zn,1.29,5.47,4.18,False
LIVBUN,Cu,4.32,6.56,2.24,False
LIVCAU,Cu,0.73,1.85,1.12,False
LIVKIM,Cd,0.56,7.03,6.47,False
LIVLIN,Cu,11.36,9.57,1.79,False
LIVNIQ,Cu,0.74,4.86,4.12,False
LIVNOU,Cu,4.92,6.83,1.91,False
LIVXET,Co,9.11,12.6,3.49,False
LIVYAU,Zn,0.31,0.65,0.34,True
LIVYEY,Zn,4.94,5.9,0.96,True
LIWMUC,Cu,4.49,6.46,1.97,False
LIWNIR,Cu,1.0,1.17,0.17,True
LIWNOX,Cu,7.1,9.98,2.88,False
LIWTUG,Rh,11.26,8.54,2.72,False
LIXBON,Zn,0.42,0.47,0.05,True
LIXMOX,Ni,5.36,5.6,0.24,True
LIXMUD,Ni,4.69,4.78,0.09,True
LIXRUH,Mn,2.59,5.66,3.07,False
LIYDEC,Zn,0.29,4.66,4.37,False
LIYFAA,Zn,0.3,0.52,0.22,True
LIZDIJ,Cu,0.71,5.07,4.36,False
LIZTAP,Cu,4.96,6.83,1.87,False
LOBFIU,Ru,5.37,6.06,0.69,True
LOBMEV,Cu,4.56,6.16,1.6,False
LOBQID,Zn,5.12,6.09,0.97,True
LOBTON,Mo,9.74,8.31,1.43,False
LOBVEH,Cu,0.64,3.49,2.85,False
LOCLUO,Zn,4.93,5.57,0.64,True
LOCNEY,Fe,4.98,5.91,0.93,True
LOCVIL,Zn,0.05,0.98,0.93,True
LOCWOP,Fe,0.14,1.3,1.16,False
LOCWUV,Fe,0.14,1.24,1.1,False
LOCXAC,Fe,0.12,1.23,1.11,False
LODBEL,Ni,5.28,5.99,0.71,True
LODLAV,Ni,10.83,10.0,0.83,True
LODNIE,Cu,0.33,5.27,4.94,False
LODNOK,Zn,0.15,0.98,0.83,True
LODNUQ,Cu,0.35,1.03,0.68,True
LODPEC,Cu,5.0,5.5,0.5,True
LODSAY,Zn,4.82,5.82,1.0,False
LODSIG,Zn,4.82,5.87,1.05,False
LOFNAW,Y,2.1,4.61,2.51,False
LOFROQ,Ag,2.53,10.72,8.19,False
LOGGAS,Cu,4.58,5.81,1.23,False
LOGGUM,Ag,6.19,6.82,0.63,True
LOGMUS,Fe,0.69,4.84,4.15,False
LOGPOM,Cu,2.45,5.06,2.61,False
LOGPUS,Cu,11.21,7.64,3.57,False
LOGRAD,Fe,0.5,0.6,0.1,True
LOGTIN,Ir,6.45,6.5,0.05,True
LOHFAT,Zn,0.79,1.26,0.47,True
LOHFIY,Ir,0.94,5.05,4.11,False
LOHGOF,Fe,4.52,5.51,0.99,True
LOHGUL,Fe,8.64,11.02,2.38,False
LOHWIR,Zn,0.69,6.26,5.57,False
LOHZIT,Ru,0.54,1.23,0.69,True
LOHZIT01,Ru,0.51,1.2,0.69,True
LOHZUF,Ru,5.39,5.97,0.58,True
LOJBIX,Ru,4.96,5.76,0.8,True
LOJBIX01,Ru,4.79,5.59,0.8,True
LOJJUP,Tc,3.89,5.8,1.91,False
LOJKEA,Fe,4.76,6.06,1.3,False
LOKPEH,V,0.12,5.46,5.34,False
LOKQAD,Fe,5.0,5.28,0.28,True
LOKSOV,Zn,0.71,3.55,2.84,False
LOKTAI,Zn,0.53,6.06,5.53,False
LOKZUK,Cu,5.19,6.32,1.13,False
LOLBAT,Cu,0.71,4.33,3.62,False
LOLFAV,Cu,4.25,5.73,1.48,False
LOMCIZ,Ir,0.37,1.33,0.96,True
LOMKEE,Cu,7.39,9.98,2.59,False
LOMQUB,Cu,6.9,5.11,1.79,False
LOMRAI,Cu,7.52,15.2,7.68,False
LOMRIO,Cu,4.81,6.6,1.79,False
LOMTUD,Ir,0.33,1.4,1.07,False
LOMVIT,Ir,6.07,6.43,0.36,True
LONBAU,Ni,0.71,4.85,4.14,False
LONFUR,Ni,4.26,6.72,2.46,False
LONMIO,Pd,0.88,0.99,0.11,True
LONPIQ,Co,0.85,4.9,4.05,False
LONTAM,Co,0.66,6.27,5.61,False
LONXOC,V,1.08,6.13,5.05,False
LONXUI,V,0.72,1.07,0.35,True
LONYAP,Cu,0.45,1.14,0.69,True
LOPGEF,Co,3.79,6.86,3.07,False
LOPGIJ,Co,1.4,5.37,3.97,False
LOPLUX,Fe,3.37,4.29,0.92,True
LOPMUZ,Cu,0.77,5.36,4.59,False
LOPNEN,Fe,11.52,9.63,1.89,False
LOPQOY,Cu,8.16,12.27,4.11,False
LOPQUE,Cu,11.65,10.59,1.06,False
LOPSAO,Ru,5.65,5.8,0.15,True
LOPSEP,Co,4.88,5.23,0.35,True
LOPSES,Ru,0.13,1.24,1.11,False
LOPSIT,Co,4.92,5.18,0.26,True
LOPSOC,Ru,5.74,5.92,0.18,True
LOPSOZ,Co,1.05,5.21,4.16,False
LOPTAM,Fe,5.24,5.49,0.25,True
LOPTEQ,Fe,5.01,5.27,0.26,True
LOPVIV,V,5.26,5.83,0.57,True
LOPZUM,Cu,6.55,8.66,2.11,False
LOPZUM01,Cu,4.7,6.31,1.61,False
LOQGAD,La,6.7,9.79,3.09,False
LOQGIL,Cu,0.42,4.98,4.56,False
LOQHEE,Mo,0.33,1.21,0.88,True
LOQHOO,Mo,0.26,1.09,0.83,True
LOQHUU,Mo,0.27,0.53,0.26,True
LOQLOS,Fe,7.03,11.4,4.37,False
LOQQUE,Re,4.94,5.01,0.07,True
LOQRAL,Ti,0.5,0.52,0.02,True
LOQREP,Ti,0.49,5.35,4.86,False
LOQVEW,Ir,5.93,5.94,0.01,True
LOQVOG,Ir,0.48,0.97,0.49,True
LOQZOH,Cu,15.7,15.31,0.39,True
LORBUQ,Cr,0.05,1.17,1.12,False
LORCAX,W,5.57,5.84,0.27,True
LORCEB,Cr,5.51,5.8,0.29,True
LORCIF,W,5.54,5.86,0.32,True
LORKUZ,Zn,5.23,6.25,1.02,False
LORLIO,Cu,0.48,5.66,5.18,False
LORLOU,Fe,0.35,1.24,0.89,True
LORSOC,Sc,11.33,10.38,0.95,True
LORYAS,Re,0.3,0.4,0.1,True
LORYEW,Re,0.3,5.38,5.08,False
LOSBIF,Mn,1.63,4.79,3.16,False
LOSCAY,Cu,5.29,5.65,0.36,True
LOSCEC,Zn,0.69,4.26,3.57,False
LOSCEE,V,4.54,6.2,1.66,False
LOSLUA,Cu,10.66,11.03,0.37,True
LOSROE,Ti,10.26,14.5,4.24,False
LOSZEB,Fe,0.27,1.17,0.9,True
LOTNEN,Pt,1.09,5.1,4.01,False
LOTNIR,Pt,1.62,4.58,2.96,False
LOTXUP,Zn,0.76,4.92,4.16,False
LOTYEA,Cd,1.13,6.54,5.41,False
LOVSIB,Cr,1.06,3.97,2.91,False
LOWKAM,Zn,0.51,6.96,6.45,False
LOWTUQ,Zn,7.64,9.26,1.62,False
LOXYEE,Ru,5.23,5.93,0.7,True
LOXYII,Ru,0.65,5.43,4.78,False
LOYNEW,Fe,0.31,5.3,4.99,False
LOYNIA,Fe,0.25,1.08,0.83,True
LOYNOG,Fe,0.22,5.37,5.15,False
LOYRID,Cu,0.61,1.36,0.75,True
LOYRUP,Cu,0.88,1.05,0.17,True
LOYSAW,Cu,5.18,6.32,1.14,False
LOYXEG,Cu,4.82,5.03,0.21,True
LOYXIK,Re,0.59,4.82,4.23,False
LOYYUV,V,3.67,4.21,0.54,True
LOYZOQ,V,5.72,6.07,0.35,True
LOZLOE,V,0.13,1.4,1.27,False
LOZMAR,V,0.25,1.82,1.57,False
LOZTOM,Ru,6.29,6.49,0.2,True
LOZXOQ,Cr,5.28,6.11,0.83,True
LOZYEH,Cr,0.22,5.25,5.03,False
LUBHOF,Co,0.5,1.05,0.55,True
LUBLED,Ru,6.03,6.19,0.16,True
LUBLIH,Ru,0.33,1.3,0.97,True
LUBLON,Ru,5.75,5.83,0.08,True
LUBLUT,Ru,5.73,5.79,0.06,True
LUBMAA,Ru,5.71,5.93,0.22,True
LUCHUM,Ni,4.78,5.22,0.44,True
LUCJAU,Co,4.53,5.92,1.39,False
LUCJEY,Ni,5.16,6.2,1.04,False
LUCJIC,Co,4.48,4.8,0.32,True
LUCJOI,Ni,0.26,0.56,0.3,True
LUCLAW,Co,4.53,5.53,1.0,False
LUCLEA,Ni,6.19,6.84,0.65,True
LUCLIE,Co,4.59,5.05,0.46,True
LUCNOP,Cu,4.91,5.74,0.83,True
LUCNOP02,Cu,0.25,0.95,0.7,True
LUCQEJ,Zn,8.31,7.54,0.77,True
LUDFEY,Cu,8.85,8.91,0.06,True
LUDFUO,Co,4.99,6.16,1.17,False
LUDGAV,Co,3.17,4.35,1.18,False
LUDQAE,Cu,3.35,6.24,2.89,False
LUDRAH,Cu,4.19,6.0,1.81,False
LUDROV,Cu,4.74,6.51,1.77,False
LUDVIT,Ru,0.87,1.34,0.47,True
LUDWAM,Ru,1.96,4.33,2.37,False
LUDWOA,Re,6.07,6.23,0.16,True
LUDWUG,Re,0.7,1.65,0.95,True
LUDYOY,Cu,5.28,5.68,0.4,True
LUDYUE,Cu,1.03,5.7,4.67,False
LUDZAL,Cu,5.09,5.27,0.18,True
LUFXUI,Zn,0.23,5.38,5.15,False
LUGBEV,Fe,5.32,6.65,1.33,False
LUGBIZ,Co,5.23,6.66,1.43,False
LUGBOE,Re,5.05,7.29,2.24,False
LUGFAW,Cu,0.08,5.48,5.4,False
LUGMOT,Cu,7.97,9.89,1.92,False
LUGMUZ,Cu,10.74,19.29,8.55,False
LUGNAC,Cu,0.6,4.61,4.01,False
LUGREK,Zn,4.58,10.28,5.7,False
LUGROU,Ni,6.01,6.29,0.28,True
LUGTAJ,Zn,4.08,5.85,1.77,False
LUGWUI,Mo,1.05,1.34,0.29,True
LUHMEI,Cu,5.15,6.64,1.49,False
LUHNUA,Fe,0.57,1.52,0.95,True
LUHVIX,Mo,6.38,6.53,0.15,True
LUHWOD,Rh,6.09,6.21,0.12,True
LUHXAO,Ni,7.81,7.41,0.4,True
LUJBIF,Co,5.34,5.46,0.12,True
LUJBOL,Co,1.43,4.95,3.52,False
LUJBUR,Co,4.35,5.29,0.94,True
LUJJUX,Zn,4.27,4.81,0.54,True
LUJNOV,Fe,0.59,4.65,4.06,False
LUJQIS,Zn,0.35,0.93,0.58,True
LUJQIS01,Zn,0.34,5.77,5.43,False
LUKFUU,Zn,0.81,1.81,1.0,False
LUKGIJ,Cu,0.53,5.97,5.44,False
LUKRIT,Zn,0.47,0.83,0.36,True
LUKRIT01,Zn,0.48,0.83,0.35,True
LULCUQ,Ti,0.3,1.06,0.76,True
LULDOM,Ni,4.84,5.65,0.81,True
LUMZAV,Co,10.3,8.61,1.69,False
LUMZUR,Ru,0.26,1.69,1.43,False
LUNBEE,Ru,0.55,0.79,0.24,True
LUNBOO,Ru,0.31,1.08,0.77,True
LUNCAB,Ru,5.16,5.83,0.67,True
LUNKUA,V,0.14,0.53,0.39,True
LUNKUD,Zn,5.33,7.67,2.34,False
LUNLUC,Rh,5.27,5.97,0.7,True
LUNMEN,Rh,0.61,0.69,0.08,True
LUNWOG,Cu,0.11,5.46,5.35,False
LUNXEY,Zn,0.91,1.49,0.58,True
LUNXIC,Zn,0.88,1.12,0.24,True
LUPFOR,Cu,0.36,0.7,0.34,True
LUPJEP,Co,13.57,17.3,3.73,False
LUQNOE,Mn,5.58,6.37,0.79,True
LUQPIZ,Cu,3.2,4.83,1.63,False
LUQZOM,Y,0.67,1.64,0.97,True
LURDOS,Cu,0.81,5.84,5.03,False
LURMEQ,Mn,0.0,5.46,5.46,False
LURXED,W,9.01,13.06,4.05,False
LUSKIU,Re,4.39,5.53,1.14,False
LUSMET,Y,3.54,6.24,2.7,False
LUSMUJ,Y,0.92,1.15,0.23,True
LUSSAU,Sc,4.56,6.41,1.85,False
LUSZEI,Cu,1.49,3.76,2.27,False
LUTBEH,Pt,0.48,0.9,0.42,True
LUTFAJ,Fe,9.45,10.11,0.66,True
LUTFEL,Re,0.1,0.84,0.74,True
LUTPEX,Cu,0.6,0.69,0.09,True
LUTQOJ,Zn,0.36,0.64,0.28,True
LUTSEC,Zn,0.76,6.52,5.76,False
LUVFAJ,W,0.26,1.89,1.63,False
LUVKAO,Co,0.81,0.82,0.01,True
LUVTOO,W,0.08,1.23,1.15,False
LUVVEG,Mo,5.45,5.91,0.46,True
LUVXOS,Zn,4.01,11.31,7.3,False
LUVZOS,Nb,0.36,5.82,5.46,False
LUWFAK,Cu,4.77,5.82,1.05,False
LUWFIW,Fe,0.9,1.6,0.7,True
LUWFOC,Fe,0.98,1.37,0.39,True
LUWSIF,Zn,4.53,5.07,0.54,True
LUWTOM,Zn,4.39,4.98,0.59,True
LUWYUB,Cu,0.35,0.47,0.12,True
LUXDOZ,V,3.7,4.18,0.48,True
LUXDUF,V,3.76,4.28,0.52,True
LUXGOA,Co,0.51,5.15,4.64,False
LUXTAZ,Pt,5.26,5.28,0.02,True
LUYCIR,Cu,5.03,5.95,0.92,True
LUYDIS,Cu,9.27,10.49,1.22,False
LUYDOY,Cu,5.55,6.21,0.66,True
LUYFIX,Ti,0.3,1.1,0.8,True
LUYLIB,Rh,0.1,5.57,5.47,False
LUYMAU,Ni,0.81,6.69,5.88,False
LUYNUQ,Ir,5.81,6.38,0.57,True
LUYXAE,Re,4.87,5.48,0.61,True
LUYXIM,Re,0.32,5.76,5.44,False
LUYXOS,Re,0.31,0.36,0.05,True
LUYYAF,Re,0.28,5.72,5.44,False
LUZBAL,W,1.86,8.24,6.38,False
LUZBEP,W,1.78,5.19,3.41,False
LUZJOH,Ir,0.44,1.45,1.01,False
LUZKAU,Ir,6.27,6.46,0.19,True
LUZVEH,Zn,9.95,7.79,2.16,False
LUZXEL,Ni,0.68,1.89,1.21,False
MABLUA,Co,0.7,1.24,0.54,True
MACHUV,Fe,2.07,7.34,5.27,False
MACQIR,Os,0.49,1.66,1.17,False
MACQOX,Ru,6.28,6.96,0.68,True
MACXEV,Cu,3.99,5.13,1.14,False
MADQUG,Zn,4.93,6.66,1.73,False
MADRAN,Zn,2.5,4.69,2.19,False
MADRER,Zn,0.57,4.65,4.08,False
MADRUH,Zn,4.9,5.61,0.71,True
MADVEU,Rh,0.35,1.02,0.67,True
MADWAR,Rh,5.27,5.83,0.56,True
MADWIZ,Rh,6.16,13.43,7.27,False
MADWUL,Rh,5.2,5.71,0.51,True
MADXAS,Rh,0.25,1.09,0.84,True
MADXEW,Rh,5.73,6.22,0.49,True
MADXIA,Rh,0.31,1.0,0.69,True
MADXOG,Rh,5.37,5.86,0.49,True
MADZIB,Cu,0.27,5.51,5.24,False
MAHDIL,Co,0.14,6.11,5.97,False
MAHNOZ,Fe,0.54,6.08,5.54,False
MAHSOG,Zn,1.26,5.17,3.91,False
MAHTIZ,Cu,0.5,5.41,4.91,False
MAHTIZ01,Cu,0.49,5.43,4.94,False
MAHVEZ,Cd,1.76,5.6,3.84,False
MAHVIB,V,5.25,6.23,0.98,True
MAHVOJ,Cd,5.69,6.39,0.7,True
MAHVUP,Zn,0.79,1.39,0.6,True
MAHWAW,Zn,5.16,6.44,1.28,False
MAHWIC,Zn,0.91,6.54,5.63,False
MAHWIC01,Zn,0.91,6.53,5.62,False
MAHWOJ,Zr,6.87,8.92,2.05,False
MAHXAW,Zr,3.57,11.2,7.63,False
MAHXEA,Zr,1.36,3.26,1.9,False
MAJMIU,Cu,4.42,6.93,2.51,False
MAJVEC,Zn,0.64,5.86,5.22,False
MAJWUT,Ni,0.38,0.42,0.04,True
MAJZUU,Cd,1.9,6.32,4.42,False
MAKKEO,Cu,5.05,6.19,1.14,False
MAKKIS,Cu,0.82,1.23,0.41,True
MAKNOE,Cd,0.44,6.15,5.71,False
MAKQAT,Ir,0.86,1.12,0.26,True
MALECU,Cu,0.49,5.87,5.38,False
MALFOV,Ru,0.3,0.66,0.36,True
MALFUB,Ru,0.35,5.2,4.85,False
MALGAI,Fe,0.34,0.84,0.5,True
MALHEN,Pt,4.89,7.52,2.63,False
MALMUI,Hg,0.02,3.78,3.76,False
MALZUY,Cd,1.84,1.87,0.03,True
MAMLET,Os,0.64,0.82,0.18,True
MAMLOD,Ru,0.65,0.76,0.11,True
MAMNIX,Fe,0.54,0.59,0.05,True
MAMNOD,Fe,4.64,5.99,1.35,False
MAMPIZ,Cu,4.7,6.97,2.27,False
MAMTUQ,Rh,5.81,6.37,0.56,True
MANHAM,Fe,0.36,5.78,5.42,False
MANHEQ,Fe,4.53,5.86,1.33,False
MANJUI,Ti,5.1,5.48,0.38,True
MANKET,Ti,5.0,5.44,0.44,True
MANKIX,Ti,0.09,0.78,0.69,True
MANKUJ,Ti,5.07,5.42,0.35,True
MANLAQ,Ti,5.34,5.67,0.33,True
MANLEU,Ti,5.12,5.39,0.27,True
MAPCFF10,Fe,0.7,1.4,0.7,True
MAPDUD,Zn,0.58,4.49,3.91,False
MAPJIW,Zr,1.37,3.58,2.21,False
MAPSOL,Hf,2.26,2.46,0.2,True
MAPZIM,Os,0.52,0.76,0.24,True
MAQBEL,Cu,0.58,5.18,4.6,False
MAQBIP,Cu,5.03,6.12,1.09,False
MARDOY,Ti,6.41,7.37,0.96,True
MARJIZ,Fe,1.27,6.44,5.17,False
MASPON,Fe,4.84,5.62,0.78,True
MASQUW,Co,0.82,1.46,0.64,True
MASRAD,Co,0.92,5.58,4.66,False
MASSAD,Co,0.55,1.43,0.88,True
MASSOQ,Ru,5.69,6.21,0.52,True
MASVEH,Cu,9.33,9.7,0.37,True
MASVIL,Co,4.17,5.66,1.49,False
MASYIR,Zn,1.15,5.18,4.03,False
MASYUD,Cd,2.2,4.51,2.31,False
MATFAR,Zn,0.63,5.64,5.01,False
MATROP,Cu,3.82,6.58,2.76,False
MATROP01,Cu,3.8,6.58,2.78,False
MATWOU,Co,5.18,5.73,0.55,True
MATXEL,Fe,4.3,5.61,1.31,False
MAVTUZ,Ta,0.86,5.21,4.35,False
MAVZAL,Cu,8.57,13.4,4.83,False
MAVZEP,Zn,5.54,5.96,0.42,True
MAWYIU,Ti,2.92,3.94,1.02,False
MAXGAU,Ni,7.71,12.14,4.43,False
MAXGIE,Fe,0.02,1.01,0.99,True
MAXGOK,Fe,0.01,1.08,1.07,False
MAXGUQ,Fe,0.01,1.26,1.25,False
MAXVIR,Fe,3.96,5.65,1.69,False
MAYBOE,Ag,3.48,5.3,1.82,False
MAYGOI,Re,5.26,6.19,0.93,True
MAYGUO,Re,4.7,5.5,0.8,True
MAYHAV,Re,4.86,5.65,0.79,True
MAYHEZ,Re,4.7,5.48,0.78,True
MAYHID,Re,4.8,5.65,0.85,True
MAYHOJ,Re,0.21,0.9,0.69,True
MAYHUP,Re,5.19,5.93,0.74,True
MAYJAX,Re,5.06,5.97,0.91,True
MAYLUU,Fe,0.56,5.96,5.4,False
MAYMAA,Mo,5.85,8.61,2.76,False
MAYMEE,Mo,5.48,5.98,0.5,True
MAYNIM,Zn,0.63,6.67,6.04,False
MAYYUJ,Cu,0.78,4.5,3.72,False
MAZBOH,Cu,0.45,0.78,0.33,True
MAZJUS,Re,0.25,1.02,0.77,True
MAZKAA,Ti,1.13,5.93,4.8,False
MAZKAZ,Ru,8.64,14.97,6.33,False
MAZLAB,Rh,0.72,0.99,0.27,True
MAZOCT,Ni,0.19,3.28,3.09,False
MAZSEL,Pt,5.26,6.47,1.21,False
MAZWIT,Fe,0.78,1.8,1.02,False
MAZWOZ,Fe,1.01,5.51,4.5,False
MAZWUJ,Cu,9.68,14.41,4.73,False
MAZZUM,Co,0.51,6.94,6.43,False
MCINIF,Fe,0.19,5.73,5.54,False
MEBDOM,Re,0.01,5.27,5.26,False
MEBQOC,Cu,0.32,0.89,0.57,True
MEBQUI,Cu,4.95,5.71,0.76,True
MEDCAA,Ni,0.15,1.09,0.94,True
MEDCEE,Ni,0.23,3.82,3.59,False
MEDCUU,Ni,0.31,6.13,5.82,False
MEDGIM,Mo,5.51,5.97,0.46,True
MEDGIO,Ir,0.51,3.62,3.11,False
MEDVOG,Ru,0.17,1.28,1.11,False
MEFLES,Cu,0.54,0.85,0.31,True
MEFNEQ,Ru,2.46,3.24,0.78,True
MEFXII,Zn,0.55,5.97,5.42,False
MEFYOM,V,4.51,5.48,0.97,True
MEFZAC,Zn,0.71,5.05,4.34,False
MEFZED,Cu,0.23,0.75,0.52,True
MEGCAC,Cu,0.06,1.03,0.97,True
MEGJEP,Cu,0.42,5.76,5.34,False
MEGJEP01,Cu,0.41,3.2,2.79,False
MEGJEP02,Cu,0.42,5.74,5.32,False
MEGJEP03,Cu,0.42,5.77,5.35,False
MEGKAL,Zn,0.91,1.87,0.96,True
MEGKEP,Zn,0.83,4.48,3.65,False
MEGKOZ,Zn,0.69,6.73,6.04,False
MEGKUF,Zn,0.81,1.88,1.07,False
MEGWII,Cu,6.56,15.13,8.57,False
MEGXEC,Zn,4.6,6.68,2.08,False
MEGXUV,Cu,4.28,6.37,2.09,False
MEHBIL,Zn,4.9,5.58,0.68,True
MEHGAK,Fe,0.57,1.07,0.5,True
MEHGIS,Cu,4.17,4.74,0.57,True
MEHJEP,Cu,11.39,9.8,1.59,False
MEHJEP01,Cu,6.36,12.8,6.44,False
MEHWAA,Ru,0.93,6.06,5.13,False
MEHWII,Ru,0.45,4.85,4.4,False
MEHZUU,Zn,5.11,6.48,1.37,False
MEIMMN,Mn,0.26,1.03,0.77,True
MEJPAV,Fe,0.22,0.69,0.47,True
MEJSEC,Zn,6.98,17.89,10.91,False
MEJYIN,Zn,0.75,5.74,4.99,False
MEJYOT,Cu,5.92,6.64,0.72,True
MEKGAN,Ru,5.99,6.1,0.11,True
MELGIX,Zn,5.5,6.01,0.51,True
MELZEJ,Cu,0.33,0.72,0.39,True
MEMBUB,Cu,0.1,5.56,5.46,False
MEMJAS,Cd,0.41,5.03,4.62,False
MEMPID,Cu,4.74,5.8,1.06,False
MEMROM,Fe,5.84,6.28,0.44,True
MEMXAD,Zn,4.16,6.44,2.28,False
MEMXIL,Zn,2.1,4.57,2.47,False
MENLAS,Zn,0.78,5.48,4.7,False
MENRUT,Cu,4.61,5.63,1.02,False
MEPHUN,Hg,1.45,5.86,4.41,False
MEPMIE,Co,0.55,5.34,4.79,False
MEPRUC,Ru,0.56,1.18,0.62,True
MEQQEF,Cu,0.68,5.61,4.93,False
MERJEB,Ti,0.11,0.74,0.63,True
MERJIF,Ti,4.98,5.73,0.75,True
MERJOL,V,5.05,5.65,0.6,True
MERPIM,Fe,5.18,5.8,0.62,True
MERXIQ,Mo,4.06,6.59,2.53,False
MERYOX,Os,0.49,1.08,0.59,True
MESFIA,W,0.7,1.47,0.77,True
MESFOG,W,0.54,5.87,5.33,False
MESMEC,Ti,0.26,1.81,1.55,False
MESMIG,Ti,0.09,1.25,1.16,False
MESNED,Cu,5.65,7.16,1.51,False
MESSIN,Zn,0.39,0.7,0.31,True
METDOE,Ti,1.54,6.44,4.9,False
METNEF,Cu,6.45,14.91,8.46,False
METPUZ,Cr,4.98,5.78,0.8,True
MEVCUO,Cr,4.93,5.77,0.84,True
MEVPUY,Cu,0.44,1.95,1.51,False
MEVQUZ,Cu,0.31,0.67,0.36,True
MEVZOE,V,0.33,0.81,0.48,True
MEWLAF,Cu,4.82,5.93,1.11,False
MEXKOT,Ni,0.38,0.67,0.29,True
MEXWOB,Rh,6.4,7.66,1.26,False
MEXWUH,Rh,5.89,7.57,1.68,False
MEYKIK,Cu,4.93,6.2,1.27,False
MEYPIT,Zn,0.11,5.22,5.11,False
MEYYAU,Cu,5.1,6.29,1.19,False
MEZSIT,W,0.33,6.19,5.86,False
MEZYAT,Fe,4.55,5.26,0.71,True
MEZYEX,Fe,0.26,1.5,1.24,False
MEZZAU,Fe,0.29,1.08,0.79,True
MIBQEU,Pt,5.59,6.42,0.83,True
MIBXAX,Cu,7.19,7.53,0.34,True
MIBZIG,Ti,0.11,0.66,0.55,True
MIBZOM,Ti,0.03,1.09,1.06,False
MICWEE,Zn,0.7,1.88,1.18,False
MICWEE01,Zn,0.71,1.42,0.71,True
MICWII,Zn,0.89,1.45,0.56,True
MICWII01,Zn,0.89,1.46,0.57,True
MIDBOS,Fe,0.13,1.12,0.99,True
MIDBUY,Fe,0.14,1.52,1.38,False
MIDKOC,Cu,0.06,5.57,5.51,False
MIDQEY,Zn,0.98,4.38,3.4,False
MIDRUO,Zn,0.35,6.66,6.31,False
MIFBEI,Re,4.48,5.73,1.25,False
MIFBIM,Tc,4.48,5.73,1.25,False
MIFCEK,Zn,0.74,4.5,3.76,False
MIFCIO,Cu,4.88,5.15,0.27,True
MIFCOU,Co,0.76,5.29,4.53,False
MIFGUD,Cu,0.5,0.99,0.49,True
MIFRID,Cu,0.86,4.06,3.2,False
MIFROJ,Cu,0.74,4.94,4.2,False
MIFYUW,Cu,0.29,0.33,0.04,True
MIFYUW01,Cu,0.29,0.36,0.07,True
MIGFAL,Ag,1.84,2.4,0.56,True
MIGHAN,Hg,2.45,4.04,1.59,False
MIGHIV,V,0.43,5.33,4.9,False
MIGHOB,V,0.39,5.41,5.02,False
MIGHUH,V,0.54,5.45,4.91,False
MIHCUD,Cu,12.11,14.35,2.24,False
MIHGIX,Sc,0.49,4.81,4.32,False
MIHMEV,Ti,3.65,6.05,2.4,False
MIJJOH,Fe,4.88,6.14,1.26,False
MIJJUN,Fe,3.99,4.38,0.39,True
MIJNEY,Hg,7.08,7.13,0.05,True
MIJVAE,Ni,4.29,8.07,3.78,False
MIKNOK,Cu,9.77,8.42,1.35,False
MIKWIO,Mn,5.7,5.97,0.27,True
MIKZIS,Hg,1.85,1.92,0.07,True
MIKZUE,Hg,1.24,1.67,0.43,True
MILBAO,Fe,1.04,5.93,4.89,False
MILBES,Fe,0.7,6.0,5.3,False
MILDIV,Cu,0.53,5.54,5.01,False
MILGEX,Cu,2.46,5.28,2.82,False
MILXUD,Cd,4.33,6.71,2.38,False
MILYEO,Cd,1.28,6.8,5.52,False
MIMBIX,Cu,0.87,1.33,0.46,True
MIMCAQ,Cu,5.26,6.49,1.23,False
MIMFEW,Cu,7.93,11.38,3.45,False
MIMFUN,Zn,1.04,1.65,0.61,True
MIMJOH,Co,6.71,8.57,1.86,False
MIMJUN,Co,0.19,1.02,0.83,True
MIMPED,La,1.24,8.83,7.59,False
MIMYUC,Mn,5.41,5.84,0.43,True
MIMZAJ,Mn,5.21,5.77,0.56,True
MIMZEN,Mn,0.07,0.92,0.85,True
MIMZIR,Mn,5.1,5.66,0.56,True
MINWAJ,Fe,4.55,6.53,1.98,False
MINWEN,Fe,1.08,1.55,0.47,True
MINWIR,Fe,1.6,4.57,2.97,False
MIPGOJ,Co,5.05,5.66,0.61,True
MIPQUZ,Ni,3.76,5.1,1.34,False
MIPTAH,Cu,5.34,6.04,0.7,True
MIPYAO,Zn,4.98,5.78,0.8,True
MIPZIV,Rh,0.4,1.13,0.73,True
MIQCEV,Mn,0.79,6.37,5.58,False
MIQCOH,Mn,6.2,6.44,0.24,True
MIQVAL,Zn,0.22,5.85,5.63,False
MIQVEP,Zn,0.24,0.78,0.54,True
MIQYEU,Cu,4.9,5.89,0.99,True
MIQZOC,Re,0.3,0.39,0.09,True
MIRBIZ,Cu,4.58,5.65,1.07,False
MIRFUO,Cu,0.7,6.74,6.04,False
MIRYOB,W,5.66,6.13,0.47,True
MIRYUH,W,0.6,1.72,1.12,False
MISLEF,Fe,0.6,1.44,0.84,True
MISWEQ,Cu,1.65,6.97,5.32,False
MISXUI,Cu,9.55,7.11,2.44,False
MITJOR,Cu,4.46,6.42,1.96,False
MITRAI,Os,0.54,0.97,0.43,True
MITYOE,Co,0.88,6.76,5.88,False
MITYUK,Co,1.11,6.48,5.37,False
MITZAR,Ni,4.97,5.14,0.17,True
MITZEV,Ni,1.1,4.43,3.33,False
MIVCEZ,Cu,4.77,6.17,1.4,False
MIVJEG,Hg,1.88,7.29,5.41,False
MIVNUE,Mn,3.94,6.88,2.94,False
MIVPAK,W,4.94,5.8,0.86,True
MIVVIX,Ru,0.48,1.64,1.16,False
MIVWAQ,Ru,0.51,1.66,1.15,False
MIVYID,Mn,4.65,6.0,1.35,False
MIWDUU,Rh,5.31,6.09,0.78,True
MIWVAS,Mo,1.61,5.12,3.51,False
MIWWOF,Fe,6.3,6.9,0.6,True
MIYBIJ,Ir,4.17,4.99,0.82,True
MIYYID,V,6.14,8.72,2.58,False
MIZQOE,Mo,0.39,0.75,0.36,True
MIZQUK,Mo,5.27,5.85,0.58,True
MIZRAR,Mo,1.28,6.01,4.73,False
MIZSOE,Ru,0.34,0.47,0.13,True
MIZTUL,Ru,5.61,5.89,0.28,True
MIZWIC,Cr,0.45,0.93,0.48,True
MOBDEM,Cu,6.42,7.74,1.32,False
MOBKOH,Co,8.92,8.56,0.36,True
MOBRAY,Zn,0.03,5.49,5.46,False
MOCFIV,Au,1.07,4.76,3.69,False
MOCFOB,Au,4.88,5.78,0.9,True
MOCGES,Au,4.91,5.79,0.88,True
MOCLOG,Ru,0.15,1.43,1.28,False
MOCQIE01,Tc,4.27,5.19,0.92,True
MOCREF,Cu,4.75,6.02,1.27,False
MOCYEM,Zn,10.98,14.87,3.89,False
MODCIS,Fe,0.86,1.7,0.84,True
MODKAS,Hg,6.53,6.59,0.06,True
MODREE,Ni,0.48,1.03,0.55,True
MODZEO,Cr,7.39,8.48,1.09,False
MOFHEW,Zn,11.61,8.42,3.19,False
MOFPEC,Re,0.2,0.47,0.27,True
MOFVUA,Ru,0.21,3.96,3.75,False
MOFWEJ,Ru,0.12,1.74,1.62,False
MOFWIN,Ru,0.19,1.48,1.29,False
MOFWOT,Ru,6.06,6.16,0.1,True
MOFXAG,Ru,6.0,6.06,0.06,True
MOGMEB,Fe,7.68,8.17,0.49,True
MOGPOO,Zr,4.69,6.54,1.85,False
MOGSAC,Tc,5.55,8.14,2.59,False
MOHBES,Cu,4.66,7.08,2.42,False
MOHHUO,V,0.33,0.72,0.39,True
MOHMAZ,Cu,0.22,5.71,5.49,False
MOHVOU,W,5.6,5.88,0.28,True
MOHWEN,Ir,0.9,1.66,0.76,True
MOJBOC,W,0.06,1.17,1.11,False
MOJCAP,Mn,4.83,5.44,0.61,True
MOJFOG,Cu,4.13,7.63,3.5,False
MOJGAT,Rh,4.78,5.82,1.04,False
MOJGEY,Fe,4.31,5.23,0.92,True
MOKHIF,Rh,5.19,5.86,0.67,True
MOKZUJ,Zn,4.4,5.69,1.29,False
MOLPIO,Cu,0.32,5.06,4.74,False
MOLPIO01,Cu,0.32,5.06,4.74,False
MOLVEO,Cu,2.35,2.63,0.28,True
MOLVIS,Cu,4.63,6.55,1.92,False
MOMBIA,Mn,0.72,6.08,5.36,False
MOMCIB,Cr,7.44,9.2,1.76,False
MOMKIJ,Sc,0.65,6.09,5.44,False
MOMNUZ,Ru,8.98,6.78,2.2,False
MOMXOD,Fe,0.41,1.55,1.14,False
MOMXUJ,Fe,0.64,5.58,4.94,False
MOMXUJ01,Fe,0.64,5.58,4.94,False
MONBOK,Mn,4.92,6.54,1.62,False
MONCOI,Ir,0.63,1.36,0.73,True
MONCUO,Ir,0.61,1.35,0.74,True
MONDAV,Ir,0.55,0.95,0.4,True
MONLIL,Co,0.98,1.93,0.95,True
MONLOR,Co,1.01,5.87,4.86,False
MONSOZ,Fe,5.36,6.18,0.82,True
MONSUF,Fe,0.77,4.86,4.09,False
MONTEQ,Fe,0.91,1.5,0.59,True
MONTIU,Fe,0.77,4.76,3.99,False
MONVIV,Ti,0.5,5.87,5.37,False
MONVOB,Ti,0.5,5.55,5.05,False
MONVUH,Ti,0.39,0.92,0.53,True
MONWER,Rh,6.21,6.84,0.63,True
MONWIV,Rh,5.76,6.56,0.8,True
MONXIX,Mo,5.69,5.82,0.13,True
MOPMOV,Cu,5.29,6.23,0.94,True
MOPSEP,Re,4.71,5.38,0.67,True
MOPTOB,Ni,0.18,0.54,0.36,True
MOQJAF,V,4.84,5.77,0.93,True
MOQJEJ,Ru,1.01,4.94,3.93,False
MOQROA,Co,10.91,12.0,1.09,False
MOQRUG,Co,0.38,5.89,5.51,False
MOQZEY,Cu,0.36,3.52,3.16,False
MOQZIF,Co,0.06,0.81,0.75,True
MORBOL,Cu,7.17,5.61,1.56,False
MORMAJ,Y,0.58,0.6,0.02,True
MORTOD,Zn,4.89,5.83,0.94,True
MORZOK,Y,5.71,7.96,2.25,False
MOSBED,Cu,0.29,5.99,5.7,False
MOSCAA,Cu,0.34,0.85,0.51,True
MOSGEH,Rh,5.27,5.52,0.25,True
MOSKAG,Ir,2.52,5.7,3.18,False
MOSLIS,Zn,0.27,1.19,0.92,True
MOSNIT,Ru,0.61,1.9,1.29,False
MOSPIV,Cu,4.73,5.95,1.22,False
MOSQIU,Fe,0.6,0.63,0.03,True
MOSWOK,Mn,0.01,4.16,4.15,False
MOSYOK,Fe,5.08,6.61,1.53,False
MOSYUS,Rh,0.68,5.99,5.31,False
MOSZAW,Cu,0.45,0.61,0.16,True
MOSZIE,Cu,4.51,5.83,1.32,False
MOSZIG,V,0.7,5.87,5.17,False
MOSZOM,V,4.82,5.73,0.91,True
MOTDIM,Fe,4.72,5.37,0.65,True
MOTDOR,Re,3.78,7.16,3.38,False
MOTVIA,Re,0.47,0.64,0.17,True
MOTXAV,V,1.11,6.19,5.08,False
MOTXEZ,V,1.16,6.19,5.03,False
MOVDEG,Rh,0.38,1.03,0.65,True
MOVRIC01,Cu,8.82,8.2,0.62,True
MOWBUZ,Fe,6.66,6.67,0.01,True
MOWJAM,Y,1.46,4.63,3.17,False
MOWMAN,Co,6.21,8.96,2.75,False
MOWYEF,Ir,2.42,6.81,4.39,False
MOWYIG,Cu,3.49,4.25,0.76,True
MOXFUE,Ru,0.26,0.43,0.17,True
MOXKER,Ni,0.89,2.36,1.47,False
MOXMAR,Fe,5.59,5.84,0.25,True
MOXNAQ,Cu,4.62,6.2,1.58,False
MOXQOG,Co,0.2,4.96,4.76,False
MOXTAY,Fe,0.71,4.98,4.27,False
MOXTEC,Fe,5.79,5.99,0.2,True
MOYLOF,Zn,0.82,6.37,5.55,False
MOYLUL,Zn,0.9,2.05,1.15,False
MOYMAS,Zn,0.6,6.0,5.4,False
MOYRAX,Ti,1.21,1.22,0.01,True
MOYRIF,Ti,1.11,6.1,4.99,False
MOYVIF,Fe,1.3,1.44,0.14,True
MOYVOL,Fe,3.56,7.61,4.05,False
MOZFAJ,Cd,4.72,6.46,1.74,False
MOZJER,Fe,4.67,6.29,1.62,False
MOZNIA,Ru,0.18,0.87,0.69,True
MOZRIC,Mn,0.2,5.34,5.14,False
MPZCUP10,Cu,6.98,6.87,0.11,True
MSIPMO20,Mo,0.32,5.5,5.18,False
MTPCOP10,Co,0.38,6.08,5.7,False
MTPYMZ,Zn,0.82,6.62,5.8,False
MTPYMZ01,Zn,0.79,6.42,5.63,False
MUBGAU,Ru,0.48,2.39,1.91,False
MUBKOL,Fe,0.23,0.87,0.64,True
MUBKUR,Cu,5.17,6.1,0.93,True
MUBMIH,Sc,4.76,6.41,1.65,False
MUBSAH,Fe,3.59,6.64,3.05,False
MUBTIM,Ru,0.21,1.21,1.0,False
MUBTOS,Ru,0.13,1.03,0.9,True
MUBTUY,Ru,0.24,5.72,5.48,False
MUBZEO,Co,3.3,6.37,3.07,False
MUCKED,Cr,5.34,5.66,0.32,True
MUCMAA,Cu,5.19,6.38,1.19,False
MUCRUX,V,0.33,5.7,5.37,False
MUCSEI,V,8.72,11.99,3.27,False
MUCTOT,Ir,0.35,1.49,1.14,False
MUDVIT,Co,0.86,6.11,5.25,False
MUDVOZ,Co,2.39,5.51,3.12,False
MUDVUF,Co,0.34,0.79,0.45,True
MUDWAM,Zn,1.25,2.33,1.08,False
MUDWEQ,Zn,1.42,2.39,0.97,True
MUFJUS,Co,0.7,5.69,4.99,False
MUFJUS01,Co,0.69,1.39,0.7,True
MUFNIM,Fe,3.14,6.56,3.42,False
MUGFAV,Co,12.52,12.14,0.38,True
MUGWIY,Ir,0.27,1.51,1.24,False
MUGZUL,Fe,5.34,6.76,1.42,False
MUHBEY,Fe,4.76,5.76,1.0,False
MUHBOI,Fe,0.34,1.37,1.03,False
MUHBOI01,Fe,0.34,1.36,1.02,False
MUHBOI02,Fe,0.34,1.36,1.02,False
MUHWUH,Zn,0.52,0.86,0.34,True
MUJMOT,Ni,5.66,6.31,0.65,True
MUJVIA,Co,3.59,6.72,3.13,False
MUJXUK,Zn,5.33,6.17,0.84,True
MUKRUF,Cu,0.68,0.76,0.08,True
MUKRUF01,Cu,5.21,6.11,0.9,True
MUKSUJ,Hg,4.55,6.24,1.69,False
MUKXUL,Zn,4.77,5.12,0.35,True
MUKZIC,Zn,0.26,4.83,4.57,False
MULBAX,Zn,0.39,1.36,0.97,True
MULLAI,Co,2.16,5.17,3.01,False
MULLEM,Co,4.98,6.81,1.83,False
MULLIQ,Ni,1.38,1.6,0.22,True
MULYEY,Mn,0.68,0.89,0.21,True
MULYIC,Zn,0.62,0.64,0.02,True
MUMPAL,Ni,10.66,14.78,4.12,False
MUMTEW,Fe,0.47,5.5,5.03,False
MUMTOD,Zn,0.98,7.33,6.35,False
MUNFOT,Ru,5.64,5.81,0.17,True
MUNHUA,Cu,0.28,0.68,0.4,True
MUNKIP,Cr,4.98,5.42,0.44,True
MUNLEO,Zn,0.58,5.97,5.39,False
MUNLIQ,Cr,4.3,6.32,2.02,False
MUNNAO,Zn,0.75,1.73,0.98,True
MUPCEF,Cu,0.31,4.11,3.8,False
MUPROE,Ir,0.7,1.52,0.82,True
MUPVAX,Ru,5.72,5.79,0.07,True
MUPVEB,Ru,5.69,5.87,0.18,True
MUPVUR,Ru,6.26,6.3,0.04,True
MUQKAM,Sc,0.1,0.6,0.5,True
MUQQOE,Cr,0.27,1.01,0.74,True
MUQXEC,V,0.18,0.84,0.66,True
MURCOV,Cu,3.76,4.63,0.87,True
MURJIV,Zn,0.73,6.58,5.85,False
MURNOF,Ru,0.23,1.29,1.06,False
MURPAT,Ru,5.69,6.05,0.36,True
MURPOG,Fe,0.16,5.51,5.35,False
MURQIA,Zn,4.56,5.88,1.32,False
MURVEB,V,0.31,0.38,0.07,True
MURVIF,V,4.68,5.24,0.56,True
MUSGAJ,V,5.45,6.01,0.56,True
MUSGEN,V,4.09,5.56,1.47,False
MUSGIR,V,0.32,4.57,4.25,False
MUSGOX,V,5.5,6.06,0.56,True
MUSGUD,V,7.41,7.69,0.28,True
MUSHUD,V,0.35,0.6,0.25,True
MUSLAO,Cu,0.35,1.03,0.68,True
MUSQOH,Fe,5.34,6.68,1.34,False
MUSXIH,Co,0.7,1.23,0.53,True
MUSXON,Co,0.89,1.69,0.8,True
MUTZUA,Y,11.56,12.08,0.52,True
MUVQEA,Cu,5.14,6.33,1.19,False
MUVSOP,V,4.79,5.96,1.17,False
MUWFAN,Mn,4.84,5.84,1.0,False
MUXDIV,Y,0.32,5.55,5.23,False
MUXLEZ,Cu,5.03,6.4,1.37,False
MUXLID,Cu,4.49,5.42,0.93,True
MUXLOJ,Cu,0.21,5.69,5.48,False
MUXLUP,Cu,0.19,1.05,0.86,True
MUXVEJ,Mn,4.44,8.42,3.98,False
MUXXAE,Re,5.36,6.24,0.88,True
MUXXUC,Co,5.15,5.73,0.58,True
MUYFAN,V,5.83,6.53,0.7,True
MUYFET,Cu,5.24,6.07,0.83,True
MUYGES,Cu,12.85,16.72,3.87,False
MUYGIW,Cu,6.41,14.34,7.93,False
MUYGUI,Cu,5.32,6.68,1.36,False
MUYHAP,Cu,0.36,0.98,0.62,True
MUYTAB,Co,5.71,10.69,4.98,False
MUYTEF,Co,0.33,5.49,5.16,False
MUYWUC,Cu,3.92,6.29,2.37,False
MUYXAJ,Cu,3.2,6.67,3.47,False
MUYYUB,Ti,0.24,1.47,1.23,False
MUYZIR,Ru,6.26,6.26,0.0,True
MUYZOW,Ti,4.33,6.12,1.79,False
MUYZUC,Ti,11.48,9.3,2.18,False
MUZFUM,Co,0.84,5.88,5.04,False
MUZGAT,Co,1.07,6.14,5.07,False
MUZHUN,Cu,5.35,11.14,5.79,False
MUZQAC,Cu,12.02,11.77,0.25,True
MUZWOT,Ti,5.14,14.9,9.76,False
MXCPFE,Fe,0.08,5.49,5.41,False
NABBAV,Ir,0.4,4.73,4.33,False
NABBOM,Cr,1.08,4.02,2.94,False
NABCAU,Zn,0.77,6.03,5.26,False
NABDID,Co,13.26,15.27,2.01,False
NABDOJ,Zn,0.34,1.15,0.81,True
NABFOL,Co,10.11,11.34,1.23,False
NABKOR,V,0.68,5.98,5.3,False
NABNAI,Zn,0.84,6.49,5.65,False
NABNAI01,Zn,0.75,6.41,5.66,False
NABQAI,Mo,5.69,5.82,0.13,True
NABQIQ,Mo,5.71,5.8,0.09,True
NABSAM,Cu,0.41,0.5,0.09,True
NABSIS,Mn,0.52,1.29,0.77,True
NACFEH,Mn,0.53,0.61,0.08,True
NACGAC,Co,5.15,6.17,1.02,False
NACHOP,Zr,4.08,4.6,0.52,True
NADBUU,V,0.2,1.04,0.84,True
NADCAA,Ni,0.74,1.64,0.9,True
NADPES,Ru,5.99,6.26,0.27,True
NADTAR,W,5.78,6.05,0.27,True
NADTUH,Co,0.57,0.84,0.27,True
NADTUH01,Co,0.58,0.82,0.24,True
NADTUH02,Co,0.86,1.22,0.36,True
NADZAV,V,0.15,1.29,1.14,False
NAFDAB,Co,0.41,4.53,4.12,False
NAFGIN,Fe,4.55,6.29,1.74,False
NAFLEM,Mn,5.41,5.83,0.42,True
NAFLIQ,Mn,2.27,5.65,3.38,False
NAGCIL,Cd,1.0,5.64,4.64,False
NAGDOO,Ru,5.84,6.1,0.26,True
NAGFEK,Zn,0.71,5.15,4.44,False
NAGLEO,Cu,0.57,0.66,0.09,True
NAGLOX,Mn,4.76,5.89,1.13,False
NAGNIS,Fe,0.39,1.51,1.12,False
NAGXIF,Re,5.12,6.07,0.95,True
NAGXOL,Re,5.13,6.11,0.98,True
NAHDAB,Re,0.56,0.98,0.42,True
NAHDOQ,Sc,12.91,17.63,4.72,False
NAHLAJ,V,0.18,0.88,0.7,True
NAHLUH,Zn,0.8,5.0,4.2,False
NAHMAO,Cu,5.05,6.58,1.53,False
NAHNEU01,Os,4.65,5.99,1.34,False
NAJBEJ,Cu,8.69,15.55,6.86,False
NAJDIO,Zn,0.88,6.14,5.26,False
NAJKAK,Cu,0.04,0.85,0.81,True
NAJROJ,Zn,0.32,5.11,4.79,False
NAJXOQ,Cu,4.49,5.97,1.48,False
NAKLET,Zn,4.82,5.79,0.97,True
NAKLEU,Sc,0.58,6.38,5.8,False
NAKPEW,Cu,11.66,13.87,2.21,False
NAKPIZ,Cu,6.98,7.43,0.45,True
NALHAK,Ru,5.64,6.42,0.78,True
NALHEO,Ru,3.21,5.32,2.11,False
NALHOZ,Cd,0.99,6.66,5.67,False
NALJIV,Cu,3.82,6.91,3.09,False
NALJOZ,Ti,5.67,6.01,0.34,True
NALMAQ,Cu,4.46,6.0,1.54,False
NALMIY,Cu,0.59,5.43,4.84,False
NALNIZ,Zn,5.61,5.67,0.06,True
NALNUL,Hg,6.84,6.95,0.11,True
NALPEA,Zn,0.74,6.65,5.91,False
NALSEZ,Co,4.33,6.03,1.7,False
NALTOK,Ru,5.83,5.86,0.03,True
NALTOK01,Ru,5.88,5.9,0.02,True
NALWAB,Ir,5.97,6.03,0.06,True
NALWIJ,Ir,5.62,6.01,0.39,True
NALWOP,Ir,0.48,1.98,1.5,False
NALXEG,Mn,0.05,0.94,0.89,True
NALXIK,Re,5.29,5.8,0.51,True
NALZIL,Co,0.29,1.0,0.71,True
NALZOR,Co,5.74,6.25,0.51,True
NAMBOS,Ni,5.3,6.83,1.53,False
NAMBUA,Ni,0.43,0.74,0.31,True
NAMGEN,Ti,0.18,0.86,0.68,True
NAMGUE,Zn,4.76,5.93,1.17,False
NAMGUF,Fe,0.29,0.72,0.43,True
NAMHEQ,Fe,4.38,6.41,2.03,False
NAMHIU,Fe,0.46,0.51,0.05,True
NAMHOA,Fe,4.2,5.32,1.12,False
NAMJAO,Fe,0.45,5.36,4.91,False
NAMYOQ,Ni,0.08,0.95,0.87,True
NANBEM,Cu,4.73,5.59,0.86,True
NANBIQ,Cu,4.72,6.37,1.65,False
NANGAN,V,4.92,5.68,0.76,True
NANGUH,Zn,5.82,9.44,3.62,False
NANHAO,Zn,0.5,5.87,5.37,False
NANNEV,Mn,4.72,5.57,0.85,True
NANYUZ,Zn,0.55,0.59,0.04,True
NANZIO,Zn,0.26,0.67,0.41,True
NANZOU,Zn,0.52,4.49,3.97,False
NANZUA,Zn,4.38,6.34,1.96,False
NAPZEJ,Mn,4.46,5.57,1.11,False
NAQDAL,Cr,4.85,5.84,0.99,True
NAQKUL,V,5.42,6.12,0.7,True
NAQNIC,Cu,10.04,10.62,0.58,True
NAQQAX,Fe,0.19,0.79,0.6,True
NAQWEK,Zn,0.07,5.72,5.65,False
NARDOA,Rh,5.32,5.94,0.62,True
NARDUG,Rh,0.1,1.19,1.09,False
NARFAO,Rh,0.07,1.18,1.11,False
NARKEA,Zn,9.15,8.82,0.33,True
NARPIJ,Mo,5.11,6.72,1.61,False
NARPOP,Mo,0.85,2.14,1.29,False
NARPUV,Mo,2.51,3.96,1.45,False
NASJEA,Zn,5.65,6.62,0.97,True
NASJIE,Zn,0.48,4.95,4.47,False
NASJUQ,Zn,5.4,5.43,0.03,True
NASKEB,Zn,0.65,6.95,6.3,False
NASKIF,Zn,0.49,5.23,4.74,False
NASROQ,Cu,4.48,5.98,1.5,False
NATCAP,Tc,4.71,6.07,1.36,False
NATHID,Fe,5.35,6.76,1.41,False
NATHOJ,Fe,0.59,2.11,1.52,False
NATHUP,Fe,0.55,4.91,4.36,False
NATRUZ,Zn,4.89,5.76,0.87,True
NATTUY,Fe,7.24,8.88,1.64,False
NATVIO,Fe,5.47,5.77,0.3,True
NATWAH,Fe,0.06,0.98,0.92,True
NATWEL,Fe,0.06,0.78,0.72,True
NATXAK,Ru,0.58,1.78,1.2,False
NAVGAV,Cu,3.35,4.41,1.06,False
NAVJEZ,Fe,0.54,5.95,5.41,False
NAVQOU,Ag,0.6,4.26,3.66,False
NAVRAE,Cu,0.39,0.56,0.17,True
NAVVAI,Fe,7.48,12.89,5.41,False
NAVVIQ,Fe,5.13,6.86,1.73,False
NAVWOZ,W,5.27,5.78,0.51,True
NAWBOE,Cr,0.03,0.89,0.86,True
NAWFOJ,Zn,0.87,0.91,0.04,True
NAWLUV,Ru,5.92,6.57,0.65,True
NAWMAC,Ru,0.58,1.66,1.08,False
NAWMEG,Ru,0.69,1.56,0.87,True
NAWWAK,Ir,0.14,1.24,1.1,False
NAXBOH,Cu,9.66,11.1,1.44,False
NAXMOP,Os,1.08,1.27,0.19,True
NAXMUV,Os,1.08,5.7,4.62,False
NAXNAC,Os,6.12,6.26,0.14,True
NAXNEG,Os,0.51,0.8,0.29,True
NAXTEO,Sc,4.72,5.02,0.3,True
NAXTIS,Sc,2.61,5.89,3.28,False
NAXTOY,Sc,3.34,6.49,3.15,False
NAXXOZ,Mn,0.34,0.35,0.01,True
NAXYEU,Cu,0.59,0.78,0.19,True
NAXYOD,Sc,9.0,10.45,1.45,False
NAXYUJ,Sc,2.94,4.67,1.73,False
NAYMUY,Mn,6.18,6.37,0.19,True
NAYPEK,Cu,1.04,4.38,3.34,False
NAYXES,Cu,4.8,6.22,1.42,False
NAYZAQ,Co,0.33,0.35,0.02,True
NAZFID,Ru,5.71,6.18,0.47,True
NAZKOQ,Zn,0.38,5.94,5.56,False
NAZROW,Fe,0.62,4.48,3.86,False
NAZRUC,Fe,0.53,0.71,0.18,True
NAZSOY,Zn,0.78,5.23,4.45,False
NEBBUS,Fe,5.35,6.51,1.16,False
NEBCAA,Hg,4.42,6.24,1.82,False
NEBCEE,Hg,0.78,1.28,0.5,True
NEBCOO,Cu,5.21,6.4,1.19,False
NEBDEG,Cu,8.95,15.27,6.32,False
NEBGAD,Ir,5.55,5.89,0.34,True
NEBLIP,Co,0.32,1.24,0.92,True
NEBLOV,Co,0.42,6.29,5.87,False
NECCON,V,5.21,5.95,0.74,True
NECCON01,V,5.18,5.92,0.74,True
NECCUT,V,0.15,0.64,0.49,True
NECDAA,V,0.4,0.44,0.04,True
NECDEE,V,0.42,5.54,5.12,False
NECDII,V,0.33,0.52,0.19,True
NECFUX,Cu,0.31,0.79,0.48,True
NECHEJ,W,11.81,10.15,1.66,False
NECRIY,Zn,1.15,1.15,0.0,True
NECROC,Ti,0.56,5.07,4.51,False
NECVAT,Zn,0.57,0.67,0.1,True
NECYOJ,Mo,0.65,5.66,5.01,False
NECYUP,Mo,0.98,5.33,4.35,False
NECZAW,Mo,0.5,5.68,5.18,False
NECZEA,Mo,0.45,1.29,0.84,True
NEDCOO,Zn,0.27,0.61,0.34,True
NEDGIM,Mn,0.4,6.4,6.0,False
NEDHEJ,Cu,8.17,7.81,0.36,True
NEDQIY,Tc,0.65,0.81,0.16,True
NEDQOE,Re,0.77,1.72,0.95,True
NEDQUK,Tc,0.01,1.22,1.21,False
NEDRAR,Re,6.0,6.29,0.29,True
NEDTFE01,Fe,7.61,8.56,0.95,True
NEDTFE02,Fe,5.07,4.93,0.14,True
NEFQIB,Zr,2.09,5.71,3.62,False
NEFQUM,Ru,6.13,14.59,8.46,False
NEFYED,Cu,5.02,5.73,0.71,True
NEGCAE,Cu,0.71,1.05,0.34,True
NEGGIT,Nb,0.46,0.94,0.48,True
NEGGOZ,Nb,0.67,4.75,4.08,False
NEGGUF,Nb,0.65,5.41,4.76,False
NEGTOI,Re,0.53,4.96,4.43,False
NEJFAM,Cu,0.45,0.49,0.04,True
NEJGER,Zn,0.37,0.64,0.27,True
NEJWUV,Ru,0.95,2.54,1.59,False
NEKCIR,Cu,4.98,5.79,0.81,True
NEKCOX,Cu,5.31,6.26,0.95,True
NEKCUD,Cu,4.81,6.33,1.52,False
NEKDEO,Cu,0.38,0.74,0.36,True
NEKDIS,Cu,0.45,0.8,0.35,True
NEKDOY,Cu,0.43,0.66,0.23,True
NEKDUE,Cu,0.53,0.67,0.14,True
NEKFAM,Cu,4.98,6.13,1.15,False
NEKGOZ,Ru,3.71,7.09,3.38,False
NEKLEX,Fe,0.59,1.34,0.75,True
NEKWAB,Zn,0.7,0.78,0.08,True
NELCEM,Mo,5.24,5.71,0.47,True
NELCOY,Cu,0.3,6.28,5.98,False
NELNEZ,Cu,5.95,14.07,8.12,False
NELSEG,Cu,0.61,4.23,3.62,False
NELSOQ,Cu,0.52,3.92,3.4,False
NELYAI,Ru,0.5,1.26,0.76,True
NEMBOA,Ru,1.56,6.57,5.01,False
NEMBUG,Ru,6.2,6.41,0.21,True
NEMCIR,Cu,4.24,6.16,1.92,False
NEMDUG,Ru,0.35,5.5,5.15,False
NEMDUG01,Ru,0.35,5.5,5.15,False
NEMFAO,Ru,0.42,3.35,2.93,False
NEMGUI,V,5.01,5.51,0.5,True
NEMGUI01,V,0.16,0.69,0.53,True
NENCOZ,Zn,4.55,5.82,1.27,False
NENNEA,Fe,4.8,6.07,1.27,False
NENVAF,Ru,0.22,1.18,0.96,True
NEPDOB,Pd,1.01,4.4,3.39,False
NEPNON,Zn,0.76,1.75,0.99,True
NEPQUW,Cd,1.44,3.93,2.49,False
NEQCIV,Fe,0.29,5.52,5.23,False
NEQYIR,Zn,0.54,0.96,0.42,True
NEQYIS,Zn,0.73,1.19,0.46,True
NERZAL,V,0.26,5.69,5.43,False
NESBET,Cu,0.29,6.26,5.97,False
NESJAA,Co,1.04,6.59,5.55,False
NESJUR,Re,0.55,1.97,1.42,False
NESLUV,Rh,0.56,0.69,0.13,True
NESMAC,Rh,0.67,4.46,3.79,False
NESQAD,W,0.25,3.29,3.04,False
NESYES,Cu,9.58,16.63,7.05,False
NETBET,Ru,6.89,7.09,0.2,True
NETBIA,Mn,1.54,5.85,4.31,False
NETFUQ,Zn,0.61,5.65,5.04,False
NETGUQ,Cu,0.36,0.39,0.03,True
NETNUX,Cu,0.44,0.56,0.12,True
NETPRE01,Re,0.09,0.94,0.85,True
NETTOX,Ni,4.84,5.7,0.86,True
NETVAL,V,0.56,5.88,5.32,False
NEVBAT,Zn,6.84,15.01,8.17,False
NEVGUU,Cu,7.88,15.07,7.19,False
NEVHED,Cu,0.33,1.54,1.21,False
NEVNIO,Ir,5.69,7.07,1.38,False
NEVQUD,Ir,1.08,5.62,4.54,False
NEVRAK,Ir,0.52,1.14,0.62,True
NEWKEG,Zn,0.34,1.27,0.93,True
NEWQEM,Cu,4.39,6.22,1.83,False
NEWQOW,Cu,4.76,6.24,1.48,False
NEWYOG,Mn,4.89,6.24,1.35,False
NEWZOH,Cd,2.34,4.68,2.34,False
NEXBUO,Zn,7.36,4.7,2.66,False
NEXCAV,Zn,4.66,6.12,1.46,False
NEXCEZ,Zn,4.88,6.34,1.46,False
NEXCUP,Zn,0.5,6.73,6.23,False
NEXDUP,Ru,0.26,1.12,0.86,True
NEXDUP01,Ru,0.26,1.12,0.86,True
NEXKUX,Zn,4.67,6.06,1.39,False
NEXLOS,Fe,6.15,6.09,0.06,True
NEXSOZ,Re,0.16,0.78,0.62,True
NEXSUF,Re,0.18,5.34,5.16,False
NEXVUJ,Zn,0.78,4.9,4.12,False
NEYBID,Zn,0.06,0.73,0.67,True
NEYCAV,Co,11.44,12.76,1.32,False
NEYCAV01,Co,11.47,10.76,0.71,True
NEYDON,Fe,5.3,6.57,1.27,False
NEYHUX,Cu,0.53,6.17,5.64,False
NEYJUY,Fe,0.04,5.37,5.33,False
NEYQAM,Co,0.36,2.01,1.65,False
NEYQEQ,Co,0.4,1.05,0.65,True
NEYTEQ,Mn,0.47,6.16,5.69,False
NEZDUT,Cu,7.49,11.11,3.62,False
NEZGOP,Co,6.72,12.59,5.87,False
NEZGUV,Co,7.31,10.35,3.04,False
NEZHAC,Co,4.94,5.84,0.9,True
NEZHEG,Co,0.77,1.01,0.24,True
NEZPER,Co,0.63,3.64,3.01,False
NEZWAT,Ru,5.56,5.8,0.24,True
NEZWEX,Ru,0.21,1.62,1.41,False
NEZWOH,Ru,6.44,6.45,0.01,True
NEZZUO,W,0.58,6.12,5.54,False
NIBCEH,Os,0.71,1.45,0.74,True
NIBDAE,Cu,0.76,5.1,4.34,False
NIBLAM,V,8.27,9.71,1.44,False
NIBLIU,V,5.03,6.04,1.01,False
NIBMAO,Co,0.25,0.66,0.41,True
NIBMOC,Co,0.43,5.38,4.95,False
NIBPAP,Cu,3.82,6.67,2.85,False
NIBREV,Os,5.42,6.2,0.78,True
NICJIU,Y,0.68,6.34,5.66,False
NIDDAH,Pt,5.16,5.48,0.32,True
NIDDEK,Zn,0.28,5.88,5.6,False
NIDHAJ,Cr,4.88,5.39,0.51,True
NIDQAU,Cu,5.25,6.72,1.47,False
NIDREB,Cu,1.75,4.25,2.5,False
NIDRIF,Cu,1.2,3.1,1.9,False
NIDROL,Cu,4.48,6.7,2.22,False
NIDSIC,Cu,0.31,6.29,5.98,False
NIDVAX,Co,0.34,6.0,5.66,False
NIFLOD,Cr,5.2,5.82,0.62,True
NIFLUJ,W,5.15,5.61,0.46,True
NIFMAQ,W,5.08,5.7,0.62,True
NIFSUR,Zn,0.4,0.6,0.2,True
NIFTAY,Zn,4.73,5.87,1.14,False
NIFZIL,Re,1.48,6.18,4.7,False
NIGFAO,Ru,5.84,5.97,0.13,True
NIGFES,Ru,5.93,6.14,0.21,True
NIGFOC,Ru,5.9,5.93,0.03,True
NIGJEU,Cu,0.54,0.56,0.02,True
NIGLEW,Re,4.8,5.64,0.84,True
NIGPOK,Ru,5.81,5.95,0.14,True
NIGZIM,V,0.3,0.44,0.14,True
NIHCEM,Cu,0.39,5.2,4.81,False
NIHCOW,Cu,4.43,6.62,2.19,False
NIHGOE,V,0.13,0.78,0.65,True
NIHGUK,V,0.1,0.76,0.66,True
NIHMOI,Cu,8.45,14.31,5.86,False
NIHNOJ,Co,0.58,3.9,3.32,False
NIJJUO01,Cu,4.43,5.65,1.22,False
NIJQIJ,Cu,0.86,4.95,4.09,False
NIJSEE,Cu,0.29,0.69,0.4,True
NIJSUU,Cu,4.98,8.7,3.72,False
NIJTAB,Cu,0.62,0.71,0.09,True
NIJTIJ,Zn,0.14,0.92,0.78,True
NIJVOT,Y,0.45,6.82,6.37,False
NIJWAE,Zn,4.28,5.19,0.91,True
NIKMAZ,Zn,3.56,6.62,3.06,False
NIKNAA,Cu,3.54,6.65,3.11,False
NIKNIE,Zn,4.64,5.89,1.25,False
NIKSOP,Cu,5.25,6.1,0.85,True
NIKTIM,Hf,4.72,6.18,1.46,False
NIKWAI,Co,0.67,6.08,5.41,False
NIKWEM,Co,4.18,6.67,2.49,False
NIKWIN,Cu,1.41,6.17,4.76,False
NILVIP01,Cu,4.74,5.71,0.97,True
NILWEM,Zn,0.17,0.45,0.28,True
NIMBUH,Cu,9.9,13.67,3.77,False
NIMJOL,Ti,6.28,11.64,5.36,False
NIMKAZ,Fe,0.81,1.43,0.62,True
NIMYEP,Ta,0.28,5.5,5.22,False
NINHIC,Re,0.56,0.89,0.33,True
NINHUO,Hg,5.06,5.84,0.78,True
NINZES,Cu,12.31,11.63,0.68,True
NIPCUK,Fe,0.15,3.71,3.56,False
NIPLOR,V,0.17,0.81,0.64,True
NIPMAC,Cr,5.53,5.77,0.24,True
NIPMEG,W,5.78,5.85,0.07,True
NIPPUX,Ta,0.17,5.84,5.67,False
NIPQOW,Cu,1.11,4.56,3.45,False
NIPREN,Cd,5.22,6.14,0.92,True
NIQBIA,Ru,0.24,5.47,5.23,False
NIQDIE,Cu,0.75,1.93,1.18,False
NIQGOL,Mo,4.68,5.3,0.62,True
NIQHAY,Mo,5.2,5.74,0.54,True
NIQHEC,Mo,5.1,5.68,0.58,True
NIQRAJ,Co,0.72,6.1,5.38,False
NIQREN,Co,5.16,6.03,0.87,True
NIQXIV,Zn,5.02,6.6,1.58,False
NIRSOZ,Co,0.97,1.43,0.46,True
NIRTOA,Co,0.6,6.1,5.5,False
NIRTUG,Co,0.92,2.2,1.28,False
NIRYUK,Fe,0.29,0.6,0.31,True
NISKIL,Co,1.23,5.22,3.99,False
NISKOR,Co,0.96,1.19,0.23,True
NITDIG,Cu,4.74,6.06,1.32,False
NITHUX,Cu,0.52,0.98,0.46,True
NITLUZ,Ru,0.72,1.87,1.15,False
NITTUF,Cu,8.81,14.29,5.48,False
NITVAN,Cu,5.65,11.05,5.4,False
NITYIY,Os,0.06,0.82,0.76,True
NITZOF,Fe,0.7,1.17,0.47,True
NIVDIF,Ru,5.99,6.15,0.16,True
NIVDUU,Co,4.88,5.9,1.02,False
NIVDUU01,Co,4.75,5.94,1.19,False
NIVDUU02,Co,4.88,5.9,1.02,False
NIVJOR,Ir,5.1,5.97,0.87,True
NIVLOV,Ir,5.78,5.84,0.06,True
NIVQAL,V,0.09,5.41,5.32,False
NIWBUT,Zr,5.48,6.81,1.33,False
NIWCAA,Zr,4.14,6.1,1.96,False
NIWCEE,Hf,3.97,6.73,2.76,False
NIWCII,Zr,0.99,3.12,2.13,False
NIWGOR,Ag,4.68,6.38,1.7,False
NIWKIO,Cu,0.28,5.51,5.23,False
NIWTIY,Ru,0.47,1.12,0.65,True
NIWTOC,Mn,0.25,1.13,0.88,True
NIXMAM,Ru,0.07,5.27,5.2,False
NIXMUG,Pd,0.49,1.62,1.13,False
NIXSUJ,Cu,4.36,5.75,1.39,False
NIXTAQ,Cu,0.4,5.21,4.81,False
NIYCAA,Fe,0.43,5.71,5.28,False
NIYCEG,Mo,0.04,0.9,0.86,True
NIYHIQ,Co,1.62,4.03,2.41,False
NIYPUK,Ni,3.74,4.41,0.67,True
NIYSAR,Cu,7.72,10.99,3.27,False
NIYTIZ,Ag,1.15,6.76,5.61,False
NIYXUS,Cu,4.2,5.54,1.34,False
NIZDOT,Co,0.34,3.94,3.6,False
NIZTAS,Cu,1.2,6.04,4.84,False
NIZTEW,Cu,4.38,5.95,1.57,False
NIZTOG,Cu,9.65,11.11,1.46,False
NMPACU,Cu,4.57,6.08,1.51,False
NOBCEN,Ru,5.85,5.86,0.01,True
NOBCIQ,Cu,7.37,10.54,3.17,False
NOBCIR,Ru,5.82,5.83,0.01,True
NOBCOX,Ru,5.85,5.92,0.07,True
NOBCUD,Ru,5.91,5.99,0.08,True
NOBGET,Mo,4.98,5.58,0.6,True
NOBHIX,Zn,6.16,9.57,3.41,False
NOBNUP,Cu,4.47,5.85,1.38,False
NOBQAW,Cu,4.97,11.25,6.28,False
NOBRIJ,Ru,5.48,6.6,1.12,False
NOBSIG,Cu,1.07,3.74,2.67,False
NOBTIJ,Ir,0.13,1.12,0.99,True
NOBYIP,V,4.84,5.93,1.09,False
NOBYOV,V,0.44,0.58,0.14,True
NOBYUA,Cd,0.97,5.21,4.24,False
NOBZUB,Cd,3.67,4.42,0.75,True
NOCCIT,Cd,3.92,4.55,0.63,True
NOCPEB,Ru,0.24,1.7,1.46,False
NOCPOM,Fe,0.13,5.55,5.42,False
NOCQOL,Cu,0.27,6.14,5.87,False
NOCTEE,Cu,0.43,6.67,6.24,False
NOCWOS,Ru,0.33,1.43,1.1,False
NOCWUY,Ru,6.06,6.13,0.07,True
NOCXAF,Ru,6.08,6.28,0.2,True
NOCXEL,Cu,0.56,4.47,3.91,False
NODJEW,Cr,11.37,11.63,0.26,True
NODVEK,Mn,4.71,5.99,1.28,False
NOFHIA,Ir,5.98,6.46,0.48,True
NOFJOI,Fe,0.24,1.36,1.12,False
NOFSEG,Cu,4.97,5.97,1.0,False
NOFTOU,Fe,0.66,1.27,0.61,True
NOFVIP,Ru,0.52,0.95,0.43,True
NOFVOV,Ru,2.6,2.98,0.38,True
NOFVUA,Cu,1.36,4.28,2.92,False
NOGFOG,V,5.31,5.91,0.6,True
NOGFOI,Cu,0.55,4.57,4.02,False
NOGFUL,Cr,9.88,12.42,2.54,False
NOGFUM,V,4.91,5.92,1.01,False
NOGGEW,Cr,0.19,6.56,6.37,False
NOGGIC,Zn,0.45,6.54,6.09,False
NOGMAZ,Cu,0.6,0.85,0.25,True
NOGPIL,Cu,8.01,12.02,4.01,False
NOGQUW,Cu,4.06,4.25,0.19,True
NOGRUY,V,4.48,5.97,1.49,False
NOGWIR,Zn,0.3,0.69,0.39,True
NOGWOX,Zn,4.82,5.73,0.91,True
NOHVAK,Cu,0.45,0.82,0.37,True
NOHYOA,Ru,5.2,5.88,0.68,True
NOJBOG,Cu,0.19,0.79,0.6,True
NOJDIA,Zn,0.12,0.66,0.54,True
NOJDUM,Cu,0.51,0.67,0.16,True
NOJMEE,Re,5.02,5.66,0.64,True
NOJMEE01,Re,5.32,5.96,0.64,True
NOJRIP,V,5.11,5.61,0.5,True
NOJSIO01,Ni,5.01,5.31,0.3,True
NOJXEQ,Ti,5.96,7.96,2.0,False
NOKCAU,Cu,4.27,7.9,3.63,False
NOKSOX,Mn,7.23,8.23,1.0,False
NOKVUF,Mo,0.9,5.29,4.39,False
NOLMUX,Re,1.28,6.47,5.19,False
NOLNAE,Re,1.16,6.55,5.39,False
NOLNAH,Mn,5.92,6.33,0.41,True
NOLNOR,Ir,0.45,4.9,4.45,False
NOLNOT,Cu,0.6,3.59,2.99,False
NOLQIP,Sc,5.97,6.07,0.1,True
NOLTOX,Os,0.59,1.22,0.63,True
NOLYIY,Cd,5.81,6.64,0.83,True
NOMJIJ,Re,4.75,5.31,0.56,True
NOMKOP,Zr,0.61,5.37,4.76,False
NOMVEQ,Ta,7.16,9.05,1.89,False
NONHII,Ir,0.58,0.71,0.13,True
NONHOO,Ir,0.28,4.98,4.7,False
NONJAC,Fe,5.32,5.89,0.57,True
NONJEG,Fe,5.28,6.27,0.99,True
NONQEQ,Cu,0.99,1.39,0.4,True
NONWET,Os,5.37,5.6,0.23,True
NONXIX,Fe,0.55,6.95,6.4,False
NOPMEN,Zn,0.32,0.66,0.34,True
NOPMUB,Cu,3.17,4.22,1.05,False
NOPNAI,Cu,0.33,5.97,5.64,False
NOPNIS,Zn,4.59,5.57,0.98,True
NOPRIU,Co,0.49,5.01,4.52,False
NOPVUK,Ir,6.12,6.55,0.43,True
NOPXEW,W,5.45,5.81,0.36,True
NOPZUN,Cu,4.85,5.96,1.11,False
NOQBOL,V,5.19,5.62,0.43,True
NOQBUR,V,0.04,0.87,0.83,True
NOQKAI,Cu,1.27,5.13,3.86,False
NOQKIN,Cu,0.13,5.73,5.6,False
NOQKIQ,Cu,1.3,5.1,3.8,False
NOQNOW,Ta,5.09,5.7,0.61,True
NOQPEO,Ta,0.26,2.96,2.7,False
NOQPOY,Ta,0.14,5.68,5.54,False
NOQQOB,Cu,3.95,5.32,1.37,False
NOQVAS,Ru,5.59,6.47,0.88,True
NOQVEW,Ru,5.96,6.51,0.55,True
NOQYID,Cu,0.11,4.22,4.11,False
NORBIH,Zn,0.97,4.69,3.72,False
NORCEE,Zn,0.67,1.28,0.61,True
NORHAG,Cu,4.63,6.3,1.67,False
NORJOV,Cu,4.81,5.84,1.03,False
NORPOC,Mo,4.04,5.29,1.25,False
NOTCOR,Zn,0.56,6.11,5.55,False
NOTREX,Co,1.57,6.63,5.06,False
NOTVEZ,Co,0.23,5.45,5.22,False
NOTWAY,Cu,3.26,4.56,1.3,False
NOVPIA,Ru,0.68,1.85,1.17,False
NOVVAV,Mo,0.75,1.45,0.7,True
NOWKAL,Co,0.27,0.7,0.43,True
NOWKEP,Ni,0.29,5.42,5.13,False
NOWWII,W,0.22,5.14,4.92,False
NOWWOO,Mo,0.22,0.94,0.72,True
NOXPOJ,Cu,0.38,0.71,0.33,True
NOYBOS,Cr,5.74,6.03,0.29,True
NOYDEN,Cu,4.24,5.61,1.37,False
NOYHIU,Cu,4.34,6.68,2.34,False
NOYHOA,Cu,4.95,6.38,1.43,False
NOYJOA,Cu,0.05,1.13,1.08,False
NOYMAR,Rh,5.55,5.91,0.36,True
NOYMEV,Ir,5.44,6.42,0.98,True
NOYWOP,Cu,0.52,4.4,3.88,False
NOYYOT,Co,0.53,6.92,6.39,False
NOZFUH,Ti,0.25,5.4,5.15,False
NOZGOY,Zn,0.63,6.35,5.72,False
NOZLIX,Zn,0.21,5.65,5.44,False
NOZPOJ,W,5.55,6.07,0.52,True
NOZRUP,Cu,4.87,8.85,3.98,False
NOZSIE,Zn,4.79,5.7,0.91,True
NUBCUK,Fe,0.48,6.25,5.77,False
NUBQOU,Cu,0.7,6.15,5.45,False
NUBROT,Fe,0.4,0.91,0.51,True
NUBRUZ,Fe,4.95,6.04,1.09,False
NUBYUI,Cu,9.99,6.76,3.23,False
NUCJAA,Fe,0.29,0.82,0.53,True
NUCRUB,Ti,0.49,2.2,1.71,False
NUCSAH,Co,0.71,5.31,4.6,False
NUCTAG,W,0.3,6.12,5.82,False
NUDGIF,Ta,0.64,6.13,5.49,False
NUDXOC,Zn,0.24,4.83,4.59,False
NUFCIA,Tc,5.2,5.66,0.46,True
NUFNOT,Ru,5.2,6.58,1.38,False
NUFPAH,Cu,0.55,4.37,3.82,False
NUFPOV,Cu,5.11,6.32,1.21,False
NUFPUB,Cu,5.04,6.23,1.19,False
NUGCEA,Cu,0.52,0.94,0.42,True
NUGFEA,Zn,0.24,5.8,5.56,False
NUGLOQ,Zr,0.14,1.01,0.87,True
NUGQEM,Cu,0.75,4.87,4.12,False
NUGREQ,Fe,3.68,5.12,1.44,False
NUGSAN,Fe,1.66,6.39,4.73,False
NUGTAK,Mn,3.51,6.4,2.89,False
NUHBOH,Pt,1.34,1.47,0.13,True
NUHDON,Sc,7.25,10.3,3.05,False
NUHDUS,Zn,4.39,6.2,1.81,False
NUHFAB,Sc,3.73,6.97,3.24,False
NUHNIR,Cu,0.87,4.56,3.69,False
NUHPUD,V,4.85,5.62,0.77,True
NUHSEP,Ir,0.74,2.69,1.95,False
NUJQEO,Cu,4.72,5.9,1.18,False
NUJVAS,Zn,0.35,0.8,0.45,True
NUJZUN,Cu,4.18,12.26,8.08,False
NUKBAW,Cu,5.0,7.6,2.6,False
NUKKOU,Fe,4.82,5.73,0.91,True
NUKKUA,Fe,0.22,0.91,0.69,True
NUKSOC,Cd,2.37,3.1,0.73,True
NUKXEY,Zn,4.95,5.81,0.86,True
NULFUW,Cu,0.64,0.69,0.05,True
NULMUD,Pd,1.03,1.37,0.34,True
NULWAS,Cd,4.74,5.62,0.88,True
NULWAS01,Cd,4.74,5.62,0.88,True
NULYOI,Cu,7.83,15.11,7.28,False
NUMKOX,Zn,0.44,0.65,0.21,True
NUMLAK,Zn,4.87,5.78,0.91,True
NUMTIA,Zn,0.35,0.74,0.39,True
NUMXIC,Cu,5.6,6.21,0.61,True
NUMYAV,Cr,5.36,6.04,0.68,True
NUNJIR,Co,4.65,5.46,0.81,True
NUNMAL,Co,0.1,0.93,0.83,True
NUNMEP,Cu,5.02,5.2,0.18,True
NUNMUF,Cd,1.36,5.15,3.79,False
NUNNIU,Cu,9.87,13.04,3.17,False
NUNTAS,Cu,4.78,11.71,6.93,False
NUNVIE,Cu,5.09,6.12,1.03,False
NUNVUQ,Cu,7.27,10.85,3.58,False
NUNWOK,Fe,0.37,1.83,1.46,False
NUNXAW,Co,0.77,4.69,3.92,False
NUNXAW01,Co,0.77,5.21,4.44,False
NUNXAX,Fe,0.15,0.79,0.64,True
NUNXEB,Fe,5.49,6.02,0.53,True
NUNXIF,Fe,5.07,5.74,0.67,True
NUNXUR,Fe,4.44,5.48,1.04,False
NUNYAY,Fe,5.19,5.71,0.52,True
NUPCEK,Fe,5.48,6.45,0.97,True
NUQHAI,Cu,6.18,10.7,4.52,False
NUQMAP,Co,3.79,6.41,2.62,False
NURLAP,Cu,4.82,6.29,1.47,False
NURLET,Cu,0.4,0.8,0.4,True
NURLIX,Cu,4.41,6.4,1.99,False
NURYAB,Au,2.5,5.76,3.26,False
NUSFIS,Cu,9.0,11.59,2.59,False
NUSFOY,Cu,9.01,8.64,0.37,True
NUSJUK,Zn,5.02,5.79,0.77,True
NUSKOB,Re,5.51,5.89,0.38,True
NUSKUH,Re,5.94,6.26,0.32,True
NUTGUF,Co,0.57,5.04,4.47,False
NUTJAN,Cu,4.43,6.19,1.76,False
NUTJER,Cu,0.33,0.41,0.08,True
NUTMUL,Rh,0.22,5.5,5.28,False
NUTNAS,Rh,5.09,5.85,0.76,True
NUTXAF,Ru,6.08,6.27,0.19,True
NUVDAM,Cu,0.4,5.71,5.31,False
NUVDEQ,Cu,10.14,9.69,0.45,True
NUVFAN,Rh,6.05,6.15,0.1,True
NUVLAV,Fe,0.9,6.8,5.9,False
NUVVIM,Cu,0.52,0.53,0.01,True
NUXNUP,Ta,1.19,1.39,0.2,True
NUXPAX,Ta,5.14,6.09,0.95,True
NUXPAY,Ir,5.78,6.22,0.44,True
NUXQAA,Mn,0.16,1.48,1.32,False
NUXQII,Re,0.07,0.79,0.72,True
NUXWUA,Zn,5.22,6.08,0.86,True
NUYHOE,Ni,0.28,0.98,0.7,True
NUYJEY,La,4.63,8.62,3.99,False
NUYJOI,Y,10.93,8.85,2.08,False
NUYPOP,Zn,0.43,4.96,4.53,False
NUYROQ,W,0.06,0.8,0.74,True
NUYWUZ,Fe,0.12,5.63,5.51,False
NUZCOC,Co,4.75,5.94,1.19,False
NUZCUI,Co,5.68,5.97,0.29,True
NUZHEW,Sc,4.29,5.07,0.78,True
NUZMOO,Zn,4.77,5.39,0.62,True
NUZTOV,Nb,5.57,5.77,0.2,True
NUZWUC,Os,5.75,5.94,0.19,True
NUZXAJ,Os,0.59,0.94,0.35,True
NUZXEN,Os,5.15,5.95,0.8,True
NUZXIR,Os,0.09,1.12,1.03,False
NUZYIR,Ru,0.81,4.31,3.5,False
OBAFAB,Zn,0.55,4.42,3.87,False
OBALOV,Cu,11.42,8.33,3.09,False
OBAPUF,Cd,2.02,7.01,4.99,False
OBARER,Cu,0.99,6.54,5.55,False
OBASAL,Ti,0.48,4.56,4.08,False
OBAXUM,Fe,0.82,0.87,0.05,True
OBEFUY,Zn,0.79,5.9,5.11,False
OBEGIN,Zn,0.79,5.98,5.19,False
OBEGUY,Cu,1.21,5.0,3.79,False
OBELAL,Ru,0.52,1.36,0.84,True
OBEPOE,Cu,11.16,13.74,2.58,False
OBEYUP,Mn,4.7,5.9,1.2,False
OBIFUA,Fe,0.85,1.25,0.4,True
OBIGAH,Fe,0.82,4.87,4.05,False
OBIMAP,Fe,0.52,6.69,6.17,False
OBIYAZ01,Cu,8.87,10.61,1.74,False
OBIZAE,Cu,5.21,5.42,0.21,True
OBIZEI,Cu,1.49,1.97,0.48,True
OBOCIS,Zn,0.66,6.25,5.59,False
OBOCOY,Zn,0.46,5.0,4.54,False
OBODUG,V,4.74,10.79,6.05,False
OBOFUI,Cu,4.18,5.09,0.91,True
OBOGOE,Mn,0.62,1.95,1.33,False
OBOGOE01,Mn,0.62,1.95,1.33,False
OBOHAQ,Cu,5.2,6.52,1.32,False
OBOHIX,Ru,4.82,6.13,1.31,False
OBOHOD,Ru,5.65,6.2,0.55,True
OBOJIA,Ag,6.76,10.04,3.28,False
OBOMIC,Ru,5.85,6.3,0.45,True
OBOQOO,Cu,6.33,6.42,0.09,True
OBOSIJ,Cu,0.82,5.35,4.53,False
OBOSON,Cr,4.56,5.45,0.89,True
OBOTUU,Fe,0.7,5.19,4.49,False
OBOXUZ,V,4.71,5.9,1.19,False
OBOYAG,V,0.49,0.53,0.04,True
OBOYIO,V,4.92,5.79,0.87,True
OBOZUB,V,0.18,0.7,0.52,True
OBUBAP,V,0.24,0.94,0.7,True
OBUCIX,Cu,3.06,4.25,1.19,False
OBUNAE,Mo,11.06,12.56,1.5,False
OBUQUB,Mn,5.75,6.16,0.41,True
OBUVEP,Fe,5.24,6.4,1.16,False
OCABIE,V,0.28,4.94,4.66,False
OCABIE01,V,4.92,5.91,0.99,True
OCEHIR,Ag,8.33,8.38,0.05,True
OCEPIW,Cu,7.32,11.37,4.05,False
OCEYIE,Ru,4.93,6.16,1.23,False
OCEYOK,Ru,4.26,5.79,1.53,False
OCEYUQ,Ru,0.84,3.34,2.5,False
OCIFAK,Cu,0.39,5.99,5.6,False
OCIFUE,Zn,0.88,6.69,5.81,False
OCIMIY,Ru,0.34,1.33,0.99,True
OCIPIC,Cu,0.46,0.61,0.15,True
OCIQOK,Cu,4.76,6.15,1.39,False
OCITAY,Cu,0.22,1.24,1.02,False
OCIVIG,Hg,4.53,4.9,0.37,True
OCIWEE,Re,0.67,0.81,0.14,True
OCIWOO,Re,0.33,5.7,5.37,False
OCIXAD,V,5.47,5.91,0.44,True
OCIXEH,V,5.19,5.56,0.37,True
OCIYUV,Cu,3.61,7.2,3.59,False
OCOBUE,Zn,0.38,4.86,4.48,False
OCODER,Os,5.31,6.14,0.83,True
OCODOB,Ru,5.25,5.94,0.69,True
OCOKIA,Cu,4.93,6.28,1.35,False
OCOKIA01,Cu,0.5,4.51,4.01,False
OCOLAT,Zn,0.95,5.62,4.67,False
OCOPUR,Cu,5.66,11.78,6.12,False
OCOVIL,Fe,6.19,6.77,0.58,True
OCOVOR,Fe,0.19,1.61,1.42,False
OCUCOE,Cu,1.21,5.41,4.2,False
OCUJIJ,Co,8.72,9.9,1.18,False
OCUJOL,Fe,5.33,6.51,1.18,False
OCUJOL01,Fe,5.35,6.54,1.19,False
OCUMUW,Zn,5.84,4.05,1.79,False
OCURIQ,Fe,0.34,1.45,1.11,False
OCUROW,Re,0.54,5.76,5.22,False
ODAFOQ,Y,1.14,3.82,2.68,False
ODAGOQ,Mn,5.42,6.63,1.21,False
ODAGUW,Mn,0.99,1.6,0.61,True
ODAKUZ,Cr,0.12,0.91,0.79,True
ODANAJ,Cu,0.35,1.45,1.1,False
ODAWAS,Cu,4.64,5.68,1.04,False
ODECOQ,Cu,4.59,7.72,3.13,False
ODENOA,W,5.37,5.76,0.39,True
ODEPAO,Cr,0.06,0.98,0.92,True
ODESEY,Mn,4.53,5.6,1.07,False
ODICUA,Cu,4.89,6.3,1.41,False
ODIJIU,Cr,13.13,17.36,4.23,False
ODIRID,Zn,11.68,8.45,3.23,False
ODOFAQ,Zn,0.24,0.69,0.45,True
ODOGAP,Cu,1.02,6.85,5.83,False
ODOZUD,W,5.83,6.01,0.18,True
ODUBAR,W,5.78,5.9,0.12,True
ODUBEV,W,0.09,1.27,1.18,False
ODUGOK,Cu,0.92,5.32,4.4,False
ODUGUQ,Cu,4.96,6.68,1.72,False
ODUHEA,Os,11.61,16.16,4.55,False
ODUKUV,Ru,0.09,5.33,5.24,False
ODULOP,Cu,6.35,7.86,1.51,False
ODUMOS,Ag,3.24,7.37,4.13,False
OFABAZ,Fe,5.23,6.34,1.11,False
OFABON,Mn,1.49,4.64,3.15,False
OFABUT,Fe,3.93,6.78,2.85,False
OFACEE,Fe,0.34,5.23,4.89,False
OFAREW,Co,5.47,8.35,2.88,False
OFAROF,Ir,4.17,5.84,1.67,False
OFARUI,Cu,4.84,5.98,1.14,False
OFARUL,Ir,8.39,11.01,2.62,False
OFAVIA,Ru,0.07,0.95,0.88,True
OFAVIC,Co,2.95,5.23,2.28,False
OFEPIB,Cu,0.95,1.15,0.2,True
OFEVIG,Ir,2.19,3.33,1.14,False
OFEWIH,Cu,4.13,12.09,7.96,False
OFEWIH01,Cu,5.94,13.72,7.78,False
OFEWON,Cu,5.03,6.18,1.15,False
OFIDEP,Cu,1.12,2.68,1.56,False
OFIKUK,Cu,0.55,5.83,5.28,False
OFIMIA,Pd,3.23,4.62,1.39,False
OFIMIZ,Pt,6.28,7.17,0.89,True
OFITEF,Ru,0.25,1.85,1.6,False
OFITOO,Ru,6.17,6.23,0.06,True
OFITOP,Ru,5.33,5.86,0.53,True
OFITUV,Ru,1.08,5.94,4.86,False
OFIVEH,Ni,0.1,0.78,0.68,True
OFIXUZ,Fe,0.6,5.48,4.88,False
OFOHUO,Ru,12.5,8.08,4.42,False
OFOKEZ,Os,0.73,5.35,4.62,False
OFOPAB,Cu,0.53,0.91,0.38,True
OFUFAW,Ni,0.57,4.87,4.3,False
OFUGIH,Cu,0.36,0.69,0.33,True
OFUPOY,Cu,0.22,6.2,5.98,False
OFUQOV,Fe,0.09,5.16,5.07,False
OFUSUF,Zn,8.85,11.0,2.15,False
OFUTAL,Pd,13.2,8.54,4.66,False
OFUTEQ,Zn,0.48,5.99,5.51,False
OFUWUI,Ru,0.14,5.21,5.07,False
OFUXAP,Ru,0.18,0.91,0.73,True
OGAFEJ,Zn,0.45,3.77,3.32,False
OGARUL,Hg,5.19,6.69,1.5,False
OGEKUI,Cu,2.99,4.22,1.23,False
OGELAP,Cu,0.91,1.36,0.45,True
OGELIX,Cu,5.45,6.75,1.3,False
OGEMES,V,0.24,5.71,5.47,False
OGERAT,V,1.06,6.11,5.05,False
OGIHEU,Mn,4.94,6.6,1.66,False
OGIHIY,Zn,0.59,0.88,0.29,True
OGIMOG,Zn,1.17,5.48,4.31,False
OGIVOT,Fe,1.48,2.34,0.86,True
OGIWUX,Fe,0.11,1.46,1.35,False
OGIYOW,Fe,0.59,0.84,0.25,True
OGOHUQ,Ni,3.55,5.29,1.74,False
OGOJEC,Ni,5.3,6.59,1.29,False
OGOJID,Mn,8.42,10.37,1.95,False
OGOKUQ,W,1.08,5.92,4.84,False
OGOLAX,W,0.95,5.88,4.93,False
OGOLUV,Co,1.64,2.4,0.76,True
OGONON,Ru,0.09,1.6,1.51,False
OGOSOT,Cu,5.18,6.63,1.45,False
OGOSUZ01,Cu,4.71,5.19,0.48,True
OGOTAG,Cu,5.19,6.58,1.39,False
OGUCAU,Cu,0.58,0.74,0.16,True
OGUNIP,Zn,0.29,0.63,0.34,True
OGUQAI,Ag,3.05,5.71,2.66,False
OGUXUJ,Rh,5.92,6.08,0.16,True
OGUXUJ01,Rh,6.38,6.51,0.13,True
OHEBEI,Ti,9.98,10.93,0.95,True
OHEBIM,Ti,9.78,9.12,0.66,True
OHEBOS,Ti,11.37,13.33,1.96,False
OHECUZ,Ti,0.63,5.74,5.11,False
OHEDUA,Co,0.99,6.65,5.66,False
OHEFIQ,Zn,0.62,6.36,5.74,False
OHELOD,Cu,0.79,6.37,5.58,False
OHIGES,La,0.62,4.56,3.94,False
OHIHIZ,Ru,5.31,5.32,0.01,True
OHIPAZ,Cu,0.36,0.76,0.4,True
OHIQOL,Zn,0.76,5.84,5.08,False
OHIQON,Rh,0.21,1.32,1.11,False
OHIVUA,Zn,5.03,5.9,0.87,True
OHIYUZ,Cu,0.47,0.92,0.45,True
OHOJED,Ru,0.26,1.27,1.01,False
OHOLIG,Fe,0.88,1.47,0.59,True
OHOLIK,Co,0.25,1.14,0.89,True
OHUHEE,V,1.1,6.12,5.02,False
OHUKOV,Cu,0.29,5.92,5.63,False
OHUKUB,Cu,0.13,0.73,0.6,True
OHUMOU,Y,0.64,0.78,0.14,True
OJACAH,Fe,0.43,5.71,5.28,False
OJACIL,Mo,4.99,5.81,0.82,True
OJACOR,Mo,5.12,5.68,0.56,True
OJAZIL,Cu,10.33,15.47,5.14,False
OJAZOR,Cu,8.5,12.09,3.59,False
OJEBAJ,Re,4.71,5.89,1.18,False
OJEHIV,Zn,11.88,16.31,4.43,False
OJEMEV,Co,4.9,6.15,1.25,False
OJEMIZ,Co,4.97,5.44,0.47,True
OJEPIF,Sc,0.82,1.72,0.9,True
OJEPOL,Y,0.94,1.86,0.92,True
OJEQOL,Zn,0.81,4.91,4.1,False
OJEQON,Mn,0.41,1.6,1.19,False
OJETIH,Zr,0.62,5.77,5.15,False
OJETON,Zr,0.7,5.93,5.23,False
OJIBAL,W,0.54,6.0,5.46,False
OJITAC,Zn,7.7,7.23,0.47,True
OJIYEN,Zn,4.65,5.82,1.17,False
OJOGED,Co,3.16,4.02,0.86,True
OJOGEZ,Fe,0.24,6.22,5.98,False
OJOHAW,Ti,0.23,1.78,1.55,False
OJOXUH,Zn,5.04,5.83,0.79,True
OJUCIH,Cu,4.68,5.84,1.16,False
OJUFEE,Ru,0.54,1.47,0.93,True
OJUHOQ,Zn,5.17,6.49,1.32,False
OJUHOQ01,Zn,5.18,6.48,1.3,False
OJUHUW,Zn,0.67,5.98,5.31,False
OJULEL,Co,0.2,3.5,3.3,False
OJULIP,Cu,4.83,5.86,1.03,False
OKADUD,V,1.06,6.03,4.97,False
OKAMIY,Zn,5.82,13.28,7.46,False
OKAQOG,Cu,0.44,0.65,0.21,True
OKAQUM,Cu,0.45,0.49,0.04,True
OKARAT,Cu,5.09,6.25,1.16,False
OKEGIX,Fe,0.52,5.95,5.43,False
OKEGOD,Fe,1.25,6.74,5.49,False
OKELIZ,Cu,5.29,5.65,0.36,True
OKEXEH,Fe,0.09,1.08,0.99,True
OKIHEV,Cr,1.0,5.99,4.99,False
OKIJEA,Zn,0.75,6.38,5.63,False
OKIXUB,Cu,0.55,0.83,0.28,True
OKIYAI,Cu,6.13,6.29,0.16,True
OKIYOY,Zn,0.79,5.68,4.89,False
OKIYOY01,Zn,0.79,5.69,4.9,False
OKOGII,Ru,6.03,6.04,0.01,True
OKOKEG,Zn,0.24,0.63,0.39,True
OKOLEF,Ti,0.41,5.72,5.31,False
OKOTAJ,Re,0.19,0.47,0.28,True
OKOTIR,Re,0.31,5.35,5.04,False
OKOWET,Ti,1.18,4.89,3.71,False
OKOWIX,Ti,1.13,3.13,2.0,False
OKOXOE,W,4.8,5.71,0.91,True
OKUBII,Cu,0.82,3.68,2.86,False
OKUBOO,Ni,0.8,0.9,0.1,True
OKUBUU,Fe,0.25,1.53,1.28,False
OKUDAC,Mn,5.13,5.13,0.0,True
OKUDOQ,Mn,4.68,6.23,1.55,False
OKUJAF,Ru,5.43,5.83,0.4,True
OKULUB,Cu,0.82,0.82,0.0,True
OKUTAQ,Zn,0.86,1.12,0.26,True
OKUXIE,Cu,0.48,5.6,5.12,False
OKUXOK,Cu,0.54,5.36,4.82,False
OKUXUO,Mn,0.84,6.16,5.32,False
OKUYAW,Co,0.87,6.27,5.4,False
OLADAI,W,4.77,5.85,1.08,False
OLEJIZ,Cu,4.64,6.76,2.12,False
OLIQIJ,Fe,10.53,7.11,3.42,False
OLIWIP,Cu,0.48,0.62,0.14,True
OLIWIP01,Cu,5.07,6.15,1.08,False
OLIWIP02,Cu,0.47,0.88,0.41,True
OLIWOV,Cu,8.85,10.27,1.42,False
OLOGEF,Mo,5.15,5.5,0.35,True
OLOKUW,Nb,0.19,0.93,0.74,True
OLOLAD,Ta,0.17,0.91,0.74,True
OLOLEG,Zn,0.67,2.01,1.34,False
OLOVOE,Cd,1.16,2.46,1.3,False
OLUHIQ,Zr,0.18,1.51,1.33,False
OLUJAK,Hf,5.47,5.84,0.37,True
OLUVEA,Cu,0.52,5.44,4.92,False
OLUWAX,Hg,0.77,1.23,0.46,True
OMAHOD,Cu,10.04,11.68,1.64,False
OMAKES,Cr,0.05,0.9,0.85,True
OMAKIW,Cr,7.98,16.9,8.92,False
OMAXAD,Cu,5.07,10.25,5.18,False
OMEFIZ,Co,0.3,5.71,5.41,False
OMEMEB,Ru,6.13,6.61,0.48,True
OMEMUR,Cu,0.81,4.61,3.8,False
OMEWAF,Cu,9.1,3.67,5.43,False
OMEZEL,Rh,1.43,4.29,2.86,False
OMIHOL,Co,0.73,1.81,1.08,False
OMIJEA,Fe,0.83,5.13,4.3,False
OMIJEC,Ru,0.54,1.44,0.9,True
OMIRAH,Co,3.85,6.48,2.63,False
OMISUZ,Tc,0.03,0.91,0.88,True
OMITAG,Re,5.22,5.74,0.52,True
OMOCOK,Zn,0.65,5.97,5.32,False
OMODEB,Zn,5.18,7.02,1.84,False
OMODIF,Zn,1.04,6.6,5.56,False
OMODOL,Cd,3.0,4.24,1.24,False
OMOJAD,Cu,0.47,1.02,0.55,True
OMOJUX,Cu,0.37,6.12,5.75,False
OMOKEI,Cu,9.69,9.19,0.5,True
OMUBII,Cu,6.43,9.37,2.94,False
OMUBOO,Cu,7.56,10.79,3.23,False
OMUDOS,Co,4.81,5.86,1.05,False
OMUVEY,Hg,2.6,4.94,2.34,False
ONAGUG,Ti,4.86,5.76,0.9,True
ONAJOD,Ir,0.34,1.06,0.72,True
ONAJUJ,Ir,4.82,5.17,0.35,True
ONALEY,Cu,5.89,6.4,0.51,True
ONAYOT,Cu,0.39,1.83,1.44,False
ONEFIZ,Fe,0.8,1.65,0.85,True
ONEFUL,Ni,0.74,5.22,4.48,False
ONEGAS,Cu,0.74,3.55,2.81,False
ONEPAA,Fe,0.02,0.84,0.82,True
ONEQAB,Fe,0.01,0.94,0.93,True
ONEVUZ,Cu,0.36,5.53,5.17,False
ONIWUG,Ir,5.23,6.23,1.0,False
ONIYOC,Ir,5.19,6.02,0.83,True
ONIYUI,Ir,5.28,6.58,1.3,False
ONOBOJ,Fe,5.36,6.33,0.97,True
ONOFAZ,Hg,1.69,6.49,4.8,False
ONOHUV,Zn,0.3,6.61,6.31,False
ONOLUZ,Re,5.38,6.43,1.05,False
ONOMIO,Mo,3.71,4.63,0.92,True
OPALOH,V,4.69,5.89,1.2,False
OPALOJ,W,0.62,1.48,0.86,True
OPAMAW,Mo,5.58,6.11,0.53,True
OPEHAU,Cu,4.03,6.79,2.76,False
OPESUY,Cu,0.7,4.98,4.28,False
OPETAF,Cu,1.04,1.47,0.43,True
OPEVIP,Zn,0.76,4.47,3.71,False
OPIFAX,Ni,6.72,14.23,7.51,False
OPIWAN,V,5.08,5.76,0.68,True
OPIWER,V,4.97,5.7,0.73,True
OPIYAO,Zn,4.37,7.11,2.74,False
OPOLUC,Zn,0.38,0.8,0.42,True
OPONUD,Cu,6.62,12.02,5.4,False
OPOYEZ,Ti,0.24,6.26,6.02,False
OPUCUZ,Ti,0.2,1.0,0.8,True
OPUFOW,Cu,5.26,6.47,1.21,False
OPUHIS,Ag,5.0,11.43,6.43,False
OPUJOZ,Zn,0.55,5.86,5.31,False
OPUJOZ01,Zn,0.55,5.85,5.3,False
OPUKAM,Hg,5.58,5.67,0.09,True
OQAJOG,Cd,1.68,4.15,2.47,False
OQANUS,Cu,4.92,5.87,0.95,True
OQAPUT,Ir,5.22,6.29,1.07,False
OQEDEU,Cd,1.18,6.06,4.88,False
OQEGAT,Ru,0.44,1.27,0.83,True
OQEGEX,Ru,5.2,6.0,0.8,True
OQEGIB,Ru,4.76,6.22,1.46,False
OQEGOH,Ru,0.41,1.24,0.83,True
OQEHUO,Os,0.2,5.4,5.2,False
OQEJAW,Os,0.15,1.16,1.01,False
OQEJEA,Os,0.17,0.78,0.61,True
OQEMED,Cu,4.69,5.72,1.03,False
OQETEM,Mn,5.67,7.75,2.08,False
OQIFAY,Tc,5.0,6.08,1.08,False
OQIFEC,Tc,1.45,6.14,4.69,False
OQIHUS,Cu,4.85,5.97,1.12,False
OQITOA,Tc,0.46,1.51,1.05,False
OQIZOF,Cu,0.67,4.7,4.03,False
OQODII,Cu,7.5,7.76,0.26,True
OQODOO,V,5.14,5.73,0.59,True
OQODUU,V,5.14,5.66,0.52,True
OQOMUE04,Cu,0.56,1.38,0.82,True
OQUBAE,Cr,0.06,1.17,1.11,False
OQUBAF,Mn,5.81,6.27,0.46,True
OQUBEI,Cr,5.43,5.84,0.41,True
ORAMEA,Cr,6.44,13.62,7.18,False
ORANEB,Cr,5.32,5.94,0.62,True
ORAWUA,Cu,0.57,0.82,0.25,True
ORAXAH,Cu,6.15,13.0,6.85,False
ORECUM,Cu,7.51,14.12,6.61,False
OREDOF,Ir,6.14,6.19,0.05,True
ORETAH,Zn,0.26,5.67,5.41,False
ORIFON,Fe,0.83,1.19,0.36,True
ORIJEG,Fe,5.06,5.89,0.83,True
ORIROX,Cu,11.17,9.96,1.21,False
ORISEO,Cu,11.07,15.6,4.53,False
ORIVER,Cu,7.55,15.23,7.68,False
ORIVIV,Cu,13.96,18.7,4.74,False
OROBUT,Ni,0.65,1.0,0.35,True
ORODOP,Ni,5.43,6.58,1.15,False
ORODUV,Ni,9.12,15.17,6.05,False
OROFAD,Ni,9.14,9.72,0.58,True
OROJOV,Mn,4.66,6.06,1.4,False
OROVID,Ru,0.34,2.05,1.71,False
ORUJOC,Cd,0.34,1.21,0.87,True
ORUMEV,Cu,0.56,0.96,0.4,True
ORUYEH,Ru,0.92,6.88,5.96,False
ORUYEH01,Ru,4.09,6.69,2.6,False
OSEQOT,Mo,5.86,6.19,0.33,True
OSEQUZ,Mo,0.27,1.36,1.09,False
OSIVAQ,Cd,1.89,2.04,0.15,True
OSOCAC,Fe,4.58,4.99,0.41,True
OSOCEG,Co,3.72,5.19,1.47,False
OSOCIK,Ni,5.4,7.07,1.67,False
OSOCUW,Zn,0.93,6.44,5.51,False
OSODAD,Fe,0.43,0.97,0.54,True
OSODIL,Fe,3.86,5.31,1.45,False
OSODOR,Fe,0.83,0.87,0.04,True
OSOMIV,Cu,5.03,5.92,0.89,True
OSOREW,Os,5.13,6.15,1.02,False
OSOROG,Os,0.6,0.61,0.01,True
OSOSAS,Cu,0.56,0.66,0.1,True
OSUCOV,Ru,5.36,6.6,1.24,False
OSUCUB,Ru,0.84,0.95,0.11,True
OSUHIV,Ti,0.33,1.45,1.12,False
OTATUA,Nb,1.37,1.47,0.1,True
OTEKUV,Cu,12.18,14.82,2.64,False
OTEWIW,Ni,0.39,0.42,0.03,True
OTEXES,W,5.1,5.79,0.69,True
OTIFIH,V,0.22,0.45,0.23,True
OTODEH,V,0.07,5.46,5.39,False
OTOPOD,Ti,6.62,7.69,1.07,False
OTUBIR,Cu,4.84,5.84,1.0,False
OTUNEX,Hf,0.5,6.29,5.79,False
OTUNIB,Zr,6.52,3.19,3.33,False
OVAPOR,Zn,0.41,4.64,4.23,False
OVAVEO,Co,0.13,1.19,1.06,False
OVAXEQ,Cu,7.59,14.98,7.39,False
OVAXUG,Co,0.18,1.14,0.96,True
OVEGUT,W,0.04,1.03,0.99,True
OVESAL,Zn,0.34,1.14,0.8,True
OVIQAM,Y,0.52,1.03,0.51,True
OVIWUO,W,5.48,6.49,1.01,False
OVIXID,W,5.37,14.3,8.93,False
OVIYOJ,Ru,0.52,2.23,1.71,False
OVOBIN,W,4.94,5.77,0.83,True
OVOKUG,Ru,0.41,1.45,1.04,False
OVOMUK,Ta,0.43,0.6,0.17,True
OVONAR,Ta,3.43,4.79,1.36,False
OVONIZ,Nb,4.91,5.78,0.87,True
OVOQIB,Ru,5.51,5.81,0.3,True
OVOREY,Ru,0.34,1.59,1.25,False
OVOTOK,Co,4.96,6.29,1.33,False
OVOXOO,Fe,0.24,1.4,1.16,False
OVOYEF,Fe,0.39,0.54,0.15,True
OVUBAK,Ru,0.23,1.59,1.36,False
OVUBIS,Ru,12.69,13.24,0.55,True
OVUBOY,Ru,4.72,5.97,1.25,False
OVUCUF,Co,0.83,6.37,5.54,False
OVUDAM,Co,0.57,6.03,5.46,False
OVUXOT,Co,6.73,13.28,6.55,False
OVUYAG,Zn,0.55,1.17,0.62,True
OWAGUQ,Cr,4.75,9.78,5.03,False
OWAJIG,Cd,4.65,5.11,0.46,True
OWEBEZ,Fe,0.3,5.85,5.55,False
OWELAF,Mn,5.0,5.79,0.79,True
OWEMIO,Os,0.14,5.2,5.06,False
OWEMUA,Os,0.25,1.05,0.8,True
OWENAH,Os,4.9,5.94,1.04,False
OWIWEZ,Ta,5.45,5.91,0.46,True
OWIWID,Ta,0.19,0.83,0.64,True
OWIWUP,Ta,4.98,5.67,0.69,True
OWOKER,Ru,0.6,1.68,1.08,False
OWUHOE,W,5.6,5.9,0.3,True
OWUJAS,W,5.58,5.88,0.3,True
OWUJEY,Mn,0.39,4.89,4.5,False
OWULIC,V,0.61,1.08,0.47,True
OWUQIH,W,0.06,1.09,1.03,False
OXAECU,Cu,6.06,8.32,2.26,False
OXAKOO,Fe,0.97,1.97,1.0,False
OXIGEJ,Fe,5.86,6.04,0.18,True
OXOGUG,Zn,0.33,5.72,5.39,False
OXOMOG,Cd,0.33,5.67,5.34,False
OXONAT,Cd,0.26,0.89,0.63,True
OXONEX,Cd,0.66,5.92,5.26,False
OXONIB,Cd,0.39,5.55,5.16,False
OXOPID,Cd,0.25,5.64,5.39,False
OXOXEG,Zn,0.29,5.63,5.34,False
OXUZAL,Fe,0.63,1.55,0.92,True
OXUZAL01,Fe,0.67,6.01,5.34,False
OYACAU02,Ru,0.53,4.73,4.2,False
OYACEY02,Ru,5.98,6.08,0.1,True
OYEFII,Cu,5.34,6.13,0.79,True
OYEFUU,Cu,0.82,4.76,3.94,False
OYIJEN,Cu,8.6,12.49,3.89,False
OYIJIR,Cu,5.47,9.52,4.05,False
OYINES,Cu,3.87,4.29,0.42,True
OYIWAX,Cu,5.23,5.31,0.08,True
OYIYUR,Sc,1.03,2.76,1.73,False
OYOCOV,Fe,0.79,0.92,0.13,True
OYOCUB,Fe,0.42,6.33,5.91,False
OYUBOA,Cu,4.81,6.23,1.42,False
OYUSOT,Cu,4.66,5.74,1.08,False
OZADAW,Ru,5.35,5.63,0.28,True
OZAKIK,W,9.25,11.79,2.54,False
OZEBOL,Cu,11.47,6.78,4.69,False
OZEGAC,Cu,0.21,0.78,0.57,True
OZERAO,Mn,0.44,1.11,0.67,True
OZERAO01,Mn,0.31,1.05,0.74,True
OZEXAT,Os,0.51,1.05,0.54,True
OZEXIB,Ru,5.76,5.98,0.22,True
OZIBUW,Co,0.44,6.02,5.58,False
OZICAD,Co,0.64,5.12,4.48,False
OZICEH,Co,0.89,1.71,0.82,True
OZICIL,Co,0.86,1.57,0.71,True
OZIHIQ,Ti,4.82,5.43,0.61,True
OZIHUC,Ti,5.74,5.91,0.17,True
OZITAU,Mn,0.37,1.95,1.58,False
OZITOI,V,0.25,0.87,0.62,True
OZIVUQ,Ru,0.59,5.43,4.84,False
OZIYAA,Cr,5.0,6.12,1.12,False
OZOCEO,Fe,12.69,14.98,2.29,False
OZOCIS,Fe,0.47,0.97,0.5,True
OZOWOS,Co,0.58,0.67,0.09,True
OZOWUY,Co,4.48,4.99,0.51,True
OZOXAF,Co,0.46,0.79,0.33,True
OZOXOT,Co,0.36,0.97,0.61,True
OZOYAG,Zn,0.41,1.14,0.73,True
OZUSOT,Mn,4.7,5.65,0.95,True
OZUVUB,Cu,10.33,14.03,3.7,False
OZUWAI,Cu,0.76,1.36,0.6,True
PABJEL,Ir,5.81,6.3,0.49,True
PABLOW,V,5.36,5.85,0.49,True
PABLUC,V,4.77,5.88,1.11,False
PABSAM,Tc,4.99,5.83,0.84,True
PABVAU,Cu,10.66,14.8,4.14,False
PACBIG,V,0.39,1.04,0.65,True
PACBOM,V,0.38,5.37,4.99,False
PACHEJ,Cu,6.25,8.34,2.09,False
PACJIN,Cu,0.34,5.68,5.34,False
PACLOZ,Co,5.19,5.91,0.72,True
PACYUQ,Y,5.74,11.58,5.84,False
PACZEZ,Cu,3.41,6.21,2.8,False
PACZEZ01,Cu,4.73,6.21,1.48,False
PADJAH,Fe,0.67,6.5,5.83,False
PADKOU,Ti,9.84,11.05,1.21,False
PADSUK,Ru,0.39,2.16,1.77,False
PADTAR,Zn,6.09,15.63,9.54,False
PADTEV,Zn,0.66,1.37,0.71,True
PADTOF,Zn,9.47,11.44,1.97,False
PADYOJ,Re,0.26,0.88,0.62,True
PADZEC,Cu,4.64,6.11,1.47,False
PAFFEI,V,0.89,1.71,0.82,True
PAFLAM,Fe,0.51,3.58,3.07,False
PAFSOH,Y,1.78,5.74,3.96,False
PAFVIE,Y,1.74,8.72,6.98,False
PAGDUZ,Zr,0.32,5.38,5.06,False
PAGJUG,Zn,0.94,1.07,0.13,True
PAGLUE,Zn,0.27,0.67,0.4,True
PAGMIT,Re,0.4,5.98,5.58,False
PAGNAP,Cu,7.5,9.37,1.87,False
PAGNUL,Co,0.56,1.12,0.56,True
PAGPAT,Co,0.3,6.21,5.91,False
PAGPOH,Co,0.32,5.55,5.23,False
PAGQAU,Co,6.0,6.26,0.26,True
PAGQEY,Co,0.5,5.5,5.0,False
PAGYAX,Fe,4.7,6.2,1.5,False
PAHMUJ,Ni,5.58,7.22,1.64,False
PAHQAS,Hf,0.54,5.83,5.29,False
PAHQOG,Hf,9.59,6.46,3.13,False
PAHTAX,Ru,4.91,6.13,1.22,False
PAHWEB,Cu,4.35,7.14,2.79,False
PAHWIF,Cu,9.05,10.32,1.27,False
PAJDEO,Cu,0.04,0.97,0.93,True
PAJDOY,Cu,0.06,5.47,5.41,False
PAJKAO,Zr,0.47,5.53,5.06,False
PAJNUL,Ni,5.35,5.66,0.31,True
PAJPAT,Ni,0.79,0.99,0.2,True
PAJQID,Cu,0.56,3.43,2.87,False
PAJRAX,Co,0.98,6.5,5.52,False
PAJSEB,Co,0.37,1.24,0.87,True
PAJTAY,Co,1.17,1.94,0.77,True
PAJVOL,V,5.12,5.83,0.71,True
PAKCIQ,Cu,5.17,5.22,0.05,True
PAKDIS,Cu,0.76,0.83,0.07,True
PAKJIY,Fe,2.81,3.2,0.39,True
PAKJOE,Fe,7.92,11.14,3.22,False
PAKJUI,Cu,1.1,4.95,3.85,False
PAKXOQ,Mn,1.03,6.73,5.7,False
PALLEV,Mn,0.4,1.92,1.52,False
PALLIZ,Re,6.21,6.43,0.22,True
PALPOH,W,0.03,0.9,0.87,True
PALRUQ,Ti,0.08,3.79,3.71,False
PALTAY,Ti,6.82,16.34,9.52,False
PALVAA,Ti,0.13,5.44,5.31,False
PALVAZ,Ir,5.74,5.98,0.24,True
PAMJEV,Cu,6.08,12.19,6.11,False
PAMKIA,Cu,5.13,5.38,0.25,True
PAMSIF,Cu,4.64,8.95,4.31,False
PANCEO,Ni,5.03,5.58,0.55,True
PANKAT,Ru,0.24,1.07,0.83,True
PANKIB,Ru,0.32,1.18,0.86,True
PANPEB,Zn,4.43,5.05,0.62,True
PANPIF,Ni,4.95,5.54,0.59,True
PANZAH,V,0.26,0.71,0.45,True
PANZEL,V,0.26,0.65,0.39,True
PAPFER,Cu,3.24,3.92,0.68,True
PAPNAW,Cu,6.19,10.25,4.06,False
PAPSAD,Cu,0.25,0.66,0.41,True
PAPSAD01,Cu,0.25,0.67,0.42,True
PAPXOU,Hf,2.26,6.56,4.3,False
PAPZOW,Ru,6.3,6.59,0.29,True
PAQGEW,Co,1.4,1.49,0.09,True
PAQJUP,Co,0.74,6.5,5.76,False
PAQKOK,Ru,4.52,5.06,0.54,True
PAQKUQ,Ru,5.23,5.79,0.56,True
PAQWAF,Tc,1.55,5.42,3.87,False
PARFIX,Re,5.69,5.9,0.21,True
PARTEH,Rh,6.15,6.25,0.1,True
PARVEN,Cr,5.63,6.46,0.83,True
PARVIR,Fe,0.33,5.06,4.73,False
PASCAN,V,9.85,12.59,2.74,False
PASCIW,Cu,6.65,13.97,7.32,False
PASFIZ,Cu,4.45,5.55,1.1,False
PASNCO10,Os,0.0,1.15,1.15,False
PASNOS,Os,5.89,5.92,0.03,True
PASNRE,Re,0.01,1.22,1.21,False
PATBET,Rh,0.4,1.01,0.61,True
PAVCUN,Cu,2.62,4.15,1.53,False
PAVDEY,Cu,0.99,1.33,0.34,True
PAVFEX,Ta,0.43,5.74,5.31,False
PAVHUQ,V,0.68,3.67,2.99,False
PAVZES,Zn,0.4,1.06,0.66,True
PAWHAA,Ir,6.09,6.19,0.1,True
PAWKAZ,Mo,0.27,5.82,5.55,False
PAWQOT,Re,0.1,0.94,0.84,True
PAXRUF,Co,0.79,6.23,5.44,False
PAXSEQ,Cu,0.84,5.15,4.31,False
PAXSIU,Cu,0.49,5.87,5.38,False
PAYCAX,Zn,4.32,5.46,1.14,False
PAYHEC,Rh,4.06,5.5,1.44,False
PAYHIG,Fe,4.75,5.9,1.15,False
PAYHUS,Fe,1.21,5.11,3.9,False
PAYKAE,V,0.07,0.75,0.68,True
PAYQOV,Ru,5.69,6.1,0.41,True
PAYSIT,Cu,4.85,13.13,8.28,False
PAYSOY,Co,1.18,4.87,3.69,False
PAYTOZ,Fe,1.59,4.96,3.37,False
PAYTUF,Co,5.23,6.7,1.47,False
PAYXOE,Zn,0.34,5.38,5.04,False
PAZDAX,Cu,2.99,4.65,1.66,False
PAZRAN,Zn,5.15,5.91,0.76,True
PAZTET,Cu,6.0,14.99,8.99,False
PCYCCU,Cu,0.55,5.01,4.46,False
PEBJOY,Ni,3.29,4.74,1.45,False
PEBMUE,Cu,4.9,6.06,1.16,False
PEBWOK,Cu,0.53,1.47,0.94,True
PECHIR,Mn,6.11,6.17,0.06,True
PECHIR01,Mn,5.48,6.07,0.59,True
PECMUG,Fe,5.23,6.08,0.85,True
PECNIW,Cu,2.8,5.29,2.49,False
PECTEX,Cu,4.29,4.48,0.19,True
PECTIB,Cu,4.09,4.39,0.3,True
PEDGOV,Ni,5.3,5.41,0.11,True
PEDGOV01,Ni,0.78,0.95,0.17,True
PEDGUB,Ni,0.72,0.99,0.27,True
PEDHEM,Cu,5.44,5.3,0.14,True
PEDJEN01,Cu,4.56,6.16,1.6,False
PEDJUE,Rh,6.03,6.1,0.07,True
PEDKUE01,V,0.13,5.49,5.36,False
PEDKUE02,V,0.15,5.47,5.32,False
PEDNIY,Co,7.23,12.32,5.09,False
PEDPIY,Zn,5.47,7.65,2.18,False
PEDTUQ,Cu,9.73,9.53,0.2,True
PEDYOM,Ru,0.82,1.33,0.51,True
PEFSEZ,Zn,11.83,14.67,2.84,False
PEFZAB,Fe,0.38,0.6,0.22,True
PEGDAG,Cu,0.5,5.77,5.27,False
PEGMIX,Co,3.06,10.69,7.63,False
PEGTIF,Cu,4.79,6.25,1.46,False
PEHVEH,Cu,0.43,0.85,0.42,True
PEJBEL,Fe,0.64,5.69,5.05,False
PEJBOY,Cu,6.28,12.88,6.6,False
PEKFUJ,V,0.22,0.91,0.69,True
PEKVEJ,Cu,0.28,5.08,4.8,False
PEKVEK,Co,0.7,1.45,0.75,True
PEKWAE,Ru,0.26,0.84,0.58,True
PEKWIM,Ru,5.61,6.29,0.68,True
PELFOB,Fe,0.36,5.5,5.14,False
PELGOD,Co,0.67,0.95,0.28,True
PELHAP,Cu,6.67,6.34,0.33,True
PELNIG,Ag,4.59,6.63,2.04,False
PELNIG03,Ag,9.01,6.85,2.16,False
PELQUT,Zn,0.41,1.25,0.84,True
PELSEE,Re,0.56,0.77,0.21,True
PEMENI,Ni,0.8,1.06,0.26,True
PEMGIA,Cd,3.34,4.97,1.63,False
PEMGOG,Cd,4.76,7.31,2.55,False
PEMGOG01,Cd,1.31,7.26,5.95,False
PEMGUM,Cu,4.59,5.23,0.64,True
PEMHAT,Cu,4.88,6.18,1.3,False
PEMKID,Cr,1.42,3.55,2.13,False
PEMMEB,Mn,0.26,1.39,1.13,False
PEMMIF,Ru,5.62,5.96,0.34,True
PEMSOP,Cr,5.61,5.93,0.32,True
PEMTAC,Cr,5.91,6.18,0.27,True
PEMVUA,Ru,0.51,1.82,1.31,False
PENCIX,Cu,0.62,0.76,0.14,True
PENGUL,Cu,4.98,5.91,0.93,True
PENHUM,Ru,3.04,6.11,3.07,False
PENLIE,Os,0.54,1.49,0.95,True
PENLOK,Os,0.42,1.67,1.25,False
PEPHIE,Mn,0.68,6.33,5.65,False
PEPHOK,V,5.05,5.84,0.79,True
PEPNAB,Ru,5.31,8.22,2.91,False
PEPPAE,Fe,0.29,0.4,0.11,True
PEPPEI,Fe,4.69,5.56,0.87,True
PEPWAK,Fe,0.63,4.99,4.36,False
PEPWUC,Os,0.94,1.52,0.58,True
PEPZAL,Cr,2.02,2.43,0.41,True
PEQMOQ,Fe,0.41,5.59,5.18,False
PEQSAF,W,5.5,5.85,0.35,True
PEQSEJ,Mo,5.59,6.02,0.43,True
PEQXIT,Cu,0.94,3.54,2.6,False
PERBOF,Zn,1.59,1.78,0.19,True
PERGAU,Mo,1.25,6.11,4.86,False
PERHAW,V,2.7,4.35,1.65,False
PERMOP,Fe,0.42,1.04,0.62,True
PERYIU,V,0.15,1.02,0.87,True
PESALF01,Fe,0.28,1.6,1.32,False
PESBEU,V,0.25,0.57,0.32,True
PESBIZ01,Cu,0.54,4.83,4.29,False
PETCUO,Cu,0.68,1.36,0.68,True
PETHAY,Ru,0.63,0.92,0.29,True
PETHUT,Co,0.18,5.75,5.57,False
PETJUT,Rh,11.7,9.96,1.74,False
PETPTE,Fe,5.12,5.83,0.71,True
PETSAJ,Cu,4.77,6.04,1.27,False
PEVDAV,Cr,5.34,5.78,0.44,True
PEVHAC,Fe,0.17,1.23,1.06,False
PEVHOQ,Fe,0.26,5.56,5.3,False
PEVJAE,Fe,0.35,5.7,5.35,False
PEVJEI,Fe,0.09,3.9,3.81,False
PEVLAH,Cu,0.59,4.37,3.78,False
PEVPAI,Ti,0.2,5.47,5.27,False
PEWBEZ,Cu,11.08,13.59,2.51,False
PEWGUX,Cu,4.1,5.86,1.76,False
PEWTOA,Tc,4.71,5.88,1.17,False
PEWWOF,Ru,5.06,6.1,1.04,False
PEXGOQ,Cu,4.65,5.77,1.12,False
PEXKIP,Ni,0.62,7.03,6.41,False
PEXKUB,Ni,5.2,5.53,0.33,True
PEXVIX,Ta,1.08,1.77,0.69,True
PEXVIY,Ta,1.99,2.52,0.53,True
PEXZIB,Re,0.26,5.88,5.62,False
PEZDII,Os,0.67,1.53,0.86,True
PEZDIJ,Cu,4.32,6.23,1.91,False
PEZFIL,Cu,5.28,6.15,0.87,True
PEZGOU,Fe,0.69,1.59,0.9,True
PEZMIT,Co,0.8,2.09,1.29,False
PEZXEY,Cu,4.74,5.76,1.02,False
PEZXUO01,Cu,5.2,6.07,0.87,True
PEZYAV,Cu,4.53,5.92,1.39,False
PEZYOJ,Cu,0.03,1.04,1.01,False
PHENCM01,Mn,4.66,5.89,1.23,False
PHPCMN,Mn,0.37,5.53,5.16,False
PIBBAF,Mn,5.83,7.0,1.17,False
PIBHER,Ru,5.89,6.23,0.34,True
PIBHIV,Ru,5.4,5.68,0.28,True
PIBLOE,Cu,3.46,6.37,2.91,False
PIBMUI,Tc,5.37,5.79,0.42,True
PIBNUJ,Co,4.97,5.98,1.01,False
PIBPIB,Ni,0.39,4.95,4.56,False
PIBPOH,Ni,5.06,5.99,0.93,True
PIBROH,Fe,0.09,0.78,0.69,True
PIBSIC,Ru,5.25,6.34,1.09,False
PIBXAB,Cu,1.3,5.23,3.93,False
PICFIR,Cu,5.09,6.25,1.16,False
PICGAK,Ti,0.2,0.99,0.79,True
PICGEO,Ti,0.19,1.06,0.87,True
PICKOF,Zn,0.74,0.96,0.22,True
PICSOK,Os,5.12,5.82,0.7,True
PICVON,Ir,4.56,5.05,0.49,True
PICVUT,Ru,6.05,6.64,0.59,True
PIDMAR,Re,0.07,3.81,3.74,False
PIDSON,Cu,4.62,5.85,1.23,False
PIDXUZ,Ru,5.52,5.87,0.35,True
PIDYAC,Cu,5.01,6.34,1.33,False
PIFDIS,Zn,5.15,5.37,0.22,True
PIFFEQ,Zn,5.15,6.19,1.04,False
PIFSEE,Ti,10.16,14.37,4.21,False
PIFSII,Ti,12.64,9.61,3.03,False
PIFSOO,Ti,6.07,12.98,6.91,False
PIGHAQ,Ir,0.44,0.85,0.41,True
PIGHIY,Ir,5.9,7.13,1.23,False
PIGKAT,Ir,8.87,17.53,8.66,False
PIGYIO,Cu,6.13,10.12,3.99,False
PIHPAZ,V,0.18,0.73,0.55,True
PIHVOR,Cu,0.19,4.1,3.91,False
PIHVOR10,Cu,0.19,4.1,3.91,False
PIJBEQ,Tc,4.82,5.66,0.84,True
PIJCIV,Cu,0.28,1.02,0.74,True
PIJPAB,Rh,6.26,7.1,0.84,True
PIJROQ,Cu,0.29,0.76,0.47,True
PIJZOY,Mn,5.02,6.6,1.58,False
PIKJAY,Ir,0.89,1.17,0.28,True
PIKMED,Ru,0.7,6.02,5.32,False
PIKMIH,Ru,5.36,6.07,0.71,True
PIKMON,Ru,0.22,1.12,0.9,True
PIKTUB,Zn,0.93,6.59,5.66,False
PIKVAJ,Zn,6.45,10.99,4.54,False
PIKVEM,Ru,5.98,6.09,0.11,True
PIKVIR,Zn,0.86,6.21,5.35,False
PILCOD,Cd,5.58,6.86,1.28,False
PILVIT,Fe,4.99,5.94,0.95,True
PILWAM,Fe,0.53,0.85,0.32,True
PIMBOF,Zn,0.41,1.19,0.78,True
PIMSIN,Zn,0.56,5.9,5.34,False
PIMWEN,Cu,5.1,5.99,0.89,True
PINBOD,Cu,4.37,6.1,1.73,False
PINPUX,Cu,0.67,0.73,0.06,True
PIPGUS,Fe,4.45,6.26,1.81,False
PIPKEE,Co,9.99,8.81,1.18,False
PIPNUZ,Fe,4.42,6.28,1.86,False
PIPRUD,Os,0.38,1.46,1.08,False
PIPVAO,Cu,4.52,6.23,1.71,False
PIQFUU,Co,0.49,0.94,0.45,True
PIQXOE,Ir,5.2,5.45,0.25,True
PITROZ,Rh,0.08,0.99,0.91,True
PIVFIK,Cu,5.0,5.86,0.86,True
PIVMEN,Cu,4.28,5.88,1.6,False
PIVPER,Ir,5.79,6.56,0.77,True
PIVPOB,V,1.22,5.91,4.69,False
PIVRUI,Cu,4.92,6.05,1.13,False
PIVSUM,Ir,6.02,7.32,1.3,False
PIVTAS,Cu,4.55,6.08,1.53,False
PIVTIB,Ir,0.7,1.56,0.86,True
PIVTUM,Cu,4.7,6.39,1.69,False
PIVYEC,Fe,4.92,6.29,1.37,False
PIVYOM,Fe,0.63,0.92,0.29,True
PIWCEF,Fe,4.59,7.67,3.08,False
PIWGOT,Hg,4.38,5.87,1.49,False
PIWKAK,Cu,6.4,9.03,2.63,False
PIWLIQ,Cu,2.82,3.93,1.11,False
PIXGIO,Cu,0.41,0.68,0.27,True
PIXRIA,Ir,6.02,6.15,0.13,True
PIXSUO,Cr,4.75,5.02,0.27,True
PIXWAV,Hg,1.73,2.2,0.47,True
PIXWOL,Zn,3.47,4.57,1.1,False
PIXZUR,Pt,5.63,7.49,1.86,False
PIXZUR10,Pt,5.63,7.49,1.86,False
PIYDAD,Zn,4.74,6.06,1.32,False
PIYFEK,La,0.57,6.41,5.84,False
PIYGEN,Pd,0.83,1.27,0.44,True
PIYGOX,Pd,4.82,6.81,1.99,False
PIYHUA,Mo,0.06,5.58,5.52,False
PIYJIS,Ru,0.36,1.07,0.71,True
PIYNAO,Ru,5.58,5.96,0.38,True
PIYQOH,Ni,5.61,10.57,4.96,False
PIYYON,Fe,0.18,3.86,3.68,False
PIZJER,Cr,1.09,1.4,0.31,True
PIZKAO,V,5.01,5.23,0.22,True
PIZKES,Cr,0.49,6.12,5.63,False
PIZKIW,Cr,0.53,6.16,5.63,False
PIZQAR,V,1.08,1.43,0.35,True
PIZQIZ,V,1.04,1.79,0.75,True
PIZTEB,Cu,0.12,5.59,5.47,False
PIZTEZ,Cu,8.74,10.68,1.94,False
PIZTIF,Cu,6.99,9.66,2.67,False
PIZTUR,Cu,0.18,4.34,4.16,False
PMCMNB,Mn,4.04,4.61,0.57,True
PMHQZC10,Cu,0.67,6.04,5.37,False
PMPDCU,Cu,10.15,10.02,0.13,True
PNTRCU11,Cu,4.99,6.39,1.4,False
PNTRCU12,Cu,0.76,1.5,0.74,True
PNTRCU15,Cu,0.77,1.5,0.73,True
POBBIU,Fe,0.14,0.69,0.55,True
POBDIU,Y,0.25,5.62,5.37,False
POBGOC,Re,0.16,0.96,0.8,True
POBMAU,Cu,9.56,13.2,3.64,False
POBPAX,Re,0.0,1.1,1.1,False
POBYEO,Fe,0.64,6.12,5.48,False
POCDIW,Co,0.8,1.37,0.57,True
POCGEV,Cu,0.33,0.44,0.11,True
POCVAG,Zn,5.5,5.88,0.38,True
POCXOW,Zn,10.81,14.79,3.98,False
PODSUY,Hf,0.34,1.22,0.88,True
PODTEJ,Ti,0.87,1.48,0.61,True
PODTIN,Zr,0.99,1.68,0.69,True
PODTOT,Hf,0.88,1.59,0.71,True
PODVAH,Ti,0.74,5.27,4.53,False
PODVUA,Zn,0.87,3.51,2.64,False
PODZEO,Ru,0.03,0.84,0.81,True
POFCUJ,Zn,0.37,6.55,6.18,False
POFGIC,Zr,0.36,5.89,5.53,False
POFHUP,Rh,0.28,1.64,1.36,False
POFJAV,Fe,7.92,7.45,0.47,True
POFLED,Zn,3.54,6.58,3.04,False
POFTAF,Ti,6.21,8.77,2.56,False
POFZOA,Zr,3.61,6.66,3.05,False
POFZUG,Hf,6.56,12.62,6.06,False
POGNEF,V,9.82,8.51,1.31,False
POGNII,Ru,3.85,4.67,0.82,True
POGNIJ,V,5.01,5.72,0.71,True
POGNOP,V,4.92,5.93,1.01,False
POGYOA,Cu,0.2,5.63,5.43,False
POGZUG,V,4.56,5.81,1.25,False
POHXUI,Cu,1.48,5.21,3.73,False
POHZAO,Ru,9.12,16.33,7.21,False
POJDEY,Ni,4.95,5.21,0.26,True
POJFOK,Ru,5.75,6.16,0.41,True
POJHON,Ni,0.79,0.92,0.13,True
POJKUW,Cu,5.7,6.19,0.49,True
POKPEN,V,4.56,6.04,1.48,False
POKZOE,Cu,0.47,0.66,0.19,True
POKZOI,Ti,1.01,5.11,4.1,False
POLBEB,Ti,0.89,5.12,4.23,False
POLFEB,Ir,11.81,17.81,6.0,False
POLVEU,Ru,0.42,1.66,1.24,False
POLXEW,Mn,0.6,0.71,0.11,True
POMGEH,Ru,2.75,9.42,6.67,False
POMGIL,Ru,2.76,7.73,4.97,False
POMGOR,Ru,5.53,11.33,5.8,False
POMJEJ,Zn,0.96,1.26,0.3,True
POMJOR,Cu,7.07,9.81,2.74,False
POMJUZ,Fe,1.45,5.34,3.89,False
POMKAG,Fe,5.11,7.05,1.94,False
POMKEI,Ni,4.95,6.71,1.76,False
POMKIN,Cu,4.83,5.62,0.79,True
POMKIN01,Cu,0.39,5.6,5.21,False
POMMUB,Cu,0.34,4.07,3.73,False
POMMUB01,Cu,0.34,1.98,1.64,False
POMNAI,Zn,0.37,6.98,6.61,False
POMNAI01,Zn,0.37,6.98,6.61,False
POMPEN,Cu,11.37,7.12,4.25,False
POMPEN01,Cu,6.34,14.44,8.1,False
POMWET,Fe,6.79,8.86,2.07,False
PONBOO,Mn,0.21,3.8,3.59,False
PONZUQ,Ni,0.32,0.69,0.37,True
POPFEC01,Fe,0.46,6.07,5.61,False
POPFEC10,Fe,0.42,5.42,5.0,False
POPTUL,Os,4.7,5.92,1.22,False
POPVAT,Os,4.81,5.99,1.18,False
POPZAY,Cu,0.73,1.14,0.41,True
POPZIG,Cu,0.57,0.58,0.01,True
POQSET,Re,0.34,0.86,0.52,True
POQSIX,Zn,0.57,1.04,0.47,True
POQSOD,Zn,0.16,5.72,5.56,False
POQTOE,Ta,0.71,1.41,0.7,True
PORHOU,V,0.75,1.67,0.92,True
PORHUA,Mn,4.42,5.91,1.49,False
PORNUI,Zn,8.51,8.54,0.03,True
PORPAQ,Cu,7.54,10.03,2.49,False
PORPEU,Cu,5.93,7.66,1.73,False
PORPIY,Cu,13.47,14.32,0.85,True
POSGIQ,Cu,0.61,6.03,5.42,False
POSMAN,V,4.19,5.49,1.3,False
POSMAN01,V,4.49,5.92,1.43,False
POSSEZ,Y,0.13,5.51,5.38,False
POTSAU,Cu,0.36,0.56,0.2,True
POTVOL,Zn,8.44,7.15,1.29,False
POTWAY,Zn,8.08,15.53,7.45,False
POVJUH,W,0.12,1.16,1.04,False
POVPEW,Ti,0.32,6.26,5.94,False
POVWIK,W,5.02,5.83,0.81,True
POVZAF,W,4.05,4.1,0.05,True
POVZEJ,W,0.17,0.88,0.71,True
POWDOV,Zn,0.08,5.46,5.38,False
POWGUF,W,5.5,5.77,0.27,True
POWHAM,W,5.48,5.77,0.29,True
POWZAG,Mn,0.72,4.67,3.95,False
POWZEK,Mn,0.53,6.16,5.63,False
POXFEP,Hg,0.39,0.69,0.3,True
POXFUG,Fe,4.9,5.71,0.81,True
POXLET,Cu,0.57,7.42,6.85,False
POXLET01,Cu,0.57,5.39,4.82,False
POXLET02,Cu,0.56,5.7,5.14,False
POXLIX,Cu,0.54,3.84,3.3,False
POXLIX01,Cu,0.55,4.23,3.68,False
POXLOD,Cu,3.35,5.5,2.15,False
POXLUJ,Cu,0.63,6.28,5.65,False
POXMAQ,Cu,4.61,6.69,2.08,False
POXQAV,Ir,5.09,5.87,0.78,True
POXQEB,Ru,0.37,1.15,0.78,True
POYJUJ,Ru,4.8,5.19,0.39,True
POYKAQ,Ru,5.44,5.58,0.14,True
POYNOJ,Zn,0.71,6.39,5.68,False
POYPAX,Zn,0.68,1.98,1.3,False
POYPEB,Zn,0.64,1.57,0.93,True
POYPIC,Mn,0.6,1.01,0.41,True
POYTUV,Ir,6.84,7.08,0.24,True
POYVEH,Ir,0.44,2.01,1.57,False
POZFAL,Rh,0.19,1.31,1.12,False
POZHIW,Ru,4.94,5.87,0.93,True
POZPEA,Ru,0.34,1.95,1.61,False
POZPIE,Ru,6.26,6.33,0.07,True
POZPIE01,Ru,0.31,1.96,1.65,False
POZPIE02,Ru,0.31,1.96,1.65,False
POZPOK,Ru,6.31,6.38,0.07,True
POZPOK01,Ru,0.33,1.91,1.58,False
POZPOK02,Ru,0.32,1.91,1.59,False
POZSIK,Cr,5.65,6.09,0.44,True
PPAZRV,V,4.52,5.85,1.33,False
PPECOT21,Co,5.92,6.88,0.96,True
PPTCFE,Fe,0.32,5.55,5.23,False
PPTOCU,Cu,4.82,5.78,0.96,True
PRCBFE,Fe,0.31,1.18,0.87,True
PRPHZN,Zn,4.69,5.81,1.12,False
PTBCUM02,Cu,5.17,6.15,0.98,True
PTPIRH,Ir,1.75,6.14,4.39,False
PUBJUS,Ta,2.23,5.48,3.25,False
PUBQEL,Ru,6.39,6.41,0.02,True
PUBVER,Cu,0.45,5.96,5.51,False
PUBWOC,Ti,1.07,6.02,4.95,False
PUCCIZ01,Cu,4.15,4.59,0.44,True
PUCDAS,Cu,4.78,6.07,1.29,False
PUCHIH,Re,4.7,6.1,1.4,False
PUCKAB,Ni,3.16,4.17,1.01,False
PUCRAK,Cu,5.08,5.53,0.45,True
PUCYAP,Ru,5.29,6.83,1.54,False
PUCYIV,Cu,0.29,1.41,1.12,False
PUCYOB,Cu,0.55,4.75,4.2,False
PUCYOD,Ru,0.94,1.06,0.12,True
PUCZAQ,Ru,0.91,1.06,0.15,True
PUDBAT,Zn,0.15,0.87,0.72,True
PUDBIB,Zn,0.15,0.87,0.72,True
PUDCEY,Zn,0.15,5.99,5.84,False
PUDNAE,Ti,0.11,1.48,1.37,False
PUDPOU,Ru,4.95,5.24,0.29,True
PUDRIT,La,2.59,3.12,0.53,True
PUFMEM,W,0.86,1.58,0.72,True
PUFNAJ,W,6.11,6.58,0.47,True
PUFQEO,Ru,6.32,6.37,0.05,True
PUFXOE,Cu,4.23,6.6,2.37,False
PUFYAR,Zn,0.1,0.57,0.47,True
PUGMOV,Cu,4.4,6.0,1.6,False
PUGTOC,Zn,0.12,1.26,1.14,False
PUGWIX,Fe,1.52,5.27,3.75,False
PUGXOE,Zn,5.07,6.17,1.1,False
PUHTIZ,Ru,5.13,6.06,0.93,True
PUHTOF,Ru,5.56,5.96,0.4,True
PUJLIT,Fe,0.82,1.77,0.95,True
PUJMEP,Fe,0.84,1.65,0.81,True
PUJVEY,Zn,4.66,5.73,1.07,False
PUKHAH,Cu,9.96,11.68,1.72,False
PUKLIQ,V,0.48,1.25,0.77,True
PUKVOK,Cu,0.76,4.61,3.85,False
PUKYID,Ru,0.62,1.38,0.76,True
PULCUY,Ru,5.66,6.05,0.39,True
PULPAN,Zn,0.82,5.51,4.69,False
PULWOJ,Zn,0.4,6.99,6.59,False
PUNCIK,W,0.12,1.16,1.04,False
PUNFIN,Hf,7.5,9.74,2.24,False
PUNFOT,Zr,8.69,8.76,0.07,True
PUNFOW,Cu,5.2,6.58,1.38,False
PUNGEK,Zr,4.27,5.84,1.57,False
PUNGUD,Cu,1.08,2.63,1.55,False
PUNKIT,Re,0.33,1.6,1.27,False
PUNLAM,Ru,0.09,1.35,1.26,False
PUNLEP,Rh,0.24,0.56,0.32,True
PUNMIW,V,5.19,5.66,0.47,True
PUPFOY,Sc,6.02,6.57,0.55,True
PUPKUI,Sc,0.66,5.17,4.51,False
PUPLAP,Y,0.9,5.18,4.28,False
PUPMIZ,Sc,11.91,14.61,2.7,False
PUPVAY,Cu,0.12,5.64,5.52,False
PUPWAZ,V,0.08,1.02,0.94,True
PUQGIU,Os,11.05,8.0,3.05,False
PUQGUG,Os,5.04,6.35,1.31,False
PUQJAQ,Ir,5.86,7.88,2.02,False
PUQKOC,Fe,0.34,1.52,1.18,False
PUQQEZ,Cr,5.41,8.45,3.04,False
PUQRAW,Rh,0.52,6.37,5.85,False
PUQRAX,Cu,0.7,1.57,0.87,True
PUQREB,Cu,3.64,4.67,1.03,False
PUQRIF,Cu,0.7,6.44,5.74,False
PUQXAE,Hg,3.69,7.73,4.04,False
PURJOC,Ru,5.8,6.18,0.38,True
PUSKET,Cu,0.64,1.1,0.46,True
PUSKIA,Cu,0.32,0.82,0.5,True
PUSMIC,Cu,2.29,4.81,2.52,False
PUSMOI,Cu,0.94,1.52,0.58,True
PUSWAC,Zn,4.47,5.76,1.29,False
PUTCAL,Cu,4.9,6.36,1.46,False
PUTKIC,Cr,5.53,5.74,0.21,True
PUTVEH,Fe,0.52,0.58,0.06,True
PUVBOZ,Ru,5.25,6.08,0.83,True
PUVMUP,W,5.72,5.94,0.22,True
PUWQII,Cu,4.27,5.61,1.34,False
PUWZOZ,Nb,6.01,11.48,5.47,False
PUXBAO,Nb,0.37,4.9,4.53,False
PUXBES,Nb,0.16,0.69,0.53,True
PUXCUJ,Nb,4.92,5.72,0.8,True
PUXDEU,Nb,0.12,1.13,1.01,False
PUXHUN,Cu,0.58,1.62,1.04,False
PUXNEB01,Zn,0.23,1.1,0.87,True
PUXNEB02,Zn,0.17,1.13,0.96,True
PUXTEK,Cu,0.48,5.21,4.73,False
PUXWAG,Cu,0.28,5.79,5.51,False
PUXWEK,Cu,6.42,12.3,5.88,False
PUXZOX,Mo,4.77,6.0,1.23,False
PUYBIX,Cu,2.77,6.0,3.23,False
PUYBOA,Mo,0.67,5.49,4.82,False
PUYBOD,Cu,0.63,6.5,5.87,False
PUYBUH,Cu,0.68,3.82,3.14,False
PUYCAO,Cu,5.05,6.83,1.78,False
PUYCES,Cu,0.79,6.34,5.55,False
PUYCIW,Cu,5.34,6.58,1.24,False
PUYWAI,Ti,0.24,5.37,5.13,False
PUYWOX,Cu,4.69,6.4,1.71,False
PUYZUH,Cr,0.65,0.93,0.28,True
PUZJEC,Cr,1.01,2.48,1.47,False
PUZJOM,Cr,1.09,1.35,0.26,True
PUZKAZ,Cr,10.52,8.36,2.16,False
PUZPIM,Cr,6.91,8.35,1.44,False
PYDTCI,Fe,0.14,5.15,5.01,False
PYESAF10,Fe,0.45,0.59,0.14,True
PYZNPO10,Zn,0.25,0.62,0.37,True
PYZTCI,Fe,0.14,5.32,5.18,False
QABFEI,Ru,0.21,1.7,1.49,False
QABFIM,Ru,6.14,6.3,0.16,True
QABFUY,Ru,6.04,6.25,0.21,True
QABGAF,Ru,5.7,5.95,0.25,True
QABKEL,Ru,1.15,1.15,0.0,True
QABKIP,Ru,1.07,6.09,5.02,False
QABKUB,Ru,1.64,6.31,4.67,False
QABSUK,Hg,0.86,3.35,2.49,False
QABVAT,Ru,5.12,5.53,0.41,True
QACWUQ,Ir,5.63,6.49,0.86,True
QACZUT,Cu,5.04,6.31,1.27,False
QADDOS,Co,0.7,6.05,5.35,False
QADDUY,Co,0.72,1.96,1.24,False
QADPIY,V,0.13,0.78,0.65,True
QADROF,Ag,1.0,6.01,5.01,False
QADTEX,Zn,4.84,6.03,1.19,False
QADTOH,Zn,4.89,5.86,0.97,True
QAFCEI,Cr,5.01,6.06,1.05,False
QAFCOS,Mn,0.87,6.23,5.36,False
QAFCOS01,Mn,0.87,1.04,0.17,True
QAFCUW,Cu,0.31,5.27,4.96,False
QAFDAD,Ag,3.65,4.14,0.49,True
QAFDEH,Cu,0.72,1.4,0.68,True
QAFGIQ,Ag,6.8,10.41,3.61,False
QAFPET,Co,4.36,5.48,1.12,False
QAGFAF,Zn,1.65,5.25,3.6,False
QAGFEJ,Cd,6.89,8.64,1.75,False
QAHFEK,V,0.48,0.58,0.1,True
QAHGOX,V,6.53,6.92,0.39,True
QAHKIV,Cr,4.68,4.83,0.15,True
QAHMAO,Hg,4.04,1.81,2.23,False
QAHNUK,Zn,6.16,12.5,6.34,False
QAHNUK01,Zn,6.58,7.53,0.95,True
QAHQAS,V,0.58,2.63,2.05,False
QAHQIB,Mn,0.89,6.55,5.66,False
QAHRUO,Zn,0.73,6.37,5.64,False
QAHSID,Cu,8.42,13.71,5.29,False
QAHTAW,Cu,0.61,0.75,0.14,True
QAHXUU,Zn,0.14,5.77,5.63,False
QAHYUW,Cu,4.59,7.1,2.51,False
QAHZUY,Co,0.31,0.68,0.37,True
QAJCUB,Cu,8.8,7.45,1.35,False
QAJFOX,Nb,6.6,10.08,3.48,False
QAJKOE,V,1.13,6.39,5.26,False
QAJSUQ,Cu,11.48,14.7,3.22,False
QAJTAX,Cu,4.96,7.32,2.36,False
QAKLEU,Zn,0.41,6.45,6.04,False
QAKVEE,Zn,0.53,5.56,5.03,False
QALDAM,W,4.93,5.68,0.75,True
QALFIU,Fe,4.65,6.09,1.44,False
QALHAM,Cu,5.31,6.14,0.83,True
QALJAS,Zn,4.72,5.72,1.0,False
QALMUM,Zn,0.43,0.61,0.18,True
QALSAX,Ru,5.76,6.52,0.76,True
QALWOQ,V,5.04,5.65,0.61,True
QALXEH,Cu,0.69,0.82,0.13,True
QALZIM,Cu,0.35,0.46,0.11,True
QALZIM01,Cu,0.34,0.47,0.13,True
QAMBAI,Co,0.86,6.06,5.2,False
QAMBAI01,Co,0.86,6.06,5.2,False
QAMBUD,Cu,1.03,4.6,3.57,False
QAMLAR,Zn,0.33,6.28,5.95,False
QAMPUR,Zn,0.3,1.13,0.83,True
QAMTEH,Zn,5.31,5.48,0.17,True
QANDIT,Cu,0.56,0.58,0.02,True
QANDIT01,Cu,4.3,5.74,1.44,False
QANGAN,Co,5.24,6.16,0.92,True
QANLEW,Zn,10.42,13.22,2.8,False
QANMEX,Fe,14.21,8.84,5.37,False
QANRII,Cu,5.79,6.46,0.67,True
QANSEF,Cu,5.1,6.08,0.98,True
QANTEI,Cu,4.58,4.74,0.16,True
QANWAF,Zr,0.89,1.72,0.83,True
QANWIN,Zr,0.49,4.82,4.33,False
QANWUZ,Zr,0.8,5.27,4.47,False
QANXIO,Zr,1.64,6.59,4.95,False
QAPCET,Cu,0.47,0.9,0.43,True
QAPCOZ,Ta,0.17,1.18,1.01,False
QAPNOK,Cu,4.07,6.28,2.21,False
QAPPIG,Cu,4.21,6.35,2.14,False
QAPTEI,Hg,1.29,2.01,0.72,True
QAPTIM,Hg,4.8,5.4,0.6,True
QAPYIR,Cu,5.15,6.4,1.25,False
QAPYOX,Cu,7.86,7.62,0.24,True
QAPZOY,Co,1.03,6.74,5.71,False
QAPZUE,Co,5.24,6.84,1.6,False
QAQBAN,Co,0.66,4.43,3.77,False
QAQBER,Ni,3.57,4.97,1.4,False
QAQCAN,Cu,11.21,8.58,2.63,False
QAQFEW,Ti,3.95,6.6,2.65,False
QAQFOG,Ti,5.36,6.49,1.13,False
QAQFUM,Ti,5.22,6.49,1.27,False
QAQMAX,Ru,0.85,5.14,4.29,False
QAQPEG,Re,0.81,6.24,5.43,False
QAQQAB,Ru,5.78,6.22,0.44,True
QAQVEJ,Ta,0.22,3.99,3.77,False
QAQVEJ01,Ta,0.22,3.99,3.77,False
QAQWAG,Re,4.23,5.69,1.46,False
QAQWEK,Re,5.15,6.12,0.97,True
QAQXIQ,Tc,0.05,1.37,1.32,False
QAQXOW,Tc,0.11,0.84,0.73,True
QAQXUC,Tc,0.26,1.0,0.74,True
QAQZOB,Cu,13.08,17.15,4.07,False
QARLIE,Cr,5.63,5.96,0.33,True
QARNUT,Cu,4.79,6.25,1.46,False
QARREK,Ru,1.17,7.43,6.26,False
QARRIO,Ru,0.98,0.99,0.01,True
QARSAH,Ru,5.58,6.8,1.22,False
QARSEL,Ru,5.55,6.8,1.25,False
QARSOU,Cu,0.39,4.58,4.19,False
QARVUD,Cu,0.65,1.88,1.23,False
QARWIP,Cu,5.47,5.93,0.46,True
QARXIS,Fe,4.27,5.44,1.17,False
QARYOX,Co,1.06,6.0,4.94,False
QASFIB,Zn,4.47,5.73,1.26,False
QASRUZ,Mn,4.97,6.25,1.28,False
QASSOU,Mn,5.86,5.95,0.09,True
QASYAK,Re,0.56,1.07,0.51,True
QASYEO,Re,5.18,6.0,0.82,True
QASYES,Zn,0.94,4.94,4.0,False
QASYIS,Re,5.14,5.87,0.73,True
QASYOY,Re,0.25,0.67,0.42,True
QATDAU,Zn,4.7,5.07,0.37,True
QATFIE,Ru,6.02,6.16,0.14,True
QATFOI,Ti,0.43,5.82,5.39,False
QATMAA,Cu,7.33,10.18,2.85,False
QATNAA,Cu,5.16,6.42,1.26,False
QATREI,Fe,4.88,6.04,1.16,False
QATRUY,Fe,5.19,8.68,3.49,False
QATSIN,Fe,0.53,5.93,5.4,False
QATVIT,Cu,0.47,0.6,0.13,True
QATXOY,V,0.31,1.54,1.23,False
QATZIU,Cu,5.19,5.38,0.19,True
QAVCEZ,Cu,0.86,4.25,3.39,False
QAVNEJ,Mn,2.48,4.14,1.66,False
QAVREO,Cu,0.4,3.53,3.13,False
QAVVEO,Os,3.58,5.86,2.28,False
QAWHII,Cd,0.68,0.76,0.08,True
QAWKAC,Zn,0.14,4.74,4.6,False
QAWQOY,Cu,15.47,16.72,1.25,False
QAWWUH,Co,0.59,5.3,4.71,False
QAXCAW,W,0.12,5.7,5.58,False
QAXCIE,W,0.11,1.26,1.15,False
QAXCOK,W,0.18,5.52,5.34,False
QAXGED,Cu,10.81,8.96,1.85,False
QAXXIY,W,0.25,6.01,5.76,False
QAYRIS,Zn,4.92,5.8,0.88,True
QAYRIS01,Zn,4.86,5.84,0.98,True
QAYRIS02,Zn,4.89,5.82,0.93,True
QAYWIW,V,8.29,14.09,5.8,False
QAYXEW,Cu,5.32,6.24,0.92,True
QAZCAX,Cu,9.98,12.18,2.2,False
QAZHEG,Cu,5.14,6.22,1.08,False
QAZKOU,Cu,5.37,6.27,0.9,True
QAZNIQ,Cu,5.11,6.11,1.0,False
QAZWEW,Fe,4.65,6.33,1.68,False
QAZWOF,Cu,0.33,0.78,0.45,True
QAZWOH,Ru,3.95,4.77,0.82,True
QEBFIQ,V,0.26,0.77,0.51,True
QEBWUR,Cu,10.17,13.42,3.25,False
QEBXIG,Ir,0.51,1.21,0.7,True
QEBYAB,V,4.43,5.86,1.43,False
QECMAQ,Cu,5.05,6.22,1.17,False
QEDQIZ,Cu,0.43,0.95,0.52,True
QEDZUW,Zn,4.78,6.47,1.69,False
QEFBAG,Zn,4.88,6.32,1.44,False
QEFBEK,Zn,2.24,4.28,2.04,False
QEFBIO,Zn,3.91,5.52,1.61,False
QEFCOV,Cu,4.34,6.6,2.26,False
QEFCUB,Cu,6.01,6.58,0.57,True
QEFDAI,Cu,5.97,6.5,0.53,True
QEFPIA,Rh,5.62,6.0,0.38,True
QEFPOK,Fe,0.71,1.38,0.67,True
QEFRIG,V,0.9,5.42,4.52,False
QEFSAY,Sc,8.26,8.98,0.72,True
QEFTAZ,Ru,0.05,1.25,1.2,False
QEFTOK,Pd,4.85,6.19,1.34,False
QEFVAY,Pd,1.26,6.22,4.96,False
QEFVIG,Pd,7.04,8.68,1.64,False
QEFYAB,Cu,0.23,0.63,0.4,True
QEFYAF,V,7.24,11.58,4.34,False
QEFZIO,V,0.41,5.36,4.95,False
QEGBIQ,Ru,6.54,6.62,0.08,True
QEGBUC,Ru,5.85,6.21,0.36,True
QEGCAJ,Ru,5.49,5.73,0.24,True
QEGCEN,Ru,0.31,2.07,1.76,False
QEGHAP,Cu,4.35,6.82,2.47,False
QEGHIX,Cu,0.43,6.71,6.28,False
QEGJOE,Y,5.36,7.24,1.88,False
QEGLOG,Re,0.64,4.8,4.16,False
QEGMAS,Sc,0.1,0.71,0.61,True
QEGMUM,Y,0.15,5.68,5.53,False
QEGRAY,Re,5.16,5.95,0.79,True
QEGWEF,Re,0.27,5.56,5.29,False
QEGWUV,Re,0.27,5.58,5.31,False
QEGXAF,Cd,4.36,6.92,2.56,False
QEHLEW,Ru,6.73,7.12,0.39,True
QEHLIA,Ru,5.91,6.26,0.35,True
QEHNAU,Ir,6.09,6.66,0.57,True
QEHNUP,Cu,4.71,6.14,1.43,False
QEHQUR,Cu,4.27,6.19,1.92,False
QEHRAY,Cu,0.91,1.14,0.23,True
QEHSOP,Fe,0.46,5.08,4.62,False
QEHTAA,Cu,11.78,11.9,0.12,True
QEJFES,Y,5.09,6.23,1.14,False
QEJMOJ,Co,4.79,5.59,0.8,True
QEJMUN01,Ru,0.19,1.72,1.53,False
QEJQUT,Cu,9.01,12.58,3.57,False
QEJVUW,Zn,8.44,11.08,2.64,False
QEKDER,Rh,5.32,6.18,0.86,True
QEKHUJ,Cd,5.63,6.47,0.84,True
QEKJAS,Mo,0.34,5.73,5.39,False
QEKJIA,Mo,0.32,0.43,0.11,True
QELBAO,Ru,5.72,5.82,0.1,True
QELJEW01,Cu,0.3,0.72,0.42,True
QELKAU,La,4.12,8.88,4.76,False
QELKIE,Cd,4.97,6.81,1.84,False
QELKUQ,Zn,4.53,6.53,2.0,False
QELNUU,Co,0.33,5.75,5.42,False
QEMDOB,Zn,8.26,7.08,1.18,False
QEMSEG,Co,5.59,6.06,0.47,True
QEMTOR,Ti,4.28,4.96,0.68,True
QEMTUX,Ti,0.53,5.48,4.95,False
QEMYAM,Cu,0.63,5.63,5.0,False
QEMZAJ,Cu,4.93,5.3,0.37,True
QEMZEN,Cu,5.8,6.51,0.71,True
QEMZIR,Cu,0.21,0.99,0.78,True
QEMZOX,Cu,0.13,0.97,0.84,True
QEMZUD,Cu,6.21,4.76,1.45,False
QENBIU,Cu,0.15,0.97,0.82,True
QENCEV,Fe,4.87,6.02,1.15,False
QENDUI,Zn,4.52,6.19,1.67,False
QENJOI,Rh,7.12,10.93,3.81,False
QENLUT,Ru,1.5,6.42,4.92,False
QENMUS,Co,4.79,6.19,1.4,False
QENPOS,Ti,10.21,16.48,6.27,False
QENVIR,W,5.97,6.91,0.94,True
QEPGUO,Pt,0.26,1.16,0.9,True
QEPKII,Sc,0.64,5.67,5.03,False
QEPSAJ,Cu,0.85,4.11,3.26,False
QEPWIU,Cu,0.49,1.18,0.69,True
QEPWUG,Cu,5.79,6.28,0.49,True
QEPYAP,Cu,4.78,5.96,1.18,False
QEQCAQ,Mo,0.85,4.92,4.07,False
QEQHUP,Zr,0.84,5.62,4.78,False
QEQKIK,Os,0.34,1.43,1.09,False
QERNIO,Zn,11.46,10.43,1.03,False
QESGUQ,V,8.59,16.01,7.42,False
QESGUQ02,V,5.07,11.03,5.96,False
QESJOQ,Fe,4.99,5.96,0.97,True
QESLEJ,Zn,5.83,13.6,7.77,False
QESLIN,Zn,1.11,1.12,0.01,True
QETFEB,Cu,5.06,6.27,1.21,False
QETFIF,Zn,4.67,6.29,1.62,False
QETGIJ,Zn,0.97,1.03,0.06,True
QETJUU,Mn,6.08,6.13,0.05,True
QETSUE,Zn,0.69,4.78,4.09,False
QETVAM,Ni,6.17,9.28,3.11,False
QEVBOM,Cu,8.74,10.37,1.63,False
QEVJEG,Co,0.43,0.73,0.3,True
QEVTUK,Cu,9.2,15.64,6.44,False
QEVVOG,Cu,0.99,6.21,5.22,False
QEVXIZ,Ni,4.66,5.49,0.83,True
QEWJOS,Y,0.68,1.32,0.64,True
QEWJUY,Y,4.46,5.12,0.66,True
QEWKAF,Y,0.62,1.23,0.61,True
QEWKIP,Cu,0.43,0.66,0.23,True
QEWKOV,Cu,7.83,13.32,5.49,False
QEWLEM,Cu,0.85,4.85,4.0,False
QEWPOY,Os,5.16,6.39,1.23,False
QEWPUE,Os,5.04,6.38,1.34,False
QEXHUZ,Cu,5.16,5.91,0.75,True
QEXJAF,Zn,7.54,9.88,2.34,False
QEXVOH,Zn,0.26,5.92,5.66,False
QEXWEW,Ru,3.09,3.93,0.84,True
QEYLIQ,Ru,0.79,1.06,0.27,True
QEYLUC,Ru,5.73,5.78,0.05,True
QEYMAJ,Ru,5.62,6.14,0.52,True
QEYMOX,Cu,2.13,5.48,3.35,False
QEYNEP,Ru,0.15,5.96,5.81,False
QEYNER,Fe,5.11,5.72,0.61,True
QEYNER01,Fe,5.1,5.71,0.61,True
QEYNOZ,Ru,0.27,5.31,5.04,False
QEYNUF,Ru,0.6,6.17,5.57,False
QEZFAF,Zn,5.03,7.15,2.12,False
QEZGEI,Cd,0.98,4.47,3.49,False
QEZNUI,Ag,4.77,6.14,1.37,False
QEZPIY,Ag,5.05,6.18,1.13,False
QEZSOE,Ti,0.36,5.49,5.13,False
QEZVUP,Zn,0.27,5.68,5.41,False
QIBQUR,Ti,1.99,2.27,0.28,True
QIBTUU,Ti,0.67,1.32,0.65,True
QIBVAC,Ti,0.5,5.64,5.14,False
QIBVUU,Hf,0.5,6.11,5.61,False
QIBWIJ,Hf,0.44,5.2,4.76,False
QIBXAB,Zn,0.79,1.59,0.8,True
QIBXEE,Cu,9.55,14.3,4.75,False
QIBXEF,Zn,4.62,4.8,0.18,True
QIBXIJ,Zn,0.93,4.79,3.86,False
QIBXOP,Zn,0.43,5.79,5.36,False
QIBYUZ,Zn,0.3,5.61,5.31,False
QIBZAG,Zn,0.22,1.27,1.05,False
QICBAI,Ir,6.38,6.47,0.09,True
QICCEN,Cu,0.36,5.89,5.53,False
QICLAR,Pd,4.71,6.75,2.04,False
QICLEV,Ru,5.53,5.64,0.11,True
QICLUL,Ru,5.78,6.36,0.58,True
QICQAX,Co,0.51,5.35,4.84,False
QICRIG,Cu,10.03,13.4,3.37,False
QICRUS,Cu,7.37,11.57,4.2,False
QICZOT,Ti,5.47,6.29,0.82,True
QIDKUM,Cu,0.66,0.67,0.01,True
QIDLAT,Cu,4.58,5.92,1.34,False
QIDLEX,Cu,4.88,6.26,1.38,False
QIDNUO,Co,4.89,6.1,1.21,False
QIDTUW,Zn,0.87,4.94,4.07,False
QIDWIK,Cu,0.38,4.85,4.47,False
QIDWOQ,Cu,0.39,4.86,4.47,False
QIDYOT,W,5.74,7.33,1.59,False
QIDZEK,Ru,5.38,5.75,0.37,True
QIFHIY,Ru,0.26,1.45,1.19,False
QIGPAA,Ta,0.42,1.38,0.96,True
QIGYOX,Cu,0.53,0.59,0.06,True
QIGZAK,Ir,0.77,1.0,0.23,True
QIHLAX,Cu,4.36,6.31,1.95,False
QIHNIH,Co,0.8,5.99,5.19,False
QIHNON,Co,0.83,5.86,5.03,False
QIHNUT,Co,0.85,5.97,5.12,False
QIHSAD,Cu,7.73,9.56,1.83,False
QIHYOY,Y,4.76,6.39,1.63,False
QIHZEM,V,5.09,5.93,0.84,True
QIHZOZ,La,5.29,9.45,4.16,False
QIJBUI,Fe,6.14,7.64,1.5,False
QIJDEV,Fe,0.57,5.82,5.25,False
QIJPUU,Zn,1.41,4.49,3.08,False
QIJROS,V,5.1,6.03,0.93,True
QIJSAD,Cu,0.41,5.34,4.93,False
QIJSAF,Cu,4.63,6.05,1.42,False
QIJXUE,Zn,0.69,1.82,1.13,False
QIKFEX,Zn,5.06,6.16,1.1,False
QIMQEM,W,0.22,0.62,0.4,True
QINVUE,Os,5.15,6.31,1.16,False
QINWAL,Os,5.44,6.42,0.98,True
QINWIT,Os,6.39,6.5,0.11,True
QINXAM,Ru,6.28,6.41,0.13,True
QINZOE,Fe,0.23,6.07,5.84,False
QINZUK,Fe,0.27,6.13,5.86,False
QINZUK01,Fe,0.28,6.14,5.86,False
QIPCOJ,Fe,4.95,5.74,0.79,True
QIPLOQ,Ir,5.73,5.98,0.25,True
QIPPAG,Mn,4.8,5.86,1.06,False
QIPQAK,Cu,10.78,6.51,4.27,False
QIPQOY,Cu,0.89,1.54,0.65,True
QIPRUF,Zn,4.85,5.97,1.12,False
QIPTOB,Cu,4.48,7.56,3.08,False
QIPVOC,Fe,0.57,0.62,0.05,True
QIPVOC01,Fe,4.13,6.26,2.13,False
QIPZOG,Cu,3.02,4.56,1.54,False
QIQHAC,Cu,0.54,4.49,3.95,False
QIQQEM,Y,8.9,14.44,5.54,False
QIRKOT,Zn,0.8,6.46,5.66,False
QIRMIN,W,5.98,6.05,0.07,True
QIRWIZ,Cr,0.37,5.71,5.34,False
QIRWOF,Cr,5.0,6.02,1.02,False
QIRWUL,Cr,5.5,6.4,0.9,True
QISMUA,Cu,0.64,6.57,5.93,False
QISNEP,Cu,6.58,10.45,3.87,False
QITBEA,Fe,0.82,5.38,4.56,False
QITGEF,Cu,0.39,6.22,5.83,False
QITREQ,Ti,0.23,0.94,0.71,True
QITTIY,Zn,4.01,5.39,1.38,False
QITTOE,Zn,0.51,0.95,0.44,True
QITVIA,Fe,0.49,1.15,0.66,True
QITVOG,Fe,0.46,5.4,4.94,False
QITWEY,Cu,0.31,6.2,5.89,False
QITWUO,Fe,4.8,5.82,1.02,False
QITYUN,Cu,0.48,2.02,1.54,False
QITZAU,Cu,4.76,6.4,1.64,False
QITZEY,Cu,0.85,1.34,0.49,True
QIVFOS,Cu,4.8,5.81,1.01,False
QIVMUE,V,0.31,6.03,5.72,False
QIVSOG,Mn,1.81,4.83,3.02,False
QIVYIE,Zr,5.42,9.5,4.08,False
QIVYOK,Cu,11.87,8.37,3.5,False
QIWCOO,Fe,0.45,0.93,0.48,True
QIWCUU,Ni,0.36,3.84,3.48,False
QIWDAF,Cr,0.85,5.82,4.97,False
QIWKUD,Co,6.67,10.04,3.37,False
QIWNAN,Cu,4.76,6.11,1.35,False
QIWNOD,Cu,4.18,6.29,2.11,False
QIWWAY,Y,0.23,4.67,4.44,False
QIXCOR,Fe,0.65,6.39,5.74,False
QIXDAE,Fe,0.55,5.0,4.45,False
QIXDIM,Fe,0.99,7.17,6.18,False
QIXJEN,Mn,0.59,0.89,0.3,True
QIXLIV,Cu,0.53,4.52,3.99,False
QIXQEU,Co,6.88,9.58,2.7,False
QIXQIZ,Ru,5.99,6.12,0.13,True
QIXSAU,Hg,2.34,4.29,1.95,False
QIXSEY,Cd,1.69,1.91,0.22,True
QIXSEY01,Cd,4.73,6.65,1.92,False
QIXSEY02,Cd,1.68,1.87,0.19,True
QIYDUZ,Cu,4.88,6.9,2.02,False
QIYQEU,Cu,0.41,1.0,0.59,True
QIYQEU01,Cu,5.08,5.81,0.73,True
QIYQIY,Cu,5.27,6.11,0.84,True
QIYROF,Re,0.5,5.23,4.73,False
QIZBOS,Cu,5.52,6.24,0.72,True
QIZCAF,Fe,4.94,6.29,1.35,False
QIZCEJ,Cu,5.01,6.54,1.53,False
QIZJER,Cu,1.29,5.24,3.95,False
QIZRUN,Sc,4.76,6.4,1.64,False
QIZVUU,Zn,4.63,8.44,3.81,False
QIZWAB,Zn,8.45,8.74,0.29,True
QIZXIJ,V,0.33,1.43,1.1,False
QOBQED01,Cu,6.66,4.51,2.15,False
QOBQED02,Cu,6.68,7.42,0.74,True
QOBRIK,Fe,5.68,5.8,0.12,True
QOBRUW,Fe,5.86,5.95,0.09,True
QOBVIP,Ti,1.79,5.78,3.99,False
QOBWEM,Ti,4.39,6.67,2.28,False
QOBWEN,Fe,0.55,6.38,5.83,False
QOBWIQ,Ti,0.55,0.79,0.24,True
QOBZUE,Fe,5.02,5.96,0.94,True
QOCDES,Fe,7.03,8.09,1.06,False
QOCDOC,Fe,0.53,6.34,5.81,False
QOCDUI01,Fe,4.52,5.3,0.78,True
QOCVOU,V,0.72,5.58,4.86,False
QOCVUA,V,0.72,6.21,5.49,False
QOCXOV,Zn,0.89,5.87,4.98,False
QODDAP,Zn,0.69,5.5,4.81,False
QODFEU,Ti,0.22,5.54,5.32,False
QODMAY,Ru,5.39,5.98,0.59,True
QODMOM,Ru,4.92,5.73,0.81,True
QODPUU,Re,0.04,1.0,0.96,True
QOFXOZ,Cu,0.37,6.91,6.54,False
QOGDIB,Co,5.11,6.37,1.26,False
QOHDUO,V,0.29,0.71,0.42,True
QOHLUV,V,4.71,5.5,0.79,True
QOHMAB,Nb,0.16,1.12,0.96,True
QOHROY,Co,0.42,1.52,1.1,False
QOHSAL,Co,0.5,1.18,0.68,True
QOHSEP,Co,0.52,6.29,5.77,False
QOHTIQ,Ir,0.35,1.64,1.29,False
QOHTUG,Fe,4.96,5.78,0.82,True
QOHVES,Fe,5.1,6.07,0.97,True
QOHXOC,V,0.2,5.77,5.57,False
QOJBOG,Os,5.06,5.2,0.14,True
QOJCUN,Os,0.68,6.31,5.63,False
QOJDAU,Os,6.15,6.37,0.22,True
QOJLUW,Mo,0.18,5.76,5.58,False
QOJVUI,Cu,1.6,6.25,4.65,False
QOKJEG,Y,0.28,1.24,0.96,True
QOKJOR,Ag,3.18,7.0,3.82,False
QOKWIW,Cd,0.36,1.43,1.07,False
QOLDIF,Zn,0.28,0.95,0.67,True
QOLGII,Cu,4.96,6.24,1.28,False
QOLHAA,Cu,0.15,0.91,0.76,True
QOLJAD,Cu,5.22,6.46,1.24,False
QOLKOS,Cu,3.73,5.01,1.28,False
QOLMEK,Zn,4.93,6.02,1.09,False
QOLPAI,Ti,0.23,4.88,4.65,False
QOLPEM,Ti,1.5,6.55,5.05,False
QOLROA,Cu,5.01,6.31,1.3,False
QOLWUJ,Zn,0.03,1.08,1.05,False
QOLYAT,Fe,6.5,12.71,6.21,False
QOLYEV,Ru,0.01,1.13,1.12,False
QOLYIB,Fe,11.37,14.34,2.97,False
QOMLOU,Ni,0.29,5.63,5.34,False
QOMMIQ,Cu,4.92,6.08,1.16,False
QOMROB,Ti,0.15,5.58,5.43,False
QONHIK,Ta,5.02,5.83,0.81,True
QONSUI,Ru,0.88,4.89,4.01,False
QOPHAE,Cu,11.76,10.73,1.03,False
QOPNOA,Zn,0.26,0.81,0.55,True
QOPSAR,Ru,5.83,5.89,0.06,True
QOPSEV,Ru,0.77,1.4,0.63,True
QOPVAV,Fe,4.88,6.17,1.29,False
QOPVEZ,Fe,5.3,6.12,0.82,True
QOPXAU,Nb,0.25,5.62,5.37,False
QOQXAW,V,5.04,5.49,0.45,True
QORDUY,Fe,0.74,5.08,4.34,False
QORFAF,Ta,0.34,5.69,5.35,False
QORFAG,Fe,3.73,4.14,0.41,True
QORFEI,Zn,0.26,4.06,3.8,False
QORFOU,Fe,6.79,7.47,0.68,True
QORLAN,Cu,0.6,5.31,4.71,False
QORLEO,Zn,0.3,5.52,5.22,False
QORLIS,Zn,0.26,5.97,5.71,False
QORLOY,Zn,0.21,5.79,5.58,False
QORPIX,Cu,0.6,5.57,4.97,False
QOSFUB,Cu,4.93,5.86,0.93,True
QOSGAI,Cu,4.84,5.24,0.4,True
QOSGIQ,Cu,0.68,0.84,0.16,True
QOSGOW,Cu,4.99,5.82,0.83,True
QOSJEN,Zr,12.7,8.98,3.72,False
QOSKEO,Cu,11.62,13.41,1.79,False
QOSMAN,Ru,5.93,6.0,0.07,True
QOSMER,Ru,0.18,1.77,1.59,False
QOSMIV,Ru,5.58,6.07,0.49,True
QOSSAU,Cu,4.5,5.66,1.16,False
QOTBUW,Mo,4.45,5.32,0.87,True
QOTHIU,Co,7.83,11.08,3.25,False
QOTKIU,Cu,0.33,0.55,0.22,True
QOTKIU01,Cu,0.32,0.54,0.22,True
QOTQUO,Ir,0.39,1.63,1.24,False
QOTSEY,V,6.97,12.04,5.07,False
QOTWIG,Cu,4.81,5.9,1.09,False
QOTXOO,Fe,0.43,0.81,0.38,True
QOTYUV,Co,4.97,5.85,0.88,True
QOVCAI,Cu,0.41,0.7,0.29,True
QOVCEM,Cu,4.79,6.23,1.44,False
QOVCOW,Cu,0.72,1.12,0.4,True
QOVGOA,Cu,3.47,6.61,3.14,False
QOVGUG,Ru,5.02,6.57,1.55,False
QOVHAN,Ru,6.37,6.41,0.04,True
QOVKIW,Fe,5.16,5.78,0.62,True
QOVKIW01,Fe,0.21,0.73,0.52,True
QOVKIW02,Fe,0.33,0.66,0.33,True
QOVKIW03,Fe,0.4,0.65,0.25,True
QOVKIW04,Fe,0.03,1.05,1.02,False
QOVKIW05,Fe,0.06,0.89,0.83,True
QOVKIW06,Fe,4.87,5.7,0.83,True
QOVKIW07,Fe,0.3,0.72,0.42,True
QOVNEV,Ni,6.07,6.55,0.48,True
QOVPAW,Ir,6.87,11.15,4.28,False
QOWFEO,Cu,0.57,5.73,5.16,False
QOWFER,Cu,0.42,6.49,6.07,False
QOWFIV,Cu,0.35,0.61,0.26,True
QOWGOA,Ru,5.28,6.5,1.22,False
QOWHAN,Ru,5.96,7.6,1.64,False
QOWLEX,Zn,8.57,8.96,0.39,True
QOWLIB,Zn,8.53,5.79,2.74,False
QOWLOH,Zn,11.96,15.23,3.27,False
QOWMIC,Zn,9.92,14.89,4.97,False
QOXBEO,Zn,12.41,8.38,4.03,False
QOXGOB,Cu,5.83,7.45,1.62,False
QOXREB,Zn,4.77,5.73,0.96,True
QOXVAA,Zn,0.43,0.73,0.3,True
QOXVIK,Fe,0.28,4.86,4.58,False
QOXYEH,Ir,4.82,5.49,0.67,True
QOXZOV,Cu,0.86,1.38,0.52,True
QOYFEQ,Ni,1.05,1.21,0.16,True
QOYHAP,Ru,1.07,6.18,5.11,False
QOYNUR,Cu,4.87,10.03,5.16,False
QOYSAB,Fe,4.03,5.31,1.28,False
QOYYIM,W,3.4,5.07,1.67,False
QOYYOS,Mo,4.56,5.4,0.84,True
QOYYUY,W,2.27,3.04,0.77,True
QOYZAF,W,3.71,4.51,0.8,True
QOYZIN,Cu,1.25,4.28,3.03,False
QOYZUC,Zn,0.73,1.27,0.54,True
QOZXOV,Fe,0.8,1.05,0.25,True
QUBQOX,Cu,5.01,5.78,0.77,True
QUBVOC,Ru,5.51,5.57,0.06,True
QUCBIA,Co,4.32,8.11,3.79,False
QUCBIB,Ru,0.82,1.72,0.9,True
QUCCOH,Cu,5.6,11.01,5.41,False
QUCFIE,Cu,7.45,12.84,5.39,False
QUCJOP,Ni,5.39,6.54,1.15,False
QUCMAF,Cu,0.29,5.36,5.07,False
QUCROY,Cu,4.68,5.27,0.59,True
QUCSOZ,Cu,8.62,10.11,1.49,False
QUDKOT,Cu,8.25,10.32,2.07,False
QUDPEK,Fe,13.38,9.18,4.2,False
QUDWIV,Y,0.38,3.73,3.35,False
QUDZOE,W,5.49,5.76,0.27,True
QUFJAD,Cu,10.18,12.74,2.56,False
QUFJEH,Cu,7.88,9.68,1.8,False
QUFJEH01,Cu,10.39,9.13,1.26,False
QUFKOU,Cu,0.6,6.61,6.01,False
QUFTET,Co,0.55,5.8,5.25,False
QUGBUP,Nb,5.52,6.06,0.54,True
QUGBUR,Fe,0.99,1.89,0.9,True
QUGCAW,Nb,1.51,5.2,3.69,False
QUGCEA,Ta,5.58,6.06,0.48,True
QUGCIE,Ta,6.82,8.8,1.98,False
QUGCOK,Ta,0.63,6.01,5.38,False
QUGCUQ,Nb,3.07,4.89,1.82,False
QUGDAX,Ta,4.92,5.94,1.02,False
QUGDEB,Ta,0.6,0.61,0.01,True
QUGDIF,Ta,0.36,3.33,2.97,False
QUGDOL,Nb,0.31,5.91,5.6,False
QUGDUR,Ta,0.33,1.6,1.27,False
QUGFAZ,Nb,0.17,3.82,3.65,False
QUGMOW,Ru,0.42,0.79,0.37,True
QUGMUC,Ru,0.63,1.29,0.66,True
QUGPOY,Re,10.7,15.89,5.19,False
QUGPUE,Tc,5.21,12.11,6.9,False
QUGSIV,Cu,11.82,12.04,0.22,True
QUGSUH,Cu,10.34,9.38,0.96,True
QUGWIB,Fe,0.28,5.36,5.08,False
QUGWOH,Fe,0.39,1.0,0.61,True
QUGWUN,Ru,5.02,6.0,0.98,True
QUGXAU,Ru,4.71,5.05,0.34,True
QUGXEZ,Re,4.81,6.58,1.77,False
QUGZIB,Os,0.45,1.95,1.5,False
QUGZIF,Re,3.09,6.71,3.62,False
QUGZOH,Os,5.95,6.22,0.27,True
QUHBON,Mo,0.24,0.56,0.32,True
QUHDAZ,Zr,1.68,7.07,5.39,False
QUHDON,Zr,0.49,5.72,5.23,False
QUHDUT,Zr,0.93,1.75,0.82,True
QUHHIL,Cu,5.16,6.11,0.95,True
QUHJAG,Ru,0.23,1.4,1.17,False
QUHJEK,Ru,5.81,5.88,0.07,True
QUHLIO,Ru,0.48,2.07,1.59,False
QUHWEW,Ta,0.09,0.66,0.57,True
QUJCUU,Ru,0.6,1.28,0.68,True
QUJJUA,Cu,7.77,13.82,6.05,False
QUJYEZ,Co,5.87,7.98,2.11,False
QUJYOJ,Co,7.6,12.87,5.27,False
QUJZUQ,Fe,8.13,10.23,2.1,False
QUKDAC,Ir,0.61,1.78,1.17,False
QUKFIO,Co,0.38,4.32,3.94,False
QUKFOS,Cu,14.2,15.57,1.37,False
QUKLIU,W,3.66,5.76,2.1,False
QUKLUE,Cd,0.22,0.5,0.28,True
QUKVEB,Os,0.59,0.65,0.06,True
QUKVIF,V,0.66,5.81,5.15,False
QUKYAZ,Co,5.48,12.26,6.78,False
QUKYUT,Co,0.99,6.91,5.92,False
QULMET,Zn,7.88,10.98,3.1,False
QULPUI,Cu,5.09,6.09,1.0,False
QUMCIN,Ir,0.41,1.71,1.3,False
QUMCUZ,Ir,12.0,13.34,1.34,False
QUMXUR,Nb,0.33,0.82,0.49,True
QUMYAY,Ta,0.33,5.2,4.87,False
QUNDUA,Zn,4.67,5.83,1.16,False
QUNKIT,Fe,0.75,5.73,4.98,False
QUNQIC,Ni,3.35,4.56,1.21,False
QUNSOI,Cu,0.27,5.65,5.38,False
QUPBOS,Zr,0.29,0.66,0.37,True
QUPPID,W,6.97,11.24,4.27,False
QUPPOJ,W,0.12,0.99,0.87,True
QUPQAW,W,0.13,0.64,0.51,True
QUPVEC,Zn,0.72,1.6,0.88,True
QUQDUB,Cu,7.39,6.61,0.78,True
QUQDUB02,Cu,5.81,11.36,5.55,False
QUQFAJ,Cu,0.74,5.73,4.99,False
QUQSOM,Cu,1.08,3.73,2.65,False
QUQSUS,Cu,4.92,6.35,1.43,False
QUQTIG,Ru,5.67,5.83,0.16,True
QUQTOL,Pd,1.03,4.86,3.83,False
QUQYEG,Ru,6.1,6.15,0.05,True
QURBUC,Cu,4.88,5.81,0.93,True
QURFIW,Fe,0.38,5.6,5.22,False
QURFOC,Fe,0.01,1.01,1.0,False
QURMAR,W,0.17,1.41,1.24,False
QUSNEX,Re,0.58,2.05,1.47,False
QUSNIB,Re,6.55,6.8,0.25,True
QUSVOR,Cu,13.67,16.77,3.1,False
QUSYIM,Mo,0.41,0.94,0.53,True
QUSYOS,Mo,5.5,6.08,0.58,True
QUSYUY,Mo,5.12,6.28,1.16,False
QUVHAT,Cu,0.38,0.67,0.29,True
QUVQIJ,Co,0.16,5.23,5.07,False
QUVRUV,Ti,0.79,5.96,5.17,False
QUVSAC,Ti,11.98,13.06,1.08,False
QUWFAQ,Cu,0.67,6.28,5.61,False
QUWHOG,Zn,0.23,0.58,0.35,True
QUWRIM,Cu,9.3,11.46,2.16,False
QUWSUX,Ru,0.3,1.11,0.81,True
QUXJID,Cu,2.06,7.19,5.13,False
QUXVIS,Fe,0.63,0.65,0.02,True
QUYHAV,Pt,4.57,6.36,1.79,False
QUYHEZ,Pt,0.63,6.14,5.51,False
QUYHOJ,Pd,0.63,4.64,4.01,False
QUYHUP,Pd,4.81,6.21,1.4,False
QUYYAO,Sc,0.63,0.96,0.33,True
QUZPOS,Ir,5.9,9.71,3.81,False
QUZVOY,V,5.24,5.69,0.45,True
QUZVUE,Ni,0.29,5.89,5.6,False
QUZWAL,Ni,0.35,5.64,5.29,False
QUZWEP,Ni,0.26,5.72,5.46,False
QUZXER,Cu,3.62,7.37,3.75,False
QUZXIT,Ru,5.63,6.33,0.7,True
RABGEG,Cu,1.45,6.3,4.85,False
RABQAR,Zn,4.79,6.42,1.63,False
RABVAS,Co,0.21,5.35,5.14,False
RABVEW,Co,0.22,1.25,1.03,False
RABVOG,Co,0.47,1.11,0.64,True
RABVUH,Re,5.5,5.87,0.37,True
RACHOV,Ni,12.83,11.02,1.81,False
RACMOZ,Ti,0.99,1.58,0.59,True
RACNAN,Fe,0.39,1.22,0.83,True
RACNER,Ni,13.02,12.69,0.33,True
RACNIV,Ni,7.36,9.38,2.02,False
RACNOB,Ni,13.06,11.62,1.44,False
RACSEW,Ru,0.24,1.19,0.95,True
RACSIA,Ru,5.89,6.02,0.13,True
RACSUM,Ru,5.64,5.94,0.3,True
RACTAT,Ru,0.27,1.24,0.97,True
RACVUM,W,0.84,5.95,5.11,False
RACWAT,W,0.88,6.0,5.12,False
RACXUP,Cu,4.82,5.92,1.1,False
RACYAW,Zn,0.33,5.01,4.68,False
RACYUS,Hg,0.77,4.78,4.01,False
RACZUV,Zn,0.25,5.58,5.33,False
RADKEM,Mo,0.16,5.69,5.53,False
RADLAJ,Au,5.04,7.41,2.37,False
RADMUF,Ru,0.63,1.37,0.74,True
RADNAM,Ru,5.49,6.51,1.02,False
RADNEQ,Ru,0.97,6.42,5.45,False
RADNIU,Ru,0.73,1.78,1.05,False
RADPET,Ta,0.8,5.73,4.93,False
RADQAQ,Ta,0.23,1.16,0.93,True
RADRUK,Cu,4.49,5.6,1.11,False
RADWON,Cd,0.05,0.84,0.79,True
RAFGEP,Mn,0.43,1.56,1.13,False
RAFGOZ,Mn,0.42,2.28,1.86,False
RAFHOA,Mn,6.98,7.09,0.11,True
RAFKAP,Ru,5.59,6.31,0.72,True
RAFKUG,Cu,0.78,0.94,0.16,True
RAFREZ,Ta,0.16,5.15,4.99,False
RAFSIC,Pt,4.79,6.14,1.35,False
RAFSUO,Pt,4.69,6.15,1.46,False
RAFYON,Cu,4.94,6.18,1.24,False
RAFYON02,Cu,4.56,5.63,1.07,False
RAFYOP,Ni,4.68,5.32,0.64,True
RAFZAZ,Tc,0.01,1.25,1.24,False
RAGCUX,Zn,9.76,7.84,1.92,False
RAGDIO,Cu,6.59,14.36,7.77,False
RAGDIO01,Cu,11.58,8.79,2.79,False
RAGHIQ,Mn,5.45,5.91,0.46,True
RAGHOW,Mn,0.19,5.87,5.68,False
RAGLOD,Mn,0.07,0.73,0.66,True
RAGLUJ,Zn,0.16,0.8,0.64,True
RAGMIY,Cu,4.69,5.66,0.97,True
RAGQUN,Cu,0.34,0.73,0.39,True
RAGRAU,Cu,0.65,6.22,5.57,False
RAGZUV,Cu,4.07,6.39,2.32,False
RAHBAE,Cu,5.24,7.12,1.88,False
RAHFUD,Cu,4.03,6.15,2.12,False
RAHLOC,Re,0.66,5.9,5.24,False
RAHLUI,Re,0.62,0.99,0.37,True
RAHMIX,Cu,0.13,5.57,5.44,False
RAHMUJ,Cu,0.41,5.44,5.03,False
RAHNAQ,Cu,0.37,5.85,5.48,False
RAHTEB,Cu,5.63,7.48,1.85,False
RAHTUQ,Ir,5.03,6.13,1.1,False
RAHVAY,Ir,0.7,2.11,1.41,False
RAHVEC,Ir,0.65,1.81,1.16,False
RAHZIL,Cu,0.67,4.74,4.07,False
RAJPAU,Zn,0.52,5.96,5.44,False
RAJPAU01,Zn,0.53,5.97,5.44,False
RAJQIC,Cu,0.39,6.34,5.95,False
RAKKIY,Cu,10.53,9.37,1.16,False
RAKMOH,Zr,2.05,7.51,5.46,False
RAKTAA,Fe,0.69,5.96,5.27,False
RALKEW,V,0.25,1.35,1.1,False
RALMEY,Ru,0.61,1.69,1.08,False
RALMIC,Ru,6.17,6.28,0.11,True
RALMUO,Mn,4.74,6.26,1.52,False
RALPIE,Cu,0.53,6.03,5.5,False
RALQAY,Cd,8.41,9.41,1.0,False
RALQEC,Zn,0.92,4.48,3.56,False
RALVOQ,Mo,5.26,5.73,0.47,True
RAMDUG,Ni,1.02,6.59,5.57,False
RAMFAO,Ni,5.16,6.61,1.45,False
RAMGES,Zn,0.25,5.83,5.58,False
RAMMIB,Cu,4.37,5.8,1.43,False
RAMMIB01,Cu,0.6,0.74,0.14,True
RAMPOM,Ru,0.38,1.32,0.94,True
RAMTOQ,Rh,10.94,9.85,1.09,False
RANBEN,Cu,6.8,7.97,1.17,False
RANBEN01,Cu,6.46,9.43,2.97,False
RANDOZ,Y,1.8,7.82,6.02,False
RANDUF,Y,0.66,5.86,5.2,False
RANGOD,Re,5.49,6.8,1.31,False
RANJOG,Fe,0.4,1.88,1.48,False
RANKIB,Fe,0.38,5.77,5.39,False
RANLEX,Ru,0.63,1.27,0.64,True
RANLIC,Mo,0.14,1.01,0.87,True
RANLIE,Mn,0.93,3.48,2.55,False
RANLOK,Mn,4.63,6.2,1.57,False
RANLUQ,Mn,0.9,4.56,3.66,False
RANMUR,Zn,4.86,5.88,1.02,False
RANNUR,Ru,6.0,6.03,0.03,True
RANTEF,Zn,0.45,4.87,4.42,False
RANWOW,W,5.74,5.95,0.21,True
RAPJAV,Ru,3.65,5.31,1.66,False
RAPRIN,Zn,0.7,4.79,4.09,False
RAPVIP,Ru,0.77,6.21,5.44,False
RAPWEO,V,4.84,5.69,0.85,True
RAPWIS,V,4.83,5.65,0.82,True
RAQNAA,Cu,1.3,4.04,2.74,False
RAQROS,V,5.28,5.83,0.55,True
RAQSAF,V,0.56,6.1,5.54,False
RAQSOR,Ir,4.89,5.58,0.69,True
RAQXEO,Cu,12.22,7.97,4.25,False
RAQXIS,Zn,8.07,7.65,0.42,True
RARBIZ,Ni,0.72,4.45,3.73,False
RARGOH,Co,1.0,6.53,5.53,False
RARHEY,Co,6.4,4.72,1.68,False
RARHIC,V,0.19,5.44,5.25,False
RARPOQ,Ru,6.3,6.52,0.22,True
RARPUW,Ru,0.34,1.92,1.58,False
RARQAD,Ru,6.28,6.7,0.42,True
RASDEX,Rh,0.65,0.79,0.14,True
RASHAY,Mo,4.18,5.9,1.72,False
RASPOQ,Cu,4.98,6.07,1.09,False
RASQUX,Co,0.55,1.1,0.55,True
RATJUT,Zn,0.39,1.08,0.69,True
RATMUU,Cu,0.98,1.24,0.26,True
RATNEG,Ta,0.09,5.63,5.54,False
RATSIP,Co,0.68,5.92,5.24,False
RATSIP01,Co,0.68,5.92,5.24,False
RATVIU,W,5.9,6.22,0.32,True
RATVOA,Cr,0.15,1.13,0.98,True
RATXER,Zn,13.35,11.8,1.55,False
RATZIX,Cu,10.24,6.1,4.14,False
RATZOB,Re,4.94,5.94,1.0,False
RATZUH,Re,4.88,5.66,0.78,True
RAVBOJ,Co,0.82,5.59,4.77,False
RAVGIH,Co,0.86,1.85,0.99,True
RAVGON,Co,4.53,4.74,0.21,True
RAVGUT,Co,0.7,6.35,5.65,False
RAVKEE,Fe,3.58,6.38,2.8,False
RAVMOU,Co,5.5,6.71,1.21,False
RAVMUA,Co,0.76,5.4,4.64,False
RAVWUJ,Cu,10.79,11.7,0.91,True
RAVYIX,Fe,0.32,0.41,0.09,True
RAWFUT,Mo,4.95,5.55,0.6,True
RAWHAZ,Fe,7.53,9.74,2.21,False
RAWKOQ,Ir,5.33,7.23,1.9,False
RAWKUW,Ir,4.61,5.79,1.18,False
RAWLAD,Ir,0.59,5.49,4.9,False
RAWMOR,Ru,6.57,6.79,0.22,True
RAWPUB,Ni,0.5,1.25,0.75,True
RAWREO,Cu,1.68,3.93,2.25,False
RAWRIT,Co,1.53,6.89,5.36,False
RAWROZ,Co,5.52,6.57,1.05,False
RAWRUF,Co,0.55,5.88,5.33,False
RAWRUF01,Co,0.55,5.89,5.34,False
RAWVAN,Ag,5.43,6.23,0.8,True
RAWYIY,Ti,1.16,1.61,0.45,True
RAXCUP,Cu,5.43,6.13,0.7,True
RAXJEH,Zn,0.21,0.66,0.45,True
RAXKUW,Cu,5.3,6.4,1.1,False
RAXLIM,Cu,3.69,8.63,4.94,False
RAXQOY,Cu,10.14,10.14,0.0,True
RAXRUF,Co,0.24,5.16,4.92,False
RAXVUI,Ru,0.6,1.12,0.52,True
RAXWAP,Ru,0.94,6.49,5.55,False
RAXWET,Ru,5.36,5.79,0.43,True
RAXXET,Rh,5.74,6.69,0.95,True
RAXYOE,Co,0.42,6.01,5.59,False
RAXZUL,Fe,0.59,5.46,4.87,False
RAYPAL,Ir,5.74,6.2,0.46,True
RAYQEQ,Ir,0.48,1.82,1.34,False
RAYVEV,Os,6.1,6.17,0.07,True
RAYZIE,Cd,1.22,1.71,0.49,True
RAZJAD,Cu,0.18,4.52,4.34,False
RAZJOR,Cu,7.47,14.7,7.23,False
RAZJOV,Ru,5.71,5.78,0.07,True
RAZJUX,Cu,10.1,13.36,3.26,False
RAZMUE,Co,4.97,5.95,0.98,True
REBJOX,Cu,0.84,4.13,3.29,False
REBJUE,Cu,4.78,6.19,1.41,False
RECKAN,Ti,9.62,13.14,3.52,False
RECKIX,Zn,0.54,0.78,0.24,True
RECKOD,Zn,5.49,7.25,1.76,False
RECNOC,Rh,5.89,6.34,0.45,True
RECSUP,Ru,5.69,6.07,0.38,True
RECTAW,Ru,5.58,6.06,0.48,True
RECXUU,Zn,1.33,3.77,2.44,False
REDCOU,Ti,0.83,1.15,0.32,True
REDDAI,Ru,5.01,5.35,0.34,True
REDJIT,Fe,8.28,9.7,1.42,False
REDNAP,Ru,6.03,6.68,0.65,True
REDSID,Cu,0.65,6.04,5.39,False
REDWUU,Ru,4.87,6.3,1.43,False
REDXIK,Cu,0.25,0.81,0.56,True
REFMUL,Cu,6.39,10.98,4.59,False
REHDAK,Mn,0.93,1.9,0.97,True
REHNIC,Cu,4.87,6.37,1.5,False
REHTAC,Cu,7.09,17.26,10.17,False
REHZEM,Fe,0.28,5.54,5.26,False
REJDAN,Co,11.55,10.54,1.01,False
REJDUJ,V,5.74,5.89,0.15,True
REJFAR,V,5.55,5.78,0.23,True
REJFEV,V,0.25,1.0,0.75,True
REJFOF,V,0.14,1.36,1.22,False
REJGEW,V,0.16,1.39,1.23,False
REJMOK,Fe,0.27,5.58,5.31,False
REJMUQ,Fe,0.33,1.3,0.97,True
REJPAB,Cu,9.43,13.09,3.66,False
REJWAF,Fe,0.32,5.69,5.37,False
REJZEO,Cu,5.77,6.27,0.5,True
REJZEO01,Cu,5.79,6.8,1.01,False
REKMIH,Ru,5.44,5.88,0.44,True
REKMUP,Cu,8.25,11.01,2.76,False
REKNUR,Pt,4.83,5.97,1.14,False
REKQII,Cu,4.22,5.99,1.77,False
REKTOS,Y,4.91,6.74,1.83,False
REKVEK,Y,0.53,4.91,4.38,False
REKWOT,Ru,7.52,15.66,8.14,False
REKXAG,Ti,0.09,1.22,1.13,False
REKXAG01,Ti,0.09,1.22,1.13,False
RELCEQ,Cu,0.55,6.76,6.21,False
REMFAQ,V,6.21,6.68,0.47,True
REMFIY,V,5.84,6.95,1.11,False
REMFOE,V,0.38,6.7,6.32,False
REMVOW,Ru,5.96,6.0,0.04,True
REMZEP,Ni,0.22,0.52,0.3,True
RENBUI,Mn,5.43,5.86,0.43,True
RENTAG,Zn,4.92,5.7,0.78,True
RENVUC,Cu,0.42,7.03,6.61,False
RENWAJ01,Cu,0.41,0.82,0.41,True
RENXOX,Co,0.2,0.83,0.63,True
REPBAP,Cd,9.55,13.42,3.87,False
REPDAS,Ru,6.38,6.8,0.42,True
REPJUS,Zn,3.19,6.27,3.08,False
REPNEG,Fe,0.22,0.87,0.65,True
REPQEM,Zn,0.2,5.46,5.26,False
REPTEO,Pd,4.23,4.54,0.31,True
REPTUF,Ru,0.33,2.0,1.67,False
REPVER,Ru,1.13,4.87,3.74,False
REPWAL,Fe,3.76,6.44,2.68,False
REPWEO,Zr,1.91,5.32,3.41,False
REQCIC,Cu,1.03,1.1,0.07,True
REQCIC01,Cu,1.0,6.01,5.01,False
REQCIC02,Cu,0.98,5.89,4.91,False
REQCIC03,Cu,0.94,5.93,4.99,False
REQCIC04,Cu,0.92,5.93,5.01,False
REQDAU,Cu,0.7,0.75,0.05,True
REQHUR,Cu,1.74,6.8,5.06,False
REQLUU01,Cu,4.85,6.54,1.69,False
REQMAB01,Cu,4.85,6.44,1.59,False
REQSIP,Rh,3.2,6.69,3.49,False
REQTEM,Zn,0.27,5.48,5.21,False
RERGIH,Mo,0.63,1.67,1.04,False
RERSEM,Re,0.39,0.48,0.09,True
RERYOD,Ir,5.96,5.98,0.02,True
RESZOF,Fe,10.77,13.64,2.87,False
RETBOK,Cu,0.35,1.12,0.77,True
RETCIC,Fe,5.18,5.8,0.62,True
RETCOI,Fe,0.79,0.93,0.14,True
RETFAY,Cu,0.58,0.59,0.01,True
RETGUU,V,4.32,5.16,0.84,True
RETMUC,Cu,0.41,5.39,4.98,False
RETPEN,Re,0.38,0.6,0.22,True
RETPIR,Re,5.51,6.26,0.75,True
RETYAS,Cu,6.69,7.17,0.48,True
REVQEQ,Cu,7.28,4.78,2.5,False
REVRES,Cu,5.51,6.27,0.76,True
REVSIW,Hf,10.03,8.2,1.83,False
REVSOB02,Cu,0.58,4.59,4.01,False
REVXEX,Cu,4.45,4.6,0.15,True
REWCUT,Zn,4.57,6.19,1.62,False
REWKIR,Ni,4.84,6.47,1.63,False
REXGIK,Cu,9.2,11.43,2.23,False
REXKIO,Zn,0.48,6.29,5.81,False
REXLIR,Zn,6.87,12.02,5.15,False
REXNUG,Zn,0.69,6.49,5.8,False
REXPAO,Zn,0.67,1.72,1.05,False
REXPES,Zn,0.77,6.45,5.68,False
REXXOI,Cu,8.45,10.94,2.49,False
REXXUQ,Cu,0.19,0.55,0.36,True
REYFAG,Ni,1.09,1.14,0.05,True
REYMAK,Os,6.14,6.23,0.09,True
REYPAP,Fe,0.14,1.52,1.38,False
REYPIV01,Zn,0.37,0.85,0.48,True
REYPIV02,Zn,4.71,5.68,0.97,True
REYRIW,V,4.98,11.83,6.85,False
REYSOG,Cu,5.13,5.89,0.76,True
REYYOL,Cu,0.51,6.59,6.08,False
REZFUY,Cu,0.22,0.65,0.43,True
REZGEK,Cu,4.37,6.05,1.68,False
REZHOT,Pd,11.06,13.98,2.92,False
REZLUD,Rh,2.81,5.77,2.96,False
REZMIT,Cu,0.6,0.79,0.19,True
REZMIT01,Cu,0.64,0.77,0.13,True
RIBJIZ,Fe,0.13,0.66,0.53,True
RIBMOF,Zn,0.94,1.06,0.12,True
RIBNOH,Ti,5.34,5.72,0.38,True
RIBRED,Cu,0.51,0.59,0.08,True
RIBRIH,Cu,0.52,0.55,0.03,True
RIBTEC,Cu,0.72,7.56,6.84,False
RICFAL,Cu,7.9,16.52,8.62,False
RICTOM,Os,0.45,5.64,5.19,False
RICTUS,Os,0.59,5.86,5.27,False
RICVAA,Os,0.62,1.27,0.65,True
RIFPAZ,Fe,0.33,1.02,0.69,True
RIFRIL,Cu,5.31,5.36,0.05,True
RIFSEF01,Fe,0.63,5.89,5.26,False
RIFXOV,Mo,0.11,1.21,1.1,False
RIGGET,V,0.2,0.6,0.4,True
RIGGIX,V,0.27,1.21,0.94,True
RIGREI,Zr,7.48,8.83,1.35,False
RIGZUC,Os,0.2,0.88,0.68,True
RIHLUT,Cu,5.42,6.01,0.59,True
RIHNAZ,Mo,5.94,6.03,0.09,True
RIHNED,Mo,5.88,6.1,0.22,True
RIHXOY,Sc,0.49,4.69,4.2,False
RIHZOB,Cu,1.86,3.83,1.97,False
RIJREK,Nb,0.2,5.47,5.27,False
RIJTIR,Co,4.42,4.87,0.45,True
RIJTOX,Co,5.01,6.16,1.15,False
RIKQEK,Co,11.42,9.72,1.7,False
RILGAW,Sc,2.25,4.58,2.33,False
RILGIE,Sc,1.46,6.73,5.27,False
RILJED,Sc,13.24,9.47,3.77,False
RILRUC,Y,0.82,0.89,0.07,True
RILTUD,Cu,0.87,1.35,0.48,True
RILTUD01,Cu,1.25,5.26,4.01,False
RILVEN,Re,5.37,5.9,0.53,True
RILVUD,Fe,7.75,9.69,1.94,False
RIMMAB,Re,4.62,4.68,0.06,True
RIMTUC,Ir,5.17,5.72,0.55,True
RINJON,Fe,0.47,6.18,5.71,False
RINKOQ,Mo,1.78,8.78,7.0,False
RINKUW,W,1.73,8.71,6.98,False
RINSOZ,Cu,7.39,10.05,2.66,False
RINVIT,Cu,4.8,12.28,7.48,False
RINVOZ,Cu,11.25,10.88,0.37,True
RINVUI,Co,5.47,6.79,1.32,False
RINWAP,Co,0.98,5.07,4.09,False
RINWET,Co,1.05,4.7,3.65,False
RINWIX,Co,5.19,5.54,0.35,True
RINXET,Hg,5.76,6.97,1.21,False
RIPCAW,Mo,5.69,6.0,0.31,True
RIPHUU,Mn,1.42,5.37,3.95,False
RIPHUW,Fe,0.9,5.69,4.79,False
RIPKUW,Zn,0.76,1.0,0.24,True
RIPLUB,Zn,0.45,0.76,0.31,True
RIPMUA,Zn,0.65,1.12,0.47,True
RIQCON,Cu,8.17,9.6,1.43,False
RIQHIL,Co,0.18,0.82,0.64,True
RIQJAF,Co,0.16,0.78,0.62,True
RIQPUE,Re,5.69,6.22,0.53,True
RIQSIX,Mn,5.16,5.61,0.45,True
RIQSUF,Fe,6.13,10.21,4.08,False
RIQSUF01,Fe,11.59,12.43,0.84,True
RIRCIH,Ni,0.12,0.81,0.69,True
RIRFOR,Ir,7.56,8.59,1.03,False
RIRNEL,Ti,0.45,5.91,5.46,False
RIRNIP,Ti,0.51,6.81,6.3,False
RIRNIP01,Ti,0.51,6.81,6.3,False
RIRSUG,Cu,0.51,2.05,1.54,False
RIRTIW,Cd,2.03,2.15,0.12,True
RIRXOF,Mn,0.27,1.63,1.36,False
RIRXUL,Fe,1.06,6.55,5.49,False
RISKIQ,Ru,5.84,6.2,0.36,True
RISMAK,Cu,0.48,6.02,5.54,False
RISMUC,Cu,3.29,6.05,2.76,False
RISPOB,Fe,0.39,5.32,4.93,False
RISWOG01,Cu,0.76,6.17,5.41,False
RISWOG02,Cu,0.62,5.12,4.5,False
RISYAU,Cu,4.69,6.19,1.5,False
RITBIJ,Fe,5.35,6.0,0.65,True
RITVIA,Re,0.17,1.23,1.06,False
RITVOI,Ag,5.64,5.69,0.05,True
RITYOK,Fe,2.55,3.11,0.56,True
RIVCEF,Fe,4.8,6.66,1.86,False
RIVQUM,Mn,5.14,5.83,0.69,True
RIVSAR,Re,5.14,5.89,0.75,True
RIVSEV,Re,4.82,5.43,0.61,True
RIWCAB,Cu,0.33,0.92,0.59,True
RIWJIU,Cu,8.22,8.75,0.53,True
RIWJOA,Cu,9.83,11.87,2.04,False
RIWJUG,Cu,0.69,5.1,4.41,False
RIWKAN,Cu,8.94,9.2,0.26,True
RIWKER,Cu,10.76,11.46,0.7,True
RIWXOK,Cr,3.26,4.24,0.98,True
RIWYAY,Cu,5.07,6.66,1.59,False
RIWYEC,Cu,3.39,5.01,1.62,False
RIWYIG,Cu,5.12,5.97,0.85,True
RIWYUV,Ru,0.61,1.09,0.48,True
RIXJOZ,Cu,7.11,12.48,5.37,False
RIXQIA,Zn,4.08,4.62,0.54,True
RIXQOE,Cu,6.92,5.82,1.1,False
RIXQUK,Cu,11.12,15.51,4.39,False
RIXTOK,Cu,4.69,12.45,7.76,False
RIXWED,Zn,4.83,7.46,2.63,False
RIXZUU,W,0.06,0.96,0.9,True
RIYCIO,Co,0.81,5.01,4.2,False
RIYFUB,Pt,5.21,5.44,0.23,True
RIYGUC,Co,0.09,0.72,0.63,True
RIYHAJ,Cu,0.39,0.88,0.49,True
RIYHUD,Co,0.2,0.74,0.54,True
RIYJEO,Ni,0.34,0.73,0.39,True
RIYJIS,Cu,1.12,4.28,3.16,False
RIYRAV,Mo,0.0,1.08,1.08,False
RIYROI,Re,0.42,1.82,1.4,False
RIYRUO,Re,6.01,6.1,0.09,True
RIYSAV,Re,0.62,0.94,0.32,True
RIYVEA,Cu,0.51,4.41,3.9,False
RIYVEA01,Cu,0.5,5.05,4.55,False
RIYVUU,Cu,4.86,6.15,1.29,False
RIZMOE,Ru,6.05,6.17,0.12,True
RIZSUS,Fe,0.4,1.04,0.64,True
RIZTAZ,Fe,0.41,3.15,2.74,False
RIZTON,Cu,4.69,6.0,1.31,False
ROBHUN,Cr,4.83,5.24,0.41,True
ROBSEH,Re,5.11,5.63,0.52,True
ROBSEJ,Cu,15.54,17.61,2.07,False
ROBSIL,Tc,0.44,1.26,0.82,True
ROCDOC,Ni,0.19,5.55,5.36,False
ROCSAE,Cu,0.39,0.85,0.46,True
RODFEX,W,0.26,1.13,0.87,True
RODJUR,Mn,0.79,1.61,0.82,True
RODKED,Fe,4.86,6.33,1.47,False
RODLUR,Cr,5.61,5.99,0.38,True
RODPEG,Cu,4.78,6.5,1.72,False
RODQIL,Cd,5.72,6.74,1.02,False
ROFKEE,Fe,0.22,3.47,3.25,False
ROFKOO,Fe,0.12,1.4,1.28,False
ROFKUV,Mn,4.5,6.8,2.3,False
ROFQEK,Cd,6.25,6.28,0.03,True
ROFSEK,Fe,0.68,1.08,0.4,True
ROFYES,Cu,0.45,1.58,1.13,False
ROHHAY,Ru,5.96,5.99,0.03,True
ROHHEC,Ru,5.73,5.87,0.14,True
ROHJUU,Mo,4.85,5.97,1.12,False
ROHKAB,Mo,0.51,5.13,4.62,False
ROHMIM,Y,5.2,6.74,1.54,False
ROHNOR,Ti,0.65,1.61,0.96,True
ROJMEL,Ru,5.65,5.69,0.04,True
ROJNEM,Ru,10.97,17.92,6.95,False
ROKFIG,Au,1.11,1.5,0.39,True
ROKYUM,V,0.44,1.53,1.09,False
ROLHUZ,Zn,0.26,1.27,1.01,False
ROLNAI,Zn,0.53,1.56,1.03,False
ROLNEM,Zn,5.28,5.61,0.33,True
ROLSOB,V,0.67,5.71,5.04,False
ROLTIY,Ni,0.3,1.56,1.26,False
ROLVIY,Cu,8.2,11.17,2.97,False
ROLXID,Ru,10.37,15.81,5.44,False
ROMFOS,Cu,1.42,5.2,3.78,False
ROMFUY,Cu,1.72,3.47,1.75,False
ROMGAE,Fe,6.65,14.67,8.02,False
ROMKUB,V,4.78,5.48,0.7,True
ROMLAI,V,5.32,6.08,0.76,True
RONREU,Ni,6.49,14.29,7.8,False
RONVOJ,Co,5.3,6.37,1.07,False
ROPLIV,Ru,0.33,2.02,1.69,False
ROPLOB,Ru,0.31,1.41,1.1,False
ROPROH,Cu,5.0,6.0,1.0,False
ROPSUK,Cu,10.59,11.72,1.13,False
ROQDOU,Zn,5.5,5.7,0.2,True
ROQDUA,Zn,5.56,5.66,0.1,True
ROQFAI,Zn,5.38,7.77,2.39,False
ROQFIQ,Zn,5.63,5.71,0.08,True
ROSZIM,Fe,5.22,5.63,0.41,True
ROTJUJ,Ru,6.21,6.3,0.09,True
ROTXOQ,Ru,0.62,5.62,5.0,False
ROVCIQ,Zn,5.15,5.78,0.63,True
ROVJAR,Cu,5.56,8.91,3.35,False
ROVJEV,Cu,8.54,10.9,2.36,False
ROVJIZ,Cu,9.3,9.13,0.17,True
ROVLOG,Fe,4.79,6.53,1.74,False
ROWBIQ,Zn,0.79,0.99,0.2,True
ROWLOG,W,5.79,3.22,2.57,False
ROWLUM,W,0.88,6.67,5.79,False
ROWMAT,W,0.35,0.52,0.17,True
ROWMEX,W,0.28,5.83,5.55,False
ROWMIC,Ru,0.22,0.85,0.63,True
ROWRAY,Ir,0.67,0.96,0.29,True
ROWREC,Ir,5.05,6.22,1.17,False
ROWRUS,Ir,5.48,6.21,0.73,True
ROWSED,Ir,0.51,1.38,0.87,True
ROWWEH,Ru,5.17,6.06,0.89,True
ROXJEW,Cd,5.77,7.06,1.29,False
ROXMOK,Ni,4.0,4.14,0.14,True
ROXWUA,Zn,1.05,3.29,2.24,False
ROYPIH,Cu,4.66,6.06,1.4,False
ROYTIL,Zn,0.52,0.57,0.05,True
ROYVUA,Co,4.67,10.54,5.87,False
ROYWAH,Co,4.54,13.29,8.75,False
ROZBEQ,Ir,6.07,6.13,0.06,True
ROZPUV,Pd,0.8,6.15,5.35,False
ROZTOS,Ti,0.32,0.75,0.43,True
ROZVEK,Ti,0.27,5.82,5.55,False
RUBBAV,Fe,5.33,6.0,0.67,True
RUBJEF,Cu,2.66,4.27,1.61,False
RUCKUX,Mo,0.31,1.52,1.21,False
RUCLAD,Pd,4.52,5.58,1.06,False
RUCLTP01,Ru,4.56,5.27,0.71,True
RUCMAE,Zn,0.64,6.34,5.7,False
RUCMAE01,Zn,1.3,1.39,0.09,True
RUCMEI,Cu,1.39,6.52,5.13,False
RUCNOT,Co,0.91,6.19,5.28,False
RUCNUZ,Ni,2.92,5.09,2.17,False
RUCPAH,Zn,4.73,5.22,0.49,True
RUCRIT,Mn,9.78,18.73,8.95,False
RUCROZ,Mn,9.2,14.05,4.85,False
RUDBAU,Fe,4.93,5.92,0.99,True
RUDBEY,Fe,0.47,0.88,0.41,True
RUDBIC,Fe,0.41,4.67,4.26,False
RUDDUR,Co,0.54,5.87,5.33,False
RUDKOT,Cu,0.83,0.85,0.02,True
RUDMOU,Cu,5.8,13.35,7.55,False
RUDMUA,Cu,6.17,11.34,5.17,False
RUDNAH,Cu,4.6,6.22,1.62,False
RUDROZ,Cu,8.4,5.38,3.02,False
RUDSAM,Cu,0.35,0.89,0.54,True
RUDSAM01,Cu,4.74,5.69,0.95,True
RUDVIW,Cd,0.99,6.42,5.43,False
RUDWIX,Zn,0.58,1.67,1.09,False
RUFJOR,Os,5.59,5.83,0.24,True
RUFLUB,Fe,0.21,5.72,5.51,False
RUFQIT,Cu,11.21,10.59,0.62,True
RUFWAQ,Ti,5.04,5.87,0.83,True
RUGCOO,Cu,0.58,4.51,3.93,False
RUGCUU,Cu,0.47,3.2,2.73,False
RUGVEW,Cu,0.6,6.14,5.54,False
RUHFUW,Ni,0.19,0.55,0.36,True
RUHHIN,Cu,0.51,4.43,3.92,False
RUHNEN,Fe,0.47,5.81,5.34,False
RUJBON,Cu,6.25,12.04,5.79,False
RUJRAT,Cu,5.06,6.57,1.51,False
RUJSOE,Co,4.69,8.07,3.38,False
RUKCOT,Cd,3.93,4.94,1.01,False
RUKGOW,Fe,4.76,5.39,0.63,True
RUKJOY,Co,0.71,6.23,5.52,False
RUKJUE,Co,4.94,6.13,1.19,False
RUKKAL,Co,0.77,4.99,4.22,False
RUKKEP,Co,5.09,6.02,0.93,True
RUKMOZ,Re,0.52,5.76,5.24,False
RUKMUF,Re,0.37,1.34,0.97,True
RUKREU,Ti,1.18,6.77,5.59,False
RUKWIH,V,0.11,1.12,1.01,False
RUKZOM,Co,0.37,1.32,0.95,True
RUKZOM01,Co,0.37,1.32,0.95,True
RULDOR,Cu,8.89,12.03,3.14,False
RULGUD,Fe,0.01,5.43,5.42,False
RULXAY,Zn,1.1,6.37,5.27,False
RULYUT,Ru,5.77,6.11,0.34,True
RUMFAG,Zn,0.58,5.44,4.86,False
RUMGAH,Cu,4.7,5.71,1.01,False
RUMLIX,Cu,5.12,6.35,1.23,False
RUMTUQ,Mo,5.47,6.08,0.61,True
RUMVAY,Mo,5.45,6.13,0.68,True
RUMVEC,W,0.41,1.65,1.24,False
RUMVIG,W,5.39,6.09,0.7,True
RUNGOY,Cu,0.78,5.74,4.96,False
RUNPIA,Ti,6.08,7.26,1.18,False
RUNPUM,Ti,0.47,0.51,0.04,True
RUNTAX,Cu,4.43,6.07,1.64,False
RUNVAY,Zn,0.75,6.51,5.76,False
RUNVEC,Zn,0.85,5.9,5.05,False
RUNYAA,Mn,4.61,6.52,1.91,False
RUNZAC,Cu,0.49,1.24,0.75,True
RUPMEX,Co,0.38,1.09,0.71,True
RUPPIE,Re,0.04,5.52,5.48,False
RUPTEE,Cu,8.24,11.75,3.51,False
RUPTUV,Mn,5.19,5.81,0.62,True
RUPVUW,Os,6.25,6.32,0.07,True
RUQCEP,Cu,0.53,4.94,4.41,False
RUQCIT,Zn,0.47,6.69,6.22,False
RUQCOZ,Cd,0.78,3.47,2.69,False
RUQLEU,Ru,0.4,5.91,5.51,False
RUQNAS,V,0.21,0.6,0.39,True
RUQNAT,Hg,1.25,1.45,0.2,True
RUQSOL,Zn,0.64,0.65,0.01,True
RUQTUU,Rh,5.16,5.96,0.8,True
RUQXOQ,Fe,0.62,1.29,0.67,True
RUQXOT,V,0.69,5.81,5.12,False
RUQYOT,Zn,0.74,1.53,0.79,True
RUQYUX,Os,5.37,5.61,0.24,True
RUQYUX01,Os,5.37,5.61,0.24,True
RUQYUZ,Fe,8.46,13.03,4.57,False
RUQZAG,Zn,5.41,5.78,0.37,True
RUQZEK,Fe,7.15,6.31,0.84,True
RUQZIO,Fe,0.85,6.36,5.51,False
RUQZOU,Fe,1.0,6.39,5.39,False
RURHIY,Cu,4.81,5.74,0.93,True
RURJAR,Zn,1.09,1.29,0.2,True
RURKOE,Co,0.11,0.88,0.77,True
RURMOI,Ir,5.74,6.18,0.44,True
RURRON,Y,1.23,6.45,5.22,False
RURXOR,Cu,4.33,6.46,2.13,False
RUSBIR,Zn,4.66,5.84,1.18,False
RUSCUD,Zn,0.71,0.87,0.16,True
RUSFIY,Ru,0.63,1.41,0.78,True
RUSGAR,Ru,0.69,1.37,0.68,True
RUSLOI,Zn,5.0,5.83,0.83,True
RUSNID,Mn,5.73,7.05,1.32,False
RUSNID01,Mn,1.6,3.09,1.49,False
RUSVIN,Sc,4.33,6.0,1.67,False
RUTBUD,Ru,1.41,6.21,4.8,False
RUTDIV,W,5.02,5.68,0.66,True
RUTMAV,Ni,0.2,5.78,5.58,False
RUTMEZ,Ni,0.19,5.71,5.52,False
RUTNEZ,Zn,0.29,0.72,0.43,True
RUTPEB,Zn,4.92,5.83,0.91,True
RUTQUS,Zn,4.78,5.79,1.01,False
RUTTAB,Co,4.69,5.7,1.01,False
RUTTEF,Co,4.14,5.79,1.65,False
RUVCUI,Zn,0.7,4.89,4.19,False
RUVFOD,Cu,9.58,9.69,0.11,True
RUVHOF,Zn,0.34,6.14,5.8,False
RUVMEA,Cu,1.34,5.1,3.76,False
RUVPUW,Cd,0.32,6.73,6.41,False
RUVQIL,Zn,0.17,0.74,0.57,True
RUVREI,Zn,0.13,3.42,3.29,False
RUWNUW,Zn,5.76,6.42,0.66,True
RUXSIO,Sc,0.86,5.78,4.92,False
RUXTAH,Sc,11.97,10.81,1.16,False
RUXTIP,Sc,4.91,5.22,0.31,True
RUYKIJ,Cu,8.01,8.54,0.53,True
RUYNEE,Ni,4.79,6.77,1.98,False
RUYPAC,Ti,0.45,3.65,3.2,False
RUYQEH,W,0.18,0.45,0.27,True
RUYQOR,W,0.32,0.84,0.52,True
RUYTAG,Zn,4.24,5.1,0.86,True
RUZPOR,Zn,4.17,5.63,1.46,False
RUZQAE,Zn,0.58,0.67,0.09,True
RUZQIM,Zn,5.72,10.98,5.26,False
RUZQOS,Zn,5.62,6.41,0.79,True
RUZQUY,Zn,0.31,0.43,0.12,True
RUZTEL,Zn,0.26,1.8,1.54,False
RUZTOV,Zn,0.31,5.89,5.58,False
RUZVOX,Zn,0.26,3.04,2.78,False
RUZZIW,Cu,3.54,4.78,1.24,False
SABDOP,Tc,5.49,6.75,1.26,False
SABFAD,Tc,4.26,5.22,0.96,True
SABFOR,Cu,6.38,14.53,8.15,False
SABPER,Ir,5.03,5.56,0.53,True
SABVAT,Pt,0.07,1.06,0.99,True
SABVEX,Pt,0.06,1.04,0.98,True
SACGUB,Ta,3.02,3.38,0.36,True
SACMUE,Mo,8.59,8.71,0.12,True
SACQAO,Mo,3.03,9.95,6.92,False
SACRIY,Os,0.06,0.93,0.87,True
SADFIO,Cu,0.43,0.58,0.15,True
SADJOW,W,0.09,0.65,0.56,True
SAEDZN11,Zn,4.58,6.0,1.42,False
SAFBEK,Cu,5.08,5.93,0.85,True
SAFCOV,Zn,0.95,1.73,0.78,True
SAFDOW,Ni,4.53,5.96,1.43,False
SAFJEQ,Cu,10.08,12.27,2.19,False
SAFPUP,Fe,0.32,0.89,0.57,True
SAFQEV,Mn,0.76,1.79,1.03,False
SAFYEG,Mo,0.8,2.41,1.61,False
SAGGUC,Co,0.66,1.72,1.06,False
SAGKUJ,V,5.1,5.66,0.56,True
SAGMAR,Cu,5.45,6.68,1.23,False
SAGWEF,Ru,0.55,1.11,0.56,True
SAHBOV,Ru,0.27,0.7,0.43,True
SAHDOU,Cu,5.34,6.76,1.42,False
SAHFEN,Zn,4.81,6.3,1.49,False
SAHFEQ,Co,4.86,5.19,0.33,True
SAHFIU,Co,5.17,6.56,1.39,False
SAHNUL,Cu,4.7,6.58,1.88,False
SAHPAT,Cu,4.91,5.97,1.06,False
SAHYIN,Co,0.37,5.71,5.34,False
SAHZAG,Co,0.33,5.73,5.4,False
SAHZEK,Fe,0.36,1.18,0.82,True
SAJCEQ,Ru,5.63,5.66,0.03,True
SAJKIX,Cu,0.84,4.53,3.69,False
SAJSOQ,Cu,4.68,6.2,1.52,False
SAJTEF,Cu,8.91,14.52,5.61,False
SAJXIL,Ru,6.07,6.31,0.24,True
SAKDAJ,Ta,4.69,5.57,0.88,True
SAKDEN,Ta,0.17,0.91,0.74,True
SAKQEB,Cu,0.61,5.31,4.7,False
SAKSOR,Rh,0.5,1.82,1.32,False
SAKVAE,Y,0.09,0.78,0.69,True
SAKVAG,V,4.03,5.41,1.38,False
SAKWUW,Rh,4.53,6.03,1.5,False
SAKXEJ,Co,0.75,0.89,0.14,True
SALDNI,Ni,0.39,4.55,4.16,False
SALDNI01,Ni,0.26,0.37,0.11,True
SALECI,Co,5.38,6.31,0.93,True
SALFAQ,W,5.26,5.72,0.46,True
SALFER,V,0.62,5.65,5.03,False
SALFIV,V,0.5,5.8,5.3,False
SALFIY,W,5.43,5.73,0.3,True
SALFOB,V,0.44,0.58,0.14,True
SALFUH,V,0.43,0.58,0.15,True
SALJID,Rh,4.79,6.01,1.22,False
SALKUL,Cu,5.2,5.28,0.08,True
SALSUU,Cu,6.94,6.72,0.22,True
SALWEI,Cu,6.12,8.55,2.43,False
SAMCAO,Cu,6.5,11.26,4.76,False
SAMHOF,Cu,4.91,6.3,1.39,False
SAMLOI,W,5.82,5.84,0.02,True
SAMLUO,W,3.85,8.63,4.78,False
SAMNAX,Rh,5.32,6.37,1.05,False
SAMNOJ,Ti,0.33,1.68,1.35,False
SAMRAA,Rh,6.16,6.39,0.23,True
SAMREE,Rh,5.98,5.99,0.01,True
SAMRII,Rh,0.61,1.75,1.14,False
SANVOT,Zn,0.58,1.59,1.01,False
SAPNOO,Zn,5.69,6.89,1.2,False
SAQBAO,Y,8.45,11.17,2.72,False
SAQBES,La,3.66,12.44,8.78,False
SAQBUI,La,5.11,7.36,2.25,False
SAQFEY,Cd,4.44,5.39,0.95,True
SAQFIC,Cd,4.67,6.82,2.15,False
SAQJIG,V,0.61,5.85,5.24,False
SAQLEB,Ru,0.4,0.87,0.47,True
SAQMAY,Cu,0.38,1.0,0.62,True
SAQRIM,Cu,3.94,5.53,1.59,False
SAQTUC,Cu,5.27,6.47,1.2,False
SARROV,Mn,0.76,4.62,3.86,False
SARRUB,Mn,0.57,0.81,0.24,True
SASDIC,Ru,3.46,6.3,2.84,False
SASGEY,Zn,7.04,9.5,2.46,False
SASGID,Cu,0.96,7.02,6.06,False
SASKIG,Rh,0.45,3.36,2.91,False
SASMAC,Fe,0.79,5.1,4.31,False
SASNAD,Ni,5.39,5.47,0.08,True
SASVIU,Co,0.88,6.46,5.58,False
SATKAD,Ir,5.04,5.78,0.74,True
SATNEJ,Os,5.25,6.31,1.06,False
SATQUB,Ni,0.49,1.24,0.75,True
SATVEO,V,0.02,1.25,1.23,False
SATVEO01,V,5.58,5.77,0.19,True
SATXOC,Ir,4.81,5.06,0.25,True
SATYAO,Ni,0.49,0.79,0.3,True
SATYES,Zn,0.48,5.75,5.27,False
SATYIW,Co,0.55,6.66,6.11,False
SAVFUR,Cu,4.89,6.06,1.17,False
SAVGAY,Cu,0.56,4.84,4.28,False
SAVHIG,Fe,0.42,1.16,0.74,True
SAVHOM,Fe,0.05,1.24,1.19,False
SAVJIK,Zr,0.64,0.72,0.08,True
SAVKEH,Zr,8.87,9.81,0.94,True
SAVLIK01,Zn,0.18,0.67,0.49,True
SAVNOW,Cr,4.24,7.09,2.85,False
SAVPEK,Cu,9.56,11.69,2.13,False
SAVQEL,Cu,0.21,6.22,6.01,False
SAVQIP,Cu,10.38,7.01,3.37,False
SAVQOV,Hg,3.08,7.1,4.02,False
SAWBUQ,Zn,0.67,1.63,0.96,True
SAWQEM,V,5.19,5.67,0.48,True
SAWZOG,Cu,0.7,0.81,0.11,True
SAXBAX,Fe,5.69,6.14,0.45,True
SAXBEC,V,5.62,5.86,0.24,True
SAXBEC01,V,5.1,5.68,0.58,True
SAXCIG,Fe,4.72,6.31,1.59,False
SAXSER,Cu,0.15,0.77,0.62,True
SAXVUI,Cu,4.06,6.22,2.16,False
SAXZEW,V,3.59,6.71,3.12,False
SAYCUQ,Cu,5.09,6.42,1.33,False
SAYKOU,Re,0.31,0.67,0.36,True
SAYNEL01,Cu,5.25,5.88,0.63,True
SAYQEO,Cu,0.57,4.4,3.83,False
SAYXAR,Ta,0.26,5.79,5.53,False
SAYXAR10,Ta,0.26,5.79,5.53,False
SAZGEI,Co,11.33,14.82,3.49,False
SAZKOW,Fe,0.86,6.2,5.34,False
SEBCUB,Cu,5.09,5.68,0.59,True
SEBCUX,Mo,0.25,1.58,1.33,False
SEBDOT,Rh,0.23,0.64,0.41,True
SEBLUH,Sc,4.72,5.34,0.62,True
SEBRAU,Ru,5.83,6.67,0.84,True
SEBREY,Ru,0.27,1.24,0.97,True
SEBZOR,Fe,0.65,1.32,0.67,True
SEBZUX,Fe,0.7,5.28,4.58,False
SECQIB,Mo,4.96,5.22,0.26,True
SEDWAD,Ir,0.59,0.85,0.26,True
SEFBAK,Co,0.88,6.1,5.22,False
SEFHIY,Cu,8.08,16.04,7.96,False
SEHWUB,Cu,8.96,15.15,6.19,False
SEJFAP,Cu,0.33,0.82,0.49,True
SEJKAV,Ru,5.26,5.71,0.45,True
SEJLOI,Cu,5.09,5.9,0.81,True
SEJQEG,Co,0.53,5.02,4.49,False
SEJTIO,Cu,0.33,0.9,0.57,True
SEJXOY,Fe,5.21,5.43,0.22,True
SEKCIU,Re,8.65,18.23,9.58,False
SEKHEX,Cr,5.6,5.91,0.31,True
SEKHOH,W,0.08,1.3,1.22,False
SEKPAD,Cr,4.61,6.19,1.58,False
SEKPIK,Ir,0.13,0.83,0.7,True
SEKRIL,Sc,4.78,5.9,1.12,False
SEKWAJ,Ru,5.01,6.16,1.15,False
SEKXIS,Cu,10.16,8.86,1.3,False
SELBUI,Cu,9.7,13.89,4.19,False
SELPUX,Cd,5.61,7.33,1.72,False
SELQIJ,Fe,2.6,5.25,2.65,False
SELSEI,Fe,0.5,5.16,4.66,False
SELSIM,Fe,0.54,1.51,0.97,True
SEMMAB,Sc,6.25,8.99,2.74,False
SEMRIO,Mn,5.48,6.57,1.09,False
SEMROU,Co,0.75,1.29,0.54,True
SEMYOB,Cu,10.69,8.79,1.9,False
SEMZIV,Ru,6.02,11.25,5.23,False
SEMZOB,Ru,5.65,5.88,0.23,True
SEMZUH,Ru,5.55,5.78,0.23,True
SENBES,Cu,4.76,6.43,1.67,False
SENCEU,Ni,0.9,2.43,1.53,False
SENDEU,Cu,3.87,7.39,3.52,False
SENDIB,Co,5.49,6.64,1.15,False
SENDOH,Mn,3.46,6.52,3.06,False
SENFAV,Cu,5.49,10.91,5.42,False
SENSOX,Cu,4.54,6.3,1.76,False
SEPKEF,Ir,5.93,6.59,0.66,True
SEPKIJ,Ir,8.99,8.26,0.73,True
SEPLEG,Ir,9.33,9.63,0.3,True
SEPLIK,Ir,12.11,12.7,0.59,True
SEPLOQ,Ir,6.65,6.7,0.05,True
SEPLUW,Ir,6.24,6.45,0.21,True
SEPXAP,Hf,1.19,5.33,4.14,False
SEPXET,Hf,5.38,6.29,0.91,True
SEQJII,Zn,0.67,7.4,6.73,False
SEQRIS,Zn,0.74,5.87,5.13,False
SEQWEQ,Cr,0.04,1.09,1.05,False
SERCIB,Ir,0.28,5.57,5.29,False
SERCOI,Zn,0.3,0.62,0.32,True
SERPEL,Ag,2.94,5.94,3.0,False
SERSUD,Rh,6.08,6.48,0.4,True
SERTAK,Rh,5.86,7.13,1.27,False
SESDIG,Co,0.43,1.59,1.16,False
SESPIQ,Zn,4.29,5.53,1.24,False
SESQIS,Ru,5.96,6.1,0.14,True
SESSAL,Co,6.9,12.54,5.64,False
SESWIZ,V,4.59,6.03,1.44,False
SESZOF,Tc,0.35,0.67,0.32,True
SETCEZ,Cu,0.63,0.72,0.09,True
SETCEZ01,Cu,0.64,0.71,0.07,True
SETMOU,Cu,5.14,6.03,0.89,True
SETMOU01,Cu,0.39,0.92,0.53,True
SETPAL,Co,0.1,5.37,5.27,False
SETVOE,Zn,0.56,0.75,0.19,True
SETXAR,V,4.73,6.07,1.34,False
SEVXAT,Mn,4.91,5.89,0.98,True
SEWFUZ,V,4.5,5.56,1.06,False
SEWGAG,V,4.57,5.59,1.02,False
SEWPAP,V,0.34,4.55,4.21,False
SEWPIX,V,4.15,5.48,1.33,False
SEYFIN,Ru,4.89,5.13,0.24,True
SEYHAH,Ru,5.26,6.17,0.91,True
SEYNEQ,Cu,4.7,5.35,0.65,True
SEYREV,Co,2.21,5.33,3.12,False
SEZGEK,Re,5.08,5.81,0.73,True
SEZTUM,Cr,4.87,5.8,0.93,True
SEZTUN,Cu,0.26,1.21,0.95,True
SEZWED,Re,4.59,5.42,0.83,True
SEZZUT,Cu,0.32,6.14,5.82,False
SIBGES,Cu,4.55,6.16,1.61,False
SIBMEW,Zn,0.58,6.21,5.63,False
SIBWOP,Ru,5.25,5.73,0.48,True
SICLAT,Os,0.52,1.46,0.94,True
SIDDEO10,Ni,0.23,3.43,3.2,False
SIDDIT,Ir,0.28,1.75,1.47,False
SIDDUE10,Ni,0.27,3.61,3.34,False
SIDHET,Zn,4.81,6.61,1.8,False
SIDTII,Tc,0.67,0.74,0.07,True
SIFGOF,Hf,0.91,4.89,3.98,False
SIFGUL,Zr,1.01,6.86,5.85,False
SIFJIC,Fe,0.11,1.02,0.91,True
SIFWEN,V,6.12,6.39,0.27,True
SIGDAP,Ru,4.89,5.82,0.93,True
SIGDUH,Zr,0.69,5.02,4.33,False
SIGGEX,Cu,5.11,5.86,0.75,True
SIGGIB,Cu,5.11,6.25,1.14,False
SIGKAU,W,3.42,4.01,0.59,True
SIGKIE,Hf,7.01,2.91,4.1,False
SIGLUP,Zn,0.34,6.11,5.77,False
SIGLUP01,Zn,0.33,5.94,5.61,False
SIGMIG,Ti,6.44,12.34,5.9,False
SIGQIL,Cu,0.89,2.0,1.11,False
SIGQOR,Cu,6.45,6.85,0.4,True
SIGQOS,Cu,0.75,6.83,6.08,False
SIGSOS,Ru,6.14,6.17,0.03,True
SIGTAG,Ru,6.83,7.34,0.51,True
SIHCIX,Re,1.26,5.57,4.31,False
SIHFAT,Zn,0.34,5.77,5.43,False
SIHLIG,Ru,5.05,6.36,1.31,False
SIHLOM,Ru,0.61,0.9,0.29,True
SIHLUS,Ru,0.8,6.13,5.33,False
SIHMAZ,Zr,0.65,2.53,1.88,False
SIHMED,Hf,0.61,6.17,5.56,False
SIHMUT,Hf,1.11,1.64,0.53,True
SIHPUX,Ru,0.74,0.85,0.11,True
SIHTOT,Cr,5.7,5.95,0.25,True
SIJFAT,Cu,0.5,5.41,4.91,False
SIJJIE,Cu,4.37,5.46,1.09,False
SIJJUT,W,0.3,1.83,1.53,False
SIJKAA,Cr,4.86,5.37,0.51,True
SIJQAD,Ru,5.44,5.83,0.39,True
SIKBIA,Ru,6.36,6.36,0.0,True
SIKSEO,Mn,3.62,4.36,0.74,True
SIKVAL,Ti,0.4,5.19,4.79,False
SILGEC,Cu,5.58,9.43,3.85,False
SILGEC01,Cu,5.58,9.42,3.84,False
SILKUT,Fe,4.85,5.67,0.82,True
SILLUV,Cu,3.1,3.94,0.84,True
SILTEO,Os,0.44,0.83,0.39,True
SILVEQ,Mo,0.56,3.53,2.97,False
SILVIT,Cu,9.91,8.85,1.06,False
SILWUF,W,5.25,6.64,1.39,False
SILXIV,Zn,0.66,6.66,6.0,False
SIMHAB,Cu,12.71,12.1,0.61,True
SIMHAZ,Ru,5.44,5.64,0.2,True
SIMHUT,Zr,0.42,0.78,0.36,True
SIMJEF,Zr,0.98,1.35,0.37,True
SIMJIJ,Zr,1.69,6.62,4.93,False
SIMNAD,Nb,0.25,1.19,0.94,True
SIMNAD10,Nb,0.25,1.19,0.94,True
SIMWAO,Y,6.42,7.5,1.08,False
SINDIC,Mn,4.93,5.8,0.87,True
SINFEC,Ru,6.12,6.14,0.02,True
SINFIG,Ru,0.54,1.62,1.08,False
SINLUZ,Cu,4.25,4.92,0.67,True
SINMEK,Fe,0.17,5.64,5.47,False
SINMIO,Co,0.19,5.61,5.42,False
SINVOB,Cu,0.2,0.89,0.69,True
SINXOF,Co,1.17,1.71,0.54,True
SIPGUT,Co,0.32,5.97,5.65,False
SIPQUD,Pt,0.42,1.85,1.43,False
SIPXAQ,Cu,0.81,0.94,0.13,True
SIQBAX,Cd,1.94,4.01,2.07,False
SIQHUW,Fe,3.36,6.68,3.32,False
SIQLEK,Os,6.08,6.19,0.11,True
SIQLIO,Ru,5.96,6.04,0.08,True
SIQPUG,Co,7.95,7.91,0.04,True
SIQTUJ,Zn,4.62,6.08,1.46,False
SIQVAT,Cu,0.84,6.64,5.8,False
SIQVIB,Cu,0.89,3.27,2.38,False
SIQXUL,Ru,6.19,6.35,0.16,True
SIQZOH,Mn,0.8,5.56,4.76,False
SIQZUN,Mn,0.33,0.94,0.61,True
SIRFIJ,Cu,5.55,6.09,0.54,True
SIRGIJ,Cu,0.45,3.56,3.11,False
SIRGOP,Cu,0.61,6.14,5.53,False
SIRHAE,Cu,6.46,9.35,2.89,False
SIRKOV,Cu,4.55,6.45,1.9,False
SIRKUB,Cu,5.11,6.76,1.65,False
SIRPOC,Cu,5.0,7.33,2.33,False
SIRVIC,Zn,0.88,6.19,5.31,False
SISFUX,Ru,5.82,5.86,0.04,True
SISGAE,Ru,11.38,14.27,2.89,False
SISLIS,Mn,0.9,1.16,0.26,True
SISRET,Mn,5.06,6.04,0.98,True
SISVIZ,V,5.4,6.0,0.6,True
SITVUN,Zn,6.02,10.86,4.84,False
SITYEC,Cu,12.94,8.96,3.98,False
SIVFUA,Cu,0.79,6.03,5.24,False
SIVQEU,Co,5.16,5.39,0.23,True
SIVQUM,Ru,5.81,6.28,0.47,True
SIVRAR,Os,5.75,5.86,0.11,True
SIVREV,Os,5.75,5.79,0.04,True
SIVRIZ,Os,5.97,6.02,0.05,True
SIVSOG,Ni,5.2,5.44,0.24,True
SIVVAV,Re,0.14,5.52,5.38,False
SIWCIK,Cu,0.24,5.24,5.0,False
SIWDAF,Cu,5.18,6.55,1.37,False
SIWPAR,Zn,4.13,5.54,1.41,False
SIXBOT01,Mo,0.23,0.9,0.67,True
SIXCOU,Mo,4.89,5.65,0.76,True
SIXJER,Zn,4.79,6.0,1.21,False
SIXJIV,Zn,4.65,5.64,0.99,True
SIXMIW,Co,0.98,5.69,4.71,False
SIXMOC,Fe,0.27,5.03,4.76,False
SIXMUI,Co,0.57,5.4,4.83,False
SIXRAV,Fe,0.72,1.12,0.4,True
SIXXEF,Cu,3.92,5.23,1.31,False
SIXZAA,Ni,0.42,2.67,2.25,False
SIYFIP,Tc,5.09,6.21,1.12,False
SIYKUI,Zn,0.24,5.75,5.51,False
SIYROI,Cu,0.42,3.91,3.49,False
SIYTOK,Cu,0.45,1.33,0.88,True
SIYWAY,Mn,4.71,5.87,1.16,False
SIZCIO,Cu,0.72,2.89,2.17,False
SIZPOJ,Zn,7.44,13.5,6.06,False
SIZPUO,Ta,0.39,0.85,0.46,True
SIZQEZ,Ta,0.04,3.85,3.81,False
SIZVED,Fe,4.21,5.66,1.45,False
SIZWAA,Mn,0.02,1.04,1.02,False
SIZXEI,Cu,12.05,12.32,0.27,True
SMEADC,Cu,4.85,5.71,0.86,True
SNCOCR,Cr,4.99,5.47,0.48,True
SOBDUI,Ti,6.47,10.83,4.36,False
SOBNIJ,Zn,5.23,11.47,6.24,False
SOBSEJ,Co,0.98,5.51,4.53,False
SOBSIN,Co,1.08,6.62,5.54,False
SOBSUZ,Co,1.03,5.64,4.61,False
SOCGOJ,Zn,4.74,5.64,0.9,True
SOCKIE01,Mn,5.21,6.09,0.88,True
SOCKIE02,Mn,0.29,0.62,0.33,True
SOCQEH,Cu,4.88,6.03,1.15,False
SOCWAI,Fe,4.65,6.03,1.38,False
SOCWOW,Cu,4.69,4.78,0.09,True
SODKUR,Ta,1.42,2.28,0.86,True
SODKUR10,Ta,1.42,2.28,0.86,True
SODMED,Fe,0.46,1.11,0.65,True
SODMIH,Fe,0.51,1.25,0.74,True
SODXIT,Re,5.49,6.2,0.71,True
SODZIU,Cu,12.01,11.43,0.58,True
SOFFEA,Zn,0.39,1.27,0.88,True
SOFHUT,Hf,1.33,1.46,0.13,True
SOFJAB,Hf,0.93,6.3,5.37,False
SOGBEV,Cu,6.88,7.63,0.75,True
SOGFOL05,Pd,0.94,4.8,3.86,False
SOGFOL06,Pd,4.75,6.42,1.67,False
SOGFOL08,Pd,4.82,6.48,1.66,False
SOGFOL09,Pd,4.77,6.52,1.75,False
SOGFOL10,Pd,4.85,6.43,1.58,False
SOGLEF,Ni,0.23,0.74,0.51,True
SOGMEG,Cu,7.98,8.7,0.72,True
SOHKAC,Mn,4.67,7.47,2.8,False
SOJCAX,Sc,5.26,5.84,0.58,True
SOJCEB,Sc,0.39,1.09,0.7,True
SOJHOR,Co,0.5,1.26,0.76,True
SOJSEP,Tc,0.33,1.33,1.0,False
SOKHEG,Cu,6.0,7.19,1.19,False
SOKYIE,Mn,0.51,6.12,5.61,False
SOLCOM,Cu,4.67,5.71,1.04,False
SOLCOM01,Cu,4.69,5.76,1.07,False
SOLMUB,W,0.48,1.68,1.2,False
SOLYUP,Cd,5.67,5.92,0.25,True
SOMFIL,Fe,5.86,5.92,0.06,True
SONLUC,Os,1.43,5.67,4.24,False
SONTUM,Ta,0.28,3.12,2.84,False
SONVAU,Ta,0.38,1.08,0.7,True
SONVEY,Ta,0.81,0.81,0.0,True
SONZAX,Rh,6.4,6.82,0.42,True
SOPCIK,Cu,0.7,0.8,0.1,True
SOPCOQ,Cu,1.0,4.83,3.83,False
SOPGEM,Mo,0.22,0.46,0.24,True
SOPNOB,Zn,0.4,1.39,0.99,True
SOPROE,Fe,0.34,1.25,0.91,True
SOPVIC,Fe,0.9,5.45,4.55,False
SOQLAM,Fe,0.23,0.64,0.41,True
SOQSID,Co,5.34,6.65,1.31,False
SOQYAZ,V,0.38,0.42,0.04,True
SOQYED,V,0.34,0.45,0.11,True
SOQYON,V,5.54,6.2,0.66,True
SORFAJ,Ni,0.54,4.58,4.04,False
SORFIR,Co,11.42,10.6,0.82,True
SORREW,Co,4.81,6.29,1.48,False
SORREZ,Fe,4.58,6.3,1.72,False
SORVIH,Ni,0.66,4.51,3.85,False
SORZEG,Ru,5.44,8.2,2.76,False
SOSJAM,Zn,5.48,7.28,1.8,False
SOSJUG,Co,0.21,0.91,0.7,True
SOSKAN,Co,5.41,6.05,0.64,True
SOTBUZ,Zn,0.13,1.26,1.13,False
SOTTIH,Zn,0.29,0.98,0.69,True
SOTYOQ,Ir,1.75,6.54,4.79,False
SOVKUN,Zn,3.8,6.14,2.34,False
SOVLUO,Zn,0.44,1.33,0.89,True
SOWBEO,Co,4.93,10.95,6.02,False
SOWCIR,Zr,2.32,2.71,0.39,True
SOWCOX,Zr,2.42,2.83,0.41,True
SOWDAK,Zr,1.8,2.24,0.44,True
SOWGUG,Cu,0.55,0.7,0.15,True
SOWNOK,Mn,4.82,5.94,1.12,False
SOWNUQ,Mn,0.74,1.07,0.33,True
SOWQEE,Zn,1.89,5.63,3.74,False
SOWTON01,Cu,1.23,4.47,3.24,False
SOWWOR,Ru,0.86,5.81,4.95,False
SOWZEK,Rh,0.94,1.52,0.58,True
SOXBAM,Zn,0.16,5.18,5.02,False
SOXCOB,Co,6.79,9.23,2.44,False
SOXDIV,Zn,0.26,5.23,4.97,False
SOYCOC,Zn,0.26,0.7,0.44,True
SOYDUI,V,0.43,1.51,1.08,False
SOYGEW,Rh,9.14,11.25,2.11,False
SOYHIB,Rh,6.99,9.3,2.31,False
SOYJOI,V,0.44,1.36,0.92,True
SOYPUV,Cu,3.81,4.15,0.34,True
SOYQAC,Cu,0.34,5.51,5.17,False
SOYQIK,Cu,0.39,0.98,0.59,True
SOYQOQ,Cu,2.85,4.15,1.3,False
SOYQUW,Cu,0.19,5.26,5.07,False
SOYRAD,Cu,4.78,6.28,1.5,False
SOYRIL,Cu,0.44,0.5,0.06,True
SOYYIS,Ni,4.98,5.11,0.13,True
SOYZAK,Ag,4.0,8.42,4.42,False
SOZJIE,Fe,0.3,5.2,4.9,False
SOZVUY,Cu,5.91,6.35,0.44,True
SOZZUG,Co,1.01,1.36,0.35,True
SPACOM01,Cu,4.32,6.61,2.29,False
SUBDUS,Cu,0.49,5.53,5.04,False
SUBFIG,Cu,0.4,6.75,6.35,False
SUBJAE,Cu,0.81,5.06,4.25,False
SUBQUB,Ru,0.53,5.87,5.34,False
SUBVEQ,Rh,5.28,5.87,0.59,True
SUCBUN,Os,4.39,5.7,1.31,False
SUCDUT,Zn,1.32,3.23,1.91,False
SUCFEB,Os,0.12,1.05,0.93,True
SUCJOP10,Re,1.98,6.77,4.79,False
SUCJUV,V,5.72,5.78,0.06,True
SUCNOX,Cu,2.82,5.25,2.43,False
SUDHUW,Ir,6.12,6.22,0.1,True
SUDJAE,Ir,11.86,12.91,1.05,False
SUDQEP,Ir,5.95,5.99,0.04,True
SUDSUJ,Cu,1.29,5.16,3.87,False
SUDWOH,Mn,5.39,6.71,1.32,False
SUFBUS,Co,5.04,5.87,0.83,True
SUFHOQ,Ag,8.34,6.4,1.94,False
SUFHOQ01,Ag,4.41,8.99,4.58,False
SUFPEQ,Y,3.97,7.29,3.32,False
SUFPEQ01,Y,3.97,7.29,3.32,False
SUFWAV,Cu,0.58,4.71,4.13,False
SUGHIO,Cu,4.42,5.95,1.53,False
SUGPIW,Zn,0.28,6.38,6.1,False
SUGPOC,Cd,0.54,5.79,5.25,False
SUGPUI,Cu,0.39,0.97,0.58,True
SUGQOA,Zn,0.42,0.68,0.26,True
SUGROC,Ni,8.85,13.85,5.0,False
SUGVOI,V,0.19,0.68,0.49,True
SUGWEZ,V,0.66,4.57,3.91,False
SUGXID,Fe,1.03,3.15,2.12,False
SUGZOJ,Cu,0.54,0.62,0.08,True
SUHFEG,Re,0.22,1.71,1.49,False
SUJFIM,Fe,0.26,1.36,1.1,False
SUJRAQ,W,5.53,5.95,0.42,True
SUJVEY,Cu,2.83,3.52,0.69,True
SUJVUO,Cu,4.38,9.86,5.48,False
SUJXAW,Cu,0.5,5.56,5.06,False
SUKBAE,Mn,0.35,1.44,1.09,False
SUKHEO,Zn,0.77,5.6,4.83,False
SULJAN,La,2.57,5.02,2.45,False
SULJOB,La,2.31,6.3,3.99,False
SULMES,Cu,5.55,8.09,2.54,False
SULRAU,Ti,1.44,7.25,5.81,False
SULSIE,La,2.49,2.65,0.16,True
SULSOK,La,2.88,4.78,1.9,False
SULYIL,Sc,4.8,5.6,0.8,True
SUMDOW,Cu,4.55,5.98,1.43,False
SUMDUC,Co,6.51,8.22,1.71,False
SUMWUS,Fe,4.71,6.62,1.91,False
SUMXIH,Fe,5.2,6.3,1.1,False
SUNQUN,Zn,0.37,0.6,0.23,True
SUNWIL,Re,4.67,11.61,6.94,False
SUNXEI,Re,0.14,4.9,4.76,False
SUNXIM,Re,0.13,5.66,5.53,False
SUNZIK,Cu,8.28,11.65,3.37,False
SUPFAL,Cu,6.9,8.16,1.26,False
SUPPEY,Ru,0.06,1.08,1.02,False
SUPRUQ,Zn,0.29,5.31,5.02,False
SUPWOQ,Ni,0.26,0.58,0.32,True
SUPXAD,Ni,7.35,8.9,1.55,False
SUQBOY,Zn,0.51,5.75,5.24,False
SUQKUN,Zn,0.54,0.58,0.04,True
SUQLEY,Zn,6.35,9.23,2.88,False
SUQLUO,Zn,0.43,0.69,0.26,True
SUQMAS,Fe,0.47,5.37,4.9,False
SUQMID,Zn,0.48,0.92,0.44,True
SUQNAW,Zn,0.58,1.03,0.45,True
SUQNOK,Zn,4.26,6.76,2.5,False
SUQNUQ,Zn,1.24,5.73,4.49,False
SUQPAY,Zn,1.29,5.62,4.33,False
SUQPIG,Zn,0.48,1.0,0.52,True
SUQQED,Zn,4.04,5.03,0.99,True
SUQYOS,Cu,0.38,0.64,0.26,True
SURFER,Ru,0.47,1.41,0.94,True
SURHAQ,Fe,7.9,13.54,5.64,False
SUSLUR,Ni,4.04,4.45,0.41,True
SUSMEC,Ni,0.75,1.42,0.67,True
SUSSEH,Cu,4.93,6.22,1.29,False
SUSTIL,Ti,0.27,5.81,5.54,False
SUSTOR,Ti,0.34,5.07,4.73,False
SUTKIB01,Zn,4.76,6.14,1.38,False
SUTKOH01,Zn,5.27,6.08,0.81,True
SUVCER,Ni,5.95,6.62,0.67,True
SUVLUR,Cu,0.82,1.22,0.4,True
SUVSEH,Cu,0.5,0.74,0.24,True
SUWBES,Cu,4.69,5.88,1.19,False
SUWQIO,Hg,1.16,1.49,0.33,True
SUWVUE,Rh,0.15,0.89,0.74,True
SUWWEM,Cr,0.55,4.62,4.07,False
SUWXOA,Mo,6.11,6.4,0.29,True
SUXBAP,Ru,5.77,6.26,0.49,True
SUXBET,Ru,0.1,1.23,1.13,False
SUXJOM,Ru,0.22,1.03,0.81,True
SUXJUS,Ru,0.28,1.44,1.16,False
SUXLON,Ru,4.96,8.73,3.77,False
SUXPEG,Cu,9.63,13.22,3.59,False
SUXRAH,Cr,0.04,1.06,1.02,False
SUXREL,W,0.05,1.07,1.02,False
SUXRUZ,Cu,0.57,0.76,0.19,True
SUXSIQ,Cu,5.28,5.79,0.51,True
SUXSOW,Cu,0.58,0.76,0.18,True
SUXVAL,Cu,0.66,0.76,0.1,True
SUYCAQ,Ta,0.22,0.63,0.41,True
SUYCAR,Cd,0.63,6.78,6.15,False
SUYGEZ,Cu,11.09,14.14,3.05,False
SUZKED,Re,0.27,0.37,0.1,True
SUZKIH,Re,5.16,6.07,0.91,True
SUZKOR,Y,4.99,8.38,3.39,False
SUZVOY,Cu,3.32,6.32,3.0,False
SUZVUE,Cu,0.74,1.04,0.3,True
SUZVUE01,Cu,4.73,6.34,1.61,False
SUZVUE02,Cu,4.73,6.35,1.62,False
TABLIT,W,0.23,5.49,5.26,False
TABPOB,Cu,0.33,5.23,4.9,False
TABVEB,Fe,0.84,1.27,0.43,True
TACDEK,Cr,5.34,6.15,0.81,True
TACDIO,Cr,1.02,6.34,5.32,False
TACDOU,Cr,0.95,1.0,0.05,True
TACDUA,Cr,5.29,6.31,1.02,False
TACFOV,Ni,9.54,10.91,1.37,False
TACFUB,Ni,9.56,6.28,3.28,False
TACFUY,W,0.63,6.17,5.54,False
TACGAI,Mn,0.36,0.98,0.62,True
TACGEM,Mn,5.92,6.21,0.29,True
TACGIQ,Co,5.13,6.15,1.02,False
TACGOW,Co,0.23,0.98,0.75,True
TACGUC,Fe,4.91,5.96,1.05,False
TACNAN,Mn,5.5,5.94,0.44,True
TACYOM,W,1.46,6.04,4.58,False
TADXIG,Zn,9.92,5.74,4.18,False
TADYAZ,Zn,11.96,10.82,1.14,False
TAFDEM,Ir,0.72,1.16,0.44,True
TAFREY,Os,6.91,7.55,0.64,True
TAFRIC,Os,6.47,7.26,0.79,True
TAFVIH,Co,12.27,14.05,1.78,False
TAFVOP,Cu,5.12,6.21,1.09,False
TAGCAI,Cu,0.11,0.84,0.73,True
TAGMAP,Cu,12.29,11.56,0.73,True
TAHCUF,Cu,4.4,7.06,2.66,False
TAHFUE,Zn,0.22,0.61,0.39,True
TAHGET,Fe,0.25,5.41,5.16,False
TAHMUK,Cu,1.7,3.82,2.12,False
TAHPOI,V,0.19,1.5,1.31,False
TAHRUU,Fe,5.46,6.04,0.58,True
TAHTEG,Fe,6.81,12.07,5.26,False
TAHWAC,Re,1.06,5.85,4.79,False
TAHWEG,Re,1.09,1.54,0.45,True
TAHWUW,Re,1.02,5.98,4.96,False
TAHXAD,Re,1.0,5.84,4.84,False
TAHZIN,Zn,5.29,5.78,0.49,True
TAHZOT,Zn,0.15,0.82,0.67,True
TAHZUZ,Zn,11.7,7.15,4.55,False
TAJBEN,Zn,8.27,4.49,3.78,False
TAJBIS,Ti,8.75,16.3,7.55,False
TAJBOY,Ti,11.95,14.15,2.2,False
TAJBUE,Ti,12.16,8.54,3.62,False
TAJCIT,Ti,5.25,6.05,0.8,True
TAJDES,Fe,0.89,1.15,0.26,True
TAJDOZ,Cd,5.73,6.95,1.22,False
TAJTOO,Ru,5.52,6.25,0.73,True
TAJZAI,V,10.5,16.02,5.52,False
TAJZUC,Y,1.9,5.4,3.5,False
TAKBEP,La,5.49,7.97,2.48,False
TAKCUD,Fe,10.66,14.41,3.75,False
TAKQEB,Cu,0.54,0.82,0.28,True
TAKSIH,Fe,4.87,5.76,0.89,True
TAKWAD,Mo,8.18,8.15,0.03,True
TAKXAH,Cu,8.28,15.45,7.17,False
TALBEO,Cu,1.03,4.61,3.58,False
TALGOG,Ru,0.28,1.96,1.68,False
TALMEZ,Fe,5.15,5.82,0.67,True
TALRUV,Zn,0.26,3.91,3.65,False
TALSAC,Zn,0.29,4.87,4.58,False
TALZEM,Zn,0.35,1.22,0.87,True
TAMCOB,Zr,1.0,5.64,4.64,False
TAMMIE,La,6.09,8.26,2.17,False
TAMSUZ,Cu,5.4,6.27,0.87,True
TAMTEK,Cu,7.03,9.92,2.89,False
TAMZAJ,Fe,0.32,1.6,1.28,False
TAMZIR,Ru,5.67,6.12,0.45,True
TAMZUD,Ru,4.39,9.37,4.98,False
TANBAM,Ru,0.36,2.18,1.82,False
TANFIB,Cu,0.62,1.21,0.59,True
TANFOH,Cu,0.57,0.85,0.28,True
TANGOF,Cu,0.45,0.54,0.09,True
TANNAB,Os,5.66,6.16,0.5,True
TANYUC,Cu,0.45,0.62,0.17,True
TAPLEF,Co,0.85,5.39,4.54,False
TAPMAC,Cu,5.21,5.74,0.53,True
TAPYUG,Ru,0.33,1.15,0.82,True
TAPZUI,Fe,0.3,6.17,5.87,False
TAQLEC,Ru,6.0,6.02,0.02,True
TAQREL,Cu,0.57,4.81,4.24,False
TAQROV,Cu,0.46,4.53,4.07,False
TAQTOV,Zn,0.6,0.61,0.01,True
TARFOH,Pt,4.7,5.83,1.13,False
TARHEZ,Cu,4.51,5.89,1.38,False
TARJIH,Cu,0.32,0.59,0.27,True
TARMIK,Zn,0.92,0.96,0.04,True
TARROW,Zn,0.34,5.15,4.81,False
TARWUF,Zn,6.61,12.91,6.3,False
TASCUP,Ru,14.98,12.93,2.05,False
TASLOP,Re,5.19,6.12,0.93,True
TASXAQ,Re,0.11,1.42,1.31,False
TASZET,Cu,0.69,3.81,3.12,False
TASZIW,Mn,0.72,5.75,5.03,False
TATBAU,Zr,0.21,5.7,5.49,False
TATGUS,Cu,1.03,1.41,0.38,True
TATJOQ,Nb,0.14,3.03,2.89,False
TATVET,Co,0.23,3.5,3.27,False
TATXIW,Ru,0.73,5.91,5.18,False
TAVDIG,Co,0.46,6.04,5.58,False
TAVHOO,Fe,0.44,5.9,5.46,False
TAVMUA,Mn,4.81,5.91,1.1,False
TAVPAJ,Fe,0.34,5.54,5.2,False
TAVPEO,Ti,3.51,4.76,1.25,False
TAVPOY,Ti,1.89,2.03,0.14,True
TAVPUE,Ti,1.44,1.97,0.53,True
TAVQAI,Zn,6.46,17.6,11.14,False
TAVQEM,Cd,2.36,7.7,5.34,False
TAVVEU,Co,0.25,1.49,1.24,False
TAVVOE,Co,0.16,3.54,3.38,False
TAWHUW,Zn,6.87,7.9,1.03,False
TAWJAE,Zn,0.69,5.2,4.51,False
TAWMEK,Cu,0.65,1.31,0.66,True
TAWTAM,Pd,4.42,6.47,2.05,False
TAWTAM02,Pd,1.67,4.29,2.62,False
TAWTAM03,Pd,4.27,6.12,1.85,False
TAWTAM04,Pd,4.24,6.71,2.47,False
TAWTAM05,Pd,4.29,6.61,2.32,False
TAWVAQ,Cu,4.81,7.86,3.05,False
TAXGAC,Zn,0.71,1.47,0.76,True
TAXJOR,Cu,0.52,3.77,3.25,False
TAXRET,Co,0.58,2.55,1.97,False
TAXWAT,Mn,4.84,5.86,1.02,False
TAXYOH,Os,6.35,6.59,0.24,True
TAXYUN,Os,6.28,6.53,0.25,True
TAYKOX,Mn,4.0,4.39,0.39,True
TAYMIQ,Cu,4.09,5.33,1.24,False
TAYMOW,Cu,4.73,10.78,6.05,False
TAYMUB,Fe,0.2,0.94,0.74,True
TAYPAK,Fe,0.03,5.44,5.41,False
TAYQIU,Zn,0.35,4.69,4.34,False
TAYSAO,Cu,3.69,4.07,0.38,True
TAYVIZ,Cu,4.61,5.77,1.16,False
TAYVIZ02,Cu,0.38,0.78,0.4,True
TAYYUO,Fe,0.23,1.45,1.22,False
TAZCUS,V,4.79,9.19,4.4,False
TAZPEQ,Ru,6.7,7.04,0.34,True
TAZQUH,Ir,0.5,1.4,0.9,True
TBPCFE,Fe,0.87,6.04,5.17,False
TCDCSF,Fe,5.37,5.9,0.53,True
TCHZCV,Cu,0.69,4.88,4.19,False
TCIMFE,Fe,0.28,5.74,5.46,False
TEBDOT,Zn,0.51,5.73,5.22,False
TEBKIW,Fe,3.19,6.88,3.69,False
TEBKOC,Fe,4.27,5.77,1.5,False
TEBLAP,Fe,0.6,0.76,0.16,True
TEBLAP01,Fe,0.58,0.63,0.05,True
TEBRUP,Fe,0.69,0.7,0.01,True
TEBVAB,Cu,2.23,6.66,4.43,False
TECBAG,Cu,7.81,8.75,0.94,True
TECDEN,Mo,5.24,6.13,0.89,True
TECFAJ,V,0.63,0.71,0.08,True
TECSIE,Cu,4.68,5.89,1.21,False
TECXIK,Cu,4.97,11.85,6.88,False
TEDGAN,Rh,0.99,1.24,0.25,True
TEDGOB,Rh,7.74,8.76,1.02,False
TEDJOC,Zr,5.01,10.69,5.68,False
TEDKAP,Ti,7.25,10.54,3.29,False
TEDNAU,Rh,5.62,6.27,0.65,True
TEDRIF,Hf,10.59,11.79,1.2,False
TEFKIZ,Zn,5.44,6.19,0.75,True
TEFLIA,Zn,4.55,6.11,1.56,False
TEFROP,Zn,0.7,1.64,0.94,True
TEFZEJ,Rh,5.6,5.96,0.36,True
TEGCUF,W,5.7,6.06,0.36,True
TEGMIB,Cu,4.89,5.89,1.0,False
TEGROP,Cu,4.54,5.65,1.11,False
TEGRUS,Zn,5.39,6.34,0.95,True
TEGVAC,Fe,0.46,1.31,0.85,True
TEHSEI,Mo,0.25,5.34,5.09,False
TEHYIP,Co,0.51,4.84,4.33,False
TEHZIQ,Re,0.31,0.39,0.08,True
TEJTIN,V,3.82,5.01,1.19,False
TEJVAH,Cu,4.59,5.19,0.6,True
TEJXEM,Fe,0.53,5.54,5.01,False
TEJXEP,Zn,4.82,5.69,0.87,True
TEJXIP,Cu,7.43,15.78,8.35,False
TEJYUE,Rh,11.32,11.67,0.35,True
TELJAV,Cu,10.16,13.09,2.93,False
TELJID,Mn,4.84,6.66,1.82,False
TELSEK,Zn,0.86,1.48,0.62,True
TELTAH,Co,0.74,6.46,5.72,False
TELVAL,Ru,0.31,1.58,1.27,False
TELVIS,Ru,1.16,1.4,0.24,True
TELVIT,Ru,10.17,17.34,7.17,False
TELWIT,Co,0.19,5.61,5.42,False
TEMGOH,Cu,0.55,6.33,5.78,False
TEMMUT,Fe,0.58,0.68,0.1,True
TEMPOT,Cu,12.9,15.23,2.33,False
TEMQAG,Cu,7.0,17.48,10.48,False
TEMTOU,V,0.24,1.12,0.88,True
TEMTUD,Cu,0.33,5.99,5.66,False
TENGUO,Tc,5.15,5.53,0.38,True
TENJUT,Cu,0.63,4.56,3.93,False
TENLEF,Cu,6.88,5.81,1.07,False
TENMOO,Pt,5.79,6.29,0.5,True
TENVIV,Ni,0.32,1.3,0.98,True
TENVUH,Co,1.06,6.18,5.12,False
TENWES,Co,0.44,5.73,5.29,False
TENZOB,Cu,7.46,6.94,0.52,True
TEPGAZ,Mo,0.18,0.67,0.49,True
TEPGED,Mo,0.22,1.06,0.84,True
TEPGIH,Mo,4.92,5.81,0.89,True
TEPGON,Mo,5.01,5.76,0.75,True
TEPSUC,V,10.06,12.16,2.1,False
TEQDUP,Mn,6.01,6.06,0.05,True
TEQJUY,Fe,0.79,1.55,0.76,True
TEQKEJ,Fe,5.72,6.16,0.44,True
TEQKOQ,Cu,0.86,4.55,3.69,False
TEQMIL,Os,4.97,5.06,0.09,True
TEQMIL01,Os,6.41,7.43,1.02,False
TEQMOR,Os,0.35,1.29,0.94,True
TEQQAH,Fe,5.33,9.65,4.32,False
TEQQEL,Cu,0.17,5.77,5.6,False
TERNOU,Cu,6.8,8.62,1.82,False
TERQEM,Zn,0.01,5.44,5.43,False
TERTEQ,Cu,8.07,10.71,2.64,False
TESBUP,V,0.29,0.61,0.32,True
TESCAW,V,3.94,4.28,0.34,True
TESCIE,V,4.4,6.06,1.66,False
TESFOO,Cu,0.33,0.92,0.59,True
TESHAC,Cu,0.43,6.24,5.81,False
TESLIO,Cu,0.45,0.5,0.05,True
TESQOY,Co,6.32,6.55,0.23,True
TESVIZ,Cu,1.2,6.37,5.17,False
TETFOO,Co,5.3,6.24,0.94,True
TETFUU,Co,0.79,6.6,5.81,False
TETJAE,Cu,0.28,0.89,0.61,True
TETJEK,Cd,1.45,1.98,0.53,True
TETLEN,Y,5.07,6.67,1.6,False
TEVCOO,Hf,5.66,14.66,9.0,False
TEVCUU,Hf,6.09,13.14,7.05,False
TEVDAB,Zr,8.5,13.29,4.79,False
TEVMEN,Ru,5.68,7.28,1.6,False
TEVSEV,Ti,8.36,8.58,0.22,True
TEVWEW,Cu,7.35,5.67,1.68,False
TEWBEF,Co,4.43,5.93,1.5,False
TEWFAE,Cu,0.67,5.6,4.93,False
TEWGUZ,V,0.3,4.83,4.53,False
TEWLOX,Cu,8.12,11.84,3.72,False
TEWMAL,Mn,4.79,5.95,1.16,False
TEWTUK,V,0.02,1.1,1.08,False
TEXDAF,Zn,1.34,5.69,4.35,False
TEXDEJ,Zn,5.59,5.66,0.07,True
TEXFEI,Ir,6.33,6.38,0.05,True
TEXFOS,Ir,5.63,5.97,0.34,True
TEXJAK,Zn,0.75,6.71,5.96,False
TEXLUE,Co,13.86,12.18,1.68,False
TEXQIY,Ru,5.4,6.14,0.74,True
TEXVIC,Cu,0.67,0.94,0.27,True
TEXWOJ,Cu,1.08,4.02,2.94,False
TEXXEA,Ag,2.46,7.96,5.5,False
TEXZEC,Ag,3.45,5.4,1.95,False
TEYQIA,Cu,6.22,9.32,3.1,False
TEZFUB,Cu,8.94,11.78,2.84,False
TEZGAI,Cu,5.53,6.94,1.41,False
TEZHUB,Ni,4.5,4.95,0.45,True
TEZKEP,Cu,0.58,0.64,0.06,True
TEZKIS,Ni,4.61,5.31,0.7,True
TEZKOY,Ni,0.34,0.9,0.56,True
TEZNIW,W,10.3,14.62,4.32,False
TEZQAR,Ta,0.31,6.02,5.71,False
TFAMRU,Ru,10.35,12.89,2.54,False
TFAPDA10,Pd,4.54,4.71,0.17,True
TFESFE10,Fe,4.93,5.85,0.92,True
TIBHAR,Cu,4.73,5.7,0.97,True
TIBHAR01,Cu,0.28,0.5,0.22,True
TIBPAV,Cu,0.19,5.71,5.52,False
TIBPID,Zn,0.19,0.82,0.63,True
TIBSIG,Ti,0.09,3.55,3.46,False
TICBIS,Cu,6.77,11.82,5.05,False
TICJEX,Fe,0.32,5.11,4.79,False
TICQAY,Co,0.67,1.37,0.7,True
TIDJEV,Zn,4.91,6.13,1.22,False
TIDMOI,Fe,0.02,5.41,5.39,False
TIDQOP,Cu,0.62,0.94,0.32,True
TIDTEJ,Cu,8.54,4.92,3.62,False
TIDVUY,Cu,5.96,10.85,4.89,False
TIFCIX,Co,0.06,0.86,0.8,True
TIFGIY,Fe,7.42,8.47,1.05,False
TIFHOI,Cu,9.14,13.49,4.35,False
TIFJIB,Ru,5.5,6.05,0.55,True
TIFLON,Zn,0.92,5.96,5.04,False
TIFQAE,Y,6.53,8.31,1.78,False
TIFTIM,V,4.98,5.99,1.01,False
TIFVOV,Cu,11.02,11.22,0.2,True
TIFWUB,Cu,11.0,17.96,6.96,False
TIFXOW,Cu,0.56,0.59,0.03,True
TIGBUI,Cu,7.13,8.96,1.83,False
TIGCET,Cu,1.26,6.21,4.95,False
TIGJID,Cd,1.54,2.05,0.51,True
TIGQUV,W,0.58,6.55,5.97,False
TIGZIU,Ru,5.71,5.83,0.12,True
TIHBIX,Ru,6.3,6.35,0.05,True
TIHLIF,Ru,5.78,6.05,0.27,True
TIHLOL,Ru,0.22,1.84,1.62,False
TIHPOS,Mn,1.88,3.47,1.59,False
TIHPUY,Mn,2.04,3.73,1.69,False
TIHYUI,Ir,9.62,17.23,7.61,False
TIJFIF,Ru,3.53,4.41,0.88,True
TIKBUO,Cu,1.14,6.76,5.62,False
TIKKOO,Cu,0.24,0.8,0.56,True
TILFAW,Ni,1.23,4.77,3.54,False
TILPAG,Cu,0.4,1.1,0.7,True
TILSUG,Zn,0.26,5.82,5.56,False
TILWIY,V,4.99,5.7,0.71,True
TIMJUU,V,4.95,6.4,1.45,False
TIMJUU01,V,4.97,5.82,0.85,True
TIMJUU02,V,5.0,6.44,1.44,False
TIMPIO,Cu,0.2,0.54,0.34,True
TIMPOU,Re,6.42,9.08,2.66,False
TIMQEM,Zn,4.8,5.83,1.03,False
TINTOA,Cu,0.7,5.99,5.29,False
TIPBAW,Ni,6.89,9.13,2.24,False
TIPSIY,Co,0.49,6.26,5.77,False
TIPZAT,Cu,5.12,6.81,1.69,False
TIPZAT02,Cu,4.45,5.81,1.36,False
TIQFEI,Cu,10.87,8.33,2.54,False
TIQVAQ,Zn,1.82,4.48,2.66,False
TIQWOJ,Zn,0.71,1.05,0.34,True
TIQZIE,Fe,4.72,5.81,1.09,False
TIRHIM,Mo,1.05,1.8,0.75,True
TIRMUF,Zn,0.47,1.12,0.65,True
TIRREV,Cu,7.16,9.86,2.7,False
TISDOO,Mn,0.88,3.52,2.64,False
TISTUO,Ni,4.57,6.2,1.63,False
TITQAP,Ru,6.22,6.58,0.36,True
TITQIX,Cu,4.68,6.31,1.63,False
TITRAQ,Ni,4.81,5.75,0.94,True
TITRIY,Zn,0.22,0.54,0.32,True
TITTUO,Ru,5.73,6.19,0.46,True
TIVMUJ,Ru,5.96,6.15,0.19,True
TIVNAQ,Ru,4.61,5.13,0.52,True
TIVNEU,Ru,5.18,5.76,0.58,True
TIVNOE,Ru,5.59,5.62,0.03,True
TIVNUJ,Ni,0.29,1.32,1.03,False
TIVNUJ01,Ni,0.3,1.33,1.03,False
TIVTAT,Cu,4.96,5.58,0.62,True
TIVTEX,Cu,0.34,4.28,3.94,False
TIWHOX,Y,0.8,6.44,5.64,False
TIWJIT,Y,0.64,6.38,5.74,False
TIWQAU,Fe,1.0,1.26,0.26,True
TIWQIC,Fe,3.01,3.79,0.78,True
TIWSAV,Zn,0.2,0.69,0.49,True
TIYKOB10,Cu,4.7,6.59,1.89,False
TIYPUN,Cu,11.65,10.25,1.4,False
TIYSEA,Ni,0.72,0.91,0.19,True
TIYSUQ,Cu,4.29,6.15,1.86,False
TIYVAY01,Co,0.5,5.78,5.28,False
TIYVIG02,Co,0.5,5.61,5.11,False
TIYVUS,Co,0.54,1.4,0.86,True
TIYVUS01,Co,0.54,1.25,0.71,True
TIYWED,Co,0.52,5.8,5.28,False
TIYWED01,Co,0.59,1.24,0.65,True
TIYWED02,Co,0.52,5.8,5.28,False
TIYWED03,Co,0.62,1.11,0.49,True
TIYWON,Co,0.52,5.61,5.09,False
TIYWUV,Ru,5.72,6.0,0.28,True
TIYXEE,Co,0.59,1.14,0.55,True
TIYXEE01,Co,0.6,5.62,5.02,False
TIZJES,Mn,11.49,15.47,3.98,False
TIZJES01,Mn,9.67,10.55,0.88,True
TIZJIY,Fe,3.4,6.52,3.12,False
TIZXAF,Ni,0.26,5.64,5.38,False
TIZXEJ,Ni,0.31,1.44,1.13,False
TIZXIN,Ni,0.15,5.89,5.74,False
TMTZNF,Fe,5.7,6.27,0.57,True
TOBBUH,Cu,1.1,5.88,4.78,False
TOBKII,W,0.46,0.86,0.4,True
TOBKUR,Cu,8.29,5.13,3.16,False
TOBNAA,Cu,5.35,5.75,0.4,True
TOCPEK,Fe,0.73,1.32,0.59,True
TOCPIO,Fe,0.86,0.96,0.1,True
TOCXEQ,Zn,0.71,6.32,5.61,False
TOCXEQ01,Zn,0.72,2.03,1.31,False
TODPOR,Ru,0.69,1.52,0.83,True
TODXEP,Ti,5.06,5.63,0.57,True
TOFBIC,Cu,1.23,5.15,3.92,False
TOFRUF,Co,0.42,0.79,0.37,True
TOFTEQ,Cu,4.6,6.03,1.43,False
TOFWUG,W,4.95,5.64,0.69,True
TOGNAG,W,5.39,5.8,0.41,True
TOGPOU,Cu,3.77,6.2,2.43,False
TOGPUA,Cu,3.45,6.4,2.95,False
TOGQAH,Cu,3.43,6.32,2.89,False
TOGYAP,Cu,4.47,6.41,1.94,False
TOHMUY,Sc,0.86,1.09,0.23,True
TOHNUZ,Ir,0.54,5.91,5.37,False
TOHSAN,Cu,0.59,6.16,5.57,False
TOHTIV,Zn,0.71,5.12,4.41,False
TOJCAY,Fe,0.24,5.07,4.83,False
TOJGII,Mn,0.33,0.63,0.3,True
TOJPER,Mo,1.67,6.79,5.12,False
TOLBEB,Ni,0.43,1.69,1.26,False
TOLFAD,Cu,7.58,12.68,5.1,False
TOLJAJ,Cu,4.51,5.81,1.3,False
TOLMUF,Zn,4.87,6.06,1.19,False
TOMGOT,Cu,6.84,14.98,8.14,False
TOMHAG,Cu,11.85,12.9,1.05,False
TOMMUD,Co,0.62,1.15,0.53,True
TOMNAK,Co,0.64,5.69,5.05,False
TOMNAK01,Co,0.64,1.03,0.39,True
TOMRIY,Cu,4.92,5.76,0.84,True
TOMSUK,Cu,4.7,5.63,0.93,True
TOMSUK01,Cu,5.16,6.24,1.08,False
TOMTAR,Zn,0.14,4.86,4.72,False
TONCIK,Mo,0.04,1.09,1.05,False
TONJUF,Ru,6.1,6.15,0.05,True
TONKIU,Ru,5.7,5.73,0.03,True
TONXOL,Mo,0.32,1.33,1.01,False
TONXUR,W,0.31,1.33,1.02,False
TOPJUF,Mn,4.08,9.39,5.31,False
TOPRAV,Ru,4.98,6.42,1.44,False
TOPRUL,Fe,5.09,5.59,0.5,True
TOPYEE,Zn,5.12,5.63,0.51,True
TOQCAF,Cu,0.1,0.73,0.63,True
TOQHIR,W,0.22,0.49,0.27,True
TOQJAL,Cr,0.04,1.0,0.96,True
TOQXEE,Fe,0.82,0.83,0.01,True
TOQXII,Fe,0.29,1.23,0.94,True
TOQYUU,Cu,5.43,6.79,1.36,False
TORDOT,Mo,0.45,5.3,4.85,False
TORDUZ,Mo,0.36,5.68,5.32,False
TORMET,Mn,1.28,3.3,2.02,False
TORMUI,Ru,4.92,6.36,1.44,False
TORWEG,Ru,0.51,1.25,0.74,True
TORWOP,Mn,0.38,1.09,0.71,True
TORXAC,Mn,4.72,6.49,1.77,False
TORXUT,Ta,0.35,0.82,0.47,True
TOSDUC,Cu,8.09,7.65,0.44,True
TOSFAK,Cu,10.91,13.23,2.32,False
TOSFEO,Cu,11.33,10.65,0.68,True
TOSPIC,Cu,4.99,6.07,1.08,False
TOSQEA,Fe,5.3,6.45,1.15,False
TOSSOM,Mo,5.06,5.8,0.74,True
TOSWIK,Mo,5.09,5.86,0.77,True
TOSZOQ,Co,9.89,10.71,0.82,True
TOTBAF,Fe,0.27,0.75,0.48,True
TOTLOH,Cu,11.74,9.78,1.96,False
TOTSAA,Mn,1.16,6.36,5.2,False
TOTWUX,Mn,5.46,6.66,1.2,False
TOTXAE,Zn,0.9,6.51,5.61,False
TOTYAC,Cu,11.49,10.07,1.42,False
TOVJUJ,V,8.6,10.87,2.27,False
TOVLEY,Fe,0.31,1.21,0.9,True
TOWBUC,Cu,3.23,6.6,3.37,False
TOWCEN,Ni,5.1,5.73,0.63,True
TOWCIR,Ni,5.2,5.77,0.57,True
TOWHAO,Fe,1.52,2.65,1.13,False
TOWQIF,Nb,0.09,5.92,5.83,False
TOWSUV,Co,0.41,6.31,5.9,False
TOXFET,Cu,3.85,5.44,1.59,False
TOXKEW,Cu,6.3,8.08,1.78,False
TOXMAW,Zn,1.0,4.57,3.57,False
TOXMEA,Zn,2.28,4.49,2.21,False
TOXPOO,Ru,5.74,5.88,0.14,True
TOYHAT,W,5.02,5.05,0.03,True
TOYRUU,Fe,4.58,6.04,1.46,False
TOZDUK,Mn,0.82,1.17,0.35,True
TOZFAP,Cu,0.5,2.53,2.03,False
TOZFAP01,Cu,0.55,1.79,1.24,False
TOZFAP02,Cu,0.54,6.26,5.72,False
TOZFAS,Mn,1.25,5.95,4.7,False
TOZPIL,Ru,5.08,5.68,0.6,True
TOZQAE,Ru,5.33,5.72,0.39,True
TOZREF,V,0.3,6.33,6.03,False
TOZVUB,V,4.3,6.01,1.71,False
TPANRU,Ru,5.52,5.75,0.23,True
TPFECO,Co,9.39,5.83,3.56,False
TPIMCF,Fe,0.04,5.43,5.39,False
TPIMTC,Tc,5.22,5.67,0.45,True
TPIPRF,Fe,0.22,5.27,5.05,False
TPPMNA01,Mn,0.67,4.53,3.86,False
TPRUET21,Ru,4.75,5.47,0.72,True
TPYZNC03,Zn,0.67,1.74,1.07,False
TPYZNC04,Zn,0.68,1.75,1.07,False
TPYZNC05,Zn,5.33,6.55,1.22,False
TRENCM,Mn,0.46,5.99,5.53,False
TRENTM,Mn,0.52,5.79,5.27,False
TSCACO01,Co,0.33,1.38,1.05,False
TUBDUS,Co,5.36,6.67,1.31,False
TUBHON,Fe,4.89,6.12,1.23,False
TUBLUX,Co,5.94,6.21,0.27,True
TUBPIR,Zn,0.09,0.78,0.69,True
TUBWOE,Cu,4.09,4.18,0.09,True
TUCQUF,Cu,12.92,12.67,0.25,True
TUCTAM,Y,0.38,5.86,5.48,False
TUCTIU,Rh,0.54,1.27,0.73,True
TUCYEY,V,4.64,5.52,0.88,True
TUDDEE,Co,0.2,0.7,0.5,True
TUDKIM,Hg,5.48,6.52,1.04,False
TUDRUI,Ru,5.83,5.95,0.12,True
TUDWIY,V,0.15,0.94,0.79,True
TUDYAS,Cu,9.74,7.06,2.68,False
TUDYEW,Cu,3.95,5.09,1.14,False
TUDYIA,Cu,3.88,4.84,0.96,True
TUDYOG,Cu,4.5,5.14,0.64,True
TUDYUM,Cu,3.78,4.83,1.05,False
TUFNER,Mo,4.72,5.46,0.74,True
TUFTUL,Cu,4.73,5.29,0.56,True
TUFXEB,Mo,5.39,5.82,0.43,True
TUFXUR,Mo,1.41,6.25,4.84,False
TUGGEI,Cd,1.27,3.73,2.46,False
TUGPIW,Mn,0.52,6.04,5.52,False
TUGTEW,Sc,10.02,5.85,4.17,False
TUGWEY,Ir,4.88,5.1,0.22,True
TUGXIE,Fe,0.48,2.27,1.79,False
TUGXOK,Fe,5.76,5.9,0.14,True
TUGXUQ,Fe,5.63,5.77,0.14,True
TUGYAX,Fe,5.64,5.81,0.17,True
TUGYEB,Fe,5.48,5.75,0.27,True
TUHJOW,Zn,13.37,12.47,0.9,True
TUHKEN,Cu,4.88,5.86,0.98,True
TUHKIR,Cu,3.17,4.02,0.85,True
TUHLOB,Mn,0.52,5.68,5.16,False
TUHMAO,Mn,5.54,5.9,0.36,True
TUHMOA,Zn,0.79,0.99,0.2,True
TUHNIU,Cd,5.3,6.56,1.26,False
TUHPAO,Mn,4.73,5.64,0.91,True
TUJDIM,Cu,0.11,3.73,3.62,False
TUJFOU,Ni,10.97,13.52,2.55,False
TUJHUC,Mn,13.62,12.24,1.38,False
TUJJAK,Co,7.74,16.16,8.42,False
TUJJEO,Ni,13.02,10.76,2.26,False
TUJJIS,Cu,8.22,12.88,4.66,False
TUJJOY,Zn,13.57,19.51,5.94,False
TUJPIX,Zn,0.57,5.51,4.94,False
TUJPIZ,Rh,6.06,6.32,0.26,True
TUJQAQ,V,4.69,5.33,0.64,True
TUJTUR,Cr,4.93,5.58,0.65,True
TUJWAZ,Zn,4.83,5.82,0.99,True
TUJWIE,Ni,3.96,4.45,0.49,True
TUJWIH,Zn,4.83,5.81,0.98,True
TUJZUT,Ta,4.68,5.67,0.99,True
TUKGUB,Ni,0.41,0.78,0.37,True
TUKJOA,Cu,3.58,3.8,0.22,True
TUKKAN,Cu,0.87,6.3,5.43,False
TUKMOB,Mo,5.5,6.3,0.8,True
TUKZEE,Os,5.17,5.72,0.55,True
TUKZII,Os,4.97,5.53,0.56,True
TULDAF,Co,0.17,0.92,0.75,True
TULDEJ,Zn,13.35,15.39,2.04,False
TULDIN,Zn,4.77,5.24,0.47,True
TULDOT,Co,0.34,6.09,5.75,False
TULQEX,Cu,0.76,5.67,4.91,False
TULQIB,Fe,4.7,5.07,0.37,True
TULQOH,Fe,0.87,6.8,5.93,False
TULQUN,Fe,5.28,6.67,1.39,False
TULVIG,Cu,0.55,0.99,0.44,True
TULWAZ,Cu,0.59,2.27,1.68,False
TULWED,Cu,4.45,4.77,0.32,True
TULWIH,Ir,1.19,1.5,0.31,True
TUMGAM,Zn,0.3,0.62,0.32,True
TUNGUF,Ir,10.05,11.41,1.36,False
TUNRUT,Cu,4.0,5.52,1.52,False
TUNSAA,Cu,0.43,5.25,4.82,False
TUNVIK,Fe,0.15,5.65,5.5,False
TUNWAD,Fe,0.4,5.88,5.48,False
TUQBEP,Ir,5.96,6.08,0.12,True
TUQBIT,Ir,0.5,1.14,0.64,True
TUQGAR,Mn,3.37,4.04,0.67,True
TUQGEV,Mn,0.71,1.0,0.29,True
TUQGIZ,Mn,1.0,5.0,4.0,False
TUQLAS,Re,0.43,5.54,5.11,False
TUQLEW,Re,0.4,5.91,5.51,False
TUQLIA,Re,0.37,5.87,5.5,False
TUQQOM,Ru,4.76,5.89,1.13,False
TUQROQ,Cu,0.25,6.24,5.99,False
TURGIA,Hf,0.35,4.93,4.58,False
TURGOG,Hf,0.43,5.35,4.92,False
TURHEU,Cu,0.91,3.32,2.41,False
TURHOD,Zn,0.5,5.81,5.31,False
TURHUK,Ni,10.15,13.43,3.28,False
TURMUP,Zn,0.43,5.3,4.87,False
TURRED,Cu,0.51,4.45,3.94,False
TURRII,Ru,5.22,5.46,0.24,True
TURROO,Ru,0.08,1.35,1.27,False
TURSOP,Ru,5.6,5.92,0.32,True
TUSFET,Cu,9.36,15.58,6.22,False
TUSSEF,Cu,3.78,6.51,2.73,False
TUSVUY,V,0.3,0.71,0.41,True
TUSWEK,Cu,1.28,3.43,2.15,False
TUSXIQ,W,0.34,0.46,0.12,True
TUTNIH,Fe,0.78,6.25,5.47,False
TUTNUS,Mo,4.33,5.92,1.59,False
TUTSUW,Ru,5.31,5.9,0.59,True
TUTTEH,Ru,0.29,0.88,0.59,True
TUTWAI,Co,0.93,6.05,5.12,False
TUTWEM,Co,0.86,2.23,1.37,False
TUTWOW,Co,0.97,5.32,4.35,False
TUWPUZ,Cu,0.32,0.77,0.45,True
TUWQAF,Ir,5.43,6.02,0.59,True
TUWQEJ,Ir,0.24,0.95,0.71,True
TUWQOR,Ni,4.82,6.08,1.26,False
TUWREI,Cu,0.6,0.89,0.29,True
TUWRUY,Cu,4.87,6.33,1.46,False
TUXLOR,Zn,0.28,0.6,0.32,True
TUXPEK,Cu,4.98,6.57,1.59,False
TUXQAH,Cu,5.46,6.04,0.58,True
TUYGAX,Zn,0.26,0.63,0.37,True
TUYGAX01,Zn,0.27,0.63,0.36,True
TUYGAX02,Zn,0.27,0.63,0.36,True
TUYVAM,Ni,0.73,6.06,5.33,False
TUYWOC,Fe,5.45,6.48,1.03,False
TUYYIW,Cu,4.97,5.65,0.68,True
TUZGAA,Fe,2.89,5.41,2.52,False
TUZJEE,Ir,0.71,4.76,4.05,False
TUZLAD,Ni,4.73,5.9,1.17,False
TUZMOS,Zn,12.11,10.94,1.17,False
TUZMOS01,Zn,7.88,6.19,1.69,False
TYTREN,Cu,0.12,5.58,5.46,False
TZBICA,Cu,4.57,6.38,1.81,False
UBECEJ,Fe,4.61,5.96,1.35,False
UBECIN,Fe,0.63,0.65,0.02,True
UBEQEX,Re,5.13,5.84,0.71,True
UBIBEO,Mn,0.02,0.97,0.95,True
UBIFAQ,Cu,7.59,11.71,4.12,False
UBIFET,Re,0.18,0.81,0.63,True
UBODUK,Mn,0.19,0.68,0.49,True
UBOFAS,Co,5.1,5.88,0.78,True
UBOFOG,Mn,0.53,6.0,5.47,False
UBOXOY,Fe,5.93,5.95,0.02,True
UBUVOF,Cu,3.11,5.23,2.12,False
UBUWAS,Cu,3.4,4.2,0.8,True
UBUXIB,Cu,11.3,7.55,3.75,False
UCACOU,Cu,5.24,6.09,0.85,True
UCACOU01,Cu,5.22,6.09,0.87,True
UCATEX,Zn,4.11,6.69,2.58,False
UCEBUA,Co,0.55,6.15,5.6,False
UCECAH,Fe,4.57,6.21,1.64,False
UCECEL,Fe,5.06,5.81,0.75,True
UCEDAJ,Re,0.47,0.9,0.43,True
UCEDOX,Re,4.72,5.46,0.74,True
UCELUK,V,4.35,6.11,1.76,False
UCEYEK,Cd,1.08,3.83,2.75,False
UCIBUD01,Mn,4.61,6.12,1.51,False
UCIKIB,Ti,0.22,5.69,5.47,False
UCINEA,Ir,10.54,16.72,6.18,False
UCINIE,Ir,5.7,6.08,0.38,True
UCINOK,Ir,0.31,1.45,1.14,False
UCIQUU,Fe,0.63,1.82,1.19,False
UCIVOT,Fe,4.77,5.7,0.93,True
UCIVUZ,Fe,0.12,5.9,5.78,False
UCIYEL,Ti,0.3,5.64,5.34,False
UCODAR,Nb,0.68,1.06,0.38,True
UCOHIH,Ru,1.46,6.25,4.79,False
UCOJIJ,Ru,5.23,6.12,0.89,True
UCOTIT,Cu,4.99,7.66,2.67,False
UCULUC,Ru,5.1,5.81,0.71,True
UCUNOV,Zr,0.77,1.1,0.33,True
UCUREQ,Cu,12.19,10.1,2.09,False
UCUXUM,Cu,7.07,7.91,0.84,True
UDELOH,Hg,0.83,6.37,5.54,False
UDEPEZ,Re,0.49,1.32,0.83,True
UDEPID,Re,0.39,0.79,0.4,True
UDEQEA,Mo,0.22,4.03,3.81,False
UDEQIF,Co,0.59,1.33,0.74,True
UDEQUR,Co,0.64,1.31,0.67,True
UDEREC,Cu,0.75,0.96,0.21,True
UDIJOG,Cd,0.3,6.03,5.73,False
UDIRIL,Zn,0.69,1.57,0.88,True
UDIVIM,Mo,4.79,5.7,0.91,True
UDIVOS,Mo,0.65,0.83,0.18,True
UDIVUY,Mo,0.42,0.71,0.29,True
UDIZOZ,Cu,5.75,6.16,0.41,True
UDIZUF,Cu,1.37,6.28,4.91,False
UDOBEX,Cu,1.14,1.65,0.51,True
UDOCIA,Mo,5.38,5.91,0.53,True
UDOCIZ,Cu,0.64,5.78,5.14,False
UDOCOF,Cu,11.19,8.25,2.94,False
UDOCUM,W,0.72,4.66,3.94,False
UDODAT,Mo,0.78,4.69,3.91,False
UDODIA,Zn,6.12,8.67,2.55,False
UDOKOO,V,5.09,5.61,0.52,True
UDOSOX,Co,5.72,12.74,7.02,False
UDOSOX01,Co,5.72,12.74,7.02,False
UDOTEP,Cu,0.77,4.82,4.05,False
UDOYOB,Cu,1.26,3.4,2.14,False
UDUDEC,Cu,4.66,6.13,1.47,False
UDUDEC01,Cu,5.42,6.11,0.69,True
UDUMIS,Fe,0.67,0.75,0.08,True
UDUPEO,Co,5.58,6.13,0.55,True
UDUQAL,Fe,5.45,6.49,1.04,False
UDUTOG,W,5.64,5.77,0.13,True
UDUXUN,Ni,0.35,0.81,0.46,True
UFADUB,Cu,8.4,8.41,0.01,True
UFAHUH,Ir,0.93,1.24,0.31,True
UFAQIB,Fe,4.56,5.87,1.31,False
UFATIE,Cu,0.58,1.12,0.54,True
UFAWIH,Cu,12.42,14.48,2.06,False
UFEBAL,Ru,5.6,6.73,1.13,False
UFECOY,Ru,5.81,6.11,0.3,True
UFEDOB,Ru,6.67,11.48,4.81,False
UFEFAN,Pt,0.27,0.8,0.53,True
UFEFAP,Ru,2.87,6.09,3.22,False
UFEGAQ,Cu,11.24,13.65,2.41,False
UFEYOW,Ni,5.46,5.71,0.25,True
UFIBAN,Ir,0.62,1.04,0.42,True
UFIDIZ,Ti,1.15,4.48,3.33,False
UFIKAY,Ru,0.39,1.92,1.53,False
UFIMAY,Ti,0.21,0.94,0.73,True
UFISUA,Zn,4.67,5.9,1.23,False
UFIZAN,Cu,4.19,6.17,1.98,False
UFOFOK,Co,0.05,5.28,5.23,False
UFOLAE,Co,1.25,6.57,5.32,False
UFOLEI,Co,0.69,6.3,5.61,False
UFOLIM,Co,0.89,6.39,5.5,False
UFOLOS,Co,0.72,1.4,0.68,True
UFOLUY,Co,0.82,5.33,4.51,False
UFOQEL,Mo,5.99,8.51,2.52,False
UFUGIP,Zn,0.8,6.01,5.21,False
UFUHAE,Zn,0.96,5.48,4.52,False
UFULOW,Mo,4.71,7.9,3.19,False
UFUMIU,Cu,4.74,6.33,1.59,False
UFUMIU01,Cu,4.74,6.32,1.58,False
UFUMUG,Zn,0.72,1.53,0.81,True
UFUSOD,Cu,1.28,2.2,0.92,True
UFUSUJ,Cu,1.41,2.53,1.12,False
UFUXEB,Cu,4.75,11.92,7.17,False
UGAFIS,Zn,0.9,6.69,5.79,False
UGAJIV,Ru,9.64,9.82,0.18,True
UGALOF,Ru,0.1,5.69,5.59,False
UGANIA,Cu,4.98,5.09,0.11,True
UGANOG,Zn,1.51,6.71,5.2,False
UGEBAN,Zn,0.54,4.32,3.78,False
UGEBIV,Zn,7.36,7.15,0.21,True
UGEJAR,Re,0.32,0.98,0.66,True
UGEKEW,Y,4.16,6.89,2.73,False
UGEPUU,Cd,1.46,1.73,0.27,True
UGEQAB,Zn,0.77,4.67,3.9,False
UGESAE,Zn,5.26,6.16,0.9,True
UGESEI,Zn,0.35,6.06,5.71,False
UGEWUA,Co,0.33,6.02,5.69,False
UGEYOV,Ni,5.18,5.81,0.63,True
UGIDUM,Ag,5.27,7.53,2.26,False
UGIFIC,Ag,1.48,2.51,1.03,False
UGIFOI,Ag,5.24,7.66,2.42,False
UGINOO,Zn,0.28,0.69,0.41,True
UGIPUW,Mn,7.12,8.13,1.01,False
UGISIO,Zn,0.22,0.7,0.48,True
UGISIO03,Zn,0.23,0.7,0.47,True
UGODUQ,Zn,0.89,4.63,3.74,False
UGOFAY,Cd,1.0,4.38,3.38,False
UGOFEC,Zn,0.89,4.63,3.74,False
UGOGED,Ni,7.58,13.3,5.72,False
UGOGIH,Ni,12.57,10.94,1.63,False
UGONUC,Co,5.23,6.47,1.24,False
UGOSIV,Cu,10.79,9.34,1.45,False
UGOSUH,Cu,3.51,7.29,3.78,False
UGOTUG,Re,5.08,5.81,0.73,True
UGOVAO,Re,5.05,5.84,0.79,True
UGOVES,Re,0.26,0.63,0.37,True
UGOVIW,Re,5.05,5.77,0.72,True
UGUDAC,Os,0.21,0.99,0.78,True
UGUDEG,Os,0.21,5.81,5.6,False
UGUDOQ,Os,0.21,1.16,0.95,True
UGUDUW,Os,0.19,5.41,5.22,False
UHAZAE,Zn,0.94,0.94,0.0,True
UHEDOC,Fe,5.04,5.74,0.7,True
UHEGAQ,Fe,0.62,1.57,0.95,True
UHERUY,V,4.48,5.86,1.38,False
UHESAF,V,4.45,5.87,1.42,False
UHIROS,Ir,0.48,1.0,0.52,True
UHIYIW,V,4.8,6.06,1.26,False
UHOKUZ,Cd,9.75,10.92,1.17,False
UHOLAG,Cd,7.66,10.0,2.34,False
UHOLEK,Cd,14.06,10.15,3.91,False
UHOLIO,Cd,13.66,11.05,2.61,False
UHOPUE,Nb,0.34,5.7,5.36,False
UHOYIA,W,5.13,5.98,0.85,True
UJADAK,Rh,0.32,1.46,1.14,False
UJAMEA,W,4.9,5.64,0.74,True
UJAQIF,Zn,0.84,5.92,5.08,False
UJASOQ,Cu,0.33,5.04,4.71,False
UJAWEK,Cu,0.33,1.54,1.21,False
UJEDUL,Ni,0.1,1.33,1.23,False
UJEFOH,Cu,0.56,5.08,4.52,False
UJEFUN,Cu,0.1,5.66,5.56,False
UJEHUO,Cu,8.33,8.58,0.25,True
UJELEC,Cu,0.55,0.55,0.0,True
UJEQOR,Os,5.79,6.11,0.32,True
UJEREI,Os,0.57,1.03,0.46,True
UJILAE,Zn,5.4,5.96,0.56,True
UJILOS,Zn,0.74,0.93,0.19,True
UJIMUV,Fe,0.02,5.59,5.57,False
UJIQEM,Mn,5.09,5.37,0.28,True
UJIRUB,Zn,0.84,6.0,5.16,False
UJISEL,Co,0.02,5.41,5.39,False
UJISIQ,Cu,0.66,1.16,0.5,True
UJIXOB,Mn,0.64,1.63,0.99,True
UJOVOG,Co,1.06,5.44,4.38,False
UJOVUK,Ir,5.85,6.15,0.3,True
UJOVUM,Co,4.57,5.35,0.78,True
UJOWEV,Ir,2.74,4.21,1.47,False
UJOWIZ,Ir,6.55,10.25,3.7,False
UJOXOG,Cu,9.42,11.13,1.71,False
UJOXUM,Cu,7.42,12.0,4.58,False
UJOYAT,Cu,11.22,13.41,2.19,False
UJOYIF,Ir,0.44,0.69,0.25,True
UJUDEJ,Rh,0.54,6.21,5.67,False
UJUNAO,Zn,4.61,5.4,0.79,True
UJUPAR,Co,0.83,1.6,0.77,True
UJUPEV,Cu,0.31,5.72,5.41,False
UJUPOF,Fe,0.67,1.35,0.68,True
UJUQEW,Ni,0.45,5.71,5.26,False
UJUYEF,Nb,4.62,6.09,1.47,False
UJUYUV,Nb,4.52,5.96,1.44,False
UJUZUV,Ru,0.57,1.2,0.63,True
UKABEO,Ru,0.51,0.98,0.47,True
UKARED,Cu,0.45,1.14,0.69,True
UKARIH,Cu,6.71,8.69,1.98,False
UKARON,Cu,0.42,4.74,4.32,False
UKAROO,Ta,10.69,8.44,2.25,False
UKARUU,Ta,0.47,1.38,0.91,True
UKASOP,Mn,6.46,6.61,0.15,True
UKAWOV,Zn,0.38,0.75,0.37,True
UKECAQ,Ir,6.29,6.43,0.14,True
UKECIY,Ir,6.52,6.55,0.03,True
UKEHUO,Zr,0.84,6.28,5.44,False
UKEJAW,Hf,0.91,1.62,0.71,True
UKEJUP,Co,0.41,5.62,5.21,False
UKEZAP,Zn,1.05,6.25,5.2,False
UKEZET,Zn,4.55,4.79,0.24,True
UKEZIV,Zn,4.78,5.41,0.63,True
UKEZIX,Zn,3.86,6.71,2.85,False
UKEZOD,Zn,5.61,6.39,0.78,True
UKEZUJ,Zn,2.91,4.54,1.63,False
UKIBAV,Zn,4.72,6.29,1.57,False
UKIBEZ,Zn,5.2,5.52,0.32,True
UKICUM01,Fe,0.37,5.97,5.6,False
UKIMAF,Co,0.85,6.32,5.47,False
UKIMEI,Zn,0.22,0.54,0.32,True
UKIMEJ,Co,0.71,5.35,4.64,False
UKIMIN,Co,0.88,0.89,0.01,True
UKOBAB,Zn,5.05,8.11,3.06,False
UKONUD,Ru,5.82,5.93,0.11,True
UKOQAN,Sc,0.27,6.34,6.07,False
UKOQIV,Sc,0.28,1.14,0.86,True
UKOQUI,V,4.69,5.66,0.97,True
UKOYOL,Ru,0.24,1.35,1.11,False
UKOZAZ,Mn,5.03,5.59,0.56,True
UKUHOB,Mn,5.21,5.85,0.64,True
UKUHUH,Mn,0.12,0.64,0.52,True
UKUMOC,Zn,5.51,6.76,1.25,False
UKUROH,Ru,0.29,1.69,1.4,False
ULAKIC,Zn,4.07,6.68,2.61,False
ULAKOI,Zn,0.42,0.93,0.51,True
ULALID,Mn,4.93,5.78,0.85,True
ULANOL,Cu,0.82,1.76,0.94,True
ULAPAZ,Zn,0.54,1.35,0.81,True
ULAQUU,Cd,1.24,3.84,2.6,False
ULARAB,Cd,4.69,6.57,1.88,False
ULATEI,Ru,0.55,0.92,0.37,True
ULAVUY,Zn,0.08,0.71,0.63,True
ULAVUY01,Zn,0.12,0.69,0.57,True
ULEQEJ,Zn,0.23,0.98,0.75,True
ULEVIQ,Fe,5.06,5.77,0.71,True
ULEVOW,Fe,7.49,8.79,1.3,False
ULEVUC,Fe,4.84,9.45,4.61,False
ULICOH,Zn,0.91,4.93,4.02,False
ULILAC,Pt,3.49,4.36,0.87,True
ULISOA,Cu,0.57,0.65,0.08,True
ULITIV,Zn,2.08,2.18,0.1,True
ULITUH,Fe,3.92,5.62,1.7,False
ULIWUK,Co,0.79,1.45,0.66,True
ULIXAR,Co,0.65,1.71,1.06,False
ULOBUS,Cu,7.56,9.68,2.12,False
ULOHIP,Cu,0.08,5.39,5.31,False
ULOHUB,Cu,0.17,0.68,0.51,True
ULOKEM,Cu,3.37,3.43,0.06,True
ULOVAU,Fe,0.29,5.7,5.41,False
ULUDOV,Cd,4.84,6.85,2.01,False
ULUKES,Rh,4.79,5.42,0.63,True
ULUPEX,Nb,5.11,6.15,1.04,False
ULUREZ,Co,0.72,5.26,4.54,False
UMAFUN,Mn,0.18,1.23,1.05,False
UMAGAU,Mn,0.25,1.22,0.97,True
UMAKEC,Mn,0.22,1.29,1.07,False
UMEBOF,Cu,8.17,8.73,0.56,True
UMELED,Cr,5.51,6.56,1.05,False
UMEROV,Cu,10.48,4.39,6.09,False
UMEXUJ,Ru,5.54,5.56,0.02,True
UMIGEC,Ni,0.33,6.35,6.02,False
UMIGIK,Fe,0.4,5.69,5.29,False
UMILAF,Ir,0.68,1.07,0.39,True
UMILOT,Ir,4.85,6.16,1.31,False
UMIPAJ,Ru,1.89,6.77,4.88,False
UMIQOW,Zn,0.33,1.27,0.94,True
UMIZOF01,Cu,0.55,5.5,4.95,False
UMIZUL,Co,0.1,0.78,0.68,True
UMOFOR,Cu,0.82,1.26,0.44,True
UMOLAJ,Zn,0.19,5.87,5.68,False
UMUCEK,Cu,0.99,5.51,4.52,False
UMUCIO,Cu,4.86,5.15,0.29,True
UMUCOU,Cu,1.31,3.48,2.17,False
UMUREB,Ru,0.28,1.74,1.46,False
UMUVOO,Cu,5.71,6.69,0.98,True
UMUVOO01,Cu,4.55,6.66,2.11,False
UNAQEH,Ni,8.5,7.6,0.9,True
UNAVEM,Ru,0.72,0.91,0.19,True
UNAVOU,Mo,0.49,1.93,1.44,False
UNAWAH,Co,0.47,6.12,5.65,False
UNECOG,Fe,5.45,5.74,0.29,True
UNECUM,Fe,1.52,7.1,5.58,False
UNEMAE,W,6.04,6.31,0.27,True
UNEMOS,Mo,0.81,6.35,5.54,False
UNEMUY,Mo,6.24,6.32,0.08,True
UNEPEJ,Co,1.38,5.34,3.96,False
UNETOY,W,9.78,7.88,1.9,False
UNIXOE,Cu,7.14,10.05,2.91,False
UNIXUK,Cu,0.29,3.63,3.34,False
UNIYIA,Cd,4.55,6.91,2.36,False
UNIZEX,Cu,14.78,9.24,5.54,False
UNIZIB,Cu,4.95,6.3,1.35,False
UNOFEL,Ru,6.06,6.3,0.24,True
UNOJUE,Cu,0.6,0.76,0.16,True
UNOKIS,Zn,0.23,0.41,0.18,True
UNOKOY,Ni,5.53,6.15,0.62,True
UNONET,Ru,5.04,5.84,0.8,True
UNONIX,Ir,5.36,6.08,0.72,True
UNOSIA,Cu,8.03,12.29,4.26,False
UNOTIB,Co,0.41,1.64,1.23,False
UNUCIR,Ta,3.36,6.71,3.35,False
UNUCOX,Ta,4.44,7.04,2.6,False
UPAGEZ,Fe,0.11,1.16,1.05,False
UPASEM,Fe,0.47,6.4,5.93,False
UPEMIN,Co,0.44,5.1,4.66,False
UPICUS,Fe,0.06,5.6,5.54,False
UPIFUV,Fe,5.23,7.54,2.31,False
UPIGEG,Fe,0.92,5.91,4.99,False
UPIJEK,Co,5.39,6.42,1.03,False
UPOKOB,Cu,9.44,7.69,1.75,False
UPOSAV,Cu,4.37,6.59,2.22,False
UPOSUP,Cu,0.51,0.9,0.39,True
UPOWOO,Fe,5.25,7.78,2.53,False
UPOWUU,Fe,6.96,6.73,0.23,True
UPUDOA,Zn,5.36,6.77,1.41,False
UPUDUG,Zn,0.82,6.49,5.67,False
UPUFIW,Cu,0.59,4.56,3.97,False
UPURII,Zn,0.81,6.42,5.61,False
UPUSIK,Co,8.76,11.93,3.17,False
UQAKII,Ni,4.55,6.27,1.72,False
UQANAD,Mn,3.9,5.4,1.5,False
UQEBIC,Cu,0.61,1.36,0.75,True
UQENAG,Zn,0.73,6.36,5.63,False
UQEPEO,Cd,1.41,7.45,6.04,False
UQICAB,Co,11.88,9.45,2.43,False
UQISAP,Cr,4.77,5.46,0.69,True
UQISOF,Co,7.46,6.8,0.66,True
UQITAS,Co,0.39,1.47,1.08,False
UQOTOK,Cu,4.45,6.22,1.77,False
UQOTUQ,Cu,4.53,6.02,1.49,False
UQOZIK,Cu,0.59,0.6,0.01,True
UQOZIK01,Cu,0.6,5.88,5.28,False
UQUBAK,Mn,5.03,5.69,0.66,True
UQUBEO,Mn,0.33,0.65,0.32,True
UQUCIT01,Re,5.09,5.8,0.71,True
UQULOI,Cu,4.55,5.79,1.24,False
UQUQAB,Fe,0.9,1.44,0.54,True
UQUVEI,Zn,4.25,6.71,2.46,False
UQUWEJ,Cd,1.64,1.82,0.18,True
UQUYUB,Cu,9.25,11.45,2.2,False
URAKAC,Ir,5.44,6.19,0.75,True
URCLCD,Cd,0.18,0.57,0.39,True
UREQEP,V,0.13,1.01,0.88,True
URERIV,W,4.9,5.16,0.26,True
URIMUG,Ti,0.4,1.34,0.94,True
URIRIX,Zn,0.55,6.04,5.49,False
UROFAJ,Re,0.41,0.72,0.31,True
UROFEN,Re,0.22,0.44,0.22,True
UROFIR,Re,0.22,0.44,0.22,True
UROFOX,Re,4.8,5.41,0.61,True
UROVIH,Cu,0.24,1.3,1.06,False
URUGOF,Ni,0.47,1.11,0.64,True
URUHEW,Ni,0.12,6.11,5.99,False
URUHOF,Co,0.6,5.58,4.98,False
USAGON,Cu,5.01,5.8,0.79,True
USAGON01,Cu,4.95,5.8,0.85,True
USAKIL,Co,4.38,5.89,1.51,False
USALOQ,Cu,4.75,5.84,1.09,False
USEWUL,Ru,5.92,6.12,0.2,True
USEXAS,Ru,6.04,6.05,0.01,True
USEXEW,Ru,5.97,6.13,0.16,True
USIPET,Mn,4.54,6.2,1.66,False
USIPET01,Mn,4.45,6.23,1.78,False
USIPIX,Mn,4.69,6.26,1.57,False
USIPUJ,Mn,0.76,1.07,0.31,True
USIQEV,Ru,4.7,5.2,0.5,True
USIQEV01,Ru,4.7,5.19,0.49,True
USITOG,Zn,0.3,0.77,0.47,True
USIVAU,Zn,0.26,5.65,5.39,False
USOJAQ,Cr,0.07,1.23,1.16,False
USUTOS,Ru,6.89,11.54,4.65,False
USUTUY,Ru,7.4,12.94,5.54,False
UTABEY,Zr,0.56,2.87,2.31,False
UTALUZ,Co,0.72,5.53,4.81,False
UTAPIR,Cu,0.53,3.4,2.87,False
UTAQEO,Cu,0.7,6.43,5.73,False
UTAVIW,Zn,0.61,1.09,0.48,True
UTAWUI,Cu,6.6,8.47,1.87,False
UTAXAP,Cu,6.69,4.08,2.61,False
UTEQUI,Fe,4.82,10.49,5.67,False
UTEXID,Zn,0.32,0.67,0.35,True
UTEZUP02,Cu,0.25,0.76,0.51,True
UTIHAI,Cd,3.04,4.46,1.42,False
UTITIC,Fe,0.28,0.74,0.46,True
UTITOI,Fe,0.15,1.17,1.02,False
UTIVOK,Cu,0.93,4.68,3.75,False
UTIWAX,Cu,1.13,5.12,3.99,False
UTOWAD,Ir,8.53,16.61,8.08,False
UTOWEH,Ir,0.31,1.79,1.48,False
UTUVIR,Fe,0.39,5.76,5.37,False
UVAFOP,Ru,5.54,5.87,0.33,True
UVAGIJ,Fe,4.61,5.85,1.24,False
UVETUM,Cu,3.39,6.55,3.16,False
UVEXIE,Zr,1.42,3.22,1.8,False
UVEXUQ,Zr,0.79,6.18,5.39,False
UVEYAX,Hf,0.78,0.99,0.21,True
UVEYIF,Hf,0.63,5.28,4.65,False
UVEYUR,Hf,0.51,6.16,5.65,False
UVIQEW,Cu,0.2,6.11,5.91,False
UVIQIA,Cu,10.48,8.7,1.78,False
UVIWAZ,Zr,0.53,5.72,5.19,False
UVIWED,Zr,6.1,10.7,4.6,False
UVIWON,Ti,0.6,1.66,1.06,False
UVIXAA,Ti,6.82,6.22,0.6,True
UVIXAB,Co,0.73,2.3,1.57,False
UVIXEE,Ti,11.26,9.42,1.84,False
UVIXII,Zr,1.33,6.09,4.76,False
UVIXOO,Zr,10.5,9.72,0.78,True
UVIXUU,Zr,1.27,5.56,4.29,False
UVOVAD,Cu,4.35,4.55,0.2,True
UVOZOV,Ru,0.96,4.55,3.59,False
UVOZUB,Ru,0.84,0.9,0.06,True
UVUTUC,Cu,9.03,13.82,4.79,False
UVUVAK,Cu,6.07,16.27,10.2,False
UVUVEO,Cu,0.66,0.84,0.18,True
UWAJIN,V,0.61,4.51,3.9,False
UWALEK,Fe,0.41,1.38,0.97,True
UWARIV,Zn,0.4,3.52,3.12,False
UWIGEN,Zn,0.85,6.58,5.73,False
UWIGIR,Hg,2.59,2.66,0.07,True
UWIPEW,Ni,4.3,4.57,0.27,True
UWIPOG,Ni,0.34,1.39,1.05,False
UWIQEX,Zn,0.17,1.62,1.45,False
UWIQUO,Os,1.19,2.03,0.84,True
UWIZAD,Cu,8.65,8.54,0.11,True
UWOQON,V,3.09,6.19,3.1,False
UWUDOG,Cu,5.56,6.59,1.03,False
UWUDOG01,Cu,11.63,13.53,1.9,False
UWUMIL,Sc,3.84,5.1,1.26,False
UWUYER,Cr,0.19,1.12,0.93,True
UWUYOB,Cr,0.54,5.7,5.16,False
UXAGUY,Co,0.9,6.51,5.61,False
UXAXAV,Zn,5.48,5.58,0.1,True
UXEPAP,Y,11.65,12.47,0.82,True
UXIJOB,Ir,9.29,11.04,1.75,False
UXIRAV,Hf,7.17,14.26,7.09,False
UXIREZ,Hf,1.37,1.5,0.13,True
UXIVAZ,W,5.32,5.73,0.41,True
UXOGOF02,Ni,0.3,0.5,0.2,True
UXOTUX,Ru,0.67,1.78,1.11,False
UXOYAK,Cu,0.33,1.16,0.83,True
UXUGOL,Ru,5.68,6.03,0.35,True
UXUZIY,Ru,0.12,1.69,1.57,False
UYABIH,Ru,0.36,1.78,1.42,False
UYAJAG,Cu,7.78,16.4,8.62,False
UYAJEK,Cu,4.63,6.48,1.85,False
UYAJIO,Zn,6.6,10.8,4.2,False
UYAQAO,Zn,0.4,6.19,5.79,False
UYECOT,Os,5.01,5.93,0.92,True
UYEZEF02,V,4.98,5.61,0.63,True
UYEZOP02,V,0.31,4.84,4.53,False
UYEZUV02,V,4.92,6.07,1.15,False
UYIBAH02,V,4.98,5.52,0.54,True
UYIBEL02,V,5.02,5.56,0.54,True
UYIMEW,Cu,0.57,0.67,0.1,True
UYIXAC,Cu,1.66,6.11,4.45,False
UYIZAE,Mo,0.33,0.91,0.58,True
UYIZEJ,Cu,5.09,6.04,0.95,True
UYUCUO,Ru,5.76,5.8,0.04,True
UYUZIZ,Hg,0.19,1.01,0.82,True
UZADIL,V,6.74,6.9,0.16,True
UZAHEJ,Fe,0.96,6.27,5.31,False
UZAHIN,Co,0.83,6.2,5.37,False
UZAVEZ,Cu,3.22,4.7,1.48,False
UZEHIR,Ru,6.52,6.62,0.1,True
UZEKOB,Cu,5.26,5.48,0.22,True
UZEMES,Cu,6.3,9.1,2.8,False
UZEQUN,Zr,0.48,6.29,5.81,False
UZERUO,Y,4.3,6.44,2.14,False
UZIDIS,Cu,4.01,5.48,1.47,False
UZIDOY,Cu,4.86,8.25,3.39,False
UZIDUE,Cu,0.28,6.0,5.72,False
UZIMOH,Nb,0.72,5.8,5.08,False
UZIVEF,Ni,0.4,6.53,6.13,False
UZIVIJ,Ni,0.27,6.41,6.14,False
UZIWEG,Ni,0.64,5.41,4.77,False
UZIXAD,Cu,0.87,6.32,5.45,False
UZODAP,Fe,0.3,5.45,5.15,False
UZODET,Fe,0.67,1.39,0.72,True
UZOSAF,Fe,4.72,6.05,1.33,False
UZUGON,Re,4.96,5.69,0.73,True
UZUHAA,Re,0.34,0.42,0.08,True
UZUYAQ,Ru,11.09,11.18,0.09,True
UZUYIY,Ru,5.89,11.35,5.46,False
UZUYOE,Ru,3.45,6.04,2.59,False
VABFIQ,Fe,0.36,5.38,5.02,False
VABLET,Co,0.26,5.63,5.37,False
VABLOC,Ru,5.72,5.94,0.22,True
VACFUD,Cu,5.11,6.15,1.04,False
VACMIY,Zn,5.13,5.99,0.86,True
VACMIY01,Zn,4.41,5.54,1.13,False
VACNUN,Mn,5.11,5.59,0.48,True
VACSUO,Cu,5.04,6.23,1.19,False
VACVUT,Cu,0.36,6.01,5.65,False
VADBAD,Mn,5.37,5.71,0.34,True
VADBAD01,Mn,5.37,5.73,0.36,True
VADBIL,Re,5.82,6.12,0.3,True
VADROI,Cu,8.26,8.94,0.68,True
VAFHAM,Co,0.43,1.05,0.62,True
VAFHOB,Ir,4.52,4.69,0.17,True
VAFJOD,Ir,4.75,4.79,0.04,True
VAFMAQ,Zn,0.45,1.37,0.92,True
VAFMOE,Zn,0.35,1.25,0.9,True
VAGBEM,Cu,11.64,7.39,4.25,False
VAGJAR,Co,0.89,5.45,4.56,False
VAGJEV,Co,0.73,6.5,5.77,False
VAGJIZ,Cu,0.67,5.33,4.66,False
VAHFAO,Fe,0.53,5.33,4.8,False
VAHJAP,Ru,5.8,6.61,0.81,True
VAHJIX,Ru,0.51,1.74,1.23,False
VAHPEA,Ru,5.72,5.79,0.07,True
VAHPID,Rh,3.92,5.51,1.59,False
VAHPIE,Ru,6.02,6.06,0.04,True
VAKCIX,Fe,5.77,6.08,0.31,True
VAKDUH01,Ru,4.53,5.95,1.42,False
VAKDUH02,Ru,0.69,1.23,0.54,True
VAKFEU,Ru,6.64,11.59,4.95,False
VAKJUN,Zn,4.66,5.98,1.32,False
VAKKEY,Zn,0.33,5.83,5.5,False
VAKNUS,Co,0.85,5.66,4.81,False
VAKYOX,Fe,0.65,6.35,5.7,False
VAKZOX,Re,5.27,6.05,0.78,True
VALJEB,W,1.07,1.6,0.53,True
VALJOL,W,5.47,6.23,0.76,True
VALWEO,Pt,4.4,4.92,0.52,True
VAMBOE,Fe,4.02,3.38,0.64,True
VAMFIZ,Ti,4.96,6.28,1.32,False
VAMHAU,Cu,0.24,0.98,0.74,True
VAMHEY,Cu,0.27,0.91,0.64,True
VAMWIS,Co,4.88,6.05,1.17,False
VAMWOY,Co,5.03,6.1,1.07,False
VANQEI,Ni,1.33,6.51,5.18,False
VANWAK,Cu,4.94,6.25,1.31,False
VAOPOR10,V,0.03,0.89,0.86,True
VAPCAR,Co,0.69,5.24,4.55,False
VAPFEY,Co,0.67,2.08,1.41,False
VAPQIM,Cu,0.57,5.06,4.49,False
VAPQOS,Cu,4.74,6.28,1.54,False
VAPTAL,Ru,0.38,2.14,1.76,False
VAPTIR,Fe,5.46,6.38,0.92,True
VAPTUD,Co,0.75,6.39,5.64,False
VAPVEP,Co,1.28,3.49,2.21,False
VAPVIT,Fe,1.23,1.31,0.08,True
VAPVOZ,Co,1.17,1.26,0.09,True
VAQCOH,Re,0.31,1.45,1.14,False
VAQDID,Y,0.87,1.19,0.32,True
VAQDOJ,Y,1.12,4.9,3.78,False
VAQZUK,Zn,0.63,2.19,1.56,False
VAQZUK02,Zn,0.62,2.22,1.6,False
VARFAW,Ru,4.81,5.84,1.03,False
VARHOP,V,0.53,4.79,4.26,False
VARHUV,V,4.85,5.97,1.12,False
VASGEB,Ta,0.62,5.65,5.03,False
VASQAK,Ni,4.63,5.14,0.51,True
VASQEO,Ni,0.56,4.5,3.94,False
VASSOY,Fe,4.83,6.41,1.58,False
VASTEP,Fe,1.28,3.52,2.24,False
VASVIU,Cu,0.5,0.76,0.26,True
VASVIU01,Cu,0.5,0.74,0.24,True
VATHUW,Cd,1.29,2.09,0.8,True
VAVMUB,Fe,0.14,5.81,5.67,False
VAVVAP,Tc,5.3,5.7,0.4,True
VAVVAP01,Tc,5.24,5.7,0.46,True
VAWKUD,W,0.08,0.94,0.86,True
VAWLEN,Os,5.99,6.12,0.13,True
VAWLUD,Os,0.51,1.27,0.76,True
VAWNUC,W,5.59,5.82,0.23,True
VAWQAL,Re,7.11,7.83,0.72,True
VAWVAT,Ir,5.11,6.17,1.06,False
VAXCUT,Mo,7.5,7.61,0.11,True
VAXNIV,Co,0.36,3.48,3.12,False
VAXNUH,Zn,0.92,2.24,1.32,False
VAXVUL,Zn,0.24,5.68,5.44,False
VAYQOD,Ir,0.42,1.94,1.52,False
VAYWUN,Ru,6.17,6.22,0.05,True
VAYYEA,Cu,0.37,5.23,4.86,False
VAYZEE,Cu,4.73,6.07,1.34,False
VAYZOM,Ru,6.33,6.43,0.1,True
VAZKEN,Cu,0.4,0.75,0.35,True
VAZVUO,Zn,1.16,6.47,5.31,False
VEBJOF,Cu,0.7,3.08,2.38,False
VEBLOG,Cu,0.62,4.92,4.3,False
VEBMUL,V,4.98,6.01,1.03,False
VEBNAS,V,5.39,5.88,0.49,True
VEBTUR,Ir,4.1,4.64,0.54,True
VECBAH,Cu,6.4,15.02,8.62,False
VECBIQ,W,1.4,4.76,3.36,False
VECSIG,V,5.38,5.9,0.52,True
VEDGAM,Rh,5.19,5.87,0.68,True
VEDNAV,Ta,8.81,11.15,2.34,False
VEDNOJ,Ta,5.4,6.51,1.11,False
VEDQIG,Ti,13.41,14.9,1.49,False
VEDSEE,La,5.76,6.27,0.51,True
VEDYIP,Ru,0.29,1.52,1.23,False
VEFGES10,Tc,0.03,5.33,5.3,False
VEFQUU,Zn,4.68,5.14,0.46,True
VEFVOU,Mn,5.41,6.28,0.87,True
VEFZOY,Rh,0.08,1.05,0.97,True
VEGFET,Fe,4.9,11.68,6.78,False
VEGFIX,Fe,7.18,8.87,1.69,False
VEGHAR,Cd,0.89,1.18,0.29,True
VEGVAI,Cu,4.86,5.83,0.97,True
VEGVEM,Cu,4.66,5.78,1.12,False
VEHDER,Zn,0.1,0.87,0.77,True
VEHLUR,Zn,5.15,5.56,0.41,True
VEHSEK,Ru,5.74,5.94,0.2,True
VEJHOK,Hg,2.17,4.52,2.35,False
VEJLED,Fe,0.42,5.49,5.07,False
VEJLUS,Fe,0.32,5.33,5.01,False
VEJRUB,Mn,0.73,5.97,5.24,False
VEJYOC,Hf,0.39,5.16,4.77,False
VEKBOD,V,0.18,0.58,0.4,True
VEKCAQ,V,0.21,0.9,0.69,True
VEKCEU,V,4.63,5.41,0.78,True
VEKCIY,V,5.07,6.11,1.04,False
VEKFUQ,Zn,0.78,2.12,1.34,False
VEKGUR,Zn,0.94,1.74,0.8,True
VEKKED,Ru,0.6,0.99,0.39,True
VEKKIH,Ru,0.56,1.91,1.35,False
VEKNAA,Fe,0.42,6.52,6.1,False
VEKNEE,Co,0.43,5.33,4.9,False
VEKNOO,Fe,0.45,0.48,0.03,True
VEKWEQ,Os,5.97,6.28,0.31,True
VELROV,Zn,0.85,1.51,0.66,True
VELZIW,Cu,0.38,0.88,0.5,True
VENHEC,Cu,4.66,5.77,1.11,False
VENQOX,Mn,0.33,0.63,0.3,True
VENTIV,Cu,8.03,11.2,3.17,False
VEPLOT,Mo,4.41,6.04,1.63,False
VEPLOT01,Mo,4.43,6.04,1.61,False
VEQFIH,Cr,0.12,5.46,5.34,False
VEQFOP,V,0.3,0.87,0.57,True
VEQFUT,Cr,0.01,5.43,5.42,False
VEQFUV,V,0.4,5.42,5.02,False
VEQGUW,Cu,5.55,6.22,0.67,True
VEQWOG,Cu,0.63,0.64,0.01,True
VEQXAT,Cu,4.68,6.46,1.78,False
VEQXUK,Co,1.25,1.32,0.07,True
VERGEE,Tc,0.21,0.82,0.61,True
VERPEO,Cr,0.62,1.35,0.73,True
VERSOB,Zn,0.73,4.38,3.65,False
VERXIB,V,5.29,6.1,0.81,True
VERXOH,V,1.09,5.59,4.5,False
VESJEI,Os,4.73,5.91,1.18,False
VESWOF,Rh,5.41,6.54,1.13,False
VESZOM,Mn,6.68,13.35,6.67,False
VETDOO,Cu,0.27,4.52,4.25,False
VETMOY,Ru,6.02,6.45,0.43,True
VETXUN,Fe,7.12,3.44,3.68,False
VEVDUX,Cu,4.32,5.19,0.87,True
VEVHUD,Ru,0.61,6.14,5.53,False
VEVJOX,Zn,8.24,6.29,1.95,False
VEVLEN,Cu,5.3,6.32,1.02,False
VEVMUE,Cu,5.39,6.3,0.91,True
VEVVID,Zn,13.2,15.07,1.87,False
VEWQEX,Cu,0.94,6.09,5.15,False
VEWRAR,Ni,13.49,11.13,2.36,False
VEWVEZ,Ni,0.91,0.97,0.06,True
VEXFEL,Fe,5.39,5.67,0.28,True
VEXFIP,Fe,5.36,6.79,1.43,False
VEXHUC,Cu,4.42,6.03,1.61,False
VEXTAU,Cu,6.46,6.57,0.11,True
VEYGIR,Fe,0.16,3.96,3.8,False
VEYKIT,W,0.05,1.16,1.11,False
VEYWOO,Fe,0.85,5.03,4.18,False
VEYWUU,Fe,5.17,6.32,1.15,False
VEYZAA,Co,0.12,5.92,5.8,False
VEYZEG,Os,5.57,6.13,0.56,True
VEZFAH,Rh,5.01,5.99,0.98,True
VEZFAI,V,6.06,11.49,5.43,False
VEZNAQ,Ru,4.47,7.17,2.7,False
VEZXAA,Rh,0.62,6.18,5.56,False
VIBCEP,Ir,5.61,6.14,0.53,True
VIBCIT,Ir,4.84,5.14,0.3,True
VIBMUO,V,5.17,5.49,0.32,True
VIBSUV,Fe,0.97,6.34,5.37,False
VIBTAC,Co,0.76,1.55,0.79,True
VIBTAC01,Co,0.76,1.92,1.16,False
VIBTEG,Ni,5.43,5.44,0.01,True
VIBTOR,Co,5.43,6.44,1.01,False
VIBYEL,Ru,5.79,6.0,0.21,True
VICCUG,Ir,5.52,5.84,0.32,True
VICDOB,Ir,5.27,5.85,0.58,True
VICDUH,Ir,0.06,1.11,1.05,False
VICKEA,Zn,6.65,7.1,0.45,True
VICROO,Zn,0.61,6.79,6.18,False
VICSEJ,Co,0.36,6.14,5.78,False
VICSOT,Co,8.38,9.83,1.45,False
VICVIN,Cu,5.12,6.2,1.08,False
VICVOT,Cu,5.21,6.42,1.21,False
VICWAG,Cu,1.05,6.36,5.31,False
VICWEK,Cu,0.98,1.3,0.32,True
VICYUC,Cu,0.46,1.54,1.08,False
VIDBER,Co,4.75,6.11,1.36,False
VIDFIZ,V,0.56,0.79,0.23,True
VIDJEA,V,4.58,5.33,0.75,True
VIFKED,Fe,2.59,4.48,1.89,False
VIFKIH,Fe,1.71,4.03,2.32,False
VIFMAB,Ni,0.44,0.87,0.43,True
VIFMAC,Cd,1.82,3.4,1.58,False
VIFNAA,Fe,5.45,6.65,1.2,False
VIFPIK,Fe,0.87,6.36,5.49,False
VIFPUW,Fe,0.89,6.54,5.65,False
VIFWEP,Fe,6.45,6.98,0.53,True
VIFWIT,Co,6.25,7.0,0.75,True
VIFZIX,Zr,1.6,5.44,3.84,False
VIGBEV,Ni,4.92,5.76,0.84,True
VIHKEF,Re,0.56,5.75,5.19,False
VIHLUW,Pd,0.54,0.58,0.04,True
VIHNAE,Mn,4.67,6.45,1.78,False
VIHTOX,Co,0.18,1.21,1.03,False
VIHTOX01,Co,0.17,1.22,1.05,False
VIJBEW,Mo,0.18,1.25,1.07,False
VIJBIA,Mo,4.01,5.63,1.62,False
VIJBOG,Mo,5.44,6.27,0.83,True
VIJCEW,Re,1.42,5.53,4.11,False
VIJFAV01,Co,0.63,0.68,0.05,True
VIJJIK,Os,5.31,6.13,0.82,True
VIJLIK,Cu,8.57,4.84,3.73,False
VIJLOR,Cu,5.18,8.14,2.96,False
VIJVUH,Cu,0.35,0.89,0.54,True
VIJWIW,Cu,0.3,6.03,5.73,False
VIJWOC,Cu,0.23,0.92,0.69,True
VIJYUJ,Cu,4.36,5.68,1.32,False
VIJZIY,Cu,0.55,0.63,0.08,True
VIKJEE,Mn,0.26,0.64,0.38,True
VIKKOR,Co,5.36,5.93,0.57,True
VIKNIN,Rh,6.63,11.54,4.91,False
VIKWES,Co,1.34,6.57,5.23,False
VIKXAO,Ni,0.14,0.66,0.52,True
VIKZIY01,Cu,4.55,6.2,1.65,False
VIKZIY02,Cu,4.53,6.2,1.67,False
VILCIF,Cu,8.72,10.79,2.07,False
VILFII,Ru,5.59,5.83,0.24,True
VILRAL,Fe,0.04,5.48,5.44,False
VILREP,Fe,0.03,1.11,1.08,False
VILRIT,Fe,0.03,3.6,3.57,False
VILYIY,Cu,0.86,1.02,0.16,True
VIMGOO,Sc,0.5,5.14,4.64,False
VIMQIU,Co,5.28,5.53,0.25,True
VIMVUJ,Ru,7.46,4.58,2.88,False
VIMZAU,Cu,0.39,1.02,0.63,True
VIMZUN,Zn,4.9,5.84,0.94,True
VINFIJ,Cu,0.79,4.62,3.83,False
VINHAC,Cu,0.57,5.82,5.25,False
VINJAF,Cu,0.49,1.06,0.57,True
VINMEL,Tc,0.31,1.23,0.92,True
VINQUI,Cu,0.65,1.49,0.84,True
VIPBEB,Cu,3.55,4.92,1.37,False
VIPKIR,Cu,0.26,0.85,0.59,True
VIPKOX,Cu,0.19,5.39,5.2,False
VIPNUF,Fe,0.05,5.63,5.58,False
VIQJOU,Cu,4.45,5.62,1.17,False
VIQMEO,Zn,0.36,0.64,0.28,True
VIQMIU,Ru,5.21,5.87,0.66,True
VIQMOA,Ru,0.66,1.83,1.17,False
VIQWEA,Co,0.26,0.85,0.59,True
VIRFEI,Ru,6.6,5.1,1.5,False
VIRFIM,Ru,6.96,10.44,3.48,False
VIRHOU,Ti,6.08,6.38,0.3,True
VIRREW,Cu,4.47,7.66,3.19,False
VISCEG,Zn,0.31,5.6,5.29,False
VISHEO,Co,0.39,5.53,5.14,False
VISHIS,Co,0.43,6.73,6.3,False
VISMET,Cu,5.34,6.52,1.18,False
VISTEW,Ir,6.18,6.52,0.34,True
VISWEA,Ru,7.51,11.92,4.41,False
VITLUI,Cu,3.23,4.05,0.82,True
VITMIY,Zn,0.75,6.11,5.36,False
VITMUI,Cu,1.19,7.05,5.86,False
VITNER,Cu,4.84,5.78,0.94,True
VITQAR,Re,1.43,4.93,3.5,False
VITTOH,Cu,2.91,3.29,0.38,True
VITTOH02,Cu,3.59,5.68,2.09,False
VIVFEP,Mo,4.9,6.08,1.18,False
VIVGIS,Ru,5.11,5.84,0.73,True
VIVNEV,Fe,4.92,5.71,0.79,True
VIWDUC,Fe,0.33,6.33,6.0,False
VIWJIV,Cu,4.79,5.7,0.91,True
VIWKOC01,Hg,5.56,6.94,1.38,False
VIWVON,Fe,0.37,5.8,5.43,False
VIWVUT,Fe,0.51,1.34,0.83,True
VIXFIU,Cr,5.46,5.97,0.51,True
VIXMOH,V,0.04,0.85,0.81,True
VIYCUF,Cu,6.19,6.36,0.17,True
VIYDOX,V,4.54,5.84,1.3,False
VIYFOA,Cu,4.92,6.6,1.68,False
VIYHIV,Fe,5.09,5.89,0.8,True
VIYHIV01,Fe,0.82,4.92,4.1,False
VIYYOS,Pd,4.22,4.44,0.22,True
VIZMAS,Mo,0.65,1.86,1.21,False
VIZMEW,W,0.55,0.76,0.21,True
VIZTED,Re,4.87,5.6,0.73,True
VIZWIN,W,11.59,12.35,0.76,True
VIZWOT,W,11.57,14.98,3.41,False
VIZWUZ,Mo,5.36,10.43,5.07,False
VIZXEK,W,6.95,5.38,1.57,False
VIZXUX,V,5.94,7.15,1.21,False
VOBFAU,Cu,0.22,5.88,5.66,False
VOCXAO,Cu,1.23,5.06,3.83,False
VOCXEQ,Cr,0.57,5.7,5.13,False
VOFBUR,Cu,7.38,15.81,8.43,False
VOFCEC,Cu,8.23,15.67,7.44,False
VOFDIE,Ir,5.29,5.91,0.62,True
VOFLEK,Fe,14.26,15.63,1.37,False
VOFTAP,Cu,5.92,7.81,1.89,False
VOFTUG,Cu,8.18,8.25,0.07,True
VOFYEW,Fe,1.03,1.08,0.05,True
VOGFED,Ir,6.14,6.66,0.52,True
VOGFII,Ti,4.09,5.94,1.85,False
VOGFOO,Ti,4.62,5.9,1.28,False
VOGFUU,Ti,4.49,6.12,1.63,False
VOGGAB,Ti,3.95,4.62,0.67,True
VOGGOP,Pt,5.49,6.32,0.83,True
VOGGUV,Sc,12.82,6.3,6.52,False
VOGHEG,Sc,0.48,6.11,5.63,False
VOGHIK,Sc,0.54,5.36,4.82,False
VOGHUW,Sc,0.41,5.55,5.14,False
VOGJAE,Sc,5.22,5.89,0.67,True
VOGNEM,Ru,5.13,6.09,0.96,True
VOGRIT,Ru,0.39,1.23,0.84,True
VOGRUF,Ru,7.8,7.39,0.41,True
VOHLIR,Ru,5.42,5.48,0.06,True
VOHNUF,Cr,5.62,5.99,0.37,True
VOHSEQ,Rh,0.55,6.3,5.75,False
VOHSUH,Cu,0.2,5.71,5.51,False
VOHSUH01,Cu,0.2,5.71,5.51,False
VOHXUN,Ti,8.32,7.0,1.32,False
VOHYAU,Ti,9.98,15.33,5.35,False
VOHYEY,Ti,8.55,11.43,2.88,False
VOJNUE,V,5.05,5.94,0.89,True
VOJXAV,V,5.38,5.63,0.25,True
VOKBEG,Ru,0.24,1.09,0.85,True
VOKGAH,Zn,0.06,5.47,5.41,False
VOKGIP,Co,0.1,5.49,5.39,False
VOKGOV,Co,0.69,5.89,5.2,False
VOKGUB,Co,1.05,1.82,0.77,True
VOLCII,Cu,0.33,0.95,0.62,True
VOLROE,Nb,0.15,5.98,5.83,False
VOLRUK,Nb,5.08,10.54,5.46,False
VOLSAR,Nb,0.06,5.54,5.48,False
VOLTEW,Cu,5.38,10.01,4.63,False
VOLVIE,Cu,5.23,5.74,0.51,True
VOMCOR,Cu,4.11,12.09,7.98,False
VOMHOW,V,4.38,5.52,1.14,False
VOMSOH,Cu,11.52,11.19,0.33,True
VOMSUN,Cu,9.04,16.33,7.29,False
VOMTAU,Cu,0.69,1.15,0.46,True
VOMVUQ,V,0.49,4.63,4.14,False
VOMWAX,V,4.13,5.53,1.4,False
VOMWEB,V,0.47,0.49,0.02,True
VOMWIF,V,4.46,5.98,1.52,False
VONMIU,Zn,6.53,4.34,2.19,False
VONVOL,V,0.22,0.7,0.48,True
VONXUT,Co,0.33,0.97,0.64,True
VONYAA,Zn,0.32,0.94,0.62,True
VOPMUL,Fe,0.93,2.94,2.01,False
VOPSAW,Cu,4.69,4.71,0.02,True
VOQCIO,Cu,5.33,6.59,1.26,False
VOQDEL01,Zn,4.99,6.35,1.36,False
VOQTAY,Cu,13.18,14.83,1.65,False
VOQWUT,Y,1.03,1.87,0.84,True
VORLEW,Fe,0.58,5.68,5.1,False
VORPID,Cu,0.98,4.39,3.41,False
VORQIF,Zr,5.49,2.47,3.02,False
VORROM,Rh,0.33,1.41,1.08,False
VORSAX,Nb,0.45,4.65,4.2,False
VORTAX,Co,6.28,15.93,9.65,False
VORYOS,V,4.6,5.69,1.09,False
VOSCAK,V,0.16,0.73,0.57,True
VOSRUU,Cu,8.35,12.28,3.93,False
VOSYIL,Zn,1.07,8.12,7.05,False
VOSYOR,Cd,1.04,1.24,0.2,True
VOTGEQ,Cu,0.36,6.24,5.88,False
VOTJEV,V,4.49,5.93,1.44,False
VOTJIZ,V,0.44,0.91,0.47,True
VOTJOG,Zn,0.59,4.45,3.86,False
VOTQAW,V,9.89,10.64,0.75,True
VOVDIT,Fe,0.12,1.39,1.27,False
VOVQII,Cu,4.53,6.04,1.51,False
VOWJID,Ru,11.21,17.27,6.06,False
VOWKUP,Cu,0.41,0.74,0.33,True
VOWLAW,Cu,4.98,6.29,1.31,False
VOWLOL,Ni,0.26,5.67,5.41,False
VOWPUU,Cu,0.82,1.71,0.89,True
VOWZIU,Fe,4.69,5.98,1.29,False
VOWZUG,Fe,4.89,6.11,1.22,False
VOXBAP,Fe,0.54,1.07,0.53,True
VOXLIH,Ru,5.84,5.9,0.06,True
VOXLON,Ru,5.89,6.18,0.29,True
VOXLUT,Ru,5.76,6.1,0.34,True
VOXSEI,Co,0.49,4.85,4.36,False
VOXVEM,Cu,2.96,3.59,0.63,True
VOYFIA,Co,10.38,9.22,1.16,False
VOYGIB,Fe,4.88,6.35,1.47,False
VOYJEY,Cr,5.33,5.87,0.54,True
VOYJIC,Cr,5.42,5.91,0.49,True
VOYJIE,Ru,0.12,1.33,1.21,False
VOYJOK,Ru,5.48,5.52,0.04,True
VOZDIZ,Zn,0.31,0.62,0.31,True
VOZHAX,Co,0.72,1.09,0.37,True
VOZNAZ,Fe,0.56,1.29,0.73,True
VOZNAZ10,Fe,0.56,1.29,0.73,True
VOZSEM,Zn,0.23,0.68,0.45,True
VOZSUY,Re,9.83,14.35,4.52,False
VOZXIT,Ir,4.78,5.28,0.5,True
VOZXUF,Ir,0.17,0.98,0.81,True
VOZYEQ,Ir,0.15,1.02,0.87,True
VOZZOB,Fe,0.66,6.16,5.5,False
VPHTHC,V,5.07,5.69,0.62,True
VPHTHC01,V,5.04,5.68,0.64,True
VUBDOL,W,5.79,5.94,0.15,True
VUBLAF,Os,4.82,6.01,1.19,False
VUBLIP,Ir,4.79,7.27,2.48,False
VUBLOV,Ir,0.67,1.72,1.05,False
VUBMAI,Ir,0.72,6.69,5.97,False
VUBTAP,Cu,5.04,6.71,1.67,False
VUBTET,Cu,1.26,5.19,3.93,False
VUBTIX,Cu,5.06,6.68,1.62,False
VUCBIH,Cu,5.07,6.57,1.5,False
VUCBON,Cu,4.79,5.88,1.09,False
VUCBUR,Ru,5.34,6.93,1.59,False
VUCCEC,Ru,5.56,6.78,1.22,False
VUCGOS,Cu,7.31,8.01,0.7,True
VUCGOT,Cu,12.03,8.59,3.44,False
VUCJIM,Os,4.4,6.13,1.73,False
VUDDON,Ni,0.56,0.86,0.3,True
VUDLAL,Cu,4.82,6.93,2.11,False
VUFCEF,Cu,5.28,5.6,0.32,True
VUFGAG,Fe,4.76,5.68,0.92,True
VUFJOX,Fe,4.98,5.77,0.79,True
VUFPIX,Co,6.06,6.33,0.27,True
VUFVAX,Ti,1.85,4.44,2.59,False
VUFVEZ,Fe,5.04,6.34,1.3,False
VUFXAZ,Cu,5.76,6.56,0.8,True
VUFYUR,Zr,0.6,5.5,4.9,False
VUGCAD,Co,1.85,6.05,4.2,False
VUGCEH,Co,0.36,1.62,1.26,False
VUGCEH01,Co,0.36,1.62,1.26,False
VUGDUX,Pt,4.87,6.07,1.2,False
VUGMOC,Co,8.0,12.67,4.67,False
VUGRAR,Ru,6.5,6.87,0.37,True
VUGSUO,Fe,0.4,1.98,1.58,False
VUGTUM,Re,0.75,1.14,0.39,True
VUGZAA,Mn,3.7,6.38,2.68,False
VUHCIM,Cu,5.04,6.52,1.48,False
VUHCOS,Cu,4.52,6.74,2.22,False
VUJCOV,Cu,4.82,5.8,0.98,True
VUJJOA,Cu,0.67,1.42,0.75,True
VUJLOD,Cu,0.23,3.68,3.45,False
VUJPIZ,Co,0.22,0.44,0.22,True
VUJVED,Cu,0.2,3.92,3.72,False
VUJWUU,Ta,4.65,5.93,1.28,False
VUJXAB,Ta,4.84,5.94,1.1,False
VUJXEF,Ta,3.9,4.34,0.44,True
VUJXIJ,Ta,0.21,5.55,5.34,False
VUJXOP,Ta,4.56,5.7,1.14,False
VUJYEG,Ta,0.2,0.77,0.57,True
VUJYUW,Ta,0.2,4.14,3.94,False
VUJZAD,Ta,0.43,2.25,1.82,False
VUJZIL,Ta,0.12,5.44,5.32,False
VUJZOR,Ta,0.48,6.24,5.76,False
VUKFUE,Re,0.28,5.27,4.99,False
VUKJES,Ta,0.29,4.67,4.38,False
VUKLOC,Re,4.97,5.79,0.82,True
VUKLUI,Re,4.61,5.77,1.16,False
VUKWIL,V,4.52,11.44,6.92,False
VULBOV,Fe,0.25,5.78,5.53,False
VULCOY,Cu,8.7,12.12,3.42,False
VULMOE,Mn,0.27,5.2,4.93,False
VUMGOZ,W,7.26,9.2,1.94,False
VUMMAS,Zr,0.84,1.17,0.33,True
VUMNEZ,Re,5.0,5.6,0.6,True
VUMNID,Re,4.59,5.76,1.17,False
VUMNOJ,Re,4.98,6.14,1.16,False
VUMNUP,Re,0.62,0.67,0.05,True
VUMPAX,Re,4.4,5.74,1.34,False
VUMVEE,Mn,5.39,5.6,0.21,True
VUMVIL,Zn,3.87,4.71,0.84,True
VUMYEK01,Mn,3.42,6.63,3.21,False
VUMYUA,Mn,4.48,6.23,1.75,False
VUPBAJ,Ta,4.79,6.11,1.32,False
VUPBUE,Cu,5.32,6.4,1.08,False
VUPMIG,Zn,0.26,0.71,0.45,True
VUPSII,Cu,8.22,8.33,0.11,True
VUPTOR,Fe,4.88,6.12,1.24,False
VUQLUQ,Cu,0.7,0.96,0.26,True
VUQXIP,Cu,0.53,0.81,0.28,True
VUQZAK,Fe,0.28,5.33,5.05,False
VURDIZ,Zn,4.57,6.04,1.47,False
VURKAV,V,0.43,5.17,4.74,False
VURKID,V,0.12,1.06,0.94,True
VURKOJ,V,0.14,5.42,5.28,False
VURZIR,Mn,4.23,6.65,2.42,False
VURZIR01,Mn,4.23,6.74,2.51,False
VUSMAA,Mn,5.01,6.76,1.75,False
VUSQAD,Cu,7.48,13.91,6.43,False
VUSQAD01,Cu,9.3,10.63,1.33,False
VUTBIX,Os,0.61,1.83,1.22,False
VUTFAT,Mo,1.33,1.34,0.01,True
VUTGAU,Cu,0.8,5.19,4.39,False
VUTGEY,Mn,2.29,5.43,3.14,False
VUTGIC,Cu,2.96,4.86,1.9,False
VUTGOI,Ni,4.76,5.17,0.41,True
VUTLIH,Ru,0.78,0.82,0.04,True
VUVFUR,Mn,0.25,0.79,0.54,True
VUVHAY,Ta,0.5,5.65,5.15,False
VUVHUS,Cu,0.77,4.11,3.34,False
VUVMIK,Nb,4.93,5.68,0.75,True
VUVSOX,Cu,4.97,5.83,0.86,True
VUVTOX,Ni,4.71,5.95,1.24,False
VUVTUD,Ni,0.34,0.83,0.49,True
VUVWEQ,Co,4.82,6.72,1.9,False
VUWJIH,Zn,0.55,6.13,5.58,False
VUXVER,Zn,5.49,5.72,0.23,True
VUYDEA,Hg,5.61,5.66,0.05,True
VUYFUR,Co,0.7,6.28,5.58,False
VUYMIM,Zn,1.03,5.48,4.45,False
VUYNAF,Zn,4.8,6.71,1.91,False
VUYSIR,Cu,4.99,6.42,1.43,False
VUZGAA,Co,0.49,0.98,0.49,True
VUZNOX,Hg,3.35,6.11,2.76,False
VUZNUD,Hg,5.97,7.54,1.57,False
VUZZAR,Cu,0.47,5.61,5.14,False
WABBEI,Zn,0.57,1.45,0.88,True
WABHEO,Zn,4.66,5.0,0.34,True
WABJEQ,Zn,4.75,7.17,2.42,False
WABKOZ,Rh,0.1,1.32,1.22,False
WABKOZ01,Rh,0.09,1.46,1.37,False
WABLES,Co,0.21,5.47,5.26,False
WABMAO01,Zr,7.05,3.0,4.05,False
WABQIZ,Ru,0.21,5.71,5.5,False
WABSAU,Ti,1.18,7.27,6.09,False
WABSEY,V,1.66,4.8,3.14,False
WABZAC,Ni,0.66,1.43,0.77,True
WACDAF,Mn,0.4,5.66,5.26,False
WACJIW,Cu,0.46,1.03,0.57,True
WACREY,Co,5.05,5.86,0.81,True
WACTAV,Ru,4.77,5.95,1.18,False
WACYEI,Cu,1.37,5.14,3.77,False
WACYIM,Cu,1.28,6.59,5.31,False
WADKUK,Ni,8.32,8.21,0.11,True
WADSAV,Mo,0.5,2.35,1.85,False
WADTIF,Ru,5.79,6.09,0.3,True
WADZIL,Zn,5.5,6.03,0.53,True
WAFGOD,V,0.39,1.22,0.83,True
WAFWAF,Fe,0.72,4.66,3.94,False
WAFWEJ,Fe,0.85,1.84,0.99,True
WAFYUY,Rh,0.34,5.75,5.41,False
WAFZEI,W,0.89,6.0,5.11,False
WAFZEI10,W,0.89,6.0,5.11,False
WAGLOF,Ir,5.4,6.06,0.66,True
WAGLOI,Co,0.94,0.95,0.01,True
WAGLUL,Ir,5.86,5.96,0.1,True
WAGPOJ,Zn,1.33,5.27,3.94,False
WAGPOJ01,Zn,0.72,1.71,0.99,True
WAGRED,Fe,0.62,1.02,0.4,True
WAHHIA,Mo,0.07,0.94,0.87,True
WAHHOG,W,5.2,5.85,0.65,True
WAHJIB,Hg,1.1,4.67,3.57,False
WAHVOR,Cu,4.36,5.51,1.15,False
WAHYOX,Cu,0.29,0.82,0.53,True
WAJDER,Cu,0.49,0.53,0.04,True
WAJGUL,Fe,0.75,5.86,5.11,False
WAJHAS,Fe,1.78,4.75,2.97,False
WAJQIJ,Cu,5.83,9.36,3.53,False
WAJTAF,Co,0.8,5.98,5.18,False
WAJWEN,W,0.15,1.59,1.44,False
WAJWOX,Co,5.36,5.7,0.34,True
WAKGUK,Os,9.04,8.69,0.35,True
WAKJID,Co,1.35,5.32,3.97,False
WAKJID01,Co,5.31,6.58,1.27,False
WAKLAY,Cd,4.92,5.05,0.13,True
WAKMOO,Fe,1.12,1.83,0.71,True
WAKYIR,Cu,1.12,5.18,4.06,False
WALLAA,Sc,2.78,6.63,3.85,False
WALMAB,Sc,1.23,5.94,4.71,False
WALZOY,Tc,0.28,2.29,2.01,False
WALZUE,Tc,4.55,9.09,4.54,False
WAMMIG,Cu,0.36,0.74,0.38,True
WAMQIO,Fe,5.88,5.91,0.03,True
WAMSAG,Cr,0.27,1.02,0.75,True
WAMWIQ,Ni,6.46,10.21,3.75,False
WAMXAM,Zn,4.76,5.86,1.1,False
WAMXEQ,Zn,0.39,0.77,0.38,True
WANHIG,Co,0.98,1.57,0.59,True
WANHOM,Co,0.41,0.63,0.22,True
WANZAQ,Fe,5.38,5.47,0.09,True
WAPFOM,Cu,2.27,2.53,0.26,True
WAPJII,Re,0.3,1.23,0.93,True
WAPJOM,Ti,1.53,8.47,6.94,False
WAPKEE,Cd,2.17,8.68,6.51,False
WAPMEH,Ni,0.94,4.6,3.66,False
WAPQUC,Zn,0.5,0.8,0.3,True
WAPRUD,Co,0.45,0.72,0.27,True
WAPXAQ,Cd,0.55,3.41,2.86,False
WAPZEV,Hf,7.45,9.63,2.18,False
WAQDUR,Cu,7.57,4.52,3.05,False
WAQKII,Cr,5.61,5.87,0.26,True
WAQKOO,W,0.05,1.11,1.06,False
WAQMOQ,Ti,5.12,5.9,0.78,True
WAQPIR,Cu,10.21,14.95,4.74,False
WAQQUE,Cu,0.43,0.84,0.41,True
WAQXAP,Rh,5.09,5.17,0.08,True
WARBUP,Os,0.48,1.84,1.36,False
WARDEZ,Mo,0.13,1.42,1.29,False
WARTIT,Cu,0.44,4.08,3.64,False
WARZIZ,Ag,3.82,5.3,1.48,False
WASCAX,Cd,2.56,2.68,0.12,True
WASDOM,Mn,0.51,0.65,0.14,True
WASVAR,Fe,4.74,5.53,0.79,True
WASYUO,Co,0.85,4.65,3.8,False
WASZAV,Co,0.74,4.59,3.85,False
WASZIZ,Fe,0.39,1.3,0.91,True
WATDUQ,Zn,4.64,9.61,4.97,False
WAVBUS,Zn,4.65,7.76,3.11,False
WAVFEG,W,5.58,5.82,0.24,True
WAVGAB,Tc,0.58,0.67,0.09,True
WAVLOW,Ru,5.81,6.56,0.75,True
WAVLUA,Zn,0.26,0.68,0.42,True
WAVRAM,Os,7.16,5.72,1.44,False
WAVSEU,Ti,4.7,5.45,0.75,True
WAVVOF,Re,0.15,5.64,5.49,False
WAVVUL,Re,0.09,5.41,5.32,False
WAWKAH,Cu,4.68,6.35,1.67,False
WAWKOV,V,0.8,1.06,0.26,True
WAWMAK,Ru,9.11,13.63,4.52,False
WAWNAN,Zn,6.58,6.95,0.37,True
WAWRUJ,Cu,0.62,0.64,0.02,True
WAWSAQ,Cu,4.59,5.71,1.12,False
WAXGOV,Co,0.5,1.85,1.35,False
WAXHUA,Hg,4.07,6.52,2.45,False
WAXNIS,Ti,2.91,4.01,1.1,False
WAXXOK,Fe,0.19,3.58,3.39,False
WAYFAF,Ni,1.42,4.52,3.1,False
WAYKOZ,Ru,0.51,1.17,0.66,True
WAYPAQ,Zn,7.87,11.62,3.75,False
WAYPEU,Zn,10.63,13.51,2.88,False
WEBHES,Fe,0.35,0.38,0.03,True
WEBLAU,Cu,9.31,9.62,0.31,True
WEBYEK,Cu,3.96,8.09,4.13,False
WECCEP,Cu,0.51,0.69,0.18,True
WECNOH,Ir,9.16,11.03,1.87,False
WECSOQ,Fe,3.85,7.08,3.23,False
WECYOW,Co,0.73,5.88,5.15,False
WEDMID,Cu,8.41,8.85,0.44,True
WEDMOJ,Cu,0.47,6.31,5.84,False
WEDMUN,Re,5.68,5.81,0.13,True
WEDMUP,Cu,8.84,8.13,0.71,True
WEDTOP,Cu,4.41,5.32,0.91,True
WEFCOC,Cu,0.73,6.4,5.67,False
WEFGAP,V,0.19,1.5,1.31,False
WEFGIA,V,0.27,1.29,1.02,False
WEFREF,Hg,1.52,2.26,0.74,True
WEGJIC,Fe,4.74,5.74,1.0,False
WEGRUW,Cu,6.9,8.67,1.77,False
WEHHOG,Ru,8.54,11.49,2.95,False
WEHJAX,Zn,0.67,2.01,1.34,False
WEHJEB,Zn,0.84,4.6,3.76,False
WEJBAQ,Ru,4.64,9.26,4.62,False
WEJMEF,Ru,0.12,1.62,1.5,False
WEJMIJ,Ru,0.12,1.62,1.5,False
WEJMOP,Ru,6.07,6.19,0.12,True
WEJMOP01,Ru,5.8,5.95,0.15,True
WEJYIV,Cu,4.73,5.87,1.14,False
WEKNIL,Cu,0.38,0.9,0.52,True
WEKTEN,Y,0.74,5.53,4.79,False
WEKVUF,Zn,0.39,1.05,0.66,True
WELBIZ,Ni,8.34,6.64,1.7,False
WELFOI,Mo,5.29,5.96,0.67,True
WELFUS,Fe,5.56,6.5,0.94,True
WELRAH,Ni,0.66,2.37,1.71,False
WELREL,Ni,0.41,6.03,5.62,False
WELRIP,Co,0.4,1.0,0.6,True
WELRUB,Ni,11.03,9.08,1.95,False
WEMKUU,Re,5.07,6.15,1.08,False
WEMLOT,Co,0.64,5.01,4.37,False
WEMQAG01,Cu,9.03,6.12,2.91,False
WEMQAG02,Cu,6.67,10.52,3.85,False
WEMSIU,Zn,0.92,6.48,5.56,False
WEMSOA,Cu,1.11,5.08,3.97,False
WEMWAO,Fe,0.71,6.3,5.59,False
WEMWIW,Fe,5.58,5.7,0.12,True
WEMXAP,Zn,0.17,0.72,0.55,True
WEMYIY,W,8.03,5.96,2.07,False
WENHEE,Cu,0.31,4.1,3.79,False
WENHUU,Cu,0.48,6.35,5.87,False
WENPIO,Zn,0.61,6.64,6.03,False
WENPIR,Mn,0.73,4.61,3.88,False
WENTUE,Zn,8.6,8.3,0.3,True
WENVUI,Fe,5.6,6.18,0.58,True
WENWAP,Fe,0.96,1.45,0.49,True
WEPGAB,Ir,5.55,5.94,0.39,True
WEPHIL,Ru,5.79,5.86,0.07,True
WEPPIR,Cu,0.38,5.57,5.19,False
WEPQIU,Zn,0.71,4.82,4.11,False
WEPSET,Cu,12.26,10.21,2.05,False
WEPVIZ,Zn,9.92,12.4,2.48,False
WEQHAE,Cu,0.89,5.53,4.64,False
WEQJIL,Cu,0.94,1.9,0.96,True
WEQLAF,Zr,1.25,6.53,5.28,False
WEQLEJ,Zr,0.57,1.67,1.1,False
WEQZIC,Cu,5.23,6.45,1.22,False
WERHUZ,Mn,5.87,6.99,1.12,False
WERLOV,Zn,0.23,0.68,0.45,True
WERMEM,Fe,7.55,14.79,7.24,False
WESCOQ,Cd,1.8,4.14,2.34,False
WESMEP,Cu,0.9,2.17,1.27,False
WESMIT,Cu,2.39,3.53,1.14,False
WESPEQ,Mo,0.01,1.08,1.07,False
WESPUF,Cd,10.25,20.96,10.71,False
WESSEW,V,0.74,2.65,1.91,False
WETGOS,Ni,0.46,6.32,5.86,False
WEVFAF,Ti,5.81,6.3,0.49,True
WEVGOU,Zn,6.26,7.46,1.2,False
WEVGUA,Co,5.12,5.27,0.15,True
WEVHAH,Co,11.85,9.53,2.32,False
WEVMET,Cu,3.91,6.31,2.4,False
WEVQEW,Fe,0.76,1.37,0.61,True
WEVQOG,Fe,5.44,6.08,0.64,True
WEVSAU,Zn,0.69,1.42,0.73,True
WEVSEY,Zn,0.8,1.72,0.92,True
WEVWUT,Fe,4.56,6.46,1.9,False
WEVYAX,Cu,5.94,7.25,1.31,False
WEWJIS,Cu,5.04,6.14,1.1,False
WEWJOY,Cu,5.71,8.94,3.23,False
WEWKAK,Zn,4.17,5.3,1.13,False
WEWKAL,Cu,0.52,2.67,2.15,False
WEWKOZ,Cu,0.35,5.29,4.94,False
WEWKUF,Cu,0.42,4.23,3.81,False
WEWTAU,Cu,0.43,6.13,5.7,False
WEWWEB,Cu,5.4,6.4,1.0,False
WEYKIY,Co,5.35,6.74,1.39,False
WEYLIX,Co,0.23,1.0,0.77,True
WEYMAS,Cr,5.41,6.06,0.65,True
WEYQIC,Co,0.56,5.94,5.38,False
WEZNEU,Tc,4.18,5.18,1.0,False
WEZVAY,Cr,0.09,1.25,1.16,False
WEZYIJ01,Cu,0.41,0.41,0.0,True
WEZYIJ02,Cu,0.41,0.42,0.01,True
WIBHOH,Zr,0.95,1.09,0.14,True
WIBLIG,Cu,4.79,5.66,0.87,True
WIBLOM,Cu,4.8,6.7,1.9,False
WIBTOS,Fe,0.05,1.34,1.29,False
WIBTUW,Zn,0.62,5.66,5.04,False
WICGAU,Ru,0.54,1.5,0.96,True
WICRUX,Ir,0.38,0.67,0.29,True
WICSAE,Ir,0.94,4.62,3.68,False
WIDHOH,W,3.66,6.43,2.77,False
WIDHOI,Os,0.53,0.96,0.43,True
WIDJEZ,W,1.02,4.86,3.84,False
WIDPOO,V,5.36,5.82,0.46,True
WIDPUU,V,5.37,5.77,0.4,True
WIFJOK,Cu,4.4,6.41,2.01,False
WIFMIL,Co,0.72,5.18,4.46,False
WIFPEG,Cr,0.55,1.45,0.9,True
WIFZIY,V,4.9,5.68,0.78,True
WIGDEZ,Ta,5.1,5.14,0.04,True
WIGJII,Cu,0.22,0.89,0.67,True
WIGXUI,Co,0.83,5.26,4.43,False
WIHRAG,Rh,7.52,7.88,0.36,True
WIHTIR,Cu,9.55,8.37,1.18,False
WIHTIR01,Cu,6.72,10.12,3.4,False
WIHTUC,Mo,5.08,5.86,0.78,True
WIHVOZ,W,3.72,6.25,2.53,False
WIHZIZ,Cu,4.57,5.9,1.33,False
WIJCAU,Ru,0.6,0.9,0.3,True
WIJGIG,Zn,5.15,6.45,1.3,False
WIJHEG,Cu,0.22,0.45,0.23,True
WIJHUS,Co,5.32,5.94,0.62,True
WIJJAA,Co,4.65,5.65,1.0,False
WIJJEH,Ru,5.24,5.96,0.72,True
WIJKAE,Fe,3.9,5.43,1.53,False
WIJKEI,Fe,4.83,5.13,0.3,True
WIJVOC,Cu,5.47,10.44,4.97,False
WIJZEV,Zn,4.91,5.81,0.9,True
WIKCAW,Zr,0.92,6.16,5.24,False
WIKDOL,Cu,4.86,5.72,0.86,True
WILQUF,Zn,0.69,6.18,5.49,False
WILVAR,Zn,6.96,6.74,0.22,True
WIMBOL,Y,4.62,6.84,2.22,False
WIMCED,Zn,0.48,0.69,0.21,True
WIMVEU,Mn,8.45,7.37,1.08,False
WINFEF,Zn,0.7,6.27,5.57,False
WIPHIQ,Cu,9.58,9.73,0.15,True
WIPHUC,Cu,0.37,0.87,0.5,True
WIPPOA,Cu,7.05,9.32,2.27,False
WIQKEM,Cu,4.67,5.7,1.03,False
WIQPUL,Co,0.83,1.53,0.7,True
WIQRUN,Co,0.73,4.45,3.72,False
WIRCUX,Zn,9.6,10.0,0.4,True
WIRFIP,Zn,2.88,4.9,2.02,False
WIRJUC,Cu,0.23,0.96,0.73,True
WIRLUH,Zn,4.85,5.79,0.94,True
WIRQIX,Ni,0.38,5.44,5.06,False
WIRQUN,Co,5.78,6.46,0.68,True
WIRSIC,W,0.2,1.16,0.96,True
WIRTUP,W,0.61,0.98,0.37,True
WISDOV,Ru,0.62,1.4,0.78,True
WISJER,Ti,6.9,7.84,0.94,True
WISKOB,Fe,0.34,5.72,5.38,False
WISNET,Zn,0.54,1.26,0.72,True
WITBAF,Co,0.64,5.86,5.22,False
WITBIN,Cu,1.11,5.14,4.03,False
WITBOT,Mn,1.1,1.45,0.35,True
WITCIL,Cu,0.51,0.73,0.22,True
WITCOR,Zn,4.46,5.7,1.24,False
WITYUX,Fe,4.82,5.51,0.69,True
WITZAE,Fe,5.61,5.75,0.14,True
WIVBEL,Cu,4.46,5.86,1.4,False
WIVDEK,Re,4.69,6.22,1.53,False
WIVFIT,Cu,0.36,5.89,5.53,False
WIVKUK,Ni,0.74,4.31,3.57,False
WIVPOH,Cu,7.28,6.14,1.14,False
WIVQIC,Co,5.62,11.46,5.84,False
WIVQOI,Ni,5.54,7.84,2.3,False
WIVWOO,Mo,4.57,5.65,1.08,False
WIVYAE,Ti,5.8,6.08,0.28,True
WIWBAG,Cu,0.48,0.86,0.38,True
WIWJOD,Co,0.99,1.6,0.61,True
WIWKUL,Zr,5.7,11.99,6.29,False
WIXBEK,Ir,0.39,0.57,0.18,True
WIXBIO,Ir,0.18,0.59,0.41,True
WIXDEN,Ru,0.25,1.17,0.92,True
WIXKET,Cu,5.38,10.41,5.03,False
WIXKIX,Cu,0.3,5.86,5.56,False
WIXLIZ,Sc,0.66,5.44,4.78,False
WIXLUK,Fe,0.34,5.59,5.25,False
WIXLUL,Y,0.95,7.5,6.55,False
WIXMAS,Sc,0.68,5.4,4.72,False
WIXMEX,Ir,5.3,6.11,0.81,True
WIXZEK,Cu,0.47,0.8,0.33,True
WIYBOV,Cu,5.24,6.47,1.23,False
WIYCUC,Cu,8.02,14.9,6.88,False
WIYHIX,Co,1.28,3.26,1.98,False
WIYHOD,Co,0.32,0.72,0.4,True
WIYLUP,Cu,8.99,8.35,0.64,True
WIYQEA,W,0.55,1.85,1.3,False
WIYSII,Fe,0.55,1.06,0.51,True
WIYVIN,Ru,6.12,6.25,0.13,True
WIYVOT,Ru,5.94,6.04,0.1,True
WIYZUA,Ru,0.11,1.5,1.39,False
WIZDUF,Cu,4.24,4.91,0.67,True
WIZFIV,Cu,0.25,6.27,6.02,False
WIZHIW,Ru,0.44,1.01,0.57,True
WIZHUK,Cu,10.18,13.86,3.68,False
WIZLAU,Ni,2.64,8.79,6.15,False
WIZMUR,Mo,4.71,7.66,2.95,False
WOBFUO,Cu,4.97,6.13,1.16,False
WOBPIP,Ir,5.78,6.17,0.39,True
WOBWAP,Cd,0.65,1.59,0.94,True
WOCNAD,Cd,4.63,6.14,1.51,False
WOCQOY,Fe,0.86,6.01,5.15,False
WODCEX,Cu,0.52,0.8,0.28,True
WODCOJ01,Pd,2.59,5.24,2.65,False
WODFUS,Zn,5.27,6.47,1.2,False
WODGAZ,Zn,0.82,6.37,5.55,False
WODGED,Zn,1.31,5.21,3.9,False
WODNAG,Zr,0.42,1.5,1.08,False
WODNEK,Zr,0.41,1.02,0.61,True
WODYEV,Cu,0.2,1.29,1.09,False
WODYEV01,Cu,0.2,1.3,1.1,False
WOFBEZ,Ru,4.99,5.86,0.87,True
WOFPAK,Mo,5.02,5.44,0.42,True
WOFPEO,W,5.0,5.41,0.41,True
WOFRUH,Mn,0.01,5.34,5.33,False
WOFSAO,Mn,0.12,1.27,1.15,False
WOFWEU,Pd,6.74,7.31,0.57,True
WOFYEX,Cu,9.55,11.41,1.86,False
WOGBUQ,V,5.33,5.76,0.43,True
WOGCAX,V,0.38,1.13,0.75,True
WOGCIF,V,0.3,5.68,5.38,False
WOGFEF,Cd,5.28,7.31,2.03,False
WOGMIR,Mn,0.12,5.58,5.46,False
WOGTOB,Rh,5.39,5.65,0.26,True
WOGZAV,Co,4.7,5.28,0.58,True
WOGZAV02,Co,5.3,5.39,0.09,True
WOHKAF,Ir,10.75,11.51,0.76,True
WOHRUI,Cu,8.65,10.39,1.74,False
WOHSIY,Cu,0.47,5.15,4.68,False
WOHSOE,Cu,0.5,5.13,4.63,False
WOHSUL,V,4.97,5.97,1.0,False
WOHXOG,Re,4.85,5.48,0.63,True
WOHXOH,Ir,1.02,1.81,0.79,True
WOJFEI,Ru,6.02,6.36,0.34,True
WOJJIR,Ru,5.92,5.94,0.02,True
WOJJOU,Cu,5.3,6.61,1.31,False
WOJKOW,Cu,5.08,5.96,0.88,True
WOKDOP,Zr,5.71,5.71,0.0,True
WOKGIP,Co,0.54,6.04,5.5,False
WOKRAQ,Co,0.5,5.86,5.36,False
WOKREU,Co,0.48,5.87,5.39,False
WOKYEB,Co,7.53,7.44,0.09,True
WOKYOL,Co,4.87,11.41,6.54,False
WOKYUR,Ru,5.53,5.71,0.18,True
WOLKUG,Cd,0.88,6.41,5.53,False
WOLQUK,Co,3.93,4.38,0.45,True
WOLTIA,V,0.75,6.45,5.7,False
WOLTUM,V,1.04,4.88,3.84,False
WOMHOW,Cu,4.94,6.55,1.61,False
WOMHUC,Cu,5.14,5.51,0.37,True
WOMREY,Pd,4.76,6.03,1.27,False
WOMSOH,Ir,5.16,5.47,0.31,True
WOMZIH,Cu,0.39,1.27,0.88,True
WOMZON,Cu,0.69,1.63,0.94,True
WONHOZ,Sc,5.04,8.02,2.98,False
WONHUF,Sc,3.43,5.91,2.48,False
WONLIW,Cu,5.08,6.49,1.41,False
WONQID,Zn,0.27,6.28,6.01,False
WONRAT,Cu,0.34,5.52,5.18,False
WONREX,Cu,0.33,5.88,5.55,False
WONXUS,Cu,6.43,16.34,9.91,False
WONYAB,Fe,7.71,4.33,3.38,False
WONZAD,Cu,6.66,14.23,7.57,False
WOPGAK,Mn,0.06,1.28,1.22,False
WOPGIS,Mn,5.01,5.64,0.63,True
WOPLIW,Mo,2.3,3.52,1.22,False
WOPMEU,Ti,0.29,1.64,1.35,False
WOPSID,V,0.43,5.47,5.04,False
WOPSOJ,V,5.41,5.72,0.31,True
WOPTAX,Cu,4.91,6.29,1.38,False
WOPTOL,Co,0.45,5.86,5.41,False
WOPWIL,Cu,0.66,5.13,4.47,False
WOQMOF,Ag,1.64,6.93,5.29,False
WORBEK,Zr,1.16,3.58,2.42,False
WORVAD,Cu,0.19,5.67,5.48,False
WORZOV,V,0.31,0.45,0.14,True
WOSLOH,Cu,0.73,1.25,0.52,True
WOSREB,Cu,0.5,4.35,3.85,False
WOSZUZ,Co,6.48,8.2,1.72,False
WOTDEQ,Cu,6.66,5.77,0.89,True
WOTFAQ,Fe,0.9,4.95,4.05,False
WOTHAR,Cu,0.66,6.22,5.56,False
WOTHIZ,Cu,0.34,4.52,4.18,False
WOTQAZ,Mn,4.14,8.95,4.81,False
WOTREF,Zn,4.19,5.5,1.31,False
WOTRUU,Mn,1.13,1.82,0.69,True
WOTTII,V,0.25,1.06,0.81,True
WOTYOX,Cu,5.35,5.52,0.17,True
WOVDIW,Cu,5.63,6.01,0.38,True
WOVMOM,Co,7.77,8.7,0.93,True
WOVMUS,Co,1.69,6.81,5.12,False
WOVWIP,Cd,5.51,7.32,1.81,False
WOVWOV,Hg,2.27,4.67,2.4,False
WOVWUB,Zn,0.72,6.19,5.47,False
WOVYAJ,Ni,9.9,15.31,5.41,False
WOVYEN,Ni,8.52,11.51,2.99,False
WOVYIR,Ni,7.6,15.23,7.63,False
WOWGEY,Ir,5.75,5.88,0.13,True
WOWTUX,Tc,0.1,1.24,1.14,False
WOWVAF,Tc,0.13,5.83,5.7,False
WOWVEJ,Tc,0.11,4.86,4.75,False
WOYPAD,Cd,0.5,1.47,0.97,True
WOZDIB,Au,1.39,4.98,3.59,False
WOZLUV,V,4.03,5.65,1.62,False
WOZMIL,Zn,7.55,11.43,3.88,False
WOZNIK,Cu,4.73,6.15,1.42,False
WOZQIL,Nb,0.43,3.59,3.16,False
WOZYUH,Ru,0.31,1.86,1.55,False
WUBFAD,Ru,0.8,6.46,5.66,False
WUBFEH,Ru,1.26,4.69,3.43,False
WUBFIL,Ru,4.35,6.85,2.5,False
WUBGEI,Ni,8.66,5.85,2.81,False
WUBKUB,Hf,0.47,5.96,5.49,False
WUBMOY,Cu,5.21,7.33,2.12,False
WUBNAL,Cu,0.19,6.05,5.86,False
WUBNEM,W,5.39,5.98,0.59,True
WUBNEM01,W,5.41,5.97,0.56,True
WUBROA,Zn,0.47,5.51,5.04,False
WUBSEV,Fe,0.43,4.31,3.88,False
WUBTAO,Zr,7.12,10.27,3.15,False
WUBTIW,Zr,7.46,4.57,2.89,False
WUBTOC,Zr,6.08,11.17,5.09,False
WUBVOE,Zr,7.85,5.04,2.81,False
WUCFEF,Ni,13.4,17.06,3.66,False
WUCGOQ,Zn,0.29,0.97,0.68,True
WUDKUD,Co,0.24,5.87,5.63,False
WUDMAJ,Zn,7.18,10.61,3.43,False
WUDMIU,Ti,0.73,1.85,1.12,False
WUDTIC,Zn,1.28,3.39,2.11,False
WUFFAF,Mn,0.38,5.04,4.66,False
WUFLIU,Cu,4.91,5.86,0.95,True
WUFSIA,Pt,3.18,4.39,1.21,False
WUFTAT,Pt,4.7,5.8,1.1,False
WUFTEX,Pd,0.49,4.68,4.19,False
WUGBEJ,Cu,4.98,6.47,1.49,False
WUGKIW,Cu,5.33,6.58,1.25,False
WUGLAM,Zn,0.81,0.98,0.17,True
WUGLEQ,Zn,0.79,1.06,0.27,True
WUGPAR,Mo,0.25,1.59,1.34,False
WUGSUN,Ti,0.24,0.96,0.72,True
WUGTAU,Ti,0.23,1.12,0.89,True
WUGTIB,Co,0.72,1.75,1.03,False
WUGVEZ,Ta,0.4,1.73,1.33,False
WUHGOV,Ni,9.63,8.06,1.57,False
WUHGUB,Ni,12.66,9.36,3.3,False
WUHRUM,Cu,5.16,7.53,2.37,False
WUHVAA,Cu,9.73,7.22,2.51,False
WUHVIF,Cu,4.99,6.27,1.28,False
WUHXAY01,Cu,3.97,4.54,0.57,True
WUHXAY02,Cu,4.82,5.78,0.96,True
WUHYEH,Cu,9.38,10.98,1.6,False
WUJKAP,Zn,0.45,0.91,0.46,True
WUJTAY,Ru,6.51,6.77,0.26,True
WUJVUU,Cu,11.85,11.06,0.79,True
WUKDOV,Cr,0.3,0.57,0.27,True
WUKKAO,Cu,5.19,6.28,1.09,False
WUKKES,Cu,9.75,13.41,3.66,False
WUKLEU,Cu,0.6,1.02,0.42,True
WULTII,Ni,4.95,5.54,0.59,True
WUMFAL,Cu,0.13,5.72,5.59,False
WUMLAR,Ir,1.0,2.25,1.25,False
WUMPOL,Fe,4.88,5.42,0.54,True
WUMQOM,Fe,5.17,5.83,0.66,True
WUMQUS,Fe,8.23,11.66,3.43,False
WUMRII,Ru,5.33,8.09,2.76,False
WUNCAK,Cr,1.75,4.67,2.92,False
WUNCEO,Cr,4.28,4.53,0.25,True
WUNJAS,Cu,0.97,4.42,3.45,False
WUNKAV,Fe,1.17,7.0,5.83,False
WUNWUB,Zn,0.88,1.04,0.16,True
WUNWUZ,Cu,3.78,5.32,1.54,False
WUPHIA,Rh,8.01,8.95,0.94,True
WUPHOG,Rh,6.15,6.86,0.71,True
WUPWEN,Cu,1.37,5.18,3.81,False
WUPWOU,Ni,0.35,1.31,0.96,True
WUPXEK,Zn,0.72,1.74,1.02,False
WUQBAN,Fe,4.74,6.65,1.91,False
WUQBER,Fe,3.75,6.64,2.89,False
WUQJIC,Zn,4.39,5.87,1.48,False
WUQMAW,Cu,4.8,6.07,1.27,False
WUQQIK,Ru,5.52,5.81,0.29,True
WUQQOQ,Ru,5.64,5.9,0.26,True
WURDET,Cu,4.77,6.14,1.37,False
WURNEF,Ti,1.7,5.72,4.02,False
WURREI,Cu,0.44,0.72,0.28,True
WURYEP,Cu,5.14,6.16,1.02,False
WURZUF,Ru,2.99,9.67,6.68,False
WUSFUL,Mo,5.31,5.64,0.33,True
WUSGOG,Ni,0.22,5.96,5.74,False
WUSNAB,Ir,6.44,8.64,2.2,False
WUSNEF,Ir,8.77,14.32,5.55,False
WUSQAE,Ru,5.43,6.17,0.74,True
WUSXUH,W,0.7,4.46,3.76,False
WUSYAL,Fe,0.44,6.0,5.56,False
WUSYIT,Zn,0.4,6.33,5.93,False
WUSYUE,Ru,4.97,6.07,1.1,False
WUVMAE,Fe,0.38,4.86,4.48,False
WUVPAE,Zn,8.54,19.35,10.81,False
WUVZAQ,Co,0.48,5.23,4.75,False
WUWKEG,Zr,8.38,10.68,2.3,False
WUWQOU,Co,0.76,5.86,5.1,False
WUWQOW,Nb,4.86,5.14,0.28,True
WUWQUA,Co,0.61,1.1,0.49,True
WUWZIY,Cu,4.85,6.28,1.43,False
WUWZOE,Cu,4.23,5.61,1.38,False
WUXBEX,Cu,5.25,8.59,3.34,False
WUXQIS,Hf,4.74,5.93,1.19,False
WUYFUT,Ru,6.08,6.12,0.04,True
WUYGIG,Cu,1.77,4.49,2.72,False
WUYGOM,Cu,4.49,5.69,1.2,False
WUYPUE,Co,0.36,5.24,4.88,False
WUYQAL,Co,0.37,5.1,4.73,False
WUYRUH,Co,0.66,5.45,4.79,False
WUZFIK,Zn,5.5,7.74,2.24,False
WUZFOQ,Zn,1.28,5.55,4.27,False
WUZFUW,Zn,1.31,5.57,4.26,False
WUZGAD,Zn,5.35,5.6,0.25,True
WUZGEH,Zn,5.43,7.66,2.23,False
WUZGIL,Zn,5.65,5.66,0.01,True
WUZGOR,Zn,5.54,5.62,0.08,True
WUZGUX,Zn,1.46,5.61,4.15,False
WUZJIK,Sc,0.99,6.64,5.65,False
WUZMUC,Cu,5.55,13.57,8.02,False
WUZNAJ,Cu,10.19,7.2,2.99,False
WUZNEN,Zn,0.73,6.24,5.51,False
WUZQER,Co,0.55,0.63,0.08,True
WUZQUE,Ni,11.86,14.16,2.3,False
WUZXEV,Cu,4.72,5.72,1.0,False
WUZXIC,Re,5.19,5.93,0.74,True
XABCIO,Cu,0.44,0.89,0.45,True
XABHAN,Fe,0.54,1.58,1.04,False
XABHIV,Fe,0.52,1.7,1.18,False
XABNAQ,Cu,8.29,14.65,6.36,False
XABSUT,Zn,0.72,1.56,0.84,True
XACDIR,Co,4.73,5.25,0.52,True
XACGUD,Zn,0.34,5.71,5.37,False
XACHAN,Ti,0.42,0.95,0.53,True
XACHOZ,Cu,0.29,1.4,1.11,False
XACHUF,Cu,4.84,5.83,0.99,True
XACQAV,Ir,5.57,6.36,0.79,True
XADBAH,Ru,5.57,5.72,0.15,True
XADBEL,Ru,0.28,1.58,1.3,False
XADBIP,Ru,5.59,6.02,0.43,True
XADBOV,Ru,5.37,5.7,0.33,True
XADCAI,Ru,0.23,1.87,1.64,False
XADCIO,Cr,5.61,5.98,0.37,True
XADHOA,Cu,0.89,1.14,0.25,True
XADNEX,Zn,0.83,3.32,2.49,False
XADNIB,Cu,5.2,6.54,1.34,False
XADSUT,Cu,4.57,5.69,1.12,False
XADXOP,V,0.11,3.68,3.57,False
XADYAC,V,0.24,1.59,1.35,False
XADYAC01,V,0.23,5.79,5.56,False
XADYOQ,V,0.28,5.53,5.25,False
XADYUW,V,0.29,5.5,5.21,False
XADZAD,V,0.25,5.48,5.23,False
XADZEH,V,0.26,5.58,5.32,False
XAFDEN,Cu,5.21,6.04,0.83,True
XAFFUF,Cu,0.37,5.85,5.48,False
XAFGAM,Ru,0.51,1.79,1.28,False
XAFKUL,Cu,7.34,3.93,3.41,False
XAFKUO,Rh,5.07,5.9,0.83,True
XAGBAI,Fe,4.28,5.67,1.39,False
XAGHAP,Cu,4.12,5.48,1.36,False
XAGJEY,Cu,6.53,10.48,3.95,False
XAGNUQ,Cu,0.71,4.53,3.82,False
XAGPOM,Cu,4.3,6.3,2.0,False
XAGTIL,Ni,4.38,4.8,0.42,True
XAGYEJ,Re,0.31,5.72,5.41,False
XAHHAT,V,1.3,1.35,0.05,True
XAHJAU,V,7.55,13.92,6.37,False
XAHJUM,Ru,5.57,5.66,0.09,True
XAHKEA,V,1.3,1.48,0.18,True
XAHLEY,Mn,2.25,4.92,2.67,False
XAHQAZ,Cu,0.56,5.0,4.44,False
XAHRED,Re,0.26,0.48,0.22,True
XAHRIH,Re,0.25,5.41,5.16,False
XAHRON,Re,0.26,0.5,0.24,True
XAHRUT,Re,0.26,5.48,5.22,False
XAHRUW,Zn,0.44,5.38,4.94,False
XAHSAA,Re,0.3,5.78,5.48,False
XAHSEE,Re,0.31,5.37,5.06,False
XAHSII,Re,0.31,5.44,5.13,False
XAHXUC,Cu,4.17,4.58,0.41,True
XAHYAJ,Cu,1.15,5.52,4.37,False
XAJDIA,Mo,4.88,6.83,1.95,False
XAJKOI,Cu,1.24,6.35,5.11,False
XAJNIK,Cu,0.62,1.27,0.65,True
XAJYUD,Cu,5.51,11.24,5.73,False
XAJZEN,Re,0.49,0.82,0.33,True
XAJZIR,Re,5.05,5.63,0.58,True
XAJZOX,Re,4.86,5.62,0.76,True
XAJZUD,Cu,5.32,6.18,0.86,True
XAKBUG,Os,0.65,6.45,5.8,False
XAKGEY,Co,1.14,4.86,3.72,False
XAKGUN,Cu,0.24,0.66,0.42,True
XAKROT,Cu,12.72,11.67,1.05,False
XALFOF,Ru,0.11,1.76,1.65,False
XALFUL,Ru,0.18,1.18,1.0,False
XALGAS,Ru,4.87,5.05,0.18,True
XALGIE,Mn,11.87,18.8,6.93,False
XALHAX,Mn,0.36,6.04,5.68,False
XALJAV,W,5.23,5.9,0.67,True
XALJID,Cr,5.24,5.72,0.48,True
XALJIE,Zn,4.47,5.39,0.92,True
XALKAW,Zr,0.69,1.75,1.06,False
XALQUY,V,6.87,15.38,8.51,False
XALTEJ,Zn,0.72,5.58,4.86,False
XALWEP,Cu,8.66,8.21,0.45,True
XALZOC,Re,6.27,6.43,0.16,True
XAMCIB,W,0.71,6.01,5.3,False
XAMGIF,Ru,5.3,6.07,0.77,True
XAMJAA,Os,6.2,6.29,0.09,True
XAMMUT,Ti,0.09,5.29,5.2,False
XAMPIK,Ta,5.79,6.49,0.7,True
XAMPOQ,Ta,3.18,6.65,3.47,False
XAMPUW,Ta,3.19,5.99,2.8,False
XAMVIQ,Cu,0.81,3.01,2.2,False
XAMVOW,Cu,2.38,4.2,1.82,False
XANCAR,Zn,5.0,5.86,0.86,True
XANJOL,W,6.2,3.97,2.23,False
XANKAY,W,5.69,13.0,7.31,False
XANLIH,Os,6.88,7.02,0.14,True
XANLUT,Ru,5.1,5.15,0.05,True
XANWER,Fe,0.83,1.9,1.07,False
XANYIX,Co,0.79,1.89,1.1,False
XANYOD,Co,0.7,5.19,4.49,False
XAPSIQ,Os,0.76,5.5,4.74,False
XAPVIU,V,5.43,5.89,0.46,True
XAPYUK,Cu,4.94,6.27,1.33,False
XAPZAR,Cu,4.25,5.87,1.62,False
XAPZAR02,Cu,0.71,6.48,5.77,False
XAPZOD,Fe,0.38,5.66,5.28,False
XAQBAS,Fe,0.42,1.23,0.81,True
XAQCAT,Fe,0.61,1.2,0.59,True
XAQDOM,Ru,7.1,8.71,1.61,False
XAQDUS,Ru,8.1,10.13,2.03,False
XAQFAA,Ru,7.0,9.07,2.07,False
XAQMIP,Cu,5.47,5.96,0.49,True
XAQPAG,Pt,0.16,1.12,0.96,True
XAQPEO,Cu,0.91,1.33,0.42,True
XAQRUC,Ta,11.78,11.72,0.06,True
XARFOP,Zn,0.57,4.66,4.09,False
XARNIQ,Ti,1.22,1.65,0.43,True
XARTIT,Mn,5.02,6.04,1.02,False
XARWUL,Ni,4.49,5.37,0.88,True
XARXAS,Ni,0.15,1.25,1.1,False
XASBEC,Re,0.41,0.65,0.24,True
XASFOP,Cu,1.3,4.59,3.29,False
XASGUU,Cu,4.4,5.79,1.39,False
XATDAZ,Ru,1.96,6.97,5.01,False
XATFED,Re,5.95,6.32,0.37,True
XATHIL,Ru,0.56,1.35,0.79,True
XATHIL01,Ru,0.56,1.34,0.78,True
XATJUZ,Ru,5.64,6.16,0.52,True
XATMUA,Cu,0.62,0.69,0.07,True
XATROC,Zn,4.67,6.0,1.33,False
XATXUP,V,0.15,0.68,0.53,True
XAVCAA,Mn,4.65,6.2,1.55,False
XAVCII,Mn,4.47,6.19,1.72,False
XAVCOO,Mn,4.6,6.0,1.4,False
XAVDAB,Mn,4.8,5.89,1.09,False
XAVFOT,Cu,4.71,5.75,1.04,False
XAVJOX,Ru,5.38,5.63,0.25,True
XAVNOX,Ir,5.46,6.23,0.77,True
XAVQEU,Co,0.15,1.31,1.16,False
XAVROD,Y,0.42,5.91,5.49,False
XAVSAR,V,5.31,6.15,0.84,True
XAVSAR01,V,0.18,0.86,0.68,True
XAVSEW,Ru,0.08,0.9,0.82,True
XAVSIA,Ru,0.43,0.67,0.24,True
XAVSIZ,V,0.16,0.89,0.73,True
XAVVID,V,8.99,5.16,3.83,False
XAVWOJ,Cu,4.82,6.71,1.89,False
XAVWUP,Cu,4.99,5.41,0.42,True
XAVXIC,Cu,0.05,0.84,0.79,True
XAVXOI,Cu,0.02,3.82,3.8,False
XAVXUO,Cu,0.05,5.45,5.4,False
XAVYAV,Cu,0.16,5.92,5.76,False
XAVYEZ,Co,0.06,5.46,5.4,False
XAVYID,Co,0.06,5.52,5.46,False
XAVYOJ,Co,0.13,5.44,5.31,False
XAVZED,Ru,5.66,5.7,0.04,True
XAVZIH,Ru,0.27,1.89,1.62,False
XAWDAB,Mo,5.1,5.75,0.65,True
XAWFEJ,V,0.49,1.05,0.56,True
XAWJAG,Os,5.43,6.05,0.62,True
XAWJOX,Cu,8.12,9.72,1.6,False
XAWSIY,Ti,0.79,6.01,5.22,False
XAWSOE,Zr,1.2,1.81,0.61,True
XAWSUK,Zr,0.93,2.02,1.09,False
XAXBIJ,Zn,6.47,6.83,0.36,True
XAXGIN,Zn,0.25,5.66,5.41,False
XAXPAN,Cu,0.25,0.62,0.37,True
XAXRIB,Cu,7.53,8.81,1.28,False
XAXTAU,Fe,0.73,1.39,0.66,True
XAXVAW,Fe,0.41,1.47,1.06,False
XAXVIC,Re,5.08,6.29,1.21,False
XAYBIJ,Mn,0.94,1.84,0.9,True
XAYBOR,Fe,5.72,6.19,0.47,True
XAYBUV,Mn,0.97,1.64,0.67,True
XAZTEY,Cu,4.64,10.37,5.73,False
XAZTUN,Re,3.5,4.32,0.82,True
XEBLIA,Cu,0.07,0.69,0.62,True
XEBSIG,Zn,0.22,0.95,0.73,True
XECFOC,Cu,4.85,6.29,1.44,False
XECLIC01,Cu,4.68,5.09,0.41,True
XECVUY,Hg,6.49,6.81,0.32,True
XECWOT,Zn,1.27,4.12,2.85,False
XECXUA,Hg,2.33,5.93,3.6,False
XEDBAM,Co,0.23,6.4,6.17,False
XEDDER,Cd,2.26,4.71,2.45,False
XEDFAN,Zn,0.79,5.64,4.85,False
XEDGOF,Ni,10.39,10.98,0.59,True
XEDPAZ,Ti,7.4,8.27,0.87,True
XEDRUT,Cd,1.26,4.83,3.57,False
XEDSAA,Cd,4.97,7.24,2.27,False
XEDSOR,Co,1.36,5.26,3.9,False
XEDXOT,Ru,5.45,6.46,1.01,False
XEDXUZ,Ru,5.37,6.33,0.96,True
XEFJUN,Ti,0.34,2.06,1.72,False
XEFJUO,Cu,4.94,6.26,1.32,False
XEFKAU,Ti,0.34,5.82,5.48,False
XEFLEZ,Re,0.2,0.92,0.72,True
XEFNII,Zn,0.9,4.7,3.8,False
XEFNOO,Zn,0.97,4.53,3.56,False
XEFSEJ,Ru,0.45,6.04,5.59,False
XEFTAE,Re,3.57,5.73,2.16,False
XEFVAF,Os,5.46,5.8,0.34,True
XEFVEJ,Os,5.08,6.22,1.14,False
XEFVIN,Os,4.98,5.94,0.96,True
XEFWAH,Fe,1.14,6.75,5.61,False
XEFWEL,Fe,1.25,6.37,5.12,False
XEFWIP,Fe,1.18,1.33,0.15,True
XEFWOV,Fe,5.78,6.71,0.93,True
XEFWUB,Fe,0.99,6.57,5.58,False
XEGPEH,Ru,5.93,6.37,0.44,True
XEGPOO,Ti,6.66,8.66,2.0,False
XEGSOR,Ti,0.42,0.82,0.4,True
XEHBAO,Ru,6.1,6.15,0.05,True
XEHBEV,Zn,0.59,1.52,0.93,True
XEHBIW,Ru,0.18,1.29,1.11,False
XEHCUI,Mn,0.19,1.26,1.07,False
XEHFAV,Cr,5.09,5.98,0.89,True
XEHFID,Cr,0.28,0.68,0.4,True
XEHKAZ,Ir,0.51,1.98,1.47,False
XEHKIH,Ir,5.59,6.25,0.66,True
XEHKUT,Ir,6.21,6.63,0.42,True
XEHLOO,Ir,6.24,6.54,0.3,True
XEHPUW,Cu,4.96,6.83,1.87,False
XEHSOW,Cu,1.2,6.15,4.95,False
XEHWUE01,Hg,5.51,6.72,1.21,False
XEJPUZ,Cu,4.69,6.15,1.46,False
XEKBAS,Ni,4.46,5.17,0.71,True
XEKBAS01,Ni,3.47,4.99,1.52,False
XEKBEW,Ni,5.23,9.1,3.87,False
XEKGOL,Zn,0.49,5.0,4.51,False
XEKHAW,Ru,6.23,6.39,0.16,True
XELBUO,Cu,0.57,0.8,0.23,True
XELDOJ,Fe,5.17,6.15,0.98,True
XELLOR,Cu,0.54,0.86,0.32,True
XELMAE,Co,0.69,6.59,5.9,False
XELREL,Fe,0.98,6.29,5.31,False
XELXOE,Cu,8.12,8.8,0.68,True
XELYIY,Ru,3.0,5.7,2.7,False
XEMBAT,Hg,1.63,6.24,4.61,False
XEMDEZ,Ti,6.88,3.92,2.96,False
XEMFEA,Ru,0.11,1.52,1.41,False
XEMFOK,Cu,4.79,5.13,0.34,True
XEMXAO,V,4.62,5.66,1.04,False
XEMXAO01,V,5.75,5.99,0.24,True
XEMZEX,Cd,1.32,5.84,4.52,False
XEMZUK,Fe,0.09,0.99,0.9,True
XENBUP,Ru,5.82,6.94,1.12,False
XENDIG,W,7.64,7.67,0.03,True
XENLIN,Cu,3.84,4.49,0.65,True
XENLIN01,Cu,0.97,4.4,3.43,False
XENLIN02,Cu,0.33,5.66,5.33,False
XENLIN03,Cu,0.3,5.78,5.48,False
XENRUG,Cu,5.31,6.03,0.72,True
XENZAV,Fe,5.0,6.04,1.04,False
XEPDEE,Zn,0.55,6.26,5.71,False
XEPFEE,Zn,0.98,1.87,0.89,True
XEPWAR,Zn,0.13,5.33,5.2,False
XEPWEV,Zn,0.12,0.85,0.73,True
XEQCEF,V,0.7,2.14,1.44,False
XEQKOV,Ru,5.75,6.0,0.25,True
XEQLIP,Ru,4.97,6.06,1.09,False
XEQQIU,Cr,0.31,6.2,5.89,False
XEQQIU01,Cr,0.31,6.2,5.89,False
XEQRAP,Cu,0.23,6.2,5.97,False
XERHUZ,V,0.4,0.97,0.57,True
XERLEO,Ir,11.98,15.87,3.89,False
XERPAO,Rh,0.41,1.2,0.79,True
XERQUH,Cu,5.0,5.82,0.82,True
XERRIX,Fe,0.45,1.12,0.67,True
XERRUJ,Fe,9.87,7.66,2.21,False
XERZIE,Mn,0.73,1.36,0.63,True
XESDAE,Fe,0.1,5.94,5.84,False
XESROE,Ni,0.76,5.96,5.2,False
XETCAD,Co,0.35,1.16,0.81,True
XETCIL,Co,0.2,0.78,0.58,True
XETCOR,Co,0.27,5.29,5.02,False
XETDUV,V,5.38,5.81,0.43,True
XETFAD,V,5.34,5.85,0.51,True
XETFEH,V,0.35,0.93,0.58,True
XETGAF,Cu,4.53,5.9,1.37,False
XETGAF01,Cu,0.53,0.6,0.07,True
XETGUA,Cd,4.96,5.64,0.68,True
XETHAH,Cd,4.58,6.54,1.96,False
XETROH,Co,10.79,13.39,2.6,False
XETRUN,V,5.61,6.15,0.54,True
XETSIC,V,1.08,1.89,0.81,True
XETWUO,Zn,0.68,1.31,0.63,True
XETXAV,Zn,1.25,5.17,3.92,False
XEVCIL,Cu,7.81,5.59,2.22,False
XEWHIS,Y,1.13,2.23,1.1,False
XEWMUJ,Ti,0.89,1.78,0.89,True
XEWNEU,Ti,0.15,5.73,5.58,False
XEWZAC01,Cu,4.3,5.62,1.32,False
XEXGIR,Ta,0.58,5.72,5.14,False
XEXNAS,Nb,5.35,5.93,0.58,True
XEXPAV,Cu,5.38,6.16,0.78,True
XEXQIE,Cu,1.33,4.61,3.28,False
XEXTOM,Ir,0.42,1.04,0.62,True
XEXWUW,Re,0.26,0.86,0.6,True
XEYCEM,Zn,5.28,6.37,1.09,False
XEYCIQ,Zn,4.49,6.7,2.21,False
XEYHIV,Cu,6.14,6.59,0.45,True
XEYSUP,Re,0.58,5.74,5.16,False
XEYVUT,Zn,5.94,13.74,7.8,False
XEYWAA,Cu,0.24,0.73,0.49,True
XEZNUM,Mn,0.17,1.11,0.94,True
XEZVUX,Fe,0.46,5.88,5.42,False
XEZWAE,Fe,6.7,11.46,4.76,False
XEZWIM,Fe,0.09,1.51,1.42,False
XEZWOS,Fe,5.25,5.85,0.6,True
XEZYOS,Fe,4.77,6.27,1.5,False
XEZZAF,Co,0.34,1.24,0.9,True
XIBQUV,Cd,0.54,0.91,0.37,True
XIBSIN,Fe,0.17,0.91,0.74,True
XIBTEK,Fe,0.28,5.95,5.67,False
XICHEW,Cu,0.51,5.79,5.28,False
XICLAY,Cu,1.75,4.27,2.52,False
XICLEC,Cu,3.32,3.41,0.09,True
XIDGAS,Ru,5.36,6.94,1.58,False
XIDGEZ,Ir,5.41,6.15,0.74,True
XIDGID,Ir,5.65,6.19,0.54,True
XIDGUO,V,4.72,5.61,0.89,True
XIDHAV,V,4.67,5.95,1.28,False
XIDHEA,Ir,5.19,6.13,0.94,True
XIDJID,Ta,5.19,6.26,1.07,False
XIDPAC,Fe,0.65,1.69,1.04,False
XIDPEG,Fe,1.08,2.03,0.95,True
XIDRUY,Mn,3.75,4.81,1.06,False
XIDWEP,Cu,11.25,13.12,1.87,False
XIFBOF,V,0.26,1.27,1.01,False
XIFGOI,V,4.68,5.54,0.86,True
XIFNIJ,Cu,0.48,0.84,0.36,True
XIFPIO,Mn,0.36,5.0,4.64,False
XIFQEL,Mn,0.36,1.26,0.9,True
XIFYIU01,Fe,4.37,4.83,0.46,True
XIFYOA,Fe,1.03,1.3,0.27,True
XIGCEZ,Cu,4.92,6.93,2.01,False
XIGGUP,Ru,0.81,1.16,0.35,True
XIGVAN,Cu,0.27,5.08,4.81,False
XIGWIU,Cu,0.85,1.05,0.2,True
XIGYET,Re,0.0,1.09,1.09,False
XIGZIW,Cu,5.5,6.18,0.68,True
XIHBAR,Zn,0.33,0.81,0.48,True
XIHBAU,Cu,0.39,5.25,4.86,False
XIHBOJ,Ru,8.6,9.73,1.13,False
XIHKEF01,Cu,7.72,11.17,3.45,False
XIHRAH,Co,0.57,5.62,5.05,False
XIHSIQ,Co,0.62,6.06,5.44,False
XIHSOW,Co,0.51,5.77,5.26,False
XIHZIY,Cu,0.95,6.37,5.42,False
XIJDAX,Zn,1.17,1.36,0.19,True
XIJDEB,Zn,3.5,6.8,3.3,False
XIJMIP,Cu,4.4,6.39,1.99,False
XIKBEZ,Ru,4.81,6.22,1.41,False
XIKDAA,Fe,0.34,5.76,5.42,False
XIKMUB,Fe,4.88,5.7,0.82,True
XIKQAJ,V,0.61,6.31,5.7,False
XIKROZ,Re,0.92,5.14,4.22,False
XIKSAL,Zn,0.15,0.8,0.65,True
XIKWEU,Zn,0.36,0.58,0.22,True
XIKXEV,Cu,0.73,0.98,0.25,True
XILBEB,Ir,5.54,5.55,0.01,True
XILCII,Cu,0.49,1.34,0.85,True
XILDEE,Cu,5.87,6.58,0.71,True
XIMLUB,Cu,4.93,6.58,1.65,False
XIMWIB,Ir,4.87,6.16,1.29,False
XIMXIC,Ru,0.33,1.0,0.67,True
XINQER,Cu,0.25,0.71,0.46,True
XINQIU,Zn,0.97,8.11,7.14,False
XINQIV,Cu,0.3,1.08,0.78,True
XINQUG,Zn,0.59,6.38,5.79,False
XINQUH,Cu,0.24,0.92,0.68,True
XINRAO,Cu,5.34,6.35,1.01,False
XIPHEN,Ni,1.12,5.32,4.2,False
XIPPOD,Ta,0.09,5.41,5.32,False
XIPQAQ,Cu,0.66,0.91,0.25,True
XIPQAQ01,Cu,5.37,6.06,0.69,True
XIPRAS,Cu,7.86,12.04,4.18,False
XIPREW,Cu,5.52,6.07,0.55,True
XIQJIQ,Sc,0.19,5.16,4.97,False
XIQKIS,Ti,9.08,11.94,2.86,False
XIQKOY,Zr,5.03,12.69,7.66,False
XIQKUE,Ti,6.41,11.81,5.4,False
XIQLAL,Ti,6.62,11.82,5.2,False
XIQLEP,Ti,4.13,12.45,8.32,False
XIQROF,Zr,0.3,5.74,5.44,False
XIQSAT,Ir,5.76,5.88,0.12,True
XIQSEW,Zr,0.55,5.46,4.91,False
XIQWOM,Mn,0.25,1.29,1.04,False
XIQZUS01,Co,0.35,5.28,4.93,False
XIRKUF,Ni,5.42,6.59,1.17,False
XIRPIB,Cu,0.56,4.9,4.34,False
XIRZII,Cu,1.39,3.42,2.03,False
XISTUO,Cu,1.82,4.56,2.74,False
XISZIJ,Cu,0.5,6.82,6.32,False
XITJEQ01,Os,5.17,7.95,2.78,False
XITKOA,Fe,0.6,1.18,0.58,True
XITQOG,Mn,4.87,6.33,1.46,False
XITQUM,Mn,4.72,6.25,1.53,False
XITQUO,Ru,5.51,6.76,1.25,False
XITRAV,Ru,5.47,6.52,1.05,False
XITREX,Mn,4.57,5.99,1.42,False
XITSIC,Ti,10.69,10.74,0.05,True
XIVKAQ,Mn,5.3,5.97,0.67,True
XIVKOD,Co,1.17,1.89,0.72,True
XIVPEA,Mn,0.64,6.78,6.14,False
XIVPOI,Os,0.68,4.25,3.57,False
XIWBEO,Mo,0.72,0.85,0.13,True
XIWGAM,Zr,5.9,9.7,3.8,False
XIWHAN,Zr,3.53,11.07,7.54,False
XIXDOX,Zr,0.9,5.29,4.39,False
XIXFAL,Cr,0.14,5.71,5.57,False
XIXHIW,Ru,0.42,5.44,5.02,False
XIXHUI,Ru,0.36,5.78,5.42,False
XIXNUQ,Rh,5.86,10.22,4.36,False
XIXPOL,Os,5.91,5.98,0.07,True
XIXQAY,Zr,0.47,6.54,6.07,False
XIXRIF,Cu,0.3,6.36,6.06,False
XIXRII,Zn,5.25,5.88,0.63,True
XIXTII,Ni,11.21,10.36,0.85,True
XIXVOP,Hf,6.1,6.39,0.29,True
XIXVUX,Ti,0.83,1.87,1.04,False
XIXWEH,Cu,0.77,5.98,5.21,False
XIXWEI,Ti,0.78,5.3,4.52,False
XIXWUX,Cu,0.64,5.19,4.55,False
XIXWUX01,Cu,0.65,6.23,5.58,False
XIXXAE,Cu,0.23,6.02,5.79,False
XIXXOT,Ti,12.03,9.7,2.33,False
XIYBUD,Hg,6.24,6.37,0.13,True
XIYCAK,Hg,1.27,1.38,0.11,True
XIYCEO,Hg,1.54,5.56,4.02,False
XIYFUG,Zn,4.96,5.83,0.87,True
XIYJUL,Mn,3.8,5.99,2.19,False
XIYQOM,Mn,0.59,6.53,5.94,False
XIZFAR,Zn,1.55,3.99,2.44,False
XIZNON,Ru,6.25,6.39,0.14,True
XIZQED,V,0.09,1.02,0.93,True
XIZQIH,V,0.1,5.36,5.26,False
XIZQON,V,0.09,5.57,5.48,False
XIZQUT,V,0.1,0.94,0.84,True
XIZRAA,V,0.11,1.12,1.01,False
XIZZOV,Zn,0.64,0.89,0.25,True
XOBFEZ,Co,0.83,1.04,0.21,True
XOBXIX,Ni,6.29,6.46,0.17,True
XOCHEG,Cu,0.31,0.91,0.6,True
XOCHIK,Cu,0.46,0.9,0.44,True
XOCJIK,Ru,5.34,5.43,0.09,True
XOCMIL,Nb,6.71,10.08,3.37,False
XOCMOR,Nb,5.43,6.72,1.29,False
XOCQAH,Mo,5.05,5.56,0.51,True
XOCSUG,Ni,0.77,5.32,4.55,False
XOCTEQ,Fe,0.9,6.54,5.64,False
XODDON,V,4.36,6.14,1.78,False
XODFOP,V,4.35,5.52,1.17,False
XODFUV,V,4.36,5.51,1.15,False
XODGAC,V,0.52,6.06,5.54,False
XODQIU,Cu,1.19,4.47,3.28,False
XODQUD,Ru,5.21,5.73,0.52,True
XODRER,V,0.68,5.22,4.54,False
XODRIS,Ru,0.4,1.25,0.85,True
XODRIV,V,0.67,5.04,4.37,False
XODROB,V,4.64,5.91,1.27,False
XODVAN,Re,0.56,5.75,5.19,False
XODZOI,Ir,4.79,5.69,0.9,True
XOFDEE,Cu,0.97,6.29,5.32,False
XOFLIQ,Cu,0.56,6.54,5.98,False
XOFTAP,Zn,0.22,0.73,0.51,True
XOGXAS,Co,4.58,5.28,0.7,True
XOJGUC,Cu,10.91,8.13,2.78,False
XOJWAU,Re,0.58,5.02,4.44,False
XOKJAJ,Cu,4.76,5.86,1.1,False
XOKMOA,V,0.8,2.03,1.23,False
XOKMUG,V,0.78,3.22,2.44,False
XOKPAO,Pd,5.35,6.87,1.52,False
XOKZIH,Ir,0.72,1.93,1.21,False
XOLBUW,Ir,6.87,6.88,0.01,True
XOLDUA,Ru,4.38,6.67,2.29,False
XOLPET,Re,0.67,5.39,4.72,False
XOLPUJ,Re,0.14,5.81,5.67,False
XOLQOE,Zn,0.36,4.46,4.1,False
XOLRAR,Zn,0.35,4.18,3.83,False
XOLZON,Cu,0.54,6.72,6.18,False
XOMCOS,Fe,5.08,6.27,1.19,False
XOMCOS01,Fe,5.09,6.05,0.96,True
XOMNAO,Tc,5.88,6.34,0.46,True
XOMQAS,Rh,6.06,6.12,0.06,True
XOMQEW,Rh,0.75,2.2,1.45,False
XOMQIA,Rh,6.48,6.52,0.04,True
XONBIP,Os,0.42,1.06,0.64,True
XONHOZ,Fe,0.22,0.43,0.21,True
XONJIT,V,0.18,1.59,1.41,False
XONKIU,V,5.19,5.6,0.41,True
XONZIJ,Sc,0.46,5.33,4.87,False
XOPGUG,V,0.81,4.89,4.08,False
XOPHER,V,4.66,5.5,0.84,True
XOPKEU,Ni,0.38,0.48,0.1,True
XOPLIX,Cu,4.9,6.84,1.94,False
XOPSOK,Cu,5.29,6.56,1.27,False
XOQPOL,Mo,5.38,5.62,0.24,True
XOQPUR,Mo,0.27,5.44,5.17,False
XOQSAZ,Rh,6.07,6.13,0.06,True
XOQYOS,Ti,5.76,6.07,0.31,True
XOQZEJ,Zn,0.21,1.37,1.16,False
XOQZEK,Ru,0.32,1.95,1.63,False
XOQZIN,Cd,0.56,1.49,0.93,True
XOQZOT,Ni,4.23,4.41,0.18,True
XORKUM,V,0.42,5.54,5.12,False
XORWIO,Zn,0.86,4.44,3.58,False
XOSCIS,Cu,7.47,6.53,0.94,True
XOSCUE,Zn,0.83,6.53,5.7,False
XOSNUQ,Fe,0.37,1.22,0.85,True
XOSPAY,Fe,0.37,5.91,5.54,False
XOSQUT,Cu,9.71,16.71,7.0,False
XOTCER,Rh,6.61,6.7,0.09,True
XOTKAU,Cu,5.33,5.84,0.51,True
XOTKIB,Ru,5.46,6.29,0.83,True
XOTSAA,Pt,0.88,4.28,3.4,False
XOTSEE,Pt,4.25,6.09,1.84,False
XOTSIL,V,0.08,0.78,0.7,True
XOTSOO,Pt,0.82,5.9,5.08,False
XOVBEP,Fe,6.99,4.46,2.53,False
XOVBOZ,V,0.61,6.35,5.74,False
XOVBOZ01,V,0.62,6.37,5.75,False
XOVROS,Fe,0.7,5.66,4.96,False
XOVXUD,Ag,2.38,6.36,3.98,False
XOVYAK,Ag,6.4,6.41,0.01,True
XOWGUL,Os,0.67,0.69,0.02,True
XOWMAX,Ru,5.93,6.25,0.32,True
XOWMEB,Ru,6.25,6.63,0.38,True
XOWYOY,Ru,5.04,5.65,0.61,True
XOWZAN,Cu,6.39,14.4,8.01,False
XOYNUU,Zr,4.64,3.92,0.72,True
XOZQEJ,Ru,5.71,6.25,0.54,True
XOZREL,Fe,0.39,6.27,5.88,False
XOZROV,Fe,0.2,5.44,5.24,False
XOZSAI,Fe,0.39,1.11,0.72,True
XOZVUD,W,0.52,6.1,5.58,False
XOZXIU,Cr,4.95,5.78,0.83,True
XUBCAB,Cu,0.54,4.71,4.17,False
XUBDAC,Cu,4.71,6.43,1.72,False
XUBDEG,Cu,0.77,5.92,5.15,False
XUBNIR,Cu,1.11,3.77,2.66,False
XUBNIR01,Cu,1.15,3.8,2.65,False
XUBNIR02,Cu,0.5,1.14,0.64,True
XUBNIR04,Cu,0.47,6.3,5.83,False
XUBNIR05,Cu,1.11,3.77,2.66,False
XUBNIR06,Cu,0.5,1.16,0.66,True
XUBNIR07,Cu,1.1,3.77,2.67,False
XUBNIR09,Cu,0.5,1.14,0.64,True
XUBNIR10,Cu,1.1,3.76,2.66,False
XUBQIU,Cu,0.34,0.84,0.5,True
XUCCAB,Cu,11.61,14.29,2.68,False
XUCCOQ,Mo,6.25,10.41,4.16,False
XUCFUX,Zn,12.49,8.92,3.57,False
XUCHAF,Zn,5.34,6.12,0.78,True
XUCHEJ,Zn,5.11,5.94,0.83,True
XUCHIN,Zn,3.41,4.97,1.56,False
XUCJAI01,Ni,0.11,0.73,0.62,True
XUCPOA02,Cu,4.46,5.82,1.36,False
XUCSOG,Fe,0.1,1.48,1.38,False
XUCTEU,Mn,4.89,6.35,1.46,False
XUCVOG,Zn,1.02,8.51,7.49,False
XUCXUQ,Zn,0.11,5.67,5.56,False
XUDGAI,V,3.96,4.01,0.05,True
XUDHIN,Cd,4.51,6.79,2.28,False
XUDHOT,Cd,2.56,2.72,0.16,True
XUDHOU,Co,0.78,1.84,1.06,False
XUDHUA,Co,0.62,4.74,4.12,False
XUDVEY,Ru,5.48,5.79,0.31,True
XUDVIC,Ru,5.73,5.91,0.18,True
XUDZEE,Mo,0.24,5.68,5.44,False
XUFNET,Y,0.52,0.75,0.23,True
XUFQAT,Mn,0.83,1.58,0.75,True
XUFQUN,Ni,0.72,4.86,4.14,False
XUFROG,Ru,0.61,1.3,0.69,True
XUFZAZ,Cu,6.86,8.97,2.11,False
XUGJOY,Cu,0.43,5.37,4.94,False
XUGJOY01,Cu,6.23,6.78,0.55,True
XUGMAR,Y,0.69,1.72,1.03,False
XUGWIG,Cu,11.42,16.19,4.77,False
XUGWIH,Cu,1.02,4.58,3.56,False
XUGYAA,Cu,0.48,2.82,2.34,False
XUHGAK,Ru,0.58,1.59,1.01,False
XUHKAM,Ti,1.16,5.49,4.33,False
XUHLEV,Pt,5.0,5.82,0.82,True
XUHNAQ,Ir,1.0,4.78,3.78,False
XUHWAY,Re,5.06,5.81,0.75,True
XUJDUC,Cd,4.85,6.71,1.86,False
XUJFUE,Fe,0.55,1.83,1.28,False
XUJGAL,V,0.23,1.12,0.89,True
XUJGOC,Ni,0.66,1.19,0.53,True
XUJROM,Cu,1.08,6.87,5.79,False
XUJSAW,Cu,0.33,0.81,0.48,True
XUJSIE,Cu,4.66,6.45,1.79,False
XUJTON,Fe,0.61,1.2,0.59,True
XUKFUI,Cu,5.52,6.33,0.81,True
XUKGAN,Cu,0.52,5.37,4.85,False
XUKVOQ,Sc,0.18,1.36,1.18,False
XUKWOR,Sc,2.39,4.78,2.39,False
XUKWUX,Sc,4.56,6.83,2.27,False
XUKXOQ,Cu,5.3,6.68,1.38,False
XULLOF,Re,0.18,0.5,0.32,True
XULLUL,Re,0.35,0.4,0.05,True
XULYEJ,Ir,7.93,9.59,1.66,False
XUMHUJ,Y,0.2,0.79,0.59,True
XUMXUZ,Ni,4.78,6.4,1.62,False
XUMYAG,Ni,4.58,12.53,7.95,False
XUMYEK,Ni,5.06,6.37,1.31,False
XUMZIO,Cu,5.45,5.89,0.44,True
XUNFAP,Fe,0.43,6.58,6.15,False
XUNJOH,Cu,3.95,7.6,3.65,False
XUNLIE,Ru,6.22,6.53,0.31,True
XUNQAA,Fe,0.33,5.52,5.19,False
XUPFEV,Ni,5.28,5.54,0.26,True
XUPJAV,Mo,4.57,7.08,2.51,False
XUPJEY,Fe,5.77,5.79,0.02,True
XUPJIC,Co,0.41,1.56,1.15,False
XUPJOI,Fe,0.45,5.92,5.47,False
XUPLIF,Fe,4.61,5.82,1.21,False
XUPSAF,Co,10.43,14.81,4.38,False
XUPTEK,Co,0.13,5.33,5.2,False
XUPWAG,Fe,0.19,3.76,3.57,False
XUPWAG01,Fe,0.18,4.25,4.07,False
XUPZEN,Cu,0.93,5.13,4.2,False
XUQKOJ,Cu,0.55,3.52,2.97,False
XUQKOJ01,Cu,0.54,3.52,2.98,False
XUQRUA,Ti,0.1,1.19,1.09,False
XURKIE,Fe,0.08,0.8,0.72,True
XURKOK,Fe,4.69,6.04,1.35,False
XURLIF,Fe,4.35,6.19,1.84,False
XURLOL,Fe,5.27,6.38,1.11,False
XURLUR,Fe,5.11,7.0,1.89,False
XURMAY,Fe,5.66,7.42,1.76,False
XURMIG,Fe,3.87,6.27,2.4,False
XURPUY,Cu,6.26,8.55,2.29,False
XURXEP,Fe,0.35,5.81,5.46,False
XURXIT,Fe,0.32,1.03,0.71,True
XURYAN,Y,1.52,1.91,0.39,True
XURYIV,Y,5.28,6.09,0.81,True
XUSLEG,Cd,4.73,6.77,2.04,False
XUSPOQ,V,5.42,5.73,0.31,True
XUTKEG,Cu,4.93,5.87,0.94,True
XUTXOZ,Cu,5.3,5.89,0.59,True
XUTXUF,Cu,0.53,1.45,0.92,True
XUTZER,Mo,0.68,1.99,1.31,False
XUVBUP,Ru,4.93,6.18,1.25,False
XUVCUM,Mn,3.9,6.57,2.67,False
XUVDAT,Co,10.55,11.7,1.15,False
XUVDUO,Fe,0.45,2.39,1.94,False
XUVGAX,Ru,6.26,6.3,0.04,True
XUVGEA,Zn,7.64,5.42,2.22,False
XUVGIF,Ru,0.31,1.63,1.32,False
XUVVUH,Cu,3.37,6.43,3.06,False
XUVWIW,Cd,2.2,5.25,3.05,False
XUVYOG,La,0.38,4.35,3.97,False
XUWGAY,Zn,0.69,6.24,5.55,False
XUWLOR,Rh,5.68,6.13,0.45,True
XUXGAB,Ni,0.38,1.03,0.65,True
XUXLIN,Fe,0.22,0.94,0.72,True
XUXSEQ,Ru,8.29,12.68,4.39,False
XUXZEW,Cu,4.33,5.67,1.34,False
XUXZUL01,Cu,6.93,6.59,0.34,True
XUXZUL02,Cu,8.21,10.44,2.23,False
XUYHAA,Zn,0.29,3.95,3.66,False
XUYNEM,Cd,1.45,8.98,7.53,False
XUYTUJ,Zn,1.38,1.72,0.34,True
XUYVAR,Co,0.81,6.51,5.7,False
XUZCEC,Co,0.37,2.28,1.91,False
XUZCIG,Cu,4.93,6.48,1.55,False
XUZFEF01,Fe,0.69,0.93,0.24,True
XUZGAA,Fe,0.49,0.7,0.21,True
XUZTUJ,Zr,1.08,1.65,0.57,True
XUZVIZ,Hf,5.15,6.32,1.17,False
XUZVOF,Ta,0.19,5.49,5.3,False
XZTPAG10,Ag,4.64,7.91,3.27,False
YABBUA,Zn,0.31,1.34,1.03,False
YABCAK,Ru,4.73,6.2,1.47,False
YABLEU,Ni,4.86,5.66,0.8,True
YABMEX,Co,0.65,4.65,4.0,False
YABMIB,Co,0.68,6.33,5.65,False
YABMOH,Co,0.66,1.44,0.78,True
YACDIP,Os,0.7,5.66,4.96,False
YACGEP,Cd,1.45,4.16,2.71,False
YACGIT,Cd,1.59,4.48,2.89,False
YACGOZ,Cd,2.46,3.31,0.85,True
YACGUF,Hg,3.29,5.88,2.59,False
YACPAX,V,1.19,5.83,4.64,False
YACPEB,V,0.16,1.57,1.41,False
YACRAW,Y,0.71,1.38,0.67,True
YACTEF,Zn,0.76,1.13,0.37,True
YACXIK,Fe,0.79,1.72,0.93,True
YACYIL,Cu,10.0,12.46,2.46,False
YADDUF,Ti,0.34,0.56,0.22,True
YADFER,Ti,11.99,12.23,0.24,True
YADHAO,Cu,9.99,7.9,2.09,False
YADKET,Ni,4.41,6.21,1.8,False
YADPOK,V,6.8,7.96,1.16,False
YADTUV,Cu,10.08,10.72,0.64,True
YADXIM,V,8.83,6.66,2.17,False
YADZUA,Zn,0.98,6.44,5.46,False
YAFVAC,Zn,0.95,1.38,0.43,True
YAGBIR,Mn,0.36,0.61,0.25,True
YAGDUG,Cu,1.37,3.73,2.36,False
YAGPUU,Fe,8.45,13.76,5.31,False
YAHCUJ,Ir,5.36,8.27,2.91,False
YAJBUH,Cu,0.74,5.77,5.03,False
YAJCES,Cu,1.22,6.52,5.3,False
YAJLUT,Zn,0.36,0.65,0.29,True
YAJTEI,Mn,6.54,7.24,0.7,True
YAJTEI01,Mn,5.45,5.49,0.04,True
YAJTIM,Mn,0.12,1.49,1.37,False
YAJYEO,Zn,4.98,5.73,0.75,True
YAKFUO,Zn,0.6,5.1,4.5,False
YAKGAV,Zn,0.86,6.69,5.83,False
YAKGEZ,Zn,0.63,6.02,5.39,False
YAKJUT,Cu,0.48,5.24,4.76,False
YAKLOL,Cu,0.45,4.5,4.05,False
YAKTOV,Fe,0.5,1.42,0.92,True
YAKYER,Zn,9.52,13.83,4.31,False
YAKYIV,Zn,8.06,16.55,8.49,False
YAKYOB,Zn,0.96,4.74,3.78,False
YALJOM,Cu,0.46,7.01,6.55,False
YALKUR,Zn,0.44,1.54,1.1,False
YALSAI,Cr,0.07,1.05,0.98,True
YAMTEL,Fe,0.06,5.52,5.46,False
YANZEU,Re,0.07,0.95,0.88,True
YAPMIL,Mn,0.31,1.46,1.15,False
YAPPOU,Ni,0.1,1.1,1.0,False
YAPYET,Os,5.25,6.11,0.86,True
YAPZIA,Ni,5.37,5.62,0.25,True
YAPZOG,Ni,0.61,2.1,1.49,False
YAQGAA,Cu,5.59,6.5,0.91,True
YAQKUY,Cu,0.34,0.63,0.29,True
YAQNOT,Os,1.48,5.14,3.66,False
YAQNUA,Ti,1.12,1.33,0.21,True
YAQPEM,Ti,1.05,1.34,0.29,True
YAQPUB,Os,7.23,8.0,0.77,True
YAQQAI,Mo,0.41,5.25,4.84,False
YAQQAK,Zn,1.0,6.11,5.11,False
YAQQOY,Cd,1.51,2.3,0.79,True
YAQVUL,Sc,4.25,5.11,0.86,True
YAQZEV,Ru,0.25,1.9,1.65,False
YAQZOF,Ru,0.3,6.07,5.77,False
YARHUX,Fe,0.44,0.45,0.01,True
YARJAF,Fe,5.6,6.32,0.72,True
YASNOW,Co,5.15,5.98,0.83,True
YATSUI,Zn,5.52,5.79,0.27,True
YATTAP,Cu,6.39,7.2,0.81,True
YATVAS,Cu,2.71,4.18,1.47,False
YATXEY,Cd,0.26,6.15,5.89,False
YATXEY01,Cd,0.26,5.23,4.97,False
YAVCAB,V,4.68,6.0,1.32,False
YAVCAB01,V,4.72,5.65,0.93,True
YAVGOV,Cu,0.78,3.17,2.39,False
YAVGUZ,Cu,0.51,1.11,0.6,True
YAVHIQ,Zn,7.29,6.75,0.54,True
YAVHOW,Cu,4.51,6.52,2.01,False
YAVLUD,Cu,9.32,7.33,1.99,False
YAVTUK,W,0.65,5.21,4.56,False
YAWQAO,Mn,1.57,3.87,2.3,False
YAWQES,Mn,1.28,3.96,2.68,False
YAWRUK,Cu,4.21,4.93,0.72,True
YAXHUB,Ru,6.33,6.67,0.34,True
YAXKER,Ni,0.46,0.82,0.36,True
YAXKOB,Ni,0.4,3.83,3.43,False
YAXLAO,Ni,0.21,0.73,0.52,True
YAXLES,Ni,0.27,1.45,1.18,False
YAYBEI,Zn,0.77,2.22,1.45,False
YAYBIM,Hg,5.82,7.57,1.75,False
YAYGIP,Co,4.76,6.14,1.38,False
YAYGOV,Co,0.94,6.37,5.43,False
YAYGUB,Co,5.07,5.75,0.68,True
YAYMIX,Zn,3.09,4.66,1.57,False
YAYQUN,Cu,0.52,0.55,0.03,True
YAZGOV,V,0.54,5.88,5.34,False
YAZWEC,Cu,4.36,5.64,1.28,False
YBMENC,Cu,4.67,5.92,1.25,False
YEBHAR,Cu,1.1,1.51,0.41,True
YEBHOD,Ru,6.28,11.77,5.49,False
YEBHUJ,Ru,11.07,11.4,0.33,True
YEBTIJ,Mo,5.13,6.09,0.96,True
YEBXOV,Mo,5.15,5.64,0.49,True
YEBYIQ,Zn,3.36,6.9,3.54,False
YECDEQ,V,0.21,0.55,0.34,True
YECDUJ,Cu,0.82,0.86,0.04,True
YECJUM,Fe,0.56,0.59,0.03,True
YECMUR,Ru,5.93,6.09,0.16,True
YECSIK,Ni,4.88,5.81,0.93,True
YECSOQ,Mn,1.14,7.42,6.28,False
YECSUW,Co,0.8,5.61,4.81,False
YECTAD,Cu,0.55,1.03,0.48,True
YECTEH,Zn,0.81,6.76,5.95,False
YECYEN,Mn,3.33,6.5,3.17,False
YEDDIV,Ru,6.17,6.28,0.11,True
YEDGUM,V,4.68,5.71,1.03,False
YEDHAT,V,4.6,5.9,1.3,False
YEDWOW,Cu,4.68,5.64,0.96,True
YEDWUC,Cu,0.42,0.56,0.14,True
YEFCET,Zn,0.05,5.31,5.26,False
YEFDIX,Cu,0.37,2.15,1.78,False
YEFHEW,Co,0.09,5.96,5.87,False
YEFKEC,Cu,0.65,5.28,4.63,False
YEFMUS,Zn,0.32,5.39,5.07,False
YEFMUS01,Zn,0.32,5.4,5.08,False
YEFRIL,Cu,6.76,7.75,0.99,True
YEFVAI,Zn,0.36,6.58,6.22,False
YEFYUE,Ru,5.46,6.21,0.75,True
YEFYUF,Zn,5.0,5.38,0.38,True
YEGDIA,Zn,7.13,16.29,9.16,False
YEGGOJ,Zn,0.72,6.38,5.66,False
YEGJOK,Co,0.47,0.95,0.48,True
YEGKAZ,Cu,8.19,7.19,1.0,True
YEGSAH,V,4.44,6.07,1.63,False
YEGTOX,V,0.36,4.75,4.39,False
YEGTUD,V,4.76,6.08,1.32,False
YEGVAL,V,0.33,0.57,0.24,True
YEGVEP,V,0.54,5.98,5.44,False
YEHDUM,Fe,0.58,5.96,5.38,False
YEHDUO,V,7.46,16.94,9.48,False
YEHGAU,V,0.51,0.56,0.05,True
YEHJEB,Cu,10.54,13.42,2.88,False
YEHPAE,V,0.36,1.33,0.97,True
YEHPEI,V,0.48,5.67,5.19,False
YEHWEN,V,0.12,5.45,5.33,False
YEHWOY,Cu,6.89,7.51,0.62,True
YEJBAS,Zn,0.32,1.28,0.96,True
YEJGOL,Zn,0.12,0.74,0.62,True
YEJJIG,Cr,4.74,6.77,2.03,False
YEJKIJ,Ni,5.37,6.3,0.93,True
YEJLAE,Zn,0.25,0.71,0.46,True
YEJMOT,Zn,4.43,5.66,1.23,False
YEJMUZ,Zn,0.6,4.75,4.15,False
YEJNAG,Zn,1.66,5.12,3.46,False
YEJNOU,Fe,1.47,5.46,3.99,False
YEJRUB,Mn,6.19,6.58,0.39,True
YEJXIX,Ru,5.73,5.85,0.12,True
YEJXOD,Ru,5.87,5.98,0.11,True
YEKGEB,Ti,0.52,0.97,0.45,True
YEKGIF,Zr,0.52,6.01,5.49,False
YEKGOL,Hf,0.49,5.79,5.3,False
YEKWOA,Cd,1.02,4.91,3.89,False
YEKWOE,Zn,4.15,5.18,1.03,False
YEKWUK,Zn,0.27,0.68,0.41,True
YEKXAR,Zn,0.18,0.85,0.67,True
YEKZOG,Fe,4.84,5.77,0.93,True
YELVAM,Re,0.62,0.9,0.28,True
YEMQEN,V,5.63,11.61,5.98,False
YEMRUD,Cu,4.37,6.57,2.2,False
YEMTOZ,Mo,0.57,2.4,1.83,False
YENDUS,Ru,5.69,5.91,0.22,True
YENSEQ,Zn,5.4,13.02,7.62,False
YEPDUS,Fe,0.38,5.89,5.51,False
YEPFAA,Mn,0.53,6.08,5.55,False
YEPGUW,W,5.56,6.14,0.58,True
YEPHAD,W,6.23,6.32,0.09,True
YEPHIL,W,6.29,6.4,0.11,True
YEPMOW,Y,11.23,18.2,6.97,False
YEQPIU,Fe,5.54,5.86,0.32,True
YEQPOA,Fe,5.43,5.8,0.37,True
YEQQUG01,Cu,8.16,16.1,7.94,False
YEQTUK,Fe,0.41,0.89,0.48,True
YEQYEB,Zn,0.24,4.96,4.72,False
YERCOR,Cu,4.52,5.59,1.07,False
YERGOV,Cu,0.4,6.47,6.07,False
YERHAI,Cu,0.94,5.29,4.35,False
YERSAQ,Cu,5.82,6.18,0.36,True
YERWIB,Mn,0.86,0.89,0.03,True
YERYOK,Cu,0.44,4.67,4.23,False
YESJOW,Cu,7.48,14.76,7.28,False
YESKOZ,Zn,4.92,5.92,1.0,False
YESTUM,V,4.68,5.66,0.98,True
YETHAJ,Os,6.09,6.28,0.19,True
YETWED,Cu,0.42,0.55,0.13,True
YETYOM,Ni,0.24,0.71,0.47,True
YETZIH,Ni,0.2,5.77,5.57,False
YETZUT,Ni,0.22,0.8,0.58,True
YEVDOV,Co,5.36,6.68,1.32,False
YEVDUB,Co,5.24,5.56,0.32,True
YEVQUO,Hg,2.96,7.5,4.54,False
YEVRAW,W,11.14,4.78,6.36,False
YEVTOJ,W,5.62,5.62,0.0,True
YEWFOW,Ru,5.78,6.09,0.31,True
YEWRAU,Mo,6.34,9.35,3.01,False
YEWSEB,Fe,0.41,1.22,0.81,True
YEWTON,Fe,0.38,1.38,1.0,True
YEWVAX,Cu,8.43,11.29,2.86,False
YEWYEF,Pd,0.3,5.78,5.48,False
YEXCEJ,Ti,5.63,5.76,0.13,True
YEXFAJ,Cu,4.84,6.12,1.28,False
YEXJOB,Zn,4.66,5.84,1.18,False
YEXLEU,Ir,0.42,1.32,0.9,True
YEXNIB,Zn,0.99,4.7,3.71,False
YEXNOH,Zn,0.9,4.33,3.43,False
YEXNUN,Zn,0.68,1.33,0.65,True
YEXVIH,Cu,0.44,0.56,0.12,True
YEXWEH,Zn,0.59,1.73,1.14,False
YEXZEG,Ru,0.71,1.17,0.46,True
YEXZUZ,Cu,4.64,6.08,1.44,False
YEYHEP,Ni,13.16,11.63,1.53,False
YEYQAX,Ru,0.54,1.53,0.99,True
YEYQIF,Ru,5.09,5.74,0.65,True
YEYVUU,Cu,0.45,0.57,0.12,True
YEYYEI,Co,0.09,1.16,1.07,False
YEZGAN,Cu,0.49,5.63,5.14,False
YEZGAP,Zn,0.42,1.19,0.77,True
YEZNOK,Zr,6.51,7.69,1.18,False
YEZNUQ,Zr,0.64,6.15,5.51,False
YEZPEC,Hf,6.72,6.89,0.17,True
YEZTEF,Fe,0.6,1.14,0.54,True
YEZTIJ,Zn,0.46,1.12,0.66,True
YEZVAD,Zn,9.02,12.72,3.7,False
YEZYEJ,Ru,0.35,2.0,1.65,False
YEZZUA,Zr,0.61,5.73,5.12,False
YIBPIL,Cu,8.48,10.81,2.33,False
YIBSEH,Y,0.25,5.71,5.46,False
YIBTAG,Cu,5.51,6.01,0.5,True
YIBZUG,Co,0.07,5.15,5.08,False
YICPOS,Rh,0.43,5.76,5.33,False
YICQAC,Cu,10.2,10.79,0.59,True
YICQOQ,Cu,9.95,19.02,9.07,False
YICTUB,Co,0.04,1.1,1.06,False
YIDKAZ,Re,0.71,1.23,0.52,True
YIDNIM,Fe,0.14,5.49,5.35,False
YIDQAE,V,4.4,5.95,1.55,False
YIDQEI,Cu,11.11,13.97,2.86,False
YIDSEM,Ti,2.4,2.73,0.33,True
YIDVEN,Cu,0.27,0.54,0.27,True
YIDVOZ,Cu,8.63,11.6,2.97,False
YIDWUE,Cu,7.35,9.68,2.33,False
YIDXUF,Cu,0.49,0.64,0.15,True
YIDYEP,Re,5.9,5.95,0.05,True
YIFXIX,Co,4.78,5.45,0.67,True
YIGBOI,Co,3.83,6.87,3.04,False
YIGGII,Zn,0.15,5.5,5.35,False
YIGLOR,Zn,0.55,6.47,5.92,False
YIGNIP,Cu,0.61,1.06,0.45,True
YIGNOV,Cu,6.12,9.43,3.31,False
YIGROW,Cu,7.59,13.46,5.87,False
YIGWAM,W,5.34,5.79,0.45,True
YIGZOE,Cu,4.84,6.2,1.36,False
YIHBUO,Os,6.25,6.91,0.66,True
YIHCAV,Ru,6.25,6.9,0.65,True
YIHMOU,Ti,0.7,6.08,5.38,False
YIHMUA,Ti,0.65,6.12,5.47,False
YIHNEK,Cd,1.64,4.96,3.32,False
YIHNEL,Ti,10.72,16.98,6.26,False
YIHNIP,Ti,0.57,5.9,5.33,False
YIHPAJ,Ti,11.25,10.92,0.33,True
YIHPOX,Ti,0.48,0.55,0.07,True
YIJBIG,Ni,0.69,0.78,0.09,True
YIJCIG,Sc,1.13,1.82,0.69,True
YIJGOR,Ni,0.16,5.5,5.34,False
YIJQUF,Cu,4.97,6.19,1.22,False
YIJSIU,Ti,0.87,1.28,0.41,True
YIJTER,Ti,5.6,5.82,0.22,True
YIJTIV,Ti,1.37,6.16,4.79,False
YIJTOB,Ti,1.21,5.16,3.95,False
YIJTUI,Cu,7.15,7.07,0.08,True
YIJXEV,Cu,1.67,3.21,1.54,False
YIJXIZ,Cu,1.79,5.37,3.58,False
YIJYAS,Cu,3.61,4.74,1.13,False
YIJYEW,Cu,7.13,6.28,0.85,True
YIKJUY,Ru,0.34,1.85,1.51,False
YIKKAF,Ru,5.47,5.7,0.23,True
YIKKEJ,Ru,6.01,6.38,0.37,True
YIKLAI,Fe,3.72,7.05,3.33,False
YIKLEM,Fe,3.73,6.4,2.67,False
YIKLIQ,Fe,5.44,6.46,1.02,False
YIKNEL,Cu,12.12,6.83,5.29,False
YIKTAO,Co,0.49,0.65,0.16,True
YIKWIC,Zn,5.1,6.14,1.04,False
YILSAO,Cu,5.11,6.27,1.16,False
YILXAT,Zn,0.13,0.49,0.36,True
YIMCEG,Fe,0.51,0.6,0.09,True
YIMJAI,Ni,3.02,6.34,3.32,False
YIMLEO,Cu,4.88,6.32,1.44,False
YIMLIS,Cu,4.81,6.63,1.82,False
YIMMEM,Ni,4.09,5.78,1.69,False
YIMWAU,Zn,0.45,5.97,5.52,False
YIMWUM,Ru,5.79,5.95,0.16,True
YINBAY,Cu,7.49,11.64,4.15,False
YINNUE,Fe,0.66,6.16,5.5,False
YINPER,Os,0.43,1.06,0.63,True
YINPIV,Os,6.0,6.06,0.06,True
YINPOB,Os,6.37,6.41,0.04,True
YIQDOV,Zn,0.73,4.9,4.17,False
YIQGOY,Cu,6.82,9.51,2.69,False
YIQJUH,Fe,0.76,6.48,5.72,False
YIQLAL,V,0.17,5.59,5.42,False
YIQLEP,V,0.2,5.48,5.28,False
YIQLIT,V,0.23,5.54,5.31,False
YIQLOZ,V,0.29,0.81,0.52,True
YIQLUF,V,0.44,5.64,5.2,False
YIQQAU,W,4.88,5.86,0.98,True
YIQTAT,Cu,5.37,6.67,1.3,False
YIQWUQ,Ru,0.34,0.83,0.49,True
YIQXAX,Ru,0.24,1.67,1.43,False
YIRKIT,Ru,0.48,1.56,1.08,False
YIRMIZ,Co,0.17,0.92,0.75,True
YISDIO,Rh,0.56,1.01,0.45,True
YISRAT,Cu,4.68,5.01,0.33,True
YISSUS,Cu,6.22,13.83,7.61,False
YISTAZ,Cu,8.69,9.41,0.72,True
YISTED,Cu,10.45,10.76,0.31,True
YITRUO,Fe,0.61,0.73,0.12,True
YITSOJ,Rh,4.43,6.03,1.6,False
YIVWOR,Cu,0.47,6.04,5.57,False
YIWDIR,Cu,4.78,5.68,0.9,True
YIWKUL,Cu,0.79,1.69,0.9,True
YIWLAS,Cu,1.54,1.9,0.36,True
YIWSED,Re,0.86,1.61,0.75,True
YIWTII,W,8.7,18.64,9.94,False
YIWTOO,W,6.22,6.64,0.42,True
YIWTUU,W,0.47,4.48,4.01,False
YIXCAJ,Ru,6.89,7.02,0.13,True
YIXFOD,Cu,5.06,6.43,1.37,False
YIXGAO,Zr,0.4,1.46,1.06,False
YIXWUA,Cu,5.31,5.97,0.66,True
YIXXAH,Cu,0.36,0.86,0.5,True
YIXXEL,Cu,5.05,5.86,0.81,True
YIXYIO,Cu,0.12,5.65,5.53,False
YIYGUM,Y,1.4,6.72,5.32,False
YIYJOI,Cu,0.33,0.95,0.62,True
YIYWOS,Ta,0.19,5.86,5.67,False
YIYWOS01,Ta,0.19,5.86,5.67,False
YIYZOY,Ir,0.43,1.41,0.98,True
YIZJAT,Pt,6.04,6.1,0.06,True
YOBDAX,Ni,4.94,5.38,0.44,True
YOBDEC,Cu,4.71,5.42,0.71,True
YOBGED,Ru,0.67,1.31,0.64,True
YOBGON,Ru,0.25,1.66,1.41,False
YOBHEE,Ru,0.23,1.83,1.6,False
YOBJUW,Ru,5.54,5.79,0.25,True
YOBTIT,Fe,0.57,6.01,5.44,False
YOBTIT01,Fe,0.59,5.5,4.91,False
YOBTOZ,Fe,0.44,1.29,0.85,True
YOCKUW,Zn,1.65,5.45,3.8,False
YOCKUZ,Fe,0.03,5.61,5.58,False
YOCSOA,Cd,0.57,5.54,4.97,False
YODHAA,V,10.42,16.1,5.68,False
YODHEE,V,4.66,6.68,2.02,False
YODHEE01,V,5.01,5.78,0.77,True
YODHEE02,V,6.95,7.58,0.63,True
YODSIU,Cu,1.38,4.59,3.21,False
YOFHEI,Cu,7.0,10.38,3.38,False
YOFQEP,Cu,6.73,9.31,2.58,False
YOFRUH,Cu,0.12,5.81,5.69,False
YOFXOK,Cu,4.1,7.08,2.98,False
YOFXUM,Cu,11.2,11.45,0.25,True
YOFYEB,Cu,1.22,6.61,5.39,False
YOFYIF,Cu,3.56,5.3,1.74,False
YOGBAX,Fe,1.13,6.45,5.32,False
YOGBEB,Tc,0.22,1.32,1.1,False
YOGJAF,V,0.59,5.7,5.11,False
YOGKEK,Fe,0.35,5.83,5.48,False
YOGKIO,Fe,0.37,0.83,0.46,True
YOGNUH,Fe,5.17,6.76,1.59,False
YOGQAQ,Zr,7.12,15.45,8.33,False
YOGQEU,Zr,7.06,15.19,8.13,False
YOGVEW,V,3.77,3.79,0.02,True
YOHFEK,Sc,12.86,12.45,0.41,True
YOHRAR,V,4.52,6.18,1.66,False
YOHREV,V,0.31,0.64,0.33,True
YOHSUJ,Hg,6.21,6.72,0.51,True
YOHZIF,Zn,0.62,6.18,5.56,False
YOJPOC01,Ru,5.94,7.28,1.34,False
YOJXUR,Ti,0.28,5.88,5.6,False
YOKBEJ,Cu,7.18,11.96,4.78,False
YOKNOC,Cu,4.58,5.48,0.9,True
YOKPEU,Cu,0.31,0.91,0.6,True
YOKWIH,Tc,5.48,6.24,0.76,True
YOLMAO,Hg,5.75,6.5,0.75,True
YOLVED,Zn,0.19,6.27,6.08,False
YOLVIH,Zn,0.44,2.42,1.98,False
YOMCAH,Cu,4.84,5.34,0.5,True
YOMGUC,Mo,0.84,5.95,5.11,False
YOMLUH,Cu,6.58,10.69,4.11,False
YOMMOC,Tc,5.16,6.33,1.17,False
YOMMUI,Tc,0.68,0.85,0.17,True
YOMMUI01,Tc,0.64,0.82,0.18,True
YOMQUQ,Zn,0.59,4.86,4.27,False
YOMWUU,Cu,1.4,6.15,4.75,False
YOMZOP,V,0.14,0.93,0.79,True
YONYEH,Zn,3.75,5.46,1.71,False
YOPDIQ,Y,0.55,3.74,3.19,False
YOPMEX,Cu,0.25,0.77,0.52,True
YOPXEG,Cu,4.79,5.85,1.06,False
YOPYEJ,Ru,5.34,5.77,0.43,True
YOQPUT,Zn,0.34,6.94,6.6,False
YOQQEE,Zn,0.54,6.94,6.4,False
YOQSOP,Co,0.27,0.49,0.22,True
YOQSUV,Co,5.34,6.07,0.73,True
YOQVEJ,Zn,0.34,5.33,4.99,False
YOQVOT,Zn,0.38,4.64,4.26,False
YOQYAG,Mn,4.44,6.66,2.22,False
YORJOE,Cu,0.58,0.91,0.33,True
YORQIJ,Ni,1.04,4.89,3.85,False
YORSEE,Fe,5.39,7.22,1.83,False
YOSJAV,Cu,0.5,1.44,0.94,True
YOSPEC,Ir,0.21,1.12,0.91,True
YOSPIG,Ir,6.1,6.77,0.67,True
YOSSIL,Zn,0.72,1.64,0.92,True
YOSWAF,Cu,5.15,6.9,1.75,False
YOSWEJ,Cu,8.25,11.27,3.02,False
YOTBUH,Mo,0.14,0.97,0.83,True
YOTCIW,W,6.31,7.34,1.03,False
YOTCUG,Zn,0.9,1.9,1.0,True
YOVTOW,Co,0.71,4.5,3.79,False
YOVXUD,Co,0.49,1.67,1.18,False
YOVYEO,Co,0.51,5.15,4.64,False
YOWHUN,Mn,4.93,5.8,0.87,True
YOWLIF,Cu,6.86,8.54,1.68,False
YOWMAA,Ir,5.19,5.96,0.77,True
YOWPOP,Zn,0.45,1.41,0.96,True
YOXDUN,Zn,0.23,5.66,5.43,False
YOXLEE,V,0.67,1.38,0.71,True
YOXMUV,W,1.16,5.94,4.78,False
YOXPEJ,Cu,0.22,0.92,0.7,True
YOXPIN,Cu,0.24,0.95,0.71,True
YOXXOB,Re,4.98,5.76,0.78,True
YOZGOK,Ir,6.51,7.43,0.92,True
YOZGUQ,Ir,5.42,5.97,0.55,True
YOZHEB,Ir,0.4,1.05,0.65,True
YOZHIF,Ir,4.95,5.81,0.86,True
YOZRAG,Fe,0.02,1.05,1.03,False
YOZTOW,Cu,5.32,5.61,0.29,True
YOZXAQ,Ir,9.67,10.39,0.72,True
YOZXES,Fe,0.22,1.22,1.0,False
YOZXIW,Fe,0.22,5.77,5.55,False
YOZYES,Fe,0.49,1.02,0.53,True
YOZYET,Os,5.36,6.13,0.77,True
YOZYIW,Fe,5.73,5.85,0.12,True
YOZYOC,Fe,5.47,5.75,0.28,True
YUBBAB,Co,4.83,5.79,0.96,True
YUBBIG,Zn,0.32,5.65,5.33,False
YUBLEP,Cu,10.4,11.85,1.45,False
YUBMAJ,Zn,6.79,12.39,5.6,False
YUBWUR,Zn,4.83,5.81,0.98,True
YUBYUQ,Co,4.31,4.64,0.33,True
YUBZAX,Zn,10.48,14.68,4.2,False
YUBZEB,Cu,7.37,10.05,2.68,False
YUBZII,Co,7.38,8.34,0.96,True
YUBZOL,Cu,5.87,8.88,3.01,False
YUCCIM,Zn,0.26,3.86,3.6,False
YUCCOS,Zn,0.24,5.99,5.75,False
YUCDOP,Cu,0.24,0.59,0.35,True
YUCHOT,Mo,5.9,5.95,0.05,True
YUCKOY,Ir,0.27,0.85,0.58,True
YUCLAL,Ir,0.28,1.02,0.74,True
YUCLEP,Ir,5.34,6.0,0.66,True
YUCYUS,Co,7.56,16.32,8.76,False
YUCZAZ,Co,0.24,0.9,0.66,True
YUCZIH,Co,4.38,6.19,1.81,False
YUCZON,Co,7.91,9.3,1.39,False
YUDDOS,Mo,5.32,5.47,0.15,True
YUDFOT,Fe,1.29,5.78,4.49,False
YUDKUG,Cu,0.68,0.84,0.16,True
YUDLAN,Cu,0.67,0.85,0.18,True
YUDTOH,Cr,0.5,1.41,0.91,True
YUDVAV,Cr,5.54,5.98,0.44,True
YUDVEZ,Cr,0.65,5.83,5.18,False
YUDWAV,Cu,4.91,6.72,1.81,False
YUDWAW,Cr,0.5,4.4,3.9,False
YUDXEA,Cu,4.21,10.88,6.67,False
YUDXIF,Ir,5.72,6.26,0.54,True
YUDXOL,Ir,5.32,6.06,0.74,True
YUDYEC,Fe,0.01,1.13,1.12,False
YUFBOR,Ti,0.09,5.76,5.67,False
YUFCIM,Cu,4.22,5.4,1.18,False
YUFDUY,Zn,11.11,11.16,0.05,True
YUFJUI,Ru,1.69,7.03,5.34,False
YUFWAA,Co,5.37,6.67,1.3,False
YUGGOY,Cu,3.27,4.61,1.34,False
YUGROH,V,0.37,1.22,0.85,True
YUHBIP,Cu,5.28,5.57,0.29,True
YUHJIW,Y,0.65,4.59,3.94,False
YUHMUN,Co,0.3,1.66,1.36,False
YUHNEY,Co,0.3,5.13,4.83,False
YUHNOI,Co,0.29,1.16,0.87,True
YUHPAW,Co,0.31,4.94,4.63,False
YUHROJ,Re,0.24,1.12,0.88,True
YUHRUP,Re,0.22,0.98,0.76,True
YUHSAW,Re,0.26,1.19,0.93,True
YUHSEA,Re,5.1,5.39,0.29,True
YUHXAB,Cu,2.26,3.09,0.83,True
YUJCAJ,Ir,5.71,6.16,0.45,True
YUJPIC,Re,4.86,5.58,0.72,True
YUJPIC02,Re,5.14,5.68,0.54,True
YUKBEN,Mn,0.92,1.94,1.02,False
YUKFUJ,Ag,1.04,2.02,0.98,True
YUKJOG,Ru,5.11,5.94,0.83,True
YUKKAT,Ru,4.95,5.83,0.88,True
YUKSIG,Cu,4.29,5.7,1.41,False
YUKZAI,Cu,11.73,12.14,0.41,True
YUMBEP,Hg,1.44,2.26,0.82,True
YUMDER,Zn,0.89,1.25,0.36,True
YUMGEV,Fe,1.22,1.37,0.15,True
YUMGOF,Fe,1.6,3.0,1.4,False
YUMMAW,Ru,0.25,0.83,0.58,True
YUMMEA,Ru,0.45,1.21,0.76,True
YUMROQ,Cu,0.28,0.62,0.34,True
YUMRUW,Cu,9.46,10.45,0.99,True
YUMXIO,Zn,0.45,5.91,5.46,False
YUNCES,Y,0.1,5.66,5.56,False
YUNDER,Cu,0.9,6.04,5.14,False
YUNGUN,Ru,5.68,5.97,0.29,True
YUNPAY,V,5.29,6.1,0.81,True
YUNPAY10,V,5.29,6.1,0.81,True
YUNWIR,Fe,0.28,6.26,5.98,False
YUNWOX,Fe,3.65,4.73,1.08,False
YUNXAK,Fe,0.37,1.12,0.75,True
YUNXEO,Fe,3.68,4.94,1.26,False
YUNXOY,Fe,0.36,5.18,4.82,False
YUNXUE,Fe,0.53,5.47,4.94,False
YUPBIX,Zn,0.72,1.61,0.89,True
YUPDOC,Cu,0.53,5.85,5.32,False
YUPGOH,Zn,4.19,5.36,1.17,False
YUPGUN,Zn,4.22,5.07,0.85,True
YUPHIC,Cu,8.08,15.84,7.76,False
YUPYUF,Cu,0.46,4.97,4.51,False
YUQHAV,Mn,1.0,1.57,0.57,True
YURJAY,Mn,1.09,3.44,2.35,False
YURMUW,Ru,11.42,12.74,1.32,False
YURTAK,Zn,4.63,5.92,1.29,False
YURTOW,Zn,5.55,7.35,1.8,False
YURWOX,Cu,0.16,4.65,4.49,False
YURZAM,Cu,1.12,5.35,4.23,False
YUSJAX,Ir,0.56,1.01,0.45,True
YUSLOP,Ru,12.68,11.49,1.19,False
YUTGUR,Ti,10.09,13.55,3.46,False
YUTHAY,Ti,13.23,8.45,4.78,False
YUTJIK,Zn,0.19,0.77,0.58,True
YUTLUW,Ni,5.35,6.28,0.93,True
YUTTEN,Zn,7.55,11.77,4.22,False
YUTVAO,Zn,0.14,0.79,0.65,True
YUVFOL,W,7.55,7.75,0.2,True
YUVHAA,Fe,0.92,4.78,3.86,False
YUVWEU,Cu,0.43,5.4,4.97,False
YUVWOF,Co,0.76,1.58,0.82,True
YUWVOC,Cr,0.7,5.59,4.89,False
YUXHUU,V,0.16,5.47,5.31,False
YUXSEP01,Cu,0.24,0.96,0.72,True
YUXZEY,Mo,0.62,4.85,4.23,False
YUXZIC,Mo,0.63,4.38,3.75,False
YUXZOI,Mo,0.64,5.83,5.19,False
YUYBAX,Mo,4.77,6.12,1.35,False
YUYBEB,Mo,0.56,0.65,0.09,True
YUYBOJ,Cu,0.17,4.85,4.68,False
YUYFUW,Cu,7.05,8.07,1.02,False
YUYHOQ,Cu,1.06,5.27,4.21,False
YUYJEI,Zn,0.65,6.39,5.74,False
YUYNAK,Pd,0.56,0.79,0.23,True
YUYZUO,Co,0.22,5.78,5.56,False
YUYZUP,Ir,4.91,6.34,1.43,False
YUZBAY,Ir,0.76,1.28,0.52,True
YUZHIM,Co,13.0,7.52,5.48,False
YUZKEL,Cr,0.11,1.28,1.17,False
YUZKIP,Mo,5.91,6.0,0.09,True
YUZNIR,Mo,0.84,1.52,0.68,True
YUZXEY,Cu,4.5,6.48,1.98,False
YUZYID,Cu,9.94,7.69,2.25,False
YUZZAW,Cu,7.93,12.79,4.86,False
ZABDIT,Cu,0.32,1.07,0.75,True
ZABDOV,Cd,4.89,6.15,1.26,False
ZACKOD,Re,0.3,1.06,0.76,True
ZACNAW,Cu,0.49,0.71,0.22,True
ZACWUV,Zn,0.52,5.28,4.76,False
ZADYOS,Mn,4.68,5.67,0.99,True
ZADYOS01,Mn,1.43,5.67,4.24,False
ZAGBET,W,4.53,5.98,1.45,False
ZAGDET,Zn,0.34,5.98,5.64,False
ZAGHEX,V,7.6,9.62,2.02,False
ZAGJID,Cu,4.64,5.46,0.82,True
ZAGKEK,W,2.16,5.21,3.05,False
ZAGLIH,Cu,8.38,4.19,4.19,False
ZAHCAR,Cu,1.29,4.66,3.37,False
ZALCUN,Co,0.68,1.45,0.77,True
ZALREN,Cu,0.36,0.78,0.42,True
ZAMCIZ,Cu,0.7,1.33,0.63,True
ZANDIB,Os,4.94,5.11,0.17,True
ZANJUT,Ir,0.38,1.13,0.75,True
ZANPIQ,Rh,7.11,7.51,0.4,True
ZAPNOT,Cr,4.87,10.43,5.56,False
ZAPNOT01,Cr,4.82,6.24,1.42,False
ZAPXAP,Zn,5.23,6.03,0.8,True
ZAQBUR,Zn,0.38,0.65,0.27,True
ZARKIP,Ir,6.37,6.43,0.06,True
ZARLEN,Cu,0.43,0.76,0.33,True
ZARLIR,Cu,5.2,5.98,0.78,True
ZASVAT,Zn,0.93,4.77,3.84,False
ZATKEK,Os,0.57,1.22,0.65,True
ZATNUF,Cu,5.2,6.54,1.34,False
ZATTEW,Ni,0.24,0.73,0.49,True
ZATTIA,Ni,5.0,5.69,0.69,True
ZATVIZ,V,0.14,0.72,0.58,True
ZATVIZ01,V,5.09,5.92,0.83,True
ZATVIZ02,V,5.11,5.91,0.8,True
ZATWIC,Cu,5.11,6.37,1.26,False
ZATWOI,Cr,0.57,5.82,5.25,False
ZATWUO,Mn,0.97,6.26,5.29,False
ZATXEZ,Co,0.73,5.88,5.15,False
ZATXID,Ni,0.88,0.94,0.06,True
ZATXOJ,Cu,0.42,5.69,5.27,False
ZATXUP,Zn,0.7,5.85,5.15,False
ZAVBON,Ru,5.04,6.27,1.23,False
ZAVBUT01,Ru,5.41,6.54,1.13,False
ZAVLEN,Cu,0.53,2.34,1.81,False
ZAVPEU,Sc,6.43,9.32,2.89,False
ZAVQAR,Mn,0.48,0.66,0.18,True
ZAVTIB,Fe,0.86,6.25,5.39,False
ZAVTUN,Fe,0.84,5.75,4.91,False
ZAVZAA,Sc,11.27,10.11,1.16,False
ZAWJEM,Fe,4.97,5.77,0.8,True
ZAWSEZ,Zn,0.27,5.58,5.31,False
ZAXFEM,V,4.67,5.42,0.75,True
ZAXLAL,V,0.3,0.9,0.6,True
ZAXLEP,V,4.21,5.33,1.12,False
ZAXNAQ,Cu,5.33,6.36,1.03,False
ZAXNAR,Cu,0.5,6.06,5.56,False
ZAXROH,Cu,0.66,1.83,1.17,False
ZAXSAU,Co,0.95,1.84,0.89,True
ZAXVOJ01,Cu,0.73,7.7,6.97,False
ZAYDAG,Mo,0.33,5.5,5.17,False
ZAYDOU,Ti,0.16,1.57,1.41,False
ZAYDUA,Ti,5.33,5.6,0.27,True
ZAYFAI,Ti,5.33,5.79,0.46,True
ZAYMUK,Fe,5.85,6.02,0.17,True
ZAZDEJ,Nb,5.18,6.35,1.17,False
ZAZDIN,Ti,0.4,5.82,5.42,False
ZAZNUJ,Fe,0.13,1.05,0.92,True
ZAZPEV,Zn,0.92,6.61,5.69,False
ZAZREA,Ru,6.38,6.41,0.03,True
ZAZVIH,Hg,2.01,5.22,3.21,False
ZEBJAR,Re,4.76,5.58,0.82,True
ZEBKAS,Zn,1.72,5.49,3.77,False
ZEBLIB,Cu,1.22,5.2,3.98,False
ZECGEX,Ti,10.64,7.18,3.46,False
ZECMEZ,Ir,0.45,1.82,1.37,False
ZECMOL,Ir,5.58,5.92,0.34,True
ZECMUR,Ir,5.36,6.44,1.08,False
ZECNAY,Ir,0.59,1.34,0.75,True
ZECNEC,Ir,6.15,6.66,0.51,True
ZEDBUF,Cu,5.19,14.08,8.89,False
ZEDDAP,Ag,5.28,6.03,0.75,True
ZEDDUJ,Hg,6.15,6.52,0.37,True
ZEDJOK,Y,0.36,5.71,5.35,False
ZEDROS,Tc,0.02,0.91,0.89,True
ZEDRUY,Tc,0.0,1.12,1.12,False
ZEDSAF,Tc,0.07,3.77,3.7,False
ZEDSOS,Cu,4.32,4.79,0.47,True
ZEDSOT,Co,10.64,10.01,0.63,True
ZEDTAD,Cu,4.69,5.82,1.13,False
ZEDTIL01,Mo,0.15,1.22,1.07,False
ZEFQIK,Zr,6.48,12.33,5.85,False
ZEFRAD,Ir,4.87,5.54,0.67,True
ZEFWAI,Fe,0.65,5.54,4.89,False
ZEGDAU,Cr,5.44,6.26,0.82,True
ZEGGOL,Cd,6.0,6.63,0.63,True
ZEGGUN,Mn,0.01,1.18,1.17,False
ZEGHEC,Mn,0.21,0.84,0.63,True
ZEGKEE,V,5.19,5.85,0.66,True
ZEGKOO,Cu,16.42,14.62,1.8,False
ZEHGEA,Fe,0.48,4.84,4.36,False
ZEHJAZ,Fe,0.52,1.6,1.08,False
ZEHKIK,Ru,0.67,1.6,0.93,True
ZEHLIL,Cd,0.85,6.16,5.31,False
ZEHMAE,Zn,0.4,5.7,5.3,False
ZEHMII01,V,5.18,5.99,0.81,True
ZEHMII02,V,5.16,5.96,0.8,True
ZEHXER,V,0.11,1.31,1.2,False
ZEHXIV,V,0.11,5.63,5.52,False
ZEHXOB,V,0.12,0.98,0.86,True
ZEHYAO,Fe,5.92,7.3,1.38,False
ZEHZOD,Fe,6.15,12.02,5.87,False
ZEJKII01,Cu,5.03,6.25,1.22,False
ZEJLUX,Rh,6.41,8.53,2.12,False
ZEJMAE,Rh,8.75,5.88,2.87,False
ZEJMUY,Rh,5.72,5.91,0.19,True
ZEKHAA,Ru,5.43,6.07,0.64,True
ZEKHAY,Cu,4.98,5.96,0.98,True
ZEKHEE,Ru,0.69,1.78,1.09,False
ZEKVOA,Cr,4.2,4.87,0.67,True
ZEKVUG,Cr,1.48,2.02,0.54,True
ZEKWOE,Cu,4.72,6.32,1.6,False
ZEKWUK,Cu,0.54,4.47,3.93,False
ZEKXES,W,0.57,1.67,1.1,False
ZELCUQ,Fe,0.69,6.31,5.62,False
ZELDAX,Fe,0.9,1.13,0.23,True
ZELPAL,Zn,1.25,5.25,4.0,False
ZELROB,Mn,4.49,6.06,1.57,False
ZEMCON,Mo,0.92,4.13,3.21,False
ZENDEF,Co,4.79,5.83,1.04,False
ZENHEI,Zn,0.92,5.21,4.29,False
ZENHOS,Cd,4.67,7.32,2.65,False
ZENHOS01,Cd,4.68,7.31,2.63,False
ZEQJOW,V,4.7,5.7,1.0,False
ZEQJOW01,V,0.43,0.59,0.16,True
ZEQLAK,Zn,5.82,6.05,0.23,True
ZEQMIU,Ti,4.68,5.84,1.16,False
ZEQNAK,Ni,0.39,1.06,0.67,True
ZEQPIY,Cu,5.0,6.22,1.22,False
ZEQPOE,Cu,0.65,5.76,5.11,False
ZEQQAQ,Ru,8.61,13.05,4.44,False
ZEQQAR,Cu,8.22,7.71,0.51,True
ZEQQEV,Cu,10.67,8.94,1.73,False
ZEQQUH,Fe,0.45,6.1,5.65,False
ZEQRUM,Cr,6.75,13.22,6.47,False
ZEQSIB,Cr,8.59,9.69,1.1,False
ZEQXEY,W,0.62,5.82,5.2,False
ZEQXIC,Mo,0.65,5.83,5.18,False
ZERDIJ,Mn,3.81,4.57,0.76,True
ZERROF,Co,0.15,5.4,5.25,False
ZETLOZ,Ru,5.51,5.65,0.14,True
ZETLOZ10,Ru,5.51,5.65,0.14,True
ZETZUT,Cu,4.97,5.26,0.29,True
ZETZUX,Fe,0.6,0.8,0.2,True
ZEVSAX,Co,0.41,1.32,0.91,True
ZEWFUE,Hf,0.76,5.96,5.2,False
ZEWGOZ,Zr,0.8,6.82,6.02,False
ZEWGUF,Zr,0.81,1.24,0.43,True
ZEWHEO,Ru,5.23,6.26,1.03,False
ZEWLIZ,Mn,5.12,6.1,0.98,True
ZEWSAZ,Co,5.49,6.81,1.32,False
ZEWSED,Co,1.37,5.49,4.12,False
ZEWVAB,Cr,5.58,6.12,0.54,True
ZEWXOQ,Cu,1.32,5.99,4.67,False
ZEXDOZ,Cu,0.89,6.34,5.45,False
ZEYCIS,Ru,11.39,9.71,1.68,False
ZEYCOY,Ru,5.29,6.81,1.52,False
ZEYWAD,Mn,5.21,6.37,1.16,False
ZEYWUV,Re,0.25,3.53,3.28,False
ZEZJOH,Ni,0.72,1.5,0.78,True
ZEZQUS,Cu,7.66,6.53,1.13,False
ZIBCIZ,Cd,1.23,7.25,6.02,False
ZIBKUQ,Co,0.95,5.3,4.35,False
ZIBLAX,Co,0.38,1.24,0.86,True
ZIBLIF,Cu,7.8,10.43,2.63,False
ZIBWUF,Cu,1.62,3.85,2.23,False
ZICGUR,Co,0.38,1.16,0.78,True
ZICKAA,Ru,5.61,11.16,5.55,False
ZICLUU,Cu,0.54,3.98,3.44,False
ZICXIS,Cu,5.99,7.86,1.87,False
ZIDSOX,La,0.44,1.42,0.98,True
ZIDSUA,Hf,0.57,1.61,1.04,False
ZIDTAH,Ti,0.34,5.69,5.35,False
ZIDZAP,Ag,6.12,9.37,3.25,False
ZIDZET,Ag,5.43,9.03,3.6,False
ZIFBIC,Cu,10.75,7.46,3.29,False
ZIFPAH,Hf,1.7,4.7,3.0,False
ZIGBAU,Cu,0.53,0.6,0.07,True
ZIGBIC,Cu,0.3,3.66,3.36,False
ZIGKOS,Sc,4.73,5.34,0.61,True
ZIGKUY,Y,10.5,16.67,6.17,False
ZIGLAF,Y,2.73,4.19,1.46,False
ZIGLUW,Rh,5.17,5.89,0.72,True
ZIGPIQ,Hg,1.12,1.41,0.29,True
ZIHRUD,Re,0.06,3.61,3.55,False
ZIHRUD10,Re,0.06,3.61,3.55,False
ZIHXET,W,5.3,6.53,1.23,False
ZIHYAT,Cu,5.62,6.04,0.42,True
ZIHYIB,Cu,4.84,5.82,0.98,True
ZIHZOI,Ti,0.2,5.66,5.46,False
ZIJBID,Mn,0.08,0.71,0.63,True
ZIJFAD,Ru,0.5,1.02,0.52,True
ZIJFEH,Ru,6.0,6.07,0.07,True
ZIJYUQ,Fe,0.23,3.83,3.6,False
ZIKBUS,Nb,10.13,10.74,0.61,True
ZIKGUZ,Cu,5.25,6.37,1.12,False
ZIKHAG,Cu,5.01,5.5,0.49,True
ZIKHOU,Cu,4.59,5.79,1.2,False
ZILXUR,Co,0.79,1.74,0.95,True
ZILYAY,Co,0.81,6.05,5.24,False
ZILZUP,Fe,7.96,9.59,1.63,False
ZILZUT,Co,5.91,7.15,1.24,False
ZIMNAN,Cu,9.7,13.12,3.42,False
ZIMXAU,Ni,8.62,11.52,2.9,False
ZINJUB,Re,4.97,5.58,0.61,True
ZINJUB01,Re,4.95,5.55,0.6,True
ZINPUJ,Cd,2.4,3.72,1.32,False
ZINRIB,Cu,5.35,6.51,1.16,False
ZINYIE,Co,5.57,6.49,0.92,True
ZIPCOQ,Zn,0.36,6.3,5.94,False
ZIPGEM,Mn,4.91,5.81,0.9,True
ZIPWUT,Zn,4.12,7.06,2.94,False
ZIQJAK,Ir,5.9,6.4,0.5,True
ZIQJAM,Fe,10.5,9.43,1.07,False
ZIQLOD,Ru,0.21,1.6,1.39,False
ZIQLUJ,Ru,5.36,5.77,0.41,True
ZIQTAY,V,0.47,0.83,0.36,True
ZIQTOM,V,5.83,13.87,8.04,False
ZIQXAY,Ir,5.18,5.24,0.06,True
ZIRCAF,Pd,4.92,5.79,0.87,True
ZIRCAG,Pt,4.79,5.9,1.11,False
ZIRHEQ,Ru,5.55,5.67,0.12,True
ZIRWEE,Cu,4.2,6.86,2.66,False
ZISNAS,Ru,0.36,1.45,1.09,False
ZISNAS01,Ru,0.37,1.47,1.1,False
ZITFIR,Rh,5.43,12.41,6.98,False
ZITLEW,Ru,4.82,5.65,0.83,True
ZITMEX,Ru,4.92,6.14,1.22,False
ZITMOE,Zn,0.2,0.73,0.53,True
ZITYUW,Co,0.45,1.66,1.21,False
ZIVWIM,Fe,4.17,6.68,2.51,False
ZIVZUC,Cu,12.19,9.46,2.73,False
ZIWBEP,Cu,12.09,14.52,2.43,False
ZIWCOB,Ni,1.01,1.38,0.37,True
ZIWDES,Ni,2.98,4.85,1.87,False
ZIWHUK,Cu,0.35,1.08,0.73,True
ZIWKUL,Mo,0.69,2.74,2.05,False
ZIWLOG,Ni,0.29,1.34,1.05,False
ZIWXEL,Co,0.73,5.84,5.11,False
ZIXFIX,V,8.63,11.86,3.23,False
ZIXGUI,Zr,5.22,7.29,2.07,False
ZIXGUI01,Zr,5.22,7.29,2.07,False
ZIXNEB,Co,0.09,1.33,1.24,False
ZIYLEA,Cu,4.87,6.14,1.27,False
ZIZMAA,Cu,4.47,6.31,1.84,False
ZIZMII,Cu,4.61,6.15,1.54,False
ZIZQOO,Cu,1.05,1.14,0.09,True
ZNPTCY,Zn,4.63,6.21,1.58,False
ZOBBEB,Cu,0.74,4.5,3.76,False
ZOBPEN,Y,0.36,7.09,6.73,False
ZOBQIQ,Co,5.82,6.59,0.77,True
ZOCBUQ,Y,0.49,7.23,6.74,False
ZOCHEH,Mn,5.57,6.07,0.5,True
ZOCHOR,Cu,0.51,4.9,4.39,False
ZOCKIN,Cu,4.54,5.28,0.74,True
ZOCSAP,Cu,0.21,0.99,0.78,True
ZOCSET,Cu,0.23,0.99,0.76,True
ZOCSIX,Cu,0.27,1.02,0.75,True
ZOCYUO,Sc,5.98,6.62,0.64,True
ZOCZAV,Sc,1.1,6.25,5.15,False
ZODZIF,Fe,5.19,5.87,0.68,True
ZODZOL,Fe,5.09,5.81,0.72,True
ZOFBAB,Fe,5.96,6.05,0.09,True
ZOFDAC,Fe,4.84,3.02,1.82,False
ZOFLAH,Cu,5.06,5.26,0.2,True
ZOFYIG,V,5.02,5.7,0.68,True
ZOFZIG,Cu,5.17,5.6,0.43,True
ZOGYED,Zn,0.88,0.96,0.08,True
ZOGYIH,Mn,0.96,6.77,5.81,False
ZOHZIF,Ru,0.34,5.62,5.28,False
ZOHZOL,Ru,4.77,6.06,1.29,False
ZOJGAK,Cu,1.25,6.42,5.17,False
ZOJGEO,Cu,1.01,6.28,5.27,False
ZOJGIS,Cu,1.15,6.39,5.24,False
ZOJJAL,Cu,0.97,1.21,0.24,True
ZOJSEZ,V,5.0,5.6,0.6,True
ZOJWOO,Zn,0.36,5.47,5.11,False
ZOKCEL,Cu,4.21,6.26,2.05,False
ZOKJIU,V,5.9,8.01,2.11,False
ZOKMIV,Zn,0.6,1.5,0.9,True
ZOKTUQ,Ta,12.6,13.02,0.42,True
ZOKWIH,Co,5.61,11.4,5.79,False
ZOKWIH01,Co,5.59,10.63,5.04,False
ZOKWIH02,Co,5.59,10.63,5.04,False
ZOLBAD,Tc,0.1,1.71,1.61,False
ZOLLUH,Cd,0.41,1.07,0.66,True
ZOLMAO,Cd,1.62,1.9,0.28,True
ZOLZIN,Zn,4.69,6.56,1.87,False
ZOLZOT,Cu,5.66,6.45,0.79,True
ZOMBAI,Cu,1.4,5.4,4.0,False
ZOMGEN,Re,0.25,0.76,0.51,True
ZOMJUG,Mo,0.07,0.98,0.91,True
ZOPKUK,Ni,4.45,5.14,0.69,True
ZOPLAT,Ru,0.41,1.58,1.17,False
ZOPNOH,Mn,5.44,6.28,0.84,True
ZOPPAV,V,0.25,3.88,3.63,False
ZOPWOS,Rh,0.57,5.9,5.33,False
ZOPXEH,V,5.42,5.93,0.51,True
ZOQGIZ,Cu,5.05,5.95,0.9,True
ZOQKEV,Mo,4.37,10.72,6.35,False
ZOQRAB,Co,0.47,1.64,1.17,False
ZORCOA,Ir,5.48,5.6,0.12,True
ZORQII,Fe,0.62,0.76,0.14,True
ZORYUC,W,0.89,6.16,5.27,False
ZORZEN,W,0.98,5.87,4.89,False
ZOSDIU,Cu,4.76,6.58,1.82,False
ZOSFIZ,Zn,0.95,6.73,5.78,False
ZOSGAS,Zn,5.19,5.6,0.41,True
ZOSJOJ,Fe,5.08,11.41,6.33,False
ZOSKEA,Zn,10.54,9.93,0.61,True
ZOSKUQ,Mn,6.65,6.84,0.19,True
ZOTMIH,Zn,3.18,6.08,2.9,False
ZOTMON,Zn,6.02,8.65,2.63,False
ZOTPIK,Mn,0.59,0.74,0.15,True
ZOTQAE,Ru,5.71,6.28,0.57,True
ZOTQEI,Ru,5.52,6.23,0.71,True
ZOTVOT,Rh,5.81,11.32,5.51,False
ZOVMUU,Fe,0.67,6.15,5.48,False
ZOVRIP,W,2.45,9.55,7.1,False
ZOVSEI,Zn,0.9,3.74,2.84,False
ZOVSUA,Co,0.74,5.04,4.3,False
ZOVTEL,Co,5.42,6.0,0.58,True
ZOVVAK,Mn,0.32,0.71,0.39,True
ZOVZUF01,Cu,4.32,6.49,2.17,False
ZOWBAO,Cu,4.46,6.83,2.37,False
ZOWBAO01,Cu,4.46,6.83,2.37,False
ZOWFEY,Ir,6.35,6.47,0.12,True
ZOWMUT,Mn,5.42,5.99,0.57,True
ZOWNUU,Cr,0.64,1.91,1.27,False
ZOWRUA,Os,6.56,6.68,0.12,True
ZOWSEL,Os,5.95,5.95,0.0,True
ZOXBEV,Ru,0.75,1.18,0.43,True
ZOXCUK,Zr,3.06,5.33,2.27,False
ZOXKOO,Fe,0.81,1.85,1.04,False
ZOXLIJ,Ru,2.01,5.32,3.31,False
ZOXTOV,Ru,0.14,0.88,0.74,True
ZOYBUK,Cr,5.69,5.9,0.21,True
ZOYCAR,Mo,5.59,5.98,0.39,True
ZOYHAY,Co,0.36,0.93,0.57,True
ZOYTIT,Co,0.73,1.1,0.37,True
ZOYYUH,Cr,5.21,5.87,0.66,True
ZOZDEX,Cu,0.2,6.1,5.9,False
ZOZDUR,Ti,0.29,5.58,5.29,False
ZOZMIN,Cu,5.2,12.75,7.55,False
ZOZMIO,Ta,0.35,5.69,5.34,False
ZOZPEJ,Cu,4.54,5.9,1.36,False
ZOZSOA,Ta,1.84,2.07,0.23,True
ZOZZUN,Zn,0.73,5.72,4.99,False
ZUBCIK,Zn,4.66,6.28,1.62,False
ZUBPEV,Fe,0.55,5.63,5.08,False
ZUBSOE,Cu,0.63,6.52,5.89,False
ZUBVAX,Ag,0.89,1.25,0.36,True
ZUCBEH,Hf,0.81,6.5,5.69,False
ZUCJEP,Ti,0.16,0.97,0.81,True
ZUCJIT,Ti,0.17,5.5,5.33,False
ZUCJOZ,Ti,0.17,1.01,0.84,True
ZUCJUF,Ti,0.09,5.48,5.39,False
ZUCKAM,V,0.11,0.98,0.87,True
ZUCKIU,V,0.12,5.38,5.26,False
ZUCKOA,V,0.06,5.46,5.4,False
ZUDJIR,Cu,4.91,5.79,0.88,True
ZUDJOZ,Fe,4.26,6.87,2.61,False
ZUGVEC,Zn,6.61,16.05,9.44,False
ZUGXAA,Cd,0.98,4.94,3.96,False
ZUGXEE,Cd,1.04,5.11,4.07,False
ZUGYEF,Tc,4.32,5.32,1.0,False
ZUGZAE,V,0.17,0.56,0.39,True
ZUHCIO,Zn,0.45,0.61,0.16,True
ZUHDOV,Cu,5.13,6.31,1.18,False
ZUHMOG,Cu,4.05,6.19,2.14,False
ZUJDIT,Cu,4.81,5.04,0.23,True
ZUJGES,Ti,2.93,10.03,7.1,False
ZUJRAZ,Fe,0.36,0.71,0.35,True
ZUJTED,Ru,1.58,4.72,3.14,False
ZUJVIL,Cu,0.17,4.56,4.39,False
ZUJXOR,Re,0.44,5.9,5.46,False
ZUKGOB,Ta,8.52,8.48,0.04,True
ZUKNEA,Ru,4.98,5.62,0.64,True
ZUKNIE,Ru,5.03,6.32,1.29,False
ZUKNUQ,Ru,0.59,0.66,0.07,True
ZUKPOM,Ru,5.71,6.18,0.47,True
ZULSOO,Cu,11.83,6.8,5.03,False
ZULWIP,Cd,0.53,5.96,5.43,False
ZULXIQ,Cu,4.18,5.93,1.75,False
ZUMGIB,Co,0.25,1.28,1.03,False
ZUMPAC,Zn,0.84,4.24,3.4,False
ZUMSEH,Fe,1.04,6.42,5.38,False
ZUNDIN,Ni,4.54,6.23,1.69,False
ZUNKOM,Cu,4.29,5.94,1.65,False
ZUNLAX,V,0.42,5.73,5.31,False
ZUNVOT,Ir,5.17,5.76,0.59,True
ZUNYAM,Cu,0.86,1.26,0.4,True
ZUPCUK,Cu,4.96,6.17,1.21,False
ZUPDAR,Cu,5.29,6.16,0.87,True
ZUPHEX,Cu,5.07,6.08,1.01,False
ZUPHIB,Cu,1.7,4.2,2.5,False
ZUQROW,Re,0.57,5.97,5.4,False
ZUQTAJ,Mn,2.63,5.66,3.03,False
ZUQTIR,Fe,4.19,5.09,0.9,True
ZUQWEQ,Co,0.64,0.7,0.06,True
ZUQYUF,Ir,0.24,1.44,1.2,False
ZUQZET,Fe,0.72,5.07,4.35,False
ZURBET,Tc,0.28,5.32,5.04,False
ZURDEV,Fe,0.65,1.32,0.67,True
ZURTUF,Cu,4.98,5.16,0.18,True
ZURVAN,Cu,2.65,5.27,2.62,False
ZURVER,Cu,4.36,7.27,2.91,False
ZURZIV,Cu,0.06,5.49,5.43,False
ZURZOB,Cu,0.44,4.52,4.08,False
ZUSREK,V,4.88,5.97,1.09,False
ZUSTUC,Mo,4.62,5.79,1.17,False
ZUTNUZ,Zn,0.57,6.55,5.98,False
ZUTQEK,Zn,0.25,0.68,0.43,True
ZUTSEP,Os,4.72,11.08,6.36,False
ZUVVOE,Zn,4.74,5.94,1.2,False
ZUWCAZ,Co,0.64,1.52,0.88,True
ZUWRAN,Ru,6.34,6.35,0.01,True
ZUXGIL,V,0.15,3.55,3.4,False
ZUXNIP,W,0.99,5.59,4.6,False
ZUXPEP,Zn,0.25,0.75,0.5,True
ZUYHOQ,Ru,3.14,5.56,2.42,False
ZUYNEM,Fe,11.08,15.26,4.18,False
ZUYSUK,Pd,5.84,6.43,0.59,True
ZUYWAU,Cu,9.45,6.82,2.63,False
ZUZLIS,Ir,5.87,6.41,0.54,True
ZUZLOY,Ir,1.78,6.84,5.06,False
ZUZNOA,Pt,0.53,1.58,1.05,False
ZZZAQD01,Re,5.23,5.69,0.46,True
ZZZKWM01,Cu,5.22,6.64,1.42,False
ZZZKWM02,Cu,1.28,5.19,3.91,False
ZZZKWM03,Cu,1.28,5.19,3.91,False
ZZZKWM04,Cu,1.28,5.2,3.92,False
ZZZKWM05,Cu,5.19,6.59,1.4,False
ZZZKWM06,Cu,1.3,5.19,3.89,False
ZZZKWO01,Mn,5.52,6.8,1.28,False
ZZZKWO02,Mn,1.49,5.53,4.04,False
