L3_hash,n_records,n_refcodes,unique_L0,unique_L1,unique_L2,CN,metal,ligand_signature,geometry_span,max_pairwise_CShM_distance,crosses_shape_boundary,representative_refcodes
463888590564,3,3,3,3,2,4,Pd,[H]C([H])([H])OC(S)S;[H]C([H])([H])OC(S)S,10.1,10.1001,True,LINMOL;LINMOL01;LINMOL02
413504888459,2,2,2,2,2,4,Ni,[H]N([H])C(S)S;[H]N([H])C(S)S,9.84,10.997,False,NIDTHC10;NIDTHC11
371011783775,6,6,6,4,2,4,Ni,[H]C(=NC1C([H])C([H])C([H])C([H])C1N=C([H])C1C([H])C([H])C([H])C(OC([H])([H])C([,9.25,12.1622,True,IKEXEC;MIGTEE;MIGTEE01;MIGTEE02;MIGTEE03;SONXUP
918517807621,2,2,2,2,1,4,Cu,[H]C(=NC(C#N)=C(C#N)N=C([H])C1C([H])C([H])C([H])C([H])C1O)C1C([H])C([H])C([H])C(,9.1,9.3936,True,TOPHIP;TOPHIP01
459862244708,3,3,3,2,2,4,Pd,[H]C([H])([H])C([H])([H])OC(S)S;[H]C([H])([H])C([H])([H])OC(S)S,8.97,10.5926,False,GADNOP;GADNOP01;GADNOP02
99885397104,4,4,4,2,1,4,Pt,[H]C([H])([H])C([H])([H])OC(S)S;[H]C([H])([H])C([H])([H])OC(S)S,8.97,11.9627,False,YOSNAV01;YUVSAN;YUVSER;YUVYIB
426961457385,2,2,2,2,1,4,Co,[H]C(=NC1C([H])C([H])C([H])C([H])C1N=C([H])C1C([H])C([H])C([H])C([H])C1O)C1C([H],8.91,9.1541,True,COSALP10;COSALP11
590391935808,2,2,2,2,2,4,Ni,Cl;[H]C(=NC1C([H])C([H])C([H])C2C([H])C([H])C([H])NC12)C1C([H])C(C(C([H])([H])[H,8.91,9.096,False,VETTUM;VETTUM01
356898165187,3,3,3,3,2,4,Ni,[H]C(=NC([H])([H])C([H])([H])N=C([H])C1C([H])C([H])C([H])C([H])C1O)C1C([H])C([H],8.88,8.8814,False,COXNIN;FEYWEM;TUBJEH
473044553894,3,3,3,2,1,4,Ni,[H]C1C([H])C(S(=O)(=O)N=C(S)S)C([H])C([H])C1C([H])([H])[H];[H]C1C([H])C(S(=O)(=O,8.71,8.7101,False,LARMEY;LARMOI;LARMUO
888391653448,2,2,2,2,2,4,Cu,[H]C1C([H])C([H])C2SC(=NN=C3N(C([H])([H])[H])C([H])([H])C([H])([H])N3C([H])([H]),8.69,9.718,True,SAQJUT;SAQKAA
15051971201,2,2,2,2,2,4,Ni,[H]C1C([H])C2NC(C1[H])C([H])([H])N(C([H])([H])[H])C([H])([H])C([H])([H])N(C([H]),8.17,17.6365,True,HAPFUD;HAPGAK
619191397574,4,4,4,2,2,4,Zn,[H]C1C([H])C([H])C(C([H])([H])N(C(S)S)C([H])([H])C2C([H])C([H])C([H])C([H])C2[H],8.16,8.2073,False,IPEHOA01;IPEHOA02;IPEHOA03;IPEHOA04
739455498492,2,2,2,2,2,4,Ni,[H]C1C([H])C([H])C(C(N[Si](C([H])([H])[H])(C([H])([H])[H])C([H])([H])[H])N[Si](C,8.05,9.0114,False,TAPKEB;VAWKOT
138713195408,5,5,5,4,2,6,Cu,O=N(O)O;[H]C1NC2C3NC([H])C([H])C([H])C3C([H])C([H])C2C([H])C1[H];[H]C1NC2C3NC([H,7.92,8.1613,True,GALFEJ;OWUQOO;WEMKUX;WEMKUX01;WEMKUX02
261231273898,2,2,2,2,2,4,Cr,[H]C([H])([H])C(NC1([H])C([H])([H])C([H])([H])C([H])([H])C([H])([H])C1([H])[H])N,7.84,8.2758,True,LEGFOS;LEGFOS01
775942061520,4,4,4,3,2,6,Fe,[H]C(=NC([H])([H])C([H])([H])C([H])([H])[H])c1nc(C([H])([H])[H])n([H])c1[H];[H]C,7.57,7.5822,False,BAKGUR;BAKGUR01;RANDER;RANDER04
5920713159,11,11,11,8,2,6,Zn,[H]C(=NC([H])([H])C([H])([H])N(C([H])([H])C([H])([H])N=C([H])C1NC(C([H])([H])[H],7.56,8.1043,True,NIQGAW;NIQGAW01;NIQGAW02;NIQGAW03;NIQGAW04;NIQGAW05
969556754373,23,23,23,9,2,6,Fe,[H]C1NC(C2NC([H])C([H])C([H])C2[H])C([H])C([H])C1[H];[H]C1NC(C2NC([H])C([H])C([H,7.55,7.5617,True,GOLNEE;HIYREO;HUCJIB;HUCJIB01;JOSVOE;LOQFII
335338447408,10,10,10,8,2,6,Fe,[H]C(=NC([H])([H])C([H])([H])N(C([H])([H])C([H])([H])N=C([H])C1NC(C([H])([H])[H],7.45,10.3244,True,NIQFUP06;NIQFUP07;NIQFUP08;NIQFUP09;NIQFUP10;NIQFUP11
138760508298,8,8,7,4,2,4,Ni,[H]C(=NC1C([H])C([H])C([H])C([H])C1N=C([H])C1C([H])C([H])C([H])C([H])C1O)C1C([H],7.42,9.0895,True,ZZZTZI02;ZZZTZI03;ZZZTZI05;ZZZTZI06;ZZZTZI07;ZZZTZI09
282230833682,10,10,10,8,2,6,Zn,[H]C1NC(C2NC([H])C([H])C([H])C2[H])C([H])C([H])C1[H];[H]C1NC(C2NC([H])C([H])C([H,7.32,7.688,True,OLOCOI;TEBSUP;TEBSUP01;TOMSUL;UTAXUL;WOTSON
264369328494,2,2,2,2,1,5,Ni,[H]C([H])([H])N1C([H])([H])C([H])([H])N(C([H])([H])[H])C([H])([H])C([H])([H])N(C,7.28,8.7532,False,XIPHEN;XIPVAX
957212155142,33,33,33,15,2,6,Co,[H]C1NC2C3NC([H])C([H])C([H])C3C([H])C([H])C2C([H])C1[H];[H]C1NC2C3NC([H])C([H]),7.19,10.9071,True,AGOYIF;CUGPOL;ESOPUY03;ETUPOZ;FOTLIL;IMUKIN
107804006950,3,3,3,3,2,6,Ru,[H]C1NC(C2NC([H])C([H])C(C([H])([H])[H])C2[H])C([H])C(C([H])([H])[H])C1[H];[H]C1,7.15,7.393,False,COKTEE;XUVMOT;ZASNEQ
12128114144,21,21,21,8,2,6,Ni,[H]C1NC(C2NC([H])C([H])C([H])C2[H])C([H])C([H])C1[H];[H]C1NC(C2NC([H])C([H])C([H,7.13,10.4225,True,BEKNUD;CUVFUV;CUVGEG;DACGOG;EZUBAE;FODPAS
335304803440,6,6,6,3,1,4,Cu,[H]C1C([H])C(C(O)=NN2C([H])(C([H])([H])[H])C([H])([H])C([H])([H])C([H])([H])C2([,7.1,11.3313,True,OBUTAK;OBUTEO;OBUTIS;OBUTUE;OBUTUE02;OBUVIU
917848818240,2,2,2,2,2,6,Fe,[H]c1nn(C2NC(n3nc([H])c([H])c3[H])C([H])C(C([H])([H])OC(=O)C([H])([H])[H])C2[H]),7.07,7.3529,True,XOWYOB;XOWZAO
445589063455,24,24,24,8,2,6,Co,[H]C1NC(C2NC(C3NC([H])C([H])C([H])C3[H])C([H])C([H])C2[H])C([H])C([H])C1[H];[H]C,7.05,9.2626,True,AGUREC;AGUREC02;AGUREC03;AHADEV;AHADEV01;AHADEV02
8496987319,31,31,30,13,2,6,Fe,[H]C(=NC1C([H])C([H])C([H])C2C([H])C([H])C([H])NC12)C1C([H])C(I)C([H])C([H])C1O;,7.03,10.3528,True,LECLUD;LECLUD01;LECLUD02;LECLUD03;LECLUD04;LECLUD05
600175641277,10,10,10,8,2,6,Mn,Cl;[H]C1NC2C3NC([H])C([H])C([H])C3C([H])C([H])C2C([H])C1[H];[H]C1NC2C3NC([H])C([,7.01,9.1972,True,EQOQOR;FIRPIG;FIRPIG01;FIRPIG02;HEGGEJ;IRONOS
211583572028,36,36,36,9,2,6,Ni,[H]C1NC2C3NC([H])C([H])C([H])C3C([H])C([H])C2C([H])C1[H];[H]C1NC2C3NC([H])C([H]),6.95,10.4235,True,DICVIU;ESUYUM;FABCAO;FOTLOR;GICMUC;GUYNIZ
335365930689,17,17,17,10,2,6,Ru,[H]C1NC(C2NC([H])C([H])C([H])C2[H])C([H])C([H])C1[H];[H]C1NC(C2NC([H])C([H])C([H,6.93,10.1948,True,BPYRUF;BPYRUF02;BPYRUF10;BPYRUF11;BPYRUF12;BPYRUG
149738725964,46,46,46,12,2,6,Fe,[H]c1c(C2NC(c3nn([H])c([H])c3[H])C([H])C([H])C2[H])nn([H])c1[H];[H]c1c(C2NC(c3nn,6.91,10.6558,True,HOMXIT02;HUNBAV;JOHKID;KOMDEZ;LALYAC01;LALYAC02
848262167399,2,2,2,2,2,4,Ni,[H]C1C([H])C(S(=O)(=O)NC(S)S)C([H])C([H])C1Cl;[H]C1C([H])C(S(=O)(=O)NC(S)S)C([H],6.89,6.9837,False,QINGAX;QIPNUA
168846383665,18,18,18,8,2,6,Zn,[H]N([H])C([H])([H])C([H])([H])N([H])[H];[H]N([H])C([H])([H])C([H])([H])N([H])[H,6.87,9.4852,True,DUJZEO;FANQEQ;GOGFIS;KAXTAF;LELVIJ;LELVIJ01
418920669646,3,3,3,3,2,6,W,Cl;Cl;[H]C([H])([H])P(C([H])([H])[H])C([H])([H])[H];[H]C([H])([H])P(C([H])([H])[,6.85,6.9779,False,EXOPAJ;ZEVNIX;ZEVNIX02
850113199499,2,2,2,2,1,4,Cu,[H]N([H])C([H])([H])C(=O)O;[H]OC([H])([H])C([H])(C(=O)O)N([H])[H],6.85,6.9142,False,KOGTOP;QQQGZV01
635668377708,2,2,2,2,1,4,Cu,[H]C1C([H])C([H])C(C(O)=NN=C(C2=C(O)C3C([H])C([H])C(OC(=O)C([H])([H])[H])C([H])C,6.81,8.0168,False,PIXBUX;PIXCAE
963995938226,4,4,4,4,1,6,Fe,[H]C(=NN([H])C1NC([H])C([H])C([H])N1)C1C([H])C([H])C([H])C([H])C1O;[H]C(=NN([H]),6.79,6.7942,True,NEYSAO;NEYSAO01;NEYXUN;NEYYAU
220640896181,3,3,3,3,1,6,Fe,[H]C1NC(C2NC([H])C([H])C(C([H])([H])[H])C2[H])C([H])C(C([H])([H])[H])C1[H];[H]C1,6.72,7.2571,False,POLXEV;ZASCII;ZASMAK
202719464513,2,2,2,2,1,6,Fe,[H]C(=NN([H])C(=S)N([H])[H])C1C([H])C(I)C([H])C([H])C1O;[H]C(=NN=C(S)N([H])[H])C,6.72,6.7985,True,PURQEC;PURQEC01
262820273391,2,2,2,2,1,6,Tc,Cl;Cl;[H]C1C([H])C([H])C(P(C2C([H])C([H])C([H])C([H])C2[H])C([H])([H])P(C2C([H]),6.71,7.1641,True,HUKBOE;HUKBUK
168865777972,15,15,14,8,1,6,Fe,N=C=S;N=C=S;[H]C(=NC1C([H])C([H])C(C2C([H])C([H])C([H])C([H])C2[H])C([H])C1[H])C,6.71,10.051,True,RONPIT;RONPIT01;RONPIT04;RONPIT26;RONPIT27;RONPIT30
828112134251,4,4,3,3,2,4,Zn,[H]C([H])([H])C(=O)O;[H]C([H])([H])C(=O)O;[H]c1nc([H])n([H])c1[H];[H]c1nc([H])n(,6.68,8.5553,False,ECBIMC01;ECBIMC10;ECBIMC11;ECBIMC12
762696221550,2,2,2,2,2,5,Cu,Cl;Cl;[H]C(=NC([H])([H])C([H])([H])N1C([H])([H])C([H])([H])OC([H])([H])C1([H])[H,6.67,6.6826,True,BACWAI;BACYEO
133028987816,4,4,4,4,1,6,Mn,N=C=S;N=C=S;[H]C1NC(C2NC([H])C([H])C([H])C2[H])C([H])C([H])C1[H];[H]C1NC(C2NC([H,6.67,8.9083,True,BPYMNA01;BPYMNA02;BPYMNA03;NOVFUB
405877553776,19,19,19,11,2,6,Fe,[H]C(=NC1C([H])C([H])C([H])C2C([H])C([H])C([H])NC12)C1C([H])C([H])C([H])C([H])C1,6.67,9.4023,True,DEYZIS;DUMFEX;MUBPEE;QECYIJ;QEDCUA;QIXHIR
627193950785,5,5,5,4,1,6,Cd,[H]N([H])C([H])([H])C([H])([H])N([H])C([H])([H])C([H])([H])N([H])[H];[H]N([H])C(,6.66,8.9574,False,EFOQAR;HOYSIB;KESLUQ;TIBPUQ;TOBFOG
143345968978,2,2,2,2,2,6,Co,N=C=S;N=C=S;[H]C(=NC1C([H])C([H])C(C#CC2C([H])C([H])C([H])C([H])C2[H])C([H])C1[H,6.66,6.7205,True,XUQRIK;XUQRIK01
232801859753,124,124,117,23,2,6,Fe,[H]C(=NC1C([H])C([H])C([H])C2C([H])C([H])C([H])NC12)C1C([H])C(OC([H])([H])[H])C(,6.65,9.7355,True,FIBWOE01;FIBWOE15;FIBWOE49;FIBWOE50;KICVID;OPEMII
989245211865,3,3,3,3,2,4,Cu,[H]C([H])([H])N(C(S)S)C([H])([H])[H];[H]C([H])([H])N(C(S)S)C([H])([H])[H],6.62,6.655,True,DMTCCU;DMTCCU01;IBESAJ
220227082441,2,2,2,2,1,4,Ni,N=C=S;[H]C1NC(C(=NN=C(S)N([H])C2C([H])C([H])C([H])C([H])C2[H])C2C([H])C([H])C([H,6.62,6.737,False,HINSUV;HINTAC
63834753436,32,32,32,11,2,6,Fe,[H]C1C(C(=O)O)NC(C(=O)O)C([H])C1[H];[H]C1C(C(=O)O)NC(C(=O)O)C([H])C1[H],6.6,10.0865,True,BOLCOW;CAJSAK;CAJWAO;DEGNUB;DEGQUE;GANWAV
273619057096,2,2,2,2,1,6,Ni,[H]C1C([H])C([H])C(C([H])([H])SC([H])([H])C([H])(C2C([H])C([H])C([H])C([H])C2O)N,6.6,12.0987,False,NESJOK;NESJUQ
186732766113,7,7,7,6,1,6,Zn,[H]N([H])C([H])([H])C([H])([H])N([H])C([H])([H])C([H])([H])N([H])[H];[H]N([H])C(,6.56,10.1384,True,FODZEE01;IDUHIZ;QAGCEH;QOZBAL;QULVUS;YAMNEG
668685189441,15,15,15,10,2,6,Mn,Cl;Cl;[H]C1NC2C3NC([H])C([H])C([H])C3C([H])C([H])C2C([H])C1[H];[H]C1NC2C3NC([H]),6.55,6.6401,True,ASOYIQ;DOQPOS;PIPYEV;RECMOB02;RECMOB04;RECMOB05
717091134588,2,2,2,2,2,4,Ti,[H]C([H])([H])C([H])(O)C([H])([H])[H];[H]C([H])([H])C([H])(O)C([H])([H])[H];[H]C,6.52,8.1861,False,ENARAN;ENARAN01
903422002988,4,4,4,3,2,6,Co,[H]C1NC(c2nnc(C3NC([H])C([H])C([H])C3[H])n2N([H])[H])C([H])C([H])C1[H];[H]C1NC(c,6.51,6.6179,False,AZIPUV;CEFDIC;MERSAG;MERSEK
342317358907,2,2,2,2,2,4,Ni,[H]C([H])([H])OC(S)S;[H]C([H])([H])OC(S)S,6.5,9.3636,False,GOQYUG;GOQYUG01
485530239751,2,2,2,2,1,6,Zn,[H]C1NC(c2nnc(C3NC([H])C([H])C([H])C3[H])n2N([H])[H])C([H])C([H])C1[H];[H]C1NC(c,6.47,7.3751,False,KESPUV;ZOCYIZ
414221562168,3,3,3,3,2,6,Mn,[H]C1NC(C2NC(C3NC([H])C([H])C([H])C3[H])C([H])C([H])C2[H])C([H])C([H])C1[H];[H]C,6.46,7.8274,False,BINZAA;MEVSEL;SIWFIN
969727536789,10,10,10,7,2,6,Co,[H]N([H])C([H])([H])C([H])([H])N([H])C([H])([H])C([H])([H])N([H])[H];[H]N([H])C(,6.46,7.3147,False,ERINID;FEQQIE;FEQQIE01;FEQQIE02;HOLGEW;HOLGEW01
848690761113,3,3,3,3,2,6,Ni,N#CNC#N;N#CNC#N;[H]N1C([H])([H])C([H])([H])N([H])C(C([H])([H])[H])(C([H])([H])[H,6.46,6.8776,True,ESOYEQ;IGEGUX;IGEHAE
613833136977,6,6,6,6,2,6,Co,[H]C1NC2C3NC([H])C([H])C([H])C3C([H])C([H])C2C([H])C1[H];[H]O[H];[H]O[H];[H]O[H],6.46,6.5183,True,HIQTAD;NANHAM;PEYJAF;WUQMEA;XICTUZ;XICTUZ01
266824910474,2,2,2,2,2,4,Ni,[H]C(=NC([H])([H])C([H])([H])N=C([H])C1C([H])C([H])C([H])C(OC([H])([H])[H])C1O)C,6.45,14.244,False,AXUTOE;WAVZAU02
106379663303,6,6,6,3,2,6,Cu,[H]C1NC(C([H])([H])N([H])[H])C([H])C([H])C1[H];[H]C1NC(C([H])([H])N([H])[H])C([H,6.45,6.5488,False,DUJREF;DUJREF01;DUJREF02;DUJREF03;DUJREF04;DUJREF05
45729197188,2,2,2,2,1,5,Cu,[H]C(=O)O;[H]C(O)O;[H]C1([H])N2C([H])([H])C3([H])C([H])([H])C([H])(C([H])([H])N4,6.41,7.289,False,ORIVER;ORIVIV
300575563016,3,3,2,2,1,6,Fe,[H]C([H])([H])P(C([H])([H])[H])C([H])([H])[H];[H]C([H])([H])P(C([H])([H])[H])C([,6.41,6.4201,True,SOCVUB;SOCVUB01;SOCVUB02
226370919417,2,2,2,2,2,4,Cu,[H]NC(=O)N([H])C(=O)NC1C([H])C([H])C([H])C([H])C1NC(=O)N([H])C(=O)N[H],6.4,12.4765,False,PBIUCU;PBIUCU01
65791289004,19,19,19,9,2,6,Co,[H]C1C(C(=O)O)NC(C(=O)O)C([H])C1[H];[H]C1C(C(=O)O)NC(C(=O)O)C([H])C1[H],6.39,10.1924,True,AWORIO;AYOFIF;BIPJIV;CAJRUD;ETUZEZ;JEPHIY
347530564725,4,4,4,3,1,6,Fe,[H]OC([H])([H])C1C([H])C(n2nc([H])c([H])c2[H])NC(n2nc([H])c([H])c2[H])C1[H];[H]O,6.39,6.3923,True,IYUFOX;IYUFOX02;NESVOX01;NESVOX02
509545493683,2,2,2,2,1,6,Re,C#O;C#O;C#O;[H]O[H];[H]c1c(C([H])([H])[H])nn(C2NNC(C(=O)O)C([H])C2[H])c1C([H])([,6.34,6.4153,False,HOTLUA;HOTLUA01
917656165342,20,20,20,8,2,6,Cu,[H]C1C(C(=O)O)NC(C(=O)O)C([H])C1[H];[H]C1C(C(=O)O)NC(C(=O)O)C([H])C1[H],6.33,6.8369,True,BABCOY;BEYCOB;BIPQUM;CAJREN;CIVHAU;ETURUH
31529834457,2,2,2,2,1,4,Cu,[H]C(=NN([H])C(=O)C([H])([H])[H])C1C(O)C([H])C([H])C2C([H])C([H])C([H])C([H])C12,6.32,6.3276,False,FUBFUF;FUBFUF01
925255571039,2,2,2,2,1,6,Cu,O=[N+]([O-])O;O=[N+]([O-])O;[H]N([H])C([H])([H])C([H])([H])C([H])([H])N([H])[H];,6.31,6.4346,True,DAPCUN01;DAPCUN02
318146039308,2,2,2,2,2,4,Ni,[H]C([H])([H])C(=O)O;[H]C([H])([H])C(=O)O;[H]C1C([H])C([H])C(P(C([H])([H])[H])C(,6.31,6.6891,False,JAYWOZ;SAFQEA
203799046514,127,127,115,7,2,6,Ni,[H]O[H];[H]O[H];[H]O[H];[H]O[H];[H]O[H];[H]O[H],6.3,9.9081,True,AFEYAN;ASAXAU;ATUQAH;AYODUP;BAVYUS01;BECRIL
115652884286,8,8,8,5,1,6,Ni,[H]C1NC(C2NC(C3NC([H])C([H])C([H])C3[H])C([H])C([H])C2[H])C([H])C([H])C1[H];[H]C,6.3,7.0261,True,FAGGOL;FIWNOP;HOPREN;IQUHAF;NUGHEF;VUGNOE
526854492386,5,5,5,4,2,6,Fe,[H]C1C(C2=NC(C([H])([H])[H])(C([H])([H])[H])C([H])([H])O2)NC(C2=NC(C([H])([H])[H,6.29,6.6897,False,AWUKEK;AWUKEK01;DUSMAH;DUSMAH01;DUSMUB
255031756624,5,5,5,4,1,6,Cu,[H]C1NC(C2NC(C3NC([H])C([H])C([H])C3[H])C([H])C([H])C2[H])C([H])C([H])C1[H];[H]C,6.29,7.6038,True,BEJPUB;FIWNUV;TERPYC01;TERPYC02;XENLOU
80373269738,22,22,22,7,2,6,Ni,[H]C1C(C(=O)O)NC(C(=O)O)C([H])C1[H];[H]C1C(C(=O)O)NC(C(=O)O)C([H])C1[H],6.29,6.377,True,BIPJUG;CAJROX;ECENOP01;EHISAP;EQECUA;EQEDAH
872425444634,3,3,3,3,1,6,Zn,[H]O[H];[H]O[H];[H]c1c(C(=O)O)nn([H])c1C(=O)O;[H]c1c(C(=O)O)nn([H])c1C(=O)O,6.27,6.7353,False,AGEJEE;NAMNOF;ULENUW
550023420127,14,14,14,9,2,6,Co,[H]OC([H])([H])C1C([H])C(C2NC([H])C([H])C([H])C2[H])NC(C2NC([H])C([H])C([H])C2[H,6.27,6.6785,True,BIXSIO;BIXSIO01;BIXSIO02;BIXSOU;BIXSOU01;BIXSOU02
822210941115,5,5,5,4,1,6,Re,C#O;C#O;C#O;[H]N([H])C([H])([H])C([H])([H])N([H])C([H])([H])C([H])([H])N([H])[H],6.26,8.366,True,BUPXAO;BUPXES;BUPYOD;TIYVIH;TIYVON
136785826344,2,2,2,2,1,6,Re,O;O=C(O)C(=O)O;O=C(O)C(=O)O;[H]C1C([H])C([H])C(P(C2C([H])C([H])C([H])C([H])C2[H],6.26,6.3612,True,HIQXAH;LUSKEQ
876576900495,3,3,3,3,2,6,Mn,Cl;Cl;[H]C1NC(C2NC([H])C([H])C([H])C2[H])C([H])C([H])C1[H];[H]C1NC(C2NC([H])C([H,6.25,6.3218,True,ADEVIP;GALMAH;GALMAH01
597384108835,2,2,2,2,2,6,Mo,C#O;C#O;C#O;C#O;[H]C1C([H])C([H])C(P(C2C([H])C([H])C([H])C([H])C2[H])C2C([H])C([,6.24,6.2458,True,SUGNAL;XUHTIF
128378671455,2,2,2,2,2,6,Zn,[H]OC([H])([H])C([H])([H])N([H])C([H])([H])C([H])([H])O[H];[H]OC([H])([H])C([H]),6.22,7.4114,False,ETOTAK;ETOXIW
940250861900,2,2,2,2,1,6,Fe,[H]c1nn(C2NC(n3nc([H])c([H])c3[H])C([H])C(C([H])([H])SC#N)C2[H])c([H])c1[H];[H]c,6.22,6.2687,True,FOYYAU02;FOYYAU03
425865714466,22,22,22,6,2,6,Fe,[H]C1NC2C3NC([H])C([H])C([H])C3C([H])C([H])C2C([H])C1[H];[H]C1NN(B([H])([H])N2NC,6.22,6.8613,True,NEFSUM01;NEFSUM02;NEFSUM04;NEFSUM05;NEFSUM06;NEFSUM07
871395113359,6,6,6,4,1,6,Fe,N=C=S;N=C=S;[H]C1NC(C([H])([H])N([H])C([H])([H])C([H])([H])N([H])C([H])([H])C2NC,6.21,6.2932,True,BAXXAB;BAXXAB01;BAXXAB02;BAXXAB03;BAXXAB04;BAXXAB05
102146370089,5,5,5,3,2,6,Co,[H]O[H];[H]O[H];[H]c1nc(-c2nc([H])c([H])n2[H])n([H])c1[H];[H]c1nc(-c2nc([H])c([H,6.21,6.502,False,BIJRES;HOSROX;ITAXUW;LOZLOD;PAVZIW
453759137287,4,4,4,3,1,6,Fe,[H]C(=NC([H])([H])C([H])([H])C([H])([H])N1C([H])([H])C1([H])[H])C1C([H])C([H])C(,6.21,6.6981,False,DEXPAX05;PERNEF01;PERNIJ01;PERNOP01
364939805482,4,4,4,4,2,5,Fe,N=O;[H]c1c2nc(c([H])c3[nH]c(c([H])c4nc(c([H])c5[nH]c1c(C([H])([H])C([H])([H])[H],6.21,10.04,True,EZAYOV;RIQSUF;RIQSUF01;VETXUN
829790675984,8,8,8,5,1,6,Fe,[H]C1C(c2nnn[nH]2)NC(c2nnn[nH]2)C([H])C1[H];[H]C1C(c2nnn[nH]2)NC(c2nnn[nH]2)C([H,6.2,7.2771,True,GUNHIJ;GUNHOP;VAYXUS;VAYXUS01;VAYYAZ;VAYYON
292047128910,2,2,2,2,2,6,Co,N=N=N;N=N=N;[H]C1NC(c2nnc(C3NC([H])C([H])C([H])C3[H])n2N([H])[H])C([H])C([H])C1[,6.2,6.2116,True,HILBUC;TUKVED
588695324562,6,6,6,5,2,6,Ru,Cl;Cl;[H]C1C([H])C([H])C(P(C2C([H])C([H])C([H])C([H])C2[H])C([H])([H])C([H])([H],6.2,6.4082,True,POGNEE;QOLBIG;RALLUL;RALLUL01;SASWAK;TEJQAB01
839964410002,3,3,3,3,1,6,Cu,[H]C1C([H])C([H])C2C(C(=O)NS2(=O)=O)C1[H];[H]C1C([H])C([H])C2C(C(=O)NS2(=O)=O)C1,6.19,6.8953,False,RAMZUA;RANBEN;RANBEN01
441805420695,76,76,73,8,2,6,Mn,[H]O[H];[H]O[H];[H]O[H];[H]O[H];[H]O[H];[H]O[H],6.18,9.7503,True,AGUBIN;AMAVAN;AMIPAP;ASOVEJ;ATUNAE;BEMWUM
859865154494,10,10,10,7,2,6,Fe,[H]C(=NC1C([H])C([H])C([H])C2C([H])C([H])C([H])NC12)C1C([H])C(Cl)C([H])C([H])C1O,6.17,8.7631,True,GEJHEM;GEJHEM01;GEJHEM02;OCOBAM01;OCOBAM04;OCOBAM05
646253002201,4,4,4,4,1,6,Fe,[H]C(=NC([H])(C1NC([H])C([H])C([H])C1[H])C1C([H])C([H])C([H])C([H])C1[H])C1C([H],6.17,6.2085,True,OXIYIG;OXIYIG01;OXIYOM;OXIYOM01
104340935822,8,8,8,5,1,6,Fe,[H]C(=NC([H])([H])C([H])([H])C([H])([H])N(C([H])([H])[H])C([H])([H])C([H])([H])C,6.17,9.8695,True,TIGBOE01;TIGBOE02;TIGBOE03;TIGBOE04;TIGBOE05;TIGBOE06
300991202900,3,3,3,3,2,4,Cu,Cl;Cl;[H]c1c(N([H])[H])nc(=O)n([H])c1[H];[H]c1c(N([H])[H])nc(=O)n([H])c1[H],6.15,6.9187,False,AMPCUC01;AMPCUC11;AMPCUC12
169623307025,2,2,2,2,2,4,Ni,[H]C(=NN=C(S)N(C([H])([H])C([H])([H])[H])C([H])([H])C([H])([H])[H])C(=NN=C(S)N(C,6.15,6.1664,True,HOGQOJ;NEMCOX
793952755850,20,20,19,11,2,6,Mn,[H]C(=NC([H])([H])C([H])([H])C([H])([H])N([H])C([H])([H])C([H])([H])N([H])C([H]),6.15,6.1547,True,IGANAF;IGANAF01;IPIWEM;NEGYEG;NEGYEG01;NEGYUW
390592018874,2,2,2,2,1,6,Mn,Br;C#O;C#O;C#O;[H]C(=NC1C([H])C([H])C(Cl)C([H])C1[H])C1NC([H])C([H])C([H])C1[H],6.15,6.1812,True,SUQKOH;SUQKOH01
701869733481,3,3,3,3,1,6,Ni,[H]C1NC(C2NC(C3NC([H])C([H])C([H])C3[H])NC(C3NC([H])C([H])C([H])C3[H])N2)C([H])C,6.15,6.1643,True,TANYEN;WIGLII;WIGLOO
858163619684,3,3,3,3,2,6,Fe,[H]C(=NC([H])([H])C([H])([H])N([H])C([H])([H])C([H])([H])[H])C1C([H])C(F)C([H])C,6.15,6.428,True,VOMMET;VOMMET01;ZIWPAA01
991801092395,3,3,3,3,1,6,Co,[H]C1NC([H])C(C(=O)NC(=O)C2NC([H])C([H])NC2[H])NC1[H];[H]C1NC([H])C(C(=O)NC(=O)C,6.15,8.0344,False,WAVFUW;WAVFUW02;WAVFUW04
398258967219,2,2,2,2,1,6,Fe,N=C=O;[H]C(=NC([H])([H])C([H])([H])N([H])C([H])([H])C([H])([H])C([H])([H])N=C([H,6.14,6.264,True,DADGAS;DADGAS01
254105427417,2,2,2,2,2,6,Fe,[H]C(=NC([H])([H])C([H])([H])N([H])C([H])([H])C([H])([H])N([H])C([H])([H])C([H]),6.14,6.4069,False,UMAZER;UMAZIV
573081351349,2,2,2,2,2,6,Ni,[H]N1C([H])([H])C([H])([H])N([H])C(C([H])([H])[H])(C([H])([H])[H])C([H])([H])C([,6.13,6.2315,False,BISMUL;RUFSOD
281906631671,121,121,114,9,2,6,Co,[H]O[H];[H]O[H];[H]O[H];[H]O[H];[H]O[H];[H]O[H],6.12,10.0179,True,AFEXOA;AJIDON;AKEHAA;AMATOZ;AQCOAM;AQCOAM01
604407566156,31,31,31,5,2,6,Cu,[H]O[H];[H]O[H];[H]O[H];[H]O[H];[H]O[H];[H]O[H],6.12,6.126,True,AFEXUG;AMATUF;AQOXIO;ASEJOA;DEVMAT;DILCIL
478822178691,3,3,3,3,2,6,Fe,[H]C1C(C2=NC([H])(C3C([H])C([H])C([H])C([H])C3[H])C([H])([H])O2)NC(C2=NC([H])(C3,6.12,6.6262,True,ALUCES;ROGPIP;ROGREN
994377742966,10,10,10,6,2,6,Cu,[H]C([H])(C(=O)O)C(=O)O;[H]C([H])(C(=O)O)C(=O)O;[H]O[H];[H]O[H],6.12,9.7578,True,CUXZEB;CUXZIF;CUXZUR;CUYBAA;CUYBII;CUYBOO
513209587509,2,2,2,2,2,6,Ru,Cl;N=O;[H]C1NC(C2NC(C3NC([H])C([H])C([H])C3[H])C([H])C([H])C2[H])C([H])C([H])C1[,6.1,6.1863,False,ROJPUB;ROJPUB01
817714337604,10,10,10,8,2,6,Fe,N=C=S;[H]C(=NC([H])([H])C([H])([H])N([H])C([H])([H])C([H])([H])C([H])([H])N=C([H,6.09,6.1423,True,AYEYUA;DADFAR;DADFAR01;DADFAR02;DADGIA;FONNIH01
185552827428,14,14,14,6,2,6,Co,[H]C1NC(C2NC(C3NC([H])C([H])C([H])C3[H])C([H])C(C3C([H])C([H])C(Br)C([H])C3[H])C,6.09,10.0732,True,BORQAD01;BORQAD08;BORQAD09;DOCVUQ;DOCVUQ01;FICHAE
655303387888,7,7,7,3,2,6,Co,[H]C1NC(C(=O)O)C([H])C([H])C1C(=O)O;[H]C1NC(C(=O)O)C([H])C([H])C1C(=O)O;[H]O[H];,6.09,6.215,True,CANRIW;CASSEV;COSBUI;IREVIL;IREVUX;WUWDEY
337324888608,2,2,2,1,1,4,Pt,O=C(O)C(=O)O;[H]N([H])C1([H])C([H])([H])C(C([H])([H])[H])(C([H])([H])[H])N(O)C(C,6.08,9.092,False,WEGSUX;XATYEX
442922755775,2,2,2,2,1,6,Ru,Cl;Cl;[H]C1NC(C(=O)N([H])C2C([H])C([H])C([H])C([H])C2[H])C([H])C([H])C1[H];[H]C1,6.07,9.0556,False,QAQYUF;QAQZAM
28014065951,2,2,2,2,1,6,Fe,[H]C1NC(N=C2NC(=NC3NC([H])C([H])C([H])C3[H])C3C([H])C([H])C([H])C([H])C23)C([H]),6.07,6.4429,True,WAMXOY;WAMXOY01
539185752830,4,4,4,3,1,6,Fe,[H]C1=NN(B([H])(N2N=C([H])C([H])=C2[H])N2N=C([H])C([H])=C2[H])C([H])=C1[H];[H]C1,6.05,6.1422,True,HPZBFE03;HPZBFE04;HPZBFE05;IFOQEA
889752799067,2,2,2,2,2,6,Ni,[H]C1C(OC([H])([H])[H])C(O)C(C2=NC(C([H])([H])[H])(C([H])([H])[H])C(C([H])([H])[,6.05,6.0715,True,NERFUO;XEMFIH
173979244868,2,2,2,2,2,6,Re,Cl;Cl;O;[H]C1C([H])C([H])C(P(=O)(C2C([H])C([H])C([H])C([H])C2[H])C2C([H])C([H])C,6.05,6.0706,True,RAZDUT;RAZDUT01
752148449732,2,2,2,2,1,6,Mn,[H]C(=NC([H])([H])C([H])([H])C([H])([H])N([H])C([H])([H])C([H])([H])N([H])C([H]),6.05,7.0197,False,SONNIW;SONNIW01
802776002865,2,2,2,2,2,6,Ru,[H]C(C1C([H])C(C([H])([H])[H])C([H])C(C=O)C1O)=N([H])C1C([H])C([H])C(C([H])([H]),6.04,6.2357,False,MOJMIH;NATYUD
281740635813,61,61,59,7,2,6,Fe,C#N;C#N;C#N;C#N;C#N;C#N,6.02,9.342,True,AKAMOO;BAMBAV;CAWKIX;CEDNAE;CODNES;CODNUI
714919708861,3,3,3,3,2,6,Co,[H]C([H])([H])C#N;[H]C1NC(C(C2NC([H])C([H])C([H])C2[H])(C2NC(C(C3NC([H])C([H])C(,6.02,6.1251,True,BEXNUP;EVUTEV;MUDMOQ
619117979943,22,22,22,5,2,6,Cd,[H]O[H];[H]O[H];[H]O[H];[H]O[H];[H]O[H];[H]O[H],6.02,6.0708,True,BISCOX;CAWCIO;CIVBOA;GAVTON;GIMPID;HAJGIK
956533491562,7,7,7,6,2,6,Co,[H]C1=C([H])N([H])N=C1C(=NOB(ON=C(C1=NN([H])C([H])=C1[H])C([H])([H])[H])(ON=C(C1,6.02,8.1395,False,DIYGIF;DIYHAY;DIYJEE;QIWKAK;QIWKAK01;QIWKAK02
30567884019,7,7,7,4,1,6,Fe,[H]c1nn(C([H])(n2nc([H])c([H])c2C([H])([H])[H])n2nc([H])c([H])c2C([H])([H])[H])c,6.02,9.1269,False,QAXQAJ;QAXQAJ01;QAXQUD;QAXQUD01;QAXQUD02;QAXQUD03
890082271381,3,3,3,2,2,6,Fe,O=S(=O)(O)O;O=S(=O)(O)O;[H]O[H];[H]O[H];[H]O[H];[H]O[H],6.02,6.0498,True,WABHIR;WIWPID;YABTIG
490265983703,80,80,76,7,2,6,Zn,[H]O[H];[H]O[H];[H]O[H];[H]O[H];[H]O[H];[H]O[H],6.01,9.7645,True,AMAVIV;AQAFIK;ASUDUN;AXEJEV;BEMQES;BENBIG
516907670307,7,7,7,4,2,6,Co,N=C=S;N=C=S;[H]O[H];[H]O[H];[H]O[H];[H]O[H],6.0,6.011,True,BAWZIL;BAXBAG;BEBFUM;DATKEP;IGEKUB;LUQSAR
589088344197,2,2,2,2,1,6,W,O;O;[H]C1C([H])C([H])C(C([H])(O)C(=O)O)C([H])C1[H];[H]C1C([H])C([H])C(C([H])(O)C,5.99,6.0331,True,FODREW;FOHQAV
323696525199,4,4,4,3,2,6,Mn,N=C=S;N=C=S;[H]C(=C([H])C1C([H])C([H])NC([H])C1[H])C1C([H])C([H])NC([H])C1[H];[H,5.99,6.0281,True,GOMVEK;GOMVEK01;WAYXUP;WAYXUP01
490578115845,2,2,2,2,2,6,Pt,Cl;Cl;Cl;Cl;[H]N=C(OC([H])([H])[H])C([H])([H])C([H])([H])[H];[H]N=C(OC([H])([H]),5.99,6.0152,True,XIPJOV;YUXZUN
273501801362,4,4,4,3,2,6,Ir,Cl;Cl;[H]C1NC(C(O)(C([H])([H])[H])C([H])([H])[H])C([H])C([H])C1[H];[H]C1NC(C(O)(,5.98,8.3996,True,IBAHEB;IBAHIF;IBAHUR;XIDGAV
316513779352,2,2,2,2,2,4,Cu,N=N=N;[H]C(=NC([H])([H])C([H])([H])N(C([H])([H])C([H])([H])[H])C([H])([H])C([H]),5.98,6.4739,True,LARNOK;LARNOK01
848331293495,3,3,3,2,2,6,Fe,[H]C1C([H])C([H])C(c2c3nc(c(C4C([H])C([H])C([H])C([H])C4[H])c4[nH]c(c(C5C([H])C(,5.98,6.0052,True,XILJAD;XILJAD01;XILJAD02
763812779712,2,2,2,2,1,6,Co,N=N=N;N=N=N;[H]C1NC(C([H])([H])N(C([H])([H])C2NC(N([H])C(=O)C(C([H])([H])[H])(C(,5.97,6.2442,True,CAVZAC;CAVZEG
702251803905,45,45,44,9,2,6,Ni,[H]N([H])C([H])([H])C([H])([H])N([H])[H];[H]N([H])C([H])([H])C([H])([H])N([H])[H,5.97,9.4105,True,COKBOV;FANQIU;IJOMIE;IZIQAJ;JEQNID;KERBIT01
866123583518,4,4,4,4,2,6,Re,C#O;C#O;C#O;[H]N([H])C([H])([H])C(C([H])([H])[H])(C([H])([H])N([H])[H])C([H])([H,5.96,5.9602,True,LALRUN;LALSAU;LALSEY;RESMEI
709594302229,4,4,4,2,2,6,Fe,C#N;C#N;C#N;C#N;C#O;C#O,5.95,5.95,True,ACAKOF;ACAKOF01;UBOXUE;XIHVIT
414166953140,4,4,4,3,1,6,Ir,[H]C1CC(C2NC([H])C([H])C([H])C2[H])C([H])C([H])C1[H];[H]C1CC(C2NC([H])C([H])C([H,5.95,6.4083,False,CIYKOM;CIYKOM01;CIYKUS;CIYLAZ
215659938989,7,7,7,2,1,6,Cu,[H]c1c([H])c([H])n([H])c(=O)c1Br;[H]c1c([H])c([H])n([H])c(=O)c1Br;[H]c1c([H])c([,5.95,6.1511,False,DUGWAG;DUGWAG01;DUGWAG02;DUGWAG03;DUGWAG04;DUGWAG05
251532389593,2,2,2,2,1,6,Zn,[H]C1C([H])C(C(C([H])([H])[H])(C([H])([H])N([H])[H])C([H])([H])N([H])[H])NC(C(C(,5.95,6.2771,False,FASXAZ;FASXED
325206373746,5,5,5,2,1,6,Co,[H]C1NC(C2(C3NC([H])C([H])C([H])C3[H])OC([H])([H])C(C([H])([H])[H])(C([H])([H])[,5.95,6.2741,False,PIZSIC;PIZSIC01;WIMQOA;WIMQOA01;WIMQOA02
599906895987,22,22,22,10,2,6,Mn,[H]N([H])C([H])([H])C([H])([H])N([H])[H];[H]N([H])C([H])([H])C([H])([H])N([H])[H,5.94,9.3989,True,ASEBEF;FEBMEF;FEDJII;FOFBEI;GECWOE;GUDLAW
696966614260,31,31,20,10,2,6,Fe,[H]C(C(O)C([H])([H])[H])C(O)C([H])([H])[H];[H]C(C(O)C([H])([H])[H])C(O)C([H])([H,5.94,9.4032,True,FEACAC05;FEACAC09;FEACAC10;FEACAC11;FEACAC12;FEACAC13
904412460451,2,2,2,2,2,6,Ru,C#O;Cl;Cl;[H]C1([H])N2C([H])([H])N3C([H])([H])N1C([H])([H])P(C2([H])[H])C3([H])[,5.94,5.9872,False,MEYZUO;MEZBAX
76835157387,2,2,2,2,1,6,Ni,[H]C1NC([H])N(B([H])(N2NC([H])NC2[H])N2NC([H])NC2[H])N1;[H]C1NC([H])N(B([H])(N2N,5.94,7.0193,False,REYMAM;YOBSAJ03
452552547997,2,2,2,2,1,6,Rh,O=N=O;O=N=O;O=N=O;O=N=O;[H]N([H])[H];[H]N([H])[H],5.94,6.7854,False,YILWAT;ZITQOK
663558645616,2,2,2,2,1,6,Ni,N=C=S;N=C=S;[H]C1NC([H])C(Cl)NC1[H];[H]C1NC([H])C(Cl)NC1[H];[H]C1NC([H])C(Cl)NC1,5.93,6.1071,False,BEXMUO;BEXNAV
12566865544,2,2,2,2,2,6,Ru,Br;Br;[H]C([H])([H])S(=O)C([H])([H])[H];[H]C([H])([H])S(=O)C([H])([H])[H];[H]C([,5.93,5.93,True,CEMFIJ;KACNUX
21537516500,5,5,5,3,1,6,Ru,Cl;Cl;[H]C1C([H])C([H])C(P(C2C([H])C([H])C([H])C([H])C2[H])C2C([H])C([H])C([H])C,5.93,9.6381,False,CUQNEI;FELYIF;FELYIF01;QEFBOU;VAJPIG
570878287420,2,2,2,2,1,6,Cu,[H]N1C(=O)C(=C(C#N)C#N)C(C#N)C1=O;[H]N1C(=O)C(=C(C#N)C#N)C(C#N)C1=O;[H]O[H];[H]O,5.93,6.1119,True,EPIYUZ;EPIZEK
497276912964,8,8,7,4,2,5,Re,C#N;C#N;C#N;C#N;N;[H]C1NC([H])C([H])C(C2C([H])C([H])C(C3C([H])C([H])NC([H])C3[H],5.93,6.6099,True,GUHDOG;GUHDOG01;GUHDOG02;GUHDOG03;GUHDOG04;GUHDOG05
958966821677,2,2,2,2,1,6,Ru,Cl;Cl;[H]C([H])([H])S(=O)C([H])([H])[H];[H]C([H])([H])S(=O)C([H])([H])[H];[H]C1=,5.92,5.9224,True,KAQHEQ;KATMEY
180818358675,12,12,12,4,1,6,Ni,N=C=S;N=C=S;N=C=S;N=C=S;N=C=S;N=C=S,5.91,9.5504,False,AVIGAQ02;CIKFOV;CIKGEM;FEXPOR;PANCAM;TIGGEW
872940939703,16,16,16,6,2,6,Nb,Cl;Cl;Cl;Cl;Cl;Cl,5.91,9.3941,True,CUWYID;DETPUQ;DETSUT;FIRMOJ;GOLJEW;HUBNUN
562938312117,3,3,3,3,1,6,Co,[H]C(C(O)C(F)(F)F)C(O)C(F)(F)F;[H]C(C(O)C(F)(F)F)C(O)C(F)(F)F;[H]C(C(O)C(F)(F)F),5.91,6.5832,False,EXEHUM;GARYUV;IGIYEG
457081274692,2,2,2,2,1,6,Ru,[H]C1NC(C2NC([H])C([H])C([H])C2[H])C([H])C([H])C1[H];[H]C1NC(C2NC([H])C([H])C([H,5.91,5.9303,True,PUMCAD;QUBRIO
465259106073,2,2,2,2,1,6,Ni,O=[N+]([O-])O;O=[N+]([O-])O;[H]N1C([H])([H])C([H])([H])C([H])(C([H])([H])C([H])(,5.91,9.1307,False,TOQJOA;TOQJOA01
335960757477,2,2,2,2,2,6,Ni,O=S(=O)(O)O;O=S(=O)(O)O;[H]O[H];[H]O[H];[H]O[H];[H]O[H],5.91,5.9103,True,WIWPOJ;YABTUS
970746938399,2,2,2,2,1,6,Ni,[H]N1C([H])([H])C([H])([H])N(C([H])([H])C(F)(F)F)C([H])([H])C([H])([H])C([H])([H,5.9,6.0415,False,BACVUZ;JEJJOA
199750095565,5,5,5,2,1,6,Co,[H]C([H])([H])C#N;[H]C([H])([H])C#N;[H]C([H])([H])C#N;[H]C([H])([H])C#N;[H]C([H],5.9,6.6218,False,OCELIS;OFINAT;PUYCUK;SURQAA;UMEKUV
551999245842,2,2,2,2,2,6,Os,Br;Br;[H]C([H])([H])S(=O)C([H])([H])[H];[H]C([H])([H])S(=O)C([H])([H])[H];[H]C([,5.9,6.1002,False,ROVFAL;SAWZAR
674205871437,12,12,11,5,2,6,Ru,Cl;Cl;[H]C([H])([H])S(=O)C([H])([H])[H];[H]C([H])([H])S(=O)C([H])([H])[H];[H]C([,5.88,6.2426,True,CDMSOR01;CDMSOR02;CDMSOR03;CDMSOR04;CDMSOR05;CDMSOR06
183870070033,6,6,6,5,2,6,Cr,[H]O[H];[H]O[H];[H]O[H];[H]O[H];[H]O[H];[H]O[H],5.88,5.891,True,IWOJOT;RUNMOF;UCOMEE;XEZXOS;XEZXUY;XEZYAF
318518821672,2,2,2,2,2,6,Zn,O=S(=O)(O)O;O=S(=O)(O)O;[H]O[H];[H]O[H];[H]O[H];[H]O[H],5.88,5.8807,True,UGAFIT;YABVEE
932937824700,28,28,28,7,2,6,Co,[H]N([H])[H];[H]N([H])[H];[H]N([H])[H];[H]N([H])[H];[H]N([H])[H];[H]N([H])[H],5.87,9.4017,True,ASAWOH01;ASAWUN;CANYAS;CANYAS01;CAXQOK;EGUQAC
620976545369,15,15,15,5,2,6,Ni,N=C=S;N=C=S;[H]C1NC([H])C([H])C(C([H])([H])[H])C1[H];[H]C1NC([H])C([H])C(C([H])(,5.87,6.5384,True,BEZCAK;ICMPNI02;ICMPNI03;ICMPNI04;ICMPNI05;IMPNIN10
349035983798,12,12,12,7,2,6,Ta,Cl;Cl;Cl;Cl;Cl;Cl,5.87,9.2767,True,DETPOK;DETQOL;DORTOV;KIKLOF;OSEDIB;TILNOT
445802569124,6,6,6,5,2,6,Ti,[H]C1C([H])C([H])C(C(=O)O)C(O)C1[H];[H]C1C([H])C([H])C(C(=O)O)C(O)C1[H];[H]C1C([,5.87,5.8738,True,GATVON;GATVON01;GATVUT;GAVZOT;LEXREO;RACQUM
652410481060,2,2,2,2,1,6,Ni,N=N=N;N=N=N;[H]C1NC(C(=O)N([H])[H])C([H])C([H])C1[H];[H]C1NC(C(=O)N([H])[H])C([H,5.87,5.8745,True,GIMLAQ;WIPFIL
696759254671,3,3,3,2,2,6,Fe,C#N;C#N;[H]c1c([H])c([H])c2c(c1[H])-c1nc-2nc2[nH]c(nc3nc(nc4[nH]c(n1)c1c([H])c([,5.87,6.1084,False,IPAJOY;LUPYEB;WOPZOQ
22590630127,2,2,2,2,2,6,Rh,Cl;Cl;[H]C1([H])SC([H])([H])C([H])([H])C([H])([H])SC([H])([H])C([H])([H])C([H])(,5.87,5.8996,True,KAVXOU;POTTIB
883921361865,27,27,26,10,2,6,Fe,[H]C1NC(C([H])([H])N([H])[H])C([H])C([H])C1[H];[H]C1NC(C([H])([H])N([H])[H])C([H,5.86,9.2239,True,APAFEH03;APAFEM05;DIXLUR10;FEPICC03;FEPICC21;FEPICC31
775712536135,20,20,20,6,2,6,Co,C#N;C#N;C#N;C#N;C#N;C#N,5.86,9.2865,True,AZISUA;AZIXOZ;CEDNEI;CSCNCC01;EPUXAQ01;JISMUX01
35031187017,3,3,3,3,2,6,Ir,[H]C1CC(C2NC([H])C([H])C([H])C2[H])C(F)C([H])C1F;[H]C1CC(C2NC([H])C([H])C([H])C2,5.86,5.8717,True,BAKGOM;BORDAP;VODHUS
684281285316,11,11,10,3,1,6,Zn,[H]C1NC([H])C([H])C(C2C([H])C([H])NC([H])C2[H])C1[H];[H]C1NC([H])C([H])C(C2C([H],5.86,6.7982,False,CERFIP;CERFIP01;DOFWEB;ESIXEL;FOVKAD;GATXIJ
593652292614,2,2,2,2,2,6,Fe,N=N=N;N=N=N;[H]N1C([H])([H])C([H])([H])N([H])C([H])([H])C([H])([H])C([H])([H])N(,5.86,6.0272,False,FEVKAS;FEVMIC
132093479389,3,3,3,3,2,6,Mo,Cl;Cl;Cl;Cl;[H]C([H])([H])OC([H])([H])C([H])([H])OC([H])([H])[H],5.86,5.8839,True,VILMOS;VILMUY;VILMUY01
580166198491,46,46,46,7,1,6,Cu,[H]N([H])C([H])([H])C([H])([H])N([H])[H];[H]N([H])C([H])([H])C([H])([H])N([H])[H,5.85,5.9525,True,ABUBAD;BUWFAC;BUWTOE;DATKUF;DAZMUN;DOWQOW
264456577481,5,5,5,4,1,6,Co,[H]C(C(O)C(F)(F)F)C(O)C(F)(F)F;[H]C(C(O)C(F)(F)F)C(O)C(F)(F)F;[H]O[H];[H]O[H],5.85,6.0199,True,AQIMUI;FEYFEV;OBOPAZ;TEGYAI;TEGYAI01
753888941425,3,3,3,2,1,6,Mn,[H]C(=NC([H])([H])C([H])([H])N=C([H])C1C([H])C([H])C([H])C([H])C1O)C1C([H])C([H],5.85,6.6728,False,BUTYAR;QEZPUJ;TEHGAQ
3660467939,14,14,14,7,2,6,Fe,[H]C(=NC([H])([H])C([H])([H])N([H])C([H])([H])C([H])([H])[H])C1C([H])C(I)C([H])C,5.85,5.9349,True,CUDBAI;CUDBEM;CUDBEM01;CUDBEM02;CUDBEM03;CUDBEM04
216774241456,11,11,11,5,2,6,Nb,F;F;F;F;F;F,5.85,6.633,True,DASGIP01;DASGIP02;IJAKEM;IMEPUN;JIYBUO;MESBIW
104903534308,3,3,3,3,2,6,Re,C#O;C#O;C#O;[H]C1NC2C3NC([H])C([H])C([H])C3C([H])C([H])C2C([H])C1[H];[H]O[H],5.85,6.0083,True,ENAJAG;ENAJEK;KAWLOL
420573951427,7,7,7,5,2,6,Fe,Cl;Cl;Cl;Cl;Cl;[H]O[H],5.84,9.2474,True,GIFJUB;HAGMEH;HAGMIL01;VOCBAQ;VOCBAQ01;ZITTUU
594222525353,2,2,2,2,1,6,Ni,O=C(O)C(F)(F)F;O=C(O)C(F)(F)F;[H]O[H];[H]O[H];[H]O[H];[H]O[H],5.84,5.9522,True,YAMQAI;YEBWAG
108516620821,2,2,2,2,1,6,Ni,O=[SH](O)(O)O;[H]C1NC2C3NC([H])C([H])C([H])C3C([H])C([H])C2C([H])C1[H];[H]O[H];[,5.83,5.9798,True,ESUZOH;UGOKOQ
159554165892,2,2,2,2,2,6,Re,C#O;C#O;C#O;[H]C1NC2C(O)C([H])C([H])C([H])C2C([H])C1[H];[H]c1nc([H])n([H])c1[H],5.83,5.9798,True,ZOXBEX;ZOXDID
347065598239,6,6,6,4,2,6,Cr,Cl;Cl;[H]N1C([H])([H])C([H])([H])N([H])C([H])([H])C([H])([H])C([H])([H])N([H])C(,5.82,5.8351,True,ABILUT;ABIMAA;DOHBEH;JOFYIM;KUGMAA;ZIDFOK
159663722361,7,7,7,5,1,6,Co,N=N=N;N=N=N;[H]N([H])C([H])([H])C([H])([H])C([H])([H])N([H])C([H])([H])C([H])([H,5.82,5.9287,True,AFULIW;AFULIW01;AFULOC;AFULOC01;AFULOC02;AFULUI02
169638981356,2,2,2,1,1,4,Cu,[H]C1C([H])C([H])C(C(=NN=C(S)N([H])[H])C(=NN=C(S)N([H])[H])C2C([H])C([H])C([H])C,5.82,5.8803,False,BNZSCU01;BNZSCU02
614319830349,8,8,8,4,2,6,Co,Cl;Cl;[H]N([H])C([H])([H])C([H])([H])N([H])[H];[H]N([H])C([H])([H])C([H])([H])N(,5.82,5.8311,True,CENCOS;CLECOC02;ETDCOH02;ETDCOH11;LEHHOW;LIPXOB
378213606161,2,2,2,2,1,6,Ru,Cl;[H]C1NC(C2NC(C3NC([H])C([H])C([H])C3[H])C([H])C([H])C2[H])C([H])C([H])C1[H];[,5.82,6.507,False,IPEQOJ;KEQDOA
121236296551,6,6,6,5,2,6,Fe,[H]C(=NC([H])([H])C([H])([H])C([H])([H])N([H])C([H])([H])C([H])([H])N([H])C([H]),5.82,9.5091,False,KEYQAK;TAYBAZ;TAYBAZ01;YELLAG;YELLEK;YELLIO
79897905217,2,2,2,2,1,6,W,C#O;C#O;C#O;C#O;[H]C1C([H])C([H])C(P(C2C([H])C([H])C([H])C([H])C2[H])C([H])([H]),5.82,5.8862,True,NEMFUH;NEMGAO
912805846285,2,2,2,2,1,6,Ru,Cl;Cl;Cl;Cl;[H]C1=NN([H])C2C([H])C([H])C([H])C([H])C12;[H]C1=NN([H])C2C([H])C([H,5.82,6.4848,False,QAGZED;WAJBEP
158913407020,3,3,3,2,1,5,Cu,N#CNC#N;[H]C1NC(C2NC([H])C([H])C([H])C2[H])C([H])C([H])C1[H];[H]C1NC(C2NC([H])C(,5.82,5.9955,True,QIJSAD;XUGJOY;XUGJOY01
206557815179,24,24,23,4,1,6,Co,[H]c1nc([H])n([H])c1[H];[H]c1nc([H])n([H])c1[H];[H]c1nc([H])n([H])c1[H];[H]c1nc(,5.81,9.442,False,AVANAO;BUCSOI;BUDHOY;DMAZCO;DMAZCO01;DMAZCO03
110698189553,2,2,2,2,2,6,Mo,Cl;Cl;O;O;[H]C1C([H])C([H])C(P(=O)(C2C([H])C([H])C([H])C([H])C2[H])C2C([H])C([H],5.81,5.8125,True,DACZOY;DACZOY01
806751441118,66,66,52,6,2,6,Pt,Cl;Cl;Cl;Cl;Cl;Cl,5.8,9.3403,True,AGUYEJ;AMEDIH;APUNOO;BOFQOD;BUPMAA01;COZWEW
657911355666,29,29,23,6,2,6,Ti,F;F;F;F;F;F,5.8,9.289,True,EPEBAD;EPOCUI;EPODAP;EPODOD;HUMRAJ;HUPTIX
656155679296,4,4,4,2,1,6,Mn,[H]C([H])([H])S(=O)C([H])([H])[H];[H]C([H])([H])S(=O)C([H])([H])[H];[H]C([H])([H,5.8,6.4536,False,IPOGIF;OZEGEH;PAJHAM;SIZSEB
446421735126,3,3,3,3,1,5,Ir,C#O;Cl;[H]C1C([H])C([H])C2C(C1[H])C1C3C(P(C([H])(C([H])([H])[H])C([H])([H])[H])C,5.8,8.3235,True,WICRUX;WICSAE;ZOWFEY
486112918264,7,7,7,4,1,6,Mn,[H]C(=NC([H])([H])C([H])([H])C([H])([H])N([H])C([H])([H])C([H])([H])N([H])C([H]),5.8,6.5671,False,XOCYIZ;XOCYIZ01;XOCYOF;XOCYUL;XOCZAS;XOCZEW
21375067831,21,21,21,12,2,6,Ni,[H]N([H])C([H])([H])C([H])([H])N([H])C([H])([H])C([H])([H])N([H])[H];[H]N([H])C(,5.79,5.9345,True,AEAMNI01;AEAMNI11;AEAMNI12;CEYREE;CIDFOL;EYEJAT
528526700940,23,23,23,7,2,6,Ta,F;F;F;F;F;F,5.79,9.4085,True,AKAWOA;CEYCEO;DASGOV01;DASGOV02;ECANAY;EYOHEH
609317000610,2,2,2,2,2,6,Ru,Cl;Cl;[H]C(=NC1([H])C([H])([H])C([H])([H])C([H])([H])C([H])([H])C1([H])N=C([H])C,5.79,5.8115,True,ALIPIU;ALIQIV
130747990891,6,6,6,4,2,6,W,Cl;Cl;Cl;Cl;Cl;O,5.79,5.9664,True,BISMAU;DUQCAV;FAJKUY;ITUZOM;KUDQUX;KUDRAE
664856479487,13,13,13,7,2,6,Mn,[H]C(=NC([H])([H])C([H])([H])C([H])([H])N([H])C([H])([H])C([H])([H])N([H])C([H]),5.79,6.1489,True,BUFVUX;BUFVUX01;ODOQIL;ODOQIL01;ODOQUX;ODOQUX01
135878467562,4,4,4,2,1,6,Mn,[H]c1nc([H])n([H])c1[H];[H]c1nc([H])n([H])c1[H];[H]c1nc([H])n([H])c1[H];[H]c1nc(,5.79,6.4846,False,CABPEA;CAMJUY;ETEKIX;KEMJAO
175698356235,2,2,2,2,1,6,Cr,[H]C1C([H])C([H])C(N#C)C([H])C1[H];[H]C1C([H])C([H])C(N#C)C([H])C1[H];[H]C1C([H],5.79,5.8253,False,CIPDAG;PICYCR
998453645352,3,3,3,3,2,6,Cr,C#O;C#O;C#O;C#O;C#O;I,5.79,5.7903,True,DAGNUW;NATZIS;UWATEU
657690162009,2,2,2,2,1,6,Cu,O=S(=O)(O)C(F)(F)F;[H]C1NC(C([H])([H])N(C([H])([H])C2NC([H])C([H])C([H])C2[H])C(,5.79,8.3814,False,HEPJOF;HEPJOF01
13766373187,3,3,3,3,2,6,Fe,[H]C(=NC([H])([H])C([H])([H])N(C([H])([H])C([H])([H])N=C([H])c1nn([H])c([H])c1[H,5.79,5.7907,True,JIQDET03;JIQDET04;JIQDET05
585706649942,13,13,13,5,2,6,Ru,Cl;Cl;Cl;Cl;Cl;Cl,5.78,6.3191,True,BURLAE;COBFOS;ENIDAG;GAZNOK;QIMZOE;QIMZUK
390535332771,2,2,2,2,1,6,Ru,Cl;Cl;[H]C([H])([H])S(=O)C([H])([H])[H];[H]C([H])([H])S(=O)C([H])([H])[H];[H]C1N,5.78,6.0305,False,ECOSUO;HESBOX
270997936292,2,2,2,2,1,6,Fe,N=C=S;N=C=S;[H]C(=C([H])C1C([H])C([H])NC([H])C1[H])C1C([H])C([H])NC([H])C1[H];[H,5.78,5.8592,False,FESVEF;FESVEF01
608501324417,3,3,3,2,1,6,Mn,Br;Br;Br;Br;[H]O[H];[H]O[H],5.78,9.2252,False,FIWQIP;GOZPEU;GOZPEU01
103369942230,2,2,2,2,2,6,Re,Cl;Cl;O;[H]C([H])([H])C(O)(C([H])([H])[H])C(OP1OC(C([H])([H])[H])(C([H])([H])[H],5.78,5.88,False,HAYHOG;QIGKAS
98606777617,3,3,3,3,2,6,Mo,C#O;C#O;C#O;C#O;[H]C1C([H])C([H])C(OP(OC2C([H])C([H])C([H])C([H])C2[H])OC2C([H]),5.78,5.7838,True,HEBVEP;HEBVEP01;HISQIK
220920439414,7,7,7,4,2,6,Co,[H]N=C(N([H])[H])N([H])C(=N[H])N([H])[H];[H]N=C(N([H])[H])N([H])C(=N[H])N([H])[H,5.77,8.9646,True,BICHEA;GOXHOU;GOXHUA;GUACOT;RUYNEI;RUYNOS
740952928041,13,13,13,8,2,6,Mn,[H]C(=NC([H])([H])C([H])([H])C([H])([H])N([H])C([H])([H])C([H])([H])N([H])C([H]),5.77,6.2531,True,BUFWOS;BUFWUY;COGBAF;COGBAF01;MADVIZ;MADVIZ01
75254007611,4,4,4,3,1,6,Co,[H]C1NC(C2NC([H])C([H])C([H])C2[H])C([H])C([H])C1[H];[H]O[H];[H]O[H];[H]O[H];[H],5.77,6.8706,False,EDIDAX;NAGREW;SABLEN;SABLEN01
687188935455,3,3,3,3,2,6,Ru,Cl;Cl;[H]C([H])([H])S(=O)C([H])([H])[H];[H]C([H])([H])S(=O)C([H])([H])[H];[H]c1n,5.77,5.8171,True,JUBYEK;JUBYEK01;JUBYEK02
211939279629,3,3,3,3,2,6,Re,F;F;F;F;F;F,5.77,5.7704,True,MUWNOJ;REVKUB;VOBJED
201865164165,10,10,8,2,1,6,Cd,[H]C1NC([H])C([H])C(C(=O)O)C1[H];[H]C1NC([H])C([H])C(C(=O)O)C1[H];[H]O[H];[H]O[H,5.76,6.2791,False,INICCD;INICCD01;INICCD03;INICCD04;INICCD05;INICCD06
659028052460,2,2,2,2,1,6,W,O;[H]C1C([H])C2C(O)C(C1[H])C([H])([H])C1C([H])C([H])C([H])C(C1O)C([H])([H])C1C([,5.76,5.7611,True,KEKLES;SAMLOI
206043418651,3,3,3,2,1,6,Re,Br;C#O;C#O;C#O;[H]C1NC(C2NC(C3NC([H])C([H])C([H])C3[H])C([H])C([H])C2[H])C([H])C,5.76,5.7706,False,SUHDII;SUHDII01;SUHDII02
117213817942,2,2,2,2,1,6,Mo,O;O;[H]OC([H])([H])[H];[H]OC1C([H])C([H])C(C(O)=NN=C([H])C2C([H])C([H])C(N(C([H],5.76,5.8238,True,WABZIL;WABZIL01
224313699421,2,2,2,2,1,6,Ni,N=C=O;N=C=O;[H]N1C([H])([H])C([H])([H])C([H])(C([H])([H])[H])N([H])C2([H])C([H]),5.75,5.8864,False,BAQDEC;BAQDEC01
329948417945,10,10,10,5,2,6,Hf,Cl;Cl;Cl;Cl;Cl;Cl,5.75,9.5368,False,BARWIB;FEBHIE;FEFGOO;FEFGOO01;GOLSUY;GOLSUY01
900193072948,13,13,12,4,2,6,Mn,Cl;Cl;Cl;Cl;[H]O[H];[H]O[H],5.75,5.7653,True,EHIWIC;LUNCEG;MOWMEU;OSAKAW;QIZBIO;QIZBIO01
490335753175,9,9,8,3,2,6,Mn,Cl;Cl;Cl;Cl;Cl;Cl,5.75,5.7606,True,ELEGOS;LIDQUL;LIDQUL01;LUNCAC;MOGCIY;MOGCIY01
870890011537,4,4,4,2,1,6,Cd,Br;Br;Br;Br;Br;Br,5.75,5.9456,False,GAWPED;GAWPED01;POPMUC;RETMEM
546100384211,2,2,2,2,1,6,V,O;[H]C1([H])C([H])([H])C(C(=O)O)(C(=O)O)C1([H])[H];[H]C1([H])C([H])([H])C(C(=O)O,5.75,5.93,False,LEQJUP;ROVDOX
529701683211,2,2,2,2,2,6,Fe,N=C=S;N=C=S;[H]C1NC([H])C(Cl)NC1[H];[H]C1NC([H])C(Cl)NC1[H];[H]C1NC([H])C(Cl)NC1,5.75,5.9904,False,OFIFEQ;OFIFIU
171317984220,21,21,19,6,2,6,W,Cl;Cl;Cl;Cl;Cl;Cl,5.74,9.2495,True,BUCBAC;EGUKIB;GEWRAE;GOYKUC;HALDAC;HUYDIO
124976763937,32,32,27,5,2,6,Ni,[H]c1nc([H])n([H])c1[H];[H]c1nc([H])n([H])c1[H];[H]c1nc([H])n([H])c1[H];[H]c1nc(,5.74,6.5736,True,BUCSUO;CAQMEM;CUXQOB;EXIXER;HIMZNI01;HIMZNJ
896318773577,7,7,7,3,2,6,Mn,[H]C1NC([H])C([H])C(C2C([H])C([H])NC([H])C2[H])C1[H];[H]C1NC([H])C([H])C(C2C([H],5.74,5.7426,True,DOFWAX;LELKUJ;LIDKAK;QIVZEB;RESBUN;RESCAU
228286290107,28,28,11,5,2,6,Mo,C#O;C#O;C#O;C#O;C#O;C#O,5.74,9.155,False,FUBYIK;FUBYIK01;FUBYIK02;FUBYIK03;FUBYIK04;FUBYIK05
344470761607,2,2,2,2,1,6,Mo,C#O;C#O;C#O;C#O;[H]C1C([H])C([H])C(C([H])([H])P2C(C([H])([H])[H])(C([H])([H])[H],5.74,8.6942,False,HUXBIM;HUXBUY
811192793331,2,2,2,2,2,6,V,O;[H]C(=NC([H])([H])C([H])([H])N=C([H])C1C([H])C([H])C([H])C([H])C1O)C1C([H])C([,5.74,5.7404,True,QIHWOT;QIHWOT01
158429528125,2,2,2,2,2,6,Re,Cl;Cl;Cl;Cl;Cl;[H]C1NC([H])C([H])NC1[H],5.74,5.9561,False,YOFJUZ;YOFKAG
803431766294,4,4,4,3,2,6,Ru,Cl;Cl;Cl;Cl;[H]C([H])([H])C#N;[H]C([H])([H])C#N,5.73,6.1359,True,ACOLIQ;MAWFAR;ZAYFIO;ZAYFIO01
30573912299,11,11,10,4,2,6,Os,Cl;Cl;Cl;Cl;Cl;Cl,5.73,5.7426,True,AXUVEX;CEXREC;ENIDUA;IJOGUL;IXOLEO;IXOLUE
168232248989,6,6,6,4,1,6,Cu,O=S(=O)(O)O;O=S(=O)(O)O;[H]O[H];[H]O[H];[H]O[H];[H]O[H],5.73,9.2881,False,BEVKUJ;KUHVEP;PUPCEJ;PUPCEJ01;WIWPEZ;YABVAA
367204677964,5,5,5,3,2,6,Cr,C#O;C#O;C#O;C#O;Cl;[H]C1C([H])C([H])C(C)C([H])C1[H],5.73,5.9436,True,CLCBCR;CLCBCR01;CLCBCR04;CLCBCR05;CLCBCR06
355910121508,9,9,9,6,1,6,Fe,[H]C(=NC([H])([H])C([H])([H])N([H])C([H])([H])C([H])([H])N([H])C([H])([H])C([H]),5.73,5.8034,False,KEYYOF;KEYYUL;KEYZAS;KEYZEW;RIGNOM;RIGNOM01
228652470772,7,7,7,6,2,6,Co,[H]C1NC2C3NC([H])C([H])C([H])C3C([H])C([H])C2C([H])C1[H];[H]C1NC2C3NC([H])C([H]),5.73,9.0087,True,LEHFAG;MENKIA;NAZZOF;NOTWIE;OXEPOZ;QAGTIC
238638814144,4,4,3,2,1,6,Tc,Br;Br;Br;Br;Br;Br,5.73,6.4357,False,QIWKIU;QIWKOA;QIWKUG;XIWDOA
593512195708,18,18,17,5,2,5,Mo,C#O;C#O;C#O;C#O;C#O,5.72,7.9903,True,ABILUW;BIPHUF;BODXUN;HALTET;HANSEW;HEWZEO
180335170038,9,9,9,3,1,6,Ni,[H]C([H])([H])S(=O)C([H])([H])[H];[H]C([H])([H])S(=O)C([H])([H])[H];[H]C([H])([H,5.72,5.9219,False,BAJWUF;BAJXAM;BAJXAM01;CABPUR;LIDNES;OQOJAH
820907576744,4,4,4,4,2,6,Ni,N=C=S;N=C=S;[H]C1NC([H])C([H])C(C(=O)N([H])[H])C1[H];[H]C1NC([H])C([H])C(C(=O)N(,5.72,5.8888,False,GEKTEZ;LIVHOQ;LIVHUW;LIVHUW01
644889212232,3,3,3,3,2,6,V,Cl;Cl;Cl;[H]C1([H])OC([H])([H])C([H])([H])C1([H])[H];[H]C1([H])OC([H])([H])C([H],5.72,5.7215,True,JADZOD01;JADZOD03;ZOFKIO
628640088961,9,9,9,3,1,6,Zn,[H]C1NC([H])C(C(=O)O)C([H])C1[H];[H]C1NC([H])C(C(=O)O)C([H])C1[H];[H]O[H];[H]O[H,5.72,5.8818,False,KODYUX09;NICAZN;NICAZN01;NICAZN02;NICAZN05;NICAZN06
832346712584,7,7,7,4,2,6,Zr,F;F;F;F;F;F,5.72,5.9381,True,KOJVAG;KOJVAG01;KOJVAG02;PESPIO;PESPIO01;PESPUA
496107392141,3,3,3,3,1,6,Ru,Cl;Cl;N=O;[H]C1NC([H])C([H])C([H])C1[H];[H]C1NC([H])C([H])C([H])C1[H];[H]O,5.72,9.2348,False,NOKYIX;UZESUP;UZESUP01
10581956160,2,2,2,2,1,6,Cu,[H]C1C(C([H])([H])[H])N(B([H])(N2NC(C(F)(F)F)C([H])C2C([H])([H])[H])N2NC(C(F)(F),5.72,6.5445,False,SUYYEQ;SUYYEQ01
14290421996,6,6,6,4,1,6,Zn,[H]C1NC2C3NC([H])C([H])C([H])C3C([H])C([H])C2C([H])C1[H];[H]O[H];[H]O[H];[H]O[H],5.71,9.4154,False,BOFSIZ;BONWAC02;KESNED;MIRQIN;MIRQIN01;NEBLIS
95201308652,5,5,5,3,1,6,Pt,I;I;I;I;I;I,5.71,5.8389,False,DIRPEC;DIRPEC01;KIBMIS;KIBMOY;ZISNIB
11257379217,2,2,2,2,2,5,W,Cl;[H]C1C([H])C([H])C(P(C2C([H])C([H])C([H])C([H])C2[H])C([H])([H])C([H])([H])P(,5.71,9.4262,True,ELALAE;WIYQEA
645286287067,12,12,12,3,1,6,Fe,C#N;C#N;C#N;C#N;[H]N#C;[H]N#C,5.71,6.7448,False,NAJWEE;NAJWOO;NAJWUU;NAJXAB;OYADID;OYADOJ
135325581059,2,2,2,2,2,6,Ru,Cl;Cl;[H]C1=C([H])N(C([H])(C([H])([H])[H])C([H])([H])[H])CN1C([H])([H])[H];[H]C1,5.71,5.71,True,ONUHAH;ONUHEL
995706691706,2,2,2,2,2,6,Rh,[H]C1C2NC(SC3NC(SC4NC(S2)C([H])C([H])C4[H])C([H])C([H])C3[H])C([H])C1[H];[H]C1C2,5.71,5.8937,False,TEGFAN;TEGFER
247315969742,2,2,2,2,1,6,Os,Cl;Cl;Cl;Cl;[H]c1c([H])c([H])c2c([H])n([H])nc2c1[H];[H]c1c([H])c([H])c2c([H])n([,5.71,9.0568,False,UZUBOH;VUBCOM
853616862376,29,29,29,6,2,6,Fe,[H]O[H];[H]O[H];[H]O[H];[H]O[H];[H]O[H];[H]O[H],5.7,5.9959,True,AJOTAX;AMAVOB;AMITAR;AXEHOC;CIVCER;DAYCUC
106949499297,8,8,8,4,1,6,Ni,N=C=S;N=C=S;[H]C1NC([H])C([H])C([H])C1[H];[H]C1NC([H])C([H])C([H])C1[H];[H]C1NC(,5.7,5.7013,True,CNSPYN01;CNSPYN03;CNSPYN04;CNSPYN05;CNSPYN06;QOXHEU
625938810414,19,19,15,4,1,6,Zr,Cl;Cl;Cl;Cl;Cl;Cl,5.7,5.8623,False,FOHREZ;GOLSIM;GOLSIM01;GOLSIM03;JAVKEW;JIZQES
66932422930,2,2,2,2,1,6,Mo,O;O;[H]C(=NN=C(O)C1C([H])C([H])NC([H])C1[H])C1C([H])C([H])C(OC([H])([H])[H])C([H,5.7,5.7819,False,HISZOA;HISZOA01
865086070931,2,2,2,2,1,6,Pt,Cl;Cl;Cl;Cl;[H]N=C(N=S(C1C([H])C([H])C([H])C([H])C1[H])C1C([H])C([H])C([H])C([H],5.7,5.867,False,XUSFAS;XUSFEW
951207519449,4,4,4,4,2,6,Cr,N=C=S;N=C=S;N=C=S;N=C=S;[H]C1NC(C2NC([H])C([H])C([H])C2[H])C([H])C([H])C1[H],5.69,5.7584,True,BOXKUW;BOXLAD;BOZCAW;BOZCEA
946712086246,4,4,4,4,1,6,Cu,O=[N+]([O-])O;O=[N+]([O-])O;[H]c1nc([H])n([H])c1[H];[H]c1nc([H])n([H])c1[H];[H]c,5.69,5.7561,False,IMZNCU;IMZNCU01;IMZNCU02;IMZNCU03
777262761506,5,5,5,4,1,6,Fe,[H]c1nnnn1C([H])([H])C([H])([H])C([H])([H])[H];[H]c1nnnn1C([H])([H])C([H])([H])C,5.69,5.6939,True,JANSAS05;JANSAS06;JANSAS08;JANSAS09;JANSAS10
90630791567,2,2,2,2,1,5,Co,Cl;[H]C1C([H])C([H])C(P(C2C([H])C([H])C([H])C([H])C2[H])C([H])([H])C([H])([H])P(,5.69,6.6182,True,PPECOT21;TATVET
989026532674,2,2,2,1,1,4,Ni,[H]C(C1=NC(=C([H])c2[nH]c(C(=O)OC([H])([H])C([H])([H])[H])c3c2C2([H])C4C(OC([H]),5.68,8.2476,True,LAJQEW;LAJQIA
762520742314,4,4,4,3,1,6,Mo,C#O;C#O;C#O;C#O;[H]C1C([H])C([H])C(P(C2C([H])C([H])C([H])C([H])C2[H])C2C([H])C([,5.67,5.8239,False,BEGMUV;BEGMUV01;REXSES;ZISTAY
584410625184,5,5,5,3,1,6,Ru,Cl;Cl;Cl;Cl;N=O;[H]C([H])([H])S(=O)C([H])([H])[H],5.67,9.0683,False,BOPZAI;MOYXUT;QUQYIL;QUQYOR;XIYKIA
54840639537,3,3,3,3,1,6,Mo,Cl;Cl;Cl;Cl;Cl;O,5.67,5.6739,True,GEYVAJ;IYEMOR;KIHQEY
835547787213,5,5,5,2,1,6,Ni,[H]C1C([H])C([H])C(C(O)C([H])C(O)C2C([H])C([H])C([H])C([H])C2[H])C([H])C1[H];[H],5.67,5.8379,False,JIXWIX;WOGYIA;WOGYUM;WOGZAT;WOGZEX
71087617877,2,2,2,2,1,6,Os,C#N;C#N;C#N;C#N;C#N;C#N,5.66,8.9632,False,AFUHES;ILORIN
11362213266,8,8,8,3,1,6,Ni,[H]C1NC([H])C(C(=O)N([H])[H])C([H])C1[H];[H]C1NC([H])C(C(=O)N([H])[H])C([H])C1[H,5.66,5.6787,True,CUHBIT;IGAYEU;IGAYEU01;LARFOC;MADPEO;QADMUD
831508127235,6,6,6,2,1,6,Ni,[H]c1nc([H])n(C([H])([H])[H])c1[H];[H]c1nc([H])n(C([H])([H])[H])c1[H];[H]c1nc([H,5.66,6.2577,False,DEDLEF;GEVFIY;SEHFAN;SEHFAN01;XAHKUN;YARPAI
365920425071,2,2,2,2,1,6,Fe,[H]c1nc([H])n([H])c1[H];[H]c1nc([H])n([H])c1[H];[H]c1nc([H])n([H])c1[H];[H]c1nc(,5.65,9.406,False,AXAKIT01;ULAHIY
92029897460,4,4,4,2,1,6,Fe,Cl;Cl;[H]C1NC([H])C([H])C([H])C1[H];[H]C1NC([H])C([H])C([H])C1[H];[H]C1NC([H])C(,5.65,6.2401,False,CPYFEM01;POTTAT;TPYFEC;TPYFEC04
539828313087,2,2,2,2,1,6,Cr,N=C=S;N=C=S;N=C=S;N=C=S;[H]N([H])[H];[H]N([H])[H],5.65,8.9957,False,EYAYIN;EYAZAG
122602398108,3,3,3,2,1,6,Fe,[H]C([H])([H])S(=O)C([H])([H])[H];[H]C([H])([H])S(=O)C([H])([H])[H];[H]C([H])([H,5.65,9.5602,False,JOHCOZ;XARSEQ;XAVJEK
582734864759,2,2,2,2,2,6,Fe,[H]C1NC(P(=O)(C2NC([H])C([H])C([H])C2[H])C2NC([H])C([H])C([H])C2[H])C([H])C([H]),5.65,5.8137,False,UYIBOU;XAMNUU
402606621283,51,51,50,7,2,5,Cr,C#O;C#O;C#O;C#O;C#O,5.63,7.7088,True,AKOSEZ;BIPHOZ;BOSKOJ;CEWJUJ;CEXSUV;DUZNIV
476595717784,13,13,11,4,1,6,Os,Br;Br;Br;Br;Br;Br,5.63,5.6339,True,AZOCUP;AZOGAZ;AZOKEH;AZOKOR;AZORAK;AZOVUI
94890126516,3,3,3,2,2,6,Co,[H]N([H])C(=O)N([H])[H];[H]N([H])C(=O)N([H])[H];[H]N([H])C(=O)N([H])[H];[H]N([H],5.63,5.6824,True,COLLAQ01;RUBLEG;WITLIU
747803809884,2,2,2,2,2,6,Co,[H]C1C([H])C([H])C(C([H])(C2C([H])C([H])C([H])C([H])C2O)N([H])C2([H])C([H])([H]),5.63,5.6428,True,DUJLUS;DUJMAZ
578333521837,2,2,2,2,1,6,Fe,[H]C1NC([H])C([H])C(C([H])([H])[H])C1[H];[H]C1NC([H])C([H])C(C([H])([H])[H])C1[H,5.63,5.7628,False,JAPTIG;JAPTIG01
927795170644,2,2,2,2,1,6,Ir,[H]C1=NN(C2CC([H])C([H])C([H])C2C(F)(F)F)CN1C([H])([H])[H];[H]C1=NN(C2CC([H])C([,5.62,6.8349,False,ECAMEE;ECAMUU
650067155797,3,3,3,3,2,6,Cu,FB(F)(F)F;FB(F)(F)F;[H]C1NC([H])C([H])C([H])C1[H];[H]C1NC([H])C([H])C([H])C1[H];,5.61,5.616,True,BIHTOD;ZZZSWE01;ZZZSWE02
769443318662,27,27,27,11,2,5,Mn,C#O;C#O;C#O;C#O;C#O,5.6,7.6697,True,AFUSAV;BAZPEX;BUSVOA;COSBUH;DERQEX;FOKCEN02
543733155382,3,3,3,2,1,6,Ni,[H]C1=C(C([H])([H])[H])N(B([H])(N2N=C(C([H])([H])[H])C([H])=C2C([H])([H])[H])N2N,5.6,9.368,False,FASBOS;FASBUY;FASCEJ
912775833771,2,2,2,2,1,5,Mn,N#N;[H]C([H])([H])P(C([H])([H])[H])C([H])([H])C([H])([H])P(C([H])([H])[H])C([H]),5.6,8.8555,True,RAFHOA;YAJTIM
720144420413,2,2,2,2,1,6,Ir,[H]C(=NC([H])(C1C([H])C([H])C([H])C([H])C1[H])C([H])([H])[H])C1C([H])C([H])C([H],5.59,5.775,True,ABAZAH;ABAZEL
479668699937,7,7,7,3,1,6,Zn,[H]C1NC([H])C(C(=O)N([H])[H])C([H])C1[H];[H]C1NC([H])C(C(=O)N([H])[H])C([H])C1[H,5.59,5.5907,True,CACBIT;CUHBUF;IGAYIY;INOGEZ;VUPLAU;XEJBEX
301161964165,2,2,2,2,1,6,Co,Br;Br;[H]C1NC([H])C([H])C([H])C1[H];[H]C1NC([H])C([H])C([H])C1[H];[H]C1NC([H])C(,5.59,8.9191,False,CURSUG;EYULEP01
590397962774,4,4,4,4,2,6,Fe,[H]C(=NC([H])([H])C([H])([H])N([H])C([H])([H])C([H])([H])[H])C1C([H])C(Cl)C([H]),5.59,5.6735,True,PENLIH;PENLIH01;PENLIH02;PENRUZ
290991964476,7,7,7,3,1,6,Tc,Cl;Cl;Cl;Cl;Cl;Cl,5.58,5.5807,True,DOSREK;KAXQUW;LALHAH;QIWJOZ;QIWJUF;QIWKAM
113861002168,6,6,6,3,1,6,Co,[H]C(=O)N(C([H])([H])[H])C([H])([H])[H];[H]C(=O)N(C([H])([H])[H])C([H])([H])[H];,5.58,5.5803,True,FAQZEF;FIMDEM;KORKAH;KORLEM;WAYVID;WAYVID01
484118370467,3,3,3,2,1,6,Fe,Cl;Cl;[H]C1NC(C([H])([H])N(C([H])([H])C2NC([H])C([H])C([H])C2[H])C([H])([H])C2NC,5.58,5.8332,False,GECTUH;OFUNIP;QALZUZ
558603503637,2,2,2,2,1,6,Co,[H]C(C(=O)C([H])([H])[H])=C(O)C([H])([H])[H];[H]C(C(=O)C([H])([H])[H])=C(O)C([H],5.58,5.7529,False,SULBEG;SULBOQ
824410210092,2,2,2,2,2,6,Ni,[H]C1C([H])C2C(=O)C3C(C(=O)C2C(S(=O)(=O)O)C1[H])C([H])C([H])C([H])C3S(=O)(=O)O;[,5.58,5.6505,False,XAKBUI;XAKBUI01
755730976069,2,2,2,2,1,6,Os,Cl;Cl;F;F;F;F,5.57,5.5703,True,KANROG;LEZBAT
237625643727,2,2,2,2,1,6,Ni,O=N=O;O=N=O;[H]N([H])C([H])([H])C([H])([H])N1C([H])([H])C([H])([H])OC([H])([H])C,5.57,5.5781,True,NAVNAA;NAVNAA01
99439466660,3,3,3,3,2,6,Mo,O;O;[H]OC([H])([H])C([H])([H])[H];[H]OC1C([H])C([H])C([H])C([H])C1C(O)=NN=C([H]),5.57,5.5843,True,RIPBEZ;RIPBEZ01;RIPBEZ02
11547510785,5,5,5,2,1,6,Cu,[H]C([H])([H])S(=O)C([H])([H])[H];[H]C([H])([H])S(=O)C([H])([H])[H];[H]C([H])([H,5.56,5.9905,False,CAMZUM;FILDAH;MINZAK;OFEFAH;YURXAM
469973150584,3,3,3,3,2,6,W,C#O;C#O;[H]C([H])([H])C(S)=C(S)C([H])([H])[H];[H]C([H])([H])C(S)=C(S)C([H])([H]),5.56,7.7616,False,CUMTEJ;CUMTEJ01;QEPDIY
251725615253,2,2,2,2,2,6,Cr,C#O;C#O;C#O;C#O;C#O;[H]C([H])([H])C([H])([H])N(C#N)C([H])([H])C([H])([H])[H],5.56,5.5716,True,EAMNCR01;EAMNCR10
582695755811,2,2,2,2,1,6,Ni,Br;Br;[H]O[H];[H]O[H];[H]O[H];[H]O[H],5.56,9.1127,False,LUWDEM;ZOVBIZ
163792065219,3,3,3,2,1,6,Pt,Cl;Cl;Cl;Cl;[H]c1nn([H])c([H])c1[H];[H]c1nn([H])c([H])c1[H],5.55,5.6599,False,ACATUT;ACATUT01;NEFXEC
665207806981,2,2,2,2,1,6,Cr,N#N;N#N;[H]C1C([H])C(F)C(C([H])([H])N(C([H])([H])P(C([H])([H])C([H])([H])[H])C([,5.55,5.7788,False,AQEZIH;AQEZON
80120033284,3,3,3,3,1,6,Ni,O=[N+]([O-])O;O=[N+]([O-])O;[H]N1C([H])([H])C([H])([H])N([H])C([H])([H])C([H])([,5.55,5.6257,True,BIJYAX;BIJYIF;COMVEF
515313543420,2,2,2,2,2,6,Os,Cl;Cl;Cl;Cl;F;F,5.55,5.5501,True,CAXSAV;CAXSOJ
163480195231,10,10,10,4,1,6,Cr,C#N;C#N;C#N;C#N;C#N;C#N,5.55,5.5782,True,CEDMUX;CODNAO;GAMDAD;PEQMUU;SEGFAM;SONVOH
984731007981,2,2,2,2,1,6,Cr,Cl;Cl;Cl;[H]C1NC(C([H])([H])P(C2C([H])C([H])C([H])C([H])C2[H])C([H])([H])C2NC([H,5.55,9.3463,False,EKEKOV;NEQSAE
130449143207,6,6,6,3,1,6,Mn,F;F;F;F;[H]O[H];[H]O[H],5.55,6.1162,False,ERETEA;ERETIE;GEQWOO;JAFRIR;JAFVOB;TMAFMN
836974983801,2,2,2,2,1,6,Co,O=C(O)C(F)(F)F;O=C(O)C(F)(F)F;[H]O[H];[H]O[H];[H]O[H];[H]O[H],5.55,5.5552,True,LAPTEE;LAPTEE02
688955476926,5,5,5,5,1,6,Fe,C#N;C#N;C#N;[H]C1C(C([H])([H])[H])NN(B([H])(N2NC(C([H])([H])[H])C([H])C2C([H])([,5.53,9.3828,True,ECOWAV;ECOWEZ;ECOWID;FOKZIR;VETNAM
537923307241,18,18,18,9,2,6,Mn,[H]C(=NC([H])([H])C([H])([H])C([H])([H])N([H])C([H])([H])C([H])([H])N([H])C([H]),5.53,6.2536,True,OQEJOM;OQEJOM01;OQEKAZ;OQEKAZ01;OQEKAZ02;OQEKON
155802333842,88,88,87,8,2,5,W,C#O;C#O;C#O;C#O;C#O,5.52,8.1824,True,AKOSID;BIQNOE;BUKLID;CERHOA;DELDED;EMOHOD
329856892663,2,2,2,2,2,6,Mn,N=C=S;N=C=S;[H]C(=NC([H])([H])C([H])([H])C1NC([H])C([H])C([H])C1[H])C1C([H])C(C(,5.52,5.5202,True,SIKXUF10;SIKXUF11
5493992311,4,4,4,3,1,6,Co,[H]C1NC(C([H])([H])[H])C([H])NC1C(=O)O;[H]C1NC(C([H])([H])[H])C([H])NC1C(=O)O;[H,5.51,5.5348,True,AZOKEG;LEQKAU;LEQKAU01;XEPDOM
287192247154,6,6,6,6,1,6,Mo,Cl;Cl;O;O;[H]O[H];[H]O[H],5.5,9.2588,True,FEKCED01;KEQBUE;KICNIU;LAPPOH;VONXUS;YEYWOO
736598518853,3,3,3,2,1,5,Os,C#O;C#O;I;[H]C1C([H])C([H])C(P(C2C([H])C([H])C([H])C([H])C2[H])C2C([H])C([H])C([,5.5,5.5001,True,ISOVIV;QOJCUN;QOJDAU
596216351446,2,2,2,2,2,6,Cr,C#O;C#O;C#O;C#O;C#O;[H]C1=C(C2C([H])C([H])C([H])C([H])C2[H])C([H])(C2C([H])C([H],5.5,5.5,True,OGOGEW;OGOGEW01
391007233387,2,2,2,2,1,5,Fe,C#O;C#O;C#O;[H]C([H])([H])P(C([H])([H])[H])C([H])([H])[H];[H]C1=C([H])N(C2C(C([H,5.49,7.3587,True,AJURII;AJUSIJ
156606364628,4,4,4,3,1,6,Ni,[H]N([H])C(=N[N+](=O)[O-])N([H])N([H])[H];[H]N([H])C(=N[N+](=O)[O-])N([H])N([H]),5.48,10.0714,False,GIGZEB;GIGZEB01;LAJCAA01;PITFAB
474463504652,3,3,3,2,1,6,Ni,[H]N([H])C(=O)N([H])C(=O)N([H])[H];[H]N([H])C(=O)N([H])C(=O)N([H])[H];[H]O[H];[H,5.48,5.4803,True,TEZZUX;TIBBUF;YAMSIP
534576630500,5,5,5,5,2,6,Co,Cl;Cl;[H]C1NC([H])C([H])C([H])C1[H];[H]C1NC([H])C([H])C([H])C1[H];[H]C1NC([H])C(,5.47,5.6022,True,OWUSUW;QELMEZ01;QELMEZ02;QELMEZ03;TPYRCO01
331170592122,2,2,2,2,1,6,Re,O;O;[H]C1NC([H])C([H])C([H])C1[H];[H]C1NC([H])C([H])C([H])C1[H];[H]OC([H])([H])P,5.47,8.9865,False,POXMIY;POXMOE
14760705863,2,2,2,2,1,5,V,O;[H]C(C(=O)C([H])([H])[H])=C(O)C([H])([H])[H];[H]C1C([H])C([H])C(C([H])(N(C([H],5.46,5.4657,False,REMFIY;REMFOE
825604863342,3,3,3,2,1,6,Ni,Br;Br;[H]C1NC([H])C([H])C([H])C1[H];[H]C1NC([H])C([H])C([H])C1[H];[H]C1NC([H])C(,5.46,5.4657,True,SIRQIV;SIRQIV01;TPYNIB01
318230142041,2,2,2,2,1,6,Re,Br;Br;Br;Br;N#CS;N=C=S,5.43,5.4301,True,CAPWAR;CAPWIZ
159388592820,2,2,2,2,2,6,Ir,Cl;Cl;Cl;Cl;[H]N=C([H])C([H])([H])N([H])[H],5.43,5.4993,False,IWUMES;IWUMIW
2719649471,2,2,2,2,1,6,Re,C#O;C#O;C#O;Cl;[H]C1NC(N2CN(C([H])([H])[H])C3C([H])C([H])C([H])C([H])C32)C([H])C,5.42,5.5365,False,WENWET;WENWET01
941180353372,2,2,2,2,1,6,Mn,Cl;Cl;[H]N1C([H])([H])C([H])([H])N([H])C([H])([H])C([H])([H])C([H])([H])N([H])C(,5.41,5.4127,True,AQAWIY;PUHWUL
754423056129,2,2,2,2,1,6,W,C#O;C#O;C#O;C#O;[H]C1C([H])C([H])C(P(C2C([H])C([H])C([H])C([H])C2[H])C2C([H])C([,5.41,5.424,True,LESWEL;LEXLOP
274096705718,3,3,3,3,1,6,Mn,Cl;[H]C(=NC([H])([H])C([H])([H])N=C([H])C1C([H])C(OC([H])([H])[H])C([H])C([H])C1,5.4,5.4204,True,QEDCIO;QEDCIO01;QEDCIO02
869058904086,2,2,2,2,2,6,Fe,[H]C(=NC([H])([H])C([H])([H])N([H])[H])C1C([H])C([H])C([H])C(OC([H])([H])[H])C1O,5.39,5.4131,True,ACOREQ;ACOREQ01
166780992927,3,3,3,3,1,6,Ru,Cl;[H]C1C([H])C([H])C(P(C2C([H])C([H])C([H])C([H])C2[H])C2C([H])C([H])C([H])C([H,5.39,5.6608,True,AFAFOG;LINDEV;LUWSAZ
659173851320,10,10,10,5,1,6,Ru,Cl;Cl;[H]C1NC(C2NC([H])C([H])C([H])C2[H])C([H])C([H])C1[H];[H]C1NC(C2NC([H])C([H,5.39,5.4991,True,AHEHIF;AHEHIF01;BAYCEN;DOGMIV;ESILOH;HIQPIH
52626004244,4,4,4,2,1,6,Ni,N=C=S;N=C=S;[H]N([H])C([H])([H])C([H])([H])N([H])[H];[H]N([H])C([H])([H])C([H])(,5.39,5.993,False,EDITCN;EDITCN01;EDITCN02;RAPJAT
696064099014,2,2,2,2,2,6,Cu,[H]C([H])=C([H])n1nnnc1[H];[H]C([H])=C([H])n1nnnc1[H];[H]C([H])=C([H])n1nnnc1[H],5.39,5.7052,False,KICLOB;KICMES
962507398740,6,6,6,4,1,6,Cu,N#CC(C#N)C#N;N#CC(C#N)C#N;[H]N([H])C1([H])C([H])([H])C([H])([H])C([H])([H])C([H],5.39,5.4211,True,METMOQ;METMOQ01;METMOQ02;METMOQ03;METMOQ04;METMOQ05
872187061585,3,3,3,3,2,6,Co,N=N=N;N=N=N;[H]C1NC2C3NC([H])C([H])C([H])C3C([H])C([H])C2C([H])C1[H];[H]C1NC2C3N,5.39,5.6763,True,OHITEE;OHITEE01;OHITEE02
894689777566,2,2,2,2,2,5,Pt,Cl;[H]C([H])[H];[H]C([H])[H];[H]C1NC(C2NC([H])C([H])C(C(C([H])([H])[H])(C([H])([,5.38,8.5849,True,LUTBEH;OFIMIZ
90645471105,2,2,2,2,1,6,Ir,[H]C1CC(C2NC([H])C([H])C([H])C2[H])C([H])C([H])C1[H];[H]C1CC(C2NC([H])C([H])C3C(,5.38,5.4203,True,OCUPIM;OWOFAI
637795611324,2,2,2,2,2,6,Mo,O;O;[H]C(=NN=C(O)C1C([H])C([H])C(N([H])[H])C([H])C1[H])C1C([H])C([H])C([H])C(OC(,5.38,5.7753,False,SIXCAG;SIXCAG01
892298875798,2,2,2,2,2,6,Rh,Cl;[H]C([H])([H])C#C;[H]C([H])=C([H])SC([H])([H])C([H])([H])SC([H])=C(S)C([H])([,5.38,5.3824,True,TAFHUE;TAFJAM
360800731477,2,2,2,2,1,6,Fe,[H]C(=NN([H])C(=S)N([H])[H])C1C([H])C(F)C([H])C([H])C1O;[H]C(=NN=C(S)N([H])[H])C,5.37,5.7097,False,NOJFIF;NOJFIF01
168554368290,2,2,2,2,1,6,Co,[H]OC([H])([H])C([H])([H])N(C([H])([H])C(=O)O)C([H])([H])C([H])([H])O[H];[H]OC([,5.36,5.7037,False,QUXXAJ;VUXKOQ
833864579133,4,4,4,2,1,6,Ni,[H]N1C([H])([H])C([H])([H])N([H])C([H])([H])C([H])([H])C([H])([H])N([H])C([H])([,5.34,6.2794,False,FAGVUE;HILSEE;QUXGAS;ZIQXOM
994419794910,2,2,2,2,1,6,Ru,N=O;[H]N([H])C([H])([H])C([H])([H])N([H])[H];[H]N([H])C([H])([H])C([H])([H])N([H,5.34,5.4403,False,QUTSOR;QUVCET
12601400687,3,3,3,2,1,6,Os,[H]C([H])([H])OC(S)S;[H]C([H])([H])OC(S)S;[H]C1C([H])C([H])C(P(C2C([H])C([H])C([,5.34,5.523,False,VIRMEO;VIRMIS;VIRMOY
323318627046,2,2,2,2,2,6,Re,Br;Br;C#O;C#O;C#O;C#O,5.33,5.3593,True,EXAXUY;MASGOD
463395342181,2,2,2,2,1,6,Mo,C#O;C#O;C#O;C#O;[H]C1=C([H])N(C([H])(C([H])([H])[H])C([H])([H])[H])CN1C([H])(C1C,5.33,6.2168,False,WUSDUK;WUSFEW
460549628492,2,2,2,2,2,6,Ru,Cl;Cl;[H]C1NC(N=NC2C([H])C([H])C([H])C([H])C2[H])C([H])C([H])C1[H];[H]C1NC(N=NC2,5.32,6.644,False,BENHUY;BOYGUR02
696219965311,5,5,5,5,2,6,Mn,[H]C1NC(C2NC([H])C([H])C([H])C2[H])C([H])C([H])C1[H];[H]C1NC(C2NC([H])C([H])C([H,5.32,9.0895,True,GUXJOY;JAQDIR;OKUHOT;PIDHUH;ROJQAI01
975422662799,2,2,2,2,1,6,Ni,N=C=S;N=C=S;[H]N([H])C(=S)N([H])N([H])[H];[H]N([H])C(=S)N([H])N([H])[H],5.32,5.3484,True,HIRGEX;TCSCNI02
632938904610,2,2,2,2,1,4,Ag,[H]C1C([H])C([H])C2C(OC([H])([H])C([H])([H])OC3C([H])C([H])C([H])C([H])C3C([H])(,5.31,6.2999,True,AFUREB;AFUSAY
996281518030,4,4,4,4,2,6,Ir,C#O;C#O;I;I;I;[H]C([H])([H])C=O,5.3,5.4342,True,AVOCET;JEWPEH;VAZWUP;VAZWUP01
280270288943,2,2,2,2,2,6,Ni,[H]OC([H])([H])C([H])([H])N=C([H])C1C([H])C(Cl)C([H])C([H])C1O;[H]OC([H])([H])C(,5.3,5.3373,True,AYITEI;IDUXEM
30282375239,4,4,4,3,1,6,Ru,Cl;Cl;[H]C1C([H])C([H])C(P(C([H])([H])[H])C([H])([H])C([H])([H])P(C2C([H])C([H]),5.29,7.984,False,BOPWEK;EMPCRU;EMPPRU01;ZZZBOM
904519431511,2,2,2,2,1,6,W,C#O;C#O;C#O;C#O;[H]C1NC2C3NC([H])C([H])C([H])C3C([H])C([H])C2C([H])C1[H],5.29,6.1722,False,FOHYAD;JISKIF
699230158562,3,3,3,3,1,6,W,[H]C([H])([H])C(S)=C(S)C([H])([H])[H];[H]C([H])([H])C(S)=C(S)C([H])([H])[H];[H]C,5.29,8.6628,False,LINCAO;QEPFAS;QEPFAS01
546801692829,4,4,4,3,2,5,Re,C#O;C#O;C#O;C#O;C#O,5.29,7.2858,True,NALXIK;NUXQII;XIGYET;YANZEU
702404136064,2,2,2,2,2,4,Ni,Cl;N=O;[H]C1C([H])C([H])C(P(C2C([H])C([H])C([H])C([H])C2[H])C2C([H])C([H])C([H]),5.29,5.29,False,PUYJIC;PUYJIC01
221684305129,2,2,2,2,1,6,Re,C#O;C#O;C#O;[H]c1nn([H])c(C(C([H])([H])[H])(C([H])([H])[H])C([H])([H])[H])c1[H];,5.28,5.9167,False,ACISEL;FEXNIG
544432535570,6,6,6,5,2,6,Ni,Cl;[H]C1NC2C3NC([H])C([H])C([H])C3C([H])C([H])C2C([H])C1[H];[H]C1NC2C3NC([H])C([,5.28,5.8588,True,BEYLUN;GATTIF;NESBUJ;PAFMIV;PAFMIV01;XAHTIN
424125839976,2,2,2,2,1,6,Fe,[H]C1([H])SC([H])([H])C([H])([H])SC([H])([H])C([H])([H])C([H])([H])SC1([H])[H];[,5.28,5.2864,True,LAXNON;TACTUM
826477476181,10,10,10,5,2,5,Os,C#O;[H]C([H])([H])N(C(S)S)C([H])([H])[H];[H]C1C([H])C([H])C(P(C2C([H])C([H])C([H,5.26,7.7309,True,BAMPAG;FIXRAG;FIXROU;PENLIE;QEWPOY;QEWPUE
702637110677,2,2,2,2,1,5,Mn,[H]C1C([H])C(C([H])([H])[H])C(N#C)C(C([H])([H])[H])C1[H];[H]C1C([H])C(C([H])([H],5.26,5.2602,True,RAGHIQ;RAGHOW
154997075767,3,3,3,2,1,4,Zn,[H]C1=C([H])C2C([H])C([H])C([H])C([H])C2C1[H];[H]C1=C([H])C2C([H])C([H])C([H])C(,5.25,7.5602,False,HOXZAW;HUDNIE;HUDNOK
86734652366,5,5,5,4,2,6,W,N#N;N#N;[H]C1C([H])C([H])C(P(C2C([H])C([H])C([H])C([H])C2[H])C([H])([H])C([H])([,5.24,5.6754,True,ROPYIE;ROPYUQ;ROPZAX;ZURKIG;ZURKIG01
406991875966,18,18,18,8,2,5,Cu,Cl;[H]C1NC(C2NC([H])C([H])C([H])C2[H])C([H])C([H])C1[H];[H]C1NC(C2NC([H])C([H])C,5.23,7.7684,True,AJAQOT;BABTIH;BEMBAZ;BPYCUA;BPYCUA02;BPYCUB
203797146298,2,2,2,2,2,4,Cu,Br;[H]C(=NC1C([H])C(C([H])([H])[H])C([H])C([H])C1O)C1NC([H])C([H])C([H])C1[H],5.23,9.9801,True,GAFKUV;GAFKUV01
168428448738,3,3,3,3,2,6,Ni,[H]N=C(N(C([H])([H])[H])C([H])([H])[H])n1nc([H])c([H])c1[H];[H]N=C(N(C([H])([H]),5.23,5.6895,False,YUNYEO;YUNYIS;YUNYOY
113030035375,2,2,2,2,1,6,Ru,OSO;[H]C1NC([H])C([H])C(Br)C1[H];[H]N([H])[H];[H]N([H])[H];[H]N([H])[H];[H]N([H],5.22,5.2429,True,CUNJII;CUNJUU
577638157725,2,2,2,2,1,5,Os,C#O;C#O;C#O;[H]C1([H])P2C([H])([H])C([H])([H])C([H])([H])C([H])([H])C([H])([H])C,5.22,7.2839,True,UJEQOR;UJEREI
546455637495,2,2,2,2,1,5,Fe,C#O;C#O;C#O;[H]C([H])([H])N(C([H])([H])P(C([H])([H])C([H])([H])[H])C([H])([H])C(,5.21,5.2198,True,CILNET;CILNIX
524358715998,2,2,2,2,2,6,Cu,Cl;Cl;[H]c1nnnn1C([H])([H])C([H])([H])N([H])C([H])([H])C([H])([H])N([H])[H];[H]c,5.21,5.4472,True,ERUHIK;ERUHIK01
82531891584,2,2,2,2,1,6,V,O;[H]C(=NC(C([H])([H])[H])(C([H])([H])[H])C([H])([H])O)C1C([H])C([H])C([H])C([H],5.21,8.4321,False,TOVKAQ;TOVKAQ01
218805326322,2,2,2,2,1,5,Ir,C#O;C#O;[H]C1C([H])C(C([H])([H])P(C(F)(F)F)C(F)(F)F)CC(C([H])([H])P(C(F)(F)F)C(F,5.2,7.3752,True,ATIVUV;ATOQUW
998506737817,3,3,3,3,1,6,Ru,[H]C1NC(C2NC([H])C([H])C(C([H])([H])[H])C2[H])C([H])C(C([H])([H])[H])C1[H];[H]C1,5.2,5.2081,False,JUQHEI;JUQHEI01;JUQHEI02
844525139978,2,2,2,2,1,6,Co,[H]OC([H])([H])c1nc([H])c([H])n1C([H])([H])C1C([H])C([H])C([H])C([H])C1[H];[H]OC,5.2,8.4024,False,UHIKIF;UHIKOL
839579375636,2,2,2,2,2,5,Rh,Cl;Cl;[H]C([H])([H])P(C([H])([H])[H])C([H])([H])[H];[H]C([H])([H])P(C([H])([H])[,5.19,7.8654,True,FINWUV;PUNLEP
183229439374,2,2,2,2,2,6,Cd,O=[N+]([O-])O;O=[N+]([O-])O;[H]C(=NC1NC(C([H])([H])[H])C([H])C([H])C1[H])N([H])C,5.19,5.3074,False,JARNOG;JARNOG01
313955728321,5,5,5,4,2,6,Fe,N=C=[Se];N=C=[Se];[H]C1NC(C([H])([H])N([H])C2([H])C([H])([H])C([H])([H])C([H])([,5.19,6.0659,True,XUGGEO01;XUGGEO03;XUGGIS;XUGGIS01;XUGGUE
76974929542,2,2,2,2,1,4,Ni,[H]C(=NC(C#N)=C(C#N)N=C([H])C1C([H])C([H])C([H])C([H])C1O)C1C([H])C([H])C([H])C(,5.18,5.6278,True,GAQCOT;GAQCOT02
302505821517,41,41,41,10,2,5,Cu,Cl;[H]C1NC2C3NC([H])C([H])C([H])C3C([H])C([H])C2C([H])C1[H];[H]C1NC2C3NC([H])C([,5.17,7.7939,True,ATUSEN;BEYMAU;CABCIV;CASPAP;CEXQUS;CLPLCU01
150744288016,4,4,4,4,1,5,Cu,N=C=O;[H]C1NC(N([H])C2NC([H])C([H])C([H])C2[H])C([H])C([H])C1[H];[H]C1NC(N([H])C,5.17,7.2132,True,PEZXEY;PEZXUO01;PEZYAV;PEZYOJ
197703251551,2,2,2,2,2,4,Ni,[H]C([H])([H])N(C([H])([H])[H])C([H])([H])C([H])([H])N(C([H])([H])[H])C([H])([H],5.16,12.2952,False,BUGDUD;ICUTIL
489995195404,3,3,3,2,1,4,Ni,[H]N(C(S)=NN=C(C(=NN=C(S)N([H])C([H])([H])[H])C([H])([H])[H])C([H])([H])[H])C([H,5.16,6.462,False,KOBNUN;UMUXOP;UMUXOP01
342531738564,4,4,4,4,2,6,V,O;[H]C([H])(C(=O)O)N(C([H])([H])C(=O)O)C([H])([H])C(=O)O;[H]O[H],5.15,9.3218,False,FUQHIM;JUMDOM;PEKZUD;RIBYEJ
279072515640,3,3,3,2,1,5,Fe,C#O;C#O;C#O;[H]C([H])([H])C(N#C)(C([H])([H])[H])C([H])([H])[H];[H]C([H])([H])C(N,5.15,5.1633,True,LEJWON;LEJWON01;NUNYAY
340978741990,2,2,2,2,1,6,Mo,[H]C([H])([H])C(S)=C(S)C([H])([H])[H];[H]C([H])([H])C(S)=C(S)C([H])([H])[H];[H]C,5.13,5.1301,False,DIZQOS;QEPDOE
551142158762,2,2,2,1,1,4,Cu,[H]C1=NC([H])([H])C([H])([H])C([H])([H])N=C([H])C2C([H])C([H])C([H])C([H])C2NC(=,5.12,8.4165,False,HUYFEM;VEQCOJ
945188888916,2,2,2,2,1,5,V,O;[H]C([H])([H])C([H])([H])O;[H]c1oc(C(O)=NN=C(C2C([H])C([H])C([H])C([H])C2O)C([,5.11,5.1475,False,CAWKUI;CAWKUI01
53627949119,3,3,2,2,1,6,Os,Cl;Cl;[H]C1C([H])C([H])C(P(=N)(C2C([H])C([H])C([H])C([H])C2[H])C2C([H])C([H])C([,5.1,5.5154,False,EBATAC;JIWWER;JIWWER01
986813220279,2,2,2,2,1,6,Ni,[H]C(=NC1C([H])C([H])C([H])C([H])C1SC([H])([H])C1C([H])C([H])C([H])C([H])C1[H])C,5.1,5.1329,True,FOGMOF;FOGMOF01
213775934841,2,2,2,2,1,6,Ni,[H]C(=NC([H])([H])c1oc([H])c([H])c1[H])c1nn([H])c(C([H])([H])[H])c1[H];[H]C(=NC(,5.1,5.1107,True,NOGBAQ;TOYFUM
295665927914,2,2,2,2,2,4,Cu,[H]C1C([H])C([H])C2C(NC(=NN=C3N(C([H])([H])[H])C([H])([H])C([H])([H])N3C([H])([H,5.1,5.1014,False,SAQHUR;SAQJIH
651394314956,2,2,2,2,2,6,Re,C#O;C#O;C#O;[H]C1C([H])C([H])C(P(C2C([H])C([H])C([H])C([H])C2[H])N([H])C2NC(N([H,5.09,5.2054,True,QAYSOB;QAYSUH
483482089952,3,3,3,2,1,5,Cu,[H]C1C([H])C([H])C(C([H])([H])C([H])(C(=O)O)N([H])[H])C([H])C1[H];[H]C1NC2C3NC([,5.08,6.0687,False,GEBVIS01;GEBVIS02;OTEKUV
987204470627,2,2,2,2,2,4,Ni,[H]C1C([H])C([H])N(O)C(S)C1[H];[H]C1C([H])C([H])N(O)C(S)C1[H],5.06,10.4734,False,KUDKAV01;ROLVOD
471616806065,2,2,2,2,1,5,Fe,C#O;C#O;C#O;C#O;[H]C([H])([H])C(N#C)(C([H])([H])[H])C([H])([H])[H],5.06,6.8451,True,NUNXIF;YUDYEC
956207349961,3,3,3,3,1,6,Zn,[H]N([H])C1([H])C([H])([H])C([H])([H])C([H])([H])C([H])([H])C1([H])N([H])[H];[H],5.05,8.9837,False,KAHPUG;UNOCIK;VAHYOW02
414627694296,4,4,4,3,2,6,Mn,[H]C(=NC([H])([H])C([H])([H])N([H])C([H])([H])C1C([H])C([H])C([H])C([H])C1[H])C1,5.04,5.0452,True,POYTOQ;POYTOQ01;POYVAE;POYVAE01
806540465857,4,4,4,2,1,6,Co,O=[N+]([O-])O;O=[N+]([O-])O;[H]O[H];[H]c1c(C([H])([H])[H])nn(C2NC(n3nc(C([H])([H,5.03,5.2003,False,ASUPOW01;ASUPOW02;ASUPOW03;ASUPOW08
76197588920,2,2,2,2,2,5,Cu,[H]C1C([H])C([H])C([N+](=O)[O-])C(C(=O)O)C1[H];[H]C1C([H])C([H])C([N+](=O)[O-])C,5.03,5.8567,False,MEHJEP;MEHJEP01
650724569585,2,2,2,2,2,5,Cu,[H]C1C(Br)NC(C(=O)O)C([H])C1[H];[H]C1C(Br)NC(C(=O)O)C([H])C1[H];[H]O[H],5.03,8.8816,False,POMPEN;POMPEN01
190080667862,2,2,2,2,2,4,Pd,Br;[H]C1C([H])C([H])C(P(C2C([H])C([H])C([H])C([H])C2[H])C2C([H])C([H])C([H])C3C2,5.02,7.4317,True,EFUYAF;LOXLOZ
365554203458,14,14,14,6,2,5,Cu,Br;[H]C1NC2C3NC([H])C([H])C([H])C3C([H])C([H])C2C([H])C1[H];[H]C1NC2C3NC([H])C([,5.02,6.6847,False,FEKJUB;IWUWON;KUYNUO;POXLET;POXLET01;POXLET02
413330980364,11,11,11,6,2,4,Ni,[H]C(=NC([H])([H])C([H])([H])N=C([H])C1C([H])C([H])C([H])C([H])C1O)C1C([H])C([H],5.02,9.6612,True,FEYWEM01;NORFOR;SAENNI;SAENNI01;SAENNI02;SAENNI03
6896865053,4,4,4,4,2,4,Cu,[H]N(C(S)=NN=C(C(=NN=C(S)N([H])C([H])([H])[H])C([H])([H])[H])C([H])([H])[H])C([H,5.01,6.9186,True,UMUXUV;UMUYAC;XOBNIL;XOBNIL01
229317638154,3,3,3,3,2,5,Cu,[H]C1NC2C3NC([H])C([H])C([H])C3C([H])C([H])C2C([H])C1[H];[H]N([H])C([H])(C(=O)O),4.99,7.4783,False,DIPKAR;RAGDIO;RAGDIO01
471157018573,2,2,2,2,1,5,Ru,C#O;C#O;C#O;[H]C1C([H])C([H])C(P(C2C([H])C([H])C([H])C([H])C2[H])C([H])([H])C([H,4.98,6.4889,True,GOTVOA;YAQZEV
573782739789,2,2,2,2,1,6,Re,C#O;C#O;C#O;Cl;[H]C1=NC2C3C([H])C([H])C([H])NC3C3NC([H])C([H])C([H])C3C2N1[H],4.97,5.9057,False,MOBRUU;MOBRUU01
164843705427,2,2,2,2,1,5,Ir,[H]C1C([H])C([H])C(P(C2C([H])C([H])C([H])C([H])C2[H])C2C([H])C([H])C([H])C([H])C,4.97,4.9703,False,VUBLOV;VUBMAI
597383054220,3,3,3,3,2,4,Cu,Br;Br;[H]C1([H])N2C([H])([H])C3([H])C([H])([H])C([H])(C([H])([H])N4C([H])([H])C(,4.96,8.4977,True,AWOCAQ;AWOCAQ01;AWOCAQ02
254087236721,2,2,2,2,2,6,Mn,[H]C1C(C(=O)O)NC(C(=O)O)C([H])C1[H];[H]C1NC2C3NC([H])C([H])C([H])C3C([H])C([H])C,4.94,5.0126,False,IHELAI;IHELAI01
40594973524,2,2,2,2,2,5,Mn,[H]C1C([H])C([H])C(C2NN(B([H])(N3NC(C4C([H])C([H])C([H])C([H])C4[H])C(C#N)C3[H]),4.94,7.6568,True,TACGAI;TACGEM
503550404101,2,2,2,2,1,4,Ni,[H]C1=C2N=C(C(C([H])([H])C([H])([H])[H])=C2C([H])([H])C([H])([H])[H])c2[nH]c(c(C,4.93,6.081,True,UNEJIG;UNEJIG01
490779870899,2,2,2,2,2,4,Ni,[H]ON=C(C([H])([H])[H])C(N([H])C([H])([H])C([H])([H])C([H])([H])N([H])C(C(=NO)C(,4.92,5.2923,False,ABASEC;ABXNIH
202828568620,2,2,2,2,2,5,Ru,Cl;[H]C1C([H])C([H])C(P(C2C([H])C([H])C([H])C([H])C2[H])C2C([H])C([H])C([H])C([H,4.91,7.3207,True,DENQIX;FAMFOP
2349006133,3,3,3,3,1,6,Mn,[H]OC(=O)c1c(C(=O)O)nc(C([H])([H])C([H])([H])C([H])([H])[H])n1[H];[H]OC(=O)c1c(C,4.91,5.2365,False,FIRWUA;HUDRUU;XEPVUL
613126629025,2,2,2,2,1,4,Ni,[H]C(=NC([H])([H])C([H])([H])N=C([H])C1C(O)C([H])C([H])C2C([H])C([H])C([H])C([H],4.9,5.0264,False,ENPCUB10;ENPCUB11
51199415001,2,2,2,2,1,5,Cu,[H]C1NC(C2NC([H])C([H])C([H])C2[H])C([H])C([H])C1[H];[H]N([H])C([H])(C(=O)O)C([H,4.89,8.1021,True,ADALIB;BOYCUN
849646624274,2,2,2,2,1,5,Rh,Cl;[H]C1C([H])C([H])C(P(C2C([H])C([H])C([H])C([H])C2[H])N2C(P(C3=C(C([H])([H])[H,4.87,4.8826,True,NUTMUL;NUTNAS
49514881078,2,2,2,2,1,6,Fe,[H]C(=NC([H])([H])c1nnn(C([H])([H])C([H])([H])C([H])([H])C([H])([H])C([H])([H])C,4.87,5.0062,False,SOPPUM03;SOPPUM04
444692297163,3,3,3,2,2,5,Fe,N=O;O=C(S)C(=O)S;O=C(S)C(=O)S,4.85,7.684,True,ETENUN;ETEPAV;ETEPEZ
200083522677,2,2,2,2,2,6,Cu,O=N(O)O;[H]C1NC(C2NC([H])C([H])C([H])C2[H])C([H])C([H])C1[H];[H]C1NC(C2NC([H])C(,4.84,8.2168,False,NPYCUN10;ULAXOV01
982519813552,2,2,2,2,1,4,Ni,[H]C(=NC1C([H])C([H])C([H])C([H])C1N=C([H])C1C([H])C([H])C([H])C([H])C1S)C1C([H],4.84,5.2839,False,ROKGUT;ROKGUT01
124288508403,2,2,2,2,2,5,V,O;[H]C([H])([H])C([H])(O)C([H])([H])[H];[H]OC1C([H])C([H])C([H])C([H])C1C(O)=NN=,4.83,7.5171,True,BEBWOW;BEBWOW01
879768732116,4,4,4,3,2,5,Cu,[H]C1C([H])C(C(C([H])([H])[H])(C([H])([H])N([H])[H])C([H])([H])N([H])[H])NC(C(C(,4.83,8.0021,True,QEMZAJ;QEMZEN;QEMZIR;QEMZOX
75654604141,10,10,10,4,1,4,Ni,[H]N1C([H])([H])C([H])([H])N=C(C([H])([H])[H])C([H])([H])C(C([H])([H])[H])(C([H],4.82,15.275,True,AVOJIE;CIXQUW;KUGNEF;KUGNEF02;KUGNEF03;MUCBIW
38624310868,2,2,2,2,2,4,Cu,N=N=N;[H]C(=NC([H])([H])C([H])([H])N([H])C([H])(C([H])([H])[H])C([H])([H])[H])C1,4.82,15.6412,False,GORGOM;LARNUQ
27978233954,2,2,2,2,2,6,Fe,[H]C(=NC([H])([H])C([H])([H])c1nc([H])n([H])c1[H])c1nc(C([H])([H])[H])n([H])c1[H,4.82,4.8513,True,LUGXUH;LUGYAO
440947789130,2,2,2,2,2,5,Co,[H]C(=NC1C([H])C([H])C([H])C([H])C1N=C([H])c1c(C([H])([H])[H])nn(C2C([H])C([H])C,4.81,7.8708,True,LEHTIB;LEHTIB01
403332930709,4,4,4,4,2,4,Ni,[H]C(=NC1([H])C([H])([H])C([H])([H])C([H])([H])C([H])([H])C1([H])N=C([H])C1C([H],4.8,7.3322,True,GOGPUO01;GOGPUO02;QIJSOR;SORHEN
460868889637,2,2,2,2,1,5,Os,C#O;C#O;C#O;C#O;[H]C1=C([H])N(C2C(C([H])([H])[H])C([H])C(C([H])([H])[H])C([H])C2,4.76,4.8172,False,OWEMIO;OWENAH
990157780040,5,5,5,4,2,6,Mn,[H]C1C([H])C([H])C(C(=NC([H])([H])C([H])([H])C([H])([H])N([H])C([H])([H])C([H])(,4.76,9.202,True,YAWLOB;YAWLOB01;YAWMAO;YAWMAO01;YAWMIW
782824250728,2,2,2,2,1,4,Cu,[H]C1C(C(=O)NC2=NC3C([H])C([H])C([H])C([H])C3S2)NC(C(=O)NC2=NC3C([H])C([H])C([H],4.74,4.7508,False,JUYXAE;JUYXAE01
268754467684,3,3,3,3,1,6,Zn,[H]C1NC(C([H])([H])N([H])C([H])([H])C2NC([H])C([H])C([H])C2[H])C([H])C([H])C1[H],4.73,5.7789,False,GOJRUT;GOJSAA;ULUBEJ
940778890067,3,3,3,3,2,4,Cu,Cl;[H]C1NC(C(=NN=C(S)N([H])C([H])([H])[H])C([H])([H])[H])C([H])C([H])C1[H],4.73,6.9416,True,WEHJIF;WEHJIF01;WEHJIF02
106328249176,11,11,11,4,1,6,Cr,[H]C1C(C(=O)O)NC(C(=O)O)C([H])C1[H];[H]C1C(C(=O)O)NC(C(=O)O)C([H])C1[H],4.72,5.4201,True,BODHUZ;CAHCOG;CUPYES;GOGDAI;PYCXCR;QIXHOV
20103069127,6,6,6,2,2,5,Mo,Cl;Cl;Cl;Cl;O,4.71,7.5182,True,IHODAM;IWELOL;JAJRIV;LIMRUU;NABQIQ;RIYRAV
864256248850,3,3,3,3,1,5,Fe,C#O;C#O;C#O;C#O;[H]C1=C([H])N(C2C(C([H])([H])[H])C([H])C(C([H])([H])[H])C([H])C2,4.69,6.6895,True,AJURUU;HIDWOI;HIDWOI01
652980033425,2,2,2,2,1,6,Cu,[H]N1C([H])(C([H])([H])[H])C([H])([H])N([H])C(C([H])([H])[H])(C([H])([H])[H])C([,4.68,4.9363,False,ECURIE;ZINSEW
108433003743,2,2,2,2,2,5,Co,Cl;[H]C1C([H])C([H])C(P(C2C([H])C([H])C([H])C([H])C2[H])C2C([H])C([H])C([H])C([H,4.68,7.9771,True,LITYEV;VIQWEA
904953531261,2,2,2,2,1,5,Ni,N=C=S;N=C=S;N=C=S;N=C=S;N=C=S,4.68,4.6824,True,LULDOM;YIJGOR
679965699068,3,3,3,2,2,5,W,Cl;[H]C([H])([H])P(C([H])([H])[H])C([H])([H])[H];[H]C([H])([H])P(C([H])([H])[H]),4.67,7.4386,True,KASKUM;KASLEX;YEPHAD
857642486856,3,3,3,3,2,5,Cu,[H]O[H];[H]n1nnnc1C(c1nnnn1[H])(C([H])([H])[H])C([H])([H])[H];[H]n1nnnc1C(c1nnnn,4.67,6.5026,True,LODNIE;LODNUQ;LODPEC
351108199222,3,3,3,2,2,5,Nb,C#O;C#O;[H]C([H])([H])P(C([H])([H])[H])C([H])([H])[Si](C([H])([H])[H])(C([H])([H,4.66,7.5498,True,FEFRUG;FEFSAN;FEFSER
655980302873,3,3,3,2,1,5,Zn,Cl;Cl;[H]C1NC(C2NC(C3NC([H])C([H])C([H])C3[H])C([H])C([H])C2[H])C([H])C([H])C1[H,4.66,6.6971,False,TPYZNC03;TPYZNC04;TPYZNC05
478601093775,2,2,2,2,1,6,Ti,[H]C([H])([H])NC([H])([H])[H];[H]C([H])([H])NC([H])([H])[H];[H]C1C([H])C(S(=O)(=,4.65,4.6507,False,PADGOQ;PADKOU
702932953823,2,2,2,2,1,5,Fe,OC1C(F)C(F)C(F)C(F)C1F;OC1C(F)C(F)C(F)C(F)C1F;OC1C(F)C(F)C(F)C(F)C1F;OC1C(F)C(F),4.65,4.6543,True,UCIVOT;UCIVUZ
697146588447,3,3,3,3,1,6,Cd,[H]C1=NC(=C(c2[nH]c([H])c([H])c2[H])C2C([H])C([H])C(C#N)C([H])C2[H])C([H])=C1[H],4.61,5.5221,False,ZESSUN;ZESTAU;ZESTEY
583213396749,3,3,3,2,2,5,Cu,[H]C1=C(C(=O)O)C(=O)C2C([H])C(F)C(N3C([H])([H])C([H])([H])N(C([H])([H])C([H])([H,4.6,7.4341,True,MEYYAU;QACZUT;TESLIO
791781947015,2,2,2,2,2,5,Mn,[H]C(=NC([H])([H])C([H])([H])N=C([H])C1C([H])C([H])C([H])C([H])C1O)C1C([H])C([H],4.59,7.3965,True,SOCKIE01;SOCKIE02
800473083763,2,2,2,2,2,5,Nb,[H]C(C(=NC1C(C([H])(C([H])[H])C([H])([H])[H])C([H])C([H])C([H])C1C([H])(C([H])([,4.59,6.8539,False,VOLSAR;VORSAX
71469160185,2,2,2,2,2,4,Cu,[H]N1C([H])([H])C([H])([H])N=C(C([H])([H])[H])C([H])([H])C(C([H])([H])[H])(C([H],4.58,7.5961,True,BAPPUD;BAPPUD01
651651173600,2,2,2,2,2,5,Tc,C#O;C#O;C#O;[H]C1C([H])C([H])C(P(C2C([H])C([H])C([H])C([H])C2[H])C2C([H])C([H])C,4.58,7.2035,True,EWOFUU;EWORAM
558343846182,2,2,2,2,2,6,Zn,[H]C([H])([H])N(C(S)S)C([H])([H])[H];[H]C([H])([H])N(C(S)S)C([H])([H])[H];[H]C1N,4.58,4.7609,True,HOCZEE;HOCZEE01
984412214419,2,2,2,2,1,6,Ni,[H]C1NC(C(=NN=C(S)N([H])C([H])([H])[H])C2C([H])C([H])C([H])C([H])C2[H])C([H])C([,4.57,4.9228,False,LUMBUU;LUMBUU01
704697670173,2,2,2,2,1,5,Ru,C#O;Cl;[H]C1C([H])C(C([H])([H])P(C([H])(C([H])([H])[H])C([H])([H])[H])C([H])(C([,4.56,4.5604,True,BOFMAN;KAVPIK
967923354361,2,2,2,2,2,5,Mn,C#O;C#O;[H]N(C([H])([H])C([H])([H])P(C([H])(C([H])([H])[H])C([H])([H])[H])C([H]),4.56,7.5601,True,EVIXEO01;NAYMUY
496814595177,2,2,2,2,1,4,Cu,[H]C([H])([H])C([H])([H])N(C(S)S)C([H])([H])C([H])([H])[H];[H]C([H])([H])C([H])(,4.56,13.0806,True,GAQLUG;URIROF
857169679175,2,2,2,2,1,5,Fe,C#O;C#O;C#O;[H]C1C([H])C2C([H])C3C([H])C([H])C([H])C(C([H])([H])P(C4([H])C([H])(,4.55,6.6721,True,DUDJEV;DUDNAV
92526498605,2,2,2,2,2,5,Zn,Cl;Cl;[H]C1NC(C2NC(C3NC([H])C([H])C([H])C3[H])C(C3NC([H])C([H])C([H])C3[H])NC2C2,4.55,4.5658,True,WAGPOJ;WAGPOJ01
309640119555,3,3,3,3,2,5,Ru,Cl;Cl;[H]C1([H])C([H])([H])C([H])([H])C([H])(P(C2([H])C([H])([H])C([H])([H])C([H,4.52,7.3611,True,IKORIK;IKORIK01;IKORIK03
744399745308,2,2,2,2,1,5,Ni,Cl;Cl;[H]C(=NC1C([H])C(F)C(F)C([H])C1F)C1NC(C([H])=NC2C([H])C(F)C(F)C([H])C2F)C(,4.52,6.35,True,PEDGOV;PEDGOV01
426008501076,2,2,2,2,2,5,Ru,C#O;[H]C([H])([H])P(C([H])([H])[H])C([H])([H])[H];[H]C1C([H])C([H])C(P(C2C([H])C,4.51,7.1127,True,FUMJUW;LUNBEE
448929986732,8,8,8,6,2,5,Fe,C#N;[H]C1=C([H])c2nc1c(C1C([H])C([H])C([H])C([H])C1[H])c1[nH]c(c([H])c1[H])c(C1C,4.51,7.138,True,QOVKIW;QOVKIW01;QOVKIW02;QOVKIW03;QOVKIW04;QOVKIW05
463932044794,14,14,6,2,2,5,V,O;[H]C(C(O)C([H])([H])[H])C(O)C([H])([H])[H];[H]C(C(O)C([H])([H])[H])C(O)C([H])(,4.5,7.3805,True,ACACVO02;ACACVO03;ACACVO04;ACACVO05;ACACVO06;ACACVO07
509462664708,3,3,3,3,1,6,Ni,[H]N([H])C1([H])C([H])([H])C([H])([H])C([H])([H])C([H])([H])C1([H])N([H])[H];[H],4.5,5.1656,False,AHDNIC;AHDNIC02;EFEFII
745425437205,3,3,3,3,1,4,Zn,Cl;Cl;[H]C1C([H])C(O)C2NC(C([H])([H])[H])C([H])C([H])C2C1[H],4.49,4.4994,False,AYOCEX;HOSZAR;VAJZAK
709584485236,3,3,3,3,1,5,Cu,Cl;Cl;[H]OC([H])([H])C12N(C([H])(C3NC([H])C([H])C([H])C3[H])OC1([H])[H])C([H])(C,4.49,5.0735,True,DAQCUX;OBIZAE;OBIZEI
146086473756,2,2,2,2,2,5,Co,[H]C([H])([H])C#N;[H]C([H])([H])P(C([H])([H])[H])C([H])([H])C([H])([H])P(C([H])(,4.49,7.6389,True,HERMAV;NALZOR
71945290569,2,2,2,2,1,5,Fe,[H]C([H])([H])C(O)O;[H]C1C(C(=NC2C(C([H])(C([H])([H])[H])C([H])([H])[H])C([H])C(,4.48,5.3806,False,DOMZOV;YAGPUU
296577854319,4,4,4,3,1,6,Mn,[H]C1NC(C(=O)O)C([H])C([H])C1[H];[H]C1NC(C(=O)O)C([H])C([H])C1[H];[H]O[H];[H]O[H,4.48,4.5969,True,LERSOQ;NIDPUL;NIDPUL01;SUSDIX
191307427709,3,3,3,2,1,5,Ru,Cl;Cl;[H]C1C(C([H])([H])[H])C([H])C(C([H])([H])[H])C(N2CN(C3C(C([H])([H])[H])C([,4.47,7.474,True,POZPOK;POZPOK01;POZPOK02
83324325902,5,5,5,3,1,6,Cu,[H]OC([H])([H])C1NC(C([H])([H])O[H])C([H])C([H])C1[H];[H]OC([H])([H])C1NC(C([H]),4.46,9.3169,True,ATIRUQ;ATISIF;ATISIF01;ATISIF02;YOHLOW
550360047900,2,2,2,2,2,5,Ir,Cl;[H]C1CC(OP(C(C([H])([H])[H])(C([H])([H])[H])C([H])([H])[H])C(C([H])([H])[H])(,4.46,7.9822,True,PIVSUM;PIVTIB
323223373362,2,2,2,2,2,5,Cu,[H]C1C(C(=O)O)NC(C(=O)O)C([H])C1[H];[H]O[H];[H]c1nc(N([H])[H])n([H])n1,4.46,7.0037,True,XIPQAQ;XIPQAQ01
172322795806,2,2,2,2,2,5,Cu,N=C=O;[H]C1NC(C(=O)NC(=O)C2NC([H])C([H])C([H])C2[H])C([H])C([H])C1[H];[H]O[H],4.45,7.0205,True,MUKRUF;MUKRUF01
961394337147,3,3,3,2,2,5,Cu,N#CNC#N;N#CNC#N;[H]N([H])C([H])([H])C([H])([H])N([H])C([H])([H])C([H])([H])N([H],4.45,7.2077,True,OLIWIP;OLIWIP01;OLIWIP02
755499309108,2,2,2,2,2,5,V,O;[H]C(=NC([H])([H])C([H])(N=C([H])C1C([H])C([H])C([H])C([H])C1O)C([H])([H])C1C(,4.45,7.446,True,XAVSAR;XAVSAR01
206674125851,8,8,7,4,2,5,Cu,Cl;Cl;Cl;Cl;Cl,4.44,7.072,True,AEPIPC01;AEPIPC02;AEPIPC03;AEPIPC04;AEPIPC05;AEPIPC06
502824929235,2,2,2,2,2,5,V,O;[H]OC1C([H])C([H])C(C([H])([H])C([H])(N=C([H])C2C(O)C([H])C([H])C3C([H])C([H]),4.44,7.2252,True,DESFEN;EMUMEE
78675147348,2,2,2,2,1,5,Cu,N=C=S;N=C=S;[H]c1c(C([H])([H])[H])nn(C([H])([H])C([H])([H])N([H])C([H])([H])C([H,4.44,4.4409,False,FASFIQ;FASFIQ01
953291853932,3,3,3,2,1,6,Mn,[H]C1C(C([H])([H])[H])NN(B([H])(N2NC(C([H])([H])[H])C([H])C2C([H])([H])[H])N2NC(,4.44,4.7332,False,FOGGOY;FOGGOY02;PIBNAQ
448464143953,2,2,2,2,1,5,Cu,[H]C1C(C(=O)NC2C([H])C([H])C([H])C([H])C2C(=O)N([H])C2C([H])C([H])C([H])C([H])C2,4.44,6.1324,True,HUCFET;ZAZCAE
433862222853,2,2,2,2,1,5,Cu,[H]C(=O)C1C([H])C(C([H])([H])[H])C([H])C(C([H])(OC([H])([H])[H])OC([H])([H])[H]),4.44,4.44,True,POMKIN;POMKIN01
139396452474,2,2,2,2,1,6,Os,Cl;Cl;[H]C1C([H])C([H])C(P(C2C([H])C([H])C([H])C([H])C2[H])C([H])([H])C([H])([H],4.43,4.5897,False,LIMTEK;LIMTIO
472785748246,2,2,2,2,1,6,Ni,[H]C1C([H])C(C2C([H])C([H])C([H])C([H])N2O)NC(C2C([H])C([H])C([H])C([H])N2O)C1[H,4.43,4.643,False,QOKGEC;QOKGEC01
39107863255,2,2,2,2,1,5,Ru,O;[H]C1C([H])C([H])C(C(O)(C(=O)NC2C([H])C([H])C([H])C([H])C2NC(=O)C(O)(C2C([H])C,4.43,4.4518,False,ZOHZIF;ZOHZOL
973487946996,8,8,8,4,2,6,Co,[H]C1NC(C2NC(C3NC([H])C([H])C([H])C3[H])C([H])C(C3C([H])C([H])NC([H])C3[H])C2[H],4.42,5.8346,True,IZOFAG;JUMPEO;JUMPEO01;SUPNOI;SUPNOI01;SUPPAW
485823532905,2,2,2,2,1,5,Co,[H]C1C(P(C([H])(C([H])([H])[H])C([H])([H])[H])C([H])(C([H])([H])[H])C([H])([H])[,4.42,5.1535,True,UQICAB;UQISOF
589021341607,3,3,3,2,1,5,Zn,Cl;Cl;[H]C1NC(C(=NN([H])C(=S)N([H])[H])C([H])([H])[H])C([H])C([H])C1[H],4.41,4.4111,False,CEZRIM;OJUHOQ;OJUHOQ01
350296745542,3,3,3,3,2,5,Cu,Cl;[H]OC([H])([H])C1NC(C([H])([H])N(C([H])([H])C2NC([H])C([H])C([H])C2[H])C([H]),4.4,5.8524,False,ABUMUG;DAHZES;LOGPOM
729013109010,3,3,3,3,1,5,Cu,[H]C([H])([H])C(OP(=O)(O)OC(C([H])([H])[H])(C([H])([H])[H])C([H])([H])[H])(C([H],4.4,6.7517,True,ALAPEI;ALAPEI01;ALAPEI02
791467386908,6,6,6,5,2,4,Cu,[H]N([H])C([H])([H])C([H])([H])N([H])[H];[H]N([H])C([H])([H])C([H])([H])N([H])[H,4.39,7.7166,True,BEZLIB;HAMGUA;JIRCIW;WAHYOX;WEDTOP;WODCEX
636116679780,3,3,3,3,1,6,Fe,[H]C1NC(C2NC([H])C(C([H])([H])[H])C([H])C2[H])C([H])C([H])C1C([H])([H])[H];[H]C1,4.39,6.0491,False,ECAKUP;QITCEE;QITCII
205605863924,2,2,2,2,2,5,Cu,Cl;Cl;[H]C1NC(C2NC3C4NC([H])C([H])C([H])C4C([H])C([H])C3C([H])C2[H])C([H])C([H]),4.39,4.3911,True,RILTUD;RILTUD01
404052159175,2,2,2,2,1,5,Cu,O=C(O)C(Cl)(Cl)Cl;[H]c1c(C([H])([H])[H])nn(C([H])([H])N(C([H])([H])n2nc(C([H])([,4.39,6.5048,True,RUDSAM;RUDSAM01
637333886086,2,2,2,2,1,5,Ru,C#O;Cl;Cl;[H]C([H])([H])C([H])(P(C([H])(C([H])([H])[H])C([H])([H])[H])C([H])(C([,4.38,7.1647,True,CEPQAP;CEPQAP01
177665974256,2,2,2,2,2,5,Os,C#O;[H]C1C([H])C([H])C(P(C2C([H])C([H])C([H])C([H])C2[H])C2C([H])C([H])C([H])C([,4.38,7.1964,True,CESQAV;CESQEZ
975449411267,2,2,2,2,1,5,Zn,Cl;Cl;[H]C1NC(C([H])([H])N([H])C([H])([H])C2NC([H])C([H])C([H])C2[H])C([H])C([H],4.37,4.5112,True,JOXNIT01;WINFEF
243834826181,2,2,2,2,1,6,Fe,[H]C([H])([H])C([H])([H])P(C([H])([H])C([H])([H])[H])C([H])([H])C([H])([H])P(C([,4.37,4.492,False,KUBNUU;MOBJAP01
158310077889,2,2,2,2,1,6,W,C#O;C#O;C#O;C#O;C#O;[H]C1C([H])C([H])C(P([H])C2C([H])C([H])C([H])C([H])C2[H])C([,4.37,4.37,False,LIHFAJ;LIHFAJ01
648863074045,3,3,2,2,1,5,Ru,Cl;Cl;[H]C1C(C([H])([H])[H])C([H])C(C([H])([H])[H])C(N2CN(C3C(C([H])([H])[H])C([,4.37,7.3824,True,POZPIE;POZPIE01;POZPIE02
269286884559,2,2,2,2,2,5,Ru,C#O;C#O;[H]C([H])([H])C#N;[H]C([H])([H])C#N;[H]C1C([H])C([H])C(P(C2C([H])C([H])C,4.37,7.2062,True,ZUKNIE;ZUKNUQ
930862277865,8,8,8,6,2,6,Mn,[H]C1NC2C3NC([H])C([H])C([H])C3C([H])C([H])C2C([H])C1[H];[H]C1NC2C3NC([H])C([H]),4.36,5.8298,True,ARESOI;FEYSOS;GICNEN;GOHRIG;HENVEE;JAQDEN
900747970253,4,4,4,3,1,5,Cu,Cl;Cl;[H]C1NC(C(=NC([H])([H])C([H])([H])N2C([H])([H])C([H])([H])OC([H])([H])C2([,4.36,6.8112,True,BACMIG;BACWOW;BACXIR;ULANOL
709901954252,2,2,2,2,1,5,Cu,[H]C(=O)N(C([H])([H])[H])C([H])([H])[H];[H]C(C(O)C([H])([H])[H])C(O)C([H])([H])[,4.36,4.3821,True,BELMEN;NEKCIR
839142751159,3,3,3,3,2,5,Mn,[H]C1=C([H])c2nc1c(C1C([H])C([H])C([H])C([H])C1[H])c1[nH]c(c([H])c1[H])c(C1C([H],4.36,7.1604,True,FAVTOL;FAVTOL01;FUWGAF
359574120855,2,2,2,2,2,5,Ir,Cl;[H]C1C([H])C([H])C(P(C2C([H])C([H])C([H])C([H])C2[H])C2C([H])C([H])C([H])C([H,4.36,6.9249,True,LIPMAA;LIPMAA01
955740340216,2,2,2,2,2,5,Cu,[H]C([H])([H])C#N;[H]C1NC(C([H])([H])N([H])C([H])([H])C2NC([H])C([H])C([H])C2[H],4.36,7.0578,False,RISWOG01;RISWOG02
881838966771,2,2,2,2,2,5,Ir,Cl;Cl;Cl;[H]C([H])([H])C([H])(P(C([H])(C([H])([H])[H])C([H])([H])[H])C([H])(C([H,4.36,7.1208,True,WIXBIO;YOZHIF
182321355802,3,3,3,3,2,5,Zn,[H]C(C(O)C([H])([H])[H])C(O)C([H])([H])[H];[H]C(C(O)C([H])([H])[H])C(O)C([H])([H,4.35,7.1385,True,ACACZM02;SIXJER;SIXJIV
733891134989,2,2,2,2,2,5,Cu,[H]C([H])(C(=O)O)C(=O)O;[H]C([H])(C(=O)O)C(=O)O;[H]O[H],4.35,7.3061,True,CUYBUU;QETFEB
894199120005,2,2,2,2,1,5,Fe,Cl;[H]C1C(C([H])([H])N2C([H])([H])C([H])([H])N(C([H])([H])C3C([H])C(C(C([H])([H],4.35,7.0437,True,IKOXUD;MOSYOK
517349578059,2,2,2,2,2,4,Cu,[H]C(NC1C([H])C([H])C([H])C([H])C1NC([H])=C(C(=O)C([H])([H])[H])C(=O)C([H])([H]),4.34,10.1723,False,FOCHOW;FOCHUC
176539345540,2,2,2,2,2,5,Pd,Cl;[H]C1C([H])C([H])C(P(C2C([H])C([H])C([H])C([H])C2SC([H])(C([H])([H])[H])C([H],4.34,4.4797,False,FULMUV;FULMUV01
270347729469,3,3,3,2,1,4,Cu,[H]N1C([H])([H])C([H])([H])N([H])C(C([H])([H])[H])(C([H])([H])[H])C([H])([H])C([,4.34,4.34,True,MHMZCU;MHMZCU02;MHMZCU03
70472205335,4,4,4,2,2,5,V,Cl;Cl;Cl;Cl;O,4.33,7.198,True,AVUHEH;GOHGOZ;SATVEO;SATVEO01
810496726397,6,6,6,5,1,6,Cu,[H]N([H])C([H])([H])C([H])([H])N([H])C([H])([H])C([H])([H])N([H])[H];[H]N([H])C(,4.33,8.625,False,ETAMCU;QAGCAD;QAGSUN;SEZKOY;YAYREY;ZIYHUM01
397390558135,2,2,2,2,1,5,Cu,O=[N+]([O-])O;[H]C1NC(C2NC([H])C([H])C([H])C2[H])C([H])C([H])C1[H];[H]c1sc(C(O)C,4.33,4.3623,False,VOWLAW;ZEQPOE
4269622702,2,2,2,2,1,6,Mo,C#O;C#O;C#O;C#O;[H]C1C([H])C([H])C(p2c(C([H])([H])[H])c(C([H])([H])[H])c(C([H])(,4.33,4.4579,False,YIQCAC;YIQCEG
646362598233,8,8,8,3,1,6,Ni,[H]N([H])C([H])([H])C([H])([H])N([H])[H];[H]N([H])C([H])([H])C([H])([H])N([H])[H,4.32,4.3899,False,CASMUF;CIHGEF;FINPOI;IROPEK;LUMVEU;NAXVAK
76615337505,2,2,2,2,1,6,Mo,C#O;C#O;C#O;C#O;[H]C1=C([H])N(C([H])([H])[H])CN1C([H])([H])[H];[H]C1=C([H])N(C([,4.32,4.3716,False,CECZEP;CECZIT
962525441913,2,2,2,2,1,5,Co,Cl;Cl;[H]N(C([H])([H])C([H])([H])P(C(C([H])([H])[H])(C([H])([H])[H])C([H])([H])[,4.32,4.32,True,ILELOC;ILELOC01
128785471060,2,2,2,2,2,5,V,Cl;Cl;[H]C1C([H])C([H])C(C(C([H])([H])[H])(C([H])([H])[H])C([H])([H])[H])C(N)C1[,4.32,6.8764,True,NEMGUI;NEMGUI01
904539778470,2,2,2,2,1,5,Rh,I;[H]C([H])[H];[H]C1C([H])C(C([H])([H])P(C(C([H])([H])[H])(C([H])([H])[H])C([H]),4.32,7.176,True,XOMQEW;XOMQIA
711057995408,5,5,5,2,2,5,V,Cl;Cl;O;[H]O[H];[H]O[H],4.31,7.1142,True,EREFOW;WIDPOO;WIDPUU;XAPVIU;XUJGAL
287970584864,3,3,3,2,2,5,V,O;[H]c1c([H])c([H])c2c(c1[H])-c1nc-2nc2[nH]c(nc3nc(nc4[nH]c(n1)c1c([H])c([H])c([,4.29,7.0623,True,FOVXAR;PAYKAE;VPHTHC01
257661102967,2,2,2,2,2,5,Zn,[H]O[H];[H]c1c([H])c([H])c2c3nc4nc(nc5[nH]c(nc6nc(nc([nH]3)c2c1[H])C1C([H])C([H],4.29,7.0464,True,LIVYAU;LIVYEY
889068423065,2,2,2,2,2,5,Ni,[H]C(=NC([H])([H])C([H])([H])C([H])([H])N([H])C([H])([H])C([H])([H])C([H])([H])N,4.29,4.29,True,SALDNI;SALDNI01
853340261019,2,2,2,2,1,5,Ru,C;Cl;Cl;[H]C1([H])C([H])([H])C([H])([H])C([H])(P(C2([H])C([H])([H])C([H])([H])C(,4.28,7.1841,True,IDOZOQ;WOJJIR
527043062310,2,2,2,2,2,4,Ni,[H]C(C(O)C([H])([H])[H])C(O)C([H])([H])[H];[H]C1C([H])C([H])C(P(C2C([H])C([H])C(,4.28,4.2842,True,WIDTOT;WIDVAH
80159527900,2,2,2,2,2,5,Zn,[H]C1=C([H])c2nc1c(C1C([H])C([H])C([H])C([H])C1[H])c1[nH]c(c([H])c1[H])c(C1C([H],4.27,7.0343,True,JOLKEC;JUVXAB
370884462908,4,4,4,4,2,5,Fe,Cl;Cl;[H]C1C([H])C(N([H])P(C([H])(C([H])([H])[H])C([H])([H])[H])C([H])(C([H])([H,4.27,6.8806,True,LEXLOQ;OBAXUM;XOMCOS;XOMCOS01
191708583646,2,2,2,2,1,5,Ni,[H]C1C([H])C([H])C(P(C2C([H])C([H])C([H])C([H])C2[H])C([H])([H])C([H])([H])SC([H,4.27,6.1385,True,TEZKIS;TEZKOY
849930774326,6,6,6,3,2,5,Ti,O;[H]c1c([H])c([H])c2c3nc4nc(nc5[nH]c(nc6nc(nc([nH]3)c2c1[H])C1C([H])C([H])C([H],4.26,7.0461,True,BITSAY05;BITSAY06;BITSAY07;FOVWIY;MERJEB;MERJIF
958619405448,2,2,2,2,2,5,Re,O;[H]C([H])(S)C([H])([H])S;[H]C([H])(S)C([H])([H])S,4.26,7.084,True,DUCMOD;DUCMOD01
566852782416,3,3,3,2,2,5,Zn,[H]C(=NC1C([H])C([H])C([H])C([H])C1N=C([H])C1C([H])C(C(C([H])([H])[H])(C([H])([H,4.25,6.8405,True,IYUVAB;REYPIV01;REYPIV02
990226196866,2,2,2,2,2,5,Fe,C#O;C#O;[H]c1c(C([H])([H])P(C2([H])C([H])([H])C([H])([H])C([H])([H])C([H])([H])C,4.25,7.1743,True,XAXVAW;XAYBOR
999347003508,3,3,3,3,2,5,Mn,C#O;C#O;C#O;C#O;[H]C1C([H])C([H])C(P(C2C([H])C([H])C([H])C([H])C2[H])C2C([H])C([,4.24,6.4045,True,CABNIC01;PHPCMN;WENPIR
405508921901,2,2,2,2,1,6,Ti,[H]C1NN(B([H])(N2NC([H])C([H])C2[H])N2NC([H])C([H])C2[H])C([H])C1[H];[H]C1NN(B([,4.23,4.2908,False,ACOJAD;ACOJEH
669083476230,2,2,2,2,1,6,Cu,[H]C(=NN(C([H])([H])[H])P(=S)(N(N=C([H])C1NC([H])C([H])C([H])C1[H])C([H])([H])[H,4.23,4.2338,False,ETIVIN;ETIVUZ
822346723643,2,2,2,2,2,5,Cu,[H]C1=C(C(=O)O)C(=O)C2C([H])C([H])C(C([H])([H])[H])NC2N1C([H])([H])C([H])([H])[H,4.23,7.1867,True,QOVCAI;SUSSEH
660463292242,2,2,2,2,2,5,Cu,N=C=S;N=C=S;[H]C1NC([H])C([H])C(N([H])[H])C1[H];[H]C1NC([H])C([H])C(N([H])[H])C1,4.23,6.8753,True,TIBHAR;TIBHAR01
667082678596,2,2,2,2,2,6,Ru,O=S(=O)(O)C(F)(F)F;[H]C1C([H])C([H])C(P(C2C([H])C([H])C([H])C([H])C2[H])C([H])([,4.22,4.281,False,AQOSOO;SINXAR
715185432207,2,2,2,2,2,5,Cd,I;I;[H]OC([H])([H])C([H])([H])N([H])C([H])([H])C([H])([H])N=C([H])C1NC([H])C([H],4.22,4.22,False,FEMFAH;FEMFAH01
958782213032,2,2,2,2,1,6,Ru,Cl;Cl;[H]C1C([H])C([H])C(P(C2C([H])C([H])C([H])C([H])C2[H])C([H])([H])C([H])([H],4.22,4.8597,False,GIYJOO;LIBTUM
477549085217,2,2,2,2,2,5,Cu,N=N=N;[H]C1NC(N([H])C2NC([H])C([H])C([H])C2[H])C([H])C([H])C1[H];[H]C1NC(N([H])C,4.22,7.044,True,SETMOU;SETMOU01
370247821291,3,3,3,3,2,5,V,O;O;[H]OC1C([H])C([H])C([H])C([H])C1C(O)=NN=C(C([H])=C(O)C1C([H])C([H])C([H])C([,4.22,7.022,False,YEGTOX;YEGTUD;YEGVEP
847435083205,6,6,6,2,2,6,Cd,O=S(=O)(O)O;O=S(=O)(O)O;[H]O[H];[H]O[H];[H]O[H];[H]O[H],4.21,4.6689,True,AMAKIK;AMATEP;AYIMIF;PILDUK;WAJJUN;YABVII
871894263323,2,2,2,2,2,5,Re,O;[H]C([H])(S)C(=O)NC([H])([H])C(=O)NC([H])([H])C(=O)O,4.21,7.006,True,AMOMAQ;AMOMEU
980678381074,2,2,2,2,1,5,Mo,I;[H]C([H])([H])P(C([H])([H])[H])C([H])([H])[H];[H]C1C([H])C([H])C(P(C([H])([H]),4.21,5.9045,True,DALCUR;LUGWUI
639116736261,2,2,2,2,1,6,Os,[H]C([H])([H])C1C(C([H])([H])[H])C(C([H])([H])[H])C(C([H])([H])[H])C1C([H])([H]),4.21,4.3295,False,XAXMEP;XAXMEP01
48898895516,3,3,3,2,2,5,Re,Cl;N;[H]N(C([H])([H])C([H])([H])P(C(C([H])([H])[H])(C([H])([H])[H])C([H])([H])[H,4.2,7.0642,True,CORVOX;RIYROI;RIYRUO
583803274081,2,2,2,2,2,5,Ru,Cl;Cl;[H]C1([H])C([H])([H])C([H])([H])C([H])(P(C2([H])C([H])([H])C([H])([H])C([H,4.2,7.1125,True,GALGOQ;ICAQEK
724641808853,4,4,4,3,2,6,Co,[H]C1NN(B([H])(N2NC([H])C([H])C2[H])N2NC([H])C([H])C2[H])C([H])C1[H];[H]C1NN(B([,4.2,4.4304,True,HPYBCO;HPYBCO02;IHUHOL;PEZKOX
5792037499,2,2,2,2,1,6,Ru,C#O;[H]C1NC(C2NC(C3NC([H])C([H])C([H])C3[H])C([H])C([H])C2[H])C([H])C([H])C1[H];,4.19,4.478,False,POMBOK;POMBUQ
388581302413,4,4,4,3,2,5,Cu,F;F;[H]C1NC([H])C(Cl)C([H])C1[H];[H]O[H];[H]O[H],4.19,6.3203,True,XENLIN;XENLIN01;XENLIN02;XENLIN03
486905411110,2,2,2,2,1,5,Co,Cl;Cl;[H]C1NC(C2NC(C3NC([H])C([H])C([H])C3[H])C([H])C([H])C2[H])C([H])C([H])C1[H,4.18,4.18,False,CTPYCO01;CTPYCO02
880796116932,2,2,2,2,2,5,Ru,C#O;C#O;[H]C1C([H])C([H])C(P(C2C([H])C([H])C([H])C([H])C2[H])C([H])([H])C([H])([,4.18,7.2143,True,DIBMIN;UKOYOL
504600656962,4,4,4,3,1,6,Fe,N#CNC#N;N#CNC#N;[H]C1NC(C([H])([H])N([H])C([H])([H])C([H])([H])N([H])C([H])([H]),4.18,4.3917,False,SESNEM;SESNEM02;SESNEM05;SESNEM06
121653042172,2,2,2,2,1,5,Cu,Cl;Cl;[H]C1C([H])C(C([H])([H])N=N=N)NC(C([H])([H])N=N=N)C1[H],4.17,6.7753,True,ASAMIR;ASAMIR01
108461991638,3,3,3,3,1,5,V,O;O;[H]C(=NC([H])([H])C([H])([H])N(C([H])([H])[H])C([H])([H])[H])C1C(O)C([H])C([,4.17,4.17,True,BOKPUO;BOKPUO01;QUKVIF
550942136337,5,5,5,3,1,6,Ni,[H]C1NC2C3NC([H])C([H])C([H])C3C([H])C([H])C2C([H])C1[H];[H]O[H];[H]O[H];[H]O[H],4.17,4.8943,False,BORMOL;KEBFEC;KEBFEC01;KERBEP01;MOZTOL
593019204587,4,4,3,2,1,6,Fe,[H]C1C(C([H])([H])[H])NN(B([H])(N2NC(C([H])([H])[H])C([H])C2C([H])([H])[H])N2NC(,4.17,4.4215,False,HMPBFE;HMPBFE03;HMPBFE04;HMPBFE05
686578436584,2,2,2,2,1,6,Ru,[H]C(C(O)C([H])([H])[H])C(O)C([H])([H])[H];[H]C(C(O)C([H])([H])[H])C(O)C([H])([H,4.17,4.171,False,MOCJEV;MOCJEV01
251973461535,2,2,2,2,2,5,Ru,C#O;Cl;[H]N(C([H])([H])C([H])([H])P(C([H])(C([H])([H])[H])C([H])([H])[H])C([H])(,4.16,6.92,True,DAJCOJ;ULATEI
258611010145,6,6,6,4,2,6,Fe,[H]c1nn(C2NC(n3nc([H])c([H])c3[H])C([H])C(N([H])C(=O)C([H])([H])[H])C2[H])c([H]),4.16,5.3904,True,OVORAV01;OVORUP02;OVOSIE02;OVOTOL;OVOTUR;OVOVAZ
515529377892,2,2,2,2,2,5,Mn,Cl;[H]N1C2([H])C([H])([H])C([H])([H])C1([H])C(C([H])([H])[H])(C([H])([H])[H])C1(,4.16,6.8166,True,TAVMUA;WASDOM
795257639799,2,2,2,2,1,6,Mo,C#O;C#O;C#O;C#O;[H]C([H])([H])N1CN(C([H])([H])[H])C([H])([H])C1([H])[H];[H]C([H],4.15,4.9293,False,IMDZMO;MIMYMO
396930699876,3,3,3,3,2,6,Ni,O=[N+]([O-])O;[H]C1NC(C2NC([H])C([H])C([H])C2[H])C([H])C([H])C1[H];[H]O[H];[H]O[,4.15,5.1902,True,KEBFAY;KEBFAY02;KEBFAY03
748479540595,2,2,2,2,2,5,Co,[H]C1C([H])C([H])C(C2NN(B([H])(N3NC(C4C([H])C([H])C([H])C([H])C4[H])C(C#N)C3[H]),4.15,7.2297,True,TACGIQ;TACGOW
913268872551,4,4,4,3,1,6,Ru,[H]C([H])([H])C#N;[H]C([H])([H])C#N;[H]C1NC(C2NC([H])C([H])C([H])C2[H])C([H])C([,4.14,4.5848,False,DABBEN03;ETOXIU;SAFFOW;YALVEM
563549950064,2,2,2,2,1,5,Cu,O=[Se](=O)(O)O;[H]C1NC2C3NC([H])C([H])C([H])C3C([H])C([H])C2C([H])C1[H];[H]C1NC2,4.14,4.1593,False,JOPZUM;KAVKIE01
355255588118,2,2,2,2,1,6,Ru,[H]C1C([H])C([H])C2C(C(=O)NS2(=O)=O)C1[H];[H]C1C([H])C([H])C2C(C(=O)NS2(=O)=O)C1,4.14,5.101,False,QAVHAZ;QAVHED
322581677466,2,2,2,2,1,6,Ni,Br;Br;[H]N1C([H])([H])C([H])([H])N([H])C([H])([H])C([H])([H])C([H])([H])N([H])C(,4.14,4.4567,True,RAPKAX;SASPAD
712332216654,2,2,2,2,2,6,Mn,N=C=S;N=C=S;[H]C(=NC([H])([H])C([H])([H])C([H])([H])N=C([H])C1NC([H])C([H])C([H],4.13,4.13,False,FIHQES;FIHQES01
706082268202,2,2,2,2,1,6,Mn,[H]C1C([H])C([H])C(C(=O)NC([H])([H])C([H])([H])N([H])C([H])([H])C([H])([H])N([H],4.13,4.4474,False,KEMKAO;KEMKAO10
663695223041,2,2,2,2,2,5,Zn,Br;Br;[H]C1NC(C2NC(C3NC([H])C([H])C([H])C3[H])NC(C3NC([H])C([H])C([H])C3[H])N2)C,4.13,4.137,True,QASYES;QATDAU
332584269257,2,2,2,2,2,5,Cu,[H]C(C(O)C([H])([H])[H])C(O)C([H])([H])[H];[H]C1NC2C3NC([H])C([H])C([H])C3C([H]),4.12,6.9684,True,ACIFIC;BELLUC
117512983389,6,6,6,2,1,6,Zn,[H]N1C([H])([H])C([H])([H])N([H])C([H])([H])C([H])([H])C([H])([H])N([H])C([H])([,4.12,4.1434,False,ALOJIU;SUZFIG;SUZFOM;SUZFUS;SUZGAZ;VEGZOX
189342975201,3,3,3,2,2,5,Mn,C#N;C#N;C#N;C#N;N,4.12,7.0331,True,JOXWAW;VADBAD;VADBAD01
402139334400,2,2,2,2,1,6,Ni,[H]C1C(C(=O)S)NC(C(=O)S)C([H])C1[H];[H]C1C(C(=O)S)NC(C(=O)S)C([H])C1[H],4.12,4.1201,True,KEVHEY;KEVHIC
71465341372,2,2,2,2,1,6,Mn,O=S(=O)(O)C(F)(F)F;O=S(=O)(O)C(F)(F)F;[H]C1NC(C([H])([H])N2C([H])([H])C([H])([H],4.12,4.2237,True,NIZSOI;VOHWEW
178864419781,2,2,2,2,2,5,Ru,C#O;[H]C([H])([H])N(C(S)S)C([H])([H])[H];[H]C1C([H])C([H])C(P(C2C([H])C([H])C([H,4.12,7.1797,True,RADMUF;RADNAM
907037021388,7,7,7,6,2,6,Cd,[H]C1C(C(=O)O)NC(C(=O)O)C([H])C1[H];[H]C1C(C(=O)O)NC(C(=O)O)C([H])C1[H],4.11,8.8554,True,CONXEJ;ETUVAR;ETUYUO;IWIREL;KAKVOJ;MELYOS
641230048693,2,2,2,2,1,6,Mo,C#O;C#O;C#O;C#O;[H]C1C([H])C([H])C(P(C2C([H])C([H])C([H])C([H])C2[H])N([H])C([H],4.11,4.111,False,EXUSAS;KOCTED
122024422524,8,8,8,2,1,6,Co,[H]C([H])([H])S(=O)C([H])([H])[H];[H]C([H])([H])S(=O)C([H])([H])[H];[H]C([H])([H,4.11,5.5883,False,FAQYAA;KEXDAU;LIDNAO;MOFZIU;QIWHIQ;SIBDAL
53569929461,2,2,2,2,1,5,Y,I;I;[H]C1([H])OC([H])([H])C([H])([H])C1([H])[H];[H]C1([H])OC([H])([H])C([H])([H],4.11,7.0435,True,FUDMEY;FUDMIC
837124609547,3,3,3,2,1,6,Fe,[H]C1=C(C([H])([H])[H])N(B([H])(N2N=C(C([H])([H])[H])C([H])=C2C([H])([H])[H])N2N,4.11,4.4477,False,HMPBFE01;HMPBFE02;HMPBFE06
667031391694,2,2,2,2,2,5,W,Cl;Cl;Cl;Cl;S,4.11,6.9787,True,JITRUZ;KUDGEY
464797712714,2,2,2,2,2,5,Zn,[H]C1NC([H])C(C([H])([H])[H])C(C([H])([H])[H])C1[H];[H]c1c([H])c([H])c2c(c1[H])-,4.11,6.8901,True,JUGRIO;JUGRIO01
307855023420,2,2,2,2,1,6,Ni,[H]C([H])([H])C(=O)O;[H]C([H])([H])C(=O)O;[H]c1nn([H])c([H])c1[H];[H]c1nn([H])c(,4.11,4.158,False,RAVQOV;ZINJOV
972964460492,2,2,2,2,2,5,V,O;O;[H]C(=NC([H])([H])C([H])([H])N(C([H])([H])C([H])([H])[H])C([H])([H])C([H])([,4.11,6.6832,True,ZEQJOW;ZEQJOW01
450349331172,3,3,3,3,1,5,Fe,Cl;[H]c1c2nc(c([H])c3[nH]c(c([H])c4nc(c([H])c5[nH]c1C(=O)C5(C([H])([H])C([H])([H,4.1,6.7801,True,BAZCIQ;MAMNIX;MAMNOD
864163590929,2,2,2,2,1,6,Mo,C#O;C#O;[H]C([H])([H])C(S)=C(S)C([H])([H])[H];[H]C([H])([H])C(S)=C(S)C([H])([H]),4.1,8.8208,False,DIZBAP;QEPDAQ
177259390656,7,7,7,2,1,6,Co,[H]C([H])([H])C#N;[H]C([H])([H])C#N;[H]O[H];[H]O[H];[H]O[H];[H]O[H],4.09,4.3846,True,AGUBEJ;ECADOB01;EKUZUF;EKUZUF01;EKUZUF02;GUGTEH
612867260408,3,3,3,3,1,6,Rh,Cl;Cl;Cl;[H]C([H])([H])S(=O)C([H])([H])[H];[H]C([H])([H])S(=O)C([H])([H])[H];[H],4.09,4.4127,False,DMSRHC11;DMSRHC12;PIFXUX
462792248543,2,2,2,2,2,5,Cu,Cl;[H]OC1C(C([H])([H])N(C([H])([H])C2NC([H])C([H])C([H])C2[H])C([H])([H])C2NC([H,4.09,6.9912,True,FOQKUR;NEGCAE
346354313547,9,9,8,2,1,6,Ni,[H]C1NC([H])C([H])C(C(=O)O)C1[H];[H]C1NC([H])C([H])C(C(=O)O)C1[H];[H]O[H];[H]O[H,4.09,4.09,False,XAVVOF;XAVVOF01;XAVVOF07;XAVVOF08;XAVVOF10;XAVVOF11
192486108110,3,3,3,2,1,6,Mn,N=C=S;N=C=S;[H]C1NC([H])C([H])C(C#N)C1[H];[H]C1NC([H])C([H])C(C#N)C1[H];[H]O[H];,4.08,5.0114,False,OJEFAN01;OJEFER;OJEFUH
984287532123,2,2,2,2,2,5,Cu,[H]C1C([H])C([H])C2C(C(=O)NS2(=O)=O)C1[H];[H]C1C([H])C([H])C2C(C(O)=NS2(=O)=O)C1,4.08,6.768,True,QIYQEU;QIYQEU01
852996887889,2,2,2,2,2,5,Fe,[H]C([H])([H])C(N#C)(C([H])([H])[H])C([H])([H])[H];[H]C([H])([H])C(N#C)(C([H])([,4.07,7.1265,True,ARUQUC;ARURAJ
648247536692,9,9,9,3,1,6,Co,[H]C([H])(C(=O)O)C(=O)O;[H]C([H])(C(=O)O)C(=O)O;[H]O[H];[H]O[H],4.07,4.9547,False,BARKEM;BARKIQ;BARKOW;CIWTUY;GETWOS;KEZGAY
315086054555,2,2,2,2,2,4,Pd,[H]C([H])([H])C(=O)O;[H]C([H])([H])C(=O)O;[H]C1C([H])C([H])C(P(C2C([H])C([H])C([,4.07,5.2397,False,BUGVOP;TOSNIC
339863013956,2,2,2,2,2,5,Cu,[H]C(=O)C1C([H])C([H])C([H])C(C(=O)O)C1O;[H]C1NC2C3NC([H])C([H])C([H])C3C([H])C(,4.07,7.1347,True,MOSZAW;TITQIX
59161687404,2,2,2,2,1,5,Fe,C#O;C#O;C#O;[H]C1=C([H])N(C([H])([H])[H])CN1C([H])([H])[H];[H]C1=C([H])N(C([H])(,4.07,5.4669,False,NUNWOK;NUNXUR
623564406271,9,9,9,3,1,6,Cu,[H]N1C([H])([H])C([H])([H])N([H])C([H])([H])C([H])([H])C([H])([H])N([H])C([H])([,4.06,5.1048,False,BAHWAL;DUQWES;DUQWIW;DUQWOC;FESKOE;IPEYUX
506133981987,3,3,3,3,1,6,Ru,Cl;Cl;[H]C1C([H])C([H])C(P(C2C([H])C([H])C([H])C([H])C2[H])C([H])([H])P(C2C([H]),4.06,5.0869,False,CEZXAG;CEZXAG02;LUWTUS
823298251072,3,3,3,2,1,6,V,O;[H]C([H])(O)C(=O)O;[H]OC([H])([H])C(=O)O;[H]OC([H])([H])C(=O)O,4.06,4.1199,False,CIJDAA10;CIJDAA11;NOCGEU
189120076963,2,2,2,2,2,4,Pt,O=C(O)C(=O)O;[H]N([H])C([H])([H])C([H])([H])N([H])[H],4.06,5.6505,True,HUQJIM;HUQJIM01
120149609658,4,4,3,3,2,5,Zn,[H]C1=C([H])c2nc1c(C1C([H])C([H])C([H])C([H])C1[H])c1[nH]c(c([H])c1[H])c(C1C([H],4.06,6.9621,True,IWIDEX01;IWIDEX02;YUTJIK;YUTVAO
902547168165,2,2,2,2,1,6,Ru,Cl;Cl;Cl;Cl;[H]OC(=O)C1C([H])NC([H])C([H])C1[H];[H]OC(=O)C1C([H])NC([H])C([H])C1,4.05,4.9523,False,EKIBEJ;LEWJAC
462609895540,3,3,3,3,2,6,Zn,[H]C1NC(C2NC(C3NC([H])C([H])C([H])C3[H])C([H])C(Cl)C2[H])C([H])C([H])C1[H];[H]C1,4.05,4.6957,True,JESLIG;MOZHAL;MOZHEP
602250183201,2,2,2,2,2,5,Ir,Cl;[H]C([H])([H])P(C([H])([H])[H])C([H])([H])[H];[H]C([H])([H])P(C([H])([H])[H]),4.05,7.0331,True,LAJWIC;WIXMEX
889720161087,2,2,2,2,1,6,Co,[H]C([H])([H])N(=O)O;[H]C([H])([H])N(=O)O;[H]C([H])([H])N(=O)O;[H]C([H])([H])N(=,4.05,4.3473,False,LIGMIB;LIGPIE
401304806671,4,4,4,2,1,5,V,O;O;[H]C(=NC([H])(C(=O)O)C([H])(C([H])([H])[H])C([H])([H])C([H])([H])[H])C1C([H],4.05,6.45,True,POSMAN;POSMAN01;VOTJEV;VOTJIZ
994644556999,3,3,3,3,2,5,Cu,[H]c1nc([H])n([H])c1[H];[H]c1nc([H])n([H])c1[H];[H]c1nc([H])n([H])c1[H];[H]c1nc(,4.04,6.4809,True,AFEGUO;IMCUCL;IMCUCL03
173004558186,2,2,2,2,1,5,Cu,Cl;Cl;[H]C1NC([H])C(C(=NC([H])([H])C([H])([H])N([H])[H])C([H])([H])[H])NC1[H],4.04,4.0418,False,KORCUR;KORCUR01
487210346861,2,2,2,2,1,6,Os,Cl;Cl;Cl;Cl;[H]c1nn([H])c([H])c1[H];[H]c1nn([H])c([H])c1[H],4.03,4.0366,False,UZUBAT;VUBCIG
291772195393,10,10,10,3,1,6,Co,[H]C1NC([H])C([H])C(C2C([H])C([H])NC([H])C2[H])C1[H];[H]C1NC([H])C([H])C(C2C([H],4.02,5.026,False,DILCEH;DOPCOC;DUSVAS;ISIGAT;LIKDUF;MITKAD
92488205259,2,2,2,2,1,6,Co,[H]C1NC([H])C(C([H])([H])[H])C([H])C1[H];[H]C1NC([H])C(C([H])([H])[H])C([H])C1[H,4.02,4.0206,False,TINGAB;TINGEF
433365382614,2,2,2,2,1,6,Co,[H]N([H])C(=O)N([H])[H];[H]N([H])C(=O)N([H])[H];[H]N([H])C(=O)N([H])[H];[H]N([H],4.01,4.2376,True,ACOURN01;FADGEX
631257148479,3,3,3,2,1,6,Fe,[H]O[H];[H]O[H];[H]O[H];[H]O[H];[H]c1nnc([H])n1-c1nn[nH]n1;[H]c1nnc([H])n1-c1nn[,4.01,4.0101,False,AXACEK;AXACIO;NOBYOU
740756319826,2,2,2,2,1,6,V,Cl;[H]C(C(=NC([H])([H])C([H])([H])N=C(C([H])=C(O)C([H])([H])[H])C([H])([H])[H])C,4.01,4.7308,False,FAKHUU;FAKHUU01
645310045735,2,2,2,2,2,5,Ru,C#O;Cl;[H]C1C([H])C(C([H])([H])P(C(C([H])([H])[H])(C([H])([H])[H])C([H])([H])[H],4.01,6.662,True,FIJKOB;FIJKOB01
56416698430,3,3,3,2,1,6,Fe,[H]OC(=O)C1C([H])NC(C(=O)O)C([H])C1[H];[H]OC(=O)C1C([H])NC(C(=O)O)C([H])C1[H];[H,4.01,4.7683,False,FINQOJ;FIQJEV;KIRROU
673873045145,6,6,6,2,1,6,Mn,O=S(=O)(O)O;O=S(=O)(O)O;[H]O[H];[H]O[H];[H]O[H];[H]O[H],4.0,4.2285,False,AMAKOQ;AMAVUH;GAVKOE;VUXJED;WAJKEY;ZOZBAR
971642087878,5,5,5,2,1,6,Fe,[H]C1=NN(B([H])(N2N=C([H])N=C2[H])N2N=C([H])N=C2[H])C([H])=N1;[H]C1=NN(B([H])(N2,4.0,4.0299,False,BAXFIS;BAXFIS01;BAXFIS04;BAXFIS05;YEBNUO01
631572942317,2,2,2,2,1,6,Co,[H]C1NC(C(=O)O)C([H])C([H])C1[H];[H]C1NC(C(=O)O)C([H])C([H])C1[H];[H]C1NC2C3NC([,4.0,4.179,False,KAKDUX;KAKFAF
327455380715,2,2,2,2,1,6,Mo,C#O;C#O;C#O;[H]C([H])([H])P(C([H])([H])[H])C([H])([H])C(C([H])([H])[H])(C([H])([,4.0,4.1819,False,SUVVUA;SUVVUA01
524463205916,3,3,3,3,1,6,Ni,[H]C1NC([H])C([H])C(C2C([H])C([H])NC([H])C2[H])C1[H];[H]C1NC([H])C([H])C(C2C([H],3.99,4.6794,False,BORMIF;PECCOQ;VETHAE
618918302572,2,2,2,2,2,5,Ru,C#P;[H]C1C([H])C([H])C(P(C2C([H])C([H])C([H])C([H])C2[H])C([H])([H])C([H])([H])P,3.99,7.4741,True,MUBGAU;REPDAS
373403755490,2,2,2,2,1,6,Mn,[H]C1C([H])C([H])C(C(O)C([H])C(O)C([H])([H])[H])C([H])C1[H];[H]C1C([H])C([H])C(C,3.99,4.0837,False,PIDPUP;PIDQAW
448098636677,2,2,2,2,2,4,Pd,F;[H]C1C([H])C([H])C(P(C2C([H])C([H])C([H])C([H])C2[H])C2C([H])C([H])C([H])C3C2O,3.99,6.634,True,SEQVEQ;SEQVIU
882473957189,3,3,3,2,1,5,Cu,Cl;[H]N([H])c1nnc(C([H])([H])C([H])([H])[H])s1;[H]N([H])c1nnc(C([H])([H])C([H])(,3.99,6.642,True,SUZVUE;SUZVUE01;SUZVUE02
195295653614,2,2,2,2,1,6,Mn,Br;[H]C(=NC([H])([H])[H])C1C([H])C([H])C([H])C(OC([H])([H])[H])C1O;[H]C(=NC([H]),3.98,3.9845,False,CUNBAQ;CUNBAQ01
238448787403,2,2,2,2,2,5,Zn,[H]C1C([H])C([H])C([N+](=O)[O-])C(C(=O)O)C1[H];[H]C1C([H])C([H])C([N+](=O)[O-])C,3.98,8.0784,False,IZAVEK;IZAVEK01
745861094754,2,2,2,2,1,6,Cd,[H]C1NC(C2NC(C3NC([H])C([H])C([H])C3[H])C([H])C([H])C2[H])C([H])C([H])C1[H];[H]C,3.98,5.1257,False,OMUTUM;XUCMAN
268239231391,4,4,4,3,1,6,Mn,N=C=S;N=C=S;[H]O[H];[H]O[H];[H]O[H];[H]O[H],3.97,4.8466,False,IGELAI;OLEROO;TASDEX;WAMLEC
719686828752,3,3,3,2,1,6,Ru,Br;Br;[H]C1C([H])C(C([H])([H])[H])C(N#C)C(C([H])([H])[H])C1[H];[H]C1C([H])C(C([H,3.97,4.7401,False,XAZYOP;XEBHEU;XEBHIY
801587514879,3,3,3,2,2,5,Zn,[H]C(=NC1C([H])C([H])C([H])C([H])C1N=C([H])C1C([H])C(C(C([H])([H])[H])(C([H])([H,3.96,6.6561,True,IKAWUQ;IKAXAX;IKAXAX01
132931238913,2,2,2,2,2,5,Fe,Cl;[H]c1c2nc(c([H])c3[nH]c(c([H])c4nc(c([H])c5[nH]c1c(C([H])([H])C([H])([H])[H]),3.96,6.753,True,JOVRIV10;TOYRUU
887922484468,2,2,2,2,2,5,Cu,[H]C1C([H])C(C(=O)O)C([H])C([H])C1F;[H]C1C([H])C(C(=O)O)C([H])C([H])C1F;[H]C1NC(,3.96,6.7692,True,LUCNOP;LUCNOP02
682051607794,2,2,2,2,2,5,Cu,[H]C1C([H])C([H])C(P(=O)(O)C2C([H])C([H])C([H])C([H])C2[H])C([H])C1[H];[H]C1C([H,3.96,4.6357,False,SOYQOQ;SOYQUW
598682883351,2,2,2,2,1,6,Zn,[H]C1C([H])N(O)C(C(=O)O)C([H])C1[N+](=O)[O-];[H]C1C([H])N(O)C(C(=O)O)C([H])C1[N+,3.96,4.8499,False,UGEDAO;UGEDES
712867112636,5,5,5,2,1,6,Co,O=[N+]([O-])O;O=[N+]([O-])O;[H]O[H];[H]O[H];[H]O[H];[H]O[H],3.95,5.8095,False,AGOZOL;AGOZOL01;ICIFEF;POFPEJ;POFPEJ01
916090180731,4,4,4,2,1,6,Ni,O=[N+]([O-])O;O=[N+]([O-])O;[H]O[H];[H]O[H];[H]O[H];[H]O[H],3.95,4.5508,False,AGOZUR;AGOZUR01;ICIFIJ;PODZOB
58276747577,2,2,2,2,2,5,V,O;[H]C(=NC([H])(C(=O)O)C([H])([H])[H])C1C([H])C([H])C([H])C([H])C1O;[H]O[H],3.95,6.7228,True,DEWHUI;KESJOJ
877639946584,11,11,11,6,2,5,V,O;O;[H]C1C(C(=O)O)NC(C(=O)O)C([H])C1[H],3.95,5.1705,True,FULPAF;FULPIN;FULPUZ;FULQEK;FURBOL;LOYYUV
167558798519,3,3,3,3,1,6,Ru,C#O;C#O;Cl;Cl;[H]C1C([H])C([H])C(P(C2C([H])C([H])C([H])C([H])C2[H])C2C([H])C([H],3.95,4.6711,True,HELREV;HOKCUF;HOKCUF01
382443652422,2,2,2,2,2,5,V,O;O;[H]C(=NN=C(S)SC([H])([H])[H])C1C([H])C([N+](=O)[O-])C([H])C([H])C1O,3.95,6.8693,True,HUYHUE;NOGFOG
182381052798,2,2,2,2,1,5,Ru,Cl;[H]C1C([H])C([H])C(P(C2C([H])C([H])C([H])C([H])C2[H])C([H])([H])C2CC(C([H])([,3.95,4.103,True,JUJXOB;JUKCOH
206286672571,2,2,2,2,1,4,Ni,F;[H]C1C([H])C(P(C([H])(C([H])([H])[H])C([H])([H])[H])C([H])(C([H])([H])[H])C([H,3.95,6.8529,True,NOZGIU;NOZGUG
366651579735,2,2,2,2,1,6,Mn,[H]C1NC2C3NC([H])C([H])C([H])C3C([H])C([H])C2C([H])C1[H];[H]c1c(C(=O)O)nn([H])c1,3.95,6.1778,False,WOVVOU;WOVVOU01
690175068152,12,12,12,6,2,6,Mn,[H]C1C(C(=O)O)NC(C(=O)O)C([H])C1[H];[H]C1C(C(=O)O)NC(C(=O)O)C([H])C1[H],3.94,5.6912,True,AZIYOY;BIPJER;BOLCUC;GOTQIR;GOTQOX;GOTQUD
988364380723,4,4,4,4,2,5,Cu,[H]C1C(C(=O)O)NC(C(=O)O)C([H])C1[H];[H]O[H];[H]O[H],3.94,4.5471,True,ECAFIX02;ECAFIX04;ECAFIX05;ECAFIX07
121692361352,4,4,4,3,1,6,Mn,[H]C1NC([H])C(C(=O)O)NC1[H];[H]C1NC([H])C(C(=O)O)NC1[H];[H]O[H];[H]O[H],3.94,4.2821,True,PITBAW;SEVNAI;SEVNAI01;SEVNAI02
471430664261,4,4,4,4,1,6,Mn,[H]C(=NC([H])([H])C([H])([H])C([H])([H])N([H])C([H])([H])C([H])([H])N([H])C([H]),3.94,4.7615,True,SILGUT;SILGUT01;SILHII;SILHOO
150478489366,3,3,3,3,1,6,Co,Cl;Cl;[H]N1C([H])([H])C([H])([H])N([H])C([H])([H])C([H])([H])C([H])([H])N([H])C(,3.93,5.1566,False,ADEFIZ;LOVQIA;OFIZOW
103674988290,2,2,2,2,2,5,Cu,[H]C1NC(C2NC([H])C([H])C([H])C2[H])C([H])C([H])C1[H];[H]N([H])C([H])([H])C([H])(,3.93,6.5101,False,APBPCN;ELAZEZ
484372412269,2,2,2,2,2,5,Ru,C#O;[H]C1C([H])C([H])C(P(C2C([H])C([H])C([H])C([H])C2[H])C2C([H])C([H])C([H])C([,3.93,6.8087,True,OQEGAT;OQEGEX
845656404251,6,6,6,2,1,6,Fe,[H]C1NNN(B([H])(N2NNC([H])C2[H])N2NNC([H])C2[H])C1[H];[H]C1NNN(B([H])(N2NNC([H]),3.93,3.9301,False,QEBLOC;QEBMUJ;QEBNEU;QEBNIY;QEBNOE;QIMMUW
84150904712,2,2,2,2,2,5,Ag,[H]C(C(O)C(F)(F)F)C(O)C(F)(F)F;[H]C([H])([H])OC([H])([H])C([H])([H])OC([H])([H]),3.93,4.7067,False,SUFHOQ;SUFHOQ01
295780062216,2,2,2,2,1,6,V,F;F;O;[H]C1NC([H])C([H])C([H])C1[H];[H]C1NC([H])C([H])C([H])C1[H];[H]O[H],3.93,4.9931,False,UXAKIP;UXALEM
781920046595,2,2,2,2,2,5,Cu,[H]C([H])(C(=O)O)C(=O)O;[H]C1NC(N([H])C2NC([H])C([H])C([H])C2[H])C([H])C([H])C1[,3.93,6.6545,True,XETGAF;XETGAF01
583502286243,4,4,4,2,1,6,Co,[H]C(C(O)C([H])([H])[H])C(O)C([H])([H])[H];[H]C(C(O)C([H])([H])[H])C(O)C([H])([H,3.92,4.8541,False,CODAAC03;CODAAC04;CODAAC05;SIXPUN
752361594521,3,3,3,2,1,6,La,Cl;Cl;Cl;Cl;Cl;Cl,3.92,3.921,False,PIKFIC;UNESAH;UQEQUE
407738179757,2,2,2,2,2,5,Co,Br;Br;[H]C1C(C2=NC3C([H])C([H])C([H])C([H])C3N2[H])NC(C2=NC3C([H])C([H])C([H])C(,3.92,4.4518,True,RAWRIT;YIFXIX
932582007362,2,2,2,2,2,5,Rh,[H]C([H])([H])P(C([H])([H])[H])C([H])([H])[H];[H]C([H])([H])P(C([H])([H])[H])C([,3.92,6.6163,True,TUCTIU;VEDGAM
710589339965,13,13,13,8,2,6,Cu,[H]C1NC2C3NC([H])C([H])C([H])C3C([H])C([H])C2C([H])C1[H];[H]C1NC2C3NC([H])C([H]),3.91,8.1445,True,AGOJIP;ARETEZ;BODZAW;DEQSOH;EGAXUF01;NEBJUC
573176893116,3,3,3,3,2,6,Fe,[H]C(=NN([H])C1NC([H])C([H])C([H])N1)C1C([H])C([H])C([H])C(OC([H])([H])[H])C1O;[,3.91,5.2614,False,ETESII;ETESOO;XIRSAV
164204591206,2,2,2,2,2,5,V,O;O;[H]C(=NC([H])([H])C1NC([H])C([H])C([H])C1[H])C1C([H])C([H])C([H])C([H])C1O,3.9,6.653,True,IXIFUQ;IXIFUQ01
972814708084,2,2,2,2,1,6,Co,[H]OC([H])([H])[H];[H]OC([H])([H])[H];[H]OC([H])([H])[H];[H]OC([H])([H])[H];[H]O,3.9,4.8069,False,KUPYID01;SESGUT
630578690456,2,2,2,2,2,5,Os,C#O;C#O;[H]C1C([H])C([H])C(P(C2C([H])C([H])C([H])C([H])C2[H])C2C([H])C([H])C([H],3.9,5.7242,True,LAVFEU;QOJBOG
789797210592,4,4,4,3,1,6,Cr,[H]C1C([H])C([N+](=O)[O-])C([H])C(C2=N(O)C(C([H])([H])[H])(C([H])([H])[H])C(C([H,3.9,4.7265,False,QOVHAM;QOVHAM01;QOVHAM02;QOVHAM03
26349937600,2,2,2,2,1,6,Zr,Cl;Cl;Cl;Cl;[H]C1C([H])C([H])C(P(=O)(C2C([H])C([H])C([H])C([H])C2[H])C2C([H])C([,3.9,3.901,False,SIZBIQ;SIZBIQ01
734205645688,2,2,2,2,1,6,Cu,O=[N+]([O-])O;O=[N+]([O-])O;[H]N([H])C(=O)N([H])[H];[H]N([H])C(=O)N([H])[H];[H]N,3.9,4.1857,False,ZIYVOS;ZIYVOS01
192637590328,4,4,4,3,2,6,Fe,[H]C1NC(C([H])([H])N(C([H])([H])C2NC([H])C([H])C([H])C2[H])C([H])([H])C2NC([H])C,3.89,4.1554,True,DIHCUV;DIHCUV01;DIHCUV02;DIHCUV03
877169081778,2,2,2,2,1,5,Re,[H]C([H])([H])P(C([H])([H])[H])C([H])([H])[H];[H]C([H])([H])P(C([H])([H])[H])C([,3.89,5.1141,True,FICMEJ;XAZTUN
711042502093,2,2,2,2,2,5,V,O;O;[H]C1NC(C(=NN=C(O)C2C([H])C([H])C(N([H])[H])C([H])C2[H])C([H])([H])[H])C([H],3.89,6.5421,True,JIMKAV;JIMKAV01
969479697947,2,2,2,2,1,6,Co,[H]C1NC([H])C([H])C(C([H])([H])C([H])([H])C([H])([H])C2C([H])C([H])NC([H])C2[H]),3.89,3.9507,True,KIKBUC;UQUXUA
474326142904,2,2,2,2,1,6,Ru,Cl;Cl;Cl;N=O;[H]C1NC([H])C([H])C([H])C1[H];[H]C1NC([H])C([H])C([H])C1[H],3.88,4.85,False,GALPIV;GALPIV01
581398497567,2,2,2,2,1,5,Mn,Br;[H]C1=C([H])c2nc1c(C1C([H])C([H])C([H])C([H])C1[H])c1[nH]c(c([H])c1[H])c(C1C(,3.88,6.5684,True,GISHOF;VUMYUA
405188419675,2,2,2,2,1,6,Ir,[H]C1CC(C2NC([H])C([H])C([H])C2[H])C([H])C([H])C1[H];[H]C1CC(C2NC([H])C([H])C([H,3.88,4.0795,False,KAVJOH01;KAVJOH03
341313536952,4,4,4,2,1,6,Cu,[H]C1NC([H])C(C(=O)N([H])[H])C([H])C1[H];[H]C1NC([H])C(C(=O)N([H])[H])C([H])C1[H,3.88,3.8813,False,MEGPEU;XABNUK;XABPAS;XIMSOE
372647779567,2,2,2,2,1,5,Cu,[H]C(=NC([H])([H])C([H])([H])N(C([H])([H])[H])C([H])([H])[H])C1C(O)C([H])C([H])C,3.87,3.8701,True,ALIVUO;ALIWAV
686349119514,2,2,2,2,1,6,Co,C#N;C#N;[H]C1=C([H])c2nc1c(C([H])([H])[H])c1[nH]c(c([H])c1[H])c(C([H])([H])[H])c,3.87,3.8701,False,GATNAT;GATNEX
724946820672,2,2,2,2,2,6,Cr,[H]C([H])([H])C(=O)O;[H]C([H])([H])C(=O)O;[H]C1NC(C2NC([H])C([H])C([H])C2[H])C([,3.87,4.6567,True,NINGAU;NIQWAN
527420227678,22,22,18,4,1,6,Re,Cl;Cl;Cl;Cl;Cl;Cl,3.86,4.8493,True,AGUYIN;DEBJOJ;DECVOZ;GAMRUK;GEMXAX;GUVVIC
12202045298,3,3,3,2,1,6,Ni,N=C=S;N=C=S;[H]C1NC([H])C(C([H])([H])[H])C([H])C1[H];[H]C1NC([H])C(C([H])([H])[H,3.86,4.7686,False,GEMXIJ;LAYLEC;LAYLOM
802983664426,2,2,2,2,2,5,Fe,N=O;[H]C1=C([H])N2CN1C([H])([H])N1CN(C([H])=C1[H])C([H])([H])C([H])([H])N1CN(C([,3.86,6.9837,True,IHEXEA;ORIJEG
533572792625,2,2,2,2,1,6,Zn,[H]OC(=O)C1C([H])C([H])C([H])C(C([H])=NC2([H])C([H])([H])C([H])([H])C([H])([H])C,3.86,4.2804,False,YIDJUR;YIDJUR01
939976751901,9,9,9,3,1,6,Ti,Cl;Cl;Cl;Cl;Cl;Cl,3.85,4.1247,False,BARMAJ;FEFGEE;JAJLOY;NAVMOM;NONSUE;OHUBUP
68560864023,2,2,2,2,2,5,Cu,[H]C1C([H])C([H])C(C(=O)C([H])([H])[H])C(O)C1[H];[H]N([H])C([H])([H])C([H])([H]),3.85,6.6157,True,BODXAU;BODXEY
83317198094,8,8,8,2,1,6,Cd,[H]c1nc([H])n([H])c1[H];[H]c1nc([H])n([H])c1[H];[H]c1nc([H])n([H])c1[H];[H]c1nc(,3.85,3.8505,False,DIXBUI;DMAZCD;IMCDCP01;PEHGUF;PEHGUF01;PUJTOG
476749852709,2,2,2,2,1,6,Co,[H]C1C(C(=O)O)C([H])C([N+](=O)[O-])C([H])C1[N+](=O)[O-];[H]C1C(C(=O)O)C([H])C([N,3.85,4.4293,False,EXAFEQ;EXAFEQ01
915704571054,2,2,2,2,1,6,Co,[H]C(=NN(C([H])([H])[H])P(=S)(N(N=C([H])C1NC([H])C([H])C([H])C1[H])C([H])([H])[H,3.85,4.3712,False,XEFWEO;XEFWIS
746745699270,2,2,2,2,2,6,Re,Cl;Cl;N=C=S;[H]C1C([H])C([H])C(P(C([H])([H])[H])C([H])([H])[H])C([H])C1[H];[H]C1,3.85,4.4442,True,ZUVWOC;ZUVWUI
359813526657,2,2,2,2,1,6,Mn,N=C=S;N=C=S;N=C=S;N=C=S;[H]O[H];[H]O[H],3.84,4.8977,False,AMATEQ;ZAPCIG
689889176417,2,2,2,2,1,6,Pt,Cl;Cl;[H]C1C([H])C([H])C(C([H])([H])[H])C(P(C2C([H])C([H])C([H])C([H])C2C([H])([,3.84,4.1299,True,DEDTAK;YEKLUY
335169691511,3,3,3,3,2,5,V,O;O;[H]OC1C([H])C([H])C([H])C([H])C1C(O)=NN=C([H])C1C([H])C(Cl)C([H])C([H])C1O,3.84,6.3486,True,DEXXAJ;XODFUV;XODGAC
748842203698,4,4,4,4,2,5,V,O;O;[H]OC1C([H])C([H])C([H])C([H])C1C(O)=NN=C([H])C1C([H])C([H])C([H])C([H])C1O,3.84,6.9034,True,RAQSAF;TESBUP;TESCAW;TESCIE
950986733344,3,3,3,2,1,6,Fe,N=C=[Se];[H]C(=NC([H])([H])C([H])([H])N([H])C([H])([H])C([H])([H])C([H])([H])N=C,3.84,4.8423,False,UJAZUD01;UJAZUD03;UJAZUD04
200463285514,6,6,6,3,1,6,Co,[H]C1NC([H])C(C(=O)O)C([H])C1[H];[H]C1NC([H])C(C(=O)O)C([H])C1[H];[H]O[H];[H]O[H,3.83,5.0231,False,CONICH01;CONICH03;CONICH04;CONICH05;CONICH06;CONICH07
322537473255,3,3,3,3,1,6,Co,[H]OC(=O)C1C([H])NC(C(=O)O)C([H])C1[H];[H]OC(=O)C1C([H])NC(C(=O)O)C([H])C1[H];[H,3.83,4.8405,False,IWOFUV;NELPID;NELPID01
341064986994,4,4,4,3,1,6,Fe,[H]C(C(=NC([H])([H])C1NC([H])C([H])C([H])C1[H])C([H])([H])[H])=C(O)C([H])([H])[H,3.83,4.5052,False,SORDOS;SORDOS01;SORDOS02;SORDOS03
773482494489,2,2,2,2,2,5,Cu,[H]C1NC2C3NC([H])C([H])C([H])C3C([H])C([H])C2C([H])C1[H];[H]O[H];[H]c1sc(C(=O)O),3.83,6.6122,True,TAYVIZ;TAYVIZ02
923574878761,3,3,2,2,1,6,Ni,[H]C1NC([H])C(N([H])[H])C([H])C1[H];[H]C1NC([H])C(N([H])[H])C([H])C1[H];[H]C1NC(,3.83,4.6068,False,WIVDEO;WIVDEO01;WOBVIU
995233579985,7,7,7,2,1,6,Ir,Cl;Cl;Cl;Cl;Cl;Cl,3.82,3.8226,False,AREWIF;DOTMAD;RIHFAP;TEVFIJ;USABAU;VICLUS
202881913705,11,11,10,2,1,6,Co,[H]C1NC([H])C(C(=O)N([H])[H])C([H])C1[H];[H]C1NC([H])C(C(=O)N([H])[H])C([H])C1[H,3.82,3.8242,False,BAGDUI;BAGDUI01;CUHBOZ;DAKZUK;DAKZUK01;GOLRUV
392154029476,2,2,2,2,1,6,Cr,Cl;Cl;Cl;[H]C1NC(C2NC(C3NC([H])C([H])C([H])C3[H])C([H])C([H])C2[H])C([H])C([H])C,3.82,4.0131,False,DADZAO;LEWKEE
108553770036,5,5,5,4,2,5,V,O;O;[H]OC1C([H])C(C(=O)O)NC(C(=O)O)C1[H],3.82,4.1341,True,ESAJEN;FEJJOW;JAHZEA;LUXDUF;RUQXOT
217827474459,5,5,5,4,2,4,Rh,C#O;[H]c1nc(P(C(C([H])([H])[H])(C([H])([H])[H])C([H])([H])[H])C(C([H])([H])[H])(,3.82,4.8326,True,FEVQAC;FEVQEG;FEVQIK;FEVRAD;FEVREH
143168515342,2,2,2,2,1,6,V,O;[H]C(=NC1C([H])C(C([H])([H])[H])C([H])C([H])C1O)C1C([H])C(Br)C([H])C([H])C1O;[,3.82,4.7481,False,GIVNEH;UYOQIK
253477333311,2,2,2,2,1,6,Fe,C#O;C#O;[H]C1NC(C([H])([H])N(C([H])([H])C([H])([H])S)C([H])([H])C([H])([H])S)C([,3.82,4.5763,False,IFODIR;IFODIR01
110095644886,2,2,2,2,1,6,Os,C#O;C#O;C#O;Cl;Cl;Cl,3.82,4.1039,False,PENJOO;TUMLIW
74891558663,3,3,3,2,2,5,Fe,N#N;[H]C1C([H])C(N2CN(C3C(C([H])([H])[H])C([H])C(C([H])([H])[H])C([H])C3C([H])([,3.82,6.7541,True,VOWZIU;VOWZUG;VOXBAP
461216299330,3,3,3,2,1,6,Rh,Cl;Cl;Cl;Cl;Cl;Cl,3.82,4.778,False,WUGGAI;XISFEL;ZOKHAI
55114161954,5,5,5,2,1,6,Ni,[H]N([H])[H];[H]N([H])[H];[H]N([H])[H];[H]N([H])[H];[H]N([H])[H];[H]N([H])[H],3.81,4.7461,False,BICSIQ;FOPJEB;MOXPUO;NUHJUV;TAQPEJ
20879018468,9,9,8,2,1,6,Re,Br;Br;Br;Br;Br;Br,3.81,4.0532,False,BULBAN;BUQTIT;DECVUF;DOWHUU;DOWJAC;HEWSAE
882909837128,3,3,3,2,1,6,Fe,C#O;C#O;C#O;C#O;C#O;C#O,3.81,4.7164,False,CEHHON;HOLMIE;HOLMOK
479632174374,2,2,2,2,1,6,Ru,Cl;Cl;[H]C([H])([H])S(=O)C([H])([H])[H];[H]C([H])([H])S(=O)C([H])([H])[H];[H]c1c,3.81,3.8667,False,ESIZOW;ESIZUC
27358349244,4,4,4,3,1,6,Hf,F;F;F;F;F;F,3.81,4.9886,False,HEKZAB;HELBAE;PESPOU;RENPAB
601602061004,2,2,2,2,1,6,Os,C#O;C#O;C#O;C#O;C#O;C#O,3.81,4.7105,False,LARPEA;LARPOK
948539369838,2,2,2,2,1,6,Fe,[H]OC([H])([H])[H];[H]OC([H])([H])[H];[H]OC([H])([H])[H];[H]OC([H])([H])[H];[H]O,3.81,4.1362,False,NADGOS;USIMOA
818168233145,3,3,3,2,1,6,Ni,[H]C(C(=O)C1C([H])C([H])C([H])C([H])C1[H])=C(O)C1C([H])C([H])C([H])C([H])C1[H];[,3.81,4.7881,False,ODOBEO;ODOBIS;ODOBOY
772066277904,2,2,2,2,2,5,Cu,[H]C1C([H])C([H])C(P(=O)(O)C2C([H])C([H])C([H])C([H])C2[H])C([H])C1[H];[H]C1C([H,3.81,4.1721,True,SOYPUV;SOYQAC
207802623534,3,3,3,3,1,6,Fe,[H]C1NC(C(=O)NC(=O)C2NC([H])C([H])C([H])C2[H])C([H])C([H])C1[H];[H]C1NC(C(=O)NC(,3.8,5.1762,False,BEKWOG;FUFZAI;JESPON
300694139563,2,2,2,2,1,6,Pt,N#CS;N#CS;N#CS;N#CS;N#CS;N#CS,3.8,4.3035,False,EHUGIY;NEYJIK
466526380212,2,2,2,2,2,5,Fe,Cl;[H]C([H])([H])C([H])([H])P(C([H])([H])C([H])([H])[H])C([H])([H])C([H])([H])P(,3.8,6.1771,True,IGAHON;NAQQAX
625513793956,2,2,2,2,1,6,Cu,[H]OC([H])([H])C1=NC2C([H])C([H])C([H])C([H])C2N1C([H])([H])[H];[H]OC([H])([H])C,3.8,4.955,False,JOGLIE;JOGLOK
21185335361,2,2,2,2,1,6,Ni,[H]C1NC(C(=O)O)C([H])C([H])C1C(=O)O;[H]C1NC(C(=O)O)C([H])C([H])C1C(=O)O;[H]O[H];,3.8,4.5875,False,PIJVUB;POXSOL
72631878555,3,3,3,2,1,6,Os,F;F;F;F;F;F,3.8,4.7142,False,REHXIO;REHXOU;UFEPEA
247374083659,9,9,9,2,1,6,Ni,[H]C([H])(C(=O)O)C(=O)O;[H]C([H])(C(=O)O)C(=O)O;[H]O[H];[H]O[H],3.79,3.7938,False,COMJIY;IQUFOP;IROMOS;KEZFUR;KIHKEU;QUVMOL
760022093945,4,4,4,3,1,6,Fe,[H]C(=NC([H])([H])C([H])([H])N([H])C([H])([H])C1C([H])C([H])C([H])C([H])C1[H])C1,3.79,4.9321,False,DECMAD;DECMAD01;DECMAD02;DECMAD03
42460712893,3,3,3,2,1,6,Fe,C#N;C#N;[H]C1=C([H])c2nc1c(C1C([H])C([H])C([H])C([H])C1[H])c1[nH]c(c([H])c1[H])c,3.79,4.9526,False,FURPEO;RENJIG;RENJIG01
167666027056,2,2,2,2,1,6,Ni,N=C=S;N=C=S;[H]c1nc([H])n(C([H])([H])[H])c1[H];[H]c1nc([H])n(C([H])([H])[H])c1[H,3.79,4.8028,False,GAQVOK;GAQVOK01
833276925353,4,4,4,4,1,6,Fe,N=C=[Se];N=C=[Se];[H]C1NC(C([H])([H])N([H])C([H])([H])C([H])([H])N([H])C([H])([H,3.79,5.2755,False,HOPYAQ;HOPYAQ01;HOPYAQ02;HOPYAQ03
338938498673,2,2,2,2,1,6,Co,Cl;Cl;[H]O[H];[H]O[H];[H]O[H];[H]O[H],3.79,4.2043,False,JODGIT;LOSKOV
421062453428,2,2,2,2,1,6,Ir,[H]C(C(O)C([H])([H])[H])C(O)C([H])([H])[H];[H]C1CC(C2NC3C([H])C([H])C([H])C([H]),3.79,3.809,False,NAZRAI;NAZRAI01
571402453861,2,2,2,2,1,6,Ru,Cl;Cl;[H]N([H])C([H])([H])C([H])([H])P(C([H])(C([H])([H])[H])C([H])([H])[H])C([H,3.79,4.3524,False,OHAQIY;SAJLAV
578267127252,3,3,3,2,1,5,Ru,Cl;Cl;[H]C1C(C([H])([H])[H])C([H])C(C([H])([H])[H])C(N2CN(C3C(C([H])([H])[H])C([,3.78,6.4773,True,ABEJUM01;IQODOI;IQODOI01
618036490253,7,7,7,2,1,6,Ni,[H]C1([H])SC([H])([H])C([H])([H])SC([H])([H])C([H])([H])SC1([H])[H];[H]C1([H])SC,3.78,4.0558,False,BOXMEG;KEXXUH;KEXYAO;KUWBOT;LAFDUS;LAFFAA
947717789699,6,6,6,3,1,6,Zn,[H]C1NC(C(=O)O)C([H])C([H])C1C(=O)O;[H]C1NC(C(=O)O)C([H])C([H])C1C(=O)O;[H]O[H];,3.78,5.0425,False,BUYBIH;FOMCOB;HESQIG;OBUFOK;PIJWAI;PIJWEM
46992416061,2,2,2,2,1,6,W,Cl;Cl;[H]C([H])(O)C([H])([H])O;[H]C1C([H])C(C([H])([H])[H])C(O)C(C([H])([H])[H]),3.78,3.8142,False,ICIXAT;ICIXAT01
914061192046,2,2,2,2,1,5,V,O;O;[H]c1oc(C(O)=NN=C(C2NC([H])C([H])C([H])C2[H])C([H])([H])[H])c([H])c1[H],3.78,4.9526,False,IFUSIL;IFUSIL01
58875671283,2,2,2,2,1,6,Mo,O;O;[H]C(=NN=C(O)C1C([H])C([H])C([H])C([H])C1OC([H])([H])[H])C1C([H])C([H])C([H],3.78,4.9721,False,SISZAX;SISZAX01
451403058033,2,2,2,2,1,6,Ti,OO;[H]C(=NC1C([H])C([H])C([H])C([H])C1N=C([H])C1C([H])C([H])C([H])C(OC([H])([H]),3.77,4.0724,True,ALUSEI;ALUSEI01
168982895748,2,2,2,2,2,5,Ag,[H]C1C([H])C([H])C2C(OC([H])([H])C3NC(C([H])C([H])C3[H])C([H])([H])OC3C([H])C([H,3.77,4.2961,False,CUYGEJ;CUYGIN
240595219306,4,4,4,3,1,6,Ru,C#O;C#O;[H]C1CC(C2NC([H])C([H])C([H])C2[H])C([H])C([H])C1[H];[H]C1CC(C2NC([H])C(,3.77,4.3391,False,DOHSUP;DOHSUP01;DOHSUP02;DOHSUP03
862580898714,3,3,3,2,1,6,Mo,O;O;[H]C1C([H])C([H])C(C([H])(O)C(=O)O)C([H])C1[H];[H]C1C([H])C([H])C(C([H])(O)C,3.77,3.8363,False,FODQUL;FODRAS;FOHPUO
525497595453,2,2,2,2,1,5,Cu,[H]C1=C(C2=N(O)C(C([H])([H])[H])(C([H])([H])[H])C(C([H])([H])[H])(C([H])([H])[H],3.77,6.31,True,RAMMIB;RAMMIB01
96152721348,4,4,4,2,1,6,Ni,[H]C(=O)N(C([H])([H])[H])C([H])([H])[H];[H]C(=O)N(C([H])([H])[H])C([H])([H])[H];,3.76,3.7619,False,BAGGAT;FIMCUB;OQOHUZ;PAKJET
138356269229,2,2,2,2,1,6,Ru,Cl;Cl;[H]N1C([H])([H])C([H])([H])N([H])C([H])([H])C([H])([H])C([H])([H])N([H])C(,3.76,4.6583,False,BANRAJ;DAMYOF
938648570238,5,5,5,2,1,6,Mn,Br;Br;Br;Br;Br;Br,3.76,3.772,False,BEVLEW;IVUSIE;IVUSIE01;ZAYJAO;ZAYJAO01
952845234687,2,2,2,2,1,6,Ti,[H]C([H])([H])C(C([H])([H])[H])(C([H])([H])[H])C([H])([H])O;[H]C([H])([H])C(C([H,3.76,3.985,False,CIBJED;CIBJED01
826877834846,2,2,2,2,1,5,Cu,O=S(=O)(O)C(F)(F)F;[H]C([H])([H])C(C1=NC([H])(C(C([H])([H])[H])(C([H])([H])[H])C,3.76,4.9699,True,GIWHID;GIWHID01
840858374774,2,2,2,2,1,6,Os,Cl;Cl;[H]C(C(O)C([H])([H])[H])C(O)C([H])([H])[H];[H]C(C(O)C([H])([H])[H])C(O)C([,3.76,3.7601,False,RILRIN;RILROT
546537596230,3,3,3,3,2,5,Ti,Cl;Cl;NB(C1C(F)C(F)C(F)C(F)C1F)(C1C(F)C(F)C(F)C(F)C1F)C1C(F)C(F)C(F)C(F)C1F;[H]N,3.76,6.7701,True,ZAYDOU;ZAYDUA;ZAYFAI
44219979654,5,5,5,2,1,6,Co,[H]c1nc([H])n(C([H])([H])[H])c1[H];[H]c1nc([H])n(C([H])([H])[H])c1[H];[H]c1nc([H,3.75,4.9624,False,GEVFOE;VUYCUN;VUYCUN01;WOQKUJ;XAHKEX
447577461265,4,4,4,2,1,6,Co,N=C=S;N=C=S;[H]C1NC([H])C(Cl)C(N([H])[H])C1[H];[H]C1NC([H])C(Cl)C(N([H])[H])C1[H,3.75,3.7501,False,TOSBAI;TOSBAI01;WIFKOP;WIFKOP01
155490296760,2,2,2,2,1,6,Ni,N=C=S;N=C=S;[H]C1NC([H])C(C#N)C([H])C1[H];[H]C1NC([H])C(C#N)C([H])C1[H];[H]C1NC(,3.75,3.9689,False,UDABAC;UDABAC01
500335951862,2,2,2,2,1,6,Ni,[H]c1nc([H])n(C([H])([H])C([H])([H])[H])c1[H];[H]c1nc([H])n(C([H])([H])C([H])([H,3.74,3.7401,False,DEDLIJ;JUXWEG
229401545409,2,2,2,2,2,5,Ti,Cl;Cl;Cl;[H]C1C([H])C(C([H])(C([H])([H])[H])C([H])([H])[H])C(N2CC(C([H])([H])[H],3.74,6.3324,True,FOYZUR;FOYZUR01
40924706669,6,6,6,2,1,6,Cu,[H]C1NC2C3NC([H])C([H])C([H])C3C(=O)C2C([H])C1[H];[H]C1NC2C3NC([H])C([H])C([H])C,3.74,4.3712,False,NULYIF;PIQFAW;PIQFEA;PIQFEA02;VAHCUD;WAWQER
848353590163,2,2,2,2,1,5,Cu,N=C=S;N=C=S;[H]OC([H])([H])C([H])([H])N([H])C([H])([H])C([H])([H])N([H])[H],3.74,6.3728,True,QANDIT;QANDIT01
273880907289,3,3,3,2,1,6,Ni,[H]C1C([H])C([H])N(O)C([H])C1[H];[H]C1C([H])C([H])N(O)C([H])C1[H];[H]C1C([H])C([,3.73,4.1324,False,BASLEM;BOBGIM;BOBHEJ
707847723722,6,6,5,2,1,6,Ru,Cl;Cl;[H]C([H])([H])C#N;[H]C([H])([H])C#N;[H]C([H])([H])C#N;[H]C([H])([H])C#N,3.73,3.7455,False,ZICVAI;ZICVAI01;ZICVAI02;ZICVAI03;ZICVAI04;ZICVAI05
553552623877,4,4,4,2,1,6,Co,[H]C1NC([H])C([H])C([H])C1[H];[H]C1NC([H])C([H])C([H])C1[H];[H]O[H];[H]O[H];[H]O,3.72,3.8227,False,AJILOV;BOQPIH;MUKWAQ;WIPQIV
61776342095,3,3,3,2,1,6,Ni,[H]C1([H])OC([H])([H])C([H])([H])N(C#N)C1([H])[H];[H]C1([H])OC([H])([H])C([H])([,3.72,4.7556,False,JOQHII;JOQHOO;JOQJEG
911438825282,3,3,3,2,1,6,Zn,[H]C1=C(O)C(=O)C2C([H])C([H])C([H])C([H])C2C1=O;[H]C1=C(O)C(=O)C2C([H])C([H])C([,3.72,4.4488,False,KAZFAU01;KAZFIC;RAHPIC
385954518730,2,2,2,2,1,6,Re,Cl;Cl;Cl;Cl;[H]C1([H])OC([H])([H])C([H])([H])C1([H])[H];[H]C1([H])OC([H])([H])C(,3.72,4.6142,False,KEWZOB;KEWZOB01
497316510602,3,3,3,3,1,6,Ni,[H]C1=C(C([H])([H])[H])N(B([H])(N2N=C(C3C([H])C([H])C([H])C([H])C3[H])C([H])=C2C,3.72,3.8394,True,QEKGEU;QEKGEU01;QEKGEU02
147422059890,2,2,2,2,1,6,Os,Br;Br;[H]C(C(O)C([H])([H])[H])C(O)C([H])([H])[H];[H]C(C(O)C([H])([H])[H])C(O)C([,3.72,4.0456,True,RILRUZ;RILSAG
806889572009,2,2,2,2,1,6,Co,[H]OC(=O)C([H])([H])C([H])(O[H])C(=O)O;[H]OC(=O)C([H])([H])C([H])(O[H])C(=O)O;[H,3.71,3.9906,False,AQMLCO;BESXAZ
430652558813,3,3,3,3,1,6,Zn,[H]OC(=O)C([H])([H])C([H])(O[H])C(=O)O;[H]OC(=O)C([H])([H])C([H])(O[H])C(=O)O;[H,3.71,4.1637,False,BESYEE;FUHYOX;MEYGOM
732108790166,2,2,2,2,1,6,Cd,[H]N([H])[H];[H]N([H])[H];[H]N([H])[H];[H]N([H])[H];[H]N([H])[H];[H]N([H])[H],3.71,3.7123,False,BICSOW;PUHJOR
575708934940,2,2,2,2,2,4,Fe,[H]C1CC([H])C([H])C([H])C1[H];[H]C1CC([H])C([H])C([H])C1[H];[H]C1CC([H])C([H])C(,3.71,6.5187,False,BUJWOS;BUJWOS01
901903446755,3,3,3,2,1,6,Mo,Cl;Cl;Cl;Cl;Cl;Cl,3.71,4.6302,False,FIPDEO;FUTPIT;ZICWOX
22252518333,3,3,3,2,1,6,V,O;[H]C1NC([H])C(C(=O)O)NC1[H];[H]C1NC([H])C(C(=O)O)NC1[H];[H]O[H],3.71,3.7213,False,LOPHOP;URIVUN;VOKRAQ
205697197358,3,3,3,2,1,6,Rh,[H]C([H])([H])C(N#C)(C([H])([H])[H])C([H])([H])[H];[H]C([H])([H])C(N#C)(C([H])([,3.71,3.7198,False,SIGFOF;SIGFUL;SIGGAS
567859043895,5,5,5,3,2,6,Fe,[H]c1nn(C2NC(n3nc([H])c([H])c3[H])C([H])C(SC([H])(C([H])([H])[H])C([H])([H])[H]),3.7,5.3545,True,BUTPOY;GEQGOB01;ZUYRAO01;ZUYRAO05;ZUYRAO06
597570473854,2,2,2,2,1,4,Cu,O=[N+]([O-])O;[H]C1=NC2C([H])C([N+](=O)[O-])C([H])C([H])C2N1[H];[H]C1=NC2C([H])C,3.7,3.7,True,FAYLOH;FAYLOH01
35808181045,2,2,2,2,1,6,W,C#O;C#O;C#O;C#O;[H]C1NC(C2NC([H])C([H])C([H])C2[H])C([H])C([H])C1[H],3.7,4.5453,False,FOHXUW;FOHXUW01
719454248779,3,3,3,2,1,6,Fe,[H]c1nc([H])n(C([H])([H])[H])c1[H];[H]c1nc([H])n(C([H])([H])[H])c1[H];[H]c1nc([H,3.7,4.7321,False,GUWYUS;MENTEF;WONGEL
87986364149,2,2,2,2,1,6,Cu,[H]C1NC2C(=O)N([H])C(=O)N(C([H])([H])[H])C2NC1[H];[H]C1NC2C(=O)N([H])C(=O)N(C([H,3.69,3.8392,False,AGOVIB;QAFLIT
823787812398,2,2,2,2,1,6,Co,Cl;Cl;[H]C1NC([H])C([H])C(C2C([H])C([H])C([H])C([H])C2[H])C1[H];[H]C1NC([H])C([H,3.69,4.543,False,ECIDUR;ECIFED
97106862382,2,2,2,2,1,6,Ni,[H]C1C([H])C([H])C(N([H])[H])C(N([H])[H])C1[H];[H]C1C([H])C([H])C(N([H])[H])C(N(,3.69,4.4293,False,IXIVOC;LIWBEC
789367396899,2,2,2,2,2,5,Ru,Cl;Cl;[H]C1C([H])C([H])C(P(C2C([H])C([H])C([H])C([H])C2[H])C2C([H])C([H])C([H])C,3.69,6.2868,True,MOZNIA;RUCLTP01
251179074084,3,3,3,2,1,6,Cd,N=C=S;N=C=S;[H]C1NC([H])C([H])C(OC([H])([H])[H])C1[H];[H]C1NC([H])C([H])C(OC([H],3.68,5.3042,False,COBTUL;COBTUL01;COBVAT
836888064141,2,2,2,2,1,6,Ru,[H]C1NC2C(C([H])C1[H])C([H])C([H])C([H])C2C1NC(C2C([H])C([H])C([H])C3C([H])C([H],3.68,3.8615,True,DUDLUK;MUXTEF
94308062721,2,2,2,2,1,6,Co,[H]C1([H])OC([H])([H])C([H])([H])N(C#N)C1([H])[H];[H]C1([H])OC([H])([H])C([H])([,3.68,3.9164,True,EYOWIA;EYOWOG
645340300705,5,5,5,3,1,6,Co,[H]C1NC(C2NC(C3NC([H])C([H])C([H])C3[H])C([H])C(Cl)C2[H])C([H])C([H])C1[H];[H]C1,3.68,4.3494,True,IHIMOE;NULFAF;XAHDAN;XAHDAN01;XAHDAN02
954550480200,2,2,2,2,1,6,Ni,[H]C([H])([H])N(C#N)C([H])([H])[H];[H]C([H])([H])N(C#N)C([H])([H])[H];[H]O[H];[H,3.68,3.6823,False,JOQHUU;JOQJAC
904005256967,2,2,2,2,1,6,Mn,[H]C1=C([H])c2nc1c(C1C([H])C([H])C([H])C([H])C1[H])c1[nH]c(c([H])c1[H])c(C1C([H],3.68,4.7102,False,XAGYAK;ZUTNEH
759383205424,4,4,4,2,1,6,Fe,[H]C([H])([H])C#N;[H]C([H])([H])C#N;[H]C([H])([H])C#N;[H]C([H])([H])C#N;[H]C([H],3.67,3.9917,False,ACEYOW;ACEYOW01;NUQQAU;RAPXOY
732719416489,2,2,2,2,1,6,Pt,Cl;Cl;Cl;Cl;[H]c1c(C([H])([H])[H])nn([H])c1C([H])([H])[H];[H]c1c(C([H])([H])[H]),3.67,4.6528,False,NERHIC;NERPUW
51559204547,3,3,3,3,1,6,Co,[H]OC([H])(C1C([H])C([H])C([H])C([H])C1[H])C([H])(N(C([H])([H])[H])C([H])([H])C(,3.66,4.1735,False,JIQBER;JIQBOB;PILYOZ
592721664729,8,8,4,3,2,5,Pd,Cl;Cl;[H]C1([H])SC([H])([H])C([H])([H])SC([H])([H])C([H])([H])SC1([H])[H],3.65,4.4241,True,GATLES06;GATLES07;GATLES08;GATLES09;GATLES10;GATLES16
783891048122,2,2,2,2,1,5,V,O;O;[H]C1NC(C(=NN=C2NC3C([H])C([H])C([H])C([H])C3S2)C2C([H])C([H])C([H])C([H])C2,3.65,3.654,True,IXUFUE;IXUGAL
175747572640,3,3,3,2,1,6,Co,Cl;Cl;[H]C1NC([H])C(C([H])([H])[H])C([H])C1C([H])([H])[H];[H]C1NC([H])C(C([H])([,3.65,4.5881,False,YIZSIJ;YIZSIJ01;YIZSIJ02
804921375618,2,2,2,2,1,6,Co,[H]N([H])c1nnnn1N([H])[H];[H]N([H])c1nnnn1N([H])[H];[H]N([H])c1nnnn1N([H])[H];[H,3.64,3.6859,False,APUVAK;HABYIU
296172077578,11,11,11,2,1,6,Fe,[H]c1nn(C([H])(n2nc([H])c([H])c2[H])n2nc([H])c([H])c2[H])c([H])c1[H];[H]c1nn(C([,3.64,3.6826,False,EXARAY;EXARAY01;EXARAY02;EXARAY03;GEJWUP;JOBHOZ
449076234707,3,3,3,2,1,6,Rh,Cl;Cl;[H]C1NC([H])C([H])C([H])C1[H];[H]C1NC([H])C([H])C([H])C1[H];[H]C1NC([H])C(,3.64,4.5741,False,GAKJIO;GAKJOU;WISTUQ
195620666012,2,2,2,2,1,6,Ir,[H]C1CC(C2NC([H])C(C(F)(F)F)C([H])C2[H])C(F)C([H])C1F;[H]C1CC(C2NC([H])C(C(F)(F),3.64,3.6431,True,GIQKEA;QELKAX
121896738613,2,2,2,2,1,6,Cr,[H]C1C([H])C([H])C(C(=O)O)C(O)C1[H];[H]N([H])C([H])([H])C([H])([H])N([H])[H];[H],3.63,4.164,False,JEQNOJ;REQPIO
127098667446,3,3,3,2,1,6,Ru,[H]C(C(O)C([H])([H])[H])C(O)C([H])([H])[H];[H]C(C(O)C([H])([H])[H])C(O)C([H])([H,3.63,3.6317,False,MARYAG;MARYEK;MAVNON
971764482151,2,2,2,2,1,6,Ru,C#O;C#O;Cl;Cl;[H]C1([H])N2C([H])([H])N3C([H])([H])N1C([H])([H])P(C2([H])[H])C3([,3.63,3.6301,False,MEZBIF;MEZBOL
706443558567,2,2,2,2,1,6,Co,[H]C(C(=O)C([H])([H])[H])=C(O)C([H])([H])[H];[H]C(C(=O)C([H])([H])[H])=C(O)C([H],3.63,3.9957,False,SUKWOK;SUKWUQ
665971605373,2,2,2,2,1,6,Ru,Cl;Cl;[H]C([H])([H])C1(C([H])([H])[H])N=C(C2=NC(C([H])([H])[H])(C([H])([H])[H])C,3.62,3.7556,False,CAGKUR;CAGLEC
258948473241,3,3,3,3,1,6,Co,N=C=S;N=C=S;[H]C1C([H])C(C([H])([H])[H])C(N([H])C(=O)C([H])([H])N(C([H])([H])C([,3.62,4.5521,False,KUFKEF;XUTYUI;XUTYUI01
606040898846,2,2,2,2,2,5,Co,[H]C1C([H])C([H])C(C2NN(B([H])(N3NC(C4C([H])C([H])C([H])C([H])C4[H])C([H])C3C([H,3.62,5.9246,True,LUCLIE;OZOXOT
234063757187,3,3,3,2,1,6,Fe,[H]C1NC(C2NC(C3NC([H])C([H])C([H])C3[H])C([H])C(Cl)C2[H])C([H])C([H])C1[H];[H]C1,3.61,3.6109,True,KOGLUO;KOGLUO01;RISJIN
39114674976,4,4,4,3,2,6,Mn,[H]C(=NC([H])([H])C([H])([H])C([H])([H])N([H])C([H])([H])C([H])([H])N([H])C([H]),3.61,5.0804,True,MEDCEH;MEDCEH01;XONDIQ;XONDIQ01
339911853530,4,4,4,4,2,6,Mo,[H]C1C([H])C([H])C(S)C(S)C1[H];[H]C1C([H])C([H])C(S)C(S)C1[H];[H]C1C([H])C([H])C,3.6,4.6606,True,ACODAX;BZDTMO10;MARSAA;MARSEE
137117625126,18,18,18,8,2,6,Zn,[H]C1C(C(=O)O)NC(C(=O)O)C([H])C1[H];[H]C1C(C(=O)O)NC(C(=O)O)C([H])C1[H],3.6,8.6428,True,AGETUC;AGEVAK;AHAFIA;AHAFUM;BIQBIM;ERIDUF
61451840855,2,2,2,2,1,6,Mn,[H]O[H];[H]O[H];[H]c1c(C(=O)O)[nH]c(=O)n([H])c1=O;[H]c1c(C(=O)O)[nH]c(=O)n([H])c,3.6,4.604,False,EJUJIE01;SIJNIJ
123819079494,3,3,3,2,1,6,Re,O;O;[H]C1NC([H])C([H])C([H])C1[H];[H]C1NC([H])C([H])C([H])C1[H];[H]C1NC([H])C([H,3.6,4.81,False,FOGHUG;HUCDAL;OXPYRE11
829275259510,2,2,2,2,1,6,Zn,[H]C(=NN=C(S)SC([H])([H])[H])C1NC([H])C([H])C([H])C1[H];[H]C(=NN=C(S)SC([H])([H],3.6,3.6773,False,HIVFAU;HIVFAU01
393618613538,2,2,2,2,1,6,Mn,C#O;C#O;C#O;[H]C1C([H])C(C([H])([H])[H])C([H])C(P(C([H])(C([H])([H])[H])C([H])([,3.6,5.0489,False,HUNHII;HUNJEG
166380178769,2,2,2,2,2,4,Pd,[H]C1C(O)C(O)C(C(C([H])([H])[H])(C([H])([H])[H])C([H])([H])[H])C([H])C1C(C([H])(,3.6,17.9938,False,OZUGEX;OZUGEX01
432202317556,7,7,7,2,1,6,Ru,Cl;Cl;[H]C1NC([H])C([H])C([H])C1[H];[H]C1NC([H])C([H])C([H])C1[H];[H]C1NC([H])C(,3.6,4.5485,False,WIBNIE;WIBNIE01;WIBNIE02;WIBNIE03;WIBNIE04;WIBNIE05
118657259022,2,2,2,1,1,4,Cu,Cl;[H]C(=NC1C([H])C([H])C([H])C([H])C1O)C1NC([H])C([H])C([H])C1[H],3.59,4.3919,False,HERQIF;HERQIF01
885292178313,2,2,2,2,1,6,Ti,Cl;Cl;[H]C(C(=NC1C([H])C([H])C([H])C([H])C1[H])C(C([H])([H])[H])(C([H])([H])[H]),3.59,4.4562,False,QUNJIT;QUNJOZ
995378101816,2,2,2,2,1,6,Ru,[H]C1NN(B([H])(N2NC([H])C([H])C2[H])N2NC([H])C([H])C2[H])C([H])C1[H];[H]C1NN(B([,3.59,3.5917,False,SEWNIR;SEWPEP
75970246241,2,2,2,2,1,6,Cu,[H]O[H];[H]O[H];[H]c1nc(N([H])C(=O)C([H])([H])[H])nn1[H];[H]c1nc(N([H])C(=O)C([H,3.59,3.7461,False,VANCAO;VUSNAC
63196047156,8,8,8,7,2,5,Cu,I;[H]C1NC(C2NC([H])C([H])C([H])C2[H])C([H])C([H])C1[H];[H]C1NC(C2NC([H])C([H])C(,3.58,6.5553,True,BASHEI01;BASHEI02;DITDAN;GUPTOA;GUPTUG;IBIPCI01
447086602671,2,2,2,2,1,6,Cd,N#CS;N=C=S;[H]C1NC(N([H])C2NC([H])C([H])C([H])C2[H])C([H])C([H])C1[H];[H]C1NC(N(,3.58,3.728,False,BOYQAH;BOYQAH01
567691139389,2,2,2,2,2,4,Cu,Br;[H]OC1C([H])C([H])C([H])C([H])C1C(O)=NN=C(C1NC([H])C([H])C([H])C1[H])C([H])([,3.58,6.3544,False,HIGPIX;HIGPIX01
949499406844,3,3,3,2,1,6,Co,O=S(=O)(O)O;O=S(=O)(O)O;[H]O[H];[H]O[H];[H]O[H];[H]O[H],3.58,4.4363,False,SILXER;WIWPAV;YABTOM
107045864231,2,2,2,2,1,6,Ru,Cl;[H]C([H])([H])S(=O)C([H])([H])[H];[H]c1c(C([H])([H])N(C([H])([H])C2NC([H])C([,3.58,3.6267,False,VOBPUZ;VOBQAG
722501567562,3,3,3,3,1,6,Co,[H]C1C([H])C([H])C(C(O)C([H])C(O)C2C([H])C([H])C([H])C([H])C2[H])C([H])C1[H];[H],3.57,4.9878,False,HEFXAS;HEFXAS01;QUQXIK
516414263348,2,2,2,2,1,6,Ru,Cl;Cl;[H]C1([H])SC([H])([H])C([H])([H])C([H])([H])S(=O)C([H])([H])C1([H])[H];[H],3.57,4.8957,False,JIMLUM;JIMMAT
291880690490,3,3,3,3,1,6,Co,[H]C1=C(O)C(=O)C2C([H])C([H])C([H])C([H])C2C1=O;[H]C1=C(O)C(=O)C2C([H])C([H])C([,3.57,4.5681,False,MIGXEH;MIGXEH01;TICXOU
493012626143,2,2,2,2,1,6,Mo,Cl;Cl;[H]C([H])([H])P(C([H])([H])[H])C([H])([H])[H];[H]C([H])([H])P(C([H])([H])[,3.56,3.5602,True,BUYCAZ;BUYCAZ01
322673573945,2,2,2,2,1,6,Mn,[H]C1=C([H])N(C([H])([H])[H])CN1B(C1C([H])C([H])C([H])C([H])C1[H])(N1CN(C([H])([,3.56,4.4923,False,FUBPOL;HIJDOU
611960307721,9,9,9,3,1,6,Co,[H]C1NC(C2NC(C3NC([H])C([H])C([H])C3[H])C([H])C(C(=O)O)C2[H])C([H])C([H])C1[H];[,3.56,5.3367,True,GEXRUY;GEXRUY01;GEXRUY02;GEXRUY05;XUSROV;XUSROV01
479037810160,4,4,4,3,2,6,Ni,[H]C1NC(C2NC(C3NC([H])C([H])C([H])C3[H])C([H])C(C3C([H])C([H])C([H])C([H])C3[H]),3.56,3.6405,True,KOBQOL;SIXLIU01;VOQLEV;VOQLIZ
913552628028,2,2,2,2,1,6,Cu,O=S(=O)(O)C(F)(F)F;[H]C([H])([H])C(=O)C([H])([H])[H];[H]C1C([H])C2C([H])C([H])C3,3.56,3.7411,False,NEWDIG;NEWDIG01
883453393800,2,2,2,2,1,6,Co,Cl;Cl;[H]C([H])=C([H])C(=O)N([H])[H];[H]C([H])=C([H])C(=O)N([H])[H];[H]C([H])=C(,3.56,4.3103,False,QAPJUN;QAPJUN01
251383780093,2,2,2,2,1,6,Mn,Br;C#O;C#O;C#O;[H]C1C(C2=NC3C([H])C([H])C([H])C([H])C3N2[H])NC(C2=NC3C([H])C([H],3.54,3.5402,False,LAYTEN;LOGMIG
573851434535,2,2,2,2,1,5,Cu,O=[N+]([O-])O;[H]C(=O)C1C([H])C([H])C([H])C([H])C1O;[H]C1NC(C2NC([H])C([H])C([H],3.54,3.5922,False,XAPZAR;XAPZAR02
200138493305,5,5,5,3,1,4,Ir,C#O;[H]c1nc(P(C(C([H])([H])[H])(C([H])([H])[H])C([H])([H])[H])C(C([H])([H])[H])(,3.53,3.5305,False,FEVQOQ;VEGMIH;VEGMUT;VEGNEE;VEGNOO
202833497811,2,2,2,2,2,5,Fe,C#O;C#O;[H]N(C([H])([H])C([H])([H])P(C([H])(C([H])([H])[H])C([H])([H])[H])C([H]),3.53,6.5944,True,LOCNEY;OCURIQ
372005424038,2,2,2,2,1,6,Mn,C#O;C#O;C#O;[H]c1c(C([H])([H])[H])nn(C([H])(C(=O)O)n2nc(C([H])([H])[H])c([H])c2C,3.52,3.5201,False,ABUBII;BAGSAG
494765060276,10,10,10,6,2,6,Zn,[H]C1C(C(=O)O)NC2C([H])C([H])C([H])C([H])C2C1[H];[H]C1C(C(=O)O)NC2C([H])C([H])C(,3.52,10.3159,True,DUJTEK;DUJTUA;DUJVEM;DUJVIQ;DUJWIR;DUJWOX
642415341150,2,2,2,2,2,6,Mo,N#CC(S)=C(S)C#N;N#CC(S)=C(S)C#N;N#CC(S)=C(S)C#N,3.52,3.6434,True,EHUMIG;IBOHUE
175567195841,2,2,2,2,1,5,V,O;[H]C([H])([H])C([H])([H])O;[H]OC1C([H])C([H])C([H])C([H])C1C(O)=NN=C(C([H])=C(,3.52,6.0984,False,QESGUQ;QESGUQ02
738767564367,2,2,2,2,2,6,Mn,O=S(=O)(O)C(F)(F)F;[H]C1NC(C([H])(N([H])C2([H])C([H])([H])C([H])([H])C([H])([H]),3.51,5.6051,True,CIMHEN;CIMHOX
171328546140,3,3,3,2,2,5,Mn,C#O;C#O;[H]c1c(C([H])([H])P(C(C([H])([H])[H])(C([H])([H])[H])C([H])([H])[H])C(C(,3.51,6.2903,True,DOHTAY;DOHTIG;DOHTIG01
452682840471,2,2,2,2,2,5,Fe,[H]C(NC1C([H])C(OC([H])([H])C([H])([H])C([H])([H])C([H])([H])C([H])([H])C([H])([,3.51,6.6855,True,QIPVOC;QIPVOC01
51672503312,3,3,3,3,2,4,Cu,[H]C1NC(C2NC([H])C([H])C([H])C2[H])C([H])C([H])C1[H];[H]C1NC(C2NC([H])C([H])C([H,3.5,9.4947,True,RIYJUH;RIYKAO;RIYKES
73499409013,29,29,24,7,1,6,Fe,[H]c1c(C([H])([H])[H])nn(C2NC(n3nc(C([H])([H])[H])c([H])c3[H])C([H])NC2[H])c1[H],3.49,5.3029,True,JAFBOI02;JAFBOI03;JAFBUO02;JAFBUO03;JAFBUO04;JAFBUO05
547719525075,2,2,2,2,2,5,Cu,[H]C1NC([H])C(C(=O)N([H])[H])C([H])C1[H];[H]OC1C([H])C(C(=O)O)NC2C(O)C([H])C([H],3.49,3.8733,False,LOPQOY;LOPQUE
725085657974,3,3,3,2,2,5,Cu,Cl;Cl;[H]C1C([H])C2C([H])C([H])C(C([H])([H])[H])NC2C2NC(C([H])([H])[H])C([H])C([,3.49,6.624,True,PNTRCU11;PNTRCU12;PNTRCU15
902702908553,2,2,2,1,1,6,Fe,[H]C1C(C(=O)N([H])C([H])([H])C([H])([H])C([H])([H])C([H])([H])[H])NC(C([H])([H]),3.48,5.1233,True,KIWWIZ;KIWWOF
561113804259,3,3,3,3,1,6,Ru,I;I;[H]C([H])([H])C(N#C)(C([H])([H])[H])C([H])([H])[H];[H]C([H])([H])C(N#C)(C([H,3.47,3.4701,False,DUDVEG;XAZZAC;ZAGTAF
821913905691,2,2,2,2,1,6,Mo,N#N;[H]C1C([H])C([H])C(N#C)C([H])C1[H];[H]C1C([H])C([H])C(P(C2C([H])C([H])C([H]),3.47,5.7063,False,PUMYOL;PUMYOL01
892903490089,2,2,2,2,1,6,Cu,[H]C1C(C(=O)O)NC(C(=O)O)C([H])C1[H];[H]O[H];[H]O[H];[H]O[H],3.47,4.2651,False,PYRCCU01;PYRCCU03
694966562069,5,5,5,4,2,6,Co,[H]OC([H])([H])C1NC(C([H])([H])O[H])C([H])C([H])C1[H];[H]OC([H])([H])C1NC(C([H]),3.46,3.6379,True,ABIYUG;ABIZER;ABOBEZ;GEBFIF;YOHLIQ
281664690069,25,25,25,4,1,6,Cu,[H]OC(O[H])(C1NC([H])C([H])C([H])C1[H])C1NC([H])C([H])C([H])C1[H];[H]OC(O[H])(C1,3.46,4.9187,True,AJUJUK;AJUJUK01;BPYKTB11;CURXOE;DUDNOG;DUDNOG02
704506306512,3,3,3,3,1,6,Zn,[H]C1NC(C2NC(C3NC([H])C([H])C([H])C3[H])C([H])C([H])C2[H])C([H])C([H])C1[H];[H]C,3.46,3.714,False,ESORAG;EYIMOO;SAVPUB
776744469028,4,4,4,4,1,6,Cd,[H]C1NC2C3NC([H])C([H])C([H])C3C([H])C([H])C2C([H])C1[H];[H]C1NC2C3NC([H])C([H]),3.46,3.7792,True,PIKDAP;TAKXEJ;YAFRUU;YOLDEJ
34092757944,2,2,2,2,1,4,Cu,O=[N+]([O-])O;[H]C(=NC([H])([H])C1NC([H])C([H])C([H])C1[H])C1C([H])C(Cl)C([H])C(,3.45,3.5285,False,DUPTOY;DUPTOY01
276352765388,2,2,2,2,2,5,Mo,C#O;[H]C([H])([H])C([H])([H])P(C([H])([H])C([H])([H])[H])C([H])([H])C([H])([H])P,3.45,3.873,False,ESOTAH;ESOTEL
362400974893,2,2,2,2,1,5,Cd,Br;Br;[H]OC([H])([H])C([H])([H])N([H])C([H])([H])C([H])([H])N=C(C1NC([H])C([H])C,3.45,3.4504,False,PEMGOG;PEMGOG01
917335042027,4,4,4,2,1,6,Cu,[H]C1C(C(=O)O)NC(C(=O)O)C([H])C1[H];[H]OC(=O)C1NC(C(=O)O[H])C([H])C([H])C1[H],3.45,6.0419,False,RAZNAH02;RAZNAH03;RAZNAH04;RAZNAH05
90145471783,4,4,4,3,2,6,Zn,[H]C1NC(C2NC(C3NC([H])C([H])C([H])C3[H])C([H])C(C3C([H])C([H])C([H])C([H])C3[H]),3.44,4.5804,True,BATHOW;BATJAK;BATJEO;OCOXOV
658164725451,2,2,2,2,1,6,Cu,Cl;Cl;[H]C([H])=C([H])C(=O)N([H])[H];[H]C([H])=C([H])C(=O)N([H])[H];[H]C([H])=C(,3.44,4.2059,False,NEDPUI;NEDPUI01
818939476586,2,2,2,2,1,6,Nb,I;I;I;I;[H]C1C([H])C([H])C(P(=O)(C2C([H])C([H])C([H])C([H])C2[H])C2C([H])C([H])C,3.42,3.4201,False,BABMIE;BABMIE01
380855813005,3,3,3,3,2,6,Co,[H]OC([H])([H])C([H])([H])O[H];[H]OC([H])([H])C([H])([H])O[H];[H]OC([H])([H])C([,3.42,4.5825,True,COETDS10;COETDS11;COFMIW
108007239977,3,3,3,2,1,6,Ni,Cl;Cl;[H]O[H];[H]O[H];[H]O[H];[H]O[H],3.41,3.5192,False,DILDAE;JODGOZ;QIBPIA
23575240694,3,3,3,3,2,5,Cu,Cl;[H]C1NC2C3NC([H])C([H])C([H])C3C([H])C([H])C2C([H])C1[H];[H]N([H])C([H])([H]),3.41,5.212,False,EKOMEZ;GEBVEO;QOPHAE
394252147401,2,2,2,2,1,6,Fe,[H]c1c(C([H])([H])[H])nn(C([H])([H])C2NC(C([H])([H])n3nc(C([H])([H])[H])c([H])c3,3.41,4.3125,False,NIJLIB;NIJMAU
273670690140,2,2,2,2,1,4,Pt,Cl;[H]c1nc(C([H])([H])N(C([H])([H])[H])C([H])([H])c2nc([H])c([H])n2C([H])([H])[H,3.41,3.6787,False,ZECLUR;ZECMAY
416302548642,179,179,163,11,2,4,Cu,Br;Br;Br;Br,3.4,8.1648,True,AHUVUU;AHUWIJ;AHUWIJ01;AHUWIJ02;AHUWUV;AQAMOX
416447783851,2,2,2,2,1,6,Co,Br;Br;[H]O[H];[H]O[H];[H]O[H];[H]O[H],3.4,3.4001,False,EBUSEB;ZZZACM02
623370000826,2,2,2,2,2,5,Hg,I;I;[H]C1NC(C2NC(C3NC([H])C([H])C([H])C3[H])NC(C3NC([H])C([H])C([H])C3[H])N2)C([,3.4,3.5555,True,EHERIV;QIXSAU
568906068972,4,4,3,2,2,5,Fe,C#O;C#O;[H]C1C(C(=NC2C(C([H])([H])[H])C([H])C(C([H])([H])[H])C([H])C2C([H])([H]),3.4,6.3982,False,MUHBEY;MUHBOI;MUHBOI01;MUHBOI02
344923416749,2,2,2,2,1,6,Mn,[H]N([H])C([H])([H])[H];[H]N([H])C([H])([H])[H];[H]N([H])C([H])([H])[H];[H]N([H],3.4,3.8518,False,TEBVIH;TIZJOD
978538866666,3,3,3,3,2,6,Zn,[H]OC([H])([H])C1NC(C([H])([H])O[H])C([H])C([H])C1[H];[H]OC([H])([H])C1NC(C([H]),3.39,4.3463,True,HEHGEK;HEMNAR;XUVJAZ
116976150998,3,3,3,2,2,4,Ni,[H]C([H])([H])C([H])(C([H])([H])[H])[PH]([SeH])(N[PH]([SeH])(C([H])(C([H])([H])[,3.39,4.1192,False,KOBYIK;KOBYIK01;KOFPIF
769579691883,2,2,2,2,2,5,Cr,C#O;C#O;C#O;[H]C1C([H])C([H])C(O)C(O)C1[H],3.39,4.0304,True,ZEKVOA;ZEKVUG
331485756589,4,4,3,2,1,6,Ni,Cl;Cl;[H]C1NC([H])C(C([H])([H])[H])C([H])C1C([H])([H])[H];[H]C1NC([H])C(C([H])([,3.38,4.234,False,CANBID;CANBID01;CANBID02;CANBID03
604962537757,2,2,2,2,1,6,Re,Cl;Cl;O;[H]C([H])([H])C(O)(C([H])([H])[H])C(OP1OC(C([H])([H])[H])(C([H])([H])[H],3.38,3.3807,False,JEFSET;TACMUG
867244929771,6,6,6,5,1,5,Cu,Br;[H]C1NC(C2NC([H])C([H])C([H])C2[H])C([H])C([H])C1[H];[H]C1NC(C2NC([H])C([H])C,3.36,4.6178,True,AJARAG;AJIJEJ;BPYRCV;GUPSOZ;GUPTAM;GUPTEQ
687105731447,3,3,3,3,1,6,Cr,[H]C1NC([H])C(C(=O)O)C([H])C1[H];[H]C1NC([H])C(C(=O)O)C([H])C1[H];[H]O[H];[H]O[H,3.36,4.2241,False,CIDVOA;CIDVOA01;CIDVOA03
600039504087,4,4,4,3,1,6,Fe,[H]N1C([H])([H])C([H])([H])N([H])C([H])([H])C([H])([H])N([H])C([H])([H])C1([H])[,3.36,4.3104,True,DETTOL;KIBVUO;PIKZOB;QETKOS
814734422278,2,2,2,2,1,6,Cd,[H]C1NC(C2NC([H])C([H])C([H])C2[H])C([H])C([H])C1[H];[H]C1NC(C2NC([H])C([H])C([H,3.36,4.212,False,DEZPEE;DEZPEE01
803336831570,2,2,2,2,1,6,Cu,[H]O[H];[H]O[H];[H]O[H];[H]O[H];[H]c1nnnn1C([H])([H])n1nnnc1[H];[H]c1nnnn1C([H]),3.35,3.3634,False,GUTYUS;GUVCEI
791981267400,3,3,3,2,1,6,Cu,[H]C1([H])SC2([H])C([H])([H])C([H])([H])C([H])([H])C2([H])SC([H])([H])C([H])([H],3.35,4.5624,False,REBMOB;REBMUH;XEBLEW
687041805698,4,4,4,4,2,5,Ru,Cl;[H]C1C([H])C([H])C(P(C2C([H])C([H])C([H])C([H])C2[H])C([H])([H])C([H])([H])P(,3.34,5.7547,True,KAMWAX;POGNII;XIMXIC;YEXZEG
84539186897,2,2,2,2,1,6,Ru,Cl;Cl;[H]C1NC(N=NC2C([H])C([H])C([H])C([H])C2[H])NC([H])C1[H];[H]C1NC(N=NC2C([H],3.33,3.8191,True,HOTXOD;HOTXUJ
166114094257,8,8,7,3,2,5,Cu,Cl;[H]c1nc([H])n([H])c1[H];[H]c1nc([H])n([H])c1[H];[H]c1nc([H])n([H])c1[H];[H]c1,3.33,6.1587,True,XUBNIR;XUBNIR01;XUBNIR04;XUBNIR05;XUBNIR06;XUBNIR07
569996510767,2,2,2,2,1,5,Cu,[H]C([H])(C(=O)O)C(=O)O;[H]C1NC(C(=O)N([H])[H])C([H])C([H])C1[H];[H]O[H],3.32,3.9231,False,ETESOL;ETESOL01
642259904632,2,2,2,2,2,6,Ir,[H]C1C([H])C([H])C(C2=NC([H])(C([H])([H])C([H])([H])[H])C([H])([H])O2)C(O)C1[H];,3.31,4.1601,False,FESFER;FESFUH
717150780702,3,3,3,2,1,6,Co,[H]C1NC(C2NC(C3NC([H])C([H])C([H])C3[H])C([H])C(OC([H])([H])C([H])([H])OC3C([H]),3.31,3.318,False,SILMUY01;SILNEJ;SILNEJ01
295438040038,2,2,2,2,2,4,Fe,[H]B12B34([H])B56([H])C7([H])C89([H])B1%10([H])B231([H])B452([H])B768([H])B%1091,3.3,22.5725,False,PEKSIK;PEKSOQ
474433483658,2,2,2,2,2,5,Ru,C#O;Cl;[H]C1C([H])C([H])C(P(C2C([H])C([H])C([H])C([H])C2[H])C2C([H])C([H])C([H]),3.3,6.2095,True,VAKDUH01;VAKDUH02
890569853703,4,4,4,3,1,6,Fe,[H]C1NC(C([H])([H])N([H])C([H])([H])C2NC([H])C([H])C([H])C2[H])C([H])C([H])C1[H],3.29,4.4931,True,GEJZAX01;JALJAH;MENXOT;QUVNAX
493650125514,2,2,2,2,2,4,Cu,O=C1C(=O)C(Cl)=C(O)C(O)=C1Cl;[H]C1NC(C2NC([H])C([H])C([H])C2[H])C([H])C([H])C1[H,3.29,4.9065,False,JAXXUC02;LUZWAH
440321616002,3,3,3,2,1,6,Ni,[H]N(C(=S)N([H])C([H])([H])[H])N(C([H])([H])[H])C([H])([H])[H];[H]N(C(=S)N([H])C,3.28,4.1424,False,ABECIU;HOPCIY;YAMVUE
281350568103,2,2,2,2,1,6,Zn,[H]C1NC(C2NC(C3NC([H])C([H])C([H])C3[H])C([H])C(C3C([H])C([H])NC([H])C3[H])C2[H],3.27,5.1588,False,ENIBUB;ULAFET
100842914354,22,22,21,8,2,6,Zn,N=C=S;N=C=S;[H]C(=NC1C([H])C([H])C(N=NC2C([H])C([H])C([H])C([H])C2[H])C([H])C1[H,3.26,9.12,True,DELPES;DELPES01;DELPES02;DELPES03;DELPES04;DELPES05
832329853807,2,2,2,2,1,6,Cu,[H]c1nnnn1C([H])([H])F;[H]c1nnnn1C([H])([H])F;[H]c1nnnn1C([H])([H])F;[H]c1nnnn1C,3.26,3.407,False,IJETAV;IJETEZ
22464333841,2,2,2,2,2,5,Cu,[H]N([H])C([H])([H])C(=O)O;[H]N([H])C1([H])C([H])([H])C([H])(N([H])[H])C([H])([H,3.25,3.25,True,GORQIN;GORQIN01
481653533779,2,2,2,2,1,5,Mn,[H]C1=C(C([H])([H])[H])[O][Li]2(<-[O](C([H])([H])[H])C([H])([H])C([H])([H])[O]->,3.25,3.25,True,ZADYOS;ZADYOS01
971834816755,2,2,2,2,2,4,Ni,[H]C([H])([H])C([H])([H])C([H])([H])OC(S)S;[H]C([H])([H])C([H])([H])C([H])([H])O,3.25,11.4413,False,ZOYFEY;ZOYFEY01
867145744303,21,21,19,7,2,6,Fe,[H]C(=NC([H])([H])C([H])([H])N([H])C([H])([H])C([H])([H])N([H])C([H])([H])C([H]),3.24,5.5321,True,WENDOI03;WENDOI06;WENDOI07;WENDOI09;WENDOI10;WENDOI11
320298434942,2,2,2,2,1,6,Ru,Cl;Cl;[H]C1NC(N=NC2C(Cl)C([H])C([H])C([H])C2Cl)C([H])C([H])C1[H];[H]C1NC(N=NC2C(,3.23,3.5783,True,BAHJUS;BAHKAZ
65556201963,3,3,3,2,1,6,Mo,Cl;Cl;[H]C1C([H])C([H])C(P(C2C([H])C([H])C([H])C([H])C2[H])C([H])([H])C([H])([H],3.23,4.2063,False,DEMDOO;WOCCEW;WOCCIA
112750831475,2,2,2,2,1,6,Fe,N=C=S;N=C=S;[H]C(=NC1C([H])C([H])C(C#CC2C([H])C([H])C([H])C([H])C2[H])C([H])C1[H,3.22,4.4421,True,DUKLII;NOWBIK04
663916458856,2,2,2,2,1,6,Ru,Cl;Cl;[H]c1sc(C([H])([H])N(P(C2C([H])C([H])C([H])C([H])C2[H])C2C([H])C([H])C([H],3.21,3.8141,False,UMERUA;UMESAH
156404012389,3,3,3,3,1,4,Co,[H]C([H])([H])C(=O)O;[H]C([H])([H])C(=O)O;[H]c1nc([H])n([H])c1[H];[H]c1nc([H])n(,3.19,9.4381,True,COIMAC01;COIMAC02;COIMAC10
287156068567,2,2,2,2,1,6,Zn,[H]C1NC(C(=NN=C(S)SC([H])([H])C2C([H])C([H])C([H])C([H])C2[H])C2C([H])C([H])C([H,3.18,3.8442,False,PEWKIO;YATQOB
568529619257,2,2,2,2,2,6,Ni,[H]C([H])([H])C([H])([H])C([H])([H])OC(S)S;[H]C([H])([H])C([H])([H])C([H])([H])O,3.18,3.4132,False,XEFSEK;XEFSIO
510223600440,3,3,3,3,2,6,Zn,N=C=S;N=C=S;[H]C(=NC1C([H])C([H])C(C#CC2C([H])C([H])C([H])C([H])C2[H])C([H])C1[H,3.17,3.5783,True,AGALUQ;AGAMAX;AGAMAX01
433675243022,2,2,2,2,1,6,Ag,[H]C1([H])SC([H])([H])C([H])([H])SC([H])([H])C([H])([H])SC1([H])[H];[H]C1([H])SC,3.17,3.6503,True,FIJTOH;SUTVAE
294342336761,2,2,2,2,1,5,Ru,C#O;C#O;[H]C1C([H])C(C([H])(C([H])([H])[H])C([H])([H])[H])C(NC2=C(P(C([H])([H])C,3.17,3.1757,False,ORUYEH;ORUYEH01
752490456723,2,2,2,2,2,5,Ru,C#O;[H]C([H])C([H])(N1CN(C([H])(C([H])([H])[H])C([H])([H])[H])C(C([H])([H])[H])=,3.17,7.2858,True,VEZNAQ;XUFROG
425201490239,2,2,2,2,2,5,Cu,[H]C1NC(C([H])([H])N2C([H])([H])C([H])([H])N([H])C([H])([H])C([H])([H])C([H])([H,3.16,5.9826,True,DEPRAS;DEPREW
715420331258,2,2,2,2,1,6,Mn,[H]N([H])n1c(C([H])([H])[H])nn([H])c1=S;[H]N([H])n1c(C([H])([H])[H])nn([H])c1=S;,3.15,3.5107,False,CETDAG;CETGOX
518466293844,2,2,2,2,2,5,Ru,[H]C1C([H])C([H])C(P(C2C([H])C([H])C([H])C([H])C2[H])C2C([H])C([H])C([H])C([H])C,3.15,6.4251,False,DIDHUX;FOVFOO
371920048482,2,2,2,2,2,6,La,[H]C1C([H])C(C2C([H])C([H])C(C(C([H])([H])[H])(C([H])([H])[H])C([H])([H])[H])C([,3.15,5.7079,True,KETFAT;KETFIB
821254537828,2,2,2,2,2,4,Cu,[H]C1C([H])C([H])C(P(C2C([H])C([H])C([H])C([H])C2[H])C2C([H])C([H])C([H])C([H])C,3.15,7.1063,False,NOJWEQ;NOJWEQ02
494008510255,2,2,2,2,1,6,Pt,Cl;Cl;[H]N([H])C([H])([H])C([H])([H])N([H])[H];[H]N([H])C([H])([H])C([H])([H])N(,3.14,4.1412,False,CEAMPT;JESGAP
506797404952,2,2,2,2,1,6,Cu,[H]C1NC2C(=O)N(C([H])([H])[H])C(=O)N(C([H])([H])[H])C2NC1[H];[H]C1NC2C(=O)N(C([H,3.14,3.4062,False,DIQDUC;RIGPUS
540907947344,2,2,2,1,1,6,Ni,[H]C1C(C(=O)O)NC(C2NC(C(=O)O)C([H])C([H])C2[H])C([H])C1[H];[H]O[H];[H]O[H],3.14,4.6061,False,EREXIJ;EREXIJ01
376849540655,5,5,5,4,2,6,Co,[H]C1NC(C2NC(C3NC([H])C([H])C([H])C3[H])C([H])C(OC([H])([H])[H])C2[H])C([H])C([H,3.13,5.1761,True,CIHHIN;CIHHUZ;WOKTUM;WOWXEN;XAHCEQ
185880941866,2,2,2,2,2,4,Ni,[H]C(=NC([H])([H])C([H])([H])N=C([H])C1C([H])C([H])C([H])C(OC([H])([H])C([H])([H,3.12,5.7501,False,GECFEB;TUMNIA
251633223091,2,2,2,2,1,6,Ru,[H]C1C([H])C([H])C(P(C2C([H])C([H])C([H])C([H])C2[H])C2C([H])C([H])C([H])C([H])C,3.12,4.556,False,OFISUT;OFOXUE
803500204717,3,3,3,3,1,6,Cu,N=C=S;N=C=S;[H]C1NC(C(=O)C2C([H])C([H])C([H])C([H])C2[H])C([H])C([H])C1[H];[H]C1,3.11,4.0219,False,OPULAN;OPULER;OPULER01
973515281071,3,3,3,3,2,6,Mo,C#O;C#O;C#O;[H]C1C(C([H])([H])[H])NN(B([H])(N2NC(C([H])([H])[H])C([H])C2C([H])([,3.1,3.5598,True,JAGVOC;WATZUM;WAVBAW
320279366946,2,2,2,2,2,5,Ru,Cl;Cl;[H]C1C(C([H])([H])[H])C([H])C(C([H])([H])[H])C(N2CN(C3C(C([H])([H])[H])C([,3.1,6.0797,True,LEMRAX;LEMREB
150045542737,2,2,2,2,1,6,Sc,Cl;Cl;[H]C(C(=NC([H])([H])C([H])([H])N(C([H])([H])C([H])([H])[H])C([H])([H])C([H,3.1,8.3934,True,MIDNAO;MIDNAO01
926149494263,2,2,2,2,1,4,Cu,[H]C([H])([H])C(O)O;[H]C1C([H])C([H])C(P(C2C([H])C([H])C([H])C([H])C2[H])C2C([H],3.09,3.09,False,ACPHCU01;ACPHCU02
226782818862,2,2,2,1,1,4,Cu,[H]C1C([H])C([H])C(C([H])([H])N([H])C([H])(C(=O)NC([H])([H])C([H])([H])C([H])([H,3.09,3.2447,False,SAHXUX;VULMIA
755488688033,2,2,2,2,1,6,Ru,Cl;Cl;Cl;[H]C1([H])S(=O)C([H])([H])C([H])([H])C1([H])[H];[H]C1NC(C2NC([H])C([H]),3.08,3.3392,True,FIBKEH;VAZCEF
10463670315,9,9,9,4,1,6,Cu,[H]OC([H])([H])C([H])([H])N([H])C([H])([H])C([H])([H])N([H])[H];[H]OC([H])([H])C,3.07,4.3564,False,AYIQEF;DAYKOG;DAYKUM;DAYLAT;EYOXEV;GOPYAL
107749184769,3,3,3,2,1,5,Zn,Cl;Cl;[H]C1NC(C([H])(OC([H])([H])[H])N2C([H])(C3NC([H])C([H])C([H])C3[H])N(C3C([,3.07,3.0888,False,DUSTAO;DUSTES;DUSTIW
431551502683,3,3,3,2,2,4,Cu,Cl;[H]C(=NC1C([H])C(C([H])([H])[H])C([H])C([H])C1O)C1NC([H])C([H])C([H])C1[H],3.07,8.1688,True,GAFKOP;PEBQET;PEBQET01
706534243588,2,2,2,2,1,6,Re,C#O;C#O;C#O;Cl;[H]C(=NC([H])([H])C1NC([H])C([H])C([H])C1[H])C1C2C([H])C([H])C([H,3.07,4.2994,False,LENGOB;LENGUH
750132086329,2,2,2,2,2,4,Zn,[H]OC1C([H])C([H])C([H])C([H])C1C(=O)O;[H]OC1C([H])C([H])C([H])C([H])C1C(=O)O;[H,3.07,8.5222,False,OBIHOX;OBIHOX01
251496417862,2,2,2,2,2,6,Co,[H]C1=C([H])N(C([H])([H])[H])C(C(=NOB(ON=C(C2=NC([H])=C([H])N2C([H])([H])[H])C([,3.06,3.0642,True,FOFLAQ;POBMUS
878396764240,4,4,4,2,1,5,Cd,Cl;Cl;[H]C1NC(C2NC(C3NC([H])C([H])C([H])C3[H])NC(C3NC([H])C([H])C([H])C3[H])N2)C,3.05,5.6702,True,CICXIW;QIXSEY;QIXSEY01;QIXSEY02
583387788225,30,30,30,15,2,6,Fe,N=C=S;N=C=S;[H]C(=NC1C([H])C([H])C(N=NC2C([H])C([H])C([H])C([H])C2[H])C([H])C1[H,3.05,9.6268,True,DEMBOP;XECNAU01;XECNAU03;XECNAU04;XECNAU16;XECNAU17
789676721932,3,3,3,3,2,4,Ir,C#O;C#O;[H]C1C([H])C([H])C(P(C2C([H])C([H])C([H])C([H])C2[H])C2C([H])C([H])C([H],3.05,3.6363,False,DODXUQ;PPCAIR10;UFUBED
596741099369,4,4,4,2,1,6,Cu,[H]N1C([H])([H])C([H])([H])N([H])C([H])([H])C([H])([H])N([H])C([H])([H])C1([H])[,3.04,3.9107,False,FUPJAB;ILAPAM;JAFWUJ;KIQNON
11764662247,2,2,2,2,1,5,Zn,[H]C([H])([H])C(=O)O;[H]C([H])([H])C(O)O;[H]C1NC(N([H])[H])C(C([H])([H])[H])C([H,3.02,10.6665,False,AHITUI;AHITUI01
32918319733,2,2,2,2,2,6,Fe,[H]C(=NC([H])=C1C(=O)C(I)=C([H])C(I)=C1[H])C1NC([H])C([H])C([H])C1[H];[H]C(=NC([,3.02,4.722,False,YUJGOB;YUJGUH01
809575879408,7,7,7,7,2,6,Cd,[H]N([H])C([H])([H])C([H])([H])N([H])[H];[H]N([H])C([H])([H])C([H])([H])N([H])[H,3.01,5.4832,True,CARBIH;FAJFIF01;FOYDUT;GECWUK;ISIPOQ;KAXTEJ
1550556076,9,9,9,6,2,6,Fe,[H]C(=NC([H])([H])C([H])([H])N([H])C([H])([H])C([H])([H])[H])C1C([H])C([H])C([H],3.0,9.3068,True,FIBRAL;FIBRAL01;FIBRIT;FIBRIT01;FIBRIT02;NUWWUB
686549762,2,2,2,2,1,4,Zn,[H]C1C(C(=O)O)C([H])C([N+](=O)[O-])C([H])C1[N+](=O)[O-];[H]C1C(C(=O)O)C([H])C([N,3.0,3.0518,False,JOHYEN;JOHYEN01
219408492218,2,2,2,2,1,6,Re,C#O;C#O;C#O;[H]OC(=O)C([H])([H])N(C([H])([H])C(=O)O)C([H])([H])C1NC([H])C([H])C(,2.99,7.9627,False,CASYAX;CASYAX01
230065800455,2,2,2,2,2,6,Ni,O=[N+]([O-])O;[H]C1NC(C([H])([H])C([H])([H])SC([H])([H])C([H])([H])SC([H])([H])C,2.98,2.9824,False,HALCOM;OJAZAC
35291564080,2,2,2,2,1,5,Cu,Cl;Cl;[H]OC([H])([H])C(N=C([H])C1NC([H])C([H])C([H])C1[H])(C([H])([H])O[H])C([H],2.98,3.5834,False,ROVJAR;ROVJEV
224829414365,2,2,2,2,2,4,Ni,[H]C1C([H])C([H])C(NNC(NNC2C([H])C([H])C([H])C([H])C2O)C2C([H])C([H])C([H])C([H],2.97,7.9552,True,NIFORN;NIFORN01
825563489127,11,11,11,6,2,6,Fe,[H]C(=C([H])C1C([H])C(n2nc([H])c([H])c2[H])NC(n2nc([H])c([H])c2[H])C1[H])C1C([H],2.97,5.2178,True,REVCUS;REVCUS01;REVCUS02;REVCUS03;REVCUS04;REVCUS05
923184464026,3,3,3,2,1,4,Ni,[H]c1c2nc(c([H])c3[nH]c(c([H])c4nc(c([H])c5[nH]c1c(C([H])([H])C([H])([H])[H])c5C,2.97,2.9714,False,UTUBAN;UTUBER;YEMTUH
562876566264,4,4,4,4,1,6,Fe,[H]C(=NC1C([H])C([H])C(Br)C2C([H])C([H])C([H])NC12)C1C([H])C([H])C([H])C([H])C1O,2.96,3.1166,True,HORGAA;HORGII;HORHEF;HORHEF01
698040815100,7,7,7,5,2,5,Cu,I;[H]C1NC2C3NC([H])C([H])C([H])C3C([H])C([H])C2C([H])C1[H];[H]C1NC2C3NC([H])C([H,2.95,3.7555,True,BASHIM01;BASHIM02;FEKKAI;NAVGAV;QEPYAP;VITTOH
541808293517,10,10,10,6,2,6,Mn,[H]C1NC2C3NC([H])C([H])C([H])C3C([H])C([H])C2C([H])C1[H];[H]C1NC2C3NC([H])C([H]),2.95,9.5864,True,GUWMUH;HENVII;NALCUA01;PASPIK;PIMDEU01;SIQDOM
579454445462,2,2,2,2,1,6,Co,[H]C1=C([H])N([H])N=C1C(=NOB(ON=C(C1=NN([H])C([H])=C1[H])C([H])([H])[H])(ON=C(C1,2.94,8.1582,False,DOMWEK;DOMWEK01
271151532613,3,3,3,2,2,6,Ni,[H]OC([H])([H])C1NC(C([H])([H])O[H])C([H])C([H])C1[H];[H]OC([H])([H])C1NC(C([H]),2.93,5.9165,False,ABOBAV;XUVHUR;YONVIJ
381134442582,2,2,2,2,2,6,Ni,[H]C(=NN=C(S)SC([H])([H])[H])C1NC([H])C([H])C([H])C1[H];[H]C(=NN=C(S)SC([H])([H],2.93,2.9329,True,GOTSIR;GOTSIR01
90818633958,2,2,2,2,1,6,Re,C#O;C#O;C#O;O=S(=O)(O)C(F)(F)F;[H]C1C([H])C(C2NC(C([H])([H])[H])C([H])C([H])C2[H,2.93,3.0564,False,MUJFIJ;MUJFIJ01
369143026568,2,2,2,2,2,6,V,[H]C1C([H])C([H])C(C(O)(C2C([H])C([H])C([H])C([H])C2[H])C([H])([H])C2NC(C([H])([,2.93,3.0346,False,ZIQTEC;ZIQTIG
752865163920,2,2,2,2,1,4,Ni,[H]C([H])([H])N1C([H])([H])C([H])([H])N(C([H])([H])[H])C([H])([H])C([H])([H])N(C,2.92,8.2444,False,PAHMOD;PAHMUJ
146140184528,2,2,2,1,1,4,Ni,[H]ON=C(C([H])([H])[H])C(NC([H])C(N#O)C([H])NC(C(=NO)C([H])([H])[H])(C([H])([H]),2.91,2.9101,False,FAVCEK;FAVCEK01
277550378521,3,3,3,3,1,6,Zn,[H]C1NC(C2NC([H])C([H])C(OC([H])([H])[H])C2[H])C([H])C(OC([H])([H])[H])C1[H];[H],2.91,8.2596,True,KEXSEN;LULBAZ;LULBAZ01
721434898252,2,2,2,2,1,6,Mo,O;O;[H]c1c([H])c([H])n(O)c(=O)c1[H];[H]c1c([H])c([H])n(O)c(=O)c1[H],2.91,3.2557,True,TICXEL;TICXEL01
940980806584,7,7,7,5,2,6,Fe,[H]C(=NC([H])([H])C([H])([H])N([H])C([H])([H])C([H])([H])[H])C1C([H])C([H])C([H],2.9,3.027,True,ACOROA;ACOROA01;EJODUF;EJODUF01;HAJLAH;HAJLAH01
213093160941,3,3,3,3,1,6,Ru,[H]C1NC(C2NC([H])C([H])C([H])C2[H])C([H])C([H])C1[H];[H]C1NC(C2NC([H])C([H])C([H,2.9,4.6775,False,CIHFUX;RESFAW;UGAHEQ
886803000117,7,7,7,6,2,6,Cu,[H]C1NC(C2NC([H])C(C([H])([H])[H])C([H])C2[H])C([H])C([H])C1C([H])([H])[H];[H]C1,2.9,4.6794,True,ECALAW;IBURED;IYUKIZ;IYUKOF;IYUKUL;IYULAS
816537537161,19,19,19,9,2,6,Cu,[H]C1NC(C2NC([H])C([H])C([H])C2[H])C([H])C([H])C1[H];[H]C1NC(C2NC([H])C([H])C([H,2.9,9.9036,True,FALGAD;IYUGIV;IYUGOB;IYUGUH;IYUHAO;IYUHES
750987068059,3,3,3,3,2,6,Fe,[H]C(=NN([H])C1NC([H])C([H])C([H])N1)C1C([H])C([H])C([H])C(C([H])([H])[H])C1O;[H,2.9,3.4132,True,KEKLOE;KEKMUL;KEKMUL01
229478569685,2,2,2,2,1,6,Fe,[H]c1c(C2NC([H])C([H])NC2[H])nn(C([H])([H])C2NC([H])C([H])C([H])C2[H])c1[H];[H]c,2.9,3.5115,True,RIPZAS01;RIPZEW
780320495607,433,433,331,14,2,4,Cu,Cl;Cl;Cl;Cl,2.89,8.6805,True,ABEYAK;ABEYIS;ABEYIS01;AEBZTZ;AFOLOW;AGAWIO
283310585613,4,4,3,3,1,6,Ta,Cl;Cl;[H]C([H])([H])P(C([H])([H])[H])C([H])([H])[H];[H]C([H])([H])P(C([H])([H])[,2.89,5.9229,True,BUXFAB;BUXFEF;BUXFEF01;BUXFEF10
215487488647,7,7,7,5,2,6,Fe,N=C=S;N=C=S;[H]C1NC(C([H])([H])N(C([H])([H])C2NC([H])C([H])C([H])C2[H])C([H])([H,2.89,3.1409,True,WAHKEX;WAHKEX01;WAHKEX02;WAHKEX03;WAHKEX04;WAHKEX05
235985077264,6,6,6,2,1,4,Cu,[H]C1NC([H])C([H])C([H])C1[H];[H]C1NC([H])C([H])C([H])C1[H];[H]C1NC([H])C([H])C(,2.88,6.4488,False,ABAFER;BADTAB10;GIGXOK;GIGXOK01;ISAFIS;YAGMAX
775102778607,2,2,2,2,2,6,Os,[H]C1NC(C([H])([H])N(C([H])([H])C2NC([H])C([H])C([H])C2[H])C([H])([H])C([H])([H],2.87,4.9312,True,CEXFOD;CEXGAQ
895774452902,8,8,7,5,2,4,Cu,N=C=S;N=C=S;N=C=S;N=C=S,2.87,8.5805,True,GAZKUN;HAGSEQ;HAGSEQ01;LOYZII;PIXYUR;RUKKOY
648034712990,2,2,2,2,2,6,Cr,C#O;C#O;C#O;C#O;[H]C1C([H])C([H])C(P(C2C([H])C([H])C([H])C([H])C2[H])N(C2C([H])C,2.87,3.8996,True,KUNWAU;KUNWAU01
279585421468,10,10,10,8,2,6,Co,Cl;Cl;[H]C1NC2C3NC([H])C([H])C([H])C3C([H])C([H])C2C([H])C1[H];[H]C1NC2C3NC([H]),2.86,9.6236,True,CILZEF;MEQFOE01;MEQFOE02;RODYIT01;VOBSUC;YEYJIY
871273436324,85,85,85,12,2,4,Fe,C#O;C#O;C#O;C#O,2.85,8.0767,True,AMEYOJ;ASOJUQ;BIPJAN;BODXEX;BUNXAL;CAFXIS
810359483503,2,2,2,2,2,6,Zn,[H]C1NC(C(=O)NC2C([H])C([H])C([H])C3C([H])C([H])C([H])NC23)C([H])C([H])C1[H];[H],2.85,9.9183,True,CIBLIL;IGOSOP
913850196125,3,3,3,3,2,6,Zn,[H]C1NC(C2NC([H])C([H])C([H])C2[H])C([H])C([H])C1[H];[H]O[H];[H]O[H];[H]O[H];[H],2.85,4.0447,True,DEJHIM;ISUCEE;XILMEL
663118446669,5,5,5,5,2,6,Mn,[H]C(=NC([H])([H])C([H])([H])C([H])([H])N([H])C([H])([H])C([H])([H])N([H])C([H]),2.85,5.5367,True,MEDCAD;MEDCAD01;XONDOW;YEDVAG;YEDVEK
620957782437,2,2,2,2,2,6,W,Br;C6D12H4P2;C6D12H4P2;[H]C,2.84,3.107,False,MUHNIM;MUHNIM01
79295087330,2,2,2,2,1,6,Fe,[H]c1nn(C2NC(n3nc([H])c(F)c3[H])C([H])C([H])C2[H])c([H])c1F;[H]c1nn(C2NC(n3nc([H,2.83,5.2063,False,FETJIB01;FETJIB02
852183059274,9,9,9,6,2,6,Mn,[H]C(=NC([H])([H])C([H])([H])C([H])([H])N([H])C([H])([H])C([H])([H])N([H])C([H]),2.83,5.2901,True,MEDDAE;MEDDAE01;RESVOE;RESVOE01;RESWEV;RESWEV01
258158883566,2,2,2,2,1,6,Os,[H]C([H])([H])O[PH](S)(S)OC([H])([H])[H];[H]C([H])([H])O[PH](S)(S)OC([H])([H])[H,2.83,6.7608,False,QOKWOC;QOKWOC01
410885919992,4,4,4,4,2,6,Fe,[H]C(=NC([H])([H])C1NC([H])C([H])C([H])C1[H])C(C(=O)C([H])([H])[H])=C(O)C([H])([,2.83,3.2709,True,ROHROY;ROHROY01;ROHSAL;ROHSAL01
327279519560,2,2,2,2,2,5,Cu,Cl;[H]C1C([H])C(N([H])[H])C([H])C([H])C1C(O)O;[H]C1NC(N([H])C2NC([H])C([H])C([H],2.83,3.3274,False,WIHTIR;WIHTIR01
877006178585,46,46,44,8,2,6,Co,[H]N([H])C([H])([H])C([H])([H])N([H])[H];[H]N([H])C([H])([H])C([H])([H])N([H])[H,2.82,9.7583,True,CIJVAW;COENCH;COENTC;EDANEC;ENCOCT;EQOKAZ
89984512128,2,2,2,2,1,6,Ru,[H]C(=NC1C([H])C([H])C(C([H])([H])[H])C([H])C1[H])C1NC([H])C([H])C([H])C1[H];[H],2.82,2.8557,False,COHWIH;COHWON
968091305826,2,2,2,2,2,6,Fe,[H]C1C(C(=O)O)NC(C(=O)O)C([H])C1[H];[H]O[H];[H]O[H];[H]O[H],2.82,3.3032,True,DAQVEZ;ZILYIC
182616048497,2,2,2,2,2,6,Zn,[H]N([H])C([H])([H])C([H])(N([H])[H])C([H])([H])[H];[H]N([H])C([H])([H])C([H])(N,2.82,2.837,False,LUKWEU;PIDRUQ
523637915012,2,2,2,2,1,4,Ni,[H]N1C([H])([H])C([H])([H])NC(=O)C([H])([H])C(=O)NC([H])([H])C([H])([H])N([H])C(,2.82,7.686,False,QAGWAW;QAGWAW01
31420017639,2,2,2,2,2,6,Os,C#O;C#O;Cl;Cl;[H]C1NC(C2NC([H])C([H])C([H])C2[H])C([H])C([H])C1[H],2.81,2.8111,True,NIKNUR;NIKNUR01
613633244271,3,3,3,2,2,6,Ir,Cl;[H]C([H])([H])C#N;[H]C1CC(C2NC([H])C([H])C([H])C2[H])C([H])C([H])C1[H];[H]C1C,2.81,3.1759,True,OBOFAO;VIVCAI;ZUWJAF
698328483405,15,15,15,9,2,6,Fe,[H]C(=NC([H])([H])C([H])([H])N([H])C([H])([H])C([H])([H])N([H])C([H])([H])C([H]),2.8,8.9113,True,CIWGEX;CIWGEX01;CIWGEX02;CIWGEX03;CIWHAU01;CIWHAU02
252166519684,4,4,4,2,2,6,Fe,[H]C(=NC([H])([H])C([H])([H])N([H])C([H])([H])C([H])([H])[H])C1C([H])C(OC([H])([,2.8,3.393,True,EJOGIW;EJOGIW01;JUKQIS;JUKQIS01
868073478267,2,2,2,1,1,6,W,O;O;[H]C1C([H])C([H])C2C([H])C(O)C(O)C([H])C2C1[H];[H]C1C([H])C([H])C2C([H])C(O),2.8,3.3782,False,ETANIX;POCMAW
413378214604,2,2,2,2,2,6,Fe,[H]C(=NN=C(O)C1C([H])C([H])C(OC([H])([H])C([H])([H])C([H])([H])C([H])([H])C([H]),2.8,8.8354,False,HAZPAD02;HAZPAD04
263196750022,3,3,3,3,2,6,Ru,Cl;[H]C1NC(C2NC([H])C([H])C([H])C2[H])C([H])C([H])C1[H];[H]C1NC(C2NC([H])C([H])C,2.79,2.982,True,QANGOB;QANGUH;QANHAO
894375778549,4,4,4,2,1,6,Mn,[H]OC1C([H])C([H])C(C([H])=NC([H])([H])C([H])([H])C([H])([H])N([H])C([H])([H])C(,2.79,6.8912,False,TADQIC;TADQIC01;TAFDEN;TAFDEN01
225180199520,2,2,2,2,1,6,Cd,[H]OC(=O)C1C([H])NC(C(=O)O)C([H])C1[H];[H]OC(=O)C1C([H])NC(C(=O)O)C([H])C1[H];[H,2.78,4.6761,False,FINQUP;FIQJIZ
176651385760,2,2,2,2,2,6,Mo,Cl;Cl;[H]C([H])([H])C(N)(C([H])([H])[H])C([H])([H])[H];[H]C([H])([H])C(N)(C([H]),2.78,2.8419,True,SOTPID;SOTPID02
517162035177,6,6,6,3,2,6,Ru,[H]C1NC(C2NC(C3NC([H])C([H])C([H])C3[H])C([H])C([H])C2[H])C([H])C([H])C1[H];[H]C,2.77,4.1232,True,ABAZIQ;BENHUZ;JIPNUV;LOCREA;QAJLOF;WULXAE
727434036546,2,2,2,2,2,6,Ni,[H]OC1(O[H])C2(C(=O)OC([H])([H])[H])C([H])([H])N(C([H])([H])[H])C([H])([H])C1(C(,2.77,2.7779,True,GENNAQ;GENNAQ01
31323948839,2,2,2,2,1,6,Cu,[H]c1c(C2C(C([H])([H])[H])C([H])C(C([H])([H])[H])C([H])C2C([H])([H])[H])nn(C2NC(,2.77,4.4557,True,PEFQEW;PEFQEW01
91924023845,2,2,2,2,2,6,Ir,Cl;Cl;Cl;Cl;[H]C([H])([H])C#N;[H]C1C([H])C([H])C(C([H])([H])SNO)C([H])C1[H],2.77,2.7741,True,RECLAN;ROCJUP
60220232788,2,2,2,2,1,6,Re,O;[H]C([H])[H];[H]C1C([H])C([H])C(C([H])([H])S)C(S)C1[H];[H]C1NC(C2NC([H])C([H]),2.77,2.8017,False,XOLKIS;XOLKOY
601227480854,2,2,2,2,1,6,Mn,[H]N1C([H])([H])C([H])([H])N([H])C([H])([H])C([H])([H])N([H])C([H])([H])C1([H])[,2.76,2.8449,False,CEXNUP;DIZZES
142470329697,6,6,4,2,2,4,Ni,Cl;Cl;[H]C1C([H])C([H])C(P(C2C([H])C([H])C([H])C([H])C2[H])C2C([H])C([H])C([H])C,2.76,3.3006,False,CLTPNI01;CLTPNI03;CLTPNI04;CLTPNI05;PEKNIC;PEKNIC01
644425508299,2,2,2,2,1,6,Cd,[H]C1NC(C2NC([H])C([H])C([H])C2[H])C([H])C([H])C1[H];[H]OC([H])([H])C([H])([H])N,2.76,3.2259,False,ROKRUF;ROKRUF01
131894013327,3,3,3,3,2,6,Ru,N=O;[H]C([H])([H])N1C([H])([H])C([H])([H])N(C([H])([H])[H])C([H])([H])C([H])([H],2.75,2.7541,True,ATAKAJ;GIGPAQ;NIWSUJ
195100998738,11,11,11,6,2,6,Mn,[H]C(=NC([H])([H])C([H])([H])C([H])([H])N([H])C([H])([H])C([H])([H])N([H])C([H]),2.75,9.632,True,BUFWEI;BUFWEI01;DAVDOX;DAVDOX01;DAVDUD;FALXAV
143570819260,4,4,4,3,2,6,Fe,[H]C(=NC([H])([H])C([H])([H])N(C([H])([H])C([H])([H])N=C([H])c1nc([H])c([H])n1C(,2.75,3.3508,True,GIGGUA01;GIGGUA03;GIGGUA09;QITZEB
179596065618,2,2,2,2,1,5,Cu,Cl;[H]C1=C(C(=O)O)C(=O)C2C([H])C([H])C(C([H])([H])[H])NC2N1C([H])([H])C([H])([H],2.75,6.1402,True,QOVCOW;QOVGOA
415646240274,2,2,2,2,2,6,Rh,Cl;Cl;Cl;[H]C([H])([H])S(=O)C([H])([H])[H];[H]c1nn(C2NC([H])C([H])C([H])N2)c([H],2.75,2.7605,True,WIXREC;WIXXAE
564563518757,2,2,2,2,2,6,Os,[H]C1NC(C2NC([H])C([H])C([H])C2[H])C([H])C([H])C1[H];[H]C1NC(C2NC([H])C([H])C([H,2.75,2.7916,False,YONHUE;YONHUE01
142796995474,3,3,3,3,1,6,Fe,N=C=[Se];[H]C(=NC([H])([H])C([H])([H])N([H])C([H])([H])C([H])([H])C([H])([H])N=C,2.74,3.6556,True,DADFOF01;QOTGUD;QOTGUD01
104466880993,2,2,2,2,2,6,Cu,Cl;[H]N([H])C([H])([H])C([H])([H])N([H])[H];[H]N([H])C([H])([H])C([H])([H])N([H],2.74,2.8115,True,ETDACU01;ETDACU02
726774688413,2,2,2,2,1,6,Co,[H]C1C([H])C2C(=O)C3C(C(=O)C2C(S(=O)(=O)O)C1[H])C([H])C([H])C([H])C3S(=O)(=O)O;[,2.74,2.9526,False,IQAKUH;IQAKUH01
965304216182,3,3,3,3,2,6,Ni,[H]C(=NN([H])C(=S)N([H])[H])C1NC([H])C([H])C([H])C1[H];[H]C(=NN([H])C(=S)N([H])[,2.74,8.0545,True,JAHVAS;ROGVIV;ROGVUH
487449906444,2,2,2,2,2,6,Ir,[H]C1CC(C2NC(C([H])([H])[H])C([H])C(C([H])([H])[H])N2)C(F)C([H])C1F;[H]C1CC(C2NC,2.74,4.3511,True,OMOLUZ;OMOMAG
982572589337,2,2,2,2,1,4,Cu,[H]N([H])C1(C(=O)O)C([H])([H])OC([H])([H])C([H])([H])OC([H])([H])C([H])([H])OC([,2.74,8.7406,True,VATHAA;VATHII
467901192048,2,2,2,2,2,6,Y,[H]C([H])C1C([H])C([H])C([H])C([H])C1N(C([H])([H])[H])C([H])([H])[H];[H]C1C(C([H,2.73,3.7085,False,KUKREO;KUKREO01
882860463964,6,6,6,5,2,6,Fe,N=C=S;N=C=S;[H]C1NC(C([H])([H])N(C([H])([H])C2NC([H])C([H])C([H])C2[H])C([H])([H,2.73,3.9338,True,NEFSIA;NEFSIA01;NEFSIA02;NEFSIA03;NEFSIA04;NEFSIA05
252547119065,10,10,10,7,2,6,Fe,[H]B([H])([H])C#N;[H]B([H])([H])C#N;[H]C1NC(C([H])([H])N(C([H])([H])C2C([H])C([H,2.73,5.6444,True,ROFGEC;ROFGEC01;ROFGEC02;ROFGEC03;ROFGUS;ROFGUS01
803395386499,2,2,2,2,1,5,Ti,Cl;[H]C(C(=NC1C(C([H])(C([H])([H])[H])C([H])([H])[H])C([H])C([H])C([H])C1C([H])(,2.73,3.1745,True,TAVPEO;TAVPOY
940670280941,2,2,2,2,1,6,Ru,C#O;Cl;[H]C1C([H])C([H])C(P(C2C([H])C([H])C([H])C([H])C2[H])C2C([H])C([H])C([H]),2.73,2.7331,True,YEKCOH;ZORGUK
566528056876,2,2,2,2,1,6,Ru,[H]C([H])([H])C#N;[H]C([H])([H])C#N;[H]C1C([H])C([H])C(C(=O)C([H])([H])P(C2C([H],2.73,3.6883,True,YOPGIT;YOPGIT01
16489172204,2,2,2,2,2,5,Cu,Cl;Cl;[H]C(=NC([H])([H])C([H])([H])N(C([H])([H])[H])C([H])([H])[H])C1NC([H])C([H,2.72,2.7212,True,ACOLAI;TAWMEK
807465184126,2,2,2,2,2,6,Re,C#O;C#O;C#O;Cl;[H]C1NC(C2NC([H])C([H])C(C#N)C2[H])C([H])C(C#N)C1[H],2.72,4.3933,False,AWOVAL;IPIROQ
550794681601,4,4,4,4,2,6,Fe,N=C=S;N=C=S;[H]C1([H])N=C(C2=NC([H])([H])C([H])([H])S2)SC1([H])[H];[H]C1([H])N=C,2.72,8.0653,False,GAKKOS;GAKKOS01;GAKKOS03;GAKKOS04
895912711283,2,2,2,2,1,6,Ni,[H]N(C([H])([H])C(=O)O)C([H])([H])C([H])([H])N([H])C([H])([H])C(=O)O;[H]O[H];[H],2.72,4.4485,False,MEHNOC;MEHNOC01
327205034500,2,2,2,2,2,6,Ni,[H]OC(=O)C1NC(C(=O)O)C([H])C([H])C1[H];[H]OC(=O)C1NC(C(=O)O)C([H])C([H])C1[H],2.72,3.1356,True,PYDCNI08;PYDCNI10
156888531500,2,2,2,2,2,6,Zn,[H]C([H])([H])C([H])([H])N(C(S)S)C([H])([H])C([H])([H])[H];[H]C([H])([H])C([H])(,2.72,5.9039,False,ZIZPAZ;ZIZPAZ01
651435326013,3,3,3,3,2,6,Co,N=C=[Se];N=C=[Se];[H]C1C([H])C2NC(C1[H])C([H])([H])N(C(C([H])([H])[H])(C([H])([H,2.71,5.2444,False,HEBDAX;HEBDAX01;HEBDAX02
545564688784,2,2,2,2,1,6,Os,Br;Br;[H]C1=C2OC3C([H])C([H])C([H])C([H])C3N=C2C2C(CC([H])C([H])C2[H])C1=NC1C([H,2.71,2.8256,True,VIPNIU;VIPNIU01
954555536845,2,2,2,2,1,6,Os,[H]C1NC(N=NC2C([H])C([H])C([H])C([H])C2NC2C([H])C([H])C([H])C([H])C2[H])C([H])C(,2.7,2.8398,True,VIXVAA;VIXVEE
814596142691,2,2,2,1,1,6,Ti,Cl;Cl;[H]C(C(=NC1([H])C2C([H])C([H])C([H])C([H])C2C([H])([H])C1([H])O)C([H])([H],2.69,3.8184,False,JUXWUX;NEQYOA
114769196557,3,3,3,3,2,6,Fe,[H]C1NC([H])C([H])C(C(C(O)C([H])([H])[H])C(O)C([H])([H])[H])C1[H];[H]C1NC([H])C(,2.69,7.7157,True,LAJGOT;LAJGOT01;XIPSAS
853140807018,2,2,2,2,2,6,Re,C#O;C#O;C#O;Cl;[H]C#CC1C([H])NC(C2NC([H])C([H])C([H])C2[H])C([H])C1[H],2.69,2.714,True,YOJVID;ZOSMUR
642585958558,4,4,4,4,2,6,Cr,N=C=S;N=C=S;[H]N1C([H])([H])C([H])([H])N([H])C([H])([H])C([H])([H])C([H])([H])N(,2.68,8.6867,True,ADUXOO;ILAJEN;RAVGOK;RAVGOK01
241717030373,11,11,11,4,2,4,Co,[H]B123B45([H])C67([H])C89([H])B1%10([H])B21%11([H])B342([H])B563([H])B784([H])B,2.68,20.9025,False,BEVBUZ;CABZIQ;CSCBCO01;HENREY;HENRIC;LINDIW
899842760077,2,2,2,2,1,6,Fe,[H]C1NC(C2NC(C3NC([H])C([H])C([H])C3[H])C([H])C(C3C([H])C([H])C([H])C([H])C3[H]),2.68,2.6832,False,HUKTIT;VOBKON
188041875939,2,2,2,2,1,6,Ru,Cl;Cl;[H]C1C([H])C(C([H])([H])[H])C([H])C([H])C1S(=O)C([H])([H])C([H])([H])N(C([,2.68,3.0567,False,MICSAU;NOTWEB
288141494425,2,2,2,1,1,6,Mn,[H]C1C([H])C([H])C(P(C2C([H])C([H])C([H])C([H])C2S)C2C([H])C([H])C([H])C([H])C2S,2.68,4.1587,False,TUWNIM;XIWGOZ
799378470277,5,5,5,2,1,6,Re,C#O;C#O;C#O;Cl;[H]C1NC2C3NC([H])C([H])C([H])C3C([H])C([H])C2C([H])C1[H],2.68,3.4,False,UGUSAQ;UGUSAQ01;UGUSAQ02;UGUSAQ04;UGUSAQ05
596993462067,2,2,2,2,1,6,Ru,[H]C1NC(C2NC([H])C([H])C([H])C2[H])C([H])C([H])C1[H];[H]C1NC(C2NC([H])C([H])C([H,2.68,2.8086,True,WIFQIL;WIFQIL01
425612532206,2,2,2,2,1,6,Mo,O;O;[H]C(=NN=C(S)N([H])C1C([H])C([H])C([H])C([H])C1[H])C1C([H])C([H])C([H])C([H],2.67,3.5569,True,CANVIX;LALTOI
348784371579,5,5,5,2,2,6,Zn,[H]C1C(C(=O)O)NC(C(=O)O)C([H])C1[H];[H]OC(=O)C1NC(C(=O)O)C([H])C([H])C1[H],2.67,2.9793,True,GIVQUY;LADSOB;MIPLOM;NOQRER;PASLUU
343229115400,3,3,3,2,1,6,Ni,[H]C1C(C2=NC3C([H])C([H])C([H])C([H])C3N2[H])NC(C2=NC3C([H])C([H])C([H])C([H])C3,2.67,2.9919,False,KUPFUZ;OYAKEF;POLXUN
82377986902,2,2,2,2,1,6,Ru,Cl;Cl;[H]C([H])([H])S(=O)C([H])([H])[H];[H]C1C([H])C([H])C(P(C2C([H])C([H])C([H],2.66,2.7246,True,EXOYEW;XOVMIG
867275118798,4,4,4,3,1,6,W,C#O;C#O;C#O;C#O;C#O;Cl,2.65,2.9741,False,BAXQEZ;ELAKAE;LAWMOM;SOPJAI
51833157507,4,4,4,4,1,6,Fe,[H]C1NC(C([H])([H])N2C([H])([H])C([H])([H])N([H])C([H])([H])C([H])([H])C([H])([H,2.65,7.9234,True,ETUHIM;ETUHIM01;ETUHIM02;ETUHIM03
233783675062,2,2,2,2,1,6,Zn,[H]C1NC(C2NC([H])C([H])C(C([H])([H])[H])C2[H])C([H])C(C([H])([H])[H])C1[H];[H]C1,2.65,3.4188,True,MUJMIQ;TACLAP
704075411689,2,2,2,2,2,6,Mn,Cl;Cl;[H]C(=NC1C([H])C([H])C([H])C([H])C1[H])C1NC([H])C([H])C([H])C1[H];[H]C(=NC,2.65,2.7923,True,SEZDIM;SUGDOR
194642486569,2,2,2,2,1,6,Fe,[H]c1nn(C2NC(c3nc(C4C([H])C([H])C([H])C(OC([H])([H])[H])C4[H])n[nH]3)C([H])C([H],2.64,4.8345,True,BEJQOA;BEJQUG01
665681640360,3,3,3,3,2,6,Ni,[H]C1C(C(=O)O)NC(C(=O)O)C([H])C1[H];[H]C1NC2C3NC([H])C([H])C([H])C3C([H])C([H])C,2.64,4.851,True,BUJWEJ;POMJIL;WANPIO
864420355845,5,5,5,3,1,6,Cd,[H]OC(=O)c1c(C(=O)O)nc([H])n1[H];[H]OC(=O)c1c(C(=O)O)nc([H])n1[H];[H]O[H];[H]O[H,2.64,3.1239,False,FIBJAC;HOTFIH;IQUBUR;IQUBUR02;YEMFUS
52788344642,6,6,6,4,2,6,Fe,[H]C(=NN([H])C(=S)N([H])C([H])([H])[H])C1C([H])C(Cl)C([H])C([H])C1O;[H]C(=NN=C(S,2.64,4.3619,True,GIHJUE;GIHJUE01;GIHJUE02;GIHJUE03;GIHJUE04;GIHJUE05
628704649431,2,2,2,2,2,5,Mn,Cl;Cl;[H]C1NC(C2NC(C3NC([H])C([H])C([H])C3[H])NC(C3NC([H])C([H])C([H])C3[H])N2)C,2.64,6.0557,False,RUSNID;RUSNID01
58699903506,2,2,2,2,2,6,Mo,O;O;[H]C1C([H])C([H])C2C([H])C(O)C(O)C([H])C2C1[H];[H]C1C([H])C([H])C2C([H])C(O),2.63,3.1646,False,ETANET;TATDID
945126744466,2,2,2,1,1,6,Cu,[H]C1C([H])C([H])C2C(N=C(C([H])([H])N(C([H])([H])C3=NC4C([H])C([H])C([H])C([H])C,2.63,4.8879,False,HEZPEI;OBEHUZ
744201033275,2,2,2,2,2,6,Pt,[H]C([H])([H])C(=O)O;[H]C([H])[H];[H]C([H])[H];[H]C([H])[H];[H]C1C([H])C([H])C(P,2.63,3.0376,True,HIKHUE;HIKHUE01
97172545897,2,2,2,2,2,6,Ir,[H]C(C(O)C([H])([H])[H])C(O)C([H])([H])[H];[H]C1CC(C2NC3C([H])C([H])C([H])C([H]),2.63,2.9472,True,OJURIW;OJURIW01
167121589409,2,2,2,2,1,5,Cu,[H]C(=NC([H])(C(=O)O)C([H])([H])C1=C([H])N([H])C2C([H])C([H])C([H])C([H])C12)C1C,2.63,2.9517,False,RAZJOR;RAZJUX
594378683165,2,2,2,2,1,6,Os,Br;Br;C#O;[H]C([H])([H])C#N;[H]C1C([H])C([H])C(P(C2C([H])C([H])C([H])C([H])C2[H],2.63,7.459,False,SIZYIJ;SIZYOP
34830331415,3,3,3,3,2,6,Cd,[H]C1NC(C2NC([H])C([H])C([H])C2[H])C([H])C([H])C1[H];[H]C1NC(C2NC([H])C([H])C([H,2.62,5.4861,False,DEZPII;POMJUX;XEFNOM
700923891182,2,2,2,1,1,6,Fe,Cl;Cl;[H]C1NC(C2NC(C3NC(C4C([H])C(C(C([H])([H])[H])(C([H])([H])[H])C([H])([H])[H,2.62,3.7336,False,WEHWIT;WEHWOZ
918576466497,2,2,2,2,2,6,Re,Br;C#O;C#O;C#O;[H]c1nn(C2NC([H])C(Br)NC2[H])c([H])c1[H],2.62,2.7225,True,XOBVAO;XOBVAO01
444430546001,2,2,2,2,2,6,Mn,OO;[H]C1C(C([H])(C([H])([H])[H])C([H])([H])[H])NN(B([H])(N2NC(C([H])(C([H])([H]),2.62,2.6209,True,YIWKUK;YIWKUK01
548164679636,2,2,2,2,2,4,Zn,[H]C1C([H])C([H])C(C(O)C([H])C(O)C2C([H])C([H])C([H])C([H])C2[H])C([H])C1[H];[H],2.61,3.4656,False,ADERUW01;VIBRIH
256725661958,2,2,2,2,1,6,Re,C#O;C#O;C#O;[H]C1NC(C2NC([H])C([H])C([H])C2[H])C([H])C([H])C1[H];[H]C1NC([H])C([,2.61,5.0216,True,JANSEW;JANSEW01
456525019093,5,5,5,3,2,4,Fe,[H]B123B45([H])C67([H])C89([H])B1%10([H])B21%11([H])B342([H])B563([H])B784([H])B,2.61,20.9048,False,KIWJOP;LINFAQ;SADLUI;VOGQEQ;YEDVUY
271129436985,5,5,5,3,1,6,Ni,[H]C(=NC([H])([H])C([H])([H])N1C([H])([H])C([H])([H])N([H])([H])C([H])([H])C1([H,2.6,5.2144,True,GIDQOB;IQATAV;PIVRUJ;PIVSAQ;PIVSEU
488055897370,3,3,3,2,1,6,Re,Cl;O;[H]C1C([H])C([H])C(C([H])([H])N(C([H])([H])C2C([H])C([H])C([H])C([H])C2O)C(,2.6,3.191,True,ISIPEF;ISIPEF01;JAHVEU
933085430543,2,2,2,1,1,4,Ag,[H]C1C([H])C([H])C(N([H])C2C([H])C([H])C([H])C(C([H])([H])[H])C2C([H])([H])[H])C,2.59,3.7055,False,JIKGUJ;JIKGUJ01
538523367108,3,3,3,3,2,6,Zn,[H]C1C([H])C([H])C2C(C(=O)NS2(=O)=O)C1[H];[H]C1NC(C2NC([H])C([H])C([H])C2[H])C([,2.59,2.7452,False,OBIRUM;OBIRUM01;OBIRUM02
763689332978,3,3,3,3,1,6,Mo,O;O;[H]OC([H])([H])[H];[H]OC1C([H])C([H])C([H])C([H])C1C(O)=NN=C([H])C1C([H])C([,2.59,3.242,True,VIHPAF;VIHPAF01;VIHPAF02
411583796129,2,2,2,2,1,6,Mn,O=S(=O)(O)C(F)(F)F;O=S(=O)(O)C(F)(F)F;[H]c1c([H])c([H])n2c([H])c(C([H])([H])N3C(,2.58,3.4299,True,NIZSUO;ZOJXAB
182142504680,2,2,2,2,1,6,Mo,[H]C1C([H])C([H])C(P(C([H])([H])[H])C([H])([H])[H])C([H])C1[H];[H]C1C([H])C([H]),2.57,3.4026,False,HZQUNC;QHZPMO10
786280120305,2,2,2,2,1,6,Ru,[H]C1C([H])C([H])C(P(C2C([H])C([H])C([H])C([H])C2O)C23C([H])([H])C4([H])C([H])([,2.57,2.575,False,IKOROQ;IKORUW
692560679242,2,2,2,2,1,4,Co,[H]B1234B567([H])B189([H])B21%10([H])B32%11([H])B453([H])B645([H])B786([H])B917(,2.56,6.1665,False,BACYOV;EZODAA
225111919651,4,4,4,2,2,4,Pd,[H]C1C([H])C([H])C(P(C2C([H])C([H])C([H])C([H])C2[H])C([H])([H])C([H])([H])C([H],2.56,3.5781,False,IPUYOK;YADZIM;YADZIM01;YADZIM02
920895814308,4,4,4,4,2,6,Ni,[H]c1nc(C([H])([H])C([H])(C(=O)O)N([H])[H])c([H])n1[H];[H]c1nc(C([H])([H])C([H]),2.56,3.3654,True,LHISNI;LHISNI02;LHISNI04;RAGZAD
660085446370,3,3,3,2,2,6,Fe,N=C=S;N=C=S;[H]C1NC2C3NC([H])C([H])C([H])C3c3nsnc3C2C([H])C1[H];[H]C1NC2C3NC([H],2.56,2.962,True,QUNYAA;QUNYEE;QUNYEE01
721985201652,2,2,2,2,2,6,W,Cl;Cl;[H]C1NC2C3NC([H])C([H])C([H])C3C([H])C([H])C2C([H])C1[H];[H]C1NC2C3NC([H]),2.55,5.1723,False,LEXRUC;LEXRUC01
795851538902,3,3,3,2,1,4,Fe,[H]C([H])([H])[SH](C([H])([H])[H])B123B45([H])B67([H])C89([H])C1%10([H])B21%11([,2.55,6.1988,True,WICHAR;WICHEV;ZEJCAS
240953073273,2,2,2,2,1,6,Hf,[H]C([H])([H])C([H])(O)C([H])([H])[H];[H]C([H])([H])C([H])(O)C([H])([H])[H];[H]C,2.55,4.0761,False,YUFNEU;YUFNIY
58810001700,2,2,2,2,1,6,Co,[H]C([H])([H])C([H])(C(=O)O)C([H])([H])[H];[H]C([H])([H])C([H])(C(=O)O)C([H])([H,2.55,4.8538,False,ZEMYEY;ZEMYEY01
746366064783,12,12,12,7,2,6,Co,[H]C1NC(C2NC([H])C([H])C([H])C2[H])C([H])C([H])C1[H];[H]C1NC(C2NC([H])C([H])C([H,2.54,7.0877,True,DACGIA;HUWBAG;IFOMIC;KARXEI;KOKDUM;MEFCEG
697478464403,2,2,2,2,1,5,Cu,[H]C1NC(NS(=O)(=O)C2C([H])C([H])C(N([H])[H])C([H])C2[H])NC([H])C1[H];[H]C1NC(NS(,2.54,2.9652,False,FUTVEV01;FUTVEV02
864007215889,5,5,5,5,2,6,Fe,[H]c1nn(C2NC(n3nc([H])c([H])c3[H])C([H])C(SSC([H])(C([H])([H])[H])C([H])([H])[H],2.54,10.0851,True,HAQFEO02;HAQHIU;HAQHIU01;HAQRAW;HAQROK
938426631773,2,2,2,2,2,6,Ru,Cl;[H]C([H])([H])S(=O)C([H])([H])[H];[H]C([H])([H])S(=O)C([H])([H])[H];[H]N1C([H,2.54,3.6779,True,KAWQUW;KAWRAD
726272665454,3,3,3,3,2,6,Ru,[H]C1NC(C(=O)O)C([H])C([H])C1[H];[H]C1NC(C2NC([H])C([H])C([H])C2[H])C([H])C([H]),2.54,3.4918,True,NAWTIR;REBNOB01;REBNOB02
330533157317,2,2,2,2,2,5,Fe,N#CC(S)=C(S)C#N;N#CC(S)=C(S)C#N;N=O,2.54,4.4304,True,NEDTFE01;NEDTFE02
337110073996,4,4,4,3,1,6,Fe,[H]C(=NC1C([H])C([H])C([H])C2C([H])C([H])C([H])NC12)C1C([H])C(Cl)C([H])C(Cl)C1O;,2.53,7.7635,False,IREXOV;LOPWIA;LOPWIA01;LOPWUM
58419701520,2,2,2,2,2,6,Cu,[H]C1NC(C2NC(C([H])([H])N([H])C([H])([H])C([H])([H])N([H])C([H])([H])C3NC(C4NC([,2.53,5.702,False,LAGDUV;LAGFEH
350866656702,2,2,2,2,1,6,Fe,[H]C1NC(C([H])([H])NC(C([H])C(O)C([H])([H])[H])C([H])([H])[H])C([H])C([H])C1[H];,2.52,8.5689,True,EBEHIG;EBEJOO01
78369483794,3,3,3,2,2,4,Cu,O=N(O)O;[H]C1C([H])C([H])C(P(C2C([H])C([H])C([H])C([H])C2[H])C2C([H])C([H])C([H],2.52,2.5616,True,NITPPC21;NITPPC22;NITPPC23
869481645287,2,2,2,2,2,5,Cu,Cl;Cl;[H]C1NC(C(=NN([H])C(=O)N([H])C2C([H])C([H])C([H])C([H])C2[H])C2C([H])C([H],2.51,2.5696,False,QUFJEH;QUFJEH01
928176360821,2,2,2,2,2,6,Ir,[H]C1C([H])C([H])C(P(C2C([H])C([H])C([H])C([H])C2[H])C2C([H])C([H])C([H])C([H])C,2.51,3.8354,True,SUZTOY;UQIBOM
960795077618,2,2,2,2,2,6,Mn,C#O;C#O;C#O;C#O;[H]C1CC(C(=O)C([H])([H])[H])C([H])C([H])C1[H],2.51,4.2422,False,TCAPMN;TCAPMN01
494519004206,2,2,2,2,1,6,Fe,[H]C1C([H])C([H])C(NC2=C(NC3C([H])C([H])C([H])C([H])C3[H])C3C([H])C([H])C([H])C4,2.5,4.3583,True,BODGAE01;BODGAE02
772290958522,4,4,4,3,1,6,Mn,[H]C(=NC([H])([H])C(C([H])([H])[H])(C([H])([H])N=C([H])C1C([H])C([H])C([H])C(OC(,2.5,6.4305,False,IXURUP;IXUSAW;IXUSOK;IXUSUQ
661176794685,2,2,2,2,1,6,Tc,Cl;Cl;Cl;[H]C([H])([H])P(C([H])([H])[H])C([H])([H])[H];[H]C([H])([H])P(C([H])([H,2.49,3.4932,True,EWOTOC;KOMNEF
826992126315,2,2,2,1,1,6,Zn,[H]C1C(C(=NC2C([H])C([H])C(OC([H])([H])[H])C([H])C2[H])C([H])([H])[H])NC(C(=NC2C,2.49,3.9373,False,HEFQEO;HEFQEO01
521198053633,4,4,4,4,1,6,Ir,[H]C(=NC([H])(C1C([H])C([H])C([H])C([H])C1[H])C([H])([H])[H])C1C([H])C([H])C([H],2.49,2.5985,True,HIBNEN;HIBNIR;LAZQEL;LAZQIP
579841440962,4,4,4,3,1,6,Re,C#O;C#O;C#O;[H]c1nc([H])n(C([H])([H])[H])c1[H];[H]c1nc([H])n(C([H])([H])[H])c1[H,2.49,5.1439,True,PIWGOS;PIWGUY;PIWGUY01;PIWHEJ
387118778223,2,2,2,2,1,6,Cr,C#O;C#O;C#O;[H]C1C([H])C([H])C(P(C2C([H])C([H])C([H])C([H])C2[H])C([H])([H])C([H,2.48,4.8003,False,GIVWUF;GIVXUG
931905737295,2,2,2,2,1,4,Co,[H]C([H])([H])C#N;[H]c1c([H])n(C(C([H])([H])[H])(C([H])([H])[H])C([H])([H])[H])c,2.47,2.8101,False,FOSKIJ;GEBZAS
285359800537,2,2,2,2,2,6,Mo,C#O;C#O;C#O;C#O;[H]C1C([H])C([H])C(P(C2C([H])C([H])C([H])C([H])C2[H])C([H])([H]),2.47,3.5935,True,KIVWIV;UBUSEP
499627445428,3,3,3,3,2,3,Co,[H]C1C([H])C(C([H])(C([H])([H])[H])C([H])([H])[H])C(NC(C([H])C(NC2C(C([H])(C([H],2.47,2.9375,True,LEWNEJ;LEWNUZ;QUHTUK
158729498089,2,2,2,2,2,6,Ni,[H]N([H])C([H])(C(=O)O)C([H])([H])[H];[H]N1C([H])([H])C([H])([H])N([H])C(C([H])(,2.47,4.8983,True,MIWRUH;MIWSAO
183821740648,2,2,2,2,1,6,Ru,C#O;C#O;C#O;Cl;[H]C1NC(C2NC([H])C([H])C([H])C2[H])C([H])C([H])C1[H],2.47,2.5162,True,PUNCOS;QAFMUF
216250288602,3,3,3,2,1,6,Cu,[H]C(=NC([H])([H])C([H])([H])N(C([H])([H])C([H])([H])N=C([H])C1NC([H])C([H])C([H,2.47,2.8207,True,TRPYCU;WIRLOY;WIRLOY01
350030404927,6,6,6,5,2,6,Fe,N=C=S;N=C=S;[H]C1NC(C([H])([H])N(C([H])([H])C2NC([H])C([H])C([H])C2[H])C([H])([H,2.45,9.9031,True,ABITEM;ABITUC01;EBOVAU;LUWSUS;LUWSUS01;LUWSUS10
306912812015,2,2,2,2,2,4,Cu,Cl;[H]C(=NN([H])C(=O)C1C([H])C([H])C([H])C([H])C1[H])C1C([H])C([H])C([H])C([H])C,2.45,7.814,True,BOMXEG10;BOMXEG11
670241142598,6,6,6,3,2,6,Ni,[H]C1NC2C3NC([H])C([H])C([H])C3C([H])C([H])C2C([H])C1[H];[H]C1NC2C3NC([H])C([H]),2.45,4.7851,True,HETVIM;LABDAV;POCHAS;RAGSEA;RUBYIZ;YALGIF
18507280526,2,2,2,2,2,6,Sc,[H]N([H])C(=O)N([H])[H];[H]N([H])C(=O)N([H])[H];[H]N([H])C(=O)N([H])[H];[H]N([H],2.45,3.1189,True,LIVVIY;LIVWAR
561252689070,2,2,2,2,1,6,Fe,Cl;Cl;Cl;[H]C1C(C2=NC3C([H])C([H])C([H])C([H])C3S2)NC(C2=NC3C([H])C([H])C([H])C(,2.45,6.8903,False,VACWIG;VACWOM
539102424162,2,2,2,2,2,4,Zn,O=C(O)C(F)(F)F;O=C(O)C(F)(F)F;[H]C1NC([H])C([H])C(N(C([H])([H])[H])C([H])([H])[H,2.45,2.9594,True,XUZWUK;XUZWUK01
501792983840,3,3,3,3,2,6,Fe,Cl;Cl;[H]C1NC(C([H])([H])N(C([H])([H])C2NC([H])C([H])C([H])C2[H])C([H])([H])C2C(,2.44,4.5159,False,ASEQEW;PUSYIL;TIPQAK02
900538943810,5,5,5,5,2,6,Co,Br;[H]N([H])C([H])([H])C([H])([H])N([H])[H];[H]N([H])C([H])([H])C([H])([H])N([H],2.44,8.9119,True,CULQUV;HANJIP;SIZDEL;SIZDEL01;TIQCEB
963568593879,4,4,4,4,2,6,Co,[H]N([H])C1([H])C([H])([H])C([H])([H])C([H])([H])C([H])([H])C1([H])N([H])[H];[H],2.43,6.8561,True,ACHXCO;CACCUE;KOHPEC;UCIZEM
555898223128,4,4,4,3,1,6,Ir,[H]C1CC(C2NC([H])C([H])C([H])C2[H])C([H])C([H])C1[H];[H]C1CC(C2NC([H])C([H])C([H,2.43,6.8238,True,AXOMAD;AXOMAD01;HULVEQ;HULVEQ01
716042303674,2,2,2,2,2,4,Zn,I;I;[H]C1C([H])C(O)C2NC(C([H])([H])[H])C([H])C([H])C2C1[H],2.43,4.6461,True,AYOCOH;KUYGAN
356968813175,2,2,2,1,1,6,Ru,C#O;C#O;[H]C1C([H])C(C([H])([H])[H])C([H])C([H])C1C(=CC(=O)OC([H])([H])[H])C(=O),2.43,3.238,True,JOSSAL;JOSSAL01
758039401438,2,2,2,2,1,6,Re,Cl;O;[H]C1NC(C([H])([H])NC([H])([H])C2NC([H])C([H])C([H])C2[H])C([H])C([H])C1[H],2.43,2.9887,True,OCODUG;OCODUG01
908445921033,2,2,2,2,1,4,Co,[H]C1C([H])C(C([H])([H])[H])C(NC(C2NC(C(NC3C(C([H])([H])[H])C([H])C([H])C([H])C3,2.43,8.9079,True,TUXHIG;XEHSOV
642670666920,2,2,2,2,2,4,Ni,[H]C1C([H])C([H])C(C(O)C([H])C(NC([H])([H])C([H])([H])[H])C([H])([H])[H])C([H])C,2.43,3.0846,False,VAVVAS;VAWJAH
477473662687,4,4,4,4,2,6,Re,Cl;O;[H]C1C([H])C([H])C(C2=NC([H])([H])C([H])([H])O2)C(O)C1[H];[H]C1C([H])C([H]),2.42,3.6707,True,DOTWUG;DOTWUG01;WAFCIS;WAFDUF
949425978158,3,3,3,2,1,6,Mo,Br;Br;O;O;[H]O[H];[H]O[H],2.42,3.1684,True,FEKCAZ;ICUYIO;ICUYOU
732340838496,2,2,2,2,1,6,Ru,Cl;Cl;[H]C1C([H])C([H])C(N([H])C2C([H])C([H])C([H])C([H])C2N([H])[H])C([H])C1[H],2.42,4.7265,False,FELYAA;FELYAA01
509901759721,5,5,5,4,2,6,Cd,[H]C1NC2C3NC([H])C([H])C([H])C3C([H])C([H])C2C([H])C1[H];[H]C1NC2C3NC([H])C([H]),2.42,7.1715,True,FOTMAE;IWOZEA;LACPOV;QAJKAN;RUGTIW
839120249135,12,12,11,3,1,6,Ni,[H]N([H])C(=O)C([H])([H])N([H])[H];[H]N([H])C(=O)C([H])([H])N([H])[H];[H]O[H];[H,2.42,9.481,True,WOPZIN;WOPZIN01;WOPZIN02;WOPZIN03;WOPZIN04;WOPZIN05
537411713731,3,3,3,3,1,6,Fe,[H]C(=NC([H])([H])C([H])([H])N([H])C([H])([H])C([H])([H])C([H])([H])N([H])C([H]),2.41,3.1643,False,ELANOV;UMEPOV;UMEPUB
405534686199,3,3,3,3,2,6,Fe,Cl;[H]C([H])([H])S(=O)C([H])([H])[H];[H]C1C(C(=O)O)NC(C(=O)O)C([H])C1[H];[H]O[H],2.41,5.3868,True,IDOJIV;IDOJIV01;IDOJIV03
147791647702,3,3,3,1,1,6,Mo,O;O;[H]C(=NN=C(O)C1C([H])C([H])NC([H])C1[H])C1C([H])C([H])C([H])C(OC([H])([H])[H,2.41,3.9741,False,KANYIJ;KANYIJ01;KANYIJ02
585087663315,2,2,2,2,1,6,Fe,N=C=S;N=C=S;N=C=S;[H]C1C(C(=O)O)NC(C(=O)O)C([H])C1[H],2.41,3.2497,True,MULXUP;MULYIE
78172166673,2,2,2,2,1,6,Ru,C#O;C#O;Cl;Cl;[H]C1C(C(=O)OC([H])([H])[H])NC(C2NC(C(=O)OC([H])([H])[H])C([H])C([,2.41,2.4251,False,ODOWOT;ODOWOT01
245340023024,2,2,2,2,1,6,Fe,[H]C1NC(C(=O)O)C([H])C([H])C1[H];[H]C1NC(C([H])([H])N(C([H])([H])C2NC([H])C([H]),2.41,2.4147,True,WUSBOD;WUSBOD01
415198854710,2,2,2,2,1,6,Ni,Cl;[H]O[H];[H]c1nc(C2=NC3C([H])C([H])C([H])C([H])C3N2[H])c([H])s1;[H]c1nc(C2=NC3,2.4,3.0,True,BAMPIP;LEHBIL
528099122978,2,2,2,2,2,6,Zn,[H]c1nc([H])n(C2C([H])C([H])C(C#N)C([H])C2[H])c1[H];[H]c1nc([H])n(C2C([H])C([H]),2.4,2.4003,True,GURZUP;GUSBAY
644713217140,3,3,3,3,2,6,Ni,[H]C1C([H])C([H])C(C([H])([H])C([H])(C(=O)O)N([H])[H])C([H])C1[H];[H]N1C([H])([H,2.4,2.403,True,KOBJOB;KOBKES;KOFNID
438441954722,2,2,2,2,2,6,Mn,[H]C1NC(C(=NN=C(S)SC([H])([H])[H])C([H])([H])[H])C([H])C([H])C1[H];[H]C1NC(C(=NN,2.4,4.3267,True,QUBDAT01;QUBDAT02
292234206998,5,5,5,5,2,6,W,O;O;[H]C1C([H])C([H])C(O)C(O)C1[H];[H]C1C([H])C([H])C(O)C(O)C1[H],2.4,4.0813,True,XADXAD;XADXAD01;ZEDLUR;ZEDLUR01;ZEDMEC
689476351975,2,2,2,2,1,6,Co,[H]C1NC(C(C2NC([H])C([H])C([H])C2[H])(C2NC(C(C3NC([H])C([H])C([H])C3[H])(C3NC([H,2.39,2.5367,True,EVUTIZ;ZEVTUR
284454212477,2,2,2,2,2,6,Os,Cl;Cl;Cl;N=O;[H]N1C([H])([H])C([H])([H])C([H])([H])C1([H])C(=O)O,2.39,3.4949,True,GIGTOH;GIGTUN
655310134203,2,2,2,2,1,6,Zn,Cl;[H]C1NC2C3NC([H])C([H])C([H])C3C([H])C([H])C2C([H])C1[H];[H]C1NC2C3NC([H])C([,2.39,6.5794,False,ISERUV;IWOJIN
675696699051,2,2,2,2,2,6,Fe,[H]C(=NC([H])([H])C([H])([H])C1NC([H])C([H])C([H])C1[H])c1nc(C([H])([H])[H])n([H,2.39,2.393,True,ODICAG;ODICAG01
922062738408,2,2,2,2,1,6,Ir,[H]C1CC(C2NC([H])C(C3C([H])C([H])C([H])C([H])C3[H])C(C([H])([H])[H])C2[H])C([H]),2.39,2.7255,False,UBAJIT;UBAJIT01
203220355641,2,2,2,2,2,6,Ru,[H]C([H])([H])C(=O)C([H])([H])[H];[H]C([H])([H])N(C([H])([H])[H])C([H])([H])C([H,2.38,2.3921,True,IBUKIZ;TUNJOB
606713449873,7,7,7,4,2,6,Fe,[H]C(=NC1C([H])C([H])C([H])C2C([H])C([H])C([H])NC12)C1C([H])C(Br)C([H])C([H])C1O,2.38,3.041,True,KORZAU;KORZAU01;KORZAU03;KORZAU07;QAQREI;QAQREI01
270392520270,3,3,3,1,1,6,Tc,C#O;C#O;C#O;[H]C1C([H])C([H])C(P(C2C([H])C([H])C([H])C([H])C2[H])C2C([H])C([H])C,2.38,2.7024,False,RALVUZ;RALVUZ01;RALWUA
177357498516,2,2,2,2,2,6,Cu,[H]C1C(C(=O)OC([H])([H])[H])NC2C(N=C(N(C([H])([H])[H])C([H])([H])[H])N(C([H])([H,2.38,4.4584,False,REJPUV;REJQAC
902327990347,2,2,2,2,2,6,Ru,[H]C1NC(C2NC([H])C([H])C([H])C2[H])C([H])C([H])C1[H];[H]C1NC(C2NC([H])C([H])C([H,2.38,2.7921,True,UCUSAN;UGOZEX
893272435692,2,2,2,2,2,6,Ni,N=N=N;N=N=N;[H]C(=NC([H])([H])C([H])([H])C([H])([H])N=C([H])C1NC([H])C([H])C([H],2.37,4.8051,False,CABSII;CABSII02
330327862037,5,5,5,5,2,6,Fe,[H]C(=NC([H])([H])C([H])([H])N([H])[H])C1C([H])C([H])C([H])C([H])C1O;[H]C(=NC([H,2.37,7.8627,True,FOBMIW;KETVEL;PUBKOQ;PUBKOQ01;PUBLAD
843326027055,5,5,5,4,2,6,V,O;O;O=C(O)C(=O)O;O=C(O)C(=O)O,2.36,7.9907,True,AOXOVA;KOXALV;KOXALV01;XURCIY;XURCIY01
798076317194,2,2,2,2,2,6,Ni,[H]C1C(C(=O)O)NC(C(=O)O)C([H])C1[H];[H]OC([H])([H])C1NC(C([H])([H])O[H])C([H])C(,2.36,4.7047,False,BEZDIV;BEZDIV01
812776381289,2,2,2,2,1,6,Ni,Cl;Cl;[H]C1NC(N(O)C(C([H])([H])[H])(C([H])([H])[H])C([H])([H])[H])C([H])C([H])C1,2.36,2.4533,True,FEYYOA;FEYYOA01
320326170260,2,2,2,2,1,6,Re,C#O;C#O;C#O;[H]C1C([H])C(C([H])([H])[H])C([H])C(P(C([H])(C([H])([H])[H])C([H])([,2.36,2.505,True,HUNHOO;HUNJIK
601015472185,3,3,3,3,1,6,Fe,N=C=S;N=C=S;[H]C1NC(C([H])([H])N(C([H])([H])C2NC([H])C([H])C([H])C2[H])C([H])([H,2.36,4.1419,False,NUMBEC;NUMBEC01;NUMBEC02
465399902642,2,2,2,2,2,5,Cu,[H]C1C(Cl)C([H])C(C(=O)O)C([H])C1Cl;[H]C1C(Cl)C([H])C(C(=O)O)C([H])C1Cl;[H]O[H];,2.36,4.993,False,WEMQAG01;WEMQAG02
804748584899,2,2,2,2,1,6,Cu,[H]C1NC(C([H])(C2NC([H])C([H])C([H])C2[H])C2NC([H])C([H])C([H])C2[H])C([H])C([H],2.36,7.444,False,YIVCIP;YIVCIP01
22031099155,9,9,9,5,2,6,Mn,[H]C(=NC([H])([H])C([H])([H])C([H])([H])N([H])C([H])([H])C([H])([H])N([H])C([H]),2.35,9.6311,True,NUNNET;NUNNET01;NUNNET02;NUNNET03;SEYBAD;SONNAO
787170863418,7,7,7,5,2,6,Fe,[H]C(=NC([H])([H])C([H])([H])N(C([H])([H])C([H])([H])N=C([H])c1nc(C([H])([H])[H],2.35,8.1553,True,ULODIJ;ULODIJ01;ULODUV;ULOFAD;ULOFEH;YELWOC
585363343007,3,3,3,3,2,4,Pt,[H]ONC1C([H])C(C([H])([H])C([H])([H])C([H])([H])C([H])([H])[H])C(C([H])([H])C([H,2.34,8.5177,False,ABUPUM;ABUPUM01;ABUPUM02
673307225964,7,7,7,5,2,4,Cu,[H]C1NC(N([H])C2NC([H])C([H])C([H])C2[H])C([H])C([H])C1[H];[H]C1NC(N([H])C2NC([H,2.34,5.86,True,BIPNAP;BIPNAP01;DPYACU01;JARKES;JARKES01;QELZIR
590553046439,2,2,2,2,1,6,Ru,C#O;Cl;[H]C1C([H])C([H])C(P(C2C([H])C([H])C([H])C([H])C2[H])C([H])([H])C([H])([H,2.34,2.4396,True,BUZYEB;YAQLOU
637490573719,2,2,2,2,1,6,Re,Cl;Cl;O;[H]C1C([H])C([H])C(P(C2C([H])C([H])C([H])C([H])C2[H])C2C([H])C([H])C([H],2.34,3.0588,True,CAXSUQ;CAXSUQ01
145581142824,6,6,6,5,2,6,Ru,Cl;Cl;Cl;[H]C([H])([H])S(=O)C([H])([H])[H];[H]C([H])([H])S(=O)C([H])([H])[H];[H],2.34,8.1802,True,DAWTEA;JIMKEV;JIMKEV01;KOFWUY;XALSEI;XALSIM
426385267743,2,2,2,2,2,4,Rh,C#O;C#O;C#O;C#O,2.34,4.3441,False,GONLAW;YURXEP
659733568641,2,2,2,2,2,6,Ni,[H]C1NC(C([H])([H])N(C([H])([H])C2NC([H])C([H])C([H])C2[H])C([H])([H])C2NC([H])C,2.34,2.3792,True,NUHNEN;ZAFROQ
699228250454,3,3,3,2,2,6,Co,[H]C1=C(O)C(=O)C2C([H])C([H])C([H])C([H])C2C1=O;[H]C1=C(O)C(=O)C2C([H])C([H])C([,2.34,2.8943,True,RERZOF;RERZOF01;RERZUL
903670661491,3,3,3,3,1,6,Mn,[H]OC([H])(C(=O)O)C([H])([H])[H];[H]OC([H])(C(=O)O)C([H])([H])[H];[H]O[H];[H]O[H,2.33,3.253,True,BEGCAR;TANDIZ;UFOHAY
354348141659,3,3,3,2,1,6,Ru,C#O;Cl;[H]C1C([H])C([H])C(P(C2C([H])C([H])C([H])C([H])C2[H])C([H])([H])C([H])([H,2.33,3.9101,True,BUZXUQ;BUZYAX;YASPAM
33931238411,5,5,5,4,2,6,Re,Cl;Cl;Cl;Cl;O=C(O)C(=O)O,2.33,7.371,True,CIRWEF;COBCAZ;MILLAU;UCAZUW;UCEBAI
595527912137,2,2,2,2,1,6,Ni,[H]C1C([H])C([H])C2C(N=C(C3C([H])C([H])C([H])C([H])C3N([H])[H])N2[H])C1[H];[H]C1,2.33,2.7765,True,EWUZOM;OZITEY
733553270407,2,2,2,2,1,6,W,C#O;C#O;C#O;C#O;C#O;[H]C1C([H])C([H])C(C=O)C([H])C1[H],2.33,2.4668,True,GECFAZ;YUBJIS
597170213027,2,2,2,2,2,6,Mn,[H]C1C([H])C([H])C(C(=O)O)C(C(=O)O)C1[H];[H]C1NC2C3NC([H])C([H])C([H])C3C([H])C(,2.33,7.7486,False,OFEFEK;OFEFEK01
962040765099,5,5,5,4,2,6,Mn,[H]C(=NC([H])([H])C([H])([H])C([H])([H])N([H])C([H])([H])C([H])([H])N([H])C([H]),2.33,3.7485,True,VUTGOJ;VUTJOM;VUTJOM01;VUTKAZ;VUTKAZ01
111934232541,2,2,2,2,1,6,V,O;[H]C1NC2C3NC([H])C([H])C([H])C3C([H])C([H])C2C([H])C1[H];[H]N(C([H])([H])C(=O),2.32,2.5894,True,OGUWEU;RIBYAF
281643916391,2,2,2,2,2,4,Co,[H]C1C([H])C([H])C(C(=O)O)C([H])C1[H];[H]C1C([H])C([H])C(C(=O)O)C([H])C1[H];[H]c,2.31,2.3105,True,EPEFIP;EPEFIP02
937136439921,6,6,6,6,2,6,Cu,[H]N([H])C([H])([H])C([H])([H])N([H])[H];[H]N([H])C([H])([H])C([H])([H])N([H])[H,2.31,4.4638,True,FAHHED;KESCOE;RUPVOR;TAQMAA;TAQMAA01;VIMYUN
467177511039,2,2,2,2,1,5,Cd,Br;Br;[H]c1c(C([H])([H])[H])nn(C([H])([H])N(C2C([H])C([H])C([H])C([H])C2[H])C([H,2.31,3.2108,True,FOLTIL;FOLTIL01
887573545330,2,2,2,2,2,6,Cr,C#N;C#N;[H]C1NC(C2NC([H])C([H])C([H])C2[H])C([H])C([H])C1[H];[H]C1NC(C2NC([H])C(,2.31,2.3101,False,GEDJAD;JILVUZ
815151087971,2,2,2,2,2,6,Re,Br;Br;[H]C1C(C(=O)O)NC2C([H])C([H])C([H])C([H])C2C1[H];[H]C1C([H])C(C([H])([H])[,2.31,2.6265,True,IPOVIT;IPOVOZ
543426983475,2,2,2,2,1,6,Ni,Cl;Cl;[H]OC(=O)C1C([H])C([H])C(N=C([H])C2NC([H])C([H])C([H])C2[H])C([H])C1[H];[H,2.31,2.4052,True,SUYCUM;SUYCUM01
510208271637,3,3,3,3,2,6,Mo,O;O;O;[H]C([H])(C(=O)O)N(C([H])([H])C(=O)O)C([H])([H])C(=O)O,2.3,3.639,True,ADOMIR;ADOMOX;QEKMAV
208237020446,6,6,6,3,2,6,Fe,[H]N([H])C([H])([H])C([H])([H])N([H])[H];[H]N([H])C([H])([H])C([H])([H])N([H])[H,2.3,4.1662,True,CAVTAY;FEBMAB;LIWKOR01;REBLUI01;WUDFIM;YANKUW
813967766475,5,5,5,2,1,6,Co,C#N;C#N;C#N;[H]N([H])C([H])([H])C([H])([H])N([H])C([H])([H])C([H])([H])N([H])[H],2.3,7.0774,False,LIKNUS;LIKNUS01;QIGRAZ;QIGRAZ01;QIGRED
138635083398,3,3,3,2,2,6,Ru,Cl;Cl;N=O;[H]N(C([H])([H])C([H])([H])P(C([H])(C([H])([H])[H])C([H])([H])[H])C([H,2.29,8.7645,False,AKOWOQ;AKOWUW;AKOXEH
646496060718,11,11,11,7,1,6,Zn,[H]C1NC2C3NC([H])C([H])C([H])C3C([H])C([H])C2C([H])C1[H];[H]C1NC2C3NC([H])C([H]),2.29,4.2511,True,ARETID;FOTLUX;GISMUS;IJOCEQ;IZIRAL;MUHHAY
622585738401,2,2,2,2,1,6,Zr,[H]c1[nH]c(C([H])([H])N(C([H])([H])[H])C([H])([H])c2[nH]c([H])c([H])c2[H])c([H]),2.29,3.5786,False,LULCAW;LULCAW01
468694093929,2,2,2,2,1,6,Rh,[H]C1C([H])C([H])C(P(C2C([H])C([H])C([H])C([H])C2[H])C2C([H])C([H])C([H])C([H])C,2.29,2.5192,False,NALXUT;NALYAA
887472457102,6,6,6,3,2,6,Mn,[H]C(=NC([H])([H])C([H])([H])N(C([H])([H])C([H])([H])N=C([H])c1[nH]c([H])c([H])c,2.29,4.752,False,TRPAMN;TRPAMN01;TRPAMN02;TRPAMN03;TRPAMN04;TRPAMN05
982083083441,2,2,2,2,2,6,Ni,[H]N([H])C([H])(C(=O)O)C([H])([H])C([H])(C([H])([H])[H])C([H])([H])[H];[H]N1C([H,2.29,4.9425,False,UYAYUP;UYAZAW
495603234523,2,2,2,2,2,6,Ru,Cl;Cl;Cl;N=O;[H]C1C([H])C([H])C(P(C2C([H])C([H])C([H])C([H])C2[H])C([H])([H])C([,2.29,2.2987,True,WUGDAD;WUGDAD01
696918482033,2,2,2,2,1,5,V,O;[H]C([H])([H])O;[H]OC1C([H])C([H])C([H])C([H])C1C(O)=NN=C(C([H])=C(O)C1C([H])C,2.29,2.4605,True,YODHEE;YODHEE02
503198104482,2,2,2,1,1,6,Fe,N=C=S;N=C=S;[H]C1NC(c2nnc(C([H])([H])OC([H])([H])[H])n2C2C([H])C([H])C(C([H])([H,2.28,4.152,False,ARADOO;ARADOO01
77125257629,2,2,2,2,2,6,Mn,Br;C#O;C#O;C#O;[H]C1C([H])C([H])C(P(C2C([H])C([H])C([H])C([H])C2[H])C([H])([H])C,2.28,2.5627,True,FAZTEG;WUTRIQ
632721408871,2,2,2,2,2,6,Fe,[H]OC1C([H])C(C(=O)O)NC(C(=O)O)C1[H];[H]OC1C([H])C(C(=O)O)NC(C(=O)O)C1[H],2.28,3.4132,False,FEJKAJ;RODVAI
202182453822,3,3,3,3,2,6,V,S=c1sc(S)c(S)s1;S=c1sc(S)c(S)s1;S=c1sc(S)c(S)s1,2.28,2.6651,True,IWIKAC;IWIKIK;JARCUA
458366738123,2,2,2,2,1,6,W,C#O;C#O;C#O;C#O;[H]C1C([H])C([H])C(c2nnn(C3C([H])C([H])C([H])C([H])C3P(C3C([H])C,2.28,2.4512,False,JIHLEU;JIHLOE
977910547406,2,2,2,2,1,6,Ru,[H]C1NC(C2NC([H])C([H])C([H])C2[H])C([H])C([H])C1[H];[H]C1NC(C2NC([H])C([H])C([H,2.28,5.5956,False,KAFRAO;LERMAY
698834960671,3,3,3,3,2,6,Re,Cl;Cl;[H]C1C([H])C(C([H])([H])[H])C([H])C([H])C1N;[H]C1C([H])C([H])C(P(C2C([H])C,2.28,4.102,True,PIWXIE;PIWXOK;PIWXOK01
667708617588,2,2,2,2,2,6,Mn,N=C=S;N=C=S;[H]C1NC(C(=NC([H])([H])C([H])(N=C(C2NC([H])C([H])C([H])C2[H])C([H])(,2.28,2.3551,True,QUXLEB;QUXLEB01
582164615702,3,3,2,2,2,4,Ni,[H]C(=NC([H])(C([H])([H])[H])C([H])([H])[H])C1C(O)C([H])C([H])C2C([H])C([H])C([H,2.28,2.9615,False,TONSOG;TONSOG01;TONSOG02
414190219369,3,3,3,2,1,6,Ni,N=C=S;N=C=S;[H]C1NC(C2NC([H])C([H])C([H])C2[H])C([H])C([H])C1[H];[H]C1NC(C2NC([H,2.28,2.838,False,YEJGOJ;YEJGOJ02;ZANVIW
728052414514,2,2,2,2,2,6,Re,C#O;C#O;C#O;Cl;[H]C1NC(C2NC(C3C([H])C([H])C([H])C([H])C3[H])C([H])C(C3C([H])C([H,2.27,3.5122,False,KOFWOU;KOFWUA
363349508065,2,2,2,2,2,6,Ru,[H]C1C(C(=O)O)NC(C2NC(C(=O)O)C([H])C([H])C2[H])C([H])C1[H];[H]C1NC([H])C([H])C(C,2.27,3.444,False,VOWROQ;VUMBEL
695826101609,2,2,2,2,1,4,Ni,[H]C(=NC1C([H])C(OC([H])([H])[H])C(OC([H])([H])[H])C([H])C1N=C([H])C1C([H])C([H],2.26,2.2608,False,BEYDAO;BEYDAO01
55749273246,2,2,2,1,1,6,Fe,C#O;[H]C1C([H])C([H])C(P(C([H])([H])[H])C([H])([H])[H])C([H])C1[H];[H]C1C([H])C(,2.26,3.1056,True,EWATAZ02;PUPKES
409672158096,2,2,2,2,2,6,Fe,[H]C(C(=O)C([H])([H])[H])=C(O)C([H])([H])[H];[H]C(C(=O)C([H])([H])[H])=C(O)C([H],2.25,2.6986,True,FEACAC03;VUBSOA
496740054619,2,2,2,2,1,6,Ru,N#CC(S)=C(S)C#N;N#CC(S)=C(S)C#N;N#CC(S)=C(S)C#N,2.25,4.0355,True,LAQQUP;LAQRAW
710380151555,3,3,3,2,1,6,Ni,[H]c1nn(C2C([H])C(C([H])([H])[H])C([H])C([H])C2NC2C([H])C([H])C(C([H])([H])[H])C,2.25,7.745,False,QOVKET;QOVLOE;QOVLUK
69268748792,2,2,2,1,1,6,Fe,N=C=S;N=C=S;N=C=S;[H]C1NC(C(OC(=O)C([H])([H])C([H])([H])C([H])([H])C([H])([H])[H,2.25,3.0506,False,VULGOB;VULGOB02
283542310329,2,2,2,1,1,6,Co,Cl;[H]C1NC([H])C([H])C([H])C1[H];[H]N([H])C([H])([H])C([H])([H])N([H])[H];[H]N([,2.24,3.0432,True,DOCZUQ;JOGRAY
904795813946,4,4,4,4,1,6,Fe,N=C=S;N=C=S;[H]C1NC(N(C2NC([H])C([H])C([H])C2[H])C([H])([H])C([H])([H])C([H])([H,2.24,8.9547,True,ERIWOU;ERIWOU01;ERIWOU02;ERIWOU03
862637031160,2,2,2,2,1,6,Pt,I;I;[H]C1CC(C(C([H])[H])(C([H])([H])[H])C([H])([H])[H])C([H])C([H])C1[H];[H]C1NC,2.24,2.6362,True,NOXSIF;NOXSOL
316073829753,2,2,2,2,1,6,Os,Cl;Cl;[H]C1C([H])C([H])C(C(=N)C2C([H])C([H])C([H])C([H])C2C(=O)C2C([H])C([H])C([,2.24,8.7709,True,QEKVAD;QEKVEH
109433843041,3,3,3,3,2,6,Fe,[H]C(=NC1C([H])C([H])C(N=NC2C([H])C([H])C([H])C([H])C2[H])C([H])C1[H])c1nc([H])s,2.24,5.0141,False,REBQAU;REBQAU01;REBQAU02
388002882670,2,2,2,2,1,6,Ir,[H]C1C([H])C([H])C(P(=O)(N=P(O)(C2C([H])C([H])C([H])C([H])C2[H])C2C([H])C([H])C(,2.24,2.6629,True,VIHDOH;VIHDOH01
688175804345,4,4,4,4,2,6,Fe,[H]C(=NC([H])([H])C([H])([H])N([H])C([H])([H])C([H])([H])C([H])([H])[H])C1C(O)C(,2.23,4.773,True,AFOLUG01;AFOMAN;AFOMAN02;AFOMOB
349249195643,12,12,11,5,2,4,Ni,[H]C1C([H])C([H])C(P(C2C([H])C([H])C([H])C([H])C2[H])C([H])([H])C([H])([H])P(C2C,2.23,9.3721,False,BOBGEI;BOBGUY;MIDJAN;NALTIH;SEJVEI02;SEJVEI03
7547665840,4,4,4,4,2,6,Mo,Cl;Cl;Cl;Cl;[H]C1NC(C2NC([H])C([H])C([H])C2[H])C([H])C([H])C1[H],2.23,3.3031,True,BOZHIK;FUCPIC;FUCPIC01;GADKIJ
815763654481,2,2,2,2,1,6,Mo,O;O;[H]C(=NN=C(O)C([H])([H])[H])C1C([H])C([H])C([H])C(OC([H])([H])[H])C1O;[H]O[H,2.23,2.9297,False,EKABIE;EKABIE01
701664553368,2,2,2,2,2,6,Re,Br;C#O;C#O;C#O;[H]C1=C([H])N(C([H])([H])C([H])([H])C([H])([H])C([H])([H])[H])CN1,2.23,2.2898,True,LOPYAT;LOPYEX
994324360650,2,2,2,2,1,6,Re,C#O;C#O;C#O;[H]c1c(C([H])([H])[H])nn([H])c1C([H])([H])[H];[H]c1c(C([H])([H])[H]),2.22,2.6193,True,ACISIP;FEXNEC
292500593516,2,2,2,2,1,6,Fe,[H]C1NC(C([H])([H])N(C([H])([H])C2NC([H])C([H])C([H])C2[H])C([H])([H])C2NC([H])C,2.22,3.4341,True,CEHZOI;CEHZOI01
855868533218,3,3,3,2,2,6,Pt,Cl;Cl;Cl;[H]N([H])C([H])([H])C([H])([H])N([H])[H];[H]N([H])[H],2.22,2.9761,True,QEVPOW;QEVPUC01;QEVPUC02
275719274870,3,3,3,3,2,6,V,O;[H]C([H])([H])O;[H]C1NC2C(O)C([H])C([H])C([H])C2C([H])C1[H];[H]C1NC2C(O)C([H]),2.22,2.9156,False,YICKOL01;YICKOL02;YICKOL03
72866989913,2,2,2,2,1,5,Cu,O=[N+]([O-])O;[H]C1NC(C2NC([H])C([H])C([H])C2[H])C([H])C([H])C1[H];[H]C1NC(C2NC(,2.21,2.2101,True,IFEXIA;ODECOQ
220223789367,3,3,3,3,2,6,Ru,[H]C([H])([H])C#N;[H]C([H])([H])C#N;[H]C([H])([H])C#N;[H]C([H])([H])C#N;[H]C([H],2.21,8.375,False,NEBGAF;NEBGOT;NEBGUZ
157722303982,2,2,2,2,1,6,Co,[H]C(=NC([H])(C1C([H])C([H])C([H])C([H])C1[H])C([H])(N=C([H])C1C([H])C([H])C([H],2.21,8.8891,True,RONDUU;UGAGAL
122065500155,2,2,2,1,1,6,Ni,[H]C1NC2C3NC([H])C([H])C([H])C3C([H])C([H])C2C([H])C1[H];[H]OC([H])(C(=O)O)C([H],2.21,2.9672,True,TEFFEQ;TEFFIU
803282938120,3,3,3,3,1,6,Ni,N=C=S;N=C=S;[H]N1C([H])([H])C([H])([H])N([H])C(C([H])([H])[H])(C([H])([H])[H])C(,2.2,9.5275,True,COVMAD;UDUPUE01;ZUDGUA01
436170669285,4,4,4,3,2,6,Fe,[H]C(=NC([H])([H])C([H])([H])C([H])([H])N([H])C([H])([H])C([H])([H])N([H])C([H]),2.2,5.4037,False,CUDVUT02;OJIPIH01;PERZAO01;PERZAO02
540250240909,4,4,4,3,1,6,Cr,[H]N([H])C([H])([H])C([H])([H])N([H])[H];[H]N([H])C([H])([H])C([H])([H])N([H])[H,2.2,3.3448,True,ENDACR;GOZCIH;MOHBIY;XOHYOJ
754931302136,3,3,3,1,1,6,Fe,[H]N([H])C(=O)N([H])[H];[H]N([H])C(=O)N([H])[H];[H]N([H])C(=O)N([H])[H];[H]N([H],2.2,3.2264,True,MANJIU;WITQEV;XEVKIW
74179943777,2,2,2,2,2,6,Cu,[H]C1NC(C([H])([H])OC([H])([H])C2NC(C3NC(C([H])([H])OC([H])([H])C4NC([H])C([H])C,2.2,2.6797,False,XENHIL;XENHOR
658876477906,2,2,2,2,2,6,Mo,O;O;O;[H]C([H])(C(=O)O)C(O)(C(=O)O)C([H])([H])C(=O)O,2.19,2.939,True,LILYEK;OFUNAG
208013142457,2,2,2,2,1,6,Re,C#O;C#O;C#O;[H]OC(=O)C([H])(N([H])[H])C([H])([H])SC([H])([H])C([H])(C(=O)O)N([H],2.19,3.5547,True,RIFJEW;RIFJIA
340768927920,8,8,8,6,2,6,Co,Cl;Cl;[H]C1NC(C2NC([H])C([H])C([H])C2[H])C([H])C([H])C1[H];[H]C1NC(C2NC([H])C([H,2.18,9.774,True,CIQKEW;IRUBAB;YEYJAQ;YEYJUK;YEYKAR;YEYKEV
274699144749,11,11,10,7,2,4,Ru,C#O;C#O;C#O;C#O,2.18,8.33,True,FOJTON;HAZGEX;MECFAB;MECFAB01;NUJLAG;OFAMEO
380802222185,2,2,2,1,1,6,Co,[H]C(=NC([H])([H])[H])C1C([H])C([H])C([H])C(OC([H])([H])[H])C1O;[H]C(=NC([H])([H,2.18,3.2944,True,TEZKAN;WEQTES
626791072888,2,2,2,2,1,6,Co,[H]C(=NOC([H])([H])C([H])([H])ON=C([H])C1C([H])C(Cl)C([H])C(Br)C1O)C1C([H])C(Cl),2.18,5.4546,True,TULLOC;TULLOC01
53344749148,3,3,3,1,1,6,Pt,Br;Br;Br;[H]C1NC(C2NC(C3NC([H])C([H])C([H])C3[H])C([H])C([H])C2[H])C([H])C([H])C,2.18,3.0618,True,YOZNEJ;YOZNIN;YOZNOT
351242203908,2,2,2,2,1,6,Mn,[H]c1sc(C(O)C([H])C(O)C(F)(F)F)c([H])c1[H];[H]c1sc(C(O)C([H])C(O)C(F)(F)F)c([H]),2.17,4.8433,True,ALIQOD;ALIQOD01
787784023005,2,2,2,2,2,4,Pd,[H]C1C([H])C([H])C(C([H])([H])P(C([H])([H])C([H])([H])[H])C([H])([H])C([H])([H]),2.17,3.3029,False,BEVFIS;BEVFOY
875291990192,3,3,3,2,1,4,Rh,C#O;[H]C1C([H])C([H])C(P(C2C([H])C([H])C([H])C([H])C2[H])C2C([H])C([H])C([H])C([,2.17,6.0244,False,HOMBAM;RCOHPH02;RCOHPH04
513088256752,3,3,3,2,2,6,Mn,Br;C#O;C#O;C#O;C#O;C#O,2.17,2.6843,False,KOGFET;KOGFET01;KOGFET02
667710850766,5,5,4,4,2,6,Fe,[H]C1NC(C2NN(B([H])([H])N3NC([H])C([H])C3[H])C([H])C2[H])C([H])C([H])C1[H];[H]C1,2.17,2.813,True,KUKHAC;KUKHAC01;KUKHAC02;KUKHAC03;KUKHAC04
430747845248,2,2,2,2,2,6,Re,Br;Br;[H]C1C([H])C(C([H])([H])[H])C([H])C([H])C1N;[H]C1C([H])C([H])C(P(C2C([H])C,2.17,2.2681,True,UMAFIZ;UMAFOF
795818520889,2,2,2,2,1,6,Ir,[H]C1CC(C2NC([H])C([H])C([H])C2[H])C([H])C([H])C1C([H])([H])[H];[H]C1CC(C2NC([H],2.17,2.1759,True,UNUWEI;UPEHAB
22988664801,4,4,4,4,2,6,Fe,F;F;F;F;F;[H]O[H],2.16,3.53,True,GIYPUZ;PAWVAK;YASHEF;YASHUV
837644335326,2,2,2,2,1,6,Re,Br;C#O;C#O;C#O;[H]C1C(C(=NC2C([H])C([H])C([H])C([H])C2[H])C([H])([H])[H])NC(C(=N,2.16,2.1821,False,ILEFIQ;NIBKUE
820781363864,2,2,2,2,1,6,Ru,Cl;[H]C([H])([H])C#N;[H]C([H])([H])C#N;[H]C1=C([H])N(C([H])([H])[H])CN1C1NC(N2CN,2.16,2.16,True,JUWXEI;LUXYEL
877194432161,2,2,2,2,2,6,Ti,[H]C1C([H])C([H])C(C([H])(C2C([H])C([H])C([H])C([H])C2O)N([H])C2([H])C([H])([H]),2.15,2.4477,True,BABBOY;DIRQIH
595163181813,6,6,6,3,2,6,Ru,Cl;Cl;Cl;Cl;[H]C([H])([H])S(=O)C([H])([H])[H];[H]C([H])([H])S(=O)C([H])([H])[H],2.15,7.245,True,CUDGIU;IJUDEY;NAVRUY;NAVSAF;RIHGUN;VUWGAV
902301690249,2,2,2,2,2,4,Ni,[H]C1C([H])C([H])C(C([H])([H])N(C(S)S)C([H])([H])C2C([H])C([H])C([H])C([H])C2[H],2.15,12.1025,False,MAXGOI;PADKIQ01
921594309893,2,2,2,2,2,6,Ru,C#O;Cl;Cl;Cl;Cl;[H]C1=NN([H])C2C([H])C([H])C([H])C([H])C12,2.15,2.1508,True,OKACAG;OKACEK
220252440485,2,2,2,2,1,6,Re,Br;Br;[H]C1C([H])C(C([H])([H])[H])C([H])C([H])C1N;[H]C1C([H])C([H])C(P(C2C([H])C,2.15,2.5125,False,PIWXUQ;PIWYEB
779430470606,2,2,2,2,1,6,W,C#O;C#O;C#O;C#O;[H]C1C([H])C([H])C(P(C2C([H])C([H])C([H])C([H])C2[H])C([H])([H]),2.15,2.1966,False,VOXBEP;VOXBEP01
606053244382,2,2,2,2,2,6,Re,C#O;C#O;C#O;Cl;[H]C1C([H])C([H])C(P(OC([H])([H])C([H])([H])C([H])([H])OP(C2C([H],2.14,2.1609,True,EMAVIY;EMAVOE
70419219416,3,3,3,3,2,6,Ni,[H]OC([H])([H])C(=NN([H])C(=S)N([H])[H])C([H])([H])[H];[H]OC([H])([H])C(=NN([H]),2.14,3.0837,True,GUKZAR;JUKLAE;SIRVUO
830113369367,3,3,3,3,2,6,V,O;[H]C(=NC([H])(C(=O)O)C([H])([H])C1C([H])C([H])C([H])C([H])C1[H])C1C([H])C([H]),2.14,8.361,False,IJOVAF;IJOVAF01;IMORAE
23481624793,3,3,3,2,1,6,Mn,[H]C1C([H])C([H])C(C(O)C([H])C(O)C2C([H])C([H])C([H])C([H])C2[H])C([H])C1[H];[H],2.14,2.7331,False,JINPIF02;JINPIF03;NOSHUA
918345931781,8,8,8,5,2,6,Re,Br;Br;Br;Br;[H]C1NC(C2NC([H])C([H])C([H])N2)NC([H])C1[H],2.14,8.5311,True,PEXNIQ;PEXNIQ01;PEXNIQ02;PEXNIQ03;PEXNIQ04;PEXNIQ05
408721565314,3,3,3,2,1,6,Ru,C#O;C#O;N#CS;N#CS;[H]C1NC(C2NC([H])C([H])C([H])C2[H])C([H])C([H])C1[H],2.14,2.3971,False,TORMIW;TORMIW01;ZAVLEQ
906486493275,2,2,2,2,1,6,W,Cl;Cl;Cl;Cl;O;[H]C1([H])OC([H])([H])C([H])([H])C1([H])[H],2.13,2.6821,True,CUPCUL;VOXVAF01
720067454863,2,2,2,2,1,6,Mo,C#O;C#O;C#O;C#O;[H]C1C([H])C([H])C(P(C2C([H])C([H])C([H])C([H])C2[H])C([H])([H]),2.13,2.1302,False,KIKNUN;KIKNUN01
532549060872,4,4,4,3,1,6,Mo,O;O;[H]C(=NN=C(O)C1C([H])C([H])NC([H])C1[H])C1C([H])C([H])C(OC([H])([H])[H])C([H,2.13,7.5892,True,KOVWEA;KOVWEA01;KOVWEA02;KOVWEA03
566909956748,2,2,2,2,1,6,Co,[H]N([H])C([H])([H])C([H])([H])C([H])([H])N([H])C([H])([H])C([H])([H])S;[H]N([H],2.13,2.1319,False,TABVAU;TABVAU01
88908383455,7,7,7,6,2,6,V,[H]C(C(O)C([H])([H])[H])C(O)C([H])([H])[H];[H]C(C(O)C([H])([H])[H])C(O)C([H])([H,2.13,8.7233,True,VAACAC;VAACAC02;VAACAC13;VAACAC14;VAACAC17;VAACAC19
594731039819,2,2,2,2,2,6,Ir,[H]C1CC(C2NC([H])C([H])C([H])C2[H])C([H])C([H])C1[H];[H]C1CC(C2NC([H])C([H])C([H,2.12,4.9292,True,CIQVAB;YUZWAU
423818276168,3,3,3,3,1,6,Ni,O=C(O)C(=O)O;[H]C1NC(C2NC([H])C([H])C([H])C2[H])C([H])C([H])C1[H];[H]C1NC(C2NC([,2.12,4.1606,True,CODXEA;ZEBQIG;ZEBQIG01
186868251299,7,7,7,4,2,6,Re,C#O;C#O;C#O;O=N=O;[H]C1NC(C2NC([H])C([H])C(OC([H])([H])[H])C2[H])C([H])C(OC([H]),2.12,5.5013,True,DIBFAY;DIBFAY01;DIBFAY02;DIBFAY05;DIBFAY08;DIBFAY10
409847489189,2,2,2,2,2,6,Mo,O;O;[H]OC(=O)C([H])([H])C(O)(C(=O)O)C([H])([H])C(=O)O[H];[H]OC(=O)C([H])([H])C(O,2.12,4.1778,False,DOVFUS;OBINIZ
678311192900,2,2,2,2,2,6,Fe,Cl;Cl;[H]C([H])(C(=O)O)N(C([H])([H])C(=O)O)C([H])([H])C(=O)O,2.12,2.5684,True,EHEXOE;QENYAK
349186670042,2,2,2,2,1,6,Ti,[H]C([H])([H])C([H])(O)C([H])([H])[H];[H]C([H])([H])C([H])(O)C([H])([H])[H];[H]C,2.12,7.496,False,GUTCEE;GUTCEE01
226563465115,2,2,2,2,1,6,Ru,Cl;[H]C([H])([H])S(=O)C([H])([H])[H];[H]C1NC(C([H])([H])N(C([H])([H])C(=O)NC2C([,2.12,2.2555,True,HOJVOV;HOJVUB
766013386196,2,2,2,2,1,6,Fe,Cl;Cl;[H]C([H])([H])N1C([H])([H])C([H])([H])N2C([H])([H])C([H])([H])N(C([H])([H],2.12,2.1612,True,HUFCUG;PUSKAR
422248098776,2,2,2,2,2,6,Fe,Br;[H]C1NC(C(C2NC([H])C([H])C([H])C2[H])(C2NC(C(C3NC([H])C([H])C([H])C3[H])(C3NC,2.12,3.8136,False,KICTID;KICTID01
238978016148,2,2,2,2,2,6,V,O;[H]O[H];[H]O[H];[H]O[H];[H]O[H];[H]O[H],2.12,2.5684,True,OBUZUH;SIBGEQ01
715087102902,2,2,2,2,1,6,Ni,[H]c1nc(-c2nc([H])n([H])c2[H])c([H])n1[H];[H]c1nc(-c2nc([H])n([H])c2[H])c([H])n1,2.12,2.7363,True,UPETAL;UPETEP
169375934343,2,2,2,2,2,4,Zn,Br;Br;[H]C1C([H])C([H])N(C([H])([H])C2C([H])C([H])C(C(=O)O)C([H])C2[H])C([H])C1[,2.12,9.4119,False,UZAZIF;UZAZIF03
167111960829,3,3,3,3,1,6,Fe,[H]C(=NC([H])([H])C([H])([H])C([H])([H])N([H])C([H])([H])C([H])([H])N([H])C([H]),2.12,7.6112,False,YELLUA01;YELNAI;YELNUC
461209618492,2,2,2,2,1,6,Co,[H]C(C(O)C(F)(F)F)C(O)C(F)(F)F;[H]C(C(O)C(F)(F)F)C(O)C(F)(F)F;[H]C([H])([H])N(C(,2.12,4.5448,False,YOMSID;YOMSID01
759385501758,5,5,5,2,1,6,Co,[H]OC([H])([H])C([H])([H])N([H])C([H])([H])C([H])([H])N=C([H])C1C([H])C([H])C([H,2.11,2.3774,False,AKOBAD;AKOBAD01;CIJRUJ;OLOMEH;OLOMEH01
177961826741,12,12,12,4,1,6,Mn,[H]C(=NC([H])([H])C([H])([H])C([H])([H])N([H])C([H])([H])C([H])([H])N([H])C([H]),2.11,4.7929,True,COFZIK;COFZIK01;COFZUW;HOPYAP;HOPYIX;HOPYOD
886564989203,4,4,4,3,2,6,Mn,N=O;[H]C1NC(C(=O)NC([H])([H])C([H])([H])N(C([H])([H])C2NC([H])C([H])C([H])C2[H]),2.11,3.6655,True,FIZQEL;FIZQEL01;FIZQEL02;FIZQEL03
94204215491,5,5,5,4,1,6,Ti,Cl;Cl;Cl;Cl;Cl;[H]C([H])([H])C#N,2.11,7.4677,True,GUPCAV;GUPCAV01;GUPCEZ;LEMYIP;OHUCAW
251306660607,2,2,2,2,1,6,Mn,C#O;C#O;C#O;[H]C1=C([H])N(C([H])([H])C([H])([H])N([H])C([H])([H])C([H])([H])N2CN,2.11,2.3223,True,JEVJAZ;TAYKUD
80493309855,2,2,2,2,1,6,Ru,C#O;C#O;[H]C1CC(N=NC2C([H])C([H])C(Br)C([H])C2[H])C([H])C([H])C1Br;[H]C1CC(N=NC2,2.11,2.3658,False,MAVPOP;SAZNUD
885299948521,2,2,2,2,1,4,Cu,[H]C1C([H])C([H])C(C(O)O)C([H])C1[H];[H]C1C([H])C([H])C(P(C2C([H])C([H])C([H])C(,2.11,2.2169,True,PONQOY;PONQOY01
936362145124,3,3,3,3,2,6,Mn,[H]C(=NC([H])([H])C([H])([H])C([H])([H])N([H])C([H])([H])C([H])([H])N([H])C([H]),2.11,4.943,False,UJIFAY;UJIFAY01;UZIYIO03
259376372382,2,2,2,2,1,6,V,O;[H]O[H];[H]c1nc(C([H])([H])N(C([H])([H])C(=O)O)C([H])(C(=O)O)C([H])([H])[H])c(,2.11,2.1731,True,VUXKIJ;XUMPEB
98701832256,4,4,4,3,2,6,Rh,Br;Br;Br;Br;[H]C([H])([H])S(=O)C([H])([H])[H];[H]C([H])([H])S(=O)C([H])([H])[H],2.1,3.4284,True,CUDVEF;SALMUQ;SALMUQ01;XENBUQ
825988010403,2,2,2,2,2,6,Cu,[H]OC([H])([H])C([H])([H])O[H];[H]OC([H])([H])C([H])([H])O[H];[H]OC([H])([H])C([,2.1,10.2279,True,ETDOCU01;ETDOCU02
390683048367,2,2,2,2,2,6,Fe,N=C=S;N=C=S;N=C=S;N=C=S;N=C=S;N=C=S,2.1,3.6374,True,FEMCAF;NEPPIJ
694414779318,2,2,2,2,1,6,Ti,Cl;[H]C([H])([H])C(N)(C([H])([H])[H])C([H])([H])[H];[H]C1NC([H])C([H])C([H])C1[H,2.1,6.3286,False,IBUWIL;LICPUJ
50996548883,2,2,2,2,2,6,Re,Cl;Cl;Cl;[H]C1NC([H])C([H])C([H])C1[H];[H]C1NC([H])C([H])C([H])C1[H];[H]C1NC([H],2.1,3.5724,True,PAHNAO;ZOKLEQ
722272545349,2,2,2,2,1,6,Pt,I;[H]C([H])[H];[H]C([H])[H];[H]C([H])[H];[H]C1NC([H])C(C#N)C([H])C1[H];[H]C1NC([,2.1,4.4118,False,WARQIS;WARQIS01
459523140972,2,2,2,2,2,6,Mo,O;O;[H]C(C(=NN=C(O)C1C([H])C([H])NC([H])C1[H])C([H])([H])[H])=C(O)C1C([H])C([H]),2.09,4.0851,True,AGACAO;AGACAO01
289725589505,3,3,3,3,2,6,Cu,[H]C1NC([H])C([H])C([H])C1[H];[H]C1NC([H])C([H])C([H])C1[H];[H]C1NC([H])C([H])C(,2.09,2.2073,True,FISKUR;LEKFOW;LEKFOW01
154344210686,4,4,4,4,2,6,V,F;F;F;F;F;O,2.09,3.5588,True,HUYRUR;LIDYED;POWYUX;WOHDOQ
679080400009,2,2,2,2,2,6,Mn,[H]N=C(N([H])[H])N([H])C(=N[H])N([H])[H];[H]N=C(N([H])[H])N([H])C(=N[H])N([H])[H,2.09,5.2444,False,JEPMEX;OMOGEC
310339703055,3,3,3,2,1,6,Rh,Br;Br;Br;Br;Br;Br,2.09,2.5402,False,MOYLOD;ROKXAS;ZOKHEM
265195481686,5,5,5,3,1,6,Fe,[H]C1C([H])C(C(=NC([H])([H])C([H])([H])N=C(C2C([H])C([H])C(OC([H])([H])[H])C([H],2.09,2.7347,False,PUKZIH;WUVRUC;XUJDOX;XUJDOX01;XUJDOX02
872850474702,2,2,2,2,2,4,Ni,[H]C1C([H])C([H])C(P(C2C([H])C([H])C([H])C([H])C2[H])C2C([H])C([H])C([H])C([H])C,2.09,2.879,False,TAHMAQ;TAHNOF
847583630933,7,7,7,4,2,6,Fe,F;F;F;F;F;F,2.08,5.1671,True,ADOSIW;HOTLAF;IWEXUG;JELNIY;NUYGET;RUMRAU
131648117824,3,3,3,2,1,6,Mn,Cl;[H]C(=NC([H])([H])C([H])([H])N=C([H])C1C([H])C([H])C([H])C([H])C1O)C1C([H])C(,2.08,2.5017,True,AFAXIO;JAGMEK;JAGMEK02
152625094966,2,2,2,2,2,6,Ru,[H]c1c(C2NC([H])C([H])C([H])C2[H])nnn1C1C([H])C([H])C([H])C([H])C1[H];[H]c1c(C2N,2.08,2.0841,True,EXIHIE;EXIHOK
680433358927,6,6,6,5,2,6,Fe,O=C(O)C(=O)O;O=C(O)C(=O)O;O=C(O)C(=O)O,2.08,7.3733,True,FOFQOI;KALGOU04;KERGEV;NIRQOU;RORRAR;VIDTAG
723996365367,2,2,2,2,1,6,Co,Cl;Cl;[H]C1NC(C([H])([H])SC([H])([H])C([H])([H])SC([H])([H])C2NC([H])C([H])C([H],2.08,3.5607,True,IXEQAF;IXEQAF01
699032878057,2,2,2,2,1,6,Co,[H]C(=O)C1C([H])C(Cl)C([H])C(Br)C1O;[H]C(=O)C1C([H])C(Cl)C([H])C(Br)C1O;[H]O[H];,2.08,2.08,False,QISBIG;WAWCIK
215493701138,2,2,2,2,2,6,Ru,Cl;Cl;Cl;[H]C([H])([H])SC([H])([H])[H];[H]C([H])([H])SC([H])([H])[H];[H]C([H])([,2.08,2.2546,True,TAKDIS01;TAKDIS02
19789602831,2,2,2,2,1,6,Co,[H]N([H])C(=O)C([H])([H])N([H])[H];[H]N([H])C(=O)C([H])([H])N([H])[H];[H]O[H];[H,2.08,3.472,True,WOPZEJ;WOQBEM
580492635640,4,4,4,3,2,6,Pt,Br;Br;Br;Br;Br;[H]C([H])([H])S(=O)C([H])([H])[H],2.07,3.5711,True,AZOCAV;AZURUK;GELNAO;GELNES
307765880001,4,4,4,2,1,6,Re,Cl;Cl;Cl;Cl;O;[H]C([H])([H])O,2.07,7.1081,False,GODGUD;GODHAK;GODHEO;NISFAY
71185185956,2,2,2,2,1,6,Mo,O;O;[H]B(N1NC(C([H])([H])[H])NC1C([H])([H])[H])(N1NC(C([H])([H])[H])NC1C([H])([H,2.07,7.6167,False,LETVOV;LETVOV10
322552020749,3,3,3,2,1,6,Ru,Cl;Cl;N=O;[H]C1NC(C2NC(C3NC([H])C([H])C([H])C3[H])C([H])C([H])C2[H])C([H])C([H]),2.07,3.5228,False,NICBOR;RAMJEU;RAMJEU01
685397123035,3,3,3,2,1,6,Re,Cl;Cl;Cl;Cl;Cl;[H]C(=O)N(C([H])([H])[H])C([H])([H])[H],2.07,6.021,False,OVACAQ;OVACAQ01;QEHGOA
804771571082,2,2,2,2,1,6,Mo,Cl;Cl;Cl;Cl;O;O,2.07,2.2228,False,QUXYOY;VONYAZ
872797243333,2,2,2,1,1,6,Ti,Cl;Cl;[H]C1NC([H])C([H])C([H])C1[H];[H]C1NC([H])C([H])C([H])C1[H];[H]C1NC([H])C(,2.07,2.0706,False,TIRGOQ;ZIDQAE01
808240296277,2,2,2,2,1,6,Ru,[H]C(C(=O)C([H])([H])[H])=C(NC1C([H])C([H])C(OC([H])([H])[H])C([H])C1[H])C([H])(,2.07,2.1122,True,WOYLAA;WOYLEE
397654906821,2,2,2,2,1,6,Cr,C#O;C#O;C#O;C#O;[H]C1C([H])C([H])C(P2C([H])([H])P(C3C([H])C([H])C([H])C([H])C3[H,2.07,4.0062,True,XADVII;XADVUU
966464774725,2,2,2,2,2,4,Ni,[H]C(=NC1([H])C([H])([H])C([H])([H])C([H])([H])C([H])([H])C1([H])N=C([H])C1C([H],2.07,3.9891,True,YINMEO;YIRZAB
203813200806,6,6,6,6,2,6,Mn,[H]C(=NC([H])([H])C([H])([H])C([H])([H])N([H])C([H])([H])C([H])([H])N([H])C([H]),2.06,5.4062,True,AYIDUK;AYIFAS;AYIFOG;AYIFUM;AYIJAW;AYIJAW01
252714093089,2,2,2,2,2,6,Ni,N=N=N;N=N=N;[H]C1NC(N([H])C2NC([H])C([H])C([H])C2[H])C([H])C([H])C1[H];[H]C1NC(N,2.06,3.0359,True,EYOWEU;EYOWEU01
496835963131,5,5,5,3,1,6,Fe,[H]C(=NC([H])([H])C([H])([H])N=C([H])C1C([H])C([H])C([H])C([H])C1O)C1C([H])C([H],2.06,3.2471,True,FESYAD;FESYAD01;FESYAD02;FESYAD03;FESYEH
307165696381,2,2,2,2,1,6,Ti,[H]C([H])([H])C([H])([H])O;[H]C([H])([H])C([H])([H])O;[H]C1C(C([H])([H])[H])C([H,2.06,3.8226,False,GUTBON;GUTBON01
529831659479,2,2,2,2,2,6,Mn,[H]C(=NC([H])([H])C([H])([H])C([H])([H])N([H])C([H])([H])C([H])([H])N([H])C([H]),2.06,3.8394,True,HAPNIZ;HAPPAT
168599537583,2,2,2,2,1,6,Re,Cl;Cl;Cl;Cl;[H]C1NC(C2NC([H])C([H])C([H])N2)NC([H])C1[H],2.06,2.252,True,PEXNEM;PEXNOW
722960715842,2,2,2,2,1,6,Ru,[H]C1C([H])C([H])C(SC([H])([H])C2NC(C([H])([H])SC3C([H])C([H])C([H])C([H])C3S)C(,2.06,4.7139,False,QAKPOI;QAKPUO
108769771260,2,2,2,2,2,6,W,C#O;C#O;C#O;C#O;C#O;[H]C1C([H])C([H])C(P2C3(C([H])([H])[H])C([H])(C4C([H])C([H]),2.06,2.6084,True,TAXJEI;TECVUT
989158387134,2,2,2,2,2,6,Ru,N=O;[H]C1NN(B([H])(N2NC([H])C([H])C2[H])N2NC([H])C([H])C2[H])C([H])C1[H];[H]C=C(,2.05,3.3188,True,AVOXAK;AVOXEO
193608957122,4,4,4,2,2,6,Ru,O=S=O;[H]N([H])[H];[H]N([H])[H];[H]N([H])[H];[H]N([H])[H];[H]O[H],2.05,3.5924,True,CALWUI01;IQOWOA;LUNXAT01;LUNXAT03
792211094838,2,2,2,2,1,6,Cr,N=C=S;N=C=S;[H]C(=NC1C([H])C([H])C([H])C([H])C1N=C([H])C1C(O)C([H])C([H])C2C([H],2.05,2.0516,False,CERDOT;CERDUZ
654231324520,7,7,7,5,2,6,Ni,[H]C1NC(C2NC([H])C([H])C([H])C2[H])C([H])C([H])C1[H];[H]O[H];[H]O[H];[H]O[H];[H],2.05,8.742,True,CUPJEC;EMAXUM;EMAXUM01;FIGPES;SIJDEV;WUWZET
269978493710,2,2,2,2,2,6,Re,C#O;C#O;C#O;[H]C([H])([H])C(N#C)(C([H])([H])[H])C([H])([H])[H];[H]C1C([H])C([H]),2.05,3.7249,True,KEKJOA;KEKJUG
941359695231,2,2,2,2,2,6,Mo,O;O;[H]C(=NC([H])([H])c1oc([H])c([H])c1[H])C1C([H])C([H])C([H])C([H])C1O;[H]C(=N,2.05,2.0849,True,YEBQUU;YEBQUU01
83822246423,5,5,5,3,1,6,Mn,[H]C(C(O)C([H])([H])[H])C(O)C([H])([H])[H];[H]C(C(O)C([H])([H])[H])C(O)C([H])([H,2.04,3.1,True,ACACMN02;ACACMN21;ACACMN25;ACACMN32;ACACMN38
89593618381,2,2,2,2,2,6,Cu,FP(F)(F)(F)(F)F;FP(F)(F)(F)(F)F;[H]C1NC([H])C([H])C([H])C1[H];[H]C1NC([H])C([H]),2.04,3.5538,True,BIHTIX;BIHVEV
648588802212,3,3,3,2,2,6,Mo,O;O;[H]C(=NC1NC([H])C([H])C([H])C1O)C1C([H])C([H])C([H])C([H])C1O;[H]OC([H])([H],2.04,3.3491,True,CUMMIH;CUMMIH01;CUMMIH02
381772958702,2,2,2,2,1,6,Ru,Cl;Cl;Cl;[H]C1NC(C([H])([H])N(C([H])([H])C2NC([H])C([H])C([H])C2[H])C([H])([H])C,2.04,3.2422,True,MOGQUV;MOLHEB
285836021000,3,3,3,2,1,6,Fe,Cl;Cl;Cl;[H]C1NC(C([H])([H])N(C([H])([H])[H])C([H])([H])C2NC([H])C([H])C([H])C2[,2.04,6.1483,False,RAGQEV;RAGQEV01;RAGQEV02
810696880343,2,2,2,2,1,6,Ru,Cl;Cl;[H]C1C([H])C([H])C(P(C2C([H])C([H])C([H])C([H])C2[H])C2C([H])C([H])C([H])C,2.04,5.9788,False,ZUXCIE;ZUXCIE01
719076791540,3,3,3,3,2,6,Mo,O;O;[H]C(=NN=C(S)SC([H])([H])[H])C1C([H])C([H])C([H])C([H])C1O;[H]OC([H])([H])[H,2.03,2.2361,True,CANVET;GOZCUV;VUDQUH
560636814042,8,8,8,4,2,6,Cr,N=C=S;N=C=S;N=C=S;N=C=S;N=C=S;N=C=S,2.03,7.1623,True,FILJUH;HIWDIC;KADWUI;RUJYOL;RUJYUR01;RUJZAY
813266886520,3,3,3,2,1,6,V,F;F;F;F;O;[H]O[H],2.03,2.9917,False,JIQCUI;NAVLOM;UTEHIL
740051728391,3,3,3,2,1,6,Ni,N=C=S;N=C=S;[H]N([H])C([H])([H])C([H])([H])N(C([H])([H])C([H])([H])N([H])[H])C([,2.03,2.4324,False,TATENI03;TATENI11;TATENI12
127466176120,2,2,2,2,2,6,Fe,[H]C(=NC([H])([H])C([H])([H])N([H])C([H])([H])C([H])([H])C([H])([H])N([H])C([H]),2.03,5.6008,False,UMEQOW;UMEQUC
470252730243,2,2,2,1,1,6,Mo,Cl;Cl;O;O;[H]C([H])([H])OC([H])([H])C([H])([H])OC([H])([H])[H],2.02,2.02,False,BIMDOQ;BIMDOQ02
60102558297,3,3,3,2,2,4,Ni,[H]C1=C([H])N(C([H])([H])N2CN(C([H])([H])[H])C([H])=C2[H])CN1C([H])([H])[H];[H]C,2.02,6.7082,False,CAFFEX;GUFFIY;GUFGAR
801117011946,2,2,2,2,2,6,Pt,Cl;Cl;Cl;[H]C1NC([H])C([H])C([H])C1[H];[H]N([H])C([H])([H])C([H])([H])C([H])([H],2.02,3.5753,True,LACQUC;NOTSUK
734642541567,4,4,4,4,2,6,Ru,Br;Br;C#O;C#O;[H]C1NC(C2NC([H])C([H])C([H])C2[H])C([H])C([H])C1[H],2.02,2.1346,True,MALBUZ;MALBUZ01;TAWVOC;TAWVOC01
524014702664,2,2,2,2,2,6,Rh,Cl;[H]C1C([H])C([H])C(N=NC(=NO)C2C([H])C([H])C([H])C([H])C2[H])C([H])C1[H];[H]C1,2.02,2.7732,True,VEXNAR;VEXNEV
133652371175,2,2,2,2,1,6,W,Cl;Cl;Cl;[H]C([H])([H])P(C([H])([H])[H])C([H])([H])[H];[H]C([H])([H])P(C([H])([H,2.02,2.0393,True,ZAJBIV;ZAJBIV01
18879765114,2,2,2,2,1,6,Ti,[H]C([H])([H])C([H])(O)C([H])([H])[H];[H]C([H])([H])C([H])(O)C([H])([H])[H];[H]C,2.01,2.1064,True,COLWOQ;COLWOQ01
23472436462,5,5,5,3,2,4,Pt,[H]C1C([H])C([H])C(P(C2C([H])C([H])C([H])C([H])C2[H])C([H])([H])C([H])([H])P(C2C,2.01,7.1903,True,DEBXOX01;GACMIL;LOWVUR;TATHUU;UFAWUW
555423675583,2,2,2,2,1,6,Ni,[H]N([H])C([H])([H])C([H])([H])C([H])([H])N([H])C([H])([H])C([H])([H])C([H])([H],2.01,2.4325,False,FARWAY;MOKJUV
502965344803,2,2,2,2,1,6,Mo,O;O;[H]OC([H])([H])C(N=C([H])C1C(O)C([H])C([H])C2C([H])C([H])C([H])C([H])C12)(C(,2.01,3.2078,True,GIGPOC;GIGPOC01
582359788917,2,2,2,2,1,6,W,C#O;C#O;C#O;C#O;C#O;[H]N1C([H])([H])C([H])([H])C([H])([H])C([H])([H])C1([H])[H],2.01,3.5367,False,JORMOS01;ZOTFET
392463691840,2,2,2,2,1,6,Ru,Cl;[H]C1NC(C2NC(C3NC([H])C([H])C([H])C3[H])C([H])C([H])C2[H])C([H])C([H])C1[H];[,2.01,2.8426,False,UWUZAO;UWUZES
687369105467,2,2,2,2,1,6,Re,O;[H]C([H])[H];[H]C1NC(C(=O)O)C([H])C([H])C1[H];[H]C1NC(C(=O)O)C([H])C([H])C1[H],2.0,2.9437,True,BAQNOW;BAQNOW01
554877363717,3,3,3,3,2,6,Ru,Cl;Cl;[H]C([H])([H])S(=O)C([H])([H])[H];[H]C([H])([H])S(=O)C([H])([H])[H];[H]N([,2.0,2.413,True,CAQZUQ;CAQZUQ01;CAQZUQ02
515966936533,2,2,2,2,1,6,Rh,O=N=O;O=N=O;O=N=O;O=N=O;[H]N([H])C([H])([H])C([H])([H])N([H])[H],2.0,7.9845,False,DEJGUY;DEKMOZ
321891885790,3,3,3,3,2,4,Co,[H]C(=C([H])P(C1C([H])C([H])C([H])C([H])C1[H])C1C([H])C([H])C([H])C([H])C1[H])P(,2.0,3.7228,True,PEHJAR;XAVPOD;XAVQAQ
829514420752,2,2,2,1,1,6,Fe,[H]C(=NC([H])([H])C([H])([H])N([H])C([H])([H])C([H])([H])C([H])([H])N([H])C([H]),2.0,2.0049,False,UMERAJ;UMEREN
193807966039,2,2,2,1,1,6,Fe,C#O;C#O;C#O;C#O;[H]C([H])([H])C(C=O)(OC=O)C([H])([H])[H],1.99,1.999,False,ACUZII;ACUZII01
149909706068,2,2,2,2,1,5,Ti,[H]C([H])([H])N(C(NC1([H])C([H])([H])C([H])([H])C([H])([H])C([H])([H])C1([H])[H],1.99,2.3394,True,ERUPOX;ERUPOX01
349923890960,2,2,2,2,2,6,Cu,[H]c1nnnn1C1([H])C([H])([H])C1([H])[H];[H]c1nnnn1C1([H])C([H])([H])C1([H])[H];[H,1.99,2.5787,False,IVEZOB;IVICIC
70922220830,2,2,2,2,2,6,Fe,[H]C(C(=O)C([H])([H])[H])=C(NC([H])([H])C([H])([H])NC(=C([H])C(=O)C([H])([H])[H],1.99,5.1777,False,KITYOB;KITYOB01
491412776130,2,2,2,1,1,6,Os,Cl;Cl;Cl;Cl;[H]C1=NN([H])C2C([H])C([H])C([H])C([H])C12;[H]C1=NN([H])C2C([H])C([H,1.99,2.377,False,MEFTUP;MEFVAX
748477411462,2,2,2,2,1,6,Cr,C#O;C#O;C#O;C#O;C#O;[H]C([H])([H])SC#N,1.99,4.9661,True,MTCYCR;MTCYCR01
961063608590,2,2,2,2,1,6,W,C#O;C#O;C#O;C#O;C#O;[H]C1C([H])C([H])C(COC([H])([H])C([H])([H])[H])C([H])C1[H],1.99,3.5917,True,YUFVEA;YUFVEA01
336134851660,2,2,2,2,2,6,V,O;[H]C1NC(C2NC([H])C([H])C([H])C2[H])C([H])C([H])C1[H];[H]N(C([H])([H])C(=O)O)C(,1.98,3.7291,True,CAGSAE;CAGSAE01
482000420220,4,4,4,3,1,6,W,C#O;C#O;C#O;C#O;[H]C1C([H])C([H])C(P(C2C([H])C([H])C([H])C([H])C2[H])C([H])([H]),1.98,2.3686,False,CEMSAP;CEMSAP01;CEMSAP02;CEMSAP03
727462091150,2,2,2,2,2,6,Mo,N=C=S;N=C=S;N=C=S;N=C=S;[H]C1NC([H])C([H])C(C([H])([H])[H])C1[H];[H]C1NC([H])C([,1.98,5.1831,False,HUJNUW;HUJPAE
561756933852,2,2,2,2,2,5,Ti,[H]C([H])([H])NC([H])([H])[H];[H]C([H])([H])NC([H])([H])[H];[H]C1C(C([H])([H])[H,1.98,7.2939,False,LADFIF;LADFUR
498157219490,3,3,3,3,2,6,Rh,Cl;Cl;[H]C1NC([H])C([H])C([H])C1[H];[H]c1nn(C2C([H])C(C([H])([H])[H])C([H])C([H],1.98,4.1735,True,REJFIX;REJFOD;REJFUJ
653855725455,2,2,2,2,2,6,Cr,Cl;Cl;[H]N([H])C([H])([H])C([H])([H])N([H])C([H])([H])C([H])([H])N([H])C([H])([H,1.98,4.0038,False,RUNRIB;RUNRIB01
412312253151,206,206,125,3,2,4,Fe,Cl;Cl;Cl;Cl,1.97,4.3449,False,AFEFUN;AFIGEE;AHEPOT;ASEFUA;ATOVIQ;AXOPOU
268661236184,2,2,2,2,2,6,Fe,Cl;Cl;Cl;[H]C1NC(C2NC([H])C([H])C([H])C2[H])C([H])C([H])C1[H];[H]OC([H])([H])[H],1.97,2.2466,True,ATOFEW;NALSOK
207269058779,2,2,2,2,2,6,Ir,[H]C([H])([H])P(C([H])([H])[H])C([H])([H])[H];[H]C1C(C([H])([H])[H])NN(B([H])(N2,1.97,2.0427,True,FOFGIT;FOFGIT01
861088220000,4,4,4,4,2,6,Co,C#N;C#N;C#N;[H]N([H])C([H])([H])C([H])([H])N([H])C([H])([H])C([H])([H])C([H])([H,1.97,3.4482,True,IDARAG;IDARAG01;IDARAG02;IDAREK
294769227399,2,2,2,1,1,6,Mn,Cl;Cl;[H]C1C([H])C2NC(C1[H])C([H])([H])N([H])C([H])([H])C([H])([H])N([H])C([H])(,1.97,2.1742,False,IGIKOB;VIFWUD
605040685335,4,4,4,3,2,6,Ru,Cl;Cl;N=O;[H]C1NC([H])C([H])C([H])C1[H];[H]C1NC([H])C([H])C([H])C1[H];[H]O[H],1.97,3.3595,True,NOKVUG;NOKWAN;SEJVAH;UZETEA
762114047593,2,2,2,2,1,6,Cd,[H]C(=NC([H])([H])C([H])([H])C([H])([H])N1C([H])([H])C([H])([H])OC([H])([H])C1([,1.97,2.0653,False,OXEXEW;OXEXEW01
698704195651,2,2,2,2,2,6,Ir,Br;C#O;Cl;[H]C([H])([H])P(C([H])([H])[H])C([H])([H])[H];[H]C([H])([H])P(C([H])([,1.96,2.4145,True,BOQCUG;BOWKII
855495529928,2,2,2,2,2,6,Zn,[H]C1C(C2=NC3C([H])C([H])C([H])C([H])C3N2[H])NC(C2=NC3C([H])C([H])C([H])C([H])C3,1.96,6.512,False,BUQDOJ;QAYVUJ
520326804653,2,2,2,2,1,6,Fe,N=C=S;N=C=S;N=C=S;[H]C1NC(C(OC([H])([H])C([H])([H])[H])(C2NC([H])C([H])C([H])C2[,1.96,5.6039,True,IROMOU;IROMOU02
989815612566,2,2,2,2,1,6,V,O;[H]C(=NC([H])([H])C([H])([H])C1NC([H])C([H])C([H])C1[H])C1C([H])C([H])C([H])C(,1.96,2.5815,True,OGORUY;OGORUY01
276314467525,2,2,2,2,1,6,Ir,[H]C1CC(C2NC([H])C([H])C([H])C2[H])C(F)C([H])C1F;[H]C1CC(C2NC([H])C([H])C([H])C2,1.96,4.0114,True,OZIYIH;OZIYIH01
960364536101,2,2,2,2,1,6,Fe,[H]C([H])([H])C#N;[H]C([H])([H])C#N;[H]C1NC(C([H])([H])N([H])C([H])([H])C([H])([,1.96,2.2624,False,SAVQIR;YEJDOJ
344777296992,2,2,2,2,1,6,Re,C#O;C#O;C#O;C#O;C#O;Cl,1.95,4.7033,False,FOHCAG;FOHCAG01
812768132687,11,11,8,3,1,6,Cr,C#O;C#O;C#O;C#O;C#O;C#O,1.95,7.4217,False,FOHCOU;FOHCOU01;FOHCOU02;FOHCOU05;FOHCOU06;FOHCOU07
7187025341,2,2,2,2,2,6,Ir,[H]C1CC(C2NC([H])C(C([H])([H])[H])C([H])C2[H])C(F)C([H])C1F;[H]C1CC(C2NC([H])C(C,1.95,3.8245,True,GIPZEO;RAPYIS
891332558558,3,3,3,2,1,6,Re,Cl;Cl;[H]C1C([H])C([H])C(C(=O)N=N)C([H])C1[H];[H]C1C([H])C([H])C(P(C2C([H])C([H],1.95,7.4208,False,IPAQUL;IPAQUL01;WAVPIT
809228752371,9,9,8,5,2,6,W,C#O;C#O;C#O;C#O;C#O;C#O,1.95,8.9484,True,KOVSOD;KOVSOD02;KOVSOD03;KOVSOD04;KOVSOD05;KOVSOD06
543174751139,5,5,5,3,2,6,Ti,[H]C(C(O)C([H])([H])[H])C(O)C([H])([H])[H];[H]C(C(O)C([H])([H])[H])C(O)C([H])([H,1.95,4.0408,False,QAMCAI01;QAMCAI02;QAMCAI04;QAMCAI05;XAQWIY
518624203993,4,4,4,4,2,6,Ru,C#N;C#N;C#N;C#N;[H]C1NC(C2NC([H])C([H])C([H])C2[H])C([H])C([H])C1[H],1.95,4.3068,True,QOXFOZ;QOXFUF;QOXGAM;QOXGEQ
403095036013,2,2,2,2,1,6,Re,Br;Br;[H]C1C([H])C(C([H])([H])[H])C([H])C([H])C1N;[H]C1C([H])C([H])C(P(C2C([H])C,1.95,2.3947,True,UMADOD;UMADUJ
349087158286,2,2,2,2,1,6,Ru,Cl;Cl;[H]C1C([H])C([H])C(P(C2C([H])C([H])C([H])C([H])C2[H])C2C([H])C([H])C([H])C,1.94,3.2762,False,AFAJEW;AFAJIA
37686616109,2,2,2,2,1,6,Fe,N=C=S;N=C=S;[H]C1NC(N([H])C2NC(C3NC(N([H])C4NC([H])C([H])C([H])C4[H])C([H])C([H],1.94,1.9938,False,BOWNIL;QOMDAY
851295644023,2,2,2,2,2,6,Ru,Cl;[H]C([H])([H])S(=O)C([H])([H])[H];[H]C1NC(N([H])C2NC([H])C([H])C([H])C2[H])C(,1.94,4.827,False,FEVDES;XIBGEX
48214876167,2,2,2,2,1,6,Ir,[H]C1CC(C2NC([H])C([H])C([H])C2[H])C(F)C([H])C1F;[H]C1CC(C2NC([H])C([H])C([H])C2,1.94,2.6127,False,GIPYOX;TAHKOF
566022143004,2,2,2,2,2,6,Os,Cl;F;F;F;F;F,1.94,3.4974,True,HEVDAN;KANQUL
506018568473,3,3,3,3,2,6,Fe,[H]C1([H])OC([H])([H])C([H])([H])C1([H])[H];[H]C1([H])OC([H])([H])C([H])([H])C1(,1.94,2.4365,True,HISCUH01;NIPGIG;NIPGOM
605142478718,3,3,3,2,2,6,Cr,Cl;Cl;Cl;[H]O[H];[H]O[H];[H]O[H],1.94,1.9679,True,KORFUW;KORGAD;KORGEH
632171074318,2,2,2,2,2,6,Re,Cl;Cl;Cl;O;[H]c1nn(C([H])([H])n2nc([H])c([H])c2[H])c([H])c1[H],1.94,1.9524,True,NARTUW;NARTUW01
936230135056,3,3,3,3,1,6,Ru,[H]c1nnnn1C([H])([H])C([H])([H])C([H])([H])[H];[H]c1nnnn1C([H])([H])C([H])([H])C,1.94,6.1918,False,TATBEZ;TATBEZ01;TATBEZ02
821395998073,5,5,5,4,2,4,Co,[H]C1C([H])C([H])C(P(C2C([H])C([H])C([H])C([H])C2[H])C([H])([H])C([H])([H])P(C2C,1.93,9.4302,False,AFITUE;UCOYET;UTAYOE;XOXDIX;XOXDIX01
39284449562,2,2,2,2,1,6,Ru,Cl;Cl;Cl;N=O;[H]C1C([H])C([H])C(P(C2C([H])C([H])C([H])C([H])C2[H])C2C([H])C([H]),1.93,1.9488,False,AQOCUF;QETDUP
986002072997,3,3,3,3,2,6,Ru,Cl;Cl;[H]C([H])([H])C#N;[H]C([H])([H])S(=O)C([H])([H])[H];[H]C([H])([H])S(=O)C([,1.93,3.7713,True,AQUROT;AQUROT01;AQUROT02
871552744192,2,2,2,1,1,4,Cu,[H]NC1C([H])C([H])C([H])C([H])C1C([H])=NC1C([H])C([H])C([H])C([H])C1C([H])=NC1C(,1.93,2.0014,False,BOLMOG;BOLMOG01
135144585092,2,2,2,2,2,6,Ir,[H]C1CC(C2NC([H])C([H])C([H])C2[H])C([H])C(C2C([H])C([H])C([H])C([H])C2[H])C1[H],1.93,6.7709,False,BOYPEM;BOYPEM01
180527192296,2,2,2,1,1,6,Mn,N=C=S;[H]C(=NC([H])([H])C([H])([H])N=C([H])C1C([H])C([H])C(OC([H])([H])[H])C([H],1.93,4.0407,False,EBEFIC;EBEFIC01
183693672476,2,2,2,2,1,6,Cr,[H]C1C([H])C([H])C(C#C)C([H])C1[H];[H]C1C([H])C([H])C(C#C)C([H])C1[H];[H]N1C([H],1.93,2.2779,True,EWOTIV;EWOTOB
214317653909,2,2,2,2,2,6,Co,[H]C1NC([H])C(C(=O)N([H])[H])C([H])C1[H];[H]O[H];[H]O[H];[H]O[H];[H]c1c(C(=O)O)[,1.93,4.9148,False,HOVLAH;PATTUA
846154763580,2,2,2,2,1,6,Ir,[H]C1CC(C2NC([H])C([H])C(C([H])([H])[H])C2[H])C(F)NC1F;[H]C1CC(C2NC([H])C([H])C(,1.93,1.9302,True,OHUMUB;OHUMUB01
910047342027,2,2,2,2,2,6,Ni,[H]OP(=O)(O)C([H])([H])N1C([H])([H])C([H])([H])N([H])C([H])([H])C([H])([H])C([H],1.93,1.9474,True,QEXQOZ;QEXRAM
341138401517,2,2,2,1,1,6,Co,[H]OC([H])([H])[H];[H]OC([H])([H])[H];[H]c1sc(C(O)C([H])C(O)C(F)(F)F)c([H])c1[H],1.93,2.6804,False,THFACO;THFACO01
427066165906,2,2,2,2,2,6,Ru,C#O;[H]C1NC(C2NC(C3NC([H])C([H])C([H])C3[H])C([H])C(C3C([H])C(OC([H])([H])[H])C(,1.93,2.1424,True,TUWMUU;TUWNAB
659846749186,2,2,2,2,1,6,Ru,Cl;Cl;[H]C([H])([H])S(=O)C([H])([H])[H];[H]C([H])([H])S(=O)C([H])([H])[H];[H]C1=,1.93,1.9449,True,WOJTUK;YEBKIZ01
251266876747,7,7,7,5,1,6,Zn,[H]C1NC2C3NC([H])C([H])C([H])C3C([H])C([H])C2C([H])C1[H];[H]C1NC2C3NC([H])C([H]),1.92,3.9524,True,CACGAQ;EKEHOS;LUDTAH;MEBGOQ;NOVBOS;UWIJUG
161980189403,11,11,11,5,2,6,Fe,[H]C(=NC([H])([H])C([H])([H])N([H])C([H])([H])C([H])([H])[H])C1C([H])C(Br)C([H]),1.92,4.9017,True,EJUVUC;EJUVUC01;EJUVUC02;JUKQAK01;PENLAZ;PENLAZ01
452993659158,2,2,2,2,2,6,V,O;[H]C1=C(C([H])([H])[H])N(B([H])(N2N=C(C([H])([H])[H])C([H])=C2C([H])([H])[H])N,1.92,1.9201,True,FOPMUT;FOPNAA
821935607312,2,2,2,2,2,6,W,C#O;C#O;C#O;C#O;C#O;[H]C1C([H])C([H])C(C2([H])OC3(C4C([H])C([H])C([H])C([H])C4[H,1.92,9.2123,True,HECXUL;HECYAS
715816481514,2,2,2,2,2,6,W,Cl;Cl;O;O;[H]C1NC2C3NC([H])C([H])C([H])C3C([H])C([H])C2C([H])C1[H],1.92,2.2589,True,KEVTUB;TOFLEF01
58365525247,2,2,2,2,1,6,Pt,Cl;[H]C([H])[H];[H]C([H])[H];[H]C1C([H])C([H])C([Te]C2C([H])C([H])C([H])C([H])C2,1.92,4.8007,False,OJISEF;OJISIJ
489733775885,2,2,2,2,2,6,Fe,[H]C1([H])N(C(S)S)C([H])([H])C([H])([H])C1([H])[H];[H]C1([H])N(C(S)S)C([H])([H]),1.92,2.7942,False,PYCDFE10;PYTCFE
101539223239,3,3,3,2,1,6,Ni,[H]C1NC([H])C([H])C([H])C1[H];[H]C1NC([H])C([H])C([H])C1[H];[H]OC1NC(C(=O)O)C([H,1.92,3.9684,True,RUWCAO;RUWCAO01;RUWCIW
136163216217,3,3,3,1,1,6,V,Cl;Cl;[H]C1NC([H])C([H])C([H])C1[H];[H]C1NC([H])C([H])C([H])C1[H];[H]C1NC([H])C(,1.92,3.545,False,TPYCLV;TPYCLV02;XOMKAO
423735233277,2,2,2,2,1,6,Ni,N=C=S;N=C=S;[H]C1([H])N2C([H])([H])N3C([H])([H])N1C([H])([H])N(C2([H])[H])C3([H],1.92,3.5366,True,XILROA;XILROA01
274087804890,2,2,2,2,2,6,V,O;[H]O[H];[H]c1nc(C([H])([H])N(C([H])([H])C(=O)O)C([H])(C(=O)O)C([H])([H])C([H]),1.92,3.8612,True,XUMNUP;XUMPAX
495114490057,3,3,3,2,1,6,Cr,[H]C(C(O)C([H])([H])[H])C(O)C([H])([H])[H];[H]C(C(O)C([H])([H])[H])C(O)C([H])([H,1.91,2.4348,False,ACACCR02;ACACCR05;ACACCR07
791965249377,2,2,2,2,1,6,Mn,[H]O[H];[H]O[H];[H]O[H];[H]O[H];[H]O[H];[H]n1c(=O)[nH]c(=O)n([H])c1=O,1.91,3.2101,True,FETGAM01;FETGAM02
160491475029,2,2,2,2,2,6,Co,N=C=S;N=C=S;[H]C1C([H])C2NC(C1[H])C([H])([H])N(C(C([H])([H])[H])(C([H])([H])[H]),1.91,2.3681,False,HEBCOK;HEBCOK01
978241771484,2,2,2,2,1,4,Ni,[H]C(=NC1C([H])C([H])C([H])C([H])C1N=C([H])C1C([H])C(Cl)C([H])C(Cl)C1O)C1C([H])C,1.91,1.9102,True,HEHSAO;HEHSAO01
454558839914,3,3,3,3,2,6,Ru,C#O;C#O;C#O;Cl;Cl;[H]O[H],1.91,3.3455,True,KIGZOP;OLUWUN;OLUWUN01
129126238752,2,2,2,2,1,6,V,Cl;Cl;O;[H]C1C([H])C(C2NC(C([H])([H])[H])C([H])C([H])C2[H])NC(C2NC(C([H])([H])[H,1.91,4.4597,False,LUMPEQ;LUMPEQ01
540437879388,3,3,3,3,1,6,Mn,C#O;C#O;[H]C1C([H])C2NC(C1[H])C([H])([H])SC([H])([H])C1NC(C([H])C([H])C1[H])C([H,1.91,3.4248,True,MIXRET;MIXRIX;MIXROD
645693950614,2,2,2,2,2,6,Cr,C#O;C#O;C#O;C#O;C#O;[H]C([H])([H])C1(C([H])([H])[H])OC2([H])OC3([H])C4([H])OP(OC,1.91,2.7082,True,RIMDIA;RIMDIA01
771814256691,2,2,2,1,1,6,W,[H]C([H])([H])P(C([H])([H])[H])C([H])([H])[H];[H]C([H])([H])P(C([H])([H])[H])C([,1.91,2.5636,False,SAKHOD;SAKHUJ
712660349861,2,2,2,2,1,6,Ni,[H]OC([H])([H])C1C(C([H])=NN([H])C(=S)N([H])[H])C(O)C(C([H])([H])[H])N([H])C1[H],1.91,2.4598,False,VIHMOP;VIHMOP01
837622326000,2,2,2,2,2,6,Re,Cl;Cl;Cl;Cl;Cl;[H]C1NC([H])C([H])C([H])C1[H],1.9,3.4837,True,AKINUD;IQUBEC
752770468806,3,3,3,2,2,6,Re,Cl;O;[H]C1C([H])C([H])C(C2=NC([H])([H])C([H])([H])S2)C(O)C1[H];[H]C1C([H])C([H]),1.9,9.4333,True,AZOXOC;AZOXOC01;WAFCUE
682654353956,4,4,4,3,1,6,Ni,[H]C1NC(C(=O)O)C([H])C([H])C1C(=O)O;[H]O[H];[H]O[H];[H]O[H];[H]O[H],1.9,3.4528,True,HIQBAL;HIQBAL01;UMOFIL;UMOFIL01
876175506850,2,2,2,2,1,4,Cu,N=N=N;N=N=N;[H]C1([H])N2C([H])([H])C3([H])C([H])([H])C([H])(C([H])([H])N4C([H])(,1.9,3.9211,False,IFIBEE;WURSEH
802198881137,2,2,2,2,2,6,Cr,C#O;C#O;C#O;C#O;C#O;[H]C1C([H])C([H])C(P(C2C([H])C([H])C([H])C([H])C2[H])C2C([H],1.9,3.0376,True,PCTPCR10;PCTPCR11
472586034150,2,2,2,2,2,6,Fe,[H]C(=NC([H])([H])C([H])([H])N([H])C([H])([H])C([H])([H])[H])C1C([H])C(N=NC2C([H,1.9,3.2202,True,SISZOM;SISZUS
85885339165,3,3,3,2,2,6,Ni,Cl;Cl;[H]N([H])C(=S)N([H])[H];[H]N([H])C(=S)N([H])[H];[H]N([H])C(=S)N([H])[H];[H,1.9,2.4647,False,SURNIC01;SURNIC02;SURNIC03
779338367145,3,3,3,3,2,4,Ni,[H]C(=NC1C([H])C([H])C([H])C([H])C1N=C([H])C1C([H])C([H])C([H])C(OC([H])([H])[H],1.9,7.7324,True,TOMYOM;YOLJOY01;YOLJOY03
925876693559,2,2,2,2,1,6,Mn,[H]C1([H])OC([H])([H])C([H])([H])C1([H])[H];[H]C1([H])OC([H])([H])C([H])([H])C1(,1.9,7.4175,False,XASZIC;XASZIC01
350070923339,2,2,2,2,2,6,Ni,[H]OC([H])([H])C([H])([H])C1NC([H])C([H])C([H])C1[H];[H]O[H];[H]O[H];[H]O[H];[H],1.89,1.9137,True,BOZJEH;BOZJEH01
837092673240,2,2,2,2,1,6,Cr,F;F;F;[H]C1NC(C2NC([H])C([H])C([H])C2[H])C([H])C([H])C1[H];[H]O[H],1.89,6.6924,False,DUCQIC;LIVPUF
492957773469,2,2,2,2,1,6,Ru,N=O;[H]C1CC([H])C([H])C(F)C1[H];[H]c1c2nc(c([H])c3[nH]c(c([H])c4nc(c([H])c5[nH]c,1.89,5.8251,False,EBORES;EBORES01
642927252488,3,3,3,3,1,6,Mn,Cl;Cl;Cl;[H]O[H];[H]O[H];[H]O[H],1.89,6.07,False,HESFAQ;RODDIX;RODDIX01
484571862200,2,2,2,2,2,6,Ru,[H]C1=C([H])N(C([H])([H])C2C([H])C([N+](=O)[O-])C([H])C([H])C2O)CN1C1C(C([H])([H,1.89,3.6564,True,HILZOS;HILZOS01
398581531937,2,2,2,2,2,6,Fe,C#O;[H]C(=CC1C([H])C([H])C([H])C2C([H])C([H])C([H])NC12)C1C([H])C([H])C([H])C([H,1.89,5.1401,False,KAGXID;KAGXUP
10836756578,2,2,2,2,2,6,Co,[H]C1=NC(=C(c2[nH]c([H])c([H])c2[H])C2C([H])C([H])C(C#N)C([H])C2[H])C([H])=C1[H],1.89,3.4951,True,MOZBIN;MOZBOT
460390160111,2,2,2,2,1,6,Fe,[H]NC(C(C#N)C(N[H])C([H])([H])[H])C([H])([H])[H];[H]NC(C(C#N)C(N[H])C([H])([H])[,1.89,3.6393,True,NEMXEJ;NEMXIN
816276294209,2,2,2,2,2,6,Ni,[H]OC([H])([H])C(N=C([H])C1C([H])C([H])C([H])C([H])C1O)(C([H])([H])O[H])C([H])([,1.89,3.4951,True,NEQWUC;XILCUR
205863923061,49,49,49,5,2,4,Hg,Cl;Cl;Cl;Cl,1.88,7.1135,True,AVISII;BITGOA11;CEGMUW02;CEGMUW03;COCNOY;COLYOS
690920758125,5,5,5,4,1,6,Mn,[H]C(=NC([H])([H])C([H])([H])C([H])([H])N([H])C([H])([H])C([H])([H])N([H])C([H]),1.88,8.0428,False,BUNZIX;SILHEE;SILHUU;SILHUU01;SILJEG
699468235436,2,2,2,1,1,6,Ru,Cl;N=O;[H]C(=NC1C([H])C([H])C([H])C([H])C1N=C([H])C1C([H])C([H])C([H])C([H])C1O),1.88,2.3803,False,CENXAY;LEQBAN
938200479952,2,2,2,2,2,6,Hf,Cl;Cl;Cl;[H]C([H])([H])P(C([H])([H])[H])C([H])([H])[Si](N[Si](C([H])([H])[H])(C(,1.88,6.632,False,DAGJEA;DAGJEA01
944430434403,3,3,3,3,2,6,Fe,[H]C1C([H])C(C([H])([H])N([H])[H])NC(C([H])([H])N([H])[H])C1[H];[H]C1C([H])C(C([,1.88,4.0399,True,FOHKAR;FOHKIZ;FOHKIZ01
582320292677,2,2,2,2,1,6,V,Cl;Cl;Cl;[H]C1([H])SC([H])([H])C([H])([H])SC([H])([H])C([H])([H])SC1([H])[H],1.88,3.29,True,RIHNAX;RIHNAX01
810245722921,2,2,2,2,2,6,Mn,[H]C(=NC1C([H])C([H])C([H])C([H])C1N=C([H])C1C([H])C([H])C([H])C([H])C1O)C1C([H],1.88,1.8817,True,SOKQUE;SOKQUE01
370608949499,2,2,2,2,1,6,Mo,C#O;C#O;C#O;C#O;C#O;[H]C1C([H])C([H])C(P(C2C([H])C([H])C([H])C([H])C2[H])C2C([H],1.87,1.8702,False,CNETPC;CNETPC01
615806835258,2,2,2,2,1,6,Mn,[H]C1C([H])C(c2nnn[nH]2)C([H])C([H])C1C(=O)O;[H]C1NC(C2NC([H])C([H])C([H])C2[H]),1.87,7.2648,False,CUTGIJ;CUTGOP
873527059214,4,4,4,2,2,6,Mn,N=C=S;[H]C(=NC([H])([H])C([H])([H])N=C([H])C1C([H])C([H])C([H])C(OC([H])([H])C([,1.87,3.0101,True,EBEFAU;EBEFAU01;EBEFAU02;UCADAG
706936685318,3,3,3,3,2,6,Ru,Cl;Cl;[H]C([H])([H])S(=O)C([H])([H])[H];[H]C1([H])SC([H])([H])C([H])([H])SC([H]),1.87,2.348,True,HENYOO;XUNCUF;XUNCUF01
274769325363,2,2,2,2,1,6,Os,Cl;Cl;Cl;Cl;[H]C1NC([H])C([H])C([H])C1[H];[H]C1NC([H])C([H])C([H])C1[H],1.87,2.5886,False,HIJQIA;HIJQOG
75588319282,3,3,3,3,1,6,Pt,Cl;Cl;Cl;Cl;[H]C1NC(N([H])C2NC([H])C([H])C([H])C2[H])C([H])C([H])C1[H],1.87,7.156,False,IYUDIQ;RAJKIY;RAJKIY01
635457089632,2,2,2,2,2,5,Re,C#N;C#N;C#N;C#N;N;[H]C1NC([H])C([H])C(C#N)C1[H],1.87,2.2438,True,JUZRAA;LINJEZ
346847545019,2,2,2,2,2,6,Cu,[H]C(=NC([H])([H])C([H])([H])N(C([H])([H])C([H])([H])N=C([H])c1nc([H])n([H])c1C(,1.87,2.3663,True,KEFPAN;KEFPAN01
305872339872,4,4,4,4,1,6,Fe,N=C=S;N=C=S;[H]C(=NC([H])([H])C([H])([H])[H])c1nnn(C2C([H])C([H])C([H])C([H])C2[,1.87,4.27,True,MEFZOQ02;MEFZOQ03;MEFZOQ04;MEFZOQ05
101781019276,2,2,2,2,2,6,Co,N=C=S;N=C=S;[H]C1NC([H])C([H])C(C(=S)N([H])[H])C1[H];[H]C1NC([H])C([H])C(C(=S)N(,1.87,4.6524,False,QEMXIS;SEMWUF
196048505315,2,2,2,2,1,6,Co,Cl;[H]N([H])C([H])([H])C([H])([H])N([H])[H];[H]N([H])C([H])([H])C([H])([H])N([H],1.86,2.5814,False,DOCZOK;FIGFEH
393715352498,2,2,2,2,1,6,W,C#O;C#O;C#O;C#O;[H]C1C([H])C([H])C(p2p(C3C([H])C([H])C([H])C([H])C3[H])p(C3C([H],1.86,6.8763,False,DOQGAU;DOQGUO
553416052792,4,4,4,3,2,6,Co,[H]C1C(C(=O)O)C([H])C([N+](=O)[O-])C([H])C1[N+](=O)[O-];[H]C1C(C(=O)O)C([H])C([N,1.86,4.6916,True,HIGYUR;HIGYUR01;HIGYUR02;HIGYUR03
151718728154,2,2,2,2,1,6,Os,Cl;Cl;Cl;N=C=S;N=C=S;N=C=S,1.86,3.1644,True,NALFUB;NALGAI
918022354612,2,2,2,2,2,6,Cr,[H]OC1C([H])C(C(=O)O)NC(C(=O)O)C1[H];[H]OC1C([H])C(C(=O)O)NC(C(=O)O)C1[H],1.86,4.7126,True,POFKIF;ZULSEG
312860545944,2,2,2,2,2,6,Fe,[H]C(=NC([H])([H])C([H])([H])C([H])([H])N([H])C([H])([H])C([H])([H])N([H])C([H]),1.86,2.5266,True,YELHUW;YELJEI
155785021092,2,2,2,2,1,6,V,O;O;[H]C1NC(C(=O)O)C([H])C([H])C1[H];[H]C1NC(C(=O)O)C([H])C([H])C1[H],1.86,2.0093,False,YUXRIS;YUXRIS01
44119419486,2,2,2,2,2,6,Ru,Cl;[H]C1C([H])C([H])C(P(C2C([H])C([H])C([H])C([H])C2[H])C2C([H])C([H])C([H])C([H,1.85,3.2401,True,FUYXII;HAMVOJ
656512037627,2,2,2,2,2,4,Ni,[H]C1C([H])C([H])C(N([H])C(=O)N([H])C2C([H])C([H])C([H])C(C(=NC([H])([H])C([H])(,1.85,10.0026,False,GUCMEA;GUCMIE
937859480355,5,5,5,3,1,6,Cr,N=C=S;N=C=S;N=C=S;N=C=S;[H]C1NC2C3NC([H])C([H])C([H])C3C([H])C([H])C2C([H])C1[H],1.85,5.089,True,KELFIS;KELFOY;UCILAU;WIWMEU;WIWMIY
387679958777,2,2,2,2,2,6,Ru,Cl;Cl;[H]C1NC(C2NC([H])C([H])C(C([H])([H])[H])C2[H])C([H])C(C([H])([H])[H])C1[H],1.85,2.0486,True,LAYVAK;LAYVEO
894522758638,2,2,2,2,1,6,Ni,[H]C1NC(C([H])([H])N([H])[H])C([H])C([H])C1[H];[H]C1NC(C([H])([H])N([H])[H])C([H,1.85,2.0359,False,NECRIX;QUYWEP
469363056857,2,2,2,1,1,6,Ru,Cl;Cl;[H]C1([H])S(=O)C([H])([H])C([H])([H])C1([H])[H];[H]C1([H])S(=O)C([H])([H]),1.85,2.3754,False,VIJXUH02;VIJXUH03
291073333426,2,2,2,2,2,6,Ti,[H]C([H])([H])C([H])(O)C([H])([H])[H];[H]C([H])([H])C([H])(O)C([H])([H])[H];[H]C,1.85,3.8006,True,XOPFEN;XOPFEN01
501431479979,2,2,2,2,1,6,Ni,[H]C1C([H])C(Cl)C([H])C(C(=O)O)C1[H];[H]C1C([H])C(Cl)C([H])C(C(=O)O)C1[H];[H]O[H,1.84,1.8433,True,ACLBNI;ACLBNI01
695272195733,2,2,2,2,1,6,Ru,Cl;[H]C1C(C(=O)O)NC(C(=O)O)C([H])C1[H];[H]C1C([H])C([H])C(P(C2C([H])C([H])C([H]),1.84,1.8531,False,AWADEI;WELNAD
394512378363,2,2,2,2,1,6,Ru,N=O;O=N=O;O=N=O;[H]C1NC([H])C([H])C([H])C1[H];[H]C1NC([H])C([H])C([H])C1[H];[H]O,1.84,1.8413,True,FUVWUQ;FUVXAX
355046764177,2,2,2,2,1,6,Cr,Cl;Cl;[H]C([H])([H])N1C([H])([H])C([H])([H])N2C([H])([H])C([H])([H])N(C([H])([H],1.84,5.9706,False,HOJFAP;QOWZOS
323534496972,2,2,2,2,2,6,Os,Cl;Cl;Cl;F;F;F,1.84,2.4515,False,MAKGOU;YUHROI
925047680901,3,3,3,3,1,6,Fe,N=C=[Se];N=C=[Se];[H]C(=NC1([H])C([H])([H])C([H])([H])C([H])([H])C([H])([H])C1([,1.84,5.403,True,POSHUE02;POSJIU01;POSJIU03
533001542387,2,2,2,2,2,6,Re,Cl;Cl;O;[H]C1C([H])C([H])C(P(C2C([H])C([H])C([H])C([H])C2[H])C2C([H])C([H])C([H],1.84,3.3756,True,SIWJAK;SIWJAK01
586333819668,2,2,2,1,1,6,Ir,Cl;Cl;Cl;[H]C([H])([H])P(C([H])([H])[H])C([H])([H])[H];[H]C([H])([H])P(C([H])([H,1.84,2.7921,False,ZEZWEI;ZEZWIM
910344446840,3,3,2,2,2,4,Cr,ClC1CC(Cl)C(Cl)C(Cl)C1Cl;ClC1CC(Cl)C(Cl)C(Cl)C1Cl;ClC1CC(Cl)C(Cl)C(Cl)C1Cl;ClC1C,1.83,6.6565,False,EGINEN;JIWRIQ;JIWRIQ01
223557830622,3,3,3,2,1,6,W,Cl;[H]C1C([H])C([H])C(C)C([H])C1[H];[H]C1C([H])C([H])C(P(C2C([H])C([H])C([H])C([,1.83,2.0854,False,FEFCEA;FEFCOK;KIKFUH
144071975751,2,2,2,2,1,6,Re,N=O;[H]C1C([H])C([H])C(P(=O)(C2C([H])C([H])C([H])C([H])C2[H])C2C([H])C([H])C([H],1.83,9.0372,True,XEYRIC;XEYROI
311105959728,5,5,5,3,2,6,Fe,[H]C1NC2C3NC([H])C([H])C([H])C3C([H])C([H])C2C([H])C1[H];[H]C1NC2C3NC([H])C([H]),1.82,4.2754,True,BADWAG01;NUKCIF;PECKEP;SERGOM;WIKPAI
926100459105,4,4,3,3,1,6,Nb,F;F;F;F;F;O,1.82,2.511,False,EHIXAV;OYOCOX;OYOCUD;WIHQUA
826195915166,3,3,3,3,2,6,Ru,C#O;C#O;Cl;Cl;[H]C1NC(N=NC2C([H])C([H])C([H])C([H])C2[H])C([H])C([H])C1[H],1.82,8.634,True,FUDLIA;FUDLIA01;VIQTAS
230272740284,5,5,5,3,1,6,Ru,[H]c1nc(-c2nc([H])c([H])n2[H])n([H])c1[H];[H]c1nc(-c2nc([H])c([H])n2[H])n([H])c1,1.82,3.1825,False,HOFFOA;HUZSEB;NUCFOH;NUCFOH01;NUCFOH02
53119736718,5,5,5,3,1,6,Ru,C#O;C#O;C#O;Cl;Cl;Cl,1.82,3.5379,True,JEDUUI;RIMGEZ;XEFQUV;XEFRAC;XEFREG
394080612587,4,4,4,3,2,6,Mo,O;O;[H]C(=NN=C(O)C1C([H])C([H])N([H])C([H])C1[H])C1C([H])C([H])C(OC([H])([H])[H],1.82,4.345,True,KOVWUQ;KOVXAX;KOVXEB;KOVXIF
2603307585,2,2,2,2,1,6,Mo,C#O;C#O;C#O;C#O;[H]C1C([H])C([H])C(P(C2C([H])C([H])C([H])C([H])C2[H])C([H])([H]),1.82,4.9005,True,ROQHAG;ROQHAG01
59507372371,2,2,2,1,1,6,W,F;F;F;F;O;[H]C1NC([H])C([H])C([H])C1[H],1.82,1.8634,False,SAJCIP;SAJCIP01
103375241563,2,2,2,2,1,5,Mn,Br;Br;Br;[H]C1C(N=C(N(C([H])([H])[H])C([H])([H])[H])N(C([H])([H])[H])C([H])([H]),1.82,5.2458,True,TIZJES;TIZJES01
758177341750,3,3,3,3,1,5,Cu,Cl;[H]C1C([H])C([H])C(C([H])([H])N(C([H])([H])C([H])([H])N=C(N(C([H])([H])[H])C(,1.82,3.7511,False,VUSQAD;VUSQAD01;YUZZAW
384347079589,3,3,3,2,1,6,Mo,Cl;Cl;Cl;Cl;O;[H]O[H],1.81,2.8817,True,ACEVUZ;AVOYIW;IFIJIU
715900771966,2,2,2,2,2,6,V,Cl;O;[H]C1NC(C2NC([H])C([H])C(C([H])([H])[H])C2[H])C([H])C(C([H])([H])[H])C1[H];,1.81,4.8226,False,CEFJUU;CEFJUU01
565126100950,2,2,2,2,2,6,Fe,[H]OC1C([H])C([H])C([H])C([H])C1c1c([H])c(C2NC(c3nn([H])c(C4C([H])C([H])C([H])C(,1.81,3.0864,True,ITINOP02;ITINOP03
61733234183,4,4,4,3,1,6,Mo,Cl;Cl;O;O;[H]C([H])([H])S(=O)C([H])([H])[H];[H]C([H])([H])S(=O)C([H])([H])[H],1.81,6.9709,True,JABDEW;JABDEW01;JABDEW02;JABDEW03
784858518442,3,3,3,2,2,6,Ir,[H]C1CC(C2NC([H])C([H])C([H])C2[H])C([H])C([H])C1[H];[H]C1CC(C2NC([H])C([H])C([H,1.81,3.5239,True,KUPJEL;ZAVYAY;ZAVYUS
561612319054,2,2,2,2,1,6,Y,[H]C([H])C1C([H])C([H])C([H])C([H])C1[H];[H]C([H])C1C([H])C([H])C([H])C([H])C1[H,1.81,3.1027,True,MOGWIP;MOGWIP01
460769636391,2,2,2,2,1,5,Cu,[H]C([H])([H])C#N;[H]C1C([H])C([H])C2C(C([H])([H])[H])=NC([H])([H])C([H])([H])C(,1.81,2.4358,False,OFEWIH;OFEWIH01
149925527019,2,2,2,2,1,6,Y,Cl;Cl;Cl;Cl;Cl;Cl,1.81,3.4695,True,UQEMUA;UQEQIS
758494631803,2,2,2,2,1,6,Re,Cl;O;[H]C(=NC([H])([H])C(C([H])([H])[H])(C([H])([H])[H])C([H])([H])N=C([H])C1C([,1.81,7.4434,False,ZURZAN;ZURZAN01
919698641845,3,3,3,3,2,6,Mn,[H]C(=NC([H])([H])C([H])([H])N(C([H])([H])C([H])([H])N=C([H])C1C([H])C([H])C([H],1.8,9.1802,True,FAQFOT;JOCZUW01;JOCZUW02
188324947824,2,2,2,2,1,6,Fe,[H]C(=C([H])C1C2C([H])C([H])C([H])C([H])C2C([H])C2C([H])C([H])C([H])C([H])C12)C1,1.8,5.6636,False,NUXKOK;NUXKOK01
42541566612,2,2,2,2,1,6,Ru,O=S=O;[H]C1NC([H])C(Cl)C([H])C1[H];[H]N([H])[H];[H]N([H])[H];[H]N([H])[H];[H]N([,1.8,7.5866,False,QAYHOP;YENNUD
450001341657,2,2,2,2,2,6,Fe,[H]C1NC(C([H])(C2NC([H])C([H])C([H])C2[H])N(C([H])([H])C2NC3C([H])C([H])C([H])C(,1.79,3.9758,False,AXUNEP;WAWKEO
222725504775,3,3,3,2,1,6,Ir,[H]C(C(O)C([H])([H])[H])C(O)C([H])([H])[H];[H]C1CC(C2NC([H])C([H])C([H])C2[H])C(,1.79,3.2739,False,FESDAL;QOCZOX;SITDOQ
776621643615,2,2,2,2,1,6,Ru,[H]C1C(C([H])(C([H])([H])[H])C([H])([H])[H])NN(B([H])(N2NC(C([H])(C([H])([H])[H],1.79,2.1168,True,GUNHIG;NUSWUT
648802307940,2,2,2,2,2,6,Mo,Cl;Cl;Cl;Cl;Cl;[H]C1NC([H])C([H])C([H])C1[H],1.79,3.6928,True,HIDNUD;NOZNUL
991786005634,3,3,3,3,1,6,Mn,Br;C#O;C#O;C#O;[H]C1NC(C2=NC3C([H])C([H])C([H])C([H])C3N2[H])C([H])C([H])C1[H],1.79,5.7646,False,HIZROB;LOGLUR;LOGLUR01
414753016756,2,2,2,2,2,6,V,O;[H]C(=NN=C(O)C1C([H])C([H])C([H])C([H])C1[H])C1C([H])C([H])C([H])C([H])C1O;[H],1.79,4.0026,True,JOXKUC01;JOXKUC03
878149947409,3,3,3,2,1,6,Cr,[H]OC([H])([H])C([H])([H])N([H])C([H])([H])C([H])([H])N=C([H])C1C([H])C([H])C([H,1.79,2.844,True,PIFFOA;PIFFOA01;PIFFOA02
348265071837,2,2,2,1,1,6,Re,C#O;C#O;C#O;[H]C1([H])SC([H])([H])C([H])([H])SC([H])([H])C([H])([H])SC1([H])[H],1.79,2.1115,False,QOFPIM;QOFPOS
469570068813,2,2,2,2,1,6,Mo,Cl;Cl;Cl;[H]C([H])([H])C(N)(C([H])([H])[H])C([H])([H])[H];[H]C([H])([H])OC([H])(,1.79,2.8518,False,VOHNEP;VOHNEP01
194604649740,2,2,2,2,2,4,Fe,[H]C1C(C([H])([H])[H])C([H])C(C([H])([H])[H])C(NNC(NNC2C(F)C(F)C(F)C(F)C2F)C2C(F,1.78,2.8221,False,EKAHAC;EKAHAC01
136517704739,2,2,2,2,2,6,Re,C#O;C#O;C#O;[H]C([H])([H])C#N;[H]C1NC(C2NC([H])C([H])C([H])C2[H])C([H])C([H])C1[,1.78,3.1675,False,FAXPUQ;JUPMUF
282501170670,3,3,3,2,2,6,Ir,[H]C1CC(C2NC([H])C([H])C([H])C2[H])C([H])C([H])C1[H];[H]C1CC(C2NC([H])C([H])C([H,1.78,3.0446,False,ITIXAL;ITIXAL02;ITIXAL03
245866578758,2,2,2,2,1,6,Ru,Cl;[H]C1NC(N(C2NC([H])C([H])C([H])C2[H])C2NC([H])C([H])C([H])C2[H])C([H])C([H])C,1.78,3.4112,True,OMUJOZ;WOCGEE
961642768562,2,2,2,2,1,6,Re,O;[H]C(=NC1C([H])C([H])C([H])C([H])C1S)C1C([H])C([H])C([H])C([H])C1O;[H]C1C([H]),1.78,6.9711,False,VIKBAS;VIKBAS01
250743651301,5,5,5,4,2,6,Fe,N=C=[Se];N=C=[Se];[H]C1NC(C([H])([H])N(C([H])([H])C2NC([H])C([H])C([H])C2[H])C([,1.77,7.7109,True,AFOYUS01;AFOYUS02;AFOZUT02;AFUHOB01;OXUJUP04
357267038269,2,2,2,2,2,6,Fe,[H]C([H])([H])C#N;[H]C([H])([H])C#N;[H]C([H])([H])C#N;[H]C([H])([H])N1C([H])([H],1.77,2.6409,True,DOQRAC;DOQRAC01
8271588688,2,2,2,2,2,6,Mo,I;[H]C1C(C(=NC([H])([H])C([H])([H])C([H])([H])P(C2C([H])C([H])C([H])C([H])C2[H]),1.77,1.8191,True,EKAYIA;JULNUB
879743833810,2,2,2,2,1,6,Cu,[H]C1=C(C2=N(O)C(C([H])([H])[H])(C([H])([H])[H])C(C([H])([H])[H])(C([H])([H])[H],1.77,3.5177,True,GEWRUZ01;GEWRUZ02
515520816119,5,5,5,5,2,6,Fe,Cl;Cl;[H]C1NC(C([H])([H])N(C([H])([H])[H])C([H])([H])C([H])([H])N(C([H])([H])[H],1.77,4.7503,True,KIBVOK;LUXFEP;LUXFEP01;YAMSOX;YAMSOX01
931142808914,2,2,2,2,2,6,Ni,[H]C1C([H])C([H])C(C(=O)O)C(C(=O)O)C1[H];[H]O[H];[H]O[H];[H]c1nc([H])n([H])c1[H],1.77,1.7936,True,LUPVEY;LUPVEY01
42881214650,2,2,2,2,2,6,V,Cl;Cl;Cl;[H]C1NC([H])C([H])C([H])C1[H];[H]C1NC([H])C([H])C([H])C1[H];[H]C1NC([H],1.77,2.386,True,WEHZUE;WEHZUE01
401148564360,2,2,2,2,2,6,Ru,Cl;Cl;[H]C1NC(C(=O)O)C([H])C([H])C1[H];[H]C1NC(C(=O)O)C([H])C([H])C1[H],1.76,1.9374,True,OZIJEO;UYIJIX
833121485870,3,3,3,2,1,4,Ni,[H]N([H])C([H])([H])C([H])([H])N(C([H])([H])C([H])([H])[H])C([H])([H])C([H])([H],1.76,4.6833,False,QAJGEP;QEGFUH;ZIYNEA
246348798751,2,2,2,2,2,6,Mo,Br;Br;Br;Br;Br;O,1.76,3.53,True,TUSVEJ;TUSVEJ01
36463983625,2,2,2,2,1,6,Mo,Cl;Cl;O;O;[H]C1NC(C2NC([H])C([H])C(C(C([H])([H])[H])(C([H])([H])[H])C([H])([H])[,1.76,3.3072,True,UJOPAK;UJOPAK02
168036895832,2,2,2,2,1,6,Co,N=C=S;N=C=S;[H]C1NC([H])C([H])C(C([H])([H])[H])C1[H];[H]C1NC([H])C([H])C(C([H])(,1.76,3.2818,True,VERNUC;VERNUC01
36360874776,2,2,2,2,1,6,Re,Br;Br;C#O;C#O;[H]c1nc([H])n([H])c1[H];[H]c1nc([H])n([H])c1[H],1.76,1.7907,True,XABVED;XABVIH
708599773173,2,2,2,2,1,6,Ti,[H]C([H])([H])C([H])(O)C([H])([H])[H];[H]C([H])([H])C([H])(O)C([H])([H])[H];[H]C,1.75,1.7692,True,RAQLIF;XUJHIU
593659756106,2,2,2,2,2,6,W,C#O;O;[H]C1C(C([H])([H])[H])NN(B([H])(N2NC(C([H])([H])[H])C([H])C2C([H])([H])[H],1.75,3.1424,True,TEQGUR;TEQGUR01
415985661162,2,2,2,2,1,6,Ni,[H]C1NC([H])C(N([H])C2NC(N([H])C3NC([H])C([H])NC3[H])C([H])C([H])C2[H])NC1[H];[H,1.75,3.43,True,XEZRAW;XEZRIE
326243355828,6,6,6,4,1,6,Mo,F;F;F;F;O;O,1.74,3.486,True,DOZDOO;GELVUS;HULQUB;IHOTOP;POWZAE;POWZEI
400675663976,2,2,2,2,2,6,Co,[H]C1C(C(=O)O)NC(C(=O)O)C([H])C1[H];[H]C1NC(N([H])[H])NC([H])C1[H];[H]O[H];[H]O[,1.74,2.9321,False,DULWUE;DULWUE02
146493033545,3,3,3,2,1,6,Co,[H]C1C(C2C([H])C([H])N(O)C([H])C2[H])C([H])C([H])N(O)C1[H];[H]O[H];[H]O[H];[H]O[,1.74,2.0585,False,MURTID;RAXMUZ;RAXMUZ01
109195744429,2,2,2,2,2,6,Fe,N#CC(S)=C(S)C#N;N#CC(S)=C(S)C#N;[H]C([H])([H])C([H])([H])N(C(S)S)C([H])([H])C([H,1.74,2.9321,True,NUSMIY;NUSMOE
699327604159,2,2,2,2,1,6,Cr,C#O;C#O;C#O;C#O;C#O;[H]C1C([H])C([H])C(p2p(C3C([H])C([H])C([H])C([H])C3[H])p(C3C,1.74,3.6601,True,ZATWAS;ZATWAS01
251038056746,4,4,4,3,2,5,Cu,Cl;Cl;[H]C1NC(C([H])([H])N([H])C([H])([H])C2NC([H])C([H])C([H])C2[H])C([H])C([H],1.73,4.8104,True,AMOGEO;AMOGEO01;AMOGEO02;DADWAH
982009523813,2,2,2,2,2,6,Ir,[H]C1CC(C2NC([H])C([H])C(C(C([H])([H])[H])(C([H])([H])[H])C([H])([H])[H])C2[H])C,1.73,2.0394,True,CEHGOM;CEHGOM01
631045201818,2,2,2,2,2,6,Cu,[H]C1NC2C3NC([H])C([H])C([H])C3C([H])C([H])C2C([H])C1[H];[H]N([H])C1NC(O)C2NC(C(,1.73,8.9783,True,DICXAR;JOMCEV
212224743231,12,12,10,2,2,4,Cu,[H]C([H])([H])C1=C(C([H])([H])[H])SC(=C2SC(S)=C(S)S2)S1;[H]C([H])([H])C1=C(C([H],1.73,2.2573,True,EGIDAZ;EGIDAZ02;EGIDAZ03;EGIDAZ04;EGIDAZ05;EGIDAZ06
900415772570,4,4,4,2,1,6,Fe,C#O;C#O;C#O;I;I;I,1.73,2.3497,True,JUVCIP;NEBKIR;PUKQAQ;PUKQIY
463603038720,3,3,3,3,2,6,Fe,[H]C1=NN(B([H])([H])N2N=C([H])C(C([H])([H])[H])=C2[H])C([H])=C1C([H])([H])[H];[H,1.73,2.1761,True,LACWAR;LACWAR01;LACWAR02
691482957194,2,2,2,2,1,5,Co,[H]OC(=O)C1NC(C(=O)O)C([H])C([H])C1[H];[H]OC(=O)C1NC(C(=O)O)C([H])C([H])C1[H];[H,1.73,2.1461,False,LELLAQ;LELLAQ02
160318659807,2,2,2,2,1,6,Cr,C#O;C#O;C#O;C#O;C#O;[H]C1C([H])C(N2SC([H])([H])C(C([H])([H])[H])=C(C([H])([H])[H,1.73,6.8907,False,TITHIN;TITHIN01
574266025984,2,2,2,2,1,6,Ir,[H]C(C(O)C([H])([H])[H])C(O)C([H])([H])[H];[H]C1CC(c2nnc(C3C([H])C([H])C(C([H])(,1.73,1.7691,False,WEKSAH;WEKSAH02
398968707904,2,2,2,2,2,6,Ni,N=C=S;N=C=S;[H]C1NC([H])C([H])C([H])C1[H];[H]N([H])C([H])([H])C([H])([H])C([H])(,1.72,1.7265,True,FARWIG;FARWIG01
966027319673,2,2,2,2,1,6,Ru,C#O;C#O;Cl;Cl;[H]C1NC(N=NC2NC([H])C([H])C([H])C2[H])C([H])C([H])C1[H],1.72,2.4897,True,FUDLEW;SUKDOU
711519538926,2,2,2,2,2,6,Ni,[H]N([H])C(=O)C([H])([H])C([H])([H])N([H])C([H])([H])C([H])([H])N([H])C([H])([H],1.72,1.8028,True,HACYEP;XULQEB
670537412801,3,3,3,2,1,6,Ni,[H]C1C([H])C(C(C(=O)O)(C(=O)O)C([H])([H])[H])NC(C(C(=O)O)(C(=O)O)C([H])([H])[H]),1.72,4.7402,False,OSOXOL;OSOXUR;OSOYEC
57232106907,5,5,5,3,2,6,Ni,[H]C1NC(C2NC([H])C([H])C([H])C2[H])C([H])C([H])C1[H];[H]C1NC(C2NC([H])C([H])C([H,1.71,4.4547,True,FARHUF;GOLSUV;HAKDEE;RIKNAA;RORQIA
310576965349,2,2,2,2,1,6,Zn,O=S(=O)(O)O;[H]C1NC2C3NC([H])C([H])C([H])C3C([H])C([H])C2C([H])C1[H];[H]O[H];[H],1.71,4.0488,True,IJOQAA;MASVOR01
768247819571,2,2,2,2,2,6,Ru,Cl;Cl;[H]C([H])([H])S(=O)C([H])([H])[H];[H]C([H])([H])S(=O)C([H])([H])[H];[H]C([,1.71,2.2813,True,JUBYAG;JUBYAG01
286720714962,2,2,2,2,2,4,Ni,[H]C1C([H])C([H])C(N=C(N(C([H])([H])[H])C([H])([H])[H])N(C([H])([H])[H])C([H])([,1.71,2.2485,True,LARROO;LARTIK
600543738610,3,3,2,2,1,6,Mo,O;O;[H]C(C(=NN=C(O)C1C([H])C([H])NC([H])C1[H])C([H])([H])[H])=C(O)C([H])([H])[H],1.71,8.1514,False,LOSWIB;LOSWIB01;LOSWIB02
988734509996,2,2,2,2,1,6,Ir,[H]C1CC(C2NC([H])C([H])C([H])C2[H])C(F)C([H])C1F;[H]C1CC(C2NC([H])C([H])C([H])C2,1.71,5.4834,False,SIWRAS;SIWRAS01
802450586610,2,2,2,2,1,6,Zn,[H]C1C([H])C([H])C(C(O)C([H])C(O)C2C([H])C([H])C([H])C([H])C2[H])C([H])C1[H];[H],1.71,1.9052,True,WOGZIB;WOGZIB01
990010206612,2,2,2,1,1,6,Mo,O;O;[H]C(=NN=C(O)C1NC([H])C([H])NC1[H])C1C([H])C([H])C([H])C([H])C1O;[H]O[H],1.71,2.6011,False,XUQYOX;XUQYOX01
650940928220,2,2,2,2,1,6,Mn,[H]C(=NC([H])([H])C([H])([H])N(C([H])([H])C([H])([H])N=C([H])C1C([H])C(Br)C([H]),1.7,4.3371,True,EHOKAO;XADRUS
836296427734,2,2,2,2,1,6,Fe,[H]C(=NC([H])([H])C([H])([H])C([H])([H])N([H])C([H])([H])C([H])([H])N([H])C([H]),1.7,2.3141,False,YELKIN;YELKOT
911516667681,2,2,2,2,2,6,Mo,N#N;N#N;[H]C([H])([H])N(C([H])([H])P(C([H])([H])C([H])([H])[H])C([H])([H])C([H]),1.7,1.8061,True,ZAVKEO;ZAVKIS
191789389059,2,2,2,2,2,4,Cu,Br;Br;[H]c1c(N([H])[H])nc(=O)n(C([H])([H])[H])c1[H];[H]c1c(N([H])[H])nc(=O)n(C([,1.69,5.8686,True,KIBSEW;KIBSEW01
175612164888,3,3,2,1,1,6,Fe,[H]C(=NC([H])([H])C([H])([H])N(C([H])([H])C([H])([H])N=C([H])c1nc([H])n(C2C([H]),1.69,2.6337,False,MEGGUE;TUSVIQ;VORNUP
21059063022,2,2,2,2,1,6,Co,Cl;[H]C1C([H])C([H])C(P(C2C([H])C([H])C([H])C([H])C2[As](C2C([H])C([H])C([H])C([,1.69,1.6905,False,NIGVUU;NIGWAB
512709520330,2,2,2,2,1,6,Mo,C#O;C#O;C#O;C#O;[H]C1=C([H])N(C([H])([H])C2NC([H])C([H])C([H])C2[H])CN1C([H])([H,1.69,1.9844,True,NOXQIC;NOXQIC01
351416125436,2,2,2,1,1,6,Re,C#O;C#O;C#O;Cl;[H]C1NC(C(=O)N([H])C([H])([H])[H])C([H])C([H])C1[H],1.69,1.7259,False,RIXHIQ;RIXHIQ01
468994754964,6,6,6,6,2,6,Cu,[H]N1C([H])([H])C([H])([H])N([H])C([H])([H])C([H])([H])N([H])C([H])([H])C([H])([,1.69,5.2602,True,UDIPUT;ZEGPOU;ZEGPUA;ZEGQAH;ZEGQEL;ZEGQIP
224007525022,2,2,2,2,2,6,Ni,[H]N1C([H])([H])C([H])([H])N([H])C([H])([H])C([H])([H])N([H])C([H])([H])C1([H])[,1.69,1.7414,True,VUYDEZ;YOQGAO
415721657907,6,6,6,4,1,6,Re,C#O;C#O;C#O;[H]N1C([H])([H])C([H])([H])N([H])C([H])([H])C([H])([H])N([H])C([H])(,1.68,6.1923,False,BACXOU;GIFKUB;PIZLOA;PIZLOA01;PIZLOA02;PIZLOA03
395155388128,2,2,2,2,2,6,Cu,Cl;Cl;[H]N([H])c1nnnn1[H];[H]N([H])c1nnnn1[H];[H]N([H])c1nnnn1[H];[H]N([H])c1nnn,1.68,3.062,False,BAXQIC;BAXQIC02
546602666303,2,2,2,2,1,6,Mn,[H]C(=NC([H])([H])C([H])([H])C([H])([H])N([H])C([H])([H])C([H])([H])N([H])C([H]),1.68,3.4821,False,COFZOQ;COFZOQ01
463217936071,2,2,2,2,1,6,Pt,F;F;[H]C1C([H])C([H])C(P(C23C([H])([H])C4([H])C([H])([H])C([H])(C([H])([H])C([H],1.68,1.7084,False,FAFYOE;FAFYUK
919863441496,2,2,2,2,2,6,Ni,[H]C1NC(C([H])([H])N(C([H])([H])C2NC([H])C([H])C([H])C2[H])C([H])([H])C([H])([H],1.68,3.3256,True,LIKROP;LIKROP01
562317947348,2,2,2,2,1,6,Fe,[H]C1=NC([H])([H])C([H])([H])N=C([H])C2C([H])C([H])C([H])C([H])C2[Se]C2C([H])C([,1.67,3.2088,True,IFEYOK;IFEYUQ
999173781240,2,2,2,2,1,6,Ru,Cl;Cl;[H]C([H])([H])S(=O)C([H])([H])[H];[H]C1NC(C([H])([H])N(C([H])([H])C2NC([H],1.67,6.0933,False,MITNAF;MIYFOQ
622418258882,2,2,2,2,1,6,Fe,[H]c1nc(-c2nc([H])c([H])s2)sc1[H];[H]c1nc(-c2nc([H])c([H])s2)sc1[H];[H]c1nc(-c2n,1.67,1.67,True,POTHOZ01;POTHOZ02
82906515270,3,3,3,2,1,6,Rh,[H]C1C([H])C([H])C(C([H])(N([H])[H])C([H])(C2C([H])C([H])C([H])C([H])C2[H])N([H],1.67,2.5826,False,SECLOF;SECLUL;SECMEW
386660885924,2,2,2,2,2,6,Re,C#O;C#O;C#O;[H]C#CC1C([H])C([H])C(c2nn[nH]n2)C([H])C1[H];[H]C1NC2C3NC([H])C([H]),1.67,8.2018,True,SILVIV;SILVIV01
110853121009,9,9,7,6,1,6,Mn,[H]C1NC2C3NC([H])C([H])C([H])C3C([H])C([H])C2C([H])C1[H];[H]O[H];[H]O[H];[H]O[H],1.66,6.9152,True,AFOLIQ;AFOLIQ01;AFOLIQ02;AFOLIQ04;AFOLIQ05;AFOLIQ06
3539698923,2,2,2,1,1,6,Fe,C#N;C#N;C#N;C#N;C#N;N=O,1.66,2.1271,False,EHECAY;TILPEN01
80227761021,2,2,2,2,2,6,Cr,[H]C1NC(N=NC2C([H])C([H])C([H])C([H])C2Cl)C([H])C([H])C1[H];[H]C1NC(N=NC2C([H])C,1.66,3.7119,True,IBIPOA;IBIPUG
186704939207,2,2,2,2,2,6,Zr,[H]C([H])C1C([H])C([H])C([H])C([H])C1[H];[H]C([H])C1C([H])C([H])C([H])C([H])C1[H,1.66,1.7075,True,MESMUV;MESNIK
350002713895,2,2,2,2,2,5,Cu,[H]C([H])([H])C(O)O;[H]C1C([H])C([H])C2C(=NC3NC4C(C(C([H])([H])[H])C3[H])C([H])(,1.66,4.0006,True,VOMSOH;VOQTAY
423095574671,2,2,2,2,1,6,Rh,[H]C(=NC([H])([H])C([H])([H])N=C([H])C1C([H])C([H])C([H])C([H])C1O)C1C([H])C([H],1.66,4.4326,False,YOCTAL;YOCTAL01
543927074302,3,3,3,3,2,4,Ir,Cl;[H]C1C([H])C([H])C(P(C([H])([H])[H])C([H])([H])[H])C([H])C1[H];[H]C1C([H])C([,1.65,5.3508,True,GEVNIE;GEVNIE05;QAFHOW
825471177411,8,8,8,3,2,6,Ru,[H]C1NC2C3NC([H])C([H])C([H])C3C([H])C([H])C2C([H])C1[H];[H]C1NC2C3NC([H])C([H]),1.65,2.8245,True,IKIQUQ;JIWTEP;JUCZUE;QAZLEM;YOQYOU;YUBXEB
654628869227,2,2,2,2,1,6,Ru,Cl;Cl;[H]C([H])([H])C#N;[H]C([H])([H])C#N;[H]C1C([H])C([H])C(P(C2C([H])C([H])C([,1.65,4.3454,False,JIPPEH;SISYID
27229578758,2,2,2,2,1,6,Ru,[H]C([H])([H])P(C([H])([H])[H])C([H])([H])[H];[H]C([H])C1C([H])C(C([H])([H])[H]),1.65,1.6932,False,QOBQAD;QOBQUX
781311355343,2,2,2,2,1,6,Ni,[H]C(=NC1C([H])C([H])C([H])C([H])C1SSC1C([H])C([H])C([H])C([H])C1N=C([H])C1C([H],1.65,3.4765,True,SIRCIF;TIFKEC
74888149388,2,2,2,2,1,6,Fe,[H]C1=NN(B([H])([H])N2N=C([H])C([H])=C2[H])C([H])=C1[H];[H]C1=NN(B([H])([H])N2N=,1.65,2.3405,False,UYITUU;UYITUU01
903150534195,2,2,2,2,2,6,Fe,Cl;[H]c1nn(C([H])(C2NC(C([H])(n3nc([H])c([H])c3[H])n3nc([H])c([H])c3[H])C([H])C(,1.64,2.099,True,COMKUL;COMKUL01
306791241623,2,2,2,2,1,6,V,O;O;[H]C1NC([H])C(C(=O)O)NC1[H];[H]C1NC([H])C(C(=O)O)NC1[H],1.64,1.6403,False,DAQSAP;IDATEP
830495784924,3,3,3,3,2,4,Fe,[H]C1C([H])C([H])C(P(C2C([H])C([H])C([H])C([H])C2[H])C([H])([H])C([H])([H])P(C2C,1.64,7.0009,True,EHAXIW;KOLYUJ;KOLZOE
765995379884,2,2,2,2,1,6,W,C#O;C#O;C#O;C#O;C#O;[H]C([H])=C([H])C([H])([H])N([H])=CC([H])([H])[H],1.64,2.8493,True,FOLFAN;FOLFER
901918952036,2,2,2,2,2,6,Cr,[H]C1NC(N2C3C([H])C([H])C([H])C([H])C3N(C([H])([H])[H])C2CC2N(C3NC([H])C([H])C([,1.64,3.5425,True,NUGLIN;NUGLOT
260397594389,2,2,2,2,1,6,Ru,[H]C1=C([H])c2nc1c(C1C([H])C([H])C([H])C([H])C1[H])c1[nH]c(c([H])c1[H])c(C1C([H],1.64,4.4437,True,XEZVED;XEZVED01
32190255632,2,2,2,2,2,6,Mo,C#O;C#O;C#O;C#O;[H]OC1C([H])C([H])C([H])C([H])C1C([H])=NC([H])([H])C([H])([H])N(,1.63,3.8157,True,EXUSEW;KOCTAZ
345985420855,2,2,2,2,1,6,Mo,O;O;[H]NC(=NN=C([H])C1C([H])C([H])C([H])C([H])C1O)SC([H])([H])[H];[H]OC([H])([H],1.63,2.1357,True,KUJCEX;KUJCEX01
513383201479,4,4,4,3,2,6,Ru,C#O;C#O;I;I;[H]C1NC(C2NC([H])C([H])C([H])C2[H])C([H])C([H])C1[H],1.63,4.271,True,LOJYAN;MALCEK;TAWVUI;TAWVUI01
61344343635,3,3,3,2,2,6,W,C#O;C#O;C#O;C#O;[H]C1C(C([H])([H])[H])C([H])C(C([H])([H])[H])C(P2C([H])(C([H])([,1.63,3.6583,True,TUHLOX;TUHLUD;TUHMAK
185338952502,2,2,2,2,1,4,Co,Cl;[H]C([H])([H])P(C([H])([H])[H])C([H])([H])[H];[H]C([H])([H])P(C([H])([H])[H]),1.62,3.6672,False,BUTDEZ01;ZINXIH
474354688438,2,2,2,2,1,6,Co,[H]O[H];[H]O[H];[H]O[H];[H]O[H];[H]O[H];[H]n1c(=O)[nH]c(=O)n([H])c1=O,1.62,3.0889,True,DUCJOA;DUCJOA01
310006500246,2,2,2,2,1,6,Os,Cl;Cl;Cl;Cl;N=S;[H]C1NC([H])C([H])C([H])C1[H],1.62,7.419,False,HAGJOP;HAGKAC
112235887927,2,2,2,2,1,6,Ni,S=c1sc(S)c(S)s1;[H]C1NC2C3NC([H])C([H])C([H])C3C([H])C([H])C2C([H])C1[H];[H]C1NC,1.62,3.2696,False,KARCIR;KARCOX
19139810066,2,2,2,1,1,5,Mn,C#O;C#O;C#O;[H]C1=C([H])N(C([H])([H])N2CN(C3C(C([H])([H])[H])C([H])C(C([H])([H]),1.61,2.0444,True,AFIMEL;COKJAR
948283275612,2,2,2,2,1,6,Cd,[H]C1NC2C3NC([H])C([H])C([H])C3C([H])C([H])C2C([H])C1[H];[H]O[H];[H]O[H];[H]O[H],1.61,1.9167,True,DURXEU;GEMDIN
358548816507,2,2,2,2,1,6,Fe,[H]C(=NC([H])([H])C([H])([H])N=C([H])C1C([H])C(C(=O)OC([H])([H])C([H])([H])[H])C,1.61,3.3783,True,FUBJAP;FUBJAP01
715208042536,2,2,2,2,1,6,Ru,[H]C1NC(C2NC([H])C([H])C(C(C([H])([H])[H])(C([H])([H])[H])C([H])([H])[H])C2[H])C,1.61,2.02,True,GEZDUN;GEZFID
577108896079,2,2,2,2,2,6,Pt,Cl;Cl;[H]N(C([H])([H])C([H])([H])C(=O)O)C([H])([H])C([H])([H])N([H])C([H])([H])C,1.61,2.89,False,IGALEH;IGALEH01
893354716427,2,2,2,2,1,6,Mo,O;O;[H]C1C(C([H])([H])[H])C([H])C(C([H])([H])N(C([H])([H])C2C([H])C(C([H])([H])[,1.61,2.0506,True,LUSRIA;LUSRIA01
930788387221,3,3,2,2,1,6,W,C#O;C#O;C#O;C#O;C#O;[H]C(=[Se])C1C(C([H])([Si](C([H])([H])[H])(C([H])([H])[H])C(,1.61,4.2748,True,NOKYAN;ZUDFIN;ZUDFIN01
834753451485,2,2,2,2,1,6,Cu,[H]N([H])C1([H])C([H])([H])C([H])([H])C([H])([H])C([H])([H])C1([H])N([H])[H];[H],1.61,1.8396,False,OCEFIM;PULFEH
497417000553,2,2,2,2,1,6,Cr,C#O;C#O;C#O;C#O;[H]C1C([H])C([H])C(P(C2C([H])C([H])C([H])C([H])C2[H])C2C([H])C([,1.61,1.6455,True,OCUHID01;OCUHID02
629240002275,3,3,3,3,2,6,Ni,[H]OC([H])([H])C([H])([H])N=C([H])C1C([H])C([H])C([H])C([H])C1O;[H]OC([H])([H])C,1.61,4.5344,True,YALBES;YALBES01;YALBES02
727388503988,3,3,3,3,1,6,Ni,[H]N([H])C([H])([H])C([H])([H])N([H])[H];[H]O[H];[H]O[H];[H]O[H];[H]O[H],1.6,7.2878,False,AENNIN;ROFSIS;TAENNI01
483808084532,2,2,2,2,2,6,Fe,[H]C(=NC1C([H])C([H])C([H])C([H])C1N=C([H])C(C(=O)OC([H])([H])C([H])([H])[H])=C(,1.6,2.769,True,KINDUK;KINDUK01
360677803890,2,2,2,2,1,6,Pt,I;[H]C([H])[H];[H]C([H])[H];[H]C([H])[H];[H]c1nn(C([H])(n2nc([H])c([H])c2[H])C([,1.6,2.2416,False,VULHIT;VULHIT01
350405761418,2,2,2,1,1,6,Ir,Cl;[H]C1CC(C2=NC3C4C([H])C([H])C([H])C([H])C4C4C([H])C([H])C([H])C([H])C4C3N2C2C,1.59,4.5658,False,JUKRIU;JULSES
577304701999,3,3,3,1,1,6,Ni,Br;Br;[H]C1NC(N(O)C(C([H])([H])[H])(C([H])([H])[H])C([H])([H])[H])C([H])C([H])C1,1.59,1.6866,False,WOFGOQ;WOFGOQ02;WOFGOQ06
726522579454,3,3,3,3,1,6,Fe,[H]c1nn(C2NC(n3nc([H])c([H])c3[H])C([H])NC2[H])c([H])c1[H];[H]c1nn(C2NC(n3nc([H],1.58,3.8805,False,DEDNOQ;EYAPIF;EYAPIF01
992146311207,2,2,2,2,2,6,Ir,C#O;[H]C=C([H])C(=O)C([H])=C[H];[H]c1c(C([H])([H])[H])nn(C([H])(n2nc(C([H])([H]),1.58,1.972,True,FEFWUK;KIHLOE
270900866204,2,2,2,2,2,5,Cu,[H]C1NC(C([H])([H])N([H])C([H])([H])C2NC([H])C([H])C([H])C2[H])C([H])C([H])C1[H],1.58,5.0059,True,QUQDUB;QUQDUB02
847780629506,10,10,10,5,2,4,Rh,[H]C([H])([H])P(C([H])([H])[H])C([H])([H])[H];[H]C([H])([H])P(C([H])([H])[H])C([,1.57,7.2031,True,CECBEV;CUPZOC;HIXZET;KUHCEX;KUHPAG;LUBYEM
50606024471,2,2,2,2,1,6,Hg,[H]C1C(C(=O)O)NC(C(=O)O)C([H])C1[H];[H]C1C(C(=O)O)NC(C(=O)O)C([H])C1[H],1.57,5.3266,True,ETURAN;MENNOJ
325196074755,2,2,2,2,2,4,Ni,[H]C1C([H])C([H])C(P(C2C([H])C([H])C([H])C([H])C2[H])C2C([H])C([H])C([H])C3C([H],1.57,3.8725,False,FADJUT;FADKEE
458134943722,3,3,3,2,1,6,Fe,[H]C1NN(B([H])(N2NC(N([H])[H])NC2[H])N2NC([H])C([H])C2[H])C([H])C1[H];[H]C1NN(B(,1.57,2.274,False,XUGCEL;XUGCEL01;XUGCEL02
664643768933,2,2,2,2,2,6,Ru,[H]c1c(C2NC([H])C([H])C([H])C2[H])nn(C([H])([H])C2C([H])C([H])C([H])C([H])C2[H]),1.56,3.0923,False,MIQLOP;MIQLUV
484870299517,3,3,3,2,1,6,Ru,N=O;O=N=O;[H]C1NC(C2NC([H])C([H])C([H])C2[H])C([H])C([H])C1[H];[H]C1NC(C2NC([H]),1.56,1.6056,True,NEFXUS01;NEFXUS02;ZIPFUZ
224134500184,2,2,2,2,1,6,W,C#O;C#O;C#O;C#O;C#O;[H]C1C([H])C([H])C(N2P(F)C([H])([H])C([H])([H])C2([H])C2C([H,1.56,1.5616,True,NOLGII;NOLGUU
39712700990,2,2,2,2,1,6,W,C#O;C#O;C#O;C#O;C#O;[H]C(CN(OC([H])([H])[H])C([H])([H])[H])=C(C1C([H])C([H])C(N(,1.56,8.7895,True,ZOWZEQ;ZOWZIU
988836187748,2,2,2,2,2,6,Mo,O;O;[H]C(=NC([H])([H])C([H])([H])O)C1C([H])C([H])C([H])C(OC([H])([H])[H])C1O;[H],1.55,2.2133,False,MUCDIX;MUCDIX01
146379607040,2,2,2,2,1,6,Mo,Cl;[H]C([H])([H])C([H])([H])P(C([H])([H])C([H])([H])[H])C([H])([H])C([H])([H])P(,1.55,1.6847,True,SECSAV;SECSAV01
96320554631,2,2,2,2,2,6,Ni,[H]C([H])([H])C#N;[H]C1C([H])C2C([H])C([H])C3NC2C2NC(C([H])C([H])C12)C([H])([H]),1.54,4.2769,False,BICGUQ;TOLSES
92420302007,2,2,2,2,2,6,Ti,Cl;Cl;Cl;Cl;[H]C([H])([H])OC([H])([H])C([H])([H])OC([H])([H])[H],1.54,2.129,False,BOMFAK;ZUPNED
781862849688,2,2,2,2,2,6,Rh,OO;[H]C1C(C([H])(C([H])([H])[H])C([H])([H])[H])NN(B([H])(N2NC(C([H])(C([H])([H]),1.54,5.2222,False,CIQPIB;CIQPIB01
554459772271,6,6,6,4,2,4,Ni,[H]B123B45([H])C67([H])C89([H])B1%10([H])B21%11([H])B342([H])B563([H])B784([H])B,1.54,18.9589,False,DINNAP;DINPIZ;NIDBOR;UCNBOR;VOHQAL;YEDVIM
106127082002,4,4,4,4,2,6,Ir,[H]C1CC(C2NC([H])C([H])C(C3C(C([H])([H])[H])C([H])C(C([H])([H])[H])C([H])C3C([H],1.54,5.8658,False,FAQCOS;FAQCUY;TORNAR;UXABOM02
166176755211,2,2,2,2,1,6,Zn,[H]N([H])N([H])C(=O)N([H])N([H])[H];[H]N([H])N([H])C(=O)N([H])N([H])[H];[H]N([H],1.54,6.4564,False,HOSKOR;MOFWEK
645301916136,3,3,3,3,1,6,Re,C#O;C#O;C#O;[H]C1NC(C([H])([H])N([H])C([H])([H])C2NC([H])C([H])C([H])C2[H])C([H],1.54,4.066,True,LULNEL;PAYHEE;PAYHEE01
837259053295,2,2,2,2,2,6,V,[H]C([H])(C(=O)O)N(C([H])([H])C([H])([H])C(=O)O)C([H])([H])C([H])([H])N(C([H])([,1.54,4.1373,True,ORUTOL;ORUTUR
905622182903,2,2,2,2,1,6,Ir,[H]C(=NC1NC([H])C([H])C([H])C1[H])C1C([H])C([H])C([H])C([H])C1O;[H]C1CC(C2NC([H],1.54,3.0823,True,RAMNEB;RAMNEB01
245488687507,3,3,3,2,1,6,Fe,N=C=[Se];N=C=[Se];[H]C(=C([H])C1C([H])C([H])C([H])C([H])C1[H])C1C([H])C([H])NC([,1.54,3.3409,True,XUKNUN01;XUKPEZ;XUKPEZ01
777007537715,2,2,2,2,1,6,Mo,Cl;O;O;[H]OC(=O)C([H])([H])C(O)(C(=O)O)C([H])([H])C(=O)O[H],1.53,1.53,True,DOVGAZ;SISKAJ
278580963188,2,2,2,2,2,4,Ni,[H]C(=NC1([H])C([H])([H])C([H])([H])C([H])([H])C([H])([H])C1([H])[H])C1C([H])C(B,1.53,2.2871,False,FETLEW;FETLEW01
505989037386,7,7,7,5,2,4,Cu,Cl;Cl;Cl;[H]O[H],1.53,8.5704,True,GEMJIS;ISAWIJ;ISAWIJ01;KOTDOM;LOJZUI;LORPAM
999636859464,3,3,3,2,2,6,Ru,Cl;Cl;Cl;Cl;N=O;[H]C1=NN([H])C2C([H])C([H])C([H])C([H])C12,1.53,2.0789,True,LINGIA;LINSAE;LINSOS
270048110665,2,2,2,2,2,6,Re,Br;Br;Br;Br;Br;[H]C(=O)N(C([H])([H])[H])C([H])([H])[H],1.53,3.7102,True,OVACEU;QEHGUG
218291341197,2,2,2,2,1,6,Os,O;O;[H]C([H])([H])C([H])([H])C([H])(O)C1([H])NC(=O)OC([H])([H])C1([H])[H];[H]C([,1.53,1.6006,True,RECLIV;UCAWAX
990784068935,3,3,3,3,2,6,Mo,C#O;C#O;C#O;C#O;[H]C1([H])C([H])([H])C([H])([H])C([H])(P(C2([H])C([H])([H])C([H],1.52,2.6988,True,BAYQIB;POGMIH;POGMIH01
317918403867,2,2,2,1,1,6,W,C#O;C#O;C#O;C#O;[H]C1C([H])C([H])C(P(C2C([H])C([H])C([H])C([H])C2[H])C([H])([H]),1.52,2.0001,False,COZQAM;UYOLUR
192607352947,2,2,2,2,2,6,Mo,O;O;[H]C1NC(S)C([H])C([H])C1[H];[H]C1NC(S)C([H])C([H])C1[H],1.52,5.9765,False,EXUXAW;EXUXAW01
569440836817,2,2,2,2,1,6,Ir,[H]C1CC(C2NC([H])C(C(F)(F)F)C([H])C2[H])C(F)C([H])C1F;[H]C1CC(C2NC([H])C(C(F)(F),1.52,2.053,True,GIPZOY;IQOYEV
678156643232,3,3,3,3,1,6,Ni,[H]C1NC(C([H])([H])C([H])([H])SC([H])([H])C([H])([H])SC([H])([H])C([H])([H])C2NC,1.52,3.1507,True,JUKXOC;JUKXOC01;OJAYUV
786441569296,2,2,2,1,1,6,Fe,O=S(=O)(O)C(F)(F)F;[H]C([H])([H])C#N;[H]c1nn(C([H])(C2NC(C3NC([H])C([H])C([H])C3,1.51,2.514,False,JADYAS;JADYAS01
30804922071,3,3,3,3,1,6,Co,[H]C([H])([H])C([H])([H])N(C([H])([H])C([H])([H])[H])C([H])([H])C([H])([H])N(C([,1.51,5.916,False,JOPXIZ02;QOVXEI04;QOVXEI06
920443111997,2,2,2,2,1,6,Ir,[H]C1=C([H])N(C([H])([H])[H])CN1C1NC([H])C([H])C([H])C1[H];[H]C1CC(C2NC([H])C([H,1.51,1.652,True,MEGMES;MEGMES01
787742983444,2,2,2,1,1,6,Ru,Cl;[H]C1C([H])C([H])C([As](C2C([H])C([H])C([H])C([H])C2[H])C2C([H])C([H])C([H])C,1.51,1.8335,False,QALXAD;QAWYOD
469675790276,3,3,3,3,1,6,Fe,[H]C(=NC1C([H])C([H])C(Br)C2C([H])C([H])C([H])NC12)C1C([H])C(C([H])([H])[H])C([H,1.51,4.1728,False,QUWCIY;QUWCIY01;QUWDIZ
128072867951,2,2,2,2,1,6,Re,[H]C([H])[H];[H]C([H])[H];[H]C([H])[H];[H]C([H])[H];[H]C([H])[H];[H]C([H])[H],1.51,2.7597,False,ZOSXEL;ZOSXEL01
360071433727,2,2,2,2,2,6,Mn,I;[H]C1NC(C2NC([H])C([H])C([H])N2)NC([H])C1[H];[H]C1NC(C2NC([H])C([H])C([H])N2)N,1.5,2.3973,True,AZIZAL;AZOFAX
309244974976,2,2,2,2,1,6,Co,O=S(=O)(O)O;[H]C1NC2C3NC([H])C([H])C([H])C3C([H])C([H])C2C([H])C1[H];[H]O[H];[H],1.5,1.7649,False,FICNOU01;GURROE
356540809713,3,3,3,3,1,6,Cr,N=N=N;N=N=N;[H]N1C([H])([H])C([H])([H])N([H])C([H])([H])C([H])([H])C([H])([H])N(,1.5,3.4979,True,GIVRUB;HEQTAY;HEQTEC
785895534038,2,2,2,1,1,6,Ru,N=O;O=N=O;O=N=O;[H]C1NC2C3NC([H])C([H])C([H])C3C([H])C([H])C2C([H])C1[H];[H]O,1.5,1.7918,False,GUJPIO;GUKHUT
402357831545,2,2,2,2,1,6,Ru,Cl;[H]C1NC(C2NC(C3NC([H])C([H])C([H])C3[H])C([H])C([H])C2[H])C([H])C([H])C1[H];[,1.5,6.1847,False,ITINOR;WAKRUX
918514277821,2,2,2,2,1,6,Ni,[H]C1=NC2C([H])C([H])C([H])C([H])C2N1[H];[H]C1=NC2C([H])C([H])C([H])C([H])C2N1[H,1.5,1.555,False,PAYHAA;PAYHAA01
913038089704,2,2,2,2,1,6,Fe,[H]C([H])([H])C([H])([H])C([H])([H])C([H])([H])O;[H]C1NC(C([H])([H])N(C([H])([H],1.5,1.516,True,UGOMIO;UGOMIO01
257072184943,2,2,2,2,1,6,Cr,C#O;C#O;C#O;C#O;C#O;[H]C([H])([H])N1CN(C([H])([H])[H])N=N1,1.5,3.363,False,YEJWAM;YEJWAM01
62807386000,3,3,3,2,1,6,Fe,[H]C1C(C([H])([H])[H])NN(C([H])(N2NC(C([H])([H])[H])C([H])C2C([H])([H])[H])N2NC(,1.5,3.6522,True,YIMYEZ;YIMYEZ01;YIMYEZ02
540328110065,3,3,3,3,2,6,Fe,[H]c1nc2n(c1[H])C([H])([H])C1C([H])C([H])C([H])C([H])C1C([H])([H])n1c-2nc([H])c1,1.49,4.9808,False,GETSAC01;GETVAF;GETVAF01
560142691628,2,2,2,1,1,6,Cu,[H]C1NC(C2NC(C3NC([H])C([H])C([H])C3[H])C([H])C(C3C([H])C([H])C(OC([H])([H])[H]),1.49,4.1843,False,LESFIB;LESFOH
3843254570,3,3,3,3,1,6,Ti,[H]C1C([H])C([H])C(O)C(O)C1[H];[H]C1C([H])C([H])C(O)C(O)C1[H];[H]C1C([H])C([H])C,1.49,2.0106,False,LEXQUD;LEXRAK;NIJMEB
906910966307,2,2,2,2,2,6,Fe,[H]C(=NN([H])C(=S)N([H])[H])C1C([H])C(Cl)C([H])C([H])C1O;[H]C(=NN=C(S)N([H])[H]),1.49,4.1843,True,NOJFAX;NOJFAX01
48372392055,2,2,2,2,1,6,Ir,[H]C1C([H])C([H])C(P(C2C([H])C([H])C([H])C([H])C2[H])C([H])([H])C2C([H])C([H])C(,1.48,3.7908,False,CIJSOG;CIJSUM
69923314000,2,2,2,2,2,4,Mo,N=C=O;[H]C1C(NC(C([H])([H])[H])(C([H])([H])[H])C([H])([H])[H])C([H])C(C([H])([H],1.48,9.8913,False,GIYBAT;GIYBAT01
319259265563,2,2,2,2,2,6,Ru,[H]C1C(C(=O)O)NC(C2NC(C(=O)O)C([H])C([H])C2[H])C([H])C1[H];[H]C1NC([H])C([H])C(C,1.48,6.8029,True,HORZUM;HOSBAV
746476213258,2,2,2,2,2,6,Co,[H]C1C(C(=O)S)NC(C(=O)S)C([H])C1[H];[H]C1C(C(=O)S)NC(C(=O)S)C([H])C1[H],1.48,1.7067,True,KEVHOI;SASVEN
650567611574,2,2,2,2,1,6,Ru,Cl;[H]C1NC(C2NC(C3NC([H])C([H])C([H])C3[H])C(C3NC([H])C([H])C([H])C3[H])NC2C2NC(,1.48,8.1554,True,KUPPAN;PAJZIN
617434452559,2,2,2,2,2,4,Ir,C36ClGaH47N3P2;Cl;Cl,1.48,6.6566,False,LOMPOV;LOMQAI
748278834679,2,2,2,2,1,6,W,C#O;C#O;C#O;C#O;[H]C1C([H])C([H])C(P(C2C([H])C([H])C([H])C([H])C2[H])C2C([H])C([,1.48,2.7519,True,SEGBUF;XATCEA01
225710997829,2,2,2,2,2,6,Ru,Cl;Cl;[H]C([H])([H])S(=O)C([H])([H])[H];[H]C([H])([H])S(=O)C([H])([H])[H];[H]C1C,1.48,3.3362,True,XEMCUO;XEMCUO01
761271660761,2,2,2,2,1,4,Cu,[H]C(=NC([H])(C([H])([H])[H])C([H])([H])[H])C1C([H])C2C([H])C([H])C([H])C([H])C2,1.48,1.501,False,YEGYOA;YEGYOA01
966044763613,2,2,2,2,2,6,Ru,C#O;Cl;Cl;[H]C1NC(C2NC(C3NC([H])C([H])C([H])C3[H])C([H])C([H])C2[H])C([H])C([H]),1.47,5.2308,False,COXMUX;SABQUI
536487799975,2,2,2,1,1,6,Ru,C#N;C#N;[H]C1NC(C2NC([H])C([H])C(C(C([H])([H])[H])(C([H])([H])[H])C([H])([H])[H],1.47,1.9958,False,EQOZAM;TEGDUH
378661157023,8,8,8,5,2,6,Fe,[H]c1nn(C2NC(n3nc([H])c([H])c3[H])C([H])C([H])C2[H])c([H])c1[H];[H]c1nn(C2NC(n3n,1.47,5.7425,True,GAPSIA;GAPSIA01;GAPSOG;XENBEX03;XENBEX04;XENBEX05
899448458133,2,2,2,2,2,6,Ru,[H]C(=O)C1C([H])C(Cl)C([H])C([H])C1O;[H]C1NC(C2NC([H])C([H])C([H])C2[H])C([H])C(,1.47,2.0718,False,MUCCOC;XUMTEH
866051543492,2,2,2,2,1,6,Ru,[H]C([H])([H])C#N;[H]C1([H])C([H])([H])C([H])([H])C([H])(P(C2([H])C([H])([H])C([,1.46,2.6321,True,BERQIB;SAFQEW
299933649032,2,2,2,2,1,6,Fe,Cl;Cl;[H]C1NC(C2NC([H])C([H])C(C([H])([H])[H])C2[H])C([H])C(C([H])([H])[H])C1[H],1.46,4.1175,False,HAJHIK;HOGBAG
973539548268,2,2,2,2,2,5,Cu,[H]C([H])([H])C#N;[H]C1C([H])C2NC(C1[H])C([H])([H])N(C(C([H])([H])[H])(C([H])([H,1.46,5.065,False,JAMFOV;JAMGIQ
158339309281,2,2,2,2,2,6,Ir,Cl;[H]C1C([H])C([H])C(P(C2C([H])C([H])C([H])C([H])C2[H])C2C([H])C([H])C([H])C([H,1.46,2.9993,True,LOFPOP;UQIBUS
966019810691,2,2,2,2,2,6,Ir,Cl;[H]C1C([H])C(P(C2C([H])C([H])C(OC([H])([H])[H])C([H])C2[H])C2C([H])C([H])C(OC,1.46,5.3337,False,LOFPUV;VURRUY
838759601879,2,2,2,2,1,6,Cu,O=S(=O)(O)C(F)(F)F;[H]N1C([H])([H])C([H])(C([H])([H])[H])C([H])([H])N([H])C([H]),1.46,3.6818,True,TALPUT;TALPUT01
587647216952,2,2,2,2,1,6,V,O;O=C(O)C(=O)O;[H]C1NC2C3NC([H])C([H])C([H])C3C([H])C([H])C2C([H])C1[H];[H]O[H],1.45,2.8297,True,HASBAI;MAJBEF
207987567487,2,2,2,2,1,6,Mo,O;O;[H]C1C(C([H])([H])N(C([H])([H])C2C([H])C(C(C([H])([H])[H])(C([H])([H])[H])C(,1.45,1.5973,True,HATROM;UWOPED
750347110879,7,7,7,5,2,6,Mn,[H]C(=NC([H])([H])C([H])([H])C([H])([H])N([H])C([H])([H])C([H])([H])N([H])C([H]),1.45,5.207,True,JADQOZ;JADQOZ01;JADQUF;JAFFUW;JAFGAD;SEKCOE
243300441762,2,2,2,1,1,4,Ni,[H]ON=C(C([H])([H])[H])C(NC([H])C(C([H])NC(C(=NO)C([H])([H])[H])(C([H])([H])[H]),1.45,1.9948,False,MOHNIA;MOHNIA01
201756174397,2,2,2,2,1,6,Fe,N=C=S;N=C=S;[H]C1NC(C([H])([H])SC([H])([H])C2NC3C([H])C([H])C([H])C([H])C3NC2C([,1.45,2.3505,False,OXUQEG;OXUQEG01
882418207,2,2,2,2,2,6,Fe,Cl;Cl;[H]C1NC(C2NC([H])C(C([H])([H])[H])C([H])C2[H])C([H])C([H])C1C([H])([H])[H],1.44,2.7136,False,AGULUL;AGUMAS
224555848138,2,2,2,2,1,6,Ni,[H]OC1C([H])C([H])C([H])C([H])C1C([H])([H])N([H])C([H])([H])C([H])([H])N(C([H])(,1.44,1.4409,False,DOSTAH;YUYWAR
924786342820,2,2,2,2,1,6,W,C#O;C#O;C#O;[H]C1C(F)C([H])C(P(C2C([H])C(F)C([H])C(F)C2[H])C([H])([H])N(C([H])([,1.44,1.7822,True,MABQEO;MABQEO01
749250068691,2,2,2,2,1,4,Y,[H]N([H])[H];[H]N([H])[H];[H]N([H])[H];[H]N([H])[H],1.44,6.365,True,SAPLUS;SAPLUS01
338051502671,2,2,2,2,1,5,Os,Cl;[H]C1C([H])C([H])C(P(C2C([H])C([H])C([H])C([H])C2[H])C([H])([H])C([H])([H])P(,1.44,2.7732,True,TEQMIL;TEQMIL01
10363981297,2,2,2,2,1,6,Zn,[H]C1NC(C2NC([H])C([H])C([H])C2N([H])[H])C(N([H])[H])C([H])C1[H];[H]C1NC(C2NC([H,1.43,3.0907,False,EGODUZ;WIMTIW
28994221502,3,3,3,3,2,4,Ag,[H]C1NC(C2NC([H])C([H])C([H])C2[H])C([H])NC1C#N;[H]C1NC(C2NC([H])C([H])C([H])C2[,1.43,12.4605,True,IDEDOM;SADWUR;XAKJUQ
771786125358,2,2,2,2,2,6,Cu,[H]C1C(c2nc(C3C([H])C([H])C(OC([H])([H])[H])C([H])C3[H])c(C([H])([H])[H])n2C([H],1.43,3.9481,True,NEJTOM;NEJTOM01
960250120588,3,3,3,2,1,4,Ni,[H]N(P(C([H])(C([H])([H])[H])C([H])([H])[H])C([H])(C([H])([H])[H])C([H])([H])[H],1.43,1.9734,True,UTAYUL;UTAZIA;UTENAK
482990737203,2,2,2,2,1,6,Mo,O;O;[H]C(=NN=C(O)c1oc([H])c([H])c1[H])C1C([H])C([H])C([H])C(OC([H])([H])[H])C1O;,1.42,1.4206,False,HAMHAH;HAMHEL
749974085053,2,2,2,1,1,6,Mo,C#O;C#O;C#O;[H]C1C([H])C([H])C(P(C([H])([H])C2C([H])C([H])C([H])C([H])C2[H])C([H,1.42,1.4213,False,PICMOD;RIXWUQ
843422544687,2,2,2,2,1,6,Fe,[H]C(=NC1C([H])C([H])C([H])C2C([H])C([H])C([H])NC12)C1C([H])C([H])C(OC([H])([H]),1.42,1.8336,True,XADDUE;XADFEQ
510143236307,2,2,2,2,1,6,Ru,N=O;O=[N+]([O-])O;[H]N([H])[H];[H]N([H])[H];[H]N([H])[H];[H]N([H])[H],1.41,2.2474,True,BADXEL01;LABCAX
619562035054,2,2,2,2,2,6,Ir,[H]C1=C([H])N(C([H])([H])N2CN(C([H])([H])[H])C([H])=C2[H])CN1C([H])([H])[H];[H]C,1.41,2.8181,False,IMOVUC;QIHWUB
59161605729,2,2,2,2,2,6,Re,Cl;Cl;Cl;Cl;[H]C1NC(C2NC([H])C([H])C([H])C2[H])C([H])C([H])C1[H],1.41,4.6204,False,KEMCOU;KEMCOU01
222260740351,2,2,2,2,1,6,Mo,C#O;C#O;C#O;C#O;[H]C1C([H])C([H])C(P(C2C([H])C([H])C([H])C([H])C2[H])C([H])([H]),1.41,5.8815,False,UBUSIT;WOPHAK
940805042752,3,3,3,1,1,6,Re,C#O;C#O;C#O;Cl;[H]C1NC(C2NC(C3NC([H])C([H])C([H])C3[H])C([H])C([H])C2[H])C([H])C,1.4,2.6147,False,BOFYOL;PAVKUS;WAFVOO01
849939709012,2,2,2,2,2,6,Re,C#O;C#O;C#O;[H]C1NC(C2NC([H])C([H])C([H])C2[H])C([H])C([H])C1[H];[H]C1NC(c2nn[nH,1.4,2.2962,False,HUQXIC;HUQXIC01
239212572827,2,2,2,2,2,6,Ru,[H]C1C([H])C([H])C(C2=NC([H])([H])C([H])([H])N2[H])C(O)C1[H];[H]C1NC(C2NC([H])C(,1.4,2.1563,True,MINNEE;MINPAC
831286774266,2,2,2,1,1,6,Ir,[H]C1CC(C2NC([H])C([H])C([H])C2[H])C(F)C([H])C1F;[H]C1CC(C2NC([H])C([H])C([H])C2,1.4,3.2293,False,URAWES;URAWOC
931752447122,2,2,2,2,1,6,Re,Br;Br;O;[H]C1C([H])C([H])C(C2=NC3C([H])C([H])C([H])C([H])C3S2)C(O)C1[H];[H]C1C([,1.4,3.1394,True,VIXZOS;VIYBIP
92868812842,4,4,4,3,1,6,Ni,[H]N([H])C([H])([H])[H];[H]N([H])C([H])([H])[H];[H]N([H])C([H])([H])[H];[H]N([H],1.39,3.2617,True,WEYJET;WEYZIN;WEYZIN01;WEYZUZ
331968630586,3,3,3,3,2,6,Co,[H]C1=NC2C(N([H])[H])NC([H])NC2N1[H];[H]C1C(C(=O)O)NC(C(=O)O)C([H])C1[H];[H]O[H],1.38,3.6721,True,GILSUR;GILTAY;GILTEC
639111123276,2,2,2,2,1,6,Re,Cl;Cl;[H]C(C(O)C(F)(F)F)C(O)C(F)(F)F;[H]C1C([H])C([H])C(P(=O)(C2C([H])C([H])C([H,1.38,1.3829,True,KELMEV;KELMEV01
776292497879,2,2,2,2,2,4,Cu,[H]C(=NN1C([H])([H])C([H])([H])OC([H])([H])C1([H])[H])C1C(O)C([H])C([H])C2C([H]),1.37,6.057,False,AJOFAJ;AJOFEN
499884535060,2,2,2,2,2,6,Ni,[H]ON=C(C([H])([H])[H])C([H])(N([H])C([H])([H])C1NC([H])C([H])C([H])C1[H])C([H]),1.37,1.7322,True,AMEKUY;AMELEJ
167312168750,2,2,2,1,1,6,Ir,[H]C(C(O)C([H])([H])[H])C(O)C([H])([H])[H];[H]C1CC(C2CC([H])C([H])C([H])C2[H])C(,1.37,2.286,True,APUSEM;KALXAA
144632584616,2,2,2,2,1,6,Ru,C#O;Cl;[H]C1C([H])C([H])C(P(C2C([H])C([H])C([H])C([H])C2[H])C2C([H])C([H])C([H]),1.37,1.4916,True,DIQNIE;DIQNUQ
398889568608,2,2,2,2,2,4,Ni,[H]C1C([H])C([H])C(P2C([H])([H])N(C3C([H])C([H])C(OC([H])([H])[H])C([H])C3[H])C(,1.37,2.3101,True,IZUWEG;UZIWAC
422631785659,3,3,3,1,1,2,Ni,[H]C1C([H])C(C([H])(C([H])([H])[H])C([H])([H])[H])C(N[Si](C([H])([H])[H])(C([H]),1.37,1.8886,False,KEBXEW;KEBXEW01;SOPBOQ
320785158848,3,3,3,3,2,6,Fe,[H]C(=NC1C([H])C([H])C(Br)C2C([H])C([H])C([H])NC12)C1C(O)C([H])C([H])C2C([H])C([,1.37,3.0859,True,KUGDAV;KUGDAV01;KUGNIN
201390704908,3,3,3,2,2,6,Co,[H]C1C(C(=O)O)NC(C([H])([H])[H])C([H])C1[H];[H]C1C(C(=O)O)NC(C([H])([H])[H])C([H,1.36,2.0564,True,AJIWEV;XUJDIQ;XUJDIQ01
58139825003,2,2,2,2,1,6,Co,C12D12N6;D2O;O=[N+]([O-])O;O=[N+]([O-])O,1.36,2.6979,False,ASUPOW05;ASUPOW06
636138299936,2,2,2,1,1,6,Mo,C#O;C#O;C#O;C#O;[H]C1C([H])C([H])C(P(C2C([H])C([H])C([H])C([H])C2[H])C([H])([H]),1.36,1.4596,False,DPMCMO01;DPMCMO02
149242823782,4,4,4,4,2,6,Ir,[H]C1CC(C2NC([H])C([H])C([H])C2[H])C([H])C([H])C1[H];[H]C1CC(C2NC([H])C([H])C([H,1.36,2.89,True,FOTBAT;GEGYOI;GEGYUO;GEGZEZ
245888510929,2,2,2,2,2,6,Ti,[H]C1C([H])C([H])C(N[Si](N2C([H])([H])C([H])([H])N([Si](NC3C([H])C([H])C([H])C([,1.36,2.8724,True,GANLIR;GANLUD
224203466949,2,2,2,2,1,6,Ir,C#N;C#N;[H]C1CC(C2NC([H])C3C(C2[H])C([H])([H])C2([H])C([H])([H])C3([H])C2(C([H]),1.36,6.9543,False,PODNIJ;PODPAD
712653351819,3,3,3,2,2,6,Ru,[H]C1C([H])C([H])C(S(=O)C([H])([H])C([H])([H])[H])C(O)C1[H];[H]C1NC(C2NC([H])C([,1.36,3.207,True,ZOYJOO;ZOYYOD;ZOYYUJ
323860588120,3,3,3,3,1,6,Co,[H]c1nc(-c2nc([H])c([H])n2[H])n([H])c1[H];[H]c1nc(-c2nc([H])c([H])n2[H])n([H])c1,1.35,3.48,True,AZIXEN;SEGWAE;SEGXEJ
263150153913,2,2,2,2,1,6,Rh,[H]C1NC(N=NC2C([H])C([H])C([H])C([H])C2N=NC2C([H])C([H])C([H])C([H])C2[H])C([H]),1.35,1.4856,True,ECOCAD;ECOCAD01
565250324350,2,2,2,2,1,6,Os,Cl;Cl;[H]C1NC(C([H])([H])N(C([H])([H])[H])C2([H])C([H])([H])C([H])([H])C([H])([H,1.35,1.617,False,FOGTED;FOGTIH
403286511660,3,3,3,3,1,6,Cr,[H]N([H])C1([H])C([H])([H])C([H])([H])C([H])([H])C([H])([H])C1([H])N([H])[H];[H],1.34,1.9597,True,BAJZOC;EQOWEP;KUHJOM
567467614001,2,2,2,2,2,4,Cu,[H]C1C([H])C([H])C(P(C2C([H])C([H])C([H])C([H])C2[H])C2C([H])C([H])C([H])C([H])C,1.34,1.7273,True,DILCAD;DILCAD02
738889707037,2,2,2,2,1,6,Fe,C#O;[H]C1C([H])C([H])C(P(C([H])([H])[H])C([H])([H])[H])C([H])C1[H];[H]C1C([H])C(,1.34,1.5165,False,EWASUS02;SONVUO
147783360085,2,2,2,2,2,6,Fe,[H]C1NC(c2nc3c([nH]2)C(=O)C2C([H])C([H])C([H])C([H])C2C3=O)C([H])C([H])C1[H];[H],1.34,3.6638,False,PUFRAM;PUFRAM01
225389668412,3,3,3,2,1,6,Ni,[H]OC([H])([H])C(N=C([H])C1C([H])C([H])C([H])C([H])C1O)(C([H])([H])[H])C([H])([H,1.33,4.9608,True,BAKJON;SUSTOP;SUSTOP01
427694129711,2,2,2,2,1,6,Re,C#O;C#O;C#O;[H]C1NC(C(NC(=O)C2C([H])C([H])C([H])C([H])C2[H])(C2NC([H])C([H])C([H,1.33,6.9485,True,DAFFOH;DAFGEY
213854185249,2,2,2,2,2,6,Co,[H]C1NC2C3NC([H])C([H])C([H])C3C(=O)C(=O)C2C([H])C1[H];[H]O[H];[H]O[H];[H]O[H];[,1.33,9.0285,True,FOTRAI;LONHII
399772448888,2,2,2,2,2,4,Zn,[H]C1NC(N([H])C2NC([H])C([H])C([H])C2[H])C([H])C([H])C1[H];[H]C1NC(N([H])C2NC([H,1.33,3.0818,True,GOWREP;INENUN
967069090475,2,2,2,1,1,6,W,O;O;[H]C1C([H])C([H])C(N([H])C([H])([H])C([H])([H])N([H])C2C([H])C([H])C([H])C([,1.33,1.3805,False,HINVOP;HINVOP01
595590109842,2,2,2,2,1,6,Pt,Cl;Cl;Cl;[H]C1C(C2=NC(C([H])([H])[H])(C([H])([H])[H])C([H])([H])O2)CC(C2=NC(C([H,1.33,1.368,False,IHOGAR;IHOGEV
991441177891,2,2,2,2,2,5,Ir,Cl;[H]C1C([H])C([H])C2C(P(C([H])(C([H])([H])[H])C([H])([H])[H])C([H])(C([H])([H],1.33,5.6294,False,JOZQEW;JOZQIA
292755462974,2,2,2,2,1,6,Rh,C#O;C#O;I;I;I;I,1.33,2.709,True,PRAIRH;WAMKIE
659562733457,2,2,2,2,1,4,Cr,[H]C1C(NC2C(C([H])(C([H])([H])[H])C([H])([H])[H])C([H])C([H])C([H])C2C([H])(C([H,1.33,3.5672,True,VUDNIV;VUDNOB
462345704546,3,3,3,2,1,6,Pt,[H]C([H])[H];[H]C([H])[H];[H]C1C([H])C([H])C([SeH])C([H])C1[H];[H]C1C([H])C([H]),1.33,3.001,True,YARCOJ;YARCOJ01;YARCOJ02
936441370315,2,2,2,2,1,6,Zn,[H]c1c(C2NC(c3nn([H])c(C([H])([H])[H])c3[H])C([H])C([H])C2[H])nn([H])c1C([H])([H,1.33,4.4246,True,YETZIK;YETZIK02
469481543585,2,2,2,2,1,6,Mo,O;O;[H]C(=NN=C(S)N([H])[H])C1C([H])C([H])C([H])C([H])C1O;[H]OC([H])([H])[H],1.33,1.5368,True,YEWJUF;YEWJUF01
399891224982,2,2,2,2,2,5,Cu,C#N;[H]C1NC(C2NC([H])C([H])C([H])C2[H])C([H])C([H])C1[H];[H]C1NC(C2NC([H])C([H]),1.32,1.3219,True,BOPZUB;MACXEV
649007867117,2,2,2,2,1,5,Cu,Cl;[H]OC([H])([H])C1C([H])C([H])NC([H])C1[H];[H]OC([H])([H])C1C([H])C([H])NC([H],1.32,1.32,False,PACZEZ;PACZEZ01
951499875759,3,3,3,1,1,6,Ru,Br;C#O;C#O;[H]C([H])([H])P(C([H])([H])[H])C([H])([H])[H];[H]C1NC(N([H])C=O)C([H],1.31,1.4921,False,AGIQUF;AGIQUF03;MODVUZ
967991381855,2,2,2,2,1,6,Co,N=C=S;N=C=S;[H]C1NC(C2NC([H])C([H])C([H])C2[H])C([H])C([H])C1[H];[H]C1NC(C2NC([H,1.31,6.6503,True,IFOMUO;IFOMUO01
381189404882,2,2,2,2,1,5,Cu,[H]N([H])C([H])([H])C([H])([H])N([H])C([H])([H])C([H])([H])N([H])[H];[H]N([H])C(,1.31,1.3757,True,PEDJEN01;XILDEE
377299099149,2,2,2,2,1,6,Ni,[H]C(=NN([H])C(=S)N([H])[H])C1C([H])C([H])C([H])C([H])N1O;[H]C(=NN([H])C(=S)N([H,1.31,1.3375,True,WEMPIO;WEMPOU
403606189586,3,3,3,2,1,5,V,O;O;[H]C(=NN([H])C(=O)C1C([H])C([H])C([H])C([H])C1[H])C1C([H])C([H])C([H])C([H]),1.31,1.3124,True,XEMXAO;XEMXAO01;YEGSAH
44341995033,2,2,2,2,2,6,Ir,[H]C1NC(C(=O)O)C([H])C([H])C1[H];[H]C1NC(C2=CC3C([H])C([H])C([H])C([H])C3S2)C([H,1.3,5.496,False,AMUTUZ;AMUVAH
182863236902,2,2,2,1,1,6,Mn,[H]C1C([H])C([H])C(C(=O)O)C([H])C1[H];[H]C1NC2C3NC([H])C([H])C([H])C3C([H])C([H],1.3,1.5869,False,ATEJIU;HULXER
736121464864,2,2,2,1,1,6,Pt,Cl;Cl;[H]C([H])C1C([H])C([H])C([H])C([H])C1P(C1C([H])C([H])C([H])C([H])C1C([H])(,1.3,1.7029,False,DEDTEO;YEKMAF
758835204812,2,2,2,2,1,6,Cr,[H]C1NC(C2NC([H])C([H])C(C(C([H])([H])[H])(C([H])([H])[H])C([H])([H])[H])C2[H])C,1.3,2.2447,False,KAWJOJ;KAWJUP
95666516642,2,2,2,2,1,6,Ru,Cl;Cl;[H]C1C([H])C([H])C(P(C2C([H])C([H])C([H])C([H])C2[H])C([H])([H])C2NC(C([H],1.3,4.3966,False,NOGQOP;REPBIX
890925400035,2,2,2,2,1,4,Cu,Cl;Cl;[H]C1NC(I)C([H])C([H])C1I;[H]C1NC(I)C([H])C([H])C1I,1.3,1.3006,False,TESKEL;TESKEL01
955589435816,2,2,2,2,1,4,Cu,Cl;Cl;[H]C1C([H])C([H])C2C(N=C(C([H])([H])C([H])([H])C3=NC4C([H])C([H])C([H])C([,1.3,2.7295,False,VIHHAW;VIHHAW01
724140138118,4,4,4,2,2,4,Ru,[H]C1C([H])C([H])C(P(C2C([H])C([H])C([H])C([H])C2[H])C([H])([H])C([H])([H])P(C2C,1.29,2.0397,True,AFALIF;HINBOV;HINBOV01;HPPERU01
644635597287,2,2,2,1,1,6,Mo,O;O;[H]C(=NN=C(O)C1C([H])C([H])C(C([H])([H])[H])C([H])C1[H])C1C([H])C([H])C([H]),1.29,1.4313,False,GELWEB;GELWEB01
69297783462,2,2,2,2,2,6,Re,C#O;C#O;C#O;Cl;[H]OC1C([H])C(N(C([H])([H])C([H])([H])[H])C([H])([H])C([H])([H])[,1.29,7.1277,True,MECCOQ;MECCUW
967299778966,2,2,2,2,2,6,Re,C#O;C#O;C#O;Cl;[H]C1NC2C3NC([H])C([H])C([H])C3C3([H])OC3([H])C2C([H])C1[H],1.28,9.051,True,FAWFIT;FAWFIT01
137766822283,2,2,2,2,2,5,Cu,Cl;Cl;[H]C(=NC([H])([H])C([H])([H])C1NC([H])C([H])C([H])C1[H])c1nc([H])c([H])n1C,1.28,4.0572,True,XUXZUL01;XUXZUL02
55415789055,3,3,3,3,1,6,Ni,[H]C([H])(C(=O)O)C(=O)O;[H]C1NC2C3NC([H])C([H])C([H])C3C([H])C([H])C2C([H])C1[H],1.27,3.1384,True,DAYXUX01;FAWMUM;FAWMUM01
454676657075,2,2,2,2,2,6,Ir,[H]C(C(O)C([H])([H])[H])C(O)C([H])([H])[H];[H]C1=C([H])N(C([H])([H])[H])CN1C1CC(,1.26,4.0604,False,ZINHIQ;ZINHOW
847293436697,2,2,2,2,2,5,W,N=O;[H]C([H])([H])P(C([H])([H])[H])C([H])([H])[H];[H]C([H])([H])P(C([H])([H])[H],1.25,1.3822,True,AXUYID;FIGZUR
367884567823,3,3,3,3,1,6,Mn,Br;C#O;C#O;C#O;[H]c1c(C([H])([H])[H])nn(C([H])([H])n2nc(C([H])([H])[H])c([H])c2C,1.25,4.13,True,BAGROT;BAGROT01;BAGROT02
756937220063,2,2,2,2,1,6,Re,[H]C1C([H])C(C([H])([H])[H])C([H])C([H])C1N;[H]C1C([H])C([H])C(C2=NC3C([H])C([H],1.25,1.4577,False,EMIMAP;EMIMET
285631857307,3,3,3,3,1,6,Cu,[H]OC([H])([H])C1=NC2C([H])C([H])C([H])C([H])C2N1[H];[H]OC([H])([H])C1=NC2C([H]),1.25,1.448,False,FETDAN;SUBNUC;SUCCEC
650144535401,2,2,2,2,2,6,Mn,C#O;C#O;C#O;[H]C(=O)C1C([H])C([H])C(c2nn[nH]n2)C([H])C1[H];[H]C1NC2C3NC([H])C([H,1.25,3.2315,True,QOSBAE;TORQID
480443122193,2,2,2,1,1,6,Co,N#CNC#N;N#CNC#N;[H]C1C([H])C2NC(C1[H])C([H])([H])N(C(C([H])([H])[H])(C([H])([H]),1.25,2.4525,False,XUVQEN;XUVQEN01
688887644792,2,2,2,1,1,4,Zn,[H]C1C(C(=O)OC([H])([H])[H])C([H])C(C([H])([H])[H])C(O)C1C1C([H])C(C(=O)OC([H])(,1.24,2.0401,False,DEDVEP;DEDVIT
900381740672,2,2,2,2,1,4,Cu,[H]C1C([H])C([H])C(C2=NC3C([H])C([H])C([H])C([H])C3N2[H])C(O)C1[H];[H]C1C([H])C(,1.24,1.2545,False,MAVKAW;XIHNIM
70718827733,2,2,2,2,2,6,Re,C#O;C#O;C#O;[H]O[H];[H]c1sc(C2NC([H])C(C(=O)OC([H])([H])[H])C(C(=O)OC([H])([H])[,1.24,2.7192,True,TUFSUM;TUFTAT
423081133118,2,2,2,2,1,6,Re,Cl;Cl;[H]C1C([H])C([H])C(C(=O)N=N)C([H])C1[H];[H]C1C([H])C([H])C(P(C2C([H])C([H],1.24,7.4539,False,WARFOL;ZELYIC
854862369417,2,2,2,2,1,6,Ni,N#CC(C#N)C#N;N#CC(C#N)C#N;[H]N([H])C([H])([H])C([H])([H])N(C([H])([H])C([H])([H],1.24,1.2458,True,WIHPEJ;WIHPEJ01
755988630464,2,2,2,2,1,6,Mn,Cl;Cl;[H]C1NC(C2NC(C3NC([H])C([H])C([H])C3[H])NC(C3NC([H])C([H])C([H])C3[H])N2)C,1.24,7.7005,True,XABNUL;XABNUL01
143428584544,8,8,7,3,2,4,Pd,C#N;C#N;C#N;C#N,1.23,8.43,False,GAXNOM;GIQHUK;OFEXEE;OFEXII;PEQNOP;SASKOP
369546228893,2,2,2,2,2,6,Ni,[H]C([H])([H])C#N;[H]C([H])([H])C#N;[H]C1C([H])C2NC(C1[H])C([H])([H])N(C(C([H])(,1.23,8.6479,True,HICQER;SIYREA
895385291204,2,2,2,1,1,6,Mo,O;O;[H]C([H])([H])S(=O)C([H])([H])[H];[H]OC([H])([H])C(N=C([H])C1C([H])C([H])C([,1.23,1.7324,False,PECNUG;PECNUG01
129363637382,3,3,3,3,1,4,Fe,C#O;C#O;C#O;[H]C1C([H])C([H])C(P(C2C([H])C([H])C([H])C([H])C2[H])C([H])([H])C([H,1.23,1.8862,True,SOZKEB;SOZKOL;SOZLEC
191640328905,2,2,2,2,2,6,Re,C#O;C#O;C#O;[H]OC(=O)C([H])([H])N([H])C([H])([H])C([H])([H])N([H])C([H])([H])C(=,1.22,4.1246,True,FAKJIL;FAKJOR
627607840746,2,2,2,2,2,6,Zn,[H]OC([H])([H])C(N=C([H])C1C([H])C([N+](=O)[O-])C([H])C([H])C1O)(C([H])([H])O[H],1.21,2.5547,True,CICJOO;NEQWOW
318646263750,2,2,2,2,1,6,Pt,I;I;[H]C1C([H])C([H])C(C(C([H])[H])(C([H])([H])[H])C([H])([H])[H])C([H])C1[H];[H,1.21,1.8278,True,LUFPOU;LUFPUA
911983407113,2,2,2,2,1,6,Fe,[H]C(=NC([H])([H])C([H])([H])N([H])C([H])([H])C([H])([H])N([H])C([H])([H])C([H]),1.21,1.473,False,OCACII;OCACII01
847685277444,2,2,2,1,1,6,Ir,[H]C1=NC(=C(c2[nH]c([H])c([H])c2[H])C2C([H])C([H])C([H])C([H])C2[H])C([H])=C1[H],1.2,1.2007,False,MUBCIY;MUBCIY01
136593197065,2,2,2,2,1,4,Cu,[H]C(=NC1NC([H])C([H])C([H])C1[H])C1C([H])C([H])C([H])C(OC([H])([H])[H])C1O;[H]C,1.2,1.2134,False,QOYKEX;QOYQAZ
325343695159,2,2,2,2,1,6,Co,[H]N1C(C2=NC([H])([H])C([H])([H])N2[H])=NC([H])([H])C1([H])[H];[H]N1C(C2=NC([H]),1.2,1.4258,True,WUWNAD;WUWNAD01
392684966065,2,2,2,2,1,6,Fe,[H]C(C(O)C([H])([H])[H])C(O)C([H])([H])[H];[H]C1C(C([H])([H])N(C([H])([H])[H])C(,1.19,1.9541,False,CAKDAV;CAKDAV01
166202887916,2,2,2,2,1,6,Ni,[H]C(=NN=C(S)N([H])C([H])([H])[H])C1NC2C([H])C([H])C([H])C([H])C2C([H])C1[H];[H],1.19,5.6468,False,FEKZON;JUKQUD
996556294110,10,10,10,2,1,6,Cu,Cl;Cl;Cl;Cl;Cl;Cl,1.19,1.464,False,FOWCUP;GOKWUY;POCJAS;TOJXAR;VEBCOU;VIRRIX
28934277247,71,71,34,6,2,4,Cu,N#CC(S)=C(S)C#N;N#CC(S)=C(S)C#N,1.18,9.1201,False,ADARUW;AYACOS;BAHMAA;BUACUM02;CAWKAN;CEWFUG
966504231040,3,3,3,2,1,6,Cd,[H]C1NC(C(=NN=C(O)C2C([H])C([H])NC([H])C2[H])C([H])([H])[H])C([H])C([H])C1[H];[H,1.18,4.1225,True,OMODAX;OMODAX01;OMODAX02
899903360450,2,2,2,1,1,6,W,C#O;C#O;C#O;I;I;[H]C([H])([H])C#N,1.18,1.3876,False,YEVFAG;YEVFAG01
469711785098,2,2,2,2,2,6,Ru,[H]C1C(N=NC2C([H])C([H])C([H])C([H])C2[H])NC(N=NC2C([H])C([H])C([H])C([H])C2[H]),1.18,4.1896,True,YUPRUZ;YUPSAG
336368691186,2,2,2,2,2,5,Ru,C#O;[H]C1C([H])C([H])C(C([H])(O)C([H])(C2NC(C([H])([H])P(C(C([H])([H])[H])(C([H],1.17,1.1707,True,BIJVOH;BIJVUN
606779499776,2,2,2,2,1,6,Fe,[H]C1NC2C(O)C([H])C([H])C([H])C2C([H])C1[H];[H]C1NC2C(O)C([H])C([H])C([H])C2C([H,1.17,2.0391,True,ELITOJ;RESDOI
465383457277,2,2,2,2,1,6,Ir,[H]C1C([H])C([H])C(P(C2C([H])C([H])C([H])C([H])C2[H])C2C([H])C([H])C([H])C([H])C,1.17,3.473,True,FOLLEB;FOLLIF
12831602073,2,2,2,2,1,6,Co,[H]C1C([H])C([H])C2C(N=C(C3=NC4C([H])C([H])C([H])C([H])C4N3[H])N2[H])C1[H];[H]C1,1.17,1.1711,True,LOFFUI;SEDTIG
729188074119,2,2,2,2,2,6,Re,Br;Br;O;[H]C([H])([H])C(O)(C([H])([H])[H])C(OP1OC(C([H])([H])[H])(C([H])([H])[H],1.17,1.8169,False,VEBYIM;VEBYOS
893110469908,4,4,3,3,2,4,Os,C#O;C#O;C#O;C#O,1.16,5.6993,True,CAJZUI;CAJZUI10;JENDAI;NIVWEV
542525184386,2,2,2,2,1,6,Ir,[H]C1C([H])C2C([H])C([H])C(C([H])([H])[H])NC2C2NC(C([H])([H])[H])C([H])C([H])C12,1.16,3.0493,False,HUGWUF;SAWKAF
938872971424,2,2,2,1,1,6,Ir,[H]C1C([H])C([H])C(C2([H])NC(C(C#N)C3NC([H])(C4C([H])C([H])C([H])C([H])C4[H])C([,1.16,1.8491,False,QIVBIK;QIVBOQ
992588172446,2,2,2,2,1,5,Cu,[H]C([H])(C(=O)O)c1nnn[nH]1;[H]C1NC(C2NC([H])C([H])C([H])C2[H])C([H])C([H])C1[H],1.16,1.1604,True,UMUVOO;UMUVOO01
400988302606,4,4,4,2,2,4,Ru,[H]C1C([H])C([H])C(P2C([H])(C([H])([H])[H])C([H])([H])C([H])([H])C2([H])C([H])([,1.16,7.9438,True,WAVJUA;WAVKAH;WAVKOV;WAVKUB
84310261906,3,3,3,2,2,6,Ni,[H]C1NC(C2NC(C3NC([H])C([H])C([H])C3[H])NC(C3NC([H])C([H])C([H])C3[H])N2)C([H])C,1.15,5.2487,False,AFATEG;TANXIQ;TANYAJ
390696755880,2,2,2,2,1,4,Pt,[H]C1C([H])C(P(C([H])([H])C([H])([H])[H])C([H])([H])C([H])([H])[H])C2OC3C(P(C([H,1.15,2.4118,False,EYEVUZ;JUXGUI
696823233532,2,2,2,2,1,6,Zn,O=C(O)C(Cl)(Cl)Cl;[H]C1NC2C3NC([H])C([H])C([H])C3C([H])C([H])C2C([H])C1[H];[H]C1,1.15,2.2811,True,JEMCAG;XAWFEH
29844520162,2,2,2,2,1,4,Cu,Cl;Cl;[H]C1NC(I)C([H])C([H])C1Br;[H]C1NC(I)C([H])C([H])C1Br,1.15,1.1504,False,REZQIA;REZQIA01
769609115447,2,2,2,2,1,6,Ru,Cl;[H]C1([H])SC([H])([H])C([H])([H])SC([H])([H])C([H])([H])SC1([H])[H];[H]C1NC(C,1.15,2.8247,False,WABDOU;YAVNIT
434096562543,2,2,2,2,2,6,Re,[H]C([H])([H])P(C([H])([H])[H])C([H])([H])C([H])([H])P(C([H])([H])[H])C([H])([H],1.14,3.2,True,JUWJUI;JUWLAQ
438848630204,3,3,3,3,2,6,Ir,[H]C1CC(N2CN(C([H])([H])[H])C3C([H])C([H])C([H])C([H])C32)C([H])C([H])C1[H];[H]C,1.14,5.5875,True,MAXYIU;MAXYOA;XAMPOT
132340128956,3,3,3,3,1,6,Mn,[H]C1NC(C2NC([H])C([H])C([H])C2[H])C([H])C([H])C1[H];[H]O[H];[H]O[H];[H]O[H];[H],1.14,4.4045,False,MEDSEU;NUJPEO;SOFVIT
282460043839,27,27,27,3,1,4,Ni,Cl;Cl;Cl;Cl,1.13,3.7459,False,CARDAB;CONLEA;CUKPAB;DUKNED;FIKDOU;GEMSAV
332154214593,3,3,3,3,2,4,W,[H]C([H])([H])P(C([H])([H])[H])C([H])([H])[H];[H]C([H])([H])P(C([H])([H])[H])C([,1.13,8.5553,False,GURYAV;WOCYOD;YEPHEH
773354598995,4,4,4,3,2,4,Os,C#O;Cl;[H]C1C([H])C([H])C(P(C2C([H])C([H])C([H])C([H])C2[H])C2C([H])C([H])C([H]),1.13,7.6341,False,IFOQID;ILAZOK;ILAZUQ;NOXYEE
908443719551,2,2,2,2,1,4,Ni,Br;[H]C1C([H])C(C(P(C([H])(C([H])([H])[H])C([H])([H])[H])C([H])(C([H])([H])[H])C,1.13,1.9834,True,MOVREX;QIWWOL
440894369251,2,2,2,2,1,6,Ir,[H]C(C(O)C([H])([H])[H])C(O)C([H])([H])[H];[H]C1CC(C2=NC3C([H])C([H])C([H])C([H],1.13,2.0915,True,NEPBAM;NEPBAM02
85873265963,2,2,2,2,2,6,Mn,O=S(=O)(=O)O;[H]C1NC2C3NC([H])C([H])C([H])C3C([H])C([H])C2C([H])C1[H];[H]O[H];[H,1.12,3.5228,False,XATNAH;XATNAH01
594380257454,3,3,3,3,2,6,Fe,[H]c1c(C([H])([H])[H])nn(C2NC(n3nc(C([H])([H])[H])c([H])c3[H])C([H])C([H])C2[H]),1.11,2.2429,True,AFANEB;AFANEB02;ECELII
865772091859,5,5,5,3,2,4,Cu,[H]N=S(C1C([H])C([H])C([H])C([H])C1[H])C1C([H])C([H])C([H])C([H])C1[H];[H]N=S(C1,1.11,6.6734,False,BAJZAO;BAJZAO01;EVUGAD01;PEGTUR;PEGVED
793551010282,2,2,2,2,2,6,Ru,Cl;Cl;[H]C1C([H])C([H])C(P(C2C([H])C([H])C([H])C([H])C2[H])C2C(C([H])([H])[H])C(,1.11,1.1116,True,GOYGOQ;GOYGOQ01
417269891156,2,2,2,2,2,6,Fe,N=C=S;N=C=S;[H]C(=NC([H])(C([H])([H])[H])C1([H])C([H])([H])C([H])([H])C([H])([H],1.11,3.387,True,KALXIH;KALXON
472521513585,2,2,2,2,1,6,Mn,Cl;Cl;[H]C([H])([H])N1C([H])([H])C([H])([H])N2C([H])([H])C([H])([H])N(C([H])([H],1.11,1.3285,False,KULQOZ;KUMCOM
140567412428,2,2,2,2,1,6,Mo,C#O;C#O;C#O;C#O;[H]C1C([H])C([H])C(C2(C3C([H])C([H])C([H])C([H])C3[H])OP(OC([H]),1.11,4.3152,False,RIWPEV;RIWPIZ
524621525877,2,2,2,1,1,5,Ru,C#O;[H]C1C([H])C([H])C(P(C2C([H])C([H])C([H])C([H])C2[H])C2C([H])C([H])C([H])C([,1.1,1.4469,True,ATIJIW;ATIJIW01
157422028798,2,2,2,2,1,4,Ni,C#O;[H]C1C(P(C([H])(C([H])([H])[H])C([H])([H])[H])C([H])(C([H])([H])[H])C([H])([,1.1,1.1281,False,FECVUH;FEWFAR
189700484008,2,2,2,1,1,6,Fe,[H]C(=NC([H])([H])C([H])([H])N([H])C([H])([H])C([H])([H])[H])C1C([H])C(Cl)C([H]),1.09,1.2164,False,VOMMOD;VOMMOD01
164987258367,30,30,8,3,2,4,Pt,C#N;C#N;C#N;C#N,1.08,8.5,False,ANILPC;ECEVUH;EXONAH;EXONEL;GIQJAS;HONLEC
757790170749,2,2,2,2,1,4,Ir,C#O;[H]C1C([H])C([H])C(C(C2C([H])C([H])C([H])C([H])C2P(C([H])(C([H])([H])[H])C([,1.08,1.792,True,RURNAV;RURNEZ
654233829036,2,2,2,2,2,6,Ru,[H]C1C([H])C([H])C(P(C2C([H])C([H])C([H])C([H])C2[H])C2C([H])C([H])C([H])C([H])C,1.08,1.203,True,XAYDAD;XAYDEH
357809934272,3,3,3,3,2,6,Mn,[H]OC([H])([H])C(=O)O;[H]OC([H])([H])C(=O)O;[H]O[H];[H]O[H],1.07,3.6868,True,AGLCMN;AGLCMN01;AGLCMN02
386445860363,2,2,2,2,1,6,Fe,[H]C(=NC([H])([H])C([H])([H])C([H])([H])N=C([H])C1C([H])C([H])C([H])C(OC([H])([H,1.07,2.4015,False,KELPOK;KELPUQ
29332595327,2,2,2,2,1,4,Cu,Br;Br;[H]O[H];[H]O[H],1.07,1.0756,False,PXCDCB01;QUXTUZ
678172073105,2,2,2,2,1,6,V,[H]C([H])([H])C([H])([H])N(C(S)S)C([H])([H])C([H])([H])[H];[H]C([H])([H])C([H])(,1.07,3.4882,True,RAVHAX;RAVHAX01
751009898434,2,2,2,2,1,6,Ru,Cl;Cl;[H]C1C(C(=NC([H])([H])C([H])([H])N([H])C(=O)C([H])([H])[H])C([H])([H])[H]),1.07,1.2953,True,REJFAO;REJFES
203281956434,4,4,4,3,2,5,Cu,N=N=N;[H]C1NC2C3NC([H])C([H])C([H])C3C([H])C([H])C2C([H])C1[H];[H]C1NC2C3NC([H]),1.06,5.7871,True,AREVOI;HEWZUF;LAFMUB;NELCOY
639413227734,2,2,2,2,1,4,Cu,[H]C(=NC1C([H])C([H])C(N=NC2C([H])C([H])C([H])C([H])C2[H])C([H])C1[H])C1C([H])C(,1.06,1.0806,False,DIBFUT;OYAGON
965991872666,2,2,2,2,1,6,Ti,[H]C1C([H])C([H])C(P(=S)(CP(=S)(C2C([H])C([H])C([H])C([H])C2[H])C2C([H])C([H])C(,1.06,2.3256,True,JOVZAX;JOVZEB
165082683646,2,2,2,2,1,6,Fe,[H]B([H])([H])C#N;[H]B([H])([H])C#N;[H]C1NC(C([H])([H])N([H])[H])C([H])C([H])C1[,1.06,2.9286,False,PUFYIC;PUFYIC01
418104764536,2,2,2,2,2,6,Ir,[H]C1CC(C2NC([H])C([H])C([H])C2[H])C([H])C([H])C1[H];[H]C1CC(C2NC([H])C([H])C([H,1.06,3.6379,True,WIKJEG;WIKJEG01
469389756703,2,2,2,2,1,6,Fe,Cl;[H]C1NC(C([H])(C2NC([H])C([H])C([H])C2[H])N(C([H])([H])C2NC3C([H])C([H])C([H],1.05,8.1479,True,OGELUK;WAWPUJ
871948527675,2,2,2,2,1,6,Cu,[H]C1C(C(=O)O)NC(C(=O)O)C([H])C1[H];[H]OC(=O)C1NC(C(=O)O)C([H])C([H])C1[H],1.05,4.2129,True,OPIZOE;PAQRUW
973760483846,2,2,2,2,2,5,Mn,[H]C([H])([H])P(C([H])([H])[H])C([H])([H])C([H])([H])P(C([H])([H])[H])C([H])([H],1.05,2.0752,True,YAJTEI;YAJTEI01
305302047208,2,2,2,2,2,6,Re,C#O;C#O;C#O;[H]C([H])([H])C#N;[H]C([H])([H])C#N;[H]C([H])([H])C#N,1.04,1.1372,True,ACNCRE01;ACNCRE02
910474384726,2,2,2,1,1,6,Ru,Cl;Cl;Cl;N=O;[H]C1C([H])C([H])C(P(C2C([H])C([H])C([H])C([H])C2[H])C([H])([H])C([,1.03,1.5967,False,AHADES;UGANEX
196324389521,2,2,2,2,1,4,Rh,[H]C1C([H])C([H])C(N2C([H])([H])P(C3([H])C([H])([H])C([H])([H])C([H])([H])C([H]),1.03,4.0627,True,IKOCUI;IKODOD
502174699695,7,7,7,5,2,4,Ag,[H]C1NC(C2NC([H])C([H])C([H])C2[H])C([H])C([H])C1[H];[H]C1NC(C2NC([H])C([H])C([H,1.02,12.2469,False,BEHBAT;FAFCUN;HABXAL;JOWSUN;NOSDUY;OMIQOT
931611770750,7,7,7,5,2,6,Fe,[H]C(=NC([H])([H])C([H])([H])N(C([H])([H])C([H])([H])N=C([H])c1nc([H])c([H])s1)C,1.02,4.9601,False,FUNSIU03;FUNSIU04;FUNSIU05;FUNSIU06;FUNSIU07;FUNSIU08
370559639724,2,2,2,2,2,5,Fe,C#O;C#O;C#O;[H]C([H])([H])C([H])([H])P(C([H])([H])C([H])([H])[H])C([H])([H])N([H,1.02,5.0344,True,HITVAK;HITVEO
186681528614,3,3,3,2,1,6,Ru,[H]C1NC(C2NC(C3NC([H])C([H])C([H])C3[H])C([H])C(Cl)C2[H])C([H])C([H])C1[H];[H]C1,1.02,2.72,True,KOGLOI;KOGLOI01;PAYMOT
284153983692,2,2,2,2,2,6,Zn,[H]C(C(O)C(F)(F)F)C(O)C(F)(F)F;[H]C(C(O)C(F)(F)F)C(O)C(F)(F)F;[H]C1NC(C2=NN(C3C(,1.02,5.5643,False,QORGIP;QORGIP01
930936277835,2,2,2,2,2,6,Fe,N=N=N;N=N=N;[H]C1NC2C(C([H])C1[H])C([H])C([H])C([H])C2N([H])[H];[H]C1NC2C(C([H]),1.01,2.8546,False,EWIGEY;PUWKOL
22070471605,2,2,2,2,2,6,Zn,[H]N([H])c1nc(=O)n(C([H])([H])[H])c(O)c1N=O;[H]N([H])c1nc(=O)n(C([H])([H])[H])c(,1.01,2.6778,False,GEPMET;GEPMET01
617299470463,2,2,2,1,1,6,Re,C#O;C#O;C#O;Cl;[H]C1NC(C2NC([H])C([H])C([H])C2[H])C(C2NC([H])C([H])C([H])C2[H])N,1.01,1.0595,False,GOQHID;KIDJAJ
482657866049,2,2,2,2,1,6,Ni,[H]ON=C(C(=NO[H])N([H])[H])N([H])[H];[H]ON=C(C(=NO[H])N([H])[H])N([H])[H];[H]ON=,1.0,2.8605,False,CIMMIW;CIMMOC
277429619605,2,2,2,2,1,5,Cu,[H]N([H])C([H])([H])C([H])([H])N(C([H])([H])C([H])([H])[H])C([H])([H])C([H])([H],1.0,1.0004,True,KEXSEM;NEJFAM
351518489923,2,2,2,2,1,4,Cu,[H]C(=NC1C([H])C([H])C(OC([H])([H])[H])C([H])C1[H])C1C([H])C(Br)C([H])C([H])C1O;,0.99,0.9961,False,AGEMUY;AGEMUY01
78299724848,2,2,2,2,2,6,Ti,[H]C([H])([H])C([H])(O)C([H])([H])[H];[H]C([H])([H])C([H])(O)C([H])([H])[H];[H]C,0.99,4.0722,True,CIFQAM;CIFQIU
729781617754,2,2,2,2,1,6,Fe,Cl;Cl;[H]C(=NC1C([H])C([H])C([H])C([H])C1[H])C1NC([H])C([H])C([H])C1[H];[H]C(=NC,0.99,4.4905,False,KAGLIO;SAQKII
28507229868,3,3,3,1,1,6,Mn,[H]C(=NN=C(O)C1C([H])C([H])C([H])C([H])C1[H])C1NC([H])C([H])C([H])C1[H];[H]C(=NN,0.99,1.1183,False,OBUCAP;OBUCAP01;OBUCAP02
175799692196,2,2,2,2,2,6,Pt,Cl;[H]C([H])[H];[H]C([H])[H];[H]C([H])[H];[H]C1NC(C2NC([H])C([H])C([H])C2[H])C([,0.98,4.0309,True,ERUMIQ;ERUMIQ01
11053372006,3,3,2,2,1,4,Ti,[H]C([H])([H])P(C([H])([H])[H])C([H])([H])C([H])([H])P(C([H])([H])[H])C([H])([H],0.98,3.0706,False,FUHFUJ;FUHFUJ10;WIBTOR
508013590902,6,6,6,5,2,6,Mn,[H]C(=NC([H])([H])C([H])([H])C([H])([H])N([H])C([H])([H])C([H])([H])N([H])C([H]),0.98,5.26,True,YANLAC01;YANLEG;YANLEG01;YANLIK;YANLUW;YANLUW01
31996155329,2,2,2,2,2,6,Os,[H]C1NC2C3NC([H])C([H])C([H])C3C([H])C([H])C2C([H])C1[H];[H]C1NC2C3NC([H])C([H]),0.97,4.0382,False,FAMZEZ;REVHEG
841924002558,3,3,3,2,1,5,Zn,[H]O[H];[H]c1sc(N([H])[H])nc1C([H])([H])C(=O)O;[H]c1sc(N([H])[H])nc1C([H])([H])C,0.97,0.9705,True,FUFVIM;FUFVIM01;FUFVIM02
124061622743,2,2,2,2,1,5,Ru,C#O;[H]C(=NN=C1NC2C([H])C([H])C([H])C([H])C2S1)C1C([H])C([H])C2C([H])C([H])C3C([,0.97,0.9904,True,JUCPUV;JUCPUV01
381358369024,2,2,2,2,2,6,Ni,Cl;[H]C1NC(C2NC(C3NC([H])C([H])C([H])C3[H])NC(C3C([H])C([H])C([H])C([H])N3[H])N2,0.97,3.8637,False,TANXUC;TANXUC01
109708679636,2,2,2,2,1,6,Ni,[H]C([H])([H])OC([H])([H])C([H])([H])OC(S)S;[H]C([H])([H])OC([H])([H])C([H])([H],0.96,7.2142,False,VETVIZ;VETVIZ01
87372493430,3,3,3,2,2,6,Fe,[H]c1nn(C2NC(n3nc([H])c([H])c3[H])C([H])C(C([H])([H])[H])C2[H])c([H])c1[H];[H]c1,0.95,4.9155,False,CUKWEM01;CUKWOW;KIMKUQ01
597977596875,3,3,3,2,2,5,Fe,C#O;C#O;C#O;[H]C([H])([H])P(C([H])([H])[H])C([H])([H])[H];[H]C([H])([H])P(C([H]),0.95,5.2959,False,QUNKIT;XABHAN;XABHIV
672311349884,2,2,2,2,1,6,Re,C#O;C#O;C#O;[H]C1NC(C2NNC(C([H])([H])[H])C(C([H])([H])[H])N2)C([H])C(C([H])([H]),0.95,1.6589,False,QUNKOC;QUNWUU
589451744468,2,2,2,2,1,6,Cu,O=[Se](=O)(O)O;O=[Se](=O)(O)O;[H]O[H];[H]O[H];[H]O[H];[H]O[H],0.95,1.3435,False,RUPBEN;TIYKUJ
789752298662,2,2,2,2,2,6,Re,C#O;C#O;C#O;Cl;[H]C1NC(C2NC([H])C(C([H])([H])[H])C([H])C2[H])C([H])C([H])C1C([H],0.95,2.053,True,SUGMEO;SUGMEO01
403166214760,16,16,16,8,2,4,Mo,C#O;C#O;C#O;C#O,0.94,8.79,True,AKIYUP;AVIHIW;AYUNUG;BAFWEL;IFAHIK;MIZJIO
337285293965,3,3,3,3,2,5,V,O;O;[H]OC1C([H])C([H])C([H])C([H])C1C(O)=NN=C([H])C1C([H])C(Cl)C([H])C(Cl)C1O,0.94,5.355,True,DEXXEN;EHAJEG;EHAJUW
673935966391,2,2,2,2,1,4,Fe,N=O;N=O;[H]C1C([H])C([H])C(P(C2C([H])C([H])C([H])C([H])C2[H])C2C([H])C([H])C([H],0.94,1.254,False,DPPNFE01;TOTRUP
412930102434,2,2,2,2,1,4,Fe,C#O;C#O;C#O;[H]C([H])([H])P(C([H])([H])[H])C([H])([H])[H],0.94,1.5008,False,FUMXAO;TAMMIF
920925365538,2,2,2,2,1,4,Os,[H]C([H])([H])C([H])(P(C([H])(C([H])([H])[H])C([H])([H])[H])C([H])(C([H])([H])[H,0.94,3.364,False,JELZOQ;NAFZUQ
122720218246,2,2,2,2,1,6,Pt,[H]C([H])C(C([H])([H])[H])(C([H])([H])[H])C([H])([H])[H];[H]C1C([H])([H])C2([H]),0.94,1.2151,False,JOGWEH;JOGWIL
817732552798,2,2,2,2,1,6,Fe,[H]C([H])([H])C#N;[H]C([H])([H])C#N;[H]C1NC(C([H])([H])N(C([H])([H])[H])C2([H])C,0.94,2.2099,False,LUJKIO;LUJKOU
451683328889,2,2,2,2,1,4,Cu,[H]ON=C(C1C([H])C([H])C(N=C([H])C2C([H])C([H])C([H])C(OC([H])([H])C([H])([H])[H],0.94,1.8903,False,NIBSEY;PIHMIE
663980191951,2,2,2,2,1,6,Ru,Cl;Cl;Cl;[H]C([H])([H])S(=O)C([H])([H])[H];[H]c1nn(C2NC([H])C([H])C([H])N2)c([H],0.94,6.172,True,WIXXEI;WIXXIM
437800023051,2,2,2,2,1,6,Fe,[H]C(=NC([H])([H])C([H])([H])N([H])C([H])([H])C([H])([H])C([H])([H])C([H])([H])[,0.93,2.2238,True,ACOSAN;ACOSAN01
761274243548,3,3,3,3,1,4,Fe,C#O;C#O;C#O;[H]C1C([H])C([H])C(P(C2C([H])C([H])C([H])C([H])C2[H])C2C([H])C([H])C,0.93,4.1969,True,FAWDOX;FEKJIO01;JOCYEF
387228185269,2,2,2,2,2,6,Ni,[H]C([H])([H])C#N;[H]C([H])([H])C#N;[H]N1C([H])([H])C([H])([H])N([H])C(C([H])([H,0.93,2.1604,True,KOBKAO;KOFNUP
543273932827,2,2,2,2,1,6,Zn,Cl;[H]C1NC(C([H])([H])N([H])C([H])([H])C2NC(C([H])([H])N([H])C([H])([H])C3NC([H],0.93,5.7063,False,MUMTET;MUMTIX
370328771914,2,2,2,2,1,6,Re,C#O;C#O;C#O;Cl;[H]C1NC(C2NC(C3NC([H])C([H])C([H])C3[H])C([H])C(C3C([H])C([H])C([,0.93,2.5273,False,RISLEN;RISLEN01
564426921394,2,2,2,2,1,6,Re,C#O;C#O;C#O;[H]C(=CC1C([H])C([H])C([H])C([H])C1[H])C([H])=NC1C([H])C([H])C([H])C,0.92,2.7674,False,BUHWOR;BUHWUX
334515045845,13,13,11,5,2,4,Cu,S=c1sc(S)c(S)s1;S=c1sc(S)c(S)s1,0.92,8.151,False,CAMQAL;CAMQAL01;DEYBIT;DODPES;DOZRAL01;DOZRAL02
946103244382,3,3,2,2,2,4,Ir,Cl;Cl;[H]C([H])([H])C([H])(P(C([H])(C([H])([H])[H])C([H])([H])[H])C([H])(C([H])(,0.92,2.7297,True,DIJMIS;DIJMIS10;PESFIC
778670244414,3,3,3,2,2,5,Cu,Cl;Cl;[H]C1NC(C([H])([H])N([H])C([H])([H])C([H])([H])N(C([H])([H])[H])C([H])([H],0.92,4.4658,False,FIXLOR;MATROP;MATROP01
885278242404,2,2,2,2,2,6,Ni,[H]C1NC(C2NC(C3NC([H])C([H])C([H])C3[H])C([H])C(C3C([H])C([H])C(OC([H])([H])[H]),0.92,5.2315,True,NENLEA;ZESKIT
681325612792,2,2,2,2,1,6,Mn,C#O;C#O;C#O;[H]C1NC(C([H])(OB(F)(F)F)C2([H])C(=O)C([H])([H])C([H])([H])C([H])([H,0.92,2.617,True,SEVBAY;SEVBEC
170931146482,2,2,2,2,1,4,Cu,[H]C(C(=NC([H])([H])C([H])([H])C([H])([H])N=C(C([H])=C(O)C([H])([H])[H])C([H])([,0.91,1.4981,False,ABOBAU;RUNGEO
257400802483,2,2,2,1,1,6,Ni,[H]C([H])([H])OC([H])([H])C([H])([H])OC(S)S;[H]C([H])([H])OC([H])([H])C([H])([H],0.91,0.9114,False,SICTUT;SICVAB
444216030842,3,3,3,2,2,4,Pt,Cl;Cl;[H]N([H])C1([H])C([H])([H])C([H])([H])C([H])([H])C([H])([H])C1([H])[H];[H],0.9,8.1037,False,CCXAPT;GEWRAD;TCAMPT
787351578092,2,2,2,2,1,4,Fe,C#O;C#O;C#O;[H]C1=C([H])N(C2C(C([H])(C([H])([H])[H])C([H])([H])[H])C([H])C([H])C,0.9,2.6007,False,HAFJUX;HAFKIM
380705698318,2,2,2,2,2,6,Ir,C#O;Cl;[H]C1CC(OP(C([H])(C([H])([H])[H])C([H])([H])[H])C([H])(C([H])([H])[H])C([,0.9,5.2773,True,IPITEH;IPITIL
687997636716,2,2,2,2,2,5,Os,[H]C1C([H])C([H])C(P(C2C([H])C([H])C([H])C([H])C2[H])C2C([H])C([H])C([H])C([H])C,0.9,3.0651,True,JUBBOB;JUBBUH
779294639726,3,3,3,3,1,4,Ni,[H]C(=NC([H])([H])C([H])([H])N=C([H])C1C([H])C([H])C([H])C(OC([H])([H])C([H])([H,0.89,5.1574,True,AXUTUK;GECFOL;TUMNUM
561390940501,10,10,10,6,2,4,Cu,[H]C1NC2C3NC([H])C([H])C([H])C3C([H])C([H])C2C([H])C1[H];[H]C1NC2C3NC([H])C([H]),0.89,9.3562,True,BUFSOM;GATYUX;LUPSEU;LUPSEU01;MAHBOP;NADGAA
536761896014,4,4,4,2,1,4,Cu,[H]C(C(=NC([H])([H])C([H])([H])C([H])([H])N=C(C([H])=C(O)C1C([H])C([H])C([H])C([,0.89,1.4384,False,DELWEX;DELWEX01;DELWEX02;DELWEX03
583146396537,2,2,2,2,2,6,Ru,[H]C([H])([H])C([H])([H])C([H])([H])P(C([H])([H])C([H])([H])C([H])([H])[H])C([H],0.89,4.2248,True,SAFSAU;SAFSEY
912064204663,2,2,2,2,1,6,Fe,[H]C(=NC([H])([H])C([H])([H])N([H])C([H])([H])C([H])([H])N([H])C([H])([H])C([H]),0.89,1.0308,True,XAJXUF;XAJXUF01
370416081388,3,3,3,2,1,6,Ni,[H]O[H];[H]O[H];[H]O[H];[H]O[H];[H]c1c(C(=O)O)[nH]c(=O)n([H])c1=O,0.88,5.5897,False,CEXBEM10;CEXBEM13;CEXBEM14
240836842522,2,2,2,2,1,6,Co,[H]C1NC(c2[nH]c(C3NC([H])C([H])C([H])C3[H])c(C([H])([H])[H])c2C(=O)OC([H])([H])[,0.88,4.1152,False,KIWSOB;KIWSOB01
659022443218,2,2,2,2,1,6,Tc,[H]C1C([H])C([H])C(P(C2C([H])C([H])C([H])C([H])C2[H])C2C([H])C([H])C([H])C([H])C,0.88,0.88,True,KUWSAW;KUWSAW01
839194526924,2,2,2,2,2,5,V,O;O;[H]C1C([H])C([H])C(C(O)=NN=C(C2C([H])C(Cl)C([H])C([H])C2O)C([H])([H])[H])C([,0.88,5.7576,True,MUSGAJ;MUSGIR
726158759773,2,2,2,2,1,6,Tc,Cl;[H]N([H])C(=S)N([H])[H];[H]N([H])C(=S)N([H])[H];[H]N([H])C(=S)N([H])[H];[H]N(,0.88,2.3974,True,ZEWDEO;ZEWDEO01
728094583007,3,3,2,2,2,4,Cu,[H]C(=NC1C([H])C([H])C(Br)C([H])C1Br)C1C([H])C(Br)C([H])C([H])C1O;[H]C(=NC1C([H],0.87,6.9943,False,KANRID;KANRID02;LATFEU
892770854633,2,2,2,2,2,6,Co,[H]C1C(C(=O)O)NC(C(=O)O)C([H])C1[H];[H]C1NC([H])C([H])C(C(=O)N([H])[H])C1[H];[H],0.87,1.086,True,TIBJOE;TIBJOE01
562899476741,4,4,4,2,2,4,Cu,[H]C(=NC1C([H])C([H])C([H])C([H])C1[H])C1C([H])C(Cl)C([H])C([H])C1O;[H]C(=NC1C([,0.87,7.3394,False,YIDDUK;YIDDUK01;YIDDUK02;YIDFEW
473122141701,2,2,2,2,2,6,Ru,Cl;[H]C1C([H])C([H])C(P(C2C([H])C([H])C([H])C([H])C2[H])C([H])([H])C([H])([H])P(,0.86,3.4393,False,BIKNEO;ISIXEP
673213519903,2,2,2,1,1,6,Ru,C#O;C#O;[H]C1NC(C2NC([H])C([H])C([H])C2[H])C([H])C([H])C1[H];[H]C1NC(C2NC3NC([H],0.86,1.2448,False,DEFYAR;LETPUY
453536223516,2,2,2,2,2,6,Ni,[H]C([H])([H])C#N;[H]C([H])([H])C#N;[H]N([H])C([H])([H])C([H])([H])N(C([H])([H]),0.85,0.8538,True,AYEFAO;ZARXAU
160605120502,3,3,3,3,1,6,Cu,Cl;Cl;Cl;Cl;[H]O[H];[H]O[H],0.85,1.759,False,DEVVUZ;GADWUD;HERWEK
95061354563,2,2,2,2,2,6,Cu,[H]C1NC(C2NC(C3NC([H])C([H])C([H])C3[H])C([H])C(C3C([H])C([H])C(OC([H])([H])[H]),0.85,3.2723,True,EHOLAS;PULCAA
937512888615,5,5,5,3,1,4,Ag,[H]C1NC2C3NC([H])C([H])C([H])C3C([H])C([H])C2C([H])C1[H];[H]C1NC2C3NC([H])C([H]),0.85,8.4329,False,IGULOL;IGULOL01;JOWTAU;JOWTEY;KEWWUF
435847344356,2,2,2,2,1,6,Re,Cl;O;[H]NC1C([H])C([H])C([H])C([H])C1P(C1C([H])C([H])C([H])C([H])C1[H])C1C([H])C,0.85,2.3585,False,SUHGOR;SUHGOR01
70245344060,8,8,8,6,2,4,Rh,Cl;[H]C([H])([H])P(C([H])([H])[H])C([H])([H])[H];[H]C([H])([H])P(C([H])([H])[H]),0.84,7.1418,True,CECBAR;CECCIA;NOGTAE;NOGTEI;NOGTIM;PUNKOY
213098735491,3,3,3,2,1,6,Mo,C#O;C#O;C#O;C#O;[H]C1C([H])C([H])C(P(C2C([H])C([H])C([H])C([H])C2[H])C([H])([H]),0.84,5.6061,False,FARREV;FARREV01;FARREV02
111467953070,2,2,2,2,2,6,Ir,[H]C1CC(C2NC([H])C([H])C([H])C2[H])C([H])C([H])C1[H];[H]C1CC(C2NC([H])C([H])C([H,0.84,1.3291,True,IPOZOF;IPOZUL
664863957337,3,3,3,3,2,6,Mo,O;O;[H]OC(=O)C1C([H])C([H])C([H])C(O)C1O;[H]OC(=O)C1C([H])C([H])C([H])C(O)C1O,0.84,6.4648,True,LEHKEP;LUTVAY;ZAHWIO
242020161883,2,2,2,2,1,4,Fe,N=O;[H]C1=C([H])N(C([H])([H])C([H])([H])N(C([H])([H])C([H])([H])N2CN(C3C(C([H])(,0.84,1.0621,False,TOYYUE;TOYZEP
805263302107,2,2,2,2,2,5,Ru,Cl;[H]C1C([H])C([H])C(P(C2C([H])C([H])C([H])C([H])C2[H])C([H])([H])C([H])([H])C(,0.83,2.6722,True,AGIFUU;JOKFEW
284109554789,2,2,2,2,1,6,Ru,[H]C([H])(O)C(F)(F)F;[H]C1C([H])C([H])C(P(C2C([H])C([H])C([H])C([H])C2[H])C([H]),0.83,2.1746,False,COJKIX;COJKIX01
949554182765,2,2,2,1,1,6,Ir,[H]C1CC(C2NC([H])C([H])C([H])C2[H])C([H])C([H])C1F;[H]C1CC(C2NC([H])C([H])C([H]),0.83,1.6448,False,MAFHEI;MAFHOS
729888222651,2,2,2,2,1,4,Cu,Cl;[H]C1NC(C([H])([H])N(C2C([H])C([H])C([H])C([H])C2SC([H])([H])[H])C([H])([H])C,0.82,1.372,False,GIQSOS;GIQTAF
289059436706,2,2,2,2,1,4,Ru,[H]C1C([H])C([H])C(P(C2C([H])C([H])C([H])C([H])C2[H])C2C([H])C([H])C([H])C([H])C,0.82,2.5931,False,GISPIJ;MAKTUO
914054926657,3,3,3,2,1,4,Ir,Cl;[H]C1C([H])C(P(C([H])(C([H])([H])[H])C([H])([H])[H])C([H])(C([H])([H])[H])C([,0.82,3.6169,True,HOGNAV;NIPXIV;RITRUJ
684253713665,2,2,2,1,1,6,Ni,[H]N([H])N([H])C(=O)O;[H]N([H])N([H])C(=O)O;[H]N([H])N([H])C(=O)O,0.82,3.3906,False,NIHZCH02;NIHZCH11
760345821631,2,2,2,2,1,5,Cu,[H]N1C([H])([H])N2C([H])([H])N(C([H])([H])C([H])([H])N3C([H])([H])N(C([H])([H])N,0.82,4.7316,False,NUJZUN;NUKBAW
950416188144,2,2,2,2,2,6,Ni,O=[N+]([O-])O;[H]C1NC2C3NC([H])C([H])C([H])C3C([H])C([H])C2C([H])C1[H];[H]C1NC2C,0.82,2.0786,True,TAMBAO;TAMBAO01
410112320387,2,2,2,2,1,6,Re,C#O;C#O;C#O;Cl;[H]C1NC(c2c3c(c(C4C([H])C([H])C([H])C([H])C4[H])p2C2C([H])C([H])C,0.82,3.11,True,XEDQAA;XEDQEE
819057130457,2,2,2,2,2,5,Ru,C#O;[H]C1C([H])C([H])C(P(C2C([H])C([H])C([H])C([H])C2[H])C2C([H])C([H])C([H])C([,0.82,0.821,True,YEDDIV;YEFYUE
842411028695,2,2,2,2,1,4,Cu,[H]C1C([H])C([H])C2C(SC([H])([H])C([H])([H])SC3C([H])C([H])C([H])C([H])C3C([H])(,0.82,0.8602,False,ZONBIN;ZONBOT
986485106852,288,288,227,2,1,4,Co,Cl;Cl;Cl;Cl,0.81,3.5341,False,ACATED;ACUGOW;AGOJEL;AJETIS;ALAHUQ;ALAJAY
657619710607,3,3,3,3,2,4,Ag,[H]OC1C([H])C([H])C(C([H])(n2nc(C([H])([H])[H])c([H])c2C([H])([H])[H])n2nc(C([H],0.81,0.9735,True,IGECON;IGECUT;IGEDAA
427965632458,2,2,2,2,1,6,Re,Br;C#O;C#O;C#O;[H]C(=NC1C(C([H])(C([H])([H])[H])C([H])([H])[H])C([H])C([H])C([H],0.81,0.9791,False,MOSWAU;TACVIG
875936462139,2,2,2,2,2,6,Ru,C#O;C#O;Cl;Cl;[H]OC(=O)C1NC(C2NC([H])C([H])C([H])C2[H])NC([H])C1[H],0.8,1.6038,True,DONTOQ;DONTOQ01
822363687986,4,4,4,3,2,4,Mn,C#O;C#O;C#O;C#O,0.8,6.986,True,FUZKOA;GUVHAJ;TEHSEG;YADNIE
348534404666,3,3,3,3,1,5,Cu,Br;[H]C1NC(C([H])([H])N(C([H])([H])C2NC([H])C([H])C([H])C2[H])C([H])([H])C2NC([H,0.8,4.2203,True,ILUWAO;YIWKUL;YIWLAS
940941438583,2,2,2,1,1,6,Zr,[H]C([H])C1C([H])C([H])C([H])C([H])C1[H];[H]C([H])C1C([H])C([H])C([H])C([H])C1[H,0.8,1.0966,False,RUKBAA;RUKBEE
358180319098,2,2,2,2,1,6,Ru,C#O;C#O;Cl;Cl;[H]C1C([H])C(C2NC(C([H])([H])[H])C([H])C([H])C2[H])NC(C([H])([H])[,0.8,2.1541,True,TORMOC;TORMOC01
429329811333,2,2,2,2,2,5,Cu,Cl;I;[H]C1NC(C2NC(C3NC([H])C([H])C([H])C3[H])C([H])C([H])C2[H])C([H])C([H])C1[H],0.8,2.4257,True,ZURTUF;ZURVER
303009618894,12,12,12,4,2,5,Fe,C#O;C#O;C#O;C#O;C#O,0.79,5.4353,True,FOJBOV;FOJBOV01;FOJBOV02;FOJBOV03;FOJBOV04;FOJBOV05
33380664995,2,2,2,2,2,6,Ru,[H]C1NC(C(C2NC([H])C([H])C([H])C2[H])(C2NC(C(C3NC([H])C([H])C([H])C3[H])(C3NC([H,0.79,1.7486,True,HADNOS;KAQYAF
173167069515,2,2,2,1,1,6,Cr,[H]C1NC(C2NC(C3NC([H])C([H])C([H])C3[H])C([H])C([H])C2[H])C([H])C([H])C1[H];[H]C,0.79,0.8257,False,QUKGEL;QUKGIP
984959146416,2,2,2,2,1,6,Ni,[H]C1NC(Cl)C([H])C(NN=C(C2NC([H])C([H])NC2[H])C([H])([H])[H])N1;[H]C1NC(Cl)C([H],0.79,3.6564,False,QUTJUM;QUTKAT
78755912552,2,2,2,2,1,5,Fe,C#O;C#O;[H]C1C([H])C([H])C(P(C([H])(C([H])([H])[H])C([H])([H])[H])C([H])(C([H])(,0.79,0.8257,True,WITYUX;WITZAE
494570031200,2,2,2,2,2,4,Au,[H]C1C([H])C([H])C(C2C([H])C([H])C([H])C([H])C2O)C(O)C1[H];[H]C1CC(C2=NC([H])(C3,0.78,8.705,True,COPYUE;COPZAL
159015250207,2,2,2,2,1,6,Fe,[H]C(=C([H])C1C([H])C(n2nc([H])c([H])c2[H])NC(n2nc([H])c([H])c2[H])C1[H])C1C([H],0.78,1.1834,False,GAYBUF;GAYCEQ
983886016934,2,2,2,2,1,5,Cu,Cl;Cl;[H]N=C(N([H])[H])N([H])N=C(C1NC([H])C([H])C([H])C1[H])C([H])([H])[H],0.78,2.5331,False,IQEDOZ;IQEDOZ01
271276756217,2,2,2,2,2,5,Ru,C#O;[H]C(=NC([H])([H])C([H])([H])N1C([H])([H])C([H])([H])OC([H])([H])C1([H])[H]),0.78,0.8222,True,KOWYON;LILTOS
781054720757,2,2,2,2,1,4,Cu,Cl;Cl;[H]N=S(C1C([H])C([H])C([H])C([H])C1[H])C1C([H])C([H])C([H])C([H])C1[H];[H],0.78,0.7803,False,NIQXEQ;NIQXEQ01
555966124462,3,3,3,3,1,4,Ni,[H]C1NC2C(C([H])C1[H])C([H])C([H])C([H])C2P(C1C([H])C([H])C([H])C([H])C1[H])C1C(,0.77,4.2208,False,BUGDAJ;BUGDEN;BUGDOX
71385648209,5,5,5,3,1,5,Cu,Cl;[H]C1NC(C([H])([H])N(C([H])([H])C2NC([H])C([H])C([H])C2[H])C([H])([H])C2NC([H,0.77,4.3101,True,GIHWIE;GIHWIE01;GIHWOK;ILUVOB;YEZGAN
625894558723,3,3,3,3,2,6,Fe,[H]C(=NC([H])([H])C([H])([H])N([H])C([H])([H])C([H])([H])[H])C1C([H])C(Cl)C([H]),0.77,3.4321,True,JIGDUC;JIGDUC01;JIGFAK
796826174161,3,3,3,3,2,6,Mn,Br;Br;[H]C1NC(C2NC([H])C([H])C([H])C2[H])C([H])C([H])C1[H];[H]C1NC(C2NC([H])C([H,0.77,5.6186,True,TIRCON;TIRCON01;TIRCON02
712789188295,2,2,2,2,1,6,Mn,Cl;Cl;[H]C([H])([H])N1C([H])([H])C([H])([H])N2C([H])([H])C([H])([H])N(C([H])([H],0.76,1.1933,True,HEVCEQ;XELMIK
46910091731,3,3,3,1,1,5,Co,N=N=N;[H]C([H])([H])N1C([H])([H])C([H])([H])N(C([H])([H])[H])C([H])([H])C([H])([,0.76,1.3453,True,KAVSIJ;KAVSIJ01;KAVSIJ02
170908355402,2,2,2,2,1,6,Mo,O;O;[H]C1NC(S)C(C(=O)OC([H])([H])[H])C([H])C1[H];[H]C1NC(S)C(C(=O)OC([H])([H])[H,0.76,1.1328,True,OCOXOT;OCOXOT01
183142310142,2,2,2,2,1,5,Cu,O=[N+]([O-])O;[H]C(=O)C1C(O)C([H])C([H])C2C([H])C([H])C([H])C([H])C12;[H]C1NC(C2,0.76,1.0132,False,RUMLIX;VIJYUJ
33660138332,2,2,2,2,1,6,Ru,Cl;Cl;[H]C([H])([H])S(=O)C([H])([H])[H];[H]C([H])([H])S(=O)C([H])([H])[H];[H]C1N,0.76,2.728,True,RUPGOA;RUPGUG
63992666854,2,2,2,2,1,5,Cu,Cl;[H]C1C([H])C([H])C2C(N=C(C([H])([H])C([H])([H])SC([H])([H])C([H])([H])C3=NC4C,0.76,0.7603,True,UDUDEC;UDUDEC01
620373150805,2,2,2,2,2,6,Ni,[H]C1C(C(=NC2C([H])C([H])C(OC([H])([H])[H])C([H])C2[H])C([H])([H])[H])NC(C(=NC2C,0.75,2.052,True,FADFUN;MEGDUX
465231342833,7,7,7,1,1,6,Cu,[H]c1nc([H])n([H])c1[H];[H]c1nc([H])n([H])c1[H];[H]c1nc([H])n([H])c1[H];[H]c1nc(,0.75,1.1336,False,GIGWAV;GIGWAV01;GIRPOO;IMZCUN;NIJYAG;PIHLUR
471417704404,3,3,3,3,2,6,Fe,Cl;Cl;[H]C1C([H])C2NC(C1[H])C([H])([H])N([H])C([H])([H])C([H])([H])N([H])C([H])(,0.75,2.777,True,JIKPAX;YUWCEB;ZIBTUC
740896244000,2,2,2,2,2,6,Fe,[H]C([H])([H])C([H])([H])O;[H]C1NC(C([H])([H])N(C([H])([H])C2NC([H])C([H])C([H]),0.75,9.2305,False,UGOLOT;UGOLUZ
460982662602,2,2,2,2,1,6,Ru,Cl;Cl;[H]C(=C(C([H])([H])[H])C([H])([H])[H])C([H])([H])C1=C(O)C(=O)C2C([H])C([H],0.75,6.1162,True,ZUFLAR;ZUFLEV
482812885967,2,2,2,2,2,5,Zn,[H]O[H];[H]c1nc(-c2nc([H])c([H])n2[H])n([H])c1[H];[H]c1nc(-c2nc([H])c([H])n2[H]),0.74,0.7531,True,CEPLUF;PAVZES
903180434950,2,2,2,2,2,4,Ni,[H]C1C([H])C([H])C(C2NC3C(C([H])C([H])C([H])C3P(C3C([H])C([H])C([H])C([H])C3[H]),0.74,4.9951,False,FADKAA;FADLOP
314891829775,3,3,2,2,2,6,Pd,[H]C([H])[H];[H]C([H])[H];[H]C1C([H])C2NC(C1[H])C([H])([H])N(C([H])([H])[H])C([H,0.74,8.6119,False,LEQMEB;LEQMEB01;LEQMUR
974977372677,2,2,2,2,2,6,V,[H]C([H])([H])C123C4([H])B56([H])B78([H])C9([H])B1%10([H])B971([H])B857([H])B462,0.74,3.7243,False,MIJREC;MIJROM
50077965970,3,3,3,2,1,5,Ru,C#O;C#O;[H]C([H])([H])C#N;[H]C([H])([H])C#N;[H]C([H])([H])C#N,0.73,0.9201,True,BUDXIL;ZUKNEA;ZUKPOM
263898852709,2,2,2,2,1,6,Mn,[H]C1NC(C(=NN=C(O)C2C([H])C([H])C([H])C([H])C2[H])C2NC([H])C([H])C([H])C2[H])C([,0.73,2.1949,True,DECKEC;OZUTAG
188117513862,2,2,2,2,1,6,Zn,[H]OC([H])(C(=O)O)C([H])([H])[H];[H]OC([H])(C(=O)O)C([H])([H])[H];[H]O[H];[H]O[H,0.73,0.7624,True,HABXUH;ZNLACM01
290826300774,10,10,10,5,2,4,Cr,C#O;C#O;C#O;C#O,0.73,2.9268,True,ISURUK;JUVXED;KAGZIC;MIZJOU;SAZJUA;SIZXOP
818196848535,2,2,2,2,2,5,Os,[H]C([H])([H])C([H])(P(C([H])(C([H])([H])[H])C([H])([H])[H])C([H])(C([H])([H])[H,0.73,0.9513,True,ZOWRUA;ZOWSEL
966282942362,2,2,2,2,2,4,Ir,Cl;[H]C1C([H])C([H])C(P(C2C([H])C([H])C([H])C([H])C2[H])C2C([H])C([H])C([H])C([H,0.72,6.7286,False,QUMCIK;QUMCOQ
968092382664,2,2,2,1,1,5,Ir,C#O;[H]C1C([H])C([H])C(P(C2C([H])C([H])C([H])C([H])C2[H])C2C([H])C([H])C([H])C([,0.72,1.61,False,RAWKOQ;RAWKUW
623705104715,2,2,2,2,1,5,Zn,O=S(=O)(O)C(F)(F)F;[H]c1c(C([H])([H])[H])nn(C([H])([H])n2nc(C([H])([H])[H])c([H],0.72,0.8491,True,VACMIY;VACMIY01
655819485109,2,2,2,2,1,6,Co,[H]C1C([H])C([H])C(NC2C([H])C(C(C([H])([H])[H])(C([H])([H])[H])C([H])([H])[H])C(,0.71,0.9296,False,AYIHIB;AYIHOH
948662091258,3,3,3,3,2,4,Ni,C#O;[H]C1C([H])C(C([H])([H])[H])C([H])C(P(C([H])(C([H])([H])[H])C([H])([H])[H])C,0.71,7.5435,False,KIWMUA;NOHFAT;UKICIC
913278769332,2,2,2,1,1,6,Ni,[H]C1C([H])C([H])C2C(C(=O)NS2(=O)=O)C1[H];[H]C1NC(C2NC([H])C([H])C([H])C2[H])C([,0.71,0.7103,False,OBIROG;OBIROG01
928485524326,2,2,2,1,1,6,Cu,[H]C1C(C(=O)O)C(C([H])([H])[H])N([H])C(C([H])([H])[H])C1C(=O)O;[H]C1C(C(=O)O)C(C,0.71,0.7632,False,YEYTAY;YEYTAY01
741474449637,2,2,2,1,1,6,Re,C#O;C#O;C#O;[H]N=C(n1nc(C([H])([H])[H])c([H])c1C([H])([H])[H])C([H])([H])[H];[H],0.7,0.8376,False,CEMNOY;CEMPAM
32000191496,2,2,2,1,1,6,Mo,O;O;[H]C(=NN=C(O)C1C([H])C([H])C([H])C(C([H])([H])[H])C1[H])C1C([H])C([H])C(OC([,0.7,0.8602,True,GELYAZ;JITHUS
725963887573,2,2,2,2,1,6,Co,Cl;Cl;[H]C1C(C([H])([H])[H])NC(N([H])N=C(C(=NN([H])C2NC(C([H])([H])[H])C([H])C(C,0.7,1.372,False,INOTOX;PODCIX
485613633484,5,5,4,3,2,6,Cu,[H]ON=C([H])C1NC(C([H])=NO[H])C([H])C([H])C1[H];[H]ON=C([H])C1NC(C([H])=NO[H])C(,0.7,3.139,True,ISINON;ISINON02;ISINON06;ISINON07;ISINON08
521344128897,2,2,2,2,1,6,Mn,[H]c1c(C([H])([H])[H])nn(C2NC(C(=O)O)C([H])C([H])C2[H])c1C([H])([H])[H];[H]c1c(C,0.7,1.8941,True,JODSUR;RITJIO
822967765487,2,2,2,2,1,6,Re,Cl;Cl;[H]C(=NC1C([H])C([H])C([H])C(C([H])([H])[H])C1N)C1C([H])C([H])C([H])C([H]),0.7,1.2619,True,PIHYIP;SUWCUJ
158351876050,2,2,2,2,2,6,Mn,N=C=S;N=C=S;[H]C1NC(C2NC(C3NC([H])C([H])C([H])C3[H])NC(C3NC([H])C([H])C([H])C3[H,0.69,3.3909,True,LIBWUP;XIHSOX
947006909096,2,2,2,2,1,6,Re,Br;C#O;C#O;C#O;[H]C1NC(P(C2C([H])C([H])C([H])C([H])C2[H])C2C([H])C([H])C([H])C([,0.69,2.8062,False,NOLCID;XAWCIJ
258310123171,2,2,2,2,2,5,Mn,C#O;C#O;[H]C([H])([H])N(C([H])([H])C([H])([H])P(C([H])(C([H])([H])[H])C([H])([H],0.69,0.6912,True,PECHIR;PECHIR01
242689452094,4,4,4,3,2,6,Fe,[H]N1C(C2=NC([H])([H])C([H])([H])C([H])([H])N2[H])=NC([H])([H])C([H])([H])C1([H],0.69,6.3874,False,QOSNIW;QOSNIW01;QOSNIW02;QOVCUA
204881726304,2,2,2,2,2,4,Co,[H]C([H])([H])C(C(=N)C(C([H])([H])[H])(C([H])([H])[H])C([H])([H])[H])(C([H])([H],0.69,6.5962,True,SEWTUL;SEWVAT
598498702537,309,309,239,2,1,4,Zn,Cl;Cl;Cl;Cl,0.68,1.9925,False,ACUCUY;ADEHEZ;AFUDOW;AQALIQ;ASIDOY;AWEJUH
98916875711,2,2,2,2,1,6,V,O;[H]C1NC2C(O)C([H])C([H])C([H])C2C([H])C1[H];[H]OC1C([H])C([H])C([H])C([H])C1C(,0.68,0.7009,False,BEHNUZ;BEHNUZ01
482731295293,2,2,2,2,1,4,Fe,C#O;C#O;[H]C1C([H])C([H])C(B(C2C([H])C([H])C([H])C([H])C2P(C([H])(C([H])([H])[H],0.68,1.5027,False,DOBSIY;DOBSOE
313300502374,2,2,2,2,1,6,Cr,N=C=[Se];N=C=[Se];N=C=[Se];N=C=[Se];[H]C1NC2C3NC([H])C([H])C([H])C3C([H])C([H])C,0.68,1.3446,True,EMOZEL;EMOZIP
157829420703,2,2,2,2,2,6,Fe,[H]C(=NC([H])([H])C([H])([H])C([H])([H])N([H])C([H])([H])C([H])([H])C([H])([H])N,0.68,3.3889,False,KISJUS;KISJUS01
800923755748,2,2,2,2,1,4,Cu,[H]C(=NC([H])([H])C(C([H])([H])[H])(C([H])([H])[H])C([H])([H])N=C([H])C1C([H])C(,0.68,1.2594,False,LEHRAT;LEHRAT01
908104162942,2,2,2,2,2,6,Zn,[H]C1C([H])C([H])C(C(=O)OC([H])(C(=O)O)C([H])(OC(=O)C2C([H])C([H])C([H])C([H])C2,0.68,1.9055,True,PEGQEX;PEGQIB
422396521079,3,3,3,3,1,4,Ru,[H]C([H])([H])P(C([H])([H])[H])C([H])([H])[H];[H]C([H])([H])P(C([H])([H])[H])C([,0.68,4.6698,True,TAJSUT;TAJTEE;WAXHIM
574904308897,2,2,2,2,1,6,Ni,N=C=O;N=C=O;[H]C1NC(N(O)C(C([H])([H])[H])(C([H])([H])[H])C([H])([H])[H])C([H])C(,0.68,0.6803,False,TUYZUL;TUYZUL02
938865964348,2,2,2,2,1,6,Ru,Cl;Cl;[H]C1NC(C([H])([H])P(C([H])(C([H])([H])[H])C([H])([H])[H])C([H])(C([H])([H,0.68,3.7423,True,WOXCUJ;WOXDAQ
116289407973,2,2,2,2,2,6,Mo,O;O;[H]OC([H])([H])[H];[H]OC1C([H])C([H])C([H])C([H])C1C(O)=NN=C([H])C1C([H])C([,0.67,3.2107,True,BAJNAF;VIHNUX
528946239610,4,4,4,2,2,5,Cu,[H]C1C([H])C([H])C(C([H])(N([H])C([H])([H])C2C([H])C([N+](=O)[O-])C([H])C([H])C2,0.67,0.676,True,CAMYEV;TANGOF;YEXVIH;YEYVUU
439166840647,42,42,38,2,1,4,Co,C#O;C#O;C#O;C#O,0.67,1.4588,False,CEZHUL;CIVQUV;COPLIC;COPLIC01;DOKCOZ;DOKCUF
900724118283,2,2,2,2,2,6,Pt,Cl;Cl;[H]C1CC(C2NC([H])C([H])C([H])C2[H])C([H])C([H])C1[H];[H]C1CC(C2NC([H])C([H,0.67,1.6611,True,COMPUS;HIGBUV
851285525808,2,2,2,2,2,4,Co,[H]C([H])([H])[SH](C([H])([H])[H])B123B45([H])C67([H])C89([H])B1%10([H])B21%11([,0.67,17.333,False,DATYAZ;DATYED
162674793033,6,6,6,3,1,6,Cu,[H]N(C([H])([H])[H])C([H])([H])C([H])([H])N([H])C([H])([H])[H];[H]N(C([H])([H])[,0.67,1.2044,False,ELAGUT;GOVRER;HIGXUR;JOXWOK;MUFPIO;VEVRUL
653007208819,2,2,2,2,2,5,Hg,Br;Br;[H]C(=NN([H])C(=O)C1NC([H])C([H])C([H])C1[H])C1NC([H])C([H])C([H])C1[H],0.67,3.4458,True,IZUQEB;IZUQIF
806429381535,2,2,2,2,2,6,Ru,[H]C1NC(C(=O)O)C([H])C([H])C1[H];[H]C1NC(C(=O)O)C([H])C([H])C1[H];[H]C1NC(C(=O)O,0.67,8.5264,False,KIVROW;KIVROW02
664449876631,7,7,7,2,1,6,Cu,[H]c1nc([H])n([H])c1C1C([H])C([H])C([H])C([H])C1[H];[H]c1nc([H])n([H])c1C1C([H]),0.67,1.0702,False,LOTREV;LOTRIZ;LOTROF;LOTRUL;LOTSAS;LOTSEW
358206030993,2,2,2,1,1,6,Ru,[H]C1NC(N=NC2C([H])C([H])C([H])C([H])C2[H])C([H])C([H])C1[H];[H]C1NC(N=NC2C([H]),0.67,3.3183,False,MARVAD01;MURNUI
257717448942,2,2,2,2,2,6,Ru,Br;Br;C#O;C#O;[H]C1NC(N([H])C=O)C([H])C([H])C1[H],0.67,6.9026,True,MIBYOO;MIBYOO02
619989052231,3,3,3,2,2,5,Cu,[H]O[H];[H]c1c(C([H])([H])[H])nn([H])c1C([H])([H])[H];[H]c1c(C([H])([H])[H])nn([,0.67,0.6807,True,MIFYUW;MIFYUW01;YUXSEP01
639599777936,2,2,2,1,1,5,Cu,[H]C([H])(C(=O)O)C(=O)O;[H]C1NC(C2NC([H])C([H])C([H])C2[H])C([H])C([H])C1[H];[H],0.67,1.2037,False,TIPZAT;TIPZAT02
184250241605,2,2,2,2,1,6,V,O;[H]C(=NC([H])([H])C([H])([H])N(C([H])([H])[H])C([H])([H])[H])C1C([H])C(Cl)C([H,0.67,1.6703,False,UQUXOU;UQUXOU01
51898708969,2,2,2,2,2,5,Re,Cl;Cl;Cl;Cl;O,0.66,0.6868,True,ASPTCR;ZZZAQD01
339745861980,89,89,82,2,1,4,Cd,Cl;Cl;Cl;Cl,0.66,2.5891,False,BUTWIX;BUTWUJ;BUTXEU;CARFIO;CEDYAO;CEDYES
159548877416,2,2,2,1,1,5,Mo,C#O;C#O;[H]C([H])([H])C([H])([H])C#N;[H]C([H])([H])C([H])([H])C#N;[H]C([H])([H]),0.66,0.9193,False,GOZPIU;GUDPUQ
843703169874,2,2,2,2,1,6,Cu,O=[N+]([O-])O;O=[N+]([O-])O;[H]N([H])C(=O)C([H])([H])N1C(=O)C([H])([H])C([H])([H,0.66,1.1568,False,HEPWII;WAJPAY
374446452569,4,4,4,4,2,4,Ir,Cl;[H]C([H])([H])P(C([H])([H])[H])C([H])([H])[H];[H]C([H])([H])P(C([H])([H])[H]),0.66,1.5498,True,OYICAB;RIFTOP;VIPLEM;WEPFUU
158336703826,2,2,2,2,1,5,Zn,Cl;Cl;[H]OC([H])([H])C1NC(C([H])([H])O[H])C([H])C([H])C1[H],0.66,4.9938,True,RUCMAE;RUCMAE01
737861101465,2,2,2,2,1,6,W,C#O;C#O;C#O;C#O;C#O;[H]C(=C(C(=S)N(C([H])([H])C([H])([H])[H])C([H])([H])C([H])([,0.66,2.7019,True,SANWIN;SANWIN01
990483389533,2,2,2,2,2,5,Zn,[H]C1NC(C([H])([H])N([H])C([H])([H])C([H])([H])N([H])C([H])([H])C([H])([H])N([H],0.66,1.2828,True,YAVHIQ;YAVHIQ01
502087571686,3,3,3,1,1,4,Cu,[H]C1C([H])C2C([H])C([H])C(C([H])([H])[H])NC2C2NC(C([H])([H])[H])C([H])C([H])C12,0.65,0.8628,False,DMPNCU01;HEVMUR;HEVPAA
512721788909,2,2,2,1,1,6,Mo,O;O;[H]C(=NN=C(O)C1C([H])C([H])C([H])C([H])C1[H])C1C([H])C([H])C([H])C(OC([H])([,0.65,0.7479,False,ETOSIQ;ETOSIQ01
544988630447,2,2,2,2,1,6,Mn,C#O;C#O;C#O;[H]OC([H])(C1NC([H])C([H])C([H])C1[H])C([H])([H])C(=O)C([H])([H])[H],0.65,0.6501,False,GEGLIP;GEGLOV
325810909077,4,4,4,3,2,4,Cu,[H]C(=NC([H])(C1C([H])C([H])C([H])C([H])C1[H])C([H])([H])[H])C1C([H])C(Cl)C([H]),0.65,6.3801,True,JUSHUD;JUSJUF;JUSJUF01;MAJNER
716143604710,6,6,5,2,1,4,Ni,[H]C1C([H])C([H])C(P(C2C([H])C([H])C([H])C([H])C2[H])C([H])([H])C([H])([H])C([H],0.65,3.7567,False,JUVYUX;YAMSOV;YAMSOV01;YAMSOV02;YAMSOV03;YAMSOV04
251429198762,2,2,2,2,2,6,Ni,Cl;[H]C(=NC1C([H])C([H])C([H])C([H])C1SSC1C([H])C([H])C([H])C([H])C1N=C([H])C1NC,0.65,1.7085,True,PMISNI;PMISNI01
568055402363,4,4,4,1,1,6,Ni,[H]C1NC(C2NC([H])C(C(=O)O)C([H])C2[H])C([H])C([H])C1C(=O)O;[H]O[H];[H]O[H];[H]O[,0.65,1.8254,False,POCXUC;QUCDIC;QUCDIC01;QUCDIC02
9157334414,2,2,2,2,2,4,Fe,OC(C(F)(F)F)(C(F)(F)F)C(O)(C(F)(F)F)C(F)(F)F;OC(C(F)(F)F)(C(F)(F)F)C(O)(C(F)(F)F,0.65,5.3397,False,SEWLUD;XIYPAY
706956063571,2,2,2,2,1,6,Fe,[H]C([H])([H])C([H])([H])C([H])([H])O;[H]C1NC(C([H])([H])N(C([H])([H])C2NC([H])C,0.65,0.8515,True,UGOMUA;UGOMUA01
861277701263,118,118,63,1,1,4,Re,O;O;O;O,0.64,1.0845,False,AMOGOY;AXABAF;AYAKAP;AZENAV;BEZTAF;BEZTEJ
766611933771,2,2,2,2,2,6,Cu,[H]OC([H])([H])[H];[H]c1c(N([H])C([H])(OC([H])([H])[H])C2NC(C([H])(OC([H])([H])[,0.64,4.0311,True,JENJEV;JENJEV01
887868738451,2,2,2,2,1,5,Ni,Br;[H]C1C([H])C([H])C2C(N=C([Si](C([Si](C3=NC4C([H])C([H])C([H])C([H])C4N3C([H]),0.64,4.12,True,VASQAK;VASQEO
40211331602,2,2,2,2,1,6,Ru,Cl;Cl;[H]C1NC2C(C([H])C1[H])C([H])C([H])C([H])C2P(C1C([H])C([H])C([H])C([H])C1[H,0.63,4.6429,True,EYIVUF;ZEGXES
811207901248,2,2,2,2,1,6,Fe,N=C=S;N=C=S;[H]C1NC(C([H])([H])N(C([H])([H])C2C([H])C([H])C([H])C([H])C2[H])C([H,0.63,0.8631,False,HOLSUZ;HOLTUA
222492681459,2,2,2,2,1,6,Mo,C#O;C#O;C#O;[H]C1NN(B([H])(N2NC([H])C([H])C2[H])N2NC([H])C([H])C2[H])C([H])C1[H],0.63,7.5563,True,JAGVIW;LASJEU
442055898436,2,2,2,2,1,6,Re,Br;Br;O;[H]C([H])([H])C(O)(C([H])([H])[H])C(OP1OC(C([H])([H])[H])(C([H])([H])[H],0.63,0.6552,False,JEBDEA;JEFSIX
288923356797,2,2,2,2,1,6,Ru,C#O;Cl;[H]C([H])C([H])(N1CN(C([H])(C([H])([H])[H])C([H])([H])[H])C(C([H])([H])[H,0.63,3.3105,True,OVOLAN;OVOLER
940502888739,2,2,2,2,2,3,Ag,O=[N+]([O-])O;[H]C1C([H])C([H])C(P(C2C([H])C([H])C([H])C([H])C2[H])C2C([H])C([H],0.62,2.2761,True,DUSZUM;DUSZUM01
103659662797,2,2,2,2,1,6,Mn,[H]C1C(C(=O)O)NC(C([H])([H])[H])C([H])C1[H];[H]C1C(C(=O)O)NC(C([H])([H])[H])C([H,0.62,4.0478,False,EDITAQ;IHACAV
19919499309,2,2,2,2,1,5,Ru,Cl;Cl;[H]C1C(C([H])([H])[H])C([H])C(C([H])([H])[H])C(N2CN(C3C(C([H])([H])[H])C([,0.62,0.6203,True,HIGDOT;WOZYUH
372580419129,3,3,3,3,2,6,Ir,[H]C1C([H])C([H])C(S(=O)C([H])(C([H])([H])[H])C([H])([H])[H])C(O)C1[H];[H]C1CC(C,0.62,5.3968,True,KATGIY;KATGOE;KATGUK
477936334441,2,2,2,1,1,6,Co,[H]C1NC(C2NC(C3NC([H])C([H])C([H])C3[H])C([H])C(OC([H])([H])C([H])([H])C([H])([H,0.62,1.02,False,LATKOH;SAVSUE
822485301979,4,4,4,2,1,6,Cu,[H]N1C([H])(C([H])([H])[H])C([H])([H])N([H])C(C([H])([H])[H])(C([H])([H])[H])C([,0.61,3.5528,False,DEFJIH;DEFJIH01;DEFJIH02;POTPUJ
113185980857,3,3,3,2,1,6,Mn,[H]C(=NC([H])([H])C([H])([H])C([H])([H])N([H])C([H])([H])C([H])([H])C([H])([H])N,0.61,4.0,False,MIMLEB;NEXCOK;NEXCOK01
688231104559,2,2,2,1,1,6,Mn,[H]C1NC(C([H])([H])N(C([H])([H])C2NC(C3C([H])C([H])C([H])C([H])C3[H])C([H])C([H],0.61,3.4248,False,UMIPIP;UMIPOV
117153658785,2,2,2,2,2,4,Ir,FC1CC(F)C(F)NC1F;[H]C([H])([H])C(N#C)(C([H])([H])[H])C([H])([H])[H];[H]C([H])([H,0.61,6.8273,False,VULTED;VULVEF
456094815583,2,2,2,2,2,5,Fe,C#O;C#O;C#O;[H]C1C([H])C([H])C(P(C2([H])C([H])([H])C([H])([H])C([H])([H])C([H])(,0.61,1.5088,True,XIDPAC;XIDPEG
771481356593,2,2,2,1,1,4,Hg,Br;Br;[H]C(=NC1C([H])C([H])C(C(=O)OC([H])([H])[H])C([H])C1[H])C1NC([H])C([H])C([,0.6,1.4318,False,BEVCIQ;BEVCIQ01
373682859271,3,3,3,3,1,6,Mn,Cl;Cl;[H]C1NC(C([H])([H])N(C([H])([H])C2NC([H])C([H])C([H])C2[H])C([H])([H])C2NC,0.6,1.0633,True,HADVEO;HADVEO01;MIKKEX
936839889758,4,4,4,2,1,4,Ag,[H]C1NC2C3NC([H])C([H])C([H])C3C(=O)C(=O)C2C([H])C1[H];[H]C1NC2C3NC([H])C([H])C(,0.6,7.6041,False,MAPRUR01;NEWCOI;ODULAD;SAFGUD
472839488184,2,2,2,2,1,6,Ni,[H]C1C([H])C([H])C2C(N=C(C([H])([H])N(C([H])([H])C3=NC4C([H])C([H])C([H])C([H])C,0.6,1.4956,True,QAYSEP;WEXBUX
115249336611,2,2,2,2,1,6,Ni,[H]C1NC(C(=NN([H])C(=S)N([H])C([H])([H])C([H])([H])[H])N([H])[H])C([H])C([H])C1[,0.6,6.7368,False,YAPKEG;YAPKIK
849986706604,2,2,2,2,2,3,Ir,Cl;[H]C1C([H])C([H])C(C([H])([H])[H])C(P(C2C([H])C([H])C([H])C([H])C2C([H])([H]),0.59,7.1942,False,BIDHOP;BIDHOP01
743991742976,2,2,2,2,1,4,Co,[H]C(=NC1C([H])C([H])C([H])C([H])C1C1C([H])C([H])C([H])C([H])C1[H])C1C([H])C([H],0.59,1.8942,False,CIDWUL;DIHPAO
939605243684,2,2,2,2,1,5,Mn,C#O;C#O;C#O;[H]C1C([H])C([H])C(P(OC([H])([H])C([H])([H])[H])OC([H])([H])C([H])([,0.59,0.5901,True,CIHYEY;PALLEV
882292077807,2,2,2,2,2,6,Ru,Cl;N=O;[H]C1NC(C(=O)O)C([H])C([H])C1[H];[H]C1NC(C(=O)O)C([H])C([H])C1[H],0.59,4.6278,False,DEHBUN;ELUTUA
135296540770,2,2,2,1,1,6,Ru,Cl;[H]C1NC(C2NC(C3NC([H])C([H])C([H])C3[H])C([H])C([H])C2[H])C([H])C([H])C1[H];[,0.59,2.0277,False,GALPOZ;YEDBOZ
861355627100,2,2,2,2,1,4,Co,C#O;C#O;[H]C1C([H])C([H])C(P(C2C([H])C([H])C([H])C([H])C2[H])C2C([H])C([H])C([H],0.59,1.5933,False,GEGZUN;YEXCOT
863312924280,2,2,2,2,1,6,Os,C#O;O=C(O)C(F)(F)F;[H]C1C([H])C([H])C(P(C2C([H])C([H])C([H])C([H])C2[H])C([H])([,0.59,2.1813,True,HISNAZ;HISNED
577119365765,2,2,2,2,2,5,Hg,I;I;[H]C(=NN([H])C(=O)C1C([H])NC([H])C([H])C1[H])C1NC([H])C([H])C([H])C1[H],0.59,3.7369,False,HOSPAI;HOSPEM
697134649971,2,2,2,2,2,5,Rh,I;I;[H]C([H])([H])C=O;[H]C1C([H])C([H])C(P(C2C([H])C([H])C([H])C([H])C2[H])C([H],0.59,0.6619,True,OGUXUJ;OGUXUJ01
832298795768,2,2,2,2,1,6,Cd,Br;Br;[H]C1NC(C2NNC(C3C([H])C([H])C([H])C([H])C3[H])C(C3C([H])C([H])C([H])C([H]),0.59,3.2736,True,OSACAP;WIZWIO
637179161000,2,2,2,2,1,4,Ni,[H]C([H])([H])C(C([H])([H])[H])(C([H])([H])[H])[PH](O)(NC1([H])C([H])([H])C([H]),0.59,4.0334,True,YAPJOO;YAPJUU
752289715389,2,2,2,2,1,6,Ru,[H]C1=C([H])C([H])=C([H])C(C2NC([H])=C([H])C([H])=C2[H])N1;[H]C1NC(C2NC([H])C([H,0.59,3.3917,True,YIYTIN;YIYWEM
924841336019,2,2,2,2,1,6,Fe,C#O;[H]C1C([H])C([H])C(SC([H])([H])C2NC(C([H])([H])SC3C([H])C([H])C([H])C([H])C3,0.58,2.6737,True,DEXQEC;WOWPIJ
922305322581,2,2,2,2,1,4,Hg,[H]C1NC(N2CN(C([H])([H])C(=O)N([H])[H])C([H])C2[H])NC([H])C1[H];[H]C1NC(N2CN(C([,0.58,1.6176,True,DEZGIZ;DEZGOF
205194666545,4,4,4,2,1,4,Hg,[SeH][Se][Se][SeH];[SeH][Se][Se][SeH],0.58,3.2946,False,DIWLEC;FOPHUQ;RINRIP;VIPSIW01
834490686542,2,2,2,1,1,6,Co,Cl;Cl;[H]OC([H])([H])C([H])([H])N([H])C([H])([H])C([H])([H])N([H])[H];[H]OC([H]),0.58,1.6456,False,FIVGEA;FIVGIE
870480371536,2,2,2,2,2,6,Mo,C#O;C#O;C#O;C#O;[H]C(=NC([H])(C(=O)OC([H])([H])[H])C([H])([H])C(=O)OC([H])([H])[,0.58,2.4983,True,IMUJOP;IMUJUV
408759673431,2,2,2,2,2,6,Fe,[H]C1C([H])C([H])C(SC([H])([H])C([H])([H])N2C([H])([H])C([H])([H])N(C([H])([H])C,0.58,2.372,True,REGBUA;REGBUA01
211248950123,2,2,2,2,1,6,Mo,O;O;[H]C(=NN=C(O)C1C([H])NC([H])C([H])C1[H])C1C([H])C([H])C(OC([H])([H])[H])C([H,0.58,0.7658,True,ROCWUE;ROCWUE01
983915734946,2,2,2,1,1,2,Rh,[H]C([H])(P(C1([H])C([H])([H])C([H])([H])C([H])([H])C([H])([H])C1([H])[H])C1([H],0.58,1.0539,False,VAVWUO;VAVWUO01
79944506388,3,3,3,3,1,4,Ir,C#O;[H]C1C([H])C([H])C(P(C2C([H])C([H])C([H])C([H])C2[H])C2C([H])C([H])C([H])C([,0.57,3.42,True,CAQYOL;KAWZOZ;KAXBIW
302146994362,2,2,2,2,1,6,Re,C#O;C#O;C#O;[H]C(=NC([H])([H])C([H])([H])c1nc([H])n([H])c1[H])C1C([H])C([H])C(C(,0.57,1.4012,True,GICXAT;IHIGAJ
867172858038,3,3,3,2,1,6,Fe,C#N;C#N;[H]C1NC(C2NC([H])C([H])C([H])C2[H])C([H])C([H])C1[H];[H]C1NC(C2NC([H])C(,0.57,1.7316,True,GICZIB;QOQLAJ;UHIPUW
763836249558,2,2,2,2,1,6,Cr,C#O;C#O;C#O;C#O;[H]C1NC2C3NC([H])C([H])C([H])C3C(=O)C2C([H])C1[H],0.57,3.7239,True,GUPYID;GUPYOJ
93755304375,2,2,2,2,1,4,Cu,[H]C(=NN=C(S)N([H])C1C([H])C([H])C([H])C([H])C1[H])C1C([H])C([H])C([H])C([H])C1O,0.57,0.5714,False,LOJKIH;LOJKIH01
195118242700,2,2,2,2,1,6,Cu,[H]C1C(C(=NC2C([H])C([H])C(OC([H])([H])[H])C([H])C2[H])C([H])([H])[H])NC(C(=NC2C,0.57,5.4897,True,MEGFAF;NUSXIJ
856661787287,2,2,2,2,1,4,Ni,[H]C1([H])N(C(C([H])([H])[H])(C([H])([H])[H])C([H])([H])[H])C([H])([H])P(C2([H]),0.56,1.7899,False,CUFZIO;FIGHAG
919582133174,2,2,2,2,1,6,Re,C#O;C#O;C#O;Cl;[H]C1NC(C2=NC3C([H])C([H])C([H])C([H])C3N2[H])C([H])C([H])C1[H],0.56,4.2372,False,DIYJAY;IZOREV
474790879891,2,2,2,2,1,5,Ru,[H]C(S)S;[H]C1=C([H])C([H])=C([H])N(B([H])([H])N2C(=S)C([H])=C([H])C([H])=C2[H]),0.56,0.5749,True,GAQVON;GAQVUT
841115045272,2,2,2,2,1,4,Pt,[H]C([H])([H])C([H])([H])P(C([H])([H])C([H])([H])[H])C([H])([H])C([H])([H])[H];[,0.56,5.0014,True,JOZQEU;SIPPOW
64480342633,4,4,4,4,2,6,Ru,C#O;C#O;Cl;Cl;[H]C1NC(C2NC([H])C([H])C([H])C2[H])C([H])C([H])C1[H],0.56,9.1237,True,MABWIY;YOJNUG;YOJPUI;YOJRIY
132531035216,2,2,2,2,1,6,Pt,Br;[H]C([H])C1C([H])C([H])C([N+](=O)[O-])C([H])C1[H];[H]C1CC(C(C([H])[H])(C([H]),0.56,0.6604,False,QIWDEI;QIWDIM
788390005868,2,2,2,2,1,6,Zn,[H]C(=NN=C(S)SC([H])([H])C1C([H])C([H])C([H])C([H])C1[H])C1NC([H])C([H])C([H])C1,0.56,3.5445,True,QUPVUS;QUPVUS01
60048833835,14,14,14,3,1,4,Co,[H]C1C([H])C([H])C(S)C([H])C1[H];[H]C1C([H])C([H])C(S)C([H])C1[H];[H]C1C([H])C([,0.55,4.8513,False,COTPHP01;COTPHP02;COTPHP03;COTPHP04;COTPHP05;COTPHP06
406965299863,2,2,2,1,1,5,V,O;[H]C(=NC([H])(C1C([H])C([H])C([H])C([H])C1[H])C([H])(N=C([H])C1C([H])C([H])C([,0.55,0.8591,True,KOQCOI;KOQCUO
716831016438,2,2,2,2,1,6,Ru,C#O;[H]C1C([H])C([H])C(P(C2C([H])C([H])C([H])C([H])C2[H])C2C([H])C([H])C([H])C([,0.55,3.622,True,LEBTES;LEBTES01
55602028265,2,2,2,2,2,6,Co,N=C=S;N=C=S;[H]C(=NC1C([H])C([H])C(C2C([H])C([H])C([H])C([H])C2[H])C([H])C1[H])C,0.55,0.7993,True,XUQRAC;XUQRAC01
48117037360,13,13,13,6,2,4,Mn,[H]C([H])([H])P(C([H])([H])[H])C([H])([H])C([H])([H])P(C([H])([H])[H])C([H])([H],0.54,8.6652,True,EDIDOO;EDIDUU;FOLWUB;GAVKAS;IYOZUU;KUQHOW
503047812319,2,2,2,2,1,6,Fe,Cl;Cl;[H]C1NC(C([H])([H])N(C([H])([H])C2NC([H])C([H])C([H])C2[H])C([H])([H])C2C(,0.54,0.9652,False,ETEFOB;XONJER
788074783224,3,3,3,2,1,4,Hg,O=N(O)C1CC(F)C(F)C(F)C1F;O=N(O)C1CC(F)C(F)C(F)C1F,0.54,0.7637,False,POKQUC;POKRAJ;POKREN
589301608776,3,3,2,2,2,4,Cu,[H]C1([H])C2=C(SC(=C3SC(S)=C(S)S3)S2)C([H])([H])C1([H])[H];[H]C1([H])C2=C(SC(=C3,0.54,7.699,False,RABQAO;RABQAO02;RABQES
973159685258,2,2,2,1,1,6,Mn,C#O;C#O;C#O;C#O;[H]C1=CN(C2NC([H])C([H])C([H])C2[H])C2C([H])C([H])C([H])C([H])C1,0.54,0.5404,False,TIJDOI;TIJDOI01
74020540834,2,2,2,2,1,6,Ni,N=C=S;N=C=S;[H]C(=NC([H])([H])C([H])([H])C([H])([H])N=C([H])C1NC([H])C([H])C([H],0.54,3.957,False,UDESOM;UDESOM01
419499103825,2,2,2,2,2,6,Mn,[H]C1C([H])C(S(=O)(=O)O)C([H])C2C(=O)C3C([H])C([H])C(S(=O)(=O)O)C([H])C3C(=O)C12,0.53,2.6241,True,EYIBAQ;RAHZOR
844194426625,2,2,2,2,2,6,Ni,[H]OC([H])([H])C(N=C([H])C1C([H])C([H])C([H])C(OC([H])([H])[H])C1O)(C([H])([H])O,0.53,1.4783,True,FOVGED;FOVGED01
849322168819,2,2,2,2,1,6,Fe,[H]c1c(C([H])([H])N(C([H])([H])c2nnn(C([H])([H])C3C([H])C([H])C([H])C([H])C3[H]),0.53,1.4783,False,HOLBUH;HOLCES
470894314805,2,2,2,1,1,6,Re,Cl;Cl;[H]C1C(C(=O)O)NC2C([H])C([H])C([H])C([H])C2C1[H];[H]C1C([H])C(C([H])([H])[,0.53,2.069,False,IPOVAL;IPOVEP
443819452069,2,2,2,2,1,6,Ni,[H]C1C([H])C([N+](=O)[O-])C([H])C([H])C1C(=O)O;[H]OC([H])([H])C([H])([H])N(C([H],0.53,1.5438,True,KAHDUW;KAHFOS
210988175487,2,2,2,1,1,6,Co,[H]C1NC(C2NC(C3NC([H])C([H])C([H])C3[H])C([H])C(C3C([H])C([H])C(OC([H])([H])[H]),0.53,0.8701,False,NOGYUH;NOGYUH01
477380949306,3,3,2,2,1,6,Fe,[H]C1NC(C(=O)O)C([H])C([H])C1[H];[H]C1NC(C(=O)O)C([H])C([H])C1[H];[H]C1NC(C(=O)O,0.53,2.069,False,TUBWIW;TUBWIW04;TUBWIW05
626539031799,2,2,2,2,1,6,Fe,[H]C(=NC1C([H])C([H])C([H])C2C([H])C([H])C([H])NC12)C1C([H])C(C(C([H])([H])[H])(,0.53,0.9513,True,YAKPOT;YAKPOT01
327665123580,2,2,2,2,1,6,W,C#O;C#O;C#O;C#O;[H]C1C([H])C([H])C(P(C2C([H])C([H])C([H])C([H])C2[H])C2C([H])C([,0.52,1.083,True,CIWRUX;UYOMAY
520301553755,2,2,2,2,1,5,Cu,Cl;Cl;Cl;Cl;[H]O[H],0.52,2.2509,False,COGXOP;VEWQEX
168522936843,2,2,2,2,1,6,Re,Br;Br;Br;Br;O=C(O)C(=O)O,0.52,0.6877,False,DODPUJ;OCOGIX
117264250290,2,2,2,1,1,6,Ru,Cl;[H]C([H])([H])S(=O)C([H])([H])[H];[H]C1NC(C2NC([H])C([H])C([H])C2[H])C([H])C(,0.52,1.7395,False,JUNRUI;WIPLEM01
200733219127,2,2,2,2,1,5,V,O;O;[H]OC([H])([H])C([H])([H])N([H])C([H])([H])C([H])([H])N=C([H])C1C(O)C([H])C(,0.52,0.5503,True,SAXBEC;SAXBEC01
531354584418,2,2,2,2,1,6,Re,O;[H]C([H])([H])C([H])([H])O;[H]NC1C([H])C([H])C([H])C([H])C1P(C1C([H])C([H])C([,0.52,1.4654,False,SUHGIL;SUHGIL01
102137742776,2,2,2,2,2,6,Re,C#O;C#O;C#O;Cl;[H]C1NC(C2NC([H])C(Br)C([H])C2[H])C([H])C([H])C1Br,0.52,2.2704,True,WEQPIR;WEQPIR01
720607494354,2,2,2,2,2,4,W,C#O;C#O;C#O;[H]C1([H])C([H])([H])C([H])([H])C([H])(P(C2([H])C([H])([H])C([H])([H,0.52,6.77,True,WOJDUX;WOJFIN
270637394720,2,2,2,2,1,6,Ir,[H]C1CC(C2NC([H])C([H])C([H])C2[H])C([H])C([H])C1[H];[H]C1CC(C2NC([H])C([H])C([H,0.51,3.3688,True,AFUJIV;YUKSEF
833166527530,3,3,3,1,1,4,Cu,Cl;Cl;[H]c1nc(C([H])([H])[H])n(C([H])([H])C([H])([H])S(=O)(=O)C([H])([H])C([H])(,0.51,0.8823,False,FISKUP;FISKUP01;FISKUP02
427994541525,2,2,2,2,1,6,Cu,[H]OC([H])([H])C([H])([H])N(C([H])([H])C([H])([H])O[H])C([H])([H])C([H])([H])O[H,0.51,1.6317,False,FOWBUP;TEZCEK
297547029438,2,2,2,2,2,6,Re,Br;O;[H]C(C(=NC1C([H])C([H])C([H])C([H])C1[H])C([H])([H])[H])=C(O)C([H])([H])[H],0.51,2.8461,True,HUYYOQ;HUYYOQ01
709827933992,2,2,2,2,1,6,Ni,[H]C(=NN([H])C(=S)N([H])[H])C1NC2C([H])C([H])C([H])C([H])C2C([H])C1[H];[H]C(=NN=,0.51,1.9673,True,JUKQOX;WAZFOU
942632398565,2,2,2,2,2,6,Ru,Cl;[H]OC(=O)C([H])([H])N(C([H])([H])C(=O)O)C([H])([H])C([H])([H])N(C([H])([H])C(,0.51,2.1222,True,KUKLUX;LIXKIM
868677147260,10,10,9,2,1,6,Fe,[H]OC(=O)C([H])=C([H])C(=O)O;[H]OC(=O)C([H])=C([H])C(=O)O;[H]O[H];[H]O[H];[H]O[H,0.51,1.8324,False,MALFET01;MALFET02;MALFET03;MALFET04;MALFET05;MALFET06
130903154229,2,2,2,1,1,6,Fe,N=C=S;N=C=S;N=C=S;[H]C1NC(C(OC(=O)C([H])([H])[H])(C2NC([H])C([H])C([H])C2[H])C2N,0.51,0.6243,False,VULGUH;VULGUH02
504083379345,2,2,2,2,2,6,Ru,Cl;Cl;Cl;N=O;[H]C([H])([H])S(=O)C([H])([H])[H];[H]C([H])([H])S(=O)C([H])([H])[H],0.51,8.5153,False,WUHWOL;WUHWOL01
442856288421,2,2,2,1,1,5,Re,C#N;C#N;C#N;C#N;N;[H]O[H],0.5,0.666,False,GAFZUL;GEVGIY
311761294616,2,2,2,2,2,6,Ir,Cl;[H]C1C([H])C([H])C(P(C2C([H])C([H])C([H])C([H])C2[H])C([H])([H])C2C([H])C([H],0.5,2.3244,True,IGOCAJ;IGOCEN
676158646322,2,2,2,2,1,6,Re,Cl;Cl;O;[H]C([H])([H])C([H])(O)C([H])([H])[H];[H]C1=NC2C([H])C([H])C([H])C([H])C,0.5,1.6954,True,RAZDON;RAZDON01
634286809176,2,2,2,2,2,6,Mo,O;O;[H]C(=NN=C(O)C1C([H])NC([H])C([H])C1[H])C1C([H])C([H])C([H])C([H])C1O;[H]OC(,0.5,2.5103,True,ROCVIR;ROCVIR01
969241218406,3,3,3,2,1,4,Cu,Cl;Cl;[H]C1C([H])C([H])C(P(=O)(C2C([H])C([H])C([H])C([H])C2[H])C2C([H])C([H])C([,0.49,0.9725,False,CTPOCU;CTPOCU01;CTPOCU02
370820970260,2,2,2,2,1,6,Sc,BrC3FH9Sn;BrC3FH9Sn;[H]C(C(NC([H])([H])C([H])([H])N(C([H])([H])C([H])([H])[H])C(,0.49,2.7933,False,ELEKEL;ELEKEL01
488233400141,3,3,3,2,1,6,Cu,[H]C1NC2C3NC([H])C([H])C([H])C3C([H])C([H])C2C([H])C1[H];[H]C1NC2C3NC([H])C([H]),0.49,1.8269,False,EQEDIO;EQEDOU;LUFBOF
37813778794,2,2,2,2,1,5,Ni,[H]C(=NC([H])([H])C([H])([H])C([H])([H])N=C([H])C1C([H])C([H])C([H])C([H])C1O)C1,0.49,0.522,True,HALBEB;HALBEB01
97966445016,2,2,2,2,1,6,Y,Cl;Cl;Cl;[H]C([H])([H])N1C([H])([H])C([H])([H])N(C([H])([H])[H])C([H])([H])C([H],0.49,2.3027,False,MICRUP;MICRUP01
197286353547,2,2,2,2,1,6,Ni,[H]N([H])C([H])([H])C([H])([H])N(C([H])([H])C([H])([H])N([H])[H])C([H])([H])C([H,0.49,0.814,False,NEFBIM;NEFCUZ
432769685430,2,2,2,2,1,6,Cr,C#O;C#O;C#O;C#O;C#O;[H]C1C([H])C([H])C(C([H])([H])N(CC([H])([H])[H])N(C([H])([H],0.49,3.6431,True,QESZAP;QESZET
697428974380,3,3,3,2,1,6,Co,[H]C1C(C(=O)O)NC(C(=O)O)C([H])C1[H];[H]c1c(C([H])([H])[H])nn([H])c1C([H])([H])[H,0.49,6.0448,True,VOQFAJ;VOQFAJ01;VOQFAJ02
347502563175,2,2,2,2,1,5,Mo,[H]C1=C([H])C(=C(NC2C(C([H])(C([H])([H])[H])C([H])([H])[H])C([H])C([H])C([H])C2C,0.48,0.4851,True,BUWZIF;BUXBAA
327201436675,2,2,2,2,1,6,Ir,[H]C1CC(C2NC([H])C([H])C([H])C2[H])C([H])C([H])C1S(=O)(=O)C([H])([H])[H];[H]C1CC,0.48,0.6788,False,CIKXEC;RISDAA
448375978839,2,2,2,1,1,5,Mo,Cl;Cl;Cl;Cl;N,0.48,0.5323,True,FEMBEE;GOGQUO
168675652484,2,2,2,1,1,6,Re,O;O;[H]C1NC(C([H])([H])N(C([H])([H])[H])C2([H])C([H])([H])C([H])([H])C([H])([H]),0.48,0.6788,False,GESREE;GESRII
686595181212,2,2,2,1,1,5,Cr,N;[H]C(=NC([H])([H])C([H])([H])N=C([H])C1C([H])C([H])C([H])C([H])C1O)C1C([H])C([,0.48,0.808,True,NIDHAJ;NUMYAV
789359643890,2,2,2,2,1,6,Mn,[H]C(=NC([H])([H])C([H])([H])C([H])([H])N([H])C([H])([H])C([H])([H])N([H])C([H]),0.48,0.7684,False,SEKDAR;SEKDAR01
589221541982,2,2,2,1,1,4,Hg,N#CS;N#CS;[H]C1NC(C2NC3NC([H])C([H])C([H])C3C([H])C2[H])C([H])C([H])C1[H],0.47,1.5815,False,ACUGEN;ACUGEN01
840997174138,2,2,2,1,1,6,Cu,[H]OC(=O)C([H])(n1nc(C([H])([H])[H])c([H])c1C([H])([H])[H])n1nc(C([H])([H])[H])c,0.47,1.658,False,AXEZUZ;YALPOT
789168804641,2,2,2,2,1,5,Mo,N;[H]C([H])([H])NC([H])([H])[H];[H]c1c(C2C(C([H])([H])[H])C([H])C(C([H])([H])[H],0.47,0.592,True,LENPUR;LENQAY
845517545851,7,7,7,4,1,4,Au,[H]C1C([H])C([H])C(P(C2C([H])C([H])C([H])C([H])C2[H])C2C([H])C([H])C([H])C([H])C,0.47,6.1905,True,NIZJEN;TUNJES;TUNJIW;VAKKAV;VAKKEZ;VAKKID
277752774737,3,3,3,3,2,4,Pt,I;[H]C([H])[H];[H]C([H])[H];[H]C([H])[H],0.47,5.4702,True,TUNGIT;WEDGES;WEDGOC
792763335430,2,2,2,2,1,6,Cd,I;I;[H]C1NC(C2NC([H])C([H])C([H])C2[H])C([H])C([H])C1[H];[H]C1NC(C2NC([H])C([H]),0.46,0.7481,False,ADEBIV;TIBLAT
27401106961,2,2,2,2,1,6,Mo,Cl;Cl;Cl;Cl;O;[H]OC([H])([H])[H],0.46,2.7389,False,CANGAA;PUFCAV
982328261043,4,4,4,1,1,4,Ag,[H]C([H])([H])C#N;[H]C([H])([H])C#N;[H]C([H])([H])C#N;[H]C([H])([H])C#N,0.46,3.3121,False,EFAQOU;EFAQOU01;LERLUT;WUZJUY
595549685374,2,2,2,1,1,5,Cu,N=C=S;[H]C1NC(C(=NC([H])([H])C([H])([H])N(C([H])([H])C([H])([H])[H])C([H])([H])C,0.46,2.6108,False,FAQKIT;FAQKIT01
202391144900,2,2,2,2,2,2,Ni,[H]C1=C([H])N(C2C(C([H])(C([H])([H])[H])C([H])([H])[H])C([H])C([H])C([H])C2C([H],0.46,3.9767,False,FEGYAT;FEGYOH
506355937358,2,2,2,2,2,6,Re,C#O;C#O;C#O;N=C=S;[H]C1NC(C(=O)N([H])C([H])([H])[H])C([H])C([H])C1[H],0.46,3.3814,False,GOXMOX;GOXMOX01
6592771668,2,2,2,1,1,5,Cu,Cl;[H]C1NC(C([H])([H])SC([H])([H])C([H])([H])SC([H])([H])C2NC([H])C([H])C([H])C2,0.46,0.5438,False,GUHKOK;NOPMUB
883651744982,2,2,2,2,1,5,Mo,O;[H]C1C([H])C([H])C(N([H])C(=O)C([H])([H])[H])C(S)C1[H];[H]C1C([H])C([H])C(N([H,0.46,0.4627,True,JUJFOJ;JUJFUP
248865669952,2,2,2,2,1,6,Re,Br;Br;O;[H]C1C([H])C([H])C(P(C2C([H])C([H])C([H])C([H])C2[H])C2C([H])C([H])C([H],0.46,6.4664,True,SIWHUC;SIWHUC01
902670699617,2,2,2,1,1,4,Ni,[H]C1C([H])C(C2C(C([H])([H])[H])C([H])C(C([H])([H])[H])C([H])C2C([H])([H])[H])C(,0.46,0.5016,False,SUNGIS;WETKEO
939860662665,2,2,2,2,1,5,Cu,[H]C([H])([H])C(O)C(C#N)C(O)C([H])([H])[H];[H]C([H])([H])C(O)C(C#N)C(O)C([H])([H,0.46,0.764,True,TOMSUK;TOMSUK01
809751805567,2,2,2,2,1,6,Ir,[H]C1CC(C2NC([H])C([H])C([H])C2[H])C([H])C([H])C1[H];[H]C1CC(C2NC([H])C([H])C([H,0.46,1.6072,True,XUPVUB;XUPVUB01
588495552992,2,2,2,1,1,6,Cu,[H]O[H];[H]O[H];[H]c1nc([H])n([H])c1[H];[H]c1nc([H])n([H])c1[H];[H]c1nc([H])n([H,0.45,0.8406,False,CEVBUA;JAKTIY
957946607297,5,5,5,2,1,6,Mn,N=N=N;N=N=N;[H]C1NC2C3NC([H])C([H])C([H])C3C([H])C([H])C2C([H])C1[H];[H]C1NC2C3N,0.45,2.4168,False,FIWPOQ;FIWPOQ01;FIWPOQ02;FIWPOQ03;FIWPOQ05
42730404231,2,2,2,2,1,6,Re,Br;C#O;C#O;C#O;[H]C(=NC([H])([H])C([H])([H])N=C([H])C1C([H])C(C(F)(F)F)C([H])C([,0.45,1.9234,True,JINNIG;JINNIG01
759912500989,2,2,2,2,1,4,Cu,[H]N(c1nnn[nH]1)c1nnn[nH]1;[H]N(c1nnn[nH]1)c1nnn[nH]1,0.45,0.4885,False,LAZCAU;PIVQOE
100156751666,2,2,2,2,2,6,Cu,Br;[H]N([H])C([H])([H])C([H])([H])N([H])[H];[H]N([H])C([H])([H])C([H])([H])N([H],0.45,3.2018,True,LEZCAX;LEZCAX01
481392132673,2,2,2,2,2,6,Fe,[H]C(=NN([H])C(=S)N([H])C([H])([H])[H])C1C([H])C(Br)C([H])C([H])C1O;[H]C(=NN=C(S,0.45,2.8063,False,OMANIB;OMANIB03
805075294306,2,2,2,2,2,3,Ag,O=N(O)O;[H]C1C([H])C([H])C(C([H])([H])[H])C(P(C2C([H])C([H])C([H])C([H])C2C([H]),0.45,5.8473,True,RILFOK;RILFOK01
867583722173,2,2,2,1,1,6,Fe,[H]C1=C([H])N(B([H])(N2N=C(C3NC([H])C([H])C([H])C3[H])C([H])=C2[H])N2NC(C3NC([H],0.45,0.8154,False,TIWQOI;TIWQOI01
583182420488,2,2,2,2,2,4,Ir,[H]C1C([H])C([H])C(P(C2C([H])C([H])C([H])C([H])C2[H])C([H])([H])P(C2C([H])C([H]),0.45,11.3789,False,UHUFAF;UHUFEJ
379742761138,2,2,2,1,1,6,Rh,[H]C(C(O)C([H])([H])[H])C(O)C([H])([H])[H];[H]C([H])([H])P(C([H])([H])[H])C([H]),0.45,0.45,True,URAKAB;URAKAB01
239360990494,2,2,2,2,1,6,Pt,Cl;Cl;Cl;[H]C1CC(C2NC([H])C([H])C([H])C2[H])C([H])C([H])C1F;[H]C1NC([H])C([H])C(,0.45,5.8174,False,WOMVUQ;WOMWAX
822510482395,2,2,2,2,2,4,Cu,[H]C1NC2C3NC([H])C([H])C([H])C3C3C(N=C(C4C([H])C([H])C(OC([H])([H])[H])C([H])C4[,0.45,2.9051,True,WULWUX;ZAZCUA
329617112331,2,2,2,2,1,6,Ni,Cl;Cl;[H]C1NC(C2NC([H])C([H])C([H])C2[H])C([H])C([H])C1[H];[H]C1NC(C2NC([H])C([H,0.44,3.7658,False,ABUWAV;PORKIQ
476733284263,5,5,5,5,2,4,Cd,S=c1sc(S)c(S)s1;S=c1sc(S)c(S)s1,0.44,2.4759,True,ASUTIS;DANJIL;HAMLEN;WAPXES;YEYSEB
917966279539,3,3,3,3,1,5,Ir,Cl;Cl;[H]C1C([H])C([H])C(P(C([H])([H])[H])C([H])([H])[H])C([H])C1[H];[H]C1C([H]),0.44,0.6978,True,FIRCEO;FIRCEO01;GAXGOB
73063802813,2,2,2,2,1,6,Mn,[H]N([H])c1nonc1C(=O)O;[H]N([H])c1nonc1C(=O)O;[H]O[H];[H]O[H];[H]O[H];[H]O[H],0.44,3.3292,False,INACIM;INACIM01
165154012611,2,2,2,2,1,5,Mo,Cl;[H]C1=C([H])C(=C(c2[nH]c(C3C(C([H])([H])[H])C([H])C(C([H])([H])[H])C([H])C3C(,0.44,0.4428,True,KUVMAS;KUVMEW
952926464822,2,2,2,1,1,6,Fe,N=C=S;N=C=S;[H]C(=NC([H])([H])C(C([H])([H])[H])(C([H])([H])[H])C([H])([H])N=C(C1,0.44,0.6586,True,QETJEF03;QETJEF04
594536161126,2,2,2,1,1,5,Os,[H]C1NC([H])C([H])C([H])C1[H];[H]N([H])C([H])([H])C([H])([H])N([H])[H];[H]N([H]),0.44,0.527,True,TAFREY;TAFRIC
822605609108,2,2,2,1,1,6,Ru,C#O;C#O;Cl;Cl;[H]C1=C([H])N(C(C([H])([H])[H])(C([H])([H])[H])C([H])([H])[H])CN1C,0.44,0.6014,False,VUCGAC;VUCGEG
609318439009,2,2,2,2,2,6,Ni,[H]C(=NC([H])([H])C([H])([H])N(C([H])([H])C([H])([H])N=C([H])c1nc(C2C([H])C([H]),0.44,1.7657,True,WIJQOV;WIJQUB
615253833216,3,3,3,3,2,4,Fe,C#O;[H]C([H])([H])N(C([H])([H])C([H])([H])P(C([H])(C([H])([H])[H])C([H])([H])[H],0.44,6.8541,True,WUMQAY;WUMQEC;WUMQEC01
691596610462,2,2,2,2,2,4,Cu,[H]C(=O)C(C(=O)OC([H])([H])C([H])([H])[H])=C1NC(C([H])([H])[H])(C([H])([H])[H])N,0.43,5.9256,True,AXUSUI;AXUSUI01
602866913450,2,2,2,2,2,4,Re,C#O;C#O;C#O;[H]C1CC([H])C([H])C([H])C1[H],0.43,7.6022,False,DODHAG;KIXNUB
999170433168,2,2,2,1,1,5,Ru,Cl;Cl;[H]C(=C)C1C([H])C([H])C([H])C([H])C1[H];[H]C1([H])C([H])([H])C([H])([H])C(,0.43,0.637,True,FINBOT;VAYWUN
514069705282,2,2,2,2,2,4,Pd,I;I;[H]C1=C([H])N(C([H])(C([H])([H])[H])C([H])([H])[H])CN1C1C(F)C(F)C(F)C(F)C1F;,0.43,7.6022,False,FISTUY;FISWIP
494116454808,2,2,2,2,1,6,Cd,[H]C1NC(C(=NN=C(S)N([H])C2C([H])C([H])C([H])C([H])C2[H])C([H])([H])[H])C([H])C([,0.43,3.0802,True,HAYLOK;HAYLOK01
988612952448,2,2,2,2,1,6,Ru,Cl;[H]C([H])([H])S(=O)C([H])([H])[H];[H]C1NC(C2NC([H])C([H])C([H])C2[H])C([H])C(,0.43,0.9348,True,RUCYOG;RUCYUM
18629586811,2,2,2,2,1,6,Mn,Cl;Cl;Cl;[H]C1NC(C2NC([H])C([H])C([H])C2[H])C([H])C([H])C1[H];[H]O[H],0.43,4.4707,False,TUDJEH;TUDJEH01
59302080247,2,2,2,1,1,6,Pt,I;I;I;[H]OC1([H])C([H])(N([H])[H])C([H])(O[H])C([H])(N([H])[H])C([H])(O[H])C1([H,0.43,0.4374,False,VEWWUT;YEWQUQ
950151212334,2,2,2,2,2,5,Cu,[H]C1C([H])C([H])C(C([H])([H])N([H])C([H])([H])C([H])([H])N(C([H])([H])[H])C([H],0.43,0.8386,True,WEDMID;WEDMUP
691497654342,2,2,2,2,2,4,Pd,Cl;[H]C1C([H])C([H])C(P(C2C([H])C([H])C([H])C([H])C2[H])C2C([H])C([H])C([H])C([H,0.43,9.5597,False,XUNMUO;XUNNAV
897560048595,2,2,2,2,2,4,Re,C#O;[H]C([H])([H])P(C([H])([H])[H])C([H])([H])[H];[H]C([H])([H])P(C([H])([H])[H],0.42,0.4531,True,AGEWUE;AGEXAL
953055463565,2,2,2,2,1,6,Fe,[H]c1nn(C2NC(c3nc(C4C([H])C([H])C(Cl)C([H])C4[H])n[nH]3)C([H])C([H])C2[H])c([H]),0.42,3.2374,True,DUWPEU01;DUWQEV
14576327404,2,2,2,2,2,6,Zn,[H]C1NC(C2NC(C3NC([H])C([H])C([H])C3[H])C([H])C(C3C([H])C([H])C(OC([H])([H])[H]),0.42,4.0419,False,EHOLEW;PULCII
146713099450,2,2,2,2,1,6,Co,[H]C(C(O)C([H])([H])[H])C(O)C([H])([H])[H];[H]C(C(O)C([H])([H])[H])C(O)C([H])([H,0.42,2.1318,False,JAMCIJ;JAMCIJ01
221211270932,2,2,2,2,2,6,Hf,Cl;[H]C1([H])C([H])([H])C([H])([H])C([H])(Cl)C([H])(O)C1([H])[H];[H]C1([H])C([H],0.42,2.7028,True,LUHLUZ;LUHLUZ01
588595666041,2,2,2,2,1,6,Re,C#O;C#O;C#O;[H]C1NC([H])C([H])C(N(C([H])([H])[H])C([H])([H])[H])C1[H];[H]c1c(C2N,0.42,2.6831,True,ONOJEI;ONOJEI01
343614086359,2,2,2,2,1,5,Zn,[H]C1C([H])C([H])C(C(=O)O)C([H])C1[H];[H]C1C([H])C([H])C(C(=O)O)C([H])C1[H];[H]C,0.42,4.9877,True,QAHNUK;QAHNUK01
54733602221,2,2,2,2,1,6,Cu,Cl;Cl;[H]C1NC2C3NC([H])C([H])C([H])C3C(=O)C2C([H])C1[H];[H]C1NC2C3NC([H])C([H])C,0.42,0.4211,False,UCOWAL;VUKNEU
315395018375,5,5,5,2,1,4,Ag,N#CS;[H]C1C([H])C([H])C(P(C2C([H])C([H])C([H])C([H])C2[H])C2C([H])C([H])C([H])C(,0.42,3.8828,True,WOBJOP;WOBJOP01;WOBKIK;WOBKOQ;WOBKUW
276664811680,2,2,2,2,1,6,Fe,N=C=S;N=C=S;[H]c1nn(C2NC([H])NC(n3nc([H])c([H])c3[H])C2[H])c([H])c1[H];[H]c1nn(C,0.42,2.4069,True,WUCSEV;WUCSIZ
193205635884,2,2,2,2,1,4,Rh,[H]C1=C([H])N(C([H])([H])C([H])([H])P(C2C([H])C([H])C([H])C([H])C2[H])C2C([H])C(,0.41,0.5326,False,CITYUC;OJEFEQ
135562150972,2,2,2,1,1,6,Cd,[H]C(=NN=C(S)SC([H])([H])[H])C1NC([H])C([H])C([H])C1[H];[H]C(=NN=C(S)SC([H])([H],0.41,0.5941,False,DUHCAL;DUHCAL01
940981479246,2,2,2,2,2,6,Fe,[H]N([H])C([H])([H])C([H])([H])N([H])C([H])([H])C([H])([H])N([H])[H];[H]N([H])C(,0.41,7.3015,False,GEDJUX;QIBZUX
627688458615,2,2,2,2,2,5,Co,Cl;[H]C1C([H])C([H])C(C2NN(B([H])(N3NC(C4C([H])C([H])C([H])C([H])C4[H])C([H])C3C,0.41,0.6237,True,IXUJAM;JESXAH01
625868245589,2,2,2,2,1,4,Cu,[H]C1C([H])C([H])C(c2nc(C3C([H])C(C(C([H])([H])[H])(C([H])([H])[H])C([H])([H])[H,0.41,1.1552,False,JADZUK;NEPLAV
608480359759,3,3,3,1,1,6,Cu,O=[N+]([O-])O;O=[N+]([O-])O;[H]C1NC([H])C([H])C([H])C1[H];[H]C1NC([H])C([H])C([H,0.41,0.9527,False,JUCNIE02;LOFDOZ;LOFDUF
552711879364,2,2,2,1,1,4,Cu,Cl;Cl;[H]C1C([H])C([H])C(C2C([H])C([H])C(C([H])([H])N([H])C3([H])C([H])([H])C([H,0.41,1.1086,False,KUDREI;KUDTAG
693720568106,2,2,2,2,1,5,Cu,[H]C1C([H])C2NC(C1[H])C([H])([H])SC([H])([H])C([H])([H])SC([H])([H])C1C([H])C([H,0.41,3.8917,True,QAFCUW;QAFDEH
641550891073,2,2,2,2,1,4,Ni,[H]C1NC(C([H])([H])P(C2C([H])C([H])C([H])C([H])C2[H])C2C([H])C([H])C([H])C([H])C,0.41,0.5659,False,SUDJUA;ZUDSIE
575119357830,5,5,5,3,2,4,Mo,[H]C([H])([H])P(C([H])([H])[H])C([H])([H])[H];[H]C([H])([H])P(C([H])([H])[H])C([,0.41,7.8407,False,VOLXUR;VOLYAY;VOLYEC;VOLYIG;WIYROL
501279864496,2,2,2,1,1,6,Ru,Cl;Cl;[H]C([H])([H])S(=O)C([H])([H])[H];[H]C([H])([H])S(=O)C([H])([H])[H];[H]c1c,0.41,1.0623,False,WOLNET;WOLNIX
705786153621,18,18,18,2,1,4,Hg,I;I;I;I,0.4,3.6031,False,AQEDUX;CNPSHG;CUVCEF;DUFHOB11;EYUXAY01;FAXKEV
683215232615,2,2,2,1,1,6,Co,[H]C(=NN([H])C(=O)N([H])[H])C1NC([H])C([H])C([H])C1[H];[H]C(=NN([H])C(=O)N([H])[,0.4,1.2839,False,ATUNEI;UGUCEI
721923545767,3,3,3,2,1,5,Cu,[H]C1NC(C2NC([H])C([H])C([H])C2[H])C([H])C([H])C1[H];[H]C1NC(C2NC([H])C([H])C([H,0.4,0.9831,False,ELUCIA;EQIQOL;RAHZIL
319362373148,2,2,2,2,1,6,Zn,[H]C1=NC2C(N([H])[H])NC([H])NC2N1[H];[H]C1C(C(=O)O)NC(C(=O)O)C([H])C1[H];[H]O[H],0.4,1.9319,False,GILSIF;GILSOL
59946783128,4,4,4,2,1,4,Fe,Cl;Cl;[H]C1([H])N2C([H])([H])C3([H])C([H])([H])C([H])(C([H])([H])N4C([H])([H])C(,0.4,1.5235,False,HUXZUV;HUXZUV01;QACVOH;QACVUN
507599421159,2,2,2,2,1,6,Fe,Cl;Cl;[H]C1NC(C([H])([H])N([H])C([H])([H])C([H])([H])C([H])([H])N([H])C([H])([H],0.4,4.02,True,IGETOE;ROGSEL
624279482113,3,3,3,3,2,6,Ru,Cl;Cl;[H]C(=NN([H])C(=O)C1NC([H])C([H])C([H])C1[H])C1NC2C([H])C([H])C([H])C([H]),0.4,3.4036,True,RIPVIX;RIPVUJ;RIPWAQ
317670348106,2,2,2,2,1,6,Fe,Cl;Cl;Cl;Cl;[H]O[H];[H]O[H],0.4,1.7659,False,VOBYEQ;XAKHOI
761641464119,3,3,3,2,2,5,Zn,[H]C(=NC([H])([H])C([H])([H])N=C([H])C1C([H])C([H])C([H])C(OC([H])([H])C([H])([H,0.39,5.8829,False,AYISEH;AYISEH01;VOQDEL01
257402628806,3,3,3,3,2,4,Cu,Cl;Cl;[H]c1c(C([H])([H])[H])nn(C2NC(C3C([H])C([H])C([H])C([H])C3[H])NC(C([H])([H,0.39,6.5816,True,FEXBEQ;FEXBEQ01;FEXBEQ02
636591434833,2,2,2,1,1,6,V,O;[H]C(=NC1C([H])C(Cl)C([H])C([H])C1O)C1C([H])C(Br)C([H])C([H])C1O;[H]C([H])([H],0.39,0.492,True,GAPCUX;GAPCUX02
297715329079,2,2,2,2,1,6,Pt,I;[H]C([H])[H];[H]C([H])[H];[H]C([H])[H];[H]C1NC(C2NC(C3NC([H])C([H])C([H])C3[H],0.39,5.9528,True,IKIXAD;IKIXOR
965598843781,2,2,2,1,1,6,Fe,[H]c1c(C2NC(c3nn([H])c(C4C([H])C([H])C([H])C([H])C4OC([H])([H])[H])c3[H])C([H])C,0.39,0.39,False,KACHEE;WUTSAI
788758099908,2,2,2,2,1,4,Cu,[H]C1C(C(=O)O)NC(C(=O)O)C([H])C1[H];[H]C1NC(N([H])[H])NC(C([H])([H])[H])C1[H],0.39,3.3826,False,NIBDIM;NIBDIM01
471608180467,2,2,2,2,1,5,W,[H]C([H])([H])C(O)(C([H])([H])[H])C([H])([H])[H];[H]C([H])([H])C(O)(C([H])([H])[,0.39,0.4144,True,RUYQEH;RUYQOR
613912502234,3,3,3,2,1,4,Rh,Cl;[H]C1C([H])C([H])C(P(C2C([H])C([H])C([H])C([H])C2[H])C2C([H])C([H])C([H])C([H,0.39,0.3962,False,TPPRHC01;TPPRHC02;TPPRHC04
226855866838,2,2,2,2,2,6,Os,Cl;Cl;[H]C([H])([H])S(=O)C([H])([H])[H];[H]C([H])([H])S(=O)C([H])([H])[H];[H]C([,0.38,3.3516,False,AJIFEE;GISGOE
527176039286,2,2,2,1,1,6,Cu,N=C=S;N=C=S;[H]C1NC([H])C([H])C([H])C1[H];[H]C1NC([H])C([H])C([H])C1[H];[H]C1NC(,0.38,0.5738,False,AVUJEG;AVUJEG01
509391163225,2,2,2,2,2,5,Ru,C#O;Cl;[H]C1C([H])C([H])C(P(C2C([H])C([H])C([H])C([H])C2[H])C([H])([H])C2NC3C(C(,0.38,5.4233,False,CANDIH;CANDIH01
199354724901,2,2,2,2,2,6,Fe,Cl;Cl;[H]C1C([H])C([H])C2C(N=C(C([H])([H])N(C([H])([H])C3=NC4C([H])C([H])C([H])C,0.38,0.3956,True,CEBMOM;MEJTOK
674449150075,2,2,2,2,1,6,V,[H]C(C(O)C([H])([H])[H])C(O)C([H])([H])[H];[H]C(C(O)C([H])([H])[H])C(O)C([H])([H,0.38,6.3913,True,DEGJAB;WOBWIX
494972491467,6,6,6,3,1,6,Cu,Cl;Cl;[H]C1NC(C(=O)C2C([H])C([H])C([H])C([H])C2[H])C([H])C([H])C1[H];[H]C1NC(C(=,0.38,2.5272,False,DEXPUV;DEXQIK;DEXQOQ;DEXQUW;OPULIV;OPULIV01
699143775745,2,2,2,2,1,5,Ir,Cl;Cl;[H]C([H])([H])C([H])(P(C([H])(C([H])([H])[H])C([H])([H])[H])C([H])(C([H])(,0.38,0.3905,True,HADZUH;HAFBAR
956157329303,2,2,2,2,1,6,Cu,[H]N([H])c1nnn(C([H])([H])[H])n1;[H]N([H])c1nnn(C([H])([H])[H])n1;[H]N([H])c1nnn,0.38,1.4507,True,HINNIE;HINNOK
693452782258,2,2,2,2,2,6,Co,[H]OC([H])(C(=O)O)C([H])([H])[H];[H]OC([H])(C(=O)O)C([H])([H])[H];[H]O[H];[H]O[H,0.38,3.5007,False,IFATIS;UXEPOD
682197650583,3,3,3,3,2,4,Cu,Cl;Cl;[H]C1C([H])C([H])C2C(N=C(C3C([H])C([H])C([H])C([H])C3C3C([H])C([H])C([H])C,0.38,5.4901,True,JAKHOT;SOLGAC;XIMNAJ
66151288578,3,3,3,1,1,6,Cu,[H]N([H])C([H])([H])C([H])([H])C([H])([H])N([H])[H];[H]N([H])C([H])([H])C([H])([,0.38,1.2159,False,JIMYOW;MIHGOB;WAKPUU
846443556096,2,2,2,2,2,6,Cr,BrP(Br)Br;C#O;C#O;C#O;C#O;C#O,0.38,0.4205,True,JONMEE;JONMEE01
154217301706,2,2,2,2,1,4,Cu,[H]C1NC(C2NC([H])C([H])C(C([H])([H])[H])C2[H])C([H])C(C([H])([H])[H])C1[H];[H]C1,0.38,1.0698,False,MAHBUV;UDOXAM
232729318584,2,2,2,2,2,6,Cd,O=N(O)O;[H]N1C([H])(C([H])([H])[H])C([H])([H])N([H])C(C([H])([H])[H])(C([H])([H],0.38,3.5206,True,MAKPOF;YAVFOS
31647848357,2,2,2,2,1,6,Fe,[H]C(=NC1C([H])C2C([H])C([H])C([H])C([H])C2C([H])C1N=C([H])C(C(=O)C1C([H])C([H]),0.38,0.9038,True,NUYFEU;NUYFEU01
988465591670,4,4,4,3,2,4,Fe,[H]C1C([H])C([H])C(NNC(NNC2C([H])C([H])C([H])C([H])C2[H])C2C([H])C([H])C(C([H])(,0.38,4.2742,True,OLIBAO;OLIBES;OLIBES01;OLIBES02
469884727351,2,2,2,2,1,6,W,Cl;Cl;[H]C1C(C([H])([H])[H])C([H])C(C(C([H])([H])[H])(C([H])([H])[H])C([H])([H]),0.38,3.819,True,PORLAK;POXDUC
747830678958,2,2,2,1,1,5,Cu,[H]C1=C(C(=O)O)C(=O)C2C([H])C(F)C(N3C([H])([H])C([H])([H])N([H])C([H])([H])C3([H,0.38,0.6685,False,RAFYON;RAFYON02
793475682595,2,2,2,2,1,4,Ir,[H]C([H])([H])C([H])(P(C([H])(C([H])([H])[H])C([H])([H])[H])C([H])(C([H])([H])[H,0.38,3.1133,False,RAYNOX;RAYNUD
844537428742,2,2,2,2,1,4,Hg,[H]C1C([H])C([H])C(P(C2C([H])C([H])C([H])C([H])C2[H])C([H])([H])C([H])([H])P(C2C,0.38,2.3016,True,TISFUW;ZUMCET
337996233278,3,3,3,1,1,6,Ru,Cl;Cl;[H]C1C([H])C(C([H])([H])[H])C(N#C)C(C([H])([H])[H])C1[H];[H]C1C([H])C(C([H,0.38,0.6408,False,XEBGOD;XEBGUJ;XEBHAQ
209198985102,10,10,10,5,2,4,W,C#O;C#O;C#O;C#O,0.37,8.88,True,AKIYOJ;CAQYEZ;CUPBEY;ISUROE;NEWKOQ01;SAZJEK
900457477828,2,2,2,2,1,6,Re,Br;C#O;C#O;C#O;[H]C(=NC([H])(C1C([H])C([H])C(F)C([H])C1[H])C([H])([H])[H])C1NC([,0.37,5.8517,False,EDEYOF;EDEZEW
92872701144,2,2,2,2,1,5,Mn,Br;Br;[H]C1C(C2=NC3C([H])C([H])C([H])C([H])C3N2[H])NC(C2=NC3C([H])C([H])C([H])C(,0.37,2.8938,False,FALQIV;FALRAO
302338379688,2,2,2,2,1,6,Re,Cl;[H]C1C([H])C([H])C(P(C2C([H])C([H])C([H])C([H])C2[H])C2C([H])C([H])C([H])C([H,0.37,3.7981,False,FAWKUK;FAWKUK01
759627082338,3,3,3,1,1,4,Fe,N#N;[H]C1C([H])C([H])C(P(C([H])(C([H])([H])[H])C([H])([H])[H])C([H])(C([H])([H]),0.37,0.8724,False,GAMZAX;WUVNAD;WUVQOU
705015715452,3,3,3,1,1,6,Cu,[H]C1NC([H])C([H])C(C2C([H])C([H])NC([H])C2[H])C1[H];[H]C1NC([H])C([H])C(C2C([H],0.37,0.7256,False,GAWLAS;TALBUE;TALBUE01
559386396253,2,2,2,2,1,6,Ni,[H]C([H])([H])C#N;[H]C1C([H])C2NC(C1[H])C([H])([H])SC([H])([H])C([H])([H])C([H]),0.37,3.1121,True,JENMAR;KEFWUO
720457045532,2,2,2,2,1,6,Cu,[H]C1C(C([H])([H])[H])NN(C([H])(C(=O)O)N2NC(C([H])([H])[H])C([H])C2C([H])([H])[H,0.37,0.3748,False,LUVKUI;LUVLAP
540345971084,3,3,3,3,2,4,Cu,[H]C1NC2C(C([H])C1[H])C([H])C([H])C([H])C2P(C1C([H])C([H])C([H])C([H])C1[H])C1C(,0.37,0.9087,True,NOPNIQ;OZILEP;OZILEP01
374909177926,2,2,2,2,1,6,Fe,O=S(=O)(O)C(F)(F)F;[H]C1C([H])C([H])C(N([H])C2NC(C([H])([H])N(C([H])([H])C3NC(N(,0.37,0.5597,True,RUSJAU;RUSJIC
68070935485,2,2,2,1,1,6,Fe,[H]C1NC(C2NC3C4NC(C5C([H])C([H])C([H])C([H])C5[H])C([H])C([H])C4C([H])C([H])C3C(,0.37,0.8184,False,TEPVIW;TEPVIW01
67284479789,2,2,2,2,1,6,Ru,[H]C(C(O)C([H])([H])[H])C(O)C([H])([H])[H];[H]c1c([H])c([H])c(O)c(=O)c([H])c1[H],0.36,5.2424,False,DAJJIL;DAJJOR
559712010027,4,4,4,1,1,4,Mn,N=C=S;N=C=S;N=C=S;N=C=S,0.36,0.3688,False,DAYLOI;MEMZUZ;MUDMIJ;TERVIY
252648598222,4,4,4,1,1,4,Co,[H]B123B45(I)B67([H])C89([H])C1%10([H])B21%11([H])B432([H])B563([H])B784([H])B%1,0.36,0.4751,False,DEXPIF;DEXPIF01;IHOHAP;IHOHIX
38964651828,2,2,2,2,2,4,Pd,I;I;[H]C1=C([H])N(C2C([H])C([H])C([H])C([H])C2[H])CN1C1C([H])C([H])C([H])C([H])C,0.36,7.3788,False,FISVAG;FISWOV
181261831689,2,2,2,1,1,6,Ni,N=C=S;N=C=S;[H]C1NC2C(C([H])C1[H])C([H])C([H])C([H])C2N([H])C([H])([H])C([H])([H,0.36,2.1997,False,JEJSAV;JEJSEZ
43955686512,3,3,3,3,2,4,Ni,[SeH][Se][Se][SeH];[SeH][Se][Se][SeH],0.36,6.3386,False,JEWGAT;VIPSOC;YAHJUM
384545072346,4,4,4,2,2,4,Pd,[H]C1NC(C2NC([H])C([H])C([H])C2[H])C([H])C([H])C1[H];[H]C1NC(C2NC([H])C([H])C([H,0.36,6.2967,False,JOYWAV;NOXXON;RAWQIT;YIGMIK
262234693862,2,2,2,2,1,4,Ir,C#O;[H]C1C([H])C([H])C(P(C2C([H])C([H])C([H])C([H])C2[H])C2C([H])C([H])C([H])C([,0.36,2.2885,True,KAWZUF;KAXBOC
191686116836,2,2,2,1,1,5,Mn,Cl;[H]C(=NC([H])([H])C([H])([H])N=C([H])C1C([H])C([H])C(OC([H])([H])[H])C([H])C1,0.36,0.6997,False,KESLEB;KESLEB01
702072672541,2,2,2,2,2,6,Fe,N=C=[Se];N=C=[Se];[H]C(=NC1C([H])C([H])C(C#CC2C([H])C([H])C([H])C([H])C2[H])C([H,0.36,1.4649,True,WATJEJ;WATJEJ02
45558605646,2,2,2,2,2,4,Rh,Cl;[H]C1C([H])C([H])C(P(C2C([H])C([H])C([H])C([H])C2[H])C2C([H])C([H])C([H])C([H,0.36,3.0414,True,WODHEE;WODHII
683756139088,2,2,2,2,1,6,Os,Cl;Cl;[H]C1NC(C2NC([H])C([H])C(C([H])([H])[H])C2[H])C([H])C(C([H])([H])[H])C1[H],0.36,0.3667,True,YINPIY;YINPOE
877101675218,10,10,10,4,1,5,Cu,[H]C1NC2C3NC([H])C([H])C([H])C3C([H])C([H])C2C([H])C1[H];[H]C1NC2C3NC([H])C([H]),0.35,6.1307,True,APENCU02;APENCU03;APENCU04;APENCU05;APENCU06;APENCU07
437159601603,2,2,2,2,2,5,V,O;O;[H]C(=NN=C(O)c1oc([H])c([H])c1[H])C1C([H])C([H])C([H])C(OC([H])([H])C([H])([,0.35,5.8405,False,DAKKEJ;DAKKOT
364062326392,2,2,2,2,1,4,Cu,Cl;[H]C(=NC([H])([H])C([H])([H])C1=NC2C([H])C([H])C([H])C([H])C2N1[H])C1C([H])C(,0.35,0.377,False,DIFNUD;YIFDIB
539121658574,2,2,2,1,1,6,Ni,N=C=S;N=C=S;[H]C1C([H])C([H])C(P(C2C([H])C([H])C([H])C([H])C2[H])C([H])([H])C([H,0.35,0.461,False,DOVTUD;FAYXAE
906512987668,2,2,2,1,1,6,Cu,[H]C1NC([H])C([H])C([H])C1[H];[H]C1NC([H])C([H])C([H])C1[H];[H]O[H];[H]O[H];[H]O,0.35,0.9192,False,GESHAO;IVAXOT
220579982413,2,2,2,2,1,6,Fe,[H]C1NC(c2nc(C([H])([H])C([H])([H])[H])n([H])n2)C([H])C([H])C1[H];[H]C1NC(c2nc(C,0.35,1.4722,True,KUPREW06;KUPTAU02
828209905703,2,2,2,1,1,6,Mo,C#O;C#O;C#O;C#O;[H]C1C([H])C([H])C(C2(C3C([H])C([H])C([H])C([H])C3[H])OP(Cl)OC(C,0.35,1.4819,False,RIWNUJ;RIWPAR
405740215911,2,2,2,2,1,6,Co,[H]C1NC2C3NC([H])C([H])C([H])C3C([H])C([H])C2C([H])C1[H];[H]OC(=O)C1C([H])C(C(=O,0.35,6.11,False,RODPUW;RODPUW01
718813305686,2,2,2,2,1,6,Mn,Cl;Cl;[H]C1NC(C([H])([H])N2C([H])([H])C([H])([H])C([H])([H])C([H])([H])C2([H])C2,0.35,0.6519,True,SETFIK;SETFOQ
840023400584,2,2,2,1,1,4,Ag,[H]C([H])([H])C(=C1C#CC(=C(C([H])([H])[H])C([H])([H])[H])SC([H])([H])C([H])([H]),0.35,0.6351,False,TARMUU;TARNAB
427630665342,3,3,3,2,1,4,Cu,[H]C(C(O)C([H])([H])[H])C(O)C([H])([H])[H];[H]C(C(O)C([H])([H])[H])C(O)C([H])([H,0.34,9.2316,True,ACACCU66;ACACCU67;ACACCU71
94844703500,3,3,3,2,1,4,Hg,Cl;Cl;[H]C1C([H])C([H])C(P(C2C([H])C([H])C([H])C([H])C2[H])C2C([H])C([H])C([H])C,0.34,1.5869,False,BULZAJ;BULZAJ01;BULZAJ02
852219393065,3,3,3,1,1,4,Pt,Cl;Cl;[H]N([H])C([H])([H])C([H])([H])N([H])[H],0.34,1.0657,False,CCENPT;CCENPT01;CCENPT02
848805897450,2,2,2,1,1,6,Os,Cl;Cl;[H]C1NC(C2NC([H])C([H])C([H])C2[H])C([H])C([H])C1[H];[H]C1NC(C2NC([H])C([H,0.34,0.3758,False,CIBJIJ;UKOHOT
323491884265,2,2,2,1,1,6,Ru,[H]C([H])([H])C#N;[H]C1NC(C2NC(C3NC([H])C([H])C([H])C3[H])C([H])C([H])C2[H])C([H,0.34,2.2162,False,FAXJUK;IPEQUP
259513526963,2,2,2,2,1,4,Cu,[H]C1=NC([H])([H])C([H])([H])SC2C([H])C([H])C([H])C([H])C2C([H])=NC([H])([H])C([,0.34,4.7322,True,FOTNOR;GIKDOT01
577318412777,2,2,2,2,1,4,Cd,I;I;[H]OC1C([H])C([H])C(N=C([H])C2C([H])C([H])NC([H])C2[H])C([H])C1[H];[H]OC1C([,0.34,2.8504,True,GUPNUD;GUPPAL
658206118109,2,2,2,2,1,6,Os,C#N;C#N;C#N;N=O;[H]C1C([H])C([H])C(C2=NC3C([H])C([H])C([H])C([H])C3O2)C(O)C1[H],0.34,3.0788,True,IMUPAJ01;IMUPAJ02
939764491260,2,2,2,2,1,5,Fe,Cl;[H]C([H])(N=P(C([H])([H])[H])(C([H])([H])[H])C([H])([H])[H])C([H])([H])N(C([H,0.34,0.3471,False,MILBAO;MILBES
556088692599,2,2,2,1,1,4,Co,[H]C1C([H])C([H])C(P(C2C([H])C([H])C([H])C([H])C2[H])C([H])([H])B(C2C([H])C([H]),0.34,0.5326,False,OLECUD;OLECUD01
510533453043,3,3,3,3,2,4,Ag,[H]OC(=O)C1C([H])C([H])C(C([H])([H])n2nc(C3NC([H])C([H])C([H])C3[H])c([H])c2[H]),0.34,10.9239,True,TIWBOR;TIWCAE;TIWCEI
418259000168,2,2,2,2,2,4,Fe,[H]C([H])[H];[H]C1C(C(=NC2C(C([H])(C([H])([H])[H])C([H])([H])[H])C([H])C([H])C([,0.34,8.7666,False,WIFYIX;XANMIK
156902969846,2,2,2,1,1,5,V,O;[H]C(=NC([H])([H])C([H])([H])N=C([H])C1C([H])C([H])C([H])C(OC([H])([H])[H])C1O,0.33,0.6848,True,ADIDAS;ADIFEY
130060920849,48,48,47,2,1,4,Cd,I;I;I;I,0.33,2.3431,False,AVASOH;BEVKAS;EFIGUX;EKEROB;EWISEL;EZAHES01
817397147755,102,102,93,2,1,4,Cd,Br;Br;Br;Br,0.33,2.1552,False,BEZJUP;BOYDEC;DICJUV;DUKTEJ;EFIWID;EFIWUP
506222414086,3,3,3,2,2,4,Ni,N#CC(S)=C(S)C(F)(F)F;N#CC(S)=C(S)C(F)(F)F,0.33,8.3262,False,CECKAX;CECKEB;JIMDEP
420294178560,7,7,7,3,2,4,Pt,[H]C1NC(C2NC([H])C([H])C([H])C2[H])C([H])C([H])C1[H];[H]C1NC(C2NC([H])C([H])C([H,0.33,10.3726,False,CIWKUO10;CIWKUO11;CIWKUO12;IJIBOS;JAXQOP;JAXQOP01
986925106040,4,4,4,3,1,4,Pd,Cl;Cl;[H]C1C([H])C([H])C(P(C2C([H])C([H])C([H])C([H])C2[H])C2C([H])C([H])C3C([H],0.33,0.9492,False,ERACIJ02;GIBZAU;GIBZEY;HUMZUM
77944037285,3,3,3,1,1,6,Re,Cl;Cl;Cl;Cl;Cl;O,0.33,0.3859,False,ETODUM;XUHKER;XUHKIV
381001102564,2,2,2,1,1,6,W,Cl;Cl;Cl;Cl;[H]C([H])([H])OC([H])([H])C([H])([H])OC([H])([H])[H],0.33,0.6159,False,FEKFUA;FEKFUA01
807826317467,2,2,2,2,2,4,Pd,I;I;[H]C1=C([H])N(C([H])(C([H])([H])[H])C([H])([H])[H])CN1C1C([H])C([H])C(F)C([H,0.33,7.4773,False,FISWAH;FITDOD
582210976116,2,2,2,1,1,6,Ni,N=C=[Se];N=C=[Se];[H]C1NC2C(C([H])C1[H])C([H])C([H])C([H])C2N([H])C([H])([H])C([,0.33,0.5991,False,JEJSID;JEJSOJ
424209023395,2,2,2,1,1,4,W,[H]C([H])(N[Si](C([H])([H])[H])(C([H])([H])[H])C([H])([H])[H])C([H])([H])N(C([H],0.33,0.4264,False,LATBOY;ZAGKEY01
441521725717,2,2,2,2,1,6,Os,Cl;Cl;Cl;Cl;N=O;[H]c1nn([H])c([H])c1[H],0.33,1.5554,False,LINSUY;LINTEJ
302598646739,2,2,2,1,1,6,Co,[H]C1C(C(=NC2([H])C([H])([H])C([H])([H])C([H])([H])C([H])([H])C2([H])[H])C([H])(,0.33,1.1964,False,MIFBUZ;RUWLUR
506445483012,3,3,3,3,1,5,Zn,Cl;[H]N=C(C1NC([H])C([H])C([H])C1[H])N([H])[H];[H]N=C(C1NC([H])C([H])C([H])C1[H],0.33,4.5501,True,MOYLUL;MOYMAS;WABBEI
405298984986,2,2,2,2,1,6,Ni,[H]C1C([H])C([H])C2C(N=C(C([H])([H])C([H])([H])SC([H])([H])C([H])([H])C3=NC4C([H,0.33,4.3027,True,OMENOM;ZUZPAL
808881865121,3,3,3,2,1,6,Cu,[H]C([H])([H])N1N=NNC1=NN(=O)O;[H]C([H])([H])N1N=NNC1=NN(=O)O;[H]O[H];[H]O[H],0.33,0.7112,False,TIPTOC;TIPTUI;TIPVAQ
665979744650,2,2,2,2,2,4,Pt,I;I;[H]ON=C(C([H])([H])[H])C([H])([H])[H];[H]ON=C(C([H])([H])[H])C([H])([H])[H],0.32,8.0264,False,BADBAL;BADBEP
821603260309,2,2,2,1,1,4,Zn,I;I;[H]C1C([H])C2C([H])C([H])C(C([H])([H])[H])NC2C2NC(C([H])([H])[H])C([H])C([H],0.32,0.3418,False,BELGAB;BELGAB01
777995620072,2,2,2,2,1,4,Cu,Cl;[H]C(=NC([H])([H])C([H])([H])N(C([H])([H])C([H])([H])[H])C([H])([H])C([H])([H,0.32,0.5604,False,BODDIH;BODDUT
1422439112,4,4,4,1,1,4,Co,[H]C([H])([H])P(C([H])([H])[H])C([H])([H])[H];[H]C([H])([H])P(C([H])([H])[H])C([,0.32,0.4252,False,COSZUF10;POZLOI;RECWOM;RECWOM01
898921908688,4,4,4,2,2,5,Cu,[H]C(=NC([H])([H])C([H])([H])N([H])C([H])([H])C([H])([H])N([H])[H])C1C([H])C([H],0.32,5.4794,False,DAPKOV01;NITDIG;QOMMIQ;WUQMAW
217215189071,2,2,2,2,1,6,Mo,[H]C([H])([H])C(O)(C(F)(F)F)C(F)(F)F;[H]C([H])([H])C(O)(C(F)(F)F)C(F)(F)F;[H]C([,0.32,7.2271,True,EMILIX;EMILIX01
485116283940,2,2,2,2,1,6,Co,[H]C1NC(S(=O)O)C([H])C([H])C1[H];[H]N([H])C([H])([H])C([H])([H])N([H])[H];[H]N([,0.32,0.6624,True,FALREP;FALREP02
830672431667,2,2,2,2,2,6,Sc,[H]C([H])C1C([H])C([H])C([H])C([H])C1N(C([H])([H])[H])C([H])([H])[H];[H]C([H])C1,0.32,9.2056,False,KONWUH;KONWUH01
70221012883,4,4,4,3,1,4,Ni,[H]C1C([H])C([H])C(P(C2C([H])C([H])C([H])C([H])C2[H])C2C([H])C([H])C([H])C([H])C,0.32,1.6654,True,LEMJAR;LEMJEV;QEBCOP;QEBCOP01
289884556443,2,2,2,2,1,6,Ta,[H]C(=NC([H])(C([H])([H])[H])C([H])([H])[H])C([H])=NC([H])(C([H])([H])[H])C([H]),0.32,2.2924,False,MOXCUX;MOXDAE
49889911301,2,2,2,2,1,6,Cu,[H]N1C([H])([H])C([H])([H])C([H])(C([H])([H])[H])N([H])C2([H])C([H])([H])C([H])(,0.32,0.3324,False,QOFQIM;WIMVIY
978113476873,2,2,2,2,1,6,Tc,C#O;C#O;C#O;[H]C(=O)N(C([H])([H])[H])C([H])([H])[H];[H]C1C([H])C([H])C(P(C2C([H],0.32,3.3453,False,RALLUP;RALWEK
576012770383,2,2,2,2,1,4,Ir,Cl;[H]C1C([H])C([H])C(P(C2C([H])C([H])C([H])C([H])C2[H])C2C([H])C([H])C([H])C([H,0.32,0.3239,False,TACNOC;TACNOC01
491901116512,2,2,2,2,1,5,Cu,Cl;[H]C([H])([H])N(C([H])([H])[H])C([H])([H])C([H])([H])N(C([H])([H])[H])C([H])(,0.32,0.3774,False,TOGPOU;TOGPUA
948961738929,2,2,2,1,1,6,Ru,Cl;[H]C(=NC([H])([H])C([H])(N=C([H])C1C([H])C([H])C([H])C([H])C1O)C([H])([H])[H],0.32,0.7245,False,YOBXAR;ZIBNUW
342743155196,179,179,156,2,1,4,Mn,Br;Br;Br;Br,0.31,2.7212,False,AFUMUN;AFUMUN01;ALOTED;ALOTED01;AMOYUA;AMOZEL
693863700028,2,2,2,2,1,6,Cr,F;F;[H]N([H])C([H])([H])C([H])([H])N([H])[H];[H]N([H])C([H])([H])C([H])([H])N([H,0.31,2.1524,False,BAVGUA10;FEZXUD
659849313333,2,2,2,1,1,5,Ni,Cl;Cl;[H]C([H])([H])C([H])(N1C([H])([H])C([H])([H])N(C([H])(C([H])([H])[H])C([H],0.31,1.191,False,COBYIF;GITYIS
630604763166,2,2,2,2,2,5,Cu,[H]C(=O)O;[H]C(=O)O;[H]C1C([H])C2C([H])C([H])C(C([H])([H])[H])NC2C2NC(C([H])([H],0.31,9.675,True,DAZNEY;DAZNEY01
645160096519,4,4,4,2,2,4,Cu,[H]C(=NC([H])(C1C([H])C([H])C([H])C([H])C1[H])C([H])([H])[H])C1C([H])C([H])C([H],0.31,8.7555,False,DPESCU11;DPESCU12;QAMGAN;QAMGAN02
525503728806,9,9,5,3,2,4,Cu,[H]NC(C(F)C(N[H])C(F)(F)F)C(F)(F)F;[H]NC(C(F)C(N[H])C(F)(F)F)C(F)(F)F,0.31,8.66,False,EKABAU;EKABEY;EKABEY01;EKABEY02;EKABEY03;EKABEY04
71021367442,3,3,3,2,1,4,Co,[H]C(=NC1C([H])C([H])C([H])C([H])C1C1C([H])C([H])C([H])C([H])C1[H])C1C(O)C([H])C,0.31,1.6064,False,EKEZAX;USECEB;USECEB01
377279965884,3,3,3,3,1,5,Fe,Cl;Cl;Cl;Cl;Cl,0.31,0.7747,True,EQACEF;XEMZUK;YOZRAG
113712211487,2,2,2,2,2,6,Ru,C#O;[H]C1C([H])C([H])C(P(C2C([H])C([H])C([H])C([H])C2[H])C2C([H])C([H])C([H])C([,0.31,3.7728,True,HELWUQ;PETQAJ
691183743801,2,2,2,2,1,6,Ni,[H]C(=NN=C(S)N([H])[H])C1C([H])C(Cl)C([H])C(Cl)C1O;[H]C1NC2C3NC([H])C([H])C([H]),0.31,5.1793,False,HOSVUH;HOSVUH01
374273522843,6,6,6,3,1,6,Fe,N=C=S;N=C=S;[H]C1NC2C3NC([H])C([H])C([H])C3C3C(N=C(C4C([H])C([H])C([H])C([H])C4C,0.31,2.97,False,KULTAO;KULTAO01;KULTAO02;KULTAO03;KULTAO04;KULTAO05
467806783440,4,4,3,2,2,6,Cu,[H]C(=NN([H])C(=O)N([H])[H])C1NC([H])C([H])C([H])C1[H];[H]C(=NN([H])C(=O)N([H])[,0.31,4.4507,False,NOGPUV;NOGPUV01;NOGPUV03;POJMEI
882987915346,2,2,2,2,2,6,Ni,[H]C(=NC([H])([H])C([H])([H])C([H])([H])N=C([H])C1NC([H])C([H])C([H])C1[H])C1NC(,0.31,3.4639,False,NUVTEE;SICCUE
544279907923,2,2,2,2,1,6,Fe,Cl;Cl;[H]C1NC(C([H])([H])N([H])C([H])([H])C([H])([H])N([H])C([H])([H])C2NC([H])C,0.31,3.5834,False,PEWPOW;YEJFAX
649673646395,3,3,3,3,2,6,Mn,F;F;F;F;F;[H]O[H],0.31,2.8202,True,PUHZOH;PUHZUN;PUJBAX
663887648906,2,2,2,2,1,6,Re,Br;Br;Br;[H]C1C([H])C([H])C(P(C2C([H])C([H])C([H])C([H])C2[H])C2C([H])C([H])C([H,0.31,0.3324,False,RUSPUR;RUSPUR01
544688421545,3,3,3,2,2,6,Ru,N=O;O=S(=O)(O)O;[H]N([H])[H];[H]N([H])[H];[H]N([H])[H];[H]N([H])[H],0.3,1.9631,True,AXOKOP;AXOQEL;HOVTAP
26988342536,3,3,3,2,1,5,Zn,Cl;Cl;[H]C1NC(C(=NC([H])([H])C([H])([H])N2C([H])([H])C([H])([H])OC([H])([H])C2([,0.3,1.9334,False,BACXEN;BACXUD;QAHRUO
335919413544,3,3,3,3,2,4,Pd,Cl;Cl;[H]C1([H])N2C([H])([H])C3([H])C([H])([H])C([H])(C([H])([H])N4C([H])([H])C(,0.3,8.9435,False,BEPMIT;EFIHUW;MORLEL
146892207339,2,2,2,2,2,6,Mo,C#N;C#O;C#O;C#O;C#O;C#O,0.3,3.0846,False,BOJVUV;BOJWAC
616387623625,5,5,4,3,2,4,Cu,[H]c1nc([H])n([H])c1[H];[H]c1nc([H])n([H])c1[H];[H]c1nc([H])n([H])c1[H];[H]c1nc(,0.3,8.49,False,CEDKED;GADGOH;IMAZCU01;IYANUT;YUHNOE02
860618918933,2,2,2,2,2,4,Os,[H]C([H])([H])C([H])([H])OP(OC([H])([H])C([H])([H])[H])OC([H])([H])C([H])([H])[H,0.3,4.1509,True,CEJVEU;CEJVIY
236174324849,2,2,2,2,1,6,Mn,[H]N([H])C([H])([H])C([H])([H])N([H])C([H])([H])C([H])([H])N([H])[H];[H]N([H])C(,0.3,5.1088,True,FEDJOO;GUHFOG
642915176270,3,3,3,2,1,6,Fe,N=C=S;N=C=S;[H]C1NC(N(C(=O)C([H])([H])C([H])([H])C([H])([H])[H])C2NC([H])C([H])C,0.3,2.0969,True,FOSREN;FOSREN01;FOSREN02
236117103124,4,4,4,3,1,5,Cu,[H]C([H])([H])C#N;[H]C1NC(C([H])([H])N(C([H])([H])C2NC([H])C([H])C([H])C2[H])C([,0.3,4.6984,False,HEQWEF;HEQWIJ;ILUTEP;PIZTUR
154727795226,2,2,2,2,2,4,Pt,I;I;[H]C1NC([H])C([H])C(C([H])([H])[H])C1[H];[H]C1NC([H])C([H])C(C([H])([H])[H]),0.3,7.8957,False,KARRUQ;KARTUS
485847579288,2,2,2,2,1,6,Mo,O;O;[H]OC([H])([H])[H];[H]OC1C([H])C([H])C([H])C(C([H])=NN=C(O)C2C([H])C([H])C([,0.3,1.3439,True,LOSXAU;ZEHZOE
101732483594,2,2,2,1,1,4,Ag,[H]C1C([H])C([H])C(P(C2C([H])C([H])C([H])C([H])C2[H])C2C([H])C([H])C([H])C([H])C,0.3,0.3132,True,NIZHUB;WAHHEU
482096513295,2,2,2,1,1,5,Re,O;[H]C([H])(S)C([H])([H])OC([H])([H])C([H])([H])S;[H]C1C([H])C([H])C([SeH])C([H],0.3,0.4243,True,NOJMEE;NOJMEE01
607825059309,2,2,2,2,2,6,Re,Cl;O;[H]C1NC(C(=O)O)C([H])C([H])C1[H];[H]C1NC(C(=O)O)C([H])C([H])C1[H],0.3,4.6397,False,OLOWAN;OLOWAN01
92097295113,2,2,2,2,1,6,Fe,[H]C(C(O)C(F)(F)F)C(O)C(F)(F)F;[H]C(C(O)C(F)(F)F)C(O)C(F)(F)F;[H]C([H])([H])N(C(,0.3,2.2402,True,PEKQAX;PEKQAX01
426000472175,2,2,2,1,1,5,Ir,[H]C1C([H])C(C([H])([H])P(C(C([H])([H])[H])(C([H])([H])[H])C([H])([H])[H])C(C([H,0.3,0.3041,False,RAHVAY;RAHVEC
589009394913,2,2,2,1,1,6,Re,C#O;C#O;C#O;[H]C1C([H])C(C2NC(C([H])([H])[H])C([H])C([H])C2[H])NC(C([H])([H])[H],0.3,0.4036,False,VUBDIH;VUBDIH01
436376198928,2,2,2,1,1,6,Zn,[H]C(=NC1C([H])C([H])C(Cl)C([H])C1O)C1NC([H])C([H])C([H])C1[H];[H]C(=NC1C([H])C(,0.3,1.2563,False,WEBSII;WEBSII01
871897335114,11,11,11,1,1,6,Cu,[H]C1NC([H])C([H])C(C(=O)O)C1[H];[H]C1NC([H])C([H])C(C(=O)O)C1[H];[H]O[H];[H]O[H,0.3,0.9742,False,XAXFUX;XAXFUX01;XAXFUX02;XAXFUX05;XAXFUX07;XAXFUX08
172381147374,2,2,2,2,2,6,Fe,[H]C(=NN([H])C(=S)N([H])[H])C1C([H])C(Br)C([H])C([H])C1O;[H]C(=NN=C(S)N([H])[H]),0.3,1.5886,True,YISRID05;YISRID23
133463826913,2,2,2,2,1,4,Cu,I;[H]C1C([H])C([H])C(P(C2C([H])C([H])C([H])C([H])C2[H])C2C([H])C([H])C([H])C([H],0.3,3.0448,False,ZIPJUG;ZIPKAN
280103961730,166,166,95,4,2,4,Ni,S=c1sc(S)c(S)s1;S=c1sc(S)c(S)s1,0.29,9.2512,False,AJUPEA;AJUPIE;AJUPUQ01;AJUQAX;AMAMAD;APIBEJ
274938297431,3,3,3,2,1,4,Cu,Br;Br;[H]C1([H])N2C([H])([H])C3([H])C([H])([H])C([H])(C([H])([H])N4C([H])([H])C(,0.29,5.0861,True,AWOCAQ03;AWOCAQ04;YOMGIR
650013183860,2,2,2,2,1,4,Ni,[H]C(C(=NC([H])([H])C([H])([H])N=C(C([H])=C(O)C([H])([H])[H])C([H])([H])[H])C([H,0.29,2.7951,False,BOSPII04;EAIMNI01
784124539268,3,3,3,1,1,4,Co,[H]C1C([H])C([H])C(P(C2C([H])C([H])C([H])C([H])C2[H])C([H])([H])C([H])([H])C([H],0.29,2.6459,False,DOBNIR;OBUHAY;UCOTAI
98516735195,4,4,4,2,1,6,Fe,N#CC(S)=C(S)C#N;N#CC(S)=C(S)C#N;N#CC(S)=C(S)C#N,0.29,3.0301,True,DUJCEQ;DUJCEQ01;DUJCEQ02;PHASMF10
42190336921,2,2,2,2,1,4,Cu,[H]C(=NC([H])([H])C([H])([H])N=C([H])C1C([H])C([H])C([H])C([H])C1O)C1C([H])C([H],0.29,1.1086,False,ESALCT;NPOSAC
353830804681,2,2,2,2,1,5,Zn,Cl;[H]c1nc(-c2nc([H])c([H])n2[H])n([H])c1[H];[H]c1nc(-c2nc([H])c([H])n2[H])n([H],0.29,2.4472,False,FIFWIB;FIFWIB01
636584770227,2,2,2,2,1,4,Ir,[H]C1C([H])C([H])C(P(C2C([H])C([H])C([H])C([H])C2[H])C2C([H])C([H])C([H])C([H])C,0.29,2.2686,False,FONDUH01;SIDQIF
639051297112,2,2,2,2,1,6,Fe,Cl;Cl;[H]C1NC2C3NC([H])C([H])C([H])C3C([H])C([H])C2C([H])C1[H];[H]C1NC2C3NC([H]),0.29,0.5438,False,FONGEV;REZHEL
622470614679,2,2,2,2,1,5,Cu,[H]OC([H])([H])C(N([H])[H])(C([H])([H])O)C([H])([H])O[H];[H]OC([H])([H])C(N([H]),0.29,0.2907,True,FOWMUZ;FOWMUZ01
415540554490,2,2,2,1,1,6,Re,C#O;C#O;C#O;[H]N=C(C1C([H])C([H])C([H])C([H])C1[H])N([H])C1(N=C2N=C(N([H])[H])C3,0.29,0.3312,True,GEJXEB;GEJYEC
516482921394,2,2,2,2,1,4,Ag,[H]C1C([H])C([H])C(P(C2C([H])C([H])C([H])C([H])C2[H])C2C([H])C([H])C([H])C([H])C,0.29,2.1298,False,GUSRIW;GUSRIW01
656900127154,2,2,2,1,1,6,Mn,[H]C1NN(B(N2NC([H])C([H])C2[H])(N2NC([H])C([H])C2[H])N2NC([H])C([H])C2[H])C([H]),0.29,0.4173,False,MESNON;PIBNEU
450094423258,2,2,2,2,2,4,Hg,[H]C(=NN=C(S)N([H])C1C([H])C([H])C([H])C([H])C1[H])C1C2C([H])C([H])C([H])C([H])C,0.29,1.4885,True,MOCXIP;MOCXOV
138569238719,2,2,2,2,1,6,Cr,[H]C([H])(C(=O)O)C(=O)O;[H]C([H])(C(=O)O)C(=O)O;[H]O[H];[H]O[H],0.29,1.5474,True,MUFJEC;MUFJEC01
519600720134,3,3,3,2,1,5,Co,Br;[H]C1NC([H])C(C([H])([H])[H])C(C([H])([H])[H])C1[H];[H]C1NC([H])C(C([H])([H]),0.29,0.4883,True,NADTUH;NADTUH01;NADTUH02
277335342623,2,2,2,2,1,6,Ni,[H]C(=O)C1C([H])C([H])C([H])C(OC([H])([H])[H])C1O;[H]C1NC(N([H])C2NC([H])C([H])C,0.29,5.977,False,OBOBIT;OQIRAJ
349797987991,2,2,2,2,1,4,Fe,[H]C1C(C([H])([H])[H])CC(C([H])([H])[H])C([H])C1C([H])([H])[H];[H]C1C(C([H])([H],0.29,0.5954,False,RUWZUF;RUXBAO
830427632204,2,2,2,1,1,6,Re,Cl;Cl;[H]C1C([H])C(C([H])([H])[H])C([H])C([H])C1N;[H]C1C([H])C([H])C(P(C2C([H])C,0.29,0.3265,False,UMADET;UMADIX
149175854002,2,2,2,1,1,6,Re,Cl;Cl;O;[H]C1C([H])C([H])C(C2=NC3C([H])C([H])C([H])C([H])C3S2)C(O)C1[H];[H]C1C([,0.29,0.8041,False,VIXZUY;VIYBOV
27012331320,2,2,2,1,1,6,Cr,[H]c1c(C([H])([H])[H])nn(C([H])(n2nc(C([H])([H])[H])c([H])c2C([H])([H])[H])n2nc(,0.29,0.4031,False,VUGDUA01;VUGFEM
918695560201,3,3,3,2,2,4,Pd,[H]C([H])([H])C([H])(P(N=P([TeH])(C([H])(C([H])([H])[H])C([H])([H])[H])C([H])(C(,0.29,8.0342,False,WUDTAR;WUDTEV;WUDTEV01
5105706058,2,2,2,2,1,4,Pt,[H]C1C([H])C([H])C(P(C2C([H])C([H])C([H])C([H])C2[H])C2C([H])C([H])C([H])C([H])C,0.29,0.2983,False,XUZYUM;XUZZAT
423169426064,3,3,3,1,1,4,Ag,[H]C1C([H])C([H])C(P(C2C([H])C([H])C([H])C([H])C2[H])C2C([H])C([H])C([H])C([H])C,0.28,0.9617,False,CIBXOD;MIWKIN;QUXTOU
404379180299,6,6,6,5,1,4,Zn,S=c1sc(S)c(S)s1;S=c1sc(S)c(S)s1,0.28,4.8255,True,DAHZUI;DATFUA;DOZPUD02;ECUQEZ;EFAPOQ;WOPWUV
992294698534,2,2,2,2,1,6,Ni,[H]C1C([H])C([H])C(C([H])([H])SC(S)=NN=C2C(=O)N([H])C3C([H])C([H])C([H])C([H])C2,0.28,3.5212,True,EPOFOF;EPOFOF01
20890404559,2,2,2,2,1,6,Ru,Cl;Cl;Cl;[H]C([H])([H])C#N;[H]C1C([H])C([H])C(P(C2C([H])C([H])C([H])C([H])C2[H]),0.28,0.2802,True,FEGDAZ;FEGDAZ01
191287019381,2,2,2,1,1,4,Zn,C#N;C#N;[H]C1([H])N2C([H])([H])C3([H])C([H])([H])C([H])(C([H])([H])N4C([H])([H]),0.28,0.7446,False,FESBOV;GOGPAU
32610794633,2,2,2,1,1,6,Cu,[H]C1NC(N([H])C2NC([H])C([H])C([H])N2)NC([H])C1[H];[H]C1NC(N([H])C2NC([H])C([H]),0.28,0.2844,False,FISFIX;FISFOD
566837330059,5,5,5,2,1,6,Fe,Cl;Cl;Cl;[H]O[H];[H]O[H];[H]O[H],0.28,4.2286,True,GOPSIN01;KAPLIX;XUHNAR;YITVON;YITVON01
538847152035,2,2,2,2,2,4,Ta,Cl;[H]C([H])([H])NC([H])([H])[H];[H]C([H])([H])NC([H])([H])[H];[H]C([H])([H])NC(,0.28,6.8757,False,LIPKOK;LUKCUP
472291261219,3,3,3,3,2,6,Fe,Cl;[H]C([H])([H])P(C([H])([H])[H])C([H])([H])C([H])([H])P(C([H])([H])[H])C([H])(,0.28,0.871,True,NAWMIJ;TAGLES01;TAGLES10
650380890650,2,2,2,2,1,4,Cu,Cl;Cl;[H]C1NC(C2([H])N(C([H])([H])C3C([H])C([H])C([H])C([H])C3[H])C([H])([H])C([,0.28,2.5753,True,QUFPIU;QUFPUG
26446178928,3,3,2,2,2,6,Pd,[H]C([H])C([H])([H])C([H])([H])C([H])[H];[H]C1NN(B([H])(N2NC([H])C([H])C2[H])N2N,0.28,8.7245,False,REQDEW;ZIJKEI;ZIJKEI10
636601739183,3,3,3,2,1,4,Hg,Br;Br;[H]C1NC([H])C(C(=O)O)NC1[H],0.28,0.7819,False,TUCQAM;TUCQIU;TUCQOA
193820075627,2,2,2,2,2,5,Cu,[H]C1NC2C(NC1[H])C1C([H])C([H])C([H])NC1C1NC([H])C([H])C([H])C21;[H]C1NC2C(NC1[H,0.28,1.8315,True,WUHXAY01;WUHXAY02
464015439222,2,2,2,1,1,5,Re,Cl;O;[H]C([H])(S)C([H])([H])SC([H])([H])C([H])([H])S,0.28,0.2973,True,YUJPIC;YUJPIC02
407662816221,2,2,2,2,2,6,Fe,[H]C(=NC([H])([H])C([H])([H])N([H])C([H])([H])[H])C1C([H])C([H])C([H])C(OC([H])(,0.27,0.6762,True,ACORIU01;HISXAM
599746239114,3,3,3,1,1,4,Cu,[H]C(=NC([H])([H])C(C([H])([H])[H])(C([H])([H])[H])C([H])([H])N=C([H])C1C([H])C(,0.27,0.6217,False,AGOYUR;AGOYUR01;AGOYUR02
495463975819,2,2,2,2,1,4,Cu,[H]C([H])([H])N1C(=S)C(=S)N(C([H])([H])[H])C([H])([H])C1([H])[H];[H]C([H])([H])N,0.27,2.7931,True,DUBJIW;QELROS
833184427611,2,2,2,2,1,6,Cr,N#CC(S)=C(S)C#N;N#CC(S)=C(S)C#N;N#CC(S)=C(S)C#N,0.27,0.7503,True,DUJCIU;DUJDAN
558671721770,4,4,4,2,2,4,Pd,[H]C1CC(C([H])(N([H])[H])C([H])([H])[H])C([H])C([H])C1[H];[H]N([H])C([H])([H])C(,0.27,10.7434,False,DURKUX;DURLAE;YEMCEZ;YEMCOJ
709597011259,2,2,2,2,1,6,Fe,Cl;Cl;[H]C1NC(C2NC([H])C([H])C([H])C2[H])C([H])C([H])C1[H];[H]C1NC(C2NC([H])C([H,0.27,0.9396,False,ERERAV;HAJGAB
384985536033,2,2,2,2,1,6,Rh,Cl;Cl;Cl;Cl;[H]C([H])([H])S(=O)C([H])([H])[H];[H]C([H])([H])S(=O)C([H])([H])[H],0.27,1.7114,True,FANXUP;LEYLAC
932823083285,2,2,2,2,2,6,V,Cl;Cl;O;[H]C1NC(C([H])([H])N([H])C([H])([H])C2NC([H])C([H])C([H])C2[H])C([H])C([,0.27,2.9325,True,FEVGIX;FEXHIA
354107703875,2,2,2,2,1,6,Fe,N=C=S;N=C=S;[H]C1NNC(c2nnc(C3NC([H])C([H])C([H])C3[H])n2C2C([H])C([H])C(C([H])([,0.27,1.191,False,FOLXIQ;FOLXUC
914819230380,2,2,2,2,1,6,Co,[H]C(C(=NC([H])([H])C([H])([H])C([H])([H])N=C(C([H])=C(O)C1C([H])C([H])C([H])C([,0.27,0.9109,True,GOGRUQ;OJONAE
664369162246,2,2,2,1,1,4,Cu,[H]C1=C([H])N(C([H])(C([H])([H])[H])C([H])([H])[H])CN1C([H])(C([H])([H])[H])C([H,0.27,0.2746,False,GOMNII;GOMNUU
458931609886,3,3,3,2,1,6,Cu,[H]OC1C([H])C([H])C([H])C([H])C1C([H])([H])N([H])C([H])([H])C1NC([H])C([H])C([H],0.27,0.658,False,HOKZOW;RACKEO;UYUNOS
558157709202,2,2,2,2,1,4,Pd,Br;Br;[H]C1C([H])C([H])C(P(C2C([H])C([H])C([H])C([H])C2[H])C2C([H])C([H])C3C([H],0.27,0.4909,False,HOKZOX;POPZIE
758091205288,2,2,2,2,1,4,Co,[H]C1=C([H])N(C([H])([H])[H])C(=S)N1B([H])([H])N1C(=S)N(C([H])([H])[H])C([H])=C1,0.27,1.4651,False,HUWGUE;PORFAG
181611124023,7,7,7,4,2,4,Pd,[H]C1NC2C3NC([H])C([H])C([H])C3C([H])C([H])C2C([H])C1[H];[H]C1NC2C3NC([H])C([H]),0.27,6.6527,False,JOYWEZ;NELQIG01;PNTLPD;WEBQIG;WEBQOM;YIWVOR
258408023707,2,2,2,2,1,5,Re,O;[H]C1C([H])C([H])C(C([H])([H])C([H])(C(=O)NC([H])([H])C(=O)NC([H])(C(=O)N([H]),0.27,0.2816,True,LINYAJ;LINYEN
162439728800,2,2,2,2,1,6,Ta,Cl;Cl;Cl;[H]C([H])([H])NC([H])([H])[H];[H]C([H])([H])NC([H])([H])[H];[H]C([H])([,0.27,3.2114,False,NARWIP;ZAHSEK
676722131958,3,3,3,2,2,4,Ir,C#O;Cl;[H]C1C([H])C([H])C(P(C2C([H])C([H])C([H])C([H])C2[H])C2C([H])C([H])C([H]),0.27,5.99,True,NUBMOO;PEWLUY;XUKMUM
521811126402,2,2,2,2,1,4,Fe,C#O;[H]C1C([H])C([H])C(P(C([H])(C([H])([H])[H])C([H])([H])[H])C([H])(C([H])([H]),0.27,1.0648,False,SIGRAD;UTOXOR
700972961877,2,2,2,2,1,6,Mo,C#O;C#O;C#O;[H]C1C([H])C(N(P(C([H])(C([H])([H])[H])C([H])([H])[H])C([H])(C([H])(,0.27,0.9876,False,SIGTOT;SIGVOV
755932002596,2,2,2,1,1,4,Cu,[H]C(=NC1C([H])C([H])C([H])C([H])C1[H])C1=C([H])C([H])=C([H])C1=C([H])NC1C([H])C,0.27,0.769,False,SOPDUX;SOPDUX02
951067584710,2,2,2,2,2,4,Pt,[H]C([H])([H])C=O;[H]C([H])([H])C=O;[H]C1([H])N2C([H])([H])N3C([H])([H])N1C([H]),0.27,8.6242,False,UJOYUR;UJOZAY
787592109562,2,2,2,2,1,6,Ni,[H]C1NC([H])C(C(=O)O)C([H])C1[H];[H]C1NC([H])C(C(=O)O)C([H])C1[H];[H]O[H];[H]O[H,0.27,2.9822,False,XAVVUL;XAVVUL01
206693403770,2,2,2,2,1,6,Pt,Cl;Cl;Cl;Cl;Cl;[H]C([H])([H])C([H])([H])S(=O)C([H])([H])C([H])([H])[H],0.27,1.0648,True,XOKKIU;XOKKOA
75251317686,2,2,2,2,2,6,Fe,Cl;Cl;Cl;Cl;[H]C1NC(C2NC([H])C([H])C([H])C2[H])C([H])C([H])C1[H],0.27,9.054,False,YILLAH;YILLAH01
123468347750,2,2,2,2,1,6,Cu,O=C1C(=O)C(Cl)=C(O)C(O)=C1Cl;[H]C1NC(C2NC([H])C([H])C([H])C2[H])C([H])C([H])C1[H,0.26,0.5903,True,AGOGAG;AGOKEO
123103038022,7,7,5,2,2,4,Ni,O=c1c(S)c(S)c1=O;O=c1c(S)c(S)c1=O,0.26,8.7536,False,EXUFOU;EXUFUA;EXUKEP;NISQAR10;PARPOQ;PARPUW
416559764177,4,4,4,2,1,6,Re,Br;C#O;C#O;C#O;C#O;C#O,0.26,2.3015,False,FOWTOA;FOWTOA02;FOWTOA03;FOWTOA04
857764714031,2,2,2,1,1,6,Rh,Cl;Cl;[H]C1NC([H])C([H])C(C([H])([H])[H])C1[H];[H]C1NC([H])C([H])C(C([H])([H])[H,0.26,0.2823,False,GAGMIM;GAKJAG
680143707508,2,2,2,1,1,5,V,O;[H]C([H])([H])O;[H]C1C(C([H])([H])N(C([H])([H])C2C([H])C(C(C([H])([H])[H])(C([,0.26,0.2693,False,GIXREN;GIXREN01
998796825006,4,4,4,4,2,5,Re,C#N;C#N;C#N;C#N;N;[H]C1NC([H])C([H])C(C#CC2C([H])C([H])NC([H])C2[H])C1[H],0.26,8.59,True,GUKCIC;GUKCIC01;GUKCIC02;GUKCIC03
163684153074,2,2,2,2,1,6,V,O;[H]O[H];[H]c1nc(C(=O)O)c([H])n1[H];[H]c1nc(C(=O)O)c([H])n1[H],0.26,0.8317,True,GUXDEJ;GUXDEJ01
697634667653,2,2,2,2,1,6,Mn,C#O;C#O;C#O;[H]C1NC(C([H])([H])N([H])C([H])([H])C2NC([H])C([H])C([H])C2[H])C([H],0.26,4.6173,False,HAWNUQ;ZUNQOR
723147172562,2,2,2,2,2,6,W,Cl;Cl;Cl;Cl;Cl;[H]C1C([H])C(C([H])(C([H])([H])[H])C([H])([H])[H])C(N)C(C([H])(C(,0.26,1.4239,True,HEZZEU;HEZZIY
213600398124,2,2,2,2,1,6,V,O;[H]C(C(O)C([H])([H])[H])C(O)C([H])([H])[H];[H]C1C(C([H])([H])[H])NN(B([H])(N2N,0.26,0.2953,False,KIKCAI;XEVBAC
158800748327,2,2,2,1,1,4,Ni,C#O;C#O;[H]C1C([H])C(C([H])([H])[H])C([H])C(P(C([H])(C([H])([H])[H])C([H])([H])[,0.26,0.3106,False,KIWMEK;KIWMEK01
479164189713,2,2,2,2,1,5,Cu,[H]N([H])C([H])([H])C([H])([H])N(C([H])([H])[H])C([H])([H])[H];[H]N([H])C([H])([,0.26,0.2608,True,MEBQOC;YAQKUY
2025077437,2,2,2,2,1,4,Cu,[H]C([H])C#N;[H]C1C(C(=O)NC2C(C([H])([H])[H])C([H])C([H])C([H])C2C([H])([H])[H]),0.26,3.081,False,MIHJIY;QOFMEG
258305017896,2,2,2,2,1,6,Mo,O;O;[H]C1C(C([H])([H])[H])C([H])C(C([H])([H])N(C([H])([H])[H])C([H])([H])C([H])(,0.26,0.26,False,NAKBUX;NAKBUX01
19821986374,2,2,2,2,1,4,Co,Cl;[H]C1NC(C([H])([H])N2P3N(C([H])([H])C4NC([H])C([H])C([H])C4[H])C([H])([H])C([,0.26,0.4522,False,NIHXEK;NIHYIP
509085797859,2,2,2,1,1,4,Ag,O=N(O)O;[H]C(=O)C1C([H])NC([H])C([H])C1[H];[H]C(=O)C1C([H])NC([H])C([H])C1[H],0.26,0.728,False,OPEVAH;OPEVAH01
22533384992,2,2,2,2,2,6,W,Br;C#O;C#O;C#O;C#O;C#O,0.26,1.4928,True,SEPCEY;SEPCIC
743945849777,2,2,2,2,1,5,Mn,[H]C([H])([H])C(=O)OC([H])([H])C([H])([H])[H];[H]C1=C([H])c2nc1c(C1C(F)C(F)C(F)C,0.26,0.4046,True,SEVXAT;XAVCAA
550789454096,2,2,2,2,1,6,W,C#O;C#O;C#O;C#O;C#O;O=C=P,0.26,2.7025,True,SUYVAM;YUQJEB
687303450817,8,8,8,2,1,6,Fe,N=C=S;N=C=S;[H]C1NC(c2nnc(C3C([H])C([H])C4C([H])C([H])C([H])C([H])C4C3[H])s2)C([,0.26,1.771,False,VARDUR;VARDUR02;VARDUR03;VARDUR04;VARDUR05;VARDUR06
543080335094,2,2,2,2,1,4,Cu,Cl;Cl;[H]C1C(N=C(N(C([H])([H])[H])C([H])([H])[H])N(C([H])([H])[H])C([H])([H])[H],0.26,0.6447,False,ZALVIU;ZALVOA
928530146990,3,3,3,3,1,6,Fe,N=C=S;N=C=S;[H]C1NC2C3NC([H])C([H])C([H])C3C3C(N=C(C4C5C([H])C([H])C([H])C([H])C,0.26,1.5717,False,ZUBNAO;ZUBNAO01;ZUBNOC
645688238122,3,3,3,2,1,6,Cd,O=S(=O)(O)OOS(=O)(=O)O;[H]C1C([H])C2C([H])C([H])C(C([H])([H])[H])NC2C2NC(C([H])(,0.25,2.1236,False,AFAQAZ;AFAQAZ01;AFAQAZ02
762510152696,2,2,2,1,1,4,Zn,Br;Br;[H]C1C([H])C(O)C2NC(C([H])([H])[H])C([H])C([H])C2C1[H],0.25,0.2693,False,AYOCIB;KUYFUG
625995724286,2,2,2,2,1,6,Ru,[H]C1C([H])C([H])C(SC([H])([H])C2NC(C([H])([H])SC3C([H])C([H])C([H])C([H])C3S)C(,0.25,1.4517,False,BEXXIO;OBIXAZ
865992364122,2,2,2,2,1,6,Ti,Cl;Cl;Cl;[H]C([H])([H])P(C([H])([H])[H])C([H])([H])C([H])([H])P(C([H])([H])[H])C,0.25,3.7084,True,BODRER;BODRER01
73521579108,2,2,2,1,1,6,Ru,[H]C([H])([H])C(O)C(I)C(O)C([H])([H])[H];[H]C([H])([H])C(O)C(I)C(O)C([H])([H])[H,0.25,0.2915,False,CIVHOG;CIVHOG01
922617438396,2,2,2,2,1,6,Mn,[H]C1C([H])C([H])C(C(O)C([H])C(O)C2C([H])C([H])C([H])C([H])C2[H])C([H])C1[H];[H],0.25,3.0204,False,FEVXUA;FEVXUA01
683634656308,2,2,2,2,2,6,Fe,Cl;Cl;Cl;[H]C1NC(C2NC(C3NC([H])C([H])C([H])C3[H])C([H])C([H])C2[H])C([H])C([H])C,0.25,1.7084,True,HUJKIG;HUJKIG02
444316513405,2,2,2,2,1,6,Mn,Cl;[H]C(=NC([H])([H])C([H])([H])N=C([H])C1C([H])C([H])C([H])C(OC([H])([H])[H])C1,0.25,5.1061,False,ICUYAI;MOTPIV
246785870384,3,3,3,3,1,6,Fe,[H]B([H])([H])C#N;[H]B([H])([H])C#N;[H]C1NC(C([H])([H])N([H])C([H])([H])C([H])([,0.25,3.7284,False,JOXWIG;JOXWIG01;YUYHOR
164481952057,2,2,2,1,1,5,Fe,Cl;[H]C(=NC1C([H])C([H])C([H])C([H])C1N=C([H])C(C(=O)OC([H])([H])C([H])([H])[H]),0.25,0.368,False,KINGAT;TEBKIW
228858810096,2,2,2,2,2,6,Ir,Br;Br;Br;[H]C([H])([H])C#N;[H]C1NC(C2NC([H])C([H])C([H])N2)NC([H])C1[H],0.25,3.3992,False,LELTEF;LELTEF01
401348359307,2,2,2,2,2,6,Cd,[H]c1c(C([H])([H])[H])nn(C2NC(C(=O)O)C(Cl)C([H])C2[H])c1C([H])([H])[H];[H]c1c(C(,0.25,4.6567,False,PULYIF;XIRLOA
99256851549,2,2,2,2,1,6,Pt,Cl;Cl;Cl;Cl;[H]C1NC([H])C([H])C([H])C1[H];[H]C1NC([H])C([H])C([H])C1[H],0.25,1.6293,True,TULFIP;ZADTUW
570579886778,2,2,2,2,2,6,Re,Cl;Cl;[H]C1C([H])C(C([H])([H])[H])C([H])C([H])C1N;[H]C1C([H])C([H])C(P(C2C([H])C,0.25,1.5602,True,UMAFAR;UMAFEV
813946588820,3,3,3,1,1,6,Cu,[H]C1=N(O)C(C([H])([H])[H])(C([H])([H])[H])C(C([H])([H])[H])(C([H])([H])[H])N1O;,0.25,0.3397,False,VEPZUN;VEPZUN01;VEPZUN02
662532904381,2,2,2,2,1,6,Fe,[H]C(=NC([H])([H])C([H])([H])N([H])C([H])([H])C([H])([H])[H])C1C([H])C([H])C([H],0.25,2.5125,False,VERRUJ;VERRUJ01
543087845528,2,2,2,1,1,5,V,O;O;[H]C(=NC([H])(C(=O)O)C([H])(C([H])([H])[H])C([H])([H])[H])C1C([H])C([H])C([H,0.25,0.2502,False,VOMHOW;VOMWAX
128072411416,2,2,2,1,1,4,Cr,C#O;C#O;C#O;[H]C1([H])C([H])([H])C([H])([H])C([H])(P(C2([H])C([H])([H])C([H])([H,0.25,0.3905,False,WOJDOR;WOJFOT
733257685553,2,2,2,2,2,6,Fe,[H]C(=NC1C([H])C([H])C([H])C([H])C1N=C([H])C(C(=O)OC([H])([H])C([H])([H])[H])=C(,0.25,1.6589,True,WOJVEX;WOJVEX01
364003395948,2,2,2,2,1,6,W,C#O;C#O;C#O;C#O;[H]N1C2=NC([H])([H])C([H])([H])C([H])([H])N2C([H])([H])C([H])([H,0.25,1.314,False,YEBFUH;YEBFUH01
302502075812,2,2,2,1,1,6,Cu,[H]C1C([H])C(Cl)C(C(=O)O)C(Cl)C1[H];[H]C1C([H])C(Cl)C(C(=O)O)C(Cl)C1[H];[H]C1NC(,0.25,0.6871,False,YOXPOT;YOXPOT01
454288158349,2,2,2,1,1,4,Ti,[H]C([H])([H])[Si](N[Si](C([H])([H])[H])(C([H])([H])[H])C([H])([H])[H])(C([H])([,0.25,0.314,False,ZUXDUR;ZUXFAZ
314234232719,130,130,110,2,1,4,Zn,Br;Br;Br;Br,0.24,1.4203,False,ACEHEY;ACIGOJ;AGEXAM;AWOKIH;AYOJOQ;BESQOJ
899888793455,3,3,3,3,2,6,V,O;[H]C([H])(C(=O)O)C(=O)O;[H]C([H])(C(=O)O)C(=O)O;[H]O[H],0.24,1.3909,True,AJUJEU;EXUMIV;MALOXV
64004237300,2,2,2,2,1,4,Hg,I;I;[H]C1NC([H])C([H])C([H])C1[H];[H]C1NC([H])C([H])C([H])C1[H],0.24,2.2031,False,BEJLEH;BEJLEH01
19734645235,4,4,4,2,2,4,Pt,Br;Br;[H]ON=C(C([H])([H])[H])C([H])([H])[H];[H]ON=C(C([H])([H])[H])C([H])([H])[H,0.24,8.2401,False,DAVGOY;HISJAU;HISJEY;SOHRUE
954075189944,3,3,2,2,2,4,Cd,[H]C1=C([H])c2nc1c(C1C([H])C([H])C([H])C([H])C1[H])c1[nH]c(c([H])c1[H])c(C1C([H],0.24,9.1332,False,DIPXAB;JIVROV;JIVRUB
340805990932,2,2,2,2,2,6,Mo,O;O;[H]C([H])([H])C1(C([H])([H])[H])N(O)C(C([H])([H])[H])(C([H])([H])[H])C([H])(,0.24,4.0671,True,DUNMEE;DUNMEE01
533539055519,2,2,2,2,1,6,Ru,Cl;Cl;[H]C([H])([H])S(=O)C([H])([H])[H];[H]C([H])([H])S(=O)C([H])([H])[H];[H]C1N,0.24,3.3287,False,KESNOL;KESQAA
634370559873,2,2,2,2,1,6,Ru,Cl;Cl;Cl;[H]C([H])([H])S(=O)C([H])([H])[H];[H]N([H])n1c(C([H])([H])C([H])([H])[H,0.24,1.4796,True,KESQOO;KESQUU
503964363574,2,2,2,2,1,6,Fe,N=C=[Se];N=C=[Se];[H]C1NC(N([H])C2NC(C3NC(N([H])C4NC([H])C([H])C([H])C4C([H])([H,0.24,0.26,False,KUHQEL;KUHQEL01
789271518871,2,2,2,2,2,4,Pd,Br;[H]C(C(=NC1C([H])C([H])C([H])C([H])C1[H])C([H])([H])[H])=C(O)C([H])([H])[H];[,0.24,8.5534,False,LUXJOH;LUXJUN
376935787082,2,2,2,1,1,6,Mo,O;O;[H]C([H])([H])S(=O)C([H])([H])[H];[H]C1C([H])C([H])C(C(O)=NN=C(C2C([H])C([H],0.24,0.283,False,NISJII;NISJII01
392502167575,2,2,2,2,1,5,Co,Br;[H]C1NC2C(C([H])C1[H])C([H])C([H])C([H])C2P(C([H])(C([H])([H])[H])C([H])([H]),0.24,1.4106,False,NIZDOT;TAXRET
743279970016,5,5,5,2,1,6,Fe,N=C=S;N=C=S;[H]c1c([H])c([H])n2nnc(C3NC([H])C([H])C([H])C3[H])c2c1[H];[H]c1c([H],0.24,2.23,False,OJIVUY;SOSGEN;SOSGEN01;SOSGEN02;SOSGEN03
995090093738,2,2,2,1,1,4,Fe,Cl;Cl;Cl;[H]C1([H])OC([H])([H])C([H])([H])C1([H])[H],0.24,0.2419,False,OYIKOY;VEMYOB
41226471448,2,2,2,1,1,6,Cr,C#O;C#O;C#O;C#O;C#O;[H]C1=C([H])C2([H])C([H])(C3C([H])C([H])C([H])C([H])C3[H])SC,0.24,1.7367,False,SASFAT;SASFAT10
697559241096,3,3,3,2,1,5,Cu,[H]C1NC(C(=O)NC(=O)C2NC([H])C([H])C([H])C2[H])C([H])C([H])C1[H];[H]O[H];[H]O[H],0.24,5.6147,True,SETCEZ;SETCEZ01;UZIXAD
240754911727,2,2,2,2,2,4,Pd,[H]C(=NN=C(S)N([H])[H])C1C([H])C([H])C(OC([H])([H])[H])C([H])C1[H];[H]C(=NN=C(S),0.24,6.7243,False,UWUJIG;VICPII
894191233990,2,2,2,2,1,6,Fe,N=C=S;N=C=S;[H]C1NC(N([H])C2NC(C3NC(N([H])C4NC([H])C([H])C([H])C4C([H])([H])[H]),0.24,0.3842,False,VASYUL;VASYUL01
208846254532,2,2,2,1,1,5,Ru,Cl;Cl;[H]C1([H])C([H])([H])C([H])([H])C([H])(P(C2([H])C([H])([H])C([H])([H])C([H,0.24,0.3612,True,WEJMOP;WEJMOP01
331486268858,2,2,2,2,2,6,Fe,[H]C1C([H])C(O)C(C(=NC([H])([H])C([H])([H])N=C(C2C(O)C([H])C([H])C([H])C2OC([H]),0.24,4.8759,True,XUJFOZ;XUJFOZ01
350688739021,2,2,2,1,1,6,Nb,Cl;Cl;[H]C1NC([H])C([H])C([H])C1[H];[H]C1NC([H])C([H])C([H])C1[H];[H]C1NC([H])C(,0.24,0.3612,False,ZIDQIM;ZIDQIM01
784292358476,3,3,3,3,2,6,Cu,[H]N(C([H])([H])[H])C([H])([H])C([H])([H])N([H])C([H])([H])[H];[H]N(C([H])([H])[,0.24,2.7815,True,ZZZHVW01;ZZZHVW02;ZZZHVW03
330556106217,2,2,2,1,1,6,Ru,Cl;Cl;[H]C1C([H])C([H])C(P(C2C([H])C([H])C([H])C([H])C2[H])C2C([H])C([H])C([H])C,0.23,0.2594,False,ADUZIJ;KEPVUX
466267000417,122,122,107,2,1,4,Mn,Cl;Cl;Cl;Cl,0.23,2.0512,False,AFUMOH;AFUMOH01;ALOTIH;ALOTIH01;ANEHUY;AWUJIO
642716547130,6,6,6,2,1,4,Ag,O=N(O)O;[H]C1C([H])C([H])C(P(C2C([H])C([H])C([H])C([H])C2[H])C2C([H])C([H])C([H],0.23,4.39,False,DUSZOG;DUSZOG02;DUSZOG03;JARQOL;JARQOL01;SAYZAT
796677195898,2,2,2,1,1,4,Cu,[H]C1C([H])C([H])C(P(C2C([H])C([H])C([H])C([H])C2[H])C2C([H])C([H])C([H])C([H])C,0.23,0.6801,False,EXUYOO;SONBEF
956901884587,7,7,7,2,1,6,Fe,N=C=[Se];N=C=[Se];[H]C(=Nn1c(C2NC([H])C([H])C([H])C2[H])nnc1C1NC([H])C([H])C([H],0.23,2.3803,False,FICYOJ;XACTAB01;XACTAB02;XACTAB03;XACTAB04;XACTAB05
694912467421,2,2,2,2,2,4,Pd,I;I;[H]C1=C([H])N(C([H])(C([H])([H])[H])C([H])([H])[H])CN1C([H])(C([H])([H])[H]),0.23,7.3336,False,FISVUA;FITDIX
766016619147,2,2,2,1,1,6,Rh,N#CS;N#CS;N#CS;N#CS;N#CS;N#CS,0.23,1.3399,False,FIZWIY;YURKIF
794852280674,3,3,3,1,1,6,Fe,N=C=[Se];N=C=[Se];[H]C1NNC(c2nnc(C3NC([H])C([H])C([H])C3[H])n2C2C([H])C([H])C(C(,0.23,0.72,False,FOLXOW;FOLYEN;FOLYEN01
694384894907,2,2,2,2,2,4,Pd,[H]C(C(=O)C(F)(F)F)=C(O)C(F)(F)F;[H]C(C(O)C(F)(F)F)C(O)C(F)(F)F;[H]C1C([H])C([H],0.23,5.0752,False,FOYPUG;TFAPDA11
134243537352,2,2,2,1,1,4,Hg,N=N=N;N=N=N;N=N=N;N=N=N,0.23,0.378,False,FOZKIQ;FOZKOW
521023794239,2,2,2,2,2,4,Ag,[H]c1c(C([H])([H])[H])nn(C([H])(C2C([H])C([H])C(I)C([H])C2[H])n2nc(C([H])([H])[H,0.23,6.4541,True,IHOKUO;IHOMAW
992842575075,2,2,2,1,1,6,Ru,[H]C1NC(C2NC(C3NC([H])C([H])C([H])C3[H])C([H])C([H])C2[H])C([H])C([H])C1[H];[H]O,0.23,1.2612,False,ILEXAA;VIYDAK
86251047150,2,2,2,2,1,6,Fe,N=C=S;N=C=S;[H]C1NC2C(C([H])C1[H])C([H])C([H])C([H])C2N([H])C([H])([H])C([H])([H,0.23,2.3811,False,JEJREY;JEJREY01
576334363971,2,2,2,2,2,4,Pd,Br;[H]C(C(=NC([H])([H])[H])C([H])([H])[H])=C(O)C([H])([H])[H];[H]C1C([H])C([H])C,0.23,8.4331,False,JERYEO;JERYIS
41687471584,2,2,2,2,2,6,W,F;F;F;F;F;[H]C([H])(NC([H])([H])C(F)(F)F)C(F)(F)F,0.23,1.4484,True,JONNIJ;JONNIJ01
508716064228,2,2,2,1,1,4,Ni,Cl;[H]c1c([H])n(C(C([H])([H])[H])(C([H])([H])[H])C([H])([H])[H])c(=S)n1B(n1c([H],0.23,1.4681,False,LEVHEA;WIWFEO
1227577214,2,2,2,2,1,6,Cu,[H]C1NC([H])C(C2NNNN2)NC1[H];[H]C1NC([H])C(C2NNNN2)NC1[H];[H]O[H];[H]O[H],0.23,1.0847,False,MIBXEB;YIDTEL03
415338400940,25,25,25,4,2,6,Fe,[H]C1NC(C2NC([H])C([H])C([H])C2[H])C([H])C([H])C1[H];[H]C1NN(B([H])([H])N2NC([H],0.23,4.49,True,NEFTEX;NEFTEX01;NEFTEX02;NEFTEX03;NEFTEX04;NEFTEX05
549327329295,2,2,2,1,1,4,Fe,N=O;N=O;[H]C1C([H])C(C([H])(C([H])([H])[H])C([H])([H])[H])C(NC(C([H])C(NC2C(C([H,0.23,1.1924,False,NUDLII;NUDLOO
760646296018,2,2,2,2,1,6,Mn,Br;C#O;C#O;C#O;[H]C1C([H])C([H])C(P(C2C([H])C([H])C([H])C([H])C2[H])C2C([H])C([H,0.23,5.345,False,OJAGIS;WEDLEA
945615397837,3,3,3,2,2,4,Ru,[H]C1=NN(B([H])(N2N=C([H])C([H])=C2[H])N2N=C([H])C([H])=C2[H])C([H])=C1[H];[H]C1,0.23,5.4544,True,OMOBIC;OMOBOI;OMOBUO
930237938405,2,2,2,1,1,4,Ni,I;[H]C1=C([H])N(B([H])(N2N=C(C3C([H])C([H])C([H])C([H])C3[H])C([H])=C2[H])N2N=C(,0.23,1.1728,False,RACJAJ;RACJAJ01
945652379567,2,2,2,1,1,4,Cd,I;I;[H]c1nc(C([H])([H])[H])n(C([H])([H])N2N=NC3C([H])C([H])C([H])C([H])C32)c1[H],0.23,0.2319,False,TESNAI;TESNAI01
238467896213,2,2,2,1,1,4,Co,C#O;C#O;[H]C1C([H])C(C2C(C([H])([H])[H])C([H])C(C([H])([H])[H])C([H])C2C([H])([H,0.23,0.4789,False,UTOLIA;UTOLOG
272691810354,2,2,2,2,1,4,Ag,[H]C([H])([H])C([H])([H])OC(S)S;[H]C1C([H])C([H])C(P(C2C([H])C([H])C([H])C([H])C,0.23,4.2163,False,VAFTIF;VAFTIF01
208664737795,2,2,2,2,1,6,Ru,Cl;Cl;[H]C([H])([H])S(=O)C([H])([H])[H];[H]C([H])([H])S(=O)C([H])([H])[H];[H]c1n,0.23,0.8613,True,WIXYAF;WIXYEJ
459568132357,2,2,2,2,1,6,Os,C#O;C#O;C#O;C#O;Cl;Cl,0.23,0.4022,False,YEDCEQ;YEFYOY
506937573460,257,257,79,2,2,4,Ni,N#CC(S)=C(S)C#N;N#CC(S)=C(S)C#N,0.22,9.1724,False,ACATOO;ACATUU;ACAVAC;AFUXIK;AGETIQ;AGUZOR
207654825891,3,3,3,1,1,4,Zn,Cl;Cl;[H]C1([H])N2C([H])([H])C3([H])C([H])([H])C([H])(C([H])([H])N4C([H])([H])C(,0.22,0.6957,False,AMIQOC;AMIQOC01;WUNNUO
242394487529,2,2,2,1,1,4,Cu,[H]N([H])C(C([H])([H])[H])(C([H])([H])[H])C([H])([H])O;[H]N([H])C(C([H])([H])[H],0.22,0.2907,False,AMPRCU;PAYZUO
859419073398,5,5,5,3,1,4,Ag,[H]c1c(C2NC([H])C([H])C([H])C2[H])nn(C([H])([H])C2NC3C([H])C([H])C([H])C([H])C3N,0.22,7.6432,False,ASULAE;ASULOS;ASULUY;ASUMAF;ASUMEJ
526862549345,2,2,2,2,1,6,Ru,[H]c1c(C2NC([H])C([H])C([H])C2[H])nnn1C([H])([H])C1C([H])C([H])C([H])C([H])C1[H],0.22,0.8877,True,EXIHEA;UWOBOZ
635931022724,6,6,6,4,2,5,Pd,Br;Br;[H]C1([H])SC([H])([H])C([H])([H])SC([H])([H])C([H])([H])SC1([H])[H],0.22,5.8712,False,FAPBIH07;FAPBIH08;FAPBIH09;FAPBIH10;FAPBIH11;FAPBIH12
826516660918,3,3,3,2,1,4,Cu,Br;Br;[H]C1NC(N([H])[H])C([H])C([H])C1Br;[H]C1NC(N([H])[H])C([H])C([H])C1Br,0.22,0.2236,False,FIDSOD;FIDSOD02;TIHLUU
131368315524,2,2,2,2,1,6,Mo,[H]C1NC(N=NC2C([H])C([H])C([H])C([H])C2Cl)C([H])C([H])C1[H];[H]C1NC(N=NC2C([H])C,0.22,0.6579,False,IBIQAN;IBIQER
679367866412,2,2,2,1,1,4,Cu,[H]C1C(C2=NC3C([H])C([H])C([H])C([H])C3O2)NC2C([H])C([H])C([H])C([H])C2C1[H];[H],0.22,0.228,False,IGOPIF;IGOPIF02
81174545509,2,2,2,2,1,6,Fe,[H]B([H])([H])C#N;[H]B([H])([H])C#N;[H]C1NC(C([H])([H])N([H])C([H])([H])C([H])([,0.22,0.2843,False,MIFSAY;MIFSEC
763192273613,2,2,2,1,1,5,Fe,Cl;Cl;[H]C1NC(C2NC(C([H])([H])P(C(C([H])([H])[H])(C([H])([H])[H])C([H])([H])[H]),0.22,0.3406,False,MINWAJ;XEZYOS
686004854742,2,2,2,1,1,4,Cu,[H]C1C([H])C([H])C(P(C2C([H])C([H])C([H])C([H])C2[H])C([H])([H])C([H])([H])C([H],0.22,3.0579,False,NETFEZ;XECLAU
86062307339,2,2,2,1,1,6,Ni,[H]c1nc(C([H])([H])N=C(C(=O)O)C([H])([H])[H])n(C([H])([H])[H])c1[H];[H]c1nc(C([H,0.22,1.734,False,PADKIR;QOHBAU
446701054509,2,2,2,2,1,6,Mn,[H]C1C([H])C(F)C([H])C(C(=NC([H])([H])C([H])([H])C([H])([H])N([H])C([H])([H])C([,0.22,0.246,False,QADFAF;QADFEJ
452580605091,2,2,2,2,1,4,Ru,N#N;[H]C1C([H])C([H])C(P(C([H])(C([H])([H])[H])C([H])([H])[H])C([H])(C([H])([H]),0.22,0.2417,False,TUVQAD;TUVQOR
690277091338,2,2,2,1,1,4,Fe,N=O;N=O;[H]C1C([H])C([H])C2SC(=O)NC2C1[H];[H]C1C([H])C([H])C2SC(=O)NC2C1[H],0.22,1.4765,False,UKEZAM;UKEZEQ
895911911503,2,2,2,2,1,6,Re,Cl;Cl;[H]C1C([H])C([H])C(P(C2C([H])C([H])C([H])C([H])C2[H])C2C([H])C([H])C([H])C,0.22,1.5358,True,ZEWDUA;ZEWDUA01
27589691184,22,22,22,5,2,4,Cu,[H]C1C([H])C2C([H])C([H])C(C([H])([H])[H])NC2C2NC(C([H])([H])[H])C([H])C([H])C12,0.21,7.2308,True,ABAFAN;DAWKOB;DIJBEE;DMPNCU02;DMPNCU03;GECZUN
866696152362,2,2,2,1,1,4,Co,[H]C([H])([H])C([H])(P(C([H])([H])C([H])([H])N(C([H])([H])C([H])([H])P(C([H])(C(,0.21,1.8023,False,AFIVOB;MUCMAZ
176958953773,24,24,24,2,1,4,Hg,Br;Br;Br;Br,0.21,1.6701,False,AGEWUF;AGEWUF01;AQEFAF;AVISEE;DENLAK;DUKTAF
734744813870,2,2,2,1,1,6,Mn,[H]OC(=O)C([H])=C([H])C(=O)O;[H]OC(=O)C([H])=C([H])C(=O)O;[H]O[H];[H]O[H];[H]O[H,0.21,0.8853,False,AHMALM;AHMALM02
944572597225,2,2,2,2,1,6,Cu,O=[N+]([O-])O;O=[N+]([O-])O;[H]C1=NC(C2=N(O)C(C([H])([H])[H])(C([H])([H])[H])C(C,0.21,0.4168,False,AKAWOY;OMAHUF
284259558430,14,14,14,5,2,4,Pt,[H]N([H])C(=S)N([H])[H];[H]N([H])C(=S)N([H])[H];[H]N([H])C(=S)N([H])[H];[H]N([H],0.21,9.721,False,AMEGEG;DIBQEL;DIBQIP;DIBRAI;NEGRAT;NEGREX
940408681979,2,2,2,2,1,6,V,O;[H]C(C(O)C([H])([H])[H])C(O)C([H])([H])[H];[H]C(C(O)C([H])([H])[H])C(O)C([H])(,0.21,0.3189,False,ATORIM;ATORIM01
79992984680,2,2,2,2,1,4,Mn,[H]C(=NC([H])(C1C([H])C([H])C(Br)C([H])C1[H])C([H])([H])[H])C1C([H])C([H])C([H]),0.21,0.4518,True,AVOZUJ;AVUBAX
928116593817,7,7,6,1,1,4,Pt,[H]ON=C1C(=NO)C([H])=C([H])C([H])=C1[H];[H]ON=C1C(=NO)C([H])=C([H])C([H])=C1[H],0.21,0.2766,False,BQDXPT01;BQDXPT02;BQDXPT04;BQDXPT06;BQDXPT07;BQDXPT08
98828862044,2,2,2,2,2,6,Pt,I;[H]C([H])[H];[H]C([H])[H];[H]C1NC2C(NC3C([H])C([H])C([H])C4C([H])C([H])C([H])N,0.21,7.1731,True,DEJJIM;DEMMAK
994862863603,2,2,2,2,1,6,Pt,Cl;Cl;Cl;Cl;[H]C1NC(C2NC([H])C([H])C([H])C2[H])C([H])C([H])C1[H],0.21,2.5287,True,DEPBEF;DEPBEF01
177726930992,2,2,2,1,1,6,Cu,[H]c1nnnn1C([H])([H])[N+](=O)[O-];[H]c1nnnn1C([H])([H])[N+](=O)[O-];[H]c1nnnn1C(,0.21,0.5515,False,FEQBUC;FEQCAJ
258438600937,3,3,3,2,1,4,Zn,Br;Br;[H]C1([H])N2C([H])([H])C3([H])C([H])([H])C([H])(C([H])([H])N4C([H])([H])C(,0.21,0.75,False,FEXDOC;XORWEG;XORWEG01
522892619705,2,2,2,2,1,5,Cu,Cl;Cl;[H]C1NC(C([H])([H])N(C([H])([H])C2NC([H])C([H])C([H])C2[H])C2([H])C([H])([,0.21,0.4429,True,FOKXAG;MUYFET
500385294561,4,4,4,2,1,5,Cu,[H]O[H];[H]O[H];[H]O[H];[H]c1c(O)n([H])c(=O)n([H])c1=O;[H]c1c(O)n([H])c(=O)n([H],0.21,0.2121,True,GUYRUN;GUYRUN02;GUYRUN03;GUYRUN04
409099915988,2,2,2,1,1,6,Tc,C#O;C#O;C#O;N=C=S;[H]C1C([H])C([H])C(P(C2C([H])C([H])C([H])C([H])C2[H])C2C([H])C,0.21,0.2766,False,HAQKOD;HAQKOD01
157364903856,2,2,2,1,1,4,Au,C#N;C#N;Cl;Cl,0.21,0.3342,False,HIFTAT01;YETNUK
765454097548,3,3,3,2,1,4,Ag,ONO;[H]C1C([H])C([H])C(P(C2C([H])C([H])C([H])C([H])C2[H])C2C([H])C([H])C([H])C([,0.21,5.1314,False,HIPVEH01;HIPVEH02;NOZMUK
337273347116,3,3,3,2,1,6,Fe,N=C=S;N=C=S;N=C=S;[H]C1NC(C(C2NC([H])C([H])C([H])C2[H])(C2NC([H])C([H])C([H])C2[,0.21,4.5028,True,IHEKEN;UXOHEW04;UXOHEW05
115522691334,2,2,2,2,1,6,Fe,[H]C1=NN(B(C2NC(B(C3C([H])C([H])C(C([H])([H])[H])C([H])C3[H])(N3N=C([H])C([H])=C,0.21,3.2268,False,IKEHEO;IKEHOY
972947904650,2,2,2,1,1,5,W,O;[H]C1C([H])C([H])C(C(S)=C(S)C2C([H])C([H])C([H])C([H])C2[H])C([H])C1[H];[H]C1C,0.21,0.21,True,JUVNUN;JUVPAV
963435402968,8,8,7,3,2,4,Pt,[H]C1([H])N=C(C2=NC([H])([H])C([H])([H])C([H])([H])S2)SC([H])([H])C1([H])[H];[H],0.21,10.2014,False,KEKZAB;KEKZAB01;KEKZAB02;KEKZAB03;KEKZAB04;KEKZAB05
885344999381,3,3,3,3,1,6,Fe,N=C=[Se];N=C=[Se];[H]C1NC(C([H])([H])SC([H])([H])C([H])([H])SC([H])([H])C2NC([H],0.21,0.255,False,NELXAF03;NELXAF04;NELXAF05
188484691948,2,2,2,2,1,4,Cu,[H]C1C(N=C2N(C([H])([H])[H])C([H])([H])C([H])([H])N2C([H])([H])[H])C(N=C2N(C([H],0.21,2.4988,True,NOMRIU;PINTIT
431930495557,2,2,2,1,1,4,Zn,Cl;Cl;[H]C1NC([H])C(C(=O)N([H])[H])C([H])C1[H];[H]C1NC([H])C(C(=O)N([H])[H])C([H,0.21,0.5515,False,OBUGAX;WUKZAD01
813825160534,2,2,2,1,1,4,Fe,[H]C1C([H])C([H])C(NS(=O)(=O)C([H])([H])[H])C(NS(=O)(=O)C([H])([H])[H])C1[H];[H],0.21,0.297,True,ONANID;ONAPOL
286272731587,2,2,2,2,1,6,Ni,[H]C1C(C(=O)O)C([H])C([N+](=O)[O-])C([H])C1C(=O)O;[H]C1NC(C2NC([H])C([H])C([H])C,0.21,6.0636,False,POMLOT;POMLOT01
138991794730,11,11,11,2,1,6,Fe,N=C=[Se];N=C=[Se];[H]C1NC(c2nnc(C3NC([H])C([H])C([H])C3[H])n2N([H])[H])C([H])C([,0.21,2.255,False,QAHVOK;QAHVOK01;QAHVOK02;QAHVOK03;QAHVOK04;QAHVOK05
511134865418,3,3,3,1,1,4,Fe,[H]C([H])([H])P(C([H])([H])[H])C([H])([H])[H];[H]C1C([H])C([H])C(B(C([H])([H])P(,0.21,0.2326,False,QAJNOF;QAJNUL;QAJPIB
196019656508,3,3,3,2,2,5,Co,Cl;Cl;[H]C1C(C2=NC3C([H])C([H])C([H])C([H])C3N2[H])NC(C2=NC3C([H])C([H])C([H])C(,0.21,5.23,False,RAWROZ;WAKJID;WAKJID01
252981471460,2,2,2,2,1,6,Fe,N=C=S;N=C=S;[H]C1NC(N([H])C2NC(C3NC(N([H])C4NC([H])C([H])C5C([H])C([H])C([H])C([,0.21,1.7725,False,VASZEW;VASZEW01
289480436004,3,3,3,1,1,4,Ag,[H]C1NC(C(=O)N([H])[H])C([H])C([H])C1[H];[H]C1NC(C(=O)N([H])[H])C([H])C([H])C1[H,0.2,0.2691,False,AMANOS;AMANOS01;AWACUY
184280588784,3,3,2,2,1,2,Fe,[H]C1C([H])C(C([H])(C([H])([H])[H])C([H])([H])[H])C(N[Si](C([H])([H])[H])(C([H]),0.2,0.6801,False,APISOK;FEGVOE;FEGVOE01
453732019685,2,2,2,2,1,6,Fe,[H]C1([H])N=C2C3=NC([H])([H])C([H])([H])N3C([H])([H])C([H])([H])N2C1([H])[H];[H],0.2,0.5292,False,CATWIG;DUBSUR
336497003571,2,2,2,1,1,5,Cr,CO;CO;CO;CO;CO,0.2,0.2088,True,CRTPBI;CRTPSB
70535358879,2,2,2,2,1,6,Mo,O;O;O;[H]C([H])([H])N1C([H])([H])C([H])([H])N(C([H])([H])[H])C([H])([H])C([H])([,0.2,4.8142,True,DIZBIB;MUJGUW
866896150180,2,2,2,1,1,4,Ni,Cl;[H]C1NC(C2CC(C3NC([H])C([H])C([H])C3[H])C([H])C([H])C2[H])C([H])C([H])C1[H],0.2,0.7762,False,DURWUL;YUHQAW
957511568363,3,3,3,1,1,4,Ag,[H]C1NC(C2NC([H])C([H])C(C([H])([H])[H])C2[H])C([H])C(C([H])([H])[H])C1[H];[H]C1,0.2,0.6325,False,EPEZEH;JOJMUR;JOJNEC01
985132747229,2,2,2,2,1,6,Mn,Cl;Cl;[H]C1NC(C2NC([H])C(C([H])([H])[H])C([H])C2[H])C([H])C([H])C1C([H])([H])[H],0.2,0.2759,True,ETUCIG;HOPNEJ
852463721001,3,3,3,2,1,4,Zn,[H]N([H])C(=S)N([H])[H];[H]N([H])C(=S)N([H])[H];[H]N([H])C(=S)N([H])[H];[H]N([H],0.2,3.1403,False,EXEKID;TURZNN;XESQIX
136728220839,3,3,3,2,2,4,Cu,O=c1c(S)c(S)c1=O;O=c1c(S)c(S)c1=O,0.2,8.8018,False,EXOWOF;PARQAD;PARQEH
496340934945,2,2,2,2,1,4,Zn,[H]C([H])[H];[H]C1NC(SC(SC2NC([H])C([H])C([H])C2[H])SC2NC([H])C([H])C([H])C2[H]),0.2,0.2441,False,GAMLIR;GAMLOX
609538649129,2,2,2,1,1,6,Fe,[H]C1C(C2=NC([H])([H])C([H])([H])O2)NC(C2=NC([H])([H])C([H])([H])O2)C([H])C1[H];,0.2,1.1476,False,IZAFEW03;IZAFOG01
352225350603,3,3,3,2,1,4,Cu,[H]N=C(N([H])[H])N([H])N([H])[H];[H]N=C(N([H])[H])N([H])N([H])[H],0.2,11.4218,True,JEBTUI;KESLIG;RUNCOV
408916197548,4,4,4,2,1,4,Co,[H]C1C([H])C([H])C(C2=NC3C([H])C([H])C([H])C([H])C3N2[H])C(O)C1[H];[H]C1C([H])C(,0.2,1.0752,True,KATHAP;KATHAP01;KATHAP02;RODWEN
762737295292,2,2,2,1,1,6,Cu,[H]C(C(O)C(F)(F)F)C(O)C(F)(F)F;[H]C(C(O)C(F)(F)F)C(O)C(F)(F)F;[H]C1=C([H])SC(=C2,0.2,0.4031,False,LIMTAE;LIMTIM
238663982847,2,2,2,2,1,6,Fe,Br;[H]C1NC(C([H])([H])N(C([H])([H])C2NC([H])C([H])C([H])C2[H])C([H])([H])C([H])(,0.2,0.7956,True,LINRIK;UDUMEL
544264302103,2,2,2,2,1,4,Cu,[H]C1NC2C3NC([H])C(C([H])([H])[H])C(C([H])([H])[H])C3C([H])C([H])C2C(C([H])([H]),0.2,1.4043,False,LURTEB;XADZOR
90323310997,2,2,2,2,1,6,Mn,[H]C([H])(C(=O)O)C(=O)O;[H]C1NC(C2NC([H])C([H])C([H])C2[H])C([H])C([H])C1[H];[H],0.2,0.201,False,MACFUS;MACFUS01
599738320637,2,2,2,2,1,4,Pd,Cl;Cl;[H]C(=NC([H])([H])C([H])([H])C1NC([H])C([H])C([H])C1[H])c1sc(C([H])([H])[H,0.2,0.7666,False,MARGAQ;NEPNED
385628316758,2,2,2,2,2,6,Ti,[H]C([H])([H])C([H])(O)C([H])([H])[H];[H]C([H])([H])C([H])(O)C([H])([H])[H];[H]C,0.2,5.3338,True,MECKAH;MECKAH01
643066113961,2,2,2,2,1,4,Pd,[H]C([H])([H])C(P(C([H])([H])C1([H])C([H])([H])C([H])([H])C([H])([H])C([H])([H]),0.2,0.201,False,NOWVUS;NOWWAZ
204679487184,2,2,2,1,1,4,Ni,Br;[H]C1=C(C2C([H])C([H])C([H])C([H])C2[H])N(B([H])(N2N=C(C3C([H])C([H])C([H])C(,0.2,0.2828,False,POWKES;POWKES01
536416163606,3,3,3,1,1,4,Cu,[H]C1([H])N(C(S)S)C([H])([H])C([H])([H])C1([H])[H];[H]C1([H])N(C(S)S)C([H])([H]),0.2,7.4111,False,PYRCTC;PYRCTC01;PYRCTC05
911234218168,2,2,2,2,1,6,Cu,[H]C1C([H])C([H])C(C(=O)O)C(I)C1[H];[H]C1C([H])C([H])C(C(=O)O)C(I)C1[H];[H]C1NC(,0.2,1.3054,False,QEBTAU;QEBTAU01
558917643025,2,2,2,2,1,6,Ru,Cl;[H]C1C([H])C([H])C(P(C2C([H])C([H])C([H])C([H])C2[H])C2C([H])C([H])C([H])C([H,0.2,0.2625,True,REKVUB;REKVUB01
224357707311,2,2,2,1,1,6,Cr,[H]C(C(O)C([H])([H])[H])C(O)C([H])([H])[H];[H]C(C(O)C([H])([H])[H])C(O)C([H])([H,0.2,0.201,True,UMEVOX;UMEVOX02
625784231112,2,2,2,2,1,5,Cu,[H]C([H])([H])N(C#N)C([H])([H])[H];[H]C1C([H])C([H])C2C(C(=O)NS2(=O)=O)C1[H];[H],0.2,0.2062,True,VEGVAI;VEGVEM
241409014587,9,9,9,1,1,4,Zn,Cl;Cl;[H]C([H])=C([H])C1C([H])C([H])NC([H])C1[H];[H]C([H])=C([H])C1C([H])C([H])N,0.2,0.3239,False,VINPZN;VINPZN02;VINPZN03;VINPZN04;VINPZN05;VINPZN06
707134349109,9,9,9,1,1,6,Cu,[H]C1C([H])C([H])C([PH](O)(C2C([H])C([H])C([H])C([H])C2[H])C([H])([PH](O)(C2C([H,0.2,0.4206,False,VUDRER01;VUDRER02;VUDRER03;VUDRER04;VUDRER05;VUDRER06
294303342763,2,2,2,1,1,6,Fe,Cl;Cl;[H]c1nc(C([H])([H])N(C([H])([H])c2nc([H])c([H])n2C([H])([H])[H])C([H])([H],0.2,2.1991,False,WIXPOI;WIXPOI01
989874720085,2,2,2,2,2,4,Ni,Cl;[H]C([H])([H])C([H])([H])P(C([H])([H])C([H])([H])[H])C([H])([H])C([H])([H])[H,0.19,8.4021,False,ABEPAA;ABEPEE
767141514370,6,6,6,1,1,4,Pt,[H]c1c([H])n(C([H])([H])[H])c(=S)n1[H];[H]c1c([H])n(C([H])([H])[H])c(=S)n1[H];[H,0.19,0.2484,False,AFOZUR;AFUBAF;AFUBIN;AFUBOT;ASECUW;BIFZOF
337509023158,2,2,2,2,1,6,Cu,[H]C1C([H])C([H])C([N+](=O)[O-])C(C(=O)O)C1[H];[H]C1C([H])C([H])C([N+](=O)[O-])C,0.19,0.9198,False,BIRLIB;BIRLOH
892506050785,4,4,4,3,1,4,Cu,[H]OC([H])([H])C(N([H])[H])(C([H])([H])O)C([H])([H])O[H];[H]OC([H])([H])C(N([H]),0.19,10.8104,True,BITCAI10;GAZWEJ01;PIVGUW;WAZHEK
472397822902,2,2,2,2,1,6,Rh,OO;[H]C1=C([H])N(C([H])([H])C([H])([H])P(C2C([H])C([H])C([H])C([H])C2[H])C2C([H],0.19,0.4793,False,CITYAI;CITZEN
543347562875,2,2,2,2,2,6,Zn,[H]O[H];[H]O[H];[H]O[H];[H]O[H];[H]c1c(C(=O)O)nn([H])c1C(=O)O,0.19,9.4619,False,FEQTUS;QERMIK
626085248279,2,2,2,1,1,6,Zn,[H]OC1C([H])C([H])C(N=C([H])C2NC(C([H])=NC3C([H])C([H])C(O[H])C([H])C3[H])C([H]),0.19,0.2421,False,FOZKOV;FOZKOV01
891243281544,2,2,2,1,1,4,Zn,[H]c1nc(C([H])([H])C([H])(C(=O)O)N([H])[H])c([H])n1[H];[H]c1nc(C([H])([H])C([H]),0.19,0.5162,False,HISZNP01;MUYFEU
475946070971,2,2,2,1,1,6,Fe,Cl;Cl;[H]c1nn([H])c(C([H])([H])[H])c1[H];[H]c1nn([H])c(C([H])([H])[H])c1[H];[H]c,0.19,0.2025,False,HUJKUS;QEFFAK
919596252244,2,2,2,1,1,4,Zn,Cl;Cl;[H]C1NC(C2NC3C([H])C([H])C(Cl)C([H])C3C(C3C([H])C([H])C([H])C([H])C3[H])N2,0.19,0.4519,False,IRENIE;IRENOK
598394623548,2,2,2,2,1,6,Ru,C#O;C#O;Cl;Cl;[H]C1NC(C2NC([H])C([H])C(C([H])([H])[H])C2[H])C([H])C(C([H])([H])[,0.19,0.8515,True,JONQOS;SEZQUJ
496648349594,2,2,2,2,1,6,Fe,[H]C(=NC([H])([H])C([H])([H])N([H])C([H])([H])C([H])([H])[H])C1C([H])C(C([H])([H,0.19,1.2446,False,JUKPOX;JUKPOX01
462477167251,12,12,12,2,1,6,Fe,N=C=S;N=C=S;[H]C1NC(c2nnc(C3NC([H])C([H])C([H])C3[H])n2N([H])[H])C([H])C([H])C1[,0.19,2.0606,False,KACCEZ;QAHVIE12;QAHVIE13;QAHVIE14;QAHVIE19;QAHVIE20
764451819467,2,2,2,1,1,5,Cu,O=[N+]([O-])O;[H]C1C([H])C([H])C(C(O)C([H])C(O)C([H])([H])[H])C([H])C1[H];[H]C1N,0.19,0.4885,False,KAQVIK;SENSOX
671116071749,2,2,2,2,1,6,W,Cl;Cl;Cl;[H]C1C([H])C([H])C(P(C([H])([H])[H])C([H])([H])[H])C([H])C1[H];[H]C1C([,0.19,2.7366,True,KIVTAK;KIVTAK01
217765509850,2,2,2,1,1,4,Ag,[H]C1C([H])C([H])C(C([H])([H])[H])C(P(C2C([H])C([H])C([H])C([H])C2C([H])([H])[H],0.19,0.5162,False,LEYCUO;LEZFEC
862964282320,2,2,2,2,2,4,Rh,C#O;FC1C(F)C(F)C(S)C(F)C1F;[H]C1C([H])C([H])C(P(C2C([H])C([H])C([H])C([H])C2[H]),0.19,7.5724,False,PUFLIL;PUFLIL01
296007016384,2,2,2,1,1,6,Fe,[H]B([H])([H])C#N;[H]B([H])([H])C#N;[H]C1NC(C([H])([H])N(C([H])([H])C2NC([H])C([,0.19,0.1965,False,PUFVUL;PUFVUL01
88703911576,2,2,2,1,1,4,Zn,I;I;[H]c1nc([H])n(C([H])([H])[H])c1[H];[H]c1nc([H])n(C([H])([H])[H])c1[H],0.19,0.4249,False,YADQUS;YADQUS01
310689389939,3,3,3,1,1,4,Zn,Cl;Cl;[H]C1NNC([H])C([H])C1[H];[H]C1NNC([H])C([H])C1[H],0.19,0.5819,False,YAFYOU;YAFYOU01;YAFYOU02
831423425489,2,2,2,1,1,6,Zn,[H]C1C(C2=NC([H])(C3C([H])C([H])C([H])C([H])C3[H])C([H])([H])O2)NC(C2=NC([H])(C3,0.18,0.2843,False,AQUKUS;TIBYUB
581053927755,2,2,2,1,1,6,Fe,N=C=[Se];N=C=[Se];[H]c1c([H])c([H])n2nnc(C3NC([H])C([H])C([H])C3[H])c2c1[H];[H]c,0.18,0.5033,False,BEXXOT;BEXXOT01
427882651296,6,6,6,1,1,4,Fe,Cl;Cl;Cl;N=O,0.18,0.7376,False,BUFROJ01;MIWBEC;MIWBUS;MIWCAZ;MIWCIH;MIWCUT
901727918365,3,3,3,3,2,4,Pt,O=C(O)O;[H]C1C([H])C([H])C(P(C2C([H])C([H])C([H])C([H])C2[H])C2C([H])C([H])C([H],0.18,8.9401,False,CAYWIJ;CISQOK;GAKRER
564707848607,2,2,2,2,2,4,Pd,Cl;[H]C1NC(NNC([H])C2NC([H])C([H])C([H])C2[H])C([H])C([H])C1[H],0.18,7.7121,False,DEBFOF;DEBFOF01
97178967942,2,2,2,2,1,4,Cu,[H]C1C([H])C([H])C(P(C2C([H])C([H])C([H])C([H])C2[H])C2C([H])C([H])C([H])C([H])C,0.18,3.4847,True,ELUQEI;FEWJUO
772979695875,2,2,2,1,1,4,Ni,[H]C1C([H])C([H])C(C([H])(N=C(C2C([H])C([H])C([H])C([H])C2O)C([H])([H])[H])C([H],0.18,0.9374,False,GELSAS;IZEXUI
320824145683,3,3,3,3,2,4,Hg,S=c1sc(S)c(S)s1;S=c1sc(S)c(S)s1,0.18,1.3124,True,HUZWIK;MENGIW;NEHPIA
17426516693,2,2,2,1,1,5,Cu,N=C=O;[H]C1NC(C2NC(C3NC([H])C([H])C([H])C3[H])C([H])C([H])C2[H])C([H])C([H])C1[H,0.18,0.1803,False,JEHSIY;JEHSOE
452481467152,7,7,7,2,1,4,Cu,[H]C1C([H])C([H])C(P(C2C([H])C([H])C([H])C([H])C2[H])C2C([H])C([H])C([H])C([H])C,0.18,1.1222,False,MEWXOE;MEWXOE01;MEWXOE02;MEWXOE03;MEWXOE04;MEWXOE05
898498869292,2,2,2,1,1,6,Co,[H]C1NC(C2NC(C3NC([H])C([H])C([H])C3[H])C([H])C(OC([H])([H])C([H])([H])C([H])([H,0.18,0.1897,False,MOMTUE;MOMTUE01
992061980492,2,2,2,2,2,4,Pd,[H]C1C([H])C([H])C(C(O)NC(S)N(C([H])([H])[H])C([H])([H])[H])C([H])C1[H];[H]C1C([,0.18,9.0618,False,NIHWAF;SASSAH01
99119047933,2,2,2,2,1,4,Pd,[H]C1CC(C([H])(N(C([H])([H])[H])C([H])([H])[H])C([H])([H])[H])C2C([H])C([H])C([H,0.18,0.4115,False,PEJGUG;YIMXIB
491918649290,2,2,2,2,1,6,Fe,N=C=[Se];N=C=[Se];[H]C1NC(C([H])([H])N(C([H])([H])[H])C([H])([H])C([H])([H])N(C(,0.18,1.63,False,QUHWAT;QUHWAT02
889547364538,2,2,2,2,2,4,Pt,FC(F)(F)[SeH];FC(F)(F)[SeH];[H]C1C([H])C([H])C(P(C2C([H])C([H])C([H])C([H])C2[H],0.18,7.3322,False,REMTUZ;REMVAH
110513620796,2,2,2,1,1,6,Zn,[H]N([H])C(=S)N([H])N([H])[H];[H]N([H])C(=S)N([H])N([H])[H];[H]O[H];[H]O[H],0.18,1.1838,False,RUZPIL;YAYYUT
791189929378,2,2,2,2,1,5,Co,[H]N([H])C([H])([H])C([H])([H])N(C([H])([H])C([H])([H])N=C(C([H])([H])[H])C(S)(C,0.18,0.197,False,SIXMIW;YECSUW
113882623174,5,5,5,3,2,5,Pd,[H]C1([H])SC([H])([H])C([H])([H])SC([H])([H])C([H])([H])SC1([H])[H];[H]C1C([H])C,0.18,5.0402,False,TAWTAM;TAWTAM02;TAWTAM03;TAWTAM04;TAWTAM05
216779442595,2,2,2,2,1,5,Co,Cl;[H]C([H])([H])N1C([H])([H])C([H])([H])N(C([H])([H])[H])C([H])([H])C([H])([H]),0.18,5.7728,True,WANHOM;XEDBAM
404237898985,2,2,2,2,1,6,Ti,[H]C(=NC1([H])C2C([H])C([H])C([H])C([H])C2C([H])([H])C1([H])O)c1[nH]c([H])c([H]),0.18,1.6399,True,WINBAY;WISKUG
809989555573,2,2,2,1,1,4,Re,O;O;O;[H]O,0.18,1.3223,False,WUKYUW;XUDMIS03
247965839165,2,2,2,2,1,6,Fe,N#CNC#N;N#CNC#N;[H]C(=Nn1c(C2NC([H])C([H])C([H])C2[H])nnc1C1NC([H])C([H])C([H])C,0.18,1.5008,False,XACWIM;XACWIM01
118818645412,2,2,2,2,1,5,Ni,S=CS;[H]C([H])([H])P(C([H])([H])[H])C([H])([H])[H];[H]C([H])([H])P(C([H])([H])[H,0.18,1.0062,True,XEKBAS;XEKBAS01
677368055425,2,2,2,2,1,5,Fe,[H]C1C([H])C([H])C(c2c3nc(c(C4C([H])C([H])C([H])C([H])C4[H])c4[nH]c(c(C5C([H])C(,0.17,0.1879,True,ACOTIV;ACOTIV01
679027767015,2,2,2,2,1,5,Ni,Cl;Cl;[H]C(=NC1C([H])C(OC([H])([H])[H])C(OC([H])([H])[H])C(OC([H])([H])[H])C1[H],0.17,0.2081,False,AHUQAV;AHUQEZ
43917080419,2,2,2,1,1,4,Pt,Br;Br;[H]C1NC(C2NC([H])C([H])C([H])C2[H])C(C2NC([H])C([H])C([H])C2[H])NC1[H],0.17,1.2417,False,AYITIM;AYOHAY
584949414794,2,2,2,2,1,4,Ni,[H]C1C([H])C([H])C(P(C([H])([H])C([H])([H])S)C([H])([H])C([H])([H])C([H])([H])P(,0.17,0.5376,False,BAXBUX;BAXCAE
77232872472,2,2,2,2,1,4,Zn,Cl;Cl;[H]c1c([H])c([H])n([H])c(=S)c1[H];[H]c1c([H])c([H])n([H])c(=S)c1[H],0.17,1.6488,False,BEHNIM;BEHNIM01
281516315052,80,80,74,1,1,4,Co,Br;Br;Br;Br,0.17,1.206,False,BEYXEL;BPYRBC11;CAWJAP;CEBQIM;CIWWAH;DUYCOS01
86916515929,2,2,2,2,1,4,Ni,[H]N1C([H])([H])C([H])([H])C([H])(C([H])([H])[H])N([H])C2([H])C([H])([H])C([H])(,0.17,7.072,True,BICWIU;ILUDOI
321982898791,2,2,2,2,1,4,Cd,Cl;Cl;[H]C1C([H])C([H])N([H])C(S)C1[H];[H]C1C([H])C([H])N([H])C(S)C1[H],0.17,1.3706,False,BIPKAN;BIPKAN01
537080622103,6,6,6,1,1,6,Cu,[H]O[H];[H]O[H];[H]c1nc(Sc2nc([H])c([H])n2C([H])([H])[H])n(C([H])([H])[H])c1[H];,0.17,0.5689,False,CESHOX01;VISCOP;YUMREG;ZIFHED;ZIFHED01;ZIFJAB
27729748803,7,7,7,2,1,6,Pt,O=[N+]([O-])O;O=[N+]([O-])O;O=[N+]([O-])O;O=[N+]([O-])O;O=[N+]([O-])O;O=[N+]([O-,0.17,2.9904,False,CIMVEB;DOCHIP;DOCJAJ;EHOLAR;EZAWUZ;GOQBAR
229153717374,2,2,2,1,1,4,Zn,Cl;Cl;[H]C(=NC([H])([H])C([H])([H])N=C([H])C([H])=C([H])C1C([H])C([H])C([H])C([H,0.17,0.5187,False,COLYIM;COLYIM01
518382910809,2,2,2,2,1,6,V,O;[H]C(=NC([H])(C(=O)O)C([H])([H])C1C([H])C([H])C([H])C([H])C1[H])C1C(O)C([H])C(,0.17,3.0148,True,DALSAL;DALSAL01
468418409752,10,10,7,2,2,4,Cu,[H]C(C(O)C1C(F)C(F)C(F)C(F)C1F)C(O)C1C(F)C(F)C(F)C(F)C1F;[H]C(C(O)C1C(F)C(F)C(F),0.17,9.23,False,DORSIO;DORSOU;DORSUA;LEZHII;LEZHII01;MOLJEE
80323227078,4,4,4,2,1,5,Cu,N=C=S;[H]C1NC2C3NC([H])C([H])C([H])C3C([H])C([H])C2C([H])C1[H];[H]C1NC2C3NC([H]),0.17,2.7935,False,FEKKEM;JATREE;YUYBOJ;ZOZDEX
897420041260,2,2,2,1,1,6,Ni,[H]N([H])C(=S)N([H])N([H])[H];[H]N([H])C(=S)N([H])N([H])[H];[H]O[H];[H]O[H],0.17,0.6332,False,GADMII;ZOJXOL
80474298572,2,2,2,1,1,4,Cu,Br;[H]C1C([H])C([H])C(P(C2C([H])C([H])C([H])C([H])C2[H])C2C([H])C([H])C([H])C([H,0.17,1.9972,False,HEQCIS;YUTWUJ
531464509248,2,2,2,2,1,6,W,Cl;Cl;[H]C([H])(O)C([H])([H])O;[H]C1C([H])C(C([H])(C([H])([H])[H])C([H])([H])[H],0.17,0.6912,True,ICIXOH;ICIXOH01
239781054882,2,2,2,1,1,4,Cr,[H]C([H])(N[Si](C([H])([H])[H])(C([H])([H])[H])C([H])([H])[H])C([H])([H])N(C([H],0.17,0.3276,False,ILUFOK;VOCTIQ
644574394906,2,2,2,1,1,4,Ag,[H]C1C([H])C([H])C(P(C2C([H])C([H])C([H])C([H])C2[H])C2C([H])C([H])C([H])C([H])C,0.17,0.2267,True,IVUYII;IVUYII01
531234785155,2,2,2,2,1,4,Ni,Br;Br;[H]c1c(C([H])([H])[H])nn(C([H])([H])n2nc(C([H])([H])[H])c([H])c2C([H])([H],0.17,0.1924,False,JUGFOJ;JUGFOJ01
226715791252,2,2,2,2,1,5,Mn,Cl;[H]C1=C([H])c2nc1c(C1C([H])C([H])C([H])C([H])C1[H])c1[nH]c(c([H])c1[H])c(C1C(,0.17,0.17,False,JUKPIO;TPPMNA01
97288766812,2,2,2,2,1,6,Mn,[H]C([H])([H])C([H])(OC(S)S)C([H])([H])[H];[H]C([H])([H])C([H])(OC(S)S)C([H])([H,0.17,1.7483,False,LERZOX;LERZOX01
434493832507,2,2,2,1,1,5,Ru,Br;N=O;N=O;[H]C1([H])C([H])([H])C([H])([H])C([H])(P(C2([H])C([H])([H])C([H])([H],0.17,0.2404,True,LOJBIX;LOJBIX01
694112688045,2,2,2,2,1,4,Zn,Br;Br;[H]C1C([H])C([H])C2C(N=C(C([H])([H])[H])N2[H])C1[H];[H]C1C([H])C([H])C2C(N,0.17,0.3362,False,LULREQ;LULREQ01
341715440211,2,2,2,2,1,6,Zr,[H]C([H])C1C([H])C([H])C([H])C([H])C1[H];[H]C([H])C1C([H])C([H])C([H])C([H])C1[H,0.17,1.3507,False,MESNAC;MESNOQ
253383910528,5,5,5,1,1,4,Fe,I;I;N=O;N=O,0.17,0.3384,False,MIVTOD;MIVTUJ;MIVVEV;VUSTAE;VUSTAE01
707537187171,2,2,2,2,1,6,Cu,[H]C1C([H])N(O)C([H])C([H])C1[N+](=O)[O-];[H]C1C([H])N(O)C([H])C([H])C1[N+](=O)[,0.17,0.1924,False,NAYTEN;NAYTEN01
998290199458,2,2,2,2,1,4,Cu,[H]C([H])(C(=O)O)C(=O)O;[H]C([H])(C(=O)O)C(=O)O,0.17,0.857,False,NENBOY;TUCBEA
356080136537,2,2,2,1,1,6,Cr,C#O;C#O;C#O;C#O;C#O;[H]OCC1C([H])C([H])C([H])C([H])C1[H],0.17,1.5891,False,PHCBCR;YUBFOU
467210984831,2,2,2,1,1,4,Zn,FC1CC(F)C(F)C(F)C1F;FC1CC(F)C(F)C(F)C1F;[H]C1([H])OC([H])([H])C([H])([H])C1([H]),0.17,0.4717,False,SARWAJ;SARWAJ01
61716886227,2,2,2,1,1,4,Cu,I;[H]C1=C([H])C2C([H])C([H])C3C([H])C([H])C([H])NC3C2n2nc([H])c(C#N)c21;[H]C1C([,0.17,0.6719,False,SIQWEY;SIQWEY01
838877864976,2,2,2,2,1,4,Cu,[H]C([H])([H])OC([H])([H])C([H])([H])N(C(S)S)C([H])([H])C([H])([H])OC([H])([H])[,0.17,4.0935,True,SOTNEV;SOTNUL
395047096421,2,2,2,2,1,4,Pt,Cl;Cl;[H]C([H])([H])C([H])([H])P(C([H])([H])C([H])([H])[H])C([H])([H])C([H])([H],0.17,1.45,False,TEKDAO;ZAQWUJ
762491236059,2,2,2,1,1,6,Cu,[H]C1C([H])C([H])C([N+](=O)[O-])C(C(=O)O)C1[H];[H]C1C([H])C([H])C([N+](=O)[O-])C,0.17,0.6332,False,TEZKOZ;TEZKOZ01
461376760970,2,2,2,2,2,6,Zn,[H]C1C([H])C([H])C2C(N=C(C(=O)O)C(=O)N2[H])C1[H];[H]C1C([H])C([H])C2C(N=C(C(=O)O,0.17,3.3243,False,TIHDAR;TIHDAR01
841694226673,2,2,2,1,1,4,Co,[H]c1nc(C([H])([H])[H])n([H])c1[H];[H]c1nc(C([H])([H])[H])n([H])c1[H];[H]c1nc(C(,0.17,0.6912,False,TUSLUO;UVORIJ
409365283955,2,2,2,2,2,6,Fe,N=C=S;N=C=S;[H]C1NC(C(=NC2C([H])C([H])C([H])C([H])C2[H])C2NC([H])C([H])C([H])C2[,0.17,3.9936,True,UFIPIJ;UFIPIJ01
411467835023,6,6,5,1,1,4,Zn,I;I;[H]C1NC(C2=NC3C4C([H])C([H])C([H])C([H])C4C4C([H])C([H])C([H])C([H])C4C3N2C2,0.17,0.6356,False,UREPEP;UREQAM;UREQAM01;UREQAM02;UREQAM03;UREQAM04
17366811057,2,2,2,1,1,5,Ru,C#O;Cl;Cl;[H]C1([H])C([H])([H])C([H])([H])C([H])(P(C2([H])C([H])([H])C([H])([H]),0.17,0.3362,True,USEXEW;XUVGAX
333575618291,2,2,2,2,2,4,Pd,[H]C1C([H])C(C([H])([H])[H])C(C([H])(N(C([H])([H])[H])C([H])([H])[H])C([H])([H]),0.17,6.8821,False,VALJOI;VALJUO
203304022915,2,2,2,2,2,5,Fe,C#O;C#O;[H]C1C([H])C([H])C(B(C([H])([H])SC(C([H])([H])[H])(C([H])([H])[H])C([H]),0.17,5.0728,True,VIYHIV;VIYHIV01
827683272661,2,2,2,1,1,4,Cu,N=C=S;[H]C1C([H])C([H])C(P(C2C([H])C([H])C([H])C([H])C2[H])C2C([H])C([H])C([H])C,0.17,0.3712,False,WOBJAB;WOBJIJ
199717936825,2,2,2,1,1,6,Ru,[H]C(C(O)C([H])([H])[H])C(O)C([H])([H])[H];[H]C(C(O)C([H])([H])[H])C(O)C([H])([H,0.17,0.4072,False,XICQEG;XICQIK
524227060902,2,2,2,1,1,4,Co,Cl;Cl;[H]C1C([H])C([H])C2C(N=C(C3C([H])C([H])C([H])C([H])C3OC([H])([H])[H])N2C([,0.17,1.5295,False,XIWWIK;XIWWIK01
553793552293,3,3,3,2,1,6,Cu,FB(F)(F)F;FB(F)(F)F;[H]c1nc([H])n([H])c1C1C([H])C([H])C([H])C([H])C1[H];[H]c1nc(,0.17,0.6815,False,XOTHUN;XOTRAD;XOTRIL
182300983965,2,2,2,1,1,6,Ir,[H]N([H])C1([H])C([H])([H])C([H])([H])C([H])([H])C([H])([H])C1([H])N([H])[H];[H],0.17,0.1712,False,ZEDKIC;ZEDKOI
902095946810,2,2,2,1,1,6,Fe,[H]B([H])([H])C#N;[H]B([H])([H])C#N;[H]C1NC(c2nnc(C3C([H])C([H])C([H])C([H])C3[H,0.17,0.1879,False,ZERDOS;ZERDOS01
856133042805,71,71,62,2,1,4,Fe,Br;Br;Br;Br,0.16,1.7249,False,AGOGEI;AKEMAE;AYUDUW;BIKDOR;BOWYUJ;CIWNEF
941141507542,8,8,7,2,1,4,Cu,[H]C(=NC([H])([H])C([H])([H])N=C([H])C1C([H])C([H])C([H])C(OC([H])([H])[H])C1O)C,0.16,0.3312,False,AXUTEU;EMIWUU;EMIXEF;EMIXIJ;EMIXOP;KUPDAB
170002826236,48,48,17,2,2,4,Pt,Cl;Cl;Cl;Cl,0.16,8.79,False,BEMVUM;CEVZUY;EGUTCP;FIYXAN;GAPGIQ;HATSIE
897406864498,11,11,10,1,1,4,Pt,Cl;Cl;[H]C1NC(C2NC([H])C([H])C([H])C2[H])C([H])C([H])C1[H],0.16,0.4838,False,BPYCPT;BPYCPT02;BPYCPT03;BPYCPT04;BPYCPT06;BPYCPT07
246285667552,2,2,2,2,2,6,Ir,Cl;Cl;Cl;Cl;[H]C([H])([H])S(=O)C([H])([H])[H];[H]C([H])([H])S(=O)C([H])([H])[H],0.16,0.4215,True,BUQJUT;MUFFIE
420240389299,3,3,3,1,1,6,Fe,[H]c1c(C([H])([H])[H])nn(C([H])(n2nc(C([H])([H])[H])c([H])c2C([H])([H])[H])n2nc(,0.16,1.39,False,BUXTAQ;NALPIB01;ZEQMEP
983005498197,2,2,2,2,1,6,Os,Cl;[H]C([H])([H])S(=O)C([H])([H])[H];[H]C1NC(C([H])([H])N(C([H])([H])C2NC([H])C(,0.16,4.3629,True,CIJQEU;CIJQIY
712335781076,2,2,2,2,1,4,Zn,[H]C(=NC([H])([H])C([H])([H])N(C([H])([H])[H])C([H])([H])[H])C1C([H])C([H])C([H],0.16,0.3489,True,COVTEN;COVTEN01
152089495284,2,2,2,2,2,6,Ru,Cl;[H]C([H])([H])C#N;[H]C([H])([H])C#N;[H]C([H])([H])C#N;[H]C1C([H])C([H])C(P(C2,0.16,1.8569,True,DEFHUS;QAKBOW
790284408059,3,3,3,1,1,4,Zn,[H]C1C([H])C([H])C(C2=NC(C([H])([H])[H])(C([H])([H])[H])C([H])([H])O2)C(S)C1[H];,0.16,0.5749,False,DILGOU;DILGOU01;DILGUA
449158934122,2,2,2,1,1,6,Co,N=C=S;N=C=S;[H]C(=C(C1C([H])NC([H])C([H])C1[H])C([H])([H])[H])C1NC([H])NC([H])C1,0.16,0.4401,False,EBOFOR;EBOFOR01
735082759520,2,2,2,1,1,4,Cu,[H]C1C([H])C([H])C(P(C2C([H])C([H])C([H])C([H])C2[H])C2C([H])C([H])C([H])C([H])C,0.16,0.4123,False,EDUTOO;EDUTOO01
162562461131,2,2,2,1,1,6,Ti,[H]C1C([H])C([H])C(N[Si](N2C([H])([H])C([H])([H])N([Si](NC3C([H])C([H])C([H])C([,0.16,0.3312,False,GACMAZ;GACMED
654536208181,5,5,5,1,1,4,Ag,[H]C(=NC([H])([H])C([H])([H])N(C([H])([H])C([H])([H])N=C([H])C1C([H])C([H])C2C3C,0.16,0.2419,False,GEGYOK;GEGYUQ;GEGZAX;GEGZEB;GEGZIF
560120943203,4,4,4,2,2,4,Pd,I;I;[H]C1=C([H])N(C([H])([H])[H])CN1C([H])([H])[H];[H]C1=C([H])N(C([H])([H])[H]),0.16,7.9608,False,HANVEA;LETTEL;LETTEL01;ZEZTAZ
131384971736,2,2,2,1,1,4,Pt,[H]C1NC(C([H])([H])N([H])[H])C([H])C([H])C1[H];[H]C1NC(C([H])([H])N([H])[H])C([H,0.16,0.2126,False,HOHNEA;ONUQAQ
427418406202,2,2,2,2,2,4,Ag,[H]C1C([H])C([H])C2C(OC([H])([H])C3NC(C([H])C([H])C3[H])C([H])([H])OC3C([H])C([H,0.16,7.3217,False,KEMGIV;MIKCIU
452450227190,2,2,2,2,1,4,Pt,Cl;Cl;[H]C1([H])P2C([H])([H])C([H])([H])C([H])([H])C([H])([H])C([H])([H])C([H])(,0.16,1.3197,False,LIDSOJ;WIYNUP
986989030041,2,2,2,1,1,6,Cu,[H]C1C([H])C(Br)C([H])C(C(=O)O)C1[H];[H]C1C([H])C(Br)C([H])C(C(=O)O)C1[H];[H]C1N,0.16,0.2126,False,LUCPEH;LUCPEH04
938719524871,4,4,4,2,1,6,Mn,[H]C(=NC([H])([H])C([H])([H])N=C([H])C1C([H])C([H])C([H])C(OC([H])([H])[H])C1O)C,0.16,3.3629,False,MAXSEJ;RALQOM;SARHIF;TAPSOT02
177567379096,3,3,3,1,1,6,Cd,[H]N([H])c1nnnn1N([H])[H];[H]N([H])c1nnnn1N([H])[H];[H]N([H])c1nnnn1N([H])[H];[H,0.16,0.924,False,MUZJAT;OWEKIL;POHBOE
196172959334,2,2,2,2,2,4,Ni,[H]C([H])([H])SC(S)=NN=C(C([H])([H])[H])C([H])([H])C(=NN=C(S)SC([H])([H])[H])C([,0.16,1.1908,True,QALYEL;QALYEL01
757169045124,2,2,2,2,2,4,Pd,[H]C1CC(C([H])(N(C([H])([H])[H])C([H])([H])[H])C([H])([H])[H])C2C([H])C([H])C([H,0.16,7.6117,False,QAMHOD;QAMJAR
932965495747,3,3,3,1,1,4,Cu,[H]C([H])([H])C#N;[H]C([H])([H])C#N;[H]C([H])([H])C#N;[H]C([H])([H])C#N,0.16,0.2729,False,QINTEO;TEQSUE;WAWQAQ01
465509637820,2,2,2,2,2,6,Mo,C#O;C#O;C#O;C#O;[H]C1NC2C3NC([H])C([H])C(C4C([H])C([H])C([H])C([H])C4[H])C3C([H],0.16,2.2357,True,QOGHOJ;QOGHOJ01
844779070459,5,5,5,2,1,4,Ag,[H]C1C([H])C(P(C(C([H])([H])[H])(C([H])([H])[H])C([H])([H])[H])C(C([H])([H])[H]),0.16,4.1104,False,REQCUO01;REQCUO02;REQCUO03;REQCUO04;REQCUO05
516292219926,2,2,2,2,2,4,Pt,Cl;Cl;[H]C1C([H])C([H])C2C(C1[H])N1C3C([H])C([H])C([H])C([H])C3P2C2C([H])C([H])C,0.16,7.7217,False,SASBAS;SASBEW
433304235638,2,2,2,1,1,4,Ni,[H]C([H])[Si](C([H])([H])[H])(C([H])([H])[H])C([H])([H])[H];[H]C([H])[Si](C([H]),0.16,0.3312,False,SUVWUE;SUVWUE01
929784202845,2,2,2,1,1,4,Pd,Cl;Cl;[H]C1NC(C2NC([H])C([H])C([H])C2[H])C(C2NC([H])C([H])C([H])C2[H])NC1[H],0.16,1.2205,False,YAFJUM;YAFNAW
970329156124,2,2,2,2,2,4,Zn,[H]C([H])([H])C(=O)O;[H]C([H])([H])C(=O)O;[H]C1NC([H])C([H])C([H])C1[H];[H]C1NC(,0.16,1.6976,True,ZZZPKM01;ZZZPKM02
531274502757,2,2,2,1,1,5,Ru,C#O;[H]C1C([H])C([H])C(P(C2C([H])C([H])C([H])C([H])C2[H])C2C([H])C([H])C([H])C([,0.15,0.2193,True,BACLAU;QOVHAN
181576266453,2,2,2,2,2,6,Mn,[H]c1nc(C2NC(c3nc([H])c([H])n3[H])C([H])C([H])C2[H])n([H])c1[H];[H]c1nc(C2NC(c3n,0.15,6.1618,False,BENJEK;RASKOO
459714212913,2,2,2,2,1,6,Ni,[H]OC([H])(C(=O)O)C1C([H])C([H])C([H])C([H])C1[H];[H]OC([H])(C(=O)O)C1C([H])C([H,0.15,0.755,False,BEZZAI;SEMXIV
352221415062,4,4,3,1,1,5,Mn,Cl;Cl;Cl;Cl;Cl,0.15,0.1581,False,BPHMNC01;BPHMNC02;BPHMNC03;PHENCM01
867088524377,2,2,2,1,1,6,V,F;F;O;[H]C1NC2C3NC([H])C([H])C([H])C3C([H])C([H])C2C([H])C1[H];[H]O[H],0.15,0.2121,False,CIFXEU;CIFXEU01
888706709590,4,4,4,3,2,4,Pt,Cl;Cl;[H]C([H])([H])C([H])([H])P(C([H])([H])C([H])([H])[H])C([H])([H])C([H])([H],0.15,8.2701,False,CLEPPT01;EPEJAL;EPEJAL01;PTCTEP01
634933260844,2,2,2,1,1,5,Cr,Cl;Cl;[H]C1C([H])C(C([H])(C([H])([H])[H])C([H])([H])[H])C(N)C(C([H])(C([H])([H]),0.15,0.186,True,DAPMUC;DAPMUC01
414277962875,3,3,3,2,1,5,Zn,Cl;[H]C1NC2C3NC([H])C([H])C([H])C3C([H])C([H])C2C([H])C1[H];[H]C1NC2C3NC([H])C([,0.15,5.1422,True,DELTIY;DELTIY01;TALZEM
255645690789,3,3,3,1,1,6,Zn,[H]OC(=O)c1c(C(=O)O)nc(C([H])([H])[H])n1[H];[H]OC(=O)c1c(C(=O)O)nc(C([H])([H])[H,0.15,0.3176,False,EJEBIF;EJEBIF01;QUHNIS
463937308635,11,11,10,2,1,4,Zn,Br;Br;[H]C1NC(C2NC([H])C([H])C([H])C2[H])C([H])C([H])C1[H],0.15,3.57,True,EQIPAW;EQIPAW01;EQIPAW02;EQIPAW03;EQIPAW04;EQIPAW05
194265857213,2,2,2,1,1,5,Ru,C#O;[H]C(=O)NC1C([H])C([H])C([H])C([H])C1[H];[H]C1C([H])C([H])C(P(C2C([H])C([H]),0.15,0.25,True,FUFYUD;PUHTIZ
999999314500,3,3,3,2,2,4,Pt,[H]C1C([H])C([H])C(C2=NC(C([H])([H])[H])(C([H])([H])[H])C([H])([H])O2)C(S)C1[H];,0.15,9.4312,False,HOSYAR;HOSYEV;HOSYEV01
243010156604,2,2,2,2,1,4,Pd,Cl;[H]C1C([H])C([H])C(P(C2C([H])C([H])C([H])C([H])C2[H])C([H])([H])C2CC(C([H])([,0.15,0.2421,False,JARWEF;LEGTIA
846723409028,2,2,2,2,2,3,Ag,O=[N+]([O-])O;[H]C1NC(C2NC([H])C([H])C(C([H])([H])[H])C2[H])C([H])C(C([H])([H])[,0.15,14.1108,False,JOJMOL;JOJMOL01
546022478444,2,2,2,1,1,5,Ru,C#O;[H]C(=NC([H])([H])c1oc([H])c([H])c1[H])c1[nH]c([H])c([H])c1[H];[H]C1C([H])C(,0.15,0.153,False,KOWYIH;LILVUA
381192985704,2,2,2,2,2,5,La,[H]C1([H])OC([H])([H])C([H])([H])C1([H])[H];[H]C1([H])OC([H])([H])C([H])([H])C1(,0.15,1.0706,True,LAPTEB;LAPTEB10
677362584693,4,4,3,1,1,4,W,O;O;O;O,0.15,0.3354,False,LUQQOG;LUQSIC;PEHLUJ;TAHYAH
767026360381,2,2,2,2,1,6,Cr,Cl;Cl;[H]N([H])C([H])([H])C([H])([H])N([H])C([H])([H])C([H])([H])C([H])([H])N([H,0.15,3.0137,False,MABBOJ;MOLPUZ
163469345982,2,2,2,2,1,4,Ag,O=N(O)O;[H]OC1C([H])NC([H])C([H])C1[H];[H]OC1C([H])NC([H])C([H])C1[H],0.15,3.3134,True,MAPNEX;MAPNEX01
694436131394,2,2,2,1,1,6,Ti,Cl;Cl;Cl;Cl;Cl;[H]C1([H])OC([H])([H])C([H])([H])C1([H])[H],0.15,1.4975,False,MENXAH;PEHSII
145514933987,2,2,2,2,1,4,Mn,Br;Br;[H]C([H])([H])c1c(C([H])([H])[H])n(C([H])(C([H])([H])[H])C([H])([H])[H])c(,0.15,1.3583,False,MIZSEV;MIZSEV01
96157024368,2,2,2,1,1,4,Hg,I;I;[H]C1C([H])C([H])C2C(C1[H])N([H])C(=[Se])N2C([H])([H])[H];[H]C1C([H])C([H])C,0.15,1.1399,False,ONOZAU;ONOZAU01
971315522530,2,2,2,1,1,6,Fe,N=C=S;N=C=S;[H]c1c(C2NC([H])C([H])C([H])C2[H])nnn1C([H])([H])C(=O)N([H])C([H])([,0.15,1.7763,False,PUSQAZ;PUSQAZ02
71010443758,2,2,2,2,2,4,Cu,[H]C1NC(NC2NC([H])C([H])C([H])C2[H])C([H])C([H])C1[H];[H]C1NC(NC2NC([H])C([H])C(,0.15,4.8623,True,PYRDCU;PYRDCU01
543381562029,2,2,2,2,2,4,Pt,Cl;Cl;[H]C1C([H])C(C2C(C([H])(C([H])([H])[H])C([H])([H])[H])C([H])C([H])C([H])C2,0.15,7.9514,False,QUFVEU;QUFVIY
683192267919,2,2,2,1,1,4,Co,Cl;Cl;[H]C1NC(N([H])[H])NC([H])C1[H];[H]C1NC(N([H])[H])NC([H])C1[H],0.15,0.1581,False,SEQFIE;SEQFIE01
29881741321,2,2,2,2,1,4,Cu,[H]C1C([H])C([H])C(NC(=O)C(S)(C([H])([H])[H])C([H])([H])[H])C(NC(=O)C(S)(C([H])(,0.15,4.5825,False,TIQPUE;UGASOL
278693692639,2,2,2,2,2,6,Co,N=C=S;N=C=S;[H]C1NC([H])C(Br)C(N([H])[H])C1[H];[H]C1NC([H])C(Br)C(N([H])[H])C1[H,0.15,1.6668,True,TOSBIQ;TOSBIQ01
788409960403,2,2,2,1,1,6,Cu,O=S(=O)(O)C(F)(F)F;O=S(=O)(O)C(F)(F)F;[H]C1NC(N([H])C(=O)N([H])C2C([H])C([H])C([,0.15,0.4838,False,UPATAI;UPATAI01
789781550512,2,2,2,2,1,6,Mo,Cl;Cl;[H]C([H])([H])OC([H])([H])C([H])([H])OC([H])([H])[H];[H]C1C([H])C(C([H])([,0.15,3.9828,True,VIDCEQ;VIDCEQ01
973784576212,3,3,3,3,2,6,Zn,[H]C1C(C(=O)O)C([H])C(C(=O)O)C([H])C1C(=O)O;[H]O[H];[H]O[H];[H]O[H];[H]O[H];[H]O,0.15,8.8101,True,VOHHEI;VOHHIM;VOHHOS
891944752035,2,2,2,2,2,6,W,Cl;Cl;O;O;[H]C1NC(C2NC([H])C([H])C(C(C([H])([H])[H])(C([H])([H])[H])C([H])([H])[,0.15,1.3484,True,XOZLED;XOZLED01
808137903992,2,2,2,2,1,5,Cr,Cl;[H]C([H])([H])C([H])(P(C([H])([H])C([H])([H])N(C([H])([H])C([H])([H])P(C([H]),0.15,4.4225,True,YUDTOH;YUDVEZ
36475037261,14,14,14,2,1,4,Cu,[H]C(C(O)C([H])([H])C([H])([H])[H])C(O)C([H])([H])C([H])([H])[H];[H]C(C(O)C([H]),0.15,7.4403,False,ZZZNOO01;ZZZNOO02;ZZZNOO03;ZZZNOO04;ZZZNOO05;ZZZNOO06
812222758471,16,16,16,2,1,4,Ni,N#CC(C#N)=C(S)S;N#CC(C#N)=C(S)S,0.14,12.1302,True,AXIQOO;HIQNOL;KANYUV;KERYUC;LONZAR;NIQLOP
299163171237,2,2,2,2,1,6,Ni,N#CNC#N;N#CNC#N;[H]N([H])C([H])([H])C([H])([H])N([H])C([H])([H])C([H])([H])N([H],0.14,1.7755,False,BARHUX;BARHUX01
520628281564,5,5,5,2,1,6,Fe,N=C=[Se];N=C=[Se];[H]C1NC2C3NC([H])C([H])C([H])C3C([H])C([H])C2C([H])C1[H];[H]C1,0.14,2.2314,False,BEGXOB;BEGXOB01;BEGXOB02;BEGXOB03;BEGXOB04
251899605968,2,2,2,2,1,4,Cu,I;[H]C1C([H])C(C([H])([H])[H])C([H])C2C1N([H])C(=S)N2[H];[H]C1C([H])C([H])C(P(C2,0.14,1.5762,False,CEFGUR;QIYSEY
682353513447,3,3,3,3,1,6,Zn,[H]OC([H])([H])C([H])([H])O[H];[H]OC([H])([H])C([H])([H])O[H];[H]OC([H])([H])C([,0.14,1.5962,True,COFMUI;ZNETDS10;ZNETDS11
246531465371,57,57,56,2,1,4,Co,N=C=S;N=C=S;N=C=S;N=C=S,0.14,2.1802,False,COKHAL;DEDFUN11;DUPYUJ;DUPYUJ01;EZONIT;FIFBIJ
327838563534,3,3,3,1,1,4,Rh,C#O;C#O;I;I,0.14,0.1487,False,DITBUF;XOYSIN;XOYSOT
684095650734,3,3,3,2,2,4,Pd,Cl;Cl;[H]N1C([H])([H])C([H])([H])OC([H])([H])C([H])([H])OC([H])([H])C([H])([H])N,0.14,8.251,False,DIYPAD;TIKLIL;TIKLOR
777916296083,2,2,2,2,1,6,Hg,Cl;Cl;[H]C1NC2C3NC([H])C([H])C([H])C3C(=O)C(=O)C2C([H])C1[H];[H]C1NC2C3NC([H])C(,0.14,2.1945,False,DUKLOL;DUKLOL01
553776685912,13,13,13,1,1,4,Cr,Cl;O;O;O,0.14,0.4925,False,DUMFAT;GOGWIJ;GOGWIJ02;HAWHOE01;HAWHOE02;HAXGOE03
118668401524,2,2,2,2,2,4,Pt,[H]C1C([H])C([H])C(P(C([H])([H])[H])C([H])([H])[H])C([H])C1[H];[H]C1C([H])C([H]),0.14,8.2012,False,DURQUF;TAKBIU
918577127786,2,2,2,2,2,6,Rh,Cl;Cl;Cl;[H]C1C(C2=NC([H])([H])C([H])([H])C2([H])[H])NC(C2=NC([H])([H])C([H])([H,0.14,1.3373,True,EKESUI;UGUSIY
194569950686,35,35,27,2,1,4,Ni,[H]C([H])([H])C([H])([H])N(C(S)S)C([H])([H])C([H])([H])[H];[H]C([H])([H])C([H])(,0.14,12.1708,True,FEBKIK;FEBKOQ;NIDCAR;NIDCAR03;NIDCAR04;NIDCAR05
911336321275,3,3,3,1,1,4,Pd,[H]C1C([H])C([H])C(P(C2C([H])C([H])C([H])C([H])C2[H])C([H])([H])C(=O)O)C([H])C1[,0.14,0.1523,False,FERFIS;GAQWEB;PHACPD
759816280097,2,2,2,1,1,5,Cu,O=[N+]([O-])O;[H]C1C([H])C([H])C(C(O)C([H])C(O)C(F)(F)F)C([H])C1[H];[H]C1NC2C3NC,0.14,0.14,False,HIDQIU;HIDQIU01
288926464674,2,2,2,2,2,6,Ir,[H]C1CC(C2NC([H])C([H])C([H])C2[H])C(F)NC1F;[H]C1CC(C2NC([H])C([H])C([H])C2[H])C,0.14,4.4322,False,HOVHAC;ZAZZIL
760417475444,2,2,2,2,2,4,Pd,[H]C1C([H])C([H])C(C(=O)C([H])(C(=CC(=O)OC([H])([H])[H])C(=O)OC([H])([H])[H])P(C,0.14,6.7015,False,KARNIA;SASJOL
218067083128,2,2,2,2,2,4,Ag,[H]C1C([H])C([H])C(P(C2C([H])C([H])C([H])C([H])C2[H])C2C([H])C([H])C([H])C([H])C,0.14,0.228,True,LEZDOK;SIGCAP
728981616555,2,2,2,2,1,5,Zn,[H]N(C(=S)N([H])C([H])([H])[H])N(C([H])([H])[H])C([H])([H])[H];[H]N(C(=S)N([H])C,0.14,0.1664,True,LUWSIF;LUWTOM
530885432002,2,2,2,1,1,4,Pd,[H]C(C(=O)O)=C([H])C([H])([H])[H];[H]C(C(=O)O)=C([H])C([H])([H])[H];[H]N1C([H])(,0.14,0.1844,False,MAKWIH;MAKWIH01
729247599714,2,2,2,2,2,6,Ru,[H]C([H])([H])C#N;[H]C([H])([H])C#N;[H]C([H])([H])C#N;[H]C1=C([H])N(C([H])([H])[,0.14,9.351,False,MUKKAI;MUKKOW
547527709849,2,2,2,2,1,6,Fe,[H]OC(=O)C([H])([H])C([H])([H])P(=O)(O)C([H])([H])N1C([H])([H])C([H])([H])N(C([H,0.14,1.1089,False,MUYJAS;MUYJOG
735253832054,3,3,3,1,1,4,Co,Cl;Cl;[H]C1=NC2C([H])C([H])C([H])C([H])C2N1C([H])([H])C1C([H])C([H])C([H])C([H]),0.14,0.2983,False,NACCAW;NACCAW01;NACCAW04
591027228185,2,2,2,2,1,6,Cu,[H]C(C(O)C(F)(F)F)C(O)C(F)(F)F;[H]C(C(O)C(F)(F)F)C(O)C(F)(F)F;[H]C(C(O)C(F)(F)F),0.14,4.2623,True,NAFACU10;RUGVEX
906156995778,3,3,3,2,1,6,Cr,[H]N([H])C(=O)N([H])[H];[H]N([H])C(=O)N([H])[H];[H]N([H])C(=O)N([H])[H];[H]N([H],0.14,3.5528,True,NAJYAA;WANMAD;WANMEH
216236954473,2,2,2,1,1,6,Mn,[H]C1C([H])C([H])C(C(O)C([H])C(O)C([H])([H])[H])C([H])C1[H];[H]C1C([H])C([H])C(C,0.14,0.6356,False,NENMUQ;NENNAX
790192068301,4,4,4,1,1,4,Cu,[H]N=C(N([H])[H])N([H])C1=NC2C([H])C([H])C([H])C([H])C2N1[H];[H]N=C(N([H])[H])N(,0.14,0.1565,False,OKEVAB;VEQYIA;VEQYIA01;WEPFON
573513811093,3,3,3,2,1,6,Ni,N=C=S;N=C=S;[H]C([H])=C([H])C1C([H])C([H])NC([H])C1[H];[H]C([H])=C([H])C1C([H])C,0.14,2.9633,False,QAKCOX;QAKCUD;WUXZIA
578382041007,2,2,2,1,1,4,Pt,[H]N=C1C([H])=C([H])C([H])=C([H])C1S;[H]N=C1C([H])=C([H])C([H])=C([H])C1S,0.14,0.236,False,SAYJEH01;SAYJEH02
80590138240,3,3,3,1,1,6,Ni,[H]N([H])C(=S)N([H])[H];[H]N([H])C(=S)N([H])[H];[H]N([H])C(=S)N([H])[H];[H]N([H],0.14,0.186,False,TIOUNB;TIOUNB01;ZZZKOA02
471672642520,2,2,2,1,1,6,Cu,I;I;[H]N1C([H])([H])C([H])([H])N([H])C([H])([H])C([H])([H])C([H])([H])N([H])C([H,0.14,0.1404,False,TUCQEN;TUCQEN01
636326641613,2,2,2,1,1,4,Ti,[H]C1C([H])C(C([H])(C([H])([H])[H])C([H])([H])[H])C(NC(C([H])C(NC2C(C([H])(C([H],0.14,0.178,False,UJEHIA;UJEHUM
86833085204,2,2,2,2,1,4,Zn,[H]C1C([H])C([H])C(C(O)C([H])C(NC([H])([H])C2C([H])C([H])C([H])C([H])C2[H])C([H],0.14,0.8122,False,VAWHIN;VAWHOT
327334047544,2,2,2,1,1,4,Cu,[H]C1C([H])C([H])C2C(C1[H])C([H])C([H])C1NC3C([H])C([H])C4C([H])C([H])C([H])C([H,0.14,0.313,False,VIYFUI;VIYRII
353789629886,2,2,2,2,1,6,Ni,[H]C1C(C(=O)O)NC(C(=O)O)C([H])C1[H];[H]C1NC(C2NC(C3NC([H])C([H])C([H])C3[H])C([H,0.14,4.2223,False,VOHSIX;XACBAI
558979743960,2,2,2,1,1,5,Rh,Cl;Cl;[H]C1C([H])C([H])C(P(C2C([H])C([H])C([H])C([H])C2[H])C2C([H])C([H])C([H])C,0.14,0.1404,False,WABKOZ;WABKOZ01
686480746410,3,3,3,1,1,6,Fe,N=C=[Se];N=C=[Se];[H]C1NC(N(C2NC(N(C([H])([H])C3C([H])C([H])C([H])C([H])C3[H])C(,0.14,0.7041,False,WOYCOE;WOYCOE01;WOYDEV
776048384155,2,2,2,2,1,4,Cu,[H]C1C([H])C([H])C(C(=O)O)C(Br)C1[H];[H]C1C([H])C([H])C(C(=O)O)C(Br)C1[H];[H]C1N,0.14,1.8752,False,XOKQUK;XOKQUK01
349552431076,2,2,2,1,1,6,Fe,[H]c1nnnn1C([H])([H])C([H])([H])Br;[H]c1nnnn1C([H])([H])C([H])([H])Br;[H]c1nnnn1,0.14,0.5096,False,YAGYIP;YAGYIP01
676291881528,2,2,2,2,1,6,Cu,[H]N1C([H])([H])N2C([H])([H])N(C([H])([H])C([H])([H])N([H])C([H])([H])N3C([H])([,0.14,0.9009,False,YAQTIV;YAQTIV01
142338999140,2,2,2,2,2,4,Ir,[H]C(NC([H])=C([H])P(C(C([H])([H])[H])(C([H])([H])[H])C([H])([H])[H])C(C([H])([H,0.14,8.2412,False,YUSMIK;YUSMUW
785391804927,2,2,2,1,1,4,Cu,[H]C1C([H])C([H])C(P(C2C([H])C([H])C([H])C([H])C2[H])C2C([H])C([H])C([H])C([H])C,0.13,1.6352,False,AFIHAC;AFIHIK
942815315298,2,2,2,1,1,5,Fe,C#O;C#O;C#O;C#O;[H]C1([H])C([H])([H])C([H])([H])C([H])(P(C2([H])C([H])([H])C([H],0.13,0.5749,False,AJUSAB;TEJXEM
728148321637,2,2,2,1,1,4,Cu,[H]C([H])([H])C#N;[H]C([H])([H])C#N;[H]C1C([H])C([H])C(P(C2C([H])C([H])C([H])C([,0.13,1.0878,False,ANOXIN;DAWROI01
277997182808,2,2,2,2,2,4,Cu,[H]C1NC(S)C(S)NC1[H];[H]C1NC(S)C(S)NC1[H],0.13,9.0409,False,AWOGEY;LATFES
259948770781,2,2,2,1,1,6,Cu,[H]N([H])OC([H])([H])C(=O)O;[H]N([H])OC([H])([H])C(=O)O;[H]O[H];[H]O[H],0.13,0.2555,False,BINRUL;BINRUL01
262378139245,2,2,2,2,1,4,Pd,I;I;[H]C([H])([H])N1CN(C([H])([H])[H])C(C#N)=C1C#N;[H]C([H])([H])N1CN(C([H])([H],0.13,0.364,False,BOCPEP;BOCPEP01
680583601359,2,2,2,1,1,4,Ni,Br;Br;[H]C1C([H])C([H])C2C(C1[H])N(C([H])([H])[H])CN2C([H])([H])C([H])([H])C([H],0.13,0.1432,False,BOYXET;POZVIK
926880366011,2,2,2,1,1,6,Cu,[H]OC([H])([H])C([H])([H])N(C([H])([H])C([H])([H])O[H])C([H])([H])C([H])([H])O[H,0.13,0.2818,False,CAMJUV;RIWCAF
7203340812,3,3,3,1,1,6,Cr,N#N;N#N;[H]C([H])([H])P(C([H])([H])[H])C([H])([H])C([H])([H])P(C([H])([H])[H])C(,0.13,0.1476,False,CAMVOB;CAMVOB10;CAMVOB11
385598276986,3,3,3,2,2,4,Pt,Cl;Cl;[H]C1NC([H])C([H])C([H])C1[H];[H]C1NC([H])C([H])C([H])C1[H],0.13,8.4001,False,CCPYPT;CLPYPT;CLPYPT02
548876341737,10,10,9,2,2,4,Cu,[H]N([H])C([H])([H])C([H])([H])N([H])[H];[H]N([H])C([H])([H])C([H])([H])N([H])[H,0.13,9.4103,False,CEDHAU;DADTOR01;EDCOPT;FATQEY;MEBQES;NUTLAQ
96984077463,5,5,5,2,2,4,Au,[H]C(=C([H])P(C1C([H])C([H])C([H])C([H])C1[H])C1C([H])C([H])C([H])C([H])C1[H])P(,0.13,1.84,True,COGDAE;KUVMUJ;LAJTAT;LAJTEX;LAJTIB
251105338923,8,8,7,1,1,4,Zn,Cl;Cl;Cl;[H]O[H],0.13,0.6013,False,CORQEG;HONQUZ;IREROO;KETVOY;SEGJET01;TUFPUI
3626567029,2,2,2,1,1,4,Rh,C#O;[H]C1C([H])C([H])C(P(C2C([H])C([H])C([H])C([H])C2[H])C2C([H])C([H])C([H])C([,0.13,0.1526,False,DACFOG;DACGEX
814570953105,14,14,14,2,1,6,Ni,[H]OC([H])([H])C([H])([H])N(C([H])([H])C([H])([H])O[H])C([H])([H])C([H])([H])O[H,0.13,1.9013,False,DAYPOJ;ETELUK;ETOLNI;ETOLNI01;FICPEO;FOVKIL
293959840772,2,2,2,1,1,6,Cr,[H]C([H])([H])P(C([H])([H])[H])C([H])([H])C([H])([H])P(C([H])([H])[H])C([H])([H],0.13,0.507,False,DOFJAK;RUHHUY
373487095097,3,3,3,2,2,6,Mo,O;O;[H]C(=NC(C([H])([H])[H])(C([H])([H])[H])C([H])([H])O)C1C([H])C([H])C([H])C([,0.13,0.6139,True,DOSVOW;DOSVOW01;PILWOA
632216859285,2,2,2,2,2,6,Ir,[H]C1C([H])C([H])C(C2=NC3C([H])C([H])C([H])C([H])C3S2)C(O)C1[H];[H]C1CC(C2=NC3C(,0.13,1.8047,True,DOYLEL;XADPUQ
397403826075,2,2,2,2,2,6,Fe,N=C=S;N=C=S;[H]C1NC(N(C2NC([H])C([H])C([H])C2[H])C([H])([H])C([H])([H])[H])C([H],0.13,0.4206,True,ERIWEK;ERIWEK01
813196366728,5,5,5,1,1,6,Cu,Cl;Cl;[H]C1([H])OC([H])([H])C([H])([H])OC1([H])[H];[H]C1([H])OC([H])([H])C([H])(,0.13,0.136,False,FAGLUW;FAGLUW01;FAGLUW02;FAGLUW03;FAGLUW04
332097345436,3,3,3,3,2,4,Ni,O=C(O)O;[H]C([H])([H])C(P(C([H])([H])C([H])([H])P(C(C([H])([H])[H])(C([H])([H])[,0.13,6.8311,False,FAWYAG;UZASEV;VUGPAQ
466260839726,2,2,2,2,1,6,Fe,[H]c1c(C2NC(n3nc(C([H])([H])[H])c([H])c3[H])C([H])C([H])C2[H])nn([H])c1[H];[H]c1,0.13,2.3137,True,FEGKEK;FEGTAP
631047896406,2,2,2,2,2,5,V,O;O;[H]OC1C([H])C2C([H])C([H])C([H])C([H])C2C([H])C1C(O)=NN=C([H])C1C([H])C(Cl)C,0.13,5.6815,False,FIBVUL;FIBWEW
254538422096,2,2,2,2,1,6,Mn,N#CNC#N;[H]C(=NC([H])([H])C([H])([H])N=C([H])C1C([H])C([H])C([H])C(OC([H])([H])[,0.13,2.5533,True,FILSIE;FILSIE01
405739752889,2,2,2,1,1,4,Cu,I;[H]C1C([H])C([H])C(P(C2C([H])C([H])C([H])C([H])C2[H])C2C([H])C([H])C([H])C([H],0.13,0.214,False,GADHUP;GADHUP01
42532299381,2,2,2,2,2,6,Co,[H]N([H])C(=S)N([H])N([H])[H];[H]N([H])C(=S)N([H])N([H])[H];[H]N([H])C(=S)N([H]),0.13,7.0612,True,GEWNIF;WEWFUZ
647742605222,2,2,2,2,1,6,Re,C#O;C#O;C#O;N=C=S;[H]C1NC(C(=S)N([H])C([H])([H])[H])C([H])C([H])C1[H],0.13,2.7231,True,GEYBUK;GEYBUK01
579344102773,5,5,5,2,1,4,Zn,N=C=S;N=C=S;[H]C1NC([H])C([H])C(N(C([H])([H])[H])C([H])([H])[H])C1[H];[H]C1NC([H,0.13,1.66,False,GIQPII;GIQPII01;GIQPII02;GIQPII03;QIPXES
714057426439,2,2,2,1,1,4,Zn,Cl;Cl;[H]C1NC([H])C([H])C(N2N=NC3C([H])C([H])C([H])C([H])C32)C1[H];[H]C1NC([H])C,0.13,0.1393,False,GUTNOZ;GUTNUF
271119354470,2,2,2,2,1,4,Cd,I;I;[H]C1C([H])C([H])C(C([H])([H])C([H])([H])N([H])[H])C([H])C1[H];[H]C1C([H])C(,0.13,0.5554,False,HIWJED;HIWJON
306549977813,2,2,2,2,2,5,Zn,[H]C([H])([H])C([H])([H])N(C(S)S)C([H])([H])C([H])([H])[H];[H]C([H])([H])C([H])(,0.13,1.0084,True,HOHVAB;HOWHOQ
410430752516,2,2,2,2,2,6,Ru,Cl;N=O;[H]C1NC([H])C([H])C([H])C1[H];[H]C1NC([H])C([H])C([H])C1[H];[H]C1NC([H])C,0.13,7.2312,True,IGOWAF;JIQRIN
138899604765,2,2,2,1,1,4,Cu,[H]C1C([H])C([H])C(C2NC3C4NC(C5C([H])C([H])C([H])C([H])C5[H])C([H])C([H])C4C([H],0.13,0.7316,False,IQOXER;POYRAW
936086459807,3,3,3,1,1,4,Ru,C#O;[H]C1=C([H])N(C([H])([H])[H])C(=S)N1B([H])([H])N1C(=S)N(C([H])([H])[H])C([H],0.13,0.6607,False,JEFVOI;JEFWEZ;JEFWUP
125278309353,2,2,2,1,1,4,Pd,Cl;Cl;[H]C1C([H])C([H])C(P(C2C([H])C([H])C([H])C([H])C2[H])C2C([H])C([H])C3C([H],0.13,0.7316,False,KADGOM;KADGUS
522418235716,2,2,2,2,1,3,Cu,[H]C([H])([H])C#N;[H]C1C([H])C2C([H])C([H])C(C([H])([H])[H])NC2C2NC(C([H])([H])[,0.13,0.1769,False,KAYWOW;KAYWOW01
606822185272,7,7,7,4,1,6,Fe,N=C=S;N=C=S;[H]C1NC2C3NC([H])C([H])C([H])C3C([H])C([H])C2C([H])C1[H];[H]C1NC2C3N,0.13,3.7319,False,KEKVIF;KEKVIF01;KEKVIF03;KEKVIF04;KEKVIF06;KEKVIF07
981119175776,2,2,2,1,1,4,Fe,Cl;[H]C([H])([H])C([H])(PC([H])(C([H])([H])[H])C([H])([H])[H])C([H])([H])[H];[H],0.13,0.4973,False,KIQKIH;KIQLII
384344048706,2,2,2,2,1,4,Pt,I;[H]C([H])([H])OP1N(C([H])([H])[H])C([H])([H])C([H])([H])N1C([H])([H])[H];[H]C(,0.13,0.1315,False,LABYOE;LABZIZ
629511707887,2,2,2,1,1,4,Pd,[H]C1C(Cl)CC(C([H])(N(C([H])([H])[H])C([H])([H])[H])C([H])([H])[H])C(Cl)C1[H];[H,0.13,0.1432,False,LIXKOU;LIXKUA
814495327175,2,2,2,1,1,4,Cu,Br;Br;[H]C1NC([H])C(C#N)C([H])C1[H];[H]C1NC([H])C(C#N)C([H])C1[H],0.13,0.222,False,MAHVOH;MAHVOH01
396529288578,3,3,2,1,1,5,Co,[H]C1([H])N2C([H])([H])N3C([H])([H])N1C([H])([H])N(C2([H])[H])C3([H])[H];[H]C1=C,0.13,0.136,False,NIVDUU;NIVDUU01;NIVDUU02
380006376331,2,2,2,2,2,6,Ru,[H]C1C([H])C([H])C(P(C2C([H])C([H])C([H])C([H])C2[H])C([H])([H])C2C([H])C([H])C(,0.13,2.2138,True,NUWGOB;PAVGAV
27844970562,2,2,2,2,1,6,Fe,[H]C([H])([H])SC(=C(C#N)C#N)C(C#N)C#N;[H]C([H])([H])SC(=C(C#N)C#N)C(C#N)C#N;[H]C,0.13,1.4359,False,OSISOB;OSISUH
848693382028,2,2,2,1,1,5,Mn,Br;Br;Br;Br;Br,0.13,0.1432,True,OZERAO;OZERAO01
420315095065,2,2,2,2,1,3,Ag,[H]C1C([H])C([H])C(C(=O)S)C([H])C1[H];[H]C1C([H])C([H])C(P(C2C([H])C([H])C([H])C,0.13,0.1334,True,QEGSIE;QEGSIE01
462805989867,3,3,3,2,2,4,Cu,[H]N=C(N=C1NC(=O)C(C2C([H])C([H])C([H])C([H])C2[H])(C2C([H])C([H])C([H])C([H])C2,0.13,7.8208,False,QENXAJ;QENXEN;QENXIR
80365038177,2,2,2,1,1,5,Co,FC1C(F)C(F)C(c2c3nc(c(C4C(F)C(F)C(F)C(F)C4F)c4[nH]c(c(Br)c4Br)c(C4C(F)C(F)C(F)C(,0.13,2.7531,False,ROYVUA;ROYWAH
521408586566,3,3,3,1,1,6,Fe,N=C=S;N=C=S;[H]C1NC(N(C2NC(OC3C(F)C(F)C(F)C(F)C3F)NC(OC3C(F)C(F)C(F)C(F)C3F)N2)C,0.13,0.4684,False,SEYDAD;SEYDAD01;SEYDAD02
123757341473,2,2,2,2,1,4,Fe,[H]C1([H])C2([H])C([H])([H])C3([H])C([H])([H])C1([H])C([H])([H])C(N)(C2([H])[H]),0.13,0.3087,False,SICZIR;SICZOX
697101694038,2,2,2,1,1,4,Pt,[H]C1C([H])C([H])C(P(C2C([H])C([H])C([H])C([H])C2[H])C([H])([H])C([H])([H])P(C([,0.13,0.1703,False,TAFXAB;VAFFEN01
962328441654,2,2,2,1,1,5,Fe,N=C=S;[H]C(=NC1C([H])C([H])C([H])C([H])C1N=C([H])C(C(=O)OC([H])([H])C([H])([H])[,0.13,0.1315,True,TEBLAP;TEBLAP01
831712612242,4,4,4,4,1,6,Re,Cl;Cl;Cl;Cl;[H]N=C(N([H])C1C([H])C([H])C([H])C([H])C1[H])C([H])([H])[H];[H]N=C(N,0.13,4.7118,True,TESKUX;TESKUX01;TESKUX02;TESLAE
576711030293,3,3,3,2,2,4,Pd,I;I;[H]C1C([H])C([H])C(P(C2C([H])C([H])C([H])C([H])C2[H])C2([H])C([H])([H])N(C([,0.13,8.02,False,TURKEW;TURKIA;TURKOG
548975179603,2,2,2,2,1,4,Au,[H]C1([H])OC([H])([H])C([H])([H])SC([H])([H])C([H])([H])SC1([H])[H];[H]C1([H])OC,0.13,1.4359,False,VOMFAF;VOMFEJ
783563417701,2,2,2,1,1,4,Zn,Cl;[H]c1nn([H])c(C(C([H])([H])[H])(C([H])([H])[H])C([H])([H])[H])c1[H];[H]c1nn([,0.13,0.8994,False,WUGQEU;WUKCUA
473997459471,2,2,2,2,1,6,Mn,[H]C1NC(C(=O)O)C(N([H])[H])NC1[H];[H]C1NC(C(=O)O)C(N([H])[H])NC1[H];[H]O[H];[H]O,0.13,1.3264,False,XAKHIC;XAKJEA
464821354155,2,2,2,2,1,6,Ru,Cl;[H]C([H])([H])P(C([H])(C([H])([H])[H])C([H])([H])[H])C([H])(C([H])([H])[H])C(,0.13,1.0382,True,XULPEA;XULPEA01
501981449476,4,4,4,3,1,6,Zn,[H]C(=O)C1C([H])C([H])C(O)C(OC([H])([H])[H])C1[H];[H]C(=O)C1C([H])C([H])C(O)C(OC,0.13,4.4504,True,YAMXOA;YAMXOA01;YAMXOA02;YAMXOA03
838175007853,2,2,2,1,1,4,Zn,Cl;Cl;[H]c1nc(C2C([H])C([H])C([H])C([H])C2[H])c(C2C([H])C([H])C([H])C([H])C2[H]),0.13,0.9192,False,YASCAY;YASCAY01
125257879378,3,3,3,3,1,4,Pd,Cl;[H]C1CC(N=NC2C([H])C([H])C([H])C([H])C2SC([H])([H])[H])C([H])C([H])C1Cl,0.13,2.853,True,YIDZUH;YIDZUH01;YIDZUH02
818019302921,4,4,4,2,1,4,Cu,[H]C1C([H])C(C2NC(C([H])([H])[H])C([H])C([H])C2[H])NC(C([H])([H])[H])C1[H];[H]C1,0.12,0.6067,True,ABIYER;FAXLAS01;MPYRCU01;REFSUS
959355629303,2,2,2,2,1,6,Ir,C#O;Cl;[H]C1C([H])C([H])C(N=NC(=NO)C2C([H])C([H])C(C([H])([H])[H])C([H])C2[H])C(,0.12,1.5447,True,ACIVAN;ACIVIV
112066356108,2,2,2,2,1,6,Ni,[H]C(=NN([H])C(=O)N([H])[H])C1NC([H])C([H])C([H])C1[H];[H]C(=NN([H])C(=O)N([H])[,0.12,2.9325,False,AKUVEK;KUHGIE
148566672425,2,2,2,1,1,4,Pt,[H]C1NC(C2NC([H])C([H])C(C(C([H])([H])[H])(C([H])([H])[H])C([H])([H])[H])C2[H])C,0.12,0.6217,False,AQULIH;AQULON
430226825850,2,2,2,1,1,4,Cu,[H]C1=NN(B([H])([H])N2N=C([H])C([H])=C2[H])C([H])=C1[H];[H]c1sc([H])c(P(C2C([H]),0.12,0.37,False,ASERAU;ASERAU01
152221336385,2,2,2,1,1,6,Ni,[H]C([H])([H])C([H])([H])C1=C(C([H])([H])C([H])([H])[H])c2nc1c([N+](=O)[O-])c1[n,0.12,0.6119,False,ASIPIB;ASIPUN
111339461595,10,10,8,2,1,4,Pt,Br;[H]C1NC(C2NC(C3NC([H])C([H])C([H])C3[H])C([H])C([H])C2[H])C([H])C([H])C1[H],0.12,0.1921,False,AVEVON;AVEVON01;IHOMIF;IHOMOL;IHONOM;IHONUS
470442640934,5,5,5,1,1,4,Ag,[H]C1NC([H])C([H])C([H])C1[H];[H]C1NC([H])C([H])C([H])C1[H];[H]C1NC([H])C([H])C(,0.12,1.4422,False,BADTEF10;LUJLIP;LUJLOV;LUJLUB;LUJLUB01
76493357819,3,3,3,2,1,6,Ni,[H]C1C(C(=O)O)C([H])C(N([H])[H])C([H])C1C(=O)O;[H]C1NC2C3NC([H])C([H])C([H])C3C(,0.12,0.9961,True,BEHKOQ;BEHKOQ01;UNORIZ
294299505793,3,3,3,2,1,6,Fe,N=C=S;N=C=S;[H]c1nc(C(=O)c2nc([H])c([H])n2C([H])([H])[H])n(C([H])([H])[H])c1[H];,0.12,2.7626,False,BOCYOK;BOCYOK01;BOCYOK02
655267971313,3,3,3,2,2,4,Pt,Cl;Cl;[H]C1C([H])C([H])C(C#N)C([H])C1[H];[H]C1C([H])C([H])C(C#N)C([H])C1[H],0.12,8.4503,False,BUJDOZ01;BUJDUF;BUJDUF01
78615269900,3,3,3,1,1,4,Ni,[H]N1C(=O)C(S)=C(S)C1=O;[H]N1C(=O)C(S)=C(S)C1=O,0.12,0.12,False,CAPPEP;CAPPIT;CAPPOZ
690801961543,8,8,6,2,2,4,Ni,[H]N([H])C(=S)N([H])N([H])[H];[H]N([H])C(=S)N([H])N([H])[H],0.12,8.6304,False,CNITSC;FOVFOM;KELVOO;NSEMSU;NSEMSU02;TNITSC
205140058963,5,5,4,2,1,5,Co,Br;[H]C([H])([H])N(C([H])([H])[H])C([H])([H])C([H])([H])N(C([H])([H])C([H])([H]),0.12,4.3006,True,DMAECO;DMAECO01;DMAECO02;DMAECO03;VOKGOV
500478956497,2,2,2,2,1,6,Cu,O=[N+]([O-])O;O=[N+]([O-])O;[H]N(C([H])([H])[H])C([H])([H])C([H])([H])N([H])C([H,0.12,1.196,False,DMEDCU01;DMEDCU02
847338562787,2,2,2,2,1,4,Fe,Cl;Cl;[H]C1C([H])C2C([H])C3C([H])C([H])C([H])C(C([H])([H])P(C4([H])C([H])([H])C(,0.12,2.8226,False,DUDVIL;DUDVIL01
817826186018,8,8,8,1,1,4,Au,Cl;Cl;[H]C1NC(C2NC([H])C([H])C([H])C2[H])C([H])C([H])C1[H],0.12,0.3418,False,EFAXAO;RAJNAS;RAJNAS01;YIDLOP;YIDLOP01;YIDLOP02
260312384193,2,2,2,2,1,4,Cu,[H]C(C1=NC(=O)C(C([H])([H])C([H])([H])[H])=C1C([H])([H])C([H])([H])[H])=C1NC(=O),0.12,0.1342,True,ELABOK;OWEFAZ
100232775611,2,2,2,2,1,4,Cu,[H]C1=NC(=C(c2[nH]c([H])c([H])c2[H])C2C([H])C([H])C([N+](=O)[O-])C([H])C2[H])C([,0.12,0.8386,False,FOVTAP;GUSPET
946139884317,2,2,2,2,2,5,Ni,Cl;Cl;[H]C1C([H])C([H])C(N(C2NC(N(C3C([H])C([H])C([H])C([H])C3[H])P(C3C([H])C([H,0.12,5.4013,False,GALXIE;GAMKIS
265062080855,3,3,3,2,1,4,Cu,[H]C1NC(C([H])([H])N([H])[H])C([H])C([H])C1[H];[H]C1NC(C([H])([H])N([H])[H])C([H,0.12,0.4884,True,GEVMEZ;GEVMID;GEVMOJ
500950165599,2,2,2,2,1,6,Zn,[H]OC([H])([H])C([H])([H])N([H])C([H])([H])C([H])([H])N([H])[H];[H]OC([H])([H])C,0.12,0.6413,False,HETHIY;XEZQIF
447030464372,2,2,2,2,1,6,Mn,[H]O[H];[H]O[H];[H]O[H];[H]O[H];[H]n1c(=O)[nH]c(=O)n([H])c1=O;[H]n1c(=O)[nH]c(=O,0.12,0.15,False,HILKIX;ZUJKOI
381771815910,2,2,2,1,1,4,Pt,Cl;Cl;[H]C([H])([H])[Si](C([H])([H])[H])(C([H])([H])[H])C([H])([H])[Te]C([H])([H,0.12,0.1769,False,HIXBIA;HIYQIQ
138228646033,2,2,2,1,1,6,Fe,[H]C1NC(C2NC([H])C(C(=O)OC([H])(C([H])([H])[H])C([H])([H])[H])C([H])C2[H])C([H]),0.12,1.5546,False,IDUHAT;IDUHAT01
691386783069,2,2,2,2,1,4,Au,[H]C1C([H])C([H])C(P(C2C([H])C([H])C([H])C([H])C2[H])C([H])([H])C([H])([H])P(C2C,0.12,6.1212,True,JIWKIJ;NETFAV
764792080609,2,2,2,1,1,6,Zr,Cl;Cl;Cl;Cl;Cl;[H]C1([H])OC([H])([H])C([H])([H])C1([H])[H],0.12,0.13,False,JUYWEF;NERTEK
243156339338,2,2,2,1,1,6,Fe,[H]C([H])([H])C([H])([H])SC(=C(C#N)C#N)C(C#N)C#N;[H]C([H])([H])C([H])([H])SC(=C(,0.12,0.7201,False,LADTET;LADTET02
919030244049,2,2,2,2,2,4,Pt,Cl;Cl;[H]C1=C(Br)P(C2C([H])C([H])C([H])C([H])C2[H])C2C([H])C([H])C([H])C([H])C2C,0.12,7.9709,False,LAFPUG;LAFQAN
84840462482,2,2,2,1,1,6,Cu,N#CNC#N;N#CNC#N;[H]C1NC(N([H])C2NC([H])C([H])C([H])C2[H])C([H])C([H])C1[H];[H]C1,0.12,0.8683,False,LEBGAB;LEBGAB01
977583781476,2,2,2,1,1,6,Mo,Cl;Cl;Cl;Cl;[H]C1NC([H])C([H])C(C([H])([H])C([H])([H])[H])C1[H];[H]C1NC([H])C([H,0.12,0.1217,False,MASWOS;MASWUY
946986687097,2,2,2,1,1,6,Cu,[H]C1NN(C([H])(N2NC([H])C([H])C2[H])N2NC([H])C([H])C2[H])C([H])C1[H];[H]C1NN(C([,0.12,0.4561,False,MIGGEP;SUHCAZ
881526229906,2,2,2,2,2,4,Pt,C#N;[H]C1C([H])C([H])C(P(C2C([H])C([H])C([H])C([H])C2[H])C2C([H])C([H])C([H])C([,0.12,9.5508,False,MIRKAC;MIRKEG
119073144609,2,2,2,1,1,4,Fe,[H]C1([H])C2([H])C([H])([H])C3([H])C([H])([H])C1([H])C([H])([H])C(N)(C2([H])[H]),0.12,0.1265,False,MOBNEX;MOBNUN
254516816370,2,2,2,2,1,6,Re,Cl;Cl;Cl;Cl;[H]C1NC([H])C([H])C([H])C1[H];[H]C1NC([H])C([H])C([H])C1[H],0.12,1.6344,True,MUBZIS;PAHMUH
120103133695,2,2,2,2,1,5,Zn,[H]C1C([H])C([H])C(C2NN(B([H])(N3NC(C4C([H])C([H])C([H])C([H])C4[H])C([H])C3C([H,0.12,1.8738,False,NEXCUP;OCOBUE
476824857531,2,2,2,2,2,4,Pd,[H]C1C([H])C(C([H])([H])[H])C([H])C([H])C1C(=O)N=C(S)N(C([H])([H])C([H])([H])[H],0.12,8.9908,False,NIHVUY;NIRXUK
44593025110,2,2,2,2,1,6,Fe,Br;Br;C#O;[H]N(C([H])([H])C([H])([H])P(C([H])([H])C([H])([H])[H])C([H])([H])C([H,0.12,2.2632,False,OROWOJ;OROWOJ01
553317752767,3,3,3,2,2,4,Pt,Cl;Cl;[H]C([H])([H])C([H])([H])C#N;[H]C([H])([H])C([H])([H])C#N,0.12,8.4808,False,OWOLUJ;YODBEY01;YODBIC01
354894878423,2,2,2,2,1,6,Fe,[H]C1C([H])C([H])C(C(=O)O)C([H])C1[H];[H]C1C([H])C2NC(C1[H])C([H])([H])N(C(C([H],0.12,1.0668,False,OZUTAH;OZUTIP
191045068402,2,2,2,2,2,4,Cu,[H]C1C([H])C([N+](=O)[O-])C([H])C([H])C1C(O)NC(S)N(C([H])([H])C([H])([H])[H])C([,0.12,9.0508,False,PAGWEA;PAGWIE
211027077724,3,3,3,2,1,6,Re,Cl;Cl;[H]C1C([H])C([H])C(P(C2C([H])C([H])C([H])C([H])C2[H])C([H])([H])C([H])([H],0.12,1.6208,False,QANPAW;QEFCIQ;WAYFEH
38969092902,2,2,2,1,1,6,Cu,[H]OC(=O)C([H])([H])C(=O)O;[H]OC(=O)C([H])([H])C(=O)O;[H]O[H];[H]O[H],0.12,0.1769,False,RAKWAB;RAKWAB01
796351319913,2,2,2,2,1,6,Cu,[H]N([H])C(=O)C([H])([H])N1C([H])([H])C([H])([H])C([H])(C([H])([H])[H])N([H])C2(,0.12,1.6145,False,RILTOV;SUZTEM
446037849781,3,3,3,1,1,6,Cu,[H]c1nn([H])c([H])c1[H];[H]c1nn([H])c([H])c1[H];[H]c1nn([H])c([H])c1[H];[H]c1nn(,0.12,0.8737,False,RODWOX;RODWOX01;RODWOX02
200698045397,2,2,2,2,1,4,Zn,[H]C(=NC1C([H])C([H])C([H])C([H])C1[H])C1=C([H])C([H])=C([H])C1=C([H])NC1C([H])C,0.12,0.661,False,RUJCUW;YEWKOB01
225724852279,2,2,2,1,1,6,Cu,[H]O[H];[H]O[H];[H]n1nnnc1C([H])([H])c1nnnn1[H];[H]n1nnnc1C([H])([H])c1nnnn1[H],0.12,0.7595,False,SAVPUD;SAVQOY
360066961974,2,2,2,2,1,5,Cu,N=N=N;[H]C1NC(C(=NC([H])([H])C([H])([H])C([H])([H])N=C(C2NC([H])C([H])C([H])C2[H,0.12,0.4176,True,TAYMIQ;YAWRUK
171359218234,2,2,2,1,1,4,Zn,Cl;Cl;[H]OC1C([H])C2C([H])C([H])C([H])C([H])C2C([H])C1C(=O)N([H])N=C([H])C1C([H],0.12,0.2,False,TAYXEA;TAYXIE
751917518995,2,2,2,1,1,6,Cu,Br;Br;[H]N1C([H])([H])C([H])([H])N([H])C([H])([H])C([H])([H])C([H])([H])N([H])C(,0.12,0.1697,False,TEGPOK;TEGPOK01
255078957445,2,2,2,1,1,4,Zn,Cl;Cl;[H]C1NC(C([H])(N=C2C([H])([H])C3([H])C([H])([H])C([H])([H])C2(C([H])([H])[,0.12,0.3046,False,VOHHUY;VOHJAG
886961334918,2,2,2,2,2,6,Co,Cl;[H]c1c(C(OC([H])([H])[H])(c2nn([H])c([H])c2[H])C2NC(C(OC([H])([H])[H])(c3nn([,0.12,0.5727,True,VUBTIY;WIBFUL
190223802432,2,2,2,2,1,6,Co,[H]C1NC(C([H])([H])N2C([H])([H])C([H])([H])N(C([H])([H])C3NC([H])C([H])C([H])C3[,0.12,1.7641,False,WOMYIK;WOMYOQ
301354093446,3,3,3,2,2,4,Pd,[H]C1C([H])C(C(=O)N=C(S)N(C([H])([H])C([H])([H])[H])C([H])([H])C([H])([H])[H])C(,0.12,9.0107,False,WURTEL;WURTEL01;WURTIP
727817048711,2,2,2,2,2,6,Re,N=C=S;N=C=S;N=C=S;N=C=S;N=C=S;O,0.12,1.5546,True,XUCBUT;ZINJIP
682336978100,2,2,2,2,2,4,Pt,[H]C1CC(C2NC([H])C([H])C([H])C2[H])C2C(C([H])C([H])C3C([H])C([H])C4C([H])C([H])C,0.12,6.4511,False,YIKFOP;YIKGAC
793741284128,2,2,2,1,1,6,Ni,[H]C([H])([H])C(=O)O;[H]O[H];[H]O[H];[H]O[H];[H]c1c(C([H])([H])[H])nn([H])c1C([H,0.12,0.9476,False,ZOLYOR;ZOLYUX
203517998705,69,69,11,2,2,4,Cu,[H]C(C(O)C([H])([H])[H])C(O)C([H])([H])[H];[H]C(C(O)C([H])([H])[H])C(O)C([H])([H,0.11,9.26,False,ACACCU01;ACACCU02;ACACCU03;ACACCU04;ACACCU05;ACACCU06
378411884323,2,2,2,1,1,4,Ru,[H]C([H])([H])C1=C(C([H])([H])[H])N(C([H])([H])[H])CN1C([H])([H])[H];[H]C([H])([,0.11,0.1703,False,AFASAD;AFASUX
24708907306,2,2,2,2,2,6,Ni,[H]C([H])(SC([H])([H])C(=O)O)C(=O)O;[H]O[H];[H]O[H];[H]O[H],0.11,2.3326,True,ATPONI;QALDUD
38030006942,10,10,10,1,1,4,Cu,[H]C(=NC([H])([H])C([H])([H])N=C([H])C1C([H])C([H])C([H])C(OC([H])([H])C([H])([H,0.11,0.26,False,AXUTIY;CUNMOO;DEXQIH;EMIXUV;KUPCII;TUMMIZ
699352234602,4,4,4,1,1,4,Co,Br;Br;[H]C1C([H])C2C([H])C([H])C(C([H])([H])[H])NC2C2NC(C([H])([H])[H])C([H])C([,0.11,2.6523,False,BENHAF;XILLOV;XILLOV01;XILLOV02
847592456392,2,2,2,2,1,4,Ag,[H]C1=NN(C([H])([H])N2N=C([H])C3C([H])C([H])C([H])C([H])C32)C2C([H])C([H])C([H]),0.11,0.1703,True,BEQRIA;BEQTAU
404040668805,2,2,2,2,1,5,Co,[H]C1NC(C([H])([H])N(C([H])([H])[H])C([H])([H])C2NC(C([H])([H])N(C([H])([H])[H]),0.11,4.0115,False,BESRIE;CAPKUC
706580359865,2,2,2,1,1,6,Re,C#N;C#N;C#N;C#N;N;[H]N([H])C([H])([H])C([H])([H])N([H])[H],0.11,0.2025,False,BINXIJ;GUHJEC
273845152117,2,2,2,1,1,4,Pd,Cl;Cl;[H]N([H])C([H])([H])C([H])([H])[H];[H]N([H])C([H])([H])C([H])([H])[H],0.11,0.1703,False,BOSJIF;BOSJIF01
43962197594,2,2,2,1,1,6,Zn,[H]OC([H])([H])C([H])([H])N(C([H])([H])C([H])([H])O[H])C([H])([H])C([H])([H])O[H,0.11,0.3384,False,CABTEF;ROLTET
699553542253,2,2,2,2,2,6,Os,Cl;Cl;[H]C1C([SH]([H])N)C([H])C(C([H])([H])[H])C([H])C1C([H])([H])[H];[H]C1NC(C2,0.11,0.5022,True,CAMKOR;QODCOB
222537052087,2,2,2,1,1,4,Cu,[H]C([H])([H])C#N;[H]C([H])([H])C#N;[H]C1C([H])C([H])C(P(C2C([H])C([H])C([H])C([,0.11,0.6888,False,COKLEU;QONGOQ
115551106207,2,2,2,2,2,4,Co,FC1CC(F)C(F)C(F)C1F;FC1CC(F)C(F)C(F)C1F;FC1CC(F)C(F)C(F)C1F;FC1CC(F)C(F)C(F)C1F,0.11,8.4407,False,CUCLOD;MIGVUX
262548639117,2,2,2,2,2,6,Fe,Cl;Cl;Cl;[H]C1NC2C3NC([H])C([H])C([H])C3C([H])C([H])C2C([H])C1[H];[H]O[H],0.11,3.2619,True,DEKHIK;DEKHIK02
141720955180,6,6,6,1,1,4,Hg,N#CS;N#CS;N#CS;N#CS,0.11,0.4472,False,ECOREW;OHOCOE;PIXYOL;SEZBOO10;WEMTOX;YOGNOY
201241419204,2,2,2,2,2,6,Zr,Cl;Cl;Cl;Cl;[H]C([H])([H])C#N;[H]C([H])([H])C#N,0.11,2.8921,True,FAZXEJ;FAZXEJ01
383805558179,2,2,2,1,1,6,Co,[H]N=S(C1C([H])C([H])C([H])C([H])C1[H])C1C([H])C([H])C([H])C([H])C1[H];[H]N=S(C1,0.11,0.6691,False,GAKTOC;GOWYIA
974841566642,2,2,2,1,1,4,Fe,[H]C([H])([H])N#C;[H]C1C([H])C([H])C(P(C([H])(C([H])([H])[H])C([H])([H])[H])C([H,0.11,0.178,False,GEGHIM;GEGJAG
59639026498,2,2,2,2,1,4,Cu,C#O;[H]C1NC(C([H])([H])N(C([H])([H])C2NC([H])C([H])C([H])C2[H])C([H])([H])C2C([H,0.11,3.2918,True,GETDUF;TUZSIR
843845671365,6,6,5,1,1,4,Pd,Br;Br;[H]C1C([H])C([H])C(P(C2C([H])C([H])C([H])C([H])C2[H])C2C([H])C([H])C([H])C,0.11,0.1703,False,GOFKOE;LEJLOF;MAWPEG;MAWPEG01;MAWPEG02;RAVYOC
886693351300,8,8,8,1,1,4,Ni,Cl;Cl;[H]C1C([H])C([H])C(C([H])(C2=NC3C([H])C([H])C([H])C([H])C3N2[H])C2=NC3C([H,0.11,0.7976,False,HUGZUH;HUHBAQ;HUHBAQ01;HUHBEU;HUHBIY;HUHBOE
760703358415,3,3,3,3,2,4,Ir,[H]C([H])([H])P(C([H])([H])[H])C([H])([H])[H];[H]C([H])([H])P(C([H])([H])[H])C([,0.11,6.0305,True,IFOMIA;JIWZUL;VIPKUB
454699211495,9,9,7,2,2,4,Pt,[H]N=C(N(C(=NC1C([H])C([H])C([H])C([H])C1[H])N([H])[H])C1C([H])C([H])C([H])C([H],0.11,7.6704,False,ILUNIO;ILUNOU;KEHLIU;KEHLOA;KEHLUG;TUVTUB
909975770313,2,2,2,2,2,4,Ru,C#O;[H]C1=C([H])N(C([H])([H])[H])C(=S)N1B([H])(N1C(=S)N(C([H])([H])[H])C([H])=C1,0.11,8.5507,False,IMETAV;JEFWID
990544335664,2,2,2,1,1,4,Ni,C#O;[H]C([H])([H])P(C([H])([H])[H])C([H])([H])[H];[H]C1C([H])C([H])C(P(C2C([H])C,0.11,2.2027,False,LEMJOF;LEMKAS
904672410130,3,3,3,2,1,6,Mn,[H]C(C(O)C(F)(F)F)C(O)C(F)(F)F;[H]C(C(O)C(F)(F)F)C(O)C(F)(F)F;[H]O[H];[H]O[H],0.11,0.6351,False,LIKZOU;TEGYIQ;TEGYIQ01
943883182370,3,3,3,1,1,6,Fe,N=C=S;N=C=S;[H]C1NC(N(C2NC(N(C([H])([H])C3C([H])C([H])C([H])C([H])C3[H])C([H])([,0.11,0.5217,False,NASTOS;NASTOS01;NASTOS02
479059840207,2,2,2,1,1,6,Fe,N=C=S;N=C=S;[H]C1NC(N(C2NC([H])C([H])C([H])C2[H])C2NC([H])C([H])C([H])C2[H])NC([,0.11,1.0458,False,NETGEA;NETGEA01
374931808537,2,2,2,1,1,6,Rh,C#O;I;I;[H]C([H])([H])C([H])([H])P(C([H])([H])C([H])([H])[H])C([H])([H])C([H])([,0.11,1.1851,False,NIWPUE;NIWPUE01
117198206920,2,2,2,1,1,4,Ni,[H]C1C([H])C(S(=O)(=O)N=C(S)S)C([H])C([H])C1OC([H])([H])[H];[H]C1C([H])C(S(=O)(=,0.11,0.1628,True,NUZKOJ;NUZKUP
557675138335,2,2,2,1,1,6,Ni,[H]C([H])([H])N1C([H])([H])C([H])([H])SC([H])([H])C([H])([H])SC([H])([H])C1([H]),0.11,0.5217,False,OZEDED;OZEDIH
319409287157,2,2,2,1,1,6,Co,Cl;Cl;[H]OC(C([H])([H])n1nc([H])nc1[H])(C([H])([H])C([H])([H])C1C([H])C([H])C(Cl,0.11,0.1208,False,PACTEX;SEBXEF
295344853976,2,2,2,1,1,4,Cu,[H]C1([H])OC([H])([H])C([H])([H])N(C(S)S)C1([H])[H];[H]C1([H])OC([H])([H])C([H]),0.11,7.6708,False,PIFHAN11;PIFHAN12
592491827974,2,2,2,1,1,2,Co,[H]C1C([H])C(C([H])(C([H])([H])[H])C([H])([H])[H])C(N[Si](C([H])([H])[H])(C([H]),0.11,0.1421,False,PIVHUZ;PIVHUZ01
470576662364,2,2,2,2,1,4,Nb,ClC1CC(Cl)C(Cl)C(Cl)C1Cl;ClC1CC(Cl)C(Cl)C(Cl)C1Cl;ClC1CC(Cl)C(Cl)C(Cl)C1Cl;ClC1C,0.11,2.2327,False,PUVHOE;PUVHUK
412330504664,2,2,2,1,1,4,Pt,C#O;[H]C([H])([H])OC1C(OC([H])([H])[H])C([N+](=O)[O-])CC([N+](=O)[O-])C1OC([H])(,0.11,0.1421,False,QENQAC;QENQEG
599981544087,2,2,2,1,1,4,Cu,[H]C1C([H])C([H])C(P(C2C([H])C([H])C([H])C([H])C2[H])C2C([H])C([H])C([H])C([H])C,0.11,0.3102,False,RARYIU;RIRRER
139361425598,5,5,5,4,1,5,Cu,[H]C1C([H])C(P(C(C([H])([H])[H])(C([H])([H])[H])C([H])([H])[H])C(C([H])([H])[H]),0.11,4.9101,True,REQCIC;REQCIC01;REQCIC02;REQCIC03;REQCIC04
379671642341,3,3,3,1,1,6,Fe,N=C=S;N=C=S;[H]C1NC(N(C2NC(OC3C([H])C([H])C([H])C([H])C3[H])NC(OC3C([H])C([H])C(,0.11,0.6612,False,SEYDUX;SEYDUX01;SEYDUX02
253538072296,2,2,2,2,1,4,Cu,Cl;[H]C1C([H])C([H])C(P(C2C([H])C([H])C([H])C([H])C2[H])C2C([H])C([H])C([H])C([H,0.11,0.512,False,TAJWEI;ZEZKUM
818453624603,2,2,2,1,1,6,Cu,[H]C1NC([H])C(C(=O)N(C([H])([H])C([H])([H])[H])C([H])([H])C([H])([H])[H])C([H])C,0.11,0.1487,False,TALCEQ;TALCEQ01
420243080766,3,3,3,1,1,4,Co,Br;Br;[H]C1NC2C([H])C([H])C([H])C([H])C2C([H])C1[H];[H]C1NC2C([H])C([H])C([H])C(,0.11,0.4924,False,TUSQAB;TUSQAB01;TUSQAB02
427874327315,2,2,2,2,2,4,Pt,[H]C1NC(N(C(S)S)C2NC([H])C([H])C([H])C2[H])C([H])C([H])C1[H];[H]C1NC(N(C(S)S)C2N,0.11,10.4506,False,UHOGIJ;UHOGIJ01
721644685509,3,3,3,2,1,6,Fe,[H]C(=NC([H])([H])C([H])([H])N([H])C([H])([H])C([H])([H])C([H])([H])N([H])C([H]),0.11,3.5317,True,UMAXIQ;UMAXIQ01;UMAXIQ02
541162875348,2,2,2,1,1,4,Cu,Br;Br;[H]C1NC(Cl)C(C([H])([H])[H])C([H])C1[H];[H]C1NC(Cl)C(C([H])([H])[H])C([H]),0.11,0.1208,False,URUSUW;URUSUW01
286492134842,2,2,2,1,1,4,Zn,Cl;Cl;[H]C([H])([H])N(C(=NC1([H])C([H])([H])C([H])([H])C([H])([H])C([H])([H])C1(,0.11,0.1421,False,WELJAB;WELJIJ
589248576798,2,2,2,1,1,4,Cu,[H]C1NC2C(N=C(N(C([H])([H])[H])C([H])([H])[H])N(C([H])([H])[H])C([H])([H])[H])C(,0.11,0.117,True,WIBCAO;WIBCES
787675494657,3,3,3,2,1,6,Mn,F;F;F;[H]C1NC2C3NC([H])C([H])C([H])C3C([H])C([H])C2C([H])C1[H];[H]O[H],0.11,5.781,True,WIVDUB;WIVFAJ;WIVFAJ01
687790755474,2,2,2,1,1,4,Co,Cl;Cl;[H]c1nc(C2C([H])C([H])C([H])C([H])C2[H])c(C2C([H])C([H])C([H])C([H])C2[H]),0.11,0.9563,False,YARYUN;YARYUN01
526055480689,2,2,2,1,1,5,Fe,C#O;[H]c1c2nc(c([H])c3[nH]c(c([H])c4nc(c([H])c5[nH]c1c(C([H])([H])C([H])([H])[H],0.11,0.1253,True,YEQPIU;YEQPOA
400612830042,3,3,3,1,1,4,Ir,C#O;[H]C1C([H])C([H])C(P(C2C([H])C([H])C([H])C([H])C2[H])C([H])([H])P(C2C([H])C(,0.11,0.5025,False,YIYZUE;YIZBAN;YIZBER
151944314291,2,2,2,2,1,6,Ni,[H]OC([H])([H])C([H])([H])N(C([H])([H])C1NC([H])C([H])C([H])C1[H])C([H])([H])C([,0.11,3.8516,False,YOHBAA;YOHBEE
63540005199,2,2,2,1,1,6,Co,[H]N1C([H])([H])C([H])([H])N([H])C([H])([H])C2([N+](=O)[O-])C([H])([H])N([H])C([,0.1,0.4805,False,AMIKAI;GAWRIG
209613726494,3,3,3,1,1,6,Ni,[H]C(C(O)C([H])([H])[H])C(O)C([H])([H])[H];[H]C(C(O)C([H])([H])[H])C(O)C([H])([H,0.1,2.6309,False,AQACNI02;AQACNI04;SIXPIB
216578955104,2,2,2,1,1,6,Fe,I;I;[H]C1C([H])C([H])C([As](C([H])([H])[H])C([H])([H])[H])C([As](C([H])([H])[H]),0.1,0.2147,False,AWEVIH;AWEVON
789222430887,7,7,5,1,1,4,Pd,[H]N([H])C(=S)N([H])[H];[H]N([H])C(=S)N([H])[H];[H]N([H])C(=S)N([H])[H];[H]N([H],0.1,0.1166,False,AXUQOA;THUPDC01;THUPDC03;THUPDC04;TUFGUW;WIZRED
431825325362,2,2,2,1,1,4,Ni,I;[H]C1C([H])C([H])C(P(C2C([H])C([H])C([H])C([H])C2[H])C([H])([H])C(C([H])([H])[,0.1,0.8559,False,BIXQOR;GEWVUZ10
417597538468,3,3,3,1,1,4,Pd,[H]N([H])C([H])([H])C([H])([H])N1C([H])([H])C([H])([H])C([H])([H])C1([H])[H];[H],0.1,0.1281,False,BOCFII;PIXVUQ;PIXWAX
50854706941,4,4,4,2,1,6,Fe,N=C=[Se];N=C=[Se];[H]c1nc(C(=O)c2nc([H])c([H])n2C([H])([H])[H])n(C([H])([H])[H]),0.1,2.2922,False,BOCZEB;BOCZEB01;BOCZEB02;BOCZEB03
747994816760,2,2,2,2,1,6,Ru,Br;Br;Br;Br;Br;Br,0.1,2.8817,True,BURLEI;SOWQOO
908296306665,2,2,2,1,1,4,Cu,[H]C1C([H])C([H])C2C(N=C(C([H])([H])C([H])([H])C([H])([H])C3=NC4C([H])C([H])C([H,0.1,0.1005,False,CAQMOW;LICQEU
879230348845,2,2,2,2,1,6,Os,[H]C1NC(C([H])([H])N(C([H])([H])C2NC([H])C([H])C([H])C2[H])C([H])([H])C([H])([H],0.1,1.5832,False,CEXFUJ;CEXGEU
23178015724,2,2,2,2,1,5,Zn,[H]C1C([H])C(C([H])([H])[H])C([H])C([H])C1O;[H]c1nc(SC(Sc2nc([H])c([H])n2C([H])(,0.1,4.6411,True,DAJLEI;DAJLIM
347389955249,11,11,8,3,2,4,Pd,Br;[H]C1C([H])C(C([H])([H])P(C(C([H])([H])[H])(C([H])([H])[H])C([H])([H])[H])C(C,0.1,8.5401,False,DEXLOJ01;DEXLOJ02;DEXLOJ03;DEXLOJ04;DEXLOJ05;DEXLOJ06
779593257688,27,27,16,1,1,4,Pt,Cl;[H]C1NC(C2NC(C3NC([H])C([H])C([H])C3[H])C([H])C([H])C2[H])C([H])C([H])C1[H],0.1,0.1562,False,DIZLEF01;HAYNAX;IHOMEB;IHONIG;IHONIG01;IHOPAA
24740102162,2,2,2,2,2,6,Re,Cl;Cl;O;[H]C1C([H])C([H])C(C2=NC([H])([H])C([H])([H])O2)C(O)C1[H];[H]C1C([H])C([,0.1,1.0249,True,DOTWOA;UKUCIP
911086355884,2,2,2,1,1,6,Cu,[H]O[H];[H]O[H];[H]O[H];[H]O[H];[H]c1c(C(=O)O)oc([N+](=O)[O-])c1[H];[H]c1c(C(=O),0.1,0.2786,False,ELEGUZ;ELEGUZ01
136911148638,10,10,10,1,1,4,Co,I;I;I;I,0.1,1.2614,False,EPEDEJ;GELGIP;NULQUH;NULRAO;QIXFUB;ROBXEM
565073943701,2,2,2,1,1,4,Pd,[H]C([H])=C([H])C1([H])C([H])([H])N2C([H])([H])C([H])([H])C1([H])C([H])([H])C2([,0.1,1.4036,False,ESUPUD;ESUQAK
244608339579,5,5,4,2,2,4,Co,[H]C1=C([H])c2nc1c(C1C([H])C([H])C([H])C([H])C1[H])c1[nH]c(c([H])c1[H])c(C1C([H],0.1,8.58,False,FAGCIZ;TPORCP11;TPORCP12;TPORCP13;TPORCP15
298700434216,2,2,2,2,1,4,Cu,[H]C1C([H])C([H])C(P(C2C([H])C([H])C([H])C([H])C2[H])C2C([H])C([H])C([H])C([H])C,0.1,0.5099,False,FAMNOZ;WAZDIN
314990755384,4,4,4,2,1,4,Pt,[H]C1NC2C(O)C([H])C([H])C([H])C2C([H])C1[H];[H]C1NC2C(O)C([H])C([H])C([H])C2C([H,0.1,3.2308,False,FEFCAU;UFASOJ;UFASOJ01;UFASOJ03
411128684134,4,4,3,1,1,4,Cu,I;[H]C1C([H])C([H])C(P(C2C([H])C([H])C([H])C([H])C2[H])C2C([H])C([H])C([H])C([H],0.1,1.0448,False,FEYVEK01;KATXAH;QIXKAK;QIXKAK01
93552152227,2,2,2,1,1,4,Au,Br;[H]C1C([H])C([H])C([As](C2C([H])C([H])C([H])C([H])C2[H])C2C([H])C([H])C([H])C,0.1,1.0448,False,GAQLOC;OBOLID
80058243870,2,2,2,1,1,6,Ti,Cl;Cl;Cl;[H]c1c(C([H])([H])[H])nn([H])c1C(C([H])([H])[H])(C([H])([H])[H])C([H])(,0.1,1.653,False,HIDWUM;HIDWUM01
575538748407,2,2,2,2,2,6,Fe,[H]c1nn(C2NC(n3nc([H])c([H])c3[H])C([H])C(C(=S)N([H])[H])C2[H])c([H])c1[H];[H]c1,0.1,3.8913,True,HIKPEZ;HIKPEZ01
123351860023,4,4,4,2,2,4,Pt,[H]C1C([H])C([H])C(C#C)C([H])C1[H];[H]C1CC(C2NC(C3NC([H])C4C(C3[H])C([H])([H])C3,0.1,8.8205,False,HITGAU;HITGAU01;HITGIC;HITGIC01
970105325511,2,2,2,1,1,6,Cu,[H]c1c(C([H])([H])[H])nn(C2NC(C(=O)O)C(Cl)C([H])C2[H])c1C([H])([H])[H];[H]c1c(C(,0.1,0.1345,False,HIVDEW;PULZAY
285149654378,2,2,2,1,1,6,Re,Cl;Cl;Cl;Cl;N=C=[Se];N=C=[Se],0.1,0.1414,True,HIWWAL;HIWWEP
40231350055,5,5,5,2,1,6,Re,C#N;C#N;[H]C1C([H])C([H])C(P(C2C([H])C([H])C([H])C([H])C2[H])C([H])([H])C([H])([,0.1,2.1515,False,HOZPUH;XAJDOB;XAJDUH;XAJFAP;XAJFET
416469272716,3,3,3,1,1,6,Co,[H]C1C([H])C([H])C(C(O)C([H])C(O)C2C([H])C([H])C([H])C([H])C2[H])C([H])C1[H];[H],0.1,0.2729,False,HUJTUC;HUJTUC01;HUJVEO
914935390619,2,2,2,2,1,6,Mn,[H]OC1C([H])C([H])C([H])C([H])C1C(O)=NN=C(C1NC([H])C([H])C([H])C1[H])C1C([H])C([,0.1,1.8128,False,IGAZEW;IGAZEW01
793090854096,2,2,2,1,1,6,Mo,C#O;C#O;C#O;C#O;[H]C(=C1SC(C([H])([H])[H])=C(C([H])([H])[H])S1)P(C1C([H])C([H])C,0.1,0.461,False,IRAFIQ;IRAFIQ01
219372050725,2,2,2,1,1,6,Ni,Cl;Cl;[H]N1C([H])([H])C([H])([H])N([H])C(C([H])([H])[H])(C([H])([H])[H])C([H])([,0.1,0.5787,False,JADGOK;XALRAG
118115952683,3,3,3,1,1,4,Pt,Cl;Cl;[H]C1NC2C3NC([H])C([H])C([H])C3C([H])C([H])C2C([H])C1[H],0.1,0.3068,False,JEXXEQ;JEXXEQ01;JEXXEQ03
681606107705,2,2,2,2,1,5,Cd,Cl;Cl;[H]C(=NN([H])C(=S)N([H])[H])C1NC([H])C([H])C([H])C1[H],0.1,0.1345,False,JUJSUC;KOMVUG
547545270657,3,3,2,2,2,6,Os,Cl;Cl;[H]C1([H])OC([H])([H])C([H])([H])N(N)C1([H])[H];[H]C1NC(C2NC(C3NC([H])C([H,0.1,2.3022,False,KAFZUM;MEJMUJ;MEJMUJ01
235756186254,2,2,2,2,1,4,Hg,[H]C1CC2C3C(C1[H])C([H])([H])C([H])([H])C3C([H])C([H])C2P(=O)(C1C([H])C([H])C([H,0.1,0.1562,False,KEXWOC;KEXWUI
622009220868,2,2,2,2,2,4,Cu,[H]N([H])C(N([H])C([H])([H])C([H])([H])C([H])([H])C([H])(C(=O)O)N([H])[H])=N([H],0.1,10.5305,True,LAHNOX;MARTOO
396431513639,2,2,2,1,1,5,Mn,[H]C1([H])N2C([H])([H])C([H])([H])N(C1([H])[H])C([H])([H])C2([H])[H];[H]C1C([H]),0.1,0.2147,False,LAZGAX;LEBPUG
320292174384,3,3,3,3,2,4,Ni,[H]C1C([H])C2C([H])C([H])C(C([H])([H])[H])NC2C2NC(C([H])([H])[H])C([H])C([H])C12,0.1,8.2103,False,LIWLUA;LIWMAH;NADCEE
315783411530,3,3,3,1,1,6,Zn,[H]C1NC(C2NC(C([H])([H])N3C([H])([H])C([H])([H])C([H])([H])C3([H])C3([H])N(C([H],0.1,2.062,False,MAGCOP;MAGDAC;MAGDEG
175743497193,4,4,4,1,1,6,Fe,[H]C1C([H])C(B(N2NC(C([H])([H])[H])C([H])C2[H])(N2NC(C([H])([H])[H])C([H])C2[H]),0.1,0.3864,False,MALJIT;MALJIT03;MALJOZ;MALJOZ01
207768349737,5,5,5,2,1,6,Cd,[H]O[H];[H]O[H];[H]c1nc(-c2nc([H])c([H])n2[H])n([H])c1[H];[H]c1nc(-c2nc([H])c([H,0.1,2.5507,False,MEFPOD;MEFQAQ;MEFQIY;MEGJAK01;WUZMUA
284677540838,4,4,3,2,1,6,Zn,[H]c1nnnn1C([H])([H])C([H])([H])C([H])([H])[H];[H]c1nnnn1C([H])([H])C([H])([H])C,0.1,2.9014,False,MEKJER;MEKJER01;MEKJER02;MEKJER04
986113140404,2,2,2,2,2,4,Pt,O=C(O)O;[H]C1C([H])C([H])C(P(C2C([H])C([H])C([H])C([H])C2[H])C([H])([H])C([H])([,0.1,6.9907,False,NAJQOE;NAJQUK
400185826444,2,2,2,2,1,5,Mo,Cl;Cl;O;[H]C1C([H])C([H])C(S)C(S)C1[H],0.1,0.1166,True,OLOGEF;XOCQAH
878519718394,2,2,2,2,1,6,Co,[H]N([H])C(=N[N+](=O)[O-])N([H])N([H])[H];[H]N([H])C(=N[N+](=O)[O-])N([H])N([H]),0.1,1.7529,False,PITDUT;PITHAD
155400861409,2,2,2,2,1,6,Zn,[H]N([H])C(=N[N+](=O)[O-])N([H])N([H])[H];[H]N([H])C(=N[N+](=O)[O-])N([H])N([H]),0.1,2.532,False,PITFUV;PITGIK
82377867305,2,2,2,1,1,6,Fe,[H]B([H])([H])C#N;[H]B([H])([H])C#N;[H]C1NC2C(C([H])C1[H])C([H])C([H])C([H])C2N(,0.1,0.1,False,PUFWIA;PUFWIA01
414927333743,2,2,2,1,1,6,Fe,[H]C([H])([H])C#N;[H]C1NC(C(C2NC([H])C([H])C([H])C2[H])(C2NC(C(C([H])([H])[H])(C,0.1,0.102,False,PUMJIU;PUMJOA
226727427476,2,2,2,1,1,4,Fe,[H]C1C([H])C([H])C(B(C([H])([H])P(C([H])(C([H])([H])[H])C([H])([H])[H])C([H])(C(,0.1,1.1842,False,QAJPAT;QAJPEX
925244168536,2,2,2,2,2,4,Cu,O=S(=O)(O)C(F)(F)F;[H]c1c(C([H])([H])[H])nn([H])c1C([H])([H])[H];[H]c1c(C([H])([,0.1,5.8209,False,REVSOB01;REVSOB02
809303943738,5,5,5,2,2,5,Pd,I;I;[H]C1([H])SC([H])([H])C([H])([H])SC([H])([H])C([H])([H])SC1([H])[H],0.1,5.5801,False,SOGFOL05;SOGFOL06;SOGFOL08;SOGFOL09;SOGFOL10
783564063777,2,2,2,1,1,6,Fe,N=C=S;N=C=S;[H]c1c([H])c([H])n2c(C3NC([H])C([H])C([H])C3[H])nnc2c1[H];[H]c1c([H],0.1,1.3038,False,SOSGEN04;SOSGEN05
566190978471,3,3,3,3,1,6,Fe,[H]C1NC(C2NC([H])C([H])C(C([H])([H])[H])C2[H])C([H])C(C([H])([H])[H])C1[H];[H]C1,0.1,6.7206,True,SOWGAP;SOWGAP01;SOWGAP02
875985823042,2,2,2,1,1,4,Pt,[H]C([H])([H])C([H])([H])P(C([H])([H])C([H])([H])[H])C([H])([H])C([H])([H])[H];[,0.1,0.1887,False,SUJCAB;SUJCEF
558238122627,2,2,2,1,1,6,Zn,[H]OC(=O)C1C(C(=O)O)NC2C([H])C([H])C([H])C([H])C2C1[H];[H]OC(=O)C1C(C(=O)O)NC2C(,0.1,0.2147,False,TIBPEB;TIBQIG
882294760193,2,2,2,1,1,6,Cu,[H]C1NC([H])C([H])C(C2C([H])C([H])NC([H])C2[H])C1[H];[H]C1NC([H])C([H])C(C2C([H],0.1,0.3929,False,TIJQEI;TIJQEI02
87416258563,4,4,3,3,1,5,Co,C#O;C#O;C#O;[H]C([H])C(=O)OC1([H])C([H])([H])C([H])([H])C([H])([H])C([H])([H])C1,0.1,4.6911,True,TIYWED;TIYWED01;TIYWED02;TIYWED03
257448569158,2,2,2,1,1,4,Zn,[H]C(=NC1([H])C([H])([H])C([H])([H])C([H])([H])C1([H])[H])C1C([H])C(Br)C([H])C([,0.1,0.2236,False,UKUXEE;UKUXII
654793341670,2,2,2,1,1,4,Pd,[H]N([H])C1([H])C([H])([H])C([H])(N([H])[H])C([H])([H])C([H])(N([H])([H])[H])C1(,0.1,0.1345,False,UNABOA;UNABUG
854019719096,2,2,2,1,1,4,Ni,[H]C([H])([H])C([H])(P(NP(C([H])(C([H])([H])[H])C([H])([H])[H])C([H])(C([H])([H],0.1,0.1281,False,UTAZAS;UTAZEW
582802352271,2,2,2,1,1,6,Cu,[H]OC(=O)C1C([H])C([H])C(C(=O)O)C([N+](=O)[O-])C1[H];[H]OC(=O)C1C([H])C([H])C(C(,0.1,0.2326,False,VEQXUL;VEQXUL01
799325070232,2,2,2,2,2,4,Pt,Cl;[H]C1C(C2=NC3C([H])C([H])C([H])C([H])C3N2C([H])([H])[H])NC(C2=NC3C([H])C([H]),0.1,8.3706,False,VIXRAW;WURGAU
951507469434,3,3,3,1,1,4,Ag,[H]C([H])([H])C#N;[H]C1C([H])[CH]([Bi]([CH]2NC(C([H])([H])[H])C([H])C([H])C2[H]),0.1,0.8459,False,VUGSEY;VUGSIC;VUGVOL
642170473210,2,2,2,1,1,4,Co,Cl;Cl;[H]C1NC2C([H])C([H])C([H])C([H])C2C([H])C1[H];[H]C1NC2C([H])C([H])C([H])C(,0.1,0.3353,False,VUWZIW;VUWZIW01
846866144839,2,2,2,2,2,4,Pt,[H]C1CC(OP(C([H])(C([H])([H])[H])C([H])([H])[H])C([H])(C([H])([H])[H])C([H])([H],0.1,6.6108,False,WIBCEQ;WICBUG
121194316008,2,2,2,1,1,6,Mn,[H]O[H];[H]O[H];[H]c1c(C([H])([H])[H])oc(=O)c(C(=O)C([H])([H])[H])c1O;[H]c1c(C([,0.1,0.4123,False,XODMIM;XODMIM01
739491896,2,2,2,2,2,6,W,C#O;C#O;C#O;C#O;C#O;[H]C1C([H])C([H])C(CN([H])[H])C([H])C1[H],0.1,3.2216,False,XUTLEE;XUTLEE01
723361651922,2,2,2,2,1,6,Co,[H]C1C([H])C([H])C(C(=O)O)C([H])C1[H];[H]C1C([H])C([H])C(C(=O)O)C([H])C1[H];[H]C,0.1,0.7566,True,ZEQXUQ;ZEQXUQ01
783983871721,2,2,2,1,1,4,Ag,[H]C1C([H])C(P(C2C([H])C([H])C([H])C(C([H])([H])[H])C2[H])C2C([H])C([H])C([H])C(,0.1,0.1281,False,ZUJSOO;ZUJSOO01
890339788670,2,2,2,2,1,6,Ru,Cl;Cl;[H]C1C([H])C([H])C(P(C2C([H])C([H])C([H])C([H])C2[H])C([H])([H])C2([H])C([,0.09,2.022,False,AHALED;CUPPAH
813765742258,3,3,3,1,1,4,Pd,[H]C(=NC([H])([H])C([H])=C([H])[H])C1C([H])C([H])C([H])C([H])C1O;[H]C(=NC([H])([,0.09,0.1204,False,ASALPD10;ASALPD11;ASALPD12
805312866635,2,2,2,2,1,6,Fe,N=C=S;N=C=S;[H]c1sc(C2=NC3C4C([H])C([H])C([H])NC4C4NC([H])C([H])C([H])C4C3N2[H]),0.09,4.4309,True,ATAVEY;ATAVEY01
289070648507,4,4,4,4,1,5,Cu,N=C=S;[H]C1NC(C2NC([H])C([H])C([H])C2[H])C([H])C([H])C1[H];[H]C1NC(C2NC([H])C([H,0.09,5.3508,True,BAHZIT;GICZUN;OCITAY;SAVQEL
431703858710,2,2,2,1,1,6,Fe,[H]C1NC([H])N(B([H])(N2NC([H])NC2[H])N2NC([H])NC2[H])N1;[H]C1NC([H])N(B([H])(N2N,0.09,0.1581,False,BAXFIS02;BAXFIS03
983083453514,2,2,2,1,1,6,Cd,[H]N([H])C([H])([H])C([H])([H])N([H])[H];[H]N([H])C([H])([H])C([H])([H])N([H])[H,0.09,0.5672,False,CATLAM;PELXIO
283321622186,2,2,2,1,1,4,Ni,C#N;[H]C1C([H])C([H])C(SC2C([H])C([H])C([H])C([H])C2S)C(S)C1[H],0.09,0.0906,False,CEQSIA;XEBQOK
621510289459,2,2,2,1,1,4,Pd,Cl;[H]C1C([H])C2C([H])C([H])C(C([H])([H])C([H])(C(=O)OC([H])(C([H])([H])[H])C([H,0.09,0.0985,False,DAGMUT;DAGMUT01
149803519391,4,4,4,1,1,4,Pt,[H]C1CC2C3NC([H])C([H])C([H])C3C([H])C([H])C2C([H])C1[H];[H]C1NC(C(=O)O)C2C([H]),0.09,0.1924,False,DEDGUR;DEDHAY;DEDHAY01;DEDHAY02
435325626126,2,2,2,1,1,4,Pd,[H]C1C([H])C([H])C(P(C2C([H])C([H])C([H])C([H])C2[H])C2C([H])C([H])C3C([H])C([H],0.09,0.3905,False,DIBKAB;TEWQES
264412480337,4,4,4,2,1,5,Zn,[H]C1C(C(=O)O)NC2C([H])C([H])C([H])C([H])C2C1[H];[H]C1C(C(=O)O)NC2C([H])C([H])C(,0.09,4.32,True,DUBMEV;DUBMIZ;DUBMOF;DUBMUL
518947965262,2,2,2,2,1,6,Fe,N=C=S;N=C=S;[H]C1NC([H])C(C2=NC3C4C([H])C([H])C([H])NC4C4NC([H])C([H])C([H])C4C3,0.09,1.4827,True,DUKJAW;DUKJAW01
812655566314,2,2,2,2,2,4,Pt,Cl;Cl;[H]ON=C(C([H])([H])[H])C([H])([H])[H];[H]ON=C(C([H])([H])[H])C([H])([H])[H,0.09,8.0805,False,EHISUL;SOHSAL
251264380520,4,4,3,1,1,4,Zn,Cl;Cl;[H]O[H];[H]O[H],0.09,0.2816,False,ELUCAQ;OMILIH;TEVVIA;TEVVIA01
931593196820,2,2,2,1,1,6,Ni,Cl;Cl;[H]C1C([H])C([H])C(P(C2C([H])C([H])C([H])C([H])C2[H])C([H])([H])C2=NC([H]),0.09,0.6859,False,FANDUV;FANFAD
594306054026,3,3,3,2,1,4,Ni,[H]C(=NN=C(S)N([H])C1C([H])C([H])C([H])C([H])C1[H])C1C([H])C([H])C([H])C([H])C1O,0.09,0.4198,False,FISYAI;FISYAI01;FISYEM
851625309111,2,2,2,2,2,6,Mo,Cl;Cl;O;O;[H]C1C([H])C(C([H])([H])[H])C([H])C([H])C1S(=O)C([H])([H])[H];[H]C1C([,0.09,2.8714,True,GAJQAL;GAJQIT
571453098281,4,4,3,1,1,4,Cu,[H]N([H])C(=S)N([H])N([H])[H];[H]N([H])C(=S)N([H])N([H])[H],0.09,0.1273,False,GEMNUJ;KELVUU;RIHBES;XEMZAS
729329720064,3,3,3,2,1,4,Zn,[H]C1C([H])C([H])C(C2=NC3C([H])C([H])C([H])C([H])C3N2[H])C(O)C1[H];[H]C1C([H])C(,0.09,0.9045,True,GEPDAH;GEPDAH01;HAVBOW
861042649148,2,2,2,2,2,6,Mo,O;O;[H]c1oc(C([H])([H])[H])c(O)c(=O)c1[H];[H]c1oc(C([H])([H])[H])c(O)c(=O)c1[H],0.09,1.4728,True,GEPNUK;JISLIK
918849358203,2,2,2,2,2,4,Pt,Br;[H]C(=NC([H])([H])C([H])([H])N(C([H])([H])[H])C([H])([H])[H])C1C(F)C([H])C([H,0.09,9.4704,False,GUVMIV;GUVMOB
28286029613,3,3,3,1,1,4,Co,Cl;Cl;Cl;[H]OC([H])(C1C([H])C([H])NC2C([H])C([H])C([H])C([H])C21)C1([H])C([H])([,0.09,0.7543,False,HATHEQ;OKEDER;WUXQIP
244299354580,2,2,2,2,2,4,Cu,[H]N=C([H])C1C([H])C(Cl)C([H])C([H])C1O;[H]N=C([H])C1C([H])C(Cl)C([H])C([H])C1O,0.09,8.8005,False,HOSPUB;HUCKUM
972782459167,2,2,2,1,1,6,Cr,C#O;C#O;C#O;C#O;C#O;[H]C([H])([H])CN(C([H])([H])[H])C([H])([H])[H],0.09,0.1204,False,HUVYUW;HUVZAD
395127920386,2,2,2,1,1,6,Ti,F;F;F;F;[H]C1C([H])C([H])C(P(=O)(C2C([H])C([H])C([H])C([H])C2[H])C2C([H])C([H])C,0.09,0.2941,False,IBEGIG;VACRIC
651943902361,2,2,2,2,1,6,W,N#CC(S)=C(S)C#N;N#CC(S)=C(S)C#N;N#CC(S)=C(S)C#N,0.09,2.022,False,IBOJIU;IHUVUE
345949036658,2,2,2,1,1,4,Cd,I;I;[H]C1NC([H])C([H])C([H])C1[H];[H]C1NC([H])C([H])C([H])C1[H],0.09,0.0949,False,IPAYAZ;IPAYAZ01
755715225679,3,3,3,1,1,6,Cd,[H]C1NC([H])C([H])C([H])C1[H];[H]C1NC([H])C([H])C([H])C1[H];[H]OB1OB2OB3OB(O[H]),0.09,1.13,False,ISEFIX;ISEFOD;ISEFUJ
523133597591,2,2,2,1,1,4,Cr,Br;O;O;O,0.09,0.0985,False,IXINOV01;LUSWEF
629113539510,2,2,2,1,1,5,Zn,Cl;Cl;[H]C1C(C(=NC2C(C([H])(C([H])([H])[H])C([H])([H])[H])C([H])C([H])C([H])C2C(,0.09,0.103,False,JODJOE;KALLEP
573466187300,4,4,4,1,1,4,Co,C#O;C#O;C#O;[H]C1C([H])C([H])C(P(C2C([H])C([H])C([H])C([H])C2[H])C2C([H])C([H])C,0.09,0.6926,False,KUDJEY;PEGKER10;PSNCOA;XOMHEP
558951275097,2,2,2,1,1,6,Co,[H]C1C([H])C([PH](S)(S)OC([H])(C([H])([H])[H])C([H])([H])[H])C([H])C([H])C1OC([H,0.09,0.2563,False,LABYUM;LABYUM01
275090548538,2,2,2,1,1,4,Cu,[H]C([H])([H])N(C([H])([H])[H])C([H])([H])C([H])([H])N(C([H])([H])C([H])([H])N(C,0.09,0.1273,False,LAQLOE;NUDMIJ
467475113461,2,2,2,1,1,4,Co,Cl;[H]C1C(C([H])([H])[H])N(B([H])(N2NC(C(C([H])([H])[H])(C([H])([H])[H])C([H])([,0.09,0.2102,False,LEWJIH;LEWJIH02
337393751083,2,2,2,2,1,4,Cu,[H]C1C([H])C([H])C(P(C2C([H])C([H])C([H])C([H])C2[H])C2C([H])C([H])C([H])C3C2OC2,0.09,0.6265,False,LUBZAM;YOGDAC
636782947153,2,2,2,1,1,4,Cd,[H]N([H])C(=S)N([H])[H];[H]N([H])C(=S)N([H])[H];[H]N([H])C(=S)N([H])[H];[H]N([H],0.09,0.5672,False,MAKVAV;MAKVAV01
170814143793,3,3,3,1,1,4,Fe,Br;Br;Br;N=O,0.09,0.1726,False,MIVRER;MIVSOC;MIVSUI
645200893529,2,2,2,1,1,5,Zn,Cl;Cl;[H]C(=NN([H])C(=O)C1C([H])C([H])NC([H])C1[H])C1NC([H])C([H])C([H])C1[H],0.09,0.1204,False,NABNAI;NABNAI01
715940171475,2,2,2,1,1,6,Cu,O=[N+]([O-])O;O=[N+]([O-])O;[H]c1nc([H])n(C([H])([H])[H])c1[H];[H]c1nc([H])n(C([,0.09,0.2846,False,NICPEU;NICPEU01
288555353472,2,2,2,1,1,4,Au,Cl;[H]C1C([H])C([H])C([As](C2C([H])C([H])C([H])C([H])C2[H])C2C([H])C([H])C([H])C,0.09,0.9244,False,OBOLEZ;OBOLEZ01
712306787025,2,2,2,2,2,4,Pd,I;[H]C([H])([H])N(C([H])([H])[H])C([H])([H])C([H])([H])N(C([H])([H])[H])C([H])([,0.09,7.9305,False,PAJQAS;PAJQAS01
477202487896,2,2,2,2,1,4,Zn,Br;Br;[H]C1NC(C([H])([H])SSC([H])([H])C2NC([H])C([H])C([H])C2[H])C([H])C([H])C1[,0.09,0.2941,False,PAXTOB;PAXTUH
644339386828,2,2,2,2,1,5,Fe,Cl;[H]C1C([H])C([H])C(P(C2C([H])C([H])C([H])C([H])C2[H])N2C(P(C3=C(C([H])([H])[H,0.09,4.3309,False,PEVHAC;PEVHOQ
39912088184,2,2,2,2,2,4,Pd,Cl;Cl;[H]C1NC2C(O)C(Br)C([H])C(Br)C2C([H])C1[H],0.09,2.4916,True,PIMTIQ;XAWTOI
589291208671,2,2,2,2,2,6,Ir,[H]C1CC(C2NC([H])C([H])C([H])C2[H])C(F)C([H])C1F;[H]C1CC(C2NC([H])C([H])C([H])C2,0.09,6.6006,False,QAXLAE;QOLKAE
17980864378,7,7,7,1,1,6,Cu,[H]C1C([H])C([H])C2C(C(=O)NS2(=O)=O)C1[H];[H]C1C([H])C([H])C2C(C(=O)NS2(=O)=O)C1,0.09,0.6251,False,QOFPUX03;ZZZFQQ02;ZZZFQQ11;ZZZFQQ12;ZZZFQQ14;ZZZFQQ15
516368479107,2,2,2,2,1,4,Cu,[H]C(=NC([H])([H])C([H])([H])N=C([H])C1C([H])C([H])C(N(C([H])([H])C([H])([H])[H],0.09,0.247,False,QOYPAY;YEKXUL
169168774393,2,2,2,2,1,4,Cu,N=C=S;[H]C1C([H])C([H])C(P(C2C([H])C([H])C([H])C([H])C2[H])C2C([H])C([H])C([H])C,0.09,3.6011,True,QUQFOX;QUQFOX01
653297924882,2,2,2,2,1,4,Co,Cl;Cl;[H]C1NC(C([H])([H])[Se]C([H])([H])C2NC([H])C([H])C([H])C2[H])C([H])C([H])C,0.09,1.9521,False,QUWGIZ;QUWGIZ01
451741737450,2,2,2,1,1,4,Ag,O=[N+]([O-])O;[H]C1NC(N([H])[H])C([H])C([H])C1[H];[H]C1NC(N([H])[H])C([H])C([H]),0.09,1.8921,False,RAZBIE;RAZBIE01
226021273506,4,4,4,2,2,4,Ni,Cl;[H]C1C([H])C([H])C(P(C2C([H])C([H])C([H])C([H])C2[H])C2C([H])C([H])C([H])C([H,0.09,8.5701,False,RUHXAV;VALCIV;VALCIV01;VALCIV02
328834,2,2,2,2,2,4,Pt,Cl;Cl;[H]C1C([H])C([H])C(SC2C([H])C([H])C([H])C([H])C2[H])C([H])C1[H];[H]C1C([H],0.09,8.1905,False,SUZXUG;SUZYAN
964506509329,2,2,2,1,1,6,Cu,[H]C1NC([H])C(C(=O)N(C([H])([H])C([H])([H])[H])C([H])([H])C([H])([H])[H])C([H])C,0.09,0.4491,False,TALBOZ;TALBOZ01
20031179580,2,2,2,1,1,5,Mn,C#N;[H]C1=C([H])c2nc1c(C1C([H])C([H])C([H])C([H])C1[H])c1[nH]c(c([H])c1[H])c(C1C,0.09,0.0949,False,USIPET;USIPET01
240365932150,2,2,2,1,1,4,Pd,[H]C1C([H])C([H])C(C([H])([H])P(C(C([H])([H])[H])(C([H])([H])[H])C([H])([H])[H]),0.09,0.5672,False,UVOBIT;UVUSIQ
257310717510,2,2,2,1,1,4,Ni,Cl;[H]C1C([H])C([H])C(P(C2C([H])C([H])C([H])C([H])C2[H])C2C([H])C([H])C([H])C([H,0.09,0.1082,False,UWILUI;UWILUI01
689204782314,2,2,2,2,1,6,Ta,Cl;Cl;[H]C1C(Br)C([H])C(C([H])(C([H])([H])[H])C([H])([H])[H])C(O)C1C([H])(C([H]),0.09,1.4129,False,VIPQAM;VIPQEQ
798333743396,2,2,2,2,1,6,W,C#O;N=O;[H]C(=CC(=O)OC(C([H])([H])[H])(C([H])([H])[H])C([H])([H])[H])C(=O)OC(C([,0.09,4.5609,False,VOTWUW;VOTXAD
922611998628,2,2,2,1,1,6,Zn,[H]C1C(C(=O)O)NC(C2NC(C(=O)O)C([H])C([H])C2[H])C([H])C1[H];[H]O[H];[H]O[H],0.09,0.103,False,WEGHOH;WEGHOH01
283228617123,2,2,2,2,2,4,Pd,N=N=N;[H]C1C([H])C([H])C(P(C2C([H])C([H])C([H])C([H])C2[H])C2C([H])C([H])C([H])C,0.09,8.0805,False,WODCAV;WODCAV01
445131434598,2,2,2,2,2,4,Rh,Cl;[H]c1c(C([H])([H])P(C(C([H])([H])[H])(C([H])([H])[H])C([H])([H])[H])C(C([H])(,0.09,8.1305,False,WUCPUI;WUCQIX
73598018285,2,2,2,2,2,6,Zn,[H]C(=NC([H])([H])C([H])([H])N([H])C([H])([H])C([H])([H])N([H])C([H])([H])C([H]),0.09,2.1619,True,XACMOE;XACMOE01
839603234637,2,2,2,2,1,5,Co,Cl;Cl;[H]c1nn(C2NC(N([H])P(=O)(C3C([H])C([H])C([H])C([H])C3[H])C3C([H])C([H])C([,0.09,3.3012,False,XANYIX;XANYOD
111216796255,2,2,2,1,1,6,Fe,[H]C(=NC([H])([H])C([H])([H])C([H])([H])N([H])C([H])([H])C([H])([H])N([H])C([H]),0.09,1.5227,False,YELPEO;YELPEO01
83131147304,2,2,2,1,1,5,Cu,Cl;Cl;[H]C1NC(Cl)C(F)C([H])C1[H];[H]C1NC(Cl)C(F)C([H])C1[H];[H]O[H],0.09,0.0949,True,YIXXAH;YIYJOI
430160829954,2,2,2,2,2,4,Pt,Cl;Cl;[H]N=C(OC([H])([H])[H])C([H])([H])[H];[H]N=C(OC([H])([H])[H])C([H])([H])[H,0.09,8.3205,False,YOGCOM;YOGCUS
550398458991,12,12,12,2,2,4,Pt,Cl;Cl;[H]C1([H])SC([H])([H])C([H])([H])SC([H])([H])C([H])([H])SC1([H])[H],0.08,9.1601,False,ACUWOK;ACUWOK01;ACUWOK02;ACUWOK03;ACUWOK04;ACUWOK05
411668888190,9,9,9,2,1,4,Pt,Br;Br;[H]C1([H])SC([H])([H])C([H])([H])SC([H])([H])C([H])([H])SC1([H])[H],0.08,0.4205,False,ACUWUQ;ACUWUQ04;ACUWUQ05;ACUWUQ06;ACUWUQ07;ACUWUQ08
490824583153,2,2,2,2,1,5,Ag,O=[N+]([O-])O;[H]C1NC2C3NC([H])C([H])C([H])C3C(=O)C2C([H])C1[H];[H]C1NC2C3NC([H],0.08,4.0608,False,ALUNUR;ALUNUR01
324195926845,19,19,16,1,1,4,Tc,O;O;O;O,0.08,0.6926,False,AMOGIS;AMOGUE;AYAKET;AZEMUO;BODBAB;DUGNEY10
15750470202,3,3,3,1,1,4,Pd,Cl;[H]C1C([H])C([H])C(P(C2([H])C([H])([H])C([H])([H])C([H])([H])C([H])([H])C2([H,0.08,0.272,False,ASUYAP;WETDAC;WETDAC01
316807219067,2,2,2,2,2,4,Cu,[H]C1=NC(=C(c2[nH]c([H])c([H])c2[H])C2C([H])C([H])NC([H])C2[H])C([H])=C1[H];[H]C,0.08,7.0605,False,ATEVAW;ATEVAW01
365440539243,3,3,3,2,2,4,Fe,[H]B123B45(Cl)B67([H])C89([H])C1%10([H])B21%11([H])B432([H])B563([H])B784([H])B%,0.08,17.86,False,AXANIZ;AXANOF;UWOWEK
680588001189,6,6,6,3,1,5,Zn,Cl;Cl;[H]C(=NC([H])([H])C([H])([H])N1C([H])([H])C([H])([H])OC([H])([H])C1([H])[H,0.08,5.0705,True,BACMEC;BACWEM;BACWIQ;BACXAJ;BACXOX;BACYIS
883077938427,3,3,3,2,1,6,Ru,N=O;[H]N([H])[H];[H]N([H])[H];[H]N([H])[H];[H]N([H])[H];[H]O[H],0.08,1.3524,True,BADXAH01;BADXAH02;LABBOK
773157999995,2,2,2,2,2,4,Pd,[H]C1=C([H])N(C([H])([H])[H])CN1C([H])([H])[H];[H]C1=C([H])N(C([H])([H])[H])CN1C,0.08,7.6904,False,BAPJEK;BAPJOU
589997572379,2,2,2,2,2,6,Mo,O;O;[H]C([H])[H];[H]C([H])[H];[H]C1NC(C2NC([H])C([H])C([H])C2[H])C([H])C([H])C1[,0.08,7.5404,True,BEKNEK;BEKNEK01
445402844314,8,8,8,2,1,6,Zn,[H]O[H];[H]O[H];[H]c1nc(-c2nc([H])c([H])n2[H])n([H])c1[H];[H]c1nc(-c2nc([H])c([H,0.08,1.7307,False,BIJRAO;HOKBIS;MEFPIX;MEFPUJ;MEFQEU;OZAJEG
398805767766,4,4,4,2,2,4,Ag,FC(F)F;FC(F)F;FC(F)F;FC(F)F,0.08,8.4404,False,BIKKAK;OCEGEM;OCEGIQ;OCEGUC
570339886635,2,2,2,2,2,5,V,O;O;[H]C(=NC([H])([H])C([H])([H])N(C([H])([H])C([H])([H])[H])C([H])([H])C([H])([,0.08,5.3206,False,BOKPOI;BOKPOI01
363827022317,2,2,2,2,2,4,Pt,[H]C1C([H])C(C([H])([H])[H])C(N#C)C(C([H])([H])[H])C1[H];[H]C1C([H])C(C([H])([H],0.08,9.0404,False,BUBKIT;BUBKOZ
81668120027,2,2,2,1,1,4,Cu,[H]C1C(OC([H])([H])[H])C([H])C(C(C([H])([H])[H])(C([H])([H])[H])C([H])([H])[H])C,0.08,0.1204,False,CABNIF;CABNIF01
956596277640,22,22,22,1,1,4,Zn,N=C=S;N=C=S;N=C=S;N=C=S,0.08,1.4617,False,CACMUR;DIQNEZ;EJUPUW;GOKVOV;HALXOJ;HIGQEU
215244734556,2,2,2,2,2,5,Cu,Cl;Cl;[H]C1NC(C([H])([H])N([H])C([H])([H])C([H])([H])SC([H])(C2C([H])C([H])C([H],0.08,2.0815,True,CAYXAF;CAYXEJ
23864073426,2,2,2,1,1,5,Re,O;[H]N(C(=O)C([H])(S)C([H])(S)C(=O)N(C([H])([H])C([H])(C([H])([H])[H])C([H])([H],0.08,0.0825,True,CEDTOV;CEDTUB
464418081547,6,6,6,1,1,6,Co,[H]OC([H])([H])C([H])([H])N(C([H])([H])C([H])([H])O[H])C([H])([H])C([H])([H])O[H,0.08,0.9725,False,CERJER;CERPUN;HIQNUT;MABBAV;QABMEP;WEPLIN
425289176597,3,3,3,2,2,4,Pd,I;I;[H]C1C([H])C([H])C2C(C1[H])N(C([H])([H])[H])CN2C([H])([H])[H];[H]C1C([H])C([,0.08,7.6804,False,CIQGEO;PAZJIK;PAZJIK01
377955915805,2,2,2,1,1,4,Pt,Cl;Cl;[H]c1c2sc(c1[H])C(C([H])([H])[H])(C([H])([H])[H])c1c([H])c([H])c(n1[H])C(C,0.08,0.0825,False,COFCIK;COFCOQ
252996476537,4,4,4,1,1,4,Ru,C#O;[H]C1C([H])C([H])C(P(C2C([H])C([H])C([H])C([H])C2[H])C2C([H])C([H])C([H])C([,0.08,0.0806,False,COVDOG;COVDOG01;FUTHIN;FUTHIN01
460931644202,12,12,11,2,1,6,Cu,[H]C([H])([H])OC([H])([H])C(=O)O;[H]C([H])([H])OC([H])([H])C(=O)O;[H]O[H];[H]O[H,0.08,1.63,False,CUACDH02;CUACDH03;CUACDH04;CUACDH05;CUACDH06;CUACDH13
516699770942,2,2,2,2,2,6,V,O;[H]C(C(O)C([H])([H])[H])C(O)C([H])([H])[H];[H]C(C(O)C([H])([H])[H])C(O)C([H])(,0.08,0.1612,True,CUCWUS01;CUCWUS02
111008904627,2,2,2,1,1,4,Pd,[H]C1C([H])C([H])C(P(C2C([H])C([H])C([H])C([H])C2[H])C([H])([H])C([H])([H])P(C2C,0.08,0.1063,False,DAGCOF;ETADIM
438052860258,3,3,3,3,1,6,Cd,Br;Br;[H]C1NC(C2NC([H])C([H])C([H])C2[H])C([H])C([H])C1[H];[H]C1NC(C2NC([H])C([H,0.08,4.2008,True,DEYQUU;DEYQUU01;DEYQUU02
727964603641,2,2,2,2,1,4,Pd,Cl;Cl;[H]C1C(C([H])([H])[H])C([H])C(C([H])([H])[H])C([Te]C2C(C([H])([H])[H])C([H,0.08,0.0825,False,DOKVUW;DOKWAD
284270185384,2,2,2,2,2,5,Cu,Cl;[H]C1NC(N([H])C2NC([H])C([H])C([H])C2[H])C([H])C([H])C1[H];[H]C1NC(N([H])C2NC,0.08,4.3807,True,DOLXEH01;RUGCOO
76444747471,2,2,2,2,2,4,Ni,[H]C1=NC(=C(c2[nH]c([H])c([H])c2[H])C2C([H])C([H])C(SC([H])([H])[H])C([H])C2[H]),0.08,7.0405,False,DOTMOQ;DOTMOQ01
747633392634,3,3,3,2,1,4,Zn,O=C(S)C(=O)S;O=C(S)C(=O)S,0.08,0.7841,False,DOXZEV;HIJGAI;HIJGEM
600021545395,3,3,3,1,1,6,Ru,Br;Br;[H]C([H])([H])C(N#C)(C([H])([H])[H])C([H])([H])[H];[H]C([H])([H])C(N#C)(C(,0.08,0.4201,False,DUDVOQ;XAZYUV;XEBJAS
259049151161,8,8,8,1,1,6,Cd,Cl;Cl;Cl;Cl;Cl;Cl,0.08,0.4301,False,DUQXIX;FOKQUT;LUBSUA;LUYLIE;OBOCEP;TESZAS
332622425517,2,2,2,2,1,6,Ru,Cl;Cl;N=O;[H]C1NC(C([H])([H])C([H])([H])N(C([H])([H])C([H])([H])[H])C([H])([H])C,0.08,2.5113,False,EBAGAR;EBAGEV
810300536270,2,2,2,2,1,5,Zn,[H]C1NC([H])C([H])C([H])C1[H];[H]OC1C([H])C([H])C(c2c3nc(c(C4C(O[H])C([H])C([H]),0.08,0.0943,True,EQUFON;NOGWOX
402363976070,2,2,2,1,1,4,Pd,Cl;[H]C([H])([H])C([H])([H])C1([H])C([H])([H])N2C([H])([H])C([H])([H])C1([H])C([,0.08,0.4965,False,ESUPIR;ESUPOX
671297194307,4,4,4,2,1,6,Mn,N=N=N;N=N=N;[H]C1NC(C2NC([H])C([H])C([H])C2[H])C([H])C([H])C1[H];[H]C1NC(C2NC([H,0.08,2.7209,True,ETEKOD;ETEKOD01;ETEKOD02;ETEKOD03
531210192747,2,2,2,2,1,6,Fe,[H]C(=NC1C([H])C([H])C([H])C2C([H])C([H])C(C([H])([H])[H])NC12)c1nc([H])n([H])c1,0.08,4.2707,True,EXOMOU;EXOMOU01
458568444675,3,3,3,1,1,4,Mn,C#N;C#N;C#N;C#N,0.08,0.7443,False,EZOYIC;EZOYIC01;PEBKIQ
835856325550,2,2,2,2,1,6,Mn,C#N;C#N;C#N;[H]C1C(C([H])([H])[H])NN(B([H])(N2NC(C([H])([H])[H])C([H])C2C([H])([,0.08,0.2435,True,EZOYOI;UKALOI
558721563742,2,2,2,1,1,4,Cu,OC1C(F)C(F)C(F)C(F)C1F;OC1C(F)C(F)C(F)C(F)C1F;OC1C(F)C(F)C(F)C(F)C1F;OC1C(F)C(F),0.08,0.1131,False,FAJMIN;FAJMOT
97656092051,2,2,2,1,1,5,Ni,I;I;[H]C1NC(C2NC(C3NC([H])C([H])C(C(C([H])([H])[H])(C([H])([H])[H])C([H])([H])[H,0.08,0.197,False,FARJAN;LEQVOT
961338260056,2,2,2,2,2,4,Cu,[H]C1C([H])C2C([H])C([H])C(C(F)(F)F)NC2C2NC(C(F)(F)F)C([H])C([H])C12;[H]C1C([H]),0.08,9.5203,False,FATMAP;NOZCOU
817318116194,9,9,8,2,1,4,Pt,Br;Br;[H]C1NC(C2NC([H])C([H])C([H])C2[H])C([H])C([H])C1[H],0.08,2.1202,False,FEVBOA;FUXGUE;MELQOK;MELQOK01;MELQOK02;MELQOK03
457193858638,2,2,2,2,2,4,Pd,Br;Br;[H]C1=C([H])N(C([H])(C([H])([H])[H])C([H])([H])[H])CN1C1C([H])C([H])C([H]),0.08,7.5304,False,FISVIO;FISXAI
721214015466,2,2,2,2,1,5,Co,C#O;C#O;[H]C([H])([H])P(C([H])([H])[H])C([H])([H])[H];[H]C([H])([H])P(C([H])([H],0.08,3.6909,True,FIYMOP;ULUREZ
141789601063,9,9,8,1,1,4,Ni,Cl;Cl;[H]C1C([H])C([H])C(P(C2C([H])C([H])C([H])C([H])C2[H])C([H])([H])C([H])([H],0.08,0.2025,False,FUJXUD;FUJXUD01;FUJXUD02;FUJXUD03;PIFDUD;PIFDUD01
112618874845,2,2,2,1,1,4,Rh,Cl;[H]C1C([H])C([H])C2C(C1[H])N(C([H])([H])P(C(C([H])([H])[H])(C([H])([H])[H])C(,0.08,0.1281,False,GABXAM;PIQJOR
675325834640,2,2,2,1,1,4,Ir,Cl;[H]C1C([H])C([H])C2C(C1[H])N(C([H])([H])P(C(C([H])([H])[H])(C([H])([H])[H])C(,0.08,0.1204,False,GACLAB;UFAHAN
267793786347,3,3,3,1,1,6,Cu,O=S(=O)(O)C(F)(F)F;O=S(=O)(O)C(F)(F)F;[H]C1NC([H])C([H])C([H])C1[H];[H]C1NC([H]),0.08,0.1709,False,GEGPAJ;GEGPAJ01;GEGPAJ03
207885274537,2,2,2,1,1,4,Ni,[H]C1C(C([H])([H])[H])CC(C([H])([H])[H])C([H])C1C([H])([H])[H];[H]C1C(C([H])([H],0.08,0.2341,False,GENKIV;QIJJIC
52039151264,2,2,2,1,1,6,Ru,Cl;Cl;[H]N([H])[H];[H]N([H])[H];[H]N=C1C(=N[H])C([H])=C([H])C([H])=C1[H],0.08,0.1281,True,GEZJUS;XEMCOI
639513776250,4,4,4,1,1,4,Zn,Br;Br;Br;[H]O[H],0.08,0.136,False,GEZQOV01;GEZQOV02;GORBIB;OMEXOV
64063018131,2,2,2,2,1,5,Zn,[H]C([H])([H])C(O[Si](S)(OC(C([H])([H])[H])(C([H])([H])[H])C([H])([H])[H])OC(C([,0.08,2.9211,False,GIHBOP;IHEXOJ
123984685886,2,2,2,1,1,5,Zn,[H]C1C([H])C([H])C2C(N=C(C([H])([H])N([H])[H])N2[H])C1[H];[H]C1C([H])C([H])C2C(N,0.08,0.0806,True,GIWHAW;GIWHAW01
655819604278,2,2,2,1,1,5,Cu,[H]C(=NC([H])([H])C1NC([H])C([H])C([H])C1[H])C1C([H])C([H])C([H])C([H])C1O;[H]O[,0.08,0.1612,False,GOCQIZ;GOCQIZ01
333468134990,38,38,14,1,1,4,Rh,C#O;C#O;[H]C(=NC1C([H])C([H])C(Br)C([H])C1[H])C1C([H])C([H])C([H])C([H])C1O,0.08,0.1204,False,GONZOC;GONZOC01;GONZOC02;GONZOC03;GONZOC04;GONZOC05
258819914949,3,3,3,2,1,6,Fe,[H]B([H])([H])C#N;[H]B([H])([H])C#N;[H]C1NC(C([H])([H])SC([H])([H])C([H])([H])SC,0.08,1.7019,True,GOSZUM;OTAGUN;OTAGUN01
167673095338,2,2,2,1,1,4,Pt,[H]C1C([H])C([H])C(P(C2C([H])C([H])C([H])C([H])C2[H])N([PH](Cl)=C([Si](C([H])([H,0.08,0.1,False,GUBPOJ;GUBPUP
624333183967,2,2,2,1,1,4,Zn,Cl;Cl;[H]C1NC([H])C([H])C(Cl)C1[H];[H]C1NC([H])C([H])C(Cl)C1[H],0.08,0.3298,False,GUJWOA;GUJWOA01
90483944669,3,3,3,2,1,4,Ni,[H]C([H])([H])C1([H])O[PH](S)(S)OC1([H])C([H])([H])[H];[H]C([H])([H])C1([H])O[PH,0.08,2.5803,False,HABREI01;SAMHOE;SAMHUK
13479497924,2,2,2,1,1,6,Cu,Cl;Cl;[H]C([H])([H])S(=O)C([H])([H])[H];[H]C([H])([H])S(=O)C([H])([H])[H];[H]OC(,0.08,0.2816,False,HAHFON;HAHFON01
376303597146,4,4,4,3,1,4,Cu,[H]C1C([H])C([H])C(P(C2C([H])C([H])C([H])C([H])C2[H])C2C([H])C([H])C([H])C3C2OC2,0.08,1.3413,True,HEDKAF;HEDYAT;VANZES;VICRAD
524439796323,2,2,2,2,1,4,Pd,Cl;Cl;[H]C1C([H])C([H])C(N([H])[H])C(SC2C([H])C([H])C([H])C([H])C2N([H])[H])C1[H,0.08,0.4276,False,HUBNAV;HUBNEZ
990645702707,2,2,2,2,1,5,Cu,[H]C(=NC([H])([H])C([H])([H])C([H])([H])N([H])C([H])([H])C([H])([H])C([H])([H])N,0.08,3.5509,True,IKOHIZ;NOQYID
789377798287,2,2,2,2,1,6,Rh,[H]C([H])([H])S(=O)C([H])([H])[H];[H]C([H])([H])S(=O)C([H])([H])[H];[H]C([H])([H,0.08,3.8108,True,IMOCAP;IMOCAP01
868837723458,2,2,2,2,1,4,Cd,I;I;[H]C1NC([H])C(C([H])([H])[H])C([H])C1[H];[H]C1NC([H])C(C([H])([H])[H])C([H]),0.08,0.0825,False,IPEBAG;IPEBAG01
700615849483,2,2,2,1,1,6,Mn,[H]OC([H])([H])C([H])([H])N([H])C([H])([H])C([H])([H])O[H];[H]OC([H])([H])C([H]),0.08,0.17,False,IWORAP;QAHGEO
530918391173,2,2,2,1,1,4,Ag,[H]C1NC(C2NC([H])C(C#N)C([H])C2[H])C([H])C([H])C1C#N;[H]C1NC(C2NC([H])C(C#N)C([H,0.08,0.0894,False,JOBTOJ;JOBYAA
856007849558,2,2,2,2,1,6,Mo,O;O;[H]C1C([H])C([H])C(n2nc(C([H])([H])[H])c(C(=O)C([H])([H])C([H])([H])C([H])([,0.08,0.253,False,KEXTUE;KEXTUE01
781576576029,2,2,2,1,1,6,Os,[H]C([H])([H])C([H])([H])SC(S)S;[H]C([H])([H])C([H])([H])SC(S)S;[H]C1C([H])C([H],0.08,1.9317,False,KIKKUK;KIKLAR
658699882263,2,2,2,2,2,4,Pt,[H]C([H])([H])S(=O)C([H])([H])[H];[H]C1CC2C3NC4C5CC([H])C([H])C([H])C5C([H])C([H,0.08,9.0204,False,KIWFOP;KIWFOP01
127046521541,2,2,2,2,1,6,Fe,N=C=[Se];N=C=[Se];[H]C1NC(N([H])C2NC(C3NC(N([H])C4NC([H])C(C([H])([H])[H])C([H]),0.08,4.2208,False,KUHQUB;KUHSAJ
57846495218,2,2,2,2,1,6,Os,[H]C([H])([H])C([H])([H])N(C(S)S)C([H])([H])C([H])([H])[H];[H]C([H])([H])C([H])(,0.08,2.3514,False,LACWOB;LACXAO
558298060800,2,2,2,1,1,4,Ag,[H]c1sc(C2NC(C3NC(c4nc(C([H])([H])[H])c([H])s4)C([H])C([H])C3[H])C([H])C([H])C2[,0.08,0.08,False,LALMOB;LALMUH
193767342223,2,2,2,2,1,6,Ru,[H]C([H])([H])C(O)C(Br)C(O)C([H])([H])[H];[H]C([H])([H])C(O)C(Br)C(O)C([H])([H]),0.08,4.8307,True,LELFUD;LELFUD01
975083952478,2,2,2,2,1,6,Ru,Cl;Cl;Cl;[H]C(C)=C(C([H])([H])[H])C([H])([H])[H];[H]C1C([H])C([H])C(P(C2C([H])C(,0.08,1.0331,True,LUBZOX;REMVIQ
28521397737,2,2,2,1,1,4,Cu,[H]C(=NC([H])(C1C([H])C([H])C([H])C2C([H])C([H])C([H])C([H])C21)C([H])([H])[H])C,0.08,0.0806,False,MAJTID;MAJVAX
241016346757,4,4,3,2,2,4,Ni,[H]C1([H])SC2([H])C([H])([H])C([H])([H])C([H])([H])C([H])([H])C2([H])SC([H])([H],0.08,8.5,False,MAXSIN;MAXSOT;MAXSUZ;MAXTAG
345444730511,2,2,2,2,1,5,Ni,[H]C1C([H])C([H])C(P(C2C([H])C([H])C([H])C([H])C2S)C2C([H])C([H])C([H])C([H])C2S,0.08,2.7312,True,MEDCAA;MEDCEE
621009250423,2,2,2,2,2,4,Cu,Br;Br;[H]C1C([H])C([H])C(C2([H])N=C(C(C3=NC([H])(C4C([H])C([H])C([H])C([H])C4[H],0.08,5.6006,True,MISJED;ZAXYEF
925152258638,2,2,2,1,1,6,Ni,[H]C(=O)C1C([H])C(Cl)C([H])C(Cl)C1O;[H]C(=O)C1C([H])C(Cl)C([H])C(Cl)C1O;[H]C(=O),0.08,2.4913,False,MODKEW;MODKEW01
893862743182,2,2,2,2,1,6,Mo,O;O;[H]C(=NC([H])([H])C([H])([H])O)C1C([H])C([H])C([H])C([H])C1O;[H]OC([H])([H]),0.08,5.9005,False,MUCDAP;MUCDAP01
319219541112,3,3,2,2,2,4,Ni,[H]N=C(C([H])([H])[H])C([H])([H])C(N([H])[H])(C([H])([H])[H])C([H])([H])[H];[H]N,0.08,8.6104,False,MZPNIP;XAGTAD;XAGTAD01
842035710624,2,2,2,1,1,6,Mn,Br;C#O;C#O;C#O;[H]C1NC2C(C([H])C1[H])C([H])C([H])C([H])C2N([H])[H],0.08,0.5954,False,NELSUW;NELSUW01
983000335878,2,2,2,2,2,4,Rh,Cl;[H]C1C([H])C(P(C([H])(C([H])([H])[H])C([H])([H])[H])C([H])(C([H])([H])[H])C([,0.08,7.1604,False,NIPXER;TURHUL
761446453561,2,2,2,2,1,5,Fe,[H]C([H])([H])C#N;[H]C1C([H])C([H])C(N(C2C([H])C([H])C([H])C([H])C2NC2C([H])C([H,0.08,4.3707,True,NIYCAA;VIWVUT
459913518950,2,2,2,2,1,4,Cu,[H]C1NC(C2NC([H])C([H])C([H])C2[H])C([H])C([H])C1[H];[H]C1NC(N(C([H])([H])P(C2C(,0.08,3.8608,False,NIYCUW;NIYDAD
412009899013,75,75,30,2,1,4,Pd,Cl;Cl;[H]C1([H])OC([H])([H])C([H])([H])SC([H])([H])C([H])([H])SC1([H])[H],0.08,0.3962,False,NONWES;NONWES01;NONWES02;NONWES03;NONWES04;NONWES05
405909694631,6,6,6,2,2,4,Pd,Cl;Cl;[H]C1([H])OC([H])([H])C([H])([H])SC([H])([H])C([H])([H])SC1([H])[H],0.08,6.1305,False,NONWES30;NONWES31;NONWES32;NONWES33;NONWES84;NONWES85
136991534279,2,2,2,2,1,6,Ru,Cl;Cl;[H]C1C([H])C([H])C(P(C2C([H])C([H])C([H])C([H])C2[H])C([H])(C2C([H])C([H]),0.08,5.2306,True,OGANUG;OGAPAO
364081365836,2,2,2,1,1,4,Pt,Cl;Cl;[H]C1C([H])C([H])C(P(C2C([H])C([H])C([H])C([H])C2[H])C([H])([H])C([H])([H],0.08,0.1204,False,OGAYAW;OGAYEA
613702651376,2,2,2,1,1,4,Pd,Br;Br;[H]C1NC([H])C([H])C([H])C1[H];[H]C1NC([H])C([H])C([H])C1[H],0.08,0.1281,False,OLABAG;OLABAG01
6702505741,2,2,2,1,1,6,Fe,[H]c1nnnn1C([H])([H])C([H])([H])Cl;[H]c1nnnn1C([H])([H])C([H])([H])Cl;[H]c1nnnn1,0.08,0.1,False,PEJQIF;PEJQIF01
843773192654,2,2,2,1,1,4,Au,FC1CC(F)C(F)C(F)C1F;FC1CC(F)C(F)C(F)C1F;FC1CC(F)C(F)C(F)C1F;[H]C1([H])SC([H])([H,0.08,0.1281,False,PICMOE;PICMOE01
52313218793,2,2,2,2,2,4,Pd,Cl;Cl;[H]C1NC2C(O)C(I)C([H])C(Cl)C2C([H])C1[H],0.08,3.5809,False,PIMTUC;XAWTAU
10649757772,3,3,3,2,1,6,Ag,[H]C1([H])SC([H])([H])C([H])([H])SC([H])([H])C([H])([H])SC([H])([H])C([H])([H])S,0.08,1.0331,False,QAHNOD;ZIFBOF;ZIFBOF01
900952721337,2,2,2,1,1,4,W,[H]C([H])([H])NC([H])([H])[H];[H]C([H])([H])NC([H])([H])[H];[H]C([H])([H])NC([H],0.08,0.0894,False,QALBUE;QALBUE01
451841945385,3,3,3,1,1,4,Pt,[H]C1NC(C2NC([H])C([H])C([H])C2[H])C([H])C([H])C1[H];[H]N([H])C([H])([H])C([H])(,0.08,0.2912,False,QOJJEE;QOJJOO;REMMIF
364213788321,3,3,2,2,1,6,Co,O=[N+]([O-])c1nn[nH]n1;O=[N+]([O-])c1nn[nH]n1;[H]N([H])[H];[H]N([H])[H];[H]N([H],0.08,5.8605,False,ROKMIN;ROKMIN01;ROKMIN03
892736010175,2,2,2,2,2,6,Fe,Cl;[H]C(=NC([H])([H])C([H])([H])C([H])([H])N([H])C([H])([H])C([H])([H])C([H])([H,0.08,0.9534,True,ROQMES;ROQMIW
471916780779,2,2,2,1,1,4,Co,[H]B123B45(Cl)B67([H])C89([H])C1%10([H])B21%11([H])B432([H])B563([H])B784([H])B%,0.08,0.1063,False,ROTXEF;ZIMFAC
737723612904,2,2,2,2,1,4,Ag,[H]C1NC(C2NC3C([H])C([H])C([H])C([H])C3NC2[H])C([H])C([H])C1[H];[H]C1NC(C2NC3C([,0.08,0.3202,True,RUDDEA;RUDDOK
287081595695,2,2,2,1,1,6,Fe,[H]C1C([H])C(N([H])C(=O)C(C([H])([H])[H])(C([H])([H])[H])C([H])([H])[H])NC(C([H],0.08,2.1115,False,SANRIL;XUDZEF
983954277267,2,2,2,1,1,4,Cu,[H]C(=NC1([H])C([H])([H])C([H])([H])C([H])([H])C([H])([H])C1([H])N=C([H])C1C([H],0.08,0.136,False,SAZQUH;SAZRAO
582937612892,2,2,2,1,1,4,Pd,Br;Br;[H]C1C([H])C(N#C)C([H])C([H])C1Cl;[H]C1C([H])C(N#C)C([H])C([H])C1Cl,0.08,0.136,False,TOWYAI;TOWYEM
535663080728,3,3,3,1,1,5,Tc,Cl;Cl;Cl;Cl;O,0.08,0.0854,True,TPIMTC;VAVVAP;VAVVAP01
694318419536,2,2,2,1,1,4,Ni,Cl;Cl;[H]C([H])([H])C([H])(P(C([H])([H])C([H])([H])P(C([H])(C([H])([H])[H])C([H],0.08,0.1879,False,UNONIV;UTOGOA
31613727681,2,2,2,2,1,5,Cu,[H]C1C([H])C([H])C(S(=O)(=O)O)C(N=NC(C(=O)C([H])([H])[H])=C(O)C([H])([H])[H])C1[,0.08,0.2154,False,UQOTOK;UQOTUQ
685242359902,2,2,2,2,1,4,Ag,[H]C([H])([H])N1C(=S)C(=S)N(C([H])([H])[H])C([H])([H])C1([H])[H];[H]C([H])([H])N,0.08,1.4023,True,UTOQAW;UTOQAW01
13646382603,2,2,2,2,2,4,Pt,[H]C1C(F)C(F)C(S)C(F)C1F;[H]C1C(F)C(F)C(S)C(F)C1F;[H]C1C([H])C([H])C(P(C2C([H])C,0.08,7.5704,False,VACSUQ;VACTAX
227857986458,2,2,2,1,1,4,Pt,[H]C([H])([H])C#N;[H]C1=C([H])N(C2C(C([H])([H])[H])C([H])C(C([H])([H])[H])C([H]),0.08,0.1204,False,VADDIQ;VADHOA
590387031355,2,2,2,2,2,6,Mn,O=S(=O)(O)C(F)(F)F;O=S(=O)(O)C(F)(F)F;[H]C1NC(C([H])(C2C([H])C([H])C(C(C([H])([H,0.08,3.0011,False,VEGHEY;VEGHEY01
611530135649,2,2,2,2,1,6,Ni,[H]C(=NC1C([H])C([H])C([H])C([H])C1SC([H])([H])[H])c1nn([H])c(C([H])([H])[H])c1[,0.08,2.5413,False,VEJGOJ;VEJHEA
321782564230,4,4,4,2,1,4,Cu,I;[H]C1C([H])C([H])C(P(C2C([H])C([H])C([H])C([H])C2[H])C2C([H])C([H])C([H])C([H],0.08,0.7543,False,VIHXOB;VIHXOB01;VIHXOB03;VIHXOB04
25463092228,2,2,2,2,2,6,Ti,Cl;Cl;[H]C(=NC1C(F)C(F)C(F)C(F)C1F)C1C([H])C([H])C([H])C(C(C([H])([H])[H])(C([H],0.08,4.7007,True,VOFQAI;VOFQAI02
532990498966,2,2,2,1,1,4,Cr,N;[H]C([H])([H])C([H])(NC([H])(C([H])([H])[H])C([H])([H])[H])C([H])([H])[H];[H]C,0.08,0.1281,False,WAWKAJ;WAWKIR
591393498066,2,2,2,1,1,4,Pd,Cl;[H]C(=NC([H])(C(=O)OC([H])([H])C([H])([H])[H])C([H])([H])C1CC([H])C([H])C([H],0.08,0.2062,False,XUTSAG;XUTSAG01
39999973551,2,2,2,2,1,6,Cu,N=N=N;N=N=N;[H]C1NC(N([H])C2NC([H])C([H])C([H])C2[H])C([H])C([H])C1[H];[H]C1NC(N,0.08,0.8338,False,XUYWIX;XUYWIX01
595168717398,2,2,2,2,2,4,Pt,Cl;[H]C1C([H])C(N#C)C(I)C([H])C1I;[H]C1CC(C2NC([H])C([H])C([H])C2[H])C([H])C([H],0.08,9.4203,False,YABQEC;YABQUS
595094867567,2,2,2,2,1,4,Pd,Cl;Cl;[H]c1nc(P(C(C([H])([H])[H])(C([H])([H])[H])C([H])([H])[H])C(C([H])([H])[H],0.08,3.081,False,YONNOF;YONNOF01
38209748847,7,7,6,1,1,6,Fe,N=C=[Se];N=C=[Se];[H]C1NC(N(C2NC(OC3C(F)C(F)C(F)C(F)C3F)NC(OC3C(F)C(F)C(F)C(F)C3,0.08,0.76,False,YOPPOK;YOPPOK01;YOPPOK02;YOPPOK03;YOPPOK04;YOPPOK05
493233182646,2,2,2,2,2,4,Pd,Cl;Cl;[H]C1C([H])C([H])C(C#CC2=NC([H])([H])C([H])([H])C2([H])[H])C([H])C1[H];[H],0.08,8.0204,False,YUGWOO;YUGWUU
784344145010,2,2,2,2,1,4,Cu,[H]N([H])N(C(=S)SC([H])([H])[H])C([H])([H])[H];[H]N([H])N(C(=S)SC([H])([H])[H])C,0.08,5.4706,False,ZIKGIN;ZIKHIO
665830285891,2,2,2,1,1,4,Zn,Cl;Cl;[H]C1NC(C([H])([H])[Se]C([H])([H])C2NC([H])C([H])C([H])C2[H])C([H])C([H])C,0.08,0.1789,False,ZOTDOD;ZOTDOD01
856086702899,8,8,8,1,1,4,Pt,I;I;[H]C1([H])SC([H])([H])C([H])([H])SC([H])([H])C([H])([H])SC1([H])[H],0.07,0.4418,False,ACUXAX;ACUXAX01;ACUXAX02;ACUXAX03;ACUXAX04;ACUXAX05
522916047931,2,2,2,1,1,4,Ni,I;I;I;I,0.07,0.9825,False,ADEKUT;GOLPAA
75153119496,2,2,2,1,1,6,Re,Br;C#O;C#O;C#O;[H]C1C([H])C([H])C(P(C2C([H])C([H])C([H])C([H])C2[H])C([H])([H])C,0.07,0.25,False,ADEXOW;ADEXUC
262453135337,6,6,4,2,1,4,Pd,Cl;[H]C1C([H])C(C([H])([H])P(C(C([H])([H])[H])(C([H])([H])[H])C([H])([H])[H])C(C,0.07,0.114,False,AGEWOY;AGEWOY01;AGEWOY02;AGEWOY03;AGEWOY04;YARMAH
211059877898,2,2,2,2,2,4,Cu,[H]NC1C([H])C([H])C([H])C([H])C1C([H])=NC(=NN=C(C([H])=C(O)C([H])([H])[H])C([H]),0.07,5.3505,False,AJINIQ;AJINIQ01
163481321799,2,2,2,1,1,5,Cu,N=C=S;N=C=S;[H]N([H])C([H])([H])C([H])([H])C([H])([H])N([H])C([H])([H])C([H])([H,0.07,0.07,True,APAICU01;APAICU02
244585616987,2,2,2,1,1,4,Ag,[H]N1C([H])([H])C([H])([H])C([H])(C([H])([H])[H])N([H])C2([H])C([H])([H])C([H])(,0.07,0.0922,False,ARABUR;LEBZID
203368489550,2,2,2,1,1,6,Zn,N=N=N;N=N=N;[H]C1NC(N([H])C2NC([H])C([H])C([H])C2[H])C([H])C([H])C1[H];[H]C1NC(N,0.07,0.0707,False,ATAFEG;ATAFEG01
850605420024,18,18,8,1,1,4,Ni,Sc1nsnc1S;Sc1nsnc1S,0.07,0.0728,False,AWOWOZ;DAVMAQ;DAVMEU;DEVWIO;ECIQAI;FAWLUL
582190843441,2,2,2,2,1,5,Co,Cl;Cl;[H]c1c(C2NC(c3nn([H])c(C4C([H])C([H])C([H])C([H])C4[H])c3[H])C([H])C([H])C,0.07,4.7905,True,BAKQUC;BAKRAJ
967229076177,3,3,3,1,1,4,Pt,[H]C1C([H])C([H])C(C#C)C([H])C1[H];[H]C1C([H])C([H])C(C#C)C([H])C1[H];[H]C1NC(C2,0.07,0.3178,False,BAZBAH;BAZBEL;BAZBIP
712091314090,2,2,2,1,1,6,Ni,[H]C([H])=C([H])C([H])([H])n1c([H])nc([H])c1[H];[H]C([H])=C([H])C([H])([H])n1c([,0.07,1.3818,False,BETCEL;QAZBAU
318694855123,4,4,4,3,1,4,Ni,[H]N1C([H])([H])C([H])([H])N([H])C(C([H])([H])[H])(C([H])([H])[H])C([H])([H])C([,0.07,10.51,True,BIYZIT;GULKAC;MEAZNI02;OBOPEC
298863917821,2,2,2,1,1,4,Ni,[H]C(=NC1([H])C([H])([H])C([H])([H])C([H])([H])C([H])([H])C1([H])[H])C1C([H])C([,0.07,0.086,False,BOLNEV;BOLNEV01
594915398982,4,4,4,3,2,4,Pt,Cl;Cl;[H]N([H])C([H])([H])C([H])([H])[H];[H]N([H])C([H])([H])C([H])([H])[H],0.07,8.9601,False,BOSJAX;BOSJAX01;OWOZUW;OWOZUW01
767732661512,2,2,2,2,1,4,Pt,[H]ON=C1C(=NO)C([H])=C([H])C([H])=C1[H];[H]ON=C1C(=NO)C([H])=C([H])C([H])=C1[H],0.07,11.7402,True,BQDXPT03;BQDXPT05
639809699203,3,3,3,2,1,4,Zn,Cl;Cl;[H]C1NC([H])C(C#N)C([H])C1[H];[H]C1NC([H])C(C#N)C([H])C1[H],0.07,0.9027,False,BUHVUY;BUHVUY01;BUHVUY02
587250470602,3,3,3,2,1,4,Pt,[H]C1C([H])C([H])C(C#C)C([H])C1[H];[H]C1C([H])C([H])C(C#C)C([H])C1[H];[H]C1NC(C2,0.07,0.3864,False,BULJEY;BULJIC;BULJUO
195050562003,7,7,7,2,1,4,Ni,Br;Br;Br;Br,0.07,1.0802,False,CEPXIF;CIZJII;EHAXER;INUBIC;MIVGIH;NIPDEZ
762285210360,2,2,2,2,1,4,Ni,[H]C1([H])N(C(S)S)C([H])([H])C([H])([H])C([H])([H])C1([H])[H];[H]C1([H])N(C(S)S),0.07,12.1102,True,CPMXNI;CPMXNI02
598308998474,2,2,2,1,1,4,Zn,N=C=S;N=C=S;[H]C1NC(Cl)C([H])C([H])C1[H];[H]C1NC(Cl)C([H])C([H])C1[H],0.07,0.4554,False,DEYDIW;DEYDIW01
825386858510,3,3,3,1,1,4,Co,N=C=S;N=C=S;[H]C1NC(Cl)C([H])C([H])C1[H];[H]C1NC(Cl)C([H])C([H])C1[H],0.07,0.4357,False,DEYDUI;DEYDUI01;DEYDUI02
243276579940,2,2,2,1,1,4,Ni,Br;Br;Br;[H]C1C([H])C([H])C(P(C2C([H])C([H])C([H])C([H])C2[H])C2C([H])C([H])C([H,0.07,1.0723,False,DIDMEK;OZUZIV
83073766502,2,2,2,2,2,6,Fe,[H]C1NC(C(=NN([H])C(=O)C2C([H])C([N+](=O)[O-])C([H])C([N+](=O)[O-])C2O)C([H])([H,0.07,5.2405,False,DIQWAF;DIQWAF01
477048127273,2,2,2,1,1,4,Cu,[H]C1C([H])C([H])C(P(C2C([H])C([H])C([H])C([H])C2[H])C2C([H])C([H])C([H])C3C2OC2,0.07,0.9925,False,DODGEL;OGAYOM
914254848249,7,7,7,4,1,4,Zn,N#CC(S)=C(S)C#N;N#CC(S)=C(S)C#N,0.07,4.66,True,DUHRON;DULFIZ;HUMDIC;LEQHAU;USETUK;UZEHOX
441232437677,4,4,4,2,1,6,Co,[H]C1NC(C(=O)O)C(C(=O)O)NC1[H];[H]C1NC(C(=O)O)C(C(=O)O)NC1[H];[H]O[H];[H]O[H],0.07,1.9109,False,DUQCEY;IJONOL;KUYNAU;PAQRIK
70955450828,5,5,5,2,1,4,Co,[H]C1C([H])C([H])C(NS(=O)(=O)C([H])([H])[H])C(NS(=O)(=O)C([H])([H])[H])C1[H];[H],0.07,6.7101,True,DUWZUT;SUJMUI;WAKHOI;WAKHOI01;WAKHOI02
300228719155,4,4,4,1,1,4,Pt,Br;Br;Br;C#O,0.07,0.2864,False,EABHCP;PATGUM;QOXQEZ;QOXQEZ01
991524390117,2,2,2,2,1,4,Cu,[H]C1NC(C2NC([H])C([H])C([H])C2[H])C([H])C([H])C1[H];[H]C1NC(C2NC([H])C([H])C([H,0.07,0.3864,True,ECUQID;LOJXEO
461042289850,2,2,2,1,1,4,Pd,Cl;Cl;[H]C1C2C3OP(OC4([H])C([H])([H])C([H])(C([H])([H])[H])C([H])([H])C([H])([H],0.07,0.1304,False,EFUVAD;GOJLIB
778885700400,2,2,2,1,1,6,Ti,F;F;F;F;F;[H]O[H],0.07,0.3276,True,EPODIX;NEMYIN
241225184117,2,2,2,2,2,6,Ni,[H]C1=C(C([H])([H])[H])N(B([H])(N2N=C(C([H])([H])[H])C([H])=C2C([H])([H])[H])N2N,0.07,7.1103,True,FASCAF;YOJHUB
824448642424,2,2,2,2,2,4,Pt,Cl;Cl;[H]C1NC([H])C(C([H])([H])[H])C(C([H])([H])[H])C1[H];[H]C1NC([H])C(C([H])([,0.07,8.3303,False,FEJGAG;QOLKUY
277326910031,2,2,2,1,1,6,Zr,[H]C([H])([H])C([H])(O)C([H])([H])[H];[H]C([H])([H])C([H])(O)C([H])([H])[H];[H]C,0.07,2.0212,False,FORDOH;FORFAV
631869549628,2,2,2,2,2,4,Pd,Br;Br;[H]C1([H])C([H])([H])C([H])([H])C([H])(N#C)C([H])([H])C1([H])[H];[H]C1C([H,0.07,8.3003,False,FORNUW;FOXFAA
630007081975,2,2,2,2,1,5,Cu,N#CNC#N;[H]N([H])C([H])([H])C([H])([H])N(C([H])([H])C([H])([H])N([H])[H])C([H])(,0.07,4.8505,True,FOXZOK;PUPVAY
435129136515,3,3,3,1,1,4,Ni,[H]C(=NN=C(S)N([H])[H])c1oc([H])c([H])c1[H];[H]C(=NN=C(S)N([H])[H])c1oc([H])c([H,0.07,0.114,False,FUTRAN01;FUTRAN02;LIMYEP
845663059126,2,2,2,2,1,4,Cu,[H]C1C([H])C([H])C(C2NC(C3NC(C4C([H])C([H])C([H])C([H])C4[H])C([H])C(C([H])([H]),0.07,4.6805,False,GACQAD;GACQEH
954920677403,2,2,2,1,1,6,Co,I;[H]C(C(O)C([H])([H])[H])C(O)C([H])([H])[H];[H]C1=C([H])N(C([H])([H])C([H])([H],0.07,0.2119,True,GAHHUV;QEZREV
764037393032,2,2,2,1,1,6,Cu,[H]C([H])([H])S(=O)C([H])([H])[H];[H]C([H])([H])S(=O)C([H])([H])[H];[H]C1C(C(=O),0.07,0.7632,False,GEMMIV;ORIWES
127681786155,2,2,2,1,1,4,Ni,[H]C([H])([H])C([H])([H])N(C(S)S)C1([H])C([H])([H])C([H])([H])C([H])([H])C([H])(,0.07,7.2803,False,GOQYAM;GOQYAM01
465884022372,6,6,6,2,1,4,Cu,[H]C1NC(N(C([H])([H])P(C2C([H])C([H])C([H])C([H])C2[H])C2C([H])C([H])C([H])C([H],0.07,0.92,False,HEPPEB;HEPPIF;HEPVEH;OXATUF;OXAVAN;OXEGUW
89437882929,2,2,2,2,1,6,Cu,[H]N1C([H])([H])C([H])([H])C([H])(C([H])([H])[H])N([H])C2([H])C([H])([H])C([H])(,0.07,0.7234,False,HOLDAQ;TEHSUU
630695576970,2,2,2,2,1,6,Fe,[H]C(=NC([H])([H])C([H])([H])N([H])C([H])([H])C1C([H])C([H])C([H])C([H])C1[H])C1,0.07,3.2408,False,HUVQEY01;HUVQOI
677985760415,4,4,4,1,1,4,Pt,I;[H]C1NC(C2NC(C3NC([H])C([H])C([H])C3[H])C([H])C([H])C2[H])C([H])C([H])C1[H],0.07,0.1063,False,IHOLUQ;IHOMAX;IHOMUR;IHOQAB
481422541273,2,2,2,2,1,6,Cr,N=C=S;N=C=S;N=C=S;N=C=S;[H]C1NC2C3NC([H])C(C([H])([H])[H])C(C([H])([H])[H])C3C([,0.07,1.6115,True,IKEJAJ;IKEJAJ01
919105773145,2,2,2,2,2,6,V,Cl;Cl;O;[H]C1NC(C(OC([H])([H])[H])(C2NC([H])C([H])C([H])C2[H])N([H])[H])C([H])C(,0.07,2.6509,True,ILOYOX;ILOYUD
453428200306,2,2,2,2,1,6,Fe,N=C=[Se];N=C=[Se];[H]C1NC2C(C([H])C1[H])C([H])C([H])C([H])C2N([H])C([H])([H])C([,0.07,3.1008,True,JEJROI;JEJROI01
610732225129,2,2,2,1,1,4,Fe,C#O;C#O;N=O;[H]C1=C([H])N(C2C(C([H])(C([H])([H])[H])C([H])([H])[H])C([H])C([H])C,0.07,0.8728,False,JODGER;JODGUH
891921296217,2,2,2,2,2,4,Pd,Cl;[H]C1C([H])C([H])C(P(C2C([H])C([H])C([H])C([H])C2[H])C2C([H])C([H])C([H])C([H,0.07,3.8606,True,JUHWIS;JUHWIS01
811289818157,5,5,5,1,1,4,Cu,Cl;Cl;[H]O[H];[H]O[H],0.07,0.1221,False,KANPIZ;KANPIZ01;KANPIZ02;TUJXUV;UGAYUW
332380789595,2,2,2,1,1,6,Ir,[H]C1CC(C2NC([H])C([H])C([H])C2[H])C(F)C([H])C1F;[H]C1CC(C2NC([H])C([H])C([H])C2,0.07,0.6339,False,KATMOK;KATPAZ
86558112294,2,2,2,2,2,4,Pd,Cl;Cl;[H]C([H])([H])[Si](OP(O[Si](C([H])([H])[H])(C([H])([H])[H])C([H])([H])[H]),0.07,8.2703,False,LEBVET;LEBVIX
838523253578,3,3,3,2,2,4,Au,[H]C1=C([H])N(C([H])([H])N2CN(C([H])([H])[H])C([H])=C2[H])CN1C([H])([H])[H];[H]C,0.07,9.8502,False,LESREJ;LESRIN;LESROT
786809156392,2,2,2,1,1,4,Pt,Cl;[H]C1C([H])C(C([H])([H])[H])C([H])C([H])C1S(=O)C([H])([H])[H];[H]C1CC(C2NC([H,0.07,0.1063,False,LIYMAJ;LIYTAQ
695457745961,2,2,2,2,2,6,Mo,O;O;[H]C1C([H])C([H])C(O)C(O)C1[H];[H]C1C([H])C([H])C(O)C(O)C1[H],0.07,1.7314,True,LUCPOP;URIPOB
288848919488,3,3,3,1,1,4,Zn,Cl;Cl;[H]C1([H])C([H])([H])C([H])(C(=O)O)N([H])([H])C1([H])[H];[H]C1([H])C([H])(,0.07,1.7407,False,LUPTEV;LUPTEV01;MUVCIS
635096106096,2,2,2,2,2,4,Ir,C#O;[H]C1C(C([H])([H])[H])CC(C([H])([H])[H])C([H])C1C([H])([H])[H];[H]C1C([H])C(,0.07,7.9803,False,MESIRA;MESIRB
464040255443,3,3,2,1,1,4,Cu,[H]C(=NC([H])([H])C([H])([H])C([H])([H])C([H])([H])[H])C1C([H])C(Cl)C([H])C([H]),0.07,0.0728,False,MOCGAN;MOCGAN01;MOCGAN02
297843531759,2,2,2,1,1,4,Pd,Cl;[H]C([H])SC([H])([H])[H];[H]C1C([H])C([H])C(P(C2C([H])C([H])C([H])C([H])C2[H],0.07,0.114,False,MSMPPD10;MSMPPD11
965816825318,2,2,2,2,2,5,Ru,Cl;Cl;[H]C1([H])C([H])([H])C([H])([H])C([H])(P(C2([H])C([H])([H])C([H])([H])C([H,0.07,0.0728,True,NALTOK;NALTOK01
591691970374,3,3,3,1,1,4,Ni,Cl;[H]C1C([H])C([H])C(P(C2C([H])C([H])C([H])C([H])C2[H])C2C([H])C([H])C([H])C([H,0.07,0.813,False,NAXFIC;NAXFIC01;QIRJAC
858687921573,9,9,8,3,1,6,Ni,[H]N([H])[H];[H]N([H])[H];[H]N([H])[H];[H]N([H])[H];[H]n1c(=O)[nH]c(=O)n([H])c1=,0.07,4.3403,True,NECTIY;NECTIY01;NECTIY02;NECTIY03;NECTIY04;NECTIY05
885793663508,2,2,2,2,2,4,Pt,Cl;Cl;[H]C1C([H])C([H])C2C(C1[H])N(C([H])([H])C([H])([H])C([H])([H])C([H])([H])[,0.07,8.0503,False,NOTBIK;UTAGOO
828963271001,2,2,2,1,1,5,Cu,[H]C(C(O)C([H])([H])[H])C(O)C([H])([H])[H];[H]C1NC(C([H])([H])N(C([H])([H])C2NC(,0.07,0.114,False,NUFPOV;NUFPUB
459233012587,2,2,2,1,1,4,Ni,Cl;Cl;[H]C1C([H])C([H])C(N=C(N(C([H])([H])[H])C([H])([H])[H])N(C([H])([H])[H])C(,0.07,0.0806,False,NUTBOU;NUTBOU01
488594372209,3,3,3,1,1,4,Ni,[H]ON=C([H])C1C([H])C([H])C(O[H])C([H])C1O;[H]ON=C([H])C1C([H])C([H])C(O[H])C([H,0.07,0.099,False,NUVBUD;ZUJHIX;ZUJHIX01
460006931207,2,2,2,1,1,5,Cu,[H]C(=O)C1C([H])C([H])C([H])C(OC([H])([H])[H])C1O;[H]C(=O)C1C([H])C([H])C([H])C(,0.07,0.0707,False,ODAWAS;XADSUT
620211332023,4,4,4,1,1,4,Co,Br;Br;Br;[H]C1NC2C([H])C([H])C([H])C([H])C2C([H])C1[H],0.07,1.0804,False,PAMSON;PAMSUT;PAMTAA;PAMTEE
371726633866,2,2,2,1,1,6,Cu,[H]N1C([H])([H])C([H])([H])N([H])C([H])([H])C([H])([H])C([H])([H])N([H])C([H])([,0.07,0.7931,False,PTZDCU;PTZDCU01
273128251211,2,2,2,1,1,4,Zn,Br;Br;[H]C1NC([H])C(C#N)C([H])C1[H];[H]C1NC([H])C(C#N)C([H])C1[H],0.07,0.07,False,QAHZAC;QAHZAC01
700393520827,3,3,3,2,2,6,Fe,[H]c1nc(C([H])([H])c2nc(C([H])([H])c3nc([H])n([H])c3[H])c([H])n2[H])n([H])c1[H];,0.07,3.2601,True,QERDIB;QERDIB01;ZOKBOQ
467285140112,2,2,2,1,1,6,Os,Cl;Cl;[H]C1NN(B([H])(N2NC([H])C([H])C2[H])N2NC([H])C([H])C2[H])C([H])C1[H];[H]NC,0.07,0.0707,False,QOXHEQ;QOXHEQ01
800246966851,2,2,2,2,2,5,Mn,[H]C1=C([H])N(C([H])([H])[H])CN1C([H])([H])[H];[H]C1=C([H])c2nc1c(C1C([H])C([H]),0.07,5.3005,False,RANLOK;RANLUQ
455620928793,2,2,2,1,1,6,Cu,[H]OC1([H])C([H])([H])C([H])(O[H])C([H])([H])C([H])(O[H])C1([H])[H];[H]OC1([H])C,0.07,0.1063,False,RELCUG01;RELCUG04
531099861158,2,2,2,2,2,6,Fe,[H]C(=NN=C(O)C1C([H])C([H])C(N([H])[H])C([H])C1[H])C1NC([H])C([H])C(Cl)C1[H];[H],0.07,6.1504,False,RIBJUL;RIBJUL01
904794765084,2,2,2,2,1,6,Co,[H]C1NC(C(=O)C2C([H])C([H])C([H])C([H])C2[H])C([H])C([H])C1[H];[H]C1NC(C(=O)C2C(,0.07,1.7914,False,RUGHUZ;YIDMUU
393244213238,2,2,2,1,1,4,Fe,[H]C(C1NC2C(O1)C([H])C([H])C([H])C2C([H])([H])[H])C1NC2C(O1)C([H])C([H])C([H])C2,0.07,0.0728,False,SAKTIL;SAKVOT
114919689093,2,2,2,1,1,6,Mn,C#O;C#O;[H]C([H])([H])C([H])(OP(=O)(O)OC([H])(C([H])([H])[H])C([H])([H])[H])C([H,0.07,0.1931,True,SIQTIZ;SIRCIJ
196839276133,2,2,2,2,1,4,Rh,Cl;[H]C1C([H])C([H])C(P(C2C([H])C([H])C([H])C([H])C2[H])C([H])([H])[PH](C[PH](C2,0.07,0.2983,False,TAHHUK;TAHJEW
712565446690,3,3,3,2,1,4,Pt,[H]C([H])([H])N(C(S)S)C([H])([H])[H];[H]C([H])([H])N(C(S)S)C([H])([H])[H],0.07,12.5602,True,TEDRIG01;TEDRIG02;TEDRIG03
537072000113,2,2,2,1,1,4,Cu,[H]C1C([H])C([H])C(P(C2C([H])C([H])C([H])C([H])C2[H])C([H])([H])C([H])([H])C([H],0.07,0.25,False,TIQWOI;TIQWUO
872937810315,2,2,2,2,1,6,Ru,[H]C1NC(C2NC([H])C([H])C([H])C2[H])C([H])C([H])C1[H];[H]C1NC(C2NC([H])C([H])C([H,0.07,6.1904,True,TONKIQ;TONKIQ01
867334251385,2,2,2,1,1,4,Pt,I;I;[H]C1C([H])C(N#C)C([H])C([H])C1Br;[H]C1C([H])C(N#C)C([H])C([H])C1Br,0.07,0.099,False,TOWXOV;TOWZUD
221735029971,2,2,2,1,1,6,Zn,Br;Br;[H]C1NC([H])C(C(=O)O)NC1[H];[H]C1NC([H])C(C(=O)O)NC1[H],0.07,0.1655,False,TUCPEP;TUCRAN
774318930081,2,2,2,2,2,6,Ni,[H]N([H])C(=O)C([H])([H])[H];[H]N([H])C(=O)C([H])([H])[H];[H]N([H])C(=O)C([H])([,0.07,4.2006,False,VOCJED;ZZZWFC01
107412981638,2,2,2,2,2,6,Re,Cl;Cl;O;[H]C1C([H])C([H])C(P(=O)(C2C([H])C([H])C([H])C([H])C2[H])C2C([H])C([H])C,0.07,1.7314,True,VULVAA;WAWJUA
358173413324,3,3,3,2,1,6,Pt,I;[H]C([H])[H];[H]C([H])[H];[H]C([H])[H];[H]C1NC(C2NC([H])C([H])C(OC([H])([H])[H,0.07,0.9908,False,VUMWUX;VUMWUX01;VUMWUX02
351069580851,3,3,3,1,1,6,Cu,[H]C1NC([H])C([H])C([H])C1[H];[H]C1NC([H])C([H])C([H])C1[H];[H]N([H])C([H])([H]),0.07,0.0707,False,WEJKIF;WEJKIF01;WEJKIF02
912558721233,2,2,2,2,1,6,Zn,[H]C1NC(N=NC2C([H])C(C(C([H])([H])[H])(C([H])([H])[H])C([H])([H])[H])C([H])C(C(C,0.07,1.8014,False,WIWSED;ZOFFOS
975438662660,8,8,8,1,1,6,Fe,[H]C1=NN(B([H])([H])N2N=C([H])C([H])=C2[H])C([H])=C1[H];[H]C1=NN(B([H])([H])N2N=,0.07,0.2983,False,WUCLAJ;WUCLAJ01;WUCLAJ02;WUCLAJ03;WUCLAJ04;WUCLAJ05
435966656463,2,2,2,1,1,4,Pt,Cl;[H]C1NC(C2CC(C3NC([H])C([H])C(C(C([H])([H])[H])(C([H])([H])[H])C([H])([H])[H],0.07,0.099,False,WUVGEC;WUVGEC01
950848999003,2,2,2,2,1,4,Fe,C#O;[H]C1C([H])C(C([H])([H])P(C([H])(C([H])([H])[H])C([H])([H])[H])C([H])(C([H]),0.07,1.8313,True,XAXYEC;YEQTOE
224021438837,2,2,2,2,1,4,Zn,Cl;Cl;[H]C(=NC1C([H])C([H])C(C#N)C([H])C1[H])C1C([H])C([H])C([H])C([H])C1O,0.07,0.0707,False,XIGMIL;XIGNAE
258519765147,2,2,2,2,1,4,Pd,[H]C1C([H])C([H])C(P(B([H])([H])[H])C([H])([H])[H])C([H])C1[H];[H]C1C([H])C([H]),0.07,0.0922,False,XUSXAK;XUSXEO
368642483537,2,2,2,1,1,6,Fe,[H]c1nnnn1C([H])([H])C([H])([H])I;[H]c1nnnn1C([H])([H])C([H])([H])I;[H]c1nnnn1C(,0.07,0.2119,False,YAGYUB;YAGYUB01
633778654601,2,2,2,2,2,4,Ni,Br;[H]C1C([H])C(P(C([H])(C([H])([H])[H])C([H])([H])[H])C([H])(C([H])([H])[H])C([,0.07,8.4003,False,YIMHEK;YIMHIO
982545528812,2,2,2,1,1,6,Cu,[H]C1C([H])C(Cl)C([H])C(C(=O)O)C1[H];[H]C1C([H])C(Cl)C([H])C(C(=O)O)C1[H];[H]C1N,0.07,0.1565,False,YOXQIO;YOXQIO01
721517021684,3,3,3,2,1,6,Fe,[H]OC1C([H])C([H])C(C([H])=NC([H])([H])C([H])([H])N([H])C([H])([H])C([H])([H])N(,0.07,1.9107,True,ZEGCOF;ZEGDAS;ZEGDEW
406402702424,2,2,2,1,1,4,Cu,[H]C1=C([H])C(=C(c2[nH]c(C3C([H])C([H])C([H])C([H])C3[H])c([H])c2[H])C2C([H])C([,0.07,0.1655,False,ZIFTAL;ZIFTAL01
663277540608,2,2,2,2,1,6,Fe,[H]c1nn(C2NC(n3nc([H])c([H])c3[H])C([H])C(SC3C([H])C([H])C(OC([H])([H])[H])C(OC(,0.07,4.2306,True,ZOKHIU;ZOKHOA
151742961436,2,2,2,2,2,4,Ni,Cl;[H]C1C([H])C(NC2C([H])C([H])C(F)C([H])C2P(C([H])(C([H])([H])[H])C([H])([H])[H,0.07,8.5203,False,ZOYROW;ZOYSAJ
730448883429,3,3,3,1,1,4,Mn,Br;Br;[H]C1C([H])C([H])C(P(=O)(C2C([H])C([H])C([H])C([H])C2[H])C2C([H])C([H])C([,0.07,0.1931,False,ZZZKBM01;ZZZKBM02;ZZZKBM03
836719020084,5,5,5,1,1,6,Co,N=C=S;N=C=S;[H]C1NC([H])C(N2C(=O)C3C([H])C([H])C([H])C4C([H])C([H])C([H])C(C2=O),0.06,0.114,False,ABUQOH;ABUQUN02;ABUVEC;ABUVEC01;ABUVEC02
738868234188,2,2,2,2,1,4,Ir,[H]C1C([H])C([H])C(P(C2C([H])C([H])C([H])C([H])C2[H])C2C([H])C([H])C([H])C([H])C,0.06,2.4107,False,AJIBAW;LOJPIK
223802945138,2,2,2,1,1,5,Cu,Cl;[H]C1C([H])C([H])C(C([H])([H])N([H])C([H])([H])C([H])([H])N(C([H])([H])C([H]),0.06,0.0849,False,AXAHUC;ILENOG
974431278536,11,11,8,2,2,4,Pd,Br;Br;Br;[H]C([H])([H])S(=O)C([H])([H])[H],0.06,8.9001,False,AZOQOX;AZOTUG;AZOTUG01;AZUWID;CIVJEZ;GEMYIK
312585680099,3,3,3,2,1,6,Mn,[H]C1C(C(=O)O)NC2C([H])C([H])C([H])C([H])C2C1[H];[H]C1C(C(=O)O)NC2C([H])C([H])C(,0.06,2.0001,False,BIGHIJ;REMNOM;ZUGTUQ
732914612670,2,2,2,1,1,6,Re,C#N;C#N;C#N;C#N;N;[H]N([H])C([H])([H])C([H])([H])C([H])([H])N([H])[H],0.06,0.3256,True,BINXAB;BINXAB01
395937174145,3,3,3,1,1,6,Co,[H]OB1OB2(O[H])OB(O[H])OB3(O[H])OB(O[H])OB(O[H])(O1)O23;[H]OB1OB2(O[H])OB(O[H])O,0.06,1.0404,False,BITXOV;BITXUB;HIXNAF
201138248447,5,5,5,2,1,6,Fe,[H]c1c(C2NC([H])C([H])C([H])C2[H])nn([H])c1C1C([H])NC([H])C([H])C1[H];[H]c1c(C2N,0.06,2.3205,False,BOPXUD;BOPXUD01;BOPXUD02;BOPXUD03;BOPXUD04
436870728131,2,2,2,2,1,6,Cr,C#O;C#O;C#O;C#O;[H]C(SC(C([H])([H])[H])(C([H])([H])[H])C([H])([H])[H])=C([H])SC(,0.06,3.1206,True,BORFET;BORFET01
22572991571,2,2,2,2,1,6,La,Br;Br;Br;[H]C1([H])C([H])([H])C([H])([H])C([H])(P(=O)(C2([H])C([H])([H])C([H])([,0.06,1.3913,False,BUGREC;BUGREC01
337041677311,2,2,2,2,1,4,Ni,Cl;Cl;[H]C1C([H])C([H])C(P(C2C([H])C([H])C([H])C([H])C2[H])C2C([H])C([H])C([H])C,0.06,2.6207,True,BUHWEI;BUHWIM
310816721909,3,3,3,1,1,4,Zn,Cl;Cl;[H]C1C([H])C2C(=NC3C([H])C(C([H])([H])[H])C([H])C(C([H])([H])[H])C3[H])C(=,0.06,0.25,False,BUJNAX;BUJNEB;BUJNIF
797598581870,3,3,3,2,1,4,Cu,[H]C1NC([H])C(N(C([H])([H])P(C2C([H])C([H])C([H])C([H])C2[H])C2C([H])C([H])C([H],0.06,3.5605,False,BUSHUW;BUSJAE;BUSJEI
410470951149,5,5,5,1,1,4,Au,Cl;[H]C1NC(C2NC(C3NC([H])C([H])C([H])C3[H])C([H])C([H])C2[H])C([H])C([H])C1[H],0.06,0.1,False,BUYMOX01;NAXXIV;NAXXOB;XALKIH;YODHUX
172118643893,2,2,2,1,1,4,Au,Cl;Cl;[H]C1NC2C(NS(=O)(=O)C3C([H])C([H])C(C([H])([H])[H])C([H])C3[H])C([H])C([H],0.06,0.2571,False,COGJUE;PASQIM
459172924575,2,2,2,2,1,4,Ag,[H]c1nn(C([H])(n2nc([H])c([H])c2[H])C([H])([H])OC([H])([H])C2C([H])C([H])C(C([H],0.06,4.6604,False,COQPUU01;COQQAB
698048402866,4,4,4,1,1,4,Co,Cl;Cl;[H]N([H])C(=S)N([H])[H];[H]N([H])C(=S)N([H])[H],0.06,0.4045,False,COTUCL11;COTUCL13;COTUCL14;LOXSAS
154623275705,3,3,3,2,2,4,Pd,[H]C1C([H])C([H])C(P(C2C([H])C([H])C([H])C([H])C2[H])C2C([H])C([H])C([H])C([H])C,0.06,8.1502,False,COZYOF;POFVEM;XADMAQ01
212791387808,2,2,2,2,1,6,Zn,[H]C1NC2C3NC([H])C([H])C([H])C3C([H])C([H])C2C([H])C1[H];[H]N(C([H])([H])C(=O)O),0.06,1.0218,False,CUMBES;QOLDEB
558170808453,30,30,28,1,1,4,Zn,I;I;I;I,0.06,0.9901,False,CUXDAB;CUXDEF;DABQAD;EYUWEB;FEYLOL;FEYLUR
171501152433,2,2,2,2,1,5,Co,Cl;[H]C1C([H])C([H])C2C(N=C(C([H])([H])N(C([H])([H])C3=NC4C([H])C([H])C([H])C([H,0.06,4.5604,True,CUXJIQ;CUXKEN
264771647859,2,2,2,2,1,6,Ir,Cl;Cl;Cl;[H]C1([H])SC([H])([H])C([H])([H])C1([H])[H];[H]C1([H])SC([H])([H])C([H],0.06,2.5807,False,CUXLIS;CUXLIS01
200068665,3,3,3,1,1,5,Tc,Cl;Cl;Cl;Cl;N,0.06,0.0632,True,CUZCEF;CUZCEF01;CUZCEF02
367097428347,32,32,10,2,2,4,Ni,O=C(S)C(=O)S;O=C(S)C(=O)S,0.06,9.0301,False,DIZNUV;DIZPAD;DTOXNI;DTOXNI02;DTOXNI11;GEYVIP
541753365880,3,3,3,2,1,6,Fe,[H]C1C(C(=O)O)NC2C([H])C([H])C([H])C([H])C2C1[H];[H]C1C(C(=O)O)NC2C([H])C([H])C(,0.06,1.9709,False,DOSRUC;KALNOB;PEMNUQ
656276527200,2,2,2,2,1,4,Pt,Cl;[H]C([H])([H])C(=O)O;[H]C1C([H])C([H])C(P(C2C([H])C([H])C([H])C([H])C2[H])C2C,0.06,0.1,False,DOTMUV;VALBER
551008565887,2,2,2,1,1,6,Fe,[H]c1c([H])c([H])c2c([H])n(C3NC(n4nc5c([H])c([H])c([H])c([H])c5c4[H])C([H])C([H],0.06,0.0608,False,DUDHUH;DUDHUH01
239070279909,4,4,4,2,1,5,Fe,C#O;C#O;C#O;[H]C1C([H])C([H])C(P(C2C([H])C([H])C([H])C([H])C2[H])C2C([H])C([H])C,0.06,4.4702,True,DUYSUN;FEZXAN;LETLEC;LIBVOH
274325847791,2,2,2,1,1,4,Pt,[H]C1C(C([H])([H])[H])CC(C([H])([H])[H])C([H])C1C([H])([H])[H];[H]C1C(C([H])([H],0.06,0.1432,False,EGADEV;EGADEV01
536481694910,4,4,4,1,1,4,Au,C#N;C#N;I;I,0.06,0.0849,False,EHETAP;EXAFEP;ZAHFOH;ZAHGAU
402074460968,2,2,2,1,1,6,W,C#O;Cl;Cl;O;[H]C1C([H])C([H])C(P(C2C([H])C([H])C([H])C([H])C2[H])C([H])([H])[H]),0.06,0.912,False,EKEMOX;FIDRIT
463204305898,2,2,2,2,1,6,Ir,[H]C1CC(C2NC([H])C([H])C([H])C2[H])C([H])C([H])C1[H];[H]C1CC(C2NC([H])C([H])C([H,0.06,0.8521,True,FAQCEI;FAQCIM
492872189874,3,3,3,1,1,6,Fe,N=C=S;N=C=S;[H]C1NC(N(C(=O)C([H])([H])C([H])([H])C([H])([H])C([H])([H])C([H])([H,0.06,0.6627,False,FOSRUD;FOSRUD01;FOSRUD05
871695740585,5,5,5,1,1,4,Co,Cl;Cl;[H]c1c(C([H])([H])[H])nn([H])c1C([H])([H])[H];[H]c1c(C([H])([H])[H])nn([H],0.06,0.1581,False,FUFVUX;FUFVUX02;FUFVUX03;FUFVUX04;FUFVUX05
671746100693,3,3,3,3,2,4,Ni,[H]OC1C([H])C([H])C(C([H])=NC2C([H])C([H])C([H])C([H])C2N=C([H])C2C([H])C([H])C(,0.06,3.5202,True,FUGCUG;POFFOG;POFFOG01
973269792421,17,17,11,3,2,4,Pt,[H]C(C(O)C([H])([H])[H])C(O)C([H])([H])[H];[H]C(C(O)C([H])([H])[H])C(O)C([H])([H,0.06,9.59,False,GAKSAR;GAKSEV;GAKSIZ;GAKSOF;HAHHIJ;MIJFOB
58749593825,3,3,3,1,1,4,Fe,I;I;I;I,0.06,0.6903,False,GOQKAB;MEJYOS;PORPAN
384554886203,4,4,4,2,1,5,Zn,[H]C(=O)N(C([H])([H])[H])C([H])([H])[H];[H]C1=C([H])c2nc1c(C1C([H])C([H])C([H])C,0.06,0.0721,True,HEJVUN01;QAYRIS;QAYRIS01;QAYRIS02
557751360952,5,5,5,1,1,4,Cu,[H]C1NC(N(C([H])([H])P(C2C([H])C([H])C([H])C([H])C2[H])C2C([H])C([H])C([H])C([H],0.06,0.2088,False,HEPVAD;HEPYEK;HEPYIO;HEPYOU;MATRIM
305035013854,2,2,2,1,1,6,Co,[H]C1C([H])C([H])C(C(O)C([H])C(O)C2C([H])C([H])C([H])C([H])C2[H])C([H])C1[H];[H],0.06,0.3453,False,HIDZUQ;QUQXOQ
455649913329,2,2,2,2,1,6,Fe,[H]B([H])([H])C#N;[H]B([H])([H])C#N;[H]C1NC(C([H])([H])N(C([H])([H])C2C([H])C([H,0.06,2.9206,False,HOLSOT;HOLTEK
422089293654,2,2,2,2,1,6,Hg,[H]C1([H])SC([H])([H])C([H])([H])SC([H])([H])C([H])([H])C([H])([H])SC1([H])[H];[,0.06,1.1616,False,HUKMIJ;OKOXAN
909981800613,3,3,3,3,2,4,Cu,[H]N1C([H])([H])C([H])([H])C([H])([H])C2([H])N([H])C([H])([H])C([H])([H])C([H])(,0.06,9.54,False,IGOWAC;IGOWEG;IGOWIK
59289193794,2,2,2,2,2,4,Pt,Cl;Cl;[H]OC([H])([H])C1C([H])NC([H])C([H])C1[H];[H]OC([H])([H])C1C([H])NC([H])C(,0.06,8.2802,False,IREDIU;IREDOA
851007196175,2,2,2,2,1,4,Cu,[H]OC1C([H])C([H])C([H])C([H])C1C(O)=NN=C(C([H])([H])[H])C([H])([H])[H];[H]OC1C(,0.06,2.8906,True,ISHYZC;ISHYZC02
737596478468,2,2,2,1,1,4,Au,Cl;Cl;[H]C1=C([H])N(C([H])([H])C([H])([H])C([H])([H])C([H])([H])[H])CN1C([H])([H,0.06,0.0849,False,IWASEG;IWASIK
77578944062,2,2,2,2,1,5,V,O;[H]C1C(C([H])([H])[H])C([H])C(C([H])([H])N(C([H])([H])C2C([H])C(C([H])([H])[H],0.06,4.7104,True,JEKQUP;JEKRIE
251699171946,2,2,2,2,2,6,Cd,[H]C([H])([H])C([H])([H])N(C(S)S)C([H])([H])C([H])([H])[H];[H]C([H])([H])C([H])(,0.06,1.1915,True,JEVWAI;JEVWAI01
132323789165,2,2,2,2,2,4,Pd,[SeH][Se][Se][SeH];[SeH][Se][Se][SeH],0.06,10.2402,False,JEXWEO;MUSJIV
427144193647,2,2,2,2,2,4,Pt,Br;Br;[H]C1NC([H])C([H])C([H])C1[H];[H]C1NC([H])C([H])C([H])C1[H],0.06,8.4802,False,KIMDOB;YELKAE
826379674401,2,2,2,2,2,5,Mn,C#O;C#O;C#O;[H]C1=C([H])N(C(C([H])([H])[H])(C([H])([H])[H])C([H])([H])[H])CN1B(C,0.06,5.3503,False,KOWYOO;KOWZIJ
507403810117,2,2,2,1,1,4,Cu,[H]C1C([H])C([H])C(P(C2C([H])C([H])C([H])C([H])C2[H])C2C([H])C([H])C([H])C([H])C,0.06,2.4307,False,LOHFOG;YOGFAE
720022381246,2,2,2,1,1,4,Zn,Br;Br;[H]C1NC([H])C(C([H])([H])N2C(=O)C3C([H])C([H])C([H])C4C([H])C([H])C([H])C(,0.06,0.5235,False,LOXDAH;LOXDEL
644274491131,2,2,2,2,1,6,Fe,N=C=[Se];N=C=[Se];[H]C1NC(C([H])([H])N([H])C([H])([H])C([H])([H])N([H])C([H])([H,0.06,0.3847,False,MIFROL;MIFROL01
2432424792,2,2,2,1,1,4,Fe,N=O;N=O;[H]C1([H])NC(=S)SC1([H])[H];[H]C1([H])NC(=S)SC1([H])[H],0.06,0.454,False,MONROY;MONVUI
162333399370,3,3,3,1,1,6,Co,[H]C1NC(C(=O)OC([H])(C([H])([H])[H])C([H])([H])[H])C([H])C([H])C1[H];[H]C1NC(C(=,0.06,0.0671,False,MUYPOL;MUYPUR;MUYQEC
316472672397,3,3,3,2,2,4,Pt,Cl;Cl;[H]c1nn([H])c([H])c1[H];[H]c1nn([H])c([H])c1[H],0.06,8.7002,False,NEFXAY;VAZWEY;VAZWEY01
241354508244,2,2,2,2,2,6,Ru,Cl;[H]C1C(C2=NC([H])(C([H])(C([H])([H])[H])C([H])([H])[H])C([H])([H])O2)NC(C2=NC,0.06,1.3413,True,NINFIZ;NINFOF
271793505724,4,4,4,1,1,4,Ni,[H]C([H])([H])C([H])([H])OC(S)S;[H]C([H])([H])C([H])([H])OC(S)S,0.06,7.2801,False,NIXANT03;NIXANT04;RADWOM;RADWUS
992690023263,2,2,2,2,2,5,Cu,Cl;Cl;[H]C1NC(C2NC(C3NC([H])C([H])C([H])C3[H])C([H])C(C3NC([H])C([H])C([H])C3[H],0.06,5.3103,False,NOQKAI;OGOTAG
665983385142,2,2,2,1,1,4,Ru,C#O;[H]C1C([H])C([H])C(P(C2C([H])C([H])C([H])C([H])C2[H])C([H])([H])C(C([H])([H],0.06,0.4837,False,OCIBEH;OCIBEH02
389129139778,2,2,2,2,1,5,Cu,[H]C([H])([H])C#N;[H]C1NC(C([H])([H])N(C([H])([H])C2NC([H])C([H])C([H])C2[H])C([,0.06,0.2474,False,OKUXIE;OKUXOK
50270193556,2,2,2,1,1,4,Mn,Br;Br;[H]C1C([H])C([H])C(P(=O)(C2C([H])C([H])C([H])C([H])C2[H])C2C([H])C([H])C([,0.06,0.0608,False,OYERES;OYERES01
540039617936,2,2,2,1,1,4,Ni,[H]C1=C([H])N(C([H])([H])C2NC([H])C([H])C([H])C2[H])CN1C([H])([H])C1NC([H])C([H],0.06,1.1915,False,PALKIY;PALKIY01
770334408351,2,2,2,1,1,4,Zn,Cl;Cl;[H]C1NC(C2NC([H])C3C(C2[H])C([H])([H])C2([H])C([H])([H])C3([H])C2(C([H])([,0.06,0.1082,False,PANLIC;PANLOI
175420014893,4,4,4,2,1,6,Cu,[H]C(=O)C1C([H])C([H])C(O)C(OC([H])([H])[H])C1[H];[H]C(=O)C1C([H])C([H])C(O)C(OC,0.06,1.92,False,PAXTUE;PAXTUE01;PAXTUE02;PAXTUE03
745412426733,2,2,2,1,1,4,Cd,Br;Br;[H]N([H])C(=S)N([H])[H];[H]N([H])C(=S)N([H])[H],0.06,0.6926,False,PEKSUT;PEKSUT01
754736840914,2,2,2,1,1,6,Cd,[H]C1NC([H])C(c2nnn[nH]2)NC1[H];[H]C1NC([H])C(c2nnn[nH]2)NC1[H];[H]O[H];[H]O[H],0.06,0.4045,False,PESSAI;PESSAI01
597050389499,2,2,2,1,1,5,Zn,[H]OC(=O)C1C([H])NC(C(=O)O)C([H])C1[H];[H]OC(=O)C1C([H])NC(C(=O)O)C([H])C1[H];[H,0.06,0.0671,True,PUXNEB01;PUXNEB02
320880153266,2,2,2,2,2,4,Ni,[H]C1([H])SC(S)=C(S)SC([H])([H])C1(F)F;[H]C1([H])SC(S)=C(S)SC([H])([H])C1(F)F,0.06,8.7702,False,QOFFOG;XUYKUX
115681069671,2,2,2,2,1,6,Mo,N=O;[H]C([H])([H])O;[H]C([H])([H])O;[H]C1=NN(B([H])(N2N=C([H])C([H])=C2[H])N2N=C,0.06,3.1506,False,QUJWOK;QUJWUQ
645111980052,2,2,2,2,2,4,Ni,[H]C1NC(N=C(S)N2C([H])([H])C([H])([H])OC([H])([H])C2([H])[H])C([H])C([H])C1[H];[,0.06,4.4704,True,RATHUR;RATHUR01
577269769881,2,2,2,2,2,3,Ag,[H]C1C([H])C([H])C(P(C2C(OC([H])([H])[H])C([H])C(OC([H])([H])[H])C([H])C2OC([H]),0.06,4.1604,False,RIHYAL;RIJCAR
403914647857,2,2,2,2,1,6,Rh,Cl;[H]C1C([H])C(N=C(S)N2CN(C(S)=NC3C([H])C([H])C(Cl)C([H])C3[H])C([H])([H])C([H],0.06,3.3805,True,ROBPED;ROBPIH
193558253635,2,2,2,1,1,4,Pd,I;I;[H]C1C([H])C([H])C(P(C2C([H])C([H])C([H])C([H])C2OC([H])([H])[H])C2([H])C([H,0.06,0.0849,False,RODMEC;RODMIG
629476617828,4,4,4,2,1,4,Ni,[H]ON=C([H])C1C([H])C([H])C([H])C(OC([H])([H])[H])C1O;[H]ON=C([H])C1C([H])C([H]),0.06,7.2901,False,ROMTUJ05;ROMTUJ06;ROMTUJ07;ROMTUJ08
141644755402,2,2,2,1,1,6,Cu,[H]O[H];[H]O[H];[H]c1nc2nc(C([H])([H])[H])c([H])c(C(=O)O)n2n1;[H]c1nc2nc(C([H])(,0.06,0.0608,False,RUQTAB;RUQTAB01
501075839136,3,3,3,3,1,6,Ru,[H]C1NC(C2NC([H])C([H])C([H])C2[H])C([H])C([H])C1[H];[H]C1NC(C2NC([H])C([H])C([H,0.06,3.18,False,SAXCIE;SAXCIE01;SAXCIE02
677173360628,2,2,2,1,1,6,Ni,[H]N([H])C([H])([H])C([H])([H])N([H])[H];[H]N([H])C([H])([H])C([H])([H])N([H])[H,0.06,1.5112,False,SEBQAS;SEBQAS01
781759237341,2,2,2,2,1,6,Cd,[H]OC(=O)c1c(C(=O)O)nc(C([H])([H])[H])n1[H];[H]OC(=O)c1c(C(=O)O)nc(C([H])([H])[H,0.06,2.1408,False,SEZYIG;UXUJOO
98839764345,2,2,2,1,1,4,Pt,Cl;[H]c1c(C([H])([H])[H])nn(C2CC(n3nc(C([H])([H])[H])c([H])c3C([H])([H])[H])C([H,0.06,0.0922,False,SIVCOT;SIVCOT01
186159112361,2,2,2,2,1,6,Mn,[H]C1NC2C(O)=NN([H])C(=O)C2C([H])C1[H];[H]C1NC2C(O)=NN([H])C(=O)C2C([H])C1[H];[H,0.06,1.3713,False,SOBQUW;SOBQUW01
506790882904,2,2,2,2,2,4,Pd,Cl;[H]C1C(OC(=S)N(C([H])([H])[H])C([H])([H])[H])CC(OC(=S)N(C([H])([H])[H])C([H]),0.06,8.7502,False,SUXQUZ;VAXVIC
988138622520,2,2,2,2,1,4,Ni,[H]C(=NC([H])([H])C([H])([H])C([H])([H])N=C([H])C1C([H])C([H])C([H])C(C([H])([H],0.06,0.1616,False,TAQTUB;TAQVEN
50470565241,2,2,2,1,1,4,Pd,[H]C(C(O)C([H])([H])[H])C(O)C([H])([H])[H];[H]C([H])([H])OC(=O)C([H])(C(=O)OC([H,0.06,0.8621,False,THALPD;THALPD01
609388045949,2,2,2,2,2,4,Pt,[H]C(=NN=C(S)N([H])[H])C(=O)O;[H]C([H])([H])S(=O)C([H])([H])[H],0.06,6.0803,False,TIJLEE;XEPNUC
176947430197,3,3,3,1,1,4,Pt,[H]C1NC(C2NC([H])C([H])C([H])C2[H])C([H])C([H])C1[H];[H]C1NC([H])C([H])C([H])C1[,0.06,0.3256,False,TITFUZ;UJOPEO;VILJOR
579305831687,3,3,3,1,1,4,Co,[H]N([H])C(=S)N([H])[H];[H]N([H])C(=S)N([H])[H];[H]N([H])C(=S)N([H])[H];[H]N([H],0.06,0.5235,False,TOMPOD;TOMTAT;TOMVAV
345338425628,2,2,2,2,2,4,Ag,[H]C(=NC1C([H])C([H])C2C([H])C([H])C([H])C([H])C2C1C1C2C([H])C([H])C([H])C([H])C,0.06,3.2805,False,ULOGOS;ULOGUY
869811205478,2,2,2,2,1,6,W,C#O;C#O;[H]C1C([H])C([H])C(C2=NC(C([H])([H])[H])(C([H])([H])[H])C([H])([H])O2)C(,0.06,2.4407,False,UMEZEU;UMEZEU01
961855840109,2,2,2,1,1,6,Os,Cl;Cl;Cl;Cl;[H]c1nc([H])n([H])c1[H];[H]c1nc([H])n([H])c1[H],0.06,0.1523,False,UZUBEX;VUBCUS
823980575776,2,2,2,1,1,4,Pt,Cl;[H]OC1C([H])C(C([H])([H])[H])C([H])C([H])C1C([H])([H])N(C([H])([H])C1NC([H])C,0.06,0.0721,False,VAYHEL;VAYHEL02
328275798965,3,3,3,3,1,4,Cu,[H]C1C([H])C([H])C(C([H])([H])N(C([H])([H])C([H])([H])N=C(N(C([H])([H])[H])C([H],0.06,6.9401,True,VUSXEO;VUSXEO01;VUSXUE
592552163054,2,2,2,2,2,6,V,N=C=S;N=C=S;O;[H]c1c(C([H])([H])[H])nn(C([H])([H])N([H])C([H])([H])n2nc(C([H])([,0.06,3.2106,False,WUXCUP;WUXDAW
573322371577,2,2,2,2,1,6,Cr,F;F;F;F;F;[H]O[H],0.06,2.7806,False,YASHAB;YASHOP
61248828057,6,6,6,2,2,4,Pt,Cl;Cl;[H]OC(C1C([H])C([H])NC([H])C1[H])(C1C([H])C([H])C([H])C([H])C1[H])C1C([H]),0.06,8.5401,False,YASKEK;YASKOU;YASLEL;YASLOV;YASLUB;YASMAI
313168371666,2,2,2,1,1,4,Ni,Cl;[H]C1C([H])C(C([H])([H])[H])C([H])C(P(C([H])(C([H])([H])[H])C([H])([H])[H])C(,0.06,0.1,False,YOBZIZ;YOBZOF
696560418089,2,2,2,1,1,4,Pt,I;I;[H]C1([H])N(C#N)C([H])([H])C([H])([H])C([H])([H])C1([H])[H];[H]C1([H])N(C#N),0.06,0.1,False,ZIGGUV;ZIGHAC
258558948337,2,2,2,1,1,4,Zn,Cl;Cl;[H]N([H])C(=NC#N)N([H])[H];[H]N([H])C(=NC#N)N([H])[H],0.06,0.603,False,ZIYYEL;ZIYYEL01
229367377300,2,2,2,2,2,4,Ni,I;[H]C1NC(C2NC(C3NC([H])C([H])C(C(C([H])([H])[H])(C([H])([H])[H])C([H])([H])[H]),0.05,7.4802,False,ABAXEH;ABAXEH01
545251050268,3,3,3,1,1,5,Ru,Cl;Cl;[H]C1C(C([H])([H])[H])C([H])C(C([H])([H])[H])C(N2CC3(C([H])([H])[H])C([H]),0.05,0.2159,True,ADASOR;ADASUX;ADASUX01
696779521978,2,2,2,1,1,4,Pd,[H]C1CC(C([H])(C2C([H])C([H])C([H])C([H])C2[H])P(C2C([H])C([H])C([H])C([H])C2[H],0.05,0.1393,False,ADULAN;AFILUX
38978367194,2,2,2,1,1,5,Zn,Cl;[H]N([H])C([H])([H])C([H])([H])N(C([H])([H])C([H])([H])N([H])[H])C([H])([H])C,0.05,0.1581,False,AEZNPB;WIBTUW
233325153677,9,9,9,1,1,4,Pd,Cl;Cl;Cl;[H]C([H])([H])S(=O)C([H])([H])[H],0.05,0.5,False,AFEVAK;AFEVEO;AZOYUL;AZUZIG;CIRFAN;CIVJAV
904683418809,2,2,2,1,1,4,Pd,[H]C([H])([H])P(C([H])([H])[H])C([H])([H])[H];[H]C([H])([H])P(C([H])([H])[H])C([,0.05,0.064,False,AJEHAA;AJEHEE
195594600615,2,2,2,1,1,6,Ni,N=N=N;N=N=N;[H]N1C([H])(C([H])([H])[H])C([H])([H])N([H])C(C([H])([H])[H])(C([H]),0.05,0.8615,False,ANENUE;ANEPAM
265006900694,4,4,4,2,1,4,Co,S=c1sc(S)c(S)s1;S=c1sc(S)c(S)s1,0.05,1.8407,True,APOHUK;APOWOT;DIYMIH;YOTFIY
461776225309,2,2,2,1,1,6,Co,N=C=S;N=C=S;[H]C1NC([H])C(C(=O)N([H])[H])C([H])C1[H];[H]C1NC([H])C(C(=O)N([H])[H,0.05,0.0707,False,ARAFUX;ARAGAE
886367256637,2,2,2,1,1,6,Pt,I;[H]C(F)C(F)(F)F;[H]C([H])([H])N(C([H])([H])[H])C([H])([H])C([H])([H])N(C([H])(,0.05,0.5423,False,AREQIX;AREQOD
917294965042,3,3,2,1,1,4,Zn,Cl;Cl;[H]N([H])C(=S)N([H])[H];[H]N([H])C(=S)N([H])[H],0.05,0.4727,False,ASULAB;CLSTUZ02;CLSTUZ03
608727445172,2,2,2,2,2,4,Au,I;[H]C1C([H])C(C([H])([H])N(C([H])([H])[H])C([H])([H])[H])CC(C([H])([H])N(C([H]),0.05,7.4902,False,AVIPIE;QEHNOG
878195965841,97,97,21,2,2,4,Pd,Cl;Cl;Cl;Cl,0.05,8.71,False,AVUKOR;AWOXIT;AXADOS;CEMKIP;CEWROM;CIHJEM
876172393154,2,2,2,2,1,4,Cu,I;[H]C1C([H])C([H])C(P(C2C([H])C([H])C([H])C([H])C2[H])C2C([H])C([H])C([H])C([H],0.05,2.0806,False,AVUTOC;AVUTOC01
931075884561,4,4,4,3,2,4,Pt,[H]OC([H])(C([H])([H])[H])C([H])(C(=O)O)N([H])[H];[H]OC([H])(C([H])([H])[H])C([H,0.05,9.9,False,BADXUB;BADYEM;BADYIQ;BADYUC
485579058446,3,3,2,2,2,4,Ni,[H]C1=C([H])c2nc1c(C([H])([H])[H])c1[nH]c(c([H])c1[H])c(C([H])([H])[H])c1nc(c(C(,0.05,8.5001,False,BEGLUU;SEBWIF;TCLNIB01
696552710053,2,2,2,1,1,4,Ir,Cl;[H]C(=NC1C(C([H])([H])[H])C([H])C(C([H])([H])[H])C([H])C1C([H])([H])[H])C([H],0.05,0.086,False,BIKDUW;BIKFAE
163342607904,2,2,2,1,1,4,Co,[H]C(=NC([H])([H])C([H])([H])N=C([H])C1C([H])C([H])C([H])C([H])C1O)C1C([H])C([H],0.05,0.1208,False,BISWOT;BISWUZ
176482424408,3,3,3,1,1,6,Fe,Cl;Cl;[H]c1c([H])c([H])c2c(c1[H])-c1nc-2nc2[nH]c(nc3nc(nc4[nH]c(n1)c1c([H])c([H],0.05,0.441,False,BONGOB;BONGOB01;BONHAO
668136764567,2,2,2,2,2,4,Au,[H]C1NC(C2NC(C3NC([H])C([H])C([H])C3[H])C([H])C([H])C2[H])C([H])C([H])C1[H];[H]O,0.05,8.6801,False,BORSUY;JOQSAJ
73347948793,2,2,2,1,1,4,Cd,Cl;Cl;[H]C1C([H])C([H])C2C(N=C(C3C([H])C([H])C([H])C(C4=NC5C([H])C([H])C([H])C([,0.05,0.13,False,CABNUQ;CABNUQ01
536924043810,4,4,4,1,1,4,Cu,I[IH]I;[H]C1C([H])C(C([H])([H])[H])C(N#C)C(C([H])([H])[H])C1[H];[H]C1C([H])C(C([,0.05,0.3202,False,CAVKAP;CAVQEZ;CAVQID;NIDSUS
328488018095,3,3,3,1,1,4,Pt,Cl;[H]C1C([H])C([H])C(P(C2C([H])C([H])C([H])C([H])C2[H])C([H])([H])C([H])([H])P(,0.05,0.0707,False,CENQAN;XEZRID;XEZROJ
671486896338,4,4,4,1,1,4,Cu,[H]C1=NC2C3C([H])C([H])C([H])NC3C3NC([H])C([H])C([H])C3C2N1[H];[H]C1NC(N(C([H])(,0.05,0.8215,False,CEZMON;OXAVER;OXAVIV;OXAVOB
345429919016,2,2,2,2,2,5,Cu,Cl;[H]C1NC(C([H])([H])N(C([H])([H])C2NC([H])C([H])C([H])C2[H])C([H])([H])C2NC(C(,0.05,5.4702,False,CIXWAK;HOCWEC
326966787969,5,5,5,1,1,4,Co,Cl;Cl;[H]C1C([H])C([H])C(P(=O)(C2C([H])C([H])C([H])C([H])C2[H])C2C([H])C([H])C([,0.05,0.1746,False,CLTPOC;CLTPOC01;CLTPOC02;CLTPOC03;CLTPOC04
83638398632,2,2,2,2,2,4,Pd,[H]C([H])([H])C1(C([H])([H])[H])N(O)C=N(O)C1(C([H])([H])[H])C([H])([H])[H];[H]C(,0.05,9.7901,False,COLSED;EDULUN
750145384229,2,2,2,1,1,5,V,O;[H]c1c2nc(c([H])c3[nH]c(c([H])c4nc(c([H])c5[nH]c1c(C([H])([H])C([H])([H])[H])c,0.05,0.051,True,COMKEX;VAOPOR10
301658490932,2,2,2,1,1,4,Ag,Br;[H]C1C([H])C(C([H])([H])[H])C([H])C([H])C1P(C1C([H])C([H])C(C([H])([H])[H])C(,0.05,0.1772,False,COQKEZ;RUKRAR
782241406636,2,2,2,1,1,4,Zn,Cl;Cl;Cl;[H]C(=O)N(C([H])([H])[H])C([H])([H])[H],0.05,0.9313,False,CORPUV;IDUNIG
357503640371,4,4,4,2,1,4,Pt,I;I;[H]C1NC(C2NC([H])C(C([H])([H])OC([H])([H])C([H])(F)F)C([H])C2[H])C([H])C([H],0.05,2.27,False,CORTIP;LEZKOT;LEZKOT01;LEZKOT04
787013591869,3,3,3,1,1,4,Pt,Cl;Cl;[H]C1C([H])C([H])C(N#C)C([H])C1[H];[H]C1C([H])C([H])C(N#C)C([H])C1[H],0.05,0.051,False,CPICPT;CPICPT11;CPICPT12
100848058421,9,9,7,1,1,6,Cu,Cl;Cl;[H]c1nn([H])c([H])c1[H];[H]c1nn([H])c([H])c1[H];[H]c1nn([H])c([H])c1[H];[H,0.05,0.3536,False,CTPZCU;CTPZCU02;CTPZCU03;CTPZCU05;CTPZCU06;CTPZCU07
859169444148,3,3,3,1,1,6,Re,Cl;Cl;Cl;Cl;[H]C1C([H])C([H])C(P(=O)(C2C([H])C([H])C([H])C([H])C2[H])C2C([H])C([,0.05,0.064,False,DANTUH;DANTUH01;DANTUH02
938335724981,2,2,2,1,1,6,Cu,[H]C(C(O)C(F)(F)F)C(O)C(F)(F)F;[H]C(C(O)C(F)(F)F)C(O)C(F)(F)F;[H]C1=C([H])SC(=C2,0.05,0.3536,False,DAZKOF;WUYDID
90940518434,2,2,2,1,1,4,Ni,[H]c1oc(C([H])([H])N(C(S)S)C([H])([H])C2C([H])C([H])C([H])C([H])C2[H])c([H])c1[H,0.05,0.0539,False,DIDTIV;DIDTIV01
45362543334,3,3,3,1,1,4,Cu,Cl;Cl;[H]C([H])([H])S(=O)C([H])([H])[H];[H]C([H])([H])S(=O)C([H])([H])[H],0.05,0.064,False,DMSUCU21;DMSUCU23;DMSUCU24
708764387825,2,2,2,2,1,6,Fe,[H]B([H])([H])C#N;[H]B([H])([H])C#N;[H]C1NC(C([H])([H])N(C([H])([H])[H])C([H])([,0.05,2.9704,False,DUBFOY;DUBFOY01
180308596231,2,2,2,1,1,4,Au,Cl;Cl;[H]N([H])C([H])([H])C([H])([H])N([H])[H],0.05,0.2062,False,DUBNUK;LEDWEX
726500764323,6,6,3,1,1,4,Pt,N#CS;N#CS;N#CS;N#CS,0.05,0.064,False,DUMDIZ;SAKNUO;TEDQOL;TEDQOL01;ZOSPIK;ZOSYEP
469086258820,2,2,2,2,1,6,Fe,N=C=S;N=C=S;[H]C1NC(c2nnc(C3C([H])C([H])C(Br)C([H])C3[H])n2C2C([H])C([H])C([H])C,0.05,1.6208,False,EBIRAL;EBIREP
381312453141,5,5,4,2,2,4,Cu,[H]C1C([H])C(Cl)C(S)C(S)C1Cl;[H]C1C([H])C(Cl)C(S)C(S)C1Cl,0.05,8.8901,False,ECAHUO;MUBXIS;ZIPXUU;ZIQJOB;ZIQJUH
821363749113,5,5,5,3,2,4,Pd,Cl;Cl;[H]C1=C([H])N(C([H])([H])C2C([H])C([H])C([H])C([H])C2[H])CN1C([H])([H])C1C,0.05,8.96,False,EHOQAU;EHOQAU01;EHOQAU02;MUSRAU;MUSRAU01
918889136395,2,2,2,2,1,4,Pt,[H]C1C(C([H])([H])[H])NC(S)NC1C([H])([H])[H];[H]C1C(C([H])([H])[H])NC(S)NC1C([H],0.05,3.4804,True,EJALEG;EJALEG01
650100202728,3,3,3,1,1,4,Pt,[H]C([H])([H])S(=O)C([H])([H])[H];[H]C1CC(C2NC(C3CC([H])C([H])C([H])C3[H])C([H]),0.05,0.0707,False,ELUPEJ;QIXZUV;QIXZUV01
248845108126,2,2,2,1,1,5,Fe,[H]C([H])([H])C#N;[H]C([H])([H])C#N;[H]C1C([H])C([H])C(P(C2C([H])C([H])C([H])C([,0.05,0.0781,True,ENAYUO;MEMROM
989622697090,2,2,2,2,2,4,Co,[H]C(=NC1([H])C([H])([H])C([H])([H])C([H])([H])C([H])([H])C1([H])N=C([H])C1C([H],0.05,7.8702,False,ENEHEN;JELZEI01
25233497955,4,4,4,2,1,4,Cu,[H]C1C([H])C([H])C(C#N)C([H])C1[H];[H]C1C([H])C([H])C(C#N)C([H])C1[H];[H]C1C([H],0.05,1.7107,False,ENEPUI;ENEQAP;ENEQAP01;ENEQET
837312225272,2,2,2,1,1,4,Pt,[H]C([H])([H])OC(=O)C1C(C(=O)OC([H])([H])[H])(C2(C(=O)OC([H])([H])[H])C(C(=O)OC(,0.05,0.1772,False,ERAGOV;SALZUD
562099355841,2,2,2,1,1,5,Fe,C#O;C#O;C#O;[H]C1=C([H])C([H])([H])C([H])([H])C([H])([H])C([H])([H])P2C([H])([H],0.05,0.064,True,ERASIB;ERASOH
749481566273,2,2,2,1,1,4,Rh,C#O;C#O;[H]C1C([H])C(C2NN(B([H])(N3NC(C4C([H])C([H])C(Cl)C([H])C4[H])C([H])C3[H],0.05,0.3239,False,ESIZUB;ESIZUB01
292958512001,2,2,2,2,2,6,Mn,Cl;[H]C(=NC1C([H])C([H])C([H])C([H])C1N=C([H])C1C([H])C([H])C([H])C(OC([H])([H]),0.05,2.8704,True,ESUMIP;HABXUF
527269499557,3,3,3,1,1,4,Zn,Cl;Cl;[H]C1NC([H])C(Cl)C([H])C1[H];[H]C1NC([H])C(Cl)C([H])C1[H],0.05,0.0583,False,ETUDUT;ETUDUT01;ETUDUT02
162318361138,3,3,3,2,1,4,Cu,[H]C1NC2C(N=C3N(C([H])([H])[H])C([H])([H])C([H])([H])N3C([H])([H])[H])C([H])C([H,0.05,0.0707,True,EVETEG;UTIVIE;UTIWEB
495701283015,15,15,8,2,2,4,Au,C#N;C#N;C#N;C#N,0.05,8.73,False,EVIMED;GOXCIF;OTEVUF;OTEWAM;OTEWEQ;VIKSUE
662237332594,7,7,7,2,1,4,Pd,Br;Br;[H]C1([H])SC([H])([H])C([H])([H])SC([H])([H])C([H])([H])SC1([H])[H],0.05,0.6503,False,FAPBIH;FAPBIH01;FAPBIH02;FAPBIH03;FAPBIH04;FAPBIH05
101431656445,3,3,3,1,1,4,Co,Cl;Cl;[H]C([H])([H])P(=O)(C([H])([H])[H])C([H])([H])[H];[H]C([H])([H])P(=O)(C([H,0.05,0.1237,False,FARZIH;FARZIH01;FARZIH02
120638670514,2,2,2,1,1,4,Ni,[H]ON=C([H])C1C([H])C([H])C([H])C(F)C1O;[H]ON=C([H])C1C([H])C([H])C([H])C(F)C1O,0.05,0.3932,False,FAYCEP06;FAYCEP07
60001118819,2,2,2,2,2,4,Pt,[H]C1C([H])C([H])N(O)C(S)C1[H];[H]C1C([H])C([H])N(O)C(S)C1[H],0.05,9.1201,False,FENWEB;KIXMIO
958266734795,2,2,2,2,2,5,Cu,[H]C([H])([H])N(C([H])([H])[H])C([H])([H])C([H])([H])N(C([H])([H])[H])C([H])([H],0.05,5.5802,True,FIHTAS;FIHTAS01
899033679421,4,4,4,1,1,4,Cu,[H]C(=NC([H])(C1C([H])C([H])C([H])C([H])C1[H])C([H])([H])[H])C1C(O)C([H])C([H])C,0.05,0.051,False,FIPRON;FIPRON01;FIPSAA;FIPSAA01
217958401951,2,2,2,1,1,6,Ni,N=C=S;N=C=S;[H]C1NC([H])C([H])C(OC([H])([H])[H])C1[H];[H]C1NC([H])C([H])C(OC([H],0.05,1.6208,False,FISCAO;FISCOC
273812955291,41,41,6,1,1,4,Fe,C#O;C#O;[H]C1C([H])C([H])C(OP(OC2C([H])C([H])C([H])C([H])C2[H])OC2C([H])C([H])C(,0.05,0.0781,True,FOBQIA;QOSZON;QOSZON01;QOSZON02;QOSZON03;QOSZON04
148467639759,2,2,2,1,1,4,Pt,Cl;Cl;[H]C1=C([H])N(C([H])([H])N2CN(C([H])([H])[H])C([H])=C2[H])CN1C([H])([H])[H,0.05,0.0781,False,GEKQOF;TEQTOZ
469913665533,2,2,2,2,1,6,Ni,[H]C1C(C(=O)O)C([H])C([N+](=O)[O-])C([H])C1[N+](=O)[O-];[H]C1C(C(=O)O)C([H])C([N,0.05,1.4709,False,GEPHOZ;GEPHOZ01
511981699815,3,3,3,1,1,4,Ir,C#O;[H]C1C(OP(C(C([H])([H])[H])(C([H])([H])[H])C([H])([H])[H])C(C([H])([H])[H])(,0.05,0.0943,False,GERXIL;GERXIL01;KURBOQ
108513932296,2,2,2,2,2,4,Pt,Cl;Cl;[H]C1NC2C([H])C([H])C([H])C([H])C2C([H])C1[H];[H]C1NC2C([H])C([H])C([H])C(,0.05,8.2802,False,HAXXOV;YAVFEI
308569412213,2,2,2,1,1,4,Ir,[H]C1C([H])C([H])C(P(C2C([H])C([H])C([H])C([H])C2[H])C2C([H])C([H])C([H])C([H])C,0.05,0.4826,False,HEDFAZ;HEDFAZ01
293937921291,2,2,2,1,1,4,Pd,I;[H]N(C([H])([H])C([H])([H])N(C([H])([H])C([H])([H])[H])C([H])([H])C([H])([H])[,0.05,0.0707,False,HEZYIX;WICVUC
208485582628,2,2,2,2,2,4,Pt,Cl;Cl;[H]C1NC([H])C(C2C([H])C([H])C([H])C([H])C2[H])C([H])C1[H];[H]C1NC([H])C(C2,0.05,8.3801,False,HILLUL;WULNAU
183745409619,2,2,2,1,1,4,Ni,[H]N([H])C(S)NC(S)N([H])[H];[H]N([H])C(S)NC(S)N([H])[H],0.05,0.064,False,HIXLIL;YONNAQ
926449440664,2,2,2,1,1,6,Cu,N=C=S;N=C=S;[H]C1NC(C([H])([H])N([H])[H])C([H])C([H])C1[H];[H]C1NC(C([H])([H])N(,0.05,0.0943,False,HOSWAO;HOSWAO01
412831030275,2,2,2,1,1,4,Zn,N=N=N;N=N=N;N=N=N;N=N=N,0.05,0.0707,False,ICAHIG07;ICAHIG08
201171366081,2,2,2,2,2,4,Pd,Cl;[H]C(=NN=C(S)N([H])[H])C1C([H])C([H])C([H])C([H])C1[H];[H]C1C([H])C([H])C(P(C,0.05,7.8802,False,IHEKOW;IHEKOW01
191168234984,2,2,2,1,1,4,Cu,[H]C1=C(C(=O)O)C(=O)C2C([H])NC(N3C([H])([H])C([H])([H])N([H])([H])C([H])([H])C3(,0.05,0.064,False,IKOLOM;ILECOT
690279222730,2,2,2,1,1,5,Cu,Cl;[H]C([H])(N=P(C([H])([H])[H])(C([H])([H])[H])C([H])([H])[H])C([H])([H])N(C([H,0.05,0.05,True,ILAGIO;ILAGOU
278331911956,2,2,2,2,1,6,W,C#O;C#O;C#O;C#O;[H]C([H])([H])N(C([H])([H])[H])C([H])([H])C([H])([H])N(C([H])([H,0.05,0.642,True,ILUWER;ILUWER01
634613906910,2,2,2,1,1,4,Pt,C10D6H7N5O8P;C10D6H7N5O8P;[H]C([H])([H])N(C([H])([H])[H])C1([H])C([H])([H])C([H],0.05,0.0707,False,INURAK;INUREO
760220918409,2,2,2,2,1,4,Co,Cl;[H]C1C([H])C([H])C(C([H])([H])N(C([H])([H])C2C([H])C([H])C([H])C([H])C2[H])C(,0.05,0.4528,True,JADBID;JADBID01
124049330770,2,2,2,1,1,4,Pt,Cl;[H]C([H])([H])S(=O)C([H])([H])[H];[H]C1CC(C2NC([H])C([H])C([H])C2[H])C(F)C([H,0.05,0.0707,False,JIMTEI;JIMTEI01
824551174531,3,3,3,1,1,4,Pt,Cl;Cl;[H]N1C([H])([H])C2([H])C([H])([H])N([H])C([H])([H])C([H])(C1([H])[H])C2([H,0.05,0.2508,False,JOBPIB;JOBPOH;JOBPUN
811743975745,3,3,3,1,1,4,Pt,I;I;[H]C([H])([H])OC(=O)C1=C(C(=O)OC([H])([H])[H])[As](C([H])([H])[H])C(C(=O)OC(,0.05,0.0583,False,JONMAC;JONMAC01;JONMAC02
697690389760,2,2,2,1,1,4,Cu,[H]C(=NC1([H])C([H])([H])C([H])([H])C([H])([H])C([H])([H])C1([H])N=C([H])C1C([H],0.05,0.1118,False,KAVWEK;KAVWIO
362270374711,2,2,2,1,1,4,Zn,Br;Br;[H]C([H])([H])C#N;[H]C([H])([H])C#N,0.05,0.255,False,KEHDIL;KEHDIL02
249562105024,2,2,2,1,1,4,Ni,Br;[H]C1C([H])C([H])C(P(C2C([H])C([H])C([H])C([H])C2[H])C2C([H])C([H])C([H])C([H,0.05,0.0707,False,KONKIK;UCUBUQ
700567995556,2,2,2,1,1,4,Pt,Cl;[H]c1nc(C2NC(c3nc([H])c([H])s3)C([H])C(C3C4C([H])C([H])C([H])C([H])C4C([H])C4,0.05,0.0781,False,KULXIA;OJIWEL
730775421718,4,4,4,3,1,4,Co,Cl;Cl;[H]C1C([H])C(C2NC(C([H])([H])[H])C([H])C([H])C2[H])NC(C([H])([H])[H])C1[H],0.05,3.4302,False,KUYHES;KUYHES01;KUYHES02;VUXHIF
475164214201,3,3,2,1,1,4,Pd,[H]C1C([H])C([H])C(P(C2C([H])C([H])C([H])C([H])C2[H])C2C([H])C([H])C([H])C([H])C,0.05,0.0707,False,LERKAX;LERKOL;ROXSIK
196347621450,3,3,3,2,1,4,Pd,[H]C([H])([H])C([H])(OC(S)S)C([H])([H])[H];[H]C([H])([H])C([H])(OC(S)S)C([H])([H,0.05,8.4601,False,LINMUR;LINMUR01;LINMUR02
106810951216,2,2,2,1,1,6,Sc,[H]N([H])C(=O)C([H])([H])[H];[H]N([H])C(=O)C([H])([H])[H];[H]N([H])C(=O)C([H])([,0.05,0.0707,False,LIVVOE;LIVVUK
124304833963,2,2,2,2,1,4,Pd,[H]C1NC(C2NC3C(C([H])C2[H])C2([H])C([H])([H])C([H])(C3([H])C3([H])C4NC(C5NC([H]),0.05,0.051,False,LOSKOT;LOSKUZ
827471489685,2,2,2,2,1,4,Rh,[H]C([H])([H])P(C([H])([H])[H])C([H])([H])[H];[H]C1C(C([H])([H])[H])NN(B([H])(N2,0.05,4.7203,True,MADVAQ;ROYCOZ
49332542845,2,2,2,1,1,4,Cu,[H]C(=NN=C(O)C1C([H])C([H])C([H])C([H])C1[H])C1C(O)C([H])C([H])C2C([H])C([H])C([,0.05,0.0707,False,MAHNAM;MAHNAM01
910665765702,2,2,2,1,1,6,Mn,N=C=S;N=C=S;N=C=S;N=C=S;N=C=S;[H]O[H],0.05,0.1868,False,MASYEO;MASYEO01
954392679397,2,2,2,1,1,4,Pt,Cl;[H]C([H])([H])S(=O)C([H])([H])[H];[H]C1NC(C2=COC3C([H])C([H])C([H])C([H])C23),0.05,0.2844,False,MIRHON;MIRHUT
362874230969,4,4,4,1,1,4,Fe,Cl;Cl;N=O;N=O,0.05,0.35,False,MIVRIV;MIVRIV01;MIVRUH;MIVRUH01
675771974816,2,2,2,1,1,4,Pd,C#N;C#N;[H]C1C([H])C([H])C(P(C2C([H])C([H])C([H])C([H])C2[H])C2C([H])C([H])C([H],0.05,0.086,False,MOCFEQ;MOCFEQ01
689767511865,2,2,2,2,2,4,Pt,FC1CC(F)C(F)C(F)C1F;FC1CC(F)C(F)C(F)C1F;[H]C1C([H])C([H])C(P(C#CC(C([H])([H])[H],0.05,8.6301,False,MOZPIA;WELCIA
631788483417,2,2,2,1,1,4,Pd,Cl;[H]N([H])C([H])([H])C([H])([H])N([H])C([H])([H])C([H])([H])N([H])[H],0.05,0.0943,False,NAFLIP01;NAFLIP02
275315785732,2,2,2,2,2,4,Pt,Br;[H]C([H])([H])C([H])([H])P(C([H])([H])C([H])([H])[H])C([H])([H])C([H])([H])[H,0.05,9.0101,False,NEJVOO;YEGCET
670642185101,4,4,4,3,2,4,Pt,Cl;Cl;[H]C1NC(C([H])([H])[H])C([H])C([H])C1[H];[H]N([H])[H],0.05,8.2001,False,NUDGIC;NUDGIC01;NUDGIC02;TECWEE
110041156186,2,2,2,2,1,4,Cu,[H]OC1C([H])C2C([H])C([H])C([H])C([H])C2C([H])C1C(O)=NN=C(C([H])([H])[H])C([H])(,0.05,6.7602,True,OCIKAN;OCIKAN01
807640469333,2,2,2,1,1,4,Zn,Br;Br;[H]O[H];[H]O[H],0.05,0.6619,False,OMEYEM;OMIKUS
88973833672,2,2,2,1,1,4,Fe,Br;Br;Br;[H]C1([H])C([H])([H])C([H])([H])C([H])(P(C2([H])C([H])([H])C([H])([H])C,0.05,1.1711,False,OYILIT;OYILOZ
126921913979,2,2,2,2,1,4,Zn,Cl;Cl;[H]C1NC(C([H])([H])SSC([H])([H])C2NC([H])C([H])C([H])C2[H])C([H])C([H])C1[,0.05,0.2159,False,PAXROZ;PAXTAN
12016044324,2,2,2,2,1,5,Co,N=C=S;[H]C1C([H])C([H])C2C(N=C(C([H])([H])N(C([H])([H])C3=NC4C([H])C([H])C([H])C,0.05,5.1102,True,PELGOD;XIHSIQ
615414219616,3,3,3,1,1,4,Pt,Cl;Cl;[H]C1NC(C2NC([H])C([H])C(C(C([H])([H])[H])(C([H])([H])[H])C([H])([H])[H])C,0.05,0.1581,False,PUFQEM;PUFQEM01;PUFQEM02
514614143669,2,2,2,1,1,4,Pt,[H]C([H])[H];[H]C([H])[H];[H]C1NC(C2NC([H])C([H])C([H])C2[H])C([H])C([H])C1[H],0.05,0.2354,False,PUFQUC;PUFQUC01
548961909111,3,3,3,2,2,4,Pd,Cl;[H]C1NC(C(=NN=C(S)N([H])[H])C2C([H])C([H])C([H])C([H])C2[H])C([H])C([H])C1[H],0.05,5.69,False,PUTTAZ02;PUTTAZ03;PUTTAZ04
911326696638,4,4,4,4,2,4,Pd,[H]C(=NC1C([H])C([H])C([H])C([H])C1N=C([H])C1C([H])C([H])C([H])C([H])C1O)C1C([H],0.05,9.6101,False,PYSALP;PYSALP01;PYSALP02;TOMYIG
154178357605,2,2,2,1,1,6,Cu,[H]O[H];[H]O[H];[H]c1c([H])c(Cl)n([H])c(=O)c1[H];[H]c1c([H])c(Cl)n([H])c(=O)c1[H,0.05,0.423,False,QICGIV;QICGIV01
414465199412,2,2,2,2,1,4,Ni,Cl;[H]C1C([H])C(C(P(C(C([H])([H])[H])(C([H])([H])[H])C([H])([H])[H])C(C([H])([H],0.05,0.2746,False,QIWQAR;QIWTAU
852534026084,2,2,2,1,1,2,Ag,O=[N+]([O-])O;[H]C1C([H])C(C([H])([H])[H])NC(C([H])([H])[H])C1[H];[H]C1C([H])C(C,0.05,0.086,False,QQQBUJ01;QQQBUJ02
474564373645,2,2,2,1,1,6,Co,[H]C([H])(Sc1nnc(C([H])([H])[H])s1)C(=O)O;[H]C([H])(Sc1nnc(C([H])([H])[H])s1)C(=,0.05,0.1868,False,QUHPOC;UNENAD
467373427229,2,2,2,1,1,4,Ni,[H]C(=C1N=C(C(=O)OC([H])([H])C2C([H])C([H])C([H])C([H])C2[H])C(C([H])([H])[H])=C,0.05,0.1581,False,RADTAR;RADTEV
754474307052,2,2,2,2,2,4,Ag,[H]OC(=O)C1C([H])C([H])C2C([H])C(N=C([H])C3NC([H])C([H])C([H])C3[H])C([H])C([H]),0.05,10.7201,False,REVHAD;REVHEH
223802310873,2,2,2,2,1,6,Cu,O=S(=O)(O)C(F)(F)F;O=S(=O)(O)C(F)(F)F;[H]c1c(C([H])([H])[H])nn([H])c1C([H])([H]),0.05,1.281,False,REVSOB;REVSOB03
334549242669,2,2,2,1,1,4,Zn,[H]C(=NC1C([H])C([H])C([H])C([H])C1[H])C1C([H])C([H])C([H])C(C2=NC3C([H])C([H])C,0.05,0.1393,False,SAKBUF;ZATDAD
444750788749,2,2,2,1,1,6,Co,[H]O[H];[H]O[H];[H]O[H];[H]O[H];[H]c1c(C(=O)O)n([H])c(=O)n([H])c1=O;[H]c1c(C(=O),0.05,0.0707,False,SELCUI;SELCUI01
600842214060,2,2,2,2,1,4,Cr,O;O;O;[H]C1C([H])C([H])N([H])C([H])C1C(=O)O,0.05,2.3905,True,SEVLIO;SEVLIO01
694775637675,2,2,2,1,1,6,Cu,[H]C1NC(N([H])P(=O)(O)N([H])C2NC([H])C([H])C([H])C2[H])C([H])C([H])C1[H];[H]C1NC,0.05,0.1581,False,SOLQIV;SOLQOB
977022180788,4,4,4,2,2,4,Pt,[H]C(=NC([H])(C1C([H])C([H])C([H])C([H])C1[H])C([H])([H])[H])C1C(O)C([H])C([H])C,0.05,8.8101,False,TAGQOL;TAGQUR;TAGRAY;TAGREC
763897562179,2,2,2,2,2,4,Pd,[H]C1=C([H])N(C([H])([H])[H])=C(C#C)N1C([H])([H])[H];[H]C1CC(C2NC(C3NC([H])C([H],0.05,8.0202,False,TIDVEK;TIDVIO
178874332709,3,3,3,2,1,5,V,Cl;O;O;[H]C1NC([H])C([H])C([H])C1[H];[H]C1NC([H])C([H])C([H])C1[H],0.05,0.6207,True,TIMJUU;TIMJUU01;TIMJUU02
215229115271,2,2,2,2,2,6,Pt,N=N=N;N=N=N;[H]C1NC([H])C([H])C([H])C1[H];[H]N([H])C([H])([H])[H];[H]O;[H]O,0.05,2.7705,False,TIQHUY;TIQHUY01
92655139950,3,3,3,3,1,5,Cu,Cl;Cl;Cl;[H]O[H];[H]O[H],0.05,4.47,False,TOZFAP;TOZFAP01;TOZFAP02
715104022004,2,2,2,1,1,6,Cu,Cl;Cl;[H]C1([H])OC([H])([H])C([H])([H])OC([H])([H])C([H])([H])OC([H])([H])C([H]),0.05,2.2106,False,TXCDCU;TXCDCU01
501506524319,2,2,2,2,1,6,Ru,Cl;[H]C1C([H])C([H])C(P(C2C([H])C([H])C([H])C([H])C2[H])C2C([H])C([H])C([H])C([H,0.05,5.7702,False,UCONOR;UCONUX
352324698168,2,2,2,2,1,4,Pd,[H]C1C([H])C(O)C2NC(C([H])(OC([H])([H])[H])C(C(=O)OC([H])([H])C([H])([H])[H])C(=,0.05,2.5005,True,UKOHOR01;UKOHOR02
831094030113,3,3,3,2,2,4,Pt,Cl;[H]C1C([H])C([H])C(N#C)C([H])C1[H];[H]C1CC(C2NC([H])C([H])C([H])C2[H])C([H])C,0.05,7.56,False,ULUZIN;UMACAP;UMACET
251468199182,2,2,2,2,1,6,Fe,N=C=S;N=C=S;[H]C(=Nn1c(C2NC([H])C([H])C([H])C2[H])nnc1C1NC([H])C([H])C([H])C1[H],0.05,1.6208,False,UZAXUQ;UZAXUQ01
720673157954,2,2,2,1,1,4,Pt,Cl;Cl;[H]C1NC(C2NC([H])C([H])C(C3C([H])C([H])C([H])C([H])C3[H])C2[H])C([H])C(C2C,0.05,0.086,False,VAMTUB;VAMTUB01
718958883637,2,2,2,2,1,6,Fe,[H]C1NC(C([H])([H])N(C([H])([H])C2NC([H])C([H])C([H])C2[H])C([H])([H])C2NC([H])C,0.05,0.9114,False,VESNEO;VESNEO03
975680153087,2,2,2,1,1,6,Co,Cl;Cl;[H]c1nn([H])c(C(C([H])([H])[H])(C([H])([H])[H])C([H])([H])[H])c1C#N;[H]c1n,0.05,0.1676,False,VITZIL;VITZUX
57788213200,2,2,2,2,1,6,Co,N#CNC#N;N#CNC#N;[H]C1NC2C3NC([H])C([H])C([H])C3C([H])C([H])C2C([H])C1[H];[H]C1NC,0.05,0.064,False,VOMXAY;VOMXEC
771477617347,2,2,2,2,1,4,Zn,FC1C(F)C(F)C(S)C(F)C1F;FC1C(F)C(F)C(S)C(F)C1F;[H]N=C([H])C1C([H])C([H])C([H])C([,0.05,1.1211,False,WEQZAT;WEQZAT01
657746349311,2,2,2,1,1,4,Co,Cl;Cl;[H]C1C([H])C(C([H])(C([H])([H])[H])C([H])([H])[H])C(N=C(C(=NC2C(C([H])(C([,0.05,0.0583,False,WESGEH;WESGEH01
944914724511,2,2,2,1,1,4,Zn,Br;Br;[H]C(=NC([H])([H])C([H])([H])N([H])(C([H])([H])C([H])([H])[H])C([H])([H])C,0.05,0.0583,False,WEWSIB;WEWSOH
913327110830,2,2,2,2,1,4,Pt,[H]C1C([H])C([H])C(P(C2C([H])C([H])C([H])C([H])C2[H])N([H])P(C2C([H])C([H])C([H],0.05,5.3002,False,WOWPIK;WOWPIK01
732664298034,3,3,3,1,1,6,Cu,[H]C1NC([H])C(C(=O)O)C([H])C1[H];[H]C1NC([H])C(C(=O)O)C([H])C1[H];[H]O[H];[H]O[H,0.05,0.4329,False,XAXFOR;XAXFOR04;XAXFOR05
433028510735,2,2,2,2,2,4,Ag,[H]C1NC2C([H])C([H])C3NC([H])C([H])NC3C2NC1[H];[H]C1NC2C([H])C([H])C3NC([H])C([H,0.05,3.7203,False,XAYNUG;XAYNUG01
246018811621,2,2,2,2,1,4,Cu,[H]C1C([H])C([H])C(S(=O)(=O)NC(S)N([H])C([H])([H])C([H])([H])[H])C([H])C1[H];[H],0.05,0.5622,False,XEGTOW;XEGTOW01
782122812114,2,2,2,1,1,4,Fe,C#O;[H]C([H])([H])C([H])(P(C([H])([H])C([H])([H])NC([H])([H])C([H])([H])P(C([H]),0.05,0.086,False,XOLYII;XOLYII01
298222960995,2,2,2,1,1,6,Mn,N=C=S;N=C=S;[H]C1NC([H])C([H])C(C2NC(C3C([H])C([H])NC([H])C3[H])NC(C3C([H])C([H],0.05,0.13,False,XUGJIS;XUGJIS01
43850270481,3,3,3,2,2,6,Fe,N=C=S;N=C=S;[H]C1NC(C(=NC2C([H])C([H])C(Br)C([H])C2[H])C2C([H])C([H])C([H])C([H],0.05,2.8203,True,YAZTUS;YAZTUS01;YAZTUS02
959604172409,2,2,2,1,1,4,Re,O;O;O;[H]C([H])[H],0.05,0.0583,False,YOXVAI01;YOXVAI02
23506368327,2,2,2,1,1,6,Ni,[H]N=C(N(C([H])([H])C([H])([H])[H])C([H])([H])C([H])([H])[H])n1nc([H])c([H])c1[H,0.05,0.0539,False,YUPCEU;YUPCIY
624942327014,3,3,3,2,1,4,Cu,[H]C1NC(N(C([H])([H])P(C2C([H])C([H])C([H])C([H])C2[H])C2C([H])C([H])C([H])C([H],0.05,0.8201,False,ZANVIX;ZANWEU;ZANWIY
629994990570,2,2,2,2,1,5,Cr,[H]C([H])([H])C(N)(C([H])([H])[H])C([H])([H])[H];[H]C([H])([H])C(N)(C([H])([H])[,0.05,4.1903,False,ZAPNOT;ZAPNOT01
271456767396,2,2,2,2,2,4,Cu,[H]C1C([H])C([H])C(C2=C3N=C(C(C4C([H])C([H])C(C(F)(F)F)C([H])C4[H])=C3C3C([H])C(,0.05,2.5505,True,ZEHQOU;ZEHQOU01
803190896519,3,3,3,2,2,4,Pt,[H]OP(C1C([H])C([H])C([H])C([H])C1[H])C([H])([H])C([H])([H])P(O[H])C1C([H])C([H],0.05,7.5401,False,ZEVZIJ;ZEWBAE;ZEWBEI
873811820524,3,3,3,1,1,6,Ni,N=C=S;N=C=S;[H]C1NC([H])C(N2C(=O)C3C([H])C([H])C([H])C4C([H])C([H])C([H])C(C2=O),0.04,0.1746,False,ABURAU01;ABUSAV;ABUVOM
457017931911,4,4,4,2,1,6,Ni,[H]C1C(C(=O)O)NC2C([H])C([H])C([H])C([H])C2C1[H];[H]C1C(C(=O)O)NC2C([H])C([H])C(,0.04,0.117,False,ABUVUO;DEYNOL;JAGVAP;QITFEG
382005137197,8,8,6,3,2,4,Pd,[H]C(C(O)C([H])([H])[H])C(O)C([H])([H])[H];[H]C(C(O)C([H])([H])[H])C(O)C([H])([H,0.04,9.6301,False,ACACPD01;ACACPD02;OJUCEF;PUBCOH;PUBDAU;SESTIW
71397488438,3,3,3,1,1,4,Cu,Cl;Cl;[H]C1NC(C([H])([H])C([H])([H])N([H])[H])C([H])C([H])C1[H],0.04,0.0894,False,AEPYCC10;AEPYCC11;AEPYCC12
602315833829,2,2,2,1,1,4,Pt,[H]C1C([H])C(SC(=O)C([H])([H])[H])C([H])C([H])C1C#C;[H]C1C([H])C(SC(=O)C([H])([H,0.04,0.05,False,AFIROW;MUZZUC
946192413573,12,12,11,1,1,4,Mn,I;I;I;I,0.04,0.8901,False,AFUNAU;DOFHAL;GOMBUI;JIBXIF;JUCJID;JUCJID01
484533963208,9,9,9,1,1,6,Co,[H]OP(=O)(O)OP(=O)(O)O[H];[H]OP(=O)(O)OP(=O)(O)O[H];[H]O[H];[H]O[H],0.04,0.7006,False,AGOPIX;AWIBIU;DELNIS;FUGMIE;NIXTUL;QOCFIZ
451030420901,2,2,2,1,1,4,Ti,Cl;Cl;[H]C([H])([H])[Si](N[Si](C([H])([H])[H])(C([H])([H])[H])C([H])([H])[H])(C(,0.04,1.5605,False,AGUZUY;JOHBAJ10
605714847647,2,2,2,2,2,4,Pt,Cl;[H]C1NC(C([H])([H])N([H])C([H])([H])C2NC([H])C([H])C([H])C2[H])C([H])C([H])C1,0.04,8.4601,False,AHOWEB;QADKUF
541218269299,5,5,3,1,1,4,Pd,[H]C(C(O)C1C(F)C(F)C(F)C(F)C1F)C(O)C1C(F)C(F)C(F)C(F)C1F;[H]C(C(O)C1C(F)C(F)C(F),0.04,0.05,False,AKUBOA;AKUBUG;VOLHUB;VOLJEN;VOLKAK
951744944592,3,3,3,2,2,4,Pt,Cl;Cl;[H]N([H])[H];[H]N([H])[H],0.04,8.1101,False,AKUVUA;AKUVUA01;CUKRAB02
873933379874,2,2,2,1,1,4,Cu,Cl;Cl;[H]C1NC(C2NC([H])C([H])C(C(C([H])([H])[H])(C([H])([H])[H])C([H])([H])[H])C,0.04,0.0566,False,ALIRAP;ALIRAP01
364424320640,2,2,2,1,1,4,Ni,[H]N1C([H])(C([H])([H])[H])C([H])([H])N([H])C(C([H])([H])[H])(C([H])([H])[H])C([,0.04,3.9602,False,ANENEO;ANENIS
117799088607,5,5,4,2,1,4,Cu,[H]C([H])([H])C#N;[H]C1C([H])C([H])C(P(C2C([H])C([H])C([H])C([H])C2[H])C2C([H])C,0.04,1.21,False,ANOXAF;DAWRIC01;XASLUZ;XASMAG;XASMEK
32250375352,2,2,2,1,1,4,Pt,Cl;[H]C([H])([H])S(=O)C([H])([H])[H];[H]C1NC2C(O)C([H])C([H])C([H])C2C([H])C1[H],0.04,0.064,False,AQOYEM01;AQOYEM02
453998312110,4,4,4,1,1,4,Pd,Cl;[H]C1C(C(=S)N([H])C([H])([H])C2C([H])C([H])C([H])C([H])C2[H])CC(C(=S)N([H])C(,0.04,0.4704,False,ARAMIQ;ARAMOW;ARANAJ;WUSDOE
403652367324,2,2,2,2,2,4,Fe,N#N;[H]c1c(C([H])([H])P(C(C([H])([H])[H])(C([H])([H])[H])C([H])([H])[H])C(C([H]),0.04,8.3401,False,AREZUU;AREZUU01
722269247620,2,2,2,2,1,4,Ni,[H]N1C([H])([H])C([H])([H])NC(=O)C([H])([H])C([H])([H])N([H])C([H])([H])C([H])([,0.04,2.8703,False,AVOHOI;QANQOM
96482189714,24,24,10,2,2,4,Ni,C#N;C#N;C#N;C#N,0.04,8.7,False,AWELUJ;ETUXAV;FOYXUQ;FUSSIX;GAXNIG;GIQHOE
144250413029,2,2,2,1,1,4,Cu,[H]C1C([H])C([H])C(C(=NC([H])([H])C(C([H])([H])[H])(C([H])([H])[H])C([H])([H])N=,0.04,0.0806,False,AWUFAA;AWUFAA01
877227444932,2,2,2,2,1,6,Mn,[H]C(=NC([H])([H])C([H])([H])C([H])([H])N([H])C([H])([H])C([H])([H])N([H])C([H]),0.04,1.7904,True,AYIGAT;AYIHIC
681957704111,2,2,2,1,1,6,Co,[H]C1C([H])C([H])C2C(C1[H])N(C([H])([H])C(=O)O)C(C([H])([H])[H])=N2C([H])([H])C(,0.04,0.5016,False,AYOKAB;LUDFAT
428922119211,6,6,6,3,1,5,Ni,Cl;Cl;Cl;[H]C1([H])N2C([H])([H])C([H])([H])N(C([H])([H])[H])(C1([H])[H])C([H])([,0.04,4.5902,False,AZOCNI11;AZOCNI12;AZOCNI13;AZOCNI14;AZOCNI15;AZOCNI16
739253447060,10,10,10,2,2,4,Pt,Cl;Cl;Cl;[H]C([H])([H])S(=O)C([H])([H])[H],0.04,8.72,False,AZORIS;GIKJUH;JIBMEM01;KCDMSP01;LEZCIC;PAXDEA
104401353862,2,2,2,1,1,4,Ni,C#NB(C1C(F)C(F)C(F)C(F)C1F)(C1C(F)C(F)C(F)C(F)C1F)C1C(F)C(F)C(F)C(F)C1F;C#NB(C1C,0.04,0.05,False,BAQZEY;YEQYOI
972092048265,2,2,2,1,1,5,Zn,[H]C(C(O)C([H])([H])[H])C(O)C([H])([H])[H];[H]C1NC(C([H])([H])NC(=C2C(=O)N(C3C([,0.04,0.2729,False,BASRUL;BASRUL01
737523608497,2,2,2,1,1,4,Zn,Cl;Cl;[H]C1NC([H])C([H])C(C(=O)N([H])[H])C1[H];[H]C1NC([H])C([H])C(C(=O)N([H])[H,0.04,1.0907,False,BELVIB;BELVIB01
881180606215,2,2,2,1,1,4,Zn,Br;Br;[H]C1NC([H])C([H])C(C(=O)N([H])[H])C1[H];[H]C1NC([H])C([H])C(C(=O)N([H])[H,0.04,0.0566,False,BELVOH;BELVOH01
896483696297,3,3,3,2,1,6,Hg,O=N(O)O;O=N(O)O;[H]C1C([H])C([H])C(P(C2C([H])C([H])C([H])C([H])C2[H])C2C([H])C([,0.04,1.5805,False,BENJIN;BENJIN01;BENJIN02
271564707166,2,2,2,1,1,4,Co,[H]C([H])[H];[H]C1C([H])C(C([H])([H])P(C(C([H])([H])[H])(C([H])([H])[H])C([H])([,0.04,0.05,False,BETNIZ;LEYMOU
206817383140,5,5,4,1,1,4,Ni,[H]C(=NC([H])(C1C([H])C([H])C([H])C([H])C1[H])C([H])([H])[H])C1C([H])C(Cl)C([H]),0.04,0.0412,True,BEVJUL;HAWGAO;HAWGAO01;HAWGAO02;HAWGAO03
836737355617,3,3,3,2,1,6,Co,[H]C(=O)C1C([H])C([H])C(O)C(OC([H])([H])[H])C1[H];[H]C(=O)C1C([H])C([H])C(O)C(OC,0.04,3.12,True,BEVPAU01;BEVPAU02;FIXJOP
673105625119,3,3,3,1,1,4,Ni,[H]c1c([H])n(C([H])([H])[H])c(=S)n1[H];[H]c1c([H])n(C([H])([H])[H])c(=S)n1[H];[H,0.04,0.064,False,BIJNOX;CIKTIZ;JAXLAV
351672746351,4,4,4,1,1,4,Zn,Cl;Cl;[H]C1C([H])C([H])C2C(N=NN2[H])C1[H];[H]C1C([H])C([H])C2C(N=NN2[H])C1[H],0.04,0.1237,False,BISNUM;BISNUM01;BISNUM02;UNUHAO
713462702324,3,3,3,1,1,6,Co,[H]C1([H])SC([H])([H])C([H])([H])SC([H])([H])C([H])([H])SC1([H])[H];[H]C1([H])SC,0.04,0.136,False,BOXMIK;KEXXOB;NIDQIA
718484463988,2,2,2,1,1,4,Zn,Cl;Cl;[H]C1C([H])C2C(=NC3C([H])C([H])C(C([H])([H])[H])C([H])C3[H])C(=NC3C([H])C(,0.04,0.0566,False,BUJLOJ;BUJMIE
74434757506,3,3,2,1,1,4,Cu,[H]C(=NC([H])([H])C1C([H])C([H])C([H])C([H])C1[H])C1C([H])C([H])C([H])C([H])C1O;,0.04,0.05,False,BUTMAF;BUTMAF01;JIDHAI
557290591089,2,2,2,1,1,4,Ni,[H]C([H])([H])C([H])([H])S(=O)(=O)N=C(S)S;[H]C([H])([H])C([H])([H])S(=O)(=O)N=C(,0.04,0.0721,False,BUZKAJ;RENBES
81929018069,3,3,3,2,1,6,Zn,[H]OC(C(=O)O)(C([H])([H])C(=O)O)C([H])([H])C(=O)O;[H]OC(C(=O)O)(C([H])([H])C(=O),0.04,2.0204,False,CABDEO;CABDEO01;EPAWIC
245440375871,2,2,2,1,1,4,Cr,F;O;O;O,0.04,0.1746,False,CAFKIG;NONYUK03
999284931891,2,2,2,2,2,5,Pd,Cl;[H]C1NC(C([H])([H])SC([H])([H])C([H])([H])SC([H])([H])C2NC([H])C([H])C([H])C2,0.04,5.0102,False,CAMCIF;CAMCOL
600919317168,3,3,3,1,1,4,Cu,[H]C(=NC1C([H])C([H])C([H])C([H])C1C([H])([H])N=C([H])C1C([H])C([H])C([H])C(OC([,0.04,0.1746,False,CAPWEY;CAPWEY01;MIGTII
55942441547,7,7,7,1,1,4,Co,N=C=O;N=C=O;N=C=O;N=C=O,0.04,0.7503,False,CASWUR;CASXAY;CASXEC;CASXIG;CASXOM;CASXUS
388634402767,8,8,5,1,1,4,Pt,Br;Br;[H]C1NC(C2NC([H])C(C([H])([H])OC([H])([H])C(F)(F)F)C([H])C2[H])C([H])C([H],0.04,0.1077,False,CATXAY;CATXAY01;CATXAY02;CATXAY03;CATXAY04;CATXAY05
178175104077,2,2,2,2,1,4,Ni,Br;Br;[H]C1C([H])C([H])C(C([H])(C2C([H])C([H])C(C(C([H])([H])[H])(C([H])([H])[H],0.04,0.05,True,CAXXUY;CAXXUY01
349970751765,4,4,4,2,2,4,Au,N#CN=C(S)S;N#CN=C(S)S,0.04,6.1101,False,CEHGAY;DUCZAF;OLACAF;OLACEJ
970944309508,2,2,2,2,2,4,Ag,[H]C([H])([H])C#N;[H]c1c(C([H])([H])[H])nn(C2NC3C4NC([H])C([H])C([H])C4C([H])C([,0.04,8.9601,False,CENHOU;CENHUA
706390984023,3,3,3,2,1,6,Zn,[H]c1nc(-c2nc([H])c([H])n2[H])n([H])c1[H];[H]c1nc(-c2nc([H])c([H])n2[H])n([H])c1,0.04,3.5301,False,CEPLOZ;CEPLOZ01;SEGYAG
406073483497,2,2,2,2,2,4,Pd,[H]C1C([H])C([H])C(C(=O)O)C(SC([H])([H])[H])C1[H];[H]C1C([H])C([H])C(P(C2C([H])C,0.04,8.9101,False,CICSIQ;CICSIQ01
134682319320,2,2,2,2,1,4,Zn,[H]C1C([H])C([H])C(C2=NC([H])([H])C([H])([H])N2[H])C(O)C1[H];[H]C1C([H])C([H])C(,0.04,3.2202,False,CIXJOL;JEVMIH
967017511217,4,4,3,2,2,4,Ni,[H]NC(NC(N[H])C1NC([H])C([H])C([H])C1[H])C1NC([H])C([H])C([H])C1[H];[H]NC(NC(N[H,0.04,8.39,False,COBLOX;COBLOX01;COBLOX02;COBLOX03
36851466690,2,2,2,1,1,4,Zn,[H]C([H])C([H])([H])[H];[H]C([H])C([H])([H])[H];[H]C1NC(C2NC([H])C([H])C([H])C2[,0.04,1.3106,False,CODRIX;CODRIX01
491149693530,2,2,2,2,1,4,Ni,[H]C1C([H])C([H])C(C([H])(N([H])[H])C([H])(C2C([H])C([H])C([H])C([H])C2[H])N([H],0.04,3.2302,False,COPGET;MAHDUV
918798552484,3,3,3,2,2,4,Pd,Cl;Cl;[H]C1C([H])C([H])C(N#C)C([H])C1[H];[H]C1C([H])C([H])C(N#C)C([H])C1[H],0.04,8.7001,False,COYBOI;COYBOI01;COYBOI02
352033187112,5,5,5,2,1,4,Pt,Cl;Cl;[H]C1CC(C2NC([H])C([H])C([H])C2[H])C([H])C([H])C1[H],0.04,2.1404,False,CUBBUA;CUBBUA02;CUBBUA04;CUBCOV;YIYVEK
131999617794,3,3,3,1,1,4,Pd,O=[N+]([O-])O;[H]C1NC(C2NC(C3NC([H])C([H])C([H])C3[H])C([H])C([H])C2[H])C([H])C(,0.04,0.0566,False,CUCKOB;CUCKOB01;ULUVEF
162420784648,2,2,2,2,1,4,Zn,Cl;Cl;[H]C1NC([H])C([H])C(C#N)C1[H];[H]C1NC([H])C([H])C(C#N)C1[H],0.04,0.064,False,CYPYZN;CYPYZN01
222186775098,2,2,2,1,1,4,Cu,[H]C1C([H])C([H])C(P(C2C([H])C([H])C([H])C([H])C2[H])C2C([H])C([H])C([H])C([H])C,0.04,0.2433,False,DADRAC;NAKKIU
480471243715,5,5,5,1,1,4,Cu,[H]C1C([H])C([H])C(P(C2C([H])C([H])C([H])C([H])C2[H])C2C([H])C([H])C([H])C([H])C,0.04,0.4804,False,DAYHAM;DAYHAM01;QEYTOG;YUXJEI;YUXJEI01
530147683537,2,2,2,2,1,6,Cu,O=[N+]([O-])O;O=[N+]([O-])O;[H]N1C([H])([H])N2C([H])([H])N(C([H])([H])C([H])([H],0.04,0.7611,False,DAYKUL;DAYKUL01
72133757873,2,2,2,2,1,4,Cu,[H]C(=NC1C([H])C([H])C(Cl)C([H])C1C(=O)C1C([H])C([H])C([H])C([H])C1[H])C1C([H])C,0.04,0.04,False,DEBDOH;DEBDOH01
881410850036,2,2,2,1,1,4,Ni,O=c1c(S)c(S)c(=O)c1=O;O=c1c(S)c(S)c(=O)c1=O,0.04,0.05,False,DEJHOQ;DEJHUW
433441639774,4,4,3,1,1,4,Pd,[H]C([H])([H])C([H])([H])N(C(S)S)C([H])([H])C([H])([H])[H];[H]C([H])([H])C([H])(,0.04,0.0566,False,DETCPD02;DETCPD03;FEBKUW;URIPUJ
153957397709,4,4,4,2,2,4,Pt,[H]C1C([H])C([H])C(C(O)C([H])C(O)C2C([H])C([H])C([H])C([H])C2[H])C([H])C1[H];[H],0.04,9.2701,False,DIWTOV;DIWTOV01;DIWTOV04;DIWTOV05
767281743681,2,2,2,2,1,4,Cu,[H]C1C([H])C([H])C(C2NC(C3NC(C4C([H])C([H])C([H])C([H])C4[H])C([H])C([H])C3[H])C,0.04,5.4101,False,DODGAH;ZOFJIN
400098963990,3,3,2,1,1,4,Pd,[H]C1C([H])C([H])C(P(C2C([H])C([H])C([H])C([H])C2[H])C([H])([H])P(C2C([H])C([H]),0.04,0.05,False,EGIQET;EJIHIR;UFAWAC
919619562028,2,2,2,1,1,4,Pd,[H]C1C([H])C(C([H])([H])N(C([H])([H])[H])C([H])([H])[H])CC(C([H])([H])N(C([H])([,0.04,0.064,False,EJUFAR;IYUTAX
928356504915,2,2,2,2,2,4,Ni,[H]N([H])C1([H])C([H])([H])C([H])([H])C(N([H])[H])(C([H])([H])[H])C1(C([H])([H]),0.04,7.7901,False,EKUHIB;IQEPEZ
964223496613,2,2,2,1,1,5,Cu,Cl;[H]C1NC([H])C([H])C([H])C1[H];[H]C1NC([H])C([H])C([H])C1[H];[H]C1NC([H])C([H],0.04,0.1077,True,ERETUR;REQDAU
871330782286,2,2,2,1,1,4,Pt,[H]C1C([H])C([H])C(C#C)C([H])C1[H];[H]C1C([H])C([H])C(C#C)C([H])C1[H];[H]C1CC2C3,0.04,0.4916,False,EREWUV;TUXGAU
325030692918,2,2,2,1,1,4,Fe,N=O;N=O;[H]c1nc(S)n([H])n1;[H]c1nn([H])c(=S)n1[H],0.04,0.136,False,EYABOV;EYABOV01
931336781327,2,2,2,1,1,4,Pd,[H]C([H])([H])C#N;[H]C([H])([H])C#N;[H]C1CC(C([H])([H])N(C([H])([H])[H])C([H])([,0.04,0.0566,False,EYEHEV;XAPFON
939203454582,2,2,2,2,2,6,Mo,C#O;C#O;C#O;C#O;[H]C1C([H])C([H])C2C(O[PH](O)=OC3C([H])C([H])C([H])C([H])C32)C1[,0.04,1.4206,True,EZETAE;EZETEI
144649535266,3,3,3,1,1,4,Cu,[H]C1C([H])C2C([H])C([H])C(C(F)(F)F)NC2C2NC(C(F)(F)F)C([H])C([H])C12;[H]C1C([H]),0.04,0.4601,True,FATMIX;FATMIX01;FATMUJ
668798320437,2,2,2,1,1,4,Pt,Cl;[H]C1NC(C2NC(C3NC([H])C([H])C([H])C3[H])C([H])C(C3C([H])C([H])C(Cl)C([H])C3[H,0.04,0.0566,False,FAYKID;ZONJUJ
283728170744,3,3,3,2,1,6,Mn,[H]C(=NC([H])([H])C([H])([H])C([H])([H])N([H])C([H])([H])C([H])([H])N([H])C([H]),0.04,0.0949,False,FEHKOW;FEHKOW01;FEHKUC
960155327402,2,2,2,2,1,6,Ti,Cl;Cl;[H]C1([H])OC([H])([H])C([H])([H])C1([H])[H];[H]C1([H])OC([H])([H])C([H])([,0.04,2.4903,True,FEQWAZ;XOSMOH
442796779665,7,7,7,1,1,4,Zn,[H]c1nc([H])n([H])c1[H];[H]c1nc([H])n([H])c1[H];[H]c1nc([H])n([H])c1[H];[H]c1nc(,0.04,0.7003,False,FOGFOX01;FOGFOX02;IMZNPC01;IMZNPC02;JEVNAA;ODUKEG
168000461402,3,3,3,1,1,4,Co,[H]C(=NC1([H])C([H])([H])C([H])([H])C([H])([H])C([H])([H])C1([H])[H])C1C([H])C(O,0.04,0.0447,False,FOTDIE;FOTDIE01;FOTDIE02
506309574962,2,2,2,1,1,4,Pt,Cl;Cl;[H]C([H])([H])N(C#N)C([H])([H])[H];[H]C([H])([H])N(C#N)C([H])([H])[H],0.04,0.064,False,FOVZEZ;OMAFOX
673153585615,3,3,3,1,1,4,Pt,I;I;[H]C([H])([H])N(C#N)C([H])([H])[H];[H]C([H])([H])N(C#N)C([H])([H])[H],0.04,0.064,False,FOVZOJ;FOWBAY;FOWBEC
806685086924,2,2,2,2,1,4,Cu,N=C=S;N=C=S;[H]N([H])C(N([H])C([H])([H])C([H])([H])C([H])([H])C([H])(C(=O)O)N([H,0.04,3.5202,False,GAGBOI;GAGBOI01
971666889768,2,2,2,1,1,4,Zn,[H]C1C([H])C(C([H])([H])[H])C([H])C([H])C1N1C([H])C([H])N(B([H])(N2C([H])C([H])N,0.04,0.771,False,GAGZEU;ISIROR
534777311047,11,11,6,1,1,4,Pd,Cl;Cl;[H]C1([H])SC([H])([H])C([H])([H])SC([H])([H])C([H])([H])SC1([H])[H],0.04,0.117,False,GATLES;GATLES01;GATLES02;GATLES03;GATLES04;GATLES05
334306559056,2,2,2,2,2,6,W,[H]C1C([H])C([H])C(S)C(S)C1[H];[H]C1C([H])C([H])C(S)C(S)C1[H];[H]C1C([H])C([H])C,0.04,1.1807,True,GEFKOR;HUKSAH
360381833875,3,3,3,1,1,4,Pt,C#N;[H]C1NC(C2CC(C3NC([H])C([H])C([H])C3[H])C([H])C(C(=O)OC([H])([H])[H])C2[H])C,0.04,0.064,False,GEJTOH;GEJTUN;GEJVID
313280254327,3,3,3,1,1,4,Cu,Br;Br;[H]C1NC2C3NC([H])C([H])C([H])C3C([H])C([H])C2C([H])C1[H],0.04,0.064,False,GICNIP;GICNIP01;GICNIP02
607239911682,2,2,2,2,1,6,Ru,C#O;C#O;Cl;Cl;[H]C1NC(C2NNC(C3NC([H])C([H])C([H])C3[H])C([H])C2[H])C([H])C([H])C,0.04,1.9004,True,GIDBIE;GIDBOK
393458632489,2,2,2,1,1,4,Pt,[H]C([H])([H])C([H])([H])C([H])([H])C([H])([H])P(C([H])([H])C([H])([H])C([H])([H,0.04,0.064,False,GILWAA;GILWAA01
343903734931,2,2,2,2,2,4,Pd,[H]OC([H])([H])C([H])([H])N=C(C([H])=NO)C1C([H])C([H])C([H])C([H])C1[H];[H]OC([H,0.04,6.7301,False,GIVYIV;GIVYIV01
148407413860,3,3,3,2,2,4,Au,Cl;Cl;[H]N=C(N([H])[H])N([H])C(=N[H])N(C([H])([H])[H])C([H])([H])[H],0.04,8.2801,False,GOVSUJ;GOVTAQ;GOVTEU
84123359181,2,2,2,2,2,4,Pt,Cl;Cl;[H]C([H])([H])S(=O)C([H])([H])[H];[H]C1=C([H])C([H])([H])N([H])OC1([H])[H],0.04,8.6101,False,GUGZEN;GUGZIR
710696565802,3,3,3,1,1,4,Pt,C#N;C#N;[H]C1NC(C2NC([H])C([H])C([H])C2[H])C([H])C([H])C1[H],0.04,0.1844,False,GUZKER;JARCAG02;JARCAG03
63110875169,2,2,2,1,1,6,Co,[H]C1NC([H])C(c2nc(C3C([H])C([H])NC([H])C3[H])n[nH]2)NC1[H];[H]C1NC([H])C(c2nc(C,0.04,0.1265,False,HAYHEW;ULOYEB
705489304719,2,2,2,1,1,4,Cu,I;[H]c1c(C(C([H])([H])[H])(C([H])([H])[H])C([H])([H])[H])nn([H])c(=S)c1C(C([H])(,0.04,0.4717,False,HAZWOY;YEJTIU
205550958877,6,6,5,1,1,4,Cu,[H]C(=NC([H])([H])[H])C1C(O)C([H])C([H])C2C([H])C([H])C([H])C([H])C12;[H]C(=NC([,0.04,0.0447,False,HENMIW;HENMOC;HENNAP;MHNAPC01;MHNAPC02;MHNAPC03
166890364703,2,2,2,2,1,4,Ni,[H]ON=C(C1C([H])C(C([H])([H])[H])C([H])C([H])C1O)C([H])([H])[H];[H]ON=C(C1C([H]),0.04,6.4101,False,HIDQEQ;HIDQEQ01
844668027438,4,4,4,2,1,4,Pd,[H]C1C([H])C([H])N(O)C(S)C1[H];[H]C1C([H])C([H])N(O)C(S)C1[H],0.04,0.102,False,HIGZOM01;HIGZOM02;JOVFOS;QOWNOG
608485050115,2,2,2,1,1,6,Co,[H]c1c(C([H])([H])N(C([H])([H])c2nnn(C([H])([H])C3C([H])C([H])C([H])C([H])C3[H]),0.04,0.05,False,HOLCUI;IWOVOG
420331399948,2,2,2,2,2,6,Fe,[H]C(=NC([H])([H])C([H])([H])N=C([H])C1C([H])C([H])C([H])C(OC([H])([H])[H])C1O)C,0.04,3.1403,True,HOZTOH;HOZTOH01
238781985943,2,2,2,1,1,4,Pt,Cl;[H]C([H])([H])S(=O)C([H])([H])[H];[H]NC(=O)c1nc([H])n(C2([H])OC([H])(C([H])([,0.04,0.1552,False,HUJMAA;HUJMEE
423512933276,2,2,2,2,1,4,Cu,I;[H]C1NC(C2NC(N([H])P(C(C([H])([H])[H])(C([H])([H])[H])C([H])([H])[H])C(C([H])(,0.04,1.4206,False,HUSNOC;HUSNUI
394307721191,2,2,2,1,1,4,Pt,[H]C1C(C(=O)NC([H])(C2C([H])C([H])C([H])C([H])C2[H])C([H])(NC(=O)C2NC3C([H])C([H,0.04,0.04,False,IBIQAP;IBIQET
95817588320,2,2,2,1,1,4,Zn,[H]C1C([H])C([H])C(C([H])([H])S)C([H])C1[H];[H]N1C([H])([H])C([H])([H])C([H])([H,0.04,0.6313,False,ICUCUF;XILGIJ
857529649295,2,2,2,2,2,4,Fe,[H]C([H])([H])P(C([H])([H])[H])C([H])([H])C([H])([H])P(C([H])([H])[H])C([H])([H],0.04,6.5101,False,IFIJOY;IFIJUE
579394315787,2,2,2,1,1,4,Cu,Br;Br;Br;[H]C1C([H])C([H])C2OC(C3C([H])C(Br)C(N([H])[H])C(Br)C3[H])=NC2C1[H],0.04,0.0806,False,IGUBET;IGUBET01
836637636345,2,2,2,1,1,4,Pd,[H]C(=NN=C(S)SC([H])([H])C1C([H])C([H])C([H])C([H])C1[H])C1=C([H])N([H])C2C([H]),0.04,0.05,False,IJOHOF;QAHXEE
887928892044,3,3,2,2,2,4,Pt,[H]C1C([H])C([H])C(P(C2C([H])C([H])C([H])C([H])C2[H])C2C([H])C([H])C([H])C([H])C,0.04,8.2101,False,ILEDOS;ILEDOS01;NAFSUL
698375690372,2,2,2,2,2,4,Pd,Cl;Cl;[H]OC(=O)C1C([H])C([H])C(O[H])C(N(C([H])([H])P(C2C([H])C([H])C([H])C([H])C,0.04,8.9401,False,IPODOG;REVBIE
118545344135,3,3,3,1,1,4,Ni,[H]N1C([H])([H])C([H])([H])N([H])C([H])([H])C([H])([H])C([H])([H])N([H])C([H])([,0.04,0.05,False,ITOQIS;JIZTUH;SOLLUD
452168222170,2,2,2,1,1,4,Pd,[H]c1c([H])n(C(C([H])([H])[H])(C([H])([H])[H])C([H])([H])[H])c(=S)n1[H];[H]c1c([,0.04,0.05,False,IWOQAM;TUHLIS
71437393793,3,3,3,2,1,4,Ir,[H]C1C([H])C(C([H])([H])P(C(C([H])([H])[H])(C([H])([H])[H])C([H])([H])[H])C(C([H,0.04,0.2402,False,JACKII;KEWXOA;KEYFUQ
714225738216,2,2,2,1,1,4,Au,Br;Br;[H]C([H])([H])N1C(=S)C(=S)N(C([H])([H])[H])C([H])([H])C([H])([H])C1([H])[H,0.04,0.1844,False,JADYET;XIYTOS
604902631459,5,5,5,2,1,6,Co,[H]C1C(C(=O)O)NC2C([H])C([H])C([H])C([H])C2C1[H];[H]C1C(C(=O)O)NC2C([H])C([H])C(,0.04,1.7804,False,JAGTUH;JAGTUH01;QITDUU;QITDUU01;QITDUU02
19308838701,3,3,3,2,1,5,Cu,N#CNC#N;[H]C1NC2C3NC([H])C([H])C([H])C3C([H])C([H])C2C([H])C1[H];[H]C1NC2C3NC([H,0.04,5.31,True,JAGXAR;WIRJUC;WIZFIV
170661791709,2,2,2,1,1,4,Mn,[H]C([H])([H])[Si](N[Si](C([H])([H])[H])(C([H])([H])[H])C([H])([H])[H])(C([H])([,0.04,0.136,False,KAHJIN;KAHJIN01
248295287495,2,2,2,2,2,4,Pt,Cl;Cl;[H]C1NC([H])C([H])C(C([H])([H])[H])C1[H];[H]C1NC([H])C([H])C(C([H])([H])[H,0.04,8.4401,False,KARROK;LEWXAN
918107961901,2,2,2,2,2,4,Pd,[H]C1C([H])C([H])C([As](C2C([H])C([H])C([H])C([H])C2[H])C2C([H])C([H])C([H])C([H,0.04,8.1501,False,KEFCIJ;KEFCOP
854801865122,2,2,2,2,2,4,Pt,[H]C1C([H])C([H])C([As](C2C([H])C([H])C([H])C([H])C2[H])C2C([H])C([H])C([H])C([H,0.04,8.2001,False,KEFCUV;QOGSUE
673004944422,3,3,3,1,1,4,Pt,[H]N=C(N(C(=NC1C([H])C([H])C([H])C([H])C1[H])N([H])[H])C1C([H])C([H])C([H])C([H],0.04,0.0566,False,KEHMAN;TUVTIP;TUVTOV
950060132822,2,2,2,1,1,5,Cu,O=[N+]([O-])O;O=[N+]([O-])O;[H]C1NC(C2NC(C3NC([H])C([H])C([H])C3[H])C([H])C([H]),0.04,2.0404,False,KEJKOB;KEJKOB01
510012808231,2,2,2,1,1,4,Rh,C#O;Cl;[H]C1C([H])C(C([H])([H])[H])C([H])C([H])C1P(C1C([H])C([H])C(C([H])([H])[H,0.04,0.0412,False,KIWPEM;SUVGEV
338787043337,2,2,2,2,1,4,Pt,Cl;Cl;Cl;[H]C([H])([H])C#N,0.04,0.1844,False,KOJVIO;QOCZEN
157962118100,5,5,4,1,1,4,Pd,Cl;Cl;[H]C1NC([H])C([H])C([H])C1[H];[H]C1NC([H])C([H])C([H])C1[H],0.04,0.064,False,KUNBOK;KUNBOK01;KUNBOK02;KUNBOK03;KUNBOK04
969519554854,2,2,2,1,1,4,Pt,I;I;[H]C1NC(C2NC([H])C(C([H])([H])OC([H])([H])C(F)(F)C([H])(F)F)C([H])C2[H])C([H,0.04,0.1265,False,LABYIB;NEQTUB
805603936763,2,2,2,1,1,6,Co,N=C=S;N=C=S;N=C=S;N=C=S;[H]N1C([H])([H])C([H])([H])N([H])([H])C([H])([H])C1([H]),0.04,0.1649,False,LALKAL01;LALKAL02
200402903653,2,2,2,1,1,4,Ni,Cl;Cl;[H]c1c([H])n(C(C([H])([H])[H])(C([H])([H])[H])C([H])([H])[H])c(=S)n1[H];[H,0.04,0.0447,False,LEVHAW;LEVHAW01
378256380961,5,5,5,2,1,6,Mo,Cl;Cl;Cl;Cl;[H]C1([H])OC([H])([H])C([H])([H])C([H])([H])C1([H])[H];[H]C1([H])OC(,0.04,4.2102,True,LIJQUS;LIJQUS01;LIJQUS02;LIJQUS03;LIJQUS04
514461253449,2,2,2,2,1,4,Pd,Cl;Cl;[H]C1C([H])C([H])C(C([H])([H])N2CN(C([H])([H])C3C([H])C([H])C([H])C([H])C3,0.04,0.3523,False,LUFCUO;LUFDID
866536430947,2,2,2,2,2,4,Pd,Cl;[H]C1NC(C(=O)NN=C(C2NC([H])C([H])C([H])C2[H])C([H])([H])[H])C([H])C([H])C1[H],0.04,8.6801,False,LUYTIK;LUYTOQ
277432609378,2,2,2,2,2,6,Fe,Cl;Cl;[H]OC([H])([H])C([H])([H])N(C([H])([H])C1=NC2C([H])C([H])C([H])C([H])C2N1[,0.04,1.4106,True,MEJTUQ;MEJTUQ01
656471584001,2,2,2,1,1,6,Mn,[H]C1NC(C(=NN=C(S)N([H])C2C([H])C([H])C([H])C([H])C2[H])C([H])([H])[H])C([H])C([,0.04,0.5814,False,MUGGEA;MUGGEA01
346489451898,2,2,2,2,1,5,Fe,[H]N(C([H])([H])C([H])([H])C([H])([H])N=C(C([H])([H])[H])C(S)(C([H])([H])[H])C([,0.04,1.1907,False,MUMTEW;WUBSEV
955721824404,2,2,2,1,1,6,Cu,[H]OC([H])([H])C([H])([H])OC([H])([H])C(=O)O;[H]OC([H])([H])C([H])([H])OC([H])([,0.04,0.1844,False,NERWAK;NERWAK01
950979121771,2,2,2,1,1,4,Pd,[H]C1=C([H])N(C(C([H])([H])[H])(C([H])([H])[H])C([H])([H])[H])C(=S)N1B(OC(=O)C([,0.04,0.05,False,NEXXAQ;NEXXAQ01
483496733080,2,2,2,1,1,4,Pd,[H]C(=NC([H])([H])C([H])([H])C([H])([H])C([H])([H])C([H])([H])C([H])([H])C([H])(,0.04,0.2631,False,NIQKOQ;NIQKUW
428891356222,2,2,2,1,1,4,Ni,[H]C([H])([H])C(S)(C([H])([H])[H])C([H])([H])[H];[H]C([H])([H])C(S)(C([H])([H])[,0.04,0.05,False,NUFLOR01;YUZZEA01
633722695309,2,2,2,1,1,4,Pt,Cl;Cl;[H]C1C([H])C([H])C(P(C2C([H])C([H])C([H])C([H])C2[H])C2C([H])C([H])C([H])C,0.04,0.3423,False,NUHKOS;YUVBOI
173155163230,2,2,2,1,1,4,Co,[H]C([H])([H])P(C([H])([H])[H])C([H])([H])[H];[H]C1C([H])C([H])C(P(OC([H])([H])C,0.04,0.0447,False,ODAVIC;ODAVUO
786522550456,3,3,3,2,1,6,Mn,N=C=S;N=C=S;[H]C1NC(C(=O)C2C([H])C([H])C([H])C([H])C2[H])C([H])C([H])C1[H];[H]C1,0.04,3.8102,False,OVIXEX;OVIXEX01;OVIXEX02
903618206891,2,2,2,2,1,5,Fe,Cl;Cl;[H]C1C([H])C(C([H])(O[Si](C([H])([H])[H])(C([H])([H])[H])C([H])([H])[H])P(,0.04,4.4602,True,OXUZAL;OXUZAL01
318365800534,4,4,4,1,1,6,Cu,[H]C(C(O)C(F)(F)F)C(O)C(F)(F)F;[H]C(C(O)C(F)(F)F)C(O)C(F)(F)F;[H]C1=NC([H])=C(C2,0.04,0.5215,False,OZUSOS;OZUSOS01;OZUSOS02;OZUSOS03
275559620644,2,2,2,1,1,6,Ru,Cl;Cl;[H]C1C([H])C([H])C(P(C2C([H])C([H])C([H])C([H])C2[H])C2C([H])C([H])C([H])C,0.04,0.05,False,PAVZOE;QOQMOY01
924811652344,2,2,2,2,1,6,Ni,[H]N(C([H])([H])[H])C([H])([H])C([H])([H])N([H])C([H])([H])[H];[H]N(C([H])([H])[,0.04,0.2335,False,PEMNIF;XEYZEH
620629177358,2,2,2,2,1,4,Hg,Br;Br;[H]C1NC(N([H])C2NC([H])C([H])C([H])C2[H])C([H])C([H])C1[H],0.04,2.5903,True,POMGOO;POMGOO01
510840676578,2,2,2,1,1,5,Fe,C#O;C#O;O=S=O;[H]C1C([H])C([H])C(OP(OC2C([H])C([H])C([H])C([H])C2[H])OC2C([H])C(,0.04,0.6512,False,POPFEC01;POPFEC10
200212392584,2,2,2,1,1,4,Cu,[H]C(=NC1([H])C([H])([H])C([H])([H])C([H])([H])C([H])([H])C([H])([H])C([H])([H]),0.04,0.0412,False,PUHGAA;PUHGAA01
520581314332,2,2,2,1,1,4,Pt,[H]N([H])C([H])([H])[H];[H]N([H])C([H])([H])[H];[H]N=C1NC(O)N(C([H])([H])[H])C([,0.04,0.0566,False,QAFMAL;QAFMEP
167346854760,2,2,2,1,1,4,Pd,[H]C1=C([H])N(C([H])([H])C2C([H])C([H])C([H])C([H])C2[H])CN1C([H])([H])C(=O)NC1C,0.04,0.05,False,QIDCAI;UNOJAJ
22695787761,2,2,2,1,1,4,Pt,Cl;Cl;[H]C1C([H])C([H])C(P(C2C([H])C([H])C([H])C([H])C2[H])N(C2C([H])C([H])C(F)C,0.04,0.3523,False,QIPYAT;QIPYEX
447866034610,2,2,2,1,1,4,Pd,Cl;[H]C1C([H])C([H])C(SC2C([H])C([H])C([H])C([H])C2NN=C(C(=O)C([H])([H])[H])N([H,0.04,0.0412,False,QOLTOD;QOLTUJ
243151716602,2,2,2,1,1,4,Pt,Cl;[H]C1C([H])C(C([H])(N(C([H])([H])[H])C([H])([H])[H])C([H])([H])C([H])([H])[H],0.04,0.2138,False,QOMXAR;SIXLEQ
222270585367,2,2,2,1,1,6,Cu,Cl;Cl;[H]c1nc([H])n([H])n1;[H]c1nc([H])n([H])n1;[H]c1nc([H])n([H])n1;[H]c1nc([H],0.04,2.1204,False,QOYBOY;YATNUE
992015372290,2,2,2,2,1,4,Co,Br;Br;[H]C1NC(C([H])([H])N([H])C([H])(C2C([H])C([H])C([H])C([H])C2[H])C([H])([H],0.04,2.3103,False,QOYJEW;QOYJIA
498340177462,2,2,2,1,1,6,Mn,[H]C1([H])C([H])([H])C2([H])OC1([H])C([H])(C(=O)O)C2([H])C(=O)O;[H]C1([H])C([H]),0.04,0.0894,False,QUYBAO;WOHBEC
253388581437,2,2,2,1,1,4,Zn,[H]C(=NC([H])(C1C([H])C([H])C(OC([H])([H])[H])C([H])C1[H])C([H])([H])[H])C1C([H],0.04,0.0447,True,RANHEV;RANHIZ
676412453918,2,2,2,1,1,6,Mo,Cl;Cl;[H]C([H])([H])C(N)(C([H])([H])[H])C([H])([H])[H];[H]C([H])([H])C(N)(C([H]),0.04,0.5116,False,RASKIJ;SOTQEA
860173988618,2,2,2,2,2,4,Pt,Cl;[H]C1C([H])C([H])C(P(C([H])([H])[H])C([H])([H])[H])C([H])C1[H];[H]C1C([H])C([,0.04,9.0801,False,REDZAB;REDZEF
225547491393,2,2,2,2,2,6,W,C#O;C#O;C#O;C#O;C#O;[H]C1C([H])C([H])C([Te][Te]C2C([H])C([H])C([H])C([H])C2[H])C,0.04,4.5302,False,RIJYEO;RIJYEO01
595317626352,2,2,2,2,2,4,Pt,Cl;Cl;[H]C([H])([H])S(=O)C([H])([H])[H];[H]OC([H])([H])C1NC(C([H])([H])O[H])C([H,0.04,8.3201,False,RUCPIP;XOZVAK
93113199011,5,5,5,2,1,4,Rh,C#O;C#O;[H]c1nc(-c2nc([H])c([H])n2[H])n([H])c1[H],0.04,0.1649,False,RUXQAD;RUXQAD01;RUXQIL;RUXQIL01;RUXQIL04
734109237827,2,2,2,1,1,4,Cr,[H]B123B45([H])C67([H])C89([H])B1%10([H])B21%11([H])B342([H])B563([H])B784([H])B,0.04,2.0104,False,SADLOC;YEDVOS
373133294517,2,2,2,2,2,6,Ru,Cl;Cl;N=O;[H]C1NC(C2NC(C3NC([H])C([H])C([H])C3[H])C([H])C(C3C([H])C([H])C([H])C(,0.04,1.9404,True,SAYSUJ;SAYTAQ
786956351167,2,2,2,1,1,6,Co,Cl;Cl;[H]OC([H])([H])C1C([H])NC([H])C([H])C1[H];[H]OC([H])([H])C1C([H])NC([H])C(,0.04,0.7011,False,SAYVEW;SAYVEW01
484405466864,2,2,2,1,1,4,Cu,C#O;[H]c1c(C([H])(C([H])([H])[H])C([H])([H])[H])nn(C([H])(n2nc(C([H])(C([H])([H],0.04,0.204,False,SEFMAS;SEFMEW
559536924610,2,2,2,2,2,4,Ag,[H]C1NC2C3NC([H])C([H])C([H])C3C3NC(C#N)C(C#N)NC3C2C([H])C1[H];[H]C1NC2C3NC([H]),0.04,1.1207,True,SEFRAX;TOLJUA
991950838255,2,2,2,1,1,6,Ni,[H]N([H])C([H])([H])C([H])(N([H])[H])C([H])([H])[H];[H]N([H])C([H])([H])C([H])(N,0.04,0.04,False,SOJLOS;TIJQAE
732870082553,2,2,2,2,1,4,Zn,[H]c1c([H])n(C([H])(C([H])([H])[H])C([H])([H])[H])c(=[Se])n1C([H])([H])[H];[H]c1,0.04,1.8804,False,SUKSOJ;SUKSUP
661898177724,2,2,2,1,1,4,Rh,C#O;[H]C1C([H])C([H])C(P(C2C([H])C([H])C([H])C([H])C2[H])C2C([H])C([H])C([H])C([,0.04,0.064,False,SULBUW;SULBUW01
648660591356,3,3,2,2,2,4,Pd,[H]C([H])([H])C([H])([H])P(C([H])([H])C([H])([H])[H])C([H])([H])C([H])([H])[H];[,0.04,7.9101,False,TAWYEX;TAWYIB;TAWYOH01
985969113209,5,5,4,1,1,6,Ni,Cl;Cl;[H]N1C([H])([H])C([H])([H])N([H])C([H])([H])C([H])([H])C([H])([H])N([H])C(,0.04,0.9401,False,TAZDNC01;TAZDNC02;TAZDNC04;TAZDNC06;TAZDNC08
643176158571,2,2,2,1,1,4,Pt,[H]C([H])([H])N(C(S)S)C([H])([H])[H];[H]C([H])([H])N(C(S)S)C([H])([H])[H],0.04,0.0447,False,TEDRIG;TEDRIG05
742778026954,2,2,2,1,1,4,Ni,[H]C(=NC([H])([H])C([H])([H])N=C([H])C1C([H])C([H])C([H])C(OC([H])([H])[H])C1O)C,0.04,0.05,True,TEJGIZ;TUZFAY
473658328883,2,2,2,2,1,6,Fe,N=C=S;N=C=S;[H]C1NC([H])C([H])C([H])C1[H];[H]C1NC([H])C([H])C([H])C1[H];[H]C1NC2,0.04,1.4705,False,TISWIC;TISWIC01
291522274063,2,2,2,2,2,4,Zn,[H]C([H])([H])C(=O)O;[H]C([H])([H])C(=O)O;[H]N1C(=S)N([H])C([H])([H])C1([H])[H];,0.04,5.7801,False,TIZFEO;TIZFEO01
872883254260,2,2,2,1,1,4,Pd,Br;Br;[H]C1C([H])C(N#C)C([H])C([H])C1Br;[H]C1C([H])C(N#C)C([H])C([H])C1Br,0.04,0.064,False,TOWYIQ;XOVNUU
40263888079,2,2,2,2,2,4,Pt,[H]C1CC(C2NC([H])C([H])C3C([H])C([H])C([H])C([H])C23)C2C(C1[H])C([H])C([H])C([H],0.04,9.3101,False,TUJBOT;TUJBUZ
795565727966,2,2,2,1,1,4,Zn,Cl;Cl;[H]C1NC([H])C(Cl)C(Cl)C1Cl;[H]C1NC([H])C(Cl)C(Cl)C1Cl,0.04,0.0412,False,UBOBOC;UBOBOC01
436385291361,2,2,2,2,1,6,Os,Cl;Cl;[H]C1NN(B([H])(N2NC([H])C([H])C2[H])N2NC([H])C([H])C2[H])C([H])C1[H];[H]c1,0.04,5.6501,False,UDUGEF;UDUGIJ
649513522430,2,2,2,2,2,4,Pt,Cl;Cl;[H]C([H])([H])S(=O)C([H])([H])[H];[H]C1C([H])C([H])C(C2=NC3C([H])C([H])C(O,0.04,8.4201,False,UGANOH;UGANUN
681038048456,2,2,2,1,1,6,W,C#O;C#O;C#O;C#O;C#O;[H]C([H])([H])[Si](C([H])([H])[H])(C([H])([H])[H])C([H])(P(C,0.04,0.0806,False,UJEBAM;UJEBAM01
638171695904,3,3,2,1,1,4,Ni,Cl;Cl;[H]C1C([H])C([H])C(P(C2C([H])C([H])C([H])C([H])C2[H])C([H])([H])C([H])([H],0.04,0.0806,False,UKEPEF;VERYAV;VERYAV02
907312430477,2,2,2,1,1,5,Zn,[H]C(C(O)C([H])([H])[H])C(O)C([H])([H])[H];[H]C(C(O)C([H])([H])[H])C(O)C([H])([H,0.04,0.0447,True,ULAVUY;ULAVUY01
153723117344,3,3,3,1,1,4,Pd,Cl;Cl;[H]C1C([H])C([H])C(C([H])([H])N([H])[H])C([H])C1[H];[H]C1C([H])C([H])C(C([,0.04,0.05,False,UMIBOH;UMIBOH01;WOCLEF
242078575144,2,2,2,1,1,6,Co,Br;Br;[H]C1NC(C2NC([H])C([H])C([H])C2[H])C([H])C([H])C1[H];[H]C1NC(C2NC([H])C([H,0.04,1.1407,False,UPUTIJ;UPUTIJ01
751537895918,2,2,2,2,2,4,Rh,C#O;C#O;Cl;[H]c1nc([H])n(C([H])([H])[H])c1[H],0.04,8.4001,False,VASMIL;VASMIL01
463592986270,2,2,2,1,1,4,Cu,[H]C1C([H])C([H])C(N([H])C(S)=NN(C([H])([H])[H])C([H])([H])[H])C([H])C1[H];[H]C1,0.04,0.064,False,VICFAP;VICFAP02
549795405408,2,2,2,1,1,4,Zn,I;[H]C1C([H])N(B([H])(N2NC(C(C([H])([H])[H])(C([H])([H])[H])C([H])([H])[H])C([H],0.04,0.4418,False,VOJWOG;VOJWOG01
409419095053,2,2,2,2,1,6,Ni,[H]OC([H])([H])C1C([H])NC(C([H])([H])[H])C(O)C1C([H])=NC([H])([H])C([H])([H])N([,0.04,1.7904,False,VOQMAR;VOQMAR01
4114520154,2,2,2,1,1,4,Zn,Cl;Cl;[H]C1C([H])C2C(=NC3C([H])C([H])C(OC([H])([H])[H])C([H])C3[H])C(=NC3C([H])C,0.04,0.3126,False,VUJHOZ;VUJHUF
87181709146,2,2,2,1,1,6,Cu,Cl;Cl;[H]C1=NC(=O)C2C([H])C([H])C([H])C([H])C2N1[H];[H]C1=NC(=O)C2C([H])C([H])C(,0.04,0.1942,False,WABTEA;WABTEA01
512792926604,2,2,2,1,1,4,Au,[H]C([H])([H])P(C([H])([H])[H])C([H])([H])[H];[H]C1C([H])C([H])C(C#C)C([H])C1[H],0.04,0.05,False,WAQGIF;WAQGOL
550723257778,2,2,2,2,1,4,Ru,[H]C([H])([H])C1([H])P(C([H])([H])C([H])([H])P2C([H])(C([H])([H])[H])C([H])([H]),0.04,3.1403,False,WAVKIP;WAVLAI
520272984788,2,2,2,1,1,4,Pt,[H]C1CC([H])C([H])C([H])C1[H];[H]C1CC([H])C([H])C([H])C1[H];[H]C1NC(N(C2NC([H])C,0.04,0.2828,False,WICFOE;WICFOE01
180214469414,2,2,2,2,2,4,Pt,[H]C1C([H])C([H])C(P2C3([H])C(C([H])([H])[H])=C(C([H])([H])[H])C2([H])C([H])(P(C,0.04,7.1301,False,WIJZUK;WIKDID
354752716766,2,2,2,1,1,4,Co,Cl;Cl;[H]C1C([H])C([H])C2C(N=C(C([H])([H])[H])N2[H])C1[H];[H]C1C([H])C([H])C2C(N,0.04,0.1552,False,XIWWEG;XIWWEG01
23801744961,4,4,4,1,1,4,Cu,[H]C1=C([H])N(C([H])(C([H])([H])[H])C([H])([H])[H])CN1C1NC([H])C([H])C([H])C1[H],0.04,0.2335,False,XIYXOW;XIYYEN;XIYYIR;XIYYOX
502430111317,4,4,4,1,1,4,Ir,C#O;C#O;[H]C1C([H])C(C([H])([H])[H])C([H])C([H])C1NC(C([H])C(O)C([H])([H])[H])C(,0.04,0.0566,False,XOFQOZ;XOFQOZ01;XOFQOZ02;XOFQOZ03
192305918065,2,2,2,2,1,4,Cu,O=C(O)O;[H]N=S(C1C([H])C([H])C([H])C([H])C1[H])C1C([H])C([H])C([H])C([H])C1[H];[,0.04,4.7302,True,XOGMAH;XOGMEL
487462927234,2,2,2,1,1,4,Pt,[H]C1([H])C([H])([H])C([H])([H])C([H])(P(C2([H])C([H])([H])C([H])([H])C([H])([H],0.04,0.05,False,YARGUV;YARHAC
887897518108,2,2,2,2,1,5,V,O;O;[H]C(=NC1([H])C([H])([H])C([H])([H])C([H])([H])C([H])([H])C1([H])N([H])[H])C,0.04,0.3523,True,YAVCAB;YAVCAB01
466999404513,2,2,2,1,1,6,Fe,N=C=S;N=C=S;[H]C1NC(C(=NC2C([H])C([H])C(Cl)C([H])C2[H])C2C([H])C([H])C([H])C([H],0.04,0.04,False,YAZTOM;YAZTOM01
6698521156,2,2,2,1,1,4,Zn,I;I;[H]c1nc([H])n([H])c1[H];[H]c1nc([H])n([H])c1[H],0.04,0.1649,False,YESTOJ;YESTOJ01
758555226593,2,2,2,1,1,4,Pd,[H]C1C([H])C([H])C(P(C2C([H])C([H])C([H])C([H])C2[H])C([H])([H])C([H])([H])P(C2C,0.04,0.05,False,YILDED;YILDIH
681331798950,2,2,2,1,1,4,Au,Br;Br;Br;[H]OC(=O)C([H])(N1CN(C([H])(C(=O)O[H])C([H])([H])[H])C([H])=C1[H])C([H],0.04,0.0721,False,YOMTOL;YOMTUR
433838783444,2,2,2,2,2,6,Fe,[H]C(=NN([H])C(=NC([H])([H])C([H])=C([H])[H])SC([H])([H])[H])C1C([H])C([H])C([H],0.04,3.7802,False,ZAJHEA;ZAJHIE
668238301546,6,6,6,2,2,4,Pt,N=C=S;[H]C1NC(C2NC(C3NC([H])C([H])C([H])C3[H])C([H])C(C3C([H])C([H])C([H])C([H]),0.04,8.53,False,ZAYBIM;ZAYBIM01;ZAYBIM02;ZAYCAF;ZAYCEJ;ZAYCIN
725947317706,2,2,2,2,1,4,Pt,Cl;[H]C([H])([H])S(=O)C([H])([H])[H];[H]C1NC2C(O)C([H])C([H])C([N+](=O)[O-])C2C(,0.04,1.5805,False,ZENWAT;ZENWEX
52673386927,3,3,3,2,1,4,Zn,[H]C1C([H])C([H])C(N=NC(S)=NN([H])C2C([H])C([H])C([H])C([H])C2[H])C([H])C1[H];[H,0.04,0.7106,True,ZNDITZ02;ZNDITZ03;ZNDITZ11
316633385200,2,2,2,1,1,4,Pt,O=N=O;O=N=O;[H]C1C([H])C([H])C(P(C2C([H])C([H])C([H])C([H])C2[H])C2C([H])C([H])C,0.03,0.0424,False,ACOXEX;DOTNAC
474122071718,3,3,3,2,2,5,Pt,Br;Br;[H]C1([H])SC([H])([H])C([H])([H])SC([H])([H])C([H])([H])SC1([H])[H],0.03,5.27,False,ACUWUQ01;ACUWUQ02;ACUWUQ03
905148507495,2,2,2,1,1,4,Pd,Cl;[H]C1NC(C([H])([H])N([H])C([H])([H])C2NC([H])C([H])C([H])C2[H])C([H])C([H])C1,0.03,0.0762,False,AFEROS01;EMATOC
761425149927,119,119,32,2,2,4,Au,Cl;Cl;Cl;Cl,0.03,8.71,False,AHOGEL;AJUGAQ;AJUGEU;ALEMUA;ALIPIV;ASACOM
179174772926,3,3,3,2,2,4,Cu,[H]C1C([H])C([H])C(C2=NC(C([H])([H])[H])(C([H])([H])[H])C(C([H])([H])[H])(C([H]),0.03,6.5701,False,AJISAN01;AJISAN02;AJISAN03
476165318629,2,2,2,1,1,4,Pt,[H]C(=NC1C([H])C([H])C([H])C([H])C1N=C([H])C1C([H])C([H])C([H])C([H])C1O)C1C([H],0.03,0.1237,False,AJIYEY;LIFTON
835140354006,3,3,3,2,1,6,Ni,[H]OC([H])([H])C1NC([H])C([H])C([H])C1[H];[H]OC([H])([H])C1NC([H])C([H])C([H])C1,0.03,5.5201,True,AKENUD;IQUBIF;OPOVEV
158471816704,3,3,3,1,1,4,Pt,[H]C1([H])C([H])([H])C(C(=O)O)(C(=O)O)C1([H])[H];[H]N([H])[H];[H]N([H])[H],0.03,0.2121,False,AMCBPT01;PARKOK;QASKEB
43013071051,4,4,4,2,1,4,Pd,Br;Br;[H]C1NC(C2NC([H])C([H])C([H])C2[H])C([H])C([H])C1[H],0.03,1.9402,False,ATATUL;DUHJEW;LUDRAF;RESDUO
675023518682,2,2,2,1,1,4,Au,Cl;[H]C1NC(C(=NN=C(S)N2C([H])([H])C([H])([H])C([H])([H])C([H])([H])C([H])([H])C2,0.03,0.0424,False,ATOPOO;DAXDUD
512484759131,2,2,2,2,1,5,Cu,[H]C1C([H])C(C(=O)O)C([H])C([H])C1F;[H]C1C([H])C(C(=O)O)C([H])C([H])C1F;[H]C1NC(,0.03,0.5109,True,AWIYUD;OYUBOA
673054705032,2,2,2,2,2,6,Zn,[H]C1C(c2nn[nH]n2)C([H])C([H])N(O)C1[H];[H]C1C(c2nn[nH]n2)C([H])C([H])N(O)C1[H];,0.03,2.5002,True,AXILUO;AXILUO01
210017247819,2,2,2,1,1,4,Pd,Cl;Cl;[H]C1=C([H])N(C([H])([H])N2CN(C([H])([H])[H])C([H])=C2[H])CN1C([H])([H])[H,0.03,0.0671,False,AXOBUK;SEPYOC
848746068029,12,12,11,2,2,4,Au,S=c1sc(S)c(S)s1;S=c1sc(S)c(S)s1,0.03,8.94,False,BAQMAL;CEJQOY;GIHHEM;MISJOO;PALXEJ;PALXEJ01
608150460909,7,7,6,2,2,4,Pd,[H]C1NC([H])C([H])C([H])C1[H];[H]C1NC([H])C([H])C([H])C1[H];[H]C1NC([H])C([H])C(,0.03,8.58,False,BASGUX02;BASGUX10;MAMDAH;MAMDAH01;QOMQIU;TITDOR
253097172453,2,2,2,1,1,4,Pt,[H]C1NC(C2NC([H])C([H])C([H])C2[H])C([H])C([H])C1[H];[H]N([H])[H];[H]N([H])[H],0.03,0.2419,False,BEFHUP10;DATNOB
391519829827,2,2,2,2,2,4,Pd,Cl;[H]C1NC(C([H])([H])N(C([H])([H])[H])C([H])([H])C2NC([H])C([H])C([H])C2[H])C([,0.03,8.4301,False,BELMEM;BELMIQ
886773773546,2,2,2,1,1,4,Zn,Br;Br;[H]C([H])=C([H])C1C([H])C([H])NC([H])C1[H];[H]C([H])=C([H])C1C([H])C([H])N,0.03,0.0583,False,BENCUT;BENCUT01
803233075066,2,2,2,1,1,4,Zn,Cl;Cl;[H]OC1C([H])C([H])C(Br)C([H])C1C([H])=NN([H])C(=O)C1C([H])NC([H])C([H])C1[,0.03,0.2915,False,BICKUX;BICLAE
534010315363,2,2,2,2,2,4,W,[H]C1C([H])C([H])C(P(C2C([H])C([H])C([H])C([H])C2[H])C([H])([H])C([H])([H])P(C2C,0.03,10.35,False,BIDGIF;ELALEI
333889949763,16,16,6,2,2,4,Pd,Cl;Cl;[H]C1C([H])C([H])C(P(C2C([H])C([H])C([H])C([H])C2[H])C2C([H])C([H])C([H])C,0.03,8.99,False,BISKIX;BISKIX01;BISKIX02;BISKIX04;BISKIX06;CACZUB
957346016986,2,2,2,1,1,4,Pd,Cl;[H]C([H])C#N;[H]C1C([H])C([H])C(P(C2C([H])C([H])C([H])C([H])C2[H])C2C([H])C([,0.03,0.0316,False,BOBRUF;BOBSAM
199994184544,2,2,2,2,1,5,Zn,F;[H]C1NC(SC(SC2NC([H])C([H])C([H])C2[H])SC2NC([H])C([H])C([H])C2[H])C([H])C([H],0.03,3.7901,True,BOCCUT;BOCDEE
38435983319,4,4,4,1,1,4,Pt,Cl;Cl;[H]C1C([H])C([H])C(P(C2C([H])C([H])C([H])C([H])C2[H])C([H])([H])C([H])([H],0.03,0.6903,False,BOFVIB;BOFVIB01;DEBXUD01;DEBXUD02
6389744202,4,4,3,1,1,4,Pd,Br;Br;[H]OC1C(C2C([H])C([H])C([H])C([H])C2[H])C([H])C(N=C([H])C2C([H])C([H])NC([,0.03,0.05,False,BOGZUT;EGUDIU;EGUDOA;EGUDOA01
284146171922,4,4,4,1,1,4,Pd,Cl;Cl;[H]OC1C(C2C([H])C([H])C([H])C([H])C2[H])C([H])C(N=C([H])C2C([H])C([H])NC([,0.03,0.0361,False,BOHBAC;EGUFAO;EGUFES;EGUFIW
204864407609,5,5,5,3,2,4,Pt,[H]C1C([H])C([H])N(O)C(S)C1[H];[H]C1CC(C2=NC3C([H])C([H])C([H])C([H])C3S2)C([H]),0.03,9.85,False,BOJDAJ;BOJDEN;BOJDIR;BOJDOX;PINJAB
481170570196,5,5,5,2,2,4,Pd,[H]C1C([H])C(C([H])([H])[H])C(N#C)C(C([H])([H])[H])C1[H];[H]C1C([H])C(C([H])([H],0.03,8.46,False,BOJJIW;BOJJIW01;BOJJIW02;BOJJIW03;BOJJIW04
919122760017,2,2,2,2,1,6,Fe,[H]C([H])([H])OC(=C(C#N)C#N)C(C#N)C#N;[H]C([H])([H])OC(=C(C#N)C#N)C(C#N)C#N;[H]C,0.03,1.7803,False,BOJMAP;BOJMAP01
648477109755,2,2,2,1,1,4,Pd,[H]C1NC(C([H])([H])N2CN(C([H])([H])C([H])([H])[H])C3C([H])C([H])C([H])C([H])C32),0.03,0.0361,False,BOYPIP;BOYQAI
332265770508,2,2,2,2,1,6,Mn,C#O;C#O;C#O;[H]c1nc(P(c2nc([H])c([H])n2C([H])([H])[H])c2nc([H])c([H])n2C([H])([H,0.03,1.2004,False,BUHPOK;BUHQIF
753597388943,2,2,2,1,1,4,Zn,Cl;Cl;[H]C(=NC1C([H])C([H])C([H])C([H])C1[H])C1NC([H])C([H])C([H])C1[H],0.03,0.0424,False,BULTAE;BULTAE01
8692783015,2,2,2,2,1,6,Fe,[H]C1NC(C([H])([H])N2C([H])([H])C([H])([H])N([H])C([H])([H])C([H])([H])N(C([H])(,0.03,3.2701,False,BUNSAF;BUNSAF01
743886062512,2,2,2,1,1,4,Ir,[H]C1C([H])C(C([H])(C([H])([H])[H])C([H])([H])[H])C(NC2C([H])C(C(C([H])([H])[H]),0.03,0.05,False,BUQMUZ;SEDXAE
385721974966,3,3,3,1,1,4,Cu,[H]C1NC([H])C(N(C([H])([H])P(C2C([H])C([H])C([H])C([H])C2[H])C2C([H])C([H])C([H],0.03,0.2508,False,BUSJOS;BUSJUY;BUSKAF
43547334575,3,3,3,1,1,6,Ni,[H]N([H])C([H])([H])C([H])([H])N(C([H])([H])[H])C([H])([H])[H];[H]N([H])C([H])([,0.03,0.441,False,CAFXOA;JOBWAY01;QEGGUI
910708612038,2,2,2,1,1,6,Co,[H]C1=NC(N=N=N)=NN1[H];[H]C1=NC(N=N=N)=NN1[H];[H]O[H];[H]O[H];[H]O[H];[H]O[H],0.03,0.0424,False,CASMAM;LICSIB
207097870088,2,2,2,1,1,4,Pt,O=[N+]([O-])O;[H]C1C([H])C(C([H])([H])N(C([H])([H])[H])C([H])([H])[H])CC(C([H])(,0.03,0.4909,False,CAVYAA;CAVYEE
734814009445,2,2,2,2,2,4,Pd,O=C(O)C(F)(F)F;O=C(O)C(F)(F)F;[H]C1=NN(C2([H])C([H])([H])C([H])(C([H])([H])[H])C,0.03,7.9701,False,CEHJIL;CEJBAX
50081648629,2,2,2,2,2,5,Cu,N=C=S;N=C=S;[H]c1c(C([H])([H])[H])nn(C([H])([H])C2NC(C([H])([H])n3nc(C([H])([H]),0.03,5.1801,False,CEPQUJ;CEPQUJ01
863375582204,2,2,2,1,1,4,Pd,Cl;[H]C1=C([H])N(C2C(C([H])(C([H])([H])[H])C([H])([H])[H])C([H])C([H])C([H])C2C(,0.03,0.03,False,CEVLOF;CEVLOF01
315446445348,6,6,6,1,1,6,Co,[H]C1NC([H])C([H])C(C(=O)N([H])[H])C1[H];[H]C1NC([H])C([H])C(C(=O)N([H])[H])C1[H,0.03,0.5901,False,CEZYIS;HUCPIF;LAMMOD;LEHHUC;SETHIJ;YERKAK
610853307410,2,2,2,2,2,4,Pd,[H]N([H])C([H])([H])C(=O)O;[H]N([H])C([H])([H])C(=O)O,0.03,7.5401,False,CGLPDH11;TGLYPD10
286838804876,2,2,2,1,1,4,Au,[H]C([H])([H])C([H])([H])N(C(S)S)C([H])([H])C([H])([H])[H];[H]C([H])([H])C([H])(,0.03,0.0361,False,CIFVAQ;XUWFAA
808364549879,2,2,2,1,1,4,Pt,Cl;[H]C1NC(C2NC(C3NC([H])C([H])C([H])C3[H])C([H])C(C3C([H])C([H])C(C([H])([H])N4,0.03,0.0424,False,CIZHIE;CIZHIE01
437555924043,2,2,2,1,1,4,Cu,Br;[H]C1C([H])C([H])C(P(C2C([H])C([H])C([H])C([H])C2[H])C2C([H])C([H])C([H])C([H,0.03,0.05,False,COYNOT;COYNOT02
901631202937,3,3,3,1,1,6,Ni,[H]N(C([H])([H])C(=O)O)C([H])([H])C(=O)O;[H]N(C([H])([H])C(=O)O)C([H])([H])C(=O),0.03,0.1334,False,CSNIDA;IMACNI01;OVIZAV
879069810904,5,5,5,2,1,6,Co,[H]OC(=O)c1c(C(=O)O)nc([H])n1[H];[H]OC(=O)c1c(C(=O)O)nc([H])n1[H];[H]O[H];[H]O[H,0.03,1.66,False,DAHROU01;DAHROU02;HOTDUR;MAHTOF;MAJKOY
743284485274,5,5,5,2,2,4,Cu,N#CC1NC(S)C(S)NC1C#N;N#CC1NC(S)C(S)NC1C#N,0.03,9.09,False,DAWXEF;UNUGOB;UNUTII;UNUTOO;ZIDBIA
751043354504,2,2,2,1,1,4,Cu,[H]C1C([H])C([H])C2C([H])C([H])C(C3NC4C([H])C([H])C([H])C([H])C4C([H])C3[H])NC2C,0.03,0.0316,True,DEFVIU;FINCAJ
426499802671,2,2,2,2,2,4,Pd,Cl;Cl;[H]C1C([H])C([H])C(P(C2C([H])C([H])C([H])C([H])C2[H])C([H])([H])[H])C([H]),0.03,7.8401,False,DEPHUB;HIPXEJ
480177201761,2,2,2,1,1,6,Fe,[H]c1nc(-c2nc([H])sc2[H])c([H])s1;[H]c1nc(-c2nc([H])sc2[H])c([H])s1;[H]c1nc(-c2n,0.03,1.7603,False,DEVDUD01;NEBLIR
685575985778,5,5,4,1,1,4,Pd,I;I;[H]C1C([H])C([H])C(P(C2C([H])C([H])C([H])C([H])C2[H])C2C([H])C([H])C([H])C([,0.03,0.05,False,DIDPPD01;DIDPPD02;DIDPPD03;GODGIP;GODGIP01
431024414133,2,2,2,2,1,6,W,O;O;[H]C1NC2C(O)C([H])C([H])C([H])C2C([H])C1[H];[H]C1NC2C(O)C([H])C([H])C([H])C2,0.03,3.3601,False,DIDSUE;DIDSUE01
368451252681,3,3,3,1,1,4,Pt,[H]N([H])[H];[H]N([H])[H];[H]c1nc2c(nc([H])n2C([H])([H])[H])c(=O)n1[H];[H]c1nc2c,0.03,0.0361,False,DIDSUG;DIDTER;TUWTIO
473198946679,2,2,2,2,1,6,Cu,[H]c1c(C([H])([H])[H])nn(C([H])(C2NC([H])C([H])C([H])C2[H])n2nc(C([H])([H])[H])c,0.03,2.4602,False,DIDZUN;OBOQIH
333547713588,3,3,3,2,1,6,Co,O=C(O)C(=O)O;O=C(O)C(=O)O;[H]O[H];[H]O[H],0.03,1.4303,False,DIHXID;UDIJIB;XEZYOU
162375624685,3,3,3,1,1,6,Fe,[H]C(=O)N(C([H])([H])[H])C([H])([H])[H];[H]C(=O)N(C([H])([H])[H])C([H])([H])[H];,0.03,0.5504,False,DMFAFE01;JOHDAM;KAPHUG
203015135538,2,2,2,2,1,5,V,O;O;[H]C(=NN=C(O)C([H])([H])C([H])([H])C([H])([H])C([H])([H])C([H])([H])N([H])([,0.03,0.5408,False,DUBWEE;DUBWII
93314702050,5,5,4,1,1,4,Pd,Cl;Cl;[H]C1C([H])C([H])C(P(C2([H])C([H])([H])C([H])([H])C([H])([H])C([H])([H])C2,0.03,0.0424,False,DUKZAN;DUKZAN01;TOLREU;TOLREU01;YIXWOV
868980002597,2,2,2,1,1,4,Cu,[H]C(=NC([H])([H])C([H])([H])N(C([H])([H])C([H])([H])[H])C([H])([H])C([H])([H])[,0.03,0.1334,False,DULMOO;VUPHAR
653502784287,6,6,6,3,1,5,Fe,Cl;Cl;[H]C1C([H])C(C([H])([H])[H])C([H])C(P(C([H])(C([H])([H])[H])C([H])([H])[H],0.03,4.8001,True,EDECEX;EDECEX01;EDECEX02;EDECEX03;EDECEX04;EDECEX05
805178742825,3,3,3,1,1,6,Co,[H]O[H];[H]O[H];[H]O[H];[H]O[H];[H]c1nc2nc(C([H])([H])[H])c([H])c(C([H])([H])[H],0.03,0.2121,False,EDETIT;NUDJIH;SUFZAU
650667752718,2,2,2,1,1,6,Ni,[H]N([H])C([H])([H])C([H])([H])N(C([H])([H])C([H])([H])N([H])[H])C([H])([H])C([H,0.03,0.222,False,EFALUS;KIGXON
393070126807,3,3,3,2,1,5,Co,Cl;[H]C([H])([H])N(C([H])([H])[H])C([H])([H])C([H])([H])N(C([H])([H])C([H])([H]),0.03,4.2901,False,EGILOX;ISINEF;TENWES
402899092140,2,2,2,1,1,4,Cu,C4GaH8S4;[H]C1C([H])C([H])C(P(C2C([H])C([H])C([H])C([H])C2[H])C2C([H])C([H])C([H,0.03,0.2121,False,EKOXEI;EKOXEI01
108294392592,3,3,3,3,1,6,Mn,[H]C1NC(C2NC([H])C([H])C([H])C2[H])C([H])C([H])C1[H];[H]C1NC(C2NC([H])C([H])C([H,0.03,3.8301,True,EKOZEK;EKOZEK01;EKOZEK02
41986941241,2,2,2,1,1,4,Cu,[H]C(=Nc1c(C([H])([H])[H])n(C([H])([H])[H])n(C2C([H])C([H])C([H])C([H])C2[H])c1=,0.03,0.0424,False,EMIMOD;EMIMOD01
92506870959,2,2,2,1,1,4,Pd,Cl;Cl;[H]C1C([H])C2C([H])C([H])C(C([H])([H])[H])NC2C2NC(C([H])([H])[H])C([H])C([,0.03,1.8402,False,EPATUL;EPATUL01
163337344553,8,8,4,1,1,4,Ni,[H]C1=NN(B(N2N=C([H])C([H])=C2[H])(C([H])([H])C([H])([H])[H])C([H])([H])C([H])([,0.03,0.0361,False,EPZBNI;EPZBNI01;EPZBNI02;EPZBNI03;EPZBNI04;EPZBNI05
749758327053,2,2,2,2,2,4,Pt,I;[H]C1C(OC([H])([H])[H])C([H])C(C([H])([H])N(C([H])([H])[H])C([H])([H])[H])C(C(,0.03,7.3501,True,ESIKAS;TIFDER
390751079282,2,2,2,1,1,6,Ni,[H]N1C([H])([H])C([H])([H])N([H])C(C([H])([H])[H])(C([H])([H])[H])C([H])([H])C([,0.03,0.9105,False,FAMVAS;HOBPUN
949072183794,2,2,2,2,2,4,Pt,Cl;Cl;[H]C([H])=C([H])C1C([H])C([H])NC([H])C1[H];[H]C([H])=C([H])C1C([H])C([H])N,0.03,8.5301,False,FASBOQ;OBEROC
777748768649,2,2,2,2,1,6,Cu,N=C=S;N=C=S;[H]c1c(C([H])([H])[H])nn(C([H])([H])N(C([H])([H])[H])C([H])([H])C([H,0.03,4.8601,True,FEBYAM;FEBYAM01
403917958963,2,2,2,1,1,6,Fe,[H]C1C([H])C([H])N(O)C([H])C1[H];[H]C1C([H])C([H])N(O)C([H])C1[H];[H]C1C([H])C([,0.03,0.2915,False,FEHPYO;YICGAT
712815365782,2,2,2,1,1,5,Re,O;O;O;[H]OC(C([H])([H])[H])(C([H])([H])[H])C(O)(C([H])([H])[H])C([H])([H])[H],0.03,0.0361,False,FEQDOU;TUQLEW
274505571665,2,2,2,2,1,6,Mn,Cl;[H]C(=NC([H])([H])C([H])([H])N=C([H])C1C([H])C(Br)C([H])C([H])C1O)C1C([H])C(B,0.03,1.0704,True,FETMAT;FETMAT01
681194975963,3,3,3,1,1,6,Fe,N=C=S;N=C=S;[H]C1NC([H])C([H])C([H])C1[H];[H]C1NC([H])C([H])C([H])C1[H];[H]C1NC(,0.03,0.2702,False,FETPYR;FETPYR01;FETPYR02
309095962851,4,4,4,1,1,4,Cu,Br;[H]C1C([H])C([H])C(P(C2C([H])C([H])C([H])C([H])C2[H])C2C([H])C([H])C([H])C([H,0.03,0.95,False,FEYVAG01;OYILAK;RARDAP;YIMXUQ
165551667812,9,9,7,1,1,4,Cu,Cl;[H]C1C([H])C([H])C(P(C2C([H])C([H])C([H])C([H])C2[H])C2C([H])C([H])C([H])C([H,0.03,0.7303,False,FEYVIO01;FEYVIO02;TINREN;TINREN01;TINREN02;TINREN03
239019266087,2,2,2,2,2,4,Pd,[H]C([H])([H])C(=O)O;[H]C([H])([H])C(=O)O;[H]OC(C1C([H])C([H])NC([H])C1[H])(C1C(,0.03,8.6301,False,FIFJIO;FIFJOU
882908431710,2,2,2,2,1,6,Mn,Cl;Cl;[H]C1NC(C(=O)N([H])C2C([H])C([H])C(C([H])([H])[H])C([H])C2[H])C([H])C([H]),0.03,2.2702,True,FIXDEW;FIXDEW01
250436203575,2,2,2,1,1,4,Pd,[H]C([H])([H])N(C(=S)N(C([H])([H])[H])C([H])([H])[H])C([H])([H])[H];[H]C([H])([H,0.03,0.0424,False,FOQBUJ;XABNAR
78782923908,3,3,3,1,1,4,Pt,Cl;[H]OC1C([H])C(C2NC([H])C([H])C([H])C2[H])NC(C2NC([H])C([H])C([H])C2[H])C1[H],0.03,0.05,False,FOSPEM;JODCIS;MAYMUX
852151905550,2,2,2,1,1,4,Pd,Cl;[H]C1C([H])C([H])C(P(C2C([H])C([H])C([H])C([H])C2[H])C([H])([H])C([H])([H])P(,0.03,0.0316,False,FOVHEE;QICGOY
684946441065,2,2,2,2,2,5,Mn,Cl;[H]c1c2nc(c([H])c3[nH]c(c([H])c4nc(c([H])c5[nH]c1c(C([H])([H])C([H])([H])[H]),0.03,5.4701,False,FOVTOC;UCIBUD01
435724104373,2,2,2,1,1,6,Cu,O=[N+]([O-])O;O=[N+]([O-])O;[H]C1NC(C2NC(C3NC([H])C([H])C([H])C3[H])C([H])C(Cl)C,0.03,0.0583,False,FURTAO;FURTAO01
959359216096,2,2,2,2,1,5,Zn,[H]N([H])C(=S)C(=O)O;[H]N([H])C(=S)C(=O)O;[H]O[H],0.03,5.2301,True,GAYZIP;GAYZIP01
229174229121,4,4,4,1,1,4,Ni,N=C=S;N=C=S;[H]C1C([H])C([H])C(P(C2C([H])C([H])C([H])C([H])C2[H])C2C([H])C([H])C,0.03,0.0424,False,GEBZUI;GEBZUI01;GEBZUI02;GEBZUI03
113915052586,2,2,2,1,1,4,Pd,[H]N([H])C([H])([H])C([H])([H])N([H])[H];[H]N([H])C([H])([H])C([H])([H])N([H])[H,0.03,0.0424,False,GEMKEQ;PDCLED
78945083832,5,5,5,2,1,6,Co,N=C=S;N=C=S;[H]C1NC(c2nnc(C3NC([H])C([H])C([H])C3[H])n2N([H])[H])C([H])C([H])C1[,0.03,1.9202,False,GEQDEM;GEQDEM02;GEQDEM03;GEQDEM04;GEQDEM05
998866176828,2,2,2,1,1,4,Zn,[H]C(=NC1C([H])C([H])C(C([H])([H])[H])C([H])C1[H])C1C([H])C([H])C([H])C([H])C1O;,0.03,0.0316,False,GEVXEK02;GEVXEK03
379883664397,2,2,2,2,1,4,Hg,Cl;Cl;[H]C1NC(C2NC3NC([H])C([H])C([H])C3C([H])C2[H])C([H])C([H])C1[H],0.03,4.1401,False,GINVEH;GINVEH01
220429374883,2,2,2,2,1,4,Ag,[H]C1C([H])C([H])C(P(C2C([H])C([H])C([H])C([H])C2[H])C2C([H])C([H])C([H])C([H])C,0.03,2.3402,False,GODMOC;GODMUI
552340852191,2,2,2,1,1,4,Mn,[H]C1C([H])C([H])C([PH](O)(N[PH](S)(C2C([H])C([H])C([H])C([H])C2[H])C2C([H])C([H,0.03,0.0424,False,GOVDOK;GOVDOK01
494593435556,3,3,2,1,1,4,Pt,Cl;Cl;[H]C1C([H])C([H])C(P(C2C([H])C([H])C([H])C([H])C2[H])C2C([H])C([H])C([H])C,0.03,0.0361,False,GUHJOI;GUHJOI01;QEHBOW
123498184377,2,2,2,1,1,4,Zn,Br;Br;[H]C1NC([H])C(Br)C([H])C1[H];[H]C1NC([H])C(Br)C([H])C1[H],0.03,0.1924,False,GUJQAG;GUJQAG02
401900037290,2,2,2,1,1,6,Ru,Cl;Cl;[H]C1C([H])C([H])C(P(C2C([H])C([H])C([H])C([H])C2[H])C([H])([H])C([H])([H],0.03,0.4011,False,HABHID;YIZZAI
229900387744,2,2,2,1,1,4,Cu,[H]C1C([H])C([H])C(P(C2C([H])C([H])C([H])C([H])C2[H])C2C([H])C([H])C([H])C([H])C,0.03,0.114,False,HECWUK;TIQYEA
616747226662,10,10,4,1,1,4,Pt,Cl;Cl;[H]C1([H])N(C#N)C([H])([H])C([H])([H])C([H])([H])C1([H])[H];[H]C1([H])N(C#,0.03,0.05,False,HEFXIA;UKAWOU;UKAWOU01;UKAWOU02;UKAWOU03;UKAWOU04
44491927179,2,2,2,1,1,4,Au,Br;Br;Br;[H]C1C([H])C([H])C(P(C2C([H])C([H])C([H])C([H])C2[H])C2C([H])C([H])C([H,0.03,0.0316,False,HENZOP01;HENZOP02
936642439802,2,2,2,1,1,4,Pt,Cl;[H]C1C([H])C([H])C(P(C2C([H])C([H])C([H])C([H])C2[H])C([H])(C2CC(C([H])(P(C3C,0.03,0.05,False,HESBIQ;LEGTUM
547608928122,4,4,4,2,1,6,Mn,[H]OC(=O)C1C([H])NC(C(=O)O)C([H])C1[H];[H]OC(=O)C1C([H])NC(C(=O)O)C([H])C1[H];[H,0.03,3.74,True,HESNUO01;HESNUO02;HESNUO03;HESNUO04
86669993743,2,2,2,1,1,5,Zn,Br;Br;[H]C(=NN([H])C(=O)C([H])([H])OC1C([H])C([H])C(Cl)C([H])C1Cl)C1NC([H])C([H],0.03,0.8705,False,HEXROV;HEXRUB
431715961755,5,5,5,1,1,4,Pd,[H]C1NC(N([H])C2NC([H])C([H])C([H])C2[H])C([H])C([H])C1[H];[H]C1NC(N([H])C2NC([H,0.03,0.0361,False,HIBDAY;KOFZOV;LOFBAK;OQEKIF;QEBQUL
827690210744,2,2,2,1,1,4,Pd,Cl;Cl;FC1C(F)C(F)C(P(C2C(F)C(F)C(F)C(F)C2F)C2C(F)C(F)C(F)C(F)C2F)C(F)C1F;FC1C(F),0.03,0.05,False,HIFJEL;HIFJEL01
343361496873,2,2,2,1,1,6,Zn,[H]C(=O)C1C(C([H])([H])[H])C([H])C(C([H])([H])[H])C([H])C1C([H])([H])[H];[H]C(=O,0.03,0.1432,False,HIJZAB;HIJZEF
322567570819,2,2,2,2,2,4,Co,[H]B123B45([H])C67([H])B89([H])C1%10([H])B21%11([H])B342([H])B563([H])B874([H])B,0.03,7.3301,False,HODGAL;NEBQUK
209311166018,2,2,2,2,1,6,Co,[H]C1NC([H])C(C(=O)O)C([H])C1C(=O)O;[H]O[H];[H]O[H];[H]O[H];[H]O[H];[H]O[H],0.03,6.0601,False,ICUNOK;ICUNOK01
754068016534,2,2,2,2,2,4,Pt,O=[N+]([O-])O;O=[N+]([O-])O;[H]C1NC([H])C(C([H])([H])[H])C([H])C1C([H])([H])[H];,0.03,8.6101,False,ICUVIL;ICUVUX
761660168543,2,2,2,1,1,4,Cu,[H]C(=NC1C([H])C([H])C([H])C([H])C1N=C([H])C1C([H])C([H])C([H])C(OC([H])([H])[H],0.03,0.03,False,IDELOT;POJWAO
96921328237,3,3,3,3,1,6,Fe,N=C=[Se];N=C=[Se];[H]C1NC(N(C2NC(N(C([H])([H])C([H])([H])C([H])([H])[H])C([H])([,0.03,3.8001,False,IHITOK;IHITOK01;IHITOK02
639172348425,2,2,2,2,1,5,Zn,Br;Br;[H]C1NC(C(=NC([H])([H])C([H])([H])N2C([H])([H])C([H])([H])OC([H])([H])C2([,0.03,3.2401,True,IJOMOK;IJOMOK01
231225387102,2,2,2,1,1,4,Ir,Cl;[H]C1C(OP(C(C([H])([H])[H])(C([H])([H])[H])C([H])([H])[H])C(C([H])([H])[H])(C,0.03,0.05,False,IKIDOX;TUPKAU
903428541871,2,2,2,2,2,4,Cu,[H]C1C([H])C([H])C(P(C2C([H])C([H])C([H])C([H])C2[H])C2C([H])C([H])C([H])C([H])C,0.03,3.6301,True,ILUVER;PEGDEK
378269153968,2,2,2,2,1,6,Zn,[H]N1N=C(C(=O)O)C([H])([H])C([H])([H])C1=O;[H]N1N=C(C(=O)O)C([H])([H])C([H])([H],0.03,0.3214,False,INOCEU;INOCIY
376796091548,2,2,2,1,1,6,Mn,I;I;[H]C1NC(C2NC([H])C([H])C([H])C2[H])C([H])C([H])C1[H];[H]C1NC(C2NC([H])C([H]),0.03,1.3403,False,ISAFOY;ISAFOY01
831348004744,3,3,3,2,2,4,Ag,[H]N1C([H])([H])C([H])([H])N(C([H])([H])[H])C([H])([H])C([H])([H])C([H])(C([H])(,0.03,9.48,False,ISOFAA;OTEVOB;OTEVUH
587386437624,2,2,2,2,2,5,Ni,N=C=S;N=C=S;[H]C([H])([H])C([H])(N1C([H])([H])C([H])([H])N(C([H])(C([H])([H])[H],0.03,5.9101,True,IWISOW;IWISOW01
565396104791,2,2,2,2,1,6,Ni,[H]C1C([H])C([H])C(C(O)C([H])C(O)C2C([H])C([H])C([H])C([H])C2[H])C([H])C1[H];[H],0.03,2.7702,False,IYOZUR;IYOZUR01
647111424557,2,2,2,1,1,5,Zn,[H]C1C([H])C(N([H])C([H])([H])C(C([H])([H])[H])(C([H])([H])[H])C([H])([H])[H])NC,0.03,0.0424,False,IYUGEO;VAKKEY
721932760917,2,2,2,1,1,6,Co,N=C=S;N=C=S;[H]C1NC([H])C(C([H])([H])[H])NC1C([H])([H])[H];[H]C1NC([H])C(C([H])(,0.03,0.3912,False,JADVAO;KAHBAZ
942273432911,3,3,3,2,2,4,Pd,I;I;[H]OC(C1C([H])C([H])NC([H])C1[H])(C1C([H])C([H])C([H])C([H])C1[H])C1C([H])C(,0.03,8.4101,False,JAWYOW;JAWYUC;JAWZAJ
463770729929,2,2,2,2,2,6,Fe,C#O;C#O;[H]C1C([H])C([H])C(N([H])[H])C(S)C1[H];[H]C1C([H])C([H])C(N([H])[H])C(S),0.03,0.9005,True,JEHVAT;JEHVAT01
305316075661,3,3,2,1,1,4,Pd,I;[H]C([H])([H])N(C([H])([H])[H])C([H])([H])C([H])([H])N(C([H])([H])[H])C([H])([,0.03,0.0424,False,JESTAC;JESTAC10;JESTAC11
638067641306,2,2,2,2,2,4,Au,[H]C1CC2C3C(C1[H])C([H])([H])C([H])([H])C3C([H])C([H])C2P(C1C([H])C([H])C([H])C(,0.03,7.3301,False,JIPMIH;POZZOV
526017157174,4,4,4,2,2,4,Ni,[H]C([H])([H])n1c(S)c(S)sc1=S;[H]C([H])([H])n1c(S)c(S)sc1=S,0.03,7.91,False,JIVWER;LUTCUB;LUTDAI;LUTDIQ
525430465901,2,2,2,1,1,6,Ni,[H]N([H])C([H])([H])C([H])([H])N(C([H])([H])C([H])([H])[H])C([H])([H])C([H])([H],0.03,0.1237,False,JOBWEC;QEGGOC
719458152440,2,2,2,2,1,5,Fe,C#O;C#O;C#O;C#O;[H]C1C([H])C([H])C(P(C2C([H])C([H])C([H])C([H])C2[H])C([H])([H]),0.03,4.2701,False,JOFJOD;JOFJOD01
13013312892,2,2,2,1,1,5,V,O;[H]C(=NN=C(S)C1C([H])C([H])C([H])C([H])C1[H])C1C([H])C([H])C([H])C([H])C1O;[H],0.03,0.03,True,JOXKOW;JOXKOW01
336541877630,2,2,2,2,1,5,Zn,[H]C1NC(C2NC([H])C([H])C([H])C2[H])C([H])C([H])C1[H];[H]C1NC(C2NC([H])C([H])C([H,0.03,5.5201,True,JULDEZ;JULDEZ01
13935011240,2,2,2,2,1,6,Cu,[H]C(C(O)C(F)(F)F)C(O)C(F)(F)F;[H]C(C(O)C(F)(F)F)C(O)C(F)(F)F;[H]C1C([H])C([N+](,0.03,1.1404,False,JUWSAX;JUWSEB
796790194170,2,2,2,2,2,4,Pt,Cl;[H]C1=NN(C2NC(C3CC([H])C([H])C([H])C3[H])C([H])C([H])C2[H])C2C([H])C([H])C([H,0.03,8.5601,False,JUXCAJ;JUXCAJ01
17585405109,2,2,2,2,2,4,Cu,Br;Br;[H]C1=NC2C([H])C([H])C([H])C([H])C2N1[H];[H]C1=NC2C([H])C([H])C([H])C([H]),0.03,6.3101,False,KADYUJ;KADYUJ01
997543419096,2,2,2,1,1,4,Ni,[H]C1C([H])C([H])C(NS(=O)(=O)C([H])([H])[H])C(NS(=O)(=O)C([H])([H])[H])C1[H];[H],0.03,0.0424,True,KIKLUP;ONANUP
317773822819,2,2,2,1,1,6,Mn,[H]C(C(=NC([H])([H])C([H])([H])N=C(C([H])=C(O)C1C([H])C([H])C(OC([H])([H])[H])C(,0.03,0.0316,False,KIKMOK;KIKMUQ
841731012012,2,2,2,1,1,4,Pd,Cl;[H]C1CC(N=NC2C([H])C([H])C([H])C([H])C2SC([H])([H])[H])C([H])C([H])C1C([H])([,0.03,0.2121,False,KITZES;KITZES01
10090191829,2,2,2,1,1,5,Ti,[H]C([H])(O)C([H])([H])N(C([H])([H])C([H])([H])O)C([H])([H])C([H])([H])O;[H]C1C(,0.03,0.0316,True,KOMMOO;KOMMOO01
356646073802,2,2,2,1,1,4,Zn,Cl;Cl;[H]C1C([H])C([H])C(C([H])(N([H])C([H])(C([H])([H])[H])C([H])(N([H])C([H])(,0.03,0.2419,False,KOXYAA;TAHZAG
967900037317,2,2,2,2,1,4,Ni,[H]NC1C([H])C([H])C([H])C([H])C1S;[H]NC1C([H])C([H])C([H])C([H])C1S,0.03,3.7901,False,KUQJUD;TAGFIR
994035310132,2,2,2,1,1,4,Ag,[H]C(=NC([H])([H])C([H])([H])N=C([H])C1C([H])C([H])C([H])C([H])C1F)C1C([H])C([H],0.03,0.0671,False,LAFQOZ;UCIWIN
657266269370,3,3,3,1,1,6,Pd,Cl;Cl;Cl;Cl;Cl;Cl,0.03,0.3015,False,LAHFUV;LAHFUV10;VABXAC
111042061506,2,2,2,2,1,6,Re,Br;C#O;C#O;C#O;[H]C1NC(P(C2NC([H])C([H])C([H])C2[H])C2NC([H])C([H])C([H])C2[H])C,0.03,2.8502,True,LAJGAI;LAJGAI01
822246165000,2,2,2,1,1,4,Pd,Cl;Cl;[H]C(=NC1C(C([H])(C([H])([H])[H])C([H])([H])[H])C([H])C([H])C([H])C1C([H]),0.03,0.1825,False,LASCUE;NAWMII
252949911257,3,3,3,1,1,4,Cu,Cl;[H]C1C([H])C([H])C(P(C2C([H])C([H])C([H])C([H])C2[H])C([H])([H])C(C([H])([H]),0.03,0.05,False,LATNUP;LATNUP01;LATNUP02
432847186749,3,3,3,1,1,4,Pd,[H]C1NC(C([H])([H])C([H])([H])N([H])[H])C([H])C([H])C1[H];[H]C1NC(C([H])([H])C([,0.03,0.0361,False,LAZGUR;ONUQEU;QONNOY
247666251556,2,2,2,1,1,5,Ag,[H]C1C([H])C([H])C(P(C2C([H])C([H])C([H])C([H])C2[H])C2C([H])C([H])C([H])C([H])C,0.03,0.1237,False,LEHNIV;LEYDID
360927031219,2,2,2,1,1,4,Cd,Cl;Cl;[H]C1C([H])C([H])C2C(N=NN2C([H])([H])N2C(C([H])([H])[H])=NC3C([H])C([H])C(,0.03,0.0424,False,LERWAJ;LERWAJ01
439464643116,2,2,2,1,1,4,Cu,[H]C(=NC([H])([H])C([H])([H])N=C([H])C1C(O)C([H])C(OC([H])([H])[H])C([H])C1OC([H,0.03,0.1334,False,LESREG;VUYHUT
130865760175,2,2,2,1,1,6,Co,[H]C(=NC([H])([H])C([H])([H])OC([H])([H])[H])C1C(O)C([H])C([H])C2C([H])C([H])C([,0.03,1.3103,False,LEWPAI;LEWPAI01
605470791849,3,3,3,1,1,4,Ni,[H]N=C([H])C1C([H])C([H])C([H])C(OC([H])([H])[H])C1O;[H]N=C([H])C1C([H])C([H])C(,0.03,0.0361,False,LEXVUF;LEXVUF01;OZOXOS
613457179528,2,2,2,1,1,5,V,O;[H]C1C([H])C([H])C(NC(=O)C(O)(C([H])([H])[H])C([H])([H])[H])C(NC(=O)C(O)(C([H],0.03,0.114,False,LIHYAC;ZAXLEP
528093115047,4,4,3,1,1,4,Pd,Cl;Cl;[H]C1C([H])C([H])C(P(C2C([H])C([H])C([H])C([H])C2[H])C([H])([H])C([H])([H],0.03,0.4301,False,LIMVAE;LIMVAE01;XEDBEP01;XEDBEP02
410203316293,2,2,2,1,1,5,Co,C#O;C#O;[H]C1C([H])C([H])C(P(C2C([H])C([H])C([H])C([H])C2[H])C([H])([H])C(C([H]),0.03,0.0361,False,LIQTEK;LIQTEK01
498450131445,2,2,2,1,1,6,Cd,[H]C1NC([H])C(N([H])C(=O)N([H])C2C([H])NC([H])C([H])C2[H])C([H])C1[H];[H]C1NC([H,0.03,0.153,False,LISCIA;LISCOG
686997461006,2,2,2,1,1,5,Ru,Cl;N=O;N=O;[H]C1C([H])C([H])C(P(C2C([H])C([H])C([H])C([H])C2[H])C2C([H])C([H])C(,0.03,0.0424,True,LOHZIT;LOHZIT01
405224304658,2,2,2,1,1,4,Cu,[H]C1C([H])C([H])C(P(C2C([H])C([H])C([H])C([H])C2[H])C([H])([H])C([H])([H])C([H],0.03,0.0361,False,LUBCUJ;YOGDEG
230422056875,4,4,4,1,1,4,Pt,I;I;[H]C1C([H])C([H])C(P(C2C([H])C([H])C([H])C([H])C2[H])C([H])([H])C([H])([H])P,0.03,0.1513,False,LUBMII;OJEQEB;SIDYOU01;SILXOB
128478126897,2,2,2,1,1,4,Ni,Cl;[H]C1C([H])C([H])C(C2NN(B([H])(N3NC(C4C([H])C([H])C([H])C([H])C4[H])C([H])C3C,0.03,0.1825,False,LUCHIA;TOYVOU
451455341650,2,2,2,1,1,6,Fe,Cl;Cl;Cl;[H]C1NC(C2NC(C3NC([H])C([H])C([H])C3[H])C(C3NC([H])C([H])C([H])C3[H])NC,0.03,0.0762,False,LUGKEF;PATJIE
65627760711,3,3,3,1,1,4,Cu,Cl;[H]C1([H])SC([H])([H])C([H])([H])N([H])([H])C1([H])[H];[H]C1([H])SC([H])([H]),0.03,0.1237,False,LULPER;LULPER01;LULRIX
687707999011,2,2,2,1,1,6,Ru,C#O;C#O;[H]C(=NC1C([H])C([H])C([H])C([H])C1[H])C([H])=C(O)C1C([H])C([H])C(C([H]),0.03,0.0361,False,LUQNEQ;LUQNEQ01
584517242281,3,3,3,2,1,5,Zn,Br;Br;[H]C(=NC1C([H])C([H])C([H])C([H])C1SC([H])([H])[H])C1NC([H])C([H])C([H])C1,0.03,5.2301,True,MAHVUP;MTPYMZ;MTPYMZ01
537508629663,2,2,2,1,1,4,Ni,[H]C1C([H])C([H])C(P(C2C([H])C([H])C([H])C([H])C2[H])C2C([H])C([H])C([H])C([H])C,0.03,0.0361,False,MEDBUT;MEDDOP
48816108452,2,2,2,2,2,6,Hf,Cl;Cl;Cl;Cl;Cl;[H]C1([H])OC([H])([H])C([H])([H])C1([H])[H],0.03,0.1044,True,MENWUA;TUJCAF
949437255375,2,2,2,1,1,4,Fe,[H]C([H])([H])[Si](O)(C([H])([H])[H])C([H])([H])[H];[H]C([H])([H])[Si](O)(C([H]),0.03,0.2915,False,MESROU;QEBXEC
580667518445,2,2,2,1,1,4,Ag,[H]C1=NN(B(N2N=C([H])C([H])=C2[H])(N2=C([H])C([H])=C([H])N2)N2=C([H])C([H])=C([H,0.03,0.6507,False,MIBVOJ;MIBVOJ01
474559038771,2,2,2,1,1,4,Pt,C#N;[H]C1C([H])C([H])C(P(C2C([H])C([H])C([H])C([H])C2[H])C2C([H])C([H])C([H])C([,0.03,0.0671,False,MIRJEF;MIRJEF01
183694325577,2,2,2,2,1,4,Pt,[H]C1=C([H])N(C([H])([H])[H])CN1C1CC([H])C(Br)C([H])C1[H];[H]N=C(C([H])=C(O)C([H,0.03,1.8502,False,MIVSOB;MIVSUH
786214243392,7,7,5,1,1,4,Ni,[H]C(=NC([H])([H])[H])C1C([H])C([H])C([H])C([H])C1O;[H]C(=NC([H])([H])[H])C1C([H,0.03,0.0424,False,MSLDNI04;MSLDNI05;MSLDNI12;MSLDNI13;MSLDNI16;MSLDNI17
510199862399,2,2,2,2,1,6,Ru,Cl;[H]C1NC(C2C([H])C([H])C([H])C([H])C2NC(=O)C([H])([H])N(C([H])([H])C2NC([H])C(,0.03,0.6707,False,MUNQOE;MUNQUK
449402691428,3,3,3,2,2,4,Au,Cl;Cl;[H]NC(=O)C1NC([H])C([H])C([H])C1[H],0.03,9.09,False,MUYQUS;MUYQUS01;MUYQUS02
550829526315,2,2,2,2,1,6,Cu,N=C=S;N=C=S;[H]C1NC2C3NC([H])C([H])C([H])C3C(=O)C2C([H])C1[H];[H]C1NC2C3NC([H])C,0.03,0.8605,False,NAPRAZ;NAPRAZ01
900094504391,2,2,2,1,1,5,V,O;[H]C(=NC([H])([H])C([H])([H])N=C([H])C1C([H])C(C([H])([H])[H])C([H])C(C(C([H]),0.03,0.0424,True,NECCON;NECCON01
124883701141,4,4,4,1,1,6,Ni,[H]C1NC(C([H])([H])N([H])[H])C([H])C([H])C1[H];[H]C1NC(C([H])([H])N([H])[H])C([H,0.03,1.05,False,NECRET;NECRET01;NECRET02;PADZOM
868654295102,2,2,2,1,1,6,Co,[H]O[H];[H]O[H];[H]O[H];[H]O[H];[H]c1nnnn1C([H])([H])[H];[H]c1nnnn1C([H])([H])[H,0.03,0.222,False,NEPMUU;NEPPOR
471388588312,2,2,2,2,2,5,Co,N=O;[H]c1c2nc(c([H])c3[nH]c(c([H])c4nc(c([H])c5[nH]c1c(C([H])([H])C([H])([H])[H],0.03,2.0002,True,NEYCAV;NEYCAV01
116750582785,2,2,2,2,2,4,Pt,Cl;Cl;[H]C1C([H])C([H])C(P(C2C([H])C([H])C([H])C([H])C2[H])N([H])C2C([H])C([H])C,0.03,8.1301,False,NOQDUV;NOQDUV01
751529622995,2,2,2,2,2,4,Pt,Cl;[H]C1NC(C([H])([H])[H])C([H])C([H])C1[H];[H]N([H])[H];[H]N([H])[H],0.03,8.5301,False,NUWFIV;NUWFUH
927456249782,2,2,2,1,1,4,Cu,[H]C1C([H])C([H])C(P(C2C([H])C([H])C([H])C([H])C2[H])C2C([H])C([H])C([H])C([H])C,0.03,0.03,False,NUWWEK;NUXFEU
902615998123,3,3,2,1,1,4,Ni,Cl;Cl;[H]C([H])(P(C1([H])C([H])([H])C([H])([H])C([H])([H])C([H])([H])C1([H])[H]),0.03,0.1628,False,OBAVOE;OBAVOE01;OKUGAC
942336300917,2,2,2,1,1,4,Co,[H]C1C([H])C(S(=O)(=O)NC(=O)C(=O)NS(=O)(=O)C2C([H])C([H])C(C([H])([H])[H])C([H]),0.03,0.1825,True,OCECAB;XORMAV
678080342826,3,3,3,1,1,4,Ni,[H]N1C([H])(C([H])([H])[H])C([H])([H])N([H])C(C([H])([H])[H])(C([H])([H])[H])C([,0.03,0.0424,False,OCMENH02;OCMENH03;OCMENH04
180609990449,2,2,2,1,1,4,Pd,Cl;Cl;[H]C1NC(C2=NC3C([H])C([H])C([H])C([H])C3N2[H])C([H])C([H])C1[H],0.03,0.1628,False,ODAROA;YIYJOG
39034316784,3,3,3,1,1,4,Pt,Cl;[H]C1NC(C(=NN=C(S)N([H])[H])C([H])([H])[H])C([H])C([H])C1[H],0.03,0.05,False,OGEWAY;OGEWAY01;OGEWAY02
315625770291,2,2,2,1,1,4,Pt,[H]C(=NC([H])([H])C([H])([H])N=C([H])C1C([H])C(C(C([H])([H])[H])(C([H])([H])[H]),0.03,1.2504,False,OGIMEX;TEYHEL
945570387592,2,2,2,1,1,4,Pd,O=c1sc(S)c(S)s1;[H]C1NC(C2NC([H])C([H])C(C(C([H])([H])[H])(C([H])([H])[H])C([H]),0.03,0.114,False,OJIWUZ;OJIXOU
522565170022,2,2,2,1,1,4,Pd,C3D6NS2;C3D6NS2,0.03,0.0424,False,OMUJEN;OMUJEN05
20374817231,2,2,2,2,2,4,Pd,Cl;Cl;[H]C1C([H])C([H])C(C2CN(C3C([H])C([H])C([H])C([H])C3[H])NN2C([H])([H])[H]),0.03,8.7101,False,OTULUL;OTULUL01
530778538930,2,2,2,1,1,4,Pt,Br;Br;[H]C([H])([H])N(C#N)C([H])([H])[H];[H]C([H])([H])N(C#N)C([H])([H])[H],0.03,0.05,False,OZIQOG;UKEKUS
639086949575,3,3,3,2,1,5,Ru,C#O;C#O;C#O;[H]C1C([H])C([H])C(P(C2C([H])C([H])C([H])C([H])C2[H])C2C([H])C([H])C,0.03,4.0901,True,OZIVUQ;XATHIL;XATHIL01
830160371355,2,2,2,2,2,4,Pt,Cl;[H]C1CC(C2NC([H])C([H])C3C([H])C([H])C([H])C([H])C23)C([H])C([H])C1[H];[H]C1N,0.03,9.59,False,PAYNEJ;PAYNEJ01
181366931317,5,5,4,1,1,4,Pd,Cl;Cl;[H]C([H])([H])S(=O)C([H])([H])[H];[H]C([H])([H])S(=O)C([H])([H])[H],0.03,0.05,False,PDDMSX02;PDDMSX11;PDDMSX12;PDDMSX13;PDDMSX14
225544982555,2,2,2,1,1,6,Co,Cl;Cl;[H]OC([H])(C1NC([H])C([H])C([H])C1[H])C1234B567([H])B89%10([H])B%11%12%13(,0.03,0.153,True,PEKDOA;PEKDUG
651370010141,2,2,2,2,2,4,Pt,Cl;Cl;[H]C1NC(C2NC([H])C(C([H])([H])[H])C([H])C2[H])C([H])C([H])C1C([H])([H])[H],0.03,9.41,False,PERDIZ02;PERDIZ03
446727423547,2,2,2,1,1,4,Cu,[H]C1C([H])C([H])C(P(C2C([H])C([H])C([H])C([H])C2[H])C2C([H])C([H])C([H])C([H])C,0.03,0.1334,False,PIBZIM;WULZAH
927822105696,3,3,3,1,1,4,Cu,[H]C1C([H])C(S)C(S)C(C#N)C1[H];[H]C1C([H])C(S)C(S)C(C#N)C1[H],0.03,0.0361,False,PIRHEH;PIRHEH01;PIRJIN01
897362843105,2,2,2,2,1,4,Zn,Cl;Cl;[H]c1c([H])c([H])c2n[se]nc2c1[H];[H]c1c([H])c([H])c2n[se]nc2c1[H],0.03,0.9305,False,POFGIB;POFGIB01
612408868105,2,2,2,2,1,4,Cu,[H]C1C([H])C([H])C(P(C2C([H])C([H])C([H])C([H])C2[H])C2C([H])C([H])C([H])C([H])C,0.03,0.451,False,POJDEA;POJFAY
306073251141,8,8,8,2,1,6,Co,[H]C1NC([H])C(C(=O)O)NC1[H];[H]C1NC([H])C(C(=O)O)NC1[H];[H]O[H];[H]O[H],0.03,1.65,False,PRZCOB;PRZCOB01;PRZCOC;PRZCOC02;PRZCOC03;PRZCOC04
422453370818,2,2,2,1,1,4,Zn,[H]C1C([H])C(C([H])([H])[H])C([H])C([H])C1S;[H]C1C([H])C(C([H])([H])[H])C([H])C(,0.03,1.4303,False,PTOLZN;PTOLZN01
323958688632,2,2,2,1,1,4,Co,[H]B123B45(Br)B67([H])C89([H])C1%10([H])B21%11([H])B432([H])B563([H])B784([H])B%,0.03,0.0424,False,PUCVUF;PUCWAM
301045884951,4,4,3,3,1,5,Zn,[H]N(c1nnn[nH]1)c1nnn[nH]1;[H]N(c1nnn[nH]1)c1nnn[nH]1;[H]O[H],0.03,5.12,True,PUDBAT;PUDBIB;PUDCEY;PUGTOC
437576947641,2,2,2,1,1,6,Zn,[H]OC(C([H])([H])N1C([H])=C([H])N([H])=C1[H])(P(=O)(O)O[H])P(=O)(O)O[H];[H]OC(C(,0.03,0.05,False,PUFXUK;PUFXUK01
264620011501,7,7,4,1,1,4,Cu,Cl;Cl;[H]C1NC([H])C([H])C([H])C1[H];[H]C1NC([H])C([H])C([H])C1[H],0.03,0.0424,False,PYRCUC02;PYRCUC03;PYRCUC04;PYRCUC05;PYRCUC06;PYRCUC07
905976048826,2,2,2,1,1,4,Pt,Cl;Cl;[H]C(F)=C(Cl)P(C1C([H])C([H])C([H])C([H])C1[H])C1C([H])C([H])C([H])C([H])C,0.03,0.0361,False,QABHAE;QABHEI
305251158792,2,2,2,1,1,4,Au,Cl;[H]C1NC(N=C2NC(=NC3NC([H])C(C([H])([H])[H])C([H])C3[H])C3C([H])C([H])C([H])C(,0.03,0.0361,False,QAGBAE;QAGBEI
448998955074,2,2,2,1,1,6,Ru,[H]C([H])([H])O[PH](S)(S)OC([H])([H])[H];[H]C([H])([H])O[PH](S)(S)OC([H])([H])[H,0.03,2.6602,False,QAJGUD;QAJGUD01
346580137429,2,2,2,1,1,4,Ni,Br;Br;[H]C1C([H])C([H])C(C2C([H])C(C([H])([H])[H])NC3C4NC(C([H])([H])[H])C([H])C,0.03,0.0424,False,QASDAP;QASDAP01
755658048626,3,3,3,1,1,6,Co,[H]C(C(=O)O)=C([H])C1C([H])NC([H])C([H])C1[H];[H]C(C(=O)O)=C([H])C1C([H])NC([H]),0.03,0.4909,False,QAXSAK;SITGUY;SITGUY01
503150812625,2,2,2,1,1,4,Pd,Cl;[H]C1C([H])C([H])C(P(C2C([H])C([H])C([H])C([H])C2[H])C2C([H])C([H])C([H])C([H,0.03,0.0762,False,QAYRIU;TEYQEW
153045602001,2,2,2,1,1,4,Cu,[H]C(=NC([H])([H])C(C([H])([H])[H])(C([H])([H])[H])C([H])([H])N=C([H])C1C([H])C(,0.03,0.0361,False,QEKDUF01;QEKDUF02
743707092154,2,2,2,1,1,4,Pd,Cl;[H]C1C([H])C([H])C(P2C3([H])C(C([H])([H])[H])=C(C([H])([H])[H])C2([H])C([H])(,0.03,0.0316,False,QELTEG;QELTIK
903787510965,2,2,2,1,1,6,Cu,[H]c1nnnn1C([H])([H])O[N+](=O)[O-];[H]c1nnnn1C([H])([H])O[N+](=O)[O-];[H]c1nnnn1,0.03,0.03,False,QERSUF;QESXUL
536672133149,2,2,2,1,1,4,Pt,[H]C(=NC1C([H])C([H])C([H])C([H])C1NC(=O)C([H])([H])NC(=O)OC([H])([H])C1C([H])C(,0.03,0.7706,False,QICYEH;QICYIL
123477670779,2,2,2,1,1,4,Cu,Cl;[H]C(=Nn1c(C([H])([H])C([H])([H])[H])nn([H])c1=S)c1oc([H])c([H])c1[H];[H]C1C(,0.03,0.05,False,QIVVEX;QIVVIB
83926636517,2,2,2,2,1,4,Cu,[H]C(=NN=C(O)C1C([H])C([H])C([N+](=O)[O-])C([H])C1[H])C1C([H])C([H])C(OC([H])([H,0.03,3.1001,False,QOLHEF;QOLHEF01
335122785344,2,2,2,2,1,6,Co,[H]OC(=O)c1c(C(=O)O)nc(C([H])([H])[H])n1[H];[H]OC(=O)c1c(C(=O)O)nc(C([H])([H])[H,0.03,1.3503,False,QOTLUH;TIGJUP01
547131453413,2,2,2,1,1,4,Pd,[H]C(=NN=C(S)N([H])C1C([H])C([H])C([H])C([H])C1[H])C1C([H])C([H])C([H])C([H])C1O,0.03,0.3214,False,QUZYEQ;QUZYEQ01
672846686992,3,3,3,1,1,6,Ni,[H]OC([H])([H])C([H])([H])N(C([H])([H])[H])C([H])([H])C([H])([H])O[H];[H]OC([H]),0.03,0.6803,False,RALFIU;XOTTIM;XOTTIM01
206487716802,2,2,2,2,1,4,Ni,[H]C([H])([H])C([H])(O[PH](S)(S)OC([H])(C([H])([H])[H])C([H])([H])[H])C([H])([H],0.03,2.4402,False,RAMNIF;RAMNOL
364949001508,2,2,2,1,1,6,Cu,[H]C1C([H])C([N+](=O)[O-])C([H])C([H])C1C(=O)O;[H]C1C([H])C([N+](=O)[O-])C([H])C,0.03,0.2121,False,RESFEA;RESFEA01
19953859623,2,2,2,1,1,4,Pd,Cl;Cl;[H]OC(=O)C1C([H])C([H])C([H])C(O[H])C1N(C([H])([H])P(C1C([H])C([H])C([H])C,0.03,0.431,False,RETZUM;REVBOK
394748312188,2,2,2,2,2,4,Pt,Cl;Cl;[H]C1([H])S(=O)C([H])([H])C([H])([H])C1([H])[H];[H]C1NC([H])C([H])C([H])N1,0.03,8.3401,False,ROFYAM;ROGTEM
538387696090,2,2,2,2,1,4,Pt,[H]C1CC(C2NC([H])C([H])C([H])C2[H])C(F)C([H])C1F;[H]c1c([H])c(C(O)C([H])C(O)c2c(,0.03,1.0704,False,ROGTAM;ROGVOC
331823995943,2,2,2,1,1,4,Pd,Cl;[H]C(=NC([H])([H])C1C([H])C([H])C([H])C([H])C1[H])C1=CN(C([H])([H])C([H])([H],0.03,0.222,False,SABTIB;TUDZOJ
968730271880,2,2,2,2,2,4,Cu,[H]C(=NC([H])([H])C(=O)O)C1C([H])C([H])C([H])C([H])C1O;[H]N([H])C(=S)N([H])[H],0.03,8.1601,False,SALGCU01;SALGCU10
236462343159,3,3,3,2,1,4,Ni,[H]N([H])C1([H])C([H])([H])C([H])([H])C([H])([H])C([H])([H])C1([H])N([H])[H];[H],0.03,10.42,True,SENMED;SENMED01;VIDXEL
632483901659,2,2,2,1,1,4,Pt,[H]C1CC(C2NC(N(C3NC(C4CC([H])C(Br)C([H])C4[H])C(C(=O)OC([H])([H])[H])C([H])C3[H],0.03,0.0762,False,SIDHIA;SIDHIA01
525447398756,3,3,3,1,1,4,Ni,[H]C(=NN=C(S)N([H])C1C([H])C([H])C([H])C([H])C1[H])c1sc([H])c([H])c1[H];[H]C(=NN,0.03,0.05,False,SOGVUG;SOGVUG01;SOGVUG02
730980926934,2,2,2,2,1,6,Zn,[H]OC(=O)C([H])([H])N(C([H])([H])C(=O)O)C([H])([H])C(=O)O;[H]O[H];[H]O[H];[H]O[H,0.03,2.1002,True,SOJXUK;SOJXUK01
368952720655,3,3,3,1,1,4,Ni,[H]N=C1C(C#N)=C(C#N)C2=C(C#N)C(C#N)C(=N[H])N12;[H]N=C1C(C#N)=C(C#N)C2=C(C#N)C(C#,0.03,0.0361,False,SOLGUV;WEFFAO;WEFFES
679486846094,2,2,2,1,1,4,Mn,N=O;N=O;N=O;N=O,0.03,0.03,False,SOLSUK;SOLTUL
938325961829,2,2,2,1,1,4,Pd,Cl;[H]C1NC(C(=O)NC(=O)C2NC([H])C([H])C([H])C2[H])C([H])C([H])C1[H],0.03,0.0424,False,SUJYAY;SUJYAY01
239905044515,3,3,3,1,1,6,Zn,[H]O[H];[H]O[H];[H]O[H];[H]O[H];[H]n1c(=O)[nH]c(=O)n([H])c1=O;[H]n1c(=O)[nH]c(=O,0.03,0.5308,False,SUQCIR;TUDQAN;TUDQIV
197267330587,2,2,2,2,2,4,Pt,[H]C(=NC([H])(C1C([H])C([H])C([H])C([H])C1[H])C([H])([H])[H])C1C([H])C([H])C(C#C,0.03,8.3001,False,TAPXAN;TAPXER
191692149850,2,2,2,1,1,4,Pd,Cl;[H]C1C(C2=NC([H])([H])C([H])([H])C([H])([H])C2([H])[H])CC(P(=S)(C2C([H])C([H],0.03,0.1628,False,TECLUK;TECMAR
940216522500,3,3,3,2,1,5,Ni,Cl;[H]C([H])([H])N(C([H])([H])[H])C([H])([H])C([H])([H])N(C([H])([H])C([H])([H]),0.03,0.0361,True,TENVIV;TIVNUJ;TIVNUJ01
224014387571,2,2,2,2,2,6,Ni,[H]C1NC(C2NC([H])C([H])C([H])C2[H])C([H])C([H])C1[H];[H]C1NC(C2NC([H])C([H])C([H,0.03,0.5109,True,TESFII;TESFII01
189186465189,2,2,2,1,1,4,Cu,Br;Br;[H]C1NC(I)C([H])C([H])C1I;[H]C1NC(I)C([H])C([H])C1I,0.03,0.05,False,TESJUA;TESJUA01
212555565671,2,2,2,2,1,6,Rh,Cl;Cl;[H]C([H])([H])P(C([H])([H])[H])C([H])([H])C([H])([H])C([H])([H])P(C([H])([,0.03,4.2001,True,TILQAG;TILQEK
78230387837,2,2,2,2,2,4,Pt,Cl;[H]C1C([H])C([H])C(P(C2C([H])C([H])C([H])C([H])C2[H])C([H])([H])P(C2C([H])C([,0.03,10.12,False,TIRJEM;TIRJIQ
392581306770,2,2,2,2,2,6,Mn,[H]C1NC(C(=NN=C(S)N([H])C([H])([H])C([H])([H])[H])C([H])([H])[H])C([H])C([H])C1[,0.03,3.3401,True,TIXRID;TIXRID01
751604486805,2,2,2,1,1,4,Pd,Cl;Cl;[H]C(=C([H])P(C1C([H])C([H])C([H])C([H])C1[H])C1C([H])C([H])C([H])C([H])C1,0.03,0.0854,False,TURSUU;TURSUU01
344480295902,2,2,2,1,1,4,Zn,Cl;Cl;[H]C(=NC([H])([H])C([H])([H])N([H])(C([H])([H])C([H])([H])[H])C([H])([H])C,0.03,0.2022,False,UBEDEO;UBEDEO01
751799833255,2,2,2,2,1,6,Ni,[H]C([H])([H])C([H])(C(=O)O)C([H])([H])[H];[H]C([H])([H])C([H])(C(=O)O)C([H])([H,0.03,1.8502,True,UJIJIH;ZEMYAU
960016285243,2,2,2,2,1,4,Cu,[H]C(=NN=C(O)C1C([H])C([H])C([H])C([H])C1[H])C1C([H])C([H])C([H])C([H])C1O;[H]C1,0.03,6.8001,True,UKEVEL01;UKEVEL02
255801364513,2,2,2,1,1,4,Pd,[H]C([H])([H])C#N;[H]C([H])([H])C#N;[H]C([H])([H])OC(=O)C1(C2(C(=O)OC([H])([H])[,0.03,0.1432,False,UWAXUM;UWAYAT
535477059502,2,2,2,2,2,4,Pd,Br;Br;[H]C1C([H])C([H])C(C([H])([H])OC2C(C([H])([H])N3CN(C4([H])C([H])([H])C([H],0.03,8.4601,False,VAPSEM;VAPSIQ
43851304790,2,2,2,1,1,4,Zn,Br;Br;[H]C1NC([H])C(N([H])C(=O)N([H])C2C([H])C([H])C([H])C3C([H])C([H])C([H])C([,0.03,0.1628,False,VEGRAC;VEGREG
718788861649,2,2,2,1,1,4,Pd,[H]C(=NN=C(S)N([H])C1C([H])C([H])C([H])C([H])C1[H])c1sc([H])c([H])c1[H];[H]C(=NN,0.03,0.0361,False,VOGCID;VOGCID01
52371738660,3,3,3,2,1,6,Fe,[H]C1NC(C([H])([H])N(C([H])([H])C([H])([H])N(C([H])([H])C2NC([H])C([H])C([H])C2[,0.03,1.1004,False,VONYEF;VONYEF01;VONYEF02
447881732819,2,2,2,1,1,4,Ni,Br;Br;[H]C1C([H])C([H])C2C(C1[H])N(C([H])([H])C([H])([H])C([H])([H])C([H])([H])[,0.03,0.0361,False,VUJPOH;VUJPOH01
644932801120,2,2,2,1,1,4,Pt,Cl;[H]C1NC(C2NC(C3NC([H])C([H])C(C(C([H])([H])[H])(C([H])([H])[H])C([H])([H])[H],0.03,0.05,False,WABWUT;WODQIP
185969559406,4,4,4,1,1,4,Pt,Cl;Cl;[H]C1C([H])C([H])C([As](C2C([H])C([H])C([H])C([H])C2[H])C2C([H])C([H])C([H,0.03,0.0361,False,WISJEN;WISKOY;WISKUE;WISLAL
250548643405,2,2,2,1,1,6,Re,Cl;Cl;Cl;O;[H]C1C([H])C([H])C(P(C2C([H])C([H])C([H])C([H])C2[H])C([H])([H])C([H],0.03,0.2121,False,WOBDAS;WOBDAS01
337907687941,3,3,3,1,1,6,Fe,[H]C1NC2C(NC1[H])C1C([H])C([H])C([H])NC1C1NC([H])C([H])C([H])C21;[H]C1NN(B([H])(,0.03,0.8002,False,WUCLAJ08;WUCLAJ09;WUCLAJ10
184406133753,2,2,2,1,1,4,Cu,[H]c1c([H])c2[nH]c1c(C1C([H])C([H])C([H])C([H])C1[H])c1nc(c(C3C([H])C([H])C([H]),0.03,0.0361,False,XAGCEP;XAGCUF
474625961564,2,2,2,2,2,4,Pd,Cl;[H]C1C([H])C([H])C(N2CN3C([H])([H])C([H])([H])C([H])([H])C3([H])C2([H])[H])C(,0.03,8.4701,False,XAMPIL;XAMPOR
792714370921,2,2,2,1,1,4,Ni,[H]C(=NN=C(S)SC([H])([H])C([H])=C([H])[H])C1C([H])C([H])C([H])C([H])C1[H];[H]C(=,0.03,0.0424,False,XASTIW;XASTIW01
516422467508,2,2,2,2,1,4,Rh,[H]C1C([H])C([H])C(P(C2C([H])C([H])C([H])C([H])C2[H])C2C([H])C([H])C([H])C([H])C,0.03,0.1044,False,XAXNOA;XAXNUG
309566432819,2,2,2,2,2,4,Pd,[H]C(B(OC([H])([H])[H])OC([H])([H])[H])=C([H])c1c2nc(c([H])c3[nH]c(c([H])c4nc(c(,0.03,8.7201,False,XIVJEV;XIVJEV01
187977420895,3,3,2,1,1,4,Cu,N=C=S;[H]C1C([H])C([H])C(P(C2C([H])C([H])C([H])C([H])C2[H])C2C([H])C([H])C([H])C,0.03,0.1237,False,XIZTEG;XIZTEG01;XIZTEG02
679412491928,2,2,2,1,1,4,Pd,[H]C(=NC1C([H])C([H])C([N+](=O)[O-])C([H])C1[H])C1C([H])C([H])C([H])C([H])C1O;[H,0.03,0.2816,False,XONXEF;XONXEF01
701228499791,2,2,2,2,1,5,Fe,N#N;[H]C1C([H])C([H])C(P(C([H])(C([H])([H])[H])C([H])([H])[H])C([H])(C([H])([H]),0.03,4.7801,True,XURXEP;XURXIT
114201392941,2,2,2,2,2,4,Au,[H]C1([H])SC(S)=C(S)SC([H])([H])C1(F)F;[H]C1([H])SC(S)=C(S)SC([H])([H])C1(F)F,0.03,8.5601,False,XUYLAE;XUYLEI
584862426027,3,3,3,1,1,4,Fe,Cl;Cl;[H]C1C([H])C(C2NC(C([H])([H])[H])C([H])C([H])C2[H])NC(C([H])([H])[H])C1[H],0.03,0.4704,False,YABGAK;YABGAK01;YABGAK02
798002739339,2,2,2,1,1,4,Cu,[H]c1c(C([H])([H])[H])nn(C2NC(C3C([H])C([H])C([H])C([H])C3[H])C([H])C(C3C([H])C(,0.03,0.0424,False,YASVEX;YASVIB
901414763807,3,3,3,2,1,6,Fe,[H]OC(=O)C1C([H])C(n2nc([H])c([H])c2[H])NC(n2nc([H])c([H])c2[H])C1[H];[H]OC(=O)C,0.03,2.4802,True,YILFEH;YILFOR;YILGAE
231799343139,15,15,7,2,2,4,Cu,[H]C(C(O)C([H])([H])C([H])([H])C([H])([H])[H])C(O)C([H])([H])C([H])([H])C([H])([,0.03,9.26,False,YILLOY;YILLOY01;YILLOY02;YILLOY03;YILLOY04;YILLOY05
10192147366,2,2,2,1,1,4,Rh,C#O;C#O;Cl;[H]c1nn([H])c(C2C([H])C([H])C(OC([H])([H])C([H])([H])C([H])([H])C([H],0.03,0.1924,False,YIQRIZ;YIQRIZ01
710365935444,2,2,2,1,1,4,Zn,Cl;Cl;[H]C1C([H])C([H])C(S(=O)(=NC([H])([H])[H])C([H])([H])[H])C([H])C1[H];[H]C1,0.03,0.5408,False,YIXJOE;YIXKAR
504923410236,2,2,2,1,1,5,Tc,O;[H]C([H])([H])OC(=O)C([H])([H])NC(=O)C([H])([H])NC(=O)C([H])([H])NC(=O)C([H])(,0.03,0.05,True,YOMMUI;YOMMUI01
144914171106,3,3,3,2,2,4,Pt,Cl;[H]C1CC(C2NC([H])C([H])C([H])C2[H])C([H])C([H])C1[H];[H]C1NC(C2C([H])C([H])C(,0.03,9.29,False,YUBJEK;YUBJEK02;YUBJEK04
505971116111,3,3,3,2,1,6,Co,[H]C([H])([H])C([H])([H])C([H])([H])C([H])([H])C([H])([H])C([H])([H])C([H])([H]),0.03,3.02,False,YUFZOQ03;YUFZOQ07;YUFZOQ09
167819214752,2,2,2,1,1,4,Ru,C#O;[H]C1C([H])C(P(C2C([H])C([H])C(F)C([H])C2[H])C2C([H])C([H])C(F)C([H])C2[H])C,0.03,0.0361,False,YURGOJ;YURGOJ01
347508664167,2,2,2,2,2,4,Pd,Cl;Cl;[H]C([H])([H])C([H])([H])N1CN(C([H])([H])C([H])([H])[H])C([H])([H])C1([H]),0.03,8.2301,False,YURYAM;YURYEQ
539179217511,3,3,3,2,1,4,Zn,Cl;Cl;[H]C1C([H])C([H])C(C([H])(C2=NC3C([H])C([H])C([H])C([H])C3N2[H])C2=NC3C([H,0.03,2.4302,False,YUXHEI;YUXHIM;ZERTAV
330319565330,4,4,4,1,1,4,Co,[H]C1C([H])C(C2C(C([H])([H])[H])C([H])C(C([H])([H])[H])C([H])C2C([H])([H])[H])C(,0.03,0.2816,False,YUYYUN;YUYZAU;YUYZAU01;YUYZAU02
82656731181,2,2,2,1,1,4,Co,[H]C1C(C([H])([H])[H])NN(B([H])([H])N2NC(C([H])([H])[H])C([H])C2C([H])([H])[H])C,0.03,0.0854,True,ZOJPUJ;ZOJPUJ01
881698579384,2,2,2,1,1,4,Pd,[H]N=C(N(C([H])=NC1C(C([H])(C([H])([H])[H])C([H])([H])[H])C([H])C([H])C([H])C1C(,0.03,0.0361,False,ZOPJAR;ZOPJIZ
359819593877,2,2,2,1,1,6,Mn,C#O;C#O;C#O;C#O;C#O;Cl,0.03,0.0361,False,ZOSWEJ;ZOSWEJ01
610548561490,13,13,4,1,1,4,Pt,C#N;C#N;[H]C1=C([H])N(C(C([H])([H])[H])(C([H])([H])[H])C([H])([H])[H])CN1C1NC([H,0.03,0.0361,False,ZUZBAA;ZUZBAA01;ZUZBAA02;ZUZBAA03;ZUZBAA04;ZUZBAA05
890051656671,6,6,5,2,2,5,Cu,Cl;Cl;[H]C1NC(C2NC(C3NC([H])C([H])C([H])C3[H])C([H])C([H])C2[H])C([H])C([H])C1[H,0.03,5.3601,False,ZZZKWM01;ZZZKWM02;ZZZKWM03;ZZZKWM04;ZZZKWM05;ZZZKWM06
410916458262,2,2,2,1,1,6,Os,Cl;Cl;Cl;Cl;[H]C1C([H])C([H])C(P(C2C([H])C([H])C([H])C([H])C2[H])C2C([H])C([H])C,0.02,0.4205,False,ABUXOK;ABUXOK01
907195365723,2,2,2,1,1,6,Co,[H]C1C([H])C(N([H])[H])C([H])C([H])C1C(=O)O;[H]C1C([H])C(N([H])[H])C([H])C([H])C,0.02,0.1315,False,ABZACO10;VAPQOV
233486127537,2,2,2,1,1,6,Cr,[H]C1NC(C2NC([H])C([H])C([H])C2[H])C([H])C([H])C1[H];[H]C1NC(C2NC([H])C([H])C([H,0.02,0.8502,False,ACAYOT;FERYEG01
951451586786,3,3,3,1,1,4,Pd,Cl;Cl;[H]C1C([H])C([H])C(P(C2C([H])C([H])C([H])C([H])C2[H])C([H])([H])C([H])([H],0.02,0.1612,False,ADUBUA;DPPPDC;DPPPDC01
5761326215,2,2,2,1,1,4,Cu,[H]C1C([H])C([H])C(P(C2C([H])C([H])C([H])C([H])C2[H])C2C([H])C([H])C([H])C([H])C,0.02,0.102,False,AFIHOQ;CAQDEF
12533954423,3,3,3,1,1,4,Hg,C#N;C#N;[H]C1C([H])C([H])C(P(C2C([H])C([H])C([H])C([H])C2[H])C2C([H])C([H])C([H],0.02,0.0632,False,AGUTEF;BENJEJ;BENJEJ02
985519433318,5,5,4,2,2,4,Pt,[H]C1NC([H])C([H])C([H])C1[H];[H]C1NC([H])C([H])C([H])C1[H];[H]C1NC([H])C([H])C(,0.02,8.68,False,AHIFUW;CIWKEY01;FUMYIX;KETSEL;KETSOV
620495658857,29,29,14,2,2,4,Au,Br;Br;Br;Br,0.02,8.8,False,AHOGIP;ALAMOR;AXECOX;BOKNOH;COQHUL;DIWXUF
165615046342,4,4,4,1,1,6,Ni,[H]OC([H])([H])C([H])([H])C1NC([H])C([H])C([H])C1[H];[H]OC([H])([H])C([H])([H])C,0.02,0.22,False,AKEPAL;BIBWIV;BOZJAD;HULYAO
876050548058,2,2,2,1,1,4,Fe,[H]C1C([H])C([H])C(C2=NC([H])(C(C([H])([H])[H])(C([H])([H])[H])C([H])([H])[H])C(,0.02,0.0361,False,AKUJEZ;AKUJID
250680734153,2,2,2,1,1,4,Co,Cl;Cl;[H]c1nc(SSc2nc([H])c([H])n2C(C([H])([H])[H])(C([H])([H])[H])C([H])([H])[H],0.02,0.191,False,ALOPUN;TIRXAU
506323643110,2,2,2,1,1,4,Pt,[H]c1c([H])c(C2C([H])NC([H])C([H])C2[H])n([H])c1[H];[H]c1c([H])c(C2C([H])NC([H]),0.02,0.0224,False,ALUQOP;PAVNIK
880625697067,3,3,3,2,1,4,Pt,O=N=O;[H]C([H])([H])N(C([H])([H])[H])C([H])([H])C([H])([H])N(C([H])([H])C([H])([,0.02,3.17,True,AMIXOM;KABNAG;KABNAG01
345164675132,3,3,3,2,1,4,Cu,[H]N([H])[H];[H]N([H])[H];[H]c1c(C(=O)O)[nH]c(=O)n([H])c1=O,0.02,5.79,False,AMORCU;AMORCU01;AMORCU02
582984953399,8,8,7,1,1,4,Ag,[H]C1C([H])C([H])C(P(C2C([H])C([H])C([H])C([H])C2[H])C2C([H])C([H])C([H])C([H])C,0.02,0.5004,False,ANOXOT;DAHYIV;DUQGII;GORPUB;KANXUS;LUTDOU
862562245339,5,5,3,1,1,4,Pt,Cl;[H]C1NC(C2NC(C3NC([H])C([H])C([H])C3[H])C([H])C(C3NC([H])C([H])C([H])C3[H])C2,0.02,0.0283,False,APUTOW;APUTOW01;JOTYEZ;SADHIS;SOGNUA
19994675036,2,2,2,1,1,6,Zn,[H]C1NNC(C(=O)O)C([H])C1[H];[H]C1NNC(C(=O)O)C([H])C1[H];[H]O[H];[H]O[H],0.02,1.2002,False,AREWOJ;MAHRAP
27739181683,10,10,8,2,2,4,Au,[H]C1=C([H])c2nc1c(C1C([H])C([H])C([H])C([H])C1[H])c1[nH]c(c([H])c1[H])c(C1C([H],0.02,8.65,False,ARUFAX;ARUFEB;ARUFIF;ILIWIJ;JOTWEY;ROBVEM
948453917295,2,2,2,1,1,6,Mn,Br;Br;[H]C1NC(C2NC([H])C([H])C(C([H])([H])[H])C2[H])C([H])C(C([H])([H])[H])C1[H],0.02,0.02,False,ASOVOT;ASOVOT01
856109509350,5,5,5,2,2,4,Cu,[H]C(O)C([H])C(O)C(C([H])([H])[H])(C([H])([H])[H])C([H])([H])[H];[H]C(O)C([H])C(,0.02,8.76,False,AWEPAW;AWEPAW01;AWEPAW02;AWEPAW03;AWEPAW04
824132404504,2,2,2,1,1,4,Co,Cl;Cl;[H]c1c(C([H])([H])[H])nn(C([H])([H])C2NC([H])C([H])C([H])C2[H])c1C([H])([H,0.02,0.6803,False,AWODUL;AWODUL01
93594280693,2,2,2,2,2,4,Pt,Cl;Cl;[H]C1C([H])C([H])C(P(C2C([H])C([H])C([H])C([H])C2[H])C2C([H])C([H])C(N(C([,0.02,8.09,False,AZIQUW;VAXSOG
150471299911,10,10,7,1,1,4,Mo,O;O;O;O,0.02,0.2702,False,BAGPEE01;CUFSII;DCHXMO;FAQCIK;FOCVUO;MIQPEK
277428631548,2,2,2,1,1,4,Ni,[H]N([H])C1([H])C([H])([H])C([H])([H])C([H])([H])C([H])(N([H])[H])C1([H])[H];[H],0.02,0.0283,False,BAKRAH;TUNLOG
228856478145,2,2,2,2,2,4,Ni,I;I;[H]C1C([H])C([H])C(P(C2C([H])C([H])C([H])C([H])C2[H])C([H])([H])C([H])([H])P,0.02,8.35,False,BARKIR;RINBOH
729317542944,2,2,2,1,1,4,Pt,Cl;Cl;[H]C1C([H])C([H])C(P(C2C([H])C([H])C([H])C([H])C2[H])C([H])([H])[H])C([H]),0.02,1.0902,False,BAZKUI;BAZKUI01
438478117668,2,2,2,2,1,6,Fe,[H]C(=NC1C([H])C([H])C([H])C2C([H])C([H])C([H])NC12)C1C([H])C([H])C(F)C([H])C1O;,0.02,0.2807,False,BELPIV01;BELPIV02
639358374594,2,2,2,2,2,6,Ru,C#O;[H]C1C([H])C([H])C(P(C2C([H])C([H])C([H])C([H])C2[H])C2C([H])C([H])C([H])C([,0.02,1.3901,True,BENBAZ;OJIVAE
399546235266,4,4,4,1,1,4,Cu,[H]N([H])C([H])([H])C([H])([H])N([H])[H];[H]N([H])C([H])([H])C([H])([H])N([H])[H,0.02,0.051,True,BETDCU01;BETDCU11;BETDCU12;BETDCU13
627528234099,2,2,2,1,1,5,Cu,[H]N([H])C([H])([H])C([H])([H])N(C([H])([H])C([H])([H])N([H])[H])C([H])([H])C([H,0.02,0.0825,False,BETTUS;BETVAA
975872925140,2,2,2,1,1,4,Ag,[H]C1C([H])C([H])C(P(C2C([H])C([H])C([H])C([H])C2[H])C2C([H])C([H])C3C([H])C([H],0.02,0.0728,False,BEVDOW;DOXDED
417135912022,3,3,3,2,2,4,Pt,Cl;[H]C1NC2C([H])C([H])C([H])C([H])C2C2C([H])C([H])C([H])C([H])C12;[H]N([H])[H];,0.02,8.55,False,BEVFIU;DEGZEW;QOBDES
586544920086,2,2,2,1,1,6,Ni,N=C=S;N=C=S;[H]C1NC([H])C(Cl)NC1[H];[H]C1NC([H])C(Cl)NC1[H];[H]OC([H])([H])[H];[,0.02,0.1612,False,BEXMIC;BEXMOI
540221091810,3,3,3,2,1,6,Co,[H]C1NC(C(=O)N([H])[H])C([H])C([H])C1[H];[H]C1NC(C(=O)N([H])[H])C([H])C([H])C1[H,0.02,0.1703,False,BEXNIB10;GIWZUJ;XEPPAK
169549584613,7,7,3,2,2,4,Au,N#CC(S)=C(S)C#N;N#CC(S)=C(S)C#N,0.02,8.67,False,BIDHOM;CEBHAT;HIGMIT;NEBRAN;SEDLES01;TAQVIU
489162235712,15,15,12,2,2,4,Pd,S=c1sc(S)c(S)s1;S=c1sc(S)c(S)s1,0.02,8.7,False,BIKQIX;GUWNOC;GUWYEE;GUWYII;GUWYUU;LEHPET01
395574287833,2,2,2,1,1,4,Pd,[H]C([H])[H];[H]C([H])[H];[H]C1C([H])C([H])C(P(C2C([H])C([H])C([H])C([H])C2[H])C,0.02,0.0922,False,BILVOL;BILVUR
465553257360,2,2,2,1,1,4,Cu,[H]C1([H])N2C([H])([H])N3C([H])([H])N1C([H])([H])P(C2([H])[H])C3([H])[H];[H]C1([,0.02,0.0539,False,BIZGOH;CIJCOO
191169717194,3,3,2,1,1,4,Pd,[H]c1nnc([H])n1N([H])[H];[H]c1nnc([H])n1N([H])[H];[H]c1nnc([H])n1N([H])[H];[H]c1,0.02,0.0283,False,BOHTAW;BOHTEA;BOHTIE
346624298117,2,2,2,1,1,4,Au,Cl;[H]C1C([H])C([H])C(P(C2C([H])C([H])C([H])C([H])C2[H])C2C([H])C([H])C([H])C([H,0.02,1.5201,False,BOJJEP;EGUSAA
783780397869,2,2,2,1,1,5,Fe,Cl;[H]C1=C([H])c2nc1c(C([H])([H])C([H])([H])C([H])([H])[H])c1[nH]c(c([H])c1[H])c,0.02,0.0224,False,BONWEG;BONWEG01
875387464037,4,4,3,1,1,4,Cu,[H]C(=NC1C([H])C([H])C(C(=O)C([H])([H])[H])C([H])C1[H])C1C(O)C([H])C([H])C2C([H],0.02,0.0361,False,BOQBOA;ZEQKAK;ZEQKIS;ZEQLIT
302483646481,2,2,2,1,1,6,Cd,[H]C1NC([H])C([H])C([H])C1[H];[H]C1NC([H])C([H])C([H])C1[H];[H]O[H];[H]O[H];[H]O,0.02,0.211,False,BOQQEE;WOWGAS
788125502266,2,2,2,1,1,6,Co,[H]C(=O)O;[H]C(=O)O;[H]C1NC([H])C([H])C(c2nc(C3C([H])C([H])NC([H])C3[H])n([H])n2,0.02,0.1315,False,BUBQIA;BUBQOG
696545240729,2,2,2,1,1,6,Ni,[H]N([H])C([H])(C(=O)O)C([H])([H])[H];[H]N([H])C([H])(C(=O)O)C([H])([H])[H];[H]O,0.02,0.02,False,BUNVOV02;XUWPAH
245799217681,2,2,2,1,1,4,Cu,[H]C1C([H])C([H])C(P(C2C([H])C([H])C([H])C([H])C2[H])C2C([H])C([H])C([H])C([H])C,0.02,0.0447,False,CAPLEN;EDOCIJ
988869133483,2,2,2,1,1,4,Ni,[H]C(=NC1C([H])C([H])C([H])C([H])C1C([H])([H])N=C([H])C1C([H])C([H])C([H])C(OC([,0.02,0.102,False,CAPVUN;MIGTUU
582290071496,2,2,2,1,1,4,Pd,Br;Br;[H]C1=NN(C2([H])C([H])([H])C([H])(C([H])([H])[H])C([H])([H])C([H])([H])C2(,0.02,0.0283,False,CEHYUM;CEJBEB
394175487210,2,2,2,2,2,4,Pd,[H]C(=NC([H])(C([H])([H])[H])C([H])([H])[H])C([H])=NC([H])(C([H])([H])[H])C([H]),0.02,4.5,False,CEQWUR;CERWAY
563263304559,2,2,2,1,1,4,Ni,C#N;C#N;[H]C1C([H])C([H])C(P(C2C([H])C([H])C([H])C([H])C2[H])C2C([H])C([H])C([H],0.02,0.0447,False,CEZNOK;NENTAD
396018288829,2,2,2,1,1,6,Rh,[H]N([H])C1([H])C([H])([H])C([H])([H])C([H])([H])C([H])([H])C1([H])N([H])[H];[H],0.02,0.0224,False,CHXNRH01;CHXNRH02
263991512795,2,2,2,1,1,6,Ni,N=C=S;N=C=S;[H]C1NC([H])C([H])C(C([H])([H])C([H])([H])[H])C1[H];[H]C1NC([H])C([H,0.02,0.02,False,CIVJOG02;GAJXUK01
554019779686,2,2,2,1,1,4,Pd,FC1C(F)C(F)C(S)C(F)C1F;FC1C(F)C(F)C(S)C(F)C1F;[H]C1C([H])C([H])C(P(C2C([H])C([H],0.02,0.0224,False,CIXQOP;CIXQOP01
62923659776,2,2,2,1,1,6,Ni,Br;Br;[H]C([H])([H])C#N;[H]C([H])([H])C#N;[H]C([H])([H])C#N;[H]C([H])([H])C#N,0.02,0.2508,False,CIYFUM;QOJDEZ
374324200472,4,4,3,1,1,4,Zn,Cl;Cl;[H]C1C([H])C([H])C(P(=O)(C2C([H])C([H])C([H])C([H])C2[H])C2C([H])C([H])C([,0.02,0.1,False,CLPOZN;CLPOZN01;CLPOZN03;CLPOZN04
229723729728,2,2,2,1,1,6,Ni,[H]C1NC(C(=O)O)C(N([H])[H])NC1[H];[H]C1NC(C(=O)O)C(N([H])[H])NC1[H];[H]O[H];[H]O,0.02,1.0602,False,COJTAW;IDUHEW
748041844288,15,15,4,2,2,4,Pd,Br;Br;Br;Br,0.02,8.55,False,CORMIJ;DIHSOG;FETHIV;FETHOB01;HIGNER;MENLOH
528201449008,3,3,3,1,1,6,Cd,[H]C1NC(C(=NN=C(S)SC([H])([H])[H])C([H])([H])[H])C([H])C([H])C1[H];[H]C1NC(C(=NN,0.02,0.0224,False,COVJIJ;UKIGIF;UKIGIF01
104594717114,3,3,3,1,1,4,Cu,[H]C1C([H])C([H])C(P(C2C([H])C([H])C([H])C([H])C2[H])C2C([H])C([H])C([H])C([H])C,0.02,1.2202,False,CUBKES;FELLAL01;QICTII
334289788429,7,7,4,1,1,4,Cu,[H]NC(NC(N[H])OC([H])([H])[H])OC([H])([H])[H];[H]NC(NC(N[H])OC([H])([H])[H])OC([,0.02,0.0224,False,CUJZOX;SEZJUC10;SEZJUC11;SEZJUC12;SEZJUC13;SEZJUC14
550177105611,2,2,2,2,1,6,Co,N=C=S;N=C=S;[H]OC1C(C([H])=NC2C([H])NC([H])C([H])C2[H])C([H])C(C(C([H])([H])[H]),0.02,2.7101,False,CUMQEK;CUMQEK01
897221810884,2,2,2,1,1,6,Ni,N=C=S;N=C=S;[H]OC1C(C([H])=NC2C([H])NC([H])C([H])C2[H])C([H])C(C(C([H])([H])[H]),0.02,0.0283,False,CUMSAI;CUMSAI01
834626705588,2,2,2,1,1,4,Rh,[H]C([H])([H])P(C([H])([H])[H])C([H])([H])[H];[H]C([H])([H])P(C([H])([H])[H])C([,0.02,0.0283,False,CUQBAR;CUQBAR01
152138450237,3,3,3,1,1,4,Pd,Br;Br;[H]C1C([H])C([H])C(P(C2C([H])C([H])C([H])C([H])C2[H])C([H])([H])C([H])([H],0.02,0.102,False,DAGBIY;DAGBIY02;KIBLIS
165840463978,2,2,2,1,1,4,Fe,Cl;Cl;[H]C1C([H])C2C([H])C([H])C(C([H])([H])[H])NC2C2NC(C([H])([H])[H])C([H])C([,0.02,0.4504,False,DAGLUU;ILINEZ
220384188302,3,3,3,2,2,4,Cu,[H]N([H])[H];[H]N([H])[H];[H]N([H])[H];[H]N([H])[H],0.02,9.0,False,DAXXEG;TIBWUX;XEGZUI
951598754338,2,2,2,2,2,4,Zn,[H]C1NC([H])C([H])C(C2C([H])C([H])NC([H])C2[H])C1[H];[H]C1NC([H])C([H])C(C2C([H],0.02,0.9602,True,DAYFIU;DAYFIU01
523101839040,3,3,3,2,1,6,Zr,Cl;Cl;[H]C(=NC1C([H])C([H])C([H])C([H])C1[H])C1C([H])C(C([H])([H])[H])C([H])C(C(,0.02,4.25,True,DEDFEY;DEDFEY01;DEDFEY02
24030148238,2,2,2,1,1,6,Fe,C#N;C#N;[H]c1c([H])c([H])c2c3nc4nc(nc5[nH]c(nc6nc(nc([nH]3)c2c1[H])C1C([H])C([H],0.02,0.0283,False,DEFNUX;WOPZOQ01
142834635254,2,2,2,2,1,6,Co,[H]O[H];[H]O[H];[H]O[H];[H]O[H];[H]c1c(O)n([H])c(=O)n([H])c1=O;[H]c1c(O)n([H])c(,0.02,1.0002,False,DEFWUJ;DEFWUJ01
585387031172,3,3,2,1,1,6,Fe,Cl;Cl;Cl;[H]C1NC2C3NC([H])C([H])C([H])C3C([H])C([H])C2C([H])C1[H];[H]OC([H])([H],0.02,0.1118,False,DEKHEG;DEKHEG01;DEKHEG02
331325148715,3,3,2,2,1,4,Pd,Cl;Cl;[H]C([H])=C([H])P(C1C([H])C([H])C([H])C([H])C1[H])C1([H])C2([H])C(C([H])([,0.02,0.211,False,DEPXAX;DEPXAX10;TIYPAS
242383018601,2,2,2,1,1,4,Co,[H]B123B45(I)B67([H])C89([H])C1%10([H])B21%11([H])B432([H])B563([H])B784([H])B%1,0.02,0.0224,False,DEXPOL;DEXPOL01
145453096194,2,2,2,1,1,4,Pd,[H]C(=NC1C(C([H])(C([H])([H])[H])C([H])([H])[H])C([H])C([H])C([H])C1C([H])(C([H],0.02,0.0224,False,DEYBIU;DEYBIU01
239744634618,2,2,2,1,1,6,Ni,[H]N([H])C([H])([H])C([H])([H])N(C([H])([H])[H])C([H])([H])[H];[H]N([H])C([H])([,0.02,0.6703,False,DIFVUL;DIFVUL01
365589032223,5,5,4,1,1,6,Co,[H]C1C([H])C([H])N(O)C([H])C1[H];[H]C1C([H])C([H])N(O)C([H])C1[H];[H]C1C([H])C([,0.02,0.2907,False,DIXRUX01;JOYWUP;PYNOCO;PYNOCO01;SIBDEP
324754707648,4,4,4,1,1,6,Co,C#N;C#N;[H]c1c([H])c([H])c2c(c1[H])-c1nc-2nc2[nH]c(nc3nc(nc4[nH]c(n1)c1c([H])c([,0.02,0.2209,False,DOVYUI;JAMRAQ;JAMRAQ02;YAVPEQ
685365685465,2,2,2,1,1,4,Ni,[H]N=C([H])C1C([H])C([H])C(OC([H])([H])[H])C([H])C1O;[H]N=C([H])C1C([H])C([H])C(,0.02,0.0224,False,DUHGAP;DUHGAP01
605433966665,2,2,2,1,1,6,Ni,[H]OC1([H])C([H])([H])C([H])(O[H])C([H])([H])C([H])(O[H])C1([H])[H];[H]OC1([H])C,0.02,0.1712,False,DULSIO;LENQOK
70748476280,2,2,2,1,1,6,Ni,[H]C1C([H])C(C(=O)O)C([H])C([H])C1OC([H])([H])[H];[H]C1C([H])C(C(=O)O)C([H])C([H,0.02,0.5704,False,DUQWUI;GUZDAK
476298643522,2,2,2,1,1,5,V,O;[H]C([H])([H])O;[H]OC1C([H])C2C([H])C([H])C([H])C([H])C2C([H])C1C(O)=NN=C(C([H,0.02,0.0283,False,DURREO;DURREO01
908611537447,2,2,2,1,1,6,Cr,[H]C([H])([H])C([H])([H])O[PH](S)(S)OC([H])([H])C([H])([H])[H];[H]C([H])([H])C([,0.02,0.0283,False,DUTMEK02;DUTMEK10
349980616359,2,2,2,1,1,6,Cr,[H]C([H])([H])[PH](S)(S)C([H])([H])[H];[H]C([H])([H])[PH](S)(S)C([H])([H])[H];[H,0.02,1.8701,False,DUTMIO01;DUTMIO10
71959679175,2,2,2,1,1,4,Au,C#N;C#N;[H]C1CC(C2NC([H])C([H])C3C([H])C([H])C([H])C([H])C23)C([H])C([H])C1[H],0.02,0.1118,False,DUZDAF;DUZDAF02
749205917768,2,2,2,1,1,4,Pt,[H]C([H])([H])OC1C(OC([H])([H])[H])C(N(=O)O)CC([N+](=O)[O-])C1OC([H])([H])[H];[H,0.02,0.0224,False,EBUGUE;EBUHAL
600095430408,2,2,2,1,1,4,Pd,Cl;Cl;[H]c1c(C2NC([H])C([H])C([H])C2[H])nnn1C([H])([H])C([H])([H])C([H])([H])[Si,0.02,0.0224,False,EBUJOD;EBUJUJ
216953041596,2,2,2,1,1,4,Ni,Br;Br;[H]C1C([H])C([H])C(P(C2C([H])C([H])C([H])C([H])C2[H])C([H])([H])C([H])([H],0.02,0.0447,False,EDAMAX;SAHYUV
746754834120,2,2,2,2,1,5,Mn,Cl;Cl;Cl;[H]C1([H])N2C([H])([H])C([H])([H])N(C([H])([H])Cl)(C1([H])[H])C([H])([H,0.02,1.6101,False,EGAFAV;EGAFAV01
949360305556,2,2,2,1,1,4,Zn,[H]C(=NC([H])([H])C([H])([H])C([H])([H])[H])C1C([H])C([H])C([H])C([H])C1O;[H]C(=,0.02,0.02,False,EGAPUX;EGAPUX01
304126068480,2,2,2,2,2,4,Ni,[H]C(S)=C(S)C1C([H])C([H])C2C([H])C([H])C([H])C([H])C2C1[H];[H]C(S)=C(S)C1C([H]),0.02,8.81,False,EGETER;YUPKIG
470903164466,2,2,2,2,2,4,Au,Cl;Cl;Cl;[H]C1=C([H])N(C2C(C([H])([H])[H])C([H])C(C([H])([H])[H])C([H])C2C([H])(,0.02,8.34,False,EJAMUY;EJAMUY01
484810644352,2,2,2,1,1,4,Cu,Cl;Cl;[H]c1c(C([H])([H])C2=NC3C([H])C([H])C([H])C([H])C3N2[H])nn([H])c1C([H])([H,0.02,0.1414,False,EJEMIP;EJEMIP01
961573291466,2,2,2,1,1,5,Zn,N=N=N;N=N=N;[H]C(=NC([H])([H])C([H])([H])N(C([H])([H])[H])C([H])([H])[H])C1NC([H,0.02,0.0361,False,EJIPAP;EJIPAP01
591142002109,2,2,2,2,1,5,Ru,[H]C1C([H])C([H])C(P(C2C([H])C([H])C([H])C([H])C2[H])C2C([H])C([H])C([H])C([H])C,0.02,0.0539,True,EJUJUQ;IRAWUV
359185567187,2,2,2,2,1,6,Mo,O;O;[H]C(=NN=C(O)C([H])([H])[H])C1C([H])C([H])C([H])C([H])C1O;[H]O[H],0.02,1.2702,False,EKABEA;UKEBUL
743522486657,3,3,3,1,1,4,Ti,[H]C1C([H])C(C(C([H])([H])[H])(C([H])([H])[H])C([H])([H])[H])C([H])C(C(C([H])([H,0.02,0.6101,False,ELABID;ELABID01;SOVTUV
116973103330,3,3,3,2,1,4,Zn,Br;Br;[H]C1NC2C3NC([H])C([H])C([H])C3C([H])C([H])C2C([H])C1[H],0.02,1.98,False,EQIPEA;EQIPEA01;EQIPEA03
898670108413,2,2,2,1,1,4,Pt,[H]C([H])([H])C#N;[H]C([H])([H])C#N;[H]C([H])([H])OC(=O)C1C(C(=O)OC([H])([H])[H],0.02,0.1612,False,ERAGEL;ERAGIP
880997859851,2,2,2,1,1,6,Cu,[H]C1C([H])C(C(=O)O)C([H])C([H])C1Br;[H]C1C([H])C(C(=O)O)C([H])C([H])C1Br;[H]C1N,0.02,0.0447,False,ETUBOL;ETUBOL01
793712724265,3,3,3,2,1,6,Fe,[H]OC(=O)c1c(C(=O)O)nc([H])n1[H];[H]OC(=O)c1c(C(=O)O)nc([H])n1[H];[H]O[H];[H]O[H,0.02,1.4301,False,ETUSOC;ETUSOC01;ETUSOC02
507140662083,2,2,2,1,1,6,Co,[H]C1NC(c2nnc(C3NC([H])C([H])C([H])C3[H])s2)C([H])C([H])C1[H];[H]C1NC(c2nnc(C3NC,0.02,0.1612,False,ETUWAS;MINPAA
934017905319,2,2,2,1,1,4,Pt,[H]C1C([H])C([H])C([SeH])C([SeH])C1[H];[H]C1NC(C2NC([H])C([H])C([H])C2[H])C([H]),0.02,0.102,False,EVEWEH;EVEWIL
761602348139,2,2,2,1,1,4,Cu,[H]C1C([H])C([H])C(P(C2C([H])C([H])C([H])C([H])C2[H])C2C([H])C([H])C([H])C3C2OC2,0.02,0.0447,False,EXASEE;IXEDEX
59038720039,2,2,2,1,1,4,Pd,[H]OC(C1NC([H])C([H])C([H])C1[H])(C1NC([H])C([H])C([H])C1[H])C1NC([H])C([H])C([H,0.02,0.0224,False,EXOVIW;EXOVIW01
423591703392,2,2,2,2,1,5,Pt,[H]C1([H])SC([H])([H])C([H])([H])SC([H])([H])C([H])([H])SC1([H])[H];[H]C1NC(C2NC,0.02,1.3801,True,EZAHUI;EZAHUI01
960822042897,2,2,2,1,1,5,Zn,[H]C(=NC1NC([H])C([H])C([H])C1N=C([H])C1C([H])C(C(C([H])([H])[H])(C([H])([H])[H],0.02,0.0224,False,EZUWOL;EZUWOL01
598777637739,6,6,4,1,1,4,Rh,C#O;C#O;[H]C1C([H])C([H])C(NC(C([H])C(O)C([H])([H])[H])C([H])([H])[H])C([H])C1[H,0.02,0.0283,False,FAFBAS;FAFBAS01;FAFBAS02;FAFBAS03;FAFBAS04;FAFBAS05
381860909718,3,3,3,1,1,4,Ni,N#CC(S)=C(S)C#N;S=c1sc(S)c(S)s1,0.02,1.01,False,FAHCUQ;FAHCUQ02;NALLET
589142292124,2,2,2,1,1,4,Pd,Cl;Cl;[H]C1NC([H])C(N([H])C(=O)N([H])C2C([H])C([H])C(C([H])([H])[H])C([H])C2[H]),0.02,0.0361,False,FANWEX;FANXIC
142528260892,14,14,13,1,1,4,Cr,O;O;O;O,0.02,0.3302,False,FAQCEG;FAWLOF;GUACRO10;IWUZAB;IWUZAB01;JABVAN
916639724477,6,6,4,1,1,4,Ni,[H]ON=C([H])C1C([H])C([H])C([H])C(F)C1O;[H]ON=C([H])C1C([H])C([H])C([H])C(F)C1O,0.02,0.0283,False,FAYCEP;FAYCEP01;FAYCEP02;FAYCEP03;FAYCEP04;FAYCEP05
547797075225,2,2,2,1,1,6,Fe,[H]C1C(C([H])([H])[H])C(SSSC2NNC(C(C([H])([H])[H])(C([H])([H])[H])C([H])([H])[H],0.02,0.0632,False,FEDFED;SAVTAN
373673907692,2,2,2,1,1,4,Zn,I;I;[H]C1C([H])C([H])C(P(C2C([H])C([H])C([H])C([H])C2[H])C2C([H])C([H])C([H])C([,0.02,0.4105,False,FEGCAY;FEGCAY01
495724084352,2,2,2,1,1,4,Cu,[H]C(C(O)C(F)(F)F)C(O)C(F)(F)F;[H]N=C(C([H])=C(O)C([H])([H])[H])C([H])([H])[H],0.02,0.0361,False,FEHVUL;FEHVUL01
953053885973,4,4,3,1,1,4,Pd,Cl;Cl;[H]C([H])([H])C#N;[H]C([H])([H])C#N,0.02,0.0361,False,FEQCOT;FEQCOT01;FEQCOT02;FEQCOT03
395075092425,2,2,2,1,1,4,Cu,Cl;[H]C(=NC([H])([H])C1NC([H])C([H])C([H])C1[H])C1C([H])C([H])C([H])C(OC([H])([H,0.02,0.0361,False,FEVGAP;FEVGAP01
964301203270,2,2,2,1,1,6,Zn,[H]ON=C([H])C(=O)O;[H]ON=C([H])C(=O)O;[H]O[H];[H]O[H],0.02,1.2602,False,FIDWOF;FIDWOF01
883247212532,4,4,3,1,1,4,Pd,Cl;Cl;[H]OC(C1C([H])C([H])NC([H])C1[H])(C1C([H])C([H])C([H])C([H])C1[H])C1C([H]),0.02,0.0224,False,FIFHAE;FIFHEI;FIFHIM;FIKCUY
603614662071,2,2,2,1,1,4,Fe,[H]C1([H])C2([H])C([H])([H])C3([H])C([H])([H])C1([H])C([H])([H])C(N)(C2([H])[H]),0.02,0.5004,False,FIMPIB;FIMPOH
200859944315,2,2,2,1,1,5,Cu,Cl;[H]C(=O)C1C([H])C(C([H])([H])[H])C([H])C(C([H])([H])N(C([H])([H])C2NC([H])C([,0.02,0.02,True,FODXIG;FODXIG01
99228582929,2,2,2,1,1,6,Ru,C#O;C#O;C#O;C#O;I;I,0.02,0.0922,False,FOJBIP;FOJBIP01
894750385189,2,2,2,2,2,4,Rh,C#O;F;[H]C1C([H])C([H])C(P(C2C([H])C([H])C([H])C([H])C2[H])C2C([H])C([H])C([H])C,0.02,7.87,False,FUDKIZ;FUDKOF
505346534880,2,2,2,1,1,6,Fe,[H]c1c(C([H])([H])[H])nn(C(n2nc(C([H])([H])[H])c([H])c2[H])(n2nc(C([H])([H])[H]),0.02,0.0632,False,FUFLOJ;FUFLOJ01
553400787214,2,2,2,2,2,4,Pd,OO;[H]C1C([H])C([H])C(P(C2C([H])C([H])C([H])C([H])C2[H])C2C([H])C([H])C([H])C([H,0.02,4.54,False,FUQMEK;KUHSIQ
398752777806,2,2,2,2,1,4,Pd,C#O;[H]C([H])[H];[H]C1=C([H])N(C([H])([H])N2CN(C3C(C([H])([H])[H])C([H])C(C([H]),0.02,0.0728,False,FUVKOX;FUVKUD
450093326137,2,2,2,1,1,4,Cu,[H]C1C([H])C([H])C(P(C2C([H])C([H])C([H])C([H])C2[H])C2C([H])C([H])C([H])C3C2OC2,0.02,0.0361,False,GABTUB;ZAQFOQ
14239439247,5,5,5,1,1,6,Ni,[H]C1NC([H])C([H])C(C(=O)N([H])[H])C1[H];[H]C1NC([H])C([H])C(C(=O)N([H])[H])C1[H,0.02,0.66,False,GANZAY;HUCLAT;NIRWAP;SOGQEL;TESDEC
336108141026,3,3,3,2,1,6,Ni,[H]C1NC(C([H])([H])N([H])[H])C([H])C([H])C1[H];[H]C1NC(C([H])([H])N([H])[H])C([H,0.02,1.0,False,GIGPAR;GIGPAR01;GIGPAR02
756995568213,3,3,2,1,1,4,Ti,Cl;Cl;Cl;[H]C1([H])C([H])([H])C([H])([H])C([H])(NC2([H])C([H])([H])C([H])([H])C(,0.02,0.0447,True,GOBJOY;GOBJOY01;GOBJOY02
775762213579,2,2,2,1,1,4,Ni,[H]C([H])([H])C([H])(C([H])([H])[H])C([H])([H])OC(S)S;[H]C([H])([H])C([H])(C([H],0.02,7.6,False,GOQYOA;GOQYOA01
522154830608,2,2,2,1,1,4,Ir,C#O;[H]C1C([H])C(C([H])([H])P(C(C([H])([H])[H])(C([H])([H])[H])C([H])([H])[H])C(,0.02,0.0361,False,GOXYUP;QELLEZ
118957847218,2,2,2,1,1,4,Ni,Cl;Cl;[H]C1C([H])C([H])C(P(C2C([H])C([H])C([H])C([H])C2[H])C2C([H])C([H])C([H])C,0.02,0.1811,False,GUCNEB;HUPDUS
612835400819,2,2,2,1,1,4,Zn,Cl;Cl;[H]C1NC(Br)C([H])C([H])C1[H];[H]C1NC(Br)C([H])C([H])C1[H],0.02,0.0224,False,GUJMOQ;GUJMOQ01
199808106163,2,2,2,1,1,4,Zn,Br;Br;[H]C1NC(Br)C([H])C([H])C1[H];[H]C1NC(Br)C([H])C([H])C1[H],0.02,0.0283,False,GUJMUW;GUJMUW01
25160295084,2,2,2,1,1,4,Zn,Cl;Cl;[H]C1NC(Cl)C([H])C([H])C1[H];[H]C1NC(Cl)C([H])C([H])C1[H],0.02,0.0224,False,GUJNAD;GUJNAD01
948970467182,3,3,3,2,1,4,Co,N=C=S;N=C=S;[H]C1=NC2C([H])C([H])C([H])C([H])C2N1[H];[H]C1=NC2C([H])C([H])C([H]),0.02,0.4604,False,GUMXOD;GUMXOD01;GUMXOD02
656528616271,2,2,2,1,1,6,Fe,[H]C1NN(B(C2C(F)C(F)C(F)C(F)C2F)(N2NC([H])C([H])C2[H])N2NC([H])C([H])C2[H])C([H],0.02,0.9402,False,GUVNES01;GUVNES04
556814894337,2,2,2,1,1,4,Zn,Cl;Cl;[H]C1C([H])C(C([H])([H])[H])C([H])C2C1N=NN2[H];[H]C1C([H])C(C([H])([H])[H],0.02,0.0447,False,HAFYIA;HAFYIA01
469752426482,5,5,3,1,1,4,Pd,[H]c1c(C([H])([H])[H])nn([H])c1C([H])([H])[H];[H]c1c(C([H])([H])[H])nn([H])c1C([,0.02,0.0283,False,HENFEM;KELCUB;KELDAI;MECHUY;UPEBAU
109552717865,2,2,2,1,1,4,Ni,[H]C([H])([H])C([H])(OC(S)S)C([H])([H])[H];[H]C([H])([H])C([H])(OC(S)S)C([H])([H,0.02,0.0224,False,HESROM02;HESROM03
23300192097,2,2,2,1,1,4,Au,[H]C([H])([H])N(n1c(S)c(S)sc1=S)C([H])([H])[H];[H]C([H])([H])N(n1c(S)c(S)sc1=S)C,0.02,0.0224,False,HEVFUM;JEJXAA
371376115257,2,2,2,1,1,4,Zn,[H]C1C([H])C([H])C(C([H])(N2C(C([H])([H])C([H])([H])[H])=NNC2NC2NN=C(C([H])([H]),0.02,0.6703,False,HIBWAU;HIBYAW
898304141705,2,2,2,1,1,4,Cd,I;I;[H]C1NC2C([H])C([H])C([H])C([H])C2C2C([H])C([H])C([H])C([H])C12;[H]C1NC2C([H,0.02,0.6103,False,HILKAQ;HILKAQ01
540570115505,3,3,3,1,1,4,Pd,[H]N1C([H])([H])C([H])([H])N([H])C([H])([H])C([H])([H])C([H])([H])N([H])C([H])([,0.02,0.0283,False,HONFAU;IXIYOD;QASKIF
824503659737,2,2,2,1,1,4,Cu,[H]C(=NC([H])([H])C(C([H])([H])[H])(C([H])([H])[H])C([H])([H])N=C([H])C1C([H])C(,0.02,0.0361,False,HOSTOZ;HOSTOZ01
757757631808,2,2,2,1,1,4,Pd,Cl;Cl;[H]OC(OC([H])([H])C([H])([H])[H])(C1NC([H])C([H])C([H])C1[H])C1NC([H])C([H,0.02,0.0728,False,HUMFOK;HUMFOK01
134067571466,2,2,2,1,1,4,Co,Cl;Cl;[H]C1=NC2C([H])C([H])C([H])C([H])C2N1C([H])([H])C([H])=C([H])[H];[H]C1=NC2,0.02,0.1118,False,HUNJAE;HUNJAE01
102055534286,2,2,2,2,1,4,Pt,[H]C1C([H])C([H])C(P(C2C([H])C([H])C([H])C([H])C2[H])C2C([H])C([H])C([H])C([H])C,0.02,0.102,False,HUPGEF;HUPGIJ
666818121826,2,2,2,2,1,4,Pt,[H]C1NC2C(O)C([H])C([H])C(S(=O)(=O)O)C2C([H])C1[H];[H]C1NC2C(O)C([H])C([H])C(S(=,0.02,2.8401,True,HUXZUY;HUYBAH
907545239801,2,2,2,1,1,4,Cu,[H]C1C([H])C([H])C(P(C2C([H])C([H])C([H])C([H])C2[H])C2C([H])C([H])C([H])C([H])C,0.02,0.201,False,HUYYAD;MUQXAX
42330945190,2,2,2,1,1,4,Pd,I;I;[H]C1C([H])C([H])C(P(C2C([H])C([H])C([H])C([H])C2[H])C([H])([H])C([H])([H])P,0.02,0.102,False,ICADUL;NUVPAV
407028026402,2,2,2,2,2,4,Pd,[H]N([H])C([H])([H])C([H])([H])N([H])C([H])([H])C([H])([H])N([H])[H];[H]c1c(N([H,0.02,8.42,False,ICOMUJ;VEDZIO
209089188171,2,2,2,1,1,5,Cu,[H]C1NC(N([H])C2NC(N([H])C3NC(N([H])C4NC(N([H])C5NC([H])C([H])C([H])C5[H])C([H]),0.02,0.1513,False,IDEBEZ;NOYJOA
302460536686,2,2,2,1,1,4,Zn,[H]C(=NC([H])([H])C([H])([H])C([H])([H])N([H])([H])C([H])([H])[H])C1C([H])C(Br)C,0.02,0.0632,False,IDOVAZ;IDOVAZ01
33028561831,2,2,2,2,1,6,Cu,O=S(=O)(O)C(F)(F)F;O=S(=O)(O)C(F)(F)F;[H]C1NC(C2NC([H])C([H])C([H])C2[H])C([H])C,0.02,0.9002,True,IHAZOI;IHAZOI01
758511891328,2,2,2,1,1,5,Ni,Cl;[H]C([H])([H])N1C([H])([H])C([H])([H])N(C([H])([H])[H])C([H])([H])C([H])([H]),0.02,0.9302,False,ILOCAO;ILODOD
54581267450,2,2,2,1,1,6,Fe,C#N;C#N;C#N;C#N;C#N;[H]c1nc([H])n([H])c1[H],0.02,0.2707,False,ILUROX;ILUROX01
465530723025,2,2,2,1,1,6,Cd,Cl;Cl;[H]c1nc([H])n(C([H])([H])C([H])([H])[H])c1[H];[H]c1nc([H])n(C([H])([H])C([,0.02,0.3306,False,IMESEA;IMESEA02
861088496358,2,2,2,1,1,4,Cr,[H]C1C([H])C(C([H])(C([H])([H])[H])C([H])([H])[H])C(NC(C([H])C(NC2C(C([H])(C([H],0.02,0.0224,False,INIFUH;INIGAO
746339067759,2,2,2,1,1,4,Pt,[H]C1C([H])C(C#C)C([H])C([H])C1F;[H]C1C([H])C(C#C)C([H])C([H])C1F;[H]C1NC(C2NC([,0.02,0.1118,False,INOZIV;INOZUH
828971839040,2,2,2,1,1,4,Fe,Cl;[H]C1C(C([H])([H])[H])N(B([H])(N2NC(C(C([H])([H])[H])(C([H])([H])[H])C([H])([,0.02,0.0283,False,INUTUH;INUTUH02
870526158982,4,4,4,1,1,6,Co,[H]c1nn(C([H])(n2nc([H])c([H])c2[H])n2nc([H])c([H])c2[H])c([H])c1[H];[H]c1nn(C([,0.02,1.45,False,IRIWUD;IRIXAK;JANGEN;JANGIR
485546905381,2,2,2,1,1,6,Ni,[H]C1NC([H])C([H])C(SC([H])([H])C(=O)O)C1[H];[H]C1NC([H])C([H])C(SC([H])([H])C(=,0.02,0.4205,False,ISUBON;ISUBON01
180050839642,3,3,3,2,1,4,Cu,Br;[H]C1C([H])C([H])C(P(C2C([H])C([H])C([H])C([H])C2[H])C2C([H])C([H])C([H])C([H,0.02,2.13,False,ITADOY;ITADOY01;ITADOY02
611964805276,2,2,2,1,1,6,Ni,Cl;Cl;[H]c1c(C(C([H])([H])[H])(C([H])([H])[H])C([H])([H])[H])nn([H])c(=S)c1[H];[,0.02,0.1513,False,ITAKIA;ZELWAS
607557862774,3,3,2,1,1,4,Cu,[H]C1=C([H])c2nc1c(C(F)(F)F)c1[nH]c(c([H])c1[H])c(C(F)(F)F)c1nc(c(C(F)(F)F)c3[nH,0.02,0.0283,False,ITEXUB01;ITEXUB02;ITEXUB03
728682858057,2,2,2,2,2,6,Fe,[H]c1nnnn1C1([H])C([H])([H])C1([H])[H];[H]c1nnnn1C1([H])C([H])([H])C1([H])[H];[H,0.02,1.3501,True,IVIBAT;IVIBAT01
990871112907,2,2,2,1,1,5,V,O;S=c1sc(S)c(S)s1;S=c1sc(S)c(S)s1,0.02,0.02,True,IWIJUV;IWIJUV01
68061095606,2,2,2,1,1,4,Pd,Cl;[H]C([H])([H])C([H])([H])P(C([H])([H])C([H])([H])[H])C([H])([H])C([H])([H])[H,0.02,0.0224,False,JAQKER;JAQKIV
220080268439,10,10,8,1,1,4,Cu,[H]C([H])([H])P(C([H])([H])[H])C([H])([H])[H];[H]C([H])([H])P(C([H])([H])[H])C([,0.02,0.5901,False,JASTON;KIDFEI;KIDFIM;KIDFOS;QEGFIT;QEGFOZ
193692909468,2,2,2,1,1,4,Pt,[H]C1NC(C([H])([H])C([H])([H])C(C(=O)OC([H])([H])[H])C(=O)OC([H])([H])[H])C([H]),0.02,0.0825,False,JAYNAY;JAYNAY01
689729417998,7,7,6,1,1,4,Au,Cl;Cl;[H]C1NC2C3NC([H])C([H])C([H])C3C([H])C([H])C2C([H])C1[H],0.02,0.1503,False,JEBQUF;JEBQUF01;JEBQUF02;NUTCUD;TIBLAV;XIZDOC
867899960921,3,3,2,1,1,6,Ti,Cl;Cl;Cl;Cl;[H]C1C([H])C([H])C(P(=O)(C2C([H])C([H])C([H])C([H])C2[H])C2C([H])C([,0.02,0.1414,False,JEJHUC;JEJHUC02;JEJHUC04
530050973979,2,2,2,2,1,6,Ni,[H]C1NC(C2NC([H])C([H])C([H])C2[H])C([H])C([H])C1[H];[H]N([H])C([H])([H])C(=O)O;,0.02,0.8602,True,JETKOI;YOWKIE
434087167796,2,2,2,2,2,4,Pt,[H]C1C([H])C([H])C(Cl)C(S)C1[H];[H]C1C([H])C([H])C(Cl)C(S)C1[H];[H]C1C([H])C([H],0.02,7.7,False,JIFWAX;PIGJAR
540300563911,8,8,7,1,1,4,Pd,Cl;Cl;[H]C1NC(C2NC([H])C([H])C([H])C2[H])C([H])C([H])C1[H],0.02,0.0922,False,JIPGAR;JOCCOV;RAGVUQ;RAGVUQ01;SOXZUA01;SOXZUA02
653352197735,2,2,2,1,1,4,Pt,Cl;[H]C([H])([H])S(=O)C([H])([H])[H];[H]C1CC(C2NC([H])C([H])C([H])C2[H])C([H])C(,0.02,0.0283,False,JISPAD;JISPAD01
576159885890,2,2,2,1,1,4,Pd,Cl;[H]OC1C([H])C([H])C(C2C([H])C(C3NC([H])C([H])C([H])C3[H])NC(C3NC([H])C([H])C(,0.02,0.0224,False,JITJUV;KILLEA
214622264039,2,2,2,1,1,4,Pd,Cl;[H]C1=C([H])N(C2([H])C([H])([H])C([H])(C([H])([H])[H])C([H])([H])C([H])([H])C,0.02,0.0361,False,JODHIX;JODJAR
911856159160,2,2,2,1,1,4,Pd,Cl;Cl;[H]C1=C([H])N(C2C(C([H])([H])[H])C([H])C(C([H])([H])[H])C([H])C2C([H])([H],0.02,0.0283,False,JOHLUO;JOHLUO01
805980414787,2,2,2,2,1,5,Co,Cl;[H]C1NC(N([H])C2NC(C3NC(N([H])C4NC([H])C([H])C([H])C4[H])C([H])C([H])C3[H])C(,0.02,2.2601,True,JOZXUU;RUPMEX
500455805947,2,2,2,2,2,4,Cu,[H]C1C([H])C([H])C(C(=NC([H])([H])C([H])([H])N=C(C2C([H])C([H])C([H])C([H])C2O)C,0.02,5.68,False,JUNKAH;PEPHEA
417484915385,2,2,2,1,1,4,Zn,[H]C(=NC1C([H])C([H])C([H])C([H])C1[H])C1C([H])C([H])C([H])C([H])C1O;[H]C(=NC1C(,0.02,0.102,False,JUVRIB02;JUVRIB03
964151660804,2,2,2,1,1,4,Pd,Br;[H]C1C([H])C([H])C(P(C2C([H])C([H])C([H])C([H])C2[H])C2C([H])C([H])C([H])C([H,0.02,0.0283,False,JUWFIQ;JUWFIQ01
207535817173,2,2,2,1,1,6,Mn,[H]N([H])C(=O)C([H])([H])[H];[H]N([H])C(=O)C([H])([H])[H];[H]N([H])C(=O)C([H])([,0.02,0.4804,False,KADTIW;KADVAQ
783170651919,2,2,2,1,1,4,Pd,Cl;[H]C1CC(C([H])(N([H])[H])C([H])([H])[H])C([H])C([H])C1C([H])([H])[H];[H]C1NC(,0.02,0.0361,False,KAJGAE;MAJXEB
557478693471,2,2,2,1,1,4,Mo,[H]C1CC(C([H])([H])[H])C([H])C([H])C1[H];[H]C1CC(C([H])([H])[H])C([H])C([H])C1[H,0.02,0.2907,False,KAYJID;KAYJID01
590667101772,2,2,2,1,1,4,Cu,Br;[H]C1C(C2=NC3C([H])C([H])C([H])C([H])C3N2[H])NC(C([H])([H])[H])C([H])C1[H];[H,0.02,0.3306,False,KENBAI;LEDHUZ
551322326284,2,2,2,1,1,5,Cu,[H]C1NC(N([H])C2NC(C3NC(N([H])C4NC([H])C([H])C([H])C4[H])C([H])C([H])C3[H])C([H],0.02,0.0728,False,KENYAF;KENYEJ
280409905051,3,3,3,1,1,4,Pt,[H]C([H])([H])C1(C([H])([H])[H])N(O)C=N(O)C1(C([H])([H])[H])C([H])([H])[H];[H]C1,0.02,0.0361,False,KEPSAB;KEPSEF;KEPSIJ
620461717376,2,2,2,2,2,4,Pd,[H]C1([H])SC([H])([H])C([H])([H])C([H])([H])SC([H])([H])C([H])([H])SC([H])([H])C,0.02,8.4,False,KEXYIW;NIDQUM
488941370556,2,2,2,1,1,4,Pd,I;I;[H]C1C([H])C([H])C(P(C2C([H])C([H])C([H])C([H])C2[H])C([H])([H])C([H])([H])C,0.02,0.6003,False,KIBLOY;YIJBAV
564082673280,2,2,2,1,1,4,Pd,[H]C([H])([H])N(C([H])([H])[H])C([H])([H])C([H])([H])N(C([H])([H])[H])C([H])([H],0.02,0.0825,False,KIWCOJ;KIWDEA
494118325494,3,3,3,1,1,6,Co,[H]C1NC([H])C(N([H])[H])C(C(=O)O)C1[H];[H]C1NC([H])C(N([H])[H])C(C(=O)O)C1[H];[H,0.02,0.3206,False,KIWTAP;KIWTAP01;KIXFUW
948429449097,2,2,2,1,1,4,Cu,Cl;Cl;[H]C([H])([H])Sc1nnnn1C([H])([H])[H];[H]C([H])([H])Sc1nnnn1C([H])([H])[H],0.02,0.0283,False,KIYGOR;KIYGOR01
863700593309,2,2,2,1,1,4,Pt,[H]C1NC(C2NC([H])C([H])C(C(C([H])([H])[H])(C([H])([H])[H])C([H])([H])[H])C2[H])C,0.02,0.1612,False,KIYLAG;KIYLEK
61021838341,2,2,2,1,1,4,Ni,[H]C(=NC([H])(C1C([H])C([H])C([H])C([H])C1[H])C([H])(N=C([H])C1C([H])C([H])C([H],0.02,0.02,False,KIYQUE;KIYQUE01
350191968209,2,2,2,1,1,4,Zn,Cl;Cl;[H]C(C1C([H])C([H])C([H])C([H])C1O)=N([H])C1C([H])C([H])C([H])C([H])C1OC([,0.02,0.0361,False,KOCXIM;KOCXIM01
581683927373,2,2,2,1,1,4,Ni,[H]C(NC1C([H])C([H])C([H])C([H])C1[H])C([H])C([H])NC1C([H])C([H])C([H])C([H])C1[,0.02,0.0224,False,KOLTIQ;KOLTIQ01
976908328321,2,2,2,2,1,5,Cu,N=C=O;[H]C1NC(C2NC([H])C([H])C([H])C2[H])C([H])C([H])C1[H];[H]C1NC(C2NC([H])C([H,0.02,1.5701,False,KOYTEX;NIDSIC
385762076276,4,4,4,2,2,4,Pt,N=C=S;[H]C1NC(C2NC(C3NC([H])C([H])C([H])C3[H])C([H])C([H])C2[H])C([H])C([H])C1[H,0.02,8.53,False,KUPGIM;KUPGIM01;SAYWAU;SAYWIC
106993819029,2,2,2,1,1,6,Mn,[H]C(=NC([H])([H])C([H])([H])C([H])([H])N([H])C([H])([H])C([H])([H])N([H])C([H]),0.02,0.02,True,KUXBOY;KUXBOY01
457140082891,2,2,2,1,1,4,Pd,[H]C1C(C([H])([H])[H])C([H])C(C([H])([H])[H])C(NC(=O)C(=O)O)C1C([H])([H])[H];[H],0.02,0.0224,False,KUZCIT;KUZCIT01
297239290783,2,2,2,2,1,5,Fe,N#N;[H]C([H])([H])C([H])([H])P(C([H])([H])C([H])([H])[H])C([H])([H])C([H])([H])P,0.02,3.9001,True,LAHHOR;LAHHOR01
473912498264,2,2,2,1,1,5,V,O;O;[H]C(=NN=C(O)C1C([H])C([H])N([H])C([H])C1[H])C1C([H])C([H])C([H])C([H])C1O,0.02,0.0283,True,LAMLES;LAMLES01
429940611056,3,3,3,1,1,4,Cu,[H]C1C([H])C([H])C(P(C2C([H])C([H])C([H])C([H])C2[H])C2C([H])C([H])C([H])C([H])C,0.02,1.6001,False,LARQIG;LOHDIY;YAYDEK
568517665744,2,2,2,1,1,4,Cu,[H]C1C([H])C([H])C(P(C2C([H])C([H])C([H])C([H])C2[H])C2C([H])C([H])C([H])C([H])C,0.02,0.0361,False,LARQOM;LUBYOZ
558947134318,2,2,2,1,1,4,Pt,[H]C1NC([H])C(C([H])([H])N(C(S)S)C([H])([H])C2C([H])C([H])C([H])C([H])C2[H])C([H,0.02,0.0283,False,LASPIH;LASPIH01
770769672095,2,2,2,1,1,6,Cu,O=[N+]([O-])O;O=[N+]([O-])O;[H]C1NC(N([H])C2NC([H])C([H])C([H])C2[H])C([H])C([H],0.02,0.102,False,LATTIJ;LATTIJ01
226082468671,2,2,2,1,1,4,Pd,I;I;[H]C1C([H])C(N#C)C([H])C([H])C1Cl;[H]C1C([H])C(N#C)C([H])C([H])C1Cl,0.02,0.0283,False,LEYZOH;UHIMIK
269690453699,3,3,2,1,1,4,Pd,I;I;[H]C1C([H])C(N#C)C([H])C([H])C1Br;[H]C1C([H])C(N#C)C([H])C([H])C1Br,0.02,0.0283,False,LEYZUN;TOWZEN;UHIMOQ
119181356757,2,2,2,1,1,4,Ni,[H]O[PH](S)(S)C1C([H])C([H])C(OC([H])([H])[H])C([H])C1[H];[H]O[PH](S)(S)C1C([H]),0.02,0.0224,False,LIGFAJ;XIXTON
600384640992,2,2,2,1,1,4,Ni,[H]C(=NC1C([H])C([H])C([H])C(C([H])([H])[H])C1[H])C1C(O)C([H])C([H])C2C([H])C([H,0.02,0.0224,False,LIHQIE;LIHQIE01
633294589228,4,4,4,1,1,6,Ni,N=C=S;N=C=S;[H]C1NC([H])C(C(=O)N([H])[H])C([H])C1[H];[H]C1NC([H])C(C(=O)N([H])[H,0.02,0.4601,False,LIVFUU;LIVGAB;LIVHEG;LIVHIK
388339589868,2,2,2,1,1,4,Co,[H]C1C([H])C([H])C([PH]([SeH])(N[PH]([SeH])(C2C([H])C([H])C([H])C([H])C2[H])C2C(,0.02,0.1118,False,LIXSIU;LIXSIU01
1277273719,2,2,2,1,1,4,Zn,[H]C(=NC1C([H])C([H])C([H])C([H])C1S)C([H])=C([H])C1C([H])C([H])C([H])C([H])C1[H,0.02,0.0283,False,LIYFEG;LIYFEG01
825980853560,2,2,2,1,1,6,Ni,Cl;Cl;[H]c1nc([H])n(C([H])([H])C2C([H])C([H])C([H])C([H])C2[H])c1[H];[H]c1nc([H],0.02,0.3705,False,LORZOI;LORZOI01
939624601647,2,2,2,1,1,4,Ni,[H]C(=NC([H])([H])C(C([H])([H])[H])(C([H])([H])[H])C([H])([H])N=C([H])C1C([H])C(,0.02,0.02,False,LOSBEB;PONZOK
497011306682,2,2,2,2,1,4,Zn,Cl;Cl;Cl;[H]C1=C(C([H])([H])C([H])(C(=O)O)N([H])([H])[H])N([H])C([H])=N1[H],0.02,0.2209,True,LOZWUV;ZAXBIJ
514222744972,2,2,2,1,1,6,Fe,[H]C1NC([H])C([H])C([H])C1[H];[H]C1NC([H])C([H])C([H])C1[H];[H]c1c([H])c([H])c2c,0.02,0.6003,False,LUWPAU;LUWPAU01
881444122258,2,2,2,1,1,4,Cu,[H]C(=NC([H])(C1C([H])C([H])C([H])C2C([H])C([H])C([H])C([H])C21)C([H])([H])[H])C,0.02,0.02,False,MAJTOJ;MAJTUP
400559790051,9,9,6,2,2,4,Pt,[H]N=C(N([H])C(=N[H])C([H])([H])[H])C([H])([H])[H];[H]N=C(N([H])C(=N[H])C([H])([,0.02,8.77,False,MAMXOR;MANBIQ;MANBOW;MANCAJ;MANHUI;MANJAQ
218509938121,2,2,2,1,1,4,Pt,[H]C([H])[H];[H]C1C([H])C([H])C(P(C2C([H])C([H])C([H])C([H])C2[H])C2C([H])C([H]),0.02,0.0632,False,MANFUF;MANFUF01
190043866274,2,2,2,1,1,4,Cd,Cl;Cl;[H]c1c([H])n(C([H])([H])[H])c(=S)n1[H];[H]c1c([H])n(C([H])([H])[H])c(=S)n1,0.02,0.0224,False,MAPJET;MAPJET01
407522548779,2,2,2,1,1,4,Pd,Cl;[H]C(=NC([H])([H])C([H])([H])C1NC([H])C([H])C([H])C1[H])c1sc(C([H])([H])[H])c,0.02,0.0283,False,MAQVUY;MAQVUY01
196904380217,3,3,3,1,1,4,Zn,[H]C(=NC([H])(C1C([H])C([H])C([H])C([H])C1[H])C([H])([H])[H])C1C([H])C(Cl)C([H]),0.02,0.0707,True,MASTEJ;METTAG;METTAG01
395427382096,2,2,2,1,1,4,Ni,[H]C(=NN=C(S)N([H])C1C([H])C([H])C([H])C([H])C1[H])C1C([H])C([H])C([H])C([H])C1O,0.02,0.0447,False,MASWOU;QUZYAM
489154602897,2,2,2,1,1,4,Ni,[H]C1C([H])C([H])C(P(C2C([H])C([H])C([H])C([H])C2[H])C([H])([H])P(C2C([H])C([H]),0.02,0.0224,False,MATNEA;VIRNOZ
537758388710,2,2,2,2,1,4,Pd,Cl;Cl;[H]C1C([H])C([H])C(P(C2C([H])C([H])C([H])C([H])C2[H])C2C([H])C([H])C([H])C,0.02,1.8301,False,MEFYIH;PAGVEA
925646358473,3,3,3,1,1,4,Pt,[H]C1C([H])C([H])C(P(C2C([H])C([H])C([H])C([H])C2[H])C2C([H])C([H])C([H])C([H])C,0.02,0.0447,False,MEGZON01;WELVAK;WELVAK01
754765644207,2,2,2,1,1,5,V,O;[H]c1c([H])c([H])c2c3nc4nc(nc5[nH]c(nc6nc(nc([nH]3)c2c1[H])C1C([H])C([H])C([H],0.02,0.0447,True,MERJOL;VPHTHC
457822489544,2,2,2,1,1,6,Ru,C#O;C#O;I;I;[H]OC(=O)C1C([H])C([H])NC(C2NC([H])C([H])C(C(=O)O[H])C2[H])C1[H],0.02,1.3501,False,MEWSAI;UNEZIX
744986193999,2,2,2,1,1,4,Cu,Br;[H]C1C([H])C([H])C(P(C2C([H])C([H])C([H])C([H])C2[H])C2C([H])C([H])C([H])C([H,0.02,0.0447,False,MEXPEN;MEXPEN01
812143080587,2,2,2,1,1,4,Pd,Cl;Cl;[H]C1C([H])C([H])C2C(C1[H])C1([H])C3C([H])C([H])C([H])C([H])C3C2([H])C([H],0.02,0.02,False,MILWOT;MILWUZ
327886142440,2,2,2,2,1,5,Zn,[H]C([H])(c1nnn[nH]1)C([H])([H])N1C([H])([H])C([H])([H])C([H])([H])C1([H])C(=O)O,0.02,5.07,True,MIQVAL;MIQVEP
244697723534,2,2,2,1,1,4,Pt,C#N;[H]C1C([H])C([H])C(P(C2C([H])C([H])C([H])C([H])C2[H])C2C([H])C([H])C([H])C([,0.02,0.0224,False,MIRHIH;MIRVER
694410623077,2,2,2,1,1,4,Pt,Cl;[H]C([H])([H])S(=O)C([H])([H])[H];[H]C1NC(C2=CSC3C([H])C([H])C([H])C([H])C23),0.02,0.0283,False,MIRTOZ;MIRTUF
347464381944,6,6,5,1,1,6,Fe,[H]C1C(C([H])([H])[H])NN(C([H])(N2NC(C([H])([H])[H])C([H])C2C([H])([H])[H])N2NC(,0.02,1.53,False,MOFRAA;MOFREE;XEFDER;XEFDER02;XEFDER03;XEFDER04
691462669970,4,4,3,2,2,4,Cu,[H]C(C(O)C1C(F)C([H])C(F)C([H])C1F)C(O)C1C(F)C([H])C(F)C([H])C1F;[H]C(C(O)C1C(F),0.02,9.31,False,MOLGAX;MOLGEB;MOLGIF;MOLGOL
873390965246,4,4,4,2,2,4,Cu,[H]C(C(O)C1C(F)C(F)C([H])C(F)C1F)C(O)C1C(F)C(F)C([H])C(F)C1F;[H]C(C(O)C1C(F)C(F),0.02,7.97,False,MOLHAY;MOLHEC;MOLHOM;MOLHUS
855628316228,2,2,2,2,1,6,Re,C#N;C#N;C#N;C#N;N;[H]c1nc([H])n(C([H])([H])[H])c1[H],0.02,0.0539,True,MOTDIL;MOTFAF
551636566849,30,30,12,1,1,4,Zn,[H]C(C(=O)C1C([H])C([H])C([H])C([H])C1[H])=C(S)SC([H])([H])[H];[H]C(C(=O)C1C([H],0.02,0.0728,False,MOZGIU;MOZGIU01;MOZGIU02;MOZGIU03;MOZGIU04;MOZGIU05
80443042470,2,2,2,1,1,4,Zn,C#N;C#N;[H]C1C([H])C2C([H])C([H])C(C([H])([H])[H])NC2C2NC(C([H])([H])[H])C([H])C,0.02,0.3506,False,MPEZNC;MPLZNC
181478054918,5,5,4,1,1,4,Cu,[H]C(=NC([H])([H])[H])C1C([H])C([H])C([H])C([H])C1O;[H]C(=NC([H])([H])[H])C1C([H,0.02,0.0447,False,MSACOP;MSACOP08;MSACOP09;MSACOP10;TNBMSC
651425753902,3,3,2,1,1,4,Cu,[H]N1C([H])([H])C([H])([H])N([H])C(C([H])([H])[H])(C([H])([H])[H])C([H])([H])C([,0.02,0.0283,False,MUBWIQ;RUFTAQ;WABHAK
293039890151,2,2,2,1,1,6,Ni,[H]C1NC([H])C([H])C([H])C1[H];[H]C1NC([H])C([H])C([H])C1[H];[H]O[H];[H]O[H];[H]O,0.02,0.3705,False,MUKWEU;QUXLOL
339011453182,2,2,2,1,1,4,Pt,Cl;[H]C([H])[H];[H]C1NC(c2nnc(C3NC([H])C([H])C([H])C3[H])n2C2NC([H])C([H])C([H]),0.02,0.1513,False,NEMMAX;NEMMAX01
829319860445,4,4,3,1,1,4,Ni,[H]C1C([H])C(P(=O)(S)S)C([H])C([H])C1OC([H])([H])[H];[H]C1C([H])C(P(=O)(S)S)C([H,0.02,0.0361,False,NIBKOZ;NIBKUF;PEKXOV;TOSNUM
297972575208,2,2,2,2,2,4,Ni,[H]C1C([H])C([H])C(NNC(S)N(C([H])([H])C([H])([H])[H])C([H])([H])C([H])([H])[H])C,0.02,0.0447,True,NIEPZF;NIEPZF01
36708259458,6,6,5,2,1,6,Ni,[H]C1NC(C(=O)O)C([H])C([H])C1[H];[H]C1NC(C(=O)O)C([H])C([H])C1[H];[H]O[H];[H]O[H,0.02,1.81,False,NIPICL10;NIPICL13;NIPICL15;NIPICL16;NIPICL17;NIPICL18
633690399670,3,3,3,1,1,6,Cu,FB(F)(F)F;FB(F)(F)F;[H]C1=NC2C([H])C([H])C([H])C([H])C2C2C([H])C([H])C([H])C([H],0.02,0.2209,False,NIVGUU;NIVGUU01;NIVGUU02
634538329355,2,2,2,1,1,6,Ta,Cl;Cl;Cl;[H]C([H])([H])N(C([H])([H])[H])C([H])([H])C([H])([H])N(C([H])([H])[H])C,0.02,1.7201,False,NULMUC;NULMUC01
48544950537,5,5,5,2,2,4,Pt,Cl;[H]C1C([H])C([H])C(P(C2C([H])C([H])C([H])C([H])C2[H])C2C([H])C([H])C([H])C([H,0.02,9.23,False,NUQTAW;NUQTEA;NUQTIE;NUQTOK;NUQTUQ
540614630003,3,3,3,2,1,6,Ni,N=C=S;N=C=S;[H]C1NC2C3NC([H])C([H])C([H])C3C([H])C([H])C2C([H])C1[H];[H]C1NC2C3N,0.02,3.4701,True,NUSFOW;NUSFOW01;NUSFOW02
109162061262,2,2,2,2,1,5,V,O;[H]ON=C([H])C1C([H])C([H])C([H])C([H])C1O;[H]ON=C([H])C1C([H])C([H])C([H])C([H,0.02,0.0224,True,OBOZUB;SUGVOI
118161499103,2,2,2,2,2,5,V,O;O;[H]C(=NC([H])([H])C([H])([H])N(C([H])([H])[H])C([H])([H])[H])C1C([H])C([H])C,0.02,5.63,True,OCABIE;OCABIE01
208512068758,2,2,2,1,1,5,Fe,Cl;Cl;[H]C1C([H])C(C([H])([H])N(C([H])([H])[H])C([H])([H])[H])NC(C([H])([H])N(C(,0.02,0.0361,False,OCUJOL;OCUJOL01
304955506483,3,3,3,1,1,4,Pt,[H]N([H])C([H])([H])C([H])([H])N([H])[H];[H]N([H])C([H])([H])C([H])([H])N([H])[H,0.02,0.0283,False,OGOYES;ZZZEDM02;ZZZEDM03
226039226512,3,3,3,1,1,4,Cu,Cl;Cl;[H]N=C(C1C([H])C([H])C([H])C([H])C1[H])C1C([H])C([H])C([H])C([H])C1[H];[H],0.02,0.0283,False,OJIGOG;OJIGOG01;QUBPUC
562229345227,2,2,2,1,1,4,Pt,[H]C1NC(N([H])C2NC([H])C([H])C([H])C2[H])C([H])C([H])C1[H];[H]C1NC(N([H])C2NC([H,0.02,0.0224,False,OQEKOL;ZEPTEV
208011781202,4,4,4,2,2,4,Ni,[H]C([H])([H])C1([H])SC(S)=C(S)SC1([H])C([H])([H])[H];[H]C([H])([H])C1([H])SC(S),0.02,8.92,False,OQILUX;UNUBUD;UNUCAK;UNUDAL
647924717185,2,2,2,2,2,4,Cu,[H]C1=C([H])c2nc1c(C1C([H])C([H])C(OC([H])([H])[H])C([H])C1[H])c1[nH]c(c([H])c1[,0.02,8.6,False,OROKAI;OROKAI01
830512932450,5,5,4,2,2,4,Pt,Cl;[H]C1NC(C2CC(C3NC([H])C(C(F)(F)F)C([H])C3[H])C([H])C([H])C2[H])C([H])C([H])C1,0.02,8.41,False,OVERUD;OVERUD01;OVERUD02;OVERUD03;OVERUD04
419814264181,2,2,2,2,1,4,Zn,[H]C1C([H])C(OC([H])([H])[H])C([H])C(S)C1S;[H]C1C([H])C(OC([H])([H])[H])C([H])C(,0.02,3.8301,False,PAGFAI;PAGFEM
221277120367,2,2,2,2,1,4,Cu,[H]C1C([H])C([H])C(C(O)NC(S)N(C2C([H])C([H])C([H])C([H])C2[H])C2C([H])C([H])C([H,0.02,0.0632,False,PAGWUQ;PAGWUQ01
46902212832,2,2,2,2,1,5,Cu,[H]C1NC([H])C(N([H])C2NC(N([H])C3NC(N([H])C4NC(N([H])C5NC([H])C([H])NC5[H])C([H],0.02,4.5,True,PAJDEO;PAJDOY
154702793154,4,4,4,1,1,6,Mn,[H]c1nc([H])n(C([H])([H])[H])c1[H];[H]c1nc([H])n(C([H])([H])[H])c1[H];[H]c1nc([H,0.02,0.19,False,PAJKUJ;WEPLAF;YARNUA;YERZUR
208645345290,2,2,2,2,2,4,Pd,Cl;[H]C1=C([H])N(C([H])([H])C2NC([H])C([H])C([H])C2[H])CN1C([H])([H])C1NC([H])C(,0.02,8.45,False,PALKEU;PALKEU01
557984302857,2,2,2,1,1,4,Cu,Cl;Cl;[H]C1NC(C([H])([H])N([H])C2C([H])C([H])C([H])C([H])C2[H])C([H])C([H])C1[H],0.02,0.0728,False,PANFAN;PANFAN01
78025575649,2,2,2,2,1,4,Pd,Cl;Cl;[H]C1C([H])C([H])C(P2C3([H])C(C([H])([H])[H])=C(C([H])([H])[H])C2([H])C([H,0.02,0.1217,False,PAQBIS;PAQBOY
567954819267,2,2,2,1,1,4,Ni,[H]C1C([H])C([H])C(C(=NC([H])([H])C([H])([H])C([H])([H])N=C(C2C([H])C([H])C([H]),0.02,0.1612,False,PAQFEV;PAQFIZ
625287610113,2,2,2,1,1,4,Pd,[H]C1C([H])C([H])C(O)C([H])C1[H];[H]C1C([H])C([H])C(O)C([H])C1[H];[H]N1C([H])([H,0.02,0.0361,False,PASRUW;PASSAD
370310290392,2,2,2,2,1,6,Mn,[H]C1NC(C(=NN=C(O)C2C([H])C([H])C([H])C([H])C2[H])C([H])([H])[H])C([H])C([H])C1[,0.02,0.102,True,PATWUD;PATWUD01
575334455014,2,2,2,1,1,6,Zn,[H]C1NC(C(=NN=C(O)C2C([H])C([H])C([H])C([H])C2[H])C([H])([H])[H])C([H])C([H])C1[,0.02,1.4901,False,PATXAK;PATXAK01
176442758272,2,2,2,1,1,5,V,O;[H]C([H])(O)C([H])([H])N(C([H])([H])C([H])([H])O)C([H])([H])C([H])([H])O,0.02,0.0283,False,PEDKUE01;PEDKUE02
865693152484,2,2,2,1,1,4,Zn,[H]C([H])([H])[Si](N[Si](C([H])([H])[H])(C([H])([H])[H])C([H])([H])[H])(C([H])([,0.02,0.0539,False,PETHUU;PETJEG
284948145019,2,2,2,1,1,4,Cu,[H]C(=NC1C([H])C([H])C([H])C([H])C1[H])C1C(O)C([H])C([H])C2C([H])C([H])C([H])C([,0.02,0.0361,False,PHNPCV;PHNPCV01
183035142738,3,3,3,1,1,6,Cu,[H]C1C([H])C(OC([H])([H])C(=O)O)C([H])C([H])C1Cl;[H]C1C([H])C(OC([H])([H])C(=O)O,0.02,0.23,False,PHXCUA;PHXCUA01;PHXCUA02
23409038526,2,2,2,2,1,6,Re,[H]C1C([H])C([H])C(C(=S)SS)C([H])C1[H];[H]C1C([H])C([H])C(C(=S)SS)C([H])C1[H];[H,0.02,2.0501,False,PITQOY01;PITQOY02
85403390985,3,3,2,2,1,4,Fe,C#O;[H]N(C([H])([H])C([H])([H])P(C([H])(C([H])([H])[H])C([H])([H])[H])C([H])(C([,0.02,0.0224,False,PIXMEQ;PIXMEQ02;QENCAR01
589015611611,2,2,2,1,1,4,Hg,Cl;Cl;[H]C1NC(N([H])C2NC([H])C([H])C([H])C2[H])C([H])C([H])C1[H],0.02,0.02,False,POMKAE;POMKAE01
939694641868,2,2,2,1,1,4,Co,Br;Br;[H]C(=NC([H])([H])C([H])([H])C([H])([H])N=C([H])C([H])=C([H])C1C([H])C([H],0.02,0.0361,False,POMQUE;POMQUE01
72673733063,2,2,2,1,1,6,Os,O;O;[H]C([H])(C(=O)O)C(=O)O;[H]C([H])(C(=O)O)C(=O)O,0.02,0.3506,False,PUBFOH;PUBFOH01
729683283708,2,2,2,2,1,6,Fe,N=C=[Se];N=C=[Se];[H]C1NC(C([H])([H])N([H])[H])C([H])C([H])C1[H];[H]C1NC(C([H])(,0.02,0.1315,False,PUFYAU;PUFYAU01
411471852214,2,2,2,1,1,6,Ni,[H]ON=C(C([H])([H])[H])C([H])([H])C(=O)O;[H]ON=C(C([H])([H])[H])C([H])([H])C(=O),0.02,0.1513,False,PUHLAG;PUHLAG01
787214983650,2,2,2,1,1,4,Mn,Br;Br;[H]C1C([H])C([H])C(P(=O)(C2C([H])C([H])C([H])C([H])C2[H])C2C([H])C([H])C3C,0.02,0.102,False,PUJKEO;PUJKIS
477973299674,3,3,3,1,1,4,V,[H]C1C(C([H])([H])[H])CC(C([H])([H])[H])C([H])C1C([H])([H])[H];[H]C1C(C([H])([H],0.02,2.8301,False,PUXFAQ;PUXFOE;TMESYV
920009947132,3,3,3,1,1,4,Pd,O=c1c(S)c(S)c1=O;O=c1c(S)c(S)c1=O,0.02,0.0224,False,QACGIK;QACGOQ;QACHEH
113915400524,2,2,2,2,2,4,Cu,[H]C1C([H])C([H])C(S)C(S)C1[H];[H]C1C([H])C([H])C(S)C(S)C1[H],0.02,8.89,False,QAKWOP;QOXKEV
525040653339,2,2,2,1,1,4,Fe,Cl;Cl;[H]C([H])([H])C1=C(C([H])([H])[H])N(C([H])(C([H])([H])[H])C([H])([H])[H])C,0.02,0.0728,False,QAYBAT;QAYBAT01
599609826758,2,2,2,1,1,4,Ni,[H]C(=NC([H])([H])C(N=C([H])C1C([H])C([H])C([H])C([H])C1O)(C([H])([H])[H])C([H]),0.02,0.0224,False,QEFWON;QEFWON01
256412103462,2,2,2,1,1,4,Pd,Cl;[H]C1C([H])C([H])C(P2C3([H])C(C([H])([H])[H])=C(C([H])([H])[H])C2([H])C([H])(,0.02,0.02,False,QELVAE;QELVEI
919068865605,2,2,2,1,1,6,Ni,[H]N([H])C([H])([H])C(C([H])([H])[H])(C([H])([H])N([H])[H])C([H])([H])N([H])[H];,0.02,0.3007,False,QEQCIZ;QEQCOF
206196660909,2,2,2,2,1,6,Mn,N=C=S;[H]C1C([H])C([H])C(C(=NC([H])([H])C([H])([H])N=C(C2C([H])C([H])C([H])C([H],0.02,3.2101,False,QETSEO;QETSEO01
124470423020,2,2,2,1,1,4,Ru,O;O;O;O,0.02,0.0632,False,QIFXOV;QIGMOL
937764393860,2,2,2,1,1,4,Ag,N#C[SeH];N#C[SeH];N#C[SeH];N#C[SeH],0.02,0.201,False,QIJLEE;QIJLEE01
273375156018,2,2,2,1,1,4,Co,[H]C(=NC([H])(C1C([H])C([H])C(Cl)C([H])C1[H])C([H])([H])[H])C1C([H])C([H])C([H]),0.02,0.0224,True,QIJTAH;QIJTEL
674122216125,2,2,2,1,1,6,Ni,[H]c1nn(C(n2nc([H])c([H])c2[H])(n2nc([H])c([H])c2[H])C([H])([H])OC([H])([H])[H]),0.02,0.0632,False,QINSEN;QIPCUP
888150744410,2,2,2,1,1,4,Zn,Cl;Cl;[H]C(=NC1C([H])C([H])C(C([H])([H])[H])C([H])C1[H])C1NC([H])C([H])C([H])C1[,0.02,0.0283,False,QIRKAF;QIRKAF01
114335815755,2,2,2,2,1,6,Ti,Cl;Cl;[H]C(=NC1C([H])C([H])C([H])C([H])C1[H])c1[nH]c([H])c([H])c1[H];[H]C(=NC1C(,0.02,3.1601,False,QIWWOI;QIWWOI02
401202884904,2,2,2,1,1,6,Co,[H]c1nn(C([H])(C2NC([H])C([H])C([H])C2[H])n2nc([H])c([H])c2[H])c([H])c1[H];[H]c1,0.02,0.191,False,QIZJIU;QIZJUG
232623810203,2,2,2,2,2,5,Cu,[H]C1C([H])C([H])C(C(=O)O)C([H])C1[H];[H]C1C([H])C([H])C(C(=O)O)C([H])C1[H];[H]C,0.02,2.9101,True,QOBQED01;QOBQED02
354647737710,3,3,3,1,1,4,Zn,Cl;Cl;[H]C(=NC1C([H])C([H])C(OC([H])([H])[H])C([H])C1[H])C1NC([H])C([H])C([H])C1,0.02,0.03,False,QODLAZ;QODLAZ01;QODLAZ02
566125572828,2,2,2,1,1,4,Zn,[H]C1=NC(=C(c2[nH]c([H])c([H])c2[H])C2C([H])C([H])NC([H])C2[H])C([H])=C1[H];[H]C,0.02,0.0224,False,QOTBIL;XIWTUU
801697859013,2,2,2,1,1,4,Ni,[H]C1C([H])C([H])C(P(C2C([H])C([H])C([H])C([H])C2[H])C([H])([H])[H])C([H])C1[H];,0.02,0.0539,False,QOVXAA;QOVXAA01
491618970708,2,2,2,1,1,4,Zn,Br;Br;[H]C1NC(C([H])([H])N([H])C([H])(C2C([H])C([H])C([H])C([H])C2[H])C([H])([H],0.02,0.0283,False,QOYHUK;QOYJAS
251023777342,2,2,2,2,2,4,Rh,C#O;[H]C1C([H])C([H])C(OP(OC2C([H])C([H])C([H])C([H])C2[H])OC2C([H])C([H])C([H]),0.02,8.77,False,QUNCAD;QUNCEH
285410383283,3,3,3,1,1,4,Zn,N=C=S;N=C=S;[H]C1NC([H])C([H])C(C(C([H])([H])[H])(C([H])([H])[H])C([H])([H])[H]),0.02,0.0224,False,QUNHUE;QUNHUE03;QUNHUE04
953085906904,3,3,3,1,1,4,Pd,I;I;[H]C1NC([H])C([H])C([H])C1[H];[H]C1NC([H])C([H])C([H])C1[H],0.02,0.0283,False,QURNIA;QURNIA01;QURNIA02
719389446371,2,2,2,2,1,6,Mn,N=C=S;N=C=S;[H]C1NC(C(=NC([H])([H])C([H])([H])N=C(C2NC([H])C([H])C([H])C2[H])C([,0.02,4.02,False,QUXLAX;QUXLAX01
34556533881,5,5,5,2,1,4,Cu,[H]C1C([H])C([H])C(P(C2C([H])C([H])C([H])C([H])C2[H])C2C([H])C([H])C([H])C([H])C,0.02,5.13,False,RACCIL;RACCIL01;RACCIL02;RACCIL03;RACCIL04
705380442587,2,2,2,1,1,4,Cu,[H]C(=NC1C([H])C([H])C(OC2C([H])C([H])C([H])C([H])C2[H])C([H])C1[H])C1C([H])C([H,0.02,0.0825,False,RAGWEE;RAGWEE01
322703497471,2,2,2,1,1,4,Pd,[H]C1C([H])C([H])C(P(C2C([H])C([H])C([H])C([H])C2[H])C2C([H])C([H])C([H])C([H])C,0.02,0.02,False,RAJYIM;RAJYOS
73056439443,2,2,2,1,1,4,Ni,[H]C1NC(C([H])([H])N2CN(C([H])([H])N3CN(C([H])([H])C4NC([H])C([H])C([H])C4[H])C4,0.02,0.0447,False,RARBOF;RARBUL
427187274205,2,2,2,2,1,5,Cu,Cl;Cl;[H]OC(OC([H])([H])[H])(C1NC2C([H])C([H])C([H])C([H])C2C([H])C1[H])C1NC2C([,0.02,0.5304,True,REJZEO;REJZEO01
674987520390,2,2,2,1,1,4,Cu,[H]C(=NC([H])([H])C(N=C([H])C1C([H])C([H])C([H])C([H])C1O)(C([H])([H])[H])C([H]),0.02,0.0447,False,REMNEC;REMNEC02
541648173723,3,3,3,2,2,4,Cu,[H]C(=NC([H])([H])C([H])([H])C([H])([H])C([H])([H])N=C([H])C1C([H])C([H])C([H])C,0.02,6.85,False,RERZET;RERZET01;RERZET02
103534389126,2,2,2,1,1,5,Cu,O=S(=O)(O)O;[H]OC1C([H])C(C2NC([H])C([H])C([H])C2[H])NC(C2NC([H])C([H])C([H])C2[,0.02,0.0447,True,REZMIT;REZMIT01
189401464293,2,2,2,1,1,4,Cu,Cl;Cl;[H]C1NC(I)C([H])C([H])C1Cl;[H]C1NC(I)C([H])C([H])C1Cl,0.02,0.0361,False,REZPUL;REZPUL01
125233166873,2,2,2,2,2,4,Pt,Cl;Cl;[H]N([H])C1([H])C([H])([H])C([H])([H])C([H])([H])C([H])([H])C1([H])[H];[H],0.02,8.25,False,RINNEH;RINNIL
345585657275,2,2,2,2,1,4,Cu,[H]C1C([H])C([H])C(P(C2C([H])C([H])C([H])C([H])C2[H])C([H])([H])C([H])([H])C([H],0.02,3.4101,False,RISLEM;TIQXAV
59968007183,2,2,2,1,1,4,Pd,Cl;Cl;[H]c1c(C([H])([H])[H])c(C([H])([H])[H])c(-c2c(C([H])([H])[H])c(C([H])([H]),0.02,0.0539,False,RIVVAT;RIVWOT
527951316808,2,2,2,2,2,4,Pt,[H]C1CC(C2NC([H])C([H])C([H])C2[H])C([H])C([H])C1[H];[H]c1c([H])c(C(O)C([H])C(O),0.02,9.13,False,ROGTOA;ROGTUG
37046092536,2,2,2,1,1,4,Fe,[H]C1=C([H])N(B(C2C([H])C([H])C([H])C([H])C2[H])(N2CN(C3C(C([H])([H])[H])C([H])C,0.02,0.0224,False,ROKHAC;ROKHEG
352905909160,3,3,3,1,1,6,Zn,[H]C1C(C([H])([H])[H])NN(B([H])(N2NC(C([H])([H])[H])C([H])C2C([H])([H])[H])N2NC(,0.02,0.9602,False,RUGVIY;YIXSIH;YIXSIH01
940592318649,2,2,2,1,1,4,Pd,I;I;[H]C1NC(C2NC([H])C([H])C([H])C2[H])C([H])C([H])C1[H],0.02,0.0361,False,RUGWIA;RUGWIA01
498753132317,2,2,2,2,1,6,Re,Cl;Cl;Cl;[H]C1C([H])C([H])C(P(C2C([H])C([H])C([H])C([H])C2[H])C2C([H])C([H])C([H,0.02,3.2901,False,RUSPOL;RUSPOL01
851774556845,2,2,2,1,1,4,Cu,[H]C1C([H])C([H])C(P(C2C([H])C([H])C([H])C([H])C2[H])C2C([H])C([H])C([H])C([H])C,0.02,0.4504,False,RUVBIW;VAWDAZ
253639708757,2,2,2,2,2,4,Cu,[H]C1C([H])C([H])C2NC(S)C(S)NC2C1[H];[H]C1C([H])C([H])C2NC(S)C(S)NC2C1[H],0.02,8.15,False,RUVGIY;WIYCIQ
445468673214,2,2,2,1,1,6,Cu,Br;Br;Br;Br;[H]C1NC(N([H])[H])N([H])C([H])C1[H];[H]C1NC(N([H])[H])N([H])C([H])C1,0.02,0.4804,False,RUVJOH;RUVJOH01
51863660201,2,2,2,1,1,5,Pt,C#N;C#N;C#N;C#N;C#N,0.02,0.0224,True,SABVAT;SABVEX
216771246852,2,2,2,1,1,4,Au,Br;Br;[H]C1NC([H])C(C([H])([H])[H])C([H])C1C([H])([H])[H];[H]C1NC([H])C(C([H])([,0.02,0.0283,False,SAHMAU;SAHMAU01
692095850227,2,2,2,2,1,6,V,[H]C1C(SC2C([H])C(C(C([H])([H])[H])(C([H])([H])[H])C([H])([H])[H])C([H])C(C(C([H,0.02,3.2301,False,SAHQEY;SAHQEY01
217757473974,2,2,2,1,1,4,Ni,[H]N=C([H])C1C([H])C([H])C([H])C([H])C1O;[H]N=C([H])C1C([H])C([H])C([H])C([H])C1,0.02,0.0224,False,SALONI01;SALONI03
643636731187,2,2,2,2,2,4,Au,Cl;Cl;Cl;[H]C1NC2C(C([H])C1[H])C([H])C([H])C1NC([H])C([H])C([H])C12,0.02,8.5,False,SASREM;SASREM01
878599344359,3,3,3,2,1,6,Fe,[H]c1nc(-c2nc([H])c([H])n2[H])n([H])c1[H];[H]c1nc(-c2nc([H])c([H])n2[H])n([H])c1,0.02,1.52,False,SEGWOS;SEGXUZ;ZIMMAJ
471520117126,3,3,3,2,1,6,Zn,[H]C1NC(C([H])([H])[H])C([H])NC1C(=O)O;[H]C1NC(C([H])([H])[H])C([H])NC1C(=O)O;[H,0.02,1.2202,False,SEZVID;SEZVID01;SEZVID02
205892559082,2,2,2,2,1,5,Cu,Cl;Cl;[H]C(=NC1([H])C([H])([H])C([H])([H])C([H])([H])C([H])([H])C1([H])N([H])[H],0.02,1.5601,True,SIZCIO;ZAMCIZ
844285633496,6,6,6,1,1,4,Pd,I;I;[H]C1([H])SC([H])([H])C([H])([H])SC([H])([H])C([H])([H])SC1([H])[H],0.02,0.09,False,SOGFOL;SOGFOL01;SOGFOL02;SOGFOL03;SOGFOL04;SOGFOL07
156079760645,2,2,2,1,1,5,Cu,[H]C([H])([H])C([H])(C(=O)O)C(=O)O;[H]C([H])([H])C([H])(C(=O)O)C(=O)O;[H]O[H],0.02,0.0539,False,SOLCOM;SOLCOM01
291964318428,2,2,2,1,1,4,Pt,[H]C([H])([H])C([H])([H])C([H])([H])C([H])([H])P(C([H])([H])C([H])([H])C([H])([H,0.02,0.0283,False,SOYQAY;SOYQAY01
59144344337,2,2,2,1,1,4,Cu,[H]C(=NC([H])(C1C([H])C([H])C(OC([H])([H])[H])C([H])C1[H])C([H])([H])[H])C1C([H],0.02,0.0224,False,SUGYUQ;SUHNAM
843548279233,2,2,2,1,1,6,Cr,[H]C1C([H])C2C([H])C(OC([H])([H])[H])C([H])C([H])C2C([H])C1C#C;[H]C1C([H])C2C([H,0.02,0.3306,False,SUMLET;SUMLIX
748348818835,4,4,4,1,1,4,Co,[H]C(=NC([H])(C([H])([H])[H])C([H])([H])[H])C1C([H])C([H])C([H])C([H])C1O;[H]C(=,0.02,0.0728,False,SUZPAG;TEJZOX;TEJZOX01;TEJZOX02
208685035271,2,2,2,2,2,5,Ni,[H]C1C([H])C([H])C(C2NN(B([H])(N3NC(C4C([H])C([H])C([H])C([H])C4[H])C(C#N)C3[H]),0.02,4.63,False,TACFOV;TACFUB
191450627768,3,3,2,2,2,4,Ni,[H]C1([H])SC(S)=C(S)SC([H])([H])C1([H])[H];[H]C1([H])SC(S)=C(S)SC([H])([H])C1([H,0.02,8.79,False,TAKXIM;TAKXIM01;YOWBOB
222824945792,2,2,2,1,1,6,Ru,Cl;Cl;Cl;N=O;[H]C1C([H])C([H])C(P(C2C([H])C([H])C([H])C([H])C2[H])C2C([H])C([H]),0.02,0.0224,False,TCNTRU;TCNTRU01
721199921571,2,2,2,2,2,6,Ru,C#O;[H]C([H])([H])C([H])([H])N(N=O)C([H])([H])C([H])([H])[H];[H]c1c2nc(c([H])c3[,0.02,2.6701,False,TEMFAS;TEMFAS01
886228500225,2,2,2,2,2,6,Cr,[H]c1nc(-c2nc([H])c([H])n2[H])n([H])c1[H];[H]c1nc(-c2nc([H])c([H])n2[H])n([H])c1,0.02,6.09,True,TESTAN;TESTAN01
820354816441,2,2,2,1,1,4,Zn,Cl;Cl;Cl;[H]C([H])([H])P(=O)(C([H])([H])[H])C([H])([H])N([H])([H])[H],0.02,0.5004,False,TEVPET01;TEVPET02
326372494791,6,6,6,2,1,6,Zn,[H]C1NC([H])C(C(=O)O)NC1[H];[H]C1NC([H])C(C(=O)O)NC1[H];[H]O[H];[H]O[H],0.02,1.69,False,TEWNEO;TEWNEO01;TEWNEO02;TEWNEO03;TEWNEO04;TEWNEO05
959131588314,2,2,2,1,1,6,Mn,[H]O;[H]O;[H]O[H];[H]O[H];[H]O[H];[H]O[H],0.02,0.5304,False,TIXKOB;TIXKUH
951693674002,3,3,3,1,1,4,Zn,Cl;Cl;[H]C([H])([H])N(C([H])([H])[H])C([H])([H])C([H])([H])N(C([H])([H])[H])C([H,0.02,0.0283,False,TMENZN01;TMENZN02;TMENZN03
848702023697,2,2,2,2,1,6,Cd,I;I;[H]C1C([H])C([H])C2OC([H])([H])C([H])([H])OC([H])([H])C([H])([H])OC([H])([H],0.02,1.4201,True,TORNIY;TORNOE
34683520506,2,2,2,1,1,4,Co,[H]C(=NC1C([H])C([H])C(C([H])([H])[H])C([H])C1[H])C1C([H])C([H])C([H])C([H])C1O;,0.02,0.02,False,TSALCP02;TSALCP03
448068681786,2,2,2,1,1,4,Co,N=C=S;N=C=S;[H]C1C([H])C([H])C(C2C([H])C(C([H])([H])[H])NC3C4NC(C([H])([H])[H])C,0.02,0.0361,False,TULFUE;TULFUE01
570820515687,3,3,2,1,1,4,Ni,[H]C([H])([H])C([H])(N1C(=S)N(C([H])(C([H])([H])[H])C([H])([H])[H])C(S)C1S)C([H],0.02,0.0283,False,TURMEY;YIMXAT;YIMXAT10
184230319423,2,2,2,1,1,4,Pt,[H]N([H])C([H])([H])[H];[H]N([H])C([H])([H])[H];[H]c1c(N([H])[H])nc(=O)n(C([H])(,0.02,0.02,False,TUWTOU;TUWTUA
501416133549,2,2,2,1,1,4,Ni,[H]C(=NC([H])([H])C([H])([H])N=C([H])C1C([H])C([H])C([H])C(OC([H])([H])[H])C1O)C,0.02,0.102,False,TUZDOK;ULAMIE
334954135695,2,2,2,1,1,5,Cu,Cl;Cl;[H]c1sc(N([H])C([H])([H])c2nc(C([H])([H])[H])sc2[H])nc1C(=O)OC([H])([H])C(,0.02,0.02,True,UCACOU;UCACOU01
940472536394,2,2,2,2,2,4,Cu,[H]C1NC([H])C([H])C([H])C1[H];[H]OC1C([H])C([H])C([H])C([H])C1C(O)=NN=C([H])C1C(,0.02,4.8,True,UDAJUF;UDAJUF02
597827422734,3,3,3,1,1,6,Zn,[H]N([H])C(=O)N([H])[H];[H]N([H])C(=O)N([H])[H];[H]N([H])C(=O)N([H])[H];[H]N([H],0.02,2.74,False,UREAZN;UREAZN01;UREAZN02
264340625668,2,2,2,2,2,6,Mo,O;O;[H]C(=NC1NC([H])C([H])C([H])C1O)C1C([H])C([H])C([H])C(OC([H])([H])[H])C1O;[H,0.02,0.4305,True,USAZEU;USAZIY
530687281134,2,2,2,1,1,4,Pd,Cl;[H]C1NC(C2NC(C3NC([H])C([H])C([H])C3[H])C([H])C([H])C2[H])C([H])C([H])C1[H],0.02,0.0283,False,USOKUL;WORQIH
232827841030,2,2,2,1,1,4,Pd,Cl;[H]C1C([H])C(C([H])([H])[H])C(C([H])(N(C([H])([H])[H])C([H])([H])[H])C([H])([,0.02,0.0283,False,VALKAV;VALKAV01
316543529523,2,2,2,1,1,6,V,O;[H]C([H])([H])C([H])([H])O;[H]C1C(C(=O)O)NC(C(=O)O)C([H])C1[H];[H]O[H],0.02,0.02,True,VALXOX;VALXOX01
907814469054,2,2,2,2,2,6,Mn,O=S(=O)(O)C(F)(F)F;O=S(=O)(O)C(F)(F)F;[H]C1NC(C([H])([H])N(C([H])([H])[H])C([H]),0.02,7.71,False,VAVNIS;VAVNIS01
772374405230,2,2,2,1,1,4,Co,Cl;Cl;[H]C1NC(C([H])([H])C([H])([H])P(C2C([H])C([H])C([H])C([H])C2[H])C2C([H])C(,0.02,0.0539,False,VECTUU;VECTUU01
664235606594,2,2,2,1,1,4,Pt,Cl;Cl;[H]C1NC(C2NC([H])C([H])C(C(=O)OC([H])([H])[H])C2[H])C([H])C(C(=O)OC([H])([,0.02,0.0632,False,VEMPUA;VEMPUA01
699948439210,2,2,2,1,1,5,Mo,O;O;[H]C([H])([H])N(O)C1NC(N(O)C([H])([H])[H])NC(N2C([H])([H])C([H])([H])OC([H]),0.02,0.02,False,VEPLOT;VEPLOT01
295958873973,2,2,2,1,1,4,Pd,Cl;[H]C([H])[H];[H]C1C([H])C([H])C(P(C2C([H])C([H])C([H])C([H])C2[H])C2C([H])C([,0.02,0.0361,False,VIBDOA;VIBDOA01
340687542865,2,2,2,1,1,5,Cu,[H]C1NC(C2NC([H])C([H])C([H])C2[H])C([H])C([H])C1[H];[H]OC(C([H])([H])[H])(P(=O),0.02,0.02,False,VIKZIY01;VIKZIY02
827493403048,2,2,2,1,1,6,Mn,[H]OP(=O)(O)OP(=O)(O)O[H];[H]OP(=O)(O)OP(=O)(O)O[H];[H]O[H];[H]O[H],0.02,0.1315,False,VIPRUJ;WORKAS
258264125899,2,2,2,1,1,4,Pt,[H]c1[nH]c(=NP(C2C([H])C([H])C([H])C([H])C2[H])C2C([H])C([H])C([H])C([H])C2[H])s,0.02,0.0224,False,VIRXEA;VIRXEA01
261420519531,8,8,3,1,1,4,Pd,O=NO;[H]N(C([H])([H])C([H])([H])N(C([H])([H])C([H])([H])C([H])([H])C([H])([H])[H,0.02,0.0283,False,WABHAL;WABHAL01;WABHAL02;WABHAL03;WABHAL06;WABHAL07
836626815253,2,2,2,2,1,6,Ru,Cl;Cl;Cl;Cl;[H]C([H])([H])S(=O)C([H])([H])[H];[H]c1nc([H])n([H])n1,0.02,2.8001,False,WAJBIT;WAJBOZ
956544737404,3,3,3,1,1,4,Pd,[H]C([H])([H])C#N;[H]C1C(C(=O)NC([H])(C2C([H])C([H])C([H])C([H])C2[H])C([H])([H],0.02,0.211,False,WALDOG;WALDUM;WALFAU
743548750034,2,2,2,1,1,4,Pd,[H]C([H])([H])C#N;[H]C([H])[H];[H]C1C([H])C(C([H])(C([H])([H])[H])C([H])([H])[H],0.02,0.0224,False,WAVMEM;XUDYAZ
16023039613,2,2,2,1,1,4,Zn,I;I;[H]C1NC([H])C([H])C(C(=O)N([H])[H])C1[H];[H]C1NC([H])C([H])C(C(=O)N([H])[H]),0.02,0.0447,False,WEMRUC;WEMRUC01
164665148857,2,2,2,1,1,4,Cu,[H]c1c2nc(c([H])c3[nH]c(c([H])c4nc(c([H])c5[nH]c1C1C([H])C([H])C([H])C([H])C51)C,0.02,0.0283,False,WEPDOL;WEPDOL01
109916658847,2,2,2,2,2,4,Ni,[H]C([H])([H])N(n1c(S)c(S)sc1=S)C([H])([H])[H];[H]C([H])([H])N(n1c(S)c(S)sc1=S)C,0.02,9.27,False,WERHEK;WERHOU
914800498471,2,2,2,2,2,4,Pd,Br;Br;[H]C1=C([H])N(C([H])([H])C([H])([H])C([H])([H])C([H])([H])[H])CN1C([H])([H,0.02,7.88,False,WEYGIS;WEYGOY
94502864616,3,3,3,1,1,4,Zn,[H]C([H])([H])C([H])(OP(=S)(S)OC([H])(C([H])([H])[H])C([H])([H])[H])C([H])([H])[,0.02,0.0412,False,WITKUF;WITKUF01;WITKUF02
849990978019,2,2,2,2,2,5,Co,Cl;Cl;[H]C1C(C(=NC2C(C([H])(C([H])([H])[H])C([H])([H])[H])C([H])C([H])C([H])C2C(,0.02,0.6903,True,WOGZAV;WOGZAV02
777693701739,4,4,4,1,1,4,Pd,Cl;Cl;[H]C1C([H])C(C([H])(C([H])([H])[H])C([H])([H])[H])C(N2CN(C3C(C([H])(C([H]),0.02,0.0283,False,WOJSAQ;WOJSEU;WOJSIY;WOJSIY01
277403949903,2,2,2,1,1,5,W,Cl;Cl;O;[H]C1C(C([H])([H])[H])C([H])C(C(C([H])([H])[H])(C([H])([H])[H])C([H])([H,0.02,0.0224,True,WUBNEM;WUBNEM01
962529219292,2,2,2,2,2,4,Pt,[H]C([H])([H])C([H])(P(N=P([TeH])(C([H])(C([H])([H])[H])C([H])([H])[H])C([H])(C(,0.02,8.68,False,WUDTOF;WUDTOF01
116113594257,2,2,2,1,1,6,Ti,[H]C([H])([H])NC([H])([H])[H];[H]C([H])([H])NC([H])([H])[H];[H]c1[nH]c(C([H])([H,0.02,0.0361,False,WUFGOU;WUFGOU01
769358867469,2,2,2,1,1,4,Ni,Cl;Cl;[H]C1C([H])C([H])C(P(C2C([H])C([H])C([H])C([H])C2[H])C([H])([H])C(C([H])([,0.02,1.1002,False,XAXRAQ;XAXRAQ01
9711693925,2,2,2,1,1,4,Cu,Cl;Cl;[H]C1NC(Br)C([H])C([H])C1Br;[H]C1NC(Br)C([H])C([H])C1Br,0.02,0.02,False,XIBRUX;XIBRUX01
109210606484,2,2,2,2,2,6,W,C#O;C#O;C#O;C#O;C#O;[H]P([H])[H],0.02,1.6501,True,XIBVUZ;XIBVUZ01
358161084596,2,2,2,1,1,4,Pd,Cl;Cl;[H]C(=NC1([H])C([H])([H])C([H])([H])C([H])([H])C1([H])[H])C1NC([H])C([H])C,0.02,0.0283,False,XIZJEX;XIZJEX01
612492896396,2,2,2,2,1,6,Ru,[H]C([H])([H])S(=O)C([H])([H])[H];[H]C1([H])SC([H])([H])C([H])([H])SC([H])([H])C,0.02,3.6801,False,XORCUD;XORCUD01
323610831017,2,2,2,1,1,4,Pd,[H]C(C(O)C([H])([H])[H])C(O)C(F)(F)C(F)(F)F;[H]C(C(O)C([H])([H])[H])C(O)C(F)(F)C,0.02,0.0283,False,YAZQOJ;YAZQOJ01
695300299206,2,2,2,1,1,6,Co,Cl;Cl;[H]c1c([H])c([H])c2c(c1[H])-c1nc-2nc2[nH]c(nc3nc(nc4[nH]c(n1)c1c([H])c([H],0.02,0.0283,False,YEJNIL;YEJNIL01
848060341992,3,3,3,1,1,4,Cd,Cl;Cl;[H]c1c(C([H])([H])[H])nc(=S)n([H])c1C([H])([H])[H];[H]c1c(C([H])([H])[H])n,0.02,0.0922,False,YIJZOG;YIJZOG01;YIJZOG02
328528268141,2,2,2,2,1,6,Fe,[H]C([H])([H])N1N=C(C(=O)O)NN(C([H])([H])[H])C1=O;[H]C([H])([H])N1N=C(C(=O)O)NN(,0.02,1.0402,True,YIZMIF01;YIZMIF03
234240526409,2,2,2,2,1,5,Fe,Cl;[H]C1NC(C([H])([H])N(C([H])([H])C2C([H])C(C([H])([H])[H])C([H])C(C(C([H])([H],0.02,0.5104,False,YOBTIT;YOBTIT01
888551442495,2,2,2,1,1,6,Zn,[H]C1C(C(=O)O)NC2C([H])C([H])C([H])C([H])C2C1[H];[H]C1C(C(=O)O)NC2C([H])C([H])C(,0.02,0.1513,False,YOQRIJ;YOQRIJ01
16227798721,2,2,2,1,1,6,Mn,[H]C(=C([H])C1C([H])C([H])NC([H])C1[H])C1C([H])C([H])NC([H])C1[H];[H]C(=C([H])C1,0.02,0.4305,False,YOSFUI;ZEFGEA
196706214391,2,2,2,1,1,6,Pt,[H]C([H])[H];[H]C([H])[H];[H]C1NN(B([H])(N2NC([H])C([H])C2[H])N2NC([H])C([H])C2[,0.02,0.1315,False,YOVMOL;YOVMOL01
510172364787,2,2,2,2,2,4,Pt,C#O;Cl;[H]C1CC(C2NC([H])C([H])C([H])C2[H])C([H])C([H])C1C([H])([H])[H],0.02,9.17,False,YUBJAG;YUBJAG01
92357995911,2,2,2,1,1,4,Fe,I;I;[H]C1C([H])C2C(=NC3C(C([H])(C([H])([H])[H])C([H])([H])[H])C([H])C([H])C([H]),0.02,0.0632,False,YUNFAS;YUNFAS01
44805082826,2,2,2,1,1,6,Cu,[H]O[H];[H]O[H];[H]O[H];[H]O[H];[H]c1nc([H])n(C2C([H])C([H])C(C(=O)O)C([H])C2[H],0.02,0.1118,False,YUWDEB;YUWDEB01
514054041291,2,2,2,1,1,6,Co,O=C(O)C(F)(F)F;O=C(O)C(F)(F)F;[H]c1nn([H])c([H])c1[H];[H]c1nn([H])c([H])c1[H];[H,0.02,0.102,False,ZAHWEO;ZAHWOY
659859032752,2,2,2,1,1,5,V,O;[H]C1C([H])C([H])C(C(O)C([H])C(O)C2C([H])C([H])C([H])C([H])C2[H])C([H])C1[H];[,0.02,0.0224,True,ZATVIZ01;ZATVIZ02
373081585823,2,2,2,2,2,4,Pt,C#N;C#N;[H]N1COC([H])([H])C1([H])[H];[H]N1COC([H])([H])C1([H])[H],0.02,8.36,False,ZATZUP;ZAVBAZ
783254267685,2,2,2,1,1,5,V,O;[H]C(=NC([H])([H])C([H])([H])N=C([H])C1C([H])C([H])C([H])C(OC([H])([H])C([H])(,0.02,0.0361,True,ZEHMII01;ZEHMII02
632439242270,2,2,2,1,1,5,Re,N#CC(S)=C(S)C#N;N#CC(S)=C(S)C#N;O,0.02,0.0361,True,ZINJUB;ZINJUB01
582605326379,2,2,2,1,1,5,Ru,Cl;[H]C1([H])C([H])([H])C([H])([H])C([H])(P(C2([H])C([H])([H])C([H])([H])C([H])(,0.02,0.0224,False,ZISNAS;ZISNAS01
897909266194,6,6,6,1,1,4,Zn,Cl;Cl;[H]C1NC([H])C([H])C([H])C1[H];[H]C1NC([H])C([H])C([H])C1[H],0.02,0.9802,False,ZNPYRC01;ZNPYRC03;ZNPYRC04;ZNPYRC05;ZNPYRC06;ZNPYRC07
647024614278,2,2,2,1,1,4,Zn,Br;Br;Br;[H]C([H])([H])S(=O)C([H])([H])[H],0.02,0.0728,False,ZOJBUY;ZOJBUY01
756086501514,2,2,2,2,2,6,Re,Br;Br;Br;[H]C1NC([H])C([H])C([H])C1[H];[H]C1NC([H])C([H])C([H])C1[H];[H]C1NC([H],0.02,1.1202,True,ZOKLIU;ZOKLIU01
924556961199,3,3,2,1,1,5,Co,[H]C([H])([H])P(C([H])([H])[H])C([H])([H])[H];[H]C([H])([H])P(C([H])([H])[H])C([,0.02,0.7703,False,ZOKWIH;ZOKWIH01;ZOKWIH02
244731903221,2,2,2,1,1,4,Pd,[H]N=C(N(C([H])=NC1C(C([H])(C([H])([H])[H])C([H])([H])[H])C([H])C([H])C([H])C1C(,0.02,0.0224,False,ZOPJEV;ZOPJOF
316999873997,7,7,5,1,1,4,Pt,C#N;C#N;[H]C1=C([H])N(C([H])(C([H])([H])[H])C([H])([H])[H])CN1C1NC([H])C([H])C([,0.02,0.0361,False,ZUYZUR;ZUYZUR01;ZUYZUR02;ZUYZUR03;ZUYZUR04;ZUYZUR05
896220231467,6,6,3,2,2,4,Cu,[H]c1nc([H])n(C([H])([H])[H])c1[H];[H]c1nc([H])n(C([H])([H])[H])c1[H];[H]c1nc([H,0.01,8.6,False,ABUBOS;ALESOB;ALESOB01;HATNAR01;OQEDEV;OQEDEV01
716476269520,2,2,2,1,1,6,Ni,[H]N([H])C(=O)C([H])([H])[H];[H]N([H])C(=O)C([H])([H])[H];[H]N([H])C(=O)C([H])([,0.01,0.2202,False,ACAMNI;KADVOE
285031066398,2,2,2,2,1,4,Zn,I;I;[H]C1NC2C3NC([H])C([H])C([H])C3C([H])C([H])C2C([H])C1[H],0.01,2.04,False,ACEHOI;ACEHOI02
383029512566,2,2,2,1,1,5,Zn,[H]C(C(O)C([H])([H])[H])C(O)C([H])([H])[H];[H]C(C(O)C([H])([H])[H])C(O)C([H])([H,0.01,0.0224,False,ACOCIF;ACOCIF01
880887464112,2,2,2,2,2,4,Ir,C#O;C#O;[H]C(C(O)C([H])([H])[H])C(O)C([H])([H])[H],0.01,8.75,False,ACRHCO01;ACRHCO02
375999564258,31,31,23,1,1,4,Mo,S;S;S;S,0.01,0.35,False,ADEGEW;AMEHEF04;CADLUP;COXTUF;CURMAE;FESTIH
589191750368,2,2,2,1,1,6,Co,[H]O[H];[H]O[H];[H]c1c(C(=O)O)c(=O)n([H])c(=O)n1[H];[H]c1c(C(=O)O)c(=O)n([H])c(=,0.01,0.2402,False,AFEDOF;PECLUG
362807179254,4,4,3,1,1,4,Zn,Cl;Cl;[H]C([H])(C(=O)O)N([H])([H])[H];[H]C([H])(C(=O)O)N([H])([H])[H],0.01,0.0316,False,AFEMEE;AFEMEE02;AFEMEE03;AFEMEE04
909298959969,3,3,3,2,1,4,Zn,[H]N([H])C(=S)N([H])N([H])[H];[H]N([H])C(=S)N([H])N([H])[H],0.01,1.2,True,AFIBAV;DASFUY01;DASFUY02
317689668203,3,3,3,1,1,6,Co,[H]OC([H])([H])C([H])([H])C1NC([H])C([H])C([H])C1[H];[H]OC([H])([H])C([H])([H])C,0.01,0.3,False,AFUWIJ;HULYES;NOPDON
893904497129,2,2,2,1,1,4,Cd,Br;[H]C1=C([H])N(C([H])([H])[H])C(=S)N1B([H])(N1C(=S)N(C([H])([H])[H])C([H])=C1[,0.01,0.0412,False,AGEZOB;AGEZOB01
669743435083,6,6,2,1,1,4,Mn,[H]c1c([H])c([H])c2c3nc4nc(nc5[nH]c(nc6nc(nc([nH]3)c2c1[H])C1C([H])C([H])C([H])C,0.01,0.0141,False,AGICIF;MNPHCY02;MNPHCY03;MNPHCY11;MNPHCY21;MNPHCY23
566977382537,4,4,4,2,2,4,Cu,[H]N=C(OC([H])([H])[H])N([H])C(=NC([H])([H])C([H])([H])N=C(N([H])[H])N([H])C(=N[,0.01,8.43,False,AHASOR;HULNAD;IVORUG;XASFIG
903856253795,2,2,2,1,1,4,Ni,[H]C([H])([H])OC(=O)C(S)=C(S)C(=O)OC([H])([H])[H];[H]C([H])([H])OC(=O)C(S)=C(S)C,0.01,0.0141,False,AHIGON;AHIGUT
285132584385,2,2,2,1,1,4,Pt,Cl;Cl;[H]C1NC(C([H])([H])C2NC([H])C([H])C([H])C2[H])C([H])C([H])C1[H],0.01,0.0806,False,AHOWIF;AHOWIF01
107300705777,3,3,2,1,1,4,Fe,[H]C1C([H])C(C([H])(C([H])([H])[H])C([H])([H])[H])C(NC(C([H])C(O)C([H])([H])[H]),0.01,0.01,False,AHUGOA;AHUGOA01;AHUGOA02
586508497608,3,3,3,3,1,6,Ni,[H]ON=C(C(=NC([H])([H])C([H])([H])N([H])[H])C([H])([H])[H])C([H])([H])[H];[H]ON=,0.01,3.3,True,AIBXNI;AIBXNI01;AIBXNI02
768307643675,2,2,2,1,1,4,Co,[H]C(=NC12C([H])([H])C3([H])C([H])([H])C([H])(C([H])([H])C([H])(C3([H])[H])C1([H,0.01,0.1503,False,AJUDUI;VUJKAP
784684791415,5,5,3,1,1,4,Cu,[H]N=C(N([H])[H])N([H])C(=N[H])N(C([H])([H])[H])C([H])([H])[H];[H]N=C(N([H])[H]),0.01,0.0141,False,AJUHUJ;HIHDUX;HIHDUX01;HIHDUX02;HIHDUX03
896482294932,7,7,6,1,1,6,Cr,N=C=S;N=C=S;N=C=S;N=C=S;[H]C1NC([H])C2C([H])C([H])C([H])C([H])C2C1[H];[H]C1NC([H,0.01,0.3,False,AKAGAU;LEGFIN;LEGFIN01;LEGFOT;LEGFOT01;OLUBUS
858328582207,2,2,2,1,1,4,Pd,Cl;Cl;[H]C1NC(C(=NC([H])([H])C([H])(C([H])([H])[H])C([H])([H])[H])C2C([H])C([H]),0.01,0.0141,False,AKETIU;AKETIU01
459718439765,2,2,2,2,1,4,Ni,Cl;[H]C([H])([H])N(C([H])([H])[H])C([H])([H])C([H])([H])N(C([H])([H])[H])C([H])(,0.01,0.5901,False,AKUNAY;AKUNAY01
438794974381,2,2,2,1,1,4,Pt,Br;Br;[H]N([H])[H];[H]N([H])[H],0.01,0.0141,False,AKUWEL;AKUWEL01
185858366406,2,2,2,1,1,6,Cu,[H]c1nc([H])n(C([H])([H])[H])c1[H];[H]c1nc([H])n(C([H])([H])[H])c1[H];[H]c1nc([H,0.01,0.5101,False,ALAFOK;ALAFOK01
142747666304,42,42,12,2,2,4,Pt,N#CC(S)=C(S)C#N;N#CC(S)=C(S)C#N,0.01,8.65,False,AMEPEO;AYAMUI;AYAMUI02;AYANAP;AYANET01;AYANET02
399521312439,2,2,2,1,1,4,Cu,[H]N=C(N([H])[H])N([H])C(=O)N([H])[H];[H]N=C(N([H])[H])N([H])C(=O)N([H])[H],0.01,0.0141,False,ANAPUD;DOKLIY
14337174180,2,2,2,1,1,4,Cu,[H]c1nc(C2C([H])C([H])C([H])C([H])C2[H])n([H])c1[H];[H]c1nc(C2C([H])C([H])C([H]),0.01,0.8801,False,ANEBIG;ANECED
155900070943,2,2,2,1,1,4,Ir,[H]C1C(OP(C(C([H])([H])[H])(C([H])([H])[H])C([H])([H])[H])C(C([H])([H])[H])(C([H,0.01,0.0316,False,APECAB;APECOP
918341148427,5,5,5,2,1,6,Co,[H]C1NC(C(=O)O)C([H])C([H])C1[H];[H]C1NC(C(=O)O)C([H])C([H])C1[H];[H]O[H];[H]O[H,0.01,0.8301,False,APICCO02;APICCO05;APICCO07;HUTLIT;WENQIS
120312626290,2,2,2,1,1,4,Pd,Cl;[H]C1C([H])C([H])C(P2C3([H])C(C([H])([H])[H])=C(C([H])([H])[H])C2([H])C([H])(,0.01,0.0224,False,APUCET;APUCIX
80539411102,2,2,2,1,1,6,Cd,[H]C1([H])SC([H])([H])C([H])([H])SC([H])([H])C([H])([H])SC1([H])[H];[H]C1([H])SC,0.01,0.0224,False,AQADIF;HEDPIP
282525401639,2,2,2,1,1,4,Pt,[H]C1CC(C2NC(C3NC([H])C([H])C([H])C3[H])C([H])C([H])C2[H])C([H])C([H])C1[H];[H]C,0.01,0.01,False,AQUKEC;REHVIL
345364641195,2,2,2,2,2,6,Zn,[H]C1NC(S(=O)(=O)O)C([H])C([H])C1[H];[H]C1NC(S(=O)(=O)O)C([H])C([H])C1[H];[H]O[H,0.01,2.42,True,AROCAL;AROCAL01
321349972822,2,2,2,1,1,4,Ni,[H]C(=NC([H])([H])C([H])=C([H])[H])C1C([H])C([H])C([H])C([H])C1O;[H]C(=NC([H])([,0.01,0.0141,False,ASALNI11;ASALNI12
350939733316,2,2,2,1,1,4,Zn,[H]C(C(O)C([H])([H])[H])C(O)C([H])([H])[H];[H]C(C(O)C([H])([H])[H])C(O)C([H])([H,0.01,0.1204,False,ASOCOC;ASOCOC01
148507021081,3,3,2,1,1,4,Hg,[H]C1C([H])C([H])C(C([H])([H])N(C(S)S)C([H])([H])C2C([H])C([H])C([H])C([H])C2[H],0.01,0.0316,True,ATADEE;ATADEE01;ATADEE02
86302400455,2,2,2,1,1,4,Pd,Cl;[H]C1C([H])C(C([H])([H])[H])C(N#C)C(C([H])([H])[H])C1[H];[H]N=C(C1C([H])C([H],0.01,0.0412,False,AVAMEQ;AVAMEQ01
159828987638,2,2,2,1,1,4,Ni,[H]OC1C([H])C([H])C(C([H])=NN=C(S)N([H])[H])C([H])C1OC([H])([H])[H];[H]OC1C([H]),0.01,0.0141,False,AVEKAO;KOMGAU
164510460141,4,4,3,1,1,4,Ni,[H]C(=NC([H])([H])C([H])([H])C([H])([H])N([H])(C([H])([H])[H])C([H])([H])[H])C1C,0.01,0.0141,False,AVOKON;ODAXEX;ODAXEX01;ODAXEX02
498102517620,2,2,2,1,1,4,Zn,Cl;Cl;[H]C1C([H])C([H])C2C(N=C(C3C([H])C([H])C([H])C([H])C3N([H])[H])N2[H])C1[H],0.01,0.0906,False,AWOLEE;IQEDAM
515441266881,2,2,2,1,1,4,Zn,Cl;Cl;[H]C(=NC([H])([H])C([H])([H])C([H])([H])N([H])([H])C1([H])C([H])([H])C([H],0.01,0.0141,False,AWONUW;AWONUW01
739052639093,2,2,2,1,1,4,Cu,[H]C1C(I)C([H])C(C(=O)O)C(O)C1I;[H]C1C(I)C([H])C(C(=O)O)C(O)C1I,0.01,0.0141,False,AWOWAN;AWOWER
118770326138,4,4,4,2,2,4,Au,N#CC1NC(S)C(S)NC1C#N;N#CC1NC(S)C(S)NC1C#N,0.01,8.69,False,AXUHIK;AXUHUW;XIJBIC;ZIDBEW01
88653776569,2,2,2,1,1,6,Mn,[H]C1NC([H])C([H])C(C2NNNN2)C1[H];[H]C1NC([H])C([H])C(C2NNNN2)C1[H];[H]O[H];[H]O,0.01,0.4601,False,AYADEJ;AYADEJ01
539634139361,2,2,2,1,1,6,Cd,[H]C1NC([H])C([H])C(C2NNNN2)C1[H];[H]C1NC([H])C([H])C(C2NNNN2)C1[H];[H]O[H];[H]O,0.01,0.5401,False,AYADIN;AYADIN01
495369650574,2,2,2,1,1,4,Pd,Br;Br;[H]C1=C([H])N(C([H])([H])C([H])([H])[H])CN1C([H])([H])[H];[H]C1=C([H])N(C(,0.01,0.0141,False,AYIQOP;AYIQOP01
379746844649,2,2,2,1,1,6,Mn,[H]C1C([H])C([H])N(O)C([H])C1C(=O)O;[H]C1C([H])C([H])N(O)C([H])C1C(=O)O;[H]O[H];,0.01,0.0141,False,AYODAV;AYODAV01
175486229181,3,3,3,1,1,5,Cu,O=S(=O)(O)O;[H]C1NC2C3NC([H])C([H])C([H])C3C([H])C([H])C2C([H])C1[H];[H]C1NC2C3N,0.01,0.4501,False,AYOLOQ;AYOLOQ01;EDUVOQ
527596594672,2,2,2,1,1,4,Cu,[H]C(=NC([H])([H])C([H])([H])N1C([H])([H])C([H])([H])OC([H])([H])C1([H])[H])C1C(,0.01,0.0224,False,AZELOH;AZELOH01
537481730279,2,2,2,1,1,6,Mn,Cl;Cl;[H]C1NC([H])C([H])C([H])C1[H];[H]C1NC([H])C([H])C([H])C1[H];[H]O[H];[H]O[H,0.01,0.4101,False,AZISUY;QOMSEU
209036702317,2,2,2,1,1,4,Pt,Cl;Cl;[H]C1NC(C2NC([H])C([H])C([H])C2[H])C(C2NC([H])C([H])C([H])C2[H])NC1[H],0.01,0.0412,False,AZOFEB;TOXYAG
404896403036,2,2,2,1,1,6,Co,[H]OP(=O)(O)C([H])([H])P(=O)(O)O[H];[H]OP(=O)(O)C([H])([H])P(=O)(O)O[H];[H]O[H];,0.01,0.4101,False,AZOGOM;YALWEP
648104769795,10,10,8,1,1,6,Pt,Br;Br;Br;Br;Br;Br,0.01,0.2002,False,AZUXIE;DULMIH;EPESUQ;MOWFIO;SIXNAR;VIHYUI
359708074627,4,4,2,1,1,4,Cu,Cl;Cl;[H]C1NC(I)C([H])C([H])C1[H];[H]C1NC(I)C([H])C([H])C1[H],0.01,0.0141,False,BABMUQ;BABMUQ01;BABMUQ02;BABMUQ03
746076606948,4,4,2,1,1,4,Cu,Br;Br;[H]C1NC(I)C([H])C([H])C1[H];[H]C1NC(I)C([H])C([H])C1[H],0.01,0.0141,False,BABNAX;BABNAX01;BABNAX02;BABNAX03
89428643644,2,2,2,2,2,4,Fe,C#O;C#O;C#O;I,0.01,8.22,False,BAQZIG;BAQZOM
163321129783,2,2,2,1,1,4,Pt,[H]N([H])[H];[H]N([H])[H];[H]c1c(N([H])[H])nc(=O)n(C([H])([H])[H])c1[H];[H]c1c(N,0.01,0.0141,False,BARZOJ;GEBVUE
890175674234,2,2,2,1,1,4,Cu,[H]C(=NC([H])([H])C([H])([H])OC([H])([H])[H])C1C([H])C(Br)C([H])C([H])C1O;[H]C(=,0.01,0.0141,False,BAVGUD;BAVROI
392729659941,2,2,2,1,1,4,Pt,[H]C1NC2C3NC([H])C([H])C([H])C3C([H])C([H])C2C([H])C1[H];[H]N([H])C1([H])C([H])(,0.01,0.0412,False,BEBCAN;TEPREN
530496039361,2,2,2,2,1,6,Fe,N=N=N;[H]C(=NC1C([H])C([H])C([H])C([H])C1N=C([H])C1C([H])C([H])C([H])C([H])C1O)C,0.01,0.3302,True,BEHHUT;BEHHUT01
624459375538,2,2,2,1,1,4,Pt,[H]C1NC(C2NC([H])C([H])C([H])C2[H])C(C2NC([H])C([H])C([H])C2[H])NC1[H];[H]C1NC(C,0.01,0.051,False,BELFAB;BELFEF
917542274669,3,3,3,1,1,6,Co,C#N;C#N;[H]c1c([H])c([H])c2c3nc4nc(nc5[nH]c(nc6nc(nc([nH]3)c2c1[H])C1C([H])C([H],0.01,0.5301,False,BELGEF;TAXFOP;TAXFUV
618044880452,2,2,2,1,1,4,Rh,[H]C1=C([H])c2nc1c(C1C([H])C([H])C([H])C([H])C1[H])c1[nH]c(c([H])c1[H])c(C1C([H],0.01,0.0224,False,BENYID;YOWJID
738653906026,2,2,2,1,1,4,Cu,Br;[H]C1C([H])C([H])C(P(C2C([H])C([H])C([H])C([H])C2[H])C2C([H])C([H])C([H])C([H,0.01,0.0316,False,BEQLAK;BEQLAK01
537623667801,2,2,2,1,1,4,Co,Br;Br;[H]C([H])([H])N(C(=S)N(C([H])([H])[H])C([H])([H])[H])C([H])([H])[H];[H]C([,0.01,0.051,False,BEWGUI;BEWGUI01
310592508775,4,4,4,2,2,4,Ni,[H]C1C([H])C([H])C(S)C(S)C1[H];[H]C1C([H])C([H])C(S)C(S)C1[H],0.01,8.9,False,BEXJEW;DELYEZ;DELYEZ01;QIMXOC
72596151155,3,3,3,1,1,6,Zn,[H]c1nc([H])n([H])c1[H];[H]c1nc([H])n([H])c1[H];[H]c1nc([H])n([H])c1[H];[H]c1nc(,0.01,0.2702,False,BIBBIY;HIMZZN02;HIMZZN03
808397183545,2,2,2,1,1,6,Co,[H]N1C([H])([H])C([H])([H])N([H])C([H])([H])C([H])([H])N([H])C([H])([H])C([H])([,0.01,0.0141,False,BIGNOU;BIGNOU01
273124564667,3,3,3,1,1,4,Co,Cl;Cl;[H]C1C([H])C([H])C(P(C2C([H])C([H])C([H])C([H])C2[H])C2C([H])C([H])C([H])C,0.01,0.0141,False,BIHGEE;BIHGEE01;BIHGEE02
893661552071,2,2,2,1,1,4,Cu,[H]C1C([H])C([H])C(P(C2C([H])C([H])C([H])C([H])C2[H])C2C([H])C([H])C([H])C([H])C,0.01,0.0608,False,BIYXIR;DAYGUF
121175726822,2,2,2,2,2,4,Ni,[H]C1C([H])C([H])C(P(C2C([H])C([H])C([H])C([H])C2[H])C([H])([H])C([H])([H])P(C2C,0.01,8.37,False,BOFWEB;BOFWIF
34263104292,11,11,8,2,2,4,Cu,[H]C1=C([H])c2nc1c(C1C([H])C([H])C([H])C([H])C1[H])c1[nH]c(c([H])c1[H])c(C1C([H],0.01,8.6,False,BOSBAM10;CUTPOR01;CUTPOR02;CUTPOR03;CUTPOR04;CUTPOR05
265011818230,2,2,2,1,1,4,Pd,[H]C(=NC(C([H])([H])[H])(C([H])([H])[H])C([H])([H])[H])C1C([H])C([H])C([H])C([H],0.01,0.0141,False,BTSAPD01;BTSAPD02
552501518050,2,2,2,2,1,4,Zn,Cl;Cl;[H]C1C([H])C(C2NC(C([H])([H])[H])C([H])C([H])C2[H])NC(C([H])([H])[H])C1[H],0.01,2.58,False,BUDCAF;BUDCAF01
396841421079,2,2,2,1,1,4,Cu,[H]C(=NN=C(S)N([H])C1C([H])C([H])C([H])C([H])C1[H])c1oc([H])c([H])c1[H];[H]C(=NN,0.01,0.0141,False,BUJSOP;BUJSOP02
848346216134,2,2,2,1,1,4,Cr,[H]C1C([H])C([H])C(C([H])(C([H])([H])[H])C([H])([H])[H])C(NC(C([H])C(NC2C([H])C(,0.01,0.0141,False,BUJXOU;BUJXOU01
712714404425,3,3,2,1,1,4,Ni,[H]C1C([H])C(Cl)C(S)C(S)C1Cl;[H]C1C([H])C(Cl)C(S)C(S)C1Cl,0.01,0.0141,False,BUNSEL;KARPEC;SIDBIT
191142447372,2,2,2,2,2,4,Pd,Cl;[H]N(C([H])([H])C([H])([H])SC([H])([H])C([H])(C([H])([H])[H])C([H])([H])[H])C,0.01,8.37,False,BUQCEW;DOMDEP
145186089984,2,2,2,1,1,6,Zn,[H]C1NC(C(=O)O)C([H])C([H])C1C(=O)O;[H]O[H];[H]O[H];[H]O[H];[H]O[H],0.01,0.0141,True,BUXZUQ;BUXZUQ01
319265993280,2,2,2,1,1,6,Fe,Cl;Cl;Cl;[H]C1NC([H])C([H])C([H])C1[H];[H]C1NC([H])C([H])C([H])C1[H];[H]C1NC([H],0.01,0.01,False,CAFNIG;CAFNIG02
432547437074,3,3,2,1,1,4,Pd,Cl;[H]C1C([H])C([H])C(P(C([H])([H])C2CC(C([H])([H])P(C3C([H])C([H])C([H])C([H])C,0.01,0.0141,False,CAMGON;OCIXAZ;OCIXAZ01
882324564014,2,2,2,2,2,4,Pt,Cl;Cl;[H]C1C([H])C([H])C([As](C2C([H])C([H])C([H])C([H])C2[H])C([H])([H])C([H])(,0.01,8.88,False,CATROF;OJEVOQ
505175997448,2,2,2,2,2,4,Rh,C#O;C#O;Cl;[H]c1nn([H])c([H])c1[H],0.01,8.44,False,CAWZUV;CAWZUV01
683975960509,3,3,3,3,1,6,Zn,N=C=S;N=C=S;[H]C1NC2C3NC([H])C([H])C([H])C3C([H])C([H])C2C([H])C1[H];[H]C1NC2C3N,0.01,4.24,True,CAYQEZ;CAYQEZ01;CAYQEZ02
83754268134,2,2,2,1,1,4,Pt,Cl;[H]C1NC(N(C2CC(C3NC([H])C4C(C3[H])C([H])([H])C3([H])C([H])([H])C4([H])C3(C([H,0.01,0.0224,False,CAZXIO;CAZXOU
380209810059,2,2,2,1,1,4,Pt,Cl;Cl;[H]N([H])[H];[H]OC(=O)C([H])([H])N([H])[H],0.01,0.0141,False,CCAPGC11;CCAPGC12
744204652563,3,3,3,2,1,6,Cd,[H]c1nc(C([H])([H])C([H])(C(=O)O)N([H])[H])c([H])n1[H];[H]c1nc(C([H])([H])C([H]),0.01,5.99,True,CDHIST11;CDHIST12;CDHIST13
138645275439,2,2,2,1,1,6,Co,[H]C1C([H])C([H])N(O)C([H])C1C(=O)O;[H]C1C([H])C([H])N(O)C([H])C1C(=O)O;[H]O[H];,0.01,0.2302,False,CEBDIW;CEBDIW01
158120491109,4,4,3,1,1,4,Ni,[H]C([H])([H])C#N;[H]C1=C([H])N(C([H])([H])C([H])([H])C([H])([H])C([H])([H])[H]),0.01,0.0141,False,CEBFUN01;CEBGEY;CEBGIC01;CEBGIC02
786760834186,2,2,2,1,1,4,Pd,Cl;Cl;[H]C(=NC1C(C([H])(C([H])([H])[H])C([H])([H])[H])C([H])C([H])C([H])C1C([H]),0.01,1.55,False,CEBNON;JIMXAF
80383341498,3,3,3,2,1,6,Co,[H]O[H];[H]O[H];[H]c1nc(C(=O)O)c([H])n1[H];[H]c1nc(C(=O)O)c([H])n1[H],0.01,0.4301,True,CEDZAO;CEDZAO01;CEDZAO02
878865915890,3,3,3,1,1,4,Zn,Cl;Cl;[H]C1NC(C2NC([H])C([H])C([H])C2[H])C([H])C([H])C1[H],0.01,0.0141,False,CEFFOI;CEFFOI01;CEFFOI02
899068431967,2,2,2,1,1,6,Ti,Cl;Cl;Cl;Cl;[H]C1NC([H])C([H])C([H])C1[H];[H]C1NC([H])C([H])C([H])C1[H],0.01,0.0141,False,CEFQEJ;CEFQIN
41199083404,2,2,2,2,2,4,Pt,Cl;Cl;[H]C1=C([H])N(C([H])([H])[H])CN1C([H])([H])[H];[H]C1=C([H])N(C([H])([H])[H,0.01,8.63,False,CEFZEW;CEFZIA
174968940944,2,2,2,2,2,4,Pt,[H]C([H])([H])C([H])([H])P(C([H])([H])C([H])([H])[H])C([H])([H])C([H])([H])[H];[,0.01,8.2,False,CEHQAH;CEHQAH01
637146012212,2,2,2,1,1,4,Cu,[H]N1C([H])([H])C([H])([H])N=C(C([H])([H])[H])C([H])([H])C(C([H])([H])[H])(C([H],0.01,0.0141,False,CEJNMG02;EPASOE
716438483708,2,2,2,2,2,4,Pt,[H]C1C([H])C([H])C(P2C([H])([H])C([H])([H])P(C3C([H])C([H])C([H])C([H])C3[H])C([,0.01,5.66,False,CEQROG;MIGGOZ
289999893172,2,2,2,1,1,4,Fe,Cl;Cl;[H]C1=C([H])N(C2C(C([H])([H])[H])C([H])C(C([H])([H])[H])C([H])C2C([H])([H],0.01,0.1105,False,CEQSAU;CEQSAU01
731472947770,2,2,2,1,1,4,Cu,[H]C(=Nc1c(C([H])([H])[H])n(C([H])([H])[H])n(C2C([H])C([H])C([H])C([H])C2[H])c1=,0.01,0.01,False,CESBIM;CESBIM01
699669409941,2,2,2,2,2,4,Cu,Cl;Cl;[H]OC([H])([H])C([H])([H])O[H],0.01,8.24,False,CETDCU10;GLYCUH
61947643071,2,2,2,1,1,4,Pd,[H]C1C(C([H])([H])[H])NC(S)NC1C([H])([H])[H];[H]C1C(C([H])([H])[H])NC(S)NC1C([H],0.01,0.4701,False,CEZHIY;CEZHIY01
874642529898,3,3,2,1,1,4,Cu,[H]C(=NC1([H])C([H])([H])C([H])([H])C([H])([H])C([H])([H])C1([H])[H])C1C([H])C([,0.01,0.0141,False,CHSALC01;CHSALC03;CHSALC04
683001651476,2,2,2,2,2,4,Cu,[H]N([H])C1([H])C([H])([H])C([H])([H])C([H])([H])C([H])(N([H])[H])C1([H])[H];[H],0.01,8.06,False,CHXCUA;CHXCUB
923037712046,3,3,2,1,1,4,Ni,[H]C1C([H])C([H])C2NC(S)C(S)NC2C1[H];[H]C1C([H])C([H])C2NC(S)C(S)NC2C1[H],0.01,0.01,False,CIFLEK;CIFLIO;ICADEV
865842387745,3,3,2,1,1,4,Pd,Cl;Cl;[H]OC(=O)C1C([H])C(C2C([H])C([H])C([H])C([H])C2[H])NC2C([H])C([H])C([H])C(,0.01,0.0141,False,CIJDUU;CIJDUU01;CIJFAC
568888035985,3,3,3,1,1,4,Hg,[H]C1=C([H])N(C(C([H])([H])[H])(C([H])([H])[H])C([H])([H])[H])C(=S)N1B([H])(N1C(,0.01,0.04,False,CIJNUF;CIJNUF01;CIJNUF02
720429251529,2,2,2,2,1,5,Co,Cl;[H]C1NC(C([H])([H])N(C([H])([H])C2NC3C([H])C([H])C([H])C([H])C3C([H])C2[H])C(,0.01,3.33,False,CIJTOH;SOBSUZ
978103363200,2,2,2,2,1,4,Ni,[H]C1([H])C([H])([H])C([H])([H])C([H])(P(C2([H])C([H])([H])C([H])([H])C([H])([H],0.01,0.1204,False,CIKHEM;CIKHUC
576234616506,3,3,3,1,1,4,Zn,Cl;Cl;[H]c1c(C([H])([H])[H])nn([H])c1C([H])([H])[H];[H]c1c(C([H])([H])[H])nn([H],0.01,0.0224,False,CIRVOO;CIRVOO01;CIRVOO02
404723072888,2,2,2,1,1,4,Pd,Cl;Cl;[H]C1NC(C2=NC(C([H])([H])[H])(C([H])([H])[H])C(C([H])([H])[H])(C([H])([H]),0.01,0.01,False,CIWTEI;MUYHUJ01
429734771804,2,2,2,1,1,4,Ni,Br;Br;[H]C1C([H])C(C([H])(C([H])([H])[H])C([H])([H])[H])C(N=C(C(=NC2C(C([H])(C([,0.01,0.0141,True,CIXZAM;CIXZAM01
671675942439,3,3,3,2,2,4,Rh,C#O;C#O;Cl;Cl,0.01,8.68,False,CIYYIT;HIZWAP;JAGXUO
863463438452,2,2,2,1,1,4,Zn,Cl;Cl;[H]C1NC([H])C([H])C(C([H])([H])[H])C1[H];[H]C1NC([H])C([H])C(C([H])([H])[H,0.01,0.0224,False,CMPYZN;CMPYZN03
836054146101,2,2,2,1,1,4,Pd,Cl;Cl;[H]C1C([H])C([H])C(P(OC([H])(C(=O)OC([H])([H])C([H])([H])[H])C([H])(OP(C2C,0.01,0.01,False,COBWEW;CODDIJ
825141606779,2,2,2,1,1,4,Ni,Cl;[H]C(C(=O)C([H])([H])C(C1C([H])C([H])C([H])C([H])C1[H])(C([H])([H])[H])C([H]),0.01,0.0224,False,COFWUP;COFWUP10
486410148093,2,2,2,1,1,4,Ni,[H]C1C([H])C([H])C(P(C([H])([H])[H])C([H])([H])[H])C([H])C1[H];[H]C1C([H])C([H]),0.01,0.0141,False,COMGOC;COMGOC01
101906942404,8,8,2,1,1,4,Co,[H]c1c([H])c([H])c2c3nc4nc(nc5[nH]c(nc6nc(nc([nH]3)c2c1[H])C1C([H])C([H])C([H])C,0.01,0.0141,False,COPTCY01;COPTCY05;COPTCY07;COPTCY08;COPTCY10;COPTCY11
416054049776,2,2,2,1,1,4,Pd,[H]C1C([H])C([H])C(P(C2C([H])C([H])C([H])C([H])C2[H])C([H])(C2C([H])C([H])C([H]),0.01,0.01,False,COQNUT;VUSSOT
719816642045,2,2,2,1,1,4,Co,C#O;C#O;C#O;[H]C([H])([H])P(C([H])([H])[H])C([H])([H])[H],0.01,0.2902,False,COSCAO;ZUWGEF
851835231171,2,2,2,1,1,4,Pd,Cl;Cl;[H]C1NC(N([H])[H])C([H])C([H])C1[H];[H]C1NC(N([H])[H])C([H])C([H])C1[H],0.01,0.0224,False,COSXIR;COSXIR01
667918762702,36,36,23,1,1,4,W,S;S;S;S,0.01,0.34,False,COXTOZ;CURMEI;EMUGID;GAPKAK;GAPKEO;HIQQUU
556345279271,2,2,2,1,1,4,Ag,Cl;[H]C1C([H])C([H])C(P(C2C([H])C([H])C([H])C([H])C2[H])C2C([H])C([H])C([H])C([H,0.01,0.4201,False,CTPPAG01;OJAPUL
939422266729,3,3,3,1,1,4,Cu,[H]C1C([H])C([H])C(C(O)C([H])C(O)C([H])([H])[H])C([H])C1[H];[H]C1C([H])C([H])C(C,0.01,0.0141,False,CUBEAC01;CUBEAC02;CUBEAC03
826655424866,2,2,2,2,1,5,Co,[H]C1C(Cl)C([H])C(C([H])([H])N(C([H])([H])C2C([H])C(Cl)C([H])C(Cl)C2O)C([H])([H],0.01,4.44,True,CUDDEM;CUDDEM01
528467336941,2,2,2,2,1,5,Co,Cl;Cl;[H]C1NC(C2NC(C3NC([H])C([H])C([H])C3[H])C([H])C(Cl)C2[H])C([H])C([H])C1[H],0.01,4.47,True,CUKFUL;CUKFUL01
746750722347,2,2,2,1,1,4,Cu,[H]N([H])C(C(=O)O)(C([H])([H])[H])C([H])([H])[H];[H]N([H])C(C(=O)O)(C([H])([H])[,0.01,0.7001,False,CUPZAO;CUPZAO10
655029391579,2,2,2,1,1,5,Ir,C#O;[H]C1C([H])C([H])C(P(C2C([H])C([H])C([H])C([H])C2[H])C([H])([H])P(C2C([H])C(,0.01,0.01,False,CUQHUU;CUQHUU01
183859553157,5,5,2,1,1,4,Cu,[H]C(=O)C1C([H])C([H])C([H])C([H])C1O;[H]C(=O)C1C([H])C([H])C([H])C([H])C1O,0.01,0.0141,False,CUSALA03;CUSALA04;CUSALA05;CUSALA06;CUSALA07
538359679242,2,2,2,1,1,4,Pt,Cl;Cl;[H]C1C([H])C([H])C(C2([H])N=C(C(C3=NC([H])(C4C([H])C([H])C([H])C([H])C4[H],0.01,0.0224,False,CUXKUD;CUXKUD01
631600504631,3,3,2,2,2,4,Au,[H]C1C([H])C(S)C(S)C(C#N)C1[H];[H]C1C([H])C(S)C(S)C(C#N)C1[H],0.01,8.57,False,DADFOI;DADFUO;DADGAV
96633352110,2,2,2,1,1,4,Ni,C#N;C#N;[H]C([H])([H])C([H])(P(C([H])([H])C([H])([H])P(C([H])(C([H])([H])[H])C([,0.01,0.01,False,DAGLED;DAGLED01
695380378486,2,2,2,2,1,6,Cu,O=[N+]([O-])O;O=[N+]([O-])O;[H]N([H])C([H])([H])C(C([H])([H])[H])(C([H])([H])[H],0.01,0.5401,False,DAGTAG;DAGTAG01
852793839017,4,4,4,1,1,6,Ni,[H]O[H];[H]O[H];[H]c1nc(-c2nc([H])c([H])n2[H])n([H])c1[H];[H]c1nc(-c2nc([H])c([H,0.01,1.04,False,DAIMNI;ITAXIK;ITAYAD;LOFFIW
499434549192,2,2,2,1,1,4,Ru,C#O;[H]N(C([H])([H])C([H])([H])P(C([H])(C([H])([H])[H])C([H])([H])[H])C([H])(C([,0.01,0.0141,False,DAJDAW;INALIU
565056585942,2,2,2,1,1,4,Cu,[H]C1C([H])C([H])N([H])C([H])C1C(=O)O;[H]C1C([H])C([H])N([H])C([H])C1C(=O)O;[H]O,0.01,0.0141,False,DAZXIO;DAZXIO01
38711035896,3,3,3,1,1,6,Ni,N=C=S;N=C=S;[H]c1nn([H])c([H])c1[H];[H]c1nn([H])c([H])c1[H];[H]c1nn([H])c([H])c1,0.01,0.1503,False,DECXAL;DECXAL01;DECXAL02
229563419571,2,2,2,1,1,4,Mn,Cl;Cl;[H]C1C([H])C([H])C(P(=O)(C2C([H])C([H])C([H])C([H])C2[H])C2C([H])C([H])C([,0.01,0.0224,False,DEGGIF11;DEGGIF13
448994716072,2,2,2,1,1,4,Pd,Cl;Cl;[H]C1NC([H])C([H])C(Cl)C1[H];[H]C1NC([H])C([H])C(Cl)C1[H],0.01,0.0224,False,DEJBOK;DEJBOK01
693506780292,2,2,2,1,1,6,Fe,Br;Br;[H]c1c2nc(c([H])c3[nH]c(c([H])c4nc(c([H])c5[nH]c1C1C([H])C([H])C([H])C([H],0.01,0.0316,False,DEQPAT;DEQPAT01
306445295651,2,2,2,2,1,4,Hg,N#CS;N#CS;[H]C1C([H])C([H])N([H])C(S)C1[H];[H]C1C([H])C([H])N([H])C(S)C1[H],0.01,0.7001,False,DERQIA;DERQIA01
764166512485,3,3,3,1,1,4,Pd,[H]C(=NN=C(S)N([H])[H])C1C([H])C([H])C([H])C([H])C1O;[H]C1C([H])C([H])C(P(C2C([H,0.01,0.0316,False,DEYVUZ;DEYVUZ01;DEYVUZ02
523331741388,2,2,2,1,1,4,Pt,Cl;Cl;[H]C(=C([H])P(C1C([H])C([H])C([H])C([H])C1[H])C1C([H])C([H])C([H])C([H])C1,0.01,0.0906,False,DEZJEA;HINCIQ
777583581489,2,2,2,1,1,4,Ni,Cl;Cl;Cl;[H]C1C([H])C([H])C(P(C2C([H])C([H])C([H])C([H])C2[H])C2C([H])C([H])C([H,0.01,0.1803,False,DIDMAG;POQJEM
850628824145,2,2,2,1,1,6,Cu,[H]C1C([H])C([H])C([N+](=O)[O-])C(C(=O)O)C1[H];[H]C1C([H])C([H])C([N+](=O)[O-])C,0.01,1.0,False,DIFKAG;DIFKAG01
759965181611,3,3,3,2,1,4,Ni,[H]C([H])[H];[H]N(C([H])([H])C([H])([H])P(C([H])(C([H])([H])[H])C([H])([H])[H])C,0.01,0.1703,False,DIJPEU;DIJPIY;DIJPOE
139802872947,2,2,2,1,1,4,Zn,Cl;Cl;[H]C1([H])C([H])([H])C([H])(C(=O)O)N([H])([H])C1([H])[H];[H]C1([H])C([H])(,0.01,0.0141,False,DIKVOI;DIKVOI01
880229211119,2,2,2,1,1,6,Mn,Br;Br;[H]c1nn([H])c([H])c1[H];[H]c1nn([H])c([H])c1[H];[H]c1nn([H])c([H])c1[H];[H,0.01,0.3601,False,DIMPEU10;DIMPEU11
919507697231,3,3,2,1,1,4,Ni,[H]C(=NC([H])([H])[H])C1C([H])C([H])C([H])C(OC([H])([H])C([H])([H])[H])C1O;[H]C(,0.01,0.0141,False,DIMREW10;DIMREW11;DIMREW13
449568778564,2,2,2,2,1,4,Ni,[H]C([H])([H])N1C([H])([H])C([H])([H])N(C([H])([H])[H])C([H])([H])C([H])([H])C([,0.01,5.19,True,DITMUO;GAYBIT
22473039320,2,2,2,2,1,6,Cu,[H]OC(OC([H])([H])[H])(C1NC([H])C([H])C([H])C1[H])C1NC([H])C([H])C([H])C1[H];[H],0.01,4.16,False,DITZAI;RORHOV01
555516437749,2,2,2,1,1,6,Mn,Br;C#O;C#O;C#O;[H]C1C([H])C([H])C(N([H])C([H])([H])C2=NC3C([H])C([H])C([H])C([H],0.01,0.2102,True,DIXJEC;DIXJEC01
794371452590,2,2,2,1,1,4,Zn,SSSSSS;[H]C1C([H])C(C2NC(C([H])([H])[H])C([H])C([H])C2[H])NC(C([H])([H])[H])C1[H,0.01,0.0141,False,DIYVEQ;DIYVEQ01
641037686151,2,2,2,1,1,4,Pd,[H]C1C([H])C([H])C(P(C2C([H])C([H])C([H])C([H])C2[H])C2C([H])C([H])C([H])C([H])C,0.01,0.0224,False,DIZYAN;DIZYAN01
406857934271,2,2,2,1,1,5,Co,Cl;Cl;[H]C1C2NC(C([H])C1[H])C1(OC([H])([H])C([H])([H])O1)C1NC(C([H])C([H])C1[H]),0.01,0.1204,False,DOBVUL;DOBVUL01
67207338897,7,7,6,2,2,4,Au,I;I;I;I,0.01,8.84,False,DOFSAW;DOFSEA;DOFSIE;IPUNAI;MEQRUZ;XEQRIW
224169856459,2,2,2,1,1,4,Re,S;S;S;S,0.01,0.3102,False,DOFYOM;DUJWUA12
386851051233,2,2,2,1,1,4,Cu,Cl;Cl;[H]OC1NC(F)C([H])C([H])C1[H];[H]OC1NC(F)C([H])C([H])C1[H],0.01,0.0141,False,DOKGET;DOKGET01
86518889046,2,2,2,1,1,6,Ni,O=N=O;O=N=O;[H]N([H])C([H])([H])C([H])([H])C([H])([H])N([H])[H];[H]N([H])C([H])(,0.01,0.1304,False,DOKWAB;DOKWAB01
551678347965,2,2,2,1,1,4,Ag,[H]C1C([H])C([H])C(P(C2C([H])C([H])C([H])C([H])C2[H])C2C([H])C([H])C([H])C([H])C,0.01,0.7901,False,DOMJAR;XIWSON
50366391386,2,2,2,1,1,4,Pt,Cl;Cl;[H]C1C([H])C(C#N)C([H])C([H])C1Br;[H]C1C([H])C(C#N)C([H])C([H])C1Br,0.01,0.0141,False,DOQNUU;DOQNUU02
462755382547,4,4,4,1,1,6,Co,[H]O[H];[H]O[H];[H]c1nc([H])n([H])c1[H];[H]c1nc([H])n([H])c1[H];[H]c1nc([H])n([H,0.01,0.2102,False,DOXBEX;PAGBEE;PANQUR;YAGBAK
841198670977,2,2,2,1,1,6,Re,Cl;Cl;Cl;Cl;[H]C([H])([H])C([H])([H])P(C([H])([H])C([H])([H])[H])C([H])([H])C([H,0.01,0.0906,False,DOZVAP01;DOZVAP02
472198368596,2,2,2,1,1,4,Cr,[H]C([H])([H])C(N)(C([H])([H])[H])C([H])([H])[H];[H]C([H])([H])C(N)(C([H])([H])[,0.01,0.0316,False,DUHBUD;DUHBUD10
552464996481,2,2,2,1,1,4,Pd,Cl;Cl;[H]C1NC2C3NC([H])C([H])C([H])C3C([H])C([H])C2C([H])C1[H],0.01,0.0224,False,DUPTEO;DUPTEO01
82128048528,3,3,2,1,1,4,Pd,[H]C1NC(N=C(O)N(C([H])([H])[H])C([H])([H])[H])C([H])C(C([H])([H])[H])C1[H];[H]C1,0.01,0.0141,False,DUQRIU;DUQROA;DUQRUG
496888761450,2,2,2,1,1,6,Co,[H]C1C([H])C(C(=O)O)C([H])C([H])C1OC([H])([H])[H];[H]C1C([H])C(C(=O)O)C([H])C([H,0.01,0.2302,False,DUQZIZ;DUQZIZ01
607483060685,3,3,3,1,1,6,Ni,[H]C1C([H])C([H])C2C(N=NN2C([H])([H])C(=O)O)C1[H];[H]C1C([H])C([H])C2C(N=NN2C([H,0.01,0.32,False,DUWQES;DUWQES01;DUWQES02
199029031241,4,4,4,2,2,5,Cu,[H]C1C(C(=O)O)NC(C(=O)O)C([H])C1[H];[H]O[H];[H]O[H],0.01,5.53,False,ECAFIX06;ECAFIX11;ECAFIX14;ECAFIX15
174628060985,2,2,2,1,1,6,Zn,[H]C1C(C(=O)O)NC(C(=O)O)C([H])C1[H];[H]C1NC2C3NC([H])C([H])C([H])C3C([H])C([H])C,0.01,0.01,True,ECULAQ;ECULAQ01
383435970121,2,2,2,1,1,4,Cu,[H]C1C([H])C2C([H])C([H])C(C(C([H])([H])[H])(C([H])([H])[H])C([H])([H])[H])NC2C2,0.01,0.0906,True,EDOFEJ;EDOFIN
612413290963,2,2,2,1,1,6,Fe,[H]B([H])([H])C#N;[H]B([H])([H])C#N;[H]C1NC(N2N=N(C([H])([H])[H])C(C3C([H])C([H],0.01,0.4401,False,EFAKAB;EFAKAB01
191074242940,2,2,2,2,1,6,Mn,[H]OC(=O)c1c(C(=O)O)nc([H])n1[H];[H]OC(=O)c1c(C(=O)O)nc([H])n1[H];[H]O[H];[H]O[H,0.01,1.25,False,EMIBAD;EPASIY
601702741819,2,2,2,2,1,6,Mn,[H]C1C([H])C([H])C2C([H])C3C(=O)N([H])N=C(O)C3NC2C1[H];[H]C1C([H])C([H])C2C([H]),0.01,1.24,False,EMOQEE;EMOQEE01
224315209333,2,2,2,1,1,4,Rh,C#O;C#O;[H]C1C([H])C(C([H])(C([H])([H])[H])C([H])([H])[H])C(NC(C([H])C(NC2C(C([H,0.01,0.8201,False,ENAQOA;ENAQOA01
930157218233,2,2,2,1,1,4,Cu,Br;[H]C1C([H])C([H])C(P(C2C([H])C([H])C([H])C([H])C2[H])C2C([H])C([H])C([H])C([H,0.01,0.0141,False,ENUGAW;ENUGAW01
448619045886,2,2,2,2,2,4,Pd,I;I;[H]C1C([H])C([H])C(C2CN(C([H])([H])C([H])([H])[H])NN2C([H])([H])[H])C([H])C1,0.01,8.11,False,ENUVEP;ENUVIT
747761006060,2,2,2,1,1,6,Mn,[H]O[H];[H]O[H];[H]O[H];[H]O[H];[H]c1nc([H])n(C2C([H])C([H])C(C(=O)C3C([H])C([H],0.01,0.1105,False,EPEHEP;KEFVEA
175329718918,2,2,2,1,1,4,Zn,Cl;Cl;[H]C1C([H])C([H])C(N([H])[H])C(N([H])[H])C1[H],0.01,0.0224,False,EQAXUR;EQAXUR01
471048565681,2,2,2,1,1,6,Co,N=C=S;N=C=S;[H]C(=C([H])C1C([H])C([H])C([H])C(C([H])=C([H])C2NC([H])NC([H])C2[H],0.01,0.051,False,EQOXIR;EQOXIR01
600558673918,2,2,2,1,1,4,Pt,[H]C([H])([H])C#N;[H]C([H])([H])C#N;[H]C([H])([H])OC(=O)C1(C2(C(=O)OC([H])([H])[,0.01,0.1903,False,ERAHAI;ERAHEM
41863548506,2,2,2,1,1,6,Cd,N=C=S;N=C=S;[H]C1NC2C3NC([H])C([H])C([H])C3C([H])C([H])C2C([H])C1[H];[H]C1NC2C3N,0.01,1.74,False,EREVUT;EREVUT01
931550327865,2,2,2,1,1,6,Fe,C#N;C#N;[H]c1c2nc(c([H])c3[nH]c(c([H])c4nc(c([H])c5[nH]c1C1C([H])C([H])C([H])C([,0.01,0.1005,False,ERIMEZ02;QORKUF
304216802085,2,2,2,1,1,4,Cu,Cl;[H]C1C([H])C([H])C(P(C2C([H])C([H])C([H])C([H])C2[H])C2C([H])C([H])C([H])C([H,0.01,0.0141,False,ERINUP;ERINUP01
604551408443,2,2,2,1,1,6,Ni,N#CNC#N;N#CNC#N;[H]c1nc([H])n(C([H])([H])C([H])([H])[H])c1[H];[H]c1nc([H])n(C([H,0.01,0.2502,False,ERUSES;ERUSES02
152466697656,2,2,2,1,1,4,Hg,Cl;Cl;[H]C([H])([H])C(N=[Te]1N(C(C([H])([H])[H])(C([H])([H])[H])C([H])([H])[H])[,0.01,0.1005,False,ETANUI;ETAPAQ
792466325125,2,2,2,1,1,5,Cu,[H]C1NC(C([H])([H])N([H])C([H])([H])C([H])([H])C([H])([H])N([H])C([H])([H])C([H],0.01,0.0141,False,EVERIG;EVERIG01
197210372434,2,2,2,1,1,4,Pd,[H]C(=NC1C([H])C([H])C(N(C([H])([H])[H])C([H])([H])[H])C([H])C1[H])C1C([H])C([H],0.01,0.2402,False,EVEROM;EVEROM01
200786833329,2,2,2,1,1,4,Pd,[H]C([H])([H])C(=O)O;[H]C1C([H])C([H])C(C([H])([H])P(C(C([H])([H])[H])(C([H])([H,0.01,0.01,False,EWIBAQ;EWIBAQ01
414175965588,2,2,2,2,1,4,Zn,Cl;Cl;Cl;[H]C1([H])C([H])([H])C([H])([H])N2([H])C([H])([H])C3([H])C([H])([H])C([,0.01,0.5101,False,EWOZOG;EWOZUM
644313835390,3,3,3,2,1,5,Cu,N=N=N;[H]C1NC(C([H])([H])N(C([H])([H])C2NC([H])C([H])C([H])C2[H])C([H])([H])C2NC,0.01,4.54,False,EXEPUS;EXEPUS01;EXEPUS02
640517489483,2,2,2,1,1,6,Ni,[H]C1NC(C(=O)O)C([H])C2C([H])C([H])C([H])C([H])C12;[H]C1NC(C(=O)O)C([H])C2C([H]),0.01,0.2302,False,EXOZEW;EXOZEW01
907591368236,2,2,2,1,1,6,Co,N=C=S;N=C=S;[H]C1NC([H])C(C([H])([H])[H])C([H])C1[H];[H]C1NC([H])C(C([H])([H])[H,0.01,0.0707,False,EYAROM;EYAROM01
910181196867,3,3,2,1,1,4,Zn,[H]c1c([H])c([H])c2c3nc4nc(nc5[nH]c(nc6nc(nc([nH]3)c2c1[H])C1C([H])C([H])C([H])C,0.01,0.0141,False,EYEYOZ;PTHCZN02;PTHCZN03
575528364636,2,2,2,1,1,4,Cu,[H]C(C(O)C([H])([H])[H])C(O)C([H])([H])[H];[H]C1NC(C2NC([H])C([H])C(C([H])([H])[,0.01,0.0316,False,EYIKIG;EYIKIG01
783499921423,3,3,3,1,1,4,Cu,[H]N([H])C(=S)N([H])C([H])([H])[H];[H]N([H])C(=S)N([H])C([H])([H])[H];[H]N([H])C,0.01,0.91,False,EYOTUI;RIQJUX;VIKFEB
444301619612,2,2,2,1,1,6,Zn,[H]C(=C([H])C1C([H])C([H])C([H])C2C([H])C([H])C([H])C([H])C12)C1C([H])C([H])NC([,0.01,0.1903,False,FABKED;FABTEM
417165333012,2,2,2,1,1,6,Cu,O=[N+]([O-])O;O=[N+]([O-])O;[H]C([H])=C([H])C(=O)N([H])[H];[H]C([H])=C([H])C(=O),0.01,0.2802,False,FADQIL;FADQIL01
507282801210,2,2,2,2,2,4,Ni,[H]C1C([H])C(C([H])([H])[H])C([H])C(S)C1S;[H]C1C([H])C(C([H])([H])[H])C([H])C(S),0.01,8.27,False,FAGTEN;FAGTEN01
752630217972,2,2,2,1,1,4,Pd,Cl;Cl;[H]N1C2=NC([H])([H])C([H])([H])C([H])([H])N2C([H])([H])C([H])([H])C1([H])[,0.01,0.01,False,FAJGIH;FAJGIH01
770800096904,2,2,2,1,1,4,Fe,N=O;N=O;[H]C1C([H])C([H])C(S)C([H])C1[H];[H]C1C([H])C([H])C(S)C([H])C1[H],0.01,0.01,False,FAMROA;FAMROA01
573367481169,2,2,2,1,1,6,Ni,N=C=S;N=C=S;[H]O[H];[H]O[H];[H]O[H];[H]O[H],0.01,0.1903,False,FAYJIZ;LOSHOS
681880833915,2,2,2,1,1,4,Pt,Cl;[H]C1NC(C2NC(C3NC([H])C([H])C([H])C3[H])C([H])C(Cl)C2[H])C([H])C([H])C1[H],0.01,0.0141,False,FAYLEA;FAYMEB
309147109431,3,3,3,2,2,4,Pt,[H]N([H])[H];[H]N([H])[H];[H]c1nc2nc(N([H])[H])n([H])c(=O)c2n1C([H])([H])[H];[H],0.01,8.7,False,FAZDOB;FAZDUH;OHOPAD
776862527367,2,2,2,2,1,6,Fe,N=C=S;N=C=S;[H]C1NC(C2NC([H])C([H])C([H])C2[H])C([H])C([H])C1[H];[H]C1NC(C2NC([H,0.01,3.0,False,FEBPYC02;FEBPYC03
890887280143,2,2,2,2,2,6,Fe,C#O;C#O;C#O;[H]C([H])([H])OC=C(C(=O)OC([H])([H])[H])C([H])([H])C=O;[H]C1C([H])C(,0.01,2.9,False,FECPCC;FECPCC10
299390639415,2,2,2,1,1,6,Co,O=[N+]([O-])O;O=[N+]([O-])O;[H]C1NC([H])C([H])C([H])C1[H];[H]C1NC([H])C([H])C([H,0.01,0.01,False,FEHSES;FEHSES01
855174352029,4,4,4,1,1,6,Fe,[H]c1noc([H])c1[H];[H]c1noc([H])c1[H];[H]c1noc([H])c1[H];[H]c1noc([H])c1[H];[H]c,0.01,0.5901,False,FEISXC02;FEISXC03;FEISXC04;FEISXC07
478248917514,3,3,3,3,2,4,Pd,[H]C1C([H])C([H])C(P(C2C([H])C([H])C([H])C([H])C2[H])C2C([H])C([H])C([H])C([H])C,0.01,8.49,True,FENRAS;FENRAS01;FENRAS02
794893020639,2,2,2,2,2,6,Mo,N=C=S;N=C=S;N=C=S;N=C=S;N=C=S;O,0.01,1.36,True,FESRUQ;KUXKEU
188890236000,2,2,2,1,1,4,Cu,Br;[H]C(=NC([H])([H])C1NC([H])C([H])C([H])C1[H])C1C([H])C([H])C([H])C(OC([H])([H,0.01,0.0707,False,FEVFUI;FEVFUI01
168869309595,2,2,2,1,1,4,Ni,Cl;[H]C1C(C([H])([H])[H])N(B([H])(N2NC(C(C([H])([H])[H])(C([H])([H])[H])C([H])([,0.01,0.0141,False,FIFDOO;FIFDOO01
542197762509,2,2,2,2,2,5,Cu,[H]C([H])([H])N(C([H])([H])[H])C([H])([H])C([H])([H])N(C([H])([H])[H])C([H])([H],0.01,5.58,False,FIHTEW;FIHTEW01
345403465818,2,2,2,2,1,5,Fe,N=C=S;N=C=S;N=C=S;[H]C1NC([H])C([H])C(C2C([H])C([H])NC([H])C2[H])C1[H];[H]C1NC([,0.01,3.9,False,FIRBIR;FIRBIR01
597981677793,2,2,2,1,1,4,Pt,Cl;[H]C1C([H])C([H])C(C#CC2C([H])C([H])C(N#C)C([H])C2[H])C([H])C1[H];[H]C1CC(C2N,0.01,0.0316,False,FIWGEB;VUXREO
277604594829,2,2,2,1,1,5,Co,N=C=S;N=C=S;[H]c1nn(C([H])([H])C([H])([H])N([H])C([H])([H])C([H])([H])n2nc([H])c,0.01,0.0141,True,FOCLOA;FOCLOA01
152061135067,4,4,3,1,1,4,Pd,[H]NC(NC(N[H])C([H])(Cl)Cl)C([H])(Cl)Cl;[H]NC(NC(N[H])C([H])(Cl)Cl)C([H])(Cl)Cl,0.01,0.0141,False,FOFKAQ;FOFKEU;LITKIM;LITKOS
736675537168,2,2,2,1,1,4,Pt,[H]C(C(O)C(C([H])([H])[H])(C([H])([H])[H])C([H])([H])[H])C(O)C(C([H])([H])[H])(C,0.01,0.0141,False,FOFXUW;FOFYAD
771887839661,2,2,2,1,1,6,Mn,[H]C1C([H])C([H])C(N([H])C2C([H])C([H])C([H])C(C([H])([H])[H])C2C([H])([H])[H])C,0.01,1.56,False,FOHFAL;FOHFAL01
208314416461,2,2,2,2,2,4,Pd,I;[H]C1C([H])C([H])C(P(C2C([H])C([H])C([H])C([H])C2[H])C2C([H])C([H])C([H])C([H],0.01,8.19,False,FOKKEW;FOKKEW01
490541872660,2,2,2,1,1,6,Mn,Br;C#O;C#O;C#O;[H]C1C([H])C([H])C(P(C2C([H])C([H])C([H])C([H])C2[H])C([H])([H])C,0.01,1.76,False,FOKXIN;OMEKOG
426011089820,2,2,2,2,2,4,Zr,[H]C1C([H])C(C(C([H])([H])[H])(C([H])([H])[H])C([H])([H])[H])C(O)C(C(C([H])([H]),0.01,2.46,True,FOMZEM;FOMZEM10
582174558414,2,2,2,1,1,6,Co,[H]C1C([H])C([H])C(C(=O)O)C(OC([H])([H])C(=O)O)C1[H];[H]O[H];[H]O[H];[H]O[H],0.01,0.0316,False,FONDAO;FONDAO01
574244342904,2,2,2,1,1,4,Pd,[H]C1NC(N([H])P(C2C([H])C([H])C([H])C([H])C2[H])C2C([H])C([H])C([H])C([H])C2[H]),0.01,0.1404,False,FOQZUG;ROQSIB
818224414445,5,5,3,2,2,4,Ni,[H]C(S)=C(S)C1C([H])C([H])NC([H])C1[H];[H]C(S)=C(S)C1C([H])C([H])NC([H])C1[H],0.01,8.85,False,FOSHUR;QUPDIP;QUPDOV;RATFAV;TEXGOU
64390212023,2,2,2,1,1,4,Cu,Cl;Cl;[H]C1C([H])C(C2NC(C([H])([H])[H])C([H])C([H])C2[H])NC(C([H])([H])[H])C1[H],0.01,0.0224,False,FOSTAK;FOSTAK01
853835268806,2,2,2,1,1,4,Cu,[H]C(=NC([H])([H])C([H])([H])N=C([H])C1C([H])C(Br)C([H])C([H])C1O)C1C([H])C(Br)C,0.01,0.0412,False,FOWCUQ;FOWCUQ01
134005629757,2,2,2,1,1,5,V,Fc1c(F)c(F)c2c3nc4nc(nc5[nH]c(nc6nc(nc([nH]3)c2c1F)C1C(F)C(F)C(F)C(F)C61)C1C(F)C,0.01,0.0224,True,FUBFOA;FUBFOA01
276162636427,2,2,2,1,1,4,Au,Cl;Cl;Cl;[H]C1NC(C([H])([H])[H])C([H])C([H])C1[H],0.01,0.0316,False,FUDKEY;FUDKEY01
243672093093,3,3,3,2,1,6,Ni,[H]C(=NC([H])([H])C([H])([H])C([H])([H])N=C([H])C1C([H])C([H])C([H])C(OC([H])([H,0.01,4.34,True,FUFGIW;FUFGIW01;FUFGIW02
60092901182,3,3,2,1,1,4,Pd,Cl;Cl;[H]C1C([H])C([H])C(P(C2C([H])C([H])C([H])C([H])C2OC([H])([H])[H])C2C([H])C,0.01,0.01,False,FUFZIQ;FUFZIQ01;FUFZIQ02
871260725297,2,2,2,1,1,4,Cu,[H]N=C(OC([H])([H])C([H])([H])[H])N([H])C(=N[H])N([H])[H];[H]N=C(OC([H])([H])C([,0.01,0.01,False,FUGJAT;JOFTUT
745639951407,2,2,2,1,1,4,Cu,[H]C(=NC([H])([H])C([H])([H])N([H])C1C([H])C([H])C2C(=O)N(C([H])([H])C([H])([H]),0.01,0.01,False,FUHHEY;WELROX
126538064381,4,4,4,1,1,6,Ni,Cl;Cl;[H]C1C([H])C([H])C(N([H])[H])C(N([H])[H])C1[H];[H]C1C([H])C([H])C(N([H])[H,0.01,0.2502,False,FUJQOQ;FUJQOQ01;FUJQOQ02;FUJQOQ03
342752199838,2,2,2,2,1,4,Ag,O=N(O)O;[H]C1C([H])C([H])C(P(C2C([H])C([H])C([H])C([H])C2[H])C2C([H])C([H])C([H],0.01,5.93,False,FUJTEL;FUJTEL01
870836226768,4,4,4,1,1,6,Ni,[H]C([H])([H])C#N;[H]C([H])([H])C#N;[H]C([H])([H])C#N;[H]C([H])([H])C#N;[H]C([H],0.01,0.2202,False,FUJVAH;OCELAK;XENBIE;XUGBIK
636024038146,2,2,2,1,1,4,Pd,[H]C([H])([H])C#N;[H]C([H])[H];[H]C1C([H])C([H])C(P(C2C([H])C([H])C([H])C([H])C2,0.01,0.01,False,FUNRIQ;FUNROW
356257356810,3,3,2,1,1,4,Ni,[H]C1NC(S)C(S)NC1[H];[H]C1NC(S)C(S)NC1[H],0.01,0.01,False,FUXREX01;FUXREX02;ZESCUX
195755090654,3,3,3,1,1,6,Zn,[H]C1NC([H])C([H])C(C(=O)N([H])[H])C1[H];[H]C1NC([H])C([H])C(C(=O)N([H])[H])C1[H,0.01,0.18,False,FUZGOX;LEHJAK;MEWBOH
583691773359,2,2,2,1,1,4,Ag,Cl;[H]C1C([H])C([H])C(P(C2C([H])C([H])C([H])C([H])C2[H])C2C([H])C([H])C([H])C([H,0.01,0.0141,False,FUZNAR;NABFIH
173653991089,2,2,2,1,1,4,Zn,N=C=S;N=C=S;[H]C1NC(N([H])[H])C([H])C([H])C1[H];[H]C1NC(N([H])[H])C([H])C([H])C1,0.01,0.0316,False,FUZXOP;FUZXOP01
986291824019,2,2,2,1,1,4,Pd,[H]OC(O[H])(C1NC([H])C([H])C([H])C1[H])C1NC([H])C([H])C([H])C1[H];[H]OC(O[H])(C1,0.01,0.0141,False,GABQEH;XILMAH
495420286845,2,2,2,1,1,4,Au,Cl;[H]C1CC(C2CC(C3NC([H])C([H])C([H])C3[H])C([H])C([H])C2[H])C([H])C([H])C1[H],0.01,0.051,False,GAFLEI;GAFLUY
63076699292,2,2,2,1,1,4,Ni,[H]C1C(S)C(S)C([H])C(C#N)C1C#N;[H]C1C(S)C(S)C([H])C(C#N)C1C#N,0.01,0.0141,False,GAFYAO;NIZBED
261388429527,2,2,2,1,1,4,Pd,[H]C1C([H])C([H])C(P(C2C([H])C([H])C([H])C([H])C2[H])C2C([H])C([H])C([H])C([H])C,0.01,0.0141,False,GAHROY;GAHROY01
759043367654,3,3,3,2,2,4,Ni,[H]C1=C([H])C2=C(C3C([H])C([H])C([H])C([H])C3[H])c3[nH]c(c([H])c3[H])N(C([H])([H,0.01,8.8,False,GAJBIH;GAJBUT;GAJCOO
178459999201,2,2,2,2,1,6,Cu,O=[N+]([O-])O;O=[N+]([O-])O;[H]N1C([H])([H])C([H])([H])C([H])(C([H])([H])[H])N([,0.01,0.6101,False,GANXOK;GANXOK01
820000202969,2,2,2,1,1,6,Fe,[H]C1NC(C(C2NC([H])C([H])C([H])C2[H])(C2NC([H])C([H])C([H])C2[H])C2NC([H])C([H]),0.01,0.0707,False,GECHON;RUCJEF
999906762044,2,2,2,1,1,4,Pt,Cl;Cl;[H]C1NC(C(C2NC([H])C([H])C([H])C2[H])(C([H])([H])[H])C([H])([H])[H])C([H]),0.01,0.051,False,GEHQUI;GEHQUI01
148101861183,2,2,2,2,1,6,Ni,[H]C1C([H])C([H])C2C(N=C(C3=NC4C([H])C([H])C([H])C([H])C4N3[H])N2[H])C1[H];[H]C1,0.01,3.0,True,GELGUB;GELGUB01
814033862983,2,2,2,2,2,4,Pt,[H]NC1C([H])=C([H])C([H])=C([H])C1N[H];[H]NC1C([H])=C([H])C([H])=C([H])C1N[H],0.01,10.6,False,GEPSEA;GEPSEA01
802003771098,2,2,2,2,2,4,Pd,Cl;Cl;[H]C1=C([H])N(C2C(C([H])(C([H])([H])[H])C([H])([H])[H])C([H])C([H])C([H])C,0.01,8.79,False,GEXGOI;ZEJJEF
915701007258,2,2,2,1,1,6,Mn,Cl;Cl;[H]c1nn([H])c([H])c1[H];[H]c1nn([H])c([H])c1[H];[H]c1nn([H])c([H])c1[H];[H,0.01,0.5401,False,GEXJOI;GEXJOI01
28967725986,2,2,2,1,1,6,Zn,[H]C1NC(C2NC(C3NC([H])C([H])C([H])C3[H])C([H])C(C(=O)O)C2[H])C([H])C([H])C1[H];[,0.01,0.01,False,GEXQUX;GEXQUX01
957884932815,2,2,2,1,1,4,Ni,[H]C(=NC1([H])C([H])([H])C([H])([H])C([H])([H])C([H])([H])C1([H])[H])c1c(C([H])(,0.01,0.0141,False,GEXZIS;GEXZIS10
797812932831,2,2,2,1,1,6,Ni,[H]C(=NN=C(S)N([H])C([H])([H])[H])C1NC([H])C([H])C([H])C1[H];[H]C(=NN=C(S)N([H]),0.01,0.01,False,GICKOT;GICKOT01
518932768378,3,3,2,1,1,4,Co,N=C=S;N=C=S;[H]C1NC([H])C([H])C(N(C([H])([H])[H])C([H])([H])[H])C1[H];[H]C1NC([H,0.01,0.2002,False,GIQPEE;GIQPEE02;GIQPEE03
178717536786,5,5,5,1,1,4,Zn,Br;Br;[H]C1NC([H])C([H])C([H])C1[H];[H]C1NC([H])C([H])C([H])C1[H],0.01,0.24,False,GITCUH;GITCUH01;GITCUH02;GITCUH03;GITCUH04
437825372842,2,2,2,1,1,4,Ag,Cl;[H]C1C([H])C([H])C(P(C2C([H])C([H])C([H])C([H])C2[H])C2C([H])C([H])C([H])C([H,0.01,0.0141,False,GIXHAW;GIXHAW01
280806064349,3,3,3,2,1,6,Ni,[H]C([H])([H])C(=O)O;[H]C([H])([H])C(=O)O;[H]C1NC(C2NC([H])C([H])C([H])C2[H])C([,0.01,1.4,False,GIZHUS;GIZHUS01;GIZHUS02
576069743622,2,2,2,1,1,6,Ni,Cl;Cl;[H]C1NC(C([H])([H])SC([H])([H])C([H])([H])SC([H])([H])C2NC([H])C([H])C([H],0.01,0.1304,False,GODGEL;GODGEL01
416935437068,2,2,2,1,1,6,Fe,[H]c1nnc([H])n1N1C(=O)C2C([H])C([H])C([H])C3C([H])C([H])C([H])C(C1=O)C23;[H]c1nn,0.01,0.0224,False,GOGSAZ;GOGSAZ01
465526173131,2,2,2,1,1,6,Ni,[H]C(=NC([H])([H])C([H])([H])C([H])([H])N([H])C([H])([H])[H])C1C([H])C([H])C([H],0.01,1.23,False,GOHBIP;XUGVUS
74055034043,2,2,2,1,1,4,Pt,[H]C1C([H])C([H])C(P(C2CC(F)C(F)C(F)C2F)C2C([H])C([H])C([H])C([H])C2[H])C([H])C1,0.01,0.1105,False,GOHYUY;GOHYUY01
140764242352,2,2,2,1,1,6,Pt,[H]C1=C([H])c2nc1c(C1C([H])C([H])C([H])C([H])C1[H])c1[nH]c(c([H])c1[H])c(C1C([H],0.01,0.3202,False,GOMCIW;ZUCFIP
621570936875,2,2,2,1,1,4,Ni,Cl;[H]C(=NC1C([H])C([H])C([H])C([H])C1P(C1C([H])C([H])C([H])C([H])C1[H])C1C([H]),0.01,0.0141,False,GONPOO;GONPOO01
101669717083,2,2,2,1,1,4,Ni,[H]C([H])([H])C([H])([H])C([H])([H])C([H])([H])C([H])([H])C([H])([H])OC(S)S;[H]C,0.01,7.62,False,GOQYIU;GOQYIU01
929014894937,2,2,2,1,1,4,Pd,[H]C(=NN=C(S)N([H])[H])C1NC([H])C([H])C([H])C1[H];[H]C1C([H])C([H])C(P(C2C([H])C,0.01,0.1404,False,GOTPOW;OQIKAB
230389493089,2,2,2,1,1,4,Pt,[H]C1C(C2=CN(C3C([H])C(C(C([H])([H])[H])(C([H])([H])[H])C([H])([H])[H])C([H])C(C,0.01,0.0141,False,GOTTUI;GOTVAQ
742108494727,3,3,3,1,1,4,Zn,Cl;Cl;[H]C1NC(N([H])C2NC([H])C([H])C([H])C2[H])C([H])C([H])C1[H],0.01,0.04,False,GOWQUE;GOWQUE01;GOWQUE02
409436723625,2,2,2,1,1,4,Cu,[H]C1C([H])C([H])C(P(C2C([H])C([H])C([H])C([H])C2[H])C2C([H])C([H])C([H])C3C2OC2,0.01,0.0412,False,GOZDEH;GOZDEH01
970017194098,2,2,2,1,1,4,Pt,[H]OC(=O)C([H])([H])N(C(S)S)C([H])([H])C(=O)O[H];[H]OC(=O)C([H])([H])N(C(S)S)C([,0.01,0.0141,False,GUCQAZ;MOHNUU
799190410652,2,2,2,1,1,4,Ni,Br;[H]C1C([H])C(C([H])([H])P(C(C([H])([H])[H])(C([H])([H])[H])C([H])([H])[H])C(C,0.01,0.0316,False,GUDQOO;GUDQOO01
491254172454,2,2,2,1,1,4,Zn,Br;Br;[H]C1NC(Cl)C([H])C([H])C1[H];[H]C1NC(Cl)C([H])C([H])C1[H],0.01,0.0224,False,GUJNEH;GUJNEH01
355186153951,2,2,2,1,1,4,Zn,Cl;Cl;[H]C1NC([H])C(Br)C([H])C1[H];[H]C1NC([H])C(Br)C([H])C1[H],0.01,1.64,False,GUJPIN;GUJPIN01
974483670479,2,2,2,2,1,6,Cu,[H]c1c(C([H])([H])N2C([H])([H])C([H])([H])OC([H])([H])C([H])([H])OC([H])([H])C([,0.01,1.85,False,GUKLUU;GUKLUU01
687747177721,2,2,2,2,2,4,Pt,[H]C1CC(C2NC([H])C([H])C([H])C2[H])C([H])C([H])C1[H];[H]c1c(C2C([H])C([H])C([H]),0.01,9.44,False,GUVFOW;GUVGIR
748994386566,2,2,2,1,1,4,Zn,Br;Br;Br;[H]C1=C(C([H])([H])C([H])(C(=O)O)N([H])([H])[H])N([H])=C([H])N1[H],0.01,0.01,False,HADXAP;HADXET
350956059484,2,2,2,1,1,4,Zn,Br;Br;[H]C1C([H])C([H])C2C(N=NN2[H])C1[H];[H]C1C([H])C([H])C2C(N=NN2[H])C1[H],0.01,0.3801,False,HAFYAS;HAFYUM
278723143312,2,2,2,1,1,6,Co,[H]N(C(=O)N([H])C([H])([H])C([H])([H])[H])C([H])([H])C([H])([H])[H];[H]N(C(=O)N(,0.01,0.0224,False,HAHKAF;HAHKEJ
49263314526,2,2,2,1,1,6,Zn,[H]C([H])([H])C#N;[H]C([H])([H])C#N;[H]C1C([H])C([H])C2C(C1[H])C([H])C([H])C([H],0.01,0.6801,False,HALSEW;HALSIA
560870129702,2,2,2,1,1,5,Ir,Cl;[H]C(=CC#CC([H])([H])[H])C([H])([H])[H];[H]C([H])([H])P(C([H])([H])[H])C([H]),0.01,0.0141,False,HANWAU;HANWAU01
192855852109,2,2,2,1,1,4,Ni,[H]C1([H])OC([H])([H])C([H])([H])OC([H])([H])C([H])([H])SC(S)=C(S)SC([H])([H])C(,0.01,0.0141,False,HARGUE;HARHEP
293623135742,2,2,2,2,2,6,Mn,S=[As](S)(S)S;[H]C1NC2C3NC([H])C([H])C([H])C3C([H])C([H])C2C([H])C1[H];[H]C1NC2C,0.01,1.43,True,HAVJIZ;HAVJOF
257227242349,2,2,2,1,1,4,Co,Cl;Cl;Cl;[H]C1([H])N2C([H])([H])C([H])([H])N([H])(C1([H])[H])C([H])([H])C2([H])[,0.01,0.0141,False,HAYRUW;HAYRUW01
833038569175,3,3,3,1,1,4,Cu,O=[N+]([O-])O;O=[N+]([O-])O;[H]N(C([H])([H])[H])C([H])([H])C([H])([H])N([H])C([H,0.01,0.051,False,HAZCUH;KOGXOT;KOGXOT01
228888632736,2,2,2,1,1,4,Zn,[H]C(=NC([H])(C1C([H])C([H])C([H])C([H])C1[H])C([H])([H])[H])C1C([H])C([H])C2C([,0.01,0.01,True,HAZTEL;HAZTOV
60909650608,2,2,2,1,1,4,Pd,Cl;Cl;[H]OC([H])([H])C([H])([H])N([H])C([H])([H])C([H])([H])N([H])[H],0.01,0.0141,False,HAZVUZ;HAZVUZ01
937873890923,2,2,2,1,1,4,Pd,N#CS;[H]C(=NC1C([H])C([H])C([H])C([H])C1[H])C1CC([H])C([H])C([H])C1[H];[H]C1C([H,0.01,0.0141,False,HEGZEA;HEGZEA01
241786608954,2,2,2,1,1,6,Os,[H]C([H])([H])C([H])([H])N(N)C([H])([H])C([H])([H])[H];[H]C1NC(C2NC(C3NC([H])C([,0.01,1.97,False,HEJJUB;HEJJUB01
544340197637,2,2,2,2,1,6,Fe,[H]B([H])([H])C#N;[H]B([H])([H])C#N;[H]C1NC([H])C(C([H])([H])N(C([H])([H])[H])C(,0.01,1.1,False,HEKGIQ;HEKGIQ01
947662078076,2,2,2,1,1,4,Cu,I;[H]C1NC(C(=NN=C(S)N([H])C([H])([H])[H])C([H])([H])[H])C([H])C([H])C1[H],0.01,0.01,False,HEMPOH;HEMPOH01
142612792181,2,2,2,2,1,5,Os,[H]C1C(F)C(F)C(S)C(F)C1F;[H]C1C(F)C(F)C(S)C(F)C1F;[H]C1C(F)C(F)C(S)C(F)C1F;[H]C1,0.01,4.49,True,HENXIH;HENXIH01
267365412040,2,2,2,1,1,6,Mn,[H]OC1C([H])C(O[H])C(C(=O)O)C(O[H])C1[H];[H]OC1C([H])C(O[H])C(C(=O)O)C(O[H])C1[H,0.01,0.3701,False,HEQPEC;HEQPEC01
431475616699,2,2,2,1,1,4,Au,[H]C([H])([H])C([H])([H])C([H])([H])n1c(S)c(S)sc1=S;[H]C([H])([H])C([H])([H])C([,0.01,0.01,False,HEVFEW;JEJXEE
542832390400,2,2,2,1,1,5,Ru,Cl;Cl;[H]C1C(C([H])([H])[H])C([H])C(C([H])([H])[H])C(N2CN(C3C(C([H])([H])[H])C([,0.01,0.0141,False,HEZVAM;HEZVAM01
325795464262,2,2,2,1,1,5,Re,O;[H]N(C([H])([H])C([H])([H])NC([H])([H])C(S)(C([H])([H])C([H])([H])[H])C([H])([,0.01,0.0316,True,HIBNUB;PELSEE
310290140071,2,2,2,1,1,4,Pd,Br;[H]C1C([H])C([H])C(P(C2C([H])C([H])C([H])C([H])C2[H])C2C([H])C([H])C([H])C([H,0.01,0.5401,False,HIBPEN;HIBPEN01
579108215900,2,2,2,1,1,5,Cu,Cl;[H]C1NC(C2NC([H])C([H])C([H])C2[H])C([H])C([H])C1[H];[H]OP(=O)(O)C(C([H])([H],0.01,0.01,False,HIDVIA;HIDVIA01
598764129701,2,2,2,1,1,4,Pt,[H]c1nc([H])n(C([H])([H])[H])c1[H];[H]c1nc([H])n(C([H])([H])[H])c1[H];[H]c1nc([H,0.01,0.01,False,HIGVUO02;QUJYUS
671148145053,3,3,3,3,1,6,Co,N=C=S;N=C=S;[H]OC([H])([H])C1NC([H])C([H])C([H])C1[H];[H]OC([H])([H])C1NC([H])C(,0.01,4.19,True,HIQFUJ;HIQFUJ01;HIQFUJ02
372415085064,2,2,2,1,1,4,Zn,Cl;Cl;[H]C(=O)C1C([H])NC([H])C([H])C1[H];[H]C(=O)C1C([H])NC([H])C([H])C1[H],0.01,0.0412,False,HIQLEZ;HIQLEZ01
283193352052,2,2,2,2,2,4,Pt,Cl;Cl;[H]C1=NC([H])([H])C([H])([H])C([H])([H])N1C([H])([H])[H];[H]C1C([H])C([H]),0.01,8.91,False,HITKIE;HITKOK
782372927715,2,2,2,1,1,4,Cu,[H]ON=C(C1C([H])C(C([H])([H])[H])C([H])C([H])C1O)C([H])([H])[H];[H]ON=C(C1C([H]),0.01,0.01,False,HMPMCU01;HMPMCU02
482131758320,2,2,2,1,1,4,Pd,Cl;[H]C1C([H])C([H])C(C2=NC(C([H])([H])[H])(C([H])([H])[H])C([H])([H])O2)C(S)C1[,0.01,0.1603,False,HOSZAS;HOSZEW
199789908650,5,5,5,2,1,6,Zn,[H]OC(=O)c1c(C(=O)O)nc([H])n1[H];[H]OC(=O)c1c(C(=O)O)nc([H])n1[H];[H]O[H];[H]O[H,0.01,1.31,False,HOTFAZ;KERLOJ;RAJLIY;RAJLIY02;RAJLIY03
647001202696,2,2,2,1,1,4,Ni,Cl;Cl;[H]C1NC(C([H])([H])C([H])([H])N2C([H])([H])C3C([H])C([H])C([H])C([H])C3C3C,0.01,0.0141,False,HUHLAY;PEBHOW
308525836261,2,2,2,1,1,5,Cu,[H]OC1([H])c2nn(c(C([H])([H])[H])c2[H])C([H])(O[H])c2nn(c(C([H])([H])[H])c2[H])C,0.01,0.1204,True,HUKDEW;HUKDIA
692381388409,2,2,2,1,1,6,Zn,N#CNC#N;N#CNC#N;[H]C1NC2C(C([H])C1[H])C([H])C([H])C([H])C2N([H])[H];[H]C1NC2C(C(,0.01,0.8701,False,HUMBOK;HUMBOK01
236651139414,3,3,2,1,1,4,Co,[H]C1C([H])C(C([H])([H])[H])NC(C([H])([H])NS(=O)(=O)C(F)(F)F)C1[H];[H]C1C([H])C(,0.01,0.01,True,HUSGEH;HUSGEH01;HUSGEH02
161305526337,2,2,2,1,1,4,Pt,I;I;[H]C1C([H])C([H])C(P(C2C([H])C([H])C([H])C([H])C2[H])C2C([H])C([H])C([H])C([,0.01,0.0141,False,HUYLEW;TAJTUT
764386614140,2,2,2,1,1,4,Ni,Cl;Cl;[H]C([H])(P(C1([H])C([H])([H])C([H])([H])C([H])([H])C([H])([H])C1([H])[H]),0.01,0.0608,False,IBAVOW;MAQNID
437230158484,2,2,2,1,1,4,Zn,Br;[H]C1C([H])C([H])C(B(C([H])([H])SC(C([H])([H])[H])(C([H])([H])[H])C([H])([H]),0.01,0.01,False,IBEQEL;IBEQEL01
759267366454,2,2,2,1,1,4,Cu,I;[H]C1C([H])C([H])C(P(C2C([H])C([H])C([H])C([H])C2[H])C2C([H])C([H])C([H])C([H],0.01,0.0141,False,IBOJUI;IBOJUI01
673637584282,2,2,2,1,1,4,Pt,Cl;Cl;[H]C1C([H])C([H])C(P(C2C([H])C([H])C([H])C([H])C2[H])C2C([H])C([H])C(C(=O),0.01,0.01,False,IBUDAO;IBUDAO01
223889527049,2,2,2,1,1,4,Co,Cl;Cl;[H]C1C([H])C(C2NC(C([H])([H])Cl)C([H])C([H])C2[H])NC(C([H])([H])Cl)C1[H],0.01,0.0316,False,IDOPIB;IDOPIB01
927160059716,2,2,2,1,1,4,Zn,Cl;Cl;[H]c1nc([H])n(C([H])([H])C2=NC3C([H])C([H])C([H])C([H])C3N2[H])n1;[H]c1nc(,0.01,0.0141,False,IDORUQ;IDORUQ01
405310096788,2,2,2,1,1,4,Cd,Br;Br;N#CS;N#CS,0.01,0.1105,False,IDOXAC;SEGQIG
109768416166,2,2,2,1,1,4,Zn,[H]C(=NC1C([H])C([H])C([H])C([H])C1[H])C1C([H])C(Cl)C([H])C(Cl)C1O;[H]C(=NC1C([H,0.01,0.1005,False,IGIMUJ;SOTBIN
563277408964,2,2,2,2,2,4,Pt,Cl;Cl;[H]C1C([H])C(C([H])([H])[H])C([H])C([H])C1S(=O)C([H])([H])[H];[H]C1NC([H]),0.01,8.5,False,IGOROL;IGORUR
579500657452,2,2,2,1,1,4,Pd,[H]C1C([H])C([H])C(C([H])([H])NS(=O)(=O)C2C([H])C([H])C(C([H])([H])[H])C([H])C2[,0.01,0.0141,False,IGUFIB;IGUFIB01
810869582675,2,2,2,1,1,4,Cu,[H]C(=NC1C([H])C([H])C(Cl)C([H])C1[H])C1C([H])C([H])C([H])C([H])C1O;[H]C(=NC1C([,0.01,0.0141,False,IHARIS;IHARIS02
548939831323,2,2,2,1,1,4,Cu,Br;Br;[H]c1c([H])c([H])c2n[se]nc2c1[H];[H]c1c([H])c([H])c2n[se]nc2c1[H],0.01,0.0141,False,IJOBOZ;IJOBOZ01
226687508733,2,2,2,1,1,4,Cd,I;I;[H]C1NC([H])C(N([H])[H])NC1[H];[H]C1NC([H])C(N([H])[H])NC1[H],0.01,0.0412,False,IJOTAE;IJOTAE01
3593963662,2,2,2,1,1,4,Pd,O=C(O)C(F)(F)F;[H]C(=NC1C([H])C([H])C([H])C([H])C1[H])C1CC([H])C([H])C([H])C1[H],0.01,0.01,False,ILEPOE;ILEPOE02
658789817531,9,9,7,1,1,6,Zn,[H]C1NC([H])C([H])C(C(=O)O)C1[H];[H]C1NC([H])C([H])C(C(=O)O)C1[H];[H]O[H];[H]O[H,0.01,0.6101,False,INICZN;INICZN02;INICZN05;INICZN06;INICZN07;INICZN08
454762636724,2,2,2,1,1,6,Mo,Cl;Cl;Cl;O;[H]C([H])([H])SC([H])([H])C([H])([H])C([H])([H])SC([H])([H])[H],0.01,0.01,False,INIDUH;INIDUH01
394229596218,2,2,2,1,1,4,Pt,[H]C1C([H])C([H])C(C#C)C(F)C1[H];[H]C1C([H])C([H])C(C#C)C(F)C1[H];[H]C1NC(C2NC([,0.01,0.0412,False,INOYUG;INOZAN
750883956566,2,2,2,1,1,5,Sc,[H]C([H])[Si](C([H])([H])[H])(C([H])([H])[H])C([H])([H])[H];[H]C([H])[Si](C([H]),0.01,0.01,False,IPISOQ;IPISOQ01
602037666159,2,2,2,1,1,4,Co,[H]C([H])([H])P(C([H])([H])[H])C([H])([H])[H];[H]c1c(C([H])([H])P(C2([H])C([H])(,0.01,0.01,False,IPOGAY;IPOGAY01
715801678757,3,3,3,1,1,4,Zn,N=C=S;N=C=S;[H]C1NC([H])C([H])C(C(=O)N([H])[H])C1[H];[H]C1NC([H])C([H])C(C(=O)N(,0.01,0.04,False,IPOGUR;IPOGUR01;IPOGUR02
512141107989,2,2,2,1,1,4,Hg,I;I;[H]c1c([H])c([H])n([H])c(=S)c1[H];[H]c1c([H])c([H])n([H])c(=S)c1[H],0.01,0.0141,False,IQOGOK;IQOGOK01
972889035791,2,2,2,1,1,4,Pd,Cl;Cl;[H]C([H])([H])N(C([H])([H])[H])C([H])([H])C([H])([H])N(C([H])([H])[H])C([H,0.01,0.0608,False,IQUFAB;IQUFAB01
405495842136,3,3,2,2,2,4,Pd,[H]c1nc([H])n(C([H])([H])[H])c1[H];[H]c1nc([H])n(C([H])([H])[H])c1[H];[H]c1nc([H,0.01,8.52,False,IROKIK;LIBWEA;YITPOK
122585442452,3,3,2,1,1,4,Ni,[H]NC(NC(N[H])C1C([H])C([H])NC([H])C1[H])C1C([H])C([H])NC([H])C1[H];[H]NC(NC(N[H,0.01,0.01,False,IRUPAM01;TALJIA;TALJOG
889946095082,2,2,2,2,1,5,Zn,Cl;Cl;[H]C1NC(C([H])([H])N(C([H])([H])[H])C([H])([H])C2NC([H])C([H])C([H])C2[H]),0.01,2.77,True,ISEBUE;ISEBUE01
33849893176,2,2,2,1,1,4,Mo,O;O;[H]C1C(C(C([H])([H])[H])(C([H])([H])[H])C([H])([H])[H])C([H])C(C(C([H])([H]),0.01,0.0316,False,ISEFAN;ISEFAN01
988792451164,2,2,2,1,1,4,Cu,Cl;[H]C1C([H])C([H])C(P(C2C([H])C([H])C([H])C([H])C2[H])C2C([H])C([H])C([H])C([H,0.01,0.01,False,ITADEO;ITADEO01
231956193614,3,3,3,1,1,6,Co,N=C=S;N=C=S;[H]C1NC([H])C([H])C([H])C1[H];[H]C1NC([H])C([H])C([H])C1[H];[H]C1NC(,0.01,0.4601,False,ITCPCO;ITCPCO02;ITCPCO03
306684900742,2,2,2,2,1,5,Cu,[H]C(=O)N(C([H])([H])[H])C([H])([H])[H];[H]C(=O)N(C([H])([H])[H])C([H])([H])[H];,0.01,2.35,False,IVOQOA;IVOQOA01
913169165781,2,2,2,1,1,6,Ni,[H]O[H];[H]O[H];[H]c1nc(C(=O)O)c([H])s1;[H]c1nc(C(=O)O)c([H])s1,0.01,0.1105,False,IWINUZ;IWINUZ01
956377563844,3,3,3,1,1,4,Cu,Cl;[H]C1C([H])C([H])C(P(C2C([H])C([H])C([H])C([H])C2[H])C2C([H])C([H])C([H])C([H,0.01,0.0316,False,IWOSES;IWOSES01;IWOSES02
357922575705,2,2,2,1,1,4,Cu,[H]C(=NC([H])([H])C([H])([H])N=C([H])C1C([H])C([H])C([H])C([H])C1P(C1C([H])C([H],0.01,0.0608,False,IXAFAR;NUKJIP
544876003913,2,2,2,1,1,6,Ni,N=C=S;N=C=S;[H]C1NC(C([H])([H])SC([H])([H])C([H])([H])SC([H])([H])C2NC([H])C([H],0.01,0.2902,False,IXEPEI;IXEPEI01
66766747563,2,2,2,2,1,6,Co,[H]N(C([H])([H])C(=O)O)C([H])([H])C([H])([H])[H];[H]N(C([H])([H])C(=O)O)C([H])([,0.01,1.04,False,IYETEO;IYETEO01
873750186748,2,2,2,2,1,6,Ni,[H]N(C([H])([H])C(=O)O)C([H])([H])C([H])([H])[H];[H]N(C([H])([H])C(=O)O)C([H])([,0.01,1.63,False,IYETOY;IYETOY01
169528847454,3,3,3,2,2,4,Ir,Cl;[H]C(NC([H])=C([H])P(C(C([H])([H])[H])(C([H])([H])[H])C([H])([H])[H])C(C([H]),0.01,8.39,False,IYUPAU;IYUPAU01;IYUPIC
631540095932,2,2,2,1,1,4,Ag,[H]C([H])([H])C#N;[H]C1NC(C2NC(C3NC([H])C([H])C([H])C3[H])C([H])C(C3C([H])C([H]),0.01,0.0141,False,IZACER;LIJMUQ
794955490108,2,2,2,1,1,4,Zn,Cl;Cl;[H]c1c([H])c([H])n([H])c(=O)c1[H];[H]c1c([H])c([H])n([H])c(=O)c1[H],0.01,0.0707,False,JAXROT;TULYIM
310590421335,2,2,2,1,1,4,Cu,Cl;[H]C1NC(C(=NN=C(S)N([H])C2C([H])C([H])C([H])C([H])C2[H])C2C([H])C([H])C([H])C,0.01,0.0224,False,JEDGOP;JEDGOP01
238963894817,2,2,2,1,1,6,Zn,[H]N1C([H])([H])C([H])([H])N([H])C([H])([H])C([H])([H])C([H])([H])N([H])C([H])([,0.01,0.0608,False,JEHHAG;YIVSUR
584805202804,3,3,3,1,1,6,Co,[H]N([H])C(=O)C([H])([H])[H];[H]N([H])C(=O)C([H])([H])[H];[H]N([H])C(=O)C([H])([,0.01,0.2402,False,JERDEP;KADTOC;KADVIY
958878182234,2,2,2,1,1,4,Pd,Br;Br;[H]C1=C([H])N(C([H])(C2C([H])C([H])C([H])C([H])C2[H])C([H])([H])[H])CN1C([,0.01,0.01,False,JETJUO;JETJUO01
494301959674,3,3,3,2,2,4,Au,N#CC(S)=C(S)C(F)(F)F;N#CC(S)=C(S)C(F)(F)F,0.01,8.6,False,JIMDAL;WERTUJ;WEVYOM
434128751973,2,2,2,1,1,4,Pd,Cl;Cl;[H]C1C([H])C([H])C2C(C1[H])N(C1C([H])C([H])C([H])C([H])C1C([H])(C([H])([H],0.01,0.0141,False,JINGET;PILXEO
799696702972,2,2,2,1,1,6,Co,[H]C1NC(C([H])([H])[H])C([H])C([H])C1C(=O)O;[H]C1NC(C([H])([H])[H])C([H])C([H])C,0.01,0.051,False,JIRRUY;JIRRUY01
424498814647,2,2,2,1,1,4,Cu,[H]C(=NC1C([H])C([H])C(C(=O)OC([H])([H])[H])C([H])C1[H])C1C([H])C([H])C([H])C([H,0.01,0.01,False,JITCIC;JITCIC01
342981045257,2,2,2,1,1,4,Mo,[H]C([H])[H];[H]C([H])[H];[H]C1C([H])C(C([H])(C([H])([H])[H])C([H])([H])[H])C(N),0.01,0.051,False,JITMUU;JITMUU01
49417484974,2,2,2,1,1,4,Zn,[H]C([H])([H])N1C([H])([H])N(C([H])([H])[H])C([H])([H])N(C([H])([H])[H])C1([H])[,0.01,0.0224,True,JIZCAW;JIZCAW10
282940147098,2,2,2,1,1,6,Ni,I;I;[H]N1C([H])([H])C([H])([H])N([H])C([H])([H])C([H])([H])C([H])([H])N([H])C([H,0.01,0.0141,False,JIZTUH01;JIZTUH04
706952689054,3,3,2,1,1,4,Au,[H]OC([H])([H])C([H])([H])n1c(S)c(S)sc1=S;[H]OC([H])([H])C([H])([H])n1c(S)c(S)sc,0.01,0.0141,False,JOPDEZ;JOPDID;JOPDOJ
286765087308,2,2,2,1,1,4,Pt,[H]C1NC([H])C(C(=O)N([H])[H])C([H])C1[H];[H]C1NC([H])C(C(=O)N([H])[H])C([H])C1[H,0.01,0.0141,False,JOQSOX;JOQSUD
272017431557,2,2,2,1,1,4,Pd,[H]C(=NC1C([H])C([H])C([H])C([H])C1[H])C1C([H])C([H])C([H])C([H])C1O;[H]C(=NC1C(,0.01,0.0141,False,JOQYEW;JOQYEW01
26086867982,4,4,2,1,1,6,Co,C2D8N2;C2D8N2;C2D8N2,0.01,0.01,False,JOXSOI;VUYDOJ01;VUYDOJ02;VUYDOJ03
40500705162,2,2,2,1,1,4,Co,Cl;Cl;[H]C1NC(N([H])C2NC([H])C([H])C([H])C2[H])C([H])C([H])C1[H],0.01,0.051,False,JOYNEQ;JOYNEQ01
215545802177,2,2,2,1,1,4,Fe,Cl;Cl;[H]C([H])([H])[Si](N[Si](C([H])([H])[H])(C([H])([H])[H])C([H])([H])[H])(C(,0.01,0.1105,False,JUBRAC;JUBROQ
577363609101,2,2,2,1,1,4,Pd,Cl;[H]C(=NNC(=O)C1NC([H])C([H])C([H])C1[H])C1NC2C([H])C([H])C([H])C([H])C2C([H]),0.01,0.0412,False,JUNCAY;JUNCEC
255378308445,2,2,2,1,1,4,Cu,[H]C(=NC([H])(C1C([H])C([H])C([H])C([H])C1[H])C([H])([H])[H])C1C([H])C(Cl)C([H]),0.01,0.0141,True,JUSJAL;JUSJOZ
832391320375,2,2,2,1,1,4,Cu,[H]C(=NC([H])(C1C([H])C([H])C([H])C([H])C1[H])C([H])([H])[H])C1C([H])C(I)C([H])C,0.01,0.01,True,JUSJIT;JUSKEQ
227935010813,2,2,2,1,1,4,Co,Cl;Cl;[H]C1C(C(=NC2C(C([H])(C([H])([H])[H])C([H])([H])[H])C([H])C([H])C([H])C2C(,0.01,1.65,False,KACZIY;KACZIY01
559008625676,3,3,3,1,1,6,Fe,Cl;Cl;[H]N1C([H])([H])C([H])([H])N([H])C([H])([H])C([H])([H])N([H])C([H])([H])C(,0.01,0.24,False,KADFUT;KADFUT06;KADFUT07
622781998207,2,2,2,2,2,4,Cr,Cl;[H]C1C([H])C(C([H])([H])P(C(C([H])([H])[H])(C([H])([H])[H])C([H])([H])[H])C(C,0.01,8.33,False,KAFVIB;KAFVIB01
86141978730,2,2,2,1,1,6,Zn,[H]C1NC2C3NC([H])C([H])C([H])C3C(=O)C2C([H])C1[H];[H]C1NC2C3NC([H])C([H])C([H])C,0.01,0.1005,False,KAGMIP;KAGMIP01
478159473376,13,13,3,2,2,4,Pd,O=C(S)C(=O)S;O=C(S)C(=O)S,0.01,8.46,False,KAJBOM;KIFZUU;KUZWIL;PEQLIH;PEQMII;SUDCAV
336577677889,2,2,2,1,1,4,Pd,I;I;[H]C1C([H])C([H])C(P(C2C([H])C([H])C([H])C([H])C2[H])C2([H])C3([H])C(C([H])(,0.01,0.6701,False,KAKCIK;KAKCOQ
167269043462,2,2,2,1,1,4,Zn,[H]C1C([H])C(N([H])[H])C([H])C([H])C1S;[H]C1C([H])C(N([H])[H])C([H])C([H])C1S;[H,0.01,0.0141,False,KAKVIB;KAKVIB01
752161067196,2,2,2,2,1,4,Zn,[H]N1C(=O)C([H])([H])C([H])([H])C1([H])C(=O)O;[H]N1C(=O)C([H])([H])C([H])([H])C1,0.01,7.65,True,KALBOO;KALBOO01
795198500714,2,2,2,1,1,6,Cd,Cl;Cl;N=C=S;N=C=S;[H]C1=C([H])N([H])C(C2=N([H])C([H])=C([H])N2[H])=N1;[H]C1=C([H,0.01,0.01,False,KAMCIM;KAMCIM01
685856693427,3,3,3,1,1,4,Cu,I;[H]C1C([H])C([H])C(P(C2C([H])C([H])C([H])C([H])C2[H])C2C([H])C([H])C([H])C([H],0.01,0.04,False,KATZIO;KATZIO01;KATZIO02
848983869681,2,2,2,1,1,4,Pd,Cl;Cl;[H]C1=C([H])N(C2C(C([H])(C([H])([H])[H])C([H])([H])[H])C([H])C([H])C([H])C,0.01,0.0141,False,KAWGIZ;UVOSUU
72761325507,2,2,2,2,2,4,Cu,Cl;Cl;[H]OC([H])([H])C1=NC2C([H])C([H])C([H])C([H])C2N1C([H])([H])[H],0.01,5.66,False,KEQSAD;KEQSAD01
674959895245,2,2,2,1,1,4,Cu,N=C=S;[H]C(=NC([H])([H])C1NC([H])C([H])C([H])C1[H])C1C([H])C(Br)C([H])C([H])C1O,0.01,0.0141,False,KESPEF;KESPEF01
281584432446,2,2,2,1,1,4,Co,I;I;[H]C1=C([H])N(C2C(C([H])([H])[H])C([H])C(C([H])([H])[H])C([H])C2C([H])([H])[,0.01,0.0141,False,KEZNIO;KEZNIO01
109431133027,2,2,2,1,1,4,Cu,[H]C1C([H])C([H])C(C(O)C([H])C(O)C(C([H])([H])[H])(C([H])([H])[H])C([H])([H])[H],0.01,0.01,False,KIBLAI;KIBLAI01
105049365228,2,2,2,1,1,4,Ni,[H]C([H])([H])N(C([H])([H])C([H])([H])S)C([H])([H])C([H])([H])C([H])([H])N(C([H],0.01,0.0906,False,KIGYEE;KIGYEE01
717757099001,2,2,2,1,1,6,Ni,N=C=S;N=C=S;[H]N1C([H])(C([H])([H])[H])C([H])([H])N([H])C(C([H])([H])[H])(C([H]),0.01,0.1603,False,KIJSAY01;XALRIO
221181955801,2,2,2,1,1,5,V,O;[H]C([H])([H])C([H])([H])O;[H]OC1C([H])C2C([H])C([H])C([H])C([H])C2C([H])C1C(O,0.01,2.11,False,KITLAC;KITLAC01
432584879019,2,2,2,2,2,4,Pd,[H]C([H])([H])C(=O)O;[H]C([H])([H])C(=O)O;[H]C1NC(N([H])C2NC([H])C([H])C([H])C2[,0.01,8.76,False,KITSOX;YAVPAO
987371047841,2,2,2,1,1,4,V,O;[H]C1C([H])C([H])C([Si](O)(C2C([H])C([H])C([H])C([H])C2[H])C2C([H])C([H])C([H],0.01,0.051,False,KIVYIX;PERGEY
65771812254,3,3,3,1,1,4,Pd,[H]C([H])([H])N(C([H])([H])[H])C([H])([H])C([H])([H])N(C([H])([H])[H])C([H])([H],0.01,0.0608,False,KIWCID;KIWDAW;KIWFAY
710897502352,2,2,2,1,1,4,Cu,Cl;Cl;[H]C1C([H])C([H])C(c2nnnn2C([H])([H])[H])C([H])C1[H];[H]C1C([H])C([H])C(c2,0.01,0.01,False,KIYGEH;KIYGEH01
610449939222,2,2,2,1,1,4,Pd,[H]C1C([H])C([H])C(P(C2C([H])C([H])C([H])C([H])C2[H])C2C([H])C([H])C([H])C([H])C,0.01,0.0141,False,KOBLEU;KOBLIY
666768976715,2,2,2,2,2,4,Pt,[H]C1C([H])C([H])C(N=NC2C([H])C([H])C(C([H])([H])[H])C([H])C2[H])C(O)C1[H];[H]C1,0.01,8.34,False,KOJQEF;XAJWEL
840360111491,2,2,2,2,1,4,Ag,[H]C1C([H])C([H])C(P(C2C([H])C([H])C([H])C([H])C2[H])C([H])([H])C([H])([H])P(C2C,0.01,6.05,True,KOJRIK;NETDUN
325072281488,2,2,2,1,1,4,Ni,[H]C(NC1C([H])C([H])C([H])C([H])C1[H])C(C#N)C([H])NC1C([H])C([H])C([H])C([H])C1[,0.01,0.0141,False,KOLFUO;KOLFUO01
613160633004,2,2,2,1,1,4,Ni,[H]C(NC1C([H])C([H])C([H])C([H])C1[H])C(C([H])NC1C([H])C([H])C([H])C([H])C1[H])C,0.01,0.0224,False,KOLTEM;KOLTEM01
125078225058,2,2,2,2,2,6,Mn,[H]C1NC2C3NC([H])C([H])C([H])C3C([H])C([H])C2C([H])C1[H];[H]C1NC2C3NC([H])C([H]),0.01,4.39,False,KOMQAG;QUXXEN
701130139787,3,3,3,1,1,6,Ni,[H]N([H])C([H])([H])C([H])([H])C([H])([H])N([H])[H];[H]N([H])C([H])([H])C([H])([,0.01,0.2702,False,KOTBAW;MOPHEE;POWDUB
213873183148,2,2,2,1,1,4,Zn,C#N;C#N;C#N;C#N,0.01,0.0906,False,KOVDOS;POJHEF
245159541681,2,2,2,1,1,6,Mo,O;O;[H]C1C(F)C([H])C(C([H])([H])N(C([H])([H])C2C([H])C(F)C([H])C(F)C2O)C([H])([H,0.01,1.19,False,KOWXIF;KOWXIF01
826667888633,3,3,3,1,1,6,Zn,[H]N([H])C(=O)N([H])[H];[H]N([H])C(=O)N([H])[H];[H]N([H])C(=O)N([H])[H];[H]N([H],0.01,0.0707,False,KUJCAU;KUJCAU01;KUJCAU02
763700646273,3,3,3,1,1,6,Cu,N=N=N;N=N=N;[H]N([H])C([H])([H])C([H])([H])C([H])([H])N([H])[H];[H]N([H])C([H])(,0.01,1.05,False,KURYIG;KURYIG01;KURYIG02
819016787260,2,2,2,2,1,6,Cd,[H]C1NC(C([H])([H])N([H])C([H])([H])C2NC([H])C([H])C([H])C2[H])C([H])C([H])C1[H],0.01,4.7,True,KUTNAO;KUTNAO01
722333159833,4,4,3,3,2,4,Ni,[H]N(C(=S)N([H])C([H])([H])C([H])([H])[H])C([H])([H])C([H])([H])[H];[H]N(C(=S)N(,0.01,8.68,False,LAGBUT;LAGBUT01;LAGBUT02;LAGBUT03
585321559917,2,2,2,2,2,4,Au,[H]N1C(=O)C(S)=C(S)C1=O;[H]N1C(=O)C(S)=C(S)C1=O,0.01,8.16,False,LALNUJ;LALPAR
916795143695,2,2,2,2,1,5,Zn,Cl;Cl;[H]C1NC(C2NC(C3NC([H])C([H])C([H])C3[H])C([H])C(C3C([H])C([H])C([H])C([H]),0.01,1.84,False,LAMTOK;LAMTOK01
404400745179,2,2,2,1,1,4,Zn,Cl;Cl;[H]C(=NC1C(C([H])([H])[H])C([H])C([H])C([H])C1C([H])([H])[H])C1NC([H])C([H,0.01,0.051,False,LAMWON;LAMWON01
510220789316,2,2,2,2,1,5,Cu,Cl;[H]C([H])([H])N(C([H])([H])[H])C([H])([H])C([H])([H])N(C([H])([H])C([H])([H]),0.01,4.32,False,LAQLUK;UROVIH
160364544073,2,2,2,1,1,4,Pd,Cl;Cl;[H]OC([H])([H])C([H])([H])n1c(C([H])([H])[H])nc([H])c1[N+](=O)[O-];[H]OC([,0.01,0.0141,False,LATNAV01;LATNAV02
190005807999,2,2,2,2,1,5,Ti,Cl;[H]C([H])([H])C(P(P[Si](C([H])([H])[H])(C([H])([H])[H])C([H])([H])[H])C(C([H],0.01,4.96,True,LAYDUN;LEHKOB
823607385250,2,2,2,2,1,6,Co,[H]C1NC(N=C2NC(=NC3NC([H])C([H])C([H])C3[H])C3C([H])C([H])C([H])C([H])C23)C([H]),0.01,1.22,True,LEBVOE01;PUWHUN
929552546059,2,2,2,2,2,4,Pt,[H]C1NC([H])C([H])NC1[H];[H]C1NC([H])C([H])NC1[H];[H]N([H])[H];[H]N([H])[H],0.01,8.75,False,LECQUG;LEJROI
496244849238,2,2,2,1,1,4,Pt,[H]c1nc(C2CC(OC3CC(c4nc([H])nn4C([H])([H])C([H])([H])C([H])([H])C([H])([H])[H])C,0.01,0.0412,False,LEDWUP;LEDWUP01
78748432593,2,2,2,1,1,6,Pt,I;[H]C([H])=C([H])C([H])([H])P(C1C([H])C([H])C([H])C([H])C1[H])C1C([H])C([H])C([,0.01,0.1703,True,LEJXUW;LEJYAD
470437013487,2,2,2,1,1,4,Zn,SSSSSS;[H]C1NC([H])C([H])C([H])C1[H];[H]C1NC([H])C([H])C([H])C1[H],0.01,0.0316,False,LEKBEI;LEKBEI01
977854651379,2,2,2,1,1,4,Pt,Cl;Cl;[H]C1C([H])C([H])C([Se]C2C([H])C([H])C([H])C([H])C2[H])C([H])C1[H];[H]C1C(,0.01,0.0412,False,LEQSIK;SETFON
973901996980,2,2,2,2,1,6,Co,[H]C1NC(C(=O)O)C(N([H])[H])NC1[H];[H]C1NC(C(=O)O)C(N([H])[H])NC1[H];[H]O[H];[H]O,0.01,4.18,False,LERWAI;LERWAI01
543202992789,2,2,2,1,1,6,Pd,[H]C([H])[H];[H]C([H])[H];[H]C([H])[H];[H]C1NN(B([H])(N2NC([H])C([H])C2[H])N2NC(,0.01,0.01,True,LEVGUO;LEVGUO10
258200178145,2,2,2,1,1,4,Co,Cl;[H]C1=C(C([H])([H])[H])N(B([H])(N2N=C(C(C([H])([H])[H])(C([H])([H])[H])C([H]),0.01,0.0224,False,LEWJIH01;QOTSIE
733956947436,2,2,2,1,1,6,Ni,[H]C1C([H])C([H])C(C2(C([H])([H])[H])C(=O)NC(=O)N2[H])C([H])C1[H];[H]C1C([H])C([,0.01,0.0707,False,LEXBAU;LEXBIC
355584539296,2,2,2,1,1,6,Co,[H]C1([H])C([H])([H])C2([H])OC1([H])C([H])(C(=O)O)C2([H])C(=O)O;[H]C1([H])C([H]),0.01,0.1204,False,LIBDIL;QUYBES
857530892041,2,2,2,1,1,6,Tc,O;O;[H]C1=C([H])N(C([H])([H])N2CN(C([H])([H])[H])C([H])=C2[H])CN1C([H])([H])[H];,0.01,0.1503,False,LIWGOP;LIWGUV
748153431187,2,2,2,1,1,6,Mn,C#O;C#O;C#O;C#O;C#O;FC(F)F,0.01,1.59,False,LIWZUP;LIWZUP01
96352775252,2,2,2,1,1,4,Zn,Cl;Cl;[H]C(=NC([H])([H])C([H])([H])N1([H])C([H])([H])C([H])([H])C([H])([H])C([H],0.01,0.01,False,LOBYOR;LOBYOR01
839386275782,2,2,2,1,1,4,Pd,[H]C1NC(N([H])C2NC([H])C([H])C([H])C2[H])NC([H])C1[H];[H]C1NC(N([H])C2NC([H])C([,0.01,0.01,False,LOFBEO;LOFBIS
83529998960,2,2,2,1,1,4,Cu,[H]C(=NC1C([H])C([H])C(Br)C([H])C1[H])C1C([H])C(Br)C([H])C([H])C1O;[H]C(=NC1C([H,0.01,0.0141,False,LOTNUG;LOTNUG02
812497429016,4,4,3,2,2,4,Pd,Cl;Cl;[H]C1=C([H])N(C2C(C([H])(C([H])([H])[H])C([H])([H])[H])C([H])C([H])C([H])C,0.01,8.36,False,LUFMOQ;LUFMUW;OYEYIB;OYEYIB01
529362160360,2,2,2,2,1,5,Zn,N=C=[Se];[H]c1c(C([H])([H])[H])nn(C([H])([H])N(C([H])([H])n2nc(C([H])([H])[H])c(,0.01,4.84,True,LUJQIS;LUJQIS01
233007778958,2,2,2,1,1,5,Zn,Cl;[H]C(=NC([H])([H])C([H])([H])N1C([H])([H])C([H])([H])OC([H])([H])C1([H])[H])C,0.01,0.01,True,LUKRIT;LUKRIT01
191869308613,4,4,4,1,1,4,Cu,Br;[H]C1([H])SC([H])([H])C([H])([H])N([H])([H])C1([H])[H];[H]C1([H])SC([H])([H]),0.01,0.0806,False,LULPAN;LULPAN01;LULPIV;LULPIV01
79586307657,2,2,2,1,1,6,Re,C#N;C#N;Cl;Cl;Cl;Cl,0.01,0.2402,False,LURNAO;LURNAO01
656846872574,2,2,2,2,1,6,Cu,[H]OC(C([H])([H])C1C([H])C([H])C([H])N([H])C1[H])(P(=O)(O)O[H])P(=O)(O)O[H];[H]O,0.01,1.48,False,LUVMUL;LUVMUL01
166586161425,2,2,2,1,1,4,Co,Cl;Cl;[H]C1C([H])C([H])C(P(C2C([H])C([H])C([H])C([H])C2[H])C([H])(C([H])([H])[H],0.01,0.0141,False,LUXKAR;LUXKAR01
19980900119,2,2,2,1,1,4,Pt,Br;Br;[H]C1C([H])C([H])C(P(C2C([H])C([H])C([H])C([H])C2[H])C2C([H])C([H])C([H])C,0.01,0.1703,False,LUZSOP;VALCAO01
60724665886,2,2,2,1,1,5,Os,C#O;C#O;Cl;[H]C1C([H])C([H])C(P(C2C([H])C([H])C([H])C([H])C2[H])C2C([H])C([H])C(,0.01,0.0707,False,MACQIR;PENLOK
327384728701,2,2,2,2,1,4,Ni,Br;[H]C1NC(C2CC(C3NC([H])C([H])C([H])C3[H])C([H])C([H])C2[H])C([H])C([H])C1[H],0.01,1.93,True,MAGCOQ;OLAKUK
839512661137,2,2,2,2,2,5,Zn,Cl;Cl;[H]C(=NC1C([H])C([H])C([H])C([H])C1SC([H])([H])[H])C1NC([H])C([H])C([H])C1,0.01,5.18,False,MAHSOG;MAHWAW
328343704878,5,5,5,1,1,6,Co,[H]OC(=O)C([H])=C([H])C(=O)O;[H]OC(=O)C([H])=C([H])C(=O)O;[H]O[H];[H]O[H];[H]O[H,0.01,0.99,False,MALACO01;MALACO02;MALACO03;MALACO06;MALACO07
136658525910,3,3,3,1,1,6,Zn,[H]OC(=O)C([H])=C([H])C(=O)O;[H]OC(=O)C([H])=C([H])C(=O)O;[H]O[H];[H]O[H];[H]O[H,0.01,0.5501,False,MALAQZ01;MALAQZ03;MALAQZ04
583063857822,2,2,2,1,1,4,Pt,Cl;Cl;[H]c1c(C2C([H])C([H])C([H])C([H])C2[H])nnn1C([H])([H])C1NC([H])C([H])C([H],0.01,0.0412,False,MAMGUE;UKAYUB
74118945743,2,2,2,1,1,6,Co,[H]OC(=O)c1c(C(=O)O)nc(C([H])([H])C([H])([H])[H])n1[H];[H]OC(=O)c1c(C(=O)O)nc(C(,0.01,0.1204,False,MARTEG;YATNOY
954360924767,4,4,4,2,1,6,Ni,Cl;Cl;[H]C1NC([H])C([H])C([H])C1[H];[H]C1NC([H])C([H])C([H])C1[H];[H]C1NC([H])C(,0.01,2.84,False,MASBAM;TPYRNI01;TPYRNI03;TPYRNI04
693603992506,2,2,2,1,1,4,Zn,[H]C(=NC([H])(C1C([H])C([H])C([H])C([H])C1[H])C([H])([H])[H])C1C([H])C(Cl)C([H]),0.01,0.01,True,MASLEB;MASSUY
596382405910,2,2,2,1,1,4,Cu,[H]C1C([H])C2C([H])C([H])C(C([H])([H])[H])NC2C2NC(C([H])([H])[H])C([H])C([H])C12,0.01,0.0316,False,MATSUZ;MATTAG
517933501033,2,2,2,1,1,4,Pt,Cl;[H]C1C([H])C(C2NC3C(C([H])C2[H])C2([H])C([H])([H])C([H])(C3([H])[H])C2(C([H]),0.01,0.0806,False,MEGGOV;XEZKAP
15383076193,2,2,2,2,1,5,Cu,Cl;Cl;Cl;[H]C1([H])N2C([H])([H])C([H])([H])N([H])(C1([H])[H])C([H])([H])C2([H])[,0.01,2.56,False,MEGJEP;MEGJEP01
126868525909,2,2,2,1,1,4,Hg,Cl;Cl;[H]C1C(C2=NC3C([H])C([H])C([H])C([H])C3N2[H])NC2C([H])C([H])C([H])C([H])C2,0.01,0.0141,False,MEJKUK;ZECZEQ
424135814116,2,2,2,1,1,4,Ni,[H]C1C(S)C(S)C(C(C([H])([H])[H])(C([H])([H])[H])C([H])([H])[H])C([H])C1C(C([H])(,0.01,0.0141,False,MEMJAP;MEMJIX
982646444112,2,2,2,1,1,4,Ni,[H]C([H])([H])C([H])([H])N1C([H])([H])C([H])([H])N(C(S)S)C([H])([H])C1([H])[H];[,0.01,7.22,False,MEPGUK;MEPGUK01
53915380476,2,2,2,2,1,5,Zn,Cl;Cl;[H]C1C([H])C(C([H])([H])OC([H])([H])C([H])(F)F)NC(C([H])([H])OC([H])([H])C,0.01,0.4601,True,MICWEE;MICWEE01
39463489630,2,2,2,1,1,4,Cu,O=[N+]([O-])O;[H]ON=C([H])C1C([H])C(C(C([H])([H])[H])(C([H])([H])[H])C([H])([H]),0.01,0.01,False,MIMTOS;MIMTOS01
583669954814,2,2,2,1,1,6,Zn,[H]C([H])([H])S(=O)C([H])([H])[H];[H]C([H])([H])S(=O)C([H])([H])[H];[H]C([H])([H,0.01,1.41,False,MINGIB;SAWTEQ
565099527022,2,2,2,2,2,4,Pd,Cl;Cl;[H]C1C([H])C([H])C(c2c(C([H])([H])[H])c(C([H])([H])[H])c3p2C([H])([H])C([H,0.01,9.31,False,MISJEE;MISRAI
511409012603,2,2,2,1,1,6,Cu,[H]C(=O)N(C([H])([H])[H])C([H])([H])[H];[H]C(=O)N(C([H])([H])[H])C([H])([H])[H];,0.01,0.01,False,MIWPOA;MIWPOA01
753030394658,2,2,2,2,1,6,Mn,[H]OC1C([H])C(C2NC([H])C([H])C([H])C2[H])NC(C2NC([H])C([H])C([H])C2[H])C1[H];[H],0.01,4.46,True,MIWQAL;MIWQAL01
422760108675,2,2,2,2,1,6,Ti,Cl;Cl;[H]C1C([H])C(C([H])([H])[H])C([H])C(SC2([H])C([H])([H])C([H])([H])C([H])([,0.01,2.71,True,MOGHIA;MOGHIA01
575142787776,3,3,2,1,1,4,Rh,C#O;C#O;[H]C1C(C([H])([H])[H])C([H])C(C([H])([H])[H])C(C([H])([H])P(C([H])(C([H],0.01,0.01,False,MOGQEF;MOGQEF01;MOGQEF02
428650679158,3,3,2,2,2,4,Co,[H]C1=C([H])c2nc1c(C1C([H])C([H])C(OC([H])([H])[H])C([H])C1[H])c1[nH]c(c([H])c1[,0.01,8.64,False,MOSGAC;OROKEM01;TIFCAP
543594253700,2,2,2,1,1,4,Pd,F;[H]C1CC([H])C([H])C([H])C1[H];[H]C1NC([H])C([H])C([H])C1[H];[H]C1NC([H])C([H]),0.01,0.0141,False,MOWSOH;MOWSOH01
378992305877,2,2,2,2,2,6,Fe,[H]C1([H])OC([H])([H])C([H])([H])N(C(=S)S)C1([H])[H];[H]C1([H])OC([H])([H])C([H],0.01,4.15,True,MRDTFE01;MRDTFE02
919632362411,2,2,2,2,1,5,Co,Cl;[H]C1NC(C([H])([H])N2C([H])([H])C([H])([H])N(C([H])([H])C3NC([H])C([H])C([H]),0.01,4.3,True,MUFJUS;MUFJUS01
802460218677,3,3,3,1,1,4,Zn,Cl;Cl;[H]c1nc([H])n(C([H])([H])[H])c1[H];[H]c1nc([H])n(C([H])([H])[H])c1[H],0.01,0.0608,False,MUVJUI;MUVJUI01;MUVJUI02
632355592246,2,2,2,1,1,4,Cu,[H]C1NC(C(O)C([H])C(O)C(C([H])([H])[H])(C([H])([H])[H])C([H])([H])[H])C([H])C([H,0.01,0.01,False,NAHLIV;NAHLIV01
615165477186,4,4,2,1,1,6,Fe,[H]OC(=O)C([H])([H])n1nnnc1[H];[H]OC(=O)C([H])([H])n1nnnc1[H];[H]OC(=O)C([H])([H,0.01,0.01,False,NAKFUE;NAKFUE01;NAKGOZ;NAKGOZ01
430772214069,2,2,2,1,1,6,Co,[H]OC(=O)c1nc(C([H])([H])C([H])([H])C([H])([H])[H])n([H])c1C(=O)O;[H]OC(=O)c1nc(,0.01,0.0141,False,NALCIO;NALCIO01
201152766587,2,2,2,1,1,4,Co,Cl;Cl;[H]c1c([H])n(C([H])([H])[H])c(=S)n1[H];[H]c1c([H])n(C([H])([H])[H])c(=S)n1,0.01,0.7001,False,NAMJIV;NAMJIV01
643891375433,2,2,2,1,1,6,Fe,[H]C(=NC1C([H])C([H])C([H])C2C([H])C([H])C([H])NC12)C1C([H])C(F)C([H])C([H])C1O;,0.01,0.0141,False,NAMLEV;NAMLEV01
316509542506,2,2,2,1,1,4,Pd,[H]C1C([H])C([H])C(P(C2C([H])C([H])C([H])C([H])C2[H])C2C([H])C([H])C([H])C([H])C,0.01,0.0224,False,NAPPIE;NAPPIE01
540467702197,2,2,2,1,1,4,Pd,Cl;Cl;[H]C1C([H])C([H])C(P(OC2([H])C([H])([H])C([H])([H])C([H])([H])C([H])([H])C,0.01,0.0224,False,NEDMEO;SUQXOR
128105399391,2,2,2,1,1,6,Cu,[H]C1C(C2C([H])C([H])N(O)C([H])C2[H])C([H])C([H])N(O)C1[H];[H]C1C(C2C([H])C([H]),0.01,0.1005,False,NERLAX;XOHSET
275276871768,2,2,2,1,1,6,Fe,[H]B([H])([H])C#N;[H]B([H])([H])C#N;[H]OC([H])([H])[H];[H]OC([H])([H])[H];[H]c1c,0.01,0.3501,False,NEXKOS;NEXKUY
109309346763,2,2,2,1,1,4,Ni,[H]C([H])([H])Sc1nc(S)c(S)s1;[H]C([H])([H])Sc1nc(S)c(S)s1,0.01,0.0141,False,NEXXAS;NEXXEW
325585819276,4,4,3,2,2,4,Ni,[H]C1C([H])C([H])C(C(S)=C(S)C2C([H])C([H])C([H])C([H])C2[H])C([H])C1[H];[H]C1C([,0.01,8.8,False,NIDPDS01;NIDPDS03;NIDPDS11;VATRIR01
842961880506,2,2,2,1,1,4,Cu,Cl;Cl;[H]C1([H])N2C([H])([H])C3([H])C([H])([H])C([H])(C([H])([H])N4C([H])([H])C(,0.01,0.0608,False,NIDXIH;NIDXIH03
634939382981,3,3,3,1,1,6,Ni,[H]N([H])C([H])([H])C(=O)O;[H]N([H])C([H])([H])C(=O)O;[H]O[H];[H]O[H],0.01,1.16,False,NIGLYC03;NIGLYC11;NIGLYC12
985681292121,3,3,3,1,1,6,Ni,N=C=S;N=C=S;[H]OC(=O)C1C([H])C([H])NC([H])C1[H];[H]OC(=O)C1C([H])C([H])NC([H])C1,0.01,0.2602,False,NILLIE;NILLIE01;QOGPOS
681532092412,2,2,2,1,1,6,Cu,FB(F)(F)F;FB(F)(F)F;[H]C1NC([H])C([H])C([H])C1[H];[H]C1NC([H])C([H])C([H])C1[H];,0.01,2.05,False,NIPSUA;NIPSUA01
321515460453,2,2,2,1,1,6,Ni,Cl;Cl;[H]c1nn([H])c([H])c1[H];[H]c1nn([H])c([H])c1[H];[H]c1nn([H])c([H])c1[H];[H,0.01,0.0141,False,NIPYRA01;NIPYRA02
604896044394,5,5,2,1,1,4,Ni,[H]ON=C([H])C1C([H])C([H])C([H])C([H])C1O;[H]ON=C([H])C1C([H])C([H])C([H])C([H]),0.01,0.0141,False,NISALO01;NISALO02;NISALO03;NISALO04;NISALO05
357696478134,2,2,2,1,1,4,Pd,Cl;[H]C1C([H])C([H])C(P(C([H])(C([H])([H])[H])C([H])([H])[H])C([H])(C([H])([H])[,0.01,0.0141,False,NONHUU;NONHUU01
722183838885,2,2,2,1,1,5,Cu,[H]C([H])([H])C#N;[H]C([H])([H])N(C(=NC([H])([H])C([H])([H])N(C([H])([H])C([H])(,0.01,0.1404,False,NOQKIN;PIZTEB
408537583397,2,2,2,2,1,4,Ru,N=O;N=O;[H]C1C([H])C([H])C(P(C2C([H])C([H])C([H])C([H])C2[H])C2C([H])C([H])C([H],0.01,2.91,False,NSTPRU;NTPPRU01
136035831417,2,2,2,1,1,6,Mn,[H]O[H];[H]O[H];[H]O[H];[H]O[H];[H]c1nc([H])n(C2C([H])C([H])C(C(=O)O)C([H])C2[H],0.01,0.7401,False,NUCXOZ;NUCXOZ01
674963462644,2,2,2,1,1,4,Pt,[H]N([H])[H];[H]N([H])[H];[H]N=c1c([H])c([H])n(C([H])([H])[H])c(=O)n1[H];[H]N=c1,0.01,0.0141,False,NUDBOD;RUJPIV
123602074111,2,2,2,2,2,4,Pt,[H]C1=C(C([H])([H])[H])NC2C([H])C([H])C([H])C([H])C2NC(C([H])([H])[H])=C([H])C(C,0.01,7.24,False,NUPWOK;NUPWOK01
148691155608,2,2,2,2,1,6,Mn,[H]C(=NN(C1NC([H])C([H])C([H])C1[H])C1C([H])C([H])C([H])C([H])C1[H])C1C([H])C([H,0.01,0.1603,False,NURSEZ;NURSID
242517721019,3,3,2,1,1,4,Cu,[H]ON=C([H])C1C([H])C([H])C(O[H])C([H])C1O;[H]ON=C([H])C1C([H])C([H])C(O[H])C([H,0.01,0.0141,False,NUTZUZ;NUVBAJ;NUVBEN
993746066577,3,3,2,1,1,4,Zn,Cl;Cl;[H]c1c([H])n([H])c([H])c([H])c1=O;[H]c1c([H])n([H])c([H])c([H])c1=O,0.01,0.0141,False,NUYGUJ;NUYGUJ02;NUYGUJ03
313442110570,2,2,2,1,1,4,Pd,Cl;Cl;[H]C1NC2C(OP(C3C([H])C([H])C([H])C([H])C3[H])C3C([H])C([H])C([H])C([H])C3[,0.01,0.0141,False,OBASER;OBASER01
604997293281,2,2,2,1,1,4,Fe,N=O;N=O;SSSSS,0.01,0.0412,False,OBIKIU;OBIKIU01
559580379527,2,2,2,2,1,6,Cd,[H]C1C([H])C([H])C2C(C(=O)NS2(=O)=O)C1[H];[H]C1C([H])C([H])C2C(C(=O)NS2(=O)=O)C1,0.01,2.89,False,OBISAT;OBISAT01
93724988572,2,2,2,2,2,4,Cu,[H]C1C([H])C([H])C(C2(C3C([H])C([H])C([H])C([H])C3[H])C(=O)NC(=O)N2[H])C([H])C1[,0.01,8.66,False,OCUDEV;OCUDIZ
831039740976,2,2,2,2,1,6,Mo,O;O;O;[H]N([H])C([H])([H])C([H])([H])N([H])C([H])([H])C([H])([H])N([H])[H],0.01,6.22,False,ODEAMO01;ODEAMO12
214005341218,2,2,2,1,1,4,Cu,[H]C(=NC([H])(C1C([H])C([H])C([H])C([H])C1[H])C([H])([H])[H])C1C([H])C2C([H])C([,0.01,0.0141,False,ODEMAM;TIDZEM
481083245020,2,2,2,1,1,4,Zn,Cl;Cl;[H]C1NC([H])C(C([H])([H])[H])C([H])C1C([H])([H])[H];[H]C1NC([H])C(C([H])([,0.01,1.19,False,ODEREU;ODEREU01
978864737380,2,2,2,1,1,4,Cu,[H]C(=NC([H])([H])C([H])([H])N=C([H])C1C([H])C([H])C(OC([H])([H])C([H])([H])C([H,0.01,0.1005,False,ODIDAH;ODIDAH01
731531299672,2,2,2,1,1,4,Cu,[H]C(=NC([H])([H])C([H])([H])N=C([H])C1C([H])C([H])C(OC([H])([H])C([H])([H])C([H,0.01,0.0906,False,ODIDEL;ODIDEL01
74097918460,2,2,2,1,1,4,Pt,Cl;[H]N=C(O[AsH](O[H])(O[H])OC(=N[H])C([H])([H])C([H])([H])[H])C([H])([H])C([H]),0.01,0.0224,False,ODOGOF;ODOGOF01
452279146300,2,2,2,1,1,4,Ag,[H]C1C([H])C([H])C(P(C2C([H])C([H])C([H])C([H])C2[H])C2C([H])C([H])C([H])C([H])C,0.01,0.5001,False,ODOYAK;PELWEL
881996041384,2,2,2,1,1,4,Pt,Br;Br;[H]C1C([H])C([H])C(OP(OC2C([H])C([H])C([H])C([H])C2[H])OC2C([H])C([H])C([H,0.01,0.0224,False,OFEFUA;OFEFUA01
468787286768,3,3,3,1,1,4,Cu,Cl;[H]C(=NN([H])C(=S)N([H])[H])C1C([H])C([H])C([H])C(OC([H])([H])[H])C1O,0.01,0.0224,False,OGIBAK;SOCMAZ;SOCMAZ01
450562031547,2,2,2,1,1,6,Mn,N=C=S;N=C=S;[H]C1NC([H])C([H])C(c2nnc(C3C([H])C([H])NC([H])C3[H])o2)C1[H];[H]C1N,0.01,0.1005,False,OGIPOJ;OGIPOJ01
250359744653,2,2,2,1,1,6,Ti,[H]OC(=O)C([H])([H])C(O)(C(=O)O)C([H])([H])C(=O)O[H];[H]OC(=O)C([H])([H])C(O)(C(,0.01,0.01,False,OHUCEZ;OHUCID
213867805394,3,3,3,1,1,4,Pt,Cl;[H]C1NC(C(=O)NC(=O)C2NC([H])C([H])C([H])C2[H])C([H])C([H])C1[H],0.01,0.0141,False,OJABIL;OJABIL01;OJABIL02
357686058588,3,3,3,1,1,4,Pd,Cl;Cl;[H]C1NC(N([H])C2NC([H])C([H])C([H])C2[H])C([H])C([H])C1[H],0.01,0.0412,False,OJAGIP;OJAGIP01;OJAGIP02
864113872937,2,2,2,1,1,4,Ni,[H]C1C(OP(C2C([H])C([H])C([H])C([H])C2[H])C2C([H])C([H])C([H])C([H])C2[H])CC(OP(,0.01,0.0224,False,OJIMIE;OJIMIE01
847599334510,2,2,2,1,1,4,Pd,Cl;[H]C(=NC1C(C([H])(C([H])([H])[H])C([H])([H])[H])C([H])C([H])C([H])C1C([H])(C(,0.01,0.0806,False,OJUYIC;OJUYIC01
405523706969,2,2,2,1,1,4,Pt,[H]C1C([H])C(C([H])([H])[H])C([H])C(S)C1NC1C([H])C([H])C(C([H])([H])[H])C([H])C1,0.01,0.0141,False,OKUTUM;OKUVEY
97203612687,2,2,2,1,1,4,Pd,[H]C1C([H])C(C([H])([H])[H])C([H])C(S)C1NC1C([H])C([H])C(C([H])([H])[H])C([H])C1,0.01,0.0141,False,OKUVAU;OKUVUO
965343844423,2,2,2,1,1,6,Zn,[H]OC(=O)c1nc(C([H])([H])C([H])([H])C([H])([H])[H])n([H])c1C(=O)O;[H]OC(=O)c1nc(,0.01,1.29,False,OPEBUI;QUXQOQ01
835966202217,9,9,2,2,2,4,Pd,[H]C1([H])C2=C(SC(=C3SC(S)=C(S)S3)S2)C([H])([H])C1([H])[H];[H]C1([H])C2=C(SC(=C3,0.01,8.75,False,OTIYOH;OTIYOH01;OTIYOH02;OTIYOH03;OTIYOH04;OTIYOH05
714091121332,2,2,2,1,1,4,Fe,Br;[H]C1([H])OC([H])([H])C([H])([H])C1([H])[H];[H]C1C([H])C(C([H])(C([H])([H])[H,0.01,0.01,False,OTOTEX;OTOTEX01
709504493586,2,2,2,2,2,4,Pt,Cl;Cl;[H]C([H])([H])S(=O)C([H])([H])[H];[H]C1C([H])C([H])C2C(=NOC([H])([H])[H])C,0.01,8.29,False,OVIFEF;OVIFIJ
149063311555,2,2,2,2,2,4,Cu,[H]C(=C1NC(=O)C(C([H])([H])C([H])([H])[H])=C1C([H])([H])C([H])([H])[H])c1[nH]c(C,0.01,8.46,False,OWEFED;OWEFED02
345826629240,2,2,2,2,2,4,Pd,I;[H]C1CC(N=NC2C([H])C([H])C([H])C([H])C2SC([H])([H])[H])C([H])C([H])C1[H],0.01,8.36,False,OWEXEU;OWEXEU01
805946503013,2,2,2,2,2,6,Fe,[H]C(=NC([H])(C1NC([H])C([H])C([H])C1[H])C1C([H])C([H])C([H])C([H])C1[H])C1C([H],0.01,0.6101,True,OXIXUR;OXIXUR01
894353668914,2,2,2,1,1,4,Pd,[H]C1C([H])C([H])C(P(C2C([H])C([H])C([H])C([H])C2[H])C2C([H])C([H])C([H])C([H])C,0.01,0.0224,False,OXUZEN;OXUZEN01
819550212562,2,2,2,1,1,4,Pd,[H]C([H])[H];[H]C1C([H])C([H])C(P(C2C([H])C([H])C([H])C([H])C2[H])C2C([H])C([H]),0.01,0.0316,False,OZOZOT;OZOZOT01
770615685768,2,2,2,1,1,4,Cu,[H]C(=NC([H])([H])c1oc([H])c([H])c1[H])C1C([H])C([H])C([H])C(OC([H])([H])[H])C1O,0.01,0.0141,False,PADZOL;PADZOL01
685133300599,3,3,2,1,1,4,Cu,Cl;Cl;[H]C1C([H])C(N([H])[H])C([H])C([H])C1C(=O)C([H])([H])[H];[H]C1C([H])C(N([H,0.01,0.0141,False,PALDAL;PALDAL01;PALDEP
927470037160,2,2,2,1,1,5,Cu,[H]C1C([H])C(C(=O)O)C([H])C2OC([H])([H])OC12;[H]C1C([H])C(C(=O)O)C([H])C2OC([H]),0.01,0.01,True,PAPSAD;PAPSAD01
250759494535,2,2,2,1,1,4,Pd,[H]C1C([H])C(C([H])([H])N(C([H])([H])[H])C([H])([H])[H])CC(C([H])([H])N(C([H])([,0.01,0.1404,False,PASSEH;PASSIL
122021781275,3,3,3,1,1,4,Cu,[H]C(=NC1C([H])C([H])C([H])C([H])C1N=C([H])C1C([H])C([H])C([H])C([H])C1O)C1C([H],0.01,0.1404,False,PAYDIC01;PSALTQ;XAVWOG
660586655970,2,2,2,2,2,4,Pt,I;[H]C1C([H])C([H])C(P(C2C([H])C([H])C([H])C([H])C2[H])C2C([H])C([H])C([H])C([H],0.01,8.47,False,PEHPUP;PEHPUP01
502639705511,2,2,2,1,1,6,Re,C#O;C#O;C#O;Cl;O=N=O;O=N=O,0.01,0.01,True,PESTAI;PESTAI10
554602561315,2,2,2,1,1,4,Pt,Cl;Cl;[H]C1NC2C3NC([H])C([H])C([H])C3C(=O)C(=O)C2C([H])C1[H],0.01,0.0806,False,PESZUJ01;PIQBIC
905545803394,2,2,2,1,1,4,Cu,[H]C1C([H])C([H])C(C([H])(N([H])C([H])([H])C2C([H])C(Br)C([H])C([H])C2O)C([H])([,0.01,0.01,False,PEXGAB;PEYSUI
500687153810,2,2,2,2,1,6,Co,[H]C1C([H])C(C(=O)O)C([H])C([H])C1Cl;[H]C1C([H])C(C(=O)O)C([H])C([H])C1Cl;[H]C1N,0.01,4.5,False,PIDJAO;PIDJAO01
691058933098,2,2,2,2,2,4,Ni,F;FC1CC(F)C(F)C(F)C1F;[H]C([H])([H])C1=C(C([H])([H])[H])N(C([H])(C([H])([H])[H]),0.01,8.65,False,PINGOM;PINGUS
335013684433,2,2,2,1,1,4,Ni,[H]C1C([H])C(S)C(S)C(C#N)C1[H];[H]C1C([H])C(S)C(S)C(C#N)C1[H],0.01,0.0141,False,PIRHIL;PIRHOR01
472021513500,3,3,3,1,1,4,Pt,O=[N+]([O-])O;O=[N+]([O-])O;[H]C1C([H])C([H])C(P(C2C([H])C([H])C([H])C([H])C2[H],0.01,0.0608,False,PIZMOB;PIZMOB01;VALBIV
340209109019,2,2,2,1,1,4,Cu,[H]C1NC([H])C([H])C(N([H])[H])C1[H];[H]C1NC([H])C([H])C(N([H])[H])C1[H];[H]C1NC(,0.01,0.0141,False,POKLAF;XAQDEZ
778352369118,2,2,2,1,1,4,Pd,[H]C(=NC1C([H])C([H])C([H])C([H])C1[H])C1C([H])C([H])C([H])C([H])C1O;[H]C1CC2C3N,0.01,0.0141,False,POKSIS;POKSIS01
675064117543,2,2,2,1,1,4,Ni,[H]C1C([H])C([H])C(P(C([H])C(O)C2C([H])C([H])C([H])C([H])C2N([H])C([H])([H])[H]),0.01,0.01,False,POLLIL;POLLIL01
936402712481,2,2,2,1,1,6,Zn,O=[N+]([O-])c1n[nH]c(-c2nc([N+](=O)[O-])n[nH]2)n1;[H]O[H];[H]O[H];[H]O[H];[H]O[H,0.01,0.1404,False,POMMEL;POMMEL02
23689021097,2,2,2,1,1,4,Pt,Cl;[H]C1C([H])C([H])C(NC([H])([H])[H])C(N=NC2C([H])C([H])C([H])C([H])C2N([H])C([,0.01,0.0141,False,POSBUX;POSBUX01
543966931588,2,2,2,2,1,6,Ru,C#O;C#O;OO;[H]C1C([H])C([H])C(P(C2C([H])C([H])C([H])C([H])C2[H])C2C([H])C([H])C(,0.01,0.3401,False,POWDAG;POWDAG01
58518543294,6,6,6,2,1,6,Fe,N=C=S;N=C=S;[H]C1NC2C3NC([H])C([H])C([H])C3C3NC4C([H])C([H])C([H])C([H])C4NC3C2C,0.01,3.55,False,POWSID10;POWSID11;POWSID12;POWSID13;POWSID14;POWSID15
452306705659,2,2,2,1,1,4,Pd,[H]N1C([H])([H])C([H])([H])C([H])([H])C1([H])C(=O)O;[H]N1C([H])([H])C([H])([H])C,0.01,0.0141,False,PROLPD01;SUMMUM
415570683652,5,5,3,1,1,4,Cu,[H]C(=NC1C([H])C([H])C([H])C([H])C1[H])C1C([H])C([H])C([H])C([H])C1O;[H]C(=NC1C(,0.01,0.0141,False,PSALCU;PSALCU02;PSALCU03;PSALCU04;PSALCU05
429916778750,2,2,2,1,1,4,Pt,[H]c1c([H])c([H])c2c3nc4nc(nc5[nH]c(nc6nc(nc([nH]3)c2c1[H])C1C([H])C([H])C([H])C,0.01,0.0224,False,PTPOCY10;PTPOCY11
685935607552,2,2,2,1,1,4,Fe,[H]C1C([H])C([H])C(C(=N)C(C([H])([H])[H])(C([H])([H])[H])C([H])([H])[H])C([H])C1,0.01,0.01,False,PUHJIP;PUHJIP01
27675093275,2,2,2,2,1,4,Ni,[H]C([H])([H])C([H])([H])N(C(S)S)C([H])([H])C([H])([H])C([H])([H])C([H])([H])[H],0.01,4.78,True,PUHVIY;PUHVIY01
225662242048,2,2,2,2,2,4,Pt,Cl;Cl;[H]C1C([H])C([H])C(N(C([H])([H])[H])C([H])([H])[H])C(c2nnc(C3C([H])C([H])C,0.01,8.03,False,PUMFIN;PUMFIN01
629158791624,2,2,2,2,2,4,Au,[H]C1([H])SC(S)=C(S)SC([H])([H])S1;[H]C1([H])SC(S)=C(S)SC([H])([H])S1,0.01,8.69,False,PUQDEK;PUQDIO
239036492611,2,2,2,1,1,4,Ir,Cl;[H]C([H])([H])C(P(C([H])([H])C([H])([H])CC([H])([H])C([H])([H])P(C(C([H])([H],0.01,0.0141,False,PYBPIR;PYBPIR10
189916230036,2,2,2,1,1,4,Co,Cl;Cl;[H]C1NC(SSC2NC([H])C([H])C([H])C2[H])C([H])C([H])C1[H],0.01,0.0224,False,PYDSCO;PYDSCO01
577742876377,2,2,2,2,2,4,Ir,C#O;C#O;[H]C1NC(C(O)(C([H])([H])[H])C([H])([H])[H])C([H])C([H])C1[H],0.01,9.53,False,QAKVOQ;QAKXAE
479550582939,2,2,2,1,1,5,Cu,[H]C1C([H])C(C(=O)O)C([H])C([H])C1Br;[H]C1C([H])C(C(=O)O)C([H])C([H])C1Br;[H]C1N,0.01,0.0141,True,QALZIM;QALZIM01
135339211994,2,2,2,1,1,6,Ni,[H]C(=O)N(C([H])([H])[H])C([H])([H])[H];[H]C(=O)N(C([H])([H])[H])C([H])([H])[H];,0.01,0.4401,False,QAMDUF;QOWVUW
575371698978,2,2,2,2,2,4,Pd,Cl;Cl;[H]C1C([H])C([H])C(P(C2C([H])C([H])C([H])C([H])C2[H])C([H])([H])C([H])(P(C,0.01,8.57,False,QAMHET;QAMHIX
744365003801,3,3,2,1,1,4,Cu,[H]N=C(OC([H])([H])[H])N([H])C(=N[H])N([H])[H];[H]N=C(OC([H])([H])[H])N([H])C(=N,0.01,0.0141,False,QAPMEA;TUPLAR;YAXBAA
899265918490,3,3,3,1,1,4,Cu,[H]C(=NC([H])([H])C(C([H])([H])[H])(C([H])([H])[H])C([H])([H])N=C([H])C1C([H])C(,0.01,0.051,False,QARNON;QARNON01;QARNON02
416701054210,2,2,2,1,1,4,Cu,[H]C(=NC([H])([H])C([H])([H])N=C([H])C1C([H])C(OC([H])([H])[H])C([H])C([H])C1O)C,0.01,0.0316,False,QARPAB;QARPAB01
924933199969,2,2,2,1,1,4,Zn,Cl;Cl;[H]C1C([H])C(N([H])[H])C([H])C([H])C1F;[H]C1C([H])C(N([H])[H])C([H])C([H]),0.01,0.0316,False,QEBSAT;QEBSAT01
8700309965,3,3,2,1,1,4,Cu,[H]ON=C([H])C1C([H])C([H])C([H])C(OC([H])([H])[H])C1O;[H]ON=C([H])C1C([H])C([H]),0.01,0.0141,False,QEBTIC;QEBTIC01;QEBTIC02
836395177226,2,2,2,1,1,4,Zn,Cl;Cl;[H]C1C([H])C([H])C2C(N=NN2C([H])([H])N2C(C([H])([H])[H])=NC3C([H])C([H])C(,0.01,0.01,False,QEBWIF;QEBWIF01
271138182170,2,2,2,1,1,4,Cu,[H]NC(NC(N[H])C(Cl)(Cl)Cl)C(Cl)(Cl)Cl;[H]NC(NC(N[H])C(Cl)(Cl)Cl)C(Cl)(Cl)Cl,0.01,0.0141,False,QECCEI;RIWNOE
386398973274,2,2,2,1,1,4,Pt,Cl;[H]C1NC(C(=NN=C(S)N([H])C([H])([H])C([H])([H])[H])C([H])([H])[H])C([H])C([H]),0.01,0.0141,False,QEGKES;QEGKES01
40988735082,2,2,2,1,1,5,Fe,N=O;[H]C1NC2C(S)C([H])C([H])C([H])C2C([H])C1[H];[H]C1NC2C(S)C([H])C([H])C([H])C2,0.01,0.0141,True,QEYNER;QEYNER01
975523147507,2,2,2,1,1,4,Ni,C#N;C#N;[H]C([H])(P(C1([H])C([H])([H])C([H])([H])C([H])([H])C([H])([H])C1([H])[H,0.01,0.1903,False,QIDNOH;XEFFIB
39122273365,2,2,2,1,1,4,Co,[H]C(=NC([H])(C1C([H])C([H])C(Br)C([H])C1[H])C([H])([H])[H])C1C([H])C([H])C([H]),0.01,0.0316,False,QIJTOV;QIJVAJ
619067343976,7,7,6,2,1,6,Zn,[H]C1NC(C(=O)O)C([H])C([H])C1[H];[H]C1NC(C(=O)O)C([H])C([H])C1[H];[H]O[H];[H]O[H,0.01,1.36,False,QIMRIQ;WENQEO;ZNPICH03;ZNPICH04;ZNPICH06;ZNPICH07
803566170696,2,2,2,1,1,5,Fe,C#O;C#O;C#O;C#O;[H]C1=C([H])N(C2C(C([H])(C([H])([H])[H])C([H])([H])[H])C([H])C([,0.01,0.0141,False,QINZUK;QINZUK01
349243353313,2,2,2,2,2,4,Ni,Br;[H]C1C([H])C(C(P(C(C([H])([H])[H])(C([H])([H])[H])C([H])([H])[H])C(C([H])([H],0.01,8.53,False,QIWNUI;QIWQEV
942615688201,2,2,2,1,1,4,Zn,Cl;Cl;Cl;[H]C1([H])OC([H])([H])C([H])([H])C1([H])[H],0.01,0.0906,False,QIYCEH;WEZPAU
547923120107,2,2,2,1,1,4,Cu,[H]C(=O)C1C([H])C(C(C([H])([H])[H])(C([H])([H])[H])C([H])([H])[H])C([H])C(C(C([H,0.01,0.0141,False,QOBMOK;QOBMOK01
644167865105,2,2,2,2,1,4,Co,[H]C(=NC1C([H])C([H])C([H])C([H])C1[H])C1C([H])C([H])C([H])C([H])C1O;[H]C(=NC1C(,0.01,0.4701,False,QOBYUC;QOBYUC01
489567134847,2,2,2,1,1,4,Ni,[H]C1([H])C2=C(SC(=C3SC(S)=C(S)S3)S2)C([H])([H])C1([H])[H];[H]C1([H])C2=C(SC(=C3,0.01,0.0141,False,QOCNOL;QOCNOL03
319381915125,3,3,2,2,1,4,Zn,[H]C1=C([H])C(=C(c2[nH]c(C([H])([H])[H])c([H])c2[H])C2C(C([H])([H])[H])C([H])C(C,0.01,3.46,False,QOTBUX;QOTBUX01;QOTBUX02
324530708417,2,2,2,1,1,5,Cu,[H]C([H])=C(C(=O)O)C([H])([H])[H];[H]C([H])=C(C(=O)O)C([H])([H])[H];[H]C1NC([H]),0.01,0.0141,True,QOTKIU;QOTKIU01
556620119731,2,2,2,1,1,4,Ni,[H]C(=NN=C(S)N([H])C([H])([H])[H])c1c([H])c([H])c([H])n1[H];[H]C(=NN=C(S)N([H])C,0.01,0.0141,False,QOVGAJ;QOVGAJ01
754235109781,2,2,2,1,1,4,Cu,[H]C1C([H])C([H])C(C(O)C([H])C(O)C(F)(F)F)C([H])C1[H];[H]C1C([H])C([H])C(C(O)C([,0.01,0.0141,False,QQQBWM03;QQQBWM04
584970692058,4,4,3,1,1,6,Ni,[H]OC(=O)C([H])=C([H])C(=O)O;[H]OC(=O)C([H])=C([H])C(=O)O;[H]O[H];[H]O[H];[H]O[H,0.01,0.9101,False,QQQEWV01;QQQEWV02;QQQEWV04;QQQEWV05
306913780677,2,2,2,1,1,4,Pd,[H]C([H])([H])C(=O)O;[H]C([H])([H])C(=O)O;[H]C1NC(C2NC([H])C([H])C([H])C2[H])C([,0.01,0.0224,False,QUDFEB;QUDFEB01
32347062361,2,2,2,1,1,4,Zn,[H]C(=NC([H])([H])C([H])([H])N([H])C1C([H])C([H])C([H])C([H])C1[H])C1C([H])C([H],0.01,2.35,False,QUGLAH;YICFEY
752617701846,2,2,2,1,1,4,Cu,[H]C(=NC([H])([H])C([H])([H])N=C([H])C1C([H])C([N+](=O)[O-])C([H])C([H])C1O)C1C(,0.01,0.1304,False,QUMBIL;QUMBIL01
192203761261,2,2,2,2,2,4,Ni,[H]C1=C([H])C2=C(C3C([H])C([H])C([H])C([H])C3[H])c3[nH]c(c([H])c3[H])C(C3C([H])C,0.01,8.58,False,QUQYAC;QUQYAC01
544774061307,2,2,2,1,1,4,Pd,Cl;[H]C([H])[H];[H]C1C([H])C([H])C(P(C2C([H])C([H])C([H])C([H])C2OC([H])([H])[H],0.01,0.9701,False,QUVJOI;QUVJOI01
285387400096,2,2,2,1,1,4,Cd,I;I;I;[H]C1([H])N2C([H])([H])C([H])([H])N([H])(C1([H])[H])C([H])([H])C2([H])[H],0.01,0.3701,False,QUZBEW;VOTPUR
149160854579,2,2,2,1,1,5,Zn,N=C=S;N=C=S;[H]C1NC(C2NC(C3NC([H])C([H])C([H])C3[H])C([H])C(C3C([H])C([H])NC([H],0.01,0.0141,False,RAJPAU;RAJPAU01
370134754615,2,2,2,1,1,4,Zn,I;I;I;[H]C1([H])OC([H])([H])C([H])([H])C1([H])[H],0.01,0.0608,False,RALCOY;XAHVUY
544158296730,2,2,2,1,1,4,Pd,Cl;Cl;[H]C([H])([H])C([H])([H])P(C([H])([H])C([H])([H])[H])C([H])([H])C([H])([H],0.01,0.0141,False,RALDAK;RALDAK01
121999189499,2,2,2,2,1,6,Co,[H]OC1C(C(=O)O)NC([H])C([H])C1[H];[H]OC1C(C(=O)O)NC([H])C([H])C1[H];[H]O[H];[H]O,0.01,1.8,False,RAMFIV;RAMFIV01
172059797922,2,2,2,1,1,4,Zn,[H]C(=NC([H])(C1C([H])C([H])C(Cl)C([H])C1[H])C([H])([H])[H])C1C([H])C([H])C([H]),0.01,0.0141,False,RANHOF;RANHUL
921615835955,2,2,2,1,1,4,Pd,Cl;Cl;[H]C1NC([H])C(I)C([H])C1[H];[H]C1NC([H])C(I)C([H])C1[H],0.01,0.0141,False,RANTUW;RANTUW01
536820110447,2,2,2,1,1,6,Cu,N=C=S;N=C=S;[H]c1nc([H])n(C([H])([H])[H])c1[H];[H]c1nc([H])n(C([H])([H])[H])c1[H,0.01,0.2202,False,RASSAH;RASSAH01
811037197172,2,2,2,1,1,4,Co,Cl;Cl;[H]c1nc(C([H])([H])[H])n(C([H])([H])[H])c1[N+](=O)[O-];[H]c1nc(C([H])([H]),0.01,0.0412,False,RESYUJ;RESYUJ01
791877356332,2,2,2,1,1,4,Cu,Cl;Cl;[H]C1C([H])C([H])C(C([H])([H])N2C(C3C([H])C([H])C([H])C([H])C3C3C([H])C([H,0.01,0.1304,True,REVSER;REVSIV
725099665467,2,2,2,1,1,4,Pd,Cl;Cl;[H]C1=C([H])N(C2C(C([H])(C([H])([H])[H])C([H])([H])[H])C([H])C([H])C([H])C,0.01,0.0141,False,REWWEX;REWWEX01
202453619550,2,2,2,2,2,6,Co,[H]N([H])C([H])([H])C([H])([H])N([H])[H];[H]N([H])C([H])([H])C([H])([H])N([H])[H,0.01,3.52,True,REYFAC;REYFAC01
905284141804,2,2,2,1,1,6,Ir,[H]C(C(O)C([H])([H])[H])C(O)C([H])([H])[H];[H]C1CC(C2NC([H])C([H])C([H])C2[H])C(,0.01,0.2702,False,RIJMAA;RIJMAA01
322589753600,2,2,2,1,1,4,Cd,Br;Br;[H]C(=NN([H])C(=S)N([H])[H])C1C([H])C([H])C([H])C([H])C1Cl;[H]C(=NN([H])C(,0.01,0.01,False,RIPJEF;RIPJEF01
317146014160,2,2,2,1,1,4,Ni,[H]ON=C(C1C([H])C([H])C([H])C([H])C1O)C([H])([H])[H];[H]ON=C(C1C([H])C([H])C([H],0.01,0.01,False,RIQBAU;RIQBAU01
891324140295,2,2,2,1,1,4,Pt,Cl;[H]c1nn(C2NC(C3CC([H])C([H])C([H])C3[H])C([H])C([H])C2[H])c([H])c1[H],0.01,0.2102,False,RITVOH;RITVOH01
847318185410,2,2,2,1,1,5,Cu,Cl;Cl;[H]C1NC(C(=NN=C(C2NC([H])C([H])C([H])C2[H])C([H])([H])[H])N([H])[H])C([H]),0.01,0.6401,False,RIYVEA;RIYVEA01
288926537329,2,2,2,1,1,6,Zn,[H]C([H])([H])S(=O)(=O)O;[H]C([H])([H])S(=O)(=O)O;[H]O[H];[H]O[H];[H]O[H];[H]O[H,0.01,0.1703,False,ROKSOA01;RUJDOT
96663838759,5,5,3,1,1,4,Ni,[H]ON=C([H])C1C([H])C([H])C([H])C(OC([H])([H])[H])C1O;[H]ON=C([H])C1C([H])C([H]),0.01,0.0141,False,ROMTUJ;ROMTUJ01;ROMTUJ02;ROMTUJ03;ROMTUJ04
378913377454,2,2,2,1,1,6,Ni,Br;Br;[H]N([H])C1([H])C([H])([H])C([H])([H])C([H])([H])C([H])([H])C1([H])[H];[H],0.01,0.6601,False,RUDYUN;RUDYUN01
755705019042,2,2,2,1,1,6,Ni,F;F;[H]C1NC([H])C([H])C([H])C1[H];[H]C1NC([H])C([H])C([H])C1[H];[H]C1NC([H])C([H,0.01,0.1603,False,RUHGUW;YUKQEC
806526969362,2,2,2,1,1,4,Pd,Cl;[H]C1C([H])C([H])C(C(=NC([H])([H])C([H])([H])C([H])([H])P(C2C([H])C([H])C([H],0.01,0.0316,False,RUJWIE;RUJWIE01
85193382689,2,2,2,2,2,6,Ti,O;[H]C([H])([H])S(=O)C([H])([H])[H];[H]C([H])([H])S(=O)C([H])([H])[H];[H]C([H])(,0.01,0.4901,True,RUKDIK;RUKDIK01
755288866289,2,2,2,2,2,4,Au,[H]C([H])([H])C([H])([H])Sc1nc(S)c(S)s1;[H]C([H])([H])C([H])([H])Sc1nc(S)c(S)s1,0.01,8.93,False,RUPHOB;RUPHUH
750828084261,2,2,2,1,1,6,Mo,O;O;[H]C(=NN=C(S)SC([H])([H])[H])C1C([H])C([H])C([H])C([H])C1O;[H]O[H],0.01,0.01,False,RUSCIR;RUSCIR01
682173955155,2,2,2,2,2,4,Pt,Cl;[H]C1C([H])C([H])C(N=NC2C([H])C([H])C(N(C([H])([H])C([H])([H])[H])C([H])([H]),0.01,9.16,False,SACTEY;SACTIC
510350956042,2,2,2,1,1,6,Re,C#O;C#O;C#O;[H]C1C([H])C([H])C(P(C2C([H])C([H])C([H])C([H])C2[H])C2C([H])C([H])C,0.01,0.0906,False,SAKFIV;SAKFOB
793470785153,2,2,2,1,1,6,Co,[H]OC1C([H])C([H])C([H])C([H])C1C(=O)O;[H]OC1C([H])C([H])C([H])C([H])C1C(=O)O;[H,0.01,0.5201,False,SALAQC10;SALAQC12
357815251520,3,3,2,1,1,4,Cu,[H]ON=C([H])C1C([H])C([H])C([H])C([H])C1O;[H]ON=C([H])C1C([H])C([H])C([H])C([H]),0.01,0.0141,False,SALCOP;SALCOP03;SALCOP05
165325446292,2,2,2,1,1,6,Co,C#N;C#N;[H]c1c([H])c([H])c2c3[nH]c(c([H])c4nc(c([H])c5[nH]c(c([H])c6nc(c3[H])C3=,0.01,0.2802,False,SAMTUX01;SAMTUX02
769613176827,2,2,2,1,1,4,Co,Cl;Cl;[H]C1=NC2C([H])C([H])C([H])C([H])C2N1[H];[H]C1=NC2C([H])C([H])C([H])C([H]),0.01,0.0224,False,SAPBIV;SAPBIV01
822012289804,2,2,2,2,2,4,Pt,Cl;Cl;[H]C1C([H])C([H])C2C(C1[H])C1C([H])C([H])C([H])C([H])C1[As]2C([H])([H])[H],0.01,8.15,False,SAVFED;SAVSEQ
841619838456,2,2,2,1,1,6,Co,[H]O[H];[H]O[H];[H]n1nnnc1C([H])([H])c1nnnn1[H];[H]n1nnnc1C([H])([H])c1nnnn1[H],0.01,0.8901,False,SAVNIP;SAVPOX
887108662426,2,2,2,1,1,4,Ru,[H]C([H])([H])C(P(C(C([H])([H])[H])(C([H])([H])[H])C([H])([H])[H])C([H])([H])[Si,0.01,0.01,False,SEMDOE;SEMDOE01
91840882109,2,2,2,1,1,4,Ni,[H]C([H])(S)C([H])([H])S;[H]C([H])(S)C([H])([H])S,0.01,0.0141,False,SEVMAH;VIJVIT
835267105689,3,3,2,1,1,4,Au,Cl;Cl;Cl;[H]C([H])([H])C([H])(C([H])([H])[H])P(=S)(C([H])(C([H])([H])[H])C([H])(,0.01,0.0224,False,SEWZAX;SEWZAX01;SEWZAX02
835934002587,2,2,2,1,1,4,Zn,[H]C([H])([H])N(C([H])([H])[H])C([H])([H])C([H])([H])N(C([H])([H])[H])C([H])([H],0.01,0.0141,False,SIDNOK;SIDNUQ
604731755493,2,2,2,1,1,4,Ag,[H]C(=C([H])P(C1C([H])C([H])C([H])C([H])C1[H])C1C([H])C([H])C([H])C([H])C1[H])P(,0.01,0.0141,False,SIDXIN;SIDXIN01
243647823489,2,2,2,1,1,4,Cu,Br;[H]C(=NC([H])([H])C([H])([H])N=C([H])C([H])=C([H])C1C([H])C([H])C([H])C([H])C,0.01,0.01,False,SILJAZ;SILJAZ01
162444131512,2,2,2,1,1,4,Cu,N=N=N;[H]C(=NC([H])([H])C([H])([H])N=C([H])C([H])=C([H])C1C([H])C([H])C([H])C([H,0.01,0.0224,False,SILKOO;SILKOO01
743563728762,3,3,2,1,1,4,Ni,[H]C(=NC1C([H])C([H])C([H])C([H])C1C([H])([H])[H])C1C(O)C([H])C([H])C2C([H])C([H,0.01,0.01,False,SIPFIG;SIPFIG03;SIPFIG04
701319055031,2,2,2,1,1,6,Fe,N=C=[Se];N=C=[Se];[H]C1NC([H])C(c2nnc(C3NC([H])C([H])C([H])C3[H])n2C2C([H])C([H],0.01,0.0608,False,SITNUG;SITNUG01
35059713554,2,2,2,1,1,4,Pd,Cl;Cl;[H]C1C([H])C(C([H])([H])[H])C(N#C)C(C([H])([H])[H])C1[H];[H]C1C([H])C(C([H,0.01,0.0316,False,SIVGAF;SIVGAF01
437923986963,3,3,2,2,2,4,Ni,Sc1sc(=[Se])sc1S;Sc1sc(=[Se])sc1S,0.01,8.03,False,SOKBUP;SOKBUP01;SOKBUP10
971678954824,2,2,2,1,1,4,Pt,[H]C1C([H])C([H])C(C(O)C([H])C(O)C2C([H])C([H])C([H])C([H])C2[H])C([H])C1[H];[H],0.01,0.051,False,SOPQOE;SOPQOE01
929753321942,2,2,2,1,1,6,Os,Cl;[H]C1C([H])C([H])C(P(C2C([H])C([H])C([H])C([H])C2[H])C([H])([H])P(C2C([H])C([,0.01,0.01,True,SOPXIH;SOPXIH01
110842664580,7,7,3,1,1,4,Ru,Cl;[H]C(NC([H])=C([H])P(C(C([H])([H])[H])(C([H])([H])[H])C([H])([H])[H])C(C([H]),0.01,0.0224,False,SOQCAE;SOQCAE01;SOQCAE02;SOQCAE03;SOQCAE04;SOQCAE05
656177658768,2,2,2,1,1,6,Mo,O;O;[H]C([H])([H])OC([H])([H])C([H])([H])O;[H]C([H])([H])OC([H])([H])C([H])([H]),0.01,0.01,True,SOSXAZ;SOSXAZ01
394547651553,2,2,2,1,1,4,Au,[H]C([H])([H])C([H])([H])n1c(S)c(S)sc1=S;[H]C1C([H])C([H])C(S)C(S)C1[H],0.01,0.0707,False,SUBJOS;SUBJUY
646807994249,2,2,2,1,1,6,Cr,C#N;C#N;[H]c1c([H])c([H])c2c(c1[H])-c1nc-2nc2[nH]c(nc3nc(nc4[nH]c(n1)c1c([H])c([,0.01,0.3202,False,SUBKAD;SUCNAH
608232069800,2,2,2,1,1,4,Pt,[H]C1=C([H])N(C([H])([H])N2CN(C([H])([H])[H])C([H])=C2[H])CN1C([H])([H])[H];[H]C,0.01,0.0224,False,SUDCIG;SUDCIG01
715692338548,2,2,2,1,1,4,Pd,[H]N([H])C([H])([H])C([H])([H])C(=O)O;[H]N([H])C([H])([H])C([H])([H])C(=O)O,0.01,0.0141,False,SUHRET;SUHRET02
664342115099,2,2,2,1,1,4,Pt,Cl;Cl;[H]C1NC(C2NC3C([H])C([H])C([H])C([H])C3NC2[H])C([H])C([H])C1[H],0.01,0.1803,False,SUQLIB;SUQLIB01
446790959524,2,2,2,1,1,4,Cu,Cl;[H]OC([H])([H])C(N=C([H])C1C([H])C([H])C([H])C([H])C1O)(C([H])([H])[H])C([H]),0.01,0.0141,False,SUSTIJ;SUSTIJ01
228157577690,2,2,2,1,1,4,Ni,[H]C([H])[H];[H]C([H])[H];[H]C1NC([H])C([H])C([H])C1[H];[H]C1NC([H])C([H])C([H]),0.01,0.0906,False,TAPLEC;TAPLEC01
468237086860,2,2,2,1,1,4,Zn,[H]N([H])[H];[H]N([H])[H];[H]N([H])[H];[H]N([H])[H],0.01,0.1204,False,TAQPIN;ZEHPUA
527503160423,2,2,2,1,1,4,Pt,[H]N([H])C([H])([H])[H];[H]N([H])C([H])([H])[H];[H]c1nn([H])c([H])c1[H];[H]c1nn(,0.01,0.0141,False,TASNOS;TASNOS01
717490135199,2,2,2,1,1,6,Mn,[H]C(=O)C1C([H])C([H])C(O)C(OC([H])([H])[H])C1[H];[H]C(=O)C1C([H])C([H])C(O)C(OC,0.01,0.01,False,TAWKAE;TAWKAE02
685548871528,2,2,2,1,1,6,Ni,[H]C1NC(C([H])(C2NC([H])C([H])C([H])C2[H])C2NC([H])C([H])C([H])C2[H])C([H])C([H],0.01,0.0707,False,TAWQEN;YUZKOW
860675513590,3,3,2,1,1,4,Pd,Cl;Cl;[H]c1nc([H])n(C([H])([H])[H])c1[H];[H]c1nc([H])n(C([H])([H])[H])c1[H],0.01,0.0141,False,TCMIPD;TCMIPD11;TCMIPD12
522573928190,2,2,2,1,1,6,Zn,[H]OC(=O)C1C([H])C([H])C(C(=O)O)C(C(=O)O[H])C1[H];[H]OC(=O)C1C([H])C([H])C(C(=O),0.01,0.0224,False,TECTUR;TECTUR01
34395180933,2,2,2,1,1,6,Cu,Cl;Cl;[H]c1nc([H])n(C([H])(C2C([H])C([H])C(C#N)C([H])C2[H])C2C([H])C([H])C(C#N)C,0.01,0.2302,False,TEDSUS;TEDSUS01
506788547110,2,2,2,1,1,4,Pt,[H]C1C([H])C([H])C(P(C2C([H])C([H])C([H])C([H])C2[H])C([H])([H])P(C2C([H])C([H]),0.01,0.0412,False,TEGZEM;TIZHUG
904604714561,2,2,2,1,1,4,Pt,[H]C([H])([H])C([H])([H])P(C([H])([H])C([H])([H])[H])C([H])([H])C([H])([H])[H];[,0.01,0.0224,False,TEMMEG;TEMMEG01
163892747590,2,2,2,2,1,5,Co,I;[H]C([H])([H])N(C([H])([H])[H])C([H])([H])C([H])([H])N(C([H])([H])C([H])([H])N,0.01,4.36,True,TENVUH;VOKGUB
401693069511,3,3,2,1,1,4,Cu,[H]c1sc(C(O)C([H])C(O)C(F)(F)F)c([H])c1[H];[H]c1sc(C(O)C([H])C(O)C(F)(F)F)c([H]),0.01,0.0141,False,TFTBCU;TFTBCU04;TFTBCU05
230318915579,2,2,2,1,1,6,Co,Cl;Cl;[H]OC([H])([H])C([H])([H])SC([H])([H])C([H])([H])O[H];[H]OC([H])([H])C([H],0.01,1.14,False,THETCO;THETCO01
936263411870,3,3,3,1,1,4,Zn,O=S(=O)(O)O;[H]N([H])C(=S)N([H])[H];[H]N([H])C(=S)N([H])[H];[H]N([H])C(=S)N([H]),0.01,0.0316,False,THURZN02;THURZN03;THURZN05
762084774893,2,2,2,2,2,4,Zn,[H]C([H])([H])C(=O)O;[H]C([H])([H])C(=O)O;[H]N([H])C(=S)N([H])[H];[H]N([H])C(=S),0.01,1.61,True,THUZNA11;THUZNA12
572909511149,2,2,2,2,1,4,Pd,[H]N([H])C(=S)N([H])N([H])[H];[H]N([H])C(=S)N([H])N([H])[H],0.01,0.0806,False,TIBPEA;WALGOH
228125536270,2,2,2,1,1,6,Co,[H]C1C(C2NNNN2)C([H])C([H])N(O)C1[H];[H]C1C(C2NNNN2)C([H])C([H])N(O)C1[H];[H]O[H,0.01,0.1903,False,TIDYIP;TIDYIP01
470298259636,3,3,3,2,1,6,Co,[H]OC(=O)c1c([H])c(C(=O)O)nn1[H];[H]OC(=O)c1c([H])c(C(=O)O)nn1[H];[H]O[H];[H]O[H,0.01,1.76,False,TIGKID;TIGKID01;TIGKID02
837715700327,2,2,2,2,1,6,Zn,[H]OC(=O)c1c([H])c(C(=O)O)nn1[H];[H]OC(=O)c1c([H])c(C(=O)O)nn1[H];[H]O[H];[H]O[H,0.01,1.68,False,TIGKUP;TIGKUP01
702111633594,2,2,2,2,1,6,Pt,Br;Br;Br;Br;[H]C1([H])P2C([H])([H])C([H])([H])C([H])([H])C([H])([H])C([H])([H])C,0.01,1.95,True,TILKOS;TILKOS01
140503968101,2,2,2,1,1,6,Co,[H]C1C(C(=O)O)C(C([H])([H])[H])N([H])C(C([H])([H])[H])C1C(=O)O;[H]C1C(C(=O)O)C(C,0.01,0.0224,False,TINQOX;TINQOX01
468623997711,2,2,2,2,1,5,Co,C#O;C#O;C#O;[H]C([H])C(=O)OC([H])(C([H])([H])[H])C([H])([H])[H];[H]C1C([H])C([H],0.01,4.48,True,TIYXEE;TIYXEE01
388869629396,2,2,2,2,1,5,Ni,Cl;[H]C1C([H])C([H])C(P(C2C([H])C([H])C([H])C([H])C2[H])C([H])([H])OP(OC([H])([H,0.01,4.19,False,TIZXAF;YAXLES
923282137911,3,3,2,1,1,4,Cu,Cl;Cl;[H]C([H])([H])N(C([H])([H])[H])C([H])([H])C([H])([H])N(C([H])([H])[H])C([H,0.01,0.4501,False,TMENCU;TMENCU02;UKEDIB
785378087472,2,2,2,2,1,5,Zn,Cl;Cl;[H]C1NC(C2NC(C3NC([H])C([H])C([H])C3[H])C([H])C(C3C([H])C([H])C(N(C([H])([,0.01,4.29,False,TOCXEQ;TOCXEQ01
924891106721,2,2,2,1,1,4,Ni,N#CC([SeH])=C([SeH])C#N;N#CC([SeH])=C([SeH])C#N,0.01,0.0141,False,TODDAR;WAQVEP
204630353988,3,3,3,1,1,4,Cu,[H]C(=NC1C([H])C([H])C(C([H])([H])[H])C([H])C1[H])C1C([H])C([H])C([H])C([H])C1O;,0.01,0.0141,False,TOLSCU01;TOLSCU04;TOLSCU06
359760408867,2,2,2,2,2,6,Ni,[H]C(=NC([H])(C1C([H])C([H])C(OC([H])([H])[H])C([H])C1[H])C([H])([H])[H])C1NC([H,0.01,2.19,True,TORMOE;TORMUK
285077638169,2,2,2,1,1,6,Co,N=C=[Se];N=C=[Se];[H]C1NC([H])C(Cl)C(N([H])[H])C1[H];[H]C1NC([H])C(Cl)C(N([H])[H,0.01,0.01,False,TOSBUC;TOSBUC01
781432919819,3,3,2,1,1,4,Pd,I;I;[H]C1C([H])C(N#C)C([H])C([H])C1F;[H]C1C([H])C(N#C)C([H])C([H])C1F,0.01,0.0224,False,TOWYOW;TOWYUC;TOXLUQ
458122963633,2,2,2,1,1,6,Co,Br;Br;[H]c1c([H])c([H])c2c(c1[H])-c1nc-2c([H])c2[nH]c(c([H])c3nc(c([H])c4[nH]c(c,0.01,0.4101,False,TOYSAE;TOYSAE01
585720351173,2,2,2,1,1,6,Ni,Cl;Cl;[H]N([H])C(=N[N+](=O)[O-])N([H])N([H])[H];[H]N([H])C(=N[N+](=O)[O-])N([H]),0.01,0.0141,False,TUFBAX;TUFBAX01
486776900918,2,2,2,1,1,4,Ni,[H]B1234C567B189([H])B21%10([H])B32%11([H])B13%12([H])B8%101([H])B598([H])B135([,0.01,0.0608,False,TULVAZ;TULVAZ01
180428265275,2,2,2,1,1,4,Pd,I;I;[H]C1C([H])C(C([H])([H])[H])C([H])C([H])C1P(C1C([H])C([H])C(C([H])([H])[H])C,0.01,0.0141,False,TURDAL;TURDAL01
963276892933,3,3,3,2,1,6,Mn,[H]C1NNC(C(=O)O)C([H])C1[H];[H]C1NNC(C(=O)O)C([H])C1[H];[H]O[H];[H]O[H],0.01,1.88,False,TUTWOX;VEKFIA;VEKFIA01
208413403354,2,2,2,2,1,6,Sc,Cl;Cl;Cl;[H]O[H];[H]O[H];[H]O[H],0.01,0.4201,False,TUVYAK;TUVYAK01
543259314191,3,3,2,1,1,5,Zn,[H]C(=NC([H])([H])C([H])([H])N=C([H])C1C([H])C(F)C([H])C([H])C1O)C1C([H])C(F)C([,0.01,0.01,True,TUYGAX;TUYGAX01;TUYGAX02
979381123494,12,12,10,2,1,6,Fe,[H]N([H])C([H])([H])C(C([H])([H])[H])(C([H])([H])N([H])[H])C([H])([H])N([H])[H];,0.01,1.69,False,UDASIF;UDASIF01;UDASIF02;UDASIF03;UDASIF04;UDASIF05
920271554167,2,2,2,1,1,4,Pt,Cl;Cl;[H]C1([H])N(C#N)C([H])([H])C([H])([H])C1([H])[H];[H]C1([H])N(C#N)C([H])([H,0.01,0.0141,False,UKAWIO;YIPROH
187589187296,2,2,2,1,1,4,Pd,[H]c1c(C2C([H])C([H])C([H])C([H])C2[H])nnn1C([H])([H])C1NC([H])C([H])C([H])C1[H],0.01,0.0141,False,UKAYAH;UKAYAH01
748136683686,2,2,2,1,1,4,Ru,C#O;[H]C([H])([H])C([H])(P(C([H])([H])C([H])([H])NC([H])([H])C([H])([H])P(C([H]),0.01,0.0141,False,ULATIM;ULATIM01
133864334551,2,2,2,1,1,4,Pt,[H]C1C([H])C([H])C(P(C2C([H])C([H])C([H])C([H])C2[H])C([H])([H])C([H])([H])P(C2C,0.01,0.0224,False,UMIPEM;UMIPEM01
854113704392,2,2,2,1,1,4,Ni,I;I;[H]C1=C([H])N(C([H])([H])[H])CN1C([H])([H])[H];[H]C1=C([H])N(C([H])([H])[H]),0.01,0.0141,False,UNILIN;UNILIN01
59372184111,2,2,2,1,1,4,Hg,N#CS;N#CS;[H]C1NC2C3NC([H])C([H])C([H])C3C(=O)C2C([H])C1[H],0.01,0.0608,False,UNOCEG;UNOCEG01
917163466649,3,3,3,2,2,4,Cu,[H]C1NC2C(N=C(N(C([H])([H])[H])C([H])([H])[H])N(C([H])([H])[H])C([H])([H])[H])C(,0.01,8.14,True,UTIWOL;UTIWUR;VISRUM
52775304356,2,2,2,1,1,4,Pd,[H]C1CC(N([H])C(=NC2C([H])C([H])C([H])C([H])C2C([H])([H])[H])N([H])C2C([H])C([H],0.01,0.0608,False,UWOXOV;UWOYAI
996345448682,4,4,2,1,1,4,Pt,Cl;[H]C1C([H])C([H])C(P(C2C([H])C([H])C([H])C([H])C2[H])C2C([H])C([H])C([H])C([H,0.01,0.0224,False,UWULEF;UWULEF01;UWULEF02;UWULEF03
440835889612,2,2,2,2,2,6,Zn,[H]C([H])([H])C(=O)O;[H]C([H])([H])C(=O)O;[H]ON=C(C1NC([H])C([H])C([H])C1[H])N([,0.01,2.74,True,UZICIQ;UZICIQ01
748862561477,2,2,2,1,1,6,Zn,O=S(=O)(O)C(F)(F)F;O=S(=O)(O)C(F)(F)F;[H]C1NC2C3NC([H])C([H])C([H])C3C([H])C([H],0.01,0.4201,False,VACMEU;VACMEU01
810320054545,3,3,3,2,2,4,Cu,[H]C(=NC1C([H])C([H])C([H])C([H])C1OC([H])([H])[H])C1C([H])C([H])C([H])C([H])C1O,0.01,4.99,True,VAJNEA;VAJNEA01;VAJNEA02
794918791357,2,2,2,1,1,4,Pd,[H]C([H])([H])C#N;[H]C1CC(C(=O)NC2C([H])C([H])C([H])C3C([H])C([H])C([H])NC23)C([,0.01,0.1603,False,VANVIS;VANVIS01
578795689253,2,2,2,1,1,6,Ni,[H]C([H])([H])C([H])(O[PH](S)(S)OC([H])(C([H])([H])[H])C([H])([H])[H])C([H])([H],0.01,0.0141,False,VANZUG;VANZUG01
455395139816,2,2,2,1,1,5,Zn,[H]C1C(C(=O)O)NC(C(=O)O)C([H])C1[H];[H]c1c(C([H])([H])[H])nn([H])c1C([H])([H])[H,0.01,0.0316,False,VAQZUK;VAQZUK02
497876665125,2,2,2,1,1,4,Cu,[H]N=C1C(C#N)=C(C#N)C2=C(C#N)C(C#N)C(=N[H])N12;[H]N=C1C(C#N)=C(C#N)C2=C(C#N)C(C#,0.01,0.0141,False,VAVKOS;WEGDUH
966922747487,2,2,2,1,1,4,Cu,[H]C([H])([H])C1(C([H])([H])[H])C2([H])C([H])([H])C3=NC([H])([H])C([H])([H])N=C4,0.01,2.74,False,VAZKAK;VAZKEO
818003342352,2,2,2,1,1,6,Mn,[H]C1NC(C(=O)O)C([H])C([H])C1C(=O)O;[H]C1NC2C3NC([H])C([H])C([H])C3C([H])C([H])C,0.01,0.0141,False,VEGJEX;VEGJEX01
401724915528,2,2,2,1,1,4,Cu,Cl;Cl;[H]C1NC([H])C(Br)C([H])C1[H];[H]C1NC([H])C(Br)C([H])C1[H],0.01,0.0224,False,VEPLAE;VEPLAE01
700918291676,3,3,2,1,1,4,Cu,[H]C(=NC1C(C([H])(C([H])([H])[H])C([H])([H])[H])C([H])C([H])C([H])C1C([H])(C([H],0.01,0.0141,False,VIBQED;VIBQED01;VIBQED02
105348315019,2,2,2,1,1,4,Zn,Cl;Cl;[H]c1nc([H])n(C([H])([H])C([H])([H])[H])c1[H];[H]c1nc([H])n(C([H])([H])C([,0.01,0.1204,False,VICZOX;VICZOX01
576196095638,2,2,2,1,1,4,Zn,Cl;Cl;[H]C1C([H])C([H])C2C(N=C(C3C([H])C([H])C([H])C([H])C3C3=NC4C([H])C([H])C([,0.01,0.0141,False,VIFNIJ;VIFNIJ01
363336484397,2,2,2,1,1,5,Co,[H]O[H];[H]c1sc(N([H])[H])nc1C([H])([H])C(=O)O;[H]c1sc(N([H])[H])nc1C([H])([H])C,0.01,0.0141,False,VIHTOX;VIHTOX01
856633690695,2,2,2,1,1,6,Co,[H]OC(C([H])([H])N1C([H])=C([H])N([H])=C1[H])(P(=O)(O)O[H])P(=O)(O)O[H];[H]OC(C(,0.01,0.0412,False,VIMXOF;VIMXOF01
700767144891,2,2,2,1,1,6,Mn,O=S(=O)(O)C(F)(F)F;O=S(=O)(O)C(F)(F)F;[H]c1nc(C([H])([H])N(C([H])([H])[H])C2([H],0.01,1.38,False,VINVUM;VINWAT
103631528397,3,3,2,2,1,4,Zn,N=C=S;N=C=S;[H]C1NC([H])C([H])C(C([H])([H])[H])C1[H];[H]C1NC([H])C([H])C(C([H])(,0.01,0.051,False,VONTEX01;VONTEX02;VONTEX03
246447633635,2,2,2,1,1,6,V,[H]C1NC(C(C2NC([H])C([H])C([H])C2[H])(C2NC([H])C([H])C([H])C2[H])C([H])([H])[H]),0.01,0.0707,False,VUTBUL;VUTCEW
349203426297,2,2,2,1,1,4,Pt,[H]C1C([H])C([H])C(P2C3([H])C(C([H])([H])[H])=C(C([H])([H])[H])C2([H])C([H])(S(=,0.01,0.1005,False,VUTKOM;VUTLAZ
726033913660,7,7,2,1,1,6,Co,C2D4H4N2;C2D4H4N2;C2D4H4N2,0.01,0.01,False,VUYDOJ05;VUYDOJ06;VUYDOJ09;VUYDOJ10;VUYDOJ12;VUYDOJ13
988683576105,5,5,2,1,1,4,Pd,O=N=O;[H]N(C([H])([H])C([H])([H])N(C([H])([H])C([H])([H])C([H])([H])C([H])([H])[,0.01,0.0141,False,WABGUE;WABGUE02;WABGUE06;WABGUE07;WABGUE08
639356987954,2,2,2,1,1,4,Ni,Cl;Cl;[H]C([H])([H])P(C([H])([H])[H])C([H])([H])[H];[H]C([H])([H])P(C([H])([H])[,0.01,0.01,False,WACFAL;WACFAL01
91235836903,2,2,2,1,1,6,V,N=N=N;N=N=N;N=N=N;N=N=N;N=N=N;N=N=N,0.01,0.0707,False,WAGCIS;WAGCOY
678217943643,2,2,2,1,1,4,Pd,Cl;[H]C(=C(C=NC(C([H])([H])[H])(C([H])([H])[H])C([H])([H])[H])N([H])C(C([H])([H],0.01,0.0141,False,WAHJIY;WAHJIY10
521410448261,2,2,2,2,2,6,Fe,[H]C([H])([H])C#N;[H]C1NC(C(C2NC([H])C([H])C([H])C2[H])(C2NC(C(C3NC([H])C([H])C(,0.01,3.38,False,WAKTEK;WAKTEK01
703274799528,2,2,2,1,1,4,Pd,[H]C(C(O)C([H])([H])[H])C(S)C([H])([H])[H];[H]C([H])[H];[H]C1C([H])C([H])C(P(C2C,0.01,0.01,False,WANYIT;WANYIT01
834652085657,2,2,2,2,2,4,Pd,Cl;Cl;[H]C1C([H])C([H])C(P(C2C([H])C([H])C([H])C([H])C2[H])C2C([H])C([H])C([H])C,0.01,8.32,False,WAPTEO;XEQWIZ
528121156243,3,3,3,2,1,6,Zn,[H]C1NC(C(=O)N([H])[H])C([H])C([H])C1[H];[H]C1NC(C(=O)N([H])[H])C([H])C([H])C1[H,0.01,1.36,False,WAQDEZ;WAQDEZ01;WEMSAJ
917366016924,2,2,2,1,1,4,Zn,Cl;Cl;[H]C1C([H])C(N([H])[H])C([H])C([H])C1Cl;[H]C1C([H])C(N([H])[H])C([H])C([H],0.01,0.0412,False,WASGAB;WASGAB02
927928449318,2,2,2,2,1,4,Zn,[H]C1C([H])C([H])C2SC(S)=NC2C1[H];[H]C1C([H])C([H])C2SC(S)=NC2C1[H];[H]C1NC(C2NC,0.01,1.1,False,WEDVIK;WEDVIK01
32403024609,2,2,2,2,1,6,Ru,Cl;Cl;[H]C(=NC1([H])C([H])([H])C([H])([H])C([H])([H])C([H])([H])C1([H])[H])C([H],0.01,1.55,False,WEJBOE;ZACXEG
344315594617,3,3,2,1,1,4,Pd,I;[H]C1C([H])C([H])C(P(C2C([H])C([H])C([H])C([H])C2[H])C2C([H])C([H])C([H])C([H],0.01,0.0141,False,WEJDUL;WEJDUL01;WEJDUL02
759710949415,2,2,2,2,1,6,Ir,[H]C1CC(C2NC([H])C([H])C([H])C2[H])C(F)C([H])C1F;[H]C1CC(C2NC([H])C([H])C([H])C2,0.01,1.9,True,WEJMOQ;WEJMUW
369614503461,3,3,3,1,1,6,Zn,[H]C([H])(C(=O)O)N([H])([H])[H];[H]C([H])(C(=O)O)N([H])([H])[H];[H]O[H];[H]O[H];,0.01,0.5401,False,WEQHIM;WEQHIM01;WEQHIM02
967006932838,2,2,2,2,1,6,Mn,N=C=S;N=C=S;[H]C1NC2C3NC([H])C([H])C([H])C3C([H])C([H])C2C([H])C1[H];[H]C1NC2C3N,0.01,1.25,False,WERKAF;WERKAF01
219831706223,2,2,2,1,1,4,Pt,Cl;[H]C1([H])C([H])([H])C([H])([H])C([H])(P(C2([H])C([H])([H])C([H])([H])C([H])(,0.01,0.1404,False,WEXCOU;WEXCUA
99014791189,2,2,2,1,1,4,Pd,[H]C1C([H])C([H])C(P(C2C([H])C([H])C([H])C([H])C2[H])C2C([H])C([H])C([H])C([H])C,0.01,0.0224,False,WIDXUG;WIFJEE
510326821281,2,2,2,1,1,4,Cu,[H]C(=NC1C([H])C([H])C(N=NC2C([H])C([H])C([H])C([H])C2[H])C([H])C1[H])C1C([H])C(,0.01,0.0224,False,WIGWUH;WIGWUH01
233638017481,2,2,2,1,1,6,Ni,N=N=N;N=N=N;[H]C1NC(c2nnc(C3NC([H])C([H])C([H])C3[H])n2N([H])[H])C([H])C([H])C1[,0.01,0.0224,False,WIJJAB;WIJJAB01
817197226124,2,2,2,1,1,6,Fe,N=C=S;N=C=S;[H]C1NC(c2nnc(C3NC([H])C([H])C([H])C3[H])o2)C([H])C([H])C1[H];[H]C1N,0.01,0.051,False,WIJLAE;WIJLEI
538909629221,4,4,4,2,1,6,Co,[H]OC(=O)C1C(C(=O)O)NC([H])C([H])C1[H];[H]OC(=O)C1C(C(=O)O)NC([H])C([H])C1[H];[H,0.01,1.56,False,WIRFAE;WIRFAE01;WIRFAE02;WIRFAE03
122757320393,2,2,2,1,1,6,Cd,Cl;Cl;[H]C1NC2C3NC([H])C([H])C([H])C3C([H])C([H])C2C([H])C1[H];[H]C1NC2C3NC([H]),0.01,0.0224,False,WIRKEN;WIRKEN01
817238613752,2,2,2,1,1,4,Pd,[H]C([H])([H])C#N;[H]C([H])([H])C#N;[H]C1NC2C3NC([H])C([H])C([H])C3C([H])C([H])C,0.01,0.0141,False,WIVNEV;WIVNEV01
569019956436,4,4,4,1,1,6,Ni,[H]C1NC([H])C(S(=O)(=O)O)C([H])C1[H];[H]C1NC([H])C(S(=O)(=O)O)C([H])C1[H];[H]O[H,0.01,0.49,False,WIZNOJ;WIZNOJ01;WIZNOJ02;WIZNOJ03
915910327922,2,2,2,1,1,6,Ru,Cl;Cl;[H]C1NC(N(C2NC([H])C([H])C([H])C2[H])C2NC([H])C([H])C([H])C2[H])C([H])C([H,0.01,0.0141,False,WOCGAA;WOCGAA01
833461411892,2,2,2,1,1,4,Pd,Br;Br;[H]C1NC(C(=NC2C(C([H])(C([H])([H])[H])C([H])([H])[H])C([H])C([H])C([H])C2C,0.01,0.0316,False,WODLEH;WODLEH01
350843536026,2,2,2,1,1,4,Pd,[H]C1([H])OC([H])([H])C([H])([H])SC([H])([H])C([H])([H])SC1([H])[H];[H]C1NC(C2=C,0.01,0.01,False,WOMRIC;WOMROI
551538255569,2,2,2,1,1,6,Cd,N=N=N;N=N=N;[H]C1NC([H])C([H])C(C2=N(O)C(C([H])([H])[H])(C([H])([H])[H])C(C([H]),0.01,0.0316,False,WOZROS;WOZROS01
919370739582,3,3,3,1,1,6,Zn,N=N=N;N=N=N;[H]C1NC([H])C([H])C(C2=N(O)C(C([H])([H])[H])(C([H])([H])[H])C(C([H]),0.01,0.5601,False,WOZSAF;WOZSAF01;WOZSAF02
248862986719,2,2,2,1,1,4,Pd,C#N;[H]C1=C([H])N(C([H])([H])[H])CN1C1NC(N2CN(C([H])([H])[H])C([H])=C2[H])C([H]),0.01,0.0141,False,WUBKAJ01;WUBKAJ08
387830351483,2,2,2,2,1,6,Ni,[H]C(C(O)C([H])([H])[H])C(O)C([H])([H])[H];[H]C(C(O)C([H])([H])[H])C(O)C([H])([H,0.01,4.53,True,WUHHAI;WUHHAI01
321377088629,21,21,7,2,2,4,Pd,O=N=O;[H]C(=NC([H])([H])C1NC([H])C([H])C([H])C1[H])C([H])=C(O)C1C([H])C([H])C([H,0.01,7.51,False,WUJMIB;WUJMIB01;WUJMIB02;WUJMIB03;WUJMIB04;WUJMIB05
633753953144,2,2,2,1,1,6,Fe,[H]C([H])([H])P(C([H])([H])[H])C([H])([H])[H];[H]C([H])([H])P(C([H])([H])[H])C([,0.01,0.0316,False,WUKDIQ;WUKDIQ01
381662922376,2,2,2,1,1,4,Pd,[H]C1NC([H])C(C#CC(C2C([H])C([H])C([H])C([H])C2[H])(C2C([H])C([H])C([H])C([H])C2,0.01,0.0141,False,WUPFAR;WUPFEV
365398166540,2,2,2,1,1,6,Co,[H]c1c([H])c([H])n2c(C3C([H])C([H])C(N(C([H])([H])C([H])([H])[H])C([H])([H])C([H,0.01,0.0224,False,WURKOK;WURKUQ
962487463153,8,8,2,1,1,4,Au,[H]C1([H])C2=C(SC(=C3SC(S)=C(S)S3)S2)C([H])([H])C1([H])[H];[H]C1([H])C2=C(SC(=C3,0.01,0.0141,False,WUVSAH01;WUVSAH02;WUVSAH03;WUVSAH04;WUVSAH05;WUVSAH06
178787962411,2,2,2,1,1,4,Cu,[H]C(=NC([H])([H])C([H])([H])C([H])([H])N=C([H])C1C([H])C([H])C([H])C(OC([H])([H,0.01,0.0316,False,WUYGAZ;WUYGAZ01
908558733146,2,2,2,2,1,5,V,[H]C([H])(S)C([H])([H])N(C([H])([H])C([H])([H])S)C([H])([H])C([H])([H])S;[H]C([H,0.01,4.2,False,XADYAC;XADYAC01
794723697278,2,2,2,1,1,6,Mn,N=C=S;N=C=S;[H]OC([H])([H])C1NC([H])C([H])C([H])C1[H];[H]OC([H])([H])C1NC([H])C(,0.01,1.12,False,XAKDOE;XAKDOE01
743960813682,2,2,2,2,1,6,Pt,Br;Br;Br;Br;[H]C1NC(C2NC([H])C([H])C([H])C2[H])C([H])C([H])C1[H],0.01,3.21,False,XAKGEX;XAKGEX01
725712881278,2,2,2,1,1,6,Ni,O=NO;O=NO;[H]N1C([H])([H])C([H])([H])N([H])C(C([H])([H])[H])(C([H])([H])[H])C([H,0.01,0.4301,False,XAMXAN;XAMXAN01
984396709238,2,2,2,1,1,4,Pd,Cl;Cl;[H]C1C([H])C([H])C(C([H])([H])[H])C([As](C2C([H])C([H])C([H])C([H])C2C([H],0.01,0.0141,False,XAPLUW;XAPLUW01
661426591242,2,2,2,1,1,4,Pd,N=N=N;[H]C(NC([H])=C([H])P(C(C([H])([H])[H])(C([H])([H])[H])C([H])([H])[H])C(C([,0.01,0.0141,False,XAXGUC;XAXHEN
979924981332,2,2,2,2,1,6,Cu,[H]O[H];[H]O[H];[H]O[H];[H]O[H];[H]c1c(F)c(=O)n([H])c(=O)n1C([H])([H])C(=O)O;[H],0.01,0.2202,False,XAXMEO;XAXMEO01
295862313924,2,2,2,1,1,4,Pd,[H]C1C(C(=O)NC([H])([H])C2C([H])C([H])C([H])C([H])C2[H])NC(C(=O)NC([H])([H])C2C(,0.01,0.0224,False,XAYHUD;XAYHUD01
23846444862,4,4,2,1,1,4,Ni,N#CC1NC(S)C(S)NC1C#N;N#CC1NC(S)C(S)NC1C#N,0.01,0.01,False,XEFPAC;XIJBEY;XOSFAP;ZIDBOG
599840066623,2,2,2,1,1,4,Zn,Br;Br;[H]C(C1NC([H])C([H])C([H])C1[H])=N(O)C([H])([H])C1C([H])C([H])C([H])C([H]),0.01,0.0906,False,XENFOL;XENFOL01
549008567533,2,2,2,2,1,6,Ni,[H]C1NC(C([H])([H])[H])C([H])NC1C(=O)O;[H]C1NC(C([H])([H])[H])C([H])NC1C(=O)O;[H,0.01,0.1903,False,XEPDEC;XEPDEC01
600889234227,2,2,2,1,1,6,Mn,[H]C1NC([H])C(c2nnn[nH]2)NC1[H];[H]C1NC([H])C(c2nnn[nH]2)NC1[H];[H]O[H];[H]O[H],0.01,0.1105,False,XETHAG;XETHAG01
314639095084,2,2,2,1,1,6,Zn,[H]C1NC([H])C(C2NNNN2)NC1[H];[H]C1NC([H])C(C2NNNN2)NC1[H];[H]O[H];[H]O[H],0.01,0.2902,False,XETHEK;XETHEK01
771607202678,2,2,2,1,1,4,Cu,[H]C1NC(C([H])([H])NS(=O)(=O)C2C([H])C([H])C(C([H])([H])[H])C([H])C2[H])C([H])C(,0.01,0.0224,False,XEZQAU;XEZQAU01
503842071003,2,2,2,1,1,4,Cu,Br;Br;[H]C1NC(Br)C([H])C([H])C1Br;[H]C1NC(Br)C([H])C([H])C1Br,0.01,0.01,False,XIBSAE;XIBSAE01
876803468053,2,2,2,1,1,4,Cu,Cl;[H]C(=NC([H])([H])C([H])([H])N(C([H])([H])C([H])([H])[H])C([H])([H])C([H])([H,0.01,0.0141,False,XICHAT;XICHAT01
151837918778,2,2,2,1,1,4,Cu,I;[H]C(=NC([H])([H])C([H])([H])N=C([H])C([H])=C([H])C1C([H])C([H])C([H])C([H])C1,0.01,0.0141,False,XIKZIB;XIKZIB01
185699679514,2,2,2,1,1,6,Mn,Cl;Cl;[H]C(=O)N(C([H])([H])[H])C([H])([H])[H];[H]C(=O)N(C([H])([H])[H])C([H])([H,0.01,0.3102,False,XIRMOB;XIRMOB01
514557020868,3,3,3,1,1,6,Zn,[H]C1C([H])C([H])N(O)C(C(=O)O)C1[H];[H]C1C([H])C([H])N(O)C(C(=O)O)C1[H];[H]O[H];,0.01,0.2102,False,XISBOR;XISBOR01;XISBOR02
391971872844,2,2,2,1,1,4,Pd,[H]C1=NC(=C(c2[nH]c([H])c([H])c2[H])C2C([H])C([H])NC([H])C2[H])C([H])=C1[H];[H]C,0.01,0.01,False,XIWVIK;XIWVOQ
919667518382,2,2,2,2,1,5,Cu,Cl;Cl;[H]C1NC(C([H])([H])N(C([H])([H])[H])C([H])([H])C2NC([H])C([H])C([H])C2[H]),0.01,1.04,False,XIXWUX;XIXWUX01
205031330853,5,5,4,1,1,6,Co,[H]C1NC([H])C(S(=O)(=O)O)C([H])C1[H];[H]C1NC([H])C(S(=O)(=O)O)C([H])C1[H];[H]O[H,0.01,0.8201,False,XIZLUO;XIZLUO01;XIZLUO02;XIZLUO03;XIZLUO04
17518239533,2,2,2,1,1,5,V,O;O;[H]OC1C([H])C([H])C([H])C([H])C1C(O)=NN=C([H])C1C([H])C(Br)C([H])C([H])C1O,0.01,0.6201,False,XODDON;XODFOP
139661341225,2,2,2,1,1,6,Ir,[H]C([H])([H])OC(=O)C=C(C(=O)OC([H])([H])[H])C(C(=O)OC([H])([H])[H])=C(C(=O)OC([,0.01,0.6601,False,XOHJAG;XUVBOF
750041751370,2,2,2,1,1,5,V,O;O;[H]C1NC(C(=NN=C(O)C2C([H])C([H])C([H])C([H])C2[H])C([H])([H])[H])C([H])C([H],0.01,0.0224,False,XOVBOZ;XOVBOZ01
180213602176,2,2,2,1,1,4,Pd,[H]C1C([H])C(C([H])([H])P(C(C([H])([H])[H])(C([H])([H])[H])C([H])([H])[H])C(C([H,0.01,0.01,False,XOWGUM;XOZPEI
356771102044,2,2,2,1,1,5,Fe,C#O;C#O;C#O;[H]C1NC(C2NC([H])C([H])C([H])C2[H])C([H])C([H])C1[H],0.01,0.4901,False,XUPWAG;XUPWAG01
100285528099,2,2,2,1,1,5,Cu,Cl;Cl;[H]C1NC(C([H])([H])N(C2C([H])C([H])C([H])C([H])C2[H])C([H])([H])C2NC([H])C,0.01,0.01,False,XUQKOJ;XUQKOJ01
773309110951,2,2,2,2,1,6,Fe,[H]c1nn(C2NC(n3nc([H])c([H])c3[H])C([H])C(n3c([H])nc([H])c3[H])C2[H])c([H])c1[H],0.01,4.81,True,XUYTAP;XUYTET
194114629364,2,2,2,1,1,4,Pt,Cl;[H]C1C([H])C(N#C)C(F)C([H])C1I;[H]C1CC(C2NC([H])C([H])C([H])C2[H])C([H])C([H],0.01,0.0224,False,YABQAY;YABQAY01
695695977960,2,2,2,1,1,4,Ni,Cl;Cl;[H]C1C([H])C([H])C(P(C2C([H])C([H])C([H])C([H])C2[H])N(P(C2C([H])C([H])C([,0.01,0.0906,False,YAFCIT;YAFCIT01
672235119301,2,2,2,1,1,4,Pd,I;I;[H]C1NC(C2NC([H])C([H])C([H])C2[H])C(C2NC([H])C([H])C([H])C2[H])NC1[H],0.01,0.0224,False,YAFLUO;YAFLUO01
383128478229,2,2,2,1,1,6,Co,[H]O[H];[H]O[H];[H]O[H];[H]O[H];[H]c1nc([H])n(C2C([H])C([H])C(C(=O)O)C([H])C2[H],0.01,0.7801,False,YAVDOQ;YAVDOQ01
718879543088,2,2,2,1,1,4,Au,[H]C1=C(C([H])([H])[H])C(=O)C(C2C(O)C(C([H])([H])[H])C([H])C3C([H])C([H])C([H])C,0.01,0.0141,False,YAVFIN;YAVFOT
631508386041,4,4,3,1,1,4,Pt,O=N=O;[H]N(C([H])([H])C([H])([H])N(C([H])([H])C([H])([H])[H])C([H])([H])C([H])([,0.01,0.0141,False,YAZKES;YAZKES01;YAZKES04;YAZKES05
749448920785,2,2,2,2,2,6,Ni,Cl;Cl;[H]ON=C(C([H])([H])C([H])([H])[H])P(=O)(OC([H])([H])C([H])([H])[H])OC([H]),0.01,3.75,True,YEFRAC;YEFRAC01
801708596699,2,2,2,2,2,6,Co,[H]C1NC([H])C(C(=NN=C(O)C2C([H])C([H])C([H])C([H])C2[H])C([H])([H])[H])NC1[H];[H,0.01,1.14,True,YELWUK;YELWUK01
874276979545,2,2,2,2,2,6,Ni,N=C=S;[H]O[H];[H]O[H];[H]c1nc(C([H])([H])C([H])(C(=O)O)N([H])[H])c([H])n1[H],0.01,1.11,True,YEMGON;YEMGON01
274369772124,3,3,2,1,1,4,Cu,Br;Br;[H]C1NC([H])C(Br)C([H])C1[H];[H]C1NC([H])C(Br)C([H])C1[H],0.01,0.0224,False,YENXUL;YENXUL01;YENXUL03
103085002471,2,2,2,1,1,4,Zn,N=C=S;N=C=S;[H]C1NC([H])C(N([H])[H])C([H])C1[H];[H]C1NC([H])C(N([H])[H])C([H])C1,0.01,0.0141,False,YEYNOG;YEYNOG01
484447669100,2,2,2,1,1,4,Co,[H]C1C(C([H])([H])[H])C([H])C(C([H])([H])[H])C(S(=O)(=O)NC([H])([H])C([H])([H])N,0.01,0.0224,False,YEYYOS;YEYYOS01
833201986420,2,2,2,1,1,6,Ni,N=N=N;N=N=N;[H]c1nn([H])c([H])c1[H];[H]c1nn([H])c([H])c1[H];[H]c1nn([H])c([H])c1,0.01,0.1903,False,YEZRUQ;YEZRUQ01
979476450792,2,2,2,1,1,6,Re,Cl;Cl;Cl;Cl;[H]C([H])([H])P(C([H])([H])[H])C([H])([H])[H];[H]C([H])([H])P(C([H]),0.01,0.1404,False,YIFQEJ;YIFQEJ01
467920029792,2,2,2,1,1,4,Ni,[H]C([H])([H])C([H])([H])C([H])([H])C([H])([H])SC(S)=C(S)SC([H])([H])C([H])([H]),0.01,0.0141,False,YISDUZ;YISDUZ01
772235678035,2,2,2,1,1,4,Ni,[H]C1C([H])C([H])C(C(=O)N=C(S)N(C2C([H])C([H])C([H])C([H])C2[H])C([H])([H])[H])C,0.01,0.0141,False,YIVREC;YIVREC01
889969087032,2,2,2,2,1,4,Au,Br;Br;Br;[H]N1C([H])([H])C([H])([H])C([H])(C([H])([H])[H])C([H])([H])C1([H])[H],0.01,0.6601,False,YOGVUP;YOGVUP01
896574069639,2,2,2,2,2,4,Ni,[H]c1nc(S)c(=S)n([H])c1[H];[H]c1nc(S)c(=S)n([H])c1[H],0.01,8.98,False,YOGWAV;YOGWAV01
907622425888,2,2,2,2,1,6,Zn,[H]C1C(C(=O)O)NC2C([H])C([H])C([H])C([H])C2C1[H];[H]C1C(C(=O)O)NC2C([H])C([H])C(,0.01,1.26,False,YOQRUV;YOQSAC01
356769607425,2,2,2,1,1,4,Cu,Cl;[H]C(=NC1C([H])C([H])C([H])C([H])C1C1=NC2C([H])C([H])C([H])C([H])C2N1[H])C1C(,0.01,0.01,False,YOVRAE;YOVRAE01
102833636148,2,2,2,1,1,4,Pd,Cl;Cl;[H]C1=C([H])N(C2C(C([H])([H])[H])C([H])C(C([H])([H])[H])C([H])C2C([H])([H],0.01,0.01,False,YOXGEY01;YOXGEY02
691679167394,2,2,2,1,1,5,Cu,Cl;[H]C1NC(O[Si](OC2NC([H])C([H])C([H])C2[H])(OC2NC([H])C([H])C([H])C2[H])(OC2NC,0.01,0.0141,True,YUDKUG;YUDLAN
429556017371,2,2,2,2,1,4,Ni,[H]C([H])([H])C1([H])C([H])([H])C([H])([H])N(C(S)S)C([H])([H])C1([H])[H];[H]C([H,0.01,4.24,False,YUGLOC;YUGLOC01
609685272,2,2,2,1,1,6,Co,N=C=S;N=C=S;[H]C1NC2C3NC([H])C([H])C([H])C3C(=O)C2C([H])C1[H];[H]C1NC2C3NC([H])C,0.01,0.0316,False,YUNPEC;YUNPEC01
681765913748,2,2,2,1,1,4,Ag,[H]C1C([H])C([H])C(C([H])(N2C([H])([H])C([H])([H])N([H])C([H])([H])C([H])([H])N(,0.01,0.0224,False,YUYKEL;YUYKIP
180599544519,2,2,2,2,1,6,Ni,Cl;Cl;Cl;Cl;[H]N([H])N(C([H])([H])[H])(C([H])([H])[H])C([H])([H])[H];[H]N([H])N(,0.01,1.3,False,ZAFVIP;ZAFVIP02
828884498043,2,2,2,1,1,6,Re,Cl;Cl;Cl;Cl;[H]C1C([H])C([H])C(P(C2C([H])C([H])C([H])C([H])C2[H])C2C([H])C([H])C,0.01,0.051,False,ZEMGUT;ZEMGUT01
664508279681,2,2,2,1,1,5,Cd,I;I;[H]OC([H])([H])C([H])([H])N([H])C([H])([H])C([H])([H])N=C(C1NC([H])C([H])C([,0.01,0.0141,False,ZENHOS;ZENHOS01
303858121665,4,4,3,1,1,4,Ni,[H]C(=NC1C([H])C([H])C(C(=O)C([H])([H])[H])C([H])C1[H])C1C(O)C([H])C([H])C2C([H],0.01,0.0141,False,ZEQKEO;ZEQKOY;ZEQLEP;ZEQLOZ
242123306672,2,2,2,2,2,4,Ni,[H]C1C(S)C(S)C([H])C(OC([H])([H])[H])C1OC([H])([H])[H];[H]C1C(S)C(S)C([H])C(OC([,0.01,8.95,False,ZETHEP;ZETRID
656516910081,2,2,2,1,1,4,Cu,Br;Br;[H]C1NC([H])C2C([H])C([H])C([H])C([H])C2C1[H];[H]C1NC([H])C2C([H])C([H])C(,0.01,0.0141,False,ZEYQOM;ZEYQOM01
694492396622,2,2,2,1,1,4,Pd,[H]C([H])([H])N(C([H])([H])[H])C([H])([H])C([H])([H])N(C([H])([H])[H])C([H])([H],0.01,0.0141,False,ZIHWAO;ZIHWIW
183194527195,2,2,2,1,1,4,Ni,[H]C(=NN=C(S)N([H])[H])C1C([H])C(Br)C([H])C([H])C1O;[H]c1nc(C([H])([H])[H])n([H],0.01,0.0141,False,ZIYYOY;ZIYYOY01
260889000919,3,3,2,1,1,4,Zn,Cl;Cl;[H]C1NC2C3NC([H])C([H])C([H])C3C([H])C([H])C2C([H])C1[H],0.01,0.0316,False,ZNPHAT01;ZNPHAT02;ZNPHAT03
919540687783,4,4,4,1,1,4,Pt,[H]C1C([H])C(Br)C([H])C(C#C)C1[H];[H]C1C([H])C(Br)C([H])C(C#C)C1[H];[H]C1NC(C2NC,0.01,0.0412,False,ZOGYOM;ZOGYUS;ZOGZAZ;ZOGZUT
323253328168,2,2,2,1,1,4,Pt,[H]C([H])([H])C([H])(C([H])([H])[H])C([H])([H])N(C(S)S)C([H])([H])C([H])(C([H])(,0.01,0.01,False,ZOJHUE;ZOJHUE01
794288836579,2,2,2,2,2,4,Ni,Cl;[H]C1NC(C(=O)NC2C([H])C([H])C([H])C([H])C2P(C2C([H])C([H])C([H])C([H])C2[H])C,0.01,6.0,False,ZOPSIK;ZOPSIK01
832442516988,3,3,3,1,1,6,Cu,O=[N+]([O-])O;O=[N+]([O-])O;[H]c1nn([H])c([H])c1[H];[H]c1nn([H])c([H])c1[H];[H]c,0.01,0.73,False,ZOQGIV;ZOQGIV01;ZOQGIV02
267093062281,2,2,2,2,2,4,Pd,Cl;[H]C1NC(C(=O)NC2C([H])C([H])C([H])C3C([H])C([H])C([H])NC23)C([H])C([H])C1[H],0.01,8.28,False,ZUCGUC;ZUCGUC01
492737385831,2,2,2,1,1,4,Co,Br;[H]C1=C([H])C(=C(c2[nH]c(C3C(C4C([H])C([H])C([H])C([H])C4[H])C([H])C(C4C([H]),0.01,0.0141,False,ZUMBAN;ZUMDUJ
550985182269,2,2,2,2,2,4,Pt,Cl;[H]C1=C([H])N(C([H])([H])C([H])([H])[H])CN1C1CC(N2CN(C([H])([H])C([H])([H])[H,0.01,8.13,False,ZUYSUL;ZUYTAS
546570959872,7,7,3,1,1,4,Pt,C#N;C#N;[H]C1=C([H])N(C([H])([H])C([H])([H])[H])CN1C1NC([H])C([H])C([H])C1[H],0.01,0.0141,False,ZUYZOL;ZUYZOL01;ZUYZOL02;ZUYZOL03;ZUYZOL04;ZUYZOL05
523484580455,2,2,2,1,1,4,Pd,Cl;Cl;[H]C1C([H])C([H])C(C#N)C([H])C1[H];[H]C1C([H])C([H])C(C#N)C([H])C1[H],0.01,0.01,False,ZZZEVM01;ZZZEVM02
477988851900,3,3,3,2,2,4,Pt,Cl;Cl;[H]C([H])([H])SC([H])([H])[H];[H]C([H])([H])SC([H])([H])[H],0.01,8.25,False,ZZZGJC01;ZZZGJC02;ZZZKBA01
631262950423,2,2,2,2,2,5,Mn,Cl;Cl;[H]C1NC(C2NC(C3NC([H])C([H])C([H])C3[H])C([H])C([H])C2[H])C([H])C([H])C1[H,0.01,5.31,False,ZZZKWO01;ZZZKWO02
192795046142,2,2,2,1,1,4,Cu,[H]C(C(O)C([H])([H])C([H])([H])[H])C(O)C([H])([H])C([H])([H])[H];[H]C(C(O)C([H]),0.01,0.01,False,ZZZNOO07;ZZZNOO11
72462398906,4,4,3,2,1,6,Co,O=N=O;O=N=O;[H]N([H])C([H])([H])C([H])([H])C([H])([H])N([H])C([H])([H])C([H])([H,0,0,False,AAZDCO;BEBQAB;QADNAK;YOTRII
46060662775,14,14,2,2,1,6,Co,O=C(O)O;[H]C1NC2C3NC([H])C([H])C([H])C3C([H])C([H])C2C([H])C1[H];[H]C1NC2C3NC([H,0,0,False,ACITIR;DUPVOA;FUYKAM;HOVCOL;IVAXEJ;IVAXIN
245839257973,11,11,7,2,1,6,Cr,O=C(O)C(=O)O;O=C(O)C(=O)O;[H]O[H];[H]O[H],0,0,False,ACUBIL;BUCREZ;ETUYIE;HIQYAJ;HOTVIW;NAKXUU
540587196648,2,2,2,2,1,5,Cu,Cl;Cl;[H]C1NC(C2NC3NC([H])C([H])C([H])C3C([H])C2[H])C([H])C([H])C1[H];[H]O[H],0.0,2.36,False,ACUBOS;ACUBOS01
477064965397,2,2,2,2,1,6,Fe,[H]C1NC(C([H])([H])N(C([H])([H])C2NC([H])C([H])C([H])C2[H])C([H])([H])C([H])([H],0,0,False,ADEQIL;YACLAS
497244406904,2,2,2,2,1,4,Zn,[H]C(=NC([H])([H])C([H])([H])C1=C([H])N([H])C2C([H])C([H])C([H])C([H])C12)C1C([H,0.0,0.03,False,ADUREX;ADUREX01
923084199036,3,3,3,1,1,4,Pt,[H]C1C([H])C([H])C(P(C2C([H])C([H])C([H])C([H])C2[H])C2C([H])C([H])C([H])C([H])C,0.0,0.02,False,ADUSEZ;ADUSEZ01;BIWXEO
436412181671,2,2,2,1,1,3,Ag,[H]C1C([H])C([H])C(P(C2C([H])C([H])C([H])C([H])C2[H])C2C([H])C([H])C([H])C([H])C,0,0,False,ADUSOH;TOKYEZ
742578112337,20,20,17,3,1,2,Ru,[H]C1([H])C([H])([H])C([H])([H])C([H])(P(C2([H])C([H])([H])C([H])([H])C([H])([H],0,0,False,AFAPII;AFAPOO;AFAPUU;AJAWOZ;EFOSUN;FIZWUK
653267040467,2,2,2,2,1,5,Cu,Cl;Cl;[H]C([H])([H])S(=O)C([H])([H])[H];[H]C1NC2C3NC([H])C([H])C([H])C3C(=O)C(=O,0.0,1.58,True,AFELED;AFELED01
800205583529,11,11,10,3,1,2,Pt,[H]C([H])([H])P(C([H])([H])[H])C([H])([H])[H];[H]C([H])([H])P(C([H])([H])[H])C([,0,0,False,AFETUD;DINTIH;EKINOC;KEKJUF;OBIJOY;OBIJUE
303937759320,15,15,15,2,1,2,Pt,[H]C([H])([H])C([H])([H])P(C([H])([H])C([H])([H])[H])C([H])([H])C([H])([H])[H];[,0,0,False,AFEWIU;ARORII;KEKKEQ;KEKLAN;NEJVAB;NOZYEI
161852873001,2,2,2,1,1,4,Pt,I;[H]C1C([H])C([H])C(C([H])(N([H])[H])C([H])([H])[H])C([H])C1[H];[H]C1CC(C([H])(,0.0,0.03,False,AFIPEL;CODXOJ
664258743805,3,3,2,2,1,4,Pt,[H]N(C(=S)N([H])C([H])([H])[H])C([H])([H])[H];[H]N(C(=S)N([H])C([H])([H])[H])C([,0.0,0.01,False,AFOZAX;AFOZIF;ALUMUR
573961472534,3,3,2,1,1,6,Co,N=N=N;N=N=N;[H]N([H])C([H])([H])C([H])([H])C([H])([H])N([H])C([H])([H])C([H])([H,0,0,False,AFULAO;AFULAO01;AFULES02
689167112828,2,2,2,1,1,4,Pd,[H]C1C([H])C(C([H])([H])P(C(C([H])([H])[H])(C([H])([H])[H])C([H])([H])[H])C(C([H,0.0,0.08,False,AGEWEO;WEMZIZ
472516664477,27,27,27,2,1,2,Pt,[H]C1C([H])C([H])C(P(C2C([H])C([H])C([H])C([H])C2[H])C2C([H])C([H])C([H])C([H])C,0,0,False,AGOFAE;CAXNAR;CODFOS;DEBYUF;DEBZAM;GIZHEF
800131893045,2,2,2,1,1,6,Mn,O=[N+]([O-])O;O=[N+]([O-])O;[H]O[H];[H]O[H];[H]O[H];[H]O[H],0.0,0.52,False,AGUBAF;AGUBAF01
959089911426,3,3,3,2,2,4,Cu,[H]N=C(OC([H])([H])C([H])([H])[H])N([H])C(=NC([H])([H])C([H])([H])N=C(N([H])[H]),0.0,8.76,False,AHASAD;HULMUW;XASFUS
44537472550,2,2,2,2,1,3,Pt,[H]C(NC([H])=C([H])P(C(C([H])([H])[H])(C([H])([H])[H])C([H])([H])[H])C(C([H])([H,0,0,False,AHIZIE;SUYWOB
99023046334,5,5,5,2,1,3,Pt,Cl;[H]C1([H])C([H])([H])C([H])([H])C([H])(P(C2([H])C([H])([H])C([H])([H])C([H])(,0,0,False,AHUCOW;BEJKOS;PUSVAB;TUDDOM;VAGSON
904122204742,2,2,2,2,1,2,Cu,[H]C1([H])C([H])([H])C([H])([H])C([H])(P(C2([H])C([H])([H])C([H])([H])C([H])([H],0,0,False,AHUJUI;CIGQOA
948869673248,2,2,2,1,1,6,Re,C#O;C#O;C#O;[H]C1NC(C([H])([H])N([H])C([H])([H])C([H])([H])N2C([H])([H])C([H])([,0.0,0.01,False,AJUZOU;AJUZOU01
515338111205,6,6,6,1,1,2,Zn,Cl;Cl,0,0,False,AKAFOJ;ARUREL;HEDDUS;NOWVED;QOMWOG;UBOMUW
830522882515,2,2,2,1,1,6,Co,[H]C([H])([H])N(C#N)C([H])([H])[H];[H]C([H])([H])N(C#N)C([H])([H])[H];[H]O[H];[H,0.0,0.08,False,AKANOR;AKANUX
650472594439,2,2,2,2,1,6,Cu,[H]C([H])([H])C(O)O;[H]C([H])([H])C(O)O;[H]C1NC(C2NC([H])C([H])C(C([H])([H])[H]),0,0,False,AKOCUZ;PAYRUE
215496329601,2,2,2,2,2,4,Zn,[H]c1c2nc(c([H])c3[nH]c(c([H])c4nc(c([H])c5[nH]c1c(C([H])([H])C([H])([H])[H])c5C,0.0,8.58,False,ALOKOB;OKOREL
785560990918,2,2,2,2,1,5,Zn,[H]C1C(C(=O)O)NC(C([H])([H])[H])C([H])C1[H];[H]C1C(C(=O)O)NC(C([H])([H])[H])C([H,0.0,1.3,False,ALOPAS;ALOPAS02
422280062956,8,8,7,3,1,2,Ni,[H]C1=C([H])N(C([H])(C([H])([H])[H])C([H])([H])[H])CN1C([H])(C([H])([H])[H])C([H,0,0,False,ALOTOL;ALOTUR;IJIDIS;SOKROB;SOKSES;SOKSIW
891507087506,2,2,2,1,1,4,Cu,[H]C(=NC([H])([H])C([H])=C([H])[H])C1C([H])C([H])C([H])C([H])C1O;[H]C(=NC([H])([,0.0,0.01,False,ALSACU11;ALSACU12
482534556704,2,2,2,1,1,6,Co,[H]C1NC([H])C(C(=O)N(C([H])([H])C([H])([H])[H])C([H])([H])C([H])([H])[H])C([H])C,0.0,0.2,False,AMERIW;UGEVEK
648421154725,2,2,2,2,1,3,Os,Cl;[H]C([H])([H])C([H])(P(C([H])(C([H])([H])[H])C([H])([H])[H])C([H])(C([H])([H],0,0,False,AMIJUD;ZOLZIL
331650401095,2,2,2,1,1,4,Zn,[H]C1C([H])C([H])C(N([H])C(S)=NN=C(C([H])([H])[H])C([H])([H])[H])C([H])C1[H];[H],0.0,0.01,False,AMOGIW;MOZSIE
87769638706,2,2,2,1,1,3,Cu,[H]C([H])([H])P(C([H])([H])[H])C([H])([H])[H];[H]C([H])([H])P(C([H])([H])[H])C([,0,0,False,AMOGUG;UJIKIH
864889111340,34,34,3,2,1,2,Ag,C#N;C#N,0,0,False,AMUXUC;AMUYAJ;ASAZAW;CITPAY;CUCPUO;CUCPUO01
964628430620,2,2,2,1,1,3,Ir,Br;[H]C1C([H])C([H])C(P(C2C([H])C([H])C([H])C([H])C2[H])C([H])([H])C([H])([H])C(,0,0,False,ANEBIF;ANEBOL
18656444223,2,2,2,1,1,3,Co,Cl;[H]c1c([H])c2[n](c1C([H])([H])P(C([H])(C([H])([H])[H])C([H])([H])[H])C([H])(C,0,0,False,ANIBIL;ANIGAI
664222159908,7,7,7,1,1,6,Ni,[H]C([H])([H])OC([H])([H])C(=O)O;[H]C([H])([H])OC([H])([H])C(=O)O;[H]O[H];[H]O[H,0.0,1.43,False,ANIMAC01;ANIMAC02;ANIMAC03;ANIMAC04;ANIMAC05;ANIMAC06
372042246855,5,5,4,1,1,3,Au,[H]C1C([H])C([H])C(P(C2C([H])C([H])C([H])C([H])C2[H])C2C([H])C([H])C([H])C([H])C,0,0,False,ANOYUA;TITVEX;TITVEX01;TPAWTB10;YIQKUG
286348747863,2,2,2,2,2,6,Re,Cl;Cl;Cl;[H]C([H])([H])C#N;[H]C1C([H])C([H])C(P(C2C([H])C([H])C([H])C([H])C2[H]),0.0,0.28,True,ANREPS01;ANREPS03
327264432008,2,2,2,2,1,6,Mn,[H]OC(=O)C1C([H])C([H])C(C(=O)O)C(C(=O)O[H])C1[H];[H]OC(=O)C1C([H])C([H])C(C(=O),0.0,1.03,False,ARAPAK;ARAPAK01
192100880763,6,6,2,1,1,6,Fe,[H]C1NC2C3NC([H])C([H])C([H])C3C([H])C([H])C2C([H])C1[H];[H]C1NC2C3NC([H])C([H]),0,0,False,ARESUO;FIWPAD;FOGGAM;IBUHEU;SEZJOZ;WERBOK
620593278487,3,3,2,1,1,6,Co,[H]C1NC2C3NC([H])C([H])C([H])C3C([H])C([H])C2C([H])C1[H];[H]C1NC2C3NC([H])C([H]),0,0,False,ARETAV;QONMOW;XOSDIT
118758123388,3,3,3,2,1,3,Fe,[H]c1c(C([H])([H])P(C(C([H])([H])[H])(C([H])([H])[H])C([H])([H])[H])C(C([H])([H],0,0,False,ARIBEK;DEGVUK;QOPXAX
292488523078,2,2,2,1,1,3,Cu,I;[H]c1c([H])n(C([H])([H])[H])c(=S)n1C([H])([H])[H];[H]c1c([H])n(C([H])([H])[H]),0,0,False,ARUKOO;ARUKUU
233552691301,11,11,11,1,1,2,Pt,[H]C([H])([H])P(C([H])([H])[H])C([H])([H])C([H])([H])P(C([H])([H])[H])C([H])([H],0,0,False,ASAMIS;ATURAK;CAYWAB;LABLEJ;OCIHUF;OMUGUA
445764779903,4,4,3,2,1,3,Ru,Cl;[H]C1([H])C([H])([H])C([H])([H])C([H])(P(C2([H])C([H])([H])C([H])([H])C([H])(,0,0,False,ASOFEU;FOVLAG;FOVLEK;HIHVIE
532126495925,20,20,14,1,1,3,Ni,C#O;C#O;C#O,0,0,False,ASOJOK;FOTMOT;KAKQUK;KAKRUL;KASBIR;KASBUD
195835992601,3,3,3,2,1,3,Ir,C#O;C#O;C#O,0,0,False,ASUFAW;MEQXUB;MEQYAI
868665161049,3,3,3,1,1,2,Pd,[H]C([H])([H])C([H])([H])P(C([H])([H])C([H])([H])[H])C([H])([H])C([H])([H])P(C([,0,0,False,ATAGIM;ATAGOS;UWIYAB
532490854287,3,3,3,1,1,2,Mn,[H]C1([H])OC([H])([H])C([H])([H])C1([H])[H];[H]C1([H])OC([H])([H])C([H])([H])C1(,0,0,False,ATAQOE;NOKHAA;NOKHEE
602391806105,2,2,2,1,1,3,Ag,C#N;[H]C1NC2C3NC([H])C([H])C([H])C3C([H])C([H])C2C([H])C1[H],0,0,False,ATODIW;ATODIW01
643753586208,5,5,5,2,1,2,Pt,Cl;Cl,0,0,False,ATOQIJ;GIJMOD;MAJPIA;OCOPUS;ZEVTUS
345750066687,3,3,3,1,1,6,Cu,[H]N([H])c1nonc1C(=O)O;[H]N([H])c1nonc1C(=O)O;[H]O[H];[H]O[H];[H]O[H];[H]O[H],0.0,0.75,False,ATORIN;ATORIN02;ODUMIN
32747133239,2,2,2,1,1,6,Ni,[H]c1c(C([H])([H])[H])nn(C([H])(C(=O)O)n2nc(C([H])([H])[H])c([H])c2C([H])([H])[H,0.0,0.95,False,ATOTIO;CEQBUY
968019451546,3,3,2,2,1,6,Ni,[H]C1NC(S)NC([H])C1[H];[H]C1NC(S)NC([H])C1[H];[H]C1NC(S)NC([H])C1[H],0,0,False,ATUROW;DOCZAY;FODKOY
413956658083,2,2,2,1,1,4,Ni,[H]N([H])C([H])([H])C([H])([H])C([H])([H])N1C([H])([H])C([H])([H])N(C([H])([H])C,0,0,False,AVETAW;HANJUE
963529007422,2,2,2,1,1,6,Ni,[H]O[H];[H]O[H];[H]O[H];[H]O[H];[H]c1c(C(=O)O)nn([H])c1C(=O)O,0.0,0.58,False,AVUNOU;AVUNOU01
645132221983,2,2,2,1,1,6,Co,[H]N([H])C([H])([H])C(=O)O;[H]N([H])C([H])([H])C(=O)O;[H]N([H])C([H])([H])C(=O)O,0,0,False,AVUWET01;SEZMEQ
10809145777,26,26,4,1,1,4,Cu,O=C(O)C(=O)O;O=C(O)C(=O)O,0,0,False,AWOJIG;BAVXEB;BEJHAC;BEJVAQ;CETSOM;CUOXNA10
184787887056,2,2,2,1,1,6,Co,C#N;[H]C(=NC1C([H])C([H])C([H])C([H])C1N=C([H])C1C([H])C([H])C([H])C(OC([H])([H],0,0,False,AWOZES;SAFDUA
977550324493,2,2,2,1,1,5,Cu,[H]N1C([H])([H])C([N+](=O)[O-])(C([H])([H])[H])C([H])([H])N([H])C([H])(C([H])([H,0,0,False,AXIPOM;AXIPOM01
759722629300,2,2,2,1,1,6,Cu,Cl;Cl;[H]O[H];[H]O[H];[H]c1nn([H])c2nc([H])n([H])c(=O)c12;[H]c1nn([H])c2nc([H])n,0.0,0.6,False,AYAMEU;AYAMEU01
264068306637,28,28,2,2,1,2,Cu,Br;Br,0,0,False,AYASAX;AYASAX01;BOWPUY;BOWPUY01;BOWPUY02;BOWPUY03
790144945052,2,2,2,2,1,4,Ni,[H]OC([H])([H])C([H])([H])C([H])(N=C(C1C([H])C([H])C([H])C([H])C1[H])C1C([H])C([,0,0,False,AYIYEN;VIWLOD
185881172242,2,2,2,1,1,3,Y,[H]C([Si](C([H])([H])[H])(C([H])([H])[H])C([H])([H])[H])[Si](C([H])([H])[H])(C([,0,0,False,AYOZIX;NIDCEI
581562934258,10,10,10,3,1,3,Fe,C#O;C#O;C#O,0,0,False,AYUTIA;GABYAL;HOMKAY;NIZLEP;NUNYEC;OCEXAW
418621057360,19,19,10,1,1,3,Cu,Br;Br;Br,0,0,False,AZAXUU;COVBIB;DOQJOL;DUKZIV;HEFMEO;IMINAV
21416394786,4,4,2,2,1,6,Fe,O=C(O)C(=O)O;O=C(O)C(=O)O;O=C(O)C(=O)O,0,0,False,AZUHAH;IMONUU;SIMKEH;SIMKIL
290740270400,22,22,6,1,1,3,Cu,I;I;I,0,0,False,BABKUP;BIMXUT;CATZOQ;CEHFUQ01;CEHFUQ02;CEHFUQ03
694831430304,2,2,2,2,1,5,Cu,[H]C1NC(C(=O)NC2([H])C([H])([H])C([H])([H])C([H])([H])C([H])([H])C2([H])NC(=O)C2,0,0,False,BADZUB;BIGWAP
176233792008,2,2,2,1,1,6,Co,O=C(O)O;[H]N([H])C([H])([H])C([H])([H])N([H])[H];[H]N([H])C([H])([H])C([H])([H]),0,0,False,BAGSUX02;CNENCO
720308196751,20,20,2,2,2,4,Pd,N#CC(S)=C(S)C#N;N#CC(S)=C(S)C#N,0.0,8.56,False,BAHMOO;BUTSUF;CAJQEM;EBOZEB;HATLOH;HAVYOT
505215173454,2,2,2,1,1,4,Cu,Cl;[H]C1C([H])C([H])C(P(C2C([H])C([H])C([H])C([H])C2[H])C2C([H])C([H])C([H])C([H,0.0,0.86,False,BAHQIM;BAHQIM01
94411055110,2,2,2,1,1,4,Cu,Br;[H]C1C([H])C([H])C(P(C2C([H])C([H])C([H])C([H])C2[H])C2C([H])C([H])C([H])C([H,0.0,0.02,False,BAHQOS;BAHQOS01
465417210072,2,2,2,2,1,6,Co,O=[N+]([O-])O;[H]O[H];[H]c1nc(C2=NC3C([H])C([H])C([H])C([H])C3N2[H])c([H])s1;[H],0.0,6.73,True,BAMPEL;BAMPEL01
462903086831,2,2,2,1,1,4,Pt,Cl;Cl;Cl;[H]c1nc2c(c(=O)n(C([H])([H])[H])c(=O)n2C([H])([H])[H])n1C([H])([H])[H],0.0,0.01,False,BAPXIZ;LOYGUE
767824889960,23,23,23,3,1,2,Pt,[H]C1C([H])C([H])C(P(C([H])([H])[H])C([H])([H])[H])C([H])C1[H];[H]C1C([H])C([H]),0,0,False,BAVBEF;BAZDUB;BAZFIR;BIDMIL;DAPLOX;DAPLUD
66819251247,4,4,3,2,1,2,Pd,Cl;Cl,0,0,False,BAWDEJ;FIHYOL;MUHXAR;SIKLOO
698167226164,29,29,4,1,1,3,Au,Cl;[H]C1C([H])C([H])C(P(C2C([H])C([H])C([H])C([H])C2[H])C2C([H])C([H])C([H])C([H,0,0,False,BAXWOM01;BAXWOM02;BAXWOM03;BAXWOM04;BAXWOM05;BAXWOM06
893882927343,2,2,2,1,1,6,Cr,O=C(O)C(=O)O;O=C(O)C(=O)O;[H]C1NC(C2NC([H])C([H])C([H])N2)NC([H])C1[H],0,0,False,BECRIK;LUFCOE
133583251559,20,20,19,1,1,2,Pt,[H]C1C([H])C([H])C(P(C2C([H])C([H])C([H])C([H])C2[H])C([H])([H])C([H])([H])P(C2C,0,0,False,BEGBAS;BEGBEW;JEWSIO;JEWSOU;KIVXOE;MOBMUM
658351220864,14,14,13,3,1,3,Pt,Br;[H]C1([H])C([H])([H])C([H])([H])C([H])(P(C2([H])C([H])([H])C([H])([H])C([H])(,0,0,False,BEJKEI;COJWEE;CUJQIJ;EHANIL;EHANOR;MIKFES
264511853345,2,2,2,1,1,3,Re,O;O;O,0,0,False,BEKZUO;BELBEB
104892948861,4,4,4,1,1,2,Ir,[H]C1C([H])C([H])C(P(C2C([H])C([H])C([H])C([H])C2[H])C2C([H])C([H])C([H])C([H])C,0,0,False,BELJEH;BELJEH01;HELBAF;VOSFEO
176625508045,3,3,3,1,1,6,Co,[H]C1C([H])C([N+](=O)[O-])C([H])C([H])C1C(=O)O;[H]C1C([H])C([N+](=O)[O-])C([H])C,0.0,0.62,False,BELLEJ;BELLEJ01;BELLEJ02
889834960287,2,2,2,1,1,4,Cu,O=[N+]([O-])O;[H]C1C([H])C(P(C2C([H])C([H])C(F)C([H])C2[H])C2C([H])C([H])C(F)C([,0.0,0.02,False,BENGAE;BENGAE01
50298053857,2,2,2,1,1,4,Co,[H]C(=NC([H])([H])C1C([H])C([H])C(F)C([H])C1[H])C1C([H])C(Br)C([H])C(Br)C1O;[H]C,0.0,0.02,True,BENKAI;VAHCUG
306845532917,5,5,2,1,1,6,Co,[H]C1NC(C(=O)O)C([H])C([H])C1[H];[H]C1NC(C(=O)O)C([H])C([H])C1[H];[H]C1NC(C(=O)O,0,0,False,BENVEV02;BENVEV03;BENVEV04;BENVEV05;YAFGUJ
664962440063,2,2,2,2,2,4,Rh,C#O;[H]C(C(O)C([H])([H])[H])C(O)C([H])([H])[H];[H]C1([H])C([H])([H])C([H])([H])C,0.0,8.26,False,BEPROE;BEPROE01
842203095564,2,2,2,1,1,6,Zn,[H]C1C([H])C([H])C2C(C(=O)NS2(=O)=O)C1[H];[H]C1C([H])C([H])C2C(C(=O)NS2(=O)=O)C1,0.0,0.38,False,BEPSAQ01;BEPSAQ02
478185606302,2,2,2,1,1,4,Pt,Cl;Cl;[H]C1C([H])C([H])C(OP(OC2C([H])C([H])C([H])C([H])C2[H])C2([H])C([H])([H])C,0.0,0.49,False,BEQBAA;BEQBAA01
568076460253,3,3,3,2,1,5,Cu,[H]N([H])C([H])([H])C([H])([H])C([H])([H])N1C([H])([H])C([H])([H])N(C([H])([H])C,0,0,False,BETHEO;BETHEO01;BETHEO03
801271665621,2,2,2,1,1,4,Cu,[H]N([H])C([H])([H])C([H])([H])C([H])([H])N1C([H])([H])C([H])([H])N(C([H])([H])C,0,0,False,BETHEO02;BETHEO04
135429688137,4,4,4,1,1,3,Hg,I;I;I,0,0,False,BETPEV;KIQKED;SARBOC;TMSHGI02
554083239715,3,3,3,1,1,4,Ni,[H]C(=NC([H])(C1C([H])C([H])C([H])C([H])C1[H])C([H])([H])[H])C1C([H])C(Br)C([H]),0.0,0.05,True,BEVJAR;BEVJAR01;BEVJOF
8388546419,2,2,2,1,1,4,Ni,[H]C(=NC([H])(C1C([H])C([H])C([H])C([H])C1[H])C([H])([H])[H])C1C([H])C(Cl)C([H]),0.0,0.01,True,BEVJIZ;BEVLAT
148438977067,2,2,2,1,1,3,Cu,Cl;[H]N1C([H])([H])C([H])([H])C([H])([H])C([H])([H])C1([H])[H];[H]N1C([H])([H])C,0,0,False,BEVLUK;BEVLUK01
279622855815,2,2,2,1,1,4,Co,Cl;Cl;[H]C([H])([H])N(C(=S)N(C([H])([H])[H])C([H])([H])[H])C([H])([H])[H];[H]C([,0.0,0.02,False,BEWGOC;BEWGOC01
202563846931,4,4,3,1,1,2,Cu,[H]C1C([H])C([H])C(P(C2C([H])C([H])C([H])C([H])C2[H])C2C([H])C([H])C([H])C([H])C,0,0,False,BHTPCU12;BHTPCU13;GIMHUJ;HBTPCU
443207225748,2,2,2,1,1,2,Hg,Br;[H]C1CC(C([H])([H])N(C([H])([H])[H])C([H])([H])[H])C([H])C([H])C1[H],0,0,False,BIBYOB;BIBYOB01
771971393990,11,11,11,1,1,2,Pt,[H]C([H])(P(C1([H])C([H])([H])C([H])([H])C([H])([H])C([H])([H])C1([H])[H])C1([H],0,0,False,BICJII;EFOPAQ;GIHTOI;KIVXIY;LUBRAD;QAZWOG
26419231743,6,6,6,1,1,3,Cu,Cl;Cl;Cl,0,0,False,BICPAG;CEFGAY;EKEHEJ;INAYAZ;VADLAN;YAMCIB
798735751930,2,2,2,1,1,4,Ni,[H]C1C([H])C([H])C(C(O)NC(S)N(C([H])([H])C([H])([H])[H])C([H])([H])C([H])([H])[H,0.0,0.01,False,BINSIA01;IJOQON
427841355395,6,6,2,1,1,2,Pt,[H]C([H])([H])C(P(C(C([H])([H])[H])(C([H])([H])[H])C([H])([H])[H])C(C([H])([H])[,0,0,False,BIPKAO;DADRAE;HBUPPT01;HBUPPT02;NISCEB;NISCEB01
460537445404,2,2,2,1,1,3,Fe,[H]C1C([H])C([H])C(P(C2C([H])C([H])C([H])C([H])C2[H])C([H])([H])C(C([H])([H])[H],0,0,False,BISWEF11;QIDHOB
38894175811,4,4,3,2,1,5,Cu,O=C(O)C(=O)O;[H]C1NC(C2NC([H])C([H])C([H])C2[H])C([H])C([H])C1[H];[H]O[H],0,0,False,BISWUV;BISWUV01;TURZEM;TURZIQ
290755069160,2,2,2,1,1,6,Ni,[H]C1C([H])C([H])N(O)C(C(=O)O)C1[H];[H]C1C([H])C([H])N(O)C(C(=O)O)C1[H];[H]O[H];,0.0,0.52,False,BIVWUY;BIVWUY01
704627157572,3,3,2,1,1,4,Pd,N=C=S;[H]N(C([H])([H])C([H])([H])N(C([H])([H])C([H])([H])[H])C([H])([H])C([H])([,0.0,0.03,False,BIXTIL10;BIXTOR10;BIXTUX10
872500062894,5,5,2,1,1,6,Mn,[H]C1NC(N([H])C([H])(O)C2NC([H])C([H])C([H])C2[H])C([H])C([H])C1[H];[H]C1NC(N([H,0,0,False,BOFDEG;LIHSOK;UQUTUW;WONQAU;WONQEY
626504783602,2,2,2,1,1,4,Cd,[H]C([H])([H])C(=O)O;[H]C([H])([H])C(=O)O;[H]N1C(=S)N([H])C([H])([H])C1([H])[H];,0.0,1.45,False,BOJWUT;BOJWUT01
219778171356,2,2,2,1,1,6,Ni,[H]OC([H])([H])[H];[H]OC([H])([H])[H];[H]Oc1c([H])c([H])c([H])n([H])c1=O;[H]Oc1c,0.0,0.01,False,BOKFEP;BOKFIT
115719997206,2,2,2,1,1,6,Fe,Br;Br;[H]c1c([H])c([H])c2c(c1[H])-c1nc-2nc2[nH]c(nc3nc(nc4[nH]c(n1)c1c([H])c([H],0.0,0.65,False,BONGUH;BONGUH01
872472962634,5,5,2,2,1,2,Au,[H]C1([H])C([H])([H])C([H])([H])C([H])(P(C2([H])C([H])([H])C([H])([H])C([H])([H],0,0,False,BOPLOH01;BOPLOH10;FAQBEF;FAXCAI01;FAXHER
159505503958,2,2,2,1,1,6,Ni,[H]c1nc([H])n(C([H])([H])C([H])([H])C([H])([H])[H])c1[H];[H]c1nc([H])n(C([H])([H,0.0,0.04,False,BOQCUJ;UKOFUX
10635437591,2,2,2,1,1,4,Ni,[H]C1=C(C([H])([H])[H])NC2C([H])C([H])C([H])C([H])C2N=C(C([H])([H])[H])C([H])=C(,0,0,False,BOSVOU;PIQHOM
142501068344,2,2,2,2,1,6,Zn,[H]C1NC(c2nnn(C([H])([H])C(=O)O)n2)C([H])C([H])C1[H];[H]C1NC(c2nnn(C([H])([H])C(,0.0,1.8,False,BOVNOQ;BOVNOQ01
727106167395,10,10,8,2,1,3,Co,[H]C([H])([H])P(C([H])([H])[H])C([H])([H])[H];[H]C([H])([H])P(C([H])([H])[H])C([,0,0,False,BOWXAM;IKUCUQ;KEHFAI;KEHFAI01;OKUQAP;POZMID
297668266670,3,3,3,1,1,3,Fe,Cl;[H]C([H])([H])P(C([H])([H])[H])C([H])([H])[H];[H]C([H])([H])P(C([H])([H])[H]),0,0,False,BOXQUE;BOXRAL;TENWIW
665976298804,5,5,4,3,1,2,Fe,[H]C([H])([H])[Si](N[Si](C([H])([H])[H])(C([H])([H])[H])C([H])([H])[H])(C([H])([,0,0,False,BOXRUD;BOYFIG;RIFREG;VUSJEB;YAVHAH
238544593081,3,3,2,1,1,3,Cu,Br;[H]C1C([H])C([H])C(P(C2C([H])C([H])C([H])C([H])C2[H])C2C([H])C([H])C([H])C([H,0,0,False,BTPCUB;MARHIA;MARHIA01
991318691238,2,2,2,2,1,5,Fe,N=N=N;[H]C1=C(C(C([H])([H])[H])(C([H])([H])[H])C([H])([H])[H])C([H])=C(C(C([H])(,0,0,False,BUBYOP;BUBYOP01
722065152007,2,2,2,1,1,4,Cu,[H]NC1C(C([H])=NC([H])([H])C([H])([H])N=C([H])C2C([H])C([H])C([H])N([H])C2N[H])C,0.0,0.01,False,BUCWAB;BUCWEF
374748511983,2,2,2,1,1,4,Pd,N=N=N;N=N=N;[H]C1C([H])C([H])C(P(C2C([H])C([H])C([H])C([H])C2[H])C2C([H])C([H])C,0.0,0.13,False,BUFRON;BUFRUT
374833435163,2,2,2,1,1,4,Os,O;[H]C([H])([H])C(N)(C([H])([H])[H])C([H])([H])[H];[H]C1C([H])C([H])C2C(C1[H])C(,0.0,0.05,False,BUKKUQ;BUKKUQ01
890308498724,2,2,2,1,1,4,Au,[H]c1c2nc(c([H])c3[nH]c(c([H])c4nc(c([H])c5[nH]c1C1C([H])C([H])C([H])C([H])C51)C,0.0,0.07,False,BUKQAD;BUKQIL
396694720260,2,2,2,1,1,4,Ni,[H]C1=C([H])C([H])=C([H])C([H])=C2NC([H])([H])C([H])([H])C([H])([H])N=C3C([H])=C,0,0,False,BURBUL;BURBUL10
672478105812,2,2,2,1,1,4,Zn,FC1CC(F)C(F)C(C2C(F)C(F)C(F)C(F)C2F)C1F;FC1CC(F)C(F)C(C2C(F)C(F)C(F)C(F)C2F)C1F;,0.0,0.36,False,BURVEQ;BURVIU
378584417301,2,2,2,1,1,4,Zn,[H]C(=NC([H])([H])C([H])([H])OC([H])([H])[H])C1C([H])C([H])C([H])C([H])C1O;[H]C(,0.0,0.03,False,BUWXOK;BUWXOK01
280563248127,2,2,2,1,1,6,Ni,[H]C1([H])SC([H])([H])C([H])([H])SC([H])([H])C([H])([H])SC([H])([H])C([H])([H])S,0.0,0.02,False,BUXJEJ;BUXJEJ10
751268880963,4,4,2,2,1,2,Pt,[H]C1C([H])C(C([H])(C([H])([H])[H])C([H])([H])[H])C(N2CC(C([H])([H])[H])(C([H])(,0,0,False,BUYVUO;BUYVUO01;HIFHEM;HIFHIQ
834687646615,2,2,2,1,1,3,Pt,Br;[H]C([H])([H])C([H])(P(C([H])(C([H])([H])[H])C([H])([H])[H])C([H])(C([H])([H],0,0,False,BUZHAH;BUZHEL
426831145779,3,3,3,2,1,2,Ag,[H]C1C([H])C([H])C(P(C2C([H])C([H])C([H])C([H])C2[H])C([H])([H])C([H])([H])OC([H,0,0,False,CABJOF;CABJUL;DOQWOV
826570378476,2,2,2,1,1,4,Cu,[H]O[H];[H]O[H];[H]O[H];[H]c1nc([H])n([H])c1C(=O)O;[H]c1nc([H])n([H])c1C(=O)O,0.0,0.01,True,CABMUP;CABMUP01
992380054226,2,2,2,2,2,4,Ni,[H]NC(NC(N[H])C1C([H])NC([H])C([H])C1[H])C1C([H])NC([H])C([H])C1[H];[H]NC(NC(N[H,0.0,8.62,False,CABVUY;HIMJOD
906224285915,2,2,2,1,1,6,Ni,[H]C1NC([H])C([H])C(C#N)C1[H];[H]C1NC([H])C([H])C(C#N)C1[H];[H]O[H];[H]O[H];[H]O,0.0,0.19,False,CAGHUO;CAGHUO01
850289563854,2,2,2,1,1,4,Cu,[H]C1C([H])C([H])C(P(C2C([H])C([H])C([H])C([H])C2[H])C2C([H])C([H])C([H])C([H])C,0.0,0.04,False,CAGPAG;CAGPOU
239125139173,2,2,2,1,1,6,Cr,[H]C([H])([H])P(C([H])([H])[H])C([H])([H])C([H])([H])P(C([H])([H])[H])C([H])([H],0.0,0.38,False,CAMVER;CAMVER10
522959725635,2,2,2,1,1,3,Co,[H]C1C([H])C(C(P(C([H])(C([H])([H])[H])C([H])([H])[H])C([H])(C([H])([H])[H])C([H,0,0,False,CAQLIT;CAQLIT01
534233914689,2,2,2,2,2,4,Pt,[H]C1=C([H])c2nc1c(C1C([H])C(F)C([H])C(F)C1[H])c1[nH]c(c([H])c1[H])c(C1C([H])C(F,0.0,8.58,False,CAQSAR;CAQSAR01
379043242230,2,2,2,1,1,6,Fe,[H]C1NC([H])C([H])C(C(=O)O)C1[H];[H]C1NC([H])C([H])C(C(=O)O)C1[H];[H]O[H];[H]O[H,0.0,0.2,False,CARQUH;CARQUH01
181671919155,2,2,2,2,1,6,Cr,O=C(O)O;[H]N1C([H])([H])C([H])([H])N([H])C(C([H])([H])[H])(C([H])([H])[H])C([H]),0,0,False,CASMEP;CIGLUZ
335362310717,2,2,2,1,1,4,Pd,Cl;Cl;[H]OC([H])([H])C([H])([H])SC1C([H])C([H])C([H])C([H])C1SC([H])([H])C([H])(,0.0,0.07,False,CASZED;CATBAC
519907442041,2,2,2,1,1,4,Pd,Cl;Cl;[H]C1C([H])C([H])C(P(C2C([H])C([H])C([H])C([H])C2[H])C2C(OC([H])(C([H])([H,0.0,0.01,False,CAYBAG;CAYBAG01
14147707651,2,2,2,1,1,4,Cu,Cl;Cl;[H]C1C([H])C(C([H])([H])[H])NC(C([H])([H])[H])C1[H];[H]C1C([H])C(C([H])([H,0.0,0.01,False,CCULUT;CCULUT01
51299869591,10,10,3,1,1,4,Pt,Cl;Cl;[H]C([H])([H])S(=O)C([H])([H])[H];[H]C([H])([H])S(=O)C([H])([H])[H],0.0,0.02,False,CDMSOP01;CDMSOP02;CDMSOP03;CDMSOP04;CDMSOP05;CDMSOP06
578946723306,3,3,2,1,1,4,Cu,[H]N([H])C([H])([H])C([H])([H])N(C([H])([H])C([H])([H])[H])C([H])([H])C([H])([H],0.0,0.01,False,CEFBEU;CEFBEU02;DEENCU
309669406662,2,2,2,2,1,2,Au,[H]C1C([H])C([H])C2B(C3C([H])C([H])C([H])C([H])C3P(C([H])(C([H])([H])[H])C([H])(,0,0,False,CEGNUA;CEGPAI
926057514739,2,2,2,1,1,6,Co,N=C=S;N=C=S;[H]C1NC([H])C(c2nnc(C3NC([H])C([H])NC3[H])o2)NC1[H];[H]C1NC([H])C(c2,0.0,0.04,False,CEGXAO;INADIL
312108636208,3,3,3,1,1,3,Ni,Cl;[H]C([H])([H])C1=C(C([H])([H])[H])N(C([H])(C([H])([H])[H])C([H])([H])[H])CN1C,0,0,False,CEJQEQ;IDOMIA01;IDOMUM
97207194513,2,2,2,1,1,4,Pt,[H]C1C([H])C([H])C(P(C2C([H])C([H])C([H])C([H])C2[H])C2C([H])C([H])C([H])C([H])C,0.0,0.01,False,CEKFED;CEKFED01
12639859088,2,2,2,1,1,3,Cu,I;[H]C1C([H])C(C([H])([H])[H])NC(C([H])([H])[H])C1[H];[H]C1C([H])C(C([H])([H])[H,0,0,False,CENFAC;CENFAC01
346006448480,3,3,2,2,1,5,Cu,[H]O[H];[H]c1nc(-c2nc([H])c([H])n2[H])n([H])c1[H];[H]c1nc(-c2nc([H])c([H])n2[H]),0,0,False,CEPMEQ;YARZOH;YARZOH01
378869375148,2,2,2,1,1,6,Fe,[H]C1NC2C([H])C([H])C([H])C([H])C2NC([H])C(C(=O)OC([H])([H])C([H])([H])[H])C(C([,0,0,False,CESBAD;ZIDMIM
873723067680,2,2,2,1,1,3,Ag,[H]C(=NC([H])([H])C([H])([H])N=C([H])C([H])=C([H])C1C([H])C([H])C([H])C([H])C1[H,0,0,False,CEVLIZ;MEQWEL
823706786399,2,2,2,1,1,6,Co,[H]N(C([H])([H])C(=O)O)C([H])([H])C([H])([H])N([H])C([H])([H])C(=O)O;[H]N([H])C(,0,0,False,CEWTUT;CEWTUT01
60837375260,2,2,2,1,1,4,Fe,Cl;[H]C([H])([H])C([H])(C([H])([H])[H])C([H])([H])[Si]1(O)O[Si]2(C([H])([H])C([H,0.0,0.53,False,CEXLUN;GUZTOK
495437334333,3,3,2,2,1,6,Co,[H]c1nc(C([H])([H])C([H])(C(=O)O)N([H])[H])c([H])n1[H];[H]c1nc(C([H])([H])C([H]),0,0,False,CEYYOV;CEYYOV01;SOCSUC
480753276539,7,7,4,2,2,4,Pt,[H]C1=C([H])c2nc1c(C1C([H])C([H])C([H])C([H])C1[H])c1[nH]c(c([H])c1[H])c(C1C([H],0.0,8.58,False,CEZKEX;CEZKEX01;CEZKEX02;RIRKOV;RIRKOV01;RIRKOV02
438022287644,13,13,9,3,1,2,Pt,[H]C1([H])C([H])([H])C([H])([H])C([H])(P(C2([H])C([H])([H])C([H])([H])C([H])([H],0,0,False,CHXPPT01;JOTZEZ;JOVBUT;KOHDER;KOMCOH;KOMCUN
461496714895,2,2,2,1,1,4,Ni,C#O;C#O;[H]C1=C([H])N(C([H])([H])N2CN(C3C(C([H])(C([H])([H])[H])C([H])([H])[H])C,0.0,1.92,False,CICXAP;CICXAP01
746095907417,2,2,2,2,1,2,Cu,[H]C([H])([H])C(=O)O;[H]C1C([H])C(C([H])(C([H])([H])[H])C([H])([H])[H])C(N2CN(C3,0,0,False,CIDGIG;PEMXOV
72305332093,2,2,2,1,1,4,Ni,[H]C(=NN=C(S)N([H])C1C([H])C([H])C([H])C([H])C1[H])C1C([H])C(Cl)C([H])C(Br)C1O;[,0.0,0.05,False,CIDTOA;CIDTOA01
771598203683,4,4,2,1,1,2,Os,[H]C1C([H])C([H])C(P(C([H])(C([H])([H])[H])C([H])([H])[H])C([H])(C([H])([H])[H]),0,0,False,CIDWER11;CIDWER12;CIDWER13;CIDWER14
949783531902,7,7,7,1,1,2,Pd,[H]C([H])([H])P(C([H])([H])[H])C([H])([H])C([H])([H])P(C([H])([H])[H])C([H])([H],0,0,False,CIHVOF;ETAMAN;HOLYIR;NAHBAZ;OLAMEU;REKWIN
601612028805,2,2,2,1,1,4,Cu,[H]C1([H])N2C([H])([H])P3C([H])([H])N1C([H])([H])N([H])(C2([H])[H])C3([H])[H];[H,0.0,0.01,False,CIJCII;CIJCII01
567787042230,3,3,3,1,1,4,Pt,Cl;Cl;[H]C([H])([H])C([H])([H])SC([H])([H])C([H])([H])[H];[H]C([H])([H])C([H])([,0.0,0.11,False,CIKXIE;CIKXIE01;CIKXIE02
168945647200,2,2,2,1,1,4,Ni,[H]C([H])([H])C(SC([H])([H])C([H])([H])C([H])([H])SC(C([H])([H])[H])(C([H])([H]),0.0,0.01,False,CILDAE;CILDAE01
866959838527,3,3,3,1,1,6,Co,Cl;Cl;[H]C1NC(C2NC([H])C([H])C([H])C2[H])C([H])C([H])C1[H];[H]C1NC(C2NC([H])C([H,0,0,False,CIQVUW;QQQEQG01;TEWDAD
146099417321,2,2,2,2,1,4,Co,[H]C(=NC1C([H])C([H])C(OC([H])([H])[H])C([H])C1[H])C1C([H])C(C(C([H])([H])[H])(C,0.0,3.36,False,CITDOA;FOTDAW
410625398103,2,2,2,1,1,3,Co,[H]C1C([H])C([H])C(P(C2C([H])C([H])C([H])C([H])C2[H])C([H])([H])C(C([H])([H])[H],0,0,False,CIXVUB;QEMRIJ
670264332280,4,4,4,1,1,3,Ru,[H]C([H])([H])P(C([H])([H])[H])C([H])([H])[H];[H]C([H])([H])P(C([H])([H])[H])C([,0,0,False,CIZBOC;IKIZAD;IKIZEH;TAJTII
961021917831,6,6,6,2,1,3,Mn,C#O;C#O;C#O,0,0,False,CMTHFB;EBXMNB;FUZGEM;SEKHAT;SIFXEM;YUWLIO
353884127771,3,3,2,1,1,6,Co,[H]C([H])([H])C(=O)O;[H]C([H])([H])C(=O)O;[H]O[H];[H]O[H];[H]O[H];[H]O[H],0.0,0.09,False,COAQAC01;COAQAC02;COAQAC03
731513887350,2,2,2,1,1,4,Pd,Cl;Cl;[H]C1C([H])C([H])C(P(OC([H])([H])C([H])(OP(C2C([H])C([H])C([H])C([H])C2[H],0.0,0.01,False,COBWAS;CODDEF
827776369990,2,2,2,1,1,5,Cu,[H]C1NC(C2NC([H])C([H])C([H])C2[H])C([H])C([H])C1[H];[H]O[H];[H]c1oc(C(=O)O)c([H,0,0,False,COCKIP;COCKIP02
813072667871,2,2,2,1,1,3,Cu,[H]C1C([H])C2C([H])C([H])C(C([H])([H])[H])NC2C2NC(C([H])([H])[H])C([H])C([H])C12,0,0,False,COCVEV;COCVOF
471197669703,4,4,3,1,1,3,Cu,[H]C([H])([H])C#N;[H]C1C([H])C2C([H])C([H])C(C([H])([H])[H])NC2C2NC(C([H])([H])[,0,0,False,COCWEW;DONSEF;KAYWEM;OGABAA
243929564,2,2,2,2,1,6,Co,[H]N([H])C([H])([H])C([H])([H])N([H])C([H])([H])C([H])([H])N([H])[H];[H]N([H])C(,0,0,False,CODIEN;EKALAF
620785586847,2,2,2,1,1,3,Fe,[H]C1C([H])C(C([H])(C([H])([H])[H])C([H])([H])[H])C(NC(C([H])C(NC2C(C([H])(C([H],0,0,False,COGQIZ;MUWVIM
590699396155,2,2,2,1,1,4,Ni,[H]ON=C(C(=NO)N([H])C1C([H])C([H])C([H])C([H])C1[H])N([H])C1C([H])C([H])C([H])C(,0,0,False,COHWAY;EPEKOC
820602062465,4,4,4,2,1,2,Ru,[H]C1C([H])C([H])C(P(C2C([H])C([H])C([H])C([H])C2[H])C2C([H])C([H])C([H])C([H])C,0,0,False,COKTEB;COKTEB10;LAMREW;LATTOQ
163727957869,3,3,3,1,1,6,V,[H]O[H];[H]O[H];[H]O[H];[H]O[H];[H]O[H];[H]O[H],0.0,0.47,False,COLNUM;COLNUM01;VEPSUE
29587259166,2,2,2,1,1,4,Cu,[H]C(=NC([H])([H])C([H])([H])C([H])([H])OC([H])([H])[H])C1C([H])C([H])C([H])C(OC,0.0,0.01,False,COLTON;COLTON01
440075507468,2,2,2,2,1,6,Co,O=N=O;O=N=O;O=N=O;[H]N([H])C([H])([H])C([H])([H])N([H])[H];[H]N([H])[H],0,0,False,CONAEN;CONAEN01
951234702847,2,2,2,1,1,4,Ag,Cl;[H]C1C([H])C(C([H])([H])[H])C([H])C([H])C1P(C1C([H])C([H])C(C([H])([H])[H])C(,0.0,0.15,False,COQKAV;RULMUJ
740702023471,2,2,2,1,1,4,Zn,Br;Br;[H]N([H])C(=O)N1C([H])([H])C([H])([H])C([H])([H])C([H])([H])C1([H])[H];[H],0.0,0.02,False,COQVIP;COQVIP01
119580742395,2,2,2,1,1,4,Cu,[H]C(C(=NC([H])([H])C([H])([H])N=C(C([H])=C(O)C1C([H])C([H])C([H])C([H])C1[H])C(,0.0,0.0,False,COSXOX01;COSXOX02
362500034388,2,2,2,2,2,4,Ni,[H]C(=NC([H])([H])C([H])([H])N=C([H])C1C([H])C([H])C([H])C([H])C1O)C1C([H])C([H],0.0,7.7,False,COXNOT;UMIBAT
168803206372,2,2,2,2,1,5,Cu,O=[N+]([O-])O;[H]C1NC(C2=NC3C([H])C([H])C([H])C([H])C3N2[H])C([H])C([H])C1[H];[H,0,0,False,COXSOY;COXSOY04
657241169189,2,2,2,1,1,4,Cu,Cl;[H]C1C([H])C([H])C(P(C2C([H])C([H])C([H])C([H])C2[H])C2C([H])C([H])C([H])C([H,0.0,0.08,False,COXSOZ;KUGDUN
124364091338,2,2,2,1,1,4,Ni,Br;Br;[H]C1NC(N([H])C(=NC2C(C([H])(C([H])([H])[H])C([H])([H])[H])C([H])C([H])C([,0.0,0.1,False,COXVER;COXVER01
135390835088,6,6,6,2,1,2,Rh,[H]C1C([H])C([H])C(P(C2C([H])C([H])C([H])C([H])C2[H])C2C([H])C([H])C([H])C([H])C,0,0,False,COZCEZ;GATHIT;MIFKUI;UMENAD;XOJLIR;ZITQOM
75519746380,7,7,7,3,1,3,Ir,C#O;[H]C1C([H])C([H])C(P(C2C([H])C([H])C([H])C([H])C2[H])C2C([H])C([H])C([H])C([,0,0,False,CTPIRB;DEDPUX;HIMXIO;IXIYEU;MECDIJ;OXIQIW
984712806362,2,2,2,1,1,4,Cd,Cl;Cl;[H]N([H])C(=S)N([H])[H];[H]N([H])C(=S)N([H])[H],0.0,1.34,False,CTURCD01;CTURCD02
17500560080,2,2,2,1,1,4,Zn,Cl;Cl;[H]c1c(C2C([H])C([H])C([H])C([H])C2[H])nn(C2NC([H])C([H])C([H])C2[H])c1N([,0.0,0.03,False,CUFBUD;CUFBUD01
525770995317,3,3,3,1,1,3,Pd,Cl;[H]C1CC(C([H])([H])N(C([H])([H])[H])C([H])([H])[H])C([H])C([H])C1[H],0,0,False,CUJFET;IWOHAD;SIKLII
628070366214,2,2,2,1,1,6,Co,Cl;[H]N([H])C([H])([H])C([H])([H])N(C([H])([H])C([H])([H])N([H])[H])C([H])([H])C,0,0,False,CULQIJ;CULQOP
943383262911,3,3,2,1,1,4,Ni,[H]C1NC(C(=O)NC([H])([H])C([H])([H])C([H])([H])NC(=O)C2NC([H])C([H])C([H])C2[H]),0,0,False,CULZUE;CULZUE01;CULZUE02
731045575572,16,16,4,2,1,6,Co,O=N=O;O=N=O;[H]N([H])C([H])([H])C([H])([H])N([H])[H];[H]N([H])C([H])([H])C([H])(,0,0,False,CUNKIF;CUNKIF01;FAGXUG;FAGYAN;KABXIU;KABXUG
860102499950,2,2,2,2,1,6,Cu,O=N(O)O;O=N(O)O;[H]C1=NC2C([H])C([H])C([H])C([H])C2N1C1NC([H])C([H])C([H])N1;[H],0,0,False,CUPCOH;CUPJII
178200538236,2,2,2,1,1,4,Cu,[H]C1C([H])C([H])C(C(O)C([H])C(O)C2C([H])C([H])C([H])C([H])C2[H])C([H])C1[H];[H],0.0,0.01,False,CUPROP02;CUPROP03
873216333006,2,2,2,2,1,4,Ni,[H]C(=NC1C([H])C([H])C([H])C([H])C1[H])C1=C([H])C([H])=C([H])C1=C([H])NC1C([H])C,0.0,1.73,False,CUQFUR;CUQFUR01
822446669158,2,2,2,2,1,6,Fe,O=C(O)C(=O)O;O=C(O)C(=O)O;[H]O[H];[H]O[H],0,0,False,CURPIQ;ZUZLOX
401442402370,2,2,2,1,1,3,Fe,[H]C1=C(P(C([H])(C([H])([H])[H])C([H])([H])[H])C([H])(C([H])([H])[H])C([H])([H]),0,0,False,CUVXAV;CUVXEZ
995391601651,2,2,2,1,1,6,Co,[H]C1C([H])C([H])C2C(N=NN2C([H])([H])C(=O)O)C1[H];[H]C1C([H])C([H])C2C(N=NN2C([H,0.0,0.03,False,CUYGAG;TIVWOM
939351600603,2,2,2,1,1,4,Pd,Cl;Cl;[H]OC1NC(C2C([H])C([H])C([H])C([H])C2S(=O)C([H])([H])C(C([H])([H])[H])(C([,0.0,0.01,False,CUYPUK;CUYPUK01
197778882156,2,2,2,2,1,4,Cu,[H]NC(=O)n1nc(C([H])([H])[H])c([H])c1C([H])([H])[H];[H]NC(=O)n1nc(C([H])([H])[H],0,0,False,CXAPCU10;CXAPCU11
279882351377,2,2,2,2,2,4,Ni,[H]C1C(S)C(S)C([H])C2SC(=O)SC12;[H]C1C([H])C([H])C(P(C2C([H])C([H])C([H])C([H])C,0.0,8.61,False,DABQII;DABQOO
539390051074,3,3,3,1,1,3,Zn,[H]C([H])([H])N(C([H])([H])[H])C([H])([H])C([H])([H])N(C([H])([H])[H])C([H])([H],0,0,False,DAFKAA;EVADUD;EVAFIT
86080491076,2,2,2,1,1,6,Co,[H]C1NC([H])C([H])C(SC([H])([H])C(=O)O)C1[H];[H]C1NC([H])C([H])C(SC([H])([H])C(=,0.0,0.19,False,DAFYIT;DAFYIT01
405873069629,2,2,2,1,1,4,Os,[H]C1C([H])([H])C([H])([H])C([H])([H])C([H])([H])C1([H])[H];[H]C1C([H])([H])C([H,0.0,0.01,False,DAJLUV;DAJLUV10
280516762650,5,5,2,1,1,6,Cu,[H]C([H])([H])C(O)O;[H]C1NC2C3NC([H])C([H])C([H])C3C([H])C([H])C2C([H])C1[H];[H],0,0,False,DAXMEU;DAXMEU02;GUZDIS;KOFZUC;RAGSAW
201238598895,4,4,3,2,1,5,Cu,[H]C1NC(C([H])([H])N(C([H])([H])C2NC([H])C([H])C([H])C2[H])C([H])([H])C([H])([H],0,0,False,DECDEV;DECDEV01;HOZWEA;SAHCEK
808631705180,7,7,6,1,1,3,W,[H]C([H])([H])P(C([H])([H])[H])C([H])([H])[H];[H]C([H])([H])P(C([H])([H])[H])C([,0,0,False,DECVAI01;DECVEM;DECVEM01;DECVEM10;FEVTOP;GURXUO
64356293635,2,2,2,1,1,6,Co,N=C=S;N=C=S;[H]c1nn([H])c([H])c1[H];[H]c1nn([H])c([H])c1[H];[H]c1nn([H])c([H])c1,0.0,0.02,False,DECXEP;DECXEP01
339003061563,2,2,2,2,1,4,Cu,[H]N([H])C([H])([H])C([H])([H])N(C([H])([H])C([H])([H])[H])C([H])([H])C([H])([H],0.0,7.27,False,DEENCU01;DEENCU04
537212655465,2,2,2,1,1,6,Mn,[H]O[H];[H]O[H];[H]O[H];[H]O[H];[H]c1nc2c([nH]1)c(=O)n(C([H])([H])[H])c(=O)n2C([,0.0,0.18,False,DEGVET;DEGVET02
446326586048,4,4,2,1,1,4,Cu,[H]C(C(O)C(C([H])([H])[H])(C([H])([H])[H])C([H])([H])[H])C(O)C(C([H])([H])[H])(C,0.0,0.01,False,DERNOD04;DERNOD05;DERNOD06;DERNOD07
441220013260,3,3,2,1,1,6,Zn,[H]C1NC([H])C([H])C(C2NNNN2)C1[H];[H]C1NC([H])C([H])C(C2NNNN2)C1[H];[H]O[H];[H]O,0.0,0.29,False,DEVTEE;DEVTEE01;DEVTEE02
94267658347,3,3,3,1,1,6,Fe,[H]C1([H])SC([H])([H])C([H])([H])SC([H])([H])C([H])([H])SC1([H])[H];[H]C1([H])SC,0.0,0.08,False,DIBJED;EGUZUB;KIDBEF
431659869829,2,2,2,1,1,4,Ni,[H]C1CC([H])C([H])C([H])C1[H];[H]N(C([H])([H])C([H])([H])P(C([H])(C([H])([H])[H],0.0,0.06,False,DIJNES;DIJNOC
328152596267,5,5,3,3,1,5,Cu,[H]C1NC(C(=O)O)C([H])C([H])C1C(=O)O;[H]C1NC(C(=O)O)C([H])C([H])C1C(=O)O;[H]O[H],0,0,False,DIRZAH;DIRZIP;DIRZUB;PIJVOV;PUNFEM
96494827745,2,2,2,1,1,4,Pd,[H]C(=NC([H])(C1C([H])C([H])C([H])C([H])C1[H])C([H])([H])[H])C1C([H])C([H])C([H],0.0,0.02,False,DISBEM;DISBIQ
891116058029,2,2,2,1,1,4,Pd,Cl;Cl;[H]OC1C(C([H])([H])[H])NC([H])C(C([H])([H])O[H])C1C([H])([H])O[H];[H]OC1C(,0.0,0.01,False,DIXXEN;DIXXEN01
403078249245,3,3,2,2,1,6,Ni,[H]OC(O[H])(C1NC([H])C([H])C([H])C1[H])C1NC([H])C([H])C([H])C1[H];[H]OC(O[H])(C1,0,0,False,DIZXAL;FOTVAM;KUYGUH
737583429750,3,3,2,1,1,5,Cu,Br;[H]C([H])([H])N(C([H])([H])[H])C([H])([H])C([H])([H])N(C([H])([H])C([H])([H]),0.0,0.01,True,DMAECU01;DMAECU02;DMAECU03
818140150603,41,41,2,1,1,4,Zn,[H]C1=C([H])c2nc1c(C1C([H])C([H])C([H])C([H])C1[H])c1[nH]c(c([H])c1[H])c(C1C([H],0.0,0.01,False,DOGQEX;HALTIX;HALVEV;HALVIZ;HALVUL;HALWIA
352953812482,33,33,2,2,1,6,Fe,C#N;C#N;C#N;C#N;C#N;N=O,0,0,False,DOJJAP;DOJJAP01;DOJJAP02;GAGCIF;HADZAO;HADZAO01
409749105675,2,2,2,1,1,4,Co,[H]C1C([H])C([H])C(NC(=O)C(O)(C([H])([H])[H])C([H])([H])[H])C(NC(=O)C(O)(C([H])(,0,0,False,DOJTOL;ZETXAB
101487688149,2,2,2,1,1,6,Ru,Cl;Cl;Cl;[H]C([H])([H])C#N;[H]C1NC(C2NC([H])C([H])C([H])C2[H])C([H])C([H])C1[H],0.0,0.02,False,DOKVEE;DOKVEE01
519119574818,2,2,2,2,1,5,Cu,[H]N([H])C(=O)C([H])([H])C([H])([H])N1C([H])([H])C([H])([H])N(C([H])([H])C([H])(,0,0,False,DOLCAL;FEXLIG
259659639551,3,3,3,1,1,6,Co,[H]N([H])C([H])([H])C(=O)O;[H]N([H])C([H])([H])C([H])([H])N([H])[H];[H]N([H])C([,0,0,False,DOLTIH;DOLTON;EGULIC
583505830462,2,2,2,2,1,3,Zn,Br;[H]C([H])([H])N(C([H])([H])[H])C([H])([H])C([H])([H])N(C([H])([H])[H])C([H])(,0,0,False,DORBOE;ULISAK
503486937739,2,2,2,1,1,3,Ag,[H]C([H])([H])C([H])(C([H])([H])[H])P(=[Se])(C([H])(C([H])([H])[H])C([H])([H])[H,0,0,False,DOXXAR;DUDRIF
563061193584,2,2,2,1,1,6,Ni,[H]C1C([H])C(OC([H])([H])C(=O)O)C(Cl)C([H])C1Cl;[H]C1C([H])C(OC([H])([H])C(=O)O),0.0,0.45,False,DUCPEX;RAHQEY
588291010779,8,8,3,1,1,6,Cr,O=C(O)C(=O)O;O=C(O)C(=O)O;[H]C1NC(C2NC([H])C([H])C([H])C2[H])C([H])C([H])C1[H],0,0,False,DUDXEJ;FACDAO;LAZXUJ;LAZYAQ;LAZYEU;LAZYOE
576984271893,2,2,2,1,1,6,Co,[H]C(=NC1C([H])C([H])C([H])C([H])C1S(=O)(=O)O)C1NC([H])C([H])C([H])C1[H];[H]C(=N,0.0,0.77,False,DUHMUP;GAFMOU
622485779502,2,2,2,1,1,4,Ag,[H]OC1C([H])C([H])C([H])C2C([H])C([H])C([H])NC12;[H]OC1C([H])C([H])C([H])C2C([H],0.0,0.01,False,DUJZAK;DUJZAK01
301928262582,2,2,2,2,2,4,Au,Sc1nc(I)sc1S;Sc1nc(I)sc1S,0.0,8.98,False,DUMCIA;DUMCOG
128069018804,2,2,2,2,1,6,Ni,Cl;Cl;[H]C1C([H])C2NC(C1[H])C([H])([H])SC([H])([H])C1NC(C([H])C([H])C1[H])C([H]),0.0,5.86,False,DUSSAL;DUSSAL01
308771009193,3,3,2,2,1,2,Zn,[H]C([H])C([H])([H])[H];[H]C([H])C([H])([H])[H],0,0,False,DUTVUJ10;ESOGEA;SAJDAK
896502127846,2,2,2,1,1,6,Ni,N=C=S;N=C=S;[H]C1NC([H])C([H])C(C2C([H])C([H])C([H])C([H])C2[H])C1[H];[H]C1NC([H,0.0,0.34,False,DUTXAR13;SEZKUF
189474261671,2,2,2,2,2,5,Zn,Br;[H]C1NC(C(=NC([H])([H])C([H])([H])C([H])([H])N=C(C2NC([H])C([H])C([H])C2[H])C,0.0,3.73,False,DUVHEJ;QITTIY
878132452280,2,2,2,1,1,5,Zn,N=N=N;[H]C1NC(C(=NC([H])([H])C([H])([H])C([H])([H])N=C(C2NC([H])C([H])C([H])C2[H,0.0,0.02,True,DUVHOT;QITTOE
648707269404,4,4,2,2,1,6,V,O;O=S(=O)(O)O;[H]c1c(C([H])([H])[H])nn(C2NC(N(C([H])([H])C([H])([H])[H])C([H])([,0,0,False,DUVSAQ;DUWLAK;DUWLEO;KOVDUW
802691794633,2,2,2,1,1,4,Ti,Cl;Cl;[H]C1C(C([H])(C2C([H])C(C(C([H])([H])[H])(C([H])([H])[H])C([H])([H])[H])C(,0.0,0.01,False,EBEQAD;EBEQAD01
112395931065,3,3,3,1,1,4,Ni,[H]N=C(N([H])[H])N([H])C(=NC([H])([H])C([H])([H])N=C(N([H])[H])N([H])C(=N[H])N([,0.0,0.03,False,EBGUNI;EBGUNI12;EBGUNI13
549813863975,3,3,2,2,1,5,Cu,[H]C1C(C(=O)O)NC(C(=O)O)C([H])C1[H];[H]O[H];[H]O[H],0,0,False,ECAFIX08;ECAFIX09;ECAFIX12
794837437853,2,2,2,2,2,4,Pd,[H]C1C([H])C([H])C(N([H])C([H])([H])[H])C(N([H])[H])C1[H];[H]C1C([H])C([H])C(N([,0.0,9.91,False,ECEVAJ;ECEVAJ01
356251706552,2,2,2,2,1,6,Cu,[H]C1NC(C2NC([H])C([H])C([H])C2[H])C([H])C([H])C1[H];[H]OC([H])([H])C([H])([H])N,0,0,False,ECEZUH;XIPGUY
361028127675,2,2,2,1,1,6,Ni,[H]C([H])([H])C(=O)O;[H]C([H])([H])C(=O)O;[H]OC([H])([H])C([H])([H])N(C([H])([H],0.0,0.01,False,ECISIS;ECISIS01
13946070091,2,2,2,1,1,6,Cr,O=C(O)C(=O)O;[H]C1NC2C3NC([H])C([H])C([H])C3C([H])C([H])C2C([H])C1[H];[H]C1NC2C3,0,0,False,ECOBEF;WASRUE
943643564659,5,5,4,1,1,6,Cr,O=C(O)C(=O)O;O=C(O)C(=O)O;[H]C1NC2C3NC([H])C([H])C([H])C3C([H])C([H])C2C([H])C1[,0,0,False,ECOBIJ;LAZYUK;QATHIC;QATHOI;QODYUD
838020388754,2,2,2,1,1,3,Pt,[H]C1C(OP(C(C([H])([H])[H])(C([H])([H])[H])C([H])([H])[H])C(C([H])([H])[H])(C([H,0,0,False,ECOQIA;TUSMAY
572436632729,2,2,2,1,1,2,Ni,[H]C1C([H])C([H])C2C(C1[H])N(C([H])([H])P(C(C([H])([H])[H])(C([H])([H])[H])C([H],0,0,False,ECOQOG;OJOQIQ
4154457327,3,3,3,1,1,3,Pt,Cl;[H]C([H])([H])C([H])([H])P(C([H])([H])C([H])([H])[H])C([H])([H])C([H])([H])[H,0,0,False,ECUGUE;WIQQAQ;WIQQEU
588927761800,5,5,4,1,1,3,Cu,[H]C1C([H])C([H])C(P(C2C([H])C([H])C([H])C([H])C2[H])C2C([H])C([H])C([H])C([H])C,0,0,False,EDICOL;FEPVUU;GOXLIR;LIVNUC;WADNIZ
450219305142,2,2,2,2,1,2,Fe,[H]C1=C([H])N(C([H])(C([H])([H])[H])C([H])([H])[H])CN1C([H])(C([H])([H])[H])C([H,0,0,False,EDIFAB;EDIFEF
356275395010,3,3,2,2,1,6,Cu,O=N(O)O;[H]C1NC2C3NC([H])C([H])C([H])C3C([H])C([H])C2C([H])C1[H];[H]C1NC2C3NC([H,0,0,False,EDUPOK;PEYWEW;XUQNIK
546976938194,2,2,2,1,1,3,Os,[H]C1C([H])C(P(C([H])(C([H])([H])[H])C([H])([H])[H])C([H])(C([H])([H])[H])C([H]),0,0,False,EFASIR;JAWSOS
413169091893,2,2,2,2,1,2,Pd,[H]C([H])([H])C(N#C)(C([H])([H])[H])C([H])([H])[H];[H]C([H])([H])C(N#C)(C([H])([,0,0,False,EFIHEJ;REWMEL
347775448625,2,2,2,1,1,6,Zn,N#CNC#N;N#CNC#N;[H]C1NC([H])C([H])C(C2=N(O)C(C([H])([H])[H])(C([H])([H])[H])C(C(,0.0,0.24,False,EFOSIC;EFOSIC01
902627758151,3,3,3,1,1,3,Ag,[H]C1C(C(F)(F)F)NN(B([H])(N2NC(C(F)(F)F)C([H])C2C(F)(F)F)N2NC(C(F)(F)F)C([H])C2C,0,0,False,EGAQOS;UFUJEK;XAFYEI
458257564363,2,2,2,1,1,3,Co,[H]C1C(P(C([H])(C([H])([H])[H])C([H])([H])[H])C([H])(C([H])([H])[H])C([H])([H])[,0,0,False,EGATUE;EGAVAM
637978883047,2,2,2,1,1,4,Zn,[H]C([H])([H])N(C([H])([H])[H])C([H])([H])C([H])([H])N(C([H])([H])[H])C([H])([H],0.0,0.08,False,EGEDUS;EGEFAA
98339179995,8,8,8,1,1,2,Zn,[H]C1C([H])C(C([H])(C([H])([H])[H])C([H])([H])[H])C(NC(C([H])C(NC2C(C([H])(C([H],0,0,False,EGOYEE;KACCIF;NOXJUJ;TOVSIJ;ULISOY;XUJREA
282391536965,2,2,2,1,1,2,Ag,[H]N([H])C(=NC#N)N([H])[H];[H]N([H])C(=NC#N)N([H])[H],0,0,False,EHINAK;EHINEO
684104105558,2,2,2,1,1,2,Ag,[H]C1C([H])C([H])C2C(N=C(C([H])([H])N([H])C3C([H])C([H])C(OC([H])([H])[H])C([H]),0,0,False,EHIZUU;KACLIO
689184997008,2,2,2,1,1,4,Pd,Cl;Cl;[H]C1=C([H])N(C([H])([H])C2C([H])C([H])C([H])C([H])C2[H])CN1C([H])([H])C1C,0.0,0.01,False,EHOPUN;EHOPUN01
503084673698,4,4,2,1,1,6,Zn,ONO;[H]C1NC(C2NC([H])C([H])C([H])C2[H])C([H])C([H])C1[H];[H]C1NC(C2NC([H])C([H]),0,0,False,EJOTIG;EJOTIG01;EJOTIG02;LEXGUT
34677941554,4,4,4,3,1,2,Ni,[H]C([H])([H])P(C([H])([H])[H])C([H])([H])[H];[H]C([H])([H])P(C([H])([H])[H])C([,0,0,False,EKINES;HACBEU;JEKMUK;ULUSAZ
403539581604,2,2,2,2,1,2,Pd,[H]C([H])([H])P(C([H])([H])[H])C([H])([H])[H];[H]C([H])([H])P(C([H])([H])[H])C([,0,0,False,EKINIW;ETALUG
505003922598,3,3,2,2,1,6,Ru,[H]C1C([H])C([H])C(P(C2C([H])C([H])C([H])C([H])C2[H])C2C([H])C([H])C([H])C([H])C,0,0,False,ENESEV;IFOQEC;KALHUB
145775288839,4,4,4,1,1,3,Mo,C#O;C#O;C#O,0,0,False,ENEWOJ;TADLEQ;TALZIQ;ZUXMAG
400464420051,2,2,2,1,1,3,W,C#O;C#O;C#O,0,0,False,ENEXAW;GERMIA
338553214846,2,2,2,1,1,5,Co,I;I;[H]C([H])([H])OC([H])([H])C([H])([H])OC([H])([H])C([H])([H])OC([H])([H])[H],0.0,0.09,False,ENORIJ;ENORIJ01
344096209464,2,2,2,2,1,3,Pt,Cl;Cl;[H]C([H])([H])S(=O)C([H])([H])[H],0,0,False,EPECEI;KEVJON
447394056860,2,2,2,1,1,6,Co,Cl;Cl;[H]C1NC2C3NC([H])C([H])C([H])C3C([H])C([H])C2C([H])C1[H];[H]C1NC2C3NC([H]),0,0,False,EQIMUO;QQQEPV01
178641607394,2,2,2,1,1,3,Ir,[H]C1C([H])C(C([H])([H])P(C(C([H])([H])[H])(C([H])([H])[H])C([H])([H])[H])C(C([H,0,0,False,EQOWUD;RELYAI
352187386271,2,2,2,1,1,2,Ag,[H]C1NC([H])C([H])C(C([H])([H])[H])C1[H];[H]C1NC([H])C([H])C(C([H])([H])[H])C1[H,0,0,False,EROFAV;PIVLUE
831012183805,2,2,2,1,1,4,Ni,[H]C1C([H])C([H])C(C(=NC([H])(C(=O)O)C([H])([H])C2([H])C([H])([H])C2([H])[N+](=O,0,0,False,ERUQUD;ERURIS
813425570259,2,2,2,2,1,2,Zn,FC1CC(F)C(F)C(F)C1F;FC1CC(F)C(F)C(F)C1F,0,0,False,ESOGOK;HITPUV
512373956933,2,2,2,2,1,6,Co,OC1C(O)C(Br)C(Br)C(Br)C1Br;OC1C(O)C(Br)C(Br)C(Br)C1Br;[H]C1NC([H])C([H])C([H])C1,0,0,False,ESUNUD;ESUPAL
127692615324,2,2,2,1,1,4,Pt,[H]C([H])C(=O)C([H])([H])[H];[H]C1NC(C2NC(C3NC([H])C([H])C([H])C3[H])C([H])C([H],0.0,0.02,False,ESUWUN;ESUXAU
369071947340,2,2,2,1,1,4,Rh,C#O;[H]OC1C([H])C([H])C([H])C(C([H])([H])P(C2C([H])C([H])C([H])C([H])C2[H])C2C([,0.0,0.01,False,ETIPAZ;ETIQAA
387868498643,2,2,2,1,1,6,Co,Cl;[H]OC1([H])C([H])([H])N([H])C([H])([H])C([H])([H])N([H])C([H])([H])C(N([H])[H,0,0,False,EVABOS;EVABUY
943825944571,2,2,2,1,1,3,Cu,[H]C([H])([H])C#N;[H]C1NC2C(N=C3N(C([H])([H])[H])C([H])([H])C([H])([H])N3C([H])(,0,0,False,EVETIK;QOSVEB
884877855860,2,2,2,1,1,6,Ni,[H]C1NC(NS(=O)(=O)C2C([H])C([H])C(N([H])[H])C([H])C2[H])NC([H])C1[H];[H]C1NC(NS(,0,0,False,EXUDIM;RUGVUL
307646460566,8,8,6,3,1,2,Os,[H]C([H])([H])C([H])(P(C([H])(C([H])([H])[H])C([H])([H])[H])C([H])(C([H])([H])[H,0,0,False,EXULEO;FEYREJ;FEYRIN;FEYROT;FEYRUZ;HOMKAV
674491388201,2,2,2,2,1,6,Co,N=N=N;N=N=N;[H]C1NC(C(=NC([H])([H])C([H])([H])C([H])([H])C([H])([H])N=C(C2NC([H],0,0,False,EZASUU;EZASUU01
980812522567,3,3,2,2,1,6,Zn,O=N(O)O;[H]C1NC(N([H])C2NC([H])C([H])C([H])C2[H])C([H])C([H])C1[H];[H]C1NC(N([H],0,0,False,EZIKAC;INENOH;XIVYIL
448284365163,3,3,3,1,1,6,Co,[H]C1NC([H])C(N([H])C(=O)N([H])C2C([H])C([H])C(C([H])([H])[H])C([H])C2[H])C([H]),0.0,0.13,False,EZULAM02;EZULAM04;EZULAM05
371373123534,3,3,2,1,1,2,Pt,[H]C([H])([H])C([H])(P(C([H])(C([H])([H])[H])C([H])([H])[H])C([H])(C([H])([H])[H,0,0,False,FADREH;FEFBEZ;FEFBOJ
975336868944,2,2,2,1,1,2,Pd,[H]C([H])(P(C1([H])C([H])([H])C([H])([H])C([H])([H])C([H])([H])C1([H])[H])C1([H],0,0,False,FAFFEB;MICFOT
215644603815,2,2,2,2,1,6,Cu,[H]C1=C(O)C(=O)C2C([H])C([H])C([H])C([H])C2C1=O;[H]C1=C(O)C(=O)C2C([H])C([H])C([,0.0,1.35,False,FAHNAE;FAHNAE01
928759644101,2,2,2,1,1,6,Co,O=N=O;O=N=O;[H]N([H])C([H])([H])C([H])([H])N([H])C([H])([H])C([H])([H])N([H])C([,0,0,False,FAMKUZ;WONGUB
979480131974,3,3,3,3,1,3,Os,[H]C1C([H])C([H])C(P(C([H])([H])[H])C([H])([H])[H])C([H])C1[H];[H]C1C([H])C([H]),0,0,False,FANVAR;THMPOS01;YELZOE
869710606304,3,3,2,1,1,4,Pd,[H]C1([H])SC([H])([H])C([H])([H])SC([H])([H])C([H])([H])SC1([H])[H];[H]C1([H])SC,0.0,0.01,False,FAPBAZ;NIDQOG;UHAPAU
516902863292,3,3,2,2,1,3,Pt,[H]C([H])(P(C1([H])C([H])([H])C([H])([H])C([H])([H])C([H])([H])C1([H])[H])C1([H],0,0,False,FARLOZ;FARLOZ10;VETFAB
611145392734,2,2,2,1,1,2,Ti,[H]C([H])([H])OC([H])([H])C([H])([H])OC([H])([H])[H],0,0,False,FATMIW;FATMIW01
525752849591,2,2,2,2,1,2,Pd,I;I,0,0,False,FAVGOY;GIJMUJ
723443118483,2,2,2,2,2,4,Cu,[H]OC([H])([H])C1C([H])NC(C([H])([H])[H])C(O)C1C([H])=NC([H])([H])C([H])([H])C1=,0.0,8.02,False,FAWBAG;FAWBAG01
786816970992,2,2,2,2,1,6,Ru,Cl;[H]C1NC(C([H])([H])N(C([H])([H])C2NC([H])C([H])C([H])C2[H])C([H])(C2NC([H])C(,0,0,False,FAYLEX;MIKPUU
779330187607,2,2,2,2,2,4,Au,FC1CC(F)C(F)C(F)C1F;FC1CC(F)C(F)C(F)C1F;FC1CC(F)C(F)C(F)C1F;FC1CC(F)C(F)C(F)C1F,0.0,8.42,False,FEBWOY;FEBWOY01
295651448223,2,2,2,1,1,6,Ni,[H]C([H])([H])C(=O)O;[H]C([H])([H])C(=O)O;[H]OC([H])([H])C([H])([H])C1NC([H])C([,0.0,0.3,False,FEFWIY;FEFWIY01
274628767502,5,5,5,1,1,3,Fe,[H]C([H])([H])P(C([H])([H])[H])C([H])([H])[H];[H]C([H])([H])P(C([H])([H])[H])C([,0,0,False,FEGGEH;FEGGIL;GEMFEN;GEMFIR;GEMFUD
410033912582,2,2,2,1,1,3,Ni,[H]C([H])([H])[Si](N[Si](C([H])([H])[H])(C([H])([H])[H])C([H])([H])[H])(C([H])([,0,0,False,FEHVEX;FEHVOH
719197429111,2,2,2,1,1,4,Pd,Cl;Cl;[H]c1nc([H])n(C2C([H])C([H])C([H])C([H])C2[H])c1[H];[H]c1nc([H])n(C2C([H]),0.0,0.01,False,FELQIY;FELQIY01
894498032761,2,2,2,1,1,6,Ni,[H]C(=NC1C([H])C([H])C([H])C([H])C1OC([H])([H])C([H])([H])OC1C([H])C([H])C([H])C,0.0,1.5,False,FENROI;FENROI01
724036033566,9,9,2,1,1,4,Pd,[H]C(C(O)C([H])([H])[H])C(O)C([H])([H])[H];[H]C1CC(C([H])(N([H])[H])C([H])([H])[,0.0,0.01,False,FENTIC;RECGIT;RECGIT01;RECGIT02;RECGIT03;RECGIT04
940373701081,2,2,2,1,1,6,Fe,[H]c1nnnn1C([H])([H])[N+](=O)[O-];[H]c1nnnn1C([H])([H])[N+](=O)[O-];[H]c1nnnn1C(,0.0,0.02,False,FEQCEN;FEQCEN01
479358735343,2,2,2,1,1,6,Fe,N=C=S;N=C=S;[H]C1NC([H])C(C(=O)N([H])[H])C([H])C1[H];[H]C1NC([H])C(C(=O)N([H])[H,0.0,0.05,False,FESWIM;LESDOG
963124146828,3,3,2,2,2,4,Ni,F;FC1CC(F)C(F)C(I)C1F;[H]C([H])([H])C([H])([H])P(C([H])([H])C([H])([H])[H])C([H],0.0,8.44,False,FEVQUV;FEVQUV01;FEVQUV02
450442540297,2,2,2,1,1,3,Zn,[H]C1C([H])C([H])C(B(C2=NC(C([H])([H])[H])(C([H])([H])[H])C([H])([H])O2)(C2=NC(C,0,0,False,FEWLEA;OKIBAM
631156013495,2,2,2,1,1,3,Cu,Cl;[H]C1C([H])C([H])C(P(C2C([H])C([H])C([H])C([H])C2[H])C2C([H])C([H])C([H])C([H,0,0,False,FEYPEE;KOTLAI
863439089861,5,5,5,2,1,2,Ni,[H]C([H])([H])C1=C(C([H])([H])[H])N(C([H])(C([H])([H])[H])C([H])([H])[H])CN1C([H,0,0,False,FEZKII;LOBHUI;LOBJIY;ULUMIB;WUMPEC
349899689645,2,2,2,1,1,6,Co,O=C(O)O;[H]C1NC(N([H])C2NC([H])C([H])C([H])C2[H])C([H])C([H])C1[H];[H]C1NC(N([H],0,0,False,FEZXEN;UNOCAC
974187821196,3,3,2,2,1,4,Ni,[H]N1C([H])([H])C([H])([H])N([H])C(C([H])([H])[H])(C([H])([H])[H])C([H])([H])C([,0,0,False,FIBHED;PIMHAU;RAPXOW
969296295419,2,2,2,1,1,5,Cu,[H]C([H])([H])C(O)O;[H]C([H])([H])N(C([H])([H])[H])C([H])([H])C([H])([H])N(C([H],0,0,False,FIHWEZ;FIHWEZ02
912969251169,3,3,3,1,1,6,Ru,[H]C([H])([H])C#N;[H]C([H])([H])C#N;[H]C([H])([H])C#N;[H]C([H])([H])C#N;[H]C([H],0.0,0.21,False,FILDEL;FILDEL01;PUHSOB
646554830220,2,2,2,1,1,6,Co,[H]C1NC(c2nnn(C([H])([H])C(=O)O)n2)C([H])C([H])C1[H];[H]C1NC(c2nnn(C([H])([H])C(,0.0,0.34,False,FINZOT;FINZOT01
885315498262,2,2,2,1,1,6,Ni,Cl;Cl;[H]C([H])([H])S(=O)C([H])([H])[H];[H]C([H])([H])S(=O)C([H])([H])[H];[H]OC(,0.0,0.47,False,FIPHEU;FIPHEU01
553785503723,2,2,2,2,1,3,Pd,[H]C1C([H])C([H])C(P(C2C([H])C([H])C([H])C([H])C2[H])C2C([H])C([H])C([H])C([H])C,0,0,False,FIPQEC;FIPQEC01
523243040203,2,2,2,1,1,3,Pd,[H]C1C(OP(C(C([H])([H])[H])(C([H])([H])[H])C([H])([H])[H])C(C([H])([H])[H])(C([H,0,0,False,FIRCOB;SINVAO
90647510289,6,6,6,2,1,3,Ir,[H]C1C(OP(C(C([H])([H])[H])(C([H])([H])[H])C([H])([H])[H])C(C([H])([H])[H])(C([H,0,0,False,FOBCOS01;FOBCOS02;FOBCOS03;JOKWUC;POBMUP;SACFEK
119744262165,2,2,2,1,1,4,Pd,Cl;Cl;[H]C1NC(P(C2NC([H])C([H])C([H])C2[H])C2C([H])C([H])C([H])C([H])C2[H])C([H],0.0,0.01,False,FONFET;FONFET01
455338188530,3,3,3,2,1,3,Fe,[H]C1C([H])C(N(P(C([H])(C([H])([H])[H])C([H])([H])[H])C([H])(C([H])([H])[H])C([H,0,0,False,FOQLUV;XEHCEV;XEHCOF
270321991256,2,2,2,1,1,4,Ni,[H]C1NC(C([H])([H])C([H])([H])N2C([H])([H])C([H])([H])N(C([H])([H])C([H])([H])C3,0,0,False,FORGAX;FORGAX01
850008698847,2,2,2,2,1,2,Ni,C#O;C#O,0,0,False,FOTNAG;YAZCAD
136621731793,2,2,2,1,1,3,Pt,[H]C([H])([H])C#N;[H]C([H])([H])C(P(C(C([H])([H])[H])(C([H])([H])[H])C([H])([H]),0,0,False,FOTQUE;OXACOH
29291638506,2,2,2,2,1,3,Pt,[H]C([H])([H])C(P(C(C([H])([H])[H])(C([H])([H])[H])C([H])([H])[H])C(C([H])([H])[,0,0,False,FOTRAL;SOKNIS
511536417995,2,2,2,1,1,3,Cu,Br;[H]C1C([H])C([H])C(N([H])C(=S)N([H])C2C([H])C([H])C([H])C([H])C2[H])C([H])C1[,0,0,False,FOWCAW;FOWCAW01
525926590488,2,2,2,1,1,3,Cu,I;[H]C1C([H])C([H])C(P(C2C([H])C([H])C([H])C([H])C2[H])C2C([H])C([H])C([H])C([H],0,0,False,FOXVUJ;FOXVUJ01
877666694595,2,2,2,2,2,4,Fe,[H]C1=C([H])c2nc1c(C1C([H])C([H])C([H])C([H])C1[H])c1[nH]c(c([H])c1[H])c(C1C([H],0.0,8.57,False,FTPNTF10;TPORFE01
817038239687,2,2,2,1,1,6,Ni,[H]OC1C([H])C([H])C([H])C([H])C1C([H])([H])N([H])C([H])(C(=O)O)C([H])([H])C(=O)N,0.0,0.01,False,FUDMIB;FUDMIB01
626203175820,5,5,2,1,1,6,Co,N=N=N;N=N=N;[H]N([H])C([H])([H])C([H])([H])N([H])[H];[H]N([H])C([H])([H])C([H])(,0,0,False,FUDZUA;LIKMOL;VODJAA;XIBPEF;YASLIO
158137529215,2,2,2,2,1,6,Mn,[H]C1NC(c2nc(C3C([H])C([H])NC([H])C3[H])n[nH]2)C([H])C([H])C1[H];[H]C1NC(c2nc(C3,0.0,1.81,False,FUFGIX;FUFGIX01
500380660097,2,2,2,1,1,6,Mn,[H]C1NC(c2nc(C3C([H])C([H])NC([H])C3[H])n[nH]2)C([H])C([H])C1[H];[H]C1NC(c2nc(C3,0.0,1.93,False,FUFGOD;FUFGOD01
806340012612,3,3,3,2,1,6,Ni,[H]OC(=O)c1c(C(=O)O)nc(C([H])([H])[H])n1[H];[H]OC(=O)c1c(C(=O)O)nc(C([H])([H])[H,0.0,1.31,False,FUFVOS;FUFVOS02;FUFVOS04
385395980775,2,2,2,2,1,6,Co,O=N=O;O=N=O;[H]N([H])C([H])([H])C([H])([H])N([H])C([H])([H])C([H])([H])N([H])C([,0,0,False,FUGCOZ;XISJIS
901951739750,2,2,2,1,1,6,Ti,[H]C([H])([H])P(C([H])([H])[H])C([H])([H])C([H])([H])P(C([H])([H])[H])C([H])([H],0.0,0.82,False,FUHGAQ;FUHGAQ01
709864340651,2,2,2,1,1,3,Cu,Cl;[H]c1c([H])n(C([H])([H])[H])c(=S)n1C([H])([H])[H];[H]c1c([H])n(C([H])([H])[H],0,0,False,FUJSAF;FUJSAF01
41773988829,3,3,3,1,1,3,Ir,[H]C1C([H])C([H])C(P(C2C([H])C([H])C([H])C([H])C2[H])C2C([H])C([H])C([H])C([H])C,0,0,False,FULNEI;HTPIRB;UXAJEK
377716970984,2,2,2,1,1,6,Cd,[H]O[H];[H]O[H];[H]O[H];[H]O[H];[H]c1c([N+](=O)[O-])c(=O)c([N+](=O)[O-])c([H])n1,0.0,0.2,False,FULSEL;FULSEL01
760957524807,6,6,6,1,1,6,Mn,[H]C1NC([H])C([H])C(C(=O)O)C1[H];[H]C1NC([H])C([H])C(C(=O)O)C1[H];[H]O[H];[H]O[H,0.0,0.88,False,FULXUF;FULXUF01;FULXUF02;FULXUF04;FULXUF05;FULXUF06
801515024210,4,4,2,2,1,6,Cu,[H]C1NC2C3NC([H])C([H])C([H])C3C(=O)C2C([H])C1[H];[H]C1NC2C3NC([H])C([H])C([H])C,0,0,False,FUNNEJ;FUNPUB;FUNPUB01;NOQWUL
361294855006,2,2,2,1,1,5,V,O;O;[H]C(=NN([H])C(=O)C([H])([H])[H])C1C([H])C([H])C([H])C([H])C1O,0.0,0.02,False,FUNNIO;FUNNIO01
624207054588,5,5,2,1,1,6,Fe,[H]C(=NC([H])([H])C([H])([H])N(C([H])([H])C([H])([H])N=C([H])c1nc([H])c([H])s1)C,0,0,False,FUNSIU;FUNSIU01;OSABOB01;OSACAO;OSACES
932286957572,3,3,2,2,1,6,Cu,[H]N1C([H])([H])C([H])([H])N([H])C([H])([H])C([H])([H])N([H])C([H])([H])C1([H])[,0,0,False,FUPJEF;KIQNAZ;KIQNAZ01
219734146342,3,3,2,1,1,6,Fe,[H]C1NC2C3NC([H])C([H])C([H])C3C([H])C([H])C2C([H])C1[H];[H]C1NC2C3NC([H])C([H]),0,0,False,FUTDOO;YEVHUF;YICKIF
813672306003,2,2,2,1,1,6,Ni,[H]OC1C([H])C([H])C([H])C([H])C1C(=O)O;[H]OC1C([H])C([H])C([H])C([H])C1C(=O)O;[H,0.0,0.24,False,FUWCOP;FUWCOP01
120587933645,5,5,3,1,1,5,Cu,O=C(O)C(=O)O;O=C(O)C(=O)O;[H]O[H],0,0,False,GAHKAE;GAHKAE01;GAWHOC;GAWHOC01;UDIJEX
198784017120,3,3,2,1,1,4,Pt,Cl;Cl;[H]C1C([H])C([H])C(P(C2C([H])C([H])C([H])C([H])C2[H])C([H])([H])C([H])([H],0.0,0.12,False,GAKSAO;LALYON;LALYON01
569488757107,3,3,3,1,1,3,Ru,[H]C1C([H])C([H])C(P(C2C([H])C([H])C([H])C([H])C2[H])C([H])([H])B(C2C([H])C([H]),0,0,False,GAMZEB;GAMZOL;YANYUK
67641006151,2,2,2,1,1,4,Fe,[H]C([H])([H])C([H])([H])P(C([H])([H])C([H])([H])[H])C([H])([H])C([H])([H])P(C([,0.0,0.02,False,GAMZIE;GAMZIE01
18406105755,2,2,2,1,1,4,Ni,[H]C(=NC([H])([H])c1oc([H])c([H])c1[H])C1C([H])C([H])C([H])C([H])C1O;[H]C(=NC([H,0.0,0.01,False,GASZUW;GASZUW01
10902989991,2,2,2,1,1,4,Fe,Cl;Cl;[H]C1C([H])C([H])C(P(C2C([H])C([H])C([H])C([H])C2[H])C2C([H])C([H])C([H])C,0.0,0.02,False,GATXOP;GATXOP01
950969129437,2,2,2,2,1,6,Cu,O=N(O)O;O=N(O)O;[H]C1NC(C2NC([H])C([H])C([H])C2[H])C([H])C([H])C1[H],0,0,False,GEBZAO01;JINBIU
87522424258,4,4,4,1,1,3,Ag,[H]C1C([H])C([H])C(P(C2C([H])C([H])C([H])C([H])C2[H])C2C([H])C([H])C([H])C([H])C,0,0,False,GEFJIL;GEFJOR;GEFJOR01;VOWJEA
468429215343,2,2,2,1,1,6,Co,[H]O[H];[H]O[H];[H]O[H];[H]O[H];[H]c1nc2c([nH]1)c(=O)n(C([H])([H])[H])c(=O)n2C([,0.0,0.01,False,GEHZOL;GEHZOL02
316374353989,2,2,2,1,1,6,Ni,N=C=S;N=C=S;[H]C1NC([H])C([H])C(C(=O)N([H])[H])C1[H];[H]C1NC([H])C([H])C(C(=O)N(,0.0,0.03,False,GEKSOI;GEKSUO
170927651169,2,2,2,1,1,4,Ni,Cl;[H]c1c(C([H])([H])P(C2C([H])C([H])C([H])C([H])C2[H])C2C([H])C([H])C([H])C([H],0.0,0.02,False,GENYIJ;GENYIJ01
578182934465,2,2,2,1,1,6,Co,[H]C(=O)N(C([H])([H])[H])C([H])([H])[H];[H]C(=O)N(C([H])([H])[H])C([H])([H])[H];,0.0,0.14,False,GEPBEI;GEPBEI01
434668430898,3,3,3,1,1,4,W,[SeH2];[SeH2];[SeH2];[SeH2],0.0,0.2,False,GEPFOW;QENVAJ;QENVEN
31886305733,2,2,2,1,1,4,Co,[H]C([H])([H])OP(OC([H])([H])[H])OC([H])([H])[H];[H]C([H])([H])OP(OC([H])([H])[H,0.0,0.35,False,GEPZEG;GEPZEG01
542680128186,2,2,2,1,1,6,Co,[H]C(=NC([H])([H])C([H])([H])N(C([H])([H])C([H])([H])N=C([H])C1NC([H])C([H])C([H,0.0,0.0,False,GERQIG;TRPYCO
880953430928,2,2,2,2,1,6,Cu,[H]C1NC(C2NC(C3NC([H])C([H])C([H])C3[H])C([H])C(C(=O)O)C2[H])C([H])C([H])C1[H];[,0.0,4.07,True,GEXROS;GEXROS01
65647635332,3,3,3,3,1,2,Fe,[H]C([H])([H])C1=C(C([H])([H])[H])N(C([H])(C([H])([H])[H])C([H])([H])[H])CN1C([H,0,0,False,GIBZOK;GICPER;GICPIV
458563664035,2,2,2,2,1,4,Cu,[H]C([H])([H])N(C([H])([H])[H])C([H])(C(=O)O)C([H])(C([H])([H])[H])C([H])([H])[H,0,0,False,GIFBOM;TEDSUQ
127823125937,2,2,2,1,1,6,Fe,[H]C(=NC([H])([H])C([H])([H])N(C([H])([H])C([H])([H])N=C([H])c1nc([H])c([H])n1C(,0,0,False,GIGGUA02;GIGGUA07
521472886791,2,2,2,1,1,4,Cu,[H]C1C([H])C([H])C(P(C2C([H])C([H])C([H])C([H])C2[H])C2C([H])C([H])C([H])C([H])C,0.0,0.01,False,GIMLIY;GIMLIY01
594633226785,2,2,2,2,1,3,Os,[H]C([H])([H])C([H])(P(C([H])(C([H])([H])[H])C([H])([H])[H])C([H])(C([H])([H])[H,0,0,False,GIXMEG;GIXMIK
831489496590,3,3,2,2,2,4,Pt,[H]C1C([H])C(C([H])([H])[H])C([H])C([H])C1C#C;[H]C1C([H])C(C([H])([H])[H])C([H]),0.0,8.58,False,GIYFUR;GIYFUR01;GIYFUR02
234865002285,5,5,3,2,2,4,Co,[H]c1c2nc(c([H])c3[nH]c(c([H])c4nc(c([H])c5[nH]c1c(C([H])([H])C([H])([H])[H])c5C,0.0,8.62,False,GIZTIS;HECZIY;HEZHEA;LUTQAV;QECBIL
675528006639,2,2,2,2,2,4,Ni,[H]C(S)=C(S)C1C([H])C([H])C(Cl)C([H])C1[H];[H]C(S)=C(S)C1C([H])C([H])C(Cl)C([H]),0.0,8.34,False,GOBVID;GOBVOJ
901179078140,3,3,3,1,1,3,Cu,Br;Br;[H]C1C([H])C([H])C(P(C2C([H])C([H])C([H])C([H])C2[H])C2C([H])C([H])C([H])C,0,0,False,GOCDAD;JOMLIG;JOMLUS
322223295369,2,2,2,1,1,3,Zr,[H]C([H])([H])NC([H])([H])[H];[H]C([H])([H])NC([H])([H])[H];[H]C([H])([H])NC([H],0,0,False,GOGKUI;LIPKIE
602070492164,2,2,2,1,1,6,Ni,[H]C(=O)N(C([H])([H])[H])C([H])([H])[H];[H]C(=O)N(C([H])([H])[H])C([H])([H])[H];,0.0,0.05,False,GOHGAN;TEKBIX
487297768786,4,4,2,1,1,4,Ni,[H]C1C([H])C([H])C(C(=NC([H])([H])C(=O)O)C2C([H])C([H])C([H])C([H])C2NC(=O)C2([H,0,0,False,GOLBAK01;GOLBAK02;GOLBAK03;GOLBAK04
30910542110,4,4,4,1,1,6,Ni,Cl;Cl;[H]C(=O)N(C([H])([H])[H])C([H])([H])[H];[H]C(=O)N(C([H])([H])[H])C([H])([H,0.0,0.29,False,GOLHIA;GOLHIA01;GOLHIA02;GOLHIA03
330708296972,5,5,5,1,1,3,Rh,[H]C([H])([H])P(C([H])([H])[H])C([H])([H])[H];[H]C([H])([H])P(C([H])([H])[H])C([,0,0,False,GOPQOR;KETCIW;NOGTOS;WAGKUK;ZIHKAC
817507533143,2,2,2,2,2,4,Cu,[H]C([H])([H])C(O)O;[H]C1C([H])C(C([H])([H])[H])C(NC(C([H])C(NC2C(C([H])([H])[H],0.0,7.29,False,GOPWAL;GOPWAL01
522009569683,2,2,2,1,1,4,Pt,Cl;Cl;[H]OC(=O)C1C([H])NC(C2NC([H])C(C(=O)O[H])C([H])C2[H])C([H])C1[H],0.0,0.01,False,GOTSUH;UGATUT
190025187091,2,2,2,2,1,5,Cu,[H]OC1C([H])C([H])C(C([H])([H])C([H])(C(=O)O)N([H])C([H])([H])C2C([H])C([H])C([N,0,0,False,GOYJOV;GOYJUB
243571954039,3,3,2,2,1,2,Ag,[H]C1C([H])C([H])C(C2NC3C([H])C([H])C([H])C([H])C3NC2C2C([H])C([H])C([H])C([H])C,0,0,False,GUCZUA;GUDBAJ;GUDBEN
349394902948,3,3,3,1,1,3,Ni,[H]C1C([H])C(C([H])([H])P(C(C([H])([H])[H])(C([H])([H])[H])C([H])([H])[H])C(C([H,0,0,False,GUDQEE;SURZIP;SURZIP01
202743819218,2,2,2,1,1,3,Y,[H]C1C(C(C([H])([H])[H])(C([H])([H])[H])C([H])([H])[H])C([H])C(C23C([H])([H])C4(,0,0,False,GUFJID;GUFJOJ
268005327500,2,2,2,1,1,4,Pd,Cl;[H]C([H])[H];[H]C1C([H])C([H])C(P(C2C([H])C([H])C([H])C([H])C2[H])C2C([H])C([,0.0,0.01,False,GUQWOE;GUQWOE01
298100765114,2,2,2,1,1,3,Co,[H]C1=C([H])N(C2C(C([H])([H])[H])C([H])C(C([H])([H])[H])C([H])C2C([H])([H])[H])C,0,0,False,GUQYIC;GUQYOI
980505081604,2,2,2,1,1,2,Zn,[H]C1=C([H])C(=C(c2[nH]c(C3C(C([H])([H])[H])C([H])C(C([H])([H])[H])C([H])C3C([H],0,0,False,GURJUB;GURLOX
272771534068,2,2,2,1,1,4,Zn,[H]C1=C(C([H])([H])[H])C(=C(c2[nH]c(C([H])([H])[H])c([H])c2C([H])([H])[H])C2C(C(,0.0,0.07,False,GUWNIX;GUWNIX01
902150404360,7,7,6,4,1,2,Pt,[H]C([H])([H])C(N#C)(C([H])([H])[H])C([H])([H])[H];[H]C([H])([H])C(N#C)(C([H])([,0,0,False,GUXCOT;GUXDOU;GUXDUA;MOBLEV;MOBLIZ;REWMIP
351435551228,2,2,2,1,1,4,Pd,Cl;Cl;[H]C1C([H])C([H])C(P(C2C([H])C([H])C([H])C([H])C2[H])C2C([H])C([H])C([H])C,0.0,0.0,False,HACGOI;ODOQAB
418391209518,2,2,2,1,1,3,Ni,[H]C([H])([H])C(P(C([H])([H])C([H])([H])P(C(C([H])([H])[H])(C([H])([H])[H])C([H],0,0,False,HAFSUE;XATVAR
346761002940,2,2,2,1,1,4,Cu,[H]OC1([H])C([H])([H])C([H])(N([H])[H])C([H])([H])C([H])(N([H])[H])C1([H])[H];[H,0.0,0.01,False,HAJJIM;SEHYEK
170724132880,2,2,2,1,1,6,Cu,[H]C([H])([H])C#N;[H]C([H])([H])C#N;[H]C1NC2C3NC([H])C([H])C([H])C3C(=O)C2C([H]),0.0,0.16,False,HANXUS;HANYAZ
600846516385,2,2,2,2,1,2,Zn,[H]N([H])[H];[H]N([H])[H],0,0,False,HARTAX;LIHCEM
55295950923,2,2,2,2,1,6,V,O;O=C(O)C(=O)O;[H]C1NC(C2NC([H])C([H])C([H])C2[H])C([H])C([H])C1[H];[H]O[H],0,0,False,HASBEM;RIBXUY
322369374410,2,2,2,1,1,4,Pd,[H]C1C([H])C2CC(C1[H])C([H])([H])SC([H])([H])C([H])([H])OC([H])([H])C([H])([H])O,0.0,0.01,False,HAXSAA;HAXSAA10
979800162738,2,2,2,1,1,6,Ru,Cl;Cl;Cl;Cl;[H]C1([H])N2C([H])([H])P3C([H])([H])N1C([H])([H])N([H])(C2([H])[H])C,0.0,0.19,False,HAYCUG;WELCIZ
750561930519,4,4,4,3,1,3,Ru,C#O;C#O;C#O,0,0,False,HAZGAT;OYOCUC;SIXQEV;YINNER
695127291779,3,3,2,1,1,4,Cu,[H]OC([H])([H])C([H])([H])N=C([H])C1C([H])C(Br)C([H])C([H])C1O;[H]OC([H])([H])C(,0.0,0.01,False,HEDKUX;HEDKUX01;HEDKUX02
473937961087,2,2,2,2,1,6,Co,O=N(O)O;[H]C([H])([H])N1C([H])([H])C([H])([H])N(C([H])([H])[H])C([H])([H])C([H]),0,0,False,HEDYEX;OREXEQ
370297885157,2,2,2,1,1,6,Ni,[H]N([H])C([H])([H])C1([H])N([H])C(C([H])([H])[H])(C([H])([H])[H])C([H])([H])C([,0,0,False,HELFOT;HELJEN
462595060830,2,2,2,1,1,2,Re,[H]C1C([H])C([H])C(P(C2C([H])C([H])C([H])C([H])C2[H])C2C([H])C([H])C([H])C([H])C,0,0,False,HELVEZ;VETCAY
249544874086,2,2,2,1,1,6,Co,O=C(O)C(=O)O;[H]N([H])C([H])([H])C([H])([H])C([H])([H])N([H])C([H])([H])C([H])([,0,0,False,HEMTEY;HEMTEY01
762965059655,2,2,2,2,1,5,Co,Cl;Cl;[H]C(=NC1C(C([H])(C([H])([H])[H])C([H])([H])[H])C([H])C([H])C([H])C1C([H]),0.0,5.06,True,HEPTEC;HEPTEC01
925386838462,2,2,2,1,1,4,Pd,Cl;[H]c1c(C([H])([H])[H])nn(C([H])([H])C([H])([H])N([H])C([H])([H])C([H])([H])n2,0.0,0.02,False,HESGIW;NOVJIT
142026587537,2,2,2,2,1,5,Cu,[H]C([H])([H])n1c(NC([H])([H])C([H])([H])C([H])([H])Nc2c(N=O)c(=O)n(C([H])([H])[,0,0,False,HEWJUO;YUHMOD
552049092368,2,2,2,1,1,6,Zn,[H]C([H])([H])SC1=C(SC([H])([H])[H])SC(=C2SC(C(=O)O)=C(C(=O)O)S2)S1;[H]C([H])([H,0.0,0.41,False,HEXGEZ;HEXGEZ01
981206026448,2,2,2,2,2,6,Co,[H]c1nn(C2NC(n3nc([H])c([H])c3[H])C([H])C(C(=O)OC([H])([H])[H])C2[H])c([H])c1[H],0.0,1.3,True,HEYWEQ;HEYWEQ01
736937756115,2,2,2,1,1,6,Co,[H]C1C([H])C(C(=O)O)C([H])C([H])C1F;[H]C1C([H])C(C(=O)O)C([H])C([H])C1F;[H]C1NC(,0.0,0.2,False,HIFMUF;HIFMUF01
85183666236,2,2,2,1,1,6,Zn,[H]C(=O)C1C(C([H])([H])[H])C([H])C(C([H])([H])[H])C([H])C1C([H])([H])[H];[H]C(=O,0.0,0.4,False,HIJWUS;HIJYUU
551738868297,2,2,2,1,1,4,Zn,[H]C(=NC1C([H])C([H])C(OC([H])([H])[H])C([H])C1[H])C1C([H])C([H])C([H])C([H])C1O,0.0,0.02,False,HIQBIS;HIQBIS01
44340995934,2,2,2,1,1,6,Ni,[H]N1C([H])([H])C([H])([H])N(C([H])([H])[H])C([H])([H])C([H])([H])C([H])(C([H])(,0.0,0.01,False,HIQGAP;HIQGAP01
337012116744,2,2,2,1,1,6,Co,[H]C1C([H])C([H])C(C(=O)O)C([H])C1[H];[H]C1C([H])C([H])C(C(=O)O)C([H])C1[H];[H]C,0.0,0.38,False,HIQGET;HIQGET01
366250055048,2,2,2,1,1,3,Ag,[H]C1C([H])C([H])C(P(C2C([H])C([H])C([H])C([H])C2[H])C2C([H])C([H])C([H])C([H])C,0,0,False,HIQHEU;NIRJAZ
708860224615,2,2,2,1,1,3,Ag,[H]C1C([H])C([H])C2C(C(=O)NS2(=O)=O)C1[H];[H]C1NC(C2NC([H])C([H])C([H])C2[H])C([,0,0,False,HIQMEA;HIQMEA01
271893398759,2,2,2,1,1,6,Mn,N=C=S;N=C=S;[H]C1NC([H])C([H])C([H])C1[H];[H]C1NC([H])C([H])C([H])C1[H];[H]C1NC(,0.0,0.13,False,HIQWOU;HIQWOU01
718796427643,4,4,3,2,1,4,Ni,[H]N1C([H])([H])C([H])([H])N=C(C([H])([H])[H])C([H])([H])C(C([H])([H])[H])(C([H],0,0,False,HMACNI;MAZTNI02;MAZTNI11;MELFUE
380723617768,2,2,2,2,2,4,Cu,[H]N1C([H])([H])C([H])([H])C([H])([H])C([H])([H])N([H])C(C([H])([H])[H])(C([H])(,0.0,7.51,False,HMTZCV;HMTZCV10
211430110289,2,2,2,1,1,2,Pt,[H]C([H])([H])C([H])([H])P(C([H])([H])C([H])([H])[H])C([H])([H])C([H])([H])P(C([,0,0,False,HOBBEH;VAJNEC
957514114099,2,2,2,1,1,4,Zn,[H]C1([H])OC([H])([H])C([H])([H])C1([H])[H];[H]C1([H])OC([H])([H])C([H])([H])C1(,0.0,0.82,False,HOBHIP;HOBHIP01
66472257554,2,2,2,1,1,3,Ag,[H]C(=NC1C([H])C([H])C([H])C([H])C1F)C1NC2C([H])C([H])C([H])C([H])C2C([H])C1[H];,0,0,False,HOHXEL;HOHXIP
890539342200,2,2,2,1,1,3,Fe,Cl;[H]C1C([H])C(C([H])(C([H])([H])[H])C([H])([H])[H])C(N2CC(C([H])([H])[H])(C([H,0,0,False,HOKXAI;HOKXAI01
968381609230,2,2,2,1,1,4,Ni,[H]C1C([H])C(C(O)=NN=C(C(=NN=C(O)C2C([H])C([H])C(OC([H])([H])[H])C([H])C2[H])C([,0,0,False,HOLVEJ;HOLVEJ01
169092281310,3,3,3,2,1,2,Ir,[H]C([H])([H])C([H])(P(C([H])(C([H])([H])[H])C([H])([H])[H])C([H])(C([H])([H])[H,0,0,False,HOMKID;HOMKOJ;XODSOY
524388886335,2,2,2,1,1,3,Co,[H]C([H])([H])P(C([H])([H])[H])C([H])([H])[H];[H]C1C([H])C([H])C(P(C([H])(C([H]),0,0,False,HONWIU;UPEXOF
515067695138,2,2,2,1,1,6,Zn,[H]C1NC(S(=O)(=O)O)NC(C2C([H])C([H])NC([H])C2[H])C1[H];[H]C1NC(S(=O)(=O)O)NC(C2C,0.0,0.28,False,HOPHOK;HOPHOK01
224193667422,2,2,2,1,1,6,Fe,[H]C1C([H])N(B(N2NC(C([H])([H])[H])C([H])C2[H])(N2NC(C([H])([H])[H])C([H])C2[H]),0.0,0.11,False,HOQFID;SEKLOK
654061635090,2,2,2,1,1,6,Rh,[H]C1=C(C(C([H])([H])[H])(C([H])([H])[H])C([H])([H])[H])C(O)C(O)C(C(C([H])([H])[,0,0,False,HOWBUQ;HOWBUQ01
908184436112,2,2,2,2,1,2,Pt,[H]C([H])([H])OC1C(F)C(F)CC(F)C1F;[H]C([H])([H])OC1C(F)C(F)CC(F)C1F,0,0,False,HOYMIS;HOYNIT
354564708094,3,3,2,1,1,6,Co,[H]N(C([H])([H])C(=O)O)C([H])([H])C(=O)O;[H]N(C([H])([H])C(=O)O)C([H])([H])C(=O),0,0,False,HUPRIW;LORZEY;NAVWUC
667708790980,2,2,2,2,2,4,Cu,[H]N=C(OC([H])([H])C([H])([H])[H])N([H])C(=N[H])N([H])C([H])([H])C([H])([H])[H];,0.0,8.65,False,HURTET;HURVOF
446668482174,2,2,2,1,1,6,Mn,N#CNC#N;N#CNC#N;[H]C([H])=C([H])C([H])([H])n1c([H])nc([H])c1[H];[H]C([H])=C([H]),0.0,0.59,False,HUVPOG;HUVPOG02
571828773639,2,2,2,2,1,6,V,C#N;C#N;[H]C(=NC([H])([H])C([H])([H])N=C([H])C1C([H])C([H])C([H])C([H])C1O)C1C([,0.0,0.41,False,HUWBAF;HUWBEJ
774348412195,2,2,2,2,2,4,Pt,[H]C(C(O)C(C([H])([H])[H])(C([H])([H])[H])C([H])([H])[H])C(O)C(C([H])([H])[H])(C,0.0,9.21,False,HUWYIL;HUWYOR
32411796101,2,2,2,1,1,6,Ni,N#CNC#N;N#CNC#N;[H]C([H])=C([H])C([H])([H])n1c([H])nc([H])c1[H];[H]C([H])=C([H]),0.0,0.06,False,HUXKET;HUXKET02
43958951866,2,2,2,2,1,6,Co,[H]N([H])N([H])C(=O)O;[H]N([H])N([H])C(=O)O;[H]N([H])N([H])[H];[H]N([H])N([H])[H,0.0,1.17,False,HZHCXC;HZHCXC10
847390194926,2,2,2,1,1,6,Co,[H]C1=C([H])c2nc1c(C1C([H])C([H])C([H])C([H])C1[H])c1[nH]c(c([H])c1[H])c(C1C([H],0.0,0.17,False,IBIVOE;WIMHIK
48980476717,2,2,2,1,1,6,Ru,[H]C([H])([H])C#N;[H]C([H])([H])N(C([H])([H])[H])C([H])([H])C([H])([H])N(C([H])(,0.0,0.02,True,IBUKOF;TORJEP
569467751726,2,2,2,1,1,4,Zn,N=N=N;N=N=N;N=N=N;N=N=N,0.0,2.48,False,ICAHIG05;ICAHIG06
588556172475,2,2,2,1,1,4,Ni,S=c1sc(S)c(S)s1;[H]C1([H])OC(S)=C(S)OC1([H])[H],0.0,1.07,False,ICIHUX;ICIHUX01
320082715423,2,2,2,1,1,6,Cd,[H]C1NC([H])C(c2nc(C3C([H])NC([H])C([H])C3[H])n[nH]2)NC1[H];[H]C1NC([H])C(c2nc(C,0.0,0.5,False,IDAVUG;IDAVUG01
122574709830,2,2,2,1,1,6,Co,[H]OC(C([H])([H])C([H])([H])N([H])([H])[H])(P(=O)(O)O[H])P(=O)(O)O[H];[H]OC(C([H,0.0,0.64,False,IDAWIV;IDAWIV01
407750383373,2,2,2,1,1,4,Co,Cl;Cl;[H]C(=NC([H])([H])C([H])([H])N=C([H])C([H])=C([H])C1C([H])C([H])C([H])C([H,0.0,0.04,False,IDOCEK;IDOCEK01
54758440602,3,3,3,2,1,3,Cr,C#O;C#O;C#O,0,0,False,IDOPEW;IDOPIA;VERKEI
690667909971,3,3,3,1,1,4,Cd,N#C[SeH];N#C[SeH];N#C[SeH];N#C[SeH],0.0,1.16,False,IDOWOP;ULIFIE;WUYKAE
694301034437,2,2,2,1,1,4,Pd,[H]C([H])(C(=O)O)C(=O)O;[H]C1NC2C3NC([H])C([H])C([H])C3C([H])C([H])C2C([H])C1[H],0.0,0.62,False,IDULAV;TOPBAD
792559932778,2,2,2,1,1,6,Rh,[H]C([H])(C(=O)O)N(C([H])([H])C([H])([H])C(=O)O)C([H])([H])C([H])([H])C([H])([H],0,0,False,IFASAJ;IFASEN
182241613638,2,2,2,1,1,3,Rh,[H]C1C(P(C([H])(C([H])([H])[H])C([H])([H])[H])C([H])(C([H])([H])[H])C([H])([H])[,0,0,False,IFATIW;UFIDAS
952296798654,2,2,2,2,2,4,Rh,[H]C([H])([H])P(C([H])([H])[H])C([H])([H])C([H])([H])P(C([H])([H])[H])C([H])([H],0.0,7.5,False,IFOGET;XAMXAM
751807428342,4,4,4,2,1,3,Os,C#O;[H]C1C([H])C([H])C(P(C2C([H])C([H])C([H])C([H])C2[H])C2C([H])C([H])C([H])C([,0,0,False,IFOQOJ;KIDDIK;TIJNOP;ZARHIN
502710181459,3,3,2,2,1,3,Ru,C#O;[H]C1C([H])C([H])C(P(C2C([H])C([H])C([H])C([H])C2[H])C2C([H])C([H])C([H])C([,0,0,False,IFOQUP;SUCXUJ;SUCXUJ10
782108477301,2,2,2,1,1,6,Co,[H]C([H])C([H])([H])C#N;[H]C1=C([H])C2(OC3C([H])C([H])C([N+](=O)[O-])C([H])C13)N,0,0,False,IFUPOR;IFUSIO01
122488016928,3,3,3,1,1,3,Cu,Cl;[H]C1([H])C([H])([H])C([H])([H])C([H])(P(C2([H])C([H])([H])C([H])([H])C([H])(,0,0,False,IGEKOU;IGEKOU01;IGEKOU02
304459567918,2,2,2,1,1,4,Ni,N#CC(=S)C(=S)C#N;N#CC(S)C(S)C#N,0.0,0.0,False,IHAQEN02;IHAQEN03
912792608563,2,2,2,1,1,6,Ni,[H]C1C([H])C([H])C(C([H])([H])C(=O)N([H])N([H])[H])C([H])C1[H];[H]C1C([H])C([H]),0,0,False,IJADOP;REXPUI
219131306618,2,2,2,1,1,6,Co,O=C(O)O;[H]N([H])C([H])([H])C([H])([H])N([H])[H];[H]N([H])C([H])([H])C([H])([H]),0,0,False,IJOPEF;LIGMOD01
896846787518,2,2,2,1,1,6,Ni,[H]C(C(O)C([H])([H])[H])C(O)C([H])([H])[H];[H]C(C(O)C([H])([H])[H])C(O)C([H])([H,0.0,0.32,False,ILATEV;ILATEV01
762209840856,2,2,2,1,1,4,Pd,O=C(O)O;[H]C1([H])N2C([H])([H])C3([H])C([H])([H])C([H])(C([H])([H])N4C([H])([H]),0.0,0.05,False,ILOBIU;ILOBIU01
494379794633,2,2,2,1,1,6,Fe,[H]C1C([H])C([H])C(N([H])[H])C(N([H])[H])C1[H];[H]N=C1C(=N[H])C([H])=C([H])C([H],0,0,False,ILUJEI;NUPKIV
458030648616,2,2,2,1,1,4,Ni,[H]NC1C([H])C([H])C([H])C([H])C1C([H])=NC([H])([H])C([H])([H])C([H])([H])N=C([H],0.0,0.12,False,IMBPNI;IMBPNI01
818005390686,2,2,2,2,1,5,Ni,I;[H]C([H])([H])N(C([H])([H])[H])C([H])([H])C([H])([H])N(C([H])([H])C([H])([H])N,0.0,4.32,True,IMETNI01;IMETNI02
39236803973,2,2,2,1,1,6,Co,Cl;Cl;[H]ON=C(C(=NC([H])([H])C([H])([H])C([H])([H])N=C(C(=NO)C([H])([H])[H])C([H,0,0,False,IPBXCO;IPBXCO01
637878030520,2,2,2,1,1,6,Ni,[H]C1C([H])C([H])C(C(=O)O)C([H])C1[H];[H]C1C([H])C([H])C(C(=O)O)C([H])C1[H];[H]N,0.0,0.01,False,IPEYOR;IPEYOR01
144702721836,2,2,2,1,1,4,Cu,[H]C(C(O)C([H])(C([H])([H])[H])C([H])([H])[H])C(O)C(C([H])([H])[H])(C([H])([H])[,0.0,0.01,False,IPEZOS;IPEZOS01
819895074338,4,4,4,1,1,4,Pt,Cl;Cl;[H]C1NC(N([H])C2NC([H])C([H])C([H])C2[H])C([H])C([H])C1[H],0.0,0.04,False,IPIHAQ;IPIHAQ01;IPIHAQ02;OJAGEL
53128490275,2,2,2,1,1,4,Pd,Cl;Cl;[H]C1=C([H])N(P(C2C([H])C([H])C([H])C([H])C2[H])C2C([H])C([H])C([H])C([H]),0.0,0.01,False,IQAZEF;IQAZEF01
754805950447,2,2,2,2,1,6,Ni,[H]C1C([H])C([H])C(C(O)S)C([H])C1[H];[H]C1C([H])C([H])C(C(O)S)C([H])C1[H];[H]C1N,0,0,False,IRIXIS;TBZNIP01
804275104297,19,19,7,2,2,4,Ni,[H]c1c2nc(c([H])c3[nH]c(c([H])c4nc(c([H])c5[nH]c1c(C([H])([H])C([H])([H])[H])c5C,0.0,8.6,False,IROLAF;JENCAJ;LIZQIX;LOGZOA;NEQFEY;NOEPOR
762223925290,2,2,2,1,1,4,Cu,[H]C(=NC([H])(C([H])([H])[H])C([H])([H])[H])C1C([H])C([H])C([H])C([H])C1O;[H]C(=,0.0,0.01,True,ISALCU01;ISALCU02
886661448173,2,2,2,2,1,4,Ni,[H]C(=NC([H])(C([H])([H])[H])C([H])([H])[H])C1C([H])C([H])C([H])C([H])C1O;[H]C(=,0.0,4.24,False,ISALNI;ISALNI01
940163662368,3,3,3,1,1,3,Ni,Cl;[H]C1=C([H])N(C2C(C([H])([H])[H])C([H])C(C([H])([H])[H])C([H])C2C([H])([H])[H,0,0,False,ITARUR;ITASAY;ITASAY02
549033423326,2,2,2,1,1,4,Ag,O=N(O)OB(C1C(F)C(F)C(F)C(F)C1F)(C1C(F)C(F)C(F)C(F)C1F)C1C(F)C(F)C(F)C(F)C1F;[H]C,0.0,0.01,False,ITONIP;ITONIP01
567991308036,4,4,4,2,1,2,Cu,Cl;[H]C1=C([H])N([H])=C(C2=NN(C([H])([H])[H])C(=O)N(C([H])([H])[H])N2)N1,0,0,False,ITULIT01;ITULIT02;ITULIT03;ITULIT04
579254954147,2,2,2,1,1,3,Pt,Br;[H]C([H])([H])C([H])([H])P(C([H])([H])C([H])([H])[H])C([H])([H])C([H])([H])[H,0,0,False,ITUNOB;NEJTUT
864417113838,2,2,2,1,1,3,Cu,O=S(=O)(NS(=O)(=O)C(F)(F)F)C(F)(F)F;[H]C([H])([H])C#N;[H]C([H])([H])C#N,0,0,False,IWAHIY;IWAHIY01
835162539137,8,8,4,2,1,6,Fe,N=O;[H]C1NC(C([H])([H])N(C([H])([H])C2NC([H])C([H])C([H])C2[H])C([H])([H])C([H]),0,0,False,IXAQEF;IXAQEF01;IXAQEF02;IXAQEF03;IXAQEF04;IXAQEF05
222259500167,3,3,2,1,1,3,Ag,Br;Br;Br,0,0,False,IXATUY;PEDVEZ;PEDVOJ
885195979867,3,3,2,2,2,4,Pd,Cl;Cl;[H]C([H])=C(C([H])([H])P(C1C([H])C([H])C([H])C([H])C1[H])C1C([H])C([H])C([,0.0,7.82,False,IXUCEK;IXUCEK01;IXUCEK02
406481463819,5,5,4,1,1,6,Fe,[H]C(=NC([H])([H])C([H])([H])N(C([H])([H])C([H])([H])N=C([H])C1NC([H])C([H])C([H,0,0,False,IXUZOQ01;IXUZOQ02;IXUZOQ03;TRPYFI03;ZEXCUA
956565986944,7,7,2,2,1,6,Ni,O=N=O;ONO;[H]N(C([H])([H])C([H])([H])N(C([H])([H])C([H])([H])[H])C([H])([H])C([H,0,0,False,IYIPUC05;IYIPUC13;IYIPUC15;IYIPUC23;IYIPUC25;IYIQIR
392106890335,3,3,3,1,1,3,Pd,[H]C1C([H])C([H])C(P(C2C([H])C([H])C([H])C([H])C2[H])C2C([H])C([H])C([H])C([H])C,0,0,False,IYUGUF;YOVHID;YUZDEF
66651445081,2,2,2,1,1,4,Cu,[H]C([H])([H])P(=S)(C([H])([H])[H])P(=S)(C([H])([H])[H])C([H])([H])[H];[H]C([H]),0.0,0.06,False,JACDIB;MDPSCU01
938272503512,3,3,3,1,1,4,Cu,[H]C(=NC1C(C([H])(C([H])([H])[H])C([H])([H])[H])C([H])C([H])C([H])C1C([H])(C([H],0,0,False,JAFWIA;JAFWOG;JAFXAT
754898829121,2,2,2,1,1,3,Pt,C#O;[H]C1C([H])C([H])C(C([H])([H])P(C(C([H])([H])[H])(C([H])([H])[H])C([H])([H]),0,0,False,JAHWIB;XUJLIA
595948996994,2,2,2,1,1,2,Ag,[H]ON=C(C1C([H])NC([H])C([H])C1[H])C([H])([H])[H];[H]ON=C(C1C([H])NC([H])C([H])C,0,0,False,JAJQOA;JAJQUG
546960374183,2,2,2,1,1,5,Ir,C#O;[H]C1C([H])C([H])C(P(C2C([H])C([H])C([H])C([H])C2[H])C2C([H])C([H])C([H])C([,0.0,0.01,False,JARHAL;JARHAL01
266937557611,5,5,4,1,1,3,Re,[H]C1C([H])C([H])C(P(C2C([H])C([H])C([H])C([H])C2[H])C2C([H])C([H])C([H])C([H])C,0,0,False,JARMIY;JARMIY02;ZIRFOV;ZIRFOV01;ZIRFOV02
324815185489,2,2,2,1,1,4,Cu,O=C1C(=O)C(Cl)=C(O)C(O)=C1Cl;[H]C1NC(C2NC([H])C([H])C([H])C2[H])C([H])C([H])C1[H,0,0,False,JAXXUC;JAXXUC01
583567629150,4,4,4,1,1,2,Pt,[H]C([H])([H])OP(OC([H])([H])[H])OC([H])([H])[H];[H]C([H])([H])OP(OC([H])([H])[H,0,0,False,JEBGUW;JEBHEH;MECFIL;TARMAE
566941686056,4,4,2,1,1,3,Re,[H]C1C([H])C([H])C(P(C([H])([H])C([H])([H])C([H])([H])P(C2([H])C([H])([H])C([H]),0,0,False,JEFWOG;JEFWOG10;JEFWUM;JEFWUM10
369605405180,2,2,2,1,1,2,Cu,[H]C1C(C([H])([H])[H])C([H])C(C([H])([H])[H])C(NC(C([H])C(NC2C(C([H])([H])[H])C(,0,0,False,JEKWII;USOKAR
393991799427,6,6,3,2,2,4,Cu,[H]c1c2nc(c([H])c3[nH]c(c([H])c4nc(c([H])c5[nH]c1c(C([H])([H])C([H])([H])[H])c5C,0.0,8.58,False,JENBOW;JENBOW01;KIKWIK;OKOQOU;OKORIP;QARQAB
876956146726,2,2,2,2,1,6,Co,O=C(O)O;[H]N([H])[H];[H]N([H])[H];[H]N([H])[H];[H]N([H])[H],0,0,False,JEQTAD;WUYHEF
61922085013,2,2,2,1,1,5,Cu,[H]C1NC2C3NC([H])C([H])C([H])C3C3([H])OC3([H])C2C([H])C1[H];[H]C1NC2C3NC([H])C([,0.0,0.01,False,JIJTEE;JIJTEE01
621137533469,10,10,5,1,1,4,Zn,[H]C(=NC1NC([H])C([H])C([H])C1[H])C1C([H])C([H])C([H])C([H])C1O;[H]C(=NC1NC([H]),0.0,0.09,False,JILGUJ;JILGUJ01;JILGUJ02;JILGUJ03;JILGUJ04;JILGUJ05
548700981327,2,2,2,1,1,4,Cu,Cl;Cl;[H]C1NC([H])C(C([H])([H])N([H])C2([H])C([H])([H])C([H])([H])C([H])([H])C([,0.0,0.01,False,JILZOW;JILZOW01
851156568749,2,2,2,1,1,6,Cd,[H]N1C(=O)C(=C(C#N)C#N)C(C#N)=C1O;[H]N1C(=O)C(=C(C#N)C#N)C(C#N)=C1O;[H]O[H];[H]O,0.0,0.63,False,JIRLIG;JIRLOM
904107727170,2,2,2,1,1,2,Au,[H]C1C([H])C([H])C(P(C2C([H])C([H])C([H])C([H])C2[H])C2C([H])C([H])C([H])C([H])C,0,0,False,JISJOK;JISJOK01
317522683630,4,4,2,1,1,4,Ni,[H]C([H])([H])C([H])([H])n1c(S)c(S)sc1=S;[H]C([H])([H])C([H])([H])n1c(S)c(S)sc1=,0.0,0.01,False,JOPFOL;JOPFUR;JOPGAY;JOPGAY01
988939678986,2,2,2,1,1,3,Ag,[H]C([H])([H])N(C(=S)N(C([H])([H])[H])C([H])([H])[H])C([H])([H])[H];[H]C([H])([H,0,0,False,JORDAY;YOWTEN
822549499364,52,52,7,4,1,3,Rh,Cl;[H]C([H])([H])C([H])(P(C([H])(C([H])([H])[H])C([H])([H])[H])C([H])(C([H])([H],0,0,False,JOWLEM01;RUMXUS;RUMYAZ;SITKUB;SITKUB01;SITKUB02
665073012817,4,4,4,3,1,2,Ni,[H]C([H])([H])C([H])([H])P(C([H])([H])C([H])([H])[H])C([H])([H])C([H])([H])[H];[,0,0,False,JOXVIB;TIWKER;ULUSON;YOFFEF
438258044783,2,2,2,2,1,6,Os,[H]C1C([H])C([H])C(P(C2C([H])C([H])C([H])C([H])C2[H])C2C([H])C([H])C([H])C([H])C,0,0,False,JUBCIW;JUXVAZ
7341925354,2,2,2,1,1,3,Fe,[H]C1=C([H])N(B(C2C([H])C([H])C([H])C([H])C2[H])(N2CN(C3C(C([H])([H])[H])C([H])C,0,0,False,JUHDIC;JUHDUO
630533605401,2,2,2,1,1,4,Cu,[H]C(=NC([H])(C1C([H])C([H])C([H])C([H])C1[H])C([H])([H])[H])C1C([H])C(Br)C([H]),0.0,0.02,True,JUSJEP;JUSKAM
538255130799,2,2,2,1,1,4,Zn,[H]C(=NC([H])(C1C([H])C([H])C([H])C([H])C1[H])C([H])([H])[H])C1C([H])C2C([H])C([,0.0,0.02,False,JUWBEM;JUWBEM01
717505215276,10,10,2,2,2,4,Pt,O=C(S)C(=O)S;O=C(S)C(=O)S,0.0,8.45,False,KAJCAZ;PEQLON;VEFNIH;VEFPAB;WOQQAU;YEPMUC
109401286190,2,2,2,2,1,4,Cu,Cl;[H]C1C([H])C([H])C(P(C2C([H])C([H])C([H])C([H])C2[H])C2C([H])C([H])C([H])C([H,0.0,0.02,False,KAJPUG;KAJPUG01
70156939519,2,2,2,1,1,4,Pd,Br;Br;[H]c1nc([H])n(C([H])([H])[H])c1[H];[H]c1nc([H])n(C([H])([H])[H])c1[H],0.0,0.01,False,KAKKIR;KAKKIR01
51435035897,2,2,2,1,1,6,Cu,[H]C1C([H])C(C([H])([H])N2C([H])([H])N([H])C([H])([H])C([H])([H])N([H])C([H])([H,0.0,0.04,False,KANTEZ;KANTEZ01
397513782693,2,2,2,1,1,4,Pt,Cl;Cl;[H]C1NC(C([H])([H])[H])C([H])C([H])C1[H];[H]C1NC(C([H])([H])[H])C([H])C([H,0.0,0.03,False,KARQOJ;KARQOJ01
567889118808,2,2,2,1,1,4,Ni,Cl;Cl;[H]C1C([H])C([H])C(P(C2C([H])C([H])C([H])C([H])C2[H])C2C([H])C([H])C3C([H],0.0,0.03,False,KASDUE;ZUTCID
849016209201,2,2,2,1,1,4,Zn,[H]C(=NC1([H])C([H])([H])C([H])([H])C([H])([H])C([H])([H])C1([H])[H])C1C([H])C(C,0.0,0.02,False,KASKEV;KASKEV01
271787606415,2,2,2,1,1,6,Mn,OC1C(O)C(Cl)C(Cl)C(Cl)C1Cl;OC1C(O)C(Cl)C(Cl)C(Cl)C1Cl;OC1C(O)C(Cl)C(Cl)C(Cl)C1Cl,0,0,False,KAWTEH;SALWUY
396207878701,2,2,2,2,1,2,Pd,[H]C1C([H])C([H])C(P(C2C([H])C([H])C([H])C([H])C2[H])C2C([H])C([H])C([H])C([H])C,0,0,False,KAYNIL;TUXTAH
7203935359,2,2,2,1,1,4,Co,Cl;Cl;Cl;[H]C1NC(N([H])[H])C([H])C([H])C1[H],0.0,0.92,False,KECDIG;KECDIG02
352657479983,2,2,2,1,1,4,Mn,Cl;Cl;[H]C(C1C([H])C([H])C([H])C([H])C1O)=N([H])C([H])(C([H])([H])[H])C12C([H])(,0.0,0.03,False,KEFYUQ;KEFYUQ01
910053339256,3,3,3,1,1,6,Ni,N=C=S;N=C=S;N=C=S;N=C=S;[H]O[H];[H]O[H],0.0,0.31,False,KEJBIO;SERCAX;XELYAO
774084116217,2,2,2,1,1,6,Fe,N=C=S;N=C=S;[H]C1NC2C3NC([H])C([H])C([H])C3C([H])C([H])C2C([H])C1[H];[H]C1NC2C3N,0,0,False,KEKVIF02;KEKVIF12
451245322910,2,2,2,1,1,4,Cu,[H]C1C([H])C([H])C(C2=C(O)C(=O)C3C([H])C([H])C([H])C([H])C3O2)C([H])C1[H];[H]C1C,0.0,0.01,False,KEMLAP;KEMLAP01
526496298002,2,2,2,1,1,4,Co,N=C=S;N=C=S;[H]C1NC2C([H])C([H])C([H])C([H])C2C([H])C1[H];[H]C1NC2C([H])C([H])C(,0.0,0.01,False,KEMSAW;KEMSAW01
386834179525,5,5,2,2,1,6,Co,O=N(O)O;[H]C1NC(C2NC([H])C([H])C([H])C2[H])C([H])C([H])C1[H];[H]C1NC(C2NC([H])C(,0,0,False,KERCOA;NDPYCO01;VESJOT;XULVUV;XULVUV03
317261412231,2,2,2,1,1,6,Cu,[H]C1([H])C([H])([H])C2([H])OC1([H])C([H])(C(=O)O)C2([H])C(=O)O;[H]C1([H])C([H]),0.0,0.38,False,KERSOR;WOGZUP
914908586819,3,3,2,2,2,4,Pd,I;I;I;I,0.0,8.52,False,KIBMUE;SOWHIZ;WEQWUK
204067368400,2,2,2,1,1,4,Ni,[H]C1C([H])C([H])C(SC([H])([H])C([H])([H])C([H])([H])SC2C([H])C([H])C([H])C([H]),0.0,0.01,False,KIGXED;KIGXED01
580309984523,3,3,2,1,1,4,Pd,O=C(O)C(=O)O;O=C(O)C(=O)O,0,0,False,KIJGOB;ZUJYEM;ZUJYOW
404716394783,3,3,2,1,1,6,Zn,[H]C1C([H])C([H])N([H])C(O)C1C(=O)O;[H]C1C([H])C([H])N([H])C(O)C1C(=O)O;[H]O[H];,0.0,0.65,False,KIJXEH;KIJXEH02;KIJXEH03
179266434326,3,3,3,1,1,6,Co,[H]C1C([H])C([H])N([H])C(O)C1C(=O)O;[H]C1C([H])C([H])N([H])C(O)C1C(=O)O;[H]O[H];,0.0,0.73,False,KIJXIL;KIJXIL01;KIJXIL02
553242091407,2,2,2,1,1,6,Co,O=S(=O)(O)C(F)(F)F;O=S(=O)(O)C(F)(F)F;[H]C1([H])OC([H])([H])C([H])([H])C1([H])[H,0.0,0.1,False,KIKYUZ;KIKYUZ01
995080354926,2,2,2,1,1,4,Au,Cl;Cl;[H]C1([H])N(C(S)S)C([H])([H])C([H])([H])C([H])([H])C1([H])[H],0.0,0.01,False,KINWOV;KINWOV01
588664628581,2,2,2,1,1,5,Ni,[H]C(=NC1C([H])C(C([H])([H])[H])C([H])C([H])C1NC1C([H])C([H])C(C([H])([H])[H])C(,0,0,False,KIQGUP;KIQGUP01
651957388120,2,2,2,1,1,4,Pt,[H]C1C([H])C([H])C(C#C)C(Br)C1[H];[H]C1C([H])C([H])C(C#C)C(Br)C1[H];[H]C1NC(C2NC,0.0,0.04,False,KIRDIC;KIRFUQ
212263383095,2,2,2,1,1,4,Ni,[H]C(C(O)C([H])([H])[H])C(O)C([H])([H])[H];[H]C([H])([H])N(C([H])([H])[H])C([H]),0,0,False,KISKON;KISKON01
749363206959,4,4,2,1,1,6,Zn,[H]N(C([H])([H])C(=O)O)C([H])(C(=O)O)C([H])([H])C(=O)O;[H]O[H];[H]O[H],0.0,0.02,False,KITSOZ;KITSOZ01;KITSOZ02;KITSOZ03
548067710090,2,2,2,1,1,6,Co,O=C(O)C(=O)O;[H]N([H])C([H])([H])C([H])([H])N([H])[H];[H]N([H])C([H])([H])C([H]),0,0,False,KOBHOZ;OXENCO01
460953796400,5,5,2,1,1,6,Co,O=C(O)C(=O)O;[H]N([H])C([H])([H])C([H])([H])N([H])[H];[H]N([H])C([H])([H])C([H]),0,0,False,KOBJAN;LIGLES;LIGLES02;ROTQEZ;WIDQAB
480073075044,2,2,2,1,1,6,Co,[H]OC([H])([H])N([H])C(=O)C1C([H])NC([H])C([H])C1[H];[H]OC([H])([H])N([H])C(=O)C,0.0,0.07,False,KOJTIM;SOXYEJ
53598778423,2,2,2,1,1,4,Pd,Cl;Cl;[H]C([H])([H])c1noc(C([H])([H])[H])c1C([H])([H])SC([H])([H])C([H])([H])SC(,0.0,0.01,False,KOJZEQ;KOJZEQ02
438535533002,3,3,3,2,2,4,Au,[H]C1=C([H])c2nc1c([H])c1[nH]c(c([H])c1[H])c(C1C(F)C(F)C(F)C(F)C1F)c1nc(c(C3C(F),0.0,8.7,False,KOLXIV;UHEFUL;XIMHEK
42920499136,2,2,2,1,1,4,Ni,[H]C1C([H])C([H])C(C(O)=NN=C(C(=NN=C(O)C2C([H])C([H])C([H])C([H])C2[H])C([H])([H,0,0,False,KUBFIX;KUBFIX01
228911864744,2,2,2,1,1,3,Fe,[H]C([H])([H])[Si](N[Si](C([H])([H])[H])(C([H])([H])[H])C([H])([H])[H])(C([H])([,0,0,False,KUCMIH;KUCQIL
366404800507,2,2,2,2,1,2,Zn,[H]C([H])([H])C([H])(C([H])([H])[H])[Si](P[Si](C([H])(C([H])([H])[H])C([H])([H]),0,0,False,KULMIR;KULMIR01
549268766268,2,2,2,1,1,5,Hf,[H]C([H])[H];[H]C([H])[H];[H]C1CC(C2NC(C([H])([H])NC3C(C([H])(C([H])([H])[H])C([,0.0,0.15,False,KUPGAF;KUPGAF01
298847818498,2,2,2,1,1,6,Co,[H]C1C(C(=O)O)C([H])C([N+](=O)[O-])C([H])C1[N+](=O)[O-];[H]C1C(C(=O)O)C([H])C([N,0.0,0.25,False,KURMIU;KURMIU01
866104155950,2,2,2,1,1,4,Ti,[H]C([H])([H])C([H])([H])NC([H])([H])C([H])([H])[H];[H]C([H])([H])C([H])([H])NC(,0.0,0.01,False,KUZLEA;KUZLEA01
424948215547,3,3,3,1,1,2,Pd,[H]C1C([H])C([H])C(P(C2C([H])C([H])C([H])C([H])C2[H])C([H])([H])C([H])([H])P(C2C,0,0,False,LABMOU;TIWKIV;TIWKOB
15807305550,2,2,2,2,1,5,Zn,[H]N=C(N([H])[H])n1[nH]c(C([H])([H])[H])c([H])c1=O;[H]N=C(N([H])[H])n1[nH]c(C([H,0.0,3.45,True,LACGAA;LACGAA01
305935845937,4,4,2,1,1,4,Pd,Cl;Cl;[H]C1C([H])C([H])C(C([H])([H])P(C(C([H])([H])[H])(C([H])([H])[H])C([H])([H,0.0,0.01,False,LAJKEO;LAJKEO01;LAJKEO02;LAJKEO03
298306758031,2,2,2,2,1,4,Ti,[H]C([H])([H])NC([H])([H])[H];[H]C([H])([H])NC([H])([H])[H];[H]C([H])([H])NC([H],0.0,5.43,True,LALJAK;LALJAK01
830673868958,2,2,2,1,1,6,Ru,C#O;C#O;C#O;C#O;C#O;C#O,0.0,0.11,False,LARPAW;LARPIE
728106588683,2,2,2,2,2,6,W,C#O;C#O;C#O;C#O;C#O;[H]C1C([H])C([H])C(P(C(=S)S)C2C([H])C([H])C([H])C([H])C2[H]),0.0,2.89,True,LATBAJ;LATBAJ10
305242219433,7,7,4,1,1,6,Co,[H]C(C#N)C([H])([H])[H];[H]C1C([H])C([H])C(C([H])(N([H])[H])C([H])([H])[H])C([H],0,0,False,LAVLAV;LAVLAV01;SSCEBC01;SSCEBC03;SSCEBC04;SSCEBC05
685530220604,2,2,2,2,1,6,Fe,[H]c1nc(C(=NN=C(S)N([H])C2C([H])C([H])C([H])C([H])C2[H])C([H])([H])[H])sc1[H];[H,0,0,False,LAXTIQ;QEHPAX
688713185696,2,2,2,2,1,5,Zn,[H]C1NC([H])C([H])C([H])C1[H];[H]c1c2nc(c3[nH]c(c([H])c([H])c4nc(c5[nH]c(c1[H])c,0.0,2.08,False,LAZGEY;LAZGEY01
959923652409,2,2,2,2,1,6,Cd,[H]C1NC(c2nnn[nH]2)C([H])C([H])C1[H];[H]C1NC(c2nnn[nH]2)C([H])C([H])C1[H];[H]O[H,0.0,2.07,False,LAZQIQ;OPAXAF
630949806920,2,2,2,2,1,6,Ru,C#O;[H]C1C([H])C([H])C(P(C2C([H])C([H])C([H])C([H])C2[H])C2C([H])C([H])C([H])C([,0.0,1.72,True,LEBTIW;LEBTIW01
75353518916,2,2,2,1,1,3,Co,[H]C1C(OP(C(C([H])([H])[H])(C([H])([H])[H])C([H])([H])[H])C(C([H])([H])[H])(C([H,0,0,False,LECGEI;TELWEP
488632561933,2,2,2,2,1,6,Fe,[H]C(=NC1C([H])C([H])C([H])C2C([H])C([H])C([H])NC12)C1C([H])C(I)C([H])C([H])C1O;,0,0,False,LECLUD06;YICBIX
428704815177,5,5,3,2,1,6,Fe,[H]C(=NC1C([H])C([H])C([H])C2C([H])C([H])C([H])NC12)C1C([H])C(I)C([H])C([H])C1O;,0,0,False,LECLUD20;LECLUD21;QOLPIT;TAQZET;TARBAS02
579579379208,2,2,2,2,1,3,Ni,Cl;[H]C([H])([H])C([H])(P(C([H])(C([H])([H])[H])C([H])([H])[H])C([H])(C([H])([H],0,0,False,LEKWIJ;LEKXAC
149713015947,2,2,2,1,1,3,Ni,[H]C1([H])OC([H])([H])C([H])([H])C1([H])[H];[H]C1C(C([H])([H])[H])C([H])C(C([H]),0,0,False,LELKOF;LELKOF01
862023294464,2,2,2,1,1,6,Ni,[H]C1NC([H])C([H])C(C2C([H])C([H])NC([H])C2[H])C1[H];[H]C1NC([H])C([H])C(C2C([H],0.0,0.03,False,LEMBOX;LEMBUD
579378506319,2,2,2,1,1,4,Cu,[H]C(NC1C([H])C(C(C([H])([H])[H])(C([H])([H])[H])C([H])([H])[H])C([H])C(C(C([H]),0,0,False,LENPAX;LENPEB
413297315416,2,2,2,1,1,4,Pt,I;I;[H]C1NC(C2NC([H])C([H])C([H])C2[H])C([H])C([H])C1[H],0.0,0.02,False,LESRAC;LESRAC01
641897379261,2,2,2,1,1,4,Pd,Cl;Cl;[H]C1C([H])C([H])C(P(C2C([H])C([H])C([H])C([H])C2[H])C2345B678([H])B9%10%1,0.0,0.39,False,LEXWIV;XAJSOQ
112724217878,2,2,2,1,1,6,Co,O=S(=O)(O)C(F)(F)F;[H]C1NC(C2NC(C3NC([H])C([H])C([H])C3[H])C([H])C([H])C2[H])C([,0.0,0.24,False,LEXZET;LEXZET01
414218268348,2,2,2,1,1,4,Pd,Cl;Cl;[H]C1C([H])C([H])C(P(C2C([H])C([H])C([H])C([H])C2[H])N(P(C2C([H])C([H])C([,0.0,0.01,False,LIBXOM;LIBXOM01
500227277039,2,2,2,1,1,3,Cu,[H]C1C([H])C([H])C(P(C2C([H])C([H])C([H])C([H])C2[H])C2C([H])C([H])C3C([H])C([H],0,0,False,LIGDOY;LIGDUE
635416357775,2,2,2,1,1,4,Zn,Cl;Cl;[H]C1NC(N([H])[H])C([H])C([H])C1[H];[H]C1NC(N([H])[H])C([H])C([H])C1[H],0.0,0.06,False,LILMOI;LILMOI01
370838204527,2,2,2,1,1,6,Zn,[H]C1NC([H])C(c2nc(C3C([H])NC([H])C([H])C3[H])n[nH]2)NC1[H];[H]C1NC([H])C(c2nc(C,0.0,0.02,False,LODZOV;LODZOV01
167984956781,2,2,2,2,1,6,Fe,C#N;C#N;[H]C1NC(C(=O)NC2C([H])C([H])C([H])C([H])C2NC(=O)C2NC([H])C([H])C([H])C2[,0,0,False,LONBUL;LUQROG
168960276431,2,2,2,1,1,6,Re,C#O;C#O;C#O;[H]C1C([H])C([H])C(C(=O)N([H])C(=S)N(C([H])([H])C([H])([H])[H])C([H],0.0,0.01,False,LUDHOJ;LUDHOJ01
200051618796,2,2,2,1,1,4,Pt,Cl;[H]C([H])([H])C#N;[H]C1CC(C2NC([H])C([H])C([H])C2[H])C([H])C([H])C1[H],0.0,0.02,False,LUDQUY;LUDQUY01
421532293125,2,2,2,2,2,4,Pd,I;[H]C1C([H])C([H])C(P(C2C([H])C([H])C([H])C([H])C2[H])C([H])([H])C([H])([H])P(C,0.0,8.32,False,LUKVES;YAGVOS
718968964969,2,2,2,1,1,6,Mn,[H]N([H])C(=O)C(C#N)C#N;[H]N([H])C(=O)C(C#N)C#N;[H]O[H];[H]O[H];[H]O[H];[H]O[H],0.0,0.01,False,LUPROD;LUPROD01
221524435827,2,2,2,1,1,2,Ag,[H]C([H])([H])C#N;[H]C([H])([H])C#N,0,0,False,LURYAC;RIQYAU
175689899881,2,2,2,1,1,6,Co,[H]N(C(=O)N([H])C([H])([H])[H])C([H])([H])[H];[H]N(C(=O)N([H])C([H])([H])[H])C([,0.0,0.33,False,LUTRIB;LUTRUN
582891277453,2,2,2,1,1,3,Mn,Cl;N=C=S;N=C=S,0,0,False,LUYBEP;LUYBEP01
388672881108,2,2,2,1,1,4,Pd,Br;[H]C1NC(C(=NC2C([H])C([H])C([H])C([H])C2S)C2C([H])C([H])C([H])C([H])C2[H])C([,0.0,0.02,False,LUYRUW;LUYRUW01
531768091185,2,2,2,1,1,6,Fe,O=C1C(=O)C(Cl)=C(O)C(O)=C1Cl;O=C1C(=O)C(Cl)=C(O)C(O)=C1Cl;[H]O[H];[H]O[H],0,0,False,LUZVOU;LUZVOU01
846297539786,3,3,3,1,1,2,Ni,[H]C1C([H])C([H])C(P(C2C([H])C([H])C([H])C([H])C2[H])C([H])([H])C([H])([H])P(C2C,0,0,False,MABLIO;MECFUX;PEKTIL
643459720689,2,2,2,2,1,4,Cu,Cl;Cl;Cl;[H]N([H])N(C([H])([H])[H])(C([H])([H])[H])C([H])([H])[H],0.0,0.0,False,MAFWID;PUSJAR
241813066865,2,2,2,1,1,4,Cu,[H]C(=NC1C([H])C([H])C([H])C([H])C1N=C([H])C1C([H])C(C(C([H])([H])[H])(C([H])([H,0.0,0.03,False,MAGSIX;MAGSIX01
285156717904,2,2,2,1,1,5,Zn,Cl;Cl;[H]C1C(C2=NC3C([H])C([H])C([H])C([H])C3N2[H])NC(C2=NC3C([H])C([H])C([H])C(,0.0,0.01,False,MAHWIC;MAHWIC01
255920287625,2,2,2,1,1,4,Ni,[H]C1([H])SC2=C(SC(=C3SC(S)=C(S)S3)S2)SC([H])([H])C1([H])[H];[H]C1([H])SC2=C(SC(,0.0,1.12,False,MAJWAV;MAJWAV01
504460867274,2,2,2,1,1,4,Zn,[H]C(=NC([H])(C1C([H])C([H])C([H])C([H])C1[H])C([H])([H])[H])C1C([H])C(Br)C([H]),0.0,0.01,True,MASSIM;MASTAF
331486479721,2,2,2,1,1,4,Hg,I;I;[H]c1c([H])n(C([H])([H])[H])c(=S)n1[H];[H]c1c([H])n(C([H])([H])[H])c(=S)n1[H,0.0,0.01,False,MASYIO;MASYIO01
635921741331,6,6,4,1,1,3,Ag,I;I;I,0,0,False,MATGAR;MUTRAY;QASZUH;SESXAP;SESXAP01;TAJMAT
50350978211,2,2,2,1,1,3,Ag,O=C(O)C(F)(F)F;[H]C1NC(C2NC([H])C([H])C([H])C2[H])C([H])C([H])C1[H],0,0,False,MAYBAQ;MAYBAQ02
462351387483,2,2,2,1,1,3,Ag,[H]C([H])([H])C#N;[H]C1C([H])C2C([H])C([H])C(C([H])([H])[H])NC2C2NC(C([H])([H])[,0,0,False,MAYCAR;PURZIM
10968084843,2,2,2,1,1,6,Co,[H]C1NC(C(=O)NC2C([H])C([H])C([H])C([H])C2NC(=O)C2NC([H])C([H])C([H])C2[H])C([H],0,0,False,MEDCUW;WULSOL
243587533291,2,2,2,1,1,3,Fe,[H]C([H])[Si](C([H])([H])[H])(C([H])([H])[H])C([H])([H])[H];[H]C1C([H])C(C([H])(,0,0,False,MEGHOW;MEGHOW01
9307936343,2,2,2,1,1,5,Cu,C6DH12N2;Cl;Cl;Cl;D2O,0.0,0.03,False,MEGJEP02;MEGJEP03
983724327406,2,2,2,1,1,6,Cu,[H]N([H])C([H])([H])C(C([H])([H])[H])(C([H])([H])[H])C([H])([H])N([H])[H];[H]N([,0.0,0.74,False,MEPRCU;MEPRCU01
969632877339,2,2,2,1,1,4,Zn,Br;[H]C1NC(C([H])([H])C([H])([H])N(C([H])([H])[H])C([H])([H])C(S)(C([H])([H])[H],0.0,0.01,False,MEPWIN;MEPWIN01
119594054106,2,2,2,2,1,3,Co,C#O;C#O;C#O,0,0,False,MEQYEM;XOJQES
251990767947,2,2,2,1,1,6,Co,Cl;[H]C1C([H])C([H])C(C(=NO)C(=NO)C2C([H])C([H])C([H])C([H])C2[H])C([H])C1[H];[H,0,0,False,MERTUZ;MERVAH
218978133802,3,3,2,2,1,5,Cu,[H]C([H])([H])N(C([H])([H])[H])C([H])([H])C(=O)O;[H]C([H])([H])N(C([H])([H])[H]),0,0,False,MGLYCU01;MGLYCU02;OGAFAE
483409974440,2,2,2,1,1,6,Mn,[H]C1C([H])C([H])C2C(C(=O)NS2(=O)=O)C1[H];[H]C1C([H])C([H])C2C(C(=O)NS2(=O)=O)C1,0.0,0.03,False,MGSACB10;MGSACB11
789590154572,2,2,2,1,1,6,Co,[H]C(C([H])([H])[H])C([H])([H])[H];[H]C([H])([H])C1=NO[H]ON=C(C([H])([H])[H])C(C,0,0,False,MGXPCQ;MGXPCQ01
661514993263,3,3,3,3,1,2,Os,[H]C1C([H])C([H])C(P(C2C([H])C([H])C([H])C([H])C2[H])C2C([H])C([H])C([H])C([H])C,0,0,False,MIBMUG;UGENED;UGENIH
209325483621,3,3,3,1,1,3,Os,Cl;[H]C1C([H])C([H])C(P(C2C([H])C([H])C([H])C([H])C2[H])C2C([H])C([H])C([H])C([H,0,0,False,MIBNAN;NOSWEX;NUQREW
659492699312,2,2,2,1,1,5,Zn,Br;Br;[H]C1C([H])C(C([H])([H])OC([H])([H])C([H])(F)F)NC(C([H])([H])OC([H])([H])C,0.0,0.01,True,MICWII;MICWII01
556751952169,15,15,2,1,1,3,Ru,[H]C1NC(N(C([H])([H])[H])[Si]([H])(C([H])([H])[H])C([H])([H])[H])C([H])C([H])C1[,0,0,False,MIGKIY;MIGKIY01;MIGKIY02;MIGKIY03;MIGKIY07;MIGKIY08
186764603251,2,2,2,1,1,3,Ni,[H]C([H])([H])C(P(C([H])([H])C([H])([H])P(C(C([H])([H])[H])(C([H])([H])[H])C([H],0,0,False,MIQBAP;MIQBET
220254253180,2,2,2,2,2,4,Pt,Cl;Cl;[H]C1C([H])C([H])C2C(C1[H])N(C([H])([H])C([H])([H])[H])CN2C([H])([H])C([H],0.0,7.89,False,MIQTIT;MIQTOZ
299488963765,2,2,2,1,1,4,Cu,[H]C1([H])SC([H])([H])C([H])([H])N(C(S)S)C1([H])[H];[H]C1C([H])C([H])C(P(C2C([H],0.0,0.01,True,MISMIM;MISMIM01
552956185626,2,2,2,2,1,4,Pd,[H]C1C([H])C([H])C(P(C2C([H])C([H])C([H])C([H])C2[H])C2C([H])C([H])C3C([H])C([H],0.0,3.27,False,MIXTIW;MIXTOC
971743715803,2,2,2,2,1,6,Fe,[H]C([H])([H])C#N;[H]C1NC(C([H])([H])N(C([H])([H])C2NC([H])C([H])C([H])C2[H])C([,0,0,False,MIYBUU;XISXIJ
554226816126,2,2,2,1,1,6,Re,Br;C#O;C#O;N=O;[H]C1NC(C(=O)O)C([H])C([H])C1[H],0.0,0.02,False,MOMFEZ;MOMFEZ01
985018720713,3,3,2,1,1,3,Ni,[H]C1C([H])C(C(P(C(C([H])([H])[H])(C([H])([H])[H])C([H])([H])[H])C(C([H])([H])[H,0,0,False,MOVPIZ;MOVPIZ01;MOVPIZ02
621598370643,2,2,2,1,1,3,Ni,[H]C([H])([H])C(P(C([H])([H])C([H])([H])P(C(C([H])([H])[H])(C([H])([H])[H])C([H],0,0,False,MOXDOS;MOXDUY
183014066840,2,2,2,2,1,3,Ni,[H]C([H])([H])C(P(C([H])([H])C([H])([H])P(C(C([H])([H])[H])(C([H])([H])[H])C([H],0,0,False,MOXFAG;SILZAQ
569485512666,2,2,2,2,2,4,Pt,C#N;C#N;C#N;[H]C1([H])C([H])([H])C([H])([H])C([H])(N#C)C([H])([H])C1([H])[H],0.0,8.87,False,MOYCIO;MOYCIO01
45715998824,2,2,2,1,1,4,Pd,Cl;Cl;[H]C1NC(C2NC([H])C([H])C(C(C([H])([H])[H])(C([H])([H])[H])C([H])([H])[H])C,0.0,0.01,False,MOYWIG;MOYWIG01
426339013956,2,2,2,1,1,6,Mn,[H]C1NC2C3NC([H])C([H])C([H])C3C([H])C([H])C2C([H])C1[H];[H]C1NC2C3NC([H])C([H]),0.0,0.17,False,MOZDUA;MOZDUA01
46326248049,3,3,2,1,1,3,Ru,[H]C1C([H])C([H])C(P(C2C([H])C([H])C([H])C([H])C2[H])C2C([H])C([H])C([H])C([H])C,0,0,False,MOZMOF;MOZNEW;TIKWOC
921672471789,2,2,2,1,1,4,Pt,FC1CC(F)C(F)C(F)C1F;FC1CC(F)C(F)C(F)C1F;[H]C1C([H])C([H])C(P(C#CC2C([H])C([H])C(,0.0,0.21,False,MOZPOG;MOZPOG01
383835096665,4,4,2,2,1,6,Co,[H]C([H])([H])N(C(S)S)C([H])([H])[H];[H]C([H])([H])N(C(S)S)C([H])([H])[H];[H]C([,0,0,False,MTHCCO;MTHCCO01;MUJBIC;VIQFEH
712215492715,3,3,2,1,1,5,Cu,[H]O[H];[H]c1c(C(=O)O)nn([H])c1C([H])([H])[H];[H]c1c(C(=O)O)nn([H])c1C([H])([H]),0,0,False,MUGGOL;MUGGOL01;YIJSES
547622553108,2,2,2,1,1,4,Pd,Cl;Cl;[H]c1c(C([H])([H])[H])nn(C([H])([H])n2nc(C([H])([H])[H])c([H])c2C([H])([H],0.0,0.03,False,MUHSUE;MUHSUE01
325950770743,3,3,3,2,2,4,Ni,[H]C1C([H])C([H])C(c2c3nc(c(C4C([H])C([H])C([H])C([H])C4[H])c4[nH]c(c(Cl)c4Cl)c(,0.0,8.51,False,MUJRIS;MUJRIS02;MUJRIS03
425204865701,3,3,3,1,1,2,Cu,[H]C(C(NC([H])(C([H])([H])[H])C([H])([H])[H])C([H])([H])[H])C(NC([H])(C([H])([H],0,0,False,MUNWUO;MUNXAV;MUNXEZ
898864868126,2,2,2,1,1,6,Ni,[H]C([H])([H])C#N;[H]C([H])([H])C#N;[H]c1nn([H])c([H])c1[H];[H]c1nn([H])c([H])c1,0.0,0.02,False,MUNYEA;RUPTAY
102273942918,2,2,2,1,1,6,Ag,[H]C([H])([H])SC([H])([H])C([H])([H])N1C([H])([H])C([H])([H])N(C([H])([H])C([H]),0.0,1.8,False,MUVJES;MUVJES01
764685404741,2,2,2,1,1,3,Mn,[H]OC([H])([H])C([H])([H])[H];[H]OC([H])([H])C([H])([H])[H];[H]OC([H])([H])C([H],0,0,False,NADJUB;NADJUB01
818519221549,2,2,2,1,1,3,Pd,[H]C1C([H])C([H])C(P(C([H])(C([H])([H])[H])C([H])([H])[H])C([H])(C([H])([H])[H]),0,0,False,NADXIC;NADXUO
64519973977,3,3,2,1,1,6,Co,[H]C1=C(C([H])([H])C([H])(C(=O)O)N([H])[H])C2C([H])C([H])C([H])C([H])C2N1[H];[H],0,0,False,NAGQAO01;NAGQES;NAGQES01
131840222558,2,2,2,2,1,6,Ni,N=C=S;N=C=S;[H]C1NC2C3NC([H])C([H])C([H])C3C(=O)C2C([H])C1[H];[H]C1NC2C3NC([H])C,0.0,0.46,False,NAPRIH;NAPRIH01
466358730663,2,2,2,1,1,6,Co,Br;[H]C1NC([H])C([H])C([H])C1[H];[H]ON=C(C(=NO)C([H])([H])[H])C([H])([H])[H];[H],0,0,False,NAWFIE;NAWFUQ
834854903493,2,2,2,1,1,4,Cu,[H]C(=NC1C([H])C([H])C([H])C([H])C1C([H])([H])N=C([H])C1C([H])C([H])C([H])C([H]),0.0,0.04,False,NEDHOT;NEDHOT01
539362029373,2,2,2,2,1,4,Ni,[H]C1C([H])C([H])C(C(=NC2(C(=O)O)C([H])([H])C2([H])C(=O)OC([H])([H])C([H])([H])[,0,0,False,NEFGUB;NEFHAI
505911755920,2,2,2,1,1,4,Ag,[H]C1NC2C(O)C([H])C([H])C([H])C2C([H])C1[H];[H]OC1C([H])C([H])C([H])C2C([H])C([H,0.0,0.0,False,NEFVIE01;NEFVIE02
206548903430,2,2,2,2,1,6,Ni,[H]C1NC(C(C#N)=NO)C([H])C([H])C1[H];[H]C1NC(C(C#N)=NO)C([H])C([H])C1[H];[H]O[H];,0.0,1.39,False,NESPOU;NESPOU01
147237224038,2,2,2,1,1,6,Fe,N=C=S;N=C=S;[H]OC([H])([H])[H];[H]OC([H])([H])[H];[H]c1c([H])c([H])n2c(C3NC([H]),0.0,0.06,False,NEXLAF;NEXLEJ
422560727948,4,4,4,1,1,6,Ni,[H]C([H])([H])C(=O)O;[H]C([H])([H])C(=O)O;[H]O[H];[H]O[H];[H]O[H];[H]O[H],0.0,0.28,False,NIAQAC01;NIAQAC02;NIAQAC03;NIAQAC04
879423270274,2,2,2,1,1,4,Pd,Cl;Cl;[H]C1=C([H])N(C2C(C([H])(C([H])([H])[H])C([H])([H])[H])C([H])C([H])C([H])C,0.0,0.06,False,NIBPUL;NIBPUL01
857085544811,6,6,2,1,1,6,Fe,N=O;[H]C1=C([H])c2nc1c(C1C([H])C([H])C(F)C([H])C1[H])c1[nH]c(c([H])c1[H])c(C1C([,0,0,False,NICKUG;NICKUG01;NICKUG04;NICKUG05;NICKUG06;NICKUG13
216208784859,2,2,2,1,1,4,Cu,[H]C(=NC([H])([H])C([H])([H])N(C([H])([H])C([H])([H])N=C([H])C1C([H])C([H])C([H],0.0,0.78,False,NIFXOQ;OMAXIJ
437535977,2,2,2,2,1,6,Ni,[H]OC(=O)C([H])([H])C([H])(O[H])C(=O)O;[H]OC(=O)C([H])([H])C([H])(O[H])C(=O)O;[H,0,0,False,NIHMLT;XILXIA
465624884076,2,2,2,2,2,4,Au,[H]C([H])([H])n1nnnc1S;[H]C([H])([H])n1nnnc1S;[H]C([H])([H])n1nnnc1S;[H]C([H])([,0.0,8.58,False,NILFAP;NIRJUT
189942562647,8,8,3,1,1,6,Fe,[H]C(=NC([H])([H])C([H])([H])N(C([H])([H])C([H])([H])N=C([H])C1NC(C([H])([H])[H],0,0,False,NIQFUP;NIQFUP01;NIQFUP02;NIQFUP03;NIQFUP04;NIQFUP05
852662811938,2,2,2,1,1,4,Co,Cl;Cl;[H]C1C([H])C([H])C(N([H])[H])C([H])C1[H];[H]C1C([H])C([H])C(N([H])[H])C([H,0.0,0.12,False,NIRRIP;NIRRIP01
361197029851,2,2,2,1,1,4,Cu,[H]C1=NC2C([H])C([H])C([H])C([H])C2C2C([H])C([H])C([H])C([H])C2N=C([H])C2C([H])C,0.0,0.01,False,NIVGOO01;NIVGOO02
666131099942,2,2,2,1,1,4,Co,Cl;Cl;[H]C1NC2C([H])C([H])C([H])C([H])C2C2C([H])C([H])C([H])C([H])C12;[H]C1NC2C(,0.0,0.04,False,NIYVUP;NIYVUP01
804851464635,14,14,5,1,1,3,Ru,[H]C([H])([H])[SiH](N1C2=NC([H])([H])C([H])([H])C([H])([H])N2C([H])([H])C([H])([,0,0,False,NOBBOX;NOBBOX01;NOBBOX02;NOBBOX07;NOBBOX08;NOBBOX09
724714364849,2,2,2,1,1,3,Ru,[H]C1=C([H])N([SiH](C([H])([H])[H])C([H])([H])[H])C2NC([H])C([H])C([H])C12;[H]C1,0,0,False,NOBBUD;NOBCEO
68589922519,2,2,2,2,1,2,Pt,[H]C1C([H])C([H])C(P(C2C([H])C([H])C([H])C([H])C2[H])C([H])([H])C([H])([H])C([H],0,0,False,NOKDUM;XAZBUV
891631731213,2,2,2,1,1,6,Pt,[H]C1=C([H])c2nc1c(C1C(C([H])([H])[H])C([H])C(C([H])([H])[H])C([H])C1C([H])([H]),0.0,0.12,False,NONYUL;NONYUL01
283826058232,2,2,2,2,2,4,Pt,Cl;Cl;[H]C1C([H])C([H])C(P(C2C([H])C([H])C([H])C([H])C2[H])N([H])C2C([H])C([H])C,0.0,7.89,False,NOQDEF;NOQDOP
569101949752,2,2,2,1,1,6,Co,[H]C1C([H])C([H])C(C(=O)O)C(Cl)C1[H];[H]C1C([H])C([H])C(C(=O)O)C(Cl)C1[H];[H]C1N,0.0,0.41,False,NOVRAU;NOVRAU01
177549341921,2,2,2,1,1,6,Zn,[H]C1C([H])C([H])C(C(=O)O)C(Cl)C1[H];[H]C1C([H])C([H])C(C(=O)O)C(Cl)C1[H];[H]C1N,0.0,0.12,False,NOVRIC;NOVRIC01
627324676981,2,2,2,1,1,6,Co,[H]C1C([H])C([N+](=O)[O-])C([H])C(N(=O)O)C1O;[H]C1C([H])C([N+](=O)[O-])C([H])C(N,0.0,0.58,False,NOZBIN;NOZBIN01
860193001144,3,3,2,1,1,3,Au,[H]C1C([H])C([H])C(P(C2C([H])C([H])C([H])C([H])C2[H])C2C([H])C([H])C([H])C([H])C,0,0,False,NUDLUW;NUDLUW01;NUDMAD
804541898548,2,2,2,1,1,6,Fe,C#N;C#N;[H]c1c([H])c([H])c2c3[nH]c(c([H])c4nc(c([H])c5[nH]c(c([H])c6nc(c3[H])C3=,0.0,0.24,False,NUFMOS;NUFMOS01
374100152820,6,6,2,1,1,6,Fe,[H]C1NC2C3NC([H])C([H])C([H])C3C([H])C([H])C2C([H])C1[H];[H]C1NC2C3NC([H])C([H]),0,0,False,NUKCEB;QAYCUP;RAPPEE;TILGON;WERBUQ;XEHQUW
714143085390,2,2,2,1,1,4,Cu,[H]C(=NC1([H])C([H])([H])C([H])([H])C([H])([H])C([H])([H])C1([H])[H])C1C(O)C([H],0.0,0.01,False,NUKLEK;NUKLEK01
974731874640,2,2,2,1,1,4,Zn,Cl;Cl;[H]C1C([H])C([H])C(N([H])[H])C([H])C1[H];[H]C1C([H])C([H])C(N([H])[H])C([H,0.0,0.01,False,NUNKIR;NUNKIR01
82457647841,2,2,2,1,1,6,Co,[H]c1nc(-c2nc([H])c([H])n2[H])[nH]c1[H];[H]c1nc(-c2nc([H])c([H])n2[H])[nH]c1[H];,0,0,False,NUNLIS;UTIYAY
749974855373,2,2,2,1,1,5,Co,I;[H]C([H])([H])P(C([H])([H])[H])C([H])([H])[H];[H]C1C([H])C([H])C(P(OC([H])([H],0.0,0.52,False,NUNXAW;NUNXAW01
190681417700,2,2,2,1,1,3,Ni,Cl;[H]C1=C([H])N(C2C(C([H])(C([H])([H])[H])C([H])([H])[H])C([H])C([H])C([H])C2C(,0,0,False,NURGUD;NURHAK
452269736100,2,2,2,2,1,5,Cu,[H]C1NC(C(=O)O)C([H])C(C(=O)O)C1[H];[H]C1NC(C(=O)O)C([H])C(C(=O)O)C1[H];[H]O[H],0,0,False,NUTKUL;WUKVEF
461498615784,2,2,2,1,1,4,Pd,N#CC(S)=C(S)C#N;[H]C1NC([H])C([H])C(C([H])([H])[H])C1[H];[H]C1NC([H])C([H])C(C([,0.0,0.01,False,NUWQAX;NUWQAX01
838452439234,2,2,2,1,1,6,Ru,Cl;Cl;Cl;Cl;O;O,0.0,0.08,False,NUXVOV;NUXVUB
465594029277,2,2,2,1,1,4,Zn,Cl;Cl;[H]c1nn([H])c([H])c1[H];[H]c1nn([H])c([H])c1[H],0.0,0.01,False,NUZJUO;NUZJUO01
559296217710,2,2,2,1,1,4,Pd,Cl;Cl;[H]C1NC2C(C([H])C1[H])C([H])C([H])C([H])C2P(C1C([H])C([H])C([H])C([H])C1[H,0.0,0.01,False,OBAWIZ;ZUKQUT
801264340744,2,2,2,2,1,2,Ag,[H]n1nc(C([H])([H])[H])c([N+](=O)[O-])c1C([H])([H])[H];[H]n1nc(C([H])([H])[H])c(,0,0,False,OBIWIG;XIJWET
961952995472,2,2,2,2,1,6,Zn,[H]C1C([H])C(N(C([H])([H])[H])C([H])([H])[H])C([H])C([H])C1C(=O)O;[H]C1C([H])C(N,0,0,False,ODIROJ;ODISAW
20431952194,2,2,2,1,1,4,Pt,Cl;[H]N=C(O[AsH](O[H])(O[H])OC(=N[H])C([H])([H])[H])C([H])([H])[H],0.0,0.02,False,ODOHAS;ZOZNUA
669686635918,2,2,2,1,1,4,Cu,[H]C(=NC([H])([H])C([H])([H])C([H])([H])N=C([H])C1C([H])C(Br)C([H])C(OC([H])([H],0.0,0.04,False,OFOGOH;OFOGOH01
595765830680,2,2,2,1,1,6,Ni,[H]C(=O)C(C([H])O)C([H])O;[H]C(=O)C(C([H])O)C([H])O;[H]O[H];[H]O[H],0.0,0.34,False,OFUGAZ;OFUGAZ01
774334916179,3,3,2,2,2,6,Co,[H]O[H];[H]O[H];[H]c1c(C(=O)O)nn([H])c1C([H])([H])[H];[H]c1c(C(=O)O)nn([H])c1C([,0.0,4.63,True,OGALOY;OGALOY01;YIJSOC
451913042550,3,3,3,1,1,2,Cu,[H]C1C([H])C(Cl)C(NC(C([H])C(NC2C(Cl)C([H])C([H])C([H])C2Cl)C([H])([H])[H])C([H],0,0,False,OHAYIH;USOKEV;ZOLWOO
808045304316,3,3,3,1,1,6,Zn,[H]C1NC(c2nnn[nH]2)C([H])C([H])C1[H];[H]C1NC(c2nnn[nH]2)C([H])C([H])C1[H];[H]O[H,0.0,0.13,False,OHORIM;OHORIM01;OHORIM02
43083842286,2,2,2,2,1,6,V,N#CC(S)=C(S)C#N;N#CC(S)=C(S)C#N;N#CC(S)=C(S)C#N,0.0,1.47,False,OJIMIH;UKIQEL
856180136642,2,2,2,1,1,5,Zn,Cl;Cl;[H]OC([H])([H])C([H])([H])OC(=O)C1C([H])C([H])C(C2C([H])C(C3C([H])C([H])C(,0.0,0.01,False,OKIYOY;OKIYOY01
208055175819,2,2,2,1,1,4,Pd,I;I;[H]C1C([H])C([H])C(P2C([H])(C([H])([H])[H])C([H])([H])C([H])([H])C2([H])C([H,0.0,0.01,False,OKOHEB;OKOHEB01
907766264647,2,2,2,1,1,2,Pt,[H]C1C([H])C([H])C(P(C2C([H])C([H])C([H])C([H])C2[H])C([H])([H])P(C2C([H])C([H]),0,0,False,OLAGIT;YOFHEH
6882420401,2,2,2,1,1,4,Ni,[H]C(=NN=C(S)N([H])C([H])([H])[H])C1C([H])C(Br)C([H])C([H])C1O;[H]C1C([H])C([H]),0.0,0.02,False,OLAYIL;OLAYIL01
69722896040,2,2,2,1,1,6,Ni,O=[N+]([O-])O;O=[N+]([O-])O;[H]C1=NC(C2=N(O)C(C([H])([H])[H])(C([H])([H])[H])C(C,0.0,0.03,False,OMAHOZ;OMAHOZ02
386715935840,2,2,2,1,1,4,Pt,[H]C1C([H])C([H])C(C#C)C([H])C1[H];[H]C1C([H])C([H])C(P(C2C([H])C([H])C([H])C([H,0.0,0.03,False,OMIKUQ;RABXAU
634532564678,2,2,2,1,1,4,Cu,[H]C1C([H])C([H])C2C(C1[H])N(C([H])([H])C([H])([H])N1C(=S)N(C([H])(C([H])([H])[H,0.0,0.01,False,ONOSAO;ONOSAO01
415630331029,2,2,2,2,1,2,Pd,[H]C([H])([H])C1=C(C([H])([H])[H])N(C([H])([H])[H])CN1C([H])([H])[H];[H]C([H])([,0,0,False,OPEREI;OPEROS
735808775382,2,2,2,1,1,5,Zn,N=C=S;N=C=S;[H]C1NC(C(=NC([H])([H])C([H])([H])N(C([H])([H])C([H])([H])[H])C([H]),0.0,0.01,False,OPUJOZ;OPUJOZ01
423356727892,5,5,5,3,1,3,Pt,Cl;[H]C1C([H])C([H])C(P(C2C([H])C([H])C([H])C([H])C2[H])C2C([H])C([H])C([H])C([H,0,0,False,OSENOR;PETLAC;PILHAT01;SESQAI;SOTYEJ
842897898665,2,2,2,2,1,4,Zn,[H]C(=C([H])C1C([H])C(F)C([H])C([H])C1F)C1C([H])C([H])NC([H])C1[H];[H]C(=C([H])C,0,0,False,OSEWAN02;OSEWAN03
310216103637,2,2,2,2,1,6,Fe,[H]C1=NN(B(C2C([H])C([H])C([H])C([H])C2[H])(N2N=C([H])C([H])=C2[H])C([H])([H])SC,0.0,2.49,False,OTUSUS;OTUSUS01
272089735766,2,2,2,1,1,4,Pd,Cl;[H]C1NC2C(NC(=O)C([H])([H])SC3C([H])C([H])C([H])C([H])C3[H])C([H])C([H])C([H],0.0,0.01,False,OXETUI;OXETUI01
415967930922,5,5,2,2,1,2,Ag,[H]c1nc(C([H])([H])[H])n(C([H])([H])C([H])([H])C2NC(N([H])[H])NC(N([H])[H])N2)c1,0,0,False,OYAYAQ;SACRAS;SACREW;SACRIA;SADCEI
327990641989,2,2,2,1,1,6,Co,Cl;[H]N1C([H])([H])C([H])([H])N([H])C([H])([H])C(N([H])[H])(C([H])([H])[H])C([H],0,0,False,PACHAC;QALQAV
584501113517,2,2,2,2,2,6,Mo,O;O;[H]C(=NN=C(O)C1C([H])C([H])NC([H])C1[H])C1C([H])C([H])C([H])C([H])C1O;[H]OC(,0.0,1.45,True,PAGCEF;PAGCEF01
886507540409,3,3,2,1,1,5,Co,[H]C([H])([H])C#N;[H]C1NC(C([H])([H])N(C([H])([H])C2NC([H])C([H])C([H])C2[H])C([,0.0,0.08,True,PAJSEB;RUKZOM;RUKZOM01
352047497914,2,2,2,1,1,4,Pd,Cl;Cl;[H]C(=NC1C([H])C([H])C([H])C(C([H])([H])[H])C1C1C(N=C([H])c2oc(C([H])([H]),0.0,0.12,False,PAKLUJ;PAKMAQ
176707694165,2,2,2,2,1,6,Co,[H]c1nn(C2NC(n3nc([H])c([H])c3[H])C([H])C([H])C2[H])c([H])c1[H];[H]c1nn(C2NC(n3n,0.0,0.27,False,PANLAU;ZUNTIO
873817077759,3,3,3,1,1,4,Ni,[H]ON=C(C(=NC([H])([H])C([H])([H])C([H])([H])N=C(C(=NO)C([H])([H])[H])C([H])([H],0,0,False,PBUXNI;PBUXNI01;PBUXNI02
863523944573,3,3,2,1,1,6,Fe,[H]C1C([H])C([H])C(SC([H])([H])C([H])([H])SC2C([H])C([H])C([H])C([H])C2NC2C([H]),0,0,False,PEDHOZ;PEDTAX;PEDTEB
693438426508,2,2,2,2,1,2,Ni,[H]C([H])([H])N1CN(C([H])([H])[H])C(C([H])([H])C([H])([H])[H])=C1C([H])([H])C([H,0,0,False,PEDNOF;SUTGEW
24653164084,2,2,2,1,1,6,Ni,[H]O[H];[H]O[H];[H]O[PH](O)(O)OP(=O)(O)O;[H]O[PH](O)(O)OP(=O)(O)O,0.0,0.58,False,PEGLAP;PEGLAP01
793483309492,2,2,2,2,1,6,Cu,[H]C([H])([H])C(O)O;[H]C([H])([H])C(O)O;[H]OC(c1nc([H])c([H])n1C([H])([H])[H])(c,0,0,False,PEHQAU;PEHQEY
905257435281,2,2,2,1,1,6,Ni,[H]C(C(=O)O)=C([H])C(=O)O;[H]C1NC(C2NC([H])C([H])C(C([H])([H])[H])C2[H])C([H])C(,0.0,0.13,True,PEMDOD;PEMDOD01
601022549070,2,2,2,1,1,4,Pt,[H]C1C([H])C([H])C(S)C(S)C1[H];[H]C1NC(C2NC([H])C([H])C(C(C([H])([H])[H])(C([H]),0.0,0.01,False,PEMJOI;PEMJOI01
337813235044,3,3,3,1,1,2,Rh,[H]C1C([H])C(OC([H])([H])[H])C(NC(C([H])C(NC2C(OC([H])([H])[H])C([H])C([H])C([H],0,0,False,PEMMUS;PEMNAZ;PEMNED
852307051850,2,2,2,1,1,3,Ag,[H]C([H])([H])C#N;[H]C1C([H])C(C2NC(C([H])([H])[H])C([H])C(C3C([H])C([H])C(Br)C(,0,0,False,PEMPAC;PEMPAC01
578196566439,3,3,2,1,1,6,Mn,OC1C(O)C(Br)C(Br)C(Br)C1Br;OC1C(O)C(Br)C(Br)C(Br)C1Br;[H]OC([H])([H])[H];[H]OC([,0,0,False,PENHEY;PENHIC;UMEVEP
786263039837,2,2,2,2,1,5,Mn,OC1C(O)C(Br)C(Br)C(Br)C1Br;OC1C(O)C(Br)C(Br)C(Br)C1Br;[H]OC([H])([H])[H],0,0,False,PENHOI;VOBCAR
293527245014,2,2,2,1,1,3,Pt,Cl;[H]C([H])([H])P(C([H])([H])[H])C([H])([H])[H];[H]C([H])([H])P(C([H])([H])[H]),0,0,False,PETMEH;PETMIL
560105955683,2,2,2,1,1,3,Ir,[H]C([H])([H])P(C([H])([H])[H])C([H])([H])[H];[H]C([H])([H])P(C([H])([H])[H])C([,0,0,False,PEYPIW;YUTWEP
905425638504,2,2,2,1,1,4,Cu,[H]C(=NC([H])([H])C([H])([H])N=C([H])C1C([H])C(Cl)C([H])C([H])C1O)C1C([H])C(Cl)C,0.0,0.0,False,PIFKUK;PIFKUK02
768594993863,2,2,2,1,1,4,Zn,[H]C1C([H])C([H])C(NN=C2C(=S)N(C3C([H])C([H])C([H])C([H])C3[H])N=C2C([H])([H])[H,0.0,0.03,False,PIQTOY;PIQTOY01
467515182615,2,2,2,2,1,6,Zn,O=[N+]([O-])O;O=[N+]([O-])O;[H]C1NC([H])C([H])C(C2=NC3C([H])C([H])C([H])C([H])C3,0.0,0.52,False,PITDEC;PITDEC01
498102141694,2,2,2,2,1,5,Cu,[H]N([H])c1nc(-c2nc(N([H])[H])n([H])n2)nn1[H];[H]N([H])c1nc(-c2nc(N([H])[H])n([H,0.0,2.09,False,POMMUB;POMMUB01
329354343859,2,2,2,2,1,6,Cu,[H]O[H];[H]O[H];[H]O[H];[H]O[H];[H]n1nc(-c2nn([H])c(=N[N+](=O)[O-])[nH]2)[nH]c1=,0.0,2.59,False,POQCOP;POQCOP01
405600777266,2,2,2,1,1,4,Zn,Cl;Cl;[H]C(=O)C1C([H])C([H])C(OC([H])([H])[H])C([H])C1[H];[H]C(=O)C1C([H])C([H]),0.0,0.01,False,PORJEL;PORJEL01
332981369811,2,2,2,1,1,4,Pt,[H]N([H])[H];[H]N([H])[H];[H]OC1NC([H])C([H])C([H])C1[H];[H]OC1NC([H])C([H])C([H,0.0,0.01,False,PRDPTB;PRDPTB10
983344174954,2,2,2,1,1,4,Rh,[H]C1C([H])C([H])C(P(C2C([H])C([H])C([H])C([H])C2[H])C2C([H])C([H])C([H])C([H])C,0.0,0.05,True,PUDJUU;PUDKAB
350120332103,2,2,2,1,1,6,Mn,[H]C1C([H])C([H])C(C2C([H])C([H])C(C(=O)O)C([H])C2[H])C([H])C1[H];[H]C1C([H])C([,0.0,0.19,False,PUFREO;PUFREO01
477451035319,2,2,2,1,1,3,Ag,[H]OC1C([H])C([H])C([H])C([H])C1C([H])=NN([H])C(=O)C1C([H])C([H])NC([H])C1[H];[H,0,0,False,PUHNEM;PUHNEM01
36285919625,3,3,3,1,1,6,Cu,[H]C1C([H])C([H])N(O)C([H])C1[H];[H]C1C([H])C([H])N(O)C([H])C1[H];[H]C1C([H])C([,0.0,0.03,False,PYOCUA10;PYOCUC;PYOCUC01
726333751253,2,2,2,1,1,6,Co,Cl;Cl;[H]c1nn([H])c([H])c1[H];[H]c1nn([H])c([H])c1[H];[H]c1nn([H])c([H])c1[H];[H,0.0,0.38,False,PYRZCO01;PYRZCO02
805935833663,2,2,2,2,1,6,Ni,[H]C1NN(B([H])(N2NC([H])C([H])C2[H])N2NC([H])C([H])C2[H])C([H])C1[H];[H]C1NN(B([,0.0,3.42,False,PYZBNI02;PYZBNI03
124849541238,2,2,2,2,1,6,Co,O=N=O;O=N=O;[H]N([H])C([H])([H])C([H])([H])N([H])C([H])([H])C([H])([H])C([H])([H,0,0,False,QADNUE;QADNUE01
162175255491,2,2,2,2,1,5,Mn,Cl;Cl;[H]C1C([H])C(N([H])P(C([H])(C([H])([H])[H])C([H])([H])[H])C([H])(C([H])([H,0.0,5.19,True,QAFCOS;QAFCOS01
546894835258,2,2,2,1,1,6,Zn,[H]OC1C(C(=O)O)NC([H])C([H])C1[H];[H]OC1C(C(=O)O)NC([H])C([H])C1[H];[H]O[H];[H]O,0.0,1.17,False,QAFHAH;QAFHAH01
183929403930,2,2,2,2,1,6,Fe,N=C=S;N=C=S;[H]C1NC(C2=NNC(C3NC([H])C([H])C([H])C3[H])=N2N([H])[H])C([H])C([H])C,0.0,1.49,False,QAHVIE;QAHVIE01
817887130576,2,2,2,1,1,4,Pt,Cl;Cl;[H]C1C([H])C([H])C(P(C2C([H])C([H])C([H])C([H])C2[H])C2C([H])C([H])C([H])C,0.0,0.59,False,QASRAG;QASREK
309233997274,2,2,2,1,1,6,Zn,[H]C1NC(N([H])C2C([H])C([H])C([H])C(C(F)(F)F)C2[H])C(C(=O)O)C([H])C1[H];[H]C1NC(,0.0,0.32,False,QASVEO;QASVEO01
151859501997,2,2,2,1,1,6,Mn,[H]C(C(=O)O)=C([H])C1C([H])NC([H])C([H])C1[H];[H]C(C(=O)O)=C([H])C1C([H])NC([H]),0.0,0.39,False,QAXSEO;QAXSEO01
22008748073,2,2,2,1,1,2,Ni,[H]C([H])([H])C(P(C([H])([H])C([H])([H])P(C(C([H])([H])[H])(C([H])([H])[H])C([H],0,0,False,QEJPOL;TACMOB
68080446257,2,2,2,1,1,3,Pd,Cl;[H]C1CC(C([H])(N(C([H])([H])[H])C([H])([H])[H])C([H])([H])[H])C([H])C([H])C1[,0,0,False,QEJTAA;QEJTEE
135922635587,3,3,3,1,1,4,Pd,[H]C1C([H])C([H])C(P2C3([H])C(C([H])([H])[H])=C(C([H])([H])[H])C2([H])C([H])(C(=,0.0,0.06,False,QELTOQ;WIJXES;WIJXES01
580804200155,2,2,2,2,1,4,Cu,[H]C1C([H])C(N([H])[H])C([H])C([H])C1C(=O)N([H])O;[H]C1C([H])C(N([H])[H])C([H])C,0,0,False,QEMYIT;QOFKAX
15654945725,2,2,2,1,1,4,Pt,C#O;[H]C([H])([H])OC1C(OC([H])([H])[H])C(N(=O)O)CC([N+](=O)[O-])C1OC([H])([H])[H,0.0,0.03,False,QENPOP;QENPUV
629912411390,2,2,2,2,1,6,Ni,N#CNC#N;N#CNC#N;[H]C1NC(N([H])C2NC([H])C([H])C([H])C2[H])C([H])C([H])C1[H];[H]C1,0.0,1.45,True,QERKOO;QERKOO01
26469748976,2,2,2,1,1,4,Zn,Cl;Cl;Cl;[H]C1([H])N2C([H])([H])C([H])([H])N([H])(C1([H])[H])C([H])([H])C2([H])[,0.0,0.02,False,QIBFOW;QIBFOW01
687282208797,2,2,2,2,1,2,Ag,O=[N+]([O-])O;[H]C1NC([H])C([H])C(C(=O)N([H])C2C([H])C([H])C([H])C([H])C2[H])C1[,0,0,False,QIBHEP;QIBHIT
317939890085,2,2,2,1,1,6,Ni,[H]C1C([H])C([N+](=O)[O-])C([H])C([H])C1C(=O)O;[H]C1C([H])C([N+](=O)[O-])C([H])C,0.0,0.09,False,QIHRAA;QIHRAA01
467256274420,4,4,3,1,1,4,Zn,Cl;Cl;[H]C1NC([H])C([H])C(N([H])[H])C1[H];[H]C1NC([H])C([H])C(N([H])[H])C1[H],0.0,0.05,False,QIMPOT;QIMPOT01;QIMPOT02;QIMPOT03
146817423390,2,2,2,1,1,2,Ag,[H]C(=C([H])C1C([H])C([H])C(n2nc([H])nc2[H])C([H])C1[H])C1=C([H])C(=C(C#N)C#N)C(,0,0,False,QIPXEU;QIPXOE
52226545346,2,2,2,1,1,4,Zn,[H]C1=C(C2C([H])C([H])C([H])C([H])C2[H])C(=Nc2[nH]c(C3C([H])C([H])C([H])C([H])C3,0.0,0.01,True,QIYYED;QIYYED01
930698005939,2,2,2,1,1,6,Fe,[H]c1nn(C([H])(C2NC([H])C([H])C([H])C2[H])n2nc([H])c([H])c2[H])c([H])c1[H];[H]c1,0.0,0.45,False,QIZBAE;SOFNEG
20063712717,2,2,2,2,1,2,Hg,[H]C1CC2NC([H])C([H])C([H])C2C([H])C1[H];[H]C1CC2NC([H])C([H])C([H])C2C([H])C1[H,0,0,False,QODCOD;QODCOD01
598152175726,2,2,2,1,1,4,Pd,[H]C(C(=O)C1C([H])C([H])C(OC([H])([H])[H])C([H])C1[H])=C(S)SC([H])([H])[H];[H]C(,0.0,0.01,False,QOHQAH;QOHQAH02
152989786059,2,2,2,2,1,6,Co,Cl;[H]N([H])C([H])([H])C([H])([H])N([H])C([H])([H])C1([H])N([H])C([H])([H])C([H],0.0,3.15,True,QOJFOK;QOJFOK01
657746961869,2,2,2,1,1,6,Ni,[H]C([H])([H])C#N;[H]C([H])([H])C#N;[H]O[H];[H]O[H];[H]O[H];[H]O[H],0.0,0.17,False,QOQKIQ;QOQKIQ01
664560436250,2,2,2,2,1,4,Ir,N#N;[H]C1C([H])C(C([H])([H])[H])C([H])C(P(C([H])(C([H])([H])[H])C([H])([H])[H])C,0.0,0.04,False,QOSSOH;YUDXUR
630577147804,2,2,2,1,1,6,Co,[H]C1NC([H])C([H])C(c2nnc(C3C([H])C([H])NC([H])C3[H])[nH]2)C1[H];[H]C1NC([H])C([,0.0,0.01,False,QOTJIT;QOTJIT01
99830397353,3,3,3,2,1,6,Co,[H]O[H];[H]O[H];[H]c1c(C(=O)O)nn([H])c1[H];[H]c1c(C(=O)O)nn([H])c1[H],0.0,1.58,False,QOYMAU;QOYMAU01;QOYMAU02
288206331005,2,2,2,1,1,4,Ag,[H]C1C([H])C([H])C(P(C2C([H])C([H])C([H])C([H])C2[H])C2C([H])C([H])C([H])C([H])C,0.0,0.02,False,QOZDAN;QOZDAN01
103045983764,2,2,2,2,2,4,Cu,[H]C(C(O)C([H])([H])[H])C(O)C(F)(F)F;[H]C(C(O)C([H])([H])[H])C(O)C(F)(F)F,0.0,7.98,False,QQQBWP02;QQQBWP03
798232071463,2,2,2,1,1,3,Cu,Cl;[H]C1C([H])C([H])C(P(C2C([H])C([H])C([H])C([H])C2[H])C2C([H])C([H])C3C4C2C([S,0,0,False,QUBKAC;QUBKAC01
225933736166,2,2,2,1,1,2,Pd,[H]C1C([H])C([H])C(P(C([H])([H])[H])C([H])([H])[H])C([H])C1[H];[H]C1C([H])C([H]),0,0,False,QUDDOI;YAQDIH
169014033808,2,2,2,2,1,4,Co,[H]C(=NC1C([H])C([H])C([H])C([H])C1C1C([H])C([H])C([H])C([H])C1[H])N(O)C1C([H])C,0,0,False,QUDHAA;QUDHEE
747272709519,2,2,2,1,1,6,Co,Br;Br;[H]OC1(C([H])([H])[H])C2NC(C([H])C([H])C2[H])C2NC(C([H])C([H])C2[H])C(O[H],0,0,False,QULHEN;QULHIR
461167587155,2,2,2,1,1,4,Pt,[H]c1nn(C([H])([H])n2nc([H])c([H])c2[H])c([H])c1[H];[H]c1nn(C([H])([H])n2nc([H]),0.0,0.01,False,QUMQIC;QUMQOI
674336914908,2,2,2,2,1,6,Zn,[H]C1NC(C([H])([H])N([H])C([H])(C(=O)O)C([H])([H])[H])C([H])C([H])C1[H];[H]C1NC(,0.0,4.6,False,QURSOM;QURTED
506974753104,2,2,2,1,1,4,Fe,[H]C1C([H])C([H])C(C2=NC(C([H])([H])[H])(C([H])([H])[H])C([H])([H])O2)C(S)C1[H];,0.0,0.01,False,QUSJAQ;QUSJAQ01
113649901874,2,2,2,2,1,3,Pt,[H]C1C([H])C([H])C(P(C([H])([H])[H])C([H])([H])[H])C([H])C1[H];[H]C1C([H])C([H]),0,0,False,RAKHAN;VEJVAJ
838621998991,3,3,3,1,1,3,Pt,[H]C([H])([H])C(N#C)(C([H])([H])[H])C([H])([H])[H];[H]C([H])([H])C(N#C)(C([H])([,0,0,False,RAMWOU;RAMWUA;RAMXAH
777479168717,2,2,2,1,1,6,Fe,[H]C(=NC([H])([H])C([H])([H])C([H])([H])[H])c1nc(C([H])([H])[H])n([H])c1[H];[H]C,0,0,False,RANDER06;RANDER07
294445039863,2,2,2,1,1,6,Fe,[H]C(=NC([H])(C1C([H])C([H])C([H])C([H])C1[H])C([H])([H])[H])C1NC([H])C([H])C([H,0,0,False,RAPFAS;VURLAY
669636353365,2,2,2,1,1,4,Ni,[H]C1=C([H])c2nc1c(C1C([H])C([H])C([H])C([H])C1[H])c1[nH]c(c([H])c1[H])c(C1C([H],0.0,0.01,False,RAQJIG;ZZZUUC02
371310037364,2,2,2,1,1,4,Cu,[H]C(=NC1C([H])C([H])C(Br)C([H])C1[H])C1C([H])C([H])C([H])C([H])C1O;[H]C(=NC1C([,0.0,0.01,False,RASNUU;RASNUU01
783121324542,2,2,2,1,1,5,Co,N=C=S;N=C=S;[H]C1C(C2=NC3C([H])C([H])C([H])C([H])C3N2[H])NC(C2=NC3C([H])C([H])C(,0.0,0.01,False,RAWRUF;RAWRUF01
22398162861,2,2,2,2,1,3,Re,[H]C1C([H])C([H])C(P(C([H])([H])[H])C([H])([H])[H])C([H])C1[H];[H]C1C([H])C([H]),0,0,False,REDPUL;TISHUC
18110372296,4,4,3,2,2,4,Ni,[H]C1=C([H])c2nc1c(C1C(F)C(F)C(F)C(F)C1F)c1[nH]c(c([H])c1[H])c(C1C(F)C(F)C(F)C(F,0.0,8.58,False,REVMEL;REVMEL01;REVMEL02;REVMEL03
258318810221,2,2,2,2,1,3,Ru,Cl;Cl;[H]CC1C([H])C([H])C([H])C([H])C1[H],0,0,False,REVTUK;REVVAS
863150676455,4,4,3,1,1,6,Mn,C#N;C#N;C#N;C#N;C#N;C#N,0.0,0.08,False,REVYOG;WUYFIH;WUYFIH01;WUYFIH02
778736011506,8,8,4,1,1,6,Fe,OC1C(O)C(Cl)C(Cl)C(Cl)C1Cl;[H]C1NC(C([H])([H])N(C([H])([H])C2NC([H])C([H])C([H]),0,0,False,REWBAY;REWBAY01;REWBAY02;REWBAY03;TAMTAD;TAMTEH01
155253928830,3,3,3,2,1,6,Fe,OC1C(O)C(Cl)C(Cl)C(Cl)C1Cl;[H]C1NC(C([H])([H])N(C([H])([H])C2NC([H])C([H])C([H]),0,0,False,REWBAY04;REWBAY05;REWBAY07
593518142876,2,2,2,1,1,6,Fe,OC1C(O)C(Cl)C(Cl)C(Cl)C1Cl;[H]C1NC(C([H])([H])N(C([H])([H])C2NC([H])C([H])C([H]),0,0,False,REWBAY06;TAMTEH03
228979947745,2,2,2,2,1,4,Zr,[H]C1([H])C([H])([H])C([H])([H])C([H])(N[Si](C([H])([H])[H])(C([H])([H])[H])C([H,0.0,0.27,True,RIKCOC;RIKCOD
306216419122,2,2,2,1,1,3,Hf,[H]C([H])([H])NC([H])([H])[H];[H]C([H])([H])NC([H])([H])[H];[H]C([H])([H])NC([H],0,0,False,RIPCOJ;YAVCII
612384206733,3,3,2,1,1,6,Fe,[H]C1NC2C3NC([H])C([H])C([H])C3C([H])C([H])C2C([H])C1[H];[H]C1NC2C3NC([H])C([H]),0,0,False,RIQPUF;YUJTUV;ZOPROO
134183861777,2,2,2,1,1,6,Co,N=C=S;N=C=S;[H]c1nn(C([H])([H])n2nc([H])c([H])c2[H])c([H])c1[H];[H]c1nn(C([H])([,0.0,0.23,False,ROBZAN;SETJAE
435751631243,2,2,2,1,1,3,Pd,Cl;[H]C([H])([H])C(P(C(C([H])([H])[H])(C([H])([H])[H])C([H])([H])[H])C(C([H])([H,0,0,False,ROJZIA;ROJZOG
843992523396,10,10,3,1,1,6,Fe,N=C=S;N=C=S;[H]C(=NC1C([H])C([H])C(C2C([H])C([H])C([H])C([H])C2[H])C([H])C1[H])C,0,0,False,RONPIT02;RONPIT03;RONPIT05;RONPIT28;RONPIT29;RONPIT34
805911365657,3,3,2,1,1,4,Zn,[H]C([H])C([H])([H])[H];[H]C([H])C([H])([H])[H];[H]C1NC(C2NC([H])C([H])C(C(C([H],0.0,0.02,False,ROQQIZ;ROQQIZ01;ROQQIZ03
747063930667,3,3,2,2,1,2,Hg,I;I,0,0,False,RUFDUU;TIZNUN;XEWKIU
273408433438,4,4,3,2,2,4,Ni,[H]C([H])([H])C1([H])SC(S)=C(S)SC1([H])[H];[H]C([H])([H])C1([H])SC(S)=C(S)SC1([H,0.0,8.83,False,RUQLUK01;UNUCIS;UNUCOY;WEBQUT
147503315253,2,2,2,1,1,4,Cu,[H]c1c([H])n([H])c(=S)c(=S)n1[H];[H]c1c([H])n([H])c(=S)c(=S)n1[H],0.0,0.7,False,SACZEF;SACZEF01
855719980188,2,2,2,1,1,4,Cu,[H]C1C([H])C([H])C(OC([H])([H])C2NC3C4NC(C([H])([H])OC5C([H])C([H])C([H])C([H])C,0.0,0.06,False,SAGLUK;SAGLUK01
821179095977,3,3,2,2,1,2,Zn,[H]C([H])[H];[H]C([H])[H],0,0,False,SAJDEO;SAJDEO02;UVULON
230032769976,2,2,2,1,1,3,Fe,[H]C([H])([H])[Si](N[Si](C([H])([H])[H])(C([H])([H])[H])C([H])([H])[H])(C([H])([,0,0,False,SAKWIM;SAKWIM01
745094217275,2,2,2,1,1,5,V,O;[H]C1C([H])C([H])C(C([H])(N(C([H])([H])[H])C([H])([H])[H])C([H])([H])[H])C(O)C,0.0,0.01,True,SALFOB;SALFUH
265805415231,2,2,2,1,1,6,Co,Cl;[H]ON=C(C(=NO)C([H])([H])[H])C([H])([H])[H];[H]ON=C(C(=NO)C([H])([H])[H])C([H,0,0,False,SANSAC;SANSAC01
77754034310,2,2,2,2,1,6,Ni,N=C=S;N=C=S;[H]C1NC(c2nnc(C3NC([H])C([H])C([H])C3[H])n2N([H])[H])C([H])C([H])C1[,0.0,1.4,False,SAQBOF;SAQBOF01
961764548683,2,2,2,1,1,6,Cu,[H]C(=Nn1c([H])nnc1[H])C1C([H])C([H])C([H])C(OC([H])([H])[H])C1O;[H]C(=Nn1c([H]),0.0,0.24,False,SATLOR;SATLOR01
171688258010,2,2,2,1,1,2,Ni,[H]C1C([H])C([H])C(P(C2C([H])C([H])C([H])C([H])C2[H])C2C([H])C([H])C([H])C([H])C,0,0,False,SAWSAL;TUQSON
864924197319,2,2,2,1,1,3,Ag,N#CS;[H]N1C(=S)N([H])C([H])([H])C1([H])[H];[H]N1C(=S)N([H])C([H])([H])C1([H])[H],0,0,False,SCYNAG;SCYNAG01
422454719228,2,2,2,2,2,6,Ni,[H]c1nc(-c2nc([H])c([H])n2[H])n([H])c1[H];[H]c1nc(-c2nc([H])c([H])n2[H])n([H])c1,0.0,3.43,True,SEGWEI;SEGXIN
905693458323,2,2,2,2,1,6,Mn,[H]c1nc(-c2nc([H])c([H])n2[H])n([H])c1[H];[H]c1nc(-c2nc([H])c([H])n2[H])n([H])c1,0.0,3.43,False,SEGWIM;SEGXOT
821223814285,2,2,2,1,1,6,Cu,[H]C1NC(C2NC(OC([H])([H])C([H])([H])N([H])C([H])([H])C(=O)N([H])[H])C([H])C([H]),0,0,False,SEHWEL;SEHWEL01
987785691113,2,2,2,1,1,4,Ni,I;[H]c1c(C([H])([H])P(C2C([H])C([H])C([H])C([H])C2[H])C2C([H])C([H])C([H])C([H]),0.0,0.01,False,SEMCUK;SEMCUK01
658909747194,2,2,2,1,1,4,Pd,[H]C1C([H])C([H])C(P(C2C([H])C([H])C([H])C([H])C2[H])C2C([H])C([H])C([H])C3C2OC2,0.0,0.01,False,SEQVUG;SEQVUG01
723201785514,3,3,3,2,1,3,Ir,C#O;[H]C([H])([H])P(C([H])([H])[H])C([H])([H])[H];[H]C([H])([H])P(C([H])([H])[H],0,0,False,SETVOC;WOVQON;WOVQUT
410533897488,2,2,2,1,1,4,Cu,[H]C1C([H])C([H])C2NC(=O)C([H])([H])N([H])C([H])([H])C([H])([H])C([H])([H])N([H],0,0,False,SICVAC;SICVAC01
38432595094,2,2,2,1,1,4,Zn,[H]C([H])([H])N(C([H])([H])[H])C([H])([H])C([H])([H])N(C([H])([H])[H])C([H])([H],0.0,0.01,True,SIDPAY;SIDPEC
622477884302,2,2,2,2,1,6,Co,[H]C1NC(S)C([H])C([H])C1[H];[H]C1NC(S)C([H])C([H])C1[H];[H]C1NC(S)C([H])C([H])C1,0,0,False,SIKKAY;ZOZPAF
936896815472,2,2,2,1,1,5,Cu,O=S(=O)(O)C(F)(F)F;[H]C1NC2C3NC([H])C([H])C([H])C3C([H])C([H])C2C([H])C1[H];[H]C,0.0,0.01,False,SILGEC;SILGEC01
994156400350,3,3,3,3,1,2,Pd,[H]C([H])([H])C([H])([H])P(C([H])([H])C([H])([H])[H])C([H])([H])C([H])([H])[H];[,0,0,False,SISDOQ;TUXTEL;YOFFIJ
414513150693,2,2,2,1,1,4,Fe,Cl;Cl;[H]c1c([H])c([H])n([H])c(=S)c1[H];[H]c1c([H])c([H])n([H])c(=S)c1[H],0.0,0.02,False,SIWVAV;SIWVAV01
724087964296,2,2,2,1,1,6,Zn,[H]C1NC2C(O)=NN([H])C(=O)C2C([H])C1[H];[H]C1NC2C(O)=NN([H])C(=O)C2C([H])C1[H];[H,0.0,0.98,False,SOBRAD;SOBRAD01
325119471040,2,2,2,1,1,4,V,O;[H]C1C(C([H])([H])[H])CC(C([H])([H])[H])C([H])C1C([H])([H])[H];[H]C1C(C([H])([,0.0,0.02,False,SOCLAX;SOCLAX10
830595071020,2,2,2,1,1,4,Ni,[H]C(=NN=C(S)N([H])C1C([H])C([H])C([H])C([H])C1[H])c1oc([H])c([H])c1[H];[H]C(=NN,0.0,0.01,False,SOGVEQ;SOGVEQ01
570228806501,2,2,2,1,1,4,Ti,[H]C1C([H])C([H])C(C(C([H])([H])[H])(C([H])([H])[H])C([H])([H])[H])C(O)C1[H];[H],0.0,0.01,False,SOMJIN;SOMJIN01
80038683732,2,2,2,1,1,4,Zn,Br;[H]C1C([H])C([H])C(B(N2NC(C(C([H])([H])[H])(C([H])([H])[H])C([H])([H])[H])C([,0.0,1.85,False,SORFEN;SORFEN01
995300208872,2,2,2,1,1,6,Ni,[H]OC([H])([H])N([H])C(=O)C1C([H])NC([H])C([H])C1[H];[H]OC([H])([H])N([H])C(=O)C,0.0,0.08,False,SUGHOR;SUGJAF
930351847501,2,2,2,1,1,6,Co,[H]C1NN(C([H])(N2NC([H])C([H])C2[H])N2NC([H])C([H])C2[H])C([H])C1[H];[H]C1NN(C([,0.0,1.21,False,SUHCED;SUHCED01
145929209036,7,7,2,1,1,6,Co,[H]C1C(O)C(O)C(C(C([H])([H])[H])(C([H])([H])[H])C([H])([H])[H])C([H])C1C(C([H])(,0,0,False,SUHZAX;SUHZAX01;SUHZAX02;SUHZAX03;SUHZAX04;SUHZAX05
827509378322,2,2,2,2,2,4,Pd,[H]N1C([H])([H])C([H])([H])C([H])([H])C([H])([H])C1([H])C(=O)O;[H]N1C([H])([H])C,0.0,10.06,False,SULQUP;SULREA
1258056009,2,2,2,1,1,4,Pt,[H]C1([H])SC(S)=C(S)SC1([H])[H];[H]C1C([H])C([H])C(P(C2C([H])C([H])C([H])C([H])C,0.0,0.02,False,SUMSUP;SUMSUP01
113999095920,2,2,2,2,2,4,Pt,I;I;[H]C([H])([H])S(=O)C([H])([H])[H];[H]C1C([H])C([H])C2C([H])C3C([H])C([H])C([,0.0,8.58,False,SUXVIR;SUXVIR01
502969687197,2,2,2,1,1,4,Cu,[H]C(=NC1C([H])C([H])C([H])C([H])C1C([H])([H])[H])C1C(O)C([H])C([H])C2C([H])C([H,0.0,0.01,False,SUYKON;SUYKON01
86375638824,3,3,3,3,1,3,Os,Cl;[H]C([H])([H])C([H])(P(C([H])(C([H])([H])[H])C([H])([H])[H])C([H])(C([H])([H],0,0,False,TAJWIL;YUWRUE;YUWSAL
894004762031,2,2,2,1,1,6,Co,[H]C1=C(C(=O)O)C(=O)OC2C([H])C([H])C([H])C([H])C12;[H]C1=C(C(=O)O)C(=O)OC2C([H]),0.0,0.63,False,TAMGUN;TAMGUN01
270627156705,3,3,2,1,1,6,Fe,[H]C1C(O)C(O)C([H])C([N+](=O)[O-])C1[N+](=O)[O-];[H]C1NC(C([H])([H])N(C([H])([H],0,0,False,TAMSOQ;TAMSOQ01;TAMSUW01
900241556629,2,2,2,2,1,6,Fe,OC1C(O)C(Cl)C(Cl)C(Cl)C1Cl;[H]C1NC(C([H])([H])N(C([H])([H])C2NC([H])C([H])C([H]),0,0,False,TAMTEH;TAMTEH02
666971668230,2,2,2,1,1,6,Ti,[H]O;[H]O;[H]O;[H]O;[H]O;[H]O,0.0,0.1,False,TAQWOZ;TAQXAM
169157917282,2,2,2,1,1,3,Cu,Cl;[H]C1C([H])C([H])C(N([H])C(=S)N([H])C2C([H])C([H])C([H])C([H])C2[H])C([H])C1[,0,0,False,TAZQET;WUDFAD
39810725582,3,3,3,1,1,6,Ni,[H]OC(=O)C1NC([H])C([H])NC1C(=O)O;[H]OC(=O)C1NC([H])C([H])NC1C(=O)O;[H]O[H];[H]O,0.0,1.39,False,TEBYOO;TEBYOO01;TEBYOO02
338203977489,2,2,2,1,1,4,Pt,C#N;C#N;[H]C([H])([H])N#C;[H]C([H])([H])N#C,0.0,0.01,False,TEFPOK;TEFPOK01
476889915254,2,2,2,1,1,4,Ag,N=C=S;[H]C1C([H])C([H])C(P(C2C([H])C([H])C([H])C([H])C2[H])C2C([H])C([H])C([H])C,0.0,0.04,False,TEGQOL;ZAXPAR
754147951641,2,2,2,1,1,6,Zn,[H]C(C(=O)O)=C([H])C1C([H])NC([H])C([H])C1[H];[H]C(C(=O)O)=C([H])C1C([H])NC([H]),0.0,0.03,False,TEJHUM;TEJHUM01
580386199250,2,2,2,1,1,3,Rh,[H]C([H])([H])P(C([H])([H])[H])C([H])([H])[H];[H]C1C([H])C([H])C(P(C2C([H])C([H],0,0,False,TENBEV;TINMUA
72033366041,7,7,6,1,1,6,Ni,[H]C1NC([H])C(C(=O)O)NC1[H];[H]C1NC([H])C(C(=O)O)NC1[H];[H]O[H];[H]O[H],0.0,0.95,False,TEWMUD;TEWMUD01;TEWMUD02;TEWMUD03;TEWMUD04;TEWMUD05
769748095607,2,2,2,1,1,4,Zn,[H]C(=NC1C([H])C([H])C([H])C([H])C1[H])C1C([H])C([H])C([H])C(OC([H])([H])[H])C1O,0.0,0.01,False,TEYDUZ;TEYDUZ01
27204967524,2,2,2,2,2,4,Cu,Cl;Cl;[H]C1NC(C2NNC(C3C([H])C([H])C([H])C([H])C3[H])C(C3C([H])C([H])C([H])C([H]),0.0,9.13,False,TIBJEU;TIBJEU01
590965167617,2,2,2,1,1,4,Cu,[H]C1=NC2C(S)NC([H])NC2N1[H];[H]C1C([H])C([H])C(P(C2C([H])C([H])C([H])C([H])C2[H,0.0,0.03,False,TIDXOV;TIDXOV01
909722178106,2,2,2,1,1,4,Pt,[H]C1C([H])C([H])C(C#C)C([H])C1[H];[H]C1C([H])C([H])C(C#C)C([H])C1[H];[H]C1NC(C2,0.0,0.01,False,TIHYOY;TIHYOY01
317205380546,2,2,2,2,1,4,Ni,[H]C1C([H])C(C([H])([H])[H])CC(C([H])([H])[H])C1[H];[H]C1NC(C2NC(C3NC([H])C([H]),0,0,False,TIQCAY;TIQCIG
754810568503,2,2,2,1,1,4,Zn,I;I;[H]C([H])([H])C#N;[H]C([H])([H])C#N,0.0,0.03,False,TIRLEL;TIRLEL01
270102905590,2,2,2,1,1,4,Pt,[H]C([H])C1C([H])C(C([H])([H])[H])C([H])C(C([H])([H])[H])C1C([H])([H])P(C([H])(C,0.0,0.01,False,TIRVUL;TIRVUL01
997033838543,2,2,2,2,1,2,Fe,[H]C([H])([H])C1=C(C([H])([H])[H])N(C([H])([H])[H])CN1C([H])([H])[H];[H]C([H])([,0,0,False,TIYDAK;TIYDEO
966896614466,2,2,2,1,1,5,Co,C#O;C#O;C#O;[H]C([H])C(=O)OC(C([H])([H])[H])(C([H])([H])[H])C([H])([H])[H];[H]C1,0.0,0.15,True,TIYVUS;TIYVUS01
867101512054,2,2,2,1,1,4,Pd,[H]C1C([H])C([H])C(P(C2C([H])C([H])C([H])C([H])C2[H])C([H])([H])C([H])([H])P(C2C,0.0,0.01,False,TIZJAO;TIZJAO01
611066115352,2,2,2,1,1,3,Cu,I;[H]C1C([H])C([H])C(N([H])C(=S)N([H])C2C([H])C([H])C([H])C([H])C2[H])C([H])C1[H,0,0,False,TOBFUM;TOBFUM01
738927838507,2,2,2,1,1,4,Rh,C#O;[H]C1C(C([H])([H])[H])NN(B([H])(N2NC(C([H])([H])[H])C([H])C2C([H])([H])[H])N,0.0,0.01,False,TOKHAC;TOKHAC01
808982135860,2,2,2,1,1,3,Ir,[H]C1C([H])C(C([H])([H])[H])C([H])C(P(C([H])(C([H])([H])[H])C([H])([H])[H])C([H],0,0,False,TOKLUC;TOKNOY
70249711513,2,2,2,2,1,5,Co,C#O;C#O;C#O;[H]C1C([H])C(C([H])([H])C=O)C([H])C([H])C1Cl;[H]C1C([H])C([H])C(P(C2,0.0,4.66,True,TOMNAK;TOMNAK01
891144640662,2,2,2,1,1,4,Pd,[H]C(=NC1C([H])C([H])C([H])C([H])C1N=C([H])C1C([H])C([H])C([H])C(OC([H])([H])[H],0.0,0.01,False,TOMYUS;TOMYUS01
22178114028,2,2,2,1,1,3,Cu,Cl;[H]N([H])C1NC(N([H])[H])NC(N([H])C2NC(N([H])[H])NC(N([H])[H])N2)N1,0,0,False,TOSXIM;TOSXIM01
559074479391,2,2,2,1,1,6,Fe,Cl;Cl;[H]c1c([H])c([H])c2c(c1[H])-c1nc-2c([H])c2[nH]c(c([H])c3nc(c([H])c4[nH]c(c,0.0,0.03,False,TOYREH;TOYREH01
621433389973,2,2,2,1,1,6,Co,Cl;Cl;[H]c1c([H])c([H])c2c(c1[H])-c1nc-2c([H])c2[nH]c(c([H])c3nc(c([H])c4[nH]c(c,0.0,0.02,False,TOYROR;TOYROR01
571092182787,2,2,2,1,1,6,Co,[H]C1NC([H])C([H])C([H])C1[H];[H]C1NC([H])C([H])C([H])C1[H];[H]c1sc(C(O)C([H])C(,0.0,0.1,False,TTACOP;TTACOP01
677350259032,2,2,2,1,1,4,Pt,[H]N=C(N(C(=NC1C([H])C([H])C([H])C([H])C1[H])N([H])[H])C1C([H])C([H])C([H])C([H],0.0,0.01,False,TUVSUA;TUVTAH
285281150700,3,3,3,1,1,6,Co,[H]C(C(=O)OC([H])([H])C([H])([H])[H])C([H])([H])[H];[H]N([H])C([H])(C([H])([H])[,0,0,False,UBUZOI;UCABAD;UCABEH
209168847178,4,4,4,1,1,6,Ni,Cl;Cl;[H]C([H])([H])C#N;[H]C([H])([H])C#N;[H]O[H];[H]O[H],0.0,0.29,False,UCISAA;UCISAA01;UCISAA02;UCISAA03
611649093351,2,2,2,1,1,6,Os,Cl;Cl;Cl;[H]C1NN(B([H])(N2NC([H])C([H])C2[H])N2NC([H])C([H])C2[H])C([H])C1[H],0.0,0.15,False,UDUFII;WOLDUW
718681323118,2,2,2,1,1,3,Ni,Cl;[H]C1C([H])C([H])C(P(C2C([H])C([H])C([H])C([H])C2[H])C2C([H])C([H])C([H])C([H,0,0,False,UFATUQ;WOCKUU
980208125871,2,2,2,2,1,2,Ni,I;I,0,0,False,UFEROP;UFESEG
948098796329,2,2,2,2,1,5,Cu,Br;Br;[H]C1C([H])C(C([H])([H])SC([H])([H])[H])NC(C([H])([H])SC([H])([H])[H])C1[H,0.0,0.01,False,UFUMIU;UFUMIU01
905517846787,2,2,2,2,1,4,Rh,[H]C1C([H])C(C([H])([H])[H])C(N#C)C(C([H])([H])[H])C1[H];[H]C1C([H])C(C([H])([H],0.0,2.47,False,UGAXEG;UGAXIK
313046074174,3,3,3,1,1,3,Ru,[H]C1C([H])C([H])C(P(C2C([H])C([H])C([H])C([H])C2[H])C2C([H])C([H])C([H])C([H])C,0,0,False,UGEROO;UGESAB;UGESEF
127457914153,2,2,2,2,1,5,Zn,[H]C([H])([H])C([H])([H])OC([H])([H])C([H])([H])[H];[H]C1=C([H])c2nc1c(C1C([H])C,0.0,0.01,True,UGISIO;UGISIO03
958047424123,2,2,2,2,1,6,Ni,N=N=N;N=N=N;[H]C1NC2C3NC([H])C([H])C([H])C3C([H])C([H])C2C([H])C1[H];[H]C1NC2C3N,0.0,0.82,True,UGURAP;WUPQIJ
643906747093,2,2,2,1,1,6,Ni,N=N=N;N=N=N;[H]c1nc([H])n([H])c1[H];[H]c1nc([H])n([H])c1[H];[H]c1nc([H])n([H])c1,0.0,0.01,False,UGUSOE;UGUSOE01
168175971237,2,2,2,1,1,6,Co,[H]C(=NC([H])([H])C([H])([H])N=C([H])C1C([H])C([H])C([H])C([H])C1O)C1C([H])C([H],0,0,False,UHOWIY;UHOWOE
58529017477,15,15,4,1,1,3,Ru,[H]C1NC(N([SiH](C([H])([H])[H])C([H])([H])[H])[Si]([H])(C([H])([H])[H])C([H])([H,0,0,False,UJABOX;UJABOX01;UJABOX02;UJABOX03;UJABOX04;UJABOX05
981956608074,2,2,2,1,1,6,Cr,Cl;Cl;[H]N([H])C([H])([H])C([H])([H])C([H])([H])N([H])[H];[H]N([H])C([H])([H])C(,0.0,0.01,False,ULAYUC;ULAYUC01
473997760620,2,2,2,1,1,4,Ag,[H]C1C([H])C([H])C(P(C2C([H])C([H])C([H])C([H])C2[H])C2C([H])C([H])C([H])C([H])C,0.0,0.09,False,ULEHOM;ULEHUS
756351342097,2,2,2,1,1,6,Zn,[H]C1C([H])C([H])N(O)C([H])C1C(=O)O;[H]C1C([H])C([H])N(O)C([H])C1C(=O)O;[H]O[H];,0.0,0.2,False,UNEQUB;UNEQUB01
218218077248,2,2,2,2,2,4,Cr,Cl;Cl;[H]C([H])([H])C1=C(C([H])([H])[H])N(C([H])(C([H])([H])[H])C([H])([H])[H])C,0.0,8.5,False,UNEREL;UNEREL01
61457109233,2,2,2,2,2,5,Cu,[H]C1C([H])C(C(=O)O)C([H])C([H])C1F;[H]C1C([H])C(C(=O)O)C([H])C([H])C1F;[H]C1NC2,0.0,5.29,True,UQOZIK;UQOZIK01
39341686200,2,2,2,1,1,6,Ru,Cl;[H]C(C(O)C([H])([H])[H])C(O)C([H])([H])[H];[H]C([H])([H])S(=O)C([H])([H])[H];,0.0,0.52,False,USATEQ;USATEQ01
509226192303,2,2,2,2,2,4,Pd,Cl;Cl;[H]C1([H])C([H])([H])C([H])([H])C([H])(P(C2([H])C([H])([H])C([H])([H])C([H,0.0,7.88,False,USEVOE;XIKGOO
663194294004,2,2,2,2,1,5,Ru,C#O;C#O;C#O;[H]C1C([H])C([H])C(NC(=C(NC2C([H])C([H])C([H])C([H])C2[H])C2C([H])C(,0.0,0.01,True,USIQEV;USIQEV01
998929849565,2,2,2,2,1,4,Cu,FC(F)F;[H]C1C([H])C([H])C(P(C2C([H])C([H])C([H])C([H])C2[H])C2C([H])C([H])C([H]),0.0,2.35,False,UWIRIC;UWIRIC01
758057644041,2,2,2,1,1,2,Ru,[H]C1C([H])C([H])C(P(C2([H])C([H])([H])C([H])([H])C([H])([H])C([H])([H])C2([H])[,0,0,False,UZORUX;UZOSIM
159849151513,2,2,2,1,1,6,Zn,O=S(=O)(O)C(F)(F)F;O=S(=O)(O)C(F)(F)F;[H]C1NC(C2NC([H])C([H])C([H])C2[H])C([H])C,0.0,1.32,False,VACMAQ;VACMAQ01
358075864125,2,2,2,1,1,5,Cu,[H]ON=C(C1NC([H])C([H])C([H])C1[H])N([H])[H];[H]ON=C(C1NC([H])C([H])C([H])C1[H]),0.0,0.02,True,VASVIU;VASVIU01
725561205846,2,2,2,1,1,2,Hg,Cl;[H]C1C(=O)C2(OC([H])([H])C([H])([H])C2([H])[H])C2(OC([H])([H])C([H])([H])C2([,0,0,False,VAVQEO;VAVSAM
126959984770,2,2,2,1,1,4,Pt,[H]C(C(O)C([H])([H])[H])C(O)C([H])([H])[H];[H]C1CC(C2NC([H])C([H])C([H])C2[H])C(,0.0,0.02,False,VAZHEL;VAZHEL01
587530885509,5,5,4,1,1,3,Ag,[H]C1C([H])C(S(=O)(=O)O)C([H])C([H])C1C([H])([H])[H];[H]C1NC([H])C([H])C(C#CC2C(,0,0,False,VEFCIW01;VEFCIW02;VEFCIW03;VEFCIW04;VEFCIW05
942578575239,3,3,3,2,1,6,Co,O=N=O;O=N=O;[H]N([H])C([H])([H])C([H])([H])N(C([H])([H])C([H])([H])N([H])[H])C([,0,0,False,VEJVEL02;VEJVEL03;VEJVEL04
266315076883,5,5,3,1,1,6,Co,[H]OC(O)(C1NC([H])C([H])C([H])C1[H])C1NC([H])C([H])C([H])C1[H];[H]OC(O)(C1NC([H],0,0,False,VEMWUI;VEMWUI02;WAMYEP;WUTJUS;XUGVON
11630900240,4,4,2,1,1,6,Co,[H]C1C([H])C(C(C([H])([H])[H])(C([H])([H])[H])C([H])([H])[H])C(O)C(O)C1C(C([H])(,0,0,False,VEQBOK;VEQBUQ;VEQBUQ01;VEQCAX
946176795347,2,2,2,1,1,3,Hg,Br;Br;Br,0,0,False,VEQJAE;VOFROX
410136643368,2,2,2,2,1,5,Co,Cl;Cl;[H]C1C(C(=O)C([H])([H])[H])NC(C(=NC2C(C([H])(C([H])([H])[H])C([H])([H])[H],0.0,0.37,True,VIBTAC;VIBTAC01
620441478343,3,3,2,2,2,4,Au,[H]C1C(S)C(S)C([H])C(OC([H])([H])[H])C1OC([H])([H])[H];[H]C1C(S)C(S)C([H])C(OC([,0.0,8.61,False,VIFMEG;VIFMIK;VIFMIK01
81954469954,2,2,2,2,1,6,Ni,[H]OC([H])([H])C1C([H])NC(C([H])([H])[H])C(O)C1C([H])=NN([H])C(=O)N([H])[H];[H]O,0.0,1.5,False,VIHMIJ;VIHMIJ01
836420964086,2,2,2,1,1,3,Au,[H]C1C([H])C([H])C(P(C2C([H])C([H])C([H])C([H])C2[H])C2C([H])C([H])C([H])C([H])C,0,0,False,VILLEH;VILLOR
452143300344,2,2,2,1,1,6,Co,Cl;Cl;[H]C([H])=C([H])n1c([H])nc([H])c1[H];[H]C([H])=C([H])n1c([H])nc([H])c1[H];,0.0,0.32,False,VIMCCO01;VIMCCO02
553645750340,2,2,2,1,1,2,Ag,[H]C1NC2C([H])C([H])C(N([H])C(=O)N([H])C3C([H])C([H])C([H])C([H])C3[H])C([H])C2C,0,0,False,VINZAV;VINZAV01
862742520959,2,2,2,1,1,4,Au,[H]C1=C([H])C(=C(c2[nH]c(-c3[nH]c(C(=C4N=C(C5C([H])C([H])C([H])C([H])C5[H])C([H],0.0,0.07,False,VIQVUQ;VIQWAX
685925840599,3,3,2,1,1,4,Pt,Cl;Cl;[H]C1C([H])C(C([H])([H])[H])C(N#C)C(C([H])([H])[H])C1[H];[H]C1C([H])C(C([H,0.0,0.03,False,VITZOO;VITZOO01;VITZOO02
45442751812,2,2,2,2,1,6,Co,[H]C1C(C(=O)O)NC2C([H])C([H])C([H])C([H])C2C1[H];[H]C1C(C(=O)O)NC2C([H])C([H])C(,0.0,1.81,False,VIYGIU;VIYGIU01
723026368968,2,2,2,1,1,4,Ni,[H]C1C([H])C([H])C(C([H])(N2C([H])([H])N([H])C([H])([H])C([H])([H])N([H])C([H])(,0,0,False,VODDEY;VOJLAI
383445025435,2,2,2,1,1,4,Ni,[H]C(=NC([H])([H])C([H])([H])N=C([H])C1C([H])C([H])C([H])C(OC([H])([H])C([H])([H,0.0,0.02,False,VOHSIV;VOHSIV01
401971577099,2,2,2,1,1,3,Mo,[H]C([H])([H])P(C([H])([H])[H])C([H])([H])[H];[H]C([H])([H])P(C([H])([H])[H])C([,0,0,False,VOLYUS;VOLZAZ
814807633604,2,2,2,1,1,6,Co,[H]C1NC(N([H])C(=O)C2C([H])C([H])C(C(=O)OC([H])([H])[H])C([H])C2[H])NC([H])C1[H],0.0,0.5,False,VOPPEX;VOPPIB
344953029736,2,2,2,1,1,4,Pt,Cl;Cl;[H]C1([H])OC([H])([H])C([H])([H])SC([H])([H])C([H])([H])SC1([H])[H],0.0,0.08,False,VUBHEH;VUBHEH01
724390806194,2,2,2,1,1,4,Pd,Cl;[H]C1C([H])C([H])C(C(=O)C([H])([H])C([H])(C(=O)N(C([H])([H])C([H])([H])[H])C(,0.0,0.01,False,VUBXAT;VUBXEX
775934799465,2,2,2,1,1,6,Cr,[H]c1nn(C([H])(n2nc([H])c([H])c2[H])n2nc([H])c([H])c2[H])c([H])c1[H];[H]c1nn(C([,0.0,0.19,False,VUGDAG;VUGDIO
958086157877,2,2,2,1,1,5,Mn,Cl;Cl;[H]C1C(C2=NC3C([H])C([H])C([H])C([H])C3N2[H])NC(C2=NC3C([H])C([H])C([H])C(,0.0,0.09,False,VURZIR;VURZIR01
226582144626,2,2,2,1,1,6,Cr,C#O;C#O;C#O;C#O;C#O;[H]N([H])C([H])(C(=O)OC([H])([H])[H])C([H])([H])[H],0.0,0.14,True,WALYIT;WALYOZ
499046128381,2,2,2,1,1,4,Zn,[H]C(=NC([H])([H])C1C([H])C([H])C([H])C([H])C1[H])C1C([H])C([H])C([H])C([H])C1O;,0.0,0.03,False,WAPMUW;WAPMUW01
171653275222,2,2,2,2,1,6,Co,[H]C1NC([H])C(C(=O)NC(=O)C2NC([H])C([H])NC2[H])NC1[H];[H]C1NC([H])C(C(=O)NC(=O)C,0,0,False,WAVFUW01;WAVFUW03
538249165232,3,3,2,2,2,4,Au,Cl;Cl;Cl;[H]C1([H])SC([H])([H])C([H])([H])C1([H])[H],0.0,8.82,False,WEBWOP;WEBWOP02;WEBWOP03
198350683392,2,2,2,1,1,6,Co,N=N=N;N=N=N;[H]N([H])C([H])([H])C([H])([H])N([H])[H];[H]N([H])C([H])([H])C([H])(,0,0,False,WEMSOX;WEMSOX01
192137229636,2,2,2,1,1,6,Fe,[H]C(=NC([H])([H])C([H])([H])N([H])C([H])([H])C([H])([H])N([H])C([H])([H])C([H]),0,0,False,WENDOI08;WENDOI16
624969485977,3,3,3,1,1,4,Co,[H]C([H])([H])C([H])(C([H])([H])[H])[PH]([SeH])(N[PH]([SeH])(C([H])(C([H])([H])[,0.0,0.07,False,WEQFON;WEQFON01;WEQFON02
804671044825,2,2,2,2,2,6,Mn,O=S(=O)(O)C(F)(F)F;O=S(=O)(O)C(F)(F)F;[H]OC(c1nc([H])c([H])n1C([H])([H])[H])(c1n,0.0,2.28,True,WERJIQ;WERJIQ01
908354046210,4,4,3,1,1,6,Co,O=N=O;O=N=O;O=N=O;O=NO;O=NO;O=NO,0,0,False,WERKIN;WERKIN01;WERKIN10;WERKIN20
143041582218,2,2,2,1,1,5,Cu,[H]O[H];[H]O[H];[H]O[H];[H]c1nc2c([nH]1)c(=O)n(C([H])([H])[H])c(=O)n2C([H])([H]),0.0,0.01,True,WEZYIJ01;WEZYIJ02
311689202455,2,2,2,1,1,3,Pt,I;[H]C([H])([H])C([H])([H])P(C([H])([H])C([H])([H])[H])C([H])([H])C([H])([H])[H],0,0,False,WIQPUJ;ZEVCUA
510539077456,2,2,2,1,1,3,Co,[H]C1C([H])C(C([H])([H])P(C([H])(C([H])([H])[H])C([H])([H])[H])C([H])(C([H])([H],0,0,False,WIXRAZ;WIYJEV
949832558419,2,2,2,1,1,5,Cu,[H]C1NC(C([H])([H])N(C([H])([H])C2NC([H])C([H])C([H])C2[H])C([H])([H])C2NC([H])C,0.0,0.01,False,WODYEV;WODYEV01
616349315745,2,2,2,1,1,6,Ni,[H]C1([H])C([H])([H])C2([H])OC1([H])C([H])(C(=O)O)C2([H])C(=O)O;[H]C1([H])C([H]),0.0,0.09,False,WOHBAY;ZANWES
676475546296,2,2,2,1,1,4,Cu,[H]C(=NC([H])(C1C([H])C([H])C([H])C([H])C1[H])C1C([H])C([H])C([H])C([H])C1[H])C1,0.0,0.01,False,WONDIM;WONDIM01
560618240422,2,2,2,1,1,4,Zn,Br;Br;[H]OC([H])(C([H])(OC1C([H])C([H])C(Cl)C([H])C1[H])n1nc([H])nc1[H])C(C([H]),0.0,0.03,False,WUFLOA;WUFLOA01
853228128460,2,2,2,1,1,4,W,[H]C1C([H])C([H])C(P(C2C([H])C([H])C([H])C([H])C2[H])C([H])([H])[H])C([H])C1[H];,0.0,0.03,False,WURMON;WURMON01
269944923314,2,2,2,1,1,4,Pt,Cl;[H]C1NC(C2CC(C3NC([H])C4C(C3[H])C([H])([H])C3([H])C([H])([H])C4([H])C3(C([H]),0.0,0.02,False,WURROS;WURRUY
582355758901,11,11,2,1,1,6,Co,[H]N1C([H])([H])C([H])([H])N([H])C([H])([H])C(N([H])[H])(C([H])([H])[H])C([H])([,0,0,False,XABZUA;XABZUA01;XABZUA02;XABZUA03;XABZUA04;XABZUA05
128138162464,3,3,2,2,2,4,Zn,[H]C1=C([H])c2nc1c(C1C([H])C([H])C(Br)C([H])C1[H])c1[nH]c(c([H])c1[H])c(C1C([H]),0.0,8.56,False,XAMGEX;XAMGEX01;XAMGOH
220000848888,2,2,2,1,1,6,Fe,[H]C1NN(C([H])(N2NC([H])C([H])C2[H])N2NC([H])C([H])C2[H])C([H])C1[H];[H]C1NN(C([,0.0,0.03,False,XAMNII;XEVYUS
884832369824,2,2,2,1,1,4,Ni,[H]ON=C(C(=O)NC([H])([H])C([H])([H])C([H])([H])NC(=O)C(=NO)C([H])([H])[H])C([H]),0,0,False,XAPHAY;XAPHAY01
346953599675,2,2,2,1,1,4,Ni,Cl;Cl;[H]C1C([H])C(C2NC(C([H])([H])[H])C([H])C([H])C2[H])NC(C([H])([H])[H])C1[H],0.0,0.01,False,XARGON;XARGON01
522367945830,2,2,2,2,1,6,Mn,Br;C#O;C#O;[H]C([H])([H])N(C([H])([H])C([H])([H])P(C([H])(C([H])([H])[H])C([H])(,0.0,1.52,True,XAVBII;XAVBII02
632375821235,5,5,5,1,1,6,Co,[H]C1NC([H])C([H])C(C(=O)O)C1[H];[H]C1NC([H])C([H])C(C(=O)O)C1[H];[H]O[H];[H]O[H,0.0,0.64,False,XAXFIL;XAXFIL05;XAXFIL06;XAXFIL07;XAXFIL08
605042420118,2,2,2,2,2,4,Pd,I;I;[H]C1C([H])C([H])C2C(C1[H])N(C([H])([H])[H])CN2C([H])([H])[H];[H]C1NC([H])C(,0.0,8.21,False,XAZGAJ;XAZGAJ01
399624847525,2,2,2,1,1,6,Co,[H]C(=O)C1C([H])C(Cl)C([H])C([H])C1O;[H]C(=O)C1C([H])C(Cl)C([H])C([H])C1O;[H]O[H,0.0,0.01,True,XAZZAA;XAZZAA01
502283563778,2,2,2,1,1,6,Co,[H]OC(=O)C1C([H])C(C(=O)O)C([H])C(C(=O)O[H])C1[H];[H]OC(=O)C1C([H])C(C(=O)O)C([H,0.0,0.08,False,XEGFIY;XEGFIY01
882347425119,2,2,2,1,1,6,Co,O=C(O)C(=O)O;[H]N1C([H])([H])C([H])([H])N([H])C([H])([H])C([H])([H])N([H])C([H]),0,0,False,XESGAD;XESGEH
268461319879,2,2,2,1,1,4,Ni,[H]C1C([H])C([H])C(NC(=O)C(O)(C([H])([H])[H])C([H])([H])[H])C(NC(=O)C(O)(C([H])(,0,0,False,XETDAF;XETDEJ
267312879243,2,2,2,2,1,4,Cd,[H]c1c([H])c([H])n([H])c(=S)c1[H];[H]c1c([H])c([H])n([H])c(=S)c1[H];[H]c1c([H])c,0.0,1.96,False,XEXVUR;XEXVUR01
896700064440,2,2,2,1,1,3,Ni,[H]C(NC([H])=C([H])P(C(C([H])([H])[H])(C([H])([H])[H])C([H])([H])[H])C(C([H])([H,0,0,False,XIDQUZ;XIFBIA
402718811639,2,2,2,1,1,3,Ag,[H]n1nc(C([H])([H])[H])c([N+](=O)[O-])c1C([H])([H])[H];[H]n1nc(C([H])([H])[H])c(,0,0,False,XIJWIX;XIJWOD
172071862505,2,2,2,1,1,4,Co,Cl;Cl;[H]c1c(C([H])([H])[H])nn(C([H])([H])n2nc(C([H])([H])[H])c([H])c2C([H])([H],0.0,1.93,False,XIPRIY;XIPRIY01
202466804696,2,2,2,1,1,4,Au,Cl;Cl;[H]C1NC(C(=O)NC([H])([H])C([H])([H])C([H])([H])N([H])C(=O)C2NC([H])C([H])C,0.0,0.01,False,XIZYAI;XIZYAI01
521744521619,2,2,2,1,1,6,Cr,C#O;C#O;[H]C1C([H])C([H])C(P(C2C([H])C([H])C([H])C([H])C2[H])C2C([H])C([H])C([H],0.0,0.91,False,XOCNUY;XOCNUY01
752742843278,2,2,2,1,1,6,Cu,[H]N1C([H])([H])C([H])([H])N([H])C([H])([H])C([H])([H])C([H])([H])N([H])C([H])([,0.0,1.63,False,XODDIE;YIVTAY
492176048456,2,2,2,1,1,6,Fe,N=C=S;N=C=S;[H]C(=NC([H])([H])C([H])([H])C([H])([H])N=C([H])C1NC([H])C(Br)C([H]),0,0,False,XOWVIS;XOWVIS01
198655532695,2,2,2,1,1,4,Co,Cl;Cl;[H]C(=NC([H])([H])C([H])([H])C([H])([H])N=C([H])C([H])=C([H])C1C([H])C([H],0.0,0.01,False,XUBKOV;XUBKOV01
148268873059,2,2,2,1,1,6,Co,C#N;[H]N(C([H])([H])[H])C([H])([H])[H];[H]ON=C(C(=NO)C([H])([H])[H])C([H])([H])[,0,0,False,XUFVUS;XUFVUS01
243431425034,2,2,2,1,1,2,Pd,[H]C1C([H])C([H])C(P(C2C([H])C([H])C([H])C([H])C2[H])C2345B678([H])B9%10%11([H]),0,0,False,XULQOK;XULQOK01
996892663381,2,2,2,1,1,4,Pd,Cl;Cl;[H]C1=C([H])N(C([H])(C2NC([H])C([H])C([H])C2[H])C2C([H])C([H])C([H])C([H]),0.0,0.01,False,XUWTOZ;XUWTUF
361772071590,2,2,2,1,1,6,Fe,[H]C1NC(C([H])([H])N(C([H])([H])C2NC(C3NC(C([H])([H])N(C([H])([H])C4NC([H])C([H],0,0,False,YACPAU;YACPAU01
567138611087,2,2,2,1,1,3,Zn,[H]C([H])C(C([H])([H])[H])(C([H])([H])[H])C([H])([H])[H];[H]C([H])C(C([H])([H])[,0,0,False,YACVIH;YACVON
41401162459,2,2,2,1,1,4,Zn,Br;Br;[H]c1nc([H])n(C([H])([H])[H])c1[H];[H]c1nc([H])n(C([H])([H])[H])c1[H],0.0,0.01,False,YADPIF;YADPIF01
768067487605,2,2,2,2,1,6,Fe,C#O;C#O;I;[H]C1C([H])C([H])C(P(C2C([H])C([H])C([H])C([H])C2[H])C2C([H])C([H])C([,0,0,False,YAKYOA;YAKYUG
539163464175,2,2,2,1,1,6,Ni,[H]OC([H])([H])C(N([H])C([H])([H])C(=O)O)(C([H])([H])O[H])C([H])([H])O[H];[H]OC(,0.0,0.1,False,YALWAJ;YALWAJ01
305677411797,2,2,2,1,1,6,Mn,[H]O[H];[H]O[H];[H]O[H];[H]O[H];[H]c1nc([H])n(C2C([H])C([H])C(c3nnn[nH]3)C([H])C,0.0,1.46,False,YATTOE02;YATTOE03
636347827873,2,2,2,2,1,5,Cd,Cl;Cl;[H]c1nc(C([H])([H])[H])n([H])c1[H];[H]c1nc(C([H])([H])[H])n([H])c1[H];[H]c,0.0,0.92,False,YATXEY;YATXEY01
444527124221,2,2,2,1,1,6,Co,[H]C1C([H])C([H])C(C(=O)O)C([H])C1[H];[H]C1C([H])C([H])C(C(=O)O)C([H])C1[H];[H]C,0.0,0.01,False,YAVPIW;YAVPIW01
654721529054,2,2,2,2,1,6,Fe,N=C=S;N=C=S;[H]C1NC(C(=NC2C([H])C([H])C(C([H])([H])[H])C([H])C2[H])C2C([H])C([H],0.0,0.02,False,YAZVII;YAZVII01
187586703316,2,2,2,1,1,3,Pd,Cl;[H]C1C([H])C([H])C(P(C2C([H])C([H])C([H])C([H])C2[H])C2C([H])C([H])C([H])C([H,0,0,False,YEBNIE;YEBNIE01
631720197095,2,2,2,1,1,3,Pd,Cl;[H]C1C([H])C([H])C(P(C2C([H])C([H])C([H])C([H])C2[H])C2C([H])C([H])C([H])C([H,0,0,False,YEBPAY;YEBPAY01
119088117947,2,2,2,1,1,5,Zn,[H]C1NC([H])C([H])C([H])C1[H];[H]C1NC([H])C([H])C([H])C1[H];[H]OC1C([H])C([H])C(,0.0,0.01,False,YEFMUS;YEFMUS01
204394524477,2,2,2,1,1,6,Co,Br;Br;[H]c1c([H])c([H])c2c(c1[H])-c1nc-2nc2[nH]c(nc3nc(nc4[nH]c(n1)c1c([H])c([H],0.0,0.13,False,YEJNOR;YEJNOR01
329797290086,2,2,2,1,1,4,Ni,[H]OC1C([H])C([H])C(C([H])=NC([H])([H])C([H])([H])N=C([H])C2C([H])C([H])C(O[H])C,0.0,0.02,False,YELPUB;YELPUB01
331254130916,2,2,2,2,1,6,Cu,[H]C1C([H])C([H])C2C(=O)N(C([H])(C(O)O)C([H])([H])[H])C(=O)C2C1[H];[H]C1C([H])C(,0,0,False,YELSIU;YELSIU01
814028006214,2,2,2,1,1,6,Ni,N=N=N;N=N=N;[H]c1nn([H])c(C([H])([H])[H])c1[H];[H]c1nn([H])c(C([H])([H])[H])c1[H,0.0,0.04,False,YEZXOQ;YEZXOQ01
709347335015,2,2,2,2,1,6,Ru,N=O;[H]C(C(=O)C([H])C1C([H])C([H])C(C([H])([H])[H])C([H])C1[H])C(Cl)=C(C1C([H])C,0,0,False,YICYAL;YICYEP
890909074356,2,2,2,2,1,6,Zn,[H]OC(=O)C1C(C(=O)O)NC([H])C([H])C1[H];[H]OC(=O)C1C(C(=O)O)NC([H])C([H])C1[H];[H,0.0,1.49,False,YIDSEK;YIDSEK01
94110168071,2,2,2,1,1,4,Pt,Cl;Cl;[H]C1C([H])C([H])C(P(OC([H])([H])C([H])(OP(C2C([H])C([H])C([H])C([H])C2[H],0.0,0.01,False,YIPPOD;YISBEI
869628409725,5,5,4,1,1,4,Pt,Cl;Cl;[H]C1C([H])C([H])C(C([H])([H])SC([H])([H])C2C([H])C([H])C([H])C([H])C2[H]),0.0,0.06,False,YIXQEC05;YIXQEC06;YIXQEC07;YIXQEC08;YIXQEC09
684212183117,2,2,2,2,2,4,Cu,[H]C1=C([H])c2nc1c(C1C([H])C([H])C(C(=O)OC([H])([H])C([H])([H])C([H])([H])C([H]),0.0,8.6,False,YIYTOT02;YIYTOT03
88877241828,2,2,2,1,1,4,Pt,N=N=N;[H]C1NC(C2CC(C3NC([H])C([H])C([H])C3[H])C([H])C([H])C2[H])C([H])C([H])C1[H,0.0,0.01,False,YOBGII;YOBGII01
856527113829,2,2,2,2,1,6,Mn,[H]C1C([H])C(C(C([H])([H])[H])(C([H])([H])[H])C([H])([H])[H])C(O)C(O)C1C(C([H])(,0,0,False,YOGFEF;YOGFEF01
281571970428,2,2,2,1,1,6,Pt,Br;Br;Br;Br;[H]C([H])([H])SC([H])([H])[H];[H]C([H])([H])SC([H])([H])[H],0.0,0.87,False,YOHCED01;YOHCED02
977638322062,2,2,2,2,1,6,Cu,O=N(O)O;[H]ON=C(C([H])([H])[H])C([H])([H])N(C([H])([H])C(=NO[H])C([H])([H])[H])C,0,0,False,YOYTOY;YOYTOY01
871601204109,3,3,2,1,1,6,Co,[H]C1=C(C(C([H])([H])[H])(C([H])([H])[H])C([H])([H])[H])C(=O)C(O)C([H])=C1C(C([H,0,0,False,YUCXON;YUCXON01;YUCYAA02
981959008557,2,2,2,2,1,4,Ni,[H]C([H])([H])C123B45([H])B67([H])B89([H])C1%10([H])B81%11([H])B698([H])B746([H],0.0,0.2,False,YUHZIL;YUHZUX
981651321337,2,2,2,2,1,6,Mo,Cl;Cl;Cl;O;[H]C1C([H])C(C([H])([H])P(=O)(C(C([H])([H])[H])(C([H])([H])[H])C([H]),0.0,1.43,False,ZADQOO;ZADREF
645840189678,2,2,2,2,1,6,Ti,Cl;Cl;[H]C([H])([H])C(C([H])([H])[H])(C([H])([H])[H])[PH]([SeH])(NC1([H])C([H])(,0.0,5.72,False,ZAHZUD;ZAHZUD01
942360076127,2,2,2,1,1,6,Cu,Cl;N=C=S;[H]C1NC2C3NC([H])C([H])C([H])C3C([H])C([H])C2C([H])C1[H];[H]C1NC2C3NC([,0.0,0.24,False,ZAMDOG;ZAMDOG01
458370436134,2,2,2,2,1,6,Fe,[H]C(=NN=C(S)N([H])[H])C1C([H])C(Cl)C([H])C([H])C1O;[H]C(=NN=C(S)N([H])[H])C1C([,0.0,1.25,True,ZAQQER;ZAQQER02
676167209537,2,2,2,1,1,3,Ag,Cl;[H]C1NC(C([H])([H])N2CN(C([H])([H])C([H])([H])[H])C3C([H])C([H])C([H])C([H])C,0,0,False,ZECXEO;ZECXEO01
360730006722,2,2,2,1,1,4,Zn,[H]C([H])([H])C([H])(N[PH]([SeH])(C(C([H])([H])[H])(C([H])([H])[H])C([H])([H])[H,0.0,0.01,True,ZETWIE;ZETWIE01
796376603140,2,2,2,1,1,5,V,O;[H]C1C([H])C([H])C2NC(C([H])([H])[H])C([H])C(C([H])([H])[H])NC3C([H])C([H])C([,0,0,False,ZEZFIT;ZEZFOZ
435966517200,2,2,2,1,1,4,Pd,[H]C([H])([H])N(C([H])([H])[H])C([H])([H])C([H])([H])N(C([H])([H])[H])C([H])([H],0.0,0.01,False,ZIHWES;ZIHWOC
613044270600,2,2,2,1,1,6,Mn,N=C=S;N=C=S;[H]C1NC([H])C(C#N)C([H])C1[H];[H]C1NC([H])C(C#N)C([H])C1[H];[H]O[H];,0.0,0.05,False,ZILHOV;ZILJAJ
226175386495,2,2,2,1,1,6,Re,Cl;Cl;Cl;Cl;[H]C1C([H])C([H])C(P(C([H])([H])[H])C([H])([H])[H])C([H])C1[H];[H]C1,0.0,0.58,False,ZINKOW01;ZINKOW02
851279725911,2,2,2,1,1,2,Cr,[H]C([H])([H])N(C([H])([H])[H])C([H])([H])C([H])([H])N(C([H])([H])[H])C([H])([H],0,0,False,ZIRKEQ;ZIRKEQ01
612682237857,2,2,2,2,1,4,Co,[H]c1sc(C([H])([H])N(C([H])([H])c2sc([H])c([H])c2[H])C([H])([H])C([H])([H])C([H],0.0,1.18,False,ZISLEV;ZISLEV01
602263929275,2,2,2,1,1,4,Zn,Cl;Cl;[H]c1nc([H])n([H])c1[H];[H]c1nc([H])n([H])c1[H],0.0,0.01,False,ZNCIMA01;ZNCIMA02
489718812747,2,2,2,1,1,5,Cu,[H]O[H];[H]c1nc([H])n([H])c1[H];[H]c1nc([H])n([H])c1[H];[H]c1oc(C(=O)O)c([H])c1[,0.0,0.02,True,ZOCSAP;ZOCSET
615762800516,2,2,2,1,1,4,Co,Cl;Cl;[H]C1NC2NC([H])C([H])C([H])C2C([H])C1[H];[H]C1NC2NC([H])C([H])C([H])C2C([H,0.0,0.02,False,ZUFTOM;ZUFTOM01
991034544201,2,2,2,1,1,4,Pt,[H]N([H])[H];[H]N([H])[H];[H]c1nn([H])c([H])c1[H];[H]c1nn([H])c([H])c1[H],0.0,0.16,False,ZUGSID;ZUGSOJ
209139504904,2,2,2,1,1,4,Cu,[H]c1c([H])c(C([H])([H])[H])n([H])c(=O)c1C#N;[H]c1c([H])c(C([H])([H])[H])n([H])c,0.0,0.02,False,ZUMQAZ;ZUMQED
305288555859,2,2,2,1,1,4,Pd,[H]C([H])[H];[H]C1C([H])C([H])C(O)C([H])C1[H];[H]C1C([H])C([H])C(P(C2C([H])C([H],0.0,0.04,False,ZUXRIT;ZUXROZ
208112492883,3,3,2,1,1,4,Co,[H]C(=NC1([H])C([H])([H])C([H])([H])C([H])([H])C([H])([H])C1([H])[H])C1C([H])C([,0.0,0.07,False,ZZZBLD01;ZZZBLD02;ZZZBLD03
617297083847,2,2,2,1,1,4,Co,Br;Br;[H]C1NC([H])C([H])C([H])C1[H];[H]C1NC([H])C([H])C([H])C1[H],0.0,0.19,False,ZZZFNQ01;ZZZFNQ02
234446128440,2,2,2,2,1,4,Co,[H]C(C(O)C(C([H])([H])[H])(C([H])([H])[H])C([H])([H])[H])C(O)C(C([H])([H])[H])(C,0.0,3.29,False,ZZZVBA01;ZZZVBA02
