refcode,metal,haptic_class,eta_values_detected,site_types,n_sites,contains_eta2,contains_eta3,contains_eta4,contains_eta5,contains_eta6,contains_mixed_eta_eta1,CNsite,eta_sum,parse_valid,roundtrip_valid,atom_order_invariant,site_atom_order_invariant,ligand_order_invariant,site_detection_valid,eta_assignment_valid,centroid_serialization_valid,L0_present,L1_present,L2_present,L3_present,record_generated,failure_stage,failure_reason,manual_audit_priority
BAHKUR,Rh,eta1,"1,1,1,1,1,1,1,1,1,1,1",atom,11,False,False,False,False,False,False,11,11,True,True,True,True,True,True,True,True,True,True,True,True,True,,,low
LAZTEM,Mn,eta1,"1,1,1,1,1",atom,8,False,False,False,False,False,False,8,8,True,True,True,True,True,True,True,True,True,True,True,True,True,,,low
OGOBIV,Ir,eta1,"1,1",atom,7,False,False,False,False,False,False,7,7,True,True,True,True,True,True,True,True,True,True,True,True,True,,,low
UHIGUN,Fe,eta1,"1,1,1,1,1,1,1,1,1,1",atom,10,False,False,False,False,False,False,10,10,True,True,True,True,True,True,True,True,True,True,True,True,True,,,low
ZALHIG,Os,eta1,"1,1,1,1,1,1",atom,9,False,False,False,False,False,False,9,9,True,True,True,True,True,True,True,True,True,True,True,True,True,,,low
VARVAN,Ru,eta1,"1,1,1",atom,6,False,False,False,False,False,False,6,6,True,True,True,True,True,True,True,True,True,True,True,True,True,,,low
NAJSOG,Zr,eta1,"1,1,1,1,1,1,1,1,1,1",atom,12,False,False,False,False,False,False,12,12,True,True,True,True,True,True,True,True,True,True,True,True,True,,,low
XIQXIF,Pt,eta1,"1,1,1,1",atom,6,False,False,False,False,False,False,6,6,True,True,True,True,True,True,True,True,True,True,True,True,True,,,low
XOJFOS,Pt,eta1,"1,1,1",atom,5,False,False,False,False,False,False,5,5,True,True,True,True,True,True,True,True,True,True,True,True,True,,,low
PAGJUE,Rh,eta1,"1,1,1,1",atom,6,False,False,False,False,False,False,6,6,True,True,True,True,True,True,True,True,True,True,True,True,True,,,low
KIHJUI,Ru,eta1,"1,1",atom,7,False,False,False,False,False,False,7,7,True,True,True,True,True,True,True,True,True,True,True,True,True,,,low
LOMXES,Zr,eta1,"1,1,1,1,1,1,1,1,1,1",atom,12,False,False,False,False,False,False,12,12,True,True,True,True,True,True,True,True,True,True,True,True,True,,,low
GOSJUX,Fe,eta1,"1,1,1,1,1,1,1,1,1,1",atom,10,False,False,False,False,False,False,10,10,True,True,True,True,True,True,True,True,True,True,True,True,True,,,low
VISYIF,Co,eta1,"1,1,1,1,1,1,1,1,1",atom,9,False,False,False,False,False,False,9,9,True,True,True,True,True,True,True,True,True,True,True,True,True,,,low
HUJKUT,Co,eta1,"1,1,1,1,1",atom,8,False,False,False,False,False,False,8,8,True,True,True,True,True,True,True,True,True,True,True,True,True,,,low
SOWYAF,Ru,eta1,"1,1,1,1,1",atom,8,False,False,False,False,False,False,8,8,True,True,True,True,True,True,True,True,True,True,True,True,True,,,low
FAMROA,Fe,eta1,"1,1",atom,4,False,False,False,False,False,False,4,4,True,True,True,True,True,True,True,True,True,True,True,True,True,,,low
BOYRAL,Ru,eta1,"1,1,1,1,1,1",atom,11,False,False,False,False,False,False,11,11,True,True,True,True,True,True,True,True,True,True,True,True,True,,,low
ABISUC,Cr,eta1,"1,1,1,1,1,1",atom,9,False,False,False,False,False,False,9,9,True,True,True,True,True,True,True,True,True,True,True,True,True,,,low
JONGUQ,Fe,eta1,"1,1,1,1,1,1,1,1,1,1",atom,10,False,False,False,False,False,False,10,10,True,True,True,True,True,True,True,True,True,True,True,True,True,,,low
HEXCAQ,Ru,eta1,"1,1,1,1",atom,7,False,False,False,False,False,False,7,7,True,True,True,True,True,True,True,True,True,True,True,True,True,,,low
FOBJIS,Cu,eta1,1,atom,3,False,False,False,False,False,False,3,3,True,True,True,True,True,True,True,True,True,True,True,True,True,,,low
VABPOG,Rh,eta1,"1,1,1,1,1,1",atom,8,False,False,False,False,False,False,8,8,True,True,True,True,True,True,True,True,True,True,True,True,True,,,low
AKOKIV,Ru,eta1,"1,1,1,1,1,1,1,1,1",atom,10,False,False,False,False,False,False,10,10,True,True,True,True,True,True,True,True,True,True,True,True,True,,,low
GACYUH,Pt,eta1,"1,1",atom,5,False,False,False,False,False,False,5,5,True,True,True,True,True,True,True,True,True,True,True,True,True,,,low
NIGXUX,Cr,eta1,"1,1,1,1,1,1",atom,9,False,False,False,False,False,False,9,9,True,True,True,True,True,True,True,True,True,True,True,True,True,,,low
BEKGOP,Cr,eta1,"1,1,1,1,1",atom,8,False,False,False,False,False,False,8,8,True,True,True,True,True,True,True,True,True,True,True,True,True,,,low
ZIRTID,Mo,eta1,"1,1,1",atom,8,False,False,False,False,False,False,8,8,True,True,True,True,True,True,True,True,True,True,True,True,True,,,low
SIFSUV,Fe,eta1,"1,1,1,1,1",atom,8,False,False,False,False,False,False,8,8,True,True,True,True,True,True,True,True,True,True,True,True,True,,,low
FOTJAD,Mo,eta1,"1,1,1,1,1",atom,8,False,False,False,False,False,False,8,8,True,True,True,True,True,True,True,True,True,True,True,True,True,,,low
HOFTUV,Fe,eta1,"1,1,1,1,1,1,1,1,1,1",atom,10,False,False,False,False,False,False,10,10,True,True,True,True,True,True,True,True,True,True,True,True,True,,,low
AYIYIQ,Y,eta1,"1,1,1,1,1,1,1,1,1,1,1,1",atom,12,False,False,False,False,False,False,12,12,True,True,True,True,True,True,True,True,True,True,True,True,True,,,low
TIVGUE,Fe,eta1,"1,1,1,1,1,1,1,1,1,1",atom,10,False,False,False,False,False,False,10,10,True,True,True,True,True,True,True,True,True,True,True,True,True,,,low
WULVOP,Co,eta1,"1,1,1,1,1",atom,7,False,False,False,False,False,False,7,7,True,True,True,True,True,True,True,True,True,True,True,True,True,,,low
MASHOF,Ta,eta1,"1,1,1,1,1",atom,9,False,False,False,False,False,False,9,9,True,True,True,True,True,True,True,True,True,True,True,True,True,,,low
GOQLIH,Mn,eta1,"1,1,1,1,1",atom,8,False,False,False,False,False,False,8,8,True,True,True,True,True,True,True,True,True,True,True,True,True,,,low
NEWPOU,Mn,eta1,"1,1,1,1,1",atom,8,False,False,False,False,False,False,8,8,True,True,True,True,True,True,True,True,True,True,True,True,True,,,low
LAWZAK,Rh,eta1,"1,1,1,1,1,1,1,1,1",atom,9,False,False,False,False,False,False,9,9,True,True,True,True,True,True,True,True,True,True,True,True,True,,,low
SUTXEN,Fe,eta1,"1,1,1,1,1,1,1,1,1,1",atom,10,False,False,False,False,False,False,10,10,True,True,True,True,True,True,True,True,True,True,True,True,True,,,low
ICARUZ,Mo,eta1,"1,1,1,1,1",atom,9,False,False,False,False,False,False,9,9,True,True,True,True,True,True,True,True,True,True,True,True,True,,,low
HIWGOM,Ir,eta1,"1,1,1,1,1,1,1",atom,8,False,False,False,False,False,False,8,8,True,True,True,True,True,True,True,True,True,True,True,True,True,,,low
JONDAT,Fe,eta1,"1,1,1,1,1,1,1,1,1,1",atom,10,False,False,False,False,False,False,10,10,True,True,True,True,True,True,True,True,True,True,True,True,True,,,low
NIYQUJ,Co,eta1,"1,1,1,1,1",atom,8,False,False,False,False,False,False,8,8,True,True,True,True,True,True,True,True,True,True,True,True,True,,,low
AFORES,Fe,eta1,"1,1,1,1",atom,7,False,False,False,False,False,False,7,7,True,True,True,True,True,True,True,True,True,True,True,True,True,,,low
GUTVOG,Mo,eta1,"1,1,1,1,1",atom,9,False,False,False,False,False,False,9,9,True,True,True,True,True,True,True,True,True,True,True,True,True,,,low
MABLUX,Nb,eta1,"1,1",atom,8,False,False,False,False,False,False,8,8,True,True,True,True,True,True,True,True,True,True,True,True,True,,,low
DOSGOI,Cr,eta1,"1,1,1,1,1",atom,8,False,False,False,False,False,False,8,8,True,True,True,True,True,True,True,True,True,True,True,True,True,,,low
LETSEL,Rh,eta1,"1,1,1,1,1,1,1",atom,9,False,False,False,False,False,False,9,9,True,True,True,True,True,True,True,True,True,True,True,True,True,,,low
GOCZUT,Cr,eta1,"1,1,1,1,1,1",atom,9,False,False,False,False,False,False,9,9,True,True,True,True,True,True,True,True,True,True,True,True,True,,,low
IHUZIU,V,eta1,"1,1,1,1,1",atom,8,False,False,False,False,False,False,8,8,True,True,True,True,True,True,True,True,True,True,True,True,True,,,low
UJAKUL,Ir,eta1,"1,1,1,1,1",atom,8,False,False,False,False,False,False,8,8,True,True,True,True,True,True,True,True,True,True,True,True,True,,,low
OKEMIA,Rh,eta1,"1,1,1,1,1",atom,8,False,False,False,False,False,False,8,8,True,True,True,True,True,True,True,True,True,True,True,True,True,,,low
KOKHIF,Y,eta1,"1,1,1,1,1,1,1,1,1,1,1,1",atom,13,False,False,False,False,False,False,13,13,True,True,True,True,True,True,True,True,True,True,True,True,True,,,low
KIKRUV,Fe,eta1,"1,1,1,1,1,1,1,1,1,1",atom,10,False,False,False,False,False,False,10,10,True,True,True,True,True,True,True,True,True,True,True,True,True,,,low
FAXYAE,Ta,eta1,"1,1,1,1,1",atom,9,False,False,False,False,False,False,9,9,True,True,True,True,True,True,True,True,True,True,True,True,True,,,low
GATHOZ,Rh,eta1,"1,1,1,1",atom,6,False,False,False,False,False,False,6,6,True,True,True,True,True,True,True,True,True,True,True,True,True,,,low
BOWSAI,Rh,eta1,"1,1,1,1",atom,6,False,False,False,False,False,False,6,6,True,True,True,True,True,True,True,True,True,True,True,True,True,,,low
GAZCAN,Fe,eta1,"1,1,1,1,1,1,1,1,1,1",atom,10,False,False,False,False,False,False,10,10,True,True,True,True,True,True,True,True,True,True,True,True,True,,,low
QIWNAO,Ru,eta1,"1,1,1,1,1",atom,8,False,False,False,False,False,False,8,8,True,True,True,True,True,True,True,True,True,True,True,True,True,,,low
WULNAV,Rh,eta1,"1,1,1,1,1,1",atom,8,False,False,False,False,False,False,8,8,True,True,True,True,True,True,True,True,True,True,True,True,True,,,low
SINWER05,Os,eta1,"1,1,1,1,1,1,1,1,1,1",atom,10,False,False,False,False,False,False,10,10,True,True,True,True,True,True,True,True,True,True,True,True,True,,,low
FOYFOO,Fe,eta1,"1,1,1,1,1",atom,8,False,False,False,False,False,False,8,8,True,True,True,True,True,True,True,True,True,True,True,True,True,,,low
IZEXUJ,Ru,eta1,"1,1,1,1,1,1",atom,9,False,False,False,False,False,False,9,9,True,True,True,True,True,True,True,True,True,True,True,True,True,,,low
PUSVII,Mo,eta1,"1,1,1,1,1,1",atom,9,False,False,False,False,False,False,9,9,True,True,True,True,True,True,True,True,True,True,True,True,True,,,low
QUMQIY,Mo,eta1,"1,1,1,1,1,1",atom,9,False,False,False,False,False,False,9,9,True,True,True,True,True,True,True,True,True,True,True,True,True,,,low
KEYQOY,Ti,eta1,"1,1,1,1,1,1,1,1,1,1,1,1,1",atom,14,False,False,False,False,False,False,14,14,True,True,True,True,True,True,True,True,True,True,True,True,True,,,low
SOTLEU,Ir,eta1,"1,1,1,1,1",atom,7,False,False,False,False,False,False,7,7,True,True,True,True,True,True,True,True,True,True,True,True,True,,,low
CERMIX,Fe,eta1,"1,1,1,1,1,1,1,1,1,1",atom,10,False,False,False,False,False,False,10,10,True,True,True,True,True,True,True,True,True,True,True,True,True,,,low
CEFCEW,Pd,eta1,"1,1,1",atom,4,False,False,False,False,False,False,4,4,True,True,True,True,True,True,True,True,True,True,True,True,True,,,low
BPHPRH10,Rh,eta1,"1,1,1,1,1,1",atom,8,False,False,False,False,False,False,8,8,True,True,True,True,True,True,True,True,True,True,True,True,True,,,low
WUCYEB,Ir,eta1,"1,1,1,1,1",atom,8,False,False,False,False,False,False,8,8,True,True,True,True,True,True,True,True,True,True,True,True,True,,,low
KEFTAT,Cr,eta1,"1,1,1,1,1,1",atom,9,False,False,False,False,False,False,9,9,True,True,True,True,True,True,True,True,True,True,True,True,True,,,low
DERLIV,Zr,eta1,"1,1,1,1,1,1,1,1,1,1",atom,13,False,False,False,False,False,False,13,13,True,True,True,True,True,True,True,True,True,True,True,True,True,,,low
UPEJUV,Ru,eta1,"1,1,1,1,1",atom,8,False,False,False,False,False,False,8,8,True,True,True,True,True,True,True,True,True,True,True,True,True,,,low
HENPEV,Co,eta1,"1,1,1,1,1,1,1,1,1",atom,9,False,False,False,False,False,False,9,9,True,True,True,True,True,True,True,True,True,True,True,True,True,,,low
CEMYAX,Rh,eta1,"1,1,1,1",atom,6,False,False,False,False,False,False,6,6,True,True,True,True,True,True,True,True,True,True,True,True,True,,,low
QOMGOO,Mo,eta1,"1,1,1,1,1,1,1,1,1,1",atom,12,False,False,False,False,False,False,12,12,True,True,True,True,True,True,True,True,True,True,True,True,True,,,low
XAQHUW,Rh,eta1,"1,1,1,1,1",atom,8,False,False,False,False,False,False,8,8,True,True,True,True,True,True,True,True,True,True,True,True,True,,,low
JAPTON,Co,eta1,"1,1,1,1,1",atom,7,False,False,False,False,False,False,7,7,True,True,True,True,True,True,True,True,True,True,True,True,True,,,low
DAHQEK,Co,eta1,"1,1,1,1,1,1,1,1,1,1",atom,10,False,False,False,False,False,False,10,10,True,True,True,True,True,True,True,True,True,True,True,True,True,,,low
XIJWUJ,Rh,eta1,"1,1,1,1",atom,6,False,False,False,False,False,False,6,6,True,True,True,True,True,True,True,True,True,True,True,True,True,,,low
FOCBAA,Zr,eta1,"1,1,1,1,1,1,1,1,1",atom,11,False,False,False,False,False,False,11,11,True,True,True,True,True,True,True,True,True,True,True,True,True,,,low
QODVUD,W,eta1,"1,1",atom,7,False,False,False,False,False,False,7,7,True,True,True,True,True,True,True,True,True,True,True,True,True,,,low
TOKFEH,Ru,eta1,"1,1,1,1,1,1,1,1,1,1",atom,10,False,False,False,False,False,False,10,10,True,True,True,True,True,True,True,True,True,True,True,True,True,,,low
IWEBEU,Pd,eta1,"1,1",atom,4,False,False,False,False,False,False,4,4,True,True,True,True,True,True,True,True,True,True,True,True,True,,,low
CEGSEM,W,eta1,"1,1,1,1,1,1,1",atom,10,False,False,False,False,False,False,10,10,True,True,True,True,True,True,True,True,True,True,True,True,True,,,low
FUYPOE,Fe,eta1,"1,1,1,1,1,1,1,1,1,1",atom,10,False,False,False,False,False,False,10,10,True,True,True,True,True,True,True,True,True,True,True,True,True,,,low
YAKGOI,Ir,eta1,"1,1,1,1,1",atom,8,False,False,False,False,False,False,8,8,True,True,True,True,True,True,True,True,True,True,True,True,True,,,low
QIWLUE,Ir,eta1,"1,1,1,1",atom,6,False,False,False,False,False,False,6,6,True,True,True,True,True,True,True,True,True,True,True,True,True,,,low
TAFGUE,Ir,eta1,"1,1,1,1",atom,6,False,False,False,False,False,False,6,6,True,True,True,True,True,True,True,True,True,True,True,True,True,,,low
RUMXON,Ti,eta1,"1,1,1,1,1,1,1,1,1,1",atom,12,False,False,False,False,False,False,12,12,True,True,True,True,True,True,True,True,True,True,True,True,True,,,low
LUWLAR,Ru,eta1,"1,1,1,1,1,1,1,1,1,1",atom,10,False,False,False,False,False,False,10,10,True,True,True,True,True,True,True,True,True,True,True,True,True,,,low
GOSJOR,Ir,eta1,"1,1,1,1,1",atom,8,False,False,False,False,False,False,8,8,True,True,True,True,True,True,True,True,True,True,True,True,True,,,low
TEPJAC,Ru,eta1,"1,1,1,1,1,1",atom,8,False,False,False,False,False,False,8,8,True,True,True,True,True,True,True,True,True,True,True,True,True,,,low
PEJCIU,Ru,eta1,"1,1,1,1,1,1,1,1,1,1",atom,10,False,False,False,False,False,False,10,10,True,True,True,True,True,True,True,True,True,True,True,True,True,,,low
TIVREW,Ru,eta1,"1,1,1,1,1",atom,8,False,False,False,False,False,False,8,8,True,True,True,True,True,True,True,True,True,True,True,True,True,,,low
AKUVAH,Zr,eta1,"1,1,1,1,1,1,1,1,1,1",atom,13,False,False,False,False,False,False,13,13,True,True,True,True,True,True,True,True,True,True,True,True,True,,,low
MIZNIV,Fe,eta1,"1,1,1,1,1,1,1,1,1,1",atom,10,False,False,False,False,False,False,10,10,True,True,True,True,True,True,True,True,True,True,True,True,True,,,low
ECEQUZ,Fe,eta1,"1,1,1,1,1,1,1,1,1,1",atom,10,False,False,False,False,False,False,10,10,True,True,True,True,True,True,True,True,True,True,True,True,True,,,low
ZIDGAU01,Zr,eta1,"1,1,1,1,1,1,1,1,1,1",atom,12,False,False,False,False,False,False,12,12,True,True,True,True,True,True,True,True,True,True,True,True,True,,,low
FUFFAP,Pt,eta1,"1,1,1,1",atom,6,False,False,False,False,False,False,6,6,True,True,True,True,True,True,True,True,True,True,True,True,True,,,low
SAGQOK,Ir,eta1,"1,1,1,1,1,1,1,1,1",atom,9,False,False,False,False,False,False,9,9,True,True,True,True,True,True,True,True,True,True,True,True,True,,,low
PAXYIZ,Rh,eta1,"1,1,1,1,1",atom,8,False,False,False,False,False,False,8,8,True,True,True,True,True,True,True,True,True,True,True,True,True,,,low
NEKFOB,Fe,eta1,"1,1,1,1,1,1,1,1,1,1",atom,10,False,False,False,False,False,False,10,10,True,True,True,True,True,True,True,True,True,True,True,True,True,,,low
KIZBAW,Re,eta1,"1,1,1,1,1,1,1",atom,9,False,False,False,False,False,False,9,9,True,True,True,True,True,True,True,True,True,True,True,True,True,,,low
OBICAG,Co,eta1,"1,1,1,1,1,1,1,1,1,1",atom,10,False,False,False,False,False,False,10,10,True,True,True,True,True,True,True,True,True,True,True,True,True,,,low
YOGCON,Ru,eta1,"1,1,1,1,1,1",atom,9,False,False,False,False,False,False,9,9,True,True,True,True,True,True,True,True,True,True,True,True,True,,,low
LAZGAW,Co,eta1,"1,1,1,1,1",atom,10,False,False,False,False,False,False,10,10,True,True,True,True,True,True,True,True,True,True,True,True,True,,,low
DOXDUQ,W,eta1,"1,1,1,1,1,1,1,1",atom,10,False,False,False,False,False,False,10,10,True,True,True,True,True,True,True,True,True,True,True,True,True,,,low
TOQHUC,Pd,eta1,"1,1,1",atom,5,False,False,False,False,False,False,5,5,True,True,True,True,True,True,True,True,True,True,True,True,True,,,low
BOXQIP,Zr,eta1,"1,1,1,1,1,1,1,1,1,1,1,1,1",atom,14,False,False,False,False,False,False,14,14,True,True,True,True,True,True,True,True,True,True,True,True,True,,,low
AQICAF,Fe,eta1,"1,1,1,1",atom,7,False,False,False,False,False,False,7,7,True,True,True,True,True,True,True,True,True,True,True,True,True,,,low
RUQZUB,Ru,eta1,"1,1,1,1,1,1",atom,9,False,False,False,False,False,False,9,9,True,True,True,True,True,True,True,True,True,True,True,True,True,,,low
QAYMAF,Fe,eta1,"1,1,1,1,1,1,1,1,1,1",atom,10,False,False,False,False,False,False,10,10,True,True,True,True,True,True,True,True,True,True,True,True,True,,,low
OVABUK,Ti,eta1,"1,1,1,1,1,1,1,1,1,1",atom,12,False,False,False,False,False,False,12,12,True,True,True,True,True,True,True,True,True,True,True,True,True,,,low
DEWTOO10,W,eta1,"1,1",atom,7,False,False,False,False,False,False,7,7,True,True,True,True,True,True,True,True,True,True,True,True,True,,,low
ARIWON,W,eta1,"1,1,1,1,1,1",atom,9,False,False,False,False,False,False,9,9,True,True,True,True,True,True,True,True,True,True,True,True,True,,,low
IWALUP02,Fe,eta1,"1,1,1,1,1,1,1,1,1,1",atom,10,False,False,False,False,False,False,10,10,True,True,True,True,True,True,True,True,True,True,True,True,True,,,low
VUBSOC,Ru,eta1,"1,1,1,1,1,1",atom,9,False,False,False,False,False,False,9,9,True,True,True,True,True,True,True,True,True,True,True,True,True,,,low
MIVGUU,Pt,eta1,"1,1,1,1",atom,5,False,False,False,False,False,False,5,5,True,True,True,True,True,True,True,True,True,True,True,True,True,,,low
WEGCIV,Ti,eta1,"1,1,1,1,1,1,1,1,1,1,1,1",atom,12,False,False,False,False,False,False,12,12,True,True,True,True,True,True,True,True,True,True,True,True,True,,,low
WEKSUB,Ru,eta1,"1,1,1,1,1,1",atom,9,False,False,False,False,False,False,9,9,True,True,True,True,True,True,True,True,True,True,True,True,True,,,low
CAPJAF,Fe,eta1,"1,1,1,1,1,1,1,1,1,1",atom,10,False,False,False,False,False,False,10,10,True,True,True,True,True,True,True,True,True,True,True,True,True,,,low
XALYEQ,Ru,eta1,"1,1,1,1,1,1",atom,9,False,False,False,False,False,False,9,9,True,True,True,True,True,True,True,True,True,True,True,True,True,,,low
IYEWAM,Fe,eta1,"1,1,1,1,1,1,1,1,1",atom,9,False,False,False,False,False,False,9,9,True,True,True,True,True,True,True,True,True,True,True,True,True,,,low
BEBTUX10,Mo,eta1,"1,1,1,1,1",atom,9,False,False,False,False,False,False,9,9,True,True,True,True,True,True,True,True,True,True,True,True,True,,,low
HOXDON,Ru,eta1,"1,1,1,1,1",atom,8,False,False,False,False,False,False,8,8,True,True,True,True,True,True,True,True,True,True,True,True,True,,,low
XIFXES,Rh,eta1,"1,1,1,1,1",atom,8,False,False,False,False,False,False,8,8,True,True,True,True,True,True,True,True,True,True,True,True,True,,,low
NARHOD,Nb,eta1,"1,1,1,1,1,1,1,1,1,1",atom,12,False,False,False,False,False,False,12,12,True,True,True,True,True,True,True,True,True,True,True,True,True,,,low
MOGJIC,Sc,eta1,"1,1,1,1,1,1,1,1,1,1,1,1,1,1",atom,14,False,False,False,False,False,False,14,14,True,True,True,True,True,True,True,True,True,True,True,True,True,,,low
FOBVEX,Ru,eta1,"1,1,1,1,1",atom,8,False,False,False,False,False,False,8,8,True,True,True,True,True,True,True,True,True,True,True,True,True,,,low
HARYOQ,W,eta1,"1,1,1,1,1",atom,8,False,False,False,False,False,False,8,8,True,True,True,True,True,True,True,True,True,True,True,True,True,,,low
MATPAA,Co,eta1,"1,1,1,1,1,1,1,1,1",atom,9,False,False,False,False,False,False,9,9,True,True,True,True,True,True,True,True,True,True,True,True,True,,,low
ODABUU,Fe,eta1,"1,1,1,1,1",atom,8,False,False,False,False,False,False,8,8,True,True,True,True,True,True,True,True,True,True,True,True,True,,,low
RIZNIX,Ti,eta1,"1,1,1,1,1",atom,8,False,False,False,False,False,False,8,8,True,True,True,True,True,True,True,True,True,True,True,True,True,,,low
BISZUY,La,eta1,"1,1,1,1,1,1,1,1,1,1",atom,16,False,False,False,False,False,False,16,16,True,True,True,True,True,True,True,True,True,True,True,True,True,,,low
AROHEW,Zr,eta1,"1,1,1,1,1",atom,10,False,False,False,False,False,False,10,10,True,True,True,True,True,True,True,True,True,True,True,True,True,,,low
IZIKAE,Ru,eta1,"1,1,1,1,1",atom,8,False,False,False,False,False,False,8,8,True,True,True,True,True,True,True,True,True,True,True,True,True,,,low
FUZSUS,Ru,eta1,"1,1,1,1,1,1,1,1,1,1",atom,10,False,False,False,False,False,False,10,10,True,True,True,True,True,True,True,True,True,True,True,True,True,,,low
NORNIR,Zr,eta1,"1,1,1,1,1,1,1,1,1,1",atom,12,False,False,False,False,False,False,12,12,True,True,True,True,True,True,True,True,True,True,True,True,True,,,low
NOGQAD,Rh,eta1,"1,1,1,1,1",atom,8,False,False,False,False,False,False,8,8,True,True,True,True,True,True,True,True,True,True,True,True,True,,,low
BIZQIK,Co,eta1,"1,1,1,1,1",atom,8,False,False,False,False,False,False,8,8,True,True,True,True,True,True,True,True,True,True,True,True,True,,,low
VOGWUN,Fe,eta1,"1,1,1,1,1",atom,7,False,False,False,False,False,False,7,7,True,True,True,True,True,True,True,True,True,True,True,True,True,,,low
NOHREH,Ni,eta1,"1,1,1,1,1",atom,7,False,False,False,False,False,False,7,7,True,True,True,True,True,True,True,True,True,True,True,True,True,,,low
ACUTIB,Ru,eta1,"1,1,1,1,1,1,1",atom,9,False,False,False,False,False,False,9,9,True,True,True,True,True,True,True,True,True,True,True,True,True,,,low
ABEYEL,Ru,eta1,"1,1,1,1,1",atom,8,False,False,False,False,False,False,8,8,True,True,True,True,True,True,True,True,True,True,True,True,True,,,low
TAXFAZ01,Mo,eta1,"1,1,1,1,1",atom,10,False,False,False,False,False,False,10,10,True,True,True,True,True,True,True,True,True,True,True,True,True,,,low
FOCDOQ01,Ti,eta1,"1,1,1,1,1,1,1,1,1,1",atom,12,False,False,False,False,False,False,12,12,True,True,True,True,True,True,True,True,True,True,True,True,True,,,low
HIZPUB,Pd,eta1,"1,1,1,1",atom,9,False,False,False,False,False,False,9,9,True,True,True,True,True,True,True,True,True,True,True,True,True,,,low
ZAPQEM,Mo,eta1,"1,1,1,1,1",atom,8,False,False,False,False,False,False,8,8,True,True,True,True,True,True,True,True,True,True,True,True,True,,,low
BECYEN,Co,eta1,"1,1,1,1,1,1,1,1,1",atom,9,False,False,False,False,False,False,9,9,True,True,True,True,True,True,True,True,True,True,True,True,True,,,low
FASNUK,Rh,eta1,"1,1,1,1,1",atom,8,False,False,False,False,False,False,8,8,True,True,True,True,True,True,True,True,True,True,True,True,True,,,low
UCUXAR,Mo,eta1,"1,1,1,1,1",atom,9,False,False,False,False,False,False,9,9,True,True,True,True,True,True,True,True,True,True,True,True,True,,,low
TERGAZ02,Cr,eta1,"1,1,1,1,1,1,1,1,1,1",atom,10,False,False,False,False,False,False,10,10,True,True,True,True,True,True,True,True,True,True,True,True,True,,,low
XACSOJ,Fe,eta1,"1,1,1,1,1,1,1,1,1,1",atom,10,False,False,False,False,False,False,10,10,True,True,True,True,True,True,True,True,True,True,True,True,True,,,low
QEKHOH,Rh,eta1,"1,1,1,1,1,1,1,1,1",atom,9,False,False,False,False,False,False,9,9,True,True,True,True,True,True,True,True,True,True,True,True,True,,,low
AGATAG,Ru,eta1,"1,1,1,1,1,1",atom,9,False,False,False,False,False,False,9,9,True,True,True,True,True,True,True,True,True,True,True,True,True,,,low
GIRNII,Os,eta1,"1,1,1,1,1,1",atom,9,False,False,False,False,False,False,9,9,True,True,True,True,True,True,True,True,True,True,True,True,True,,,low
XOQGAL,Cr,eta1,"1,1,1,1,1,1",atom,9,False,False,False,False,False,False,9,9,True,True,True,True,True,True,True,True,True,True,True,True,True,,,low
ZELFED,Pt,eta1,"1,1,1,1,1,1,1",atom,7,False,False,False,False,False,False,7,7,True,True,True,True,True,True,True,True,True,True,True,True,True,,,low
CUPNIK,Re,eta1,1,atom,6,False,False,False,False,False,False,6,6,True,True,True,True,True,True,True,True,True,True,True,True,True,,,low
SEPJOM,Ti,eta1,"1,1,1,1,1",atom,9,False,False,False,False,False,False,9,9,True,True,True,True,True,True,True,True,True,True,True,True,True,,,low
KUKYEU,Ti,eta1,"1,1,1,1,1,1,1,1,1,1,1,1",atom,12,False,False,False,False,False,False,12,12,True,True,True,True,True,True,True,True,True,True,True,True,True,,,low
NURGOW,Zr,eta1,"1,1,1,1,1,1,1,1,1,1",atom,12,False,False,False,False,False,False,12,12,True,True,True,True,True,True,True,True,True,True,True,True,True,,,low
ZODBID,W,eta1,"1,1,1,1,1",atom,8,False,False,False,False,False,False,8,8,True,True,True,True,True,True,True,True,True,True,True,True,True,,,low
HELTAW,Ru,eta1,"1,1,1,1,1,1",atom,9,False,False,False,False,False,False,9,9,True,True,True,True,True,True,True,True,True,True,True,True,True,,,low
RAPCIU01,Cr,eta1,"1,1,1,1,1,1,1,1",atom,10,False,False,False,False,False,False,10,10,True,True,True,True,True,True,True,True,True,True,True,True,True,,,low
OKIZUG,Fe,eta1,"1,1,1,1,1",atom,7,False,False,False,False,False,False,7,7,True,True,True,True,True,True,True,True,True,True,True,True,True,,,low
GICGUU,Mo,eta1,"1,1,1,1,1,1,1,1,1",atom,11,False,False,False,False,False,False,11,11,True,True,True,True,True,True,True,True,True,True,True,True,True,,,low
MUCKUU,Y,eta1,"1,1,1,1,1,1,1,1,1,1",atom,12,False,False,False,False,False,False,12,12,True,True,True,True,True,True,True,True,True,True,True,True,True,,,low
TEDYUX,Hf,eta1,"1,1,1,1,1,1,1,1,1,1,1,1",atom,14,False,False,False,False,False,False,14,14,True,True,True,True,True,True,True,True,True,True,True,True,True,,,low
YOCQAK,Fe,eta1,"1,1,1,1,1,1,1,1,1,1",atom,10,False,False,False,False,False,False,10,10,True,True,True,True,True,True,True,True,True,True,True,True,True,,,low
KELQAT,Ru,eta1,"1,1",atom,7,False,False,False,False,False,False,7,7,True,True,True,True,True,True,True,True,True,True,True,True,True,,,low
AVEBAE,Co,eta1,"1,1,1,1,1,1,1,1,1",atom,9,False,False,False,False,False,False,9,9,True,True,True,True,True,True,True,True,True,True,True,True,True,,,low
ZONDAH,Fe,eta1,"1,1,1,1,1",atom,8,False,False,False,False,False,False,8,8,True,True,True,True,True,True,True,True,True,True,True,True,True,,,low
POJJAZ,Mn,eta1,"1,1,1,1,1,1,1",atom,9,False,False,False,False,False,False,9,9,True,True,True,True,True,True,True,True,True,True,True,True,True,,,low
QEPLAY,Ru,eta1,"1,1,1,1,1,1,1,1,1",atom,10,False,False,False,False,False,False,10,10,True,True,True,True,True,True,True,True,True,True,True,True,True,,,low
YARRIS,Co,eta1,"1,1",atom,5,False,False,False,False,False,False,5,5,True,True,True,True,True,True,True,True,True,True,True,True,True,,,low
TMYCRE,Re,eta1,"1,1,1,1,1",atom,8,False,False,False,False,False,False,8,8,True,True,True,True,True,True,True,True,True,True,True,True,True,,,low
SOXSAA,Fe,eta1,"1,1,1,1,1,1,1,1,1,1",atom,10,False,False,False,False,False,False,10,10,True,True,True,True,True,True,True,True,True,True,True,True,True,,,low
XUSKUR,Ta,eta1,"1,1",atom,7,False,False,False,False,False,False,7,7,True,True,True,True,True,True,True,True,True,True,True,True,True,,,low
XEGSAH,Co,eta1,"1,1,1,1,1,1,1,1",atom,9,False,False,False,False,False,False,9,9,True,True,True,True,True,True,True,True,True,True,True,True,True,,,low
QEFQOJ,Fe,eta1,"1,1,1,1,1,1,1,1,1,1",atom,10,False,False,False,False,False,False,10,10,True,True,True,True,True,True,True,True,True,True,True,True,True,,,low
BEKBEY,Fe,eta1,"1,1,1,1",atom,7,False,False,False,False,False,False,7,7,True,True,True,True,True,True,True,True,True,True,True,True,True,,,low
AZINON,Ru,eta1,"1,1,1,1",atom,8,False,False,False,False,False,False,8,8,True,True,True,True,True,True,True,True,True,True,True,True,True,,,low
CICBID,Fe,eta1,"1,1,1,1,1,1,1,1,1,1",atom,10,False,False,False,False,False,False,10,10,True,True,True,True,True,True,True,True,True,True,True,True,True,,,low
TOXHET,Mo,eta1,"1,1,1,1,1,1,1,1",atom,10,False,False,False,False,False,False,10,10,True,True,True,True,True,True,True,True,True,True,True,True,True,,,low
BEKZAU02,Ir,eta1,"1,1,1,1,1",atom,8,False,False,False,False,False,False,8,8,True,True,True,True,True,True,True,True,True,True,True,True,True,,,low
PAWQIN,Mo,eta1,"1,1,1,1,1",atom,9,False,False,False,False,False,False,9,9,True,True,True,True,True,True,True,True,True,True,True,True,True,,,low
KINPIG,Cr,eta1,"1,1,1,1,1",atom,8,False,False,False,False,False,False,8,8,True,True,True,True,True,True,True,True,True,True,True,True,True,,,low
HEXDOE,Ti,eta1,"1,1,1,1,1,1,1,1,1,1,1,1",atom,12,False,False,False,False,False,False,12,12,True,True,True,True,True,True,True,True,True,True,True,True,True,,,low
IYONOZ01,Fe,eta1,"1,1,1,1,1",atom,8,False,False,False,False,False,False,8,8,True,True,True,True,True,True,True,True,True,True,True,True,True,,,low
HOJCUF,Rh,eta1,"1,1,1,1",atom,6,False,False,False,False,False,False,6,6,True,True,True,True,True,True,True,True,True,True,True,True,True,,,low
GUZLIY,Fe,eta1,"1,1,1,1,1,1,1,1,1,1",atom,10,False,False,False,False,False,False,10,10,True,True,True,True,True,True,True,True,True,True,True,True,True,,,low
UHORIW,Fe,eta1,"1,1,1,1,1,1,1,1,1,1",atom,10,False,False,False,False,False,False,10,10,True,True,True,True,True,True,True,True,True,True,True,True,True,,,low
WEXNET,Ru,eta1,"1,1,1,1,1,1",atom,9,False,False,False,False,False,False,9,9,True,True,True,True,True,True,True,True,True,True,True,True,True,,,low
XEHLII,Ir,eta1,"1,1",atom,5,False,False,False,False,False,False,5,5,True,True,True,True,True,True,True,True,True,True,True,True,True,,,low
DAXNIZ10,Mo,eta1,"1,1,1,1,1,1,1,1,1,1,1,1",atom,13,False,False,False,False,False,False,13,13,True,True,True,True,True,True,True,True,True,True,True,True,True,,,low
ZOQVEG,Mn,eta1,"1,1,1,1",atom,7,False,False,False,False,False,False,7,7,True,True,True,True,True,True,True,True,True,True,True,True,True,,,low
COXBPT,Pt,eta1,"1,1,1,1",atom,6,False,False,False,False,False,False,6,6,True,True,True,True,True,True,True,True,True,True,True,True,True,,,low
RIYPEW,Fe,eta1,"1,1,1,1,1,1,1,1,1,1",atom,10,False,False,False,False,False,False,10,10,True,True,True,True,True,True,True,True,True,True,True,True,True,,,low
DADFAQ,Fe,eta1,"1,1,1,1,1,1,1,1,1,1",atom,10,False,False,False,False,False,False,10,10,True,True,True,True,True,True,True,True,True,True,True,True,True,,,low
HIMRIE,Fe,eta1,"1,1",atom,6,False,False,False,False,False,False,6,6,True,True,True,True,True,True,True,True,True,True,True,True,True,,,low
NADWAS,Ir,eta1,"1,1,1,1,1",atom,9,False,False,False,False,False,False,9,9,True,True,True,True,True,True,True,True,True,True,True,True,True,,,low
YAJVEK,Cr,eta1,"1,1,1,1,1,1",atom,9,False,False,False,False,False,False,9,9,True,True,True,True,True,True,True,True,True,True,True,True,True,,,low
WIVTEA,Zr,eta1,"1,1,1,1,1,1,1,1,1,1",atom,13,False,False,False,False,False,False,13,13,True,True,True,True,True,True,True,True,True,True,True,True,True,,,low
IJESUM,Zr,eta1,"1,1,1",atom,7,False,False,False,False,False,False,7,7,True,True,True,True,True,True,True,True,True,True,True,True,True,,,low
HIRZUG,Pt,eta1,"1,1",atom,5,False,False,False,False,False,False,5,5,True,True,True,True,True,True,True,True,True,True,True,True,True,,,low
ROMSER,Nb,eta1,"1,1,1,1,1,1,1,1,1",atom,11,False,False,False,False,False,False,11,11,True,True,True,True,True,True,True,True,True,True,True,True,True,,,low
JOCGIT,Ir,eta1,"1,1,1,1,1",atom,8,False,False,False,False,False,False,8,8,True,True,True,True,True,True,True,True,True,True,True,True,True,,,low
KUVNEU,Nb,eta1,"1,1,1,1,1",atom,8,False,False,False,False,False,False,8,8,True,True,True,True,True,True,True,True,True,True,True,True,True,,,low
QOTHOZ,Cr,eta1,"1,1,1,1,1",atom,8,False,False,False,False,False,False,8,8,True,True,True,True,True,True,True,True,True,True,True,True,True,,,low
BUMBAM,Mo,eta1,"1,1,1,1,1,1,1,1,1,1",atom,12,False,False,False,False,False,False,12,12,True,True,True,True,True,True,True,True,True,True,True,True,True,,,low
TUTWOU,W,eta1,"1,1,1,1,1,1,1,1",atom,10,False,False,False,False,False,False,10,10,True,True,True,True,True,True,True,True,True,True,True,True,True,,,low
ASUHEB,W,eta1,"1,1,1,1,1",atom,9,False,False,False,False,False,False,9,9,True,True,True,True,True,True,True,True,True,True,True,True,True,,,low
JOMLII,Fe,eta1,"1,1,1,1,1,1,1,1,1,1",atom,10,False,False,False,False,False,False,10,10,True,True,True,True,True,True,True,True,True,True,True,True,True,,,low
WEMSUC,Zr,eta1,"1,1,1,1,1,1,1,1,1,1",atom,12,False,False,False,False,False,False,12,12,True,True,True,True,True,True,True,True,True,True,True,True,True,,,low
QONQER,Ru,eta1,"1,1,1,1,1",atom,9,False,False,False,False,False,False,9,9,True,True,True,True,True,True,True,True,True,True,True,True,True,,,low
HOZGAE01,Ti,eta1,"1,1",atom,6,False,False,False,False,False,False,6,6,True,True,True,True,True,True,True,True,True,True,True,True,True,,,low
KAYPUV,Fe,eta1,"1,1,1,1",atom,7,False,False,False,False,False,False,7,7,True,True,True,True,True,True,True,True,True,True,True,True,True,,,low
FOFYII,W,eta1,"1,1,1,1,1,1,1,1,1",atom,11,False,False,False,False,False,False,11,11,True,True,True,True,True,True,True,True,True,True,True,True,True,,,low
NAKCUY,W,eta1,"1,1,1,1,1",atom,8,False,False,False,False,False,False,8,8,True,True,True,True,True,True,True,True,True,True,True,True,True,,,low
EFIJIM,Ir,eta1,"1,1,1,1,1,1,1",atom,8,False,False,False,False,False,False,8,8,True,True,True,True,True,True,True,True,True,True,True,True,True,,,low
ADUZII,Rh,eta1,"1,1,1,1,1",atom,8,False,False,False,False,False,False,8,8,True,True,True,True,True,True,True,True,True,True,True,True,True,,,low
KAHGEJ,Cu,eta1,"1,1",atom,5,False,False,False,False,False,False,5,5,True,True,True,True,True,True,True,True,True,True,True,True,True,,,low
CEVHEQ,Mn,eta1,"1,1,1,1,1,1,1",atom,9,False,False,False,False,False,False,9,9,True,True,True,True,True,True,True,True,True,True,True,True,True,,,low
COJREZ,Rh,eta1,"1,1,1,1",atom,6,False,False,False,False,False,False,6,6,True,True,True,True,True,True,True,True,True,True,True,True,True,,,low
GEGJUX,V,eta1,"1,1,1,1,1",atom,8,False,False,False,False,False,False,8,8,True,True,True,True,True,True,True,True,True,True,True,True,True,,,low
HOXFEF,Ru,eta1,"1,1,1,1,1",atom,8,False,False,False,False,False,False,8,8,True,True,True,True,True,True,True,True,True,True,True,True,True,,,low
HAWJIZ,Fe,eta1,"1,1,1,1,1,1,1,1,1,1,1",atom,11,False,False,False,False,False,False,11,11,True,True,True,True,True,True,True,True,True,True,True,True,True,,,low
DIWCIX,Rh,eta1,"1,1,1,1,1",atom,8,False,False,False,False,False,False,8,8,True,True,True,True,True,True,True,True,True,True,True,True,True,,,low
CUTHUX,Fe,eta1,"1,1,1,1,1,1,1,1,1,1",atom,10,False,False,False,False,False,False,10,10,True,True,True,True,True,True,True,True,True,True,True,True,True,,,low
CEBTAG,Ru,eta1,"1,1,1,1,1,1",atom,9,False,False,False,False,False,False,9,9,True,True,True,True,True,True,True,True,True,True,True,True,True,,,low
WOKYIF,Co,eta1,"1,1",atom,5,False,False,False,False,False,False,5,5,True,True,True,True,True,True,True,True,True,True,True,True,True,,,low
QIFFET,Rh,eta1,"1,1,1,1",atom,6,False,False,False,False,False,False,6,6,True,True,True,True,True,True,True,True,True,True,True,True,True,,,low
PIGHOE,Ir,eta1,"1,1",atom,7,False,False,False,False,False,False,7,7,True,True,True,True,True,True,True,True,True,True,True,True,True,,,low
SACREY,Fe,eta1,"1,1,1,1,1,1,1,1,1,1",atom,10,False,False,False,False,False,False,10,10,True,True,True,True,True,True,True,True,True,True,True,True,True,,,low
YIQZON,Os,eta1,"1,1,1,1,1,1,1",atom,8,False,False,False,False,False,False,8,8,True,True,True,True,True,True,True,True,True,True,True,True,True,,,low
RESMUY,Mo,eta1,"1,1,1,1,1,1,1,1,1,1",atom,12,False,False,False,False,False,False,12,12,True,True,True,True,True,True,True,True,True,True,True,True,True,,,low
ETOTUF,Pd,eta1,"1,1",atom,4,False,False,False,False,False,False,4,4,True,True,True,True,True,True,True,True,True,True,True,True,True,,,low
NEKKIY,W,eta1,"1,1",atom,6,False,False,False,False,False,False,6,6,True,True,True,True,True,True,True,True,True,True,True,True,True,,,low
YAXDUZ,Tc,eta1,"1,1,1,1,1,1,1,1,1,1,1,1",atom,12,False,False,False,False,False,False,12,12,True,True,True,True,True,True,True,True,True,True,True,True,True,,,low
LEXKAA,Zr,eta1,"1,1,1,1,1,1,1,1,1,1",atom,12,False,False,False,False,False,False,12,12,True,True,True,True,True,True,True,True,True,True,True,True,True,,,low
DISQOL,Fe,eta1,"1,1,1,1,1",atom,8,False,False,False,False,False,False,8,8,True,True,True,True,True,True,True,True,True,True,True,True,True,,,low
WUZPAI,Mo,eta1,"1,1,1",atom,8,False,False,False,False,False,False,8,8,True,True,True,True,True,True,True,True,True,True,True,True,True,,,low
CABKAV,Co,eta1,"1,1,1,1,1,1,1,1,1,1",atom,10,False,False,False,False,False,False,10,10,True,True,True,True,True,True,True,True,True,True,True,True,True,,,low
BAYBUB,Ru,eta1,"1,1,1,1,1,1",atom,9,False,False,False,False,False,False,9,9,True,True,True,True,True,True,True,True,True,True,True,True,True,,,low
ZALHEC,Os,eta1,"1,1,1,1,1,1",atom,9,False,False,False,False,False,False,9,9,True,True,True,True,True,True,True,True,True,True,True,True,True,,,low
GOTXOE,Ir,eta1,"1,1,1,1",atom,6,False,False,False,False,False,False,6,6,True,True,True,True,True,True,True,True,True,True,True,True,True,,,low
RIGCIW,Fe,eta1,"1,1,1,1,1,1,1,1,1,1",atom,10,False,False,False,False,False,False,10,10,True,True,True,True,True,True,True,True,True,True,True,True,True,,,low
HENQOG,Fe,eta1,"1,1,1,1",atom,7,False,False,False,False,False,False,7,7,True,True,True,True,True,True,True,True,True,True,True,True,True,,,low
JURSOE,Zr,eta1,"1,1,1,1,1,1,1,1,1,1",atom,13,False,False,False,False,False,False,13,13,True,True,True,True,True,True,True,True,True,True,True,True,True,,,low
LIHDEN,Pd,eta1,"1,1,1",atom,5,False,False,False,False,False,False,5,5,True,True,True,True,True,True,True,True,True,True,True,True,True,,,low
GOWWOE,Mn,eta1,"1,1,1,1,1",atom,8,False,False,False,False,False,False,8,8,True,True,True,True,True,True,True,True,True,True,True,True,True,,,low
HOXVEV,Ru,eta1,"1,1,1,1,1",atom,8,False,False,False,False,False,False,8,8,True,True,True,True,True,True,True,True,True,True,True,True,True,,,low
LOFLIC,Mo,eta1,"1,1,1,1,1,1,1",atom,9,False,False,False,False,False,False,9,9,True,True,True,True,True,True,True,True,True,True,True,True,True,,,low
IZEWAO,Ru,eta1,"1,1,1,1",atom,8,False,False,False,False,False,False,8,8,True,True,True,True,True,True,True,True,True,True,True,True,True,,,low
VEZMUI,Cr,eta1,"1,1,1,1,1,1",atom,9,False,False,False,False,False,False,9,9,True,True,True,True,True,True,True,True,True,True,True,True,True,,,low
KENDEP,Fe,eta1,"1,1,1,1,1",atom,8,False,False,False,False,False,False,8,8,True,True,True,True,True,True,True,True,True,True,True,True,True,,,low
CUBNAP,Ru,eta1,"1,1,1,1,1",atom,8,False,False,False,False,False,False,8,8,True,True,True,True,True,True,True,True,True,True,True,True,True,,,low
IPELOE,Mn,eta1,"1,1,1,1,1",atom,8,False,False,False,False,False,False,8,8,True,True,True,True,True,True,True,True,True,True,True,True,True,,,low
AQIHOZ,Ir,eta1,"1,1,1,1,1",atom,8,False,False,False,False,False,False,8,8,True,True,True,True,True,True,True,True,True,True,True,True,True,,,low
YANCUL,Mo,eta1,"1,1,1,1,1,1,1,1,1",atom,10,False,False,False,False,False,False,10,10,True,True,True,True,True,True,True,True,True,True,True,True,True,,,low
LOLKOO,Fe,eta1,"1,1,1,1,1",atom,8,False,False,False,False,False,False,8,8,True,True,True,True,True,True,True,True,True,True,True,True,True,,,low
YUTWOB,W,eta1,"1,1",atom,7,False,False,False,False,False,False,7,7,True,True,True,True,True,True,True,True,True,True,True,True,True,,,low
YIXTEG,Rh,eta1,"1,1,1,1,1",atom,8,False,False,False,False,False,False,8,8,True,True,True,True,True,True,True,True,True,True,True,True,True,,,low
DEDPIL,Mn,eta1,"1,1,1,1,1",atom,8,False,False,False,False,False,False,8,8,True,True,True,True,True,True,True,True,True,True,True,True,True,,,low
DIXJOJ,Ti,eta1,"1,1,1,1,1,1,1,1,1,1,1,1",atom,12,False,False,False,False,False,False,12,12,True,True,True,True,True,True,True,True,True,True,True,True,True,,,low
HIHRUM,Rh,eta1,"1,1,1,1",atom,6,False,False,False,False,False,False,6,6,True,True,True,True,True,True,True,True,True,True,True,True,True,,,low
LIVFAB,Ir,eta1,"1,1,1,1",atom,10,False,False,False,False,False,False,10,10,True,True,True,True,True,True,True,True,True,True,True,True,True,,,low
MASMEA,Ru,eta1,"1,1,1,1,1,1,1",atom,9,False,False,False,False,False,False,9,9,True,True,True,True,True,True,True,True,True,True,True,True,True,,,low
JAQKOB,Co,eta1,"1,1,1,1,1,1,1",atom,7,False,False,False,False,False,False,7,7,True,True,True,True,True,True,True,True,True,True,True,True,True,,,low
BEVVIH,Co,eta1,"1,1,1,1,1,1,1,1,1,1",atom,10,False,False,False,False,False,False,10,10,True,True,True,True,True,True,True,True,True,True,True,True,True,,,low
XIXZUB,Rh,eta1,"1,1,1",atom,6,False,False,False,False,False,False,6,6,True,True,True,True,True,True,True,True,True,True,True,True,True,,,low
EJUKEA,Cr,eta1,"1,1,1,1,1,1",atom,9,False,False,False,False,False,False,9,9,True,True,True,True,True,True,True,True,True,True,True,True,True,,,low
HURHIN,Fe,eta1,"1,1,1,1,1,1,1,1,1,1",atom,10,False,False,False,False,False,False,10,10,True,True,True,True,True,True,True,True,True,True,True,True,True,,,low
BODFEG,Rh,eta1,"1,1,1,1,1,1,1,1,1",atom,9,False,False,False,False,False,False,9,9,True,True,True,True,True,True,True,True,True,True,True,True,True,,,low
RAQKAX,Os,eta1,"1,1,1,1,1,1",atom,9,False,False,False,False,False,False,9,9,True,True,True,True,True,True,True,True,True,True,True,True,True,,,low
NIFWEG,Ti,eta1,"1,1,1,1,1,1,1,1,1,1",atom,12,False,False,False,False,False,False,12,12,True,True,True,True,True,True,True,True,True,True,True,True,True,,,low
MALFIP,Fe,eta1,"1,1,1,1,1,1,1,1,1,1",atom,10,False,False,False,False,False,False,10,10,True,True,True,True,True,True,True,True,True,True,True,True,True,,,low
VIYTIH,Fe,eta1,"1,1,1,1,1,1,1,1,1,1",atom,10,False,False,False,False,False,False,10,10,True,True,True,True,True,True,True,True,True,True,True,True,True,,,low
LEBVUM,Ta,eta1,"1,1",atom,5,False,False,False,False,False,False,5,5,True,True,True,True,True,True,True,True,True,True,True,True,True,,,low
YEVWEB01,Fe,eta1,"1,1,1,1,1,1,1,1,1,1",atom,10,False,False,False,False,False,False,10,10,True,True,True,True,True,True,True,True,True,True,True,True,True,,,low
HUPLEL,Ru,eta1,"1,1,1,1,1",atom,8,False,False,False,False,False,False,8,8,True,True,True,True,True,True,True,True,True,True,True,True,True,,,low
QACJEJ,Cr,eta1,"1,1,1,1,1,1",atom,9,False,False,False,False,False,False,9,9,True,True,True,True,True,True,True,True,True,True,True,True,True,,,low
VIJGIF,Ti,eta1,"1,1,1,1,1",atom,8,False,False,False,False,False,False,8,8,True,True,True,True,True,True,True,True,True,True,True,True,True,,,low
XERCAZ,Fe,eta1,"1,1,1,1,1,1,1,1,1,1",atom,10,False,False,False,False,False,False,10,10,True,True,True,True,True,True,True,True,True,True,True,True,True,,,low
WAWKOX,Fe,eta1,"1,1",atom,5,False,False,False,False,False,False,5,5,True,True,True,True,True,True,True,True,True,True,True,True,True,,,low
LAKPAP,Ru,eta1,"1,1,1,1,1",atom,8,False,False,False,False,False,False,8,8,True,True,True,True,True,True,True,True,True,True,True,True,True,,,low
JOMXEO,Nb,eta1,"1,1,1,1,1",atom,8,False,False,False,False,False,False,8,8,True,True,True,True,True,True,True,True,True,True,True,True,True,,,low
IWIKAD,Rh,eta1,"1,1,1,1,1,1",atom,8,False,False,False,False,False,False,8,8,True,True,True,True,True,True,True,True,True,True,True,True,True,,,low
DOZQUE,Cr,eta1,"1,1,1,1,1,1",atom,9,False,False,False,False,False,False,9,9,True,True,True,True,True,True,True,True,True,True,True,True,True,,,low
ROJNEK,Pd,eta1,"1,1,1,1",atom,5,False,False,False,False,False,False,5,5,True,True,True,True,True,True,True,True,True,True,True,True,True,,,low
WOMXEE,Fe,eta1,"1,1,1",atom,7,False,False,False,False,False,False,7,7,True,True,True,True,True,True,True,True,True,True,True,True,True,,,low
YUSBUK,Zn,eta1,1,atom,4,False,False,False,False,False,False,4,4,True,True,True,True,True,True,True,True,True,True,True,True,True,,,low
XEKCEW,Mo,eta1,"1,1,1",atom,8,False,False,False,False,False,False,8,8,True,True,True,True,True,True,True,True,True,True,True,True,True,,,low
XIGWAL,Co,eta1,"1,1,1,1,1,1,1,1,1,1",atom,10,False,False,False,False,False,False,10,10,True,True,True,True,True,True,True,True,True,True,True,True,True,,,low
LUSJOA,Ir,eta1,"1,1",atom,5,False,False,False,False,False,False,5,5,True,True,True,True,True,True,True,True,True,True,True,True,True,,,low
VEZSUS,Y,eta1,"1,1,1,1",atom,9,False,False,False,False,False,False,9,9,True,True,True,True,True,True,True,True,True,True,True,True,True,,,low
XOPNEY,Re,eta1,"1,1,1,1,1",atom,8,False,False,False,False,False,False,8,8,True,True,True,True,True,True,True,True,True,True,True,True,True,,,low
QUHDIJ,Pd,eta1,"1,1,1",atom,5,False,False,False,False,False,False,5,5,True,True,True,True,True,True,True,True,True,True,True,True,True,,,low
JONSIR,Mo,eta1,"1,1,1,1,1",atom,10,False,False,False,False,False,False,10,10,True,True,True,True,True,True,True,True,True,True,True,True,True,,,low
OXCOCP10,Co,eta1,"1,1,1,1,1",atom,8,False,False,False,False,False,False,8,8,True,True,True,True,True,True,True,True,True,True,True,True,True,,,low
QUJLUD,Fe,eta1,"1,1,1,1,1,1,1,1,1,1",atom,10,False,False,False,False,False,False,10,10,True,True,True,True,True,True,True,True,True,True,True,True,True,,,low
KEVLIG10,Re,eta1,"1,1,1,1,1,1,1,1,1",atom,10,False,False,False,False,False,False,10,10,True,True,True,True,True,True,True,True,True,True,True,True,True,,,low
FEXSOU,Fe,eta1,"1,1,1,1,1,1,1,1,1,1",atom,10,False,False,False,False,False,False,10,10,True,True,True,True,True,True,True,True,True,True,True,True,True,,,low
HOWSOB,Ru,eta1,"1,1,1,1,1,1,1,1",atom,9,False,False,False,False,False,False,9,9,True,True,True,True,True,True,True,True,True,True,True,True,True,,,low
ZODMAJ,Ir,eta1,"1,1,1,1,1",atom,8,False,False,False,False,False,False,8,8,True,True,True,True,True,True,True,True,True,True,True,True,True,,,low
PASSOV,Pd,eta1,"1,1,1",atom,5,False,False,False,False,False,False,5,5,True,True,True,True,True,True,True,True,True,True,True,True,True,,,low
RIYFAH,Os,eta1,"1,1,1,1,1,1,1",atom,9,False,False,False,False,False,False,9,9,True,True,True,True,True,True,True,True,True,True,True,True,True,,,low
MACNEN,Nb,eta1,"1,1,1,1,1,1,1,1,1,1,1,1",atom,12,False,False,False,False,False,False,12,12,True,True,True,True,True,True,True,True,True,True,True,True,True,,,low
CAJPOT01,Hg,eta1,"1,1,1,1",atom,6,False,False,False,False,False,False,6,6,True,True,True,True,True,True,True,True,True,True,True,True,True,,,low
GELLUF,V,eta1,"1,1,1,1,1,1,1,1,1,1",atom,12,False,False,False,False,False,False,12,12,True,True,True,True,True,True,True,True,True,True,True,True,True,,,low
MMCHPD,Pd,eta1,"1,1,1",atom,5,False,False,False,False,False,False,5,5,True,True,True,True,True,True,True,True,True,True,True,True,True,,,low
UQIMAJ,Ru,eta1,"1,1,1,1,1",atom,8,False,False,False,False,False,False,8,8,True,True,True,True,True,True,True,True,True,True,True,True,True,,,low
ZOZPOX,Ni,eta1,"1,1,1,1,1,1",atom,6,False,False,False,False,False,False,6,6,True,True,True,True,True,True,True,True,True,True,True,True,True,,,low
RIHXUE,La,eta1,"1,1,1,1,1",atom,10,False,False,False,False,False,False,10,10,True,True,True,True,True,True,True,True,True,True,True,True,True,,,low
ULOPES,Mo,eta1,"1,1,1,1,1,1,1",atom,10,False,False,False,False,False,False,10,10,True,True,True,True,True,True,True,True,True,True,True,True,True,,,low
IBILOU,Ir,eta1,"1,1,1,1",atom,7,False,False,False,False,False,False,7,7,True,True,True,True,True,True,True,True,True,True,True,True,True,,,low
BECMEB,Ru,eta1,"1,1,1,1,1,1",atom,9,False,False,False,False,False,False,9,9,True,True,True,True,True,True,True,True,True,True,True,True,True,,,low
GURVUO,Ru,eta1,"1,1,1,1,1,1",atom,9,False,False,False,False,False,False,9,9,True,True,True,True,True,True,True,True,True,True,True,True,True,,,low
AFILIK,Ru,eta1,"1,1,1,1,1",atom,8,False,False,False,False,False,False,8,8,True,True,True,True,True,True,True,True,True,True,True,True,True,,,low
TORKOA,Ru,eta1,"1,1,1,1,1",atom,8,False,False,False,False,False,False,8,8,True,True,True,True,True,True,True,True,True,True,True,True,True,,,low
MOZQEZ,Rh,eta1,"1,1",atom,5,False,False,False,False,False,False,5,5,True,True,True,True,True,True,True,True,True,True,True,True,True,,,low
MICRUL,Mn,eta1,"1,1,1,1,1",atom,8,False,False,False,False,False,False,8,8,True,True,True,True,True,True,True,True,True,True,True,True,True,,,low
GOQGUR,Fe,eta1,"1,1,1,1,1,1,1,1,1,1",atom,10,False,False,False,False,False,False,10,10,True,True,True,True,True,True,True,True,True,True,True,True,True,,,low
FUVPUK,Ru,eta1,"1,1,1,1,1,1",atom,9,False,False,False,False,False,False,9,9,True,True,True,True,True,True,True,True,True,True,True,True,True,,,low
KARFOC,Ru,eta1,"1,1,1,1,1,1",atom,9,False,False,False,False,False,False,9,9,True,True,True,True,True,True,True,True,True,True,True,True,True,,,low
YAWGIM,Fe,eta1,"1,1,1,1,1",atom,8,False,False,False,False,False,False,8,8,True,True,True,True,True,True,True,True,True,True,True,True,True,,,low
CIVNEB,Fe,eta1,"1,1,1,1,1,1,1,1,1,1",atom,10,False,False,False,False,False,False,10,10,True,True,True,True,True,True,True,True,True,True,True,True,True,,,low
XASFOO,Mo,eta1,"1,1,1,1,1",atom,9,False,False,False,False,False,False,9,9,True,True,True,True,True,True,True,True,True,True,True,True,True,,,low
APOFIX,Ir,eta1,"1,1,1,1,1",atom,8,False,False,False,False,False,False,8,8,True,True,True,True,True,True,True,True,True,True,True,True,True,,,low
MUHGEC,Rh,eta1,"1,1,1,1,1",atom,7,False,False,False,False,False,False,7,7,True,True,True,True,True,True,True,True,True,True,True,True,True,,,low
QESXOB,Ni,eta1,"1,1,1",atom,5,False,False,False,False,False,False,5,5,True,True,True,True,True,True,True,True,True,True,True,True,True,,,low
NUCLAC,Fe,eta1,"1,1,1,1,1,1,1,1,1",atom,9,False,False,False,False,False,False,9,9,True,True,True,True,True,True,True,True,True,True,True,True,True,,,low
KUHLEF,Cr,eta1,"1,1,1,1,1,1",atom,9,False,False,False,False,False,False,9,9,True,True,True,True,True,True,True,True,True,True,True,True,True,,,low
GEJZUQ,Ti,eta1,"1,1,1,1,1,1,1,1,1,1",atom,12,False,False,False,False,False,False,12,12,True,True,True,True,True,True,True,True,True,True,True,True,True,,,low
OHORUY,Fe,eta1,"1,1,1,1,1,1,1,1,1,1",atom,10,False,False,False,False,False,False,10,10,True,True,True,True,True,True,True,True,True,True,True,True,True,,,low
CIHQAO,Ti,eta1,"1,1,1,1,1,1,1,1,1,1",atom,12,False,False,False,False,False,False,12,12,True,True,True,True,True,True,True,True,True,True,True,True,True,,,low
AHUDIR,Pd,eta1,"1,1",atom,4,False,False,False,False,False,False,4,4,True,True,True,True,True,True,True,True,True,True,True,True,True,,,low
VAXSUI,Ni,eta1,"1,1,1,1",atom,5,False,False,False,False,False,False,5,5,True,True,True,True,True,True,True,True,True,True,True,True,True,,,low
MITMOV,Ru,eta1,"1,1,1,1,1",atom,8,False,False,False,False,False,False,8,8,True,True,True,True,True,True,True,True,True,True,True,True,True,,,low
EDIGUT,Cr,eta1,"1,1,1,1,1,1",atom,9,False,False,False,False,False,False,9,9,True,True,True,True,True,True,True,True,True,True,True,True,True,,,low
XIYDOA,Ru,eta1,"1,1,1,1,1,1",atom,9,False,False,False,False,False,False,9,9,True,True,True,True,True,True,True,True,True,True,True,True,True,,,low
ANTPNI,Ni,eta1,"1,1",atom,4,False,False,False,False,False,False,4,4,True,True,True,True,True,True,True,True,True,True,True,True,True,,,low
YIQTIB,Rh,eta1,"1,1,1,1",atom,6,False,False,False,False,False,False,6,6,True,True,True,True,True,True,True,True,True,True,True,True,True,,,low
CECKUS,Fe,eta1,"1,1,1,1,1",atom,8,False,False,False,False,False,False,8,8,True,True,True,True,True,True,True,True,True,True,True,True,True,,,low
UKAYEL,Ru,eta1,"1,1,1,1,1,1",atom,9,False,False,False,False,False,False,9,9,True,True,True,True,True,True,True,True,True,True,True,True,True,,,low
PIPHEF,Fe,eta1,"1,1,1,1,1",atom,8,False,False,False,False,False,False,8,8,True,True,True,True,True,True,True,True,True,True,True,True,True,,,low
ODEGOU,Pt,eta1,"1,1,1,1",atom,6,False,False,False,False,False,False,6,6,True,True,True,True,True,True,True,True,True,True,True,True,True,,,low
HAJDIF,Pt,eta1,"1,1,1,1",atom,6,False,False,False,False,False,False,6,6,True,True,True,True,True,True,True,True,True,True,True,True,True,,,low
HIWXEQ,Fe,eta1,"1,1,1,1,1",atom,8,False,False,False,False,False,False,8,8,True,True,True,True,True,True,True,True,True,True,True,True,True,,,low
KUKKAD,Fe,eta1,"1,1,1,1,1,1,1,1,1,1",atom,10,False,False,False,False,False,False,10,10,True,True,True,True,True,True,True,True,True,True,True,True,True,,,low
GOBFIN,Fe,eta1,"1,1,1,1,1",atom,9,False,False,False,False,False,False,9,9,True,True,True,True,True,True,True,True,True,True,True,True,True,,,low
FIQPOL,Ru,eta1,"1,1,1,1,1,1,1,1,1,1,1,1",atom,12,False,False,False,False,False,False,12,12,True,True,True,True,True,True,True,True,True,True,True,True,True,,,low
LIXKAH,Fe,eta1,"1,1,1,1,1,1,1,1,1,1",atom,10,False,False,False,False,False,False,10,10,True,True,True,True,True,True,True,True,True,True,True,True,True,,,low
VIJGEB,Ir,eta1,"1,1,1,1",atom,6,False,False,False,False,False,False,6,6,True,True,True,True,True,True,True,True,True,True,True,True,True,,,low
AXEGUF,Mo,eta1,"1,1,1",atom,8,False,False,False,False,False,False,8,8,True,True,True,True,True,True,True,True,True,True,True,True,True,,,low
WUPKUP,Ti,eta1,"1,1,1,1,1",atom,9,False,False,False,False,False,False,9,9,True,True,True,True,True,True,True,True,True,True,True,True,True,,,low
WEVCUY,Ru,eta1,"1,1,1,1,1,1",atom,9,False,False,False,False,False,False,9,9,True,True,True,True,True,True,True,True,True,True,True,True,True,,,low
QURFAN,Fe,eta1,"1,1,1,1,1,1,1,1,1,1",atom,10,False,False,False,False,False,False,10,10,True,True,True,True,True,True,True,True,True,True,True,True,True,,,low
IFOSAX,Y,eta1,"1,1,1,1,1,1,1,1,1,1,1,1,1,1,1",atom,15,False,False,False,False,False,False,15,15,True,True,True,True,True,True,True,True,True,True,True,True,True,,,low
ZERPEU,Fe,eta1,"1,1,1,1,1,1,1,1,1,1",atom,10,False,False,False,False,False,False,10,10,True,True,True,True,True,True,True,True,True,True,True,True,True,,,low
NIZMAL,Ti,eta1,"1,1,1,1,1",atom,8,False,False,False,False,False,False,8,8,True,True,True,True,True,True,True,True,True,True,True,True,True,,,low
QASMAZ,Fe,eta1,"1,1,1,1,1,1,1,1,1,1",atom,10,False,False,False,False,False,False,10,10,True,True,True,True,True,True,True,True,True,True,True,True,True,,,low
PILGUQ,Fe,eta1,"1,1,1,1,1,1,1,1,1,1",atom,10,False,False,False,False,False,False,10,10,True,True,True,True,True,True,True,True,True,True,True,True,True,,,low
PUFXEW,Fe,eta1,"1,1,1,1,1,1,1,1,1,1",atom,10,False,False,False,False,False,False,10,10,True,True,True,True,True,True,True,True,True,True,True,True,True,,,low
YEZYEH,Pd,eta1,"1,1,1",atom,5,False,False,False,False,False,False,5,5,True,True,True,True,True,True,True,True,True,True,True,True,True,,,low
ASOCAP,Co,eta1,"1,1,1,1,1",atom,8,False,False,False,False,False,False,8,8,True,True,True,True,True,True,True,True,True,True,True,True,True,,,low
CIBNAF,Ir,eta1,"1,1,1,1,1",atom,8,False,False,False,False,False,False,8,8,True,True,True,True,True,True,True,True,True,True,True,True,True,,,low
JIWDOI,Ru,eta1,"1,1,1,1,1,1,1,1,1,1",atom,10,False,False,False,False,False,False,10,10,True,True,True,True,True,True,True,True,True,True,True,True,True,,,low
ZUXBUP02,Cr,eta1,"1,1,1,1,1,1,1,1,1,1,1,1",atom,12,False,False,False,False,False,False,12,12,True,True,True,True,True,True,True,True,True,True,True,True,True,,,low
XAFMOG,Fe,eta1,"1,1,1,1,1,1,1,1,1,1",atom,10,False,False,False,False,False,False,10,10,True,True,True,True,True,True,True,True,True,True,True,True,True,,,low
VIGYOC,Ru,eta1,"1,1,1,1,1,1",atom,9,False,False,False,False,False,False,9,9,True,True,True,True,True,True,True,True,True,True,True,True,True,,,low
OXIGEI,Fe,eta1,"1,1,1,1,1,1,1,1,1,1",atom,10,False,False,False,False,False,False,10,10,True,True,True,True,True,True,True,True,True,True,True,True,True,,,low
OMITOV01,Fe,eta1,"1,1,1,1,1,1,1,1,1,1",atom,10,False,False,False,False,False,False,10,10,True,True,True,True,True,True,True,True,True,True,True,True,True,,,low
XOPBEJ,Ir,eta1,"1,1,1,1",atom,8,False,False,False,False,False,False,8,8,True,True,True,True,True,True,True,True,True,True,True,True,True,,,low
OJEVIJ,Ti,eta1,"1,1,1,1,1,1,1,1,1,1,1,1",atom,12,False,False,False,False,False,False,12,12,True,True,True,True,True,True,True,True,True,True,True,True,True,,,low
GUXZIM,Ti,eta1,"1,1,1,1,1,1,1,1,1,1",atom,12,False,False,False,False,False,False,12,12,True,True,True,True,True,True,True,True,True,True,True,True,True,,,low
ROSZAE,Fe,eta1,"1,1,1,1,1,1,1,1,1,1",atom,10,False,False,False,False,False,False,10,10,True,True,True,True,True,True,True,True,True,True,True,True,True,,,low
MATDER,Fe,eta1,"1,1,1,1,1,1,1,1,1,1",atom,10,False,False,False,False,False,False,10,10,True,True,True,True,True,True,True,True,True,True,True,True,True,,,low
PUPQOJ,Ru,eta1,"1,1,1,1,1,1",atom,9,False,False,False,False,False,False,9,9,True,True,True,True,True,True,True,True,True,True,True,True,True,,,low
GIZPEM,Os,eta1,"1,1,1,1,1,1",atom,9,False,False,False,False,False,False,9,9,True,True,True,True,True,True,True,True,True,True,True,True,True,,,low
IKOKOJ,Hf,eta1,"1,1,1,1,1,1,1,1,1,1",atom,12,False,False,False,False,False,False,12,12,True,True,True,True,True,True,True,True,True,True,True,True,True,,,low
XOWTUB,Rh,eta1,"1,1,1,1",atom,7,False,False,False,False,False,False,7,7,True,True,True,True,True,True,True,True,True,True,True,True,True,,,low
FIXCUL,Rh,eta1,"1,1,1,1",atom,6,False,False,False,False,False,False,6,6,True,True,True,True,True,True,True,True,True,True,True,True,True,,,low
ZUDDAG,Fe,eta1,"1,1,1,1,1",atom,9,False,False,False,False,False,False,9,9,True,True,True,True,True,True,True,True,True,True,True,True,True,,,low
COSVUF,Fe,eta1,"1,1,1,1,1,1,1,1,1,1",atom,10,False,False,False,False,False,False,10,10,True,True,True,True,True,True,True,True,True,True,True,True,True,,,low
QILDOH,Pd,eta1,"1,1,1",atom,5,False,False,False,False,False,False,5,5,True,True,True,True,True,True,True,True,True,True,True,True,True,,,low
YAKVUF,Rh,eta1,"1,1,1,1,1",atom,7,False,False,False,False,False,False,7,7,True,True,True,True,True,True,True,True,True,True,True,True,True,,,low
JELYUY,Ru,eta1,"1,1,1,1,1,1",atom,9,False,False,False,False,False,False,9,9,True,True,True,True,True,True,True,True,True,True,True,True,True,,,low
ILEFIO,Rh,eta1,"1,1,1,1",atom,6,False,False,False,False,False,False,6,6,True,True,True,True,True,True,True,True,True,True,True,True,True,,,low
FOQNAA,Fe,eta1,"1,1,1,1,1",atom,8,False,False,False,False,False,False,8,8,True,True,True,True,True,True,True,True,True,True,True,True,True,,,low
AWUDOL,Hf,eta1,"1,1,1,1,1,1,1,1,1,1",atom,12,False,False,False,False,False,False,12,12,True,True,True,True,True,True,True,True,True,True,True,True,True,,,low
SENNOS,Ni,eta1,"1,1,1,1",atom,6,False,False,False,False,False,False,6,6,True,True,True,True,True,True,True,True,True,True,True,True,True,,,low
BUKGUK,Fe,eta1,"1,1,1,1,1,1,1,1,1,1",atom,10,False,False,False,False,False,False,10,10,True,True,True,True,True,True,True,True,True,True,True,True,True,,,low
WENGEE,Ir,eta1,"1,1,1,1,1",atom,7,False,False,False,False,False,False,7,7,True,True,True,True,True,True,True,True,True,True,True,True,True,,,low
JOGLOH,Mn,eta1,"1,1,1,1,1",atom,8,False,False,False,False,False,False,8,8,True,True,True,True,True,True,True,True,True,True,True,True,True,,,low
YUMJOH,Cr,eta1,"1,1,1,1,1",atom,8,False,False,False,False,False,False,8,8,True,True,True,True,True,True,True,True,True,True,True,True,True,,,low
RIQZIB,Fe,eta1,"1,1,1,1,1,1,1,1,1,1",atom,10,False,False,False,False,False,False,10,10,True,True,True,True,True,True,True,True,True,True,True,True,True,,,low
RALXOR,W,eta1,"1,1,1,1,1",atom,9,False,False,False,False,False,False,9,9,True,True,True,True,True,True,True,True,True,True,True,True,True,,,low
WUVNAE,Ru,eta1,"1,1,1,1,1,1",atom,9,False,False,False,False,False,False,9,9,True,True,True,True,True,True,True,True,True,True,True,True,True,,,low
XAFXOU,W,eta1,"1,1",atom,7,False,False,False,False,False,False,7,7,True,True,True,True,True,True,True,True,True,True,True,True,True,,,low
UHUDIN,Rh,eta1,"1,1,1,1,1,1,1,1,1,1",atom,10,False,False,False,False,False,False,10,10,True,True,True,True,True,True,True,True,True,True,True,True,True,,,low
WOWVOT,Os,eta1,"1,1,1,1,1,1",atom,9,False,False,False,False,False,False,9,9,True,True,True,True,True,True,True,True,True,True,True,True,True,,,low
ATOSUY,Ru,eta1,"1,1,1,1,1",atom,8,False,False,False,False,False,False,8,8,True,True,True,True,True,True,True,True,True,True,True,True,True,,,low
GOHMEV,V,eta1,"1,1,1,1,1",atom,8,False,False,False,False,False,False,8,8,True,True,True,True,True,True,True,True,True,True,True,True,True,,,low
SIKRIP,Mo,eta1,"1,1,1,1,1,1,1,1",atom,10,False,False,False,False,False,False,10,10,True,True,True,True,True,True,True,True,True,True,True,True,True,,,low
CATSUL,Mn,eta1,"1,1,1,1,1",atom,9,False,False,False,False,False,False,9,9,True,True,True,True,True,True,True,True,True,True,True,True,True,,,low
DEYCIT,W,eta1,"1,1,1,1",atom,9,False,False,False,False,False,False,9,9,True,True,True,True,True,True,True,True,True,True,True,True,True,,,low
JOJWAG,Ni,eta1,"1,1,1,1",atom,5,False,False,False,False,False,False,5,5,True,True,True,True,True,True,True,True,True,True,True,True,True,,,low
BOJQIC,Pt,eta1,"1,1,1,1",atom,6,False,False,False,False,False,False,6,6,True,True,True,True,True,True,True,True,True,True,True,True,True,,,low
LETWEP,Ir,eta1,"1,1,1,1,1",atom,8,False,False,False,False,False,False,8,8,True,True,True,True,True,True,True,True,True,True,True,True,True,,,low
ANOHAN,Cu,eta1,"1,1,1,1",atom,4,False,False,False,False,False,False,4,4,True,True,True,True,True,True,True,True,True,True,True,True,True,,,low
XAZVUS,Ti,eta1,"1,1,1,1,1,1,1",atom,9,False,False,False,False,False,False,9,9,True,True,True,True,True,True,True,True,True,True,True,True,True,,,low
SINWER,Os,eta1,"1,1,1,1,1,1,1,1,1,1",atom,10,False,False,False,False,False,False,10,10,True,True,True,True,True,True,True,True,True,True,True,True,True,,,low
TUQWOS,Ir,eta1,"1,1,1,1,1,1,1,1",atom,8,False,False,False,False,False,False,8,8,True,True,True,True,True,True,True,True,True,True,True,True,True,,,low
QEHWOS,Fe,eta1,"1,1,1,1,1,1,1,1,1,1",atom,10,False,False,False,False,False,False,10,10,True,True,True,True,True,True,True,True,True,True,True,True,True,,,low
LUFXAL,Zr,eta1,"1,1,1,1,1,1,1,1,1,1",atom,12,False,False,False,False,False,False,12,12,True,True,True,True,True,True,True,True,True,True,True,True,True,,,low
WUPLIG,Rh,eta1,"1,1,1,1,1",atom,8,False,False,False,False,False,False,8,8,True,True,True,True,True,True,True,True,True,True,True,True,True,,,low
DANLAF,Ni,eta1,"1,1",atom,4,False,False,False,False,False,False,4,4,True,True,True,True,True,True,True,True,True,True,True,True,True,,,low
OFOBEQ,Rh,eta1,"1,1,1,1,1",atom,7,False,False,False,False,False,False,7,7,True,True,True,True,True,True,True,True,True,True,True,True,True,,,low
TAMDOA,Ru,eta1,"1,1,1,1,1,1,1,1,1,1",atom,10,False,False,False,False,False,False,10,10,True,True,True,True,True,True,True,True,True,True,True,True,True,,,low
DOFDUX,Zr,eta1,"1,1,1,1,1,1,1,1,1,1",atom,12,False,False,False,False,False,False,12,12,True,True,True,True,True,True,True,True,True,True,True,True,True,,,low
ZOMVIG,Fe,eta1,"1,1,1,1,1",atom,8,False,False,False,False,False,False,8,8,True,True,True,True,True,True,True,True,True,True,True,True,True,,,low
WEHVAG,Ir,eta1,"1,1,1,1",atom,6,False,False,False,False,False,False,6,6,True,True,True,True,True,True,True,True,True,True,True,True,True,,,low
NIBMOA,Fe,eta1,"1,1,1",atom,7,False,False,False,False,False,False,7,7,True,True,True,True,True,True,True,True,True,True,True,True,True,,,low
NIKWOX,Fe,eta1,"1,1,1,1,1",atom,8,False,False,False,False,False,False,8,8,True,True,True,True,True,True,True,True,True,True,True,True,True,,,low
QIQXIZ,Cr,eta1,"1,1,1,1,1,1",atom,9,False,False,False,False,False,False,9,9,True,True,True,True,True,True,True,True,True,True,True,True,True,,,low
YIYQEC,Ru,eta1,"1,1,1,1",atom,8,False,False,False,False,False,False,8,8,True,True,True,True,True,True,True,True,True,True,True,True,True,,,low
NESYIV,Ru,eta1,"1,1,1,1,1",atom,8,False,False,False,False,False,False,8,8,True,True,True,True,True,True,True,True,True,True,True,True,True,,,low
RELMUR,Fe,eta1,"1,1",atom,4,False,False,False,False,False,False,4,4,True,True,True,True,True,True,True,True,True,True,True,True,True,,,low
QICJUI,Ta,eta1,"1,1,1,1,1",atom,10,False,False,False,False,False,False,10,10,True,True,True,True,True,True,True,True,True,True,True,True,True,,,low
PULRUJ,Ti,eta1,"1,1,1,1,1",atom,9,False,False,False,False,False,False,9,9,True,True,True,True,True,True,True,True,True,True,True,True,True,,,low
FEQNOE,Rh,eta1,"1,1,1,1,1,1,1,1,1,1,1",atom,11,False,False,False,False,False,False,11,11,True,True,True,True,True,True,True,True,True,True,True,True,True,,,low
IVUDIM,Rh,eta1,"1,1,1,1",atom,6,False,False,False,False,False,False,6,6,True,True,True,True,True,True,True,True,True,True,True,True,True,,,low
FAYNAU,Fe,eta1,"1,1,1,1,1,1,1,1,1,1",atom,10,False,False,False,False,False,False,10,10,True,True,True,True,True,True,True,True,True,True,True,True,True,,,low
MEBRHB,Rh,eta1,"1,1,1,1,1,1,1,1,1,1",atom,10,False,False,False,False,False,False,10,10,True,True,True,True,True,True,True,True,True,True,True,True,True,,,low
YAXSAU,Ru,eta1,"1,1,1,1,1,1,1,1,1,1,1",atom,11,False,False,False,False,False,False,11,11,True,True,True,True,True,True,True,True,True,True,True,True,True,,,low
XEKLAA,Co,eta1,"1,1,1,1,1",atom,7,False,False,False,False,False,False,7,7,True,True,True,True,True,True,True,True,True,True,True,True,True,,,low
DORCOC,Fe,eta1,"1,1,1,1,1,1,1,1,1,1",atom,10,False,False,False,False,False,False,10,10,True,True,True,True,True,True,True,True,True,True,True,True,True,,,low
MEKTMO,Mo,eta1,"1,1,1,1,1,1,1,1,1,1",atom,12,False,False,False,False,False,False,12,12,True,True,True,True,True,True,True,True,True,True,True,True,True,,,low
HENJET,Ir,eta1,"1,1,1,1,1",atom,8,False,False,False,False,False,False,8,8,True,True,True,True,True,True,True,True,True,True,True,True,True,,,low
PNOLTI,Ti,eta1,"1,1,1,1,1,1,1,1,1,1",atom,12,False,False,False,False,False,False,12,12,True,True,True,True,True,True,True,True,True,True,True,True,True,,,low
VIBRAB,Ru,eta1,"1,1,1,1,1,1",atom,9,False,False,False,False,False,False,9,9,True,True,True,True,True,True,True,True,True,True,True,True,True,,,low
EJIZAC,Mo,eta1,"1,1,1,1,1,1",atom,9,False,False,False,False,False,False,9,9,True,True,True,True,True,True,True,True,True,True,True,True,True,,,low
PECGIR,Fe,eta1,"1,1,1,1,1,1,1,1,1,1",atom,10,False,False,False,False,False,False,10,10,True,True,True,True,True,True,True,True,True,True,True,True,True,,,low
RIFDUF,Fe,eta1,"1,1,1,1",atom,7,False,False,False,False,False,False,7,7,True,True,True,True,True,True,True,True,True,True,True,True,True,,,low
DCPVPS,V,eta1,"1,1,1,1,1,1,1,1,1,1",atom,12,False,False,False,False,False,False,12,12,True,True,True,True,True,True,True,True,True,True,True,True,True,,,low
CEQCOS,Ta,eta1,"1,1,1,1,1",atom,8,False,False,False,False,False,False,8,8,True,True,True,True,True,True,True,True,True,True,True,True,True,,,low
CUJNEA,Pt,eta1,"1,1",atom,5,False,False,False,False,False,False,5,5,True,True,True,True,True,True,True,True,True,True,True,True,True,,,low
XONMIX,Ni,eta1,"1,1,1",atom,5,False,False,False,False,False,False,5,5,True,True,True,True,True,True,True,True,True,True,True,True,True,,,low
GEHYID,Ru,eta1,"1,1,1,1,1,1",atom,9,False,False,False,False,False,False,9,9,True,True,True,True,True,True,True,True,True,True,True,True,True,,,low
LABGED,Fe,eta1,"1,1,1,1,1,1,1,1,1,1",atom,10,False,False,False,False,False,False,10,10,True,True,True,True,True,True,True,True,True,True,True,True,True,,,low
HAQVEA,Ru,eta1,"1,1,1,1",atom,7,False,False,False,False,False,False,7,7,True,True,True,True,True,True,True,True,True,True,True,True,True,,,low
NOWDEI,Mo,eta1,"1,1,1,1,1",atom,8,False,False,False,False,False,False,8,8,True,True,True,True,True,True,True,True,True,True,True,True,True,,,low
LIPNAZ,Ru,eta1,"1,1,1,1,1,1,1,1,1,1",atom,10,False,False,False,False,False,False,10,10,True,True,True,True,True,True,True,True,True,True,True,True,True,,,low
KITDOH,Ir,eta1,"1,1,1,1,1",atom,10,False,False,False,False,False,False,10,10,True,True,True,True,True,True,True,True,True,True,True,True,True,,,low
QIKKUS,Ir,eta1,"1,1,1,1",atom,6,False,False,False,False,False,False,6,6,True,True,True,True,True,True,True,True,True,True,True,True,True,,,low
REPKEF,Fe,eta1,"1,1,1,1,1,1,1,1,1,1",atom,10,False,False,False,False,False,False,10,10,True,True,True,True,True,True,True,True,True,True,True,True,True,,,low
FOMBAM,Rh,eta1,"1,1,1,1,1",atom,8,False,False,False,False,False,False,8,8,True,True,True,True,True,True,True,True,True,True,True,True,True,,,low
REPFIE,Fe,eta1,"1,1,1,1,1,1,1,1,1,1",atom,10,False,False,False,False,False,False,10,10,True,True,True,True,True,True,True,True,True,True,True,True,True,,,low
PNOBRH02,Rh,eta1,"1,1,1,1",atom,6,False,False,False,False,False,False,6,6,True,True,True,True,True,True,True,True,True,True,True,True,True,,,low
DUBJIT,Fe,eta1,"1,1,1,1,1,1,1,1,1,1",atom,10,False,False,False,False,False,False,10,10,True,True,True,True,True,True,True,True,True,True,True,True,True,,,low
FEXGUM,Zr,eta1,"1,1,1,1,1,1,1,1,1,1,1,1",atom,12,False,False,False,False,False,False,12,12,True,True,True,True,True,True,True,True,True,True,True,True,True,,,low
XERLOY,Ir,eta1,"1,1",atom,7,False,False,False,False,False,False,7,7,True,True,True,True,True,True,True,True,True,True,True,True,True,,,low
VILYUL,Rh,eta1,"1,1,1,1,1",atom,8,False,False,False,False,False,False,8,8,True,True,True,True,True,True,True,True,True,True,True,True,True,,,low
FORPIL,Fe,eta1,"1,1,1,1,1",atom,8,False,False,False,False,False,False,8,8,True,True,True,True,True,True,True,True,True,True,True,True,True,,,low
DAQGUY,Ru,eta1,"1,1,1,1,1",atom,8,False,False,False,False,False,False,8,8,True,True,True,True,True,True,True,True,True,True,True,True,True,,,low
ZIRRUQ,Ti,eta1,"1,1,1,1,1",atom,9,False,False,False,False,False,False,9,9,True,True,True,True,True,True,True,True,True,True,True,True,True,,,low
NOLZEU,Pd,eta1,"1,1",atom,4,False,False,False,False,False,False,4,4,True,True,True,True,True,True,True,True,True,True,True,True,True,,,low
RICKOD,Mn,eta1,"1,1,1,1,1",atom,8,False,False,False,False,False,False,8,8,True,True,True,True,True,True,True,True,True,True,True,True,True,,,low
CAKRAH10,W,eta1,"1,1,1,1,1",atom,9,False,False,False,False,False,False,9,9,True,True,True,True,True,True,True,True,True,True,True,True,True,,,low
KETVAH,Zr,eta1,"1,1,1,1,1,1,1",atom,9,False,False,False,False,False,False,9,9,True,True,True,True,True,True,True,True,True,True,True,True,True,,,low
XABDIQ,Fe,eta1,"1,1,1,1,1,1,1,1,1,1",atom,10,False,False,False,False,False,False,10,10,True,True,True,True,True,True,True,True,True,True,True,True,True,,,low
GIFXEZ,Ru,eta1,"1,1,1,1,1,1",atom,9,False,False,False,False,False,False,9,9,True,True,True,True,True,True,True,True,True,True,True,True,True,,,low
LAQGOC,Ir,eta1,"1,1,1,1",atom,6,False,False,False,False,False,False,6,6,True,True,True,True,True,True,True,True,True,True,True,True,True,,,low
LALNEV,Fe,eta1,"1,1,1,1,1,1,1,1,1,1",atom,10,False,False,False,False,False,False,10,10,True,True,True,True,True,True,True,True,True,True,True,True,True,,,low
ITUGOW,Fe,eta1,"1,1,1,1,1,1,1,1,1,1",atom,10,False,False,False,False,False,False,10,10,True,True,True,True,True,True,True,True,True,True,True,True,True,,,low
LAQYIL,Zr,eta1,"1,1,1,1,1,1,1,1,1,1,1,1,1,1",atom,14,False,False,False,False,False,False,14,14,True,True,True,True,True,True,True,True,True,True,True,True,True,,,low
COZLEJ,Fe,eta1,"1,1,1,1,1,1,1,1,1,1",atom,10,False,False,False,False,False,False,10,10,True,True,True,True,True,True,True,True,True,True,True,True,True,,,low
ZIKGOR,Ru,eta1,"1,1,1,1,1",atom,9,False,False,False,False,False,False,9,9,True,True,True,True,True,True,True,True,True,True,True,True,True,,,low
IMUBID,Fe,eta1,"1,1,1,1,1,1,1,1,1,1",atom,10,False,False,False,False,False,False,10,10,True,True,True,True,True,True,True,True,True,True,True,True,True,,,low
DODRAP,Fe,eta1,"1,1,1,1,1,1,1,1,1,1,1",atom,11,False,False,False,False,False,False,11,11,True,True,True,True,True,True,True,True,True,True,True,True,True,,,low
YIGKAC,Cr,eta1,"1,1,1,1,1,1,1,1,1,1,1,1",atom,12,False,False,False,False,False,False,12,12,True,True,True,True,True,True,True,True,True,True,True,True,True,,,low
MEGSIA,Mn,eta1,"1,1,1,1,1",atom,8,False,False,False,False,False,False,8,8,True,True,True,True,True,True,True,True,True,True,True,True,True,,,low
GICFON,Re,eta1,"1,1,1,1,1,1,1,1,1,1",atom,10,False,False,False,False,False,False,10,10,True,True,True,True,True,True,True,True,True,True,True,True,True,,,low
HEZGOI,Ru,eta1,"1,1,1,1,1",atom,8,False,False,False,False,False,False,8,8,True,True,True,True,True,True,True,True,True,True,True,True,True,,,low
FAJGII,W,eta1,"1,1,1,1,1,1,1,1",atom,10,False,False,False,False,False,False,10,10,True,True,True,True,True,True,True,True,True,True,True,True,True,,,low
DUDREA,Y,eta1,"1,1",atom,10,False,False,False,False,False,False,10,10,True,True,True,True,True,True,True,True,True,True,True,True,True,,,low
AZIXOW,Ti,eta1,"1,1,1,1,1,1,1,1,1,1",atom,11,False,False,False,False,False,False,11,11,True,True,True,True,True,True,True,True,True,True,True,True,True,,,low
MILVIP,Rh,eta1,"1,1,1,1",atom,6,False,False,False,False,False,False,6,6,True,True,True,True,True,True,True,True,True,True,True,True,True,,,low
FIQFOB,Fe,eta1,"1,1,1,1,1,1,1,1,1,1",atom,10,False,False,False,False,False,False,10,10,True,True,True,True,True,True,True,True,True,True,True,True,True,,,low
AFEDEX,Cr,eta1,"1,1,1,1,1,1",atom,9,False,False,False,False,False,False,9,9,True,True,True,True,True,True,True,True,True,True,True,True,True,,,low
PAGLEQ,Fe,eta1,"1,1,1,1,1,1,1,1,1,1",atom,10,False,False,False,False,False,False,10,10,True,True,True,True,True,True,True,True,True,True,True,True,True,,,low
CELZEY,Fe,eta1,"1,1,1,1",atom,7,False,False,False,False,False,False,7,7,True,True,True,True,True,True,True,True,True,True,True,True,True,,,low
LOQJOU,Sc,eta1,"1,1,1,1,1,1,1,1",atom,9,False,False,False,False,False,False,9,9,True,True,True,True,True,True,True,True,True,True,True,True,True,,,low
HORWUG,Zr,eta1,"1,1,1,1,1,1,1,1,1,1",atom,12,False,False,False,False,False,False,12,12,True,True,True,True,True,True,True,True,True,True,True,True,True,,,low
NAGTAR,Rh,eta1,"1,1,1,1",atom,7,False,False,False,False,False,False,7,7,True,True,True,True,True,True,True,True,True,True,True,True,True,,,low
IDIDII,Fe,eta1,"1,1,1,1,1,1,1,1,1,1",atom,10,False,False,False,False,False,False,10,10,True,True,True,True,True,True,True,True,True,True,True,True,True,,,low
EDINOY,Fe,eta1,"1,1,1,1",atom,7,False,False,False,False,False,False,7,7,True,True,True,True,True,True,True,True,True,True,True,True,True,,,low
EZOCEE,Ir,eta1,"1,1,1,1,1",atom,8,False,False,False,False,False,False,8,8,True,True,True,True,True,True,True,True,True,True,True,True,True,,,low
FIGMIU,Co,eta1,"1,1,1,1,1,1,1,1,1,1,1,1",atom,12,False,False,False,False,False,False,12,12,True,True,True,True,True,True,True,True,True,True,True,True,True,,,low
MEQTUA,Ir,eta1,"1,1,1",atom,7,False,False,False,False,False,False,7,7,True,True,True,True,True,True,True,True,True,True,True,True,True,,,low
AFIJEE,Pd,eta1,"1,1",atom,4,False,False,False,False,False,False,4,4,True,True,True,True,True,True,True,True,True,True,True,True,True,,,low
MAFTUJ,Co,eta1,"1,1,1,1,1,1,1,1,1",atom,9,False,False,False,False,False,False,9,9,True,True,True,True,True,True,True,True,True,True,True,True,True,,,low
UHAGIW,Co,eta1,"1,1,1,1,1",atom,8,False,False,False,False,False,False,8,8,True,True,True,True,True,True,True,True,True,True,True,True,True,,,low
JENVEE,Mo,eta1,"1,1,1",atom,8,False,False,False,False,False,False,8,8,True,True,True,True,True,True,True,True,True,True,True,True,True,,,low
HISJEZ,Cr,eta1,"1,1,1,1,1",atom,8,False,False,False,False,False,False,8,8,True,True,True,True,True,True,True,True,True,True,True,True,True,,,low
TARTEP,Fe,eta1,"1,1,1,1,1,1,1,1,1,1",atom,10,False,False,False,False,False,False,10,10,True,True,True,True,True,True,True,True,True,True,True,True,True,,,low
POBLEX,Os,eta1,"1,1",atom,7,False,False,False,False,False,False,7,7,True,True,True,True,True,True,True,True,True,True,True,True,True,,,low
OWEWIY,Zr,eta1,"1,1,1,1,1,1,1,1,1,1,1,1,1",atom,14,False,False,False,False,False,False,14,14,True,True,True,True,True,True,True,True,True,True,True,True,True,,,low
VALWOV,Mn,eta1,"1,1,1,1,1",atom,8,False,False,False,False,False,False,8,8,True,True,True,True,True,True,True,True,True,True,True,True,True,,,low
GEPJEQ,Os,eta1,"1,1,1,1,1,1,1,1,1,1",atom,10,False,False,False,False,False,False,10,10,True,True,True,True,True,True,True,True,True,True,True,True,True,,,low
MEFQAP,Zr,eta1,"1,1,1,1,1,1,1,1,1",atom,10,False,False,False,False,False,False,10,10,True,True,True,True,True,True,True,True,True,True,True,True,True,,,low
OYUFEU,Fe,eta1,"1,1,1,1,1,1,1,1,1,1,1",atom,11,False,False,False,False,False,False,11,11,True,True,True,True,True,True,True,True,True,True,True,True,True,,,low
GUDREE,Co,eta1,"1,1,1,1,1",atom,7,False,False,False,False,False,False,7,7,True,True,True,True,True,True,True,True,True,True,True,True,True,,,low
XUTGUO,Os,eta1,"1,1,1,1,1,1",atom,9,False,False,False,False,False,False,9,9,True,True,True,True,True,True,True,True,True,True,True,True,True,,,low
POXQAW,Rh,eta1,"1,1,1,1,1",atom,8,False,False,False,False,False,False,8,8,True,True,True,True,True,True,True,True,True,True,True,True,True,,,low
ABERUU,Ru,eta1,"1,1,1,1",atom,7,False,False,False,False,False,False,7,7,True,True,True,True,True,True,True,True,True,True,True,True,True,,,low
GEQVEH,Ta,eta1,"1,1,1,1,1",atom,10,False,False,False,False,False,False,10,10,True,True,True,True,True,True,True,True,True,True,True,True,True,,,low
JAFBOM,Ni,eta1,"1,1",atom,5,False,False,False,False,False,False,5,5,True,True,True,True,True,True,True,True,True,True,True,True,True,,,low
APOHAR,Fe,eta1,"1,1,1,1,1,1,1,1,1,1",atom,10,False,False,False,False,False,False,10,10,True,True,True,True,True,True,True,True,True,True,True,True,True,,,low
GEZNUW,Ir,eta1,"1,1,1,1",atom,6,False,False,False,False,False,False,6,6,True,True,True,True,True,True,True,True,True,True,True,True,True,,,low
XAMJEA,Ru,eta1,"1,1,1,1,1",atom,8,False,False,False,False,False,False,8,8,True,True,True,True,True,True,True,True,True,True,True,True,True,,,low
JOMVAI,Ru,eta1,"1,1,1,1,1,1,1,1,1,1",atom,10,False,False,False,False,False,False,10,10,True,True,True,True,True,True,True,True,True,True,True,True,True,,,low
IPOQAF01,Fe,eta1,"1,1,1,1,1,1,1,1,1,1",atom,10,False,False,False,False,False,False,10,10,True,True,True,True,True,True,True,True,True,True,True,True,True,,,low
VIQRAO,Ru,eta1,"1,1,1,1,1,1",atom,9,False,False,False,False,False,False,9,9,True,True,True,True,True,True,True,True,True,True,True,True,True,,,low
CITBIQ10,Co,eta1,"1,1,1,1",atom,6,False,False,False,False,False,False,6,6,True,True,True,True,True,True,True,True,True,True,True,True,True,,,low
LIGFOX,Pt,eta1,"1,1",atom,4,False,False,False,False,False,False,4,4,True,True,True,True,True,True,True,True,True,True,True,True,True,,,low
RITGAC,Fe,eta1,"1,1,1,1,1",atom,11,False,False,False,False,False,False,11,11,True,True,True,True,True,True,True,True,True,True,True,True,True,,,low
DARLEN,Cr,eta1,"1,1,1,1,1,1",atom,9,False,False,False,False,False,False,9,9,True,True,True,True,True,True,True,True,True,True,True,True,True,,,low
CERCIP,Ru,eta1,"1,1,1,1,1,1",atom,9,False,False,False,False,False,False,9,9,True,True,True,True,True,True,True,True,True,True,True,True,True,,,low
MEYYIB,Fe,eta1,"1,1,1,1,1,1,1,1,1,1",atom,10,False,False,False,False,False,False,10,10,True,True,True,True,True,True,True,True,True,True,True,True,True,,,low
HIHDIM,Fe,eta1,"1,1,1",atom,7,False,False,False,False,False,False,7,7,True,True,True,True,True,True,True,True,True,True,True,True,True,,,low
ROCLED,Fe,eta1,"1,1,1,1,1,1,1,1,1,1",atom,10,False,False,False,False,False,False,10,10,True,True,True,True,True,True,True,True,True,True,True,True,True,,,low
ZAPJIJ,Rh,eta1,"1,1,1,1,1",atom,8,False,False,False,False,False,False,8,8,True,True,True,True,True,True,True,True,True,True,True,True,True,,,low
NITHUT,Rh,eta1,"1,1,1,1,1",atom,8,False,False,False,False,False,False,8,8,True,True,True,True,True,True,True,True,True,True,True,True,True,,,low
QUHTOF,Mo,eta1,"1,1,1,1,1",atom,10,False,False,False,False,False,False,10,10,True,True,True,True,True,True,True,True,True,True,True,True,True,,,low
WAPJEC,Co,eta1,"1,1,1,1,1,1,1",atom,8,False,False,False,False,False,False,8,8,True,True,True,True,True,True,True,True,True,True,True,True,True,,,low
LEXJAA,Ta,eta1,"1,1",atom,7,False,False,False,False,False,False,7,7,True,True,True,True,True,True,True,True,True,True,True,True,True,,,low
YURBUI,Re,eta1,"1,1,1,1,1",atom,9,False,False,False,False,False,False,9,9,True,True,True,True,True,True,True,True,True,True,True,True,True,,,low
PAXYEV,Rh,eta1,"1,1,1,1,1",atom,8,False,False,False,False,False,False,8,8,True,True,True,True,True,True,True,True,True,True,True,True,True,,,low
KURKOX,Ru,eta1,"1,1,1,1,1,1",atom,9,False,False,False,False,False,False,9,9,True,True,True,True,True,True,True,True,True,True,True,True,True,,,low
KETNAY10,Mn,eta1,"1,1,1,1,1",atom,8,False,False,False,False,False,False,8,8,True,True,True,True,True,True,True,True,True,True,True,True,True,,,low
VIJPOT,Ru,eta1,"1,1,1,1,1,1",atom,9,False,False,False,False,False,False,9,9,True,True,True,True,True,True,True,True,True,True,True,True,True,,,low
RAJNOI,Rh,eta1,"1,1,1,1,1",atom,8,False,False,False,False,False,False,8,8,True,True,True,True,True,True,True,True,True,True,True,True,True,,,low
LABHUW,Fe,eta1,"1,1,1,1,1,1,1,1,1,1",atom,10,False,False,False,False,False,False,10,10,True,True,True,True,True,True,True,True,True,True,True,True,True,,,low
GIBLUA,Co,eta1,"1,1,1,1,1",atom,7,False,False,False,False,False,False,7,7,True,True,True,True,True,True,True,True,True,True,True,True,True,,,low
YONJUK,Cu,eta1,"1,1",atom,4,False,False,False,False,False,False,4,4,True,True,True,True,True,True,True,True,True,True,True,True,True,,,low
MEBVOF,Ru,eta1,"1,1,1,1,1",atom,8,False,False,False,False,False,False,8,8,True,True,True,True,True,True,True,True,True,True,True,True,True,,,low
EMEROD,Cu,eta1,"1,1",atom,4,False,False,False,False,False,False,4,4,True,True,True,True,True,True,True,True,True,True,True,True,True,,,low
IMEPAS,Rh,eta1,"1,1",atom,5,False,False,False,False,False,False,5,5,True,True,True,True,True,True,True,True,True,True,True,True,True,,,low
HOHYUY,Ti,eta1,"1,1,1,1,1,1,1,1,1,1",atom,12,False,False,False,False,False,False,12,12,True,True,True,True,True,True,True,True,True,True,True,True,True,,,low
FAGKUT,Zr,eta1,"1,1,1,1,1,1,1,1,1,1,1,1",atom,13,False,False,False,False,False,False,13,13,True,True,True,True,True,True,True,True,True,True,True,True,True,,,low
LEWVUF,Cu,eta1,"1,1",atom,4,False,False,False,False,False,False,4,4,True,True,True,True,True,True,True,True,True,True,True,True,True,,,low
PAPLEB,Fe,eta1,"1,1,1,1,1,1,1,1,1,1",atom,10,False,False,False,False,False,False,10,10,True,True,True,True,True,True,True,True,True,True,True,True,True,,,low
UCAZON,Ru,eta1,"1,1,1,1,1,1",atom,9,False,False,False,False,False,False,9,9,True,True,True,True,True,True,True,True,True,True,True,True,True,,,low
JUCTIK,Ti,eta1,"1,1,1,1,1,1,1,1,1,1",atom,12,False,False,False,False,False,False,12,12,True,True,True,True,True,True,True,True,True,True,True,True,True,,,low
TESBAU,Ni,eta1,"1,1,1,1",atom,4,False,False,False,False,False,False,4,4,True,True,True,True,True,True,True,True,True,True,True,True,True,,,low
ITAYEH,Fe,eta1,"1,1,1,1,1",atom,8,False,False,False,False,False,False,8,8,True,True,True,True,True,True,True,True,True,True,True,True,True,,,low
MASSEH,Pt,eta1,"1,1",atom,5,False,False,False,False,False,False,5,5,True,True,True,True,True,True,True,True,True,True,True,True,True,,,low
HUQPUI,Ru,eta1,"1,1,1,1,1",atom,8,False,False,False,False,False,False,8,8,True,True,True,True,True,True,True,True,True,True,True,True,True,,,low
BISQIF,Ni,eta1,"1,1",atom,4,False,False,False,False,False,False,4,4,True,True,True,True,True,True,True,True,True,True,True,True,True,,,low
WIRHAG,Fe,eta1,"1,1,1,1,1,1,1,1,1,1",atom,10,False,False,False,False,False,False,10,10,True,True,True,True,True,True,True,True,True,True,True,True,True,,,low
CBFPRU10,Ru,eta1,"1,1",atom,7,False,False,False,False,False,False,7,7,True,True,True,True,True,True,True,True,True,True,True,True,True,,,low
DUNGEY,Os,eta1,"1,1,1,1,1,1",atom,9,False,False,False,False,False,False,9,9,True,True,True,True,True,True,True,True,True,True,True,True,True,,,low
DIDVIY,Fe,eta1,"1,1,1,1,1,1,1,1,1,1",atom,10,False,False,False,False,False,False,10,10,True,True,True,True,True,True,True,True,True,True,True,True,True,,,low
QOVNOE,Rh,eta1,"1,1,1,1,1",atom,7,False,False,False,False,False,False,7,7,True,True,True,True,True,True,True,True,True,True,True,True,True,,,low
VESMIP,Re,eta1,"1,1,1,1,1",atom,9,False,False,False,False,False,False,9,9,True,True,True,True,True,True,True,True,True,True,True,True,True,,,low
PINZIV,Fe,eta1,"1,1,1,1,1,1,1,1,1,1",atom,10,False,False,False,False,False,False,10,10,True,True,True,True,True,True,True,True,True,True,True,True,True,,,low
DEFPEN,Ru,eta1,"1,1,1,1,1,1,1,1,1,1,1,1",atom,12,False,False,False,False,False,False,12,12,True,True,True,True,True,True,True,True,True,True,True,True,True,,,low
VARJON,Zr,eta1,"1,1,1,1,1,1,1,1,1,1,1,1",atom,13,False,False,False,False,False,False,13,13,True,True,True,True,True,True,True,True,True,True,True,True,True,,,low
QISQIW,Ru,eta1,"1,1,1,1,1",atom,8,False,False,False,False,False,False,8,8,True,True,True,True,True,True,True,True,True,True,True,True,True,,,low
DAMDAW,Fe,eta1,"1,1,1,1,1,1",atom,11,False,False,False,False,False,False,11,11,True,True,True,True,True,True,True,True,True,True,True,True,True,,,low
IBAZAP,Ir,eta1,"1,1,1,1,1",atom,8,False,False,False,False,False,False,8,8,True,True,True,True,True,True,True,True,True,True,True,True,True,,,low
GAXLUQ,Ru,eta1,"1,1,1,1,1,1",atom,9,False,False,False,False,False,False,9,9,True,True,True,True,True,True,True,True,True,True,True,True,True,,,low
VEPYOE,W,eta1,"1,1,1,1,1",atom,8,False,False,False,False,False,False,8,8,True,True,True,True,True,True,True,True,True,True,True,True,True,,,low
CUKJUQ,Ru,eta1,"1,1,1,1,1,1",atom,9,False,False,False,False,False,False,9,9,True,True,True,True,True,True,True,True,True,True,True,True,True,,,low
FEVMOI,Ru,eta1,"1,1,1,1,1,1,1,1,1,1",atom,10,False,False,False,False,False,False,10,10,True,True,True,True,True,True,True,True,True,True,True,True,True,,,low
UPILAJ,Rh,eta1,"1,1,1,1,1,1",atom,7,False,False,False,False,False,False,7,7,True,True,True,True,True,True,True,True,True,True,True,True,True,,,low
ZOCGOR,Ru,eta1,"1,1,1,1,1,1,1,1",atom,10,False,False,False,False,False,False,10,10,True,True,True,True,True,True,True,True,True,True,True,True,True,,,low
BEKGAB,Cr,eta1,"1,1,1,1,1",atom,8,False,False,False,False,False,False,8,8,True,True,True,True,True,True,True,True,True,True,True,True,True,,,low
ZUVCIE,Fe,eta1,"1,1,1,1,1,1,1,1,1,1",atom,10,False,False,False,False,False,False,10,10,True,True,True,True,True,True,True,True,True,True,True,True,True,,,low
FEJYEY,Ru,eta1,"1,1,1,1,1",atom,8,False,False,False,False,False,False,8,8,True,True,True,True,True,True,True,True,True,True,True,True,True,,,low
ZAFTOP,Fe,eta1,"1,1,1,1,1,1,1,1,1,1",atom,10,False,False,False,False,False,False,10,10,True,True,True,True,True,True,True,True,True,True,True,True,True,,,low
YIFZIW01,Ti,eta1,"1,1,1,1,1",atom,10,False,False,False,False,False,False,10,10,True,True,True,True,True,True,True,True,True,True,True,True,True,,,low
UVUGUQ,Cr,eta1,"1,1,1,1,1,1",atom,9,False,False,False,False,False,False,9,9,True,True,True,True,True,True,True,True,True,True,True,True,True,,,low
YISJIT,Ru,eta1,"1,1,1,1,1,1,1,1",atom,10,False,False,False,False,False,False,10,10,True,True,True,True,True,True,True,True,True,True,True,True,True,,,low
PADXUN,Zr,eta1,"1,1,1,1,1,1,1,1,1,1",atom,12,False,False,False,False,False,False,12,12,True,True,True,True,True,True,True,True,True,True,True,True,True,,,low
ROGWOZ,Ti,eta1,"1,1,1,1,1",atom,8,False,False,False,False,False,False,8,8,True,True,True,True,True,True,True,True,True,True,True,True,True,,,low
SIJFOG,Fe,eta1,"1,1,1,1,1,1,1,1,1,1",atom,10,False,False,False,False,False,False,10,10,True,True,True,True,True,True,True,True,True,True,True,True,True,,,low
NIBJAM,Fe,eta1,"1,1,1,1,1",atom,9,False,False,False,False,False,False,9,9,True,True,True,True,True,True,True,True,True,True,True,True,True,,,low
MULTES,Fe,eta1,"1,1,1,1,1,1,1,1,1,1",atom,10,False,False,False,False,False,False,10,10,True,True,True,True,True,True,True,True,True,True,True,True,True,,,low
SORQUN,Fe,eta1,"1,1,1,1,1,1,1,1,1,1",atom,10,False,False,False,False,False,False,10,10,True,True,True,True,True,True,True,True,True,True,True,True,True,,,low
COBDOP,Co,eta1,"1,1,1,1,1,1",atom,8,False,False,False,False,False,False,8,8,True,True,True,True,True,True,True,True,True,True,True,True,True,,,low
XISVAZ,Rh,eta1,"1,1,1,1",atom,6,False,False,False,False,False,False,6,6,True,True,True,True,True,True,True,True,True,True,True,True,True,,,low
POZROO,Ru,eta1,"1,1,1,1,1,1",atom,9,False,False,False,False,False,False,9,9,True,True,True,True,True,True,True,True,True,True,True,True,True,,,low
JOTPIT01,Fe,eta1,"1,1,1,1",atom,5,False,False,False,False,False,False,5,5,True,True,True,True,True,True,True,True,True,True,True,True,True,,,low
GUFCIW,Ir,eta1,"1,1,1,1,1",atom,8,False,False,False,False,False,False,8,8,True,True,True,True,True,True,True,True,True,True,True,True,True,,,low
MUFBIB,Ru,eta1,"1,1,1,1,1,1",atom,9,False,False,False,False,False,False,9,9,True,True,True,True,True,True,True,True,True,True,True,True,True,,,low
QEZJAH,Ti,eta1,"1,1,1,1,1,1,1,1,1,1",atom,12,False,False,False,False,False,False,12,12,True,True,True,True,True,True,True,True,True,True,True,True,True,,,low
ICPOMO,Mo,eta1,"1,1,1,1,1",atom,9,False,False,False,False,False,False,9,9,True,True,True,True,True,True,True,True,True,True,True,True,True,,,low
TUSPUW,Cr,eta1,"1,1,1",atom,7,False,False,False,False,False,False,7,7,True,True,True,True,True,True,True,True,True,True,True,True,True,,,low
VOSCEP,Fe,eta1,"1,1,1,1,1,1,1,1,1,1",atom,10,False,False,False,False,False,False,10,10,True,True,True,True,True,True,True,True,True,True,True,True,True,,,low
QOKVUK,Zr,eta1,"1,1,1,1,1",atom,8,False,False,False,False,False,False,8,8,True,True,True,True,True,True,True,True,True,True,True,True,True,,,low
VAXYAY,Ti,eta1,"1,1,1,1,1,1,1,1,1,1",atom,11,False,False,False,False,False,False,11,11,True,True,True,True,True,True,True,True,True,True,True,True,True,,,low
LABWAO,Fe,eta1,"1,1,1,1,1,1,1,1,1,1",atom,10,False,False,False,False,False,False,10,10,True,True,True,True,True,True,True,True,True,True,True,True,True,,,low
BOCHEH,Nb,eta1,"1,1,1,1,1,1,1,1,1,1",atom,12,False,False,False,False,False,False,12,12,True,True,True,True,True,True,True,True,True,True,True,True,True,,,low
FIYGOL,Fe,eta1,"1,1,1,1,1,1,1,1,1,1",atom,10,False,False,False,False,False,False,10,10,True,True,True,True,True,True,True,True,True,True,True,True,True,,,low
WOFNAH,Ti,eta1,"1,1,1,1,1",atom,8,False,False,False,False,False,False,8,8,True,True,True,True,True,True,True,True,True,True,True,True,True,,,low
DAXVON,Ru,eta1,"1,1,1,1,1",atom,8,False,False,False,False,False,False,8,8,True,True,True,True,True,True,True,True,True,True,True,True,True,,,low
CEHGUU,Ir,eta1,"1,1,1,1,1",atom,8,False,False,False,False,False,False,8,8,True,True,True,True,True,True,True,True,True,True,True,True,True,,,low
KOQZUP,Fe,eta1,"1,1",atom,6,False,False,False,False,False,False,6,6,True,True,True,True,True,True,True,True,True,True,True,True,True,,,low
BEJWIA,Ni,eta1,"1,1,1,1,1",atom,7,False,False,False,False,False,False,7,7,True,True,True,True,True,True,True,True,True,True,True,True,True,,,low
WUMWIM,Ru,eta1,"1,1,1,1,1",atom,8,False,False,False,False,False,False,8,8,True,True,True,True,True,True,True,True,True,True,True,True,True,,,low
WONWAA,Rh,eta1,"1,1,1,1,1",atom,8,False,False,False,False,False,False,8,8,True,True,True,True,True,True,True,True,True,True,True,True,True,,,low
IWOYOL01,Ti,eta1,"1,1,1,1,1",atom,8,False,False,False,False,False,False,8,8,True,True,True,True,True,True,True,True,True,True,True,True,True,,,low
SAZTAO,Ru,eta1,"1,1,1,1,1",atom,8,False,False,False,False,False,False,8,8,True,True,True,True,True,True,True,True,True,True,True,True,True,,,low
TOKPEO,Zr,eta1,"1,1,1,1,1,1,1,1,1,1",atom,12,False,False,False,False,False,False,12,12,True,True,True,True,True,True,True,True,True,True,True,True,True,,,low
ZEPXEB,Rh,eta1,"1,1,1,1",atom,6,False,False,False,False,False,False,6,6,True,True,True,True,True,True,True,True,True,True,True,True,True,,,low
FOVJAF,Ti,eta1,"1,1,1,1,1,1,1,1,1,1",atom,12,False,False,False,False,False,False,12,12,True,True,True,True,True,True,True,True,True,True,True,True,True,,,low
PIPYIW,Zr,eta1,"1,1,1,1,1,1,1,1,1,1",atom,12,False,False,False,False,False,False,12,12,True,True,True,True,True,True,True,True,True,True,True,True,True,,,low
FOYYOJ,Zr,eta1,"1,1,1,1,1",atom,12,False,False,False,False,False,False,12,12,True,True,True,True,True,True,True,True,True,True,True,True,True,,,low
NOJPIM,Ir,eta1,"1,1,1,1,1",atom,8,False,False,False,False,False,False,8,8,True,True,True,True,True,True,True,True,True,True,True,True,True,,,low
LIWXEU,Ir,eta1,"1,1,1,1,1",atom,8,False,False,False,False,False,False,8,8,True,True,True,True,True,True,True,True,True,True,True,True,True,,,low
VODZOE,Rh,eta1,"1,1,1,1,1,1",atom,7,False,False,False,False,False,False,7,7,True,True,True,True,True,True,True,True,True,True,True,True,True,,,low
ZALHUS,Ru,eta1,"1,1,1,1,1,1",atom,9,False,False,False,False,False,False,9,9,True,True,True,True,True,True,True,True,True,True,True,True,True,,,low
EZISIR,Ru,eta1,"1,1,1,1,1,1,1",atom,9,False,False,False,False,False,False,9,9,True,True,True,True,True,True,True,True,True,True,True,True,True,,,low
ZIKYAV,Rh,eta1,"1,1,1,1",atom,6,False,False,False,False,False,False,6,6,True,True,True,True,True,True,True,True,True,True,True,True,True,,,low
BCFEBD10,Fe,eta1,"1,1,1,1",atom,7,False,False,False,False,False,False,7,7,True,True,True,True,True,True,True,True,True,True,True,True,True,,,low
ZUNFAP,Zr,eta1,"1,1,1,1,1,1,1,1,1,1",atom,13,False,False,False,False,False,False,13,13,True,True,True,True,True,True,True,True,True,True,True,True,True,,,low
KULTEU,Mo,eta1,"1,1,1,1",atom,7,False,False,False,False,False,False,7,7,True,True,True,True,True,True,True,True,True,True,True,True,True,,,low
IVOXIB,V,eta1,"1,1,1,1,1",atom,9,False,False,False,False,False,False,9,9,True,True,True,True,True,True,True,True,True,True,True,True,True,,,low
HUMHON,Fe,eta1,"1,1,1,1,1,1,1,1,1,1",atom,10,False,False,False,False,False,False,10,10,True,True,True,True,True,True,True,True,True,True,True,True,True,,,low
HOSMOT,Co,eta1,"1,1,1,1,1,1",atom,8,False,False,False,False,False,False,8,8,True,True,True,True,True,True,True,True,True,True,True,True,True,,,low
RIVJEN,Ru,eta1,"1,1,1,1,1,1",atom,9,False,False,False,False,False,False,9,9,True,True,True,True,True,True,True,True,True,True,True,True,True,,,low
UROBIN,Fe,eta1,"1,1,1,1,1,1,1,1,1,1",atom,10,False,False,False,False,False,False,10,10,True,True,True,True,True,True,True,True,True,True,True,True,True,,,low
GONJAU,W,eta1,"1,1,1,1,1",atom,9,False,False,False,False,False,False,9,9,True,True,True,True,True,True,True,True,True,True,True,True,True,,,low
YUTCUM,Y,eta1,"1,1,1,1,1,1,1,1,1,1",atom,13,False,False,False,False,False,False,13,13,True,True,True,True,True,True,True,True,True,True,True,True,True,,,low
SOXCOX,Fe,eta1,"1,1,1,1,1",atom,8,False,False,False,False,False,False,8,8,True,True,True,True,True,True,True,True,True,True,True,True,True,,,low
BIPTUP,Fe,eta1,"1,1,1,1,1,1,1,1,1,1",atom,10,False,False,False,False,False,False,10,10,True,True,True,True,True,True,True,True,True,True,True,True,True,,,low
SIGTAE,Ti,eta1,"1,1,1,1,1",atom,8,False,False,False,False,False,False,8,8,True,True,True,True,True,True,True,True,True,True,True,True,True,,,low
LUJFIF,Mo,eta1,"1,1,1,1,1,1,1",atom,10,False,False,False,False,False,False,10,10,True,True,True,True,True,True,True,True,True,True,True,True,True,,,low
CEQFIP,Ru,eta1,"1,1,1,1,1,1,1,1,1,1",atom,10,False,False,False,False,False,False,10,10,True,True,True,True,True,True,True,True,True,True,True,True,True,,,low
ADIQEJ,Fe,eta1,"1,1,1,1,1,1,1,1,1,1",atom,10,False,False,False,False,False,False,10,10,True,True,True,True,True,True,True,True,True,True,True,True,True,,,low
INUWIA,Fe,eta1,"1,1,1,1,1",atom,8,False,False,False,False,False,False,8,8,True,True,True,True,True,True,True,True,True,True,True,True,True,,,low
KEWQIM,Ir,eta1,"1,1,1,1,1",atom,8,False,False,False,False,False,False,8,8,True,True,True,True,True,True,True,True,True,True,True,True,True,,,low
ZITHEP,Fe,eta1,"1,1,1,1,1,1,1,1,1,1",atom,10,False,False,False,False,False,False,10,10,True,True,True,True,True,True,True,True,True,True,True,True,True,,,low
ZAHHUL,Fe,eta1,"1,1,1,1,1",atom,8,False,False,False,False,False,False,8,8,True,True,True,True,True,True,True,True,True,True,True,True,True,,,low
CUMCOG,Ti,eta1,"1,1,1,1,1,1,1,1,1,1",atom,12,False,False,False,False,False,False,12,12,True,True,True,True,True,True,True,True,True,True,True,True,True,,,low
FUTZUT,Ru,eta1,"1,1,1,1,1",atom,8,False,False,False,False,False,False,8,8,True,True,True,True,True,True,True,True,True,True,True,True,True,,,low
WAQGAW,Ru,eta1,"1,1,1,1,1",atom,9,False,False,False,False,False,False,9,9,True,True,True,True,True,True,True,True,True,True,True,True,True,,,low
ZUGCAH,Fe,eta1,"1,1,1,1,1",atom,8,False,False,False,False,False,False,8,8,True,True,True,True,True,True,True,True,True,True,True,True,True,,,low
LELHUG,Rh,eta1,"1,1,1,1,1,1,1,1",atom,9,False,False,False,False,False,False,9,9,True,True,True,True,True,True,True,True,True,True,True,True,True,,,low
ZIKQES,Ni,eta1,"1,1,1,1",atom,6,False,False,False,False,False,False,6,6,True,True,True,True,True,True,True,True,True,True,True,True,True,,,low
ADOCUT,Zr,eta1,"1,1,1,1,1,1,1,1,1,1,1,1",atom,14,False,False,False,False,False,False,14,14,True,True,True,True,True,True,True,True,True,True,True,True,True,,,low
TOTBIN,Zr,eta1,"1,1,1,1,1,1,1,1,1,1",atom,12,False,False,False,False,False,False,12,12,True,True,True,True,True,True,True,True,True,True,True,True,True,,,low
SIYREZ,Mo,eta1,"1,1,1,1,1,1,1,1",atom,10,False,False,False,False,False,False,10,10,True,True,True,True,True,True,True,True,True,True,True,True,True,,,low
DODVIE,Rh,eta1,"1,1,1,1,1",atom,8,False,False,False,False,False,False,8,8,True,True,True,True,True,True,True,True,True,True,True,True,True,,,low
SAVVOA,W,eta1,"1,1,1,1,1",atom,9,False,False,False,False,False,False,9,9,True,True,True,True,True,True,True,True,True,True,True,True,True,,,low
VOFHUT10,Cr,eta1,"1,1,1,1",atom,8,False,False,False,False,False,False,8,8,True,True,True,True,True,True,True,True,True,True,True,True,True,,,low
ESESOM,Ir,eta1,"1,1,1,1,1",atom,8,False,False,False,False,False,False,8,8,True,True,True,True,True,True,True,True,True,True,True,True,True,,,low
ZOMJAO,Ti,eta1,"1,1,1,1,1,1,1,1,1,1",atom,12,False,False,False,False,False,False,12,12,True,True,True,True,True,True,True,True,True,True,True,True,True,,,low
NCKLCN17,Ni,eta1,"1,1,1,1,1,1,1,1,1,1",atom,10,False,False,False,False,False,False,10,10,True,True,True,True,True,True,True,True,True,True,True,True,True,,,low
IKELEQ,Ru,eta1,"1,1",atom,6,False,False,False,False,False,False,6,6,True,True,True,True,True,True,True,True,True,True,True,True,True,,,low
YAXMUF,Ni,eta1,"1,1,1,1,1,1,1,1",atom,8,False,False,False,False,False,False,8,8,True,True,True,True,True,True,True,True,True,True,True,True,True,,,low
WURWAK,Ru,eta1,"1,1,1,1,1",atom,8,False,False,False,False,False,False,8,8,True,True,True,True,True,True,True,True,True,True,True,True,True,,,low
LOSVAU,Ru,eta1,"1,1,1,1,1,1",atom,9,False,False,False,False,False,False,9,9,True,True,True,True,True,True,True,True,True,True,True,True,True,,,low
QEWNIP,Pd,eta1,"1,1,1",atom,5,False,False,False,False,False,False,5,5,True,True,True,True,True,True,True,True,True,True,True,True,True,,,low
PIJLAW,Zr,eta1,"1,1,1,1,1,1,1,1,1,1",atom,13,False,False,False,False,False,False,13,13,True,True,True,True,True,True,True,True,True,True,True,True,True,,,low
YUCSUM,Cu,eta1,"1,1",atom,4,False,False,False,False,False,False,4,4,True,True,True,True,True,True,True,True,True,True,True,True,True,,,low
MUTRUQ,Ni,eta1,"1,1",atom,4,False,False,False,False,False,False,4,4,True,True,True,True,True,True,True,True,True,True,True,True,True,,,low
LUXLUN,Ir,eta1,"1,1,1,1,1",atom,8,False,False,False,False,False,False,8,8,True,True,True,True,True,True,True,True,True,True,True,True,True,,,low
SOPLAO,Zr,eta1,"1,1,1,1,1,1,1,1,1,1,1,1,1,1",atom,14,False,False,False,False,False,False,14,14,True,True,True,True,True,True,True,True,True,True,True,True,True,,,low
ADUJAM,Rh,eta1,"1,1,1,1,1",atom,8,False,False,False,False,False,False,8,8,True,True,True,True,True,True,True,True,True,True,True,True,True,,,low
XIDKIE,Zr,eta1,"1,1,1,1,1,1,1,1,1,1",atom,12,False,False,False,False,False,False,12,12,True,True,True,True,True,True,True,True,True,True,True,True,True,,,low
BUCGAH10,Re,eta1,"1,1,1,1,1,1,1",atom,9,False,False,False,False,False,False,9,9,True,True,True,True,True,True,True,True,True,True,True,True,True,,,low
CAKFUR,Ru,eta1,"1,1,1,1,1",atom,8,False,False,False,False,False,False,8,8,True,True,True,True,True,True,True,True,True,True,True,True,True,,,low
RANNIE,Ru,eta1,"1,1,1,1,1,1",atom,9,False,False,False,False,False,False,9,9,True,True,True,True,True,True,True,True,True,True,True,True,True,,,low
CIMXAY,Au,eta1,"1,1",atom,4,False,False,False,False,False,False,4,4,True,True,True,True,True,True,True,True,True,True,True,True,True,,,low
REHBEO,Ir,eta1,"1,1,1,1,1",atom,8,False,False,False,False,False,False,8,8,True,True,True,True,True,True,True,True,True,True,True,True,True,,,low
ECEJUU,Fe,eta1,"1,1,1,1,1,1,1,1,1,1",atom,10,False,False,False,False,False,False,10,10,True,True,True,True,True,True,True,True,True,True,True,True,True,,,low
GUBJOG,Mo,eta1,"1,1,1,1,1",atom,9,False,False,False,False,False,False,9,9,True,True,True,True,True,True,True,True,True,True,True,True,True,,,low
IBUQOP,Ni,eta1,"1,1,1",atom,5,False,False,False,False,False,False,5,5,True,True,True,True,True,True,True,True,True,True,True,True,True,,,low
KADNIN,Mo,eta1,"1,1,1",atom,8,False,False,False,False,False,False,8,8,True,True,True,True,True,True,True,True,True,True,True,True,True,,,low
MUPBOP,Ru,eta1,"1,1,1,1,1,1",atom,9,False,False,False,False,False,False,9,9,True,True,True,True,True,True,True,True,True,True,True,True,True,,,low
VUZSOC,Fe,eta1,"1,1,1,1,1,1,1,1,1,1",atom,10,False,False,False,False,False,False,10,10,True,True,True,True,True,True,True,True,True,True,True,True,True,,,low
DABBUH,Ir,eta1,"1,1,1,1,1",atom,8,False,False,False,False,False,False,8,8,True,True,True,True,True,True,True,True,True,True,True,True,True,,,low
XITWOM,Ru,eta1,"1,1,1,1,1,1,1,1",atom,10,False,False,False,False,False,False,10,10,True,True,True,True,True,True,True,True,True,True,True,True,True,,,low
XEBLAR,Nb,eta1,"1,1,1,1,1,1,1,1,1,1",atom,12,False,False,False,False,False,False,12,12,True,True,True,True,True,True,True,True,True,True,True,True,True,,,low
POXDAH,Fe,eta1,"1,1,1,1,1,1,1,1,1,1",atom,10,False,False,False,False,False,False,10,10,True,True,True,True,True,True,True,True,True,True,True,True,True,,,low
JUJNEH,Ti,eta1,"1,1,1,1,1,1,1,1,1,1",atom,12,False,False,False,False,False,False,12,12,True,True,True,True,True,True,True,True,True,True,True,True,True,,,low
IJIZIK,Cr,eta1,"1,1,1,1,1,1,1,1,1,1,1",atom,11,False,False,False,False,False,False,11,11,True,True,True,True,True,True,True,True,True,True,True,True,True,,,low
XURYUE,Ir,eta1,"1,1,1,1,1",atom,8,False,False,False,False,False,False,8,8,True,True,True,True,True,True,True,True,True,True,True,True,True,,,low
RIXMIW,Ir,eta1,"1,1,1,1,1",atom,8,False,False,False,False,False,False,8,8,True,True,True,True,True,True,True,True,True,True,True,True,True,,,low
BAMRAL,Rh,eta1,"1,1",atom,9,False,False,False,False,False,False,9,9,True,True,True,True,True,True,True,True,True,True,True,True,True,,,low
GEGCUQ,Fe,eta1,"1,1,1,1,1",atom,8,False,False,False,False,False,False,8,8,True,True,True,True,True,True,True,True,True,True,True,True,True,,,low
BOXZEU,Fe,eta1,"1,1,1,1,1,1,1,1,1,1",atom,10,False,False,False,False,False,False,10,10,True,True,True,True,True,True,True,True,True,True,True,True,True,,,low
HESHOF,Ru,eta1,"1,1,1,1,1,1",atom,9,False,False,False,False,False,False,9,9,True,True,True,True,True,True,True,True,True,True,True,True,True,,,low
PETXIV,Zr,eta1,"1,1,1,1,1,1,1,1,1,1",atom,12,False,False,False,False,False,False,12,12,True,True,True,True,True,True,True,True,True,True,True,True,True,,,low
SOTKIX,Ru,eta1,"1,1,1,1,1",atom,8,False,False,False,False,False,False,8,8,True,True,True,True,True,True,True,True,True,True,True,True,True,,,low
TESBUO,Ti,eta1,"1,1,1,1,1",atom,11,False,False,False,False,False,False,11,11,True,True,True,True,True,True,True,True,True,True,True,True,True,,,low
DUNPAD,Mo,eta1,"1,1,1",atom,8,False,False,False,False,False,False,8,8,True,True,True,True,True,True,True,True,True,True,True,True,True,,,low
FIXSAH,Fe,eta1,"1,1,1,1,1,1,1,1,1,1",atom,10,False,False,False,False,False,False,10,10,True,True,True,True,True,True,True,True,True,True,True,True,True,,,low
AYOFAW,Fe,eta1,"1,1,1,1,1,1,1,1,1,1",atom,10,False,False,False,False,False,False,10,10,True,True,True,True,True,True,True,True,True,True,True,True,True,,,low
JUSWAV,Fe,eta1,"1,1,1,1,1",atom,8,False,False,False,False,False,False,8,8,True,True,True,True,True,True,True,True,True,True,True,True,True,,,low
EJOYEI,Co,eta1,"1,1,1,1,1,1,1",atom,7,False,False,False,False,False,False,7,7,True,True,True,True,True,True,True,True,True,True,True,True,True,,,low
BAYTIE,Fe,eta1,"1,1,1,1,1",atom,8,False,False,False,False,False,False,8,8,True,True,True,True,True,True,True,True,True,True,True,True,True,,,low
VUVTIQ,Ru,eta1,"1,1,1,1,1",atom,8,False,False,False,False,False,False,8,8,True,True,True,True,True,True,True,True,True,True,True,True,True,,,low
MAKLAM,Fe,eta1,"1,1,1,1,1,1,1,1,1,1",atom,10,False,False,False,False,False,False,10,10,True,True,True,True,True,True,True,True,True,True,True,True,True,,,low
ZEYGUH,Mo,eta1,"1,1,1",atom,8,False,False,False,False,False,False,8,8,True,True,True,True,True,True,True,True,True,True,True,True,True,,,low
TASJUS,Fe,eta1,"1,1,1,1,1,1,1,1,1,1",atom,10,False,False,False,False,False,False,10,10,True,True,True,True,True,True,True,True,True,True,True,True,True,,,low
SURQAX,Zr,eta1,"1,1,1,1,1,1,1,1,1,1",atom,13,False,False,False,False,False,False,13,13,True,True,True,True,True,True,True,True,True,True,True,True,True,,,low
XAHLOK,Fe,eta1,"1,1,1,1,1,1,1,1,1,1",atom,10,False,False,False,False,False,False,10,10,True,True,True,True,True,True,True,True,True,True,True,True,True,,,low
IMACEE,Ti,eta1,"1,1,1,1,1",atom,8,False,False,False,False,False,False,8,8,True,True,True,True,True,True,True,True,True,True,True,True,True,,,low
IMILOG,Ir,eta1,"1,1,1,1",atom,6,False,False,False,False,False,False,6,6,True,True,True,True,True,True,True,True,True,True,True,True,True,,,low
UQIFIL,Re,eta1,"1,1,1,1,1",atom,8,False,False,False,False,False,False,8,8,True,True,True,True,True,True,True,True,True,True,True,True,True,,,low
IWEPEI,Ir,eta1,"1,1,1,1,1",atom,8,False,False,False,False,False,False,8,8,True,True,True,True,True,True,True,True,True,True,True,True,True,,,low
ROMZAY,Fe,eta1,"1,1,1,1,1,1,1,1,1,1",atom,10,False,False,False,False,False,False,10,10,True,True,True,True,True,True,True,True,True,True,True,True,True,,,low
ROZPED,V,eta1,"1,1,1,1,1,1,1,1,1,1,1,1",atom,12,False,False,False,False,False,False,12,12,True,True,True,True,True,True,True,True,True,True,True,True,True,,,low
GOPRAE,Fe,eta1,"1,1,1,1,1,1,1,1,1,1",atom,10,False,False,False,False,False,False,10,10,True,True,True,True,True,True,True,True,True,True,True,True,True,,,low
KIMKEY,Ru,eta1,"1,1,1,1,1,1",atom,9,False,False,False,False,False,False,9,9,True,True,True,True,True,True,True,True,True,True,True,True,True,,,low
LILQAZ,Rh,eta1,"1,1,1,1,1",atom,8,False,False,False,False,False,False,8,8,True,True,True,True,True,True,True,True,True,True,True,True,True,,,low
VUVHIE,Ir,eta1,"1,1,1,1,1",atom,8,False,False,False,False,False,False,8,8,True,True,True,True,True,True,True,True,True,True,True,True,True,,,low
TUXFEZ,Ru,eta1,"1,1,1,1,1,1",atom,9,False,False,False,False,False,False,9,9,True,True,True,True,True,True,True,True,True,True,True,True,True,,,low
MUJNUB,Rh,eta1,"1,1,1,1",atom,6,False,False,False,False,False,False,6,6,True,True,True,True,True,True,True,True,True,True,True,True,True,,,low
AZBCTI10,Ti,eta1,"1,1,1,1,1,1,1,1,1,1,1,1",atom,12,False,False,False,False,False,False,12,12,True,True,True,True,True,True,True,True,True,True,True,True,True,,,low
OSOPUI,Ir,eta1,"1,1,1,1,1",atom,8,False,False,False,False,False,False,8,8,True,True,True,True,True,True,True,True,True,True,True,True,True,,,low
AYASAU,Pd,eta1,"1,1,1",atom,5,False,False,False,False,False,False,5,5,True,True,True,True,True,True,True,True,True,True,True,True,True,,,low
POPWIA,Mo,eta1,"1,1",atom,8,False,False,False,False,False,False,8,8,True,True,True,True,True,True,True,True,True,True,True,True,True,,,low
FEYNAY,Zr,eta1,"1,1,1,1,1,1,1,1,1,1",atom,12,False,False,False,False,False,False,12,12,True,True,True,True,True,True,True,True,True,True,True,True,True,,,low
TPPENI01,Ni,eta1,"1,1",atom,4,False,False,False,False,False,False,4,4,True,True,True,True,True,True,True,True,True,True,True,True,True,,,low
YEJGIE,Ti,eta1,"1,1,1,1,1",atom,10,False,False,False,False,False,False,10,10,True,True,True,True,True,True,True,True,True,True,True,True,True,,,low
NISHAZ,Cr,eta1,"1,1,1,1,1,1",atom,9,False,False,False,False,False,False,9,9,True,True,True,True,True,True,True,True,True,True,True,True,True,,,low
LISPAE,Ti,eta1,"1,1,1,1,1",atom,8,False,False,False,False,False,False,8,8,True,True,True,True,True,True,True,True,True,True,True,True,True,,,low
XIVSOL,Ru,eta1,"1,1,1,1,1,1",atom,9,False,False,False,False,False,False,9,9,True,True,True,True,True,True,True,True,True,True,True,True,True,,,low
JABTOW,Pt,eta1,"1,1",atom,5,False,False,False,False,False,False,5,5,True,True,True,True,True,True,True,True,True,True,True,True,True,,,low
QUKYEC,Rh,eta1,"1,1,1,1",atom,6,False,False,False,False,False,False,6,6,True,True,True,True,True,True,True,True,True,True,True,True,True,,,low
YOZKEF,Ir,eta1,"1,1,1,1,1",atom,8,False,False,False,False,False,False,8,8,True,True,True,True,True,True,True,True,True,True,True,True,True,,,low
MUSRIC,Pd,eta1,"1,1,1",atom,5,False,False,False,False,False,False,5,5,True,True,True,True,True,True,True,True,True,True,True,True,True,,,low
IJIYEI,Ti,eta1,"1,1,1,1,1",atom,8,False,False,False,False,False,False,8,8,True,True,True,True,True,True,True,True,True,True,True,True,True,,,low
XUPCUJ,Ru,eta1,"1,1,1,1,1,1",atom,9,False,False,False,False,False,False,9,9,True,True,True,True,True,True,True,True,True,True,True,True,True,,,low
KAPHOY,Fe,eta1,"1,1,1,1,1,1,1,1,1,1",atom,10,False,False,False,False,False,False,10,10,True,True,True,True,True,True,True,True,True,True,True,True,True,,,low
DUPWAN01,Fe,eta1,"1,1,1,1,1,1,1,1,1,1",atom,10,False,False,False,False,False,False,10,10,True,True,True,True,True,True,True,True,True,True,True,True,True,,,low
EBAWUA,Ti,eta1,"1,1,1,1,1",atom,8,False,False,False,False,False,False,8,8,True,True,True,True,True,True,True,True,True,True,True,True,True,,,low
JECHOP,Ti,eta1,"1,1,1,1,1,1,1,1,1,1,1,1",atom,12,False,False,False,False,False,False,12,12,True,True,True,True,True,True,True,True,True,True,True,True,True,,,low
RUHSAP,Os,eta1,"1,1",atom,7,False,False,False,False,False,False,7,7,True,True,True,True,True,True,True,True,True,True,True,True,True,,,low
GAYKOJ,Co,eta1,"1,1,1,1,1,1,1,1",atom,8,False,False,False,False,False,False,8,8,True,True,True,True,True,True,True,True,True,True,True,True,True,,,low
KILROM10,Ir,eta1,"1,1,1,1",atom,7,False,False,False,False,False,False,7,7,True,True,True,True,True,True,True,True,True,True,True,True,True,,,low
JIPVAF,Re,eta1,"1,1,1,1,1,1,1,1,1,1",atom,11,False,False,False,False,False,False,11,11,True,True,True,True,True,True,True,True,True,True,True,True,True,,,low
HASSAV,Ru,eta1,"1,1,1,1,1,1",atom,9,False,False,False,False,False,False,9,9,True,True,True,True,True,True,True,True,True,True,True,True,True,,,low
SUXYAL,Ni,eta1,"1,1,1,1,1",atom,7,False,False,False,False,False,False,7,7,True,True,True,True,True,True,True,True,True,True,True,True,True,,,low
PIXLAM,Ni,eta1,"1,1,1,1",atom,5,False,False,False,False,False,False,5,5,True,True,True,True,True,True,True,True,True,True,True,True,True,,,low
BAPVEX,Mo,eta1,"1,1",atom,7,False,False,False,False,False,False,7,7,True,True,True,True,True,True,True,True,True,True,True,True,True,,,low
WEXXOO,Ru,eta1,"1,1,1,1,1",atom,8,False,False,False,False,False,False,8,8,True,True,True,True,True,True,True,True,True,True,True,True,True,,,low
JOXFOR,Ni,eta1,"1,1",atom,4,False,False,False,False,False,False,4,4,True,True,True,True,True,True,True,True,True,True,True,True,True,,,low
VEXFOV,Ti,eta1,"1,1,1,1,1,1,1,1,1,1",atom,12,False,False,False,False,False,False,12,12,True,True,True,True,True,True,True,True,True,True,True,True,True,,,low
JAQMAP,Fe,eta1,"1,1,1,1,1,1,1,1,1,1",atom,10,False,False,False,False,False,False,10,10,True,True,True,True,True,True,True,True,True,True,True,True,True,,,low
CODZEB,Ru,eta1,"1,1,1,1,1",atom,8,False,False,False,False,False,False,8,8,True,True,True,True,True,True,True,True,True,True,True,True,True,,,low
OCOCEO,Ru,eta1,"1,1,1,1,1",atom,8,False,False,False,False,False,False,8,8,True,True,True,True,True,True,True,True,True,True,True,True,True,,,low
YUWGAY,Ru,eta1,"1,1,1,1,1,1,1,1,1,1",atom,10,False,False,False,False,False,False,10,10,True,True,True,True,True,True,True,True,True,True,True,True,True,,,low
IPECAI,Mo,eta1,"1,1,1,1,1",atom,9,False,False,False,False,False,False,9,9,True,True,True,True,True,True,True,True,True,True,True,True,True,,,low
IGEMAM,Ru,eta1,"1,1,1,1,1",atom,8,False,False,False,False,False,False,8,8,True,True,True,True,True,True,True,True,True,True,True,True,True,,,low
IZUDUD,Zr,eta1,"1,1,1,1,1,1,1,1,1,1",atom,12,False,False,False,False,False,False,12,12,True,True,True,True,True,True,True,True,True,True,True,True,True,,,low
FIKGAL,Rh,eta1,"1,1,1,1",atom,6,False,False,False,False,False,False,6,6,True,True,True,True,True,True,True,True,True,True,True,True,True,,,low
JUWRAX,W,eta1,"1,1",atom,7,False,False,False,False,False,False,7,7,True,True,True,True,True,True,True,True,True,True,True,True,True,,,low
YOTPOP,Ir,eta1,"1,1,1,1,1",atom,8,False,False,False,False,False,False,8,8,True,True,True,True,True,True,True,True,True,True,True,True,True,,,low
BARKEK,Cr,eta1,"1,1,1,1,1",atom,8,False,False,False,False,False,False,8,8,True,True,True,True,True,True,True,True,True,True,True,True,True,,,low
WOLZOO,Mo,eta1,"1,1,1,1,1",atom,9,False,False,False,False,False,False,9,9,True,True,True,True,True,True,True,True,True,True,True,True,True,,,low
PULCEI,Ru,eta1,"1,1,1,1,1,1,1,1",atom,9,False,False,False,False,False,False,9,9,True,True,True,True,True,True,True,True,True,True,True,True,True,,,low
TOPYAZ,Pd,eta1,"1,1,1",atom,5,False,False,False,False,False,False,5,5,True,True,True,True,True,True,True,True,True,True,True,True,True,,,low
ZAMTIT,Fe,eta1,"1,1,1,1,1,1,1,1,1,1",atom,10,False,False,False,False,False,False,10,10,True,True,True,True,True,True,True,True,True,True,True,True,True,,,low
TETGAB,Ru,eta1,"1,1,1,1,1,1",atom,9,False,False,False,False,False,False,9,9,True,True,True,True,True,True,True,True,True,True,True,True,True,,,low
ECESEL,W,eta1,"1,1",atom,7,False,False,False,False,False,False,7,7,True,True,True,True,True,True,True,True,True,True,True,True,True,,,low
TULCAI,Ru,eta1,"1,1,1,1,1",atom,8,False,False,False,False,False,False,8,8,True,True,True,True,True,True,True,True,True,True,True,True,True,,,low
WUNCUD,Rh,eta1,"1,1,1,1,1",atom,8,False,False,False,False,False,False,8,8,True,True,True,True,True,True,True,True,True,True,True,True,True,,,low
ZUGVOQ,Ir,eta1,"1,1,1,1,1",atom,8,False,False,False,False,False,False,8,8,True,True,True,True,True,True,True,True,True,True,True,True,True,,,low
WAVVUN,Ni,eta1,"1,1,1",atom,5,False,False,False,False,False,False,5,5,True,True,True,True,True,True,True,True,True,True,True,True,True,,,low
NOLRIP,Mo,eta1,"1,1,1,1,1,1,1,1,1,1",atom,12,False,False,False,False,False,False,12,12,True,True,True,True,True,True,True,True,True,True,True,True,True,,,low
AGOJOW,Ni,eta1,"1,1,1,1,1",atom,7,False,False,False,False,False,False,7,7,True,True,True,True,True,True,True,True,True,True,True,True,True,,,low
PIFTIJ,Cr,eta1,"1,1,1",atom,5,False,False,False,False,False,False,5,5,True,True,True,True,True,True,True,True,True,True,True,True,True,,,low
XUTPAE,Mo,eta1,"1,1,1,1,1",atom,9,False,False,False,False,False,False,9,9,True,True,True,True,True,True,True,True,True,True,True,True,True,,,low
QIQNEJ,Fe,eta1,1,atom,5,False,False,False,False,False,False,5,5,True,True,True,True,True,True,True,True,True,True,True,True,True,,,low
LUWTUU,Fe,eta1,"1,1,1,1,1",atom,8,False,False,False,False,False,False,8,8,True,True,True,True,True,True,True,True,True,True,True,True,True,,,low
BUGRIE,Cr,eta1,"1,1,1,1,1,1",atom,9,False,False,False,False,False,False,9,9,True,True,True,True,True,True,True,True,True,True,True,True,True,,,low
ZOMHIU,Fe,eta1,"1,1,1,1,1",atom,8,False,False,False,False,False,False,8,8,True,True,True,True,True,True,True,True,True,True,True,True,True,,,low
PERVOX,Ti,eta1,"1,1,1,1,1,1,1,1,1,1",atom,12,False,False,False,False,False,False,12,12,True,True,True,True,True,True,True,True,True,True,True,True,True,,,low
WUGNOE,Pd,eta1,"1,1",atom,5,False,False,False,False,False,False,5,5,True,True,True,True,True,True,True,True,True,True,True,True,True,,,low
SOWSIH,Ru,eta1,"1,1,1,1",atom,7,False,False,False,False,False,False,7,7,True,True,True,True,True,True,True,True,True,True,True,True,True,,,low
NOCXUC,Co,eta1,"1,1,1,1,1",atom,8,False,False,False,False,False,False,8,8,True,True,True,True,True,True,True,True,True,True,True,True,True,,,low
ZEHXES,Ir,eta1,"1,1,1,1",atom,6,False,False,False,False,False,False,6,6,True,True,True,True,True,True,True,True,True,True,True,True,True,,,low
FAZDUI,Fe,eta1,"1,1,1,1,1,1,1,1,1,1",atom,10,False,False,False,False,False,False,10,10,True,True,True,True,True,True,True,True,True,True,True,True,True,,,low
CASBUV,Ni,eta1,1,atom,5,False,False,False,False,False,False,5,5,True,True,True,True,True,True,True,True,True,True,True,True,True,,,low
SUFLIR12,Fe,eta1,"1,1,1,1,1,1,1,1,1,1",atom,10,False,False,False,False,False,False,10,10,True,True,True,True,True,True,True,True,True,True,True,True,True,,,low
YODBUS,Ir,eta1,"1,1,1,1,1",atom,8,False,False,False,False,False,False,8,8,True,True,True,True,True,True,True,True,True,True,True,True,True,,,low
ELILIX,Fe,eta1,"1,1,1,1",atom,6,False,False,False,False,False,False,6,6,True,True,True,True,True,True,True,True,True,True,True,True,True,,,low
NAVCAR,Ir,eta1,"1,1,1,1,1",atom,8,False,False,False,False,False,False,8,8,True,True,True,True,True,True,True,True,True,True,True,True,True,,,low
BAPKAI02,Fe,eta1,"1,1,1,1,1,1,1,1,1,1",atom,10,False,False,False,False,False,False,10,10,True,True,True,True,True,True,True,True,True,True,True,True,True,,,low
VIYLEU,V,eta1,"1,1,1,1,1,1,1,1,1,1",atom,11,False,False,False,False,False,False,11,11,True,True,True,True,True,True,True,True,True,True,True,True,True,,,low
INAXOL,Cr,eta1,"1,1,1,1,1",atom,8,False,False,False,False,False,False,8,8,True,True,True,True,True,True,True,True,True,True,True,True,True,,,low
DADDES,Fe,eta1,"1,1,1,1,1,1,1,1,1,1",atom,10,False,False,False,False,False,False,10,10,True,True,True,True,True,True,True,True,True,True,True,True,True,,,low
QATZAM,Rh,eta1,"1,1,1,1",atom,7,False,False,False,False,False,False,7,7,True,True,True,True,True,True,True,True,True,True,True,True,True,,,low
KOCGIT,Ti,eta1,"1,1,1,1,1",atom,8,False,False,False,False,False,False,8,8,True,True,True,True,True,True,True,True,True,True,True,True,True,,,low
NOVYUU,Ir,eta1,"1,1,1,1,1",atom,8,False,False,False,False,False,False,8,8,True,True,True,True,True,True,True,True,True,True,True,True,True,,,low
VIRHAG,Ru,eta1,"1,1,1,1,1",atom,8,False,False,False,False,False,False,8,8,True,True,True,True,True,True,True,True,True,True,True,True,True,,,low
ECHPCR10,Cr,eta1,"1,1,1,1,1,1",atom,9,False,False,False,False,False,False,9,9,True,True,True,True,True,True,True,True,True,True,True,True,True,,,low
KOQHUX,Ir,eta1,"1,1,1,1,1",atom,7,False,False,False,False,False,False,7,7,True,True,True,True,True,True,True,True,True,True,True,True,True,,,low
OJELUL,Ru,eta1,"1,1,1,1,1,1,1,1,1,1",atom,10,False,False,False,False,False,False,10,10,True,True,True,True,True,True,True,True,True,True,True,True,True,,,low
FOVGAB,Fe,eta1,"1,1,1,1,1,1",atom,8,False,False,False,False,False,False,8,8,True,True,True,True,True,True,True,True,True,True,True,True,True,,,low
KOFYAF,Ta,eta1,"1,1",atom,7,False,False,False,False,False,False,7,7,True,True,True,True,True,True,True,True,True,True,True,True,True,,,low
DANXEW,Zr,eta1,"1,1,1,1,1,1,1,1,1,1",atom,12,False,False,False,False,False,False,12,12,True,True,True,True,True,True,True,True,True,True,True,True,True,,,low
JUSQIZ,Ir,eta1,"1,1,1,1",atom,7,False,False,False,False,False,False,7,7,True,True,True,True,True,True,True,True,True,True,True,True,True,,,low
JEMDUA,W,eta1,"1,1,1,1,1",atom,9,False,False,False,False,False,False,9,9,True,True,True,True,True,True,True,True,True,True,True,True,True,,,low
YOFBON,Ir,eta1,"1,1,1,1",atom,7,False,False,False,False,False,False,7,7,True,True,True,True,True,True,True,True,True,True,True,True,True,,,low
FULBIZ,Fe,eta1,"1,1,1,1,1",atom,8,False,False,False,False,False,False,8,8,True,True,True,True,True,True,True,True,True,True,True,True,True,,,low
NBDIRA10,Ir,eta1,"1,1,1,1",atom,8,False,False,False,False,False,False,8,8,True,True,True,True,True,True,True,True,True,True,True,True,True,,,low
UGOHOO,Rh,eta1,"1,1,1,1,1",atom,8,False,False,False,False,False,False,8,8,True,True,True,True,True,True,True,True,True,True,True,True,True,,,low
ZZZKDO02,Fe,eta1,"1,1,1,1,1,1,1,1,1,1",atom,10,False,False,False,False,False,False,10,10,True,True,True,True,True,True,True,True,True,True,True,True,True,,,low
MOYBUX,Ti,eta1,"1,1,1,1,1,1,1,1,1,1",atom,12,False,False,False,False,False,False,12,12,True,True,True,True,True,True,True,True,True,True,True,True,True,,,low
DIHZAW,Ti,eta1,"1,1,1,1,1,1,1,1,1,1",atom,12,False,False,False,False,False,False,12,12,True,True,True,True,True,True,True,True,True,True,True,True,True,,,low
DIJSEU,Cr,eta1,"1,1,1,1,1",atom,8,False,False,False,False,False,False,8,8,True,True,True,True,True,True,True,True,True,True,True,True,True,,,low
UGAHAN,Fe,eta1,"1,1,1,1,1,1,1,1,1,1",atom,10,False,False,False,False,False,False,10,10,True,True,True,True,True,True,True,True,True,True,True,True,True,,,low
YILCAX,Cr,eta1,"1,1,1,1,1",atom,8,False,False,False,False,False,False,8,8,True,True,True,True,True,True,True,True,True,True,True,True,True,,,low
QIBNOG,Ni,eta1,"1,1,1,1",atom,6,False,False,False,False,False,False,6,6,True,True,True,True,True,True,True,True,True,True,True,True,True,,,low
GILNAQ,Ru,eta1,"1,1,1,1,1",atom,8,False,False,False,False,False,False,8,8,True,True,True,True,True,True,True,True,True,True,True,True,True,,,low
HOBTOI,Fe,eta1,"1,1,1,1,1,1,1,1,1,1",atom,10,False,False,False,False,False,False,10,10,True,True,True,True,True,True,True,True,True,True,True,True,True,,,low
KACBAR,Mo,eta1,"1,1,1,1,1,1",atom,10,False,False,False,False,False,False,10,10,True,True,True,True,True,True,True,True,True,True,True,True,True,,,low
GASBAH,W,eta1,"1,1",atom,7,False,False,False,False,False,False,7,7,True,True,True,True,True,True,True,True,True,True,True,True,True,,,low
RERDAV,Rh,eta1,"1,1",atom,5,False,False,False,False,False,False,5,5,True,True,True,True,True,True,True,True,True,True,True,True,True,,,low
RIVJUD,Ru,eta1,"1,1,1,1,1,1",atom,9,False,False,False,False,False,False,9,9,True,True,True,True,True,True,True,True,True,True,True,True,True,,,low
GASQOI,Mo,eta1,"1,1,1,1,1",atom,9,False,False,False,False,False,False,9,9,True,True,True,True,True,True,True,True,True,True,True,True,True,,,low
PEKPAX,Fe,eta1,"1,1,1,1,1,1,1,1,1,1",atom,10,False,False,False,False,False,False,10,10,True,True,True,True,True,True,True,True,True,True,True,True,True,,,low
USECIF,Ru,eta1,"1,1,1,1,1,1",atom,9,False,False,False,False,False,False,9,9,True,True,True,True,True,True,True,True,True,True,True,True,True,,,low
JANBAC,Os,eta1,"1,1,1,1,1",atom,9,False,False,False,False,False,False,9,9,True,True,True,True,True,True,True,True,True,True,True,True,True,,,low
SOJGUU,Zr,eta1,"1,1,1,1,1,1,1,1,1,1",atom,12,False,False,False,False,False,False,12,12,True,True,True,True,True,True,True,True,True,True,True,True,True,,,low
FUQXEW,Fe,eta1,"1,1,1,1,1",atom,8,False,False,False,False,False,False,8,8,True,True,True,True,True,True,True,True,True,True,True,True,True,,,low
ICAJOM,Zr,eta1,"1,1,1,1,1,1,1,1,1,1",atom,12,False,False,False,False,False,False,12,12,True,True,True,True,True,True,True,True,True,True,True,True,True,,,low
PAXHEB,Ni,eta1,"1,1,1,1,1",atom,7,False,False,False,False,False,False,7,7,True,True,True,True,True,True,True,True,True,True,True,True,True,,,low
QUQXIM,Fe,eta1,"1,1,1,1,1,1,1,1,1,1",atom,10,False,False,False,False,False,False,10,10,True,True,True,True,True,True,True,True,True,True,True,True,True,,,low
SOJMUC,Co,eta1,"1,1,1,1,1,1",atom,8,False,False,False,False,False,False,8,8,True,True,True,True,True,True,True,True,True,True,True,True,True,,,low
YECXUA,Pt,eta1,"1,1,1,1",atom,5,False,False,False,False,False,False,5,5,True,True,True,True,True,True,True,True,True,True,True,True,True,,,low
DASHOV,Fe,eta1,"1,1,1,1,1,1,1,1,1,1",atom,10,False,False,False,False,False,False,10,10,True,True,True,True,True,True,True,True,True,True,True,True,True,,,low
PUMKEP,Y,eta1,"1,1,1,1,1,1,1,1,1,1,1,1,1,1,1",atom,16,False,False,False,False,False,False,16,16,True,True,True,True,True,True,True,True,True,True,True,True,True,,,low
MOQQAK,Mo,eta1,"1,1,1",atom,8,False,False,False,False,False,False,8,8,True,True,True,True,True,True,True,True,True,True,True,True,True,,,low
FISPIK,Ir,eta1,"1,1,1,1,1",atom,8,False,False,False,False,False,False,8,8,True,True,True,True,True,True,True,True,True,True,True,True,True,,,low
LICFIM,Fe,eta1,"1,1,1,1,1,1,1,1,1,1",atom,10,False,False,False,False,False,False,10,10,True,True,True,True,True,True,True,True,True,True,True,True,True,,,low
WEHXOZ,Ti,eta1,"1,1,1,1,1",atom,8,False,False,False,False,False,False,8,8,True,True,True,True,True,True,True,True,True,True,True,True,True,,,low
WATCOJ,Fe,eta1,"1,1,1,1,1,1,1,1,1,1",atom,10,False,False,False,False,False,False,10,10,True,True,True,True,True,True,True,True,True,True,True,True,True,,,low
ULOMIR,Ru,eta1,"1,1,1,1,1,1",atom,9,False,False,False,False,False,False,9,9,True,True,True,True,True,True,True,True,True,True,True,True,True,,,low
ZUYHEG,Ru,eta1,"1,1",atom,9,False,False,False,False,False,False,9,9,True,True,True,True,True,True,True,True,True,True,True,True,True,,,low
XUVLUX,Ru,eta1,"1,1,1,1",atom,8,False,False,False,False,False,False,8,8,True,True,True,True,True,True,True,True,True,True,True,True,True,,,low
VOKQUI,Nb,eta1,"1,1,1,1,1",atom,10,False,False,False,False,False,False,10,10,True,True,True,True,True,True,True,True,True,True,True,True,True,,,low
ROCGAV,Co,eta1,"1,1,1,1,1",atom,8,False,False,False,False,False,False,8,8,True,True,True,True,True,True,True,True,True,True,True,True,True,,,low
ZUHHUJ,Ru,eta1,"1,1",atom,6,False,False,False,False,False,False,6,6,True,True,True,True,True,True,True,True,True,True,True,True,True,,,low
WUSFEV,Ru,eta1,"1,1,1,1,1,1,1,1,1,1",atom,10,False,False,False,False,False,False,10,10,True,True,True,True,True,True,True,True,True,True,True,True,True,,,low
WADVON01,V,eta1,"1,1,1,1,1,1,1,1,1,1,1",atom,11,False,False,False,False,False,False,11,11,True,True,True,True,True,True,True,True,True,True,True,True,True,,,low
TIZFOB,Os,eta1,"1,1,1,1,1,1",atom,9,False,False,False,False,False,False,9,9,True,True,True,True,True,True,True,True,True,True,True,True,True,,,low
QIFBEM,Mn,eta1,"1,1,1,1,1",atom,8,False,False,False,False,False,False,8,8,True,True,True,True,True,True,True,True,True,True,True,True,True,,,low
BATKAJ,Fe,eta1,"1,1,1,1,1,1,1,1,1,1",atom,10,False,False,False,False,False,False,10,10,True,True,True,True,True,True,True,True,True,True,True,True,True,,,low
KAYKEC,Fe,eta1,"1,1,1,1,1",atom,8,False,False,False,False,False,False,8,8,True,True,True,True,True,True,True,True,True,True,True,True,True,,,low
WEBXOT,Ir,eta1,"1,1,1,1,1",atom,8,False,False,False,False,False,False,8,8,True,True,True,True,True,True,True,True,True,True,True,True,True,,,low
QAQVAG,Ru,eta1,"1,1,1,1,1",atom,8,False,False,False,False,False,False,8,8,True,True,True,True,True,True,True,True,True,True,True,True,True,,,low
ICUYOW,Ni,eta1,"1,1,1",atom,5,False,False,False,False,False,False,5,5,True,True,True,True,True,True,True,True,True,True,True,True,True,,,low
YUJJIZ,Fe,eta1,"1,1,1,1,1,1,1,1,1,1",atom,10,False,False,False,False,False,False,10,10,True,True,True,True,True,True,True,True,True,True,True,True,True,,,low
DUCSUP,Fe,eta1,"1,1,1",atom,6,False,False,False,False,False,False,6,6,True,True,True,True,True,True,True,True,True,True,True,True,True,,,low
VEZZUW,Fe,eta1,"1,1,1,1,1",atom,8,False,False,False,False,False,False,8,8,True,True,True,True,True,True,True,True,True,True,True,True,True,,,low
CUMPEI,Os,eta1,"1,1,1,1,1,1",atom,9,False,False,False,False,False,False,9,9,True,True,True,True,True,True,True,True,True,True,True,True,True,,,low
NIRHUS,Ti,eta1,"1,1,1,1,1",atom,8,False,False,False,False,False,False,8,8,True,True,True,True,True,True,True,True,True,True,True,True,True,,,low
OCUYIU,Pd,eta1,"1,1,1",atom,5,False,False,False,False,False,False,5,5,True,True,True,True,True,True,True,True,True,True,True,True,True,,,low
ZADFAQ,Co,eta1,"1,1,1,1,1,1,1,1,1,1",atom,10,False,False,False,False,False,False,10,10,True,True,True,True,True,True,True,True,True,True,True,True,True,,,low
GEFJEG,Re,eta1,"1,1,1,1,1",atom,8,False,False,False,False,False,False,8,8,True,True,True,True,True,True,True,True,True,True,True,True,True,,,low
SIXPAQ,Zr,eta1,"1,1,1,1,1,1,1,1,1,1",atom,14,False,False,False,False,False,False,14,14,True,True,True,True,True,True,True,True,True,True,True,True,True,,,low
YEZLEW,Mo,eta1,"1,1,1,1,1",atom,9,False,False,False,False,False,False,9,9,True,True,True,True,True,True,True,True,True,True,True,True,True,,,low
XETWOJ,Fe,eta1,"1,1,1,1,1,1,1,1,1,1",atom,10,False,False,False,False,False,False,10,10,True,True,True,True,True,True,True,True,True,True,True,True,True,,,low
SESMEI,Cr,eta1,"1,1,1,1,1,1",atom,9,False,False,False,False,False,False,9,9,True,True,True,True,True,True,True,True,True,True,True,True,True,,,low
HEDXIY,Fe,eta1,"1,1,1,1,1",atom,8,False,False,False,False,False,False,8,8,True,True,True,True,True,True,True,True,True,True,True,True,True,,,low
VAMSAD,Ir,eta1,"1,1",atom,5,False,False,False,False,False,False,5,5,True,True,True,True,True,True,True,True,True,True,True,True,True,,,low
MEWBUL,Mo,eta1,"1,1,1",atom,8,False,False,False,False,False,False,8,8,True,True,True,True,True,True,True,True,True,True,True,True,True,,,low
NUGXET,Ru,eta1,"1,1,1,1,1",atom,8,False,False,False,False,False,False,8,8,True,True,True,True,True,True,True,True,True,True,True,True,True,,,low
RUSSED,Rh,eta1,"1,1,1,1,1,1,1,1,1",atom,9,False,False,False,False,False,False,9,9,True,True,True,True,True,True,True,True,True,True,True,True,True,,,low
NIMTAI,Pd,eta1,"1,1,1",atom,5,False,False,False,False,False,False,5,5,True,True,True,True,True,True,True,True,True,True,True,True,True,,,low
GIDHIK,Ni,eta1,"1,1",atom,4,False,False,False,False,False,False,4,4,True,True,True,True,True,True,True,True,True,True,True,True,True,,,low
YEVBUW,Ir,eta1,"1,1,1,1,1",atom,7,False,False,False,False,False,False,7,7,True,True,True,True,True,True,True,True,True,True,True,True,True,,,low
ADANEC,Ru,eta1,"1,1,1,1,1,1",atom,9,False,False,False,False,False,False,9,9,True,True,True,True,True,True,True,True,True,True,True,True,True,,,low
BEKHAC,Cr,eta1,"1,1,1,1,1",atom,8,False,False,False,False,False,False,8,8,True,True,True,True,True,True,True,True,True,True,True,True,True,,,low
DADDIW,Fe,eta1,"1,1,1,1,1,1,1,1,1,1",atom,10,False,False,False,False,False,False,10,10,True,True,True,True,True,True,True,True,True,True,True,True,True,,,low
FANRIY,Zr,eta1,"1,1,1,1,1,1,1,1,1,1",atom,12,False,False,False,False,False,False,12,12,True,True,True,True,True,True,True,True,True,True,True,True,True,,,low
EGIBEB,Zr,eta1,"1,1,1,1,1,1,1,1,1,1",atom,12,False,False,False,False,False,False,12,12,True,True,True,True,True,True,True,True,True,True,True,True,True,,,low
XOFZIB,Co,eta1,"1,1,1,1,1",atom,10,False,False,False,False,False,False,10,10,True,True,True,True,True,True,True,True,True,True,True,True,True,,,low
QEYXOI,Ru,eta1,"1,1,1,1,1,1",atom,9,False,False,False,False,False,False,9,9,True,True,True,True,True,True,True,True,True,True,True,True,True,,,low
PIZROJ,Pt,eta1,"1,1",atom,4,False,False,False,False,False,False,4,4,True,True,True,True,True,True,True,True,True,True,True,True,True,,,low
PEMROO,W,eta1,"1,1",atom,6,False,False,False,False,False,False,6,6,True,True,True,True,True,True,True,True,True,True,True,True,True,,,low
BEGPUA,Fe,eta1,"1,1,1,1,1,1,1,1,1,1",atom,10,False,False,False,False,False,False,10,10,True,True,True,True,True,True,True,True,True,True,True,True,True,,,low
KEZGIH,Fe,eta1,"1,1,1,1,1",atom,8,False,False,False,False,False,False,8,8,True,True,True,True,True,True,True,True,True,True,True,True,True,,,low
EBIDOM,La,eta1,"1,1,1,1,1,1,1,1,1,1,1,1,1,1,1",atom,16,False,False,False,False,False,False,16,16,True,True,True,True,True,True,True,True,True,True,True,True,True,,,low
MIJKUN,Rh,eta1,"1,1,1,1,1",atom,8,False,False,False,False,False,False,8,8,True,True,True,True,True,True,True,True,True,True,True,True,True,,,low
MOSLAH,Ru,eta1,"1,1,1,1,1,1,1,1",atom,9,False,False,False,False,False,False,9,9,True,True,True,True,True,True,True,True,True,True,True,True,True,,,low
NORMAI,Fe,eta1,"1,1,1,1,1",atom,8,False,False,False,False,False,False,8,8,True,True,True,True,True,True,True,True,True,True,True,True,True,,,low
XAHBAK,Ir,eta1,"1,1,1,1,1",atom,8,False,False,False,False,False,False,8,8,True,True,True,True,True,True,True,True,True,True,True,True,True,,,low
RAMLIB,Ir,eta1,"1,1,1,1",atom,6,False,False,False,False,False,False,6,6,True,True,True,True,True,True,True,True,True,True,True,True,True,,,low
AHUKIZ,Fe,eta1,"1,1,1,1,1",atom,8,False,False,False,False,False,False,8,8,True,True,True,True,True,True,True,True,True,True,True,True,True,,,low
AMIRAQ,Zr,eta1,"1,1,1,1,1",atom,10,False,False,False,False,False,False,10,10,True,True,True,True,True,True,True,True,True,True,True,True,True,,,low
NOMVES,Fe,eta1,"1,1,1,1,1,1,1,1,1,1",atom,10,False,False,False,False,False,False,10,10,True,True,True,True,True,True,True,True,True,True,True,True,True,,,low
YAPQIR,Ir,eta1,"1,1,1,1,1",atom,8,False,False,False,False,False,False,8,8,True,True,True,True,True,True,True,True,True,True,True,True,True,,,low
TARCUL,W,eta1,"1,1,1,1,1,1,1,1,1,1",atom,12,False,False,False,False,False,False,12,12,True,True,True,True,True,True,True,True,True,True,True,True,True,,,low
SOLLOU,Ru,eta1,"1,1,1,1,1,1,1,1,1,1,1",atom,11,False,False,False,False,False,False,11,11,True,True,True,True,True,True,True,True,True,True,True,True,True,,,low
POPSUI,Cr,eta1,"1,1,1,1,1,1",atom,9,False,False,False,False,False,False,9,9,True,True,True,True,True,True,True,True,True,True,True,True,True,,,low
HAYJUP,W,eta1,"1,1",atom,7,False,False,False,False,False,False,7,7,True,True,True,True,True,True,True,True,True,True,True,True,True,,,low
WIRNOC,Ir,eta1,"1,1,1,1,1",atom,8,False,False,False,False,False,False,8,8,True,True,True,True,True,True,True,True,True,True,True,True,True,,,low
KIVPIP,Ru,eta1,"1,1,1,1,1",atom,8,False,False,False,False,False,False,8,8,True,True,True,True,True,True,True,True,True,True,True,True,True,,,low
PUTJUM,Ir,eta1,"1,1,1,1,1",atom,8,False,False,False,False,False,False,8,8,True,True,True,True,True,True,True,True,True,True,True,True,True,,,low
XOCRIQ,Ir,eta1,"1,1",atom,5,False,False,False,False,False,False,5,5,True,True,True,True,True,True,True,True,True,True,True,True,True,,,low
JIMKOI,Pt,eta1,"1,1,1,1",atom,5,False,False,False,False,False,False,5,5,True,True,True,True,True,True,True,True,True,True,True,True,True,,,low
MOCHAN,Ru,eta1,"1,1,1,1,1,1",atom,9,False,False,False,False,False,False,9,9,True,True,True,True,True,True,True,True,True,True,True,True,True,,,low
GIMWAA,Ru,eta1,"1,1,1,1",atom,7,False,False,False,False,False,False,7,7,True,True,True,True,True,True,True,True,True,True,True,True,True,,,low
NIMTIQ,Pd,eta1,"1,1,1",atom,5,False,False,False,False,False,False,5,5,True,True,True,True,True,True,True,True,True,True,True,True,True,,,low
ICURAZ,Zr,eta1,"1,1,1,1,1,1,1,1,1,1",atom,12,False,False,False,False,False,False,12,12,True,True,True,True,True,True,True,True,True,True,True,True,True,,,low
GIJFIP,Fe,eta1,"1,1,1,1,1,1,1,1,1,1",atom,10,False,False,False,False,False,False,10,10,True,True,True,True,True,True,True,True,True,True,True,True,True,,,low
SIMDEA04,Hf,eta1,"1,1,1,1,1,1,1,1,1,1",atom,12,False,False,False,False,False,False,12,12,True,True,True,True,True,True,True,True,True,True,True,True,True,,,low
YIGTOX,Ru,eta1,"1,1,1,1,1",atom,8,False,False,False,False,False,False,8,8,True,True,True,True,True,True,True,True,True,True,True,True,True,,,low
POSVUO,Fe,eta1,"1,1,1,1,1",atom,8,False,False,False,False,False,False,8,8,True,True,True,True,True,True,True,True,True,True,True,True,True,,,low
DIVFOH,Rh,eta1,"1,1,1,1",atom,6,False,False,False,False,False,False,6,6,True,True,True,True,True,True,True,True,True,True,True,True,True,,,low
HEYCIZ,Pt,eta1,"1,1,1,1",atom,6,False,False,False,False,False,False,6,6,True,True,True,True,True,True,True,True,True,True,True,True,True,,,low
MOXCOR,Pd,eta1,"1,1",atom,4,False,False,False,False,False,False,4,4,True,True,True,True,True,True,True,True,True,True,True,True,True,,,low
KUMHEG,Ir,eta1,"1,1,1,1,1",atom,8,False,False,False,False,False,False,8,8,True,True,True,True,True,True,True,True,True,True,True,True,True,,,low
FAQXIE01,Fe,eta1,"1,1,1,1,1,1,1,1,1,1",atom,10,False,False,False,False,False,False,10,10,True,True,True,True,True,True,True,True,True,True,True,True,True,,,low
NIVPOY,Ru,eta1,"1,1,1,1,1,1",atom,9,False,False,False,False,False,False,9,9,True,True,True,True,True,True,True,True,True,True,True,True,True,,,low
XEKDUQ,Ag,eta1,"1,1",atom,3,False,False,False,False,False,False,3,3,True,True,True,True,True,True,True,True,True,True,True,True,True,,,low
JUSPIZ,Zr,eta1,"1,1,1,1,1,1,1,1,1,1",atom,12,False,False,False,False,False,False,12,12,True,True,True,True,True,True,True,True,True,True,True,True,True,,,low
EGUNEA,Ti,eta1,"1,1,1,1,1",atom,8,False,False,False,False,False,False,8,8,True,True,True,True,True,True,True,True,True,True,True,True,True,,,low
LEMCEM,Rh,eta1,"1,1,1,1,1,1",atom,7,False,False,False,False,False,False,7,7,True,True,True,True,True,True,True,True,True,True,True,True,True,,,low
JOJPED,Ru,eta1,"1,1,1,1,1",atom,8,False,False,False,False,False,False,8,8,True,True,True,True,True,True,True,True,True,True,True,True,True,,,low
EZOJUY,Fe,eta1,"1,1,1,1,1",atom,11,False,False,False,False,False,False,11,11,True,True,True,True,True,True,True,True,True,True,True,True,True,,,low
HAGKIL,Rh,eta1,"1,1,1,1",atom,6,False,False,False,False,False,False,6,6,True,True,True,True,True,True,True,True,True,True,True,True,True,,,low
REXQOC,Cr,eta1,"1,1,1,1,1",atom,8,False,False,False,False,False,False,8,8,True,True,True,True,True,True,True,True,True,True,True,True,True,,,low
PUYYUH,V,eta1,"1,1,1,1,1",atom,8,False,False,False,False,False,False,8,8,True,True,True,True,True,True,True,True,True,True,True,True,True,,,low
IFOKAQ,Hf,eta1,"1,1,1,1,1,1,1,1,1,1",atom,12,False,False,False,False,False,False,12,12,True,True,True,True,True,True,True,True,True,True,True,True,True,,,low
IFICAD,Ru,eta1,"1,1,1,1,1",atom,8,False,False,False,False,False,False,8,8,True,True,True,True,True,True,True,True,True,True,True,True,True,,,low
LEGYUR,Fe,eta1,"1,1,1,1",atom,7,False,False,False,False,False,False,7,7,True,True,True,True,True,True,True,True,True,True,True,True,True,,,low
QEHXIN,Fe,eta1,"1,1,1,1,1,1,1,1,1,1",atom,10,False,False,False,False,False,False,10,10,True,True,True,True,True,True,True,True,True,True,True,True,True,,,low
PESGEZ,Os,eta1,"1,1,1,1,1",atom,9,False,False,False,False,False,False,9,9,True,True,True,True,True,True,True,True,True,True,True,True,True,,,low
NUCKEF,Fe,eta1,"1,1,1,1,1,1,1,1,1",atom,9,False,False,False,False,False,False,9,9,True,True,True,True,True,True,True,True,True,True,True,True,True,,,low
SAPNEE,Ni,eta1,"1,1,1",atom,5,False,False,False,False,False,False,5,5,True,True,True,True,True,True,True,True,True,True,True,True,True,,,low
CUNLIH,Ru,eta1,"1,1,1,1,1,1,1",atom,9,False,False,False,False,False,False,9,9,True,True,True,True,True,True,True,True,True,True,True,True,True,,,low
BOLBUA,V,eta1,"1,1,1,1,1",atom,8,False,False,False,False,False,False,8,8,True,True,True,True,True,True,True,True,True,True,True,True,True,,,low
ZOGQER,Rh,eta1,"1,1",atom,5,False,False,False,False,False,False,5,5,True,True,True,True,True,True,True,True,True,True,True,True,True,,,low
BADZUC,Fe,eta1,"1,1,1,1,1,1,1,1,1,1",atom,10,False,False,False,False,False,False,10,10,True,True,True,True,True,True,True,True,True,True,True,True,True,,,low
EYOLUZ,Cu,eta1,"1,1",atom,4,False,False,False,False,False,False,4,4,True,True,True,True,True,True,True,True,True,True,True,True,True,,,low
QAPDAN,Cr,eta1,"1,1,1,1,1,1",atom,9,False,False,False,False,False,False,9,9,True,True,True,True,True,True,True,True,True,True,True,True,True,,,low
KACWUH,Zr,eta1,"1,1,1,1,1,1,1,1,1,1",atom,12,False,False,False,False,False,False,12,12,True,True,True,True,True,True,True,True,True,True,True,True,True,,,low
CEDZIV,Co,eta1,"1,1,1,1,1,1,1,1,1",atom,9,False,False,False,False,False,False,9,9,True,True,True,True,True,True,True,True,True,True,True,True,True,,,low
YUFLIV,Rh,eta1,"1,1,1,1",atom,7,False,False,False,False,False,False,7,7,True,True,True,True,True,True,True,True,True,True,True,True,True,,,low
BEWNUO,Ir,eta1,"1,1,1,1",atom,6,False,False,False,False,False,False,6,6,True,True,True,True,True,True,True,True,True,True,True,True,True,,,low
HEYCOF,Rh,eta1,"1,1,1,1",atom,6,False,False,False,False,False,False,6,6,True,True,True,True,True,True,True,True,True,True,True,True,True,,,low
RAWKOP,W,eta1,"1,1",atom,7,False,False,False,False,False,False,7,7,True,True,True,True,True,True,True,True,True,True,True,True,True,,,low
HENWIH,Co,eta1,"1,1,1,1,1,1,1,1,1,1",atom,10,False,False,False,False,False,False,10,10,True,True,True,True,True,True,True,True,True,True,True,True,True,,,low
FUJVEL,Fe,eta1,"1,1,1,1,1",atom,8,False,False,False,False,False,False,8,8,True,True,True,True,True,True,True,True,True,True,True,True,True,,,low
CIVNIF,Ir,eta1,"1,1,1,1",atom,6,False,False,False,False,False,False,6,6,True,True,True,True,True,True,True,True,True,True,True,True,True,,,low
UPIYID,Pd,eta1,"1,1",atom,4,False,False,False,False,False,False,4,4,True,True,True,True,True,True,True,True,True,True,True,True,True,,,low
PILJID,W,eta1,"1,1,1,1,1",atom,9,False,False,False,False,False,False,9,9,True,True,True,True,True,True,True,True,True,True,True,True,True,,,low
HAZXOV,Ir,eta1,"1,1,1,1,1",atom,8,False,False,False,False,False,False,8,8,True,True,True,True,True,True,True,True,True,True,True,True,True,,,low
WEYFIT,Rh,eta1,"1,1,1,1,1",atom,8,False,False,False,False,False,False,8,8,True,True,True,True,True,True,True,True,True,True,True,True,True,,,low
ACUVIF,Ru,eta1,"1,1,1,1,1",atom,8,False,False,False,False,False,False,8,8,True,True,True,True,True,True,True,True,True,True,True,True,True,,,low
IZUHAM,Ni,eta1,"1,1,1",atom,5,False,False,False,False,False,False,5,5,True,True,True,True,True,True,True,True,True,True,True,True,True,,,low
GOTJOQ,Ir,eta1,"1,1,1,1,1",atom,8,False,False,False,False,False,False,8,8,True,True,True,True,True,True,True,True,True,True,True,True,True,,,low
JIWQEP,Ti,eta1,"1,1,1,1",atom,7,False,False,False,False,False,False,7,7,True,True,True,True,True,True,True,True,True,True,True,True,True,,,low
CUZZII,Ru,eta1,"1,1,1,1,1,1",atom,9,False,False,False,False,False,False,9,9,True,True,True,True,True,True,True,True,True,True,True,True,True,,,low
PCPNPY10,Ni,eta1,"1,1,1",atom,6,False,False,False,False,False,False,6,6,True,True,True,True,True,True,True,True,True,True,True,True,True,,,low
VECCIT,Fe,eta1,"1,1,1,1,1,1,1,1,1,1",atom,10,False,False,False,False,False,False,10,10,True,True,True,True,True,True,True,True,True,True,True,True,True,,,low
PUXYEO,Ni,eta1,"1,1,1,1",atom,6,False,False,False,False,False,False,6,6,True,True,True,True,True,True,True,True,True,True,True,True,True,,,low
TEBWIH,Zr,eta1,"1,1,1,1,1,1,1,1,1,1,1,1",atom,14,False,False,False,False,False,False,14,14,True,True,True,True,True,True,True,True,True,True,True,True,True,,,low
DUBCUY,Mo,eta1,"1,1,1,1,1,1,1",atom,9,False,False,False,False,False,False,9,9,True,True,True,True,True,True,True,True,True,True,True,True,True,,,low
NUFXUJ,Ir,eta1,"1,1,1,1",atom,6,False,False,False,False,False,False,6,6,True,True,True,True,True,True,True,True,True,True,True,True,True,,,low
WOVZUF,Rh,eta1,"1,1,1,1",atom,5,False,False,False,False,False,False,5,5,True,True,True,True,True,True,True,True,True,True,True,True,True,,,low
WORGUH,Ir,eta1,"1,1,1,1",atom,8,False,False,False,False,False,False,8,8,True,True,True,True,True,True,True,True,True,True,True,True,True,,,low
HALVUP,Ir,eta1,"1,1,1,1,1",atom,8,False,False,False,False,False,False,8,8,True,True,True,True,True,True,True,True,True,True,True,True,True,,,low
HOJWUY,Y,eta1,"1,1,1,1,1,1,1,1,1,1",atom,12,False,False,False,False,False,False,12,12,True,True,True,True,True,True,True,True,True,True,True,True,True,,,low
AXIBOA,Zr,eta1,"1,1,1,1,1,1,1,1,1,1",atom,12,False,False,False,False,False,False,12,12,True,True,True,True,True,True,True,True,True,True,True,True,True,,,low
DOCRUJ,Nb,eta1,"1,1,1,1,1,1,1,1,1,1,1",atom,12,False,False,False,False,False,False,12,12,True,True,True,True,True,True,True,True,True,True,True,True,True,,,low
JOXHOT,W,eta1,"1,1",atom,7,False,False,False,False,False,False,7,7,True,True,True,True,True,True,True,True,True,True,True,True,True,,,low
FUVHAF,Re,eta1,1,atom,5,False,False,False,False,False,False,5,5,True,True,True,True,True,True,True,True,True,True,True,True,True,,,low
QOZTEF,Rh,eta1,"1,1,1,1",atom,6,False,False,False,False,False,False,6,6,True,True,True,True,True,True,True,True,True,True,True,True,True,,,low
HIDTIX,Mn,eta1,"1,1,1,1,1",atom,8,False,False,False,False,False,False,8,8,True,True,True,True,True,True,True,True,True,True,True,True,True,,,low
QOKBEX,Fe,eta1,"1,1,1,1,1",atom,8,False,False,False,False,False,False,8,8,True,True,True,True,True,True,True,True,True,True,True,True,True,,,low
LIVCUS,Rh,eta1,"1,1,1,1",atom,10,False,False,False,False,False,False,10,10,True,True,True,True,True,True,True,True,True,True,True,True,True,,,low
QUPVAA,Fe,eta1,"1,1,1,1,1",atom,7,False,False,False,False,False,False,7,7,True,True,True,True,True,True,True,True,True,True,True,True,True,,,low
USECOL,Ru,eta1,"1,1,1,1,1,1",atom,9,False,False,False,False,False,False,9,9,True,True,True,True,True,True,True,True,True,True,True,True,True,,,low
ZOLPUN,Ru,eta1,"1,1,1,1,1,1",atom,9,False,False,False,False,False,False,9,9,True,True,True,True,True,True,True,True,True,True,True,True,True,,,low
FLPHCR,Cr,eta1,"1,1,1,1,1,1",atom,9,False,False,False,False,False,False,9,9,True,True,True,True,True,True,True,True,True,True,True,True,True,,,low
XESWUP,Mo,eta1,"1,1,1,1,1,1,1,1",atom,10,False,False,False,False,False,False,10,10,True,True,True,True,True,True,True,True,True,True,True,True,True,,,low
IDABEV,Ti,eta1,"1,1,1,1,1,1,1,1,1,1",atom,12,False,False,False,False,False,False,12,12,True,True,True,True,True,True,True,True,True,True,True,True,True,,,low
RAYWEX,Co,eta1,"1,1,1,1,1,1,1,1,1,1",atom,10,False,False,False,False,False,False,10,10,True,True,True,True,True,True,True,True,True,True,True,True,True,,,low
QIBKEU,Sc,eta1,"1,1,1,1,1,1,1,1,1,1,1",atom,12,False,False,False,False,False,False,12,12,True,True,True,True,True,True,True,True,True,True,True,True,True,,,low
XEBPAZ,Fe,eta1,"1,1,1,1,1,1,1,1,1,1",atom,10,False,False,False,False,False,False,10,10,True,True,True,True,True,True,True,True,True,True,True,True,True,,,low
CIYTUC,Ti,eta1,"1,1,1,1,1,1,1,1,1",atom,9,False,False,False,False,False,False,9,9,True,True,True,True,True,True,True,True,True,True,True,True,True,,,low
TIQKOW,Fe,eta1,"1,1,1,1,1,1,1,1,1,1",atom,10,False,False,False,False,False,False,10,10,True,True,True,True,True,True,True,True,True,True,True,True,True,,,low
YAYDEI,Zr,eta1,"1,1,1,1,1,1,1,1",atom,8,False,False,False,False,False,False,8,8,True,True,True,True,True,True,True,True,True,True,True,True,True,,,low
TEPYAQ,Ir,eta1,"1,1,1,1,1",atom,8,False,False,False,False,False,False,8,8,True,True,True,True,True,True,True,True,True,True,True,True,True,,,low
YUKWEJ,Ir,eta1,"1,1,1,1,1",atom,8,False,False,False,False,False,False,8,8,True,True,True,True,True,True,True,True,True,True,True,True,True,,,low
HOTFIJ,Pd,eta1,"1,1,1,1,1",atom,7,False,False,False,False,False,False,7,7,True,True,True,True,True,True,True,True,True,True,True,True,True,,,low
JARNEW01,Ti,eta1,"1,1,1,1,1",atom,9,False,False,False,False,False,False,9,9,True,True,True,True,True,True,True,True,True,True,True,True,True,,,low
LAFVAP,Ru,eta1,"1,1,1,1,1",atom,8,False,False,False,False,False,False,8,8,True,True,True,True,True,True,True,True,True,True,True,True,True,,,low
LETJUP,Ti,eta1,"1,1,1,1,1,1,1,1,1,1",atom,12,False,False,False,False,False,False,12,12,True,True,True,True,True,True,True,True,True,True,True,True,True,,,low
MIBZAC,Rh,eta1,"1,1,1,1",atom,6,False,False,False,False,False,False,6,6,True,True,True,True,True,True,True,True,True,True,True,True,True,,,low
GOHCIS,Ru,eta1,"1,1,1,1,1",atom,8,False,False,False,False,False,False,8,8,True,True,True,True,True,True,True,True,True,True,True,True,True,,,low
ESARUM,W,eta1,"1,1",atom,6,False,False,False,False,False,False,6,6,True,True,True,True,True,True,True,True,True,True,True,True,True,,,low
DOPRUW,Sc,eta1,"1,1,1,1,1",atom,8,False,False,False,False,False,False,8,8,True,True,True,True,True,True,True,True,True,True,True,True,True,,,low
HTPXFE,Fe,eta1,"1,1",atom,6,False,False,False,False,False,False,6,6,True,True,True,True,True,True,True,True,True,True,True,True,True,,,low
SIXMER,Zr,eta1,"1,1,1,1,1,1,1,1,1,1",atom,14,False,False,False,False,False,False,14,14,True,True,True,True,True,True,True,True,True,True,True,True,True,,,low
BIPTIG,Y,eta1,"1,1,1,1,1,1,1,1,1",atom,11,False,False,False,False,False,False,11,11,True,True,True,True,True,True,True,True,True,True,True,True,True,,,low
SAPNIJ,Ru,eta1,"1,1,1,1,1,1",atom,9,False,False,False,False,False,False,9,9,True,True,True,True,True,True,True,True,True,True,True,True,True,,,low
NOCQIF,Fe,eta1,"1,1,1,1,1",atom,8,False,False,False,False,False,False,8,8,True,True,True,True,True,True,True,True,True,True,True,True,True,,,low
FIBPEN,Ir,eta1,"1,1,1,1,1",atom,8,False,False,False,False,False,False,8,8,True,True,True,True,True,True,True,True,True,True,True,True,True,,,low
KUMFAA,Rh,eta1,"1,1,1,1,1",atom,8,False,False,False,False,False,False,8,8,True,True,True,True,True,True,True,True,True,True,True,True,True,,,low
WISTIB,Ru,eta1,"1,1,1,1,1,1",atom,11,False,False,False,False,False,False,11,11,True,True,True,True,True,True,True,True,True,True,True,True,True,,,low
PHETHB,Rh,eta1,"1,1,1,1,1,1",atom,8,False,False,False,False,False,False,8,8,True,True,True,True,True,True,True,True,True,True,True,True,True,,,low
MITQUB01,Mo,eta1,"1,1,1",atom,8,False,False,False,False,False,False,8,8,True,True,True,True,True,True,True,True,True,True,True,True,True,,,low
SEHBAJ,Co,eta1,"1,1",atom,5,False,False,False,False,False,False,5,5,True,True,True,True,True,True,True,True,True,True,True,True,True,,,low
XOCMAF,Ni,eta1,"1,1,1,1,1",atom,7,False,False,False,False,False,False,7,7,True,True,True,True,True,True,True,True,True,True,True,True,True,,,low
VAHBUF,Fe,eta1,"1,1,1,1,1,1,1,1,1,1",atom,10,False,False,False,False,False,False,10,10,True,True,True,True,True,True,True,True,True,True,True,True,True,,,low
JARDOV,Fe,eta1,"1,1,1,1,1,1,1,1,1,1",atom,10,False,False,False,False,False,False,10,10,True,True,True,True,True,True,True,True,True,True,True,True,True,,,low
JEVKAW01,Mo,eta1,"1,1,1,1,1,1",atom,9,False,False,False,False,False,False,9,9,True,True,True,True,True,True,True,True,True,True,True,True,True,,,low
FOQREI,Ru,eta1,"1,1,1,1,1,1,1,1",atom,9,False,False,False,False,False,False,9,9,True,True,True,True,True,True,True,True,True,True,True,True,True,,,low
GALYIB,Rh,eta1,"1,1,1",atom,6,False,False,False,False,False,False,6,6,True,True,True,True,True,True,True,True,True,True,True,True,True,,,low
FEVHOF,Re,eta1,"1,1,1,1,1",atom,8,False,False,False,False,False,False,8,8,True,True,True,True,True,True,True,True,True,True,True,True,True,,,low
QOTPUM,Ti,eta1,"1,1,1,1,1,1,1,1,1,1",atom,12,False,False,False,False,False,False,12,12,True,True,True,True,True,True,True,True,True,True,True,True,True,,,low
YAZJOA,Rh,eta1,"1,1,1,1,1,1,1,1,1",atom,9,False,False,False,False,False,False,9,9,True,True,True,True,True,True,True,True,True,True,True,True,True,,,low
HIFKAI,Ir,eta1,"1,1,1,1",atom,6,False,False,False,False,False,False,6,6,True,True,True,True,True,True,True,True,True,True,True,True,True,,,low
LEJFEM,Zr,eta1,"1,1,1,1,1",atom,9,False,False,False,False,False,False,9,9,True,True,True,True,True,True,True,True,True,True,True,True,True,,,low
MIFHAN,Rh,eta1,"1,1,1,1,1",atom,8,False,False,False,False,False,False,8,8,True,True,True,True,True,True,True,True,True,True,True,True,True,,,low
FESQON,Fe,eta1,"1,1,1,1,1,1,1,1,1,1",atom,10,False,False,False,False,False,False,10,10,True,True,True,True,True,True,True,True,True,True,True,True,True,,,low
CANHAA,W,eta1,"1,1,1,1,1,1,1",atom,10,False,False,False,False,False,False,10,10,True,True,True,True,True,True,True,True,True,True,True,True,True,,,low
WOTKOJ,Hf,eta1,"1,1,1,1,1",atom,10,False,False,False,False,False,False,10,10,True,True,True,True,True,True,True,True,True,True,True,True,True,,,low
OJEZIP,Fe,eta1,"1,1,1,1,1",atom,8,False,False,False,False,False,False,8,8,True,True,True,True,True,True,True,True,True,True,True,True,True,,,low
SUTBIU,Ru,eta1,"1,1,1,1,1",atom,9,False,False,False,False,False,False,9,9,True,True,True,True,True,True,True,True,True,True,True,True,True,,,low
CUHCAL,Rh,eta1,"1,1,1,1,1",atom,9,False,False,False,False,False,False,9,9,True,True,True,True,True,True,True,True,True,True,True,True,True,,,low
VOTZAI,Co,eta1,"1,1,1,1,1",atom,6,False,False,False,False,False,False,6,6,True,True,True,True,True,True,True,True,True,True,True,True,True,,,low
SEFBUC,Ru,eta1,"1,1,1,1,1,1,1,1,1,1",atom,10,False,False,False,False,False,False,10,10,True,True,True,True,True,True,True,True,True,True,True,True,True,,,low
SACFAH,Rh,eta1,"1,1",atom,5,False,False,False,False,False,False,5,5,True,True,True,True,True,True,True,True,True,True,True,True,True,,,low
INEPIB,Zr,eta1,"1,1,1,1,1",atom,12,False,False,False,False,False,False,12,12,True,True,True,True,True,True,True,True,True,True,True,True,True,,,low
HIGREU,Mn,eta1,"1,1,1,1,1",atom,8,False,False,False,False,False,False,8,8,True,True,True,True,True,True,True,True,True,True,True,True,True,,,low
DAFTUZ,Rh,eta1,"1,1,1",atom,5,False,False,False,False,False,False,5,5,True,True,True,True,True,True,True,True,True,True,True,True,True,,,low
TEQBAU,Ru,eta1,"1,1,1,1,1,1",atom,9,False,False,False,False,False,False,9,9,True,True,True,True,True,True,True,True,True,True,True,True,True,,,low
YASZOK,Fe,eta1,"1,1,1,1,1,1,1,1,1,1",atom,10,False,False,False,False,False,False,10,10,True,True,True,True,True,True,True,True,True,True,True,True,True,,,low
ROMSIZ,Y,eta1,"1,1,1,1,1",atom,9,False,False,False,False,False,False,9,9,True,True,True,True,True,True,True,True,True,True,True,True,True,,,low
PABZAV,Ru,eta1,"1,1,1,1,1",atom,8,False,False,False,False,False,False,8,8,True,True,True,True,True,True,True,True,True,True,True,True,True,,,low
DUGCUE,Fe,eta1,"1,1,1,1,1,1,1,1,1,1",atom,10,False,False,False,False,False,False,10,10,True,True,True,True,True,True,True,True,True,True,True,True,True,,,low
EJANAE,Cr,eta1,"1,1,1,1,1,1",atom,9,False,False,False,False,False,False,9,9,True,True,True,True,True,True,True,True,True,True,True,True,True,,,low
KEQQAA,Ti,eta1,"1,1,1,1,1",atom,8,False,False,False,False,False,False,8,8,True,True,True,True,True,True,True,True,True,True,True,True,True,,,low
GEHDUW,Fe,eta1,"1,1,1,1,1,1,1,1,1,1",atom,10,False,False,False,False,False,False,10,10,True,True,True,True,True,True,True,True,True,True,True,True,True,,,low
QIHGAP,Os,eta1,"1,1,1,1,1,1",atom,9,False,False,False,False,False,False,9,9,True,True,True,True,True,True,True,True,True,True,True,True,True,,,low
ULOTUL,Rh,eta1,"1,1,1,1",atom,6,False,False,False,False,False,False,6,6,True,True,True,True,True,True,True,True,True,True,True,True,True,,,low
BUNCOE,Ti,eta1,"1,1,1,1,1",atom,8,False,False,False,False,False,False,8,8,True,True,True,True,True,True,True,True,True,True,True,True,True,,,low
AFUYEG,Fe,eta1,"1,1,1,1,1,1,1,1,1,1",atom,10,False,False,False,False,False,False,10,10,True,True,True,True,True,True,True,True,True,True,True,True,True,,,low
BAPVIB,Mo,eta1,"1,1",atom,7,False,False,False,False,False,False,7,7,True,True,True,True,True,True,True,True,True,True,True,True,True,,,low
YAXVID,Ti,eta1,"1,1,1,1,1",atom,9,False,False,False,False,False,False,9,9,True,True,True,True,True,True,True,True,True,True,True,True,True,,,low
JETTIM,W,eta1,"1,1,1,1,1",atom,8,False,False,False,False,False,False,8,8,True,True,True,True,True,True,True,True,True,True,True,True,True,,,low
RUQRED,Fe,eta1,"1,1,1,1,1,1,1,1,1,1",atom,10,False,False,False,False,False,False,10,10,True,True,True,True,True,True,True,True,True,True,True,True,True,,,low
LILQED,Rh,eta1,"1,1,1,1,1",atom,8,False,False,False,False,False,False,8,8,True,True,True,True,True,True,True,True,True,True,True,True,True,,,low
GUDHIW,Cr,eta1,"1,1,1,1,1,1",atom,9,False,False,False,False,False,False,9,9,True,True,True,True,True,True,True,True,True,True,True,True,True,,,low
NIMJAW,Ir,eta1,"1,1,1,1,1",atom,8,False,False,False,False,False,False,8,8,True,True,True,True,True,True,True,True,True,True,True,True,True,,,low
YETBAA,Nb,eta1,"1,1,1,1,1",atom,11,False,False,False,False,False,False,11,11,True,True,True,True,True,True,True,True,True,True,True,True,True,,,low
VAYKUD,Ni,eta1,"1,1,1,1,1,1,1,1,1,1",atom,10,False,False,False,False,False,False,10,10,True,True,True,True,True,True,True,True,True,True,True,True,True,,,low
NOXCIM,Cr,eta1,"1,1,1,1,1,1",atom,9,False,False,False,False,False,False,9,9,True,True,True,True,True,True,True,True,True,True,True,True,True,,,low
JAKJEO,Rh,eta1,"1,1,1,1,1,1,1,1,1",atom,10,False,False,False,False,False,False,10,10,True,True,True,True,True,True,True,True,True,True,True,True,True,,,low
MUDBOC01,Ru,eta1,"1,1,1,1,1",atom,8,False,False,False,False,False,False,8,8,True,True,True,True,True,True,True,True,True,True,True,True,True,,,low
MAMZEJ,Fe,eta1,"1,1,1,1,1,1,1,1,1,1",atom,10,False,False,False,False,False,False,10,10,True,True,True,True,True,True,True,True,True,True,True,True,True,,,low
MALVUQ,Co,eta1,"1,1,1,1,1,1,1,1,1",atom,9,False,False,False,False,False,False,9,9,True,True,True,True,True,True,True,True,True,True,True,True,True,,,low
BIKRUL,Ru,eta1,"1,1,1,1,1,1",atom,9,False,False,False,False,False,False,9,9,True,True,True,True,True,True,True,True,True,True,True,True,True,,,low
NEHCAF,Ru,eta1,"1,1,1,1,1,1,1,1,1,1,1",atom,11,False,False,False,False,False,False,11,11,True,True,True,True,True,True,True,True,True,True,True,True,True,,,low
EKICUZ,Fe,eta1,"1,1,1,1,1,1,1,1,1,1",atom,10,False,False,False,False,False,False,10,10,True,True,True,True,True,True,True,True,True,True,True,True,True,,,low
ECUTUS,Ru,eta1,"1,1,1,1,1",atom,8,False,False,False,False,False,False,8,8,True,True,True,True,True,True,True,True,True,True,True,True,True,,,low
ATONUU,Ru,eta1,"1,1,1,1,1,1",atom,9,False,False,False,False,False,False,9,9,True,True,True,True,True,True,True,True,True,True,True,True,True,,,low
KUVTON,Co,eta1,"1,1,1,1,1",atom,8,False,False,False,False,False,False,8,8,True,True,True,True,True,True,True,True,True,True,True,True,True,,,low
GANPIV,Zr,eta1,"1,1,1,1,1,1,1,1,1,1",atom,12,False,False,False,False,False,False,12,12,True,True,True,True,True,True,True,True,True,True,True,True,True,,,low
QARZAO,Rh,eta1,"1,1,1,1,1",atom,8,False,False,False,False,False,False,8,8,True,True,True,True,True,True,True,True,True,True,True,True,True,,,low
BZASFE,Fe,eta1,"1,1",atom,6,False,False,False,False,False,False,6,6,True,True,True,True,True,True,True,True,True,True,True,True,True,,,low
POYDOW,Ti,eta1,"1,1,1,1,1,1,1,1,1,1",atom,12,False,False,False,False,False,False,12,12,True,True,True,True,True,True,True,True,True,True,True,True,True,,,low
WUKQUO,Ni,eta1,"1,1,1",atom,5,False,False,False,False,False,False,5,5,True,True,True,True,True,True,True,True,True,True,True,True,True,,,low
DIVZAN,La,eta1,"1,1,1,1,1,1,1,1,1,1",atom,11,False,False,False,False,False,False,11,11,True,True,True,True,True,True,True,True,True,True,True,True,True,,,low
PIQSEQ,Ru,eta1,"1,1,1,1,1,1,1,1",atom,10,False,False,False,False,False,False,10,10,True,True,True,True,True,True,True,True,True,True,True,True,True,,,low
XERHEL,La,eta1,"1,1,1,1,1,1,1,1,1,1,1,1,1,1,1",atom,16,False,False,False,False,False,False,16,16,True,True,True,True,True,True,True,True,True,True,True,True,True,,,low
CUJBOY,Fe,eta1,"1,1,1,1,1",atom,8,False,False,False,False,False,False,8,8,True,True,True,True,True,True,True,True,True,True,True,True,True,,,low
ZUKXIQ,Ru,eta1,"1,1,1,1,1,1",atom,9,False,False,False,False,False,False,9,9,True,True,True,True,True,True,True,True,True,True,True,True,True,,,low
ZADDAO,Ru,eta1,"1,1,1,1,1,1",atom,9,False,False,False,False,False,False,9,9,True,True,True,True,True,True,True,True,True,True,True,True,True,,,low
WULNEZ,Rh,eta1,"1,1,1,1,1,1",atom,8,False,False,False,False,False,False,8,8,True,True,True,True,True,True,True,True,True,True,True,True,True,,,low
GIYWOB,Fe,eta1,"1,1,1,1,1,1,1,1,1,1",atom,10,False,False,False,False,False,False,10,10,True,True,True,True,True,True,True,True,True,True,True,True,True,,,low
EJOBEO,Mo,eta1,"1,1,1,1",atom,7,False,False,False,False,False,False,7,7,True,True,True,True,True,True,True,True,True,True,True,True,True,,,low
LUSZAC,Fe,eta1,"1,1,1,1",atom,7,False,False,False,False,False,False,7,7,True,True,True,True,True,True,True,True,True,True,True,True,True,,,low
HUKXAM,Fe,eta1,"1,1,1,1,1,1,1,1,1,1",atom,10,False,False,False,False,False,False,10,10,True,True,True,True,True,True,True,True,True,True,True,True,True,,,low
KIDLUE,Ru,eta1,"1,1,1,1,1",atom,8,False,False,False,False,False,False,8,8,True,True,True,True,True,True,True,True,True,True,True,True,True,,,low
VIBFIX,Fe,eta1,"1,1,1,1,1,1,1,1,1,1",atom,10,False,False,False,False,False,False,10,10,True,True,True,True,True,True,True,True,True,True,True,True,True,,,low
CPMESW10,W,eta1,"1,1,1,1,1,1,1,1,1,1",atom,12,False,False,False,False,False,False,12,12,True,True,True,True,True,True,True,True,True,True,True,True,True,,,low
FUPBEX,Ti,eta1,"1,1,1,1,1,1,1,1,1,1",atom,12,False,False,False,False,False,False,12,12,True,True,True,True,True,True,True,True,True,True,True,True,True,,,low
ADITUC,Fe,eta1,"1,1,1,1,1,1,1,1,1,1",atom,10,False,False,False,False,False,False,10,10,True,True,True,True,True,True,True,True,True,True,True,True,True,,,low
GOQJOL,Co,eta1,"1,1,1,1,1,1,1,1,1",atom,9,False,False,False,False,False,False,9,9,True,True,True,True,True,True,True,True,True,True,True,True,True,,,low
NOVHOY,Ru,eta1,"1,1,1,1,1,1",atom,9,False,False,False,False,False,False,9,9,True,True,True,True,True,True,True,True,True,True,True,True,True,,,low
YUFSAX,Pd,eta1,"1,1,1",atom,5,False,False,False,False,False,False,5,5,True,True,True,True,True,True,True,True,True,True,True,True,True,,,low
KONTAI,Ta,eta1,"1,1,1,1,1,1",atom,9,False,False,False,False,False,False,9,9,True,True,True,True,True,True,True,True,True,True,True,True,True,,,low
IYUMIZ,Zr,eta1,"1,1,1,1,1,1,1,1,1,1",atom,12,False,False,False,False,False,False,12,12,True,True,True,True,True,True,True,True,True,True,True,True,True,,,low
CIFYEX,Fe,eta1,"1,1,1,1,1,1,1,1,1,1",atom,10,False,False,False,False,False,False,10,10,True,True,True,True,True,True,True,True,True,True,True,True,True,,,low
ZASKEJ,Mo,eta1,"1,1,1,1,1",atom,9,False,False,False,False,False,False,9,9,True,True,True,True,True,True,True,True,True,True,True,True,True,,,low
BOYREN,Pd,eta1,"1,1,1",atom,5,False,False,False,False,False,False,5,5,True,True,True,True,True,True,True,True,True,True,True,True,True,,,low
CUPSIT,Ru,eta1,"1,1,1,1,1",atom,8,False,False,False,False,False,False,8,8,True,True,True,True,True,True,True,True,True,True,True,True,True,,,low
EJAPIQ,Ir,eta1,"1,1,1,1",atom,6,False,False,False,False,False,False,6,6,True,True,True,True,True,True,True,True,True,True,True,True,True,,,low
DONJEW,Fe,eta1,"1,1,1,1,1,1,1,1,1,1",atom,10,False,False,False,False,False,False,10,10,True,True,True,True,True,True,True,True,True,True,True,True,True,,,low
ZALVAJ,Ru,eta1,"1,1,1,1,1,1,1,1",atom,9,False,False,False,False,False,False,9,9,True,True,True,True,True,True,True,True,True,True,True,True,True,,,low
UROPUN01,Ti,eta1,"1,1,1,1,1",atom,9,False,False,False,False,False,False,9,9,True,True,True,True,True,True,True,True,True,True,True,True,True,,,low
JECPIR,Fe,eta1,"1,1,1,1,1,1,1,1,1,1",atom,10,False,False,False,False,False,False,10,10,True,True,True,True,True,True,True,True,True,True,True,True,True,,,low
NUWVOQ,Ru,eta1,"1,1,1,1,1",atom,8,False,False,False,False,False,False,8,8,True,True,True,True,True,True,True,True,True,True,True,True,True,,,low
QASNOP,Ir,eta1,"1,1,1,1,1",atom,8,False,False,False,False,False,False,8,8,True,True,True,True,True,True,True,True,True,True,True,True,True,,,low
BAGDUJ,Mo,eta1,"1,1,1,1,1,1,1,1,1,1",atom,12,False,False,False,False,False,False,12,12,True,True,True,True,True,True,True,True,True,True,True,True,True,,,low
WAYCOO,Re,eta1,"1,1,1,1,1,1",atom,7,False,False,False,False,False,False,7,7,True,True,True,True,True,True,True,True,True,True,True,True,True,,,low
WILCAY,Ir,eta1,"1,1",atom,7,False,False,False,False,False,False,7,7,True,True,True,True,True,True,True,True,True,True,True,True,True,,,low
CEXXAF,Hf,eta1,"1,1,1,1,1,1,1,1,1,1",atom,12,False,False,False,False,False,False,12,12,True,True,True,True,True,True,True,True,True,True,True,True,True,,,low
RIYJUG,Ni,eta1,"1,1",atom,4,False,False,False,False,False,False,4,4,True,True,True,True,True,True,True,True,True,True,True,True,True,,,low
RURMUN,Fe,eta1,"1,1,1,1,1,1,1,1,1,1",atom,10,False,False,False,False,False,False,10,10,True,True,True,True,True,True,True,True,True,True,True,True,True,,,low
QOFVIQ,Cr,eta1,"1,1,1,1,1",atom,8,False,False,False,False,False,False,8,8,True,True,True,True,True,True,True,True,True,True,True,True,True,,,low
FONJOH,Ru,eta1,"1,1,1,1,1,1,1,1,1",atom,10,False,False,False,False,False,False,10,10,True,True,True,True,True,True,True,True,True,True,True,True,True,,,low
FEMLES,Pd,eta1,"1,1,1",atom,5,False,False,False,False,False,False,5,5,True,True,True,True,True,True,True,True,True,True,True,True,True,,,low
WORHIW,Ir,eta1,"1,1,1,1",atom,6,False,False,False,False,False,False,6,6,True,True,True,True,True,True,True,True,True,True,True,True,True,,,low
SOFWES,La,eta1,"1,1",atom,9,False,False,False,False,False,False,9,9,True,True,True,True,True,True,True,True,True,True,True,True,True,,,low
IFAPOX,Mo,eta1,"1,1,1,1,1,1",atom,9,False,False,False,False,False,False,9,9,True,True,True,True,True,True,True,True,True,True,True,True,True,,,low
HOSZIY,Rh,eta1,"1,1",atom,5,False,False,False,False,False,False,5,5,True,True,True,True,True,True,True,True,True,True,True,True,True,,,low
OGIDAK,Mo,eta1,"1,1,1,1,1,1,1",atom,9,False,False,False,False,False,False,9,9,True,True,True,True,True,True,True,True,True,True,True,True,True,,,low
BISKUM,Ir,eta1,"1,1,1,1,1",atom,8,False,False,False,False,False,False,8,8,True,True,True,True,True,True,True,True,True,True,True,True,True,,,low
AMALIJ,Ni,eta1,"1,1,1,1,1",atom,7,False,False,False,False,False,False,7,7,True,True,True,True,True,True,True,True,True,True,True,True,True,,,low
OZUSAE,Mn,eta1,"1,1,1,1,1",atom,8,False,False,False,False,False,False,8,8,True,True,True,True,True,True,True,True,True,True,True,True,True,,,low
MATXOU,Zr,eta1,"1,1,1,1,1",atom,8,False,False,False,False,False,False,8,8,True,True,True,True,True,True,True,True,True,True,True,True,True,,,low
YIQDIP,Ru,eta1,"1,1,1,1,1,1,1,1,1,1,1",atom,11,False,False,False,False,False,False,11,11,True,True,True,True,True,True,True,True,True,True,True,True,True,,,low
IFAYUK,Ir,eta1,"1,1,1,1",atom,6,False,False,False,False,False,False,6,6,True,True,True,True,True,True,True,True,True,True,True,True,True,,,low
XAWLIQ,W,eta1,"1,1,1,1,1",atom,9,False,False,False,False,False,False,9,9,True,True,True,True,True,True,True,True,True,True,True,True,True,,,low
VOFQEM,Ru,eta1,"1,1,1,1,1,1,1,1,1,1",atom,11,False,False,False,False,False,False,11,11,True,True,True,True,True,True,True,True,True,True,True,True,True,,,low
KUQNIV,Fe,eta1,"1,1",atom,5,False,False,False,False,False,False,5,5,True,True,True,True,True,True,True,True,True,True,True,True,True,,,low
LOPNIP,Fe,eta1,"1,1,1,1,1,1,1,1,1,1",atom,10,False,False,False,False,False,False,10,10,True,True,True,True,True,True,True,True,True,True,True,True,True,,,low
ACUSOH,Mo,eta1,"1,1,1",atom,8,False,False,False,False,False,False,8,8,True,True,True,True,True,True,True,True,True,True,True,True,True,,,low
HAZKIE,Ru,eta1,"1,1,1,1,1,1",atom,9,False,False,False,False,False,False,9,9,True,True,True,True,True,True,True,True,True,True,True,True,True,,,low
BUXFOP10,Mo,eta1,"1,1",atom,7,False,False,False,False,False,False,7,7,True,True,True,True,True,True,True,True,True,True,True,True,True,,,low
TOHSAK,Ir,eta1,"1,1",atom,6,False,False,False,False,False,False,6,6,True,True,True,True,True,True,True,True,True,True,True,True,True,,,low
EZIJAY,Zr,eta1,"1,1,1,1,1,1,1,1,1,1",atom,12,False,False,False,False,False,False,12,12,True,True,True,True,True,True,True,True,True,True,True,True,True,,,low
FEROCE06,Fe,eta1,"1,1,1,1,1,1,1,1,1,1",atom,10,False,False,False,False,False,False,10,10,True,True,True,True,True,True,True,True,True,True,True,True,True,,,low
CUZQOH,Cr,eta1,"1,1,1,1,1,1",atom,9,False,False,False,False,False,False,9,9,True,True,True,True,True,True,True,True,True,True,True,True,True,,,low
KIFQIB,Co,eta1,"1,1,1,1,1,1,1,1,1,1",atom,10,False,False,False,False,False,False,10,10,True,True,True,True,True,True,True,True,True,True,True,True,True,,,low
QUQXOS,Fe,eta1,"1,1,1,1,1,1,1,1,1,1",atom,10,False,False,False,False,False,False,10,10,True,True,True,True,True,True,True,True,True,True,True,True,True,,,low
VAWRUG,Ti,eta1,"1,1,1,1,1",atom,8,False,False,False,False,False,False,8,8,True,True,True,True,True,True,True,True,True,True,True,True,True,,,low
QECNUH,Ir,eta1,"1,1,1,1,1",atom,9,False,False,False,False,False,False,9,9,True,True,True,True,True,True,True,True,True,True,True,True,True,,,low
YAYZIH,Fe,eta1,"1,1,1,1,1,1,1,1,1,1",atom,10,False,False,False,False,False,False,10,10,True,True,True,True,True,True,True,True,True,True,True,True,True,,,low
PANFUF,Co,eta1,"1,1,1,1,1,1,1,1,1,1",atom,10,False,False,False,False,False,False,10,10,True,True,True,True,True,True,True,True,True,True,True,True,True,,,low
OLOQUC,Rh,eta1,"1,1,1,1,1",atom,8,False,False,False,False,False,False,8,8,True,True,True,True,True,True,True,True,True,True,True,True,True,,,low
FOJFOB,Ru,eta1,"1,1,1,1,1,1",atom,9,False,False,False,False,False,False,9,9,True,True,True,True,True,True,True,True,True,True,True,True,True,,,low
EQOKUT,Ru,eta1,"1,1,1,1,1",atom,8,False,False,False,False,False,False,8,8,True,True,True,True,True,True,True,True,True,True,True,True,True,,,low
ADENAZ,Ru,eta1,"1,1,1,1,1",atom,8,False,False,False,False,False,False,8,8,True,True,True,True,True,True,True,True,True,True,True,True,True,,,low
ZEHWEO,Zr,eta1,"1,1,1,1,1,1,1,1,1,1",atom,12,False,False,False,False,False,False,12,12,True,True,True,True,True,True,True,True,True,True,True,True,True,,,low
PUQWEH,Co,eta1,"1,1,1,1,1",atom,7,False,False,False,False,False,False,7,7,True,True,True,True,True,True,True,True,True,True,True,True,True,,,low
CELQAM,W,eta1,"1,1",atom,7,False,False,False,False,False,False,7,7,True,True,True,True,True,True,True,True,True,True,True,True,True,,,low
XIBQAA,Zr,eta1,"1,1,1,1,1,1,1,1,1,1",atom,12,False,False,False,False,False,False,12,12,True,True,True,True,True,True,True,True,True,True,True,True,True,,,low
JENGAL,Ru,eta1,"1,1,1,1,1,1,1,1,1,1",atom,10,False,False,False,False,False,False,10,10,True,True,True,True,True,True,True,True,True,True,True,True,True,,,low
MORZAX,Fe,eta1,"1,1,1,1,1,1,1,1,1,1",atom,10,False,False,False,False,False,False,10,10,True,True,True,True,True,True,True,True,True,True,True,True,True,,,low
VAJCOY,Ti,eta1,"1,1,1,1,1,1,1,1,1,1",atom,12,False,False,False,False,False,False,12,12,True,True,True,True,True,True,True,True,True,True,True,True,True,,,low
KAZPEI,Ir,eta1,"1,1,1,1,1",atom,8,False,False,False,False,False,False,8,8,True,True,True,True,True,True,True,True,True,True,True,True,True,,,low
YOBPAG,Rh,eta1,"1,1,1,1,1,1,1,1,1,1,1",atom,11,False,False,False,False,False,False,11,11,True,True,True,True,True,True,True,True,True,True,True,True,True,,,low
WALPOO,Cr,eta1,"1,1,1,1,1",atom,8,False,False,False,False,False,False,8,8,True,True,True,True,True,True,True,True,True,True,True,True,True,,,low
DMHERU,Ru,eta1,"1,1,1,1",atom,8,False,False,False,False,False,False,8,8,True,True,True,True,True,True,True,True,True,True,True,True,True,,,low
TISGOU,Hf,eta1,"1,1,1,1,1,1,1,1,1,1",atom,12,False,False,False,False,False,False,12,12,True,True,True,True,True,True,True,True,True,True,True,True,True,,,low
EREYUV,W,eta1,"1,1",atom,7,False,False,False,False,False,False,7,7,True,True,True,True,True,True,True,True,True,True,True,True,True,,,low
VOVDAP,Co,eta1,"1,1,1,1,1,1,1,1,1,1,1,1",atom,12,False,False,False,False,False,False,12,12,True,True,True,True,True,True,True,True,True,True,True,True,True,,,low
JOHNIE,Ti,eta1,"1,1,1,1,1,1,1,1,1,1",atom,12,False,False,False,False,False,False,12,12,True,True,True,True,True,True,True,True,True,True,True,True,True,,,low
YIBKOK,Ir,eta1,"1,1,1,1",atom,6,False,False,False,False,False,False,6,6,True,True,True,True,True,True,True,True,True,True,True,True,True,,,low
PUCFOM,Fe,eta1,"1,1,1,1,1,1,1,1,1,1",atom,10,False,False,False,False,False,False,10,10,True,True,True,True,True,True,True,True,True,True,True,True,True,,,low
NAVGUM,Mo,eta1,"1,1,1",atom,8,False,False,False,False,False,False,8,8,True,True,True,True,True,True,True,True,True,True,True,True,True,,,low
ABEXUA,Zr,eta1,"1,1,1,1,1,1,1,1,1,1",atom,12,False,False,False,False,False,False,12,12,True,True,True,True,True,True,True,True,True,True,True,True,True,,,low
HECZUL,W,eta1,"1,1,1",atom,8,False,False,False,False,False,False,8,8,True,True,True,True,True,True,True,True,True,True,True,True,True,,,low
JONDIZ,Ti,eta1,"1,1,1,1,1,1,1,1,1,1,1,1,1",atom,13,False,False,False,False,False,False,13,13,True,True,True,True,True,True,True,True,True,True,True,True,True,,,low
LIWXIY,Zr,eta1,"1,1,1,1,1,1,1,1,1,1",atom,13,False,False,False,False,False,False,13,13,True,True,True,True,True,True,True,True,True,True,True,True,True,,,low
SACZED,Zr,eta1,"1,1,1,1,1",atom,8,False,False,False,False,False,False,8,8,True,True,True,True,True,True,True,True,True,True,True,True,True,,,low
ACUZOQ,Pt,eta1,"1,1",atom,5,False,False,False,False,False,False,5,5,True,True,True,True,True,True,True,True,True,True,True,True,True,,,low
MOPXIY,Fe,eta1,"1,1,1,1,1",atom,8,False,False,False,False,False,False,8,8,True,True,True,True,True,True,True,True,True,True,True,True,True,,,low
IGIRIC,Re,eta1,"1,1,1,1,1",atom,8,False,False,False,False,False,False,8,8,True,True,True,True,True,True,True,True,True,True,True,True,True,,,low
TADSUO,Ru,eta1,"1,1,1,1,1,1",atom,9,False,False,False,False,False,False,9,9,True,True,True,True,True,True,True,True,True,True,True,True,True,,,low
YOZDOG,Mn,eta1,"1,1,1,1,1",atom,8,False,False,False,False,False,False,8,8,True,True,True,True,True,True,True,True,True,True,True,True,True,,,low
FACLOK,Ru,eta1,"1,1,1,1,1",atom,8,False,False,False,False,False,False,8,8,True,True,True,True,True,True,True,True,True,True,True,True,True,,,low
WOSNIB,Ru,eta1,"1,1,1,1,1,1",atom,9,False,False,False,False,False,False,9,9,True,True,True,True,True,True,True,True,True,True,True,True,True,,,low
DUVDOP,Ir,eta1,"1,1,1,1,1",atom,8,False,False,False,False,False,False,8,8,True,True,True,True,True,True,True,True,True,True,True,True,True,,,low
KEMXIK,Cu,eta1,"1,1",atom,4,False,False,False,False,False,False,4,4,True,True,True,True,True,True,True,True,True,True,True,True,True,,,low
XEVPEU,Ti,eta1,"1,1,1,1,1",atom,9,False,False,False,False,False,False,9,9,True,True,True,True,True,True,True,True,True,True,True,True,True,,,low
LAKLIT,Zr,eta1,"1,1,1,1,1,1,1,1,1,1,1,1",atom,14,False,False,False,False,False,False,14,14,True,True,True,True,True,True,True,True,True,True,True,True,True,,,low
NARDAM,Zr,eta1,"1,1,1,1,1,1,1,1,1,1",atom,12,False,False,False,False,False,False,12,12,True,True,True,True,True,True,True,True,True,True,True,True,True,,,low
IBELIO,Cr,eta1,"1,1,1,1,1",atom,8,False,False,False,False,False,False,8,8,True,True,True,True,True,True,True,True,True,True,True,True,True,,,low
FINPAW,Mn,eta1,"1,1,1,1,1",atom,8,False,False,False,False,False,False,8,8,True,True,True,True,True,True,True,True,True,True,True,True,True,,,low
GOBYAA,Pt,eta1,"1,1,1,1",atom,5,False,False,False,False,False,False,5,5,True,True,True,True,True,True,True,True,True,True,True,True,True,,,low
JITRAF,Fe,eta1,"1,1,1,1,1,1,1,1,1,1",atom,10,False,False,False,False,False,False,10,10,True,True,True,True,True,True,True,True,True,True,True,True,True,,,low
DAMBUR,Re,eta1,"1,1,1,1,1,1,1,1,1,1,1,1",atom,12,False,False,False,False,False,False,12,12,True,True,True,True,True,True,True,True,True,True,True,True,True,,,low
RAZHEG,Ir,eta1,"1,1,1,1,1",atom,8,False,False,False,False,False,False,8,8,True,True,True,True,True,True,True,True,True,True,True,True,True,,,low
XUSYOZ,Ta,eta1,"1,1,1,1,1",atom,10,False,False,False,False,False,False,10,10,True,True,True,True,True,True,True,True,True,True,True,True,True,,,low
SICTEH,Ir,eta1,"1,1,1,1,1",atom,8,False,False,False,False,False,False,8,8,True,True,True,True,True,True,True,True,True,True,True,True,True,,,low
INUNEK,Ru,eta1,"1,1,1,1,1,1",atom,9,False,False,False,False,False,False,9,9,True,True,True,True,True,True,True,True,True,True,True,True,True,,,low
UMINEM,Ni,eta1,"1,1,1,1",atom,5,False,False,False,False,False,False,5,5,True,True,True,True,True,True,True,True,True,True,True,True,True,,,low
HEWHOG,Fe,eta1,"1,1,1,1,1,1,1,1,1,1",atom,10,False,False,False,False,False,False,10,10,True,True,True,True,True,True,True,True,True,True,True,True,True,,,low
KINXOY,Re,eta1,"1,1",atom,7,False,False,False,False,False,False,7,7,True,True,True,True,True,True,True,True,True,True,True,True,True,,,low
BUCBUX,Cu,eta1,"1,1,1,1,1,1",atom,7,False,False,False,False,False,False,7,7,True,True,True,True,True,True,True,True,True,True,True,True,True,,,low
PEJLEV,Fe,eta1,"1,1,1,1",atom,7,False,False,False,False,False,False,7,7,True,True,True,True,True,True,True,True,True,True,True,True,True,,,low
CEQWOM,Zr,eta1,"1,1,1,1,1,1,1,1,1,1",atom,12,False,False,False,False,False,False,12,12,True,True,True,True,True,True,True,True,True,True,True,True,True,,,low
EFOLAQ,Co,eta1,"1,1,1,1",atom,6,False,False,False,False,False,False,6,6,True,True,True,True,True,True,True,True,True,True,True,True,True,,,low
SONTAT,Fe,eta1,"1,1,1,1,1,1",atom,8,False,False,False,False,False,False,8,8,True,True,True,True,True,True,True,True,True,True,True,True,True,,,low
PEHZEK,Ru,eta1,"1,1,1,1,1,1,1,1,1,1,1",atom,11,False,False,False,False,False,False,11,11,True,True,True,True,True,True,True,True,True,True,True,True,True,,,low
QUJYAY,Mo,eta1,"1,1",atom,7,False,False,False,False,False,False,7,7,True,True,True,True,True,True,True,True,True,True,True,True,True,,,low
AVUVIX,Re,eta1,"1,1",atom,7,False,False,False,False,False,False,7,7,True,True,True,True,True,True,True,True,True,True,True,True,True,,,low
HINPEZ,Re,eta1,"1,1",atom,6,False,False,False,False,False,False,6,6,True,True,True,True,True,True,True,True,True,True,True,True,True,,,low
FOVHIL,Ti,eta1,"1,1,1,1,1,1,1,1,1,1",atom,12,False,False,False,False,False,False,12,12,True,True,True,True,True,True,True,True,True,True,True,True,True,,,low
UGOGAZ,Pd,eta1,"1,1",atom,5,False,False,False,False,False,False,5,5,True,True,True,True,True,True,True,True,True,True,True,True,True,,,low
WACCAF,Fe,eta1,"1,1,1,1,1,1,1,1,1,1",atom,10,False,False,False,False,False,False,10,10,True,True,True,True,True,True,True,True,True,True,True,True,True,,,low
BEVQIF,Ir,eta1,"1,1,1,1,1",atom,8,False,False,False,False,False,False,8,8,True,True,True,True,True,True,True,True,True,True,True,True,True,,,low
FEVFER,Ni,eta1,"1,1,1,1",atom,6,False,False,False,False,False,False,6,6,True,True,True,True,True,True,True,True,True,True,True,True,True,,,low
JOFXOS,Rh,eta1,"1,1,1,1,1",atom,8,False,False,False,False,False,False,8,8,True,True,True,True,True,True,True,True,True,True,True,True,True,,,low
UYABUS,Hf,eta1,"1,1,1,1,1,1,1,1,1,1",atom,13,False,False,False,False,False,False,13,13,True,True,True,True,True,True,True,True,True,True,True,True,True,,,low
YAXREY,Mo,eta1,"1,1,1,1,1",atom,9,False,False,False,False,False,False,9,9,True,True,True,True,True,True,True,True,True,True,True,True,True,,,low
AJOCAH,Ru,eta1,"1,1,1,1,1,1",atom,9,False,False,False,False,False,False,9,9,True,True,True,True,True,True,True,True,True,True,True,True,True,,,low
GEDHIG,Ta,eta1,"1,1,1,1,1,1,1,1,1,1,1,1",atom,13,False,False,False,False,False,False,13,13,True,True,True,True,True,True,True,True,True,True,True,True,True,,,low
MCFETC03,Fe,eta1,"1,1,1,1,1,1,1,1,1,1",atom,10,False,False,False,False,False,False,10,10,True,True,True,True,True,True,True,True,True,True,True,True,True,,,low
HIYZOE,Rh,eta1,"1,1,1",atom,7,False,False,False,False,False,False,7,7,True,True,True,True,True,True,True,True,True,True,True,True,True,,,low
SAPCUJ,Ru,eta1,"1,1,1,1,1,1",atom,9,False,False,False,False,False,False,9,9,True,True,True,True,True,True,True,True,True,True,True,True,True,,,low
TIMCEX,Ru,eta1,"1,1,1,1,1",atom,8,False,False,False,False,False,False,8,8,True,True,True,True,True,True,True,True,True,True,True,True,True,,,low
FAYBAM,Ti,eta1,"1,1",atom,8,False,False,False,False,False,False,8,8,True,True,True,True,True,True,True,True,True,True,True,True,True,,,low
EKUHUN,Zr,eta1,"1,1,1,1,1,1,1,1,1,1",atom,12,False,False,False,False,False,False,12,12,True,True,True,True,True,True,True,True,True,True,True,True,True,,,low
WOFZUM,Rh,eta1,"1,1,1,1,1",atom,8,False,False,False,False,False,False,8,8,True,True,True,True,True,True,True,True,True,True,True,True,True,,,low
PILFUP,Fe,eta1,"1,1,1,1,1,1,1,1,1,1",atom,10,False,False,False,False,False,False,10,10,True,True,True,True,True,True,True,True,True,True,True,True,True,,,low
PIYVEY,W,eta1,"1,1,1,1,1",atom,8,False,False,False,False,False,False,8,8,True,True,True,True,True,True,True,True,True,True,True,True,True,,,low
CORQIJ,Ru,eta1,"1,1,1,1,1",atom,8,False,False,False,False,False,False,8,8,True,True,True,True,True,True,True,True,True,True,True,True,True,,,low
QIGQII,Ru,eta1,"1,1,1,1,1,1",atom,9,False,False,False,False,False,False,9,9,True,True,True,True,True,True,True,True,True,True,True,True,True,,,low
NURRAX,W,eta1,"1,1,1,1,1",atom,9,False,False,False,False,False,False,9,9,True,True,True,True,True,True,True,True,True,True,True,True,True,,,low
NCKLCN32,Ni,eta1,"1,1,1,1,1,1,1,1,1,1",atom,10,False,False,False,False,False,False,10,10,True,True,True,True,True,True,True,True,True,True,True,True,True,,,low
CPCSMN01,Mn,eta1,"1,1,1,1,1",atom,8,False,False,False,False,False,False,8,8,True,True,True,True,True,True,True,True,True,True,True,True,True,,,low
FIJMET,Fe,eta1,"1,1,1,1,1",atom,8,False,False,False,False,False,False,8,8,True,True,True,True,True,True,True,True,True,True,True,True,True,,,low
QAWSOZ,Fe,eta1,"1,1,1,1,1",atom,8,False,False,False,False,False,False,8,8,True,True,True,True,True,True,True,True,True,True,True,True,True,,,low
PEGQEB,Nb,eta1,"1,1,1,1,1,1,1,1,1,1",atom,12,False,False,False,False,False,False,12,12,True,True,True,True,True,True,True,True,True,True,True,True,True,,,low
HISKAV,Ta,eta1,"1,1,1,1,1,1,1",atom,11,False,False,False,False,False,False,11,11,True,True,True,True,True,True,True,True,True,True,True,True,True,,,low
KIKNOJ,Co,eta1,"1,1,1,1,1",atom,8,False,False,False,False,False,False,8,8,True,True,True,True,True,True,True,True,True,True,True,True,True,,,low
SIHHIC,Ru,eta1,"1,1,1,1,1,1,1",atom,9,False,False,False,False,False,False,9,9,True,True,True,True,True,True,True,True,True,True,True,True,True,,,low
YONFEN,Fe,eta1,"1,1,1,1,1,1,1,1,1,1",atom,10,False,False,False,False,False,False,10,10,True,True,True,True,True,True,True,True,True,True,True,True,True,,,low
LELYOS,Ta,eta1,"1,1,1,1,1",atom,9,False,False,False,False,False,False,9,9,True,True,True,True,True,True,True,True,True,True,True,True,True,,,low
HOHGUK,Fe,eta1,"1,1,1,1,1,1,1,1,1,1",atom,10,False,False,False,False,False,False,10,10,True,True,True,True,True,True,True,True,True,True,True,True,True,,,low
RIZJER,Zr,eta1,"1,1,1,1,1,1,1,1,1,1",atom,12,False,False,False,False,False,False,12,12,True,True,True,True,True,True,True,True,True,True,True,True,True,,,low
ILORAD,Y,eta1,"1,1,1,1,1,1,1,1,1,1",atom,12,False,False,False,False,False,False,12,12,True,True,True,True,True,True,True,True,True,True,True,True,True,,,low
NESBOC,Mo,eta1,"1,1,1,1,1",atom,8,False,False,False,False,False,False,8,8,True,True,True,True,True,True,True,True,True,True,True,True,True,,,low
UGIFEV,Zr,eta1,"1,1,1,1,1,1,1,1,1,1",atom,12,False,False,False,False,False,False,12,12,True,True,True,True,True,True,True,True,True,True,True,True,True,,,low
OKAPEX,Mo,eta1,"1,1,1,1",atom,7,False,False,False,False,False,False,7,7,True,True,True,True,True,True,True,True,True,True,True,True,True,,,low
ZADDUG,Pt,eta1,"1,1",atom,5,False,False,False,False,False,False,5,5,True,True,True,True,True,True,True,True,True,True,True,True,True,,,low
FOJMIB,Zr,eta1,"1,1,1,1,1,1,1,1,1,1",atom,12,False,False,False,False,False,False,12,12,True,True,True,True,True,True,True,True,True,True,True,True,True,,,low
BAFGEU,Nb,eta1,"1,1,1,1,1,1,1,1,1,1",atom,13,False,False,False,False,False,False,13,13,True,True,True,True,True,True,True,True,True,True,True,True,True,,,low
SIDJOE10,W,eta1,"1,1",atom,9,False,False,False,False,False,False,9,9,True,True,True,True,True,True,True,True,True,True,True,True,True,,,low
IYIMUZ,Zr,eta1,"1,1,1,1,1,1,1,1,1,1,1,1,1",atom,14,False,False,False,False,False,False,14,14,True,True,True,True,True,True,True,True,True,True,True,True,True,,,low
JEVDOD,Ru,eta1,"1,1,1,1,1,1",atom,12,False,False,False,False,False,False,12,12,True,True,True,True,True,True,True,True,True,True,True,True,True,,,low
TOFJIL,Ru,eta1,"1,1,1,1,1,1",atom,9,False,False,False,False,False,False,9,9,True,True,True,True,True,True,True,True,True,True,True,True,True,,,low
ACAXOU,Ir,eta1,"1,1,1,1,1",atom,8,False,False,False,False,False,False,8,8,True,True,True,True,True,True,True,True,True,True,True,True,True,,,low
IBUNIF,Pd,eta1,"1,1,1",atom,5,False,False,False,False,False,False,5,5,True,True,True,True,True,True,True,True,True,True,True,True,True,,,low
NEVVOZ,Cr,eta1,"1,1,1,1,1,1",atom,9,False,False,False,False,False,False,9,9,True,True,True,True,True,True,True,True,True,True,True,True,True,,,low
ZUKXOW,Ru,eta1,"1,1,1,1,1,1",atom,9,False,False,False,False,False,False,9,9,True,True,True,True,True,True,True,True,True,True,True,True,True,,,low
IWEMEE,Pd,eta1,"1,1,1",atom,5,False,False,False,False,False,False,5,5,True,True,True,True,True,True,True,True,True,True,True,True,True,,,low
VEGYIT,Ru,eta1,"1,1,1,1,1,1",atom,9,False,False,False,False,False,False,9,9,True,True,True,True,True,True,True,True,True,True,True,True,True,,,low
IBOMUJ,Ru,eta1,"1,1,1,1,1",atom,8,False,False,False,False,False,False,8,8,True,True,True,True,True,True,True,True,True,True,True,True,True,,,low
KEFTEX,Cr,eta1,"1,1,1,1,1,1",atom,9,False,False,False,False,False,False,9,9,True,True,True,True,True,True,True,True,True,True,True,True,True,,,low
QIDLAS,Rh,eta1,"1,1,1,1",atom,6,False,False,False,False,False,False,6,6,True,True,True,True,True,True,True,True,True,True,True,True,True,,,low
CIDQAJ,Rh,eta1,"1,1,1,1,1",atom,8,False,False,False,False,False,False,8,8,True,True,True,True,True,True,True,True,True,True,True,True,True,,,low
AHESIP,Fe,eta1,"1,1,1,1,1,1,1,1,1,1",atom,10,False,False,False,False,False,False,10,10,True,True,True,True,True,True,True,True,True,True,True,True,True,,,low
KUDKEA,Au,eta1,"1,1",atom,3,False,False,False,False,False,False,3,3,True,True,True,True,True,True,True,True,True,True,True,True,True,,,low
SOPVID,Ru,eta1,"1,1,1,1,1,1",atom,9,False,False,False,False,False,False,9,9,True,True,True,True,True,True,True,True,True,True,True,True,True,,,low
BAZHOZ,W,eta1,"1,1,1,1,1,1,1,1,1,1,1,1",atom,13,False,False,False,False,False,False,13,13,True,True,True,True,True,True,True,True,True,True,True,True,True,,,low
XUQXUG,Ru,eta1,"1,1,1,1,1,1",atom,9,False,False,False,False,False,False,9,9,True,True,True,True,True,True,True,True,True,True,True,True,True,,,low
TEBFEL,Ti,eta1,"1,1,1,1,1",atom,8,False,False,False,False,False,False,8,8,True,True,True,True,True,True,True,True,True,True,True,True,True,,,low
QIFXIM,Ru,eta1,"1,1,1,1,1",atom,8,False,False,False,False,False,False,8,8,True,True,True,True,True,True,True,True,True,True,True,True,True,,,low
IPAKOZ,Ru,eta1,"1,1,1,1,1,1",atom,9,False,False,False,False,False,False,9,9,True,True,True,True,True,True,True,True,True,True,True,True,True,,,low
TAGMIX02,Cu,eta1,"1,1,1,1",atom,6,False,False,False,False,False,False,6,6,True,True,True,True,True,True,True,True,True,True,True,True,True,,,low
KINPOM,Cr,eta1,"1,1,1,1,1,1,1,1,1,1,1",atom,11,False,False,False,False,False,False,11,11,True,True,True,True,True,True,True,True,True,True,True,True,True,,,low
XUZHAB,Ru,eta1,"1,1,1,1,1,1",atom,9,False,False,False,False,False,False,9,9,True,True,True,True,True,True,True,True,True,True,True,True,True,,,low
MUDHUS,Rh,eta1,"1,1,1,1,1,1,1,1,1",atom,9,False,False,False,False,False,False,9,9,True,True,True,True,True,True,True,True,True,True,True,True,True,,,low
SARZEU,Fe,eta1,"1,1,1,1,1,1,1,1,1,1",atom,10,False,False,False,False,False,False,10,10,True,True,True,True,True,True,True,True,True,True,True,True,True,,,low
RURCAI,Mo,eta1,"1,1,1",atom,8,False,False,False,False,False,False,8,8,True,True,True,True,True,True,True,True,True,True,True,True,True,,,low
NUXDIV,Pd,eta1,"1,1",atom,4,False,False,False,False,False,False,4,4,True,True,True,True,True,True,True,True,True,True,True,True,True,,,low
NEVROV,Cr,eta1,"1,1,1,1,1",atom,8,False,False,False,False,False,False,8,8,True,True,True,True,True,True,True,True,True,True,True,True,True,,,low
OZEXEX,Ru,eta1,"1,1,1,1,1",atom,7,False,False,False,False,False,False,7,7,True,True,True,True,True,True,True,True,True,True,True,True,True,,,low
JAQSOM,Mo,eta1,"1,1,1,1,1",atom,9,False,False,False,False,False,False,9,9,True,True,True,True,True,True,True,True,True,True,True,True,True,,,low
CATTUO,Fe,eta1,"1,1,1,1,1,1,1,1,1,1",atom,10,False,False,False,False,False,False,10,10,True,True,True,True,True,True,True,True,True,True,True,True,True,,,low
AMIQIX,Zn,eta1,"1,1,1",atom,5,False,False,False,False,False,False,5,5,True,True,True,True,True,True,True,True,True,True,True,True,True,,,low
PEWDII,W,eta1,"1,1",atom,7,False,False,False,False,False,False,7,7,True,True,True,True,True,True,True,True,True,True,True,True,True,,,low
IBAYOC,Ir,eta1,"1,1,1,1,1",atom,8,False,False,False,False,False,False,8,8,True,True,True,True,True,True,True,True,True,True,True,True,True,,,low
WANDIB,Ir,eta1,"1,1,1,1,1",atom,8,False,False,False,False,False,False,8,8,True,True,True,True,True,True,True,True,True,True,True,True,True,,,low
GOBLAM,Ti,eta1,"1,1,1,1,1",atom,8,False,False,False,False,False,False,8,8,True,True,True,True,True,True,True,True,True,True,True,True,True,,,low
BITRUR10,Ti,eta1,"1,1,1,1,1,1,1,1,1,1,1,1",atom,12,False,False,False,False,False,False,12,12,True,True,True,True,True,True,True,True,True,True,True,True,True,,,low
GAVROM,Ni,eta1,"1,1,1,1,1",atom,7,False,False,False,False,False,False,7,7,True,True,True,True,True,True,True,True,True,True,True,True,True,,,low
POCDIU,Ru,eta1,"1,1,1,1,1",atom,8,False,False,False,False,False,False,8,8,True,True,True,True,True,True,True,True,True,True,True,True,True,,,low
YUGPAS01,Fe,eta1,"1,1,1,1,1,1,1,1,1,1",atom,10,False,False,False,False,False,False,10,10,True,True,True,True,True,True,True,True,True,True,True,True,True,,,low
FEROCE28,Fe,eta1,"1,1,1,1,1,1,1,1,1,1",atom,10,False,False,False,False,False,False,10,10,True,True,True,True,True,True,True,True,True,True,True,True,True,,,low
LORGOP,W,eta1,"1,1",atom,7,False,False,False,False,False,False,7,7,True,True,True,True,True,True,True,True,True,True,True,True,True,,,low
NAFNUI,W,eta1,"1,1",atom,7,False,False,False,False,False,False,7,7,True,True,True,True,True,True,True,True,True,True,True,True,True,,,low
FIGNAM,V,eta1,"1,1,1,1,1,1,1,1,1,1",atom,12,False,False,False,False,False,False,12,12,True,True,True,True,True,True,True,True,True,True,True,True,True,,,low
CALTER,Ru,eta1,"1,1,1,1,1",atom,8,False,False,False,False,False,False,8,8,True,True,True,True,True,True,True,True,True,True,True,True,True,,,low
DEVZOU,Fe,eta1,"1,1,1,1,1,1,1,1,1,1",atom,10,False,False,False,False,False,False,10,10,True,True,True,True,True,True,True,True,True,True,True,True,True,,,low
IHEVAT,Pt,eta1,"1,1",atom,4,False,False,False,False,False,False,4,4,True,True,True,True,True,True,True,True,True,True,True,True,True,,,low
BUXPAM,Ru,eta1,"1,1,1,1,1,1",atom,9,False,False,False,False,False,False,9,9,True,True,True,True,True,True,True,True,True,True,True,True,True,,,low
XUCQAO,Pt,eta1,"1,1",atom,4,False,False,False,False,False,False,4,4,True,True,True,True,True,True,True,True,True,True,True,True,True,,,low
CAQXOI,Rh,eta1,"1,1,1,1,1",atom,10,False,False,False,False,False,False,10,10,True,True,True,True,True,True,True,True,True,True,True,True,True,,,low
ZANMOQ,Ta,eta1,"1,1,1,1,1",atom,8,False,False,False,False,False,False,8,8,True,True,True,True,True,True,True,True,True,True,True,True,True,,,low
IHEZOL,Ru,eta1,"1,1,1,1,1,1",atom,9,False,False,False,False,False,False,9,9,True,True,True,True,True,True,True,True,True,True,True,True,True,,,low
YAXTOH,Ti,eta1,"1,1,1,1,1",atom,9,False,False,False,False,False,False,9,9,True,True,True,True,True,True,True,True,True,True,True,True,True,,,low
UKOROB01,Co,eta1,"1,1,1,1,1,1,1,1,1,1",atom,10,False,False,False,False,False,False,10,10,True,True,True,True,True,True,True,True,True,True,True,True,True,,,low
OPEKUR,Ir,eta1,"1,1",atom,5,False,False,False,False,False,False,5,5,True,True,True,True,True,True,True,True,True,True,True,True,True,,,low
KADQEM,Ru,eta1,"1,1,1,1,1",atom,8,False,False,False,False,False,False,8,8,True,True,True,True,True,True,True,True,True,True,True,True,True,,,low
OPUPUL,Ni,eta1,"1,1,1,1,1",atom,7,False,False,False,False,False,False,7,7,True,True,True,True,True,True,True,True,True,True,True,True,True,,,low
DUSHUY,Fe,eta1,"1,1,1,1,1,1,1,1,1,1",atom,10,False,False,False,False,False,False,10,10,True,True,True,True,True,True,True,True,True,True,True,True,True,,,low
OBOJAS,Rh,eta1,"1,1,1,1",atom,6,False,False,False,False,False,False,6,6,True,True,True,True,True,True,True,True,True,True,True,True,True,,,low
EFEZIA,Y,eta1,"1,1,1,1,1",atom,9,False,False,False,False,False,False,9,9,True,True,True,True,True,True,True,True,True,True,True,True,True,,,low
YIMHUY,Ta,eta1,"1,1",atom,7,False,False,False,False,False,False,7,7,True,True,True,True,True,True,True,True,True,True,True,True,True,,,low
VEBTIJ,Ru,eta1,"1,1,1,1,1,1",atom,9,False,False,False,False,False,False,9,9,True,True,True,True,True,True,True,True,True,True,True,True,True,,,low
FUVWAU,Re,eta1,"1,1,1,1,1",atom,8,False,False,False,False,False,False,8,8,True,True,True,True,True,True,True,True,True,True,True,True,True,,,low
YOHRAO,Ti,eta1,"1,1,1,1,1,1,1,1,1,1",atom,12,False,False,False,False,False,False,12,12,True,True,True,True,True,True,True,True,True,True,True,True,True,,,low
OHAQIZ,Fe,eta1,"1,1,1,1,1,1,1,1,1,1",atom,10,False,False,False,False,False,False,10,10,True,True,True,True,True,True,True,True,True,True,True,True,True,,,low
YEWPUM,Hf,eta1,"1,1,1,1,1,1,1,1,1,1",atom,12,False,False,False,False,False,False,12,12,True,True,True,True,True,True,True,True,True,True,True,True,True,,,low
YEJSUC,Os,eta1,"1,1,1,1,1",atom,8,False,False,False,False,False,False,8,8,True,True,True,True,True,True,True,True,True,True,True,True,True,,,low
UGADEM,Fe,eta1,"1,1,1,1,1,1,1,1,1,1,1",atom,11,False,False,False,False,False,False,11,11,True,True,True,True,True,True,True,True,True,True,True,True,True,,,low
YECFOC,Ir,eta1,"1,1,1,1,1",atom,8,False,False,False,False,False,False,8,8,True,True,True,True,True,True,True,True,True,True,True,True,True,,,low
RIDHAN,Rh,eta1,"1,1,1,1",atom,7,False,False,False,False,False,False,7,7,True,True,True,True,True,True,True,True,True,True,True,True,True,,,low
HIKDUB,Pt,eta1,"1,1",atom,5,False,False,False,False,False,False,5,5,True,True,True,True,True,True,True,True,True,True,True,True,True,,,low
HAZJID,Fe,eta1,"1,1,1,1,1,1,1,1,1,1",atom,10,False,False,False,False,False,False,10,10,True,True,True,True,True,True,True,True,True,True,True,True,True,,,low
JUXZEJ,Fe,eta1,"1,1,1,1,1,1,1,1,1,1",atom,10,False,False,False,False,False,False,10,10,True,True,True,True,True,True,True,True,True,True,True,True,True,,,low
TIWLIV,Mo,eta1,"1,1,1,1,1,1,1",atom,10,False,False,False,False,False,False,10,10,True,True,True,True,True,True,True,True,True,True,True,True,True,,,low
WOSRAX,Ru,eta1,"1,1,1,1,1,1",atom,9,False,False,False,False,False,False,9,9,True,True,True,True,True,True,True,True,True,True,True,True,True,,,low
TUYZOC,Co,eta1,"1,1,1,1,1",atom,7,False,False,False,False,False,False,7,7,True,True,True,True,True,True,True,True,True,True,True,True,True,,,low
QOFGUP,Y,eta1,"1,1,1,1,1",atom,8,False,False,False,False,False,False,8,8,True,True,True,True,True,True,True,True,True,True,True,True,True,,,low
XOWFIC,Ir,eta1,"1,1,1,1,1",atom,7,False,False,False,False,False,False,7,7,True,True,True,True,True,True,True,True,True,True,True,True,True,,,low
AXIRIL,Ru,eta1,"1,1,1,1",atom,8,False,False,False,False,False,False,8,8,True,True,True,True,True,True,True,True,True,True,True,True,True,,,low
EYOVUM,Ir,eta1,1,atom,6,False,False,False,False,False,False,6,6,True,True,True,True,True,True,True,True,True,True,True,True,True,,,low
OHAQOF,Fe,eta1,"1,1,1,1,1,1,1,1,1,1",atom,10,False,False,False,False,False,False,10,10,True,True,True,True,True,True,True,True,True,True,True,True,True,,,low
KAFSAL,Fe,eta1,"1,1,1,1",atom,7,False,False,False,False,False,False,7,7,True,True,True,True,True,True,True,True,True,True,True,True,True,,,low
MAMGEP,Zr,eta1,"1,1,1,1,1,1,1,1,1,1",atom,12,False,False,False,False,False,False,12,12,True,True,True,True,True,True,True,True,True,True,True,True,True,,,low
GUCRON,Fe,eta1,"1,1,1,1,1,1,1,1,1,1",atom,10,False,False,False,False,False,False,10,10,True,True,True,True,True,True,True,True,True,True,True,True,True,,,low
EJINUJ,Zr,eta1,"1,1,1,1,1,1,1,1,1,1,1,1",atom,12,False,False,False,False,False,False,12,12,True,True,True,True,True,True,True,True,True,True,True,True,True,,,low
MACVAO,Ru,eta1,"1,1,1,1,1,1",atom,9,False,False,False,False,False,False,9,9,True,True,True,True,True,True,True,True,True,True,True,True,True,,,low
CMCHFE,Fe,eta1,"1,1,1,1,1",atom,8,False,False,False,False,False,False,8,8,True,True,True,True,True,True,True,True,True,True,True,True,True,,,low
PESVIS,Mo,eta1,"1,1,1,1,1",atom,9,False,False,False,False,False,False,9,9,True,True,True,True,True,True,True,True,True,True,True,True,True,,,low
CUKQIJ,Ru,eta1,"1,1,1,1,1",atom,8,False,False,False,False,False,False,8,8,True,True,True,True,True,True,True,True,True,True,True,True,True,,,low
VOSDAM,Ni,eta1,"1,1",atom,5,False,False,False,False,False,False,5,5,True,True,True,True,True,True,True,True,True,True,True,True,True,,,low
NACRAP,Fe,eta1,"1,1,1,1,1,1,1,1,1,1",atom,10,False,False,False,False,False,False,10,10,True,True,True,True,True,True,True,True,True,True,True,True,True,,,low
JEQLOJ,Ru,eta1,"1,1,1,1,1",atom,8,False,False,False,False,False,False,8,8,True,True,True,True,True,True,True,True,True,True,True,True,True,,,low
ZIWBIQ,Cr,eta1,"1,1,1,1,1,1",atom,9,False,False,False,False,False,False,9,9,True,True,True,True,True,True,True,True,True,True,True,True,True,,,low
YUKLOI,Ru,eta1,"1,1,1,1,1",atom,8,False,False,False,False,False,False,8,8,True,True,True,True,True,True,True,True,True,True,True,True,True,,,low
IBEKUZ,Cr,eta1,"1,1,1,1,1",atom,8,False,False,False,False,False,False,8,8,True,True,True,True,True,True,True,True,True,True,True,True,True,,,low
EHASOX,Rh,eta1,"1,1,1,1",atom,6,False,False,False,False,False,False,6,6,True,True,True,True,True,True,True,True,True,True,True,True,True,,,low
JETNIG,Ti,eta1,"1,1,1,1,1",atom,8,False,False,False,False,False,False,8,8,True,True,True,True,True,True,True,True,True,True,True,True,True,,,low
HIZHEG,V,eta1,"1,1,1,1,1,1,1,1,1,1",atom,12,False,False,False,False,False,False,12,12,True,True,True,True,True,True,True,True,True,True,True,True,True,,,low
FOJZOU,Cu,eta1,"1,1",atom,5,False,False,False,False,False,False,5,5,True,True,True,True,True,True,True,True,True,True,True,True,True,,,low
VIFNEE,Fe,eta1,"1,1,1,1,1,1,1,1,1,1",atom,10,False,False,False,False,False,False,10,10,True,True,True,True,True,True,True,True,True,True,True,True,True,,,low
GOKSEI,Ru,eta1,"1,1,1,1,1,1",atom,9,False,False,False,False,False,False,9,9,True,True,True,True,True,True,True,True,True,True,True,True,True,,,low
APOFUJ,Fe,eta1,"1,1,1,1,1,1,1,1,1,1",atom,10,False,False,False,False,False,False,10,10,True,True,True,True,True,True,True,True,True,True,True,True,True,,,low
ZOJCEG,W,eta1,"1,1,1,1,1,1,1,1",atom,10,False,False,False,False,False,False,10,10,True,True,True,True,True,True,True,True,True,True,True,True,True,,,low
HEMBAC,Re,eta1,"1,1,1,1,1,1,1",atom,9,False,False,False,False,False,False,9,9,True,True,True,True,True,True,True,True,True,True,True,True,True,,,low
GALHOU,Zr,eta1,"1,1,1,1,1,1,1,1,1,1",atom,12,False,False,False,False,False,False,12,12,True,True,True,True,True,True,True,True,True,True,True,True,True,,,low
WOXWUB,Zr,eta1,"1,1,1,1,1",atom,10,False,False,False,False,False,False,10,10,True,True,True,True,True,True,True,True,True,True,True,True,True,,,low
SUWSIM01,Ti,eta1,"1,1,1,1,1,1,1,1,1,1",atom,12,False,False,False,False,False,False,12,12,True,True,True,True,True,True,True,True,True,True,True,True,True,,,low
IZIPEN,Pd,eta1,"1,1,1",atom,5,False,False,False,False,False,False,5,5,True,True,True,True,True,True,True,True,True,True,True,True,True,,,low
DASXOL,Co,eta1,"1,1,1,1,1,1,1,1,1,1",atom,10,False,False,False,False,False,False,10,10,True,True,True,True,True,True,True,True,True,True,True,True,True,,,low
EKICAF,Fe,eta1,"1,1,1,1,1,1,1,1,1,1",atom,10,False,False,False,False,False,False,10,10,True,True,True,True,True,True,True,True,True,True,True,True,True,,,low
ITENAX,Ti,eta1,"1,1,1,1,1",atom,10,False,False,False,False,False,False,10,10,True,True,True,True,True,True,True,True,True,True,True,True,True,,,low
NONGUS,Ru,eta1,"1,1,1,1,1",atom,11,False,False,False,False,False,False,11,11,True,True,True,True,True,True,True,True,True,True,True,True,True,,,low
WIZDES,Fe,eta1,"1,1,1,1,1,1,1,1,1,1",atom,10,False,False,False,False,False,False,10,10,True,True,True,True,True,True,True,True,True,True,True,True,True,,,low
FUGFOE,Ru,eta1,"1,1,1,1,1,1,1,1,1,1,1",atom,11,False,False,False,False,False,False,11,11,True,True,True,True,True,True,True,True,True,True,True,True,True,,,low
KEYDOH,W,eta1,"1,1",atom,7,False,False,False,False,False,False,7,7,True,True,True,True,True,True,True,True,True,True,True,True,True,,,low
USIYEC,Ru,eta1,"1,1,1,1,1,1",atom,9,False,False,False,False,False,False,9,9,True,True,True,True,True,True,True,True,True,True,True,True,True,,,low
SIGDAQ,Ru,eta1,"1,1,1,1,1",atom,8,False,False,False,False,False,False,8,8,True,True,True,True,True,True,True,True,True,True,True,True,True,,,low
NISWIX,Ru,eta1,"1,1,1,1,1,1",atom,9,False,False,False,False,False,False,9,9,True,True,True,True,True,True,True,True,True,True,True,True,True,,,low
EGOGEN,Pd,eta1,"1,1,1",atom,5,False,False,False,False,False,False,5,5,True,True,True,True,True,True,True,True,True,True,True,True,True,,,low
REFCIS,Fe,eta1,"1,1,1,1,1",atom,8,False,False,False,False,False,False,8,8,True,True,True,True,True,True,True,True,True,True,True,True,True,,,low
FIYDEY,Fe,eta1,"1,1,1,1,1,1,1,1,1,1",atom,10,False,False,False,False,False,False,10,10,True,True,True,True,True,True,True,True,True,True,True,True,True,,,low
LEHKAN,Ir,eta1,"1,1,1",atom,7,False,False,False,False,False,False,7,7,True,True,True,True,True,True,True,True,True,True,True,True,True,,,low
DEWMIB10,Ni,eta1,"1,1,1,1,1,1",atom,6,False,False,False,False,False,False,6,6,True,True,True,True,True,True,True,True,True,True,True,True,True,,,low
INAYOM,Cr,eta1,"1,1,1,1,1",atom,8,False,False,False,False,False,False,8,8,True,True,True,True,True,True,True,True,True,True,True,True,True,,,low
XOSVAC,Ir,eta1,"1,1,1,1,1",atom,7,False,False,False,False,False,False,7,7,True,True,True,True,True,True,True,True,True,True,True,True,True,,,low
SUTTAF,W,eta1,"1,1",atom,7,False,False,False,False,False,False,7,7,True,True,True,True,True,True,True,True,True,True,True,True,True,,,low
BEJDOM,Ni,eta1,"1,1,1,1,1",atom,7,False,False,False,False,False,False,7,7,True,True,True,True,True,True,True,True,True,True,True,True,True,,,low
ROMQEP,Fe,eta1,"1,1,1,1,1,1,1,1,1,1,1",atom,11,False,False,False,False,False,False,11,11,True,True,True,True,True,True,True,True,True,True,True,True,True,,,low
VILGAA,Ni,eta1,"1,1",atom,4,False,False,False,False,False,False,4,4,True,True,True,True,True,True,True,True,True,True,True,True,True,,,low
GOCBEI,Ir,eta1,"1,1,1",atom,6,False,False,False,False,False,False,6,6,True,True,True,True,True,True,True,True,True,True,True,True,True,,,low
MAKTUR,Zr,eta1,"1,1,1,1,1",atom,8,False,False,False,False,False,False,8,8,True,True,True,True,True,True,True,True,True,True,True,True,True,,,low
EBUMEU,Fe,eta1,"1,1,1,1,1,1,1,1,1,1",atom,10,False,False,False,False,False,False,10,10,True,True,True,True,True,True,True,True,True,True,True,True,True,,,low
PUMNIU,Rh,eta1,"1,1",atom,5,False,False,False,False,False,False,5,5,True,True,True,True,True,True,True,True,True,True,True,True,True,,,low
ICEDOJ,Fe,eta1,"1,1,1,1,1,1,1,1,1,1",atom,10,False,False,False,False,False,False,10,10,True,True,True,True,True,True,True,True,True,True,True,True,True,,,low
OCOWOT,Ti,eta1,"1,1,1,1,1",atom,9,False,False,False,False,False,False,9,9,True,True,True,True,True,True,True,True,True,True,True,True,True,,,low
TIZZIL,Cu,eta1,"1,1",atom,4,False,False,False,False,False,False,4,4,True,True,True,True,True,True,True,True,True,True,True,True,True,,,low
LIGDUA,Ru,eta1,"1,1,1,1,1",atom,8,False,False,False,False,False,False,8,8,True,True,True,True,True,True,True,True,True,True,True,True,True,,,low
GOZSAS,Fe,eta1,"1,1,1,1,1,1,1,1,1,1",atom,10,False,False,False,False,False,False,10,10,True,True,True,True,True,True,True,True,True,True,True,True,True,,,low
BEBSEJ,Fe,eta1,"1,1,1,1,1,1,1,1,1,1",atom,10,False,False,False,False,False,False,10,10,True,True,True,True,True,True,True,True,True,True,True,True,True,,,low
YEZCUC,Ti,eta1,"1,1,1,1,1",atom,8,False,False,False,False,False,False,8,8,True,True,True,True,True,True,True,True,True,True,True,True,True,,,low
COPDCL10,Pd,eta1,"1,1,1,1",atom,6,False,False,False,False,False,False,6,6,True,True,True,True,True,True,True,True,True,True,True,True,True,,,low
XUNNOK,W,eta1,"1,1",atom,7,False,False,False,False,False,False,7,7,True,True,True,True,True,True,True,True,True,True,True,True,True,,,low
FEGGAB,Pt,eta1,"1,1,1,1",atom,6,False,False,False,False,False,False,6,6,True,True,True,True,True,True,True,True,True,True,True,True,True,,,low
CARFIM,Fe,eta1,"1,1,1,1,1,1,1,1,1,1",atom,10,False,False,False,False,False,False,10,10,True,True,True,True,True,True,True,True,True,True,True,True,True,,,low
RECHIS,Zr,eta1,"1,1,1,1,1,1,1,1,1,1,1,1",atom,13,False,False,False,False,False,False,13,13,True,True,True,True,True,True,True,True,True,True,True,True,True,,,low
JANDAE,Ru,eta1,"1,1,1,1,1",atom,8,False,False,False,False,False,False,8,8,True,True,True,True,True,True,True,True,True,True,True,True,True,,,low
GEKZEE,Ni,eta1,"1,1,1,1,1,1",atom,7,False,False,False,False,False,False,7,7,True,True,True,True,True,True,True,True,True,True,True,True,True,,,low
LAWTAE,Ni,eta1,"1,1,1,1,1,1,1",atom,7,False,False,False,False,False,False,7,7,True,True,True,True,True,True,True,True,True,True,True,True,True,,,low
IGUGAS,Nb,eta1,"1,1,1,1,1",atom,10,False,False,False,False,False,False,10,10,True,True,True,True,True,True,True,True,True,True,True,True,True,,,low
LUXTUU,Ni,eta1,"1,1,1,1,1,1",atom,7,False,False,False,False,False,False,7,7,True,True,True,True,True,True,True,True,True,True,True,True,True,,,low
ROJCUP,Rh,eta1,"1,1,1,1,1",atom,8,False,False,False,False,False,False,8,8,True,True,True,True,True,True,True,True,True,True,True,True,True,,,low
OXOTON,Fe,eta1,"1,1,1,1,1,1,1,1,1,1",atom,10,False,False,False,False,False,False,10,10,True,True,True,True,True,True,True,True,True,True,True,True,True,,,low
VIBXEJ01,Cr,eta1,"1,1,1,1,1",atom,8,False,False,False,False,False,False,8,8,True,True,True,True,True,True,True,True,True,True,True,True,True,,,low
HAWPEA,Ru,eta1,"1,1,1,1,1,1,1,1,1,1",atom,10,False,False,False,False,False,False,10,10,True,True,True,True,True,True,True,True,True,True,True,True,True,,,low
AKARIO,Mo,eta1,"1,1,1,1,1,1,1",atom,10,False,False,False,False,False,False,10,10,True,True,True,True,True,True,True,True,True,True,True,True,True,,,low
FAWHOA,Ru,eta1,"1,1,1,1,1",atom,8,False,False,False,False,False,False,8,8,True,True,True,True,True,True,True,True,True,True,True,True,True,,,low
ECOZAY,Pd,eta1,"1,1,1",atom,6,False,False,False,False,False,False,6,6,True,True,True,True,True,True,True,True,True,True,True,True,True,,,low
FACQIO,Mo,eta1,"1,1",atom,7,False,False,False,False,False,False,7,7,True,True,True,True,True,True,True,True,True,True,True,True,True,,,low
RAJNEY,Ir,eta1,"1,1,1,1,1",atom,8,False,False,False,False,False,False,8,8,True,True,True,True,True,True,True,True,True,True,True,True,True,,,low
SAMSII,Ta,eta1,"1,1,1,1,1",atom,9,False,False,False,False,False,False,9,9,True,True,True,True,True,True,True,True,True,True,True,True,True,,,low
SALQOL,Ir,eta1,"1,1,1,1,1,1,1,1,1",atom,9,False,False,False,False,False,False,9,9,True,True,True,True,True,True,True,True,True,True,True,True,True,,,low
TAKROP,W,eta1,"1,1,1,1,1",atom,8,False,False,False,False,False,False,8,8,True,True,True,True,True,True,True,True,True,True,True,True,True,,,low
FICKAD,Fe,eta1,"1,1,1,1,1,1,1,1,1,1",atom,10,False,False,False,False,False,False,10,10,True,True,True,True,True,True,True,True,True,True,True,True,True,,,low
WAVPER,Rh,eta1,"1,1,1,1",atom,6,False,False,False,False,False,False,6,6,True,True,True,True,True,True,True,True,True,True,True,True,True,,,low
CYCPRU29,Ru,eta1,"1,1,1,1,1,1,1,1,1,1",atom,10,False,False,False,False,False,False,10,10,True,True,True,True,True,True,True,True,True,True,True,True,True,,,low
CILDIK,Mn,eta1,"1,1,1",atom,7,False,False,False,False,False,False,7,7,True,True,True,True,True,True,True,True,True,True,True,True,True,,,low
RUNMAP01,Ru,eta1,"1,1,1,1,1,1",atom,9,False,False,False,False,False,False,9,9,True,True,True,True,True,True,True,True,True,True,True,True,True,,,low
RODQOU,Fe,eta1,"1,1,1,1,1,1,1,1,1,1",atom,10,False,False,False,False,False,False,10,10,True,True,True,True,True,True,True,True,True,True,True,True,True,,,low
CIZMUW,Co,eta1,"1,1,1,1,1,1,1,1",atom,8,False,False,False,False,False,False,8,8,True,True,True,True,True,True,True,True,True,True,True,True,True,,,low
NETCUN,Fe,eta1,"1,1,1,1,1,1,1,1,1,1",atom,10,False,False,False,False,False,False,10,10,True,True,True,True,True,True,True,True,True,True,True,True,True,,,low
NEZGAB,Ni,eta1,"1,1,1",atom,5,False,False,False,False,False,False,5,5,True,True,True,True,True,True,True,True,True,True,True,True,True,,,low
ILUPUA,Fe,eta1,"1,1,1,1,1,1,1,1,1,1",atom,10,False,False,False,False,False,False,10,10,True,True,True,True,True,True,True,True,True,True,True,True,True,,,low
DUCKAN,Fe,eta1,"1,1,1,1",atom,7,False,False,False,False,False,False,7,7,True,True,True,True,True,True,True,True,True,True,True,True,True,,,low
FOFSUS,Ti,eta1,"1,1,1,1,1,1,1,1,1,1",atom,12,False,False,False,False,False,False,12,12,True,True,True,True,True,True,True,True,True,True,True,True,True,,,low
YUVHAY,Ti,eta1,"1,1,1,1,1,1,1,1,1,1",atom,12,False,False,False,False,False,False,12,12,True,True,True,True,True,True,True,True,True,True,True,True,True,,,low
BEKXOG,Ta,eta1,"1,1,1,1,1",atom,10,False,False,False,False,False,False,10,10,True,True,True,True,True,True,True,True,True,True,True,True,True,,,low
QIDSIH,Ru,eta1,"1,1,1,1,1",atom,8,False,False,False,False,False,False,8,8,True,True,True,True,True,True,True,True,True,True,True,True,True,,,low
ZAGHIY,Pd,eta1,"1,1",atom,4,False,False,False,False,False,False,4,4,True,True,True,True,True,True,True,True,True,True,True,True,True,,,low
JUMGAB,Cr,eta1,"1,1,1,1,1",atom,8,False,False,False,False,False,False,8,8,True,True,True,True,True,True,True,True,True,True,True,True,True,,,low
HIVTUB,Ru,eta1,"1,1,1,1,1,1",atom,9,False,False,False,False,False,False,9,9,True,True,True,True,True,True,True,True,True,True,True,True,True,,,low
SUJGEJ,Co,eta1,"1,1,1,1,1",atom,8,False,False,False,False,False,False,8,8,True,True,True,True,True,True,True,True,True,True,True,True,True,,,low
WICJIF,Cu,eta1,"1,1",atom,4,False,False,False,False,False,False,4,4,True,True,True,True,True,True,True,True,True,True,True,True,True,,,low
SOXZOV,Cu,eta1,"1,1",atom,4,False,False,False,False,False,False,4,4,True,True,True,True,True,True,True,True,True,True,True,True,True,,,low
VAMVAG,Zr,eta1,"1,1,1,1,1,1,1,1,1,1",atom,13,False,False,False,False,False,False,13,13,True,True,True,True,True,True,True,True,True,True,True,True,True,,,low
BAHCIW,Mo,eta1,"1,1,1,1,1",atom,9,False,False,False,False,False,False,9,9,True,True,True,True,True,True,True,True,True,True,True,True,True,,,low
GEBPAI,Fe,eta1,"1,1,1,1,1,1,1,1,1,1",atom,10,False,False,False,False,False,False,10,10,True,True,True,True,True,True,True,True,True,True,True,True,True,,,low
DITQAZ,Re,eta1,"1,1,1,1,1,1",atom,8,False,False,False,False,False,False,8,8,True,True,True,True,True,True,True,True,True,True,True,True,True,,,low
OSOBOP,Fe,eta1,"1,1,1,1,1,1,1,1,1,1",atom,10,False,False,False,False,False,False,10,10,True,True,True,True,True,True,True,True,True,True,True,True,True,,,low
JAPSIG,Re,eta1,"1,1,1,1,1",atom,8,False,False,False,False,False,False,8,8,True,True,True,True,True,True,True,True,True,True,True,True,True,,,low
DEHZUL,Fe,eta1,"1,1,1,1,1,1,1,1,1,1",atom,10,False,False,False,False,False,False,10,10,True,True,True,True,True,True,True,True,True,True,True,True,True,,,low
TUKVOM,Ir,eta1,"1,1,1,1",atom,6,False,False,False,False,False,False,6,6,True,True,True,True,True,True,True,True,True,True,True,True,True,,,low
COPCOA,Mo,eta1,"1,1,1,1,1",atom,9,False,False,False,False,False,False,9,9,True,True,True,True,True,True,True,True,True,True,True,True,True,,,low
ALEYUM,Ru,eta1,"1,1,1,1,1,1,1",atom,9,False,False,False,False,False,False,9,9,True,True,True,True,True,True,True,True,True,True,True,True,True,,,low
TULJOZ,Fe,eta1,"1,1,1,1,1,1,1,1,1,1",atom,10,False,False,False,False,False,False,10,10,True,True,True,True,True,True,True,True,True,True,True,True,True,,,low
TATRUC,Pt,eta1,"1,1,1,1",atom,6,False,False,False,False,False,False,6,6,True,True,True,True,True,True,True,True,True,True,True,True,True,,,low
AKIRIW,Ir,eta1,"1,1,1,1,1",atom,8,False,False,False,False,False,False,8,8,True,True,True,True,True,True,True,True,True,True,True,True,True,,,low
NEJZIM,Ti,eta1,"1,1,1,1,1,1,1,1,1,1",atom,11,False,False,False,False,False,False,11,11,True,True,True,True,True,True,True,True,True,True,True,True,True,,,low
MUYJOJ,Fe,eta1,"1,1,1,1",atom,7,False,False,False,False,False,False,7,7,True,True,True,True,True,True,True,True,True,True,True,True,True,,,low
MORJUZ,Ir,eta1,"1,1,1,1,1",atom,8,False,False,False,False,False,False,8,8,True,True,True,True,True,True,True,True,True,True,True,True,True,,,low
IHAHOO,Ir,eta1,"1,1,1,1,1",atom,8,False,False,False,False,False,False,8,8,True,True,True,True,True,True,True,True,True,True,True,True,True,,,low
YUGDAG,Ru,eta1,"1,1,1,1,1",atom,8,False,False,False,False,False,False,8,8,True,True,True,True,True,True,True,True,True,True,True,True,True,,,low
VAPBAS,Fe,eta1,"1,1,1,1,1,1,1,1,1,1",atom,10,False,False,False,False,False,False,10,10,True,True,True,True,True,True,True,True,True,True,True,True,True,,,low
BOTTEJ,Mo,eta1,"1,1,1,1,1,1,1,1,1",atom,10,False,False,False,False,False,False,10,10,True,True,True,True,True,True,True,True,True,True,True,True,True,,,low
ZIRGIS,Fe,eta1,"1,1,1,1,1,1,1,1,1,1",atom,10,False,False,False,False,False,False,10,10,True,True,True,True,True,True,True,True,True,True,True,True,True,,,low
PELNAV,W,eta1,"1,1,1,1,1",atom,8,False,False,False,False,False,False,8,8,True,True,True,True,True,True,True,True,True,True,True,True,True,,,low
WUHRIB,Zr,eta1,"1,1,1,1,1,1,1,1,1,1",atom,12,False,False,False,False,False,False,12,12,True,True,True,True,True,True,True,True,True,True,True,True,True,,,low
CEGKOR,Fe,eta1,"1,1,1,1,1",atom,8,False,False,False,False,False,False,8,8,True,True,True,True,True,True,True,True,True,True,True,True,True,,,low
SEDGAK,Cr,eta1,"1,1,1,1,1,1,1,1,1,1,1,1",atom,12,False,False,False,False,False,False,12,12,True,True,True,True,True,True,True,True,True,True,True,True,True,,,low
RIKKIF,Cr,eta1,"1,1,1,1,1,1,1,1",atom,10,False,False,False,False,False,False,10,10,True,True,True,True,True,True,True,True,True,True,True,True,True,,,low
ASIKET,Fe,eta1,"1,1,1,1",atom,7,False,False,False,False,False,False,7,7,True,True,True,True,True,True,True,True,True,True,True,True,True,,,low
PEQFEY,Fe,eta1,"1,1,1,1,1",atom,8,False,False,False,False,False,False,8,8,True,True,True,True,True,True,True,True,True,True,True,True,True,,,low
RITWUM,Fe,eta1,"1,1,1,1,1,1,1,1,1,1",atom,10,False,False,False,False,False,False,10,10,True,True,True,True,True,True,True,True,True,True,True,True,True,,,low
POSXEB,Ru,eta1,"1,1,1,1,1",atom,8,False,False,False,False,False,False,8,8,True,True,True,True,True,True,True,True,True,True,True,True,True,,,low
ZIGXOE,Zr,eta1,"1,1",atom,7,False,False,False,False,False,False,7,7,True,True,True,True,True,True,True,True,True,True,True,True,True,,,low
MOQVOF,Y,eta1,"1,1,1,1,1,1,1,1,1,1",atom,11,False,False,False,False,False,False,11,11,True,True,True,True,True,True,True,True,True,True,True,True,True,,,low
DIVDOE,Fe,eta1,"1,1,1,1,1,1,1,1,1,1",atom,10,False,False,False,False,False,False,10,10,True,True,True,True,True,True,True,True,True,True,True,True,True,,,low
LILPEC,Ir,eta1,"1,1,1,1,1",atom,8,False,False,False,False,False,False,8,8,True,True,True,True,True,True,True,True,True,True,True,True,True,,,low
TAZYAU,Fe,eta1,"1,1,1,1,1,1,1,1,1,1",atom,10,False,False,False,False,False,False,10,10,True,True,True,True,True,True,True,True,True,True,True,True,True,,,low
TALKUM,Fe,eta1,"1,1,1,1,1",atom,8,False,False,False,False,False,False,8,8,True,True,True,True,True,True,True,True,True,True,True,True,True,,,low
JILKEX,Rh,eta1,"1,1,1,1",atom,7,False,False,False,False,False,False,7,7,True,True,True,True,True,True,True,True,True,True,True,True,True,,,low
RIDQEC,Re,eta1,"1,1,1,1,1",atom,8,False,False,False,False,False,False,8,8,True,True,True,True,True,True,True,True,True,True,True,True,True,,,low
VULPOK,Fe,eta1,"1,1,1,1,1,1,1,1,1,1",atom,10,False,False,False,False,False,False,10,10,True,True,True,True,True,True,True,True,True,True,True,True,True,,,low
RIYHAI,Zr,eta1,"1,1,1,1,1",atom,10,False,False,False,False,False,False,10,10,True,True,True,True,True,True,True,True,True,True,True,True,True,,,low
NODQAB,Ru,eta1,"1,1,1,1,1,1,1,1,1,1",atom,10,False,False,False,False,False,False,10,10,True,True,True,True,True,True,True,True,True,True,True,True,True,,,low
PIQKEH,Co,eta1,"1,1,1,1,1",atom,8,False,False,False,False,False,False,8,8,True,True,True,True,True,True,True,True,True,True,True,True,True,,,low
IKOSIM,Fe,eta1,"1,1,1,1,1,1",atom,8,False,False,False,False,False,False,8,8,True,True,True,True,True,True,True,True,True,True,True,True,True,,,low
RAVCIA,Ru,eta1,"1,1,1,1,1,1",atom,9,False,False,False,False,False,False,9,9,True,True,True,True,True,True,True,True,True,True,True,True,True,,,low
RARGUQ,Ni,eta1,"1,1,1,1,1,1,1,1",atom,8,False,False,False,False,False,False,8,8,True,True,True,True,True,True,True,True,True,True,True,True,True,,,low
ELUVUC01,Y,eta1,"1,1,1,1,1,1,1,1,1,1,1,1,1,1",atom,15,False,False,False,False,False,False,15,15,True,True,True,True,True,True,True,True,True,True,True,True,True,,,low
QUZWAN,Ir,eta1,"1,1,1,1,1",atom,8,False,False,False,False,False,False,8,8,True,True,True,True,True,True,True,True,True,True,True,True,True,,,low
SIKPIM,Ir,eta1,"1,1,1,1,1",atom,8,False,False,False,False,False,False,8,8,True,True,True,True,True,True,True,True,True,True,True,True,True,,,low
XAJREJ,Ru,eta1,"1,1,1,1,1,1",atom,9,False,False,False,False,False,False,9,9,True,True,True,True,True,True,True,True,True,True,True,True,True,,,low
SEYCUW,Zr,eta1,"1,1,1,1,1,1,1,1,1,1",atom,12,False,False,False,False,False,False,12,12,True,True,True,True,True,True,True,True,True,True,True,True,True,,,low
XUQLAW,Ru,eta1,"1,1,1,1,1,1,1,1,1,1,1,1",atom,12,False,False,False,False,False,False,12,12,True,True,True,True,True,True,True,True,True,True,True,True,True,,,low
DECPAE,Rh,eta1,"1,1,1,1,1",atom,8,False,False,False,False,False,False,8,8,True,True,True,True,True,True,True,True,True,True,True,True,True,,,low
FIYLAC,Fe,eta1,"1,1,1,1,1,1,1,1,1,1",atom,10,False,False,False,False,False,False,10,10,True,True,True,True,True,True,True,True,True,True,True,True,True,,,low
FEYZAK,Pd,eta1,"1,1,1",atom,5,False,False,False,False,False,False,5,5,True,True,True,True,True,True,True,True,True,True,True,True,True,,,low
HUBREB,W,eta1,"1,1,1,1,1",atom,8,False,False,False,False,False,False,8,8,True,True,True,True,True,True,True,True,True,True,True,True,True,,,low
TIMTAO,Ir,eta1,"1,1,1,1",atom,6,False,False,False,False,False,False,6,6,True,True,True,True,True,True,True,True,True,True,True,True,True,,,low
IXUQIB,Ti,eta1,"1,1,1,1,1,1,1,1,1,1",atom,12,False,False,False,False,False,False,12,12,True,True,True,True,True,True,True,True,True,True,True,True,True,,,low
JUPCEC,Fe,eta1,"1,1,1,1",atom,7,False,False,False,False,False,False,7,7,True,True,True,True,True,True,True,True,True,True,True,True,True,,,low
QIJDUI,Mo,eta1,"1,1,1,1,1",atom,9,False,False,False,False,False,False,9,9,True,True,True,True,True,True,True,True,True,True,True,True,True,,,low
KOJMUS01,Fe,eta1,"1,1,1,1,1,1,1,1,1,1",atom,10,False,False,False,False,False,False,10,10,True,True,True,True,True,True,True,True,True,True,True,True,True,,,low
MOLYEV,Ti,eta1,"1,1,1,1,1",atom,8,False,False,False,False,False,False,8,8,True,True,True,True,True,True,True,True,True,True,True,True,True,,,low
JAGVOF,Fe,eta1,"1,1,1,1,1",atom,8,False,False,False,False,False,False,8,8,True,True,True,True,True,True,True,True,True,True,True,True,True,,,low
YIYBOY,Fe,eta1,"1,1,1,1,1,1,1,1,1,1",atom,10,False,False,False,False,False,False,10,10,True,True,True,True,True,True,True,True,True,True,True,True,True,,,low
UJAHES,Mo,eta1,"1,1,1,1,1,1,1",atom,9,False,False,False,False,False,False,9,9,True,True,True,True,True,True,True,True,True,True,True,True,True,,,low
VIRHIO,Ru,eta1,"1,1,1,1,1",atom,8,False,False,False,False,False,False,8,8,True,True,True,True,True,True,True,True,True,True,True,True,True,,,low
GAQZUX,Au,eta1,"1,1",atom,3,False,False,False,False,False,False,3,3,True,True,True,True,True,True,True,True,True,True,True,True,True,,,low
GOGSUR,Fe,eta1,"1,1,1,1,1,1,1,1,1,1",atom,10,False,False,False,False,False,False,10,10,True,True,True,True,True,True,True,True,True,True,True,True,True,,,low
SIKTAJ,Mo,eta1,"1,1,1,1,1,1,1,1",atom,10,False,False,False,False,False,False,10,10,True,True,True,True,True,True,True,True,True,True,True,True,True,,,low
DEHNAH,Ru,eta1,"1,1,1,1,1,1",atom,9,False,False,False,False,False,False,9,9,True,True,True,True,True,True,True,True,True,True,True,True,True,,,low
WAKDET,Fe,eta1,"1,1,1,1,1",atom,8,False,False,False,False,False,False,8,8,True,True,True,True,True,True,True,True,True,True,True,True,True,,,low
QEXFIL,Ru,eta1,"1,1,1,1,1,1",atom,10,False,False,False,False,False,False,10,10,True,True,True,True,True,True,True,True,True,True,True,True,True,,,low
KUNMIS,Ru,eta1,"1,1,1,1,1,1",atom,9,False,False,False,False,False,False,9,9,True,True,True,True,True,True,True,True,True,True,True,True,True,,,low
OSERIO,Mo,eta1,"1,1,1,1,1,1,1,1",atom,10,False,False,False,False,False,False,10,10,True,True,True,True,True,True,True,True,True,True,True,True,True,,,low
SEQVUF,Ta,eta1,"1,1",atom,6,False,False,False,False,False,False,6,6,True,True,True,True,True,True,True,True,True,True,True,True,True,,,low
IPEMIZ,Cr,eta1,"1,1,1,1,1",atom,8,False,False,False,False,False,False,8,8,True,True,True,True,True,True,True,True,True,True,True,True,True,,,low
DARXIF,Sc,eta1,"1,1,1,1,1,1,1,1,1,1,1",atom,12,False,False,False,False,False,False,12,12,True,True,True,True,True,True,True,True,True,True,True,True,True,,,low
NONWAQ,Zr,eta1,"1,1,1,1,1,1,1,1,1,1,1,1",atom,13,False,False,False,False,False,False,13,13,True,True,True,True,True,True,True,True,True,True,True,True,True,,,low
CUNHEC,Fe,eta1,"1,1,1,1,1,1",atom,8,False,False,False,False,False,False,8,8,True,True,True,True,True,True,True,True,True,True,True,True,True,,,low
BUXTUK,Fe,eta1,"1,1,1,1,1,1,1,1,1,1",atom,10,False,False,False,False,False,False,10,10,True,True,True,True,True,True,True,True,True,True,True,True,True,,,low
COMYAF,Hf,eta1,"1,1,1,1,1,1,1,1,1,1",atom,12,False,False,False,False,False,False,12,12,True,True,True,True,True,True,True,True,True,True,True,True,True,,,low
FOYTUL,Mo,eta1,"1,1,1,1,1,1",atom,9,False,False,False,False,False,False,9,9,True,True,True,True,True,True,True,True,True,True,True,True,True,,,low
NEFTAV,Fe,eta1,"1,1,1,1,1",atom,8,False,False,False,False,False,False,8,8,True,True,True,True,True,True,True,True,True,True,True,True,True,,,low
BOHYUS,Cr,eta1,"1,1,1,1,1,1",atom,9,False,False,False,False,False,False,9,9,True,True,True,True,True,True,True,True,True,True,True,True,True,,,low
PUHBAV,Zr,eta1,"1,1,1,1,1,1,1,1,1,1",atom,12,False,False,False,False,False,False,12,12,True,True,True,True,True,True,True,True,True,True,True,True,True,,,low
REHZUC,Ru,eta1,"1,1,1,1,1,1",atom,9,False,False,False,False,False,False,9,9,True,True,True,True,True,True,True,True,True,True,True,True,True,,,low
YAFGET,Ru,eta1,"1,1,1,1,1,1",atom,9,False,False,False,False,False,False,9,9,True,True,True,True,True,True,True,True,True,True,True,True,True,,,low
BEJXAR,Fe,eta1,"1,1,1,1,1",atom,8,False,False,False,False,False,False,8,8,True,True,True,True,True,True,True,True,True,True,True,True,True,,,low
ZEGTUA,Mo,eta1,"1,1,1,1,1,1,1,1",atom,10,False,False,False,False,False,False,10,10,True,True,True,True,True,True,True,True,True,True,True,True,True,,,low
OMAPUO,Os,eta1,"1,1,1,1,1,1",atom,8,False,False,False,False,False,False,8,8,True,True,True,True,True,True,True,True,True,True,True,True,True,,,low
INIKIB,Pt,eta1,"1,1,1,1",atom,6,False,False,False,False,False,False,6,6,True,True,True,True,True,True,True,True,True,True,True,True,True,,,low
WAPJAY,Co,eta1,"1,1,1,1,1,1,1",atom,8,False,False,False,False,False,False,8,8,True,True,True,True,True,True,True,True,True,True,True,True,True,,,low
PUKWAT,Ru,eta1,"1,1",atom,6,False,False,False,False,False,False,6,6,True,True,True,True,True,True,True,True,True,True,True,True,True,,,low
TIWPUL,Fe,eta1,"1,1,1,1,1,1,1,1,1,1",atom,10,False,False,False,False,False,False,10,10,True,True,True,True,True,True,True,True,True,True,True,True,True,,,low
XUSQAF,Cr,eta1,"1,1,1,1,1,1",atom,9,False,False,False,False,False,False,9,9,True,True,True,True,True,True,True,True,True,True,True,True,True,,,low
ZOPTIJ,Ru,eta1,"1,1,1,1,1,1",atom,9,False,False,False,False,False,False,9,9,True,True,True,True,True,True,True,True,True,True,True,True,True,,,low
CERMUL,W,eta1,"1,1,1,1,1",atom,9,False,False,False,False,False,False,9,9,True,True,True,True,True,True,True,True,True,True,True,True,True,,,low
BISQEZ,Fe,eta1,"1,1,1,1,1,1,1,1,1,1",atom,10,False,False,False,False,False,False,10,10,True,True,True,True,True,True,True,True,True,True,True,True,True,,,low
HEXREH,W,eta1,"1,1",atom,7,False,False,False,False,False,False,7,7,True,True,True,True,True,True,True,True,True,True,True,True,True,,,low
FUHGOG,Fe,eta1,"1,1,1,1,1,1,1,1,1,1",atom,10,False,False,False,False,False,False,10,10,True,True,True,True,True,True,True,True,True,True,True,True,True,,,low
QOMJUX,Mo,eta1,"1,1,1,1,1,1,1,1,1,1",atom,12,False,False,False,False,False,False,12,12,True,True,True,True,True,True,True,True,True,True,True,True,True,,,low
LUVTOM,Zr,eta1,"1,1,1,1,1,1,1,1",atom,10,False,False,False,False,False,False,10,10,True,True,True,True,True,True,True,True,True,True,True,True,True,,,low
IWIJAA,Fe,eta1,"1,1,1,1,1,1,1,1,1,1",atom,10,False,False,False,False,False,False,10,10,True,True,True,True,True,True,True,True,True,True,True,True,True,,,low
JUQGAD,Ti,eta1,"1,1,1,1,1,1,1,1",atom,12,False,False,False,False,False,False,12,12,True,True,True,True,True,True,True,True,True,True,True,True,True,,,low
BAFDUK,Fe,eta1,"1,1,1,1,1,1,1,1,1,1",atom,10,False,False,False,False,False,False,10,10,True,True,True,True,True,True,True,True,True,True,True,True,True,,,low
RODSAH,Ti,eta1,"1,1,1,1,1,1,1,1,1,1",atom,12,False,False,False,False,False,False,12,12,True,True,True,True,True,True,True,True,True,True,True,True,True,,,low
HEXFOH,Rh,eta1,"1,1,1,1",atom,6,False,False,False,False,False,False,6,6,True,True,True,True,True,True,True,True,True,True,True,True,True,,,low
YEDMOL,Zr,eta1,"1,1,1,1,1,1,1,1,1,1",atom,12,False,False,False,False,False,False,12,12,True,True,True,True,True,True,True,True,True,True,True,True,True,,,low
WAQNAD,Zr,eta1,"1,1,1,1,1",atom,9,False,False,False,False,False,False,9,9,True,True,True,True,True,True,True,True,True,True,True,True,True,,,low
PIYQUK,Cu,eta1,"1,1",atom,4,False,False,False,False,False,False,4,4,True,True,True,True,True,True,True,True,True,True,True,True,True,,,low
LIBROE,Ir,eta1,"1,1,1,1",atom,8,False,False,False,False,False,False,8,8,True,True,True,True,True,True,True,True,True,True,True,True,True,,,low
QAZLEK,Fe,eta1,"1,1,1,1,1,1,1,1,1,1",atom,10,False,False,False,False,False,False,10,10,True,True,True,True,True,True,True,True,True,True,True,True,True,,,low
RICMIZ,Pd,eta1,"1,1,1",atom,5,False,False,False,False,False,False,5,5,True,True,True,True,True,True,True,True,True,True,True,True,True,,,low
UBONOR,Ru,eta1,"1,1,1,1,1",atom,8,False,False,False,False,False,False,8,8,True,True,True,True,True,True,True,True,True,True,True,True,True,,,low
YOKWUS,Ir,eta1,"1,1,1,1",atom,6,False,False,False,False,False,False,6,6,True,True,True,True,True,True,True,True,True,True,True,True,True,,,low
SIVTOI,Pd,eta1,"1,1",atom,5,False,False,False,False,False,False,5,5,True,True,True,True,True,True,True,True,True,True,True,True,True,,,low
NEKKAP,Ti,eta1,"1,1,1,1,1,1,1,1,1,1",atom,12,False,False,False,False,False,False,12,12,True,True,True,True,True,True,True,True,True,True,True,True,True,,,low
XALZAO,Fe,eta1,"1,1,1,1,1,1,1,1,1,1",atom,10,False,False,False,False,False,False,10,10,True,True,True,True,True,True,True,True,True,True,True,True,True,,,low
EZAMEX,Fe,eta1,"1,1,1,1,1",atom,8,False,False,False,False,False,False,8,8,True,True,True,True,True,True,True,True,True,True,True,True,True,,,low
ZAJPEJ,Fe,eta1,"1,1,1,1,1,1,1,1,1,1",atom,10,False,False,False,False,False,False,10,10,True,True,True,True,True,True,True,True,True,True,True,True,True,,,low
QAWCUM,Ru,eta1,"1,1,1,1,1",atom,8,False,False,False,False,False,False,8,8,True,True,True,True,True,True,True,True,True,True,True,True,True,,,low
CENVOI,Ru,eta1,"1,1,1,1,1,1,1",atom,9,False,False,False,False,False,False,9,9,True,True,True,True,True,True,True,True,True,True,True,True,True,,,low
NEFLOB,Zr,eta1,"1,1,1,1,1,1,1,1,1,1,1,1,1",atom,14,False,False,False,False,False,False,14,14,True,True,True,True,True,True,True,True,True,True,True,True,True,,,low
BEJROX,Ru,eta1,"1,1,1,1",atom,7,False,False,False,False,False,False,7,7,True,True,True,True,True,True,True,True,True,True,True,True,True,,,low
PAVFUN,Fe,eta1,"1,1,1,1,1,1,1,1,1,1",atom,10,False,False,False,False,False,False,10,10,True,True,True,True,True,True,True,True,True,True,True,True,True,,,low
JITZER,Os,eta1,"1,1,1,1,1,1",atom,7,False,False,False,False,False,False,7,7,True,True,True,True,True,True,True,True,True,True,True,True,True,,,low
KELTIF,Fe,eta1,"1,1,1,1,1,1,1,1,1,1",atom,10,False,False,False,False,False,False,10,10,True,True,True,True,True,True,True,True,True,True,True,True,True,,,low
SOKVIA,Cu,eta1,"1,1",atom,4,False,False,False,False,False,False,4,4,True,True,True,True,True,True,True,True,True,True,True,True,True,,,low
LUFYET,Fe,eta1,"1,1,1,1,1,1,1,1,1,1",atom,10,False,False,False,False,False,False,10,10,True,True,True,True,True,True,True,True,True,True,True,True,True,,,low
DUPPUC,Ir,eta1,"1,1,1,1,1",atom,8,False,False,False,False,False,False,8,8,True,True,True,True,True,True,True,True,True,True,True,True,True,,,low
VOSLUK11,Ti,eta1,"1,1,1,1,1,1,1,1,1,1,1,1",atom,12,False,False,False,False,False,False,12,12,True,True,True,True,True,True,True,True,True,True,True,True,True,,,low
HOVZUO,Fe,eta1,"1,1,1,1,1,1,1,1,1,1",atom,10,False,False,False,False,False,False,10,10,True,True,True,True,True,True,True,True,True,True,True,True,True,,,low
WEJROU,Co,eta1,"1,1,1,1,1,1,1,1,1,1",atom,10,False,False,False,False,False,False,10,10,True,True,True,True,True,True,True,True,True,True,True,True,True,,,low
QOXXUY,Ru,eta1,"1,1,1,1,1,1",atom,9,False,False,False,False,False,False,9,9,True,True,True,True,True,True,True,True,True,True,True,True,True,,,low
MAMTOK,Rh,eta1,"1,1,1,1",atom,6,False,False,False,False,False,False,6,6,True,True,True,True,True,True,True,True,True,True,True,True,True,,,low
BIKKUC,Fe,eta1,"1,1,1,1,1,1,1,1,1,1",atom,10,False,False,False,False,False,False,10,10,True,True,True,True,True,True,True,True,True,True,True,True,True,,,low
LIVWIW,Co,eta1,"1,1,1,1,1,1,1,1,1,1",atom,10,False,False,False,False,False,False,10,10,True,True,True,True,True,True,True,True,True,True,True,True,True,,,low
ZUFVIF,Ir,eta1,"1,1,1,1",atom,8,False,False,False,False,False,False,8,8,True,True,True,True,True,True,True,True,True,True,True,True,True,,,low
OBEKEO,Pd,eta1,"1,1,1,1,1",atom,6,False,False,False,False,False,False,6,6,True,True,True,True,True,True,True,True,True,True,True,True,True,,,low
YIQROF,Mn,eta1,"1,1,1,1,1",atom,8,False,False,False,False,False,False,8,8,True,True,True,True,True,True,True,True,True,True,True,True,True,,,low
WAGYOS,Rh,eta1,"1,1,1,1,1",atom,7,False,False,False,False,False,False,7,7,True,True,True,True,True,True,True,True,True,True,True,True,True,,,low
KAHHAE,Co,eta1,"1,1,1,1,1,1,1,1,1",atom,9,False,False,False,False,False,False,9,9,True,True,True,True,True,True,True,True,True,True,True,True,True,,,low
ROBLOL,Cu,eta1,"1,1,1,1",atom,5,False,False,False,False,False,False,5,5,True,True,True,True,True,True,True,True,True,True,True,True,True,,,low
NEFFEL,Hf,eta1,"1,1,1,1,1,1,1,1,1,1",atom,12,False,False,False,False,False,False,12,12,True,True,True,True,True,True,True,True,True,True,True,True,True,,,low
SELVIR,Ru,eta1,"1,1,1,1,1,1,1,1,1,1",atom,10,False,False,False,False,False,False,10,10,True,True,True,True,True,True,True,True,True,True,True,True,True,,,low
APUKUT,Zr,eta1,"1,1,1,1,1",atom,8,False,False,False,False,False,False,8,8,True,True,True,True,True,True,True,True,True,True,True,True,True,,,low
BIQZOU,Ir,eta1,"1,1,1,1,1",atom,8,False,False,False,False,False,False,8,8,True,True,True,True,True,True,True,True,True,True,True,True,True,,,low
SAWNUA,Ru,eta1,"1,1,1,1,1,1",atom,9,False,False,False,False,False,False,9,9,True,True,True,True,True,True,True,True,True,True,True,True,True,,,low
UPOHEN,Mo,eta1,"1,1,1,1,1",atom,9,False,False,False,False,False,False,9,9,True,True,True,True,True,True,True,True,True,True,True,True,True,,,low
RETLAG,W,eta1,"1,1,1,1,1",atom,9,False,False,False,False,False,False,9,9,True,True,True,True,True,True,True,True,True,True,True,True,True,,,low
RUQWEF,Ru,eta1,"1,1,1,1,1",atom,8,False,False,False,False,False,False,8,8,True,True,True,True,True,True,True,True,True,True,True,True,True,,,low
NARBEP,Rh,eta1,"1,1",atom,5,False,False,False,False,False,False,5,5,True,True,True,True,True,True,True,True,True,True,True,True,True,,,low
MEVWIX,Mo,eta1,"1,1,1,1,1,1",atom,9,False,False,False,False,False,False,9,9,True,True,True,True,True,True,True,True,True,True,True,True,True,,,low
FUTZAV01,Rh,eta1,"1,1,1,1,1,1,1",atom,7,False,False,False,False,False,False,7,7,True,True,True,True,True,True,True,True,True,True,True,True,True,,,low
RHCBPP10,Rh,eta1,"1,1",atom,5,False,False,False,False,False,False,5,5,True,True,True,True,True,True,True,True,True,True,True,True,True,,,low
IGUHIB,Ta,eta1,"1,1,1,1,1",atom,10,False,False,False,False,False,False,10,10,True,True,True,True,True,True,True,True,True,True,True,True,True,,,low
OGECOW,Fe,eta1,"1,1,1,1,1",atom,8,False,False,False,False,False,False,8,8,True,True,True,True,True,True,True,True,True,True,True,True,True,,,low
BEQTIA,Cr,eta1,"1,1,1,1,1,1",atom,9,False,False,False,False,False,False,9,9,True,True,True,True,True,True,True,True,True,True,True,True,True,,,low
DIJBOR,Nb,eta1,"1,1,1,1,1,1,1,1,1,1",atom,12,False,False,False,False,False,False,12,12,True,True,True,True,True,True,True,True,True,True,True,True,True,,,low
ZAHVOW,Rh,eta1,"1,1,1,1",atom,7,False,False,False,False,False,False,7,7,True,True,True,True,True,True,True,True,True,True,True,True,True,,,low
QEPDIZ,Fe,eta1,"1,1,1,1,1",atom,8,False,False,False,False,False,False,8,8,True,True,True,True,True,True,True,True,True,True,True,True,True,,,low
QAVRIP,Rh,eta1,"1,1,1,1,1",atom,8,False,False,False,False,False,False,8,8,True,True,True,True,True,True,True,True,True,True,True,True,True,,,low
TURFES,Ag,eta1,"1,1,1",atom,4,False,False,False,False,False,False,4,4,True,True,True,True,True,True,True,True,True,True,True,True,True,,,low
WAWGEG,W,eta1,"1,1,1,1,1",atom,9,False,False,False,False,False,False,9,9,True,True,True,True,True,True,True,True,True,True,True,True,True,,,low
RIQZOH,Fe,eta1,"1,1,1,1,1,1,1,1,1,1",atom,10,False,False,False,False,False,False,10,10,True,True,True,True,True,True,True,True,True,True,True,True,True,,,low
CPHFPC10,Co,eta1,"1,1,1,1,1,1,1,1,1",atom,9,False,False,False,False,False,False,9,9,True,True,True,True,True,True,True,True,True,True,True,True,True,,,low
ZODFED,Ta,eta1,"1,1,1,1,1,1,1,1,1",atom,11,False,False,False,False,False,False,11,11,True,True,True,True,True,True,True,True,True,True,True,True,True,,,low
CUKHAT,Rh,eta1,"1,1,1,1,1",atom,8,False,False,False,False,False,False,8,8,True,True,True,True,True,True,True,True,True,True,True,True,True,,,low
ZAFWIM,Ti,eta1,"1,1,1,1,1,1,1,1,1,1",atom,12,False,False,False,False,False,False,12,12,True,True,True,True,True,True,True,True,True,True,True,True,True,,,low
UCEBOT,Ru,eta1,"1,1,1,1,1,1",atom,9,False,False,False,False,False,False,9,9,True,True,True,True,True,True,True,True,True,True,True,True,True,,,low
KOHBIS10,W,eta1,"1,1",atom,7,False,False,False,False,False,False,7,7,True,True,True,True,True,True,True,True,True,True,True,True,True,,,low
ZUYCUR,Ru,eta1,"1,1,1,1,1,1,1,1,1,1,1",atom,11,False,False,False,False,False,False,11,11,True,True,True,True,True,True,True,True,True,True,True,True,True,,,low
MEHPOF,Fe,eta1,"1,1,1,1,1,1,1,1,1,1",atom,10,False,False,False,False,False,False,10,10,True,True,True,True,True,True,True,True,True,True,True,True,True,,,low
PECMIU,Fe,eta1,"1,1,1,1,1,1",atom,8,False,False,False,False,False,False,8,8,True,True,True,True,True,True,True,True,True,True,True,True,True,,,low
CEBKOM,Y,eta1,"1,1,1,1,1,1,1,1,1,1,1,1,1",atom,14,False,False,False,False,False,False,14,14,True,True,True,True,True,True,True,True,True,True,True,True,True,,,low
CEPYUR,W,eta1,1,atom,6,False,False,False,False,False,False,6,6,True,True,True,True,True,True,True,True,True,True,True,True,True,,,low
ILAWIF,La,eta1,"1,1,1",atom,6,False,False,False,False,False,False,6,6,True,True,True,True,True,True,True,True,True,True,True,True,True,,,low
VORJAN,Ru,eta1,"1,1,1,1,1,1,1,1,1",atom,10,False,False,False,False,False,False,10,10,True,True,True,True,True,True,True,True,True,True,True,True,True,,,low
XUMXUB,Fe,eta1,"1,1,1,1,1,1,1,1,1,1",atom,11,False,False,False,False,False,False,11,11,True,True,True,True,True,True,True,True,True,True,True,True,True,,,low
GAZGIX,Cr,eta1,"1,1,1,1,1",atom,9,False,False,False,False,False,False,9,9,True,True,True,True,True,True,True,True,True,True,True,True,True,,,low
UBITOR,Ru,eta1,"1,1,1,1,1,1",atom,9,False,False,False,False,False,False,9,9,True,True,True,True,True,True,True,True,True,True,True,True,True,,,low
FAQDIL,Ti,eta1,"1,1,1,1,1,1,1,1,1,1",atom,12,False,False,False,False,False,False,12,12,True,True,True,True,True,True,True,True,True,True,True,True,True,,,low
KANPUK,W,eta1,"1,1,1,1,1,1",atom,10,False,False,False,False,False,False,10,10,True,True,True,True,True,True,True,True,True,True,True,True,True,,,low
PIXVUN,Cr,eta1,"1,1,1,1,1,1",atom,9,False,False,False,False,False,False,9,9,True,True,True,True,True,True,True,True,True,True,True,True,True,,,low
GUSJEM,Ni,eta1,"1,1,1",atom,5,False,False,False,False,False,False,5,5,True,True,True,True,True,True,True,True,True,True,True,True,True,,,low
PEMYAK,Mn,eta1,"1,1,1,1,1",atom,8,False,False,False,False,False,False,8,8,True,True,True,True,True,True,True,True,True,True,True,True,True,,,low
JERXEN,Re,eta1,"1,1",atom,7,False,False,False,False,False,False,7,7,True,True,True,True,True,True,True,True,True,True,True,True,True,,,low
KIMPEE,Ti,eta1,"1,1,1,1,1,1,1,1,1,1",atom,12,False,False,False,False,False,False,12,12,True,True,True,True,True,True,True,True,True,True,True,True,True,,,low
IKUFOL,Ru,eta1,"1,1,1,1",atom,8,False,False,False,False,False,False,8,8,True,True,True,True,True,True,True,True,True,True,True,True,True,,,low
JAGHOT01,Ru,eta1,"1,1,1,1",atom,8,False,False,False,False,False,False,8,8,True,True,True,True,True,True,True,True,True,True,True,True,True,,,low
MUCWEO,Ir,eta1,"1,1",atom,7,False,False,False,False,False,False,7,7,True,True,True,True,True,True,True,True,True,True,True,True,True,,,low
GIRLOL,Pt,eta1,"1,1,1,1",atom,6,False,False,False,False,False,False,6,6,True,True,True,True,True,True,True,True,True,True,True,True,True,,,low
MEBPOY,Fe,eta1,"1,1",atom,6,False,False,False,False,False,False,6,6,True,True,True,True,True,True,True,True,True,True,True,True,True,,,low
COXXES,Re,eta1,"1,1,1,1",atom,9,False,False,False,False,False,False,9,9,True,True,True,True,True,True,True,True,True,True,True,True,True,,,low
NIRLUW,Fe,eta1,"1,1,1,1,1,1,1,1,1,1",atom,10,False,False,False,False,False,False,10,10,True,True,True,True,True,True,True,True,True,True,True,True,True,,,low
FEHCIF,Cr,eta1,"1,1,1,1,1,1",atom,9,False,False,False,False,False,False,9,9,True,True,True,True,True,True,True,True,True,True,True,True,True,,,low
VILSUE,Ru,eta1,"1,1,1,1,1,1,1,1,1,1",atom,10,False,False,False,False,False,False,10,10,True,True,True,True,True,True,True,True,True,True,True,True,True,,,low
ZIKKOV,Fe,eta1,"1,1,1,1,1",atom,8,False,False,False,False,False,False,8,8,True,True,True,True,True,True,True,True,True,True,True,True,True,,,low
BEKHUY,Zr,eta1,"1,1,1,1,1,1,1,1,1,1",atom,12,False,False,False,False,False,False,12,12,True,True,True,True,True,True,True,True,True,True,True,True,True,,,low
RIQZEX,Fe,eta1,"1,1,1,1,1,1,1,1,1,1",atom,10,False,False,False,False,False,False,10,10,True,True,True,True,True,True,True,True,True,True,True,True,True,,,low
XEYFIQ,Co,eta1,"1,1,1,1,1,1,1,1,1,1",atom,10,False,False,False,False,False,False,10,10,True,True,True,True,True,True,True,True,True,True,True,True,True,,,low
SELHUM,Ru,eta1,"1,1,1,1,1,1,1,1",atom,9,False,False,False,False,False,False,9,9,True,True,True,True,True,True,True,True,True,True,True,True,True,,,low
RAJXOP,Ti,eta1,"1,1,1,1,1,1,1,1,1,1",atom,12,False,False,False,False,False,False,12,12,True,True,True,True,True,True,True,True,True,True,True,True,True,,,low
HIPFIW,Fe,eta1,"1,1,1,1,1,1,1,1,1,1",atom,10,False,False,False,False,False,False,10,10,True,True,True,True,True,True,True,True,True,True,True,True,True,,,low
SALQIF,Ru,eta1,"1,1,1,1,1",atom,8,False,False,False,False,False,False,8,8,True,True,True,True,True,True,True,True,True,True,True,True,True,,,low
BIXSEI,Ti,eta1,"1,1,1,1,1,1,1",atom,10,False,False,False,False,False,False,10,10,True,True,True,True,True,True,True,True,True,True,True,True,True,,,low
RIZCIO,Fe,eta1,"1,1,1,1,1,1,1,1,1,1",atom,10,False,False,False,False,False,False,10,10,True,True,True,True,True,True,True,True,True,True,True,True,True,,,low
UGUGIO,Ru,eta1,"1,1,1,1",atom,7,False,False,False,False,False,False,7,7,True,True,True,True,True,True,True,True,True,True,True,True,True,,,low
MENHOF,Fe,eta1,"1,1,1,1,1",atom,8,False,False,False,False,False,False,8,8,True,True,True,True,True,True,True,True,True,True,True,True,True,,,low
VIDTAD,Nb,eta1,"1,1,1,1,1,1,1,1,1,1",atom,13,False,False,False,False,False,False,13,13,True,True,True,True,True,True,True,True,True,True,True,True,True,,,low
NEPMED,Ir,eta1,"1,1,1,1,1",atom,8,False,False,False,False,False,False,8,8,True,True,True,True,True,True,True,True,True,True,True,True,True,,,low
BEQQIB,Fe,eta1,"1,1,1,1,1,1,1,1,1,1",atom,10,False,False,False,False,False,False,10,10,True,True,True,True,True,True,True,True,True,True,True,True,True,,,low
ARIROJ,Fe,eta1,"1,1,1,1,1,1,1,1,1,1",atom,10,False,False,False,False,False,False,10,10,True,True,True,True,True,True,True,True,True,True,True,True,True,,,low
VUGBAC,Fe,eta1,"1,1,1,1,1,1,1,1,1,1",atom,10,False,False,False,False,False,False,10,10,True,True,True,True,True,True,True,True,True,True,True,True,True,,,low
HORZIZ,Ru,eta1,"1,1,1,1,1",atom,8,False,False,False,False,False,False,8,8,True,True,True,True,True,True,True,True,True,True,True,True,True,,,low
SEFGOZ,Mn,eta1,"1,1,1,1",atom,7,False,False,False,False,False,False,7,7,True,True,True,True,True,True,True,True,True,True,True,True,True,,,low
XOQWAD,Ru,eta1,"1,1,1,1,1",atom,8,False,False,False,False,False,False,8,8,True,True,True,True,True,True,True,True,True,True,True,True,True,,,low
KAZNIK,Ir,eta1,"1,1,1,1,1",atom,8,False,False,False,False,False,False,8,8,True,True,True,True,True,True,True,True,True,True,True,True,True,,,low
FAJWIZ,Rh,eta1,"1,1,1,1,1",atom,8,False,False,False,False,False,False,8,8,True,True,True,True,True,True,True,True,True,True,True,True,True,,,low
ZAFQOM,Mn,eta1,"1,1,1,1,1",atom,8,False,False,False,False,False,False,8,8,True,True,True,True,True,True,True,True,True,True,True,True,True,,,low
ESAGIP,Rh,eta1,"1,1",atom,5,False,False,False,False,False,False,5,5,True,True,True,True,True,True,True,True,True,True,True,True,True,,,low
SOQLAN,Fe,eta1,"1,1,1,1,1,1,1,1,1,1",atom,10,False,False,False,False,False,False,10,10,True,True,True,True,True,True,True,True,True,True,True,True,True,,,low
NULSES,Zr,eta1,"1,1,1,1,1,1,1,1,1,1",atom,13,False,False,False,False,False,False,13,13,True,True,True,True,True,True,True,True,True,True,True,True,True,,,low
QIFCIT,Au,eta1,"1,1",atom,3,False,False,False,False,False,False,3,3,True,True,True,True,True,True,True,True,True,True,True,True,True,,,low
GIPTAE01,Pd,eta1,"1,1,1",atom,5,False,False,False,False,False,False,5,5,True,True,True,True,True,True,True,True,True,True,True,True,True,,,low
ISADUD,Fe,eta1,"1,1,1,1,1,1,1,1,1,1",atom,10,False,False,False,False,False,False,10,10,True,True,True,True,True,True,True,True,True,True,True,True,True,,,low
HOWMOY,Ru,eta1,"1,1,1,1,1",atom,8,False,False,False,False,False,False,8,8,True,True,True,True,True,True,True,True,True,True,True,True,True,,,low
SANXOY,Fe,eta1,"1,1,1,1,1",atom,8,False,False,False,False,False,False,8,8,True,True,True,True,True,True,True,True,True,True,True,True,True,,,low
SINWER02,Os,eta1,"1,1,1,1,1,1,1,1,1,1",atom,10,False,False,False,False,False,False,10,10,True,True,True,True,True,True,True,True,True,True,True,True,True,,,low
ACOSAM,Ru,eta1,"1,1,1,1",atom,8,False,False,False,False,False,False,8,8,True,True,True,True,True,True,True,True,True,True,True,True,True,,,low
CAXYEG,Zr,eta1,"1,1,1,1,1,1,1,1,1,1",atom,12,False,False,False,False,False,False,12,12,True,True,True,True,True,True,True,True,True,True,True,True,True,,,low
AXEVEE,Zr,eta1,"1,1,1,1,1,1,1,1,1,1",atom,12,False,False,False,False,False,False,12,12,True,True,True,True,True,True,True,True,True,True,True,True,True,,,low
SAZSUH10,Mo,eta1,"1,1,1,1,1,1,1",atom,10,False,False,False,False,False,False,10,10,True,True,True,True,True,True,True,True,True,True,True,True,True,,,low
LEMSEC,Ti,eta1,"1,1,1,1,1,1,1,1,1,1,1",atom,13,False,False,False,False,False,False,13,13,True,True,True,True,True,True,True,True,True,True,True,True,True,,,low
RARTIN,W,eta1,"1,1,1,1,1",atom,9,False,False,False,False,False,False,9,9,True,True,True,True,True,True,True,True,True,True,True,True,True,,,low
OHIDAM,Ru,eta1,"1,1,1,1,1,1",atom,9,False,False,False,False,False,False,9,9,True,True,True,True,True,True,True,True,True,True,True,True,True,,,low
EDOWOL,Fe,eta1,"1,1,1,1,1,1,1,1,1,1",atom,10,False,False,False,False,False,False,10,10,True,True,True,True,True,True,True,True,True,True,True,True,True,,,low
OBAPUG,W,eta1,"1,1",atom,7,False,False,False,False,False,False,7,7,True,True,True,True,True,True,True,True,True,True,True,True,True,,,low
RADDEF,Fe,eta1,"1,1,1,1,1,1,1,1,1,1",atom,10,False,False,False,False,False,False,10,10,True,True,True,True,True,True,True,True,True,True,True,True,True,,,low
ZIJJUA,Ir,eta1,"1,1,1,1,1",atom,8,False,False,False,False,False,False,8,8,True,True,True,True,True,True,True,True,True,True,True,True,True,,,low
VISJUC,Fe,eta1,"1,1,1,1,1",atom,8,False,False,False,False,False,False,8,8,True,True,True,True,True,True,True,True,True,True,True,True,True,,,low
IPIYEM,Ni,eta1,"1,1,1,1",atom,6,False,False,False,False,False,False,6,6,True,True,True,True,True,True,True,True,True,True,True,True,True,,,low
YAVDEF,Ru,eta1,"1,1,1,1,1,1,1,1,1,1,1",atom,11,False,False,False,False,False,False,11,11,True,True,True,True,True,True,True,True,True,True,True,True,True,,,low
PEVSUH,Ti,eta1,"1,1,1,1,1,1,1,1,1,1",atom,12,False,False,False,False,False,False,12,12,True,True,True,True,True,True,True,True,True,True,True,True,True,,,low
YORRED,Rh,eta1,"1,1,1,1,1",atom,7,False,False,False,False,False,False,7,7,True,True,True,True,True,True,True,True,True,True,True,True,True,,,low
HOBWED,Rh,eta1,"1,1,1,1,1",atom,8,False,False,False,False,False,False,8,8,True,True,True,True,True,True,True,True,True,True,True,True,True,,,low
OCEWEZ,Ru,eta1,"1,1,1,1,1,1",atom,9,False,False,False,False,False,False,9,9,True,True,True,True,True,True,True,True,True,True,True,True,True,,,low
TAHKEV,Ir,eta1,"1,1",atom,7,False,False,False,False,False,False,7,7,True,True,True,True,True,True,True,True,True,True,True,True,True,,,low
XUXTOC,Pt,eta1,"1,1",atom,5,False,False,False,False,False,False,5,5,True,True,True,True,True,True,True,True,True,True,True,True,True,,,low
UWEXEA,Zr,eta1,"1,1,1,1,1,1,1,1,1,1,1,1",atom,12,False,False,False,False,False,False,12,12,True,True,True,True,True,True,True,True,True,True,True,True,True,,,low
YALKAY,Zr,eta1,"1,1,1,1,1,1,1,1,1,1",atom,12,False,False,False,False,False,False,12,12,True,True,True,True,True,True,True,True,True,True,True,True,True,,,low
FICCAV,Mo,eta1,"1,1,1,1,1,1,1,1,1,1",atom,11,False,False,False,False,False,False,11,11,True,True,True,True,True,True,True,True,True,True,True,True,True,,,low
YIJWIY01,Fe,eta1,"1,1,1,1,1,1,1,1,1,1",atom,10,False,False,False,False,False,False,10,10,True,True,True,True,True,True,True,True,True,True,True,True,True,,,low
HERWOU,Fe,eta1,"1,1,1,1,1,1,1,1,1,1",atom,10,False,False,False,False,False,False,10,10,True,True,True,True,True,True,True,True,True,True,True,True,True,,,low
HOBJOY,Nb,eta1,"1,1,1,1,1,1,1",atom,11,False,False,False,False,False,False,11,11,True,True,True,True,True,True,True,True,True,True,True,True,True,,,low
KAWKEB,Fe,eta1,"1,1,1,1,1,1,1,1,1,1",atom,10,False,False,False,False,False,False,10,10,True,True,True,True,True,True,True,True,True,True,True,True,True,,,low
XOZCOH,Ru,eta1,"1,1,1,1,1,1",atom,9,False,False,False,False,False,False,9,9,True,True,True,True,True,True,True,True,True,True,True,True,True,,,low
ROPZAB,Ru,eta1,"1,1,1,1,1,1",atom,9,False,False,False,False,False,False,9,9,True,True,True,True,True,True,True,True,True,True,True,True,True,,,low
SOGCAS,Ru,eta1,"1,1,1,1,1,1",atom,9,False,False,False,False,False,False,9,9,True,True,True,True,True,True,True,True,True,True,True,True,True,,,low
ALPCFE11,Fe,eta1,"1,1,1",atom,7,False,False,False,False,False,False,7,7,True,True,True,True,True,True,True,True,True,True,True,True,True,,,low
XEKBOH,Fe,eta1,"1,1,1,1,1,1,1,1,1,1",atom,10,False,False,False,False,False,False,10,10,True,True,True,True,True,True,True,True,True,True,True,True,True,,,low
ZEPVUL,Zr,eta1,"1,1,1,1,1,1,1,1,1,1,1,1,1,1,1",atom,15,False,False,False,False,False,False,15,15,True,True,True,True,True,True,True,True,True,True,True,True,True,,,low
CEJCIF,Ru,eta1,"1,1,1,1,1,1",atom,9,False,False,False,False,False,False,9,9,True,True,True,True,True,True,True,True,True,True,True,True,True,,,low
ZEJDAW,Ir,eta1,"1,1,1,1",atom,7,False,False,False,False,False,False,7,7,True,True,True,True,True,True,True,True,True,True,True,True,True,,,low
LUZMOK,Ni,eta1,"1,1,1,1,1",atom,7,False,False,False,False,False,False,7,7,True,True,True,True,True,True,True,True,True,True,True,True,True,,,low
MASGUJ,Ti,eta1,"1,1,1,1,1,1,1,1,1,1",atom,11,False,False,False,False,False,False,11,11,True,True,True,True,True,True,True,True,True,True,True,True,True,,,low
JUCBAO,Hf,eta1,"1,1,1,1,1,1,1,1,1,1",atom,12,False,False,False,False,False,False,12,12,True,True,True,True,True,True,True,True,True,True,True,True,True,,,low
CIPLUK,Pd,eta1,"1,1",atom,5,False,False,False,False,False,False,5,5,True,True,True,True,True,True,True,True,True,True,True,True,True,,,low
NUJMAK,Ru,eta1,"1,1,1,1,1,1",atom,9,False,False,False,False,False,False,9,9,True,True,True,True,True,True,True,True,True,True,True,True,True,,,low
NAGTIZ,Ir,eta1,"1,1",atom,5,False,False,False,False,False,False,5,5,True,True,True,True,True,True,True,True,True,True,True,True,True,,,low
DUCXEI,Re,eta1,"1,1,1,1",atom,8,False,False,False,False,False,False,8,8,True,True,True,True,True,True,True,True,True,True,True,True,True,,,low
FABSOV,Fe,eta1,"1,1,1,1,1",atom,8,False,False,False,False,False,False,8,8,True,True,True,True,True,True,True,True,True,True,True,True,True,,,low
DARXOL,Y,eta1,"1,1,1,1,1",atom,8,False,False,False,False,False,False,8,8,True,True,True,True,True,True,True,True,True,True,True,True,True,,,low
IMEHOX,Fe,eta1,"1,1,1,1,1,1,1,1,1,1",atom,10,False,False,False,False,False,False,10,10,True,True,True,True,True,True,True,True,True,True,True,True,True,,,low
TACRFE10,Fe,eta1,"1,1,1,1",atom,7,False,False,False,False,False,False,7,7,True,True,True,True,True,True,True,True,True,True,True,True,True,,,low
FIBHAZ,W,eta1,"1,1,1,1,1",atom,9,False,False,False,False,False,False,9,9,True,True,True,True,True,True,True,True,True,True,True,True,True,,,low
JUVBIN,Ir,eta1,"1,1,1,1,1",atom,8,False,False,False,False,False,False,8,8,True,True,True,True,True,True,True,True,True,True,True,True,True,,,low
IZAZAM,Fe,eta1,"1,1,1,1,1",atom,8,False,False,False,False,False,False,8,8,True,True,True,True,True,True,True,True,True,True,True,True,True,,,low
ZOMYUX,Pd,eta1,"1,1,1",atom,5,False,False,False,False,False,False,5,5,True,True,True,True,True,True,True,True,True,True,True,True,True,,,low
UWEPIX,Ir,eta1,"1,1,1,1,1",atom,8,False,False,False,False,False,False,8,8,True,True,True,True,True,True,True,True,True,True,True,True,True,,,low
HAFQEO,Co,eta1,"1,1,1,1,1",atom,7,False,False,False,False,False,False,7,7,True,True,True,True,True,True,True,True,True,True,True,True,True,,,low
TUYWOZ,W,eta1,"1,1,1,1,1",atom,9,False,False,False,False,False,False,9,9,True,True,True,True,True,True,True,True,True,True,True,True,True,,,low
TUFJEN,Pd,eta1,"1,1,1",atom,5,False,False,False,False,False,False,5,5,True,True,True,True,True,True,True,True,True,True,True,True,True,,,low
YOBBOI,Fe,eta1,"1,1,1,1,1,1,1,1,1,1",atom,10,False,False,False,False,False,False,10,10,True,True,True,True,True,True,True,True,True,True,True,True,True,,,low
PEJBUF,Ru,eta1,"1,1,1,1,1,1,1,1,1,1",atom,10,False,False,False,False,False,False,10,10,True,True,True,True,True,True,True,True,True,True,True,True,True,,,low
VOXYUF01,Mo,eta1,"1,1,1",atom,8,False,False,False,False,False,False,8,8,True,True,True,True,True,True,True,True,True,True,True,True,True,,,low
HOYPOB,Zr,eta1,"1,1,1,1,1,1,1,1,1,1",atom,12,False,False,False,False,False,False,12,12,True,True,True,True,True,True,True,True,True,True,True,True,True,,,low
UDOJEE,Cr,eta1,"1,1,1,1,1",atom,9,False,False,False,False,False,False,9,9,True,True,True,True,True,True,True,True,True,True,True,True,True,,,low
LUMZEY,Fe,eta1,"1,1,1,1,1,1,1,1,1,1",atom,10,False,False,False,False,False,False,10,10,True,True,True,True,True,True,True,True,True,True,True,True,True,,,low
MANREY,Fe,eta1,"1,1,1,1,1,1,1,1,1,1",atom,10,False,False,False,False,False,False,10,10,True,True,True,True,True,True,True,True,True,True,True,True,True,,,low
EDODEH,Os,eta1,"1,1,1,1,1,1",atom,9,False,False,False,False,False,False,9,9,True,True,True,True,True,True,True,True,True,True,True,True,True,,,low
ZUTJIH,Zr,eta1,"1,1,1,1,1",atom,8,False,False,False,False,False,False,8,8,True,True,True,True,True,True,True,True,True,True,True,True,True,,,low
GECSEM,Mo,eta1,"1,1,1,1,1,1,1,1,1",atom,11,False,False,False,False,False,False,11,11,True,True,True,True,True,True,True,True,True,True,True,True,True,,,low
VAXTAQ,Re,eta1,"1,1",atom,10,False,False,False,False,False,False,10,10,True,True,True,True,True,True,True,True,True,True,True,True,True,,,low
XITBAD,Mo,eta1,"1,1,1",atom,8,False,False,False,False,False,False,8,8,True,True,True,True,True,True,True,True,True,True,True,True,True,,,low
IVENIG,Ru,eta1,"1,1,1,1,1,1",atom,9,False,False,False,False,False,False,9,9,True,True,True,True,True,True,True,True,True,True,True,True,True,,,low
YIMQAM,Zr,eta1,"1,1,1,1,1,1,1,1,1,1",atom,12,False,False,False,False,False,False,12,12,True,True,True,True,True,True,True,True,True,True,True,True,True,,,low
POVMOD,Os,eta1,"1,1",atom,7,False,False,False,False,False,False,7,7,True,True,True,True,True,True,True,True,True,True,True,True,True,,,low
FIPNEX,W,eta1,"1,1",atom,7,False,False,False,False,False,False,7,7,True,True,True,True,True,True,True,True,True,True,True,True,True,,,low
GUBFUH,Rh,eta1,"1,1,1,1",atom,6,False,False,False,False,False,False,6,6,True,True,True,True,True,True,True,True,True,True,True,True,True,,,low
NITCOK,Cr,eta1,"1,1,1,1,1,1",atom,9,False,False,False,False,False,False,9,9,True,True,True,True,True,True,True,True,True,True,True,True,True,,,low
FEWVIN,Pt,eta1,"1,1",atom,4,False,False,False,False,False,False,4,4,True,True,True,True,True,True,True,True,True,True,True,True,True,,,low
OVUCAK,Fe,eta1,"1,1,1,1,1,1,1,1,1,1",atom,10,False,False,False,False,False,False,10,10,True,True,True,True,True,True,True,True,True,True,True,True,True,,,low
HEWXUC,Ti,eta1,"1,1,1,1,1,1,1,1,1,1,1,1",atom,12,False,False,False,False,False,False,12,12,True,True,True,True,True,True,True,True,True,True,True,True,True,,,low
GUSJUZ,Rh,eta1,"1,1,1,1,1,1,1,1",atom,9,False,False,False,False,False,False,9,9,True,True,True,True,True,True,True,True,True,True,True,True,True,,,low
PABWAR,V,eta1,"1,1,1,1,1",atom,9,False,False,False,False,False,False,9,9,True,True,True,True,True,True,True,True,True,True,True,True,True,,,low
DITYUA10,Pd,eta1,"1,1,1",atom,5,False,False,False,False,False,False,5,5,True,True,True,True,True,True,True,True,True,True,True,True,True,,,low
FIKZOP,Fe,eta1,"1,1,1,1,1",atom,8,False,False,False,False,False,False,8,8,True,True,True,True,True,True,True,True,True,True,True,True,True,,,low
AZIDUJ,W,eta1,"1,1,1,1,1,1,1",atom,10,False,False,False,False,False,False,10,10,True,True,True,True,True,True,True,True,True,True,True,True,True,,,low
SERJOO,Ru,eta1,"1,1,1,1,1",atom,8,False,False,False,False,False,False,8,8,True,True,True,True,True,True,True,True,True,True,True,True,True,,,low
IFAJAE,Ni,eta1,"1,1,1,1,1",atom,7,False,False,False,False,False,False,7,7,True,True,True,True,True,True,True,True,True,True,True,True,True,,,low
WEJPIM,Co,eta1,"1,1,1,1,1,1,1,1",atom,9,False,False,False,False,False,False,9,9,True,True,True,True,True,True,True,True,True,True,True,True,True,,,low
IFACEZ,Zr,eta1,"1,1,1,1,1,1,1,1,1,1",atom,12,False,False,False,False,False,False,12,12,True,True,True,True,True,True,True,True,True,True,True,True,True,,,low
FIWQOT,Fe,eta1,"1,1,1,1,1,1,1,1,1,1",atom,10,False,False,False,False,False,False,10,10,True,True,True,True,True,True,True,True,True,True,True,True,True,,,low
RALYAE,W,eta1,"1,1,1,1,1",atom,9,False,False,False,False,False,False,9,9,True,True,True,True,True,True,True,True,True,True,True,True,True,,,low
VAHPIG,Fe,eta1,"1,1,1,1,1,1,1,1,1,1",atom,10,False,False,False,False,False,False,10,10,True,True,True,True,True,True,True,True,True,True,True,True,True,,,low
HEBHUU,Fe,eta1,"1,1,1,1,1,1,1,1,1,1",atom,10,False,False,False,False,False,False,10,10,True,True,True,True,True,True,True,True,True,True,True,True,True,,,low
XALJEC,Cr,eta1,"1,1,1,1,1,1",atom,9,False,False,False,False,False,False,9,9,True,True,True,True,True,True,True,True,True,True,True,True,True,,,low
ICOQEY,Ru,eta1,"1,1,1,1,1,1",atom,9,False,False,False,False,False,False,9,9,True,True,True,True,True,True,True,True,True,True,True,True,True,,,low
AMINUG,Ni,eta1,"1,1",atom,4,False,False,False,False,False,False,4,4,True,True,True,True,True,True,True,True,True,True,True,True,True,,,low
NEFYII,Pd,eta1,"1,1,1",atom,5,False,False,False,False,False,False,5,5,True,True,True,True,True,True,True,True,True,True,True,True,True,,,low
YEDLAW,Fe,eta1,"1,1,1,1,1,1,1,1,1,1",atom,10,False,False,False,False,False,False,10,10,True,True,True,True,True,True,True,True,True,True,True,True,True,,,low
REXKIS,Fe,eta1,"1,1",atom,4,False,False,False,False,False,False,4,4,True,True,True,True,True,True,True,True,True,True,True,True,True,,,low
WAGJET,Rh,eta1,"1,1,1",atom,5,False,False,False,False,False,False,5,5,True,True,True,True,True,True,True,True,True,True,True,True,True,,,low
AJUTUW,Ru,eta1,"1,1,1,1,1",atom,7,False,False,False,False,False,False,7,7,True,True,True,True,True,True,True,True,True,True,True,True,True,,,low
QIHLUQ,Ti,eta1,"1,1,1,1,1,1,1,1,1,1,1,1",atom,12,False,False,False,False,False,False,12,12,True,True,True,True,True,True,True,True,True,True,True,True,True,,,low
HEFLEK,V,eta1,"1,1,1,1,1,1,1,1,1,1",atom,12,False,False,False,False,False,False,12,12,True,True,True,True,True,True,True,True,True,True,True,True,True,,,low
SOPVUP,Ru,eta1,"1,1,1,1,1,1",atom,9,False,False,False,False,False,False,9,9,True,True,True,True,True,True,True,True,True,True,True,True,True,,,low
ODIPEX,Zr,eta1,"1,1,1,1,1,1,1,1,1,1",atom,13,False,False,False,False,False,False,13,13,True,True,True,True,True,True,True,True,True,True,True,True,True,,,low
CUHYEJ,Ru,eta1,"1,1,1,1,1,1,1,1,1,1,1",atom,11,False,False,False,False,False,False,11,11,True,True,True,True,True,True,True,True,True,True,True,True,True,,,low
XUSVOW01,Fe,eta1,"1,1,1,1,1,1,1,1,1,1",atom,10,False,False,False,False,False,False,10,10,True,True,True,True,True,True,True,True,True,True,True,True,True,,,low
JEDHAB,Ru,eta1,"1,1,1,1,1,1,1,1,1,1,1,1",atom,12,False,False,False,False,False,False,12,12,True,True,True,True,True,True,True,True,True,True,True,True,True,,,low
QIDPAV,Ru,eta1,"1,1,1,1,1,1,1,1,1,1,1,1",atom,12,False,False,False,False,False,False,12,12,True,True,True,True,True,True,True,True,True,True,True,True,True,,,low
MUDVEN,Ir,eta1,"1,1",atom,7,False,False,False,False,False,False,7,7,True,True,True,True,True,True,True,True,True,True,True,True,True,,,low
OCUXAL,Ir,eta1,"1,1,1,1",atom,6,False,False,False,False,False,False,6,6,True,True,True,True,True,True,True,True,True,True,True,True,True,,,low
AHUTAY,Ru,eta1,"1,1,1,1,1,1,1,1,1,1",atom,10,False,False,False,False,False,False,10,10,True,True,True,True,True,True,True,True,True,True,True,True,True,,,low
ITOSOC,Re,eta1,"1,1,1,1,1",atom,8,False,False,False,False,False,False,8,8,True,True,True,True,True,True,True,True,True,True,True,True,True,,,low
KAWNAX,W,eta1,"1,1",atom,7,False,False,False,False,False,False,7,7,True,True,True,True,True,True,True,True,True,True,True,True,True,,,low
ZOZNEL,Ta,eta1,"1,1",atom,5,False,False,False,False,False,False,5,5,True,True,True,True,True,True,True,True,True,True,True,True,True,,,low
SIBTOO,Pd,eta1,"1,1,1",atom,5,False,False,False,False,False,False,5,5,True,True,True,True,True,True,True,True,True,True,True,True,True,,,low
NOWYON,Mo,eta1,"1,1,1,1,1",atom,8,False,False,False,False,False,False,8,8,True,True,True,True,True,True,True,True,True,True,True,True,True,,,low
BATFIM,Fe,eta1,"1,1,1,1,1,1,1,1,1,1",atom,10,False,False,False,False,False,False,10,10,True,True,True,True,True,True,True,True,True,True,True,True,True,,,low
CPEFFE,Fe,eta1,"1,1,1,1,1",atom,8,False,False,False,False,False,False,8,8,True,True,True,True,True,True,True,True,True,True,True,True,True,,,low
ZIQQOF,Ru,eta1,"1,1,1,1,1,1,1,1,1",atom,10,False,False,False,False,False,False,10,10,True,True,True,True,True,True,True,True,True,True,True,True,True,,,low
YUBQEU,Ir,eta1,"1,1,1,1,1",atom,8,False,False,False,False,False,False,8,8,True,True,True,True,True,True,True,True,True,True,True,True,True,,,low
XOQDAI,Co,eta1,"1,1,1,1,1",atom,10,False,False,False,False,False,False,10,10,True,True,True,True,True,True,True,True,True,True,True,True,True,,,low
JOKWAK,Ir,eta1,"1,1,1,1,1",atom,8,False,False,False,False,False,False,8,8,True,True,True,True,True,True,True,True,True,True,True,True,True,,,low
DOZQER,Ni,eta1,"1,1",atom,4,False,False,False,False,False,False,4,4,True,True,True,True,True,True,True,True,True,True,True,True,True,,,low
LELBEJ,Cr,eta1,"1,1,1,1,1,1,1,1,1",atom,10,False,False,False,False,False,False,10,10,True,True,True,True,True,True,True,True,True,True,True,True,True,,,low
TEFXOU,Ti,eta1,"1,1,1,1,1,1,1,1,1,1",atom,12,False,False,False,False,False,False,12,12,True,True,True,True,True,True,True,True,True,True,True,True,True,,,low
YATLOU,Nb,eta1,"1,1,1,1,1,1,1,1,1,1",atom,12,False,False,False,False,False,False,12,12,True,True,True,True,True,True,True,True,True,True,True,True,True,,,low
FOHWUY,W,eta1,"1,1",atom,6,False,False,False,False,False,False,6,6,True,True,True,True,True,True,True,True,True,True,True,True,True,,,low
IZOPIX,Ir,eta1,"1,1,1,1,1",atom,8,False,False,False,False,False,False,8,8,True,True,True,True,True,True,True,True,True,True,True,True,True,,,low
ITEQUT,Rh,eta1,"1,1,1,1",atom,6,False,False,False,False,False,False,6,6,True,True,True,True,True,True,True,True,True,True,True,True,True,,,low
MATCPD,Pd,eta1,"1,1",atom,5,False,False,False,False,False,False,5,5,True,True,True,True,True,True,True,True,True,True,True,True,True,,,low
MOSGIN,Fe,eta1,"1,1,1,1,1,1,1,1,1,1",atom,10,False,False,False,False,False,False,10,10,True,True,True,True,True,True,True,True,True,True,True,True,True,,,low
NICBIN,Ru,eta1,"1,1,1,1,1,1",atom,9,False,False,False,False,False,False,9,9,True,True,True,True,True,True,True,True,True,True,True,True,True,,,low
MAJLER,Pd,eta1,"1,1,1",atom,5,False,False,False,False,False,False,5,5,True,True,True,True,True,True,True,True,True,True,True,True,True,,,low
NEDGOT,Os,eta1,"1,1,1,1,1",atom,9,False,False,False,False,False,False,9,9,True,True,True,True,True,True,True,True,True,True,True,True,True,,,low
TUNBIO,Fe,eta1,"1,1,1,1,1,1,1,1,1,1",atom,10,False,False,False,False,False,False,10,10,True,True,True,True,True,True,True,True,True,True,True,True,True,,,low
VENFID,Ir,eta1,"1,1,1",atom,7,False,False,False,False,False,False,7,7,True,True,True,True,True,True,True,True,True,True,True,True,True,,,low
SURPUQ,Zr,eta1,"1,1,1,1,1,1,1,1,1,1",atom,14,False,False,False,False,False,False,14,14,True,True,True,True,True,True,True,True,True,True,True,True,True,,,low
NEFVEC,Fe,eta1,"1,1,1,1,1,1,1,1,1,1",atom,10,False,False,False,False,False,False,10,10,True,True,True,True,True,True,True,True,True,True,True,True,True,,,low
OVIFOQ,Fe,eta1,"1,1,1,1,1,1,1,1,1,1",atom,10,False,False,False,False,False,False,10,10,True,True,True,True,True,True,True,True,True,True,True,True,True,,,low
NUKPAN,Fe,eta1,"1,1,1,1,1,1,1,1,1,1",atom,10,False,False,False,False,False,False,10,10,True,True,True,True,True,True,True,True,True,True,True,True,True,,,low
DASXAX,Co,eta1,"1,1,1,1,1,1,1,1,1,1",atom,10,False,False,False,False,False,False,10,10,True,True,True,True,True,True,True,True,True,True,True,True,True,,,low
JETVEK,Fe,eta1,"1,1,1,1,1,1,1,1,1,1",atom,10,False,False,False,False,False,False,10,10,True,True,True,True,True,True,True,True,True,True,True,True,True,,,low
WEYJUI01,Ru,eta1,"1,1,1,1,1,1",atom,9,False,False,False,False,False,False,9,9,True,True,True,True,True,True,True,True,True,True,True,True,True,,,low
RAYDUQ,Zr,eta1,"1,1,1,1,1,1,1,1,1,1,1,1",atom,14,False,False,False,False,False,False,14,14,True,True,True,True,True,True,True,True,True,True,True,True,True,,,low
IZIMIO,Ru,eta1,"1,1,1,1,1",atom,8,False,False,False,False,False,False,8,8,True,True,True,True,True,True,True,True,True,True,True,True,True,,,low
ZIGRAK,Ir,eta1,"1,1,1,1,1",atom,8,False,False,False,False,False,False,8,8,True,True,True,True,True,True,True,True,True,True,True,True,True,,,low
HEFLAG,Hf,eta1,"1,1,1",atom,6,False,False,False,False,False,False,6,6,True,True,True,True,True,True,True,True,True,True,True,True,True,,,low
HEDHEF,Pt,eta1,"1,1",atom,4,False,False,False,False,False,False,4,4,True,True,True,True,True,True,True,True,True,True,True,True,True,,,low
CAMHII,W,eta1,"1,1,1,1,1",atom,9,False,False,False,False,False,False,9,9,True,True,True,True,True,True,True,True,True,True,True,True,True,,,low
EDILOT,Co,eta1,"1,1,1,1,1",atom,11,False,False,False,False,False,False,11,11,True,True,True,True,True,True,True,True,True,True,True,True,True,,,low
WUNGIX,Ru,eta1,"1,1,1,1,1,1",atom,9,False,False,False,False,False,False,9,9,True,True,True,True,True,True,True,True,True,True,True,True,True,,,low
BALMIK,Mo,eta1,"1,1,1,1,1,1,1,1,1,1,1,1",atom,12,False,False,False,False,False,False,12,12,True,True,True,True,True,True,True,True,True,True,True,True,True,,,low
RIFJOI,Au,eta1,"1,1",atom,3,False,False,False,False,False,False,3,3,True,True,True,True,True,True,True,True,True,True,True,True,True,,,low
KOMBOD,Cr,eta1,"1,1,1,1,1,1",atom,9,False,False,False,False,False,False,9,9,True,True,True,True,True,True,True,True,True,True,True,True,True,,,low
IMUHIH,Cr,eta1,"1,1,1,1,1",atom,8,False,False,False,False,False,False,8,8,True,True,True,True,True,True,True,True,True,True,True,True,True,,,low
IGOXUX,Fe,eta1,"1,1,1,1,1,1,1,1,1,1",atom,10,False,False,False,False,False,False,10,10,True,True,True,True,True,True,True,True,True,True,True,True,True,,,low
TAJRIH,Fe,eta1,"1,1,1,1,1,1,1,1,1,1",atom,10,False,False,False,False,False,False,10,10,True,True,True,True,True,True,True,True,True,True,True,True,True,,,low
BEDCIA,Fe,eta1,"1,1,1,1,1,1,1,1,1,1",atom,10,False,False,False,False,False,False,10,10,True,True,True,True,True,True,True,True,True,True,True,True,True,,,low
GANNEP,Rh,eta1,"1,1,1,1,1,1,1,1,1,1",atom,10,False,False,False,False,False,False,10,10,True,True,True,True,True,True,True,True,True,True,True,True,True,,,low
YIFYOB,Zr,eta1,"1,1,1,1,1,1,1,1,1,1",atom,12,False,False,False,False,False,False,12,12,True,True,True,True,True,True,True,True,True,True,True,True,True,,,low
FUHKUO,Rh,eta1,"1,1,1,1,1",atom,11,False,False,False,False,False,False,11,11,True,True,True,True,True,True,True,True,True,True,True,True,True,,,low
YOHPUH,V,eta1,"1,1,1,1,1",atom,8,False,False,False,False,False,False,8,8,True,True,True,True,True,True,True,True,True,True,True,True,True,,,low
CEYFER,Ir,eta1,"1,1,1,1",atom,7,False,False,False,False,False,False,7,7,True,True,True,True,True,True,True,True,True,True,True,True,True,,,low
NUHLEL,Pd,eta1,"1,1,1",atom,5,False,False,False,False,False,False,5,5,True,True,True,True,True,True,True,True,True,True,True,True,True,,,low
UMABIW,Ir,eta1,"1,1,1",atom,7,False,False,False,False,False,False,7,7,True,True,True,True,True,True,True,True,True,True,True,True,True,,,low
UKIPUB,Ni,eta1,"1,1,1,1,1",atom,7,False,False,False,False,False,False,7,7,True,True,True,True,True,True,True,True,True,True,True,True,True,,,low
REHGOA,Ru,eta1,"1,1,1,1,1,1,1,1,1,1,1,1",atom,12,False,False,False,False,False,False,12,12,True,True,True,True,True,True,True,True,True,True,True,True,True,,,low
XIBNUS,Co,eta1,"1,1,1,1,1,1",atom,6,False,False,False,False,False,False,6,6,True,True,True,True,True,True,True,True,True,True,True,True,True,,,low
KOZSOH,Cr,eta1,"1,1,1,1,1,1",atom,9,False,False,False,False,False,False,9,9,True,True,True,True,True,True,True,True,True,True,True,True,True,,,low
ROMTUI,Rh,eta1,"1,1,1,1,1",atom,8,False,False,False,False,False,False,8,8,True,True,True,True,True,True,True,True,True,True,True,True,True,,,low
VANROV,Ru,eta1,"1,1,1,1,1,1,1,1,1,1,1",atom,11,False,False,False,False,False,False,11,11,True,True,True,True,True,True,True,True,True,True,True,True,True,,,low
KIKPIF,Co,eta1,"1,1,1,1,1",atom,7,False,False,False,False,False,False,7,7,True,True,True,True,True,True,True,True,True,True,True,True,True,,,low
LIGJAM,Zr,eta1,"1,1,1,1,1,1,1,1,1,1",atom,13,False,False,False,False,False,False,13,13,True,True,True,True,True,True,True,True,True,True,True,True,True,,,low
JAVDAL,Fe,eta1,"1,1,1,1,1,1,1,1,1,1",atom,10,False,False,False,False,False,False,10,10,True,True,True,True,True,True,True,True,True,True,True,True,True,,,low
MALHAM,Ru,eta1,"1,1,1,1,1,1",atom,8,False,False,False,False,False,False,8,8,True,True,True,True,True,True,True,True,True,True,True,True,True,,,low
JOKWEP,Ti,eta1,"1,1,1,1,1,1,1,1,1,1",atom,12,False,False,False,False,False,False,12,12,True,True,True,True,True,True,True,True,True,True,True,True,True,,,low
NOLREL,W,eta1,"1,1,1,1,1,1,1,1,1,1",atom,12,False,False,False,False,False,False,12,12,True,True,True,True,True,True,True,True,True,True,True,True,True,,,low
XEDQOM,Mn,eta1,"1,1,1,1,1",atom,8,False,False,False,False,False,False,8,8,True,True,True,True,True,True,True,True,True,True,True,True,True,,,low
NAZKAA,Ti,eta1,"1,1,1,1",atom,8,False,False,False,False,False,False,8,8,True,True,True,True,True,True,True,True,True,True,True,True,True,,,low
REBQOH,Ru,eta1,"1,1,1,1,1",atom,8,False,False,False,False,False,False,8,8,True,True,True,True,True,True,True,True,True,True,True,True,True,,,low
BEPGAG,Fe,eta1,"1,1,1,1,1",atom,8,False,False,False,False,False,False,8,8,True,True,True,True,True,True,True,True,True,True,True,True,True,,,low
CIQWEE,W,eta1,"1,1,1,1,1",atom,10,False,False,False,False,False,False,10,10,True,True,True,True,True,True,True,True,True,True,True,True,True,,,low
AWOGEB,Pd,eta1,"1,1",atom,4,False,False,False,False,False,False,4,4,True,True,True,True,True,True,True,True,True,True,True,True,True,,,low
ATUSEO,Hf,eta1,"1,1,1,1,1,1,1,1,1,1",atom,12,False,False,False,False,False,False,12,12,True,True,True,True,True,True,True,True,True,True,True,True,True,,,low
JAWBOY,Fe,eta1,"1,1,1,1,1,1,1,1,1,1",atom,10,False,False,False,False,False,False,10,10,True,True,True,True,True,True,True,True,True,True,True,True,True,,,low
MIJWOV,Sc,eta1,"1,1,1,1,1",atom,9,False,False,False,False,False,False,9,9,True,True,True,True,True,True,True,True,True,True,True,True,True,,,low
NIKQIH,W,eta1,"1,1,1,1,1,1,1,1,1,1",atom,12,False,False,False,False,False,False,12,12,True,True,True,True,True,True,True,True,True,True,True,True,True,,,low
MIMGIY,Co,eta1,"1,1,1,1,1,1,1,1,1",atom,9,False,False,False,False,False,False,9,9,True,True,True,True,True,True,True,True,True,True,True,True,True,,,low
ARELUF,Fe,eta1,"1,1,1,1,1,1,1,1,1,1",atom,10,False,False,False,False,False,False,10,10,True,True,True,True,True,True,True,True,True,True,True,True,True,,,low
SEBVUQ,Fe,eta1,"1,1,1,1,1",atom,11,False,False,False,False,False,False,11,11,True,True,True,True,True,True,True,True,True,True,True,True,True,,,low
WOHKUZ,Ag,eta1,"1,1,1,1,1,1",atom,8,False,False,False,False,False,False,8,8,True,True,True,True,True,True,True,True,True,True,True,True,True,,,low
ZAWLIW,La,eta1,"1,1,1,1,1,1,1,1,1,1",atom,12,False,False,False,False,False,False,12,12,True,True,True,True,True,True,True,True,True,True,True,True,True,,,low
FIDTUK,Fe,eta1,"1,1,1,1,1,1,1,1,1,1",atom,10,False,False,False,False,False,False,10,10,True,True,True,True,True,True,True,True,True,True,True,True,True,,,low
GIPGIX,Fe,eta1,"1,1,1,1,1,1,1,1,1,1",atom,10,False,False,False,False,False,False,10,10,True,True,True,True,True,True,True,True,True,True,True,True,True,,,low
AYEFEQ,Co,eta1,"1,1,1,1,1,1,1,1",atom,9,False,False,False,False,False,False,9,9,True,True,True,True,True,True,True,True,True,True,True,True,True,,,low
FADNUT,Ag,eta1,"1,1,1,1",atom,6,False,False,False,False,False,False,6,6,True,True,True,True,True,True,True,True,True,True,True,True,True,,,low
MPSOPD,Pd,eta1,"1,1,1,1",atom,6,False,False,False,False,False,False,6,6,True,True,True,True,True,True,True,True,True,True,True,True,True,,,low
REYROC,V,eta1,"1,1,1,1",atom,7,False,False,False,False,False,False,7,7,True,True,True,True,True,True,True,True,True,True,True,True,True,,,low
SOJMEM,Co,eta1,"1,1,1,1,1,1",atom,8,False,False,False,False,False,False,8,8,True,True,True,True,True,True,True,True,True,True,True,True,True,,,low
ORAPAZ,Fe,eta1,"1,1,1,1,1,1,1,1,1,1",atom,10,False,False,False,False,False,False,10,10,True,True,True,True,True,True,True,True,True,True,True,True,True,,,low
DOZZOH10,Ru,eta1,"1,1,1,1,1,1,1",atom,9,False,False,False,False,False,False,9,9,True,True,True,True,True,True,True,True,True,True,True,True,True,,,low
QISMIO,Ti,eta1,"1,1,1,1,1",atom,8,False,False,False,False,False,False,8,8,True,True,True,True,True,True,True,True,True,True,True,True,True,,,low
TIXXUU,Pd,eta1,"1,1,1",atom,5,False,False,False,False,False,False,5,5,True,True,True,True,True,True,True,True,True,True,True,True,True,,,low
VEBSUR,Fe,eta1,"1,1,1,1,1,1,1,1,1,1",atom,10,False,False,False,False,False,False,10,10,True,True,True,True,True,True,True,True,True,True,True,True,True,,,low
RANKOG,Ru,eta1,"1,1",atom,6,False,False,False,False,False,False,6,6,True,True,True,True,True,True,True,True,True,True,True,True,True,,,low
NECXUQ,Fe,eta1,"1,1,1,1,1,1,1,1,1,1",atom,10,False,False,False,False,False,False,10,10,True,True,True,True,True,True,True,True,True,True,True,True,True,,,low
SOZTAC,Re,eta1,"1,1,1,1,1",atom,8,False,False,False,False,False,False,8,8,True,True,True,True,True,True,True,True,True,True,True,True,True,,,low
YIVYUY,Zr,eta1,"1,1,1,1,1,1,1,1,1,1",atom,12,False,False,False,False,False,False,12,12,True,True,True,True,True,True,True,True,True,True,True,True,True,,,low
BZPSCO,Co,eta1,"1,1,1",atom,6,False,False,False,False,False,False,6,6,True,True,True,True,True,True,True,True,True,True,True,True,True,,,low
RABYEB,Ir,eta1,"1,1",atom,7,False,False,False,False,False,False,7,7,True,True,True,True,True,True,True,True,True,True,True,True,True,,,low
HIVXEP,Ru,eta1,"1,1,1,1,1,1",atom,9,False,False,False,False,False,False,9,9,True,True,True,True,True,True,True,True,True,True,True,True,True,,,low
VUGDUY01,Ru,eta1,"1,1,1,1,1,1,1,1,1,1,1",atom,11,False,False,False,False,False,False,11,11,True,True,True,True,True,True,True,True,True,True,True,True,True,,,low
QEJDIU,Co,eta1,"1,1,1,1,1,1,1,1,1",atom,9,False,False,False,False,False,False,9,9,True,True,True,True,True,True,True,True,True,True,True,True,True,,,low
ZICTAG,Mo,eta1,"1,1,1,1,1",atom,9,False,False,False,False,False,False,9,9,True,True,True,True,True,True,True,True,True,True,True,True,True,,,low
ECERAG,Fe,eta1,"1,1,1,1,1,1,1,1,1,1",atom,10,False,False,False,False,False,False,10,10,True,True,True,True,True,True,True,True,True,True,True,True,True,,,low
ENOPII,Ir,eta1,"1,1,1,1,1",atom,8,False,False,False,False,False,False,8,8,True,True,True,True,True,True,True,True,True,True,True,True,True,,,low
WIFRIQ,Cr,eta1,"1,1,1,1,1",atom,7,False,False,False,False,False,False,7,7,True,True,True,True,True,True,True,True,True,True,True,True,True,,,low
AFIHAY,Mo,eta1,"1,1,1",atom,8,False,False,False,False,False,False,8,8,True,True,True,True,True,True,True,True,True,True,True,True,True,,,low
DEMDAA,Fe,eta1,"1,1,1,1",atom,7,False,False,False,False,False,False,7,7,True,True,True,True,True,True,True,True,True,True,True,True,True,,,low
TURPAB,Zr,eta1,"1,1,1,1,1,1,1,1,1,1",atom,12,False,False,False,False,False,False,12,12,True,True,True,True,True,True,True,True,True,True,True,True,True,,,low
HANYUU,Fe,eta1,"1,1,1,1,1,1,1,1,1,1",atom,10,False,False,False,False,False,False,10,10,True,True,True,True,True,True,True,True,True,True,True,True,True,,,low
IKEQUL,Y,eta1,"1,1,1,1,1,1,1,1,1,1,1,1,1,1",atom,14,False,False,False,False,False,False,14,14,True,True,True,True,True,True,True,True,True,True,True,True,True,,,low
BUZZOL,Rh,eta1,"1,1,1,1",atom,6,False,False,False,False,False,False,6,6,True,True,True,True,True,True,True,True,True,True,True,True,True,,,low
WICBOD,Cu,eta1,"1,1,1,1",atom,5,False,False,False,False,False,False,5,5,True,True,True,True,True,True,True,True,True,True,True,True,True,,,low
UJOYUN,Fe,eta1,"1,1,1,1,1,1,1,1,1,1",atom,10,False,False,False,False,False,False,10,10,True,True,True,True,True,True,True,True,True,True,True,True,True,,,low
YIFFIC,Fe,eta1,"1,1,1,1",atom,7,False,False,False,False,False,False,7,7,True,True,True,True,True,True,True,True,True,True,True,True,True,,,low
HUMGAY,W,eta1,"1,1,1,1,1",atom,9,False,False,False,False,False,False,9,9,True,True,True,True,True,True,True,True,True,True,True,True,True,,,low
AJEBAU,Zr,eta1,"1,1,1,1,1,1,1,1,1,1",atom,12,False,False,False,False,False,False,12,12,True,True,True,True,True,True,True,True,True,True,True,True,True,,,low
SIZMUN,Fe,eta1,"1,1,1,1,1,1,1,1,1,1",atom,10,False,False,False,False,False,False,10,10,True,True,True,True,True,True,True,True,True,True,True,True,True,,,low
GOFYUW,Re,eta1,"1,1",atom,7,False,False,False,False,False,False,7,7,True,True,True,True,True,True,True,True,True,True,True,True,True,,,low
FOKBIR,Re,eta1,"1,1,1,1,1",atom,8,False,False,False,False,False,False,8,8,True,True,True,True,True,True,True,True,True,True,True,True,True,,,low
IKUREM,Ni,eta1,"1,1,1",atom,5,False,False,False,False,False,False,5,5,True,True,True,True,True,True,True,True,True,True,True,True,True,,,low
URIGUY,Ru,eta1,"1,1,1,1,1,1",atom,9,False,False,False,False,False,False,9,9,True,True,True,True,True,True,True,True,True,True,True,True,True,,,low
ODUPEK,Cr,eta1,"1,1,1,1,1,1",atom,9,False,False,False,False,False,False,9,9,True,True,True,True,True,True,True,True,True,True,True,True,True,,,low
SOCBAO,Co,eta1,"1,1,1,1,1,1,1,1",atom,8,False,False,False,False,False,False,8,8,True,True,True,True,True,True,True,True,True,True,True,True,True,,,low
RIJLON,Ru,eta1,"1,1,1,1,1,1",atom,9,False,False,False,False,False,False,9,9,True,True,True,True,True,True,True,True,True,True,True,True,True,,,low
PILDOH,Fe,eta1,"1,1,1,1,1,1,1,1,1,1",atom,10,False,False,False,False,False,False,10,10,True,True,True,True,True,True,True,True,True,True,True,True,True,,,low
AVIVEH,Fe,eta1,"1,1,1,1,1",atom,8,False,False,False,False,False,False,8,8,True,True,True,True,True,True,True,True,True,True,True,True,True,,,low
MUXYUZ,Re,eta1,"1,1,1,1,1",atom,8,False,False,False,False,False,False,8,8,True,True,True,True,True,True,True,True,True,True,True,True,True,,,low
XATHEG,Ru,eta1,"1,1,1,1,1,1",atom,9,False,False,False,False,False,False,9,9,True,True,True,True,True,True,True,True,True,True,True,True,True,,,low
SISLEO,Ru,eta1,"1,1,1,1",atom,8,False,False,False,False,False,False,8,8,True,True,True,True,True,True,True,True,True,True,True,True,True,,,low
SOFJEE,Pd,eta1,"1,1,1",atom,5,False,False,False,False,False,False,5,5,True,True,True,True,True,True,True,True,True,True,True,True,True,,,low
AKOZAC,Pd,eta1,"1,1",atom,4,False,False,False,False,False,False,4,4,True,True,True,True,True,True,True,True,True,True,True,True,True,,,low
UGEMOI,Fe,eta1,"1,1",atom,4,False,False,False,False,False,False,4,4,True,True,True,True,True,True,True,True,True,True,True,True,True,,,low
SUTBEQ,Ru,eta1,"1,1,1,1,1",atom,9,False,False,False,False,False,False,9,9,True,True,True,True,True,True,True,True,True,True,True,True,True,,,low
BAPXOJ,Fe,eta1,"1,1,1,1,1",atom,8,False,False,False,False,False,False,8,8,True,True,True,True,True,True,True,True,True,True,True,True,True,,,low
XOTKUN,Zr,eta1,"1,1,1,1,1,1,1,1,1,1",atom,12,False,False,False,False,False,False,12,12,True,True,True,True,True,True,True,True,True,True,True,True,True,,,low
LIQXEO,Zr,eta1,"1,1,1,1,1,1,1,1,1,1,1,1,1,1",atom,14,False,False,False,False,False,False,14,14,True,True,True,True,True,True,True,True,True,True,True,True,True,,,low
IGAGUW,Fe,eta1,"1,1,1,1,1,1,1,1,1,1",atom,10,False,False,False,False,False,False,10,10,True,True,True,True,True,True,True,True,True,True,True,True,True,,,low
YEWZOR,Ru,eta1,"1,1,1,1,1,1,1,1,1,1,1",atom,11,False,False,False,False,False,False,11,11,True,True,True,True,True,True,True,True,True,True,True,True,True,,,low
PIRBEB01,Co,eta1,"1,1,1,1,1,1,1,1,1,1",atom,11,False,False,False,False,False,False,11,11,True,True,True,True,True,True,True,True,True,True,True,True,True,,,low
VUDCEF,Ni,eta1,"1,1,1",atom,5,False,False,False,False,False,False,5,5,True,True,True,True,True,True,True,True,True,True,True,True,True,,,low
KEMREA,Zr,eta1,"1,1,1,1,1,1,1,1,1,1",atom,12,False,False,False,False,False,False,12,12,True,True,True,True,True,True,True,True,True,True,True,True,True,,,low
MEDGEL,Ir,eta1,"1,1,1,1",atom,6,False,False,False,False,False,False,6,6,True,True,True,True,True,True,True,True,True,True,True,True,True,,,low
QEZFOR,Fe,eta1,"1,1,1,1,1,1,1,1,1,1",atom,10,False,False,False,False,False,False,10,10,True,True,True,True,True,True,True,True,True,True,True,True,True,,,low
FELCAA,Rh,eta1,"1,1,1,1",atom,6,False,False,False,False,False,False,6,6,True,True,True,True,True,True,True,True,True,True,True,True,True,,,low
VEBZUB,Fe,eta1,"1,1,1,1,1,1,1,1,1,1",atom,10,False,False,False,False,False,False,10,10,True,True,True,True,True,True,True,True,True,True,True,True,True,,,low
WICZOX,Fe,eta1,"1,1,1,1,1,1,1,1,1,1",atom,10,False,False,False,False,False,False,10,10,True,True,True,True,True,True,True,True,True,True,True,True,True,,,low
RAMQIG,Ni,eta1,"1,1,1,1,1",atom,7,False,False,False,False,False,False,7,7,True,True,True,True,True,True,True,True,True,True,True,True,True,,,low
LINNOP,Mo,eta1,"1,1,1,1,1",atom,9,False,False,False,False,False,False,9,9,True,True,True,True,True,True,True,True,True,True,True,True,True,,,low
BUBRAV,Fe,eta1,"1,1,1,1,1",atom,7,False,False,False,False,False,False,7,7,True,True,True,True,True,True,True,True,True,True,True,True,True,,,low
CEWXUX10,Fe,eta1,"1,1,1,1,1,1,1,1,1,1,1",atom,11,False,False,False,False,False,False,11,11,True,True,True,True,True,True,True,True,True,True,True,True,True,,,low
WAJLOJ,Zr,eta1,"1,1,1,1,1,1,1,1,1,1",atom,13,False,False,False,False,False,False,13,13,True,True,True,True,True,True,True,True,True,True,True,True,True,,,low
IZURIE,La,eta1,"1,1,1,1,1",atom,10,False,False,False,False,False,False,10,10,True,True,True,True,True,True,True,True,True,True,True,True,True,,,low
BIQQAV,Ti,eta1,"1,1,1,1,1,1,1,1,1,1",atom,12,False,False,False,False,False,False,12,12,True,True,True,True,True,True,True,True,True,True,True,True,True,,,low
QISXEV,Ir,eta1,"1,1",atom,5,False,False,False,False,False,False,5,5,True,True,True,True,True,True,True,True,True,True,True,True,True,,,low
LISXUG,Ti,eta1,"1,1,1,1,1",atom,8,False,False,False,False,False,False,8,8,True,True,True,True,True,True,True,True,True,True,True,True,True,,,low
CUGDUG,Ti,eta1,"1,1",atom,8,False,False,False,False,False,False,8,8,True,True,True,True,True,True,True,True,True,True,True,True,True,,,low
BOGQEX,Cu,eta1,"1,1,1,1",atom,4,False,False,False,False,False,False,4,4,True,True,True,True,True,True,True,True,True,True,True,True,True,,,low
QASSAH,Ir,eta1,"1,1,1,1,1",atom,8,False,False,False,False,False,False,8,8,True,True,True,True,True,True,True,True,True,True,True,True,True,,,low
AJOWEF,Rh,eta1,"1,1,1,1,1",atom,8,False,False,False,False,False,False,8,8,True,True,True,True,True,True,True,True,True,True,True,True,True,,,low
AHETEN,Rh,eta1,"1,1,1,1,1",atom,8,False,False,False,False,False,False,8,8,True,True,True,True,True,True,True,True,True,True,True,True,True,,,low
CUHFET,Ir,eta1,"1,1,1,1,1",atom,8,False,False,False,False,False,False,8,8,True,True,True,True,True,True,True,True,True,True,True,True,True,,,low
QENMEE,Ru,eta1,"1,1,1,1,1,1",atom,9,False,False,False,False,False,False,9,9,True,True,True,True,True,True,True,True,True,True,True,True,True,,,low
XUHQEX,Fe,eta1,"1,1,1,1,1,1,1,1,1,1",atom,10,False,False,False,False,False,False,10,10,True,True,True,True,True,True,True,True,True,True,True,True,True,,,low
BUNKAY,Fe,eta1,"1,1,1,1,1,1,1,1,1,1",atom,10,False,False,False,False,False,False,10,10,True,True,True,True,True,True,True,True,True,True,True,True,True,,,low
LAFXOH,Rh,eta1,"1,1",atom,5,False,False,False,False,False,False,5,5,True,True,True,True,True,True,True,True,True,True,True,True,True,,,low
TOJMOW,Cr,eta1,"1,1,1,1,1",atom,8,False,False,False,False,False,False,8,8,True,True,True,True,True,True,True,True,True,True,True,True,True,,,low
FOKVOT,W,eta1,"1,1,1,1",atom,8,False,False,False,False,False,False,8,8,True,True,True,True,True,True,True,True,True,True,True,True,True,,,low
AKEHAZ,Ru,eta1,"1,1,1,1,1",atom,8,False,False,False,False,False,False,8,8,True,True,True,True,True,True,True,True,True,True,True,True,True,,,low
QIBFEM,Ru,eta1,"1,1,1,1,1",atom,8,False,False,False,False,False,False,8,8,True,True,True,True,True,True,True,True,True,True,True,True,True,,,low
GATVEF,Ir,eta1,"1,1,1,1",atom,6,False,False,False,False,False,False,6,6,True,True,True,True,True,True,True,True,True,True,True,True,True,,,low
LETSUA,Pd,eta1,"1,1",atom,4,False,False,False,False,False,False,4,4,True,True,True,True,True,True,True,True,True,True,True,True,True,,,low
FEFYEU,Mn,eta1,"1,1,1,1,1",atom,9,False,False,False,False,False,False,9,9,True,True,True,True,True,True,True,True,True,True,True,True,True,,,low
IDORIF,Ru,eta1,"1,1,1,1,1,1",atom,9,False,False,False,False,False,False,9,9,True,True,True,True,True,True,True,True,True,True,True,True,True,,,low
BIBLAB,Ir,eta1,"1,1,1,1,1",atom,8,False,False,False,False,False,False,8,8,True,True,True,True,True,True,True,True,True,True,True,True,True,,,low
OFAKOV,W,eta1,"1,1,1,1,1",atom,9,False,False,False,False,False,False,9,9,True,True,True,True,True,True,True,True,True,True,True,True,True,,,low
FEZBIV,Mo,eta1,"1,1,1,1,1,1,1,1",atom,10,False,False,False,False,False,False,10,10,True,True,True,True,True,True,True,True,True,True,True,True,True,,,low
ZIWRIG,Ir,eta1,"1,1,1,1,1",atom,8,False,False,False,False,False,False,8,8,True,True,True,True,True,True,True,True,True,True,True,True,True,,,low
DABBUD02,Fe,eta1,"1,1,1,1,1,1,1,1,1,1",atom,10,False,False,False,False,False,False,10,10,True,True,True,True,True,True,True,True,True,True,True,True,True,,,low
OFBUPT,Pt,eta1,"1,1",atom,4,False,False,False,False,False,False,4,4,True,True,True,True,True,True,True,True,True,True,True,True,True,,,low
RUBVUH,Ru,eta1,"1,1,1,1,1,1",atom,8,False,False,False,False,False,False,8,8,True,True,True,True,True,True,True,True,True,True,True,True,True,,,low
FOZQOD,Fe,eta1,"1,1,1,1,1,1,1,1,1,1",atom,10,False,False,False,False,False,False,10,10,True,True,True,True,True,True,True,True,True,True,True,True,True,,,low
LEDSIX,Rh,eta1,"1,1,1,1",atom,6,False,False,False,False,False,False,6,6,True,True,True,True,True,True,True,True,True,True,True,True,True,,,low
KOXHAK,Ir,eta1,"1,1,1,1,1",atom,8,False,False,False,False,False,False,8,8,True,True,True,True,True,True,True,True,True,True,True,True,True,,,low
FENFOV,Mo,eta1,"1,1,1,1,1",atom,9,False,False,False,False,False,False,9,9,True,True,True,True,True,True,True,True,True,True,True,True,True,,,low
IQOBAT,Fe,eta1,"1,1,1,1,1,1,1,1,1,1",atom,10,False,False,False,False,False,False,10,10,True,True,True,True,True,True,True,True,True,True,True,True,True,,,low
KENQOJ,Nb,eta1,"1,1,1,1,1,1,1,1,1,1",atom,12,False,False,False,False,False,False,12,12,True,True,True,True,True,True,True,True,True,True,True,True,True,,,low
PEXMEO,Ni,eta1,"1,1,1,1,1,1,1,1,1,1,1,1",atom,12,False,False,False,False,False,False,12,12,True,True,True,True,True,True,True,True,True,True,True,True,True,,,low
VATNAF,Re,eta1,"1,1,1,1,1",atom,8,False,False,False,False,False,False,8,8,True,True,True,True,True,True,True,True,True,True,True,True,True,,,low
BZCRCO05,Cr,eta1,"1,1,1,1,1,1",atom,9,False,False,False,False,False,False,9,9,True,True,True,True,True,True,True,True,True,True,True,True,True,,,low
YOGCED,Ru,eta1,"1,1,1,1,1,1",atom,8,False,False,False,False,False,False,8,8,True,True,True,True,True,True,True,True,True,True,True,True,True,,,low
JUVGUE,Co,eta1,"1,1,1,1,1,1,1,1,1,1",atom,10,False,False,False,False,False,False,10,10,True,True,True,True,True,True,True,True,True,True,True,True,True,,,low
RUYFAU,Mo,eta1,"1,1",atom,7,False,False,False,False,False,False,7,7,True,True,True,True,True,True,True,True,True,True,True,True,True,,,low
MEVFEY,Nb,eta1,"1,1,1,1,1,1,1,1,1,1",atom,12,False,False,False,False,False,False,12,12,True,True,True,True,True,True,True,True,True,True,True,True,True,,,low
BUWPIT,Pd,eta1,"1,1,1,1",atom,5,False,False,False,False,False,False,5,5,True,True,True,True,True,True,True,True,True,True,True,True,True,,,low
ORORUJ,Cr,eta1,"1,1,1,1,1,1",atom,9,False,False,False,False,False,False,9,9,True,True,True,True,True,True,True,True,True,True,True,True,True,,,low
GAFZOC,Mo,eta1,"1,1,1,1,1,1,1,1,1,1",atom,12,False,False,False,False,False,False,12,12,True,True,True,True,True,True,True,True,True,True,True,True,True,,,low
ZOJZIJ,Ru,eta1,"1,1,1,1,1,1",atom,9,False,False,False,False,False,False,9,9,True,True,True,True,True,True,True,True,True,True,True,True,True,,,low
RUNLOC,Ru,eta1,"1,1,1,1,1,1",atom,9,False,False,False,False,False,False,9,9,True,True,True,True,True,True,True,True,True,True,True,True,True,,,low
KEXGIG,Ir,eta1,"1,1,1,1,1",atom,8,False,False,False,False,False,False,8,8,True,True,True,True,True,True,True,True,True,True,True,True,True,,,low
CUBJAO,Fe,eta1,"1,1,1,1,1,1,1,1,1,1",atom,10,False,False,False,False,False,False,10,10,True,True,True,True,True,True,True,True,True,True,True,True,True,,,low
TEHKID,Fe,eta1,"1,1,1,1,1,1,1,1,1,1",atom,10,False,False,False,False,False,False,10,10,True,True,True,True,True,True,True,True,True,True,True,True,True,,,low
FEPDEK01,Rh,eta1,"1,1,1,1",atom,6,False,False,False,False,False,False,6,6,True,True,True,True,True,True,True,True,True,True,True,True,True,,,low
LILNEZ,Ir,eta1,"1,1,1,1,1",atom,8,False,False,False,False,False,False,8,8,True,True,True,True,True,True,True,True,True,True,True,True,True,,,low
LIVREN,Fe,eta1,"1,1,1",atom,7,False,False,False,False,False,False,7,7,True,True,True,True,True,True,True,True,True,True,True,True,True,,,low
LUDBAP,Fe,eta1,"1,1,1,1,1,1,1,1,1,1",atom,10,False,False,False,False,False,False,10,10,True,True,True,True,True,True,True,True,True,True,True,True,True,,,low
CONFUG,Fe,eta1,"1,1,1,1",atom,7,False,False,False,False,False,False,7,7,True,True,True,True,True,True,True,True,True,True,True,True,True,,,low
CEMVUL,Co,eta1,"1,1,1,1,1",atom,9,False,False,False,False,False,False,9,9,True,True,True,True,True,True,True,True,True,True,True,True,True,,,low
VUHGOW,Ir,eta1,"1,1,1,1",atom,6,False,False,False,False,False,False,6,6,True,True,True,True,True,True,True,True,True,True,True,True,True,,,low
INIFOA,Rh,eta1,"1,1,1,1",atom,6,False,False,False,False,False,False,6,6,True,True,True,True,True,True,True,True,True,True,True,True,True,,,low
FAXYUY,Rh,eta1,"1,1,1,1",atom,6,False,False,False,False,False,False,6,6,True,True,True,True,True,True,True,True,True,True,True,True,True,,,low
LIRVUG,Rh,eta1,"1,1,1,1,1",atom,8,False,False,False,False,False,False,8,8,True,True,True,True,True,True,True,True,True,True,True,True,True,,,low
IYEQIN,Ir,eta1,"1,1,1,1,1",atom,8,False,False,False,False,False,False,8,8,True,True,True,True,True,True,True,True,True,True,True,True,True,,,low
ROBVOV,Rh,eta1,"1,1,1,1,1",atom,8,False,False,False,False,False,False,8,8,True,True,True,True,True,True,True,True,True,True,True,True,True,,,low
MARBAJ,Zr,eta1,"1,1,1,1,1",atom,11,False,False,False,False,False,False,11,11,True,True,True,True,True,True,True,True,True,True,True,True,True,,,low
FETSUU,Hf,eta1,"1,1,1,1,1",atom,9,False,False,False,False,False,False,9,9,True,True,True,True,True,True,True,True,True,True,True,True,True,,,low
HOSTUF,Fe,eta1,"1,1,1,1,1,1,1,1,1,1",atom,10,False,False,False,False,False,False,10,10,True,True,True,True,True,True,True,True,True,True,True,True,True,,,low
YOSKAV,Co,eta1,"1,1,1,1,1,1",atom,6,False,False,False,False,False,False,6,6,True,True,True,True,True,True,True,True,True,True,True,True,True,,,low
RIZNET,Ti,eta1,"1,1,1,1,1",atom,8,False,False,False,False,False,False,8,8,True,True,True,True,True,True,True,True,True,True,True,True,True,,,low
KOYWON,Rh,eta1,"1,1,1,1,1",atom,8,False,False,False,False,False,False,8,8,True,True,True,True,True,True,True,True,True,True,True,True,True,,,low
OCESAR,Fe,eta1,"1,1,1,1,1,1,1,1,1,1",atom,10,False,False,False,False,False,False,10,10,True,True,True,True,True,True,True,True,True,True,True,True,True,,,low
UGUMOZ,Pt,eta1,"1,1,1,1",atom,6,False,False,False,False,False,False,6,6,True,True,True,True,True,True,True,True,True,True,True,True,True,,,low
POBSEE,Fe,eta1,"1,1,1,1,1,1,1,1,1,1",atom,10,False,False,False,False,False,False,10,10,True,True,True,True,True,True,True,True,True,True,True,True,True,,,low
OJONIK,Fe,eta1,"1,1,1,1,1",atom,8,False,False,False,False,False,False,8,8,True,True,True,True,True,True,True,True,True,True,True,True,True,,,low
CIYZIT,Ru,eta1,"1,1,1,1,1,1,1,1,1,1",atom,10,False,False,False,False,False,False,10,10,True,True,True,True,True,True,True,True,True,True,True,True,True,,,low
WOLCOP,Rh,eta1,"1,1,1,1,1",atom,8,False,False,False,False,False,False,8,8,True,True,True,True,True,True,True,True,True,True,True,True,True,,,low
GIVJUS,Mn,eta1,"1,1,1,1,1",atom,8,False,False,False,False,False,False,8,8,True,True,True,True,True,True,True,True,True,True,True,True,True,,,low
KUPYIE,Rh,eta1,"1,1,1,1",atom,6,False,False,False,False,False,False,6,6,True,True,True,True,True,True,True,True,True,True,True,True,True,,,low
QUZQIP,Fe,eta1,"1,1,1,1,1,1,1,1,1,1",atom,10,False,False,False,False,False,False,10,10,True,True,True,True,True,True,True,True,True,True,True,True,True,,,low
LOJQIL,Ir,eta1,"1,1,1,1,1",atom,8,False,False,False,False,False,False,8,8,True,True,True,True,True,True,True,True,True,True,True,True,True,,,low
