complex_id,metal,CN,n_decoys,n_wins,win_rate,top1_real,mrr,mean_delta,rule_pass_rate,bl_random_top1,bl_frequency_top1,bl_rule_validator_top1
tmqm_0,La,6,26,6,0.2308,0,0.0476,-1.4638,1.0,0,0,0
tmqm_1,Sc,6,25,16,0.64,0,0.1,5.5465,1.0,0,0,0
tmqm_2,Y,4,26,11,0.4231,0,0.0625,1.9294,1.0,0,0,0
tmqm_3,Y,9,18,2,0.1111,0,0.0588,-7.3318,1.0,0,0,0
tmqm_4,Sc,5,26,24,0.9231,0,0.3333,6.1232,1.0,0,0,1
tmqm_5,Sc,4,23,13,0.5652,0,0.0909,4.0697,1.0,0,0,0
tmqm_6,La,9,18,7,0.3889,0,0.0833,-1.7796,1.0,1,0,0
tmqm_7,La,6,26,13,0.5,0,0.0714,-0.3159,1.0,0,0,0
tmqm_8,Sc,7,27,12,0.4444,0,0.0625,-0.9178,1.0,0,0,0
tmqm_9,Y,5,15,13,0.8667,0,0.3333,0.8747,1.0,0,0,0
tmqm_10,La,6,23,13,0.5652,0,0.0909,-3.2951,1.0,0,0,0
tmqm_11,Y,6,26,16,0.6154,0,0.0909,-3.4598,1.0,0,0,1
tmqm_12,Y,7,24,10,0.4167,0,0.0667,-4.3709,1.0,0,0,0
tmqm_13,La,7,26,18,0.6923,0,0.1111,-0.2365,1.0,0,0,0
tmqm_14,Y,7,22,8,0.3636,0,0.0667,-4.2779,1.0,0,0,0
tmqm_15,La,13,25,11,0.44,0,0.0667,1.8776,1.0,0,0,0
tmqm_16,Y,7,24,8,0.3333,0,0.0588,-2.9468,1.0,0,0,0
tmqm_17,La,12,23,16,0.6957,0,0.125,8.3781,1.0,0,0,0
tmqm_18,Sc,9,27,22,0.8148,0,0.1667,6.4234,1.0,1,0,0
tmqm_19,Y,5,25,12,0.48,0,0.0714,3.8455,1.0,0,0,1
tmqm_20,Y,3,22,9,0.4091,0,0.0714,-3.0251,1.0,0,0,0
tmqm_21,Y,5,15,8,0.5333,0,0.125,0.1489,1.0,0,0,0
tmqm_22,La,9,21,9,0.4286,0,0.0769,-2.5608,1.0,0,0,0
tmqm_23,Y,6,16,10,0.625,0,0.1429,0.4983,1.0,0,0,0
tmqm_24,La,7,27,13,0.4815,0,0.0667,1.5107,1.0,1,0,0
tmqm_25,Y,8,27,23,0.8519,0,0.2,4.8124,1.0,0,0,0
tmqm_26,La,7,26,21,0.8077,0,0.1667,1.2923,1.0,0,0,1
tmqm_27,La,9,26,11,0.4231,0,0.0625,-2.5824,1.0,0,0,0
tmqm_28,Y,4,16,2,0.125,0,0.0667,-0.5838,1.0,0,1,0
tmqm_29,La,8,26,7,0.2692,0,0.05,-3.4664,1.0,0,0,0
tmqm_30,Sc,9,26,20,0.7692,0,0.1429,4.8222,1.0,0,0,0
tmqm_31,Y,4,22,11,0.5,0,0.0833,1.4814,1.0,0,0,0
tmqm_32,Y,7,27,11,0.4074,0,0.0588,-2.9942,1.0,0,0,0
tmqm_33,Sc,10,19,16,0.8421,0,0.25,5.0606,1.0,0,0,0
tmqm_34,La,8,24,9,0.375,0,0.0625,-3.8813,1.0,0,0,0
tmqm_35,Y,5,26,15,0.5769,0,0.0833,3.2664,1.0,0,0,0
tmqm_36,La,11,27,11,0.4074,0,0.0588,-2.7532,1.0,0,0,0
tmqm_37,Sc,7,26,9,0.3462,0,0.0556,-2.0068,1.0,0,0,0
tmqm_38,Sc,8,26,15,0.5769,0,0.0833,-0.2093,1.0,0,0,0
tmqm_39,La,13,27,23,0.8519,0,0.2,2.8833,1.0,0,0,0
tmqm_40,La,3,16,1,0.0625,0,0.0625,-0.8782,1.0,0,0,0
tmqm_41,Y,12,29,13,0.4483,0,0.0588,-1.4027,1.0,0,0,0
tmqm_42,Sc,4,23,13,0.5652,0,0.0909,4.7563,1.0,0,0,0
tmqm_43,La,12,23,18,0.7826,0,0.1667,7.1931,1.0,0,0,0
tmqm_44,Sc,5,26,20,0.7692,0,0.1429,4.6151,1.0,0,0,0
tmqm_45,Sc,7,26,13,0.5,0,0.0714,-2.0083,1.0,0,0,0
tmqm_46,Y,5,26,23,0.8846,0,0.25,2.1553,1.0,0,0,0
tmqm_47,La,12,24,17,0.7083,0,0.125,7.8954,1.0,0,0,0
tmqm_48,Y,8,26,18,0.6923,0,0.1111,2.2339,1.0,0,0,0
tmqm_49,Y,6,16,11,0.6875,0,0.1667,0.2523,1.0,0,0,0
tmqm_50,La,6,26,12,0.4615,0,0.0667,0.7734,1.0,0,0,0
tmqm_51,La,6,12,7,0.5833,0,0.1667,0.6485,1.0,0,0,0
tmqm_52,Y,2,25,1,0.04,0,0.04,-2.8318,1.0,0,0,0
tmqm_53,Sc,8,26,21,0.8077,0,0.1667,-0.9703,1.0,0,0,0
tmqm_54,Y,6,29,12,0.4138,0,0.0556,-4.1589,1.0,0,0,0
tmqm_55,Sc,9,27,25,0.9259,0,0.3333,6.6503,1.0,0,0,0
tmqm_56,Y,4,26,11,0.4231,0,0.0625,0.8885,1.0,0,0,0
tmqm_57,Y,4,22,12,0.5455,0,0.0909,0.273,1.0,0,0,0
tmqm_58,Y,12,29,19,0.6552,0,0.0909,-0.4393,1.0,0,0,0
tmqm_59,Sc,5,16,4,0.25,0,0.0769,-0.379,1.0,0,0,0
tmqm_60,Sc,5,26,14,0.5385,0,0.0769,4.4874,1.0,0,0,0
tmqm_61,Y,9,21,4,0.1905,0,0.0556,-6.1805,1.0,0,0,0
tmqm_62,La,11,29,14,0.4828,0,0.0625,-1.9728,1.0,1,0,0
tmqm_63,Y,8,26,18,0.6923,0,0.1111,3.2035,1.0,0,0,1
tmqm_64,Sc,5,26,15,0.5769,0,0.0833,4.5049,1.0,0,0,0
tmqm_65,Y,7,29,9,0.3103,0,0.0476,-2.9249,1.0,0,0,0
tmqm_66,La,8,23,4,0.1739,0,0.05,-4.5673,1.0,0,0,0
tmqm_67,La,7,26,20,0.7692,0,0.1429,-0.2865,1.0,0,0,0
tmqm_68,Sc,4,23,14,0.6087,0,0.1,3.7428,1.0,0,0,0
tmqm_69,Sc,5,26,21,0.8077,0,0.1667,5.1863,1.0,0,0,0
tmqm_70,Sc,6,22,18,0.8182,0,0.2,6.0142,1.0,0,0,0
tmqm_71,Y,4,22,13,0.5909,0,0.1,0.5866,1.0,0,0,0
tmqm_72,Sc,6,29,14,0.4828,0,0.0625,5.4878,1.0,0,0,1
tmqm_73,Sc,6,13,4,0.3077,0,0.1,-0.5467,1.0,0,0,0
tmqm_74,Sc,7,26,5,0.1923,0,0.0455,-2.1495,1.0,0,0,0
tmqm_75,Y,5,16,0,0.0,0,0.0588,-1.1751,1.0,0,0,0
tmqm_76,Sc,7,26,11,0.4231,0,0.0625,-2.5209,1.0,0,0,0
tmqm_77,Y,5,27,20,0.7407,0,0.125,2.5307,1.0,0,0,0
tmqm_78,Y,8,26,17,0.6538,0,0.1,2.5791,1.0,0,0,0
tmqm_79,Y,6,29,18,0.6207,0,0.0833,-2.7212,1.0,0,0,0
tmqm_80,Y,3,22,11,0.5,0,0.0833,-2.5644,1.0,0,0,0
tmqm_81,Y,4,9,8,0.8889,0,0.5,0.2543,1.0,0,0,0
tmqm_82,Y,5,24,20,0.8333,0,0.2,3.8814,1.0,0,0,0
tmqm_83,Sc,5,26,19,0.7308,0,0.125,4.3548,1.0,0,0,0
tmqm_84,Sc,6,22,14,0.6364,0,0.1111,5.023,1.0,0,0,0
tmqm_85,Sc,4,23,15,0.6522,0,0.1111,3.9851,1.0,0,0,0
tmqm_86,La,13,25,15,0.6,0,0.0909,0.0462,1.0,0,0,0
tmqm_87,La,13,27,17,0.6296,0,0.0909,2.7089,1.0,0,0,0
tmqm_88,Sc,6,29,18,0.6207,0,0.0833,6.925,1.0,0,0,0
tmqm_89,Sc,4,23,14,0.6087,0,0.1,4.0012,1.0,0,0,0
tmqm_90,Y,7,29,18,0.6207,0,0.0833,-1.6857,1.0,0,0,0
tmqm_91,Y,3,12,6,0.5,0,0.1429,-0.2617,1.0,0,0,0
tmqm_92,Y,3,20,7,0.35,0,0.0714,-2.9694,1.0,0,0,0
tmqm_93,Y,5,26,10,0.3846,0,0.0588,4.2639,1.0,0,0,0
tmqm_94,Y,3,22,9,0.4091,0,0.0714,-3.2224,1.0,0,0,0
tmqm_95,Y,7,24,10,0.4167,0,0.0667,-2.6077,1.0,0,0,0
tmqm_96,Y,12,27,9,0.3333,0,0.0526,-1.5677,1.0,0,0,0
tmqm_97,Y,5,27,11,0.4074,0,0.0588,2.9613,1.0,0,0,0
tmqm_98,Y,4,26,16,0.6154,0,0.0909,1.7825,1.0,0,0,0
tmqm_99,La,4,15,8,0.5333,0,0.125,0.088,1.0,0,0,0
tmqm_100,Y,12,9,5,0.5556,0,0.2,0.1845,1.0,1,0,0
tmqm_101,Sc,9,26,17,0.6538,0,0.1,5.0943,1.0,0,0,0
tmqm_102,La,4,25,10,0.4,0,0.0625,-2.97,1.0,0,0,0
tmqm_103,La,11,26,2,0.0769,0,0.04,-2.4032,1.0,0,0,1
tmqm_104,Y,8,26,18,0.6923,0,0.1111,1.6231,1.0,0,0,0
tmqm_105,Sc,6,29,25,0.8621,0,0.2,4.7479,1.0,0,0,0
tmqm_106,Y,5,26,11,0.4231,0,0.0625,3.0802,1.0,0,0,0
tmqm_107,Y,8,26,23,0.8846,0,0.25,3.5029,1.0,0,0,0
tmqm_108,Sc,4,23,15,0.6522,0,0.1111,5.0618,1.0,0,0,0
tmqm_109,Y,4,16,2,0.125,0,0.0667,-0.648,1.0,0,0,0
tmqm_110,La,7,26,18,0.6923,0,0.1111,-0.5598,1.0,0,0,0
tmqm_111,La,8,26,7,0.2692,0,0.05,-3.2469,1.0,0,0,0
tmqm_112,La,5,26,6,0.2308,0,0.0476,-7.1876,1.0,0,0,0
tmqm_113,La,8,27,9,0.3333,0,0.0526,-3.786,1.0,0,0,0
tmqm_114,Y,4,26,9,0.3462,0,0.0556,1.8559,1.0,0,0,0
tmqm_115,Y,13,27,20,0.7407,0,0.125,2.1036,1.0,0,0,0
tmqm_116,Y,5,16,0,0.0,0,0.0588,-1.892,1.0,0,0,0
tmqm_117,Y,6,26,3,0.1154,0,0.0417,-5.1054,1.0,0,0,0
tmqm_118,Y,3,25,19,0.76,0,0.1429,0.6339,1.0,0,0,0
tmqm_119,Y,6,29,14,0.4828,0,0.0625,-2.6774,1.0,0,0,0
tmqm_120,Sc,7,16,9,0.5625,0,0.125,-0.0614,1.0,0,0,0
tmqm_121,Sc,8,26,16,0.6154,0,0.0909,-2.0353,1.0,0,0,0
tmqm_122,La,6,23,10,0.4348,0,0.0714,-2.4472,1.0,0,0,0
tmqm_123,Y,7,26,13,0.5,0,0.0714,-3.2381,1.0,0,0,0
tmqm_124,Y,3,20,12,0.6,0,0.1111,-3.3709,1.0,0,0,0
tmqm_125,Y,8,26,20,0.7692,0,0.1429,3.4974,1.0,0,0,0
tmqm_126,Y,9,29,17,0.5862,0,0.0769,-2.8454,1.0,1,0,0
tmqm_127,Y,6,26,10,0.3846,0,0.0588,-4.7527,1.0,0,0,0
tmqm_128,Sc,10,26,17,0.6538,0,0.1,2.4217,1.0,0,0,0
tmqm_129,La,4,23,5,0.2174,0,0.0526,-5.3235,1.0,0,0,0
tmqm_130,Sc,12,29,17,0.5862,0,0.0769,-2.3161,1.0,0,0,0
tmqm_131,La,9,26,11,0.4231,0,0.0625,-2.7863,1.0,0,0,0
tmqm_132,Sc,6,26,24,0.9231,0,0.3333,5.1353,1.0,0,0,0
tmqm_133,Sc,6,26,21,0.8077,0,0.1667,5.1049,1.0,0,0,0
tmqm_134,La,6,23,17,0.7391,0,0.1429,0.0474,1.0,0,0,0
tmqm_135,La,3,22,18,0.8182,0,0.2,10.7673,1.0,0,0,0
tmqm_136,Y,4,16,0,0.0,0,0.0588,-0.6095,1.0,0,0,0
tmqm_137,Y,5,24,13,0.5417,0,0.0833,4.4607,1.0,0,0,0
tmqm_138,Sc,4,23,18,0.7826,0,0.1667,5.2556,1.0,0,0,0
tmqm_139,Y,3,12,3,0.25,0,0.1,-0.4895,1.0,0,0,0
tmqm_140,Sc,8,27,16,0.5926,0,0.0833,-1.0099,1.0,0,0,0
tmqm_141,La,13,27,16,0.5926,0,0.0833,2.5468,1.0,0,0,0
tmqm_142,Sc,5,26,18,0.6923,0,0.1111,6.4171,1.0,0,0,0
tmqm_143,Y,6,27,8,0.2963,0,0.05,-4.3121,1.0,0,0,0
tmqm_144,Sc,7,26,11,0.4231,0,0.0625,-1.6253,1.0,0,0,0
tmqm_145,La,6,12,7,0.5833,0,0.1667,0.186,1.0,0,0,0
tmqm_146,La,6,26,13,0.5,0,0.0714,-1.8709,1.0,0,0,0
tmqm_147,Y,12,23,12,0.5217,0,0.0833,-0.7315,1.0,0,0,0
tmqm_148,Sc,6,26,20,0.7692,0,0.1429,5.651,1.0,0,0,0
tmqm_149,Sc,6,25,15,0.6,0,0.0909,5.4836,1.0,0,0,0
tmqm_150,Sc,7,29,14,0.4828,0,0.0625,-1.061,1.0,1,0,0
tmqm_151,La,4,26,11,0.4231,0,0.0625,-3.4703,1.0,1,0,0
tmqm_152,La,6,26,12,0.4615,0,0.0667,-1.1846,1.0,0,0,0
tmqm_153,La,12,22,17,0.7727,0,0.1667,7.9706,1.0,0,0,0
tmqm_154,Y,5,26,17,0.6538,0,0.1,1.519,1.0,0,0,0
tmqm_155,Y,5,26,14,0.5385,0,0.0769,2.4381,1.0,0,0,0
tmqm_156,La,5,24,2,0.0833,0,0.0435,-5.2133,1.0,0,0,0
tmqm_157,La,6,12,12,1.0,1,1.0,1.8917,1.0,0,0,0
tmqm_158,Y,5,26,18,0.6923,0,0.1111,2.8315,1.0,0,0,0
tmqm_159,La,5,25,8,0.32,0,0.0556,-7.4243,1.0,0,0,0
tmqm_160,Sc,6,22,16,0.7273,0,0.1429,5.8284,1.0,0,0,0
tmqm_161,Sc,6,29,25,0.8621,0,0.2,6.9495,1.0,0,0,0
tmqm_162,La,10,26,14,0.5385,0,0.0769,-1.1151,1.0,0,0,0
tmqm_163,La,6,12,5,0.4167,0,0.125,-0.0082,1.0,0,1,0
tmqm_164,Y,5,24,16,0.6667,0,0.1111,2.4714,1.0,0,0,0
tmqm_165,Y,4,27,16,0.5926,0,0.0833,2.7624,1.0,0,0,0
tmqm_166,La,8,27,4,0.1481,0,0.0417,-2.2272,1.0,0,0,0
tmqm_167,Sc,5,26,14,0.5385,0,0.0769,4.6754,1.0,0,0,0
tmqm_168,Sc,6,27,21,0.7778,0,0.1429,5.6822,1.0,0,0,0
tmqm_169,La,6,16,7,0.4375,0,0.1,0.0352,1.0,0,0,0
tmqm_170,Sc,5,26,11,0.4231,0,0.0625,5.6581,1.0,0,0,0
tmqm_171,Y,4,26,19,0.7308,0,0.125,2.3107,1.0,0,0,0
tmqm_172,Y,4,26,15,0.5769,0,0.0833,3.7592,1.0,0,0,0
tmqm_173,Y,8,18,9,0.5,0,0.1,4.6491,1.0,0,0,0
tmqm_174,La,7,26,13,0.5,0,0.0714,1.1984,1.0,0,0,0
tmqm_175,Y,2,25,13,0.52,0,0.0769,-2.4108,1.0,0,0,0
tmqm_176,La,14,18,10,0.5556,0,0.1111,0.8949,1.0,0,0,0
tmqm_177,Y,8,24,15,0.625,0,0.1,3.2585,1.0,0,0,0
tmqm_178,La,8,27,2,0.0741,0,0.0385,-4.0363,1.0,0,0,0
tmqm_179,Sc,5,26,11,0.4231,0,0.0625,5.1533,1.0,0,0,0
tmqm_180,La,6,26,18,0.6923,0,0.1111,-0.9335,1.0,0,0,0
tmqm_181,Sc,7,26,9,0.3462,0,0.0556,-1.7627,1.0,0,0,0
tmqm_182,La,4,26,8,0.3077,0,0.0526,-4.0416,1.0,0,0,0
tmqm_183,Y,9,26,11,0.4231,0,0.0625,-4.6377,1.0,0,0,0
tmqm_184,Sc,6,29,22,0.7586,0,0.125,5.9771,1.0,0,0,0
tmqm_185,La,6,16,7,0.4375,0,0.1,-0.0236,1.0,0,0,0
tmqm_186,Sc,8,26,18,0.6923,0,0.1111,-0.7607,1.0,0,0,0
tmqm_187,Y,7,22,2,0.0909,0,0.0476,-4.6358,1.0,0,0,0
tmqm_188,Y,4,22,13,0.5909,0,0.1,1.8713,1.0,0,1,0
tmqm_189,Sc,12,29,16,0.5517,0,0.0714,-0.9007,1.0,0,0,0
tmqm_190,La,13,27,16,0.5926,0,0.0833,2.3536,1.0,0,0,0
tmqm_191,Y,6,26,14,0.5385,0,0.0769,-4.2051,1.0,0,0,0
tmqm_192,Sc,7,26,8,0.3077,0,0.0526,-2.0161,1.0,0,0,0
tmqm_193,Sc,5,26,13,0.5,0,0.0714,4.2822,1.0,0,0,0
tmqm_194,Y,4,26,9,0.3462,0,0.0556,0.8063,1.0,0,0,1
tmqm_195,La,6,21,6,0.2857,0,0.0625,1.0624,1.0,0,0,0
tmqm_196,La,3,14,9,0.6429,0,0.1667,0.6996,1.0,0,0,0
tmqm_197,Y,8,26,19,0.7308,0,0.125,3.0135,1.0,0,0,0
tmqm_198,Y,12,25,12,0.48,0,0.0714,-1.176,1.0,0,0,0
tmqm_199,Sc,6,22,18,0.8182,0,0.2,5.3096,1.0,0,0,0
tmqm_200,Y,4,26,9,0.3462,0,0.0556,1.3663,1.0,0,0,0
tmqm_201,La,4,24,9,0.375,0,0.0625,-4.2942,1.0,0,0,0
tmqm_202,Sc,6,26,19,0.7308,0,0.125,4.3184,1.0,0,0,0
tmqm_203,Sc,6,25,15,0.6,0,0.0909,5.1644,1.0,0,0,0
tmqm_204,Y,7,13,10,0.7692,0,0.25,0.8728,1.0,0,0,0
tmqm_205,Y,6,26,7,0.2692,0,0.05,-4.9264,1.0,0,0,0
tmqm_206,Sc,4,23,17,0.7391,0,0.1429,4.5281,1.0,0,0,0
tmqm_207,Sc,5,26,15,0.5769,0,0.0833,4.5244,1.0,0,0,0
tmqm_208,Y,8,26,20,0.7692,0,0.1429,3.5507,1.0,0,0,0
tmqm_209,Y,6,27,9,0.3333,0,0.0526,-4.5547,1.0,0,0,0
tmqm_210,Y,7,24,7,0.2917,0,0.0556,-3.0629,1.0,0,0,0
tmqm_211,Y,10,16,0,0.0,0,0.0588,-0.9151,1.0,0,0,0
tmqm_212,Y,6,26,5,0.1923,0,0.0455,-4.9347,1.0,0,0,0
tmqm_213,La,7,16,8,0.5,0,0.1111,-0.1334,1.0,0,0,0
tmqm_214,Sc,10,26,16,0.6154,0,0.0909,1.477,1.0,0,0,0
tmqm_215,Y,8,26,13,0.5,0,0.0714,3.6463,1.0,0,0,0
tmqm_216,La,4,27,7,0.2593,0,0.0476,-5.8313,1.0,0,0,0
tmqm_217,La,3,22,16,0.7273,0,0.1429,11.7386,1.0,0,0,0
tmqm_218,La,13,24,15,0.625,0,0.1,2.2944,1.0,0,0,0
tmqm_219,La,8,23,5,0.2174,0,0.0526,-3.9093,1.0,0,0,0
tmqm_220,Sc,4,16,6,0.375,0,0.0909,-0.2762,1.0,0,0,0
tmqm_221,Sc,10,27,18,0.6667,0,0.1,4.6546,1.0,0,0,0
tmqm_222,Y,8,15,9,0.6,0,0.1429,0.2054,1.0,0,0,0
tmqm_223,La,7,26,18,0.6923,0,0.1111,1.4006,1.0,0,0,0
tmqm_224,Y,3,22,12,0.5455,0,0.0909,-2.2188,1.0,0,0,0
tmqm_225,Y,4,27,13,0.4815,0,0.0667,4.2301,1.0,0,0,0
tmqm_226,La,9,16,0,0.0,0,0.0588,-1.2181,1.0,0,0,0
tmqm_227,Sc,5,26,16,0.6154,0,0.0909,3.8059,1.0,0,0,0
tmqm_228,Y,6,26,18,0.6923,0,0.1111,-3.5237,1.0,0,0,0
tmqm_229,Y,7,22,7,0.3182,0,0.0625,-3.5549,1.0,0,0,0
tmqm_230,Y,7,24,2,0.0833,0,0.0435,-4.4828,1.0,0,0,0
tmqm_231,Y,13,25,15,0.6,0,0.0909,3.2112,1.0,0,0,0
tmqm_232,La,3,22,20,0.9091,0,0.3333,11.8044,1.0,0,0,0
tmqm_233,Sc,4,23,14,0.6087,0,0.1,3.0834,1.0,0,0,0
tmqm_234,Y,8,24,11,0.4583,0,0.0714,3.4423,1.0,0,0,0
tmqm_235,Y,4,26,12,0.4615,0,0.0667,4.2865,1.0,0,0,0
tmqm_236,Y,7,15,10,0.6667,0,0.1667,0.6192,1.0,0,0,0
tmqm_237,Sc,8,27,20,0.7407,0,0.125,-0.7744,1.0,0,0,0
tmqm_238,Sc,5,15,11,0.7333,0,0.2,0.6263,1.0,0,0,0
tmqm_239,Sc,8,26,16,0.6154,0,0.0909,-1.1247,1.0,0,0,0
tmqm_240,Y,11,27,13,0.4815,0,0.0667,-1.7985,1.0,0,0,0
tmqm_241,Sc,6,22,16,0.7273,0,0.1429,5.2197,1.0,0,0,0
tmqm_242,Y,10,19,8,0.4211,0,0.0833,2.1342,1.0,0,0,0
tmqm_243,Y,7,24,5,0.2083,0,0.05,-4.2989,1.0,0,0,0
tmqm_244,Y,4,26,14,0.5385,0,0.0769,2.0365,1.0,0,0,0
tmqm_245,Sc,12,29,13,0.4483,0,0.0588,-2.8076,1.0,0,0,0
tmqm_246,Sc,5,26,17,0.6538,0,0.1,7.2733,1.0,0,0,0
tmqm_247,Sc,5,26,16,0.6154,0,0.0909,3.6301,1.0,0,0,0
tmqm_248,La,7,27,17,0.6296,0,0.0909,1.3953,1.0,0,0,0
tmqm_249,La,5,24,9,0.375,0,0.0625,-7.7573,1.0,0,0,1
tmqm_250,La,9,26,6,0.2308,0,0.0476,-1.9252,1.0,0,0,0
tmqm_251,Y,6,29,8,0.2759,0,0.0455,-4.4585,1.0,0,0,0
tmqm_252,Y,10,23,13,0.5652,0,0.0909,2.8306,1.0,0,0,0
tmqm_253,Y,7,29,17,0.5862,0,0.0769,-2.3293,1.0,0,0,0
tmqm_254,La,7,26,12,0.4615,0,0.0667,-0.1336,1.0,0,0,0
tmqm_255,Y,8,24,18,0.75,0,0.1429,3.9899,1.0,0,0,1
tmqm_256,Y,6,29,11,0.3793,0,0.0526,-2.6715,1.0,0,0,0
tmqm_257,La,13,27,24,0.8889,0,0.25,2.4484,1.0,0,0,0
tmqm_258,La,8,26,13,0.5,0,0.0714,-2.8579,1.0,0,0,0
tmqm_259,Y,3,20,11,0.55,0,0.1,-1.5509,1.0,0,0,0
tmqm_260,La,8,27,16,0.5926,0,0.0833,-2.1748,1.0,0,0,0
tmqm_261,La,3,22,16,0.7273,0,0.1429,12.0775,1.0,0,0,0
tmqm_262,La,5,26,9,0.3462,0,0.0556,-6.1501,1.0,0,0,0
tmqm_263,Y,7,23,5,0.2174,0,0.0526,-3.8257,1.0,0,0,1
tmqm_264,Sc,6,29,26,0.8966,0,0.25,5.8408,1.0,0,0,0
tmqm_265,La,13,24,18,0.75,0,0.1429,3.4961,1.0,0,0,0
tmqm_266,Y,4,26,14,0.5385,0,0.0769,2.8486,1.0,0,0,0
tmqm_267,La,6,26,14,0.5385,0,0.0769,-1.053,1.0,0,0,0
tmqm_268,La,3,22,14,0.6364,0,0.1111,12.1001,1.0,0,0,0
tmqm_269,Y,5,26,15,0.5769,0,0.0833,2.4243,1.0,0,0,0
tmqm_270,Y,5,26,15,0.5769,0,0.0833,2.9345,1.0,0,0,0
tmqm_271,La,10,23,11,0.4783,0,0.0769,-0.2568,1.0,0,0,0
tmqm_272,La,5,24,8,0.3333,0,0.0588,-7.3024,1.0,0,0,0
tmqm_273,Y,7,24,4,0.1667,0,0.0476,-3.4804,1.0,0,0,0
tmqm_274,La,4,26,10,0.3846,0,0.0588,-4.5741,1.0,0,0,0
tmqm_275,Y,3,25,18,0.72,0,0.125,-1.3705,1.0,0,0,0
tmqm_276,Sc,7,26,9,0.3462,0,0.0556,-2.6861,1.0,0,0,0
tmqm_277,Y,5,16,13,0.8125,0,0.25,0.8164,1.0,0,0,0
tmqm_278,Y,5,16,5,0.3125,0,0.0833,-0.4325,1.0,0,0,0
tmqm_279,La,9,26,11,0.4231,0,0.0625,-3.1794,1.0,0,0,0
tmqm_280,La,4,23,7,0.3043,0,0.0588,-5.2693,1.0,0,0,0
tmqm_281,Y,6,26,15,0.5769,0,0.0833,-4.4989,1.0,0,0,0
tmqm_282,Sc,6,13,8,0.6154,0,0.1667,3.5316,1.0,0,0,0
tmqm_283,Y,4,26,14,0.5385,0,0.0769,3.3523,1.0,0,0,0
tmqm_284,Y,6,26,13,0.5,0,0.0714,-3.8748,1.0,0,0,0
tmqm_285,La,11,26,10,0.3846,0,0.0588,-0.0428,1.0,0,0,0
tmqm_286,Y,3,22,16,0.7273,0,0.1429,-2.6744,1.0,0,0,0
tmqm_287,La,13,27,18,0.6667,0,0.1,3.1574,1.0,0,0,0
tmqm_288,Sc,10,26,17,0.6538,0,0.1,4.4955,1.0,0,0,0
tmqm_289,Sc,4,23,11,0.4783,0,0.0769,3.9574,1.0,0,0,0
tmqm_290,Y,7,26,9,0.3462,0,0.0556,-3.8265,1.0,0,0,0
tmqm_291,Y,4,26,14,0.5385,0,0.0769,1.7286,1.0,0,0,0
tmqm_292,Y,7,24,5,0.2083,0,0.05,-4.0091,1.0,0,0,0
tmqm_293,Y,4,26,12,0.4615,0,0.0667,3.9796,1.0,0,0,0
tmqm_294,Sc,5,26,23,0.8846,0,0.25,5.9006,1.0,0,0,0
tmqm_295,La,7,26,20,0.7692,0,0.1429,0.6675,1.0,0,0,0
tmqm_296,Y,9,26,13,0.5,0,0.0714,-4.9999,1.0,0,0,0
tmqm_297,Sc,6,27,23,0.8519,0,0.2,5.2889,1.0,0,0,0
tmqm_298,Sc,5,26,16,0.6154,0,0.0909,6.0547,1.0,0,0,0
tmqm_299,La,7,26,18,0.6923,0,0.1111,1.1868,1.0,0,0,0
tmqm_300,Y,4,26,19,0.7308,0,0.125,3.1075,1.0,0,0,0
tmqm_301,Sc,6,29,21,0.7241,0,0.1111,5.6999,1.0,0,0,0
tmqm_302,Y,5,24,15,0.625,0,0.1,2.7282,1.0,0,0,0
tmqm_303,Y,8,26,21,0.8077,0,0.1667,3.7291,1.0,0,0,0
tmqm_304,La,11,29,11,0.3793,0,0.0526,-0.6161,1.0,0,0,0
tmqm_305,Sc,4,23,18,0.7826,0,0.1667,5.2542,1.0,0,0,0
tmqm_306,La,9,26,10,0.3846,0,0.0588,-3.1413,1.0,0,0,0
tmqm_307,La,2,25,20,0.8,0,0.1667,0.8175,1.0,0,0,0
tmqm_308,Y,6,29,8,0.2759,0,0.0455,-3.6879,1.0,0,0,0
tmqm_309,La,6,24,11,0.4583,0,0.0714,-1.4001,1.0,0,0,0
tmqm_310,La,5,25,13,0.52,0,0.0769,-6.2272,1.0,1,0,0
tmqm_311,La,3,25,11,0.44,0,0.0667,9.3035,1.0,0,0,0
tmqm_312,Y,7,24,6,0.25,0,0.0526,-3.384,1.0,0,0,0
tmqm_313,La,4,24,12,0.5,0,0.0769,-5.9449,1.0,0,0,0
tmqm_314,Sc,8,26,10,0.3846,0,0.0588,-2.3852,1.0,0,0,0
tmqm_315,Sc,8,26,17,0.6538,0,0.1,0.1752,1.0,0,0,0
tmqm_316,Y,5,26,15,0.5769,0,0.0833,4.6906,1.0,0,0,0
tmqm_317,La,7,27,16,0.5926,0,0.0833,0.9626,1.0,0,0,0
tmqm_318,Y,5,26,11,0.4231,0,0.0625,2.1227,1.0,0,0,0
tmqm_319,Y,8,24,12,0.5,0,0.0769,3.6592,1.0,0,0,0
tmqm_320,La,8,27,14,0.5185,0,0.0714,-3.0117,1.0,0,0,0
tmqm_321,Y,9,27,12,0.4444,0,0.0625,-3.1646,1.0,0,0,0
tmqm_322,Sc,7,27,9,0.3333,0,0.0526,-1.6698,1.0,0,0,0
tmqm_323,Sc,9,26,20,0.7692,0,0.1429,5.7222,1.0,0,0,0
tmqm_324,Y,7,23,4,0.1739,0,0.05,-3.3773,1.0,0,0,0
tmqm_325,Y,5,26,11,0.4231,0,0.0625,2.7429,1.0,0,0,0
tmqm_326,Y,5,24,15,0.625,0,0.1,4.0156,1.0,0,0,0
tmqm_327,La,6,21,13,0.619,0,0.1111,-0.1509,1.0,0,0,0
tmqm_328,Sc,5,26,15,0.5769,0,0.0833,4.4795,1.0,0,0,0
tmqm_329,Y,5,26,14,0.5385,0,0.0769,1.1254,1.0,0,0,0
tmqm_330,Sc,5,26,21,0.8077,0,0.1667,6.2596,1.0,0,0,0
tmqm_331,Sc,4,14,0,0.0,0,0.0667,-0.5156,1.0,0,0,0
tmqm_332,Sc,5,27,18,0.6667,0,0.1,4.7262,1.0,0,0,1
tmqm_333,Y,3,25,18,0.72,0,0.125,0.5676,1.0,0,0,0
tmqm_334,Sc,6,23,19,0.8261,0,0.2,8.5644,1.0,0,0,0
tmqm_335,Y,8,24,17,0.7083,0,0.125,3.5201,1.0,0,0,0
tmqm_336,La,8,26,5,0.1923,0,0.0455,-3.8153,1.0,0,0,0
tmqm_337,Sc,11,26,6,0.2308,0,0.0476,-3.4004,1.0,0,0,0
tmqm_338,Y,7,23,5,0.2174,0,0.0526,-4.1005,1.0,0,0,0
tmqm_339,Y,7,22,7,0.3182,0,0.0625,-3.9027,1.0,0,0,0
tmqm_340,La,8,23,7,0.3043,0,0.0588,-4.904,1.0,0,0,0
tmqm_341,La,6,21,13,0.619,0,0.1111,-1.2149,1.0,0,0,0
tmqm_342,La,12,26,20,0.7692,0,0.1429,6.7706,1.0,0,0,0
tmqm_343,La,5,26,6,0.2308,0,0.0476,-6.7122,1.0,0,0,0
tmqm_344,Sc,6,26,25,0.9615,0,0.5,7.1243,1.0,0,0,0
tmqm_345,Y,13,25,19,0.76,0,0.1429,2.486,1.0,0,0,0
tmqm_346,La,12,26,21,0.8077,0,0.1667,6.7327,1.0,0,0,0
tmqm_347,La,8,23,6,0.2609,0,0.0556,-4.475,1.0,0,0,0
tmqm_348,Y,4,26,19,0.7308,0,0.125,0.4227,1.0,0,0,0
tmqm_349,Y,8,24,17,0.7083,0,0.125,3.9719,1.0,1,0,0
tmqm_350,La,4,24,8,0.3333,0,0.0588,-4.6446,1.0,0,0,0
tmqm_351,La,5,15,12,0.8,0,0.25,0.6306,1.0,0,0,0
tmqm_352,La,4,26,14,0.5385,0,0.0769,-4.2543,1.0,0,0,0
tmqm_353,La,8,23,1,0.0435,0,0.0435,-4.7714,1.0,0,0,0
tmqm_354,La,6,21,10,0.4762,0,0.0833,-1.1751,1.0,0,0,0
tmqm_355,La,3,22,14,0.6364,0,0.1111,10.2114,1.0,0,0,0
tmqm_356,La,7,15,6,0.4,0,0.1,0.1425,1.0,0,0,0
tmqm_357,La,9,26,16,0.6154,0,0.0909,-1.2933,1.0,0,0,0
tmqm_358,Sc,6,26,22,0.8462,0,0.2,4.3505,1.0,0,0,0
tmqm_359,La,10,16,5,0.3125,0,0.0833,-0.1564,1.0,0,0,0
tmqm_360,Y,4,26,15,0.5769,0,0.0833,2.2685,1.0,0,0,0
tmqm_361,Y,8,24,15,0.625,0,0.1,3.1836,1.0,0,0,0
tmqm_362,La,4,24,11,0.4583,0,0.0714,-4.7105,1.0,0,0,1
tmqm_363,La,7,26,14,0.5385,0,0.0769,0.7374,1.0,0,0,0
tmqm_364,Y,6,26,15,0.5769,0,0.0833,-4.1866,1.0,0,0,0
tmqm_365,Y,8,26,13,0.5,0,0.0714,2.9599,1.0,0,0,0
tmqm_366,La,5,15,11,0.7333,0,0.2,0.6197,1.0,0,0,0
tmqm_367,La,13,25,20,0.8,0,0.1667,3.2259,1.0,0,0,0
tmqm_368,La,11,27,17,0.6296,0,0.0909,-0.263,1.0,0,0,0
tmqm_369,Y,9,26,7,0.2692,0,0.05,-4.8023,1.0,0,0,0
tmqm_370,Y,5,25,14,0.56,0,0.0833,4.4469,1.0,0,0,0
tmqm_371,Sc,5,26,16,0.6154,0,0.0909,4.8786,1.0,0,0,0
tmqm_372,La,8,26,5,0.1923,0,0.0455,-3.9659,1.0,0,0,0
tmqm_373,Sc,4,23,19,0.8261,0,0.2,4.5923,1.0,0,0,1
tmqm_374,Y,6,29,10,0.3448,0,0.05,-3.999,1.0,0,0,0
tmqm_375,Sc,5,26,17,0.6538,0,0.1,3.3922,1.0,1,0,0
tmqm_376,La,9,26,6,0.2308,0,0.0476,-2.9259,1.0,0,0,0
tmqm_377,Y,7,24,11,0.4583,0,0.0714,-3.0192,1.0,0,0,0
tmqm_378,La,7,26,12,0.4615,0,0.0667,1.2508,1.0,0,0,1
tmqm_379,Y,4,16,4,0.25,0,0.0769,-0.5019,1.0,0,0,0
tmqm_380,Y,6,16,0,0.0,0,0.0588,-0.8006,1.0,0,0,0
tmqm_381,Y,4,22,13,0.5909,0,0.1,3.1484,1.0,0,0,0
tmqm_382,La,5,25,12,0.48,0,0.0714,-6.1847,1.0,0,0,0
tmqm_383,La,9,26,9,0.3462,0,0.0556,-3.2284,1.0,0,0,0
tmqm_384,Y,3,22,10,0.4545,0,0.0769,-2.6616,1.0,0,0,0
tmqm_385,Sc,7,26,15,0.5769,0,0.0833,-2.245,1.0,0,0,0
tmqm_386,La,9,21,7,0.3333,0,0.0667,-2.5367,1.0,0,0,0
tmqm_387,Y,4,26,18,0.6923,0,0.1111,2.6584,1.0,0,0,0
tmqm_388,Y,6,15,11,0.7333,0,0.2,0.5099,1.0,0,0,0
tmqm_389,Sc,4,13,2,0.1538,0,0.0833,-0.2295,1.0,0,0,0
tmqm_390,Y,9,26,13,0.5,0,0.0714,-3.8358,1.0,0,0,0
tmqm_391,La,7,27,20,0.7407,0,0.125,0.8394,1.0,0,0,0
tmqm_392,Y,7,24,9,0.375,0,0.0625,-4.1446,1.0,0,0,0
tmqm_393,La,5,24,3,0.125,0,0.0455,-7.0049,1.0,0,0,0
tmqm_394,Y,6,12,6,0.5,0,0.1429,1.2827,1.0,0,0,0
tmqm_395,La,12,27,21,0.7778,0,0.1429,8.6945,1.0,1,0,0
tmqm_396,Sc,5,27,24,0.8889,0,0.25,6.3431,1.0,0,0,0
tmqm_397,Y,6,16,8,0.5,0,0.1111,0.1117,1.0,0,0,0
tmqm_398,La,12,29,23,0.7931,0,0.1429,5.2639,1.0,0,0,0
tmqm_399,La,9,26,15,0.5769,0,0.0833,-2.7089,1.0,0,0,0
tmqm_400,Y,3,20,11,0.55,0,0.1,-1.2402,1.0,0,0,0
tmqm_401,Y,6,26,9,0.3462,0,0.0556,-3.567,1.0,0,0,0
tmqm_402,Y,4,26,13,0.5,0,0.0714,2.6973,1.0,0,0,0
tmqm_403,La,6,23,10,0.4348,0,0.0714,0.1432,1.0,0,0,0
tmqm_404,Sc,10,26,14,0.5385,0,0.0769,2.0932,1.0,0,0,0
tmqm_405,Sc,7,26,15,0.5769,0,0.0833,-0.6668,1.0,0,0,0
tmqm_406,Sc,6,22,20,0.9091,0,0.3333,5.819,1.0,0,0,0
tmqm_407,Zr,12,29,22,0.7586,0,0.125,8.7832,1.0,0,0,0
tmqm_408,Hf,6,29,18,0.6207,0,0.0833,-0.5892,1.0,0,0,0
tmqm_409,Ti,8,26,5,0.1923,0,0.0455,-3.4379,1.0,0,0,0
tmqm_410,Zr,9,26,10,0.3846,0,0.0588,3.3353,1.0,0,0,0
tmqm_411,Zr,7,26,23,0.8846,0,0.25,7.3511,1.0,0,0,0
tmqm_412,Zr,8,29,17,0.5862,0,0.0769,-1.3152,1.0,0,0,0
tmqm_413,Zr,10,26,22,0.8462,0,0.2,7.124,1.0,0,0,0
tmqm_414,Hf,12,26,12,0.4615,0,0.0667,3.6577,1.0,0,0,0
tmqm_415,Ti,5,25,9,0.36,0,0.0588,-0.4732,1.0,0,0,0
tmqm_416,Zr,10,28,17,0.6071,0,0.0833,7.9971,1.0,0,0,0
tmqm_417,Zr,4,16,3,0.1875,0,0.0714,-0.525,1.0,0,0,0
tmqm_418,Hf,8,28,20,0.7143,0,0.1111,1.9509,1.0,0,0,0
tmqm_419,Zr,13,28,22,0.7857,0,0.1429,3.8517,1.0,0,0,0
tmqm_420,Hf,11,26,12,0.4615,0,0.0667,3.1449,1.0,0,0,0
tmqm_421,Ti,8,29,18,0.6207,0,0.0833,0.0858,1.0,0,0,0
tmqm_422,Ti,13,28,17,0.6071,0,0.0833,1.6033,1.0,0,0,0
tmqm_423,Ti,6,29,19,0.6552,0,0.0909,1.197,1.0,0,0,0
tmqm_424,Ti,5,23,17,0.7391,0,0.1429,1.6028,1.0,0,0,0
tmqm_425,Hf,12,27,16,0.5926,0,0.0833,4.238,1.0,0,0,0
tmqm_426,Ti,7,24,14,0.5833,0,0.0909,5.1537,1.0,0,0,0
tmqm_427,Ti,14,25,18,0.72,0,0.125,3.9141,1.0,0,0,0
tmqm_428,Zr,13,28,15,0.5357,0,0.0714,3.3876,1.0,0,1,0
tmqm_429,Ti,5,26,21,0.8077,0,0.1667,-0.3469,1.0,0,0,0
tmqm_430,Zr,6,24,12,0.5,0,0.0769,-0.4803,1.0,0,0,0
tmqm_431,Ti,6,21,10,0.4762,0,0.0833,1.605,1.0,0,0,0
tmqm_432,Zr,11,27,18,0.6667,0,0.1,3.8988,1.0,0,0,0
tmqm_433,Hf,10,25,8,0.32,0,0.0556,-3.6822,1.0,0,0,0
tmqm_434,Ti,6,29,17,0.5862,0,0.0769,2.531,1.0,0,0,0
tmqm_435,Ti,7,24,23,0.9583,0,0.5,7.549,1.0,0,0,0
tmqm_436,Ti,11,27,16,0.5926,0,0.0833,1.3186,1.0,0,0,0
tmqm_437,Hf,6,26,11,0.4231,0,0.0625,-3.0139,1.0,0,0,0
tmqm_438,Zr,12,27,17,0.6296,0,0.0909,7.4268,1.0,0,0,0
tmqm_439,Hf,10,26,17,0.6538,0,0.1,-3.5334,1.0,0,0,0
tmqm_440,Zr,5,27,14,0.5185,0,0.0714,6.1033,1.0,0,0,0
tmqm_441,Zr,10,28,21,0.75,0,0.125,9.4009,1.0,0,0,0
tmqm_442,Hf,6,29,16,0.5517,0,0.0714,-1.3582,1.0,0,0,0
tmqm_443,Zr,6,25,12,0.48,0,0.0714,-0.8074,1.0,0,0,0
tmqm_444,Zr,10,26,21,0.8077,0,0.1667,5.0029,1.0,0,0,1
tmqm_445,Zr,6,26,20,0.7692,0,0.1429,0.0792,1.0,0,0,0
tmqm_446,Hf,5,26,12,0.4615,0,0.0667,0.9004,1.0,0,0,0
tmqm_447,Zr,5,24,15,0.625,0,0.1,6.3394,1.0,0,0,0
tmqm_448,Zr,12,29,26,0.8966,0,0.25,7.5366,1.0,1,0,0
tmqm_449,Hf,11,26,12,0.4615,0,0.0667,3.4704,1.0,0,0,0
tmqm_450,Ti,8,26,15,0.5769,0,0.0833,-2.1302,1.0,0,0,0
tmqm_451,Zr,12,27,20,0.7407,0,0.125,6.9964,1.0,0,0,0
tmqm_452,Zr,8,26,7,0.2692,0,0.05,-2.373,1.0,0,0,0
tmqm_453,Hf,4,26,9,0.3462,0,0.0556,-3.9242,1.0,0,0,0
tmqm_454,Ti,6,26,13,0.5,0,0.0714,-1.2964,1.0,0,0,0
tmqm_455,Ti,8,29,11,0.3793,0,0.0526,-1.8033,1.0,0,0,0
tmqm_456,Zr,12,26,15,0.5769,0,0.0833,5.7895,1.0,0,0,0
tmqm_457,Ti,11,26,11,0.4231,0,0.0625,2.2678,1.0,0,0,0
tmqm_458,Zr,9,27,16,0.5926,0,0.0833,3.9226,1.0,0,0,0
tmqm_459,Ti,9,27,14,0.5185,0,0.0714,3.4526,1.0,0,0,0
tmqm_460,Hf,4,26,12,0.4615,0,0.0667,-2.731,1.0,0,0,0
tmqm_461,Zr,8,26,12,0.4615,0,0.0667,-1.5093,1.0,0,0,0
tmqm_462,Zr,6,27,8,0.2963,0,0.05,-0.7607,1.0,0,0,0
tmqm_463,Ti,6,26,21,0.8077,0,0.1667,0.4147,1.0,0,0,0
tmqm_464,Ti,6,29,26,0.8966,0,0.25,2.4882,1.0,0,0,0
tmqm_465,Zr,12,27,16,0.5926,0,0.0833,7.3046,1.0,0,0,0
tmqm_466,Zr,10,26,18,0.6923,0,0.1111,8.1543,1.0,0,0,0
tmqm_467,Ti,13,25,19,0.76,0,0.1429,0.7398,1.0,0,0,0
tmqm_468,Zr,14,27,18,0.6667,0,0.1,5.6164,1.0,0,0,0
tmqm_469,Zr,14,26,24,0.9231,0,0.3333,6.5246,1.0,0,0,0
tmqm_470,Zr,8,26,13,0.5,0,0.0714,-2.4036,1.0,0,0,0
tmqm_471,Zr,7,23,20,0.8696,0,0.25,5.8877,1.0,0,0,0
tmqm_472,Ti,6,16,14,0.875,0,0.3333,0.6076,1.0,0,0,0
tmqm_473,Ti,6,27,17,0.6296,0,0.0909,1.1697,1.0,0,0,0
tmqm_474,Ti,9,26,18,0.6923,0,0.1111,3.3882,1.0,0,0,0
tmqm_475,Ti,8,29,8,0.2759,0,0.0455,-2.611,1.0,0,0,0
tmqm_476,Ti,6,27,18,0.6667,0,0.1,2.7765,1.0,0,0,0
tmqm_477,Ti,6,21,12,0.5714,0,0.1,0.0301,1.0,0,0,0
tmqm_478,Hf,6,26,12,0.4615,0,0.0667,-1.2558,1.0,0,0,0
tmqm_479,Ti,4,24,17,0.7083,0,0.125,7.953,1.0,0,0,0
tmqm_480,Zr,5,25,19,0.76,0,0.1429,5.8365,1.0,0,0,0
tmqm_481,Zr,13,28,19,0.6786,0,0.1,3.0114,1.0,0,0,0
tmqm_482,Ti,8,26,4,0.1538,0,0.0435,-3.2615,1.0,0,0,0
tmqm_483,Hf,5,27,17,0.6296,0,0.0909,2.044,1.0,0,0,0
tmqm_484,Ti,13,28,20,0.7143,0,0.1111,2.808,1.0,0,0,0
tmqm_485,Ti,7,29,18,0.6207,0,0.0833,5.2818,1.0,0,0,0
tmqm_486,Ti,12,27,11,0.4074,0,0.0588,-1.5977,1.0,0,0,0
tmqm_487,Zr,12,27,24,0.8889,0,0.25,6.6521,1.0,0,0,0
tmqm_488,Zr,14,24,22,0.9167,0,0.3333,7.198,1.0,0,0,0
tmqm_489,Zr,6,26,13,0.5,0,0.0714,0.1532,1.0,0,0,0
tmqm_490,Ti,10,26,14,0.5385,0,0.0769,-0.1106,1.0,0,0,0
tmqm_491,Zr,9,26,23,0.8846,0,0.25,3.6355,1.0,0,0,0
tmqm_492,Ti,7,27,16,0.5926,0,0.0833,3.6293,1.0,0,0,0
tmqm_493,Zr,12,29,22,0.7586,0,0.125,7.3563,1.0,0,0,0
tmqm_494,Ti,8,26,12,0.4615,0,0.0667,-1.8968,1.0,0,0,0
tmqm_495,Zr,12,26,25,0.9615,0,0.5,8.9045,1.0,0,0,0
tmqm_496,Ti,4,26,16,0.6154,0,0.0909,3.524,1.0,0,0,0
tmqm_497,Ti,6,29,13,0.4483,0,0.0588,0.0437,1.0,0,0,0
tmqm_498,Zr,12,29,21,0.7241,0,0.1111,6.3807,1.0,0,0,0
tmqm_499,Zr,6,29,20,0.6897,0,0.1,1.1087,1.0,0,0,0
tmqm_500,Zr,12,27,24,0.8889,0,0.25,8.6253,1.0,0,0,0
tmqm_501,Hf,4,26,15,0.5769,0,0.0833,-2.8633,1.0,0,0,0
tmqm_502,Hf,5,27,23,0.8519,0,0.2,2.8881,1.0,0,0,0
tmqm_503,Zr,12,29,28,0.9655,0,0.5,5.937,1.0,0,0,0
tmqm_504,Ti,8,26,14,0.5385,0,0.0769,-2.2909,1.0,0,0,0
tmqm_505,Zr,12,27,16,0.5926,0,0.0833,6.9888,1.0,0,0,0
tmqm_506,Ti,13,25,17,0.68,0,0.1111,1.6817,1.0,0,0,0
tmqm_507,Ti,5,27,15,0.5556,0,0.0769,-1.1363,1.0,0,0,0
tmqm_508,Ti,4,26,19,0.7308,0,0.125,4.5982,1.0,0,0,0
tmqm_509,Ti,11,26,15,0.5769,0,0.0833,0.0162,1.0,0,0,0
tmqm_510,Ti,7,26,16,0.6154,0,0.0909,5.3515,1.0,0,0,0
tmqm_511,Zr,13,25,19,0.76,0,0.1429,4.0507,1.0,0,0,0
tmqm_512,Hf,6,26,15,0.5769,0,0.0833,0.2378,1.0,0,0,1
tmqm_513,Ti,8,26,3,0.1154,0,0.0417,-2.6868,1.0,0,0,0
tmqm_514,Ti,8,26,13,0.5,0,0.0714,-1.6103,1.0,0,0,0
tmqm_515,Ti,8,26,14,0.5385,0,0.0769,-0.8917,1.0,0,0,0
tmqm_516,Hf,6,29,14,0.4828,0,0.0625,-2.6681,1.0,0,0,0
tmqm_517,Zr,6,26,12,0.4615,0,0.0667,-0.2797,1.0,0,0,0
tmqm_518,Ti,8,26,2,0.0769,0,0.04,-2.9758,1.0,0,0,0
tmqm_519,Ti,7,27,19,0.7037,0,0.1111,5.865,1.0,0,0,0
tmqm_520,Ti,8,29,13,0.4483,0,0.0588,-1.3093,1.0,0,0,0
tmqm_521,Ti,6,16,12,0.75,0,0.2,1.8557,1.0,0,0,0
tmqm_522,Ti,8,26,9,0.3462,0,0.0556,-2.9644,1.0,0,0,0
tmqm_523,Hf,5,26,16,0.6154,0,0.0909,1.6719,1.0,0,0,0
tmqm_524,Zr,6,26,13,0.5,0,0.0714,0.3269,1.0,0,0,0
tmqm_525,Zr,9,26,16,0.6154,0,0.0909,3.7619,1.0,0,0,0
tmqm_526,Ti,4,24,20,0.8333,0,0.2,5.7802,1.0,0,0,0
tmqm_527,Zr,8,26,16,0.6154,0,0.0909,-2.5207,1.0,1,0,0
tmqm_528,Ti,9,26,17,0.6538,0,0.1,1.6854,1.0,0,0,0
tmqm_529,Zr,12,27,17,0.6296,0,0.0909,6.7266,1.0,0,1,0
tmqm_530,Ti,6,29,19,0.6552,0,0.0909,1.0745,1.0,0,0,0
tmqm_531,Ti,12,27,19,0.7037,0,0.1111,-0.9534,1.0,0,0,0
tmqm_532,Ti,9,26,10,0.3846,0,0.0588,1.2588,1.0,0,0,0
tmqm_533,Ti,8,29,11,0.3793,0,0.0526,-2.1906,1.0,0,0,0
tmqm_534,Zr,5,25,13,0.52,0,0.0769,6.4152,1.0,0,0,0
tmqm_535,Hf,4,26,11,0.4231,0,0.0625,-2.2888,1.0,0,0,0
tmqm_536,Hf,8,26,14,0.5385,0,0.0769,1.459,1.0,0,0,0
tmqm_537,Hf,5,27,19,0.7037,0,0.1111,1.9001,1.0,0,0,0
tmqm_538,Zr,13,25,23,0.92,0,0.3333,4.4725,1.0,0,0,0
tmqm_539,Ti,9,26,8,0.3077,0,0.0526,1.4425,1.0,0,0,0
tmqm_540,Ti,7,24,20,0.8333,0,0.2,5.1782,1.0,0,0,0
tmqm_541,Zr,6,26,15,0.5769,0,0.0833,-0.0629,1.0,1,0,0
tmqm_542,Ti,10,26,10,0.3846,0,0.0588,-0.7775,1.0,0,0,0
tmqm_543,Zr,6,29,16,0.5517,0,0.0714,0.0981,1.0,0,0,0
tmqm_544,Ti,11,26,17,0.6538,0,0.1,1.1609,1.0,0,0,0
tmqm_545,Ti,8,29,16,0.5517,0,0.0714,-1.6283,1.0,0,0,0
tmqm_546,Ti,8,26,2,0.0769,0,0.04,-3.3447,1.0,0,0,0
tmqm_547,Ti,8,27,13,0.4815,0,0.0667,-2.8948,1.0,0,0,1
tmqm_548,Hf,8,26,18,0.6923,0,0.1111,1.1198,1.0,0,0,0
tmqm_549,Zr,6,27,15,0.5556,0,0.0769,1.4227,1.0,0,0,0
tmqm_550,Ti,8,26,10,0.3846,0,0.0588,-1.016,1.0,0,0,0
tmqm_551,Zr,8,26,5,0.1923,0,0.0455,-2.7023,1.0,0,0,0
tmqm_552,Ti,6,29,14,0.4828,0,0.0625,0.9186,1.0,0,0,0
tmqm_553,Hf,4,26,11,0.4231,0,0.0625,-2.8742,1.0,0,0,0
tmqm_554,Ti,13,26,15,0.5769,0,0.0833,2.4707,1.0,0,0,0
tmqm_555,Zr,6,26,19,0.7308,0,0.125,0.4791,1.0,0,0,0
tmqm_556,Zr,12,27,19,0.7037,0,0.1111,6.1758,1.0,0,0,0
tmqm_557,Ti,8,27,10,0.3704,0,0.0556,-2.0618,1.0,0,0,0
tmqm_558,Zr,8,26,7,0.2692,0,0.05,-2.0788,1.0,0,0,0
tmqm_559,Zr,8,26,9,0.3462,0,0.0556,-2.0241,1.0,0,0,0
tmqm_560,Zr,6,26,20,0.7692,0,0.1429,0.8825,1.0,0,0,0
tmqm_561,Ti,12,29,14,0.4828,0,0.0625,-0.5326,1.0,0,0,0
tmqm_562,Ti,8,26,11,0.4231,0,0.0625,-2.8763,1.0,0,0,0
tmqm_563,Hf,13,25,12,0.48,0,0.0714,-3.1611,1.0,0,0,0
tmqm_564,Ti,8,26,12,0.4615,0,0.0667,-1.5827,1.0,0,0,0
tmqm_565,Ti,4,24,21,0.875,0,0.25,7.1941,1.0,1,0,0
tmqm_566,Ti,8,26,10,0.3846,0,0.0588,-3.2675,1.0,0,0,0
tmqm_567,Zr,12,26,20,0.7692,0,0.1429,7.0481,1.0,0,0,0
tmqm_568,Hf,5,27,18,0.6667,0,0.1,2.8899,1.0,0,0,0
tmqm_569,Ti,10,27,14,0.5185,0,0.0714,-0.1349,1.0,0,0,0
tmqm_570,Zr,12,27,26,0.963,0,0.5,7.2947,1.0,0,0,0
tmqm_571,Hf,7,26,17,0.6538,0,0.1,2.5704,1.0,0,0,0
tmqm_572,Zr,12,26,12,0.4615,0,0.0667,6.6471,1.0,0,0,0
tmqm_573,Ti,4,26,23,0.8846,0,0.25,7.1097,1.0,0,0,0
tmqm_574,Zr,13,25,18,0.72,0,0.125,3.8131,1.0,0,0,0
tmqm_575,Zr,12,29,22,0.7586,0,0.125,5.4925,1.0,0,0,0
tmqm_576,Zr,8,27,15,0.5556,0,0.0769,-0.8066,1.0,0,0,0
tmqm_577,Ti,9,29,20,0.6897,0,0.1,3.1694,1.0,0,0,0
tmqm_578,Hf,6,26,16,0.6154,0,0.0909,-3.4806,1.0,0,0,0
tmqm_579,Zr,10,26,25,0.9615,0,0.5,8.0289,1.0,0,0,0
tmqm_580,Ti,8,27,5,0.1852,0,0.0435,-2.4422,1.0,0,0,0
tmqm_581,Zr,13,28,18,0.6429,0,0.0909,3.6506,1.0,0,0,0
tmqm_582,Ti,10,26,11,0.4231,0,0.0625,-0.7943,1.0,1,0,0
tmqm_583,Zr,6,27,19,0.7037,0,0.1111,0.0862,1.0,0,0,0
tmqm_584,Zr,8,26,11,0.4231,0,0.0625,-2.3701,1.0,0,0,0
tmqm_585,Zr,4,13,9,0.6923,0,0.2,0.3117,1.0,0,0,0
tmqm_586,Zr,6,26,12,0.4615,0,0.0667,-0.4558,1.0,0,0,0
tmqm_587,Zr,8,26,6,0.2308,0,0.0476,-0.9317,1.0,0,0,0
tmqm_588,Ti,8,26,10,0.3846,0,0.0588,-0.7278,1.0,0,0,0
tmqm_589,Ti,5,27,12,0.4444,0,0.0625,-0.0477,1.0,0,0,0
tmqm_590,Zr,6,29,22,0.7586,0,0.125,0.1019,1.0,0,0,0
tmqm_591,Ti,6,29,19,0.6552,0,0.0909,1.2736,1.0,0,0,0
tmqm_592,Ti,6,28,21,0.75,0,0.125,0.1262,1.0,0,0,0
tmqm_593,Zr,6,29,22,0.7586,0,0.125,0.3187,1.0,0,0,0
tmqm_594,Zr,11,26,19,0.7308,0,0.125,3.1981,1.0,0,0,0
tmqm_595,Ti,9,29,17,0.5862,0,0.0769,3.4775,1.0,0,0,0
tmqm_596,Zr,12,26,19,0.7308,0,0.125,7.8825,1.0,0,0,0
tmqm_597,Ti,6,29,17,0.5862,0,0.0769,1.9025,1.0,0,0,0
tmqm_598,Zr,10,26,16,0.6154,0,0.0909,7.3998,1.0,0,0,0
tmqm_599,Zr,12,27,22,0.8148,0,0.1667,9.1542,1.0,0,0,0
tmqm_600,Zr,6,26,17,0.6538,0,0.1,0.1173,1.0,0,0,0
tmqm_601,Ti,12,27,17,0.6296,0,0.0909,-0.6849,1.0,0,0,0
tmqm_602,Zr,6,27,16,0.5926,0,0.0833,0.1968,1.0,0,0,0
tmqm_603,Zr,12,27,25,0.9259,0,0.3333,9.5155,1.0,0,0,0
tmqm_604,Ti,7,29,24,0.8276,0,0.1667,4.7742,1.0,0,0,0
tmqm_605,Ti,8,26,8,0.3077,0,0.0526,-3.0085,1.0,0,0,0
tmqm_606,Ti,6,29,13,0.4483,0,0.0588,-0.4218,1.0,0,0,0
tmqm_607,Ti,4,16,5,0.3125,0,0.0833,-0.2696,1.0,0,0,0
tmqm_608,Zr,14,25,18,0.72,0,0.125,6.9357,1.0,0,0,0
tmqm_609,Ti,4,24,15,0.625,0,0.1,6.6658,1.0,0,0,0
tmqm_610,Hf,8,26,20,0.7692,0,0.1429,2.0592,1.0,0,0,0
tmqm_611,Hf,8,25,15,0.6,0,0.0909,0.4716,1.0,0,0,0
tmqm_612,Hf,4,26,18,0.6923,0,0.1111,-2.0889,1.0,0,0,0
tmqm_613,Ti,6,26,20,0.7692,0,0.1429,0.379,1.0,0,0,0
tmqm_614,Ti,6,29,21,0.7241,0,0.1111,1.1964,1.0,0,0,0
tmqm_615,Ti,9,26,16,0.6154,0,0.0909,2.1322,1.0,0,0,0
tmqm_616,Zr,14,24,19,0.7917,0,0.1667,7.2266,1.0,0,0,0
tmqm_617,Ti,7,29,22,0.7586,0,0.125,4.3774,1.0,0,0,0
tmqm_618,Zr,5,24,17,0.7083,0,0.125,4.4592,1.0,0,0,1
tmqm_619,Ti,8,26,16,0.6154,0,0.0909,-1.7281,1.0,0,0,0
tmqm_620,Ti,8,26,9,0.3462,0,0.0556,-3.2782,1.0,0,0,0
tmqm_621,Zr,12,29,23,0.7931,0,0.1429,7.4642,1.0,0,0,0
tmqm_622,Zr,6,29,22,0.7586,0,0.125,0.9299,1.0,0,0,1
tmqm_623,Ti,7,24,17,0.7083,0,0.125,4.2842,1.0,0,0,0
tmqm_624,Zr,7,26,14,0.5385,0,0.0769,5.8334,1.0,0,0,0
tmqm_625,Zr,5,26,21,0.8077,0,0.1667,5.0793,1.0,0,0,0
tmqm_626,Ti,10,26,12,0.4615,0,0.0667,-0.4173,1.0,0,0,0
tmqm_627,Zr,16,12,3,0.25,0,0.1,0.8076,1.0,0,0,0
tmqm_628,Hf,8,25,15,0.6,0,0.0909,0.3618,1.0,0,0,0
tmqm_629,Ti,12,26,18,0.6923,0,0.1111,0.0116,1.0,0,0,0
tmqm_630,Zr,6,24,5,0.2083,0,0.05,-1.469,1.0,0,0,0
tmqm_631,Zr,12,27,18,0.6667,0,0.1,6.9168,1.0,0,0,0
tmqm_632,Hf,14,27,19,0.7037,0,0.1111,-1.3987,1.0,0,0,0
tmqm_633,Zr,7,23,15,0.6522,0,0.1111,8.162,1.0,0,0,0
tmqm_634,Zr,7,26,19,0.7308,0,0.125,5.9413,1.0,0,0,0
tmqm_635,Zr,8,27,16,0.5926,0,0.0833,-0.3703,1.0,0,0,0
tmqm_636,Hf,8,25,19,0.76,0,0.1429,2.6214,1.0,0,0,0
tmqm_637,Ti,8,29,12,0.4138,0,0.0556,-1.9171,1.0,0,0,0
tmqm_638,Ti,12,27,12,0.4444,0,0.0625,-0.9759,1.0,0,0,0
tmqm_639,Ti,6,12,7,0.5833,0,0.1667,-0.1677,1.0,0,0,0
tmqm_640,Hf,11,27,24,0.8889,0,0.25,5.1585,1.0,0,0,1
tmqm_641,Zr,12,27,16,0.5926,0,0.0833,8.657,1.0,0,0,0
tmqm_642,Hf,5,27,22,0.8148,0,0.1667,4.2154,1.0,0,0,0
tmqm_643,Ti,6,26,14,0.5385,0,0.0769,1.0288,1.0,0,0,0
tmqm_644,Ti,12,27,13,0.4815,0,0.0667,-0.7561,1.0,0,0,0
tmqm_645,Ti,6,26,14,0.5385,0,0.0769,0.5763,1.0,0,0,0
tmqm_646,Hf,10,26,8,0.3077,0,0.0526,-4.4228,1.0,0,0,0
tmqm_647,Zr,6,29,17,0.5862,0,0.0769,-0.1382,1.0,0,0,0
tmqm_648,Hf,5,27,22,0.8148,0,0.1667,2.1185,1.0,0,0,0
tmqm_649,Ti,9,27,22,0.8148,0,0.1667,3.1636,1.0,0,0,0
tmqm_650,Ti,6,29,18,0.6207,0,0.0833,1.8441,1.0,0,0,0
tmqm_651,Zr,9,26,15,0.5769,0,0.0833,2.678,1.0,0,0,0
tmqm_652,Zr,6,27,21,0.7778,0,0.1429,0.7959,1.0,0,0,0
tmqm_653,Ti,4,26,14,0.5385,0,0.0769,4.5024,1.0,0,0,0
tmqm_654,Zr,7,26,15,0.5769,0,0.0833,7.533,1.0,0,0,0
tmqm_655,Zr,10,26,25,0.9615,0,0.5,8.9189,1.0,1,0,1
tmqm_656,Zr,12,27,15,0.5556,0,0.0769,7.2166,1.0,0,0,0
tmqm_657,Zr,13,25,13,0.52,0,0.0769,4.1863,1.0,0,0,0
tmqm_658,Zr,10,26,19,0.7308,0,0.125,6.4316,1.0,0,0,0
tmqm_659,Ti,5,25,17,0.68,0,0.1111,0.459,1.0,0,0,0
tmqm_660,Ti,9,26,20,0.7692,0,0.1429,2.7428,1.0,0,0,0
tmqm_661,Hf,12,29,20,0.6897,0,0.1,4.226,1.0,0,0,0
tmqm_662,Ti,12,27,11,0.4074,0,0.0588,-0.1452,1.0,0,0,0
tmqm_663,Hf,8,26,14,0.5385,0,0.0769,0.934,1.0,0,0,0
tmqm_664,Ti,9,26,15,0.5769,0,0.0833,2.1033,1.0,0,0,0
tmqm_665,Zr,12,27,17,0.6296,0,0.0909,7.8532,1.0,0,0,0
tmqm_666,Hf,8,16,5,0.3125,0,0.0833,-0.304,1.0,1,0,0
tmqm_667,Hf,12,27,19,0.7037,0,0.1111,4.7241,1.0,0,0,0
tmqm_668,Zr,5,26,15,0.5769,0,0.0833,5.1001,1.0,0,0,0
tmqm_669,Hf,12,27,22,0.8148,0,0.1667,4.3836,1.0,0,0,0
tmqm_670,Zr,6,26,15,0.5769,0,0.0833,0.1404,1.0,0,0,0
tmqm_671,Ti,8,26,13,0.5,0,0.0714,-2.0502,1.0,0,0,0
tmqm_672,Zr,8,26,8,0.3077,0,0.0526,-2.9859,1.0,0,0,0
tmqm_673,Ti,5,26,12,0.4615,0,0.0667,0.1379,1.0,0,0,0
tmqm_674,Ti,13,28,15,0.5357,0,0.0714,3.2663,1.0,0,0,0
tmqm_675,Zr,12,27,16,0.5926,0,0.0833,5.8742,1.0,0,0,0
tmqm_676,Hf,11,26,13,0.5,0,0.0714,2.9002,1.0,0,0,0
tmqm_677,Ti,7,27,13,0.4815,0,0.0667,6.2096,1.0,0,0,0
tmqm_678,Zr,3,25,16,0.64,0,0.1,-1.0332,1.0,0,0,0
tmqm_679,Ti,7,26,16,0.6154,0,0.0909,5.3302,1.0,0,0,0
tmqm_680,Zr,9,27,10,0.3704,0,0.0556,1.2621,1.0,0,0,0
tmqm_681,Ti,7,24,18,0.75,0,0.1429,5.8507,1.0,0,0,0
tmqm_682,Zr,8,26,7,0.2692,0,0.05,-0.9406,1.0,0,0,0
tmqm_683,Zr,7,27,17,0.6296,0,0.0909,6.3135,1.0,0,0,0
tmqm_684,Zr,10,26,18,0.6923,0,0.1111,6.6328,1.0,0,0,0
tmqm_685,Ti,6,29,13,0.4483,0,0.0588,-0.8142,1.0,0,0,0
tmqm_686,Hf,11,27,18,0.6667,0,0.1,4.5865,1.0,0,0,0
tmqm_687,Zr,13,27,25,0.9259,0,0.3333,4.2537,1.0,0,0,0
tmqm_688,Ti,6,27,10,0.3704,0,0.0556,-1.338,1.0,0,0,0
tmqm_689,Hf,12,29,24,0.8276,0,0.1667,4.031,1.0,0,0,0
tmqm_690,Zr,14,27,25,0.9259,0,0.3333,6.2344,1.0,0,0,0
tmqm_691,Zr,12,26,20,0.7692,0,0.1429,6.0482,1.0,0,0,0
tmqm_692,Zr,14,25,13,0.52,0,0.0769,6.4672,1.0,0,0,0
tmqm_693,Ti,12,29,15,0.5172,0,0.0667,-0.9108,1.0,0,0,0
tmqm_694,Zr,8,26,14,0.5385,0,0.0769,-1.5107,1.0,0,0,0
tmqm_695,Hf,9,26,15,0.5769,0,0.0833,-0.0139,1.0,0,0,0
tmqm_696,Ti,8,26,10,0.3846,0,0.0588,-2.6824,1.0,0,0,0
tmqm_697,Zr,12,27,22,0.8148,0,0.1667,8.7462,1.0,0,0,0
tmqm_698,Ti,10,27,17,0.6296,0,0.0909,0.1012,1.0,0,0,0
tmqm_699,Ti,9,26,20,0.7692,0,0.1429,3.2926,1.0,0,0,0
tmqm_700,Ti,8,16,3,0.1875,0,0.0714,-0.5889,1.0,0,0,0
tmqm_701,Ti,8,26,11,0.4231,0,0.0625,-2.1131,1.0,0,0,0
tmqm_702,Ti,6,29,14,0.4828,0,0.0625,1.477,1.0,0,0,0
tmqm_703,Ti,6,29,23,0.7931,0,0.1429,1.803,1.0,0,0,0
tmqm_704,Hf,6,26,15,0.5769,0,0.0833,-1.3321,1.0,0,0,0
tmqm_705,Zr,12,27,20,0.7407,0,0.125,6.1992,1.0,0,0,0
tmqm_706,Zr,6,27,20,0.7407,0,0.125,2.7321,1.0,0,0,0
tmqm_707,Zr,7,26,23,0.8846,0,0.25,6.2537,1.0,0,0,0
tmqm_708,Zr,13,28,18,0.6429,0,0.0909,3.8633,1.0,0,0,0
tmqm_709,Zr,12,29,22,0.7586,0,0.125,8.4871,1.0,0,0,0
tmqm_710,Zr,6,29,18,0.6207,0,0.0833,0.4843,1.0,0,0,0
tmqm_711,Ti,14,16,10,0.625,0,0.1429,10.2066,1.0,0,0,0
tmqm_712,Zr,12,29,28,0.9655,0,0.5,8.2361,1.0,0,0,0
tmqm_713,Hf,12,29,16,0.5517,0,0.0714,4.8027,1.0,0,0,0
tmqm_714,Zr,8,16,7,0.4375,0,0.1,-0.0016,1.0,0,0,0
tmqm_715,Ti,6,29,18,0.6207,0,0.0833,0.71,1.0,0,0,0
tmqm_716,Ti,9,27,18,0.6667,0,0.1,2.3921,1.0,0,0,0
tmqm_717,Zr,6,27,18,0.6667,0,0.1,0.8939,1.0,0,0,0
tmqm_718,Zr,6,29,19,0.6552,0,0.0909,0.7398,1.0,0,0,0
tmqm_719,Ti,8,26,13,0.5,0,0.0714,-1.655,1.0,0,0,0
tmqm_720,Ti,8,26,11,0.4231,0,0.0625,-1.5969,1.0,0,0,0
tmqm_721,Zr,13,26,17,0.6538,0,0.1,3.451,1.0,0,0,0
tmqm_722,Ti,12,29,18,0.6207,0,0.0833,0.1561,1.0,0,0,0
tmqm_723,Ti,10,29,13,0.4483,0,0.0588,-0.3779,1.0,0,0,0
tmqm_724,Hf,12,29,23,0.7931,0,0.1429,5.2929,1.0,0,0,0
tmqm_725,Ti,8,26,4,0.1538,0,0.0435,-3.941,1.0,0,0,0
tmqm_726,Ti,6,22,16,0.7273,0,0.1429,1.1738,1.0,0,0,0
tmqm_727,Ti,8,26,14,0.5385,0,0.0769,-1.0776,1.0,0,0,0
tmqm_728,Ti,14,27,20,0.7407,0,0.125,5.7857,1.0,0,0,0
tmqm_729,Hf,3,25,6,0.24,0,0.05,-3.9712,1.0,0,0,0
tmqm_730,Ti,7,29,22,0.7586,0,0.125,5.5572,1.0,0,0,0
tmqm_731,Zr,6,26,14,0.5385,0,0.0769,0.3556,1.0,0,0,0
tmqm_732,Ti,7,29,21,0.7241,0,0.1111,4.791,1.0,0,0,0
tmqm_733,Ti,10,26,10,0.3846,0,0.0588,-1.217,1.0,0,0,0
tmqm_734,Zr,13,25,17,0.68,0,0.1111,2.1191,1.0,0,0,0
tmqm_735,Ti,8,16,7,0.4375,0,0.1,0.3947,1.0,0,0,0
tmqm_736,Zr,8,26,8,0.3077,0,0.0526,-2.4989,1.0,0,0,0
tmqm_737,Ti,7,24,14,0.5833,0,0.0909,6.509,1.0,0,0,0
tmqm_738,Ti,6,29,18,0.6207,0,0.0833,1.3933,1.0,0,0,0
tmqm_739,Ti,12,27,12,0.4444,0,0.0625,-1.2804,1.0,0,0,0
tmqm_740,Ti,7,29,23,0.7931,0,0.1429,5.9177,1.0,0,0,0
tmqm_741,Ti,12,27,16,0.5926,0,0.0833,-0.2861,1.0,0,0,0
tmqm_742,Zr,10,25,15,0.6,0,0.0909,7.9019,1.0,0,0,0
tmqm_743,Zr,12,29,21,0.7241,0,0.1111,7.6064,1.0,0,0,0
tmqm_744,Hf,6,29,12,0.4138,0,0.0556,-2.6468,1.0,0,0,0
tmqm_745,Ti,12,27,13,0.4815,0,0.0667,0.53,1.0,0,0,0
tmqm_746,Zr,13,26,26,1.0,1,1.0,3.8515,1.0,0,1,0
tmqm_747,Ti,6,29,17,0.5862,0,0.0769,0.1982,1.0,0,0,0
tmqm_748,Zr,8,26,11,0.4231,0,0.0625,-2.8326,1.0,0,0,0
tmqm_749,Zr,11,27,12,0.4444,0,0.0625,-0.0658,1.0,0,0,0
tmqm_750,Ti,7,29,17,0.5862,0,0.0769,6.1185,1.0,0,0,0
tmqm_751,Ti,5,23,10,0.4348,0,0.0714,-0.2883,1.0,0,0,0
tmqm_752,Zr,7,26,25,0.9615,0,0.5,5.531,1.0,0,0,0
tmqm_753,Ti,6,26,16,0.6154,0,0.0909,0.8161,1.0,0,0,0
tmqm_754,Ti,8,26,11,0.4231,0,0.0625,-2.1638,1.0,0,0,0
tmqm_755,Ti,12,29,13,0.4483,0,0.0588,-1.1181,1.0,0,0,0
tmqm_756,Zr,11,27,13,0.4815,0,0.0667,-0.2266,1.0,0,0,0
tmqm_757,Ti,6,27,18,0.6667,0,0.1,1.155,1.0,0,0,0
tmqm_758,Ti,6,26,9,0.3462,0,0.0556,0.0063,1.0,0,0,0
tmqm_759,Zr,4,22,13,0.5909,0,0.1,6.7867,1.0,0,0,0
tmqm_760,Hf,5,26,16,0.6154,0,0.0909,3.1338,1.0,0,0,0
tmqm_761,Hf,6,29,16,0.5517,0,0.0714,-1.3937,1.0,0,0,0
tmqm_762,Zr,12,27,23,0.8519,0,0.2,8.512,1.0,0,0,0
tmqm_763,Zr,8,27,14,0.5185,0,0.0714,-1.2919,1.0,0,0,0
tmqm_764,Ti,12,29,19,0.6552,0,0.0909,0.3683,1.0,0,0,0
tmqm_765,Zr,5,27,19,0.7037,0,0.1111,5.14,1.0,0,0,0
tmqm_766,Zr,11,26,18,0.6923,0,0.1111,1.6104,1.0,0,0,0
tmqm_767,Zr,14,25,20,0.8,0,0.1667,7.2424,1.0,0,0,0
tmqm_768,Ti,10,16,5,0.3125,0,0.0833,-0.0582,1.0,0,0,0
tmqm_769,Hf,7,29,18,0.6207,0,0.0833,2.2321,1.0,0,0,0
tmqm_770,Zr,8,26,10,0.3846,0,0.0588,-2.6451,1.0,0,0,0
tmqm_771,Ti,6,25,16,0.64,0,0.1,1.2435,1.0,0,0,0
tmqm_772,Zr,3,25,20,0.8,0,0.1667,0.3936,1.0,0,0,0
tmqm_773,Zr,6,27,23,0.8519,0,0.2,1.1211,1.0,0,0,0
tmqm_774,Zr,6,27,11,0.4074,0,0.0588,-0.8662,1.0,0,0,0
tmqm_775,Zr,6,26,10,0.3846,0,0.0588,-0.7696,1.0,0,0,1
tmqm_776,Zr,7,26,22,0.8462,0,0.2,6.1471,1.0,0,0,0
tmqm_777,Ti,12,27,15,0.5556,0,0.0769,-0.3651,1.0,0,0,0
tmqm_778,Hf,6,27,8,0.2963,0,0.05,-2.9794,1.0,0,0,0
tmqm_779,Ti,4,26,12,0.4615,0,0.0667,5.1751,1.0,0,0,0
tmqm_780,Ti,7,29,17,0.5862,0,0.0769,4.7556,1.0,0,0,0
tmqm_781,Ti,8,26,14,0.5385,0,0.0769,-1.7078,1.0,0,0,0
tmqm_782,Ti,6,26,15,0.5769,0,0.0833,1.4672,1.0,0,0,0
tmqm_783,Zr,12,29,19,0.6552,0,0.0909,5.7505,1.0,0,0,0
tmqm_784,Hf,10,24,9,0.375,0,0.0625,-3.9576,1.0,0,0,0
tmqm_785,Ti,8,26,11,0.4231,0,0.0625,-2.7745,1.0,0,0,0
tmqm_786,Zr,12,29,19,0.6552,0,0.0909,7.532,1.0,0,0,0
tmqm_787,Zr,5,26,20,0.7692,0,0.1429,4.9504,1.0,0,0,0
tmqm_788,Ti,9,26,24,0.9231,0,0.3333,4.1801,1.0,0,0,0
tmqm_789,Zr,6,26,17,0.6538,0,0.1,0.2018,1.0,0,0,0
tmqm_790,Zr,12,29,21,0.7241,0,0.1111,7.8657,1.0,0,0,0
tmqm_791,Ti,6,29,21,0.7241,0,0.1111,0.896,1.0,0,0,0
tmqm_792,Ti,7,25,16,0.64,0,0.1,5.3949,1.0,0,0,0
tmqm_793,Ti,8,29,10,0.3448,0,0.05,-1.5715,1.0,0,0,0
tmqm_794,Hf,5,26,13,0.5,0,0.0714,2.2406,1.0,0,0,0
tmqm_795,Hf,9,26,11,0.4231,0,0.0625,-0.4893,1.0,0,0,0
tmqm_796,Ti,9,26,12,0.4615,0,0.0667,1.0831,1.0,0,0,0
tmqm_797,Hf,12,29,13,0.4483,0,0.0588,4.2468,1.0,0,0,0
tmqm_798,Hf,12,27,17,0.6296,0,0.0909,5.9315,1.0,0,0,1
tmqm_799,Zr,8,27,19,0.7037,0,0.1111,-0.423,1.0,0,0,0
tmqm_800,Hf,10,25,6,0.24,0,0.05,-4.546,1.0,0,0,0
tmqm_801,Zr,14,26,15,0.5769,0,0.0833,5.5205,1.0,0,0,0
tmqm_802,Ti,11,27,20,0.7407,0,0.125,1.8172,1.0,0,0,0
tmqm_803,Ti,6,27,19,0.7037,0,0.1111,2.3475,1.0,0,0,0
tmqm_804,Hf,6,27,10,0.3704,0,0.0556,-1.9784,1.0,0,0,0
tmqm_805,Zr,10,27,17,0.6296,0,0.0909,8.7102,1.0,0,0,0
tmqm_806,Hf,12,29,18,0.6207,0,0.0833,4.7315,1.0,0,0,0
tmqm_807,Ti,7,29,14,0.4828,0,0.0625,4.2746,1.0,0,0,0
tmqm_808,Hf,10,16,0,0.0,0,0.0588,-1.1358,1.0,0,0,0
tmqm_809,Zr,6,25,14,0.56,0,0.0833,0.3158,1.0,0,0,0
tmqm_810,Zr,8,26,14,0.5385,0,0.0769,-0.5816,1.0,0,0,0
tmqm_811,Hf,4,26,16,0.6154,0,0.0909,-3.2008,1.0,0,0,0
tmqm_812,Ti,9,29,20,0.6897,0,0.1,3.1889,1.0,0,0,0
tmqm_813,Zr,10,26,18,0.6923,0,0.1111,7.4767,1.0,0,0,0
tmqm_814,Ti,12,27,10,0.3704,0,0.0556,-1.232,1.0,0,0,0
tmqm_815,Zr,11,29,17,0.5862,0,0.0769,0.7227,1.0,0,0,0
tmqm_816,Ti,7,24,20,0.8333,0,0.2,5.554,1.0,0,0,0
tmqm_817,Zr,3,25,18,0.72,0,0.125,1.5673,1.0,0,0,0
tmqm_818,Ti,8,26,8,0.3077,0,0.0526,-2.4455,1.0,0,0,0
tmqm_819,Zr,8,29,17,0.5862,0,0.0769,-1.2038,1.0,1,0,0
tmqm_820,Ti,9,26,14,0.5385,0,0.0769,4.1268,1.0,0,0,0
tmqm_821,Zr,10,27,23,0.8519,0,0.2,6.6253,1.0,0,0,0
tmqm_822,Zr,6,29,21,0.7241,0,0.1111,0.8953,1.0,0,0,0
tmqm_823,Ti,6,29,19,0.6552,0,0.0909,1.5215,1.0,0,0,0
tmqm_824,Ti,12,29,22,0.7586,0,0.125,1.8234,1.0,0,0,0
tmqm_825,Zr,8,26,15,0.5769,0,0.0833,-1.4291,1.0,0,0,0
tmqm_826,Ti,8,26,10,0.3846,0,0.0588,-3.0316,1.0,0,0,1
tmqm_827,Zr,6,26,11,0.4231,0,0.0625,-0.0329,1.0,0,0,0
tmqm_828,Hf,11,27,21,0.7778,0,0.1429,4.1168,1.0,0,0,0
tmqm_829,Zr,6,29,17,0.5862,0,0.0769,0.5994,1.0,0,0,0
tmqm_830,Ti,6,27,19,0.7037,0,0.1111,2.5767,1.0,0,0,0
tmqm_831,Ti,6,29,24,0.8276,0,0.1667,2.5891,1.0,0,0,0
tmqm_832,Hf,12,27,17,0.6296,0,0.0909,7.6243,1.0,0,0,0
tmqm_833,Ti,6,26,10,0.3846,0,0.0588,0.1004,1.0,0,0,0
tmqm_834,Zr,13,26,21,0.8077,0,0.1667,3.5036,1.0,0,0,0
tmqm_835,Zr,12,27,23,0.8519,0,0.2,6.7806,1.0,0,0,0
tmqm_836,Ti,10,27,20,0.7407,0,0.125,0.2377,1.0,0,0,0
tmqm_837,Zr,6,26,12,0.4615,0,0.0667,-0.6051,1.0,0,0,0
tmqm_838,Hf,8,27,19,0.7037,0,0.1111,1.4665,1.0,0,0,0
tmqm_839,Ti,12,27,15,0.5556,0,0.0769,-0.5969,1.0,0,0,0
tmqm_840,Zr,13,25,20,0.8,0,0.1667,4.429,1.0,0,0,0
tmqm_841,Ti,6,27,13,0.4815,0,0.0667,0.1864,1.0,0,0,0
tmqm_842,Ti,9,26,17,0.6538,0,0.1,1.5143,1.0,0,0,0
tmqm_843,Ti,5,24,15,0.625,0,0.1,0.0478,1.0,0,0,0
tmqm_844,Zr,9,26,19,0.7308,0,0.125,2.5559,1.0,0,0,0
tmqm_845,Zr,7,24,14,0.5833,0,0.0909,6.4818,1.0,0,0,0
tmqm_846,Zr,12,27,21,0.7778,0,0.1429,9.2675,1.0,0,0,0
tmqm_847,Hf,8,27,22,0.8148,0,0.1667,2.4294,1.0,0,0,0
tmqm_848,Hf,5,27,21,0.7778,0,0.1429,2.0739,1.0,0,0,0
tmqm_849,Ti,12,29,13,0.4483,0,0.0588,-0.3456,1.0,0,0,0
tmqm_850,Ti,9,29,20,0.6897,0,0.1,3.0834,1.0,0,0,0
tmqm_851,Zr,15,14,10,0.7143,0,0.2,4.556,1.0,0,0,0
tmqm_852,Hf,4,26,17,0.6538,0,0.1,-1.6207,1.0,0,0,0
tmqm_853,Ti,12,27,15,0.5556,0,0.0769,-0.337,1.0,0,0,0
tmqm_854,Ti,6,29,16,0.5517,0,0.0714,-0.4641,1.0,0,0,0
tmqm_855,Ti,6,16,12,0.75,0,0.2,0.623,1.0,0,1,0
tmqm_856,Zr,12,27,21,0.7778,0,0.1429,7.3746,1.0,0,0,0
tmqm_857,Zr,12,27,19,0.7037,0,0.1111,9.1352,1.0,0,0,0
tmqm_858,Zr,8,26,8,0.3077,0,0.0526,-2.1446,1.0,0,0,0
tmqm_859,Ti,14,25,16,0.64,0,0.1,5.5392,1.0,0,0,0
tmqm_860,Ti,6,29,24,0.8276,0,0.1667,2.0006,1.0,0,0,0
tmqm_861,Zr,12,26,21,0.8077,0,0.1667,8.1074,1.0,0,0,1
tmqm_862,Ti,11,26,16,0.6154,0,0.0909,1.6438,1.0,0,0,0
tmqm_863,Zr,6,24,11,0.4583,0,0.0714,-2.0243,1.0,0,0,0
tmqm_864,Zr,12,29,24,0.8276,0,0.1667,8.1466,1.0,0,0,0
tmqm_865,Ti,5,23,17,0.7391,0,0.1429,0.7886,1.0,0,0,0
tmqm_866,Ti,12,27,17,0.6296,0,0.0909,-1.1127,1.0,0,0,0
tmqm_867,Ti,7,29,23,0.7931,0,0.1429,6.7718,1.0,0,0,0
tmqm_868,Zr,12,29,28,0.9655,0,0.5,6.5903,1.0,0,0,0
tmqm_869,Zr,10,26,17,0.6538,0,0.1,8.2841,1.0,0,0,0
tmqm_870,Hf,10,24,10,0.4167,0,0.0667,-3.2079,1.0,0,0,0
tmqm_871,Hf,6,29,7,0.2414,0,0.0435,-1.8833,1.0,0,0,0
tmqm_872,Hf,4,26,14,0.5385,0,0.0769,-3.7886,1.0,0,0,0
tmqm_873,Ti,10,27,13,0.4815,0,0.0667,0.1558,1.0,0,0,0
tmqm_874,Ti,5,25,17,0.68,0,0.1111,0.722,1.0,1,0,0
tmqm_875,Zr,12,29,28,0.9655,0,0.5,7.5989,1.0,0,0,0
tmqm_876,Ti,11,29,17,0.5862,0,0.0769,2.435,1.0,0,0,0
tmqm_877,Zr,10,26,16,0.6154,0,0.0909,3.8991,1.0,0,0,0
tmqm_878,Ti,8,29,12,0.4138,0,0.0556,-0.7384,1.0,0,0,0
tmqm_879,Ti,8,29,12,0.4138,0,0.0556,-2.0957,1.0,0,0,0
tmqm_880,Ti,5,23,12,0.5217,0,0.0833,1.4704,1.0,0,0,0
tmqm_881,Hf,12,29,19,0.6552,0,0.0909,1.2839,1.0,0,0,0
tmqm_882,Ti,9,26,19,0.7308,0,0.125,3.6083,1.0,0,0,0
tmqm_883,Zr,8,26,7,0.2692,0,0.05,-2.7285,1.0,0,0,0
tmqm_884,Zr,11,29,16,0.5517,0,0.0714,1.5953,1.0,0,0,0
tmqm_885,Zr,12,26,16,0.6154,0,0.0909,7.1591,1.0,0,0,0
tmqm_886,Ti,8,27,7,0.2593,0,0.0476,-1.3627,1.0,0,0,0
tmqm_887,Zr,12,27,21,0.7778,0,0.1429,8.0369,1.0,0,0,0
tmqm_888,Hf,4,26,11,0.4231,0,0.0625,-2.779,1.0,0,0,0
tmqm_889,Zr,6,16,12,0.75,0,0.2,0.1552,1.0,0,0,0
tmqm_890,Ti,10,26,17,0.6538,0,0.1,0.6747,1.0,0,0,0
tmqm_891,Hf,12,26,13,0.5,0,0.0714,5.0938,1.0,0,0,0
tmqm_892,Zr,9,26,16,0.6154,0,0.0909,5.0473,1.0,0,0,0
tmqm_893,Ti,8,26,1,0.0385,0,0.0385,-2.8555,1.0,0,0,0
tmqm_894,Ti,7,29,21,0.7241,0,0.1111,3.6774,1.0,0,0,0
tmqm_895,Ti,6,29,22,0.7586,0,0.125,0.8572,1.0,0,0,0
tmqm_896,Ti,4,16,7,0.4375,0,0.1,-0.3519,1.0,0,0,0
tmqm_897,Zr,6,26,16,0.6154,0,0.0909,-0.1532,1.0,0,0,0
tmqm_898,Hf,5,26,19,0.7308,0,0.125,3.3978,1.0,0,0,0
tmqm_899,Zr,12,27,27,1.0,1,1.0,6.9532,1.0,0,0,0
tmqm_900,Hf,7,27,20,0.7407,0,0.125,4.2751,1.0,0,0,0
tmqm_901,Zr,6,29,22,0.7586,0,0.125,0.8847,1.0,0,0,0
tmqm_902,Zr,12,29,28,0.9655,0,0.5,6.7448,1.0,0,0,0
tmqm_903,Hf,5,27,16,0.5926,0,0.0833,3.0706,1.0,0,0,0
tmqm_904,Hf,8,26,15,0.5769,0,0.0833,0.2748,1.0,0,0,0
tmqm_905,Ti,12,27,12,0.4444,0,0.0625,-1.5106,1.0,0,0,0
tmqm_906,Zr,12,27,15,0.5556,0,0.0769,7.3051,1.0,0,0,1
tmqm_907,Zr,14,25,22,0.88,0,0.25,6.4517,1.0,0,0,0
tmqm_908,Ti,5,24,9,0.375,0,0.0625,-0.0764,1.0,0,0,0
tmqm_909,Ti,12,26,13,0.5,0,0.0714,-0.0895,1.0,0,0,0
tmqm_910,Ti,12,29,23,0.7931,0,0.1429,0.0175,1.0,0,0,0
tmqm_911,Zr,6,27,16,0.5926,0,0.0833,-0.7284,1.0,0,0,1
tmqm_912,Ti,6,26,19,0.7308,0,0.125,1.846,1.0,0,0,0
tmqm_913,Zr,12,29,17,0.5862,0,0.0769,6.8373,1.0,0,0,0
tmqm_914,Ti,6,29,13,0.4483,0,0.0588,0.5309,1.0,0,0,0
tmqm_915,Zr,5,24,22,0.9167,0,0.3333,5.0021,1.0,0,0,0
tmqm_916,Zr,12,29,20,0.6897,0,0.1,7.4128,1.0,0,0,0
tmqm_917,Ti,8,26,14,0.5385,0,0.0769,-1.3015,1.0,0,0,0
tmqm_918,Ti,14,25,17,0.68,0,0.1111,6.349,1.0,0,0,0
tmqm_919,Zr,14,25,22,0.88,0,0.25,6.4776,1.0,0,0,0
tmqm_920,Zr,12,27,23,0.8519,0,0.2,7.0106,1.0,0,0,0
tmqm_921,Zr,6,29,15,0.5172,0,0.0667,0.0209,1.0,0,0,0
tmqm_922,Zr,14,24,19,0.7917,0,0.1667,7.3809,1.0,0,0,0
tmqm_923,Zr,12,27,17,0.6296,0,0.0909,6.0907,1.0,0,0,0
tmqm_924,Ti,6,26,19,0.7308,0,0.125,1.4932,1.0,0,0,0
tmqm_925,Zr,6,29,15,0.5172,0,0.0667,0.2065,1.0,0,0,0
tmqm_926,Zr,5,26,16,0.6154,0,0.0909,4.722,1.0,0,0,0
tmqm_927,Ti,7,25,17,0.68,0,0.1111,5.3565,1.0,0,0,0
tmqm_928,Zr,6,15,4,0.2667,0,0.0833,-0.6588,1.0,0,0,0
tmqm_929,Zr,13,28,20,0.7143,0,0.1111,4.0232,1.0,0,0,0
tmqm_930,Ti,6,29,10,0.3448,0,0.05,-0.5595,1.0,0,0,0
tmqm_931,Ti,8,26,5,0.1923,0,0.0455,-3.0444,1.0,0,0,0
tmqm_932,Zr,12,29,28,0.9655,0,0.5,8.8147,1.0,0,0,0
tmqm_933,Zr,5,26,18,0.6923,0,0.1111,4.1903,1.0,0,0,0
tmqm_934,Ti,11,29,18,0.6207,0,0.0833,1.3511,1.0,0,0,0
tmqm_935,Hf,9,29,21,0.7241,0,0.1111,1.3469,1.0,0,0,0
tmqm_936,Hf,5,27,14,0.5185,0,0.0714,2.797,1.0,0,0,0
tmqm_937,Zr,5,26,14,0.5385,0,0.0769,3.3563,1.0,0,0,0
tmqm_938,Zr,11,27,18,0.6667,0,0.1,0.646,1.0,0,0,0
tmqm_939,Ti,12,27,14,0.5185,0,0.0714,0.3611,1.0,0,0,0
tmqm_940,Zr,8,26,9,0.3462,0,0.0556,-1.7439,1.0,0,0,0
tmqm_941,Ti,8,26,16,0.6154,0,0.0909,-2.4801,1.0,0,0,0
tmqm_942,Ti,11,29,18,0.6207,0,0.0833,2.669,1.0,0,0,0
tmqm_943,Hf,11,29,17,0.5862,0,0.0769,2.8104,1.0,0,0,0
tmqm_944,Zr,6,29,14,0.4828,0,0.0625,-0.2651,1.0,0,0,0
tmqm_945,Ti,6,29,13,0.4483,0,0.0588,0.2825,1.0,0,0,0
tmqm_946,Ti,6,29,16,0.5517,0,0.0714,0.6171,1.0,0,0,0
tmqm_947,Zr,12,26,15,0.5769,0,0.0833,5.3352,1.0,0,0,0
tmqm_948,Ti,6,29,24,0.8276,0,0.1667,1.8648,1.0,0,0,1
tmqm_949,Ti,6,29,9,0.3103,0,0.0476,-1.1643,1.0,0,0,0
tmqm_950,Hf,9,26,11,0.4231,0,0.0625,-1.0357,1.0,0,0,0
tmqm_951,Zr,12,27,18,0.6667,0,0.1,9.831,1.0,0,0,0
tmqm_952,Zr,14,26,18,0.6923,0,0.1111,5.7394,1.0,0,0,0
tmqm_953,Ti,8,26,9,0.3462,0,0.0556,-2.5663,1.0,0,0,0
tmqm_954,Zr,12,27,19,0.7037,0,0.1111,7.32,1.0,0,0,1
tmqm_955,Ti,8,26,5,0.1923,0,0.0455,-3.0241,1.0,0,0,0
tmqm_956,Zr,5,27,15,0.5556,0,0.0769,5.775,1.0,0,0,0
tmqm_957,Ti,5,27,21,0.7778,0,0.1429,-0.153,1.0,0,0,0
tmqm_958,Ti,5,27,15,0.5556,0,0.0769,-1.5151,1.0,0,0,0
tmqm_959,Hf,6,16,5,0.3125,0,0.0833,-0.2681,1.0,0,0,0
tmqm_960,Zr,6,15,2,0.1333,0,0.0714,-0.5645,1.0,0,0,0
tmqm_961,Hf,6,23,3,0.1304,0,0.0476,-2.2024,1.0,0,0,0
tmqm_962,Ti,4,26,19,0.7308,0,0.125,5.489,1.0,0,0,0
tmqm_963,Ti,8,26,11,0.4231,0,0.0625,-2.1633,1.0,0,0,0
tmqm_964,Zr,6,29,22,0.7586,0,0.125,1.5616,1.0,0,0,0
tmqm_965,Zr,4,26,25,0.9615,0,0.5,5.3715,1.0,0,0,0
tmqm_966,Zr,12,27,24,0.8889,0,0.25,6.6895,1.0,0,0,0
tmqm_967,Hf,5,26,19,0.7308,0,0.125,1.9677,1.0,0,0,0
tmqm_968,Ti,8,27,12,0.4444,0,0.0625,-2.601,1.0,0,0,0
tmqm_969,Zr,11,26,15,0.5769,0,0.0833,0.9059,1.0,0,0,0
tmqm_970,Zr,12,29,21,0.7241,0,0.1111,7.4104,1.0,0,0,0
tmqm_971,Zr,6,27,18,0.6667,0,0.1,1.5473,1.0,0,0,0
tmqm_972,Ti,9,27,21,0.7778,0,0.1429,4.8751,1.0,0,0,0
tmqm_973,Ti,6,29,22,0.7586,0,0.125,1.8214,1.0,0,0,0
tmqm_974,Zr,12,29,23,0.7931,0,0.1429,7.7798,1.0,0,1,0
tmqm_975,Zr,12,29,20,0.6897,0,0.1,6.9398,1.0,0,0,0
tmqm_976,Zr,12,29,25,0.8621,0,0.2,8.7589,1.0,0,0,0
tmqm_977,Zr,8,26,13,0.5,0,0.0714,-1.5699,1.0,0,0,0
tmqm_978,Zr,12,27,15,0.5556,0,0.0769,8.0036,1.0,0,0,0
tmqm_979,Zr,10,27,13,0.4815,0,0.0667,7.1939,1.0,0,0,0
tmqm_980,Zr,7,24,21,0.875,0,0.25,7.9944,1.0,0,0,0
tmqm_981,Ti,13,28,19,0.6786,0,0.1,2.8252,1.0,0,0,0
tmqm_982,Zr,6,27,16,0.5926,0,0.0833,-0.4129,1.0,0,0,0
tmqm_983,Zr,9,27,21,0.7778,0,0.1429,5.1757,1.0,0,0,0
tmqm_984,Ti,8,26,5,0.1923,0,0.0455,-1.9528,1.0,0,0,0
tmqm_985,Ti,6,29,16,0.5517,0,0.0714,1.7144,1.0,0,0,0
tmqm_986,Zr,5,26,18,0.6923,0,0.1111,5.3249,1.0,0,0,0
tmqm_987,Zr,6,26,19,0.7308,0,0.125,1.487,1.0,0,0,0
tmqm_988,Ti,12,29,19,0.6552,0,0.0909,-0.0496,1.0,0,0,0
tmqm_989,Ti,5,26,21,0.8077,0,0.1667,-1.0999,1.0,1,0,0
tmqm_990,Zr,6,26,13,0.5,0,0.0714,1.1769,1.0,0,0,0
tmqm_991,Hf,5,27,20,0.7407,0,0.125,3.4637,1.0,0,0,0
tmqm_992,Ti,8,29,15,0.5172,0,0.0667,-2.0857,1.0,0,0,0
tmqm_993,Ti,8,26,5,0.1923,0,0.0455,-2.9672,1.0,0,0,0
tmqm_994,Zr,8,26,10,0.3846,0,0.0588,-2.2047,1.0,0,0,0
tmqm_995,Zr,10,25,20,0.8,0,0.1667,8.2454,1.0,0,0,0
tmqm_996,Zr,9,26,18,0.6923,0,0.1111,4.5446,1.0,0,0,0
tmqm_997,Ti,6,28,17,0.6071,0,0.0833,0.4295,1.0,0,0,1
tmqm_998,Hf,8,26,13,0.5,0,0.0714,0.583,1.0,0,0,0
tmqm_999,Zr,13,26,20,0.7692,0,0.1429,3.9838,1.0,0,0,0
tmqm_1000,Ti,8,29,12,0.4138,0,0.0556,-1.9575,1.0,0,0,0
tmqm_1001,Ti,8,26,7,0.2692,0,0.05,-3.2489,1.0,0,0,0
tmqm_1002,Hf,8,25,11,0.44,0,0.0667,0.0109,1.0,0,0,0
tmqm_1003,Ti,8,26,16,0.6154,0,0.0909,-1.1747,1.0,0,0,0
tmqm_1004,Ti,14,27,17,0.6296,0,0.0909,5.614,1.0,0,0,0
tmqm_1005,Zr,4,22,17,0.7727,0,0.1667,6.6198,1.0,0,0,0
tmqm_1006,Hf,12,29,23,0.7931,0,0.1429,4.6956,1.0,0,0,0
tmqm_1007,Ti,6,12,4,0.3333,0,0.1111,-0.3769,1.0,0,0,0
tmqm_1008,Zr,7,26,25,0.9615,0,0.5,8.084,1.0,0,0,0
tmqm_1009,Zr,8,26,8,0.3077,0,0.0526,-2.7031,1.0,0,0,0
tmqm_1010,Ti,11,26,17,0.6538,0,0.1,1.1323,1.0,0,0,0
tmqm_1011,Zr,10,26,18,0.6923,0,0.1111,10.3411,1.0,0,0,0
tmqm_1012,Zr,14,23,18,0.7826,0,0.1667,7.091,1.0,0,0,0
tmqm_1013,Zr,5,26,23,0.8846,0,0.25,5.1072,1.0,0,0,0
tmqm_1014,Zr,12,29,15,0.5172,0,0.0667,6.3862,1.0,0,0,0
tmqm_1015,Hf,6,26,11,0.4231,0,0.0625,-3.126,1.0,0,0,0
tmqm_1016,Zr,5,26,16,0.6154,0,0.0909,4.1935,1.0,0,0,1
tmqm_1017,Ti,8,26,10,0.3846,0,0.0588,-1.4255,1.0,0,0,0
tmqm_1018,Ti,4,26,13,0.5,0,0.0714,6.6842,1.0,0,0,0
tmqm_1019,Hf,10,26,12,0.4615,0,0.0667,-1.4119,1.0,0,0,0
tmqm_1020,Zr,5,24,16,0.6667,0,0.1111,4.9851,1.0,0,0,1
tmqm_1021,Zr,8,26,12,0.4615,0,0.0667,-2.7264,1.0,0,0,0
tmqm_1022,Zr,8,26,13,0.5,0,0.0714,-1.506,1.0,0,0,0
tmqm_1023,Zr,12,29,21,0.7241,0,0.1111,8.3511,1.0,0,0,0
tmqm_1024,Ti,8,26,13,0.5,0,0.0714,-3.2387,1.0,0,0,0
tmqm_1025,Zr,6,27,13,0.4815,0,0.0667,-0.026,1.0,0,0,0
tmqm_1026,Ti,6,26,16,0.6154,0,0.0909,1.894,1.0,0,0,0
tmqm_1027,Zr,8,26,16,0.6154,0,0.0909,-1.2984,1.0,0,0,0
tmqm_1028,Zr,14,25,21,0.84,0,0.2,6.753,1.0,0,0,0
tmqm_1029,Zr,7,23,15,0.6522,0,0.1111,4.1011,1.0,0,0,0
tmqm_1030,Zr,6,26,10,0.3846,0,0.0588,-1.6892,1.0,0,0,0
tmqm_1031,Ti,9,26,18,0.6923,0,0.1111,3.1423,1.0,0,0,0
tmqm_1032,Zr,10,26,16,0.6154,0,0.0909,5.6246,1.0,0,0,0
tmqm_1033,Ti,7,27,16,0.5926,0,0.0833,5.337,1.0,0,0,0
tmqm_1034,Ti,4,26,18,0.6923,0,0.1111,5.4794,1.0,0,0,0
tmqm_1035,Zr,9,26,17,0.6538,0,0.1,1.4854,1.0,0,0,0
tmqm_1036,Zr,6,29,21,0.7241,0,0.1111,0.2597,1.0,0,0,0
tmqm_1037,Hf,8,26,21,0.8077,0,0.1667,0.7771,1.0,0,0,0
tmqm_1038,Zr,12,27,20,0.7407,0,0.125,7.458,1.0,0,0,0
tmqm_1039,Ti,12,27,17,0.6296,0,0.0909,-3.0255,1.0,0,0,0
tmqm_1040,Zr,4,22,16,0.7273,0,0.1429,5.0606,1.0,0,0,0
tmqm_1041,Hf,4,26,12,0.4615,0,0.0667,-3.2823,1.0,0,0,0
tmqm_1042,Hf,8,26,9,0.3462,0,0.0556,0.9134,1.0,0,0,0
tmqm_1043,Ti,10,29,17,0.5862,0,0.0769,-0.3455,1.0,0,0,0
tmqm_1044,Ti,6,26,10,0.3846,0,0.0588,-0.3275,1.0,0,0,0
tmqm_1045,Hf,6,23,11,0.4783,0,0.0769,-3.8433,1.0,0,0,0
tmqm_1046,Zr,12,29,20,0.6897,0,0.1,6.2088,1.0,0,0,0
tmqm_1047,Zr,7,23,16,0.6957,0,0.125,6.5906,1.0,0,0,0
tmqm_1048,Ti,12,29,21,0.7241,0,0.1111,-0.3783,1.0,0,0,0
tmqm_1049,Zr,7,23,16,0.6957,0,0.125,6.337,1.0,0,0,0
tmqm_1050,Hf,10,26,17,0.6538,0,0.1,-1.9365,1.0,0,0,0
tmqm_1051,Ti,12,27,12,0.4444,0,0.0625,-1.0234,1.0,0,0,0
tmqm_1052,Hf,7,27,18,0.6667,0,0.1,4.6009,1.0,0,0,0
tmqm_1053,Hf,6,26,13,0.5,0,0.0714,-2.8693,1.0,0,0,0
tmqm_1054,Zr,7,27,25,0.9259,0,0.3333,6.655,1.0,0,0,0
tmqm_1055,Ti,5,24,17,0.7083,0,0.125,0.3539,1.0,0,0,0
tmqm_1056,Zr,3,25,8,0.32,0,0.0556,-1.4737,1.0,0,0,0
tmqm_1057,Zr,14,24,19,0.7917,0,0.1667,6.4932,1.0,0,0,0
tmqm_1058,Zr,12,27,19,0.7037,0,0.1111,6.294,1.0,0,0,0
tmqm_1059,Ti,7,25,18,0.72,0,0.125,6.5249,1.0,0,0,0
tmqm_1060,Zr,12,27,16,0.5926,0,0.0833,7.8776,1.0,0,0,0
tmqm_1061,Ti,6,29,16,0.5517,0,0.0714,0.4702,1.0,0,0,0
tmqm_1062,Zr,6,16,1,0.0625,0,0.0625,-0.2637,1.0,0,0,0
tmqm_1063,Zr,12,29,22,0.7586,0,0.125,7.4389,1.0,0,1,0
tmqm_1064,Zr,12,26,15,0.5769,0,0.0833,7.0859,1.0,0,0,0
tmqm_1065,Hf,6,29,15,0.5172,0,0.0667,-0.7984,1.0,0,0,0
tmqm_1066,Zr,12,27,22,0.8148,0,0.1667,11.3309,1.0,0,1,0
tmqm_1067,Zr,4,22,13,0.5909,0,0.1,7.2382,1.0,0,0,0
tmqm_1068,Zr,13,26,14,0.5385,0,0.0769,3.3291,1.0,0,0,0
tmqm_1069,Zr,10,26,20,0.7692,0,0.1429,5.6845,1.0,0,0,0
tmqm_1070,Ti,12,27,10,0.3704,0,0.0556,0.0249,1.0,0,0,0
tmqm_1071,Ti,7,27,16,0.5926,0,0.0833,5.3737,1.0,0,0,0
tmqm_1072,Zr,7,24,16,0.6667,0,0.1111,6.6575,1.0,0,0,0
tmqm_1073,Zr,12,27,19,0.7037,0,0.1111,6.3555,1.0,0,0,0
tmqm_1074,Ti,5,24,11,0.4583,0,0.0714,0.0985,1.0,0,0,1
tmqm_1075,Zr,6,26,19,0.7308,0,0.125,0.3648,1.0,0,0,0
tmqm_1076,Ti,9,26,19,0.7308,0,0.125,3.7585,1.0,0,0,0
tmqm_1077,Hf,5,27,19,0.7037,0,0.1111,1.909,1.0,0,0,0
tmqm_1078,Ti,6,29,18,0.6207,0,0.0833,-0.4891,1.0,0,0,0
tmqm_1079,Zr,12,29,20,0.6897,0,0.1,7.5105,1.0,0,0,0
tmqm_1080,Ti,12,29,12,0.4138,0,0.0556,-0.437,1.0,0,0,0
tmqm_1081,Ti,8,29,9,0.3103,0,0.0476,-0.2805,1.0,0,0,0
tmqm_1082,Zr,6,26,19,0.7308,0,0.125,0.7332,1.0,0,0,0
tmqm_1083,Ti,8,26,9,0.3462,0,0.0556,-3.0059,1.0,1,0,0
tmqm_1084,Zr,12,29,20,0.6897,0,0.1,8.6124,1.0,0,0,0
tmqm_1085,Zr,13,28,18,0.6429,0,0.0909,3.3402,1.0,0,0,0
tmqm_1086,Zr,5,26,22,0.8462,0,0.2,5.1596,1.0,0,0,0
tmqm_1087,Hf,6,26,9,0.3462,0,0.0556,-2.7099,1.0,0,0,0
tmqm_1088,Zr,13,25,18,0.72,0,0.125,4.385,1.0,0,0,0
tmqm_1089,Ti,8,29,9,0.3103,0,0.0476,-1.442,1.0,0,0,0
tmqm_1090,Zr,4,22,18,0.8182,0,0.2,5.8929,1.0,1,0,0
tmqm_1091,Zr,5,27,22,0.8148,0,0.1667,5.3026,1.0,0,0,0
tmqm_1092,Hf,5,27,21,0.7778,0,0.1429,3.3642,1.0,0,0,0
tmqm_1093,Ti,6,29,20,0.6897,0,0.1,0.5121,1.0,0,0,0
tmqm_1094,Zr,12,29,21,0.7241,0,0.1111,7.8799,1.0,0,0,0
tmqm_1095,Zr,7,23,23,1.0,1,1.0,8.288,1.0,0,0,0
tmqm_1096,Zr,12,29,23,0.7931,0,0.1429,7.9257,1.0,0,0,0
tmqm_1097,Ti,6,26,18,0.6923,0,0.1111,1.316,1.0,0,0,0
tmqm_1098,Zr,12,27,17,0.6296,0,0.0909,8.3365,1.0,0,0,0
tmqm_1099,Zr,12,27,16,0.5926,0,0.0833,6.7005,1.0,0,0,0
tmqm_1100,Ti,6,29,24,0.8276,0,0.1667,1.7886,1.0,0,0,0
tmqm_1101,Zr,12,27,24,0.8889,0,0.25,6.2677,1.0,0,0,0
tmqm_1102,Ti,4,24,20,0.8333,0,0.2,6.0615,1.0,0,0,0
tmqm_1103,Zr,6,29,17,0.5862,0,0.0769,1.5871,1.0,1,0,0
tmqm_1104,Ti,9,26,19,0.7308,0,0.125,4.1605,1.0,1,0,0
tmqm_1105,Ti,12,27,19,0.7037,0,0.1111,-0.2776,1.0,0,0,1
tmqm_1106,Ti,8,26,11,0.4231,0,0.0625,-2.3678,1.0,0,0,0
tmqm_1107,Ti,8,29,6,0.2069,0,0.0417,-2.4345,1.0,1,0,0
tmqm_1108,Zr,6,29,7,0.2414,0,0.0435,-1.1569,1.0,0,0,0
tmqm_1109,Ti,7,27,21,0.7778,0,0.1429,4.8775,1.0,0,0,0
tmqm_1110,Ti,11,26,21,0.8077,0,0.1667,3.2946,1.0,0,0,0
tmqm_1111,Hf,5,27,19,0.7037,0,0.1111,3.9772,1.0,0,0,0
tmqm_1112,Ti,14,25,14,0.56,0,0.0833,5.2324,1.0,0,0,0
tmqm_1113,Zr,12,27,22,0.8148,0,0.1667,6.776,1.0,0,0,0
tmqm_1114,Ti,8,26,5,0.1923,0,0.0455,-2.3222,1.0,0,0,0
tmqm_1115,Zr,12,27,22,0.8148,0,0.1667,5.3379,1.0,0,0,0
tmqm_1116,Ti,12,27,17,0.6296,0,0.0909,-1.774,1.0,0,0,0
tmqm_1117,Ti,7,26,17,0.6538,0,0.1,4.8465,1.0,0,0,0
tmqm_1118,Hf,12,27,18,0.6667,0,0.1,4.1106,1.0,0,0,0
tmqm_1119,Zr,11,27,18,0.6667,0,0.1,0.7553,1.0,0,0,0
tmqm_1120,Ti,8,26,7,0.2692,0,0.05,-2.7472,1.0,0,0,0
tmqm_1121,Hf,6,16,6,0.375,0,0.0909,-0.2334,1.0,1,0,0
tmqm_1122,Zr,13,25,24,0.96,0,0.5,4.4567,1.0,0,0,0
tmqm_1123,Hf,8,25,13,0.52,0,0.0769,0.7736,1.0,0,0,0
tmqm_1124,Zr,11,26,12,0.4615,0,0.0667,1.3466,1.0,0,0,0
tmqm_1125,Zr,8,26,10,0.3846,0,0.0588,-1.9168,1.0,0,0,0
tmqm_1126,Ti,8,29,10,0.3448,0,0.05,-1.0933,1.0,0,0,0
tmqm_1127,Zr,13,28,20,0.7143,0,0.1111,3.6513,1.0,0,0,0
tmqm_1128,Hf,5,26,14,0.5385,0,0.0769,2.4259,1.0,0,0,0
tmqm_1129,Zr,6,27,20,0.7407,0,0.125,-0.5776,1.0,0,0,0
tmqm_1130,Zr,6,29,14,0.4828,0,0.0625,0.0693,1.0,0,0,0
tmqm_1131,Ti,8,26,11,0.4231,0,0.0625,-3.2155,1.0,0,0,0
tmqm_1132,Ti,6,26,16,0.6154,0,0.0909,-0.0947,1.0,0,0,0
tmqm_1133,Zr,8,26,12,0.4615,0,0.0667,-2.5646,1.0,0,0,0
tmqm_1134,Ti,7,26,18,0.6923,0,0.1111,4.2558,1.0,0,0,0
tmqm_1135,Ti,4,26,15,0.5769,0,0.0833,3.5663,1.0,0,0,0
tmqm_1136,Ti,12,27,12,0.4444,0,0.0625,-0.9207,1.0,0,0,0
tmqm_1137,Ti,5,27,13,0.4815,0,0.0667,-0.0521,1.0,0,0,0
tmqm_1138,Zr,13,28,16,0.5714,0,0.0769,2.9194,1.0,0,0,0
tmqm_1139,Zr,8,26,10,0.3846,0,0.0588,-0.9218,1.0,0,0,0
tmqm_1140,Zr,14,25,20,0.8,0,0.1667,6.0636,1.0,0,0,0
tmqm_1141,Zr,12,29,21,0.7241,0,0.1111,7.8797,1.0,0,0,0
tmqm_1142,Zr,12,27,19,0.7037,0,0.1111,8.8985,1.0,0,0,0
tmqm_1143,Zr,8,29,16,0.5517,0,0.0714,-1.549,1.0,0,0,0
tmqm_1144,Zr,13,26,22,0.8462,0,0.2,4.111,1.0,0,0,0
tmqm_1145,Hf,6,29,11,0.3793,0,0.0526,-1.5242,1.0,0,0,0
tmqm_1146,Ti,5,26,21,0.8077,0,0.1667,0.5546,1.0,0,0,0
tmqm_1147,Hf,4,26,7,0.2692,0,0.05,-2.8816,1.0,0,0,0
tmqm_1148,Ti,11,27,10,0.3704,0,0.0556,1.1478,1.0,0,0,0
tmqm_1149,Ti,7,25,14,0.56,0,0.0833,6.0783,1.0,0,0,0
tmqm_1150,Zr,12,27,18,0.6667,0,0.1,7.1568,1.0,0,0,0
tmqm_1151,Zr,12,29,27,0.931,0,0.3333,6.3414,1.0,0,0,0
tmqm_1152,Zr,14,27,16,0.5926,0,0.0833,4.9428,1.0,0,0,0
tmqm_1153,Hf,6,26,12,0.4615,0,0.0667,-2.3809,1.0,0,0,0
tmqm_1154,Ti,7,26,13,0.5,0,0.0714,5.4782,1.0,0,0,0
tmqm_1155,Ti,6,29,19,0.6552,0,0.0909,1.263,1.0,0,0,0
tmqm_1156,Ti,6,27,22,0.8148,0,0.1667,2.6955,1.0,0,0,0
tmqm_1157,Zr,6,25,15,0.6,0,0.0909,-0.7046,1.0,0,0,0
tmqm_1158,Ti,10,26,12,0.4615,0,0.0667,-0.2839,1.0,0,0,0
tmqm_1159,Hf,10,26,5,0.1923,0,0.0455,-4.1608,1.0,0,0,0
tmqm_1160,Zr,12,29,21,0.7241,0,0.1111,8.386,1.0,0,0,0
tmqm_1161,Hf,8,26,19,0.7308,0,0.125,1.6266,1.0,0,0,0
tmqm_1162,Hf,6,29,11,0.3793,0,0.0526,-2.7403,1.0,0,0,0
tmqm_1163,Zr,14,24,17,0.7083,0,0.125,6.8131,1.0,0,0,0
tmqm_1164,Hf,9,27,9,0.3333,0,0.0526,-1.4634,1.0,0,0,0
tmqm_1165,Hf,6,26,13,0.5,0,0.0714,-1.435,1.0,0,0,0
tmqm_1166,Ti,8,26,14,0.5385,0,0.0769,-2.084,1.0,0,0,0
tmqm_1167,Ti,6,29,22,0.7586,0,0.125,2.9834,1.0,0,0,0
tmqm_1168,Zr,6,29,15,0.5172,0,0.0667,-0.1087,1.0,0,0,0
tmqm_1169,Zr,8,26,20,0.7692,0,0.1429,-1.3887,1.0,0,0,0
tmqm_1170,Ti,8,26,7,0.2692,0,0.05,-2.8365,1.0,0,0,0
tmqm_1171,Zr,9,16,1,0.0625,0,0.0625,-0.9841,1.0,0,0,0
tmqm_1172,Zr,6,26,18,0.6923,0,0.1111,0.7889,1.0,1,0,0
tmqm_1173,Ti,12,29,20,0.6897,0,0.1,0.1592,1.0,0,0,0
tmqm_1174,Ti,5,24,6,0.25,0,0.0526,-0.9183,1.0,0,0,0
tmqm_1175,Zr,14,27,12,0.4444,0,0.0625,4.2418,1.0,0,0,0
tmqm_1176,Zr,11,29,14,0.4828,0,0.0625,1.6376,1.0,0,0,0
tmqm_1177,Zr,11,27,15,0.5556,0,0.0769,2.5494,1.0,0,0,0
tmqm_1178,Zr,11,27,12,0.4444,0,0.0625,0.8145,1.0,0,0,0
tmqm_1179,Ti,8,26,13,0.5,0,0.0714,-1.502,1.0,0,0,0
tmqm_1180,Ti,8,15,12,0.8,0,0.25,0.6077,1.0,0,0,0
tmqm_1181,Hf,12,27,12,0.4444,0,0.0625,3.7463,1.0,0,0,0
tmqm_1182,Ti,6,26,12,0.4615,0,0.0667,0.0506,1.0,0,0,0
tmqm_1183,Ti,6,21,10,0.4762,0,0.0833,0.6135,1.0,0,0,0
tmqm_1184,Ti,6,27,12,0.4444,0,0.0625,0.3497,1.0,0,0,0
tmqm_1185,Ti,6,27,12,0.4444,0,0.0625,-1.0071,1.0,0,0,0
tmqm_1186,Zr,12,29,24,0.8276,0,0.1667,8.5942,1.0,0,0,0
tmqm_1187,Ti,6,29,13,0.4483,0,0.0588,0.968,1.0,0,0,0
tmqm_1188,Hf,12,27,22,0.8148,0,0.1667,5.6525,1.0,0,0,0
tmqm_1189,Zr,6,29,11,0.3793,0,0.0526,-0.7397,1.0,0,0,0
tmqm_1190,Zr,12,27,20,0.7407,0,0.125,6.8747,1.0,0,0,0
tmqm_1191,Ti,8,29,10,0.3448,0,0.05,-1.8082,1.0,0,0,0
tmqm_1192,Ti,6,29,18,0.6207,0,0.0833,1.1157,1.0,0,0,0
tmqm_1193,Ti,7,24,11,0.4583,0,0.0714,5.5303,1.0,0,0,0
tmqm_1194,Ti,6,28,22,0.7857,0,0.1429,1.9538,1.0,0,0,0
tmqm_1195,Zr,7,27,25,0.9259,0,0.3333,6.3235,1.0,0,0,1
tmqm_1196,Ti,9,26,14,0.5385,0,0.0769,3.0076,1.0,0,0,0
tmqm_1197,Zr,10,27,20,0.7407,0,0.125,10.552,1.0,0,0,0
tmqm_1198,Zr,8,27,9,0.3333,0,0.0526,-1.1323,1.0,0,0,0
tmqm_1199,Ti,6,29,15,0.5172,0,0.0667,2.1941,1.0,0,0,0
tmqm_1200,Ti,6,29,11,0.3793,0,0.0526,-1.5282,1.0,0,0,0
tmqm_1201,Zr,5,26,13,0.5,0,0.0714,5.5296,1.0,0,0,0
tmqm_1202,Zr,12,27,21,0.7778,0,0.1429,7.922,1.0,0,0,0
tmqm_1203,Ti,14,25,16,0.64,0,0.1,4.9588,1.0,0,0,0
tmqm_1204,Zr,13,24,9,0.375,0,0.0625,3.2795,1.0,0,0,0
tmqm_1205,Ti,7,29,23,0.7931,0,0.1429,5.5231,1.0,0,0,0
tmqm_1206,Zr,13,28,18,0.6429,0,0.0909,4.8489,1.0,0,0,0
tmqm_1207,Zr,12,29,19,0.6552,0,0.0909,6.1015,1.0,0,0,0
tmqm_1208,Ti,6,26,18,0.6923,0,0.1111,1.4508,1.0,0,0,0
tmqm_1209,Ti,12,29,12,0.4138,0,0.0556,-0.0669,1.0,1,0,0
tmqm_1210,Zr,5,26,23,0.8846,0,0.25,4.8748,1.0,0,0,0
tmqm_1211,Hf,5,26,11,0.4231,0,0.0625,2.0671,1.0,0,0,0
tmqm_1212,Zr,7,23,15,0.6522,0,0.1111,5.3627,1.0,0,0,0
tmqm_1213,Zr,5,26,13,0.5,0,0.0714,4.7624,1.0,0,0,0
tmqm_1214,Zr,8,26,7,0.2692,0,0.05,-2.8643,1.0,0,0,0
tmqm_1215,Ti,12,26,15,0.5769,0,0.0833,-0.4775,1.0,0,0,0
tmqm_1216,Zr,7,27,17,0.6296,0,0.0909,6.9538,1.0,0,0,1
tmqm_1217,Ti,9,26,17,0.6538,0,0.1,2.5231,1.0,0,0,0
tmqm_1218,Zr,5,24,14,0.5833,0,0.0909,6.5816,1.0,0,0,0
tmqm_1219,Hf,5,27,16,0.5926,0,0.0833,2.5568,1.0,0,0,0
tmqm_1220,Hf,10,26,10,0.3846,0,0.0588,-5.3961,1.0,0,0,0
tmqm_1221,Hf,6,26,13,0.5,0,0.0714,-0.9506,1.0,0,0,0
tmqm_1222,Zr,6,26,6,0.2308,0,0.0476,-1.6949,1.0,0,0,0
tmqm_1223,Zr,12,29,26,0.8966,0,0.25,9.0429,1.0,0,0,0
tmqm_1224,Hf,6,26,18,0.6923,0,0.1111,-1.3904,1.0,0,0,0
tmqm_1225,Ti,4,26,16,0.6154,0,0.0909,3.2426,1.0,0,0,0
tmqm_1226,Zr,12,27,22,0.8148,0,0.1667,8.6523,1.0,0,0,0
tmqm_1227,Ti,8,29,10,0.3448,0,0.05,-1.1469,1.0,0,0,0
tmqm_1228,Ti,6,27,14,0.5185,0,0.0714,0.3218,1.0,0,0,0
tmqm_1229,Ti,7,29,21,0.7241,0,0.1111,6.6667,1.0,0,0,0
tmqm_1230,Ti,8,26,6,0.2308,0,0.0476,-2.7734,1.0,1,0,0
tmqm_1231,Ti,12,29,14,0.4828,0,0.0625,-0.9379,1.0,0,0,0
tmqm_1232,Ti,8,26,8,0.3077,0,0.0526,-2.3082,1.0,1,0,0
tmqm_1233,Zr,12,16,0,0.0,0,0.0588,-0.5801,1.0,0,0,0
tmqm_1234,Zr,6,27,16,0.5926,0,0.0833,-0.0547,1.0,0,0,0
tmqm_1235,Ti,5,23,16,0.6957,0,0.125,0.5817,1.0,0,0,0
tmqm_1236,Ti,10,25,17,0.68,0,0.1111,-1.1888,1.0,0,0,1
tmqm_1237,Ti,7,26,15,0.5769,0,0.0833,6.0592,1.0,0,0,0
tmqm_1238,Zr,12,27,22,0.8148,0,0.1667,8.6938,1.0,0,0,0
tmqm_1239,Ti,12,29,20,0.6897,0,0.1,-1.5742,1.0,0,0,1
tmqm_1240,Zr,6,29,17,0.5862,0,0.0769,-1.143,1.0,0,0,0
tmqm_1241,Ti,8,26,8,0.3077,0,0.0526,-2.5198,1.0,0,0,1
tmqm_1242,Zr,12,27,19,0.7037,0,0.1111,9.2886,1.0,0,0,0
tmqm_1243,Ti,8,26,7,0.2692,0,0.05,-3.455,1.0,0,0,0
tmqm_1244,Ti,4,26,21,0.8077,0,0.1667,3.0217,1.0,0,0,0
tmqm_1245,Zr,14,27,18,0.6667,0,0.1,6.8218,1.0,0,0,0
tmqm_1246,Ti,9,26,15,0.5769,0,0.0833,3.3208,1.0,0,0,0
tmqm_1247,Ti,6,29,19,0.6552,0,0.0909,1.9148,1.0,0,0,0
tmqm_1248,Zr,12,29,22,0.7586,0,0.125,7.3956,1.0,0,0,0
tmqm_1249,Hf,10,25,9,0.36,0,0.0588,-2.5565,1.0,1,0,0
tmqm_1250,Zr,6,26,16,0.6154,0,0.0909,-0.4366,1.0,0,0,0
tmqm_1251,Zr,12,29,24,0.8276,0,0.1667,6.978,1.0,0,0,0
tmqm_1252,Ti,12,29,17,0.5862,0,0.0769,-1.2765,1.0,0,0,1
tmqm_1253,Ti,4,24,12,0.5,0,0.0769,6.1819,1.0,0,0,0
tmqm_1254,Ti,8,26,7,0.2692,0,0.05,-2.1701,1.0,0,0,0
tmqm_1255,Zr,6,15,2,0.1333,0,0.0714,-0.3694,1.0,0,0,0
tmqm_1256,Ti,12,27,21,0.7778,0,0.1429,0.1175,1.0,0,0,0
tmqm_1257,Hf,8,26,21,0.8077,0,0.1667,1.444,1.0,0,0,0
tmqm_1258,Hf,10,25,7,0.28,0,0.0526,-5.0726,1.0,0,0,0
tmqm_1259,Hf,8,25,20,0.8,0,0.1667,1.2588,1.0,1,0,0
tmqm_1260,Zr,8,26,11,0.4231,0,0.0625,-1.4063,1.0,0,0,0
tmqm_1261,Zr,13,28,19,0.6786,0,0.1,3.9324,1.0,0,0,0
tmqm_1262,Zr,10,25,20,0.8,0,0.1667,7.2781,1.0,0,0,0
tmqm_1263,Hf,6,29,16,0.5517,0,0.0714,-1.0031,1.0,0,0,0
tmqm_1264,Zr,10,27,17,0.6296,0,0.0909,5.9615,1.0,0,0,0
tmqm_1265,Ti,8,26,7,0.2692,0,0.05,-1.8539,1.0,0,0,1
tmqm_1266,Hf,13,25,11,0.44,0,0.0667,-2.4857,1.0,1,0,0
tmqm_1267,Zr,12,29,19,0.6552,0,0.0909,5.9872,1.0,0,0,0
tmqm_1268,Ti,8,26,6,0.2308,0,0.0476,-2.0164,1.0,0,0,0
tmqm_1269,Ti,10,27,18,0.6667,0,0.1,0.1753,1.0,1,0,0
tmqm_1270,Zr,14,25,10,0.4,0,0.0625,5.5257,1.0,0,0,0
tmqm_1271,Zr,12,29,29,1.0,1,1.0,7.9398,1.0,0,0,0
tmqm_1272,Zr,8,26,12,0.4615,0,0.0667,-0.8068,1.0,1,0,0
tmqm_1273,Zr,6,26,14,0.5385,0,0.0769,-0.466,1.0,0,0,0
tmqm_1274,Ti,8,26,11,0.4231,0,0.0625,-1.8656,1.0,0,0,0
tmqm_1275,Hf,6,26,7,0.2692,0,0.05,-1.6771,1.0,0,0,0
tmqm_1276,Ti,10,29,8,0.2759,0,0.0455,-0.8187,1.0,0,0,0
tmqm_1277,Hf,5,26,17,0.6538,0,0.1,1.3877,1.0,0,0,0
tmqm_1278,Ti,7,24,13,0.5417,0,0.0833,4.7295,1.0,0,0,0
tmqm_1279,Ti,6,26,18,0.6923,0,0.1111,0.7708,1.0,0,0,0
tmqm_1280,Zr,12,27,26,0.963,0,0.5,7.4123,1.0,0,0,0
tmqm_1281,Hf,6,29,10,0.3448,0,0.05,-2.1102,1.0,0,0,0
tmqm_1282,Zr,6,29,21,0.7241,0,0.1111,1.1482,1.0,0,0,1
tmqm_1283,Zr,12,27,15,0.5556,0,0.0769,6.3014,1.0,0,0,0
tmqm_1284,Zr,8,27,15,0.5556,0,0.0769,1.1756,1.0,0,0,0
tmqm_1285,Ti,11,29,21,0.7241,0,0.1111,1.528,1.0,1,0,0
tmqm_1286,Zr,6,24,15,0.625,0,0.1,-0.1605,1.0,0,0,0
tmqm_1287,Zr,12,29,17,0.5862,0,0.0769,6.2333,1.0,0,0,0
tmqm_1288,Zr,8,29,13,0.4483,0,0.0588,-1.3791,1.0,0,0,0
tmqm_1289,Ti,14,24,12,0.5,0,0.0769,5.0539,1.0,0,0,0
tmqm_1290,Ti,9,27,21,0.7778,0,0.1429,2.5499,1.0,0,0,0
tmqm_1291,Zr,8,26,15,0.5769,0,0.0833,-1.6044,1.0,0,0,0
tmqm_1292,Ti,4,24,18,0.75,0,0.1429,6.4405,1.0,0,0,0
tmqm_1293,Ta,7,25,8,0.32,0,0.0556,-3.9121,1.0,0,0,0
tmqm_1294,V,4,26,19,0.7308,0,0.125,-1.6584,1.0,0,0,0
tmqm_1295,V,5,26,15,0.5769,0,0.0833,-3.6431,1.0,0,0,0
tmqm_1296,V,8,29,13,0.4483,0,0.0588,0.0824,1.0,0,0,0
tmqm_1297,Ta,6,25,14,0.56,0,0.0833,3.466,1.0,0,0,0
tmqm_1298,V,9,27,16,0.5926,0,0.0833,0.3947,1.0,0,0,0
tmqm_1299,V,8,26,12,0.4615,0,0.0667,0.0727,1.0,1,0,0
tmqm_1300,Ta,5,26,21,0.8077,0,0.1667,4.4038,1.0,0,0,0
tmqm_1301,V,6,26,10,0.3846,0,0.0588,-0.9424,1.0,0,0,0
tmqm_1302,Ta,4,26,15,0.5769,0,0.0833,5.4832,1.0,0,0,0
tmqm_1303,Ta,1,14,12,0.8571,0,0.3333,4.833,1.0,0,0,0
tmqm_1304,V,6,26,16,0.6154,0,0.0909,-0.3926,1.0,0,0,0
tmqm_1305,V,10,25,17,0.68,0,0.1111,7.232,1.0,0,0,0
tmqm_1306,Ta,6,29,17,0.5862,0,0.0769,1.8509,1.0,0,0,0
tmqm_1307,V,7,27,10,0.3704,0,0.0556,-3.8975,1.0,0,0,0
tmqm_1308,V,7,27,14,0.5185,0,0.0714,-0.8997,1.0,0,0,0
tmqm_1309,V,6,26,18,0.6923,0,0.1111,-0.2842,1.0,0,0,0
tmqm_1310,Ta,6,29,16,0.5517,0,0.0714,2.5991,1.0,0,0,0
tmqm_1311,V,8,27,13,0.4815,0,0.0667,2.4828,1.0,0,0,0
tmqm_1312,Ta,3,26,12,0.4615,0,0.0667,0.1248,1.0,1,0,0
tmqm_1313,V,9,27,14,0.5185,0,0.0714,0.9893,1.0,0,0,0
tmqm_1314,Ta,6,26,10,0.3846,0,0.0588,1.4357,1.0,0,0,0
tmqm_1315,Nb,6,27,16,0.5926,0,0.0833,6.0817,1.0,0,0,0
tmqm_1316,V,5,26,14,0.5385,0,0.0769,-3.6444,1.0,0,0,0
tmqm_1317,Nb,6,26,19,0.7308,0,0.125,4.3935,1.0,0,0,0
tmqm_1318,V,6,27,15,0.5556,0,0.0769,-0.6941,1.0,0,0,0
tmqm_1319,Nb,5,26,13,0.5,0,0.0714,0.5092,1.0,0,0,0
tmqm_1320,V,9,27,10,0.3704,0,0.0556,0.002,1.0,0,0,0
tmqm_1321,V,7,26,6,0.2308,0,0.0476,-4.5081,1.0,0,0,0
tmqm_1322,V,9,27,16,0.5926,0,0.0833,0.0699,1.0,0,0,0
tmqm_1323,V,7,26,4,0.1538,0,0.0435,-5.2347,1.0,0,0,0
tmqm_1324,V,6,26,13,0.5,0,0.0714,0.0644,1.0,0,0,0
tmqm_1325,V,5,26,15,0.5769,0,0.0833,-2.2553,1.0,0,0,0
tmqm_1326,Ta,6,27,15,0.5556,0,0.0769,3.4663,1.0,0,0,0
tmqm_1327,V,9,27,9,0.3333,0,0.0526,0.0883,1.0,0,0,0
tmqm_1328,Nb,5,26,10,0.3846,0,0.0588,0.299,1.0,0,0,0
tmqm_1329,V,8,27,20,0.7407,0,0.125,-0.1439,1.0,0,0,0
tmqm_1330,Ta,5,27,13,0.4815,0,0.0667,3.331,1.0,0,0,0
tmqm_1331,V,6,29,19,0.6552,0,0.0909,0.6597,1.0,0,0,0
tmqm_1332,V,4,26,14,0.5385,0,0.0769,-3.6438,1.0,0,0,0
tmqm_1333,Ta,6,25,18,0.72,0,0.125,3.5089,1.0,0,0,0
tmqm_1334,Ta,7,24,11,0.4583,0,0.0714,-1.7828,1.0,0,0,0
tmqm_1335,V,6,26,15,0.5769,0,0.0833,-0.2933,1.0,0,0,0
tmqm_1336,Nb,6,27,22,0.8148,0,0.1667,5.2831,1.0,0,0,0
tmqm_1337,Nb,9,29,21,0.7241,0,0.1111,4.0137,1.0,0,0,0
tmqm_1338,V,7,27,6,0.2222,0,0.0455,-4.0925,1.0,0,0,0
tmqm_1339,V,5,26,11,0.4231,0,0.0625,-3.1723,1.0,0,0,0
tmqm_1340,Nb,9,26,19,0.7308,0,0.125,4.193,1.0,0,0,0
tmqm_1341,V,6,27,15,0.5556,0,0.0769,-2.6709,1.0,0,0,0
tmqm_1342,V,6,26,12,0.4615,0,0.0667,-0.2728,1.0,0,0,0
tmqm_1343,V,6,26,16,0.6154,0,0.0909,-0.1695,1.0,0,0,0
tmqm_1344,V,7,26,16,0.6154,0,0.0909,-3.5561,1.0,0,0,0
tmqm_1345,V,7,27,12,0.4444,0,0.0625,-3.666,1.0,0,0,0
tmqm_1346,Ta,4,26,13,0.5,0,0.0714,5.6364,1.0,0,0,0
tmqm_1347,Nb,6,29,28,0.9655,0,0.5,5.0583,1.0,0,0,0
tmqm_1348,Nb,8,26,17,0.6538,0,0.1,4.3967,1.0,0,0,0
tmqm_1349,V,7,26,16,0.6154,0,0.0909,-3.8396,1.0,0,0,0
tmqm_1350,V,8,27,13,0.4815,0,0.0667,-0.3566,1.0,0,0,0
tmqm_1351,Nb,7,27,18,0.6667,0,0.1,8.8385,1.0,0,0,0
tmqm_1352,Nb,6,29,22,0.7586,0,0.125,4.8264,1.0,0,0,0
tmqm_1353,Ta,5,26,23,0.8846,0,0.25,3.5119,1.0,0,0,1
tmqm_1354,V,7,27,14,0.5185,0,0.0714,-3.234,1.0,0,0,0
tmqm_1355,V,8,26,21,0.8077,0,0.1667,0.8245,1.0,0,0,0
tmqm_1356,V,6,27,13,0.4815,0,0.0667,0.0428,1.0,0,0,0
tmqm_1357,V,5,26,14,0.5385,0,0.0769,-3.2504,1.0,0,0,0
tmqm_1358,V,5,26,0,0.0,0,0.037,-4.2354,1.0,0,0,0
tmqm_1359,V,6,27,17,0.6296,0,0.0909,-0.8748,1.0,1,0,0
tmqm_1360,Ta,5,26,15,0.5769,0,0.0833,3.2136,1.0,0,0,0
tmqm_1361,V,7,26,6,0.2308,0,0.0476,-3.3046,1.0,0,0,0
tmqm_1362,Ta,6,29,19,0.6552,0,0.0909,3.0875,1.0,0,0,0
tmqm_1363,Ta,8,26,12,0.4615,0,0.0667,-4.002,1.0,0,0,0
tmqm_1364,V,6,24,10,0.4167,0,0.0667,-3.2624,1.0,0,0,0
tmqm_1365,Nb,6,29,16,0.5517,0,0.0714,4.3605,1.0,0,0,1
tmqm_1366,Nb,7,26,21,0.8077,0,0.1667,9.1584,1.0,0,0,0
tmqm_1367,V,7,26,10,0.3846,0,0.0588,-4.6386,1.0,0,0,0
tmqm_1368,V,6,26,12,0.4615,0,0.0667,-0.0417,1.0,0,0,0
tmqm_1369,Ta,6,25,15,0.6,0,0.0909,3.1456,1.0,0,0,0
tmqm_1370,Ta,5,16,11,0.6875,0,0.1667,0.15,1.0,0,0,0
tmqm_1371,V,4,26,13,0.5,0,0.0714,-2.6925,1.0,0,0,0
tmqm_1372,Nb,6,29,21,0.7241,0,0.1111,6.1291,1.0,0,0,0
tmqm_1373,V,6,27,20,0.7407,0,0.125,-0.0638,1.0,0,0,0
tmqm_1374,V,5,15,8,0.5333,0,0.125,1.0533,1.0,0,0,0
tmqm_1375,V,7,26,7,0.2692,0,0.05,-3.7396,1.0,0,0,0
tmqm_1376,V,8,27,11,0.4074,0,0.0588,1.0411,1.0,0,0,0
tmqm_1377,V,6,26,11,0.4231,0,0.0625,-2.8529,1.0,0,0,0
tmqm_1378,V,6,29,19,0.6552,0,0.0909,-0.1235,1.0,0,0,1
tmqm_1379,Ta,6,29,21,0.7241,0,0.1111,3.6251,1.0,0,0,0
tmqm_1380,Nb,11,26,13,0.5,0,0.0714,-2.6021,1.0,1,0,0
tmqm_1381,V,6,26,12,0.4615,0,0.0667,-0.8402,1.0,0,0,0
tmqm_1382,V,8,26,18,0.6923,0,0.1111,-0.9175,1.0,0,0,0
tmqm_1383,Nb,4,12,5,0.4167,0,0.125,-0.3987,1.0,0,0,0
tmqm_1384,V,6,26,15,0.5769,0,0.0833,-0.3804,1.0,0,0,0
tmqm_1385,Ta,6,26,15,0.5769,0,0.0833,2.8217,1.0,0,0,0
tmqm_1386,Nb,4,22,4,0.1818,0,0.0526,-5.143,1.0,0,0,0
tmqm_1387,V,9,27,17,0.6296,0,0.0909,0.3373,1.0,0,0,0
tmqm_1388,V,9,16,9,0.5625,0,0.125,0.2593,1.0,0,0,0
tmqm_1389,V,4,16,11,0.6875,0,0.1667,0.1288,1.0,1,0,0
tmqm_1390,V,8,27,19,0.7037,0,0.1111,0.6484,1.0,0,0,0
tmqm_1391,V,9,27,7,0.2593,0,0.0476,-0.5528,1.0,0,0,0
tmqm_1392,V,7,26,13,0.5,0,0.0714,-3.2925,1.0,0,0,0
tmqm_1393,V,7,26,10,0.3846,0,0.0588,-4.1069,1.0,0,0,0
tmqm_1394,V,6,26,17,0.6538,0,0.1,0.413,1.0,0,0,0
tmqm_1395,V,8,23,11,0.4783,0,0.0769,-0.5604,1.0,1,0,0
tmqm_1396,V,5,26,9,0.3462,0,0.0556,-3.4343,1.0,0,0,0
tmqm_1397,Ta,6,27,24,0.8889,0,0.25,3.991,1.0,0,0,0
tmqm_1398,V,6,26,12,0.4615,0,0.0667,-1.4582,1.0,0,0,0
tmqm_1399,Nb,7,27,18,0.6667,0,0.1,8.8153,1.0,0,0,0
tmqm_1400,Ta,7,24,10,0.4167,0,0.0667,-1.7207,1.0,0,0,0
tmqm_1401,V,6,26,10,0.3846,0,0.0588,-0.1476,1.0,0,0,0
tmqm_1402,V,6,26,10,0.3846,0,0.0588,-2.017,1.0,0,0,0
tmqm_1403,Ta,5,26,22,0.8462,0,0.2,3.8448,1.0,0,0,0
tmqm_1404,Ta,4,26,13,0.5,0,0.0714,5.4647,1.0,0,0,0
tmqm_1405,Nb,4,26,12,0.4615,0,0.0667,-3.7983,1.0,0,0,0
tmqm_1406,Nb,6,27,21,0.7778,0,0.1429,5.6615,1.0,0,0,0
tmqm_1407,V,13,26,15,0.5769,0,0.0833,1.4574,1.0,0,0,0
tmqm_1408,V,8,29,17,0.5862,0,0.0769,0.0936,1.0,0,0,0
tmqm_1409,Ta,6,27,23,0.8519,0,0.2,4.1837,1.0,0,0,0
tmqm_1410,V,10,24,11,0.4583,0,0.0714,6.871,1.0,0,0,0
tmqm_1411,V,8,26,15,0.5769,0,0.0833,-1.4255,1.0,0,0,0
tmqm_1412,V,6,26,14,0.5385,0,0.0769,-0.4067,1.0,0,0,0
tmqm_1413,V,8,27,14,0.5185,0,0.0714,2.2244,1.0,0,0,0
tmqm_1414,Ta,4,24,19,0.7917,0,0.1667,7.854,1.0,0,0,0
tmqm_1415,V,12,24,16,0.6667,0,0.1111,3.7188,1.0,0,0,0
tmqm_1416,V,6,26,15,0.5769,0,0.0833,1.0094,1.0,0,0,0
tmqm_1417,Ta,4,24,18,0.75,0,0.1429,4.5389,1.0,0,0,0
tmqm_1418,V,6,26,11,0.4231,0,0.0625,-0.4949,1.0,0,0,0
tmqm_1419,Ta,5,26,10,0.3846,0,0.0588,3.1925,1.0,0,0,0
tmqm_1420,Nb,6,27,14,0.5185,0,0.0714,4.3662,1.0,0,0,0
tmqm_1421,Ta,6,27,14,0.5185,0,0.0714,3.7683,1.0,0,0,0
tmqm_1422,V,7,27,1,0.037,0,0.037,-4.2756,1.0,0,0,0
tmqm_1423,V,8,27,13,0.4815,0,0.0667,1.6587,1.0,0,0,0
tmqm_1424,V,8,27,16,0.5926,0,0.0833,1.0579,1.0,0,0,0
tmqm_1425,Ta,9,23,12,0.5217,0,0.0833,-0.892,1.0,1,0,0
tmqm_1426,V,6,26,12,0.4615,0,0.0667,-0.6653,1.0,1,0,0
tmqm_1427,V,9,27,12,0.4444,0,0.0625,0.9845,1.0,0,0,0
tmqm_1429,V,9,27,14,0.5185,0,0.0714,0.2262,1.0,0,0,0
tmqm_1430,V,6,26,12,0.4615,0,0.0667,-0.562,1.0,0,0,0
tmqm_1431,V,8,27,14,0.5185,0,0.0714,0.5672,1.0,0,0,0
tmqm_1432,Ta,4,26,21,0.8077,0,0.1667,4.9018,1.0,0,0,0
tmqm_1433,V,9,27,13,0.4815,0,0.0667,0.5044,1.0,0,0,0
tmqm_1434,V,6,26,12,0.4615,0,0.0667,0.6085,1.0,0,0,1
tmqm_1435,V,5,27,11,0.4074,0,0.0588,-0.7153,1.0,0,0,0
tmqm_1436,V,8,29,19,0.6552,0,0.0909,-0.1949,1.0,0,0,0
tmqm_1437,Ta,6,28,11,0.3929,0,0.0556,1.0528,1.0,1,0,0
tmqm_1438,V,4,26,17,0.6538,0,0.1,-3.5194,1.0,1,0,0
tmqm_1439,V,4,26,13,0.5,0,0.0714,0.8875,1.0,0,0,0
tmqm_1440,V,7,29,14,0.4828,0,0.0625,-3.2452,1.0,0,0,0
tmqm_1441,Nb,5,27,13,0.4815,0,0.0667,0.7061,1.0,0,0,0
tmqm_1442,V,6,26,17,0.6538,0,0.1,-0.1623,1.0,0,0,1
tmqm_1443,V,9,27,16,0.5926,0,0.0833,0.0556,1.0,0,0,0
tmqm_1444,Ta,4,24,19,0.7917,0,0.1667,6.6128,1.0,0,0,0
tmqm_1445,V,7,29,11,0.3793,0,0.0526,-2.7116,1.0,0,0,0
tmqm_1446,Ta,6,29,17,0.5862,0,0.0769,3.3417,1.0,0,0,0
tmqm_1447,Ta,5,26,17,0.6538,0,0.1,3.5317,1.0,0,0,0
tmqm_1448,V,9,27,17,0.6296,0,0.0909,0.8379,1.0,0,0,0
tmqm_1449,Ta,6,28,17,0.6071,0,0.0833,2.3807,1.0,0,0,0
tmqm_1450,Ta,9,24,6,0.25,0,0.0526,-1.3809,1.0,0,0,0
tmqm_1451,V,12,27,19,0.7037,0,0.1111,6.2607,1.0,0,0,0
tmqm_1452,V,7,27,9,0.3333,0,0.0526,-3.8356,1.0,0,0,1
tmqm_1453,Ta,6,29,19,0.6552,0,0.0909,2.015,1.0,0,0,0
tmqm_1454,V,5,26,9,0.3462,0,0.0556,-3.0291,1.0,0,0,0
tmqm_1455,V,6,27,9,0.3333,0,0.0526,-0.9428,1.0,0,0,0
tmqm_1456,Ta,5,26,16,0.6154,0,0.0909,5.1447,1.0,0,0,0
tmqm_1457,V,5,26,11,0.4231,0,0.0625,-2.8075,1.0,0,0,0
tmqm_1458,V,10,27,14,0.5185,0,0.0714,6.7592,1.0,0,0,0
tmqm_1459,V,5,27,13,0.4815,0,0.0667,-1.7555,1.0,0,0,0
tmqm_1460,Ta,7,26,10,0.3846,0,0.0588,-3.2681,1.0,0,0,0
tmqm_1461,V,5,26,13,0.5,0,0.0714,-3.5657,1.0,0,0,0
tmqm_1462,Nb,4,22,9,0.4091,0,0.0714,-7.8605,1.0,1,0,0
tmqm_1463,V,11,26,14,0.5385,0,0.0769,7.9134,1.0,0,0,0
tmqm_1464,Ta,6,26,16,0.6154,0,0.0909,3.0195,1.0,0,0,0
tmqm_1465,V,5,26,15,0.5769,0,0.0833,-0.7057,1.0,0,0,0
tmqm_1466,V,6,26,13,0.5,0,0.0714,-0.4612,1.0,0,0,1
tmqm_1467,V,9,27,16,0.5926,0,0.0833,0.2185,1.0,1,0,0
tmqm_1468,V,9,27,10,0.3704,0,0.0556,-0.1468,1.0,0,0,0
tmqm_1469,V,6,26,12,0.4615,0,0.0667,-0.1345,1.0,0,0,0
tmqm_1470,Nb,6,26,19,0.7308,0,0.125,5.7777,1.0,0,0,0
tmqm_1471,V,4,26,18,0.6923,0,0.1111,-1.4793,1.0,0,0,0
tmqm_1472,V,5,26,9,0.3462,0,0.0556,-2.2671,1.0,0,0,0
tmqm_1473,Ta,6,26,15,0.5769,0,0.0833,2.779,1.0,0,0,0
tmqm_1474,V,10,24,18,0.75,0,0.1429,6.4844,1.0,0,0,0
tmqm_1475,Ta,6,26,6,0.2308,0,0.0476,1.1904,1.0,0,0,0
tmqm_1476,Nb,6,16,9,0.5625,0,0.125,0.4466,1.0,0,0,0
tmqm_1477,Ta,6,29,22,0.7586,0,0.125,4.3562,1.0,0,0,0
tmqm_1478,V,6,29,8,0.2759,0,0.0455,-1.1551,1.0,0,0,0
tmqm_1479,V,6,26,15,0.5769,0,0.0833,0.0171,1.0,0,0,0
tmqm_1480,Ta,4,26,20,0.7692,0,0.1429,6.3982,1.0,0,0,0
tmqm_1481,V,6,26,18,0.6923,0,0.1111,-1.2076,1.0,0,0,0
tmqm_1482,V,5,26,14,0.5385,0,0.0769,-2.9722,1.0,0,0,0
tmqm_1483,V,4,26,20,0.7692,0,0.1429,-1.3628,1.0,0,0,0
tmqm_1484,V,6,26,10,0.3846,0,0.0588,-1.1188,1.0,0,0,0
tmqm_1485,V,6,26,11,0.4231,0,0.0625,-0.5354,1.0,0,0,0
tmqm_1486,V,9,27,18,0.6667,0,0.1,-0.0012,1.0,0,0,0
tmqm_1487,V,6,27,16,0.5926,0,0.0833,-1.2046,1.0,0,0,0
tmqm_1488,Nb,4,26,10,0.3846,0,0.0588,-3.6521,1.0,0,0,0
tmqm_1489,V,8,24,9,0.375,0,0.0625,-1.6157,1.0,0,0,0
tmqm_1490,V,7,26,7,0.2692,0,0.05,-4.8124,1.0,0,0,0
tmqm_1491,V,7,27,10,0.3704,0,0.0556,-1.0562,1.0,0,0,0
tmqm_1493,V,5,26,13,0.5,0,0.0714,-3.0388,1.0,0,0,0
tmqm_1494,Ta,5,26,13,0.5,0,0.0714,4.1731,1.0,0,0,0
tmqm_1495,Nb,7,26,19,0.7308,0,0.125,8.8218,1.0,0,0,0
tmqm_1496,V,6,26,18,0.6923,0,0.1111,-0.5531,1.0,0,0,0
tmqm_1497,Ta,6,26,17,0.6538,0,0.1,2.6997,1.0,0,0,0
tmqm_1498,Ta,5,26,19,0.7308,0,0.125,4.7575,1.0,0,0,0
tmqm_1499,Ta,8,26,12,0.4615,0,0.0667,-2.5106,1.0,0,0,0
tmqm_1500,Ta,5,26,7,0.2692,0,0.05,3.0311,1.0,0,0,0
tmqm_1501,V,6,26,10,0.3846,0,0.0588,-1.7228,1.0,0,0,0
tmqm_1502,Ta,5,27,22,0.8148,0,0.1667,4.2705,1.0,0,0,0
tmqm_1503,Ta,6,27,20,0.7407,0,0.125,3.0158,1.0,0,0,0
tmqm_1504,Ta,9,23,12,0.5217,0,0.0833,-2.0086,1.0,0,0,0
tmqm_1505,Ta,6,26,16,0.6154,0,0.0909,3.9262,1.0,0,0,0
tmqm_1506,V,7,27,13,0.4815,0,0.0667,-0.8736,1.0,0,0,0
tmqm_1507,Nb,7,26,18,0.6923,0,0.1111,9.2138,1.0,0,0,0
tmqm_1508,Ta,3,25,7,0.28,0,0.0526,-3.0104,1.0,0,0,0
tmqm_1509,V,8,27,16,0.5926,0,0.0833,1.354,1.0,0,0,0
tmqm_1510,Nb,8,29,19,0.6552,0,0.0909,3.8281,1.0,0,0,0
tmqm_1511,Ta,8,27,6,0.2222,0,0.0455,-3.6347,1.0,0,0,0
tmqm_1512,Ta,7,24,14,0.5833,0,0.0909,-1.6359,1.0,1,0,0
tmqm_1513,V,6,27,15,0.5556,0,0.0769,-2.7597,1.0,0,0,0
tmqm_1514,Ta,5,26,17,0.6538,0,0.1,3.786,1.0,0,0,0
tmqm_1515,Ta,7,24,10,0.4167,0,0.0667,-2.6153,1.0,0,0,0
tmqm_1516,V,10,24,15,0.625,0,0.1,6.379,1.0,0,0,0
tmqm_1517,V,6,26,17,0.6538,0,0.1,-1.6839,1.0,1,0,0
tmqm_1518,V,8,27,18,0.6667,0,0.1,1.865,1.0,0,0,0
tmqm_1519,Nb,6,26,19,0.7308,0,0.125,4.0197,1.0,0,0,0
tmqm_1520,Ta,5,26,16,0.6154,0,0.0909,3.165,1.0,0,0,0
tmqm_1521,V,7,29,15,0.5172,0,0.0667,-3.5091,1.0,0,0,0
tmqm_1522,V,7,26,10,0.3846,0,0.0588,-3.9975,1.0,0,0,0
tmqm_1523,V,8,27,18,0.6667,0,0.1,-0.3602,1.0,0,0,0
tmqm_1524,Nb,7,29,21,0.7241,0,0.1111,7.9279,1.0,0,0,0
tmqm_1525,Ta,5,26,22,0.8462,0,0.2,4.7621,1.0,0,0,0
tmqm_1526,Ta,6,27,16,0.5926,0,0.0833,4.2994,1.0,0,0,0
tmqm_1527,V,5,27,7,0.2593,0,0.0476,-3.2346,1.0,0,0,0
tmqm_1528,Ta,5,26,21,0.8077,0,0.1667,5.2287,1.0,0,0,0
tmqm_1529,Nb,6,27,16,0.5926,0,0.0833,5.9216,1.0,0,0,0
tmqm_1530,V,5,26,14,0.5385,0,0.0769,-2.8288,1.0,0,0,0
tmqm_1531,V,8,27,13,0.4815,0,0.0667,-0.8886,1.0,1,0,0
tmqm_1532,V,9,27,14,0.5185,0,0.0714,0.1656,1.0,0,0,0
tmqm_1533,Ta,4,26,23,0.8846,0,0.25,5.8229,1.0,0,0,0
tmqm_1534,Nb,5,26,12,0.4615,0,0.0667,-0.9315,1.0,0,0,0
tmqm_1535,V,9,27,18,0.6667,0,0.1,0.2952,1.0,0,0,0
tmqm_1536,V,8,24,12,0.5,0,0.0769,-0.9559,1.0,0,0,0
tmqm_1537,V,5,27,12,0.4444,0,0.0625,-1.4963,1.0,0,0,0
tmqm_1538,Ta,5,26,17,0.6538,0,0.1,5.1867,1.0,0,0,0
tmqm_1539,V,7,27,13,0.4815,0,0.0667,-2.3332,1.0,0,0,0
tmqm_1540,Ta,5,14,5,0.3571,0,0.1,-0.1915,1.0,1,0,0
tmqm_1541,Ta,7,27,17,0.6296,0,0.0909,-1.8391,1.0,0,0,0
tmqm_1542,V,6,29,15,0.5172,0,0.0667,2.983,1.0,0,0,0
tmqm_1543,V,6,26,18,0.6923,0,0.1111,0.0655,1.0,0,0,0
tmqm_1544,V,7,26,12,0.4615,0,0.0667,-3.8694,1.0,0,0,0
tmqm_1545,V,6,24,7,0.2917,0,0.0556,-2.8762,1.0,0,0,0
tmqm_1546,V,6,26,15,0.5769,0,0.0833,-0.6832,1.0,0,0,0
tmqm_1547,V,6,26,14,0.5385,0,0.0769,-1.6365,1.0,0,0,0
tmqm_1548,Ta,9,24,7,0.2917,0,0.0556,-1.5669,1.0,0,0,0
tmqm_1549,V,7,26,11,0.4231,0,0.0625,-4.5456,1.0,0,0,0
tmqm_1550,Ta,6,26,16,0.6154,0,0.0909,3.0088,1.0,0,0,0
tmqm_1551,V,5,26,7,0.2692,0,0.05,-3.5366,1.0,0,0,0
tmqm_1552,V,5,26,13,0.5,0,0.0714,-1.1181,1.0,0,0,0
tmqm_1553,V,5,13,5,0.3846,0,0.1111,0.1266,1.0,0,0,0
tmqm_1554,V,6,26,14,0.5385,0,0.0769,-0.4035,1.0,0,0,0
tmqm_1555,V,7,29,11,0.3793,0,0.0526,-1.2226,1.0,0,0,0
tmqm_1556,Ta,6,27,18,0.6667,0,0.1,4.8432,1.0,0,0,0
tmqm_1557,Ta,6,25,17,0.68,0,0.1111,2.9132,1.0,0,0,0
tmqm_1558,Ta,6,27,18,0.6667,0,0.1,3.5096,1.0,0,0,0
tmqm_1559,V,7,26,5,0.1923,0,0.0455,-4.8246,1.0,0,0,0
tmqm_1560,V,8,27,21,0.7778,0,0.1429,0.6408,1.0,0,0,0
tmqm_1561,Nb,6,27,17,0.6296,0,0.0909,5.6386,1.0,0,0,0
tmqm_1562,V,9,27,16,0.5926,0,0.0833,1.0419,1.0,0,0,0
tmqm_1563,V,8,27,17,0.6296,0,0.0909,1.2966,1.0,0,0,0
tmqm_1564,V,8,27,23,0.8519,0,0.2,1.3669,1.0,0,0,0
tmqm_1565,Ta,5,26,15,0.5769,0,0.0833,3.8167,1.0,0,0,0
tmqm_1566,V,6,27,18,0.6667,0,0.1,-0.079,1.0,0,0,0
tmqm_1567,Ta,7,26,5,0.1923,0,0.0455,-3.2338,1.0,0,0,0
tmqm_1568,V,8,27,14,0.5185,0,0.0714,0.7978,1.0,1,0,0
tmqm_1569,V,7,29,17,0.5862,0,0.0769,-2.4783,1.0,0,0,0
tmqm_1570,Ta,3,25,11,0.44,0,0.0667,-1.9151,1.0,0,0,0
tmqm_1571,V,6,23,12,0.5217,0,0.0833,0.6019,1.0,0,0,0
tmqm_1572,V,5,26,8,0.3077,0,0.0526,-3.6433,1.0,0,0,0
tmqm_1573,V,5,26,11,0.4231,0,0.0625,-3.4038,1.0,0,0,0
tmqm_1574,V,9,27,19,0.7037,0,0.1111,1.1303,1.0,1,0,0
tmqm_1575,Ta,5,26,20,0.7692,0,0.1429,5.3565,1.0,0,0,0
tmqm_1576,V,9,29,19,0.6552,0,0.0909,1.5049,1.0,0,0,0
tmqm_1577,Ta,6,29,17,0.5862,0,0.0769,3.2693,1.0,0,0,0
tmqm_1578,V,6,29,16,0.5517,0,0.0714,-0.2888,1.0,0,0,0
tmqm_1579,V,8,26,12,0.4615,0,0.0667,-1.3725,1.0,0,0,0
tmqm_1580,V,6,26,11,0.4231,0,0.0625,0.4469,1.0,0,0,0
tmqm_1581,Ta,6,26,14,0.5385,0,0.0769,3.5941,1.0,0,0,0
tmqm_1582,Ta,5,26,8,0.3077,0,0.0526,3.3957,1.0,0,0,0
tmqm_1583,V,6,26,11,0.4231,0,0.0625,-1.8696,1.0,0,0,0
tmqm_1584,V,7,26,12,0.4615,0,0.0667,-3.9592,1.0,0,0,0
tmqm_1585,Ta,3,26,10,0.3846,0,0.0588,-1.7306,1.0,0,0,0
tmqm_1586,V,7,26,10,0.3846,0,0.0588,-4.2936,1.0,0,0,0
tmqm_1587,V,4,26,11,0.4231,0,0.0625,-4.5449,1.0,0,0,0
tmqm_1588,V,7,29,5,0.1724,0,0.04,-3.4428,1.0,0,0,0
tmqm_1589,Ta,4,26,15,0.5769,0,0.0833,4.8803,1.0,0,0,0
tmqm_1590,V,6,26,16,0.6154,0,0.0909,-1.116,1.0,0,0,0
tmqm_1591,V,8,27,18,0.6667,0,0.1,0.446,1.0,0,0,0
tmqm_1592,V,9,27,14,0.5185,0,0.0714,1.2227,1.0,0,0,0
tmqm_1593,Nb,9,26,19,0.7308,0,0.125,3.9816,1.0,0,0,0
tmqm_1594,Nb,6,16,11,0.6875,0,0.1667,-0.0067,1.0,0,0,0
tmqm_1595,V,7,26,10,0.3846,0,0.0588,-1.2035,1.0,1,0,0
tmqm_1596,Ta,8,26,5,0.1923,0,0.0455,-3.1466,1.0,0,0,0
tmqm_1597,Ta,3,26,17,0.6538,0,0.1,-1.0703,1.0,0,0,0
tmqm_1598,V,5,27,11,0.4074,0,0.0588,-2.6515,1.0,0,0,0
tmqm_1599,Nb,4,22,8,0.3636,0,0.0667,-5.2863,1.0,0,0,0
tmqm_1600,V,7,26,7,0.2692,0,0.05,-4.3077,1.0,0,0,0
tmqm_1601,Ta,5,26,24,0.9231,0,0.3333,4.4837,1.0,0,0,0
tmqm_1602,V,6,26,14,0.5385,0,0.0769,-0.7055,1.0,0,0,0
tmqm_1603,Ta,6,29,18,0.6207,0,0.0833,3.1561,1.0,0,0,0
tmqm_1604,Nb,6,29,21,0.7241,0,0.1111,4.7815,1.0,0,0,0
tmqm_1605,V,6,26,13,0.5,0,0.0714,-0.923,1.0,0,0,0
tmqm_1606,Ta,2,25,20,0.8,0,0.1667,9.2028,1.0,0,0,0
tmqm_1607,V,8,26,16,0.6154,0,0.0909,1.0467,1.0,0,0,0
tmqm_1608,Ta,6,25,17,0.68,0,0.1111,4.2395,1.0,0,0,0
tmqm_1609,V,10,27,16,0.5926,0,0.0833,6.5965,1.0,0,0,0
tmqm_1610,V,6,27,16,0.5926,0,0.0833,3.889,1.0,0,0,0
tmqm_1611,V,6,26,15,0.5769,0,0.0833,-0.885,1.0,0,0,0
tmqm_1612,Ta,6,26,17,0.6538,0,0.1,3.8351,1.0,0,0,0
tmqm_1613,Nb,6,16,13,0.8125,0,0.25,0.7004,1.0,0,0,0
tmqm_1614,Ta,6,26,15,0.5769,0,0.0833,3.9407,1.0,0,0,0
tmqm_1615,V,9,29,19,0.6552,0,0.0909,-0.7993,1.0,0,0,0
tmqm_1616,Ta,5,26,18,0.6923,0,0.1111,3.0793,1.0,0,0,0
tmqm_1617,V,6,26,13,0.5,0,0.0714,-0.7028,1.0,0,0,0
tmqm_1618,V,9,27,14,0.5185,0,0.0714,1.2722,1.0,0,0,0
tmqm_1619,Ta,4,24,19,0.7917,0,0.1667,4.9551,1.0,0,0,0
tmqm_1620,V,4,26,17,0.6538,0,0.1,-1.6986,1.0,0,0,0
tmqm_1621,Nb,6,27,18,0.6667,0,0.1,6.2101,1.0,0,0,0
tmqm_1622,V,6,26,15,0.5769,0,0.0833,-1.2853,1.0,0,0,0
tmqm_1623,Nb,5,27,17,0.6296,0,0.0909,-0.1173,1.0,0,0,0
tmqm_1624,Nb,7,27,23,0.8519,0,0.2,9.815,1.0,0,0,1
tmqm_1625,Ta,6,27,20,0.7407,0,0.125,3.3834,1.0,0,0,0
tmqm_1626,V,7,26,4,0.1538,0,0.0435,-4.6361,1.0,0,0,0
tmqm_1627,Nb,7,26,18,0.6923,0,0.1111,9.1238,1.0,0,0,0
tmqm_1628,Ta,6,27,20,0.7407,0,0.125,4.883,1.0,1,0,0
tmqm_1629,Nb,6,29,24,0.8276,0,0.1667,5.4621,1.0,0,0,0
tmqm_1630,V,6,27,11,0.4074,0,0.0588,-1.5103,1.0,0,0,0
tmqm_1631,Ta,6,25,17,0.68,0,0.1111,2.8318,1.0,0,0,0
tmqm_1632,V,6,26,16,0.6154,0,0.0909,-0.9592,1.0,0,0,0
tmqm_1633,Ta,4,27,21,0.7778,0,0.1429,6.4505,1.0,0,0,0
tmqm_1634,Ta,7,24,8,0.3333,0,0.0588,-2.8668,1.0,0,0,0
tmqm_1635,Ta,6,26,16,0.6154,0,0.0909,3.3759,1.0,0,0,0
tmqm_1636,V,5,26,11,0.4231,0,0.0625,-3.9834,1.0,0,0,0
tmqm_1637,V,4,26,5,0.1923,0,0.0455,-4.155,1.0,0,0,0
tmqm_1638,V,10,24,11,0.4583,0,0.0714,7.0814,1.0,0,0,0
tmqm_1639,Ta,4,24,11,0.4583,0,0.0714,5.5462,1.0,0,0,0
tmqm_1640,V,5,26,10,0.3846,0,0.0588,-3.7762,1.0,0,0,0
tmqm_1641,Ta,5,26,20,0.7692,0,0.1429,4.5144,1.0,0,0,0
tmqm_1642,V,10,27,21,0.7778,0,0.1429,8.5798,1.0,0,0,0
tmqm_1643,V,8,27,11,0.4074,0,0.0588,1.9521,1.0,0,0,0
tmqm_1644,V,6,26,13,0.5,0,0.0714,-1.8024,1.0,0,0,0
tmqm_1645,Ta,7,24,14,0.5833,0,0.0909,-3.1395,1.0,0,0,0
tmqm_1646,V,7,27,17,0.6296,0,0.0909,-2.5953,1.0,0,0,0
tmqm_1647,V,7,27,11,0.4074,0,0.0588,-3.7167,1.0,0,0,0
tmqm_1648,Ta,8,26,5,0.1923,0,0.0455,-3.8132,1.0,0,0,0
tmqm_1649,V,8,26,8,0.3077,0,0.0526,-2.1312,1.0,0,0,0
tmqm_1650,V,7,26,12,0.4615,0,0.0667,-4.456,1.0,0,0,0
tmqm_1651,Nb,7,26,15,0.5769,0,0.0833,7.4741,1.0,0,0,0
tmqm_1652,Ta,4,26,19,0.7308,0,0.125,6.0176,1.0,0,0,0
tmqm_1653,V,6,26,13,0.5,0,0.0714,-0.9396,1.0,0,0,0
tmqm_1654,V,11,28,18,0.6429,0,0.0909,7.8828,1.0,0,0,0
tmqm_1655,V,7,26,8,0.3077,0,0.0526,-1.3589,1.0,0,0,0
tmqm_1656,V,6,29,9,0.3103,0,0.0476,-0.6198,1.0,1,0,0
tmqm_1657,V,7,26,13,0.5,0,0.0714,-1.8823,1.0,0,0,0
tmqm_1658,Nb,8,26,19,0.7308,0,0.125,4.5586,1.0,0,0,0
tmqm_1659,V,11,26,11,0.4231,0,0.0625,8.3951,1.0,0,0,0
tmqm_1660,V,9,27,11,0.4074,0,0.0588,3.0518,1.0,0,0,0
tmqm_1661,V,8,24,15,0.625,0,0.1,-0.9201,1.0,0,0,0
tmqm_1662,V,5,26,7,0.2692,0,0.05,-0.8236,1.0,0,0,0
tmqm_1663,V,7,27,9,0.3333,0,0.0526,-2.9631,1.0,0,0,0
tmqm_1664,Ta,6,26,14,0.5385,0,0.0769,3.8351,1.0,0,0,0
tmqm_1665,Ta,5,26,14,0.5385,0,0.0769,3.0167,1.0,0,0,0
tmqm_1666,Nb,6,26,13,0.5,0,0.0714,4.0141,1.0,0,0,0
tmqm_1667,Ta,3,25,5,0.2,0,0.0476,-0.495,1.0,0,0,0
tmqm_1668,Ta,6,16,1,0.0625,0,0.0625,-0.7374,1.0,0,0,0
tmqm_1669,Ta,4,29,17,0.5862,0,0.0769,5.2218,1.0,0,0,0
tmqm_1670,V,9,27,15,0.5556,0,0.0769,2.5267,1.0,0,0,0
tmqm_1671,Ta,6,25,18,0.72,0,0.125,3.5013,1.0,0,0,0
tmqm_1672,V,7,26,8,0.3077,0,0.0526,-3.7962,1.0,0,0,0
tmqm_1673,V,8,27,18,0.6667,0,0.1,0.5188,1.0,0,0,0
tmqm_1674,Ta,8,26,10,0.3846,0,0.0588,-3.8664,1.0,0,0,0
tmqm_1675,V,8,26,19,0.7308,0,0.125,-0.701,1.0,0,0,0
tmqm_1676,Ta,7,16,10,0.625,0,0.1429,-0.0479,1.0,0,0,0
tmqm_1677,Ta,6,29,25,0.8621,0,0.2,5.5911,1.0,0,0,0
tmqm_1678,V,6,24,14,0.5833,0,0.0909,-0.367,1.0,0,0,0
tmqm_1679,V,6,26,16,0.6154,0,0.0909,-0.879,1.0,0,0,0
tmqm_1680,V,6,26,12,0.4615,0,0.0667,-2.5157,1.0,0,0,0
tmqm_1681,V,4,26,12,0.4615,0,0.0667,-2.7818,1.0,0,0,0
tmqm_1682,V,5,26,14,0.5385,0,0.0769,-1.1335,1.0,0,0,0
tmqm_1683,V,4,26,11,0.4231,0,0.0625,-1.1376,1.0,0,0,0
tmqm_1684,Ta,4,24,11,0.4583,0,0.0714,5.8729,1.0,0,0,0
tmqm_1685,Ta,4,24,16,0.6667,0,0.1111,5.1494,1.0,0,0,0
tmqm_1686,Ta,3,26,3,0.1154,0,0.0417,-1.7926,1.0,0,0,0
tmqm_1687,Nb,5,26,15,0.5769,0,0.0833,0.2905,1.0,0,0,0
tmqm_1688,V,9,27,19,0.7037,0,0.1111,2.5408,1.0,0,0,0
tmqm_1689,V,6,23,12,0.5217,0,0.0833,-0.2286,1.0,0,0,0
tmqm_1690,V,10,24,9,0.375,0,0.0625,6.3031,1.0,0,0,0
tmqm_1691,Ta,9,26,15,0.5769,0,0.0833,-0.0529,1.0,0,0,0
tmqm_1692,V,9,27,13,0.4815,0,0.0667,0.6624,1.0,0,0,0
tmqm_1693,V,5,26,15,0.5769,0,0.0833,-2.0213,1.0,0,0,0
tmqm_1694,V,9,27,12,0.4444,0,0.0625,0.5432,1.0,0,0,0
tmqm_1695,Ta,8,27,6,0.2222,0,0.0455,-3.3894,1.0,0,0,0
tmqm_1696,Nb,5,27,17,0.6296,0,0.0909,0.4792,1.0,0,0,0
tmqm_1697,V,9,27,13,0.4815,0,0.0667,1.0665,1.0,0,0,0
tmqm_1698,Ta,2,25,20,0.8,0,0.1667,7.8826,1.0,0,0,0
tmqm_1699,V,6,26,8,0.3077,0,0.0526,-0.3967,1.0,0,0,0
tmqm_1700,V,4,26,19,0.7308,0,0.125,-1.9174,1.0,0,0,0
tmqm_1701,V,8,27,14,0.5185,0,0.0714,0.8507,1.0,0,0,0
tmqm_1702,V,6,26,12,0.4615,0,0.0667,0.6094,1.0,0,0,0
tmqm_1703,Ta,8,27,4,0.1481,0,0.0417,-3.2356,1.0,0,0,0
tmqm_1704,Nb,6,27,19,0.7037,0,0.1111,5.7117,1.0,0,0,0
tmqm_1705,V,8,26,17,0.6538,0,0.1,1.4557,1.0,0,0,0
tmqm_1706,V,7,26,8,0.3077,0,0.0526,-2.8321,1.0,0,0,0
tmqm_1707,Ta,7,24,15,0.625,0,0.1,-2.4364,1.0,0,0,0
tmqm_1708,V,6,26,9,0.3462,0,0.0556,-0.0709,1.0,0,0,0
tmqm_1709,V,6,27,19,0.7037,0,0.1111,-0.7542,1.0,0,0,0
tmqm_1710,V,5,27,6,0.2222,0,0.0455,-1.1245,1.0,0,0,0
tmqm_1711,V,8,27,23,0.8519,0,0.2,2.917,1.0,0,0,1
tmqm_1712,V,4,26,12,0.4615,0,0.0667,-3.4369,1.0,0,0,0
tmqm_1713,V,6,26,10,0.3846,0,0.0588,-0.1746,1.0,0,0,0
tmqm_1714,Ta,6,26,19,0.7308,0,0.125,1.5193,1.0,0,0,0
tmqm_1715,Ta,7,27,15,0.5556,0,0.0769,-1.2817,1.0,0,0,0
tmqm_1716,Ta,6,29,21,0.7241,0,0.1111,3.8759,1.0,1,0,0
tmqm_1717,V,4,26,19,0.7308,0,0.125,-2.7255,1.0,0,0,0
tmqm_1718,Nb,4,22,9,0.4091,0,0.0714,-2.999,1.0,0,0,0
tmqm_1719,V,7,26,5,0.1923,0,0.0455,-4.7257,1.0,0,0,0
tmqm_1720,V,7,26,13,0.5,0,0.0714,-3.8248,1.0,0,0,0
tmqm_1721,V,8,26,15,0.5769,0,0.0833,-1.264,1.0,0,0,0
tmqm_1722,Ta,8,27,12,0.4444,0,0.0625,-3.0985,1.0,0,0,0
tmqm_1723,Ta,7,27,14,0.5185,0,0.0714,-1.2636,1.0,1,0,0
tmqm_1724,Nb,8,26,16,0.6154,0,0.0909,4.7826,1.0,0,0,0
tmqm_1725,Ta,7,24,7,0.2917,0,0.0556,-2.8956,1.0,0,0,0
tmqm_1726,Ta,5,26,16,0.6154,0,0.0909,3.4138,1.0,0,0,0
tmqm_1727,Ta,3,25,3,0.12,0,0.0435,-3.1761,1.0,0,0,0
tmqm_1728,Ta,8,29,6,0.2069,0,0.0417,-2.974,1.0,0,0,0
tmqm_1729,Nb,4,22,8,0.3636,0,0.0667,-5.0151,1.0,0,0,0
tmqm_1730,V,5,27,12,0.4444,0,0.0625,-2.747,1.0,0,0,0
tmqm_1731,Nb,5,26,15,0.5769,0,0.0833,0.4754,1.0,0,0,0
tmqm_1732,Ta,5,29,20,0.6897,0,0.1,5.0554,1.0,0,0,0
tmqm_1733,V,5,26,6,0.2308,0,0.0476,-3.5249,1.0,0,0,0
tmqm_1734,Ta,3,25,16,0.64,0,0.1,-2.0702,1.0,0,0,0
tmqm_1735,Nb,8,26,23,0.8846,0,0.25,3.5863,1.0,0,0,0
tmqm_1736,V,5,26,10,0.3846,0,0.0588,-3.3764,1.0,0,0,0
tmqm_1737,Ta,5,26,15,0.5769,0,0.0833,3.7462,1.0,0,0,0
tmqm_1738,V,6,26,15,0.5769,0,0.0833,0.0161,1.0,0,0,0
tmqm_1739,Ta,6,27,17,0.6296,0,0.0909,4.6534,1.0,1,0,0
tmqm_1740,Ta,5,26,13,0.5,0,0.0714,3.0191,1.0,0,0,0
tmqm_1741,V,11,28,21,0.75,0,0.125,8.769,1.0,0,0,0
tmqm_1742,V,3,25,18,0.72,0,0.125,-0.922,1.0,0,0,0
tmqm_1743,Ta,9,24,9,0.375,0,0.0625,-1.3596,1.0,0,0,0
tmqm_1744,Nb,6,29,17,0.5862,0,0.0769,5.4949,1.0,0,0,0
tmqm_1745,V,6,26,18,0.6923,0,0.1111,-0.3625,1.0,0,0,0
tmqm_1746,Nb,5,26,16,0.6154,0,0.0909,-0.0313,1.0,0,0,0
tmqm_1747,V,8,27,21,0.7778,0,0.1429,-0.1996,1.0,0,0,0
tmqm_1748,V,6,26,15,0.5769,0,0.0833,-0.6783,1.0,0,0,0
tmqm_1749,Nb,9,27,17,0.6296,0,0.0909,4.738,1.0,0,0,0
tmqm_1750,Ta,4,26,19,0.7308,0,0.125,6.3864,1.0,0,0,0
tmqm_1751,Ta,6,29,23,0.7931,0,0.1429,4.3436,1.0,0,0,0
tmqm_1752,V,9,26,9,0.3462,0,0.0556,-0.4077,1.0,0,0,0
tmqm_1753,V,8,26,8,0.3077,0,0.0526,-2.1155,1.0,0,0,0
tmqm_1754,Ta,3,25,2,0.08,0,0.0417,-3.4361,1.0,0,0,0
tmqm_1755,Ta,5,26,21,0.8077,0,0.1667,4.7813,1.0,0,0,0
tmqm_1756,Ta,3,25,5,0.2,0,0.0476,-2.8437,1.0,0,0,0
tmqm_1757,Nb,6,29,23,0.7931,0,0.1429,5.487,1.0,0,0,0
tmqm_1758,V,4,26,18,0.6923,0,0.1111,-3.2316,1.0,0,0,0
tmqm_1759,Ta,5,29,17,0.5862,0,0.0769,3.6109,1.0,0,0,0
tmqm_1760,Ta,6,27,19,0.7037,0,0.1111,4.0848,1.0,0,0,0
tmqm_1761,Nb,7,26,19,0.7308,0,0.125,9.4984,1.0,0,0,0
tmqm_1762,V,4,26,14,0.5385,0,0.0769,-2.2463,1.0,0,0,0
tmqm_1763,V,6,26,10,0.3846,0,0.0588,-0.6087,1.0,0,0,0
tmqm_1764,Ta,3,25,7,0.28,0,0.0526,-1.9063,1.0,0,0,0
tmqm_1765,Ta,7,24,9,0.375,0,0.0625,-2.2829,1.0,0,0,1
tmqm_1766,Ta,8,29,16,0.5517,0,0.0714,-3.118,1.0,0,0,0
tmqm_1767,V,4,26,14,0.5385,0,0.0769,1.1522,1.0,0,0,0
tmqm_1768,V,7,26,7,0.2692,0,0.05,-4.5334,1.0,0,0,0
tmqm_1769,V,8,26,16,0.6154,0,0.0909,-1.0363,1.0,0,0,1
tmqm_1770,Ta,8,27,6,0.2222,0,0.0455,-3.7434,1.0,0,0,1
tmqm_1771,V,8,27,21,0.7778,0,0.1429,0.5811,1.0,0,0,0
tmqm_1772,V,8,26,11,0.4231,0,0.0625,-0.5934,1.0,0,0,0
tmqm_1773,Nb,8,27,12,0.4444,0,0.0625,4.0012,1.0,0,0,0
tmqm_1774,V,4,26,9,0.3462,0,0.0556,-2.8971,1.0,0,0,0
tmqm_1775,Ta,8,27,11,0.4074,0,0.0588,-2.8479,1.0,0,0,0
tmqm_1776,Ta,3,26,14,0.5385,0,0.0769,-1.1651,1.0,0,0,0
tmqm_1777,Nb,9,29,25,0.8621,0,0.2,6.2364,1.0,0,0,0
tmqm_1778,Ta,7,24,13,0.5417,0,0.0833,-4.1963,1.0,0,0,0
tmqm_1779,Mo,6,29,17,0.5862,0,0.0769,7.0565,1.0,0,0,0
tmqm_1780,Mo,7,26,16,0.6154,0,0.0909,3.3079,1.0,0,0,0
tmqm_1781,Mo,6,26,17,0.6538,0,0.1,6.1646,1.0,0,0,0
tmqm_1782,Mo,6,29,22,0.7586,0,0.125,6.402,1.0,0,0,0
tmqm_1783,Mo,6,29,24,0.8276,0,0.1667,6.9047,1.0,0,0,0
tmqm_1784,Cr,8,26,20,0.7692,0,0.1429,8.9367,1.0,0,0,0
tmqm_1785,Cr,8,29,19,0.6552,0,0.0909,7.3447,1.0,0,0,0
tmqm_1786,Mo,6,29,25,0.8621,0,0.2,7.584,1.0,0,0,0
tmqm_1787,W,6,29,19,0.6552,0,0.0909,5.4914,1.0,0,0,0
tmqm_1788,Cr,6,29,13,0.4483,0,0.0588,0.4682,1.0,0,0,0
tmqm_1789,Cr,6,29,17,0.5862,0,0.0769,3.565,1.0,0,0,0
tmqm_1790,Cr,10,26,20,0.7692,0,0.1429,6.8885,1.0,0,0,0
tmqm_1791,W,6,26,19,0.7308,0,0.125,4.2888,1.0,0,0,0
tmqm_1792,W,7,27,3,0.1111,0,0.04,-2.4965,1.0,0,0,0
tmqm_1793,Mo,6,27,24,0.8889,0,0.25,5.8999,1.0,0,0,0
tmqm_1794,W,5,26,15,0.5769,0,0.0833,3.7466,1.0,0,0,0
tmqm_1795,Mo,6,27,16,0.5926,0,0.0833,6.7043,1.0,0,0,0
tmqm_1796,Mo,9,29,22,0.7586,0,0.125,4.5227,1.0,0,0,0
tmqm_1797,Cr,12,29,18,0.6207,0,0.0833,1.1071,1.0,0,0,0
tmqm_1798,Mo,9,27,13,0.4815,0,0.0667,3.195,1.0,0,0,0
tmqm_1799,Mo,5,29,24,0.8276,0,0.1667,9.5575,1.0,0,0,0
tmqm_1800,W,6,29,24,0.8276,0,0.1667,7.3544,1.0,0,0,0
tmqm_1801,Mo,6,27,21,0.7778,0,0.1429,3.4859,1.0,0,0,0
tmqm_1802,W,5,23,18,0.7826,0,0.1667,7.1722,1.0,0,0,1
tmqm_1803,Mo,7,29,16,0.5517,0,0.0714,2.7574,1.0,0,0,0
tmqm_1804,Mo,7,27,11,0.4074,0,0.0588,3.1531,1.0,1,0,0
tmqm_1805,Mo,6,26,22,0.8462,0,0.2,7.031,1.0,0,0,0
tmqm_1806,Cr,4,25,16,0.64,0,0.1,4.4332,1.0,0,0,0
tmqm_1807,W,8,27,14,0.5185,0,0.0714,4.0764,1.0,0,0,0
tmqm_1808,W,6,29,24,0.8276,0,0.1667,7.2355,1.0,1,0,0
tmqm_1809,W,8,29,18,0.6207,0,0.0833,4.8343,1.0,0,0,0
tmqm_1810,W,8,29,18,0.6207,0,0.0833,4.8706,1.0,0,0,0
tmqm_1811,W,6,29,27,0.931,0,0.3333,6.7332,1.0,0,0,0
tmqm_1812,Cr,6,29,18,0.6207,0,0.0833,2.5728,1.0,0,0,0
tmqm_1813,Mo,6,29,24,0.8276,0,0.1667,6.3823,1.0,0,0,0
tmqm_1814,W,6,29,20,0.6897,0,0.1,7.1546,1.0,0,0,0
tmqm_1815,Mo,6,27,22,0.8148,0,0.1667,6.1841,1.0,0,0,0
tmqm_1816,Mo,6,29,19,0.6552,0,0.0909,7.2477,1.0,0,0,0
tmqm_1817,Cr,5,26,9,0.3462,0,0.0556,-3.3956,1.0,0,0,0
tmqm_1818,Mo,7,27,20,0.7407,0,0.125,2.1931,1.0,0,0,0
tmqm_1819,W,6,29,18,0.6207,0,0.0833,4.8368,1.0,0,0,0
tmqm_1820,Mo,7,26,10,0.3846,0,0.0588,2.5243,1.0,0,0,0
tmqm_1821,W,8,29,19,0.6552,0,0.0909,4.0025,1.0,0,0,0
tmqm_1822,Cr,12,27,11,0.4074,0,0.0588,0.7536,1.0,0,0,0
tmqm_1823,Cr,12,29,24,0.8276,0,0.1667,0.3926,1.0,0,0,0
tmqm_1824,Mo,6,26,24,0.9231,0,0.3333,6.8025,1.0,0,0,0
tmqm_1825,Mo,6,29,27,0.931,0,0.3333,8.2872,1.0,0,0,0
tmqm_1826,W,6,26,22,0.8462,0,0.2,5.8015,1.0,0,0,0
tmqm_1827,W,6,27,15,0.5556,0,0.0769,5.9064,1.0,0,0,0
tmqm_1828,W,6,26,15,0.5769,0,0.0833,5.3614,1.0,0,0,0
tmqm_1829,Mo,7,27,16,0.5926,0,0.0833,3.81,1.0,0,0,1
tmqm_1830,W,6,29,16,0.5517,0,0.0714,6.2027,1.0,0,0,0
tmqm_1831,W,6,29,26,0.8966,0,0.25,6.6964,1.0,0,0,0
tmqm_1832,Mo,6,26,19,0.7308,0,0.125,6.241,1.0,0,0,1
tmqm_1833,Mo,6,26,19,0.7308,0,0.125,4.6954,1.0,0,0,1
tmqm_1834,Mo,7,29,13,0.4483,0,0.0588,2.229,1.0,0,0,0
tmqm_1835,Mo,8,29,13,0.4483,0,0.0588,-0.3883,1.0,0,0,0
tmqm_1836,Mo,7,27,19,0.7037,0,0.1111,3.0188,1.0,0,0,0
tmqm_1837,Mo,6,29,24,0.8276,0,0.1667,4.445,1.0,0,0,0
tmqm_1838,Mo,12,27,14,0.5185,0,0.0714,0.1614,1.0,0,0,0
tmqm_1839,Cr,8,29,22,0.7586,0,0.125,7.2258,1.0,0,0,0
tmqm_1840,W,8,26,15,0.5769,0,0.0833,3.4321,1.0,0,0,0
tmqm_1841,W,6,29,20,0.6897,0,0.1,7.6971,1.0,0,0,0
tmqm_1842,W,10,26,7,0.2692,0,0.05,-3.5202,1.0,0,0,0
tmqm_1843,W,7,29,10,0.3448,0,0.05,-2.0805,1.0,1,0,0
tmqm_1844,W,7,26,10,0.3846,0,0.0588,-1.5345,1.0,0,0,0
tmqm_1845,W,6,27,16,0.5926,0,0.0833,5.2388,1.0,0,0,0
tmqm_1846,W,8,14,0,0.0,0,0.0667,-0.5214,1.0,0,0,0
tmqm_1847,Mo,7,27,12,0.4444,0,0.0625,3.7676,1.0,0,0,0
tmqm_1848,Mo,6,29,17,0.5862,0,0.0769,5.7271,1.0,0,0,0
tmqm_1849,Mo,5,26,14,0.5385,0,0.0769,7.5239,1.0,0,0,0
tmqm_1850,Mo,11,27,7,0.2593,0,0.0476,-3.1395,1.0,0,0,0
tmqm_1851,Mo,8,26,14,0.5385,0,0.0769,-0.3625,1.0,0,0,0
tmqm_1852,W,7,29,9,0.3103,0,0.0476,-1.0776,1.0,0,0,0
tmqm_1853,Cr,6,26,18,0.6923,0,0.1111,0.6529,1.0,0,0,1
tmqm_1854,W,11,27,12,0.4444,0,0.0625,-2.199,1.0,0,0,0
tmqm_1855,Mo,6,29,19,0.6552,0,0.0909,5.9828,1.0,0,0,0
tmqm_1856,W,6,29,21,0.7241,0,0.1111,7.9115,1.0,0,0,0
tmqm_1857,W,6,26,22,0.8462,0,0.2,5.4083,1.0,0,0,0
tmqm_1858,Cr,9,26,14,0.5385,0,0.0769,-0.527,1.0,0,0,0
tmqm_1859,W,6,26,22,0.8462,0,0.2,6.1597,1.0,0,0,0
tmqm_1860,Mo,4,26,21,0.8077,0,0.1667,2.9421,1.0,0,0,0
tmqm_1861,Mo,8,29,17,0.5862,0,0.0769,0.7779,1.0,0,0,0
tmqm_1862,Mo,9,27,17,0.6296,0,0.0909,4.4838,1.0,0,0,0
tmqm_1863,W,7,29,12,0.4138,0,0.0556,0.2184,1.0,0,0,0
tmqm_1864,Cr,12,26,17,0.6538,0,0.1,0.7107,1.0,0,0,1
tmqm_1865,Cr,5,27,16,0.5926,0,0.0833,-2.7489,1.0,0,0,0
tmqm_1866,Cr,6,29,13,0.4483,0,0.0588,2.5078,1.0,0,0,0
tmqm_1867,W,10,26,16,0.6154,0,0.0909,-2.2549,1.0,0,0,0
tmqm_1868,Cr,7,27,21,0.7778,0,0.1429,6.1493,1.0,0,0,0
tmqm_1869,Mo,8,26,11,0.4231,0,0.0625,0.0155,1.0,0,0,0
tmqm_1870,Mo,9,26,22,0.8462,0,0.2,3.7704,1.0,0,0,0
tmqm_1871,Cr,12,26,6,0.2308,0,0.0476,-3.0,1.0,0,0,0
tmqm_1872,W,6,29,23,0.7931,0,0.1429,7.9119,1.0,0,0,0
tmqm_1873,Mo,6,29,18,0.6207,0,0.0833,7.1802,1.0,0,0,0
tmqm_1874,Cr,6,29,17,0.5862,0,0.0769,1.5713,1.0,0,0,0
tmqm_1875,Mo,5,26,25,0.9615,0,0.5,9.4952,1.0,0,0,0
tmqm_1876,Cr,7,26,17,0.6538,0,0.1,4.7858,1.0,0,0,0
tmqm_1877,Mo,6,27,22,0.8148,0,0.1667,7.246,1.0,0,0,0
tmqm_1878,Mo,7,27,12,0.4444,0,0.0625,3.5929,1.0,0,0,0
tmqm_1879,W,6,26,21,0.8077,0,0.1667,4.7372,1.0,1,0,0
tmqm_1880,W,8,27,23,0.8519,0,0.2,3.9938,1.0,0,0,0
tmqm_1881,Cr,4,28,19,0.6786,0,0.1,5.8415,1.0,0,0,0
tmqm_1882,Mo,5,26,21,0.8077,0,0.1667,7.822,1.0,0,0,0
tmqm_1883,W,5,16,5,0.3125,0,0.0833,-0.2805,1.0,0,0,0
tmqm_1884,W,5,16,7,0.4375,0,0.1,0.013,1.0,0,0,0
tmqm_1885,Mo,6,29,23,0.7931,0,0.1429,5.9382,1.0,0,0,0
tmqm_1886,W,8,29,20,0.6897,0,0.1,4.6085,1.0,0,0,0
tmqm_1887,Mo,6,29,19,0.6552,0,0.0909,6.2526,1.0,0,0,0
tmqm_1888,Mo,9,26,18,0.6923,0,0.1111,3.6557,1.0,0,0,0
tmqm_1889,Mo,8,29,20,0.6897,0,0.1,0.4851,1.0,1,0,0
tmqm_1890,Mo,9,23,19,0.8261,0,0.2,4.9684,1.0,0,0,0
tmqm_1891,W,11,23,11,0.4783,0,0.0769,-1.8941,1.0,0,0,0
tmqm_1892,Cr,6,29,22,0.7586,0,0.125,1.1159,1.0,0,0,0
tmqm_1893,Mo,8,26,7,0.2692,0,0.05,-0.0116,1.0,0,0,0
tmqm_1894,W,4,23,17,0.7391,0,0.1429,6.8396,1.0,0,0,0
tmqm_1895,Mo,6,26,15,0.5769,0,0.0833,4.061,1.0,0,0,0
tmqm_1896,Mo,6,29,25,0.8621,0,0.2,6.0181,1.0,0,0,0
tmqm_1897,Mo,6,29,14,0.4828,0,0.0625,5.7723,1.0,0,0,0
tmqm_1898,W,8,18,14,0.7778,0,0.2,7.8552,1.0,0,0,0
tmqm_1899,Cr,7,26,17,0.6538,0,0.1,4.704,1.0,0,0,0
tmqm_1900,Mo,5,26,19,0.7308,0,0.125,6.5557,1.0,0,0,0
tmqm_1901,W,6,16,10,0.625,0,0.1429,0.0428,1.0,0,0,0
tmqm_1902,Mo,7,26,22,0.8462,0,0.2,2.5547,1.0,0,0,0
tmqm_1903,W,6,29,20,0.6897,0,0.1,5.5375,1.0,0,0,0
tmqm_1904,Mo,5,26,17,0.6538,0,0.1,7.4836,1.0,0,0,0
tmqm_1905,Mo,9,24,18,0.75,0,0.1429,4.5383,1.0,0,0,0
tmqm_1906,W,5,26,16,0.6154,0,0.0909,3.3729,1.0,0,0,0
tmqm_1907,Mo,7,29,17,0.5862,0,0.0769,4.424,1.0,0,0,0
tmqm_1908,Mo,6,16,5,0.3125,0,0.0833,-0.3599,1.0,0,0,0
tmqm_1909,W,9,27,9,0.3333,0,0.0526,-1.6419,1.0,0,0,0
tmqm_1910,Mo,6,11,8,0.7273,0,0.25,0.0897,1.0,0,0,0
tmqm_1911,Mo,6,27,19,0.7037,0,0.1111,4.0818,1.0,0,0,0
tmqm_1912,Mo,4,26,8,0.3077,0,0.0526,1.8699,1.0,0,0,0
tmqm_1913,Cr,9,16,0,0.0,0,0.0588,-0.8451,1.0,0,0,0
tmqm_1914,Mo,7,26,16,0.6154,0,0.0909,3.3277,1.0,0,0,0
tmqm_1915,W,7,16,7,0.4375,0,0.1,0.1119,1.0,0,0,0
tmqm_1916,Cr,6,29,19,0.6552,0,0.0909,1.2116,1.0,0,0,0
tmqm_1917,W,6,29,15,0.5172,0,0.0667,3.587,1.0,0,0,0
tmqm_1918,W,6,29,24,0.8276,0,0.1667,4.5944,1.0,0,0,0
tmqm_1919,Cr,11,25,22,0.88,0,0.25,9.0418,1.0,0,0,0
tmqm_1920,Mo,6,27,18,0.6667,0,0.1,6.7448,1.0,0,0,0
tmqm_1921,Cr,5,27,11,0.4074,0,0.0588,-3.7271,1.0,0,0,0
tmqm_1922,W,6,29,22,0.7586,0,0.125,7.0402,1.0,0,0,0
tmqm_1923,Cr,12,16,11,0.6875,0,0.1667,0.232,1.0,0,0,0
tmqm_1924,Mo,8,29,16,0.5517,0,0.0714,0.2188,1.0,0,0,0
tmqm_1925,W,6,29,23,0.7931,0,0.1429,7.4388,1.0,0,0,0
tmqm_1926,W,4,24,19,0.7917,0,0.1667,8.2035,1.0,0,0,0
tmqm_1927,Mo,6,26,11,0.4231,0,0.0625,5.3431,1.0,0,0,0
tmqm_1928,Mo,5,26,19,0.7308,0,0.125,6.3026,1.0,0,0,0
tmqm_1929,Cr,12,29,15,0.5172,0,0.0667,-0.0224,1.0,0,1,0
tmqm_1930,Mo,7,26,17,0.6538,0,0.1,2.3193,1.0,0,0,0
tmqm_1931,Mo,6,26,17,0.6538,0,0.1,6.2652,1.0,0,0,0
tmqm_1932,Cr,7,29,22,0.7586,0,0.125,5.3398,1.0,0,0,1
tmqm_1933,Cr,4,28,23,0.8214,0,0.1667,4.7775,1.0,1,0,0
tmqm_1934,Mo,6,26,21,0.8077,0,0.1667,7.0814,1.0,0,0,0
tmqm_1935,W,6,29,18,0.6207,0,0.0833,6.9512,1.0,0,0,0
tmqm_1936,Mo,9,29,21,0.7241,0,0.1111,3.8483,1.0,0,0,0
tmqm_1937,W,6,29,27,0.931,0,0.3333,7.1647,1.0,0,0,0
tmqm_1938,Cr,6,29,22,0.7586,0,0.125,4.1372,1.0,0,0,0
tmqm_1939,Cr,4,26,18,0.6923,0,0.1111,4.8766,1.0,0,0,0
tmqm_1940,Mo,9,27,19,0.7037,0,0.1111,3.4247,1.0,0,0,0
tmqm_1941,Mo,5,26,15,0.5769,0,0.0833,6.5635,1.0,0,0,0
tmqm_1942,Mo,4,26,17,0.6538,0,0.1,3.0455,1.0,0,0,0
tmqm_1943,Cr,10,25,14,0.56,0,0.0833,6.3796,1.0,0,0,0
tmqm_1944,W,6,27,19,0.7037,0,0.1111,7.3028,1.0,0,0,0
tmqm_1945,W,10,26,21,0.8077,0,0.1667,-0.2995,1.0,0,0,0
tmqm_1946,W,6,29,24,0.8276,0,0.1667,6.0873,1.0,0,0,0
tmqm_1947,Mo,8,29,15,0.5172,0,0.0667,-0.4354,1.0,0,0,0
tmqm_1948,Mo,6,29,23,0.7931,0,0.1429,6.3211,1.0,0,0,0
tmqm_1949,W,6,29,22,0.7586,0,0.125,6.5203,1.0,0,0,0
tmqm_1950,W,6,29,28,0.9655,0,0.5,7.6385,1.0,0,0,0
tmqm_1951,W,6,29,21,0.7241,0,0.1111,6.1046,1.0,0,0,0
tmqm_1952,W,6,29,27,0.931,0,0.3333,6.8434,1.0,0,0,0
tmqm_1953,Mo,10,25,8,0.32,0,0.0556,-1.9201,1.0,0,0,0
tmqm_1954,W,10,26,12,0.4615,0,0.0667,-4.8682,1.0,0,0,1
tmqm_1955,Mo,5,25,25,1.0,1,1.0,8.6372,1.0,0,0,0
tmqm_1956,Cr,10,23,15,0.6522,0,0.1111,7.3386,1.0,0,0,0
tmqm_1957,W,6,29,29,1.0,1,1.0,7.4244,1.0,0,0,1
tmqm_1958,Mo,6,29,14,0.4828,0,0.0625,5.1118,1.0,0,0,0
tmqm_1959,Mo,6,29,21,0.7241,0,0.1111,6.646,1.0,0,0,0
tmqm_1960,Mo,6,27,20,0.7407,0,0.125,6.3609,1.0,0,0,0
tmqm_1961,W,6,26,23,0.8846,0,0.25,6.5847,1.0,0,0,0
tmqm_1962,W,6,29,26,0.8966,0,0.25,6.9183,1.0,0,0,0
tmqm_1963,Cr,6,29,19,0.6552,0,0.0909,3.3699,1.0,0,0,0
tmqm_1964,W,5,16,5,0.3125,0,0.0833,-0.1826,1.0,0,0,0
tmqm_1965,W,6,26,10,0.3846,0,0.0588,5.129,1.0,0,0,0
tmqm_1966,Mo,6,26,22,0.8462,0,0.2,6.0499,1.0,0,0,0
tmqm_1967,Mo,6,26,16,0.6154,0,0.0909,6.7536,1.0,0,0,0
tmqm_1968,Cr,6,29,23,0.7931,0,0.1429,3.2846,1.0,0,0,0
tmqm_1969,Mo,7,29,13,0.4483,0,0.0588,2.55,1.0,0,0,1
tmqm_1970,Mo,7,26,20,0.7692,0,0.1429,0.5343,1.0,0,0,0
tmqm_1971,Mo,8,26,12,0.4615,0,0.0667,-2.1554,1.0,0,0,0
tmqm_1972,Mo,8,26,15,0.5769,0,0.0833,-1.1645,1.0,0,0,0
tmqm_1973,Mo,8,29,12,0.4138,0,0.0556,-0.245,1.0,0,0,0
tmqm_1974,Mo,6,29,27,0.931,0,0.3333,8.3074,1.0,0,0,1
tmqm_1975,W,8,26,23,0.8846,0,0.25,5.3518,1.0,0,0,0
tmqm_1976,Cr,12,29,16,0.5517,0,0.0714,-0.2919,1.0,0,1,0
tmqm_1977,Cr,4,16,0,0.0,0,0.0588,-1.0366,1.0,1,0,0
tmqm_1978,Mo,8,29,15,0.5172,0,0.0667,-1.1375,1.0,0,0,0
tmqm_1979,W,8,29,23,0.7931,0,0.1429,4.3925,1.0,0,0,0
tmqm_1980,Mo,8,29,15,0.5172,0,0.0667,-0.4505,1.0,0,0,0
tmqm_1981,W,6,29,25,0.8621,0,0.2,6.6379,1.0,0,0,0
tmqm_1982,Mo,6,26,17,0.6538,0,0.1,5.8472,1.0,0,0,0
tmqm_1983,Mo,6,29,18,0.6207,0,0.0833,5.456,1.0,0,0,0
tmqm_1984,W,8,29,20,0.6897,0,0.1,5.2312,1.0,0,0,0
tmqm_1985,W,9,23,17,0.7391,0,0.1429,1.2946,1.0,0,0,0
tmqm_1986,Mo,7,27,20,0.7407,0,0.125,3.0934,1.0,0,0,0
tmqm_1987,W,6,29,16,0.5517,0,0.0714,5.6332,1.0,0,0,0
tmqm_1988,Mo,6,29,24,0.8276,0,0.1667,6.5854,1.0,0,0,0
tmqm_1989,Mo,6,27,21,0.7778,0,0.1429,4.9085,1.0,0,0,0
tmqm_1990,W,5,26,18,0.6923,0,0.1111,4.1656,1.0,0,0,0
tmqm_1991,Mo,8,29,14,0.4828,0,0.0625,-0.6456,1.0,0,0,0
tmqm_1992,W,9,23,8,0.3478,0,0.0625,-2.2178,1.0,0,0,0
tmqm_1993,Cr,6,29,16,0.5517,0,0.0714,2.6677,1.0,0,0,0
tmqm_1994,W,6,26,20,0.7692,0,0.1429,6.6216,1.0,0,0,0
tmqm_1995,Cr,8,29,26,0.8966,0,0.25,6.3008,1.0,0,0,0
tmqm_1996,Mo,6,26,19,0.7308,0,0.125,5.9814,1.0,0,0,0
tmqm_1997,Mo,8,26,12,0.4615,0,0.0667,-1.7031,1.0,0,0,0
tmqm_1998,Cr,8,23,20,0.8696,0,0.25,9.9611,1.0,0,0,0
tmqm_1999,W,6,29,22,0.7586,0,0.125,6.6553,1.0,0,0,0
tmqm_2000,Mo,9,26,23,0.8846,0,0.25,4.2249,1.0,0,0,0
tmqm_2001,W,5,26,11,0.4231,0,0.0625,3.7076,1.0,0,0,0
tmqm_2002,Mo,7,27,17,0.6296,0,0.0909,3.4604,1.0,0,0,0
tmqm_2003,W,5,29,21,0.7241,0,0.1111,8.1165,1.0,1,0,0
tmqm_2004,Mo,7,27,21,0.7778,0,0.1429,2.9625,1.0,0,0,0
tmqm_2005,Mo,6,26,22,0.8462,0,0.2,7.0756,1.0,0,0,0
tmqm_2006,Mo,6,26,26,1.0,1,1.0,5.5607,1.0,0,0,0
tmqm_2007,Mo,5,26,16,0.6154,0,0.0909,7.412,1.0,0,0,0
tmqm_2008,Mo,6,26,16,0.6154,0,0.0909,5.5212,1.0,0,0,0
tmqm_2009,W,6,29,20,0.6897,0,0.1,5.5014,1.0,0,0,0
tmqm_2010,W,11,26,4,0.1538,0,0.0435,-2.2859,1.0,0,0,0
tmqm_2011,Cr,6,29,17,0.5862,0,0.0769,1.8134,1.0,0,0,0
tmqm_2012,W,6,29,27,0.931,0,0.3333,6.4787,1.0,0,0,0
tmqm_2013,Mo,7,26,12,0.4615,0,0.0667,2.101,1.0,0,0,0
tmqm_2014,W,6,29,17,0.5862,0,0.0769,7.1584,1.0,0,0,0
tmqm_2015,Cr,11,27,19,0.7037,0,0.1111,8.4959,1.0,0,0,0
tmqm_2016,Mo,6,27,21,0.7778,0,0.1429,5.829,1.0,0,0,0
tmqm_2017,W,6,29,27,0.931,0,0.3333,7.0343,1.0,0,0,0
tmqm_2018,W,9,26,17,0.6538,0,0.1,-0.7176,1.0,0,0,0
tmqm_2019,Mo,7,27,17,0.6296,0,0.0909,1.1068,1.0,0,0,0
tmqm_2020,Cr,12,29,17,0.5862,0,0.0769,0.304,1.0,0,0,0
tmqm_2021,Mo,6,26,15,0.5769,0,0.0833,5.3081,1.0,0,0,0
tmqm_2022,Mo,6,26,11,0.4231,0,0.0625,5.7699,1.0,0,0,0
tmqm_2023,W,10,26,20,0.7692,0,0.1429,-3.1833,1.0,0,0,0
tmqm_2024,Mo,7,27,21,0.7778,0,0.1429,2.9088,1.0,0,0,0
tmqm_2025,Cr,4,26,23,0.8846,0,0.25,5.8749,1.0,0,0,0
tmqm_2026,Mo,5,26,19,0.7308,0,0.125,7.1779,1.0,0,0,0
tmqm_2027,Mo,6,26,20,0.7692,0,0.1429,5.1411,1.0,0,0,0
tmqm_2028,Mo,5,16,7,0.4375,0,0.1,0.0735,1.0,1,0,0
tmqm_2029,W,6,29,17,0.5862,0,0.0769,6.8772,1.0,0,0,0
tmqm_2030,Cr,12,26,14,0.5385,0,0.0769,0.8408,1.0,0,0,0
tmqm_2031,W,6,29,25,0.8621,0,0.2,7.3693,1.0,0,0,0
tmqm_2032,Mo,5,26,20,0.7692,0,0.1429,7.0928,1.0,0,0,0
tmqm_2033,Mo,6,26,18,0.6923,0,0.1111,5.4734,1.0,0,0,0
tmqm_2034,Mo,8,26,14,0.5385,0,0.0769,-3.0405,1.0,0,0,0
tmqm_2035,W,10,26,16,0.6154,0,0.0909,-2.1499,1.0,0,0,0
tmqm_2036,Cr,11,26,16,0.6154,0,0.0909,6.4078,1.0,0,0,0
tmqm_2037,W,6,26,12,0.4615,0,0.0667,5.0906,1.0,0,0,0
tmqm_2038,Mo,9,27,16,0.5926,0,0.0833,4.8301,1.0,0,0,0
tmqm_2039,Cr,10,23,16,0.6957,0,0.125,7.7427,1.0,0,0,0
tmqm_2040,Mo,6,29,18,0.6207,0,0.0833,7.0727,1.0,0,0,0
tmqm_2041,Mo,6,26,22,0.8462,0,0.2,7.4704,1.0,0,0,0
tmqm_2042,W,8,29,17,0.5862,0,0.0769,4.0801,1.0,0,0,0
tmqm_2043,Cr,4,29,16,0.5517,0,0.0714,5.213,1.0,0,0,0
tmqm_2044,Mo,6,29,20,0.6897,0,0.1,8.48,1.0,0,0,0
tmqm_2045,Cr,4,28,24,0.8571,0,0.2,4.3532,1.0,0,0,0
tmqm_2046,Cr,6,29,18,0.6207,0,0.0833,4.3648,1.0,0,0,0
tmqm_2047,W,10,28,17,0.6071,0,0.0833,-0.8907,1.0,0,0,0
tmqm_2048,Mo,6,27,23,0.8519,0,0.2,6.7546,1.0,0,0,0
tmqm_2049,W,7,27,11,0.4074,0,0.0588,-2.0925,1.0,0,0,0
tmqm_2050,W,7,27,17,0.6296,0,0.0909,-1.4434,1.0,0,0,0
tmqm_2051,W,8,29,18,0.6207,0,0.0833,2.8009,1.0,0,0,0
tmqm_2052,Mo,7,26,17,0.6538,0,0.1,3.5848,1.0,0,0,0
tmqm_2053,Cr,6,29,17,0.5862,0,0.0769,0.978,1.0,0,0,0
tmqm_2054,Mo,7,27,13,0.4815,0,0.0667,3.1108,1.0,0,0,0
tmqm_2055,W,6,29,23,0.7931,0,0.1429,6.3239,1.0,1,0,0
tmqm_2056,Mo,6,26,23,0.8846,0,0.25,5.9165,1.0,0,0,0
tmqm_2057,Cr,6,29,21,0.7241,0,0.1111,3.1078,1.0,0,0,0
tmqm_2058,W,6,26,15,0.5769,0,0.0833,4.1862,1.0,1,0,0
tmqm_2059,W,6,29,15,0.5172,0,0.0667,5.2052,1.0,0,0,0
tmqm_2060,Mo,7,27,14,0.5185,0,0.0714,3.0898,1.0,0,0,0
tmqm_2061,W,6,29,19,0.6552,0,0.0909,9.0297,1.0,0,0,0
tmqm_2062,Cr,11,29,16,0.5517,0,0.0714,6.9109,1.0,0,0,0
tmqm_2063,Cr,6,29,20,0.6897,0,0.1,2.6563,1.0,0,0,0
tmqm_2064,Cr,4,23,15,0.6522,0,0.1111,6.5161,1.0,0,0,0
tmqm_2065,W,5,26,17,0.6538,0,0.1,4.9218,1.0,0,0,0
tmqm_2066,Mo,6,27,20,0.7407,0,0.125,5.7925,1.0,0,0,0
tmqm_2067,W,9,26,13,0.5,0,0.0714,-0.5805,1.0,0,0,0
tmqm_2068,Mo,6,26,18,0.6923,0,0.1111,5.2654,1.0,0,0,0
tmqm_2069,W,5,26,12,0.4615,0,0.0667,3.9713,1.0,0,0,0
tmqm_2070,W,6,29,21,0.7241,0,0.1111,6.216,1.0,0,0,0
tmqm_2071,Mo,6,29,20,0.6897,0,0.1,7.3417,1.0,0,0,0
tmqm_2072,Mo,6,16,13,0.8125,0,0.25,1.0494,1.0,0,0,0
tmqm_2073,Mo,6,29,20,0.6897,0,0.1,5.9757,1.0,0,0,1
tmqm_2074,W,6,29,24,0.8276,0,0.1667,6.4223,1.0,0,0,0
tmqm_2075,Mo,6,27,20,0.7407,0,0.125,6.9461,1.0,0,0,0
tmqm_2076,W,6,29,18,0.6207,0,0.0833,7.097,1.0,0,0,0
tmqm_2077,W,6,29,25,0.8621,0,0.2,7.331,1.0,0,0,0
tmqm_2078,Mo,6,26,26,1.0,1,1.0,6.1316,1.0,0,0,0
tmqm_2079,Mo,7,26,15,0.5769,0,0.0833,3.5547,1.0,0,0,0
tmqm_2080,Mo,8,29,16,0.5517,0,0.0714,-1.5342,1.0,0,0,0
tmqm_2081,W,8,26,20,0.7692,0,0.1429,4.4761,1.0,0,0,0
tmqm_2082,Cr,6,26,19,0.7308,0,0.125,2.5956,1.0,0,0,0
tmqm_2083,Mo,9,26,19,0.7308,0,0.125,3.7351,1.0,0,0,0
tmqm_2084,Mo,9,29,16,0.5517,0,0.0714,2.4815,1.0,0,0,0
tmqm_2085,W,6,29,23,0.7931,0,0.1429,5.2196,1.0,0,0,0
tmqm_2086,W,9,26,18,0.6923,0,0.1111,1.0265,1.0,0,0,0
tmqm_2087,Mo,7,27,17,0.6296,0,0.0909,0.9867,1.0,0,0,0
tmqm_2088,W,8,26,16,0.6154,0,0.0909,5.4371,1.0,0,0,0
tmqm_2089,W,7,29,14,0.4828,0,0.0625,-1.8214,1.0,0,0,0
tmqm_2090,Cr,6,28,17,0.6071,0,0.0833,1.6277,1.0,0,0,0
tmqm_2091,Mo,6,27,20,0.7407,0,0.125,6.0758,1.0,0,0,0
tmqm_2092,Mo,11,27,8,0.2963,0,0.05,-2.4948,1.0,0,0,0
tmqm_2093,W,6,29,24,0.8276,0,0.1667,8.2452,1.0,0,0,0
tmqm_2094,Mo,6,27,17,0.6296,0,0.0909,4.5092,1.0,0,0,0
tmqm_2095,Cr,12,26,21,0.8077,0,0.1667,0.6991,1.0,0,0,0
tmqm_2096,W,8,29,18,0.6207,0,0.0833,3.9161,1.0,0,0,0
tmqm_2097,Mo,6,29,21,0.7241,0,0.1111,7.5332,1.0,0,0,0
tmqm_2098,Cr,7,29,20,0.6897,0,0.1,6.2927,1.0,1,0,0
tmqm_2099,Mo,7,29,23,0.7931,0,0.1429,2.3728,1.0,0,0,0
tmqm_2100,Mo,6,27,24,0.8889,0,0.25,5.972,1.0,0,0,0
tmqm_2101,Mo,8,27,10,0.3704,0,0.0556,0.4023,1.0,0,0,0
tmqm_2102,Mo,7,27,17,0.6296,0,0.0909,3.5678,1.0,0,0,0
tmqm_2103,Mo,11,26,6,0.2308,0,0.0476,-4.403,1.0,0,0,0
tmqm_2104,W,8,26,21,0.8077,0,0.1667,4.0729,1.0,0,0,0
tmqm_2105,Cr,5,26,14,0.5385,0,0.0769,-4.1725,1.0,0,0,0
tmqm_2106,Mo,7,29,22,0.7586,0,0.125,3.271,1.0,0,0,0
tmqm_2107,W,6,27,22,0.8148,0,0.1667,5.6965,1.0,0,0,0
tmqm_2108,W,7,16,6,0.375,0,0.0909,-0.1494,1.0,0,0,0
tmqm_2109,Mo,6,27,22,0.8148,0,0.1667,5.9422,1.0,0,0,0
tmqm_2110,Mo,8,26,10,0.3846,0,0.0588,-1.1639,1.0,0,0,0
tmqm_2111,W,11,26,6,0.2308,0,0.0476,-2.2955,1.0,0,0,0
tmqm_2112,Mo,5,26,25,0.9615,0,0.5,7.9421,1.0,0,0,0
tmqm_2113,W,8,29,19,0.6552,0,0.0909,3.1338,1.0,0,0,0
tmqm_2114,Mo,7,29,11,0.3793,0,0.0526,2.8527,1.0,0,0,0
tmqm_2115,Mo,9,26,15,0.5769,0,0.0833,3.6898,1.0,0,0,0
tmqm_2116,W,6,29,15,0.5172,0,0.0667,5.5407,1.0,0,0,0
tmqm_2117,Mo,5,25,20,0.8,0,0.1667,8.9379,1.0,0,0,0
tmqm_2118,Mo,6,26,26,1.0,1,1.0,5.3238,1.0,1,0,0
tmqm_2119,W,9,26,14,0.5385,0,0.0769,-1.6411,1.0,0,0,0
tmqm_2120,Mo,5,26,15,0.5769,0,0.0833,7.5537,1.0,0,0,0
tmqm_2121,Mo,6,29,20,0.6897,0,0.1,5.5391,1.0,0,0,0
tmqm_2122,Mo,5,26,19,0.7308,0,0.125,7.2966,1.0,0,0,0
tmqm_2123,W,8,27,20,0.7407,0,0.125,4.827,1.0,0,0,0
tmqm_2124,Mo,6,29,12,0.4138,0,0.0556,5.3255,1.0,0,0,0
tmqm_2125,Mo,7,29,15,0.5172,0,0.0667,0.932,1.0,0,0,0
tmqm_2126,Mo,8,27,17,0.6296,0,0.0909,0.0557,1.0,0,0,0
tmqm_2127,W,6,29,21,0.7241,0,0.1111,7.2439,1.0,1,0,0
tmqm_2128,Cr,5,27,12,0.4444,0,0.0625,-4.3262,1.0,0,0,0
tmqm_2129,Mo,8,29,18,0.6207,0,0.0833,0.2859,1.0,0,0,0
tmqm_2130,Mo,6,27,14,0.5185,0,0.0714,6.2508,1.0,0,0,0
tmqm_2131,W,7,27,17,0.6296,0,0.0909,-0.3892,1.0,0,0,0
tmqm_2132,Mo,6,29,19,0.6552,0,0.0909,7.9684,1.0,0,0,0
tmqm_2133,W,10,26,11,0.4231,0,0.0625,-2.345,1.0,0,0,0
tmqm_2134,Mo,9,29,24,0.8276,0,0.1667,4.6457,1.0,0,0,0
tmqm_2135,Mo,6,27,15,0.5556,0,0.0769,5.7322,1.0,0,0,0
tmqm_2136,W,6,29,24,0.8276,0,0.1667,6.77,1.0,0,0,1
tmqm_2137,W,7,29,12,0.4138,0,0.0556,-2.0424,1.0,0,0,0
tmqm_2138,W,6,26,21,0.8077,0,0.1667,4.6122,1.0,0,0,0
tmqm_2139,W,9,26,16,0.6154,0,0.0909,-0.6422,1.0,0,0,0
tmqm_2140,W,9,29,18,0.6207,0,0.0833,-0.4033,1.0,0,0,0
tmqm_2141,Mo,7,27,20,0.7407,0,0.125,3.1244,1.0,0,0,0
tmqm_2142,W,9,27,13,0.4815,0,0.0667,0.6636,1.0,0,0,0
tmqm_2143,W,11,24,7,0.2917,0,0.0556,-2.9674,1.0,0,0,0
tmqm_2144,W,7,16,7,0.4375,0,0.1,-0.2477,1.0,1,0,0
tmqm_2145,Mo,6,27,23,0.8519,0,0.2,5.7432,1.0,0,0,0
tmqm_2146,W,6,29,17,0.5862,0,0.0769,5.2193,1.0,0,0,0
tmqm_2147,Mo,6,26,15,0.5769,0,0.0833,5.715,1.0,0,0,0
tmqm_2148,Cr,12,27,12,0.4444,0,0.0625,-0.2428,1.0,0,0,0
tmqm_2149,Cr,3,26,17,0.6538,0,0.1,-0.0151,1.0,0,0,1
tmqm_2150,Mo,6,27,25,0.9259,0,0.3333,6.8136,1.0,0,0,0
tmqm_2151,W,8,26,13,0.5,0,0.0714,8.2869,1.0,0,0,0
tmqm_2152,Mo,6,29,25,0.8621,0,0.2,7.241,1.0,0,0,0
tmqm_2153,Mo,9,27,18,0.6667,0,0.1,4.3499,1.0,0,0,0
tmqm_2154,Mo,7,26,15,0.5769,0,0.0833,2.8199,1.0,0,0,0
tmqm_2155,Mo,6,26,18,0.6923,0,0.1111,6.1027,1.0,0,0,0
tmqm_2156,Mo,7,29,24,0.8276,0,0.1667,2.757,1.0,0,0,0
tmqm_2157,W,7,27,12,0.4444,0,0.0625,-0.4738,1.0,0,0,0
tmqm_2158,Mo,8,26,9,0.3462,0,0.0556,-0.6232,1.0,0,0,0
tmqm_2159,W,8,26,18,0.6923,0,0.1111,4.6713,1.0,0,0,0
tmqm_2160,W,11,24,9,0.375,0,0.0625,-2.4126,1.0,0,0,1
tmqm_2161,Mo,6,29,15,0.5172,0,0.0667,5.5762,1.0,0,0,0
tmqm_2162,Mo,5,27,22,0.8148,0,0.1667,7.4079,1.0,0,0,0
tmqm_2163,W,8,29,20,0.6897,0,0.1,4.8332,1.0,0,0,0
tmqm_2164,Mo,6,29,24,0.8276,0,0.1667,6.0492,1.0,0,0,0
tmqm_2165,W,9,29,6,0.2069,0,0.0417,-0.2896,1.0,1,0,0
tmqm_2166,Mo,6,29,18,0.6207,0,0.0833,5.2885,1.0,0,0,0
tmqm_2167,W,9,26,18,0.6923,0,0.1111,-0.7126,1.0,0,0,0
tmqm_2168,Cr,8,23,16,0.6957,0,0.125,9.0309,1.0,0,0,0
tmqm_2169,Mo,6,27,20,0.7407,0,0.125,7.1375,1.0,0,0,0
tmqm_2170,Mo,8,26,19,0.7308,0,0.125,-0.2701,1.0,0,0,1
tmqm_2171,W,10,26,13,0.5,0,0.0714,-2.3366,1.0,0,0,0
tmqm_2172,W,7,26,13,0.5,0,0.0714,-0.9115,1.0,0,0,0
tmqm_2173,Cr,11,24,14,0.5833,0,0.0909,8.5527,1.0,0,0,0
tmqm_2174,Cr,11,24,19,0.7917,0,0.1667,7.582,1.0,0,0,0
tmqm_2175,W,5,27,15,0.5556,0,0.0769,4.0525,1.0,0,0,0
tmqm_2176,Mo,7,26,13,0.5,0,0.0714,2.2335,1.0,0,0,0
tmqm_2177,W,8,29,16,0.5517,0,0.0714,3.062,1.0,0,0,0
tmqm_2178,W,7,27,13,0.4815,0,0.0667,-1.497,1.0,0,0,0
tmqm_2179,Mo,6,29,20,0.6897,0,0.1,6.7285,1.0,0,0,0
tmqm_2180,Cr,6,26,13,0.5,0,0.0714,1.0206,1.0,0,0,0
tmqm_2181,Cr,5,26,5,0.1923,0,0.0455,-5.1797,1.0,0,0,0
tmqm_2182,W,6,29,20,0.6897,0,0.1,7.657,1.0,0,0,0
tmqm_2183,W,8,27,19,0.7037,0,0.1111,4.6232,1.0,0,0,1
tmqm_2184,Cr,6,29,14,0.4828,0,0.0625,1.8373,1.0,0,0,0
tmqm_2185,Mo,5,26,21,0.8077,0,0.1667,6.8056,1.0,0,0,0
tmqm_2186,Mo,6,29,27,0.931,0,0.3333,7.3896,1.0,0,0,0
tmqm_2187,W,6,29,24,0.8276,0,0.1667,7.2079,1.0,0,0,0
tmqm_2188,W,9,27,9,0.3333,0,0.0526,0.0345,1.0,0,0,0
tmqm_2189,W,6,16,3,0.1875,0,0.0714,-0.4402,1.0,0,0,0
tmqm_2190,Mo,7,26,15,0.5769,0,0.0833,3.9122,1.0,0,0,0
tmqm_2191,Mo,6,26,16,0.6154,0,0.0909,6.5507,1.0,0,0,0
tmqm_2192,Mo,8,29,9,0.3103,0,0.0476,0.2206,1.0,0,0,0
tmqm_2193,W,6,27,15,0.5556,0,0.0769,4.6388,1.0,0,0,0
tmqm_2194,W,9,26,16,0.6154,0,0.0909,-0.3074,1.0,0,0,0
tmqm_2195,Cr,9,29,15,0.5172,0,0.0667,-0.1394,1.0,0,0,0
tmqm_2196,Cr,6,28,14,0.5,0,0.0667,1.9628,1.0,0,0,0
tmqm_2197,W,6,29,20,0.6897,0,0.1,7.0959,1.0,0,0,1
tmqm_2198,Mo,6,26,16,0.6154,0,0.0909,5.6985,1.0,0,0,0
tmqm_2199,Mo,6,26,19,0.7308,0,0.125,7.2591,1.0,0,0,0
tmqm_2200,W,7,27,19,0.7037,0,0.1111,-1.6397,1.0,0,0,0
tmqm_2201,Mo,10,24,4,0.1667,0,0.0476,-3.1352,1.0,1,0,1
tmqm_2202,W,6,26,24,0.9231,0,0.3333,5.7429,1.0,0,0,0
tmqm_2203,Cr,5,26,7,0.2692,0,0.05,-4.0818,1.0,0,0,0
tmqm_2204,Mo,6,27,21,0.7778,0,0.1429,6.4044,1.0,0,0,0
tmqm_2205,Mo,5,26,23,0.8846,0,0.25,7.1942,1.0,0,0,0
tmqm_2206,Cr,5,26,12,0.4615,0,0.0667,-4.8374,1.0,0,0,0
tmqm_2207,Mo,9,29,20,0.6897,0,0.1,2.9879,1.0,0,0,0
tmqm_2208,Mo,6,26,14,0.5385,0,0.0769,6.0258,1.0,0,0,0
tmqm_2209,Mo,5,26,11,0.4231,0,0.0625,4.0311,1.0,0,0,0
tmqm_2210,Mo,9,26,14,0.5385,0,0.0769,3.3713,1.0,0,0,0
tmqm_2211,Cr,12,29,22,0.7586,0,0.125,2.0539,1.0,0,0,1
tmqm_2212,Mo,7,26,17,0.6538,0,0.1,1.6941,1.0,0,0,0
tmqm_2213,W,7,27,11,0.4074,0,0.0588,-2.3134,1.0,0,0,0
tmqm_2214,Mo,6,27,18,0.6667,0,0.1,5.59,1.0,0,0,0
tmqm_2215,W,8,29,23,0.7931,0,0.1429,3.2875,1.0,0,0,0
tmqm_2216,W,7,27,10,0.3704,0,0.0556,-3.7398,1.0,0,0,0
tmqm_2217,Cr,12,26,21,0.8077,0,0.1667,2.9837,1.0,0,0,0
tmqm_2218,Cr,12,29,22,0.7586,0,0.125,1.2186,1.0,0,0,0
tmqm_2219,W,6,29,26,0.8966,0,0.25,7.881,1.0,0,0,0
tmqm_2220,W,10,29,13,0.4483,0,0.0588,0.698,1.0,0,0,0
tmqm_2221,Mo,7,27,20,0.7407,0,0.125,3.2195,1.0,0,0,0
tmqm_2222,W,5,27,21,0.7778,0,0.1429,5.9649,1.0,0,0,0
tmqm_2223,Mo,8,26,16,0.6154,0,0.0909,-1.8902,1.0,0,0,0
tmqm_2224,W,6,29,18,0.6207,0,0.0833,7.581,1.0,0,0,0
tmqm_2225,Mo,9,26,19,0.7308,0,0.125,4.8764,1.0,0,0,0
tmqm_2226,Cr,7,26,17,0.6538,0,0.1,4.675,1.0,0,0,0
tmqm_2227,Mo,9,29,17,0.5862,0,0.0769,2.9885,1.0,0,0,0
tmqm_2228,W,6,29,23,0.7931,0,0.1429,9.2686,1.0,0,0,0
tmqm_2229,W,6,29,20,0.6897,0,0.1,8.9012,1.0,0,0,0
tmqm_2230,W,6,29,15,0.5172,0,0.0667,6.7209,1.0,0,0,0
tmqm_2231,Mo,6,26,18,0.6923,0,0.1111,5.4264,1.0,0,0,0
tmqm_2232,W,10,26,19,0.7308,0,0.125,-0.1712,1.0,0,0,1
tmqm_2233,Mo,7,27,19,0.7037,0,0.1111,3.5687,1.0,0,0,0
tmqm_2234,Mo,6,29,23,0.7931,0,0.1429,7.175,1.0,0,0,0
tmqm_2235,W,6,29,20,0.6897,0,0.1,7.5294,1.0,0,0,0
tmqm_2236,Mo,7,27,12,0.4444,0,0.0625,3.3121,1.0,0,0,0
tmqm_2237,W,8,27,17,0.6296,0,0.0909,3.4099,1.0,0,0,0
tmqm_2238,Mo,6,29,24,0.8276,0,0.1667,6.4672,1.0,0,0,0
tmqm_2239,Mo,6,27,15,0.5556,0,0.0769,6.874,1.0,0,0,0
tmqm_2240,W,7,27,19,0.7037,0,0.1111,0.2725,1.0,0,0,0
tmqm_2241,Mo,6,27,16,0.5926,0,0.0833,5.8469,1.0,0,0,0
tmqm_2242,Mo,9,29,20,0.6897,0,0.1,4.3562,1.0,0,0,1
tmqm_2243,Cr,6,29,20,0.6897,0,0.1,3.2942,1.0,0,0,0
tmqm_2244,Mo,6,26,17,0.6538,0,0.1,6.4926,1.0,0,0,0
tmqm_2245,W,6,29,16,0.5517,0,0.0714,5.1682,1.0,0,0,0
tmqm_2246,W,5,26,15,0.5769,0,0.0833,5.8732,1.0,0,0,0
tmqm_2247,Cr,8,29,21,0.7241,0,0.1111,6.8848,1.0,0,0,0
tmqm_2248,Mo,7,16,2,0.125,0,0.0667,-1.1622,1.0,0,0,0
tmqm_2249,W,8,27,14,0.5185,0,0.0714,4.4461,1.0,0,0,0
tmqm_2250,Mo,6,27,15,0.5556,0,0.0769,4.5827,1.0,0,0,0
tmqm_2251,W,8,29,14,0.4828,0,0.0625,3.0768,1.0,0,0,0
tmqm_2252,W,9,29,13,0.4483,0,0.0588,-1.1662,1.0,0,0,0
tmqm_2253,W,6,29,19,0.6552,0,0.0909,6.8137,1.0,0,0,0
tmqm_2254,Mo,6,29,16,0.5517,0,0.0714,5.8051,1.0,0,0,0
tmqm_2255,Cr,5,26,16,0.6154,0,0.0909,-4.4798,1.0,0,0,0
tmqm_2256,Mo,8,29,7,0.2414,0,0.0435,-0.9494,1.0,0,0,0
tmqm_2257,W,7,26,17,0.6538,0,0.1,-1.5464,1.0,0,0,0
tmqm_2258,W,8,29,17,0.5862,0,0.0769,4.6491,1.0,0,0,0
tmqm_2259,Mo,5,26,21,0.8077,0,0.1667,7.4475,1.0,0,0,0
tmqm_2260,W,2,20,15,0.75,0,0.1667,3.4725,1.0,0,0,0
tmqm_2261,W,5,26,15,0.5769,0,0.0833,4.9779,1.0,0,0,0
tmqm_2262,W,6,29,20,0.6897,0,0.1,7.5515,1.0,0,0,1
tmqm_2263,W,6,27,17,0.6296,0,0.0909,5.6272,1.0,0,0,0
tmqm_2264,Mo,6,29,23,0.7931,0,0.1429,5.7611,1.0,0,0,0
tmqm_2265,Mo,6,27,23,0.8519,0,0.2,6.9409,1.0,0,0,1
tmqm_2266,Mo,6,29,26,0.8966,0,0.25,7.4769,1.0,0,0,0
tmqm_2267,Mo,8,26,15,0.5769,0,0.0833,-1.034,1.0,0,0,0
tmqm_2268,W,5,23,14,0.6087,0,0.1,4.8544,1.0,0,0,0
tmqm_2269,Mo,8,27,8,0.2963,0,0.05,-0.842,1.0,0,0,0
tmqm_2270,Mo,5,26,18,0.6923,0,0.1111,6.9205,1.0,0,0,0
tmqm_2271,W,10,23,16,0.6957,0,0.125,-0.3957,1.0,0,0,0
tmqm_2272,Cr,12,29,20,0.6897,0,0.1,2.8087,1.0,0,0,0
tmqm_2273,Mo,9,26,13,0.5,0,0.0714,3.1687,1.0,0,0,0
tmqm_2274,Mo,6,26,14,0.5385,0,0.0769,6.3734,1.0,0,0,0
tmqm_2275,W,6,29,26,0.8966,0,0.25,8.1405,1.0,0,0,0
tmqm_2276,Cr,12,29,22,0.7586,0,0.125,3.0318,1.0,0,0,0
tmqm_2277,W,9,26,13,0.5,0,0.0714,-1.3421,1.0,0,0,0
tmqm_2278,Mo,12,29,19,0.6552,0,0.0909,1.0342,1.0,0,0,0
tmqm_2279,Mo,6,26,15,0.5769,0,0.0833,3.5665,1.0,0,0,0
tmqm_2280,W,7,29,17,0.5862,0,0.0769,-2.1457,1.0,0,0,0
tmqm_2281,Mo,6,29,18,0.6207,0,0.0833,7.8513,1.0,0,0,0
tmqm_2282,Mo,7,27,20,0.7407,0,0.125,3.0366,1.0,0,0,0
tmqm_2283,Mo,6,29,20,0.6897,0,0.1,6.5062,1.0,0,0,0
tmqm_2284,Cr,6,29,22,0.7586,0,0.125,-0.0735,1.0,0,0,0
tmqm_2285,W,9,16,12,0.75,0,0.2,0.216,1.0,0,0,0
tmqm_2286,Mo,11,27,4,0.1481,0,0.0417,-4.0851,1.0,0,0,0
tmqm_2287,Cr,6,26,12,0.4615,0,0.0667,1.5826,1.0,0,0,0
tmqm_2288,W,9,27,13,0.4815,0,0.0667,0.2202,1.0,0,0,0
tmqm_2289,Cr,6,29,16,0.5517,0,0.0714,2.2106,1.0,0,0,0
tmqm_2290,Mo,8,29,15,0.5172,0,0.0667,-1.0249,1.0,0,0,0
tmqm_2291,Mo,11,26,11,0.4231,0,0.0625,-3.0973,1.0,0,0,0
tmqm_2292,W,6,29,27,0.931,0,0.3333,7.462,1.0,0,0,0
tmqm_2293,W,8,29,13,0.4483,0,0.0588,4.1946,1.0,0,0,0
tmqm_2294,W,6,29,20,0.6897,0,0.1,6.9899,1.0,0,0,0
tmqm_2295,Mo,7,27,23,0.8519,0,0.2,5.2184,1.0,0,0,0
tmqm_2296,W,6,29,21,0.7241,0,0.1111,6.5413,1.0,0,0,1
tmqm_2297,Mo,5,27,20,0.7407,0,0.125,6.7,1.0,0,0,0
tmqm_2298,W,7,26,8,0.3077,0,0.0526,-2.6394,1.0,0,0,0
tmqm_2299,Cr,6,29,16,0.5517,0,0.0714,0.5828,1.0,0,0,0
tmqm_2300,Cr,6,29,16,0.5517,0,0.0714,0.6659,1.0,0,0,0
tmqm_2301,Mo,12,27,16,0.5926,0,0.0833,1.3902,1.0,0,0,0
tmqm_2302,Cr,6,29,17,0.5862,0,0.0769,1.2271,1.0,0,0,0
tmqm_2303,Mo,9,29,18,0.6207,0,0.0833,3.9008,1.0,0,0,0
tmqm_2304,Mo,6,15,3,0.2,0,0.0769,-0.3873,1.0,0,0,0
tmqm_2305,W,7,16,10,0.625,0,0.1429,0.0327,1.0,0,0,0
tmqm_2306,Mo,6,27,24,0.8889,0,0.25,5.8528,1.0,0,0,0
tmqm_2307,Mo,6,29,26,0.8966,0,0.25,5.3469,1.0,0,0,0
tmqm_2308,W,7,29,15,0.5172,0,0.0667,-1.8203,1.0,0,0,0
tmqm_2309,Mo,7,27,16,0.5926,0,0.0833,4.35,1.0,0,0,1
tmqm_2310,W,6,29,23,0.7931,0,0.1429,8.1166,1.0,0,0,0
tmqm_2311,W,7,27,16,0.5926,0,0.0833,-0.3238,1.0,0,0,0
tmqm_2312,W,9,26,21,0.8077,0,0.1667,0.5068,1.0,0,0,0
tmqm_2313,Mo,7,27,19,0.7037,0,0.1111,4.4189,1.0,0,0,0
tmqm_2314,Mo,6,29,25,0.8621,0,0.2,6.8598,1.0,0,0,0
tmqm_2315,Mo,10,29,12,0.4138,0,0.0556,-3.6945,1.0,0,0,0
tmqm_2316,Mo,6,29,23,0.7931,0,0.1429,6.8627,1.0,0,0,0
tmqm_2317,W,6,29,20,0.6897,0,0.1,9.0212,1.0,0,0,0
tmqm_2318,Cr,6,29,16,0.5517,0,0.0714,1.8907,1.0,0,0,0
tmqm_2319,W,6,29,17,0.5862,0,0.0769,8.2264,1.0,0,0,0
tmqm_2320,W,8,29,18,0.6207,0,0.0833,2.6359,1.0,0,0,0
tmqm_2321,Mo,4,26,9,0.3462,0,0.0556,3.6205,1.0,0,0,0
tmqm_2322,W,6,29,26,0.8966,0,0.25,6.8056,1.0,0,0,0
tmqm_2323,Cr,8,26,23,0.8846,0,0.25,8.2783,1.0,0,0,0
tmqm_2324,Cr,11,27,18,0.6667,0,0.1,7.7121,1.0,0,0,0
tmqm_2325,Mo,6,29,23,0.7931,0,0.1429,6.5338,1.0,0,0,0
tmqm_2326,Cr,10,25,20,0.8,0,0.1667,8.0819,1.0,0,0,0
tmqm_2327,Mo,9,27,25,0.9259,0,0.3333,4.7478,1.0,0,0,0
tmqm_2328,Mo,6,27,26,0.963,0,0.5,6.0638,1.0,0,0,0
tmqm_2329,W,6,27,16,0.5926,0,0.0833,4.1296,1.0,0,0,1
tmqm_2330,Cr,4,26,17,0.6538,0,0.1,5.4149,1.0,0,0,0
tmqm_2331,W,6,29,19,0.6552,0,0.0909,7.5135,1.0,0,0,0
tmqm_2332,Cr,8,29,20,0.6897,0,0.1,7.209,1.0,0,0,0
tmqm_2333,W,6,29,14,0.4828,0,0.0625,5.3211,1.0,0,0,0
tmqm_2334,Cr,12,29,16,0.5517,0,0.0714,0.3774,1.0,0,0,0
tmqm_2335,W,6,29,16,0.5517,0,0.0714,6.4816,1.0,0,0,0
tmqm_2336,Cr,6,29,15,0.5172,0,0.0667,1.7857,1.0,0,0,0
tmqm_2337,W,11,26,10,0.3846,0,0.0588,-3.367,1.0,0,0,0
tmqm_2338,Mo,8,29,11,0.3793,0,0.0526,-0.4496,1.0,0,0,0
tmqm_2339,W,6,29,18,0.6207,0,0.0833,5.2537,1.0,0,0,0
tmqm_2340,W,6,26,12,0.4615,0,0.0667,5.5727,1.0,0,0,0
tmqm_2341,W,7,29,9,0.3103,0,0.0476,-1.6803,1.0,0,0,0
tmqm_2342,Mo,11,26,8,0.3077,0,0.0526,-1.9692,1.0,0,0,0
tmqm_2343,Cr,8,26,21,0.8077,0,0.1667,7.8741,1.0,1,0,0
tmqm_2344,Cr,12,27,22,0.8148,0,0.1667,1.1383,1.0,1,0,0
tmqm_2345,Mo,6,27,23,0.8519,0,0.2,6.156,1.0,0,0,0
tmqm_2346,W,10,26,11,0.4231,0,0.0625,-2.6415,1.0,0,0,0
tmqm_2347,Cr,6,29,20,0.6897,0,0.1,4.0898,1.0,0,0,0
tmqm_2348,Mo,5,16,8,0.5,0,0.1111,0.2814,1.0,0,0,0
tmqm_2349,W,6,29,17,0.5862,0,0.0769,8.203,1.0,0,0,0
tmqm_2350,W,6,29,25,0.8621,0,0.2,6.8413,1.0,0,0,0
tmqm_2351,Cr,6,29,20,0.6897,0,0.1,2.9503,1.0,0,0,0
tmqm_2352,Mo,8,29,20,0.6897,0,0.1,0.333,1.0,0,0,0
tmqm_2353,Cr,6,29,15,0.5172,0,0.0667,2.0886,1.0,0,0,0
tmqm_2354,W,7,16,9,0.5625,0,0.125,-0.0764,1.0,0,0,0
tmqm_2355,W,6,27,16,0.5926,0,0.0833,6.884,1.0,0,0,0
tmqm_2356,Mo,6,29,19,0.6552,0,0.0909,5.7085,1.0,0,0,1
tmqm_2357,Mo,8,26,13,0.5,0,0.0714,-3.0609,1.0,0,0,0
tmqm_2358,Mo,5,27,21,0.7778,0,0.1429,7.2944,1.0,0,0,0
tmqm_2359,W,6,29,24,0.8276,0,0.1667,6.5806,1.0,0,0,0
tmqm_2360,Cr,6,29,18,0.6207,0,0.0833,2.0898,1.0,0,0,0
tmqm_2361,Mo,7,26,14,0.5385,0,0.0769,3.4815,1.0,0,0,0
tmqm_2362,W,6,26,22,0.8462,0,0.2,3.4552,1.0,0,0,0
tmqm_2363,W,7,26,12,0.4615,0,0.0667,-1.3212,1.0,1,0,0
tmqm_2364,Mo,6,27,23,0.8519,0,0.2,4.8504,1.0,0,0,0
tmqm_2365,W,6,29,23,0.7931,0,0.1429,6.1059,1.0,0,0,0
tmqm_2366,W,8,26,15,0.5769,0,0.0833,4.6902,1.0,0,0,0
tmqm_2367,Mo,6,27,20,0.7407,0,0.125,6.297,1.0,0,0,0
tmqm_2368,Cr,6,29,12,0.4138,0,0.0556,1.4738,1.0,0,0,0
tmqm_2369,W,8,29,17,0.5862,0,0.0769,5.3622,1.0,0,0,0
tmqm_2370,Mo,7,27,17,0.6296,0,0.0909,3.4162,1.0,0,0,0
tmqm_2371,Cr,12,26,16,0.6154,0,0.0909,0.5101,1.0,0,0,0
tmqm_2372,W,5,27,19,0.7037,0,0.1111,4.722,1.0,0,0,0
tmqm_2373,W,7,29,12,0.4138,0,0.0556,-1.8631,1.0,0,0,0
tmqm_2374,Cr,12,26,16,0.6154,0,0.0909,-1.5367,1.0,0,0,0
tmqm_2375,Mo,7,27,18,0.6667,0,0.1,2.8078,1.0,0,0,0
tmqm_2376,Mo,6,29,18,0.6207,0,0.0833,8.1124,1.0,0,0,0
tmqm_2377,W,5,26,16,0.6154,0,0.0909,4.7032,1.0,0,0,0
tmqm_2378,Cr,4,25,19,0.76,0,0.1429,5.0968,1.0,0,0,0
tmqm_2379,Mo,4,26,13,0.5,0,0.0714,0.3955,1.0,0,0,0
tmqm_2380,W,4,23,16,0.6957,0,0.125,6.2347,1.0,0,0,0
tmqm_2381,Mo,6,29,21,0.7241,0,0.1111,7.5398,1.0,1,0,0
tmqm_2382,W,9,26,10,0.3846,0,0.0588,-1.837,1.0,0,0,0
tmqm_2383,W,10,26,16,0.6154,0,0.0909,-2.2747,1.0,0,0,0
tmqm_2384,Mo,7,27,23,0.8519,0,0.2,2.5129,1.0,0,0,0
tmqm_2385,Cr,7,29,15,0.5172,0,0.0667,4.8079,1.0,0,0,0
tmqm_2386,Mo,6,26,18,0.6923,0,0.1111,5.1989,1.0,0,0,0
tmqm_2387,Cr,6,28,21,0.75,0,0.125,3.3115,1.0,0,0,0
tmqm_2388,Mo,6,27,23,0.8519,0,0.2,6.3454,1.0,0,0,0
tmqm_2389,W,10,26,16,0.6154,0,0.0909,-0.2922,1.0,0,0,0
tmqm_2390,W,7,29,16,0.5517,0,0.0714,-0.5136,1.0,0,0,0
tmqm_2391,W,7,29,19,0.6552,0,0.0909,0.6809,1.0,0,0,0
tmqm_2392,Mo,8,29,12,0.4138,0,0.0556,-0.9009,1.0,0,0,0
tmqm_2393,W,6,29,23,0.7931,0,0.1429,5.7672,1.0,0,0,0
tmqm_2394,W,6,29,25,0.8621,0,0.2,7.6233,1.0,0,0,0
tmqm_2395,W,10,27,13,0.4815,0,0.0667,-2.0454,1.0,0,0,0
tmqm_2396,Mo,7,26,21,0.8077,0,0.1667,3.6707,1.0,0,0,0
tmqm_2397,Mo,6,26,17,0.6538,0,0.1,3.7548,1.0,0,0,0
tmqm_2398,W,6,29,24,0.8276,0,0.1667,6.1753,1.0,0,0,0
tmqm_2399,Cr,12,26,13,0.5,0,0.0714,-1.0746,1.0,0,0,0
tmqm_2400,W,6,29,26,0.8966,0,0.25,6.4355,1.0,0,0,0
tmqm_2401,W,9,29,12,0.4138,0,0.0556,-0.2538,1.0,0,0,0
tmqm_2402,W,5,26,22,0.8462,0,0.2,5.7511,1.0,0,0,0
tmqm_2403,W,6,27,16,0.5926,0,0.0833,5.2648,1.0,0,0,0
tmqm_2404,Mo,7,26,21,0.8077,0,0.1667,2.0143,1.0,0,0,0
tmqm_2405,Mo,6,26,23,0.8846,0,0.25,5.7884,1.0,0,0,1
tmqm_2406,Mo,6,27,26,0.963,0,0.5,6.0239,1.0,0,0,0
tmqm_2407,W,6,26,17,0.6538,0,0.1,5.0193,1.0,0,0,0
tmqm_2408,Mo,6,29,27,0.931,0,0.3333,6.8141,1.0,0,0,0
tmqm_2409,Mo,9,26,19,0.7308,0,0.125,5.3171,1.0,0,0,0
tmqm_2410,Mo,6,26,14,0.5385,0,0.0769,4.5579,1.0,0,0,0
tmqm_2411,W,6,29,23,0.7931,0,0.1429,7.145,1.0,0,0,0
tmqm_2412,Cr,6,26,11,0.4231,0,0.0625,1.3611,1.0,0,0,0
tmqm_2413,W,6,29,14,0.4828,0,0.0625,5.2343,1.0,0,0,0
tmqm_2414,W,8,29,22,0.7586,0,0.125,3.7427,1.0,1,0,0
tmqm_2415,W,6,27,23,0.8519,0,0.2,5.5947,1.0,0,0,0
tmqm_2416,W,8,26,15,0.5769,0,0.0833,4.0986,1.0,0,0,0
tmqm_2417,W,8,29,15,0.5172,0,0.0667,4.0278,1.0,0,0,0
tmqm_2418,Mo,8,26,12,0.4615,0,0.0667,-1.7196,1.0,0,0,0
tmqm_2419,Cr,11,24,16,0.6667,0,0.1111,8.603,1.0,0,0,0
tmqm_2420,Mo,8,29,21,0.7241,0,0.1111,0.5378,1.0,0,0,0
tmqm_2421,W,4,24,18,0.75,0,0.1429,10.086,1.0,0,0,0
tmqm_2422,Mo,6,29,15,0.5172,0,0.0667,5.4955,1.0,0,0,0
tmqm_2423,Mo,7,29,16,0.5517,0,0.0714,1.7913,1.0,0,0,0
tmqm_2424,W,9,23,6,0.2609,0,0.0556,-2.3355,1.0,0,0,0
tmqm_2425,Mo,9,23,22,0.9565,0,0.5,5.0647,1.0,0,0,0
tmqm_2426,W,6,29,20,0.6897,0,0.1,5.3992,1.0,0,0,0
tmqm_2427,W,11,23,5,0.2174,0,0.0526,-3.0037,1.0,0,0,0
tmqm_2428,W,7,29,13,0.4483,0,0.0588,-1.4123,1.0,0,0,0
tmqm_2429,Mo,6,26,19,0.7308,0,0.125,4.2613,1.0,0,0,0
tmqm_2430,Cr,6,29,15,0.5172,0,0.0667,0.4555,1.0,0,0,0
tmqm_2431,Mo,6,29,18,0.6207,0,0.0833,6.4628,1.0,0,0,0
tmqm_2432,Cr,6,29,16,0.5517,0,0.0714,3.1335,1.0,0,0,0
tmqm_2433,W,8,26,16,0.6154,0,0.0909,2.4479,1.0,0,0,0
tmqm_2434,Mo,6,26,22,0.8462,0,0.2,6.3145,1.0,0,0,0
tmqm_2435,Mo,6,27,16,0.5926,0,0.0833,5.8423,1.0,0,0,0
tmqm_2436,Mo,6,27,23,0.8519,0,0.2,3.6651,1.0,0,0,0
tmqm_2437,Cr,6,28,19,0.6786,0,0.1,0.7515,1.0,0,0,0
tmqm_2438,W,6,29,25,0.8621,0,0.2,5.6697,1.0,0,0,0
tmqm_2439,Cr,5,27,11,0.4074,0,0.0588,-3.6313,1.0,0,0,0
tmqm_2440,Mo,5,27,18,0.6667,0,0.1,6.9481,1.0,0,0,0
tmqm_2441,Cr,12,27,19,0.7037,0,0.1111,-0.1473,1.0,0,0,0
tmqm_2442,Mo,8,26,18,0.6923,0,0.1111,-0.6283,1.0,0,0,0
tmqm_2443,Cr,6,29,14,0.4828,0,0.0625,1.8248,1.0,0,0,1
tmqm_2444,Mo,5,26,22,0.8462,0,0.2,6.6392,1.0,0,0,0
tmqm_2445,W,7,26,16,0.6154,0,0.0909,-1.5969,1.0,0,0,0
tmqm_2446,Cr,12,26,17,0.6538,0,0.1,-0.7386,1.0,0,0,0
tmqm_2447,Cr,4,25,12,0.48,0,0.0714,5.1968,1.0,0,0,0
tmqm_2448,Cr,10,22,18,0.8182,0,0.2,7.7576,1.0,0,0,0
tmqm_2449,Mo,6,27,20,0.7407,0,0.125,5.9488,1.0,0,0,0
tmqm_2450,W,8,18,13,0.7222,0,0.1667,7.1929,1.0,0,0,0
tmqm_2451,Mo,5,27,21,0.7778,0,0.1429,6.2539,1.0,0,0,0
tmqm_2452,W,6,29,17,0.5862,0,0.0769,7.2888,1.0,0,0,0
tmqm_2453,W,8,26,11,0.4231,0,0.0625,4.357,1.0,0,0,0
tmqm_2454,Mo,8,27,13,0.4815,0,0.0667,0.1519,1.0,0,0,0
tmqm_2455,Mo,6,26,16,0.6154,0,0.0909,4.93,1.0,0,0,0
tmqm_2456,W,7,26,12,0.4615,0,0.0667,-3.1483,1.0,0,0,0
tmqm_2457,W,8,29,19,0.6552,0,0.0909,4.5374,1.0,0,0,0
tmqm_2458,W,6,29,20,0.6897,0,0.1,6.006,1.0,0,0,0
tmqm_2459,W,6,29,21,0.7241,0,0.1111,6.0083,1.0,0,0,0
tmqm_2460,Mo,6,29,26,0.8966,0,0.25,7.0447,1.0,0,0,0
tmqm_2461,Mo,5,27,15,0.5556,0,0.0769,8.0157,1.0,0,0,1
tmqm_2462,W,6,29,19,0.6552,0,0.0909,8.2651,1.0,0,0,0
tmqm_2463,Mo,6,27,17,0.6296,0,0.0909,5.5216,1.0,0,0,1
tmqm_2464,W,9,29,11,0.3793,0,0.0526,-0.2092,1.0,0,0,0
tmqm_2465,W,6,26,17,0.6538,0,0.1,7.2593,1.0,0,0,0
tmqm_2466,W,7,29,13,0.4483,0,0.0588,-2.1061,1.0,0,0,0
tmqm_2467,W,6,29,17,0.5862,0,0.0769,6.7308,1.0,0,0,0
tmqm_2468,W,8,29,19,0.6552,0,0.0909,3.9558,1.0,0,0,0
tmqm_2469,W,9,26,14,0.5385,0,0.0769,-0.3945,1.0,0,0,0
tmqm_2470,W,9,26,17,0.6538,0,0.1,-0.3545,1.0,0,0,0
tmqm_2471,Mo,8,29,15,0.5172,0,0.0667,-0.5783,1.0,0,0,0
tmqm_2472,Mo,6,29,21,0.7241,0,0.1111,9.2055,1.0,0,0,0
tmqm_2473,Mo,9,26,17,0.6538,0,0.1,2.3295,1.0,0,0,0
tmqm_2474,Mo,6,26,19,0.7308,0,0.125,7.4676,1.0,0,0,0
tmqm_2475,W,5,29,20,0.6897,0,0.1,7.0697,1.0,0,0,0
tmqm_2476,Mo,7,27,13,0.4815,0,0.0667,3.1215,1.0,0,0,0
tmqm_2477,Mo,6,26,18,0.6923,0,0.1111,6.8592,1.0,0,0,0
tmqm_2478,W,7,29,13,0.4483,0,0.0588,-1.9832,1.0,0,0,0
tmqm_2479,W,7,26,16,0.6154,0,0.0909,-2.0927,1.0,1,0,0
tmqm_2480,Mo,5,26,14,0.5385,0,0.0769,4.3064,1.0,0,0,0
tmqm_2481,W,6,29,24,0.8276,0,0.1667,7.1715,1.0,0,0,0
tmqm_2482,Mo,5,26,19,0.7308,0,0.125,6.6816,1.0,0,0,0
tmqm_2483,Cr,8,26,18,0.6923,0,0.1111,7.7326,1.0,0,0,0
tmqm_2484,Cr,4,26,17,0.6538,0,0.1,6.759,1.0,0,0,0
tmqm_2485,W,6,29,21,0.7241,0,0.1111,6.7486,1.0,0,0,0
tmqm_2486,W,8,16,8,0.5,0,0.1111,-0.1284,1.0,0,0,0
tmqm_2487,W,10,26,13,0.5,0,0.0714,-3.7612,1.0,0,0,0
tmqm_2488,W,6,29,23,0.7931,0,0.1429,7.0035,1.0,0,0,0
tmqm_2489,Mo,6,29,25,0.8621,0,0.2,6.607,1.0,0,0,0
tmqm_2490,W,6,29,24,0.8276,0,0.1667,6.6731,1.0,0,0,0
tmqm_2491,Mo,7,27,14,0.5185,0,0.0714,5.5099,1.0,0,0,0
tmqm_2492,Mo,7,27,13,0.4815,0,0.0667,3.2817,1.0,0,0,0
tmqm_2493,Cr,6,29,14,0.4828,0,0.0625,1.6803,1.0,0,0,0
tmqm_2494,W,6,29,27,0.931,0,0.3333,8.5034,1.0,0,0,0
tmqm_2495,Mo,5,27,16,0.5926,0,0.0833,7.7952,1.0,0,0,0
tmqm_2496,Mo,6,27,11,0.4074,0,0.0588,5.2579,1.0,0,0,0
tmqm_2497,Cr,12,26,22,0.8462,0,0.2,2.8691,1.0,0,0,0
tmqm_2498,Mo,7,27,20,0.7407,0,0.125,3.0049,1.0,0,0,0
tmqm_2499,W,6,29,22,0.7586,0,0.125,4.9707,1.0,0,0,0
tmqm_2500,W,7,27,21,0.7778,0,0.1429,-0.0566,1.0,0,0,0
tmqm_2501,W,9,29,13,0.4483,0,0.0588,-0.293,1.0,0,0,0
tmqm_2502,W,6,29,20,0.6897,0,0.1,5.9835,1.0,0,0,0
tmqm_2503,W,6,26,24,0.9231,0,0.3333,6.9195,1.0,0,0,0
tmqm_2504,Mo,8,26,17,0.6538,0,0.1,-0.66,1.0,0,0,0
tmqm_2505,Mo,7,26,13,0.5,0,0.0714,1.8413,1.0,0,0,1
tmqm_2506,W,6,29,14,0.4828,0,0.0625,5.9214,1.0,0,0,0
tmqm_2507,W,6,29,27,0.931,0,0.3333,7.5347,1.0,0,0,0
tmqm_2508,W,8,26,16,0.6154,0,0.0909,5.6583,1.0,0,0,0
tmqm_2509,Mo,4,26,19,0.7308,0,0.125,2.8015,1.0,0,0,0
tmqm_2510,W,11,27,14,0.5185,0,0.0714,-2.2209,1.0,0,0,0
tmqm_2511,Mo,7,26,21,0.8077,0,0.1667,3.0195,1.0,1,0,0
tmqm_2512,Mo,7,27,12,0.4444,0,0.0625,2.5882,1.0,0,0,0
tmqm_2513,W,6,29,20,0.6897,0,0.1,5.8063,1.0,0,0,0
tmqm_2514,Mo,7,29,12,0.4138,0,0.0556,2.1072,1.0,0,0,0
tmqm_2515,W,6,27,14,0.5185,0,0.0714,3.7348,1.0,0,0,0
tmqm_2516,W,6,29,23,0.7931,0,0.1429,5.8579,1.0,0,0,0
tmqm_2517,Mo,7,27,17,0.6296,0,0.0909,3.7231,1.0,0,0,0
tmqm_2518,W,6,29,19,0.6552,0,0.0909,6.0813,1.0,0,0,0
tmqm_2519,Mo,6,26,17,0.6538,0,0.1,5.8424,1.0,1,0,0
tmqm_2520,W,9,27,5,0.1852,0,0.0435,-1.872,1.0,0,0,0
tmqm_2521,W,6,29,21,0.7241,0,0.1111,5.961,1.0,0,0,0
tmqm_2522,W,2,24,13,0.5417,0,0.0833,3.4237,1.0,0,0,0
tmqm_2523,Mo,5,26,25,0.9615,0,0.5,7.9711,1.0,0,0,0
tmqm_2524,Cr,6,26,19,0.7308,0,0.125,0.6906,1.0,0,0,0
tmqm_2525,W,6,29,27,0.931,0,0.3333,6.4968,1.0,0,0,0
tmqm_2526,W,6,29,16,0.5517,0,0.0714,7.453,1.0,0,0,0
tmqm_2527,Cr,6,29,24,0.8276,0,0.1667,2.8666,1.0,0,0,0
tmqm_2528,Cr,12,26,11,0.4231,0,0.0625,1.7648,1.0,0,0,0
tmqm_2529,W,7,29,13,0.4483,0,0.0588,-0.1765,1.0,1,0,0
tmqm_2530,W,5,27,20,0.7407,0,0.125,5.0185,1.0,0,0,0
tmqm_2531,W,6,27,11,0.4074,0,0.0588,4.8782,1.0,0,0,0
tmqm_2532,Cr,6,29,23,0.7931,0,0.1429,3.5617,1.0,0,0,0
tmqm_2533,Mo,6,26,18,0.6923,0,0.1111,6.7106,1.0,0,0,0
tmqm_2534,Mo,5,11,2,0.1818,0,0.1,-0.4589,1.0,0,0,0
tmqm_2535,W,8,27,19,0.7037,0,0.1111,4.7054,1.0,0,0,0
tmqm_2536,W,6,29,21,0.7241,0,0.1111,6.0053,1.0,0,0,0
tmqm_2537,W,6,29,24,0.8276,0,0.1667,6.5114,1.0,0,0,0
tmqm_2538,Mo,7,27,17,0.6296,0,0.0909,2.7763,1.0,0,0,0
tmqm_2539,W,7,29,10,0.3448,0,0.05,-2.316,1.0,0,0,0
tmqm_2540,Cr,6,29,22,0.7586,0,0.125,2.7343,1.0,0,0,0
tmqm_2541,Cr,4,26,22,0.8462,0,0.2,5.4793,1.0,0,0,0
tmqm_2542,Mo,6,26,15,0.5769,0,0.0833,6.0402,1.0,0,0,0
tmqm_2543,W,8,26,17,0.6538,0,0.1,3.4521,1.0,0,0,0
tmqm_2544,W,8,29,23,0.7931,0,0.1429,4.2325,1.0,0,0,0
tmqm_2545,W,6,27,21,0.7778,0,0.1429,6.1247,1.0,0,0,0
tmqm_2546,Cr,7,29,27,0.931,0,0.3333,6.5449,1.0,0,0,0
tmqm_2547,Mo,6,29,22,0.7586,0,0.125,7.8814,1.0,0,0,0
tmqm_2548,W,6,29,23,0.7931,0,0.1429,6.3427,1.0,0,0,0
tmqm_2549,Mo,8,29,15,0.5172,0,0.0667,-1.853,1.0,0,0,0
tmqm_2550,Mo,6,26,17,0.6538,0,0.1,4.9902,1.0,0,0,0
tmqm_2551,Mo,10,24,13,0.5417,0,0.0833,-1.2443,1.0,0,0,0
tmqm_2552,Cr,12,29,7,0.2414,0,0.0435,-2.6411,1.0,0,0,0
tmqm_2553,Mo,6,26,18,0.6923,0,0.1111,6.8901,1.0,0,0,0
tmqm_2554,Cr,6,29,16,0.5517,0,0.0714,2.6535,1.0,0,0,0
tmqm_2555,W,10,26,12,0.4615,0,0.0667,-2.4042,1.0,0,0,0
tmqm_2556,Cr,9,26,11,0.4231,0,0.0625,-1.1254,1.0,0,0,0
tmqm_2557,Cr,12,29,22,0.7586,0,0.125,0.2327,1.0,0,0,0
tmqm_2558,W,8,29,24,0.8276,0,0.1667,4.6753,1.0,0,0,0
tmqm_2559,Mo,8,29,10,0.3448,0,0.05,-1.1285,1.0,0,0,0
tmqm_2560,Cr,6,29,16,0.5517,0,0.0714,1.8484,1.0,0,0,0
tmqm_2561,W,6,29,22,0.7586,0,0.125,5.2195,1.0,0,0,0
tmqm_2562,W,6,29,22,0.7586,0,0.125,6.9989,1.0,0,0,0
tmqm_2563,Mo,7,27,20,0.7407,0,0.125,5.408,1.0,0,0,0
tmqm_2564,Mo,5,27,23,0.8519,0,0.2,6.563,1.0,0,0,0
tmqm_2565,Cr,9,26,11,0.4231,0,0.0625,-1.8395,1.0,0,0,0
tmqm_2566,Cr,6,29,20,0.6897,0,0.1,2.3875,1.0,0,0,0
tmqm_2567,W,6,29,24,0.8276,0,0.1667,7.6985,1.0,0,0,0
tmqm_2568,Cr,6,26,13,0.5,0,0.0714,3.0697,1.0,0,0,0
tmqm_2569,Mo,6,26,25,0.9615,0,0.5,6.3253,1.0,0,0,0
tmqm_2570,W,6,29,23,0.7931,0,0.1429,6.749,1.0,0,0,0
tmqm_2571,Mo,9,29,20,0.6897,0,0.1,2.2497,1.0,0,0,0
tmqm_2572,Mo,8,29,11,0.3793,0,0.0526,-0.1924,1.0,0,0,0
tmqm_2573,Cr,7,26,17,0.6538,0,0.1,5.7814,1.0,0,0,0
tmqm_2574,W,6,29,28,0.9655,0,0.5,7.3164,1.0,0,0,0
tmqm_2575,W,8,29,17,0.5862,0,0.0769,3.5086,1.0,0,0,0
tmqm_2576,W,6,29,24,0.8276,0,0.1667,6.924,1.0,0,0,0
tmqm_2577,W,9,26,19,0.7308,0,0.125,-0.7145,1.0,0,0,0
tmqm_2578,Mo,7,29,16,0.5517,0,0.0714,2.445,1.0,0,0,0
tmqm_2579,W,5,27,22,0.8148,0,0.1667,4.2655,1.0,0,0,0
tmqm_2580,Mo,9,29,14,0.4828,0,0.0625,0.8564,1.0,0,0,0
tmqm_2581,W,6,29,28,0.9655,0,0.5,7.6291,1.0,0,0,0
tmqm_2582,W,8,27,14,0.5185,0,0.0714,4.5284,1.0,0,0,0
tmqm_2583,Mo,8,27,10,0.3704,0,0.0556,-0.6411,1.0,0,0,0
tmqm_2584,W,9,27,14,0.5185,0,0.0714,0.6761,1.0,0,0,0
tmqm_2585,W,6,29,14,0.4828,0,0.0625,6.0354,1.0,0,0,0
tmqm_2586,W,11,26,13,0.5,0,0.0714,-1.4561,1.0,0,0,0
tmqm_2587,W,9,26,14,0.5385,0,0.0769,-1.9731,1.0,0,0,0
tmqm_2588,Mo,6,29,26,0.8966,0,0.25,7.9625,1.0,0,0,1
tmqm_2589,Mo,6,29,20,0.6897,0,0.1,7.8607,1.0,0,0,0
tmqm_2590,Cr,12,26,18,0.6923,0,0.1111,1.2926,1.0,0,0,0
tmqm_2591,Mo,6,27,17,0.6296,0,0.0909,6.0278,1.0,0,0,0
tmqm_2592,Mo,6,29,23,0.7931,0,0.1429,7.7689,1.0,0,0,0
tmqm_2593,W,11,27,15,0.5556,0,0.0769,-2.8774,1.0,0,0,0
tmqm_2594,Mo,6,29,19,0.6552,0,0.0909,7.9169,1.0,0,0,0
tmqm_2595,Mo,6,27,15,0.5556,0,0.0769,6.2083,1.0,0,0,0
tmqm_2596,Mo,8,29,8,0.2759,0,0.0455,-0.6893,1.0,0,0,0
tmqm_2597,Cr,6,29,17,0.5862,0,0.0769,2.7256,1.0,0,0,0
tmqm_2598,Mo,7,27,11,0.4074,0,0.0588,3.1701,1.0,0,0,0
tmqm_2599,W,6,29,21,0.7241,0,0.1111,8.1333,1.0,0,0,0
tmqm_2600,W,8,29,23,0.7931,0,0.1429,3.9539,1.0,0,0,0
tmqm_2601,Mo,6,29,19,0.6552,0,0.0909,6.237,1.0,1,0,0
tmqm_2602,Mo,6,26,26,1.0,1,1.0,6.3312,1.0,0,0,0
tmqm_2603,Mo,6,29,23,0.7931,0,0.1429,7.8734,1.0,0,0,0
tmqm_2604,Cr,7,29,26,0.8966,0,0.25,6.8203,1.0,0,0,0
tmqm_2605,Mo,8,26,11,0.4231,0,0.0625,-3.2995,1.0,0,0,0
tmqm_2606,W,6,29,24,0.8276,0,0.1667,7.8769,1.0,0,0,0
tmqm_2607,Mo,7,26,12,0.4615,0,0.0667,3.0912,1.0,0,0,0
tmqm_2608,Cr,6,29,14,0.4828,0,0.0625,3.3237,1.0,0,0,0
tmqm_2609,Mo,9,26,21,0.8077,0,0.1667,3.8315,1.0,0,0,0
tmqm_2610,Mo,9,26,22,0.8462,0,0.2,3.9367,1.0,0,0,0
tmqm_2611,W,8,29,16,0.5517,0,0.0714,3.3912,1.0,0,0,0
tmqm_2612,W,8,29,22,0.7586,0,0.125,6.044,1.0,0,0,0
tmqm_2613,Mo,7,27,16,0.5926,0,0.0833,3.794,1.0,0,0,0
tmqm_2614,Mo,9,27,13,0.4815,0,0.0667,2.1565,1.0,0,0,0
tmqm_2615,W,6,29,28,0.9655,0,0.5,8.0651,1.0,0,0,0
tmqm_2616,Cr,6,29,17,0.5862,0,0.0769,2.6659,1.0,0,0,0
tmqm_2617,Cr,5,26,11,0.4231,0,0.0625,-4.7381,1.0,0,0,0
tmqm_2618,Cr,7,29,19,0.6552,0,0.0909,4.5214,1.0,0,0,0
tmqm_2619,Mo,7,26,17,0.6538,0,0.1,1.5712,1.0,0,0,0
tmqm_2620,Mo,9,27,14,0.5185,0,0.0714,2.7361,1.0,0,0,0
tmqm_2621,W,6,29,18,0.6207,0,0.0833,4.3576,1.0,0,0,0
tmqm_2622,Mo,6,26,16,0.6154,0,0.0909,6.3056,1.0,0,0,0
tmqm_2623,Mo,7,27,22,0.8148,0,0.1667,2.2369,1.0,0,0,0
tmqm_2624,W,6,29,21,0.7241,0,0.1111,7.905,1.0,0,0,0
tmqm_2625,Mo,6,26,19,0.7308,0,0.125,5.6303,1.0,0,0,0
tmqm_2626,Mo,5,26,18,0.6923,0,0.1111,7.3464,1.0,0,0,0
tmqm_2627,W,6,29,23,0.7931,0,0.1429,6.1038,1.0,0,0,0
tmqm_2628,W,6,29,26,0.8966,0,0.25,6.7034,1.0,0,0,0
tmqm_2629,W,9,23,17,0.7391,0,0.1429,0.02,1.0,0,0,0
tmqm_2630,W,5,26,15,0.5769,0,0.0833,3.7864,1.0,0,0,0
tmqm_2631,Mo,7,26,10,0.3846,0,0.0588,3.8193,1.0,0,0,0
tmqm_2632,W,6,29,25,0.8621,0,0.2,6.9078,1.0,0,0,0
tmqm_2633,W,8,29,15,0.5172,0,0.0667,3.9746,1.0,0,0,0
tmqm_2634,W,6,16,3,0.1875,0,0.0714,-0.5757,1.0,0,0,0
tmqm_2635,Mo,6,26,13,0.5,0,0.0714,4.9528,1.0,0,0,0
tmqm_2636,W,6,26,14,0.5385,0,0.0769,4.1619,1.0,0,0,0
tmqm_2637,W,6,29,24,0.8276,0,0.1667,6.0447,1.0,0,0,0
tmqm_2638,Mo,6,29,17,0.5862,0,0.0769,6.8821,1.0,0,0,0
tmqm_2639,Cr,12,26,12,0.4615,0,0.0667,-1.3556,1.0,0,0,0
tmqm_2640,Mo,6,29,26,0.8966,0,0.25,6.8582,1.0,0,0,0
tmqm_2641,Mo,6,16,13,0.8125,0,0.25,0.4079,1.0,0,0,0
tmqm_2642,W,7,27,13,0.4815,0,0.0667,-2.0068,1.0,0,0,0
tmqm_2643,W,9,26,8,0.3077,0,0.0526,-0.4111,1.0,0,0,0
tmqm_2644,Mo,6,29,18,0.6207,0,0.0833,7.22,1.0,0,0,0
tmqm_2645,Mo,6,29,19,0.6552,0,0.0909,6.1466,1.0,0,0,0
tmqm_2646,W,9,29,12,0.4138,0,0.0556,0.9791,1.0,0,0,0
tmqm_2647,W,11,27,12,0.4444,0,0.0625,-3.8701,1.0,0,0,0
tmqm_2648,Mo,6,29,19,0.6552,0,0.0909,7.4548,1.0,0,0,0
tmqm_2649,Cr,6,25,16,0.64,0,0.1,1.5832,1.0,0,0,0
tmqm_2650,Mo,7,27,13,0.4815,0,0.0667,4.0476,1.0,0,0,0
tmqm_2651,W,7,26,18,0.6923,0,0.1111,-1.1787,1.0,0,0,0
tmqm_2652,Mo,6,29,18,0.6207,0,0.0833,5.3986,1.0,0,0,0
tmqm_2653,Cr,6,29,15,0.5172,0,0.0667,2.4316,1.0,0,0,0
tmqm_2654,Mo,7,26,22,0.8462,0,0.2,2.3474,1.0,0,0,0
tmqm_2655,Cr,6,29,14,0.4828,0,0.0625,1.6061,1.0,0,0,0
tmqm_2656,Mo,6,27,20,0.7407,0,0.125,5.299,1.0,0,0,0
tmqm_2657,Mo,5,26,15,0.5769,0,0.0833,7.5983,1.0,0,0,0
tmqm_2658,W,7,24,15,0.625,0,0.1,-0.3115,1.0,0,0,1
tmqm_2659,Mo,7,26,9,0.3462,0,0.0556,2.671,1.0,0,0,0
tmqm_2660,Mo,8,26,14,0.5385,0,0.0769,-2.3151,1.0,0,0,0
tmqm_2661,Mo,7,26,22,0.8462,0,0.2,3.3728,1.0,0,0,0
tmqm_2662,Mo,5,26,26,1.0,1,1.0,7.6225,1.0,0,0,0
tmqm_2663,W,10,26,13,0.5,0,0.0714,-3.5517,1.0,1,0,0
tmqm_2664,W,6,29,19,0.6552,0,0.0909,6.1117,1.0,0,0,0
tmqm_2665,Mo,5,26,22,0.8462,0,0.2,7.2014,1.0,0,0,0
tmqm_2666,Mo,6,29,19,0.6552,0,0.0909,7.4957,1.0,0,0,0
tmqm_2667,W,6,29,28,0.9655,0,0.5,6.691,1.0,0,0,0
tmqm_2668,W,5,26,20,0.7692,0,0.1429,5.0817,1.0,1,0,0
tmqm_2669,Mo,6,29,25,0.8621,0,0.2,6.4547,1.0,0,0,0
tmqm_2670,Cr,6,29,19,0.6552,0,0.0909,2.2834,1.0,0,0,0
tmqm_2671,Mo,6,26,20,0.7692,0,0.1429,6.9556,1.0,0,0,0
tmqm_2672,W,6,27,16,0.5926,0,0.0833,5.2784,1.0,0,0,0
tmqm_2673,Mo,6,29,18,0.6207,0,0.0833,5.5202,1.0,0,0,0
tmqm_2674,Cr,6,29,22,0.7586,0,0.125,3.4346,1.0,0,0,0
tmqm_2675,W,7,29,12,0.4138,0,0.0556,-1.3285,1.0,0,0,0
tmqm_2676,Mo,7,26,20,0.7692,0,0.1429,2.3034,1.0,0,0,0
tmqm_2677,Mo,7,27,12,0.4444,0,0.0625,3.2675,1.0,0,0,0
tmqm_2678,W,8,27,15,0.5556,0,0.0769,4.6859,1.0,0,0,0
tmqm_2679,Mo,6,26,19,0.7308,0,0.125,6.0082,1.0,0,0,0
tmqm_2680,Cr,6,29,13,0.4483,0,0.0588,0.5324,1.0,0,0,0
tmqm_2681,Cr,6,29,19,0.6552,0,0.0909,3.1071,1.0,0,0,0
tmqm_2682,Mo,5,27,21,0.7778,0,0.1429,5.2892,1.0,0,0,0
tmqm_2683,Cr,4,25,18,0.72,0,0.125,6.1049,1.0,0,0,0
tmqm_2684,Mo,9,26,13,0.5,0,0.0714,3.2088,1.0,0,0,0
tmqm_2685,Cr,9,26,16,0.6154,0,0.0909,-0.7123,1.0,0,0,0
tmqm_2686,Cr,6,28,22,0.7857,0,0.1429,2.2906,1.0,0,0,0
tmqm_2687,W,5,27,16,0.5926,0,0.0833,5.5608,1.0,0,0,0
tmqm_2688,Cr,6,29,15,0.5172,0,0.0667,2.1831,1.0,0,0,0
tmqm_2689,Mo,7,27,17,0.6296,0,0.0909,3.375,1.0,0,0,0
tmqm_2690,Mo,6,27,24,0.8889,0,0.25,6.3281,1.0,0,0,0
tmqm_2691,W,7,26,7,0.2692,0,0.05,-4.5861,1.0,0,0,0
tmqm_2692,W,6,29,24,0.8276,0,0.1667,5.9938,1.0,0,0,0
tmqm_2693,W,6,26,20,0.7692,0,0.1429,6.0322,1.0,0,0,0
tmqm_2694,W,9,26,9,0.3462,0,0.0556,-1.439,1.0,0,0,0
tmqm_2695,W,6,27,16,0.5926,0,0.0833,5.517,1.0,0,0,0
tmqm_2696,Mo,4,27,10,0.3704,0,0.0556,1.1904,1.0,0,0,0
tmqm_2697,Cr,8,29,23,0.7931,0,0.1429,7.8091,1.0,0,0,0
tmqm_2698,Mo,6,26,18,0.6923,0,0.1111,6.0192,1.0,0,0,0
tmqm_2699,W,5,24,16,0.6667,0,0.1111,5.81,1.0,0,0,0
tmqm_2700,Mo,4,26,13,0.5,0,0.0714,2.5964,1.0,0,0,0
tmqm_2701,W,7,26,8,0.3077,0,0.0526,-1.6446,1.0,0,0,0
tmqm_2702,Cr,5,27,5,0.1852,0,0.0435,-5.451,1.0,0,0,0
tmqm_2703,Mo,7,27,14,0.5185,0,0.0714,3.8763,1.0,0,0,0
tmqm_2704,W,6,29,21,0.7241,0,0.1111,7.6308,1.0,0,0,0
tmqm_2705,Cr,6,29,16,0.5517,0,0.0714,1.0056,1.0,0,0,0
tmqm_2706,Mo,7,29,24,0.8276,0,0.1667,2.9091,1.0,0,0,0
tmqm_2707,Mo,7,29,22,0.7586,0,0.125,3.8123,1.0,0,0,0
tmqm_2708,Mo,6,26,21,0.8077,0,0.1667,3.2093,1.0,0,0,0
tmqm_2709,Mo,10,25,9,0.36,0,0.0588,-3.3074,1.0,0,0,0
tmqm_2710,Mo,7,27,16,0.5926,0,0.0833,2.658,1.0,0,0,1
tmqm_2711,W,8,27,12,0.4444,0,0.0625,4.4313,1.0,0,0,0
tmqm_2712,Cr,6,16,2,0.125,0,0.0667,-0.7899,1.0,0,0,0
tmqm_2713,W,9,29,7,0.2414,0,0.0435,-1.061,1.0,0,0,0
tmqm_2714,Mo,5,16,8,0.5,0,0.1111,0.0328,1.0,0,0,0
tmqm_2715,Mo,6,27,16,0.5926,0,0.0833,5.5242,1.0,0,0,0
tmqm_2716,Mo,6,27,22,0.8148,0,0.1667,4.3604,1.0,0,0,0
tmqm_2717,Cr,10,13,2,0.1538,0,0.0833,-0.7603,1.0,0,0,0
tmqm_2718,Cr,12,26,15,0.5769,0,0.0833,1.7576,1.0,0,0,0
tmqm_2719,W,5,16,13,0.8125,0,0.25,0.2994,1.0,0,0,0
tmqm_2720,W,6,29,28,0.9655,0,0.5,7.2413,1.0,0,0,0
tmqm_2721,Mo,6,29,23,0.7931,0,0.1429,7.576,1.0,0,0,0
tmqm_2722,W,7,29,15,0.5172,0,0.0667,-1.6083,1.0,0,0,0
tmqm_2723,Mo,9,26,19,0.7308,0,0.125,3.7397,1.0,0,0,0
tmqm_2724,Mo,10,24,11,0.4583,0,0.0714,-3.6768,1.0,1,0,0
tmqm_2725,Mo,7,26,17,0.6538,0,0.1,1.5617,1.0,0,0,0
tmqm_2726,W,8,29,18,0.6207,0,0.0833,3.6773,1.0,0,0,0
tmqm_2727,Mo,6,27,26,0.963,0,0.5,6.2126,1.0,0,0,0
tmqm_2728,Mo,6,26,14,0.5385,0,0.0769,3.755,1.0,1,0,0
tmqm_2729,W,6,29,23,0.7931,0,0.1429,7.3196,1.0,0,0,0
tmqm_2730,W,8,27,11,0.4074,0,0.0588,4.8195,1.0,0,0,0
tmqm_2731,Mo,6,29,21,0.7241,0,0.1111,6.1,1.0,0,0,0
tmqm_2732,W,8,29,21,0.7241,0,0.1111,4.0533,1.0,0,0,0
tmqm_2733,W,6,29,22,0.7586,0,0.125,6.8159,1.0,0,0,0
tmqm_2734,Mo,6,29,19,0.6552,0,0.0909,6.1067,1.0,0,0,0
tmqm_2735,W,9,26,6,0.2308,0,0.0476,-1.0154,1.0,0,0,0
tmqm_2736,Cr,12,26,19,0.7308,0,0.125,-0.5358,1.0,0,0,0
tmqm_2737,W,6,29,21,0.7241,0,0.1111,7.207,1.0,0,0,0
tmqm_2738,W,3,25,16,0.64,0,0.1,0.1476,1.0,0,0,0
tmqm_2739,Mo,7,27,15,0.5556,0,0.0769,2.6723,1.0,0,0,0
tmqm_2740,W,8,27,17,0.6296,0,0.0909,4.7975,1.0,0,0,0
tmqm_2741,Cr,8,29,15,0.5172,0,0.0667,7.2008,1.0,0,0,0
tmqm_2742,W,6,29,28,0.9655,0,0.5,6.5546,1.0,0,0,0
tmqm_2743,Cr,7,27,19,0.7037,0,0.1111,4.7999,1.0,0,0,0
tmqm_2744,W,7,26,13,0.5,0,0.0714,-1.6442,1.0,0,0,0
tmqm_2745,Cr,6,29,23,0.7931,0,0.1429,2.2016,1.0,0,0,0
tmqm_2746,Mo,5,26,17,0.6538,0,0.1,6.8792,1.0,0,0,0
tmqm_2747,Mo,6,27,18,0.6667,0,0.1,6.4232,1.0,0,0,0
tmqm_2748,Mo,6,29,20,0.6897,0,0.1,7.7971,1.0,0,0,0
tmqm_2749,Mo,6,29,28,0.9655,0,0.5,6.3013,1.0,0,0,1
tmqm_2750,Mo,6,27,24,0.8889,0,0.25,6.2585,1.0,0,0,0
tmqm_2751,Cr,6,29,21,0.7241,0,0.1111,1.6855,1.0,0,0,0
tmqm_2752,Mo,5,26,14,0.5385,0,0.0769,7.8058,1.0,0,0,0
tmqm_2753,Mo,8,26,10,0.3846,0,0.0588,-0.2156,1.0,0,0,0
tmqm_2754,W,10,26,9,0.3462,0,0.0556,-3.0336,1.0,0,0,0
tmqm_2755,Cr,7,27,19,0.7037,0,0.1111,5.9292,1.0,0,0,0
tmqm_2756,Mo,7,27,13,0.4815,0,0.0667,1.5487,1.0,0,0,0
tmqm_2757,Cr,6,29,22,0.7586,0,0.125,2.8265,1.0,0,0,0
tmqm_2758,Mo,9,27,16,0.5926,0,0.0833,2.7889,1.0,0,0,0
tmqm_2759,Mo,7,26,16,0.6154,0,0.0909,3.9614,1.0,0,0,0
tmqm_2760,W,7,16,8,0.5,0,0.1111,-0.0353,1.0,0,1,0
tmqm_2761,Cr,11,25,21,0.84,0,0.2,8.2968,1.0,0,0,0
tmqm_2762,W,6,27,18,0.6667,0,0.1,5.6391,1.0,0,0,0
tmqm_2763,W,6,29,19,0.6552,0,0.0909,7.3508,1.0,0,0,0
tmqm_2764,Mo,6,27,16,0.5926,0,0.0833,6.1701,1.0,0,0,0
tmqm_2765,Mo,7,27,14,0.5185,0,0.0714,3.712,1.0,0,0,0
tmqm_2766,W,7,29,18,0.6207,0,0.0833,-0.4014,1.0,0,0,0
tmqm_2767,W,8,26,15,0.5769,0,0.0833,4.7933,1.0,0,0,0
tmqm_2768,W,10,28,19,0.6786,0,0.1,-0.7178,1.0,0,0,0
tmqm_2769,Mo,6,29,17,0.5862,0,0.0769,4.7951,1.0,0,0,0
tmqm_2770,Mo,6,29,23,0.7931,0,0.1429,5.9201,1.0,0,0,0
tmqm_2771,Mo,8,29,11,0.3793,0,0.0526,-0.3733,1.0,0,0,0
tmqm_2772,Mo,8,29,14,0.4828,0,0.0625,-0.4915,1.0,0,0,0
tmqm_2773,W,5,26,17,0.6538,0,0.1,6.6366,1.0,0,0,0
tmqm_2774,Cr,10,26,21,0.8077,0,0.1667,6.205,1.0,0,0,0
tmqm_2775,W,7,29,12,0.4138,0,0.0556,-1.4785,1.0,0,0,0
tmqm_2776,Mo,6,26,19,0.7308,0,0.125,6.1854,1.0,0,0,0
tmqm_2777,W,6,29,22,0.7586,0,0.125,4.0924,1.0,0,0,0
tmqm_2778,Mo,6,29,18,0.6207,0,0.0833,6.0902,1.0,0,0,0
tmqm_2779,W,7,16,5,0.3125,0,0.0833,0.039,1.0,0,0,0
tmqm_2780,Mo,8,29,17,0.5862,0,0.0769,0.386,1.0,0,0,0
tmqm_2781,Mo,6,26,24,0.9231,0,0.3333,5.5949,1.0,0,0,0
tmqm_2782,W,6,29,27,0.931,0,0.3333,6.854,1.0,0,0,0
tmqm_2783,Mo,7,29,19,0.6552,0,0.0909,0.7364,1.0,0,0,0
tmqm_2784,W,7,29,23,0.7931,0,0.1429,-0.6679,1.0,0,0,0
tmqm_2785,Mo,4,26,12,0.4615,0,0.0667,2.061,1.0,0,0,0
tmqm_2786,W,6,29,19,0.6552,0,0.0909,4.8595,1.0,0,0,0
tmqm_2787,Mo,6,27,24,0.8889,0,0.25,4.831,1.0,0,0,0
tmqm_2788,Mo,6,29,22,0.7586,0,0.125,5.3588,1.0,0,0,0
tmqm_2789,Mo,9,29,18,0.6207,0,0.0833,4.2189,1.0,0,0,0
tmqm_2790,Mo,6,29,17,0.5862,0,0.0769,6.6958,1.0,0,0,0
tmqm_2791,W,6,29,26,0.8966,0,0.25,8.1463,1.0,0,0,0
tmqm_2792,Mo,6,29,23,0.7931,0,0.1429,7.1342,1.0,0,0,0
tmqm_2793,Cr,6,29,12,0.4138,0,0.0556,3.4954,1.0,0,0,0
tmqm_2794,Mo,8,26,14,0.5385,0,0.0769,-0.4244,1.0,0,0,0
tmqm_2795,Mo,6,29,21,0.7241,0,0.1111,7.9839,1.0,0,0,0
tmqm_2796,W,7,15,11,0.7333,0,0.2,0.7332,1.0,0,0,0
tmqm_2797,W,6,29,22,0.7586,0,0.125,7.1269,1.0,0,0,0
tmqm_2798,Cr,12,26,17,0.6538,0,0.1,-1.0914,1.0,0,0,0
tmqm_2799,Mo,6,27,18,0.6667,0,0.1,6.9074,1.0,0,0,0
tmqm_2800,Mo,5,26,15,0.5769,0,0.0833,6.9767,1.0,0,0,0
tmqm_2801,Mo,6,26,21,0.8077,0,0.1667,6.2957,1.0,0,0,0
tmqm_2802,W,6,29,19,0.6552,0,0.0909,8.3945,1.0,0,0,0
tmqm_2803,Mo,6,27,24,0.8889,0,0.25,4.9262,1.0,0,0,0
tmqm_2804,Mo,9,29,16,0.5517,0,0.0714,4.2307,1.0,0,0,0
tmqm_2805,Mo,5,27,23,0.8519,0,0.2,8.3696,1.0,0,0,0
tmqm_2806,Mo,8,26,12,0.4615,0,0.0667,-2.0545,1.0,0,0,0
tmqm_2807,W,8,27,14,0.5185,0,0.0714,5.3452,1.0,0,0,0
tmqm_2808,W,5,27,17,0.6296,0,0.0909,5.1462,1.0,0,0,0
tmqm_2809,W,8,29,22,0.7586,0,0.125,3.9994,1.0,0,0,0
tmqm_2810,W,7,27,11,0.4074,0,0.0588,-2.8068,1.0,0,0,0
tmqm_2811,Mo,9,26,18,0.6923,0,0.1111,2.8177,1.0,0,0,0
tmqm_2812,W,6,29,18,0.6207,0,0.0833,6.0665,1.0,0,0,0
tmqm_2813,Mo,6,26,17,0.6538,0,0.1,6.2853,1.0,0,0,0
tmqm_2814,Mo,7,29,11,0.3793,0,0.0526,2.4421,1.0,0,0,0
tmqm_2815,Cr,7,26,18,0.6923,0,0.1111,5.5766,1.0,0,0,0
tmqm_2816,W,6,27,12,0.4444,0,0.0625,5.0017,1.0,0,0,0
tmqm_2817,W,7,27,16,0.5926,0,0.0833,1.0448,1.0,0,0,0
tmqm_2818,Mo,9,26,16,0.6154,0,0.0909,3.3624,1.0,0,0,0
tmqm_2819,Mo,6,27,22,0.8148,0,0.1667,6.4048,1.0,0,0,0
tmqm_2820,Mo,6,27,20,0.7407,0,0.125,4.4036,1.0,0,0,0
tmqm_2821,W,8,26,16,0.6154,0,0.0909,4.0175,1.0,0,0,0
tmqm_2822,W,7,25,12,0.48,0,0.0714,-1.4514,1.0,0,0,0
tmqm_2823,W,9,26,17,0.6538,0,0.1,-0.4314,1.0,0,0,0
tmqm_2824,W,6,29,28,0.9655,0,0.5,7.3578,1.0,0,0,0
tmqm_2825,Cr,12,29,15,0.5172,0,0.0667,-0.0587,1.0,0,0,0
tmqm_2826,Mo,8,27,12,0.4444,0,0.0625,-0.2838,1.0,0,0,0
tmqm_2827,W,8,27,17,0.6296,0,0.0909,4.9476,1.0,1,0,0
tmqm_2828,Mo,7,27,20,0.7407,0,0.125,4.1325,1.0,0,0,0
tmqm_2829,W,8,29,20,0.6897,0,0.1,5.0046,1.0,0,0,0
tmqm_2830,Mo,6,27,21,0.7778,0,0.1429,5.9929,1.0,0,0,0
tmqm_2831,W,6,29,24,0.8276,0,0.1667,5.5628,1.0,0,0,0
tmqm_2832,W,5,27,22,0.8148,0,0.1667,5.8816,1.0,0,0,1
tmqm_2833,W,8,29,15,0.5172,0,0.0667,4.234,1.0,0,0,0
tmqm_2834,Mo,6,27,17,0.6296,0,0.0909,6.2357,1.0,0,0,0
tmqm_2835,W,6,29,27,0.931,0,0.3333,7.5778,1.0,0,0,0
tmqm_2836,Cr,5,26,14,0.5385,0,0.0769,-4.4273,1.0,0,0,0
tmqm_2837,Mo,6,26,11,0.4231,0,0.0625,6.2119,1.0,0,0,0
tmqm_2838,W,6,29,24,0.8276,0,0.1667,8.4024,1.0,0,0,0
tmqm_2839,W,8,27,15,0.5556,0,0.0769,5.1694,1.0,0,0,0
tmqm_2840,Mo,6,27,23,0.8519,0,0.2,6.8674,1.0,0,0,0
tmqm_2841,Cr,4,26,20,0.7692,0,0.1429,5.2859,1.0,0,0,0
tmqm_2842,Mo,5,26,15,0.5769,0,0.0833,6.8927,1.0,0,0,0
tmqm_2843,Mo,6,29,16,0.5517,0,0.0714,5.5827,1.0,0,0,0
tmqm_2844,W,10,26,10,0.3846,0,0.0588,-2.3043,1.0,0,0,0
tmqm_2845,W,7,25,9,0.36,0,0.0588,-2.2739,1.0,0,0,0
tmqm_2846,Cr,6,29,21,0.7241,0,0.1111,4.4014,1.0,0,0,0
tmqm_2847,Mo,7,27,18,0.6667,0,0.1,1.8322,1.0,0,0,0
tmqm_2848,W,6,26,20,0.7692,0,0.1429,4.348,1.0,1,0,0
tmqm_2849,W,6,29,20,0.6897,0,0.1,9.1103,1.0,0,0,0
tmqm_2850,W,8,29,15,0.5172,0,0.0667,4.235,1.0,0,0,0
tmqm_2851,Mo,6,29,20,0.6897,0,0.1,6.1892,1.0,0,0,0
tmqm_2852,W,6,29,18,0.6207,0,0.0833,6.0544,1.0,0,0,0
tmqm_2853,Mo,7,26,13,0.5,0,0.0714,3.5354,1.0,0,0,0
tmqm_2854,W,6,26,22,0.8462,0,0.2,5.1801,1.0,0,0,0
tmqm_2855,Mo,8,26,19,0.7308,0,0.125,0.6724,1.0,0,0,0
tmqm_2856,Mo,5,26,17,0.6538,0,0.1,4.3443,1.0,0,0,0
tmqm_2857,W,8,27,17,0.6296,0,0.0909,4.0011,1.0,0,0,0
tmqm_2858,Mo,6,29,28,0.9655,0,0.5,5.9342,1.0,0,0,0
tmqm_2859,Mo,5,25,15,0.6,0,0.0909,8.3492,1.0,0,0,0
tmqm_2860,Mo,6,29,17,0.5862,0,0.0769,5.0272,1.0,0,0,0
tmqm_2861,Mo,6,26,22,0.8462,0,0.2,5.5847,1.0,0,0,0
tmqm_2862,Mo,6,27,20,0.7407,0,0.125,6.3003,1.0,0,0,0
tmqm_2863,W,6,29,25,0.8621,0,0.2,6.2746,1.0,0,0,0
tmqm_2864,W,6,29,23,0.7931,0,0.1429,7.3671,1.0,0,0,0
tmqm_2865,Mo,6,29,19,0.6552,0,0.0909,5.8202,1.0,0,0,0
tmqm_2866,Mo,7,27,18,0.6667,0,0.1,3.1964,1.0,0,0,0
tmqm_2867,Mo,6,27,22,0.8148,0,0.1667,5.4743,1.0,0,0,0
tmqm_2868,Mo,6,27,16,0.5926,0,0.0833,6.1119,1.0,0,0,0
tmqm_2869,W,6,29,18,0.6207,0,0.0833,6.703,1.0,0,0,0
tmqm_2870,Mo,8,29,18,0.6207,0,0.0833,-0.5156,1.0,0,0,0
tmqm_2871,Mo,6,26,18,0.6923,0,0.1111,6.1832,1.0,0,0,0
tmqm_2872,W,8,27,14,0.5185,0,0.0714,4.2184,1.0,0,0,0
tmqm_2873,W,6,29,26,0.8966,0,0.25,7.4493,1.0,0,0,0
tmqm_2874,Cr,10,29,21,0.7241,0,0.1111,7.3022,1.0,0,0,0
tmqm_2875,Mo,5,26,22,0.8462,0,0.2,7.1235,1.0,0,0,1
tmqm_2876,Mo,6,26,26,1.0,1,1.0,5.4397,1.0,0,0,0
tmqm_2877,Mo,7,29,19,0.6552,0,0.0909,2.6541,1.0,0,0,0
tmqm_2878,Mo,8,26,13,0.5,0,0.0714,-1.2199,1.0,0,0,1
tmqm_2879,W,5,26,15,0.5769,0,0.0833,4.0709,1.0,0,0,0
tmqm_2880,Mo,6,26,15,0.5769,0,0.0833,5.1462,1.0,0,0,0
tmqm_2881,Mo,4,26,14,0.5385,0,0.0769,2.7029,1.0,0,0,0
tmqm_2882,W,6,29,25,0.8621,0,0.2,6.9098,1.0,0,0,0
tmqm_2883,Mo,10,26,13,0.5,0,0.0714,-4.0574,1.0,0,0,0
tmqm_2884,Mo,7,27,20,0.7407,0,0.125,2.8842,1.0,1,0,0
tmqm_2885,W,6,29,25,0.8621,0,0.2,9.5599,1.0,0,0,0
tmqm_2886,Cr,12,29,22,0.7586,0,0.125,1.2935,1.0,0,0,1
tmqm_2887,Mo,6,26,16,0.6154,0,0.0909,6.782,1.0,0,0,0
tmqm_2888,W,7,13,9,0.6923,0,0.2,0.433,1.0,0,0,0
tmqm_2889,Mo,12,26,9,0.3462,0,0.0556,-0.881,1.0,0,0,0
tmqm_2890,Mo,10,26,6,0.2308,0,0.0476,-3.7744,1.0,0,0,0
tmqm_2891,Mo,6,16,3,0.1875,0,0.0714,-0.5932,1.0,1,0,0
tmqm_2892,Mo,6,26,19,0.7308,0,0.125,6.6862,1.0,0,0,0
tmqm_2893,W,8,29,17,0.5862,0,0.0769,3.7772,1.0,0,0,0
tmqm_2894,Cr,10,26,17,0.6538,0,0.1,5.866,1.0,0,0,0
tmqm_2895,W,6,29,24,0.8276,0,0.1667,5.0804,1.0,0,0,0
tmqm_2896,Mo,8,26,17,0.6538,0,0.1,-0.4422,1.0,0,0,0
tmqm_2897,Mo,12,27,12,0.4444,0,0.0625,-0.7413,1.0,0,0,0
tmqm_2898,Cr,6,29,15,0.5172,0,0.0667,1.295,1.0,0,0,0
tmqm_2899,Mo,7,29,19,0.6552,0,0.0909,2.9337,1.0,0,0,0
tmqm_2900,Mo,8,29,10,0.3448,0,0.05,-0.5479,1.0,0,0,0
tmqm_2901,Mo,6,27,24,0.8889,0,0.25,6.4401,1.0,0,0,0
tmqm_2902,Mo,9,29,21,0.7241,0,0.1111,4.0535,1.0,0,0,0
tmqm_2903,W,6,29,22,0.7586,0,0.125,7.0506,1.0,0,0,0
tmqm_2904,Mo,8,29,11,0.3793,0,0.0526,0.2072,1.0,0,0,0
tmqm_2905,Mo,6,29,25,0.8621,0,0.2,5.075,1.0,0,0,0
tmqm_2906,Mo,6,29,22,0.7586,0,0.125,6.1887,1.0,0,0,0
tmqm_2907,Mo,7,26,16,0.6154,0,0.0909,2.2213,1.0,0,0,0
tmqm_2908,W,8,26,13,0.5,0,0.0714,4.1557,1.0,0,0,0
tmqm_2909,W,9,26,19,0.7308,0,0.125,1.6846,1.0,0,0,0
tmqm_2910,Mo,4,26,14,0.5385,0,0.0769,2.6916,1.0,0,0,0
tmqm_2911,Mo,5,26,20,0.7692,0,0.1429,5.9873,1.0,0,0,0
tmqm_2912,W,10,28,13,0.4643,0,0.0625,-1.6109,1.0,0,0,0
tmqm_2913,Mo,6,26,13,0.5,0,0.0714,5.8645,1.0,0,0,0
tmqm_2914,Mo,6,29,23,0.7931,0,0.1429,7.3266,1.0,0,0,0
tmqm_2915,Cr,12,29,20,0.6897,0,0.1,1.7188,1.0,1,0,0
tmqm_2916,W,6,29,19,0.6552,0,0.0909,7.6502,1.0,0,0,0
tmqm_2917,Mo,7,27,13,0.4815,0,0.0667,2.2007,1.0,0,0,1
tmqm_2918,W,6,29,22,0.7586,0,0.125,5.3113,1.0,0,0,0
tmqm_2919,W,8,26,19,0.7308,0,0.125,5.0429,1.0,0,0,0
tmqm_2920,W,5,23,13,0.5652,0,0.0909,4.6899,1.0,1,0,0
tmqm_2921,W,10,26,18,0.6923,0,0.1111,-2.1868,1.0,0,0,0
tmqm_2922,Cr,7,29,26,0.8966,0,0.25,5.6403,1.0,0,0,0
tmqm_2923,W,6,29,22,0.7586,0,0.125,6.9306,1.0,0,0,0
tmqm_2924,Cr,6,29,23,0.7931,0,0.1429,2.982,1.0,0,0,0
tmqm_2925,W,7,26,13,0.5,0,0.0714,-2.0473,1.0,0,0,0
tmqm_2926,W,4,23,21,0.913,0,0.3333,6.5678,1.0,0,0,0
tmqm_2927,W,6,29,23,0.7931,0,0.1429,6.457,1.0,0,0,0
tmqm_2928,W,6,29,19,0.6552,0,0.0909,8.9064,1.0,0,0,0
tmqm_2929,W,8,29,14,0.4828,0,0.0625,3.4454,1.0,0,0,0
tmqm_2930,Mo,11,27,5,0.1852,0,0.0435,-3.8206,1.0,0,0,0
tmqm_2931,Mo,10,26,4,0.1538,0,0.0435,-3.3807,1.0,0,0,0
tmqm_2932,Mo,6,29,24,0.8276,0,0.1667,6.9519,1.0,0,0,0
tmqm_2933,Cr,6,29,20,0.6897,0,0.1,2.5088,1.0,0,0,0
tmqm_2934,W,6,29,21,0.7241,0,0.1111,4.8678,1.0,0,0,0
tmqm_2935,W,7,27,18,0.6667,0,0.1,-0.2622,1.0,0,0,0
tmqm_2936,Cr,6,29,20,0.6897,0,0.1,2.4281,1.0,0,0,0
tmqm_2937,W,8,29,18,0.6207,0,0.0833,3.5138,1.0,0,0,0
tmqm_2938,Mo,6,27,17,0.6296,0,0.0909,6.6953,1.0,0,0,0
tmqm_2939,Mo,7,27,21,0.7778,0,0.1429,5.1402,1.0,0,0,0
tmqm_2940,Mo,6,27,13,0.4815,0,0.0667,6.0918,1.0,0,0,0
tmqm_2941,Mo,4,26,13,0.5,0,0.0714,3.9579,1.0,0,0,0
tmqm_2942,Mo,6,29,26,0.8966,0,0.25,7.0878,1.0,0,0,0
tmqm_2943,Mo,7,27,13,0.4815,0,0.0667,3.3803,1.0,0,0,0
tmqm_2944,W,8,27,19,0.7037,0,0.1111,4.7426,1.0,1,0,0
tmqm_2945,W,5,29,20,0.6897,0,0.1,7.8569,1.0,0,0,0
tmqm_2946,Mo,6,26,13,0.5,0,0.0714,5.5955,1.0,0,0,0
tmqm_2947,Cr,4,14,5,0.3571,0,0.1,-0.1476,1.0,0,0,0
tmqm_2948,Mo,8,29,17,0.5862,0,0.0769,-0.7612,1.0,0,0,0
tmqm_2949,W,6,29,19,0.6552,0,0.0909,7.4178,1.0,0,0,0
tmqm_2950,W,6,29,20,0.6897,0,0.1,7.6244,1.0,0,0,0
tmqm_2951,Cr,12,26,16,0.6154,0,0.0909,0.9989,1.0,0,0,0
tmqm_2952,Mo,12,26,12,0.4615,0,0.0667,-2.2119,1.0,0,0,0
tmqm_2953,W,8,29,20,0.6897,0,0.1,4.1832,1.0,0,0,0
tmqm_2954,Mo,5,27,17,0.6296,0,0.0909,6.9588,1.0,0,0,0
tmqm_2955,Cr,6,29,20,0.6897,0,0.1,3.1481,1.0,0,0,0
tmqm_2956,W,5,23,12,0.5217,0,0.0833,4.4811,1.0,0,0,0
tmqm_2957,W,9,26,15,0.5769,0,0.0833,-0.2654,1.0,0,0,0
tmqm_2958,Mo,6,29,20,0.6897,0,0.1,6.8431,1.0,0,0,0
tmqm_2959,Mo,7,26,15,0.5769,0,0.0833,2.8653,1.0,0,0,0
tmqm_2960,W,9,27,15,0.5556,0,0.0769,0.4539,1.0,0,0,0
tmqm_2961,Cr,12,29,19,0.6552,0,0.0909,1.7175,1.0,0,0,0
tmqm_2962,W,7,16,6,0.375,0,0.0909,-0.1124,1.0,0,0,0
tmqm_2963,Mo,6,26,22,0.8462,0,0.2,4.6086,1.0,0,0,0
tmqm_2964,Mo,6,29,20,0.6897,0,0.1,4.8181,1.0,0,0,0
tmqm_2965,Cr,6,29,22,0.7586,0,0.125,3.0916,1.0,0,0,0
tmqm_2966,Mo,9,29,19,0.6552,0,0.0909,4.1859,1.0,0,0,0
tmqm_2967,W,6,27,17,0.6296,0,0.0909,4.7794,1.0,0,0,0
tmqm_2968,Mo,8,29,12,0.4138,0,0.0556,-1.4441,1.0,0,0,0
tmqm_2969,Cr,6,29,14,0.4828,0,0.0625,2.48,1.0,0,0,0
tmqm_2970,Mo,6,26,18,0.6923,0,0.1111,5.4389,1.0,0,0,0
tmqm_2971,Mo,7,29,18,0.6207,0,0.0833,2.9096,1.0,0,0,0
tmqm_2972,W,6,29,20,0.6897,0,0.1,6.2217,1.0,0,0,0
tmqm_2973,W,7,27,11,0.4074,0,0.0588,-2.1938,1.0,0,0,0
tmqm_2974,Cr,6,29,16,0.5517,0,0.0714,1.2216,1.0,0,0,0
tmqm_2975,W,6,29,16,0.5517,0,0.0714,5.2543,1.0,0,0,0
tmqm_2976,Mo,6,26,19,0.7308,0,0.125,6.2606,1.0,0,0,0
tmqm_2977,W,6,26,16,0.6154,0,0.0909,5.3488,1.0,0,0,0
tmqm_2978,Mo,6,26,13,0.5,0,0.0714,5.3069,1.0,0,0,0
tmqm_2979,Mo,6,27,20,0.7407,0,0.125,4.3772,1.0,0,0,1
tmqm_2980,Cr,6,29,13,0.4483,0,0.0588,2.357,1.0,0,0,0
tmqm_2981,Mo,7,27,15,0.5556,0,0.0769,2.5781,1.0,0,0,0
tmqm_2982,Mo,6,29,20,0.6897,0,0.1,5.6976,1.0,0,0,1
tmqm_2983,Mo,6,29,19,0.6552,0,0.0909,6.7281,1.0,0,0,0
tmqm_2984,Mo,6,26,16,0.6154,0,0.0909,6.8843,1.0,0,0,0
tmqm_2985,Mo,9,29,17,0.5862,0,0.0769,3.1245,1.0,0,0,0
tmqm_2986,Cr,6,29,16,0.5517,0,0.0714,2.2493,1.0,0,0,0
tmqm_2987,Mo,6,29,19,0.6552,0,0.0909,5.3318,1.0,0,0,0
tmqm_2988,W,6,29,21,0.7241,0,0.1111,8.8071,1.0,0,0,0
tmqm_2989,Cr,6,29,22,0.7586,0,0.125,3.8571,1.0,0,0,0
tmqm_2990,Cr,6,29,21,0.7241,0,0.1111,3.0284,1.0,0,0,0
tmqm_2991,W,6,29,19,0.6552,0,0.0909,6.418,1.0,0,0,0
tmqm_2992,Mo,6,27,18,0.6667,0,0.1,6.3236,1.0,0,0,0
tmqm_2993,W,10,28,18,0.6429,0,0.0909,-0.8234,1.0,0,0,0
tmqm_2994,Mo,6,26,22,0.8462,0,0.2,6.7988,1.0,0,0,0
tmqm_2995,W,7,14,4,0.2857,0,0.0909,-0.1254,1.0,0,0,0
tmqm_2996,W,7,27,14,0.5185,0,0.0714,-1.2915,1.0,0,0,0
tmqm_2997,Mo,6,26,25,0.9615,0,0.5,6.2548,1.0,0,0,0
tmqm_2998,Mo,6,27,12,0.4444,0,0.0625,5.8644,1.0,0,0,0
tmqm_2999,Mo,6,26,15,0.5769,0,0.0833,4.4628,1.0,0,0,0
tmqm_3000,Mo,6,26,19,0.7308,0,0.125,6.6464,1.0,0,0,0
tmqm_3001,W,5,23,11,0.4783,0,0.0769,5.3612,1.0,0,0,0
tmqm_3002,Mo,7,26,14,0.5385,0,0.0769,1.7002,1.0,0,0,0
tmqm_3003,Mo,4,26,16,0.6154,0,0.0909,1.8961,1.0,1,0,0
tmqm_3004,Cr,6,29,21,0.7241,0,0.1111,3.9425,1.0,0,0,0
tmqm_3005,W,8,29,19,0.6552,0,0.0909,4.6185,1.0,0,0,0
tmqm_3006,W,6,29,27,0.931,0,0.3333,7.6749,1.0,0,0,0
tmqm_3007,W,6,29,22,0.7586,0,0.125,6.7493,1.0,0,0,0
tmqm_3008,W,6,29,17,0.5862,0,0.0769,7.9942,1.0,0,0,0
tmqm_3009,W,8,27,15,0.5556,0,0.0769,4.4888,1.0,0,0,0
tmqm_3010,Cr,5,26,2,0.0769,0,0.04,-5.8841,1.0,0,0,0
tmqm_3011,W,7,27,17,0.6296,0,0.0909,0.7212,1.0,0,0,0
tmqm_3012,Cr,12,29,17,0.5862,0,0.0769,-0.1017,1.0,0,0,0
tmqm_3013,W,6,29,21,0.7241,0,0.1111,8.8024,1.0,0,0,0
tmqm_3014,Mo,8,26,19,0.7308,0,0.125,0.3968,1.0,0,0,0
tmqm_3015,Mo,9,26,24,0.9231,0,0.3333,4.4405,1.0,0,0,0
tmqm_3016,W,5,29,21,0.7241,0,0.1111,6.8065,1.0,0,0,0
tmqm_3017,Mo,9,26,22,0.8462,0,0.2,4.6631,1.0,0,0,0
tmqm_3018,Mo,10,26,1,0.0385,0,0.0385,-4.7077,1.0,0,0,0
tmqm_3019,Mo,6,26,13,0.5,0,0.0714,5.9706,1.0,0,0,0
tmqm_3020,Mo,9,29,18,0.6207,0,0.0833,3.9156,1.0,0,0,0
tmqm_3021,Mo,6,27,23,0.8519,0,0.2,6.5501,1.0,0,0,0
tmqm_3022,W,7,29,11,0.3793,0,0.0526,-1.5661,1.0,0,0,0
tmqm_3023,Mo,9,29,13,0.4483,0,0.0588,3.0848,1.0,0,0,0
tmqm_3024,W,9,26,22,0.8462,0,0.2,1.2197,1.0,0,0,1
tmqm_3025,Cr,4,26,16,0.6154,0,0.0909,4.6584,1.0,0,0,0
tmqm_3026,Mo,5,26,14,0.5385,0,0.0769,7.1332,1.0,0,0,0
tmqm_3027,W,5,26,13,0.5,0,0.0714,3.9861,1.0,0,0,0
tmqm_3028,W,10,26,19,0.7308,0,0.125,-3.0151,1.0,0,0,0
tmqm_3029,W,7,29,7,0.2414,0,0.0435,-2.2254,1.0,0,0,0
tmqm_3030,Cr,12,26,22,0.8462,0,0.2,1.5397,1.0,0,0,0
tmqm_3031,Mo,6,27,16,0.5926,0,0.0833,6.8094,1.0,0,0,0
tmqm_3032,Mo,6,26,18,0.6923,0,0.1111,1.9321,1.0,0,0,0
tmqm_3033,W,9,29,14,0.4828,0,0.0625,-0.8496,1.0,0,0,0
tmqm_3034,W,6,27,14,0.5185,0,0.0714,4.1518,1.0,0,0,0
tmqm_3035,Cr,5,26,6,0.2308,0,0.0476,-4.8732,1.0,0,0,0
tmqm_3036,Mo,6,27,22,0.8148,0,0.1667,5.7929,1.0,0,0,0
tmqm_3037,W,6,29,27,0.931,0,0.3333,6.0621,1.0,0,0,0
tmqm_3038,W,4,26,13,0.5,0,0.0714,5.8591,1.0,0,0,0
tmqm_3039,W,4,23,12,0.5217,0,0.0833,6.2411,1.0,0,0,0
tmqm_3040,W,6,29,18,0.6207,0,0.0833,5.0367,1.0,0,0,0
tmqm_3041,Mo,6,26,19,0.7308,0,0.125,6.7305,1.0,0,0,0
tmqm_3042,Mo,7,27,16,0.5926,0,0.0833,3.3075,1.0,0,0,0
tmqm_3043,Mo,10,24,6,0.25,0,0.0526,-7.1009,1.0,0,0,0
tmqm_3044,Mo,6,27,19,0.7037,0,0.1111,5.8668,1.0,0,0,0
tmqm_3045,Mo,5,14,5,0.3571,0,0.1,0.263,1.0,0,0,0
tmqm_3046,Mo,6,29,21,0.7241,0,0.1111,7.2561,1.0,0,0,0
tmqm_3047,Mo,7,27,22,0.8148,0,0.1667,3.0526,1.0,0,0,0
tmqm_3048,Mo,6,27,21,0.7778,0,0.1429,6.2269,1.0,0,0,0
tmqm_3049,Cr,5,27,5,0.1852,0,0.0435,-5.9666,1.0,0,0,0
tmqm_3050,W,7,16,8,0.5,0,0.1111,0.3927,1.0,0,1,0
tmqm_3051,W,9,26,11,0.4231,0,0.0625,-0.0124,1.0,0,0,0
tmqm_3052,Mo,7,27,21,0.7778,0,0.1429,0.5937,1.0,0,0,0
tmqm_3053,Mo,7,26,18,0.6923,0,0.1111,2.5325,1.0,0,0,0
tmqm_3054,Mo,6,26,22,0.8462,0,0.2,7.3181,1.0,0,0,0
tmqm_3055,Mo,6,29,20,0.6897,0,0.1,6.9832,1.0,0,0,0
tmqm_3056,Cr,11,26,16,0.6154,0,0.0909,6.5897,1.0,0,0,0
tmqm_3057,Mo,5,27,23,0.8519,0,0.2,8.7506,1.0,0,0,0
tmqm_3058,W,6,29,27,0.931,0,0.3333,7.4955,1.0,0,0,0
tmqm_3059,Cr,12,26,14,0.5385,0,0.0769,-1.143,1.0,0,0,0
tmqm_3060,Cr,4,23,15,0.6522,0,0.1111,6.3407,1.0,0,0,0
tmqm_3061,Mo,6,26,22,0.8462,0,0.2,5.5216,1.0,0,0,0
tmqm_3062,Cr,7,27,22,0.8148,0,0.1667,5.1572,1.0,0,0,0
tmqm_3063,Mo,6,29,20,0.6897,0,0.1,6.7284,1.0,0,0,0
tmqm_3064,Mo,9,27,22,0.8148,0,0.1667,4.8551,1.0,0,0,0
tmqm_3065,Mo,6,29,25,0.8621,0,0.2,7.4416,1.0,0,0,0
tmqm_3066,Mo,6,29,22,0.7586,0,0.125,7.2055,1.0,0,0,0
tmqm_3067,Mo,6,27,24,0.8889,0,0.25,5.6054,1.0,0,0,0
tmqm_3068,W,6,26,15,0.5769,0,0.0833,5.7153,1.0,0,0,0
tmqm_3069,W,6,29,24,0.8276,0,0.1667,7.6847,1.0,0,0,0
tmqm_3070,Mo,8,26,17,0.6538,0,0.1,-0.0609,1.0,0,0,0
tmqm_3071,Cr,6,26,16,0.6154,0,0.0909,1.3624,1.0,0,0,0
tmqm_3072,W,6,29,19,0.6552,0,0.0909,6.9208,1.0,0,0,0
tmqm_3073,Cr,6,29,22,0.7586,0,0.125,1.9373,1.0,0,0,0
tmqm_3074,Mo,7,27,19,0.7037,0,0.1111,3.3164,1.0,0,0,1
tmqm_3075,W,6,29,17,0.5862,0,0.0769,4.0719,1.0,0,0,0
tmqm_3076,Mo,6,27,23,0.8519,0,0.2,5.6727,1.0,0,0,0
tmqm_3077,Mo,6,27,19,0.7037,0,0.1111,6.2145,1.0,0,0,0
tmqm_3078,Cr,12,29,23,0.7931,0,0.1429,2.5427,1.0,0,0,0
tmqm_3079,Cr,6,29,22,0.7586,0,0.125,1.5996,1.0,0,0,0
tmqm_3080,Cr,7,29,27,0.931,0,0.3333,6.887,1.0,0,0,0
tmqm_3081,Mo,7,27,12,0.4444,0,0.0625,2.7619,1.0,0,0,0
tmqm_3082,Mo,7,27,19,0.7037,0,0.1111,-0.0813,1.0,0,0,0
tmqm_3083,W,7,24,12,0.5,0,0.0769,-2.0572,1.0,0,0,0
tmqm_3084,W,6,26,12,0.4615,0,0.0667,3.9473,1.0,0,0,0
tmqm_3085,Mo,8,27,19,0.7037,0,0.1111,0.2842,1.0,0,0,0
tmqm_3086,Mo,8,26,14,0.5385,0,0.0769,0.0253,1.0,0,0,0
tmqm_3087,Mo,6,26,24,0.9231,0,0.3333,5.2024,1.0,0,0,0
tmqm_3088,W,8,26,18,0.6923,0,0.1111,5.5806,1.0,0,0,0
tmqm_3089,Mo,7,27,15,0.5556,0,0.0769,3.9536,1.0,0,0,0
tmqm_3090,Cr,4,26,22,0.8462,0,0.2,6.2126,1.0,0,0,0
tmqm_3091,W,6,29,25,0.8621,0,0.2,8.7237,1.0,0,0,0
tmqm_3092,Cr,6,29,18,0.6207,0,0.0833,1.292,1.0,0,0,0
tmqm_3093,Mo,6,29,22,0.7586,0,0.125,7.7748,1.0,0,0,0
tmqm_3094,Cr,6,29,19,0.6552,0,0.0909,2.3408,1.0,0,0,0
tmqm_3095,Mo,7,27,16,0.5926,0,0.0833,3.687,1.0,0,0,0
tmqm_3096,W,6,29,19,0.6552,0,0.0909,7.7198,1.0,0,0,0
tmqm_3097,W,9,26,16,0.6154,0,0.0909,-0.289,1.0,0,0,0
tmqm_3098,Mo,6,26,16,0.6154,0,0.0909,6.5177,1.0,0,0,0
tmqm_3099,Mo,7,27,21,0.7778,0,0.1429,0.3209,1.0,0,0,0
tmqm_3100,W,7,27,14,0.5185,0,0.0714,-1.6129,1.0,0,0,0
tmqm_3101,Mo,10,29,8,0.2759,0,0.0455,-4.4601,1.0,0,0,0
tmqm_3102,W,6,27,21,0.7778,0,0.1429,4.0331,1.0,0,0,0
tmqm_3103,W,6,29,13,0.4483,0,0.0588,3.8862,1.0,0,0,0
tmqm_3104,W,8,27,20,0.7407,0,0.125,4.8734,1.0,0,0,0
tmqm_3105,W,5,27,19,0.7037,0,0.1111,5.4737,1.0,0,0,0
tmqm_3106,W,6,27,23,0.8519,0,0.2,5.82,1.0,0,0,0
tmqm_3107,Mo,8,27,14,0.5185,0,0.0714,-0.9628,1.0,0,0,0
tmqm_3108,W,8,27,19,0.7037,0,0.1111,4.6804,1.0,0,0,0
tmqm_3109,Mo,5,26,24,0.9231,0,0.3333,7.831,1.0,0,0,0
tmqm_3110,Mo,10,26,13,0.5,0,0.0714,-1.6403,1.0,0,0,0
tmqm_3111,W,6,29,23,0.7931,0,0.1429,5.7175,1.0,0,0,0
tmqm_3112,Mo,9,26,11,0.4231,0,0.0625,2.5526,1.0,0,0,0
tmqm_3113,Mo,9,26,19,0.7308,0,0.125,3.6833,1.0,0,0,0
tmqm_3114,Mo,6,26,15,0.5769,0,0.0833,6.6799,1.0,0,0,0
tmqm_3115,Cr,12,26,23,0.8846,0,0.25,0.8299,1.0,0,0,0
tmqm_3116,Mo,6,26,20,0.7692,0,0.1429,6.0084,1.0,0,0,0
tmqm_3117,Mo,7,27,18,0.6667,0,0.1,3.3914,1.0,0,0,1
tmqm_3118,Mo,6,29,19,0.6552,0,0.0909,5.9445,1.0,0,0,0
tmqm_3119,Mo,6,27,23,0.8519,0,0.2,6.0341,1.0,0,0,0
tmqm_3120,Mo,6,26,15,0.5769,0,0.0833,6.4307,1.0,0,0,0
tmqm_3121,W,5,29,19,0.6552,0,0.0909,8.0107,1.0,0,0,0
tmqm_3122,W,8,29,14,0.4828,0,0.0625,4.3272,1.0,0,0,0
tmqm_3123,W,10,25,12,0.48,0,0.0714,-0.0722,1.0,0,0,0
tmqm_3124,Cr,11,10,0,0.0,0,0.0909,-0.902,1.0,0,1,0
tmqm_3125,W,8,26,16,0.6154,0,0.0909,3.0086,1.0,0,0,0
tmqm_3126,W,6,29,25,0.8621,0,0.2,7.1684,1.0,0,0,0
tmqm_3127,W,7,26,7,0.2692,0,0.05,-2.2229,1.0,0,0,0
tmqm_3128,Mo,6,27,19,0.7037,0,0.1111,6.7656,1.0,0,0,0
tmqm_3129,W,8,26,19,0.7308,0,0.125,5.7536,1.0,0,0,0
tmqm_3130,Mo,6,26,26,1.0,1,1.0,6.8062,1.0,0,0,0
tmqm_3131,W,10,26,12,0.4615,0,0.0667,-4.0838,1.0,0,0,0
tmqm_3132,W,8,26,18,0.6923,0,0.1111,5.9827,1.0,1,0,0
tmqm_3133,Mo,8,29,12,0.4138,0,0.0556,-0.8173,1.0,0,0,0
tmqm_3134,Mo,7,27,18,0.6667,0,0.1,1.6334,1.0,0,0,0
tmqm_3135,Cr,6,29,21,0.7241,0,0.1111,4.0214,1.0,0,0,0
tmqm_3136,Mo,7,27,17,0.6296,0,0.0909,2.2947,1.0,0,0,0
tmqm_3137,Cr,6,29,22,0.7586,0,0.125,3.4649,1.0,0,0,0
tmqm_3138,W,6,27,16,0.5926,0,0.0833,6.8969,1.0,0,0,0
tmqm_3139,W,6,29,22,0.7586,0,0.125,6.5487,1.0,0,0,0
tmqm_3140,Mo,8,26,15,0.5769,0,0.0833,-1.0925,1.0,0,0,0
tmqm_3141,Mo,7,16,14,0.875,0,0.3333,0.6938,1.0,0,0,0
tmqm_3142,Mo,6,26,23,0.8846,0,0.25,5.5649,1.0,0,0,0
tmqm_3143,W,6,29,27,0.931,0,0.3333,7.5354,1.0,0,0,0
tmqm_3144,W,7,27,14,0.5185,0,0.0714,-1.9317,1.0,0,0,0
tmqm_3145,W,6,29,19,0.6552,0,0.0909,7.4634,1.0,0,0,0
tmqm_3146,W,6,29,24,0.8276,0,0.1667,5.5624,1.0,0,0,0
tmqm_3147,Mo,6,29,19,0.6552,0,0.0909,6.3949,1.0,0,0,0
tmqm_3148,Mo,10,26,11,0.4231,0,0.0625,-2.6223,1.0,0,0,0
tmqm_3149,W,8,29,20,0.6897,0,0.1,5.5647,1.0,0,0,0
tmqm_3150,Mo,6,29,23,0.7931,0,0.1429,6.1406,1.0,0,0,0
tmqm_3151,W,9,29,15,0.5172,0,0.0667,-0.5237,1.0,0,0,0
tmqm_3152,Mo,4,26,15,0.5769,0,0.0833,3.7388,1.0,0,0,0
tmqm_3153,Mo,8,29,13,0.4483,0,0.0588,0.245,1.0,0,0,0
tmqm_3154,Cr,6,29,13,0.4483,0,0.0588,1.2567,1.0,0,0,0
tmqm_3155,W,9,29,10,0.3448,0,0.05,-0.3065,1.0,0,0,0
tmqm_3156,Mo,6,29,11,0.3793,0,0.0526,4.7667,1.0,0,0,0
tmqm_3157,Cr,5,26,15,0.5769,0,0.0833,-4.2298,1.0,0,0,0
tmqm_3158,Mo,5,27,18,0.6667,0,0.1,6.7572,1.0,0,0,0
tmqm_3159,Cr,5,27,11,0.4074,0,0.0588,-3.7337,1.0,0,0,0
tmqm_3160,Mo,7,27,18,0.6667,0,0.1,3.285,1.0,0,0,0
tmqm_3161,Mo,6,27,20,0.7407,0,0.125,4.6591,1.0,0,0,0
tmqm_3162,Mo,6,29,20,0.6897,0,0.1,6.126,1.0,0,0,0
tmqm_3163,Mo,9,26,12,0.4615,0,0.0667,2.0659,1.0,0,0,0
tmqm_3164,Mo,7,27,16,0.5926,0,0.0833,3.2629,1.0,1,0,0
tmqm_3165,W,6,29,24,0.8276,0,0.1667,6.2335,1.0,0,0,0
tmqm_3166,Mo,6,29,25,0.8621,0,0.2,6.9993,1.0,0,0,0
tmqm_3167,W,5,26,24,0.9231,0,0.3333,4.8617,1.0,0,0,0
tmqm_3168,Mo,6,29,20,0.6897,0,0.1,6.0403,1.0,0,0,0
tmqm_3169,Mo,7,27,13,0.4815,0,0.0667,2.1326,1.0,0,0,0
tmqm_3170,Mo,6,27,20,0.7407,0,0.125,5.929,1.0,0,0,0
tmqm_3171,Mo,7,26,15,0.5769,0,0.0833,3.2357,1.0,1,0,1
tmqm_3172,Mo,6,26,13,0.5,0,0.0714,5.9101,1.0,0,0,0
tmqm_3173,W,6,29,23,0.7931,0,0.1429,6.1016,1.0,0,0,1
tmqm_3174,Mo,7,29,18,0.6207,0,0.0833,3.3616,1.0,0,0,0
tmqm_3175,W,6,29,23,0.7931,0,0.1429,7.2542,1.0,0,0,0
tmqm_3176,Mo,5,27,21,0.7778,0,0.1429,5.375,1.0,0,0,0
tmqm_3177,W,6,26,17,0.6538,0,0.1,5.3216,1.0,0,0,0
tmqm_3178,Mo,6,27,23,0.8519,0,0.2,5.0735,1.0,0,0,0
tmqm_3179,W,7,27,10,0.3704,0,0.0556,-0.4822,1.0,0,0,0
tmqm_3180,Cr,6,29,19,0.6552,0,0.0909,3.3542,1.0,0,0,0
tmqm_3181,W,6,29,22,0.7586,0,0.125,6.6618,1.0,0,0,0
tmqm_3182,Cr,12,29,16,0.5517,0,0.0714,2.4977,1.0,0,0,0
tmqm_3183,Mo,7,27,13,0.4815,0,0.0667,3.3173,1.0,0,0,0
tmqm_3184,Mo,4,26,12,0.4615,0,0.0667,2.8068,1.0,0,0,1
tmqm_3185,Mo,7,26,10,0.3846,0,0.0588,1.9739,1.0,0,0,0
tmqm_3186,Mo,6,29,18,0.6207,0,0.0833,7.8543,1.0,0,0,0
tmqm_3187,W,6,29,21,0.7241,0,0.1111,7.6355,1.0,1,0,0
tmqm_3188,W,10,27,16,0.5926,0,0.0833,-0.9928,1.0,0,0,0
tmqm_3189,W,7,16,10,0.625,0,0.1429,0.2081,1.0,0,0,0
tmqm_3190,Mo,6,29,20,0.6897,0,0.1,6.434,1.0,0,0,0
tmqm_3191,W,9,29,15,0.5172,0,0.0667,1.3891,1.0,0,0,0
tmqm_3192,W,6,14,5,0.3571,0,0.1,-0.2235,1.0,0,0,0
tmqm_3193,Mo,6,26,20,0.7692,0,0.1429,6.136,1.0,0,0,0
tmqm_3194,Mo,7,26,13,0.5,0,0.0714,1.8091,1.0,0,0,0
tmqm_3195,Mo,8,29,13,0.4483,0,0.0588,-2.3884,1.0,0,0,0
tmqm_3196,Cr,12,27,18,0.6667,0,0.1,0.506,1.0,0,1,0
tmqm_3197,Cr,6,29,15,0.5172,0,0.0667,0.7939,1.0,0,0,0
tmqm_3198,W,6,29,27,0.931,0,0.3333,7.0283,1.0,0,0,0
tmqm_3199,Mo,7,26,19,0.7308,0,0.125,3.8474,1.0,0,0,0
tmqm_3200,W,6,29,25,0.8621,0,0.2,6.9765,1.0,0,0,0
tmqm_3201,Mo,6,26,20,0.7692,0,0.1429,6.4404,1.0,0,0,0
tmqm_3202,W,6,27,20,0.7407,0,0.125,5.0957,1.0,0,0,0
tmqm_3203,Mo,8,26,10,0.3846,0,0.0588,-0.3766,1.0,0,0,0
tmqm_3204,Mo,6,26,23,0.8846,0,0.25,6.7543,1.0,0,0,0
tmqm_3205,W,7,29,23,0.7931,0,0.1429,0.8149,1.0,0,0,0
tmqm_3206,Mo,6,26,23,0.8846,0,0.25,6.5251,1.0,0,0,0
tmqm_3207,Mo,8,27,20,0.7407,0,0.125,0.2271,1.0,0,0,0
tmqm_3208,Mo,7,27,17,0.6296,0,0.0909,4.0136,1.0,1,0,0
tmqm_3209,W,6,29,27,0.931,0,0.3333,6.0119,1.0,0,0,0
tmqm_3210,Mo,12,26,16,0.6154,0,0.0909,-0.3986,1.0,0,0,0
tmqm_3211,W,6,29,23,0.7931,0,0.1429,5.9394,1.0,0,0,0
tmqm_3212,Mo,6,26,19,0.7308,0,0.125,5.8933,1.0,0,0,0
tmqm_3213,W,6,29,20,0.6897,0,0.1,5.6882,1.0,0,0,0
tmqm_3214,Mo,6,29,26,0.8966,0,0.25,7.797,1.0,0,0,0
tmqm_3215,Cr,6,29,22,0.7586,0,0.125,3.144,1.0,0,0,0
tmqm_3216,W,8,27,16,0.5926,0,0.0833,3.1181,1.0,0,0,0
tmqm_3217,Mo,7,27,17,0.6296,0,0.0909,3.0178,1.0,0,0,0
tmqm_3218,Mo,9,26,17,0.6538,0,0.1,3.1827,1.0,0,0,0
tmqm_3219,W,6,27,16,0.5926,0,0.0833,4.9371,1.0,0,0,0
tmqm_3220,Mo,5,29,22,0.7586,0,0.125,9.4898,1.0,0,0,0
tmqm_3221,Mo,8,26,10,0.3846,0,0.0588,-2.7357,1.0,0,0,0
tmqm_3222,W,6,29,25,0.8621,0,0.2,9.075,1.0,0,0,0
tmqm_3223,Mo,8,27,16,0.5926,0,0.0833,0.9603,1.0,0,0,0
tmqm_3224,W,6,29,20,0.6897,0,0.1,6.254,1.0,0,0,0
tmqm_3225,Mo,6,27,19,0.7037,0,0.1111,5.2584,1.0,0,0,0
tmqm_3226,Cr,6,29,23,0.7931,0,0.1429,3.5648,1.0,0,0,0
tmqm_3227,W,9,27,12,0.4444,0,0.0625,-0.0958,1.0,0,0,0
tmqm_3228,Mo,5,26,20,0.7692,0,0.1429,7.3928,1.0,0,0,0
tmqm_3229,Mo,5,25,13,0.52,0,0.0769,7.4344,1.0,0,0,0
tmqm_3230,Mo,10,24,8,0.3333,0,0.0588,-3.6703,1.0,0,0,0
tmqm_3231,Mo,8,26,5,0.1923,0,0.0455,-0.4961,1.0,0,0,0
tmqm_3232,W,7,27,15,0.5556,0,0.0769,-2.4042,1.0,0,0,0
tmqm_3233,Mo,5,26,21,0.8077,0,0.1667,9.9895,1.0,0,0,0
tmqm_3234,Mo,7,26,19,0.7308,0,0.125,1.6521,1.0,0,0,0
tmqm_3235,W,9,26,22,0.8462,0,0.2,1.7558,1.0,0,0,0
tmqm_3236,W,7,27,16,0.5926,0,0.0833,-2.0141,1.0,0,0,0
tmqm_3237,W,6,29,26,0.8966,0,0.25,6.9833,1.0,0,0,0
tmqm_3238,Mo,7,26,20,0.7692,0,0.1429,2.292,1.0,0,0,0
tmqm_3239,W,6,29,22,0.7586,0,0.125,7.9223,1.0,0,0,0
tmqm_3240,W,7,27,6,0.2222,0,0.0455,-2.0503,1.0,0,0,0
tmqm_3241,W,6,29,24,0.8276,0,0.1667,7.7307,1.0,0,0,0
tmqm_3242,W,7,27,14,0.5185,0,0.0714,-1.9949,1.0,0,0,0
tmqm_3243,W,8,27,12,0.4444,0,0.0625,3.4762,1.0,0,0,0
tmqm_3244,Cr,5,26,12,0.4615,0,0.0667,-5.1278,1.0,0,0,0
tmqm_3245,Mo,6,27,18,0.6667,0,0.1,3.3944,1.0,0,0,0
tmqm_3246,Mo,10,29,10,0.3448,0,0.05,-1.9769,1.0,0,0,0
tmqm_3247,Mo,7,29,13,0.4483,0,0.0588,2.8559,1.0,0,0,0
tmqm_3248,Mo,6,26,19,0.7308,0,0.125,7.1811,1.0,0,0,0
tmqm_3249,Mo,6,29,18,0.6207,0,0.0833,8.5023,1.0,0,0,0
tmqm_3250,Mo,4,26,14,0.5385,0,0.0769,2.9632,1.0,0,0,0
tmqm_3251,W,5,26,20,0.7692,0,0.1429,5.2704,1.0,0,0,0
tmqm_3252,Mo,6,29,16,0.5517,0,0.0714,5.5753,1.0,0,0,0
tmqm_3253,Mo,7,27,10,0.3704,0,0.0556,2.145,1.0,0,0,0
tmqm_3254,Mo,6,29,23,0.7931,0,0.1429,6.9846,1.0,0,0,0
tmqm_3255,Mo,7,26,14,0.5385,0,0.0769,3.1417,1.0,0,0,0
tmqm_3256,W,6,16,0,0.0,0,0.0588,-1.1421,1.0,0,0,0
tmqm_3257,W,6,14,4,0.2857,0,0.0909,-0.2467,1.0,0,0,0
tmqm_3258,Mo,8,29,11,0.3793,0,0.0526,1.4058,1.0,0,0,0
tmqm_3259,Cr,6,29,16,0.5517,0,0.0714,0.541,1.0,0,0,0
tmqm_3260,Mo,7,27,18,0.6667,0,0.1,3.3567,1.0,0,0,0
tmqm_3261,Mo,7,29,24,0.8276,0,0.1667,3.6869,1.0,0,0,0
tmqm_3262,W,8,29,16,0.5517,0,0.0714,3.9946,1.0,0,0,0
tmqm_3263,Mo,6,29,26,0.8966,0,0.25,7.626,1.0,0,0,1
tmqm_3264,W,6,29,21,0.7241,0,0.1111,7.2113,1.0,0,0,0
tmqm_3265,Mo,7,27,19,0.7037,0,0.1111,3.2661,1.0,0,0,0
tmqm_3266,W,8,29,19,0.6552,0,0.0909,3.6819,1.0,0,0,0
tmqm_3267,W,6,27,16,0.5926,0,0.0833,2.9213,1.0,0,0,0
tmqm_3268,Mo,6,29,19,0.6552,0,0.0909,6.705,1.0,0,0,0
tmqm_3269,Mo,8,26,13,0.5,0,0.0714,-1.5533,1.0,0,0,0
tmqm_3270,Mo,6,27,18,0.6667,0,0.1,5.8037,1.0,0,0,0
tmqm_3271,W,12,27,14,0.5185,0,0.0714,-3.2106,1.0,0,0,0
tmqm_3272,Cr,6,29,17,0.5862,0,0.0769,2.4818,1.0,0,0,0
tmqm_3273,W,6,27,15,0.5556,0,0.0769,4.0792,1.0,0,0,0
tmqm_3274,Mo,7,26,12,0.4615,0,0.0667,2.5458,1.0,0,0,0
tmqm_3275,W,10,29,12,0.4138,0,0.0556,0.2958,1.0,0,0,0
tmqm_3276,W,6,29,16,0.5517,0,0.0714,6.9587,1.0,0,0,0
tmqm_3277,W,6,29,25,0.8621,0,0.2,5.9249,1.0,0,0,0
tmqm_3278,W,7,27,10,0.3704,0,0.0556,-2.0369,1.0,0,0,0
tmqm_3279,W,6,29,18,0.6207,0,0.0833,7.1854,1.0,0,0,0
tmqm_3280,W,6,29,24,0.8276,0,0.1667,6.3984,1.0,1,0,0
tmqm_3281,Mo,6,26,16,0.6154,0,0.0909,6.5213,1.0,0,0,0
tmqm_3282,Mo,8,27,16,0.5926,0,0.0833,-0.8688,1.0,0,0,0
tmqm_3283,W,5,26,24,0.9231,0,0.3333,5.8021,1.0,0,0,0
tmqm_3284,W,6,29,18,0.6207,0,0.0833,7.6184,1.0,0,0,0
tmqm_3285,Cr,4,23,17,0.7391,0,0.1429,7.2687,1.0,0,0,0
tmqm_3286,Cr,6,29,18,0.6207,0,0.0833,1.4826,1.0,0,0,0
tmqm_3287,W,6,29,19,0.6552,0,0.0909,6.924,1.0,0,0,0
tmqm_3288,Mo,8,27,12,0.4444,0,0.0625,0.0769,1.0,0,0,0
tmqm_3289,W,6,29,15,0.5172,0,0.0667,5.2685,1.0,0,0,0
tmqm_3290,Mo,7,27,13,0.4815,0,0.0667,2.3091,1.0,0,0,0
tmqm_3291,Mo,6,29,21,0.7241,0,0.1111,7.3437,1.0,0,0,0
tmqm_3292,W,6,29,25,0.8621,0,0.2,5.0999,1.0,0,0,0
tmqm_3293,W,6,29,20,0.6897,0,0.1,5.5504,1.0,0,0,0
tmqm_3294,Mo,9,26,20,0.7692,0,0.1429,3.7007,1.0,0,0,0
tmqm_3295,Mo,6,27,23,0.8519,0,0.2,6.9939,1.0,0,0,0
tmqm_3296,Mo,6,29,25,0.8621,0,0.2,6.0404,1.0,0,0,0
tmqm_3297,Mo,6,29,16,0.5517,0,0.0714,6.3695,1.0,0,0,0
tmqm_3298,Cr,9,27,9,0.3333,0,0.0526,-1.5244,1.0,1,0,0
tmqm_3299,Mo,5,26,22,0.8462,0,0.2,7.3539,1.0,0,0,0
tmqm_3300,Mo,7,27,12,0.4444,0,0.0625,3.0097,1.0,0,0,0
tmqm_3301,Cr,8,29,17,0.5862,0,0.0769,5.9334,1.0,0,0,0
tmqm_3302,Mo,5,27,20,0.7407,0,0.125,9.6445,1.0,0,0,0
tmqm_3303,W,9,29,14,0.4828,0,0.0625,-0.7663,1.0,0,0,0
tmqm_3304,W,7,27,17,0.6296,0,0.0909,-1.7277,1.0,0,0,0
tmqm_3305,Cr,6,29,16,0.5517,0,0.0714,2.0788,1.0,0,0,0
tmqm_3306,W,6,29,20,0.6897,0,0.1,6.5417,1.0,0,0,0
tmqm_3307,W,6,29,16,0.5517,0,0.0714,5.3259,1.0,0,0,0
tmqm_3308,Mo,6,29,24,0.8276,0,0.1667,6.735,1.0,0,0,0
tmqm_3309,Mo,6,26,21,0.8077,0,0.1667,5.4182,1.0,0,0,0
tmqm_3310,W,9,23,11,0.4783,0,0.0769,-1.7956,1.0,0,0,0
tmqm_3311,W,8,27,12,0.4444,0,0.0625,4.3462,1.0,0,0,0
tmqm_3312,Mo,8,26,17,0.6538,0,0.1,1.2246,1.0,0,0,1
tmqm_3313,Mo,8,26,12,0.4615,0,0.0667,-0.8857,1.0,0,0,0
tmqm_3314,Mo,5,27,21,0.7778,0,0.1429,7.167,1.0,0,0,0
tmqm_3315,W,6,29,27,0.931,0,0.3333,7.9988,1.0,0,0,0
tmqm_3316,Mo,4,26,10,0.3846,0,0.0588,4.2508,1.0,0,0,0
tmqm_3317,W,9,24,6,0.25,0,0.0526,-1.5848,1.0,0,0,0
tmqm_3318,Mo,8,26,17,0.6538,0,0.1,-1.1637,1.0,0,0,0
tmqm_3319,Mo,7,27,19,0.7037,0,0.1111,2.7595,1.0,0,0,1
tmqm_3320,Mo,6,26,20,0.7692,0,0.1429,6.0809,1.0,0,0,0
tmqm_3321,W,6,29,23,0.7931,0,0.1429,6.1566,1.0,0,0,0
tmqm_3322,W,10,25,12,0.48,0,0.0714,-1.0929,1.0,0,0,0
tmqm_3323,Cr,4,26,21,0.8077,0,0.1667,5.0903,1.0,0,0,0
tmqm_3324,Mo,6,16,6,0.375,0,0.0909,0.0231,1.0,0,0,0
tmqm_3325,Cr,11,26,23,0.8846,0,0.25,6.4573,1.0,0,0,0
tmqm_3326,Cr,5,26,15,0.5769,0,0.0833,-4.8615,1.0,0,0,0
tmqm_3327,W,5,29,21,0.7241,0,0.1111,7.3988,1.0,0,0,0
tmqm_3328,Mo,6,26,16,0.6154,0,0.0909,5.3602,1.0,0,0,0
tmqm_3329,W,6,29,27,0.931,0,0.3333,6.1654,1.0,0,0,0
tmqm_3330,Mo,4,26,18,0.6923,0,0.1111,3.8881,1.0,0,0,0
tmqm_3331,Mo,7,27,18,0.6667,0,0.1,3.4753,1.0,0,0,0
tmqm_3332,W,2,24,15,0.625,0,0.1,4.4038,1.0,0,0,0
tmqm_3333,W,6,29,23,0.7931,0,0.1429,7.1196,1.0,0,0,0
tmqm_3334,W,6,27,24,0.8889,0,0.25,6.5274,1.0,0,0,0
tmqm_3335,Mo,6,29,22,0.7586,0,0.125,6.5583,1.0,0,0,0
tmqm_3336,Mo,6,27,20,0.7407,0,0.125,5.6269,1.0,0,0,0
tmqm_3337,Cr,5,26,4,0.1538,0,0.0435,-6.0269,1.0,0,0,0
tmqm_3338,Mo,6,29,20,0.6897,0,0.1,6.3294,1.0,0,0,0
tmqm_3339,Mo,7,26,18,0.6923,0,0.1111,2.4207,1.0,0,0,0
tmqm_3340,Re,9,29,25,0.8621,0,0.2,4.8044,1.0,0,0,0
tmqm_3341,Re,6,29,14,0.4828,0,0.0625,-0.3222,1.0,0,0,0
tmqm_3342,Re,8,29,16,0.5517,0,0.0714,-2.1635,1.0,0,0,0
tmqm_3343,Mn,8,29,22,0.7586,0,0.125,4.4714,1.0,0,0,0
tmqm_3344,Mn,7,27,12,0.4444,0,0.0625,-1.6341,1.0,0,0,0
tmqm_3345,Re,6,29,15,0.5172,0,0.0667,-2.107,1.0,0,0,0
tmqm_3346,Mn,8,29,14,0.4828,0,0.0625,4.7434,1.0,0,0,0
tmqm_3347,Tc,8,29,27,0.931,0,0.3333,5.3784,1.0,0,0,0
tmqm_3348,Re,8,26,14,0.5385,0,0.0769,-1.2136,1.0,0,0,0
tmqm_3349,Mn,10,25,22,0.88,0,0.25,5.3979,1.0,0,0,0
tmqm_3350,Mn,5,27,15,0.5556,0,0.0769,-0.113,1.0,0,0,0
tmqm_3351,Re,6,29,17,0.5862,0,0.0769,-2.9794,1.0,0,0,0
tmqm_3352,Re,5,26,20,0.7692,0,0.1429,4.7399,1.0,0,0,0
tmqm_3353,Re,6,29,14,0.4828,0,0.0625,-1.322,1.0,0,0,0
tmqm_3354,Re,6,29,15,0.5172,0,0.0667,-3.4138,1.0,0,0,0
tmqm_3355,Re,7,29,24,0.8276,0,0.1667,6.6422,1.0,0,1,0
tmqm_3356,Re,6,29,12,0.4138,0,0.0556,-3.4914,1.0,0,0,0
tmqm_3357,Mn,7,29,19,0.6552,0,0.0909,-1.2835,1.0,0,0,0
tmqm_3358,Mn,6,29,26,0.8966,0,0.25,3.1721,1.0,0,0,0
tmqm_3359,Re,6,29,15,0.5172,0,0.0667,-3.236,1.0,0,0,0
tmqm_3360,Re,6,27,3,0.1111,0,0.04,-3.699,1.0,0,0,0
tmqm_3361,Mn,8,29,17,0.5862,0,0.0769,3.3677,1.0,0,0,0
tmqm_3362,Re,6,29,7,0.2414,0,0.0435,-4.7833,1.0,0,0,0
tmqm_3363,Mn,10,25,19,0.76,0,0.1429,5.6491,1.0,0,0,0
tmqm_3364,Re,6,29,15,0.5172,0,0.0667,-3.2994,1.0,0,0,0
tmqm_3365,Re,6,29,14,0.4828,0,0.0625,-1.5892,1.0,0,0,0
tmqm_3366,Re,7,29,24,0.8276,0,0.1667,7.5474,1.0,0,0,0
tmqm_3367,Re,7,29,27,0.931,0,0.3333,5.3893,1.0,0,0,0
tmqm_3368,Re,5,26,9,0.3462,0,0.0556,2.0431,1.0,0,0,0
tmqm_3369,Mn,7,29,19,0.6552,0,0.0909,0.6794,1.0,0,0,0
tmqm_3370,Mn,6,29,21,0.7241,0,0.1111,1.8452,1.0,0,0,0
tmqm_3371,Mn,8,29,21,0.7241,0,0.1111,3.4941,1.0,0,0,0
tmqm_3372,Re,6,29,14,0.4828,0,0.0625,-3.2421,1.0,0,0,0
tmqm_3373,Mn,7,29,17,0.5862,0,0.0769,0.0019,1.0,0,0,0
tmqm_3374,Mn,7,29,21,0.7241,0,0.1111,1.3127,1.0,0,0,0
tmqm_3375,Re,7,29,21,0.7241,0,0.1111,6.6552,1.0,0,0,0
tmqm_3376,Re,7,26,24,0.9231,0,0.3333,8.0501,1.0,0,0,0
tmqm_3377,Mn,6,29,18,0.6207,0,0.0833,3.251,1.0,0,0,0
tmqm_3378,Mn,6,29,23,0.7931,0,0.1429,1.5716,1.0,0,0,0
tmqm_3379,Mn,8,29,24,0.8276,0,0.1667,4.2645,1.0,0,0,0
tmqm_3380,Re,8,29,12,0.4138,0,0.0556,-0.4406,1.0,0,0,0
tmqm_3381,Re,8,29,20,0.6897,0,0.1,-0.0971,1.0,0,0,0
tmqm_3382,Re,6,29,11,0.3793,0,0.0526,-2.4188,1.0,0,0,0
tmqm_3383,Re,5,26,12,0.4615,0,0.0667,3.5044,1.0,0,0,0
tmqm_3384,Mn,4,26,14,0.5385,0,0.0769,-2.3561,1.0,0,0,0
tmqm_3385,Re,6,16,2,0.125,0,0.0667,-0.5188,1.0,1,0,0
tmqm_3386,Mn,8,29,20,0.6897,0,0.1,5.2061,1.0,0,0,0
tmqm_3387,Mn,5,16,10,0.625,0,0.1429,4.5633,1.0,0,0,0
tmqm_3388,Re,5,27,16,0.5926,0,0.0833,3.3476,1.0,0,0,0
tmqm_3389,Re,6,29,12,0.4138,0,0.0556,-3.3223,1.0,0,0,0
tmqm_3390,Mn,5,28,16,0.5714,0,0.0769,-0.7382,1.0,0,0,0
tmqm_3391,Mn,6,29,22,0.7586,0,0.125,2.9382,1.0,0,0,0
tmqm_3392,Mn,9,29,17,0.5862,0,0.0769,-0.7403,1.0,0,0,0
tmqm_3393,Re,9,29,28,0.9655,0,0.5,6.2253,1.0,0,0,0
tmqm_3394,Re,8,29,13,0.4483,0,0.0588,-2.0941,1.0,0,0,0
tmqm_3395,Re,4,25,4,0.16,0,0.0455,-6.9836,1.0,0,0,0
tmqm_3396,Re,7,29,28,0.9655,0,0.5,5.8093,1.0,0,0,0
tmqm_3397,Mn,6,29,23,0.7931,0,0.1429,2.1611,1.0,0,0,0
tmqm_3398,Re,6,29,12,0.4138,0,0.0556,-3.549,1.0,0,0,0
tmqm_3399,Re,8,29,15,0.5172,0,0.0667,-1.8579,1.0,0,0,0
tmqm_3400,Re,11,26,13,0.5,0,0.0714,-1.5247,1.0,0,0,0
tmqm_3401,Mn,6,27,16,0.5926,0,0.0833,3.434,1.0,0,0,0
tmqm_3402,Re,6,29,16,0.5517,0,0.0714,-2.4392,1.0,0,0,0
tmqm_3403,Re,5,26,17,0.6538,0,0.1,4.7226,1.0,0,0,0
tmqm_3404,Tc,9,26,7,0.2692,0,0.05,2.1693,1.0,0,0,0
tmqm_3405,Mn,6,29,17,0.5862,0,0.0769,3.1951,1.0,0,0,0
tmqm_3406,Re,6,29,8,0.2759,0,0.0455,-2.9571,1.0,0,0,0
tmqm_3407,Re,6,29,15,0.5172,0,0.0667,-3.9896,1.0,0,0,0
tmqm_3408,Mn,7,27,19,0.7037,0,0.1111,-0.4802,1.0,0,0,0
tmqm_3409,Re,6,27,8,0.2963,0,0.05,-5.246,1.0,0,0,0
tmqm_3410,Re,6,27,9,0.3333,0,0.0526,-5.319,1.0,0,0,0
tmqm_3411,Mn,8,27,21,0.7778,0,0.1429,4.0914,1.0,1,0,0
tmqm_3412,Re,8,29,19,0.6552,0,0.0909,-1.1554,1.0,0,0,0
tmqm_3413,Re,9,24,18,0.75,0,0.1429,4.1242,1.0,0,0,0
tmqm_3414,Re,7,29,26,0.8966,0,0.25,5.0992,1.0,0,0,0
tmqm_3415,Re,6,29,8,0.2759,0,0.0455,-3.374,1.0,0,0,0
tmqm_3416,Mn,6,29,18,0.6207,0,0.0833,3.2706,1.0,0,0,0
tmqm_3417,Re,8,26,11,0.4231,0,0.0625,-2.1832,1.0,1,0,0
tmqm_3418,Mn,7,29,24,0.8276,0,0.1667,0.4521,1.0,0,0,0
tmqm_3419,Mn,6,29,17,0.5862,0,0.0769,2.244,1.0,0,0,0
tmqm_3420,Mn,7,29,20,0.6897,0,0.1,0.4614,1.0,0,0,0
tmqm_3421,Re,6,26,3,0.1154,0,0.0417,-6.5608,1.0,0,0,0
tmqm_3422,Re,6,29,9,0.3103,0,0.0476,-4.0287,1.0,0,0,0
tmqm_3423,Re,7,29,17,0.5862,0,0.0769,6.3184,1.0,0,0,1
tmqm_3424,Tc,5,26,16,0.6154,0,0.0909,-1.8484,1.0,0,0,0
tmqm_3425,Re,4,22,11,0.5,0,0.0833,-3.5284,1.0,0,0,0
tmqm_3426,Mn,8,29,17,0.5862,0,0.0769,2.9064,1.0,0,0,0
tmqm_3427,Re,7,26,18,0.6923,0,0.1111,3.3623,1.0,0,0,0
tmqm_3428,Mn,5,26,17,0.6538,0,0.1,0.5569,1.0,0,0,0
tmqm_3429,Re,6,29,13,0.4483,0,0.0588,-2.5354,1.0,0,0,0
tmqm_3430,Mn,7,29,21,0.7241,0,0.1111,0.8827,1.0,1,0,0
tmqm_3431,Mn,8,29,21,0.7241,0,0.1111,5.7077,1.0,0,0,0
tmqm_3432,Tc,6,29,16,0.5517,0,0.0714,-0.3956,1.0,0,0,0
tmqm_3433,Re,6,27,11,0.4074,0,0.0588,-4.6965,1.0,0,0,0
tmqm_3434,Re,6,29,11,0.3793,0,0.0526,-4.0707,1.0,0,0,0
tmqm_3435,Mn,8,29,17,0.5862,0,0.0769,2.8675,1.0,0,0,0
tmqm_3436,Re,7,29,26,0.8966,0,0.25,6.6071,1.0,0,0,1
tmqm_3437,Re,6,29,15,0.5172,0,0.0667,-1.7535,1.0,0,1,0
tmqm_3438,Re,6,29,16,0.5517,0,0.0714,-2.4672,1.0,0,0,0
tmqm_3439,Re,7,29,18,0.6207,0,0.0833,5.8733,1.0,0,0,0
tmqm_3440,Re,9,29,24,0.8276,0,0.1667,4.5321,1.0,0,0,0
tmqm_3441,Re,6,29,11,0.3793,0,0.0526,-3.5158,1.0,0,0,0
tmqm_3442,Mn,4,26,12,0.4615,0,0.0667,-2.8239,1.0,0,0,0
tmqm_3443,Re,6,29,8,0.2759,0,0.0455,-4.3008,1.0,0,0,0
tmqm_3444,Re,6,29,8,0.2759,0,0.0455,-4.6448,1.0,0,0,0
tmqm_3445,Re,6,29,19,0.6552,0,0.0909,-1.566,1.0,0,0,0
tmqm_3446,Re,8,29,17,0.5862,0,0.0769,-0.9114,1.0,0,0,0
tmqm_3447,Re,6,29,10,0.3448,0,0.05,-3.0141,1.0,0,0,0
tmqm_3448,Mn,8,29,17,0.5862,0,0.0769,5.1733,1.0,0,0,0
tmqm_3449,Re,6,29,11,0.3793,0,0.0526,-3.5441,1.0,0,0,0
tmqm_3450,Re,8,29,15,0.5172,0,0.0667,-1.8445,1.0,0,0,0
tmqm_3451,Re,6,27,8,0.2963,0,0.05,-4.0879,1.0,0,0,0
tmqm_3452,Mn,6,29,26,0.8966,0,0.25,3.4934,1.0,0,0,0
tmqm_3453,Re,4,25,7,0.28,0,0.0526,-4.2444,1.0,0,0,0
tmqm_3454,Re,7,29,20,0.6897,0,0.1,4.8833,1.0,0,0,0
tmqm_3455,Mn,7,29,21,0.7241,0,0.1111,-1.5292,1.0,0,0,0
tmqm_3456,Mn,7,29,18,0.6207,0,0.0833,0.6184,1.0,0,0,0
tmqm_3457,Re,8,26,5,0.1923,0,0.0455,-3.8284,1.0,0,0,0
tmqm_3458,Re,9,29,28,0.9655,0,0.5,6.2503,1.0,0,0,0
tmqm_3459,Mn,7,29,21,0.7241,0,0.1111,-0.1722,1.0,0,0,0
tmqm_3460,Mn,6,29,22,0.7586,0,0.125,3.2429,1.0,0,0,0
tmqm_3461,Re,6,29,6,0.2069,0,0.0417,-3.7511,1.0,0,0,0
tmqm_3462,Re,5,27,10,0.3704,0,0.0556,0.9375,1.0,0,0,0
tmqm_3463,Re,8,29,20,0.6897,0,0.1,-1.1251,1.0,0,0,0
tmqm_3464,Re,5,26,20,0.7692,0,0.1429,2.4611,1.0,0,0,0
tmqm_3465,Re,6,26,12,0.4615,0,0.0667,-5.2191,1.0,0,0,0
tmqm_3466,Mn,9,29,21,0.7241,0,0.1111,-0.7213,1.0,0,0,0
tmqm_3467,Re,7,29,22,0.7586,0,0.125,6.4956,1.0,0,0,0
tmqm_3468,Mn,10,25,17,0.68,0,0.1111,4.851,1.0,0,0,0
tmqm_3469,Re,5,26,16,0.6154,0,0.0909,1.791,1.0,0,0,0
tmqm_3470,Re,7,29,19,0.6552,0,0.0909,5.0444,1.0,0,0,0
tmqm_3471,Re,6,26,12,0.4615,0,0.0667,-4.432,1.0,0,0,0
tmqm_3472,Re,6,27,16,0.5926,0,0.0833,-4.0975,1.0,0,0,1
tmqm_3473,Mn,6,29,23,0.7931,0,0.1429,3.5535,1.0,0,0,0
tmqm_3474,Re,6,29,16,0.5517,0,0.0714,-2.6725,1.0,0,0,1
tmqm_3475,Re,5,26,16,0.6154,0,0.0909,2.1061,1.0,0,0,0
tmqm_3476,Mn,9,29,17,0.5862,0,0.0769,-0.6497,1.0,0,0,0
tmqm_3477,Mn,11,25,22,0.88,0,0.25,8.2921,1.0,0,0,0
tmqm_3478,Tc,6,29,21,0.7241,0,0.1111,1.1538,1.0,0,0,0
tmqm_3479,Re,4,26,8,0.3077,0,0.0526,-2.9747,1.0,0,0,0
tmqm_3480,Tc,5,29,11,0.3793,0,0.0526,-2.0229,1.0,0,0,1
tmqm_3481,Re,6,29,18,0.6207,0,0.0833,-3.401,1.0,0,0,0
tmqm_3482,Mn,7,29,18,0.6207,0,0.0833,0.8167,1.0,0,0,0
tmqm_3483,Re,2,20,9,0.45,0,0.0833,2.1712,1.0,0,0,0
tmqm_3484,Mn,8,29,17,0.5862,0,0.0769,4.56,1.0,0,0,0
tmqm_3485,Re,9,27,20,0.7407,0,0.125,5.2777,1.0,0,0,0
tmqm_3486,Re,6,29,13,0.4483,0,0.0588,-3.7507,1.0,0,0,0
tmqm_3487,Mn,6,29,22,0.7586,0,0.125,4.0199,1.0,0,0,0
tmqm_3488,Re,6,25,7,0.28,0,0.0526,-6.2829,1.0,0,0,0
tmqm_3489,Mn,10,25,18,0.72,0,0.125,4.1138,1.0,0,0,0
tmqm_3490,Re,6,29,10,0.3448,0,0.05,-4.4287,1.0,0,0,0
tmqm_3491,Mn,6,29,19,0.6552,0,0.0909,2.4475,1.0,0,0,0
tmqm_3492,Re,5,26,10,0.3846,0,0.0588,2.234,1.0,0,0,1
tmqm_3493,Mn,11,25,19,0.76,0,0.1429,7.6624,1.0,0,0,0
tmqm_3494,Mn,6,29,26,0.8966,0,0.25,3.4491,1.0,0,0,0
tmqm_3495,Mn,10,28,22,0.7857,0,0.1429,3.998,1.0,0,0,0
tmqm_3496,Re,6,29,16,0.5517,0,0.0714,-3.9789,1.0,0,0,0
tmqm_3497,Re,7,29,24,0.8276,0,0.1667,6.1412,1.0,0,0,0
tmqm_3498,Mn,6,29,24,0.8276,0,0.1667,2.5041,1.0,0,0,0
tmqm_3499,Re,8,29,15,0.5172,0,0.0667,-1.9799,1.0,0,0,0
tmqm_3500,Mn,6,29,25,0.8621,0,0.2,3.0368,1.0,0,0,0
tmqm_3501,Mn,5,29,21,0.7241,0,0.1111,1.2086,1.0,0,0,0
tmqm_3502,Mn,6,29,21,0.7241,0,0.1111,3.4526,1.0,0,0,0
tmqm_3503,Mn,7,29,24,0.8276,0,0.1667,0.3538,1.0,0,0,0
tmqm_3504,Re,8,29,18,0.6207,0,0.0833,-1.5688,1.0,0,0,0
tmqm_3505,Mn,10,25,19,0.76,0,0.1429,7.7933,1.0,0,0,0
tmqm_3506,Mn,8,29,16,0.5517,0,0.0714,2.6126,1.0,0,0,0
tmqm_3507,Re,8,29,15,0.5172,0,0.0667,-0.439,1.0,0,0,0
tmqm_3508,Re,6,29,12,0.4138,0,0.0556,-2.6416,1.0,0,0,0
tmqm_3509,Mn,9,29,20,0.6897,0,0.1,-0.2991,1.0,0,0,0
tmqm_3510,Re,7,29,18,0.6207,0,0.0833,5.5319,1.0,0,0,0
tmqm_3511,Re,6,29,15,0.5172,0,0.0667,-2.2941,1.0,0,0,0
tmqm_3512,Re,7,26,18,0.6923,0,0.1111,4.382,1.0,1,0,0
tmqm_3513,Re,8,29,21,0.7241,0,0.1111,-0.1128,1.0,0,0,0
tmqm_3514,Re,7,29,25,0.8621,0,0.2,7.4678,1.0,0,0,0
tmqm_3515,Mn,7,29,20,0.6897,0,0.1,1.2113,1.0,0,0,0
tmqm_3516,Mn,6,29,16,0.5517,0,0.0714,1.8588,1.0,0,0,0
tmqm_3517,Mn,6,29,18,0.6207,0,0.0833,2.253,1.0,0,0,0
tmqm_3518,Re,7,29,23,0.7931,0,0.1429,5.4321,1.0,0,0,0
tmqm_3519,Mn,7,29,16,0.5517,0,0.0714,-0.211,1.0,0,0,0
tmqm_3520,Re,6,29,15,0.5172,0,0.0667,-2.1191,1.0,0,0,0
tmqm_3521,Mn,9,29,10,0.3448,0,0.05,-2.4183,1.0,0,0,0
tmqm_3522,Re,8,29,21,0.7241,0,0.1111,-1.1355,1.0,0,0,0
tmqm_3523,Mn,8,29,23,0.7931,0,0.1429,4.4319,1.0,0,0,0
tmqm_3524,Re,6,29,14,0.4828,0,0.0625,-3.6985,1.0,0,0,0
tmqm_3525,Mn,10,25,24,0.96,0,0.5,5.8482,1.0,0,0,0
tmqm_3526,Re,7,29,18,0.6207,0,0.0833,6.5925,1.0,0,0,0
tmqm_3527,Re,6,29,10,0.3448,0,0.05,-2.1785,1.0,0,0,0
tmqm_3528,Re,6,29,15,0.5172,0,0.0667,-3.2812,1.0,0,0,0
tmqm_3529,Re,6,29,13,0.4483,0,0.0588,-3.5237,1.0,0,0,0
tmqm_3530,Re,10,25,16,0.64,0,0.1,-0.3171,1.0,0,0,0
tmqm_3531,Mn,6,29,23,0.7931,0,0.1429,3.4324,1.0,0,0,0
tmqm_3532,Mn,8,29,22,0.7586,0,0.125,4.9657,1.0,0,0,0
tmqm_3533,Mn,7,29,20,0.6897,0,0.1,1.1862,1.0,0,0,0
tmqm_3534,Mn,7,29,19,0.6552,0,0.0909,1.695,1.0,0,0,0
tmqm_3535,Re,7,29,22,0.7586,0,0.125,6.7137,1.0,0,0,0
tmqm_3536,Re,8,29,14,0.4828,0,0.0625,-1.7262,1.0,0,0,0
tmqm_3537,Re,5,27,13,0.4815,0,0.0667,3.3358,1.0,0,0,0
tmqm_3538,Re,3,26,12,0.4615,0,0.0667,1.7398,1.0,0,0,0
tmqm_3539,Re,8,29,20,0.6897,0,0.1,-1.3204,1.0,0,0,0
tmqm_3540,Tc,7,29,16,0.5517,0,0.0714,-0.9026,1.0,0,0,1
tmqm_3541,Re,6,29,18,0.6207,0,0.0833,-3.4263,1.0,0,0,0
tmqm_3542,Re,6,29,14,0.4828,0,0.0625,-1.8364,1.0,0,0,0
tmqm_3543,Re,7,29,25,0.8621,0,0.2,6.4926,1.0,0,0,0
tmqm_3544,Re,8,26,16,0.6154,0,0.0909,-3.1735,1.0,0,0,0
tmqm_3545,Re,6,27,8,0.2963,0,0.05,-4.0808,1.0,0,0,0
tmqm_3546,Tc,6,29,19,0.6552,0,0.0909,1.2082,1.0,0,0,0
tmqm_3547,Re,6,29,18,0.6207,0,0.0833,-1.681,1.0,0,0,0
tmqm_3548,Re,6,29,15,0.5172,0,0.0667,-2.6828,1.0,0,0,0
tmqm_3549,Re,6,29,14,0.4828,0,0.0625,-0.8926,1.0,1,0,0
tmqm_3550,Mn,8,27,14,0.5185,0,0.0714,3.3755,1.0,0,0,0
tmqm_3551,Mn,8,29,21,0.7241,0,0.1111,4.9523,1.0,0,0,0
tmqm_3552,Re,8,29,17,0.5862,0,0.0769,-1.1897,1.0,0,0,0
tmqm_3553,Re,6,29,9,0.3103,0,0.0476,-4.5556,1.0,0,0,0
tmqm_3554,Re,7,29,16,0.5517,0,0.0714,6.4712,1.0,0,0,0
tmqm_3555,Re,5,24,16,0.6667,0,0.1111,3.518,1.0,0,0,0
tmqm_3556,Mn,9,29,12,0.4138,0,0.0556,1.0087,1.0,0,0,0
tmqm_3557,Re,7,29,22,0.7586,0,0.125,7.4134,1.0,0,0,0
tmqm_3558,Mn,6,29,20,0.6897,0,0.1,4.1593,1.0,0,0,0
tmqm_3559,Re,6,29,12,0.4138,0,0.0556,-3.4987,1.0,1,0,0
tmqm_3560,Mn,7,29,15,0.5172,0,0.0667,0.2557,1.0,0,0,0
tmqm_3561,Mn,8,29,18,0.6207,0,0.0833,4.2012,1.0,0,0,0
tmqm_3562,Mn,4,26,11,0.4231,0,0.0625,-4.4268,1.0,0,0,0
tmqm_3563,Mn,7,29,20,0.6897,0,0.1,0.275,1.0,0,0,0
tmqm_3564,Re,5,27,15,0.5556,0,0.0769,3.8778,1.0,0,0,0
tmqm_3565,Re,6,29,14,0.4828,0,0.0625,-2.907,1.0,0,0,0
tmqm_3566,Re,8,29,19,0.6552,0,0.0909,-1.5028,1.0,0,0,0
tmqm_3567,Re,8,27,13,0.4815,0,0.0667,-2.4718,1.0,0,0,0
tmqm_3568,Re,8,26,7,0.2692,0,0.05,-3.6657,1.0,0,0,0
tmqm_3569,Re,8,26,10,0.3846,0,0.0588,-2.3217,1.0,0,0,0
tmqm_3570,Mn,6,26,10,0.3846,0,0.0588,2.4453,1.0,0,0,0
tmqm_3571,Mn,7,29,21,0.7241,0,0.1111,1.5261,1.0,0,0,0
tmqm_3572,Mn,7,29,21,0.7241,0,0.1111,1.2909,1.0,0,0,0
tmqm_3573,Mn,6,29,17,0.5862,0,0.0769,1.0422,1.0,0,0,0
tmqm_3574,Re,9,23,14,0.6087,0,0.1,3.1399,1.0,0,0,0
tmqm_3575,Re,6,26,12,0.4615,0,0.0667,-5.6882,1.0,0,0,0
tmqm_3576,Mn,8,26,16,0.6154,0,0.0909,5.2989,1.0,0,0,0
tmqm_3577,Re,6,29,8,0.2759,0,0.0455,-3.2656,1.0,0,0,0
tmqm_3578,Mn,9,26,14,0.5385,0,0.0769,-1.0522,1.0,0,0,0
tmqm_3579,Re,8,29,8,0.2759,0,0.0455,-2.7505,1.0,0,0,0
tmqm_3580,Mn,7,29,18,0.6207,0,0.0833,0.5433,1.0,0,0,0
tmqm_3581,Mn,8,29,23,0.7931,0,0.1429,3.5111,1.0,0,0,0
tmqm_3582,Re,8,27,15,0.5556,0,0.0769,-2.1925,1.0,0,0,0
tmqm_3583,Tc,6,29,11,0.3793,0,0.0526,-1.5879,1.0,0,0,0
tmqm_3584,Re,6,29,16,0.5517,0,0.0714,-3.3989,1.0,0,0,0
tmqm_3585,Re,6,29,11,0.3793,0,0.0526,-3.162,1.0,0,0,0
tmqm_3586,Mn,8,29,19,0.6552,0,0.0909,3.9662,1.0,0,0,0
tmqm_3587,Re,6,29,9,0.3103,0,0.0476,-3.8282,1.0,0,0,0
tmqm_3588,Re,7,29,25,0.8621,0,0.2,3.7431,1.0,0,0,0
tmqm_3589,Mn,6,29,17,0.5862,0,0.0769,2.6273,1.0,0,0,0
tmqm_3590,Re,6,29,9,0.3103,0,0.0476,-3.8218,1.0,0,0,0
tmqm_3591,Mn,7,29,20,0.6897,0,0.1,-1.0569,1.0,0,0,0
tmqm_3592,Mn,8,29,24,0.8276,0,0.1667,5.5944,1.0,0,0,0
tmqm_3593,Re,6,29,15,0.5172,0,0.0667,-3.339,1.0,0,0,0
tmqm_3594,Mn,6,29,23,0.7931,0,0.1429,2.1731,1.0,0,0,0
tmqm_3595,Mn,6,29,19,0.6552,0,0.0909,3.2684,1.0,0,0,0
tmqm_3596,Mn,7,29,18,0.6207,0,0.0833,0.1579,1.0,0,0,0
tmqm_3597,Re,7,29,18,0.6207,0,0.0833,5.6933,1.0,0,1,0
tmqm_3598,Re,7,29,19,0.6552,0,0.0909,6.1044,1.0,0,0,0
tmqm_3599,Tc,7,29,7,0.2414,0,0.0435,-3.2543,1.0,0,0,0
tmqm_3600,Re,7,29,26,0.8966,0,0.25,7.1465,1.0,0,0,0
tmqm_3601,Re,7,29,20,0.6897,0,0.1,6.5208,1.0,1,0,0
tmqm_3602,Mn,8,29,25,0.8621,0,0.2,4.2515,1.0,0,0,0
tmqm_3603,Re,6,29,12,0.4138,0,0.0556,-3.4031,1.0,0,1,0
tmqm_3604,Mn,9,29,20,0.6897,0,0.1,-0.1002,1.0,0,0,0
tmqm_3605,Re,7,29,27,0.931,0,0.3333,6.3613,1.0,0,0,0
tmqm_3606,Re,8,29,17,0.5862,0,0.0769,-0.513,1.0,0,0,0
tmqm_3607,Mn,7,27,14,0.5185,0,0.0714,-1.1544,1.0,0,0,0
tmqm_3608,Tc,6,29,15,0.5172,0,0.0667,-1.4094,1.0,0,0,0
tmqm_3609,Re,6,29,13,0.4483,0,0.0588,-3.2648,1.0,0,0,0
tmqm_3610,Re,8,29,13,0.4483,0,0.0588,-1.7291,1.0,0,0,0
tmqm_3611,Re,10,25,7,0.28,0,0.0526,-2.1307,1.0,0,0,0
tmqm_3612,Re,9,26,17,0.6538,0,0.1,3.5885,1.0,0,0,0
tmqm_3613,Re,7,29,24,0.8276,0,0.1667,5.6307,1.0,0,0,0
tmqm_3614,Mn,4,25,12,0.48,0,0.0714,-3.7046,1.0,0,0,0
tmqm_3615,Re,6,29,10,0.3448,0,0.05,-3.8169,1.0,0,0,0
tmqm_3616,Mn,6,29,23,0.7931,0,0.1429,3.2662,1.0,0,0,0
tmqm_3617,Re,6,29,18,0.6207,0,0.0833,-0.9378,1.0,0,0,0
tmqm_3618,Re,8,29,13,0.4483,0,0.0588,-1.9012,1.0,1,0,0
tmqm_3619,Mn,6,29,23,0.7931,0,0.1429,2.2314,1.0,0,0,0
tmqm_3620,Re,8,29,18,0.6207,0,0.0833,-0.5003,1.0,0,0,0
tmqm_3621,Re,6,29,15,0.5172,0,0.0667,-3.0251,1.0,1,0,0
tmqm_3622,Re,6,29,17,0.5862,0,0.0769,-2.9714,1.0,0,0,0
tmqm_3623,Mn,6,29,14,0.4828,0,0.0625,0.7369,1.0,0,0,0
tmqm_3624,Re,5,27,12,0.4444,0,0.0625,2.7994,1.0,0,0,0
tmqm_3625,Re,8,29,12,0.4138,0,0.0556,-1.545,1.0,0,0,0
tmqm_3626,Re,8,29,10,0.3448,0,0.05,-3.0242,1.0,0,0,0
tmqm_3627,Re,8,26,11,0.4231,0,0.0625,-2.9479,1.0,1,0,0
tmqm_3628,Mn,9,29,13,0.4483,0,0.0588,-1.5502,1.0,0,0,0
tmqm_3629,Re,6,29,13,0.4483,0,0.0588,-2.5093,1.0,0,0,0
tmqm_3630,Re,8,29,19,0.6552,0,0.0909,-1.5113,1.0,0,0,0
tmqm_3631,Re,8,26,13,0.5,0,0.0714,-1.7504,1.0,0,0,0
tmqm_3632,Re,6,26,6,0.2308,0,0.0476,-5.3783,1.0,0,0,0
tmqm_3633,Mn,7,29,16,0.5517,0,0.0714,-0.9436,1.0,0,0,0
tmqm_3634,Re,7,27,19,0.7037,0,0.1111,5.2391,1.0,0,0,0
tmqm_3635,Tc,5,26,9,0.3462,0,0.0556,-5.3743,1.0,0,0,0
tmqm_3636,Re,7,29,20,0.6897,0,0.1,6.1528,1.0,0,0,0
tmqm_3637,Re,6,29,13,0.4483,0,0.0588,-2.3589,1.0,0,0,0
tmqm_3638,Re,8,29,10,0.3448,0,0.05,-2.127,1.0,0,0,0
tmqm_3639,Re,6,29,11,0.3793,0,0.0526,-5.1484,1.0,0,0,0
tmqm_3640,Re,8,26,10,0.3846,0,0.0588,-2.2265,1.0,0,0,0
tmqm_3641,Re,6,29,12,0.4138,0,0.0556,-4.7013,1.0,0,0,0
tmqm_3642,Re,5,24,16,0.6667,0,0.1111,2.6212,1.0,0,0,0
tmqm_3643,Re,7,27,17,0.6296,0,0.0909,4.8298,1.0,0,0,0
tmqm_3644,Mn,9,29,19,0.6552,0,0.0909,-0.6331,1.0,0,0,0
tmqm_3645,Tc,7,29,19,0.6552,0,0.0909,-1.2632,1.0,0,0,0
tmqm_3646,Re,8,29,13,0.4483,0,0.0588,-1.7658,1.0,0,0,0
tmqm_3647,Mn,8,29,21,0.7241,0,0.1111,4.85,1.0,0,0,0
tmqm_3648,Mn,6,29,23,0.7931,0,0.1429,3.5369,1.0,0,0,0
tmqm_3649,Re,7,29,22,0.7586,0,0.125,6.5635,1.0,0,0,0
tmqm_3650,Re,7,29,20,0.6897,0,0.1,5.8019,1.0,0,1,0
tmqm_3651,Re,7,29,28,0.9655,0,0.5,7.16,1.0,0,0,0
tmqm_3652,Re,8,29,18,0.6207,0,0.0833,-2.6394,1.0,1,0,0
tmqm_3653,Tc,7,29,13,0.4483,0,0.0588,-3.0417,1.0,0,0,0
tmqm_3654,Mn,6,29,25,0.8621,0,0.2,3.5844,1.0,0,0,0
tmqm_3655,Re,6,27,12,0.4444,0,0.0625,-3.227,1.0,0,0,0
tmqm_3656,Re,6,29,14,0.4828,0,0.0625,-3.2125,1.0,0,0,0
tmqm_3657,Re,6,29,17,0.5862,0,0.0769,-2.7821,1.0,0,0,0
tmqm_3658,Mn,6,29,16,0.5517,0,0.0714,2.4632,1.0,0,0,0
tmqm_3659,Re,8,29,13,0.4483,0,0.0588,-2.0688,1.0,0,0,0
tmqm_3660,Re,6,29,15,0.5172,0,0.0667,-1.2741,1.0,1,0,0
tmqm_3661,Re,7,29,24,0.8276,0,0.1667,5.5489,1.0,1,0,0
tmqm_3662,Mn,8,29,20,0.6897,0,0.1,3.1923,1.0,0,0,0
tmqm_3663,Mn,6,29,21,0.7241,0,0.1111,2.9505,1.0,0,0,0
tmqm_3664,Re,7,29,25,0.8621,0,0.2,5.8254,1.0,0,0,0
tmqm_3665,Mn,7,29,23,0.7931,0,0.1429,-0.973,1.0,0,0,0
tmqm_3666,Re,10,25,7,0.28,0,0.0526,-1.6494,1.0,0,0,0
tmqm_3667,Tc,6,29,13,0.4483,0,0.0588,0.1039,1.0,0,0,0
tmqm_3668,Re,8,29,14,0.4828,0,0.0625,-2.3939,1.0,0,0,0
tmqm_3669,Re,7,29,16,0.5517,0,0.0714,6.1702,1.0,0,1,0
tmqm_3670,Mn,5,29,15,0.5172,0,0.0667,0.425,1.0,0,0,0
tmqm_3671,Mn,7,29,21,0.7241,0,0.1111,1.5088,1.0,0,0,0
tmqm_3672,Re,1,14,11,0.7857,0,0.25,-0.3682,1.0,0,0,0
tmqm_3673,Mn,7,29,14,0.4828,0,0.0625,-0.7433,1.0,0,0,0
tmqm_3674,Mn,10,25,14,0.56,0,0.0833,0.3689,1.0,0,0,0
tmqm_3675,Mn,8,29,15,0.5172,0,0.0667,3.9236,1.0,0,0,0
tmqm_3676,Mn,6,29,19,0.6552,0,0.0909,1.9376,1.0,0,0,0
tmqm_3677,Re,10,25,10,0.4,0,0.0625,-3.5757,1.0,0,0,0
tmqm_3678,Re,5,24,15,0.625,0,0.1,3.4717,1.0,0,0,0
tmqm_3679,Mn,6,29,20,0.6897,0,0.1,3.2546,1.0,0,0,0
tmqm_3680,Mn,7,29,23,0.7931,0,0.1429,0.9757,1.0,0,0,0
tmqm_3681,Re,6,29,14,0.4828,0,0.0625,-2.4796,1.0,0,0,0
tmqm_3682,Re,7,29,21,0.7241,0,0.1111,6.3882,1.0,0,0,0
tmqm_3683,Mn,8,29,20,0.6897,0,0.1,6.5002,1.0,0,0,0
tmqm_3684,Mn,8,29,20,0.6897,0,0.1,3.8446,1.0,0,0,0
tmqm_3685,Re,7,29,19,0.6552,0,0.0909,3.7202,1.0,0,0,0
tmqm_3686,Re,7,29,20,0.6897,0,0.1,6.5691,1.0,0,0,0
tmqm_3687,Re,7,29,25,0.8621,0,0.2,5.8224,1.0,0,0,0
tmqm_3688,Re,6,29,6,0.2069,0,0.0417,-5.1644,1.0,0,0,0
tmqm_3689,Re,6,29,11,0.3793,0,0.0526,0.1674,1.0,0,1,0
tmqm_3690,Re,6,26,4,0.1538,0,0.0435,-6.5022,1.0,0,0,0
tmqm_3691,Re,7,29,26,0.8966,0,0.25,6.2406,1.0,0,0,0
tmqm_3692,Mn,7,29,21,0.7241,0,0.1111,0.1997,1.0,0,0,0
tmqm_3693,Re,6,27,10,0.3704,0,0.0556,-4.4638,1.0,0,0,0
tmqm_3694,Mn,6,29,19,0.6552,0,0.0909,3.5918,1.0,0,0,0
tmqm_3695,Re,7,29,27,0.931,0,0.3333,4.83,1.0,0,0,0
tmqm_3696,Re,6,25,8,0.32,0,0.0556,-6.3356,1.0,0,0,0
tmqm_3697,Re,6,29,16,0.5517,0,0.0714,-2.3494,1.0,0,0,0
tmqm_3698,Re,8,29,17,0.5862,0,0.0769,-0.9809,1.0,0,0,0
tmqm_3699,Re,7,29,19,0.6552,0,0.0909,6.1479,1.0,0,0,0
tmqm_3700,Mn,8,29,21,0.7241,0,0.1111,5.0683,1.0,0,0,0
tmqm_3701,Re,6,29,10,0.3448,0,0.05,-4.7438,1.0,0,0,0
tmqm_3702,Re,7,29,27,0.931,0,0.3333,6.8725,1.0,0,0,1
tmqm_3703,Tc,6,27,15,0.5556,0,0.0769,-0.1842,1.0,0,0,0
tmqm_3704,Re,6,29,14,0.4828,0,0.0625,-3.9123,1.0,0,0,0
tmqm_3705,Mn,7,29,22,0.7586,0,0.125,0.7145,1.0,0,0,0
tmqm_3706,Mn,7,29,23,0.7931,0,0.1429,1.8369,1.0,0,0,0
tmqm_3707,Mn,6,29,25,0.8621,0,0.2,2.7402,1.0,0,0,0
tmqm_3708,Re,6,29,18,0.6207,0,0.0833,-2.7795,1.0,0,0,0
tmqm_3709,Mn,6,29,22,0.7586,0,0.125,3.0225,1.0,0,0,0
tmqm_3710,Mn,7,29,15,0.5172,0,0.0667,0.187,1.0,0,0,0
tmqm_3711,Re,7,29,19,0.6552,0,0.0909,6.0357,1.0,1,0,0
tmqm_3712,Mn,8,29,23,0.7931,0,0.1429,5.1176,1.0,0,0,0
tmqm_3713,Mn,8,29,21,0.7241,0,0.1111,2.9473,1.0,0,0,0
tmqm_3714,Re,6,29,17,0.5862,0,0.0769,-2.1614,1.0,0,0,0
tmqm_3715,Mn,6,29,21,0.7241,0,0.1111,2.9087,1.0,0,0,0
tmqm_3716,Mn,7,29,14,0.4828,0,0.0625,-0.6712,1.0,0,0,0
tmqm_3717,Re,6,29,16,0.5517,0,0.0714,-3.0917,1.0,0,0,0
tmqm_3718,Mn,10,25,13,0.52,0,0.0769,4.7376,1.0,0,0,0
tmqm_3719,Re,9,26,15,0.5769,0,0.0833,3.9284,1.0,0,0,0
tmqm_3720,Mn,7,29,11,0.3793,0,0.0526,-1.3795,1.0,0,0,0
tmqm_3721,Re,7,29,17,0.5862,0,0.0769,5.3236,1.0,0,0,0
tmqm_3722,Re,8,29,15,0.5172,0,0.0667,-2.8754,1.0,0,0,0
tmqm_3723,Re,8,29,17,0.5862,0,0.0769,-1.7968,1.0,0,0,0
tmqm_3724,Mn,6,29,17,0.5862,0,0.0769,3.2276,1.0,0,0,0
tmqm_3725,Re,10,25,8,0.32,0,0.0556,0.6065,1.0,0,0,0
tmqm_3726,Re,7,29,21,0.7241,0,0.1111,5.8716,1.0,0,0,0
tmqm_3727,Re,4,22,12,0.5455,0,0.0909,-3.6767,1.0,0,0,0
tmqm_3728,Re,8,29,21,0.7241,0,0.1111,-0.2951,1.0,0,0,0
tmqm_3729,Re,7,26,14,0.5385,0,0.0769,3.7049,1.0,0,0,0
tmqm_3730,Mn,8,29,16,0.5517,0,0.0714,4.4818,1.0,0,0,0
tmqm_3731,Re,6,29,7,0.2414,0,0.0435,-3.4743,1.0,0,0,0
tmqm_3732,Re,6,29,18,0.6207,0,0.0833,-2.3894,1.0,0,0,0
tmqm_3733,Mn,9,29,18,0.6207,0,0.0833,-0.2586,1.0,0,0,0
tmqm_3734,Mn,6,29,16,0.5517,0,0.0714,2.4953,1.0,0,0,0
tmqm_3735,Re,6,29,6,0.2069,0,0.0417,-5.0383,1.0,0,0,0
tmqm_3736,Mn,9,29,23,0.7931,0,0.1429,1.918,1.0,1,0,1
tmqm_3737,Re,9,29,20,0.6897,0,0.1,4.0175,1.0,0,0,0
tmqm_3738,Re,7,29,24,0.8276,0,0.1667,6.2374,1.0,0,0,0
tmqm_3739,Re,6,29,12,0.4138,0,0.0556,-2.7242,1.0,0,0,0
tmqm_3740,Re,7,27,18,0.6667,0,0.1,4.8696,1.0,0,0,0
tmqm_3741,Re,6,26,6,0.2308,0,0.0476,-4.5653,1.0,0,0,0
tmqm_3742,Re,7,29,23,0.7931,0,0.1429,6.4422,1.0,0,0,0
tmqm_3743,Mn,6,27,22,0.8148,0,0.1667,1.9014,1.0,0,0,0
tmqm_3744,Mn,6,29,16,0.5517,0,0.0714,3.7155,1.0,0,0,0
tmqm_3745,Mn,6,29,26,0.8966,0,0.25,3.574,1.0,0,0,0
tmqm_3746,Re,6,29,12,0.4138,0,0.0556,-4.5292,1.0,0,0,0
tmqm_3747,Re,8,29,20,0.6897,0,0.1,-1.5623,1.0,0,0,0
tmqm_3748,Mn,5,29,22,0.7586,0,0.125,2.2854,1.0,0,0,0
tmqm_3749,Re,8,29,18,0.6207,0,0.0833,-1.4087,1.0,0,0,0
tmqm_3750,Re,6,27,10,0.3704,0,0.0556,-4.0382,1.0,0,0,0
tmqm_3751,Mn,6,29,25,0.8621,0,0.2,2.8389,1.0,0,0,0
tmqm_3752,Re,7,29,26,0.8966,0,0.25,4.7993,1.0,0,0,0
tmqm_3753,Mn,6,29,24,0.8276,0,0.1667,2.1804,1.0,0,0,0
tmqm_3754,Re,9,26,22,0.8462,0,0.2,6.2416,1.0,0,0,0
tmqm_3755,Re,7,26,19,0.7308,0,0.125,2.2984,1.0,0,0,0
tmqm_3756,Re,6,29,18,0.6207,0,0.0833,-3.5658,1.0,0,0,0
tmqm_3757,Mn,7,29,21,0.7241,0,0.1111,1.0123,1.0,0,0,0
tmqm_3758,Re,7,29,20,0.6897,0,0.1,6.7966,1.0,0,0,0
tmqm_3759,Mn,9,26,15,0.5769,0,0.0833,-1.0893,1.0,0,0,0
tmqm_3760,Re,6,29,11,0.3793,0,0.0526,-4.4852,1.0,0,0,0
tmqm_3761,Mn,7,29,15,0.5172,0,0.0667,-0.1652,1.0,0,0,0
tmqm_3762,Re,7,27,22,0.8148,0,0.1667,7.4529,1.0,0,0,0
tmqm_3763,Re,6,29,15,0.5172,0,0.0667,-2.5812,1.0,0,0,0
tmqm_3764,Mn,6,29,24,0.8276,0,0.1667,5.0077,1.0,0,0,0
tmqm_3765,Re,6,26,5,0.1923,0,0.0455,-5.1084,1.0,0,0,0
tmqm_3766,Re,6,29,16,0.5517,0,0.0714,-2.9983,1.0,0,0,0
tmqm_3767,Mn,8,29,18,0.6207,0,0.0833,4.7129,1.0,0,0,0
tmqm_3768,Re,6,29,12,0.4138,0,0.0556,-2.3786,1.0,0,0,0
tmqm_3769,Re,7,29,25,0.8621,0,0.2,6.8646,1.0,0,0,0
tmqm_3770,Re,8,29,10,0.3448,0,0.05,-2.8418,1.0,0,0,0
tmqm_3771,Mn,6,29,19,0.6552,0,0.0909,3.2928,1.0,0,0,0
tmqm_3772,Re,8,29,13,0.4483,0,0.0588,-1.1881,1.0,0,0,0
tmqm_3773,Mn,10,25,15,0.6,0,0.0909,1.3755,1.0,0,0,0
tmqm_3774,Re,5,16,9,0.5625,0,0.125,0.0042,1.0,0,0,0
tmqm_3775,Mn,10,25,22,0.88,0,0.25,5.6448,1.0,0,0,0
tmqm_3776,Re,8,29,17,0.5862,0,0.0769,-2.6846,1.0,0,0,0
tmqm_3777,Mn,10,28,18,0.6429,0,0.0909,1.0103,1.0,0,0,0
tmqm_3778,Mn,6,29,17,0.5862,0,0.0769,1.764,1.0,0,0,0
tmqm_3779,Re,9,24,19,0.7917,0,0.1667,5.1486,1.0,0,0,0
tmqm_3780,Re,7,29,23,0.7931,0,0.1429,5.6751,1.0,0,0,0
tmqm_3781,Re,7,29,29,1.0,1,1.0,5.787,1.0,0,0,0
tmqm_3782,Re,8,29,18,0.6207,0,0.0833,-1.2571,1.0,0,0,0
tmqm_3783,Re,6,29,10,0.3448,0,0.05,-3.2164,1.0,0,0,0
tmqm_3784,Mn,10,25,17,0.68,0,0.1111,3.7587,1.0,0,0,0
tmqm_3785,Mn,9,29,18,0.6207,0,0.0833,-1.3877,1.0,0,0,0
tmqm_3786,Re,5,26,12,0.4615,0,0.0667,3.4124,1.0,0,0,0
tmqm_3787,Mn,8,29,15,0.5172,0,0.0667,2.0109,1.0,0,0,0
tmqm_3788,Mn,6,29,22,0.7586,0,0.125,5.0956,1.0,0,0,0
tmqm_3789,Tc,6,29,9,0.3103,0,0.0476,-0.8688,1.0,0,0,0
tmqm_3790,Tc,8,29,21,0.7241,0,0.1111,4.9576,1.0,0,0,0
tmqm_3791,Re,6,29,11,0.3793,0,0.0526,-2.4873,1.0,0,0,0
tmqm_3792,Mn,9,29,13,0.4483,0,0.0588,-0.5018,1.0,0,0,0
tmqm_3793,Re,7,29,18,0.6207,0,0.0833,5.8551,1.0,0,0,0
tmqm_3794,Re,7,29,28,0.9655,0,0.5,5.4167,1.0,0,0,0
tmqm_3795,Re,8,29,20,0.6897,0,0.1,-1.898,1.0,0,0,0
tmqm_3796,Mn,9,29,12,0.4138,0,0.0556,-1.627,1.0,0,0,0
tmqm_3797,Mn,4,26,10,0.3846,0,0.0588,-2.9387,1.0,0,0,0
tmqm_3798,Mn,6,29,22,0.7586,0,0.125,2.1299,1.0,0,0,0
tmqm_3799,Re,7,27,24,0.8889,0,0.25,5.8444,1.0,0,0,0
tmqm_3800,Re,6,29,11,0.3793,0,0.0526,-4.6697,1.0,0,0,0
tmqm_3801,Re,6,28,5,0.1786,0,0.0417,-5.4832,1.0,0,0,0
tmqm_3802,Re,6,29,8,0.2759,0,0.0455,-2.2355,1.0,0,0,0
tmqm_3803,Re,6,29,11,0.3793,0,0.0526,-2.6499,1.0,0,0,0
tmqm_3804,Re,7,29,18,0.6207,0,0.0833,5.1555,1.0,0,0,0
tmqm_3805,Re,6,29,16,0.5517,0,0.0714,-2.2296,1.0,0,0,0
tmqm_3806,Mn,10,28,14,0.5,0,0.0667,2.0678,1.0,0,0,0
tmqm_3807,Mn,6,29,19,0.6552,0,0.0909,3.281,1.0,0,0,0
tmqm_3808,Re,6,29,13,0.4483,0,0.0588,-2.9235,1.0,0,0,0
tmqm_3809,Mn,10,25,22,0.88,0,0.25,5.6294,1.0,1,0,0
tmqm_3810,Mn,6,29,18,0.6207,0,0.0833,2.4357,1.0,0,0,0
tmqm_3811,Re,7,29,21,0.7241,0,0.1111,4.8949,1.0,0,0,0
tmqm_3812,Re,6,29,17,0.5862,0,0.0769,-2.3878,1.0,0,0,0
tmqm_3813,Mn,10,25,15,0.6,0,0.0909,4.444,1.0,0,0,0
tmqm_3814,Mn,10,28,13,0.4643,0,0.0625,2.1634,1.0,0,0,0
tmqm_3815,Mn,8,29,21,0.7241,0,0.1111,4.0683,1.0,0,0,0
tmqm_3816,Tc,6,29,14,0.4828,0,0.0625,-0.203,1.0,0,0,0
tmqm_3817,Tc,6,29,14,0.4828,0,0.0625,3.3745,1.0,0,0,0
tmqm_3818,Re,7,29,17,0.5862,0,0.0769,5.2066,1.0,0,0,0
tmqm_3819,Re,6,27,7,0.2593,0,0.0476,-4.6756,1.0,0,0,0
tmqm_3820,Re,6,29,14,0.4828,0,0.0625,-3.3649,1.0,0,0,0
tmqm_3821,Re,7,29,21,0.7241,0,0.1111,6.2539,1.0,0,1,0
tmqm_3822,Re,6,29,17,0.5862,0,0.0769,-2.6634,1.0,0,0,0
tmqm_3823,Re,6,29,17,0.5862,0,0.0769,-3.2146,1.0,0,0,0
tmqm_3824,Mn,7,29,22,0.7586,0,0.125,0.9411,1.0,0,0,0
tmqm_3825,Mn,6,29,25,0.8621,0,0.2,3.0501,1.0,0,0,0
tmqm_3826,Re,8,29,10,0.3448,0,0.05,-2.4143,1.0,0,0,0
tmqm_3827,Re,8,29,12,0.4138,0,0.0556,-1.7647,1.0,0,0,0
tmqm_3828,Mn,10,25,11,0.44,0,0.0667,2.1517,1.0,0,0,0
tmqm_3829,Re,5,23,11,0.4783,0,0.0769,1.5095,1.0,0,0,0
tmqm_3830,Re,8,29,9,0.3103,0,0.0476,-2.4194,1.0,0,0,0
tmqm_3831,Re,6,29,6,0.2069,0,0.0417,-5.4721,1.0,0,0,0
tmqm_3832,Re,6,29,15,0.5172,0,0.0667,-1.8923,1.0,0,0,0
tmqm_3833,Tc,7,29,14,0.4828,0,0.0625,-2.3287,1.0,0,0,0
tmqm_3834,Re,6,29,16,0.5517,0,0.0714,-3.3718,1.0,1,0,0
tmqm_3835,Re,6,29,9,0.3103,0,0.0476,-4.1362,1.0,1,0,0
tmqm_3836,Mn,8,29,20,0.6897,0,0.1,5.0971,1.0,0,0,0
tmqm_3837,Re,6,27,5,0.1852,0,0.0435,-5.2462,1.0,0,0,0
tmqm_3838,Re,8,29,15,0.5172,0,0.0667,-2.3275,1.0,0,0,0
tmqm_3839,Mn,4,28,14,0.5,0,0.0667,-2.8643,1.0,0,0,0
tmqm_3840,Tc,7,29,22,0.7586,0,0.125,-0.5886,1.0,0,0,0
tmqm_3841,Re,7,29,26,0.8966,0,0.25,6.355,1.0,0,0,0
tmqm_3842,Mn,6,29,23,0.7931,0,0.1429,3.0214,1.0,0,0,0
tmqm_3843,Mn,8,29,21,0.7241,0,0.1111,4.347,1.0,0,0,0
tmqm_3844,Re,6,26,10,0.3846,0,0.0588,-4.5413,1.0,0,0,0
tmqm_3845,Re,6,29,10,0.3448,0,0.05,-4.4943,1.0,0,0,0
tmqm_3846,Re,11,25,15,0.6,0,0.0909,-0.5968,1.0,0,0,0
tmqm_3847,Re,6,29,10,0.3448,0,0.05,-2.7937,1.0,0,0,0
tmqm_3848,Mn,6,26,14,0.5385,0,0.0769,2.8519,1.0,0,0,0
tmqm_3849,Re,6,29,17,0.5862,0,0.0769,-3.12,1.0,0,0,1
tmqm_3850,Re,6,29,18,0.6207,0,0.0833,-3.3354,1.0,0,0,0
tmqm_3851,Re,7,29,17,0.5862,0,0.0769,6.2899,1.0,0,0,0
tmqm_3852,Re,7,29,19,0.6552,0,0.0909,4.8122,1.0,0,0,0
tmqm_3853,Re,10,25,13,0.52,0,0.0769,-3.9192,1.0,0,0,0
tmqm_3854,Re,6,29,14,0.4828,0,0.0625,-2.9204,1.0,0,0,0
tmqm_3855,Re,7,29,19,0.6552,0,0.0909,6.2519,1.0,0,0,0
tmqm_3856,Re,7,29,19,0.6552,0,0.0909,4.5777,1.0,0,0,0
tmqm_3857,Mn,8,27,10,0.3704,0,0.0556,2.8521,1.0,0,0,0
tmqm_3858,Re,6,29,18,0.6207,0,0.0833,-1.4676,1.0,0,0,0
tmqm_3859,Mn,11,28,25,0.8929,0,0.25,6.9831,1.0,0,0,0
tmqm_3860,Re,6,29,17,0.5862,0,0.0769,-1.377,1.0,0,0,0
tmqm_3861,Mn,7,29,23,0.7931,0,0.1429,0.8504,1.0,0,0,0
tmqm_3862,Re,6,29,15,0.5172,0,0.0667,-2.7439,1.0,0,0,0
tmqm_3863,Re,6,29,8,0.2759,0,0.0455,-3.2193,1.0,0,0,0
tmqm_3864,Re,6,29,18,0.6207,0,0.0833,-3.5177,1.0,0,0,0
tmqm_3865,Tc,5,27,9,0.3333,0,0.0526,-3.5439,1.0,0,0,0
tmqm_3866,Re,5,23,15,0.6522,0,0.1111,3.0032,1.0,0,0,0
tmqm_3867,Re,6,29,18,0.6207,0,0.0833,-2.9485,1.0,0,0,0
tmqm_3868,Re,8,29,18,0.6207,0,0.0833,-0.8244,1.0,0,0,0
tmqm_3869,Re,7,29,26,0.8966,0,0.25,5.7306,1.0,0,0,0
tmqm_3870,Tc,7,29,10,0.3448,0,0.05,-2.4925,1.0,0,0,0
tmqm_3871,Re,6,29,8,0.2759,0,0.0455,-4.63,1.0,0,0,0
tmqm_3872,Mn,8,29,25,0.8621,0,0.2,3.2792,1.0,0,0,0
tmqm_3873,Tc,9,29,15,0.5172,0,0.0667,2.1967,1.0,0,0,0
tmqm_3874,Mn,9,26,18,0.6923,0,0.1111,-1.7947,1.0,0,0,0
tmqm_3875,Re,8,29,17,0.5862,0,0.0769,-1.8535,1.0,0,0,0
tmqm_3876,Re,9,26,21,0.8077,0,0.1667,5.3572,1.0,0,0,0
tmqm_3877,Mn,6,29,20,0.6897,0,0.1,3.2053,1.0,0,0,0
tmqm_3878,Re,8,26,10,0.3846,0,0.0588,-3.6926,1.0,0,0,0
tmqm_3879,Mn,7,29,22,0.7586,0,0.125,0.9231,1.0,0,0,0
tmqm_3880,Re,7,29,19,0.6552,0,0.0909,5.7764,1.0,0,0,0
tmqm_3881,Re,6,29,13,0.4483,0,0.0588,-2.4896,1.0,0,0,0
tmqm_3882,Re,6,27,8,0.2963,0,0.05,-3.5914,1.0,0,0,1
tmqm_3883,Re,5,26,19,0.7308,0,0.125,3.359,1.0,0,0,0
tmqm_3884,Re,7,29,20,0.6897,0,0.1,6.26,1.0,0,0,0
tmqm_3885,Re,6,29,7,0.2414,0,0.0435,-3.7315,1.0,0,0,0
tmqm_3886,Re,7,29,26,0.8966,0,0.25,5.9543,1.0,0,0,0
tmqm_3887,Mn,6,29,22,0.7586,0,0.125,4.0915,1.0,0,0,0
tmqm_3888,Mn,8,29,19,0.6552,0,0.0909,4.957,1.0,0,0,0
tmqm_3889,Mn,9,29,13,0.4483,0,0.0588,-0.6479,1.0,0,0,0
tmqm_3890,Re,10,25,6,0.24,0,0.05,-2.2045,1.0,0,0,0
tmqm_3891,Re,6,29,17,0.5862,0,0.0769,-3.4648,1.0,0,0,0
tmqm_3892,Re,6,29,16,0.5517,0,0.0714,-2.9802,1.0,0,0,0
tmqm_3893,Mn,7,29,13,0.4483,0,0.0588,-0.4771,1.0,0,0,0
tmqm_3894,Mn,5,26,15,0.5769,0,0.0833,-1.4912,1.0,0,0,0
tmqm_3895,Mn,8,29,23,0.7931,0,0.1429,2.6764,1.0,0,0,0
tmqm_3896,Re,9,26,18,0.6923,0,0.1111,4.068,1.0,0,0,0
tmqm_3897,Mn,8,29,25,0.8621,0,0.2,5.0846,1.0,0,0,0
tmqm_3898,Re,6,29,15,0.5172,0,0.0667,-3.3055,1.0,1,1,0
tmqm_3899,Re,5,26,23,0.8846,0,0.25,3.4153,1.0,0,0,1
tmqm_3900,Re,7,29,18,0.6207,0,0.0833,5.7774,1.0,0,0,0
tmqm_3901,Re,6,16,5,0.3125,0,0.0833,-0.1881,1.0,0,0,0
tmqm_3902,Mn,7,29,18,0.6207,0,0.0833,-0.7521,1.0,0,0,0
tmqm_3903,Re,7,29,16,0.5517,0,0.0714,5.957,1.0,0,0,0
tmqm_3904,Re,6,29,13,0.4483,0,0.0588,-4.1176,1.0,0,0,0
tmqm_3905,Re,7,26,24,0.9231,0,0.3333,5.4058,1.0,0,0,0
tmqm_3906,Tc,8,29,25,0.8621,0,0.2,5.596,1.0,0,0,0
tmqm_3907,Re,5,24,18,0.75,0,0.1429,2.5324,1.0,0,0,0
tmqm_3908,Re,8,26,16,0.6154,0,0.0909,-3.4969,1.0,0,0,0
tmqm_3909,Mn,12,28,19,0.6786,0,0.1,5.9326,1.0,0,0,0
tmqm_3910,Re,6,29,16,0.5517,0,0.0714,-1.9299,1.0,0,0,1
tmqm_3911,Re,6,29,9,0.3103,0,0.0476,-5.2183,1.0,0,0,0
tmqm_3912,Re,10,25,2,0.08,0,0.0417,-3.2807,1.0,0,0,0
tmqm_3913,Mn,8,29,18,0.6207,0,0.0833,5.3575,1.0,0,0,0
tmqm_3914,Re,10,25,15,0.6,0,0.0909,-2.8415,1.0,0,0,0
tmqm_3915,Re,7,29,25,0.8621,0,0.2,5.7278,1.0,0,0,0
tmqm_3916,Re,4,22,12,0.5455,0,0.0909,-1.1981,1.0,0,0,0
tmqm_3917,Re,8,29,13,0.4483,0,0.0588,-2.9389,1.0,0,0,0
tmqm_3918,Re,6,29,16,0.5517,0,0.0714,-3.7095,1.0,0,0,0
tmqm_3919,Re,6,27,11,0.4074,0,0.0588,-5.0638,1.0,0,0,0
tmqm_3920,Mn,7,29,17,0.5862,0,0.0769,-1.937,1.0,0,0,0
tmqm_3921,Re,8,26,18,0.6923,0,0.1111,-3.3963,1.0,0,0,0
tmqm_3922,Re,6,29,13,0.4483,0,0.0588,-3.5882,1.0,0,0,0
tmqm_3923,Mn,6,29,16,0.5517,0,0.0714,3.2164,1.0,0,0,0
tmqm_3924,Mn,7,29,14,0.4828,0,0.0625,0.2151,1.0,0,0,0
tmqm_3925,Mn,8,29,22,0.7586,0,0.125,5.902,1.0,0,0,0
tmqm_3926,Re,7,29,25,0.8621,0,0.2,5.6775,1.0,0,0,0
tmqm_3927,Re,8,29,21,0.7241,0,0.1111,-2.2088,1.0,0,0,0
tmqm_3928,Mn,5,29,13,0.4483,0,0.0588,0.3897,1.0,0,0,0
tmqm_3929,Re,7,29,22,0.7586,0,0.125,6.28,1.0,1,0,0
tmqm_3930,Mn,6,26,14,0.5385,0,0.0769,3.6662,1.0,0,0,0
tmqm_3931,Re,6,29,16,0.5517,0,0.0714,-2.7143,1.0,0,0,0
tmqm_3932,Mn,9,29,18,0.6207,0,0.0833,-0.4761,1.0,0,0,0
tmqm_3933,Mn,6,29,18,0.6207,0,0.0833,2.4806,1.0,0,0,0
tmqm_3934,Re,5,26,13,0.5,0,0.0714,2.4228,1.0,0,0,0
tmqm_3935,Re,8,29,10,0.3448,0,0.05,-2.6871,1.0,0,0,0
tmqm_3936,Re,7,29,20,0.6897,0,0.1,6.1043,1.0,0,0,0
tmqm_3937,Re,6,29,12,0.4138,0,0.0556,-3.4792,1.0,0,0,0
tmqm_3938,Re,6,29,16,0.5517,0,0.0714,-2.2951,1.0,0,0,0
tmqm_3939,Re,8,29,13,0.4483,0,0.0588,-1.3354,1.0,0,0,0
tmqm_3940,Re,6,29,17,0.5862,0,0.0769,-2.1323,1.0,0,0,0
tmqm_3941,Mn,10,25,21,0.84,0,0.2,7.3914,1.0,0,0,0
tmqm_3942,Mn,6,29,20,0.6897,0,0.1,2.0642,1.0,0,0,0
tmqm_3943,Mn,10,28,14,0.5,0,0.0667,2.3042,1.0,0,0,0
tmqm_3944,Mn,8,29,14,0.4828,0,0.0625,1.7085,1.0,0,0,0
tmqm_3945,Re,8,29,18,0.6207,0,0.0833,-1.3503,1.0,0,0,0
tmqm_3946,Tc,9,26,15,0.5769,0,0.0833,1.6348,1.0,0,0,0
tmqm_3947,Mn,8,29,20,0.6897,0,0.1,3.2401,1.0,0,0,1
tmqm_3948,Mn,8,29,13,0.4483,0,0.0588,3.9508,1.0,0,0,0
tmqm_3949,Re,6,29,13,0.4483,0,0.0588,-3.2457,1.0,0,0,0
tmqm_3950,Mn,6,29,14,0.4828,0,0.0625,2.7501,1.0,0,0,0
tmqm_3951,Mn,6,29,19,0.6552,0,0.0909,3.1649,1.0,0,0,0
tmqm_3952,Re,6,29,17,0.5862,0,0.0769,-2.9727,1.0,0,0,0
tmqm_3953,Re,5,24,11,0.4583,0,0.0714,2.4403,1.0,0,0,0
tmqm_3954,Re,7,29,23,0.7931,0,0.1429,6.0105,1.0,0,0,0
tmqm_3955,Re,6,29,10,0.3448,0,0.05,-3.6358,1.0,0,0,0
tmqm_3956,Mn,6,29,19,0.6552,0,0.0909,2.8477,1.0,0,0,0
tmqm_3957,Re,6,29,15,0.5172,0,0.0667,-4.1339,1.0,0,1,0
tmqm_3958,Mn,10,25,12,0.48,0,0.0714,2.9635,1.0,0,0,0
tmqm_3959,Re,6,29,14,0.4828,0,0.0625,-4.6134,1.0,0,0,1
tmqm_3960,Mn,7,29,14,0.4828,0,0.0625,-1.9415,1.0,0,0,0
tmqm_3961,Mn,8,29,28,0.9655,0,0.5,3.4065,1.0,0,0,0
tmqm_3962,Re,6,26,10,0.3846,0,0.0588,-4.1945,1.0,0,0,0
tmqm_3963,Mn,6,27,25,0.9259,0,0.3333,5.0128,1.0,0,0,0
tmqm_3964,Mn,7,29,16,0.5517,0,0.0714,-1.3737,1.0,0,0,0
tmqm_3965,Re,6,29,11,0.3793,0,0.0526,-4.9084,1.0,0,0,0
tmqm_3966,Re,3,25,11,0.44,0,0.0667,3.4333,1.0,0,0,0
tmqm_3967,Mn,7,29,18,0.6207,0,0.0833,-0.3019,1.0,0,0,0
tmqm_3968,Mn,8,29,18,0.6207,0,0.0833,5.452,1.0,0,0,0
tmqm_3969,Re,6,29,16,0.5517,0,0.0714,-2.1516,1.0,0,0,0
tmqm_3970,Mn,6,29,14,0.4828,0,0.0625,1.9062,1.0,0,0,0
tmqm_3971,Re,8,26,5,0.1923,0,0.0455,-2.8741,1.0,0,0,0
tmqm_3972,Mn,8,29,16,0.5517,0,0.0714,4.4987,1.0,0,0,0
tmqm_3973,Mn,6,29,21,0.7241,0,0.1111,2.967,1.0,0,0,0
tmqm_3974,Mn,8,29,20,0.6897,0,0.1,6.1184,1.0,0,0,0
tmqm_3975,Mn,6,29,21,0.7241,0,0.1111,3.3375,1.0,0,0,0
tmqm_3976,Re,6,16,7,0.4375,0,0.1,0.68,1.0,0,0,0
tmqm_3977,Re,8,29,13,0.4483,0,0.0588,-1.4462,1.0,0,0,0
tmqm_3978,Re,7,29,27,0.931,0,0.3333,6.237,1.0,0,0,0
tmqm_3979,Re,7,29,21,0.7241,0,0.1111,4.7751,1.0,0,0,1
tmqm_3980,Mn,6,29,22,0.7586,0,0.125,3.7318,1.0,0,0,0
tmqm_3981,Mn,10,25,22,0.88,0,0.25,5.3699,1.0,0,0,0
tmqm_3982,Re,6,27,10,0.3704,0,0.0556,-4.7812,1.0,0,0,0
tmqm_3983,Re,6,29,8,0.2759,0,0.0455,-2.6179,1.0,0,0,0
tmqm_3984,Mn,6,29,20,0.6897,0,0.1,2.7748,1.0,0,0,0
tmqm_3985,Re,10,25,7,0.28,0,0.0526,-2.9512,1.0,0,0,0
tmqm_3986,Re,8,29,17,0.5862,0,0.0769,-2.2997,1.0,0,0,0
tmqm_3987,Mn,6,29,18,0.6207,0,0.0833,3.2999,1.0,0,0,0
tmqm_3988,Mn,6,29,22,0.7586,0,0.125,2.0384,1.0,1,0,0
tmqm_3989,Mn,6,29,17,0.5862,0,0.0769,4.7335,1.0,0,0,0
tmqm_3990,Re,7,29,18,0.6207,0,0.0833,4.4822,1.0,0,0,0
tmqm_3991,Re,7,29,17,0.5862,0,0.0769,5.4728,1.0,0,1,0
tmqm_3992,Re,10,25,5,0.2,0,0.0476,-2.7761,1.0,0,0,0
tmqm_3993,Re,6,29,15,0.5172,0,0.0667,-3.6672,1.0,0,0,0
tmqm_3994,Re,6,29,11,0.3793,0,0.0526,-2.1767,1.0,0,0,0
tmqm_3995,Mn,6,29,20,0.6897,0,0.1,3.2883,1.0,0,0,0
tmqm_3996,Tc,9,26,15,0.5769,0,0.0833,2.011,1.0,0,0,0
tmqm_3997,Re,8,29,18,0.6207,0,0.0833,-0.4549,1.0,0,0,0
tmqm_3998,Mn,10,25,17,0.68,0,0.1111,3.2223,1.0,0,0,0
tmqm_3999,Re,8,29,16,0.5517,0,0.0714,-2.6524,1.0,0,0,0
tmqm_4000,Re,7,29,21,0.7241,0,0.1111,5.1297,1.0,0,0,0
tmqm_4001,Re,6,29,18,0.6207,0,0.0833,-3.2951,1.0,0,0,0
tmqm_4002,Mn,8,29,21,0.7241,0,0.1111,5.2126,1.0,0,0,1
tmqm_4003,Re,4,22,13,0.5909,0,0.1,-4.4923,1.0,0,0,0
tmqm_4004,Mn,6,29,16,0.5517,0,0.0714,3.4909,1.0,0,0,0
tmqm_4005,Mn,9,29,19,0.6552,0,0.0909,0.8098,1.0,0,0,0
tmqm_4006,Re,8,29,10,0.3448,0,0.05,-2.2879,1.0,0,0,0
tmqm_4007,Re,5,26,10,0.3846,0,0.0588,2.9551,1.0,0,0,0
tmqm_4008,Re,4,22,8,0.3636,0,0.0667,-3.2734,1.0,0,0,0
tmqm_4009,Mn,6,16,0,0.0,0,0.0588,-1.0162,1.0,0,0,0
tmqm_4010,Re,7,29,28,0.9655,0,0.5,5.8532,1.0,0,0,0
tmqm_4011,Mn,5,26,17,0.6538,0,0.1,-0.1948,1.0,0,0,0
tmqm_4012,Mn,7,29,19,0.6552,0,0.0909,1.5469,1.0,0,0,0
tmqm_4013,Re,8,26,10,0.3846,0,0.0588,-2.2991,1.0,0,0,0
tmqm_4014,Re,7,29,18,0.6207,0,0.0833,5.5142,1.0,0,0,0
tmqm_4015,Mn,7,29,24,0.8276,0,0.1667,0.7666,1.0,0,0,0
tmqm_4016,Tc,6,29,20,0.6897,0,0.1,-0.21,1.0,0,0,0
tmqm_4017,Re,6,29,15,0.5172,0,0.0667,-3.0251,1.0,0,0,0
tmqm_4018,Mn,5,23,14,0.6087,0,0.1,-0.8421,1.0,0,0,0
tmqm_4019,Mn,8,29,25,0.8621,0,0.2,4.2843,1.0,0,0,0
tmqm_4020,Re,7,29,25,0.8621,0,0.2,5.2908,1.0,0,0,0
tmqm_4021,Re,7,29,24,0.8276,0,0.1667,4.9535,1.0,0,0,1
tmqm_4022,Mn,4,26,13,0.5,0,0.0714,-3.2907,1.0,0,0,0
tmqm_4023,Re,6,29,16,0.5517,0,0.0714,-3.7176,1.0,0,0,0
tmqm_4024,Re,6,29,11,0.3793,0,0.0526,-4.1614,1.0,0,0,0
tmqm_4025,Mn,8,29,14,0.4828,0,0.0625,3.1222,1.0,0,0,0
tmqm_4026,Mn,7,26,13,0.5,0,0.0714,0.1146,1.0,0,0,1
tmqm_4027,Re,8,27,13,0.4815,0,0.0667,-3.207,1.0,0,0,0
tmqm_4028,Re,4,16,6,0.375,0,0.0909,-0.1154,1.0,1,0,0
tmqm_4029,Re,6,29,13,0.4483,0,0.0588,-1.7536,1.0,0,0,0
tmqm_4030,Mn,8,29,20,0.6897,0,0.1,5.3342,1.0,0,0,0
tmqm_4031,Re,5,23,15,0.6522,0,0.1111,2.8742,1.0,0,0,0
tmqm_4032,Re,6,29,12,0.4138,0,0.0556,-4.3188,1.0,0,0,0
tmqm_4033,Re,6,29,13,0.4483,0,0.0588,-3.1738,1.0,0,0,0
tmqm_4034,Re,6,29,15,0.5172,0,0.0667,-2.3026,1.0,0,0,0
tmqm_4035,Re,6,29,14,0.4828,0,0.0625,-3.193,1.0,0,0,0
tmqm_4036,Re,9,26,15,0.5769,0,0.0833,2.2608,1.0,0,0,0
tmqm_4037,Mn,6,16,11,0.6875,0,0.1667,0.1997,1.0,0,0,0
tmqm_4038,Mn,6,29,16,0.5517,0,0.0714,3.4938,1.0,0,0,0
tmqm_4039,Re,6,29,17,0.5862,0,0.0769,-3.6265,1.0,0,0,0
tmqm_4040,Re,6,29,10,0.3448,0,0.05,-1.6992,1.0,0,0,0
tmqm_4041,Mn,6,29,19,0.6552,0,0.0909,2.7946,1.0,0,0,0
tmqm_4042,Mn,6,29,18,0.6207,0,0.0833,1.831,1.0,0,0,0
tmqm_4043,Re,8,29,15,0.5172,0,0.0667,-2.3217,1.0,0,0,0
tmqm_4044,Re,6,29,16,0.5517,0,0.0714,-1.7935,1.0,0,1,0
tmqm_4045,Re,11,25,18,0.72,0,0.125,-2.6634,1.0,0,0,0
tmqm_4046,Re,6,29,16,0.5517,0,0.0714,-3.2338,1.0,0,0,0
tmqm_4047,Re,7,29,17,0.5862,0,0.0769,6.1318,1.0,0,0,0
tmqm_4048,Mn,6,29,17,0.5862,0,0.0769,1.8213,1.0,0,0,0
tmqm_4049,Mn,7,29,18,0.6207,0,0.0833,-0.7669,1.0,0,0,0
tmqm_4050,Mn,4,26,12,0.4615,0,0.0667,-3.9884,1.0,0,0,0
tmqm_4051,Re,7,29,21,0.7241,0,0.1111,5.5376,1.0,0,0,0
tmqm_4052,Re,6,29,15,0.5172,0,0.0667,-3.4957,1.0,0,0,1
tmqm_4053,Re,6,29,17,0.5862,0,0.0769,-3.3989,1.0,0,0,0
tmqm_4054,Tc,8,29,22,0.7586,0,0.125,5.7844,1.0,1,0,0
tmqm_4055,Mn,8,29,16,0.5517,0,0.0714,4.5861,1.0,0,0,0
tmqm_4056,Re,7,29,26,0.8966,0,0.25,6.9398,1.0,0,0,0
tmqm_4057,Mn,10,25,16,0.64,0,0.1,5.1595,1.0,0,0,0
tmqm_4058,Re,6,29,16,0.5517,0,0.0714,-2.0629,1.0,0,0,0
tmqm_4059,Re,7,29,21,0.7241,0,0.1111,6.0592,1.0,0,0,0
tmqm_4060,Re,8,29,19,0.6552,0,0.0909,-2.3485,1.0,0,0,0
tmqm_4061,Tc,5,26,14,0.5385,0,0.0769,-2.2246,1.0,0,0,0
tmqm_4062,Re,7,29,19,0.6552,0,0.0909,5.104,1.0,0,0,0
tmqm_4063,Re,9,24,16,0.6667,0,0.1111,6.2143,1.0,0,0,0
tmqm_4064,Re,6,29,14,0.4828,0,0.0625,-3.5564,1.0,0,0,0
tmqm_4065,Re,12,28,12,0.4286,0,0.0588,-2.3359,1.0,0,0,0
tmqm_4066,Re,8,29,14,0.4828,0,0.0625,-2.259,1.0,0,0,0
tmqm_4067,Mn,8,27,14,0.5185,0,0.0714,2.926,1.0,0,0,0
tmqm_4068,Re,6,29,8,0.2759,0,0.0455,-3.2382,1.0,1,0,0
tmqm_4069,Mn,10,25,20,0.8,0,0.1667,4.5508,1.0,0,0,0
tmqm_4070,Mn,10,25,20,0.8,0,0.1667,5.5101,1.0,0,0,0
tmqm_4071,Re,6,29,11,0.3793,0,0.0526,-3.3847,1.0,0,0,0
tmqm_4072,Re,8,29,17,0.5862,0,0.0769,-1.2133,1.0,0,0,0
tmqm_4073,Mn,10,25,17,0.68,0,0.1111,3.6243,1.0,0,0,0
tmqm_4074,Re,8,29,15,0.5172,0,0.0667,-1.3602,1.0,0,0,0
tmqm_4075,Re,6,27,9,0.3333,0,0.0526,-2.3179,1.0,0,0,1
tmqm_4076,Mn,8,29,19,0.6552,0,0.0909,5.5151,1.0,0,0,0
tmqm_4077,Re,6,29,15,0.5172,0,0.0667,-4.1497,1.0,0,0,0
tmqm_4078,Mn,6,29,18,0.6207,0,0.0833,2.0166,1.0,0,0,0
tmqm_4079,Re,6,29,11,0.3793,0,0.0526,-4.5607,1.0,0,0,0
tmqm_4080,Re,7,29,28,0.9655,0,0.5,6.3713,1.0,0,0,0
tmqm_4081,Re,7,27,15,0.5556,0,0.0769,3.4878,1.0,0,0,0
tmqm_4082,Re,7,29,24,0.8276,0,0.1667,6.3498,1.0,0,0,0
tmqm_4083,Re,7,29,20,0.6897,0,0.1,6.0503,1.0,0,0,0
tmqm_4084,Re,6,29,17,0.5862,0,0.0769,-2.4803,1.0,0,0,0
tmqm_4085,Re,5,26,18,0.6923,0,0.1111,1.1898,1.0,0,0,0
tmqm_4086,Re,5,26,15,0.5769,0,0.0833,2.004,1.0,0,0,0
tmqm_4087,Re,7,29,23,0.7931,0,0.1429,5.0969,1.0,0,0,0
tmqm_4088,Mn,9,27,10,0.3704,0,0.0556,-2.7985,1.0,0,0,0
tmqm_4089,Re,7,29,23,0.7931,0,0.1429,6.4231,1.0,0,0,0
tmqm_4090,Re,9,23,19,0.8261,0,0.2,4.84,1.0,0,0,1
tmqm_4091,Re,6,27,5,0.1852,0,0.0435,-5.2544,1.0,0,0,0
tmqm_4092,Mn,4,26,7,0.2692,0,0.05,-3.655,1.0,0,0,0
tmqm_4093,Re,8,29,16,0.5517,0,0.0714,-1.5254,1.0,0,0,0
tmqm_4094,Re,6,26,11,0.4231,0,0.0625,-4.0035,1.0,0,0,0
tmqm_4095,Re,6,29,15,0.5172,0,0.0667,-2.1398,1.0,0,0,0
tmqm_4096,Mn,6,29,25,0.8621,0,0.2,3.1113,1.0,0,0,0
tmqm_4097,Re,8,29,15,0.5172,0,0.0667,-2.0683,1.0,0,0,0
tmqm_4098,Mn,6,29,26,0.8966,0,0.25,3.3278,1.0,0,0,0
tmqm_4099,Mn,9,29,7,0.2414,0,0.0435,-1.8955,1.0,1,0,0
tmqm_4100,Re,7,29,25,0.8621,0,0.2,6.6362,1.0,0,0,0
tmqm_4101,Mn,10,25,11,0.44,0,0.0667,1.4922,1.0,0,0,0
tmqm_4102,Re,6,29,14,0.4828,0,0.0625,-3.9923,1.0,0,0,0
tmqm_4103,Re,8,29,17,0.5862,0,0.0769,-2.0662,1.0,0,0,0
tmqm_4104,Mn,8,29,18,0.6207,0,0.0833,3.2482,1.0,0,0,0
tmqm_4105,Re,6,29,9,0.3103,0,0.0476,-2.6691,1.0,0,0,0
tmqm_4106,Re,7,29,14,0.4828,0,0.0625,6.0048,1.0,0,0,0
tmqm_4107,Re,6,29,17,0.5862,0,0.0769,-2.4818,1.0,0,0,0
tmqm_4108,Re,6,29,16,0.5517,0,0.0714,-3.2104,1.0,0,0,0
tmqm_4109,Tc,9,26,11,0.4231,0,0.0625,1.2042,1.0,0,0,0
tmqm_4110,Mn,7,29,14,0.4828,0,0.0625,-0.7699,1.0,0,0,0
tmqm_4111,Re,9,23,12,0.5217,0,0.0833,3.5942,1.0,0,0,0
tmqm_4112,Re,7,27,19,0.7037,0,0.1111,6.0345,1.0,0,0,0
tmqm_4113,Mn,7,29,10,0.3448,0,0.05,-1.1356,1.0,0,0,0
tmqm_4114,Tc,6,29,21,0.7241,0,0.1111,1.4951,1.0,0,0,0
tmqm_4115,Mn,6,16,0,0.0,0,0.0588,-0.9391,1.0,1,1,0
tmqm_4116,Tc,7,29,16,0.5517,0,0.0714,-1.9073,1.0,0,0,0
tmqm_4117,Mn,7,29,21,0.7241,0,0.1111,1.0591,1.0,0,0,0
tmqm_4118,Mn,10,25,15,0.6,0,0.0909,3.7575,1.0,0,0,0
tmqm_4119,Re,7,29,22,0.7586,0,0.125,6.3135,1.0,0,1,0
tmqm_4120,Mn,6,29,25,0.8621,0,0.2,3.438,1.0,0,0,0
tmqm_4121,Re,8,29,14,0.4828,0,0.0625,-1.1637,1.0,0,0,0
tmqm_4122,Mn,10,25,13,0.52,0,0.0769,2.7758,1.0,0,0,0
tmqm_4123,Mn,6,29,21,0.7241,0,0.1111,3.3047,1.0,0,0,0
tmqm_4124,Re,6,26,9,0.3462,0,0.0556,-5.6287,1.0,0,0,0
tmqm_4125,Mn,7,29,18,0.6207,0,0.0833,1.0403,1.0,0,0,0
tmqm_4126,Mn,8,29,13,0.4483,0,0.0588,3.7133,1.0,1,0,0
tmqm_4127,Re,7,27,14,0.5185,0,0.0714,4.7677,1.0,0,0,0
tmqm_4128,Re,6,26,10,0.3846,0,0.0588,-4.1797,1.0,0,0,0
tmqm_4129,Mn,6,29,16,0.5517,0,0.0714,3.9157,1.0,0,0,0
tmqm_4130,Mn,6,29,25,0.8621,0,0.2,4.5683,1.0,0,0,0
tmqm_4131,Mn,6,29,18,0.6207,0,0.0833,2.9578,1.0,0,0,0
tmqm_4132,Mn,8,29,22,0.7586,0,0.125,4.8244,1.0,0,0,0
tmqm_4133,Re,7,29,18,0.6207,0,0.0833,5.645,1.0,0,0,0
tmqm_4134,Re,8,29,17,0.5862,0,0.0769,-2.4735,1.0,0,0,0
tmqm_4135,Re,5,27,15,0.5556,0,0.0769,1.2389,1.0,0,0,0
tmqm_4136,Re,6,29,10,0.3448,0,0.05,-3.5972,1.0,0,0,0
tmqm_4137,Mn,9,29,18,0.6207,0,0.0833,-1.1235,1.0,0,0,0
tmqm_4138,Re,7,29,26,0.8966,0,0.25,6.6358,1.0,0,0,0
tmqm_4139,Re,12,28,10,0.3571,0,0.0526,-4.571,1.0,0,0,0
tmqm_4140,Re,6,29,10,0.3448,0,0.05,-3.9411,1.0,0,0,0
tmqm_4141,Re,8,29,20,0.6897,0,0.1,-1.9752,1.0,0,0,0
tmqm_4142,Re,8,29,17,0.5862,0,0.0769,-1.8049,1.0,0,0,0
tmqm_4143,Re,6,27,12,0.4444,0,0.0625,-4.9617,1.0,0,0,0
tmqm_4144,Mn,6,29,21,0.7241,0,0.1111,2.9331,1.0,0,0,1
tmqm_4145,Re,7,29,17,0.5862,0,0.0769,5.6165,1.0,0,0,0
tmqm_4146,Mn,8,29,24,0.8276,0,0.1667,5.8999,1.0,0,0,0
tmqm_4147,Mn,8,29,21,0.7241,0,0.1111,5.3516,1.0,0,0,0
tmqm_4148,Mn,7,29,14,0.4828,0,0.0625,-1.5692,1.0,0,0,0
tmqm_4149,Re,7,29,19,0.6552,0,0.0909,4.0425,1.0,0,0,0
tmqm_4150,Re,6,29,17,0.5862,0,0.0769,-2.8342,1.0,0,0,0
tmqm_4151,Mn,7,29,22,0.7586,0,0.125,0.352,1.0,0,0,0
tmqm_4152,Re,6,29,16,0.5517,0,0.0714,-2.7853,1.0,0,0,0
tmqm_4153,Re,6,29,12,0.4138,0,0.0556,-0.4505,1.0,0,0,0
tmqm_4154,Re,6,27,9,0.3333,0,0.0526,-1.9692,1.0,0,0,0
tmqm_4155,Mn,8,29,24,0.8276,0,0.1667,3.266,1.0,0,0,0
tmqm_4156,Re,7,29,25,0.8621,0,0.2,5.0652,1.0,1,0,0
tmqm_4157,Re,6,27,8,0.2963,0,0.05,-2.9726,1.0,0,0,0
tmqm_4158,Re,10,25,15,0.6,0,0.0909,-1.9974,1.0,0,0,0
tmqm_4159,Re,6,29,16,0.5517,0,0.0714,-1.9376,1.0,0,0,0
tmqm_4160,Re,8,29,22,0.7586,0,0.125,-0.9522,1.0,0,0,0
tmqm_4161,Re,5,27,8,0.2963,0,0.05,2.5404,1.0,0,0,0
tmqm_4162,Re,6,29,13,0.4483,0,0.0588,-4.0551,1.0,0,0,0
tmqm_4163,Mn,7,29,18,0.6207,0,0.0833,1.1229,1.0,0,0,0
tmqm_4164,Mn,6,29,20,0.6897,0,0.1,4.2348,1.0,0,0,0
tmqm_4165,Re,8,29,17,0.5862,0,0.0769,-1.6726,1.0,0,0,0
tmqm_4166,Tc,6,29,17,0.5862,0,0.0769,1.9853,1.0,0,0,0
tmqm_4167,Mn,6,29,25,0.8621,0,0.2,3.8217,1.0,0,0,0
tmqm_4168,Re,6,29,9,0.3103,0,0.0476,-3.1933,1.0,0,0,1
tmqm_4169,Mn,9,29,8,0.2759,0,0.0455,-1.9641,1.0,0,0,0
tmqm_4170,Mn,8,29,21,0.7241,0,0.1111,4.5415,1.0,0,0,0
tmqm_4171,Re,7,27,21,0.7778,0,0.1429,6.1895,1.0,0,0,0
tmqm_4172,Re,6,29,11,0.3793,0,0.0526,-4.6158,1.0,0,0,0
tmqm_4173,Mn,4,25,8,0.32,0,0.0556,-4.225,1.0,0,0,0
tmqm_4174,Tc,6,29,14,0.4828,0,0.0625,-0.5228,1.0,0,0,0
tmqm_4175,Mn,10,25,16,0.64,0,0.1,3.6885,1.0,0,0,0
tmqm_4176,Re,8,29,16,0.5517,0,0.0714,-0.9053,1.0,0,0,0
tmqm_4177,Re,6,29,9,0.3103,0,0.0476,-3.861,1.0,0,0,0
tmqm_4178,Mn,7,29,20,0.6897,0,0.1,-0.2857,1.0,0,0,0
tmqm_4179,Re,8,29,17,0.5862,0,0.0769,-1.3982,1.0,0,0,0
tmqm_4180,Re,6,29,16,0.5517,0,0.0714,-1.6344,1.0,0,0,0
tmqm_4181,Re,6,29,18,0.6207,0,0.0833,-1.4862,1.0,0,0,0
tmqm_4182,Re,4,23,6,0.2609,0,0.0556,-5.8157,1.0,0,0,0
tmqm_4183,Mn,6,29,23,0.7931,0,0.1429,3.2412,1.0,0,0,0
tmqm_4184,Re,10,25,10,0.4,0,0.0625,-3.9625,1.0,0,0,0
tmqm_4185,Re,8,29,13,0.4483,0,0.0588,-3.4922,1.0,0,0,0
tmqm_4186,Re,6,27,15,0.5556,0,0.0769,-3.9532,1.0,0,0,0
tmqm_4187,Mn,8,29,16,0.5517,0,0.0714,4.7501,1.0,0,0,0
tmqm_4188,Re,6,29,12,0.4138,0,0.0556,-2.9968,1.0,0,0,0
tmqm_4189,Re,6,29,13,0.4483,0,0.0588,-2.8138,1.0,0,0,0
tmqm_4190,Mn,6,29,23,0.7931,0,0.1429,3.2655,1.0,0,0,0
tmqm_4191,Re,11,25,20,0.8,0,0.1667,-0.7337,1.0,0,0,0
tmqm_4192,Mn,6,29,18,0.6207,0,0.0833,2.4193,1.0,0,0,0
tmqm_4193,Mn,8,29,22,0.7586,0,0.125,5.4973,1.0,0,0,0
tmqm_4194,Re,6,29,15,0.5172,0,0.0667,0.4134,1.0,0,0,0
tmqm_4195,Re,6,29,6,0.2069,0,0.0417,-4.9607,1.0,0,0,0
tmqm_4196,Re,10,25,11,0.44,0,0.0667,-1.792,1.0,0,0,0
tmqm_4197,Re,7,29,22,0.7586,0,0.125,5.9378,1.0,0,0,0
tmqm_4198,Re,7,29,26,0.8966,0,0.25,6.6375,1.0,1,0,0
tmqm_4199,Mn,7,29,15,0.5172,0,0.0667,-1.4579,1.0,0,0,0
tmqm_4200,Re,8,29,15,0.5172,0,0.0667,-3.1012,1.0,0,0,0
tmqm_4201,Re,7,29,23,0.7931,0,0.1429,5.8291,1.0,0,0,0
tmqm_4202,Mn,6,29,21,0.7241,0,0.1111,2.9029,1.0,0,0,0
tmqm_4203,Mn,7,29,25,0.8621,0,0.2,-0.6282,1.0,0,0,0
tmqm_4204,Re,7,29,23,0.7931,0,0.1429,6.727,1.0,0,0,0
tmqm_4205,Re,7,29,27,0.931,0,0.3333,4.9252,1.0,0,0,0
tmqm_4206,Re,7,29,23,0.7931,0,0.1429,5.4455,1.0,0,0,0
tmqm_4207,Re,7,29,24,0.8276,0,0.1667,5.8729,1.0,0,0,0
tmqm_4208,Mn,5,29,15,0.5172,0,0.0667,1.7239,1.0,0,0,0
tmqm_4209,Re,6,29,17,0.5862,0,0.0769,1.4675,1.0,0,0,0
tmqm_4210,Re,6,29,9,0.3103,0,0.0476,-3.4647,1.0,0,0,0
tmqm_4211,Re,8,29,15,0.5172,0,0.0667,-2.1145,1.0,0,0,0
tmqm_4212,Re,7,29,26,0.8966,0,0.25,6.4602,1.0,0,0,0
tmqm_4213,Re,6,29,11,0.3793,0,0.0526,-3.6661,1.0,0,0,0
tmqm_4214,Re,7,29,21,0.7241,0,0.1111,6.1817,1.0,0,1,0
tmqm_4215,Mn,6,29,18,0.6207,0,0.0833,1.9157,1.0,0,0,0
tmqm_4216,Re,6,29,15,0.5172,0,0.0667,-3.3293,1.0,0,0,0
tmqm_4217,Re,6,29,16,0.5517,0,0.0714,-1.5655,1.0,0,0,0
tmqm_4218,Re,6,26,11,0.4231,0,0.0625,-6.039,1.0,0,0,0
tmqm_4219,Re,6,29,12,0.4138,0,0.0556,-2.2091,1.0,0,0,0
tmqm_4220,Mn,6,29,18,0.6207,0,0.0833,3.6815,1.0,0,0,0
tmqm_4221,Re,6,27,5,0.1852,0,0.0435,-4.9122,1.0,0,0,1
tmqm_4222,Re,7,27,25,0.9259,0,0.3333,6.8397,1.0,0,0,0
tmqm_4223,Mn,9,29,11,0.3793,0,0.0526,-2.0162,1.0,0,0,0
tmqm_4224,Mn,6,29,14,0.4828,0,0.0625,3.1194,1.0,0,0,0
tmqm_4225,Mn,7,29,21,0.7241,0,0.1111,0.2318,1.0,0,0,0
tmqm_4226,Re,5,26,21,0.8077,0,0.1667,1.931,1.0,0,0,0
tmqm_4227,Re,6,29,16,0.5517,0,0.0714,-3.481,1.0,0,0,0
tmqm_4228,Tc,5,29,10,0.3448,0,0.05,-2.9657,1.0,0,0,0
tmqm_4229,Mn,4,26,10,0.3846,0,0.0588,-1.4974,1.0,0,0,0
tmqm_4230,Re,6,29,14,0.4828,0,0.0625,-3.8668,1.0,0,0,0
tmqm_4231,Re,7,29,20,0.6897,0,0.1,6.1565,1.0,0,0,0
tmqm_4232,Re,7,29,24,0.8276,0,0.1667,6.268,1.0,0,0,0
tmqm_4233,Re,7,27,19,0.7037,0,0.1111,6.2881,1.0,0,0,0
tmqm_4234,Mn,8,29,25,0.8621,0,0.2,3.2818,1.0,0,0,0
tmqm_4235,Mn,9,29,20,0.6897,0,0.1,-0.9637,1.0,0,0,0
tmqm_4236,Mn,9,29,18,0.6207,0,0.0833,-1.7326,1.0,0,0,0
tmqm_4237,Mn,6,29,18,0.6207,0,0.0833,2.373,1.0,0,0,0
tmqm_4238,Mn,7,29,18,0.6207,0,0.0833,0.1976,1.0,0,0,0
tmqm_4239,Re,6,29,14,0.4828,0,0.0625,-3.1868,1.0,1,0,0
tmqm_4240,Tc,9,27,13,0.4815,0,0.0667,2.6719,1.0,0,0,0
tmqm_4241,Re,8,29,15,0.5172,0,0.0667,0.2341,1.0,0,0,0
tmqm_4242,Re,6,29,16,0.5517,0,0.0714,-1.9287,1.0,0,0,0
tmqm_4243,Re,7,29,25,0.8621,0,0.2,6.703,1.0,0,0,0
tmqm_4244,Re,7,29,24,0.8276,0,0.1667,6.3677,1.0,1,0,0
tmqm_4245,Mn,9,29,15,0.5172,0,0.0667,-1.433,1.0,0,0,0
tmqm_4246,Tc,6,29,14,0.4828,0,0.0625,0.3499,1.0,0,0,0
tmqm_4247,Re,8,29,18,0.6207,0,0.0833,-1.0111,1.0,0,0,0
tmqm_4248,Re,5,29,22,0.7586,0,0.125,4.3641,1.0,0,0,0
tmqm_4249,Re,6,16,12,0.75,0,0.2,0.4128,1.0,0,0,0
tmqm_4250,Re,5,27,18,0.6667,0,0.1,2.5642,1.0,0,0,0
tmqm_4251,Mn,6,29,14,0.4828,0,0.0625,3.1371,1.0,0,0,0
tmqm_4252,Mn,6,29,22,0.7586,0,0.125,2.7426,1.0,0,0,0
tmqm_4253,Re,6,29,18,0.6207,0,0.0833,-2.3602,1.0,0,0,0
tmqm_4254,Mn,8,29,22,0.7586,0,0.125,4.793,1.0,1,0,0
tmqm_4255,Re,8,29,17,0.5862,0,0.0769,-0.6517,1.0,0,0,1
tmqm_4256,Mn,6,29,19,0.6552,0,0.0909,2.1972,1.0,0,0,0
tmqm_4257,Mn,6,29,19,0.6552,0,0.0909,2.9686,1.0,0,0,0
tmqm_4258,Re,5,26,15,0.5769,0,0.0833,1.7693,1.0,0,0,0
tmqm_4259,Re,5,27,14,0.5185,0,0.0714,1.6494,1.0,0,0,0
tmqm_4260,Re,6,29,14,0.4828,0,0.0625,-2.9215,1.0,0,0,0
tmqm_4261,Mn,7,29,16,0.5517,0,0.0714,-0.4354,1.0,0,0,0
tmqm_4262,Re,7,29,24,0.8276,0,0.1667,6.8845,1.0,0,0,0
tmqm_4263,Re,6,29,8,0.2759,0,0.0455,-3.783,1.0,0,0,0
tmqm_4264,Tc,5,27,16,0.5926,0,0.0833,-0.5992,1.0,0,0,0
tmqm_4265,Re,6,29,16,0.5517,0,0.0714,-2.2872,1.0,0,1,0
tmqm_4266,Re,6,29,12,0.4138,0,0.0556,0.6225,1.0,0,0,1
tmqm_4267,Re,6,29,18,0.6207,0,0.0833,-3.9636,1.0,0,0,0
tmqm_4268,Re,6,29,13,0.4483,0,0.0588,-2.5152,1.0,0,0,0
tmqm_4269,Mn,7,29,15,0.5172,0,0.0667,-0.8628,1.0,0,0,0
tmqm_4270,Re,10,25,15,0.6,0,0.0909,-1.0745,1.0,1,0,0
tmqm_4271,Re,6,29,9,0.3103,0,0.0476,-4.3244,1.0,0,0,0
tmqm_4272,Re,7,29,25,0.8621,0,0.2,5.7362,1.0,0,0,0
tmqm_4273,Re,7,27,26,0.963,0,0.5,5.7781,1.0,0,0,0
tmqm_4274,Mn,8,29,23,0.7931,0,0.1429,4.7023,1.0,0,0,0
tmqm_4275,Mn,6,29,22,0.7586,0,0.125,3.0172,1.0,0,0,0
tmqm_4276,Re,7,29,24,0.8276,0,0.1667,5.2422,1.0,0,0,0
tmqm_4277,Re,6,29,9,0.3103,0,0.0476,-2.9434,1.0,0,0,0
tmqm_4278,Mn,6,29,24,0.8276,0,0.1667,3.7451,1.0,0,0,0
tmqm_4279,Mn,7,29,18,0.6207,0,0.0833,1.4951,1.0,0,0,0
tmqm_4280,Re,6,29,13,0.4483,0,0.0588,-2.8472,1.0,0,0,0
tmqm_4281,Re,5,27,14,0.5185,0,0.0714,2.9444,1.0,0,0,0
tmqm_4282,Re,6,29,10,0.3448,0,0.05,-4.5965,1.0,0,1,0
tmqm_4283,Re,6,29,14,0.4828,0,0.0625,-2.4092,1.0,0,0,0
tmqm_4284,Re,6,29,13,0.4483,0,0.0588,-4.036,1.0,0,0,0
tmqm_4285,Re,8,29,18,0.6207,0,0.0833,-1.9838,1.0,0,0,0
tmqm_4286,Mn,6,29,22,0.7586,0,0.125,2.1347,1.0,0,0,0
tmqm_4287,Re,6,29,15,0.5172,0,0.0667,-2.4804,1.0,0,0,0
tmqm_4288,Mn,9,29,21,0.7241,0,0.1111,-0.0159,1.0,0,0,0
tmqm_4289,Re,6,29,11,0.3793,0,0.0526,-1.8379,1.0,0,0,0
tmqm_4290,Re,8,29,18,0.6207,0,0.0833,-1.3957,1.0,0,0,0
tmqm_4291,Mn,6,29,24,0.8276,0,0.1667,2.2176,1.0,1,0,0
tmqm_4292,Mn,6,29,22,0.7586,0,0.125,2.4977,1.0,0,0,0
tmqm_4293,Re,6,29,12,0.4138,0,0.0556,-1.2597,1.0,0,0,0
tmqm_4294,Re,8,27,14,0.5185,0,0.0714,-2.8739,1.0,0,0,0
tmqm_4295,Tc,9,26,15,0.5769,0,0.0833,2.309,1.0,0,0,0
tmqm_4296,Mn,10,28,24,0.8571,0,0.2,2.9733,1.0,0,0,0
tmqm_4297,Mn,7,29,20,0.6897,0,0.1,-0.768,1.0,0,0,0
tmqm_4298,Mn,7,29,22,0.7586,0,0.125,0.5696,1.0,0,0,0
tmqm_4299,Re,10,26,14,0.5385,0,0.0769,-1.5321,1.0,0,0,0
tmqm_4300,Mn,8,29,18,0.6207,0,0.0833,4.5984,1.0,0,0,0
tmqm_4301,Mn,6,29,23,0.7931,0,0.1429,3.2711,1.0,1,0,0
tmqm_4302,Re,6,29,11,0.3793,0,0.0526,-3.9803,1.0,0,0,0
tmqm_4303,Mn,5,28,17,0.6071,0,0.0833,-0.4326,1.0,0,0,0
tmqm_4304,Mn,10,28,10,0.3571,0,0.0526,0.49,1.0,0,0,0
tmqm_4305,Re,8,27,17,0.6296,0,0.0909,-2.3658,1.0,0,0,0
tmqm_4306,Mn,7,29,15,0.5172,0,0.0667,0.1063,1.0,0,0,0
tmqm_4307,Mn,6,29,24,0.8276,0,0.1667,4.0914,1.0,0,0,0
tmqm_4308,Re,7,29,26,0.8966,0,0.25,5.4629,1.0,0,0,0
tmqm_4309,Tc,6,29,18,0.6207,0,0.0833,0.7931,1.0,0,0,1
tmqm_4310,Re,5,27,13,0.4815,0,0.0667,2.524,1.0,0,0,0
tmqm_4311,Mn,6,29,21,0.7241,0,0.1111,2.7921,1.0,0,0,0
tmqm_4312,Re,7,29,23,0.7931,0,0.1429,4.9575,1.0,0,0,0
tmqm_4313,Re,6,29,17,0.5862,0,0.0769,-2.586,1.0,0,0,1
tmqm_4314,Re,7,29,27,0.931,0,0.3333,6.1556,1.0,0,0,0
tmqm_4315,Mn,8,29,19,0.6552,0,0.0909,3.3071,1.0,0,0,0
tmqm_4316,Mn,6,29,21,0.7241,0,0.1111,2.4905,1.0,0,0,0
tmqm_4317,Re,6,29,13,0.4483,0,0.0588,-4.7651,1.0,0,0,0
tmqm_4318,Mn,8,29,18,0.6207,0,0.0833,4.3423,1.0,0,0,0
tmqm_4319,Mn,7,29,20,0.6897,0,0.1,2.2165,1.0,0,0,0
tmqm_4320,Re,8,29,13,0.4483,0,0.0588,-2.1483,1.0,0,0,0
tmqm_4321,Re,6,27,5,0.1852,0,0.0435,-5.8691,1.0,0,0,0
tmqm_4322,Re,5,24,20,0.8333,0,0.2,2.508,1.0,0,0,0
tmqm_4323,Re,6,29,18,0.6207,0,0.0833,-1.3211,1.0,0,0,0
tmqm_4324,Re,8,26,4,0.1538,0,0.0435,-3.7118,1.0,0,0,0
tmqm_4325,Tc,7,29,15,0.5172,0,0.0667,-0.379,1.0,0,0,0
tmqm_4326,Re,8,26,15,0.5769,0,0.0833,-3.1066,1.0,0,0,0
tmqm_4327,Re,6,29,8,0.2759,0,0.0455,-4.5039,1.0,0,0,0
tmqm_4328,Re,6,29,11,0.3793,0,0.0526,-2.2592,1.0,0,0,0
tmqm_4329,Mn,8,26,21,0.8077,0,0.1667,4.2543,1.0,0,0,0
tmqm_4330,Re,6,29,13,0.4483,0,0.0588,-3.3995,1.0,0,0,0
tmqm_4331,Re,10,25,11,0.44,0,0.0667,-1.8944,1.0,0,0,0
tmqm_4332,Re,7,29,20,0.6897,0,0.1,5.3671,1.0,0,0,0
tmqm_4333,Re,6,29,15,0.5172,0,0.0667,-1.6815,1.0,0,0,0
tmqm_4334,Re,6,29,18,0.6207,0,0.0833,-2.6317,1.0,0,0,0
tmqm_4335,Re,6,29,7,0.2414,0,0.0435,-2.9657,1.0,0,0,0
tmqm_4336,Tc,6,16,4,0.25,0,0.0769,-0.3706,1.0,0,1,0
tmqm_4337,Re,6,29,14,0.4828,0,0.0625,-2.8687,1.0,0,1,0
tmqm_4338,Mn,7,29,22,0.7586,0,0.125,1.4904,1.0,0,0,0
tmqm_4339,Mn,7,29,20,0.6897,0,0.1,0.0566,1.0,0,0,0
tmqm_4340,Re,6,29,12,0.4138,0,0.0556,-2.6153,1.0,0,0,1
tmqm_4341,Re,6,29,9,0.3103,0,0.0476,-3.6594,1.0,0,0,0
tmqm_4342,Tc,9,26,17,0.6538,0,0.1,0.2334,1.0,0,0,0
tmqm_4343,Mn,9,29,17,0.5862,0,0.0769,-0.5161,1.0,0,0,0
tmqm_4344,Re,7,29,19,0.6552,0,0.0909,6.7038,1.0,0,0,0
tmqm_4345,Mn,8,29,23,0.7931,0,0.1429,4.3271,1.0,0,0,0
tmqm_4346,Re,6,29,6,0.2069,0,0.0417,-4.9968,1.0,0,0,0
tmqm_4347,Re,6,29,15,0.5172,0,0.0667,-0.1533,1.0,0,0,0
tmqm_4348,Re,6,29,11,0.3793,0,0.0526,-1.8584,1.0,0,0,0
tmqm_4349,Mn,8,27,17,0.6296,0,0.0909,2.8158,1.0,0,0,0
tmqm_4350,Mn,7,29,14,0.4828,0,0.0625,-0.3083,1.0,0,0,0
tmqm_4351,Re,6,26,10,0.3846,0,0.0588,-4.6525,1.0,0,1,0
tmqm_4352,Mn,7,26,13,0.5,0,0.0714,-0.4296,1.0,0,0,0
tmqm_4353,Re,6,29,9,0.3103,0,0.0476,-4.3227,1.0,0,0,0
tmqm_4354,Re,7,29,19,0.6552,0,0.0909,5.312,1.0,0,0,0
tmqm_4355,Re,6,27,15,0.5556,0,0.0769,-4.2464,1.0,0,0,0
tmqm_4356,Mn,6,29,20,0.6897,0,0.1,3.2406,1.0,0,0,0
tmqm_4357,Re,6,29,15,0.5172,0,0.0667,-4.1496,1.0,0,0,0
tmqm_4358,Re,7,27,17,0.6296,0,0.0909,5.0975,1.0,0,0,0
tmqm_4359,Re,7,27,22,0.8148,0,0.1667,5.9482,1.0,0,0,0
tmqm_4360,Mn,7,29,20,0.6897,0,0.1,0.5186,1.0,0,0,0
tmqm_4361,Mn,8,29,25,0.8621,0,0.2,4.7235,1.0,0,0,0
tmqm_4362,Mn,9,29,16,0.5517,0,0.0714,-0.6801,1.0,0,0,0
tmqm_4363,Re,6,29,11,0.3793,0,0.0526,-4.1363,1.0,0,0,0
tmqm_4364,Re,7,29,21,0.7241,0,0.1111,6.2633,1.0,0,0,0
tmqm_4365,Re,6,29,14,0.4828,0,0.0625,-2.2475,1.0,0,0,0
tmqm_4366,Re,7,29,24,0.8276,0,0.1667,7.1301,1.0,0,0,0
tmqm_4367,Re,6,27,12,0.4444,0,0.0625,-4.9147,1.0,0,0,0
tmqm_4368,Mn,6,29,18,0.6207,0,0.0833,3.1825,1.0,0,0,0
tmqm_4369,Re,5,14,6,0.4286,0,0.1111,-0.2205,1.0,0,1,0
tmqm_4370,Re,6,29,14,0.4828,0,0.0625,-1.7231,1.0,0,0,0
tmqm_4371,Tc,6,29,21,0.7241,0,0.1111,-0.3962,1.0,0,0,0
tmqm_4372,Re,8,29,16,0.5517,0,0.0714,-1.6765,1.0,0,0,0
tmqm_4373,Re,6,29,15,0.5172,0,0.0667,-2.694,1.0,0,0,0
tmqm_4374,Re,10,25,11,0.44,0,0.0667,-2.6979,1.0,0,0,0
tmqm_4375,Re,6,29,18,0.6207,0,0.0833,-2.117,1.0,0,0,0
tmqm_4376,Re,9,26,17,0.6538,0,0.1,3.8954,1.0,0,0,0
tmqm_4377,Re,6,29,16,0.5517,0,0.0714,-3.0809,1.0,0,0,0
tmqm_4378,Re,8,29,9,0.3103,0,0.0476,-3.3591,1.0,0,0,0
tmqm_4379,Re,7,29,23,0.7931,0,0.1429,5.8417,1.0,0,0,0
tmqm_4380,Re,5,26,18,0.6923,0,0.1111,0.9252,1.0,0,0,0
tmqm_4381,Re,3,25,9,0.36,0,0.0588,2.5104,1.0,0,0,0
tmqm_4382,Re,6,29,14,0.4828,0,0.0625,-3.1309,1.0,0,0,0
tmqm_4383,Re,6,29,17,0.5862,0,0.0769,-0.7761,1.0,0,0,0
tmqm_4384,Tc,5,27,6,0.2222,0,0.0455,-4.866,1.0,0,0,0
tmqm_4385,Re,8,29,12,0.4138,0,0.0556,-1.515,1.0,0,0,0
tmqm_4386,Mn,9,29,10,0.3448,0,0.05,-1.8893,1.0,0,0,0
tmqm_4387,Mn,7,29,12,0.4138,0,0.0556,0.1806,1.0,0,0,0
tmqm_4388,Re,6,29,9,0.3103,0,0.0476,-2.0886,1.0,1,0,0
tmqm_4389,Re,6,29,11,0.3793,0,0.0526,-4.4754,1.0,0,0,0
tmqm_4390,Mn,6,16,3,0.1875,0,0.0714,-0.6561,1.0,0,0,0
tmqm_4391,Re,8,27,10,0.3704,0,0.0556,-3.1705,1.0,0,0,0
tmqm_4392,Re,8,29,18,0.6207,0,0.0833,-2.0469,1.0,0,0,0
tmqm_4393,Re,6,26,6,0.2308,0,0.0476,-5.7336,1.0,0,0,1
tmqm_4394,Re,8,26,10,0.3846,0,0.0588,-3.4739,1.0,0,0,0
tmqm_4395,Re,6,29,8,0.2759,0,0.0455,-3.3581,1.0,0,0,0
tmqm_4396,Re,6,29,13,0.4483,0,0.0588,-2.8726,1.0,0,0,0
tmqm_4397,Tc,6,16,7,0.4375,0,0.1,-0.1605,1.0,0,0,0
tmqm_4398,Re,6,29,15,0.5172,0,0.0667,-3.2236,1.0,0,0,0
tmqm_4399,Re,7,29,22,0.7586,0,0.125,3.4335,1.0,0,0,0
tmqm_4400,Mn,6,29,16,0.5517,0,0.0714,1.8707,1.0,0,0,0
tmqm_4401,Re,6,29,11,0.3793,0,0.0526,-4.0196,1.0,0,0,0
tmqm_4402,Re,7,29,26,0.8966,0,0.25,3.562,1.0,0,0,0
tmqm_4403,Mn,6,29,27,0.931,0,0.3333,3.7112,1.0,0,0,0
tmqm_4404,Re,6,29,17,0.5862,0,0.0769,-0.5011,1.0,0,0,0
tmqm_4405,Re,6,29,10,0.3448,0,0.05,-3.3647,1.0,0,0,0
tmqm_4406,Re,9,26,19,0.7308,0,0.125,3.3263,1.0,0,0,0
tmqm_4407,Re,7,29,22,0.7586,0,0.125,6.5615,1.0,0,0,0
tmqm_4408,Mn,10,25,20,0.8,0,0.1667,3.7013,1.0,0,0,0
tmqm_4409,Mn,8,27,18,0.6667,0,0.1,2.9007,1.0,0,0,0
tmqm_4410,Re,4,25,13,0.52,0,0.0769,-5.6545,1.0,0,0,0
tmqm_4411,Tc,7,29,13,0.4483,0,0.0588,-2.5332,1.0,0,0,0
tmqm_4412,Re,8,29,17,0.5862,0,0.0769,-1.1832,1.0,1,0,0
tmqm_4413,Re,5,26,11,0.4231,0,0.0625,3.3388,1.0,0,0,0
tmqm_4414,Re,7,27,17,0.6296,0,0.0909,5.6478,1.0,0,0,0
tmqm_4415,Re,8,29,15,0.5172,0,0.0667,-2.2405,1.0,0,0,0
tmqm_4416,Re,7,29,19,0.6552,0,0.0909,6.3056,1.0,0,0,0
tmqm_4417,Re,5,27,20,0.7407,0,0.125,4.256,1.0,0,0,0
tmqm_4418,Tc,7,29,12,0.4138,0,0.0556,-2.3167,1.0,0,0,0
tmqm_4419,Re,6,14,10,0.7143,0,0.2,0.2605,1.0,0,0,0
tmqm_4420,Mn,9,26,15,0.5769,0,0.0833,0.4976,1.0,0,0,0
tmqm_4421,Mn,9,26,12,0.4615,0,0.0667,-2.301,1.0,0,0,0
tmqm_4422,Re,6,29,5,0.1724,0,0.04,-4.7628,1.0,0,0,0
tmqm_4423,Mn,6,29,21,0.7241,0,0.1111,2.1475,1.0,0,0,0
tmqm_4424,Mn,6,29,17,0.5862,0,0.0769,3.109,1.0,0,0,0
tmqm_4425,Mn,8,29,22,0.7586,0,0.125,4.8181,1.0,0,0,0
tmqm_4426,Mn,6,29,19,0.6552,0,0.0909,1.9383,1.0,0,0,0
tmqm_4427,Re,7,29,16,0.5517,0,0.0714,5.5548,1.0,0,0,0
tmqm_4428,Mn,6,29,22,0.7586,0,0.125,2.1353,1.0,0,0,0
tmqm_4429,Mn,5,23,16,0.6957,0,0.125,0.4679,1.0,0,0,0
tmqm_4430,Re,5,16,15,0.9375,0,0.5,0.5721,1.0,0,0,0
tmqm_4431,Re,5,26,15,0.5769,0,0.0833,1.8186,1.0,0,0,0
tmqm_4432,Tc,5,27,9,0.3333,0,0.0526,-2.8114,1.0,0,0,0
tmqm_4433,Mn,10,25,15,0.6,0,0.0909,2.4054,1.0,0,0,0
tmqm_4434,Re,5,26,12,0.4615,0,0.0667,1.6048,1.0,0,0,0
tmqm_4435,Mn,6,29,26,0.8966,0,0.25,1.0821,1.0,0,0,0
tmqm_4436,Re,7,29,22,0.7586,0,0.125,5.166,1.0,0,0,0
tmqm_4437,Re,6,29,16,0.5517,0,0.0714,-2.971,1.0,0,0,0
tmqm_4438,Mn,10,25,23,0.92,0,0.3333,4.5711,1.0,0,0,0
tmqm_4439,Mn,6,29,19,0.6552,0,0.0909,2.0681,1.0,0,0,0
tmqm_4440,Tc,6,29,12,0.4138,0,0.0556,-0.3254,1.0,0,0,0
tmqm_4441,Mn,6,29,18,0.6207,0,0.0833,3.1819,1.0,0,0,0
tmqm_4442,Mn,5,26,17,0.6538,0,0.1,-0.3775,1.0,0,0,0
tmqm_4443,Mn,7,29,10,0.3448,0,0.05,-0.9921,1.0,0,0,0
tmqm_4444,Re,8,29,16,0.5517,0,0.0714,-1.7107,1.0,0,0,0
tmqm_4445,Re,7,29,17,0.5862,0,0.0769,5.1448,1.0,0,0,0
tmqm_4446,Mn,5,26,19,0.7308,0,0.125,-1.0463,1.0,0,0,0
tmqm_4447,Mn,10,25,14,0.56,0,0.0833,2.716,1.0,0,0,0
tmqm_4448,Mn,6,29,18,0.6207,0,0.0833,2.6772,1.0,0,0,0
tmqm_4449,Mn,3,16,1,0.0625,0,0.0625,-0.6037,1.0,0,0,0
tmqm_4450,Re,6,29,15,0.5172,0,0.0667,-2.0474,1.0,0,0,0
tmqm_4451,Re,6,29,10,0.3448,0,0.05,-3.3675,1.0,0,0,0
tmqm_4452,Re,6,29,9,0.3103,0,0.0476,-4.4713,1.0,0,0,0
tmqm_4453,Mn,9,29,14,0.4828,0,0.0625,0.8509,1.0,1,0,0
tmqm_4454,Re,6,29,5,0.1724,0,0.04,-4.1916,1.0,0,0,0
tmqm_4455,Mn,7,29,16,0.5517,0,0.0714,-0.8062,1.0,0,0,0
tmqm_4456,Mn,9,26,16,0.6154,0,0.0909,-0.9306,1.0,0,0,0
tmqm_4457,Re,6,29,16,0.5517,0,0.0714,-1.4603,1.0,0,0,0
tmqm_4458,Mn,5,26,21,0.8077,0,0.1667,-0.4196,1.0,0,0,1
tmqm_4459,Mn,6,29,17,0.5862,0,0.0769,1.8755,1.0,0,0,0
tmqm_4460,Re,7,29,21,0.7241,0,0.1111,4.4796,1.0,0,0,0
tmqm_4461,Re,6,29,15,0.5172,0,0.0667,-2.5803,1.0,0,0,0
tmqm_4462,Re,5,27,17,0.6296,0,0.0909,4.4548,1.0,0,0,0
tmqm_4463,Re,11,28,10,0.3571,0,0.0526,-2.2871,1.0,0,0,0
tmqm_4464,Re,6,29,17,0.5862,0,0.0769,-2.8641,1.0,0,0,0
tmqm_4465,Mn,7,27,14,0.5185,0,0.0714,-1.3548,1.0,0,0,0
tmqm_4466,Mn,11,25,23,0.92,0,0.3333,7.33,1.0,0,0,1
tmqm_4467,Mn,6,27,23,0.8519,0,0.2,3.8108,1.0,1,0,0
tmqm_4468,Mn,7,29,8,0.2759,0,0.0455,-2.1393,1.0,0,0,0
tmqm_4469,Re,6,26,10,0.3846,0,0.0588,-5.7251,1.0,0,0,1
tmqm_4470,Mn,6,29,25,0.8621,0,0.2,3.0615,1.0,0,0,0
tmqm_4471,Mn,7,29,23,0.7931,0,0.1429,-0.3285,1.0,0,0,0
tmqm_4472,Re,6,29,7,0.2414,0,0.0435,-5.388,1.0,0,0,0
tmqm_4473,Re,6,29,12,0.4138,0,0.0556,-3.47,1.0,0,0,0
tmqm_4474,Re,7,29,23,0.7931,0,0.1429,5.4722,1.0,0,0,0
tmqm_4475,Mn,10,25,20,0.8,0,0.1667,4.4592,1.0,0,0,1
tmqm_4476,Tc,7,26,15,0.5769,0,0.0833,-3.5349,1.0,0,0,0
tmqm_4477,Mn,8,29,16,0.5517,0,0.0714,3.3102,1.0,0,0,0
tmqm_4478,Mn,6,29,19,0.6552,0,0.0909,3.237,1.0,0,0,0
tmqm_4479,Mn,6,29,19,0.6552,0,0.0909,3.0069,1.0,0,0,0
tmqm_4480,Re,7,29,24,0.8276,0,0.1667,5.5729,1.0,0,0,0
tmqm_4481,Mn,7,29,13,0.4483,0,0.0588,-0.584,1.0,0,0,0
tmqm_4482,Re,5,23,11,0.4783,0,0.0769,2.1678,1.0,0,0,0
tmqm_4483,Mn,6,27,17,0.6296,0,0.0909,4.1797,1.0,0,0,0
tmqm_4484,Mn,9,29,8,0.2759,0,0.0455,-1.8751,1.0,0,0,0
tmqm_4485,Tc,6,29,13,0.4483,0,0.0588,-0.2597,1.0,0,0,0
tmqm_4486,Mn,6,29,17,0.5862,0,0.0769,1.8152,1.0,0,0,0
tmqm_4487,Re,6,29,15,0.5172,0,0.0667,-3.7854,1.0,0,0,0
tmqm_4488,Re,6,29,11,0.3793,0,0.0526,-3.4395,1.0,0,0,0
tmqm_4489,Re,6,29,14,0.4828,0,0.0625,-2.7086,1.0,0,0,0
tmqm_4490,Re,7,29,22,0.7586,0,0.125,6.8168,1.0,0,0,0
tmqm_4491,Re,6,29,16,0.5517,0,0.0714,-1.3294,1.0,0,0,0
tmqm_4492,Re,6,29,4,0.1379,0,0.0385,-4.7557,1.0,0,0,0
tmqm_4493,Mn,9,29,12,0.4138,0,0.0556,-0.5932,1.0,0,0,0
tmqm_4494,Re,6,29,13,0.4483,0,0.0588,-3.6147,1.0,0,0,0
tmqm_4495,Re,8,29,13,0.4483,0,0.0588,-1.7949,1.0,0,0,0
tmqm_4496,Re,6,29,14,0.4828,0,0.0625,-2.9403,1.0,0,0,0
tmqm_4497,Re,5,26,16,0.6154,0,0.0909,-0.4398,1.0,0,0,0
tmqm_4498,Mn,6,16,7,0.4375,0,0.1,0.0474,1.0,0,0,0
tmqm_4499,Re,7,26,18,0.6923,0,0.1111,2.5207,1.0,0,0,0
tmqm_4500,Re,6,29,13,0.4483,0,0.0588,-1.781,1.0,0,0,0
tmqm_4501,Mn,11,25,15,0.6,0,0.0909,5.5418,1.0,0,0,0
tmqm_4502,Re,6,29,12,0.4138,0,0.0556,-4.3022,1.0,0,0,0
tmqm_4503,Mn,4,25,7,0.28,0,0.0526,-3.8883,1.0,0,0,0
tmqm_4504,Tc,7,29,10,0.3448,0,0.05,-3.2213,1.0,0,0,1
tmqm_4505,Re,7,29,20,0.6897,0,0.1,7.3818,1.0,1,0,1
tmqm_4506,Mn,5,29,11,0.3793,0,0.0526,1.1739,1.0,0,0,0
tmqm_4507,Re,6,28,6,0.2143,0,0.0435,-5.3688,1.0,0,0,0
tmqm_4508,Re,7,29,20,0.6897,0,0.1,5.8059,1.0,0,0,0
tmqm_4509,Mn,5,29,15,0.5172,0,0.0667,1.8289,1.0,0,0,0
tmqm_4510,Re,7,29,17,0.5862,0,0.0769,5.7286,1.0,0,0,0
tmqm_4511,Mn,6,29,21,0.7241,0,0.1111,3.3448,1.0,0,0,0
tmqm_4512,Mn,10,25,16,0.64,0,0.1,1.9544,1.0,0,0,0
tmqm_4513,Re,6,29,10,0.3448,0,0.05,-3.7766,1.0,0,0,0
tmqm_4514,Re,6,29,12,0.4138,0,0.0556,-4.5332,1.0,0,0,0
tmqm_4515,Mn,10,28,17,0.6071,0,0.0833,0.6999,1.0,0,0,0
tmqm_4516,Mn,10,25,23,0.92,0,0.3333,3.9109,1.0,0,0,0
tmqm_4517,Mn,9,26,8,0.3077,0,0.0526,-2.0708,1.0,0,0,0
tmqm_4518,Mn,5,29,21,0.7241,0,0.1111,-0.5251,1.0,0,0,0
tmqm_4519,Re,8,29,18,0.6207,0,0.0833,-0.484,1.0,0,0,0
tmqm_4520,Re,7,29,21,0.7241,0,0.1111,6.341,1.0,0,0,0
tmqm_4521,Mn,10,25,11,0.44,0,0.0667,4.6347,1.0,0,0,0
tmqm_4522,Re,2,24,13,0.5417,0,0.0833,2.8887,1.0,0,0,0
tmqm_4523,Re,6,29,14,0.4828,0,0.0625,-3.5302,1.0,0,0,0
tmqm_4524,Re,8,27,14,0.5185,0,0.0714,-3.7895,1.0,0,0,0
tmqm_4525,Tc,5,26,10,0.3846,0,0.0588,-3.6379,1.0,0,0,0
tmqm_4526,Mn,6,29,22,0.7586,0,0.125,2.9151,1.0,0,0,0
tmqm_4527,Re,7,29,20,0.6897,0,0.1,5.8292,1.0,0,0,0
tmqm_4528,Re,8,29,14,0.4828,0,0.0625,-1.6324,1.0,0,0,1
tmqm_4529,Mn,5,24,13,0.5417,0,0.0833,0.9152,1.0,0,0,0
tmqm_4530,Re,7,29,22,0.7586,0,0.125,6.0735,1.0,0,1,0
tmqm_4531,Re,10,25,12,0.48,0,0.0714,-1.8454,1.0,0,0,0
tmqm_4532,Re,8,29,19,0.6552,0,0.0909,-2.2134,1.0,0,0,0
tmqm_4533,Re,5,29,23,0.7931,0,0.1429,3.9949,1.0,0,0,0
tmqm_4534,Re,5,27,16,0.5926,0,0.0833,3.444,1.0,0,0,0
tmqm_4535,Re,6,29,15,0.5172,0,0.0667,-3.3607,1.0,0,0,0
tmqm_4536,Mn,6,29,22,0.7586,0,0.125,2.9131,1.0,0,0,0
tmqm_4537,Re,6,29,17,0.5862,0,0.0769,-3.0178,1.0,0,0,0
tmqm_4538,Mn,7,26,15,0.5769,0,0.0833,-0.1702,1.0,0,0,0
tmqm_4539,Re,5,26,16,0.6154,0,0.0909,0.7982,1.0,0,0,0
tmqm_4540,Re,8,29,19,0.6552,0,0.0909,-2.2832,1.0,0,0,0
tmqm_4541,Mn,8,29,23,0.7931,0,0.1429,3.3415,1.0,0,0,0
tmqm_4542,Mn,8,29,18,0.6207,0,0.0833,3.8324,1.0,1,0,0
tmqm_4543,Mn,11,28,18,0.6429,0,0.0909,5.9014,1.0,0,0,0
tmqm_4544,Mn,7,29,14,0.4828,0,0.0625,0.7583,1.0,0,0,0
tmqm_4545,Re,6,29,8,0.2759,0,0.0455,-2.561,1.0,0,0,0
tmqm_4546,Re,7,29,28,0.9655,0,0.5,5.1223,1.0,0,1,0
tmqm_4547,Mn,9,29,14,0.4828,0,0.0625,0.6153,1.0,0,0,0
tmqm_4548,Mn,6,29,17,0.5862,0,0.0769,3.44,1.0,0,0,0
tmqm_4549,Re,6,29,13,0.4483,0,0.0588,-3.1914,1.0,0,0,0
tmqm_4550,Re,6,29,16,0.5517,0,0.0714,-3.3007,1.0,0,0,0
tmqm_4551,Re,7,27,18,0.6667,0,0.1,3.667,1.0,0,0,0
tmqm_4552,Re,6,29,11,0.3793,0,0.0526,-4.5823,1.0,0,0,0
tmqm_4553,Re,6,29,12,0.4138,0,0.0556,-3.2392,1.0,0,0,0
tmqm_4554,Re,10,26,8,0.3077,0,0.0526,-4.0191,1.0,0,0,0
tmqm_4555,Mn,6,29,19,0.6552,0,0.0909,2.5957,1.0,0,0,0
tmqm_4556,Mn,10,25,15,0.6,0,0.0909,4.6859,1.0,0,0,0
tmqm_4557,Re,6,29,16,0.5517,0,0.0714,-1.8476,1.0,0,0,0
tmqm_4558,Re,6,29,12,0.4138,0,0.0556,-4.1445,1.0,0,0,0
tmqm_4559,Mn,8,29,21,0.7241,0,0.1111,1.9709,1.0,0,0,0
tmqm_4560,Re,7,29,24,0.8276,0,0.1667,5.3067,1.0,0,0,0
tmqm_4561,Re,6,29,8,0.2759,0,0.0455,-4.0306,1.0,0,0,0
tmqm_4562,Mn,6,29,20,0.6897,0,0.1,3.0354,1.0,0,0,0
tmqm_4563,Re,6,26,12,0.4615,0,0.0667,-6.1396,1.0,0,0,0
tmqm_4564,Re,6,29,13,0.4483,0,0.0588,-3.7564,1.0,0,0,0
tmqm_4565,Re,8,29,14,0.4828,0,0.0625,-1.5441,1.0,0,0,0
tmqm_4566,Mn,9,29,18,0.6207,0,0.0833,0.0715,1.0,0,0,0
tmqm_4567,Re,8,29,20,0.6897,0,0.1,-0.9528,1.0,0,0,0
tmqm_4568,Mn,10,25,21,0.84,0,0.2,7.1822,1.0,0,0,1
tmqm_4569,Tc,6,29,21,0.7241,0,0.1111,-0.1757,1.0,0,0,0
tmqm_4570,Re,8,29,11,0.3793,0,0.0526,-2.3495,1.0,0,0,0
tmqm_4571,Mn,7,29,16,0.5517,0,0.0714,-0.4321,1.0,0,0,0
tmqm_4572,Re,5,27,15,0.5556,0,0.0769,1.5205,1.0,0,0,0
tmqm_4573,Re,6,29,15,0.5172,0,0.0667,-3.0848,1.0,0,0,0
tmqm_4574,Mn,10,25,22,0.88,0,0.25,6.4617,1.0,0,0,0
tmqm_4575,Re,7,29,23,0.7931,0,0.1429,6.5116,1.0,0,1,0
tmqm_4576,Re,6,29,12,0.4138,0,0.0556,-2.0957,1.0,0,0,0
tmqm_4577,Re,8,29,14,0.4828,0,0.0625,-2.0898,1.0,0,0,0
tmqm_4578,Re,8,29,9,0.3103,0,0.0476,-2.7634,1.0,0,0,0
tmqm_4579,Re,7,29,23,0.7931,0,0.1429,7.0435,1.0,0,0,0
tmqm_4580,Re,7,29,28,0.9655,0,0.5,7.2086,1.0,0,0,1
tmqm_4581,Mn,8,29,14,0.4828,0,0.0625,3.7809,1.0,0,0,0
tmqm_4582,Re,7,29,25,0.8621,0,0.2,6.953,1.0,0,0,0
tmqm_4583,Mn,7,29,16,0.5517,0,0.0714,-0.4069,1.0,0,0,0
tmqm_4584,Re,8,27,12,0.4444,0,0.0625,-1.9137,1.0,0,0,0
tmqm_4585,Re,6,29,11,0.3793,0,0.0526,-4.2374,1.0,0,0,0
tmqm_4586,Re,8,27,15,0.5556,0,0.0769,-1.5761,1.0,0,0,0
tmqm_4587,Re,7,29,23,0.7931,0,0.1429,6.749,1.0,0,1,1
tmqm_4588,Mn,7,29,18,0.6207,0,0.0833,-1.0483,1.0,0,0,0
tmqm_4589,Mn,5,27,19,0.7037,0,0.1111,-0.5114,1.0,0,0,0
tmqm_4590,Mn,6,29,13,0.4483,0,0.0588,2.4593,1.0,0,0,0
tmqm_4591,Re,7,29,25,0.8621,0,0.2,6.8066,1.0,0,0,0
tmqm_4592,Mn,8,29,23,0.7931,0,0.1429,4.8014,1.0,0,0,0
tmqm_4593,Mn,6,29,17,0.5862,0,0.0769,3.1818,1.0,0,0,0
tmqm_4594,Mn,8,29,14,0.4828,0,0.0625,3.2119,1.0,0,0,0
tmqm_4595,Re,6,29,7,0.2414,0,0.0435,-4.6001,1.0,0,0,0
tmqm_4596,Re,7,29,22,0.7586,0,0.125,6.406,1.0,0,0,0
tmqm_4597,Re,6,27,8,0.2963,0,0.05,-3.1353,1.0,0,0,0
tmqm_4598,Re,6,29,13,0.4483,0,0.0588,-2.7926,1.0,0,0,0
tmqm_4599,Re,10,25,15,0.6,0,0.0909,-0.428,1.0,0,0,0
tmqm_4600,Re,6,29,9,0.3103,0,0.0476,-3.2942,1.0,0,0,0
tmqm_4601,Mn,9,29,18,0.6207,0,0.0833,-1.5638,1.0,0,0,0
tmqm_4602,Tc,9,26,11,0.4231,0,0.0625,-1.1393,1.0,0,0,0
tmqm_4603,Re,8,29,16,0.5517,0,0.0714,-1.0654,1.0,1,0,0
tmqm_4604,Mn,7,29,17,0.5862,0,0.0769,0.0816,1.0,0,0,0
tmqm_4605,Re,6,29,10,0.3448,0,0.05,-3.4566,1.0,0,0,0
tmqm_4606,Mn,10,25,12,0.48,0,0.0714,5.0255,1.0,0,0,0
tmqm_4607,Re,7,29,21,0.7241,0,0.1111,6.3063,1.0,0,0,0
tmqm_4608,Re,7,29,24,0.8276,0,0.1667,6.4543,1.0,0,1,0
tmqm_4609,Tc,6,16,8,0.5,0,0.1111,-0.1235,1.0,0,0,0
tmqm_4610,Mn,10,25,22,0.88,0,0.25,7.0289,1.0,0,0,0
tmqm_4611,Re,3,25,11,0.44,0,0.0667,3.4973,1.0,0,0,0
tmqm_4612,Re,5,26,19,0.7308,0,0.125,0.4691,1.0,0,0,0
tmqm_4613,Re,7,29,28,0.9655,0,0.5,6.0882,1.0,0,0,0
tmqm_4614,Mn,9,27,10,0.3704,0,0.0556,-2.6415,1.0,0,0,0
tmqm_4615,Mn,7,29,16,0.5517,0,0.0714,-1.5523,1.0,0,0,0
tmqm_4616,Re,8,29,12,0.4138,0,0.0556,-2.2413,1.0,0,0,0
tmqm_4617,Re,6,29,8,0.2759,0,0.0455,-3.9068,1.0,0,0,0
tmqm_4618,Re,7,29,25,0.8621,0,0.2,5.9976,1.0,0,0,0
tmqm_4619,Mn,9,29,11,0.3793,0,0.0526,-0.7308,1.0,0,0,0
tmqm_4620,Re,6,29,9,0.3103,0,0.0476,-4.0923,1.0,0,0,0
tmqm_4621,Re,7,29,17,0.5862,0,0.0769,6.085,1.0,0,0,0
tmqm_4622,Mn,8,29,20,0.6897,0,0.1,3.2707,1.0,0,0,0
tmqm_4623,Mn,8,29,21,0.7241,0,0.1111,5.5564,1.0,0,0,0
tmqm_4624,Mn,6,29,23,0.7931,0,0.1429,2.5418,1.0,0,0,0
tmqm_4625,Mn,7,29,23,0.7931,0,0.1429,0.6902,1.0,0,0,0
tmqm_4626,Re,6,26,9,0.3462,0,0.0556,-3.3776,1.0,0,0,0
tmqm_4627,Re,6,29,13,0.4483,0,0.0588,-1.7197,1.0,0,0,0
tmqm_4628,Re,8,29,20,0.6897,0,0.1,-1.5104,1.0,0,0,0
tmqm_4629,Mn,7,29,20,0.6897,0,0.1,1.4633,1.0,0,0,0
tmqm_4630,Mn,8,29,23,0.7931,0,0.1429,4.198,1.0,0,0,0
tmqm_4631,Re,7,29,26,0.8966,0,0.25,6.0501,1.0,0,0,0
tmqm_4632,Re,6,29,9,0.3103,0,0.0476,-2.4607,1.0,0,0,0
tmqm_4633,Tc,7,29,13,0.4483,0,0.0588,-1.6666,1.0,0,0,0
tmqm_4634,Mn,8,29,23,0.7931,0,0.1429,4.2467,1.0,0,0,0
tmqm_4635,Mn,6,29,17,0.5862,0,0.0769,0.7829,1.0,0,0,0
tmqm_4636,Mn,6,29,24,0.8276,0,0.1667,2.7516,1.0,0,0,0
tmqm_4637,Re,6,29,13,0.4483,0,0.0588,-3.7327,1.0,0,0,0
tmqm_4638,Re,6,29,12,0.4138,0,0.0556,-3.8216,1.0,0,0,0
tmqm_4639,Tc,6,29,15,0.5172,0,0.0667,0.8981,1.0,0,0,0
tmqm_4640,Mn,6,29,17,0.5862,0,0.0769,2.3755,1.0,0,0,0
tmqm_4641,Re,8,26,9,0.3462,0,0.0556,-2.2012,1.0,0,0,0
tmqm_4642,Re,6,29,11,0.3793,0,0.0526,-4.2332,1.0,0,0,0
tmqm_4643,Mn,9,29,17,0.5862,0,0.0769,-1.4894,1.0,0,0,0
tmqm_4644,Re,6,29,7,0.2414,0,0.0435,-3.8164,1.0,0,0,0
tmqm_4645,Mn,6,29,18,0.6207,0,0.0833,2.0544,1.0,0,0,0
tmqm_4646,Mn,7,27,9,0.3333,0,0.0526,-2.3981,1.0,0,0,0
tmqm_4647,Re,7,29,28,0.9655,0,0.5,6.7452,1.0,0,0,0
tmqm_4648,Mn,6,29,17,0.5862,0,0.0769,1.071,1.0,0,0,0
tmqm_4649,Mn,6,29,23,0.7931,0,0.1429,4.1399,1.0,0,0,0
tmqm_4650,Mn,7,29,15,0.5172,0,0.0667,0.0308,1.0,0,0,0
tmqm_4651,Mn,7,29,17,0.5862,0,0.0769,-1.423,1.0,0,0,0
tmqm_4652,Mn,6,29,21,0.7241,0,0.1111,3.7719,1.0,0,0,0
tmqm_4653,Mn,9,29,17,0.5862,0,0.0769,-0.8861,1.0,0,0,0
tmqm_4654,Re,6,29,14,0.4828,0,0.0625,-2.098,1.0,0,0,0
tmqm_4655,Mn,9,29,14,0.4828,0,0.0625,-0.7264,1.0,0,0,0
tmqm_4656,Mn,10,25,21,0.84,0,0.2,4.9226,1.0,0,0,0
tmqm_4657,Re,7,29,22,0.7586,0,0.125,4.2711,1.0,0,0,0
tmqm_4658,Re,6,29,6,0.2069,0,0.0417,-4.6014,1.0,0,0,0
tmqm_4659,Re,6,29,12,0.4138,0,0.0556,-2.1712,1.0,0,0,0
tmqm_4660,Re,7,29,22,0.7586,0,0.125,5.2667,1.0,0,0,0
tmqm_4661,Re,6,26,8,0.3077,0,0.0526,-4.2595,1.0,0,0,0
tmqm_4662,Re,8,29,14,0.4828,0,0.0625,-2.2424,1.0,0,0,0
tmqm_4663,Re,5,26,22,0.8462,0,0.2,4.0932,1.0,0,0,0
tmqm_4664,Mn,9,29,17,0.5862,0,0.0769,1.08,1.0,0,0,0
tmqm_4665,Re,7,27,26,0.963,0,0.5,4.5049,1.0,0,0,0
tmqm_4666,Re,6,29,14,0.4828,0,0.0625,-1.7177,1.0,0,0,0
tmqm_4667,Re,7,29,24,0.8276,0,0.1667,6.6415,1.0,0,0,0
tmqm_4668,Re,7,29,22,0.7586,0,0.125,6.4705,1.0,0,0,0
tmqm_4669,Mn,5,27,17,0.6296,0,0.0909,2.0226,1.0,0,0,0
tmqm_4670,Mn,6,27,23,0.8519,0,0.2,3.834,1.0,0,0,0
tmqm_4671,Re,7,29,27,0.931,0,0.3333,7.0555,1.0,0,0,0
tmqm_4672,Re,6,29,17,0.5862,0,0.0769,-2.439,1.0,0,0,0
tmqm_4673,Re,6,29,17,0.5862,0,0.0769,-2.119,1.0,0,0,0
tmqm_4674,Re,8,27,16,0.5926,0,0.0833,-3.5608,1.0,0,0,0
tmqm_4675,Re,5,26,15,0.5769,0,0.0833,1.6672,1.0,0,0,0
tmqm_4676,Re,8,29,20,0.6897,0,0.1,-1.3641,1.0,0,0,0
tmqm_4677,Re,7,29,17,0.5862,0,0.0769,5.2864,1.0,0,0,0
tmqm_4678,Re,6,29,17,0.5862,0,0.0769,-1.6217,1.0,0,0,1
tmqm_4679,Re,6,29,18,0.6207,0,0.0833,-2.8877,1.0,0,0,0
tmqm_4680,Tc,6,27,11,0.4074,0,0.0588,-0.7486,1.0,0,0,0
tmqm_4681,Re,4,25,8,0.32,0,0.0556,-5.558,1.0,0,0,0
tmqm_4682,Re,5,26,16,0.6154,0,0.0909,2.817,1.0,0,0,0
tmqm_4683,Re,8,29,18,0.6207,0,0.0833,-2.2666,1.0,0,0,1
tmqm_4684,Re,8,29,11,0.3793,0,0.0526,-2.7505,1.0,0,0,0
tmqm_4685,Re,8,29,12,0.4138,0,0.0556,-2.2511,1.0,0,0,0
tmqm_4686,Re,10,25,14,0.56,0,0.0833,-0.9671,1.0,0,0,1
tmqm_4687,Re,5,26,13,0.5,0,0.0714,0.5711,1.0,0,0,0
tmqm_4688,Re,7,29,28,0.9655,0,0.5,5.7169,1.0,0,0,0
tmqm_4689,Mn,7,27,14,0.5185,0,0.0714,-1.7158,1.0,0,0,0
tmqm_4690,Re,6,29,17,0.5862,0,0.0769,-1.711,1.0,0,0,0
tmqm_4691,Re,7,26,21,0.8077,0,0.1667,5.9743,1.0,0,0,0
tmqm_4692,Re,6,27,8,0.2963,0,0.05,-3.8647,1.0,0,0,0
tmqm_4693,Re,8,29,15,0.5172,0,0.0667,-1.855,1.0,0,0,0
tmqm_4694,Mn,7,29,21,0.7241,0,0.1111,2.183,1.0,0,0,0
tmqm_4695,Re,6,29,12,0.4138,0,0.0556,-4.0555,1.0,0,0,0
tmqm_4696,Mn,6,29,22,0.7586,0,0.125,2.4386,1.0,1,0,0
tmqm_4697,Re,9,26,15,0.5769,0,0.0833,4.0319,1.0,0,0,0
tmqm_4698,Tc,8,29,27,0.931,0,0.3333,5.6977,1.0,0,0,0
tmqm_4699,Mn,10,25,14,0.56,0,0.0833,2.8483,1.0,0,0,0
tmqm_4700,Mn,10,25,20,0.8,0,0.1667,5.4261,1.0,0,0,0
tmqm_4701,Re,6,29,14,0.4828,0,0.0625,-3.9418,1.0,0,1,0
tmqm_4702,Re,7,29,21,0.7241,0,0.1111,5.9067,1.0,0,0,0
tmqm_4703,Re,8,29,12,0.4138,0,0.0556,-2.3954,1.0,0,0,0
tmqm_4704,Re,9,23,15,0.6522,0,0.1111,3.1739,1.0,0,0,0
tmqm_4705,Mn,6,29,18,0.6207,0,0.0833,4.9362,1.0,0,0,0
tmqm_4706,Re,6,29,16,0.5517,0,0.0714,0.7438,1.0,0,0,0
tmqm_4707,Re,4,25,14,0.56,0,0.0833,-3.8954,1.0,0,0,0
tmqm_4708,Re,6,29,9,0.3103,0,0.0476,-3.1356,1.0,0,0,0
tmqm_4709,Re,6,29,13,0.4483,0,0.0588,-3.3934,1.0,0,0,0
tmqm_4710,Mn,7,26,11,0.4231,0,0.0625,-0.5887,1.0,0,0,0
tmqm_4711,Re,6,29,15,0.5172,0,0.0667,-3.0978,1.0,0,0,0
tmqm_4712,Mn,7,29,12,0.4138,0,0.0556,-1.1262,1.0,0,0,0
tmqm_4713,Re,6,29,11,0.3793,0,0.0526,-3.7469,1.0,0,0,0
tmqm_4714,Re,8,26,4,0.1538,0,0.0435,-4.7538,1.0,0,0,0
tmqm_4715,Mn,9,29,17,0.5862,0,0.0769,-1.009,1.0,0,0,0
tmqm_4716,Re,6,29,13,0.4483,0,0.0588,-1.6952,1.0,0,0,0
tmqm_4717,Re,11,25,6,0.24,0,0.05,-4.0346,1.0,0,0,0
tmqm_4718,Re,5,24,7,0.2917,0,0.0556,2.3991,1.0,0,0,0
tmqm_4719,Tc,6,29,20,0.6897,0,0.1,1.2267,1.0,0,0,0
tmqm_4720,Re,7,29,22,0.7586,0,0.125,6.5041,1.0,0,0,0
tmqm_4721,Re,8,29,16,0.5517,0,0.0714,-1.6776,1.0,0,0,0
tmqm_4722,Mn,7,29,21,0.7241,0,0.1111,-0.1702,1.0,0,0,0
tmqm_4723,Re,8,29,19,0.6552,0,0.0909,-1.741,1.0,0,0,0
tmqm_4724,Re,5,24,16,0.6667,0,0.1111,3.369,1.0,0,0,0
tmqm_4725,Re,7,29,20,0.6897,0,0.1,5.8557,1.0,0,0,0
tmqm_4726,Re,8,29,18,0.6207,0,0.0833,-2.0139,1.0,0,0,0
tmqm_4727,Re,6,29,12,0.4138,0,0.0556,-2.503,1.0,0,0,0
tmqm_4728,Re,6,29,11,0.3793,0,0.0526,-2.211,1.0,0,0,0
tmqm_4729,Re,7,29,19,0.6552,0,0.0909,5.7931,1.0,0,1,0
tmqm_4730,Re,9,26,24,0.9231,0,0.3333,5.1045,1.0,0,0,0
tmqm_4731,Re,7,29,24,0.8276,0,0.1667,6.6784,1.0,0,0,0
tmqm_4732,Re,6,26,15,0.5769,0,0.0833,-4.3822,1.0,0,0,0
tmqm_4733,Re,6,29,14,0.4828,0,0.0625,-2.9197,1.0,0,0,0
tmqm_4734,Re,10,25,16,0.64,0,0.1,-2.9989,1.0,0,0,0
tmqm_4735,Re,6,29,13,0.4483,0,0.0588,-3.4483,1.0,0,0,0
tmqm_4736,Mn,9,26,7,0.2692,0,0.05,-1.588,1.0,0,0,0
tmqm_4737,Mn,6,29,24,0.8276,0,0.1667,2.2199,1.0,0,0,0
tmqm_4738,Re,5,26,14,0.5385,0,0.0769,0.1292,1.0,0,0,0
tmqm_4739,Mn,8,29,23,0.7931,0,0.1429,3.2847,1.0,1,0,0
tmqm_4740,Re,6,29,13,0.4483,0,0.0588,-3.2902,1.0,1,0,0
tmqm_4741,Mn,7,29,22,0.7586,0,0.125,1.4873,1.0,0,0,0
tmqm_4742,Re,10,25,11,0.44,0,0.0667,-4.1562,1.0,0,0,0
tmqm_4743,Mn,6,29,15,0.5172,0,0.0667,1.0746,1.0,0,0,0
tmqm_4744,Re,7,29,20,0.6897,0,0.1,6.7598,1.0,0,0,0
tmqm_4745,Re,5,27,12,0.4444,0,0.0625,2.6138,1.0,0,0,0
tmqm_4746,Mn,8,27,18,0.6667,0,0.1,3.3536,1.0,0,0,0
tmqm_4747,Re,10,25,13,0.52,0,0.0769,-1.4205,1.0,0,0,0
tmqm_4748,Re,7,29,21,0.7241,0,0.1111,5.0664,1.0,0,0,0
tmqm_4749,Re,6,29,16,0.5517,0,0.0714,-2.6414,1.0,1,0,0
tmqm_4750,Re,8,29,21,0.7241,0,0.1111,-2.2771,1.0,0,0,0
tmqm_4751,Mn,8,29,22,0.7586,0,0.125,4.5697,1.0,0,0,0
tmqm_4752,Mn,8,29,22,0.7586,0,0.125,5.8579,1.0,0,0,0
tmqm_4753,Mn,8,29,21,0.7241,0,0.1111,3.3427,1.0,0,0,0
tmqm_4754,Mn,6,29,18,0.6207,0,0.0833,2.5129,1.0,0,0,0
tmqm_4755,Re,10,25,13,0.52,0,0.0769,-2.9392,1.0,0,0,0
tmqm_4756,Re,3,25,21,0.84,0,0.2,2.3108,1.0,0,0,1
tmqm_4757,Mn,8,27,14,0.5185,0,0.0714,2.6571,1.0,0,0,0
tmqm_4758,Re,9,26,16,0.6154,0,0.0909,4.4147,1.0,0,0,0
tmqm_4759,Re,8,29,13,0.4483,0,0.0588,-3.488,1.0,0,0,0
tmqm_4760,Re,7,29,28,0.9655,0,0.5,6.9456,1.0,0,0,0
tmqm_4761,Tc,7,29,13,0.4483,0,0.0588,-3.3104,1.0,0,0,0
tmqm_4762,Mn,6,29,23,0.7931,0,0.1429,2.8212,1.0,0,0,0
tmqm_4763,Re,6,29,16,0.5517,0,0.0714,-3.3324,1.0,0,1,0
tmqm_4764,Re,8,29,11,0.3793,0,0.0526,-2.0183,1.0,0,0,0
tmqm_4765,Mn,5,26,16,0.6154,0,0.0909,2.5496,1.0,0,0,0
tmqm_4766,Mn,12,28,15,0.5357,0,0.0714,6.2027,1.0,0,0,0
tmqm_4767,Mn,6,29,18,0.6207,0,0.0833,2.3007,1.0,0,0,0
tmqm_4768,Re,6,29,8,0.2759,0,0.0455,-4.1184,1.0,0,0,0
tmqm_4769,Re,6,29,11,0.3793,0,0.0526,-3.8729,1.0,0,0,1
tmqm_4770,Re,6,29,15,0.5172,0,0.0667,-4.4355,1.0,0,0,0
tmqm_4771,Mn,5,27,14,0.5185,0,0.0714,0.1545,1.0,0,0,0
tmqm_4772,Mn,6,29,20,0.6897,0,0.1,3.0793,1.0,0,0,0
tmqm_4773,Mn,6,26,13,0.5,0,0.0714,2.676,1.0,0,0,0
tmqm_4774,Mn,6,16,7,0.4375,0,0.1,0.0162,1.0,0,0,0
tmqm_4775,Re,8,26,12,0.4615,0,0.0667,-1.4828,1.0,0,0,0
tmqm_4776,Re,7,29,23,0.7931,0,0.1429,5.4484,1.0,0,0,0
tmqm_4777,Re,6,29,7,0.2414,0,0.0435,-4.9832,1.0,0,0,0
tmqm_4778,Re,6,29,10,0.3448,0,0.05,-4.5734,1.0,0,0,0
tmqm_4779,Re,8,29,13,0.4483,0,0.0588,-2.4412,1.0,1,0,0
tmqm_4780,Re,6,29,8,0.2759,0,0.0455,-4.1893,1.0,0,0,0
tmqm_4781,Re,6,29,11,0.3793,0,0.0526,-4.1108,1.0,0,0,0
tmqm_4782,Re,5,26,10,0.3846,0,0.0588,1.5078,1.0,0,0,0
tmqm_4783,Re,10,25,15,0.6,0,0.0909,-0.6723,1.0,0,0,0
tmqm_4784,Mn,8,25,19,0.76,0,0.1429,3.1782,1.0,0,0,0
tmqm_4785,Re,7,29,26,0.8966,0,0.25,4.547,1.0,0,0,1
tmqm_4786,Re,6,29,5,0.1724,0,0.04,-4.458,1.0,0,0,0
tmqm_4787,Mn,7,29,22,0.7586,0,0.125,1.9511,1.0,0,0,0
tmqm_4788,Mn,11,25,15,0.6,0,0.0909,5.8379,1.0,0,0,0
tmqm_4789,Re,6,29,12,0.4138,0,0.0556,-1.0623,1.0,0,0,0
tmqm_4790,Re,6,29,5,0.1724,0,0.04,-4.5857,1.0,0,0,0
tmqm_4791,Mn,6,29,16,0.5517,0,0.0714,3.4252,1.0,0,0,0
tmqm_4792,Mn,6,29,23,0.7931,0,0.1429,3.7161,1.0,0,0,0
tmqm_4793,Re,6,29,10,0.3448,0,0.05,-3.1919,1.0,0,0,0
tmqm_4794,Re,7,29,25,0.8621,0,0.2,5.1856,1.0,0,0,0
tmqm_4795,Re,8,29,15,0.5172,0,0.0667,-2.0479,1.0,0,0,0
tmqm_4796,Mn,8,29,17,0.5862,0,0.0769,2.919,1.0,0,0,0
tmqm_4797,Re,7,26,22,0.8462,0,0.2,2.617,1.0,0,0,0
tmqm_4798,Mn,8,29,21,0.7241,0,0.1111,3.6334,1.0,0,0,1
tmqm_4799,Mn,6,29,18,0.6207,0,0.0833,3.0993,1.0,0,0,0
tmqm_4800,Mn,6,29,24,0.8276,0,0.1667,2.4908,1.0,0,0,0
tmqm_4801,Re,7,29,23,0.7931,0,0.1429,6.4906,1.0,0,0,0
tmqm_4802,Mn,7,29,19,0.6552,0,0.0909,-0.046,1.0,1,0,1
tmqm_4803,Mn,8,27,21,0.7778,0,0.1429,5.4459,1.0,0,0,0
tmqm_4804,Re,8,27,12,0.4444,0,0.0625,-3.3834,1.0,0,0,0
tmqm_4805,Re,5,26,18,0.6923,0,0.1111,1.8787,1.0,0,0,0
tmqm_4806,Fe,5,29,26,0.8966,0,0.25,9.2482,1.0,0,0,0
tmqm_4807,Ru,9,26,23,0.8846,0,0.25,9.6939,1.0,0,0,0
tmqm_4808,Ru,8,26,15,0.5769,0,0.0833,10.9834,1.0,0,0,0
tmqm_4809,Fe,5,27,26,0.963,0,0.5,8.8277,1.0,0,0,0
tmqm_4810,Ru,9,27,21,0.7778,0,0.1429,10.5556,1.0,0,0,0
tmqm_4811,Ru,9,26,21,0.8077,0,0.1667,9.8226,1.0,0,0,0
tmqm_4812,Ru,6,29,14,0.4828,0,0.0625,6.9351,1.0,0,0,0
tmqm_4813,Os,8,29,17,0.5862,0,0.0769,8.121,1.0,0,0,0
tmqm_4814,Ru,8,26,25,0.9615,0,0.5,11.3124,1.0,0,0,0
tmqm_4815,Ru,9,26,22,0.8462,0,0.2,9.7584,1.0,0,0,0
tmqm_4816,Fe,7,27,25,0.9259,0,0.3333,8.386,1.0,0,0,0
tmqm_4817,Os,7,29,18,0.6207,0,0.0833,1.6995,1.0,0,0,0
tmqm_4818,Fe,8,29,7,0.2414,0,0.0435,-1.4886,1.0,0,0,0
tmqm_4819,Ru,7,27,15,0.5556,0,0.0769,0.9101,1.0,0,0,0
tmqm_4820,Fe,5,27,26,0.963,0,0.5,5.9557,1.0,0,0,0
tmqm_4821,Ru,5,29,14,0.4828,0,0.0625,2.4355,1.0,0,0,0
tmqm_4822,Ru,6,29,15,0.5172,0,0.0667,8.0155,1.0,0,0,0
tmqm_4823,Ru,10,26,26,1.0,1,1.0,11.2164,1.0,0,0,0
tmqm_4824,Ru,10,29,18,0.6207,0,0.0833,9.5812,1.0,0,0,0
tmqm_4825,Fe,5,26,22,0.8462,0,0.2,10.9002,1.0,0,0,0
tmqm_4826,Ru,6,29,15,0.5172,0,0.0667,6.8966,1.0,0,0,0
tmqm_4827,Ru,8,26,20,0.7692,0,0.1429,10.5817,1.0,0,0,0
tmqm_4828,Fe,8,25,7,0.28,0,0.0526,-2.106,1.0,0,0,0
tmqm_4829,Ru,8,26,22,0.8462,0,0.2,10.4164,1.0,0,0,0
tmqm_4830,Ru,6,29,17,0.5862,0,0.0769,9.4649,1.0,0,0,0
tmqm_4831,Ru,8,29,22,0.7586,0,0.125,10.7799,1.0,0,0,0
tmqm_4832,Fe,4,25,11,0.44,0,0.0667,5.8185,1.0,0,0,0
tmqm_4833,Fe,14,23,17,0.7391,0,0.1429,3.7608,1.0,0,0,0
tmqm_4834,Ru,5,29,13,0.4483,0,0.0588,2.7609,1.0,0,0,0
tmqm_4835,Ru,6,29,14,0.4828,0,0.0625,7.7672,1.0,0,0,0
tmqm_4836,Fe,8,26,16,0.6154,0,0.0909,-0.5106,1.0,0,0,0
tmqm_4837,Ru,9,27,22,0.8148,0,0.1667,9.8525,1.0,0,0,0
tmqm_4838,Fe,6,29,23,0.7931,0,0.1429,7.2984,1.0,0,0,0
tmqm_4839,Ru,8,26,17,0.6538,0,0.1,11.5155,1.0,0,0,0
tmqm_4840,Ru,9,26,19,0.7308,0,0.125,11.1781,1.0,0,0,0
tmqm_4841,Ru,6,29,20,0.6897,0,0.1,9.126,1.0,0,0,0
tmqm_4842,Os,4,24,19,0.7917,0,0.1667,5.6542,1.0,0,0,0
tmqm_4843,Ru,7,29,14,0.4828,0,0.0625,-0.9136,1.0,0,0,0
tmqm_4844,Ru,9,27,19,0.7037,0,0.1111,11.0564,1.0,0,0,0
tmqm_4845,Ru,7,29,14,0.4828,0,0.0625,0.0061,1.0,0,0,0
tmqm_4846,Fe,6,26,17,0.6538,0,0.1,5.1267,1.0,0,0,0
tmqm_4847,Ru,9,27,19,0.7037,0,0.1111,10.524,1.0,0,0,0
tmqm_4848,Ru,9,26,18,0.6923,0,0.1111,12.9996,1.0,0,0,0
tmqm_4849,Fe,3,26,20,0.7692,0,0.1429,1.5431,1.0,0,0,0
tmqm_4850,Fe,4,26,18,0.6923,0,0.1111,8.9861,1.0,0,0,0
tmqm_4851,Ru,6,29,28,0.9655,0,0.5,8.0028,1.0,0,0,0
tmqm_4852,Ru,6,24,17,0.7083,0,0.125,9.7271,1.0,0,0,0
tmqm_4853,Ru,7,29,27,0.931,0,0.3333,2.8788,1.0,0,0,0
tmqm_4854,Fe,8,26,2,0.0769,0,0.04,-2.3392,1.0,0,0,0
tmqm_4855,Os,3,26,14,0.5385,0,0.0769,5.6602,1.0,0,0,0
tmqm_4856,Ru,9,27,19,0.7037,0,0.1111,8.9293,1.0,0,0,0
tmqm_4857,Ru,6,29,23,0.7931,0,0.1429,8.8722,1.0,0,0,0
tmqm_4858,Fe,10,29,13,0.4483,0,0.0588,2.0621,1.0,0,0,0
tmqm_4859,Ru,9,29,24,0.8276,0,0.1667,10.979,1.0,0,0,0
tmqm_4860,Ru,6,29,21,0.7241,0,0.1111,10.7924,1.0,0,0,0
tmqm_4861,Ru,6,29,23,0.7931,0,0.1429,9.7667,1.0,0,0,0
tmqm_4862,Ru,9,26,15,0.5769,0,0.0833,9.6383,1.0,0,0,0
tmqm_4863,Ru,9,26,19,0.7308,0,0.125,10.1354,1.0,0,0,0
tmqm_4864,Ru,9,26,21,0.8077,0,0.1667,10.0042,1.0,0,0,0
tmqm_4865,Fe,9,29,21,0.7241,0,0.1111,9.0441,1.0,0,0,0
tmqm_4866,Fe,4,26,17,0.6538,0,0.1,8.1254,1.0,0,0,0
tmqm_4867,Fe,6,26,18,0.6923,0,0.1111,7.4506,1.0,0,0,0
tmqm_4868,Os,6,29,19,0.6552,0,0.0909,10.0563,1.0,0,0,0
tmqm_4869,Os,6,29,14,0.4828,0,0.0625,9.55,1.0,0,0,0
tmqm_4870,Os,6,29,14,0.4828,0,0.0625,8.7664,1.0,0,0,0
tmqm_4871,Ru,8,26,14,0.5385,0,0.0769,10.8972,1.0,0,0,0
tmqm_4872,Ru,8,26,21,0.8077,0,0.1667,10.9095,1.0,0,0,0
tmqm_4873,Fe,8,29,13,0.4483,0,0.0588,-1.6583,1.0,0,0,0
tmqm_4874,Ru,8,26,15,0.5769,0,0.0833,11.2896,1.0,0,0,0
tmqm_4875,Ru,7,29,24,0.8276,0,0.1667,0.1498,1.0,0,0,0
tmqm_4876,Os,8,26,22,0.8462,0,0.2,10.7986,1.0,0,0,0
tmqm_4877,Ru,7,29,21,0.7241,0,0.1111,0.8863,1.0,0,0,0
tmqm_4878,Ru,9,29,25,0.8621,0,0.2,7.7155,1.0,0,0,0
tmqm_4879,Fe,14,23,14,0.6087,0,0.1,4.0343,1.0,0,0,0
tmqm_4880,Ru,5,27,16,0.5926,0,0.0833,2.9394,1.0,0,0,0
tmqm_4881,Fe,8,26,4,0.1538,0,0.0435,-1.9312,1.0,0,0,0
tmqm_4882,Os,4,24,12,0.5,0,0.0769,4.5118,1.0,0,0,0
tmqm_4883,Fe,4,29,14,0.4828,0,0.0625,6.9222,1.0,0,0,0
tmqm_4884,Ru,6,29,20,0.6897,0,0.1,9.5063,1.0,0,0,0
tmqm_4885,Fe,6,26,18,0.6923,0,0.1111,8.5008,1.0,0,0,0
tmqm_4886,Ru,8,29,21,0.7241,0,0.1111,8.4132,1.0,0,0,0
tmqm_4887,Ru,9,26,21,0.8077,0,0.1667,10.1358,1.0,0,0,0
tmqm_4888,Fe,8,29,10,0.3448,0,0.05,-1.4378,1.0,0,0,0
tmqm_4889,Fe,8,29,6,0.2069,0,0.0417,-1.8703,1.0,1,0,0
tmqm_4890,Ru,5,29,18,0.6207,0,0.0833,3.7034,1.0,0,0,0
tmqm_4891,Ru,9,29,18,0.6207,0,0.0833,9.379,1.0,0,0,0
tmqm_4892,Ru,7,26,17,0.6538,0,0.1,0.2136,1.0,0,1,0
tmqm_4893,Ru,9,26,18,0.6923,0,0.1111,10.0173,1.0,0,0,0
tmqm_4894,Ru,9,26,24,0.9231,0,0.3333,9.2745,1.0,0,0,0
tmqm_4895,Ru,6,29,13,0.4483,0,0.0588,7.8845,1.0,0,0,0
tmqm_4896,Fe,6,29,18,0.6207,0,0.0833,5.5791,1.0,0,0,0
tmqm_4897,Fe,3,27,19,0.7037,0,0.1111,2.0193,1.0,0,0,0
tmqm_4898,Os,9,26,19,0.7308,0,0.125,9.1084,1.0,0,0,0
tmqm_4899,Ru,9,29,18,0.6207,0,0.0833,10.7274,1.0,0,1,0
tmqm_4900,Ru,6,29,26,0.8966,0,0.25,6.9689,1.0,0,0,0
tmqm_4901,Fe,8,26,8,0.3077,0,0.0526,-1.1557,1.0,0,0,0
tmqm_4902,Ru,9,29,24,0.8276,0,0.1667,9.0092,1.0,0,0,0
tmqm_4903,Ru,9,26,15,0.5769,0,0.0833,10.2564,1.0,0,0,1
tmqm_4904,Fe,5,29,24,0.8276,0,0.1667,10.1706,1.0,0,0,0
tmqm_4905,Fe,8,26,15,0.5769,0,0.0833,-0.8786,1.0,0,0,0
tmqm_4906,Ru,9,26,18,0.6923,0,0.1111,10.4986,1.0,0,0,0
tmqm_4907,Fe,7,27,15,0.5556,0,0.0769,8.6538,1.0,0,0,0
tmqm_4908,Ru,7,29,21,0.7241,0,0.1111,0.0728,1.0,0,0,0
tmqm_4909,Ru,6,29,16,0.5517,0,0.0714,6.931,1.0,1,0,0
tmqm_4910,Ru,8,29,28,0.9655,0,0.5,9.2725,1.0,0,0,0
tmqm_4911,Ru,6,29,24,0.8276,0,0.1667,7.8515,1.0,0,0,0
tmqm_4912,Fe,8,26,9,0.3462,0,0.0556,-1.8987,1.0,0,0,0
tmqm_4913,Fe,10,29,15,0.5172,0,0.0667,2.2422,1.0,0,0,0
tmqm_4914,Ru,10,27,19,0.7037,0,0.1111,10.9253,1.0,0,0,0
tmqm_4915,Os,6,29,18,0.6207,0,0.0833,9.837,1.0,0,0,0
tmqm_4916,Fe,8,26,13,0.5,0,0.0714,-0.636,1.0,0,0,0
tmqm_4917,Fe,9,29,24,0.8276,0,0.1667,8.6665,1.0,0,0,0
tmqm_4918,Fe,7,29,13,0.4483,0,0.0588,6.1095,1.0,0,0,0
tmqm_4919,Ru,6,29,22,0.7586,0,0.125,10.8096,1.0,0,0,0
tmqm_4920,Ru,9,27,17,0.6296,0,0.0909,11.1652,1.0,0,0,0
tmqm_4921,Ru,7,26,19,0.7308,0,0.125,0.0723,1.0,0,0,0
tmqm_4922,Ru,6,29,25,0.8621,0,0.2,9.6214,1.0,1,0,0
tmqm_4923,Os,7,27,11,0.4074,0,0.0588,0.6987,1.0,0,0,0
tmqm_4924,Ru,9,27,23,0.8519,0,0.2,10.5702,1.0,0,0,0
tmqm_4925,Fe,8,26,12,0.4615,0,0.0667,-1.5754,1.0,0,0,0
tmqm_4926,Fe,8,27,4,0.1481,0,0.0417,-1.8138,1.0,0,0,0
tmqm_4927,Fe,8,26,12,0.4615,0,0.0667,-1.7603,1.0,0,0,0
tmqm_4928,Ru,7,29,18,0.6207,0,0.0833,-0.2947,1.0,0,0,0
tmqm_4929,Fe,5,27,15,0.5556,0,0.0769,11.1445,1.0,0,0,0
tmqm_4930,Ru,9,27,19,0.7037,0,0.1111,8.9096,1.0,0,0,0
tmqm_4931,Ru,9,26,18,0.6923,0,0.1111,11.0401,1.0,0,0,0
tmqm_4932,Fe,7,27,23,0.8519,0,0.2,8.4394,1.0,0,0,0
tmqm_4933,Fe,7,26,19,0.7308,0,0.125,9.4981,1.0,0,0,0
tmqm_4934,Ru,7,29,24,0.8276,0,0.1667,0.3176,1.0,0,0,0
tmqm_4935,Ru,9,26,16,0.6154,0,0.0909,9.3213,1.0,0,0,0
tmqm_4936,Ru,8,27,26,0.963,0,0.5,11.4263,1.0,0,0,0
tmqm_4937,Fe,5,27,22,0.8148,0,0.1667,12.6806,1.0,0,0,0
tmqm_4938,Fe,15,11,3,0.2727,0,0.1111,0.0118,1.0,0,0,0
tmqm_4939,Ru,9,29,18,0.6207,0,0.0833,9.5516,1.0,0,0,0
tmqm_4940,Fe,6,26,19,0.7308,0,0.125,6.0983,1.0,0,0,0
tmqm_4941,Ru,9,26,25,0.9615,0,0.5,9.1374,1.0,0,0,0
tmqm_4942,Fe,10,27,19,0.7037,0,0.1111,1.6575,1.0,0,0,0
tmqm_4943,Ru,8,27,20,0.7407,0,0.125,11.2502,1.0,0,1,0
tmqm_4944,Ru,6,29,24,0.8276,0,0.1667,8.1,1.0,0,0,0
tmqm_4945,Fe,8,26,2,0.0769,0,0.04,-2.5403,1.0,0,0,0
tmqm_4946,Fe,5,26,18,0.6923,0,0.1111,9.1036,1.0,0,0,0
tmqm_4947,Ru,9,26,16,0.6154,0,0.0909,9.5121,1.0,0,0,0
tmqm_4948,Ru,7,26,22,0.8462,0,0.2,0.4572,1.0,0,0,0
tmqm_4949,Fe,8,26,7,0.2692,0,0.05,-1.3863,1.0,0,0,0
tmqm_4950,Ru,7,29,21,0.7241,0,0.1111,2.1588,1.0,0,0,0
tmqm_4951,Ru,6,29,27,0.931,0,0.3333,7.7273,1.0,0,0,0
tmqm_4952,Ru,6,29,22,0.7586,0,0.125,10.4154,1.0,0,0,0
tmqm_4953,Ru,7,29,11,0.3793,0,0.0526,-0.4034,1.0,0,0,0
tmqm_4954,Ru,9,29,18,0.6207,0,0.0833,9.5931,1.0,0,0,0
tmqm_4955,Os,8,29,23,0.7931,0,0.1429,10.484,1.0,0,0,0
tmqm_4956,Fe,9,29,16,0.5517,0,0.0714,8.6963,1.0,0,0,0
tmqm_4957,Fe,7,29,24,0.8276,0,0.1667,9.5522,1.0,0,0,0
tmqm_4958,Fe,7,29,22,0.7586,0,0.125,11.1795,1.0,0,0,0
tmqm_4959,Ru,9,26,18,0.6923,0,0.1111,10.3802,1.0,0,0,0
tmqm_4960,Ru,5,29,15,0.5172,0,0.0667,1.8509,1.0,0,0,0
tmqm_4961,Ru,7,27,16,0.5926,0,0.0833,-1.0257,1.0,0,0,0
tmqm_4962,Ru,8,26,21,0.8077,0,0.1667,10.3449,1.0,0,0,0
tmqm_4963,Ru,9,29,19,0.6552,0,0.0909,10.4337,1.0,0,0,0
tmqm_4964,Fe,8,29,9,0.3103,0,0.0476,-1.4961,1.0,0,0,0
tmqm_4965,Fe,13,26,11,0.4231,0,0.0625,0.5456,1.0,0,0,0
tmqm_4966,Fe,4,26,16,0.6154,0,0.0909,8.0005,1.0,0,1,0
tmqm_4967,Fe,5,27,23,0.8519,0,0.2,11.2774,1.0,0,0,0
tmqm_4968,Fe,4,26,18,0.6923,0,0.1111,5.5174,1.0,0,0,0
tmqm_4969,Fe,3,26,22,0.8462,0,0.2,3.911,1.0,0,0,0
tmqm_4970,Fe,6,29,13,0.4483,0,0.0588,5.2225,1.0,0,0,0
tmqm_4971,Ru,9,29,22,0.7586,0,0.125,10.1552,1.0,0,0,0
tmqm_4972,Ru,5,26,15,0.5769,0,0.0833,3.7729,1.0,0,0,0
tmqm_4973,Ru,9,26,20,0.7692,0,0.1429,11.2708,1.0,0,0,0
tmqm_4974,Fe,9,26,21,0.8077,0,0.1667,4.5362,1.0,0,0,0
tmqm_4975,Fe,4,29,25,0.8621,0,0.2,5.5055,1.0,0,0,0
tmqm_4976,Fe,5,24,23,0.9583,0,0.5,14.4479,1.0,0,0,0
tmqm_4977,Ru,6,29,22,0.7586,0,0.125,10.8484,1.0,0,0,0
tmqm_4978,Ru,6,29,27,0.931,0,0.3333,9.8713,1.0,0,0,0
tmqm_4979,Fe,5,25,13,0.52,0,0.0769,11.3877,1.0,0,0,0
tmqm_4980,Fe,8,29,12,0.4138,0,0.0556,-1.2256,1.0,0,0,0
tmqm_4981,Fe,8,29,17,0.5862,0,0.0769,-0.0961,1.0,0,0,0
tmqm_4982,Ru,7,29,12,0.4138,0,0.0556,-0.1502,1.0,0,0,0
tmqm_4983,Fe,8,16,0,0.0,0,0.0588,-0.9779,1.0,0,0,0
tmqm_4984,Fe,9,26,21,0.8077,0,0.1667,9.6558,1.0,0,0,0
tmqm_4985,Fe,7,25,13,0.52,0,0.0769,10.2444,1.0,0,0,0
tmqm_4986,Ru,9,29,21,0.7241,0,0.1111,9.9151,1.0,0,0,0
tmqm_4987,Fe,10,29,19,0.6552,0,0.0909,1.1224,1.0,1,0,0
tmqm_4988,Ru,6,29,23,0.7931,0,0.1429,10.0649,1.0,0,0,0
tmqm_4989,Fe,5,27,17,0.6296,0,0.0909,10.6647,1.0,0,0,0
tmqm_4990,Ru,8,26,20,0.7692,0,0.1429,11.5079,1.0,0,0,0
tmqm_4991,Ru,5,27,15,0.5556,0,0.0769,3.4096,1.0,0,0,1
tmqm_4992,Fe,8,27,8,0.2963,0,0.05,-1.5992,1.0,0,0,0
tmqm_4993,Ru,8,26,19,0.7308,0,0.125,10.7143,1.0,0,0,0
tmqm_4994,Ru,9,29,25,0.8621,0,0.2,11.214,1.0,0,0,0
tmqm_4995,Ru,9,26,25,0.9615,0,0.5,11.4334,1.0,0,0,0
tmqm_4996,Ru,8,29,18,0.6207,0,0.0833,8.8033,1.0,0,0,0
tmqm_4997,Fe,5,23,19,0.8261,0,0.2,11.9041,1.0,1,0,0
tmqm_4998,Ru,6,29,16,0.5517,0,0.0714,9.306,1.0,0,0,0
tmqm_4999,Ru,9,26,19,0.7308,0,0.125,10.1243,1.0,0,0,0
tmqm_5000,Ru,7,27,15,0.5556,0,0.0769,0.6503,1.0,0,0,0
tmqm_5001,Fe,5,27,15,0.5556,0,0.0769,11.5067,1.0,0,0,0
tmqm_5002,Fe,6,29,24,0.8276,0,0.1667,8.2755,1.0,0,0,0
tmqm_5003,Fe,4,26,18,0.6923,0,0.1111,6.1764,1.0,0,0,0
tmqm_5004,Fe,5,27,21,0.7778,0,0.1429,10.2686,1.0,0,1,0
tmqm_5005,Os,7,29,19,0.6552,0,0.0909,1.5622,1.0,0,0,0
tmqm_5006,Ru,10,29,22,0.7586,0,0.125,10.0633,1.0,0,0,0
tmqm_5007,Ru,6,29,19,0.6552,0,0.0909,7.624,1.0,0,0,0
tmqm_5008,Ru,6,26,14,0.5385,0,0.0769,10.7051,1.0,0,0,0
tmqm_5009,Os,6,29,13,0.4483,0,0.0588,9.2628,1.0,0,0,0
tmqm_5010,Ru,9,26,16,0.6154,0,0.0909,10.9796,1.0,0,0,0
tmqm_5011,Ru,6,29,19,0.6552,0,0.0909,9.7096,1.0,0,0,0
tmqm_5012,Ru,6,29,23,0.7931,0,0.1429,10.1772,1.0,0,0,0
tmqm_5013,Ru,6,29,16,0.5517,0,0.0714,8.1996,1.0,0,0,0
tmqm_5014,Ru,9,29,22,0.7586,0,0.125,7.3903,1.0,0,0,0
tmqm_5015,Fe,6,29,19,0.6552,0,0.0909,6.2251,1.0,0,0,0
tmqm_5016,Ru,9,26,20,0.7692,0,0.1429,8.8985,1.0,0,1,0
tmqm_5017,Fe,10,29,16,0.5517,0,0.0714,1.885,1.0,0,0,0
tmqm_5018,Fe,6,24,16,0.6667,0,0.1111,7.0719,1.0,0,0,0
tmqm_5019,Fe,6,26,25,0.9615,0,0.5,9.1581,1.0,0,0,0
tmqm_5020,Fe,9,26,18,0.6923,0,0.1111,9.157,1.0,0,0,0
tmqm_5021,Ru,6,29,22,0.7586,0,0.125,10.0361,1.0,0,0,0
tmqm_5022,Ru,6,27,23,0.8519,0,0.2,9.7593,1.0,0,0,0
tmqm_5023,Ru,6,27,16,0.5926,0,0.0833,8.3703,1.0,0,0,0
tmqm_5024,Ru,9,26,18,0.6923,0,0.1111,10.8746,1.0,0,0,0
tmqm_5025,Fe,4,26,19,0.7308,0,0.125,6.5185,1.0,0,0,0
tmqm_5026,Ru,6,29,14,0.4828,0,0.0625,7.7294,1.0,0,0,0
tmqm_5027,Os,7,29,16,0.5517,0,0.0714,2.0096,1.0,0,0,0
tmqm_5028,Ru,6,29,26,0.8966,0,0.25,8.4153,1.0,0,0,0
tmqm_5029,Fe,8,26,8,0.3077,0,0.0526,-1.9649,1.0,0,0,0
tmqm_5030,Ru,4,26,21,0.8077,0,0.1667,6.1211,1.0,0,0,0
tmqm_5031,Ru,9,27,20,0.7407,0,0.125,11.2746,1.0,0,0,0
tmqm_5032,Fe,4,27,26,0.963,0,0.5,7.1142,1.0,0,0,0
tmqm_5033,Ru,9,27,16,0.5926,0,0.0833,9.9927,1.0,0,0,0
tmqm_5034,Ru,8,26,22,0.8462,0,0.2,11.6325,1.0,1,0,0
tmqm_5035,Ru,9,26,21,0.8077,0,0.1667,9.6631,1.0,0,0,0
tmqm_5036,Fe,7,29,14,0.4828,0,0.0625,8.7177,1.0,0,0,0
tmqm_5037,Fe,12,25,3,0.12,0,0.0435,-0.3765,1.0,0,0,0
tmqm_5038,Ru,6,29,25,0.8621,0,0.2,9.0355,1.0,0,0,0
tmqm_5039,Fe,9,26,17,0.6538,0,0.1,7.6917,1.0,0,0,0
tmqm_5040,Ru,7,26,16,0.6154,0,0.0909,-0.7241,1.0,0,0,0
tmqm_5041,Ru,9,29,24,0.8276,0,0.1667,10.4122,1.0,0,0,0
tmqm_5042,Ru,6,29,20,0.6897,0,0.1,9.5081,1.0,0,0,0
tmqm_5043,Ru,7,27,10,0.3704,0,0.0556,-0.8168,1.0,0,0,0
tmqm_5044,Ru,6,29,24,0.8276,0,0.1667,8.3063,1.0,0,0,0
tmqm_5045,Ru,5,29,12,0.4138,0,0.0556,2.9637,1.0,0,0,0
tmqm_5046,Ru,7,29,7,0.2414,0,0.0435,-1.0827,1.0,0,0,0
tmqm_5047,Fe,6,26,15,0.5769,0,0.0833,5.7589,1.0,0,0,0
tmqm_5048,Ru,6,29,21,0.7241,0,0.1111,8.4796,1.0,0,1,0
tmqm_5049,Os,6,14,8,0.5714,0,0.1429,0.1737,1.0,0,0,0
tmqm_5050,Ru,8,29,18,0.6207,0,0.0833,10.8975,1.0,0,0,0
tmqm_5051,Fe,7,29,21,0.7241,0,0.1111,8.3756,1.0,0,0,0
tmqm_5052,Fe,8,26,14,0.5385,0,0.0769,-0.9485,1.0,0,0,0
tmqm_5053,Ru,9,29,23,0.7931,0,0.1429,10.2527,1.0,0,0,0
tmqm_5054,Ru,6,27,15,0.5556,0,0.0769,8.6868,1.0,0,0,0
tmqm_5055,Os,6,27,15,0.5556,0,0.0769,6.7076,1.0,0,0,0
tmqm_5056,Ru,7,29,20,0.6897,0,0.1,0.2777,1.0,0,0,0
tmqm_5057,Ru,6,29,16,0.5517,0,0.0714,8.5659,1.0,0,0,0
tmqm_5058,Ru,9,27,27,1.0,1,1.0,10.5608,1.0,0,1,0
tmqm_5059,Ru,9,26,17,0.6538,0,0.1,10.4083,1.0,0,0,0
tmqm_5060,Fe,10,29,15,0.5172,0,0.0667,1.0692,1.0,0,0,0
tmqm_5061,Fe,4,26,22,0.8462,0,0.2,7.7517,1.0,0,0,0
tmqm_5062,Ru,4,27,20,0.7407,0,0.125,3.9467,1.0,0,0,0
tmqm_5063,Fe,8,27,8,0.2963,0,0.05,-1.6052,1.0,0,0,0
tmqm_5064,Ru,10,27,19,0.7037,0,0.1111,10.1691,1.0,0,0,0
tmqm_5065,Fe,5,27,15,0.5556,0,0.0769,12.518,1.0,0,0,0
tmqm_5066,Ru,10,29,23,0.7931,0,0.1429,10.7597,1.0,0,1,0
tmqm_5067,Ru,6,29,19,0.6552,0,0.0909,9.1089,1.0,0,0,0
tmqm_5068,Ru,10,26,24,0.9231,0,0.3333,12.3927,1.0,0,0,0
tmqm_5069,Fe,6,26,19,0.7308,0,0.125,7.4017,1.0,0,0,0
tmqm_5070,Ru,9,27,20,0.7407,0,0.125,10.253,1.0,0,0,1
tmqm_5071,Ru,6,29,22,0.7586,0,0.125,8.1195,1.0,0,0,0
tmqm_5072,Fe,5,26,22,0.8462,0,0.2,9.8231,1.0,0,0,0
tmqm_5073,Fe,10,29,17,0.5862,0,0.0769,0.8256,1.0,0,0,0
tmqm_5074,Fe,2,25,21,0.84,0,0.2,5.5843,1.0,0,0,0
tmqm_5075,Ru,9,26,18,0.6923,0,0.1111,9.6092,1.0,0,0,0
tmqm_5076,Os,8,29,22,0.7586,0,0.125,11.3645,1.0,0,0,0
tmqm_5077,Ru,8,26,18,0.6923,0,0.1111,11.5706,1.0,0,0,0
tmqm_5078,Ru,9,29,25,0.8621,0,0.2,10.0766,1.0,0,0,0
tmqm_5079,Ru,8,26,25,0.9615,0,0.5,10.8306,1.0,0,0,0
tmqm_5080,Ru,9,29,22,0.7586,0,0.125,10.0428,1.0,0,0,0
tmqm_5081,Fe,6,29,13,0.4483,0,0.0588,7.4651,1.0,0,0,0
tmqm_5082,Ru,9,29,20,0.6897,0,0.1,10.3718,1.0,0,0,0
tmqm_5083,Fe,4,26,21,0.8077,0,0.1667,3.1663,1.0,0,0,0
tmqm_5084,Os,9,29,16,0.5517,0,0.0714,8.5244,1.0,0,0,0
tmqm_5085,Ru,9,26,22,0.8462,0,0.2,10.4052,1.0,0,1,0
tmqm_5086,Fe,6,26,18,0.6923,0,0.1111,5.103,1.0,0,0,0
tmqm_5087,Fe,2,22,15,0.6818,0,0.125,7.1587,1.0,0,0,0
tmqm_5088,Ru,6,29,26,0.8966,0,0.25,8.5567,1.0,0,0,0
tmqm_5089,Fe,5,24,12,0.5,0,0.0769,11.6081,1.0,0,0,0
tmqm_5090,Ru,9,29,23,0.7931,0,0.1429,8.7347,1.0,0,0,0
tmqm_5091,Fe,6,29,19,0.6552,0,0.0909,7.1174,1.0,0,0,0
tmqm_5092,Ru,8,26,12,0.4615,0,0.0667,9.4942,1.0,0,0,0
tmqm_5093,Ru,6,26,11,0.4231,0,0.0625,7.3432,1.0,0,1,0
tmqm_5094,Ru,8,26,17,0.6538,0,0.1,11.628,1.0,0,0,0
tmqm_5095,Ru,9,27,17,0.6296,0,0.0909,8.7541,1.0,0,0,0
tmqm_5096,Os,7,29,23,0.7931,0,0.1429,1.1907,1.0,0,0,0
tmqm_5097,Ru,5,29,18,0.6207,0,0.0833,0.4398,1.0,0,0,0
tmqm_5098,Ru,9,26,19,0.7308,0,0.125,10.8363,1.0,0,0,0
tmqm_5099,Ru,8,29,26,0.8966,0,0.25,11.5134,1.0,0,0,0
tmqm_5100,Fe,5,26,12,0.4615,0,0.0667,10.7614,1.0,0,0,0
tmqm_5101,Ru,8,16,0,0.0,0,0.0588,-1.1166,1.0,0,0,0
tmqm_5102,Fe,8,28,15,0.5357,0,0.0714,-0.9995,1.0,1,0,0
tmqm_5103,Ru,9,26,21,0.8077,0,0.1667,10.5783,1.0,0,0,0
tmqm_5104,Os,7,26,19,0.7308,0,0.125,0.0874,1.0,0,0,0
tmqm_5105,Fe,8,29,8,0.2759,0,0.0455,-1.4689,1.0,0,0,0
tmqm_5106,Ru,6,29,21,0.7241,0,0.1111,10.0514,1.0,0,0,0
tmqm_5107,Fe,4,26,20,0.7692,0,0.1429,8.0669,1.0,0,0,0
tmqm_5108,Ru,7,29,18,0.6207,0,0.0833,0.7666,1.0,0,0,0
tmqm_5109,Ru,9,26,24,0.9231,0,0.3333,11.4472,1.0,0,0,0
tmqm_5110,Os,9,27,21,0.7778,0,0.1429,7.8592,1.0,0,0,1
tmqm_5111,Ru,8,29,18,0.6207,0,0.0833,9.4539,1.0,0,0,0
tmqm_5112,Fe,6,27,13,0.4815,0,0.0667,3.8191,1.0,0,0,0
tmqm_5113,Fe,6,26,22,0.8462,0,0.2,5.1754,1.0,0,0,0
tmqm_5114,Os,6,29,17,0.5862,0,0.0769,9.381,1.0,0,0,0
tmqm_5115,Ru,7,27,19,0.7037,0,0.1111,-0.8517,1.0,0,0,0
tmqm_5116,Fe,10,29,16,0.5517,0,0.0714,0.2489,1.0,0,0,0
tmqm_5117,Ru,5,27,22,0.8148,0,0.1667,2.0793,1.0,0,0,0
tmqm_5118,Ru,8,26,18,0.6923,0,0.1111,11.4355,1.0,0,0,0
tmqm_5119,Os,7,26,20,0.7692,0,0.1429,0.6147,1.0,0,0,0
tmqm_5120,Ru,6,29,23,0.7931,0,0.1429,10.5588,1.0,0,0,0
tmqm_5121,Ru,5,26,23,0.8846,0,0.25,4.7298,1.0,0,0,0
tmqm_5122,Ru,6,29,20,0.6897,0,0.1,9.5579,1.0,0,0,0
tmqm_5123,Fe,8,27,14,0.5185,0,0.0714,-0.2576,1.0,0,0,0
tmqm_5124,Fe,8,26,15,0.5769,0,0.0833,-1.2136,1.0,0,0,0
tmqm_5125,Ru,8,26,18,0.6923,0,0.1111,11.1584,1.0,0,0,0
tmqm_5126,Ru,2,25,17,0.68,0,0.1111,7.7351,1.0,0,0,0
tmqm_5127,Ru,7,29,19,0.6552,0,0.0909,3.317,1.0,0,0,0
tmqm_5128,Ru,6,29,20,0.6897,0,0.1,9.7937,1.0,0,0,0
tmqm_5129,Ru,6,29,25,0.8621,0,0.2,10.7402,1.0,0,0,0
tmqm_5130,Ru,9,27,17,0.6296,0,0.0909,10.7458,1.0,0,0,0
tmqm_5131,Fe,8,26,15,0.5769,0,0.0833,-0.6997,1.0,0,0,0
tmqm_5132,Ru,6,29,24,0.8276,0,0.1667,9.9817,1.0,0,0,0
tmqm_5133,Fe,10,29,19,0.6552,0,0.0909,1.5077,1.0,0,0,0
tmqm_5134,Ru,9,27,22,0.8148,0,0.1667,11.0575,1.0,0,0,0
tmqm_5135,Fe,9,27,19,0.7037,0,0.1111,10.0044,1.0,0,0,0
tmqm_5136,Ru,7,29,14,0.4828,0,0.0625,-1.0555,1.0,0,0,0
tmqm_5137,Ru,9,26,17,0.6538,0,0.1,10.9964,1.0,0,0,0
tmqm_5138,Ru,9,26,15,0.5769,0,0.0833,9.9817,1.0,0,0,0
tmqm_5139,Ru,6,29,18,0.6207,0,0.0833,9.3951,1.0,0,0,0
tmqm_5140,Fe,6,16,2,0.125,0,0.0667,-0.4997,1.0,1,0,0
tmqm_5141,Fe,6,29,19,0.6552,0,0.0909,6.8811,1.0,1,0,1
tmqm_5142,Ru,8,26,18,0.6923,0,0.1111,11.1482,1.0,0,0,0
tmqm_5143,Fe,11,27,18,0.6667,0,0.1,2.7897,1.0,0,0,0
tmqm_5144,Fe,7,26,18,0.6923,0,0.1111,6.0758,1.0,0,0,0
tmqm_5145,Ru,9,29,25,0.8621,0,0.2,10.0038,1.0,0,0,0
tmqm_5146,Fe,5,26,19,0.7308,0,0.125,11.2775,1.0,0,0,0
tmqm_5147,Ru,9,26,15,0.5769,0,0.0833,9.7075,1.0,0,0,0
tmqm_5148,Fe,5,29,17,0.5862,0,0.0769,9.8059,1.0,0,0,0
tmqm_5149,Ru,10,26,17,0.6538,0,0.1,13.0203,1.0,0,0,0
tmqm_5150,Ru,9,27,23,0.8519,0,0.2,10.277,1.0,0,0,0
tmqm_5151,Ru,7,26,7,0.2692,0,0.05,-1.0319,1.0,0,0,0
tmqm_5152,Ru,8,27,26,0.963,0,0.5,10.8783,1.0,0,0,0
tmqm_5153,Fe,5,26,14,0.5385,0,0.0769,6.4532,1.0,0,0,0
tmqm_5154,Ru,6,29,13,0.4483,0,0.0588,8.8733,1.0,0,0,0
tmqm_5155,Ru,6,29,22,0.7586,0,0.125,8.3397,1.0,0,0,0
tmqm_5156,Fe,4,27,14,0.5185,0,0.0714,5.5088,1.0,0,0,0
tmqm_5157,Ru,6,29,24,0.8276,0,0.1667,8.9363,1.0,0,0,0
tmqm_5158,Fe,5,16,13,0.8125,0,0.25,0.5075,1.0,1,0,0
tmqm_5159,Fe,5,26,24,0.9231,0,0.3333,10.4984,1.0,0,0,0
tmqm_5160,Ru,9,26,12,0.4615,0,0.0667,9.6372,1.0,0,0,0
tmqm_5161,Os,4,23,14,0.6087,0,0.1,5.0945,1.0,0,0,0
tmqm_5162,Fe,9,27,22,0.8148,0,0.1667,9.3988,1.0,0,0,0
tmqm_5163,Fe,5,27,15,0.5556,0,0.0769,11.3801,1.0,0,0,0
tmqm_5164,Fe,10,29,23,0.7931,0,0.1429,2.0304,1.0,0,0,0
tmqm_5165,Fe,10,29,16,0.5517,0,0.0714,-1.092,1.0,0,0,0
tmqm_5166,Ru,9,26,17,0.6538,0,0.1,10.9584,1.0,0,0,0
tmqm_5167,Fe,6,29,18,0.6207,0,0.0833,6.9605,1.0,0,0,0
tmqm_5168,Os,7,27,8,0.2963,0,0.05,-0.1795,1.0,0,0,0
tmqm_5169,Ru,9,26,20,0.7692,0,0.1429,10.4043,1.0,0,0,0
tmqm_5170,Ru,7,29,26,0.8966,0,0.25,2.1355,1.0,0,1,0
tmqm_5171,Ru,8,26,22,0.8462,0,0.2,10.7519,1.0,0,0,0
tmqm_5172,Ru,9,26,24,0.9231,0,0.3333,11.4901,1.0,0,0,0
tmqm_5173,Os,10,27,9,0.3333,0,0.0526,-1.2267,1.0,0,0,0
tmqm_5174,Ru,9,29,21,0.7241,0,0.1111,9.7867,1.0,0,0,0
tmqm_5175,Os,6,29,20,0.6897,0,0.1,9.8425,1.0,0,0,0
tmqm_5176,Fe,10,29,13,0.4483,0,0.0588,0.3176,1.0,0,0,0
tmqm_5177,Ru,9,29,21,0.7241,0,0.1111,9.2628,1.0,0,0,0
tmqm_5178,Ru,6,29,27,0.931,0,0.3333,10.6202,1.0,0,1,0
tmqm_5179,Ru,7,26,15,0.5769,0,0.0833,-0.4093,1.0,0,0,0
tmqm_5180,Fe,3,27,8,0.2963,0,0.05,0.2741,1.0,0,0,0
tmqm_5181,Ru,9,27,16,0.5926,0,0.0833,9.438,1.0,0,0,0
tmqm_5182,Ru,6,29,22,0.7586,0,0.125,8.2922,1.0,0,0,0
tmqm_5183,Ru,6,29,23,0.7931,0,0.1429,9.9095,1.0,0,0,0
tmqm_5184,Os,6,29,19,0.6552,0,0.0909,8.7988,1.0,0,0,0
tmqm_5185,Os,6,29,20,0.6897,0,0.1,8.0771,1.0,0,0,0
tmqm_5186,Ru,8,29,20,0.6897,0,0.1,10.8137,1.0,0,0,0
tmqm_5187,Os,7,16,7,0.4375,0,0.1,0.1066,1.0,0,0,0
tmqm_5188,Fe,8,29,8,0.2759,0,0.0455,-1.1739,1.0,0,0,0
tmqm_5189,Fe,6,16,3,0.1875,0,0.0714,-0.2934,1.0,0,0,0
tmqm_5190,Ru,6,29,14,0.4828,0,0.0625,8.8716,1.0,0,0,0
tmqm_5191,Ru,9,26,21,0.8077,0,0.1667,10.9057,1.0,0,0,0
tmqm_5192,Ru,6,27,21,0.7778,0,0.1429,10.5481,1.0,1,0,0
tmqm_5193,Os,8,29,27,0.931,0,0.3333,10.3962,1.0,0,0,0
tmqm_5194,Fe,6,27,11,0.4074,0,0.0588,5.2564,1.0,0,0,0
tmqm_5195,Ru,6,16,1,0.0625,0,0.0625,-1.1436,1.0,0,0,0
tmqm_5196,Fe,4,27,24,0.8889,0,0.25,6.7368,1.0,0,0,0
tmqm_5197,Ru,7,26,23,0.8846,0,0.25,-0.558,1.0,0,0,0
tmqm_5198,Fe,4,27,18,0.6667,0,0.1,4.6873,1.0,0,0,0
tmqm_5199,Ru,9,29,27,0.931,0,0.3333,11.2157,1.0,0,0,0
tmqm_5200,Ru,8,29,26,0.8966,0,0.25,9.6324,1.0,0,0,0
tmqm_5201,Os,7,29,20,0.6897,0,0.1,0.7901,1.0,0,0,0
tmqm_5202,Ru,12,26,20,0.7692,0,0.1429,0.8351,1.0,0,0,0
tmqm_5203,Ru,8,29,25,0.8621,0,0.2,7.8726,1.0,0,0,0
tmqm_5204,Fe,6,29,18,0.6207,0,0.0833,6.7186,1.0,0,0,0
tmqm_5205,Fe,8,26,15,0.5769,0,0.0833,-1.6907,1.0,0,0,0
tmqm_5206,Fe,6,29,23,0.7931,0,0.1429,5.8074,1.0,0,0,0
tmqm_5207,Fe,4,27,17,0.6296,0,0.0909,6.0438,1.0,0,0,0
tmqm_5208,Ru,6,29,19,0.6552,0,0.0909,9.9195,1.0,0,0,0
tmqm_5209,Fe,7,29,15,0.5172,0,0.0667,8.9133,1.0,1,0,0
tmqm_5210,Os,8,29,19,0.6552,0,0.0909,8.1762,1.0,0,0,0
tmqm_5211,Ru,7,29,15,0.5172,0,0.0667,0.2159,1.0,0,0,0
tmqm_5212,Ru,10,29,20,0.6897,0,0.1,9.1278,1.0,0,0,0
tmqm_5213,Ru,6,26,13,0.5,0,0.0714,8.8027,1.0,0,0,0
tmqm_5214,Ru,9,26,18,0.6923,0,0.1111,9.4296,1.0,0,0,0
tmqm_5215,Fe,6,29,13,0.4483,0,0.0588,5.8817,1.0,0,0,0
tmqm_5216,Ru,7,29,22,0.7586,0,0.125,0.6723,1.0,0,0,1
tmqm_5217,Ru,8,29,23,0.7931,0,0.1429,11.6092,1.0,0,0,0
tmqm_5218,Ru,9,26,22,0.8462,0,0.2,10.6824,1.0,0,0,0
tmqm_5219,Fe,6,29,14,0.4828,0,0.0625,7.0849,1.0,0,0,0
tmqm_5220,Fe,6,27,22,0.8148,0,0.1667,7.0244,1.0,0,0,0
tmqm_5221,Ru,9,29,21,0.7241,0,0.1111,9.564,1.0,0,0,0
tmqm_5222,Fe,8,27,9,0.3333,0,0.0526,-1.3617,1.0,0,0,0
tmqm_5223,Os,6,29,19,0.6552,0,0.0909,10.1031,1.0,0,0,0
tmqm_5224,Ru,8,29,19,0.6552,0,0.0909,11.8426,1.0,0,0,0
tmqm_5225,Ru,6,29,14,0.4828,0,0.0625,8.6711,1.0,0,0,0
tmqm_5226,Ru,5,27,19,0.7037,0,0.1111,4.2449,1.0,0,0,0
tmqm_5227,Fe,6,29,19,0.6552,0,0.0909,6.419,1.0,0,0,0
tmqm_5228,Fe,12,28,17,0.6071,0,0.0833,1.6197,1.0,1,0,1
tmqm_5229,Ru,9,27,21,0.7778,0,0.1429,11.9261,1.0,0,0,0
tmqm_5230,Ru,8,29,15,0.5172,0,0.0667,11.1696,1.0,0,0,0
tmqm_5231,Ru,9,26,16,0.6154,0,0.0909,9.7542,1.0,0,0,0
tmqm_5232,Ru,6,29,17,0.5862,0,0.0769,8.0543,1.0,0,0,0
tmqm_5233,Fe,8,29,12,0.4138,0,0.0556,-1.3479,1.0,0,0,0
tmqm_5234,Fe,14,23,9,0.3913,0,0.0667,4.3583,1.0,0,0,0
tmqm_5235,Os,7,26,13,0.5,0,0.0714,-0.088,1.0,0,0,0
tmqm_5236,Ru,6,12,6,0.5,0,0.1429,-0.1169,1.0,1,0,0
tmqm_5237,Fe,7,29,18,0.6207,0,0.0833,8.2311,1.0,0,0,0
tmqm_5238,Fe,8,29,6,0.2069,0,0.0417,-1.6241,1.0,0,0,0
tmqm_5239,Fe,3,26,25,0.9615,0,0.5,0.7858,1.0,0,0,0
tmqm_5240,Fe,6,29,22,0.7586,0,0.125,5.0545,1.0,0,0,0
tmqm_5241,Fe,5,29,28,0.9655,0,0.5,9.5619,1.0,0,0,0
tmqm_5242,Ru,8,26,14,0.5385,0,0.0769,11.3612,1.0,0,0,0
tmqm_5243,Ru,7,29,17,0.5862,0,0.0769,2.3149,1.0,0,0,0
tmqm_5244,Ru,6,27,19,0.7037,0,0.1111,9.9963,1.0,0,0,0
tmqm_5245,Ru,9,26,22,0.8462,0,0.2,11.2597,1.0,0,0,0
tmqm_5246,Ru,9,27,21,0.7778,0,0.1429,9.5015,1.0,0,0,0
tmqm_5247,Fe,4,27,22,0.8148,0,0.1667,6.2818,1.0,0,0,0
tmqm_5248,Fe,8,29,9,0.3103,0,0.0476,-1.2075,1.0,0,0,0
tmqm_5249,Ru,9,26,17,0.6538,0,0.1,9.8003,1.0,0,0,0
tmqm_5250,Ru,9,26,17,0.6538,0,0.1,11.428,1.0,0,0,0
tmqm_5251,Os,6,27,14,0.5185,0,0.0714,10.0757,1.0,0,0,0
tmqm_5252,Ru,8,29,28,0.9655,0,0.5,11.3006,1.0,0,0,0
tmqm_5253,Fe,8,26,6,0.2308,0,0.0476,-1.6832,1.0,0,0,1
tmqm_5254,Os,5,29,24,0.8276,0,0.1667,3.2001,1.0,0,0,1
tmqm_5255,Ru,8,26,21,0.8077,0,0.1667,9.2954,1.0,0,0,0
tmqm_5256,Ru,6,29,20,0.6897,0,0.1,8.7176,1.0,0,0,0
tmqm_5257,Fe,7,29,21,0.7241,0,0.1111,7.0527,1.0,0,0,0
tmqm_5258,Fe,14,23,15,0.6522,0,0.1111,3.9556,1.0,0,0,0
tmqm_5259,Ru,6,29,23,0.7931,0,0.1429,8.7618,1.0,0,0,0
tmqm_5260,Ru,8,26,17,0.6538,0,0.1,11.524,1.0,0,0,0
tmqm_5261,Ru,2,26,15,0.5769,0,0.0833,7.0116,1.0,0,0,0
tmqm_5262,Os,7,29,17,0.5862,0,0.0769,0.8026,1.0,0,0,0
tmqm_5263,Fe,6,29,23,0.7931,0,0.1429,8.3687,1.0,0,0,0
tmqm_5264,Ru,9,27,20,0.7407,0,0.125,9.2977,1.0,0,0,0
tmqm_5265,Os,6,29,28,0.9655,0,0.5,9.628,1.0,0,0,0
tmqm_5266,Ru,6,29,23,0.7931,0,0.1429,7.6171,1.0,0,0,0
tmqm_5267,Fe,4,26,19,0.7308,0,0.125,7.3848,1.0,0,0,0
tmqm_5268,Ru,9,26,20,0.7692,0,0.1429,9.9318,1.0,0,0,0
tmqm_5269,Ru,10,27,25,0.9259,0,0.3333,11.6669,1.0,0,0,0
tmqm_5270,Ru,6,26,18,0.6923,0,0.1111,9.717,1.0,0,0,0
tmqm_5271,Ru,9,29,21,0.7241,0,0.1111,9.5268,1.0,1,0,0
tmqm_5272,Fe,6,29,11,0.3793,0,0.0526,7.1055,1.0,0,0,0
tmqm_5273,Fe,7,24,18,0.75,0,0.1429,3.0569,1.0,0,0,0
tmqm_5274,Fe,6,29,24,0.8276,0,0.1667,8.5384,1.0,0,0,0
tmqm_5275,Ru,8,26,24,0.9231,0,0.3333,12.1315,1.0,0,0,0
tmqm_5276,Ru,6,29,21,0.7241,0,0.1111,8.2912,1.0,0,0,0
tmqm_5277,Ru,3,26,3,0.1154,0,0.0417,-0.4162,1.0,0,0,0
tmqm_5278,Ru,7,29,11,0.3793,0,0.0526,-0.8412,1.0,0,0,0
tmqm_5279,Fe,7,26,24,0.9231,0,0.3333,7.4396,1.0,1,0,0
tmqm_5280,Ru,6,29,23,0.7931,0,0.1429,10.372,1.0,0,0,0
tmqm_5281,Ru,10,26,19,0.7308,0,0.125,11.9017,1.0,0,0,0
tmqm_5282,Ru,8,29,27,0.931,0,0.3333,11.9255,1.0,0,0,0
tmqm_5283,Ru,8,26,18,0.6923,0,0.1111,8.3161,1.0,0,0,0
tmqm_5284,Fe,3,26,15,0.5769,0,0.0833,1.1678,1.0,0,0,0
tmqm_5285,Ru,9,29,13,0.4483,0,0.0588,8.6604,1.0,0,0,0
tmqm_5286,Ru,10,29,17,0.5862,0,0.0769,10.4599,1.0,0,0,0
tmqm_5287,Ru,7,29,15,0.5172,0,0.0667,0.1137,1.0,0,0,0
tmqm_5288,Ru,9,26,17,0.6538,0,0.1,10.1576,1.0,0,0,0
tmqm_5289,Fe,7,27,19,0.7037,0,0.1111,9.0318,1.0,0,0,1
tmqm_5290,Ru,4,26,18,0.6923,0,0.1111,3.0113,1.0,0,0,0
tmqm_5291,Ru,8,29,23,0.7931,0,0.1429,8.7976,1.0,0,0,0
tmqm_5292,Ru,7,26,16,0.6154,0,0.0909,0.5322,1.0,0,0,0
tmqm_5293,Fe,10,28,18,0.6429,0,0.0909,-0.0138,1.0,0,0,0
tmqm_5294,Ru,9,27,17,0.6296,0,0.0909,10.1664,1.0,0,0,0
tmqm_5295,Ru,6,26,10,0.3846,0,0.0588,8.6035,1.0,0,0,0
tmqm_5296,Ru,9,29,27,0.931,0,0.3333,8.1269,1.0,0,0,0
tmqm_5297,Ru,9,29,21,0.7241,0,0.1111,10.3492,1.0,0,0,0
tmqm_5298,Ru,8,26,13,0.5,0,0.0714,10.2763,1.0,0,0,0
tmqm_5299,Ru,7,29,17,0.5862,0,0.0769,0.8936,1.0,0,0,0
tmqm_5300,Ru,9,26,17,0.6538,0,0.1,9.5482,1.0,0,0,0
tmqm_5301,Os,6,10,3,0.3,0,0.125,-0.0036,1.0,0,0,0
tmqm_5302,Ru,8,27,15,0.5556,0,0.0769,10.0049,1.0,0,0,0
tmqm_5303,Fe,6,27,19,0.7037,0,0.1111,7.1986,1.0,0,0,0
tmqm_5304,Fe,3,27,17,0.6296,0,0.0909,0.5681,1.0,0,0,0
tmqm_5305,Fe,4,27,24,0.8889,0,0.25,6.0538,1.0,0,0,0
tmqm_5306,Fe,9,29,16,0.5517,0,0.0714,6.8433,1.0,0,0,0
tmqm_5307,Os,6,16,7,0.4375,0,0.1,-0.0416,1.0,0,0,0
tmqm_5308,Ru,6,29,23,0.7931,0,0.1429,7.2938,1.0,0,0,0
tmqm_5309,Ru,8,29,17,0.5862,0,0.0769,10.7874,1.0,1,0,0
tmqm_5310,Fe,7,29,25,0.8621,0,0.2,10.0895,1.0,0,0,0
tmqm_5311,Fe,4,26,18,0.6923,0,0.1111,7.4095,1.0,0,0,0
tmqm_5312,Ru,9,26,21,0.8077,0,0.1667,10.996,1.0,0,0,0
tmqm_5313,Ru,8,29,28,0.9655,0,0.5,10.4332,1.0,0,0,0
tmqm_5314,Os,6,29,23,0.7931,0,0.1429,8.8936,1.0,0,0,0
tmqm_5315,Ru,6,16,8,0.5,0,0.1111,0.0133,1.0,0,0,0
tmqm_5316,Ru,9,29,21,0.7241,0,0.1111,9.9193,1.0,0,0,0
tmqm_5317,Ru,7,29,16,0.5517,0,0.0714,1.2151,1.0,0,0,0
tmqm_5318,Ru,6,29,24,0.8276,0,0.1667,8.1454,1.0,0,0,0
tmqm_5319,Fe,7,29,20,0.6897,0,0.1,8.6394,1.0,0,0,0
tmqm_5320,Ru,5,29,24,0.8276,0,0.1667,3.5692,1.0,0,0,0
tmqm_5321,Ru,9,29,24,0.8276,0,0.1667,9.5436,1.0,0,0,0
tmqm_5322,Fe,7,27,22,0.8148,0,0.1667,8.6497,1.0,0,0,0
tmqm_5323,Ru,9,27,23,0.8519,0,0.2,10.3866,1.0,0,0,0
tmqm_5324,Ru,2,25,17,0.68,0,0.1111,3.9909,1.0,0,0,0
tmqm_5325,Fe,13,26,9,0.3462,0,0.0556,0.7357,1.0,0,0,0
tmqm_5326,Fe,4,26,25,0.9615,0,0.5,4.5391,1.0,0,0,0
tmqm_5327,Os,6,27,12,0.4444,0,0.0625,9.3197,1.0,0,0,0
tmqm_5328,Ru,9,27,21,0.7778,0,0.1429,10.1612,1.0,0,0,1
tmqm_5329,Fe,6,26,20,0.7692,0,0.1429,6.8271,1.0,0,0,0
tmqm_5330,Fe,5,29,23,0.7931,0,0.1429,8.8857,1.0,0,0,0
tmqm_5331,Fe,13,24,6,0.25,0,0.0526,0.3524,1.0,0,0,0
tmqm_5332,Ru,5,27,11,0.4074,0,0.0588,2.9073,1.0,0,0,0
tmqm_5333,Fe,6,16,9,0.5625,0,0.125,0.3008,1.0,0,0,0
tmqm_5334,Fe,9,26,15,0.5769,0,0.0833,8.7925,1.0,0,0,0
tmqm_5335,Fe,6,16,7,0.4375,0,0.1,0.3309,1.0,0,0,0
tmqm_5336,Ru,9,26,24,0.9231,0,0.3333,10.7431,1.0,1,0,0
tmqm_5337,Fe,6,29,14,0.4828,0,0.0625,6.6161,1.0,0,0,0
tmqm_5338,Ru,6,29,21,0.7241,0,0.1111,9.6437,1.0,0,0,0
tmqm_5339,Ru,8,26,17,0.6538,0,0.1,10.8329,1.0,0,0,0
tmqm_5340,Ru,5,27,17,0.6296,0,0.0909,2.6134,1.0,0,0,0
tmqm_5341,Ru,8,29,18,0.6207,0,0.0833,10.4715,1.0,0,0,0
tmqm_5342,Ru,6,29,25,0.8621,0,0.2,8.0975,1.0,0,0,0
tmqm_5343,Ru,9,27,22,0.8148,0,0.1667,11.4719,1.0,0,0,0
tmqm_5344,Fe,6,29,13,0.4483,0,0.0588,6.1131,1.0,0,0,0
tmqm_5345,Ru,9,27,19,0.7037,0,0.1111,10.473,1.0,0,0,0
tmqm_5346,Fe,6,27,20,0.7407,0,0.125,7.8157,1.0,0,0,0
tmqm_5347,Os,6,27,22,0.8148,0,0.1667,10.4834,1.0,0,0,0
tmqm_5348,Os,8,26,18,0.6923,0,0.1111,10.2187,1.0,0,0,0
tmqm_5349,Fe,8,26,10,0.3846,0,0.0588,-2.0807,1.0,0,0,0
tmqm_5350,Ru,6,27,23,0.8519,0,0.2,8.5036,1.0,0,0,0
tmqm_5351,Ru,10,26,19,0.7308,0,0.125,12.1379,1.0,0,0,0
tmqm_5352,Ru,8,29,18,0.6207,0,0.0833,9.4427,1.0,0,0,0
tmqm_5353,Ru,7,29,21,0.7241,0,0.1111,-0.0046,1.0,0,0,0
tmqm_5354,Ru,5,27,23,0.8519,0,0.2,0.9188,1.0,0,0,0
tmqm_5355,Ru,9,26,18,0.6923,0,0.1111,11.7471,1.0,0,0,0
tmqm_5356,Ru,5,27,19,0.7037,0,0.1111,0.4503,1.0,0,0,0
tmqm_5357,Fe,7,26,20,0.7692,0,0.1429,8.2266,1.0,0,0,0
tmqm_5358,Fe,4,26,24,0.9231,0,0.3333,6.5166,1.0,0,0,0
tmqm_5359,Fe,6,14,7,0.5,0,0.125,-0.3683,1.0,0,1,0
tmqm_5360,Ru,9,26,20,0.7692,0,0.1429,10.2741,1.0,0,0,0
tmqm_5361,Fe,5,27,23,0.8519,0,0.2,11.9735,1.0,0,0,0
tmqm_5362,Fe,6,29,21,0.7241,0,0.1111,6.8465,1.0,1,0,0
tmqm_5363,Ru,9,27,15,0.5556,0,0.0769,9.7581,1.0,0,0,0
tmqm_5364,Os,5,28,22,0.7857,0,0.1429,5.9458,1.0,0,0,0
tmqm_5365,Fe,8,26,5,0.1923,0,0.0455,-3.0045,1.0,0,0,0
tmqm_5366,Fe,5,26,19,0.7308,0,0.125,11.7468,1.0,0,0,0
tmqm_5367,Ru,9,26,22,0.8462,0,0.2,9.3664,1.0,0,0,0
tmqm_5368,Os,7,29,12,0.4138,0,0.0556,-0.2172,1.0,0,0,0
tmqm_5369,Fe,8,26,16,0.6154,0,0.0909,0.1796,1.0,0,0,0
tmqm_5370,Fe,5,26,20,0.7692,0,0.1429,12.6001,1.0,0,1,0
tmqm_5371,Ru,9,26,14,0.5385,0,0.0769,10.8369,1.0,0,0,0
tmqm_5372,Ru,8,29,19,0.6552,0,0.0909,8.9292,1.0,0,0,0
tmqm_5373,Ru,10,27,21,0.7778,0,0.1429,8.9632,1.0,0,0,0
tmqm_5374,Fe,3,16,2,0.125,0,0.0667,-1.1884,1.0,0,0,0
tmqm_5375,Ru,7,29,20,0.6897,0,0.1,-0.2494,1.0,0,0,0
tmqm_5376,Fe,6,29,14,0.4828,0,0.0625,3.4177,1.0,0,0,0
tmqm_5377,Ru,7,27,13,0.4815,0,0.0667,-1.6947,1.0,0,0,0
tmqm_5378,Fe,7,26,22,0.8462,0,0.2,5.8244,1.0,0,0,0
tmqm_5379,Ru,6,29,27,0.931,0,0.3333,6.3899,1.0,0,0,0
tmqm_5380,Ru,9,27,18,0.6667,0,0.1,10.8071,1.0,1,0,0
tmqm_5381,Ru,9,26,20,0.7692,0,0.1429,9.2268,1.0,0,0,0
tmqm_5382,Ru,8,29,24,0.8276,0,0.1667,11.2634,1.0,0,0,0
tmqm_5383,Ru,8,26,16,0.6154,0,0.0909,10.7567,1.0,0,0,0
tmqm_5384,Fe,7,26,22,0.8462,0,0.2,10.7253,1.0,0,0,0
tmqm_5385,Ru,6,29,26,0.8966,0,0.25,10.0896,1.0,0,0,0
tmqm_5386,Fe,13,26,14,0.5385,0,0.0769,1.0122,1.0,0,0,0
tmqm_5387,Fe,6,29,19,0.6552,0,0.0909,6.2875,1.0,0,0,0
tmqm_5388,Ru,9,27,23,0.8519,0,0.2,10.2262,1.0,0,0,0
tmqm_5389,Fe,3,24,13,0.5417,0,0.0833,-0.0024,1.0,0,0,0
tmqm_5390,Ru,9,26,18,0.6923,0,0.1111,10.3241,1.0,0,0,0
tmqm_5391,Ru,5,27,13,0.4815,0,0.0667,2.5343,1.0,0,0,0
tmqm_5392,Ru,8,26,16,0.6154,0,0.0909,10.8211,1.0,0,0,0
tmqm_5393,Fe,6,29,19,0.6552,0,0.0909,6.7784,1.0,0,0,0
tmqm_5394,Fe,8,26,11,0.4231,0,0.0625,-0.9988,1.0,0,0,0
tmqm_5395,Ru,9,27,18,0.6667,0,0.1,9.4473,1.0,0,0,0
tmqm_5396,Ru,9,26,16,0.6154,0,0.0909,11.034,1.0,0,0,0
tmqm_5397,Fe,14,23,10,0.4348,0,0.0714,4.6171,1.0,0,0,0
tmqm_5398,Fe,6,29,16,0.5517,0,0.0714,6.9128,1.0,0,0,0
tmqm_5399,Fe,10,27,24,0.8889,0,0.25,1.137,1.0,0,0,0
tmqm_5400,Fe,8,29,7,0.2414,0,0.0435,-1.0839,1.0,0,0,0
tmqm_5401,Ru,8,29,19,0.6552,0,0.0909,11.9876,1.0,0,0,0
tmqm_5402,Ru,10,16,9,0.5625,0,0.125,-0.3454,1.0,1,0,0
tmqm_5403,Ru,9,27,15,0.5556,0,0.0769,10.637,1.0,0,0,0
tmqm_5404,Fe,14,25,19,0.76,0,0.1429,3.3443,1.0,0,0,0
tmqm_5405,Ru,9,26,19,0.7308,0,0.125,11.4614,1.0,0,0,0
tmqm_5406,Ru,9,26,18,0.6923,0,0.1111,9.0222,1.0,0,0,0
tmqm_5407,Ru,10,26,18,0.6923,0,0.1111,12.1664,1.0,1,0,0
tmqm_5408,Fe,10,29,20,0.6897,0,0.1,2.3377,1.0,0,0,0
tmqm_5409,Os,7,29,12,0.4138,0,0.0556,1.3946,1.0,0,0,0
tmqm_5410,Fe,6,29,17,0.5862,0,0.0769,8.3464,1.0,0,0,0
tmqm_5411,Ru,6,29,21,0.7241,0,0.1111,10.1643,1.0,0,0,0
tmqm_5412,Fe,8,26,14,0.5385,0,0.0769,-1.3923,1.0,0,0,0
tmqm_5413,Ru,9,29,18,0.6207,0,0.0833,8.521,1.0,0,0,0
tmqm_5414,Ru,7,27,17,0.6296,0,0.0909,-0.4257,1.0,0,0,0
tmqm_5415,Ru,8,29,25,0.8621,0,0.2,8.235,1.0,0,0,0
tmqm_5416,Fe,8,29,15,0.5172,0,0.0667,-0.0993,1.0,0,0,0
tmqm_5417,Ru,6,29,27,0.931,0,0.3333,7.2174,1.0,0,1,0
tmqm_5418,Ru,9,29,23,0.7931,0,0.1429,10.0562,1.0,0,0,0
tmqm_5419,Fe,8,27,13,0.4815,0,0.0667,-1.5067,1.0,0,0,0
tmqm_5420,Fe,4,26,17,0.6538,0,0.1,7.0904,1.0,0,0,0
tmqm_5421,Ru,12,26,18,0.6923,0,0.1111,1.4623,1.0,1,0,1
tmqm_5422,Fe,9,25,19,0.76,0,0.1429,9.5097,1.0,0,0,0
tmqm_5423,Fe,4,26,18,0.6923,0,0.1111,8.5444,1.0,0,0,0
tmqm_5424,Ru,5,16,8,0.5,0,0.1111,-0.0095,1.0,0,0,0
tmqm_5425,Ru,9,29,21,0.7241,0,0.1111,9.8739,1.0,0,0,0
tmqm_5426,Os,6,27,25,0.9259,0,0.3333,11.5654,1.0,0,0,0
tmqm_5427,Fe,7,25,24,0.96,0,0.5,10.0116,1.0,0,0,0
tmqm_5428,Fe,5,27,21,0.7778,0,0.1429,11.7153,1.0,0,0,0
tmqm_5429,Fe,6,27,16,0.5926,0,0.0833,6.5267,1.0,0,0,0
tmqm_5430,Ru,6,29,22,0.7586,0,0.125,8.0835,1.0,0,0,0
tmqm_5431,Ru,10,29,17,0.5862,0,0.0769,6.9161,1.0,0,0,1
tmqm_5432,Fe,8,26,9,0.3462,0,0.0556,-1.7501,1.0,0,0,0
tmqm_5433,Fe,8,26,4,0.1538,0,0.0435,-2.4,1.0,0,0,0
tmqm_5434,Fe,5,27,23,0.8519,0,0.2,10.0427,1.0,0,0,0
tmqm_5435,Fe,10,29,20,0.6897,0,0.1,0.3776,1.0,0,0,0
tmqm_5436,Ru,9,26,22,0.8462,0,0.2,9.0357,1.0,0,0,0
tmqm_5437,Fe,5,27,23,0.8519,0,0.2,11.283,1.0,0,0,0
tmqm_5438,Os,5,26,16,0.6154,0,0.0909,4.5334,1.0,0,0,0
tmqm_5439,Ru,6,29,17,0.5862,0,0.0769,9.4747,1.0,0,0,0
tmqm_5440,Fe,10,29,17,0.5862,0,0.0769,1.0948,1.0,0,0,0
tmqm_5441,Ru,6,29,24,0.8276,0,0.1667,8.1856,1.0,0,0,0
tmqm_5442,Fe,2,25,19,0.76,0,0.1429,4.4972,1.0,0,0,0
tmqm_5443,Ru,8,29,16,0.5517,0,0.0714,9.8041,1.0,0,0,0
tmqm_5444,Ru,6,16,4,0.25,0,0.0769,-0.3736,1.0,0,0,0
tmqm_5445,Fe,5,25,16,0.64,0,0.1,11.1243,1.0,0,0,0
tmqm_5446,Ru,5,27,18,0.6667,0,0.1,1.8924,1.0,0,0,0
tmqm_5447,Ru,5,16,9,0.5625,0,0.125,0.054,1.0,0,0,0
tmqm_5448,Fe,8,29,15,0.5172,0,0.0667,-0.892,1.0,0,0,0
tmqm_5449,Fe,4,26,15,0.5769,0,0.0833,7.4759,1.0,0,0,1
tmqm_5450,Os,7,29,18,0.6207,0,0.0833,2.055,1.0,0,0,0
tmqm_5451,Ru,5,27,21,0.7778,0,0.1429,0.4488,1.0,0,0,0
tmqm_5452,Ru,6,26,13,0.5,0,0.0714,8.5833,1.0,0,0,0
tmqm_5453,Fe,4,26,16,0.6154,0,0.0909,7.4973,1.0,0,0,0
tmqm_5454,Fe,7,29,19,0.6552,0,0.0909,8.491,1.0,0,0,0
tmqm_5455,Fe,7,29,23,0.7931,0,0.1429,7.4893,1.0,0,0,0
tmqm_5456,Fe,9,27,18,0.6667,0,0.1,9.589,1.0,0,0,0
tmqm_5457,Ru,9,26,15,0.5769,0,0.0833,11.0984,1.0,0,0,1
tmqm_5458,Ru,9,29,17,0.5862,0,0.0769,10.0267,1.0,0,0,0
tmqm_5459,Fe,9,14,0,0.0,0,0.0667,-0.8375,1.0,0,0,0
tmqm_5460,Ru,7,29,22,0.7586,0,0.125,0.6659,1.0,0,1,0
tmqm_5461,Fe,9,27,17,0.6296,0,0.0909,9.0915,1.0,0,0,0
tmqm_5462,Fe,4,26,14,0.5385,0,0.0769,6.2017,1.0,0,0,0
tmqm_5463,Ru,5,27,20,0.7407,0,0.125,2.6473,1.0,0,0,0
tmqm_5464,Ru,5,27,22,0.8148,0,0.1667,3.1432,1.0,1,0,0
tmqm_5465,Fe,6,26,15,0.5769,0,0.0833,5.2756,1.0,0,0,0
tmqm_5466,Os,7,29,14,0.4828,0,0.0625,0.5499,1.0,0,0,0
tmqm_5467,Ru,9,26,18,0.6923,0,0.1111,10.4898,1.0,0,0,0
tmqm_5468,Ru,9,29,28,0.9655,0,0.5,10.6131,1.0,0,0,0
tmqm_5469,Fe,5,29,19,0.6552,0,0.0909,8.9408,1.0,0,0,0
tmqm_5470,Ru,5,27,16,0.5926,0,0.0833,2.0433,1.0,0,0,0
tmqm_5471,Fe,6,29,17,0.5862,0,0.0769,8.1055,1.0,0,0,0
tmqm_5472,Fe,14,23,17,0.7391,0,0.1429,3.6579,1.0,0,0,0
tmqm_5473,Ru,9,26,17,0.6538,0,0.1,10.1768,1.0,1,0,0
tmqm_5474,Fe,4,26,24,0.9231,0,0.3333,5.6627,1.0,0,0,0
tmqm_5475,Ru,6,29,26,0.8966,0,0.25,7.2611,1.0,0,0,0
tmqm_5476,Os,7,29,20,0.6897,0,0.1,1.2616,1.0,0,0,0
tmqm_5477,Fe,9,26,20,0.7692,0,0.1429,9.3266,1.0,0,0,0
tmqm_5478,Fe,8,26,13,0.5,0,0.0714,-1.9054,1.0,0,0,0
tmqm_5479,Ru,6,29,23,0.7931,0,0.1429,5.869,1.0,0,0,0
tmqm_5480,Ru,7,29,25,0.8621,0,0.2,3.3347,1.0,0,0,0
tmqm_5481,Os,4,23,18,0.7826,0,0.1667,6.1239,1.0,0,0,0
tmqm_5482,Fe,4,26,24,0.9231,0,0.3333,6.5964,1.0,0,0,0
tmqm_5483,Ru,7,29,15,0.5172,0,0.0667,-0.35,1.0,0,0,0
tmqm_5484,Fe,5,26,15,0.5769,0,0.0833,10.9075,1.0,0,0,0
tmqm_5485,Ru,7,16,6,0.375,0,0.0909,-0.3302,1.0,0,0,0
tmqm_5486,Ru,9,27,15,0.5556,0,0.0769,8.1223,1.0,0,0,1
tmqm_5487,Fe,5,26,14,0.5385,0,0.0769,11.3267,1.0,0,0,0
tmqm_5488,Fe,4,16,5,0.3125,0,0.0833,-0.3208,1.0,0,0,0
tmqm_5489,Ru,9,26,17,0.6538,0,0.1,9.5343,1.0,0,0,0
tmqm_5490,Fe,7,27,11,0.4074,0,0.0588,7.6606,1.0,0,0,0
tmqm_5491,Fe,6,29,17,0.5862,0,0.0769,6.8961,1.0,0,0,0
tmqm_5492,Fe,8,27,13,0.4815,0,0.0667,-1.6537,1.0,0,0,0
tmqm_5493,Ru,9,27,24,0.8889,0,0.25,10.6416,1.0,1,1,0
tmqm_5494,Ru,6,27,25,0.9259,0,0.3333,8.8388,1.0,0,0,0
tmqm_5495,Fe,16,12,7,0.5833,0,0.1667,2.6905,1.0,0,0,0
tmqm_5496,Ru,9,29,27,0.931,0,0.3333,10.9193,1.0,0,0,0
tmqm_5497,Ru,7,29,21,0.7241,0,0.1111,1.3924,1.0,0,0,0
tmqm_5498,Ru,8,26,19,0.7308,0,0.125,11.2961,1.0,0,0,0
tmqm_5499,Fe,7,27,22,0.8148,0,0.1667,11.192,1.0,0,0,0
tmqm_5500,Fe,6,29,22,0.7586,0,0.125,6.7052,1.0,0,0,0
tmqm_5501,Fe,4,26,21,0.8077,0,0.1667,4.823,1.0,0,1,0
tmqm_5502,Ru,9,29,20,0.6897,0,0.1,9.4672,1.0,0,0,0
tmqm_5503,Fe,9,29,26,0.8966,0,0.25,7.8715,1.0,0,0,0
tmqm_5504,Ru,7,29,20,0.6897,0,0.1,0.4057,1.0,0,0,0
tmqm_5505,Os,6,27,17,0.6296,0,0.0909,10.5559,1.0,0,0,0
tmqm_5506,Os,6,29,27,0.931,0,0.3333,10.0548,1.0,0,0,0
tmqm_5507,Os,6,29,24,0.8276,0,0.1667,9.5891,1.0,1,0,0
tmqm_5508,Ru,10,26,24,0.9231,0,0.3333,12.6697,1.0,0,0,0
tmqm_5509,Ru,9,26,21,0.8077,0,0.1667,10.8926,1.0,1,0,0
tmqm_5510,Fe,8,29,9,0.3103,0,0.0476,-1.215,1.0,0,0,0
tmqm_5511,Ru,6,16,1,0.0625,0,0.0625,-0.3358,1.0,0,0,0
tmqm_5512,Fe,9,26,14,0.5385,0,0.0769,9.4818,1.0,0,0,0
tmqm_5513,Os,5,26,20,0.7692,0,0.1429,5.8354,1.0,0,0,0
tmqm_5514,Ru,6,29,26,0.8966,0,0.25,10.2068,1.0,1,0,0
tmqm_5515,Ru,6,29,24,0.8276,0,0.1667,10.1115,1.0,0,0,0
tmqm_5516,Ru,6,29,27,0.931,0,0.3333,8.6326,1.0,0,0,0
tmqm_5517,Fe,8,26,16,0.6154,0,0.0909,-0.7777,1.0,0,0,0
tmqm_5518,Ru,7,29,21,0.7241,0,0.1111,0.7458,1.0,0,0,1
tmqm_5519,Ru,9,26,19,0.7308,0,0.125,10.6449,1.0,0,1,0
tmqm_5520,Ru,9,26,17,0.6538,0,0.1,11.8614,1.0,0,0,0
tmqm_5521,Fe,10,27,17,0.6296,0,0.0909,1.6275,1.0,0,0,0
tmqm_5522,Ru,6,29,26,0.8966,0,0.25,9.9864,1.0,0,0,0
tmqm_5523,Ru,9,29,19,0.6552,0,0.0909,10.645,1.0,0,0,0
tmqm_5524,Fe,9,27,18,0.6667,0,0.1,8.8591,1.0,0,0,0
tmqm_5525,Ru,9,26,12,0.4615,0,0.0667,8.6912,1.0,0,0,0
tmqm_5526,Fe,6,27,13,0.4815,0,0.0667,7.7848,1.0,1,0,0
tmqm_5527,Fe,10,29,16,0.5517,0,0.0714,2.0364,1.0,0,0,0
tmqm_5528,Ru,8,29,25,0.8621,0,0.2,10.3888,1.0,0,0,0
tmqm_5529,Ru,9,26,17,0.6538,0,0.1,10.7557,1.0,0,0,0
tmqm_5530,Ru,10,26,15,0.5769,0,0.0833,11.1717,1.0,0,0,0
tmqm_5531,Ru,9,26,20,0.7692,0,0.1429,9.2991,1.0,0,0,0
tmqm_5532,Ru,6,29,25,0.8621,0,0.2,10.7218,1.0,0,0,0
tmqm_5533,Fe,9,29,21,0.7241,0,0.1111,7.7845,1.0,0,0,0
tmqm_5534,Ru,10,26,18,0.6923,0,0.1111,12.0547,1.0,0,0,0
tmqm_5535,Ru,5,29,18,0.6207,0,0.0833,3.5075,1.0,0,0,0
tmqm_5536,Ru,9,27,23,0.8519,0,0.2,9.6436,1.0,0,0,0
tmqm_5537,Os,5,27,22,0.8148,0,0.1667,5.0143,1.0,0,0,0
tmqm_5538,Ru,4,26,16,0.6154,0,0.0909,4.4452,1.0,0,0,1
tmqm_5539,Fe,9,28,22,0.7857,0,0.1429,6.9506,1.0,0,0,0
tmqm_5540,Fe,7,27,20,0.7407,0,0.125,9.3871,1.0,0,0,0
tmqm_5541,Ru,8,29,18,0.6207,0,0.0833,10.5391,1.0,0,0,0
tmqm_5542,Fe,7,26,19,0.7308,0,0.125,8.0588,1.0,0,0,0
tmqm_5543,Fe,8,29,6,0.2069,0,0.0417,-1.5007,1.0,0,0,0
tmqm_5544,Ru,7,29,11,0.3793,0,0.0526,-0.8206,1.0,0,0,0
tmqm_5545,Ru,9,27,20,0.7407,0,0.125,11.0043,1.0,0,0,0
tmqm_5546,Ru,6,29,21,0.7241,0,0.1111,8.6804,1.0,0,0,0
tmqm_5547,Fe,7,27,21,0.7778,0,0.1429,8.6862,1.0,0,0,0
tmqm_5548,Os,6,27,21,0.7778,0,0.1429,9.761,1.0,0,0,0
tmqm_5549,Fe,5,15,9,0.6,0,0.1429,0.445,1.0,0,0,0
tmqm_5550,Ru,7,29,25,0.8621,0,0.2,0.5764,1.0,1,0,0
tmqm_5551,Fe,5,16,11,0.6875,0,0.1667,0.2345,1.0,0,0,0
tmqm_5552,Fe,4,26,26,1.0,1,1.0,4.0681,1.0,0,0,0
tmqm_5553,Fe,8,26,4,0.1538,0,0.0435,-2.4078,1.0,1,0,0
tmqm_5554,Ru,9,26,21,0.8077,0,0.1667,10.7595,1.0,0,1,0
tmqm_5555,Ru,9,27,20,0.7407,0,0.125,11.0062,1.0,1,0,0
tmqm_5556,Ru,9,26,18,0.6923,0,0.1111,8.9396,1.0,0,0,0
tmqm_5557,Ru,6,29,15,0.5172,0,0.0667,8.8076,1.0,0,0,1
tmqm_5558,Fe,6,26,20,0.7692,0,0.1429,6.7465,1.0,0,0,0
tmqm_5559,Ru,10,27,26,0.963,0,0.5,12.2853,1.0,0,0,0
tmqm_5560,Fe,12,26,16,0.6154,0,0.0909,1.7063,1.0,0,0,0
tmqm_5561,Ru,6,29,21,0.7241,0,0.1111,9.892,1.0,0,0,0
tmqm_5562,Ru,6,29,20,0.6897,0,0.1,10.1112,1.0,0,0,0
tmqm_5563,Fe,6,29,24,0.8276,0,0.1667,7.4083,1.0,0,0,0
tmqm_5564,Os,9,26,18,0.6923,0,0.1111,9.5245,1.0,0,0,0
tmqm_5565,Ru,6,29,19,0.6552,0,0.0909,7.8724,1.0,0,0,0
tmqm_5566,Fe,7,27,20,0.7407,0,0.125,7.3153,1.0,0,0,0
tmqm_5567,Ru,6,29,26,0.8966,0,0.25,9.3119,1.0,0,0,0
tmqm_5568,Fe,9,26,12,0.4615,0,0.0667,8.7906,1.0,0,0,0
tmqm_5569,Ru,8,26,15,0.5769,0,0.0833,10.71,1.0,0,0,0
tmqm_5570,Ru,5,26,14,0.5385,0,0.0769,3.2284,1.0,0,0,0
tmqm_5571,Ru,8,29,19,0.6552,0,0.0909,10.2332,1.0,0,0,0
tmqm_5572,Ru,6,29,20,0.6897,0,0.1,8.2488,1.0,0,0,0
tmqm_5573,Fe,8,27,10,0.3704,0,0.0556,-1.585,1.0,0,0,0
tmqm_5574,Fe,4,26,25,0.9615,0,0.5,7.6926,1.0,0,0,0
tmqm_5575,Ru,7,29,13,0.4483,0,0.0588,-0.7885,1.0,0,0,0
tmqm_5576,Ru,9,26,23,0.8846,0,0.25,10.4096,1.0,0,0,0
tmqm_5577,Ru,6,29,20,0.6897,0,0.1,9.2995,1.0,0,0,1
tmqm_5578,Ru,7,27,11,0.4074,0,0.0588,-0.5822,1.0,0,0,0
tmqm_5579,Ru,6,29,22,0.7586,0,0.125,8.0696,1.0,0,0,1
tmqm_5580,Ru,5,27,14,0.5185,0,0.0714,2.5061,1.0,0,0,0
tmqm_5581,Ru,6,16,5,0.3125,0,0.0833,-0.3737,1.0,0,0,0
tmqm_5582,Fe,3,24,12,0.5,0,0.0769,0.4735,1.0,0,0,0
tmqm_5583,Ru,9,26,16,0.6154,0,0.0909,9.016,1.0,0,0,0
tmqm_5584,Fe,7,29,20,0.6897,0,0.1,7.9824,1.0,0,0,0
tmqm_5585,Fe,8,29,18,0.6207,0,0.0833,-0.307,1.0,0,0,0
tmqm_5586,Fe,4,26,23,0.8846,0,0.25,7.0072,1.0,0,0,0
tmqm_5587,Fe,9,27,16,0.5926,0,0.0833,9.198,1.0,0,0,0
tmqm_5588,Ru,7,29,20,0.6897,0,0.1,0.5934,1.0,0,0,0
tmqm_5589,Os,3,26,11,0.4231,0,0.0625,8.6774,1.0,0,0,0
tmqm_5590,Ru,6,26,14,0.5385,0,0.0769,8.8228,1.0,0,0,0
tmqm_5591,Fe,7,27,25,0.9259,0,0.3333,9.6426,1.0,0,0,0
tmqm_5592,Fe,15,11,3,0.2727,0,0.1111,-0.0749,1.0,0,0,0
tmqm_5593,Ru,7,29,24,0.8276,0,0.1667,1.897,1.0,0,0,1
tmqm_5594,Ru,8,29,16,0.5517,0,0.0714,10.6353,1.0,0,0,0
tmqm_5595,Ru,6,29,18,0.6207,0,0.0833,8.612,1.0,0,0,0
tmqm_5596,Ru,5,29,14,0.4828,0,0.0625,3.0845,1.0,0,0,0
tmqm_5597,Fe,5,29,27,0.931,0,0.3333,10.5475,1.0,0,0,0
tmqm_5598,Ru,9,29,20,0.6897,0,0.1,8.0443,1.0,0,0,0
tmqm_5599,Fe,5,27,23,0.8519,0,0.2,12.2209,1.0,0,0,1
tmqm_5600,Fe,6,26,22,0.8462,0,0.2,6.0706,1.0,0,0,0
tmqm_5601,Fe,6,29,21,0.7241,0,0.1111,5.2277,1.0,0,0,0
tmqm_5602,Ru,9,26,15,0.5769,0,0.0833,10.2613,1.0,0,0,1
tmqm_5603,Ru,10,29,20,0.6897,0,0.1,11.1631,1.0,0,0,0
tmqm_5604,Ru,6,29,22,0.7586,0,0.125,8.4325,1.0,0,0,0
tmqm_5605,Os,7,29,19,0.6552,0,0.0909,2.0183,1.0,0,0,0
tmqm_5606,Fe,6,26,16,0.6154,0,0.0909,7.662,1.0,0,0,0
tmqm_5607,Fe,8,26,7,0.2692,0,0.05,-2.3074,1.0,0,0,0
tmqm_5608,Fe,6,26,19,0.7308,0,0.125,8.1241,1.0,0,0,1
tmqm_5609,Ru,7,29,21,0.7241,0,0.1111,0.7886,1.0,0,0,0
tmqm_5610,Fe,5,26,24,0.9231,0,0.3333,11.7446,1.0,1,0,0
tmqm_5611,Fe,4,26,20,0.7692,0,0.1429,6.2063,1.0,0,0,0
tmqm_5612,Fe,5,27,27,1.0,1,1.0,11.018,1.0,0,0,0
tmqm_5613,Ru,6,29,22,0.7586,0,0.125,9.5597,1.0,0,0,0
tmqm_5614,Ru,6,29,26,0.8966,0,0.25,10.0682,1.0,0,0,0
tmqm_5615,Fe,6,29,18,0.6207,0,0.0833,7.5902,1.0,0,0,0
tmqm_5616,Fe,14,23,20,0.8696,0,0.25,4.9419,1.0,0,0,0
tmqm_5617,Ru,6,29,23,0.7931,0,0.1429,9.1488,1.0,0,0,0
tmqm_5618,Os,6,29,14,0.4828,0,0.0625,8.7027,1.0,0,0,0
tmqm_5619,Fe,8,26,10,0.3846,0,0.0588,-1.0856,1.0,0,0,0
tmqm_5620,Fe,8,26,5,0.1923,0,0.0455,-2.0687,1.0,0,0,0
tmqm_5621,Fe,8,26,3,0.1154,0,0.0417,-2.4849,1.0,0,0,0
tmqm_5622,Fe,8,26,8,0.3077,0,0.0526,-1.9846,1.0,0,0,0
tmqm_5623,Fe,8,26,7,0.2692,0,0.05,-1.4284,1.0,0,0,0
tmqm_5624,Ru,9,26,18,0.6923,0,0.1111,10.4442,1.0,0,0,0
tmqm_5625,Ru,6,29,17,0.5862,0,0.0769,9.2028,1.0,0,0,0
tmqm_5626,Os,6,26,23,0.8846,0,0.25,9.7751,1.0,0,0,0
tmqm_5627,Ru,9,29,25,0.8621,0,0.2,9.6685,1.0,0,0,0
tmqm_5628,Ru,9,26,21,0.8077,0,0.1667,9.6328,1.0,0,0,1
tmqm_5629,Os,7,24,12,0.5,0,0.0769,-0.7303,1.0,0,0,0
tmqm_5630,Ru,7,29,21,0.7241,0,0.1111,0.1767,1.0,0,0,0
tmqm_5631,Ru,6,29,24,0.8276,0,0.1667,7.7216,1.0,0,0,0
tmqm_5632,Os,6,29,18,0.6207,0,0.0833,8.7175,1.0,0,0,0
tmqm_5633,Fe,7,26,23,0.8846,0,0.25,8.9376,1.0,0,0,0
tmqm_5634,Ru,9,26,20,0.7692,0,0.1429,9.2244,1.0,0,1,0
tmqm_5635,Fe,15,11,3,0.2727,0,0.1111,-0.0498,1.0,0,1,0
tmqm_5636,Ru,9,27,22,0.8148,0,0.1667,11.4361,1.0,0,0,0
tmqm_5637,Ru,9,26,16,0.6154,0,0.0909,10.5409,1.0,0,0,0
tmqm_5638,Ru,7,29,16,0.5517,0,0.0714,1.5914,1.0,0,0,0
tmqm_5639,Fe,5,27,20,0.7407,0,0.125,10.4756,1.0,0,0,0
tmqm_5640,Fe,6,26,18,0.6923,0,0.1111,8.6692,1.0,0,0,0
tmqm_5641,Ru,9,26,19,0.7308,0,0.125,9.1715,1.0,0,0,0
tmqm_5642,Fe,6,26,19,0.7308,0,0.125,8.405,1.0,0,0,0
tmqm_5643,Ru,6,29,28,0.9655,0,0.5,6.8415,1.0,0,0,0
tmqm_5644,Ru,6,29,20,0.6897,0,0.1,9.4998,1.0,0,0,0
tmqm_5645,Fe,7,27,23,0.8519,0,0.2,8.2864,1.0,0,0,0
tmqm_5646,Ru,6,16,9,0.5625,0,0.125,0.8,1.0,0,0,0
tmqm_5647,Ru,9,26,18,0.6923,0,0.1111,10.0417,1.0,0,0,0
tmqm_5648,Ru,7,26,17,0.6538,0,0.1,0.2756,1.0,0,0,0
tmqm_5649,Ru,7,29,22,0.7586,0,0.125,2.1009,1.0,0,0,0
tmqm_5650,Fe,8,26,4,0.1538,0,0.0435,-1.6337,1.0,0,0,0
tmqm_5651,Ru,9,29,23,0.7931,0,0.1429,9.7313,1.0,1,0,0
tmqm_5652,Os,8,29,28,0.9655,0,0.5,10.5621,1.0,0,0,0
tmqm_5653,Fe,12,25,9,0.36,0,0.0588,-0.417,1.0,0,0,0
tmqm_5654,Ru,7,29,22,0.7586,0,0.125,-0.3799,1.0,0,0,1
tmqm_5655,Ru,6,29,24,0.8276,0,0.1667,9.2527,1.0,0,1,0
tmqm_5656,Ru,9,29,20,0.6897,0,0.1,9.3406,1.0,0,0,0
tmqm_5657,Fe,4,26,20,0.7692,0,0.1429,5.8535,1.0,0,0,0
tmqm_5658,Ru,6,29,22,0.7586,0,0.125,8.9371,1.0,0,1,0
tmqm_5659,Fe,11,27,16,0.5926,0,0.0833,2.8682,1.0,0,0,0
tmqm_5660,Ru,6,27,18,0.6667,0,0.1,7.1795,1.0,0,0,0
tmqm_5661,Ru,11,25,21,0.84,0,0.2,3.3037,1.0,0,0,0
tmqm_5662,Ru,9,26,16,0.6154,0,0.0909,9.775,1.0,0,0,0
tmqm_5663,Fe,9,26,17,0.6538,0,0.1,9.2111,1.0,0,0,0
tmqm_5664,Os,7,29,19,0.6552,0,0.0909,0.8401,1.0,0,0,1
tmqm_5665,Ru,5,29,13,0.4483,0,0.0588,3.4423,1.0,0,0,0
tmqm_5666,Ru,6,29,25,0.8621,0,0.2,7.9598,1.0,0,0,0
tmqm_5667,Fe,8,29,10,0.3448,0,0.05,-1.2892,1.0,0,0,0
tmqm_5668,Os,6,16,13,0.8125,0,0.25,0.4736,1.0,0,1,0
tmqm_5669,Fe,7,26,18,0.6923,0,0.1111,8.2761,1.0,0,0,0
tmqm_5670,Ru,7,29,19,0.6552,0,0.0909,0.2745,1.0,0,0,0
tmqm_5671,Fe,5,26,20,0.7692,0,0.1429,9.13,1.0,0,0,0
tmqm_5672,Fe,8,26,5,0.1923,0,0.0455,-2.1399,1.0,0,0,0
tmqm_5673,Os,7,29,20,0.6897,0,0.1,2.0582,1.0,1,0,0
tmqm_5674,Fe,6,27,19,0.7037,0,0.1111,5.2392,1.0,0,0,0
tmqm_5675,Ru,9,27,21,0.7778,0,0.1429,10.1433,1.0,0,0,0
tmqm_5676,Ru,10,27,22,0.8148,0,0.1667,12.5318,1.0,0,0,0
tmqm_5677,Fe,6,26,18,0.6923,0,0.1111,5.9893,1.0,0,0,0
tmqm_5678,Fe,6,29,18,0.6207,0,0.0833,6.5441,1.0,0,0,0
tmqm_5679,Ru,8,29,21,0.7241,0,0.1111,11.5763,1.0,0,1,0
tmqm_5680,Fe,9,26,24,0.9231,0,0.3333,8.654,1.0,0,0,0
tmqm_5681,Fe,8,29,6,0.2069,0,0.0417,-1.4307,1.0,0,0,0
tmqm_5682,Ru,5,27,18,0.6667,0,0.1,4.1944,1.0,0,0,0
tmqm_5683,Fe,4,29,24,0.8276,0,0.1667,3.9055,1.0,0,0,0
tmqm_5684,Os,6,29,20,0.6897,0,0.1,9.0075,1.0,0,0,0
tmqm_5685,Os,3,27,18,0.6667,0,0.1,6.2835,1.0,0,0,0
tmqm_5686,Ru,5,16,10,0.625,0,0.1429,-0.0477,1.0,0,0,0
tmqm_5687,Ru,7,29,19,0.6552,0,0.0909,0.883,1.0,0,0,1
tmqm_5688,Fe,8,29,9,0.3103,0,0.0476,-0.8356,1.0,0,0,0
tmqm_5689,Fe,7,29,21,0.7241,0,0.1111,9.4512,1.0,0,0,0
tmqm_5690,Ru,6,27,25,0.9259,0,0.3333,8.7482,1.0,0,0,0
tmqm_5691,Ru,7,29,13,0.4483,0,0.0588,1.3163,1.0,0,0,0
tmqm_5692,Ru,5,27,17,0.6296,0,0.0909,2.6741,1.0,0,0,0
tmqm_5693,Fe,7,29,16,0.5517,0,0.0714,8.3573,1.0,0,0,0
tmqm_5694,Ru,9,29,16,0.5517,0,0.0714,9.4438,1.0,0,0,1
tmqm_5695,Fe,6,16,13,0.8125,0,0.25,0.362,1.0,0,0,0
tmqm_5696,Fe,8,26,10,0.3846,0,0.0588,-2.2417,1.0,0,0,0
tmqm_5697,Fe,10,29,23,0.7931,0,0.1429,1.5462,1.0,0,0,0
tmqm_5698,Os,7,27,7,0.2593,0,0.0476,-0.5254,1.0,0,0,0
tmqm_5699,Fe,5,29,15,0.5172,0,0.0667,9.9551,1.0,0,0,0
tmqm_5700,Ru,8,29,22,0.7586,0,0.125,10.9133,1.0,0,0,0
tmqm_5701,Ru,8,29,20,0.6897,0,0.1,10.342,1.0,0,0,0
tmqm_5702,Ru,8,29,23,0.7931,0,0.1429,10.5454,1.0,0,0,0
tmqm_5703,Fe,10,29,22,0.7586,0,0.125,2.5267,1.0,0,0,0
tmqm_5704,Fe,8,25,12,0.48,0,0.0714,-1.9702,1.0,0,0,0
tmqm_5705,Os,6,29,19,0.6552,0,0.0909,8.0861,1.0,0,0,0
tmqm_5706,Ru,9,26,21,0.8077,0,0.1667,10.31,1.0,0,0,0
tmqm_5707,Fe,6,29,18,0.6207,0,0.0833,5.457,1.0,0,0,0
tmqm_5708,Ru,9,26,23,0.8846,0,0.25,9.8478,1.0,0,0,0
tmqm_5709,Fe,5,29,18,0.6207,0,0.0833,9.4124,1.0,0,0,1
tmqm_5710,Ru,6,29,25,0.8621,0,0.2,7.657,1.0,0,0,0
tmqm_5711,Ru,10,27,18,0.6667,0,0.1,11.5127,1.0,0,0,0
tmqm_5712,Os,6,29,28,0.9655,0,0.5,10.0938,1.0,0,0,0
tmqm_5713,Ru,10,26,18,0.6923,0,0.1111,11.6862,1.0,0,0,1
tmqm_5714,Ru,7,29,23,0.7931,0,0.1429,2.0198,1.0,0,0,0
tmqm_5715,Ru,6,29,29,1.0,1,1.0,10.2319,1.0,0,0,0
tmqm_5716,Os,6,29,28,0.9655,0,0.5,10.087,1.0,0,0,0
tmqm_5717,Ru,6,29,23,0.7931,0,0.1429,7.6769,1.0,0,0,0
tmqm_5718,Fe,3,26,13,0.5,0,0.0714,0.2758,1.0,1,0,0
tmqm_5719,Ru,9,26,20,0.7692,0,0.1429,11.4189,1.0,0,0,0
tmqm_5720,Ru,6,29,20,0.6897,0,0.1,9.4745,1.0,0,0,0
tmqm_5721,Fe,10,29,19,0.6552,0,0.0909,1.3212,1.0,0,0,0
tmqm_5722,Ru,9,29,19,0.6552,0,0.0909,10.2595,1.0,0,0,0
tmqm_5723,Ru,6,29,26,0.8966,0,0.25,9.1006,1.0,0,0,0
tmqm_5724,Ru,5,27,22,0.8148,0,0.1667,1.0562,1.0,0,0,0
tmqm_5725,Ru,10,29,20,0.6897,0,0.1,10.1342,1.0,0,0,0
tmqm_5726,Os,6,29,15,0.5172,0,0.0667,9.6761,1.0,0,0,0
tmqm_5727,Os,9,26,18,0.6923,0,0.1111,9.8864,1.0,0,0,0
tmqm_5728,Fe,12,25,4,0.16,0,0.0455,-0.2858,1.0,0,0,0
tmqm_5729,Ru,4,27,12,0.4444,0,0.0625,1.7827,1.0,0,0,1
tmqm_5730,Ru,7,29,11,0.3793,0,0.0526,-0.4662,1.0,0,0,0
tmqm_5731,Fe,9,26,21,0.8077,0,0.1667,9.9037,1.0,0,0,0
tmqm_5732,Ru,7,27,7,0.2593,0,0.0476,-1.5246,1.0,0,0,0
tmqm_5733,Fe,5,26,24,0.9231,0,0.3333,9.4391,1.0,0,0,0
tmqm_5734,Ru,5,27,19,0.7037,0,0.1111,3.7337,1.0,1,0,0
tmqm_5735,Ru,8,29,25,0.8621,0,0.2,10.3245,1.0,0,0,0
tmqm_5736,Ru,6,29,23,0.7931,0,0.1429,10.4239,1.0,0,0,0
tmqm_5737,Ru,7,29,19,0.6552,0,0.0909,2.3869,1.0,0,0,0
tmqm_5738,Fe,14,16,8,0.5,0,0.1111,-0.2652,1.0,0,0,0
tmqm_5739,Fe,4,26,20,0.7692,0,0.1429,5.0994,1.0,0,0,0
tmqm_5740,Os,5,24,19,0.7917,0,0.1667,6.7057,1.0,0,0,0
tmqm_5741,Fe,6,29,24,0.8276,0,0.1667,7.9864,1.0,0,0,0
tmqm_5742,Ru,6,29,18,0.6207,0,0.0833,8.9835,1.0,0,0,0
tmqm_5743,Ru,9,29,21,0.7241,0,0.1111,6.8004,1.0,0,0,0
tmqm_5744,Ru,9,29,24,0.8276,0,0.1667,9.7608,1.0,0,0,1
tmqm_5745,Fe,7,27,17,0.6296,0,0.0909,8.5215,1.0,0,0,0
tmqm_5746,Ru,9,29,19,0.6552,0,0.0909,9.1119,1.0,0,0,0
tmqm_5747,Fe,9,28,17,0.6071,0,0.0833,8.7892,1.0,0,0,0
tmqm_5748,Ru,8,26,17,0.6538,0,0.1,13.0534,1.0,0,0,0
tmqm_5749,Ru,6,29,22,0.7586,0,0.125,8.7116,1.0,0,0,0
tmqm_5750,Ru,6,29,19,0.6552,0,0.0909,9.2224,1.0,0,0,0
tmqm_5751,Ru,5,29,18,0.6207,0,0.0833,3.2795,1.0,0,0,0
tmqm_5752,Fe,7,29,26,0.8966,0,0.25,5.5088,1.0,0,0,0
tmqm_5753,Fe,6,27,17,0.6296,0,0.0909,6.0551,1.0,1,0,0
tmqm_5754,Ru,5,27,18,0.6667,0,0.1,3.7026,1.0,0,0,0
tmqm_5755,Ru,8,27,13,0.4815,0,0.0667,11.1952,1.0,0,0,0
tmqm_5756,Ru,10,29,22,0.7586,0,0.125,11.447,1.0,0,0,0
tmqm_5757,Fe,5,23,22,0.9565,0,0.5,13.1295,1.0,0,0,0
tmqm_5758,Fe,10,26,14,0.5385,0,0.0769,-0.968,1.0,0,0,0
tmqm_5759,Ru,6,26,22,0.8462,0,0.2,8.875,1.0,0,1,0
tmqm_5760,Ru,9,29,24,0.8276,0,0.1667,10.745,1.0,0,0,0
tmqm_5761,Ru,7,29,20,0.6897,0,0.1,1.7026,1.0,0,0,0
tmqm_5762,Fe,6,27,17,0.6296,0,0.0909,7.4883,1.0,0,0,0
tmqm_5763,Fe,7,26,25,0.9615,0,0.5,9.9547,1.0,0,0,0
tmqm_5764,Ru,6,29,23,0.7931,0,0.1429,9.3117,1.0,0,0,0
tmqm_5765,Os,5,25,17,0.68,0,0.1111,6.4778,1.0,0,0,0
tmqm_5766,Fe,7,26,18,0.6923,0,0.1111,6.2745,1.0,0,0,0
tmqm_5767,Ru,8,26,16,0.6154,0,0.0909,9.065,1.0,0,0,0
tmqm_5768,Fe,8,29,9,0.3103,0,0.0476,-1.9998,1.0,1,0,0
tmqm_5769,Ru,9,27,21,0.7778,0,0.1429,10.0652,1.0,0,0,0
tmqm_5770,Ru,9,27,15,0.5556,0,0.0769,10.3382,1.0,0,0,0
tmqm_5771,Ru,9,29,23,0.7931,0,0.1429,9.3273,1.0,0,0,0
tmqm_5772,Fe,12,28,16,0.5714,0,0.0769,1.5453,1.0,0,0,0
tmqm_5773,Ru,6,29,23,0.7931,0,0.1429,8.7343,1.0,0,0,0
tmqm_5774,Fe,5,27,15,0.5556,0,0.0769,11.0732,1.0,0,0,0
tmqm_5775,Fe,12,28,9,0.3214,0,0.05,1.1568,1.0,0,0,0
tmqm_5776,Ru,10,26,19,0.7308,0,0.125,13.9897,1.0,0,0,0
tmqm_5777,Fe,8,29,10,0.3448,0,0.05,-1.4368,1.0,0,0,1
tmqm_5778,Fe,4,27,18,0.6667,0,0.1,7.2468,1.0,0,0,0
tmqm_5779,Fe,4,26,17,0.6538,0,0.1,3.4216,1.0,0,0,0
tmqm_5780,Ru,10,29,28,0.9655,0,0.5,12.0176,1.0,0,0,0
tmqm_5781,Ru,9,27,18,0.6667,0,0.1,10.343,1.0,0,0,0
tmqm_5782,Os,7,29,14,0.4828,0,0.0625,1.0142,1.0,0,0,0
tmqm_5783,Os,8,26,23,0.8846,0,0.25,8.131,1.0,0,0,0
tmqm_5784,Ru,9,29,26,0.8966,0,0.25,9.0001,1.0,0,0,0
tmqm_5785,Ru,8,26,22,0.8462,0,0.2,11.5929,1.0,0,0,0
tmqm_5786,Ru,5,29,14,0.4828,0,0.0625,3.675,1.0,0,0,0
tmqm_5787,Ru,9,27,19,0.7037,0,0.1111,7.3859,1.0,0,0,0
tmqm_5788,Ru,7,26,15,0.5769,0,0.0833,-0.6227,1.0,0,0,0
tmqm_5789,Ru,6,29,27,0.931,0,0.3333,9.3473,1.0,0,0,0
tmqm_5790,Ru,9,26,15,0.5769,0,0.0833,9.9076,1.0,0,0,0
tmqm_5791,Os,6,27,17,0.6296,0,0.0909,9.3236,1.0,0,0,0
tmqm_5792,Fe,7,29,24,0.8276,0,0.1667,10.6635,1.0,0,0,0
tmqm_5793,Fe,12,25,10,0.4,0,0.0625,-0.2002,1.0,0,0,0
tmqm_5794,Ru,9,27,17,0.6296,0,0.0909,8.6551,1.0,0,0,0
tmqm_5795,Fe,3,26,5,0.1923,0,0.0455,-0.041,1.0,0,0,0
tmqm_5796,Ru,6,27,20,0.7407,0,0.125,10.8111,1.0,0,0,0
tmqm_5797,Fe,7,29,19,0.6552,0,0.0909,6.818,1.0,0,0,0
tmqm_5798,Fe,9,26,18,0.6923,0,0.1111,7.5391,1.0,0,0,0
tmqm_5799,Fe,5,29,19,0.6552,0,0.0909,11.9138,1.0,0,0,0
tmqm_5800,Fe,7,29,23,0.7931,0,0.1429,10.5379,1.0,0,0,0
tmqm_5801,Ru,8,27,25,0.9259,0,0.3333,9.3698,1.0,0,0,0
tmqm_5802,Fe,8,26,8,0.3077,0,0.0526,-2.1158,1.0,1,0,0
tmqm_5803,Ru,5,29,15,0.5172,0,0.0667,2.7717,1.0,0,0,0
tmqm_5804,Ru,8,27,24,0.8889,0,0.25,12.3331,1.0,0,0,0
tmqm_5805,Ru,6,29,19,0.6552,0,0.0909,8.8506,1.0,0,0,0
tmqm_5806,Fe,8,27,16,0.5926,0,0.0833,-0.3835,1.0,0,0,0
tmqm_5807,Ru,10,29,19,0.6552,0,0.0909,11.6672,1.0,0,0,0
tmqm_5808,Ru,6,26,23,0.8846,0,0.25,9.7753,1.0,0,0,0
tmqm_5809,Fe,7,27,18,0.6667,0,0.1,8.3334,1.0,0,0,0
tmqm_5810,Fe,4,26,18,0.6923,0,0.1111,4.4437,1.0,0,0,0
tmqm_5811,Fe,6,26,14,0.5385,0,0.0769,3.5954,1.0,0,0,0
tmqm_5812,Ru,9,26,12,0.4615,0,0.0667,9.6443,1.0,0,0,0
tmqm_5813,Fe,5,27,26,0.963,0,0.5,11.7173,1.0,0,0,0
tmqm_5814,Fe,6,29,18,0.6207,0,0.0833,7.021,1.0,0,0,0
tmqm_5815,Fe,3,15,3,0.2,0,0.0769,-0.1647,1.0,0,0,0
tmqm_5816,Ru,6,29,22,0.7586,0,0.125,10.5487,1.0,0,0,0
tmqm_5817,Fe,8,26,10,0.3846,0,0.0588,-1.8476,1.0,0,0,0
tmqm_5818,Ru,8,26,22,0.8462,0,0.2,13.256,1.0,0,0,0
tmqm_5819,Fe,9,25,15,0.6,0,0.0909,9.4493,1.0,0,0,0
tmqm_5820,Fe,6,27,15,0.5556,0,0.0769,6.8137,1.0,0,0,0
tmqm_5821,Ru,9,26,20,0.7692,0,0.1429,9.0413,1.0,0,0,0
tmqm_5822,Ru,6,29,24,0.8276,0,0.1667,8.6443,1.0,0,0,0
tmqm_5823,Fe,3,27,14,0.5185,0,0.0714,1.2203,1.0,0,0,0
tmqm_5824,Fe,8,28,4,0.1429,0,0.04,-1.2684,1.0,0,0,0
tmqm_5825,Ru,7,27,15,0.5556,0,0.0769,0.6998,1.0,0,0,0
tmqm_5826,Fe,8,26,10,0.3846,0,0.0588,-1.541,1.0,0,0,0
tmqm_5827,Fe,5,29,22,0.7586,0,0.125,12.5022,1.0,0,0,0
tmqm_5828,Ru,2,26,21,0.8077,0,0.1667,6.8631,1.0,0,0,0
tmqm_5829,Ru,9,26,24,0.9231,0,0.3333,9.7932,1.0,0,0,0
tmqm_5830,Fe,8,26,7,0.2692,0,0.05,-1.6065,1.0,0,0,0
tmqm_5831,Ru,9,27,24,0.8889,0,0.25,11.2627,1.0,0,0,1
tmqm_5832,Os,6,29,21,0.7241,0,0.1111,9.8672,1.0,0,0,0
tmqm_5833,Ru,7,26,9,0.3462,0,0.0556,-0.9927,1.0,0,0,0
tmqm_5834,Ru,7,26,19,0.7308,0,0.125,-0.8422,1.0,0,0,0
tmqm_5835,Ru,6,29,19,0.6552,0,0.0909,9.3792,1.0,0,0,0
tmqm_5836,Ru,6,29,23,0.7931,0,0.1429,8.6902,1.0,0,0,0
tmqm_5837,Fe,9,29,19,0.6552,0,0.0909,8.5474,1.0,0,0,0
tmqm_5838,Ru,9,29,22,0.7586,0,0.125,11.5008,1.0,0,0,0
tmqm_5839,Ru,10,26,19,0.7308,0,0.125,11.6611,1.0,0,0,1
tmqm_5840,Ru,12,23,6,0.2609,0,0.0556,-0.164,1.0,0,0,0
tmqm_5841,Fe,6,27,19,0.7037,0,0.1111,6.7821,1.0,0,0,0
tmqm_5842,Ru,9,26,22,0.8462,0,0.2,10.3927,1.0,0,0,0
tmqm_5843,Ru,6,29,26,0.8966,0,0.25,8.8366,1.0,0,0,0
tmqm_5844,Ru,9,29,22,0.7586,0,0.125,9.887,1.0,0,0,0
tmqm_5845,Ru,6,29,24,0.8276,0,0.1667,10.1523,1.0,0,0,0
tmqm_5846,Fe,6,29,18,0.6207,0,0.0833,5.2435,1.0,0,0,0
tmqm_5847,Ru,10,27,21,0.7778,0,0.1429,11.3039,1.0,0,0,0
tmqm_5848,Ru,9,29,21,0.7241,0,0.1111,10.819,1.0,0,0,0
tmqm_5849,Fe,4,26,25,0.9615,0,0.5,6.8233,1.0,0,0,0
tmqm_5850,Fe,5,24,18,0.75,0,0.1429,11.7413,1.0,0,0,0
tmqm_5851,Ru,7,26,18,0.6923,0,0.1111,0.8795,1.0,0,0,0
tmqm_5852,Ru,9,29,18,0.6207,0,0.0833,8.384,1.0,0,1,0
tmqm_5853,Os,6,29,16,0.5517,0,0.0714,6.9634,1.0,0,0,0
tmqm_5854,Ru,7,29,23,0.7931,0,0.1429,2.0065,1.0,0,0,0
tmqm_5855,Fe,14,23,12,0.5217,0,0.0833,5.0022,1.0,0,0,1
tmqm_5856,Fe,5,27,17,0.6296,0,0.0909,10.571,1.0,0,0,1
tmqm_5857,Ru,9,29,16,0.5517,0,0.0714,10.354,1.0,0,0,0
tmqm_5858,Ru,8,29,20,0.6897,0,0.1,12.1836,1.0,0,0,0
tmqm_5859,Ru,10,27,15,0.5556,0,0.0769,11.1511,1.0,0,0,0
tmqm_5860,Os,8,29,16,0.5517,0,0.0714,9.1582,1.0,0,0,0
tmqm_5861,Fe,6,26,23,0.8846,0,0.25,9.1287,1.0,0,0,0
tmqm_5862,Ru,9,26,15,0.5769,0,0.0833,10.7004,1.0,0,0,0
tmqm_5863,Ru,8,29,19,0.6552,0,0.0909,11.9067,1.0,0,0,0
tmqm_5864,Ru,6,29,22,0.7586,0,0.125,10.1835,1.0,0,0,0
tmqm_5865,Ru,9,29,18,0.6207,0,0.0833,10.1079,1.0,0,0,0
tmqm_5866,Fe,6,24,20,0.8333,0,0.2,6.968,1.0,0,0,0
tmqm_5867,Ru,6,29,18,0.6207,0,0.0833,9.1007,1.0,0,0,0
tmqm_5868,Ru,9,26,14,0.5385,0,0.0769,8.9372,1.0,0,0,0
tmqm_5869,Os,6,29,20,0.6897,0,0.1,9.1531,1.0,0,0,0
tmqm_5870,Ru,8,26,13,0.5,0,0.0714,11.439,1.0,0,0,0
tmqm_5871,Fe,14,23,15,0.6522,0,0.1111,4.2332,1.0,0,0,1
tmqm_5872,Os,4,24,21,0.875,0,0.25,3.4496,1.0,0,0,0
tmqm_5873,Fe,7,26,22,0.8462,0,0.2,9.279,1.0,0,0,0
tmqm_5874,Fe,3,26,24,0.9231,0,0.3333,0.7095,1.0,0,0,0
tmqm_5875,Ru,9,29,17,0.5862,0,0.0769,8.4307,1.0,0,0,0
tmqm_5876,Ru,9,29,17,0.5862,0,0.0769,9.5799,1.0,0,0,0
tmqm_5877,Fe,12,28,24,0.8571,0,0.2,1.5695,1.0,0,0,0
tmqm_5878,Ru,11,25,21,0.84,0,0.2,0.8617,1.0,0,0,0
tmqm_5879,Fe,8,29,11,0.3793,0,0.0526,-1.4165,1.0,0,0,0
tmqm_5880,Ru,5,27,18,0.6667,0,0.1,3.3764,1.0,0,0,0
tmqm_5881,Fe,8,27,10,0.3704,0,0.0556,-0.772,1.0,0,0,0
tmqm_5882,Fe,7,29,24,0.8276,0,0.1667,4.7341,1.0,0,0,0
tmqm_5883,Fe,2,22,15,0.6818,0,0.125,7.862,1.0,0,0,0
tmqm_5884,Ru,9,29,19,0.6552,0,0.0909,10.233,1.0,0,0,0
tmqm_5885,Os,6,16,3,0.1875,0,0.0714,-0.3355,1.0,1,1,0
tmqm_5886,Ru,8,29,17,0.5862,0,0.0769,10.0088,1.0,0,0,0
tmqm_5887,Fe,8,27,16,0.5926,0,0.0833,-0.6706,1.0,0,0,0
tmqm_5888,Ru,6,29,23,0.7931,0,0.1429,10.6684,1.0,0,0,0
tmqm_5889,Fe,6,29,17,0.5862,0,0.0769,6.8474,1.0,0,0,0
tmqm_5890,Ru,5,27,15,0.5556,0,0.0769,2.4703,1.0,0,0,0
tmqm_5891,Ru,9,29,28,0.9655,0,0.5,10.6986,1.0,0,0,0
tmqm_5892,Ru,5,27,18,0.6667,0,0.1,3.2633,1.0,0,0,0
tmqm_5893,Ru,8,26,14,0.5385,0,0.0769,9.5922,1.0,0,0,0
tmqm_5894,Ru,5,27,16,0.5926,0,0.0833,1.042,1.0,0,0,0
tmqm_5895,Ru,10,27,22,0.8148,0,0.1667,9.1629,1.0,0,0,0
tmqm_5896,Os,9,26,22,0.8462,0,0.2,9.7435,1.0,0,0,0
tmqm_5897,Fe,10,29,21,0.7241,0,0.1111,0.8325,1.0,0,0,1
tmqm_5898,Os,5,27,9,0.3333,0,0.0526,3.5586,1.0,0,0,0
tmqm_5899,Ru,6,29,26,0.8966,0,0.25,9.5682,1.0,0,0,0
tmqm_5900,Fe,6,29,22,0.7586,0,0.125,6.7287,1.0,0,0,0
tmqm_5901,Fe,6,29,25,0.8621,0,0.2,8.9241,1.0,0,0,0
tmqm_5902,Fe,8,29,7,0.2414,0,0.0435,-1.2481,1.0,0,0,0
tmqm_5903,Ru,9,26,25,0.9615,0,0.5,11.555,1.0,0,0,1
tmqm_5904,Ru,6,29,25,0.8621,0,0.2,10.8162,1.0,0,0,0
tmqm_5905,Fe,12,28,13,0.4643,0,0.0625,0.7926,1.0,0,0,0
tmqm_5906,Ru,8,29,18,0.6207,0,0.0833,9.1072,1.0,0,0,0
tmqm_5907,Ru,6,16,7,0.4375,0,0.1,0.216,1.0,0,0,0
tmqm_5908,Fe,10,29,17,0.5862,0,0.0769,0.633,1.0,0,0,0
tmqm_5909,Ru,8,26,18,0.6923,0,0.1111,10.6953,1.0,0,0,0
tmqm_5910,Ru,8,26,17,0.6538,0,0.1,10.38,1.0,0,0,0
tmqm_5911,Os,5,25,13,0.52,0,0.0769,5.1806,1.0,1,0,0
tmqm_5912,Ru,4,26,20,0.7692,0,0.1429,4.5113,1.0,0,0,0
tmqm_5913,Ru,9,27,23,0.8519,0,0.2,12.0816,1.0,0,0,0
tmqm_5914,Ru,8,27,20,0.7407,0,0.125,10.6932,1.0,0,0,0
tmqm_5915,Ru,8,27,20,0.7407,0,0.125,10.3163,1.0,0,0,1
tmqm_5916,Ru,6,29,26,0.8966,0,0.25,9.7124,1.0,0,0,0
tmqm_5917,Ru,7,29,21,0.7241,0,0.1111,-0.169,1.0,0,0,0
tmqm_5918,Ru,9,26,17,0.6538,0,0.1,10.1478,1.0,0,0,1
tmqm_5919,Fe,6,29,23,0.7931,0,0.1429,5.9947,1.0,0,0,0
tmqm_5920,Ru,9,26,21,0.8077,0,0.1667,10.1373,1.0,0,0,0
tmqm_5921,Ru,6,29,27,0.931,0,0.3333,7.3641,1.0,0,0,0
tmqm_5922,Ru,6,16,5,0.3125,0,0.0833,-0.2106,1.0,0,0,0
tmqm_5923,Fe,11,27,22,0.8148,0,0.1667,3.2574,1.0,0,0,0
tmqm_5924,Fe,6,29,16,0.5517,0,0.0714,6.9082,1.0,1,0,0
tmqm_5925,Ru,6,27,21,0.7778,0,0.1429,8.651,1.0,0,0,0
tmqm_5926,Ru,7,29,14,0.4828,0,0.0625,-1.1931,1.0,0,0,0
tmqm_5927,Ru,9,26,23,0.8846,0,0.25,9.6023,1.0,0,0,0
tmqm_5928,Fe,5,26,23,0.8846,0,0.25,12.2044,1.0,0,0,0
tmqm_5929,Fe,9,26,22,0.8462,0,0.2,8.707,1.0,0,0,1
tmqm_5930,Fe,5,26,24,0.9231,0,0.3333,7.9859,1.0,0,0,0
tmqm_5931,Os,6,29,26,0.8966,0,0.25,8.1781,1.0,0,0,0
tmqm_5932,Ru,6,29,24,0.8276,0,0.1667,8.8124,1.0,0,0,0
tmqm_5933,Ru,7,29,15,0.5172,0,0.0667,-0.2153,1.0,0,0,0
tmqm_5934,Fe,7,29,22,0.7586,0,0.125,9.6986,1.0,0,0,0
tmqm_5935,Ru,9,26,14,0.5385,0,0.0769,10.8058,1.0,0,0,0
tmqm_5936,Ru,8,26,20,0.7692,0,0.1429,11.5146,1.0,0,0,0
tmqm_5937,Ru,9,26,20,0.7692,0,0.1429,9.9656,1.0,0,0,0
tmqm_5938,Fe,10,29,24,0.8276,0,0.1667,2.8431,1.0,0,0,0
tmqm_5939,Fe,8,29,13,0.4483,0,0.0588,-1.0449,1.0,0,0,0
tmqm_5940,Ru,9,26,21,0.8077,0,0.1667,9.8676,1.0,0,0,0
tmqm_5941,Ru,5,27,20,0.7407,0,0.125,2.1992,1.0,0,0,0
tmqm_5942,Os,9,26,24,0.9231,0,0.3333,9.8794,1.0,0,0,0
tmqm_5943,Fe,8,26,8,0.3077,0,0.0526,-2.0454,1.0,0,0,0
tmqm_5944,Ru,6,16,10,0.625,0,0.1429,0.218,1.0,0,0,0
tmqm_5945,Ru,6,29,20,0.6897,0,0.1,9.3963,1.0,0,0,0
tmqm_5946,Ru,8,26,22,0.8462,0,0.2,11.3906,1.0,0,0,0
tmqm_5947,Ru,5,27,20,0.7407,0,0.125,2.8318,1.0,0,0,0
tmqm_5948,Ru,9,29,24,0.8276,0,0.1667,9.5653,1.0,0,0,0
tmqm_5949,Fe,10,29,21,0.7241,0,0.1111,0.7928,1.0,0,0,0
tmqm_5950,Ru,5,27,19,0.7037,0,0.1111,2.8734,1.0,0,0,0
tmqm_5951,Ru,8,29,20,0.6897,0,0.1,9.9922,1.0,0,0,0
tmqm_5952,Fe,10,29,18,0.6207,0,0.0833,1.1083,1.0,0,0,0
tmqm_5953,Fe,4,25,18,0.72,0,0.125,5.8665,1.0,0,0,0
tmqm_5954,Fe,8,26,8,0.3077,0,0.0526,-1.8994,1.0,0,0,0
tmqm_5955,Fe,6,29,15,0.5172,0,0.0667,5.0161,1.0,0,0,0
tmqm_5956,Os,8,26,16,0.6154,0,0.0909,7.9504,1.0,0,0,0
tmqm_5957,Ru,10,29,14,0.4828,0,0.0625,9.6078,1.0,0,0,0
tmqm_5958,Ru,7,29,20,0.6897,0,0.1,1.9191,1.0,0,0,0
tmqm_5959,Ru,8,26,14,0.5385,0,0.0769,12.0534,1.0,0,0,0
tmqm_5960,Ru,5,27,18,0.6667,0,0.1,3.7289,1.0,0,0,0
tmqm_5961,Ru,8,26,13,0.5,0,0.0714,10.5587,1.0,0,0,0
tmqm_5962,Fe,7,29,21,0.7241,0,0.1111,7.9783,1.0,0,0,0
tmqm_5963,Ru,10,29,25,0.8621,0,0.2,11.3874,1.0,0,0,0
tmqm_5964,Ru,7,27,5,0.1852,0,0.0435,-1.2464,1.0,0,1,0
tmqm_5965,Ru,8,29,26,0.8966,0,0.25,9.3502,1.0,0,0,0
tmqm_5966,Os,7,29,19,0.6552,0,0.0909,-0.1665,1.0,0,0,0
tmqm_5967,Ru,7,29,16,0.5517,0,0.0714,-0.3957,1.0,0,0,0
tmqm_5968,Fe,6,26,23,0.8846,0,0.25,8.904,1.0,0,0,0
tmqm_5969,Ru,9,26,12,0.4615,0,0.0667,9.5725,1.0,0,0,0
tmqm_5970,Fe,7,29,25,0.8621,0,0.2,8.6296,1.0,0,0,0
tmqm_5971,Fe,8,26,11,0.4231,0,0.0625,-2.0108,1.0,0,0,0
tmqm_5972,Ru,6,29,24,0.8276,0,0.1667,8.3781,1.0,0,0,0
tmqm_5973,Fe,4,26,23,0.8846,0,0.25,4.5883,1.0,0,0,0
tmqm_5974,Fe,8,26,12,0.4615,0,0.0667,-0.3027,1.0,0,0,0
tmqm_5975,Ru,7,29,16,0.5517,0,0.0714,0.0153,1.0,0,0,0
tmqm_5976,Fe,5,27,20,0.7407,0,0.125,10.0001,1.0,0,0,0
tmqm_5977,Ru,6,29,16,0.5517,0,0.0714,8.5353,1.0,0,0,0
tmqm_5978,Fe,5,26,17,0.6538,0,0.1,12.1342,1.0,1,0,0
tmqm_5979,Ru,5,27,24,0.8889,0,0.25,3.3572,1.0,0,0,0
tmqm_5980,Ru,7,29,16,0.5517,0,0.0714,-0.5706,1.0,0,0,0
tmqm_5981,Fe,6,29,21,0.7241,0,0.1111,7.216,1.0,0,0,0
tmqm_5982,Ru,9,27,17,0.6296,0,0.0909,7.5366,1.0,0,0,0
tmqm_5983,Fe,4,27,23,0.8519,0,0.2,8.0452,1.0,0,0,0
tmqm_5984,Ru,12,26,25,0.9615,0,0.5,1.8629,1.0,0,0,0
tmqm_5985,Ru,8,29,24,0.8276,0,0.1667,10.6055,1.0,0,0,0
tmqm_5986,Ru,7,26,16,0.6154,0,0.0909,-0.1059,1.0,0,0,0
tmqm_5987,Ru,10,29,17,0.5862,0,0.0769,11.458,1.0,0,0,0
tmqm_5988,Fe,11,28,25,0.8929,0,0.25,3.6836,1.0,0,0,0
tmqm_5989,Os,6,29,20,0.6897,0,0.1,10.5508,1.0,0,0,0
tmqm_5990,Fe,4,16,10,0.625,0,0.1429,0.3771,1.0,0,0,0
tmqm_5991,Fe,7,26,19,0.7308,0,0.125,8.8697,1.0,0,0,0
tmqm_5992,Ru,5,27,19,0.7037,0,0.1111,3.6512,1.0,0,0,0
tmqm_5993,Ru,8,29,23,0.7931,0,0.1429,10.6233,1.0,0,0,0
tmqm_5994,Fe,7,29,24,0.8276,0,0.1667,9.0347,1.0,0,0,0
tmqm_5995,Ru,9,26,13,0.5,0,0.0714,9.9314,1.0,0,0,0
tmqm_5996,Ru,9,29,22,0.7586,0,0.125,10.7943,1.0,0,0,0
tmqm_5997,Fe,5,26,16,0.6154,0,0.0909,9.9061,1.0,0,0,0
tmqm_5998,Ru,9,26,17,0.6538,0,0.1,9.8049,1.0,0,0,0
tmqm_5999,Os,6,27,25,0.9259,0,0.3333,10.1247,1.0,0,0,0
tmqm_6000,Ru,6,29,16,0.5517,0,0.0714,8.2493,1.0,0,0,0
tmqm_6001,Ru,6,29,19,0.6552,0,0.0909,9.9798,1.0,0,0,0
tmqm_6002,Fe,5,26,26,1.0,1,1.0,12.5945,1.0,0,0,0
tmqm_6003,Ru,8,27,22,0.8148,0,0.1667,11.6529,1.0,0,0,0
tmqm_6004,Ru,8,26,21,0.8077,0,0.1667,11.6507,1.0,0,0,0
tmqm_6005,Fe,12,26,6,0.2308,0,0.0476,0.2669,1.0,0,0,1
tmqm_6006,Ru,9,27,23,0.8519,0,0.2,10.9327,1.0,0,0,0
tmqm_6007,Os,6,16,5,0.3125,0,0.0833,-0.2464,1.0,0,0,0
tmqm_6008,Os,9,29,18,0.6207,0,0.0833,10.0202,1.0,0,0,0
tmqm_6009,Fe,14,23,16,0.6957,0,0.125,4.0238,1.0,0,0,0
tmqm_6010,Ru,6,29,17,0.5862,0,0.0769,8.2779,1.0,0,0,0
tmqm_6011,Ru,9,29,24,0.8276,0,0.1667,10.0624,1.0,0,0,0
tmqm_6012,Ru,5,27,23,0.8519,0,0.2,4.4733,1.0,0,0,0
tmqm_6013,Ru,5,27,9,0.3333,0,0.0526,4.0731,1.0,0,0,0
tmqm_6014,Ru,6,29,15,0.5172,0,0.0667,9.1776,1.0,0,0,0
tmqm_6015,Fe,8,26,9,0.3462,0,0.0556,-2.0701,1.0,0,0,0
tmqm_6016,Ru,4,26,11,0.4231,0,0.0625,3.3251,1.0,0,0,0
tmqm_6017,Ru,9,26,13,0.5,0,0.0714,9.6439,1.0,0,0,0
tmqm_6018,Fe,6,26,16,0.6154,0,0.0909,6.5907,1.0,0,0,0
tmqm_6019,Fe,9,27,19,0.7037,0,0.1111,9.6214,1.0,0,0,0
tmqm_6020,Fe,8,26,4,0.1538,0,0.0435,-2.3661,1.0,0,0,0
tmqm_6021,Ru,4,27,20,0.7407,0,0.125,4.3763,1.0,0,0,0
tmqm_6022,Ru,8,29,22,0.7586,0,0.125,8.074,1.0,0,0,0
tmqm_6023,Ru,8,29,18,0.6207,0,0.0833,10.1056,1.0,0,0,0
tmqm_6024,Os,7,23,11,0.4783,0,0.0769,-0.5016,1.0,0,0,0
tmqm_6025,Ru,8,26,19,0.7308,0,0.125,10.6305,1.0,0,0,0
tmqm_6026,Fe,13,26,16,0.6154,0,0.0909,1.5188,1.0,0,0,0
tmqm_6027,Ru,6,16,2,0.125,0,0.0667,-0.8952,1.0,0,0,0
tmqm_6028,Ru,8,29,20,0.6897,0,0.1,11.3526,1.0,0,0,0
tmqm_6029,Ru,8,29,19,0.6552,0,0.0909,9.5248,1.0,0,0,0
tmqm_6030,Ru,8,26,16,0.6154,0,0.0909,10.7686,1.0,0,0,0
tmqm_6031,Fe,6,29,22,0.7586,0,0.125,7.376,1.0,0,0,0
tmqm_6032,Ru,10,26,21,0.8077,0,0.1667,11.1909,1.0,0,0,0
tmqm_6033,Fe,8,29,8,0.2759,0,0.0455,-1.6085,1.0,0,0,0
tmqm_6034,Fe,8,26,14,0.5385,0,0.0769,-0.6453,1.0,0,0,0
tmqm_6035,Os,7,29,19,0.6552,0,0.0909,0.3253,1.0,0,0,0
tmqm_6036,Ru,9,26,23,0.8846,0,0.25,10.0104,1.0,0,0,0
tmqm_6037,Ru,5,29,19,0.6552,0,0.0909,3.0731,1.0,0,0,0
tmqm_6038,Ru,6,29,21,0.7241,0,0.1111,9.4385,1.0,0,0,0
tmqm_6039,Fe,7,27,23,0.8519,0,0.2,10.8421,1.0,0,0,0
tmqm_6040,Ru,8,29,22,0.7586,0,0.125,10.2126,1.0,0,0,0
tmqm_6041,Ru,9,27,21,0.7778,0,0.1429,10.6639,1.0,0,0,0
tmqm_6042,Ru,5,27,16,0.5926,0,0.0833,2.4915,1.0,0,0,0
tmqm_6043,Ru,6,29,20,0.6897,0,0.1,7.8687,1.0,0,0,0
tmqm_6044,Fe,6,26,19,0.7308,0,0.125,6.9824,1.0,0,0,0
tmqm_6045,Fe,8,26,15,0.5769,0,0.0833,-1.7051,1.0,0,0,0
tmqm_6046,Ru,6,29,19,0.6552,0,0.0909,9.3419,1.0,0,1,0
tmqm_6047,Fe,8,26,5,0.1923,0,0.0455,-2.3608,1.0,0,0,0
tmqm_6048,Fe,8,29,5,0.1724,0,0.04,-1.0769,1.0,0,0,0
tmqm_6049,Ru,7,29,22,0.7586,0,0.125,0.4594,1.0,0,0,0
tmqm_6050,Fe,5,27,26,0.963,0,0.5,6.4134,1.0,1,0,0
tmqm_6051,Fe,4,27,17,0.6296,0,0.0909,8.8534,1.0,0,0,0
tmqm_6052,Ru,9,26,23,0.8846,0,0.25,11.2021,1.0,1,0,0
tmqm_6053,Ru,6,16,8,0.5,0,0.1111,0.3684,1.0,0,0,0
tmqm_6054,Ru,7,29,17,0.5862,0,0.0769,0.7401,1.0,0,0,0
tmqm_6055,Fe,3,24,14,0.5833,0,0.0909,0.1769,1.0,0,0,0
tmqm_6056,Fe,8,26,9,0.3462,0,0.0556,-1.6254,1.0,0,0,0
tmqm_6057,Ru,9,26,25,0.9615,0,0.5,10.1227,1.0,0,0,0
tmqm_6058,Ru,8,29,17,0.5862,0,0.0769,10.3481,1.0,0,0,0
tmqm_6059,Fe,5,26,23,0.8846,0,0.25,11.2073,1.0,0,0,0
tmqm_6060,Ru,5,27,23,0.8519,0,0.2,3.0721,1.0,1,0,0
tmqm_6061,Ru,6,29,25,0.8621,0,0.2,7.5608,1.0,0,0,0
tmqm_6062,Ru,9,27,16,0.5926,0,0.0833,10.1548,1.0,0,0,0
tmqm_6063,Fe,6,16,3,0.1875,0,0.0714,-0.3904,1.0,0,0,0
tmqm_6064,Fe,7,15,0,0.0,0,0.0625,-1.3553,1.0,0,0,0
tmqm_6065,Fe,6,27,21,0.7778,0,0.1429,7.1698,1.0,0,0,0
tmqm_6066,Os,6,16,0,0.0,0,0.0588,-0.8643,1.0,0,0,0
tmqm_6067,Os,6,26,20,0.7692,0,0.1429,10.0674,1.0,0,0,0
tmqm_6068,Fe,14,23,17,0.7391,0,0.1429,4.9303,1.0,0,0,0
tmqm_6069,Os,6,26,21,0.8077,0,0.1667,10.4031,1.0,0,0,0
tmqm_6070,Ru,7,29,20,0.6897,0,0.1,0.9653,1.0,0,0,0
tmqm_6071,Ru,8,26,15,0.5769,0,0.0833,10.6256,1.0,0,0,0
tmqm_6072,Ru,6,29,19,0.6552,0,0.0909,10.0545,1.0,0,0,0
tmqm_6073,Os,5,27,16,0.5926,0,0.0833,3.7109,1.0,0,0,0
tmqm_6074,Fe,7,29,25,0.8621,0,0.2,7.4151,1.0,0,0,0
tmqm_6075,Fe,7,27,20,0.7407,0,0.125,8.679,1.0,0,0,0
tmqm_6076,Ru,9,26,21,0.8077,0,0.1667,9.6626,1.0,0,0,0
tmqm_6077,Fe,6,29,21,0.7241,0,0.1111,7.3265,1.0,0,0,0
tmqm_6078,Ru,6,29,20,0.6897,0,0.1,8.8892,1.0,0,0,0
tmqm_6079,Fe,5,27,21,0.7778,0,0.1429,13.4818,1.0,0,0,0
tmqm_6080,Ru,10,29,23,0.7931,0,0.1429,11.1774,1.0,0,0,0
tmqm_6081,Fe,8,29,17,0.5862,0,0.0769,-0.1394,1.0,0,0,0
tmqm_6082,Fe,9,26,16,0.6154,0,0.0909,9.6918,1.0,0,0,0
tmqm_6083,Ru,6,29,21,0.7241,0,0.1111,9.227,1.0,0,0,0
tmqm_6084,Os,6,26,21,0.8077,0,0.1667,9.9943,1.0,0,0,0
tmqm_6085,Ru,9,27,20,0.7407,0,0.125,8.1381,1.0,0,0,0
tmqm_6086,Ru,7,29,23,0.7931,0,0.1429,1.1766,1.0,0,0,0
tmqm_6087,Fe,8,29,11,0.3793,0,0.0526,-1.3516,1.0,0,0,0
tmqm_6088,Ru,8,27,21,0.7778,0,0.1429,10.896,1.0,1,0,0
tmqm_6089,Os,6,29,25,0.8621,0,0.2,9.7758,1.0,0,0,0
tmqm_6090,Ru,8,29,22,0.7586,0,0.125,9.2011,1.0,0,0,0
tmqm_6091,Fe,7,27,20,0.7407,0,0.125,7.1193,1.0,0,0,0
tmqm_6092,Fe,8,26,10,0.3846,0,0.0588,-2.1769,1.0,0,0,0
tmqm_6093,Fe,9,27,16,0.5926,0,0.0833,6.8233,1.0,0,0,0
tmqm_6094,Fe,5,27,22,0.8148,0,0.1667,11.6389,1.0,0,0,0
tmqm_6095,Fe,9,26,20,0.7692,0,0.1429,9.3744,1.0,0,0,0
tmqm_6096,Ru,6,29,15,0.5172,0,0.0667,9.4585,1.0,0,0,0
tmqm_6097,Fe,9,24,10,0.4167,0,0.0667,10.1467,1.0,0,0,0
tmqm_6098,Ru,9,27,20,0.7407,0,0.125,9.013,1.0,1,0,0
tmqm_6099,Ru,6,29,20,0.6897,0,0.1,9.8024,1.0,0,0,0
tmqm_6100,Ru,10,29,21,0.7241,0,0.1111,9.291,1.0,0,0,0
tmqm_6101,Ru,8,26,21,0.8077,0,0.1667,7.4848,1.0,0,0,0
tmqm_6102,Ru,8,26,12,0.4615,0,0.0667,11.0211,1.0,0,1,0
tmqm_6103,Ru,5,27,22,0.8148,0,0.1667,1.2704,1.0,0,0,0
tmqm_6104,Fe,8,27,13,0.4815,0,0.0667,-1.1146,1.0,0,0,0
tmqm_6105,Ru,8,26,18,0.6923,0,0.1111,11.5337,1.0,0,0,0
tmqm_6106,Ru,10,27,21,0.7778,0,0.1429,11.6965,1.0,0,0,0
tmqm_6107,Fe,10,29,18,0.6207,0,0.0833,1.7613,1.0,0,0,0
tmqm_6108,Ru,9,26,17,0.6538,0,0.1,9.8863,1.0,0,0,0
tmqm_6109,Fe,7,27,27,1.0,1,1.0,10.3008,1.0,0,0,0
tmqm_6110,Ru,6,29,23,0.7931,0,0.1429,10.1671,1.0,0,0,0
tmqm_6111,Ru,8,29,23,0.7931,0,0.1429,9.8765,1.0,0,0,0
tmqm_6112,Fe,8,27,6,0.2222,0,0.0455,-1.7999,1.0,0,0,0
tmqm_6113,Ru,12,26,21,0.8077,0,0.1667,0.9044,1.0,0,0,0
tmqm_6114,Fe,8,26,7,0.2692,0,0.05,-1.9399,1.0,1,0,0
tmqm_6115,Ru,10,29,16,0.5517,0,0.0714,10.5731,1.0,0,0,0
tmqm_6116,Ru,9,27,23,0.8519,0,0.2,8.948,1.0,0,0,0
tmqm_6117,Fe,2,22,20,0.9091,0,0.3333,7.3255,1.0,0,0,0
tmqm_6118,Ru,6,29,25,0.8621,0,0.2,10.4959,1.0,0,0,0
tmqm_6119,Os,9,26,24,0.9231,0,0.3333,9.0379,1.0,0,0,0
tmqm_6120,Ru,7,29,23,0.7931,0,0.1429,-0.5469,1.0,0,0,1
tmqm_6121,Ru,6,29,17,0.5862,0,0.0769,5.3665,1.0,1,0,0
tmqm_6122,Fe,10,29,21,0.7241,0,0.1111,1.8984,1.0,0,0,0
tmqm_6123,Os,6,29,17,0.5862,0,0.0769,10.582,1.0,0,0,0
tmqm_6124,Fe,8,27,13,0.4815,0,0.0667,-1.0538,1.0,0,0,0
tmqm_6125,Fe,6,29,18,0.6207,0,0.0833,5.8506,1.0,0,0,1
tmqm_6126,Ru,7,27,10,0.3704,0,0.0556,-0.8756,1.0,0,0,0
tmqm_6127,Fe,7,27,27,1.0,1,1.0,7.9305,1.0,0,0,0
tmqm_6128,Fe,6,29,26,0.8966,0,0.25,8.1187,1.0,0,0,0
tmqm_6129,Fe,6,29,20,0.6897,0,0.1,6.2072,1.0,0,0,0
tmqm_6130,Fe,8,26,11,0.4231,0,0.0625,-1.7966,1.0,0,0,0
tmqm_6131,Ru,7,27,15,0.5556,0,0.0769,1.303,1.0,0,0,0
tmqm_6132,Fe,5,16,0,0.0,0,0.0588,-0.8608,1.0,0,0,0
tmqm_6133,Fe,6,29,28,0.9655,0,0.5,8.4854,1.0,0,0,0
tmqm_6134,Ru,7,27,14,0.5185,0,0.0714,1.3507,1.0,1,0,0
tmqm_6135,Ru,10,29,23,0.7931,0,0.1429,10.3936,1.0,0,0,0
tmqm_6136,Fe,9,26,15,0.5769,0,0.0833,9.4702,1.0,0,0,0
tmqm_6137,Os,6,29,25,0.8621,0,0.2,9.3471,1.0,0,0,0
tmqm_6138,Ru,6,29,19,0.6552,0,0.0909,8.2912,1.0,0,0,0
tmqm_6139,Os,6,16,9,0.5625,0,0.125,0.2095,1.0,0,0,0
tmqm_6140,Fe,4,26,20,0.7692,0,0.1429,6.0829,1.0,0,0,0
tmqm_6141,Ru,9,26,24,0.9231,0,0.3333,10.9597,1.0,0,0,0
tmqm_6142,Fe,9,26,17,0.6538,0,0.1,6.0489,1.0,0,0,0
tmqm_6143,Ru,9,26,18,0.6923,0,0.1111,10.8622,1.0,0,0,0
tmqm_6144,Fe,11,26,14,0.5385,0,0.0769,3.4779,1.0,0,0,0
tmqm_6145,Ru,8,29,20,0.6897,0,0.1,9.6144,1.0,0,0,0
tmqm_6146,Ru,7,29,21,0.7241,0,0.1111,0.1047,1.0,0,0,0
tmqm_6147,Ru,9,26,16,0.6154,0,0.0909,7.1013,1.0,0,0,0
tmqm_6148,Os,7,29,19,0.6552,0,0.0909,-0.3231,1.0,0,0,0
tmqm_6149,Ru,7,29,12,0.4138,0,0.0556,-0.7765,1.0,0,0,0
tmqm_6150,Fe,4,26,17,0.6538,0,0.1,7.1306,1.0,0,1,0
tmqm_6151,Fe,8,26,7,0.2692,0,0.05,-2.4905,1.0,0,0,0
tmqm_6152,Ru,8,26,18,0.6923,0,0.1111,11.0413,1.0,0,0,0
tmqm_6153,Ru,8,29,13,0.4483,0,0.0588,7.716,1.0,0,0,0
tmqm_6154,Ru,9,26,22,0.8462,0,0.2,9.8912,1.0,0,0,0
tmqm_6155,Ru,9,26,16,0.6154,0,0.0909,8.4691,1.0,0,0,0
tmqm_6156,Ru,9,26,19,0.7308,0,0.125,11.5541,1.0,0,0,0
tmqm_6157,Ru,9,26,21,0.8077,0,0.1667,10.0467,1.0,0,0,0
tmqm_6158,Ru,8,26,18,0.6923,0,0.1111,11.1521,1.0,0,1,0
tmqm_6159,Os,8,26,20,0.7692,0,0.1429,10.8173,1.0,0,0,0
tmqm_6160,Fe,8,26,9,0.3462,0,0.0556,-0.7329,1.0,0,0,0
tmqm_6161,Fe,8,26,3,0.1154,0,0.0417,-2.53,1.0,1,0,0
tmqm_6162,Fe,7,27,23,0.8519,0,0.2,8.9246,1.0,0,0,0
tmqm_6163,Ru,5,29,14,0.4828,0,0.0625,3.9693,1.0,0,0,1
tmqm_6164,Ru,10,29,21,0.7241,0,0.1111,10.8667,1.0,0,0,0
tmqm_6165,Fe,6,29,18,0.6207,0,0.0833,7.3679,1.0,0,0,0
tmqm_6166,Fe,4,26,17,0.6538,0,0.1,6.9299,1.0,0,0,0
tmqm_6167,Fe,8,26,12,0.4615,0,0.0667,-1.9742,1.0,0,0,0
tmqm_6168,Ru,8,29,23,0.7931,0,0.1429,9.6097,1.0,0,0,0
tmqm_6169,Ru,10,26,20,0.7692,0,0.1429,12.0443,1.0,0,0,0
tmqm_6170,Fe,6,29,21,0.7241,0,0.1111,6.9343,1.0,0,0,0
tmqm_6171,Ru,7,29,23,0.7931,0,0.1429,2.3941,1.0,0,0,0
tmqm_6172,Ru,10,29,21,0.7241,0,0.1111,10.6591,1.0,0,0,0
tmqm_6173,Ru,6,29,23,0.7931,0,0.1429,7.587,1.0,0,0,0
tmqm_6174,Fe,5,26,21,0.8077,0,0.1667,10.5966,1.0,0,0,0
tmqm_6175,Ru,9,26,16,0.6154,0,0.0909,10.9093,1.0,0,0,0
tmqm_6176,Ru,9,26,18,0.6923,0,0.1111,10.8523,1.0,0,0,0
tmqm_6177,Fe,6,29,23,0.7931,0,0.1429,6.4032,1.0,0,0,0
tmqm_6178,Fe,6,29,14,0.4828,0,0.0625,7.5837,1.0,0,0,0
tmqm_6179,Ru,7,29,22,0.7586,0,0.125,0.964,1.0,0,0,0
tmqm_6180,Ru,9,26,20,0.7692,0,0.1429,10.1507,1.0,0,0,0
tmqm_6181,Ru,7,29,23,0.7931,0,0.1429,1.9477,1.0,0,0,0
tmqm_6182,Fe,4,26,15,0.5769,0,0.0833,5.3611,1.0,0,0,0
tmqm_6183,Ru,6,29,20,0.6897,0,0.1,8.9146,1.0,0,0,1
tmqm_6184,Ru,6,29,28,0.9655,0,0.5,10.2789,1.0,0,0,0
tmqm_6185,Fe,3,24,5,0.2083,0,0.05,-0.0343,1.0,0,0,0
tmqm_6186,Fe,10,29,20,0.6897,0,0.1,0.8732,1.0,0,0,0
tmqm_6187,Ru,9,26,17,0.6538,0,0.1,10.0699,1.0,0,0,0
tmqm_6188,Fe,5,26,12,0.4615,0,0.0667,10.9438,1.0,0,0,0
tmqm_6189,Fe,6,29,16,0.5517,0,0.0714,6.2175,1.0,0,0,0
tmqm_6190,Ru,5,16,12,0.75,0,0.2,0.2,1.0,0,0,0
tmqm_6191,Ru,8,26,24,0.9231,0,0.3333,11.693,1.0,0,0,0
tmqm_6192,Ru,9,26,24,0.9231,0,0.3333,9.9592,1.0,0,0,0
tmqm_6193,Ru,9,29,23,0.7931,0,0.1429,9.564,1.0,0,0,0
tmqm_6194,Fe,4,26,14,0.5385,0,0.0769,5.612,1.0,0,0,0
tmqm_6195,Fe,5,26,16,0.6154,0,0.0909,11.5417,1.0,0,0,0
tmqm_6196,Ru,9,27,24,0.8889,0,0.25,10.6681,1.0,0,0,0
tmqm_6197,Fe,8,26,10,0.3846,0,0.0588,-1.0617,1.0,0,0,0
tmqm_6198,Ru,9,27,21,0.7778,0,0.1429,10.7079,1.0,0,0,0
tmqm_6199,Ru,4,26,18,0.6923,0,0.1111,5.3409,1.0,0,0,0
tmqm_6200,Fe,3,16,14,0.875,0,0.3333,0.4389,1.0,0,0,0
tmqm_6201,Fe,7,26,13,0.5,0,0.0714,9.734,1.0,0,0,0
tmqm_6202,Fe,8,26,10,0.3846,0,0.0588,-1.7996,1.0,0,0,0
tmqm_6203,Fe,9,27,25,0.9259,0,0.3333,9.4696,1.0,0,0,0
tmqm_6204,Fe,7,27,19,0.7037,0,0.1111,9.4442,1.0,0,0,0
tmqm_6205,Ru,9,29,20,0.6897,0,0.1,11.2245,1.0,0,0,0
tmqm_6206,Ru,9,29,26,0.8966,0,0.25,12.3566,1.0,0,0,1
tmqm_6207,Fe,4,26,16,0.6154,0,0.0909,6.6893,1.0,0,0,0
tmqm_6208,Fe,12,28,14,0.5,0,0.0667,0.7428,1.0,0,0,0
tmqm_6209,Ru,9,26,18,0.6923,0,0.1111,9.9628,1.0,0,0,0
tmqm_6210,Ru,8,29,26,0.8966,0,0.25,10.8984,1.0,0,0,0
tmqm_6211,Fe,7,29,16,0.5517,0,0.0714,8.1155,1.0,0,0,0
tmqm_6212,Fe,5,29,15,0.5172,0,0.0667,10.8235,1.0,0,0,0
tmqm_6213,Fe,10,26,13,0.5,0,0.0714,0.9713,1.0,0,0,0
tmqm_6214,Fe,6,26,23,0.8846,0,0.25,7.1865,1.0,0,0,0
tmqm_6215,Fe,8,29,13,0.4483,0,0.0588,-1.0439,1.0,0,0,0
tmqm_6216,Fe,4,27,21,0.7778,0,0.1429,8.6757,1.0,0,0,0
tmqm_6217,Ru,7,29,22,0.7586,0,0.125,2.6702,1.0,0,0,0
tmqm_6218,Ru,6,29,22,0.7586,0,0.125,8.6892,1.0,0,0,0
tmqm_6219,Ru,7,26,9,0.3462,0,0.0556,-1.0879,1.0,0,0,0
tmqm_6220,Ru,2,27,20,0.7407,0,0.125,7.406,1.0,0,0,0
tmqm_6221,Fe,6,29,14,0.4828,0,0.0625,3.0046,1.0,0,0,0
tmqm_6222,Fe,8,26,14,0.5385,0,0.0769,0.3074,1.0,0,0,0
tmqm_6223,Ru,6,16,6,0.375,0,0.0909,-0.1031,1.0,0,0,0
tmqm_6224,Fe,9,26,20,0.7692,0,0.1429,9.6525,1.0,0,0,0
tmqm_6225,Ru,8,26,17,0.6538,0,0.1,11.2068,1.0,0,0,0
tmqm_6226,Ru,8,26,18,0.6923,0,0.1111,11.1832,1.0,0,0,0
tmqm_6227,Fe,2,24,17,0.7083,0,0.125,6.1235,1.0,0,0,0
tmqm_6228,Ru,9,29,20,0.6897,0,0.1,8.6428,1.0,0,0,0
tmqm_6229,Ru,10,29,15,0.5172,0,0.0667,10.8737,1.0,0,0,0
tmqm_6230,Fe,8,29,14,0.4828,0,0.0625,-1.4267,1.0,0,0,0
tmqm_6231,Ru,9,27,22,0.8148,0,0.1667,10.044,1.0,0,0,0
tmqm_6232,Fe,3,24,14,0.5833,0,0.0909,0.1044,1.0,0,0,0
tmqm_6233,Ru,9,26,19,0.7308,0,0.125,9.3054,1.0,0,0,0
tmqm_6234,Ru,8,29,28,0.9655,0,0.5,9.8106,1.0,0,0,0
tmqm_6235,Os,4,23,17,0.7391,0,0.1429,5.2165,1.0,0,0,0
tmqm_6236,Fe,8,26,10,0.3846,0,0.0588,-1.5756,1.0,0,0,0
tmqm_6237,Fe,6,29,22,0.7586,0,0.125,6.5974,1.0,0,0,0
tmqm_6238,Ru,9,29,25,0.8621,0,0.2,10.6515,1.0,0,0,0
tmqm_6239,Ru,6,29,20,0.6897,0,0.1,8.9352,1.0,0,0,0
tmqm_6240,Fe,6,29,20,0.6897,0,0.1,7.4513,1.0,0,0,0
tmqm_6241,Ru,9,26,23,0.8846,0,0.25,11.5951,1.0,0,0,0
tmqm_6242,Fe,8,26,8,0.3077,0,0.0526,-1.487,1.0,0,0,0
tmqm_6243,Fe,11,25,23,0.92,0,0.3333,3.1182,1.0,0,0,0
tmqm_6244,Ru,5,29,14,0.4828,0,0.0625,2.593,1.0,1,0,0
tmqm_6245,Fe,6,29,16,0.5517,0,0.0714,8.2534,1.0,0,0,0
tmqm_6246,Ru,9,27,22,0.8148,0,0.1667,11.1617,1.0,0,0,0
tmqm_6247,Fe,8,26,11,0.4231,0,0.0625,-1.6589,1.0,0,0,0
tmqm_6248,Fe,6,29,19,0.6552,0,0.0909,7.3788,1.0,0,0,0
tmqm_6249,Fe,7,29,21,0.7241,0,0.1111,9.023,1.0,0,0,0
tmqm_6250,Os,6,27,19,0.7037,0,0.1111,11.0639,1.0,0,0,0
tmqm_6251,Fe,8,26,5,0.1923,0,0.0455,-2.3116,1.0,0,0,0
tmqm_6252,Fe,8,26,7,0.2692,0,0.05,-2.1712,1.0,0,0,0
tmqm_6253,Fe,4,26,18,0.6923,0,0.1111,8.0417,1.0,0,0,0
tmqm_6254,Ru,9,26,19,0.7308,0,0.125,9.9498,1.0,0,1,0
tmqm_6255,Ru,6,29,22,0.7586,0,0.125,9.182,1.0,0,0,0
tmqm_6256,Fe,10,26,11,0.4231,0,0.0625,-0.3503,1.0,0,0,0
tmqm_6257,Ru,9,26,21,0.8077,0,0.1667,9.9795,1.0,0,0,0
tmqm_6258,Ru,6,29,21,0.7241,0,0.1111,9.3071,1.0,0,0,0
tmqm_6259,Ru,9,26,18,0.6923,0,0.1111,11.8069,1.0,0,0,0
tmqm_6260,Fe,8,27,9,0.3333,0,0.0526,-1.5956,1.0,0,0,0
tmqm_6261,Fe,14,23,18,0.7826,0,0.1667,4.6495,1.0,0,0,0
tmqm_6262,Fe,6,29,20,0.6897,0,0.1,7.1895,1.0,0,0,0
tmqm_6263,Fe,9,27,18,0.6667,0,0.1,9.1538,1.0,0,0,0
tmqm_6264,Ru,10,29,24,0.8276,0,0.1667,10.719,1.0,0,1,0
tmqm_6265,Ru,9,27,17,0.6296,0,0.0909,10.5205,1.0,0,0,0
tmqm_6266,Ru,5,29,15,0.5172,0,0.0667,2.5723,1.0,0,0,0
tmqm_6267,Fe,6,27,15,0.5556,0,0.0769,5.0124,1.0,0,0,0
tmqm_6268,Fe,8,26,6,0.2308,0,0.0476,-1.6898,1.0,0,0,0
tmqm_6269,Ru,9,27,20,0.7407,0,0.125,10.6154,1.0,0,0,0
tmqm_6270,Fe,6,27,23,0.8519,0,0.2,9.8725,1.0,0,0,0
tmqm_6271,Fe,6,29,14,0.4828,0,0.0625,6.0164,1.0,0,0,0
tmqm_6272,Ru,6,29,23,0.7931,0,0.1429,10.3289,1.0,0,0,0
tmqm_6273,Ru,7,29,17,0.5862,0,0.0769,0.1235,1.0,0,0,0
tmqm_6274,Ru,9,26,22,0.8462,0,0.2,10.1763,1.0,0,0,0
tmqm_6275,Fe,4,27,16,0.5926,0,0.0833,5.7377,1.0,0,0,0
tmqm_6276,Fe,5,26,20,0.7692,0,0.1429,8.7424,1.0,0,0,0
tmqm_6277,Fe,6,26,12,0.4615,0,0.0667,5.0011,1.0,0,0,0
tmqm_6278,Ru,4,28,23,0.8214,0,0.1667,3.211,1.0,0,0,0
tmqm_6279,Fe,10,29,20,0.6897,0,0.1,-0.5462,1.0,0,0,0
tmqm_6280,Fe,2,23,15,0.6522,0,0.1111,3.0538,1.0,0,0,0
tmqm_6281,Ru,5,29,17,0.5862,0,0.0769,3.3849,1.0,0,0,0
tmqm_6282,Fe,8,26,11,0.4231,0,0.0625,-1.3843,1.0,0,0,0
tmqm_6283,Fe,6,29,20,0.6897,0,0.1,5.8068,1.0,0,0,0
tmqm_6284,Fe,6,29,16,0.5517,0,0.0714,4.8318,1.0,0,0,0
tmqm_6285,Fe,5,29,15,0.5172,0,0.0667,9.9707,1.0,0,0,0
tmqm_6286,Ru,9,26,13,0.5,0,0.0714,10.72,1.0,0,0,0
tmqm_6287,Ru,6,29,17,0.5862,0,0.0769,8.8487,1.0,0,0,0
tmqm_6288,Ru,8,26,16,0.6154,0,0.0909,11.4845,1.0,0,0,0
tmqm_6289,Fe,6,16,8,0.5,0,0.1111,-0.0586,1.0,0,0,0
tmqm_6290,Fe,8,29,11,0.3793,0,0.0526,-1.2827,1.0,0,0,0
tmqm_6291,Fe,2,22,14,0.6364,0,0.1111,7.8076,1.0,0,0,0
tmqm_6292,Ru,9,26,16,0.6154,0,0.0909,9.2699,1.0,0,0,0
tmqm_6293,Ru,6,29,19,0.6552,0,0.0909,8.7354,1.0,0,0,0
tmqm_6294,Ru,9,26,19,0.7308,0,0.125,9.1425,1.0,0,0,0
tmqm_6295,Fe,9,26,21,0.8077,0,0.1667,9.9466,1.0,1,0,0
tmqm_6296,Ru,6,29,23,0.7931,0,0.1429,10.5272,1.0,0,0,0
tmqm_6297,Fe,6,29,19,0.6552,0,0.0909,7.0057,1.0,0,0,0
tmqm_6298,Ru,11,28,15,0.5357,0,0.0714,3.7844,1.0,0,0,0
tmqm_6299,Ru,9,26,22,0.8462,0,0.2,11.5494,1.0,0,0,0
tmqm_6300,Fe,11,28,24,0.8571,0,0.2,3.564,1.0,0,0,0
tmqm_6301,Ru,9,27,21,0.7778,0,0.1429,10.6609,1.0,0,0,0
tmqm_6302,Ru,9,26,24,0.9231,0,0.3333,10.9944,1.0,0,0,0
tmqm_6303,Fe,5,26,23,0.8846,0,0.25,12.1472,1.0,0,0,0
tmqm_6304,Ru,8,26,19,0.7308,0,0.125,11.5112,1.0,0,0,0
tmqm_6305,Fe,6,29,14,0.4828,0,0.0625,4.8767,1.0,0,0,0
tmqm_6306,Ru,7,29,21,0.7241,0,0.1111,1.723,1.0,0,0,0
tmqm_6307,Ru,9,27,16,0.5926,0,0.0833,8.5585,1.0,0,0,0
tmqm_6308,Fe,5,29,27,0.931,0,0.3333,8.3081,1.0,0,0,0
tmqm_6309,Fe,7,25,22,0.88,0,0.25,10.8754,1.0,0,0,0
tmqm_6310,Fe,7,27,16,0.5926,0,0.0833,8.5529,1.0,1,0,0
tmqm_6311,Os,6,29,18,0.6207,0,0.0833,9.4603,1.0,0,0,0
tmqm_6312,Os,6,16,4,0.25,0,0.0769,-0.1285,1.0,0,0,0
tmqm_6313,Ru,6,29,19,0.6552,0,0.0909,8.7438,1.0,0,0,0
tmqm_6314,Fe,8,29,12,0.4138,0,0.0556,-0.7587,1.0,0,0,0
tmqm_6315,Fe,8,26,9,0.3462,0,0.0556,-2.0332,1.0,0,0,0
tmqm_6316,Ru,6,29,23,0.7931,0,0.1429,9.7404,1.0,0,0,0
tmqm_6317,Ru,6,29,24,0.8276,0,0.1667,9.9041,1.0,0,0,0
tmqm_6318,Ru,8,26,18,0.6923,0,0.1111,9.2427,1.0,0,0,0
tmqm_6319,Ru,8,29,22,0.7586,0,0.125,11.3211,1.0,0,0,0
tmqm_6320,Fe,6,29,16,0.5517,0,0.0714,6.9261,1.0,0,0,0
tmqm_6321,Fe,6,26,21,0.8077,0,0.1667,6.4433,1.0,0,0,0
tmqm_6322,Ru,7,29,27,0.931,0,0.3333,0.7571,1.0,0,0,0
tmqm_6323,Fe,8,26,13,0.5,0,0.0714,-0.2413,1.0,0,0,0
tmqm_6324,Fe,9,27,15,0.5556,0,0.0769,9.1901,1.0,0,0,0
tmqm_6325,Ru,8,27,26,0.963,0,0.5,11.7539,1.0,0,0,0
tmqm_6326,Fe,12,28,16,0.5714,0,0.0769,1.6135,1.0,0,0,0
tmqm_6327,Ru,7,26,10,0.3846,0,0.0588,-1.5602,1.0,0,0,0
tmqm_6328,Fe,6,16,8,0.5,0,0.1111,-0.0511,1.0,0,1,0
tmqm_6329,Ru,8,29,26,0.8966,0,0.25,11.5537,1.0,0,0,0
tmqm_6330,Ru,3,27,14,0.5185,0,0.0714,0.9414,1.0,0,0,0
tmqm_6331,Fe,4,27,23,0.8519,0,0.2,6.0191,1.0,0,0,0
tmqm_6332,Fe,7,29,22,0.7586,0,0.125,10.1397,1.0,0,0,0
tmqm_6333,Ru,6,29,21,0.7241,0,0.1111,7.6126,1.0,0,0,0
tmqm_6334,Ru,6,29,20,0.6897,0,0.1,8.1941,1.0,0,0,0
tmqm_6335,Ru,9,27,18,0.6667,0,0.1,10.8404,1.0,0,0,0
tmqm_6336,Ru,8,26,14,0.5385,0,0.0769,10.8186,1.0,0,0,1
tmqm_6337,Os,7,24,12,0.5,0,0.0769,1.4336,1.0,0,0,0
tmqm_6338,Ru,7,29,23,0.7931,0,0.1429,2.0886,1.0,0,0,0
tmqm_6339,Fe,7,26,26,1.0,1,1.0,8.9967,1.0,0,0,0
tmqm_6340,Ru,9,27,22,0.8148,0,0.1667,10.6204,1.0,0,0,0
tmqm_6341,Fe,8,26,15,0.5769,0,0.0833,-0.9493,1.0,0,0,0
tmqm_6342,Ru,6,26,11,0.4231,0,0.0625,9.3704,1.0,0,1,0
tmqm_6343,Ru,7,29,18,0.6207,0,0.0833,0.661,1.0,0,1,0
tmqm_6344,Fe,9,26,18,0.6923,0,0.1111,10.1576,1.0,1,0,0
tmqm_6345,Os,9,26,18,0.6923,0,0.1111,8.9564,1.0,0,0,0
tmqm_6346,Os,5,25,20,0.8,0,0.1667,5.1037,1.0,0,0,0
tmqm_6347,Ru,5,27,22,0.8148,0,0.1667,4.3323,1.0,0,0,1
tmqm_6348,Ru,8,26,16,0.6154,0,0.0909,12.327,1.0,0,0,0
tmqm_6349,Os,7,26,11,0.4231,0,0.0625,-0.3543,1.0,0,0,0
tmqm_6350,Ru,8,26,19,0.7308,0,0.125,8.3467,1.0,0,0,0
tmqm_6351,Fe,6,29,19,0.6552,0,0.0909,7.2236,1.0,0,0,0
tmqm_6352,Ru,4,26,10,0.3846,0,0.0588,3.3346,1.0,0,0,0
tmqm_6353,Ru,9,26,20,0.7692,0,0.1429,10.8939,1.0,0,0,1
tmqm_6354,Ru,9,26,14,0.5385,0,0.0769,9.1793,1.0,0,0,0
tmqm_6355,Ru,5,27,20,0.7407,0,0.125,4.0763,1.0,0,0,0
tmqm_6356,Ru,9,27,24,0.8889,0,0.25,11.8888,1.0,0,0,0
tmqm_6357,Ru,7,15,5,0.3333,0,0.0909,-0.2633,1.0,0,0,0
tmqm_6358,Ru,9,29,25,0.8621,0,0.2,10.3165,1.0,0,0,0
tmqm_6359,Fe,8,27,14,0.5185,0,0.0714,-1.1743,1.0,0,0,0
tmqm_6360,Ru,6,29,20,0.6897,0,0.1,8.7,1.0,0,1,0
tmqm_6361,Ru,6,29,26,0.8966,0,0.25,9.5,1.0,0,0,0
tmqm_6362,Fe,8,29,10,0.3448,0,0.05,-1.7893,1.0,0,0,0
tmqm_6363,Fe,7,29,27,0.931,0,0.3333,8.3839,1.0,0,0,0
tmqm_6364,Fe,6,27,14,0.5185,0,0.0714,4.9541,1.0,0,0,0
tmqm_6365,Fe,3,26,8,0.3077,0,0.0526,0.0532,1.0,0,0,0
tmqm_6366,Fe,10,29,20,0.6897,0,0.1,1.3349,1.0,0,0,1
tmqm_6367,Fe,8,26,8,0.3077,0,0.0526,-1.9454,1.0,0,0,0
tmqm_6368,Fe,8,26,9,0.3462,0,0.0556,-2.1505,1.0,0,0,0
tmqm_6369,Ru,9,29,20,0.6897,0,0.1,10.2255,1.0,0,0,1
tmqm_6370,Os,9,29,27,0.931,0,0.3333,8.5236,1.0,0,0,0
tmqm_6371,Ru,5,26,20,0.7692,0,0.1429,2.4592,1.0,0,0,0
tmqm_6372,Ru,6,29,26,0.8966,0,0.25,9.6439,1.0,0,0,0
tmqm_6373,Os,6,16,8,0.5,0,0.1111,-0.1453,1.0,0,0,0
tmqm_6374,Ru,10,26,24,0.9231,0,0.3333,11.4214,1.0,0,0,0
tmqm_6375,Ru,9,27,20,0.7407,0,0.125,10.7528,1.0,0,0,0
tmqm_6376,Os,6,27,24,0.8889,0,0.25,9.0314,1.0,0,0,0
tmqm_6377,Os,8,26,17,0.6538,0,0.1,11.2868,1.0,0,0,0
tmqm_6378,Ru,6,29,23,0.7931,0,0.1429,6.1368,1.0,0,0,0
tmqm_6379,Fe,6,26,18,0.6923,0,0.1111,8.7562,1.0,0,0,0
tmqm_6380,Fe,7,27,24,0.8889,0,0.25,10.4292,1.0,0,0,0
tmqm_6381,Ru,7,26,22,0.8462,0,0.2,1.8746,1.0,0,0,0
tmqm_6382,Ru,9,26,23,0.8846,0,0.25,11.1361,1.0,0,0,0
tmqm_6383,Ru,7,29,13,0.4483,0,0.0588,0.5154,1.0,0,0,0
tmqm_6384,Fe,10,29,12,0.4138,0,0.0556,1.2118,1.0,0,0,0
tmqm_6385,Ru,8,29,24,0.8276,0,0.1667,11.3039,1.0,0,0,0
tmqm_6386,Ru,9,26,23,0.8846,0,0.25,11.6228,1.0,0,0,0
tmqm_6387,Ru,5,27,21,0.7778,0,0.1429,2.8867,1.0,0,0,0
tmqm_6388,Os,8,26,23,0.8846,0,0.25,11.4698,1.0,0,0,0
tmqm_6389,Fe,8,29,13,0.4483,0,0.0588,-0.0856,1.0,0,0,0
tmqm_6390,Ru,8,26,18,0.6923,0,0.1111,11.6771,1.0,0,0,0
tmqm_6391,Fe,7,29,20,0.6897,0,0.1,7.6658,1.0,0,0,0
tmqm_6392,Ru,7,29,12,0.4138,0,0.0556,-0.1346,1.0,0,0,0
tmqm_6393,Ru,6,29,22,0.7586,0,0.125,9.6685,1.0,0,0,0
tmqm_6394,Ru,8,26,20,0.7692,0,0.1429,11.2002,1.0,0,0,0
tmqm_6395,Ru,10,29,25,0.8621,0,0.2,11.0875,1.0,0,0,0
tmqm_6396,Os,6,27,19,0.7037,0,0.1111,8.4782,1.0,0,0,0
tmqm_6397,Ru,8,26,14,0.5385,0,0.0769,10.7917,1.0,0,0,0
tmqm_6398,Ru,10,26,24,0.9231,0,0.3333,13.6904,1.0,0,0,0
tmqm_6399,Fe,5,29,21,0.7241,0,0.1111,9.9911,1.0,0,0,0
tmqm_6400,Ru,12,26,10,0.3846,0,0.0588,0.8784,1.0,0,0,0
tmqm_6401,Ru,11,26,11,0.4231,0,0.0625,1.1021,1.0,0,0,0
tmqm_6402,Ru,6,29,25,0.8621,0,0.2,9.9932,1.0,0,0,0
tmqm_6403,Ru,9,26,19,0.7308,0,0.125,10.9364,1.0,0,0,0
tmqm_6404,Fe,9,26,13,0.5,0,0.0714,8.5256,1.0,0,0,0
tmqm_6405,Fe,6,29,19,0.6552,0,0.0909,6.8507,1.0,0,0,0
tmqm_6406,Fe,8,26,8,0.3077,0,0.0526,-1.8811,1.0,0,0,0
tmqm_6407,Fe,9,29,23,0.7931,0,0.1429,8.8146,1.0,0,0,0
tmqm_6408,Fe,8,29,7,0.2414,0,0.0435,-1.4384,1.0,0,0,0
tmqm_6409,Ru,9,26,18,0.6923,0,0.1111,9.5607,1.0,0,0,0
tmqm_6410,Fe,6,16,7,0.4375,0,0.1,-0.1613,1.0,0,0,0
tmqm_6411,Ru,5,27,15,0.5556,0,0.0769,0.6441,1.0,0,0,0
tmqm_6412,Ru,8,29,18,0.6207,0,0.0833,7.032,1.0,0,0,0
tmqm_6413,Ru,5,29,23,0.7931,0,0.1429,2.0104,1.0,0,0,0
tmqm_6414,Fe,8,29,7,0.2414,0,0.0435,-1.605,1.0,0,0,0
tmqm_6415,Ru,4,26,20,0.7692,0,0.1429,3.5533,1.0,0,0,0
tmqm_6416,Fe,6,29,16,0.5517,0,0.0714,4.8184,1.0,0,0,0
tmqm_6417,Fe,5,29,20,0.6897,0,0.1,10.7937,1.0,0,0,0
tmqm_6418,Os,9,26,16,0.6154,0,0.0909,9.2125,1.0,0,0,0
tmqm_6419,Ru,9,26,21,0.8077,0,0.1667,9.0856,1.0,0,0,0
tmqm_6420,Ru,8,29,22,0.7586,0,0.125,10.1972,1.0,0,0,0
tmqm_6421,Ru,6,29,22,0.7586,0,0.125,10.4457,1.0,0,0,0
tmqm_6422,Os,6,27,21,0.7778,0,0.1429,10.4479,1.0,0,0,0
tmqm_6423,Ru,9,26,25,0.9615,0,0.5,11.2417,1.0,0,0,0
tmqm_6424,Fe,6,29,21,0.7241,0,0.1111,5.1218,1.0,0,0,0
tmqm_6425,Fe,6,26,10,0.3846,0,0.0588,3.3642,1.0,0,0,0
tmqm_6426,Fe,4,26,18,0.6923,0,0.1111,6.5111,1.0,0,0,0
tmqm_6427,Fe,10,26,19,0.7308,0,0.125,0.3389,1.0,0,0,0
tmqm_6428,Ru,6,29,26,0.8966,0,0.25,9.0458,1.0,0,0,0
tmqm_6429,Ru,9,29,27,0.931,0,0.3333,9.0312,1.0,0,0,0
tmqm_6430,Fe,11,28,26,0.9286,0,0.3333,5.677,1.0,0,0,0
tmqm_6431,Ru,9,27,17,0.6296,0,0.0909,10.6417,1.0,0,0,0
tmqm_6432,Ru,5,26,20,0.7692,0,0.1429,1.4111,1.0,0,0,0
tmqm_6433,Fe,8,29,12,0.4138,0,0.0556,-1.5734,1.0,0,0,0
tmqm_6434,Ru,8,29,25,0.8621,0,0.2,11.1692,1.0,0,0,1
tmqm_6435,Ru,8,26,20,0.7692,0,0.1429,10.6669,1.0,0,0,0
tmqm_6436,Fe,8,26,8,0.3077,0,0.0526,-2.1977,1.0,0,0,0
tmqm_6437,Fe,9,25,15,0.6,0,0.0909,9.6893,1.0,0,0,0
tmqm_6438,Os,8,26,20,0.7692,0,0.1429,10.7995,1.0,0,0,0
tmqm_6439,Fe,8,26,14,0.5385,0,0.0769,-1.1663,1.0,0,0,0
tmqm_6440,Fe,8,26,13,0.5,0,0.0714,-0.88,1.0,0,0,0
tmqm_6441,Fe,14,23,11,0.4783,0,0.0769,4.4893,1.0,0,0,0
tmqm_6442,Ru,6,26,14,0.5385,0,0.0769,8.902,1.0,0,0,0
tmqm_6443,Fe,6,26,18,0.6923,0,0.1111,8.4043,1.0,0,0,1
tmqm_6444,Fe,8,26,12,0.4615,0,0.0667,-1.6911,1.0,0,0,0
tmqm_6445,Ru,6,29,20,0.6897,0,0.1,10.0458,1.0,0,1,0
tmqm_6446,Os,9,26,19,0.7308,0,0.125,9.8768,1.0,0,0,0
tmqm_6447,Fe,9,27,16,0.5926,0,0.0833,7.793,1.0,0,0,0
tmqm_6448,Ru,5,27,21,0.7778,0,0.1429,2.299,1.0,0,0,0
tmqm_6449,Fe,8,26,8,0.3077,0,0.0526,-1.0806,1.0,0,0,0
tmqm_6450,Ru,9,26,15,0.5769,0,0.0833,9.2461,1.0,0,0,0
tmqm_6451,Fe,6,29,20,0.6897,0,0.1,5.226,1.0,0,0,0
tmqm_6452,Fe,5,26,21,0.8077,0,0.1667,11.0645,1.0,0,1,0
tmqm_6453,Fe,4,26,20,0.7692,0,0.1429,6.3955,1.0,0,0,1
tmqm_6454,Ru,6,29,14,0.4828,0,0.0625,9.2064,1.0,0,0,0
tmqm_6455,Fe,8,29,11,0.3793,0,0.0526,-1.089,1.0,0,0,0
tmqm_6456,Ru,9,26,18,0.6923,0,0.1111,9.7413,1.0,0,0,0
tmqm_6457,Fe,6,29,15,0.5172,0,0.0667,6.5671,1.0,0,0,0
tmqm_6458,Fe,7,29,17,0.5862,0,0.0769,8.4169,1.0,0,0,0
tmqm_6459,Fe,8,29,6,0.2069,0,0.0417,-1.5833,1.0,1,0,0
tmqm_6460,Os,4,15,8,0.5333,0,0.125,0.1553,1.0,1,0,0
tmqm_6461,Ru,6,29,14,0.4828,0,0.0625,8.7386,1.0,0,0,0
tmqm_6462,Os,8,26,24,0.9231,0,0.3333,5.7696,1.0,0,0,0
tmqm_6463,Ru,9,26,22,0.8462,0,0.2,9.6801,1.0,0,0,0
tmqm_6464,Ru,9,26,23,0.8846,0,0.25,10.7726,1.0,0,0,0
tmqm_6465,Fe,4,26,17,0.6538,0,0.1,6.7354,1.0,0,0,0
tmqm_6466,Ru,9,27,13,0.4815,0,0.0667,10.1511,1.0,0,1,0
tmqm_6467,Ru,9,29,20,0.6897,0,0.1,10.7154,1.0,0,0,0
tmqm_6468,Ru,6,16,8,0.5,0,0.1111,-0.0039,1.0,0,0,0
tmqm_6469,Fe,10,29,15,0.5172,0,0.0667,-1.1424,1.0,0,0,0
tmqm_6470,Ru,9,29,24,0.8276,0,0.1667,10.1423,1.0,0,0,0
tmqm_6471,Fe,14,23,17,0.7391,0,0.1429,4.4951,1.0,1,0,1
tmqm_6472,Ru,8,29,28,0.9655,0,0.5,11.0734,1.0,0,0,0
tmqm_6473,Ru,6,29,27,0.931,0,0.3333,9.6194,1.0,0,0,0
tmqm_6474,Ru,2,26,23,0.8846,0,0.25,6.8143,1.0,0,0,0
tmqm_6475,Ru,6,29,24,0.8276,0,0.1667,7.7099,1.0,0,0,0
tmqm_6476,Fe,7,24,24,1.0,1,1.0,9.4493,1.0,0,0,0
tmqm_6477,Fe,8,26,6,0.2308,0,0.0476,-2.1482,1.0,0,0,0
tmqm_6478,Ru,7,27,22,0.8148,0,0.1667,0.8622,1.0,0,1,0
tmqm_6479,Fe,10,29,24,0.8276,0,0.1667,3.1476,1.0,0,0,0
tmqm_6480,Ru,6,26,16,0.6154,0,0.0909,10.2315,1.0,0,0,0
tmqm_6481,Ru,7,27,15,0.5556,0,0.0769,1.2376,1.0,0,0,0
tmqm_6482,Fe,10,29,14,0.4828,0,0.0625,1.3104,1.0,0,0,0
tmqm_6483,Ru,7,29,20,0.6897,0,0.1,0.2533,1.0,0,0,0
tmqm_6484,Ru,5,26,18,0.6923,0,0.1111,1.2256,1.0,0,0,0
tmqm_6485,Fe,6,26,22,0.8462,0,0.2,7.7372,1.0,0,0,0
tmqm_6486,Ru,9,29,19,0.6552,0,0.0909,7.6597,1.0,0,0,0
tmqm_6487,Fe,7,26,21,0.8077,0,0.1667,10.5447,1.0,0,0,0
tmqm_6488,Fe,4,26,21,0.8077,0,0.1667,6.8527,1.0,0,0,0
tmqm_6489,Ru,5,27,24,0.8889,0,0.25,2.2378,1.0,0,0,0
tmqm_6490,Os,7,29,14,0.4828,0,0.0625,0.4952,1.0,0,0,0
tmqm_6491,Os,6,27,21,0.7778,0,0.1429,8.5775,1.0,0,0,0
tmqm_6492,Fe,8,29,10,0.3448,0,0.05,-1.3473,1.0,0,0,0
tmqm_6493,Fe,6,27,16,0.5926,0,0.0833,6.3874,1.0,0,0,0
tmqm_6494,Ru,8,29,24,0.8276,0,0.1667,11.6924,1.0,0,1,0
tmqm_6495,Fe,9,29,26,0.8966,0,0.25,9.1362,1.0,0,0,0
tmqm_6496,Ru,5,27,24,0.8889,0,0.25,2.342,1.0,0,0,0
tmqm_6497,Ru,8,29,23,0.7931,0,0.1429,10.0598,1.0,0,0,0
tmqm_6498,Ru,6,29,18,0.6207,0,0.0833,7.0457,1.0,0,0,0
tmqm_6499,Ru,7,29,20,0.6897,0,0.1,-0.2713,1.0,0,1,0
tmqm_6500,Fe,8,26,2,0.0769,0,0.04,-2.3807,1.0,0,0,0
tmqm_6501,Os,7,26,17,0.6538,0,0.1,1.0392,1.0,0,0,0
tmqm_6502,Os,6,29,23,0.7931,0,0.1429,9.6013,1.0,0,0,0
tmqm_6503,Ru,8,29,28,0.9655,0,0.5,11.3216,1.0,0,0,0
tmqm_6504,Ru,6,29,22,0.7586,0,0.125,9.538,1.0,0,0,0
tmqm_6505,Ru,8,29,26,0.8966,0,0.25,10.3984,1.0,0,1,0
tmqm_6506,Ru,10,29,25,0.8621,0,0.2,10.792,1.0,0,0,0
tmqm_6507,Ru,4,29,21,0.7241,0,0.1111,4.0461,1.0,0,0,0
tmqm_6508,Fe,6,29,18,0.6207,0,0.0833,5.7758,1.0,0,0,0
tmqm_6509,Ru,9,26,23,0.8846,0,0.25,11.1514,1.0,0,0,0
tmqm_6510,Os,8,26,18,0.6923,0,0.1111,11.0895,1.0,1,0,0
tmqm_6511,Ru,6,29,25,0.8621,0,0.2,10.0519,1.0,0,0,0
tmqm_6512,Ru,9,27,24,0.8889,0,0.25,9.0097,1.0,0,0,0
tmqm_6513,Ru,10,27,20,0.7407,0,0.125,9.5351,1.0,0,0,0
tmqm_6514,Ru,9,27,19,0.7037,0,0.1111,9.9671,1.0,0,0,0
tmqm_6515,Fe,8,29,16,0.5517,0,0.0714,-1.0282,1.0,0,0,0
tmqm_6516,Os,6,29,16,0.5517,0,0.0714,9.0584,1.0,0,0,0
tmqm_6517,Os,6,26,22,0.8462,0,0.2,10.7835,1.0,0,0,0
tmqm_6518,Ru,6,29,25,0.8621,0,0.2,9.6099,1.0,0,0,0
tmqm_6519,Fe,5,27,23,0.8519,0,0.2,10.5814,1.0,1,0,0
tmqm_6520,Fe,8,29,11,0.3793,0,0.0526,-1.1024,1.0,0,0,0
tmqm_6521,Fe,8,29,4,0.1379,0,0.0385,-1.8391,1.0,0,0,0
tmqm_6522,Ru,10,29,22,0.7586,0,0.125,11.6007,1.0,0,0,1
tmqm_6523,Fe,5,26,19,0.7308,0,0.125,11.651,1.0,0,0,0
tmqm_6524,Ru,5,27,19,0.7037,0,0.1111,2.5525,1.0,0,0,0
tmqm_6525,Ru,8,26,23,0.8846,0,0.25,10.4154,1.0,0,0,0
tmqm_6526,Ru,10,29,17,0.5862,0,0.0769,11.3049,1.0,0,0,1
tmqm_6527,Ru,9,27,19,0.7037,0,0.1111,10.3142,1.0,0,0,0
tmqm_6528,Ru,9,26,21,0.8077,0,0.1667,10.0028,1.0,0,0,0
tmqm_6529,Ru,7,29,19,0.6552,0,0.0909,-0.0452,1.0,0,0,0
tmqm_6530,Ru,5,26,24,0.9231,0,0.3333,2.6849,1.0,0,0,0
tmqm_6531,Os,4,27,10,0.3704,0,0.0556,4.5713,1.0,0,0,0
tmqm_6532,Ru,5,27,21,0.7778,0,0.1429,3.6755,1.0,0,0,0
tmqm_6533,Fe,5,26,17,0.6538,0,0.1,10.6335,1.0,0,0,0
tmqm_6534,Ru,9,27,22,0.8148,0,0.1667,9.0047,1.0,0,0,0
tmqm_6535,Ru,7,29,14,0.4828,0,0.0625,1.3309,1.0,0,0,0
tmqm_6536,Ru,9,29,19,0.6552,0,0.0909,9.3069,1.0,0,0,0
tmqm_6537,Ru,6,29,20,0.6897,0,0.1,9.3669,1.0,0,0,0
tmqm_6538,Ru,7,26,11,0.4231,0,0.0625,0.1736,1.0,0,0,0
tmqm_6539,Ru,7,29,22,0.7586,0,0.125,0.9098,1.0,1,0,0
tmqm_6540,Ru,7,16,12,0.75,0,0.2,0.4774,1.0,0,0,0
tmqm_6541,Fe,7,26,24,0.9231,0,0.3333,5.6451,1.0,0,0,0
tmqm_6542,Os,6,29,21,0.7241,0,0.1111,8.6623,1.0,0,0,0
tmqm_6543,Fe,8,26,16,0.6154,0,0.0909,-1.6346,1.0,0,0,0
tmqm_6544,Os,7,29,21,0.7241,0,0.1111,1.5827,1.0,0,0,0
tmqm_6545,Ru,6,29,16,0.5517,0,0.0714,9.1201,1.0,0,0,0
tmqm_6546,Ru,9,27,18,0.6667,0,0.1,9.5787,1.0,0,0,0
tmqm_6547,Os,7,27,12,0.4444,0,0.0625,0.8938,1.0,0,0,0
tmqm_6548,Fe,7,29,25,0.8621,0,0.2,9.764,1.0,0,0,0
tmqm_6549,Fe,8,26,8,0.3077,0,0.0526,-2.074,1.0,0,0,0
tmqm_6550,Fe,9,26,22,0.8462,0,0.2,9.0091,1.0,0,0,0
tmqm_6551,Fe,6,27,20,0.7407,0,0.125,6.6803,1.0,0,0,0
tmqm_6552,Fe,4,26,14,0.5385,0,0.0769,6.2683,1.0,0,0,0
tmqm_6553,Fe,8,26,10,0.3846,0,0.0588,-1.8288,1.0,0,0,0
tmqm_6554,Ru,9,26,23,0.8846,0,0.25,11.2835,1.0,0,0,0
tmqm_6555,Ru,9,27,20,0.7407,0,0.125,10.8428,1.0,0,0,0
tmqm_6556,Fe,6,29,13,0.4483,0,0.0588,4.9395,1.0,0,0,0
tmqm_6557,Ru,5,27,15,0.5556,0,0.0769,2.7045,1.0,0,0,0
tmqm_6558,Ru,7,29,15,0.5172,0,0.0667,0.8625,1.0,0,0,0
tmqm_6559,Fe,6,29,15,0.5172,0,0.0667,6.5647,1.0,0,0,0
tmqm_6560,Fe,8,26,11,0.4231,0,0.0625,-1.5164,1.0,0,0,0
tmqm_6561,Fe,8,16,2,0.125,0,0.0667,-0.5098,1.0,0,0,0
tmqm_6562,Fe,7,29,19,0.6552,0,0.0909,8.7265,1.0,0,0,0
tmqm_6563,Ru,7,29,11,0.3793,0,0.0526,-0.0321,1.0,0,0,0
tmqm_6564,Fe,4,26,18,0.6923,0,0.1111,5.0094,1.0,0,0,0
tmqm_6565,Fe,7,29,20,0.6897,0,0.1,8.9006,1.0,0,0,1
tmqm_6566,Fe,6,26,10,0.3846,0,0.0588,2.0532,1.0,0,0,0
tmqm_6567,Fe,12,28,11,0.3929,0,0.0556,0.7249,1.0,0,0,0
tmqm_6568,Ru,9,26,22,0.8462,0,0.2,10.7441,1.0,0,1,0
tmqm_6569,Ru,9,27,17,0.6296,0,0.0909,10.3671,1.0,0,0,0
tmqm_6570,Os,2,26,8,0.3077,0,0.0526,-1.9734,1.0,0,0,0
tmqm_6571,Ru,6,29,21,0.7241,0,0.1111,7.8706,1.0,0,0,0
tmqm_6572,Ru,6,29,18,0.6207,0,0.0833,6.848,1.0,0,0,0
tmqm_6573,Ru,6,29,23,0.7931,0,0.1429,8.0263,1.0,0,0,0
tmqm_6574,Os,6,29,20,0.6897,0,0.1,9.2051,1.0,0,0,0
tmqm_6575,Ru,9,26,25,0.9615,0,0.5,10.7793,1.0,0,0,0
tmqm_6576,Ru,6,29,16,0.5517,0,0.0714,9.699,1.0,0,0,0
tmqm_6577,Ru,5,27,18,0.6667,0,0.1,1.4019,1.0,0,0,0
tmqm_6578,Fe,7,29,24,0.8276,0,0.1667,8.1951,1.0,0,0,0
tmqm_6579,Ru,6,29,19,0.6552,0,0.0909,10.1466,1.0,0,0,0
tmqm_6580,Ru,6,29,14,0.4828,0,0.0625,8.364,1.0,0,0,0
tmqm_6581,Os,8,26,19,0.7308,0,0.125,9.7571,1.0,0,0,0
tmqm_6582,Fe,6,16,2,0.125,0,0.0667,-0.4404,1.0,0,0,0
tmqm_6583,Fe,6,16,10,0.625,0,0.1429,0.1174,1.0,0,0,0
tmqm_6584,Fe,6,29,16,0.5517,0,0.0714,8.5803,1.0,0,0,0
tmqm_6585,Ru,6,29,22,0.7586,0,0.125,8.6492,1.0,0,0,0
tmqm_6586,Ru,9,29,18,0.6207,0,0.0833,9.3533,1.0,0,0,0
tmqm_6587,Ru,6,29,24,0.8276,0,0.1667,8.1802,1.0,1,1,0
tmqm_6588,Fe,6,29,25,0.8621,0,0.2,8.5625,1.0,0,0,0
tmqm_6589,Ru,9,27,14,0.5185,0,0.0714,11.5016,1.0,0,0,0
tmqm_6590,Os,6,27,22,0.8148,0,0.1667,10.9343,1.0,0,0,0
tmqm_6591,Ru,8,29,23,0.7931,0,0.1429,9.546,1.0,0,0,0
tmqm_6592,Ru,9,27,15,0.5556,0,0.0769,8.4124,1.0,1,0,0
tmqm_6593,Ru,8,29,20,0.6897,0,0.1,8.1908,1.0,0,0,0
tmqm_6594,Ru,10,27,13,0.4815,0,0.0667,10.2231,1.0,0,0,0
tmqm_6595,Ru,6,29,20,0.6897,0,0.1,8.5372,1.0,0,0,0
tmqm_6596,Ru,6,29,22,0.7586,0,0.125,9.9323,1.0,0,0,0
tmqm_6597,Os,10,29,12,0.4138,0,0.0556,-1.9742,1.0,0,0,0
tmqm_6598,Fe,8,27,5,0.1852,0,0.0435,-2.1212,1.0,0,0,0
tmqm_6599,Ru,6,29,23,0.7931,0,0.1429,9.0392,1.0,0,0,0
tmqm_6600,Fe,4,26,15,0.5769,0,0.0833,5.5328,1.0,0,0,0
tmqm_6601,Os,10,29,12,0.4138,0,0.0556,-2.754,1.0,0,0,0
tmqm_6602,Ru,7,29,19,0.6552,0,0.0909,2.1383,1.0,0,0,0
tmqm_6603,Fe,6,26,19,0.7308,0,0.125,8.1468,1.0,0,0,0
tmqm_6604,Fe,5,27,26,0.963,0,0.5,11.8132,1.0,0,0,0
tmqm_6605,Fe,8,26,4,0.1538,0,0.0435,-2.3957,1.0,0,0,0
tmqm_6606,Ru,6,29,22,0.7586,0,0.125,7.557,1.0,0,0,0
tmqm_6607,Fe,4,26,18,0.6923,0,0.1111,6.5737,1.0,0,0,0
tmqm_6608,Os,5,27,21,0.7778,0,0.1429,4.4562,1.0,0,0,0
tmqm_6609,Os,6,29,14,0.4828,0,0.0625,9.25,1.0,0,0,0
tmqm_6610,Ru,10,29,20,0.6897,0,0.1,10.3433,1.0,0,0,0
tmqm_6611,Ru,6,29,22,0.7586,0,0.125,9.0393,1.0,0,0,0
tmqm_6612,Ru,6,29,21,0.7241,0,0.1111,7.9708,1.0,1,0,0
tmqm_6613,Fe,14,16,9,0.5625,0,0.125,-0.0743,1.0,0,0,0
tmqm_6614,Fe,5,27,21,0.7778,0,0.1429,13.0471,1.0,0,0,0
tmqm_6615,Fe,4,27,25,0.9259,0,0.3333,5.1246,1.0,0,0,0
tmqm_6616,Fe,8,26,10,0.3846,0,0.0588,-1.2297,1.0,0,0,0
tmqm_6617,Ru,6,29,18,0.6207,0,0.0833,9.4517,1.0,0,0,0
tmqm_6618,Fe,7,27,18,0.6667,0,0.1,9.1432,1.0,1,0,0
tmqm_6619,Fe,3,26,10,0.3846,0,0.0588,0.1391,1.0,0,0,0
tmqm_6620,Ru,9,26,19,0.7308,0,0.125,10.6387,1.0,0,0,0
tmqm_6621,Os,9,27,21,0.7778,0,0.1429,8.6804,1.0,0,0,0
tmqm_6622,Ru,6,29,26,0.8966,0,0.25,10.1691,1.0,0,0,0
tmqm_6623,Ru,9,29,23,0.7931,0,0.1429,10.0743,1.0,0,0,0
tmqm_6624,Ru,6,29,20,0.6897,0,0.1,9.114,1.0,0,0,0
tmqm_6625,Fe,4,26,19,0.7308,0,0.125,5.8646,1.0,0,0,0
tmqm_6626,Ru,9,26,17,0.6538,0,0.1,11.7091,1.0,0,0,0
tmqm_6627,Ru,8,26,17,0.6538,0,0.1,10.5437,1.0,0,0,0
tmqm_6628,Ru,6,29,21,0.7241,0,0.1111,8.5655,1.0,0,0,0
tmqm_6629,Ru,11,28,17,0.6071,0,0.0833,1.158,1.0,0,0,0
tmqm_6630,Fe,7,27,18,0.6667,0,0.1,9.1968,1.0,0,0,0
tmqm_6631,Fe,8,26,3,0.1154,0,0.0417,-2.5895,1.0,0,0,0
tmqm_6632,Fe,8,26,16,0.6154,0,0.0909,-0.292,1.0,0,0,0
tmqm_6633,Ru,7,29,19,0.6552,0,0.0909,2.3042,1.0,0,0,0
tmqm_6634,Ru,10,29,19,0.6552,0,0.0909,9.5284,1.0,0,0,0
tmqm_6635,Fe,8,29,14,0.4828,0,0.0625,-0.2496,1.0,0,0,0
tmqm_6636,Ru,9,26,24,0.9231,0,0.3333,10.5592,1.0,0,0,0
tmqm_6637,Fe,8,27,11,0.4074,0,0.0588,-1.399,1.0,0,0,1
tmqm_6638,Ru,6,29,25,0.8621,0,0.2,7.5769,1.0,0,0,0
tmqm_6639,Ru,9,26,25,0.9615,0,0.5,10.9817,1.0,0,0,0
tmqm_6640,Os,9,26,23,0.8846,0,0.25,8.6211,1.0,0,0,0
tmqm_6641,Ru,8,27,19,0.7037,0,0.1111,8.8591,1.0,0,0,0
tmqm_6642,Fe,4,26,20,0.7692,0,0.1429,6.8924,1.0,0,0,0
tmqm_6643,Fe,6,26,17,0.6538,0,0.1,6.5687,1.0,0,0,0
tmqm_6644,Ru,7,29,27,0.931,0,0.3333,1.7563,1.0,0,0,0
tmqm_6645,Ru,9,27,18,0.6667,0,0.1,9.8233,1.0,0,1,0
tmqm_6646,Os,6,29,20,0.6897,0,0.1,8.0577,1.0,0,0,0
tmqm_6647,Ru,9,26,20,0.7692,0,0.1429,11.107,1.0,0,0,0
tmqm_6648,Ru,7,29,17,0.5862,0,0.0769,1.1556,1.0,0,0,0
tmqm_6649,Ru,5,29,17,0.5862,0,0.0769,3.2372,1.0,0,0,0
tmqm_6650,Fe,9,26,20,0.7692,0,0.1429,9.7057,1.0,1,0,0
tmqm_6651,Fe,10,26,18,0.6923,0,0.1111,0.5048,1.0,0,0,0
tmqm_6652,Ru,5,16,12,0.75,0,0.2,0.2461,1.0,0,0,0
tmqm_6653,Ru,9,29,23,0.7931,0,0.1429,11.1816,1.0,0,0,0
tmqm_6654,Ru,9,26,17,0.6538,0,0.1,9.1095,1.0,0,0,0
tmqm_6655,Fe,10,29,19,0.6552,0,0.0909,0.647,1.0,1,0,0
tmqm_6656,Fe,5,27,16,0.5926,0,0.0833,10.8183,1.0,0,0,0
tmqm_6657,Ru,7,27,12,0.4444,0,0.0625,0.6937,1.0,0,0,0
tmqm_6658,Fe,7,27,24,0.8889,0,0.25,10.9176,1.0,0,0,0
tmqm_6659,Ru,7,29,12,0.4138,0,0.0556,-0.8995,1.0,0,0,0
tmqm_6660,Ru,8,26,22,0.8462,0,0.2,11.9438,1.0,0,0,0
tmqm_6661,Ru,9,26,19,0.7308,0,0.125,10.3328,1.0,0,0,0
tmqm_6662,Fe,10,29,14,0.4828,0,0.0625,0.9115,1.0,0,0,0
tmqm_6663,Fe,7,27,17,0.6296,0,0.0909,8.6172,1.0,0,0,0
tmqm_6664,Ru,8,26,22,0.8462,0,0.2,9.3082,1.0,0,0,0
tmqm_6665,Os,6,29,23,0.7931,0,0.1429,10.1236,1.0,0,0,0
tmqm_6666,Fe,8,27,10,0.3704,0,0.0556,-0.7054,1.0,0,0,0
tmqm_6667,Ru,7,29,10,0.3448,0,0.05,0.003,1.0,0,0,0
tmqm_6668,Fe,7,27,19,0.7037,0,0.1111,9.5022,1.0,0,0,1
tmqm_6669,Fe,10,29,26,0.8966,0,0.25,1.4399,1.0,0,0,0
tmqm_6670,Ru,9,27,22,0.8148,0,0.1667,11.3226,1.0,0,0,0
tmqm_6671,Fe,13,26,12,0.4615,0,0.0667,0.7847,1.0,0,0,0
tmqm_6672,Ru,8,26,20,0.7692,0,0.1429,11.7488,1.0,0,0,0
tmqm_6673,Ru,5,27,24,0.8889,0,0.25,0.6979,1.0,0,0,0
tmqm_6674,Os,8,26,19,0.7308,0,0.125,9.1737,1.0,0,0,0
tmqm_6675,Ru,9,26,18,0.6923,0,0.1111,10.3231,1.0,0,0,0
tmqm_6676,Fe,11,23,19,0.8261,0,0.2,2.25,1.0,0,0,0
tmqm_6677,Fe,5,27,17,0.6296,0,0.0909,10.7538,1.0,0,0,0
tmqm_6678,Fe,7,29,22,0.7586,0,0.125,8.5927,1.0,0,0,0
tmqm_6679,Ru,9,26,17,0.6538,0,0.1,7.1841,1.0,0,0,0
tmqm_6680,Os,7,23,11,0.4783,0,0.0769,0.1899,1.0,0,0,0
tmqm_6681,Os,7,29,12,0.4138,0,0.0556,0.7153,1.0,0,0,0
tmqm_6682,Fe,6,27,11,0.4074,0,0.0588,6.0836,1.0,0,0,1
tmqm_6683,Ru,9,26,12,0.4615,0,0.0667,9.4044,1.0,0,0,0
tmqm_6684,Os,6,26,20,0.7692,0,0.1429,7.1927,1.0,0,0,0
tmqm_6685,Ru,6,27,21,0.7778,0,0.1429,9.9738,1.0,0,0,0
tmqm_6686,Fe,14,23,19,0.8261,0,0.2,4.2782,1.0,0,0,0
tmqm_6687,Ru,6,27,15,0.5556,0,0.0769,8.4165,1.0,0,0,0
tmqm_6688,Ru,10,29,19,0.6552,0,0.0909,11.0049,1.0,0,1,0
tmqm_6689,Ru,6,29,20,0.6897,0,0.1,7.3333,1.0,0,0,0
tmqm_6690,Ru,5,27,20,0.7407,0,0.125,3.8088,1.0,0,0,0
tmqm_6691,Ru,5,27,17,0.6296,0,0.0909,2.095,1.0,0,0,0
tmqm_6692,Ru,8,29,25,0.8621,0,0.2,10.551,1.0,0,0,0
tmqm_6693,Ru,9,26,17,0.6538,0,0.1,9.7929,1.0,0,0,0
tmqm_6694,Ru,9,26,13,0.5,0,0.0714,8.7512,1.0,0,0,0
tmqm_6695,Ru,9,27,20,0.7407,0,0.125,9.1689,1.0,0,0,0
tmqm_6696,Ru,9,26,16,0.6154,0,0.0909,9.9641,1.0,0,0,0
tmqm_6697,Fe,6,29,16,0.5517,0,0.0714,6.7233,1.0,0,0,0
tmqm_6698,Fe,8,26,3,0.1154,0,0.0417,-2.3979,1.0,0,0,0
tmqm_6699,Os,7,23,15,0.6522,0,0.1111,0.2484,1.0,0,0,0
tmqm_6700,Fe,9,26,16,0.6154,0,0.0909,8.9517,1.0,0,0,0
tmqm_6701,Ru,8,26,20,0.7692,0,0.1429,11.9847,1.0,0,0,0
tmqm_6702,Ru,6,29,13,0.4483,0,0.0588,8.1602,1.0,0,0,0
tmqm_6703,Ru,9,26,21,0.8077,0,0.1667,12.0693,1.0,0,0,0
tmqm_6704,Fe,5,26,24,0.9231,0,0.3333,10.162,1.0,0,0,0
tmqm_6705,Fe,8,26,14,0.5385,0,0.0769,-1.6146,1.0,0,0,0
tmqm_6706,Ru,9,26,20,0.7692,0,0.1429,9.6063,1.0,0,0,0
tmqm_6707,Fe,6,24,15,0.625,0,0.1,8.3353,1.0,0,0,0
tmqm_6708,Ru,9,26,16,0.6154,0,0.0909,8.6098,1.0,0,0,0
tmqm_6709,Os,5,27,20,0.7407,0,0.125,3.9063,1.0,0,0,0
tmqm_6710,Ru,8,29,24,0.8276,0,0.1667,10.6097,1.0,0,0,0
tmqm_6711,Fe,5,27,14,0.5185,0,0.0714,11.3832,1.0,0,0,0
tmqm_6712,Fe,7,24,13,0.5417,0,0.0833,9.1707,1.0,0,0,0
tmqm_6713,Ru,9,27,16,0.5926,0,0.0833,10.35,1.0,0,0,0
tmqm_6714,Ru,9,26,20,0.7692,0,0.1429,11.6218,1.0,0,0,0
tmqm_6715,Fe,6,29,16,0.5517,0,0.0714,6.4662,1.0,0,0,0
tmqm_6716,Ru,9,27,21,0.7778,0,0.1429,10.4381,1.0,0,0,0
tmqm_6717,Ru,6,27,16,0.5926,0,0.0833,8.7128,1.0,0,0,0
tmqm_6718,Fe,12,28,22,0.7857,0,0.1429,1.406,1.0,0,0,0
tmqm_6719,Fe,9,26,13,0.5,0,0.0714,9.0596,1.0,0,0,0
tmqm_6720,Fe,7,27,20,0.7407,0,0.125,8.8061,1.0,0,0,0
tmqm_6721,Fe,7,26,19,0.7308,0,0.125,6.0943,1.0,0,0,0
tmqm_6722,Fe,8,26,13,0.5,0,0.0714,-1.565,1.0,0,0,0
tmqm_6723,Os,7,26,13,0.5,0,0.0714,-1.3413,1.0,0,0,0
tmqm_6724,Ru,6,29,20,0.6897,0,0.1,9.3373,1.0,0,0,0
tmqm_6725,Fe,11,24,17,0.7083,0,0.125,3.0065,1.0,0,0,0
tmqm_6726,Fe,6,29,18,0.6207,0,0.0833,6.4057,1.0,0,0,0
tmqm_6727,Fe,8,26,9,0.3462,0,0.0556,-1.6402,1.0,0,0,0
tmqm_6728,Ru,8,26,23,0.8846,0,0.25,10.9712,1.0,1,0,0
tmqm_6729,Ru,9,26,16,0.6154,0,0.0909,10.3494,1.0,0,0,0
tmqm_6730,Fe,10,29,14,0.4828,0,0.0625,0.9013,1.0,0,0,0
tmqm_6731,Fe,7,27,22,0.8148,0,0.1667,7.3042,1.0,0,0,0
tmqm_6732,Fe,9,26,12,0.4615,0,0.0667,8.6654,1.0,0,0,0
tmqm_6733,Ru,9,27,20,0.7407,0,0.125,10.5075,1.0,0,0,0
tmqm_6734,Ru,5,16,4,0.25,0,0.0769,-0.236,1.0,0,0,0
tmqm_6735,Ru,8,29,25,0.8621,0,0.2,10.7885,1.0,0,0,0
tmqm_6736,Ru,8,29,24,0.8276,0,0.1667,11.3933,1.0,0,0,0
tmqm_6737,Ru,9,26,17,0.6538,0,0.1,10.1097,1.0,0,0,0
tmqm_6738,Ru,8,26,13,0.5,0,0.0714,10.9512,1.0,0,0,0
tmqm_6739,Ru,6,29,16,0.5517,0,0.0714,7.209,1.0,0,0,0
tmqm_6740,Ru,6,29,28,0.9655,0,0.5,9.6594,1.0,0,0,0
tmqm_6741,Os,7,29,21,0.7241,0,0.1111,1.0527,1.0,0,0,0
tmqm_6742,Ru,11,25,22,0.88,0,0.25,2.6603,1.0,0,0,0
tmqm_6743,Ru,7,27,11,0.4074,0,0.0588,0.1579,1.0,0,0,0
tmqm_6744,Fe,6,29,13,0.4483,0,0.0588,6.3036,1.0,0,0,0
tmqm_6745,Ru,9,26,14,0.5385,0,0.0769,11.2667,1.0,0,0,0
tmqm_6746,Fe,10,29,20,0.6897,0,0.1,-0.8939,1.0,0,0,0
tmqm_6747,Os,9,27,27,1.0,1,1.0,10.0074,1.0,0,0,0
tmqm_6748,Ru,7,27,19,0.7037,0,0.1111,0.7212,1.0,0,0,0
tmqm_6749,Ru,9,27,14,0.5185,0,0.0714,8.4876,1.0,1,0,0
tmqm_6750,Ru,9,26,18,0.6923,0,0.1111,10.2254,1.0,0,0,0
tmqm_6751,Os,7,29,15,0.5172,0,0.0667,0.969,1.0,0,0,0
tmqm_6752,Fe,10,29,15,0.5172,0,0.0667,1.8619,1.0,0,0,0
tmqm_6753,Ru,7,29,17,0.5862,0,0.0769,-0.3191,1.0,1,0,0
tmqm_6754,Ru,7,29,21,0.7241,0,0.1111,0.7552,1.0,0,0,0
tmqm_6755,Fe,7,29,19,0.6552,0,0.0909,8.1602,1.0,0,0,0
tmqm_6756,Fe,7,29,22,0.7586,0,0.125,9.3461,1.0,0,0,0
tmqm_6757,Ru,6,29,23,0.7931,0,0.1429,8.7084,1.0,0,0,0
tmqm_6758,Ru,10,26,18,0.6923,0,0.1111,12.342,1.0,0,0,0
tmqm_6759,Ru,9,27,16,0.5926,0,0.0833,9.0736,1.0,0,0,0
tmqm_6760,Ru,7,29,17,0.5862,0,0.0769,-0.4957,1.0,0,0,0
tmqm_6761,Ru,8,27,16,0.5926,0,0.0833,10.5566,1.0,0,0,0
tmqm_6762,Ru,10,26,26,1.0,1,1.0,12.6157,1.0,0,0,0
tmqm_6763,Ru,8,29,17,0.5862,0,0.0769,10.9047,1.0,0,0,0
tmqm_6764,Ru,6,16,2,0.125,0,0.0667,-0.48,1.0,0,0,0
tmqm_6765,Fe,8,27,11,0.4074,0,0.0588,-1.3197,1.0,0,0,0
tmqm_6766,Ru,6,29,22,0.7586,0,0.125,8.3941,1.0,0,0,0
tmqm_6767,Fe,6,26,20,0.7692,0,0.1429,7.1417,1.0,0,0,0
tmqm_6768,Ru,9,26,17,0.6538,0,0.1,10.4515,1.0,0,0,0
tmqm_6769,Fe,5,27,27,1.0,1,1.0,9.616,1.0,0,0,1
tmqm_6770,Ru,6,29,17,0.5862,0,0.0769,8.3144,1.0,0,0,0
tmqm_6771,Ru,6,29,22,0.7586,0,0.125,8.8216,1.0,0,0,0
tmqm_6772,Fe,5,27,19,0.7037,0,0.1111,11.986,1.0,0,0,0
tmqm_6773,Ru,5,29,22,0.7586,0,0.125,2.5335,1.0,0,0,0
tmqm_6774,Ru,9,27,17,0.6296,0,0.0909,10.6658,1.0,0,0,0
tmqm_6775,Fe,7,26,20,0.7692,0,0.1429,9.4835,1.0,0,0,0
tmqm_6776,Ru,8,26,11,0.4231,0,0.0625,9.7966,1.0,0,0,0
tmqm_6777,Fe,5,27,16,0.5926,0,0.0833,11.0926,1.0,0,0,0
tmqm_6778,Fe,10,29,24,0.8276,0,0.1667,2.67,1.0,0,0,0
tmqm_6779,Os,5,27,12,0.4444,0,0.0625,4.9441,1.0,0,0,0
tmqm_6780,Ru,12,26,13,0.5,0,0.0714,0.8865,1.0,0,0,0
tmqm_6781,Ru,9,27,23,0.8519,0,0.2,11.3322,1.0,0,0,0
tmqm_6782,Ru,8,29,27,0.931,0,0.3333,11.0895,1.0,0,1,0
tmqm_6783,Ru,6,29,24,0.8276,0,0.1667,9.6553,1.0,0,0,0
tmqm_6784,Ru,8,26,21,0.8077,0,0.1667,11.5551,1.0,0,0,0
tmqm_6785,Fe,9,27,17,0.6296,0,0.0909,9.8402,1.0,0,0,0
tmqm_6786,Fe,6,29,21,0.7241,0,0.1111,6.1993,1.0,0,0,0
tmqm_6787,Os,9,27,24,0.8889,0,0.25,9.5521,1.0,0,0,0
tmqm_6788,Fe,5,27,24,0.8889,0,0.25,7.9463,1.0,0,0,0
tmqm_6789,Ru,6,29,20,0.6897,0,0.1,8.7721,1.0,0,0,0
tmqm_6790,Fe,5,27,26,0.963,0,0.5,11.3608,1.0,0,0,0
tmqm_6791,Fe,6,29,17,0.5862,0,0.0769,6.1851,1.0,0,0,0
tmqm_6792,Ru,9,29,22,0.7586,0,0.125,10.7501,1.0,0,0,0
tmqm_6793,Fe,5,26,25,0.9615,0,0.5,8.7806,1.0,0,0,0
tmqm_6794,Fe,7,27,22,0.8148,0,0.1667,8.0811,1.0,0,0,0
tmqm_6795,Fe,5,26,16,0.6154,0,0.0909,11.0695,1.0,0,0,0
tmqm_6796,Fe,4,27,24,0.8889,0,0.25,3.9741,1.0,0,0,0
tmqm_6797,Ru,9,27,18,0.6667,0,0.1,9.7002,1.0,0,0,0
tmqm_6798,Ru,11,26,12,0.4615,0,0.0667,0.2281,1.0,1,0,0
tmqm_6799,Fe,5,14,4,0.2857,0,0.0909,-0.247,1.0,0,0,0
tmqm_6800,Fe,6,27,19,0.7037,0,0.1111,7.2562,1.0,0,0,0
tmqm_6801,Fe,10,29,26,0.8966,0,0.25,2.054,1.0,0,0,1
tmqm_6802,Os,8,29,17,0.5862,0,0.0769,8.6664,1.0,0,0,0
tmqm_6803,Ru,6,16,3,0.1875,0,0.0714,-0.2248,1.0,0,0,0
tmqm_6804,Ru,9,27,23,0.8519,0,0.2,10.946,1.0,0,0,0
tmqm_6805,Ru,6,29,20,0.6897,0,0.1,9.0789,1.0,0,0,1
tmqm_6806,Ru,8,29,25,0.8621,0,0.2,9.5508,1.0,0,0,0
tmqm_6807,Fe,6,27,18,0.6667,0,0.1,8.1334,1.0,0,0,0
tmqm_6808,Ru,6,29,19,0.6552,0,0.0909,10.4159,1.0,1,0,0
tmqm_6809,Ru,11,28,13,0.4643,0,0.0625,2.8611,1.0,0,0,0
tmqm_6810,Fe,6,26,22,0.8462,0,0.2,7.7973,1.0,0,0,0
tmqm_6811,Ru,9,26,19,0.7308,0,0.125,10.0654,1.0,0,0,0
tmqm_6812,Ru,8,29,17,0.5862,0,0.0769,10.7869,1.0,0,0,0
tmqm_6813,Fe,5,29,14,0.4828,0,0.0625,10.3725,1.0,0,0,0
tmqm_6814,Ru,9,26,20,0.7692,0,0.1429,9.7596,1.0,0,0,0
tmqm_6815,Ru,8,26,15,0.5769,0,0.0833,11.1879,1.0,0,0,0
tmqm_6816,Ru,6,29,21,0.7241,0,0.1111,9.8989,1.0,0,0,0
tmqm_6817,Fe,11,21,11,0.5238,0,0.0909,3.6068,1.0,0,0,0
tmqm_6818,Fe,4,26,25,0.9615,0,0.5,7.4207,1.0,0,1,0
tmqm_6819,Fe,8,26,6,0.2308,0,0.0476,-2.0382,1.0,0,0,0
tmqm_6820,Ru,7,27,17,0.6296,0,0.0909,0.0836,1.0,0,0,0
tmqm_6821,Fe,5,27,17,0.6296,0,0.0909,7.6233,1.0,1,0,0
tmqm_6822,Ru,9,26,14,0.5385,0,0.0769,8.0567,1.0,0,0,0
tmqm_6823,Os,6,29,18,0.6207,0,0.0833,9.5921,1.0,0,0,0
tmqm_6824,Ru,5,27,12,0.4444,0,0.0625,2.3335,1.0,0,0,0
tmqm_6825,Fe,7,26,24,0.9231,0,0.3333,9.7488,1.0,0,0,0
tmqm_6826,Ru,9,27,23,0.8519,0,0.2,9.7465,1.0,1,0,0
tmqm_6827,Ru,8,27,14,0.5185,0,0.0714,10.2879,1.0,0,0,0
tmqm_6828,Ru,7,27,12,0.4444,0,0.0625,0.0541,1.0,0,0,0
tmqm_6829,Fe,6,29,20,0.6897,0,0.1,5.3785,1.0,0,0,0
tmqm_6830,Ru,6,29,20,0.6897,0,0.1,8.4423,1.0,0,0,0
tmqm_6831,Ru,7,26,16,0.6154,0,0.0909,-1.0016,1.0,0,0,0
tmqm_6832,Ru,8,27,19,0.7037,0,0.1111,11.3606,1.0,0,0,0
tmqm_6833,Ru,7,29,22,0.7586,0,0.125,1.6654,1.0,0,0,0
tmqm_6834,Ru,8,26,16,0.6154,0,0.0909,11.0803,1.0,1,0,0
tmqm_6835,Fe,8,27,13,0.4815,0,0.0667,-1.1682,1.0,0,0,0
tmqm_6836,Ru,8,29,25,0.8621,0,0.2,10.673,1.0,0,0,0
tmqm_6837,Ru,7,29,19,0.6552,0,0.0909,1.4615,1.0,0,0,0
tmqm_6838,Fe,15,17,6,0.3529,0,0.0833,1.3761,1.0,0,0,0
tmqm_6839,Fe,4,26,19,0.7308,0,0.125,5.9375,1.0,0,0,0
tmqm_6840,Ru,8,26,15,0.5769,0,0.0833,11.3815,1.0,0,0,1
tmqm_6841,Os,7,27,11,0.4074,0,0.0588,0.9395,1.0,0,0,0
tmqm_6842,Fe,6,29,17,0.5862,0,0.0769,5.7937,1.0,0,0,0
tmqm_6843,Ru,7,29,18,0.6207,0,0.0833,0.0952,1.0,0,1,0
tmqm_6844,Ru,6,29,17,0.5862,0,0.0769,9.4482,1.0,0,0,0
tmqm_6845,Ru,9,27,14,0.5185,0,0.0714,10.2521,1.0,0,0,0
tmqm_6846,Ru,6,29,19,0.6552,0,0.0909,9.2443,1.0,0,1,0
tmqm_6847,Ru,6,29,21,0.7241,0,0.1111,8.0608,1.0,0,0,0
tmqm_6848,Ru,9,29,19,0.6552,0,0.0909,9.9154,1.0,0,0,0
tmqm_6849,Ru,6,29,26,0.8966,0,0.25,9.9395,1.0,0,0,0
tmqm_6850,Ru,9,29,25,0.8621,0,0.2,9.9396,1.0,0,0,0
tmqm_6851,Ru,9,26,18,0.6923,0,0.1111,11.0535,1.0,0,0,1
tmqm_6852,Ru,8,29,19,0.6552,0,0.0909,10.2606,1.0,0,0,0
tmqm_6853,Os,7,26,17,0.6538,0,0.1,-0.3374,1.0,0,0,0
tmqm_6854,Fe,10,29,16,0.5517,0,0.0714,-0.3395,1.0,0,0,0
tmqm_6855,Ru,6,29,17,0.5862,0,0.0769,8.0086,1.0,0,0,0
tmqm_6856,Fe,8,26,13,0.5,0,0.0714,-0.9317,1.0,0,0,0
tmqm_6857,Fe,5,27,15,0.5556,0,0.0769,10.6694,1.0,0,1,0
tmqm_6858,Fe,8,26,4,0.1538,0,0.0435,-2.1517,1.0,0,0,0
tmqm_6859,Os,6,26,17,0.6538,0,0.1,10.3693,1.0,0,0,0
tmqm_6860,Fe,9,27,22,0.8148,0,0.1667,9.5314,1.0,0,0,1
tmqm_6861,Ru,9,26,12,0.4615,0,0.0667,10.8619,1.0,0,0,0
tmqm_6862,Ru,9,29,18,0.6207,0,0.0833,9.711,1.0,0,1,0
tmqm_6863,Ru,9,26,19,0.7308,0,0.125,10.0293,1.0,0,0,0
tmqm_6864,Os,4,23,18,0.7826,0,0.1667,5.8573,1.0,0,0,0
tmqm_6865,Ru,7,29,18,0.6207,0,0.0833,-0.0599,1.0,0,0,0
tmqm_6866,Ru,11,26,15,0.5769,0,0.0833,1.2825,1.0,0,0,0
tmqm_6867,Ru,9,29,20,0.6897,0,0.1,9.6862,1.0,0,0,0
tmqm_6868,Fe,8,29,12,0.4138,0,0.0556,-0.8225,1.0,0,0,0
tmqm_6869,Ru,6,29,25,0.8621,0,0.2,10.0064,1.0,0,0,0
tmqm_6870,Fe,6,26,20,0.7692,0,0.1429,6.8169,1.0,0,0,0
tmqm_6871,Os,7,29,14,0.4828,0,0.0625,1.364,1.0,0,0,0
tmqm_6872,Fe,12,28,17,0.6071,0,0.0833,1.4381,1.0,0,0,0
tmqm_6873,Ru,6,29,23,0.7931,0,0.1429,9.7908,1.0,0,0,0
tmqm_6874,Os,6,29,25,0.8621,0,0.2,9.6334,1.0,0,0,0
tmqm_6875,Ru,7,29,19,0.6552,0,0.0909,-0.2583,1.0,0,0,0
tmqm_6876,Ru,8,29,16,0.5517,0,0.0714,10.5291,1.0,0,0,0
tmqm_6877,Ru,9,26,22,0.8462,0,0.2,9.8534,1.0,0,0,0
tmqm_6878,Fe,6,26,13,0.5,0,0.0714,6.1944,1.0,0,0,0
tmqm_6879,Ru,7,29,15,0.5172,0,0.0667,0.1856,1.0,0,0,0
tmqm_6880,Ru,6,16,4,0.25,0,0.0769,-0.1921,1.0,0,0,0
tmqm_6881,Ru,10,26,22,0.8462,0,0.2,10.3965,1.0,0,0,0
tmqm_6882,Fe,5,23,17,0.7391,0,0.1429,13.4598,1.0,0,1,0
tmqm_6883,Ru,7,29,26,0.8966,0,0.25,1.6892,1.0,0,0,0
tmqm_6884,Fe,6,29,19,0.6552,0,0.0909,5.1776,1.0,0,0,0
tmqm_6885,Fe,4,26,17,0.6538,0,0.1,1.812,1.0,0,0,0
tmqm_6886,Fe,6,27,16,0.5926,0,0.0833,6.2074,1.0,0,0,0
tmqm_6887,Ru,6,29,24,0.8276,0,0.1667,10.4522,1.0,0,0,0
tmqm_6888,Fe,7,26,25,0.9615,0,0.5,9.4206,1.0,0,0,1
tmqm_6889,Ru,8,26,19,0.7308,0,0.125,9.7943,1.0,0,0,0
tmqm_6890,Ru,9,27,20,0.7407,0,0.125,10.7481,1.0,0,0,0
tmqm_6891,Ru,9,29,20,0.6897,0,0.1,7.7434,1.0,0,0,0
tmqm_6892,Ru,9,26,15,0.5769,0,0.0833,9.1817,1.0,0,1,0
tmqm_6893,Ru,6,29,19,0.6552,0,0.0909,8.5276,1.0,0,0,0
tmqm_6894,Fe,5,27,14,0.5185,0,0.0714,8.6577,1.0,1,0,0
tmqm_6895,Fe,8,29,9,0.3103,0,0.0476,-1.0622,1.0,0,0,0
tmqm_6896,Ru,8,26,21,0.8077,0,0.1667,10.0611,1.0,0,0,0
tmqm_6897,Fe,7,27,24,0.8889,0,0.25,9.8052,1.0,0,0,0
tmqm_6898,Ru,9,27,22,0.8148,0,0.1667,10.6735,1.0,0,0,0
tmqm_6899,Ru,6,29,18,0.6207,0,0.0833,8.9407,1.0,0,0,0
tmqm_6900,Ru,9,27,18,0.6667,0,0.1,8.681,1.0,0,0,1
tmqm_6901,Os,5,25,20,0.8,0,0.1667,5.8284,1.0,0,0,0
tmqm_6902,Ru,10,26,22,0.8462,0,0.2,11.2496,1.0,1,0,0
tmqm_6903,Ru,8,26,16,0.6154,0,0.0909,9.9973,1.0,0,0,0
tmqm_6904,Os,8,29,17,0.5862,0,0.0769,9.6394,1.0,0,0,0
tmqm_6905,Ru,6,29,22,0.7586,0,0.125,10.5245,1.0,0,0,0
tmqm_6906,Ru,10,26,16,0.6154,0,0.0909,9.8782,1.0,0,0,0
tmqm_6907,Ru,9,27,19,0.7037,0,0.1111,10.0084,1.0,0,0,0
tmqm_6908,Ru,9,26,24,0.9231,0,0.3333,10.367,1.0,0,0,0
tmqm_6909,Ru,5,27,13,0.4815,0,0.0667,1.291,1.0,0,0,0
tmqm_6910,Ru,9,26,21,0.8077,0,0.1667,10.6655,1.0,0,0,0
tmqm_6911,Ru,6,29,18,0.6207,0,0.0833,9.908,1.0,0,0,0
tmqm_6912,Ru,9,29,18,0.6207,0,0.0833,10.0543,1.0,0,0,0
tmqm_6913,Ru,9,26,12,0.4615,0,0.0667,11.1988,1.0,0,0,0
tmqm_6914,Fe,10,29,23,0.7931,0,0.1429,0.7894,1.0,0,0,0
tmqm_6915,Fe,6,29,20,0.6897,0,0.1,5.6821,1.0,0,0,0
tmqm_6916,Fe,8,29,13,0.4483,0,0.0588,-0.0658,1.0,0,0,0
tmqm_6917,Ru,10,29,21,0.7241,0,0.1111,9.9896,1.0,0,0,0
tmqm_6918,Os,5,27,18,0.6667,0,0.1,5.1483,1.0,0,0,1
tmqm_6919,Ru,4,27,17,0.6296,0,0.0909,3.9868,1.0,0,0,0
tmqm_6920,Ru,7,26,11,0.4231,0,0.0625,-2.2176,1.0,0,0,0
tmqm_6921,Fe,6,27,17,0.6296,0,0.0909,4.6928,1.0,0,0,0
tmqm_6922,Fe,8,26,13,0.5,0,0.0714,-1.8032,1.0,0,0,0
tmqm_6923,Ru,6,29,25,0.8621,0,0.2,7.2062,1.0,1,0,0
tmqm_6924,Ru,5,27,12,0.4444,0,0.0625,2.7412,1.0,0,0,0
tmqm_6925,Fe,6,27,25,0.9259,0,0.3333,7.1821,1.0,0,0,0
tmqm_6926,Ru,6,16,12,0.75,0,0.2,0.1592,1.0,0,0,0
tmqm_6927,Fe,8,26,8,0.3077,0,0.0526,-1.2342,1.0,1,0,0
tmqm_6928,Fe,6,29,16,0.5517,0,0.0714,6.9387,1.0,0,0,0
tmqm_6929,Fe,6,29,20,0.6897,0,0.1,5.8379,1.0,0,0,0
tmqm_6930,Ru,8,27,14,0.5185,0,0.0714,10.1362,1.0,0,0,0
tmqm_6931,Fe,10,27,23,0.8519,0,0.2,0.4251,1.0,0,0,0
tmqm_6932,Fe,5,24,22,0.9167,0,0.3333,8.5924,1.0,0,0,0
tmqm_6933,Fe,5,26,23,0.8846,0,0.25,7.9813,1.0,0,0,0
tmqm_6934,Ru,7,29,18,0.6207,0,0.0833,-0.4196,1.0,0,0,0
tmqm_6935,Ru,8,29,19,0.6552,0,0.0909,10.4422,1.0,0,0,0
tmqm_6936,Ru,8,29,18,0.6207,0,0.0833,10.5862,1.0,0,0,0
tmqm_6937,Ru,6,29,26,0.8966,0,0.25,10.1971,1.0,0,0,0
tmqm_6938,Fe,9,26,16,0.6154,0,0.0909,8.7228,1.0,0,0,0
tmqm_6939,Fe,9,26,26,1.0,1,1.0,11.1648,1.0,0,0,0
tmqm_6940,Ru,9,27,20,0.7407,0,0.125,10.4428,1.0,0,0,0
tmqm_6941,Fe,5,26,20,0.7692,0,0.1429,10.3622,1.0,0,0,0
tmqm_6942,Ru,8,27,18,0.6667,0,0.1,10.0307,1.0,0,0,0
tmqm_6943,Fe,7,29,19,0.6552,0,0.0909,9.0933,1.0,0,0,0
tmqm_6944,Ru,9,27,23,0.8519,0,0.2,9.7326,1.0,0,0,0
tmqm_6945,Ru,9,26,18,0.6923,0,0.1111,9.8324,1.0,0,0,0
tmqm_6946,Ru,5,29,13,0.4483,0,0.0588,2.7829,1.0,0,0,0
tmqm_6947,Ru,6,29,18,0.6207,0,0.0833,9.1333,1.0,0,0,0
tmqm_6948,Fe,8,29,12,0.4138,0,0.0556,-0.7199,1.0,0,0,0
tmqm_6949,Ru,6,29,22,0.7586,0,0.125,8.2518,1.0,0,0,0
tmqm_6950,Os,6,29,26,0.8966,0,0.25,9.6193,1.0,0,0,0
tmqm_6951,Ru,8,29,21,0.7241,0,0.1111,11.1202,1.0,0,1,0
tmqm_6952,Ru,6,29,24,0.8276,0,0.1667,9.215,1.0,0,0,0
tmqm_6953,Os,9,26,20,0.7692,0,0.1429,9.1809,1.0,0,0,0
tmqm_6954,Fe,8,29,13,0.4483,0,0.0588,-0.7952,1.0,0,0,0
tmqm_6955,Ru,10,29,23,0.7931,0,0.1429,11.1807,1.0,0,0,0
tmqm_6956,Ru,7,29,10,0.3448,0,0.05,-1.1845,1.0,0,0,0
tmqm_6957,Ru,8,29,25,0.8621,0,0.2,9.9651,1.0,0,0,0
tmqm_6958,Os,9,26,18,0.6923,0,0.1111,8.7986,1.0,0,0,0
tmqm_6959,Fe,9,24,22,0.9167,0,0.3333,10.3503,1.0,0,0,0
tmqm_6960,Ru,9,29,19,0.6552,0,0.0909,10.0392,1.0,0,0,0
tmqm_6961,Ru,7,29,22,0.7586,0,0.125,1.5985,1.0,0,0,0
tmqm_6962,Ru,5,29,14,0.4828,0,0.0625,3.0714,1.0,0,0,0
tmqm_6963,Ru,6,16,14,0.875,0,0.3333,0.3402,1.0,0,0,0
tmqm_6964,Fe,9,28,17,0.6071,0,0.0833,9.8298,1.0,0,0,0
tmqm_6965,Ru,6,29,19,0.6552,0,0.0909,9.453,1.0,0,0,0
tmqm_6966,Fe,8,26,5,0.1923,0,0.0455,-2.2089,1.0,0,0,0
tmqm_6967,Ru,8,29,26,0.8966,0,0.25,11.5749,1.0,0,0,0
tmqm_6968,Ru,5,27,23,0.8519,0,0.2,0.8201,1.0,0,0,0
tmqm_6969,Fe,8,26,7,0.2692,0,0.05,-2.0867,1.0,0,0,0
tmqm_6970,Fe,14,23,10,0.4348,0,0.0714,4.5813,1.0,0,0,0
tmqm_6971,Ru,10,26,24,0.9231,0,0.3333,11.7849,1.0,0,0,0
tmqm_6972,Ru,6,29,17,0.5862,0,0.0769,8.2467,1.0,0,1,0
tmqm_6973,Ru,9,26,21,0.8077,0,0.1667,9.0267,1.0,0,0,0
tmqm_6974,Ru,8,27,16,0.5926,0,0.0833,10.7374,1.0,0,0,0
tmqm_6975,Ru,5,29,22,0.7586,0,0.125,3.2363,1.0,1,0,0
tmqm_6976,Ru,9,29,19,0.6552,0,0.0909,8.4155,1.0,0,1,0
tmqm_6977,Ru,6,16,2,0.125,0,0.0667,-0.2891,1.0,0,0,0
tmqm_6978,Ru,6,26,16,0.6154,0,0.0909,9.592,1.0,0,0,0
tmqm_6979,Fe,8,27,7,0.2593,0,0.0476,-1.6366,1.0,1,0,0
tmqm_6980,Fe,9,27,19,0.7037,0,0.1111,7.9817,1.0,0,0,0
tmqm_6981,Ru,6,29,23,0.7931,0,0.1429,10.2455,1.0,0,0,0
tmqm_6982,Ru,9,26,22,0.8462,0,0.2,10.5652,1.0,0,0,0
tmqm_6983,Fe,5,26,15,0.5769,0,0.0833,11.4571,1.0,0,0,0
tmqm_6984,Ru,9,26,19,0.7308,0,0.125,7.9056,1.0,0,0,0
tmqm_6985,Ru,7,29,3,0.1034,0,0.037,-1.4449,1.0,0,0,0
tmqm_6986,Ru,8,27,19,0.7037,0,0.1111,9.7302,1.0,0,0,0
tmqm_6987,Fe,8,29,12,0.4138,0,0.0556,-1.3768,1.0,0,0,0
tmqm_6988,Ru,6,26,22,0.8462,0,0.2,9.9873,1.0,0,0,0
tmqm_6989,Ru,6,26,19,0.7308,0,0.125,9.9844,1.0,0,0,0
tmqm_6990,Fe,6,26,24,0.9231,0,0.3333,7.228,1.0,0,0,0
tmqm_6991,Ru,8,29,23,0.7931,0,0.1429,9.7157,1.0,0,0,0
tmqm_6992,Ru,6,29,20,0.6897,0,0.1,7.9127,1.0,0,0,0
tmqm_6993,Ru,5,26,16,0.6154,0,0.0909,3.183,1.0,1,0,0
tmqm_6994,Ru,6,29,19,0.6552,0,0.0909,8.6741,1.0,0,0,0
tmqm_6995,Ru,7,29,22,0.7586,0,0.125,0.6068,1.0,0,0,0
tmqm_6996,Ru,10,29,22,0.7586,0,0.125,11.967,1.0,0,0,1
tmqm_6997,Fe,4,25,22,0.88,0,0.25,3.7411,1.0,0,0,0
tmqm_6998,Ru,9,26,17,0.6538,0,0.1,9.2669,1.0,0,0,0
tmqm_6999,Ru,9,27,20,0.7407,0,0.125,8.5173,1.0,0,0,1
tmqm_7000,Fe,7,15,0,0.0,0,0.0625,-1.0625,1.0,0,0,0
tmqm_7001,Ru,5,27,17,0.6296,0,0.0909,3.9937,1.0,0,0,0
tmqm_7002,Ru,5,27,13,0.4815,0,0.0667,3.1961,1.0,0,0,0
tmqm_7003,Ru,5,27,25,0.9259,0,0.3333,2.695,1.0,1,0,0
tmqm_7004,Fe,14,23,14,0.6087,0,0.1,4.8598,1.0,0,0,0
tmqm_7005,Fe,5,15,0,0.0,0,0.0625,-1.2956,1.0,0,1,0
tmqm_7006,Ru,9,26,15,0.5769,0,0.0833,10.2806,1.0,0,0,0
tmqm_7007,Ru,6,29,17,0.5862,0,0.0769,9.8349,1.0,0,1,0
tmqm_7008,Ru,5,29,24,0.8276,0,0.1667,2.7223,1.0,0,0,0
tmqm_7009,Ru,9,26,26,1.0,1,1.0,11.4224,1.0,0,0,0
tmqm_7010,Fe,9,27,18,0.6667,0,0.1,9.6308,1.0,0,0,0
tmqm_7011,Fe,4,27,23,0.8519,0,0.2,6.7896,1.0,0,0,0
tmqm_7012,Ru,5,27,17,0.6296,0,0.0909,2.3619,1.0,0,0,0
tmqm_7013,Fe,8,26,5,0.1923,0,0.0455,-1.472,1.0,0,0,0
tmqm_7014,Fe,4,27,19,0.7037,0,0.1111,6.4066,1.0,0,0,0
tmqm_7015,Ru,6,29,18,0.6207,0,0.0833,8.6045,1.0,0,0,0
tmqm_7016,Fe,8,29,15,0.5172,0,0.0667,-0.7271,1.0,0,0,0
tmqm_7017,Ru,9,27,18,0.6667,0,0.1,10.4031,1.0,0,0,0
tmqm_7018,Fe,3,26,15,0.5769,0,0.0833,0.0705,1.0,0,0,0
tmqm_7019,Ru,9,26,19,0.7308,0,0.125,10.1957,1.0,0,0,0
tmqm_7020,Ru,7,27,3,0.1111,0,0.04,-1.3681,1.0,0,0,0
tmqm_7021,Ru,5,26,14,0.5385,0,0.0769,2.2254,1.0,0,0,0
tmqm_7022,Ru,8,29,26,0.8966,0,0.25,10.1346,1.0,0,0,0
tmqm_7023,Fe,6,29,23,0.7931,0,0.1429,6.0192,1.0,0,0,0
tmqm_7024,Fe,6,29,16,0.5517,0,0.0714,6.5189,1.0,0,0,0
tmqm_7025,Fe,5,29,14,0.4828,0,0.0625,10.6389,1.0,0,0,0
tmqm_7026,Ru,8,29,25,0.8621,0,0.2,9.9855,1.0,0,0,0
tmqm_7027,Os,6,16,10,0.625,0,0.1429,0.4314,1.0,0,0,0
tmqm_7028,Ru,9,26,18,0.6923,0,0.1111,9.9136,1.0,1,0,0
tmqm_7029,Ru,6,29,20,0.6897,0,0.1,9.0753,1.0,0,0,0
tmqm_7030,Ru,10,29,17,0.5862,0,0.0769,10.4534,1.0,0,0,0
tmqm_7031,Ru,6,29,23,0.7931,0,0.1429,7.5118,1.0,0,0,0
tmqm_7032,Ru,6,29,18,0.6207,0,0.0833,7.8519,1.0,0,0,0
tmqm_7033,Ru,6,29,26,0.8966,0,0.25,9.4724,1.0,0,0,0
tmqm_7034,Ru,8,26,14,0.5385,0,0.0769,10.9621,1.0,0,0,0
tmqm_7035,Fe,6,27,17,0.6296,0,0.0909,9.6166,1.0,0,0,0
tmqm_7036,Ru,6,16,8,0.5,0,0.1111,-0.1097,1.0,0,0,0
tmqm_7037,Fe,4,29,20,0.6897,0,0.1,2.8543,1.0,0,0,0
tmqm_7038,Ru,7,29,21,0.7241,0,0.1111,-0.4731,1.0,0,0,0
tmqm_7039,Os,7,29,16,0.5517,0,0.0714,1.233,1.0,0,0,0
tmqm_7040,Fe,8,26,9,0.3462,0,0.0556,-2.1086,1.0,0,0,0
tmqm_7041,Ru,6,29,18,0.6207,0,0.0833,7.2492,1.0,0,0,0
tmqm_7042,Fe,8,29,8,0.2759,0,0.0455,-1.1549,1.0,0,0,0
tmqm_7043,Fe,8,26,5,0.1923,0,0.0455,-1.6246,1.0,0,0,0
tmqm_7044,Fe,11,27,17,0.6296,0,0.0909,1.9755,1.0,1,0,0
tmqm_7045,Fe,3,24,10,0.4167,0,0.0667,0.0967,1.0,0,0,0
tmqm_7046,Fe,4,26,20,0.7692,0,0.1429,3.4044,1.0,0,0,0
tmqm_7047,Ru,9,27,27,1.0,1,1.0,11.9252,1.0,0,0,0
tmqm_7048,Fe,4,27,24,0.8889,0,0.25,5.1023,1.0,0,0,0
tmqm_7049,Ru,7,29,18,0.6207,0,0.0833,1.0773,1.0,0,0,0
tmqm_7050,Os,7,26,18,0.6923,0,0.1111,0.1045,1.0,0,0,0
tmqm_7051,Fe,7,26,26,1.0,1,1.0,11.1001,1.0,0,0,0
tmqm_7052,Ru,10,29,28,0.9655,0,0.5,10.306,1.0,0,0,0
tmqm_7053,Ru,7,29,12,0.4138,0,0.0556,0.0929,1.0,0,0,1
tmqm_7054,Fe,4,28,18,0.6429,0,0.0909,5.9732,1.0,0,0,0
tmqm_7055,Fe,8,29,15,0.5172,0,0.0667,-1.0127,1.0,0,0,0
tmqm_7056,Ru,8,26,19,0.7308,0,0.125,11.2209,1.0,0,0,0
tmqm_7057,Fe,11,26,19,0.7308,0,0.125,2.3882,1.0,0,0,0
tmqm_7058,Fe,7,27,25,0.9259,0,0.3333,8.3583,1.0,0,0,0
tmqm_7059,Fe,5,26,12,0.4615,0,0.0667,9.4678,1.0,0,0,0
tmqm_7060,Ru,6,29,20,0.6897,0,0.1,7.7864,1.0,0,0,0
tmqm_7061,Ru,8,29,21,0.7241,0,0.1111,9.563,1.0,0,0,0
tmqm_7062,Ru,9,29,19,0.6552,0,0.0909,9.7632,1.0,0,0,0
tmqm_7063,Ru,6,29,15,0.5172,0,0.0667,5.9682,1.0,0,0,0
tmqm_7064,Ru,6,29,22,0.7586,0,0.125,8.4722,1.0,0,0,0
tmqm_7065,Fe,7,26,18,0.6923,0,0.1111,10.7515,1.0,0,0,0
tmqm_7066,Fe,6,29,16,0.5517,0,0.0714,6.5496,1.0,0,0,1
tmqm_7067,Ru,7,29,17,0.5862,0,0.0769,1.2999,1.0,0,0,0
tmqm_7068,Fe,5,27,23,0.8519,0,0.2,11.1127,1.0,0,0,0
tmqm_7069,Fe,7,26,19,0.7308,0,0.125,8.464,1.0,0,0,0
tmqm_7070,Ru,9,29,26,0.8966,0,0.25,10.8541,1.0,0,0,0
tmqm_7071,Ru,5,27,17,0.6296,0,0.0909,2.582,1.0,0,0,0
tmqm_7072,Ru,6,16,0,0.0,0,0.0588,-0.5621,1.0,0,0,0
tmqm_7073,Ru,9,27,18,0.6667,0,0.1,11.5245,1.0,0,0,0
tmqm_7074,Ru,9,26,21,0.8077,0,0.1667,11.296,1.0,0,0,0
tmqm_7075,Fe,2,16,9,0.5625,0,0.125,0.0279,1.0,0,0,0
tmqm_7076,Ru,6,16,7,0.4375,0,0.1,-0.3923,1.0,0,0,0
tmqm_7077,Fe,7,27,21,0.7778,0,0.1429,8.0665,1.0,0,0,0
tmqm_7078,Ru,4,26,14,0.5385,0,0.0769,4.7175,1.0,0,0,0
tmqm_7079,Ru,3,27,14,0.5185,0,0.0714,0.5707,1.0,0,0,0
tmqm_7080,Fe,8,26,6,0.2308,0,0.0476,-2.1811,1.0,0,0,0
tmqm_7081,Fe,5,29,24,0.8276,0,0.1667,9.4676,1.0,0,0,0
tmqm_7082,Fe,6,29,23,0.7931,0,0.1429,7.3293,1.0,0,0,0
tmqm_7083,Ru,6,16,10,0.625,0,0.1429,0.4131,1.0,0,0,0
tmqm_7084,Ru,9,29,28,0.9655,0,0.5,10.4349,1.0,0,0,0
tmqm_7085,Fe,6,29,11,0.3793,0,0.0526,5.9794,1.0,0,0,1
tmqm_7086,Ru,8,29,21,0.7241,0,0.1111,10.3675,1.0,0,0,0
tmqm_7087,Fe,5,27,23,0.8519,0,0.2,9.7594,1.0,0,0,0
tmqm_7088,Fe,7,27,15,0.5556,0,0.0769,7.1868,1.0,0,0,0
tmqm_7089,Ru,6,29,22,0.7586,0,0.125,10.1424,1.0,0,0,0
tmqm_7090,Ru,7,29,22,0.7586,0,0.125,1.8022,1.0,0,0,0
tmqm_7091,Ru,6,29,25,0.8621,0,0.2,8.8481,1.0,0,0,0
tmqm_7092,Ru,10,29,25,0.8621,0,0.2,12.158,1.0,0,0,0
tmqm_7093,Fe,6,26,23,0.8846,0,0.25,8.8137,1.0,0,0,0
tmqm_7094,Ru,8,26,23,0.8846,0,0.25,12.5854,1.0,0,0,0
tmqm_7095,Fe,7,26,13,0.5,0,0.0714,5.6776,1.0,0,0,0
tmqm_7096,Ru,6,29,23,0.7931,0,0.1429,8.4385,1.0,0,0,0
tmqm_7097,Ru,6,27,21,0.7778,0,0.1429,9.6315,1.0,0,0,1
tmqm_7098,Os,9,29,24,0.8276,0,0.1667,8.7829,1.0,0,0,0
tmqm_7099,Ru,7,29,25,0.8621,0,0.2,2.0318,1.0,0,0,0
tmqm_7100,Ru,9,27,21,0.7778,0,0.1429,10.6612,1.0,0,0,0
tmqm_7101,Ru,9,26,16,0.6154,0,0.0909,11.2268,1.0,0,0,0
tmqm_7102,Ru,7,29,23,0.7931,0,0.1429,1.32,1.0,0,0,0
tmqm_7103,Fe,8,29,8,0.2759,0,0.0455,-1.3544,1.0,0,0,0
tmqm_7104,Ru,9,26,24,0.9231,0,0.3333,10.4428,1.0,0,0,0
tmqm_7105,Fe,9,28,26,0.9286,0,0.3333,9.8555,1.0,0,0,0
tmqm_7106,Ru,9,26,22,0.8462,0,0.2,9.7981,1.0,0,0,0
tmqm_7107,Ru,6,26,22,0.8462,0,0.2,8.6932,1.0,0,0,0
tmqm_7108,Ru,6,29,21,0.7241,0,0.1111,10.1664,1.0,0,0,0
tmqm_7109,Ru,7,29,22,0.7586,0,0.125,1.0225,1.0,0,0,0
tmqm_7110,Ru,6,29,25,0.8621,0,0.2,10.6452,1.0,0,0,0
tmqm_7111,Ru,5,27,18,0.6667,0,0.1,2.0719,1.0,0,0,0
tmqm_7112,Fe,6,16,1,0.0625,0,0.0625,-0.6116,1.0,0,0,0
tmqm_7113,Ru,8,27,20,0.7407,0,0.125,11.6053,1.0,0,0,0
tmqm_7114,Ru,9,26,14,0.5385,0,0.0769,10.032,1.0,1,0,0
tmqm_7115,Ru,9,27,18,0.6667,0,0.1,11.6382,1.0,0,0,0
tmqm_7116,Fe,5,26,23,0.8846,0,0.25,11.0488,1.0,0,0,0
tmqm_7117,Fe,6,29,16,0.5517,0,0.0714,7.1371,1.0,0,0,0
tmqm_7118,Ru,9,26,16,0.6154,0,0.0909,10.9214,1.0,0,0,0
tmqm_7119,Os,7,29,22,0.7586,0,0.125,0.4037,1.0,0,0,0
tmqm_7120,Ru,6,29,24,0.8276,0,0.1667,9.3916,1.0,0,0,0
tmqm_7121,Os,6,16,9,0.5625,0,0.125,0.1445,1.0,0,0,0
tmqm_7122,Fe,7,29,26,0.8966,0,0.25,10.7454,1.0,0,0,0
tmqm_7123,Ru,8,29,23,0.7931,0,0.1429,10.9025,1.0,0,0,0
tmqm_7124,Fe,8,29,6,0.2069,0,0.0417,-1.5388,1.0,0,0,0
tmqm_7125,Ru,2,25,15,0.6,0,0.0909,6.8038,1.0,0,0,1
tmqm_7126,Ru,9,26,16,0.6154,0,0.0909,11.5282,1.0,0,0,0
tmqm_7127,Fe,5,26,15,0.5769,0,0.0833,10.0135,1.0,0,1,0
tmqm_7128,Ru,10,29,26,0.8966,0,0.25,12.2219,1.0,0,1,0
tmqm_7129,Fe,3,16,5,0.3125,0,0.0833,-0.4264,1.0,0,0,0
tmqm_7130,Fe,8,26,6,0.2308,0,0.0476,-1.2054,1.0,0,0,0
tmqm_7131,Fe,8,26,9,0.3462,0,0.0556,-1.6543,1.0,0,0,0
tmqm_7132,Fe,6,26,16,0.6154,0,0.0909,6.2335,1.0,0,0,0
tmqm_7133,Fe,6,27,14,0.5185,0,0.0714,5.5812,1.0,0,0,0
tmqm_7134,Ru,6,29,18,0.6207,0,0.0833,9.1005,1.0,0,0,0
tmqm_7135,Fe,10,29,15,0.5172,0,0.0667,1.0113,1.0,0,0,0
tmqm_7136,Ru,7,29,21,0.7241,0,0.1111,1.1261,1.0,0,0,0
tmqm_7137,Os,10,27,11,0.4074,0,0.0588,-1.0677,1.0,0,0,0
tmqm_7138,Fe,4,26,21,0.8077,0,0.1667,6.2355,1.0,0,0,0
tmqm_7139,Fe,5,26,26,1.0,1,1.0,10.5649,1.0,0,1,0
tmqm_7140,Fe,10,29,19,0.6552,0,0.0909,0.0721,1.0,0,0,0
tmqm_7141,Ru,9,26,22,0.8462,0,0.2,9.0727,1.0,0,0,0
tmqm_7142,Ru,7,16,4,0.25,0,0.0769,-0.1392,1.0,0,0,0
tmqm_7143,Ru,7,29,16,0.5517,0,0.0714,-0.7399,1.0,1,0,0
tmqm_7144,Fe,12,28,21,0.75,0,0.125,0.7399,1.0,0,0,0
tmqm_7145,Ru,9,26,20,0.7692,0,0.1429,9.0705,1.0,0,0,0
tmqm_7146,Fe,8,29,8,0.2759,0,0.0455,-1.5492,1.0,0,0,0
tmqm_7147,Ru,6,29,17,0.5862,0,0.0769,7.4294,1.0,0,0,0
tmqm_7148,Ru,5,27,17,0.6296,0,0.0909,2.5437,1.0,0,0,0
tmqm_7149,Ru,9,29,21,0.7241,0,0.1111,10.5491,1.0,0,0,0
tmqm_7150,Fe,8,27,13,0.4815,0,0.0667,-1.4043,1.0,0,0,0
tmqm_7151,Os,7,27,11,0.4074,0,0.0588,-1.0294,1.0,0,0,0
tmqm_7152,Fe,6,29,25,0.8621,0,0.2,6.8907,1.0,0,0,0
tmqm_7153,Ru,10,29,20,0.6897,0,0.1,10.3339,1.0,0,0,0
tmqm_7154,Fe,4,26,26,1.0,1,1.0,4.5371,1.0,0,0,0
tmqm_7155,Ru,9,26,17,0.6538,0,0.1,7.6352,1.0,0,0,0
tmqm_7156,Fe,15,11,3,0.2727,0,0.1111,0.0268,1.0,1,1,0
tmqm_7157,Fe,12,25,13,0.52,0,0.0769,-0.3177,1.0,0,0,0
tmqm_7158,Ru,6,29,21,0.7241,0,0.1111,9.7516,1.0,0,0,0
tmqm_7159,Ru,9,26,26,1.0,1,1.0,9.2937,1.0,0,0,0
tmqm_7160,Fe,3,26,6,0.2308,0,0.0476,-0.213,1.0,0,0,0
tmqm_7161,Ru,9,26,17,0.6538,0,0.1,9.1629,1.0,0,0,0
tmqm_7162,Ru,9,26,18,0.6923,0,0.1111,11.6121,1.0,0,0,0
tmqm_7163,Ru,9,26,16,0.6154,0,0.0909,10.3061,1.0,0,0,0
tmqm_7164,Fe,6,26,19,0.7308,0,0.125,6.758,1.0,0,0,0
tmqm_7165,Ru,9,26,23,0.8846,0,0.25,10.84,1.0,0,0,0
tmqm_7166,Ru,6,29,21,0.7241,0,0.1111,8.9604,1.0,1,0,0
tmqm_7167,Ru,9,26,17,0.6538,0,0.1,10.9284,1.0,0,0,0
tmqm_7168,Ru,7,29,16,0.5517,0,0.0714,0.4163,1.0,0,0,1
tmqm_7169,Fe,6,26,9,0.3462,0,0.0556,6.2292,1.0,0,0,0
tmqm_7170,Ru,7,29,25,0.8621,0,0.2,1.4657,1.0,0,0,0
tmqm_7171,Fe,6,29,14,0.4828,0,0.0625,7.051,1.0,0,0,1
tmqm_7172,Ru,9,27,21,0.7778,0,0.1429,10.2101,1.0,0,0,0
tmqm_7173,Ru,5,27,14,0.5185,0,0.0714,3.2234,1.0,0,0,0
tmqm_7174,Fe,9,27,21,0.7778,0,0.1429,8.5713,1.0,0,0,0
tmqm_7175,Os,6,29,26,0.8966,0,0.25,9.6711,1.0,0,0,0
tmqm_7176,Os,6,29,20,0.6897,0,0.1,10.0498,1.0,0,0,0
tmqm_7177,Fe,4,27,18,0.6667,0,0.1,8.7455,1.0,0,0,0
tmqm_7178,Ru,9,29,23,0.7931,0,0.1429,10.0952,1.0,0,1,0
tmqm_7179,Fe,8,29,11,0.3793,0,0.0526,-1.1578,1.0,1,0,0
tmqm_7180,Fe,7,27,16,0.5926,0,0.0833,6.1042,1.0,0,0,0
tmqm_7181,Fe,7,29,16,0.5517,0,0.0714,7.2862,1.0,0,0,0
tmqm_7182,Ru,5,27,18,0.6667,0,0.1,1.3362,1.0,0,0,0
tmqm_7183,Ru,9,26,19,0.7308,0,0.125,10.9656,1.0,0,0,0
tmqm_7184,Fe,6,26,15,0.5769,0,0.0833,6.5963,1.0,1,0,0
tmqm_7185,Ru,6,27,14,0.5185,0,0.0714,9.0684,1.0,0,0,0
tmqm_7186,Fe,5,26,14,0.5385,0,0.0769,8.4385,1.0,0,0,1
tmqm_7187,Ru,5,27,15,0.5556,0,0.0769,2.5294,1.0,0,0,0
tmqm_7188,Os,9,26,18,0.6923,0,0.1111,9.0979,1.0,0,0,0
tmqm_7189,Ru,9,29,24,0.8276,0,0.1667,10.5147,1.0,1,0,0
tmqm_7190,Fe,3,16,9,0.5625,0,0.125,-0.1634,1.0,0,0,0
tmqm_7191,Ru,9,29,18,0.6207,0,0.0833,9.8824,1.0,0,0,0
tmqm_7192,Fe,6,15,3,0.2,0,0.0769,-0.9214,1.0,0,0,0
tmqm_7193,Ru,6,29,19,0.6552,0,0.0909,8.3731,1.0,0,0,0
tmqm_7194,Os,6,16,10,0.625,0,0.1429,0.4985,1.0,0,0,0
tmqm_7195,Ru,9,26,15,0.5769,0,0.0833,9.5395,1.0,0,0,0
tmqm_7196,Fe,8,26,14,0.5385,0,0.0769,-1.7693,1.0,0,0,0
tmqm_7197,Fe,7,26,23,0.8846,0,0.25,10.2827,1.0,0,0,0
tmqm_7198,Fe,6,29,16,0.5517,0,0.0714,6.4014,1.0,0,0,0
tmqm_7199,Fe,6,26,23,0.8846,0,0.25,7.8787,1.0,0,0,0
tmqm_7200,Fe,9,27,23,0.8519,0,0.2,10.2066,1.0,0,0,0
tmqm_7201,Ru,8,29,20,0.6897,0,0.1,11.4877,1.0,1,0,0
tmqm_7202,Fe,7,29,24,0.8276,0,0.1667,10.7223,1.0,0,0,0
tmqm_7203,Fe,8,26,8,0.3077,0,0.0526,-0.8204,1.0,0,0,0
tmqm_7204,Ru,6,26,21,0.8077,0,0.1667,8.7511,1.0,0,1,0
tmqm_7205,Os,8,26,20,0.7692,0,0.1429,8.6185,1.0,0,0,0
tmqm_7206,Ru,6,29,21,0.7241,0,0.1111,9.1669,1.0,0,0,0
tmqm_7207,Ru,9,29,20,0.6897,0,0.1,10.4881,1.0,0,0,0
tmqm_7208,Os,6,26,25,0.9615,0,0.5,9.0526,1.0,0,0,0
tmqm_7209,Ru,6,29,20,0.6897,0,0.1,5.907,1.0,0,0,0
tmqm_7210,Fe,6,26,23,0.8846,0,0.25,6.5111,1.0,0,0,0
tmqm_7211,Fe,10,29,19,0.6552,0,0.0909,2.0453,1.0,0,0,0
tmqm_7212,Ru,6,29,19,0.6552,0,0.0909,10.0335,1.0,0,0,0
tmqm_7213,Fe,5,27,16,0.5926,0,0.0833,10.1402,1.0,0,0,1
tmqm_7214,Fe,12,28,16,0.5714,0,0.0769,1.5484,1.0,0,0,0
tmqm_7215,Fe,8,26,3,0.1154,0,0.0417,-2.4278,1.0,0,0,0
tmqm_7216,Ru,6,16,10,0.625,0,0.1429,0.2488,1.0,0,0,0
tmqm_7217,Fe,5,26,24,0.9231,0,0.3333,8.6227,1.0,0,0,0
tmqm_7218,Ru,5,27,17,0.6296,0,0.0909,1.1762,1.0,0,0,0
tmqm_7219,Ru,9,26,21,0.8077,0,0.1667,10.3254,1.0,1,1,0
tmqm_7220,Ru,9,26,20,0.7692,0,0.1429,10.6244,1.0,0,0,0
tmqm_7221,Ru,6,29,18,0.6207,0,0.0833,8.6565,1.0,0,0,0
tmqm_7222,Ru,4,29,18,0.6207,0,0.0833,5.2167,1.0,0,0,0
tmqm_7223,Fe,8,27,8,0.2963,0,0.05,-2.0222,1.0,0,0,0
tmqm_7224,Os,4,25,16,0.64,0,0.1,4.9506,1.0,0,0,0
tmqm_7225,Fe,6,26,17,0.6538,0,0.1,7.0839,1.0,0,0,0
tmqm_7226,Ru,7,26,17,0.6538,0,0.1,-1.8126,1.0,0,0,0
tmqm_7227,Ru,9,29,23,0.7931,0,0.1429,10.1301,1.0,0,0,0
tmqm_7228,Fe,5,26,20,0.7692,0,0.1429,9.2348,1.0,0,0,0
tmqm_7229,Ru,8,27,16,0.5926,0,0.0833,10.7655,1.0,0,0,0
tmqm_7230,Os,8,26,15,0.5769,0,0.0833,10.7548,1.0,0,0,0
tmqm_7231,Fe,5,27,12,0.4444,0,0.0625,11.3891,1.0,0,0,0
tmqm_7232,Fe,6,29,19,0.6552,0,0.0909,6.6834,1.0,0,0,0
tmqm_7233,Ru,9,27,19,0.7037,0,0.1111,10.1891,1.0,0,0,0
tmqm_7234,Ru,5,27,21,0.7778,0,0.1429,2.1632,1.0,0,0,0
tmqm_7235,Fe,6,27,13,0.4815,0,0.0667,5.3313,1.0,0,0,0
tmqm_7236,Ru,6,29,25,0.8621,0,0.2,9.0433,1.0,0,0,0
tmqm_7237,Ru,6,29,24,0.8276,0,0.1667,8.7068,1.0,0,0,1
tmqm_7238,Ru,8,26,18,0.6923,0,0.1111,11.3283,1.0,0,0,0
tmqm_7239,Ru,11,28,10,0.3571,0,0.0526,2.0203,1.0,1,0,0
tmqm_7240,Ru,5,29,24,0.8276,0,0.1667,1.5169,1.0,0,0,0
tmqm_7241,Ru,7,29,19,0.6552,0,0.0909,2.5432,1.0,0,0,1
tmqm_7242,Fe,11,24,17,0.7083,0,0.125,2.8795,1.0,0,0,0
tmqm_7243,Ru,7,29,22,0.7586,0,0.125,1.0436,1.0,0,0,0
tmqm_7244,Fe,4,29,25,0.8621,0,0.2,3.7966,1.0,1,0,0
tmqm_7245,Ru,5,27,22,0.8148,0,0.1667,3.8867,1.0,0,0,0
tmqm_7246,Fe,10,29,15,0.5172,0,0.0667,2.8129,1.0,0,0,0
tmqm_7247,Fe,9,28,17,0.6071,0,0.0833,8.591,1.0,0,0,0
tmqm_7248,Ru,8,26,24,0.9231,0,0.3333,11.6194,1.0,0,1,0
tmqm_7249,Ru,9,29,26,0.8966,0,0.25,9.9924,1.0,0,1,0
tmqm_7250,Ru,9,27,20,0.7407,0,0.125,9.4745,1.0,1,0,0
tmqm_7251,Ru,9,26,17,0.6538,0,0.1,10.4158,1.0,0,0,0
tmqm_7252,Ru,8,26,16,0.6154,0,0.0909,11.0103,1.0,0,0,0
tmqm_7253,Os,8,27,22,0.8148,0,0.1667,9.4372,1.0,0,0,0
tmqm_7254,Ru,8,26,15,0.5769,0,0.0833,11.4809,1.0,0,0,0
tmqm_7255,Fe,5,27,14,0.5185,0,0.0714,10.9374,1.0,0,0,0
tmqm_7256,Fe,4,26,22,0.8462,0,0.2,7.3142,1.0,0,0,0
tmqm_7257,Ru,9,26,21,0.8077,0,0.1667,10.0635,1.0,0,0,0
tmqm_7258,Fe,1,14,9,0.6429,0,0.1667,0.4267,1.0,0,1,0
tmqm_7259,Ru,8,29,19,0.6552,0,0.0909,10.9593,1.0,0,0,0
tmqm_7260,Ru,9,27,18,0.6667,0,0.1,10.5437,1.0,0,0,0
tmqm_7261,Fe,9,29,19,0.6552,0,0.0909,6.2303,1.0,0,0,0
tmqm_7262,Ru,7,29,23,0.7931,0,0.1429,1.5304,1.0,0,0,0
tmqm_7263,Fe,7,29,26,0.8966,0,0.25,10.5974,1.0,0,0,0
tmqm_7264,Fe,5,26,24,0.9231,0,0.3333,11.7064,1.0,1,0,0
tmqm_7265,Fe,8,26,11,0.4231,0,0.0625,-1.5739,1.0,0,0,0
tmqm_7266,Os,5,26,18,0.6923,0,0.1111,5.5717,1.0,0,0,0
tmqm_7267,Fe,8,26,15,0.5769,0,0.0833,-0.361,1.0,0,0,1
tmqm_7268,Ru,9,29,22,0.7586,0,0.125,8.0694,1.0,0,0,0
tmqm_7269,Fe,6,27,11,0.4074,0,0.0588,5.7918,1.0,0,0,0
tmqm_7270,Os,10,29,9,0.3103,0,0.0476,-1.2549,1.0,0,0,0
tmqm_7271,Fe,3,27,13,0.4815,0,0.0667,0.3784,1.0,1,0,0
tmqm_7272,Ru,5,27,22,0.8148,0,0.1667,2.1103,1.0,0,0,0
tmqm_7273,Ru,7,29,17,0.5862,0,0.0769,0.7707,1.0,0,0,0
tmqm_7274,Os,8,26,12,0.4615,0,0.0667,10.6989,1.0,0,0,0
tmqm_7275,Fe,8,29,8,0.2759,0,0.0455,-1.5534,1.0,1,0,0
tmqm_7276,Ru,10,27,17,0.6296,0,0.0909,11.7149,1.0,0,0,0
tmqm_7277,Ru,9,29,28,0.9655,0,0.5,9.8159,1.0,0,0,0
tmqm_7278,Ru,7,27,17,0.6296,0,0.0909,-1.2702,1.0,0,0,0
tmqm_7279,Fe,6,24,20,0.8333,0,0.2,8.9806,1.0,0,0,0
tmqm_7280,Fe,4,26,16,0.6154,0,0.0909,5.5854,1.0,0,0,0
tmqm_7281,Ru,9,26,20,0.7692,0,0.1429,9.7129,1.0,0,0,0
tmqm_7282,Os,7,29,14,0.4828,0,0.0625,1.0766,1.0,0,0,0
tmqm_7283,Fe,9,26,16,0.6154,0,0.0909,7.9572,1.0,0,0,0
tmqm_7284,Ru,7,27,12,0.4444,0,0.0625,-1.0523,1.0,0,0,1
tmqm_7285,Ru,8,26,25,0.9615,0,0.5,13.4245,1.0,0,0,0
tmqm_7286,Fe,6,27,21,0.7778,0,0.1429,9.0055,1.0,0,0,0
tmqm_7287,Os,7,29,20,0.6897,0,0.1,0.8469,1.0,0,0,0
tmqm_7288,Ru,6,29,27,0.931,0,0.3333,9.523,1.0,0,0,0
tmqm_7289,Ru,9,29,19,0.6552,0,0.0909,10.9458,1.0,0,0,0
tmqm_7290,Ru,9,29,20,0.6897,0,0.1,6.9669,1.0,0,0,0
tmqm_7291,Ru,7,29,18,0.6207,0,0.0833,0.434,1.0,0,0,0
tmqm_7292,Ru,10,29,25,0.8621,0,0.2,11.7071,1.0,0,1,0
tmqm_7293,Fe,6,29,14,0.4828,0,0.0625,7.2455,1.0,0,0,0
tmqm_7294,Ru,6,26,22,0.8462,0,0.2,5.97,1.0,0,0,0
tmqm_7295,Fe,8,26,11,0.4231,0,0.0625,-0.9004,1.0,1,0,0
tmqm_7296,Fe,5,26,14,0.5385,0,0.0769,8.5211,1.0,0,0,0
tmqm_7297,Os,4,25,18,0.72,0,0.125,5.2202,1.0,0,0,0
tmqm_7298,Fe,5,26,14,0.5385,0,0.0769,11.401,1.0,0,0,0
tmqm_7299,Fe,3,27,10,0.3704,0,0.0556,0.3655,1.0,0,0,0
tmqm_7300,Fe,12,16,1,0.0625,0,0.0625,-0.5134,1.0,0,0,0
tmqm_7301,Ru,6,26,17,0.6538,0,0.1,9.2549,1.0,0,0,0
tmqm_7302,Fe,5,25,10,0.4,0,0.0625,10.2454,1.0,0,0,0
tmqm_7303,Fe,5,26,20,0.7692,0,0.1429,13.3027,1.0,0,0,0
tmqm_7304,Ru,9,27,22,0.8148,0,0.1667,10.1186,1.0,0,0,0
tmqm_7305,Ru,6,29,21,0.7241,0,0.1111,9.535,1.0,0,0,0
tmqm_7306,Fe,10,29,19,0.6552,0,0.0909,1.0986,1.0,0,0,0
tmqm_7307,Fe,4,26,23,0.8846,0,0.25,7.5981,1.0,0,0,0
tmqm_7308,Fe,4,26,20,0.7692,0,0.1429,7.9081,1.0,0,0,0
tmqm_7309,Ru,8,29,23,0.7931,0,0.1429,11.3296,1.0,0,0,0
tmqm_7310,Ru,8,29,25,0.8621,0,0.2,10.0816,1.0,0,0,0
tmqm_7311,Fe,8,26,3,0.1154,0,0.0417,-2.3593,1.0,0,0,0
tmqm_7312,Ru,8,29,18,0.6207,0,0.0833,9.2413,1.0,0,0,0
tmqm_7313,Ru,6,29,22,0.7586,0,0.125,10.0568,1.0,0,0,0
tmqm_7314,Os,5,25,16,0.64,0,0.1,4.9211,1.0,0,0,0
tmqm_7315,Ru,6,27,22,0.8148,0,0.1667,7.6801,1.0,0,0,0
tmqm_7316,Fe,4,26,17,0.6538,0,0.1,7.3362,1.0,0,0,0
tmqm_7317,Fe,8,29,12,0.4138,0,0.0556,-0.9867,1.0,0,0,0
tmqm_7318,Ru,6,25,24,0.96,0,0.5,9.2906,1.0,0,0,0
tmqm_7319,Fe,6,27,15,0.5556,0,0.0769,7.2931,1.0,0,0,0
tmqm_7320,Fe,8,29,13,0.4483,0,0.0588,-0.946,1.0,0,0,0
tmqm_7321,Ru,6,25,24,0.96,0,0.5,9.2805,1.0,0,0,0
tmqm_7322,Fe,10,29,19,0.6552,0,0.0909,-1.0211,1.0,0,0,0
tmqm_7323,Ru,9,27,23,0.8519,0,0.2,9.1875,1.0,0,0,0
tmqm_7324,Ru,9,26,16,0.6154,0,0.0909,10.2136,1.0,0,0,0
tmqm_7325,Fe,11,26,20,0.7692,0,0.1429,0.6934,1.0,0,0,0
tmqm_7326,Ru,5,27,21,0.7778,0,0.1429,0.9542,1.0,0,0,0
tmqm_7327,Ru,6,29,14,0.4828,0,0.0625,7.6461,1.0,0,0,0
tmqm_7328,Ru,5,27,15,0.5556,0,0.0769,3.1971,1.0,0,0,0
tmqm_7329,Fe,7,29,21,0.7241,0,0.1111,9.0767,1.0,0,0,0
tmqm_7330,Fe,9,26,12,0.4615,0,0.0667,8.0521,1.0,0,0,0
tmqm_7331,Ru,6,26,11,0.4231,0,0.0625,8.6796,1.0,0,0,0
tmqm_7332,Ru,6,16,0,0.0,0,0.0588,-0.9184,1.0,0,0,0
tmqm_7333,Ru,8,29,21,0.7241,0,0.1111,10.8112,1.0,0,1,0
tmqm_7334,Fe,6,29,23,0.7931,0,0.1429,7.9229,1.0,0,0,0
tmqm_7335,Ru,9,27,23,0.8519,0,0.2,11.3999,1.0,0,0,0
tmqm_7336,Ru,9,26,21,0.8077,0,0.1667,10.2608,1.0,0,0,0
tmqm_7337,Ru,6,29,28,0.9655,0,0.5,7.8471,1.0,0,0,1
tmqm_7338,Fe,9,29,20,0.6897,0,0.1,8.0037,1.0,0,0,0
tmqm_7339,Ru,9,26,24,0.9231,0,0.3333,10.4622,1.0,0,0,1
tmqm_7340,Fe,6,29,15,0.5172,0,0.0667,7.2653,1.0,0,0,0
tmqm_7341,Os,8,29,26,0.8966,0,0.25,11.1953,1.0,0,0,0
tmqm_7342,Ru,10,29,24,0.8276,0,0.1667,10.6061,1.0,0,0,0
tmqm_7343,Fe,8,26,9,0.3462,0,0.0556,-1.8175,1.0,0,0,0
tmqm_7344,Fe,6,29,16,0.5517,0,0.0714,7.6924,1.0,0,0,0
tmqm_7345,Os,2,26,11,0.4231,0,0.0625,-1.498,1.0,0,0,0
tmqm_7346,Fe,13,26,9,0.3462,0,0.0556,0.5681,1.0,0,0,0
tmqm_7347,Ru,6,29,24,0.8276,0,0.1667,7.0269,1.0,0,0,0
tmqm_7348,Fe,5,27,20,0.7407,0,0.125,13.6169,1.0,0,0,0
tmqm_7349,Ru,7,27,20,0.7407,0,0.125,1.5096,1.0,0,0,0
tmqm_7350,Fe,9,27,16,0.5926,0,0.0833,8.8985,1.0,0,0,0
tmqm_7351,Ru,9,26,20,0.7692,0,0.1429,12.2112,1.0,0,0,0
tmqm_7352,Ru,6,29,21,0.7241,0,0.1111,7.2399,1.0,0,0,0
tmqm_7353,Fe,8,27,10,0.3704,0,0.0556,-1.2551,1.0,0,0,0
tmqm_7354,Fe,6,26,14,0.5385,0,0.0769,7.9199,1.0,0,0,0
tmqm_7355,Fe,4,27,16,0.5926,0,0.0833,7.8248,1.0,0,0,1
tmqm_7356,Ru,5,26,21,0.8077,0,0.1667,1.7211,1.0,0,0,0
tmqm_7357,Fe,4,26,23,0.8846,0,0.25,5.4571,1.0,0,0,0
tmqm_7358,Ru,6,29,20,0.6897,0,0.1,9.5471,1.0,0,1,0
tmqm_7359,Os,6,26,16,0.6154,0,0.0909,10.0232,1.0,0,0,0
tmqm_7360,Os,5,27,21,0.7778,0,0.1429,4.4255,1.0,0,0,0
tmqm_7361,Fe,7,27,19,0.7037,0,0.1111,7.3861,1.0,0,0,0
tmqm_7362,Ru,7,29,22,0.7586,0,0.125,0.193,1.0,0,0,0
tmqm_7363,Ru,9,29,12,0.4138,0,0.0556,8.9381,1.0,1,0,1
tmqm_7364,Fe,5,27,24,0.8889,0,0.25,11.3457,1.0,0,0,1
tmqm_7365,Fe,4,26,18,0.6923,0,0.1111,6.9517,1.0,0,0,0
tmqm_7366,Fe,15,13,0,0.0,0,0.0714,-1.0258,1.0,0,0,0
tmqm_7367,Ru,8,29,20,0.6897,0,0.1,10.4026,1.0,0,0,0
tmqm_7368,Ru,9,26,20,0.7692,0,0.1429,9.0797,1.0,0,0,0
tmqm_7369,Fe,5,29,22,0.7586,0,0.125,10.0444,1.0,0,0,0
tmqm_7370,Ru,9,29,16,0.5517,0,0.0714,7.3782,1.0,0,0,0
tmqm_7371,Ru,10,29,20,0.6897,0,0.1,10.9067,1.0,0,0,0
tmqm_7372,Ru,9,26,17,0.6538,0,0.1,9.1647,1.0,0,0,0
tmqm_7373,Ru,5,27,11,0.4074,0,0.0588,3.5327,1.0,0,0,0
tmqm_7374,Ru,8,26,15,0.5769,0,0.0833,11.1146,1.0,0,0,0
tmqm_7375,Ru,9,26,23,0.8846,0,0.25,11.6734,1.0,0,0,0
tmqm_7376,Os,7,26,13,0.5,0,0.0714,-0.5728,1.0,0,0,0
tmqm_7377,Fe,6,29,14,0.4828,0,0.0625,6.7161,1.0,0,0,0
tmqm_7378,Fe,6,26,26,1.0,1,1.0,7.945,1.0,1,0,0
tmqm_7379,Fe,10,29,24,0.8276,0,0.1667,1.702,1.0,0,0,0
tmqm_7380,Fe,5,27,21,0.7778,0,0.1429,10.2471,1.0,0,0,0
tmqm_7381,Fe,5,24,19,0.7917,0,0.1667,12.9254,1.0,0,0,0
tmqm_7382,Fe,12,25,19,0.76,0,0.1429,0.46,1.0,0,0,0
tmqm_7383,Fe,9,23,9,0.3913,0,0.0667,9.0995,1.0,0,0,1
tmqm_7384,Fe,7,27,23,0.8519,0,0.2,6.9469,1.0,0,0,0
tmqm_7385,Os,6,29,17,0.5862,0,0.0769,9.4025,1.0,0,0,0
tmqm_7386,Ru,8,26,17,0.6538,0,0.1,12.3244,1.0,0,0,0
tmqm_7387,Fe,4,16,3,0.1875,0,0.0714,-0.432,1.0,0,0,0
tmqm_7388,Os,8,26,23,0.8846,0,0.25,8.5122,1.0,0,0,0
tmqm_7389,Ru,9,26,18,0.6923,0,0.1111,7.5948,1.0,0,0,0
tmqm_7390,Ru,5,27,19,0.7037,0,0.1111,2.3901,1.0,0,0,0
tmqm_7391,Fe,11,27,19,0.7037,0,0.1111,1.1079,1.0,0,0,0
tmqm_7392,Os,3,26,10,0.3846,0,0.0588,8.0398,1.0,0,0,0
tmqm_7393,Fe,8,29,11,0.3793,0,0.0526,-0.9611,1.0,0,0,0
tmqm_7394,Ru,6,26,17,0.6538,0,0.1,9.4005,1.0,0,0,0
tmqm_7395,Fe,6,27,19,0.7037,0,0.1111,7.8416,1.0,0,0,0
tmqm_7396,Fe,6,26,23,0.8846,0,0.25,6.4592,1.0,0,0,0
tmqm_7397,Ru,10,29,24,0.8276,0,0.1667,10.6013,1.0,0,0,0
tmqm_7398,Fe,6,26,19,0.7308,0,0.125,7.1491,1.0,0,0,0
tmqm_7399,Fe,8,26,3,0.1154,0,0.0417,-3.4044,1.0,0,0,0
tmqm_7400,Ru,8,26,13,0.5,0,0.0714,11.4608,1.0,0,0,0
tmqm_7401,Ru,5,29,15,0.5172,0,0.0667,2.5328,1.0,0,0,0
tmqm_7402,Ru,10,26,18,0.6923,0,0.1111,12.6363,1.0,0,0,0
tmqm_7403,Ru,5,27,21,0.7778,0,0.1429,2.5877,1.0,0,0,0
tmqm_7404,Ru,8,26,14,0.5385,0,0.0769,10.0232,1.0,0,0,0
tmqm_7405,Ru,9,27,14,0.5185,0,0.0714,10.1406,1.0,0,0,0
tmqm_7406,Ru,9,27,21,0.7778,0,0.1429,9.2033,1.0,0,0,0
tmqm_7407,Ru,8,27,23,0.8519,0,0.2,10.6917,1.0,0,0,0
tmqm_7408,Os,5,15,10,0.6667,0,0.1667,0.0555,1.0,0,0,0
tmqm_7409,Ru,8,26,14,0.5385,0,0.0769,9.5282,1.0,0,0,0
tmqm_7410,Ru,9,26,21,0.8077,0,0.1667,10.8237,1.0,0,0,1
tmqm_7411,Ru,5,16,11,0.6875,0,0.1667,0.3191,1.0,0,0,0
tmqm_7412,Fe,4,26,19,0.7308,0,0.125,5.297,1.0,0,0,0
tmqm_7413,Ru,6,29,24,0.8276,0,0.1667,8.071,1.0,0,0,0
tmqm_7414,Ru,9,26,15,0.5769,0,0.0833,11.4704,1.0,0,0,0
tmqm_7415,Os,5,24,17,0.7083,0,0.125,2.8914,1.0,0,0,0
tmqm_7416,Ru,9,27,23,0.8519,0,0.2,8.3301,1.0,0,0,0
tmqm_7417,Ru,7,29,23,0.7931,0,0.1429,0.2706,1.0,1,0,0
tmqm_7418,Ru,9,26,23,0.8846,0,0.25,10.8557,1.0,0,0,0
tmqm_7419,Ru,8,26,17,0.6538,0,0.1,11.686,1.0,0,0,0
tmqm_7420,Fe,6,29,19,0.6552,0,0.0909,5.6813,1.0,0,0,0
tmqm_7421,Ru,5,27,17,0.6296,0,0.0909,0.5573,1.0,0,0,0
tmqm_7422,Ru,9,29,23,0.7931,0,0.1429,10.5478,1.0,0,0,0
tmqm_7423,Ru,5,27,21,0.7778,0,0.1429,3.5774,1.0,0,0,0
tmqm_7424,Fe,5,26,17,0.6538,0,0.1,11.1595,1.0,0,0,0
tmqm_7425,Ru,6,27,20,0.7407,0,0.125,7.6379,1.0,0,0,0
tmqm_7426,Fe,8,29,12,0.4138,0,0.0556,-1.1874,1.0,0,0,0
tmqm_7427,Ru,9,26,20,0.7692,0,0.1429,10.4902,1.0,0,0,0
tmqm_7428,Ru,9,26,24,0.9231,0,0.3333,10.4134,1.0,1,0,0
tmqm_7429,Ru,6,26,14,0.5385,0,0.0769,8.8859,1.0,0,1,0
tmqm_7430,Ru,7,26,13,0.5,0,0.0714,-1.2756,1.0,0,0,0
tmqm_7431,Fe,8,29,11,0.3793,0,0.0526,-1.0568,1.0,0,0,0
tmqm_7432,Ru,5,27,18,0.6667,0,0.1,1.2152,1.0,1,0,0
tmqm_7433,Ru,9,26,21,0.8077,0,0.1667,8.5741,1.0,0,0,0
tmqm_7434,Fe,5,27,20,0.7407,0,0.125,12.601,1.0,0,0,0
tmqm_7435,Ru,9,29,24,0.8276,0,0.1667,9.7551,1.0,0,0,0
tmqm_7436,Ru,9,27,17,0.6296,0,0.0909,8.1316,1.0,0,0,0
tmqm_7437,Ru,9,27,26,0.963,0,0.5,10.193,1.0,0,0,0
tmqm_7438,Ru,6,29,23,0.7931,0,0.1429,9.7449,1.0,0,0,0
tmqm_7439,Ru,9,29,21,0.7241,0,0.1111,10.1855,1.0,0,0,0
tmqm_7440,Ru,2,26,21,0.8077,0,0.1667,7.2794,1.0,0,0,1
tmqm_7441,Os,7,29,17,0.5862,0,0.0769,0.2229,1.0,0,0,0
tmqm_7442,Ru,6,29,26,0.8966,0,0.25,8.7554,1.0,0,0,0
tmqm_7443,Fe,6,29,26,0.8966,0,0.25,7.7223,1.0,0,0,0
tmqm_7444,Fe,3,26,14,0.5385,0,0.0769,0.1725,1.0,0,0,0
tmqm_7445,Ru,3,27,1,0.037,0,0.037,-0.3001,1.0,0,0,0
tmqm_7446,Fe,8,27,9,0.3333,0,0.0526,-1.7372,1.0,0,0,0
tmqm_7447,Os,6,29,24,0.8276,0,0.1667,9.007,1.0,0,0,0
tmqm_7448,Ru,5,26,15,0.5769,0,0.0833,3.3219,1.0,0,0,0
tmqm_7449,Os,8,29,20,0.6897,0,0.1,8.4709,1.0,0,0,0
tmqm_7450,Ru,8,29,23,0.7931,0,0.1429,10.3597,1.0,0,0,0
tmqm_7451,Fe,7,26,21,0.8077,0,0.1667,11.3402,1.0,0,0,0
tmqm_7452,Ru,7,29,16,0.5517,0,0.0714,-0.8558,1.0,0,0,0
tmqm_7453,Fe,6,27,20,0.7407,0,0.125,6.9437,1.0,0,0,0
tmqm_7454,Os,5,27,18,0.6667,0,0.1,4.9909,1.0,0,0,0
tmqm_7455,Fe,7,26,20,0.7692,0,0.1429,11.3677,1.0,0,0,0
tmqm_7456,Ru,8,26,20,0.7692,0,0.1429,10.6326,1.0,0,0,0
tmqm_7457,Fe,9,26,16,0.6154,0,0.0909,9.5107,1.0,0,0,0
tmqm_7458,Fe,6,16,9,0.5625,0,0.125,-0.1642,1.0,0,0,0
tmqm_7459,Ru,8,26,23,0.8846,0,0.25,12.9644,1.0,0,0,0
tmqm_7460,Ru,9,26,17,0.6538,0,0.1,9.4131,1.0,0,0,0
tmqm_7461,Fe,6,29,21,0.7241,0,0.1111,5.9276,1.0,0,0,0
tmqm_7462,Ru,6,29,15,0.5172,0,0.0667,9.7604,1.0,0,0,0
tmqm_7463,Fe,4,27,21,0.7778,0,0.1429,7.3385,1.0,0,0,0
tmqm_7464,Os,6,29,18,0.6207,0,0.0833,10.398,1.0,0,0,0
tmqm_7465,Fe,9,26,15,0.5769,0,0.0833,8.2375,1.0,0,0,0
tmqm_7466,Ru,7,29,22,0.7586,0,0.125,-0.2301,1.0,0,0,0
tmqm_7467,Ru,9,26,20,0.7692,0,0.1429,9.2855,1.0,0,1,0
tmqm_7468,Fe,5,16,5,0.3125,0,0.0833,-0.235,1.0,0,0,0
tmqm_7469,Ru,7,27,18,0.6667,0,0.1,0.6757,1.0,1,0,1
tmqm_7470,Fe,8,26,6,0.2308,0,0.0476,-2.1776,1.0,0,0,0
tmqm_7471,Ru,10,27,21,0.7778,0,0.1429,9.714,1.0,0,0,0
tmqm_7472,Fe,10,26,15,0.5769,0,0.0833,0.962,1.0,0,0,0
tmqm_7473,Ru,8,26,20,0.7692,0,0.1429,10.1775,1.0,0,1,0
tmqm_7474,Fe,7,15,2,0.1333,0,0.0714,-0.4515,1.0,0,0,0
tmqm_7475,Ru,9,29,25,0.8621,0,0.2,10.448,1.0,0,0,0
tmqm_7476,Ru,8,26,14,0.5385,0,0.0769,9.8965,1.0,0,0,0
tmqm_7477,Fe,2,25,20,0.8,0,0.1667,5.2223,1.0,0,0,0
tmqm_7478,Ru,8,26,22,0.8462,0,0.2,12.3803,1.0,0,0,0
tmqm_7479,Ru,9,29,24,0.8276,0,0.1667,10.1265,1.0,0,0,0
tmqm_7480,Ru,5,29,17,0.5862,0,0.0769,2.2118,1.0,0,0,0
tmqm_7481,Ru,6,29,21,0.7241,0,0.1111,10.1827,1.0,0,0,0
tmqm_7482,Fe,6,26,13,0.5,0,0.0714,7.1614,1.0,0,0,0
tmqm_7483,Fe,14,23,13,0.5652,0,0.0909,4.7602,1.0,0,0,0
tmqm_7484,Fe,8,29,5,0.1724,0,0.04,-1.8367,1.0,0,0,0
tmqm_7485,Os,8,27,19,0.7037,0,0.1111,8.7526,1.0,0,0,0
tmqm_7486,Ru,5,27,24,0.8889,0,0.25,1.9456,1.0,0,0,0
tmqm_7487,Ru,7,29,20,0.6897,0,0.1,0.354,1.0,0,0,0
tmqm_7488,Ru,8,29,24,0.8276,0,0.1667,9.3782,1.0,0,0,0
tmqm_7489,Ru,9,27,19,0.7037,0,0.1111,10.4625,1.0,1,0,0
tmqm_7490,Fe,6,29,23,0.7931,0,0.1429,9.2214,1.0,0,0,0
tmqm_7491,Ru,9,29,21,0.7241,0,0.1111,9.5671,1.0,0,0,0
tmqm_7492,Os,9,26,21,0.8077,0,0.1667,8.4237,1.0,0,0,0
tmqm_7493,Ru,8,29,24,0.8276,0,0.1667,12.2834,1.0,0,0,0
tmqm_7494,Ru,6,29,24,0.8276,0,0.1667,10.5851,1.0,0,0,0
tmqm_7495,Fe,9,27,18,0.6667,0,0.1,8.3724,1.0,0,0,0
tmqm_7496,Ru,10,29,21,0.7241,0,0.1111,11.2823,1.0,0,0,0
tmqm_7497,Fe,9,26,14,0.5385,0,0.0769,9.2267,1.0,0,0,0
tmqm_7498,Fe,7,27,15,0.5556,0,0.0769,8.0202,1.0,0,0,0
tmqm_7499,Ru,6,27,18,0.6667,0,0.1,5.9917,1.0,0,0,0
tmqm_7500,Ru,9,27,25,0.9259,0,0.3333,11.2726,1.0,0,0,0
tmqm_7501,Ru,6,24,18,0.75,0,0.1429,9.6656,1.0,0,0,1
tmqm_7502,Ru,9,27,21,0.7778,0,0.1429,10.2067,1.0,0,0,0
tmqm_7503,Ru,8,29,16,0.5517,0,0.0714,9.4382,1.0,0,0,0
tmqm_7504,Ru,8,29,25,0.8621,0,0.2,9.3447,1.0,0,0,0
tmqm_7505,Fe,6,26,22,0.8462,0,0.2,8.41,1.0,0,0,0
tmqm_7506,Fe,6,29,25,0.8621,0,0.2,6.5762,1.0,1,0,0
tmqm_7507,Ru,6,29,21,0.7241,0,0.1111,7.6433,1.0,0,0,0
tmqm_7508,Ru,6,29,22,0.7586,0,0.125,7.707,1.0,0,0,0
tmqm_7509,Ru,6,29,21,0.7241,0,0.1111,10.2019,1.0,0,0,0
tmqm_7510,Ru,10,26,15,0.5769,0,0.0833,12.9324,1.0,0,0,0
tmqm_7511,Ru,8,29,29,1.0,1,1.0,12.0176,1.0,0,0,0
tmqm_7512,Fe,4,26,19,0.7308,0,0.125,6.6805,1.0,0,0,0
tmqm_7513,Fe,6,29,11,0.3793,0,0.0526,6.4903,1.0,0,0,0
tmqm_7514,Ru,7,29,16,0.5517,0,0.0714,1.2186,1.0,0,0,0
tmqm_7515,Ru,5,27,18,0.6667,0,0.1,2.9009,1.0,0,0,0
tmqm_7516,Fe,6,29,23,0.7931,0,0.1429,9.7109,1.0,0,0,0
tmqm_7517,Os,6,29,17,0.5862,0,0.0769,9.2631,1.0,0,0,0
tmqm_7518,Fe,6,29,16,0.5517,0,0.0714,5.0997,1.0,0,0,0
tmqm_7519,Ru,6,29,24,0.8276,0,0.1667,10.8756,1.0,0,0,0
tmqm_7520,Ru,6,29,21,0.7241,0,0.1111,7.5613,1.0,0,0,0
tmqm_7521,Fe,12,25,12,0.48,0,0.0714,0.234,1.0,0,0,0
tmqm_7522,Fe,8,29,12,0.4138,0,0.0556,-0.9199,1.0,0,0,0
tmqm_7523,Ru,6,29,22,0.7586,0,0.125,10.7017,1.0,0,0,0
tmqm_7524,Ru,8,29,22,0.7586,0,0.125,10.7235,1.0,1,0,0
tmqm_7525,Ru,9,29,27,0.931,0,0.3333,11.2581,1.0,0,0,0
tmqm_7526,Ru,7,29,26,0.8966,0,0.25,0.4675,1.0,0,0,0
tmqm_7527,Os,5,25,19,0.76,0,0.1429,5.8845,1.0,0,0,0
tmqm_7528,Os,8,29,17,0.5862,0,0.0769,9.2938,1.0,0,0,0
tmqm_7529,Ru,7,29,19,0.6552,0,0.0909,0.7674,1.0,0,0,0
tmqm_7530,Fe,12,25,9,0.36,0,0.0588,-0.0214,1.0,0,0,0
tmqm_7531,Ru,6,29,23,0.7931,0,0.1429,9.3097,1.0,0,0,0
tmqm_7532,Ru,6,29,27,0.931,0,0.3333,8.1827,1.0,0,0,0
tmqm_7533,Fe,6,29,18,0.6207,0,0.0833,5.7041,1.0,0,0,0
tmqm_7534,Ru,4,29,23,0.7931,0,0.1429,5.5413,1.0,0,0,0
tmqm_7535,Fe,6,16,6,0.375,0,0.0909,0.0039,1.0,0,0,0
tmqm_7536,Ru,7,29,23,0.7931,0,0.1429,0.2042,1.0,0,0,0
tmqm_7537,Fe,8,27,16,0.5926,0,0.0833,-0.7326,1.0,0,0,0
tmqm_7538,Fe,10,29,16,0.5517,0,0.0714,1.2242,1.0,0,0,0
tmqm_7539,Fe,10,29,19,0.6552,0,0.0909,-0.4689,1.0,0,0,0
tmqm_7540,Ru,9,27,19,0.7037,0,0.1111,9.6782,1.0,0,0,0
tmqm_7541,Fe,9,27,19,0.7037,0,0.1111,10.2661,1.0,0,0,0
tmqm_7542,Ru,6,29,23,0.7931,0,0.1429,10.3044,1.0,0,0,0
tmqm_7543,Fe,5,27,21,0.7778,0,0.1429,11.2356,1.0,0,0,0
tmqm_7544,Fe,6,29,23,0.7931,0,0.1429,7.2308,1.0,0,0,0
tmqm_7545,Os,6,26,15,0.5769,0,0.0833,10.3071,1.0,0,0,0
tmqm_7546,Ru,6,29,22,0.7586,0,0.125,8.4562,1.0,0,0,0
tmqm_7547,Fe,6,29,14,0.4828,0,0.0625,7.0995,1.0,0,0,0
tmqm_7548,Fe,8,29,16,0.5517,0,0.0714,0.1493,1.0,0,0,0
tmqm_7549,Fe,8,29,12,0.4138,0,0.0556,-1.0534,1.0,0,0,0
tmqm_7550,Ru,7,29,21,0.7241,0,0.1111,0.8412,1.0,0,1,0
tmqm_7551,Os,8,29,18,0.6207,0,0.0833,11.0615,1.0,0,0,0
tmqm_7552,Ru,7,27,17,0.6296,0,0.0909,0.2967,1.0,0,0,0
tmqm_7553,Fe,8,27,14,0.5185,0,0.0714,-1.2734,1.0,0,0,0
tmqm_7554,Ru,10,29,19,0.6552,0,0.0909,10.7193,1.0,0,0,0
tmqm_7555,Fe,4,25,24,0.96,0,0.5,5.2753,1.0,1,0,0
tmqm_7556,Ru,5,27,18,0.6667,0,0.1,3.3834,1.0,0,0,0
tmqm_7557,Ru,9,27,19,0.7037,0,0.1111,10.5011,1.0,0,0,0
tmqm_7558,Ru,9,27,20,0.7407,0,0.125,11.231,1.0,0,0,0
tmqm_7559,Ru,6,29,24,0.8276,0,0.1667,8.4646,1.0,0,0,0
tmqm_7560,Ru,8,26,22,0.8462,0,0.2,11.1531,1.0,0,0,0
tmqm_7561,Fe,6,29,16,0.5517,0,0.0714,7.158,1.0,0,0,1
tmqm_7562,Fe,6,29,18,0.6207,0,0.0833,5.6815,1.0,0,0,0
tmqm_7563,Fe,8,26,15,0.5769,0,0.0833,-1.5789,1.0,0,0,0
tmqm_7564,Ru,8,29,25,0.8621,0,0.2,11.5644,1.0,1,0,0
tmqm_7565,Ru,7,29,20,0.6897,0,0.1,0.229,1.0,0,0,0
tmqm_7566,Ru,9,26,14,0.5385,0,0.0769,8.7365,1.0,0,0,0
tmqm_7567,Fe,7,26,16,0.6154,0,0.0909,8.7302,1.0,0,0,0
tmqm_7568,Ru,9,29,18,0.6207,0,0.0833,9.7196,1.0,0,0,0
tmqm_7569,Ru,6,29,21,0.7241,0,0.1111,3.0615,1.0,0,0,0
tmqm_7570,Fe,9,26,25,0.9615,0,0.5,7.6427,1.0,0,0,0
tmqm_7571,Fe,14,23,14,0.6087,0,0.1,3.3033,1.0,0,0,0
tmqm_7572,Ru,6,29,19,0.6552,0,0.0909,9.4067,1.0,0,0,0
tmqm_7573,Ru,9,26,23,0.8846,0,0.25,9.5544,1.0,0,0,0
tmqm_7574,Fe,8,29,8,0.2759,0,0.0455,-1.3128,1.0,0,0,0
tmqm_7575,Fe,8,26,7,0.2692,0,0.05,-1.7792,1.0,0,0,0
tmqm_7576,Os,10,26,13,0.5,0,0.0714,-1.7461,1.0,0,0,0
tmqm_7577,Ru,9,26,18,0.6923,0,0.1111,9.7728,1.0,0,0,0
tmqm_7578,Os,8,26,22,0.8462,0,0.2,11.1093,1.0,0,0,0
tmqm_7579,Fe,6,29,19,0.6552,0,0.0909,7.7435,1.0,0,0,0
tmqm_7580,Ru,6,29,19,0.6552,0,0.0909,9.2071,1.0,0,0,0
tmqm_7581,Fe,6,27,19,0.7037,0,0.1111,7.4239,1.0,0,0,0
tmqm_7582,Ru,6,29,24,0.8276,0,0.1667,9.4805,1.0,0,0,0
tmqm_7583,Fe,5,27,22,0.8148,0,0.1667,8.6267,1.0,0,0,0
tmqm_7584,Fe,8,29,8,0.2759,0,0.0455,-1.1689,1.0,0,0,0
tmqm_7585,Ru,6,29,15,0.5172,0,0.0667,9.7394,1.0,0,0,0
tmqm_7586,Ru,9,27,17,0.6296,0,0.0909,8.0205,1.0,0,0,0
tmqm_7587,Fe,8,29,10,0.3448,0,0.05,-1.4813,1.0,0,0,0
tmqm_7588,Ru,5,29,17,0.5862,0,0.0769,3.7045,1.0,0,0,0
tmqm_7589,Fe,7,26,26,1.0,1,1.0,9.8294,1.0,0,0,0
tmqm_7590,Ru,9,27,22,0.8148,0,0.1667,7.884,1.0,0,0,0
tmqm_7591,Ru,9,29,24,0.8276,0,0.1667,9.7588,1.0,0,0,0
tmqm_7592,Fe,6,26,21,0.8077,0,0.1667,5.7872,1.0,0,0,0
tmqm_7593,Fe,8,29,17,0.5862,0,0.0769,-1.0621,1.0,0,0,0
tmqm_7594,Ru,8,26,18,0.6923,0,0.1111,8.7487,1.0,0,0,0
tmqm_7595,Ru,4,16,4,0.25,0,0.0769,-0.7337,1.0,0,0,0
tmqm_7596,Ru,10,29,21,0.7241,0,0.1111,10.3842,1.0,0,0,0
tmqm_7597,Ru,6,27,21,0.7778,0,0.1429,8.6445,1.0,0,0,0
tmqm_7598,Os,5,27,19,0.7037,0,0.1111,3.101,1.0,0,0,0
tmqm_7599,Fe,2,22,15,0.6818,0,0.125,6.8059,1.0,0,0,0
tmqm_7600,Ru,7,26,13,0.5,0,0.0714,-1.9298,1.0,0,0,0
tmqm_7601,Fe,8,26,8,0.3077,0,0.0526,-2.6372,1.0,0,0,0
tmqm_7602,Ru,5,27,21,0.7778,0,0.1429,2.6341,1.0,0,0,0
tmqm_7603,Os,6,29,18,0.6207,0,0.0833,8.5399,1.0,0,0,1
tmqm_7604,Ru,9,29,20,0.6897,0,0.1,9.9823,1.0,0,0,0
tmqm_7605,Ru,5,27,25,0.9259,0,0.3333,4.4468,1.0,0,0,0
tmqm_7606,Fe,9,27,15,0.5556,0,0.0769,9.7632,1.0,0,0,0
tmqm_7607,Fe,7,26,25,0.9615,0,0.5,5.6561,1.0,0,0,0
tmqm_7608,Fe,5,27,18,0.6667,0,0.1,9.94,1.0,0,0,0
tmqm_7609,Ru,9,26,19,0.7308,0,0.125,10.2159,1.0,0,0,0
tmqm_7610,Ru,7,29,26,0.8966,0,0.25,3.6821,1.0,0,0,0
tmqm_7611,Ru,9,27,15,0.5556,0,0.0769,11.315,1.0,0,0,0
tmqm_7612,Ru,8,29,23,0.7931,0,0.1429,8.3153,1.0,0,0,0
tmqm_7613,Fe,8,27,9,0.3333,0,0.0526,-1.5217,1.0,0,0,0
tmqm_7614,Ru,9,29,18,0.6207,0,0.0833,8.8167,1.0,0,0,0
tmqm_7615,Ru,6,16,9,0.5625,0,0.125,-0.119,1.0,0,0,0
tmqm_7616,Fe,10,26,22,0.8462,0,0.2,0.2747,1.0,0,0,0
tmqm_7617,Ru,10,27,22,0.8148,0,0.1667,13.0297,1.0,0,0,0
tmqm_7618,Fe,6,27,23,0.8519,0,0.2,9.4124,1.0,1,0,0
tmqm_7619,Ru,8,26,11,0.4231,0,0.0625,10.9784,1.0,0,0,0
tmqm_7620,Ru,6,29,20,0.6897,0,0.1,8.7048,1.0,0,0,0
tmqm_7621,Ru,6,29,26,0.8966,0,0.25,9.8347,1.0,0,0,0
tmqm_7622,Ru,8,29,22,0.7586,0,0.125,11.5668,1.0,0,0,0
tmqm_7623,Ru,8,27,12,0.4444,0,0.0625,9.6057,1.0,0,0,0
tmqm_7624,Ru,9,26,19,0.7308,0,0.125,9.404,1.0,0,0,0
tmqm_7625,Fe,6,27,16,0.5926,0,0.0833,8.1012,1.0,0,0,1
tmqm_7626,Ru,7,29,18,0.6207,0,0.0833,0.7785,1.0,0,0,0
tmqm_7627,Fe,8,26,4,0.1538,0,0.0435,-2.4998,1.0,0,0,0
tmqm_7628,Ru,6,29,28,0.9655,0,0.5,8.072,1.0,0,0,0
tmqm_7629,Fe,9,26,13,0.5,0,0.0714,8.0146,1.0,0,0,0
tmqm_7630,Fe,9,29,17,0.5862,0,0.0769,8.669,1.0,0,0,0
tmqm_7631,Ru,8,27,23,0.8519,0,0.2,11.128,1.0,0,0,0
tmqm_7632,Ru,6,29,20,0.6897,0,0.1,9.9249,1.0,0,1,0
tmqm_7633,Fe,7,29,14,0.4828,0,0.0625,8.2023,1.0,0,0,0
tmqm_7634,Fe,7,27,25,0.9259,0,0.3333,9.6576,1.0,0,0,0
tmqm_7635,Ru,7,27,15,0.5556,0,0.0769,-0.912,1.0,0,1,0
tmqm_7636,Ru,8,29,17,0.5862,0,0.0769,11.0474,1.0,0,0,0
tmqm_7637,Fe,4,26,21,0.8077,0,0.1667,5.7323,1.0,0,1,0
tmqm_7638,Os,7,27,12,0.4444,0,0.0625,0.858,1.0,0,0,0
tmqm_7639,Ru,9,29,20,0.6897,0,0.1,10.0627,1.0,0,0,0
tmqm_7640,Ru,8,26,23,0.8846,0,0.25,10.6964,1.0,0,0,0
tmqm_7641,Ru,9,27,26,0.963,0,0.5,8.7585,1.0,0,0,0
tmqm_7642,Ru,9,27,20,0.7407,0,0.125,10.4062,1.0,0,0,0
tmqm_7643,Ru,7,29,6,0.2069,0,0.0417,-1.5635,1.0,0,0,0
tmqm_7644,Ru,9,27,16,0.5926,0,0.0833,7.7414,1.0,0,0,0
tmqm_7645,Ru,7,29,24,0.8276,0,0.1667,1.4169,1.0,0,0,0
tmqm_7646,Ru,7,29,17,0.5862,0,0.0769,2.3422,1.0,0,0,0
tmqm_7647,Fe,9,29,14,0.4828,0,0.0625,7.9552,1.0,0,0,0
tmqm_7648,Fe,6,29,25,0.8621,0,0.2,7.0141,1.0,0,0,0
tmqm_7649,Fe,7,27,26,0.963,0,0.5,8.4617,1.0,0,0,0
tmqm_7650,Fe,8,26,11,0.4231,0,0.0625,-1.2836,1.0,0,0,0
tmqm_7651,Os,6,29,23,0.7931,0,0.1429,9.36,1.0,0,0,0
tmqm_7652,Ru,7,29,27,0.931,0,0.3333,1.1355,1.0,0,0,0
tmqm_7653,Fe,4,26,24,0.9231,0,0.3333,5.019,1.0,0,0,0
tmqm_7654,Fe,6,26,17,0.6538,0,0.1,5.3919,1.0,0,0,0
tmqm_7655,Ru,8,26,18,0.6923,0,0.1111,10.3255,1.0,0,0,0
tmqm_7656,Ru,9,26,24,0.9231,0,0.3333,8.8603,1.0,0,0,0
tmqm_7657,Fe,5,26,13,0.5,0,0.0714,10.4373,1.0,0,0,0
tmqm_7658,Fe,5,26,14,0.5385,0,0.0769,10.8465,1.0,0,0,0
tmqm_7659,Fe,6,27,19,0.7037,0,0.1111,6.64,1.0,0,0,0
tmqm_7660,Fe,10,29,19,0.6552,0,0.0909,0.6789,1.0,0,0,0
tmqm_7661,Fe,12,28,12,0.4286,0,0.0588,0.8441,1.0,0,0,0
tmqm_7662,Os,7,29,22,0.7586,0,0.125,1.5784,1.0,0,0,0
tmqm_7663,Ru,10,27,20,0.7407,0,0.125,11.7313,1.0,0,0,0
tmqm_7664,Fe,9,16,4,0.25,0,0.0769,-0.2488,1.0,0,0,0
tmqm_7665,Ru,9,26,17,0.6538,0,0.1,11.4776,1.0,0,1,0
tmqm_7666,Ru,6,29,27,0.931,0,0.3333,8.9836,1.0,0,0,0
tmqm_7667,Ru,9,27,16,0.5926,0,0.0833,11.265,1.0,0,0,0
tmqm_7668,Fe,6,29,22,0.7586,0,0.125,6.955,1.0,0,0,0
tmqm_7669,Fe,7,27,21,0.7778,0,0.1429,10.7813,1.0,0,0,0
tmqm_7670,Ru,6,29,28,0.9655,0,0.5,9.1014,1.0,0,0,0
tmqm_7671,Ru,10,29,18,0.6207,0,0.0833,9.8497,1.0,0,0,0
tmqm_7672,Os,5,24,14,0.5833,0,0.0909,5.7676,1.0,0,0,0
tmqm_7673,Fe,11,27,17,0.6296,0,0.0909,3.5897,1.0,0,0,0
tmqm_7674,Fe,4,26,18,0.6923,0,0.1111,8.0619,1.0,0,0,0
tmqm_7675,Fe,6,29,21,0.7241,0,0.1111,6.1612,1.0,0,0,0
tmqm_7676,Ru,5,29,17,0.5862,0,0.0769,3.5338,1.0,0,0,0
tmqm_7677,Fe,6,26,26,1.0,1,1.0,9.741,1.0,0,0,0
tmqm_7678,Ru,8,27,17,0.6296,0,0.0909,10.1381,1.0,0,0,0
tmqm_7679,Ru,9,29,28,0.9655,0,0.5,9.8108,1.0,0,0,0
tmqm_7680,Ru,8,26,14,0.5385,0,0.0769,9.444,1.0,0,0,0
tmqm_7681,Ru,6,29,19,0.6552,0,0.0909,9.9376,1.0,0,0,0
tmqm_7682,Fe,5,27,24,0.8889,0,0.25,11.5663,1.0,0,0,0
tmqm_7683,Ru,6,29,23,0.7931,0,0.1429,8.4393,1.0,0,0,0
tmqm_7684,Ru,9,29,24,0.8276,0,0.1667,9.8592,1.0,0,0,0
tmqm_7685,Fe,6,29,22,0.7586,0,0.125,3.7504,1.0,0,0,0
tmqm_7686,Fe,3,26,9,0.3462,0,0.0556,-0.0619,1.0,0,0,0
tmqm_7687,Ru,9,27,18,0.6667,0,0.1,8.5294,1.0,0,0,0
tmqm_7688,Ru,7,29,23,0.7931,0,0.1429,-0.2573,1.0,0,0,0
tmqm_7689,Fe,5,27,21,0.7778,0,0.1429,10.212,1.0,0,0,0
tmqm_7690,Fe,6,29,14,0.4828,0,0.0625,6.5158,1.0,0,0,0
tmqm_7691,Ru,6,29,19,0.6552,0,0.0909,8.8216,1.0,0,0,0
tmqm_7692,Ru,4,27,17,0.6296,0,0.0909,3.6124,1.0,1,0,0
tmqm_7693,Ru,8,29,18,0.6207,0,0.0833,10.8125,1.0,0,0,0
tmqm_7694,Fe,3,24,13,0.5417,0,0.0833,0.091,1.0,0,0,0
tmqm_7695,Ru,6,16,10,0.625,0,0.1429,-0.0066,1.0,0,0,0
tmqm_7696,Fe,8,29,15,0.5172,0,0.0667,-1.1075,1.0,0,0,0
tmqm_7697,Fe,7,29,19,0.6552,0,0.0909,6.4388,1.0,0,0,1
tmqm_7698,Ru,9,26,17,0.6538,0,0.1,10.6279,1.0,0,0,0
tmqm_7699,Ru,9,29,21,0.7241,0,0.1111,7.3568,1.0,0,1,0
tmqm_7700,Os,4,23,15,0.6522,0,0.1111,5.3017,1.0,0,0,0
tmqm_7701,Ru,8,26,23,0.8846,0,0.25,11.4363,1.0,0,0,0
tmqm_7702,Fe,5,29,19,0.6552,0,0.0909,10.152,1.0,1,0,0
tmqm_7703,Os,8,26,18,0.6923,0,0.1111,10.3016,1.0,0,0,1
tmqm_7704,Fe,5,27,21,0.7778,0,0.1429,10.9666,1.0,0,0,0
tmqm_7705,Fe,9,27,20,0.7407,0,0.125,6.7129,1.0,0,0,0
tmqm_7706,Ru,6,29,16,0.5517,0,0.0714,9.7275,1.0,0,0,0
tmqm_7707,Fe,8,16,0,0.0,0,0.0588,-1.0466,1.0,1,1,0
tmqm_7708,Ru,9,26,12,0.4615,0,0.0667,10.8404,1.0,0,0,0
tmqm_7709,Ru,3,26,14,0.5385,0,0.0769,0.29,1.0,0,0,0
tmqm_7710,Ru,9,26,20,0.7692,0,0.1429,9.9533,1.0,0,0,0
tmqm_7711,Ru,6,29,18,0.6207,0,0.0833,9.0906,1.0,0,0,0
tmqm_7712,Os,7,29,17,0.5862,0,0.0769,1.2558,1.0,0,0,0
tmqm_7713,Ru,6,29,21,0.7241,0,0.1111,10.0985,1.0,0,0,0
tmqm_7714,Os,6,27,24,0.8889,0,0.25,10.986,1.0,0,0,0
tmqm_7715,Ru,8,26,21,0.8077,0,0.1667,13.5539,1.0,0,0,0
tmqm_7716,Ru,8,26,12,0.4615,0,0.0667,8.6581,1.0,0,0,0
tmqm_7717,Fe,10,29,14,0.4828,0,0.0625,1.1068,1.0,0,0,0
tmqm_7718,Fe,6,26,25,0.9615,0,0.5,7.9528,1.0,0,0,0
tmqm_7719,Ru,9,29,18,0.6207,0,0.0833,9.4932,1.0,0,0,0
tmqm_7720,Ru,9,27,19,0.7037,0,0.1111,10.5519,1.0,0,0,0
tmqm_7721,Ru,6,29,16,0.5517,0,0.0714,9.3372,1.0,0,0,0
tmqm_7722,Ru,5,29,21,0.7241,0,0.1111,3.5474,1.0,0,0,0
tmqm_7723,Fe,6,29,15,0.5172,0,0.0667,6.9357,1.0,0,0,0
tmqm_7724,Fe,8,29,12,0.4138,0,0.0556,-1.1073,1.0,0,0,0
tmqm_7725,Fe,7,29,21,0.7241,0,0.1111,8.2871,1.0,0,0,0
tmqm_7726,Ru,5,27,23,0.8519,0,0.2,2.4373,1.0,0,0,1
tmqm_7727,Ru,10,29,27,0.931,0,0.3333,11.7095,1.0,0,0,0
tmqm_7728,Ru,6,29,26,0.8966,0,0.25,11.1316,1.0,0,0,0
tmqm_7729,Ru,9,26,15,0.5769,0,0.0833,9.5462,1.0,0,0,0
tmqm_7730,Ru,7,29,10,0.3448,0,0.05,-0.4216,1.0,0,0,0
tmqm_7731,Fe,6,29,18,0.6207,0,0.0833,7.3418,1.0,0,0,0
tmqm_7732,Ru,10,29,22,0.7586,0,0.125,12.835,1.0,0,0,0
tmqm_7733,Ru,7,27,14,0.5185,0,0.0714,-1.4171,1.0,0,0,0
tmqm_7734,Ru,6,29,17,0.5862,0,0.0769,5.1684,1.0,0,0,0
tmqm_7735,Ru,6,29,17,0.5862,0,0.0769,9.739,1.0,0,0,0
tmqm_7736,Fe,10,27,23,0.8519,0,0.2,1.7025,1.0,0,0,0
tmqm_7737,Ru,5,16,14,0.875,0,0.3333,0.374,1.0,0,0,0
tmqm_7738,Ru,9,26,17,0.6538,0,0.1,10.0947,1.0,0,0,0
tmqm_7739,Ru,5,27,12,0.4444,0,0.0625,2.0904,1.0,0,0,0
tmqm_7740,Fe,8,26,4,0.1538,0,0.0435,-2.4005,1.0,0,0,0
tmqm_7741,Ru,6,29,17,0.5862,0,0.0769,9.7664,1.0,1,0,1
tmqm_7742,Ru,5,27,21,0.7778,0,0.1429,4.7142,1.0,0,0,0
tmqm_7743,Ru,8,26,16,0.6154,0,0.0909,9.6585,1.0,0,0,0
tmqm_7744,Fe,8,29,10,0.3448,0,0.05,-0.9188,1.0,0,0,1
tmqm_7745,Fe,7,27,17,0.6296,0,0.0909,10.0439,1.0,0,0,1
tmqm_7746,Ru,9,27,16,0.5926,0,0.0833,9.6592,1.0,0,0,0
tmqm_7747,Fe,12,25,13,0.52,0,0.0769,0.2408,1.0,0,0,0
tmqm_7748,Os,5,24,11,0.4583,0,0.0714,4.8897,1.0,0,0,0
tmqm_7749,Ru,6,29,17,0.5862,0,0.0769,9.7497,1.0,0,0,0
tmqm_7750,Fe,10,29,21,0.7241,0,0.1111,0.1715,1.0,0,0,0
tmqm_7751,Fe,4,27,25,0.9259,0,0.3333,7.0747,1.0,0,0,0
tmqm_7752,Fe,8,26,13,0.5,0,0.0714,-1.7371,1.0,0,0,0
tmqm_7753,Os,8,26,22,0.8462,0,0.2,9.9461,1.0,0,0,0
tmqm_7754,Ru,8,29,21,0.7241,0,0.1111,10.7798,1.0,0,0,1
tmqm_7755,Fe,8,27,9,0.3333,0,0.0526,-1.7493,1.0,0,0,0
tmqm_7756,Fe,8,25,13,0.52,0,0.0769,-1.8356,1.0,0,0,0
tmqm_7757,Ru,7,29,17,0.5862,0,0.0769,-0.0166,1.0,0,0,0
tmqm_7758,Ru,9,26,23,0.8846,0,0.25,11.2735,1.0,0,0,0
tmqm_7759,Ru,6,29,21,0.7241,0,0.1111,10.0043,1.0,0,0,1
tmqm_7760,Fe,11,26,23,0.8846,0,0.25,2.7218,1.0,0,0,0
tmqm_7761,Ru,9,29,26,0.8966,0,0.25,10.7918,1.0,0,0,0
tmqm_7762,Ru,6,26,16,0.6154,0,0.0909,8.5408,1.0,0,0,0
tmqm_7763,Ru,9,27,16,0.5926,0,0.0833,9.9427,1.0,0,0,0
tmqm_7764,Fe,8,29,11,0.3793,0,0.0526,-1.4855,1.0,0,0,0
tmqm_7765,Os,4,25,17,0.68,0,0.1111,3.7585,1.0,0,0,0
tmqm_7766,Ru,5,27,22,0.8148,0,0.1667,1.6395,1.0,1,0,0
tmqm_7767,Fe,11,21,18,0.8571,0,0.25,3.5439,1.0,0,0,0
tmqm_7768,Fe,6,26,19,0.7308,0,0.125,6.8296,1.0,0,0,0
tmqm_7769,Ru,6,29,17,0.5862,0,0.0769,9.354,1.0,0,0,0
tmqm_7770,Fe,8,26,8,0.3077,0,0.0526,-2.0777,1.0,0,0,0
tmqm_7771,Fe,10,27,23,0.8519,0,0.2,1.2535,1.0,0,0,0
tmqm_7772,Ru,9,26,22,0.8462,0,0.2,9.8086,1.0,0,0,0
tmqm_7773,Ru,6,16,7,0.4375,0,0.1,-0.0097,1.0,0,0,0
tmqm_7774,Fe,10,27,13,0.4815,0,0.0667,0.792,1.0,0,0,0
tmqm_7775,Fe,4,26,20,0.7692,0,0.1429,5.5225,1.0,1,0,0
tmqm_7776,Fe,8,29,8,0.2759,0,0.0455,-1.5083,1.0,0,0,0
tmqm_7777,Fe,5,29,22,0.7586,0,0.125,11.3367,1.0,0,0,0
tmqm_7778,Fe,6,29,14,0.4828,0,0.0625,5.2311,1.0,0,0,0
tmqm_7779,Ru,8,26,16,0.6154,0,0.0909,10.8037,1.0,0,0,0
tmqm_7780,Ru,6,29,20,0.6897,0,0.1,8.9348,1.0,0,0,0
tmqm_7781,Ru,9,29,17,0.5862,0,0.0769,9.1298,1.0,0,0,0
tmqm_7782,Ru,6,29,22,0.7586,0,0.125,8.6316,1.0,1,0,0
tmqm_7783,Ru,5,27,16,0.5926,0,0.0833,3.4706,1.0,0,0,0
tmqm_7784,Ru,9,26,22,0.8462,0,0.2,10.7394,1.0,0,0,0
tmqm_7785,Fe,4,26,25,0.9615,0,0.5,6.575,1.0,0,0,0
tmqm_7786,Fe,6,26,17,0.6538,0,0.1,8.4651,1.0,0,0,0
tmqm_7787,Fe,7,29,26,0.8966,0,0.25,9.1414,1.0,0,0,0
tmqm_7788,Fe,8,29,14,0.4828,0,0.0625,-0.9295,1.0,0,0,0
tmqm_7789,Ru,6,29,20,0.6897,0,0.1,6.5718,1.0,0,1,0
tmqm_7790,Os,4,24,11,0.4583,0,0.0714,5.0581,1.0,0,0,0
tmqm_7791,Fe,6,24,20,0.8333,0,0.2,8.6122,1.0,0,0,0
tmqm_7792,Fe,5,26,14,0.5385,0,0.0769,10.5911,1.0,0,0,0
tmqm_7793,Ru,7,26,23,0.8846,0,0.25,0.7843,1.0,0,0,0
tmqm_7794,Ru,8,29,25,0.8621,0,0.2,11.0114,1.0,0,0,0
tmqm_7795,Ru,9,26,21,0.8077,0,0.1667,10.9776,1.0,0,0,0
tmqm_7796,Ru,9,29,28,0.9655,0,0.5,10.1863,1.0,0,0,0
tmqm_7797,Fe,5,26,17,0.6538,0,0.1,10.1962,1.0,0,0,1
tmqm_7798,Ru,5,26,18,0.6923,0,0.1111,2.3463,1.0,0,0,0
tmqm_7799,Ru,9,29,22,0.7586,0,0.125,10.1397,1.0,0,0,0
tmqm_7800,Os,5,26,13,0.5,0,0.0714,3.4859,1.0,0,0,0
tmqm_7801,Ru,6,29,26,0.8966,0,0.25,6.5878,1.0,0,0,0
tmqm_7802,Ru,6,29,17,0.5862,0,0.0769,8.6095,1.0,0,0,0
tmqm_7803,Fe,8,27,8,0.2963,0,0.05,-1.8716,1.0,0,0,0
tmqm_7804,Ru,6,29,21,0.7241,0,0.1111,10.367,1.0,0,1,0
tmqm_7805,Fe,6,29,16,0.5517,0,0.0714,7.3931,1.0,0,0,0
tmqm_7806,Ru,9,16,6,0.375,0,0.0909,-0.1389,1.0,0,0,0
tmqm_7807,Ru,6,29,24,0.8276,0,0.1667,8.5964,1.0,0,0,0
tmqm_7808,Ru,9,29,25,0.8621,0,0.2,10.6076,1.0,0,0,0
tmqm_7809,Fe,5,26,23,0.8846,0,0.25,10.1811,1.0,0,0,0
tmqm_7810,Fe,8,26,9,0.3462,0,0.0556,-1.5113,1.0,0,0,0
tmqm_7811,Os,7,29,17,0.5862,0,0.0769,0.1423,1.0,0,0,0
tmqm_7812,Fe,8,26,15,0.5769,0,0.0833,0.3427,1.0,0,0,0
tmqm_7813,Ru,4,26,21,0.8077,0,0.1667,5.2535,1.0,0,0,0
tmqm_7814,Fe,4,26,14,0.5385,0,0.0769,6.0428,1.0,0,0,0
tmqm_7815,Ru,11,26,14,0.5385,0,0.0769,2.0038,1.0,0,0,0
tmqm_7816,Fe,9,29,24,0.8276,0,0.1667,9.5247,1.0,0,0,0
tmqm_7817,Fe,4,25,17,0.68,0,0.1111,7.4311,1.0,0,0,0
tmqm_7818,Fe,4,26,19,0.7308,0,0.125,7.185,1.0,0,0,0
tmqm_7819,Fe,3,16,6,0.375,0,0.0909,-0.2447,1.0,0,0,0
tmqm_7820,Ru,6,29,20,0.6897,0,0.1,9.5812,1.0,0,0,0
tmqm_7821,Fe,8,26,12,0.4615,0,0.0667,-1.4702,1.0,0,0,0
tmqm_7822,Ru,5,26,22,0.8462,0,0.2,3.0821,1.0,0,0,0
tmqm_7823,Fe,6,26,16,0.6154,0,0.0909,7.68,1.0,0,0,0
tmqm_7824,Ru,9,27,14,0.5185,0,0.0714,9.8228,1.0,0,0,0
tmqm_7825,Ru,6,29,14,0.4828,0,0.0625,8.0836,1.0,0,0,1
tmqm_7826,Os,7,29,18,0.6207,0,0.0833,1.1058,1.0,0,0,0
tmqm_7827,Ru,9,26,16,0.6154,0,0.0909,10.2984,1.0,0,0,0
tmqm_7828,Fe,6,26,17,0.6538,0,0.1,7.2712,1.0,0,0,0
tmqm_7829,Fe,8,26,7,0.2692,0,0.05,-2.155,1.0,0,0,0
tmqm_7830,Ru,9,27,18,0.6667,0,0.1,9.9479,1.0,0,0,0
tmqm_7831,Fe,7,27,15,0.5556,0,0.0769,9.0372,1.0,0,0,0
tmqm_7832,Os,7,26,20,0.7692,0,0.1429,0.9848,1.0,0,0,0
tmqm_7833,Fe,4,28,15,0.5357,0,0.0714,4.4405,1.0,0,0,0
tmqm_7834,Fe,9,27,16,0.5926,0,0.0833,8.9764,1.0,0,0,0
tmqm_7835,Fe,6,29,23,0.7931,0,0.1429,8.2816,1.0,0,0,0
tmqm_7836,Fe,6,26,18,0.6923,0,0.1111,6.7537,1.0,0,0,0
tmqm_7837,Ru,10,29,28,0.9655,0,0.5,12.6704,1.0,0,0,0
tmqm_7838,Ru,8,26,17,0.6538,0,0.1,9.1536,1.0,0,0,0
tmqm_7839,Fe,8,26,13,0.5,0,0.0714,-1.2086,1.0,0,0,0
tmqm_7840,Ru,9,26,17,0.6538,0,0.1,10.2043,1.0,0,0,0
tmqm_7841,Ru,4,27,12,0.4444,0,0.0625,1.601,1.0,0,0,0
tmqm_7842,Fe,8,29,11,0.3793,0,0.0526,-1.0921,1.0,0,0,0
tmqm_7843,Fe,8,29,16,0.5517,0,0.0714,-0.2073,1.0,0,0,0
tmqm_7844,Ru,9,27,21,0.7778,0,0.1429,6.6192,1.0,0,1,0
tmqm_7845,Fe,10,29,17,0.5862,0,0.0769,2.7744,1.0,0,0,0
tmqm_7846,Ru,8,26,23,0.8846,0,0.25,13.2807,1.0,0,0,0
tmqm_7847,Ru,8,29,21,0.7241,0,0.1111,8.7137,1.0,0,0,0
tmqm_7848,Ru,10,26,17,0.6538,0,0.1,8.8855,1.0,0,0,0
tmqm_7849,Fe,8,26,10,0.3846,0,0.0588,-1.7245,1.0,0,0,0
tmqm_7850,Fe,4,26,19,0.7308,0,0.125,6.2847,1.0,0,0,0
tmqm_7851,Ru,5,29,14,0.4828,0,0.0625,2.4955,1.0,0,0,0
tmqm_7852,Fe,4,25,16,0.64,0,0.1,5.3827,1.0,0,0,0
tmqm_7853,Fe,6,29,14,0.4828,0,0.0625,6.4398,1.0,0,0,0
tmqm_7854,Fe,12,25,0,0.0,0,0.0385,-0.9027,1.0,0,0,0
tmqm_7855,Ru,9,26,21,0.8077,0,0.1667,10.4062,1.0,0,0,0
tmqm_7856,Ru,8,26,16,0.6154,0,0.0909,10.6927,1.0,0,0,0
tmqm_7857,Fe,6,29,15,0.5172,0,0.0667,7.2771,1.0,0,0,0
tmqm_7858,Os,7,27,15,0.5556,0,0.0769,1.145,1.0,0,0,0
tmqm_7859,Ru,7,29,13,0.4483,0,0.0588,1.7482,1.0,0,0,0
tmqm_7860,Fe,7,29,20,0.6897,0,0.1,7.0144,1.0,0,0,0
tmqm_7861,Os,6,29,22,0.7586,0,0.125,8.2546,1.0,1,0,0
tmqm_7862,Fe,7,27,20,0.7407,0,0.125,10.0073,1.0,0,0,0
tmqm_7863,Ru,6,26,15,0.5769,0,0.0833,9.2482,1.0,0,0,0
tmqm_7864,Ru,9,26,25,0.9615,0,0.5,11.0997,1.0,0,0,0
tmqm_7865,Fe,4,27,14,0.5185,0,0.0714,5.794,1.0,0,0,0
tmqm_7866,Ru,6,29,26,0.8966,0,0.25,7.924,1.0,0,0,0
tmqm_7867,Fe,5,24,23,0.9583,0,0.5,10.2083,1.0,0,0,0
tmqm_7868,Fe,8,29,4,0.1379,0,0.0385,-1.5353,1.0,0,0,0
tmqm_7869,Os,10,27,13,0.4815,0,0.0667,-1.1078,1.0,0,0,0
tmqm_7870,Ru,8,26,18,0.6923,0,0.1111,10.9686,1.0,0,0,0
tmqm_7871,Ru,6,16,6,0.375,0,0.0909,-0.3892,1.0,0,0,0
tmqm_7872,Ru,9,26,23,0.8846,0,0.25,10.3569,1.0,0,0,0
tmqm_7873,Ru,5,27,19,0.7037,0,0.1111,2.8838,1.0,0,0,0
tmqm_7874,Ru,5,27,17,0.6296,0,0.0909,3.4294,1.0,0,0,0
tmqm_7875,Ru,5,27,17,0.6296,0,0.0909,1.8629,1.0,0,0,0
tmqm_7876,Fe,8,27,4,0.1481,0,0.0417,-2.1442,1.0,0,0,0
tmqm_7877,Ru,9,26,16,0.6154,0,0.0909,9.8112,1.0,0,0,0
tmqm_7878,Os,5,28,15,0.5357,0,0.0714,5.0116,1.0,0,0,0
tmqm_7879,Ru,9,27,22,0.8148,0,0.1667,7.7496,1.0,0,0,0
tmqm_7880,Ru,9,26,26,1.0,1,1.0,9.95,1.0,0,0,0
tmqm_7881,Ru,9,27,15,0.5556,0,0.0769,10.0642,1.0,0,1,0
tmqm_7882,Ru,8,29,29,1.0,1,1.0,13.0154,1.0,0,0,0
tmqm_7883,Fe,9,26,18,0.6923,0,0.1111,8.5792,1.0,0,0,0
tmqm_7884,Os,6,29,21,0.7241,0,0.1111,9.3545,1.0,0,0,0
tmqm_7885,Ru,4,26,23,0.8846,0,0.25,2.778,1.0,0,0,0
tmqm_7886,Ru,9,26,14,0.5385,0,0.0769,9.9776,1.0,0,0,0
tmqm_7887,Ru,10,26,22,0.8462,0,0.2,12.428,1.0,0,0,0
tmqm_7888,Fe,8,26,7,0.2692,0,0.05,-2.1798,1.0,0,0,0
tmqm_7889,Fe,7,27,17,0.6296,0,0.0909,10.7393,1.0,0,0,0
tmqm_7890,Ru,7,29,24,0.8276,0,0.1667,0.3658,1.0,1,0,0
tmqm_7891,Ru,9,26,17,0.6538,0,0.1,11.5121,1.0,0,0,0
tmqm_7892,Ru,7,29,17,0.5862,0,0.0769,1.3342,1.0,0,0,0
tmqm_7893,Ru,9,29,26,0.8966,0,0.25,10.3545,1.0,0,0,0
tmqm_7894,Fe,8,29,14,0.4828,0,0.0625,-1.1651,1.0,0,0,0
tmqm_7895,Fe,9,26,23,0.8846,0,0.25,10.0134,1.0,0,0,0
tmqm_7896,Ru,10,26,21,0.8077,0,0.1667,12.3383,1.0,0,0,0
tmqm_7897,Fe,8,26,7,0.2692,0,0.05,-1.7043,1.0,0,0,0
tmqm_7898,Fe,6,26,18,0.6923,0,0.1111,6.5086,1.0,0,0,0
tmqm_7899,Ru,9,26,20,0.7692,0,0.1429,10.0048,1.0,0,0,0
tmqm_7900,Ru,6,29,26,0.8966,0,0.25,9.3654,1.0,0,0,0
tmqm_7901,Ru,6,24,19,0.7917,0,0.1667,9.8278,1.0,0,0,0
tmqm_7902,Fe,6,29,24,0.8276,0,0.1667,6.8475,1.0,0,0,0
tmqm_7903,Ru,9,26,24,0.9231,0,0.3333,10.1288,1.0,0,0,0
tmqm_7904,Os,9,26,13,0.5,0,0.0714,9.1994,1.0,0,0,0
tmqm_7905,Fe,10,29,22,0.7586,0,0.125,2.4873,1.0,0,0,0
tmqm_7906,Fe,3,26,20,0.7692,0,0.1429,0.1321,1.0,0,0,0
tmqm_7907,Fe,10,29,24,0.8276,0,0.1667,2.0763,1.0,0,0,0
tmqm_7908,Ru,8,27,19,0.7037,0,0.1111,10.5919,1.0,0,0,0
tmqm_7909,Ru,5,27,18,0.6667,0,0.1,0.6076,1.0,0,0,0
tmqm_7910,Fe,10,26,17,0.6538,0,0.1,1.4473,1.0,0,0,0
tmqm_7911,Fe,4,26,16,0.6154,0,0.0909,6.6321,1.0,0,0,0
tmqm_7912,Fe,5,27,21,0.7778,0,0.1429,11.5742,1.0,0,0,0
tmqm_7913,Os,9,27,23,0.8519,0,0.2,9.1651,1.0,0,0,0
tmqm_7914,Ru,8,29,19,0.6552,0,0.0909,9.3574,1.0,0,0,0
tmqm_7915,Fe,10,26,20,0.7692,0,0.1429,1.5674,1.0,0,0,0
tmqm_7916,Fe,8,26,5,0.1923,0,0.0455,-2.2785,1.0,0,0,0
tmqm_7917,Fe,9,27,15,0.5556,0,0.0769,7.6189,1.0,0,0,0
tmqm_7918,Fe,10,29,15,0.5172,0,0.0667,2.9081,1.0,0,0,0
tmqm_7919,Os,5,27,18,0.6667,0,0.1,4.1598,1.0,0,0,0
tmqm_7920,Fe,6,26,23,0.8846,0,0.25,6.8554,1.0,0,0,0
tmqm_7921,Ru,6,29,18,0.6207,0,0.0833,10.1382,1.0,0,0,0
tmqm_7922,Os,5,15,10,0.6667,0,0.1667,0.1951,1.0,0,1,0
tmqm_7923,Ru,5,27,21,0.7778,0,0.1429,3.498,1.0,0,0,0
tmqm_7924,Ru,9,27,18,0.6667,0,0.1,8.8079,1.0,0,0,0
tmqm_7925,Ru,6,26,24,0.9231,0,0.3333,9.6581,1.0,0,0,0
tmqm_7926,Ru,9,27,17,0.6296,0,0.0909,9.9968,1.0,1,0,0
tmqm_7927,Os,9,26,21,0.8077,0,0.1667,8.5117,1.0,0,0,0
tmqm_7928,Ru,8,27,14,0.5185,0,0.0714,11.5175,1.0,0,0,0
tmqm_7929,Ru,5,27,19,0.7037,0,0.1111,2.4856,1.0,0,0,0
tmqm_7930,Fe,5,27,22,0.8148,0,0.1667,10.5842,1.0,0,1,0
tmqm_7931,Ru,8,29,22,0.7586,0,0.125,10.4446,1.0,0,0,0
tmqm_7932,Os,7,29,19,0.6552,0,0.0909,0.8904,1.0,0,0,0
tmqm_7933,Ru,6,29,19,0.6552,0,0.0909,8.9555,1.0,1,1,0
tmqm_7934,Ru,6,29,24,0.8276,0,0.1667,8.3394,1.0,0,0,1
tmqm_7935,Fe,6,29,20,0.6897,0,0.1,6.7099,1.0,0,0,0
tmqm_7936,Ru,6,29,16,0.5517,0,0.0714,7.3114,1.0,0,0,0
tmqm_7937,Ru,7,29,22,0.7586,0,0.125,0.0828,1.0,0,0,0
tmqm_7938,Fe,7,27,18,0.6667,0,0.1,10.1533,1.0,0,0,0
tmqm_7939,Fe,4,26,15,0.5769,0,0.0833,5.9481,1.0,0,0,0
tmqm_7940,Os,10,26,14,0.5385,0,0.0769,-1.3894,1.0,0,0,0
tmqm_7941,Ru,7,29,19,0.6552,0,0.0909,-0.7404,1.0,0,0,0
tmqm_7942,Ru,9,26,18,0.6923,0,0.1111,11.344,1.0,0,0,0
tmqm_7943,Ru,5,27,18,0.6667,0,0.1,2.2627,1.0,0,0,0
tmqm_7944,Fe,6,26,14,0.5385,0,0.0769,7.9098,1.0,0,0,0
tmqm_7945,Ru,9,29,21,0.7241,0,0.1111,11.2757,1.0,0,0,0
tmqm_7946,Ru,5,26,22,0.8462,0,0.2,4.0414,1.0,0,0,0
tmqm_7947,Ru,9,26,26,1.0,1,1.0,9.1512,1.0,0,0,0
tmqm_7948,Os,7,27,17,0.6296,0,0.0909,0.345,1.0,0,0,0
tmqm_7949,Fe,6,29,15,0.5172,0,0.0667,7.1803,1.0,0,0,0
tmqm_7950,Fe,7,29,15,0.5172,0,0.0667,7.292,1.0,0,0,0
tmqm_7951,Fe,8,29,8,0.2759,0,0.0455,-1.5726,1.0,0,0,0
tmqm_7952,Fe,5,27,24,0.8889,0,0.25,10.0191,1.0,0,0,0
tmqm_7953,Ru,9,26,16,0.6154,0,0.0909,11.231,1.0,0,0,0
tmqm_7954,Fe,8,26,8,0.3077,0,0.0526,-1.7423,1.0,0,0,0
tmqm_7955,Ru,6,29,24,0.8276,0,0.1667,7.6192,1.0,0,0,0
tmqm_7956,Fe,6,26,20,0.7692,0,0.1429,7.3962,1.0,0,0,0
tmqm_7957,Ru,9,29,26,0.8966,0,0.25,11.0837,1.0,0,0,0
tmqm_7958,Ru,5,27,13,0.4815,0,0.0667,1.7396,1.0,0,0,0
tmqm_7959,Fe,11,27,22,0.8148,0,0.1667,2.6251,1.0,0,0,0
tmqm_7960,Ru,9,29,13,0.4483,0,0.0588,8.5498,1.0,0,0,0
tmqm_7961,Os,6,16,10,0.625,0,0.1429,0.1466,1.0,0,0,0
tmqm_7962,Ru,9,26,23,0.8846,0,0.25,13.665,1.0,0,0,0
tmqm_7963,Ru,10,29,21,0.7241,0,0.1111,11.1105,1.0,0,0,0
tmqm_7964,Ru,8,29,17,0.5862,0,0.0769,9.2798,1.0,0,0,0
tmqm_7965,Ru,8,27,16,0.5926,0,0.0833,10.0991,1.0,0,0,0
tmqm_7966,Os,6,29,24,0.8276,0,0.1667,9.3317,1.0,0,0,0
tmqm_7967,Ru,7,29,16,0.5517,0,0.0714,-0.2373,1.0,0,0,0
tmqm_7968,Os,6,29,27,0.931,0,0.3333,8.8999,1.0,0,0,0
tmqm_7969,Ru,6,29,22,0.7586,0,0.125,7.1895,1.0,0,0,1
tmqm_7970,Fe,4,26,21,0.8077,0,0.1667,3.5323,1.0,0,1,0
tmqm_7971,Ru,9,26,24,0.9231,0,0.3333,10.801,1.0,0,0,0
tmqm_7972,Fe,5,24,16,0.6667,0,0.1111,12.0884,1.0,0,0,0
tmqm_7973,Ru,10,29,17,0.5862,0,0.0769,9.5198,1.0,0,0,0
tmqm_7974,Ru,10,27,16,0.5926,0,0.0833,12.5867,1.0,0,0,0
tmqm_7975,Ru,6,29,23,0.7931,0,0.1429,8.0349,1.0,0,0,0
tmqm_7976,Fe,5,29,19,0.6552,0,0.0909,10.4329,1.0,0,0,0
tmqm_7977,Fe,12,25,23,0.92,0,0.3333,0.2387,1.0,0,0,0
tmqm_7978,Ru,10,29,27,0.931,0,0.3333,11.9091,1.0,0,0,0
tmqm_7979,Ru,8,26,15,0.5769,0,0.0833,10.2468,1.0,0,0,0
tmqm_7980,Ru,9,27,15,0.5556,0,0.0769,10.3946,1.0,0,0,0
tmqm_7981,Ru,8,26,19,0.7308,0,0.125,10.2112,1.0,0,0,0
tmqm_7982,Fe,10,29,15,0.5172,0,0.0667,-0.7783,1.0,0,0,0
tmqm_7983,Ru,6,29,18,0.6207,0,0.0833,10.4477,1.0,0,1,0
tmqm_7984,Ru,5,29,24,0.8276,0,0.1667,0.1959,1.0,0,0,0
tmqm_7985,Ru,9,26,17,0.6538,0,0.1,9.7153,1.0,0,0,0
tmqm_7986,Fe,8,16,9,0.5625,0,0.125,0.104,1.0,1,0,0
tmqm_7987,Fe,6,29,17,0.5862,0,0.0769,3.7768,1.0,0,0,0
tmqm_7988,Fe,7,29,20,0.6897,0,0.1,8.0301,1.0,0,0,0
tmqm_7989,Ru,10,27,17,0.6296,0,0.0909,12.205,1.0,0,0,0
tmqm_7990,Ru,6,29,13,0.4483,0,0.0588,7.587,1.0,0,0,0
tmqm_7991,Os,5,27,16,0.5926,0,0.0833,5.1563,1.0,0,0,0
tmqm_7992,Ru,5,26,9,0.3462,0,0.0556,3.1778,1.0,0,0,0
tmqm_7993,Ru,7,29,19,0.6552,0,0.0909,-0.3458,1.0,0,0,0
tmqm_7994,Ru,6,29,16,0.5517,0,0.0714,9.0161,1.0,0,0,0
tmqm_7995,Fe,5,27,24,0.8889,0,0.25,12.5103,1.0,0,0,0
tmqm_7996,Ru,8,26,13,0.5,0,0.0714,8.2027,1.0,0,0,0
tmqm_7997,Os,4,23,17,0.7391,0,0.1429,7.664,1.0,0,0,0
tmqm_7998,Fe,6,29,21,0.7241,0,0.1111,7.3839,1.0,0,0,0
tmqm_7999,Ru,10,29,22,0.7586,0,0.125,11.4056,1.0,0,0,0
tmqm_8000,Os,6,29,23,0.7931,0,0.1429,9.4996,1.0,0,0,1
tmqm_8001,Ru,9,26,18,0.6923,0,0.1111,11.0318,1.0,0,0,0
tmqm_8002,Fe,7,26,20,0.7692,0,0.1429,12.2169,1.0,0,0,0
tmqm_8003,Ru,8,29,21,0.7241,0,0.1111,10.2533,1.0,0,0,0
tmqm_8004,Ru,4,28,18,0.6429,0,0.0909,4.6233,1.0,0,0,1
tmqm_8005,Ru,7,29,25,0.8621,0,0.2,3.0552,1.0,0,0,0
tmqm_8006,Fe,8,29,14,0.4828,0,0.0625,-0.7886,1.0,0,0,0
tmqm_8007,Fe,7,27,24,0.8889,0,0.25,10.0235,1.0,0,0,0
tmqm_8008,Ru,5,26,21,0.8077,0,0.1667,4.2436,1.0,0,0,0
tmqm_8009,Ru,7,27,16,0.5926,0,0.0833,0.2317,1.0,0,0,0
tmqm_8010,Ru,6,29,16,0.5517,0,0.0714,10.7384,1.0,0,0,0
tmqm_8011,Ru,9,26,20,0.7692,0,0.1429,8.4243,1.0,0,0,0
tmqm_8012,Ru,9,26,18,0.6923,0,0.1111,10.3939,1.0,0,0,0
tmqm_8013,Ru,5,27,15,0.5556,0,0.0769,5.8423,1.0,0,0,0
tmqm_8014,Fe,4,26,13,0.5,0,0.0714,5.5435,1.0,0,0,0
tmqm_8015,Fe,10,29,23,0.7931,0,0.1429,-0.8348,1.0,0,0,0
tmqm_8016,Fe,9,27,22,0.8148,0,0.1667,7.9395,1.0,0,0,1
tmqm_8017,Ru,9,27,21,0.7778,0,0.1429,10.2924,1.0,0,0,0
tmqm_8018,Fe,3,26,5,0.1923,0,0.0455,-0.1126,1.0,0,0,0
tmqm_8019,Ru,6,29,28,0.9655,0,0.5,10.7089,1.0,0,0,0
tmqm_8020,Ru,5,27,20,0.7407,0,0.125,1.1412,1.0,0,0,0
tmqm_8021,Ru,9,26,13,0.5,0,0.0714,9.915,1.0,0,0,0
tmqm_8022,Os,6,29,11,0.3793,0,0.0526,9.2671,1.0,0,0,0
tmqm_8023,Ru,8,29,28,0.9655,0,0.5,8.9945,1.0,0,0,0
tmqm_8024,Fe,8,26,13,0.5,0,0.0714,-1.8461,1.0,0,0,0
tmqm_8025,Os,7,14,4,0.2857,0,0.0909,-0.0024,1.0,0,0,0
tmqm_8026,Fe,7,29,24,0.8276,0,0.1667,10.711,1.0,0,0,0
tmqm_8027,Ru,9,27,19,0.7037,0,0.1111,10.6538,1.0,0,0,0
tmqm_8028,Ru,5,27,20,0.7407,0,0.125,3.606,1.0,0,0,0
tmqm_8029,Os,7,23,5,0.2174,0,0.0526,-1.2368,1.0,0,0,0
tmqm_8030,Os,7,29,21,0.7241,0,0.1111,1.591,1.0,0,0,0
tmqm_8031,Ru,7,26,9,0.3462,0,0.0556,-0.5794,1.0,0,0,0
tmqm_8032,Fe,4,26,17,0.6538,0,0.1,5.4711,1.0,0,0,0
tmqm_8033,Ru,5,27,13,0.4815,0,0.0667,2.6562,1.0,0,0,0
tmqm_8034,Ru,9,27,20,0.7407,0,0.125,10.1297,1.0,0,0,0
tmqm_8035,Fe,4,26,16,0.6154,0,0.0909,5.8338,1.0,0,0,0
tmqm_8036,Ru,6,29,18,0.6207,0,0.0833,9.2043,1.0,0,1,0
tmqm_8037,Os,7,16,8,0.5,0,0.1111,0.2728,1.0,0,0,0
tmqm_8038,Fe,5,27,22,0.8148,0,0.1667,12.0271,1.0,0,0,0
tmqm_8039,Fe,8,26,7,0.2692,0,0.05,-1.8887,1.0,0,0,0
tmqm_8040,Fe,7,29,21,0.7241,0,0.1111,9.484,1.0,0,0,0
tmqm_8041,Fe,5,26,18,0.6923,0,0.1111,8.334,1.0,0,0,0
tmqm_8042,Ru,8,26,15,0.5769,0,0.0833,9.6131,1.0,0,0,0
tmqm_8043,Fe,5,26,18,0.6923,0,0.1111,10.9703,1.0,0,0,0
tmqm_8044,Ru,10,27,20,0.7407,0,0.125,12.4334,1.0,0,0,0
tmqm_8045,Ru,6,29,20,0.6897,0,0.1,8.2447,1.0,0,0,0
tmqm_8046,Fe,5,27,19,0.7037,0,0.1111,10.3762,1.0,0,0,0
tmqm_8047,Ru,5,27,20,0.7407,0,0.125,3.2541,1.0,0,0,0
tmqm_8048,Ru,9,29,23,0.7931,0,0.1429,9.3534,1.0,0,0,0
tmqm_8049,Ru,9,27,26,0.963,0,0.5,12.0191,1.0,0,0,0
tmqm_8050,Ru,8,29,22,0.7586,0,0.125,11.5088,1.0,0,0,0
tmqm_8051,Ru,6,29,20,0.6897,0,0.1,7.8202,1.0,0,0,0
tmqm_8052,Ru,6,29,18,0.6207,0,0.0833,9.1001,1.0,0,0,0
tmqm_8053,Ru,8,29,25,0.8621,0,0.2,8.585,1.0,0,0,0
tmqm_8054,Ru,9,27,21,0.7778,0,0.1429,10.3859,1.0,0,0,0
tmqm_8055,Fe,14,23,9,0.3913,0,0.0667,4.0573,1.0,0,0,0
tmqm_8056,Fe,9,26,22,0.8462,0,0.2,9.9682,1.0,0,0,0
tmqm_8057,Ru,6,29,18,0.6207,0,0.0833,9.389,1.0,0,0,0
tmqm_8058,Fe,5,26,24,0.9231,0,0.3333,11.3133,1.0,0,0,0
tmqm_8059,Fe,5,26,16,0.6154,0,0.0909,10.0258,1.0,0,0,0
tmqm_8060,Fe,9,29,26,0.8966,0,0.25,9.0413,1.0,0,0,0
tmqm_8061,Ru,6,29,25,0.8621,0,0.2,8.0193,1.0,0,0,0
tmqm_8062,Fe,8,27,12,0.4444,0,0.0625,-1.4328,1.0,0,0,0
tmqm_8063,Fe,9,27,20,0.7407,0,0.125,9.1909,1.0,0,0,1
tmqm_8064,Ru,9,26,21,0.8077,0,0.1667,9.4529,1.0,0,0,0
tmqm_8065,Fe,9,27,15,0.5556,0,0.0769,7.7788,1.0,0,0,0
tmqm_8066,Fe,5,27,20,0.7407,0,0.125,10.9537,1.0,0,0,0
tmqm_8067,Os,8,16,8,0.5,0,0.1111,-0.0761,1.0,0,0,0
tmqm_8068,Fe,4,26,24,0.9231,0,0.3333,7.3812,1.0,0,0,0
tmqm_8069,Fe,10,29,16,0.5517,0,0.0714,1.9148,1.0,0,0,0
tmqm_8070,Ru,6,29,24,0.8276,0,0.1667,10.1963,1.0,0,0,0
tmqm_8071,Fe,5,16,9,0.5625,0,0.125,-0.001,1.0,0,0,0
tmqm_8072,Fe,6,26,15,0.5769,0,0.0833,7.589,1.0,0,0,0
tmqm_8073,Ru,7,29,18,0.6207,0,0.0833,0.7466,1.0,0,0,0
tmqm_8074,Ru,9,26,21,0.8077,0,0.1667,9.8369,1.0,0,0,0
tmqm_8075,Ru,7,26,13,0.5,0,0.0714,-1.0829,1.0,0,0,0
tmqm_8076,Os,6,29,18,0.6207,0,0.0833,9.7184,1.0,0,0,0
tmqm_8077,Fe,8,16,4,0.25,0,0.0769,-0.4128,1.0,0,0,0
tmqm_8078,Fe,4,27,16,0.5926,0,0.0833,5.8581,1.0,0,0,0
tmqm_8079,Ru,3,27,11,0.4074,0,0.0588,0.7225,1.0,0,0,0
tmqm_8080,Fe,7,29,22,0.7586,0,0.125,9.3193,1.0,0,0,1
tmqm_8081,Fe,4,26,19,0.7308,0,0.125,6.2947,1.0,0,0,0
tmqm_8082,Ru,8,29,23,0.7931,0,0.1429,11.796,1.0,0,0,0
tmqm_8083,Fe,3,26,17,0.6538,0,0.1,0.0646,1.0,0,1,0
tmqm_8084,Ru,6,29,17,0.5862,0,0.0769,8.1141,1.0,0,0,0
tmqm_8085,Ru,7,29,24,0.8276,0,0.1667,1.9995,1.0,0,0,0
tmqm_8086,Ru,11,28,9,0.3214,0,0.05,0.7691,1.0,0,0,0
tmqm_8087,Ru,6,16,8,0.5,0,0.1111,0.1134,1.0,0,0,0
tmqm_8088,Ru,8,27,18,0.6667,0,0.1,10.416,1.0,0,0,0
tmqm_8089,Ru,7,29,27,0.931,0,0.3333,0.9533,1.0,0,0,0
tmqm_8090,Fe,6,16,10,0.625,0,0.1429,0.0627,1.0,0,0,0
tmqm_8091,Ru,3,16,11,0.6875,0,0.1667,0.3597,1.0,0,0,0
tmqm_8092,Fe,8,25,9,0.36,0,0.0588,-1.932,1.0,0,0,1
tmqm_8093,Ru,9,26,16,0.6154,0,0.0909,9.1925,1.0,0,0,0
tmqm_8094,Ru,6,29,18,0.6207,0,0.0833,7.7182,1.0,0,0,0
tmqm_8095,Ru,9,26,18,0.6923,0,0.1111,9.0235,1.0,0,0,0
tmqm_8096,Ru,9,27,20,0.7407,0,0.125,11.9846,1.0,0,0,0
tmqm_8097,Ru,9,26,17,0.6538,0,0.1,7.7385,1.0,0,0,0
tmqm_8098,Ru,9,29,23,0.7931,0,0.1429,9.989,1.0,0,0,0
tmqm_8099,Fe,4,26,25,0.9615,0,0.5,6.7032,1.0,0,0,0
tmqm_8100,Os,7,27,14,0.5185,0,0.0714,-1.169,1.0,0,0,0
tmqm_8101,Ru,6,29,26,0.8966,0,0.25,8.9698,1.0,0,0,0
tmqm_8102,Os,6,27,25,0.9259,0,0.3333,10.6845,1.0,0,0,1
tmqm_8103,Ru,6,29,17,0.5862,0,0.0769,9.7191,1.0,0,0,0
tmqm_8104,Ru,8,27,19,0.7037,0,0.1111,11.4143,1.0,0,0,0
tmqm_8105,Ru,5,27,25,0.9259,0,0.3333,4.0435,1.0,0,0,0
tmqm_8106,Ru,6,29,27,0.931,0,0.3333,10.0501,1.0,1,0,0
tmqm_8107,Fe,6,27,14,0.5185,0,0.0714,3.6094,1.0,0,0,0
tmqm_8108,Fe,6,26,13,0.5,0,0.0714,3.8596,1.0,0,0,0
tmqm_8109,Ru,9,26,21,0.8077,0,0.1667,11.3872,1.0,0,0,0
tmqm_8110,Fe,9,29,24,0.8276,0,0.1667,7.4859,1.0,0,0,0
tmqm_8111,Ir,6,29,10,0.3448,0,0.05,-2.548,1.0,0,0,0
tmqm_8112,Rh,8,26,0,0.0,0,0.037,-0.2063,1.0,0,0,0
tmqm_8113,Ir,6,29,11,0.3793,0,0.0526,-2.8647,1.0,0,0,0
tmqm_8114,Rh,6,26,10,0.3846,0,0.0588,0.1046,1.0,0,0,0
tmqm_8115,Rh,6,29,13,0.4483,0,0.0588,0.8144,1.0,0,0,0
tmqm_8116,Ir,8,26,6,0.2308,0,0.0476,-2.2146,1.0,0,0,0
tmqm_8117,Co,8,29,6,0.2069,0,0.0417,0.3988,1.0,0,0,0
tmqm_8118,Ir,6,16,3,0.1875,0,0.0714,-0.4806,1.0,0,0,0
tmqm_8119,Ir,5,26,13,0.5,0,0.0714,-2.5784,1.0,0,0,0
tmqm_8120,Ir,7,27,13,0.4815,0,0.0667,-1.5875,1.0,0,0,0
tmqm_8121,Co,12,27,7,0.2593,0,0.0476,0.3347,1.0,0,0,0
tmqm_8122,Rh,4,29,14,0.4828,0,0.0625,1.6682,1.0,0,0,0
tmqm_8123,Rh,6,29,11,0.3793,0,0.0526,0.564,1.0,0,0,0
tmqm_8124,Ir,6,26,14,0.5385,0,0.0769,-3.4106,1.0,0,0,0
tmqm_8125,Co,6,29,7,0.2414,0,0.0435,0.5026,1.0,0,0,0
tmqm_8126,Rh,6,27,15,0.5556,0,0.0769,0.924,1.0,0,0,0
tmqm_8127,Ir,3,24,3,0.125,0,0.0455,-2.8942,1.0,0,0,0
tmqm_8128,Ir,8,26,8,0.3077,0,0.0526,-2.1762,1.0,0,0,0
tmqm_8129,Ir,5,26,8,0.3077,0,0.0526,-2.7308,1.0,0,0,0
tmqm_8130,Rh,5,29,12,0.4138,0,0.0556,0.5049,1.0,0,0,0
tmqm_8131,Ir,6,29,6,0.2069,0,0.0417,-3.1772,1.0,0,0,0
tmqm_8132,Rh,4,29,5,0.1724,0,0.04,0.2826,1.0,0,0,0
tmqm_8133,Ir,7,29,10,0.3448,0,0.05,-1.8501,1.0,0,0,0
tmqm_8134,Ir,8,26,8,0.3077,0,0.0526,-2.1019,1.0,0,0,0
tmqm_8135,Co,12,27,12,0.4444,0,0.0625,0.6814,1.0,0,0,0
tmqm_8136,Ir,5,26,14,0.5385,0,0.0769,-3.753,1.0,0,0,0
tmqm_8137,Rh,4,27,6,0.2222,0,0.0455,0.7353,1.0,0,0,0
tmqm_8138,Rh,6,26,8,0.3077,0,0.0526,0.4331,1.0,0,0,0
tmqm_8139,Ir,7,26,6,0.2308,0,0.0476,-3.604,1.0,0,0,0
tmqm_8140,Rh,7,29,13,0.4483,0,0.0588,0.5998,1.0,0,0,1
tmqm_8141,Co,10,29,14,0.4828,0,0.0625,1.3999,1.0,0,0,0
tmqm_8142,Rh,8,26,12,0.4615,0,0.0667,0.6576,1.0,0,0,1
tmqm_8143,Rh,6,26,10,0.3846,0,0.0588,0.3666,1.0,0,0,0
tmqm_8144,Rh,5,29,10,0.3448,0,0.05,0.7081,1.0,0,0,0
tmqm_8145,Rh,4,27,8,0.2963,0,0.05,0.2603,1.0,0,0,0
tmqm_8146,Rh,7,29,8,0.2759,0,0.0455,0.4482,1.0,0,0,0
tmqm_8147,Rh,8,26,7,0.2692,0,0.05,0.4304,1.0,0,0,0
tmqm_8148,Ir,6,29,8,0.2759,0,0.0455,-3.3307,1.0,0,0,0
tmqm_8149,Rh,4,29,18,0.6207,0,0.0833,2.2553,1.0,1,0,0
tmqm_8150,Ir,6,26,8,0.3077,0,0.0526,-2.8723,1.0,0,0,0
tmqm_8151,Ir,6,29,13,0.4483,0,0.0588,-2.6699,1.0,0,0,0
tmqm_8152,Ir,7,27,11,0.4074,0,0.0588,-1.8202,1.0,0,0,0
tmqm_8153,Ir,4,27,11,0.4074,0,0.0588,-1.6643,1.0,0,0,0
tmqm_8154,Co,4,26,16,0.6154,0,0.0909,1.0648,1.0,0,0,0
tmqm_8155,Rh,4,27,9,0.3333,0,0.0526,0.4674,1.0,0,0,0
tmqm_8156,Ir,8,27,16,0.5926,0,0.0833,-1.1505,1.0,0,1,1
tmqm_8157,Rh,8,27,9,0.3333,0,0.0526,0.6044,1.0,0,0,0
tmqm_8158,Co,12,27,12,0.4444,0,0.0625,0.6542,1.0,0,0,0
tmqm_8159,Rh,4,29,11,0.3793,0,0.0526,1.0398,1.0,0,0,0
tmqm_8160,Ir,6,29,14,0.4828,0,0.0625,-1.9036,1.0,0,0,0
tmqm_8161,Ir,5,26,5,0.1923,0,0.0455,-4.1161,1.0,0,0,0
tmqm_8162,Rh,8,26,5,0.1923,0,0.0455,-0.1706,1.0,0,0,0
tmqm_8163,Co,8,29,14,0.4828,0,0.0625,0.9042,1.0,0,0,0
tmqm_8164,Ir,5,29,4,0.1379,0,0.0385,-3.4937,1.0,0,0,0
tmqm_8165,Co,10,29,18,0.6207,0,0.0833,1.3887,1.0,0,0,0
tmqm_8166,Co,12,27,10,0.3704,0,0.0556,0.5711,1.0,0,0,0
tmqm_8167,Co,6,26,12,0.4615,0,0.0667,0.7234,1.0,0,0,1
tmqm_8168,Rh,10,29,4,0.1379,0,0.0385,0.3872,1.0,0,0,0
tmqm_8169,Ir,8,26,8,0.3077,0,0.0526,-2.2449,1.0,0,0,0
tmqm_8170,Ir,6,29,3,0.1034,0,0.037,-3.0299,1.0,1,0,0
tmqm_8171,Ir,8,26,12,0.4615,0,0.0667,-1.8029,1.0,0,0,0
tmqm_8172,Ir,5,29,8,0.2759,0,0.0455,-2.7162,1.0,0,0,0
tmqm_8173,Ir,8,27,7,0.2593,0,0.0476,-1.23,1.0,0,0,0
tmqm_8174,Ir,7,29,10,0.3448,0,0.05,-1.8444,1.0,0,0,0
tmqm_8175,Rh,9,29,7,0.2414,0,0.0435,0.2176,1.0,0,0,0
tmqm_8176,Ir,8,26,7,0.2692,0,0.05,-1.8153,1.0,0,0,0
tmqm_8177,Co,12,24,10,0.4167,0,0.0667,1.4068,1.0,0,0,1
tmqm_8178,Ir,6,26,8,0.3077,0,0.0526,-4.172,1.0,1,0,0
tmqm_8179,Ir,8,26,14,0.5385,0,0.0769,-1.771,1.0,0,0,0
tmqm_8180,Co,7,26,12,0.4615,0,0.0667,0.5645,1.0,0,0,0
tmqm_8181,Ir,6,29,6,0.2069,0,0.0417,-2.7795,1.0,0,0,0
tmqm_8182,Rh,6,29,6,0.2069,0,0.0417,0.29,1.0,0,0,0
tmqm_8183,Rh,3,27,12,0.4444,0,0.0625,0.4064,1.0,1,0,0
tmqm_8184,Ir,8,26,10,0.3846,0,0.0588,-1.0177,1.0,0,0,0
tmqm_8185,Ir,6,16,6,0.375,0,0.0909,-0.0582,1.0,0,0,0
tmqm_8186,Ir,6,29,11,0.3793,0,0.0526,-2.8213,1.0,0,0,0
tmqm_8187,Co,8,29,10,0.3448,0,0.05,0.3487,1.0,0,0,0
tmqm_8188,Co,8,27,1,0.037,0,0.037,-0.185,1.0,0,0,0
tmqm_8189,Co,10,27,12,0.4444,0,0.0625,2.0085,1.0,0,0,0
tmqm_8190,Ir,8,26,9,0.3462,0,0.0556,-1.4689,1.0,0,0,0
tmqm_8191,Co,8,29,7,0.2414,0,0.0435,0.5539,1.0,0,0,0
tmqm_8192,Co,12,27,11,0.4074,0,0.0588,0.9156,1.0,0,0,0
tmqm_8193,Rh,6,29,10,0.3448,0,0.05,0.4662,1.0,0,0,0
tmqm_8194,Rh,4,16,1,0.0625,0,0.0625,-0.8305,1.0,0,0,0
tmqm_8195,Ir,6,29,8,0.2759,0,0.0455,-3.6626,1.0,0,0,0
tmqm_8196,Rh,8,26,10,0.3846,0,0.0588,1.6682,1.0,0,0,0
tmqm_8197,Rh,5,24,11,0.4583,0,0.0714,1.3332,1.0,0,0,0
tmqm_8198,Rh,8,26,9,0.3462,0,0.0556,0.8786,1.0,0,0,0
tmqm_8199,Ir,9,26,11,0.4231,0,0.0625,-1.2219,1.0,0,0,0
tmqm_8200,Ir,6,26,12,0.4615,0,0.0667,-2.8443,1.0,0,0,0
tmqm_8201,Co,4,27,1,0.037,0,0.037,-0.5806,1.0,0,0,0
tmqm_8202,Ir,3,24,12,0.5,0,0.0769,-0.9193,1.0,0,0,0
tmqm_8203,Co,8,29,7,0.2414,0,0.0435,0.0095,1.0,0,0,0
tmqm_8204,Rh,6,27,7,0.2593,0,0.0476,0.4636,1.0,0,0,1
tmqm_8205,Ir,8,26,12,0.4615,0,0.0667,-1.7943,1.0,0,1,0
tmqm_8206,Co,8,29,8,0.2759,0,0.0455,0.3895,1.0,0,0,0
tmqm_8207,Co,14,26,5,0.1923,0,0.0455,-0.0354,1.0,0,0,0
tmqm_8208,Rh,5,27,16,0.5926,0,0.0833,2.0648,1.0,0,0,0
tmqm_8209,Rh,9,26,15,0.5769,0,0.0833,0.3796,1.0,0,0,0
tmqm_8210,Co,8,29,12,0.4138,0,0.0556,1.3771,1.0,0,0,0
tmqm_8211,Ir,6,29,11,0.3793,0,0.0526,-2.6582,1.0,0,0,0
tmqm_8212,Ir,8,26,7,0.2692,0,0.05,-2.4446,1.0,0,0,0
tmqm_8213,Ir,6,29,6,0.2069,0,0.0417,-3.4401,1.0,0,0,0
tmqm_8214,Co,6,29,9,0.3103,0,0.0476,0.4439,1.0,0,0,0
tmqm_8215,Ir,8,26,7,0.2692,0,0.05,-2.254,1.0,0,0,0
tmqm_8216,Rh,8,26,13,0.5,0,0.0714,0.6923,1.0,0,0,0
tmqm_8217,Co,6,29,8,0.2759,0,0.0455,0.4408,1.0,0,0,0
tmqm_8218,Ir,6,26,9,0.3462,0,0.0556,-3.6065,1.0,0,0,0
tmqm_8219,Rh,8,27,12,0.4444,0,0.0625,1.2029,1.0,0,0,0
tmqm_8220,Rh,9,27,11,0.4074,0,0.0588,0.4547,1.0,0,0,0
tmqm_8221,Co,7,26,14,0.5385,0,0.0769,0.3867,1.0,0,0,0
tmqm_8222,Co,5,27,1,0.037,0,0.037,-0.3241,1.0,0,0,0
tmqm_8223,Rh,6,29,8,0.2759,0,0.0455,0.5742,1.0,0,0,0
tmqm_8224,Rh,7,29,11,0.3793,0,0.0526,1.3444,1.0,0,0,0
tmqm_8225,Co,4,27,10,0.3704,0,0.0556,0.4663,1.0,0,0,0
tmqm_8226,Rh,7,26,1,0.0385,0,0.0385,-0.6874,1.0,0,0,0
tmqm_8227,Ir,8,26,14,0.5385,0,0.0769,-1.2224,1.0,0,1,0
tmqm_8228,Co,4,26,13,0.5,0,0.0714,0.3792,1.0,0,0,0
tmqm_8229,Ir,8,27,7,0.2593,0,0.0476,-1.5808,1.0,0,0,0
tmqm_8230,Rh,5,29,10,0.3448,0,0.05,0.9491,1.0,0,0,0
tmqm_8231,Ir,5,27,8,0.2963,0,0.05,-2.6936,1.0,0,0,0
tmqm_8232,Rh,5,29,18,0.6207,0,0.0833,1.8313,1.0,0,0,0
tmqm_8233,Co,5,27,16,0.5926,0,0.0833,0.6557,1.0,0,0,0
tmqm_8234,Ir,8,26,8,0.3077,0,0.0526,-2.4454,1.0,0,0,0
tmqm_8235,Rh,6,26,6,0.2308,0,0.0476,-0.11,1.0,0,0,0
tmqm_8236,Rh,6,26,4,0.1538,0,0.0435,-0.0583,1.0,0,0,0
tmqm_8237,Ir,7,29,11,0.3793,0,0.0526,-1.4462,1.0,0,0,0
tmqm_8238,Ir,8,26,11,0.4231,0,0.0625,-1.9889,1.0,0,0,0
tmqm_8239,Co,5,26,4,0.1538,0,0.0435,0.1269,1.0,0,0,0
tmqm_8240,Co,11,28,10,0.3571,0,0.0526,1.4113,1.0,0,0,0
tmqm_8241,Co,6,29,7,0.2414,0,0.0435,0.15,1.0,0,0,0
tmqm_8242,Co,10,27,11,0.4074,0,0.0588,0.6057,1.0,0,0,0
tmqm_8243,Rh,6,26,12,0.4615,0,0.0667,0.4152,1.0,0,0,0
tmqm_8244,Ir,8,26,5,0.1923,0,0.0455,-1.8755,1.0,0,0,0
tmqm_8245,Co,8,29,8,0.2759,0,0.0455,0.1341,1.0,0,0,0
tmqm_8246,Co,10,27,12,0.4444,0,0.0625,0.505,1.0,0,0,0
tmqm_8247,Rh,4,27,14,0.5185,0,0.0714,1.0079,1.0,0,0,0
tmqm_8248,Ir,6,29,11,0.3793,0,0.0526,-2.5431,1.0,0,0,0
tmqm_8249,Ir,6,29,15,0.5172,0,0.0667,-2.9917,1.0,0,0,0
tmqm_8250,Rh,8,29,16,0.5517,0,0.0714,1.7745,1.0,0,0,0
tmqm_8251,Co,10,29,14,0.4828,0,0.0625,0.7357,1.0,0,0,0
tmqm_8252,Rh,6,27,12,0.4444,0,0.0625,0.2752,1.0,0,0,0
tmqm_8253,Ir,9,27,16,0.5926,0,0.0833,-0.8052,1.0,0,0,0
tmqm_8254,Co,12,25,12,0.48,0,0.0714,0.7847,1.0,0,0,0
tmqm_8255,Rh,4,27,11,0.4074,0,0.0588,1.2058,1.0,0,0,0
tmqm_8256,Rh,3,26,12,0.4615,0,0.0667,0.218,1.0,0,0,0
tmqm_8257,Ir,6,29,11,0.3793,0,0.0526,-2.0335,1.0,0,0,0
tmqm_8258,Co,10,27,12,0.4444,0,0.0625,0.8832,1.0,0,0,0
tmqm_8259,Ir,6,26,4,0.1538,0,0.0435,-3.671,1.0,0,0,0
tmqm_8260,Ir,6,27,11,0.4074,0,0.0588,-2.8459,1.0,0,0,0
tmqm_8261,Rh,4,27,11,0.4074,0,0.0588,1.4729,1.0,0,0,0
tmqm_8262,Rh,8,26,6,0.2308,0,0.0476,0.1074,1.0,0,0,0
tmqm_8263,Ir,6,26,8,0.3077,0,0.0526,-2.8542,1.0,0,0,0
tmqm_8264,Ir,6,16,11,0.6875,0,0.1667,0.1531,1.0,0,0,0
tmqm_8265,Co,9,29,6,0.2069,0,0.0417,0.253,1.0,0,0,0
tmqm_8266,Ir,7,26,5,0.1923,0,0.0455,-3.084,1.0,0,0,0
tmqm_8267,Ir,7,29,19,0.6552,0,0.0909,-1.1225,1.0,1,0,0
tmqm_8268,Rh,8,26,6,0.2308,0,0.0476,0.2003,1.0,0,0,0
tmqm_8269,Rh,8,26,7,0.2692,0,0.05,0.0776,1.0,0,0,1
tmqm_8270,Co,6,27,8,0.2963,0,0.05,0.6045,1.0,0,0,0
tmqm_8271,Rh,9,29,14,0.4828,0,0.0625,0.6049,1.0,0,0,0
tmqm_8272,Rh,6,27,10,0.3704,0,0.0556,0.5382,1.0,0,0,0
tmqm_8273,Rh,6,27,5,0.1852,0,0.0435,0.0591,1.0,0,0,0
tmqm_8274,Ir,8,26,14,0.5385,0,0.0769,-1.8689,1.0,0,0,0
tmqm_8275,Co,9,25,6,0.24,0,0.05,0.1769,1.0,0,0,0
tmqm_8276,Ir,7,26,11,0.4231,0,0.0625,-2.0191,1.0,0,0,0
tmqm_8277,Ir,3,26,13,0.5,0,0.0714,-1.1506,1.0,0,0,0
tmqm_8278,Ir,5,29,11,0.3793,0,0.0526,-2.6627,1.0,0,0,0
tmqm_8279,Ir,6,29,11,0.3793,0,0.0526,-2.8174,1.0,0,0,0
tmqm_8280,Ir,8,26,11,0.4231,0,0.0625,-1.6451,1.0,0,0,0
tmqm_8281,Ir,5,26,7,0.2692,0,0.05,-3.3792,1.0,0,0,0
tmqm_8282,Co,11,28,18,0.6429,0,0.0909,0.8766,1.0,0,1,0
tmqm_8283,Rh,4,27,12,0.4444,0,0.0625,1.2991,1.0,0,0,0
tmqm_8284,Co,9,29,13,0.4483,0,0.0588,0.7465,1.0,0,0,0
tmqm_8285,Ir,5,27,8,0.2963,0,0.05,-3.8415,1.0,0,0,0
tmqm_8286,Ir,5,29,11,0.3793,0,0.0526,-2.2499,1.0,0,0,0
tmqm_8287,Ir,8,26,11,0.4231,0,0.0625,-1.8141,1.0,0,0,0
tmqm_8288,Rh,6,26,6,0.2308,0,0.0476,-0.1247,1.0,1,0,0
tmqm_8289,Co,5,29,10,0.3448,0,0.05,1.0826,1.0,0,0,0
tmqm_8290,Rh,7,26,8,0.3077,0,0.0526,-0.0635,1.0,0,0,0
tmqm_8291,Rh,11,28,16,0.5714,0,0.0769,1.7501,1.0,0,0,0
tmqm_8292,Rh,8,27,10,0.3704,0,0.0556,0.7631,1.0,0,0,0
tmqm_8293,Co,7,27,9,0.3333,0,0.0526,0.1535,1.0,0,0,0
tmqm_8294,Rh,7,26,2,0.0769,0,0.04,-0.2495,1.0,0,0,0
tmqm_8295,Ir,8,26,13,0.5,0,0.0714,-1.5297,1.0,0,0,0
tmqm_8296,Rh,5,29,8,0.2759,0,0.0455,0.306,1.0,0,0,0
tmqm_8297,Ir,6,26,15,0.5769,0,0.0833,-2.7224,1.0,0,0,0
tmqm_8298,Ir,6,29,12,0.4138,0,0.0556,-2.7503,1.0,0,0,0
tmqm_8299,Rh,4,29,14,0.4828,0,0.0625,1.9476,1.0,0,0,0
tmqm_8300,Ir,6,29,9,0.3103,0,0.0476,-3.2832,1.0,0,0,0
tmqm_8301,Ir,5,29,13,0.4483,0,0.0588,-1.9327,1.0,0,0,0
tmqm_8302,Rh,8,27,12,0.4444,0,0.0625,0.9949,1.0,0,0,0
tmqm_8303,Rh,6,29,12,0.4138,0,0.0556,1.0836,1.0,0,0,0
tmqm_8304,Rh,6,27,8,0.2963,0,0.05,0.0725,1.0,0,0,0
tmqm_8305,Ir,6,29,9,0.3103,0,0.0476,-2.9126,1.0,0,0,0
tmqm_8306,Rh,4,26,7,0.2692,0,0.05,-0.0548,1.0,0,0,0
tmqm_8307,Rh,4,29,11,0.3793,0,0.0526,1.1742,1.0,0,0,0
tmqm_8308,Rh,7,27,15,0.5556,0,0.0769,0.6672,1.0,0,0,0
tmqm_8309,Ir,4,29,14,0.4828,0,0.0625,-2.384,1.0,0,0,0
tmqm_8310,Rh,6,27,8,0.2963,0,0.05,0.2018,1.0,0,0,0
tmqm_8311,Rh,6,29,14,0.4828,0,0.0625,1.1275,1.0,0,0,0
tmqm_8312,Co,9,27,15,0.5556,0,0.0769,0.8943,1.0,0,0,0
tmqm_8313,Ir,3,23,6,0.2609,0,0.0556,-3.2978,1.0,0,0,0
tmqm_8314,Co,8,29,16,0.5517,0,0.0714,0.8681,1.0,0,0,0
tmqm_8315,Co,10,29,8,0.2759,0,0.0455,0.6188,1.0,0,0,0
tmqm_8316,Ir,8,26,16,0.6154,0,0.0909,-1.5918,1.0,0,0,0
tmqm_8317,Ir,4,27,15,0.5556,0,0.0769,-1.2194,1.0,0,0,0
tmqm_8318,Rh,8,27,7,0.2593,0,0.0476,0.164,1.0,0,0,0
tmqm_8319,Ir,8,26,7,0.2692,0,0.05,-1.7157,1.0,0,0,0
tmqm_8320,Rh,8,27,16,0.5926,0,0.0833,1.3368,1.0,0,0,0
tmqm_8321,Co,12,27,9,0.3333,0,0.0526,0.5292,1.0,0,0,0
tmqm_8322,Ir,8,26,7,0.2692,0,0.05,-2.163,1.0,0,0,0
tmqm_8323,Rh,8,26,13,0.5,0,0.0714,0.484,1.0,0,0,0
tmqm_8324,Rh,4,27,13,0.4815,0,0.0667,1.3288,1.0,1,0,0
tmqm_8325,Rh,6,26,7,0.2692,0,0.05,-0.0092,1.0,0,0,0
tmqm_8326,Co,11,28,6,0.2143,0,0.0435,0.2885,1.0,0,0,0
tmqm_8327,Ir,8,26,7,0.2692,0,0.05,-2.4788,1.0,0,0,0
tmqm_8328,Rh,6,29,14,0.4828,0,0.0625,1.1536,1.0,0,0,0
tmqm_8329,Co,8,26,9,0.3462,0,0.0556,0.2683,1.0,0,0,0
tmqm_8330,Ir,5,29,14,0.4828,0,0.0625,-1.5793,1.0,0,0,0
tmqm_8331,Rh,6,29,16,0.5517,0,0.0714,1.1648,1.0,0,0,0
tmqm_8332,Ir,4,26,11,0.4231,0,0.0625,-1.4512,1.0,0,0,1
tmqm_8333,Co,9,27,9,0.3333,0,0.0526,0.6191,1.0,0,0,0
tmqm_8334,Co,12,27,8,0.2963,0,0.05,0.452,1.0,0,0,0
tmqm_8335,Rh,8,26,12,0.4615,0,0.0667,0.7026,1.0,0,0,0
tmqm_8336,Rh,5,29,13,0.4483,0,0.0588,1.1866,1.0,0,0,0
tmqm_8337,Co,8,29,10,0.3448,0,0.05,0.7335,1.0,0,0,0
tmqm_8338,Ir,6,29,8,0.2759,0,0.0455,-3.1392,1.0,0,0,0
tmqm_8339,Rh,9,27,5,0.1852,0,0.0435,0.1521,1.0,0,0,0
tmqm_8340,Ir,5,29,9,0.3103,0,0.0476,-2.3264,1.0,0,0,0
tmqm_8341,Ir,6,29,8,0.2759,0,0.0455,-3.2045,1.0,0,0,0
tmqm_8342,Co,4,29,7,0.2414,0,0.0435,0.232,1.0,0,0,0
tmqm_8343,Rh,6,29,15,0.5172,0,0.0667,1.0313,1.0,0,0,0
tmqm_8344,Ir,8,26,11,0.4231,0,0.0625,-1.8349,1.0,0,1,0
tmqm_8345,Ir,6,29,2,0.069,0,0.0357,-4.5141,1.0,0,0,0
tmqm_8346,Rh,8,26,8,0.3077,0,0.0526,0.0285,1.0,0,0,0
tmqm_8347,Rh,8,26,16,0.6154,0,0.0909,1.3122,1.0,0,0,1
tmqm_8348,Ir,6,29,11,0.3793,0,0.0526,-1.4486,1.0,0,0,0
tmqm_8349,Ir,8,26,14,0.5385,0,0.0769,-1.9173,1.0,0,0,0
tmqm_8350,Rh,8,27,15,0.5556,0,0.0769,0.9121,1.0,0,0,0
tmqm_8351,Ir,8,26,10,0.3846,0,0.0588,-2.2417,1.0,0,0,0
tmqm_8352,Co,8,16,0,0.0,0,0.0588,-1.083,1.0,0,0,0
tmqm_8353,Ir,4,25,8,0.32,0,0.0556,-2.6635,1.0,0,0,0
tmqm_8354,Rh,4,27,4,0.1481,0,0.0417,0.1033,1.0,0,0,0
tmqm_8355,Rh,6,16,1,0.0625,0,0.0625,-0.4471,1.0,0,0,0
tmqm_8356,Co,6,29,9,0.3103,0,0.0476,0.3252,1.0,0,0,0
tmqm_8357,Rh,8,29,16,0.5517,0,0.0714,1.4888,1.0,0,0,0
tmqm_8358,Ir,6,26,14,0.5385,0,0.0769,-3.9567,1.0,0,0,0
tmqm_8359,Ir,8,26,13,0.5,0,0.0714,-1.4226,1.0,0,0,0
tmqm_8360,Ir,6,29,10,0.3448,0,0.05,-2.7445,1.0,0,0,0
tmqm_8361,Rh,4,29,6,0.2069,0,0.0417,0.2891,1.0,0,0,0
tmqm_8362,Ir,8,26,12,0.4615,0,0.0667,-2.2173,1.0,0,1,0
tmqm_8363,Ir,6,29,7,0.2414,0,0.0435,-3.2535,1.0,0,0,0
tmqm_8364,Ir,8,26,10,0.3846,0,0.0588,-2.1167,1.0,0,0,0
tmqm_8365,Rh,8,26,7,0.2692,0,0.05,0.4667,1.0,1,0,0
tmqm_8366,Ir,3,24,9,0.375,0,0.0625,-2.3301,1.0,0,0,1
tmqm_8367,Co,7,27,11,0.4074,0,0.0588,0.365,1.0,0,0,0
tmqm_8368,Rh,4,29,5,0.1724,0,0.04,0.1229,1.0,0,0,0
tmqm_8369,Rh,4,27,5,0.1852,0,0.0435,0.1588,1.0,0,0,0
tmqm_8370,Ir,8,26,16,0.6154,0,0.0909,-0.2911,1.0,0,0,0
tmqm_8371,Ir,5,29,16,0.5517,0,0.0714,-1.794,1.0,0,0,0
tmqm_8372,Ir,6,29,16,0.5517,0,0.0714,-1.9496,1.0,0,0,0
tmqm_8373,Ir,6,29,9,0.3103,0,0.0476,-3.3537,1.0,0,0,0
tmqm_8374,Co,8,26,6,0.2308,0,0.0476,-0.2824,1.0,0,0,0
tmqm_8375,Rh,6,29,17,0.5862,0,0.0769,0.9163,1.0,0,0,0
tmqm_8376,Rh,8,27,8,0.2963,0,0.05,0.9002,1.0,0,0,0
tmqm_8377,Rh,6,16,3,0.1875,0,0.0714,-0.4782,1.0,0,0,0
tmqm_8378,Co,10,29,12,0.4138,0,0.0556,0.6493,1.0,0,0,0
tmqm_8379,Ir,4,27,9,0.3333,0,0.0526,-2.288,1.0,0,0,0
tmqm_8380,Ir,6,26,9,0.3462,0,0.0556,-2.1727,1.0,0,0,0
tmqm_8381,Rh,9,27,10,0.3704,0,0.0556,0.7997,1.0,0,0,0
tmqm_8382,Ir,5,16,2,0.125,0,0.0667,-0.6304,1.0,0,0,0
tmqm_8383,Rh,4,29,12,0.4138,0,0.0556,0.9941,1.0,0,0,0
tmqm_8384,Rh,6,29,7,0.2414,0,0.0435,0.4208,1.0,0,0,0
tmqm_8385,Ir,8,26,9,0.3462,0,0.0556,-1.8402,1.0,0,0,1
tmqm_8386,Ir,6,29,10,0.3448,0,0.05,-3.2256,1.0,0,0,0
tmqm_8387,Co,4,26,5,0.1923,0,0.0455,0.1688,1.0,0,0,0
tmqm_8388,Ir,6,13,11,0.8462,0,0.3333,0.3039,1.0,0,0,0
tmqm_8389,Ir,6,29,17,0.5862,0,0.0769,-1.6419,1.0,0,0,0
tmqm_8390,Co,10,29,7,0.2414,0,0.0435,0.4045,1.0,0,0,0
tmqm_8391,Ir,8,27,15,0.5556,0,0.0769,-1.4454,1.0,0,0,1
tmqm_8392,Rh,9,26,11,0.4231,0,0.0625,0.1819,1.0,0,0,0
tmqm_8393,Rh,5,16,4,0.25,0,0.0769,-0.2305,1.0,0,0,0
tmqm_8394,Rh,4,29,16,0.5517,0,0.0714,1.5807,1.0,0,0,0
tmqm_8395,Ir,6,27,5,0.1852,0,0.0435,-3.6372,1.0,0,0,0
tmqm_8396,Rh,6,26,9,0.3462,0,0.0556,0.3794,1.0,0,0,0
tmqm_8397,Co,6,29,11,0.3793,0,0.0526,0.6107,1.0,0,0,0
tmqm_8398,Co,5,26,6,0.2308,0,0.0476,-0.0531,1.0,0,0,0
tmqm_8399,Co,3,26,6,0.2308,0,0.0476,-0.1256,1.0,0,0,0
tmqm_8400,Ir,8,26,12,0.4615,0,0.0667,-0.998,1.0,0,0,0
tmqm_8401,Rh,8,27,11,0.4074,0,0.0588,0.783,1.0,0,0,0
tmqm_8402,Co,10,25,7,0.28,0,0.0526,0.9469,1.0,0,0,1
tmqm_8403,Ir,3,26,8,0.3077,0,0.0526,-2.7399,1.0,0,0,0
tmqm_8404,Rh,8,27,7,0.2593,0,0.0476,0.2257,1.0,0,0,0
tmqm_8405,Rh,6,26,9,0.3462,0,0.0556,-0.1206,1.0,0,0,0
tmqm_8406,Ir,8,26,11,0.4231,0,0.0625,-2.0531,1.0,0,0,0
tmqm_8407,Rh,8,26,6,0.2308,0,0.0476,-0.1752,1.0,0,0,0
tmqm_8408,Ir,8,26,7,0.2692,0,0.05,-2.58,1.0,0,0,0
tmqm_8409,Rh,8,26,13,0.5,0,0.0714,0.5736,1.0,0,0,0
tmqm_8410,Rh,4,29,5,0.1724,0,0.04,0.5596,1.0,0,0,0
tmqm_8411,Rh,6,29,15,0.5172,0,0.0667,1.2596,1.0,0,0,0
tmqm_8412,Ir,6,29,15,0.5172,0,0.0667,-3.5652,1.0,0,0,0
tmqm_8413,Rh,7,29,5,0.1724,0,0.04,0.4831,1.0,0,0,0
tmqm_8414,Rh,8,29,15,0.5172,0,0.0667,0.7526,1.0,0,0,0
tmqm_8415,Co,4,26,4,0.1538,0,0.0435,-0.4147,1.0,0,0,0
tmqm_8416,Ir,6,29,11,0.3793,0,0.0526,-2.0825,1.0,0,0,0
tmqm_8417,Ir,5,29,13,0.4483,0,0.0588,-1.8203,1.0,0,0,0
tmqm_8418,Rh,8,27,16,0.5926,0,0.0833,1.2005,1.0,0,0,0
tmqm_8419,Ir,8,26,10,0.3846,0,0.0588,-2.0566,1.0,0,0,0
tmqm_8420,Ir,6,26,12,0.4615,0,0.0667,-3.2737,1.0,0,0,0
tmqm_8421,Ir,8,29,6,0.2069,0,0.0417,-1.5852,1.0,0,0,0
tmqm_8422,Co,12,27,6,0.2222,0,0.0455,0.6625,1.0,0,0,0
tmqm_8423,Rh,8,27,10,0.3704,0,0.0556,0.6689,1.0,0,0,0
tmqm_8424,Rh,6,29,16,0.5517,0,0.0714,1.6247,1.0,0,0,0
tmqm_8425,Rh,6,27,8,0.2963,0,0.05,0.213,1.0,0,0,0
tmqm_8426,Ir,8,26,6,0.2308,0,0.0476,-2.2065,1.0,0,0,0
tmqm_8427,Co,8,29,12,0.4138,0,0.0556,0.5951,1.0,0,0,0
tmqm_8428,Ir,8,26,11,0.4231,0,0.0625,-1.7315,1.0,0,0,0
tmqm_8429,Rh,4,26,6,0.2308,0,0.0476,-0.0163,1.0,0,0,0
tmqm_8430,Rh,4,27,12,0.4444,0,0.0625,1.1624,1.0,0,0,0
tmqm_8431,Ir,8,26,14,0.5385,0,0.0769,-1.6309,1.0,0,0,0
tmqm_8432,Ir,7,26,3,0.1154,0,0.0417,-3.4466,1.0,1,0,0
tmqm_8433,Rh,6,26,5,0.1923,0,0.0455,0.0203,1.0,0,0,0
tmqm_8434,Co,8,29,10,0.3448,0,0.05,0.5297,1.0,0,0,0
tmqm_8435,Rh,4,29,16,0.5517,0,0.0714,1.7781,1.0,0,0,0
tmqm_8436,Ir,4,27,15,0.5556,0,0.0769,-1.8628,1.0,0,0,0
tmqm_8437,Ir,8,27,14,0.5185,0,0.0714,-1.9387,1.0,0,0,0
tmqm_8438,Ir,8,27,9,0.3333,0,0.0526,-1.5097,1.0,0,0,1
tmqm_8439,Ir,6,29,7,0.2414,0,0.0435,-2.7281,1.0,0,0,0
tmqm_8440,Rh,8,26,10,0.3846,0,0.0588,0.259,1.0,0,0,0
tmqm_8441,Rh,5,26,8,0.3077,0,0.0526,1.6363,1.0,0,0,0
tmqm_8442,Ir,6,29,12,0.4138,0,0.0556,-2.7365,1.0,0,0,0
tmqm_8443,Co,10,29,8,0.2759,0,0.0455,0.384,1.0,0,0,0
tmqm_8444,Rh,4,29,8,0.2759,0,0.0455,0.3646,1.0,0,0,0
tmqm_8445,Co,6,29,8,0.2759,0,0.0455,0.2439,1.0,0,0,0
tmqm_8446,Ir,8,27,8,0.2963,0,0.05,-1.0493,1.0,0,0,0
tmqm_8447,Ir,6,29,17,0.5862,0,0.0769,-2.683,1.0,0,0,0
tmqm_8448,Ir,8,26,6,0.2308,0,0.0476,-1.9954,1.0,0,0,0
tmqm_8449,Co,5,29,15,0.5172,0,0.0667,0.7695,1.0,0,0,0
tmqm_8450,Co,11,28,16,0.5714,0,0.0769,0.802,1.0,0,0,0
tmqm_8451,Ir,8,26,6,0.2308,0,0.0476,-2.7238,1.0,0,0,0
tmqm_8452,Ir,8,26,10,0.3846,0,0.0588,-2.5223,1.0,0,0,0
tmqm_8453,Co,8,29,10,0.3448,0,0.05,0.2813,1.0,0,0,0
tmqm_8454,Ir,6,29,10,0.3448,0,0.05,-2.7233,1.0,0,0,0
tmqm_8455,Co,4,27,9,0.3333,0,0.0526,0.3541,1.0,0,0,0
tmqm_8456,Ir,6,29,15,0.5172,0,0.0667,-2.5317,1.0,0,0,0
tmqm_8457,Rh,6,26,8,0.3077,0,0.0526,0.0248,1.0,0,0,0
tmqm_8458,Ir,4,27,6,0.2222,0,0.0455,-1.7756,1.0,0,0,0
tmqm_8459,Ir,8,26,12,0.4615,0,0.0667,-1.9413,1.0,0,0,0
tmqm_8460,Rh,6,26,15,0.5769,0,0.0833,1.0249,1.0,0,0,0
tmqm_8461,Co,10,29,7,0.2414,0,0.0435,0.6276,1.0,0,0,0
tmqm_8462,Rh,4,29,7,0.2414,0,0.0435,0.5781,1.0,0,0,0
tmqm_8463,Rh,8,27,8,0.2963,0,0.05,0.6137,1.0,0,0,0
tmqm_8464,Ir,6,26,10,0.3846,0,0.0588,-4.0559,1.0,0,0,0
tmqm_8465,Ir,4,27,9,0.3333,0,0.0526,-3.0723,1.0,0,0,1
tmqm_8466,Ir,6,16,7,0.4375,0,0.1,0.0188,1.0,0,0,0
tmqm_8467,Ir,5,27,12,0.4444,0,0.0625,-3.2433,1.0,0,0,0
tmqm_8468,Rh,8,27,13,0.4815,0,0.0667,0.7852,1.0,0,0,0
tmqm_8469,Rh,5,27,8,0.2963,0,0.05,0.6894,1.0,0,0,0
tmqm_8470,Co,4,29,12,0.4138,0,0.0556,0.7248,1.0,0,0,0
tmqm_8471,Co,9,27,8,0.2963,0,0.05,0.4542,1.0,0,0,0
tmqm_8472,Ir,5,27,12,0.4444,0,0.0625,-2.8201,1.0,0,0,0
tmqm_8473,Ir,6,29,6,0.2069,0,0.0417,-3.5395,1.0,0,0,0
tmqm_8474,Rh,8,29,13,0.4483,0,0.0588,1.63,1.0,0,0,0
tmqm_8475,Ir,5,29,17,0.5862,0,0.0769,-1.5761,1.0,0,0,0
tmqm_8476,Ir,8,26,8,0.3077,0,0.0526,-1.7416,1.0,0,0,0
tmqm_8477,Ir,4,27,13,0.4815,0,0.0667,-2.6661,1.0,0,0,0
tmqm_8478,Ir,6,27,8,0.2963,0,0.05,-3.0889,1.0,0,0,0
tmqm_8479,Rh,4,27,14,0.5185,0,0.0714,1.0293,1.0,0,0,0
tmqm_8480,Ir,6,29,13,0.4483,0,0.0588,-2.9741,1.0,0,0,0
tmqm_8481,Co,10,29,13,0.4483,0,0.0588,0.9004,1.0,0,0,0
tmqm_8482,Ir,6,29,11,0.3793,0,0.0526,-2.3153,1.0,0,0,0
tmqm_8483,Co,6,27,11,0.4074,0,0.0588,0.4586,1.0,0,0,0
tmqm_8484,Ir,6,29,10,0.3448,0,0.05,-3.1583,1.0,0,0,0
tmqm_8485,Rh,7,29,15,0.5172,0,0.0667,1.0758,1.0,0,0,0
tmqm_8486,Co,9,27,7,0.2593,0,0.0476,0.4835,1.0,0,0,0
tmqm_8487,Ir,4,27,11,0.4074,0,0.0588,-1.858,1.0,0,0,0
tmqm_8488,Co,8,27,10,0.3704,0,0.0556,0.3308,1.0,0,0,0
tmqm_8489,Rh,4,29,7,0.2414,0,0.0435,0.4888,1.0,0,0,0
tmqm_8490,Ir,9,26,9,0.3462,0,0.0556,-3.0666,1.0,0,0,0
tmqm_8491,Rh,6,26,13,0.5,0,0.0714,0.5392,1.0,0,0,0
tmqm_8492,Co,4,27,3,0.1111,0,0.04,-0.0398,1.0,0,0,0
tmqm_8493,Ir,8,27,14,0.5185,0,0.0714,-1.3403,1.0,0,0,0
tmqm_8494,Ir,6,29,6,0.2069,0,0.0417,-3.3514,1.0,0,0,0
tmqm_8495,Ir,8,26,12,0.4615,0,0.0667,-1.5816,1.0,0,0,0
tmqm_8496,Co,7,27,15,0.5556,0,0.0769,0.8924,1.0,0,0,0
tmqm_8497,Ir,6,29,9,0.3103,0,0.0476,-3.1601,1.0,0,0,0
tmqm_8498,Ir,6,27,13,0.4815,0,0.0667,-3.5679,1.0,0,0,0
tmqm_8499,Co,4,27,9,0.3333,0,0.0526,0.363,1.0,0,0,0
tmqm_8500,Rh,8,26,8,0.3077,0,0.0526,0.4205,1.0,0,0,0
tmqm_8501,Co,12,27,15,0.5556,0,0.0769,0.7043,1.0,0,0,0
tmqm_8502,Co,4,26,8,0.3077,0,0.0526,-0.047,1.0,0,0,0
tmqm_8503,Ir,9,29,7,0.2414,0,0.0435,-2.0604,1.0,0,0,0
tmqm_8504,Co,8,27,13,0.4815,0,0.0667,0.6322,1.0,0,0,0
tmqm_8505,Rh,7,26,9,0.3462,0,0.0556,0.3779,1.0,0,0,0
tmqm_8506,Rh,8,26,8,0.3077,0,0.0526,0.118,1.0,0,0,0
tmqm_8507,Ir,6,29,10,0.3448,0,0.05,-3.1667,1.0,0,0,0
tmqm_8508,Ir,5,27,5,0.1852,0,0.0435,-3.6093,1.0,0,0,0
tmqm_8509,Rh,8,27,15,0.5556,0,0.0769,1.697,1.0,0,0,0
tmqm_8510,Co,5,27,11,0.4074,0,0.0588,1.2901,1.0,0,0,0
tmqm_8511,Co,10,29,10,0.3448,0,0.05,0.5183,1.0,0,0,1
tmqm_8512,Co,8,26,3,0.1154,0,0.0417,-0.1747,1.0,0,0,0
tmqm_8513,Ir,6,29,8,0.2759,0,0.0455,-3.1359,1.0,0,0,0
tmqm_8514,Rh,7,29,9,0.3103,0,0.0476,0.465,1.0,0,0,0
tmqm_8515,Ir,7,27,9,0.3333,0,0.0526,-1.8221,1.0,0,0,0
tmqm_8516,Co,5,26,12,0.4615,0,0.0667,2.3775,1.0,1,0,0
tmqm_8517,Co,6,29,10,0.3448,0,0.05,0.1781,1.0,0,0,0
tmqm_8518,Rh,5,26,10,0.3846,0,0.0588,0.4502,1.0,0,0,0
tmqm_8519,Ir,8,27,7,0.2593,0,0.0476,-1.6017,1.0,0,1,1
tmqm_8520,Rh,4,27,10,0.3704,0,0.0556,0.5028,1.0,0,0,0
tmqm_8521,Rh,4,29,9,0.3103,0,0.0476,0.9685,1.0,0,0,0
tmqm_8522,Co,10,26,4,0.1538,0,0.0435,0.3375,1.0,0,0,0
tmqm_8523,Ir,4,25,8,0.32,0,0.0556,-2.4494,1.0,0,0,0
tmqm_8524,Rh,6,26,14,0.5385,0,0.0769,0.7376,1.0,0,0,0
tmqm_8525,Ir,8,27,7,0.2593,0,0.0476,-1.2506,1.0,0,0,0
tmqm_8526,Rh,9,27,9,0.3333,0,0.0526,0.3877,1.0,0,0,0
tmqm_8527,Rh,8,26,7,0.2692,0,0.05,-0.0604,1.0,0,0,0
tmqm_8528,Ir,8,27,8,0.2963,0,0.05,-2.1531,1.0,1,0,0
tmqm_8529,Ir,5,27,7,0.2593,0,0.0476,-3.4928,1.0,0,0,0
tmqm_8530,Co,8,26,12,0.4615,0,0.0667,1.16,1.0,0,0,0
tmqm_8531,Co,9,29,19,0.6552,0,0.0909,1.6823,1.0,0,0,0
tmqm_8532,Ir,6,29,9,0.3103,0,0.0476,-3.1381,1.0,0,0,0
tmqm_8533,Ir,8,26,7,0.2692,0,0.05,-1.685,1.0,0,1,0
tmqm_8534,Rh,4,27,11,0.4074,0,0.0588,0.5787,1.0,0,0,0
tmqm_8535,Ir,9,26,9,0.3462,0,0.0556,-3.3001,1.0,0,0,0
tmqm_8536,Ir,6,26,13,0.5,0,0.0714,-1.748,1.0,0,0,0
tmqm_8537,Rh,4,27,13,0.4815,0,0.0667,1.1071,1.0,0,0,0
tmqm_8538,Rh,8,27,17,0.6296,0,0.0909,0.738,1.0,0,0,0
tmqm_8539,Ir,5,29,8,0.2759,0,0.0455,-3.1976,1.0,0,0,0
tmqm_8540,Co,10,26,12,0.4615,0,0.0667,1.7752,1.0,0,0,0
tmqm_8541,Ir,8,27,15,0.5556,0,0.0769,-1.7011,1.0,0,0,0
tmqm_8542,Ir,3,26,9,0.3462,0,0.0556,-2.5309,1.0,0,0,0
tmqm_8543,Rh,6,29,15,0.5172,0,0.0667,0.9938,1.0,0,0,0
tmqm_8544,Ir,6,29,12,0.4138,0,0.0556,-2.7233,1.0,0,0,0
tmqm_8545,Ir,5,29,5,0.1724,0,0.04,-3.3984,1.0,0,0,0
tmqm_8546,Rh,8,26,7,0.2692,0,0.05,0.0453,1.0,0,0,0
tmqm_8547,Ir,8,26,12,0.4615,0,0.0667,-1.3816,1.0,0,0,0
tmqm_8548,Rh,8,26,3,0.1154,0,0.0417,-0.2724,1.0,0,0,0
tmqm_8549,Rh,8,26,13,0.5,0,0.0714,0.7643,1.0,0,0,0
tmqm_8550,Rh,6,26,12,0.4615,0,0.0667,1.5116,1.0,0,0,0
tmqm_8551,Ir,7,27,6,0.2222,0,0.0455,-1.4633,1.0,0,0,1
tmqm_8552,Co,8,29,15,0.5172,0,0.0667,0.7238,1.0,0,0,0
tmqm_8553,Rh,8,29,13,0.4483,0,0.0588,1.4721,1.0,0,0,0
tmqm_8554,Co,12,27,13,0.4815,0,0.0667,0.6202,1.0,0,0,0
tmqm_8555,Co,12,27,10,0.3704,0,0.0556,0.8995,1.0,0,0,0
tmqm_8556,Rh,8,26,5,0.1923,0,0.0455,-0.3032,1.0,0,0,0
tmqm_8557,Rh,8,27,16,0.5926,0,0.0833,0.837,1.0,0,0,0
tmqm_8558,Co,8,27,2,0.0741,0,0.0385,-0.1011,1.0,0,0,0
tmqm_8559,Co,4,26,4,0.1538,0,0.0435,-0.3446,1.0,0,0,0
tmqm_8560,Rh,8,26,12,0.4615,0,0.0667,0.3629,1.0,0,0,1
tmqm_8561,Co,10,29,14,0.4828,0,0.0625,1.1471,1.0,0,0,0
tmqm_8562,Co,7,29,18,0.6207,0,0.0833,1.0117,1.0,0,0,0
tmqm_8563,Rh,8,29,15,0.5172,0,0.0667,0.8509,1.0,0,0,0
tmqm_8564,Rh,6,29,14,0.4828,0,0.0625,0.5356,1.0,1,0,0
tmqm_8565,Ir,5,29,7,0.2414,0,0.0435,-2.7818,1.0,0,0,0
tmqm_8566,Co,4,26,11,0.4231,0,0.0625,0.2895,1.0,0,0,0
tmqm_8567,Ir,6,29,16,0.5517,0,0.0714,-1.7421,1.0,0,0,0
tmqm_8568,Ir,8,26,8,0.3077,0,0.0526,-1.0551,1.0,0,0,0
tmqm_8569,Rh,8,29,15,0.5172,0,0.0667,0.731,1.0,0,0,0
tmqm_8570,Ir,6,26,14,0.5385,0,0.0769,-3.9205,1.0,0,0,0
tmqm_8571,Co,7,27,1,0.037,0,0.037,0.1662,1.0,0,0,1
tmqm_8572,Ir,8,26,7,0.2692,0,0.05,-2.5624,1.0,0,0,0
tmqm_8573,Co,5,29,15,0.5172,0,0.0667,0.6686,1.0,0,0,0
tmqm_8574,Ir,6,29,6,0.2069,0,0.0417,-2.8697,1.0,0,0,1
tmqm_8575,Ir,6,29,7,0.2414,0,0.0435,-2.0191,1.0,0,0,0
tmqm_8576,Rh,7,26,5,0.1923,0,0.0455,-0.253,1.0,0,0,0
tmqm_8577,Rh,4,29,5,0.1724,0,0.04,0.1257,1.0,0,0,0
tmqm_8578,Co,10,28,16,0.5714,0,0.0769,0.8722,1.0,0,0,0
tmqm_8579,Co,4,26,8,0.3077,0,0.0526,-0.0319,1.0,0,0,0
tmqm_8580,Co,7,27,16,0.5926,0,0.0833,0.9096,1.0,0,0,0
tmqm_8581,Co,4,26,3,0.1154,0,0.0417,-0.3179,1.0,0,0,0
tmqm_8582,Ir,6,29,8,0.2759,0,0.0455,-2.3352,1.0,0,0,0
tmqm_8583,Ir,9,26,12,0.4615,0,0.0667,-0.2771,1.0,0,0,0
tmqm_8584,Co,3,26,8,0.3077,0,0.0526,-0.015,1.0,0,0,0
tmqm_8585,Ir,8,26,10,0.3846,0,0.0588,-1.96,1.0,0,1,0
tmqm_8586,Ir,4,27,9,0.3333,0,0.0526,-3.182,1.0,0,0,0
tmqm_8587,Rh,6,27,10,0.3704,0,0.0556,0.7951,1.0,0,0,0
tmqm_8588,Ir,8,26,5,0.1923,0,0.0455,-1.9592,1.0,0,0,0
tmqm_8589,Rh,9,26,6,0.2308,0,0.0476,-0.1488,1.0,0,0,0
tmqm_8590,Co,12,27,17,0.6296,0,0.0909,1.6634,1.0,0,0,0
tmqm_8591,Ir,6,27,8,0.2963,0,0.05,-3.9476,1.0,0,0,0
tmqm_8592,Ir,8,27,7,0.2593,0,0.0476,-2.1074,1.0,0,0,0
tmqm_8593,Ir,7,29,5,0.1724,0,0.04,-1.6576,1.0,0,0,0
tmqm_8594,Co,6,29,9,0.3103,0,0.0476,0.2952,1.0,0,0,0
tmqm_8595,Ir,8,26,10,0.3846,0,0.0588,-2.2947,1.0,0,0,0
tmqm_8596,Ir,6,29,10,0.3448,0,0.05,-2.7706,1.0,0,0,0
tmqm_8597,Ir,8,26,9,0.3462,0,0.0556,-2.3262,1.0,0,0,0
tmqm_8598,Ir,8,26,14,0.5385,0,0.0769,-1.4221,1.0,0,0,0
tmqm_8599,Ir,5,29,3,0.1034,0,0.037,-3.1859,1.0,0,0,0
tmqm_8600,Ir,6,27,15,0.5556,0,0.0769,-2.8205,1.0,1,0,0
tmqm_8601,Co,12,27,9,0.3333,0,0.0526,0.8369,1.0,0,0,0
tmqm_8602,Rh,8,27,8,0.2963,0,0.05,0.3936,1.0,0,0,0
tmqm_8603,Rh,6,27,6,0.2222,0,0.0455,0.0659,1.0,0,0,0
tmqm_8604,Rh,6,29,14,0.4828,0,0.0625,0.5128,1.0,0,0,0
tmqm_8605,Rh,8,27,9,0.3333,0,0.0526,1.1386,1.0,0,0,0
tmqm_8606,Ir,6,29,11,0.3793,0,0.0526,-2.5901,1.0,0,0,0
tmqm_8607,Rh,8,26,8,0.3077,0,0.0526,0.4472,1.0,0,0,0
tmqm_8608,Ir,6,29,9,0.3103,0,0.0476,-2.7576,1.0,0,0,0
tmqm_8609,Co,10,29,8,0.2759,0,0.0455,1.3625,1.0,0,0,0
tmqm_8610,Co,8,29,6,0.2069,0,0.0417,0.3495,1.0,0,0,1
tmqm_8611,Ir,7,27,5,0.1852,0,0.0435,-1.8704,1.0,0,0,0
tmqm_8612,Co,8,27,10,0.3704,0,0.0556,0.4186,1.0,0,0,0
tmqm_8613,Ir,6,26,13,0.5,0,0.0714,-2.1204,1.0,0,0,0
tmqm_8614,Rh,4,29,10,0.3448,0,0.05,1.1027,1.0,0,0,0
tmqm_8615,Ir,5,29,14,0.4828,0,0.0625,-2.9044,1.0,0,0,0
tmqm_8616,Ir,6,29,5,0.1724,0,0.04,-2.7552,1.0,0,0,0
tmqm_8617,Rh,8,26,10,0.3846,0,0.0588,0.5047,1.0,0,0,0
tmqm_8618,Ir,6,29,13,0.4483,0,0.0588,-2.1779,1.0,0,0,0
tmqm_8619,Co,10,26,11,0.4231,0,0.0625,0.1152,1.0,0,0,0
tmqm_8620,Ir,8,26,13,0.5,0,0.0714,-1.4568,1.0,0,0,1
tmqm_8621,Rh,7,26,4,0.1538,0,0.0435,-0.2037,1.0,0,0,0
tmqm_8622,Co,8,29,7,0.2414,0,0.0435,0.6695,1.0,0,0,0
tmqm_8623,Ir,8,26,5,0.1923,0,0.0455,-3.0416,1.0,0,0,0
tmqm_8624,Ir,8,26,5,0.1923,0,0.0455,-2.4297,1.0,0,0,0
tmqm_8625,Rh,6,29,12,0.4138,0,0.0556,2.1283,1.0,0,0,0
tmqm_8626,Co,8,29,5,0.1724,0,0.04,-0.0523,1.0,0,0,0
tmqm_8627,Rh,6,29,10,0.3448,0,0.05,0.9013,1.0,0,0,1
tmqm_8628,Rh,8,26,13,0.5,0,0.0714,0.8505,1.0,0,0,0
tmqm_8629,Co,7,27,16,0.5926,0,0.0833,1.1987,1.0,0,0,0
tmqm_8630,Ir,4,16,0,0.0,0,0.0588,-0.9479,1.0,0,0,0
tmqm_8631,Rh,5,29,5,0.1724,0,0.04,0.3397,1.0,0,0,0
tmqm_8632,Rh,6,26,14,0.5385,0,0.0769,1.2545,1.0,0,0,0
tmqm_8633,Ir,6,29,2,0.069,0,0.0357,-3.6191,1.0,0,0,0
tmqm_8634,Ir,6,29,17,0.5862,0,0.0769,-2.1109,1.0,0,0,0
tmqm_8635,Ir,7,26,6,0.2308,0,0.0476,-2.3704,1.0,0,0,1
tmqm_8636,Ir,5,29,5,0.1724,0,0.04,-2.8952,1.0,0,0,0
tmqm_8637,Rh,8,27,16,0.5926,0,0.0833,0.6933,1.0,0,0,0
tmqm_8638,Ir,6,29,15,0.5172,0,0.0667,-2.6556,1.0,0,0,0
tmqm_8639,Ir,6,29,16,0.5517,0,0.0714,-2.3251,1.0,0,0,0
tmqm_8640,Rh,8,26,3,0.1154,0,0.0417,-0.2603,1.0,0,0,0
tmqm_8641,Ir,8,27,11,0.4074,0,0.0588,-1.4115,1.0,0,0,0
tmqm_8642,Rh,4,27,7,0.2593,0,0.0476,0.2002,1.0,0,0,0
tmqm_8643,Rh,5,26,8,0.3077,0,0.0526,0.6584,1.0,0,0,0
tmqm_8644,Ir,8,26,10,0.3846,0,0.0588,-1.9828,1.0,0,0,0
tmqm_8645,Rh,8,26,13,0.5,0,0.0714,0.7086,1.0,0,0,1
tmqm_8646,Ir,6,29,10,0.3448,0,0.05,-2.865,1.0,0,0,0
tmqm_8647,Ir,8,27,5,0.1852,0,0.0435,-1.1056,1.0,0,0,1
tmqm_8648,Co,10,29,17,0.5862,0,0.0769,1.4136,1.0,0,0,0
tmqm_8649,Rh,6,26,14,0.5385,0,0.0769,0.6537,1.0,0,0,0
tmqm_8650,Ir,8,27,11,0.4074,0,0.0588,-1.9932,1.0,0,0,0
tmqm_8651,Rh,4,27,13,0.4815,0,0.0667,1.1844,1.0,0,0,0
tmqm_8652,Rh,6,29,17,0.5862,0,0.0769,0.9814,1.0,0,0,0
tmqm_8653,Rh,8,26,8,0.3077,0,0.0526,0.1983,1.0,0,0,0
tmqm_8654,Co,9,26,11,0.4231,0,0.0625,0.1927,1.0,0,0,0
tmqm_8655,Co,6,29,10,0.3448,0,0.05,0.3421,1.0,0,0,0
tmqm_8656,Ir,6,29,13,0.4483,0,0.0588,-2.6566,1.0,0,0,0
tmqm_8657,Rh,9,27,12,0.4444,0,0.0625,0.4778,1.0,0,0,0
tmqm_8658,Ir,3,26,8,0.3077,0,0.0526,-2.0095,1.0,1,0,0
tmqm_8659,Ir,6,29,13,0.4483,0,0.0588,-2.5683,1.0,0,0,0
tmqm_8660,Ir,5,29,13,0.4483,0,0.0588,-2.3016,1.0,0,0,0
tmqm_8661,Co,3,26,3,0.1154,0,0.0417,-0.1282,1.0,0,0,0
tmqm_8662,Ir,6,29,8,0.2759,0,0.0455,-2.6024,1.0,0,0,0
tmqm_8663,Rh,8,27,10,0.3704,0,0.0556,0.7864,1.0,0,0,0
tmqm_8664,Ir,6,26,7,0.2692,0,0.05,-3.555,1.0,0,0,0
tmqm_8665,Ir,8,26,7,0.2692,0,0.05,-2.5788,1.0,0,0,0
tmqm_8666,Co,8,29,15,0.5172,0,0.0667,0.7881,1.0,0,0,0
tmqm_8667,Rh,8,26,7,0.2692,0,0.05,0.1393,1.0,0,0,0
tmqm_8668,Rh,4,27,12,0.4444,0,0.0625,0.494,1.0,0,0,0
tmqm_8669,Co,8,16,0,0.0,0,0.0588,-1.139,1.0,0,0,0
tmqm_8670,Ir,5,29,12,0.4138,0,0.0556,-3.06,1.0,0,0,0
tmqm_8671,Ir,8,27,3,0.1111,0,0.04,-2.5912,1.0,0,0,0
tmqm_8672,Rh,9,27,12,0.4444,0,0.0625,0.7152,1.0,0,0,0
tmqm_8673,Ir,6,29,9,0.3103,0,0.0476,-3.2151,1.0,0,0,0
tmqm_8674,Rh,5,29,13,0.4483,0,0.0588,0.9297,1.0,0,0,1
tmqm_8675,Ir,5,27,14,0.5185,0,0.0714,-2.8745,1.0,0,0,0
tmqm_8676,Ir,6,29,7,0.2414,0,0.0435,-3.2332,1.0,1,0,0
tmqm_8677,Rh,4,29,11,0.3793,0,0.0526,1.6849,1.0,0,0,0
tmqm_8678,Ir,6,26,12,0.4615,0,0.0667,-3.3515,1.0,0,0,0
tmqm_8679,Ir,8,26,10,0.3846,0,0.0588,-1.8265,1.0,1,0,0
tmqm_8680,Ir,6,29,15,0.5172,0,0.0667,-2.2582,1.0,0,0,0
tmqm_8681,Ir,8,26,10,0.3846,0,0.0588,-1.089,1.0,0,0,1
tmqm_8682,Co,5,26,1,0.0385,0,0.0385,-0.5184,1.0,0,0,0
tmqm_8683,Co,8,26,5,0.1923,0,0.0455,-0.133,1.0,0,0,0
tmqm_8684,Ir,6,26,10,0.3846,0,0.0588,-2.5118,1.0,0,0,0
tmqm_8685,Ir,7,29,7,0.2414,0,0.0435,-0.1725,1.0,0,0,0
tmqm_8686,Ir,5,29,11,0.3793,0,0.0526,-3.4397,1.0,0,0,0
tmqm_8687,Co,8,29,10,0.3448,0,0.05,0.5996,1.0,0,0,0
tmqm_8688,Ir,8,26,5,0.1923,0,0.0455,-2.0166,1.0,1,0,0
tmqm_8689,Rh,6,29,10,0.3448,0,0.05,0.5314,1.0,0,0,0
tmqm_8690,Ir,6,27,4,0.1481,0,0.0417,-3.6447,1.0,0,0,0
tmqm_8691,Ir,6,29,14,0.4828,0,0.0625,-2.8482,1.0,0,0,0
tmqm_8692,Co,9,26,8,0.3077,0,0.0526,0.1135,1.0,0,0,0
tmqm_8693,Rh,4,29,15,0.5172,0,0.0667,1.3439,1.0,0,0,0
tmqm_8694,Ir,8,27,11,0.4074,0,0.0588,-1.648,1.0,0,0,1
tmqm_8695,Ir,8,26,4,0.1538,0,0.0435,-2.1469,1.0,0,0,0
tmqm_8696,Rh,4,27,12,0.4444,0,0.0625,1.2077,1.0,1,0,0
tmqm_8697,Co,12,24,11,0.4583,0,0.0714,1.114,1.0,0,0,0
tmqm_8698,Rh,6,16,1,0.0625,0,0.0625,-0.5885,1.0,0,1,0
tmqm_8699,Rh,4,29,17,0.5862,0,0.0769,1.5281,1.0,0,0,0
tmqm_8700,Ir,6,27,14,0.5185,0,0.0714,-3.1822,1.0,0,0,0
tmqm_8701,Co,9,29,7,0.2414,0,0.0435,0.6079,1.0,0,0,0
tmqm_8702,Co,6,29,13,0.4483,0,0.0588,0.3872,1.0,0,0,0
tmqm_8703,Ir,6,29,10,0.3448,0,0.05,-3.2673,1.0,0,0,0
tmqm_8704,Co,6,29,15,0.5172,0,0.0667,0.6187,1.0,0,0,0
tmqm_8705,Ir,6,29,14,0.4828,0,0.0625,-2.6414,1.0,0,0,0
tmqm_8706,Ir,8,26,14,0.5385,0,0.0769,-1.8198,1.0,0,0,0
tmqm_8707,Rh,6,26,9,0.3462,0,0.0556,0.0462,1.0,0,0,0
tmqm_8708,Ir,3,25,7,0.28,0,0.0526,-3.0169,1.0,0,0,0
tmqm_8709,Ir,8,26,10,0.3846,0,0.0588,-2.0864,1.0,0,0,0
tmqm_8710,Ir,8,26,5,0.1923,0,0.0455,-2.1296,1.0,0,0,0
tmqm_8711,Rh,6,27,5,0.1852,0,0.0435,-0.0096,1.0,0,0,0
tmqm_8712,Ir,6,27,9,0.3333,0,0.0526,-3.7627,1.0,0,0,0
tmqm_8713,Ir,6,29,12,0.4138,0,0.0556,-2.2085,1.0,0,0,0
tmqm_8714,Co,9,26,11,0.4231,0,0.0625,0.5084,1.0,0,0,0
tmqm_8715,Co,8,27,16,0.5926,0,0.0833,2.2449,1.0,0,0,0
tmqm_8716,Rh,4,27,17,0.6296,0,0.0909,1.5565,1.0,0,0,0
tmqm_8717,Rh,6,29,8,0.2759,0,0.0455,1.0807,1.0,0,0,0
tmqm_8718,Ir,8,26,8,0.3077,0,0.0526,-2.4462,1.0,0,0,0
tmqm_8719,Rh,8,27,11,0.4074,0,0.0588,0.773,1.0,0,0,0
tmqm_8720,Ir,5,26,5,0.1923,0,0.0455,-4.4605,1.0,0,0,0
tmqm_8721,Co,10,26,6,0.2308,0,0.0476,0.003,1.0,0,0,0
tmqm_8722,Rh,6,29,7,0.2414,0,0.0435,0.6502,1.0,0,0,0
tmqm_8723,Co,7,29,9,0.3103,0,0.0476,0.5568,1.0,0,0,0
tmqm_8724,Co,10,29,16,0.5517,0,0.0714,1.0295,1.0,1,0,0
tmqm_8725,Ir,7,26,5,0.1923,0,0.0455,-2.5073,1.0,0,0,0
tmqm_8726,Ir,8,26,8,0.3077,0,0.0526,-1.6513,1.0,0,0,0
tmqm_8727,Co,13,26,16,0.6154,0,0.0909,0.9287,1.0,0,0,0
tmqm_8728,Co,7,29,7,0.2414,0,0.0435,0.625,1.0,0,0,0
tmqm_8729,Ir,4,27,6,0.2222,0,0.0455,-4.126,1.0,0,0,0
tmqm_8730,Ir,8,26,5,0.1923,0,0.0455,-2.7303,1.0,0,0,0
tmqm_8731,Ir,6,29,7,0.2414,0,0.0435,-2.8833,1.0,0,0,0
tmqm_8732,Rh,5,24,9,0.375,0,0.0625,0.4378,1.0,0,0,0
tmqm_8733,Rh,8,26,12,0.4615,0,0.0667,0.5743,1.0,1,0,0
tmqm_8734,Co,8,29,8,0.2759,0,0.0455,0.6668,1.0,0,0,0
tmqm_8735,Rh,9,29,15,0.5172,0,0.0667,1.2447,1.0,0,0,0
tmqm_8736,Ir,5,26,7,0.2692,0,0.05,-3.8553,1.0,0,0,0
tmqm_8737,Ir,5,29,9,0.3103,0,0.0476,-3.0177,1.0,0,0,0
tmqm_8738,Rh,4,29,15,0.5172,0,0.0667,0.9974,1.0,0,0,0
tmqm_8739,Co,6,27,6,0.2222,0,0.0455,-0.0412,1.0,0,0,0
tmqm_8740,Rh,6,27,8,0.2963,0,0.05,0.0972,1.0,0,0,1
tmqm_8741,Co,6,29,15,0.5172,0,0.0667,0.5559,1.0,0,0,0
tmqm_8742,Ir,6,26,5,0.1923,0,0.0455,-4.3641,1.0,0,0,0
tmqm_8743,Ir,5,27,17,0.6296,0,0.0909,-1.3731,1.0,0,0,0
tmqm_8744,Co,6,29,7,0.2414,0,0.0435,0.439,1.0,0,0,0
tmqm_8745,Ir,8,26,13,0.5,0,0.0714,-1.6962,1.0,0,0,0
tmqm_8746,Ir,8,26,15,0.5769,0,0.0833,-1.6912,1.0,1,0,0
tmqm_8747,Ir,10,29,13,0.4483,0,0.0588,-1.2152,1.0,0,0,0
tmqm_8748,Co,12,27,15,0.5556,0,0.0769,0.7402,1.0,0,0,0
tmqm_8749,Rh,9,27,13,0.4815,0,0.0667,0.6135,1.0,1,0,0
tmqm_8750,Ir,9,26,4,0.1538,0,0.0435,-2.9107,1.0,0,0,0
tmqm_8751,Ir,6,29,10,0.3448,0,0.05,-3.009,1.0,0,0,0
tmqm_8752,Rh,8,27,12,0.4444,0,0.0625,0.8414,1.0,0,0,0
tmqm_8753,Ir,5,26,5,0.1923,0,0.0455,-3.1741,1.0,0,0,0
tmqm_8754,Rh,4,29,16,0.5517,0,0.0714,0.7846,1.0,0,0,1
tmqm_8755,Ir,6,29,12,0.4138,0,0.0556,-2.8068,1.0,1,0,0
tmqm_8756,Rh,8,27,6,0.2222,0,0.0455,0.4688,1.0,1,0,0
tmqm_8757,Rh,4,16,6,0.375,0,0.0909,-0.2994,1.0,0,0,0
tmqm_8758,Ir,7,29,12,0.4138,0,0.0556,-1.4416,1.0,0,0,0
tmqm_8759,Ir,8,26,6,0.2308,0,0.0476,-2.527,1.0,0,0,0
tmqm_8760,Rh,7,29,13,0.4483,0,0.0588,1.3867,1.0,0,0,0
tmqm_8761,Ir,8,26,13,0.5,0,0.0714,-1.1238,1.0,0,0,0
tmqm_8762,Co,10,29,14,0.4828,0,0.0625,0.8669,1.0,0,0,0
tmqm_8763,Ir,4,27,14,0.5185,0,0.0714,-2.3383,1.0,0,0,0
tmqm_8764,Rh,3,27,13,0.4815,0,0.0667,1.3712,1.0,0,0,0
tmqm_8765,Ir,9,26,7,0.2692,0,0.05,-1.7092,1.0,0,0,0
tmqm_8766,Co,9,29,16,0.5517,0,0.0714,0.8507,1.0,0,0,0
tmqm_8767,Ir,6,27,9,0.3333,0,0.0526,-2.6692,1.0,0,0,0
tmqm_8768,Ir,7,26,7,0.2692,0,0.05,-2.1639,1.0,0,0,1
tmqm_8769,Ir,7,29,10,0.3448,0,0.05,-1.8,1.0,0,0,0
tmqm_8770,Ir,6,27,12,0.4444,0,0.0625,-2.3545,1.0,0,0,0
tmqm_8771,Rh,7,26,11,0.4231,0,0.0625,0.2432,1.0,0,0,0
tmqm_8772,Ir,6,29,15,0.5172,0,0.0667,-2.6945,1.0,0,0,0
tmqm_8773,Ir,8,26,11,0.4231,0,0.0625,-1.4368,1.0,0,0,0
tmqm_8774,Ir,6,27,10,0.3704,0,0.0556,-3.0588,1.0,0,0,0
tmqm_8775,Rh,8,26,7,0.2692,0,0.05,0.0246,1.0,1,0,0
tmqm_8776,Co,5,26,10,0.3846,0,0.0588,0.0551,1.0,0,0,0
tmqm_8777,Rh,4,29,11,0.3793,0,0.0526,0.4379,1.0,0,0,0
tmqm_8778,Rh,6,26,6,0.2308,0,0.0476,-0.0348,1.0,1,0,0
tmqm_8779,Co,6,29,4,0.1379,0,0.0385,0.0272,1.0,0,0,0
tmqm_8780,Rh,6,29,12,0.4138,0,0.0556,0.5333,1.0,0,0,0
tmqm_8781,Ir,6,29,5,0.1724,0,0.04,-3.2891,1.0,0,0,0
tmqm_8782,Ir,6,29,15,0.5172,0,0.0667,-2.9238,1.0,0,0,0
tmqm_8783,Rh,7,29,16,0.5517,0,0.0714,1.3169,1.0,0,0,0
tmqm_8784,Co,10,29,11,0.3793,0,0.0526,0.7441,1.0,0,0,0
tmqm_8785,Ir,8,26,5,0.1923,0,0.0455,-2.5453,1.0,0,0,0
tmqm_8786,Co,10,29,5,0.1724,0,0.04,0.3388,1.0,0,0,0
tmqm_8787,Co,8,29,9,0.3103,0,0.0476,0.6626,1.0,0,0,0
tmqm_8788,Ir,8,27,14,0.5185,0,0.0714,-1.765,1.0,0,0,0
tmqm_8789,Rh,4,29,17,0.5862,0,0.0769,0.9973,1.0,0,0,0
tmqm_8790,Rh,8,27,16,0.5926,0,0.0833,0.9586,1.0,0,0,0
tmqm_8791,Rh,10,29,6,0.2069,0,0.0417,0.5051,1.0,0,0,1
tmqm_8792,Co,6,26,15,0.5769,0,0.0833,0.2767,1.0,0,0,0
tmqm_8793,Ir,5,29,9,0.3103,0,0.0476,-3.0848,1.0,1,0,0
tmqm_8794,Co,6,29,9,0.3103,0,0.0476,0.3484,1.0,0,0,0
tmqm_8795,Ir,6,29,14,0.4828,0,0.0625,-2.2789,1.0,0,0,0
tmqm_8796,Ir,6,29,10,0.3448,0,0.05,-1.2833,1.0,0,0,0
tmqm_8797,Ir,6,29,7,0.2414,0,0.0435,-3.3813,1.0,0,0,0
tmqm_8798,Ir,9,29,14,0.4828,0,0.0625,-2.0545,1.0,0,0,0
tmqm_8799,Ir,8,26,13,0.5,0,0.0714,-2.0795,1.0,0,0,0
tmqm_8800,Ir,6,29,14,0.4828,0,0.0625,-2.8516,1.0,0,0,0
tmqm_8801,Ir,7,27,7,0.2593,0,0.0476,-2.0531,1.0,0,0,0
tmqm_8802,Ir,8,27,9,0.3333,0,0.0526,-1.5518,1.0,1,0,0
tmqm_8803,Rh,8,26,5,0.1923,0,0.0455,0.7666,1.0,0,0,0
tmqm_8804,Co,10,29,12,0.4138,0,0.0556,0.5785,1.0,0,0,0
tmqm_8805,Co,8,29,18,0.6207,0,0.0833,0.9723,1.0,0,0,0
tmqm_8806,Ir,5,29,6,0.2069,0,0.0417,-3.096,1.0,0,0,1
tmqm_8807,Co,8,29,5,0.1724,0,0.04,0.3372,1.0,0,0,0
tmqm_8808,Ir,8,26,9,0.3462,0,0.0556,-2.1776,1.0,1,0,0
tmqm_8809,Ir,5,29,13,0.4483,0,0.0588,-3.1986,1.0,1,0,0
tmqm_8810,Rh,8,27,11,0.4074,0,0.0588,1.5017,1.0,0,0,0
tmqm_8811,Rh,9,26,8,0.3077,0,0.0526,0.4723,1.0,0,0,0
tmqm_8812,Rh,8,26,5,0.1923,0,0.0455,-0.0951,1.0,0,0,0
tmqm_8813,Ir,8,26,7,0.2692,0,0.05,-2.3981,1.0,0,0,0
tmqm_8814,Ir,7,26,10,0.3846,0,0.0588,-1.1656,1.0,0,0,0
tmqm_8815,Rh,8,27,7,0.2593,0,0.0476,0.1576,1.0,0,0,0
tmqm_8816,Ir,8,27,11,0.4074,0,0.0588,-1.62,1.0,0,0,0
tmqm_8817,Ir,6,29,7,0.2414,0,0.0435,-3.5734,1.0,0,0,0
tmqm_8818,Rh,8,27,11,0.4074,0,0.0588,0.5965,1.0,0,0,0
tmqm_8819,Co,8,29,12,0.4138,0,0.0556,0.5565,1.0,0,0,0
tmqm_8820,Rh,5,26,11,0.4231,0,0.0625,1.134,1.0,0,0,0
tmqm_8821,Co,11,28,10,0.3571,0,0.0526,0.5284,1.0,0,0,0
tmqm_8822,Co,8,26,10,0.3846,0,0.0588,-0.0116,1.0,0,0,0
tmqm_8823,Co,4,26,12,0.4615,0,0.0667,0.782,1.0,0,0,0
tmqm_8824,Ir,8,26,7,0.2692,0,0.05,-1.8659,1.0,0,0,0
tmqm_8825,Rh,5,27,13,0.4815,0,0.0667,0.5623,1.0,0,0,0
tmqm_8826,Ir,8,27,12,0.4444,0,0.0625,-0.7554,1.0,0,0,0
tmqm_8827,Co,10,27,10,0.3704,0,0.0556,0.8217,1.0,0,0,0
tmqm_8828,Rh,4,27,2,0.0741,0,0.0385,0.0156,1.0,1,0,0
tmqm_8829,Co,8,27,9,0.3333,0,0.0526,0.3855,1.0,0,0,0
tmqm_8830,Ir,6,29,15,0.5172,0,0.0667,-2.8281,1.0,1,0,0
tmqm_8831,Co,12,27,6,0.2222,0,0.0455,0.5599,1.0,1,0,0
tmqm_8832,Rh,8,26,12,0.4615,0,0.0667,0.0941,1.0,0,0,0
tmqm_8833,Ir,6,29,8,0.2759,0,0.0455,-3.7265,1.0,0,0,0
tmqm_8834,Rh,4,16,5,0.3125,0,0.0833,-0.4074,1.0,0,1,0
tmqm_8835,Ir,6,29,9,0.3103,0,0.0476,-3.1224,1.0,0,0,0
tmqm_8836,Ir,6,26,14,0.5385,0,0.0769,-3.7908,1.0,0,0,0
tmqm_8837,Rh,6,29,9,0.3103,0,0.0476,0.4628,1.0,0,0,0
tmqm_8838,Co,13,26,12,0.4615,0,0.0667,0.9254,1.0,0,0,0
tmqm_8839,Co,7,27,12,0.4444,0,0.0625,0.3224,1.0,0,0,0
tmqm_8840,Co,4,26,0,0.0,0,0.037,-0.2826,1.0,0,0,0
tmqm_8841,Ir,6,29,9,0.3103,0,0.0476,-3.1227,1.0,0,0,0
tmqm_8842,Rh,2,26,11,0.4231,0,0.0625,0.4145,1.0,0,0,0
tmqm_8843,Co,10,25,7,0.28,0,0.0526,0.6409,1.0,0,0,0
tmqm_8844,Ir,8,26,8,0.3077,0,0.0526,-2.6486,1.0,0,1,1
tmqm_8845,Co,11,28,10,0.3571,0,0.0526,0.4639,1.0,0,0,0
tmqm_8846,Ir,9,26,6,0.2308,0,0.0476,-2.7887,1.0,0,0,0
tmqm_8847,Co,6,26,12,0.4615,0,0.0667,0.7697,1.0,0,0,0
tmqm_8848,Rh,7,29,5,0.1724,0,0.04,0.2127,1.0,0,0,0
tmqm_8849,Rh,4,29,7,0.2414,0,0.0435,0.3266,1.0,0,0,0
tmqm_8850,Co,14,26,16,0.6154,0,0.0909,0.6975,1.0,0,0,0
tmqm_8851,Rh,8,27,5,0.1852,0,0.0435,0.3089,1.0,0,0,0
tmqm_8852,Rh,8,29,15,0.5172,0,0.0667,1.3422,1.0,0,0,0
tmqm_8853,Ir,8,26,12,0.4615,0,0.0667,-1.7944,1.0,0,0,0
tmqm_8854,Ir,5,27,11,0.4074,0,0.0588,-2.051,1.0,0,0,0
tmqm_8855,Rh,9,26,15,0.5769,0,0.0833,1.094,1.0,0,0,0
tmqm_8856,Ir,7,26,2,0.0769,0,0.04,-3.8678,1.0,0,0,0
tmqm_8857,Ir,8,26,13,0.5,0,0.0714,-1.6537,1.0,0,1,0
tmqm_8858,Ir,4,27,4,0.1481,0,0.0417,-2.6631,1.0,0,0,0
tmqm_8859,Rh,8,29,17,0.5862,0,0.0769,1.251,1.0,0,0,0
tmqm_8860,Rh,5,24,5,0.2083,0,0.05,-0.1292,1.0,1,0,0
tmqm_8861,Rh,6,29,12,0.4138,0,0.0556,0.5966,1.0,0,0,0
tmqm_8862,Rh,5,26,7,0.2692,0,0.05,0.3295,1.0,0,0,0
tmqm_8863,Ir,6,29,9,0.3103,0,0.0476,-2.755,1.0,0,0,0
tmqm_8864,Rh,3,27,7,0.2593,0,0.0476,0.4269,1.0,0,0,0
tmqm_8865,Ir,5,16,1,0.0625,0,0.0625,-0.65,1.0,0,0,0
tmqm_8866,Ir,8,26,9,0.3462,0,0.0556,-2.6535,1.0,0,0,1
tmqm_8867,Rh,6,26,14,0.5385,0,0.0769,0.3581,1.0,0,0,0
tmqm_8868,Ir,5,29,10,0.3448,0,0.05,-3.3601,1.0,0,0,0
tmqm_8869,Co,10,29,8,0.2759,0,0.0455,0.5186,1.0,0,0,0
tmqm_8870,Co,8,27,16,0.5926,0,0.0833,0.9218,1.0,0,0,0
tmqm_8871,Co,6,29,10,0.3448,0,0.05,0.4179,1.0,0,0,0
tmqm_8872,Ir,6,29,5,0.1724,0,0.04,-3.1751,1.0,0,0,0
tmqm_8873,Ir,8,27,7,0.2593,0,0.0476,-0.8499,1.0,0,0,0
tmqm_8874,Ir,7,27,12,0.4444,0,0.0625,-1.7326,1.0,0,0,0
tmqm_8875,Co,2,26,10,0.3846,0,0.0588,0.6209,1.0,0,0,0
tmqm_8876,Co,12,27,10,0.3704,0,0.0556,0.8279,1.0,0,0,0
tmqm_8877,Rh,8,27,8,0.2963,0,0.05,0.7359,1.0,0,0,0
tmqm_8878,Co,6,29,10,0.3448,0,0.05,0.3108,1.0,0,0,0
tmqm_8879,Co,8,29,10,0.3448,0,0.05,0.5567,1.0,0,0,0
tmqm_8880,Co,6,29,17,0.5862,0,0.0769,0.6918,1.0,0,0,0
tmqm_8881,Ir,7,29,9,0.3103,0,0.0476,-1.2994,1.0,0,0,0
tmqm_8882,Rh,6,26,8,0.3077,0,0.0526,-0.0271,1.0,0,0,0
tmqm_8883,Co,7,29,10,0.3448,0,0.05,0.5091,1.0,0,0,0
tmqm_8884,Rh,4,26,6,0.2308,0,0.0476,-0.1001,1.0,0,0,0
tmqm_8885,Co,14,26,10,0.3846,0,0.0588,0.4827,1.0,0,0,1
tmqm_8886,Co,10,29,7,0.2414,0,0.0435,0.7493,1.0,0,0,0
tmqm_8887,Ir,8,26,2,0.0769,0,0.04,-2.9038,1.0,0,0,0
tmqm_8888,Rh,4,27,10,0.3704,0,0.0556,0.5326,1.0,0,0,0
tmqm_8889,Ir,7,29,7,0.2414,0,0.0435,-1.8514,1.0,0,0,0
tmqm_8890,Ir,7,26,4,0.1538,0,0.0435,-3.4896,1.0,0,0,0
tmqm_8891,Ir,8,26,7,0.2692,0,0.05,-2.2478,1.0,0,0,0
tmqm_8892,Co,5,26,12,0.4615,0,0.0667,1.4995,1.0,0,0,0
tmqm_8893,Rh,8,26,10,0.3846,0,0.0588,1.1317,1.0,0,0,0
tmqm_8894,Co,12,27,9,0.3333,0,0.0526,0.5051,1.0,0,0,0
tmqm_8895,Ir,8,27,15,0.5556,0,0.0769,-1.8253,1.0,0,0,0
tmqm_8896,Co,11,28,17,0.6071,0,0.0833,0.8776,1.0,1,0,0
tmqm_8897,Co,8,27,9,0.3333,0,0.0526,0.3752,1.0,0,0,0
tmqm_8898,Rh,11,28,12,0.4286,0,0.0588,0.7569,1.0,0,0,0
tmqm_8899,Co,8,29,10,0.3448,0,0.05,0.5513,1.0,0,0,0
tmqm_8900,Ir,6,29,14,0.4828,0,0.0625,-2.8576,1.0,0,0,1
tmqm_8901,Ir,5,27,11,0.4074,0,0.0588,-3.4278,1.0,0,0,0
tmqm_8902,Rh,8,27,8,0.2963,0,0.05,0.3343,1.0,0,0,0
tmqm_8903,Co,10,29,13,0.4483,0,0.0588,0.8274,1.0,0,0,0
tmqm_8904,Co,8,27,9,0.3333,0,0.0526,0.3979,1.0,0,0,0
tmqm_8905,Co,11,28,9,0.3214,0,0.05,0.2399,1.0,0,0,0
tmqm_8906,Ir,8,26,11,0.4231,0,0.0625,-1.2545,1.0,0,1,0
tmqm_8907,Ir,8,27,9,0.3333,0,0.0526,-1.1434,1.0,0,0,0
tmqm_8908,Co,6,29,10,0.3448,0,0.05,0.5086,1.0,0,0,0
tmqm_8909,Ir,9,27,12,0.4444,0,0.0625,-1.6309,1.0,0,0,0
tmqm_8910,Co,5,26,12,0.4615,0,0.0667,0.8735,1.0,0,0,1
tmqm_8911,Co,8,27,8,0.2963,0,0.05,0.4564,1.0,0,0,0
tmqm_8912,Co,6,26,8,0.3077,0,0.0526,0.5857,1.0,0,0,0
tmqm_8913,Ir,6,27,6,0.2222,0,0.0455,-3.5526,1.0,0,0,0
tmqm_8914,Rh,5,27,7,0.2593,0,0.0476,0.9238,1.0,0,0,0
tmqm_8915,Rh,6,29,13,0.4483,0,0.0588,1.0732,1.0,0,0,0
tmqm_8916,Ir,8,26,12,0.4615,0,0.0667,-1.5826,1.0,0,0,0
tmqm_8917,Ir,6,29,6,0.2069,0,0.0417,-3.1535,1.0,0,0,0
tmqm_8918,Ir,6,27,13,0.4815,0,0.0667,-2.9244,1.0,0,0,0
tmqm_8919,Ir,6,29,9,0.3103,0,0.0476,-2.8155,1.0,0,0,0
tmqm_8920,Rh,4,29,12,0.4138,0,0.0556,1.7798,1.0,0,0,0
tmqm_8921,Ir,8,26,15,0.5769,0,0.0833,-2.0069,1.0,0,0,0
tmqm_8922,Co,9,29,16,0.5517,0,0.0714,0.702,1.0,0,0,0
tmqm_8923,Ir,8,26,9,0.3462,0,0.0556,-2.372,1.0,0,0,0
tmqm_8924,Rh,8,26,3,0.1154,0,0.0417,-0.1708,1.0,0,0,0
tmqm_8925,Rh,8,26,6,0.2308,0,0.0476,0.4565,1.0,0,0,0
tmqm_8926,Ir,6,29,3,0.1034,0,0.037,-3.6436,1.0,0,0,0
tmqm_8927,Ir,6,29,10,0.3448,0,0.05,-3.0717,1.0,0,0,0
tmqm_8928,Rh,8,26,11,0.4231,0,0.0625,0.3045,1.0,0,0,0
tmqm_8929,Ir,8,27,13,0.4815,0,0.0667,-1.8955,1.0,1,0,0
tmqm_8930,Ir,3,25,4,0.16,0,0.0455,-3.1775,1.0,0,0,0
tmqm_8931,Ir,8,29,12,0.4138,0,0.0556,-1.5854,1.0,0,0,0
tmqm_8932,Ir,7,27,7,0.2593,0,0.0476,-1.8205,1.0,0,0,0
tmqm_8933,Ir,8,26,12,0.4615,0,0.0667,-1.9977,1.0,0,0,0
tmqm_8934,Rh,8,26,4,0.1538,0,0.0435,0.127,1.0,0,0,0
tmqm_8935,Ir,6,29,10,0.3448,0,0.05,-3.0134,1.0,0,0,0
tmqm_8936,Ir,6,29,8,0.2759,0,0.0455,-3.729,1.0,0,0,0
tmqm_8937,Rh,6,29,16,0.5517,0,0.0714,0.741,1.0,0,0,0
tmqm_8938,Rh,4,29,13,0.4483,0,0.0588,1.5224,1.0,0,0,0
tmqm_8939,Ir,8,26,12,0.4615,0,0.0667,-1.2088,1.0,0,0,0
tmqm_8940,Rh,5,29,13,0.4483,0,0.0588,0.5324,1.0,0,0,0
tmqm_8941,Ir,5,26,14,0.5385,0,0.0769,-4.0493,1.0,0,0,0
tmqm_8942,Ir,3,25,10,0.4,0,0.0625,-1.7055,1.0,0,0,0
tmqm_8943,Ir,9,27,10,0.3704,0,0.0556,-2.3951,1.0,1,0,0
tmqm_8944,Co,5,27,5,0.1852,0,0.0435,0.3822,1.0,0,0,0
tmqm_8945,Co,5,27,8,0.2963,0,0.05,0.9834,1.0,0,0,0
tmqm_8946,Rh,8,27,16,0.5926,0,0.0833,0.6374,1.0,0,0,1
tmqm_8947,Ir,6,29,8,0.2759,0,0.0455,-3.6306,1.0,0,0,0
tmqm_8948,Ir,8,29,14,0.4828,0,0.0625,-1.1199,1.0,0,0,0
tmqm_8949,Ir,6,16,2,0.125,0,0.0667,-0.5421,1.0,0,0,0
tmqm_8950,Co,10,27,8,0.2963,0,0.05,0.8085,1.0,0,0,0
tmqm_8951,Ir,5,27,9,0.3333,0,0.0526,-2.8514,1.0,0,0,0
tmqm_8952,Co,11,28,12,0.4286,0,0.0588,0.6993,1.0,0,0,0
tmqm_8953,Rh,8,26,12,0.4615,0,0.0667,1.6313,1.0,0,0,0
tmqm_8954,Co,8,29,6,0.2069,0,0.0417,0.4991,1.0,0,0,0
tmqm_8955,Co,10,29,11,0.3793,0,0.0526,0.6264,1.0,0,0,0
tmqm_8956,Co,6,27,15,0.5556,0,0.0769,1.3859,1.0,0,0,0
tmqm_8957,Rh,4,29,15,0.5172,0,0.0667,1.84,1.0,0,0,1
tmqm_8958,Co,4,27,9,0.3333,0,0.0526,0.7248,1.0,0,0,0
tmqm_8959,Ir,10,16,1,0.0625,0,0.0625,-0.6809,1.0,0,0,0
tmqm_8960,Ir,8,26,6,0.2308,0,0.0476,-2.0477,1.0,0,0,0
tmqm_8961,Co,11,28,15,0.5357,0,0.0714,0.7524,1.0,0,0,0
tmqm_8962,Rh,7,26,6,0.2308,0,0.0476,-0.1889,1.0,0,0,0
tmqm_8963,Rh,7,29,10,0.3448,0,0.05,0.5336,1.0,0,0,0
tmqm_8964,Co,6,29,17,0.5862,0,0.0769,0.55,1.0,0,0,0
tmqm_8965,Co,6,29,11,0.3793,0,0.0526,0.4026,1.0,0,0,0
tmqm_8966,Rh,5,29,9,0.3103,0,0.0476,0.7663,1.0,0,0,0
tmqm_8967,Ir,6,29,10,0.3448,0,0.05,-2.902,1.0,0,0,0
tmqm_8968,Ir,6,29,14,0.4828,0,0.0625,-2.798,1.0,0,0,0
tmqm_8969,Rh,5,29,10,0.3448,0,0.05,0.4196,1.0,0,0,0
tmqm_8970,Ir,8,26,10,0.3846,0,0.0588,-1.9944,1.0,0,0,0
tmqm_8971,Ir,7,29,16,0.5517,0,0.0714,-1.8176,1.0,0,0,0
tmqm_8972,Co,8,26,7,0.2692,0,0.05,-0.0646,1.0,0,0,0
tmqm_8973,Co,7,29,7,0.2414,0,0.0435,0.295,1.0,0,0,0
tmqm_8974,Co,6,27,12,0.4444,0,0.0625,0.2094,1.0,0,0,0
tmqm_8975,Rh,4,29,12,0.4138,0,0.0556,0.4749,1.0,0,0,0
tmqm_8976,Co,6,27,5,0.1852,0,0.0435,-0.0349,1.0,0,0,0
tmqm_8977,Ir,6,16,0,0.0,0,0.0588,-0.7828,1.0,0,0,0
tmqm_8978,Rh,8,29,17,0.5862,0,0.0769,1.2511,1.0,0,0,1
tmqm_8979,Ir,4,16,0,0.0,0,0.0588,-1.4357,1.0,1,0,0
tmqm_8980,Ir,5,29,11,0.3793,0,0.0526,-2.1446,1.0,0,0,0
tmqm_8981,Rh,6,26,6,0.2308,0,0.0476,-0.0943,1.0,0,0,0
tmqm_8982,Rh,6,26,12,0.4615,0,0.0667,0.3678,1.0,0,0,0
tmqm_8983,Ir,6,29,13,0.4483,0,0.0588,-2.4995,1.0,0,0,0
tmqm_8984,Co,12,27,7,0.2593,0,0.0476,0.5419,1.0,0,0,0
tmqm_8985,Co,9,29,7,0.2414,0,0.0435,0.3927,1.0,0,0,0
tmqm_8986,Rh,5,27,11,0.4074,0,0.0588,1.2151,1.0,0,0,0
tmqm_8987,Ir,6,29,8,0.2759,0,0.0455,-3.5144,1.0,0,0,0
tmqm_8988,Rh,5,29,14,0.4828,0,0.0625,0.7691,1.0,0,0,0
tmqm_8989,Co,10,29,10,0.3448,0,0.05,0.736,1.0,0,0,0
tmqm_8990,Rh,6,26,8,0.3077,0,0.0526,-0.1013,1.0,0,0,0
tmqm_8991,Rh,7,27,14,0.5185,0,0.0714,1.1556,1.0,0,0,0
tmqm_8992,Ir,8,27,5,0.1852,0,0.0435,-1.6348,1.0,0,0,0
tmqm_8993,Co,11,28,3,0.1071,0,0.0385,0.1793,1.0,0,0,0
tmqm_8994,Co,12,27,13,0.4815,0,0.0667,0.7416,1.0,0,0,0
tmqm_8995,Co,8,27,3,0.1111,0,0.04,0.1011,1.0,0,0,0
tmqm_8996,Rh,4,29,5,0.1724,0,0.04,0.3703,1.0,0,0,1
tmqm_8997,Ir,6,29,8,0.2759,0,0.0455,-2.7544,1.0,0,0,0
tmqm_8998,Rh,6,27,10,0.3704,0,0.0556,0.3112,1.0,0,0,0
tmqm_8999,Rh,4,16,2,0.125,0,0.0667,-0.4008,1.0,0,0,0
tmqm_9000,Ir,7,29,4,0.1379,0,0.0385,-1.886,1.0,0,0,0
tmqm_9001,Rh,8,27,12,0.4444,0,0.0625,0.6816,1.0,0,0,0
tmqm_9002,Rh,5,16,1,0.0625,0,0.0625,-0.9235,1.0,0,0,0
tmqm_9003,Rh,6,29,15,0.5172,0,0.0667,0.9597,1.0,0,0,0
tmqm_9004,Ir,8,27,12,0.4444,0,0.0625,-1.8742,1.0,0,0,0
tmqm_9005,Rh,4,27,11,0.4074,0,0.0588,0.2849,1.0,0,0,0
tmqm_9006,Ir,6,29,10,0.3448,0,0.05,-3.1088,1.0,0,0,0
tmqm_9007,Ir,4,27,11,0.4074,0,0.0588,-3.122,1.0,0,0,0
tmqm_9008,Rh,6,29,10,0.3448,0,0.05,1.3843,1.0,0,0,0
tmqm_9009,Ir,4,29,8,0.2759,0,0.0455,-2.8423,1.0,0,0,0
tmqm_9010,Rh,5,26,9,0.3462,0,0.0556,-0.0296,1.0,1,0,0
tmqm_9011,Co,7,29,12,0.4138,0,0.0556,1.0369,1.0,0,0,0
tmqm_9012,Ir,8,26,10,0.3846,0,0.0588,-1.5807,1.0,0,0,0
tmqm_9013,Rh,6,29,12,0.4138,0,0.0556,1.0072,1.0,0,0,0
tmqm_9014,Rh,5,29,4,0.1379,0,0.0385,0.1667,1.0,0,0,0
tmqm_9015,Co,10,29,12,0.4138,0,0.0556,0.6516,1.0,0,0,0
tmqm_9016,Ir,4,29,4,0.1379,0,0.0385,-3.2744,1.0,0,0,0
tmqm_9017,Co,10,26,8,0.3077,0,0.0526,-0.1368,1.0,0,0,0
tmqm_9018,Ir,6,26,5,0.1923,0,0.0455,-3.9285,1.0,0,0,0
tmqm_9019,Rh,4,29,6,0.2069,0,0.0417,-0.1336,1.0,0,0,0
tmqm_9020,Ir,5,26,5,0.1923,0,0.0455,-3.7386,1.0,0,0,0
tmqm_9021,Rh,8,26,9,0.3462,0,0.0556,0.0148,1.0,0,0,0
tmqm_9022,Co,5,26,15,0.5769,0,0.0833,1.756,1.0,0,0,0
tmqm_9023,Ir,6,29,12,0.4138,0,0.0556,-3.2895,1.0,0,0,0
tmqm_9024,Ir,5,26,5,0.1923,0,0.0455,-3.9211,1.0,0,0,0
tmqm_9025,Co,4,26,13,0.5,0,0.0714,0.2642,1.0,0,0,0
tmqm_9026,Ir,8,26,4,0.1538,0,0.0435,-2.2132,1.0,0,0,0
tmqm_9027,Co,10,29,12,0.4138,0,0.0556,0.6541,1.0,0,0,0
tmqm_9028,Rh,8,29,7,0.2414,0,0.0435,0.7774,1.0,0,0,0
tmqm_9029,Ir,6,29,15,0.5172,0,0.0667,-2.0185,1.0,0,0,0
tmqm_9030,Rh,7,29,14,0.4828,0,0.0625,0.9083,1.0,0,0,0
tmqm_9031,Ir,5,29,14,0.4828,0,0.0625,-2.8312,1.0,0,1,0
tmqm_9032,Rh,8,27,7,0.2593,0,0.0476,0.6714,1.0,0,0,0
tmqm_9033,Ir,7,27,11,0.4074,0,0.0588,-1.1387,1.0,0,0,0
tmqm_9034,Ir,7,27,10,0.3704,0,0.0556,-2.0642,1.0,0,0,0
tmqm_9035,Rh,4,29,17,0.5862,0,0.0769,0.9457,1.0,0,0,0
tmqm_9036,Rh,6,27,6,0.2222,0,0.0455,0.4486,1.0,0,0,0
tmqm_9037,Co,9,25,5,0.2,0,0.0476,0.0935,1.0,0,0,0
tmqm_9038,Co,4,29,15,0.5172,0,0.0667,1.2952,1.0,0,0,0
tmqm_9039,Rh,6,27,6,0.2222,0,0.0455,0.5761,1.0,0,0,0
tmqm_9040,Co,8,29,9,0.3103,0,0.0476,0.428,1.0,0,0,0
tmqm_9041,Rh,9,27,2,0.0741,0,0.0385,0.0708,1.0,0,0,0
tmqm_9042,Co,11,28,13,0.4643,0,0.0625,0.7499,1.0,0,0,0
tmqm_9043,Ir,4,27,10,0.3704,0,0.0556,-1.9264,1.0,0,0,0
tmqm_9044,Ir,8,27,14,0.5185,0,0.0714,-1.7693,1.0,0,1,0
tmqm_9045,Co,8,26,11,0.4231,0,0.0625,3.5258,1.0,0,0,0
tmqm_9046,Ir,6,27,10,0.3704,0,0.0556,-3.0505,1.0,0,0,1
tmqm_9047,Rh,6,29,10,0.3448,0,0.05,0.7006,1.0,0,0,0
tmqm_9048,Ir,5,27,15,0.5556,0,0.0769,-1.8055,1.0,0,0,0
tmqm_9049,Ir,6,27,15,0.5556,0,0.0769,-1.9413,1.0,0,0,0
tmqm_9050,Ir,6,29,12,0.4138,0,0.0556,-2.9497,1.0,0,0,0
tmqm_9051,Rh,7,27,15,0.5556,0,0.0769,1.6105,1.0,0,0,0
tmqm_9052,Co,6,29,11,0.3793,0,0.0526,0.1839,1.0,0,0,0
tmqm_9053,Ir,8,27,7,0.2593,0,0.0476,-0.8687,1.0,0,0,0
tmqm_9054,Rh,3,26,4,0.1538,0,0.0435,-0.2926,1.0,0,0,0
tmqm_9055,Rh,4,29,11,0.3793,0,0.0526,1.0234,1.0,0,1,0
tmqm_9056,Ir,4,27,9,0.3333,0,0.0526,-3.4547,1.0,0,0,0
tmqm_9057,Ir,8,26,10,0.3846,0,0.0588,-2.0861,1.0,0,0,0
tmqm_9058,Ir,3,26,7,0.2692,0,0.05,-2.0154,1.0,1,0,0
tmqm_9059,Ir,5,26,4,0.1538,0,0.0435,-3.6376,1.0,0,0,0
tmqm_9060,Rh,6,29,18,0.6207,0,0.0833,1.3939,1.0,0,0,0
tmqm_9061,Ir,8,26,16,0.6154,0,0.0909,-1.7488,1.0,0,0,0
tmqm_9062,Rh,6,29,12,0.4138,0,0.0556,0.3479,1.0,0,0,0
tmqm_9063,Ir,6,27,7,0.2593,0,0.0476,-3.8094,1.0,0,0,0
tmqm_9064,Co,10,27,11,0.4074,0,0.0588,0.4576,1.0,0,0,0
tmqm_9065,Ir,6,29,15,0.5172,0,0.0667,-2.6884,1.0,0,0,0
tmqm_9066,Ir,6,29,15,0.5172,0,0.0667,-1.6822,1.0,0,0,0
tmqm_9067,Ir,8,26,9,0.3462,0,0.0556,-2.0808,1.0,0,0,0
tmqm_9068,Rh,10,29,10,0.3448,0,0.05,0.63,1.0,0,0,0
tmqm_9069,Co,8,29,13,0.4483,0,0.0588,0.6014,1.0,0,0,0
tmqm_9070,Rh,8,27,12,0.4444,0,0.0625,0.7348,1.0,0,0,0
tmqm_9071,Rh,5,27,10,0.3704,0,0.0556,0.4194,1.0,0,0,0
tmqm_9072,Rh,6,29,8,0.2759,0,0.0455,0.4643,1.0,0,0,0
tmqm_9073,Ir,6,29,13,0.4483,0,0.0588,-1.3313,1.0,0,0,0
tmqm_9074,Co,4,29,4,0.1379,0,0.0385,0.2144,1.0,0,0,0
tmqm_9075,Co,4,26,5,0.1923,0,0.0455,-0.0484,1.0,0,0,0
tmqm_9076,Ir,5,27,10,0.3704,0,0.0556,-3.2274,1.0,0,0,0
tmqm_9077,Ir,6,27,7,0.2593,0,0.0476,-3.0355,1.0,0,0,0
tmqm_9078,Ir,8,26,12,0.4615,0,0.0667,-2.1039,1.0,0,0,1
tmqm_9079,Ir,8,27,11,0.4074,0,0.0588,-1.5785,1.0,0,0,0
tmqm_9080,Co,7,29,8,0.2759,0,0.0455,0.3925,1.0,0,0,0
tmqm_9081,Ir,8,26,10,0.3846,0,0.0588,-1.0452,1.0,0,0,0
tmqm_9082,Co,5,16,2,0.125,0,0.0667,-0.6312,1.0,0,0,0
tmqm_9083,Rh,6,27,7,0.2593,0,0.0476,-0.0577,1.0,0,0,0
tmqm_9084,Ir,6,26,14,0.5385,0,0.0769,-2.5337,1.0,0,0,0
tmqm_9085,Rh,8,26,2,0.0769,0,0.04,-0.3853,1.0,0,0,0
tmqm_9086,Co,5,27,12,0.4444,0,0.0625,0.6046,1.0,0,0,0
tmqm_9087,Co,5,27,6,0.2222,0,0.0455,0.26,1.0,0,0,0
tmqm_9088,Rh,9,27,4,0.1481,0,0.0417,0.3849,1.0,1,0,0
tmqm_9089,Rh,9,27,10,0.3704,0,0.0556,0.4097,1.0,0,0,0
tmqm_9090,Ir,8,26,9,0.3462,0,0.0556,-1.9465,1.0,0,0,0
tmqm_9091,Ir,8,27,8,0.2963,0,0.05,-1.5142,1.0,0,0,0
tmqm_9092,Co,12,27,4,0.1481,0,0.0417,0.3984,1.0,0,0,0
tmqm_9093,Co,4,26,12,0.4615,0,0.0667,0.2051,1.0,0,0,1
tmqm_9094,Co,6,29,13,0.4483,0,0.0588,1.1312,1.0,0,0,0
tmqm_9095,Ir,2,26,8,0.3077,0,0.0526,-1.7853,1.0,0,0,0
tmqm_9096,Ir,7,27,13,0.4815,0,0.0667,-0.8266,1.0,0,0,0
tmqm_9097,Ir,7,26,8,0.3077,0,0.0526,-3.1884,1.0,0,0,0
tmqm_9098,Ir,4,26,6,0.2308,0,0.0476,-3.0347,1.0,1,0,0
tmqm_9099,Rh,3,27,10,0.3704,0,0.0556,0.3196,1.0,0,0,0
tmqm_9100,Rh,5,29,5,0.1724,0,0.04,-0.499,1.0,0,0,0
tmqm_9101,Rh,4,27,10,0.3704,0,0.0556,0.5599,1.0,0,0,0
tmqm_9102,Ir,8,26,13,0.5,0,0.0714,-1.5472,1.0,0,0,0
tmqm_9103,Ir,8,27,8,0.2963,0,0.05,-1.4019,1.0,0,0,0
tmqm_9104,Rh,6,26,6,0.2308,0,0.0476,0.1369,1.0,0,0,0
tmqm_9105,Ir,6,27,16,0.5926,0,0.0833,-2.8502,1.0,0,0,0
tmqm_9106,Co,6,29,9,0.3103,0,0.0476,0.4904,1.0,0,0,0
tmqm_9107,Rh,8,29,19,0.6552,0,0.0909,2.2043,1.0,0,0,0
tmqm_9108,Rh,8,27,10,0.3704,0,0.0556,0.5846,1.0,0,0,0
tmqm_9109,Co,7,29,14,0.4828,0,0.0625,0.9248,1.0,0,0,0
tmqm_9110,Ir,5,27,5,0.1852,0,0.0435,-3.2223,1.0,0,0,0
tmqm_9111,Rh,4,29,15,0.5172,0,0.0667,1.8673,1.0,1,0,0
tmqm_9112,Co,1,14,2,0.1429,0,0.0769,-0.0637,1.0,0,0,0
tmqm_9113,Co,7,29,7,0.2414,0,0.0435,0.3814,1.0,0,0,0
tmqm_9114,Rh,6,29,8,0.2759,0,0.0455,0.3617,1.0,0,0,0
tmqm_9115,Ir,7,29,7,0.2414,0,0.0435,-1.6529,1.0,0,0,0
tmqm_9116,Rh,8,26,8,0.3077,0,0.0526,0.3013,1.0,0,0,0
tmqm_9117,Rh,8,29,12,0.4138,0,0.0556,1.3412,1.0,0,0,0
tmqm_9118,Ir,6,26,13,0.5,0,0.0714,-1.7279,1.0,0,0,0
tmqm_9119,Rh,4,29,18,0.6207,0,0.0833,2.0566,1.0,0,0,0
tmqm_9120,Co,6,27,11,0.4074,0,0.0588,0.629,1.0,0,0,0
tmqm_9121,Rh,5,29,8,0.2759,0,0.0455,0.4541,1.0,0,0,0
tmqm_9122,Ir,3,24,13,0.5417,0,0.0833,-1.5776,1.0,0,0,0
tmqm_9123,Co,12,27,13,0.4815,0,0.0667,0.6811,1.0,0,0,0
tmqm_9124,Rh,8,29,9,0.3103,0,0.0476,0.2767,1.0,0,0,0
tmqm_9125,Co,4,26,8,0.3077,0,0.0526,0.6499,1.0,0,0,0
tmqm_9126,Co,8,29,14,0.4828,0,0.0625,0.6892,1.0,0,0,0
tmqm_9127,Rh,8,27,12,0.4444,0,0.0625,0.742,1.0,0,0,0
tmqm_9128,Ir,6,29,5,0.1724,0,0.04,-2.7932,1.0,0,0,0
tmqm_9129,Ir,6,29,9,0.3103,0,0.0476,-2.9094,1.0,0,0,0
tmqm_9130,Ir,6,29,4,0.1379,0,0.0385,-3.345,1.0,0,0,0
tmqm_9131,Co,10,27,13,0.4815,0,0.0667,1.1356,1.0,1,0,0
tmqm_9132,Co,10,26,11,0.4231,0,0.0625,0.3414,1.0,1,0,0
tmqm_9133,Ir,8,26,16,0.6154,0,0.0909,-1.5772,1.0,0,0,0
tmqm_9134,Co,8,29,13,0.4483,0,0.0588,0.9221,1.0,0,0,0
tmqm_9135,Rh,8,26,5,0.1923,0,0.0455,-0.1114,1.0,0,0,0
tmqm_9136,Ir,4,29,14,0.4828,0,0.0625,-2.3601,1.0,0,0,0
tmqm_9137,Ir,8,26,5,0.1923,0,0.0455,-2.1103,1.0,0,0,0
tmqm_9138,Ir,6,29,11,0.3793,0,0.0526,-2.9716,1.0,0,0,0
tmqm_9139,Rh,11,28,12,0.4286,0,0.0588,0.9836,1.0,0,0,0
tmqm_9140,Ir,5,27,13,0.4815,0,0.0667,-1.468,1.0,0,0,0
tmqm_9141,Ir,6,29,6,0.2069,0,0.0417,-3.2227,1.0,0,0,0
tmqm_9142,Rh,8,26,9,0.3462,0,0.0556,0.1105,1.0,0,0,0
tmqm_9143,Ir,8,26,12,0.4615,0,0.0667,-2.3922,1.0,0,0,0
tmqm_9144,Ir,4,27,15,0.5556,0,0.0769,-2.3321,1.0,0,0,0
tmqm_9145,Rh,8,26,7,0.2692,0,0.05,0.342,1.0,0,0,0
tmqm_9146,Ir,8,26,7,0.2692,0,0.05,-1.9963,1.0,0,0,0
tmqm_9147,Ir,5,29,14,0.4828,0,0.0625,-1.9935,1.0,0,0,0
tmqm_9148,Ir,8,29,7,0.2414,0,0.0435,-1.3759,1.0,0,0,0
tmqm_9149,Co,5,27,15,0.5556,0,0.0769,0.6552,1.0,0,0,0
tmqm_9150,Rh,4,29,14,0.4828,0,0.0625,1.1371,1.0,0,0,0
tmqm_9151,Rh,4,29,8,0.2759,0,0.0455,0.2687,1.0,0,0,0
tmqm_9152,Rh,4,29,12,0.4138,0,0.0556,0.8549,1.0,0,0,0
tmqm_9153,Co,11,28,8,0.2857,0,0.0476,0.5463,1.0,0,0,0
tmqm_9154,Ir,8,26,14,0.5385,0,0.0769,-1.7735,1.0,0,0,0
tmqm_9155,Ir,6,29,16,0.5517,0,0.0714,-1.4392,1.0,0,0,0
tmqm_9156,Rh,3,27,4,0.1481,0,0.0417,0.1504,1.0,0,0,0
tmqm_9157,Rh,7,27,6,0.2222,0,0.0455,0.3749,1.0,0,0,0
tmqm_9158,Ir,8,26,5,0.1923,0,0.0455,-2.3522,1.0,0,0,0
tmqm_9159,Co,10,29,14,0.4828,0,0.0625,0.7215,1.0,0,0,0
tmqm_9160,Ir,8,29,11,0.3793,0,0.0526,-1.4918,1.0,0,0,0
tmqm_9161,Co,5,29,10,0.3448,0,0.05,0.5652,1.0,1,0,0
tmqm_9162,Rh,6,26,9,0.3462,0,0.0556,0.2573,1.0,0,0,0
tmqm_9163,Co,6,27,10,0.3704,0,0.0556,0.4404,1.0,0,0,0
tmqm_9164,Co,4,29,15,0.5172,0,0.0667,0.7882,1.0,0,0,0
tmqm_9165,Co,4,26,5,0.1923,0,0.0455,0.4408,1.0,0,0,0
tmqm_9166,Ir,6,29,10,0.3448,0,0.05,-2.4342,1.0,0,0,0
tmqm_9167,Ir,6,29,8,0.2759,0,0.0455,-2.4838,1.0,0,0,0
tmqm_9168,Ir,8,26,9,0.3462,0,0.0556,-1.3696,1.0,0,0,0
tmqm_9169,Ir,7,29,6,0.2069,0,0.0417,-2.0691,1.0,1,0,0
tmqm_9170,Ir,8,26,2,0.0769,0,0.04,-2.6834,1.0,0,0,0
tmqm_9171,Co,5,27,14,0.5185,0,0.0714,0.6175,1.0,0,0,0
tmqm_9172,Ir,6,29,16,0.5517,0,0.0714,-2.1874,1.0,0,0,0
tmqm_9173,Ir,8,29,15,0.5172,0,0.0667,-0.9212,1.0,0,0,0
tmqm_9174,Rh,10,29,10,0.3448,0,0.05,0.5949,1.0,0,0,0
tmqm_9175,Rh,5,24,9,0.375,0,0.0625,0.5035,1.0,0,0,0
tmqm_9176,Rh,7,27,13,0.4815,0,0.0667,0.7585,1.0,0,0,0
tmqm_9177,Rh,4,27,13,0.4815,0,0.0667,0.4943,1.0,0,0,0
tmqm_9178,Co,8,29,10,0.3448,0,0.05,0.5655,1.0,0,0,0
tmqm_9179,Co,8,27,9,0.3333,0,0.0526,0.4575,1.0,0,0,0
tmqm_9180,Rh,5,27,15,0.5556,0,0.0769,1.157,1.0,0,0,0
tmqm_9181,Ir,8,29,11,0.3793,0,0.0526,-0.8427,1.0,0,0,0
tmqm_9182,Ir,7,29,10,0.3448,0,0.05,-0.5003,1.0,1,0,0
tmqm_9183,Rh,8,26,11,0.4231,0,0.0625,0.193,1.0,0,0,0
tmqm_9184,Co,7,29,7,0.2414,0,0.0435,0.4828,1.0,0,0,0
tmqm_9185,Ir,6,16,7,0.4375,0,0.1,-0.2149,1.0,0,0,0
tmqm_9186,Ir,6,29,11,0.3793,0,0.0526,-3.528,1.0,0,0,0
tmqm_9187,Co,4,26,3,0.1154,0,0.0417,-0.553,1.0,0,0,0
tmqm_9188,Rh,8,26,7,0.2692,0,0.05,0.0159,1.0,0,0,0
tmqm_9189,Ir,8,26,9,0.3462,0,0.0556,-2.0542,1.0,0,0,0
tmqm_9190,Ir,6,29,14,0.4828,0,0.0625,-2.5522,1.0,0,0,0
tmqm_9191,Rh,4,29,7,0.2414,0,0.0435,0.292,1.0,0,0,0
tmqm_9192,Ir,6,27,5,0.1852,0,0.0435,-3.0566,1.0,0,0,0
tmqm_9193,Co,5,26,10,0.3846,0,0.0588,0.5488,1.0,0,0,0
tmqm_9194,Ir,6,29,8,0.2759,0,0.0455,-2.9192,1.0,0,0,0
tmqm_9195,Ir,5,27,8,0.2963,0,0.05,-2.3613,1.0,0,0,0
tmqm_9196,Ir,6,29,12,0.4138,0,0.0556,-2.6558,1.0,0,0,0
tmqm_9197,Ir,9,26,8,0.3077,0,0.0526,-3.1472,1.0,0,0,0
tmqm_9198,Ir,7,27,12,0.4444,0,0.0625,-1.8327,1.0,0,0,0
tmqm_9199,Co,7,27,10,0.3704,0,0.0556,1.5392,1.0,0,0,0
tmqm_9200,Co,11,26,14,0.5385,0,0.0769,0.8119,1.0,0,0,0
tmqm_9201,Rh,8,26,11,0.4231,0,0.0625,0.2718,1.0,0,0,0
tmqm_9202,Co,10,29,16,0.5517,0,0.0714,1.5501,1.0,0,0,0
tmqm_9203,Ir,8,26,10,0.3846,0,0.0588,-1.3779,1.0,1,0,0
tmqm_9204,Ir,8,26,13,0.5,0,0.0714,-1.2367,1.0,0,0,0
tmqm_9205,Ir,8,26,6,0.2308,0,0.0476,-0.4016,1.0,1,0,0
tmqm_9206,Co,6,27,15,0.5556,0,0.0769,0.8966,1.0,0,0,0
tmqm_9207,Ir,6,29,14,0.4828,0,0.0625,-3.0933,1.0,0,0,0
tmqm_9208,Rh,9,29,5,0.1724,0,0.04,0.4207,1.0,0,0,0
tmqm_9209,Ir,6,29,8,0.2759,0,0.0455,-2.914,1.0,0,0,0
tmqm_9210,Ir,5,27,12,0.4444,0,0.0625,-3.3218,1.0,0,0,0
tmqm_9211,Rh,6,29,10,0.3448,0,0.05,0.381,1.0,0,0,0
tmqm_9212,Rh,5,29,17,0.5862,0,0.0769,1.3058,1.0,0,0,0
tmqm_9213,Ir,7,29,16,0.5517,0,0.0714,-0.9535,1.0,0,0,0
tmqm_9214,Ir,7,29,10,0.3448,0,0.05,-1.6359,1.0,0,0,0
tmqm_9215,Ir,6,29,7,0.2414,0,0.0435,-3.0639,1.0,0,0,0
tmqm_9216,Ir,8,27,4,0.1481,0,0.0417,-2.075,1.0,0,0,0
tmqm_9217,Rh,4,27,5,0.1852,0,0.0435,0.2114,1.0,0,1,0
tmqm_9218,Rh,4,27,12,0.4444,0,0.0625,0.7046,1.0,0,0,0
tmqm_9219,Rh,8,29,12,0.4138,0,0.0556,0.735,1.0,0,0,0
tmqm_9220,Co,8,29,10,0.3448,0,0.05,0.5966,1.0,0,0,0
tmqm_9221,Ir,6,29,9,0.3103,0,0.0476,-2.968,1.0,0,0,0
tmqm_9222,Co,4,29,16,0.5517,0,0.0714,0.8556,1.0,0,0,0
tmqm_9223,Ir,6,27,6,0.2222,0,0.0455,-3.6658,1.0,0,0,0
tmqm_9224,Ir,5,29,11,0.3793,0,0.0526,-2.8562,1.0,0,0,0
tmqm_9225,Ir,6,29,9,0.3103,0,0.0476,-3.4488,1.0,0,0,0
tmqm_9226,Rh,8,26,11,0.4231,0,0.0625,0.2985,1.0,0,0,0
tmqm_9227,Co,4,27,14,0.5185,0,0.0714,0.4194,1.0,0,0,0
tmqm_9228,Rh,4,29,17,0.5862,0,0.0769,1.5429,1.0,0,0,0
tmqm_9229,Rh,5,26,14,0.5385,0,0.0769,0.3099,1.0,0,0,0
tmqm_9230,Ir,6,29,10,0.3448,0,0.05,-2.9396,1.0,0,0,0
tmqm_9231,Rh,9,29,10,0.3448,0,0.05,0.4866,1.0,0,0,0
tmqm_9232,Ir,8,26,8,0.3077,0,0.0526,-2.0404,1.0,0,0,0
tmqm_9233,Co,15,15,3,0.2,0,0.0769,1.1081,1.0,0,0,0
tmqm_9234,Rh,4,29,2,0.069,0,0.0357,-0.3787,1.0,0,0,0
tmqm_9235,Ir,8,27,11,0.4074,0,0.0588,-1.4686,1.0,0,0,0
tmqm_9236,Rh,7,27,11,0.4074,0,0.0588,0.4538,1.0,0,0,0
tmqm_9237,Ir,6,26,11,0.4231,0,0.0625,-2.7391,1.0,0,0,0
tmqm_9238,Rh,4,29,6,0.2069,0,0.0417,-0.2214,1.0,0,0,0
tmqm_9239,Co,11,28,8,0.2857,0,0.0476,0.591,1.0,0,0,0
tmqm_9240,Ir,8,26,11,0.4231,0,0.0625,0.0381,1.0,0,0,0
tmqm_9241,Ir,4,24,2,0.0833,0,0.0435,-3.6875,1.0,0,0,0
tmqm_9242,Co,6,29,14,0.4828,0,0.0625,0.8932,1.0,0,0,0
tmqm_9243,Ir,8,26,8,0.3077,0,0.0526,-0.6207,1.0,0,0,0
tmqm_9244,Ir,6,16,10,0.625,0,0.1429,0.6288,1.0,0,0,0
tmqm_9245,Rh,5,27,6,0.2222,0,0.0455,0.0703,1.0,0,0,0
tmqm_9246,Rh,5,27,15,0.5556,0,0.0769,1.1221,1.0,0,0,0
tmqm_9247,Rh,3,27,11,0.4074,0,0.0588,0.7419,1.0,0,0,0
tmqm_9248,Ir,6,16,0,0.0,0,0.0588,-0.6639,1.0,0,0,0
tmqm_9249,Ir,6,26,12,0.4615,0,0.0667,-3.6562,1.0,0,0,0
tmqm_9250,Ir,8,26,9,0.3462,0,0.0556,-1.616,1.0,0,0,0
tmqm_9251,Co,5,16,11,0.6875,0,0.1667,0.2871,1.0,0,0,0
tmqm_9252,Rh,5,16,0,0.0,0,0.0588,-0.9469,1.0,0,0,0
tmqm_9253,Co,8,29,17,0.5862,0,0.0769,1.0097,1.0,0,0,0
tmqm_9254,Ir,6,29,10,0.3448,0,0.05,-3.0358,1.0,0,0,0
tmqm_9255,Ir,6,29,17,0.5862,0,0.0769,-2.7848,1.0,0,0,0
tmqm_9256,Rh,6,29,9,0.3103,0,0.0476,0.7214,1.0,0,0,0
tmqm_9257,Ir,6,29,9,0.3103,0,0.0476,-2.392,1.0,0,0,0
tmqm_9258,Rh,6,27,10,0.3704,0,0.0556,0.61,1.0,0,0,0
tmqm_9259,Co,7,26,7,0.2692,0,0.05,-0.0572,1.0,0,0,0
tmqm_9260,Ir,5,29,7,0.2414,0,0.0435,-2.8965,1.0,0,0,0
tmqm_9261,Co,11,24,11,0.4583,0,0.0714,0.7898,1.0,1,0,0
tmqm_9262,Co,11,26,14,0.5385,0,0.0769,0.9428,1.0,0,0,0
tmqm_9263,Co,11,28,12,0.4286,0,0.0588,0.4763,1.0,0,0,0
tmqm_9264,Ir,5,29,13,0.4483,0,0.0588,-2.1526,1.0,0,0,0
tmqm_9265,Ir,6,29,8,0.2759,0,0.0455,-3.034,1.0,0,0,0
tmqm_9266,Ir,6,26,3,0.1154,0,0.0417,-4.1448,1.0,0,0,0
tmqm_9267,Rh,8,27,6,0.2222,0,0.0455,0.4761,1.0,0,0,0
tmqm_9268,Rh,8,26,3,0.1154,0,0.0417,-0.1224,1.0,0,0,0
tmqm_9269,Co,6,29,5,0.1724,0,0.04,0.2734,1.0,0,0,0
tmqm_9270,Ir,6,29,7,0.2414,0,0.0435,-3.4982,1.0,0,0,0
tmqm_9271,Co,5,27,6,0.2222,0,0.0455,0.1183,1.0,0,0,0
tmqm_9272,Rh,4,16,3,0.1875,0,0.0714,-0.4498,1.0,0,0,0
tmqm_9273,Ir,8,26,8,0.3077,0,0.0526,-1.0417,1.0,0,0,0
tmqm_9274,Ir,6,29,13,0.4483,0,0.0588,-2.9964,1.0,0,0,0
tmqm_9275,Rh,6,27,6,0.2222,0,0.0455,0.1706,1.0,0,0,0
tmqm_9276,Ir,6,29,8,0.2759,0,0.0455,-3.5274,1.0,0,0,0
tmqm_9277,Rh,4,27,13,0.4815,0,0.0667,0.9845,1.0,0,0,0
tmqm_9278,Co,4,26,5,0.1923,0,0.0455,-0.0308,1.0,0,0,0
tmqm_9279,Co,12,24,12,0.5,0,0.0769,1.3211,1.0,0,0,0
tmqm_9280,Co,10,29,9,0.3103,0,0.0476,0.5058,1.0,0,0,0
tmqm_9281,Ir,6,29,8,0.2759,0,0.0455,-3.0458,1.0,0,0,0
tmqm_9282,Ir,8,26,5,0.1923,0,0.0455,-3.199,1.0,0,1,0
tmqm_9283,Co,7,27,6,0.2222,0,0.0455,0.1455,1.0,0,0,0
tmqm_9284,Co,8,29,10,0.3448,0,0.05,0.6922,1.0,0,0,0
tmqm_9285,Ir,7,27,15,0.5556,0,0.0769,-1.0689,1.0,0,0,0
tmqm_9286,Rh,9,27,13,0.4815,0,0.0667,0.6676,1.0,0,0,0
tmqm_9287,Ir,6,29,8,0.2759,0,0.0455,-3.0557,1.0,0,0,0
tmqm_9288,Ir,6,29,10,0.3448,0,0.05,-2.3582,1.0,0,0,1
tmqm_9289,Ir,6,26,15,0.5769,0,0.0833,-1.8116,1.0,0,0,0
tmqm_9290,Ir,5,26,14,0.5385,0,0.0769,-3.8758,1.0,0,0,1
tmqm_9291,Rh,8,26,11,0.4231,0,0.0625,0.4079,1.0,0,0,0
tmqm_9292,Ir,6,29,11,0.3793,0,0.0526,-2.6653,1.0,0,0,0
tmqm_9293,Ir,8,27,7,0.2593,0,0.0476,-2.3873,1.0,0,0,0
tmqm_9294,Ir,6,29,6,0.2069,0,0.0417,-2.6867,1.0,0,0,0
tmqm_9295,Rh,6,29,10,0.3448,0,0.05,0.7439,1.0,0,0,0
tmqm_9296,Ir,5,27,14,0.5185,0,0.0714,-2.4535,1.0,0,0,0
tmqm_9297,Co,4,26,11,0.4231,0,0.0625,0.2876,1.0,0,0,0
tmqm_9298,Rh,8,27,13,0.4815,0,0.0667,0.8598,1.0,0,0,0
tmqm_9299,Ir,6,29,10,0.3448,0,0.05,-2.5083,1.0,0,0,0
tmqm_9300,Ir,8,26,5,0.1923,0,0.0455,-1.2551,1.0,0,0,0
tmqm_9301,Ir,8,26,5,0.1923,0,0.0455,-2.7258,1.0,0,0,0
tmqm_9302,Ir,8,26,13,0.5,0,0.0714,-1.1382,1.0,0,0,0
tmqm_9303,Co,6,29,14,0.4828,0,0.0625,0.5223,1.0,0,0,0
tmqm_9304,Rh,4,29,10,0.3448,0,0.05,0.2261,1.0,0,0,0
tmqm_9305,Co,5,27,16,0.5926,0,0.0833,1.8632,1.0,0,0,0
tmqm_9306,Ir,9,27,8,0.2963,0,0.05,-2.433,1.0,0,0,0
tmqm_9307,Co,5,27,9,0.3333,0,0.0526,0.2507,1.0,0,0,0
tmqm_9308,Ir,6,26,8,0.3077,0,0.0526,-4.1702,1.0,0,0,0
tmqm_9309,Co,7,27,7,0.2593,0,0.0476,0.1882,1.0,0,0,0
tmqm_9310,Rh,8,27,6,0.2222,0,0.0455,0.4323,1.0,0,0,0
tmqm_9311,Co,4,26,7,0.2692,0,0.05,0.2834,1.0,0,0,0
tmqm_9312,Rh,5,27,6,0.2222,0,0.0455,0.4232,1.0,0,0,0
tmqm_9313,Co,10,29,8,0.2759,0,0.0455,0.4375,1.0,0,0,0
tmqm_9314,Ir,8,26,5,0.1923,0,0.0455,-1.3032,1.0,0,0,0
tmqm_9315,Ir,6,29,7,0.2414,0,0.0435,-3.3342,1.0,0,0,0
tmqm_9316,Ir,8,27,12,0.4444,0,0.0625,-1.2938,1.0,0,0,0
tmqm_9317,Ir,6,29,17,0.5862,0,0.0769,-1.1417,1.0,0,0,0
tmqm_9318,Ir,5,26,11,0.4231,0,0.0625,-3.6264,1.0,0,0,0
tmqm_9319,Co,10,29,11,0.3793,0,0.0526,0.5698,1.0,0,0,0
tmqm_9320,Co,12,27,11,0.4074,0,0.0588,0.5688,1.0,0,0,0
tmqm_9321,Co,12,27,9,0.3333,0,0.0526,0.3623,1.0,0,0,0
tmqm_9322,Co,4,27,13,0.4815,0,0.0667,1.2813,1.0,0,0,1
tmqm_9323,Ir,8,26,12,0.4615,0,0.0667,-2.5088,1.0,0,0,0
tmqm_9324,Co,9,27,8,0.2963,0,0.05,-0.1911,1.0,0,0,1
tmqm_9325,Co,6,26,8,0.3077,0,0.0526,0.2467,1.0,0,0,0
tmqm_9326,Ir,8,26,7,0.2692,0,0.05,-1.969,1.0,0,0,0
tmqm_9327,Ir,6,29,11,0.3793,0,0.0526,-3.0703,1.0,0,0,0
tmqm_9328,Ir,6,26,7,0.2692,0,0.05,-3.7514,1.0,0,0,0
tmqm_9329,Rh,6,29,9,0.3103,0,0.0476,0.9567,1.0,0,0,0
tmqm_9330,Ir,8,27,6,0.2222,0,0.0455,-1.085,1.0,0,0,0
tmqm_9331,Co,6,16,1,0.0625,0,0.0625,-1.0029,1.0,0,0,0
tmqm_9332,Rh,8,27,11,0.4074,0,0.0588,0.9676,1.0,0,0,0
tmqm_9333,Rh,7,29,10,0.3448,0,0.05,0.5142,1.0,0,0,0
tmqm_9334,Ir,8,26,9,0.3462,0,0.0556,-2.1486,1.0,0,1,0
tmqm_9335,Rh,8,26,11,0.4231,0,0.0625,0.5263,1.0,0,0,0
tmqm_9336,Rh,4,29,15,0.5172,0,0.0667,1.2236,1.0,0,0,0
tmqm_9337,Co,6,29,13,0.4483,0,0.0588,0.323,1.0,1,0,0
tmqm_9338,Rh,8,29,14,0.4828,0,0.0625,0.9687,1.0,0,0,0
tmqm_9339,Co,10,29,11,0.3793,0,0.0526,0.488,1.0,0,0,0
tmqm_9340,Co,6,16,2,0.125,0,0.0667,-0.8349,1.0,0,0,0
tmqm_9341,Co,9,29,12,0.4138,0,0.0556,0.4621,1.0,0,0,0
tmqm_9342,Co,5,27,8,0.2963,0,0.05,0.3085,1.0,0,0,0
tmqm_9343,Ir,6,29,15,0.5172,0,0.0667,-2.067,1.0,0,0,0
tmqm_9344,Co,4,26,9,0.3462,0,0.0556,-0.0162,1.0,0,0,0
tmqm_9345,Ir,6,29,9,0.3103,0,0.0476,-2.6427,1.0,0,0,0
tmqm_9346,Rh,6,29,13,0.4483,0,0.0588,1.0024,1.0,0,0,0
tmqm_9347,Ir,8,26,8,0.3077,0,0.0526,-2.0918,1.0,0,0,0
tmqm_9348,Ir,6,27,11,0.4074,0,0.0588,-3.8816,1.0,0,0,0
tmqm_9349,Rh,8,27,7,0.2593,0,0.0476,0.2855,1.0,0,0,1
tmqm_9350,Ir,3,24,11,0.4583,0,0.0714,-2.4557,1.0,0,1,0
tmqm_9351,Co,9,26,8,0.3077,0,0.0526,-0.0177,1.0,0,0,0
tmqm_9352,Co,11,28,16,0.5714,0,0.0769,1.0967,1.0,0,0,0
tmqm_9353,Ir,6,29,9,0.3103,0,0.0476,-3.1907,1.0,0,0,0
tmqm_9354,Ir,6,29,5,0.1724,0,0.04,-3.1932,1.0,0,0,0
tmqm_9355,Ir,5,29,16,0.5517,0,0.0714,-1.5603,1.0,0,0,0
tmqm_9356,Rh,8,26,4,0.1538,0,0.0435,-0.2541,1.0,0,0,0
tmqm_9357,Ir,8,26,10,0.3846,0,0.0588,-1.7848,1.0,0,0,0
tmqm_9358,Co,10,27,8,0.2963,0,0.05,0.3159,1.0,0,0,0
tmqm_9359,Co,5,26,7,0.2692,0,0.05,0.4577,1.0,0,0,0
tmqm_9360,Ir,7,29,8,0.2759,0,0.0455,-2.2464,1.0,0,0,0
tmqm_9361,Co,4,26,2,0.0769,0,0.04,-0.7064,1.0,0,0,0
tmqm_9362,Ir,6,29,5,0.1724,0,0.04,-2.3203,1.0,0,0,0
tmqm_9363,Co,10,29,6,0.2069,0,0.0417,0.4567,1.0,0,0,0
tmqm_9364,Rh,5,27,9,0.3333,0,0.0526,0.3084,1.0,0,0,0
tmqm_9365,Ir,7,29,12,0.4138,0,0.0556,-1.5129,1.0,0,0,0
tmqm_9366,Ir,5,27,16,0.5926,0,0.0833,-1.6913,1.0,0,0,0
tmqm_9367,Ir,6,29,10,0.3448,0,0.05,-2.686,1.0,0,0,0
tmqm_9368,Co,8,29,12,0.4138,0,0.0556,0.813,1.0,0,0,0
tmqm_9369,Co,5,27,9,0.3333,0,0.0526,1.1133,1.0,0,0,0
tmqm_9370,Rh,5,27,14,0.5185,0,0.0714,1.0114,1.0,0,0,0
tmqm_9371,Rh,6,27,10,0.3704,0,0.0556,0.4353,1.0,0,0,0
tmqm_9372,Ir,8,27,10,0.3704,0,0.0556,-1.868,1.0,0,0,0
tmqm_9373,Rh,5,26,14,0.5385,0,0.0769,0.6006,1.0,0,0,1
tmqm_9374,Ir,6,26,15,0.5769,0,0.0833,-3.1454,1.0,0,0,0
tmqm_9375,Ir,8,26,12,0.4615,0,0.0667,-1.854,1.0,0,0,0
tmqm_9376,Ir,4,27,12,0.4444,0,0.0625,-2.4222,1.0,0,0,1
tmqm_9377,Ir,6,26,8,0.3077,0,0.0526,-3.6385,1.0,1,0,0
tmqm_9378,Co,8,29,12,0.4138,0,0.0556,-0.0157,1.0,0,0,0
tmqm_9379,Ir,8,27,7,0.2593,0,0.0476,-1.8417,1.0,0,0,0
tmqm_9380,Rh,4,29,14,0.4828,0,0.0625,2.1099,1.0,0,0,0
tmqm_9381,Ir,6,29,10,0.3448,0,0.05,-3.0643,1.0,0,0,0
tmqm_9382,Co,10,29,11,0.3793,0,0.0526,0.631,1.0,0,0,0
tmqm_9383,Ir,5,29,14,0.4828,0,0.0625,-1.8168,1.0,0,0,0
tmqm_9384,Ir,8,26,8,0.3077,0,0.0526,-1.9031,1.0,0,0,0
tmqm_9385,Rh,6,26,11,0.4231,0,0.0625,0.2671,1.0,0,0,0
tmqm_9386,Ir,6,29,10,0.3448,0,0.05,-3.3574,1.0,0,0,0
tmqm_9387,Rh,6,26,8,0.3077,0,0.0526,-0.2049,1.0,0,0,0
tmqm_9388,Co,10,29,10,0.3448,0,0.05,0.6075,1.0,0,0,0
tmqm_9389,Rh,7,26,9,0.3462,0,0.0556,0.0669,1.0,0,0,0
tmqm_9390,Co,4,26,1,0.0385,0,0.0385,-0.6327,1.0,0,0,0
tmqm_9391,Ir,5,29,8,0.2759,0,0.0455,-2.8446,1.0,0,0,0
tmqm_9392,Co,6,29,16,0.5517,0,0.0714,1.9733,1.0,0,0,1
tmqm_9393,Rh,5,27,8,0.2963,0,0.05,0.3729,1.0,0,0,0
tmqm_9394,Ir,6,29,13,0.4483,0,0.0588,-3.2105,1.0,0,0,0
tmqm_9395,Ir,8,27,12,0.4444,0,0.0625,-1.5664,1.0,0,0,0
tmqm_9396,Co,11,28,8,0.2857,0,0.0476,0.9768,1.0,0,0,0
tmqm_9397,Ir,6,29,5,0.1724,0,0.04,-3.4965,1.0,0,0,0
tmqm_9398,Co,7,29,16,0.5517,0,0.0714,0.5769,1.0,0,0,0
tmqm_9399,Ir,5,27,15,0.5556,0,0.0769,-1.9163,1.0,0,0,0
tmqm_9400,Rh,4,29,14,0.4828,0,0.0625,1.2492,1.0,0,0,0
tmqm_9401,Rh,8,27,11,0.4074,0,0.0588,1.0404,1.0,0,0,0
tmqm_9402,Rh,4,27,12,0.4444,0,0.0625,1.1285,1.0,0,0,0
tmqm_9403,Co,5,26,16,0.6154,0,0.0909,1.041,1.0,0,0,0
tmqm_9404,Ir,6,29,14,0.4828,0,0.0625,-3.0796,1.0,0,0,0
tmqm_9405,Co,10,27,12,0.4444,0,0.0625,0.5868,1.0,0,0,0
tmqm_9406,Ir,4,26,13,0.5,0,0.0714,-2.158,1.0,0,0,0
tmqm_9407,Co,12,27,12,0.4444,0,0.0625,0.849,1.0,0,0,0
tmqm_9408,Co,7,29,14,0.4828,0,0.0625,2.3961,1.0,0,0,0
tmqm_9409,Ir,9,26,10,0.3846,0,0.0588,-3.204,1.0,0,0,0
tmqm_9410,Co,4,26,1,0.0385,0,0.0385,-0.6635,1.0,0,0,0
tmqm_9411,Ir,6,29,7,0.2414,0,0.0435,-3.0929,1.0,0,0,0
tmqm_9412,Ir,8,26,9,0.3462,0,0.0556,-2.4315,1.0,0,0,0
tmqm_9413,Ir,5,29,16,0.5517,0,0.0714,-2.3574,1.0,0,0,0
tmqm_9414,Rh,4,29,15,0.5172,0,0.0667,1.686,1.0,0,0,0
tmqm_9415,Ir,8,29,6,0.2069,0,0.0417,-0.5355,1.0,0,0,0
tmqm_9416,Ir,8,27,9,0.3333,0,0.0526,-1.3727,1.0,0,0,0
tmqm_9417,Ir,6,29,13,0.4483,0,0.0588,-2.4458,1.0,0,0,0
tmqm_9418,Rh,5,27,16,0.5926,0,0.0833,1.2677,1.0,0,0,0
tmqm_9419,Co,8,29,8,0.2759,0,0.0455,0.944,1.0,0,0,0
tmqm_9420,Rh,5,27,13,0.4815,0,0.0667,0.6511,1.0,0,0,0
tmqm_9421,Ir,7,26,8,0.3077,0,0.0526,-1.9158,1.0,0,0,0
tmqm_9422,Rh,8,26,6,0.2308,0,0.0476,0.3793,1.0,0,0,1
tmqm_9423,Ir,8,27,10,0.3704,0,0.0556,-1.7887,1.0,0,0,0
tmqm_9424,Ir,8,26,9,0.3462,0,0.0556,-1.8932,1.0,0,0,0
tmqm_9425,Ir,8,27,12,0.4444,0,0.0625,-0.9471,1.0,0,0,0
tmqm_9426,Co,7,29,11,0.3793,0,0.0526,0.5301,1.0,0,0,0
tmqm_9427,Rh,5,29,6,0.2069,0,0.0417,0.324,1.0,0,0,0
tmqm_9428,Co,9,29,8,0.2759,0,0.0455,0.4428,1.0,0,0,0
tmqm_9429,Ir,6,29,14,0.4828,0,0.0625,-2.7069,1.0,0,0,0
tmqm_9430,Co,6,29,9,0.3103,0,0.0476,0.9337,1.0,0,0,0
tmqm_9431,Rh,4,29,13,0.4483,0,0.0588,1.2109,1.0,0,0,0
tmqm_9432,Co,4,29,9,0.3103,0,0.0476,0.7129,1.0,0,0,0
tmqm_9433,Rh,8,29,7,0.2414,0,0.0435,0.7768,1.0,0,0,0
tmqm_9434,Co,6,29,16,0.5517,0,0.0714,1.0418,1.0,0,0,0
tmqm_9435,Ir,7,29,9,0.3103,0,0.0476,-1.669,1.0,0,0,0
tmqm_9436,Co,7,29,12,0.4138,0,0.0556,0.6613,1.0,0,0,0
tmqm_9437,Rh,8,27,12,0.4444,0,0.0625,0.9983,1.0,0,0,0
tmqm_9438,Co,6,29,11,0.3793,0,0.0526,0.3097,1.0,0,0,0
tmqm_9439,Ir,8,27,15,0.5556,0,0.0769,-1.4353,1.0,0,0,0
tmqm_9440,Rh,6,26,8,0.3077,0,0.0526,-0.0092,1.0,1,0,0
tmqm_9441,Ir,7,29,4,0.1379,0,0.0385,-2.1009,1.0,0,0,0
tmqm_9442,Ir,8,27,10,0.3704,0,0.0556,-2.2627,1.0,0,0,0
tmqm_9443,Co,6,29,12,0.4138,0,0.0556,0.581,1.0,0,0,0
tmqm_9444,Co,4,27,16,0.5926,0,0.0833,2.1904,1.0,0,0,0
tmqm_9445,Co,8,29,9,0.3103,0,0.0476,0.3695,1.0,0,0,0
tmqm_9446,Ir,3,25,4,0.16,0,0.0455,-3.3129,1.0,0,0,0
tmqm_9447,Ir,8,29,11,0.3793,0,0.0526,-1.6286,1.0,0,0,0
tmqm_9448,Ir,6,29,15,0.5172,0,0.0667,-3.2963,1.0,0,0,0
tmqm_9449,Ir,8,26,7,0.2692,0,0.05,-2.33,1.0,0,0,0
tmqm_9450,Ir,4,27,11,0.4074,0,0.0588,-3.2351,1.0,0,0,0
tmqm_9451,Co,10,29,8,0.2759,0,0.0455,0.808,1.0,0,0,0
tmqm_9452,Co,4,26,16,0.6154,0,0.0909,0.9357,1.0,0,0,0
tmqm_9453,Co,8,29,7,0.2414,0,0.0435,1.0783,1.0,0,0,0
tmqm_9454,Ir,7,27,12,0.4444,0,0.0625,-1.0256,1.0,0,0,0
tmqm_9455,Ir,8,26,7,0.2692,0,0.05,-2.7819,1.0,0,0,0
tmqm_9456,Ir,6,29,15,0.5172,0,0.0667,-2.2963,1.0,0,0,0
tmqm_9457,Rh,7,29,9,0.3103,0,0.0476,1.2469,1.0,0,0,0
tmqm_9458,Co,10,26,15,0.5769,0,0.0833,0.269,1.0,0,0,0
tmqm_9459,Co,6,16,14,0.875,0,0.3333,0.6037,1.0,0,0,0
tmqm_9460,Ir,4,26,2,0.0769,0,0.04,-3.3636,1.0,0,0,0
tmqm_9461,Co,10,29,9,0.3103,0,0.0476,0.4086,1.0,0,0,0
tmqm_9462,Ir,8,27,8,0.2963,0,0.05,-1.7783,1.0,1,0,0
tmqm_9463,Co,5,27,12,0.4444,0,0.0625,1.0229,1.0,0,0,0
tmqm_9464,Rh,6,26,13,0.5,0,0.0714,1.0075,1.0,0,0,0
tmqm_9465,Rh,8,29,18,0.6207,0,0.0833,1.2651,1.0,0,0,0
tmqm_9466,Ir,6,29,14,0.4828,0,0.0625,-2.229,1.0,0,0,0
tmqm_9467,Rh,6,26,3,0.1154,0,0.0417,-0.5082,1.0,0,0,0
tmqm_9468,Ir,8,26,14,0.5385,0,0.0769,-2.2835,1.0,0,0,0
tmqm_9469,Rh,6,29,13,0.4483,0,0.0588,1.0276,1.0,0,0,0
tmqm_9470,Co,6,29,14,0.4828,0,0.0625,0.7091,1.0,0,0,0
tmqm_9471,Ir,6,27,6,0.2222,0,0.0455,-2.9281,1.0,0,0,0
tmqm_9472,Co,5,29,16,0.5517,0,0.0714,0.8634,1.0,0,0,0
tmqm_9473,Co,9,29,8,0.2759,0,0.0455,0.6076,1.0,0,0,0
tmqm_9474,Rh,5,29,18,0.6207,0,0.0833,1.3991,1.0,0,0,0
tmqm_9475,Rh,5,26,7,0.2692,0,0.05,-0.1254,1.0,1,0,0
tmqm_9476,Ir,2,22,4,0.1818,0,0.0526,-2.8103,1.0,0,0,0
tmqm_9477,Ir,4,26,7,0.2692,0,0.05,-3.8055,1.0,0,0,0
tmqm_9478,Rh,6,27,17,0.6296,0,0.0909,0.7928,1.0,0,0,0
tmqm_9479,Ir,6,29,14,0.4828,0,0.0625,-3.4725,1.0,0,0,0
tmqm_9480,Co,12,27,6,0.2222,0,0.0455,0.5063,1.0,0,0,0
tmqm_9481,Ir,8,26,9,0.3462,0,0.0556,-1.989,1.0,0,0,0
tmqm_9482,Ir,6,29,10,0.3448,0,0.05,-3.1853,1.0,0,0,0
tmqm_9483,Rh,6,16,6,0.375,0,0.0909,-0.4093,1.0,0,0,0
tmqm_9484,Ir,5,26,4,0.1538,0,0.0435,-4.3269,1.0,0,0,0
tmqm_9485,Rh,4,29,9,0.3103,0,0.0476,0.352,1.0,0,0,0
tmqm_9486,Ir,8,26,8,0.3077,0,0.0526,-2.0473,1.0,0,0,0
tmqm_9487,Rh,10,29,10,0.3448,0,0.05,0.5795,1.0,0,0,0
tmqm_9488,Rh,8,26,9,0.3462,0,0.0556,0.8082,1.0,0,0,0
tmqm_9489,Ir,8,26,4,0.1538,0,0.0435,-2.4696,1.0,0,0,0
tmqm_9490,Ir,8,26,9,0.3462,0,0.0556,-2.4025,1.0,0,1,0
tmqm_9491,Rh,8,29,6,0.2069,0,0.0417,0.4038,1.0,0,0,0
tmqm_9492,Ir,6,29,9,0.3103,0,0.0476,-2.9446,1.0,0,0,0
tmqm_9493,Ir,6,29,11,0.3793,0,0.0526,-1.4167,1.0,0,0,0
tmqm_9494,Ir,6,29,10,0.3448,0,0.05,-2.9249,1.0,0,0,0
tmqm_9495,Rh,5,29,5,0.1724,0,0.04,0.1277,1.0,0,0,0
tmqm_9496,Rh,2,26,5,0.1923,0,0.0455,-0.1292,1.0,0,0,0
tmqm_9497,Rh,14,19,4,0.2105,0,0.0625,0.7567,1.0,0,0,0
tmqm_9498,Co,4,27,9,0.3333,0,0.0526,0.3556,1.0,0,0,0
tmqm_9499,Ir,6,26,10,0.3846,0,0.0588,-4.0526,1.0,0,0,0
tmqm_9500,Rh,2,16,7,0.4375,0,0.1,-0.1716,1.0,0,0,0
tmqm_9501,Rh,6,29,10,0.3448,0,0.05,0.264,1.0,0,0,0
tmqm_9502,Co,4,29,14,0.4828,0,0.0625,1.0697,1.0,0,0,0
tmqm_9503,Co,9,25,10,0.4,0,0.0625,0.4064,1.0,0,0,0
tmqm_9504,Ir,6,29,7,0.2414,0,0.0435,-3.3084,1.0,0,0,0
tmqm_9505,Rh,7,29,6,0.2069,0,0.0417,0.2475,1.0,0,0,0
tmqm_9506,Ir,6,26,7,0.2692,0,0.05,-3.9263,1.0,0,0,0
tmqm_9507,Rh,5,29,12,0.4138,0,0.0556,1.2016,1.0,0,0,0
tmqm_9508,Ir,7,29,12,0.4138,0,0.0556,-1.8638,1.0,0,0,0
tmqm_9509,Rh,8,27,9,0.3333,0,0.0526,0.4645,1.0,0,0,0
tmqm_9510,Rh,4,29,9,0.3103,0,0.0476,0.6324,1.0,0,0,0
tmqm_9511,Ir,5,26,5,0.1923,0,0.0455,-4.352,1.0,0,0,0
tmqm_9512,Co,12,27,4,0.1481,0,0.0417,0.1874,1.0,0,0,0
tmqm_9513,Ir,6,26,12,0.4615,0,0.0667,-2.4992,1.0,0,0,0
tmqm_9514,Co,6,29,6,0.2069,0,0.0417,0.1258,1.0,0,0,0
tmqm_9515,Rh,7,27,12,0.4444,0,0.0625,0.6437,1.0,0,0,0
tmqm_9516,Ir,6,26,7,0.2692,0,0.05,-3.7986,1.0,0,0,0
tmqm_9517,Rh,5,29,7,0.2414,0,0.0435,0.177,1.0,0,0,0
tmqm_9518,Ir,5,29,18,0.6207,0,0.0833,-2.9687,1.0,0,0,0
tmqm_9519,Co,6,26,14,0.5385,0,0.0769,1.3024,1.0,0,0,0
tmqm_9520,Co,10,29,3,0.1034,0,0.037,0.3554,1.0,0,0,0
tmqm_9521,Co,11,26,11,0.4231,0,0.0625,0.7018,1.0,0,0,0
tmqm_9522,Ir,8,26,7,0.2692,0,0.05,-2.199,1.0,0,0,0
tmqm_9523,Ir,6,29,6,0.2069,0,0.0417,-3.2208,1.0,0,0,0
tmqm_9524,Ir,6,29,14,0.4828,0,0.0625,-2.2914,1.0,0,0,0
tmqm_9525,Ir,5,16,9,0.5625,0,0.125,0.4895,1.0,0,0,0
tmqm_9526,Ir,6,29,8,0.2759,0,0.0455,-3.3331,1.0,0,0,0
tmqm_9527,Rh,4,29,11,0.3793,0,0.0526,1.068,1.0,0,0,0
tmqm_9528,Ir,7,26,7,0.2692,0,0.05,-2.3078,1.0,0,0,0
tmqm_9529,Ir,4,27,12,0.4444,0,0.0625,-2.098,1.0,1,0,0
tmqm_9530,Rh,8,29,7,0.2414,0,0.0435,0.7505,1.0,0,0,0
tmqm_9531,Ir,6,29,13,0.4483,0,0.0588,-3.343,1.0,0,0,0
tmqm_9532,Rh,8,29,11,0.3793,0,0.0526,0.5232,1.0,0,0,0
tmqm_9533,Ir,5,29,12,0.4138,0,0.0556,-2.2267,1.0,0,0,0
tmqm_9534,Ir,8,26,10,0.3846,0,0.0588,-1.5472,1.0,0,0,0
tmqm_9535,Rh,8,26,5,0.1923,0,0.0455,0.2382,1.0,0,0,0
tmqm_9536,Rh,8,26,7,0.2692,0,0.05,-0.1273,1.0,0,0,0
tmqm_9537,Ir,8,26,8,0.3077,0,0.0526,-2.1043,1.0,0,1,0
tmqm_9538,Ir,8,26,12,0.4615,0,0.0667,-2.1556,1.0,0,0,0
tmqm_9539,Co,12,27,6,0.2222,0,0.0455,0.514,1.0,0,0,0
tmqm_9540,Rh,8,29,18,0.6207,0,0.0833,1.7407,1.0,0,0,0
tmqm_9541,Ir,8,27,6,0.2222,0,0.0455,-2.2079,1.0,0,0,0
tmqm_9542,Ir,6,26,12,0.4615,0,0.0667,-4.4246,1.0,0,0,0
tmqm_9543,Ir,6,29,12,0.4138,0,0.0556,-3.1415,1.0,0,0,0
tmqm_9544,Rh,4,29,7,0.2414,0,0.0435,0.4476,1.0,0,0,0
tmqm_9545,Rh,8,26,9,0.3462,0,0.0556,0.3584,1.0,0,0,0
tmqm_9546,Co,8,26,1,0.0385,0,0.0385,-0.6549,1.0,0,0,0
tmqm_9547,Co,3,26,14,0.5385,0,0.0769,0.1598,1.0,0,0,0
tmqm_9548,Ir,3,25,3,0.12,0,0.0435,-3.6547,1.0,0,0,0
tmqm_9549,Rh,6,29,7,0.2414,0,0.0435,0.535,1.0,0,0,0
tmqm_9550,Ir,8,26,12,0.4615,0,0.0667,-2.4762,1.0,1,0,0
tmqm_9551,Co,3,26,7,0.2692,0,0.05,-0.0824,1.0,0,0,0
tmqm_9552,Ir,6,27,15,0.5556,0,0.0769,-3.2778,1.0,0,0,0
tmqm_9553,Co,13,23,4,0.1739,0,0.05,-0.3904,1.0,0,0,0
tmqm_9554,Ir,8,26,8,0.3077,0,0.0526,-2.2799,1.0,0,0,0
tmqm_9555,Co,4,26,7,0.2692,0,0.05,-0.0388,1.0,0,0,0
tmqm_9556,Rh,8,26,10,0.3846,0,0.0588,0.027,1.0,0,0,0
tmqm_9557,Ir,6,29,17,0.5862,0,0.0769,-3.1156,1.0,0,0,0
tmqm_9558,Ir,5,26,7,0.2692,0,0.05,-3.4037,1.0,0,0,0
tmqm_9559,Rh,8,27,12,0.4444,0,0.0625,0.9572,1.0,0,0,0
tmqm_9560,Co,5,16,7,0.4375,0,0.1,-0.2472,1.0,0,0,0
tmqm_9561,Ir,6,29,10,0.3448,0,0.05,-2.8351,1.0,0,0,0
tmqm_9562,Ir,8,27,13,0.4815,0,0.0667,-1.4269,1.0,0,0,0
tmqm_9563,Rh,7,29,7,0.2414,0,0.0435,0.0078,1.0,0,0,0
tmqm_9564,Ir,8,26,15,0.5769,0,0.0833,-2.1794,1.0,0,0,0
tmqm_9565,Ir,8,26,7,0.2692,0,0.05,-1.834,1.0,0,1,0
tmqm_9566,Ir,4,29,8,0.2759,0,0.0455,-2.6148,1.0,0,0,0
tmqm_9567,Ir,8,27,8,0.2963,0,0.05,-0.9808,1.0,0,0,0
tmqm_9568,Ir,8,26,6,0.2308,0,0.0476,-1.6803,1.0,0,0,0
tmqm_9569,Rh,7,26,12,0.4615,0,0.0667,0.2044,1.0,0,0,1
tmqm_9570,Co,8,29,19,0.6552,0,0.0909,1.4763,1.0,0,0,0
tmqm_9571,Ir,8,26,9,0.3462,0,0.0556,-2.3124,1.0,0,0,0
tmqm_9572,Co,12,27,3,0.1111,0,0.04,0.2202,1.0,0,0,0
tmqm_9573,Co,7,29,9,0.3103,0,0.0476,0.3917,1.0,0,0,0
tmqm_9574,Rh,4,26,6,0.2308,0,0.0476,0.5926,1.0,0,0,0
tmqm_9575,Ir,8,26,4,0.1538,0,0.0435,-1.8122,1.0,0,0,0
tmqm_9576,Co,13,26,9,0.3462,0,0.0556,0.6521,1.0,0,0,0
tmqm_9577,Ir,8,26,6,0.2308,0,0.0476,-1.9256,1.0,0,0,0
tmqm_9578,Rh,6,29,9,0.3103,0,0.0476,0.2366,1.0,0,0,0
tmqm_9579,Ir,8,27,7,0.2593,0,0.0476,-1.3411,1.0,0,0,0
tmqm_9580,Rh,8,26,6,0.2308,0,0.0476,-0.1138,1.0,0,0,0
tmqm_9581,Ir,6,29,11,0.3793,0,0.0526,-2.8515,1.0,0,0,0
tmqm_9582,Co,10,29,14,0.4828,0,0.0625,0.9715,1.0,0,0,0
tmqm_9583,Rh,8,26,5,0.1923,0,0.0455,0.0286,1.0,0,0,0
tmqm_9584,Co,10,29,13,0.4483,0,0.0588,0.7378,1.0,0,0,0
tmqm_9585,Rh,7,29,8,0.2759,0,0.0455,0.4574,1.0,0,0,0
tmqm_9586,Ir,3,25,13,0.52,0,0.0769,-1.8974,1.0,0,0,0
tmqm_9587,Co,11,26,6,0.2308,0,0.0476,0.4008,1.0,0,0,0
tmqm_9588,Co,12,27,15,0.5556,0,0.0769,0.9432,1.0,0,0,0
tmqm_9589,Ir,8,27,7,0.2593,0,0.0476,-1.5331,1.0,0,1,0
tmqm_9590,Rh,8,27,13,0.4815,0,0.0667,1.1583,1.0,0,0,0
tmqm_9591,Ir,8,26,5,0.1923,0,0.0455,-2.7589,1.0,0,0,0
tmqm_9592,Rh,8,27,8,0.2963,0,0.05,0.9677,1.0,0,0,0
tmqm_9593,Rh,4,27,9,0.3333,0,0.0526,0.3122,1.0,0,0,0
tmqm_9594,Ir,7,26,9,0.3462,0,0.0556,-2.1809,1.0,0,0,0
tmqm_9595,Ir,8,27,12,0.4444,0,0.0625,-1.401,1.0,0,0,0
tmqm_9596,Co,4,26,11,0.4231,0,0.0625,0.6156,1.0,0,0,0
tmqm_9597,Ir,8,26,5,0.1923,0,0.0455,-2.6112,1.0,0,0,0
tmqm_9598,Co,10,27,15,0.5556,0,0.0769,0.8751,1.0,1,0,0
tmqm_9599,Ir,5,29,17,0.5862,0,0.0769,-1.5096,1.0,0,0,0
tmqm_9600,Rh,6,29,10,0.3448,0,0.05,0.1824,1.0,0,0,0
tmqm_9601,Rh,6,29,14,0.4828,0,0.0625,0.6089,1.0,0,0,0
tmqm_9602,Rh,7,26,4,0.1538,0,0.0435,-0.3068,1.0,0,0,0
tmqm_9603,Co,8,29,13,0.4483,0,0.0588,0.858,1.0,0,0,0
tmqm_9604,Ir,9,26,13,0.5,0,0.0714,-2.317,1.0,0,0,0
tmqm_9605,Ir,8,27,11,0.4074,0,0.0588,-0.9572,1.0,0,0,0
tmqm_9606,Ir,6,29,10,0.3448,0,0.05,-2.7566,1.0,0,0,1
tmqm_9607,Ir,8,26,8,0.3077,0,0.0526,-2.2069,1.0,0,0,0
tmqm_9608,Ir,7,27,13,0.4815,0,0.0667,-0.6695,1.0,0,0,0
tmqm_9609,Rh,8,26,12,0.4615,0,0.0667,0.4947,1.0,0,0,0
tmqm_9610,Rh,5,27,10,0.3704,0,0.0556,0.7992,1.0,0,0,0
tmqm_9611,Ir,6,29,11,0.3793,0,0.0526,-2.8866,1.0,0,0,0
tmqm_9612,Ir,8,26,6,0.2308,0,0.0476,-2.3515,1.0,0,0,0
tmqm_9613,Ir,7,27,7,0.2593,0,0.0476,-2.1925,1.0,0,0,0
tmqm_9614,Rh,11,28,15,0.5357,0,0.0714,0.6705,1.0,0,0,0
tmqm_9615,Rh,8,29,9,0.3103,0,0.0476,0.8938,1.0,0,0,0
tmqm_9616,Ir,6,29,4,0.1379,0,0.0385,-3.4516,1.0,0,0,0
tmqm_9617,Ir,8,26,9,0.3462,0,0.0556,-2.2699,1.0,0,0,0
tmqm_9618,Ir,8,26,7,0.2692,0,0.05,-2.4358,1.0,0,0,0
tmqm_9619,Ir,8,27,15,0.5556,0,0.0769,-1.4963,1.0,0,0,0
tmqm_9620,Ir,8,26,8,0.3077,0,0.0526,-2.0248,1.0,0,0,0
tmqm_9621,Ir,5,27,4,0.1481,0,0.0417,-3.4632,1.0,0,0,0
tmqm_9622,Rh,7,26,12,0.4615,0,0.0667,0.2033,1.0,0,0,0
tmqm_9623,Rh,6,29,12,0.4138,0,0.0556,0.9709,1.0,0,0,0
tmqm_9624,Co,10,27,6,0.2222,0,0.0455,0.3039,1.0,0,0,0
tmqm_9625,Rh,6,29,14,0.4828,0,0.0625,0.358,1.0,0,0,0
tmqm_9626,Ir,6,29,9,0.3103,0,0.0476,-3.0442,1.0,0,0,0
tmqm_9627,Ir,9,27,17,0.6296,0,0.0909,-1.6067,1.0,0,0,0
tmqm_9628,Ir,5,29,12,0.4138,0,0.0556,-2.9671,1.0,0,0,0
tmqm_9629,Co,10,29,7,0.2414,0,0.0435,0.402,1.0,0,0,0
tmqm_9630,Co,9,29,8,0.2759,0,0.0455,0.3502,1.0,0,0,0
tmqm_9631,Ir,6,29,18,0.6207,0,0.0833,-1.9803,1.0,0,0,1
tmqm_9632,Co,8,29,9,0.3103,0,0.0476,0.5276,1.0,0,0,0
tmqm_9633,Co,7,27,4,0.1481,0,0.0417,0.2337,1.0,0,0,0
tmqm_9634,Rh,8,27,14,0.5185,0,0.0714,0.8028,1.0,0,0,0
tmqm_9635,Ir,8,27,14,0.5185,0,0.0714,-0.9723,1.0,0,0,0
tmqm_9636,Ir,4,25,9,0.36,0,0.0588,-3.0723,1.0,0,0,0
tmqm_9637,Ir,6,29,13,0.4483,0,0.0588,-2.077,1.0,0,0,0
tmqm_9638,Ir,8,26,8,0.3077,0,0.0526,-1.9726,1.0,0,0,0
tmqm_9639,Rh,6,27,10,0.3704,0,0.0556,0.2229,1.0,0,0,0
tmqm_9640,Ir,8,26,13,0.5,0,0.0714,-1.9671,1.0,0,0,0
tmqm_9641,Ir,8,26,7,0.2692,0,0.05,-2.0722,1.0,0,0,0
tmqm_9642,Rh,8,26,9,0.3462,0,0.0556,0.3431,1.0,0,0,1
tmqm_9643,Ir,7,29,8,0.2759,0,0.0455,-1.6925,1.0,0,0,0
tmqm_9644,Ir,8,26,5,0.1923,0,0.0455,-2.1863,1.0,0,0,0
tmqm_9645,Co,3,26,8,0.3077,0,0.0526,-0.1306,1.0,0,0,0
tmqm_9646,Co,10,29,9,0.3103,0,0.0476,0.7722,1.0,0,0,0
tmqm_9647,Ir,6,29,8,0.2759,0,0.0455,-2.9723,1.0,0,0,0
tmqm_9648,Co,6,29,9,0.3103,0,0.0476,0.2911,1.0,1,0,0
tmqm_9649,Ir,5,27,11,0.4074,0,0.0588,-2.6373,1.0,1,0,0
tmqm_9650,Ir,6,29,14,0.4828,0,0.0625,-2.9409,1.0,0,0,1
tmqm_9651,Co,4,26,0,0.0,0,0.037,-0.818,1.0,0,0,0
tmqm_9652,Rh,9,26,11,0.4231,0,0.0625,0.1651,1.0,0,0,0
tmqm_9653,Ir,6,29,11,0.3793,0,0.0526,-2.8287,1.0,0,0,0
tmqm_9654,Co,8,29,5,0.1724,0,0.04,0.4783,1.0,0,0,0
tmqm_9655,Rh,6,29,10,0.3448,0,0.05,0.3018,1.0,0,0,0
tmqm_9656,Ir,6,29,9,0.3103,0,0.0476,-3.5479,1.0,0,0,0
tmqm_9657,Co,7,29,12,0.4138,0,0.0556,0.5863,1.0,0,0,1
tmqm_9658,Rh,6,29,8,0.2759,0,0.0455,-0.2723,1.0,0,0,0
tmqm_9659,Co,15,15,9,0.6,0,0.1429,1.3336,1.0,0,0,0
tmqm_9660,Co,11,28,10,0.3571,0,0.0526,0.5465,1.0,0,0,0
tmqm_9661,Rh,6,26,8,0.3077,0,0.0526,0.0709,1.0,0,0,0
tmqm_9662,Ir,7,26,3,0.1154,0,0.0417,-4.2179,1.0,0,0,0
tmqm_9663,Rh,8,27,11,0.4074,0,0.0588,0.3885,1.0,0,0,1
tmqm_9664,Rh,3,27,4,0.1481,0,0.0417,0.1072,1.0,0,0,0
tmqm_9665,Co,4,29,17,0.5862,0,0.0769,0.8332,1.0,0,0,0
tmqm_9666,Co,6,29,11,0.3793,0,0.0526,0.3912,1.0,0,0,0
tmqm_9667,Rh,9,29,11,0.3793,0,0.0526,0.6942,1.0,0,0,0
tmqm_9668,Rh,6,26,11,0.4231,0,0.0625,0.3305,1.0,0,0,0
tmqm_9669,Rh,4,29,10,0.3448,0,0.05,0.5973,1.0,0,0,1
tmqm_9670,Co,6,29,9,0.3103,0,0.0476,0.2417,1.0,0,0,0
tmqm_9671,Co,4,29,17,0.5862,0,0.0769,1.0954,1.0,0,0,0
tmqm_9672,Rh,5,27,2,0.0741,0,0.0385,-0.0207,1.0,0,0,0
tmqm_9673,Ir,4,27,16,0.5926,0,0.0833,-1.4697,1.0,0,0,0
tmqm_9674,Co,6,29,5,0.1724,0,0.04,0.3702,1.0,0,0,0
tmqm_9675,Ir,8,26,4,0.1538,0,0.0435,-2.0043,1.0,0,0,0
tmqm_9676,Rh,7,27,11,0.4074,0,0.0588,0.4169,1.0,0,0,0
tmqm_9677,Ir,5,29,16,0.5517,0,0.0714,-0.947,1.0,0,0,0
tmqm_9678,Ir,6,29,4,0.1379,0,0.0385,-3.6307,1.0,0,0,0
tmqm_9679,Co,6,29,18,0.6207,0,0.0833,0.9387,1.0,0,0,0
tmqm_9680,Ir,8,26,10,0.3846,0,0.0588,-1.6962,1.0,0,0,0
tmqm_9681,Ir,6,29,5,0.1724,0,0.04,-2.8032,1.0,0,0,0
tmqm_9682,Rh,5,27,14,0.5185,0,0.0714,2.8972,1.0,0,0,0
tmqm_9683,Ir,6,29,4,0.1379,0,0.0385,-3.2616,1.0,0,0,0
tmqm_9684,Rh,8,27,9,0.3333,0,0.0526,1.1081,1.0,0,0,0
tmqm_9685,Ir,7,29,3,0.1034,0,0.037,-3.3067,1.0,0,0,0
tmqm_9686,Rh,4,27,16,0.5926,0,0.0833,0.7799,1.0,0,0,1
tmqm_9687,Ir,6,29,12,0.4138,0,0.0556,-2.878,1.0,0,0,1
tmqm_9688,Ir,5,27,6,0.2222,0,0.0455,-1.8141,1.0,0,0,0
tmqm_9689,Ir,6,26,6,0.2308,0,0.0476,-4.5403,1.0,0,0,0
tmqm_9690,Ir,6,29,10,0.3448,0,0.05,-2.9513,1.0,0,0,0
tmqm_9691,Ir,6,16,11,0.6875,0,0.1667,0.2078,1.0,0,0,0
tmqm_9692,Rh,6,27,4,0.1481,0,0.0417,0.1131,1.0,0,0,0
tmqm_9693,Rh,6,27,13,0.4815,0,0.0667,0.5615,1.0,0,0,0
tmqm_9694,Ir,5,16,7,0.4375,0,0.1,-0.12,1.0,0,0,0
tmqm_9695,Rh,6,27,14,0.5185,0,0.0714,0.2503,1.0,0,0,0
tmqm_9696,Rh,8,26,8,0.3077,0,0.0526,0.4827,1.0,0,0,0
tmqm_9697,Ir,6,29,11,0.3793,0,0.0526,-3.1022,1.0,0,0,0
tmqm_9698,Co,5,26,7,0.2692,0,0.05,0.2541,1.0,0,0,0
tmqm_9699,Co,11,26,14,0.5385,0,0.0769,0.9004,1.0,0,0,0
tmqm_9700,Ir,9,27,4,0.1481,0,0.0417,-2.3923,1.0,0,0,0
tmqm_9701,Rh,7,29,13,0.4483,0,0.0588,0.5565,1.0,0,0,0
tmqm_9702,Ir,8,27,12,0.4444,0,0.0625,-1.6888,1.0,0,0,1
tmqm_9703,Co,8,29,12,0.4138,0,0.0556,0.6655,1.0,0,0,0
tmqm_9704,Rh,8,27,15,0.5556,0,0.0769,0.9176,1.0,0,0,0
tmqm_9705,Co,6,16,9,0.5625,0,0.125,0.055,1.0,0,0,0
tmqm_9706,Ir,8,26,11,0.4231,0,0.0625,-2.1725,1.0,0,0,0
tmqm_9707,Ir,8,26,12,0.4615,0,0.0667,-1.7724,1.0,0,0,0
tmqm_9708,Rh,8,26,10,0.3846,0,0.0588,0.0016,1.0,0,0,0
tmqm_9709,Ir,5,27,8,0.2963,0,0.05,-3.1936,1.0,0,0,0
tmqm_9710,Ir,8,26,6,0.2308,0,0.0476,-1.5052,1.0,1,0,0
tmqm_9711,Ir,8,26,10,0.3846,0,0.0588,-2.0626,1.0,0,0,0
tmqm_9712,Co,9,26,10,0.3846,0,0.0588,0.3321,1.0,0,0,0
tmqm_9713,Rh,6,29,15,0.5172,0,0.0667,0.7047,1.0,0,0,0
tmqm_9714,Ir,8,26,6,0.2308,0,0.0476,-2.553,1.0,0,1,0
tmqm_9715,Ir,6,29,11,0.3793,0,0.0526,-2.9552,1.0,0,0,0
tmqm_9716,Co,5,27,9,0.3333,0,0.0526,0.6131,1.0,0,0,0
tmqm_9717,Ir,8,27,9,0.3333,0,0.0526,-1.5385,1.0,0,0,0
tmqm_9718,Ir,6,29,7,0.2414,0,0.0435,-3.2602,1.0,0,0,0
tmqm_9719,Ir,6,29,13,0.4483,0,0.0588,-2.583,1.0,0,0,0
tmqm_9720,Co,10,29,9,0.3103,0,0.0476,0.5083,1.0,0,0,0
tmqm_9721,Rh,5,29,18,0.6207,0,0.0833,1.3702,1.0,0,0,0
tmqm_9722,Ir,5,29,15,0.5172,0,0.0667,-2.6259,1.0,0,0,0
tmqm_9723,Ir,8,27,12,0.4444,0,0.0625,-1.24,1.0,0,0,0
tmqm_9724,Rh,6,29,16,0.5517,0,0.0714,0.9998,1.0,0,0,0
tmqm_9725,Co,12,27,14,0.5185,0,0.0714,0.8492,1.0,0,0,0
tmqm_9726,Co,8,29,10,0.3448,0,0.05,0.2988,1.0,0,0,0
tmqm_9727,Ir,6,29,14,0.4828,0,0.0625,-3.0042,1.0,0,0,0
tmqm_9728,Ir,8,26,10,0.3846,0,0.0588,-1.5064,1.0,0,0,0
tmqm_9729,Rh,9,29,13,0.4483,0,0.0588,0.9028,1.0,0,0,0
tmqm_9730,Ir,6,29,15,0.5172,0,0.0667,-2.0291,1.0,0,0,0
tmqm_9731,Ir,5,29,5,0.1724,0,0.04,-3.2043,1.0,0,0,0
tmqm_9732,Ir,6,29,7,0.2414,0,0.0435,-3.4364,1.0,0,0,0
tmqm_9733,Ir,8,26,7,0.2692,0,0.05,-1.5246,1.0,0,0,0
tmqm_9734,Co,10,26,14,0.5385,0,0.0769,0.4737,1.0,0,0,0
tmqm_9735,Rh,8,26,8,0.3077,0,0.0526,-0.2378,1.0,0,0,0
tmqm_9736,Ir,8,26,12,0.4615,0,0.0667,-1.6935,1.0,0,0,0
tmqm_9737,Ir,6,29,8,0.2759,0,0.0455,-2.383,1.0,0,0,0
tmqm_9738,Rh,8,26,10,0.3846,0,0.0588,0.2118,1.0,0,0,0
tmqm_9739,Co,10,29,15,0.5172,0,0.0667,0.7439,1.0,0,0,0
tmqm_9740,Co,10,27,8,0.2963,0,0.05,0.1884,1.0,0,0,0
tmqm_9741,Ir,6,29,13,0.4483,0,0.0588,-2.8236,1.0,0,0,0
tmqm_9742,Ir,6,29,13,0.4483,0,0.0588,-2.8001,1.0,0,0,0
tmqm_9743,Ir,6,29,9,0.3103,0,0.0476,-3.079,1.0,0,0,1
tmqm_9744,Ir,6,29,9,0.3103,0,0.0476,-3.1629,1.0,0,0,0
tmqm_9745,Rh,8,29,14,0.4828,0,0.0625,0.6103,1.0,0,0,0
tmqm_9746,Rh,8,26,14,0.5385,0,0.0769,0.4508,1.0,0,0,0
tmqm_9747,Ir,4,27,12,0.4444,0,0.0625,-2.5606,1.0,0,0,0
tmqm_9748,Rh,8,26,11,0.4231,0,0.0625,0.6463,1.0,0,0,0
tmqm_9749,Ir,8,27,14,0.5185,0,0.0714,-1.1638,1.0,0,0,0
tmqm_9750,Ir,8,26,7,0.2692,0,0.05,-2.3025,1.0,0,0,0
tmqm_9751,Ir,7,26,6,0.2308,0,0.0476,-2.9094,1.0,0,0,0
tmqm_9752,Rh,6,26,7,0.2692,0,0.05,0.4875,1.0,0,0,1
tmqm_9753,Co,5,29,8,0.2759,0,0.0455,0.9826,1.0,0,0,0
tmqm_9754,Ir,7,29,18,0.6207,0,0.0833,-1.3941,1.0,0,0,0
tmqm_9755,Co,8,29,16,0.5517,0,0.0714,0.683,1.0,0,0,0
tmqm_9756,Co,10,27,6,0.2222,0,0.0455,0.5683,1.0,0,0,0
tmqm_9757,Co,5,27,14,0.5185,0,0.0714,1.0974,1.0,0,0,0
tmqm_9758,Co,9,29,10,0.3448,0,0.05,0.5937,1.0,0,0,0
tmqm_9759,Co,4,29,3,0.1034,0,0.037,-0.3661,1.0,0,0,0
tmqm_9760,Ir,6,27,11,0.4074,0,0.0588,-3.3785,1.0,0,0,0
tmqm_9761,Rh,6,27,10,0.3704,0,0.0556,0.2792,1.0,0,0,0
tmqm_9762,Ir,8,27,11,0.4074,0,0.0588,-1.645,1.0,0,0,0
tmqm_9763,Ir,6,29,6,0.2069,0,0.0417,-3.0709,1.0,0,0,0
tmqm_9764,Ir,6,29,11,0.3793,0,0.0526,-2.6583,1.0,0,0,0
tmqm_9765,Rh,8,26,6,0.2308,0,0.0476,1.048,1.0,0,0,0
tmqm_9766,Ir,6,29,10,0.3448,0,0.05,-2.7217,1.0,0,0,0
tmqm_9767,Co,8,26,10,0.3846,0,0.0588,0.5596,1.0,0,0,0
tmqm_9768,Ir,6,29,10,0.3448,0,0.05,-2.8291,1.0,0,0,0
tmqm_9769,Ir,8,27,12,0.4444,0,0.0625,-1.0435,1.0,0,0,0
tmqm_9770,Rh,8,26,14,0.5385,0,0.0769,0.7346,1.0,0,0,0
tmqm_9771,Rh,6,29,10,0.3448,0,0.05,0.2356,1.0,0,0,0
tmqm_9772,Rh,8,27,5,0.1852,0,0.0435,0.558,1.0,0,0,0
tmqm_9773,Ir,6,27,9,0.3333,0,0.0526,-3.3518,1.0,1,0,0
tmqm_9774,Ir,5,29,8,0.2759,0,0.0455,-2.6613,1.0,0,0,0
tmqm_9775,Rh,8,27,7,0.2593,0,0.0476,0.3663,1.0,1,0,0
tmqm_9776,Ir,8,27,10,0.3704,0,0.0556,-1.7689,1.0,0,0,0
tmqm_9777,Rh,6,29,12,0.4138,0,0.0556,0.9721,1.0,0,0,0
tmqm_9778,Rh,6,26,7,0.2692,0,0.05,0.107,1.0,0,0,0
tmqm_9779,Co,10,28,9,0.3214,0,0.05,0.6004,1.0,0,0,0
tmqm_9780,Ir,8,27,14,0.5185,0,0.0714,-1.6492,1.0,0,0,0
tmqm_9781,Rh,9,29,7,0.2414,0,0.0435,0.2844,1.0,0,0,0
tmqm_9782,Rh,5,16,2,0.125,0,0.0667,-0.193,1.0,0,0,0
tmqm_9783,Rh,8,26,8,0.3077,0,0.0526,0.4137,1.0,0,0,0
tmqm_9784,Ir,6,29,13,0.4483,0,0.0588,-2.3856,1.0,0,0,0
tmqm_9785,Co,4,26,10,0.3846,0,0.0588,0.3858,1.0,0,0,0
tmqm_9786,Co,5,26,8,0.3077,0,0.0526,0.2305,1.0,0,0,0
tmqm_9787,Ir,6,29,12,0.4138,0,0.0556,-3.0878,1.0,0,0,0
tmqm_9788,Ir,6,29,4,0.1379,0,0.0385,-2.7881,1.0,0,0,0
tmqm_9789,Co,11,28,8,0.2857,0,0.0476,0.9238,1.0,0,0,0
tmqm_9790,Ir,8,26,11,0.4231,0,0.0625,-0.9992,1.0,0,0,0
tmqm_9791,Ir,9,29,12,0.4138,0,0.0556,-1.8565,1.0,0,0,0
tmqm_9792,Co,8,29,10,0.3448,0,0.05,0.5758,1.0,0,0,0
tmqm_9793,Co,8,26,11,0.4231,0,0.0625,0.1055,1.0,0,0,0
tmqm_9794,Rh,7,29,11,0.3793,0,0.0526,1.1571,1.0,0,0,0
tmqm_9795,Co,4,26,6,0.2308,0,0.0476,-0.0313,1.0,0,0,0
tmqm_9796,Rh,8,26,12,0.4615,0,0.0667,0.3862,1.0,0,0,1
tmqm_9797,Rh,6,29,2,0.069,0,0.0357,-0.2448,1.0,0,0,0
tmqm_9798,Ir,6,29,10,0.3448,0,0.05,-2.4571,1.0,0,0,0
tmqm_9799,Rh,4,29,14,0.4828,0,0.0625,0.9213,1.0,0,0,0
tmqm_9800,Rh,7,29,9,0.3103,0,0.0476,0.7065,1.0,0,0,0
tmqm_9801,Rh,8,26,5,0.1923,0,0.0455,0.3596,1.0,0,0,0
tmqm_9802,Rh,6,29,10,0.3448,0,0.05,0.1969,1.0,0,0,0
tmqm_9803,Ir,5,29,14,0.4828,0,0.0625,-2.804,1.0,0,0,0
tmqm_9804,Rh,4,29,16,0.5517,0,0.0714,1.1382,1.0,0,0,0
tmqm_9805,Co,9,25,8,0.32,0,0.0556,0.36,1.0,0,0,0
tmqm_9806,Co,8,27,5,0.1852,0,0.0435,0.1797,1.0,1,0,0
tmqm_9807,Ir,6,29,12,0.4138,0,0.0556,-1.9094,1.0,0,0,0
tmqm_9808,Rh,6,29,10,0.3448,0,0.05,0.3704,1.0,0,0,0
tmqm_9809,Ir,6,29,11,0.3793,0,0.0526,-3.2749,1.0,0,0,0
tmqm_9810,Rh,5,29,7,0.2414,0,0.0435,0.5764,1.0,0,0,0
tmqm_9811,Co,6,16,3,0.1875,0,0.0714,-0.8054,1.0,0,0,0
tmqm_9812,Ir,5,29,11,0.3793,0,0.0526,-2.4735,1.0,1,0,0
tmqm_9813,Co,12,27,18,0.6667,0,0.1,1.0456,1.0,0,0,0
tmqm_9814,Ir,6,29,6,0.2069,0,0.0417,-2.7371,1.0,1,0,0
tmqm_9815,Rh,8,26,5,0.1923,0,0.0455,-0.0118,1.0,0,0,0
tmqm_9816,Co,8,29,18,0.6207,0,0.0833,1.1038,1.0,0,0,0
tmqm_9817,Ir,6,16,11,0.6875,0,0.1667,0.0795,1.0,0,0,0
tmqm_9818,Co,7,29,7,0.2414,0,0.0435,0.6075,1.0,0,0,0
tmqm_9819,Rh,4,29,10,0.3448,0,0.05,0.1873,1.0,0,0,0
tmqm_9820,Co,4,29,12,0.4138,0,0.0556,0.3971,1.0,0,0,0
tmqm_9821,Rh,8,26,8,0.3077,0,0.0526,0.3554,1.0,0,0,1
tmqm_9822,Ir,5,29,8,0.2759,0,0.0455,-3.0278,1.0,0,0,0
tmqm_9823,Rh,6,26,10,0.3846,0,0.0588,0.0769,1.0,0,0,0
tmqm_9824,Ir,8,26,14,0.5385,0,0.0769,-0.5158,1.0,0,0,0
tmqm_9825,Co,8,29,13,0.4483,0,0.0588,0.6905,1.0,0,0,0
tmqm_9826,Ir,6,26,11,0.4231,0,0.0625,-2.9102,1.0,0,0,0
tmqm_9827,Ir,8,27,9,0.3333,0,0.0526,-1.0895,1.0,0,0,0
tmqm_9828,Rh,7,26,7,0.2692,0,0.05,0.252,1.0,0,0,0
tmqm_9829,Co,11,28,11,0.3929,0,0.0556,0.7589,1.0,0,0,0
tmqm_9830,Rh,8,26,11,0.4231,0,0.0625,0.2062,1.0,0,0,1
tmqm_9831,Rh,3,27,13,0.4815,0,0.0667,1.2283,1.0,0,0,0
tmqm_9832,Co,4,29,16,0.5517,0,0.0714,0.8887,1.0,0,0,0
tmqm_9833,Ir,8,26,9,0.3462,0,0.0556,-1.757,1.0,0,0,0
tmqm_9834,Ir,4,27,4,0.1481,0,0.0417,-2.5897,1.0,0,0,0
tmqm_9835,Rh,4,29,2,0.069,0,0.0357,-0.5725,1.0,0,0,0
tmqm_9836,Co,15,15,5,0.3333,0,0.0909,0.8583,1.0,0,0,0
tmqm_9837,Ir,7,29,16,0.5517,0,0.0714,-1.7063,1.0,0,0,0
tmqm_9838,Co,8,16,7,0.4375,0,0.1,-0.3402,1.0,0,0,0
tmqm_9839,Co,5,27,14,0.5185,0,0.0714,0.6377,1.0,0,0,0
tmqm_9840,Co,10,26,5,0.1923,0,0.0455,-0.189,1.0,0,0,0
tmqm_9841,Co,11,26,8,0.3077,0,0.0526,0.6839,1.0,1,0,0
tmqm_9842,Ir,6,29,13,0.4483,0,0.0588,-2.6193,1.0,0,0,0
tmqm_9843,Co,5,26,6,0.2308,0,0.0476,0.033,1.0,0,0,0
tmqm_9844,Ir,6,29,8,0.2759,0,0.0455,-3.0987,1.0,0,0,0
tmqm_9845,Ir,7,29,14,0.4828,0,0.0625,-1.1056,1.0,0,0,0
tmqm_9846,Rh,6,26,13,0.5,0,0.0714,1.1925,1.0,0,0,0
tmqm_9847,Ir,6,29,4,0.1379,0,0.0385,-3.4894,1.0,0,0,0
tmqm_9848,Ir,6,29,7,0.2414,0,0.0435,-2.8508,1.0,0,0,0
tmqm_9849,Ir,7,29,14,0.4828,0,0.0625,-1.5828,1.0,0,0,0
tmqm_9850,Co,7,29,13,0.4483,0,0.0588,0.6974,1.0,0,0,0
tmqm_9851,Rh,6,29,8,0.2759,0,0.0455,0.2646,1.0,0,0,0
tmqm_9852,Co,10,29,15,0.5172,0,0.0667,0.8624,1.0,0,0,1
tmqm_9853,Ir,8,26,9,0.3462,0,0.0556,-2.4933,1.0,0,0,0
tmqm_9854,Rh,8,27,13,0.4815,0,0.0667,2.3118,1.0,0,0,0
tmqm_9855,Ir,8,26,7,0.2692,0,0.05,-1.9285,1.0,0,0,0
tmqm_9856,Rh,6,26,7,0.2692,0,0.05,-0.116,1.0,0,0,0
tmqm_9857,Ir,6,29,15,0.5172,0,0.0667,-2.9186,1.0,0,0,0
tmqm_9858,Rh,5,27,11,0.4074,0,0.0588,0.7379,1.0,0,0,0
tmqm_9859,Ir,6,26,12,0.4615,0,0.0667,-3.61,1.0,0,0,0
tmqm_9860,Ir,6,27,13,0.4815,0,0.0667,-2.2163,1.0,0,0,0
tmqm_9861,Ir,6,27,10,0.3704,0,0.0556,-2.9519,1.0,0,0,0
tmqm_9862,Ir,8,26,7,0.2692,0,0.05,-2.156,1.0,0,0,0
tmqm_9863,Ir,8,29,16,0.5517,0,0.0714,-1.308,1.0,1,0,0
tmqm_9864,Ir,9,26,8,0.3077,0,0.0526,-2.1074,1.0,0,0,0
tmqm_9865,Ir,6,16,12,0.75,0,0.2,0.2984,1.0,0,0,0
tmqm_9866,Rh,5,29,14,0.4828,0,0.0625,1.5015,1.0,0,0,0
tmqm_9867,Rh,5,29,14,0.4828,0,0.0625,0.5406,1.0,0,0,0
tmqm_9868,Rh,5,27,10,0.3704,0,0.0556,0.6552,1.0,0,0,0
tmqm_9869,Ir,8,27,7,0.2593,0,0.0476,-1.746,1.0,0,0,0
tmqm_9870,Rh,8,26,11,0.4231,0,0.0625,0.1794,1.0,0,0,0
tmqm_9871,Ir,8,26,11,0.4231,0,0.0625,-1.9319,1.0,0,0,0
tmqm_9872,Ir,6,29,11,0.3793,0,0.0526,-2.0576,1.0,0,0,0
tmqm_9873,Rh,5,16,4,0.25,0,0.0769,-0.3659,1.0,0,1,0
tmqm_9874,Ir,5,29,7,0.2414,0,0.0435,-2.8945,1.0,0,0,0
tmqm_9875,Ir,7,29,9,0.3103,0,0.0476,-1.4775,1.0,0,0,0
tmqm_9876,Rh,5,27,9,0.3333,0,0.0526,0.8378,1.0,0,0,0
tmqm_9877,Rh,4,29,18,0.6207,0,0.0833,1.4625,1.0,0,0,0
tmqm_9878,Rh,8,27,14,0.5185,0,0.0714,0.605,1.0,0,0,0
tmqm_9879,Rh,7,27,9,0.3333,0,0.0526,0.3306,1.0,0,0,0
tmqm_9880,Ir,6,26,10,0.3846,0,0.0588,-3.4108,1.0,0,0,0
tmqm_9881,Ir,9,27,3,0.1111,0,0.04,-3.1233,1.0,0,0,0
tmqm_9882,Rh,4,26,11,0.4231,0,0.0625,0.2615,1.0,0,0,0
tmqm_9883,Ir,6,29,11,0.3793,0,0.0526,-3.1157,1.0,0,0,0
tmqm_9884,Co,10,29,5,0.1724,0,0.04,0.4488,1.0,0,0,1
tmqm_9885,Ir,6,16,6,0.375,0,0.0909,-0.3042,1.0,0,0,0
tmqm_9886,Rh,5,27,12,0.4444,0,0.0625,0.9955,1.0,0,0,0
tmqm_9887,Rh,8,26,4,0.1538,0,0.0435,-0.3056,1.0,0,0,0
tmqm_9888,Co,4,29,13,0.4483,0,0.0588,0.5379,1.0,0,0,0
tmqm_9889,Rh,3,27,13,0.4815,0,0.0667,0.6335,1.0,0,0,0
tmqm_9890,Rh,6,26,10,0.3846,0,0.0588,0.2989,1.0,0,0,0
tmqm_9891,Co,5,27,10,0.3704,0,0.0556,0.4475,1.0,0,0,0
tmqm_9892,Ir,8,26,4,0.1538,0,0.0435,-2.6816,1.0,0,0,0
tmqm_9893,Ir,5,29,9,0.3103,0,0.0476,-3.0573,1.0,0,0,0
tmqm_9894,Ir,8,27,7,0.2593,0,0.0476,-1.745,1.0,0,0,0
tmqm_9895,Ir,6,29,13,0.4483,0,0.0588,-2.2773,1.0,0,0,0
tmqm_9896,Rh,8,26,8,0.3077,0,0.0526,0.5364,1.0,0,0,0
tmqm_9897,Ir,6,29,7,0.2414,0,0.0435,-2.2822,1.0,0,0,0
tmqm_9898,Ir,6,29,14,0.4828,0,0.0625,-2.4936,1.0,0,0,0
tmqm_9899,Ir,7,27,11,0.4074,0,0.0588,-1.3414,1.0,0,0,0
tmqm_9900,Rh,9,27,12,0.4444,0,0.0625,0.4665,1.0,0,0,0
tmqm_9901,Rh,4,27,7,0.2593,0,0.0476,0.3945,1.0,0,0,0
tmqm_9902,Co,5,26,6,0.2308,0,0.0476,0.0652,1.0,0,0,0
tmqm_9903,Ir,8,26,13,0.5,0,0.0714,-1.2851,1.0,0,0,0
tmqm_9904,Rh,4,27,12,0.4444,0,0.0625,0.3546,1.0,0,0,0
tmqm_9905,Co,6,29,8,0.2759,0,0.0455,-0.0011,1.0,0,0,0
tmqm_9906,Ir,5,29,15,0.5172,0,0.0667,-2.6568,1.0,0,0,0
tmqm_9907,Ir,8,26,7,0.2692,0,0.05,-1.4319,1.0,0,0,0
tmqm_9908,Co,10,29,18,0.6207,0,0.0833,1.0129,1.0,0,0,0
tmqm_9909,Ir,6,29,5,0.1724,0,0.04,-3.4005,1.0,0,0,0
tmqm_9910,Rh,6,27,11,0.4074,0,0.0588,0.7137,1.0,0,0,0
tmqm_9911,Ir,6,29,8,0.2759,0,0.0455,-2.7895,1.0,0,0,0
tmqm_9912,Rh,8,26,11,0.4231,0,0.0625,0.1188,1.0,0,0,0
tmqm_9913,Co,8,29,12,0.4138,0,0.0556,1.0069,1.0,0,0,0
tmqm_9914,Ir,6,27,11,0.4074,0,0.0588,-3.0714,1.0,0,0,0
tmqm_9915,Rh,4,29,15,0.5172,0,0.0667,1.345,1.0,1,0,0
tmqm_9916,Co,10,29,5,0.1724,0,0.04,0.3595,1.0,0,0,0
tmqm_9917,Rh,4,16,0,0.0,0,0.0588,-1.3479,1.0,0,0,0
tmqm_9918,Ir,8,26,6,0.2308,0,0.0476,-2.0784,1.0,0,1,0
tmqm_9919,Rh,6,29,18,0.6207,0,0.0833,1.8623,1.0,0,0,0
tmqm_9920,Co,6,29,4,0.1379,0,0.0385,0.2545,1.0,0,0,0
tmqm_9921,Co,5,27,7,0.2593,0,0.0476,0.3672,1.0,0,0,0
tmqm_9922,Ir,6,29,13,0.4483,0,0.0588,-3.0254,1.0,0,0,0
tmqm_9923,Rh,4,29,11,0.3793,0,0.0526,1.5678,1.0,0,0,0
tmqm_9924,Co,10,29,11,0.3793,0,0.0526,0.3776,1.0,0,0,0
tmqm_9925,Ir,8,26,9,0.3462,0,0.0556,-1.7365,1.0,0,0,0
tmqm_9926,Co,9,27,3,0.1111,0,0.04,0.3356,1.0,0,0,0
tmqm_9927,Rh,6,27,9,0.3333,0,0.0526,0.4084,1.0,0,0,0
tmqm_9928,Ir,6,29,6,0.2069,0,0.0417,-3.2181,1.0,0,0,0
tmqm_9929,Ir,8,26,13,0.5,0,0.0714,-0.806,1.0,0,0,0
tmqm_9930,Co,4,29,19,0.6552,0,0.0909,1.6804,1.0,0,0,0
tmqm_9931,Rh,6,27,4,0.1481,0,0.0417,-0.1068,1.0,0,0,0
tmqm_9932,Co,4,27,15,0.5556,0,0.0769,0.5489,1.0,0,0,0
tmqm_9933,Co,8,26,14,0.5385,0,0.0769,1.4841,1.0,0,0,0
tmqm_9934,Ir,6,29,13,0.4483,0,0.0588,-3.324,1.0,0,0,0
tmqm_9935,Rh,9,27,15,0.5556,0,0.0769,1.0632,1.0,0,0,1
tmqm_9936,Ir,6,29,10,0.3448,0,0.05,-3.0733,1.0,0,0,0
tmqm_9937,Rh,4,29,11,0.3793,0,0.0526,0.6134,1.0,0,0,0
tmqm_9938,Rh,5,26,11,0.4231,0,0.0625,0.1772,1.0,0,0,0
tmqm_9939,Rh,8,26,5,0.1923,0,0.0455,0.517,1.0,0,0,0
tmqm_9940,Rh,6,27,8,0.2963,0,0.05,0.2928,1.0,0,0,0
tmqm_9941,Ir,8,26,5,0.1923,0,0.0455,-2.7687,1.0,0,0,0
tmqm_9942,Co,15,14,7,0.5,0,0.125,1.5089,1.0,0,0,0
tmqm_9943,Co,6,29,12,0.4138,0,0.0556,0.4667,1.0,0,0,1
tmqm_9944,Ir,8,26,6,0.2308,0,0.0476,-1.7239,1.0,0,0,0
tmqm_9945,Ir,6,29,10,0.3448,0,0.05,-3.2361,1.0,0,0,0
tmqm_9946,Rh,6,27,6,0.2222,0,0.0455,-0.0033,1.0,1,0,0
tmqm_9947,Ir,8,26,6,0.2308,0,0.0476,-2.5176,1.0,0,0,0
tmqm_9948,Ir,6,29,7,0.2414,0,0.0435,-2.7502,1.0,0,0,0
tmqm_9949,Rh,4,27,15,0.5556,0,0.0769,0.5687,1.0,0,0,0
tmqm_9950,Co,4,27,12,0.4444,0,0.0625,0.9608,1.0,0,0,0
tmqm_9951,Ir,7,29,14,0.4828,0,0.0625,-1.3848,1.0,0,0,0
tmqm_9952,Rh,8,29,9,0.3103,0,0.0476,0.4681,1.0,0,0,0
tmqm_9953,Ir,7,26,12,0.4615,0,0.0667,-1.0561,1.0,0,0,0
tmqm_9954,Rh,7,29,9,0.3103,0,0.0476,0.7237,1.0,0,0,0
tmqm_9955,Rh,7,26,11,0.4231,0,0.0625,0.0934,1.0,0,0,0
tmqm_9956,Ir,6,29,7,0.2414,0,0.0435,-3.4203,1.0,0,0,0
tmqm_9957,Rh,6,26,3,0.1154,0,0.0417,-0.3267,1.0,0,0,0
tmqm_9958,Ir,8,26,11,0.4231,0,0.0625,-2.077,1.0,0,0,0
tmqm_9959,Ir,8,26,4,0.1538,0,0.0435,-2.7592,1.0,0,0,0
tmqm_9960,Co,8,27,8,0.2963,0,0.05,0.3171,1.0,0,0,0
tmqm_9961,Rh,8,27,10,0.3704,0,0.0556,0.7296,1.0,0,0,0
tmqm_9962,Ir,8,26,12,0.4615,0,0.0667,-1.3078,1.0,0,0,0
tmqm_9963,Rh,5,29,11,0.3793,0,0.0526,0.3938,1.0,1,0,0
tmqm_9964,Co,11,28,5,0.1786,0,0.0417,0.0971,1.0,0,0,1
tmqm_9965,Ir,8,26,11,0.4231,0,0.0625,-1.8376,1.0,0,0,0
tmqm_9966,Rh,8,27,7,0.2593,0,0.0476,0.355,1.0,0,0,0
tmqm_9967,Rh,8,26,6,0.2308,0,0.0476,0.2443,1.0,0,0,0
tmqm_9968,Ir,5,16,6,0.375,0,0.0909,-0.2623,1.0,0,0,0
tmqm_9969,Ir,8,26,7,0.2692,0,0.05,-2.2712,1.0,0,0,0
tmqm_9970,Ir,8,26,8,0.3077,0,0.0526,-1.463,1.0,0,0,0
tmqm_9971,Ir,8,27,8,0.2963,0,0.05,-2.0962,1.0,0,0,0
tmqm_9972,Rh,9,26,4,0.1538,0,0.0435,-0.1289,1.0,0,0,0
tmqm_9973,Rh,5,29,9,0.3103,0,0.0476,0.3937,1.0,0,0,0
tmqm_9974,Co,7,29,5,0.1724,0,0.04,0.4351,1.0,0,0,0
tmqm_9975,Ir,6,29,11,0.3793,0,0.0526,-2.8136,1.0,0,0,0
tmqm_9976,Ir,8,26,13,0.5,0,0.0714,-1.7192,1.0,0,0,0
tmqm_9977,Ir,7,27,13,0.4815,0,0.0667,-0.3648,1.0,0,0,0
tmqm_9978,Ir,6,29,14,0.4828,0,0.0625,-2.106,1.0,0,0,0
tmqm_9979,Co,4,29,3,0.1034,0,0.037,0.0262,1.0,0,0,0
tmqm_9980,Co,10,29,15,0.5172,0,0.0667,1.1184,1.0,0,0,0
tmqm_9981,Ir,4,25,12,0.48,0,0.0714,-1.8361,1.0,0,0,0
tmqm_9982,Co,9,29,5,0.1724,0,0.04,0.2461,1.0,0,0,0
tmqm_9983,Rh,8,27,8,0.2963,0,0.05,0.7875,1.0,0,0,0
tmqm_9984,Rh,4,29,12,0.4138,0,0.0556,1.9254,1.0,0,0,0
tmqm_9985,Rh,4,27,1,0.037,0,0.037,-0.5024,1.0,0,0,0
tmqm_9986,Ir,6,29,4,0.1379,0,0.0385,-2.7152,1.0,0,0,0
tmqm_9987,Ir,4,27,6,0.2222,0,0.0455,-3.303,1.0,0,0,0
tmqm_9988,Ir,6,29,6,0.2069,0,0.0417,-3.1758,1.0,0,0,0
tmqm_9989,Co,4,26,7,0.2692,0,0.05,-0.124,1.0,0,0,0
tmqm_9990,Ir,7,29,9,0.3103,0,0.0476,-1.2681,1.0,0,0,0
tmqm_9991,Ir,8,26,7,0.2692,0,0.05,-2.2968,1.0,0,0,1
tmqm_9992,Ir,8,26,13,0.5,0,0.0714,-1.1702,1.0,0,0,0
tmqm_9993,Ir,6,29,11,0.3793,0,0.0526,-3.1038,1.0,0,0,0
tmqm_9994,Co,10,27,13,0.4815,0,0.0667,0.4958,1.0,0,0,0
tmqm_9995,Ir,4,29,18,0.6207,0,0.0833,-1.8374,1.0,0,0,0
tmqm_9996,Co,4,26,14,0.5385,0,0.0769,1.5051,1.0,0,0,0
tmqm_9997,Ir,8,26,7,0.2692,0,0.05,-1.9226,1.0,0,0,0
tmqm_9998,Ir,8,26,2,0.0769,0,0.04,-2.478,1.0,0,0,0
tmqm_9999,Rh,8,26,8,0.3077,0,0.0526,0.2355,1.0,0,0,0
